/**
 * generated by fontconvert.py
 * name: bitter_10_italic
 * size: 10
 * mode: 2-bit  compressed: true
 * Command used: fontconvert.py bitter_10_italic 10 ../builtinFonts/source/Bitter/Bitter-Italic.ttf ../builtinFonts/source/ChareInk7/ChareInk7-Italic.ttf ../builtinFonts/source/NotoSymbols/NotoSansSymbols-Regular.ttf --additional-intervals 0x03BB,0x03BB --additional-intervals 0x0410,0x0414 --additional-intervals 0x0418,0x0418 --additional-intervals 0x041B,0x041B --additional-intervals 0x041D,0x0423 --additional-intervals 0x0425,0x0425 --additional-intervals 0x0427,0x0427 --additional-intervals 0x042B,0x042C --additional-intervals 0x042E,0x0432 --additional-intervals 0x0434,0x0435 --additional-intervals 0x0437,0x0437 --additional-intervals 0x043A,0x043A --additional-intervals 0x043D,0x043E --additional-intervals 0x0440,0x0440 --additional-intervals 0x0442,0x0442 --additional-intervals 0x0446,0x0446 --additional-intervals 0x044C,0x044C --additional-intervals 0x044E,0x044E --additional-intervals 0x2113,0x2113 --additional-intervals 0x2669,0x266F --font-include-intervals 1:0x03BB,0x03BB --font-include-intervals 1:0x0410,0x0414 --font-include-intervals 1:0x0418,0x0418 --font-include-intervals 1:0x041B,0x041B --font-include-intervals 1:0x041D,0x0423 --font-include-intervals 1:0x0425,0x0425 --font-include-intervals 1:0x0427,0x0427 --font-include-intervals 1:0x042B,0x042C --font-include-intervals 1:0x042E,0x0432 --font-include-intervals 1:0x0434,0x0435 --font-include-intervals 1:0x0437,0x0437 --font-include-intervals 1:0x043A,0x043A --font-include-intervals 1:0x043D,0x043E --font-include-intervals 1:0x0440,0x0440 --font-include-intervals 1:0x0442,0x0442 --font-include-intervals 1:0x0446,0x0446 --font-include-intervals 1:0x044C,0x044C --font-include-intervals 1:0x044E,0x044E --font-include-intervals 1:0x2113,0x2113 --font-include-intervals 2:0x2669,0x266F --2bit --compress --pnum --darken-aa --zopfli
 */
#pragma once
#include "EpdFontData.h"

static const uint8_t bitter_10_italicBitmaps[18702] = {
    0x95, 0x97, 0x01, 0x84, 0x65, 0x59, 0x7A, 0xC7, 0x7F, 0xF7, 0x9E, 0xEE, 0xB9, 0xD9, 0x39, 0xD9,
    0x3A, 0x8D, 0x26, 0xC9, 0xF6, 0x76, 0xDD, 0x45, 0x30, 0x66, 0xAB, 0xDE, 0x81, 0x41, 0xE1, 0xBC,
    0xBA, 0x27, 0x19, 0x00, 0x64, 0x41, 0x02, 0x44, 0x00, 0x31, 0x21, 0xDB, 0xE8, 0x50, 0x78, 0xDB,
    0x75, 0x66, 0x07, 0x8B, 0x21, 0x5B, 0x60, 0x61, 0x91, 0x46, 0x63, 0x52, 0x9B, 0xA4, 0x0B, 0x8D,
    0x17, 0xFB, 0xBA, 0xDF, 0xD9, 0x0C, 0x82, 0xC1, 0xDC, 0x98, 0xAC, 0x05, 0xB2, 0x07, 0x63, 0x22,
    0x3D, 0x98, 0x63, 0xDD, 0x64, 0xAF, 0x9E, 0x57, 0xEF, 0xE4, 0xAB, 0xD7, 0xAF, 0x6A, 0xBA, 0x69,
    0xC9, 0xAE, 0xFF, 0xF7, 0xFF, 0x1E, 0x55, 0xEF, 0x7F, 0xCE, 0xF7, 0xFD, 0xCF, 0xB9, 0xDF, 0xF5,
    0x5E, 0x0B, 0x5A, 0x60, 0xBC, 0x41, 0xC0, 0x2E, 0xB7, 0xD9, 0x03, 0xE0, 0x06, 0x0B, 0x01, 0x80,
    0x7B, 0x74, 0x90, 0x0F, 0xF2, 0x9D, 0x74, 0x96, 0xF0, 0xBC, 0xF1, 0x3A, 0x38, 0x03, 0x47, 0xBB,
    0x70, 0xB6, 0x87, 0x29, 0x25, 0xBE, 0xFE, 0xEC, 0x89, 0xAF, 0xFA, 0x47, 0xA8, 0x98, 0x37, 0xBC,
    0xF5, 0xA3, 0x4F, 0x29, 0x65, 0x85, 0x51, 0x91, 0x9D, 0x26, 0xB0, 0xAF, 0x9F, 0x4B, 0xC0, 0xA3,
    0x22, 0x2A, 0xA0, 0x2F, 0xBE, 0xA0, 0x86, 0xB6, 0x89, 0x3B, 0x3A, 0x7C, 0x5D, 0x47, 0xD4, 0x39,
    0x55, 0x49, 0xDC, 0x1A, 0x61, 0x75, 0x93, 0x99, 0x93, 0xA8, 0x86, 0xAE, 0xA4, 0x76, 0xED, 0x39,
    0x43, 0x82, 0xFB, 0xD4, 0x23, 0x77, 0xCD, 0x3F, 0x55, 0x69, 0x4F, 0xD6, 0x3D, 0x30, 0x86, 0x03,
    0xB3, 0xCF, 0xC1, 0xED, 0x23, 0x0E, 0xE7, 0x19, 0xFD, 0xC9, 0xCF, 0x3C, 0xC6, 0x66, 0xF6, 0xE7,
    0x07, 0x1C, 0x65, 0x47, 0x4E, 0x4E, 0xC5, 0x74, 0xA0, 0x7D, 0xCE, 0xBB, 0x1C, 0xC7, 0x9B, 0x00,
    0xDF, 0xFD, 0x14, 0x55, 0xCE, 0xD1, 0xD1, 0x61, 0xD8, 0x13, 0x82, 0xF1, 0xD0, 0x3C, 0x3B, 0xF5,
    0xAA, 0x94, 0xD0, 0x86, 0x19, 0x8E, 0x19, 0x0B, 0xE6, 0xC2, 0x81, 0x45, 0x95, 0xE9, 0x1E, 0xF6,
    0xB4, 0x05, 0xF0, 0x80, 0x3B, 0x38, 0xB8, 0x73, 0x06, 0xB0, 0xC7, 0x8C, 0xAC, 0x52, 0x13, 0xC5,
    0x35, 0x26, 0x4C, 0x71, 0x1B, 0xA1, 0x00, 0xB7, 0xC1, 0x3E, 0x46, 0x50, 0x01, 0xF4, 0x64, 0x1E,
    0x6D, 0xFF, 0x31, 0xDD, 0xC0, 0x6D, 0x30, 0x67, 0xB8, 0x5C, 0x63, 0xC2, 0x8C, 0x6F, 0xA1, 0xBC,
    0xF2, 0xBF, 0x9E, 0xFF, 0x75, 0x6A, 0xC3, 0xDF, 0xC4, 0x6F, 0x05, 0x6E, 0xC0, 0x01, 0xDC, 0x85,
    0x33, 0xC8, 0x94, 0x92, 0x4F, 0x9F, 0x9D, 0x90, 0xA8, 0x7A, 0xEA, 0x28, 0xC1, 0x35, 0x6B, 0xF7,
    0x0F, 0xCE, 0x58, 0x0E, 0xCB, 0x7C, 0x73, 0xB1, 0x00, 0xEE, 0x40, 0xA6, 0xEA, 0x37, 0x0E, 0x7B,
    0x34, 0xEC, 0xC0, 0x1E, 0x38, 0xB8, 0x0B, 0x19, 0x44, 0xF8, 0xDC, 0x7B, 0x30, 0x70, 0x1B, 0x1C,
    0xBC, 0x05, 0x5C, 0xA7, 0x2E, 0xC9, 0x3C, 0x1D, 0x2D, 0xB3, 0x29, 0x6E, 0x81, 0x1B, 0x71, 0x83,
    0x04, 0x8B, 0x91, 0x61, 0xA1, 0x72, 0xF7, 0x30, 0x9A, 0x35, 0x78, 0x78, 0xA3, 0x5E, 0xB5, 0xAB,
    0xE9, 0x9C, 0x91, 0x81, 0x4C, 0xAE, 0x72, 0x9D, 0x6E, 0x0D, 0xCB, 0x35, 0x37, 0xD1, 0xB2, 0xC2,
    0x4F, 0x86, 0x1D, 0xC6, 0xDF, 0x65, 0x0E, 0x03, 0x2A, 0x63, 0x22, 0xC7, 0xD4, 0x23, 0x56, 0x3E,
    0x4B, 0x5E, 0x96, 0xCC, 0x75, 0x54, 0xC9, 0xFA, 0xB3, 0x95, 0xC6, 0xBD, 0x8E, 0x83, 0x19, 0xD5,
    0x40, 0x09, 0x94, 0x9E, 0x2A, 0xC3, 0x20, 0x41, 0x95, 0xEF, 0xEA, 0xB4, 0x2C, 0x41, 0x8F, 0xC0,
    0x4D, 0x60, 0x05, 0xB5, 0xB0, 0x11, 0xB6, 0x33, 0x70, 0x73, 0xC8, 0x23, 0xAA, 0x1F, 0xD0, 0x21,
    0xB3, 0x4B, 0xA6, 0x2B, 0x65, 0x43, 0xEA, 0x04, 0xAA, 0x17, 0x46, 0xA8, 0x03, 0x40, 0x5D, 0x56,
    0xAA, 0x8C, 0x6A, 0xE3, 0x49, 0x13, 0xD1, 0xFF, 0x8E, 0x29, 0xF1, 0xFA, 0x5F, 0xE5, 0xCB, 0xFD,
    0x32, 0x2A, 0xBF, 0xD5, 0xF6, 0xCB, 0xE2, 0xF5, 0x08, 0xC2, 0xE5, 0x4A, 0x8D, 0xE8, 0x48, 0x0B,
    0x87, 0x30, 0x5D, 0x06, 0x29, 0xFD, 0x71, 0x95, 0xE7, 0x0C, 0x12, 0x0B, 0xF2, 0xEC, 0xCA, 0x0E,
    0x00, 0xA4, 0x2B, 0x89, 0xAC, 0x52, 0x12, 0x8D, 0xF1, 0x58, 0x70, 0x30, 0x52, 0x65, 0x54, 0xE2,
    0xC5, 0xBF, 0xFD, 0x25, 0x60, 0x13, 0x52, 0x4F, 0xB2, 0x3A, 0xB6, 0x3A, 0xB4, 0x3A, 0x3A, 0xF5,
    0x6C, 0xA0, 0x44, 0xFD, 0x8B, 0xA1, 0x65, 0xE1, 0x70, 0x8E, 0xD9, 0x94, 0xD1, 0xFE, 0x38, 0xEB,
    0xE2, 0xB9, 0x01, 0xD7, 0xA8, 0x4A, 0xAF, 0x9F, 0x0E, 0xAD, 0x5F, 0x1C, 0xE2, 0xA6, 0x9B, 0xE8,
    0xAA, 0x55, 0x5B, 0x56, 0xF5, 0x38, 0xC2, 0xE5, 0x1E, 0xC7, 0x74, 0x2B, 0xEC, 0x09, 0xD7, 0x69,
    0x05, 0x00, 0x00, 0x37, 0x59, 0x08, 0xA0, 0xF2, 0x4D, 0x6C, 0x22, 0x00, 0xC0, 0x35, 0xAC, 0xE0,
    0x36, 0x8E, 0x33, 0x00, 0x4E, 0x68, 0x53, 0x5D, 0xBC, 0x4D, 0x9C, 0xC3, 0xD2, 0xA3, 0x47, 0x58,
    0x06, 0x1A, 0x0F, 0x74, 0x25, 0xBF, 0x79, 0x7A, 0xFF, 0xB2, 0xD1, 0xF4, 0xCE, 0xE9, 0xC9, 0xD7,
    0xC0, 0x24, 0xEA, 0x35, 0xB4, 0x99, 0x3A, 0x63, 0x53, 0x73, 0x4E, 0x77, 0xC2, 0x01, 0xDC, 0x1A,
    0xBB, 0x35, 0x96, 0x96, 0x29, 0x63, 0xD3, 0x1B, 0xF6, 0x71, 0x2F, 0x95, 0x41, 0xF5, 0xF7, 0xD0,
    0x95, 0x54, 0x8D, 0x8C, 0x4D, 0x64, 0x6A, 0x9A, 0xF5, 0xCE, 0x5E, 0xFB, 0xE7, 0xC6, 0xB9, 0x1D,
    0x73, 0xF7, 0xEC, 0xB6, 0x39, 0xCB, 0x7B, 0x42, 0xB7, 0x7B, 0x96, 0x17, 0xEE, 0xD1, 0xF1, 0x2F,
    0x87, 0xA3, 0x3F, 0x68, 0x82, 0x03, 0xDA, 0x77, 0xEF, 0xA3, 0x4A, 0x82, 0x9B, 0x20, 0x2E, 0x7E,
    0x75, 0x21, 0xD4, 0x39, 0xE8, 0x09, 0x98, 0x5D, 0xD8, 0x37, 0xE0, 0x84, 0x8F, 0x84, 0xCF, 0x1E,
    0x6E, 0x9E, 0x65, 0x15, 0x75, 0x34, 0xD2, 0xBA, 0xF5, 0xB7, 0xFA, 0xD2, 0x77, 0xC3, 0x6B, 0xA7,
    0x0F, 0xD0, 0x65, 0x4D, 0x95, 0x2D, 0x75, 0x36, 0xBE, 0x4E, 0xC6, 0xAB, 0xBE, 0x45, 0xFD, 0x7C,
    0x81, 0x2A, 0x99, 0x46, 0x3E, 0x75, 0xB4, 0xE8, 0x60, 0x31, 0x17, 0xF4, 0xDF, 0xC3, 0xFE, 0x64,
    0xA4, 0x94, 0x1E, 0xEC, 0xA7, 0x54, 0xA5, 0xD0, 0xA4, 0x16, 0x13, 0x76, 0xB0, 0x7C, 0x8D, 0x29,
    0x30, 0x03, 0x16, 0xC0, 0xB8, 0xE5, 0x62, 0xCB, 0x43, 0xEE, 0xD0, 0x7E, 0x9E, 0x69, 0x4A, 0x80,
    0x1B, 0xF0, 0x7C, 0xEF, 0xE2, 0xAB, 0xDC, 0xC6, 0x3A, 0xAB, 0x54, 0x27, 0xC9, 0x7D, 0x95, 0x55,
    0xBC, 0x60, 0x9D, 0x1B, 0xA1, 0x8E, 0x2A, 0xE9, 0x20, 0x35, 0x07, 0x81, 0xEF, 0xB0, 0x9F, 0x5F,
    0xEC, 0x7D, 0x22, 0xDA, 0x53, 0xFF, 0x5C, 0xAB, 0x91, 0x6F, 0x7E, 0x75, 0xC7, 0x7F, 0xEE, 0xB7,
    0x75, 0x7F, 0x07, 0x1D, 0x41, 0x07, 0x30, 0xE1, 0xF7, 0x31, 0xDE, 0x61, 0x9F, 0xCE, 0x45, 0x3B,
    0x22, 0x5A, 0x44, 0xCB, 0x46, 0x2B, 0xBC, 0xD2, 0x0A, 0x37, 0xDA, 0xA7, 0x27, 0x2F, 0x68, 0x85,
    0x1E, 0xEC, 0x09, 0x94, 0x0C, 0x72, 0xA0, 0x48, 0xCF, 0xA1, 0x19, 0xB4, 0x54, 0xA4, 0xBC, 0x45,
    0xBD, 0xDC, 0x33, 0xA5, 0x1F, 0xB1, 0xCC, 0x99, 0xB0, 0x60, 0xCA, 0x21, 0x4E, 0x6A, 0x5E, 0xD1,
    0x94, 0xB4, 0xED, 0xB9, 0x96, 0xC2, 0xD7, 0xEA, 0x62, 0x77, 0x46, 0xEA, 0xCC, 0x40, 0x9D, 0xC8,
    0xA8, 0x9E, 0x2C, 0xD5, 0xFF, 0xA9, 0xA4, 0xB2, 0xA9, 0xFF, 0xCF, 0x12, 0xD2, 0x7C, 0x8F, 0x0E,
    0x2A, 0x62, 0x36, 0x49, 0xCE, 0x0D, 0x1B, 0xDA, 0x9E, 0x92, 0xBA, 0x41, 0x96, 0xD2, 0xEB, 0x2A,
    0xD7, 0xB9, 0x4E, 0xAA, 0x57, 0x51, 0xC5, 0x26, 0xEA, 0xA8, 0x37, 0x36, 0xD9, 0x50, 0x12, 0xA7,
    0x27, 0x94, 0x1E, 0x0B, 0x13, 0x98, 0x6E, 0xC2, 0xC1, 0x6C, 0x13, 0x73, 0x18, 0x61, 0x80, 0x2C,
    0xB1, 0x7D, 0x28, 0xBF, 0x1B, 0x59, 0x02, 0xC8, 0xB2, 0xAF, 0x7F, 0xA0, 0xCF, 0xDB, 0x51, 0xDC,
    0x09, 0x75, 0x6E, 0xA9, 0x93, 0xDB, 0x8C, 0x15, 0xF5, 0x9F, 0x09, 0x55, 0x22, 0xCD, 0x2F, 0x7A,
    0xF4, 0xBF, 0x64, 0x74, 0x18, 0x30, 0x61, 0x81, 0xF1, 0x53, 0x6C, 0xB0, 0xBE, 0x24, 0xD3, 0xBF,
    0x76, 0x8A, 0x5E, 0x53, 0x65, 0x6A, 0x89, 0xC4, 0x66, 0xC0, 0x5C, 0xCE, 0x18, 0x89, 0x20, 0x82,
    0xB7, 0x8C, 0xBF, 0x63, 0x9F, 0x66, 0xE9, 0xF1, 0xB5, 0x07, 0xBC, 0xF6, 0x40, 0xAF, 0x68, 0x73,
    0xB5, 0xA2, 0x0B, 0xF5, 0x9A, 0xA5, 0xAF, 0xBF, 0xA8, 0x0A, 0xEA, 0x63, 0xF5, 0xB1, 0xA4, 0xF7,
    0xFF, 0x04, 0xF5, 0xD1, 0xC7, 0xBB, 0x34, 0xEF, 0xAD, 0x26, 0xE8, 0xB7, 0x87, 0x29, 0xBA, 0xCE,
    0x0E, 0x83, 0x97, 0x04, 0x0E, 0xEB, 0xAB, 0xC7, 0x94, 0x5E, 0x15, 0x59, 0xA7, 0x12, 0x57, 0x57,
    0x75, 0xA1, 0x3A, 0xE7, 0x08, 0xF9, 0x7C, 0x44, 0xFD, 0x4B, 0x1E, 0xC9, 0x2A, 0x21, 0xA3, 0xFE,
    0x35, 0x4A, 0xFA, 0x30, 0x65, 0x9A, 0xEF, 0xE7, 0x84, 0xF6, 0xFF, 0x7D, 0x91, 0x9E, 0xF4, 0x18,
    0xBA, 0xF8, 0x3C, 0x59, 0xDF, 0x46, 0x4A, 0x34, 0x01, 0xDA, 0xED, 0xA5, 0xCE, 0xAD, 0x78, 0xA9,
    0xA3, 0x45, 0xF5, 0x53, 0xE1, 0x4C, 0xB8, 0x10, 0x8E, 0x34, 0x71, 0x44, 0xC7, 0xF9, 0xA6, 0x79,
    0xCB, 0x21, 0x8F, 0xE5, 0x80, 0x87, 0x17, 0x2E, 0xF5, 0xFD, 0x57, 0x3C, 0x50, 0x06, 0x15, 0xAD,
    0x70, 0x45, 0x53, 0x32, 0xFA, 0xA9, 0x7F, 0xF5, 0xE5, 0x7A, 0x69, 0xEF, 0xE6, 0xB7, 0xDB, 0xDB,
    0x02, 0x4D, 0xFA, 0x0B, 0x28, 0x19, 0xDA, 0xB0, 0x7D, 0xB8, 0x90, 0x3A, 0xBC, 0xD4, 0x11, 0xAE,
    0x1E, 0xEC, 0xFE, 0x1E, 0xAA, 0x8C, 0xA2, 0x89, 0x72, 0x8C, 0x09, 0x1D, 0x32, 0x26, 0x8C, 0x18,
    0x3F, 0x93, 0x3A, 0xA6, 0x94, 0xDC, 0x81, 0xFD, 0x54, 0xCA, 0x50, 0xFD, 0xAE, 0x0E, 0x5F, 0x37,
    0xE1, 0x77, 0x74, 0xA4, 0x39, 0xA7, 0x2A, 0x3D, 0x6D, 0x86, 0xF1, 0x06, 0x8B, 0x03, 0xE6, 0x07,
    0x0C, 0xDD, 0xC3, 0xD4, 0x15, 0x8F, 0xE7, 0xCD, 0xD3, 0xD3, 0xAE, 0x94, 0xBB, 0x6E, 0xE7, 0xCC,
    0xED, 0x30, 0xBB, 0xC6, 0xE2, 0x15, 0x57, 0xAC, 0x4E, 0x34, 0x03, 0xDD, 0x39, 0x6F, 0xDE, 0xFF,
    0xC6, 0x07, 0x5D, 0x6E, 0x47, 0x13, 0xD4, 0x66, 0x12, 0x19, 0xF4, 0x05, 0x43, 0x8B, 0xF1, 0x56,
    0x78, 0x88, 0x61, 0x4A, 0x8B, 0xC3, 0x0A, 0x0F, 0x05, 0x0B, 0x5A, 0x69, 0x52, 0x97, 0x08, 0x37,
    0xE0, 0x9D, 0xFB, 0xDF, 0x78, 0xB0, 0xCC, 0x76, 0x10, 0xAD, 0x98, 0x64, 0x30, 0x61, 0x17, 0x1D,
    0x9D, 0xF0, 0x88, 0x26, 0x66, 0xD4, 0xCF, 0x12, 0xEA, 0x93, 0x28, 0xF7, 0x35, 0x50, 0x7F, 0x01,
    0xF5, 0x1A, 0xAA, 0x15, 0x30, 0x02, 0x20, 0xFA, 0xD7, 0x39, 0x0D, 0xCB, 0x64, 0xAB, 0x22, 0xEA,
    0x0E, 0x87, 0x61, 0xC9, 0x11, 0x86, 0xE2, 0x33, 0xE6, 0x8F, 0xBE, 0xF0, 0x09, 0xF3, 0xF6, 0x47,
    0xDF, 0x8F, 0xE8, 0x1F, 0xBC, 0xFF, 0x9E, 0xE4, 0xF7, 0x9B, 0x8F, 0x3C, 0xCD, 0xDF, 0xCA, 0x9D,
    0xA4, 0xF9, 0x07, 0xF5, 0x1F, 0xA0, 0x56, 0x6A, 0x05, 0x6A, 0xD8, 0xE4, 0x5C, 0x0F, 0xA0, 0xFA,
    0x3A, 0x03, 0x00, 0xD4, 0xA7, 0x7F, 0x7C, 0xAA, 0xCA, 0xDB, 0x6B, 0x66, 0x64, 0x0E, 0x55, 0xA4,
    0x35, 0x60, 0xFE, 0x11, 0x9A, 0x11, 0x54, 0x06, 0x2D, 0xDC, 0x5D, 0xC1, 0xCC, 0x41, 0xB6, 0x5C,
    0xB8, 0xD0, 0x86, 0xB6, 0x3F, 0x4E, 0xCB, 0xFC, 0xCE, 0xFD, 0x77, 0x4E, 0x96, 0x69, 0x19, 0x0D,
    0x13, 0x4C, 0x70, 0xCF, 0xFB, 0x91, 0x43, 0xAA, 0xA5, 0x9F, 0xAA, 0x00, 0xEB, 0x17, 0x46, 0xEB,
    0x00, 0x64, 0xA8, 0x47, 0x30, 0x6B, 0x2E, 0x27, 0x62, 0x30, 0x58, 0xE4, 0x14, 0xA0, 0x1A, 0x40,
    0x25, 0x30, 0x01, 0x3A, 0x60, 0x01, 0x55, 0x86, 0xA6, 0x07, 0x13, 0xBE, 0xC9, 0x21, 0x7B, 0xAC,
    0x4F, 0x17, 0x9B, 0x89, 0x58, 0x17, 0x94, 0x44, 0xDC, 0x44, 0xA0, 0x09, 0x68, 0x8F, 0x06, 0x73,
    0x19, 0xBB, 0xB0, 0xBF, 0x09, 0x77, 0x19, 0x47, 0xF0, 0x3D, 0xCF, 0x32, 0x02, 0xDC, 0xE1, 0x2D,
    0x0E, 0x04, 0x4E, 0xB0, 0x27, 0xF8, 0x26, 0xB7, 0xD9, 0x11, 0x18, 0x81, 0x16, 0x34, 0x34, 0x5E,
    0xF9, 0xAA, 0x50, 0x97, 0xFF, 0x73, 0x41, 0x89, 0x47, 0x90, 0x2F, 0x23, 0x51, 0x25, 0x7E, 0xAF,
    0xDF, 0x6E, 0x02, 0x30, 0x81, 0x63, 0xF8, 0xD2, 0xAB, 0x0F, 0x63, 0xF3, 0x5E, 0x34, 0x75, 0x72,
    0xC8, 0xBB, 0xF8, 0x83, 0xE3, 0x32, 0xC2, 0x1B, 0x74, 0xE8, 0x28, 0x0A, 0xB8, 0x0E, 0x65, 0xA5,
    0xFE, 0x67, 0x65, 0xC2, 0xCC, 0x32, 0x9F, 0x32, 0x38, 0x86, 0x59, 0x95, 0x67, 0x2A, 0x3B, 0x9D,
    0xBB, 0xC7, 0x83, 0xF9, 0xD5, 0x0A, 0x00, 0xDA, 0x5E, 0x24, 0x57, 0x33, 0xCA, 0xEB, 0x1F, 0x66,
    0xF3, 0x64, 0x65, 0x92, 0x33, 0xD1, 0x19, 0x5C, 0x8B, 0x9B, 0x30, 0x9B, 0x30, 0x4E, 0xEB, 0x7C,
    0xF8, 0x30, 0x76, 0x6B, 0xD8, 0x2E, 0x9E, 0x9A, 0xCF, 0xB2, 0xF1, 0x79, 0xC2, 0x77, 0xDC, 0xE5,
    0x58, 0x75, 0x30, 0x05, 0xFB, 0x50, 0x86, 0x3B, 0x78, 0x00, 0x28, 0x70, 0x6F, 0x3B, 0x7F, 0xAF,
    0xBB, 0xDF, 0xA8, 0xA4, 0xEB, 0x54, 0xA5, 0xBF, 0x5C, 0x3C, 0x4F, 0x6F, 0xF5, 0xDD, 0x5A, 0x6C,
    0xDE, 0x3A, 0x64, 0x7F, 0x1C, 0x75, 0xF1, 0x00, 0x5C, 0x03, 0x4A, 0x40, 0x7D, 0x06, 0x7A, 0x3B,
    0x44, 0x0C, 0xB0, 0x5C, 0x09, 0x1F, 0xC0, 0x84, 0xE7, 0x9C, 0x02, 0x6E, 0xCB, 0xCB, 0x37, 0xD4,
    0xFC, 0xEA, 0xEA, 0x6C, 0x58, 0x27, 0xB0, 0x11, 0x8E, 0xF9, 0x7F, 0x8D, 0x7B, 0x92, 0xCC, 0xAF,
    0x12, 0xF5, 0x66, 0xA8, 0xEB, 0xF0, 0x64, 0xC9, 0xF1, 0xB8, 0x35, 0xB1, 0x79, 0xC9, 0xC4, 0xE1,
    0xC2, 0xC4, 0x7E, 0x26, 0x8B, 0x18, 0x16, 0x2D, 0xF3, 0x09, 0xC3, 0x45, 0x33, 0x64, 0x57, 0x8D,
    0xAE, 0x3A, 0x07, 0x9A, 0x60, 0xA2, 0xF6, 0x00, 0x85, 0x63, 0x26, 0x1C, 0x5E, 0xFD, 0x54, 0x98,
    0xF3, 0x98, 0x02, 0xA0, 0x3D, 0x26, 0x48, 0xE6, 0xCA, 0xCA, 0x0E, 0x26, 0x70, 0x08, 0x53, 0xB8,
    0xB2, 0x7D, 0x2E, 0xF1, 0xD5, 0x9C, 0xA9, 0x13, 0x36, 0x72, 0xFC, 0x8A, 0xB3, 0x45, 0xBF, 0xB7,
    0x36, 0xEF, 0x0E, 0xE6, 0xED, 0x68, 0xB4, 0x37, 0x85, 0xB6, 0x30, 0x31, 0x4C, 0x74, 0x98, 0x36,
    0xD1, 0xA9, 0xE4, 0xEA, 0x11, 0x51, 0xE8, 0xA8, 0x04, 0xCD, 0xF6, 0x35, 0x6A, 0x30, 0xB4, 0x4C,
    0x04, 0x53, 0x0E, 0xE9, 0x02, 0x50, 0x71, 0x83, 0x62, 0xFF, 0x6D, 0xCD, 0xBD, 0x2F, 0x7F, 0xFD,
    0xD0, 0xDB, 0x77, 0x57, 0xC6, 0x77, 0xD5, 0x20, 0x43, 0xAB, 0xCA, 0x06, 0x57, 0x27, 0x49, 0xAA,
    0x6F, 0x99, 0xA9, 0x68, 0x99, 0xAB, 0x38, 0x41, 0x52, 0xE7, 0x87, 0x26, 0x76, 0x11, 0x00, 0x2A,
    0x91, 0xA7, 0x7B, 0x5F, 0x66, 0x1B, 0x73, 0x47, 0x3E, 0x44, 0x3C, 0xC9, 0xA2, 0x9B, 0xD5, 0x69,
    0xAE, 0xFA, 0xB9, 0x4A, 0x83, 0x1A, 0x01, 0xAE, 0x5D, 0xDD, 0x03, 0x71, 0x6F, 0x36, 0x65, 0xE6,
    0x58, 0x38, 0xE6, 0x8E, 0x41, 0xEE, 0xA2, 0xFD, 0xBB, 0xA8, 0xD7, 0x6C, 0xEF, 0x81, 0x5A, 0x2D,
    0x43, 0xF5, 0xD3, 0x2F, 0x22, 0x4B, 0x95, 0x58, 0xD5, 0x89, 0x51, 0x98, 0x55, 0x2F, 0x8C, 0x55,
    0xD6, 0xB1, 0x4E, 0xAD, 0xAF, 0x9F, 0x9D, 0xA3, 0x4A, 0xBA, 0xFA, 0x11, 0xD0, 0x08, 0x6D, 0x82,
    0x6E, 0xF8, 0x0D, 0xCF, 0xFC, 0xEA, 0x45, 0x2E, 0xAA, 0x2E, 0x6F, 0x9A, 0xF0, 0xF7, 0x0A, 0xF6,
    0x23, 0x3A, 0x38, 0x7C, 0xD5, 0x71, 0x70, 0x13, 0x55, 0x7A, 0xF3, 0xA3, 0xDE, 0x56, 0xD1, 0x82,
    0x49, 0xA8, 0x35, 0x58, 0x7F, 0x43, 0x87, 0x33, 0x1D, 0xFE, 0xF9, 0x98, 0xB2, 0xA2, 0x82, 0xBA,
    0xBF, 0x30, 0xBC, 0x2B, 0xDF, 0xFE, 0xAF, 0x17, 0x2D, 0xB7, 0xB4, 0x0F, 0xCC, 0x08, 0x40, 0x61,
    0xBC, 0xC7, 0x70, 0x48, 0x9E, 0x6E, 0xAD, 0x92, 0xC2, 0xD2, 0xBC, 0xE9, 0x17, 0x26, 0xDE, 0xFB,
    0x69, 0xEA, 0x3E, 0x19, 0x01, 0xE0, 0x5E, 0x5D, 0x2C, 0xA3, 0x21, 0x9B, 0x2A, 0xC9, 0x19, 0xEB,
    0x1F, 0x84, 0xE6, 0x87, 0xC8, 0xAC, 0x56, 0x2B, 0xD4, 0xC8, 0x57, 0xC3, 0x99, 0x63, 0x86, 0xAE,
    0xB7, 0xF5, 0x28, 0x5B, 0xA9, 0xD1, 0x60, 0x9A, 0xF9, 0x3E, 0xC6, 0x38, 0x87, 0xD9, 0x71, 0x77,
    0x31, 0x7B, 0x2E, 0xA3, 0x8F, 0x5C, 0x42, 0xE7, 0x49, 0xA4, 0xC9, 0x36, 0xD0, 0xF4, 0xF6, 0x4A,
    0x0D, 0x26, 0xB6, 0x41, 0x9C, 0x81, 0x9C, 0x61, 0xD9, 0x43, 0x17, 0x84, 0xC0, 0xD2, 0x53, 0x7D,
    0x1E, 0x51, 0x1F, 0xF6, 0xB4, 0xF5, 0xC0, 0x63, 0xCE, 0x01, 0x90, 0x25, 0x72, 0x9D, 0x4D, 0x20,
    0x1B, 0x18, 0x76, 0x61, 0xEE, 0xE0, 0xE8, 0x08, 0x5C, 0x86, 0x69, 0x82, 0x2E, 0x82, 0x0D, 0xD0,
    0x02, 0x13, 0xC0, 0x01, 0x23, 0x7C, 0x3B, 0x41, 0xE7, 0x01, 0x68, 0xCA, 0x4A, 0x9F, 0x0E, 0x5A,
    0x25, 0x74, 0xC4, 0xC2, 0x0C, 0x32, 0xAA, 0xC7, 0x84, 0x64, 0x4F, 0x53, 0x57, 0x7A, 0x2C, 0xEB,
    0x3A, 0xA9, 0xF8, 0x1C, 0x8D, 0xD8, 0x78, 0x8F, 0x05, 0x13, 0x0C, 0xBB, 0x92, 0xF7, 0x71, 0x82,
    0x43, 0xDA, 0x08, 0xF5, 0xC5, 0x37, 0x42, 0xE3, 0x1B, 0xAF, 0x31, 0x82, 0x1D, 0xC1, 0x6D, 0xF6,
    0x70, 0x1B, 0x1C, 0x70, 0x97, 0x33, 0x01, 0x30, 0xC2, 0x63, 0x98, 0x48, 0xBC, 0x3C, 0xA4, 0x25,
    0x3A, 0xB0, 0x30, 0x87, 0xBC, 0x8D, 0xEA, 0x6A, 0x26, 0x44, 0x8E, 0xE1, 0x06, 0xE8, 0x74, 0xCD,
    0xAE, 0x17, 0x7F, 0xD8, 0x66, 0xE0, 0x7F, 0x01, 0xAD, 0x98, 0x01, 0x84, 0x65, 0xD7, 0x19, 0xC7,
    0x7F, 0xF7, 0x9C, 0xD9, 0xB9, 0x49, 0xCF, 0xEE, 0x9C, 0x45, 0x42, 0x74, 0x67, 0xE7, 0x06, 0x8B,
    0xB5, 0x9D, 0x79, 0x37, 0x18, 0x3A, 0xB8, 0xEF, 0xDD, 0x93, 0x14, 0x41, 0x90, 0x41, 0x03, 0xD0,
    0x06, 0x50, 0x83, 0xEE, 0x88, 0xC5, 0x54, 0xDF, 0xCE, 0xDC, 0xA6, 0x80, 0x20, 0x03, 0x40, 0xD0,
    0xC1, 0x22, 0xA6, 0xDA, 0x0C, 0xB6, 0xBC, 0xEA, 0xDB, 0x9D, 0x23, 0x83, 0x60, 0x69, 0xAF, 0x6E,
    0x03, 0x4A, 0x7B, 0x2A, 0x91, 0xB0, 0x8B, 0x3D, 0xDD, 0xDC, 0x6D, 0x6F, 0x36, 0x6F, 0xDE, 0xE9,
    0xC9, 0xBE, 0xD9, 0xB1, 0xAA, 0x56, 0x9F, 0x9D, 0x7B, 0xFE, 0xFF, 0x63, 0xAE, 0x7B, 0xFF, 0xFF,
    0xF3, 0x9D, 0xF3, 0xF9, 0xBE, 0x6B, 0x9E, 0xB4, 0xCA, 0x0A, 0x03, 0xA0, 0xD0, 0x68, 0xE6, 0x58,
    0x60, 0x89, 0x2E, 0x05, 0x05, 0x7D, 0x98, 0x81, 0xF9, 0x08, 0xB8, 0x59, 0xA5, 0xC1, 0x69, 0xE3,
    0x7A, 0xD8, 0x02, 0xFA, 0xB0, 0x01, 0x7D, 0x28, 0x84, 0xC9, 0x43, 0x95, 0xB6, 0x24, 0x16, 0x61,
    0x49, 0x0C, 0xA4, 0x63, 0x43, 0x19, 0x2C, 0x43, 0x59, 0xD1, 0x48, 0x83, 0x87, 0x48, 0x66, 0x1F,
    0x18, 0xB2, 0x50, 0x93, 0x78, 0x22, 0x41, 0x38, 0x22, 0xCF, 0x20, 0xED, 0x3C, 0xD9, 0x9D, 0x21,
    0x5B, 0x61, 0x04, 0x70, 0x86, 0x79, 0xBD, 0xDF, 0xA6, 0x5F, 0x3A, 0x65, 0xBC, 0xC6, 0xEB, 0xC4,
    0x69, 0x69, 0xF3, 0x50, 0xFF, 0x6C, 0xE0, 0xCF, 0xC2, 0xDA, 0xF6, 0x6E, 0xB5, 0x5F, 0x87, 0x2A,
    0xA3, 0x40, 0x73, 0x1D, 0x55, 0x79, 0xD2, 0x03, 0x8B, 0xBC, 0x65, 0x10, 0xF7, 0xA0, 0x0C, 0x1E,
    0x80, 0xB5, 0xDD, 0x6D, 0xD6, 0x1E, 0x56, 0x24, 0x1E, 0xD2, 0x06, 0xB2, 0x11, 0x08, 0x2B, 0xAD,
    0xAC, 0x52, 0xA3, 0xCC, 0x64, 0xA7, 0x00, 0xF0, 0x12, 0x05, 0x05, 0x2B, 0x71, 0x5C, 0x61, 0x2F,
    0x0E, 0x20, 0x77, 0x8C, 0x5B, 0xE9, 0x96, 0xA5, 0x3D, 0x2B, 0x6B, 0x92, 0x16, 0x11, 0x50, 0x6F,
    0x58, 0x2D, 0x5C, 0x86, 0xD7, 0xAF, 0xBA, 0xF4, 0x4B, 0x4B, 0x80, 0x1C, 0xB4, 0xB9, 0xA0, 0xCD,
    0x72, 0xC6, 0xD6, 0x21, 0x51, 0x74, 0x71, 0xB1, 0x28, 0x56, 0x2E, 0x72, 0xEE, 0x6B, 0x60, 0xFC,
    0x91, 0x25, 0xB5, 0x78, 0x74, 0xB2, 0x5A, 0xB0, 0xA8, 0x0F, 0xE7, 0x58, 0xE9, 0x9E, 0xD1, 0x2C,
    0x17, 0x33, 0x8A, 0x2B, 0x1B, 0xC4, 0x69, 0x05, 0xC5, 0x4A, 0x81, 0xA6, 0xC8, 0x7E, 0x33, 0xC7,
    0xF9, 0xF4, 0xF3, 0x45, 0xB4, 0xE1, 0x3A, 0xF2, 0xF3, 0xB4, 0x86, 0xAD, 0x31, 0x80, 0x01, 0x6E,
    0xEE, 0xC8, 0xBB, 0x4E, 0xBF, 0x56, 0x67, 0xD2, 0x2E, 0x45, 0x28, 0xDB, 0xC9, 0xAC, 0xFE, 0xB7,
    0x13, 0xAF, 0x1A, 0xA0, 0x0C, 0xF6, 0xD2, 0x6E, 0x05, 0x50, 0xD7, 0xF2, 0xC0, 0xEA, 0x37, 0x4D,
    0xA7, 0x43, 0x51, 0xD0, 0xED, 0xA2, 0x75, 0x8C, 0xDA, 0x08, 0x01, 0xB0, 0x1F, 0xFC, 0xDA, 0xAE,
    0x87, 0x09, 0x1C, 0xD4, 0xAC, 0x81, 0xBA, 0xE3, 0x59, 0x8C, 0xE3, 0x9D, 0xF0, 0x06, 0xEE, 0xCF,
    0x07, 0xD4, 0xB7, 0x0F, 0x8C, 0x0D, 0xB2, 0xAA, 0x6F, 0x4B, 0x13, 0xEF, 0x79, 0xC7, 0xFF, 0x8D,
    0x18, 0x3C, 0x2A, 0x4A, 0xD9, 0x85, 0x4B, 0xD7, 0xCA, 0x16, 0x12, 0xA3, 0xDB, 0x62, 0x71, 0x65,
    0x7E, 0x79, 0xB1, 0x3B, 0xC8, 0x1C, 0x80, 0x06, 0x0D, 0x73, 0x9C, 0xFA, 0xE9, 0x0F, 0x75, 0x18,
    0x9D, 0xBA, 0xBA, 0x4A, 0x41, 0x04, 0x2B, 0x00, 0x2F, 0xBE, 0xB5, 0xBA, 0x15, 0xFC, 0x8B, 0x6F,
    0x19, 0x50, 0x23, 0x7D, 0xF9, 0xB4, 0x66, 0x89, 0x7E, 0xE2, 0x55, 0x55, 0x7E, 0x58, 0x8E, 0xD4,
    0xE1, 0xDC, 0xE5, 0xE7, 0x34, 0x4B, 0xB2, 0xA5, 0x60, 0xE9, 0x42, 0xBF, 0xF4, 0x20, 0x2A, 0x6D,
    0x37, 0x69, 0x00, 0xA0, 0xB4, 0xDD, 0xAC, 0xEA, 0x6A, 0x53, 0x68, 0x22, 0xFA, 0x19, 0x83, 0x8C,
    0xB6, 0x93, 0x34, 0x3D, 0xE9, 0xCB, 0xDF, 0x36, 0x65, 0x3B, 0x5E, 0x81, 0x0D, 0x18, 0x40, 0x03,
    0xD7, 0x21, 0xD9, 0xDD, 0xD5, 0x61, 0x9C, 0x37, 0xBE, 0xF4, 0x6E, 0xEB, 0x9F, 0x6E, 0xEB, 0x7E,
    0x5D, 0xDE, 0xB7, 0xD9, 0x67, 0x56, 0xDC, 0xB6, 0xE2, 0xC0, 0xCA, 0x4F, 0x2A, 0xF9, 0x89, 0x91,
    0xB7, 0x48, 0xDF, 0x8F, 0x40, 0xBD, 0x89, 0x9E, 0x63, 0xEB, 0x3C, 0x6B, 0x2F, 0x71, 0x76, 0x38,
    0x40, 0xA1, 0x6D, 0xE2, 0x5E, 0x74, 0x65, 0x95, 0x38, 0xED, 0x9E, 0xAF, 0x85, 0x15, 0x56, 0x3E,
    0x1A, 0xA5, 0xE7, 0x26, 0xE9, 0x5D, 0xAB, 0x45, 0xBD, 0x20, 0xDC, 0x92, 0xA8, 0x63, 0x26, 0x3A,
    0xAA, 0xD2, 0x63, 0x92, 0x1D, 0x80, 0x32, 0x70, 0x69, 0x17, 0xE0, 0xF4, 0xE9, 0xA3, 0x73, 0x8F,
    0xC9, 0x88, 0x50, 0xEF, 0x55, 0x0B, 0x0B, 0x6C, 0x6C, 0xF0, 0xF2, 0xCB, 0x48, 0x8B, 0xCB, 0xAD,
    0xA8, 0xBF, 0x6F, 0xD3, 0x4A, 0x56, 0x9A, 0xB4, 0x2A, 0x48, 0xCD, 0x75, 0x14, 0xAE, 0xD5, 0xF2,
    0xE3, 0x76, 0xFF, 0x96, 0xBA, 0xCE, 0xF9, 0xF3, 0x7B, 0xAC, 0x2C, 0x7B, 0xFC, 0x83, 0x46, 0xD8,
    0x30, 0x4A, 0x2B, 0x9C, 0x26, 0xA9, 0x81, 0xA7, 0xE8, 0xEF, 0x8D, 0xB4, 0xFC, 0xE3, 0xE6, 0xFE,
    0xAD, 0xD3, 0x0B, 0x9C, 0xA7, 0x60, 0x85, 0x01, 0x5E, 0x38, 0x61, 0xB5, 0x49, 0xAB, 0xDE, 0x35,
    0xCD, 0x56, 0x0B, 0xA0, 0x0E, 0x51, 0xE8, 0xCB, 0x2C, 0xF1, 0x9C, 0x66, 0x05, 0x96, 0xF0, 0xC8,
    0x56, 0x58, 0xE8, 0xA6, 0x06, 0x96, 0xE6, 0x74, 0x75, 0xA1, 0x5F, 0xE4, 0x55, 0xD9, 0xEC, 0xFD,
    0xDC, 0x90, 0xFC, 0xE3, 0xAF, 0x20, 0x0F, 0xDE, 0x07, 0xAD, 0x7F, 0x6C, 0x58, 0xD2, 0xC1, 0xB2,
    0xC1, 0x1C, 0x78, 0x16, 0x38, 0xBE, 0xB4, 0x89, 0xE0, 0x14, 0x00, 0x33, 0x30, 0x07, 0x4B, 0xD0,
    0x47, 0x78, 0xB4, 0xA5, 0x03, 0x05, 0x74, 0xA1, 0x0C, 0xA8, 0x16, 0x00, 0x44, 0x1D, 0x79, 0x08,
    0xE4, 0x40, 0x02, 0xFC, 0x04, 0x18, 0x81, 0x88, 0x94, 0x87, 0xA0, 0x3A, 0xA0, 0x17, 0x60, 0x49,
    0x43, 0x11, 0x79, 0x3D, 0xF2, 0xE1, 0x47, 0x46, 0x86, 0x50, 0x49, 0xAB, 0xBE, 0xDD, 0x91, 0xCD,
    0xCD, 0xB9, 0x3A, 0xD4, 0x65, 0x03, 0x00, 0xCA, 0xC0, 0x96, 0x41, 0x34, 0x00, 0x27, 0xE0, 0xD7,
    0x83, 0x24, 0x54, 0xA4, 0xBF, 0xAC, 0x01, 0xF3, 0x6C, 0x7E, 0x3B, 0xAB, 0xC8, 0x50, 0x33, 0xAB,
    0xCC, 0x33, 0xC7, 0x26, 0x3E, 0xB6, 0xC8, 0x83, 0x1A, 0xF1, 0x6E, 0x75, 0x32, 0xFB, 0xDC, 0x07,
    0x6E, 0x57, 0x24, 0x07, 0x06, 0xC6, 0xC0, 0xC6, 0x33, 0xF8, 0xED, 0xEE, 0xEE, 0x42, 0x08, 0x01,
    0x4A, 0xA7, 0xE1, 0xAB, 0x7A, 0x8E, 0xE4, 0x33, 0x0B, 0xB1, 0x00, 0x40, 0xBF, 0xFE, 0xA9, 0x61,
    0x41, 0x85, 0x9A, 0x42, 0xC5, 0xBF, 0xF6, 0x83, 0x21, 0x09, 0x01, 0xA4, 0xD5, 0x5C, 0x50, 0x55,
    0xC6, 0x72, 0x5E, 0x6D, 0xED, 0xFA, 0x50, 0x87, 0xE0, 0xC9, 0x3F, 0x27, 0x3E, 0x24, 0x75, 0x19,
    0xBA, 0x9A, 0x23, 0xE7, 0x79, 0xBA, 0x40, 0x1F, 0x18, 0x02, 0xED, 0x11, 0x87, 0x47, 0xEC, 0xB1,
    0x4E, 0x76, 0xD7, 0x93, 0x86, 0x0A, 0xF6, 0x80, 0x11, 0xB0, 0x00, 0xC9, 0x8F, 0x40, 0xB6, 0x00,
    0x93, 0x7B, 0xB2, 0x1A, 0x92, 0x16, 0x80, 0xD9, 0xDD, 0x5D, 0xA3, 0x42, 0x30, 0x89, 0x57, 0x08,
    0x9F, 0x22, 0x1C, 0xC8, 0x3A, 0x32, 0x06, 0x27, 0x83, 0x27, 0xFD, 0x74, 0x15, 0x65, 0x41, 0x55,
    0xA0, 0xAB, 0x97, 0xD0, 0xA6, 0x20, 0xBF, 0x33, 0x20, 0x84, 0xC7, 0x86, 0x1B, 0x13, 0xF3, 0xCC,
    0x9C, 0x8C, 0x9F, 0xF4, 0xA0, 0x5B, 0x28, 0x3A, 0x70, 0x76, 0xE6, 0xD9, 0xFC, 0xE6, 0xE7, 0xA1,
    0xD7, 0x83, 0xC5, 0xF9, 0x13, 0x88, 0x4D, 0x5A, 0xD9, 0x92, 0x13, 0x5D, 0xD4, 0x38, 0xF1, 0xC2,
    0x0B, 0x27, 0x6B, 0x69, 0xA5, 0x4D, 0xAD, 0xB2, 0xAA, 0xD2, 0x95, 0x36, 0x79, 0x15, 0x1C, 0x40,
    0x06, 0x37, 0x91, 0x6E, 0xB2, 0x24, 0x6A, 0x4C, 0xE2, 0x11, 0x11, 0x0E, 0x59, 0x23, 0x6D, 0x04,
    0xA9, 0x45, 0x45, 0x54, 0xE8, 0x08, 0x43, 0x5E, 0x31, 0x91, 0x32, 0x44, 0x06, 0xF4, 0xEB, 0x76,
    0x66, 0x4A, 0x6D, 0xFA, 0x03, 0xA3, 0xDE, 0xB3, 0x69, 0x6A, 0x98, 0x4E, 0x18, 0x5F, 0xBE, 0xC6,
    0xE4, 0x50, 0x32, 0x2B, 0xBC, 0x74, 0xC2, 0xC5, 0xB9, 0x4E, 0x1E, 0xB1, 0x0C, 0xC2, 0x9F, 0xFB,
    0x54, 0x78, 0x65, 0xA5, 0x53, 0x95, 0xB2, 0xFA, 0xD1, 0x36, 0x4B, 0xF2, 0xBB, 0x2D, 0x21, 0x6C,
    0x03, 0xDB, 0x06, 0x64, 0xB0, 0x30, 0x7B, 0x94, 0x7F, 0x66, 0xAF, 0x25, 0xF1, 0x94, 0x47, 0x22,
    0x90, 0x1C, 0xB2, 0x81, 0x08, 0x5C, 0x47, 0xFC, 0x3D, 0x4E, 0xF2, 0x4F, 0x95, 0x47, 0x7E, 0x62,
    0xE3, 0x74, 0xE0, 0x3C, 0xE9, 0xBB, 0xDE, 0xA1, 0xCC, 0x83, 0x6F, 0xA7, 0x9B, 0x35, 0x9A, 0xD2,
    0x4E, 0xA6, 0xDC, 0x64, 0x96, 0x10, 0xD7, 0x3A, 0xEE, 0xA9, 0x68, 0x0F, 0x0C, 0x01, 0x20, 0x3B,
    0xAA, 0x09, 0x9F, 0xC5, 0x60, 0x94, 0xCD, 0x91, 0x75, 0x37, 0xB2, 0x1F, 0x39, 0x8C, 0x6C, 0x49,
    0x6D, 0x8B, 0xB2, 0x03, 0x74, 0x35, 0x24, 0xA7, 0xC7, 0x8D, 0x18, 0x6E, 0x33, 0xA9, 0x89, 0xB3,
    0x00, 0x00, 0x05, 0x88, 0x11, 0xE8, 0xEA, 0xE4, 0x3C, 0x93, 0x06, 0xD4, 0x08, 0x3A, 0x1A, 0x48,
    0x9E, 0xDD, 0x73, 0xF6, 0x35, 0xC8, 0x02, 0x5C, 0xEC, 0x9F, 0x4C, 0x8C, 0x73, 0x73, 0x90, 0x65,
    0x70, 0x66, 0xEE, 0x44, 0xFC, 0x66, 0x30, 0x4B, 0xD2, 0x66, 0xDA, 0xA4, 0x87, 0x48, 0x4F, 0xDA,
    0x92, 0x77, 0x19, 0x6A, 0xDE, 0x9E, 0x05, 0x00, 0x58, 0x64, 0xF6, 0xF0, 0x0A, 0x65, 0x70, 0x8C,
    0x52, 0x27, 0xBD, 0xF2, 0xCA, 0xCE, 0x37, 0xBA, 0x5A, 0x6E, 0x35, 0xAE, 0xCD, 0x85, 0x6D, 0xF2,
    0x14, 0x9F, 0x9F, 0x11, 0x3E, 0x5F, 0x91, 0x2E, 0x8B, 0x4F, 0xB5, 0xCD, 0x8D, 0x7A, 0x78, 0x88,
    0x0E, 0x9E, 0x62, 0xE6, 0x89, 0x6C, 0xCD, 0x01, 0x99, 0x3B, 0x6E, 0x59, 0x97, 0x76, 0xBE, 0xFB,
    0x61, 0xE9, 0xB3, 0x56, 0x57, 0xF2, 0x51, 0xE7, 0xD5, 0xA8, 0x6F, 0x59, 0x65, 0x68, 0x93, 0x47,
    0xF6, 0xD0, 0x74, 0xC9, 0x28, 0xC8, 0x23, 0x7B, 0x71, 0x0C, 0xC9, 0x62, 0xE8, 0x2A, 0xD8, 0x27,
    0x4C, 0xFB, 0x20, 0x5B, 0xD0, 0xD5, 0xC9, 0x79, 0x0A, 0x0F, 0x7A, 0x74, 0xD4, 0xBA, 0x4E, 0xC0,
    0x73, 0xFE, 0xFC, 0xA4, 0x7D, 0xCD, 0xCF, 0x9F, 0xE0, 0xBE, 0x3D, 0xA8, 0xC8, 0x1E, 0x00, 0xAC,
    0xED, 0xAC, 0x6D, 0xEF, 0xBB, 0x7D, 0xAB, 0xE9, 0xA0, 0xAB, 0x82, 0xD4, 0x7A, 0xE4, 0xC7, 0x0E,
    0x71, 0xDB, 0x92, 0x04, 0x60, 0xFC, 0xC4, 0xB7, 0xA6, 0x01, 0x3C, 0x88, 0x16, 0xF4, 0xF8, 0xC9,
    0x36, 0xF3, 0x70, 0x5B, 0x84, 0x91, 0xAC, 0x7B, 0xD2, 0xE6, 0xD2, 0x76, 0x52, 0xDB, 0x55, 0x76,
    0xA4, 0x82, 0xD7, 0x63, 0x73, 0xD4, 0x66, 0x3C, 0x90, 0x00, 0xFB, 0x0D, 0xF2, 0xC1, 0x0D, 0x52,
    0xDB, 0x41, 0x9B, 0x2E, 0x9A, 0x21, 0xFB, 0xD2, 0xB1, 0xAF, 0x0D, 0x79, 0x06, 0x1D, 0x6D, 0xE8,
    0x6A, 0x4F, 0x57, 0x8C, 0x28, 0xD8, 0x8C, 0xEC, 0xD0, 0x5F, 0xEF, 0x31, 0xF8, 0xDD, 0x90, 0x76,
    0xDF, 0x3F, 0x0E, 0x20, 0x89, 0xCC, 0x6B, 0x28, 0x0D, 0xC7, 0xD7, 0x45, 0x28, 0x41, 0x59, 0x12,
    0x07, 0x70, 0x0A, 0x62, 0x44, 0xFF, 0x1A, 0xE9, 0xAA, 0x9F, 0x33, 0xE8, 0xD2, 0x14, 0x34, 0xFD,
    0xC4, 0xF7, 0xA5, 0x2F, 0x94, 0x2F, 0x6F, 0x34, 0xFA, 0xFE, 0x08, 0x80, 0xB7, 0x11, 0x1E, 0x6D,
    0x59, 0x62, 0x0A, 0x95, 0xAC, 0xC8, 0x6A, 0x36, 0x1A, 0xEA, 0xE5, 0x29, 0x54, 0xC0, 0xE6, 0x3C,
    0xA1, 0xE1, 0xD5, 0xED, 0x29, 0x54, 0xEB, 0x57, 0x68, 0x5B, 0xD6, 0xD7, 0xA7, 0x5B, 0x48, 0x3B,
    0x8A, 0x3D, 0x56, 0x3C, 0xB9, 0x25, 0xF9, 0xBF, 0x85, 0x2F, 0xB0, 0x8A, 0x0A, 0xEF, 0x8F, 0xD1,
    0x1F, 0x8C, 0x2F, 0x73, 0x46, 0xB4, 0xDA, 0xCC, 0x48, 0xAF, 0x0D, 0xB2, 0xDE, 0x64, 0x36, 0x84,
    0x86, 0xF2, 0xD7, 0x7F, 0x81, 0x7E, 0x6A, 0x61, 0xA0, 0x1D, 0x6C, 0xDE, 0xFC, 0x7A, 0x48, 0xE9,
    0xF6, 0x1B, 0x38, 0x3E, 0x3F, 0x97, 0x7E, 0x11, 0x25, 0xBE, 0xC3, 0x6A, 0x01, 0x11, 0x7D, 0x28,
    0xA0, 0x0B, 0xF9, 0x47, 0x46, 0x8D, 0xA1, 0x26, 0x69, 0xA0, 0x4F, 0xD2, 0x47, 0xF9, 0xC7, 0xA9,
    0xEB, 0x81, 0xB6, 0x24, 0xF5, 0xC4, 0x24, 0x09, 0xF5, 0x63, 0x13, 0xDF, 0x3D, 0x57, 0x97, 0x63,
    0xAE, 0x1A, 0x26, 0x6E, 0xF9, 0x07, 0x56, 0x05, 0x03, 0xC0, 0x0E, 0xD2, 0x93, 0x55, 0x74, 0x99,
    0x42, 0x95, 0x1A, 0x72, 0xCB, 0xEF, 0x3D, 0x76, 0x79, 0x0A, 0xD5, 0xDE, 0x1E, 0x4D, 0xC3, 0xCE,
    0xDE, 0x14, 0x12, 0xE6, 0x29, 0x51, 0x75, 0xE2, 0x00, 0x02, 0x5B, 0x74, 0xE8, 0x1D, 0xFF, 0x8E,
    0x30, 0xE0, 0x06, 0x01, 0x60, 0x5D, 0x34, 0xDA, 0x9E, 0xE7, 0x69, 0xEF, 0xA4, 0x26, 0xB3, 0x57,
    0xDD, 0xCE, 0xFA, 0xD3, 0xDE, 0xB9, 0xB2, 0xD7, 0x36, 0xEB, 0x7B, 0x4F, 0x5D, 0x09, 0x18, 0x17,
    0x5C, 0xF6, 0x68, 0xCF, 0x4A, 0x03, 0x1B, 0xAC, 0x15, 0x32, 0x8C, 0xB4, 0x1D, 0xE5, 0x0C, 0xBB,
    0xF4, 0x0B, 0x86, 0x7D, 0xDA, 0x3E, 0xBE, 0x90, 0xAE, 0xBC, 0x6C, 0xF5, 0x18, 0x0C, 0x00, 0x87,
    0xAF, 0x88, 0x7B, 0x3E, 0x11, 0x15, 0x40, 0x42, 0xC8, 0xDD, 0xE6, 0x37, 0x3E, 0xB7, 0xBE, 0xC4,
    0xF7, 0xF0, 0x45, 0xE2, 0x0B, 0xE1, 0xFA, 0xC2, 0x0D, 0x64, 0x3D, 0x90, 0xAE, 0x91, 0xED, 0xFF,
    0x2E, 0xC7, 0x99, 0xE3, 0x43, 0x1B, 0x74, 0xE8, 0x4F, 0x96, 0x2B, 0x18, 0x14, 0x34, 0x5D, 0xE1,
    0xF3, 0x5F, 0x59, 0x35, 0xE6, 0xBF, 0xCA, 0x71, 0x0A, 0x55, 0x3A, 0x29, 0x47, 0x4F, 0xBD, 0x3C,
    0x85, 0xEA, 0x89, 0x72, 0x9C, 0x42, 0x35, 0x29, 0xC7, 0xBD, 0xF5, 0x29, 0x24, 0x2F, 0x40, 0x1F,
    0x22, 0x00, 0xD8, 0x0A, 0xFE, 0xD2, 0xEE, 0x36, 0xC0, 0x2A, 0xC2, 0x47, 0x3C, 0xAE, 0x9C, 0x53,
    0xA7, 0x09, 0xAD, 0xFC, 0xA2, 0xD5, 0xBF, 0x18, 0x65, 0xB2, 0xDF, 0x3B, 0x53, 0x74, 0x2F, 0x16,
    0xDD, 0xF5, 0x61, 0xD7, 0xB6, 0xE5, 0x6B, 0x3E, 0xFB, 0xA0, 0xCE, 0x03, 0xAF, 0xC0, 0x2A, 0x00,
    0xAC, 0xC3, 0x08, 0x72, 0x83, 0xB4, 0x00, 0x10, 0x68, 0x37, 0x69, 0x7A, 0xF8, 0xEE, 0x51, 0x52,
    0x7C, 0x5F, 0xBA, 0x41, 0x5A, 0x0F, 0xB5, 0xDD, 0xFC, 0x83, 0x2B, 0x6F, 0xB7, 0x00, 0x89, 0x45,
    0xD5, 0x94, 0x86, 0x0D, 0xA6, 0x50, 0x7D, 0x07, 0xCA, 0x2A, 0xF9, 0xAA, 0x16, 0xD5, 0xCE, 0x14,
    0xAA, 0xBA, 0x16, 0xF7, 0x7D, 0x52, 0xD7, 0x53, 0x48, 0xB8, 0x08, 0x8C, 0x40, 0x7A, 0x50, 0x06,
    0x00, 0x80, 0xD4, 0xE7, 0x5E, 0x78, 0x5D, 0xE1, 0x35, 0x34, 0x0B, 0x30, 0x28, 0x60, 0x63, 0x03,
    0x0A, 0x0F, 0x5D, 0x07, 0xA5, 0x85, 0xBC, 0x82, 0x0C, 0xE8, 0x00, 0x05, 0xD0, 0xC2, 0xF7, 0x1C,
    0xC7, 0x5F, 0x88, 0xE4, 0x10, 0xB8, 0x0A, 0x14, 0x47, 0xEC, 0xCF, 0xC0, 0x20, 0xC0, 0x37, 0xF7,
    0x2C, 0x63, 0x69, 0x19, 0x45, 0x7A, 0x69, 0x93, 0x48, 0xE1, 0xD2, 0x48, 0x5D, 0xC9, 0x3A, 0x47,
    0xDE, 0x19, 0x21, 0x83, 0x23, 0xB5, 0x1C, 0xFF, 0x67, 0x90, 0x3B, 0xD8, 0xF2, 0x4C, 0x3E, 0xCB,
    0xDD, 0x1E, 0x2C, 0x2E, 0x9E, 0x58, 0xAC, 0xFF, 0x01, 0xAD, 0x98, 0x0B, 0x88, 0x1C, 0x47, 0x7A,
    0xC7, 0x7F, 0xDD, 0x25, 0xAB, 0xAD, 0x2D, 0xB4, 0xB5, 0x80, 0x03, 0x87, 0xE4, 0xA8, 0xCD, 0xDB,
    0xD8, 0xD2, 0xD4, 0x01, 0x0B, 0x2C, 0xA4, 0x67, 0xBA, 0xC2, 0xF1, 0x7E, 0xE4, 0x0C, 0xE4, 0xC1,
    0xF3, 0x38, 0xDE, 0x17, 0x03, 0xC9, 0x02, 0x0B, 0x2C, 0x61, 0xAC, 0x2D, 0x9F, 0x81, 0x00, 0x86,
    0xDC, 0xF2, 0x0A, 0x8F, 0x00, 0xB7, 0x80, 0x01, 0x65, 0x2F, 0x20, 0x25, 0x2C, 0x30, 0xE1, 0x46,
    0xDE, 0x8A, 0x03, 0x1C, 0x20, 0x82, 0x0B, 0x8C, 0x39, 0xE0, 0x20, 0xA9, 0x90, 0xC3, 0xE6, 0x24,
    0xC0, 0x15, 0xA5, 0x1D, 0x3A, 0xF6, 0x68, 0x2A, 0x3D, 0xB3, 0x4F, 0x8B, 0x45, 0xDE, 0xF1, 0x6E,
    0x4D, 0x7D, 0xDF, 0xF0, 0x68, 0xBE, 0xFF, 0xAF, 0xBE, 0xFA, 0xEA, 0xD1, 0x4D, 0xB6, 0x6B, 0x10,
    0xC9, 0x01, 0xC0, 0x4F, 0x80, 0x09, 0xE4, 0x9D, 0x89, 0x67, 0x20, 0x7B, 0xA0, 0x6E, 0xC1, 0x1D,
    0x05, 0x95, 0x82, 0x3D, 0x05, 0x5F, 0xDD, 0x37, 0x22, 0x25, 0x2B, 0x9C, 0x74, 0xCA, 0x14, 0x4E,
    0x9B, 0x9B, 0x3E, 0xF9, 0xBA, 0xE1, 0x8D, 0x1D, 0xF6, 0x23, 0x00, 0xF0, 0x12, 0xA4, 0x89, 0xF8,
    0xDF, 0x89, 0xB2, 0x43, 0xCD, 0xA8, 0x4F, 0x53, 0xD1, 0x0C, 0xB3, 0x38, 0x14, 0xB1, 0x92, 0xB1,
    0x7E, 0xD8, 0xA8, 0xA7, 0x13, 0x80, 0xDC, 0x3A, 0xF2, 0xCF, 0x1D, 0x24, 0x2E, 0x2C, 0x0F, 0xAC,
    0xAF, 0x31, 0x88, 0x94, 0xEE, 0xDC, 0x04, 0x2F, 0x50, 0x2C, 0x5F, 0xA0, 0x28, 0x3A, 0x45, 0xD9,
    0x40, 0x1F, 0x08, 0x90, 0x79, 0xC8, 0xA6, 0xC0, 0x9F, 0x9F, 0x4F, 0x56, 0x1A, 0x6E, 0x43, 0x05,
    0xB5, 0x63, 0xC9, 0x00, 0x40, 0x75, 0x80, 0xA0, 0x2C, 0x00, 0xE8, 0xDF, 0x92, 0xA5, 0x44, 0x11,
    0x4A, 0x94, 0x5D, 0x46, 0x73, 0x8D, 0x3E, 0x30, 0x04, 0xC6, 0x40, 0x7B, 0x68, 0xE3, 0x43, 0x1B,
    0xB0, 0x4E, 0xF9, 0x24, 0x52, 0x24, 0x0B, 0x2B, 0x00, 0x1E, 0x11, 0x29, 0x2D, 0xD5, 0xF1, 0x74,
    0x84, 0xE2, 0xB3, 0xA8, 0x4C, 0xEC, 0xF1, 0x56, 0x05, 0x15, 0x0C, 0xE7, 0xBE, 0x0F, 0xFA, 0xBE,
    0x91, 0x53, 0x30, 0x00, 0x90, 0x47, 0x90, 0x13, 0xE8, 0x97, 0xB0, 0x72, 0x09, 0x24, 0x12, 0xB4,
    0xE3, 0xCB, 0x98, 0xB9, 0xF5, 0x05, 0x48, 0xB2, 0x00, 0x22, 0x1E, 0xFC, 0x73, 0x09, 0x14, 0x0A,
    0x4A, 0x83, 0x5A, 0x34, 0x19, 0x77, 0x24, 0xA8, 0x67, 0x07, 0x28, 0x98, 0x8B, 0x63, 0xD8, 0xD7,
    0x88, 0x0D, 0xB5, 0xA3, 0x5C, 0x94, 0xA4, 0x52, 0x50, 0x8E, 0xA1, 0x08, 0x00, 0x5C, 0xDD, 0xFD,
    0x00, 0x99, 0x92, 0xC9, 0x62, 0xE9, 0xF2, 0x28, 0x42, 0x1E, 0x3A, 0xEF, 0xB3, 0x28, 0xDC, 0xCC,
    0xF2, 0x58, 0x74, 0x26, 0x9D, 0x08, 0xD2, 0x4A, 0xA7, 0x6C, 0xF7, 0x33, 0x35, 0xFA, 0x49, 0x4B,
    0x4A, 0xDB, 0x00, 0xAF, 0x40, 0xAA, 0xE0, 0xEE, 0x1A, 0xF4, 0x1E, 0x40, 0x3F, 0xF2, 0x52, 0x05,
    0x69, 0x42, 0x57, 0xB9, 0x28, 0x3B, 0x44, 0x33, 0xA2, 0x4F, 0x43, 0x45, 0x43, 0x57, 0xBE, 0x0C,
    0x45, 0xA4, 0x92, 0x91, 0xAE, 0x82, 0xE9, 0x4A, 0xF8, 0xC5, 0x0C, 0x9D, 0xD5, 0x29, 0x8F, 0x37,
    0x3F, 0x7D, 0x21, 0x03, 0x90, 0x80, 0x01, 0xDC, 0xD8, 0xB7, 0xE8, 0x64, 0xBF, 0x0B, 0x03, 0x4B,
    0xF7, 0x40, 0x1F, 0xF1, 0xEC, 0x9A, 0x03, 0x1E, 0x49, 0x1E, 0x0B, 0xF2, 0x00, 0xC2, 0x83, 0xF8,
    0xD4, 0x20, 0x52, 0xA4, 0xF8, 0xF4, 0x2D, 0xA4, 0x03, 0x69, 0x41, 0xD9, 0xEF, 0xA1, 0x4C, 0x85,
    0x7E, 0x3C, 0x22, 0xA5, 0x16, 0xDE, 0xDE, 0x21, 0x9D, 0x6C, 0x5E, 0x59, 0xF2, 0x47, 0xD3, 0x12,
    0xFB, 0x37, 0x7D, 0x3D, 0xE5, 0x1D, 0x43, 0x05, 0x15, 0xE8, 0xBF, 0x73, 0x32, 0x19, 0x80, 0x57,
    0xAF, 0xC3, 0xAD, 0x21, 0xC8, 0xE6, 0xE2, 0xF2, 0xC0, 0x83, 0x75, 0xB6, 0x22, 0xDA, 0x2E, 0x40,
    0x90, 0x7B, 0x10, 0x01, 0x72, 0x77, 0x71, 0x02, 0x09, 0xCA, 0xA2, 0x38, 0xBF, 0xFC, 0x85, 0xE4,
    0x84, 0x87, 0x65, 0xE0, 0x16, 0xA0, 0x02, 0x5C, 0xDD, 0x3E, 0x97, 0x6C, 0x16, 0x10, 0x06, 0x09,
    0x32, 0x92, 0xEF, 0x9C, 0xBD, 0x34, 0x2E, 0x82, 0x65, 0x5F, 0xA1, 0xD9, 0xA3, 0xF6, 0x0B, 0x25,
    0x02, 0x80, 0xEC, 0x70, 0xDF, 0xBC, 0x53, 0x02, 0xC0, 0xCD, 0x96, 0x2C, 0x25, 0x5B, 0x34, 0xD2,
    0x2A, 0x2B, 0x8C, 0x46, 0x3C, 0xB7, 0x55, 0x24, 0xDF, 0xA2, 0x19, 0xD1, 0x63, 0x4C, 0x9F, 0x01,
    0x15, 0xFA, 0xC9, 0x84, 0x22, 0x05, 0x58, 0x01, 0x0A, 0x4B, 0xE9, 0xD9, 0x8C, 0xF8, 0xD5, 0x6F,
    0x3F, 0xCE, 0x3E, 0x0C, 0xEA, 0x69, 0x20, 0xF7, 0x08, 0x87, 0xB4, 0x1F, 0xEE, 0xB3, 0xD5, 0xC2,
    0xF5, 0x25, 0x50, 0x7F, 0x01, 0x45, 0x7B, 0x39, 0x44, 0xC0, 0xFA, 0x2A, 0x75, 0xA4, 0x74, 0xDF,
    0x91, 0x88, 0x00, 0x79, 0x84, 0x2C, 0x5C, 0x0E, 0x91, 0x34, 0x28, 0xDB, 0xF9, 0xEF, 0x84, 0x73,
    0x71, 0xF9, 0xD7, 0x80, 0x16, 0xD8, 0x03, 0x22, 0xE0, 0x00, 0x00, 0x2C, 0xC2, 0x22, 0x41, 0x19,
    0x24, 0xDF, 0x11, 0x0E, 0x00, 0xDE, 0x01, 0xB2, 0x64, 0x40, 0xBE, 0xE7, 0x00, 0x4C, 0x57, 0xDE,
    0x79, 0x57, 0xDF, 0x53, 0x91, 0xC8, 0x22, 0x2D, 0x79, 0xA4, 0x21, 0x0F, 0x44, 0x84, 0x9F, 0xB9,
    0x4F, 0xFF, 0xB4, 0x73, 0x69, 0x5E, 0xE6, 0x7F, 0x16, 0x90, 0x4E, 0x78, 0xA4, 0x15, 0x0E, 0x35,
    0x77, 0xA6, 0x70, 0x68, 0x5B, 0x7A, 0x52, 0xA8, 0x1B, 0x80, 0x3C, 0xA2, 0x26, 0x54, 0x3D, 0x56,
    0xA0, 0xF4, 0x14, 0x0E, 0x31, 0xEF, 0x85, 0x33, 0xF2, 0x67, 0x8D, 0xFA, 0x70, 0xA2, 0xFC, 0xB0,
    0x83, 0x56, 0x8C, 0x4B, 0x46, 0x3D, 0x9A, 0xD9, 0x2A, 0x20, 0x56, 0x59, 0x5B, 0x65, 0xCF, 0xE0,
    0x79, 0x98, 0xAB, 0x5F, 0xFE, 0xC9, 0xFF, 0xA1, 0x52, 0x4A, 0x87, 0x30, 0x3E, 0x3B, 0x82, 0x79,
    0xFC, 0x8B, 0x73, 0xC0, 0x1C, 0x00, 0xDC, 0x7C, 0x6C, 0x74, 0x32, 0xCF, 0x03, 0x30, 0x3A, 0x13,
    0x20, 0xDB, 0xB6, 0x32, 0xB9, 0x6B, 0x9A, 0x39, 0x0C, 0x72, 0x4A, 0x16, 0xC9, 0xBB, 0x1E, 0x10,
    0xFE, 0x78, 0x2C, 0xC8, 0xAE, 0x5B, 0x54, 0xD7, 0x0D, 0xDA, 0x92, 0x02, 0x30, 0x78, 0xFD, 0x97,
    0xD1, 0x6C, 0x03, 0x24, 0xB6, 0xE8, 0x31, 0xA0, 0x4F, 0x45, 0xC5, 0x90, 0x11, 0x0F, 0x49, 0x40,
    0xBE, 0x4B, 0x91, 0xCC, 0xA2, 0x91, 0xDF, 0xD8, 0xA9, 0x23, 0xBC, 0x28, 0xAE, 0xC8, 0xAD, 0xF8,
    0x8D, 0xE9, 0xF8, 0x17, 0x87, 0x5E, 0x5D, 0x1B, 0xC4, 0xD2, 0xBD, 0x20, 0x78, 0x17, 0x50, 0x4E,
    0xB3, 0x98, 0xC7, 0x3C, 0x08, 0x2F, 0x9C, 0x70, 0x85, 0x93, 0x4E, 0xCE, 0x4F, 0x5F, 0x6D, 0x53,
    0x58, 0x66, 0x8D, 0x0D, 0xB6, 0xCC, 0x0D, 0xD8, 0x64, 0xC2, 0x1E, 0x80, 0x8A, 0xC5, 0xEC, 0xE9,
    0x93, 0xE7, 0xAD, 0xF4, 0x2A, 0xCE, 0x9E, 0xDC, 0xA4, 0x3E, 0x79, 0xF2, 0x5B, 0x22, 0x93, 0xB6,
    0x7A, 0x83, 0x7E, 0x55, 0x0D, 0x47, 0x0F, 0x53, 0xF7, 0xE8, 0x8D, 0x7B, 0x72, 0xAA, 0xDB, 0xE3,
    0xCB, 0x48, 0x98, 0x4D, 0xFE, 0x6C, 0xEE, 0xD5, 0xCC, 0x4C, 0xE1, 0x14, 0x72, 0x66, 0xB6, 0x44,
    0xD9, 0x1E, 0xCA, 0x0C, 0xD0, 0xB6, 0x4F, 0x0A, 0x15, 0x30, 0x84, 0xA5, 0x06, 0x4A, 0x0F, 0x40,
    0x61, 0x37, 0x95, 0x9B, 0x48, 0xB3, 0x07, 0x00, 0x49, 0xC6, 0xAD, 0x3C, 0xF6, 0xB2, 0x38, 0xC8,
    0x43, 0x5F, 0x84, 0x4A, 0xF8, 0x4A, 0xB8, 0xA1, 0x70, 0xA3, 0xC2, 0x3D, 0x94, 0x2E, 0xC9, 0x79,
    0xBA, 0x14, 0x94, 0xE4, 0x0F, 0x11, 0x0D, 0x00, 0xD2, 0x51, 0x47, 0xE2, 0x08, 0x03, 0xBB, 0xDB,
    0x24, 0x8F, 0x86, 0x1E, 0xF4, 0xE7, 0xBD, 0x82, 0xE1, 0xBC, 0x8F, 0xA0, 0x85, 0x06, 0x22, 0x44,
    0xB2, 0x88, 0x08, 0xFC, 0xA5, 0x63, 0x1F, 0x00, 0x0A, 0x28, 0x1D, 0x7F, 0xE5, 0x09, 0x3B, 0x00,
    0x40, 0x82, 0x1A, 0x7A, 0x30, 0x38, 0x8A, 0x53, 0x1D, 0xC5, 0x19, 0x9D, 0xC4, 0xC9, 0x03, 0xDA,
    0xB1, 0x35, 0xCB, 0xDF, 0xD2, 0x3D, 0xF9, 0xAC, 0xEC, 0x92, 0x22, 0x6D, 0x1E, 0x4B, 0xF2, 0x50,
    0x21, 0x7C, 0x83, 0xF8, 0x3C, 0x20, 0x92, 0xA3, 0xF8, 0xB5, 0x47, 0x7E, 0x14, 0x91, 0xB6, 0x41,
    0xD9, 0x31, 0xCA, 0xF4, 0xD1, 0x56, 0x9B, 0x14, 0x94, 0x07, 0xE0, 0x7B, 0xC0, 0x00, 0xB8, 0x03,
    0xAC, 0x01, 0xEB, 0x1C, 0xB5, 0xD2, 0x23, 0xDD, 0xA9, 0xCA, 0x79, 0x6F, 0xAA, 0xDE, 0x6D, 0xD4,
    0x0F, 0x9C, 0x92, 0x46, 0x25, 0xCA, 0x44, 0x4F, 0xD1, 0x93, 0xB6, 0x5F, 0xB8, 0x4A, 0x84, 0x2A,
    0x6F, 0x01, 0x2C, 0xE2, 0x68, 0xD3, 0x11, 0x00, 0x00, 0x49, 0x4D, 0xB6, 0x84, 0x9F, 0x3D, 0x59,
    0x52, 0x4F, 0x66, 0xBD, 0xEA, 0x33, 0x2C, 0x19, 0x29, 0x46, 0xD2, 0x37, 0x45, 0x04, 0x28, 0x61,
    0x1F, 0x11, 0xCE, 0x59, 0xBD, 0xAB, 0xCA, 0xAC, 0xEB, 0xC7, 0x31, 0xA5, 0x08, 0x54, 0xF9, 0x44,
    0xD9, 0x19, 0xAE, 0x74, 0x47, 0xB5, 0x36, 0xAB, 0x1F, 0x85, 0xA2, 0xA4, 0x47, 0x8F, 0x3E, 0x03,
    0x6A, 0xBB, 0x78, 0x60, 0x7E, 0x7C, 0x94, 0x70, 0x4F, 0x6E, 0x01, 0xA0, 0x68, 0xF2, 0x48, 0x24,
    0x66, 0xCF, 0x57, 0xF7, 0x4C, 0xD1, 0xAA, 0x00, 0xD7, 0xD0, 0xDC, 0xE2, 0x36, 0xDF, 0x07, 0xE0,
    0xCA, 0xD5, 0xDD, 0x4A, 0x4E, 0xAB, 0x2C, 0x6E, 0xE4, 0xF1, 0xC1, 0xB7, 0x8B, 0x66, 0x94, 0xBF,
    0xB6, 0xF2, 0x11, 0xE2, 0x63, 0xC4, 0xBF, 0x51, 0x9C, 0x5A, 0xAC, 0x0A, 0x14, 0x94, 0xD0, 0x3B,
    0xAA, 0xB2, 0x01, 0xD4, 0xF6, 0xCC, 0x84, 0x6D, 0x0A, 0x37, 0x11, 0x6E, 0xEF, 0x4C, 0x89, 0x33,
    0x26, 0xF6, 0x40, 0xE2, 0x87, 0x28, 0x8D, 0x5A, 0x3E, 0x5B, 0x22, 0xDF, 0x35, 0x22, 0x9D, 0x2A,
    0xE3, 0xA7, 0x3E, 0x4F, 0x56, 0xB4, 0x94, 0x9E, 0x3F, 0x38, 0x8C, 0x73, 0x5B, 0xBA, 0xAA, 0x7C,
    0x3C, 0xDA, 0x4A, 0xCD, 0xF1, 0xEA, 0xF7, 0xF3, 0xFC, 0xB4, 0x32, 0x6C, 0x59, 0x7D, 0x3C, 0x23,
    0xDA, 0x68, 0xC7, 0x51, 0x93, 0x06, 0xD8, 0x37, 0x90, 0x37, 0x00, 0xC0, 0xD5, 0x0F, 0xB2, 0x5D,
    0x23, 0x27, 0x79, 0x22, 0x7B, 0xC6, 0x26, 0x79, 0x62, 0x8F, 0xFC, 0x3F, 0x3A, 0x27, 0x3E, 0xB6,
    0x11, 0xF1, 0x2B, 0xD7, 0xB9, 0x7F, 0x0D, 0x91, 0xE2, 0xA7, 0x31, 0x20, 0xCD, 0x97, 0x33, 0xF7,
    0xA1, 0x47, 0x51, 0xBB, 0x03, 0xA7, 0x4D, 0xE9, 0x48, 0x4E, 0x59, 0xC0, 0x51, 0x04, 0xB4, 0x61,
    0x0D, 0x80, 0x8C, 0xA4, 0xC3, 0xDD, 0xAF, 0xA3, 0x76, 0xB1, 0x26, 0x0E, 0x88, 0x55, 0x16, 0xAB,
    0x3C, 0x0C, 0xF3, 0x30, 0x12, 0x7E, 0x24, 0x42, 0x23, 0xDA, 0xCB, 0x06, 0x00, 0xB8, 0x06, 0x50,
    0x02, 0x2C, 0x03, 0xDC, 0x06, 0x58, 0x05, 0x58, 0x00, 0x2A, 0xB7, 0x08, 0x37, 0xEF, 0x86, 0x25,
    0x4E, 0x9A, 0x78, 0xD7, 0x43, 0x9E, 0x2C, 0xF0, 0x10, 0x60, 0xE5, 0x72, 0xF9, 0xED, 0x6B, 0xFC,
    0x77, 0x64, 0xCB, 0xD1, 0x5B, 0x80, 0xF5, 0x0A, 0xD0, 0x07, 0xAA, 0x43, 0x5B, 0x07, 0xB6, 0xB9,
    0x82, 0x68, 0x93, 0xC9, 0xBE, 0xFE, 0xC2, 0x31, 0x2D, 0x1C, 0x13, 0xE1, 0x68, 0x0A, 0x47, 0x94,
    0x76, 0xBE, 0x75, 0x05, 0x65, 0x3A, 0x43, 0xF8, 0xD9, 0x5E, 0x5E, 0x86, 0x17, 0x57, 0xC2, 0xA3,
    0x6F, 0x0E, 0xE4, 0xDD, 0xB3, 0x06, 0xA2, 0xBF, 0x39, 0x11, 0xD2, 0x02, 0xCA, 0x00, 0x0A, 0xC8,
    0x1F, 0x02, 0xA2, 0xF9, 0xF6, 0x21, 0xB9, 0xE6, 0x64, 0x8D, 0x98, 0x6C, 0x9F, 0xBC, 0x85, 0xA5,
    0xBF, 0x07, 0x35, 0x05, 0x80, 0xF2, 0xF0, 0xDD, 0x3D, 0x96, 0x56, 0x59, 0xE9, 0x34, 0xC2, 0xF7,
    0x3B, 0x1B, 0x76, 0x36, 0xEE, 0xAC, 0xA5, 0x70, 0x2D, 0xD2, 0x8D, 0xE6, 0x7B, 0xAF, 0x66, 0xC0,
    0x43, 0xF4, 0x93, 0xE6, 0xE4, 0xDD, 0xFD, 0xF4, 0xE7, 0xAD, 0x2B, 0xC7, 0xEF, 0x05, 0xA3, 0x1E,
    0xC3, 0x3E, 0xC3, 0x8A, 0x71, 0xC5, 0xA8, 0xA2, 0xE9, 0xE7, 0x51, 0xFF, 0xDC, 0xC9, 0x03, 0xCD,
    0xEB, 0xC5, 0xD1, 0x0D, 0xFC, 0xC2, 0x08, 0xCF, 0xDF, 0xC0, 0x17, 0xA0, 0x00, 0xC8, 0xDF, 0x07,
    0xF1, 0x33, 0x90, 0xB7, 0x61, 0x79, 0xED, 0xD2, 0x68, 0xBA, 0x50, 0xBF, 0xBF, 0x49, 0x15, 0x59,
    0xF5, 0x0B, 0x00, 0x2D, 0x3D, 0xDE, 0xDD, 0x21, 0xA5, 0x14, 0x8B, 0x66, 0x40, 0x54, 0xB6, 0x4F,
    0xD0, 0x54, 0xD0, 0xA7, 0x82, 0x21, 0xEF, 0xFC, 0x31, 0x63, 0xF6, 0xA7, 0x8C, 0x68, 0xA1, 0xA5,
    0x81, 0x31, 0x11, 0x86, 0xC4, 0xDC, 0x0C, 0xB2, 0x28, 0x4C, 0xF9, 0xE4, 0xAB, 0xFB, 0x14, 0x5D,
    0x80, 0xA3, 0xD9, 0x98, 0x0B, 0xFF, 0x4B, 0x72, 0xF2, 0xB3, 0xAF, 0x3F, 0xEF, 0xC4, 0xF7, 0x89,
    0x3D, 0xDE, 0xC9, 0x62, 0x07, 0x20, 0x5D, 0x35, 0x0B, 0x55, 0x31, 0xDD, 0xA6, 0x62, 0x02, 0x7D,
    0x31, 0x01, 0xFD, 0xF3, 0xF4, 0x0B, 0x2B, 0xA7, 0x6A, 0x0A, 0x06, 0x03, 0x00, 0x6C, 0x1E, 0xCC,
    0x53, 0x69, 0x4E, 0x7F, 0xDC, 0x20, 0x8B, 0xDA, 0xE4, 0x51, 0xCD, 0xAB, 0x5E, 0xF8, 0x12, 0xE1,
    0xEF, 0x22, 0x52, 0x4B, 0x91, 0x1C, 0xF2, 0xA3, 0x80, 0xB4, 0x11, 0x65, 0x5B, 0x94, 0x19, 0xA2,
    0xB7, 0xFB, 0xA4, 0x58, 0xC3, 0x35, 0xA8, 0xC9, 0x5A, 0x84, 0x3B, 0x5E, 0x8B, 0xE6, 0x6E, 0x42,
    0x3F, 0xA2, 0x86, 0xC1, 0x59, 0x37, 0x85, 0x0B, 0xC9, 0x01, 0xBC, 0x0E, 0x0C, 0x4F, 0xAD, 0x62,
    0x0F, 0x00, 0x60, 0xEA, 0x47, 0xBE, 0xDC, 0x77, 0xF2, 0xA9, 0x53, 0x0E, 0x65, 0xCF, 0x38, 0x9C,
    0x80, 0xD7, 0x8F, 0x98, 0x36, 0xC0, 0x03, 0x9C, 0xFD, 0x66, 0x7D, 0x01, 0xC8, 0x97, 0x33, 0xA3,
    0x7E, 0x68, 0xC4, 0x04, 0xE2, 0x79, 0x73, 0x02, 0xC0, 0x88, 0xA2, 0x3D, 0x9C, 0x13, 0xFD, 0xDB,
    0x2C, 0x25, 0xE1, 0x6F, 0x49, 0x7B, 0x5D, 0xD9, 0x97, 0xA5, 0xA3, 0x78, 0x36, 0xAB, 0x37, 0xCA,
    0x08, 0xED, 0x0A, 0xE3, 0x35, 0x46, 0x6B, 0x34, 0xF5, 0xFD, 0x50, 0x27, 0x83, 0x81, 0xCC, 0x21,
    0x3D, 0xB5, 0x61, 0x13, 0x80, 0x57, 0x10, 0xC9, 0xAB, 0xBF, 0xF5, 0x3A, 0x73, 0x1A, 0x54, 0x40,
    0x4C, 0x41, 0x9B, 0x15, 0x69, 0x1F, 0x48, 0xFB, 0xCF, 0x5B, 0xA4, 0x09, 0x19, 0x00, 0x88, 0x40,
    0xD9, 0xB2, 0x79, 0x87, 0x95, 0x2B, 0x0B, 0x8B, 0x2E, 0x43, 0x6D, 0xB3, 0xFF, 0xF1, 0xC2, 0xEE,
    0x2C, 0x20, 0xBA, 0x90, 0xCA, 0x03, 0x18, 0x43, 0x49, 0xF6, 0x23, 0x44, 0x7B, 0x2E, 0x09, 0x61,
    0x11, 0x01, 0xF6, 0x78, 0xE9, 0x01, 0xA5, 0x07, 0xA0, 0xBA, 0x45, 0x39, 0xA1, 0x08, 0x2C, 0x9E,
    0xD8, 0xCC, 0xBE, 0x96, 0xFD, 0x67, 0x60, 0xDF, 0xD2, 0x5F, 0x20, 0xB1, 0x6F, 0xEC, 0xEE, 0xD6,
    0x29, 0x6D, 0x54, 0xCB, 0x0F, 0xAA, 0x65, 0x86, 0x57, 0x18, 0x9F, 0x71, 0xDF, 0xCE, 0x03, 0x45,
    0x43, 0xFD, 0x8C, 0xDC, 0xCD, 0x81, 0x47, 0xBC, 0xB4, 0x87, 0x0A, 0xE4, 0xF3, 0xBB, 0x5B, 0x9D,
    0xDE, 0xFC, 0xDD, 0xE9, 0xFB, 0xA2, 0xA6, 0xFC, 0x40, 0xB5, 0x05, 0xD2, 0x65, 0xF1, 0xF7, 0x42,
    0x6D, 0x01, 0xC2, 0x06, 0xFB, 0x01, 0x6D, 0xB8, 0xB2, 0x98, 0x20, 0x98, 0x83, 0xBB, 0x70, 0xFE,
    0x89, 0x15, 0xBF, 0x42, 0x38, 0xEA, 0xC4, 0x9B, 0xBF, 0x3B, 0xE3, 0x4E, 0xA7, 0xE9, 0x64, 0x51,
    0x2D, 0x70, 0xB6, 0x84, 0x4E, 0xEE, 0xC6, 0x57, 0x96, 0xE7, 0x25, 0x9E, 0x1B, 0xC4, 0xFE, 0xE4,
    0xFE, 0xBD, 0x93, 0x41, 0x00, 0x4B, 0x39, 0xD4, 0x53, 0xF8, 0xFE, 0x08, 0xE6, 0xA7, 0xCD, 0x8D,
    0x7B, 0x75, 0x2C, 0xDB, 0x33, 0xDE, 0x97, 0x8C, 0xEE, 0x6C, 0x80, 0xA2, 0x4F, 0x49, 0x85, 0xA6,
    0x62, 0xC0, 0x80, 0x31, 0xE5, 0x93, 0x06, 0x99, 0x1C, 0xAC, 0x00, 0xC0, 0x64, 0x5D, 0x7C, 0x11,
    0xB2, 0xDC, 0x02, 0x40, 0xA2, 0xBD, 0x4B, 0x33, 0x20, 0xF6, 0x0F, 0x4F, 0xCE, 0x38, 0x14, 0x61,
    0x54, 0xF8, 0xB1, 0x72, 0x77, 0x7F, 0x19, 0xEA, 0x4F, 0xDA, 0x93, 0xCF, 0xA9, 0x97, 0x43, 0xB0,
    0x6B, 0x67, 0x45, 0x04, 0x0B, 0xC8, 0xBF, 0x7A, 0x0D, 0x96, 0x87, 0x20, 0x9B, 0x4B, 0x4B, 0x82,
    0x0F, 0x7C, 0xED, 0xA8, 0xCD, 0x02, 0x14, 0x00, 0xA2, 0x81, 0xE5, 0xC3, 0xC3, 0x52, 0xC6, 0x4B,
    0x21, 0xA9, 0x2D, 0xFF, 0xE8, 0x78, 0xEA, 0xD8, 0x32, 0x5C, 0x59, 0x0C, 0xE6, 0x8F, 0x40, 0xFE,
    0x08, 0x54, 0x05, 0xAF, 0xAE, 0x5E, 0x5A, 0x6A, 0xD6, 0x76, 0x58, 0x8B, 0xFC, 0x93, 0xE3, 0xBF,
    0x16, 0x28, 0x91, 0x0B, 0x09, 0x6F, 0x02, 0x01, 0x72, 0x0F, 0xD9, 0x33, 0xE0, 0x27, 0xE7, 0x94,
    0x5D, 0x86, 0x35, 0xD8, 0x80, 0x2D, 0xC3, 0x0D, 0x8E, 0x9A, 0x72, 0x00, 0x75, 0x00, 0x88, 0x23,
    0x00, 0xB3, 0x02, 0x6F, 0xEF, 0x2C, 0xB1, 0x6B, 0xF7, 0x83, 0xCE, 0x92, 0x55, 0xD4, 0x54, 0x28,
    0xF6, 0xD9, 0x44, 0x91, 0x4C, 0x44, 0xFD, 0xE1, 0x17, 0x26, 0xA0, 0x7E, 0xF0, 0xE8, 0xA7, 0x0E,
    0xF9, 0xD7, 0xEF, 0xBF, 0xD7, 0xF9, 0xF7, 0x8B, 0x47, 0x86, 0xE2, 0x6F, 0xC4, 0xC7, 0x50, 0xFC,
    0x83, 0xF8, 0x77, 0x10, 0x13, 0x31, 0x01, 0xD1, 0xCC, 0x7D, 0xCC, 0x1B, 0x10, 0x3E, 0x8F, 0x1C,
    0xB7, 0xDB, 0x00, 0x09, 0x10, 0xBF, 0xB1, 0xB0, 0x94, 0x39, 0x4E, 0xDA, 0x16, 0x4D, 0xED, 0x75,
    0xDE, 0x2A, 0xA3, 0x44, 0xAB, 0x50, 0xC5, 0xE8, 0x0E, 0x4A, 0x55, 0x15, 0x6A, 0xB9, 0xDA, 0x40,
    0xDD, 0xAE, 0x22, 0x72, 0xB3, 0x0A, 0xC8, 0xD8, 0x73, 0x14, 0x51, 0x5B, 0x0A, 0xAF, 0x39, 0xD5,
    0xA4, 0x83, 0x3A, 0x42, 0x33, 0x04, 0x33, 0x1B, 0xCD, 0xDB, 0xDB, 0xFB, 0x61, 0xDF, 0x29, 0x7A,
    0x28, 0x5B, 0x51, 0xB8, 0x88, 0xF8, 0x28, 0x90, 0x7F, 0xE2, 0xC8, 0x12, 0x30, 0x3D, 0xFE, 0x5A,
    0x09, 0x0D, 0x10, 0x21, 0x6F, 0x41, 0x4D, 0x81, 0xCC, 0x43, 0xD1, 0x40, 0xAF, 0x82, 0xD5, 0xEB,
    0x1C, 0xB5, 0x4E, 0x36, 0xCE, 0xCE, 0x6F, 0xA2, 0x82, 0xE6, 0x16, 0x8C, 0x2A, 0xD8, 0xDC, 0x84,
    0x2A, 0x42, 0x3F, 0x40, 0xED, 0x40, 0x5B, 0x28, 0x81, 0x1E, 0x50, 0x01, 0x2D, 0xBC, 0x19, 0xA0,
    0x36, 0xC0, 0xEA, 0x2A, 0x8C, 0xC7, 0xB0, 0xB1, 0x01, 0x5C, 0x90, 0x11, 0x80, 0xBD, 0x03, 0x4E,
    0x6D, 0x4E, 0x7F, 0xC1, 0xB7, 0x0A, 0xCD, 0x32, 0x43, 0xC8, 0x1A, 0x10, 0x01, 0x94, 0x85, 0x1A,
    0x18, 0x43, 0x16, 0xA1, 0xF0, 0xA0, 0xEC, 0xAB, 0x0C, 0xB8, 0xCD, 0x74, 0x77, 0x4C, 0x4A, 0x2D,
    0xF0, 0x63, 0xF2, 0x88, 0x72, 0xDC, 0x01, 0x00, 0x8A, 0x34, 0x91, 0xBB, 0x8D, 0x14, 0x01, 0xE9,
    0xD0, 0x30, 0x84, 0x88, 0xF0, 0x28, 0x1B, 0xF4, 0x6E, 0xA8, 0x93, 0x47, 0xB8, 0x83, 0x58, 0xC2,
    0x5D, 0x5C, 0xBE, 0x30, 0x28, 0x87, 0x34, 0xE7, 0xD5, 0x06, 0x58, 0xBB, 0x05, 0xBA, 0x05, 0xE9,
    0x21, 0xBB, 0xA0, 0xFE, 0x5B, 0x2F, 0x33, 0x1A, 0xA1, 0x03, 0xEA, 0xFC, 0x08, 0x57, 0x20, 0x4B,
    0x1E, 0xF1, 0x99, 0x43, 0xBE, 0xEB, 0x50, 0x06, 0x14, 0xA0, 0x38, 0xA9, 0x80, 0xDE, 0x73, 0x2F,
    0x8A, 0x47, 0xDF, 0xC8, 0x47, 0x27, 0x33, 0x4A, 0x84, 0x3C, 0x80, 0x76, 0xB0, 0x05, 0x00, 0xFC,
    0x3F, 0xBD, 0x97, 0x01, 0x84, 0x65, 0xD7, 0x19, 0xC7, 0x7F, 0xF7, 0x9E, 0xD9, 0xB9, 0xDB, 0x9C,
    0xCC, 0x9C, 0xC5, 0xA2, 0xB2, 0x93, 0xBD, 0x83, 0x20, 0x36, 0xB3, 0xEF, 0x06, 0x8B, 0xC1, 0xBD,
    0xEF, 0x9E, 0xA6, 0x28, 0xAD, 0xB2, 0x00, 0x80, 0x02, 0xAA, 0xB4, 0x5D, 0xA4, 0xA4, 0xDC, 0xBC,
    0x3D, 0x49, 0x00, 0xA5, 0x59, 0x50, 0x08, 0x6D, 0xB0, 0x48, 0x66, 0x91, 0x51, 0x29, 0xAF, 0xFA,
    0x76, 0xE7, 0x24, 0xAB, 0x82, 0x20, 0x57, 0xD3, 0x45, 0x41, 0x4F, 0x6D, 0x84, 0x76, 0x69, 0x4E,
    0x93, 0xDB, 0xBA, 0x9D, 0x7D, 0x33, 0xA7, 0xF7, 0x5E, 0xD7, 0xDA, 0x6D, 0xA9, 0x99, 0xCE, 0xA6,
    0x1F, 0xDF, 0xF7, 0x1E, 0x6F, 0xBC, 0xDF, 0x7F, 0xCE, 0xF9, 0xBE, 0xFF, 0xFD, 0x1E, 0x70, 0x16,
    0xC8, 0x87, 0x4C, 0xF7, 0x9B, 0x28, 0x04, 0x93, 0xF8, 0xD4, 0x28, 0x23, 0x6D, 0x86, 0xA8, 0x8B,
    0x2E, 0xAB, 0x2E, 0x17, 0x5D, 0xB6, 0x24, 0xB6, 0x45, 0xDA, 0x39, 0xCA, 0x2C, 0xC8, 0x98, 0x72,
    0x93, 0xEC, 0x5E, 0x43, 0x12, 0x0C, 0x9C, 0x61, 0x0C, 0x39, 0x24, 0x2B, 0x8A, 0x28, 0x1C, 0x90,
    0x7C, 0xEA, 0x51, 0x7A, 0xCE, 0x84, 0x8A, 0x82, 0x8A, 0x9C, 0x05, 0x39, 0x2D, 0x39, 0x9E, 0x22,
    0xF6, 0x64, 0xBF, 0xB0, 0xC8, 0x43, 0x18, 0xE3, 0x14, 0xB0, 0x0E, 0x9C, 0xBF, 0xF0, 0xE6, 0x53,
    0x8B, 0xD2, 0xA7, 0x4E, 0x19, 0x61, 0x95, 0x4E, 0xAC, 0x42, 0xF6, 0x69, 0x52, 0x94, 0xCE, 0xBA,
    0x9C, 0xA2, 0x28, 0x48, 0xC9, 0xC9, 0xC8, 0x29, 0x98, 0xB2, 0x20, 0xED, 0xB4, 0xC8, 0x60, 0x1F,
    0xD2, 0x22, 0x0C, 0x08, 0x0B, 0xD2, 0x04, 0x0E, 0x99, 0xD1, 0x30, 0xED, 0xB9, 0x78, 0xF2, 0xA8,
    0xCB, 0xD8, 0x53, 0x09, 0xC7, 0x3C, 0xA9, 0x59, 0x28, 0xCB, 0xEC, 0x37, 0x8E, 0xF2, 0xE3, 0x96,
    0x7F, 0x0B, 0xF1, 0x9E, 0x03, 0x88, 0x82, 0x05, 0x60, 0xC6, 0x18, 0xAB, 0x3B, 0xD7, 0xB9, 0xB0,
    0xF3, 0x96, 0x0C, 0x41, 0x5F, 0x0D, 0x6D, 0xE4, 0x53, 0xBB, 0x1B, 0xF9, 0xD8, 0x0B, 0xE7, 0x93,
    0x3A, 0x76, 0xB1, 0xA7, 0xD3, 0x5E, 0x47, 0x9E, 0x29, 0xC2, 0x46, 0x9E, 0x25, 0xC2, 0xC6, 0xDD,
    0xE7, 0x24, 0xDD, 0x4B, 0x62, 0x91, 0x56, 0xB8, 0x54, 0x23, 0x8D, 0xB4, 0x05, 0x28, 0xA3, 0x4C,
    0x8B, 0x55, 0xBA, 0x14, 0x3E, 0xB6, 0xD9, 0xBD, 0x56, 0xEE, 0xDF, 0xB0, 0x21, 0x5C, 0x53, 0x61,
    0xC0, 0x72, 0x3A, 0xD2, 0x00, 0xEA, 0x5B, 0xBA, 0xC7, 0x8A, 0x03, 0x7A, 0x2C, 0x9E, 0x1E, 0x0B,
    0xF4, 0x58, 0xA0, 0xC7, 0xEE, 0x85, 0x01, 0xBB, 0xFF, 0xCE, 0x80, 0x75, 0xC5, 0x80, 0xA5, 0x1D,
    0xB0, 0xC2, 0x0D, 0x58, 0x69, 0x07, 0x6C, 0xCA, 0x80, 0xAD, 0x56, 0xE8, 0xB0, 0x34, 0x6B, 0x74,
    0x58, 0xB1, 0xBF, 0xA0, 0xC3, 0x26, 0x61, 0x09, 0x80, 0xD9, 0x84, 0x10, 0xFD, 0xCD, 0xC3, 0x8C,
    0xAB, 0x06, 0x26, 0x4C, 0x80, 0x02, 0xE0, 0x54, 0x0E, 0x10, 0x96, 0x2A, 0x78, 0xF1, 0x8F, 0xE5,
    0xFA, 0x0D, 0xA7, 0x4C, 0xB5, 0xD1, 0x37, 0xCD, 0x9C, 0x94, 0x82, 0x86, 0x8A, 0x9C, 0xA6, 0x7F,
    0x8D, 0xBC, 0xA8, 0xA9, 0x84, 0x57, 0x46, 0xE7, 0xD2, 0x67, 0xB1, 0x2D, 0x6F, 0x36, 0xB3, 0x1B,
    0x56, 0x7D, 0xBE, 0x0C, 0xC1, 0x30, 0x9E, 0x25, 0x17, 0xAE, 0xCB, 0x43, 0xCA, 0x26, 0xF2, 0xC8,
    0x5E, 0xB0, 0x34, 0xB1, 0x43, 0x69, 0x51, 0xA3, 0x10, 0x76, 0x28, 0xA4, 0x24, 0x96, 0x0C, 0x69,
    0x99, 0x20, 0x0D, 0x05, 0xCA, 0x5C, 0xEA, 0x8A, 0xBE, 0x92, 0x93, 0xFD, 0xC5, 0xE7, 0x84, 0xE0,
    0x2B, 0x80, 0x16, 0x38, 0xE7, 0x81, 0xD2, 0x32, 0x06, 0x89, 0xE9, 0x18, 0xCA, 0x76, 0x0C, 0xA9,
    0x23, 0x0F, 0xC4, 0x43, 0x71, 0xEC, 0x21, 0x6A, 0xB2, 0xE1, 0xEB, 0xFB, 0x32, 0xE9, 0x19, 0xD3,
    0x9E, 0x51, 0xF4, 0x8C, 0xBC, 0x67, 0xE4, 0x3D, 0xA3, 0xEA, 0x19, 0x8B, 0x9E, 0x31, 0x07, 0x68,
    0x00, 0x3C, 0x10, 0x79, 0xE0, 0xB9, 0x1A, 0x28, 0x35, 0x40, 0x5A, 0x5F, 0x94, 0x76, 0x2A, 0x6C,
    0x2E, 0x2C, 0xFD, 0x35, 0xBF, 0xB6, 0x54, 0xAF, 0xB4, 0x4A, 0xB7, 0x8A, 0x46, 0xE1, 0x53, 0xFC,
    0x24, 0xF2, 0x93, 0xD8, 0x17, 0xB1, 0x9B, 0x8A, 0xBA, 0x7C, 0xCD, 0x32, 0xFE, 0x9D, 0x61, 0x8F,
    0x78, 0xC9, 0xEA, 0xF5, 0x68, 0xE7, 0x9B, 0x6F, 0xCB, 0x65, 0x1C, 0xD4, 0x32, 0x3A, 0xE0, 0xA5,
    0xD8, 0xC5, 0x81, 0x77, 0x45, 0x1D, 0xFF, 0xB1, 0xAB, 0x56, 0x7C, 0x64, 0x7C, 0x57, 0x3F, 0xB0,
    0x3E, 0xB1, 0xE2, 0xB6, 0xF3, 0xD2, 0x26, 0xAF, 0x7A, 0x27, 0x8D, 0xD4, 0x7F, 0x77, 0x4A, 0x4B,
    0x7D, 0xAB, 0x56, 0x5A, 0x51, 0x5A, 0x45, 0x5F, 0x53, 0x32, 0x9D, 0x76, 0x35, 0x58, 0x65, 0x26,
    0x00, 0x14, 0x00, 0xAB, 0x4B, 0x00, 0xE5, 0x79, 0x10, 0xC4, 0xB6, 0xE7, 0x7E, 0xDD, 0xF5, 0x5C,
    0x61, 0x7B, 0x2E, 0xF4, 0x5C, 0xE8, 0xB9, 0xE5, 0xC0, 0x4D, 0x4D, 0xCF, 0x55, 0xBA, 0xE7, 0x2A,
    0x7A, 0xAE, 0xA2, 0xE7, 0xA6, 0xF4, 0xDC, 0x74, 0x20, 0x4E, 0x86, 0x3A, 0x1D, 0xB8, 0xC5, 0xC0,
    0xCD, 0x01, 0x18, 0x2A, 0x15, 0x00, 0x0D, 0xE3, 0xF5, 0x40, 0x66, 0x00, 0x84, 0x05, 0x92, 0x7A,
    0x7C, 0x07, 0x10, 0x01, 0x21, 0x73, 0xA5, 0x99, 0xDD, 0xEF, 0xB0, 0x59, 0x4F, 0x2D, 0xF1, 0x8A,
    0x69, 0x5F, 0xF2, 0xC8, 0xA7, 0xE4, 0xB1, 0x9B, 0x50, 0xF5, 0x65, 0x2E, 0xEA, 0xA2, 0x2B, 0x2E,
    0xA7, 0x11, 0x6D, 0xFE, 0x00, 0x33, 0x07, 0x68, 0x46, 0xD2, 0x08, 0x02, 0xF1, 0x8A, 0x23, 0x0A,
    0x06, 0x6E, 0x01, 0x00, 0xDF, 0x05, 0x96, 0x10, 0x2F, 0x41, 0x1C, 0x80, 0x9C, 0x80, 0x3A, 0x0F,
    0x17, 0x15, 0xE4, 0x0A, 0xDE, 0x55, 0xB0, 0xFF, 0x8E, 0x16, 0x21, 0x18, 0x61, 0xE5, 0xE0, 0x44,
    0x99, 0x3E, 0x57, 0x87, 0xBA, 0x6C, 0xB8, 0x7C, 0x9A, 0xF9, 0x9C, 0xAC, 0xEF, 0xD2, 0xD1, 0xBA,
    0xC2, 0xB2, 0x9B, 0x04, 0x65, 0xAA, 0x8C, 0x79, 0x41, 0x93, 0xD3, 0x54, 0x91, 0xAF, 0x84, 0xCF,
    0xA5, 0xEF, 0x3A, 0xBE, 0x6B, 0x77, 0x00, 0x90, 0x2F, 0x58, 0xF1, 0xD9, 0x40, 0x3D, 0xD3, 0xF7,
    0xBD, 0x3C, 0x24, 0xF2, 0xC4, 0x9E, 0xD8, 0x21, 0x6A, 0xC4, 0x83, 0x86, 0x18, 0x7A, 0x42, 0x19,
    0x94, 0x26, 0x33, 0x04, 0xC7, 0xE6, 0xE6, 0xB6, 0xCF, 0xAC, 0x02, 0x20, 0x70, 0x95, 0x09, 0x53,
    0x0A, 0x72, 0x72, 0x2A, 0xE6, 0xDC, 0x24, 0x30, 0xC6, 0xD3, 0x52, 0xA3, 0x0E, 0x40, 0x78, 0x40,
    0x43, 0xFA, 0x09, 0x51, 0x08, 0xFC, 0xAF, 0xBE, 0x3E, 0xFE, 0xA7, 0x65, 0x8D, 0xD2, 0x00, 0x2B,
    0x44, 0xA1, 0xEE, 0x8C, 0x5D, 0xE9, 0xF9, 0x84, 0xAA, 0xA0, 0xCA, 0x59, 0xE4, 0xCC, 0x73, 0x9A,
    0x22, 0xF6, 0x9D, 0xA1, 0x3F, 0xE4, 0xE7, 0xB9, 0x02, 0xB5, 0x18, 0x95, 0x40, 0xE7, 0xEA, 0x6F,
    0x95, 0x3E, 0x6D, 0x8F, 0xE6, 0xEA, 0xD3, 0xFF, 0x74, 0x75, 0xB3, 0x19, 0xFD, 0xC9, 0xB3, 0x67,
    0x98, 0x00, 0x00, 0x81, 0x76, 0x46, 0x33, 0xC5, 0x17, 0xF8, 0x3C, 0xF2, 0x79, 0xEC, 0x2B, 0xE1,
    0x3A, 0x43, 0x5F, 0x28, 0xDB, 0xD9, 0xF9, 0xE8, 0xE6, 0x4F, 0xBC, 0x0D, 0x6A, 0x14, 0xB5, 0xB1,
    0x01, 0xD3, 0x29, 0x6C, 0x6D, 0x9C, 0x5C, 0xCD, 0xF7, 0xAE, 0x11, 0x3C, 0x10, 0xBD, 0x57, 0x8B,
    0xBB, 0x2E, 0x7A, 0xCF, 0x1E, 0x55, 0x10, 0x1B, 0x40, 0x05, 0x91, 0x83, 0xE2, 0xE7, 0x50, 0x65,
    0xF0, 0xCC, 0xE9, 0x93, 0x0B, 0x02, 0xA8, 0x19, 0x3C, 0x33, 0xFE, 0x83, 0x13, 0xBF, 0xF3, 0x68,
    0x73, 0x54, 0x4D, 0xCF, 0x26, 0xA0, 0x7E, 0x00, 0xA2, 0x81, 0xFC, 0x75, 0xA8, 0x52, 0xD8, 0xFC,
    0xCA, 0xE3, 0xD0, 0x14, 0xD7, 0xBB, 0xDC, 0xAF, 0x29, 0x11, 0xBF, 0xF5, 0xC9, 0xFB, 0x3E, 0xE6,
    0xC8, 0x9A, 0x56, 0x01, 0x35, 0x3E, 0xC3, 0xF3, 0xC7, 0x7B, 0x4E, 0x57, 0x60, 0x01, 0x17, 0x89,
    0xEF, 0xF4, 0xE7, 0x14, 0x1D, 0xF9, 0x9C, 0xC6, 0x01, 0xE3, 0x91, 0x01, 0x3B, 0xD7, 0x32, 0x2C,
    0x4E, 0x8D, 0x34, 0x9D, 0x26, 0x9D, 0x21, 0x28, 0x80, 0x8A, 0x01, 0x42, 0x4B, 0xA8, 0x5B, 0x32,
    0xE6, 0x4C, 0x58, 0x50, 0x30, 0xED, 0x95, 0xDD, 0x5B, 0x92, 0x04, 0xF7, 0xE8, 0x80, 0x1D, 0xC9,
    0x4A, 0x6E, 0x39, 0xF5, 0xB9, 0x23, 0x1E, 0xAC, 0x42, 0x9A, 0x5B, 0x7B, 0x5C, 0x6D, 0x4F, 0x36,
    0xE2, 0x73, 0x88, 0x6A, 0x10, 0x16, 0xE2, 0x25, 0xF0, 0xD6, 0xD1, 0x66, 0x3C, 0x72, 0x08, 0x8D,
    0x04, 0xE9, 0x89, 0xDF, 0xFC, 0xFF, 0xAD, 0x43, 0x3D, 0x08, 0xE8, 0x41, 0xF0, 0x65, 0x2F, 0x40,
    0x00, 0x01, 0x80, 0x19, 0x00, 0x13, 0xF8, 0x52, 0x16, 0x20, 0x00, 0x88, 0x2D, 0x64, 0x16, 0x0E,
    0x80, 0xEF, 0x03, 0xF7, 0x35, 0xDC, 0x36, 0x70, 0x0F, 0x78, 0xF9, 0x64, 0x4F, 0x2B, 0x9E, 0x27,
    0x6E, 0xC9, 0xAE, 0xF1, 0x94, 0x66, 0xE2, 0xD8, 0xDE, 0x65, 0xDB, 0x91, 0x9A, 0xA3, 0x3F, 0xB6,
    0x00, 0x48, 0x0C, 0x50, 0x1A, 0xA0, 0x61, 0x8C, 0x9D, 0x9D, 0x1D, 0x08, 0x21, 0x40, 0xE9, 0x14,
    0x7C, 0x51, 0xAF, 0x13, 0xDD, 0xB5, 0x20, 0x6E, 0x5B, 0x50, 0xDF, 0xB8, 0xA3, 0x39, 0x2F, 0x43,
    0x4D, 0x2E, 0xBB, 0x77, 0x7B, 0x41, 0x0F, 0x6D, 0x8A, 0xB0, 0x8A, 0x67, 0xFA, 0x81, 0xBD, 0x94,
    0x99, 0xAB, 0x3B, 0x3E, 0xD4, 0x21, 0x78, 0x48, 0x00, 0x32, 0x0D, 0x1C, 0x00, 0x91, 0x63, 0x8C,
    0xB3, 0x5C, 0x46, 0x86, 0xD7, 0x0F, 0x51, 0x6F, 0x1C, 0xFE, 0x90, 0xB5, 0xB8, 0x55, 0x7A, 0x45,
    0x78, 0xA5, 0x11, 0xF5, 0x8C, 0xD5, 0x10, 0x1A, 0xCA, 0x1B, 0xBF, 0x87, 0x2A, 0xB1, 0x30, 0x57,
    0x0E, 0x66, 0xB7, 0xFE, 0xB9, 0xA0, 0x74, 0x7B, 0x0D, 0x0F, 0x85, 0x04, 0xF6, 0x34, 0xF1, 0x27,
    0x00, 0x5B, 0xAC, 0x1E, 0xBC, 0x48, 0x19, 0x1C, 0xCB, 0xC4, 0x09, 0x2F, 0xBD, 0xB4, 0x1B, 0x8D,
    0x32, 0x97, 0x5A, 0x85, 0x6B, 0xB3, 0xD8, 0x36, 0x59, 0x82, 0xCF, 0xD6, 0x62, 0x9F, 0x6D, 0x0B,
    0x97, 0x7A, 0x69, 0x95, 0xCD, 0xB4, 0xDC, 0x3F, 0x40, 0x05, 0x4F, 0xBE, 0x32, 0xDA, 0x08, 0x57,
    0x88, 0x1B, 0x54, 0xCD, 0x79, 0xE0, 0x14, 0xA7, 0x9E, 0x24, 0xB4, 0xE2, 0xD3, 0x56, 0xBD, 0xB2,
    0x4C, 0x45, 0x35, 0x5D, 0xCB, 0x8B, 0x67, 0xF3, 0xE2, 0xCA, 0xA2, 0xB0, 0x6D, 0xF9, 0x82, 0x4F,
    0xDF, 0xA8, 0xB3, 0xC0, 0xF3, 0x70, 0x19, 0x88, 0x4F, 0x83, 0xBC, 0x08, 0xE2, 0x23, 0x88, 0x3F,
    0x00, 0xBE, 0x76, 0xC2, 0xDB, 0x85, 0x8F, 0x0D, 0x5F, 0x58, 0x7E, 0x54, 0xF7, 0x57, 0x0B, 0xC7,
    0xBA, 0xD7, 0x3D, 0x88, 0xEF, 0x1B, 0xC4, 0xAB, 0x16, 0x38, 0xB1, 0x90, 0xB4, 0x66, 0xEA, 0xD9,
    0xBD, 0x72, 0x0C, 0x15, 0x9B, 0x06, 0x7E, 0xEC, 0x20, 0xDF, 0x85, 0xB5, 0x6D, 0x58, 0xE9, 0x37,
    0xA3, 0x1D, 0xDD, 0x8F, 0x78, 0xE4, 0x25, 0xB1, 0x4F, 0x88, 0x1D, 0x88, 0x1A, 0xC4, 0x1D, 0x8D,
    0x08, 0x9E, 0xE4, 0xCE, 0x65, 0xA4, 0x05, 0x69, 0x40, 0x99, 0xAF, 0xA2, 0x74, 0xFF, 0x23, 0x60,
    0x4E, 0x08, 0x2D, 0x40, 0x74, 0x5B, 0x73, 0xD7, 0xF2, 0x4B, 0xCB, 0x25, 0x37, 0x08, 0x79, 0xE0,
    0x67, 0x7E, 0x82, 0x2F, 0xCE, 0xD5, 0xE5, 0x21, 0x2F, 0x6B, 0x72, 0xC8, 0x21, 0x7B, 0xC3, 0xCA,
    0xA0, 0x19, 0x23, 0x69, 0x20, 0x5D, 0x40, 0xBE, 0x01, 0x70, 0x52, 0x21, 0x64, 0x96, 0x99, 0xC7,
    0xED, 0x1E, 0x5D, 0xC5, 0xE9, 0xB3, 0xEB, 0xB9, 0xDC, 0x12, 0x3F, 0x8D, 0x4E, 0xAD, 0xEE, 0xC8,
    0xC3, 0xDE, 0x44, 0x63, 0x27, 0x6A, 0x61, 0x85, 0x4D, 0xAC, 0xB4, 0xFD, 0x23, 0x46, 0xE9, 0xCC,
    0x04, 0x07, 0xDB, 0x2E, 0xF7, 0x4F, 0x6F, 0xAB, 0x2D, 0x80, 0xD2, 0xA6, 0xE3, 0x67, 0x0A, 0x45,
    0xCA, 0x84, 0x4C, 0x97, 0x16, 0x00, 0x0E, 0x10, 0x9F, 0x21, 0x85, 0x86, 0xE3, 0x6D, 0x9C, 0x90,
    0xD6, 0x53, 0xBF, 0xFB, 0xFC, 0x7F, 0xDD, 0x38, 0xCF, 0x7E, 0x07, 0x72, 0x0F, 0x4F, 0x6F, 0x43,
    0x2F, 0x25, 0x5A, 0x39, 0xF9, 0xC6, 0xF9, 0x48, 0x3F, 0xBB, 0x63, 0x2E, 0x9D, 0xA2, 0x05, 0x75,
    0x13, 0x36, 0xD6, 0x01, 0x1E, 0x8B, 0x98, 0xB4, 0x66, 0xD6, 0xF7, 0xF4, 0x31, 0x94, 0x6C, 0x1A,
    0xF8, 0x95, 0x1B, 0x8F, 0xE6, 0xD2, 0xD8, 0xD3, 0xD7, 0x91, 0x21, 0x10, 0xF9, 0x4C, 0xC7, 0x5E,
    0x99, 0xD8, 0x29, 0x2D, 0xEA, 0x74, 0xB0, 0x31, 0x11, 0x5A, 0x92, 0x60, 0x91, 0xEF, 0x3B, 0xA4,
    0xF1, 0x28, 0xD3, 0xA2, 0x74, 0x45, 0x76, 0xAD, 0x20, 0xF8, 0x12, 0x60, 0xE3, 0x0A, 0xE7, 0xB7,
    0x51, 0x5B, 0x88, 0x6F, 0x03, 0x10, 0x11, 0x32, 0x3D, 0x0B, 0x64, 0x1F, 0x52, 0xC2, 0x94, 0xB1,
    0x8F, 0x2A, 0x98, 0xC3, 0x1C, 0x1A, 0x00, 0x40, 0xFA, 0xA1, 0xA1, 0xD9, 0xDE, 0x02, 0x38, 0xA9,
    0x8A, 0x78, 0x89, 0xFC, 0x2B, 0xEB, 0xF2, 0xC8, 0x12, 0x36, 0x0D, 0xBC, 0x34, 0x0E, 0xF7, 0xFA,
    0x30, 0xDC, 0x8F, 0x63, 0x81, 0x13, 0x3F, 0x41, 0x7C, 0x08, 0x77, 0x4D, 0x3F, 0xE3, 0x70, 0x9C,
    0xED, 0x6D, 0x1C, 0x70, 0xB6, 0x36, 0x00, 0x1E, 0x87, 0x18, 0x4A, 0xC3, 0x7D, 0x1B, 0xD9, 0xFA,
    0x18, 0x4A, 0xB2, 0x4F, 0xA2, 0x10, 0x44, 0x7D, 0x5E, 0x9A, 0x35, 0x65, 0x4E, 0x4B, 0x4B, 0x72,
    0xD0, 0x37, 0x16, 0xA9, 0x87, 0xF6, 0x0C, 0x8B, 0x6D, 0xE6, 0xDB, 0x34, 0xE5, 0x3B, 0xAE, 0x0C,
    0x1A, 0x0D, 0x6F, 0x82, 0x07, 0x0F, 0x35, 0xB1, 0x01, 0xE0, 0x2C, 0x22, 0xD4, 0xEA, 0x67, 0x75,
    0x16, 0xD9, 0x0C, 0x94, 0x43, 0x1C, 0x42, 0xA6, 0xCF, 0x48, 0xB3, 0x2B, 0xCD, 0xAF, 0xAF, 0x12,
    0x96, 0x44, 0x10, 0x6B, 0xFA, 0x2F, 0x37, 0x48, 0x78, 0x12, 0x80, 0x0B, 0x3B, 0x3B, 0x65, 0x08,
    0x2F, 0xE6, 0xEB, 0xBB, 0xF9, 0x3A, 0xD5, 0x0A, 0x0B, 0x98, 0x43, 0x0B, 0xCD, 0x88, 0x88, 0x06,
    0x6B, 0x48, 0x1A, 0xCA, 0x03, 0x80, 0x58, 0x93, 0x58, 0x84, 0x41, 0xC2, 0x1A, 0x00, 0xF1, 0xE0,
    0x46, 0x65, 0x78, 0xEE, 0xCF, 0x0F, 0x3B, 0x4E, 0x46, 0x7A, 0x5D, 0xB5, 0xF0, 0x04, 0x0A, 0xC5,
    0x1A, 0xCF, 0x02, 0xFF, 0x02, 0x0D, 0x8E, 0x25, 0x54, 0x05, 0x41, 0x14, 0x40, 0x2F, 0xEE, 0xEE,
    0x3A, 0x11, 0x77, 0x87, 0x77, 0x78, 0xD3, 0xD3, 0xF6, 0x4C, 0xDA, 0x82, 0x4B, 0x41, 0x1A, 0x75,
    0x7B, 0x45, 0x1B, 0x2E, 0x89, 0x9D, 0x9E, 0xA6, 0xA7, 0xE9, 0x09, 0x77, 0xFB, 0xFD, 0x5C, 0x81,
    0x4E, 0x94, 0x12, 0x97, 0x15, 0x20, 0x7B, 0xA7, 0xC2, 0x6D, 0xF1, 0x0C, 0x64, 0xF9, 0x82, 0xE7,
    0x7E, 0x19, 0x2D, 0x03, 0xCC, 0x2E, 0xFA, 0x43, 0xE5, 0x1C, 0xDD, 0xFB, 0xFA, 0x0E, 0x10, 0xEE,
    0xFF, 0xBC, 0xDA, 0xCB, 0xF7, 0xD3, 0xCE, 0x5E, 0x91, 0xC9, 0xCE, 0x3B, 0x63, 0x36, 0x22, 0x30,
    0x6E, 0x32, 0x8C, 0x06, 0x75, 0x00, 0x6D, 0xA3, 0x72, 0x39, 0x19, 0xCE, 0x1C, 0x44, 0xB5, 0xB7,
    0xB7, 0xEA, 0x2B, 0x2C, 0x9C, 0xBB, 0x2B, 0x2F, 0xF7, 0xAD, 0x0B, 0x00, 0xC6, 0xCF, 0xDE, 0x9F,
    0x0E, 0x42, 0x7E, 0x59, 0x46, 0x40, 0x5B, 0x9B, 0x3C, 0xB3, 0xF2, 0x7D, 0xB9, 0xB0, 0xF2, 0xFE,
    0xBE, 0xB0, 0x50, 0xD4, 0xDF, 0x27, 0x83, 0x94, 0x50, 0x91, 0x39, 0xAA, 0x0B, 0xBA, 0x93, 0x95,
    0x54, 0x58, 0x61, 0x12, 0x75, 0xCD, 0x16, 0xEE, 0x4F, 0xD3, 0x30, 0xB0, 0x13, 0x27, 0x7F, 0xF7,
    0x90, 0xFE, 0xC6, 0xC7, 0xFF, 0xE3, 0xFF, 0xC0, 0xC0, 0x60, 0x57, 0xC1, 0xC0, 0xA0, 0x63, 0xC3,
    0x00, 0x24, 0x80, 0x58, 0x06, 0x88, 0x79, 0x81, 0x58, 0x0F, 0x88, 0xED, 0x81, 0xF8, 0x3F, 0x03,
    0x03, 0xE3, 0x67, 0x07, 0x06, 0xE6, 0xC3, 0x0D, 0x0C, 0xDC, 0xCD, 0x07, 0x18, 0xE4, 0x99, 0x0E,
    0x1F, 0xB0, 0x65, 0xBC, 0x7E, 0x60, 0x0F, 0xC3, 0x7E, 0x07, 0x00, 0xBD, 0x9B, 0x01, 0xA8, 0x5D,
    0xC7, 0x99, 0xDF, 0x7F, 0xE7, 0x8C, 0xAC, 0x93, 0xD5, 0xC4, 0x9A, 0x07, 0x98, 0x76, 0x89, 0x1C,
    0x1D, 0x17, 0x5A, 0x30, 0x8E, 0x7C, 0x8F, 0x01, 0x01, 0x02, 0xCE, 0xBD, 0xE7, 0x38, 0x02, 0x02,
    0x0D, 0x34, 0xA6, 0x5D, 0xEF, 0x02, 0x81, 0x7A, 0x01, 0x80, 0xC5, 0x05, 0xA4, 0x82, 0x00, 0xB5,
    0x1C, 0xEB, 0xCE, 0x3A, 0xC0, 0x02, 0x0B, 0x44, 0x40, 0xD9, 0x02, 0xA1, 0x58, 0x80, 0x0B, 0xCE,
    0x33, 0xCD, 0x7B, 0x80, 0xA0, 0x37, 0xDD, 0xFB, 0xDE, 0x1D, 0x2B, 0xC0, 0x02, 0x01, 0x74, 0x52,
    0xAF, 0x1B, 0x80, 0xB6, 0x9D, 0x75, 0xB4, 0x09, 0xC8, 0xA5, 0x9A, 0x24, 0xC7, 0xDD, 0x23, 0xF9,
    0xDC, 0x3B, 0x3D, 0x73, 0xEF, 0xE9, 0x93, 0xDE, 0x46, 0xB6, 0x25, 0xEB, 0x25, 0x8F, 0xF9, 0x7F,
    0xEF, 0x01, 0xF7, 0xCE, 0xFC, 0x67, 0x66, 0xBE, 0x6F, 0xBE, 0xF9, 0xBE, 0xEF, 0x01, 0x70, 0x1A,
    0xC8, 0x6A, 0x88, 0x1A, 0x00, 0x8E, 0x6F, 0x6F, 0x97, 0xD2, 0xFB, 0x32, 0x72, 0x92, 0xD8, 0x25,
    0xC4, 0x16, 0x44, 0x0D, 0xE2, 0x83, 0x12, 0xE1, 0x1D, 0xC9, 0x07, 0xAF, 0x20, 0x0D, 0x48, 0x0D,
    0x4A, 0xFF, 0x3E, 0xAA, 0xCC, 0xC9, 0x6E, 0xCF, 0xF0, 0xBE, 0x85, 0x67, 0x9F, 0x85, 0xC9, 0x04,
    0xCE, 0x3C, 0xFB, 0xC4, 0x7D, 0xBD, 0xB0, 0xBD, 0x4D, 0xE1, 0x3D, 0x97, 0x72, 0xC5, 0x6E, 0x8F,
    0xAD, 0xEA, 0x18, 0xCC, 0x81, 0x1F, 0xFE, 0x10, 0xBC, 0x37, 0xB4, 0xD2, 0xE0, 0x44, 0x1D, 0x10,
    0x39, 0x61, 0x62, 0x2B, 0x4D, 0x62, 0x77, 0xCA, 0xEC, 0x27, 0x4B, 0xEE, 0xFF, 0x54, 0x20, 0x5A,
    0x50, 0x9A, 0x81, 0x0F, 0xD2, 0x7B, 0xD6, 0x7C, 0x02, 0x6C, 0xB4, 0xE1, 0x63, 0x36, 0x48, 0x0C,
    0xF7, 0xF9, 0x04, 0x94, 0x90, 0x5D, 0x05, 0xEF, 0x80, 0x53, 0x2D, 0x78, 0x5F, 0x0A, 0xA7, 0x50,
    0x5A, 0x92, 0x71, 0x82, 0x31, 0xF0, 0xC6, 0xAB, 0x25, 0x0B, 0x6F, 0xD8, 0xEB, 0x7F, 0xCF, 0x80,
    0x39, 0x50, 0x01, 0x13, 0x2E, 0x93, 0x7E, 0xD4, 0x90, 0x78, 0x0D, 0x5B, 0x40, 0x76, 0x2B, 0xF2,
    0x5E, 0xD4, 0xA7, 0xA5, 0x7E, 0x5A, 0xE9, 0x2F, 0x49, 0x43, 0xB2, 0x24, 0xF2, 0x35, 0xA9, 0x83,
    0x76, 0x8B, 0xF9, 0x39, 0x66, 0xE7, 0x68, 0x8A, 0x1D, 0x5B, 0xF8, 0x92, 0xB2, 0xE7, 0x2A, 0x57,
    0x91, 0x8B, 0x5D, 0x6C, 0x45, 0x2D, 0x8C, 0x30, 0x89, 0x91, 0x46, 0x6A, 0xA5, 0x55, 0x99, 0x69,
    0x6F, 0x93, 0xF3, 0xA5, 0xFC, 0x73, 0x93, 0x24, 0xE5, 0x7A, 0x56, 0xC8, 0x15, 0x91, 0x23, 0xEE,
    0x9B, 0x45, 0xD4, 0x08, 0x13, 0x5A, 0x62, 0x90, 0x7D, 0xD3, 0xA8, 0xBE, 0x95, 0x64, 0x1A, 0x6F,
    0x61, 0xFB, 0x2A, 0xBE, 0x26, 0x83, 0x11, 0x8C, 0xD7, 0x2D, 0x87, 0x6A, 0xDD, 0x66, 0xD0, 0x42,
    0x03, 0x2E, 0xB4, 0xC8, 0x21, 0x2C, 0x17, 0x0C, 0x0B, 0x00, 0xD6, 0x1B, 0x42, 0xE1, 0x57, 0x20,
    0x71, 0xA0, 0xA2, 0x20, 0x62, 0x07, 0xA7, 0x63, 0x0B, 0x2F, 0x0A, 0x6F, 0xC9, 0x85, 0xEF, 0x7A,
    0x61, 0xFA, 0xB9, 0x27, 0x26, 0xE3, 0xBA, 0xEC, 0x85, 0x93, 0x7A, 0x22, 0xAC, 0x2A, 0xE7, 0x53,
    0xD3, 0x2F, 0xC7, 0x82, 0x85, 0xD7, 0x5B, 0xAC, 0x59, 0xAF, 0x79, 0x27, 0x6B, 0xE6, 0x81, 0x7B,
    0x14, 0xD8, 0x87, 0x41, 0xEB, 0x30, 0x89, 0xDB, 0xEF, 0xDE, 0x2B, 0x85, 0xF7, 0xBE, 0x4B, 0x8C,
    0xA8, 0xAF, 0x48, 0x23, 0x4C, 0x26, 0x75, 0xDF, 0xA9, 0x2A, 0xFB, 0xFE, 0x54, 0xA9, 0x74, 0x95,
    0xE9, 0xF4, 0xA3, 0xD6, 0xDB, 0xBE, 0xBF, 0x83, 0xA3, 0x32, 0x0E, 0x47, 0xE5, 0x24, 0x84, 0xA3,
    0x52, 0x01, 0x7B, 0xFB, 0xC3, 0x51, 0x49, 0xEA, 0x43, 0x47, 0xA5, 0x47, 0xD2, 0x9C, 0xAA, 0x8B,
    0xAE, 0x68, 0x00, 0x60, 0x04, 0xD1, 0x12, 0x92, 0x9A, 0x0D, 0xB5, 0x13, 0xEF, 0xC8, 0x65, 0xDA,
    0x46, 0x3D, 0xF7, 0xD8, 0xA5, 0xC4, 0x36, 0x47, 0xD4, 0x0D, 0xE2, 0x17, 0x16, 0xE1, 0x0D, 0xC9,
    0x4F, 0x6B, 0xE4, 0x0D, 0x87, 0xD4, 0x0D, 0x4A, 0xCF, 0x51, 0xE5, 0x98, 0x4C, 0x67, 0xA5, 0xB7,
    0xAA, 0x06, 0x80, 0xB8, 0x0E, 0xA2, 0x03, 0xC8, 0x60, 0xE8, 0x94, 0x17, 0x4A, 0xB9, 0x22, 0x68,
    0x43, 0xDC, 0x06, 0x75, 0xE8, 0x85, 0x55, 0x0D, 0xA2, 0xCE, 0x5D, 0x2F, 0x3E, 0xEE, 0xC5, 0x8D,
    0xBF, 0x71, 0x24, 0x7F, 0x75, 0xC3, 0x92, 0xDC, 0x14, 0x16, 0x39, 0x17, 0x35, 0xAA, 0x15, 0x06,
    0x65, 0x7B, 0x91, 0x99, 0x53, 0x35, 0x9E, 0x40, 0xF9, 0xF2, 0xD3, 0x90, 0xE7, 0x90, 0x39, 0x00,
    0x5E, 0xBF, 0xF6, 0xC2, 0xB5, 0xA9, 0x2B, 0xAC, 0x2A, 0x15, 0x4A, 0x8F, 0x48, 0x4C, 0x8E, 0x30,
    0x33, 0x44, 0xED, 0x88, 0x3F, 0xAC, 0xE1, 0xD7, 0x06, 0x3C, 0xB0, 0x0F, 0x54, 0xC0, 0x75, 0xF8,
    0x9A, 0x83, 0x85, 0x86, 0x67, 0xD6, 0xD4, 0xE2, 0xF5, 0x56, 0x78, 0x86, 0xAD, 0xE0, 0xFE, 0x56,
    0x38, 0x82, 0x6A, 0xF5, 0x42, 0xD4, 0x24, 0x46, 0x98, 0x8D, 0x08, 0x5B, 0x11, 0xB4, 0xC0, 0x10,
    0xF6, 0x83, 0xEC, 0xF6, 0x4E, 0x8D, 0xF7, 0xDE, 0x81, 0x02, 0x38, 0x09, 0xF0, 0x34, 0xC0, 0x97,
    0x01, 0xF8, 0x13, 0xA0, 0x83, 0xB8, 0x87, 0x58, 0x82, 0x1C, 0x81, 0x3A, 0x0D, 0x2F, 0x2A, 0xC8,
    0x15, 0x5C, 0x57, 0x70, 0x6F, 0x27, 0x6C, 0xB7, 0x16, 0x46, 0x1A, 0x55, 0x26, 0x26, 0x2B, 0x4F,
    0xD5, 0xBE, 0x2E, 0x9A, 0xFB, 0x1A, 0xAB, 0x88, 0xDD, 0xC9, 0xFB, 0x16, 0xC4, 0x5F, 0xED, 0xD1,
    0x91, 0x98, 0x37, 0x90, 0x66, 0x82, 0xD4, 0x93, 0xB0, 0x0D, 0x3D, 0xE6, 0x64, 0x77, 0x1C, 0xDE,
    0xEB, 0x7E, 0x5A, 0x6F, 0x23, 0x7D, 0x38, 0x5F, 0x19, 0xB1, 0x53, 0x65, 0x6C, 0x55, 0x29, 0xEA,
    0x14, 0xF1, 0xC1, 0x7C, 0xB0, 0x3E, 0x73, 0xC2, 0x09, 0x95, 0x3A, 0x43, 0x05, 0x94, 0x6F, 0x90,
    0xBD, 0xDB, 0xE2, 0x7D, 0xFD, 0x64, 0x96, 0xE2, 0x2B, 0x41, 0x53, 0x32, 0xEF, 0x21, 0xD1, 0x0D,
    0xC8, 0xD2, 0x1D, 0xD2, 0x99, 0x68, 0xD0, 0x19, 0xCE, 0x08, 0x0B, 0xB9, 0xA8, 0xE1, 0x9C, 0x30,
    0xE0, 0x7A, 0x11, 0xD9, 0xC4, 0x70, 0xEA, 0xF6, 0xCE, 0xAD, 0xF0, 0xFD, 0x96, 0x1C, 0x66, 0x41,
    0x5C, 0xE7, 0x1C, 0x5C, 0xE4, 0xA5, 0x20, 0x9E, 0xC4, 0xA8, 0x46, 0xDB, 0xFF, 0xF4, 0x9D, 0x17,
    0xAE, 0x45, 0xFE, 0x5B, 0xDD, 0xD4, 0x92, 0xC7, 0xF6, 0x34, 0x9C, 0x16, 0x75, 0x0E, 0x4A, 0x18,
    0x07, 0xF2, 0xFC, 0x8D, 0x1A, 0xC4, 0x4F, 0x7F, 0xAA, 0x41, 0x78, 0x0F, 0xC8, 0xB7, 0xDE, 0xD2,
    0x90, 0xA9, 0xF3, 0x06, 0x2A, 0x25, 0x2C, 0x34, 0x6A, 0x6D, 0x18, 0x14, 0x2D, 0xA9, 0xBE, 0x50,
    0x5E, 0x61, 0x81, 0x37, 0x85, 0x8E, 0x16, 0xB5, 0xF4, 0xAD, 0x64, 0xAE, 0xC8, 0x9F, 0x22, 0x87,
    0x96, 0x7F, 0x65, 0xF1, 0x9A, 0xC4, 0x41, 0xB3, 0x6E, 0x0E, 0xE1, 0xF6, 0x17, 0x66, 0xBA, 0x82,
    0xF2, 0x48, 0xD5, 0x41, 0x68, 0x0B, 0x22, 0x50, 0x8F, 0x7C, 0x79, 0xE4, 0xDA, 0xF6, 0x44, 0xD6,
    0x60, 0x63, 0x9A, 0x56, 0x48, 0x1C, 0x2A, 0xEA, 0x11, 0xBB, 0xF5, 0xDE, 0xBF, 0x28, 0xEA, 0x60,
    0x28, 0x03, 0x82, 0xAD, 0xE4, 0x7A, 0x8F, 0xBE, 0x7F, 0x61, 0x95, 0x9E, 0x9A, 0x54, 0x2F, 0xF0,
    0x6E, 0x0B, 0x38, 0xFE, 0x76, 0xDF, 0x64, 0x47, 0xEA, 0xA2, 0x8E, 0x42, 0xC7, 0x2B, 0x16, 0x65,
    0x7C, 0x27, 0xF2, 0x88, 0x9B, 0xE2, 0x66, 0x2F, 0xFE, 0xFC, 0x5B, 0x88, 0x1F, 0xDF, 0x3C, 0x4D,
    0xF2, 0x9D, 0x6E, 0x84, 0x3C, 0xDF, 0x8C, 0x91, 0xB1, 0xCB, 0x51, 0x94, 0x41, 0x90, 0x93, 0x95,
    0xD1, 0x1E, 0xBE, 0x16, 0x7E, 0xAD, 0xE4, 0xA5, 0x5C, 0x89, 0xB5, 0x92, 0x87, 0x15, 0xA1, 0x21,
    0xB6, 0x84, 0xC5, 0x08, 0xE2, 0x83, 0x3F, 0xEC, 0x85, 0x5F, 0x1F, 0x9F, 0x3F, 0xB2, 0xC8, 0xA0,
    0xEE, 0x3D, 0x1D, 0x83, 0x0A, 0x22, 0x68, 0x24, 0x99, 0x4E, 0x6B, 0xBC, 0x2D, 0x1A, 0x48, 0x6F,
    0x11, 0x79, 0x4F, 0xE2, 0x52, 0x1D, 0x8C, 0x40, 0x86, 0xA8, 0xC7, 0x3D, 0xAA, 0x1E, 0xF3, 0x1E,
    0x2D, 0x89, 0x69, 0x91, 0x66, 0xB6, 0x5E, 0x8F, 0x8C, 0x09, 0x7B, 0x64, 0xF7, 0xAF, 0xC2, 0x9E,
    0xCA, 0x46, 0xBB, 0xD6, 0x54, 0x9A, 0x43, 0xF6, 0x26, 0xBA, 0x6F, 0x6F, 0x2C, 0xC1, 0xF4, 0x13,
    0x4C, 0x3F, 0x03, 0x95, 0x64, 0xB0, 0x37, 0x03, 0x95, 0x85, 0xEB, 0xBB, 0xBA, 0xF6, 0x10, 0x1D,
    0x57, 0x88, 0x40, 0xCA, 0x74, 0x24, 0xDE, 0x21, 0x6F, 0x97, 0x0F, 0xD7, 0xD3, 0x6C, 0x98, 0x86,
    0x4D, 0x51, 0xFA, 0x24, 0x19, 0xBF, 0xC7, 0x18, 0xA8, 0x80, 0x39, 0xD0, 0x0E, 0x98, 0x0F, 0x98,
    0x70, 0x91, 0xF4, 0x23, 0x37, 0x4C, 0x83, 0xB0, 0xB7, 0x85, 0xF7, 0x97, 0xF2, 0x93, 0xE1, 0xCE,
    0xA9, 0x8E, 0x31, 0x7F, 0xC8, 0x0D, 0x1A, 0x5B, 0x92, 0x86, 0x62, 0xF9, 0xC4, 0x36, 0x9A, 0xA7,
    0xFE, 0x00, 0x54, 0x07, 0xA2, 0x86, 0xAF, 0xDD, 0x25, 0xF1, 0xBE, 0xCE, 0xCE, 0xDF, 0x70, 0x55,
    0xA2, 0xDB, 0x56, 0x96, 0xB3, 0x46, 0x96, 0x6D, 0xA3, 0x68, 0x5A, 0x15, 0xBB, 0xB9, 0x92, 0x26,
    0xBB, 0xE3, 0x39, 0xEE, 0xAF, 0xC1, 0x8B, 0x10, 0x79, 0x0D, 0xDB, 0x25, 0xF1, 0xF6, 0xD7, 0xB7,
    0x85, 0x3F, 0xBF, 0xA2, 0xC2, 0x31, 0x11, 0x86, 0x54, 0x81, 0xFA, 0x4F, 0x90, 0xB4, 0x20, 0x1C,
    0xC8, 0x60, 0x99, 0x3A, 0xA8, 0x72, 0x70, 0x61, 0x01, 0x55, 0x99, 0xEA, 0xB4, 0x9E, 0xDA, 0x85,
    0x7B, 0xAC, 0x3B, 0x42, 0x3E, 0xFC, 0x8E, 0xB8, 0x85, 0xF7, 0xBE, 0x01, 0x70, 0x87, 0xC5, 0x35,
    0x5E, 0xB8, 0xF6, 0x7A, 0xBF, 0x3C, 0x8B, 0x5A, 0x91, 0xA1, 0x18, 0x91, 0x32, 0xE9, 0x31, 0x26,
    0x23, 0x27, 0xFD, 0x8B, 0x0E, 0xE9, 0x3B, 0x78, 0x7B, 0x06, 0xB4, 0x40, 0x03, 0x38, 0x38, 0xDE,
    0x42, 0xB6, 0xEA, 0xCF, 0xC0, 0x0B, 0x6F, 0x6F, 0x5F, 0x95, 0xAB, 0xA2, 0xF1, 0x26, 0x72, 0xD2,
    0x4C, 0x82, 0xC5, 0xD6, 0x63, 0xC2, 0x59, 0x08, 0xAA, 0xAA, 0xE8, 0xA5, 0x51, 0x54, 0xBD, 0x4C,
    0x99, 0x13, 0x5C, 0x93, 0x19, 0xD2, 0x8C, 0x68, 0x08, 0x9F, 0x73, 0xA8, 0x8D, 0x2C, 0xF3, 0xC8,
    0xF5, 0x3C, 0x57, 0xEF, 0x36, 0x81, 0xA8, 0x5F, 0x72, 0xF4, 0x3D, 0xDF, 0xC5, 0x87, 0x1F, 0x00,
    0x46, 0x00, 0x7C, 0x15, 0x80, 0x67, 0x07, 0xF9, 0xC2, 0xB6, 0xA6, 0xF0, 0x86, 0x4B, 0x63, 0xD8,
    0xCD, 0x61, 0xAB, 0x02, 0x02, 0x16, 0x77, 0xC1, 0xFB, 0x92, 0x46, 0x1A, 0x5C, 0x12, 0xB0, 0x66,
    0x14, 0xDB, 0xB4, 0x4C, 0xEE, 0xAD, 0x28, 0x7C, 0x30, 0x54, 0x7C, 0xA5, 0xB7, 0x54, 0xA4, 0xED,
    0x46, 0x8B, 0x1C, 0x89, 0x89, 0xEF, 0xEB, 0xB2, 0xB7, 0xAA, 0x17, 0x5D, 0xD0, 0xE5, 0x37, 0x14,
    0xFD, 0x64, 0x54, 0xE0, 0x98, 0x06, 0x72, 0xA3, 0x5E, 0x74, 0x93, 0x70, 0x71, 0x5E, 0x29, 0xBD,
    0x7F, 0xD3, 0x9B, 0xE0, 0x9A, 0x2D, 0x0F, 0xBB, 0x94, 0xDE, 0x8A, 0xE0, 0x8C, 0x4D, 0x64, 0xDF,
    0x82, 0x07, 0x36, 0x56, 0xE5, 0x3C, 0xBB, 0xD3, 0x78, 0xAF, 0xB9, 0x60, 0xD7, 0xFB, 0x23, 0xCB,
    0x02, 0x85, 0x2A, 0x7F, 0x0F, 0xA5, 0x09, 0x78, 0xF5, 0x35, 0x8D, 0xF7, 0xE1, 0x77, 0x09, 0x29,
    0x30, 0x01, 0xE6, 0x9C, 0x8D, 0x1B, 0xA6, 0x3B, 0x35, 0xA9, 0x3F, 0xB0, 0xD5, 0xD3, 0xAB, 0xEB,
    0xB3, 0xD5, 0x11, 0xB9, 0x54, 0x5F, 0x21, 0x76, 0x13, 0x32, 0x62, 0x3B, 0x47, 0xAD, 0x4D, 0xAD,
    0x2A, 0xC5, 0x7F, 0x73, 0x41, 0xFA, 0x5E, 0xF6, 0x06, 0xD7, 0x92, 0x22, 0x7F, 0x64, 0xC9, 0x90,
    0xDF, 0xB1, 0x8C, 0x51, 0x6F, 0x3A, 0x3A, 0x54, 0xD9, 0xC6, 0x0D, 0x99, 0x5E, 0x04, 0x67, 0xC4,
    0x66, 0x2B, 0x00, 0x4A, 0x20, 0xEE, 0x1D, 0x81, 0xB0, 0x40, 0x4B, 0xA9, 0x71, 0x4A, 0x07, 0x3B,
    0xD1, 0x83, 0xA8, 0x07, 0xAB, 0x1D, 0x28, 0x3C, 0xCC, 0x47, 0x44, 0x6E, 0x1C, 0x0C, 0xD9, 0x5A,
    0x35, 0xD3, 0x97, 0xF7, 0x98, 0x26, 0xBE, 0xE4, 0x29, 0xF0, 0x9D, 0xF8, 0xBF, 0x5D, 0x70, 0x38,
    0x99, 0x8D, 0x69, 0x72, 0x9A, 0x2A, 0x72, 0x95, 0x70, 0xB9, 0x74, 0xC5, 0x5E, 0xA3, 0x7E, 0xD5,
    0x01, 0x70, 0x8C, 0x78, 0x45, 0xB1, 0x8A, 0x56, 0x65, 0x52, 0xA3, 0x4A, 0x46, 0x99, 0x2E, 0xBC,
    0x9B, 0xBE, 0xDC, 0xCC, 0x69, 0xDB, 0xA1, 0xB9, 0x36, 0x76, 0xF3, 0xA4, 0x2E, 0x16, 0x3A, 0x5D,
    0x42, 0x49, 0xE8, 0x7C, 0x61, 0xC5, 0xDF, 0xF6, 0x7C, 0x9A, 0x0C, 0x37, 0x96, 0x75, 0xE1, 0xCD,
    0xE4, 0x9F, 0xBB, 0x1C, 0x37, 0x8E, 0x5C, 0xF6, 0xBD, 0x5A, 0xFA, 0x92, 0x2D, 0x00, 0xE9, 0x97,
    0xF1, 0xBD, 0x79, 0xE4, 0xCE, 0xC4, 0xF6, 0xF9, 0xC3, 0x2E, 0x3E, 0xA7, 0x6A, 0x8A, 0x16, 0x9E,
    0x21, 0xF2, 0x35, 0xEF, 0x36, 0xD0, 0xC1, 0x18, 0x26, 0xFC, 0x60, 0x94, 0xF8, 0x95, 0xD2, 0xFB,
    0x19, 0x93, 0x31, 0xE3, 0x9C, 0xBC, 0xA2, 0xCA, 0x69, 0xC6, 0xB1, 0xCB, 0x76, 0x8C, 0xF4, 0x00,
    0x3C, 0x15, 0xBE, 0x95, 0xFC, 0xBC, 0x27, 0xE0, 0x46, 0xB8, 0x71, 0xEF, 0x12, 0xAF, 0x78, 0xA3,
    0x24, 0x27, 0xB4, 0xEC, 0x7B, 0x26, 0x10, 0x00, 0xB6, 0x42, 0xFF, 0xA2, 0x93, 0x2F, 0x7B, 0x92,
    0x1D, 0x95, 0xFC, 0x2F, 0x50, 0x4A, 0xC9, 0x20, 0x4F, 0x03, 0x6A, 0x67, 0x1E, 0xA4, 0xEF, 0x82,
    0x1C, 0xE5, 0xC0, 0x8B, 0x79, 0x0E, 0xE7, 0xF2, 0x20, 0xC7, 0x4D, 0x9E, 0xCD, 0x28, 0xEA, 0x5C,
    0x39, 0x00, 0x08, 0x5D, 0x29, 0xAF, 0x4F, 0x7F, 0xDB, 0x9C, 0x59, 0x4F, 0x23, 0xDA, 0x29, 0xC5,
    0x0A, 0x94, 0x46, 0x9A, 0x5E, 0xFE, 0xC7, 0x05, 0x8B, 0x96, 0x08, 0x00, 0x4F, 0x7B, 0x85, 0x66,
    0x82, 0x1B, 0xE3, 0xF2, 0xC8, 0xE5, 0xB1, 0xAB, 0x84, 0x9D, 0x25, 0xF5, 0x5C, 0x99, 0x2B, 0x7F,
    0x69, 0x8B, 0xF7, 0x5B, 0x00, 0xB6, 0x22, 0xBB, 0xCB, 0x3D, 0xCB, 0xA8, 0xE4, 0x31, 0xBE, 0x85,
    0x57, 0xDD, 0x54, 0xD4, 0xA3, 0x70, 0x96, 0x29, 0xE6, 0x14, 0x1D, 0xF9, 0x98, 0x2A, 0x65, 0xA6,
    0x98, 0xC9, 0xBA, 0x49, 0x1C, 0x20, 0xFC, 0x8A, 0xFD, 0x3D, 0xAE, 0x8F, 0x83, 0x2E, 0xBA, 0x1C,
    0x5B, 0x45, 0xF5, 0x4C, 0x98, 0x59, 0x62, 0x9A, 0x29, 0xED, 0x92, 0x15, 0x00, 0x20, 0x96, 0x4C,
    0xD8, 0x67, 0xC9, 0x22, 0xEA, 0xF0, 0x62, 0xCE, 0x27, 0xDF, 0xCC, 0xF9, 0xD9, 0x7F, 0xC8, 0xE3,
    0xF7, 0xBB, 0xCB, 0xE2, 0x86, 0xBB, 0x9E, 0xFC, 0xA9, 0x75, 0x53, 0xCA, 0x76, 0xC9, 0xC1, 0x57,
    0x3C, 0xD5, 0x94, 0xD9, 0x88, 0xD9, 0x84, 0xA6, 0xD8, 0x76, 0x85, 0x0F, 0x5C, 0xAB, 0xD8, 0xCD,
    0x62, 0x3B, 0x13, 0x4D, 0x23, 0x3A, 0x80, 0x63, 0x07, 0xDB, 0x33, 0x1B, 0x51, 0x8D, 0xA9, 0x72,
    0xE6, 0x39, 0xB3, 0x61, 0x17, 0xDF, 0x32, 0x72, 0xE8, 0x0D, 0xA4, 0xF7, 0x4D, 0x7C, 0x6F, 0xA7,
    0x0E, 0x4E, 0x4A, 0xB0, 0x4E, 0x3D, 0xD8, 0xDC, 0x83, 0x01, 0x29, 0x89, 0x19, 0xD1, 0xEF, 0x6E,
    0x59, 0xB8, 0xC2, 0xC0, 0xA6, 0x6F, 0xD1, 0x2D, 0x74, 0xF4, 0x97, 0x77, 0x0C, 0x0B, 0x61, 0xE9,
    0x62, 0x4B, 0xDB, 0x63, 0xF3, 0x4C, 0x3A, 0xB0, 0x2D, 0xF1, 0xBD, 0x25, 0xC2, 0x87, 0x13, 0x77,
    0xDF, 0xEF, 0xCD, 0x2C, 0x14, 0x0D, 0xAC, 0x75, 0xC3, 0x0E, 0xA7, 0x87, 0x57, 0xF2, 0xE1, 0x25,
    0x19, 0xE4, 0x18, 0xB2, 0x9D, 0x32, 0xD0, 0x2B, 0x21, 0x62, 0x0B, 0x9F, 0xFD, 0x64, 0xC5, 0x95,
    0x4F, 0xFE, 0x6E, 0xA7, 0xCC, 0xFE, 0xB4, 0x53, 0x65, 0x11, 0x35, 0xAA, 0x9C, 0x04, 0x05, 0xCC,
    0x03, 0xD3, 0x5C, 0xD4, 0x29, 0x95, 0x08, 0xD6, 0x53, 0x98, 0x51, 0x10, 0x45, 0xD9, 0x24, 0x66,
    0xA0, 0x0A, 0x90, 0xB8, 0xCC, 0xC5, 0x4E, 0x69, 0x9C, 0x82, 0xE6, 0x34, 0xCC, 0x72, 0xB8, 0x7C,
    0x19, 0x72, 0x07, 0xE3, 0x40, 0x28, 0x10, 0xD3, 0x90, 0x02, 0x23, 0x20, 0x07, 0x5A, 0xF8, 0x9A,
    0x85, 0xA2, 0x04, 0x00, 0x94, 0x83, 0xE3, 0x16, 0xE2, 0x80, 0x61, 0x42, 0x8B, 0x15, 0xE2, 0x93,
    0x3B, 0x46, 0x9D, 0xFF, 0x8E, 0x1D, 0x25, 0x6F, 0xBA, 0x5C, 0xBE, 0xEC, 0x72, 0xD5, 0xEF, 0x84,
    0x8A, 0x6D, 0xAE, 0x84, 0x19, 0x2B, 0xA5, 0xD3, 0x3B, 0x2B, 0x12, 0x6F, 0xE1, 0x45, 0x20, 0x1F,
    0x30, 0x01, 0x0A, 0x00, 0x50, 0x26, 0xD5, 0xC2, 0xE5, 0xE0, 0x1C, 0x2C, 0x6A, 0x28, 0x74, 0x0F,
    0x60, 0x51, 0x12, 0x7D, 0x64, 0x10, 0x3F, 0xAA, 0x49, 0xE3, 0x86, 0x3D, 0x96, 0x9F, 0x7B, 0x3E,
    0x6F, 0x15, 0xEF, 0x77, 0x0C, 0xFA, 0x77, 0x0E, 0xB6, 0x08, 0xBD, 0x55, 0x69, 0x39, 0x53, 0xB4,
    0x8A, 0x26, 0x8D, 0x9D, 0xBA, 0xE3, 0xE4, 0xDD, 0x60, 0x95, 0x43, 0x13, 0xB7, 0x10, 0x1D, 0x00,
    0x80, 0xC7, 0x49, 0x7D, 0x25, 0x88, 0xB0, 0xB2, 0xE5, 0xF8, 0xEF, 0x2F, 0x6F, 0x3D, 0x62, 0x16,
    0xEE, 0xB0, 0x79, 0x6A, 0x96, 0x5C, 0xF9, 0xCF, 0x9F, 0xAC, 0x28, 0x7E, 0xB2, 0x0A, 0x5C, 0xB7,
    0xBE, 0x68, 0x07, 0x65, 0xE8, 0xC0, 0xC0, 0x96, 0x30, 0xC0, 0x7D, 0x11, 0x95, 0x40, 0xD1, 0x31,
    0x69, 0x39, 0xDB, 0xF2, 0x5C, 0x03, 0xBE, 0xE5, 0xE3, 0xBD, 0xC8, 0x8D, 0xE2, 0xBE, 0xD9, 0xB1,
    0xB8, 0xD7, 0x09, 0x5F, 0x03, 0x78, 0x62, 0x3B, 0xED, 0x31, 0x42, 0xD4, 0x13, 0x84, 0x29, 0x56,
    0xC2, 0x4C, 0x2E, 0xFC, 0x99, 0xC9, 0x93, 0x1F, 0x9B, 0x2A, 0xF9, 0xB1, 0x9E, 0xAB, 0xEF, 0x96,
    0xFB, 0x0B, 0xA5, 0x7D, 0x7B, 0x60, 0x3F, 0x3C, 0x4C, 0x61, 0x04, 0x13, 0x28, 0x56, 0x4C, 0x2E,
    0xE8, 0x3C, 0xE9, 0x3F, 0x6B, 0xE6, 0xBD, 0xAD, 0x5B, 0xE0, 0x5B, 0xD8, 0x42, 0xF9, 0x72, 0xF4,
    0x9A, 0x09, 0xEF, 0xAB, 0xD8, 0x45, 0x7F, 0xE8, 0xD6, 0x27, 0xD8, 0xB2, 0xF6, 0x21, 0xEF, 0x2E,
    0x28, 0x5A, 0x06, 0xEB, 0xE7, 0xF1, 0x76, 0x2A, 0x7E, 0xDE, 0x8E, 0x94, 0xAE, 0x26, 0x29, 0x79,
    0xB1, 0xDF, 0x63, 0x49, 0x1E, 0x4C, 0x41, 0x35, 0xA6, 0x9D, 0x4D, 0x22, 0x37, 0x4B, 0xBF, 0x57,
    0x37, 0x89, 0x07, 0x36, 0x33, 0x5B, 0x74, 0xE2, 0x6E, 0xB7, 0x36, 0x02, 0x6D, 0x62, 0x1A, 0x71,
    0xCF, 0xE1, 0x5D, 0xFC, 0x37, 0x4E, 0xDC, 0xB0, 0xE9, 0xD7, 0x9B, 0xC5, 0xC1, 0x76, 0x9C, 0x85,
    0x09, 0x28, 0x43, 0x5C, 0x3F, 0x86, 0xA5, 0xDD, 0xDD, 0xA5, 0x69, 0xB8, 0xB6, 0xFB, 0x18, 0x5F,
    0x81, 0xD4, 0x92, 0x04, 0x53, 0x4A, 0xB6, 0xE2, 0xD4, 0x07, 0x48, 0x8D, 0xFC, 0xA6, 0x55, 0xD3,
    0x46, 0xD9, 0x4E, 0x99, 0x79, 0xCA, 0x2C, 0xA5, 0x19, 0xD1, 0x8C, 0x19, 0x8E, 0x1C, 0xF1, 0xB0,
    0x1C, 0x64, 0x9A, 0x09, 0x70, 0x96, 0xA8, 0x43, 0x5A, 0x14, 0xF0, 0x68, 0xD7, 0x4D, 0x50, 0x7D,
    0xB7, 0xE1, 0x96, 0xC1, 0xE4, 0x0F, 0x28, 0x56, 0x03, 0xB1, 0x09, 0x64, 0xEF, 0x6A, 0xE9, 0x07,
    0x53, 0x2F, 0x7C, 0xAD, 0xFE, 0xA2, 0xCE, 0x22, 0x93, 0x81, 0xB2, 0x88, 0x15, 0x64, 0xE5, 0x96,
    0xD4, 0xBB, 0x52, 0xFF, 0x70, 0x4A, 0xB8, 0xF1, 0x21, 0xD1, 0xCA, 0xC8, 0x12, 0xC0, 0x33, 0x65,
    0xC4, 0x84, 0x31, 0x39, 0x39, 0x15, 0x33, 0xF6, 0xF0, 0xC0, 0xA5, 0xDD, 0xB6, 0xB9, 0xB8, 0xFB,
    0x59, 0x9F, 0x40, 0x96, 0x28, 0x1D, 0x24, 0x00, 0x78, 0x28, 0x18, 0x4E, 0xC9, 0x18, 0x0E, 0x8C,
    0xD3, 0x2C, 0xB4, 0x03, 0x0F, 0x3D, 0xB6, 0x64, 0x86, 0x29, 0x00, 0x20, 0x7C, 0x07, 0xEC, 0xCF,
    0xD9, 0xF8, 0x5E, 0xB8, 0x2A, 0x88, 0x45, 0x07, 0x76, 0xFF, 0x02, 0x71, 0xDD, 0x28, 0x84, 0x71,
    0x8A, 0x44, 0x37, 0x29, 0x53, 0xF6, 0x82, 0x42, 0x67, 0x0D, 0x70, 0x30, 0x66, 0xC3, 0x14, 0xC7,
    0x08, 0xC7, 0x38, 0x72, 0x14, 0xEF, 0xFA, 0xA6, 0xF0, 0x77, 0xE7, 0xB9, 0xB0, 0xE3, 0x4A, 0xD4,
    0xE3, 0x99, 0xB0, 0xF9, 0x2C, 0xFA, 0xB8, 0x6D, 0x58, 0xD4, 0x00, 0x80, 0x7A, 0xF8, 0xD6, 0xB5,
    0x0F, 0x6C, 0x5D, 0x3B, 0x6C, 0x1D, 0x6D, 0x1E, 0x2D, 0x01, 0x04, 0xA4, 0x9A, 0x7D, 0xB0, 0x3C,
    0xFA, 0x55, 0xC6, 0x4B, 0xB0, 0x07, 0x59, 0x89, 0x30, 0x8F, 0x71, 0x4F, 0x1E, 0x03, 0xC6, 0x27,
    0x21, 0x9B, 0x43, 0x62, 0x8F, 0xD2, 0x1C, 0x3F, 0xCA, 0xF0, 0xD1, 0xE6, 0xD4, 0xAD, 0xB7, 0x35,
    0xF2, 0xA6, 0x87, 0x86, 0x1C, 0xA6, 0xDE, 0xF3, 0x5F, 0x56, 0x3F, 0xC0, 0xCD, 0x4E, 0x52, 0xB6,
    0xC7, 0xC0, 0xB7, 0xB0, 0xF2, 0xD0, 0x53, 0x1A, 0x6E, 0x40, 0x2D, 0x6C, 0x46, 0x72, 0x6F, 0x49,
    0xE6, 0x2D, 0x84, 0x8F, 0x14, 0x9A, 0xE9, 0x47, 0x86, 0xEC, 0xBC, 0xA1, 0x10, 0x86, 0x71, 0xE2,
    0xEB, 0x5C, 0xFE, 0xDC, 0xE5, 0x4A, 0x37, 0x95, 0x2A, 0x9B, 0x99, 0x2A, 0xDD, 0xAC, 0x7F, 0xCB,
    0x37, 0xF1, 0xA0, 0x56, 0x27, 0xB6, 0xB7, 0xDF, 0x01, 0xE5, 0x7D, 0xCB, 0xC6, 0x9B, 0x26, 0x84,
    0x98, 0x01, 0x97, 0x02, 0x54, 0x15, 0xC0, 0xA4, 0x81, 0x21, 0x54, 0xA2, 0xDE, 0x7A, 0xAB, 0x84,
    0x89, 0x4A, 0x0C, 0xCC, 0x95, 0xA8, 0x89, 0x9C, 0x5A, 0xBF, 0x8F, 0x52, 0x1A, 0x52, 0x33, 0x7D,
    0x79, 0xC9, 0xC2, 0xFA, 0x1F, 0x0D, 0xBD, 0x93, 0x79, 0x5F, 0x92, 0xBE, 0x7A, 0x05, 0xA4, 0x9E,
    0x81, 0xF8, 0xAF, 0x35, 0x9B, 0xF9, 0xA5, 0xBE, 0x81, 0x71, 0x5E, 0x41, 0x53, 0x85, 0xA7, 0xC6,
    0xE5, 0x14, 0xF9, 0xDE, 0x52, 0xE9, 0x42, 0x78, 0x69, 0x39, 0xD5, 0x80, 0x1F, 0x9E, 0xDE, 0x26,
    0x59, 0x3F, 0xBD, 0x27, 0xC3, 0xD3, 0x7B, 0xE1, 0x7D, 0xBD, 0xF7, 0xEA, 0xB7, 0xCD, 0x0C, 0x69,
    0xE6, 0x28, 0x5D, 0x6D, 0x9E, 0xDE, 0x43, 0x14, 0xDA, 0xC0, 0x16, 0xF0, 0xD4, 0x21, 0x97, 0x62,
    0xF2, 0xEA, 0xBC, 0xF0, 0x5D, 0x4E, 0x1B, 0x5C, 0x4E, 0x31, 0xB8, 0x14, 0xEB, 0x88, 0x22, 0xF3,
    0x85, 0x13, 0xE1, 0xB1, 0x50, 0x2B, 0xBD, 0x79, 0xB1, 0x4A, 0x93, 0xF7, 0xB8, 0x4C, 0x62, 0x1C,
    0xE2, 0x3D, 0x8B, 0x78, 0xDF, 0x20, 0x7E, 0xA1, 0x89, 0xEF, 0x40, 0xBC, 0x82, 0xA8, 0x03, 0x5A,
    0x00, 0x80, 0x88, 0x29, 0x99, 0xC9, 0x98, 0x96, 0x8A, 0x06, 0xF5, 0xB2, 0x43, 0x7E, 0xC7, 0xAC,
    0x91, 0xFC, 0x18, 0xC4, 0x4D, 0x10, 0xFF, 0x1B, 0xE2, 0xAE, 0x87, 0x03, 0x00, 0x9E, 0xD3, 0xF0,
    0x6F, 0x2C, 0xE4, 0xBB, 0xF0, 0xF4, 0x39, 0x38, 0xB6, 0x75, 0x04, 0x3C, 0x20, 0xFA, 0xAB, 0x1E,
    0x3F, 0xD3, 0xF0, 0x2B, 0x03, 0x67, 0xEB, 0x2F, 0xC0, 0xEF, 0x91, 0x42, 0x4A, 0xE6, 0x50, 0x48,
    0x49, 0xDE, 0x0F, 0x29, 0x35, 0x0F, 0x84, 0x94, 0x6E, 0xE1, 0x29, 0x3A, 0x80, 0x19, 0x80, 0x03,
    0xB0, 0x40, 0x64, 0x1E, 0xD3, 0x91, 0x1D, 0x1C, 0x85, 0x4B, 0xB0, 0x0B, 0x16, 0xCA, 0x78, 0x9B,
    0x64, 0x05, 0x0E, 0xE9, 0x4D, 0xF2, 0x71, 0x19, 0xDB, 0xE1, 0xC5, 0x26, 0xCC, 0x44, 0x98, 0x2C,
    0x31, 0x59, 0xB0, 0x0E, 0xBA, 0x0A, 0x21, 0x78, 0xAF, 0x81, 0xC2, 0x90, 0x6A, 0x54, 0x89, 0x22,
    0x34, 0xDF, 0x91, 0xBD, 0xF2, 0x59, 0x97, 0xEA, 0xA7, 0x06, 0x5A, 0x7E, 0xF4, 0x1A, 0xE2, 0xC6,
    0xFF, 0x0F, 0xB4, 0x5C, 0x44, 0xEA, 0xE7, 0x7E, 0x33, 0xD0, 0x32, 0x38, 0x9B, 0x6C, 0x9C, 0xCD,
    0x9A, 0xF9, 0xDF, 0x77, 0x36, 0xBF, 0x61, 0xE2, 0x0F, 0xEF, 0x0C, 0xCE, 0x66, 0x87, 0x30, 0x2F,
    0xF6, 0x38, 0x76, 0xD8, 0xD9, 0x44, 0x68, 0x10, 0x25, 0xC8, 0xF2, 0xF8, 0xF6, 0xCE, 0x10, 0x9C,
    0x85, 0x8D, 0x5E, 0xF2, 0xE8, 0xC1, 0x59, 0x28, 0x21, 0x32, 0x10, 0x1B, 0xBC, 0x37, 0x4C, 0xB7,
    0x35, 0x23, 0x60, 0x02, 0x8C, 0x81, 0x7C, 0x40, 0x05, 0xCC, 0x06, 0x34, 0x80, 0x03, 0x86, 0xB1,
    0x32, 0x03, 0xD3, 0xCF, 0x48, 0x27, 0x05, 0x14, 0xDE, 0x90, 0xDD, 0xD6, 0x24, 0x9F, 0xCE, 0x23,
    0xF3, 0xAD, 0xBC, 0xDD, 0x08, 0x73, 0x31, 0x31, 0xCF, 0x49, 0xCD, 0x74, 0x45, 0xFA, 0xEF, 0x86,
    0xED, 0x48, 0x21, 0x7B, 0xB0, 0x7F, 0x15, 0xB0, 0x99, 0x67, 0xC0, 0x9D, 0x16, 0xE1, 0x57, 0x08,
    0x53, 0x90, 0x98, 0x14, 0xA9, 0x53, 0x54, 0x40, 0x39, 0x22, 0x25, 0xC7, 0xD3, 0x82, 0xB2, 0x70,
    0xA2, 0x04, 0xC2, 0x2C, 0xA7, 0xEF, 0x9A, 0x51, 0x6C, 0xC6, 0x30, 0xFE, 0x13, 0x0A, 0xCF, 0x24,
    0x0D, 0x7B, 0x3B, 0x13, 0xA1, 0x35, 0x1B, 0x0B, 0xAB, 0x4A, 0x32, 0x8E, 0x07, 0x2F, 0xE0, 0xB7,
    0x11, 0x24, 0x2E, 0x17, 0xF8, 0xC1, 0x9D, 0x17, 0x0F, 0x4A, 0x0D, 0x10, 0x97, 0x8F, 0xFD, 0xC0,
    0x1C, 0x3D, 0xEC, 0x81, 0xD9, 0x01, 0x70, 0x19, 0x80, 0x4B, 0x00, 0x5C, 0x04, 0xE0, 0x39, 0x1E,
    0x2B, 0x38, 0x1D, 0x39, 0x22, 0x4B, 0x54, 0x13, 0x99, 0x47, 0x7A, 0xAB, 0x0A, 0x83, 0xD0, 0x88,
    0x92, 0xF8, 0x0B, 0x67, 0x8E, 0xAE, 0x7A, 0xAB, 0x1C, 0x10, 0x60, 0x07, 0x18, 0xAF, 0xBA, 0xFD,
    0xC4, 0x8E, 0xD6, 0x31, 0x9A, 0xC9, 0xFA, 0x56, 0xAF, 0xF2, 0xF5, 0x8B, 0x51, 0xD1, 0xA8, 0xAB,
    0x4E, 0xAE, 0x49, 0xB3, 0xBB, 0x6E, 0x7F, 0xDC, 0x67, 0xD3, 0xBE, 0x2F, 0x97, 0xB2, 0x8B, 0x9C,
    0xA8, 0xC3, 0xC5, 0x1C, 0xDF, 0xCE, 0x10, 0xFF, 0x33, 0x47, 0xFC, 0x1F, 0x87, 0xF0, 0x96, 0xE4,
    0x7F, 0x38, 0x92, 0xFF, 0xDE, 0x22, 0xDF, 0xA9, 0x50, 0xEB, 0x5C, 0x49, 0x4A, 0xA6, 0x55, 0xED,
    0x6D, 0xE2, 0x00, 0x2F, 0x56, 0xD3, 0xA8, 0x19, 0xFD, 0x8B, 0x7A, 0xF2, 0xEF, 0x75, 0xE1, 0xD7,
    0xCE, 0xDC, 0x4D, 0xDE, 0xB8, 0xA9, 0x67, 0xE1, 0x94, 0xD8, 0x26, 0x6E, 0xE3, 0x7E, 0x62, 0xC9,
    0x4A, 0xB5, 0xB8, 0xC4, 0x28, 0xAF, 0x38, 0xFE, 0x71, 0xB8, 0x9A, 0x66, 0x88, 0x9F, 0x87, 0xFE,
    0xCD, 0x66, 0x82, 0xEF, 0xB9, 0x21, 0xF0, 0x5B, 0x21, 0xF5, 0x84, 0xB4, 0x4E, 0xF5, 0xC2, 0x29,
    0x7B, 0xE0, 0xA1, 0x26, 0x7F, 0x1D, 0x7A, 0x4E, 0x82, 0x99, 0x5D, 0xC9, 0x37, 0x1B, 0x75, 0xBE,
    0x56, 0x52, 0x2B, 0x4F, 0xDA, 0x37, 0x45, 0x98, 0x69, 0x62, 0x72, 0x61, 0xF3, 0xB8, 0x7D, 0xD2,
    0x0C, 0x5C, 0xD1, 0x15, 0x6E, 0xD2, 0xA9, 0xF2, 0xEC, 0x6C, 0xC4, 0x73, 0x4D, 0x0E, 0x2B, 0x07,
    0xDE, 0x81, 0x6B, 0x88, 0x5C, 0xB5, 0xE9, 0xCF, 0x16, 0x21, 0x1D, 0x64, 0x8E, 0x22, 0x30, 0x7E,
    0x0B, 0x6F, 0x37, 0x76, 0x3D, 0x07, 0x38, 0x07, 0x70, 0x16, 0xE0, 0xA5, 0x47, 0x79, 0xEB, 0x2F,
    0xE1, 0x45, 0x38, 0xB3, 0x6E, 0xCF, 0x04, 0x3A, 0x1B, 0x3E, 0xE1, 0xA2, 0x61, 0x26, 0xD7, 0x8C,
    0xE4, 0x9A, 0x52, 0xB4, 0xE1, 0x84, 0xF8, 0xDB, 0x57, 0x83, 0xF4, 0x3E, 0xC8, 0x40, 0x8B, 0x24,
    0xF0, 0x0A, 0xC4, 0x6A, 0x36, 0xCC, 0x50, 0x65, 0x90, 0x99, 0x3E, 0x55, 0x13, 0xC8, 0xB5, 0x00,
    0x80, 0x17, 0xDE, 0x33, 0x65, 0xB5, 0xC3, 0xFA, 0x24, 0x4D, 0x68, 0x4E, 0xD2, 0x73, 0x82, 0x9E,
    0x15, 0xF4, 0xBC, 0xA0, 0x0A, 0xA2, 0xE7, 0x06, 0x3D, 0x3B, 0x18, 0x62, 0x11, 0x1B, 0x7B, 0xF7,
    0x7D, 0xA4, 0xF7, 0x21, 0x32, 0x18, 0x5B, 0x62, 0x27, 0x7A, 0x61, 0x83, 0x66, 0xD4, 0xEB, 0xF7,
    0x81, 0xB8, 0xD3, 0x08, 0x93, 0x84, 0x28, 0xA1, 0x34, 0x93, 0x5E, 0xE8, 0x7E, 0x4B, 0x55, 0x39,
    0x52, 0x5A, 0x31, 0x52, 0xA5, 0x62, 0x9C, 0xE9, 0x0B, 0xE4, 0xDE, 0x7A, 0x5A, 0xE0, 0x1F, 0x3A,
    0xA0, 0x30, 0xC0, 0x33, 0x10, 0x81, 0x2F, 0x6C, 0x1F, 0x21, 0x70, 0x64, 0xC6, 0x51, 0xE0, 0x98,
    0xF0, 0xCB, 0xAB, 0x79, 0xE4, 0xBB, 0x3C, 0x6E, 0xF6, 0x2A, 0x61, 0x27, 0x33, 0x51, 0x8F, 0x42,
    0x78, 0xA0, 0xE9, 0xF1, 0x80, 0xAD, 0x6E, 0x06, 0xAF, 0x52, 0x73, 0x0A, 0xF0, 0x20, 0xDC, 0x89,
    0x52, 0x19, 0xEF, 0x32, 0xE1, 0xBA, 0xB1, 0x34, 0x79, 0xA5, 0xCA, 0x3C, 0x28, 0xFE, 0x2C, 0xA5,
    0x6A, 0x53, 0x66, 0x73, 0x85, 0xAB, 0xD4, 0x79, 0x3B, 0x91, 0x37, 0x75, 0xFA, 0x0B, 0x3F, 0x17,
    0xDE, 0x37, 0x1C, 0x8B, 0xE0, 0x18, 0xD0, 0x41, 0x62, 0xBF, 0x8F, 0xFA, 0x86, 0xD7, 0x23, 0x25,
    0x4C, 0x3E, 0x12, 0x75, 0x9E, 0x8B, 0xBA, 0xCA, 0xFB, 0xBF, 0x73, 0xA9, 0xC7, 0x59, 0x4A, 0xFA,
    0xD6, 0xCA, 0x24, 0xDE, 0x6B, 0xB6, 0x78, 0x20, 0x13, 0xA2, 0x08, 0xD3, 0x3C, 0x9C, 0x42, 0x38,
    0x8C, 0x0A, 0x98, 0x70, 0x89, 0xEC, 0xCE, 0x90, 0x42, 0x78, 0x50, 0xE3, 0xEB, 0xDF, 0x08, 0xA7,
    0x8C, 0x21, 0x67, 0x68, 0xE3, 0xCD, 0x9B, 0x6A, 0x45, 0x58, 0x75, 0x13, 0x5A, 0x54, 0x3E, 0x72,
    0xFA, 0xA1, 0xA5, 0xF0, 0x70, 0x1A, 0xBE, 0xBA, 0x6E, 0x5F, 0x3E, 0x08, 0xC8, 0xF8, 0x21, 0x20,
    0xF3, 0x5E, 0xA7, 0x74, 0x46, 0x7B, 0x38, 0x20, 0x63, 0xD7, 0x0F, 0xFE, 0x94, 0xF9, 0xA1, 0x80,
    0x4C, 0x0D, 0xC4, 0x6B, 0x61, 0x18, 0x44, 0x54, 0xBE, 0x7E, 0xED, 0xF5, 0xAB, 0x0B, 0xBB, 0x30,
    0x8A, 0x11, 0x4A, 0xE7, 0x1B, 0xC7, 0xEC, 0x86, 0x25, 0x7E, 0xDF, 0x10, 0x79, 0x60, 0x05, 0xCC,
    0x0F, 0x87, 0xEE, 0xE3, 0x16, 0xD4, 0x0A, 0x00, 0xA6, 0xB1, 0x27, 0xA3, 0x45, 0xE1, 0x50, 0x5F,
    0xB7, 0x1B, 0x47, 0xEC, 0xCF, 0x34, 0xC9, 0x4D, 0x7A, 0x1B, 0x06, 0xA2, 0x03, 0xD1, 0x1C, 0xBE,
    0xEA, 0x03, 0x4E, 0x35, 0x90, 0x35, 0xD0, 0x8F, 0xAF, 0xA7, 0xEB, 0xF1, 0x5F, 0x44, 0xEA, 0xCB,
    0xC3, 0xF8, 0x35, 0xF1, 0xCF, 0x86, 0xF1, 0x97, 0x90, 0xFA, 0x9A, 0xAF, 0xAC, 0xF4, 0xA7, 0x8E,
    0x9F, 0x32, 0xDF, 0x8C, 0xFF, 0xF2, 0xA7, 0x8C, 0xDF, 0x42, 0xE1, 0x4B, 0x62, 0x7B, 0x9F, 0x83,
    0x0C, 0xE3, 0xB7, 0x3C, 0x2C, 0xAD, 0x52, 0xAE, 0xD3, 0x2A, 0xE2, 0xC1, 0xB4, 0xCA, 0x1C, 0xAA,
    0xF1, 0xFD, 0xB4, 0x8A, 0x49, 0xED, 0xD4, 0x4D, 0x5B, 0x60, 0x06, 0x5C, 0x07, 0x2E, 0x06, 0x3C,
    0x7A, 0x3C, 0xE9, 0xEE, 0xF0, 0xF0, 0x3D, 0x39, 0xE0, 0x69, 0xE0, 0x4B, 0xFD, 0xA1, 0x78, 0xE7,
    0xF5, 0x6B, 0x85, 0xEF, 0x16, 0xF5, 0xA5, 0xFC, 0x4C, 0xCA, 0x6E, 0x7E, 0x66, 0x14, 0x2A, 0x67,
    0x26, 0x30, 0x67, 0x3C, 0x24, 0x93, 0xDB, 0x20, 0x1A, 0x2A, 0x70, 0xCC, 0x36, 0x22, 0x3A, 0x30,
    0x7A, 0xC9, 0xBD, 0xED, 0x7B, 0x64, 0xDE, 0x7B, 0x38, 0x48, 0xE6, 0x1F, 0xCA, 0xE8, 0x53, 0xF8,
    0x5F, 0xBA, 0xC9, 0xEA, 0x43, 0x7B, 0xB6, 0xF9, 0xD0, 0x6E, 0xB9, 0xF3, 0x83, 0x07, 0xB7, 0x2E,
    0xC0, 0xE9, 0xA1, 0x74, 0x6C, 0x0B, 0x1D, 0xDF, 0xFB, 0xA4, 0xC6, 0x7F, 0xB7, 0x01, 0x76, 0x1F,
    0xC0, 0x2B, 0x43, 0x9A, 0xC7, 0xAA, 0x32, 0x65, 0x7D, 0x5C, 0x86, 0x34, 0x4F, 0x4A, 0x8E, 0x3A,
    0x48, 0xF3, 0xCC, 0x0F, 0xBB, 0x5D, 0xC7, 0xEF, 0x42, 0xEA, 0x4B, 0x50, 0xDC, 0xC7, 0x09, 0x3E,
    0x2F, 0x34, 0xD6, 0x20, 0x96, 0x70, 0xE6, 0xC0, 0xB0, 0x1E, 0x1E, 0x3B, 0x43, 0x1D, 0x1B, 0x91,
    0x7E, 0x79, 0x4C, 0xFA, 0xEC, 0x18, 0xF5, 0x83, 0x61, 0xEC, 0x59, 0x05, 0x67, 0x67, 0xF0, 0xD2,
    0x70, 0x56, 0x8F, 0xB7, 0x90, 0xFA, 0xCD, 0x58, 0x79, 0x5A, 0x56, 0x8A, 0x99, 0x7A, 0xBE, 0x4D,
    0xFF, 0x49, 0xA3, 0xBC, 0x93, 0x9D, 0xE3, 0x5F, 0x3B, 0xFE, 0x91, 0x25, 0x6E, 0x10, 0xDD, 0xDA,
    0x40, 0x82, 0xF4, 0x1C, 0x76, 0x4C, 0x7F, 0xF2, 0x0A, 0xC2, 0x2F, 0x11, 0x77, 0xA7, 0x24, 0x46,
    0x21, 0x03, 0x1E, 0x70, 0xD8, 0x32, 0x3D, 0x2D, 0xFD, 0x87, 0xDE, 0x00, 0x69, 0x4D, 0x62, 0x0E,
    0x42, 0x2D, 0xA5, 0xFC, 0x6E, 0xA3, 0xF6, 0x3B, 0x55, 0x57, 0x4A, 0x57, 0x8A, 0x10, 0x0C, 0x18,
    0xD1, 0x8C, 0x86, 0xE7, 0xC0, 0x10, 0x0C, 0x80, 0xAC, 0x86, 0x38, 0x50, 0x57, 0xF5, 0x04, 0x32,
    0x52, 0xC2, 0x7C, 0xC8, 0xC3, 0xA5, 0x98, 0xB7, 0x28, 0x0A, 0xEF, 0x3D, 0xF2, 0xDE, 0xF6, 0x36,
    0x38, 0x18, 0x44, 0x0B, 0x30, 0xE7, 0x32, 0x14, 0x1F, 0x35, 0x20, 0xBD, 0x06, 0x00, 0x78, 0x05,
    0xA4, 0x87, 0xE2, 0x35, 0x9D, 0xCF, 0xA4, 0xB9, 0xEC, 0x94, 0xFE, 0xB7, 0x76, 0x9F, 0xC2, 0x37,
    0x88, 0x5B, 0x20, 0xC2, 0x68, 0x0E, 0x58, 0xEE, 0xC1, 0xB4, 0x85, 0x88, 0xCD, 0xC1, 0x94, 0xDE,
    0x91, 0xBD, 0xDC, 0xF2, 0x06, 0xD5, 0xA5, 0x96, 0xFC, 0x97, 0x8E, 0xF1, 0xAF, 0x7B, 0x78, 0xEF,
    0xBB, 0x53, 0xF7, 0xB6, 0xDF, 0x11, 0x35, 0xAC, 0xE1, 0x20, 0x6A, 0x22, 0x8B, 0xDF, 0xA9, 0xC9,
    0x56, 0x20, 0xCC, 0x7D, 0xCF, 0x5E, 0x7C, 0x81, 0xF1, 0x15, 0x1B, 0x9C, 0x04, 0xBE, 0xC4, 0xE7,
    0x54, 0x4D, 0x81, 0x12, 0x1A, 0x50, 0xDF, 0x2C, 0x01, 0xB1, 0x02, 0x00, 0x7E, 0x8B, 0x65, 0x11,
    0x00, 0x00, 0xF9, 0x57, 0x01, 0x8A, 0x39, 0x80, 0xAC, 0x01, 0x38, 0xE2, 0xC4, 0x4A, 0x98, 0x7B,
    0x48, 0xFF, 0xA5, 0x4D, 0xB4, 0xCE, 0x71, 0x65, 0x83, 0xD3, 0xE4, 0x1E, 0x70, 0x9A, 0x06, 0xFF,
    0x4C, 0x57, 0x28, 0x3D, 0x42, 0x95, 0x8A, 0x4C, 0xAB, 0xE0, 0x34, 0x95, 0xB0, 0x06, 0x30, 0x01,
    0x3A, 0xC0, 0xF2, 0xE9, 0xD1, 0xA5, 0x94, 0x4A, 0xEA, 0xF5, 0xF3, 0xA1, 0x6E, 0x44, 0x4D, 0x68,
    0x06, 0xA5, 0x99, 0xC0, 0x59, 0xBE, 0x60, 0xCD, 0x43, 0xBD, 0xC0, 0x37, 0x5B, 0xE0, 0x20, 0xAA,
    0x21, 0x36, 0x3D, 0x4A, 0x86, 0x24, 0x4C, 0xC8, 0xC2, 0x70, 0x7D, 0xC8, 0x89, 0xBA, 0x1E, 0xB6,
    0x22, 0xAA, 0x67, 0xF4, 0x14, 0x48, 0x4C, 0xC3, 0x94, 0xBB, 0x2C, 0x0F, 0xCC, 0xE1, 0x19, 0x20,
    0x07, 0xB6, 0x38, 0x02, 0xDF, 0x4E, 0x1A, 0xBC, 0x95, 0x1A, 0x50, 0x6B, 0x01, 0x90, 0x02, 0xF1,
    0x12, 0x10, 0xCD, 0xE1, 0x64, 0xCE, 0xF8, 0x21, 0x0E, 0x5E, 0xDD, 0xDC, 0x2F, 0xC7, 0xD3, 0x2C,
    0x88, 0x3B, 0x8E, 0xD6, 0xE5, 0xBC, 0x0E, 0xE0, 0x00, 0x6A, 0x20, 0xD2, 0x9F, 0xEB, 0x72, 0xB6,
    0x6B, 0x97, 0x33, 0x87, 0xB3, 0xB0, 0xBB, 0xB6, 0xCA, 0xDB, 0x57, 0xA7, 0xCE, 0xD7, 0xAA, 0xDC,
    0x58, 0x64, 0x35, 0x58, 0xE4, 0xC3, 0x56, 0xF9, 0xF0, 0x43, 0x98, 0xA4, 0x81, 0x62, 0x05, 0x39,
    0x70, 0x0E, 0x38, 0x0B, 0xBC, 0xC4, 0xE7, 0x59, 0xE5, 0x53, 0x96, 0x69, 0x17, 0x18, 0xEF, 0x82,
    0x83, 0x57, 0x42, 0x85, 0xCB, 0x89, 0x6B, 0x07, 0x15, 0x2E, 0xE5, 0x6F, 0x54, 0xB8, 0x7C, 0xF3,
    0xB5, 0xCF, 0xAF, 0x70, 0xD9, 0xC7, 0xD7, 0xC2, 0x1B, 0x40, 0x95, 0x41, 0x1C, 0xA4, 0xD5, 0x7F,
    0xFF, 0x71, 0xB2, 0x73, 0x77, 0x97, 0xE0, 0x81, 0xD3, 0xC0, 0x99, 0x61, 0x52, 0x5B, 0x90, 0xD6,
    0xD2, 0xAC, 0x2D, 0xC9, 0x60, 0x47, 0x14, 0x8A, 0x94, 0x11, 0x23, 0xC6, 0x4C, 0x28, 0x34, 0x20,
    0xB4, 0x5D, 0x3B, 0x1C, 0x91, 0x2F, 0x79, 0xC2, 0x7A, 0x37, 0xB6, 0xA0, 0xC9, 0xD9, 0x77, 0xA4,
    0x1A, 0x78, 0xD4, 0xF4, 0x73, 0x7C, 0x63, 0xE3, 0x16, 0xC4, 0x6F, 0xEA, 0x27, 0x66, 0x70, 0xF1,
    0x22, 0x6D, 0xCB, 0xEE, 0xC5, 0xC7, 0x18, 0x9E, 0x50, 0xD0, 0x83, 0xF7, 0x1E, 0x0A, 0xAB, 0xE0,
    0xD7, 0xF5, 0x49, 0xA2, 0x9F, 0x19, 0x7A, 0x4E, 0x06, 0xD4, 0x37, 0x3E, 0x28, 0x39, 0x2D, 0x7D,
    0x4D, 0x2E, 0xFB, 0xBF, 0x16, 0xBE, 0x24, 0xF2, 0x1E, 0x84, 0x51, 0xFC, 0x63, 0xA9, 0x53, 0xCE,
    0x66, 0x7A, 0xBA, 0xED, 0x7C, 0xED, 0xBD, 0xE3, 0x19, 0x5E, 0x41, 0xFA, 0xEF, 0xAE, 0x50, 0xDF,
    0x5B, 0x5D, 0xE0, 0xE9, 0xB8, 0x55, 0xE5, 0x31, 0xE1, 0x54, 0x89, 0xA8, 0xAF, 0x70, 0xDC, 0xFB,
    0x86, 0xE2, 0xDD, 0xBF, 0x86, 0x2A, 0x31, 0x30, 0x53, 0x16, 0xAE, 0xEC, 0xDF, 0x9D, 0x53, 0xD8,
    0x45, 0x03, 0x00, 0xE4, 0x27, 0x61, 0x3C, 0x02, 0xD5, 0x3E, 0x79, 0x39, 0xF3, 0x16, 0xB8, 0x73,
    0x61, 0x33, 0x32, 0xFD, 0x18, 0x09, 0x99, 0x0B, 0x35, 0xD2, 0xB7, 0x64, 0xE5, 0x3E, 0xC7, 0xC8,
    0x00, 0x75, 0x80, 0xA9, 0xF7, 0xF8, 0x1E, 0x0D, 0x23, 0x1A, 0xC6, 0xB4, 0xCC, 0x99, 0x47, 0x8E,
    0x62, 0xA7, 0x3E, 0x70, 0x47, 0xD9, 0x42, 0xFA, 0xB2, 0x8F, 0x39, 0x04, 0xAE, 0x91, 0xE3, 0x1F,
    0xB8, 0xC4, 0xBB, 0xE2, 0xBC, 0x0D, 0xB1, 0x1A, 0xA5, 0xF7, 0xA6, 0x14, 0x2D, 0x11, 0xF0, 0xFC,
    0xF3, 0x50, 0xE5, 0x70, 0xEE, 0x1C, 0x1C, 0xC1, 0xB0, 0xF1, 0x7B, 0x46, 0xBC, 0x6F, 0xC3, 0x41,
    0x7A, 0x74, 0x0A, 0xC8, 0x04, 0x40, 0x7D, 0xAB, 0x04, 0x4E, 0xC8, 0xDF, 0xC5, 0x75, 0xFA, 0xFC,
    0x19, 0x80, 0x3C, 0x07, 0x38, 0xF7, 0xFC, 0x6F, 0xE7, 0x22, 0xE5, 0xD2, 0x59, 0xDA, 0x39, 0x17,
    0x2F, 0x01, 0x8F, 0x5B, 0xD7, 0x18, 0x1D, 0x2C, 0xE3, 0x23, 0x57, 0x3A, 0xC4, 0xDB, 0xDF, 0x4F,
    0xFC, 0x52, 0x96, 0x73, 0x85, 0x63, 0x6D, 0xE1, 0xB9, 0x10, 0x4E, 0xDA, 0xA7, 0x0C, 0x31, 0xDC,
    0x89, 0xE2, 0xF6, 0x9E, 0x28, 0x67, 0x44, 0x9B, 0xAF, 0xC0, 0x04, 0x7C, 0xCD, 0x1F, 0x39, 0x68,
    0x61, 0xB6, 0x96, 0xEE, 0x39, 0xE1, 0xA6, 0xDE, 0xA4, 0xAB, 0xB0, 0x25, 0x25, 0x08, 0x6F, 0x8E,
    0xBE, 0x16, 0x39, 0xD4, 0x93, 0x5B, 0xE0, 0x31, 0x92, 0x4A, 0xF1, 0x9B, 0x83, 0x69, 0x40, 0xBC,
    0xA9, 0x8F, 0x9E, 0x51, 0x6D, 0xE3, 0x5F, 0x39, 0xEA, 0xFA, 0x31, 0x18, 0x9D, 0x3C, 0x09, 0x69,
    0x0A, 0x4F, 0x9F, 0x04, 0x78, 0xE2, 0x02, 0xC7, 0x03, 0x1B, 0xFA, 0xE8, 0x45, 0x1C, 0xBF, 0xA3,
    0xC4, 0x0E, 0x27, 0x4F, 0x40, 0x9A, 0xAE, 0x67, 0x7C, 0x14, 0xC3, 0x86, 0x99, 0x36, 0x6D, 0x48,
    0x5B, 0x3F, 0x3A, 0x85, 0x67, 0xBF, 0x7A, 0xE8, 0x9F, 0x44, 0x9E, 0xB4, 0x7C, 0xEC, 0x90, 0xC6,
    0x3D, 0x62, 0xEA, 0xFF, 0x85, 0xB7, 0x19, 0xFE, 0x7C, 0xF2, 0xC2, 0xCC, 0x13, 0xEF, 0x40, 0xD6,
    0x01, 0x1C, 0x5D, 0x7A, 0x34, 0x58, 0xB6, 0xAA, 0x82, 0xB3, 0xE7, 0x8E, 0x86, 0xE3, 0xFD, 0xFF,
    0xCB, 0x39, 0x3A, 0x8E, 0x00, 0x27, 0xCE, 0x80, 0xCA, 0xE1, 0xCC, 0x25, 0x38, 0x67, 0x8F, 0x86,
    0x2B, 0x80, 0xF8, 0x67, 0x20, 0xFF, 0xE5, 0xA6, 0xEF, 0x2F, 0x9F, 0x3D, 0xC2, 0x75, 0x3D, 0x07,
    0xF3, 0x83, 0x75, 0x7D, 0x92, 0xAA, 0xD3, 0x43, 0xA5, 0x1A, 0x8F, 0x54, 0xA5, 0xF3, 0x04, 0xFF,
    0x7E, 0xD4, 0x02, 0xD7, 0x81, 0xDD, 0x01, 0x7F, 0x3C, 0xDC, 0x2D, 0x46, 0x7D, 0xDB, 0x3E, 0x2D,
    0x2C, 0x49, 0xCD, 0x54, 0xCB, 0x96, 0xA2, 0xA4, 0x82, 0x39, 0x14, 0x3B, 0x26, 0xF5, 0xC4, 0x35,
    0xB1, 0x41, 0x18, 0xA2, 0x12, 0x36, 0xD6, 0xA8, 0x69, 0xE0, 0x80, 0xF3, 0x11, 0x16, 0x8C, 0x72,
    0xE6, 0x0C, 0xE4, 0xE3, 0x8D, 0x57, 0x02, 0x7C, 0x91, 0xDA, 0x9E, 0x10, 0xF7, 0x4E, 0xBC, 0x2F,
    0x71, 0x12, 0x5C, 0x42, 0xE4, 0xA2, 0x83, 0x94, 0x57, 0xEA, 0x6B, 0x4E, 0xDD, 0xD6, 0xBF, 0xB1,
    0x4C, 0x69, 0x0D, 0x0B, 0x07, 0x38, 0x88, 0x1E, 0x48, 0xCF, 0x2D, 0x78, 0x68, 0x8A, 0x6D, 0xF9,
    0x40, 0x8A, 0xAD, 0x24, 0x3B, 0xA8, 0x6F, 0x35, 0x5C, 0xD0, 0xEC, 0x3F, 0x10, 0xCA, 0x9B, 0x7F,
    0x56, 0x85, 0x74, 0x3B, 0x54, 0x48, 0x8F, 0x10, 0x46, 0x91, 0x6A, 0xA9, 0xA7, 0x4E, 0x98, 0xC3,
    0xFB, 0x98, 0x96, 0xF0, 0x2C, 0x70, 0xB8, 0x44, 0x8C, 0xE6, 0xB3, 0x42, 0x7A, 0x8E, 0x3D, 0x1C,
    0xD0, 0x0C, 0x70, 0x90, 0xD4, 0x3D, 0xF8, 0xEC, 0xCA, 0xED, 0xC2, 0x83, 0x6A, 0x3E, 0xB5, 0x72,
    0x1B, 0x40, 0xD6, 0xA9, 0x8E, 0xDD, 0x78, 0x33, 0xFE, 0x7E, 0x4D, 0x34, 0xAD, 0x11, 0xDE, 0x6D,
    0xC6, 0xFF, 0xBB, 0x61, 0xFC, 0x97, 0x1B, 0xF6, 0x59, 0xF2, 0xFF, 0x00, 0xAD, 0xD7, 0x01, 0x84,
    0x65, 0xD7, 0xFD, 0xC0, 0xF1, 0xCF, 0xBD, 0x77, 0x66, 0xEE, 0xFE, 0xF7, 0xFA, 0xE7, 0x0E, 0x06,
    0x6D, 0x93, 0xCE, 0x5B, 0x04, 0xD5, 0x64, 0xE7, 0x2E, 0x16, 0x83, 0x3B, 0xF3, 0x6E, 0x02, 0xA0,
    0x28, 0x00, 0x4A, 0x83, 0xA2, 0x8D, 0x62, 0x15, 0x4C, 0x99, 0x24, 0x97, 0x00, 0x02, 0xAB, 0xA0,
    0x14, 0x8D, 0x82, 0x8A, 0x6A, 0x16, 0x51, 0x2F, 0x3A, 0x2B, 0x57, 0x0A, 0x28, 0x5C, 0x22, 0x82,
    0xC2, 0x43, 0xA5, 0xD1, 0x62, 0x8F, 0xF6, 0x65, 0x3D, 0xC9, 0xEC, 0xDE, 0x9E, 0xED, 0x1B, 0x63,
    0x47, 0xDB, 0x7A, 0x79, 0xEF, 0xE1, 0x67, 0x86, 0x37, 0xC6, 0xC7, 0xF7, 0x9E, 0x73, 0xBD, 0x1F,
    0x3F, 0xC4, 0x39, 0x69, 0x9C, 0xEC, 0x11, 0xC5, 0x01, 0xE5, 0x3E, 0x37, 0x4B, 0xEA, 0x92, 0xF7,
    0x4A, 0xBE, 0x78, 0xB7, 0xC9, 0x86, 0xA1, 0xCD, 0xBA, 0xA2, 0x2B, 0x9B, 0xBC, 0xAB, 0x9A, 0x67,
    0xFB, 0xA1, 0x1F, 0xCF, 0xC0, 0x3E, 0xC6, 0xD8, 0xC7, 0x36, 0xC3, 0x79, 0xF6, 0xF0, 0xBC, 0x6C,
    0x4F, 0x2B, 0x93, 0x23, 0xB3, 0xDA, 0xEC, 0x34, 0x09, 0xA7, 0x59, 0xA8, 0x8B, 0x30, 0xBE, 0x3F,
    0x2B, 0xFF, 0x7E, 0x0E, 0x41, 0x32, 0x23, 0xE0, 0x00, 0x55, 0x43, 0xDE, 0x70, 0x8C, 0xE7, 0xAD,
    0xE5, 0x29, 0x7B, 0xDB, 0x41, 0x3A, 0x55, 0x34, 0xB6, 0x97, 0xE6, 0x00, 0x0A, 0xA8, 0xF0, 0xE2,
    0x7B, 0x18, 0x1A, 0xF2, 0x4F, 0x3A, 0x76, 0xB4, 0x17, 0x28, 0xE7, 0x16, 0x2C, 0xD1, 0xB5, 0x80,
    0x89, 0xB2, 0x05, 0x4D, 0xB4, 0x2D, 0x70, 0xA2, 0xCE, 0x13, 0x9E, 0x27, 0x3E, 0x4F, 0x80, 0x9E,
    0x08, 0x5D, 0x24, 0x4B, 0x91, 0xB7, 0x94, 0xE4, 0x3F, 0xA6, 0xEA, 0x99, 0x04, 0xFA, 0xDB, 0x6C,
    0x13, 0xC5, 0x22, 0x59, 0x34, 0x8B, 0x68, 0x51, 0x2D, 0xB2, 0x45, 0xB7, 0x08, 0x17, 0xE5, 0x22,
    0xDD, 0x55, 0x7B, 0xDA, 0x91, 0x84, 0x05, 0x7D, 0xD8, 0x15, 0xE1, 0xA2, 0x7B, 0xAD, 0x96, 0x6E,
    0x30, 0xA3, 0x96, 0x7F, 0x47, 0xD5, 0x79, 0x3F, 0x44, 0xE1, 0xF2, 0x45, 0x27, 0xF8, 0x2D, 0xF6,
    0x31, 0xE7, 0xF8, 0xAE, 0x64, 0x68, 0xE4, 0x6F, 0x76, 0x68, 0xD6, 0x73, 0x8D, 0x1A, 0x9E, 0xED,
    0xC8, 0x3A, 0xF9, 0xF7, 0x1B, 0xA3, 0xCF, 0xD6, 0xEC, 0x77, 0x63, 0x97, 0x21, 0x48, 0xDF, 0xEA,
    0x79, 0x11, 0x83, 0x8D, 0xF4, 0xDB, 0xDA, 0x32, 0x3E, 0xF7, 0x93, 0x99, 0xBC, 0x59, 0xA1, 0x1F,
    0x8E, 0x49, 0x86, 0x36, 0x36, 0xEB, 0xD1, 0x6C, 0xF4, 0x9E, 0x66, 0xAD, 0x51, 0xEF, 0x64, 0x26,
    0x92, 0x56, 0xB9, 0xB6, 0x90, 0xB5, 0x94, 0x0D, 0x35, 0xE9, 0xDD, 0x4E, 0x1A, 0x93, 0x19, 0x70,
    0xB2, 0x1E, 0xF3, 0x9E, 0x6C, 0xAA, 0x68, 0xBC, 0x72, 0xDB, 0x4F, 0x83, 0xAA, 0x5B, 0x16, 0xA7,
    0x21, 0x9D, 0x62, 0x42, 0xF2, 0x5C, 0x23, 0xFB, 0x30, 0x9A, 0x86, 0x45, 0xB6, 0x75, 0xD2, 0xED,
    0x72, 0x44, 0xD9, 0x48, 0x5B, 0xF7, 0x6E, 0x1B, 0x07, 0xA3, 0x76, 0x69, 0xD3, 0x01, 0x5E, 0x58,
    0x1C, 0x55, 0x15, 0xE9, 0xCF, 0x37, 0xD3, 0x69, 0xA7, 0xB7, 0x13, 0x88, 0xA9, 0x7A, 0x29, 0x17,
    0xA9, 0xFA, 0xA5, 0x59, 0xF0, 0xE8, 0x9E, 0xF4, 0x41, 0x27, 0x49, 0x16, 0xA9, 0x92, 0xA1, 0xE1,
    0x47, 0xD6, 0x3B, 0xF1, 0x8C, 0x7F, 0xE3, 0x77, 0x01, 0x5F, 0x39, 0x55, 0xDA, 0x76, 0xD2, 0xBF,
    0x5C, 0xA4, 0x61, 0xA3, 0xA7, 0x1D, 0x77, 0x0E, 0x1D, 0x47, 0x4E, 0xB7, 0xC2, 0x69, 0xDF, 0x79,
    0xE7, 0x9D, 0xA6, 0x18, 0x86, 0x26, 0x09, 0x85, 0x34, 0xE4, 0xD2, 0x29, 0x59, 0x4F, 0xF6, 0x71,
    0x23, 0x1B, 0x82, 0xFC, 0xE3, 0xEF, 0x2A, 0x3A, 0x8A, 0x96, 0xB2, 0xFD, 0x9A, 0xB2, 0xA9, 0x55,
    0x7F, 0x9D, 0x18, 0x86, 0x39, 0x10, 0x48, 0x66, 0x08, 0xD8, 0x96, 0x0C, 0x7D, 0xFE, 0x69, 0x28,
    0x9B, 0x70, 0x20, 0x1C, 0x3D, 0xDB, 0x8F, 0x1F, 0x7B, 0xAD, 0x51, 0x53, 0x53, 0xFD, 0xA2, 0x2B,
    0x86, 0x06, 0x49, 0x2F, 0x0B, 0xD2, 0x9E, 0x74, 0x4A, 0x3A, 0xC1, 0xE1, 0xC5, 0xEF, 0xCD, 0x7A,
    0x9E, 0xB2, 0xB3, 0x3D, 0x95, 0xF6, 0xCA, 0xC6, 0xFF, 0x2D, 0xCB, 0x71, 0x3D, 0x21, 0x7E, 0xE2,
    0xD6, 0x04, 0xD6, 0x2E, 0xF2, 0xFA, 0xB7, 0x3C, 0x98, 0x79, 0xA9, 0x65, 0x69, 0x01, 0x70, 0x87,
    0x24, 0x48, 0xFE, 0xD4, 0x2A, 0x3E, 0xE7, 0xE8, 0x88, 0x1B, 0xD7, 0xD6, 0xD4, 0xA4, 0x28, 0x1A,
    0xF6, 0x29, 0x0E, 0xA9, 0x3A, 0x3E, 0x0F, 0x92, 0xEE, 0x16, 0xDB, 0x44, 0x9B, 0x88, 0x13, 0x75,
    0x22, 0x4F, 0xF4, 0x89, 0x40, 0x51, 0xA8, 0xB6, 0x98, 0x88, 0x74, 0x45, 0xE9, 0x9B, 0x28, 0x49,
    0x3E, 0xD9, 0xA0, 0x73, 0x97, 0xC0, 0xA9, 0xE2, 0xB9, 0x68, 0x8C, 0xC4, 0xA4, 0xBB, 0xB3, 0x74,
    0xBB, 0xA2, 0xE5, 0x7A, 0x40, 0xA0, 0xE8, 0x64, 0x9F, 0x52, 0xCE, 0xA9, 0x6F, 0xB2, 0xBB, 0xB5,
    0x96, 0xEB, 0xCA, 0x1B, 0xAE, 0xA8, 0xA8, 0x3E, 0xBB, 0xE8, 0x77, 0x67, 0xB5, 0x7E, 0xE9, 0x4B,
    0x94, 0x5F, 0x36, 0x9E, 0x7B, 0x8D, 0xB4, 0xA7, 0x98, 0x6D, 0xA6, 0xDF, 0xD6, 0x96, 0x37, 0xCE,
    0xFD, 0x2A, 0x28, 0xA8, 0x3A, 0x0F, 0xBF, 0x52, 0x3F, 0x64, 0xE1, 0xA2, 0xD9, 0x81, 0xD8, 0x6C,
    0xB3, 0xEF, 0x84, 0xCB, 0xEF, 0x07, 0xDD, 0x6D, 0x2B, 0xBC, 0x22, 0x26, 0xDE, 0x55, 0x3A, 0xF5,
    0xCA, 0xCE, 0x3B, 0xC5, 0xE3, 0x24, 0xA4, 0x21, 0x9D, 0x66, 0x7D, 0xD6, 0x65, 0x5D, 0xDE, 0x15,
    0x5D, 0xD1, 0x96, 0x6D, 0xD9, 0x54, 0xED, 0x30, 0x2D, 0xFB, 0xED, 0x90, 0x4C, 0x8B, 0x66, 0x1B,
    0x83, 0x37, 0x1C, 0x38, 0x76, 0xA4, 0x56, 0x3B, 0x35, 0x71, 0xDF, 0x80, 0xFF, 0xFD, 0x1F, 0xB8,
    0xE9, 0x38, 0x4E, 0x32, 0xCD, 0x42, 0xDA, 0xC3, 0xB8, 0x1B, 0x5D, 0x7C, 0x5E, 0x2A, 0x8D, 0x1C,
    0xA8, 0x9A, 0x71, 0xC7, 0xA1, 0x33, 0x27, 0x8C, 0xFE, 0x2C, 0x19, 0x06, 0x79, 0x18, 0xC5, 0xBF,
    0x29, 0xBA, 0x4A, 0xD6, 0x1F, 0xC5, 0x39, 0x8D, 0x73, 0x16, 0x67, 0x2E, 0xEF, 0xE6, 0x8A, 0x6E,
    0xA2, 0x6C, 0xCF, 0x54, 0x8E, 0xDD, 0x57, 0xFD, 0x6D, 0x26, 0x1F, 0x5A, 0x76, 0x71, 0x0F, 0x73,
    0x04, 0x6C, 0x5D, 0x56, 0x99, 0x1C, 0x38, 0x3D, 0x72, 0x5A, 0x3B, 0xAB, 0x4D, 0x6A, 0xB3, 0xA3,
    0x34, 0x54, 0xBF, 0xEC, 0x8A, 0xC7, 0x88, 0x34, 0x59, 0x90, 0xF4, 0x8B, 0xBA, 0xC9, 0x19, 0x5E,
    0xC4, 0x0C, 0xED, 0xFA, 0x9E, 0xAB, 0xDB, 0xC5, 0x92, 0x24, 0xC0, 0x21, 0xE6, 0xFC, 0xA3, 0x93,
    0x3F, 0xA2, 0xAA, 0x78, 0x7E, 0x67, 0x7D, 0xD1, 0xE5, 0x2E, 0xB1, 0x4F, 0x7E, 0x42, 0xD5, 0xF1,
    0x7E, 0xA0, 0xBB, 0xCD, 0xD6, 0xD3, 0xD7, 0x6F, 0x22, 0x12, 0x45, 0xA3, 0x88, 0x14, 0x95, 0x22,
    0x53, 0x74, 0x8A, 0x50, 0x57, 0xA4, 0x4A, 0x14, 0xCD, 0xC2, 0x7A, 0xDE, 0x6C, 0xCE, 0xBA, 0xEB,
    0x62, 0x9F, 0xF8, 0xDE, 0xE5, 0x79, 0x5F, 0xBA, 0xE1, 0x4E, 0x1F, 0x27, 0xE0, 0x1E, 0x59, 0x2F,
    0x79, 0x48, 0x71, 0xCE, 0xCD, 0x11, 0x6C, 0xC0, 0xB6, 0xDF, 0xF0, 0xC2, 0xE5, 0x4E, 0xA1, 0xFA,
    0x8C, 0x08, 0xD4, 0xAF, 0xD8, 0x31, 0x69, 0x1B, 0xC5, 0x97, 0x9D, 0xFF, 0xAF, 0x10, 0xC4, 0x8E,
    0x36, 0xD6, 0xF1, 0xDA, 0x62, 0xAF, 0x08, 0x4F, 0xED, 0x15, 0xB7, 0x96, 0xEE, 0x88, 0x64, 0xB6,
    0x68, 0x77, 0x50, 0x22, 0xD9, 0xEC, 0x2D, 0xCD, 0x17, 0x7B, 0x45, 0x10, 0xC3, 0xAD, 0x70, 0x69,
    0x41, 0x4D, 0x7A, 0xBE, 0xA7, 0x6C, 0x6B, 0xD4, 0x46, 0x5F, 0xCC, 0x22, 0xAF, 0x5D, 0x99, 0xA7,
    0x23, 0x9F, 0x52, 0xB5, 0x1C, 0x16, 0x28, 0xD8, 0x2A, 0x23, 0xEC, 0xD1, 0x7F, 0x79, 0xA4, 0x73,
    0xB5, 0xF0, 0x9F, 0xAF, 0x46, 0x89, 0x72, 0xBA, 0xC7, 0xD9, 0x86, 0x6C, 0xB8, 0x85, 0xFB, 0x18,
    0xB5, 0xA4, 0x7F, 0x5C, 0xDD, 0x77, 0xF9, 0xC2, 0xAB, 0xF7, 0x98, 0xD5, 0xB4, 0xEB, 0xFB, 0x46,
    0x1D, 0x3B, 0x3D, 0x79, 0xC7, 0x33, 0x05, 0xD7, 0x56, 0xB4, 0xED, 0xBC, 0xCC, 0x68, 0xD8, 0xF3,
    0xFC, 0xE9, 0xE6, 0xBA, 0xDD, 0xBF, 0x2D, 0x7D, 0x10, 0x24, 0xE9, 0x5B, 0xAB, 0x37, 0x63, 0x0F,
    0x1B, 0x31, 0x5D, 0xB9, 0x06, 0xA0, 0x58, 0xD9, 0x95, 0x4C, 0xC9, 0x02, 0x49, 0xCF, 0xB7, 0xDF,
    0xFE, 0xC6, 0xAF, 0xC7, 0x61, 0x34, 0x2F, 0xDB, 0xEC, 0x5F, 0x4B, 0x4E, 0xA9, 0x78, 0x32, 0xED,
    0x48, 0xD9, 0x54, 0x71, 0x8E, 0x95, 0x8E, 0x8C, 0xD4, 0x2A, 0xB5, 0x63, 0xC7, 0xCE, 0x8C, 0xA2,
    0xAB, 0x18, 0xBA, 0x85, 0xEB, 0xBD, 0x2B, 0xAE, 0xC1, 0xFC, 0x75, 0xB3, 0x63, 0xE1, 0x48, 0xA8,
    0x93, 0x50, 0xA7, 0xE1, 0x34, 0x9B, 0x4E, 0xF2, 0xFE, 0xAC, 0xEC, 0x5E, 0xFF, 0xFD, 0x74, 0xFC,
    0xD1, 0x1C, 0x59, 0x27, 0xEF, 0x65, 0xDD, 0xC5, 0xC6, 0x71, 0x86, 0x9A, 0x68, 0x94, 0xB4, 0xEB,
    0x7B, 0xAA, 0x56, 0xDE, 0xC9, 0x3B, 0xFB, 0xEC, 0x2D, 0x4B, 0x02, 0x4E, 0xC9, 0xE6, 0xDB, 0xCA,
    0xF6, 0x19, 0xEC, 0x47, 0xC9, 0x59, 0x94, 0x4C, 0x97, 0x93, 0x1C, 0xFD, 0xBB, 0x24, 0xE9, 0x28,
    0x7A, 0xC6, 0x0D, 0x27, 0x59, 0x4B, 0xD6, 0x51, 0xB4, 0x83, 0xC7, 0x22, 0x48, 0x14, 0x89, 0x24,
    0xD1, 0x24, 0xA2, 0x44, 0x95, 0xC8, 0x12, 0x5D, 0x22, 0xCC, 0xD3, 0x32, 0x25, 0x46, 0xD3, 0x6D,
    0xC9, 0x64, 0x33, 0x36, 0xB8, 0x83, 0x73, 0x54, 0x0D, 0xD9, 0x1F, 0x56, 0xF6, 0x3D, 0xF5, 0x14,
    0xA3, 0x2F, 0x3C, 0x23, 0x69, 0xD7, 0xF7, 0x55, 0x2D, 0x79, 0xB7, 0x98, 0xFD, 0xAC, 0xB5, 0xB7,
    0xA2, 0xED, 0xFA, 0xCB, 0x54, 0xC3, 0xB6, 0x1B, 0x1B, 0xEC, 0x76, 0x7E, 0x47, 0xF6, 0x60, 0x2A,
    0x49, 0xDF, 0x5C, 0xBD, 0x19, 0xDB, 0x58, 0xD7, 0x74, 0xF5, 0x06, 0xDE, 0x03, 0xC8, 0x56, 0x76,
    0x65, 0x1D, 0x79, 0xBF, 0xF8, 0x09, 0x6A, 0x8C, 0x5B, 0xD2, 0x00, 0x5E, 0x7D, 0xFB, 0xD5, 0xBB,
    0x1F, 0x4C, 0x3F, 0x88, 0xBE, 0x03, 0x65, 0x5B, 0xCB, 0xBB, 0x20, 0xFB, 0x70, 0x2A, 0xFD, 0xA8,
    0x93, 0x0C, 0x78, 0x8C, 0x33, 0xCC, 0x31, 0x43, 0x20, 0x9D, 0x53, 0x3E, 0x06, 0x5C, 0x47, 0xD9,
    0x91, 0x05, 0x9C, 0x00, 0xC8, 0x43, 0x15, 0xD2, 0x50, 0xB6, 0x42, 0xC9, 0x6C, 0x9F, 0x49, 0xCD,
    0xC9, 0x09, 0x75, 0xE0, 0x68, 0xCA, 0xB8, 0xA3, 0x6A, 0x19, 0xE1, 0x00, 0x35, 0xE6, 0xBC, 0x30,
    0x65, 0xDC, 0xAC, 0xEF, 0x4A, 0x7B, 0xB2, 0x29, 0x59, 0xB7, 0xAA, 0xA7, 0x66, 0x7E, 0x16, 0x3D,
    0x87, 0xD1, 0x83, 0xFC, 0xEE, 0xE5, 0x4A, 0x1C, 0x31, 0xEC, 0xAC, 0x69, 0xCC, 0x66, 0x24, 0xA7,
    0x98, 0x2C, 0xB0, 0x49, 0xB3, 0x91, 0x6E, 0xBE, 0x7E, 0x8D, 0x0F, 0xCE, 0xF9, 0xD9, 0x86, 0x9E,
    0xEF, 0xE8, 0x2D, 0xC6, 0x8F, 0xD8, 0xFD, 0x01, 0x6C, 0xC4, 0xF8, 0x4F, 0xDA, 0xFF, 0x65, 0xFF,
    0x07, 0xD1, 0x50, 0x40, 0xDB, 0x62, 0xA0, 0x61, 0x37, 0x10, 0x46, 0xE1, 0x2F, 0x99, 0xB6, 0x8B,
    0x69, 0x77, 0x16, 0x01, 0xB5, 0x9B, 0xBB, 0x00, 0x2A, 0xC9, 0x5D, 0x14, 0x53, 0x26, 0xEE, 0x00,
    0x05, 0x58, 0xF4, 0x29, 0x0A, 0x8A, 0x8B, 0x60, 0xB9, 0xD1, 0xA2, 0x00, 0x7D, 0x84, 0x02, 0xDA,
    0x8B, 0x4A, 0x59, 0x2C, 0x2E, 0xF9, 0xFB, 0x06, 0xA1, 0x2F, 0x30, 0x7D, 0x83, 0x41, 0x11, 0xB5,
    0x9A, 0x26, 0xA5, 0xBA, 0xA5, 0xFC, 0xE7, 0xFC, 0xC7, 0x71, 0xBE, 0x17, 0xFD, 0x74, 0xFB, 0xDB,
    0x63, 0x3F, 0x85, 0x7E, 0x9A, 0x6E, 0x67, 0x8D, 0x7F, 0xFE, 0x93, 0xFD, 0x87, 0xDD, 0x34, 0x02,
    0xFB, 0xFD, 0xFB, 0x79, 0x81, 0x3E, 0x75, 0x57, 0x0E, 0x56, 0xAB, 0xBC, 0xB8, 0x80, 0xAA, 0x2A,
    0x6D, 0xC7, 0xC9, 0xF7, 0x71, 0xEB, 0x1E, 0x91, 0xDE, 0x33, 0xA7, 0x85, 0x75, 0xD7, 0x57, 0xE3,
    0xDC, 0xB1, 0xAA, 0x57, 0xF5, 0xB1, 0x2B, 0x9E, 0x5E, 0x04, 0x80, 0xCA, 0x55, 0xAE, 0x74, 0xF6,
    0x55, 0x37, 0x00, 0x19, 0x34, 0xB0, 0x85, 0x8E, 0xCD, 0x14, 0x1E, 0xFF, 0xF0, 0x40, 0x1A, 0x49,
    0x03, 0x6A, 0x40, 0xC9, 0xDF, 0x3B, 0x6A, 0x39, 0xF2, 0xF0, 0x3F, 0x24, 0x4B, 0xE6, 0x40, 0xF2,
    0x0E, 0xB8, 0x83, 0xB4, 0x77, 0x10, 0xD6, 0xB2, 0x0B, 0x7D, 0xDC, 0x85, 0x8D, 0x24, 0x9C, 0x27,
    0x1C, 0xB4, 0xDC, 0x68, 0x01, 0xB2, 0xFB, 0x89, 0x3F, 0xAC, 0xB5, 0x2C, 0x02, 0x48, 0x47, 0xB6,
    0x60, 0x3E, 0x25, 0x01, 0x0A, 0xA3, 0x04, 0xAC, 0x31, 0x2C, 0x5E, 0x2E, 0x7E, 0xD6, 0x00, 0xD5,
    0x4D, 0x04, 0xF4, 0xD7, 0x2F, 0x3E, 0xF1, 0x98, 0x75, 0xDC, 0x44, 0xCA, 0xC6, 0x5E, 0x37, 0x34,
    0xD1, 0x05, 0x4B, 0x0C, 0xF5, 0x60, 0x95, 0x84, 0x67, 0xB2, 0xD5, 0x3E, 0xC6, 0x6F, 0x31, 0x67,
    0x27, 0xBD, 0x64, 0x00, 0x80, 0x21, 0xC7, 0x61, 0xE9, 0xB8, 0x04, 0x8C, 0xCB, 0x9D, 0xEB, 0x6C,
    0xFC, 0x3C, 0x5C, 0x7A, 0x60, 0x50, 0x62, 0x7C, 0x85, 0xA3, 0xC6, 0xA0, 0x7D, 0x0A, 0x3C, 0x64,
    0x49, 0x4A, 0x94, 0xE8, 0x36, 0xA7, 0xE1, 0x9C, 0x07, 0xAF, 0x5B, 0xFD, 0x46, 0xF4, 0x5B, 0x31,
    0xCF, 0x5B, 0xA3, 0xE7, 0xF3, 0xC6, 0x90, 0x1B, 0xCE, 0x0C, 0xC5, 0x31, 0x00, 0x70, 0x92, 0x71,
    0xA8, 0x39, 0x38, 0x80, 0xFE, 0xE7, 0xCB, 0x8F, 0xA0, 0x5A, 0x30, 0x40, 0x09, 0x34, 0x40, 0x04,
    0x25, 0xA0, 0x3D, 0x2C, 0x90, 0x03, 0x3A, 0x48, 0x86, 0xA5, 0xFE, 0x77, 0x09, 0xF0, 0x0B, 0x1D,
    0x8F, 0x21, 0x4C, 0xC3, 0x40, 0x18, 0x85, 0x1F, 0x6D, 0x48, 0x49, 0x8E, 0xF4, 0xF0, 0x81, 0xD6,
    0x80, 0xA2, 0xDD, 0x6C, 0x21, 0x7F, 0xD7, 0xF3, 0x0A, 0xEF, 0x91, 0x10, 0x04, 0xE2, 0x96, 0xDC,
    0xD6, 0x7A, 0x35, 0x31, 0x8F, 0x41, 0x80, 0xAB, 0xA8, 0x68, 0x48, 0xC3, 0xEA, 0x55, 0xBD, 0x9A,
    0x57, 0xBF, 0xA8, 0xA8, 0x38, 0x36, 0xD6, 0xFE, 0xFF, 0x93, 0xEF, 0xE5, 0x7D, 0xCF, 0xB5, 0x90,
    0x1F, 0x88, 0x25, 0x68, 0x52, 0x72, 0x52, 0x80, 0xD4, 0x20, 0x64, 0x8C, 0x97, 0xC2, 0xBA, 0x56,
    0xD0, 0x35, 0x3D, 0xAC, 0xF2, 0x23, 0x2A, 0x94, 0xD2, 0xCA, 0xAF, 0x1B, 0xCC, 0xD4, 0x9C, 0xA1,
    0xA1, 0x9F, 0x79, 0xD7, 0x01, 0x67, 0x7F, 0x62, 0x7B, 0x0A, 0x6D, 0xB2, 0x46, 0x47, 0x3A, 0x22,
    0x33, 0x66, 0x33, 0xFB, 0xD8, 0xBC, 0x55, 0x60, 0xA7, 0xF5, 0x0A, 0x89, 0x00, 0x04, 0xCF, 0xFA,
    0x41, 0xE4, 0x87, 0x46, 0x32, 0x99, 0xF7, 0x48, 0x9B, 0x8C, 0x01, 0xD1, 0xCF, 0x0C, 0xC5, 0x49,
    0x9C, 0x36, 0xA2, 0x81, 0x76, 0x38, 0x2F, 0x80, 0xD5, 0x1A, 0xEB, 0xA3, 0xCA, 0x84, 0x4A, 0x85,
    0x9A, 0xA0, 0xA0, 0x25, 0xAA, 0xB0, 0xB8, 0x3A, 0x87, 0x37, 0x84, 0x2F, 0xE4, 0x6B, 0xBF, 0x0A,
    0xCA, 0xB8, 0x24, 0x5D, 0xCF, 0xF7, 0x80, 0xD3, 0x85, 0xED, 0x7D, 0xEB, 0x8E, 0x5F, 0x78, 0x4A,
    0xA8, 0xBC, 0x03, 0xA4, 0xF5, 0xD7, 0x97, 0x63, 0x67, 0xED, 0xEC, 0xA5, 0x5A, 0x7C, 0xE6, 0x83,
    0xB0, 0xFE, 0xEB, 0x45, 0x00, 0xE3, 0xF5, 0x20, 0xD0, 0x6D, 0x33, 0x96, 0xC3, 0xC0, 0xBA, 0x8D,
    0xA4, 0x28, 0x59, 0xD6, 0xBB, 0x03, 0x18, 0xEC, 0x1D, 0xC4, 0xB7, 0x84, 0x7C, 0x92, 0x76, 0x74,
    0xDD, 0x4D, 0x2E, 0xC7, 0xCA, 0x2D, 0x61, 0xB9, 0xF9, 0x1D, 0x98, 0x98, 0xEA, 0x3E, 0xEB, 0x80,
    0xDD, 0xF0, 0xD3, 0x6F, 0xD8, 0xE9, 0xDC, 0x56, 0x4C, 0xD3, 0x34, 0x44, 0x1F, 0x13, 0x45, 0x0B,
    0x2D, 0x59, 0xD7, 0x9C, 0x70, 0x35, 0x51, 0x70, 0x5A, 0x57, 0x54, 0xD2, 0xAA, 0x99, 0xD5, 0x60,
    0xB7, 0x3B, 0x2A, 0xE0, 0x1F, 0x8D, 0x93, 0x3F, 0x6C, 0x1C, 0x45, 0x14, 0xC6, 0x7F, 0x3B, 0x93,
    0x30, 0xC8, 0x03, 0x19, 0x0A, 0x68, 0x30, 0x61, 0x7B, 0x13, 0x79, 0x29, 0x28, 0x52, 0xDC, 0x79,
    0xA7, 0x4B, 0x07, 0x14, 0xB6, 0x28, 0x68, 0x28, 0x69, 0x10, 0x2E, 0x28, 0x2F, 0x78, 0xE8, 0x1B,
    0xF7, 0x0D, 0x2E, 0x28, 0x82, 0x29, 0x48, 0x41, 0x11, 0x24, 0x3B, 0x3B, 0x50, 0x23, 0xB1, 0x4D,
    0x94, 0x06, 0x94, 0x29, 0x8C, 0x90, 0x9C, 0x82, 0x29, 0x36, 0xD2, 0x25, 0xDE, 0xBD, 0xC7, 0xC8,
    0xB6, 0x00, 0x77, 0xAC, 0xDE, 0xF7, 0x46, 0x57, 0x7C, 0xBA, 0xEF, 0xCF, 0x0C, 0x78, 0xE0, 0x17,
    0x50, 0xBF, 0x81, 0xF9, 0x14, 0xBA, 0x36, 0xE8, 0xE7, 0x75, 0x70, 0xD1, 0xF8, 0x1A, 0xC3, 0x16,
    0x30, 0x03, 0x16, 0xC0, 0xD1, 0x25, 0x16, 0xC0, 0x1C, 0x68, 0xFD, 0x02, 0xF7, 0xF5, 0x80, 0x6E,
    0x3D, 0xFA, 0x5D, 0x58, 0xDB, 0x85, 0x57, 0xF6, 0xE1, 0xA5, 0xC3, 0x43, 0xAC, 0x08, 0x2A, 0x3B,
    0x54, 0x5A, 0x43, 0x27, 0xD0, 0x7D, 0xC1, 0xE9, 0x3E, 0x5A, 0x12, 0x26, 0x82, 0x0D, 0xB0, 0x37,
    0x82, 0x0B, 0x05, 0x40, 0x53, 0x78, 0x92, 0x29, 0xE4, 0x95, 0xA7, 0x91, 0xC8, 0x5D, 0x1D, 0x79,
    0xA0, 0x03, 0x03, 0x54, 0xCF, 0x3C, 0x4E, 0x12, 0x40, 0x39, 0x7B, 0xAE, 0x97, 0xDF, 0x64, 0xA8,
    0xF2, 0x1A, 0xBA, 0xBF, 0xC1, 0xFA, 0xE9, 0x31, 0xAD, 0x8C, 0xA8, 0x7B, 0x1C, 0x06, 0x33, 0x21,
    0x01, 0x61, 0xC6, 0xC5, 0x7A, 0x1A, 0x66, 0xA8, 0x3F, 0x63, 0x51, 0x2A, 0x22, 0x00, 0x50, 0x8B,
    0xAC, 0x30, 0x8F, 0x8E, 0x07, 0x74, 0x98, 0x65, 0x4C, 0x68, 0x12, 0xD6, 0xD7, 0x89, 0x62, 0xBB,
    0xA7, 0x4B, 0x36, 0x16, 0x0B, 0x07, 0x58, 0x99, 0x50, 0xB9, 0x45, 0x25, 0x47, 0xA1, 0xA4, 0x82,
    0xA4, 0xE3, 0x16, 0xFA, 0xA7, 0x11, 0x23, 0x19, 0x7B, 0x7A, 0x29, 0xDF, 0x5F, 0xB5, 0xB0, 0x71,
    0xB0, 0x56, 0x74, 0xEC, 0xA5, 0x06, 0x09, 0xCE, 0xB7, 0xCC, 0x70, 0x7E, 0xCF, 0x97, 0xED, 0xCF,
    0xC2, 0x0F, 0xB8, 0xAF, 0xCE, 0x42, 0xA6, 0x13, 0x91, 0x09, 0x00, 0x90, 0xF2, 0x8D, 0x7C, 0xFC,
    0xE4, 0xA3, 0x27, 0xDB, 0xE8, 0xDF, 0xF5, 0xAF, 0xA0, 0x47, 0x3D, 0x81, 0x5E, 0xAA, 0x11, 0x74,
    0x56, 0x03, 0xE8, 0x54, 0x65, 0xAE, 0x7C, 0xE7, 0x21, 0x46, 0xAC, 0x64, 0x70, 0x81, 0xEA, 0x03,
    0x68, 0x05, 0xA6, 0x0E, 0x9D, 0x6A, 0x6C, 0xDC, 0xC4, 0xF9, 0x39, 0x8E, 0x39, 0x35, 0x8B, 0x82,
    0x11, 0xA7, 0x0A, 0xFE, 0xBA, 0x8B, 0x1E, 0x3B, 0x00, 0x36, 0x4A, 0x4D, 0x8D, 0x4C, 0x94, 0xC8,
    0x29, 0xDC, 0x9E, 0x49, 0xF7, 0x2A, 0xAB, 0xA8, 0x63, 0x15, 0x6C, 0x84, 0xBD, 0xCB, 0xC8, 0x3B,
    0x89, 0x7C, 0x7E, 0x18, 0xA8, 0xB9, 0xF4, 0x1A, 0xDF, 0x46, 0xBF, 0x58, 0x81, 0x24, 0xB8, 0x56,
    0xE8, 0xDF, 0xBE, 0x79, 0xCF, 0x4E, 0xF5, 0x50, 0x65, 0x17, 0x54, 0x6A, 0xD0, 0x69, 0x81, 0xEE,
    0x07, 0xCC, 0xE3, 0x3F, 0x7C, 0x2B, 0x12, 0xD7, 0x1F, 0x3F, 0xF2, 0xF6, 0xE7, 0x8C, 0x0D, 0xB9,
    0xF0, 0x8F, 0xCE, 0x35, 0x35, 0xA1, 0xF1, 0x92, 0x5C, 0x2C, 0x1A, 0xF6, 0x64, 0x75, 0x7F, 0x76,
    0x23, 0x2F, 0x5E, 0xE5, 0x08, 0x7E, 0x0C, 0x48, 0xA8, 0x7B, 0x5E, 0xAF, 0x83, 0x59, 0xB2, 0x95,
    0x51, 0x09, 0x9D, 0xB0, 0x27, 0xB4, 0x63, 0x29, 0xE5, 0x1B, 0xAC, 0xAC, 0xA8, 0x72, 0x83, 0x7D,
    0xF1, 0x7D, 0x5A, 0x3B, 0x2C, 0x2D, 0x01, 0x17, 0xC5, 0x14, 0x63, 0xB2, 0xC4, 0x48, 0xC0, 0x86,
    0x7F, 0x8B, 0xA9, 0x2F, 0x4B, 0x01, 0x0F, 0xF4, 0x50, 0x45, 0x58, 0x7F, 0x0E, 0x45, 0x98, 0x1E,
    0x4C, 0x74, 0x51, 0x87, 0x06, 0xED, 0xAF, 0xDE, 0x73, 0x49, 0x47, 0x34, 0x45, 0x6A, 0xCD, 0x82,
    0x4D, 0x5A, 0x4A, 0x88, 0x4F, 0x27, 0x8C, 0x9C, 0xC0, 0x0C, 0xB8, 0x0D, 0xBC, 0x07, 0xAA, 0x0B,
    0x4E, 0xF2, 0x8D, 0x6A, 0xB8, 0x49, 0xA6, 0x8C, 0xE9, 0x3B, 0x19, 0x81, 0x4E, 0x86, 0x2F, 0x77,
    0x3E, 0x5C, 0xC0, 0x50, 0xC5, 0xA5, 0x8A, 0x0F, 0xBF, 0x8B, 0x8D, 0x04, 0x3C, 0x50, 0x50, 0x45,
    0x50, 0x05, 0xE6, 0x04, 0x3A, 0xF1, 0xFF, 0xEF, 0xAD, 0x5D, 0xBB, 0x78, 0x6B, 0x32, 0xA0, 0xC4,
    0xFF, 0xF3, 0xFF, 0xEC, 0x9E, 0x97, 0x58, 0xE6, 0x8D, 0x9D, 0xED, 0x4E, 0x56, 0xCF, 0x8E, 0x3F,
    0x4B, 0x8B, 0xB7, 0xF6, 0x1F, 0xBC, 0xCC, 0x12, 0x06, 0x2E, 0x44, 0x55, 0x19, 0x95, 0x31, 0x03,
    0xED, 0x44, 0x09, 0xAC, 0xCC, 0xF5, 0x9D, 0xED, 0xFA, 0xFC, 0x6A, 0x9F, 0x27, 0x1B, 0x37, 0x84,
    0x76, 0x80, 0x19, 0xCC, 0xA1, 0x06, 0x57, 0x26, 0x60, 0x13, 0x07, 0x17, 0xF4, 0x5D, 0x75, 0xD6,
    0xEB, 0x25, 0x9B, 0x77, 0xD2, 0x6B, 0x0F, 0x69, 0x22, 0xEF, 0xC4, 0x4D, 0x13, 0xE7, 0x36, 0x2C,
    0x5C, 0x18, 0xDC, 0x9D, 0x54, 0xAC, 0xC9, 0x12, 0x30, 0x00, 0x16, 0xC0, 0x01, 0x74, 0x09, 0x8C,
    0x8C, 0x50, 0xBF, 0xBF, 0x05, 0xF3, 0x9B, 0x0E, 0x96, 0xB7, 0x9C, 0xAF, 0xF2, 0x2D, 0x1B, 0x74,
    0x9A, 0x99, 0xA8, 0xE3, 0x6D, 0x13, 0x6D, 0x2C, 0xCB, 0x85, 0x2F, 0xCA, 0xE2, 0xBE, 0x89, 0x35,
    0x9F, 0xD8, 0xB8, 0x05, 0x36, 0xAE, 0xC0, 0xE5, 0xFF, 0xF4, 0x5D, 0xE0, 0xBC, 0x4A, 0xCE, 0xEB,
    0xE4, 0xD0, 0x7D, 0x83, 0x8E, 0x47, 0xB4, 0x92, 0x00, 0xCA, 0x09, 0xCD, 0xE9, 0xD5, 0xBE, 0xFF,
    0x06, 0x63, 0x60, 0x61, 0x60, 0xA8, 0x6F, 0x60, 0xFC, 0x7D, 0x80, 0xF9, 0xD2, 0x01, 0xE6, 0x43,
    0x07, 0x98, 0x0F, 0x1F, 0x60, 0x3F, 0xCF, 0xC0, 0xBD, 0x8E, 0x81, 0xFB, 0x07, 0x03, 0xFF, 0x03,
    0x06, 0x7D, 0x07, 0x86, 0xFF, 0x0C, 0x0C, 0xF9, 0x0C, 0x0C, 0x72, 0x0C, 0x0C, 0xF2, 0x0C, 0x0C,
    0xFC, 0x0B, 0x18, 0xB8, 0xBF, 0x30, 0x30, 0x38, 0x30, 0x00, 0x00, 0x45, 0xCE, 0x01, 0x86, 0x1C,
    0x41, 0x14, 0x87, 0xF1, 0x5F, 0x57, 0x6F, 0xD2, 0x61, 0xD8, 0x5A, 0x08, 0x10, 0x3B, 0x27, 0xD8,
    0x01, 0x41, 0xD0, 0xBD, 0xDD, 0x47, 0x08, 0xEC, 0x4D, 0x82, 0x05, 0x34, 0x39, 0x40, 0x72, 0x98,
    0xC1, 0x62, 0x65, 0x2A, 0x81, 0x00, 0x4C, 0xE4, 0x00, 0x69, 0x20, 0x40, 0xB6, 0x31, 0x92, 0x46,
    0xA2, 0x32, 0x95, 0x44, 0xA6, 0xD4, 0x57, 0xE5, 0xF1, 0xDE, 0xFF, 0x7D, 0x1E, 0x61, 0x8D, 0x7B,
    0xC2, 0xCC, 0x6A, 0x64, 0x83, 0x5D, 0xCE, 0xCB, 0x91, 0x43, 0x87, 0x88, 0x26, 0x11, 0x26, 0xCC,
    0xB8, 0xC0, 0x63, 0xAC, 0x13, 0xBB, 0x49, 0x78, 0x58, 0xC4, 0x37, 0x9D, 0xEE, 0x32, 0x9A, 0xAF,
    0xEA, 0xE4, 0x0A, 0xAD, 0x13, 0xB7, 0xB8, 0xC3, 0x16, 0x33, 0x3C, 0xC1, 0x06, 0x71, 0xA0, 0x4E,
    0x54, 0x33, 0x96, 0x3E, 0xE7, 0x9F, 0x85, 0x52, 0xD3, 0xA4, 0xFF, 0x62, 0xA5, 0x34, 0x52, 0xBD,
    0x25, 0xEC, 0xCB, 0xC8, 0x89, 0x66, 0x64, 0x55, 0x18, 0x3C, 0x8F, 0xF6, 0x6D, 0x6C, 0x52, 0x8C,
    0x6B, 0xCD, 0x97, 0x7B, 0x55, 0x9E, 0xD8, 0x8D, 0x74, 0x08, 0xAA, 0xA1, 0x74, 0x96, 0x99, 0xEB,
    0x92, 0x68, 0xE1, 0x4E, 0x3D, 0xD1, 0x15, 0x0F, 0x51, 0x9F, 0x8F, 0x27, 0xFD, 0x79, 0xC7, 0x88,
    0x8D, 0x55, 0x62, 0x51, 0x4F, 0xE5, 0x3A, 0x28, 0x6D, 0xAD, 0x0E, 0x17, 0xCE, 0xE0, 0x25, 0xE1,
    0xC0, 0xEA, 0x17, 0x7D, 0xE6, 0xFB, 0xD7, 0xD4, 0x7C, 0xF8, 0x34, 0xC7, 0x3A, 0x6D, 0xCF, 0xEA,
    0x74, 0xF1, 0xD7, 0x71, 0xFC, 0xE7, 0x58, 0x56, 0x50, 0x78, 0x15, 0x43, 0x6A, 0xE3, 0x6A, 0x5C,
    0x5F, 0x5E, 0x6B, 0xBE, 0x1D, 0x84, 0xBC, 0x27, 0xA3, 0x85, 0x67, 0xD8, 0x51, 0xE7, 0x24, 0xBE,
    0x9B, 0x74, 0xED, 0x52, 0xCD, 0xB7, 0xDD, 0x31, 0xF2, 0x9C, 0x2D, 0xE6, 0x13, 0xD5, 0x44, 0x98,
    0x9C, 0x87, 0xFD, 0x8B, 0xF8, 0xFA, 0xFD, 0x5C, 0x7F, 0xFE, 0x98, 0xFC, 0x78, 0xA0, 0x5F, 0x58,
    0x4F, 0x34, 0x83, 0xA7, 0x37, 0x37, 0x43, 0x9F, 0x73, 0x2A, 0xFF, 0x6F, 0x62, 0xB0, 0x00, 0x34,
    0x49, 0x06, 0x1A, 0x72, 0x03, 0x71, 0x18, 0xFF, 0x25, 0x53, 0x52, 0xA2, 0xFB, 0x3F, 0xF4, 0x38,
    0xD0, 0x39, 0x00, 0xC7, 0x6D, 0x00, 0x8A, 0x64, 0x33, 0x6F, 0xD0, 0xA2, 0xA7, 0x8F, 0x71, 0x70,
    0x58, 0xAC, 0xDE, 0x3E, 0xC2, 0x3D, 0xC2, 0x01, 0x08, 0x67, 0x0B, 0x08, 0xD6, 0xEE, 0x3C, 0xC2,
    0xF4, 0x0D, 0x06, 0x0A, 0xA5, 0x0C, 0x82, 0xC5, 0x76, 0xA7, 0x63, 0xBA, 0xF4, 0xBE, 0x6F, 0xBE,
    0x2F, 0x93, 0xE4, 0x9F, 0xFF, 0x9F, 0x7C, 0x03, 0x3D, 0x88, 0xA5, 0x0C, 0x30, 0xC1, 0x8A, 0xF7,
    0x6D, 0x19, 0xB7, 0xF2, 0xE3, 0xA8, 0x59, 0x2D, 0x58, 0xB5, 0x8C, 0x2D, 0xA1, 0x53, 0xBE, 0xD9,
    0xD8, 0xFA, 0x44, 0xC6, 0x97, 0x37, 0xE8, 0xF8, 0xC2, 0xEE, 0xEB, 0x41, 0xF9, 0xE2, 0x58, 0xAF,
    0xAB, 0xDF, 0x1A, 0x91, 0x96, 0x36, 0x29, 0xC8, 0x52, 0x39, 0x79, 0xA8, 0xCD, 0x6C, 0x39, 0xE7,
    0xB6, 0x5D, 0xD2, 0x76, 0x81, 0x20, 0xB6, 0x72, 0xF2, 0x73, 0x6F, 0xBA, 0x78, 0x80, 0x02, 0xC0,
    0x93, 0x27, 0xAA, 0x09, 0x64, 0x84, 0x0F, 0x2B, 0x68, 0x5B, 0x58, 0x76, 0x10, 0xE6, 0x94, 0x4E,
    0xA3, 0xAC, 0x50, 0x1B, 0x21, 0xD1, 0xDC, 0x52, 0xAF, 0x17, 0xC3, 0xC6, 0x3E, 0xC6, 0x68, 0xCB,
    0x61, 0x18, 0x8C, 0x8A, 0x31, 0x1A, 0xB6, 0x89, 0x8C, 0x89, 0x4C, 0x89, 0x84, 0x6C, 0x89, 0xC5,
    0x3F, 0x4B, 0x97, 0xD2, 0x97, 0x1E, 0xE5, 0x55, 0x32, 0xA7, 0x1C, 0xCA, 0x2A, 0x9B, 0x8D, 0xCA,
    0x56, 0x36, 0x35, 0xAD, 0xB3, 0xAD, 0x11, 0x23, 0x86, 0x7B, 0x77, 0xEF, 0xD8, 0xFB, 0xBD, 0xA7,
    0x18, 0x86, 0xE7, 0x32, 0xC6, 0x40, 0xC0, 0x73, 0xC0, 0xB1, 0x02, 0x16, 0x80, 0x06, 0xC4, 0x40,
    0x6D, 0x41, 0x39, 0xA8, 0x6C, 0xBE, 0xCF, 0xEF, 0xB6, 0x50, 0x04, 0x50, 0x16, 0x64, 0x3D, 0xA3,
    0x61, 0xC6, 0x63, 0xFC, 0xC3, 0x3E, 0x1E, 0x81, 0xB4, 0x0D, 0x37, 0xC3, 0x13, 0xA8, 0x35, 0x08,
    0x70, 0x0B, 0x2C, 0x81, 0xF3, 0x17, 0xB5, 0x81, 0x19, 0xD0, 0x02, 0xDF, 0xA1, 0x70, 0xF9, 0xF1,
    0xEB, 0xCA, 0x8C, 0x8B, 0xED, 0x08, 0x94, 0xD1, 0x82, 0xFA, 0x65, 0xF2, 0x7C, 0x10, 0x03, 0x68,
    0x80, 0x0E, 0xA0, 0x85, 0x1D, 0x23, 0xF4, 0x04, 0xD0, 0x85, 0x07, 0xC9, 0xAD, 0xAA, 0x35, 0xC8,
    0x27, 0xCE, 0x56, 0xBF, 0x00, 0xD5, 0x91, 0x9C, 0x01, 0xA8, 0xC0, 0x6B, 0xC8, 0xA1, 0x3A, 0xD1,
    0x6F, 0x9A, 0x8D, 0x19, 0xAB, 0x94, 0x70, 0x50, 0xA1, 0x4A, 0xE6, 0xD2, 0x4E, 0x07, 0x61, 0xB7,
    0xFD, 0xB6, 0xA3, 0xF7, 0x72, 0xE0, 0x0C, 0xF2, 0x2F, 0x44, 0x40, 0x40, 0x43, 0x03, 0x73, 0xE8,
    0xA0, 0x85, 0x3E, 0x9E, 0xD2, 0xA2, 0xF1, 0x45, 0x3C, 0x2A, 0xBF, 0xA8, 0xAD, 0x16, 0xA3, 0x05,
    0xAD, 0x99, 0x6B, 0x16, 0x73, 0xBA, 0x8E, 0xB6, 0x4D, 0x2B, 0x9F, 0xB5, 0x15, 0xE3, 0xC8, 0x44,
    0x46, 0x13, 0x20, 0x7A, 0x8A, 0x00, 0xA5, 0x07, 0xE5, 0xCE, 0xB2, 0x59, 0x54, 0x59, 0x79, 0x74,
    0x96, 0x98, 0x24, 0xFE, 0x4B, 0x9F, 0x35, 0x07, 0x3A, 0x60, 0x05, 0xFD, 0x21, 0xC9, 0x93, 0x51,
    0x4D, 0x6F, 0x75, 0xDC, 0x5E, 0xD5, 0x01, 0x10, 0x77, 0xD1, 0x9F, 0xA6, 0xEB, 0xC6, 0x71, 0x86,
    0xA7, 0xB4, 0x28, 0xD3, 0xA7, 0xCC, 0x76, 0xCF, 0x3C, 0x80, 0x67, 0x1F, 0xFD, 0xFD, 0xF0, 0xF4,
    0x0E, 0x3E, 0xC2, 0x35, 0x00, 0x7D, 0x9C, 0x6E, 0x86, 0xE7, 0x57, 0xD1, 0x12, 0xA3, 0x1B, 0x86,
    0x35, 0x5C, 0x51, 0x1C, 0x69, 0x7C, 0x75, 0x42, 0x1C, 0xE2, 0x29, 0x4E, 0x06, 0x1D, 0x72, 0xB0,
    0x5C, 0xDE, 0x7D, 0x4E, 0xF5, 0x97, 0x77, 0xA6, 0x00, 0xE5, 0x29, 0xA2, 0xA1, 0x9E, 0x60, 0x4B,
    0x75, 0x64, 0xFF, 0x54, 0x1F, 0x10, 0x03, 0xB9, 0xAC, 0xCF, 0x65, 0x7F, 0x01, 0x63, 0x64, 0x60,
    0x6E, 0x40, 0x87, 0xD2, 0x0D, 0xFB, 0x1D, 0xFE, 0x33, 0xEC, 0x61, 0x00, 0xCB, 0x1D, 0x60, 0xFE,
    0xC0, 0xFC, 0x83, 0x79, 0x0F, 0x73, 0x2F, 0x18, 0xF6, 0x48, 0xCF, 0x80, 0xC8, 0x31, 0x30, 0x48,
    0x32, 0x48, 0xFF, 0x65, 0xFA, 0x3F, 0x97, 0xF9, 0x01, 0x2F, 0x73, 0x03, 0x26, 0x5A, 0xAB, 0xDF,
    0xFC, 0xF7, 0xBF, 0xF3, 0x9F, 0xFF, 0x4C, 0x1F, 0x76, 0x30, 0xA0, 0x2A, 0x6E, 0xFB, 0xCB, 0xFC,
    0xFF, 0x2D, 0xF3, 0x13, 0x9C, 0x8A, 0x05, 0x18, 0x0C, 0x90, 0xA0, 0xD1, 0x03, 0xBB, 0x0F, 0x26,
    0x26, 0x06, 0x05, 0x06, 0x0F, 0xAC, 0x1B, 0x34, 0x18, 0x14, 0x18, 0x4C, 0x44, 0x4C, 0x7F, 0xD8,
    0xFF, 0xB0, 0xB3, 0x30, 0x81, 0xC0, 0x0A, 0x6B, 0x20, 0xCF, 0xC2, 0x82, 0xC1, 0x02, 0xA8, 0x8D,
    0x85, 0x81, 0x81, 0x0F, 0x84, 0x78, 0xF9, 0x1F, 0xF0, 0xEA, 0x5F, 0xE0, 0xFF, 0xCF, 0xA0, 0xFF,
    0x8E, 0xE1, 0x1F, 0x1F, 0xC3, 0x5D, 0xA0, 0x08, 0x9F, 0x00, 0x48, 0xB0, 0xFE, 0x02, 0xFF, 0x3F,
    0x86, 0xFD, 0x7D, 0x0C, 0x7F, 0xF9, 0x18, 0x7C, 0xB9, 0x18, 0x78, 0x19, 0x40, 0x08, 0x00, 0x5D,
    0xCC, 0x01, 0x06, 0xC2, 0x50, 0x00, 0xC6, 0xF1, 0xDF, 0x7A, 0x25, 0x84, 0xDD, 0xA4, 0x00, 0xC2,
    0x8B, 0x0E, 0x36, 0xEA, 0x28, 0x01, 0xE8, 0x04, 0xC3, 0xD8, 0x8E, 0xD0, 0x11, 0x06, 0x01, 0xF0,
    0xF0, 0x30, 0xC8, 0x7A, 0x89, 0x64, 0xF8, 0xF3, 0xF1, 0xF1, 0x63, 0x8D, 0x39, 0x0A, 0xCF, 0xC6,
    0xEE, 0x7A, 0x54, 0x9F, 0xA9, 0xD1, 0xCF, 0x59, 0x7F, 0x4F, 0xF6, 0xBE, 0x9D, 0xAA, 0x24, 0xAE,
    0x46, 0x31, 0x8C, 0x9A, 0xF0, 0xD0, 0x85, 0x41, 0x5B, 0x76, 0xDE, 0x66, 0x89, 0x92, 0xF2, 0x3A,
    0x0C, 0x5C, 0xC0, 0x86, 0x6A, 0x7E, 0x15, 0xB7, 0x2B, 0x6E, 0x2C, 0x6E, 0xA3, 0xD6, 0xEA, 0xA7,
    0xD2, 0x2D, 0x2F, 0xDC, 0x4F, 0x0B, 0x37, 0x4C, 0x3F, 0x37, 0xFD, 0xBB, 0xBC, 0x01,
};

static const EpdGlyph bitter_10_italicGlyphs[] = {
    { 0, 0, 0, 0, 0, 0, 0 }, // U+0000
    { 0, 0, 0, 0, 0, 0, 0 }, // U+0001
    { 0, 0, 0, 0, 0, 0, 0 }, // U+0002
    { 0, 0, 0, 0, 0, 0, 0 }, // U+0003
    { 0, 0, 0, 0, 0, 0, 0 }, // U+0004
    { 0, 0, 0, 0, 0, 0, 0 }, // U+0005
    { 0, 0, 0, 0, 0, 0, 0 }, // U+0006
    { 0, 0, 0, 0, 0, 0, 0 }, // U+0007
    { 0, 0, 0, 0, 0, 0, 0 }, // U+0008
    { 0, 0, 0, 0, 0, 0, 0 }, // U+0009
    { 0, 0, 0, 0, 0, 0, 0 }, // U+000A
    { 0, 0, 0, 0, 0, 0, 0 }, // U+000B
    { 0, 0, 0, 0, 0, 0, 0 }, // U+000C
    { 0, 0, 0, 0, 0, 0, 0 }, // U+000D
    { 0, 0, 0, 0, 0, 0, 0 }, // U+000E
    { 0, 0, 0, 0, 0, 0, 0 }, // U+000F
    { 0, 0, 0, 0, 0, 0, 0 }, // U+0010
    { 0, 0, 0, 0, 0, 0, 0 }, // U+0011
    { 0, 0, 0, 0, 0, 0, 0 }, // U+0012
    { 0, 0, 0, 0, 0, 0, 0 }, // U+0013
    { 0, 0, 0, 0, 0, 0, 0 }, // U+0014
    { 0, 0, 0, 0, 0, 0, 0 }, // U+0015
    { 0, 0, 0, 0, 0, 0, 0 }, // U+0016
    { 0, 0, 0, 0, 0, 0, 0 }, // U+0017
    { 0, 0, 0, 0, 0, 0, 0 }, // U+0018
    { 0, 0, 0, 0, 0, 0, 0 }, // U+0019
    { 0, 0, 0, 0, 0, 0, 0 }, // U+001A
    { 0, 0, 0, 0, 0, 0, 0 }, // U+001B
    { 0, 0, 0, 0, 0, 0, 0 }, // U+001C
    { 0, 0, 0, 0, 0, 0, 0 }, // U+001D
    { 0, 0, 0, 0, 0, 0, 0 }, // U+001E
    { 0, 0, 0, 0, 0, 0, 0 }, // U+001F
    { 0, 0, 62, 0, 0, 0, 0 }, // U+0020
    { 5, 16, 106, 1, 15, 20, 0 }, // !
    { 7, 7, 129, 2, 17, 13, 20 }, // "
    { 13, 15, 212, 0, 15, 49, 33 }, // #
    { 12, 21, 201, 0, 18, 63, 82 }, // $
    { 15, 16, 274, 1, 15, 60, 145 }, // %
    { 13, 16, 228, 1, 15, 52, 205 }, // &
    { 3, 7, 75, 2, 17, 6, 257 }, // '
    { 8, 22, 100, 0, 19, 44, 263 }, // (
    { 8, 22, 100, -1, 19, 44, 307 }, // )
    { 7, 7, 146, 2, 16, 13, 351 }, // *
    { 10, 11, 182, 1, 13, 28, 364 }, // +
    { 4, 7, 75, -1, 3, 7, 392 }, // ,
    { 7, 2, 136, 1, 7, 4, 399 }, // -
    { 3, 4, 76, 0, 3, 3, 403 }, // .
    { 11, 19, 102, -2, 17, 53, 406 }, // /
    { 12, 14, 211, 1, 13, 42, 459 }, // 0
    { 8, 12, 139, 0, 12, 24, 501 }, // 1
    { 11, 13, 186, 0, 13, 36, 525 }, // 2
    { 12, 16, 180, -1, 13, 48, 561 }, // 3
    { 13, 16, 192, -1, 13, 52, 609 }, // 4
    { 12, 16, 172, -1, 13, 48, 661 }, // 5
    { 11, 16, 197, 1, 15, 44, 709 }, // 6
    { 11, 16, 172, 1, 13, 44, 753 }, // 7
    { 12, 16, 199, 0, 15, 48, 797 }, // 8
    { 12, 16, 197, 0, 13, 48, 845 }, // 9
    { 5, 11, 76, 0, 10, 14, 893 }, // :
    { 6, 14, 76, -1, 10, 21, 907 }, // ;
    { 10, 9, 173, 1, 12, 23, 928 }, // <
    { 11, 7, 224, 2, 11, 20, 951 }, // =
    { 11, 9, 173, 0, 12, 25, 971 }, // >
    { 8, 16, 137, 1, 15, 32, 996 }, // ?
    { 16, 17, 289, 1, 14, 68, 1028 }, // @
    { 15, 15, 226, -1, 15, 57, 1096 }, // A
    { 13, 15, 211, 0, 15, 49, 1153 }, // B
    { 13, 16, 207, 1, 15, 52, 1202 }, // C
    { 14, 15, 236, 0, 15, 53, 1254 }, // D
    { 13, 15, 201, 0, 15, 49, 1307 }, // E
    { 13, 15, 184, 0, 15, 49, 1356 }, // F
    { 14, 16, 237, 1, 15, 56, 1405 }, // G
    { 17, 15, 256, 0, 15, 64, 1461 }, // H
    { 8, 15, 117, 0, 15, 30, 1525 }, // I
    { 10, 19, 112, -2, 15, 48, 1555 }, // J
    { 15, 15, 230, 0, 15, 57, 1603 }, // K
    { 11, 15, 179, 0, 15, 42, 1660 }, // L
    { 19, 15, 287, 0, 15, 72, 1702 }, // M
    { 17, 15, 253, 0, 15, 64, 1774 }, // N
    { 14, 16, 241, 1, 15, 56, 1838 }, // O
    { 13, 15, 196, 0, 15, 49, 1894 }, // P
    { 15, 19, 242, 1, 15, 72, 1943 }, // Q
    { 13, 15, 214, 0, 15, 49, 2015 }, // R
    { 12, 16, 194, 0, 15, 48, 2064 }, // S
    { 12, 15, 193, 1, 15, 45, 2112 }, // T
    { 15, 16, 242, 1, 15, 60, 2157 }, // U
    { 15, 16, 228, 1, 15, 60, 2217 }, // V
    { 21, 16, 330, 1, 15, 84, 2277 }, // W
    { 16, 15, 227, -1, 15, 60, 2361 }, // X
    { 14, 15, 209, 1, 15, 53, 2421 }, // Y
    { 13, 15, 198, 0, 15, 49, 2474 }, // Z
    { 9, 21, 109, 0, 18, 48, 2523 }, // [
    { 5, 19, 103, 1, 17, 24, 2571 }, // <backslash>
    { 9, 21, 109, -1, 18, 48, 2595 }, // ]
    { 10, 8, 167, 0, 19, 20, 2643 }, // ^
    { 11, 2, 158, -2, -1, 6, 2663 }, // _
    { 6, 6, 128, 2, 18, 9, 2669 }, // `
    { 12, 13, 196, 0, 12, 39, 2678 }, // a
    { 12, 18, 191, 0, 17, 54, 2717 }, // b
    { 10, 13, 161, 0, 12, 33, 2771 }, // c
    { 12, 18, 196, 0, 17, 54, 2804 }, // d
    { 11, 13, 169, 0, 12, 36, 2858 }, // e
    { 13, 22, 112, -3, 17, 72, 2894 }, // f
    { 12, 17, 191, 0, 12, 51, 2966 }, // g
    { 12, 18, 198, 0, 17, 54, 3017 }, // h
    { 5, 17, 98, 1, 16, 22, 3071 }, // i
    { 9, 21, 93, -3, 16, 48, 3093 }, // j
    { 12, 17, 184, 0, 17, 51, 3141 }, // k
    { 6, 18, 93, 0, 17, 27, 3192 }, // l
    { 17, 13, 302, 1, 12, 56, 3219 }, // m
    { 11, 13, 203, 1, 12, 36, 3275 }, // n
    { 11, 13, 186, 0, 12, 36, 3311 }, // o
    { 14, 17, 196, -2, 12, 60, 3347 }, // p
    { 12, 17, 191, 0, 12, 51, 3407 }, // q
    { 9, 12, 139, 1, 12, 27, 3458 }, // r
    { 10, 13, 159, 0, 12, 33, 3485 }, // s
    { 8, 15, 123, 0, 14, 30, 3518 }, // t
    { 11, 13, 203, 1, 12, 36, 3548 }, // u
    { 12, 13, 173, 0, 12, 39, 3584 }, // v
    { 18, 13, 264, 0, 12, 59, 3623 }, // w
    { 13, 12, 180, -1, 12, 39, 3682 }, // x
    { 14, 17, 173, -2, 12, 60, 3721 }, // y
    { 11, 12, 159, -1, 12, 33, 3781 }, // z
    { 8, 21, 110, 0, 18, 42, 3814 }, // {
    { 5, 20, 106, 1, 17, 25, 3856 }, // |
    { 9, 21, 110, -1, 18, 48, 3881 }, // }
    { 12, 4, 215, 1, 9, 12, 3929 }, // ~
    { 0, 0, 0, 0, 0, 0, 3941 }, // U+007F
    { 0, 0, 0, 0, 0, 0, 0 }, // U+0080
    { 0, 0, 0, 0, 0, 0, 0 }, // U+0081
    { 0, 0, 0, 0, 0, 0, 0 }, // U+0082
    { 0, 0, 0, 0, 0, 0, 0 }, // U+0083
    { 0, 0, 0, 0, 0, 0, 0 }, // U+0084
    { 0, 0, 0, 0, 0, 0, 0 }, // U+0085
    { 0, 0, 0, 0, 0, 0, 0 }, // U+0086
    { 0, 0, 0, 0, 0, 0, 0 }, // U+0087
    { 0, 0, 0, 0, 0, 0, 0 }, // U+0088
    { 0, 0, 0, 0, 0, 0, 0 }, // U+0089
    { 0, 0, 0, 0, 0, 0, 0 }, // U+008A
    { 0, 0, 0, 0, 0, 0, 0 }, // U+008B
    { 0, 0, 0, 0, 0, 0, 0 }, // U+008C
    { 0, 0, 0, 0, 0, 0, 0 }, // U+008D
    { 0, 0, 0, 0, 0, 0, 0 }, // U+008E
    { 0, 0, 0, 0, 0, 0, 0 }, // U+008F
    { 0, 0, 0, 0, 0, 0, 0 }, // U+0090
    { 0, 0, 0, 0, 0, 0, 0 }, // U+0091
    { 0, 0, 0, 0, 0, 0, 0 }, // U+0092
    { 0, 0, 0, 0, 0, 0, 0 }, // U+0093
    { 0, 0, 0, 0, 0, 0, 0 }, // U+0094
    { 0, 0, 0, 0, 0, 0, 0 }, // U+0095
    { 0, 0, 0, 0, 0, 0, 0 }, // U+0096
    { 0, 0, 0, 0, 0, 0, 0 }, // U+0097
    { 0, 0, 0, 0, 0, 0, 0 }, // U+0098
    { 0, 0, 0, 0, 0, 0, 0 }, // U+0099
    { 0, 0, 0, 0, 0, 0, 0 }, // U+009A
    { 0, 0, 0, 0, 0, 0, 0 }, // U+009B
    { 0, 0, 0, 0, 0, 0, 0 }, // U+009C
    { 0, 0, 0, 0, 0, 0, 0 }, // U+009D
    { 0, 0, 0, 0, 0, 0, 0 }, // U+009E
    { 0, 0, 0, 0, 0, 0, 0 }, // U+009F
    { 0, 0, 62, 0, 0, 0, 0 }, // U+00A0
    { 6, 15, 106, 0, 10, 23, 0 }, // U+00A1
    { 10, 17, 183, 1, 16, 43, 23 }, // U+00A2
    { 13, 15, 216, 0, 15, 49, 66 }, // U+00A3
    { 12, 11, 215, 1, 12, 33, 115 }, // U+00A4
    { 13, 15, 230, 2, 15, 49, 148 }, // U+00A5
    { 5, 20, 106, 1, 17, 25, 197 }, // U+00A6
    { 11, 19, 182, 0, 15, 53, 222 }, // U+00A7
    { 8, 3, 147, 2, 16, 6, 275 }, // U+00A8
    { 17, 16, 292, 1, 15, 68, 281 }, // U+00A9
    { 10, 12, 161, 0, 15, 30, 349 }, // U+00AA
    { 10, 10, 161, 0, 11, 25, 379 }, // U+00AB
    { 11, 7, 215, 1, 9, 20, 404 }, // U+00AC
    { 0, 0, 0, 0, 0, 0, 424 }, // U+00AD
    { 13, 13, 242, 2, 16, 43, 424 }, // U+00AE
    { 7, 3, 135, 2, 16, 6, 467 }, // U+00AF
    { 8, 7, 139, 1, 16, 14, 473 }, // U+00B0
    { 12, 14, 189, 0, 14, 42, 487 }, // U+00B1
    { 8, 10, 117, 0, 17, 20, 529 }, // U+00B2
    { 8, 10, 120, 0, 16, 20, 549 }, // U+00B3
    { 6, 5, 124, 2, 17, 8, 569 }, // U+00B4
    { 12, 17, 228, 1, 12, 51, 577 }, // U+00B5
    { 12, 19, 198, 1, 15, 57, 628 }, // U+00B6
    { 3, 4, 76, 1, 9, 3, 685 }, // U+00B7
    { 6, 5, 118, -1, 0, 8, 688 }, // U+00B8
    { 6, 9, 92, 0, 16, 14, 696 }, // U+00B9
    { 10, 12, 147, 0, 15, 30, 710 }, // U+00BA
    { 10, 10, 161, 0, 11, 25, 740 }, // U+00BB
    { 16, 16, 275, 1, 15, 64, 765 }, // U+00BC
    { 16, 16, 279, 1, 15, 64, 829 }, // U+00BD
    { 18, 16, 292, 0, 15, 72, 893 }, // U+00BE
    { 9, 16, 135, -1, 12, 36, 965 }, // U+00BF
    { 15, 20, 226, -1, 20, 75, 1001 }, // U+00C0
    { 15, 20, 226, -1, 20, 75, 1076 }, // U+00C1
    { 15, 20, 226, -1, 20, 75, 1151 }, // U+00C2
    { 15, 19, 226, -1, 19, 72, 1226 }, // U+00C3
    { 15, 19, 226, -1, 19, 72, 1298 }, // U+00C4
    { 15, 20, 226, -1, 20, 75, 1370 }, // U+00C5
    { 20, 15, 306, -1, 15, 75, 1445 }, // U+00C6
    { 13, 20, 207, 1, 15, 65, 1520 }, // U+00C7
    { 13, 20, 201, 0, 20, 65, 1585 }, // U+00C8
    { 13, 20, 201, 0, 20, 65, 1650 }, // U+00C9
    { 13, 20, 201, 0, 20, 65, 1715 }, // U+00CA
    { 13, 19, 201, 0, 19, 62, 1780 }, // U+00CB
    { 8, 20, 117, 0, 20, 40, 1842 }, // U+00CC
    { 9, 20, 117, 0, 20, 45, 1882 }, // U+00CD
    { 9, 20, 117, 0, 20, 45, 1927 }, // U+00CE
    { 9, 19, 117, 0, 19, 43, 1972 }, // U+00CF
    { 14, 15, 236, 0, 15, 53, 2015 }, // U+00D0
    { 17, 19, 253, 0, 19, 81, 2068 }, // U+00D1
    { 14, 21, 241, 1, 20, 74, 2149 }, // U+00D2
    { 14, 21, 241, 1, 20, 74, 2223 }, // U+00D3
    { 14, 21, 241, 1, 20, 74, 2297 }, // U+00D4
    { 14, 20, 241, 1, 19, 70, 2371 }, // U+00D5
    { 14, 20, 241, 1, 19, 70, 2441 }, // U+00D6
    { 10, 9, 173, 1, 12, 23, 2511 }, // U+00D7
    { 15, 19, 245, 0, 17, 72, 2534 }, // U+00D8
    { 15, 21, 242, 1, 20, 79, 2606 }, // U+00D9
    { 15, 21, 242, 1, 20, 79, 2685 }, // U+00DA
    { 15, 21, 242, 1, 20, 79, 2764 }, // U+00DB
    { 15, 20, 242, 1, 19, 75, 2843 }, // U+00DC
    { 14, 20, 209, 1, 20, 70, 2918 }, // U+00DD
    { 12, 15, 192, 0, 15, 45, 2988 }, // U+00DE
    { 16, 23, 212, -3, 17, 92, 3033 }, // U+00DF
    { 12, 19, 196, 0, 18, 57, 3125 }, // U+00E0
    { 12, 18, 196, 0, 17, 54, 3182 }, // U+00E1
    { 12, 18, 196, 0, 17, 54, 3236 }, // U+00E2
    { 12, 18, 196, 0, 17, 54, 3290 }, // U+00E3
    { 12, 17, 196, 0, 16, 51, 3344 }, // U+00E4
    { 12, 19, 196, 0, 18, 57, 3395 }, // U+00E5
    { 17, 13, 267, 0, 12, 56, 3452 }, // U+00E6
    { 10, 17, 161, 0, 12, 43, 3508 }, // U+00E7
    { 11, 19, 168, 0, 18, 53, 3551 }, // U+00E8
    { 11, 18, 168, 0, 17, 50, 3604 }, // U+00E9
    { 11, 18, 168, 0, 17, 50, 3654 }, // U+00EA
    { 11, 17, 168, 0, 16, 47, 3704 }, // U+00EB
    { 6, 19, 98, 1, 18, 29, 3751 }, // U+00EC
    { 7, 18, 98, 1, 17, 32, 3780 }, // U+00ED
    { 6, 18, 98, 1, 17, 27, 3812 }, // U+00EE
    { 7, 17, 98, 1, 16, 30, 3839 }, // U+00EF
    { 12, 18, 190, 0, 17, 54, 3869 }, // U+00F0
    { 11, 18, 203, 1, 17, 50, 3923 }, // U+00F1
    { 11, 19, 186, 0, 18, 53, 3973 }, // U+00F2
    { 11, 18, 186, 0, 17, 50, 4026 }, // U+00F3
    { 11, 18, 186, 0, 17, 50, 4076 }, // U+00F4
    { 11, 18, 186, 0, 17, 50, 4126 }, // U+00F5
    { 11, 17, 186, 0, 16, 47, 4176 }, // U+00F6
    { 10, 12, 224, 2, 13, 30, 4223 }, // U+00F7
    { 12, 15, 194, 0, 13, 45, 4253 }, // U+00F8
    { 11, 19, 203, 1, 18, 53, 4298 }, // U+00F9
    { 11, 18, 203, 1, 17, 50, 4351 }, // U+00FA
    { 11, 18, 203, 1, 17, 50, 4401 }, // U+00FB
    { 11, 17, 203, 1, 16, 47, 4451 }, // U+00FC
    { 14, 22, 173, -2, 17, 77, 4498 }, // U+00FD
    { 14, 22, 191, -2, 17, 77, 4575 }, // U+00FE
    { 14, 21, 173, -2, 16, 74, 4652 }, // U+00FF
    { 15, 18, 226, -1, 18, 68, 0 }, // U+0100
    { 12, 17, 196, 0, 16, 51, 68 }, // U+0101
    { 15, 19, 226, -1, 19, 72, 119 }, // U+0102
    { 12, 18, 196, 0, 17, 54, 191 }, // U+0103
    { 15, 20, 226, -1, 15, 75, 245 }, // U+0104
    { 12, 17, 196, 0, 12, 51, 320 }, // U+0105
    { 13, 21, 207, 1, 20, 69, 371 }, // U+0106
    { 10, 18, 161, 0, 17, 45, 440 }, // U+0107
    { 13, 21, 207, 1, 20, 69, 485 }, // U+0108
    { 11, 18, 161, 0, 17, 50, 554 }, // U+0109
    { 13, 20, 207, 1, 19, 65, 604 }, // U+010A
    { 10, 17, 161, 0, 16, 43, 669 }, // U+010B
    { 13, 21, 207, 1, 20, 69, 712 }, // U+010C
    { 11, 18, 161, 0, 17, 50, 781 }, // U+010D
    { 14, 20, 236, 0, 20, 70, 831 }, // U+010E
    { 16, 18, 196, 0, 17, 72, 901 }, // U+010F
    { 14, 15, 236, 0, 15, 53, 973 }, // U+0110
    { 13, 18, 197, 0, 17, 59, 1026 }, // U+0111
    { 13, 18, 201, 0, 18, 59, 1085 }, // U+0112
    { 11, 17, 168, 0, 16, 47, 1144 }, // U+0113
    { 13, 19, 201, 0, 19, 62, 1191 }, // U+0114
    { 11, 18, 168, 0, 17, 50, 1253 }, // U+0115
    { 13, 19, 201, 0, 19, 62, 1303 }, // U+0116
    { 11, 17, 168, 0, 16, 47, 1365 }, // U+0117
    { 13, 20, 201, 0, 15, 65, 1412 }, // U+0118
    { 11, 17, 168, 0, 12, 47, 1477 }, // U+0119
    { 13, 20, 201, 0, 20, 65, 1524 }, // U+011A
    { 11, 18, 168, 0, 17, 50, 1589 }, // U+011B
    { 14, 21, 237, 1, 20, 74, 1639 }, // U+011C
    { 12, 22, 191, 0, 17, 66, 1713 }, // U+011D
    { 14, 20, 237, 1, 19, 70, 1779 }, // U+011E
    { 12, 22, 191, 0, 17, 66, 1849 }, // U+011F
    { 14, 20, 237, 1, 19, 70, 1915 }, // U+0120
    { 12, 21, 191, 0, 16, 63, 1985 }, // U+0121
    { 14, 22, 237, 1, 15, 77, 2048 }, // U+0122
    { 12, 23, 191, 0, 18, 69, 2125 }, // U+0123
    { 17, 20, 256, 0, 20, 85, 2194 }, // U+0124
    { 12, 22, 198, 0, 21, 66, 2279 }, // U+0125
    { 17, 15, 256, 0, 15, 64, 2345 }, // U+0126
    { 12, 18, 198, 0, 17, 54, 2409 }, // U+0127
    { 10, 19, 117, 0, 19, 48, 2463 }, // U+0128
    { 7, 18, 98, 1, 17, 32, 2511 }, // U+0129
    { 9, 18, 117, 0, 18, 41, 2543 }, // U+012A
    { 7, 17, 98, 1, 16, 30, 2584 }, // U+012B
    { 9, 19, 117, 0, 19, 43, 2614 }, // U+012C
    { 7, 18, 98, 1, 17, 32, 2657 }, // U+012D
    { 8, 20, 117, 0, 15, 40, 2689 }, // U+012E
    { 7, 21, 98, -1, 16, 37, 2729 }, // U+012F
    { 8, 19, 117, 0, 19, 38, 2766 }, // U+0130
    { 4, 13, 98, 1, 12, 13, 2804 }, // U+0131
    { 15, 19, 229, 0, 15, 72, 2817 }, // U+0132
    { 11, 21, 192, 1, 16, 58, 2889 }, // U+0133
    { 11, 24, 112, -2, 20, 66, 2947 }, // U+0134
    { 10, 22, 93, -3, 17, 55, 3013 }, // U+0135
    { 15, 22, 230, 0, 15, 83, 3068 }, // U+0136
    { 12, 24, 184, 0, 17, 72, 3151 }, // U+0137
    { 11, 12, 189, 1, 12, 33, 3223 }, // U+0138
    { 11, 20, 179, 0, 20, 55, 3256 }, // U+0139
    { 8, 22, 93, 0, 21, 44, 3311 }, // U+013A
    { 11, 22, 179, 0, 15, 61, 3355 }, // U+013B
    { 7, 24, 93, -1, 17, 42, 3416 }, // U+013C
    { 12, 16, 179, 0, 16, 48, 3458 }, // U+013D
    { 9, 18, 93, 0, 17, 41, 3506 }, // U+013E
    { 11, 15, 179, 0, 15, 42, 3547 }, // U+013F
    { 9, 18, 121, 0, 17, 41, 3589 }, // U+0140
    { 11, 15, 187, 0, 15, 42, 3630 }, // U+0141
    { 7, 18, 108, 0, 17, 32, 3672 }, // U+0142
    { 17, 20, 253, 0, 20, 85, 3704 }, // U+0143
    { 11, 18, 203, 1, 17, 50, 3789 }, // U+0144
    { 17, 22, 253, 0, 15, 94, 3839 }, // U+0145
    { 11, 19, 203, 1, 12, 53, 3933 }, // U+0146
    { 17, 20, 253, 0, 20, 85, 3986 }, // U+0147
    { 11, 18, 203, 1, 17, 50, 4071 }, // U+0148
    { 14, 18, 248, 1, 17, 63, 4121 }, // U+0149
    { 17, 20, 252, 0, 15, 85, 4184 }, // U+014A
    { 11, 17, 200, 1, 12, 47, 4269 }, // U+014B
    { 14, 19, 241, 1, 18, 67, 4316 }, // U+014C
    { 11, 17, 186, 0, 16, 47, 4383 }, // U+014D
    { 14, 20, 241, 1, 19, 70, 4430 }, // U+014E
    { 11, 18, 186, 0, 17, 50, 4500 }, // U+014F
    { 14, 22, 241, 1, 21, 77, 4550 }, // U+0150
    { 11, 19, 186, 0, 18, 53, 4627 }, // U+0151
    { 18, 16, 306, 1, 15, 72, 4680 }, // U+0152
    { 18, 13, 292, 0, 12, 59, 4752 }, // U+0153
    { 13, 20, 214, 0, 20, 65, 4811 }, // U+0154
    { 9, 17, 139, 1, 17, 39, 4876 }, // U+0155
    { 13, 22, 214, 0, 15, 72, 4915 }, // U+0156
    { 10, 19, 139, 0, 12, 48, 4987 }, // U+0157
    { 13, 20, 214, 0, 20, 65, 5035 }, // U+0158
    { 9, 17, 139, 1, 17, 39, 5100 }, // U+0159
    { 12, 21, 194, 0, 20, 63, 5139 }, // U+015A
    { 10, 18, 166, 0, 17, 45, 5202 }, // U+015B
    { 12, 21, 194, 0, 20, 63, 5247 }, // U+015C
    { 10, 18, 166, 0, 17, 45, 5310 }, // U+015D
    { 12, 20, 194, 0, 15, 60, 5355 }, // U+015E
    { 10, 17, 166, 0, 12, 43, 5415 }, // U+015F
    { 12, 21, 194, 0, 20, 63, 5458 }, // U+0160
    { 11, 18, 166, 0, 17, 50, 5521 }, // U+0161
    { 12, 20, 193, 1, 15, 60, 5571 }, // U+0162
    { 8, 19, 123, 0, 14, 38, 5631 }, // U+0163
    { 12, 20, 193, 1, 20, 60, 5669 }, // U+0164
    { 10, 18, 123, 0, 17, 45, 5729 }, // U+0165
    { 12, 15, 193, 1, 15, 45, 5774 }, // U+0166
    { 8, 15, 123, 0, 14, 30, 5819 }, // U+0167
    { 15, 20, 242, 1, 19, 75, 5849 }, // U+0168
    { 11, 18, 203, 1, 17, 50, 5924 }, // U+0169
    { 15, 19, 242, 1, 18, 72, 5974 }, // U+016A
    { 11, 17, 203, 1, 16, 47, 6046 }, // U+016B
    { 15, 20, 242, 1, 19, 75, 6093 }, // U+016C
    { 11, 18, 203, 1, 17, 50, 6168 }, // U+016D
    { 15, 21, 242, 1, 20, 79, 6218 }, // U+016E
    { 11, 19, 203, 1, 18, 53, 6297 }, // U+016F
    { 15, 22, 242, 1, 21, 83, 6350 }, // U+0170
    { 11, 19, 203, 1, 18, 53, 6433 }, // U+0171
    { 15, 20, 242, 1, 15, 75, 6486 }, // U+0172
    { 11, 17, 203, 1, 12, 47, 6561 }, // U+0173
    { 21, 21, 330, 1, 20, 111, 6608 }, // U+0174
    { 18, 18, 264, 0, 17, 81, 6719 }, // U+0175
    { 14, 20, 209, 1, 20, 70, 6800 }, // U+0176
    { 14, 22, 173, -2, 17, 77, 6870 }, // U+0177
    { 14, 19, 209, 1, 19, 67, 6947 }, // U+0178
    { 13, 20, 198, 0, 20, 65, 7014 }, // U+0179
    { 11, 17, 159, -1, 17, 47, 7079 }, // U+017A
    { 13, 19, 198, 0, 19, 62, 7126 }, // U+017B
    { 11, 16, 159, -1, 16, 44, 7188 }, // U+017C
    { 13, 20, 198, 0, 20, 65, 7232 }, // U+017D
    { 11, 17, 159, -1, 17, 47, 7297 }, // U+017E
    { 14, 23, 125, -3, 17, 81, 7344 }, // U+017F
    { 15, 19, 244, 1, 18, 72, 0 }, // U+01A0
    { 13, 16, 191, 0, 15, 52, 72 }, // U+01A1
    { 16, 19, 245, 1, 18, 76, 124 }, // U+01AF
    { 13, 16, 203, 1, 15, 52, 200 }, // U+01B0
    { 27, 20, 425, 0, 20, 135, 252 }, // U+01C4
    { 25, 17, 395, 0, 17, 107, 387 }, // U+01C5
    { 23, 18, 355, 0, 17, 104, 494 }, // U+01C6
    { 19, 19, 287, 0, 15, 91, 598 }, // U+01C7
    { 17, 21, 272, 0, 16, 90, 689 }, // U+01C8
    { 12, 22, 187, 0, 17, 66, 779 }, // U+01C9
    { 24, 19, 364, 0, 15, 114, 845 }, // U+01CA
    { 22, 21, 345, 0, 16, 116, 959 }, // U+01CB
    { 18, 21, 296, 1, 16, 95, 1075 }, // U+01CC
    { 15, 20, 226, -1, 20, 75, 1170 }, // U+01CD
    { 12, 18, 196, 0, 17, 54, 1245 }, // U+01CE
    { 10, 20, 117, 0, 20, 50, 1299 }, // U+01CF
    { 7, 18, 98, 1, 17, 32, 1349 }, // U+01D0
    { 14, 21, 241, 1, 20, 74, 1381 }, // U+01D1
    { 11, 18, 186, 0, 17, 50, 1455 }, // U+01D2
    { 15, 21, 242, 1, 20, 79, 1505 }, // U+01D3
    { 11, 18, 203, 1, 17, 50, 1584 }, // U+01D4
    { 15, 22, 242, 1, 21, 83, 1634 }, // U+01D5
    { 11, 19, 203, 1, 18, 53, 1717 }, // U+01D6
    { 15, 22, 242, 1, 21, 83, 1770 }, // U+01D7
    { 11, 20, 203, 1, 19, 55, 1853 }, // U+01D8
    { 15, 22, 242, 1, 21, 83, 1908 }, // U+01D9
    { 11, 20, 203, 1, 19, 55, 1991 }, // U+01DA
    { 15, 22, 242, 1, 21, 83, 2046 }, // U+01DB
    { 11, 20, 203, 1, 19, 55, 2129 }, // U+01DC
    { 14, 21, 237, 1, 20, 74, 2184 }, // U+01E6
    { 12, 22, 191, 0, 17, 66, 2258 }, // U+01E7
    { 14, 20, 241, 1, 15, 70, 2324 }, // U+01EA
    { 11, 17, 186, 0, 12, 47, 2394 }, // U+01EB
    { 27, 15, 425, 0, 15, 102, 2441 }, // U+01F1
    { 25, 15, 395, 0, 15, 94, 2543 }, // U+01F2
    { 22, 18, 355, 0, 17, 99, 2637 }, // U+01F3
    { 15, 24, 226, -1, 24, 90, 2736 }, // U+01FA
    { 12, 21, 196, 0, 20, 63, 2826 }, // U+01FB
    { 20, 20, 306, -1, 20, 100, 2889 }, // U+01FC
    { 17, 18, 267, 0, 17, 77, 2989 }, // U+01FD
    { 15, 22, 245, 0, 20, 83, 3066 }, // U+01FE
    { 12, 19, 194, 0, 17, 57, 3149 }, // U+01FF
    { 15, 20, 226, -1, 20, 75, 3206 }, // U+0200
    { 12, 19, 196, 0, 18, 57, 3281 }, // U+0201
    { 15, 20, 226, -1, 20, 75, 3338 }, // U+0202
    { 12, 18, 196, 0, 17, 54, 3413 }, // U+0203
    { 13, 20, 201, 0, 20, 65, 3467 }, // U+0204
    { 11, 19, 168, 0, 18, 53, 3532 }, // U+0205
    { 13, 20, 201, 0, 20, 65, 3585 }, // U+0206
    { 11, 18, 168, 0, 17, 50, 3650 }, // U+0207
    { 8, 20, 117, 0, 20, 40, 3700 }, // U+0208
    { 7, 19, 98, 0, 18, 34, 3740 }, // U+0209
    { 9, 20, 117, 0, 20, 45, 3774 }, // U+020A
    { 7, 18, 98, 1, 17, 32, 3819 }, // U+020B
    { 14, 21, 241, 1, 20, 74, 3851 }, // U+020C
    { 11, 19, 186, 0, 18, 53, 3925 }, // U+020D
    { 14, 21, 241, 1, 20, 74, 3978 }, // U+020E
    { 11, 18, 186, 0, 17, 50, 4052 }, // U+020F
    { 13, 20, 214, 0, 20, 65, 4102 }, // U+0210
    { 9, 18, 139, 1, 18, 41, 4167 }, // U+0211
    { 13, 20, 214, 0, 20, 65, 4208 }, // U+0212
    { 9, 17, 139, 1, 17, 39, 4273 }, // U+0213
    { 15, 21, 242, 1, 20, 79, 4312 }, // U+0214
    { 11, 19, 203, 1, 18, 53, 4391 }, // U+0215
    { 15, 21, 242, 1, 20, 79, 4444 }, // U+0216
    { 11, 18, 203, 1, 17, 50, 4523 }, // U+0217
    { 12, 22, 194, 0, 15, 66, 4573 }, // U+0218
    { 10, 19, 166, 0, 12, 48, 4639 }, // U+0219
    { 12, 22, 193, 1, 15, 66, 4687 }, // U+021A
    { 8, 21, 123, 0, 14, 42, 4753 }, // U+021B
    { 6, 6, 0, 2, 18, 9, 0 }, // U+0300
    { 6, 5, 0, 2, 17, 8, 9 }, // U+0301
    { 8, 4, 0, 2, 17, 8, 17 }, // U+0302
    { 9, 4, 0, 2, 17, 9, 25 }, // U+0303
    { 7, 3, 0, 2, 16, 6, 34 }, // U+0304
    { 6, 4, 0, 3, 17, 6, 40 }, // U+0306
    { 3, 3, 0, 2, 16, 3, 46 }, // U+0307
    { 8, 3, 0, 2, 16, 6, 49 }, // U+0308
    { 4, 5, 0, 3, 17, 5, 55 }, // U+0309
    { 6, 6, 0, 2, 18, 9, 60 }, // U+030A
    { 7, 6, 0, 2, 18, 11, 69 }, // U+030B
    { 7, 4, 0, 3, 17, 7, 80 }, // U+030C
    { 7, 6, 0, 3, 18, 11, 87 }, // U+030F
    { 7, 5, 0, 2, 17, 9, 98 }, // U+0311
    { 4, 5, 0, 2, 18, 5, 107 }, // U+0312
    { 4, 6, 0, 1, 15, 6, 112 }, // U+031B
    { 3, 3, 0, 0, -1, 3, 118 }, // U+0323
    { 7, 3, 0, 0, -1, 6, 121 }, // U+0324
    { 4, 6, 0, -1, -1, 6, 127 }, // U+0326
    { 6, 5, 0, -1, 0, 8, 133 }, // U+0327
    { 6, 6, 0, -1, 1, 9, 141 }, // U+0328
    { 7, 4, 0, 0, -1, 7, 150 }, // U+032E
    { 6, 3, 0, 0, -1, 5, 157 }, // U+0331
    { 8, 2, 0, 1, 7, 4, 162 }, // U+0335
    { 0, 0, 0, 0, 0, 0, 166 }, // U+034F
    { 14, 15, 189, -1, 15, 53, 0 }, // U+03BB
    { 13, 20, 201, 0, 20, 65, 0 }, // U+0400
    { 13, 19, 201, 0, 19, 62, 65 }, // U+0401
    { 14, 16, 246, 1, 15, 56, 127 }, // U+0402
    { 13, 20, 183, 0, 20, 65, 183 }, // U+0403
    { 13, 16, 213, 1, 15, 52, 248 }, // U+0404
    { 12, 16, 194, 0, 15, 48, 300 }, // U+0405
    { 8, 15, 117, 0, 15, 30, 348 }, // U+0406
    { 9, 19, 117, 0, 19, 43, 378 }, // U+0407
    { 10, 19, 112, -2, 15, 48, 421 }, // U+0408
    { 20, 16, 315, -1, 15, 80, 469 }, // U+0409
    { 20, 15, 331, 0, 15, 75, 549 }, // U+040A
    { 15, 15, 263, 1, 15, 57, 624 }, // U+040B
    { 15, 20, 230, 0, 20, 75, 681 }, // U+040C
    { 17, 20, 257, 0, 20, 85, 756 }, // U+040D
    { 15, 20, 221, 1, 19, 75, 841 }, // U+040E
    { 17, 19, 250, 0, 15, 81, 916 }, // U+040F
    { 15, 15, 226, -1, 15, 57, 997 }, // U+0410
    { 13, 15, 205, 0, 15, 49, 1054 }, // U+0411
    { 13, 15, 211, 0, 15, 49, 1103 }, // U+0412
    { 13, 15, 183, 0, 15, 49, 1152 }, // U+0413
    { 17, 19, 228, -2, 15, 81, 1201 }, // U+0414
    { 13, 15, 201, 0, 15, 49, 1282 }, // U+0415
    { 22, 15, 330, -1, 15, 83, 1331 }, // U+0416
    { 12, 16, 191, 0, 15, 48, 1414 }, // U+0417
    { 17, 15, 257, 0, 15, 64, 1462 }, // U+0418
    { 17, 19, 257, 0, 19, 81, 1526 }, // U+0419
    { 15, 15, 230, 0, 15, 57, 1607 }, // U+041A
    { 16, 16, 233, -1, 15, 64, 1664 }, // U+041B
    { 19, 15, 287, 0, 15, 72, 1728 }, // U+041C
    { 17, 15, 256, 0, 15, 64, 1800 }, // U+041D
    { 14, 16, 241, 1, 15, 56, 1864 }, // U+041E
    { 17, 15, 252, 0, 15, 64, 1920 }, // U+041F
    { 13, 15, 196, 0, 15, 49, 1984 }, // U+0420
    { 13, 16, 207, 1, 15, 52, 2033 }, // U+0421
    { 12, 15, 193, 1, 15, 45, 2085 }, // U+0422
    { 15, 16, 221, 1, 15, 60, 2130 }, // U+0423
    { 15, 17, 256, 1, 16, 64, 2190 }, // U+0424
    { 16, 15, 227, -1, 15, 60, 2254 }, // U+0425
    { 17, 19, 254, 0, 15, 81, 2314 }, // U+0426
    { 14, 15, 228, 1, 15, 53, 2395 }, // U+0427
    { 22, 15, 336, 0, 15, 83, 2448 }, // U+0428
    { 22, 19, 340, 0, 15, 105, 2531 }, // U+0429
    { 13, 15, 238, 1, 15, 49, 2636 }, // U+042A
    { 19, 15, 297, 0, 15, 72, 2685 }, // U+042B
    { 12, 15, 200, 0, 15, 45, 2757 }, // U+042C
    { 13, 16, 214, 0, 15, 52, 2802 }, // U+042D
    { 21, 16, 338, 0, 15, 84, 2854 }, // U+042E
    { 15, 15, 210, -1, 15, 57, 2938 }, // U+042F
    { 12, 13, 196, 0, 12, 39, 2995 }, // U+0430
    { 12, 18, 197, 1, 17, 54, 3034 }, // U+0431
    { 11, 13, 182, 0, 12, 36, 3088 }, // U+0432
    { 12, 12, 157, -1, 12, 36, 3124 }, // U+0433
    { 12, 18, 197, 0, 17, 54, 3160 }, // U+0434
    { 11, 13, 168, 0, 12, 36, 3214 }, // U+0435
    { 21, 13, 305, -1, 12, 69, 3250 }, // U+0436
    { 10, 13, 161, 0, 12, 33, 3319 }, // U+0437
    { 11, 13, 203, 1, 12, 36, 3352 }, // U+0438
    { 11, 18, 203, 1, 17, 50, 3388 }, // U+0439
    { 11, 12, 189, 1, 12, 33, 3438 }, // U+043A
    { 12, 13, 188, -1, 12, 39, 3471 }, // U+043B
    { 16, 13, 251, -1, 12, 52, 3510 }, // U+043C
    { 11, 13, 208, 1, 12, 36, 3562 }, // U+043D
    { 11, 13, 186, 0, 12, 36, 3598 }, // U+043E
    { 15, 13, 213, -1, 12, 49, 3634 }, // U+043F
    { 14, 17, 196, -2, 12, 60, 3683 }, // U+0440
    { 10, 13, 161, 0, 12, 33, 3743 }, // U+0441
    { 17, 13, 302, 1, 12, 56, 3776 }, // U+0442
    { 14, 17, 173, -2, 12, 60, 3832 }, // U+0443
    { 14, 22, 232, 0, 17, 77, 3892 }, // U+0444
    { 13, 12, 180, -1, 12, 39, 3969 }, // U+0445
    { 12, 16, 209, 1, 12, 48, 4008 }, // U+0446
    { 11, 13, 191, 0, 12, 36, 4056 }, // U+0447
    { 17, 13, 311, 1, 12, 56, 4092 }, // U+0448
    { 18, 16, 311, 1, 12, 72, 4148 }, // U+0449
    { 12, 12, 198, 0, 12, 36, 4220 }, // U+044A
    { 14, 13, 256, 1, 12, 46, 4256 }, // U+044B
    { 9, 12, 169, 1, 12, 27, 4302 }, // U+044C
    { 10, 13, 169, 0, 12, 33, 4329 }, // U+044D
    { 16, 13, 272, 1, 12, 52, 4362 }, // U+044E
    { 11, 13, 177, -1, 12, 36, 4414 }, // U+044F
    { 11, 19, 168, 0, 18, 53, 4450 }, // U+0450
    { 11, 17, 168, 0, 16, 47, 4503 }, // U+0451
    { 11, 22, 189, 0, 17, 61, 4550 }, // U+0452
    { 12, 17, 157, -1, 17, 51, 4611 }, // U+0453
    { 11, 13, 165, 0, 12, 36, 4662 }, // U+0454
    { 10, 13, 166, 0, 12, 33, 4698 }, // U+0455
    { 5, 17, 98, 1, 16, 22, 4731 }, // U+0456
    { 7, 17, 98, 1, 16, 30, 4753 }, // U+0457
    { 9, 21, 93, -3, 16, 48, 4783 }, // U+0458
    { 17, 13, 255, -1, 12, 56, 4831 }, // U+0459
    { 16, 13, 273, 1, 12, 52, 4887 }, // U+045A
    { 12, 18, 198, 0, 17, 54, 4939 }, // U+045B
    { 11, 17, 189, 1, 17, 47, 4993 }, // U+045C
    { 11, 19, 203, 1, 18, 53, 5040 }, // U+045D
    { 14, 22, 173, -2, 17, 77, 5093 }, // U+045E
    { 11, 17, 203, 1, 12, 47, 5170 }, // U+045F
    { 13, 15, 235, 1, 15, 49, 5217 }, // U+0462
    { 15, 13, 256, 1, 12, 49, 5266 }, // U+0463
    { 21, 15, 323, -1, 15, 79, 5315 }, // U+046A
    { 18, 12, 260, -2, 12, 54, 5394 }, // U+046B
    { 14, 16, 243, 1, 15, 56, 5448 }, // U+0472
    { 11, 13, 186, 0, 12, 36, 5504 }, // U+0473
    { 16, 16, 239, 1, 15, 64, 5540 }, // U+0474
    { 13, 13, 190, 0, 12, 43, 5604 }, // U+0475
    { 16, 21, 239, 1, 20, 84, 5647 }, // U+0476
    { 13, 19, 190, 0, 18, 62, 5731 }, // U+0477
    { 17, 19, 259, 0, 15, 81, 5793 }, // U+048A
    { 11, 21, 206, 1, 17, 58, 5874 }, // U+048B
    { 12, 15, 204, 0, 15, 45, 5932 }, // U+048C
    { 9, 17, 169, 1, 17, 39, 5977 }, // U+048D
    { 13, 15, 196, 0, 15, 49, 6016 }, // U+048E
    { 14, 17, 197, -2, 12, 60, 6065 }, // U+048F
    { 13, 18, 173, 0, 18, 59, 6125 }, // U+0490
    { 14, 19, 146, -3, 14, 67, 6184 }, // U+0491
    { 13, 15, 183, 0, 15, 49, 6251 }, // U+0492
    { 11, 12, 162, 0, 12, 33, 6300 }, // U+0493
    { 13, 17, 213, 0, 15, 56, 6333 }, // U+0494
    { 10, 17, 183, 1, 12, 43, 6389 }, // U+0495
    { 22, 19, 335, -1, 15, 105, 6432 }, // U+0496
    { 21, 16, 307, -1, 12, 84, 6537 }, // U+0497
    { 12, 19, 191, 0, 15, 57, 6621 }, // U+0498
    { 10, 16, 161, 0, 12, 40, 6678 }, // U+0499
    { 15, 19, 237, 0, 15, 72, 6718 }, // U+049A
    { 11, 15, 195, 1, 11, 42, 6790 }, // U+049B
    { 16, 15, 242, 0, 15, 60, 6832 }, // U+049C
    { 12, 12, 201, 1, 12, 36, 6892 }, // U+049D
    { 16, 15, 234, 0, 15, 60, 6928 }, // U+049E
    { 12, 17, 185, 0, 17, 51, 6988 }, // U+049F
    { 15, 15, 230, 0, 15, 57, 7039 }, // U+04A0
    { 14, 12, 221, 0, 12, 42, 7096 }, // U+04A1
    { 17, 19, 259, 0, 15, 81, 7138 }, // U+04A2
    { 12, 16, 214, 1, 12, 48, 7219 }, // U+04A3
    { 21, 15, 314, 0, 15, 79, 7267 }, // U+04A4
    { 17, 13, 267, 1, 12, 56, 7346 }, // U+04A5
    { 20, 18, 333, 0, 15, 90, 7402 }, // U+04A6
    { 16, 17, 283, 1, 12, 68, 7492 }, // U+04A7
    { 16, 16, 281, 1, 15, 64, 7560 }, // U+04A8
    { 14, 13, 233, 0, 12, 46, 7624 }, // U+04A9
    { 13, 19, 209, 1, 15, 62, 7670 }, // U+04AA
    { 10, 16, 161, 0, 12, 40, 7732 }, // U+04AB
    { 12, 19, 193, 1, 15, 57, 7772 }, // U+04AC
    { 18, 16, 314, 1, 12, 72, 7829 }, // U+04AD
    { 14, 15, 209, 1, 15, 53, 7901 }, // U+04AE
    { 13, 17, 177, 0, 12, 56, 7954 }, // U+04AF
    { 14, 15, 208, 1, 15, 53, 8010 }, // U+04B0
    { 13, 17, 178, 0, 12, 56, 8063 }, // U+04B1
    { 16, 19, 235, -1, 15, 76, 8119 }, // U+04B2
    { 13, 16, 185, -1, 12, 52, 8195 }, // U+04B3
    { 18, 19, 296, 1, 15, 86, 8247 }, // U+04B4
    { 15, 16, 245, 0, 12, 60, 8333 }, // U+04B5
    { 14, 19, 227, 1, 15, 67, 8393 }, // U+04B6
    { 12, 16, 198, 0, 12, 48, 8460 }, // U+04B7
    { 14, 15, 230, 1, 15, 53, 8508 }, // U+04B8
    { 11, 13, 194, 0, 12, 36, 8561 }, // U+04B9
    { 14, 15, 226, 0, 15, 53, 8597 }, // U+04BA
    { 12, 18, 198, 0, 17, 54, 8650 }, // U+04BB
    { 17, 16, 269, 0, 15, 68, 8704 }, // U+04BC
    { 13, 13, 207, 0, 12, 43, 8772 }, // U+04BD
    { 16, 19, 272, 1, 15, 76, 8815 }, // U+04BE
    { 13, 16, 207, 0, 12, 52, 8891 }, // U+04BF
    { 8, 15, 117, 0, 15, 30, 8943 }, // U+04C0
    { 22, 19, 330, -1, 19, 105, 8973 }, // U+04C1
    { 21, 18, 305, -1, 17, 95, 9078 }, // U+04C2
    { 15, 21, 224, 0, 15, 79, 9173 }, // U+04C3
    { 11, 17, 188, 1, 12, 47, 9252 }, // U+04C4
    { 16, 19, 234, -1, 15, 76, 9299 }, // U+04C5
    { 13, 16, 188, -1, 12, 52, 9375 }, // U+04C6
    { 17, 20, 252, 0, 15, 85, 9427 }, // U+04C7
    { 11, 17, 203, 1, 12, 47, 9512 }, // U+04C8
    { 17, 19, 258, 0, 15, 81, 9559 }, // U+04C9
    { 12, 16, 208, 1, 12, 48, 9640 }, // U+04CA
    { 14, 19, 226, 1, 15, 67, 9688 }, // U+04CB
    { 11, 16, 191, 0, 12, 44, 9755 }, // U+04CC
    { 19, 19, 289, 0, 15, 91, 9799 }, // U+04CD
    { 16, 16, 251, -1, 12, 64, 9890 }, // U+04CE
    { 6, 18, 93, 0, 17, 27, 9954 }, // U+04CF
    { 15, 19, 226, -1, 19, 72, 9981 }, // U+04D0
    { 12, 18, 196, 0, 17, 54, 10053 }, // U+04D1
    { 15, 19, 226, -1, 19, 72, 10107 }, // U+04D2
    { 12, 17, 196, 0, 16, 51, 10179 }, // U+04D3
    { 20, 15, 306, -1, 15, 75, 10230 }, // U+04D4
    { 17, 13, 267, 0, 12, 56, 10305 }, // U+04D5
    { 13, 19, 201, 0, 19, 62, 10361 }, // U+04D6
    { 11, 18, 168, 0, 17, 50, 10423 }, // U+04D7
    { 13, 16, 223, 1, 15, 52, 10473 }, // U+04D8
    { 10, 13, 169, 0, 12, 33, 10525 }, // U+04D9
    { 13, 20, 226, 1, 19, 65, 10558 }, // U+04DA
    { 10, 17, 168, 0, 16, 43, 10623 }, // U+04DB
    { 22, 19, 330, -1, 19, 105, 10666 }, // U+04DC
    { 21, 17, 305, -1, 16, 90, 10771 }, // U+04DD
    { 12, 20, 191, 0, 19, 60, 10861 }, // U+04DE
    { 10, 17, 161, 0, 16, 43, 10921 }, // U+04DF
    { 12, 16, 185, 0, 15, 48, 10964 }, // U+04E0
    { 12, 17, 158, -2, 12, 51, 11012 }, // U+04E1
    { 17, 18, 257, 0, 18, 77, 11063 }, // U+04E2
    { 11, 17, 203, 1, 16, 47, 11140 }, // U+04E3
    { 17, 19, 257, 0, 19, 81, 11187 }, // U+04E4
    { 11, 17, 203, 1, 16, 47, 11268 }, // U+04E5
    { 14, 20, 241, 1, 19, 70, 11315 }, // U+04E6
    { 11, 17, 186, 0, 16, 47, 11385 }, // U+04E7
    { 14, 16, 243, 1, 15, 56, 11432 }, // U+04E8
    { 11, 13, 186, 0, 12, 36, 11488 }, // U+04E9
    { 14, 20, 243, 1, 19, 70, 11524 }, // U+04EA
    { 11, 17, 186, 0, 16, 47, 11594 }, // U+04EB
    { 13, 20, 214, 0, 19, 65, 11641 }, // U+04EC
    { 10, 17, 169, 0, 16, 43, 11706 }, // U+04ED
    { 15, 19, 221, 1, 18, 72, 11749 }, // U+04EE
    { 14, 21, 173, -2, 16, 74, 11821 }, // U+04EF
    { 15, 20, 221, 1, 19, 75, 11895 }, // U+04F0
    { 14, 21, 173, -2, 16, 74, 11970 }, // U+04F1
    { 15, 22, 221, 1, 21, 83, 12044 }, // U+04F2
    { 14, 23, 173, -2, 18, 81, 12127 }, // U+04F3
    { 14, 19, 228, 1, 19, 67, 12208 }, // U+04F4
    { 11, 17, 191, 0, 16, 47, 12275 }, // U+04F5
    { 13, 19, 183, 0, 15, 62, 12322 }, // U+04F6
    { 10, 16, 160, 0, 12, 40, 12384 }, // U+04F7
    { 19, 19, 297, 0, 19, 91, 12424 }, // U+04F8
    { 14, 17, 256, 1, 16, 60, 12515 }, // U+04F9
    { 13, 20, 187, 0, 15, 65, 12575 }, // U+04FA
    { 11, 17, 162, 0, 12, 47, 12640 }, // U+04FB
    { 16, 21, 223, -1, 15, 84, 12687 }, // U+04FC
    { 13, 17, 173, -1, 12, 56, 12771 }, // U+04FD
    { 16, 15, 227, -1, 15, 60, 12827 }, // U+04FE
    { 13, 12, 182, -1, 12, 39, 12887 }, // U+04FF
    { 15, 19, 226, -1, 15, 72, 0 }, // U+1EA0
    { 12, 16, 196, 0, 12, 48, 72 }, // U+1EA1
    { 15, 20, 226, -1, 20, 75, 120 }, // U+1EA2
    { 12, 18, 196, 0, 17, 54, 195 }, // U+1EA3
    { 17, 22, 226, -1, 22, 94, 249 }, // U+1EA4
    { 13, 20, 196, 0, 19, 65, 343 }, // U+1EA5
    { 15, 22, 226, -1, 22, 83, 408 }, // U+1EA6
    { 12, 20, 196, 0, 19, 60, 491 }, // U+1EA7
    { 16, 23, 226, -1, 23, 92, 551 }, // U+1EA8
    { 13, 20, 196, 0, 19, 65, 643 }, // U+1EA9
    { 15, 22, 226, -1, 22, 83, 708 }, // U+1EAA
    { 12, 20, 196, 0, 19, 60, 791 }, // U+1EAB
    { 15, 24, 226, -1, 20, 90, 851 }, // U+1EAC
    { 12, 21, 196, 0, 17, 63, 941 }, // U+1EAD
    { 15, 22, 226, -1, 22, 83, 1004 }, // U+1EAE
    { 12, 20, 196, 0, 19, 60, 1087 }, // U+1EAF
    { 15, 22, 226, -1, 22, 83, 1147 }, // U+1EB0
    { 12, 20, 196, 0, 19, 60, 1230 }, // U+1EB1
    { 15, 22, 226, -1, 22, 83, 1290 }, // U+1EB2
    { 12, 21, 196, 0, 20, 63, 1373 }, // U+1EB3
    { 15, 22, 226, -1, 22, 83, 1436 }, // U+1EB4
    { 12, 20, 196, 0, 19, 60, 1519 }, // U+1EB5
    { 15, 23, 226, -1, 19, 87, 1579 }, // U+1EB6
    { 12, 21, 196, 0, 17, 63, 1666 }, // U+1EB7
    { 13, 19, 201, 0, 15, 62, 1729 }, // U+1EB8
    { 11, 16, 168, 0, 12, 44, 1791 }, // U+1EB9
    { 13, 20, 201, 0, 20, 65, 1835 }, // U+1EBA
    { 11, 18, 168, 0, 17, 50, 1900 }, // U+1EBB
    { 13, 19, 201, 0, 19, 62, 1950 }, // U+1EBC
    { 11, 18, 168, 0, 17, 50, 2012 }, // U+1EBD
    { 15, 22, 201, 0, 22, 83, 2062 }, // U+1EBE
    { 13, 20, 168, 0, 19, 65, 2145 }, // U+1EBF
    { 13, 22, 201, 0, 22, 72, 2210 }, // U+1EC0
    { 12, 20, 168, 0, 19, 60, 2282 }, // U+1EC1
    { 14, 23, 201, 0, 23, 81, 2342 }, // U+1EC2
    { 13, 20, 168, 0, 19, 65, 2423 }, // U+1EC3
    { 13, 22, 201, 0, 22, 72, 2488 }, // U+1EC4
    { 11, 20, 168, 0, 19, 55, 2560 }, // U+1EC5
    { 13, 24, 201, 0, 20, 78, 2615 }, // U+1EC6
    { 11, 21, 168, 0, 17, 58, 2693 }, // U+1EC7
    { 8, 20, 117, 0, 20, 40, 2751 }, // U+1EC8
    { 6, 18, 98, 1, 17, 27, 2791 }, // U+1EC9
    { 8, 19, 117, 0, 15, 38, 2818 }, // U+1ECA
    { 6, 20, 98, 0, 16, 30, 2856 }, // U+1ECB
    { 14, 19, 241, 1, 15, 67, 2886 }, // U+1ECC
    { 11, 16, 186, 0, 12, 44, 2953 }, // U+1ECD
    { 14, 21, 241, 1, 20, 74, 2997 }, // U+1ECE
    { 11, 18, 186, 0, 17, 50, 3071 }, // U+1ECF
    { 15, 23, 241, 1, 22, 87, 3121 }, // U+1ED0
    { 13, 20, 186, 0, 19, 65, 3208 }, // U+1ED1
    { 14, 23, 241, 1, 22, 81, 3273 }, // U+1ED2
    { 12, 20, 186, 0, 19, 60, 3354 }, // U+1ED3
    { 15, 24, 241, 1, 23, 90, 3414 }, // U+1ED4
    { 13, 20, 186, 0, 19, 65, 3504 }, // U+1ED5
    { 14, 23, 241, 1, 22, 81, 3569 }, // U+1ED6
    { 12, 20, 186, 0, 19, 60, 3650 }, // U+1ED7
    { 14, 24, 241, 1, 20, 84, 3710 }, // U+1ED8
    { 11, 21, 186, 0, 17, 58, 3794 }, // U+1ED9
    { 15, 21, 244, 1, 20, 79, 3852 }, // U+1EDA
    { 13, 18, 191, 0, 17, 59, 3931 }, // U+1EDB
    { 15, 21, 244, 1, 20, 79, 3990 }, // U+1EDC
    { 13, 19, 191, 0, 18, 62, 4069 }, // U+1EDD
    { 15, 21, 244, 1, 20, 79, 4131 }, // U+1EDE
    { 13, 18, 191, 0, 17, 59, 4210 }, // U+1EDF
    { 15, 20, 244, 1, 19, 75, 4269 }, // U+1EE0
    { 13, 18, 191, 0, 17, 59, 4344 }, // U+1EE1
    { 15, 22, 244, 1, 18, 83, 4403 }, // U+1EE2
    { 13, 19, 191, 0, 15, 62, 4486 }, // U+1EE3
    { 15, 19, 242, 1, 15, 72, 4548 }, // U+1EE4
    { 11, 16, 203, 1, 12, 44, 4620 }, // U+1EE5
    { 15, 21, 242, 1, 20, 79, 4664 }, // U+1EE6
    { 11, 18, 203, 1, 17, 50, 4743 }, // U+1EE7
    { 16, 21, 245, 1, 20, 84, 4793 }, // U+1EE8
    { 13, 18, 203, 1, 17, 59, 4877 }, // U+1EE9
    { 16, 21, 245, 1, 20, 84, 4936 }, // U+1EEA
    { 13, 19, 203, 1, 18, 62, 5020 }, // U+1EEB
    { 16, 21, 245, 1, 20, 84, 5082 }, // U+1EEC
    { 13, 18, 203, 1, 17, 59, 5166 }, // U+1EED
    { 16, 20, 245, 1, 19, 80, 5225 }, // U+1EEE
    { 13, 18, 203, 1, 17, 59, 5305 }, // U+1EEF
    { 16, 22, 245, 1, 18, 88, 5364 }, // U+1EF0
    { 13, 19, 203, 1, 15, 62, 5452 }, // U+1EF1
    { 14, 20, 209, 1, 20, 70, 5514 }, // U+1EF2
    { 14, 23, 173, -2, 18, 81, 5584 }, // U+1EF3
    { 14, 19, 209, 1, 15, 67, 5665 }, // U+1EF4
    { 14, 17, 173, -2, 12, 60, 5732 }, // U+1EF5
    { 14, 20, 209, 1, 20, 70, 5792 }, // U+1EF6
    { 14, 22, 173, -2, 17, 77, 5862 }, // U+1EF7
    { 14, 19, 209, 1, 19, 67, 5939 }, // U+1EF8
    { 14, 22, 173, -2, 17, 77, 6006 }, // U+1EF9
    { 0, 0, 167, 0, 0, 0, 0 }, // U+2007
    { 0, 0, 76, 0, 0, 0, 0 }, // U+2008
    { 0, 0, 31, 0, 0, 0, 0 }, // U+2009
    { 0, 0, 33, 0, 0, 0, 0 }, // U+200A
    { 0, 0, 0, 0, 0, 0, 0 }, // U+200B
    { 0, 0, 0, 0, 0, 0, 0 }, // U+200C
    { 0, 0, 0, 0, 0, 0, 0 }, // U+200D
    { 0, 0, 0, 0, 0, 0, 0 }, // U+200E
    { 0, 0, 0, 0, 0, 0, 0 }, // U+200F
    { 7, 2, 134, 1, 7, 4, 0 }, // U+2010
    { 12, 3, 209, 1, 9, 9, 4 }, // U+2012
    { 11, 2, 194, 1, 7, 6, 13 }, // U+2013
    { 15, 2, 273, 1, 7, 8, 19 }, // U+2014
    { 15, 2, 273, 1, 7, 8, 27 }, // U+2015
    { 11, 5, 158, -2, -1, 14, 35 }, // U+2017
    { 4, 7, 65, 1, 17, 7, 49 }, // U+2018
    { 4, 7, 65, 1, 17, 7, 56 }, // U+2019
    { 4, 7, 65, -1, 3, 7, 63 }, // U+201A
    { 4, 7, 84, 2, 17, 7, 70 }, // U+201B
    { 8, 6, 120, 1, 17, 12, 77 }, // U+201C
    { 8, 7, 120, 1, 17, 14, 89 }, // U+201D
    { 8, 7, 120, -1, 3, 14, 103 }, // U+201E
    { 10, 17, 151, 0, 15, 43, 117 }, // U+2020
    { 10, 17, 151, 0, 15, 43, 160 }, // U+2021
    { 6, 7, 128, 1, 10, 11, 203 }, // U+2022
    { 9, 4, 200, 1, 3, 9, 214 }, // U+2025
    { 14, 4, 238, 0, 3, 14, 223 }, // U+2026
    { 0, 0, 0, 0, 0, 0, 237 }, // U+202A
    { 0, 0, 0, 0, 0, 0, 237 }, // U+202B
    { 0, 0, 0, 0, 0, 0, 237 }, // U+202C
    { 0, 0, 0, 0, 0, 0, 237 }, // U+202D
    { 0, 0, 0, 0, 0, 0, 237 }, // U+202E
    { 23, 16, 399, 1, 15, 92, 237 }, // U+2030
    { 5, 7, 96, 2, 17, 9, 329 }, // U+2032
    { 8, 7, 147, 2, 17, 14, 338 }, // U+2033
    { 6, 10, 97, 0, 11, 15, 352 }, // U+2039
    { 6, 10, 97, 0, 11, 15, 367 }, // U+203A
    { 10, 16, 176, 1, 15, 40, 382 }, // U+203C
    { 8, 2, 137, 1, 14, 4, 422 }, // U+203E
    { 13, 16, 75, -4, 15, 52, 426 }, // U+2044
    { 0, 0, 0, 0, 0, 0, 478 }, // U+2060
    { 0, 0, 0, 0, 0, 0, 478 }, // U+2061
    { 0, 0, 0, 0, 0, 0, 478 }, // U+2062
    { 0, 0, 0, 0, 0, 0, 478 }, // U+2063
    { 0, 0, 0, 0, 0, 0, 478 }, // U+2064
    { 0, 0, 0, 0, 0, 0, 478 }, // U+2066
    { 0, 0, 0, 0, 0, 0, 478 }, // U+2067
    { 0, 0, 0, 0, 0, 0, 478 }, // U+2068
    { 0, 0, 0, 0, 0, 0, 478 }, // U+2069
    { 0, 0, 0, 0, 0, 0, 478 }, // U+206A
    { 0, 0, 0, 0, 0, 0, 478 }, // U+206B
    { 0, 0, 0, 0, 0, 0, 478 }, // U+206C
    { 0, 0, 0, 0, 0, 0, 478 }, // U+206D
    { 0, 0, 0, 0, 0, 0, 478 }, // U+206E
    { 0, 0, 0, 0, 0, 0, 478 }, // U+206F
    { 9, 10, 146, 1, 16, 23, 0 }, // U+2070
    { 8, 9, 118, 0, 16, 18, 23 }, // U+2074
    { 8, 10, 121, 1, 16, 20, 41 }, // U+2075
    { 8, 10, 130, 1, 16, 20, 61 }, // U+2076
    { 7, 9, 107, 1, 16, 16, 81 }, // U+2077
    { 8, 10, 135, 1, 16, 20, 97 }, // U+2078
    { 8, 10, 130, 1, 16, 20, 117 }, // U+2079
    { 9, 9, 159, 1, 15, 21, 137 }, // U+207F
    { 8, 10, 146, 0, 7, 20, 158 }, // U+2080
    { 6, 9, 91, -1, 7, 14, 178 }, // U+2081
    { 8, 10, 121, -1, 8, 20, 192 }, // U+2082
    { 8, 10, 127, -1, 7, 20, 212 }, // U+2083
    { 8, 9, 121, -1, 7, 18, 232 }, // U+2084
    { 8, 10, 121, -1, 7, 20, 250 }, // U+2085
    { 8, 10, 130, 0, 7, 20, 270 }, // U+2086
    { 7, 9, 107, 0, 7, 16, 290 }, // U+2087
    { 8, 10, 135, 0, 7, 20, 306 }, // U+2088
    { 7, 10, 130, 0, 7, 18, 326 }, // U+2089
    { 13, 21, 224, 1, 18, 69, 0 }, // U+20A1
    { 13, 15, 207, 1, 15, 49, 69 }, // U+20A3
    { 14, 15, 221, 0, 15, 53, 118 }, // U+20A4
    { 17, 15, 300, 1, 15, 64, 171 }, // U+20A6
    { 14, 15, 237, 1, 15, 53, 235 }, // U+20A7
    { 22, 16, 367, 2, 15, 88, 288 }, // U+20A9
    { 15, 20, 196, -1, 17, 75, 376 }, // U+20AB
    { 14, 16, 239, 1, 15, 56, 451 }, // U+20AC
    { 15, 15, 258, 1, 15, 57, 507 }, // U+20AD
    { 12, 15, 218, 2, 15, 45, 564 }, // U+20AE
    { 14, 15, 243, 1, 15, 53, 609 }, // U+20B1
    { 14, 21, 246, 1, 18, 74, 662 }, // U+20B2
    { 11, 16, 226, 2, 15, 44, 736 }, // U+20B4
    { 13, 21, 223, 1, 18, 69, 780 }, // U+20B5
    { 12, 15, 193, 1, 15, 45, 849 }, // U+20B8
    { 12, 15, 208, 1, 15, 45, 894 }, // U+20B9
    { 12, 15, 220, 1, 15, 45, 939 }, // U+20BA
    { 18, 17, 310, 0, 17, 77, 984 }, // U+20BC
    { 13, 15, 212, 1, 15, 49, 1061 }, // U+20BD
    { 10, 18, 163, 1, 17, 45, 0 }, // U+2113
    { 15, 14, 243, 1, 14, 53, 0 }, // U+2190
    { 13, 15, 223, 1, 15, 49, 53 }, // U+2191
    { 16, 14, 251, 0, 14, 56, 102 }, // U+2192
    { 14, 15, 215, 0, 15, 53, 158 }, // U+2193
    { 21, 14, 342, 0, 14, 74, 211 }, // U+2194
    { 15, 21, 232, 0, 18, 79, 285 }, // U+2195
    { 16, 23, 240, -1, 18, 92, 364 }, // U+21A8
    { 11, 17, 196, 0, 16, 47, 0 }, // U+2202
    { 16, 17, 287, 1, 16, 68, 47 }, // U+2205
    { 13, 15, 217, -1, 15, 49, 115 }, // U+2206
    { 17, 20, 250, -1, 15, 85, 164 }, // U+220F
    { 14, 20, 187, -2, 15, 70, 249 }, // U+2211
    { 10, 3, 224, 2, 9, 8, 319 }, // U+2212
    { 13, 16, 63, -4, 15, 52, 327 }, // U+2215
    { 3, 4, 82, 1, 9, 3, 379 }, // U+2219
    { 17, 19, 218, 0, 18, 81, 382 }, // U+221A
    { 17, 10, 323, 2, 12, 43, 463 }, // U+221E
    { 12, 12, 224, 1, 12, 36, 506 }, // U+221F
    { 12, 15, 230, 1, 15, 45, 542 }, // U+2229
    { 15, 25, 149, -3, 19, 94, 587 }, // U+222B
    { 12, 8, 215, 1, 11, 24, 681 }, // U+2248
    { 11, 13, 224, 2, 14, 36, 705 }, // U+2260
    { 11, 9, 224, 2, 12, 25, 741 }, // U+2261
    { 12, 13, 194, 0, 13, 39, 766 }, // U+2264
    { 12, 13, 195, 0, 13, 39, 805 }, // U+2265
    { 5, 14, 103, 1, 14, 18, 0 }, // U+2669
    { 8, 14, 150, 1, 14, 28, 18 }, // U+266A
    { 12, 15, 214, 1, 14, 45, 46 }, // U+266B
    { 12, 15, 214, 1, 14, 45, 91 }, // U+266C
    { 7, 14, 116, 0, 13, 25, 136 }, // U+266D
    { 7, 14, 119, 0, 9, 25, 161 }, // U+266E
    { 10, 18, 184, 1, 13, 45, 186 }, // U+266F
    { 16, 22, 201, -3, 17, 88, 0 }, // U+FB01
    { 16, 23, 203, -3, 17, 92, 88 }, // U+FB02
};

static const EpdUnicodeInterval bitter_10_italicIntervals[] = {
    { 0x0, 0x17F, 0x0 },
    { 0x1A0, 0x1A1, 0x180 },
    { 0x1AF, 0x1B0, 0x182 },
    { 0x1C4, 0x1DC, 0x184 },
    { 0x1E6, 0x1E7, 0x19D },
    { 0x1EA, 0x1EB, 0x19F },
    { 0x1F1, 0x1F3, 0x1A1 },
    { 0x1FA, 0x21B, 0x1A4 },
    { 0x300, 0x304, 0x1C6 },
    { 0x306, 0x30C, 0x1CB },
    { 0x30F, 0x30F, 0x1D2 },
    { 0x311, 0x312, 0x1D3 },
    { 0x31B, 0x31B, 0x1D5 },
    { 0x323, 0x324, 0x1D6 },
    { 0x326, 0x328, 0x1D8 },
    { 0x32E, 0x32E, 0x1DB },
    { 0x331, 0x331, 0x1DC },
    { 0x335, 0x335, 0x1DD },
    { 0x34F, 0x34F, 0x1DE },
    { 0x3BB, 0x3BB, 0x1DF },
    { 0x400, 0x45F, 0x1E0 },
    { 0x462, 0x463, 0x240 },
    { 0x46A, 0x46B, 0x242 },
    { 0x472, 0x477, 0x244 },
    { 0x48A, 0x4FF, 0x24A },
    { 0x1EA0, 0x1EF9, 0x2C0 },
    { 0x2007, 0x2010, 0x31A },
    { 0x2012, 0x2015, 0x324 },
    { 0x2017, 0x201E, 0x328 },
    { 0x2020, 0x2022, 0x330 },
    { 0x2025, 0x2026, 0x333 },
    { 0x202A, 0x202E, 0x335 },
    { 0x2030, 0x2030, 0x33A },
    { 0x2032, 0x2033, 0x33B },
    { 0x2039, 0x203A, 0x33D },
    { 0x203C, 0x203C, 0x33F },
    { 0x203E, 0x203E, 0x340 },
    { 0x2044, 0x2044, 0x341 },
    { 0x2060, 0x2064, 0x342 },
    { 0x2066, 0x2070, 0x347 },
    { 0x2074, 0x2079, 0x352 },
    { 0x207F, 0x2089, 0x358 },
    { 0x20A1, 0x20A1, 0x363 },
    { 0x20A3, 0x20A4, 0x364 },
    { 0x20A6, 0x20A7, 0x366 },
    { 0x20A9, 0x20A9, 0x368 },
    { 0x20AB, 0x20AE, 0x369 },
    { 0x20B1, 0x20B2, 0x36D },
    { 0x20B4, 0x20B5, 0x36F },
    { 0x20B8, 0x20BA, 0x371 },
    { 0x20BC, 0x20BD, 0x374 },
    { 0x2113, 0x2113, 0x376 },
    { 0x2190, 0x2195, 0x377 },
    { 0x21A8, 0x21A8, 0x37D },
    { 0x2202, 0x2202, 0x37E },
    { 0x2205, 0x2206, 0x37F },
    { 0x220F, 0x220F, 0x381 },
    { 0x2211, 0x2212, 0x382 },
    { 0x2215, 0x2215, 0x384 },
    { 0x2219, 0x221A, 0x385 },
    { 0x221E, 0x221F, 0x387 },
    { 0x2229, 0x2229, 0x389 },
    { 0x222B, 0x222B, 0x38A },
    { 0x2248, 0x2248, 0x38B },
    { 0x2260, 0x2261, 0x38C },
    { 0x2264, 0x2265, 0x38E },
    { 0x2669, 0x266F, 0x390 },
    { 0xFB01, 0xFB02, 0x397 },
};

static const EpdFontGroup bitter_10_italicGroups[] = {
    { 0, 2392, 4422, 128, 0 },
    { 2392, 2097, 5247, 128, 128 },
    { 4489, 2616, 8284, 128, 256 },
    { 7105, 1940, 5216, 70, 384 },
    { 9045, 176, 190, 25, 454 },
    { 9221, 54, 60, 1, 479 },
    { 9275, 5393, 14357, 224, 480 },
    { 14668, 1488, 6721, 90, 704 },
    { 16156, 355, 542, 55, 794 },
    { 16511, 294, 367, 18, 849 },
    { 16805, 748, 1240, 19, 867 },
    { 17553, 58, 54, 1, 886 },
    { 17611, 289, 492, 7, 887 },
    { 17900, 529, 930, 18, 894 },
    { 18429, 162, 256, 7, 912 },
    { 18591, 111, 180, 2, 919 },
};

static const uint16_t bitter_10_italicKernLeftCodepoints[] = {
    0x0021, 0x0022, 0x0024, 0x0026, 0x0027, 0x0028, 0x002C, 0x002D, 0x002E, 0x002F, 0x0030, 0x0031,
    0x0032, 0x0033, 0x0034, 0x0035, 0x0036, 0x0037, 0x0038, 0x0039, 0x003A, 0x003B, 0x003F, 0x0040,
    0x0041, 0x0042, 0x0043, 0x0044, 0x0045, 0x0046, 0x0047, 0x0048, 0x0049, 0x004A, 0x004B, 0x004C,
    0x004D, 0x004E, 0x004F, 0x0050, 0x0051, 0x0052, 0x0053, 0x0054, 0x0055, 0x0056, 0x0057, 0x0058,
    0x0059, 0x005A, 0x005B, 0x005C, 0x005F, 0x0061, 0x0062, 0x0063, 0x0064, 0x0065, 0x0066, 0x0067,
    0x0068, 0x0069, 0x006A, 0x006B, 0x006C, 0x006D, 0x006E, 0x006F, 0x0070, 0x0071, 0x0072, 0x0073,
    0x0074, 0x0075, 0x0076, 0x0077, 0x0078, 0x0079, 0x007A, 0x007B, 0x00A1, 0x00A2, 0x00A3, 0x00A5,
    0x00A7, 0x00A9, 0x00AB, 0x00AE, 0x00B3, 0x00B5, 0x00B7, 0x00BB, 0x00C0, 0x00C1, 0x00C2, 0x00C3,
    0x00C4, 0x00C5, 0x00C6, 0x00C7, 0x00C8, 0x00C9, 0x00CA, 0x00CB, 0x00CC, 0x00CD, 0x00CE, 0x00CF,
    0x00D0, 0x00D1, 0x00D2, 0x00D3, 0x00D4, 0x00D5, 0x00D6, 0x00D8, 0x00D9, 0x00DA, 0x00DB, 0x00DC,
    0x00DD, 0x00DE, 0x00DF, 0x00E0, 0x00E1, 0x00E2, 0x00E3, 0x00E4, 0x00E5, 0x00E6, 0x00E7, 0x00E8,
    0x00E9, 0x00EA, 0x00EB, 0x00EC, 0x00ED, 0x00EE, 0x00EF, 0x00F0, 0x00F1, 0x00F2, 0x00F3, 0x00F4,
    0x00F5, 0x00F6, 0x00F8, 0x00F9, 0x00FA, 0x00FB, 0x00FC, 0x00FD, 0x00FE, 0x00FF, 0x0100, 0x0101,
    0x0102, 0x0103, 0x0104, 0x0105, 0x0106, 0x0107, 0x0108, 0x0109, 0x010A, 0x010B, 0x010C, 0x010D,
    0x010E, 0x010F, 0x0110, 0x0111, 0x0112, 0x0113, 0x0114, 0x0115, 0x0116, 0x0117, 0x0118, 0x0119,
    0x011A, 0x011B, 0x011C, 0x011D, 0x011E, 0x011F, 0x0120, 0x0121, 0x0122, 0x0123, 0x0124, 0x0125,
    0x0126, 0x0127, 0x0128, 0x0129, 0x012A, 0x012B, 0x012C, 0x012D, 0x012E, 0x012F, 0x0130, 0x0131,
    0x0132, 0x0133, 0x0134, 0x0135, 0x0136, 0x0137, 0x0138, 0x0139, 0x013A, 0x013B, 0x013C, 0x013D,
    0x013E, 0x013F, 0x0140, 0x0141, 0x0142, 0x0143, 0x0144, 0x0145, 0x0146, 0x0147, 0x0148, 0x0149,
    0x014A, 0x014B, 0x014C, 0x014D, 0x014E, 0x014F, 0x0150, 0x0151, 0x0152, 0x0153, 0x0154, 0x0155,
    0x0156, 0x0157, 0x0158, 0x0159, 0x015A, 0x015B, 0x015C, 0x015D, 0x015E, 0x015F, 0x0160, 0x0161,
    0x0162, 0x0163, 0x0164, 0x0165, 0x0166, 0x0167, 0x0168, 0x0169, 0x016A, 0x016B, 0x016C, 0x016D,
    0x016E, 0x016F, 0x0170, 0x0171, 0x0172, 0x0173, 0x0174, 0x0175, 0x0176, 0x0177, 0x0178, 0x0179,
    0x017A, 0x017B, 0x017C, 0x017D, 0x017E, 0x017F, 0x01A0, 0x01A1, 0x01AF, 0x01B0, 0x01C4, 0x01C5,
    0x01C6, 0x01C7, 0x01C8, 0x01C9, 0x01CA, 0x01CB, 0x01CC, 0x01CD, 0x01CE, 0x01CF, 0x01D0, 0x01D1,
    0x01D2, 0x01D3, 0x01D4, 0x01D5, 0x01D6, 0x01D7, 0x01D8, 0x01D9, 0x01DA, 0x01DB, 0x01DC, 0x01E6,
    0x01E7, 0x01EA, 0x01EB, 0x01F1, 0x01F2, 0x01F3, 0x01FA, 0x01FB, 0x01FC, 0x01FD, 0x01FE, 0x01FF,
    0x0200, 0x0201, 0x0202, 0x0203, 0x0204, 0x0205, 0x0206, 0x0207, 0x0208, 0x0209, 0x020A, 0x020B,
    0x020C, 0x020D, 0x020E, 0x020F, 0x0210, 0x0211, 0x0212, 0x0213, 0x0214, 0x0215, 0x0216, 0x0217,
    0x0218, 0x0219, 0x021A, 0x021B, 0x0400, 0x0401, 0x0402, 0x0403, 0x0404, 0x0405, 0x0406, 0x0407,
    0x0408, 0x0409, 0x040A, 0x040B, 0x040C, 0x040D, 0x040E, 0x040F, 0x0410, 0x0411, 0x0412, 0x0413,
    0x0414, 0x0415, 0x0416, 0x0417, 0x0418, 0x0419, 0x041A, 0x041B, 0x041C, 0x041D, 0x041E, 0x041F,
    0x0420, 0x0421, 0x0422, 0x0423, 0x0424, 0x0425, 0x0426, 0x0427, 0x0428, 0x0429, 0x042A, 0x042B,
    0x042C, 0x042D, 0x042E, 0x042F, 0x0430, 0x0431, 0x0432, 0x0433, 0x0434, 0x0435, 0x0436, 0x0437,
    0x0438, 0x0439, 0x043A, 0x043B, 0x043C, 0x043D, 0x043E, 0x043F, 0x0440, 0x0441, 0x0442, 0x0443,
    0x0444, 0x0445, 0x0446, 0x0447, 0x0448, 0x0449, 0x044A, 0x044B, 0x044C, 0x044D, 0x044E, 0x044F,
    0x0450, 0x0451, 0x0452, 0x0453, 0x0454, 0x0455, 0x0456, 0x0457, 0x0458, 0x0459, 0x045A, 0x045B,
    0x045C, 0x045D, 0x045E, 0x045F, 0x0462, 0x0463, 0x046A, 0x046B, 0x0472, 0x0473, 0x0474, 0x0475,
    0x0476, 0x0477, 0x048A, 0x048B, 0x048C, 0x048D, 0x048E, 0x048F, 0x0490, 0x0491, 0x0492, 0x0493,
    0x0494, 0x0495, 0x0496, 0x0497, 0x0498, 0x0499, 0x049A, 0x049B, 0x049C, 0x049D, 0x049E, 0x049F,
    0x04A0, 0x04A1, 0x04A2, 0x04A3, 0x04A4, 0x04A5, 0x04A6, 0x04A7, 0x04A8, 0x04A9, 0x04AA, 0x04AB,
    0x04AC, 0x04AE, 0x04AF, 0x04B0, 0x04B1, 0x04B2, 0x04B3, 0x04B4, 0x04B5, 0x04B6, 0x04B7, 0x04B8,
    0x04B9, 0x04BA, 0x04BB, 0x04BC, 0x04BD, 0x04BE, 0x04BF, 0x04C0, 0x04C1, 0x04C2, 0x04C3, 0x04C4,
    0x04C5, 0x04C6, 0x04C7, 0x04C8, 0x04C9, 0x04CA, 0x04CB, 0x04CC, 0x04CD, 0x04CE, 0x04CF, 0x04D0,
    0x04D1, 0x04D2, 0x04D3, 0x04D4, 0x04D5, 0x04D6, 0x04D7, 0x04D8, 0x04D9, 0x04DA, 0x04DB, 0x04DC,
    0x04DD, 0x04DE, 0x04DF, 0x04E0, 0x04E1, 0x04E2, 0x04E3, 0x04E4, 0x04E5, 0x04E6, 0x04E7, 0x04E8,
    0x04E9, 0x04EA, 0x04EB, 0x04EC, 0x04ED, 0x04EE, 0x04EF, 0x04F0, 0x04F1, 0x04F2, 0x04F3, 0x04F4,
    0x04F5, 0x04F6, 0x04F8, 0x04F9, 0x04FA, 0x04FB, 0x04FC, 0x04FD, 0x04FE, 0x04FF, 0x1EA0, 0x1EA1,
    0x1EA2, 0x1EA3, 0x1EA4, 0x1EA5, 0x1EA6, 0x1EA7, 0x1EA8, 0x1EA9, 0x1EAA, 0x1EAB, 0x1EAC, 0x1EAD,
    0x1EAE, 0x1EAF, 0x1EB0, 0x1EB1, 0x1EB2, 0x1EB3, 0x1EB4, 0x1EB5, 0x1EB6, 0x1EB7, 0x1EB8, 0x1EB9,
    0x1EBA, 0x1EBB, 0x1EBC, 0x1EBD, 0x1EBE, 0x1EBF, 0x1EC0, 0x1EC1, 0x1EC2, 0x1EC3, 0x1EC4, 0x1EC5,
    0x1EC6, 0x1EC7, 0x1EC8, 0x1EC9, 0x1ECA, 0x1ECB, 0x1ECC, 0x1ECD, 0x1ECE, 0x1ECF, 0x1ED0, 0x1ED1,
    0x1ED2, 0x1ED3, 0x1ED4, 0x1ED5, 0x1ED6, 0x1ED7, 0x1ED8, 0x1ED9, 0x1EDA, 0x1EDB, 0x1EDC, 0x1EDD,
    0x1EDE, 0x1EDF, 0x1EE0, 0x1EE1, 0x1EE2, 0x1EE3, 0x1EE4, 0x1EE5, 0x1EE6, 0x1EE7, 0x1EE8, 0x1EE9,
    0x1EEA, 0x1EEB, 0x1EEC, 0x1EED, 0x1EEE, 0x1EEF, 0x1EF0, 0x1EF1, 0x1EF2, 0x1EF3, 0x1EF4, 0x1EF5,
    0x1EF6, 0x1EF7, 0x1EF8, 0x1EF9, 0x2010, 0x2013, 0x2014, 0x2015, 0x2017, 0x2018, 0x2019, 0x201A,
    0x201B, 0x201C, 0x201D, 0x201E, 0x2025, 0x2026, 0x2039, 0x203A, 0x203C, 0x2070, 0x2075, 0x2077,
    0x2079, 0x20A1, 0x20A3, 0x20A6, 0x20A7, 0x20A9, 0x20AB, 0x20AC, 0x20AD, 0x20AE, 0x20B1, 0x20B2,
    0x20B4, 0x20B5, 0x20B8, 0x20B9, 0x20BD, 0x2206, 0x220F, 0xFB01, 0xFB02,
};

static const uint8_t bitter_10_italicKernLeftClassIds[] = {
      1,   2,   3,   4,   2,   5,   6,   7,   6,   8,   9,  10,  11,  12,  13,  14,
     15,  16,  17,  18,  19,  19,  20,  21,  22,  23,  24,  21,  25,  26,  27,  28,
     28,  29,  30,  31,  28,  28,  21,  32,  33,  34,   3,  35,  29,  36,  36,  30,
     37,  38,  39,  40,  41,  42,  43,  44,  45,  46,  47,  48,  42,  45,  48,  49,
     45,  42,  42,  43,  43,  50,  51,  52,  53,  54,  55,  55,  49,  55,  56,  57,
     58,  44,  59,  37,   3,  21,  60,  43,  61,  54,   7,  62,  22,  22,  22,  22,
     22,  22,  25,  24,  25,  25,  25,  25,  28,  28,  28,  63,  21,  28,  21,  21,
     21,  21,  21,  21,  29,  29,  29,  29,  37,  32,  64,  42,  42,  42,  42,  42,
     42,  46,  65,  46,  46,  46,  46,  66,  67,  68,  69,  43,  42,  43,  43,  43,
     43,  43,  43,  54,  54,  54,  54,  55,  43,  55,  22,  42,  22,  42,  70,  42,
     24,  44,  24,  71,  24,  44,  24,  71,  21,  72,  21,  73,  25,  46,  25,  46,
     25,  46,  74,  46,  25,  46,  27,  48,  27,  48,  27,  48,  27,  48,  28,  42,
     28,  42,  28,  75,  28,  76,  28,  77,  28,  78,  28,  45,  29,  45,  29,  79,
     30,  49,  49,  31,  45,  31,  45,  80,  72,  31,  81,  31,  82,  28,  42,  28,
     42,  28,  42,  42,  29,  48,  21,  43,  21,  43,  21,  43,  25,  46,  34,  51,
     34,  51,  34,  51,   3,  83,   3,  83,   3,  83,   3,  83,  35,  53,  35,  84,
     35,  53,  29,  54,  29,  54,  29,  54,  29,  54,  29,  54,  29,  54,  85,  55,
     37,  55,  37,  38,  56,  38,  56,  38,  56,  47,  86,  87,  88,  89,  38,  56,
     56,  29,  48,  48,  29,  48,  48,  22,  42,  28,  90,  21,  43,  29,  54,  29,
     54,  29,  54,  29,  54,  29,  54,  27,  48,  21,  43,  38,  56,  56,  22,  42,
     25,  46,  21,  43,  22,  42,  22,  42,  25,  46,  25,  46,  28,  91,  28,  92,
     21,  43,  21,  43,  34,  51,  34,  51,  29,  54,  29,  54,   3,  83,  35,  53,
     25,  25,  93,  94,  24,   3,  28,  95,  96,  97,  97,  98,  30,  28,  99,  28,
     22, 100,  23, 101, 102,  25,  30,  23,  28,  28,  30,  28,  28,  28,  21,  28,
     32,  24,  35,  99, 103,  30, 102,  28,  28, 102,  97,  28,  97,  21,  21,  28,
     42,  43,  46,  51, 104,  46,  44, 105,  54,  54,  49,  54,  54,  54,  43,  54,
     43,  44,  42,  55,  43,  49, 106,  54,  54, 107, 108,  54, 108,  43,  43,  54,
     46,  46,  48,  51,  44,  83,  45, 109,  48, 108, 108,  42,  49,  54,  55,  54,
     97, 108, 110,  49,  21,  43,  99,  55,  99,  55, 102, 107,  97, 111,  32,  43,
    112, 113,  35,  51, 114,  42, 115, 107,  23, 105, 116, 117,  30,  49,  30,  49,
     30,  49, 102, 118,  35,  51,  98,  48, 119,  43,  24,  44,  35,  37,  55,  37,
     55, 120, 121, 102, 107, 102, 107,  28,  54,  98,  42,  21,  46, 122,  46,  28,
     30,  44, 123, 124, 102,  54,  29,  54, 102, 107,  28,  54, 102, 107,  45,  22,
     42,  22,  42,  25,  46,  25,  46,  21,  43,  21,  43,  30,  44,  23, 105,  23,
    105,  28,  54,  28,  54,  21,  43,  21,  43,  21,  43,  21,  43,  99,  55,  99,
     55,  99,  55,  28,  54,  35,  28,  54,  35,  51, 125, 126,  30,  49,  22,  42,
     22,  42, 127,  42,  22,  42,  22,  42,  22,  42,  22,  42,  22,  42,  22,  42,
     22,  42,  22,  42,  22,  42,  25,  46,  25,  46,  25,  46,  25,  46,  25,  46,
     25,  46,  25,  46,  25,  46,  28, 128,  28,  45,  21,  43,  21,  43,  21,  43,
     21,  43,  21,  43,  21,  43,  21,  43, 129,  87, 129,  87, 129,  87, 129,  87,
    129,  87,  29,  54,  29,  54,  88,  89,  88,  89,  88,  89, 130,  89,  88,  89,
     37,  55,  37, 131,  37,  55,  37,  55,   7,   7,   7,   7,  41,   2,   2,   6,
      2,   2,   2,   6,   6,   6,  60,  62,   1, 132, 133, 132, 133,  24,  26,  28,
     32,  99,  73,  24,  30,  35,  32,  27,   3,  24,  35,  34,  32,  22,  28,  45,
     45,
};

static const uint16_t bitter_10_italicKernRightCodepoints[] = {
    0x0021, 0x0022, 0x0024, 0x0026, 0x0027, 0x0029, 0x002A, 0x002C, 0x002D, 0x002E, 0x002F, 0x0030,
    0x0031, 0x0032, 0x0033, 0x0034, 0x0035, 0x0036, 0x0037, 0x0038, 0x0039, 0x003A, 0x003B, 0x003F,
    0x0040, 0x0041, 0x0042, 0x0043, 0x0044, 0x0045, 0x0046, 0x0047, 0x0048, 0x0049, 0x004A, 0x004B,
    0x004C, 0x004D, 0x004E, 0x004F, 0x0050, 0x0051, 0x0052, 0x0053, 0x0054, 0x0055, 0x0056, 0x0057,
    0x0058, 0x0059, 0x005A, 0x005C, 0x005D, 0x005F, 0x0061, 0x0062, 0x0063, 0x0064, 0x0065, 0x0066,
    0x0067, 0x0068, 0x0069, 0x006A, 0x006B, 0x006C, 0x006D, 0x006E, 0x006F, 0x0070, 0x0071, 0x0072,
    0x0073, 0x0074, 0x0075, 0x0076, 0x0077, 0x0078, 0x0079, 0x007A, 0x007C, 0x007D, 0x00A1, 0x00A2,
    0x00A5, 0x00A6, 0x00A7, 0x00A9, 0x00AB, 0x00AE, 0x00B0, 0x00B5, 0x00B7, 0x00BB, 0x00BF, 0x00C0,
    0x00C1, 0x00C2, 0x00C3, 0x00C4, 0x00C5, 0x00C6, 0x00C7, 0x00C8, 0x00C9, 0x00CA, 0x00CB, 0x00CC,
    0x00CD, 0x00CE, 0x00CF, 0x00D0, 0x00D1, 0x00D2, 0x00D3, 0x00D4, 0x00D5, 0x00D6, 0x00D8, 0x00D9,
    0x00DA, 0x00DB, 0x00DC, 0x00DD, 0x00DE, 0x00DF, 0x00E0, 0x00E1, 0x00E2, 0x00E3, 0x00E4, 0x00E5,
    0x00E7, 0x00E8, 0x00E9, 0x00EA, 0x00EB, 0x00EC, 0x00ED, 0x00EE, 0x00EF, 0x00F0, 0x00F1, 0x00F2,
    0x00F3, 0x00F4, 0x00F5, 0x00F6, 0x00F8, 0x00F9, 0x00FA, 0x00FB, 0x00FC, 0x00FD, 0x00FE, 0x00FF,
    0x0100, 0x0101, 0x0102, 0x0103, 0x0104, 0x0105, 0x0106, 0x0107, 0x0108, 0x0109, 0x010A, 0x010B,
    0x010C, 0x010D, 0x010E, 0x010F, 0x0110, 0x0111, 0x0112, 0x0113, 0x0114, 0x0115, 0x0116, 0x0117,
    0x0118, 0x0119, 0x011A, 0x011B, 0x011C, 0x011D, 0x011E, 0x011F, 0x0120, 0x0121, 0x0122, 0x0123,
    0x0124, 0x0125, 0x0126, 0x0127, 0x0128, 0x0129, 0x012A, 0x012B, 0x012C, 0x012D, 0x012E, 0x012F,
    0x0130, 0x0131, 0x0132, 0x0133, 0x0134, 0x0135, 0x0136, 0x0137, 0x0138, 0x0139, 0x013A, 0x013B,
    0x013C, 0x013D, 0x013E, 0x013F, 0x0140, 0x0141, 0x0142, 0x0143, 0x0144, 0x0145, 0x0146, 0x0147,
    0x0148, 0x0149, 0x014A, 0x014B, 0x014C, 0x014D, 0x014E, 0x014F, 0x0150, 0x0151, 0x0152, 0x0153,
    0x0154, 0x0155, 0x0156, 0x0157, 0x0158, 0x0159, 0x015A, 0x015B, 0x015C, 0x015D, 0x015E, 0x015F,
    0x0160, 0x0161, 0x0162, 0x0163, 0x0164, 0x0165, 0x0166, 0x0167, 0x0168, 0x0169, 0x016A, 0x016B,
    0x016C, 0x016D, 0x016E, 0x016F, 0x0170, 0x0171, 0x0172, 0x0173, 0x0174, 0x0175, 0x0176, 0x0177,
    0x0178, 0x0179, 0x017A, 0x017B, 0x017C, 0x017D, 0x017E, 0x017F, 0x01A0, 0x01A1, 0x01AF, 0x01B0,
    0x01C4, 0x01C5, 0x01C6, 0x01C7, 0x01C8, 0x01C9, 0x01CB, 0x01CC, 0x01CD, 0x01CE, 0x01CF, 0x01D0,
    0x01D1, 0x01D2, 0x01D3, 0x01D4, 0x01D5, 0x01D6, 0x01D7, 0x01D8, 0x01D9, 0x01DA, 0x01DB, 0x01DC,
    0x01E6, 0x01E7, 0x01EA, 0x01EB, 0x01F1, 0x01F2, 0x01F3, 0x01FA, 0x01FB, 0x01FC, 0x01FE, 0x01FF,
    0x0200, 0x0201, 0x0202, 0x0203, 0x0204, 0x0205, 0x0206, 0x0207, 0x0208, 0x0209, 0x020A, 0x020B,
    0x020C, 0x020D, 0x020E, 0x020F, 0x0210, 0x0211, 0x0212, 0x0213, 0x0214, 0x0215, 0x0216, 0x0217,
    0x0218, 0x0219, 0x021A, 0x021B, 0x0400, 0x0401, 0x0402, 0x0403, 0x0404, 0x0405, 0x0406, 0x0407,
    0x0408, 0x0409, 0x040A, 0x040B, 0x040C, 0x040D, 0x040E, 0x040F, 0x0410, 0x0411, 0x0412, 0x0413,
    0x0414, 0x0415, 0x0416, 0x0417, 0x0418, 0x0419, 0x041A, 0x041B, 0x041C, 0x041D, 0x041E, 0x041F,
    0x0420, 0x0421, 0x0422, 0x0423, 0x0424, 0x0425, 0x0426, 0x0427, 0x0428, 0x0429, 0x042A, 0x042B,
    0x042C, 0x042D, 0x042E, 0x042F, 0x0430, 0x0431, 0x0432, 0x0433, 0x0434, 0x0435, 0x0436, 0x0437,
    0x0438, 0x0439, 0x043A, 0x043B, 0x043C, 0x043D, 0x043E, 0x043F, 0x0440, 0x0441, 0x0442, 0x0443,
    0x0444, 0x0445, 0x0446, 0x0447, 0x0448, 0x0449, 0x044A, 0x044B, 0x044C, 0x044D, 0x044E, 0x044F,
    0x0450, 0x0451, 0x0452, 0x0453, 0x0454, 0x0455, 0x0456, 0x0457, 0x0458, 0x0459, 0x045A, 0x045B,
    0x045C, 0x045D, 0x045E, 0x045F, 0x0463, 0x046A, 0x046B, 0x0472, 0x0473, 0x0474, 0x0475, 0x0476,
    0x0477, 0x048A, 0x048B, 0x048C, 0x048D, 0x048E, 0x048F, 0x0490, 0x0491, 0x0492, 0x0493, 0x0494,
    0x0495, 0x0496, 0x0497, 0x0498, 0x0499, 0x049A, 0x049B, 0x049C, 0x049D, 0x049E, 0x049F, 0x04A0,
    0x04A1, 0x04A2, 0x04A3, 0x04A4, 0x04A5, 0x04A6, 0x04A7, 0x04A8, 0x04A9, 0x04AA, 0x04AB, 0x04AC,
    0x04AD, 0x04AE, 0x04AF, 0x04B0, 0x04B1, 0x04B2, 0x04B3, 0x04B4, 0x04B5, 0x04B6, 0x04B7, 0x04B8,
    0x04B9, 0x04BA, 0x04BB, 0x04BC, 0x04BD, 0x04BE, 0x04BF, 0x04C0, 0x04C1, 0x04C2, 0x04C3, 0x04C4,
    0x04C5, 0x04C6, 0x04C7, 0x04C8, 0x04C9, 0x04CA, 0x04CB, 0x04CC, 0x04CD, 0x04CE, 0x04CF, 0x04D0,
    0x04D1, 0x04D2, 0x04D3, 0x04D4, 0x04D6, 0x04D7, 0x04D8, 0x04D9, 0x04DA, 0x04DB, 0x04DC, 0x04DD,
    0x04DE, 0x04DF, 0x04E0, 0x04E1, 0x04E2, 0x04E3, 0x04E4, 0x04E5, 0x04E6, 0x04E7, 0x04E8, 0x04E9,
    0x04EA, 0x04EB, 0x04EC, 0x04ED, 0x04EE, 0x04EF, 0x04F0, 0x04F1, 0x04F2, 0x04F3, 0x04F4, 0x04F5,
    0x04F6, 0x04F8, 0x04F9, 0x04FA, 0x04FB, 0x04FC, 0x04FD, 0x04FE, 0x04FF, 0x1EA0, 0x1EA1, 0x1EA2,
    0x1EA3, 0x1EA4, 0x1EA5, 0x1EA6, 0x1EA7, 0x1EA8, 0x1EA9, 0x1EAA, 0x1EAB, 0x1EAC, 0x1EAD, 0x1EAE,
    0x1EAF, 0x1EB0, 0x1EB1, 0x1EB2, 0x1EB3, 0x1EB4, 0x1EB5, 0x1EB6, 0x1EB7, 0x1EB8, 0x1EB9, 0x1EBA,
    0x1EBB, 0x1EBC, 0x1EBD, 0x1EBE, 0x1EBF, 0x1EC0, 0x1EC1, 0x1EC2, 0x1EC3, 0x1EC4, 0x1EC5, 0x1EC6,
    0x1EC7, 0x1EC8, 0x1EC9, 0x1ECA, 0x1ECB, 0x1ECC, 0x1ECD, 0x1ECE, 0x1ECF, 0x1ED0, 0x1ED1, 0x1ED2,
    0x1ED3, 0x1ED4, 0x1ED5, 0x1ED6, 0x1ED7, 0x1ED8, 0x1ED9, 0x1EDA, 0x1EDB, 0x1EDC, 0x1EDD, 0x1EDE,
    0x1EDF, 0x1EE0, 0x1EE1, 0x1EE2, 0x1EE3, 0x1EE4, 0x1EE5, 0x1EE6, 0x1EE7, 0x1EE8, 0x1EE9, 0x1EEA,
    0x1EEB, 0x1EEC, 0x1EED, 0x1EEE, 0x1EEF, 0x1EF0, 0x1EF1, 0x1EF2, 0x1EF3, 0x1EF4, 0x1EF5, 0x1EF6,
    0x1EF7, 0x1EF8, 0x1EF9, 0x2010, 0x2013, 0x2014, 0x2015, 0x2017, 0x2018, 0x2019, 0x201A, 0x201B,
    0x201C, 0x201D, 0x201E, 0x2025, 0x2026, 0x2039, 0x203A, 0x203C, 0x2044, 0x20A1, 0x20A3, 0x20A6,
    0x20A7, 0x20A9, 0x20AB, 0x20AC, 0x20AD, 0x20AE, 0x20B1, 0x20B2, 0x20B4, 0x20B5, 0x20B8, 0x20BD,
    0x2206, 0x220F, 0x221A, 0xFB01, 0xFB02,
};

static const uint8_t bitter_10_italicKernRightClassIds[] = {
      1,   2,   3,   4,   2,   5,   6,   7,   8,   7,   9,  10,  11,  12,  13,  14,
     15,  16,  17,   4,  18,  19,  19,  20,  21,  22,  23,  21,  23,  23,  23,  21,
     23,  23,  24,  23,  23,  23,  23,  21,  23,  21,  23,   3,  25,  26,  27,  27,
     28,  29,  30,  31,  32,  33,  34,  35,  34,  34,  34,  36,  34,  37,  38,  39,
     37,  37,  38,  38,  34,  40,  34,  38,  41,  42,  43,  44,  44,  45,  46,  47,
     48,  49,  50,  34,  29,  48,   3,  21,  51,  34,  52,  38,   8,  53,  54,  22,
     22,  22,  22,  22,  22,  22,  21,  23,  23,  23,  23,  23,  23,  55,  56,  23,
     23,  21,  21,  21,  21,  21,  21,  26,  26,  26,  26,  29,  23,  36,  34,  34,
     34,  34,  34,  34,  34,  34,  34,  34,  34,  57,  58,  59,  60,  34,  38,  34,
     34,  34,  34,  34,  61,  43,  43,  43,  43,  46,  62,  46,  22,  34,  22,  34,
     22,  34,  21,  34,  21,  34,  21,  34,  21,  63,  23,  34,  23,  34,  23,  34,
     23,  34,  23,  34,  23,  34,  23,  34,  21,  34,  21,  34,  21,  34,  21,  34,
     23,  37,  23,  37,  55,  64,  23,  65,  66,  67,  23,  38,  23,  38,  23,  38,
     24,  68,  23,  37,  38,  23,  37,  23,  37,  23,  37,  23,  37,  23,  69,  23,
     38,  23,  38,  23,  38,  70,  23,  38,  21,  34,  21,  34,  21,  34,  21,  34,
     23,  38,  23,  38,  23,  38,   3,  41,   3,  41,   3,  41,   3,  71,  25,  42,
     25,  42,  25,  42,  26,  43,  26,  43,  26,  43,  26,  43,  26,  43,  26,  43,
     27,  44,  29,  46,  29,  30,  47,  30,  47,  30,  72,  36,  21,  34,  26,  43,
     23,  23,  34,  23,  23,  37,  23,  38,  22,  34,  66,  73,  21,  34,  26,  43,
     26,  43,  26,  43,  26,  43,  26,  43,  21,  34,  21,  34,  23,  23,  34,  22,
     34,  22,  21,  34,  22,  74,  22,  34,  23,  74,  23,  34,  55,  75,  76,  77,
     21,  78,  21,  34,  23,  38,  23,  38,  26,  43,  26,  43,   3,  41,  25,  42,
     23,  23,  25,  23,  21,   3,  23,  79,  80,  81,  23,  25,  23,  23,  29,  23,
     22,  23,  23,  23,  82,  23,  83,  13,  23,  23,  23,  81,  23,  23,  21,  23,
     23,  21,  25,  84,  21,  28,  23,  85,  23,  23,  25,  23,  23,  86,  23,  87,
     34,  21,  34,  38,  88,  34,  89,  90,  43,  43,  38,  91,  91,  38,  34,  38,
     38,  34,  38,  46,  34,  45,  43,  92,  43,  43,  93,  38,  38,  94,  38,  95,
     34,  34,  37,  38,  34,  41,  38,  96,  36,  91,  38,  37,  38,  43,  46,  43,
     38,  97,  98,  21,  34,  27,  44,  27,  44,  23,  43,  23,  99,  23,  38,  23,
     36,  23,  38,  23,  38,  28, 100,  13,  90,  23,  38,  23,  38,  23,  37,  23,
    101,  23,  38,  23,  38,  23,  38,  21,  34,  21,  34,  25,  38,  29,  44,  29,
     44,  28,  45,  25,  93,  85,  92,  85,  92,  23,  37, 102, 103, 102, 103,  23,
     28, 104,  23,  38,  81,  91,  23,  38,  23,  38,  85,  92,  23,  38, 105,  22,
     34,  22,  34,  22,  23,  34, 106,  34, 106,  34,  28, 104,  13,  90,  13, 107,
     23,  38,  23,  38,  21,  34,  21,  34,  21,  34,  86,  94,  29,  46,  29,  46,
     29,  46,  85,  92,  23,  23,  38,  23,  38,  28,  45,  28,  45,  22,  34,  22,
     34,  22,  34,  22,  34,  22,  34,  22,  34,  22,  34,  22,  34,  22,  34,  22,
     34,  22,  34,  22,  34,  23,  34,  23,  34,  23,  34,  23,  34,  23,  34,  23,
     34,  23,  34,  23,  34,  23,  38,  23,  38,  21,  34,  21,  34,  21,  34,  21,
     34,  21,  34,  21,  34,  21,  34,  21,  34,  21,  34,  21,  34,  21,  74,  21,
     34,  26,  43,  26,  43,  26,  43,  26,  43,  26,  43,  26,  43,  26,  43,  29,
     46,  29,  46,  29,  46,  29,  46,   8,   8,   8,   8,  33,   2,   2,   7,   2,
      2,   2,   7,   7,   7,  51,  53,   1, 108,  21,  23,  23,  23,  27,  34,  21,
     23,  25,  23,  21,   3,  21,  25,  23,  22,  23,  44,  36,  36,
};

static const uint16_t bitter_10_italicKernRowOffsets[] = {
        0,     1,    36,    80,   103,   125,   172,   199,   259,   262,   268,   269,   279,   283,   290,   297,
      310,   319,   323,   334,   344,   398,   478,   542,   601,   647,   708,   729,   766,   816,   887,   929,
      999,  1060,  1106,  1174,  1257,  1321,  1365,  1390,  1398,  1408,  1421,  1445,  1482,  1501,  1512,  1553,
     1564,  1615,  1636,  1681,  1686,  1705,  1725,  1756,  1765,  1783,  1784,  1786,  1787,  1788,  1789,  1830,
     1863,  1897,  1919,  1945,  1968,  1995,  2075,  2112,  2154,  2163,  2211,  2237,  2260,  2286,  2305,  2319,
     2327,  2333,  2336,  2341,  2363,  2446,  2461,  2482,  2493,  2520,  2546,  2569,  2595,  2659,  2736,  2774,
     2812,  2838,  2891,  2974,  3038,  3115,  3160,  3214,  3269,  3294,  3338,  3382,  3416,  3434,  3505,  3512,
     3570,  3615,  3668,  3713,  3763,  3814,  3850,  3904,  3949,  4000,  4001,  4072,  4076,  4145,  4196,  4276,
     4296,  4308,  4321,  4363,  4364,  4365,
};

static const uint8_t bitter_10_italicKernSparseCols[] = {
     21,   6,  20,  21,  22,  24,  27,  33,  34,  36,  40,  44,  54,  55,  60,  61,
     62,  65,  70,  73,  75,  77,  78,  80,  81,  82,  85,  86,  87,  90,  94,  95,
     96,  97, 104, 105,   6,  10,  12,  16,  21,  22,  24,  26,  27,  28,  29,  33,
     37,  39,  41,  42,  43,  44,  45,  54,  55,  56,  57,  58,  59,  60,  62,  63,
     64,  65,  66,  72,  73,  74,  75,  76,  77,  78,  82,  83,  87,  92,  96,  97,
      2,  20,  21,  26,  27,  28,  34,  36,  40,  42,  43,  44,  45,  46,  61,  68,
     70,  71,  82,  83,  96,  97, 105,   8,  23,  24,  30,  32,  33,  35,  38,  60,
     62,  67,  73,  77,  79,  80,  81,  84,  85,  86,  87,  91, 101,   1,   9,  10,
     11,  13,  15,  16,  17,  20,  21,  23,  24,  26,  27,  28,  33,  37,  39,  43,
     44,  45,  50,  56,  57,  58,  59,  60,  62,  63,  64,  66,  72,  73,  74,  76,
     77,  79,  81,  82,  83,  84,  87,  91,  96,  97, 100, 105,  10,  11,  12,  13,
     14,  16,  17,  21,  24,  26,  27,  44,  45,  52,  80,  81,  82,  84,  85,  86,
     89,  90,  91,  94,  96,  97, 106,   4,   8,  20,  21,  22,  23,  24,  25,  26,
     27,  28,  30,  31,  33,  34,  36,  37,  39,  44,  45,  48,  54,  55,  56,  57,
     58,  59,  60,  61,  62,  63,  64,  65,  66,  72,  73,  74,  75,  76,  77,  78,
     79,  80,  81,  82,  83,  84,  85,  86,  87,  89,  90,  91,  93,  94,  96,  97,
    100, 105, 106,   6,  10,  51,   6,   8,  16,  21,  51,  81,  16,   6,  14,  16,
     22,  51,  54,  55,  65,  75,  78,   7,  13,  16,  51,   6,  10,  11,  12,  16,
     17,  51,  10,  11,  12,  13,  14,  16,  51,   3,   6,   7,   9,  10,  11,  12,
     13,  14,  15,  16,  17,  51,  14,  16,  22,  51,  54,  55,  65,  75,  78,   6,
     12,  16,  51,  24,  26,  27,  28,  43,  44,  45,  82,  83,  96,  97,  22,  24,
     53,  54,  55,  65,  75,  78,  80,  91,   1,   2,   6,   8,  12,  19,  21,  24,
     26,  27,  28,  29,  33,  34,  35,  36,  37,  38,  39,  40,  41,  42,  43,  44,
     45,  56,  57,  58,  59,  60,  61,  62,  63,  64,  66,  67,  70,  72,  73,  74,
     76,  77,  80,  81,  82,  83,  84,  85,  86,  87,  90,  92,  96,  97,   0,   1,
      2,   6,   7,   8,  19,  20,  21,  22,  23,  24,  25,  26,  27,  28,  29,  31,
     33,  34,  35,  36,  37,  38,  39,  40,  41,  42,  43,  44,  45,  46,  48,  49,
     54,  55,  56,  57,  58,  59,  60,  61,  62,  63,  64,  65,  66,  67,  70,  71,
     72,  73,  74,  75,  76,  77,  78,  79,  80,  81,  82,  83,  84,  85,  86,  87,
     88,  89,  90,  91,  92,  93,  96,  97, 100, 101, 102, 103, 105, 106,   1,   6,
     12,  19,  20,  21,  22,  23,  24,  26,  27,  28,  29,  33,  34,  35,  36,  37,
     38,  39,  40,  41,  42,  43,  44,  45,  46,  54,  55,  56,  57,  58,  59,  60,
     61,  62,  63,  64,  65,  66,  67,  70,  71,  72,  73,  74,  75,  76,  77,  78,
     79,  80,  81,  82,  83,  84,  85,  86,  87,  92,  96,  97, 102, 105,   1,   3,
      6,   7,  10,  11,  12,  14,  16,  17,  20,  21,  23,  24,  26,  27,  28,  33,
     34,  36,  37,  39,  40,  41,  42,  43,  44,  45,  46,  56,  57,  58,  59,  60,
     61,  62,  63,  64,  66,  70,  71,  72,  73,  74,  76,  77,  79,  80,  81,  82,
     83,  84,  86,  87,  92,  96,  97, 102, 105,   7,   8,  20,  21,  24,  26,  27,
     28,  33,  37,  39,  40,  41,  42,  43,  44,  45,  46,  56,  57,  58,  59,  60,
     62,  63,  64,  66,  70,  71,  72,  73,  74,  76,  77,  80,  82,  83,  84,  85,
     86,  87,  92,  96,  97, 102, 105,   2,   6,   8,  18,  20,  21,  22,  23,  26,
     27,  28,  29,  33,  34,  35,  36,  37,  38,  39,  40,  41,  42,  43,  44,  45,
     46,  54,  55,  56,  57,  58,  59,  60,  61,  62,  63,  64,  65,  66,  67,  70,
     71,  72,  73,  74,  75,  76,  77,  78,  79,  80,  82,  83,  84,  87,  90,  96,
     97, 101, 102, 105,   2,  21,  26,  27,  28,  34,  36,  40,  42,  43,  44,  45,
     46,  61,  68,  70,  71,  82,  83,  96,  97,   2,   8,  18,  21,  24,  25,  26,
     27,  28,  29,  33,  34,  36,  40,  43,  44,  45,  58,  59,  60,  61,  62,  63,
     70,  73,  74,  77,  81,  82,  83,  84,  85,  86,  87,  96,  97, 101,   6,  18,
     21,  22,  26,  27,  28,  29,  33,  34,  35,  36,  37,  38,  39,  40,  41,  42,
     43,  44,  45,  46,  54,  55,  56,  57,  59,  60,  61,  62,  64,  65,  66,  67,
     70,  71,  72,  73,  75,  76,  77,  78,  80,  82,  83,  87,  90,  96,  97, 101,
      0,   1,   2,   6,   7,   8,  18,  19,  20,  21,  22,  23,  24,  25,  26,  27,
     28,  29,  33,  35,  37,  38,  39,  40,  41,  42,  43,  45,  46,  54,  55,  56,
     57,  58,  59,  60,  62,  63,  64,  65,  66,  67,  70,  71,  72,  73,  74,  75,
     76,  77,  78,  79,  80,  81,  82,  83,  84,  85,  86,  87,  88,  89,  90,  91,
     92,  96, 100, 101, 102, 105, 106,   2,  18,  20,  21,  23,  24,  25,  26,  27,
     28,  29,  33,  37,  39,  40,  41,  42,  43,  44,  45,  56,  57,  58,  59,  60,
     62,  63,  64,  66,  70,  72,  73,  74,  76,  77,  79,  82,  83,  87,  96,  97,
    105,   1,   2,   6,   7,   8,  18,  19,  20,  21,  22,  23,  24,  25,  26,  27,
     28,  29,  31,  33,  34,  35,  36,  37,  38,  39,  40,  41,  42,  43,  44,  45,
     46,  48,  54,  55,  56,  57,  58,  59,  60,  61,  62,  63,  64,  65,  66,  67,
     70,  71,  72,  73,  74,  75,  76,  77,  78,  79,  80,  81,  82,  83,  84,  85,
     86,  87,  90,  91,  96,  97, 105,   1,   2,   4,   6,   8,  12,  19,  21,  23,
     24,  26,  27,  28,  29,  31,  32,  33,  34,  35,  36,  37,  38,  39,  40,  41,
     42,  43,  44,  45,  47,  48,  56,  57,  58,  59,  60,  61,  62,  63,  64,  66,
     67,  70,  72,  73,  74,  76,  77,  79,  80,  81,  82,  83,  84,  85,  86,  87,
     90,  92,  96,  97,  20,  21,  22,  24,  25,  26,  27,  28,  29,  33,  35,  37,
     38,  39,  41,  42,  43,  44,  45,  54,  55,  56,  57,  58,  59,  60,  62,  63,
     64,  65,  66,  67,  72,  73,  74,  75,  76,  77,  78,  82,  83,  86,  87,  96,
     97, 105,   1,   2,   6,   7,   8,  18,  19,  20,  21,  22,  23,  24,  25,  26,
     27,  28,  29,  33,  34,  35,  36,  37,  38,  39,  40,  41,  42,  43,  44,  46,
     54,  55,  56,  57,  58,  59,  60,  61,  62,  63,  64,  65,  66,  67,  70,  71,
     72,  73,  74,  75,  76,  77,  78,  79,  80,  81,  82,  83,  84,  85,  86,  87,
     90,  96,  97, 101, 102, 105,   0,   1,   2,   6,   7,   8,  12,  18,  19,  20,
     21,  22,  23,  24,  25,  26,  27,  28,  29,  31,  33,  34,  35,  36,  37,  38,
     39,  40,  41,  42,  43,  44,  45,  46,  48,  54,  55,  56,  57,  58,  59,  60,
     61,  62,  63,  64,  65,  66,  67,  70,  71,  72,  73,  74,  75,  76,  77,  78,
     79,  80,  81,  82,  83,  84,  85,  86,  87,  88,  89,  90,  91,  92,  93,  94,
     95,  96,  97, 100, 101, 102, 103, 105, 106,   2,   6,  12,  14,  16,  18,  20,
     21,  22,  23,  24,  25,  26,  27,  28,  29,  33,  34,  35,  37,  38,  39,  40,
     41,  42,  43,  44,  45,  46,  54,  55,  56,  57,  58,  59,  60,  62,  63,  64,
     65,  66,  67,  70,  71,  72,  73,  74,  75,  76,  77,  78,  79,  80,  82,  83,
     87,  90,  92,  95,  96,  97, 101, 102, 105,   2,  20,  21,  22,  24,  25,  26,
     27,  28,  33,  37,  39,  40,  41,  42,  43,  44,  45,  54,  55,  56,  57,  58,
     59,  60,  62,  63,  64,  65,  66,  70,  72,  73,  74,  75,  76,  77,  78,  82,
     83,  87,  96,  97, 105,   8,  21,  23,  24,  26,  28,  30,  32,  34,  35,  36,
     38,  61,  67,  79,  80,  81,  83,  84,  86,  91,  93,  94, 100, 101,   4,   8,
     23,  31,  32,  48,  79,  81,   4,   8,  23,  31,  35,  38,  48,  67,  79,  81,
      0,   1,   6,  19,  43,  44,  45,  89,  91,  93,  97, 100, 106,   1,   6,  19,
     20,  33,  43,  44,  45,  60,  62,  73,  77,  87,  89,  90,  91,  92,  93,  94,
     97, 100, 102, 105, 106,   1,   7,  19,  33,  34,  35,  36,  37,  38,  39,  42,
     43,  44,  45,  56,  57,  58,  59,  60,  61,  62,  63,  64,  66,  67,  69,  72,
     73,  74,  76,  77,  87,  88,  91,  94,  97, 103,   1,   7,   8,  20,  31,  34,
     35,  36,  38,  43,  44,  45,  58,  61,  67,  74,  91,  97, 105,  43,  44,  45,
     89,  90,  91,  93,  94,  97, 100, 106,   0,   1,   4,   5,   6,   7,  18,  19,
     30,  31,  33,  34,  35,  36,  37,  38,  39,  41,  42,  43,  44,  45,  56,  57,
     58,  59,  60,  61,  62,  63,  64,  66,  67,  68,  69,  72,  73,  74,  76,  87,
     97,   8,  35,  38,  43,  44,  45,  46,  67,  71,  91,  97,   0,   1,   6,   7,
      8,  18,  19,  20,  33,  34,  35,  36,  37,  38,  39,  40,  41,  42,  43,  44,
     45,  46,  56,  57,  58,  59,  60,  61,  62,  63,  64,  66,  67,  70,  71,  72,
     73,  74,  76,  77,  87,  89,  90,  91,  92,  93,  94,  97, 100, 105, 106,  32,
     35,  37,  38,  39,  43,  44,  45,  56,  57,  58,  59,  61,  63,  64,  66,  67,
     72,  74,  76,  97,   0,   4,   6,   8,  19,  31,  33,  34,  35,  36,  37,  38,
     39,  40,  43,  44,  45,  48,  56,  57,  58,  59,  60,  61,  62,  63,  64,  66,
     67,  68,  70,  72,  73,  74,  76,  77,  87,  89,  90,  91,  93,  94,  97, 102,
    106,   6,  43,  44,  45,  97,   1,  33,  34,  35,  36,  38,  40,  43,  44,  45,
     60,  61,  62,  67,  70,  73,  77,  87,  97,   8,  33,  43,  44,  45,  46,  60,
     62,  71,  73,  77,  87,  89,  90,  91,  92,  93,  94,  97, 106,   6,   7,  18,
     20,  33,  34,  35,  36,  38,  40,  41,  42,  43,  44,  45,  46,  60,  61,  62,
     67,  70,  71,  73,  77,  87,  91,  97,  98,  99, 100, 105,  34,  36,  40,  43,
     44,  45,  61,  70,  97,   8,  21,  23,  24,  30,  32,  34,  35,  36,  38,  61,
     67,  79,  80,  81,  84,  91, 100,  21,  11,  16,   7, 107,   6,   2,   8,  18,
     21,  23,  24,  25,  26,  27,  28,  29,  30,  33,  34,  36,  40,  43,  44,  45,
     55,  58,  59,  60,  61,  62,  63,  70,  73,  74,  77,  79,  81,  82,  83,  84,
     85,  86,  87,  96,  97, 101,  33,  34,  35,  36,  37,  38,  39,  40,  41,  43,
     44,  45,  46,  56,  57,  58,  59,  60,  61,  62,  63,  64,  66,  67,  70,  71,
     72,  73,  74,  76,  77,  87,  97,   1,   7,  19,  33,  34,  36,  37,  39,  42,
     43,  44,  45,  56,  57,  58,  59,  60,  61,  62,  63,  64,  66,  69,  72,  73,
     74,  76,  77,  87,  88,  91,  94,  97, 103,   1,   7,   8,  20,  31,  34,  35,
     36,  38,  43,  44,  45,  58,  59,  61,  63,  67,  74,  76,  91,  97, 105,   1,
      7,   8,  20,  31,  34,  35,  36,  38,  43,  44,  45,  56,  58,  59,  61,  63,
     64,  66,  67,  72,  74,  76,  91,  97, 105,   1,   7,   8,  20,  31,  34,  35,
     36,  38,  43,  44,  45,  58,  59,  61,  63,  64,  67,  74,  76,  91,  97, 105,
      1,   7,   8,  20,  31,  34,  35,  36,  38,  43,  44,  45,  56,  57,  58,  59,
     61,  63,  64,  66,  67,  72,  74,  76,  91,  97, 105,   0,   1,   2,   6,   7,
      8,  19,  20,  21,  22,  23,  24,  25,  26,  27,  28,  29,  31,  33,  34,  35,
     36,  37,  38,  39,  40,  41,  42,  43,  44,  45,  46,  48,  49,  54,  55,  56,
     57,  58,  59,  60,  61,  62,  63,  64,  65,  66,  67,  70,  71,  72,  73,  74,
     75,  76,  77,  78,  79,  80,  81,  82,  83,  84,  85,  86,  87,  88,  89,  90,
     91,  92,  93,  96,  97, 100, 101, 102, 103, 105, 106,   1,   7,  19,  33,  34,
     35,  36,  37,  38,  39,  42,  43,  44,  45,  56,  57,  58,  59,  60,  61,  62,
     63,  64,  66,  67,  69,  72,  73,  74,  76,  77,  87,  88,  91,  94,  97, 103,
      0,   1,   4,   5,  19,  30,  31,  33,  34,  35,  36,  37,  38,  39,  41,  42,
     43,  44,  45,  46,  48,  56,  57,  58,  59,  60,  61,  62,  63,  64,  66,  67,
     68,  70,  71,  72,  73,  74,  76,  77,  87,  97,  35,  38,  43,  44,  45,  67,
     69,  74,  97,   7,   8,  20,  21,  23,  24,  26,  27,  28,  33,  37,  39,  40,
     41,  42,  43,  44,  45,  46,  56,  57,  58,  59,  60,  62,  63,  64,  66,  70,
     71,  72,  73,  74,  76,  77,  79,  80,  82,  83,  84,  85,  86,  87,  92,  96,
     97, 102, 105,   1,   7,   8,  20,  31,  34,  35,  36,  38,  43,  44,  45,  56,
     58,  59,  61,  63,  64,  66,  67,  72,  74,  76,  91,  97, 105,   1,   7,   8,
     20,  31,  34,  35,  36,  38,  43,  44,  45,  58,  59,  61,  63,  66,  67,  74,
     76,  91,  97, 105,   1,   7,   8,  20,  31,  34,  35,  36,  38,  43,  44,  45,
     56,  58,  59,  61,  63,  64,  66,  67,  72,  74,  76,  91,  97, 105,   1,   7,
      8,  20,  31,  34,  35,  36,  38,  43,  44,  45,  58,  61,  67,  74,  91,  97,
    105,   8,  34,  35,  36,  38,  43,  44,  45,  46,  61,  67,  71,  91,  97,  19,
     21,  26,  28,  34,  36,  61,  83,  33,  60,  62,  73,  77,  87,  41,  43,  45,
      6,  43,  44,  45,  97,   1,   4,  19,  30,  31,  33,  34,  36,  40,  43,  44,
     45,  48,  60,  61,  62,  70,  71,  73,  77,  87,  97,   0,   1,   2,   6,   7,
      8,  12,  18,  19,  20,  21,  22,  23,  24,  25,  26,  27,  28,  29,  31,  33,
     34,  35,  36,  37,  38,  39,  40,  41,  42,  43,  44,  45,  46,  48,  54,  55,
     56,  57,  58,  59,  60,  61,  62,  63,  64,  65,  66,  67,  70,  71,  72,  73,
     74,  75,  76,  77,  78,  79,  80,  81,  82,  83,  84,  85,  86,  87,  88,  89,
     90,  91,  92,  93,  94,  95,  96,  97, 100, 101, 102, 103, 105, 106,  21,  24,
     26,  27,  28,  29,  34,  36,  44,  45,  61,  82,  83,  96,  97,  34,  35,  36,
     37,  38,  39,  42,  43,  45,  56,  57,  58,  59,  61,  63,  64,  66,  67,  72,
     74,  76,  24,  25,  26,  28,  34,  36,  54,  55,  61,  75,  83,  34,  35,  36,
     37,  38,  39,  41,  42,  43,  44,  45,  46,  56,  57,  58,  59,  61,  63,  64,
     66,  67,  71,  72,  74,  76,  90,  97,   1,   7,   8,  20,  31,  34,  35,  36,
     38,  43,  44,  45,  56,  58,  59,  61,  63,  64,  66,  67,  72,  74,  76,  91,
     97, 105,   1,   7,   8,  20,  31,  34,  35,  36,  38,  43,  44,  45,  58,  59,
     61,  63,  67,  72,  74,  76,  91,  97, 105,   1,   7,   8,  20,  31,  34,  35,
     36,  38,  43,  44,  45,  57,  58,  59,  61,  63,  64,  66,  67,  72,  74,  76,
     91,  97, 105,   1,   6,  12,  19,  20,  21,  22,  23,  24,  26,  27,  28,  29,
     33,  34,  35,  36,  37,  38,  39,  40,  41,  42,  43,  44,  45,  46,  54,  55,
     56,  57,  58,  59,  60,  61,  62,  63,  64,  65,  66,  67,  70,  71,  72,  73,
     74,  75,  76,  77,  78,  79,  80,  81,  82,  83,  84,  85,  86,  87,  92,  96,
     97, 102, 105,   0,   1,   4,   6,   7,   8,  12,  18,  19,  20,  21,  22,  24,
     26,  27,  28,  31,  33,  34,  35,  36,  37,  38,  39,  40,  41,  42,  43,  44,
     45,  48,  54,  55,  56,  57,  58,  59,  60,  61,  62,  63,  64,  65,  66,  67,
     70,  72,  73,  74,  75,  76,  77,  78,  80,  81,  82,  83,  84,  85,  86,  87,
     88,  89,  90,  91,  92,  93,  94,  95,  96,  97,  98, 100, 102, 103, 105, 106,
      2,   8,  18,  21,  24,  25,  26,  27,  28,  29,  33,  34,  36,  40,  43,  44,
     45,  58,  59,  60,  61,  62,  63,  70,  73,  74,  77,  78,  81,  82,  83,  84,
     85,  86,  87,  96,  97, 101,  20,  21,  23,  24,  25,  26,  27,  28,  33,  40,
     41,  42,  43,  44,  45,  46,  60,  62,  70,  71,  73,  77,  79,  82,  83,  87,
     88,  89,  90,  91,  92,  93,  95,  96,  97, 103, 105, 106,   0,   1,   2,  19,
     20,  21,  22,  23,  24,  27,  28,  45,  54,  55,  65,  75,  78,  79,  80,  81,
     82,  83,  84,  86,  96, 105,   1,  12,  20,  21,  22,  24,  25,  26,  27,  28,
     33,  37,  39,  40,  43,  45,  54,  55,  56,  57,  58,  59,  60,  62,  63,  64,
     65,  66,  70,  72,  73,  74,  75,  76,  77,  78,  80,  81,  82,  83,  84,  85,
     87,  89,  90,  91,  92,  93,  96, 101, 102, 105, 106,   0,   1,   2,   6,   7,
      8,  12,  18,  19,  20,  21,  22,  23,  24,  25,  26,  27,  28,  29,  31,  33,
     34,  35,  36,  37,  38,  39,  40,  41,  42,  43,  44,  45,  46,  48,  54,  55,
     56,  57,  58,  59,  60,  61,  62,  63,  64,  65,  66,  67,  70,  71,  72,  73,
     74,  75,  76,  77,  78,  79,  80,  81,  82,  83,  84,  85,  86,  87,  88,  89,
     90,  91,  92,  93,  94,  95,  96,  97, 100, 101, 102, 103, 105, 106,   1,   6,
     12,  19,  20,  21,  22,  23,  24,  26,  27,  28,  29,  33,  34,  35,  36,  37,
     38,  39,  40,  41,  42,  43,  44,  45,  46,  54,  55,  56,  57,  58,  59,  60,
     61,  62,  63,  64,  65,  66,  67,  70,  71,  72,  73,  74,  75,  76,  77,  78,
     79,  80,  81,  82,  83,  84,  85,  86,  87,  92,  96,  97, 102, 105,   0,   1,
      4,   6,   7,   8,  12,  18,  19,  20,  21,  22,  24,  26,  27,  28,  31,  33,
     34,  35,  36,  37,  38,  39,  40,  41,  42,  43,  44,  45,  48,  54,  55,  56,
     57,  58,  59,  60,  61,  62,  63,  64,  65,  66,  67,  70,  72,  73,  74,  75,
     76,  77,  78,  80,  81,  82,  83,  84,  85,  86,  87,  88,  89,  90,  91,  92,
     93,  94,  95,  96,  97,  98, 100, 102, 103, 105, 106,   3,   4,   6,   8,  12,
     19,  20,  21,  22,  23,  24,  26,  27,  28,  31,  33,  35,  38,  43,  48,  54,
     55,  60,  62,  65,  67,  73,  75,  77,  78,  79,  80,  81,  82,  83,  84,  85,
     86,  87,  89,  96, 101, 102, 105, 106,   1,   2,   6,   8,  12,  19,  21,  24,
     26,  27,  28,  29,  33,  34,  35,  36,  37,  38,  39,  40,  41,  42,  43,  44,
     45,  56,  57,  58,  59,  60,  61,  62,  63,  64,  66,  67,  70,  72,  73,  74,
     76,  77,  80,  81,  82,  83,  84,  85,  86,  87,  90,  92,  96,  97,   1,   2,
      6,   8,  12,  19,  21,  24,  26,  27,  28,  29,  33,  34,  35,  36,  37,  38,
     39,  40,  41,  42,  43,  44,  45,  56,  57,  58,  59,  60,  61,  62,  63,  64,
     66,  67,  70,  72,  73,  74,  76,  77,  80,  81,  82,  83,  84,  85,  86,  87,
     90,  91,  92,  96,  97,   1,   6,  19,  37,  39,  44,  45,  56,  57,  58,  59,
     63,  64,  66,  72,  74,  76,  89,  90,  91,  93,  94,  97, 100, 106,   4,   6,
      8,  31,  32,  33,  34,  35,  36,  37,  38,  39,  44,  45,  48,  56,  57,  58,
     59,  60,  61,  62,  63,  64,  66,  67,  72,  73,  74,  76,  77,  87,  88,  89,
     90,  91,  92,  93,  94,  97, 100, 102, 103, 106,   4,   6,   8,  31,  32,  33,
     34,  35,  36,  37,  38,  39,  44,  45,  48,  56,  57,  58,  59,  60,  61,  62,
     63,  64,  66,  67,  72,  73,  74,  76,  77,  87,  88,  89,  90,  91,  92,  93,
     94,  97, 100, 102, 103, 106,   0,   1,   8,  19,  33,  37,  39,  40,  44,  45,
     56,  57,  58,  59,  60,  62,  63,  64,  66,  70,  72,  73,  74,  76,  77,  87,
     89,  90,  91,  92,  94,  97, 100, 106,   1,   7,   8,  20,  31,  34,  35,  36,
     38,  43,  44,  45,  61,  67,  91,  95,  97, 105,   0,   1,   2,   6,   7,   8,
     18,  19,  20,  21,  22,  23,  24,  25,  26,  27,  28,  29,  33,  35,  37,  38,
     39,  40,  41,  42,  43,  45,  46,  54,  55,  56,  57,  58,  59,  60,  62,  63,
     64,  65,  66,  67,  70,  71,  72,  73,  74,  75,  76,  77,  78,  79,  80,  81,
     82,  83,  84,  85,  86,  87,  88,  89,  90,  91,  92,  96, 100, 101, 102, 105,
    106,   1,  33,  60,  62,  73,  77,  87,   2,   6,   7,  18,  20,  21,  22,  28,
     33,  34,  36,  37,  39,  40,  42,  43,  44,  45,  54,  55,  56,  57,  58,  59,
     60,  61,  62,  63,  64,  65,  66,  70,  72,  73,  74,  75,  76,  77,  78,  80,
     81,  82,  83,  85,  86,  87,  88,  89,  90,  91,  92,  93,  94,  95,  97, 103,
    105, 106,   0,   4,   6,   8,  19,  31,  33,  34,  35,  36,  37,  38,  39,  40,
     43,  44,  45,  48,  56,  57,  58,  59,  60,  61,  62,  63,  64,  66,  67,  68,
     70,  72,  73,  74,  76,  77,  87,  89,  90,  91,  93,  94,  97, 102, 106,   1,
     12,  20,  21,  22,  24,  25,  26,  27,  28,  33,  37,  39,  40,  43,  45,  54,
     55,  56,  57,  58,  59,  60,  62,  63,  64,  65,  66,  70,  72,  73,  74,  75,
     76,  77,  78,  80,  81,  82,  83,  84,  85,  87,  89,  90,  91,  92,  93,  96,
    101, 102, 105, 106,   3,   4,   6,   8,  12,  19,  20,  21,  22,  23,  24,  26,
     27,  28,  31,  33,  35,  38,  43,  48,  54,  55,  60,  62,  65,  67,  73,  75,
     77,  78,  79,  80,  81,  82,  83,  84,  85,  86,  87,  89,  96, 101, 102, 105,
    106,   3,   4,   6,   8,  12,  19,  20,  21,  22,  23,  24,  26,  27,  28,  31,
     33,  35,  38,  43,  44,  45,  48,  54,  55,  60,  62,  65,  67,  73,  75,  77,
     78,  79,  80,  81,  82,  83,  84,  85,  86,  87,  88,  89,  92,  96,  97, 101,
    102, 105, 106,   0,   1,   6,   7,   8,  18,  19,  20,  33,  34,  35,  36,  37,
     38,  39,  40,  41,  42,  43,  44,  45,  46,  56,  57,  58,  59,  60,  61,  62,
     63,  64,  66,  67,  70,  71,  72,  73,  74,  76,  77,  87,  89,  90,  91,  92,
     93,  94,  97, 100, 105, 106,   8,  33,  35,  37,  38,  39,  42,  43,  44,  45,
     46,  56,  57,  58,  59,  60,  62,  63,  64,  66,  67,  71,  72,  73,  74,  76,
     77,  87,  89,  90,  91,  92,  93,  94,  97, 106,   1,   2,   6,   8,  12,  19,
     21,  24,  26,  27,  28,  29,  33,  34,  35,  36,  37,  38,  39,  40,  41,  42,
     43,  44,  45,  56,  57,  58,  59,  60,  61,  62,  63,  64,  66,  67,  70,  72,
     73,  74,  76,  77,  80,  81,  82,  83,  84,  85,  86,  87,  90,  92,  96,  97,
      3,   4,   6,   8,  12,  19,  20,  21,  22,  23,  24,  26,  27,  28,  31,  33,
     35,  38,  43,  48,  54,  55,  60,  62,  65,  67,  73,  75,  77,  78,  79,  80,
     81,  82,  83,  84,  85,  86,  87,  89,  96, 101, 102, 105, 106,   0,   1,   6,
      7,   8,  18,  19,  20,  33,  34,  35,  36,  37,  38,  39,  40,  41,  42,  43,
     44,  45,  46,  56,  57,  58,  59,  60,  61,  62,  63,  64,  66,  67,  70,  71,
     72,  73,  74,  76,  77,  87,  89,  90,  91,  92,  93,  94,  97, 100, 105, 106,
     84,   0,   1,   2,   6,   7,   8,  18,  19,  20,  21,  22,  23,  24,  25,  26,
     27,  28,  29,  33,  35,  37,  38,  39,  40,  41,  42,  43,  45,  46,  54,  55,
     56,  57,  58,  59,  60,  62,  63,  64,  65,  66,  67,  70,  71,  72,  73,  74,
     75,  76,  77,  78,  79,  80,  81,  82,  83,  84,  85,  86,  87,  88,  89,  90,
     91,  92,  96, 100, 101, 102, 105, 106,   8,  35,  38,  67,   0,   1,   2,   6,
      7,   8,  18,  19,  20,  21,  22,  24,  25,  26,  27,  28,  29,  33,  35,  37,
     38,  39,  40,  41,  42,  43,  45,  46,  54,  55,  56,  57,  58,  59,  60,  62,
     63,  64,  65,  66,  67,  70,  71,  72,  73,  74,  75,  76,  77,  78,  80,  81,
     82,  83,  84,  85,  86,  87,  88,  89,  90,  91,  92,  96, 100, 101, 102, 105,
    106,   0,   1,   6,   7,   8,  18,  19,  20,  33,  34,  35,  36,  37,  38,  39,
     40,  41,  42,  43,  44,  45,  46,  56,  57,  58,  59,  60,  61,  62,  63,  64,
     66,  67,  70,  71,  72,  73,  74,  76,  77,  87,  89,  90,  91,  92,  93,  94,
     97, 100, 105, 106,   0,   1,   2,   6,   7,   8,  19,  20,  21,  22,  23,  24,
     25,  26,  27,  28,  29,  31,  33,  34,  35,  36,  37,  38,  39,  40,  41,  42,
     43,  44,  45,  46,  48,  49,  54,  55,  56,  57,  58,  59,  60,  61,  62,  63,
     64,  65,  66,  67,  70,  71,  72,  73,  74,  75,  76,  77,  78,  79,  80,  81,
     82,  83,  84,  85,  86,  87,  88,  89,  90,  91,  92,  93,  96,  97, 100, 101,
    102, 103, 105, 106,   1,   7,   8,  20,  31,  34,  35,  36,  38,  43,  44,  45,
     58,  59,  61,  67,  74,  91,  97, 105,  21,  24,  26,  27,  28,  29,  44,  45,
     82,  83,  96,  97,  23,  24,  25,  26,  28,  34,  36,  54,  55,  61,  75,  79,
     83,   6,   7,  18,  20,  33,  34,  35,  36,  37,  38,  39,  40,  41,  42,  43,
     44,  45,  46,  56,  57,  58,  59,  60,  62,  63,  64,  66,  67,  70,  71,  72,
     73,  74,  76,  77,  87,  91,  97,  98,  99, 100, 105, 107, 107,
};

static const int8_t bitter_10_italicKernSparseValues[] = {
      -4,  -15,  -10,  -27,    2,    5,   -5,   -6,    5,    5,  -12,   -8,    2,    2,   -6,    5,
      -6,    2,  -12,   -6,    2,   -6,    2,  -23,  -19,   -5,    3,   -9,   -6,   -7,   -7,    5,
      -5,   -8,    3,  -10,  -11,   -3,   -3,   -5,  -11,   -4,  -11,  -16,  -21,  -18,   -7,   -4,
     -10,  -10,   -4,   -5,  -12,  -12,  -10,   -4,   -4,  -10,  -10,  -10,  -18,   -4,   -4,  -10,
     -10,   -4,  -10,  -10,   -4,  -10,   -4,  -10,   -4,   -4,  -21,  -18,   -4,   -8,  -21,  -12,
      -9,    2,  -17,  -15,  -13,  -16,   -4,   -4,   -4,   -4,   -9,   -8,   -6,   -5,   -4,    3,
      -4,   -5,  -13,  -16,  -13,   -8,    2,    8,   16,   -8,    6,    7,   -3,   14,   14,   -3,
      -3,   14,   -3,   -3,   16,   -4,    7,   -6,   -4,   -3,   -3,   -5,  -12,  -28,  -18,   -9,
       2,  -12,   -9,  -18,   -8,  -13,    7,    1,  -24,  -23,   -3,  -31,   -8,   -7,   -7,  -23,
      -5,  -21,   -8,   -7,   -7,   -7,   -7,   -8,   -8,   -7,   -7,   -7,   -7,   -8,   -7,   -7,
      -8,    1,    4,   -3,  -31,  -48,   -8,  -40,   -3,   -5,  -28,  -13,  -15,   -6,   -9,    2,
     -11,  -18,   -4,   -4,  -19,  -19,  -32,  -19,   -7,  -11,  -12,   -8,  -32,  -13,   -8,   -7,
      -5,  -12,   -3,   -2,  -32,  -19,   -5,    6,  -13,   -4,  -12,   -3,    4,   -2,    3,    3,
      -6,    3,    9,    6,  -12,    6,    6,   -9,   -9,  -13,   -7,    6,   -3,   -3,   -9,   -9,
      -9,   -9,  -12,    6,  -12,   -9,   -9,   -3,   -9,   -9,  -12,   -9,   -3,   -9,  -12,   -3,
       4,  -14,  -10,   -6,    3,   -2,   -6,   -7,  -12,  -13,  -21,  -11,  -11,  -15,   -6,  -13,
     -12,   -4,  -13,  -18,   -2,   -5,    2,    2,   -3,    3,  -15,    5,   -3,   -8,   -7,   -4,
      -7,   -5,   -7,   -7,   -7,   -7,   -7,    3,    2,   -4,  -14,   -5,   -4,   -3,  -10,   -7,
      -6,   -5,   -4,   -3,   -5,    2,   -6,   -6,  -11,   -3,  -29,  -14,   -6,    3,   -2,   -6,
      -4,   -5,   -4,    2,   -5,   10,   -7,   -8,   -7,   -5,   -7,   -7,   -7,   -7,   -7,  -17,
      -4,   -5,   -5,   -6,  -12,   -4,  -17,   -4,   -3,   -6,   -4,  -17,   -4,   -3,    2,    3,
      -8,    2,    2,    2,    2,    2,   -3,    3,  -11,   -3,  -13,    2,  -15,   -2,   -8,   -7,
     -16,  -21,  -13,   -9,   -2,   -2,    2,   -2,   -2,    2,   -2,   -3,   -2,   -3,   -6,   -7,
      -3,   -2,   -2,   -2,   -2,   -2,    2,   -2,   -2,   -2,   -2,    2,   -3,   -2,   -2,   -2,
      -2,   -2,  -10,   -5,  -21,  -13,  -15,   -9,   -5,   -2,   -8,   -2,  -50,   -7,   -9,  -37,
     -12,    1,  -14,    2,  -14,   -9,    2,  -11,   -5,  -29,  -19,  -24,   -7,  -27,   -8,    2,
      -6,   -8,   -6,   -8,   -7,   -6,   -7,   -5,  -10,  -10,  -15,   -2,  -15,   -7,    2,   -5,
     -11,  -11,   -7,   -7,   -7,   -7,   -6,   -8,   -6,   -7,   -7,  -11,   -7,   -6,   -5,   -7,
      -7,   -6,   -7,  -11,   -7,   -6,  -11,   -5,    2,    2,   -7,  -27,  -40,  -11,   -5,   -6,
      -6,  -11,    4,  -28,  -23,  -10,   -7,   -2,  -23,  -26,  -17,   -6,   -9,  -11,  -12,  -12,
      -7,   -5,   -2,  -13,   -9,   -2,  -14,  -23,  -21,  -22,  -10,   -3,   -4,   -4,   -4,   -6,
      -4,   -6,   -4,   -4,   -5,   -9,  -13,  -10,   -6,   -9,   -9,   -6,   -6,   -6,   -6,   -3,
      -4,   -3,   -6,   -6,   -9,   -6,   -4,   -4,   -6,   -6,   -3,   -6,   -9,   -6,   -3,   -9,
      -2,  -14,  -11,  -21,  -22,  -27,  -14,  -11,   -3,   -8,  -21,  -13,   -9,   -2,   -3,   -5,
      -7,  -11,   -3,   -5,   -6,   -4,   -5,   -7,  -10,  -12,   -4,   -8,  -12,  -17,  -12,  -12,
      -9,   -9,   -9,   -9,  -10,   -6,   -9,   -5,  -10,   -9,  -11,   -9,   -9,   -9,  -15,  -12,
      -9,  -12,  -15,   -9,   -9,  -10,  -11,   -9,  -12,   -9,   -9,  -12,   -4,  -10,   -6,  -17,
     -12,  -14,  -16,  -12,  -12,  -17,  -10,  -11,  -10,   -3,   -2,   -8,  -12,  -12,  -14,  -16,
     -12,   -6,   -4,   -4,   -7,   -6,   -7,  -10,   -8,   -8,   -6,   -4,   -4,   -4,   -6,   -6,
      -6,   -4,   -4,   -4,   -7,   -6,   -4,   -6,   -4,   -4,   -6,  -12,  -16,  -12,  -17,   -6,
      -8,   -6,  -11,  -16,   -8,  -13,   -8,   -4,  -36,   -6,  -15,   -8,  -25,   -9,   -4,   -5,
     -10,   -5,   -8,  -15,   -2,   -3,   -2,   -3,   -3,   -3,  -11,   -4,   -4,   -4,   -8,   -3,
      -8,   -9,   -9,   -3,   -3,   -1,   -2,  -15,   -2,  -15,   -1,   -3,   -9,   -3,   -3,  -11,
      -8,   -2,  -15,   -3,   -9,   -2,  -15,   -9,   -4,  -24,  -10,   -5,   -5,  -15,  -23,  -10,
      -8,   -7,  -11,   -8,   -2,   -4,  -15,  -13,  -16,   -4,   -4,   -4,   -4,   -9,   -8,   -6,
      -5,   -4,    3,   -4,   -5,  -13,  -16,  -13,   -8,   -6,   -5,   -2,  -11,   -7,   -2,  -10,
     -14,   -9,   -5,   -5,    2,    2,   -4,   -7,   -9,   -7,    2,    3,   -5,    2,   -5,    2,
      -4,   -5,    2,   -5,   -4,  -14,   -9,   -9,   -7,   -6,   -5,  -14,   -9,  -12,   -7,   -6,
     -16,   -2,   -5,  -14,   -5,   -8,   -4,    2,   -2,    2,   -2,   -2,   -2,   -7,   -3,   -4,
      -8,  -12,   -7,   -6,   -2,   -2,   -2,   -2,    3,   -4,    2,   -4,   -2,   -2,   -2,   -2,
      -7,   -6,   -2,   -4,   -2,   -2,   -4,   -2,  -10,  -14,   -5,   -4,   -8,  -14,  -12,   -6,
      -7,   -3,   -8,   -8,  -32,   -2,   -7,   -7,  -21,   -7,  -11,   -4,  -13,  -15,   -9,  -10,
     -10,  -10,   -8,   -3,   -7,   -3,   -7,  -12,  -10,  -10,  -13,   -9,   -4,  -11,  -11,   -7,
      -7,  -11,   -9,   -8,   -8,  -11,   -7,  -11,   -7,   -3,  -12,   -4,   -7,   -8,  -12,  -11,
      -7,   -8,  -11,   -4,   -2,    2,  -10,  -10,  -10,   -8,   -6,   -8,    1,   -9,   -2,  -20,
     -18,  -20,  -15,  -22,  -23,  -21,   -9,  -13,   -3,  -11,   -4,   -4,  -22,  -13,  -29,   -5,
     -30,   -4,   -4,   -5,   -5,   -5,   -8,   -5,  -14,   -4,  -16,   -5,   -5,   -5,   -5,   -4,
      -4,   -5,   -5,   -5,   -5,   -5,   -4,   -5,   -5,   -4,   -4,   -5,  -30,   -4,   -5,   -4,
     -11,    2,   -4,  -46,  -10,   -9,   -3,   -5,   -3,  -16,   -6,   -5,   -3,   -5,  -11,  -15,
     -14,   -8,   -2,   -5,   -4,   -2,   -4,   -3,   -2,   -3,   -4,   -4,   -4,   -1,   -5,   -2,
      -6,   -2,   -6,   -6,   -3,   -3,   -3,   -3,   -5,   -4,   -5,   -3,   -3,   -6,   -3,   -2,
      -4,   -6,   -3,   -5,   -3,   -6,   -3,   -5,   -6,   -5,  -19,  -13,  -15,  -14,  -11,  -11,
      -9,   -5,  -17,   -3,  -15,   -5,   -3,  -11,   -3,   15,  -13,   21,  -15,   -2,   -8,   21,
      -7,  -16,  -21,  -13,   -9,   14,   24,   -2,   -3,    2,   -3,   -2,    2,   -2,   -3,   -2,
      -3,   -6,   -7,   -2,    6,   14,   -2,   -2,   -2,   -2,    1,   12,   -2,   -2,   -2,   -2,
       2,   -3,   -2,   -2,   -2,   -2,   -2,   21,  -10,   -5,  -21,  -13,  -15,   -9,   -5,   -2,
      -8,   -2,  -50,   -7,   -5,   -4,   -3,  -11,   -6,  -18,   -9,  -20,   -4,   -7,   -2,   -4,
      -2,   -4,   -5,   -5,   -9,   -5,   -8,   -3,   -3,   -4,   -4,   -4,   -4,   -7,   -7,   -4,
      -4,   -3,   -4,   -2,   -4,   -7,   -4,   -3,   -4,   -7,   -3,   -9,  -20,   -8,   -7,   -9,
      -5,   -5,    2,   -8,  -26,  -24,   -9,   -8,   -4,   -9,  -26,   -7,   -5,   -5,   -3,   -5,
     -12,   -5,  -10,  -15,   -1,   -5,   -1,   -6,   -5,   -6,  -14,   -4,   -5,   -4,  -11,  -11,
      -7,   -7,   -6,   -6,   -2,   -7,  -15,   -1,  -15,   -3,   -6,   -7,   -6,   -5,  -14,  -11,
      -6,  -15,  -10,   -7,  -11,  -15,   -7,   -5,  -28,  -20,  -12,   -5,   -4,  -11,  -15,  -15,
     -18,  -46,  -11,   -7,  -17,   -9,   -7,   -1,  -16,  -37,  -19,  -16,  -12,  -17,   -2,  -32,
     -24,  -11,   -5,   -4,   -4,    2,   -8,    2,  -10,   -2,  -20,   -1,   -9,   -1,  -15,   -9,
     -15,  -22,  -12,  -16,  -11,  -25,  -15,  -24,   -3,  -11,  -11,  -15,  -26,  -12,   -9,  -20,
      -1,  -20,  -10,  -16,  -11,  -16,   -9,  -22,  -24,  -26,  -20,  -12,  -11,  -14,  -20,  -11,
      -5,  -28,  -20,  -23,    2,   -3,  -13,  -18,  -20,  -15,  -18,  -24,  -14,  -17,  -22,  -25,
      11,   -8,  -25,  -15,  -17,  -23,  -15,  -32,  -18,  -14,  -35,  -11,   -7,   -4,  -20,  -13,
     -25,   -8,   -5,   -5,   -4,    2,   -7,    2,   -8,  -22,    1,   -4,   -9,   -4,   -9,  -22,
     -11,  -15,  -16,  -21,  -14,  -16,   -8,   -8,   -9,  -17,   -5,   -4,  -22,  -22,   -4,  -11,
      -8,  -12,   -3,  -22,  -16,  -12,  -22,   -6,   -8,   -7,  -22,   -8,   -5,  -27,   -7,    2,
     -22,  -23,  -17,    4,  -42,  -21,  -22,  -25,  -13,   -8,   -9,   -9,   -7,   -9,   -7,   -9,
     -11,   -9,   -3,   -4,   -4,   -6,   -7,   -7,   -8,   -7,  -10,   -7,   -7,   -4,   -4,   -4,
      -5,   -3,   -3,   -4,   -4,   -7,   -4,   -6,   -4,   -3,   -4,   -7,   -4,   -3,   -7,  -11,
      -9,   -3,  -11,   -7,   -9,   15,    6,   40,  -18,    2,    2,   11,    5,    8,   20,    8,
      20,    8,   20,   40,    5,    9,    2,   -4,   -5,   -8,   -4,   -4,  -11,  -22,    6,    9,
      19,    6,    6,    3,   19,    6,    6,   12,   12,    5,   12,   12,    5,   12,   12,   12,
      -3,  -21,    2,   -5,   -9,   -4,   -9,   -5,  -19,   -6,   -4,  -16,   -5,  -17,   -9,   -2,
      -2,    3,   -8,  -10,   -8,    3,    3,    3,    3,    3,   -4,   -7,  -12,   -6,   -8,   -3,
     -10,   -8,    2,   -2,   -4,   -3,   -7,   -3,   -6,   -7,   -2,   -7,   -4,   -2,   -4,   -5,
      -7,  -10,   -5,   -4,   -4,   -4,   -4,   -6,   -7,   -6,   -4,   -4,   -4,   -2,   -4,   -4,
      -6,   -4,   -4,   -6,   -6,    2,   -8,   -6,  -10,    2,  -13,   -2,    6,   -4,    6,    2,
       2,    2,    2,   -6,   -6,   -5,    3,    2,    2,    3,   -9,   -6,   -4,   -6,  -12,   -9,
      -8,   -7,  -10,   -7,   -7,  -12,   -4,   -8,    9,   13,   33,    6,   -5,   -8,   -2,   10,
      13,   44,   -2,   13,    3,   13,    2,    3,    2,    3,    2,    4,   -5,    5,    8,    3,
       8,   16,   -2,   13,   -2,   11,    6,    8,    3,    9,    7,   14,    1,   25,    8,   -2,
      -5,    3,    6,    6,   -7,  -10,   -5,   -3,    6,   -3,    2,  -10,   -4,   -5,   -5,  -17,
       2,   -4,   -7,   -7,  -10,   -5,   -3,   -5,   -8,   -3,   -8,   -8,   -5,   -5,   -2,   -2,
      -2,   -6,   -8,   -8,   -8,   -8,  -10,   -5,  -10,   -8,   -8,   -8,   -3,   -8,   -6,   -8,
     -10,   -8,   -8,  -10,  -10,   -2,    2,   -4,   -4,   -5,   -2,   -2,   -6,   -7,   -2,    9,
      14,    2,   14,    6,  -11,  -10,   -2,    2,    2,    2,    2,    6,    2,    2,    2,   14,
       2,    2,    2,  -10,   -2,   -2,  -23,   -6,   -2,   -3,   -5,   -3,    2,   -3,    2,    2,
       2,   -3,    4,   -3,    6,   -7,    2,    2,    2,    2,   -5,   -3,   -5,    2,    2,    2,
       2,    2,   -3,    2,   -5,    2,    2,   -5,   -5,   -1,  -11,    3,   -6,   -8,   -3,   -2,
      -1,   -5,  -15,  -10,   -6,  -10,   -2,   -7,   -3,   -2,   -3,   -2,   -3,   -3,   -4,   -2,
      -7,   -3,   -7,   -2,   -3,   -7,   -7,   -7,   -4,    7,   -1,   -6,   -2,   -7,   -4,   -1,
      -1,   -4,   -1,   -1,   -1,   -5,    3,  -17,   -4,   -7,   -5,   -2,   -5,  -23,   -5,   -4,
      -5,   -6,   -2,    1,   -2,    1,   -7,    3,    2,    7,   -2,    6,   -3,   -6,   -2,   -6,
       1,   -7,   -3,   -6,   -6,   -6,    4,   -2,    3,    3,    3,   -5,   -2,   -2,   -3,   -6,
      -6,   -5,   -2,   -3,   -6,    6,    2,   11,   -3,    3,    6,    5,    9,    5,    9,    5,
       9,   11,    2,    2,   -9,   -7,   -3,   -8,   -3,   -4,  -11,   -3,   -8,   -6,   -5,   -2,
     -11,    3,   -7,   -2,  -10,  -14,   -9,   -5,    6,   -5,    2,    2,   -4,   -7,   -9,   -7,
       7,    2,    3,   -5,    2,   -5,    2,   -4,   -5,    2,   -5,    3,   -4,  -14,   -9,   -9,
      -7,   -6,   -5,  -14,   -9,  -12,   -2,   -2,   -3,   -2,   -3,   -3,   -3,   -2,   -3,   -9,
      -9,   -7,   -4,   -3,   -3,   -3,   -3,   -2,   -2,   -2,   -3,   -3,   -3,   -3,   -2,   -4,
      -3,   -2,   -3,   -3,   -2,   -2,   -9,   -3,   -7,   -3,   -6,   -7,   -7,   -4,   -4,   -5,
      -7,  -10,   -5,   -4,   -4,   -4,   -4,   -6,   -7,   -6,   -4,   -4,   -4,   -4,   -4,   -6,
      -4,   -4,   -6,   -6,    2,   -8,   -6,  -10,    2,  -13,   -2,    6,   -4,    6,    2,    2,
       2,    2,   -6,   -6,   -5,    4,    5,    2,    3,    2,    5,    2,   -9,   -6,   -4,  -13,
      -2,    6,   -4,    6,    8,    2,    8,    2,   -6,   -6,   -5,    3,    3,   10,    8,    6,
       2,    5,    2,    5,   11,    2,   -9,   -6,   -4,  -13,   -2,    6,   -4,    6,    5,    2,
       5,    2,   -6,   -6,   -5,    4,    6,    5,    5,    2,    2,    6,    4,   -9,   -6,   -4,
     -13,   -2,    6,   -4,    6,    8,    2,    8,    2,   -6,   -6,   -5,    3,    1,    8,   10,
       8,    8,    2,    5,    2,    4,   10,    5,   -9,   -6,   -4,   -9,  -37,  -12,    1,  -14,
       2,  -14,   -9,    2,  -11,   -7,  -29,  -19,  -24,   -7,  -27,   -8,    2,   -6,   -8,   -6,
      -8,   -7,   -6,   -7,   -5,  -10,  -10,  -15,   -2,  -15,   -7,    2,   -5,  -11,  -11,   -7,
      -7,   -7,   -7,   -6,   -8,   -6,   -7,   -7,  -11,   -7,   -6,   -5,   -7,   -7,   -6,   -7,
     -11,   -7,   -6,  -11,   -7,    2,    2,   -7,  -27,  -40,  -11,   -5,   -6,   -6,  -11,    4,
     -28,  -23,  -10,   -7,   -2,  -23,  -26,  -17,   -6,   -9,  -11,   -3,   -7,   -3,   -6,  -12,
      -2,  -12,   -4,   -2,   -4,   -5,   -7,  -10,   -5,   -4,   -4,   -4,   -4,   -6,  -12,   -6,
      -4,   -4,   -4,   -2,   -4,   -4,   -6,   -4,   -4,   -6,   -6,    2,   -8,   -6,  -10,    2,
      18,   19,   21,   15,   21,   26,   21,    5,   26,   18,   26,   14,   18,   14,   15,   14,
      12,   12,   14,   12,   21,   14,   14,   14,   14,    5,   26,   14,   14,   14,   14,   18,
      20,   14,   24,   14,    5,   14,   14,    5,    5,   12,   -2,   -2,  -10,   -6,   -6,   -2,
       5,    3,   -6,   -3,   -2,   -8,  -12,    4,  -12,  -14,  -16,  -12,   -6,   -4,   -4,   -7,
      -6,   -7,  -10,   -8,   -8,   -6,   -4,   -4,   -4,   -6,   -6,   -6,   -4,   -4,   -4,   -7,
      -6,   -4,   -6,   -4,   -4,   -6,    4,  -12,  -16,  -12,  -17,   -6,   -8,   -6,  -11,  -16,
      -8,  -13,   -8,  -13,   -2,    6,   -4,    6,    8,    2,    8,    2,   -6,   -6,   -5,    5,
       4,    9,    8,    6,    4,    6,    8,    6,   18,    3,   -9,   -6,   -4,  -13,   -2,    6,
      -4,    6,    2,    2,    2,    2,   -6,   -6,   -5,    3,    5,    2,    4,    2,    2,   10,
       2,   -9,   -6,   -4,  -13,   -2,    6,   -4,    6,    2,    2,    2,    2,   -6,   -6,   -5,
       4,    5,    8,    2,    6,    2,    8,    2,    7,   17,    2,   -9,   -6,   -4,  -13,   -2,
       6,   -4,    6,    2,    8,    2,    8,   -6,   -6,   -5,    3,    2,    8,    3,   -9,   -6,
      -4,    3,    5,    6,    5,    6,   -7,  -10,   -5,   -3,    5,    6,   -3,    2,  -10,    2,
       2,    2,    2,    5,    5,    5,    2,    5,    5,    5,    5,    5,    5,    3,    3,    3,
      -5,   -7,  -10,   -6,  -10,    4,    9,    6,    9,    9,   -7,    4,    4,   -3,   -3,   -4,
      -2,    9,   -7,    4,   -7,   -3,    2,   -7,   -7,   -7,   -4,   -7,   -1,  -16,  -37,  -19,
     -16,  -12,  -17,   -2,  -29,  -24,  -11,   -5,   -4,   -4,    2,   -8,    2,  -10,   -2,  -20,
      -1,   -9,   -1,  -15,   -9,  -15,  -22,  -12,  -16,  -11,  -25,  -15,  -24,   -3,  -11,  -11,
     -15,  -26,  -12,   -9,  -20,   -1,  -20,  -10,  -16,  -11,  -16,   -9,  -22,  -24,  -26,  -20,
     -12,  -11,  -14,  -20,  -11,   -5,  -28,  -20,  -23,    2,   -3,  -13,  -18,  -20,  -15,  -18,
     -24,  -14,  -17,  -22,  -25,   11,   -8,  -25,  -15,  -17,  -23,  -15,  -29,  -18,   -2,   -7,
     -13,  -18,  -19,   -9,    2,    2,   -7,   -3,    2,  -18,  -19,  -18,   -7,    3,    2,    3,
       2,    2,    2,    2,    2,    2,    2,    2,    2,    2,    3,    2,    2,    2,    2,    2,
       2,    2,    2,    2,    2,    2,    6,    6,    3,    3,    6,    2,    2,    6,    6,    6,
       6,    6,    6,    5,    6,    6,    3,    2,    2,    6,    6,    6,    6,    6,    6,    6,
       6,    6,    2,    6,    6,    6,    3,    3,  -13,   -2,    6,   -4,    6,    6,    2,    6,
       2,   -6,   -6,   -5,    2,    2,    7,    6,    4,    2,    4,    2,    5,   14,    2,   -9,
      -6,   -4,  -13,   -2,    6,   -4,    6,    2,    2,    2,    2,   -6,   -6,   -5,    4,    7,
       2,    5,    2,    2,    5,    5,   -9,   -6,   -4,  -13,   -2,    6,   -4,    6,    7,    2,
       7,    2,   -6,   -6,   -5,    1,    7,    9,    7,    7,    3,    2,    2,    2,    8,    8,
      -9,   -6,   -4,  -12,  -12,   -7,   -5,   -2,  -13,   -9,   -2,  -30,  -23,  -21,  -22,  -10,
      -3,   -4,   -4,   -4,   -6,   -4,   -6,   -4,   -4,   -5,   -9,  -13,  -10,   -6,   -9,   -9,
      -6,   -6,   -6,   -6,   -3,   -4,   -3,   -6,   -6,   -9,   -6,   -4,   -4,   -6,   -6,   -3,
      -6,   -9,   -6,   -3,   -9,   -2,  -14,  -11,  -21,  -22,  -27,  -14,  -11,   -3,   -8,  -21,
     -13,   -9,   -2,   -3,    2,   -5,  -41,  -31,  -23,  -10,  -10,   -2,  -16,  -40,  -11,   -4,
       2,  -12,   -2,   -3,  -25,    2,   -4,    2,   -7,   -4,   -7,  -19,   -4,   -7,   -4,   -9,
      -5,   -5,  -11,  -11,   -7,   -7,   -7,   -7,  -25,    2,  -25,   -7,   -7,  -11,   -7,   -4,
     -19,   -7,  -25,   -7,  -11,   -7,  -25,  -11,  -34,  -26,  -31,   -2,   -7,  -12,  -21,  -25,
     -13,  -13,  -21,   -7,   -5,  -13,  -26,    3,  -12,  -17,   -4,   -8,  -25,  -13,  -16,  -13,
      -6,   -5,   -2,  -11,   -7,   -2,  -10,  -14,   -9,   -5,   -5,    2,    2,   -4,   -7,   -9,
      -7,    2,    3,   -5,    2,   -5,    2,   -4,   -5,    2,   -5,    7,   -4,  -14,   -9,   -9,
      -7,   -6,   -5,  -14,   -9,  -12,   -2,  -11,    4,   -6,   -2,   -6,   -8,   -5,   -5,   -6,
      -2,   -4,  -12,  -14,   -9,   -3,   -5,   -5,   -6,   -3,   -5,   -5,    4,   -8,   -5,   -5,
     -11,  -12,   -9,  -15,  -14,  -11,    5,   -8,  -14,  -11,   -2,  -12,   -2,  -16,   -7,   -5,
      -2,  -15,   -7,   -1,  -21,  -18,  -29,   -5,   -7,   -7,   -7,   -7,   -7,   -1,   -8,   -8,
     -18,  -29,  -30,  -10,  -18,   -2,  -21,  -12,  -13,   -2,  -12,  -23,  -17,  -33,  -16,  -31,
      -5,   -3,   -3,   -9,  -17,  -17,  -12,  -12,   -3,   -3,   -3,   -3,   -5,   -5,   -3,   -3,
     -12,   -3,   -9,   -3,   -5,   -3,  -12,   -3,   -5,  -12,   -2,    2,  -16,  -31,  -33,  -16,
      -5,   -2,    2,  -27,  -22,  -12,  -16,  -22,  -14,  -13,   -2,   -7,   -1,  -16,  -37,  -19,
     -16,  -12,  -17,   -2,  -15,  -24,  -11,   -5,   -4,   -4,    2,   -8,    2,  -10,   -2,  -20,
      -1,   -9,   -1,  -15,   -9,  -15,  -22,  -12,  -16,  -11,  -25,  -15,  -24,   -3,  -11,  -11,
     -15,  -26,  -12,   -9,  -20,   -1,  -20,  -10,  -16,  -11,  -16,   -9,  -22,  -24,  -26,  -20,
     -12,  -11,  -14,  -20,  -11,   -5,  -28,  -20,  -23,    2,   -3,  -13,  -18,  -20,  -15,  -18,
     -24,  -14,  -17,  -22,  -25,   11,   -8,  -25,  -15,  -17,  -23,  -15,  -29,  -18,  -12,  -12,
      -7,   -5,   -2,  -13,   -9,   -2,  -32,  -23,  -21,  -22,  -10,   -3,   -4,   -4,   -4,   -6,
      -4,   -6,   -4,   -4,   -5,   -9,  -13,  -10,   -6,   -9,   -9,   -6,   -6,   -6,   -6,   -3,
      -4,   -3,   -6,   -6,   -9,   -6,   -4,   -4,   -6,   -6,   -3,   -6,   -9,   -6,   -3,   -9,
      -2,  -14,  -11,  -21,  -22,  -27,  -14,  -11,   -3,   -8,  -21,  -13,   -9,   -2,   -3,    2,
      -5,  -41,  -31,  -23,  -10,  -10,   -2,  -16,  -40,  -11,   -4,    2,  -12,   -2,   -3,  -25,
       2,   -4,    2,   -7,   -4,   -7,  -19,   -4,   -7,   -4,  -19,   -5,   -5,  -11,  -11,   -7,
      -7,   -7,   -7,  -25,    2,  -25,   -7,   -7,  -11,   -7,   -4,  -19,   -7,  -25,   -7,  -11,
      -7,  -25,  -11,  -34,  -26,  -31,   -2,   -7,  -12,  -21,  -25,  -13,  -13,  -21,   -7,   -5,
     -13,  -26,    3,  -12,  -47,   -4,   -8,  -25,  -13,  -16,  -13,   -7,    7,    2,    7,   -5,
      -2,   -7,   -4,   -3,    8,  -15,  -17,   -9,  -12,    5,  -12,   12,   12,  -18,    3,   -3,
      -3,  -12,  -12,   -3,   12,  -12,   -3,  -12,   -3,    8,   -3,    3,   -9,  -24,  -18,   -5,
      -4,  -12,    3,   -9,  -17,  -10,   -7,    3,  -11,   -3,  -13,    2,  -15,   -2,   -8,   -7,
     -16,  -21,  -27,   -9,   -2,   -2,    2,   -2,   -2,    2,   -2,   -3,   -2,   -3,   -6,   -7,
      -3,   -2,   -2,   -2,   -2,   -2,    2,   -2,   -2,   -2,   -2,    2,   -3,   -2,   -2,   -2,
      -2,   -2,  -10,   -5,  -21,  -27,  -15,   -9,   -5,   -2,   -8,   -2,  -50,   -7,  -11,   -3,
     -13,    2,  -15,   -2,   -8,   -7,  -16,  -21,  -13,   -9,   -2,   -2,    2,   -2,   -2,    2,
      -2,   -3,   -2,   -3,   -6,   -7,   -3,   -2,   -2,   -2,   -2,   -2,    2,   -2,   -2,   -2,
      -2,    2,   -3,   -2,   -2,   -2,   -2,   -2,  -10,   -5,  -21,  -13,  -15,   -9,   -5,   -2,
      -8,   -5,   -2,  -50,   -7,  -10,   -5,   -2,   -2,   -2,   -9,   -7,   -2,   -2,   -2,   -2,
      -2,   -2,   -2,   -2,   -2,   -2,   -5,   -7,  -12,   -7,   -6,   -9,  -11,   -5,    7,    2,
      15,    5,   12,   -4,    2,   23,    2,   -4,   23,   -4,    1,    2,    3,   -4,   -4,   -4,
      -4,   -4,    2,   -4,   -4,   -4,   -4,   23,   -4,   -4,   -4,   -4,   -4,   -4,    2,   -5,
       5,  -12,   -9,   -4,    2,    1,  -14,  -14,    2,   -8,    7,    2,   15,    5,   12,   -4,
       2,    9,    2,   -4,    9,   -4,    1,    3,    3,   -4,   -4,   -4,   -4,   -4,    2,   -4,
      -4,   -4,   -4,    9,   -4,   -4,   -4,   -4,   -4,   -4,    2,   -5,    5,  -12,   -9,   -4,
       2,    1,  -14,  -14,    2,   -5,   -3,  -12,    6,   -2,   -3,   -4,   -4,   -3,   -8,  -12,
      -4,   -4,   -4,   -4,   -3,   -3,   -4,   -4,   -4,   -3,   -4,   -3,   -4,   -4,   -3,   -3,
      -8,   -4,  -15,  -11,   -3,   -8,  -13,   -8,  -13,   -2,    6,   -4,    6,    8,    2,    8,
       2,   -6,   -6,   -5,    8,    2,   -9,   11,   -6,   -4,   -7,   -3,   -8,   -8,  -32,   -2,
      -7,   -7,  -50,   -7,  -11,   -4,  -47,  -15,   -9,  -10,  -54,  -10,   -8,   -3,   -7,   -3,
      -7,  -12,  -10,  -10,  -13,   -9,   -4,  -11,  -11,   -7,   -7,  -11,   -9,   -8,   -8,  -11,
      -7,  -11,   -7,   -3,  -12,   -4,   -7,   -8,  -12,  -11,   -7,   -8,  -11,   -4,   -2,    2,
     -10,  -54,  -55,   -8,   -6,   -8,    1,   -9,   -2,  -20,  -18,  -20,  -15,  -22,  -23,  -50,
      -9,  -23,    2,    2,    2,    2,    2,    2,  -12,  -26,  -29,  -11,  -20,  -44,   -5,    2,
     -13,    6,    6,   -9,   -9,  -17,   -7,  -10,  -21,  -15,   -5,   -5,   -9,   -9,   -9,   -9,
     -13,    6,  -13,   -9,   -9,   -5,   -9,  -17,   -9,  -13,   -9,   -5,   -9,  -13,   -6,  -25,
     -18,  -12,    2,   -7,  -20,  -30,  -21,  -17,  -24,  -19,  -15,  -12,  -17,    9,  -21,  -21,
     -20,  -17,   -2,   -2,  -23,   -6,   -2,   -3,   -5,   -3,    2,   -3,    1,    2,    1,   -3,
       4,   -3,    6,   -7,    1,    1,    1,    1,   -5,   -3,   -5,    1,    1,    1,    2,    2,
      -3,    1,   -5,    1,    1,   -5,   -5,   -1,  -22,    3,   -6,   -8,   -3,   -2,   -1,  -21,
     -12,  -13,   -2,  -12,  -23,  -17,  -61,  -16,  -31,   -5,   -3,   -3,   -9,  -17,  -17,  -12,
     -12,   -3,   -3,   -3,   -3,   -5,   -5,   -3,   -3,  -12,   -3,   -9,   -3,   -5,   -3,  -12,
      -3,   -5,  -12,   -2,    2,  -16,  -31,  -62,  -16,   -5,   -2,    2,  -27,  -22,  -12,  -16,
     -22,  -14,  -13,   -2,   -7,    7,    2,    7,   -5,   -2,  -28,   -4,  -10,   18,  -15,  -17,
      -9,  -12,    5,  -12,   23,   23,  -18,    3,  -10,  -10,  -12,  -12,  -10,   23,  -12,  -10,
     -12,  -10,   17,   -3,    3,   -9,  -24,  -41,   -5,   -4,  -12,    3,   -9,  -17,  -10,  -28,
       3,   -7,    7,    2,    7,   -5,   -2,  -30,   -4,  -13,    8,  -15,  -17,   -9,  -12,    5,
     -12,   21,   22,  -18,   -1,   -1,    3,  -13,  -13,  -12,  -12,  -13,   21,  -12,  -13,  -12,
     -13,    8,   -3,    3,   -9,  -24,  -18,   -5,   -4,  -15,   -5,    1,  -21,   -9,    3,  -17,
     -10,  -30,    1,   -4,   -5,   -5,  -17,    2,   -4,   -7,   -7,  -10,   -5,    7,   -5,   -8,
       7,   -8,   -8,   -5,   -5,  -13,   -2,   -2,   -6,   -8,   -8,   -8,   -8,  -10,   -5,  -10,
      -8,   -8,   -8,    7,   -8,   -6,   -8,  -10,   -8,   -8,  -10,  -10,   -2,    6,   -4,   -4,
      -5,   -2,   -2,   -6,   -7,    1,    7,   -1,   11,   -3,   11,   -3,   -3,   -6,   -2,  -12,
      -4,   -3,   -3,   -3,   -3,   -1,   -1,   -3,   -3,   -3,   11,   -4,   -3,   -1,   -3,   -3,
      -1,   -1,  -11,    3,  -17,   -4,   -7,   -5,   -2,   -8,  -11,   -3,  -13,    2,  -15,   -2,
      -8,   -7,  -16,  -21,  -13,   -9,   -2,   -2,    2,   -2,   -2,    2,   -2,   -3,   -2,   -3,
      -6,   -7,   -3,   -2,   -2,   -2,   -2,   -2,    2,   -2,   -2,   -2,   -2,    2,   -3,   -2,
      -2,   -2,   -2,   -2,  -10,   -5,  -21,  -13,  -43,   -9,   -5,   -2,   -8,   -2,  -50,   -7,
      -7,    7,    2,    7,   -5,   -2,  -29,   -4,   -3,    8,  -15,  -17,   -9,  -12,    5,  -12,
      12,   12,  -18,    3,   -3,   -3,  -12,  -12,   -3,   12,  -12,   -3,  -12,   -3,    8,   -3,
       3,   -9,  -24,  -18,   -5,   -4,  -12,    3,   -9,  -17,  -10,  -29,    3,   -4,   -5,   -5,
     -17,    2,   -4,   -7,   -7,  -10,   -5,   11,   -5,   -8,   11,   -8,   -8,   -5,   -5,   -2,
      -2,   -2,   -6,   -8,   -8,   -8,   -8,  -10,   -5,  -10,   -8,   -8,   -8,   11,   -8,   -6,
      -8,  -10,   -8,   -8,  -10,  -10,   -2,    5,   -4,   -4,   -5,   -2,   -2,   -6,   -7,    1,
     -17,   -7,   -3,   -8,   -8,  -32,   -2,   -7,   -7,  -21,   -7,  -11,   -1,  -13,  -15,   -9,
     -10,  -10,  -10,   -8,   -2,   -7,   -2,   -7,  -12,  -10,  -10,  -13,   -9,   -4,  -11,  -11,
      -7,   -7,  -11,   -9,   -8,   -8,  -11,   -7,  -11,   -7,   -2,  -12,   -4,   -7,   -8,  -12,
     -11,   -7,   -8,  -11,   -1,   -2,    2,  -10,  -10,  -10,   -8,   -6,   -8,    1,   -9,   -2,
     -20,  -18,  -20,  -15,  -22,  -23,  -21,   -9,    6,    7,    7,    7,   -7,   -3,   -8,   -8,
     -32,   -2,   -7,   -7,  -41,   -7,  -11,  -13,  -15,  -16,  -10,  -18,  -10,   -8,    1,   -7,
       1,   -7,  -12,  -10,  -10,  -13,   -9,   -4,  -11,  -11,   -7,   -7,  -11,   -9,   -8,   -8,
     -11,   -7,  -11,   -7,    1,  -12,   -4,   -7,   -8,  -12,  -11,   -7,   -8,  -11,   -2,    2,
     -10,  -18,  -18,   -8,   -6,   -8,    1,   -9,   -2,  -20,  -18,  -20,  -15,  -22,  -23,  -41,
      -9,   -4,   -5,   -5,  -17,    2,   -4,   -7,   -7,  -10,   -5,    1,   -5,   -8,    1,   -8,
      -8,   -5,   -5,   -2,   -2,   -2,   -6,   -8,   -8,   -8,   -8,  -10,   -5,  -10,   -8,   -8,
      -8,    1,   -8,   -6,   -8,  -10,   -8,   -8,  -10,  -10,   -2,    2,   -4,   -4,   -5,   -2,
      -2,   -6,   -7,   -2,   -9,  -37,  -12,    1,  -14,    2,  -14,   -9,    2,  -11,   -5,  -29,
     -19,  -24,   -7,  -27,   -8,    2,   -6,   -8,   -6,   -8,   -7,   -6,   -7,   -5,  -10,  -10,
     -15,   -2,  -15,   -7,    2,   -5,  -11,  -11,   -7,   -7,   -7,   -7,   -6,   -8,   -6,   -7,
      -7,  -19,   -7,   -6,   -5,   -7,   -7,   -6,   -7,  -11,   -7,   -6,  -11,   -5,    2,    2,
      -7,  -27,  -40,  -11,   -5,   -6,   -6,  -11,    4,  -28,  -23,  -10,   -7,   -2,  -23,  -26,
     -17,   -6,   -9,  -11,  -13,   -2,    6,   -4,    6,    2,    2,    2,    2,   -6,   -6,   -5,
       3,    4,    2,    2,    9,   -9,   -6,   -4,   -2,   -7,  -26,  -18,  -19,   -9,   -7,   -3,
     -18,  -19,  -18,   -7,    2,    2,    2,    2,    2,    6,    6,    3,    3,    6,    2,    2,
       2,  -23,   -5,   -4,   -5,   -6,   -7,   14,   -7,    2,   14,    2,   -7,    3,    2,    7,
      -2,    6,   -3,    2,    2,    2,    2,   -6,   -6,    2,    2,    2,   14,   -7,   -3,    2,
      -6,    2,    2,   -6,   -6,    4,   -2,    3,    3,    3,   -5,   -5,   -2,
};

static const EpdLigaturePair bitter_10_italicLigaturePairs[] = {
    { 0x00660069, 0xFB01 }, // f i -> U+FB01
    { 0x0066006C, 0xFB02 }, // f l -> U+FB02
};

static constexpr EpdFontData bitter_10_italic = {
    bitter_10_italicBitmaps,
    bitter_10_italicGlyphs,
    bitter_10_italicIntervals,
    68,
    25,
    20,
    -6,
    true,
    bitter_10_italicGroups,
    16,
    nullptr,
    nullptr,  // kernLeftClasses: built-in fonts use split arrays
    nullptr,  // kernRightClasses
    bitter_10_italicKernLeftCodepoints,
    bitter_10_italicKernLeftClassIds,
    bitter_10_italicKernRightCodepoints,
    bitter_10_italicKernRightClassIds,
    nullptr,  // kernMatrix: built-in fonts use sparse rows
    bitter_10_italicKernRowOffsets,
    bitter_10_italicKernSparseCols,
    bitter_10_italicKernSparseValues,
    705,
    701,
    133,
    108,
    bitter_10_italicLigaturePairs,
    2,
};
