/**
 * generated by fontconvert.py
 * name: bitter_20_regular
 * size: 20
 * mode: 2-bit  compressed: true
 * Command used: fontconvert.py bitter_20_regular 20 ../builtinFonts/source/Bitter/Bitter-Regular.ttf ../builtinFonts/source/ChareInk7/ChareInk7-Regular.ttf ../builtinFonts/source/NotoSymbols/NotoSansSymbols-Regular.ttf ../builtinFonts/source/NotoSansCJKsc/NotoSansCJKsc-Regular.otf --additional-intervals 0x03BB,0x03BB --additional-intervals 0x0410,0x0414 --additional-intervals 0x0418,0x0418 --additional-intervals 0x041B,0x041B --additional-intervals 0x041D,0x0423 --additional-intervals 0x0425,0x0425 --additional-intervals 0x0427,0x0427 --additional-intervals 0x042B,0x042C --additional-intervals 0x042E,0x0432 --additional-intervals 0x0434,0x0435 --additional-intervals 0x0437,0x0437 --additional-intervals 0x043A,0x043A --additional-intervals 0x043D,0x043E --additional-intervals 0x0440,0x0440 --additional-intervals 0x0442,0x0442 --additional-intervals 0x0446,0x0446 --additional-intervals 0x044C,0x044C --additional-intervals 0x044E,0x044E --additional-intervals 0x2113,0x2113 --additional-intervals 0x2669,0x266F --additional-intervals 0x4F1A,0x4F1A --additional-intervals 0x53BB,0x53BB --additional-intervals 0x5458,0x5458 --additional-intervals 0x59DA,0x59DA --additional-intervals 0x5B98,0x5B98 --additional-intervals 0x5BA4,0x5BA4 --additional-intervals 0x5E26,0x5E26 --additional-intervals 0x6211,0x6211 --additional-intervals 0x62C9,0x62C9 --additional-intervals 0x653E,0x653E --additional-intervals 0x6746,0x677F --additional-intervals 0x7532,0x7532 --additional-intervals 0x7684,0x7684 --additional-intervals 0x8BAE,0x8BAE --additional-intervals 0x8BF7,0x8BF7 --additional-intervals 0x91CA,0x91CA --font-include-intervals 1:0x03BB,0x03BB --font-include-intervals 1:0x0410,0x0414 --font-include-intervals 1:0x0418,0x0418 --font-include-intervals 1:0x041B,0x041B --font-include-intervals 1:0x041D,0x0423 --font-include-intervals 1:0x0425,0x0425 --font-include-intervals 1:0x0427,0x0427 --font-include-intervals 1:0x042B,0x042C --font-include-intervals 1:0x042E,0x0432 --font-include-intervals 1:0x0434,0x0435 --font-include-intervals 1:0x0437,0x0437 --font-include-intervals 1:0x043A,0x043A --font-include-intervals 1:0x043D,0x043E --font-include-intervals 1:0x0440,0x0440 --font-include-intervals 1:0x0442,0x0442 --font-include-intervals 1:0x0446,0x0446 --font-include-intervals 1:0x044C,0x044C --font-include-intervals 1:0x044E,0x044E --font-include-intervals 1:0x2113,0x2113 --font-include-intervals 2:0x2669,0x266F --font-include-intervals 3:0x4F1A,0x4F1A --font-include-intervals 3:0x53BB,0x53BB --font-include-intervals 3:0x5458,0x5458 --font-include-intervals 3:0x59DA,0x59DA --font-include-intervals 3:0x5B98,0x5B98 --font-include-intervals 3:0x5BA4,0x5BA4 --font-include-intervals 3:0x5E26,0x5E26 --font-include-intervals 3:0x6211,0x6211 --font-include-intervals 3:0x62C9,0x62C9 --font-include-intervals 3:0x653E,0x653E --font-include-intervals 3:0x6746,0x677F --font-include-intervals 3:0x7532,0x7532 --font-include-intervals 3:0x7684,0x7684 --font-include-intervals 3:0x8BAE,0x8BAE --font-include-intervals 3:0x8BF7,0x8BF7 --font-include-intervals 3:0x91CA,0x91CA --2bit --compress --pnum --darken-aa --zopfli
 */
#pragma once
#include "EpdFontData.h"

static const uint8_t bitter_20_regularBitmaps[46525] = {
    0xC5, 0x5A, 0x01, 0xA4, 0x27, 0x49, 0x7A, 0xFF, 0xBA, 0x3B, 0x33, 0x7D, 0xB6, 0x49, 0x0D, 0x66,
    0xE3, 0xEE, 0x0D, 0x69, 0x38, 0xB8, 0x9B, 0x24, 0x0D, 0x00, 0x71, 0xD5, 0x72, 0x38, 0x04, 0x19,
    0xEC, 0x08, 0xBB, 0x08, 0x5C, 0xC8, 0x2E, 0x4C, 0x00, 0xE0, 0xAE, 0xFF, 0x11, 0x1C, 0x82, 0x4C,
    0x48, 0x02, 0x90, 0xC1, 0x5C, 0xEC, 0xBC, 0xC5, 0x42, 0xB0, 0xB8, 0x9D, 0x2A, 0xBB, 0x38, 0x04,
    0xD7, 0x71, 0x24, 0x08, 0xD2, 0x64, 0x22, 0x31, 0x87, 0xAB, 0x64, 0x7B, 0xA5, 0xDE, 0x6C, 0x75,
    0x7F, 0x57, 0xBF, 0xEF, 0xEB, 0xFF, 0xFB, 0xFF, 0xDF, 0xBC, 0xD9, 0xDD, 0xD9, 0xDD, 0xD9, 0xBD,
    0x7E, 0x5D, 0xBF, 0x5F, 0xF5, 0xEB, 0xAA, 0xAA, 0xAF, 0xBE, 0xAF, 0xAA, 0xEA, 0xAB, 0xEA, 0x3F,
    0xD1, 0xE0, 0xF7, 0x7F, 0xF6, 0xE9, 0xBF, 0xDD, 0xE1, 0xEF, 0x84, 0xF6, 0x57, 0xD7, 0x3B, 0xCF,
    0x93, 0x1B, 0xAD, 0xBF, 0x82, 0x47, 0xAE, 0x12, 0x57, 0x51, 0xEF, 0x15, 0xF7, 0xFC, 0x10, 0x77,
    0x78, 0x37, 0xDF, 0x65, 0xB8, 0x4E, 0xB7, 0xCE, 0x33, 0xAE, 0x64, 0x42, 0xA6, 0x45, 0xA8, 0xC8,
    0x34, 0x65, 0x4A, 0x64, 0x46, 0xA2, 0x32, 0x51, 0x9B, 0xA9, 0x4A, 0xD4, 0xF9, 0x3D, 0xD5, 0x8C,
    0xCB, 0x37, 0x17, 0x88, 0xEA, 0x40, 0xB6, 0x27, 0x6A, 0x02, 0x0D, 0x1B, 0x11, 0xA1, 0x40, 0x07,
    0x9A, 0x88, 0x41, 0x23, 0x08, 0x05, 0xAE, 0x20, 0x0F, 0xFA, 0xB6, 0x7B, 0x7C, 0xCA, 0x0F, 0xC8,
    0xA2, 0x90, 0x75, 0x4F, 0x64, 0x77, 0xB9, 0xAA, 0x4C, 0xFD, 0x9E, 0x62, 0xA6, 0x81, 0x84, 0x1C,
    0xD5, 0xB3, 0x12, 0x84, 0x66, 0x54, 0x75, 0xDE, 0x04, 0xFA, 0x16, 0x60, 0xF8, 0x18, 0xB8, 0x81,
    0xA2, 0x99, 0x39, 0xA2, 0x05, 0xA9, 0xE5, 0xBF, 0xB9, 0x93, 0x6C, 0xC8, 0x4D, 0x1C, 0x7C, 0x6E,
    0xAE, 0x13, 0xD8, 0x11, 0x21, 0x46, 0xF7, 0xDD, 0x88, 0x8A, 0x51, 0x5F, 0xC7, 0x3B, 0x22, 0x83,
    0xAC, 0x25, 0x73, 0xC4, 0x33, 0xEF, 0xA8, 0x70, 0x1C, 0x88, 0xAE, 0x72, 0x42, 0x82, 0x25, 0x43,
    0x8D, 0x26, 0x55, 0x78, 0x2E, 0x15, 0x96, 0xFC, 0xB8, 0xAE, 0xF9, 0xC5, 0xC2, 0x44, 0x5D, 0xE2,
    0x27, 0xAF, 0x72, 0x10, 0x4D, 0x0D, 0xCC, 0x2B, 0xF2, 0xDF, 0xFD, 0x04, 0x49, 0xE9, 0x87, 0x94,
    0x55, 0x73, 0x8F, 0xA8, 0x78, 0x93, 0x2A, 0x5E, 0x45, 0xF3, 0x86, 0xD9, 0xA3, 0xB1, 0xD6, 0xB7,
    0x23, 0x74, 0x68, 0xF5, 0x81, 0x1C, 0x55, 0xA2, 0xE5, 0x95, 0xAA, 0x99, 0x16, 0xE5, 0x2A, 0x29,
    0x37, 0x41, 0x38, 0x98, 0x49, 0x15, 0x96, 0x93, 0xE7, 0x7C, 0x66, 0x72, 0x94, 0x79, 0xEC, 0x3C,
    0x84, 0x36, 0xCC, 0xDF, 0x4D, 0x24, 0x22, 0x8B, 0x46, 0xE9, 0xA4, 0x37, 0xD3, 0x4B, 0x6F, 0x22,
    0x66, 0x3D, 0xA3, 0xF1, 0x34, 0x54, 0xCC, 0xA2, 0x65, 0x33, 0xD7, 0x11, 0x9D, 0xC2, 0xF8, 0x32,
    0x67, 0xA9, 0xE7, 0xCE, 0x53, 0x82, 0x79, 0xED, 0x0E, 0x35, 0x77, 0x5E, 0x79, 0xE8, 0x95, 0x57,
    0xCA, 0x9C, 0xA8, 0x44, 0xAF, 0x29, 0x12, 0xCC, 0x66, 0xC6, 0x2A, 0xA2, 0x37, 0x18, 0x48, 0x96,
    0x33, 0x57, 0xCC, 0xA3, 0x74, 0x1B, 0xC7, 0x3D, 0xBD, 0x4E, 0x59, 0xA3, 0x59, 0x2B, 0xC5, 0xE9,
    0x7D, 0xD4, 0xC9, 0x3C, 0x43, 0xE3, 0xBC, 0x50, 0xC3, 0x4F, 0x32, 0xB6, 0x0B, 0xFA, 0xA6, 0x0D,
    0x44, 0x19, 0x27, 0xA2, 0x44, 0x76, 0x54, 0x14, 0x51, 0x27, 0x60, 0x17, 0x80, 0x26, 0x01, 0x6B,
    0xDE, 0x81, 0x18, 0x17, 0xB5, 0xC0, 0x02, 0xB0, 0x36, 0x59, 0xF3, 0xCE, 0xB7, 0x11, 0x03, 0xCC,
    0x4E, 0x40, 0xE7, 0x81, 0xAC, 0xB8, 0xDB, 0xC7, 0x9D, 0x20, 0xEF, 0xD0, 0x13, 0xB8, 0xB7, 0x33,
    0x55, 0x4C, 0x76, 0xED, 0xBB, 0x05, 0x1A, 0x63, 0x3C, 0x32, 0x8F, 0x90, 0x13, 0x4A, 0xA4, 0xD7,
    0xFB, 0xAD, 0xAE, 0x75, 0x7D, 0xF8, 0xF0, 0xDD, 0x77, 0xAF, 0x13, 0xF5, 0x44, 0x33, 0xEC, 0xD6,
    0x44, 0x32, 0x01, 0x52, 0x0E, 0x9E, 0xB8, 0x2F, 0x98, 0xAA, 0x65, 0xFF, 0xEF, 0x19, 0x6F, 0xDA,
    0x40, 0xDD, 0x84, 0xF7, 0xB8, 0xFD, 0xB3, 0xEE, 0x11, 0x09, 0xBA, 0x09, 0x29, 0x4D, 0x40, 0xAE,
    0x3A, 0xA1, 0x84, 0x5C, 0x4E, 0xC1, 0x90, 0x8D, 0x06, 0x49, 0x64, 0x02, 0x0A, 0x85, 0xE9, 0x31,
    0x3E, 0x0A, 0xA2, 0x8E, 0x90, 0xBD, 0x9B, 0xF0, 0xA6, 0x7E, 0x3A, 0x3D, 0xB2, 0x1C, 0x4A, 0x6C,
    0x22, 0x6E, 0x2D, 0xF7, 0xF2, 0x5D, 0x8B, 0xB8, 0xDA, 0x10, 0x95, 0x58, 0x65, 0x75, 0x3B, 0x62,
    0x94, 0x29, 0x49, 0xF0, 0xA6, 0x93, 0x7F, 0xB7, 0x24, 0x57, 0xED, 0x89, 0x1A, 0x0D, 0x88, 0xFF,
    0xDE, 0xF7, 0xDE, 0x0B, 0x96, 0x39, 0x76, 0xAB, 0x7B, 0x44, 0xBF, 0xFD, 0x4F, 0x44, 0xDD, 0x4C,
    0xF4, 0x6E, 0xA2, 0x22, 0x59, 0xAA, 0x42, 0xEB, 0xCB, 0xC9, 0xF4, 0xD4, 0x13, 0x3A, 0xBE, 0xA0,
    0x7D, 0x7E, 0xDC, 0x91, 0xCE, 0x1C, 0xBB, 0x63, 0xD4, 0xB7, 0x9F, 0x05, 0x4F, 0x20, 0xF4, 0x68,
    0xE6, 0x2E, 0xB6, 0xC9, 0xC4, 0x3A, 0xD4, 0xC1, 0x8C, 0xED, 0xCE, 0xD2, 0xEF, 0x13, 0x3A, 0x28,
    0xEF, 0x30, 0x7A, 0x11, 0xDE, 0x38, 0x3D, 0xED, 0x3B, 0x62, 0x8F, 0xBF, 0x61, 0xF7, 0x1B, 0x50,
    0xF6, 0x7D, 0xC2, 0xE8, 0xC3, 0x48, 0x94, 0x69, 0xA9, 0x99, 0x88, 0x8C, 0xD7, 0xD0, 0x6D, 0x92,
    0xD8, 0x6D, 0x6C, 0xBF, 0x9B, 0x43, 0xD2, 0x50, 0xC6, 0xA3, 0x6C, 0xC8, 0x32, 0x6A, 0x96, 0x76,
    0x9F, 0x8D, 0x10, 0x74, 0x36, 0x58, 0x34, 0x4B, 0xB1, 0xCF, 0x16, 0x34, 0x34, 0xCF, 0xCE, 0x86,
    0x89, 0x10, 0x2D, 0xC2, 0x48, 0x6A, 0x98, 0x27, 0x19, 0x4F, 0x49, 0xC6, 0x13, 0xF7, 0x35, 0xEF,
    0x6A, 0xF6, 0x66, 0x21, 0x72, 0x13, 0x8C, 0x60, 0x03, 0x46, 0x55, 0x1B, 0x07, 0x94, 0x23, 0xD3,
    0x5F, 0xB3, 0x21, 0x7F, 0x0C, 0xBA, 0x0D, 0x91, 0x5E, 0x72, 0x45, 0x94, 0xD0, 0x05, 0x2D, 0x0D,
    0x25, 0x63, 0x61, 0xD8, 0xE5, 0x1B, 0x35, 0xAE, 0xA2, 0xBE, 0x28, 0x92, 0xEC, 0x20, 0x15, 0xA6,
    0x3E, 0x7A, 0x19, 0x7A, 0xC3, 0x73, 0x03, 0x18, 0x32, 0x54, 0x78, 0xDD, 0x01, 0xEC, 0x8C, 0xD8,
    0x2E, 0xC3, 0xD7, 0x08, 0x6F, 0xBF, 0x00, 0x94, 0x8E, 0xD7, 0xBE, 0x81, 0xD9, 0x04, 0xE8, 0xEA,
    0x69, 0x4F, 0x37, 0x30, 0xAB, 0x38, 0x3C, 0x02, 0x82, 0xBB, 0x4B, 0x2E, 0x3A, 0xA2, 0x36, 0x39,
    0x34, 0x28, 0x6B, 0xBB, 0x51, 0x20, 0x3C, 0x02, 0xE2, 0x7E, 0x6E, 0x71, 0x58, 0x13, 0x55, 0x68,
    0xD8, 0x06, 0x06, 0x61, 0x58, 0x80, 0x7B, 0xA2, 0x21, 0x3F, 0x55, 0x78, 0xEA, 0xF0, 0x8E, 0xD7,
    0xD3, 0xD3, 0x07, 0x7C, 0xF1, 0xA2, 0xE2, 0xF4, 0x16, 0x5D, 0x85, 0x42, 0x3A, 0x4C, 0x1E, 0x80,
    0x80, 0x21, 0x93, 0x3A, 0x9F, 0x2B, 0x6A, 0x77, 0x54, 0x2F, 0x19, 0xAA, 0xC5, 0xF4, 0x19, 0x08,
    0xB3, 0x7E, 0x86, 0x1A, 0x60, 0xE6, 0x0C, 0xC3, 0x44, 0xAD, 0xAA, 0x68, 0xBF, 0x0C, 0x9D, 0x9C,
    0x72, 0x80, 0x68, 0x92, 0x4E, 0x72, 0x70, 0x86, 0x12, 0x50, 0xEC, 0x41, 0x1F, 0xAB, 0xF5, 0xEB,
    0x68, 0x8C, 0x7D, 0x44, 0x2E, 0x5A, 0xA9, 0x37, 0xC3, 0x4E, 0x57, 0xB4, 0x2B, 0x0F, 0x08, 0xD7,
    0x6F, 0xDE, 0x07, 0x76, 0x0B, 0x70, 0x10, 0x64, 0x60, 0x29, 0x58, 0x0B, 0x9A, 0x0F, 0x80, 0xDD,
    0x7F, 0x02, 0x87, 0xF7, 0x81, 0x0C, 0x41, 0xCB, 0x15, 0x58, 0x27, 0xA0, 0x09, 0xC0, 0x6E, 0x02,
    0x0E, 0x1E, 0xC8, 0x7D, 0xC6, 0x72, 0xA5, 0x8C, 0x3A, 0x0B, 0x99, 0x19, 0xD8, 0x4D, 0xC0, 0x81,
    0x71, 0x29, 0xDA, 0x23, 0x24, 0xC2, 0xDB, 0x4F, 0x43, 0x30, 0x16, 0xF4, 0x23, 0x58, 0x6F, 0xDF,
    0xBE, 0x25, 0xEF, 0x14, 0xD2, 0x05, 0xA8, 0x0F, 0xB0, 0x3E, 0xC8, 0xC0, 0x7C, 0x46, 0x0D, 0x14,
    0x51, 0x67, 0x08, 0xD0, 0x17, 0x2C, 0xDD, 0x22, 0x41, 0xB3, 0x22, 0x93, 0x00, 0x6F, 0xA0, 0x8F,
    0x35, 0xC0, 0xA4, 0xAF, 0x11, 0xEC, 0xF6, 0xA8, 0xE4, 0x00, 0x81, 0x47, 0x40, 0xAF, 0xEA, 0x2C,
    0x44, 0x9D, 0xC5, 0xA9, 0x2C, 0xF0, 0xBC, 0x20, 0x2F, 0xD0, 0x60, 0x00, 0x92, 0x55, 0xC5, 0x8E,
    0x52, 0x64, 0xAF, 0xC5, 0x49, 0x79, 0x82, 0xF3, 0x61, 0x11, 0xB3, 0x8A, 0xD3, 0xC9, 0x59, 0xC6,
    0x7F, 0x65, 0x9E, 0x44, 0x55, 0x29, 0xE3, 0x63, 0xC7, 0xB0, 0x4F, 0xC5, 0x3B, 0x0C, 0x3D, 0xF6,
    0x03, 0x16, 0x2B, 0x41, 0x3B, 0xDA, 0x11, 0x79, 0xEC, 0x24, 0x18, 0x64, 0x91, 0x0F, 0x78, 0x6B,
    0xA2, 0x0C, 0xC9, 0x6C, 0x07, 0xEE, 0x73, 0xC6, 0x16, 0xD3, 0xB6, 0xCA, 0x23, 0xED, 0x6E, 0x58,
    0x64, 0x39, 0x51, 0x9F, 0x70, 0x5B, 0xC8, 0x8E, 0xE0, 0xF6, 0xED, 0xD7, 0x96, 0x05, 0x23, 0x22,
    0x61, 0x30, 0x24, 0xC8, 0xF8, 0xCE, 0x26, 0x22, 0x64, 0x20, 0xF6, 0x80, 0xDD, 0xBE, 0xAF, 0x01,
    0xD0, 0x1D, 0xB5, 0x59, 0xAD, 0x8E, 0x1E, 0x5D, 0xA4, 0x21, 0xCC, 0x96, 0xA1, 0xE0, 0xFE, 0x58,
    0xAF, 0x87, 0xE1, 0x86, 0x59, 0x64, 0x2B, 0x7C, 0xD2, 0xB4, 0xFB, 0x4B, 0x74, 0xDA, 0x89, 0xB0,
    0x0C, 0x95, 0x54, 0xFC, 0x98, 0x23, 0x99, 0x05, 0x77, 0x1B, 0xF2, 0x23, 0xAA, 0x28, 0x32, 0x42,
    0x31, 0x8A, 0xDB, 0x7F, 0xBA, 0x19, 0xB5, 0x98, 0x05, 0xD5, 0xD4, 0x3C, 0x0E, 0x41, 0x14, 0xB0,
    0x43, 0x69, 0xA8, 0xD2, 0x22, 0x5E, 0xF2, 0x5F, 0xF1, 0x8C, 0x04, 0x43, 0x42, 0x69, 0x35, 0x4A,
    0x40, 0x8B, 0x06, 0xF5, 0x03, 0x9E, 0xC6, 0x7E, 0x18, 0xA5, 0xAE, 0x80, 0x92, 0xBB, 0x05, 0xA3,
    0xB0, 0x91, 0x6E, 0x54, 0x66, 0xF4, 0x28, 0x59, 0x6C, 0x7D, 0x1B, 0x40, 0x6F, 0xF4, 0x22, 0xF9,
    0xAA, 0xCA, 0x1D, 0xA5, 0xDB, 0xCE, 0x64, 0x18, 0xB9, 0xBA, 0x88, 0x5E, 0x60, 0x91, 0x51, 0xD4,
    0xB9, 0x95, 0xEF, 0x81, 0x4E, 0x70, 0xD8, 0x70, 0x98, 0xC4, 0xC8, 0x30, 0xE9, 0xD8, 0xC1, 0x31,
    0x1A, 0x4D, 0xD6, 0x00, 0xFB, 0x8A, 0xA5, 0x4A, 0xC7, 0x31, 0xA7, 0xBB, 0xFA, 0x80, 0x32, 0xAA,
    0x41, 0x80, 0xBD, 0xCE, 0x01, 0xAA, 0x67, 0x55, 0xB4, 0x58, 0x05, 0xE8, 0x02, 0xFE, 0xC1, 0xEA,
    0xD4, 0x13, 0x30, 0x0A, 0x22, 0xE7, 0xAB, 0x50, 0xF6, 0xF1, 0x3A, 0x77, 0xF9, 0x3A, 0x7E, 0xDB,
    0x8C, 0x5D, 0xB0, 0xB1, 0x9B, 0x4D, 0x28, 0xFA, 0xCB, 0x29, 0x9B, 0x9D, 0x0D, 0xF8, 0xEB, 0x82,
    0x99, 0x8C, 0x6F, 0xBD, 0xA5, 0x1F, 0xD0, 0x3B, 0x74, 0x8D, 0x70, 0x01, 0x6B, 0x31, 0xF7, 0x8C,
    0xCA, 0x33, 0x0C, 0xDC, 0x6B, 0xC4, 0xE5, 0x48, 0xC3, 0x68, 0xAF, 0x68, 0x4E, 0xBB, 0x03, 0x60,
    0x11, 0x75, 0xCA, 0x6C, 0xBC, 0x22, 0x8A, 0x57, 0x85, 0x44, 0x5B, 0xE4, 0x23, 0x07, 0x68, 0x50,
    0x28, 0xDD, 0x03, 0xA8, 0x83, 0x70, 0x00, 0x7A, 0xE6, 0x75, 0x39, 0xDD, 0xD7, 0xD5, 0xC1, 0x00,
    0xC8, 0xA4, 0x87, 0x7A, 0x6A, 0x74, 0x40, 0x9D, 0x85, 0x0B, 0x07, 0x19, 0x1A, 0xE9, 0x43, 0x77,
    0x00, 0x9D, 0xEE, 0x00, 0x74, 0x41, 0x6B, 0x38, 0x6A, 0x13, 0x5A, 0x7E, 0x44, 0x34, 0x40, 0x3A,
    0xF1, 0x56, 0x7F, 0x57, 0xBB, 0xC4, 0x7D, 0x99, 0xC4, 0x07, 0xE6, 0x60, 0x1F, 0x73, 0xFA, 0x26,
    0xB5, 0x49, 0x27, 0xA7, 0x6A, 0x0B, 0x8D, 0x8C, 0x36, 0x1D, 0x0A, 0x62, 0x22, 0xB5, 0x9A, 0x76,
    0x91, 0x1C, 0xB0, 0x59, 0xD3, 0x40, 0x08, 0xF7, 0xE9, 0xF2, 0xF5, 0x43, 0xED, 0x06, 0x05, 0xFB,
    0x1C, 0x34, 0x0F, 0x5D, 0x3F, 0x4E, 0x50, 0x32, 0x44, 0x83, 0xB8, 0x62, 0xF4, 0x8A, 0xD7, 0xB7,
    0xA0, 0xBF, 0x76, 0xD1, 0x60, 0x47, 0x1D, 0xA7, 0x4C, 0x22, 0x7B, 0xA5, 0xD3, 0x54, 0xA8, 0x67,
    0x18, 0xA4, 0x89, 0x26, 0x34, 0xCC, 0xF9, 0xBF, 0xED, 0xD8, 0x3C, 0x71, 0xA1, 0x5C, 0x3A, 0x5F,
    0x50, 0x1D, 0x69, 0xB5, 0x28, 0x2A, 0x12, 0xDB, 0x5E, 0x5A, 0xE2, 0xF6, 0x3C, 0xE4, 0x56, 0xBF,
    0x25, 0x5C, 0x31, 0x0B, 0x9B, 0xB3, 0x3F, 0x16, 0xEE, 0xBC, 0xA6, 0xB3, 0x99, 0x91, 0x5F, 0x78,
    0x01, 0x9B, 0x54, 0xA6, 0xCE, 0x77, 0x1F, 0x3E, 0x5C, 0x9B, 0xB9, 0x1D, 0x0D, 0x47, 0xE6, 0xD1,
    0x84, 0x8A, 0x7D, 0xC7, 0x7D, 0x33, 0xE7, 0xD6, 0x14, 0xB7, 0x50, 0xB6, 0x5E, 0xDC, 0x2B, 0x0F,
    0x93, 0x72, 0xCB, 0x77, 0x5F, 0x0B, 0xDB, 0x2A, 0x01, 0x46, 0x3B, 0x47, 0x9D, 0x9E, 0xFF, 0x36,
    0x23, 0x22, 0x4F, 0xE5, 0xE0, 0xB0, 0xF1, 0xBC, 0xE9, 0x27, 0x0A, 0x57, 0x1F, 0x69, 0x15, 0xF5,
    0x07, 0x8B, 0x70, 0xF3, 0x7F, 0xAB, 0xB0, 0x99, 0x58, 0x2B, 0xF2, 0x5A, 0xB5, 0xF5, 0x3A, 0xF6,
    0x20, 0x39, 0xD8, 0xA9, 0xC5, 0x89, 0x65, 0x06, 0x84, 0xB1, 0x5A, 0x70, 0x99, 0x60, 0x59, 0x28,
    0x45, 0x87, 0x63, 0x3D, 0x6F, 0xEB, 0x3C, 0x26, 0x13, 0xF0, 0xD6, 0x47, 0xBB, 0x8D, 0x37, 0x97,
    0x56, 0xA7, 0xA2, 0x1C, 0x5C, 0xAF, 0xBE, 0x08, 0xEB, 0xAC, 0x5A, 0xAC, 0xE0, 0x9C, 0x77, 0xD1,
    0xE9, 0xF3, 0x0E, 0x4F, 0x74, 0x55, 0x3C, 0xD6, 0x84, 0xA2, 0xA6, 0x3D, 0x1F, 0xBA, 0xF8, 0x23,
    0x41, 0xA6, 0x9B, 0x40, 0x4F, 0x70, 0x05, 0x42, 0x46, 0xB2, 0x82, 0xED, 0x0C, 0x34, 0xF1, 0x08,
    0x67, 0x60, 0xAB, 0x69, 0x26, 0x20, 0x72, 0x3D, 0x7E, 0x9B, 0x65, 0x3E, 0x9B, 0x05, 0xCF, 0x80,
    0x5A, 0x1A, 0x0D, 0x01, 0x68, 0x12, 0xB0, 0x16, 0xAC, 0xD6, 0x67, 0x63, 0xB3, 0x00, 0x3B, 0xA4,
    0xB9, 0xCA, 0xF3, 0x0D, 0x96, 0xD5, 0x14, 0x48, 0x40, 0x88, 0x0C, 0x97, 0x0D, 0xD3, 0xF5, 0xDA,
    0x6F, 0x5B, 0xAF, 0x21, 0x63, 0x2C, 0x72, 0xA4, 0x8D, 0x15, 0xCA, 0x89, 0x0D, 0x56, 0xD9, 0xD9,
    0x24, 0x20, 0xF4, 0x5C, 0xCE, 0x36, 0x60, 0xE4, 0x63, 0xA8, 0x60, 0x0E, 0x3D, 0x20, 0x7F, 0x22,
    0x3A, 0xC5, 0xF1, 0xD0, 0x21, 0x6C, 0x00, 0x76, 0x11, 0xD8, 0x6A, 0xEF, 0xE7, 0x0C, 0xA1, 0xE2,
    0x91, 0x9A, 0x2C, 0xC3, 0x52, 0xB8, 0x28, 0xF2, 0x4C, 0x90, 0x6D, 0x85, 0x9C, 0x2A, 0xF3, 0xFD,
    0x0B, 0x33, 0x4A, 0x54, 0xE2, 0x9D, 0x2A, 0x3C, 0xC8, 0xA8, 0x74, 0x49, 0xA8, 0x61, 0x10, 0xDC,
    0x4A, 0x10, 0x24, 0x01, 0xD9, 0x49, 0x29, 0x08, 0x75, 0x4A, 0x6A, 0x17, 0x98, 0xE4, 0x79, 0x49,
    0x33, 0xB4, 0x87, 0x52, 0x0E, 0x45, 0x0F, 0xE3, 0x51, 0x7D, 0x95, 0x0A, 0x81, 0x31, 0x0F, 0x3B,
    0x44, 0x52, 0x43, 0x88, 0xD4, 0x2B, 0x09, 0xDD, 0x3D, 0x6E, 0x10, 0x07, 0x45, 0x6D, 0x8E, 0x34,
    0x43, 0xB0, 0x16, 0xAC, 0x14, 0xB5, 0x1E, 0xFA, 0x78, 0x7C, 0x8C, 0xAD, 0x3E, 0xD4, 0x73, 0x84,
    0xB3, 0xBE, 0x7D, 0x0E, 0x2C, 0xB5, 0x96, 0x0B, 0x78, 0xE3, 0x48, 0x36, 0xC5, 0x23, 0x99, 0x47,
    0xC5, 0x9B, 0x82, 0xD2, 0x3F, 0x05, 0x9B, 0x23, 0xAC, 0xC7, 0xE7, 0xAB, 0x5D, 0xE5, 0x04, 0x1E,
    0xCB, 0xFC, 0xF9, 0xF0, 0x06, 0x7A, 0x36, 0x24, 0xF4, 0x1B, 0x4A, 0x9F, 0x87, 0xBA, 0x0B, 0x1D,
    0x01, 0xDB, 0x6C, 0x30, 0x80, 0xC4, 0x47, 0xBD, 0xCA, 0x54, 0x21, 0x9D, 0xD3, 0x7D, 0xC8, 0xA0,
    0x7E, 0x93, 0xDD, 0x3C, 0x27, 0xED, 0xB4, 0xDF, 0x80, 0x9D, 0xB5, 0x3B, 0x2B, 0x79, 0x21, 0xBE,
    0x4C, 0x57, 0x5E, 0x01, 0x39, 0x5E, 0x36, 0x72, 0x1E, 0x32, 0x4D, 0x92, 0x8F, 0x37, 0x1F, 0x4C,
    0xCA, 0x04, 0xCD, 0x42, 0x6D, 0x12, 0x32, 0x0C, 0x52, 0x59, 0x20, 0xD9, 0x59, 0xCE, 0xB7, 0xC9,
    0xA9, 0x52, 0x2F, 0xA8, 0x58, 0x9D, 0xCB, 0xE2, 0x76, 0x7F, 0xBC, 0xCA, 0x22, 0x17, 0xCF, 0x7B,
    0xBE, 0xC9, 0x51, 0xCF, 0xC4, 0x78, 0xA7, 0xEB, 0xDE, 0x17, 0x64, 0x74, 0xAD, 0xD3, 0xB7, 0xC1,
    0xB8, 0x2E, 0xB3, 0xA6, 0x7B, 0x71, 0x7C, 0x83, 0xCF, 0x20, 0xFF, 0xBD, 0xA7, 0xDB, 0xA5, 0x4D,
    0xCD, 0x37, 0x1A, 0xC8, 0xBB, 0x2F, 0x7E, 0xE7, 0x8A, 0xB4, 0xC0, 0x6D, 0xEF, 0x13, 0x11, 0xA0,
    0x39, 0x2C, 0x25, 0x5F, 0x7A, 0xA8, 0x8F, 0xBD, 0x92, 0x99, 0x2C, 0x87, 0x1C, 0x3C, 0xD9, 0x35,
    0x77, 0xA2, 0xA7, 0xAC, 0xCB, 0x1C, 0xCF, 0xF9, 0x06, 0x63, 0x49, 0xBA, 0x4B, 0xDB, 0x62, 0x20,
    0x6C, 0x66, 0xE5, 0x6E, 0x52, 0xB6, 0x5E, 0x99, 0x7B, 0xE1, 0x82, 0x49, 0x18, 0xB5, 0x82, 0x9B,
    0xA8, 0x6C, 0x82, 0xF0, 0x63, 0xED, 0xD4, 0x58, 0x6D, 0x9E, 0xE2, 0xA0, 0xE9, 0xDA, 0x59, 0xB9,
    0x49, 0xCA, 0x15, 0x2B, 0xC3, 0x0B, 0x02, 0x93, 0xF3, 0xCA, 0x36, 0x28, 0xB7, 0x51, 0xB9, 0x59,
    0x94, 0x2B, 0x56, 0x46, 0x06, 0x58, 0x17, 0xC1, 0x32, 0x1F, 0x87, 0x43, 0x6B, 0x77, 0x7B, 0xBC,
    0xC9, 0x67, 0x5A, 0xCF, 0x57, 0x8A, 0x8D, 0x07, 0x9A, 0x4B, 0xD8, 0x7A, 0x99, 0x0E, 0xBD, 0x3D,
    0xC2, 0x23, 0x23, 0xA1, 0xE5, 0x2D, 0x07, 0xAB, 0xDD, 0x14, 0x73, 0x79, 0x22, 0x75, 0x5C, 0x65,
    0xDC, 0xE2, 0x09, 0x8D, 0x2C, 0x34, 0xD2, 0x53, 0xA5, 0x11, 0x78, 0xA2, 0x88, 0x0C, 0x9E, 0xCC,
    0xFF, 0x23, 0x62, 0x03, 0xB5, 0xFF, 0x86, 0x08, 0x0E, 0x06, 0x7F, 0x8A, 0x88, 0x89, 0x34, 0x7C,
    0x0F, 0x91, 0x3A, 0x49, 0x20, 0xAE, 0xD6, 0x22, 0x49, 0xA4, 0xE0, 0x2A, 0x4A, 0x84, 0xF8, 0x47,
    0x41, 0x23, 0xC3, 0xCF, 0x26, 0x8D, 0x58, 0xF6, 0x1A, 0x69, 0x79, 0xA7, 0x11, 0xC3, 0xA4, 0x91,
    0x7A, 0xD5, 0x08, 0xBA, 0xA1, 0x46, 0x8A, 0xFB, 0x5B, 0x84, 0xE8, 0x53, 0x22, 0x37, 0xE0, 0xE2,
    0x62, 0x8C, 0xD8, 0x6D, 0x37, 0x1E, 0xCE, 0x23, 0x17, 0x94, 0xC1, 0x1C, 0x2D, 0x47, 0x61, 0x51,
    0x05, 0xBA, 0xAC, 0x1E, 0xBE, 0x6B, 0xFB, 0x95, 0xBD, 0xB2, 0x9B, 0x94, 0x6D, 0x50, 0x6E, 0xA3,
    0xB2, 0x59, 0x94, 0x2B, 0x56, 0x2E, 0x79, 0x27, 0x4C, 0xEC, 0x95, 0x87, 0xA0, 0xDC, 0xCD, 0xCA,
    0x26, 0x29, 0x37, 0xAB, 0x72, 0xC5, 0xCA, 0x05, 0xBF, 0x2F, 0x4C, 0xEE, 0xE7, 0xCA, 0xF6, 0x03,
    0xE5, 0xEE, 0x23, 0x65, 0xC3, 0xCA, 0xF5, 0xC6, 0xE5, 0xC6, 0xC4, 0x68, 0x72, 0x24, 0xF8, 0x17,
    0xD2, 0x50, 0xBB, 0x71, 0x9B, 0xD4, 0x99, 0xD2, 0x85, 0x65, 0xD9, 0xDC, 0xCC, 0xF1, 0xDC, 0x43,
    0xE1, 0x79, 0x3B, 0x57, 0xA0, 0x9A, 0x65, 0x1C, 0x14, 0xEC, 0x0D, 0xF2, 0xB8, 0x71, 0xDB, 0xBE,
    0x5B, 0xA1, 0x20, 0x0B, 0x4B, 0x17, 0x64, 0x08, 0xB5, 0xB3, 0x90, 0x89, 0xFC, 0xE9, 0xA4, 0x29,
    0x35, 0x43, 0x1B, 0x06, 0x2D, 0xC5, 0x1E, 0x15, 0xED, 0x46, 0x5D, 0x58, 0xBC, 0x81, 0xDA, 0x59,
    0x64, 0xC9, 0xD1, 0x02, 0x53, 0x1C, 0x1A, 0xA4, 0xCB, 0x61, 0x9B, 0x49, 0x3D, 0x42, 0x19, 0xE4,
    0x57, 0x7E, 0x7C, 0xC1, 0xD5, 0x9A, 0x04, 0x57, 0x75, 0xB4, 0x76, 0xE2, 0xCD, 0x8C, 0x07, 0x8F,
    0xB4, 0xBB, 0xEC, 0xD9, 0xA6, 0x23, 0x8C, 0x07, 0xEF, 0xD7, 0x06, 0x20, 0x4F, 0x32, 0xE9, 0x7A,
    0x42, 0x69, 0x47, 0x5E, 0x4A, 0xFF, 0x82, 0x56, 0xF9, 0x1E, 0x04, 0xDF, 0x16, 0x6C, 0xB4, 0x7D,
    0x9B, 0x3D, 0xC4, 0x20, 0x9D, 0x28, 0x62, 0x27, 0xA1, 0x59, 0x45, 0x37, 0x90, 0x55, 0xDC, 0x53,
    0x35, 0x4A, 0xC0, 0x4D, 0x68, 0x18, 0xCC, 0x82, 0x26, 0xA8, 0x9A, 0xD3, 0x39, 0xF3, 0x73, 0xF2,
    0xC5, 0x7C, 0x11, 0x55, 0xC0, 0xBE, 0x5B, 0xF9, 0x41, 0x18, 0x95, 0x6C, 0x36, 0x22, 0x83, 0xA3,
    0xBF, 0xBD, 0x6C, 0xAC, 0xA7, 0x67, 0x4E, 0x64, 0xDB, 0xE6, 0x61, 0xA3, 0x8A, 0x52, 0x4B, 0x89,
    0xA9, 0xDC, 0x24, 0x4C, 0x66, 0x05, 0x22, 0xFB, 0x48, 0x72, 0xB0, 0x60, 0xD7, 0xE2, 0x27, 0xE0,
    0x86, 0x59, 0x5F, 0x69, 0x07, 0x45, 0x19, 0x5B, 0x96, 0xD7, 0x8F, 0x8D, 0x3C, 0x2B, 0x71, 0xAF,
    0x66, 0x1E, 0x75, 0x6A, 0x0F, 0x20, 0x71, 0xD6, 0xD5, 0xA2, 0xA0, 0x46, 0xA9, 0xBE, 0x40, 0x8D,
    0x92, 0x89, 0x9A, 0x41, 0xF3, 0xF1, 0x24, 0x0B, 0x0B, 0x8C, 0xC5, 0x5A, 0xBB, 0x94, 0x8C, 0x7F,
    0xB2, 0x2E, 0x52, 0x26, 0x0A, 0x55, 0x8B, 0x50, 0xC9, 0x42, 0xB8, 0x75, 0x41, 0x11, 0xB2, 0xD3,
    0x71, 0x99, 0x5A, 0x83, 0x7A, 0x08, 0x2B, 0x55, 0x98, 0x82, 0x90, 0x31, 0x80, 0x88, 0x03, 0x0E,
    0x01, 0xA0, 0x5B, 0x34, 0xA8, 0x90, 0x1E, 0x56, 0x0B, 0xA2, 0xCF, 0xAF, 0x52, 0xC6, 0x2A, 0x05,
    0x3E, 0x94, 0xE5, 0x51, 0xF1, 0x07, 0x64, 0x8F, 0x77, 0x26, 0xEB, 0x41, 0x49, 0x35, 0x0A, 0x95,
    0xA1, 0xAD, 0x65, 0x8E, 0x32, 0xEB, 0x45, 0xF4, 0x33, 0x55, 0x66, 0xCB, 0xC0, 0x8A, 0x7B, 0xED,
    0x94, 0xDF, 0x12, 0xFC, 0x8E, 0xA0, 0x55, 0x44, 0x76, 0x1A, 0x90, 0x06, 0xD6, 0xBF, 0x93, 0xC4,
    0x94, 0x33, 0x10, 0x47, 0xE7, 0x5A, 0xB2, 0x1E, 0x17, 0xCB, 0xA5, 0xDE, 0xD4, 0x31, 0xE2, 0xDB,
    0x5C, 0x99, 0x52, 0xC6, 0x42, 0x90, 0x36, 0xFC, 0x3E, 0xF0, 0xFB, 0x04, 0xA4, 0xAF, 0x06, 0xA1,
    0x71, 0x5D, 0x97, 0x27, 0xC5, 0x23, 0xA9, 0xF5, 0x6B, 0xEA, 0x9E, 0xEF, 0xF0, 0xA3, 0xDC, 0xB6,
    0xB5, 0x2F, 0x59, 0xD5, 0xFA, 0xEB, 0xE5, 0xE9, 0x9C, 0x0B, 0x61, 0xF9, 0xFC, 0x78, 0xD8, 0xF9,
    0x23, 0x38, 0xA4, 0xC1, 0x64, 0xB2, 0xA8, 0x49, 0x5B, 0x68, 0xFE, 0xA9, 0x53, 0x0E, 0x9D, 0x58,
    0xDE, 0x00, 0x1D, 0x59, 0x6B, 0x6B, 0x37, 0x1F, 0xB7, 0x5B, 0xCB, 0x6A, 0xB5, 0xDF, 0x52, 0x37,
    0x6A, 0x1D, 0x16, 0xF5, 0xE4, 0x30, 0xEC, 0x54, 0x9D, 0x2A, 0xA3, 0x72, 0x17, 0xF4, 0xC4, 0xC1,
    0x60, 0xCD, 0x03, 0x27, 0x65, 0x9C, 0xAD, 0x46, 0x3D, 0x7A, 0x37, 0x01, 0xCC, 0xC2, 0x68, 0x50,
    0xAB, 0xFE, 0x5A, 0x8F, 0x62, 0x51, 0x91, 0xB2, 0xF3, 0x43, 0x0F, 0xB6, 0x23, 0x93, 0xF0, 0xB4,
    0x0A, 0x77, 0xFF, 0xBB, 0x0D, 0x7E, 0x2C, 0x79, 0xE0, 0x8F, 0xA2, 0x70, 0xC3, 0x41, 0xB8, 0x3A,
    0xE7, 0x49, 0xB8, 0xDC, 0xFB, 0x35, 0xCA, 0x97, 0x2F, 0xFD, 0xF8, 0x05, 0x8E, 0x88, 0x56, 0x1A,
    0xBD, 0xC3, 0x13, 0x46, 0x03, 0x16, 0x7A, 0xBC, 0x6C, 0xB0, 0xA7, 0xDC, 0xD6, 0xD6, 0xFD, 0x32,
    0xDF, 0x6B, 0x54, 0x87, 0x71, 0xCB, 0x23, 0xD5, 0xB3, 0xE8, 0xC5, 0xFE, 0x32, 0x48, 0xDB, 0x6C,
    0x8E, 0xFE, 0xF5, 0x16, 0x1D, 0x69, 0xF8, 0xA3, 0x99, 0xCC, 0x44, 0x70, 0x6A, 0x5D, 0x13, 0xA9,
    0xF3, 0xBA, 0xF5, 0xAE, 0x13, 0xD2, 0x21, 0xD1, 0x52, 0xE5, 0xA8, 0xEC, 0xCB, 0x4B, 0x7C, 0x2D,
    0x41, 0xEB, 0x9B, 0x58, 0xA5, 0x72, 0x25, 0x27, 0xBE, 0x4A, 0xAE, 0x88, 0x89, 0xD1, 0xB2, 0x84,
    0x9D, 0x34, 0xAD, 0xA2, 0xCD, 0x26, 0x90, 0xFB, 0x8B, 0x84, 0x76, 0xAE, 0xB9, 0xF4, 0xE1, 0x3D,
    0x44, 0x0B, 0x36, 0x23, 0xD9, 0xF7, 0xD5, 0x2D, 0xCE, 0x15, 0xD9, 0x9F, 0xCF, 0x44, 0xEA, 0x95,
    0x75, 0xBF, 0x08, 0x88, 0x3A, 0x07, 0xE1, 0x25, 0x6A, 0x79, 0x9B, 0x23, 0x34, 0xDA, 0xA8, 0x9A,
    0xE0, 0xB6, 0xD7, 0x1A, 0xED, 0x92, 0x2E, 0x33, 0x6A, 0x4C, 0x51, 0x8A, 0xDA, 0x57, 0x3B, 0xE1,
    0xE5, 0x4B, 0x8E, 0x2E, 0x8D, 0xFA, 0xC1, 0xC2, 0x27, 0x7C, 0x46, 0x2F, 0x71, 0x24, 0xAC, 0xB3,
    0xF8, 0x30, 0xAC, 0xD3, 0xF0, 0xA1, 0x73, 0x40, 0xE7, 0xCD, 0x4C, 0xB2, 0x62, 0xB4, 0x93, 0xDA,
    0xCA, 0xAA, 0x18, 0xC1, 0x69, 0x89, 0x67, 0x2B, 0x48, 0xFD, 0x9A, 0x23, 0x23, 0x17, 0x3C, 0x0A,
    0x13, 0x4F, 0xDB, 0xFF, 0x67, 0xE1, 0x7A, 0x4B, 0x67, 0xFE, 0x5B, 0xF3, 0xD9, 0xF7, 0x54, 0x6A,
    0xD7, 0xB3, 0x47, 0xB6, 0x55, 0xFA, 0x2B, 0x2A, 0x87, 0x28, 0xA8, 0x5C, 0x3F, 0x47, 0xC0, 0xE6,
    0x48, 0xEE, 0x21, 0x8A, 0xCA, 0xC8, 0xA3, 0x38, 0x89, 0x98, 0xA3, 0x2D, 0x27, 0x69, 0xD3, 0x9E,
    0x0F, 0x1D, 0x08, 0x61, 0x23, 0x78, 0x86, 0x5B, 0xA7, 0x29, 0xE5, 0xC4, 0x44, 0x9A, 0xE8, 0xBC,
    0xB4, 0xD0, 0x4E, 0xB0, 0x34, 0x06, 0x49, 0x37, 0x42, 0x87, 0xA8, 0x09, 0x43, 0xC3, 0xE9, 0xC8,
    0x60, 0x69, 0x52, 0x29, 0xB2, 0xF3, 0x77, 0x23, 0x68, 0xF8, 0x67, 0xB5, 0xD2, 0x7F, 0x4C, 0xA0,
    0x56, 0x4D, 0x62, 0xB4, 0xEE, 0x9A, 0xB5, 0xD1, 0xEB, 0xE7, 0x23, 0xC7, 0x8F, 0x74, 0x01, 0x4E,
    0x07, 0x22, 0xAD, 0x25, 0x5F, 0xF1, 0x02, 0x7A, 0xD8, 0x02, 0xE8, 0xC6, 0x56, 0x36, 0x3E, 0x6D,
    0x0F, 0x55, 0xBD, 0xA4, 0x7D, 0x42, 0xBF, 0xCB, 0xA8, 0x7D, 0xB7, 0x81, 0xA6, 0xDD, 0xA4, 0x39,
    0xFA, 0x82, 0x05, 0x8D, 0x23, 0x3F, 0x11, 0xF2, 0x4B, 0x12, 0x79, 0xB9, 0x00, 0xBB, 0x78, 0x31,
    0xFF, 0x3B, 0x92, 0x3F, 0x49, 0xFE, 0x84, 0xFC, 0x45, 0xB2, 0x33, 0xE1, 0x07, 0x39, 0x90, 0xE7,
    0x02, 0x9E, 0x9E, 0xDE, 0x62, 0x0E, 0xB8, 0x1F, 0xDC, 0x62, 0xA2, 0x2F, 0xFD, 0x7E, 0x7C, 0x4F,
    0xAB, 0xBB, 0x7D, 0xBB, 0x7F, 0x53, 0x8F, 0xD7, 0xC5, 0x7C, 0x16, 0xA1, 0xD7, 0xAF, 0xEC, 0x50,
    0x94, 0x41, 0x98, 0xF4, 0xEB, 0x45, 0x85, 0x00, 0xF1, 0x31, 0x68, 0xA0, 0x0C, 0x84, 0x87, 0x68,
    0xF0, 0x53, 0x19, 0x91, 0x09, 0xA1, 0x79, 0x46, 0x46, 0xFA, 0xD8, 0x8C, 0xFB, 0xDA, 0x46, 0xCD,
    0x58, 0xDE, 0x3D, 0x39, 0xBD, 0xE7, 0x38, 0xE4, 0xFB, 0xB7, 0xDE, 0x0E, 0xD4, 0x7C, 0xE9, 0xF7,
    0x1B, 0x2E, 0x68, 0x75, 0x2F, 0xDF, 0xBE, 0x45, 0xF4, 0x0A, 0x69, 0xCF, 0x57, 0xFB, 0xA2, 0xAB,
    0x6A, 0xB7, 0xB5, 0x3F, 0x9B, 0x88, 0x86, 0x9C, 0x81, 0xB8, 0x8A, 0xD9, 0x92, 0x39, 0x4D, 0x66,
    0x46, 0x11, 0xAE, 0x37, 0x13, 0x59, 0x8C, 0xF9, 0x6E, 0x1A, 0x76, 0x64, 0x02, 0x13, 0xD5, 0xF1,
    0xE5, 0xDB, 0xF9, 0xEA, 0x8F, 0xCF, 0xEB, 0xBE, 0x7D, 0x9A, 0xAF, 0xBB, 0x2F, 0x41, 0xC1, 0xE8,
    0x4E, 0xDD, 0x42, 0x35, 0xBC, 0xAB, 0x80, 0x91, 0x54, 0x06, 0x5D, 0xD5, 0xEE, 0x66, 0x70, 0xBC,
    0xAA, 0x87, 0xE9, 0x05, 0x65, 0xD0, 0x0D, 0x01, 0xE6, 0xE8, 0x32, 0xEA, 0xCF, 0x61, 0x3C, 0x90,
    0xE8, 0x18, 0x5F, 0xFE, 0x93, 0x8C, 0x0E, 0xEB, 0x64, 0xCD, 0xC0, 0x96, 0x4F, 0xDF, 0x0E, 0xA8,
    0xC8, 0x64, 0x1C, 0x05, 0xFD, 0x86, 0x6D, 0xC6, 0x89, 0x1C, 0xDE, 0xD6, 0x1C, 0x30, 0xE3, 0xFD,
    0x42, 0xE6, 0xBA, 0x1F, 0xF1, 0x58, 0x72, 0xAC, 0x79, 0xA4, 0x6F, 0xF4, 0x05, 0x91, 0x3A, 0xB0,
    0xBC, 0x1E, 0xF0, 0x8E, 0x60, 0xF5, 0x7C, 0xF8, 0x06, 0xB0, 0xE1, 0x39, 0xA3, 0xE3, 0x45, 0xD6,
    0x70, 0xEE, 0x2B, 0x9E, 0x4A, 0xF6, 0x18, 0x1F, 0x6E, 0x42, 0x4A, 0x1B, 0x80, 0x9D, 0x60, 0x3B,
    0x03, 0x4D, 0xFC, 0x44, 0x9C, 0x81, 0xED, 0x51, 0x2E, 0x3B, 0x01, 0xD9, 0x67, 0xAC, 0x51, 0x3E,
    0xFC, 0x6C, 0xA0, 0xFE, 0xC8, 0xAA, 0x87, 0x56, 0x6F, 0xD1, 0xF6, 0xE3, 0x8C, 0x06, 0xBE, 0xE3,
    0x20, 0x67, 0xEC, 0x4F, 0x5C, 0xAC, 0x72, 0xF2, 0x88, 0x59, 0x7C, 0x6E, 0xE7, 0x0C, 0x36, 0x50,
    0x31, 0xDB, 0x49, 0x5D, 0x13, 0xF8, 0x25, 0x97, 0x40, 0x5F, 0x68, 0x12, 0xDD, 0x9A, 0x6C, 0xF3,
    0xC3, 0x9F, 0xD7, 0x38, 0x90, 0x41, 0x7D, 0x91, 0x1C, 0xEA, 0x30, 0xBC, 0xE8, 0x6F, 0xA7, 0x70,
    0x5D, 0x01, 0x38, 0x3E, 0x60, 0x27, 0x58, 0x7C, 0x3A, 0x9E, 0xFC, 0x23, 0x8B, 0xD0, 0x19, 0x07,
    0x60, 0xC1, 0xAB, 0x63, 0xCC, 0x4E, 0x05, 0xA3, 0xDE, 0x8C, 0x6D, 0x04, 0xC2, 0x6F, 0x39, 0xFA,
    0x44, 0x7C, 0x40, 0x0F, 0x1C, 0xFC, 0xA5, 0xFF, 0x6B, 0x4A, 0xE4, 0x42, 0x23, 0xB4, 0x34, 0xAC,
    0x63, 0xDC, 0x77, 0xAC, 0x96, 0x7A, 0x04, 0x3F, 0xC2, 0x25, 0xEA, 0xD8, 0x67, 0x2C, 0xEE, 0xCB,
    0xC7, 0x4C, 0xF4, 0xCF, 0x66, 0x93, 0x66, 0x2C, 0xD0, 0xCD, 0x72, 0xA6, 0x16, 0x53, 0x5C, 0x9D,
    0x0C, 0x0C, 0xDD, 0xC1, 0xD9, 0x93, 0xD2, 0x6D, 0x3E, 0xA7, 0x3C, 0xFA, 0xDC, 0x38, 0xE4, 0xC7,
    0x53, 0x7B, 0x59, 0x87, 0x68, 0x80, 0x4E, 0xA3, 0xBF, 0x93, 0x75, 0x78, 0x75, 0x2D, 0xC5, 0x7E,
    0x0E, 0xDD, 0xBE, 0xE5, 0x15, 0x55, 0xF6, 0x9B, 0xED, 0x2A, 0xD4, 0xDB, 0x02, 0xEC, 0xEA, 0xB6,
    0x5F, 0x1A, 0x88, 0x79, 0x2F, 0xFF, 0x28, 0x44, 0xE1, 0x0E, 0x0C, 0xE1, 0xCE, 0x41, 0x5F, 0xBC,
    0x38, 0xE8, 0xF8, 0x7F, 0x60, 0xCF, 0x75, 0x03, 0x2A, 0x64, 0xCB, 0x8B, 0xC6, 0xFA, 0x92, 0x81,
    0x0D, 0x9F, 0xB2, 0x6C, 0xAD, 0xDA, 0x08, 0x03, 0x35, 0x09, 0xAD, 0xAE, 0x32, 0x7A, 0xAC, 0x96,
    0x1B, 0x8E, 0x82, 0x13, 0xD5, 0x49, 0x46, 0x77, 0xC2, 0x6D, 0x75, 0x08, 0xC3, 0x52, 0xD2, 0x81,
    0xF5, 0xC7, 0x17, 0x11, 0xA3, 0x11, 0xD3, 0x29, 0x26, 0x57, 0xA0, 0xF9, 0xF0, 0xF6, 0x2B, 0xFB,
    0xAD, 0x75, 0xBD, 0xEF, 0xF6, 0xA8, 0x11, 0x4E, 0xB4, 0xB7, 0x3B, 0xA8, 0xDA, 0x11, 0x90, 0x0F,
    0xE8, 0xF5, 0xCB, 0x88, 0x3B, 0xEB, 0x5F, 0xE3, 0xDE, 0x4A, 0xAE, 0x26, 0xA3, 0x4C, 0x1D, 0x4F,
    0xF6, 0x43, 0x9E, 0x78, 0x39, 0xA6, 0x3B, 0x4A, 0xD5, 0x67, 0xA1, 0x93, 0x1E, 0xD4, 0x70, 0x04,
    0x0D, 0xCC, 0xB4, 0x09, 0x97, 0x69, 0x2E, 0xE0, 0x78, 0xEA, 0xC6, 0x12, 0x43, 0x57, 0x75, 0xF0,
    0x25, 0x11, 0xBC, 0x19, 0x6C, 0x05, 0x98, 0x83, 0x61, 0xDE, 0x6D, 0x44, 0xEF, 0x50, 0xC5, 0x87,
    0x3B, 0x3F, 0x1E, 0x5F, 0x8E, 0x71, 0x77, 0x4C, 0xE5, 0x67, 0xBC, 0x3B, 0x7E, 0xE4, 0x38, 0xE5,
    0x9B, 0x1A, 0xD9, 0x28, 0xDB, 0x19, 0x77, 0x17, 0xF0, 0x78, 0xB8, 0xAE, 0x55, 0x1C, 0xF2, 0x5D,
    0x72, 0x20, 0xF3, 0x02, 0x6E, 0x9D, 0xCD, 0x0B, 0xF6, 0x68, 0xDE, 0x4A, 0x3C, 0x6D, 0x13, 0x8E,
    0xE5, 0x03, 0xDE, 0x14, 0xA4, 0xE7, 0xC5, 0x6B, 0x19, 0x2D, 0xA7, 0x73, 0xBC, 0x81, 0xF3, 0x42,
    0x75, 0x08, 0x69, 0x3B, 0xBE, 0x0C, 0xC0, 0x6E, 0x02, 0x5A, 0x2F, 0x27, 0x09, 0xC8, 0xCB, 0x47,
    0xF8, 0x77, 0xEC, 0xE5, 0xED, 0x08, 0xEC, 0x02, 0xD0, 0xCC, 0xC0, 0x26, 0x01, 0xAB, 0x15, 0x58,
    0x30, 0x50, 0x4E, 0xA2, 0x22, 0x0D, 0x67, 0xEA, 0x9B, 0x02, 0x5B, 0xCE, 0x5D, 0x91, 0x17, 0xDC,
    0xB9, 0xFB, 0x55, 0x2F, 0xF4, 0xBE, 0xC3, 0x13, 0x73, 0xCC, 0x37, 0x5D, 0xA7, 0x93, 0x1D, 0xE6,
    0x36, 0x72, 0x09, 0x4E, 0xF7, 0x80, 0x4E, 0x99, 0x2C, 0x73, 0x8D, 0x31, 0xD5, 0x2D, 0xCC, 0xFC,
    0x0F, 0xBA, 0x90, 0xC4, 0x82, 0x79, 0xD7, 0x25, 0xD9, 0x8F, 0x0D, 0x89, 0x0C, 0x62, 0xA4, 0xE3,
    0x76, 0x1F, 0xAB, 0x7E, 0x7D, 0xB1, 0x0E, 0x8B, 0xEA, 0x8A, 0xAE, 0xEE, 0x38, 0x36, 0xCC, 0x3D,
    0x73, 0x38, 0xC4, 0xD0, 0xCA, 0xBB, 0xDA, 0xC4, 0x85, 0xB4, 0x7D, 0xBD, 0x36, 0xCE, 0xA3, 0x65,
    0xC4, 0x32, 0x5F, 0xEC, 0xF7, 0xE9, 0xDD, 0x05, 0x6A, 0x5F, 0x30, 0xA9, 0xA4, 0xBD, 0xE3, 0x2C,
    0x0C, 0xFB, 0x8D, 0x74, 0x5D, 0x21, 0x88, 0x2B, 0x2B, 0x0B, 0x96, 0x8F, 0x27, 0xBA, 0x99, 0x35,
    0xEB, 0xB6, 0x32, 0xB5, 0xF2, 0x25, 0x52, 0xBA, 0x91, 0xC7, 0xE2, 0xE1, 0x3C, 0x3A, 0xD6, 0x20,
    0x3B, 0x2D, 0x3B, 0x0E, 0x97, 0x50, 0xDF, 0x6E, 0x29, 0x83, 0xE6, 0x3D, 0x5E, 0xE7, 0xA8, 0x45,
    0x04, 0xC6, 0x25, 0x27, 0x22, 0xE8, 0x6A, 0xA3, 0xCB, 0xCD, 0x35, 0x9C, 0xC9, 0x61, 0xF7, 0x10,
    0x32, 0x3A, 0x4E, 0x58, 0x4A, 0x98, 0xB1, 0x29, 0xAF, 0xE0, 0xBB, 0x40, 0x06, 0xF9, 0x15, 0xE0,
    0x04, 0xB4, 0x01, 0xD8, 0x09, 0xB6, 0x82, 0x66, 0xBE, 0x84, 0xFA, 0xF6, 0x28, 0xA5, 0x9D, 0x80,
    0xCE, 0x03, 0x19, 0xD8, 0xA0, 0xFC, 0x27, 0xBC, 0xA8, 0x54, 0x82, 0xF8, 0xC5, 0x24, 0x2C, 0x87,
    0x34, 0x1F, 0x8F, 0xF5, 0x0A, 0x64, 0x4E, 0xE7, 0x78, 0x7A, 0xFA, 0x26, 0xE1, 0x3A, 0x79, 0x80,
    0xD7, 0xCC, 0xEB, 0x57, 0xEF, 0x3D, 0x40, 0x94, 0xB3, 0x8C, 0x1D, 0xFF, 0x4B, 0xC6, 0xE2, 0xFE,
    0x73, 0xF8, 0x3A, 0xF0, 0xDE, 0x9E, 0xD1, 0x90, 0xEB, 0xD9, 0x24, 0x2E, 0x35, 0xEC, 0xD1, 0x71,
    0x7D, 0xB7, 0xC8, 0xF2, 0x1A, 0x4D, 0x06, 0x0F, 0x20, 0x81, 0x2B, 0xFD, 0x8B, 0x5C, 0xC9, 0xAF,
    0xFE, 0x18, 0x2F, 0x38, 0x62, 0x6D, 0x5D, 0xC8, 0xAE, 0x6F, 0x2D, 0x34, 0x8C, 0xB4, 0x60, 0xF3,
    0x2F, 0x87, 0xE9, 0x3F, 0xD1, 0x4D, 0xA2, 0x13, 0x1F, 0x66, 0xED, 0x51, 0xC0, 0x22, 0x8A, 0x1E,
    0x51, 0x42, 0x44, 0x66, 0x14, 0x63, 0xB6, 0x0A, 0xFE, 0x8C, 0x88, 0x29, 0x01, 0x16, 0x2A, 0x01,
    0xF5, 0x8A, 0xE3, 0xD8, 0x44, 0xB2, 0x72, 0xEB, 0x47, 0xE4, 0x57, 0xC5, 0xCB, 0x11, 0x8F, 0xE6,
    0x52, 0x18, 0x64, 0x34, 0x6B, 0xC0, 0xF3, 0xE7, 0x0A, 0xBA, 0xEC, 0x7F, 0x53, 0xE4, 0xB3, 0x72,
    0x3C, 0x38, 0xC9, 0xC4, 0x87, 0xEB, 0x16, 0x0D, 0x4C, 0xD8, 0x08, 0x38, 0x21, 0x5D, 0xF9, 0xC4,
    0xBA, 0xD4, 0x7E, 0x79, 0xB4, 0x1D, 0x24, 0x3B, 0xD0, 0xD4, 0x70, 0x90, 0x4E, 0xFA, 0xCB, 0x55,
    0x7E, 0x28, 0xFD, 0x87, 0xEC, 0xA9, 0xE1, 0x58, 0x67, 0xCA, 0x43, 0xB1, 0x50, 0x21, 0xE9, 0xFA,
    0xC0, 0x73, 0xC3, 0xAB, 0xE0, 0xD2, 0x71, 0x5F, 0xBA, 0x47, 0xE2, 0x3F, 0xA0, 0x07, 0xE0, 0x38,
    0x2F, 0x23, 0x1C, 0x43, 0x8D, 0x78, 0xD2, 0x57, 0x69, 0xFF, 0xF3, 0xAE, 0x6E, 0xAA, 0x66, 0x8C,
    0xC4, 0x26, 0x64, 0x9C, 0x4D, 0xC6, 0x26, 0x62, 0xD3, 0x59, 0xA5, 0xCE, 0x03, 0xE1, 0x30, 0x95,
    0xAB, 0x95, 0x3E, 0xE8, 0x08, 0xB8, 0x02, 0x5D, 0x02, 0x5A, 0xC5, 0x08, 0xDC, 0x2B, 0xAD, 0x20,
    0x11, 0x29, 0xE0, 0x63, 0x2C, 0xA7, 0x1C, 0x29, 0xD9, 0xE7, 0xC8, 0xCD, 0xB5, 0xAF, 0xD8, 0x97,
    0x6E, 0xC4, 0x62, 0xC3, 0x23, 0xD9, 0x5D, 0x81, 0x9D, 0xC9, 0x44, 0x83, 0x2C, 0x7E, 0x50, 0x33,
    0x22, 0xE6, 0xDF, 0x03, 0x24, 0x74, 0xBD, 0xF9, 0xE9, 0x4C, 0x0B, 0xE4, 0xEF, 0xDE, 0x8F, 0x45,
    0x82, 0xCC, 0xF6, 0x2F, 0x53, 0xA9, 0x91, 0x3F, 0xC0, 0xB9, 0x19, 0x75, 0xE3, 0x40, 0x0B, 0x36,
    0xD3, 0xED, 0xF4, 0x90, 0xD6, 0x1A, 0xF2, 0x87, 0x85, 0xB8, 0x99, 0x10, 0x49, 0x34, 0xA0, 0x15,
    0xCD, 0x87, 0x29, 0x9F, 0xD7, 0xA1, 0x21, 0x4F, 0x62, 0x3E, 0x6F, 0x41, 0x44, 0x2C, 0xB9, 0xD3,
    0x48, 0xCB, 0x3D, 0xFA, 0xE2, 0xA4, 0x9D, 0x92, 0x78, 0xDC, 0x47, 0xBC, 0x9E, 0x72, 0x1C, 0xB7,
    0x8B, 0xAE, 0x59, 0x86, 0xE3, 0x02, 0xC4, 0xEF, 0x96, 0xFA, 0x92, 0xFB, 0xED, 0x83, 0xF5, 0x30,
    0x9A, 0x19, 0x96, 0xEB, 0x50, 0x75, 0xB2, 0xA8, 0x65, 0xD1, 0x5E, 0xBE, 0x48, 0x69, 0x11, 0x68,
    0x03, 0x70, 0x98, 0x81, 0xDB, 0xE9, 0x2D, 0xAA, 0x68, 0xCE, 0xB8, 0x87, 0xC0, 0xCE, 0x4B, 0xD3,
    0xE4, 0x30, 0x4D, 0xE7, 0x9F, 0x26, 0xD1, 0x4D, 0x7C, 0x47, 0xB8, 0x27, 0xBF, 0x38, 0x4A, 0x2E,
    0x00, 0x2F, 0x59, 0x7C, 0xBD, 0xB9, 0x1E, 0x2C, 0x5E, 0x70, 0x46, 0xF9, 0xA6, 0xEE, 0xF2, 0x2D,
    0x16, 0xB7, 0x6A, 0xF1, 0x11, 0xAA, 0x6B, 0x27, 0x48, 0x6B, 0x02, 0xB4, 0xD7, 0xCC, 0x4D, 0x80,
    0x7D, 0x8D, 0xE2, 0x88, 0xFD, 0x3D, 0x2C, 0x4E, 0x0C, 0x8B, 0x93, 0x1B, 0x7A, 0x48, 0xCB, 0x22,
    0xF9, 0x0A, 0xEC, 0x12, 0xD0, 0x28, 0x46, 0xC1, 0x70, 0xC0, 0x6E, 0x04, 0x6E, 0xA7, 0xBC, 0x87,
    0x5F, 0xA0, 0xB6, 0x09, 0x29, 0x78, 0x46, 0x94, 0x47, 0xE0, 0x7A, 0xE1, 0xE3, 0xDD, 0x78, 0x04,
    0x72, 0x4C, 0x8C, 0x7C, 0xDF, 0x81, 0xFB, 0xA0, 0x95, 0xA8, 0xD6, 0x9C, 0xFE, 0x7A, 0xF8, 0xF8,
    0x87, 0xC3, 0xAD, 0x7E, 0x9B, 0x52, 0x5B, 0x21, 0x53, 0x71, 0xB7, 0x5E, 0xA8, 0x0A, 0x39, 0x53,
    0x1D, 0x72, 0xA6, 0x26, 0x0C, 0xAC, 0x93, 0xC3, 0x06, 0x44, 0xA7, 0xBD, 0x1C, 0x5C, 0xD8, 0x1C,
    0x9C, 0x78, 0x68, 0x9F, 0x29, 0x14, 0xAB, 0xAE, 0x2C, 0x37, 0x30, 0x65, 0x05, 0xAD, 0x96, 0x67,
    0x95, 0xA6, 0x5C, 0xF5, 0xFD, 0x67, 0x2B, 0x13, 0xAB, 0xFA, 0x7F, 0x91, 0xC8, 0xD3, 0xE4, 0x40,
    0xAF, 0xD2, 0x83, 0xF5, 0x79, 0xAE, 0x57, 0xB0, 0xA3, 0xE2, 0xA8, 0x23, 0xB1, 0x3E, 0x2F, 0x6A,
    0xA7, 0xC1, 0x3E, 0x4F, 0xF0, 0xBA, 0xDF, 0x6C, 0x21, 0x3F, 0xF7, 0xD0, 0xAD, 0x70, 0x17, 0xF0,
    0x0E, 0xE1, 0xF9, 0xCA, 0x41, 0x7D, 0x6E, 0x27, 0xF5, 0xBF, 0xC6, 0x99, 0x16, 0x55, 0xC9, 0x9F,
    0x9E, 0x77, 0x02, 0x6C, 0x74, 0x9A, 0xBE, 0x83, 0x93, 0xB8, 0xB3, 0x7F, 0xCF, 0xCC, 0x79, 0x91,
    0x68, 0x39, 0xD1, 0x35, 0x2A, 0x78, 0xDA, 0xCE, 0x00, 0x7E, 0x05, 0xED, 0x5A, 0x3D, 0xAC, 0xE5,
    0xC6, 0x75, 0xFE, 0x48, 0x4A, 0x8F, 0xB6, 0x68, 0x67, 0x5C, 0x58, 0x86, 0xB4, 0x0A, 0x4C, 0x15,
    0x2E, 0x94, 0x95, 0xE1, 0x71, 0xE1, 0x32, 0xDE, 0x21, 0x62, 0x04, 0x2E, 0xD2, 0x6C, 0xE1, 0x8D,
    0x01, 0xA7, 0xB0, 0xCB, 0x58, 0xCD, 0xBA, 0x0E, 0x14, 0x91, 0x48, 0x8A, 0x14, 0x69, 0x5E, 0x11,
    0xA4, 0xCD, 0x16, 0x0E, 0x20, 0x3D, 0x15, 0x4E, 0x99, 0x42, 0xD1, 0x0C, 0xE2, 0x32, 0x0D, 0x01,
    0xC3, 0x48, 0x69, 0x26, 0x96, 0x8D, 0x44, 0x2E, 0x42, 0x5B, 0x34, 0x4C, 0xAD, 0x48, 0x7E, 0xE1,
    0x39, 0x33, 0xEF, 0xBE, 0xFB, 0xF6, 0x47, 0xF2, 0x4F, 0x14, 0xEB, 0x79, 0x75, 0x2E, 0xE7, 0xFB,
    0xCE, 0x25, 0x87, 0xC3, 0x73, 0xCE, 0xCC, 0x3D, 0x77, 0x86, 0xA4, 0xED, 0x7C, 0xCF, 0xC1, 0xF7,
    0xAE, 0xC3, 0x41, 0x5C, 0x77, 0xF4, 0x09, 0xC7, 0x9F, 0xF6, 0xE8, 0x73, 0xBD, 0x03, 0x6E, 0x68,
    0xF5, 0x07, 0x40, 0x7B, 0x13, 0xA8, 0xC8, 0x0E, 0x9E, 0x1C, 0x73, 0xFE, 0xC8, 0x8F, 0xD5, 0x86,
    0x62, 0x34, 0xF3, 0x0E, 0x76, 0xDC, 0xC1, 0xF5, 0xC8, 0x6E, 0xBA, 0x20, 0x55, 0x1F, 0x00, 0x4E,
    0xA1, 0x17, 0x18, 0x01, 0xD4, 0x13, 0xF0, 0x09, 0xB3, 0x22, 0x1F, 0x8B, 0xBD, 0xA9, 0x09, 0x24,
    0x7B, 0x58, 0x6E, 0x40, 0xE6, 0xBB, 0x87, 0x58, 0xA0, 0x70, 0x72, 0x76, 0x0A, 0x80, 0xE4, 0x20,
    0xD6, 0x70, 0x44, 0xCD, 0x9F, 0xEC, 0xE8, 0x66, 0x98, 0x11, 0x6D, 0x8F, 0x6A, 0x84, 0x0F, 0x28,
    0x07, 0xC1, 0x42, 0x11, 0x78, 0x00, 0xAA, 0x4D, 0xD7, 0x28, 0xFE, 0xB8, 0x23, 0x84, 0x1B, 0x70,
    0x6E, 0x22, 0xEC, 0x7D, 0x58, 0x9F, 0x63, 0x76, 0x07, 0x76, 0x40, 0x3E, 0xC2, 0xF6, 0x28, 0x46,
    0xB8, 0xB0, 0xA3, 0x44, 0xA8, 0x1C, 0x2D, 0xC5, 0x2A, 0x77, 0x84, 0x50, 0xF9, 0x3D, 0x00, 0x06,
    0xAE, 0xD3, 0xBE, 0xF8, 0x4F, 0xCE, 0x6C, 0x0C, 0xC9, 0x15, 0x05, 0xEF, 0x4A, 0x15, 0x36, 0xD2,
    0xEA, 0x8A, 0x72, 0x42, 0xB1, 0xA0, 0x98, 0x75, 0x5B, 0x2E, 0xA3, 0x2A, 0xF9, 0x22, 0x2E, 0x82,
    0x62, 0x45, 0xCE, 0x1F, 0xFB, 0x59, 0xC3, 0xB0, 0xC1, 0xFD, 0x3B, 0x67, 0x76, 0xAE, 0x79, 0x12,
    0xAE, 0xFB, 0x38, 0x80, 0x27, 0x70, 0x49, 0x5A, 0x6E, 0x7B, 0x59, 0x12, 0x59, 0xBE, 0x81, 0xE7,
    0x39, 0x80, 0x0D, 0x40, 0x0D, 0x49, 0xBE, 0x6A, 0xEF, 0x14, 0x8B, 0xB8, 0xAA, 0x57, 0x30, 0x13,
    0xCC, 0x00, 0x54, 0x0B, 0x6C, 0x00, 0x8A, 0x55, 0x6D, 0xCF, 0x09, 0x0F, 0x88, 0xB9, 0x9B, 0x90,
    0xFF, 0xD7, 0x45, 0xC8, 0x7D, 0x6F, 0x16, 0xAA, 0xDF, 0x19, 0xF5, 0x4A, 0xE4, 0x72, 0xA0, 0x27,
    0x6F, 0xDD, 0xBA, 0xF5, 0x15, 0x1C, 0xCB, 0x7D, 0x55, 0x90, 0x11, 0x78, 0x18, 0xDD, 0xE6, 0x2C,
    0x44, 0xAE, 0x07, 0x7A, 0x65, 0xBB, 0x24, 0x2B, 0xA2, 0x6C, 0x97, 0xE5, 0x2B, 0xFB, 0x48, 0x69,
    0x00, 0x4F, 0xA2, 0x20, 0x09, 0xB3, 0xFD, 0xB1, 0x87, 0x19, 0xE1, 0x60, 0x07, 0x81, 0x1E, 0xD7,
    0x44, 0x4B, 0x7D, 0x6A, 0xC4, 0x8E, 0x82, 0x0D, 0x90, 0x69, 0x87, 0x71, 0x03, 0xAA, 0x77, 0x64,
    0x48, 0xF6, 0x9C, 0xE1, 0xBA, 0x7A, 0x83, 0x47, 0xCE, 0xC6, 0x4B, 0xB0, 0x7C, 0x03, 0x17, 0x7C,
    0x80, 0xED, 0xDD, 0x00, 0x1B, 0xEC, 0x02, 0x17, 0x2A, 0x76, 0x6D, 0x93, 0xF1, 0xED, 0x0D, 0xB0,
    0x62, 0x72, 0xC9, 0x41, 0x1C, 0x9D, 0x2F, 0xDA, 0x06, 0x80, 0x04, 0xEE, 0x08, 0x8A, 0x0D, 0xEE,
    0x47, 0xB7, 0x17, 0x38, 0x72, 0x14, 0xE8, 0x80, 0x17, 0x4E, 0x81, 0x13, 0xE4, 0x9D, 0x0B, 0x66,
    0x74, 0x83, 0xD5, 0xB2, 0xEB, 0xC3, 0xBE, 0xAF, 0xC1, 0x7E, 0xF8, 0xDB, 0x10, 0xB1, 0xD4, 0x4B,
    0xE4, 0xDA, 0xFB, 0x40, 0xBD, 0xEE, 0x6A, 0x1F, 0x07, 0x76, 0x3D, 0xC9, 0x50, 0x82, 0x74, 0x6A,
    0x31, 0x69, 0x3F, 0x49, 0x57, 0xDA, 0xFF, 0x82, 0x0B, 0x75, 0xC8, 0xC9, 0x60, 0x7A, 0xD7, 0x98,
    0x9D, 0xAB, 0x51, 0x22, 0x51, 0x85, 0x62, 0x7C, 0x1D, 0xAE, 0x2B, 0x43, 0x31, 0xAD, 0xE2, 0x67,
    0x97, 0xCF, 0x8B, 0xDA, 0x9A, 0x2D, 0x0B, 0xB6, 0x07, 0xB3, 0x1E, 0xCF, 0xE7, 0x15, 0x5E, 0x78,
    0x92, 0xF3, 0xD1, 0x14, 0x63, 0x0B, 0x3B, 0x54, 0x7D, 0x39, 0x6A, 0xFB, 0xBD, 0xE9, 0x6D, 0xC8,
    0xB9, 0xA1, 0xDE, 0xAD, 0xC7, 0xB5, 0x53, 0xB8, 0xA6, 0x54, 0x7B, 0x36, 0xE4, 0x1B, 0x80, 0x72,
    0xD1, 0xB1, 0xA7, 0xFD, 0x60, 0xB7, 0xA6, 0x62, 0x07, 0xED, 0xAC, 0x39, 0xF9, 0xD7, 0x09, 0xE3,
    0x6B, 0x37, 0x05, 0xAF, 0xED, 0x5E, 0xD7, 0xB2, 0xCB, 0x6A, 0xA6, 0x90, 0x9F, 0x4B, 0x2D, 0xE3,
    0xF4, 0x09, 0x01, 0x28, 0x3C, 0xFE, 0x67, 0x23, 0x4A, 0x09, 0xA3, 0xBD, 0xFB, 0x9D, 0x11, 0xAE,
    0xAB, 0x46, 0xB4, 0x88, 0x20, 0x5F, 0xED, 0x0E, 0x6F, 0xF2, 0x6D, 0xD4, 0xFC, 0x21, 0x91, 0x6F,
    0xF9, 0xF6, 0xA0, 0x61, 0x79, 0x04, 0xE7, 0xBF, 0xDB, 0x0A, 0xB0, 0x5D, 0x1D, 0xE0, 0xD1, 0x36,
    0xD9, 0x8A, 0x0D, 0xE5, 0x5C, 0x2C, 0x30, 0xA3, 0x99, 0xE0, 0x7A, 0x3B, 0x80, 0x5D, 0x1B, 0x40,
    0x78, 0x80, 0x8D, 0xEF, 0xD0, 0x06, 0xD7, 0xC3, 0x0E, 0x66, 0x44, 0x35, 0x95, 0xF2, 0xC3, 0xCD,
    0x57, 0xC4, 0xC3, 0xAE, 0x71, 0x01, 0x75, 0x63, 0x3A, 0x3C, 0x86, 0x0C, 0x51, 0x28, 0x72, 0x09,
    0xD5, 0x92, 0x5F, 0x11, 0x9F, 0xC4, 0x41, 0x3C, 0x4F, 0x01, 0x98, 0xF8, 0x83, 0x69, 0x4F, 0x25,
    0x9B, 0xE6, 0x0B, 0x50, 0x0D, 0x92, 0x13, 0x91, 0xCD, 0x30, 0x7F, 0xCB, 0x0D, 0xAF, 0xC1, 0x96,
    0x64, 0x70, 0xF8, 0x22, 0xE6, 0x6A, 0xA8, 0xF7, 0xEF, 0x73, 0x31, 0x9A, 0x6E, 0xDE, 0x69, 0xA8,
    0xC2, 0x84, 0xB9, 0xEA, 0x85, 0xC8, 0x46, 0x69, 0x85, 0xEE, 0xB4, 0x3B, 0xCD, 0x98, 0x4D, 0x67,
    0xBA, 0xFD, 0x84, 0x32, 0x98, 0xE6, 0x45, 0x39, 0xCF, 0xE2, 0x46, 0xC9, 0x3F, 0x5A, 0x6E, 0xC0,
    0x7E, 0x99, 0xCD, 0x6B, 0x0B, 0x4C, 0x00, 0xF2, 0x51, 0x87, 0x9E, 0xE9, 0x01, 0x36, 0x99, 0x6F,
    0x00, 0x1B, 0xFB, 0x35, 0x4F, 0xDD, 0x9A, 0x09, 0x90, 0x1B, 0x0F, 0x5E, 0x3F, 0x7F, 0x07, 0x39,
    0x37, 0x31, 0xBD, 0xB3, 0xA1, 0x0E, 0x0E, 0xD5, 0xE0, 0x50, 0x8E, 0x0E, 0x85, 0x16, 0xF9, 0x6E,
    0x83, 0xE9, 0xCD, 0x5D, 0xDF, 0x95, 0xDC, 0x00, 0x3F, 0x01, 0xB8, 0xAE, 0x41, 0x78, 0x2F, 0xB8,
    0x7E, 0xC6, 0xB3, 0x33, 0xCD, 0xC6, 0x0A, 0xD7, 0xCF, 0xFC, 0xD9, 0x2B, 0xEF, 0x7D, 0xDA, 0xE5,
    0xC0, 0x02, 0x72, 0xEE, 0x26, 0x40, 0x05, 0x49, 0x6D, 0xB7, 0x00, 0xC4, 0x4C, 0xCA, 0x45, 0x73,
    0xCD, 0x6B, 0x90, 0xE2, 0x9B, 0x3F, 0xD7, 0xF3, 0xBD, 0x8E, 0x75, 0xCD, 0xAA, 0xD5, 0x04, 0xD4,
    0x3D, 0xD0, 0x76, 0xC8, 0xB7, 0xF8, 0xD5, 0xF6, 0x90, 0x73, 0x3A, 0xA6, 0xF2, 0x0C, 0x07, 0x78,
    0xAE, 0xF0, 0xAF, 0xC6, 0x36, 0x5E, 0x44, 0xDB, 0x7D, 0x02, 0xAE, 0xD1, 0x76, 0xFE, 0x74, 0x45,
    0xC1, 0x61, 0x2F, 0x4B, 0xCA, 0x8D, 0xFA, 0x57, 0x12, 0x62, 0x69, 0xBB, 0x97, 0xBE, 0x4A, 0xCD,
    0x8E, 0x96, 0x23, 0xA0, 0x56, 0x05, 0x94, 0x23, 0xEC, 0x0C, 0x4E, 0x25, 0x3B, 0xC9, 0x51, 0x3D,
    0x3E, 0x77, 0xD9, 0x1B, 0x14, 0x9C, 0xCE, 0xC9, 0x12, 0xB9, 0x04, 0x94, 0x80, 0x79, 0xBF, 0xA8,
    0x41, 0x2D, 0x14, 0xE0, 0x85, 0x86, 0x92, 0x42, 0xE4, 0x4F, 0xD8, 0x09, 0x7D, 0x99, 0x3D, 0x56,
    0xCE, 0x85, 0xD0, 0xB5, 0x26, 0x8B, 0x91, 0xC3, 0x05, 0xF1, 0x97, 0xA6, 0x33, 0x1C, 0x89, 0x25,
    0x39, 0x65, 0x14, 0x2C, 0x05, 0x4F, 0x0D, 0x99, 0x2F, 0xB0, 0x8A, 0xEE, 0x97, 0xC0, 0x5A, 0xD1,
    0x28, 0x16, 0x8A, 0xF0, 0x8A, 0x27, 0x8A, 0xF8, 0x7F, 0xC1, 0x67, 0x14, 0xDB, 0x23, 0x54, 0xB1,
    0x60, 0x90, 0x4F, 0xDB, 0x3D, 0x86, 0x2A, 0xC8, 0x66, 0x66, 0x18, 0x76, 0x99, 0xEF, 0x61, 0x06,
    0x54, 0xC3, 0x5F, 0xF8, 0xDE, 0xB3, 0xBB, 0xBD, 0x02, 0xAE, 0xC9, 0xD8, 0x18, 0x36, 0x2D, 0x9B,
    0x97, 0x5C, 0xF3, 0xAC, 0x6B, 0xF0, 0x2E, 0x5B, 0x7B, 0x6A, 0xB9, 0xEE, 0x9B, 0x64, 0xDD, 0x8C,
    0xEC, 0x2A, 0x72, 0xAC, 0x47, 0x33, 0xBB, 0x50, 0x2C, 0x1E, 0xD8, 0x08, 0x50, 0xCA, 0x96, 0x0A,
    0x63, 0xD9, 0xDA, 0x26, 0x5F, 0x5C, 0xA8, 0xE6, 0x7A, 0xF3, 0x63, 0xA9, 0x73, 0xC5, 0xF9, 0xDE,
    0x0C, 0xBB, 0xFA, 0x54, 0x20, 0xF2, 0x59, 0xFC, 0x3E, 0xE0, 0xD1, 0xEA, 0xAC, 0x28, 0xA0, 0xEE,
    0xCD, 0x00, 0x33, 0x55, 0x92, 0x36, 0x8B, 0x15, 0x19, 0xE3, 0xEC, 0xA4, 0x0D, 0x90, 0xA9, 0x2A,
    0x5A, 0x01, 0x49, 0xB2, 0xF9, 0x96, 0xF1, 0x90, 0x86, 0x65, 0xFA, 0x55, 0xF7, 0x68, 0xC5, 0xF0,
    0xBF, 0xC4, 0x0D, 0xE0, 0xB1, 0xFD, 0x03, 0x38, 0x00, 0xD9, 0xB7, 0x81, 0x9C, 0x80, 0xE6, 0xA2,
    0x5A, 0x14, 0x33, 0x02, 0x5E, 0x94, 0x3A, 0x00, 0xAF, 0xBB, 0xF4, 0x3B, 0x7A, 0x56, 0x14, 0x8F,
    0x74, 0xD6, 0x9A, 0x94, 0x62, 0x49, 0x4A, 0x39, 0x26, 0xC5, 0x0C, 0x49, 0xB1, 0x21, 0x29, 0xAE,
    0x49, 0x0A, 0x61, 0x66, 0x51, 0xB2, 0x05, 0x4E, 0x95, 0x62, 0x56, 0xEF, 0xBD, 0xFC, 0x0D, 0x71,
    0x86, 0xE5, 0x62, 0xFA, 0xE2, 0xAD, 0x19, 0x8E, 0x12, 0xA2, 0x38, 0x63, 0x6A, 0x61, 0xBE, 0xAB,
    0xCA, 0x06, 0x57, 0x88, 0x92, 0x2F, 0xF8, 0x17, 0x51, 0xC4, 0xE0, 0x45, 0x15, 0x33, 0x16, 0xA3,
    0x2A, 0x75, 0x28, 0xEF, 0xBE, 0xBA, 0xE9, 0xFC, 0xB1, 0xD4, 0xD9, 0x32, 0x3C, 0x0A, 0x55, 0xD4,
    0x60, 0xA9, 0x53, 0x2C, 0xAA, 0xA8, 0xC1, 0xAA, 0xA8, 0xC1, 0xAA, 0x3C, 0xDE, 0x20, 0x8A, 0x6D,
    0x80, 0xEC, 0xE5, 0xBD, 0xB0, 0x4B, 0x55, 0x44, 0xA9, 0x46, 0xA0, 0x15, 0xC5, 0xF4, 0xC0, 0x4B,
    0xE7, 0xA9, 0xE5, 0x33, 0xA2, 0xB4, 0x48, 0x41, 0xDA, 0x92, 0x92, 0x2F, 0x49, 0x29, 0xA6, 0xA4,
    0x98, 0x31, 0x29, 0x75, 0x88, 0x8A, 0x6C, 0x51, 0xF1, 0x4F, 0x70, 0x56, 0x65, 0x75, 0xA4, 0x28,
    0xC5, 0x62, 0xC9, 0x80, 0xB6, 0x2F, 0x47, 0x2B, 0x1D, 0xC7, 0xD5, 0x0C, 0x16, 0xB6, 0x97, 0x01,
    0x17, 0xAE, 0xC5, 0x16, 0x5C, 0x93, 0x22, 0x9C, 0xF2, 0x9C, 0x04, 0x15, 0x60, 0x72, 0x25, 0x5F,
    0x11, 0x0D, 0x2E, 0x27, 0x44, 0x83, 0xEB, 0x01, 0xD1, 0x60, 0x5D, 0x3A, 0xB4, 0xA9, 0x0A, 0x52,
    0x9A, 0x55, 0x83, 0x2D, 0x39, 0xA8, 0xC1, 0x4E, 0x14, 0x33, 0x46, 0xE5, 0x10, 0x16, 0x49, 0xBD,
    0xC0, 0x75, 0x68, 0xFE, 0xDD, 0x11, 0x9A, 0x84, 0x25, 0xB2, 0x9A, 0x89, 0x35, 0xB2, 0x92, 0x8E,
    0x35, 0xB2, 0x9A, 0x93, 0x35, 0xB2, 0xF0, 0x6A, 0xA8, 0x66, 0x67, 0xB5, 0xBA, 0xE0, 0x90, 0x0C,
    0xE5, 0x12, 0xAD, 0x46, 0x46, 0xB5, 0x1A, 0xD0, 0x19, 0x49, 0x54, 0x82, 0xE9, 0x73, 0xAA, 0xE2,
    0x42, 0x21, 0x4A, 0xDB, 0xB5, 0x30, 0x84, 0x64, 0xF1, 0x0D, 0xD6, 0x83, 0x5C, 0x25, 0x01, 0xB5,
    0xB0, 0x1C, 0x65, 0x28, 0xB4, 0x92, 0xD4, 0xCD, 0x98, 0x4F, 0x2D, 0x74, 0x28, 0x14, 0x63, 0xEA,
    0x16, 0x13, 0x54, 0xF1, 0xB0, 0x8D, 0x2A, 0x2B, 0x1C, 0x44, 0x29, 0x16, 0x6C, 0x67, 0x7C, 0x59,
    0x87, 0x82, 0x4E, 0xB3, 0xC5, 0x60, 0xAF, 0x8A, 0x1A, 0xDC, 0x6A, 0x98, 0x93, 0x42, 0xA8, 0xA2,
    0x06, 0x47, 0xE5, 0x30, 0x65, 0xBF, 0x09, 0xF5, 0xBD, 0x94, 0x58, 0x52, 0x97, 0x01, 0xC8, 0x26,
    0xDC, 0x2F, 0x2F, 0x6B, 0xBC, 0x0F, 0x25, 0xDF, 0xE2, 0xEC, 0xAE, 0x9E, 0x81, 0x76, 0x40, 0xCE,
    0x0E, 0xD5, 0x1A, 0x57, 0x51, 0xAE, 0x8F, 0x93, 0x3E, 0x76, 0xA9, 0x88, 0x3E, 0xE0, 0x1B, 0x2D,
    0x39, 0x59, 0x72, 0x2E, 0xC9, 0x01, 0xD7, 0x65, 0x8E, 0x9B, 0x35, 0x50, 0x29, 0x86, 0xC8, 0xD5,
    0x16, 0xD9, 0xB0, 0x57, 0xCE, 0xB9, 0x28, 0xA3, 0x66, 0x64, 0xF8, 0xC4, 0x1F, 0xC5, 0xB1, 0xA4,
    0x86, 0xD4, 0x12, 0x15, 0x8E, 0x89, 0xA7, 0xD4, 0xCE, 0xAC, 0x5C, 0xBC, 0xB3, 0x28, 0x97, 0x6F,
    0xAD, 0xCA, 0xD5, 0xCF, 0x36, 0x65, 0x33, 0x50, 0xB9, 0x0E, 0x6C, 0x84, 0x65, 0xF2, 0xAF, 0xDC,
    0x39, 0x65, 0xAF, 0x3E, 0x01, 0x54, 0xFF, 0x90, 0xAD, 0xA8, 0x85, 0xF3, 0x05, 0x66, 0x8E, 0x5D,
    0x51, 0x2D, 0xD0, 0xE1, 0x5A, 0x0A, 0x9B, 0x11, 0xC5, 0x26, 0x9C, 0x26, 0x3E, 0x36, 0xB1, 0x13,
    0xEE, 0x74, 0x06, 0xAF, 0x41, 0xF1, 0x0D, 0xE0, 0x7B, 0x40, 0x8F, 0x0D, 0xC8, 0x36, 0xE1, 0x51,
    0xBB, 0x00, 0x76, 0xC2, 0x6D, 0x0E, 0x38, 0xD1, 0x99, 0x83, 0xFE, 0x3B, 0x0D, 0x89, 0xD5, 0xC5,
    0x8F, 0x20, 0xCA, 0x4B, 0x91, 0x0A, 0x46, 0xB6, 0x6C, 0x8E, 0xFD, 0x35, 0xEC, 0x94, 0xAB, 0x49,
    0x09, 0x39, 0xF0, 0x88, 0xC7, 0x2D, 0x89, 0x0B, 0x97, 0xFC, 0x2D, 0xB9, 0x2A, 0xD7, 0x77, 0xA3,
    0x1F, 0x3E, 0x38, 0xAD, 0xBD, 0xA1, 0xD2, 0x0A, 0x9F, 0x07, 0xFA, 0x0F, 0xE3, 0x06, 0xB9, 0xFA,
    0x28, 0xEC, 0xF8, 0xAA, 0xB2, 0x27, 0x7B, 0xE1, 0xA5, 0x62, 0x27, 0xFC, 0x2C, 0x5E, 0x81, 0xCA,
    0x23, 0x3E, 0xCE, 0x3E, 0x8A, 0x93, 0x64, 0xA7, 0xED, 0x8F, 0xC7, 0x93, 0xB2, 0xDA, 0x2D, 0xFB,
    0xB5, 0xDE, 0x23, 0x1D, 0x27, 0x3C, 0x8E, 0x4B, 0x7E, 0x16, 0x5C, 0x94, 0xAB, 0xFE, 0x25, 0x65,
    0x13, 0xDC, 0x31, 0xEB, 0xFE, 0xE3, 0x7A, 0x59, 0x3A, 0x0F, 0x4F, 0x37, 0x8F, 0x76, 0x3E, 0x43,
    0x41, 0x95, 0xE6, 0x58, 0xCB, 0xFC, 0xB9, 0x06, 0xF3, 0xD6, 0x96, 0x66, 0x03, 0xF5, 0x0F, 0xCF,
    0x35, 0xF7, 0xDD, 0x0D, 0xB0, 0xA2, 0xB5, 0x7F, 0xBD, 0x01, 0xB5, 0x3A, 0xA6, 0xF6, 0x8A, 0x6B,
    0x9B, 0x6A, 0xEA, 0xD4, 0xB9, 0x56, 0x1E, 0x34, 0x33, 0x9E, 0x6B, 0xF5, 0x28, 0xD7, 0x0B, 0x1A,
    0xAB, 0x73, 0xAD, 0x3D, 0x68, 0x44, 0xB1, 0xDD, 0xBA, 0x25, 0xA6, 0x88, 0x76, 0x30, 0x34, 0x6A,
    0xE5, 0x41, 0x33, 0x07, 0xAD, 0xFE, 0xF9, 0xAD, 0xAF, 0x46, 0xCD, 0xF5, 0x7A, 0x86, 0x36, 0xA7,
    0x9A, 0x09, 0x60, 0x93, 0xB4, 0x8C, 0x50, 0xAD, 0x0E, 0xC5, 0x1A, 0x35, 0x1B, 0x24, 0x4A, 0x2D,
    0xE5, 0xC2, 0xE4, 0x0C, 0xDE, 0xA3, 0x21, 0xDE, 0x2C, 0xCC, 0xC8, 0xAD, 0xD1, 0xEB, 0x4D, 0x5A,
    0x79, 0xCE, 0x76, 0xA5, 0x9E, 0x0B, 0x76, 0x28, 0xE6, 0x4A, 0xDA, 0x9A, 0xCC, 0x22, 0x28, 0xFD,
    0x9B, 0x4F, 0x6E, 0x47, 0xDC, 0x69, 0xFB, 0x7B, 0xEF, 0x2D, 0xF3, 0x5D, 0xD1, 0x47, 0xEC, 0xD5,
    0xF8, 0xE3, 0xBB, 0xCD, 0xB3, 0xBA, 0xB8, 0x44, 0x97, 0x01, 0x8C, 0x05, 0x7B, 0x54, 0x73, 0xC6,
    0x35, 0xF3, 0xB3, 0xDA, 0x33, 0xC0, 0x68, 0x28, 0x32, 0x51, 0xD3, 0xFC, 0x17, 0xC5, 0xA8, 0x78,
    0x57, 0x51, 0x13, 0x6E, 0x76, 0x3B, 0xEE, 0x9A, 0x0E, 0xF8, 0xB9, 0xEF, 0xC8, 0x1E, 0xA7, 0x47,
    0xEB, 0x2D, 0xCE, 0xEB, 0x44, 0xD2, 0x04, 0xB5, 0xD3, 0x53, 0x67, 0xB5, 0x88, 0x8D, 0x06, 0x5F,
    0xCD, 0xB3, 0xE1, 0xF8, 0x57, 0x93, 0xE4, 0xF8, 0xD6, 0xF6, 0xF3, 0x8A, 0x60, 0x87, 0x4A, 0xB1,
    0x54, 0x2C, 0x22, 0x0E, 0x82, 0xC0, 0xC3, 0xF1, 0xCD, 0xB3, 0x6F, 0x03, 0x12, 0xE6, 0x23, 0x9C,
    0xD2, 0xD1, 0xF7, 0xC6, 0x3C, 0x5D, 0xEB, 0x18, 0x9F, 0x79, 0xD0, 0xCD, 0xF7, 0x0C, 0x22, 0xF5,
    0x45, 0x17, 0x54, 0x1C, 0xCE, 0x3D, 0xCD, 0x55, 0xC5, 0x26, 0x80, 0x53, 0xE0, 0x6A, 0x7B, 0xAA,
    0x62, 0x54, 0x73, 0xAB, 0x60, 0xFC, 0xC9, 0x6F, 0x7E, 0x00, 0xEA, 0xC9, 0xE8, 0x42, 0x2C, 0x5B,
    0x81, 0x8F, 0x03, 0x9F, 0xB9, 0xCA, 0x9E, 0xE6, 0x5D, 0x76, 0x2A, 0x8E, 0x96, 0xB3, 0xFA, 0xB5,
    0x44, 0xD4, 0x3D, 0x13, 0xF4, 0xE8, 0x15, 0xF6, 0x2E, 0xD7, 0x35, 0xAD, 0x59, 0x60, 0xD9, 0x95,
    0x9C, 0x60, 0x37, 0x5D, 0xC0, 0x3E, 0x75, 0xF0, 0xC5, 0x91, 0xCF, 0x73, 0x06, 0xBB, 0xDF, 0x7C,
    0x7B, 0x86, 0x6F, 0xC7, 0x06, 0x81, 0x4F, 0x02, 0x0B, 0xAA, 0x15, 0x9E, 0x25, 0x27, 0xBB, 0xC1,
    0x0C, 0x78, 0x1C, 0x78, 0x9F, 0x2F, 0x8A, 0x74, 0x13, 0x74, 0x42, 0xC1, 0x0D, 0x66, 0x63, 0x70,
    0xBD, 0x1D, 0x3D, 0xCA, 0xE9, 0x0B, 0xC0, 0x1D, 0x24, 0x31, 0x64, 0x90, 0xF2, 0x04, 0x37, 0xC0,
    0x0D, 0xEF, 0x5B, 0x39, 0xE1, 0xD6, 0x1C, 0xAE, 0x85, 0xBC, 0x71, 0xA1, 0x1E, 0xC4, 0x1E, 0x29,
    0xA2, 0xCB, 0xBE, 0xDF, 0xA6, 0x4D, 0x47, 0xC3, 0x79, 0x8E, 0xC4, 0x0E, 0x69, 0x40, 0x63, 0x57,
    0xFD, 0xA2, 0x54, 0x51, 0x29, 0x8F, 0xF1, 0x06, 0x83, 0x92, 0x1B, 0x22, 0x8D, 0x4A, 0x36, 0x52,
    0x3D, 0x29, 0x99, 0xF9, 0x49, 0x7E, 0xFF, 0x2B, 0x3B, 0x39, 0x72, 0xB9, 0xA0, 0xEB, 0x7C, 0xF3,
    0xE5, 0x9D, 0x52, 0x95, 0x48, 0x93, 0x52, 0x7D, 0xA9, 0x95, 0xD4, 0x74, 0xDB, 0x1F, 0x5D, 0xAF,
    0x20, 0x84, 0xEA, 0x55, 0xE8, 0x84, 0x33, 0x74, 0xA0, 0xF7, 0x6A, 0xF5, 0x06, 0xA5, 0x53, 0x1C,
    0x49, 0xB9, 0xE1, 0xC5, 0x18, 0xD7, 0x1F, 0x2F, 0xC9, 0xC9, 0x51, 0xF8, 0x46, 0xCE, 0x5E, 0xF8,
    0x29, 0x5C, 0xC7, 0xC3, 0xC5, 0x69, 0x04, 0x38, 0x3B, 0xCE, 0xCA, 0xCF, 0x73, 0x01, 0x6E, 0xF3,
    0x14, 0x4C, 0x77, 0xDF, 0xC9, 0x26, 0x71, 0x88, 0xEC, 0x87, 0xC8, 0x6E, 0x8C, 0x5C, 0xCF, 0x91,
    0xCD, 0x1A, 0xB9, 0x60, 0xE4, 0x9C, 0x9D, 0x32, 0x18, 0x22, 0xB7, 0x63, 0x64, 0x3B, 0x45, 0x36,
    0x4B, 0xE4, 0x6A, 0x8B, 0x5C, 0x30, 0x72, 0xC6, 0xEF, 0x2A, 0xC3, 0x7F, 0x2F, 0xB2, 0x7B, 0x2B,
    0xB2, 0x7D, 0x27, 0xB2, 0x61, 0xE4, 0x32, 0x71, 0x9E, 0x18, 0x3B, 0x3F, 0x23, 0x7E, 0xF8, 0x05,
    0x8E, 0x2B, 0xE0, 0x12, 0xD7, 0xCB, 0xC5, 0xCA, 0xDE, 0x36, 0x4A, 0x6E, 0x52, 0xF2, 0x9B, 0x52,
    0xC5, 0x41, 0xD9, 0x2F, 0x4A, 0xE5, 0xA4, 0x84, 0x67, 0x71, 0x21, 0x3A, 0xCD, 0x41, 0x46, 0xAE,
    0x69, 0x62, 0xD5, 0x1F, 0xC6, 0x13, 0x27, 0xB4, 0x2B, 0x0A, 0xC9, 0x89, 0x44, 0xB5, 0x4A, 0xAD,
    0x60, 0x16, 0x9D, 0xAA, 0xE8, 0x74, 0xD6, 0x0D, 0x4E, 0x69, 0xD4, 0x45, 0x8A, 0x1D, 0x75, 0x1E,
    0x53, 0x4F, 0x4A, 0x66, 0xE6, 0x7B, 0x93, 0x57, 0x9A, 0x94, 0xEA, 0xB1, 0x8D, 0xAD, 0xB8, 0xA3,
    0xA6, 0x7D, 0xAF, 0x2E, 0x32, 0x18, 0xE9, 0x35, 0xAA, 0x2D, 0xBB, 0x9A, 0x71, 0xCE, 0xF4, 0x4E,
    0x2A, 0x29, 0x0E, 0xD6, 0x69, 0xFA, 0x4A, 0xAA, 0x7F, 0x8F, 0xFF, 0x23, 0xA2, 0x7C, 0x42, 0x31,
    0x1F, 0x71, 0x31, 0x99, 0xCA, 0xB8, 0x5C, 0xDC, 0x2F, 0x12, 0xEF, 0x44, 0x5C, 0xA7, 0xF4, 0x14,
    0xF0, 0x68, 0xC4, 0x45, 0x25, 0xDB, 0x94, 0xD2, 0x42, 0xDC, 0x72, 0x14, 0xE2, 0x0F, 0x16, 0x00,
    0xC5, 0x96, 0x13, 0x40, 0x39, 0x6A, 0x64, 0xF2, 0x0E, 0xE5, 0x23, 0x14, 0x17, 0xDF, 0x57, 0xE2,
    0x34, 0xB7, 0x36, 0x3D, 0x7A, 0xD6, 0x65, 0x64, 0xBB, 0xE8, 0xB4, 0x37, 0xBF, 0x83, 0x28, 0x8F,
    0x42, 0x40, 0xBE, 0x81, 0xE7, 0xA0, 0x37, 0xCE, 0x99, 0xC6, 0x84, 0x52, 0x26, 0x94, 0x2F, 0x60,
    0xAC, 0xF2, 0x99, 0xDF, 0xFD, 0x48, 0x7C, 0x4C, 0x36, 0x07, 0x38, 0xF8, 0x00, 0x76, 0x6E, 0x2C,
    0x08, 0xB3, 0x98, 0x05, 0x05, 0xA5, 0x65, 0x8A, 0x05, 0x8E, 0x00, 0xC4, 0x21, 0xD5, 0x74, 0x5F,
    0xB1, 0xB9, 0x31, 0xD6, 0xD3, 0x33, 0xF4, 0x5C, 0x6D, 0xE5, 0x23, 0x90, 0xED, 0x48, 0xAA, 0x4E,
    0xC9, 0x04, 0x0D, 0xA1, 0xEB, 0x74, 0xD5, 0xE9, 0x63, 0x08, 0x17, 0xC0, 0x29, 0x69, 0x08, 0xB7,
    0x68, 0x36, 0x51, 0x6D, 0x80, 0x8D, 0x21, 0x74, 0x31, 0x84, 0xAB, 0x13, 0x77, 0xB3, 0x59, 0x43,
    0x58, 0x8C, 0xF5, 0xD4, 0xF6, 0xA8, 0x7A, 0x0D, 0x4C, 0x1D, 0x94, 0x1C, 0xCC, 0xC2, 0x80, 0xD7,
    0x23, 0x2D, 0x4A, 0xC5, 0xA4, 0x54, 0x0D, 0x1A, 0x42, 0x13, 0x84, 0x7A, 0xD7, 0x60, 0x3F, 0x7D,
    0x68, 0x63, 0x08, 0x17, 0xED, 0x96, 0x9F, 0xCD, 0x40, 0xDB, 0xD7, 0x1C, 0x35, 0x84, 0xE2, 0x1E,
    0x9B, 0x82, 0xE1, 0x10, 0x42, 0x31, 0x50, 0x43, 0x98, 0x0B, 0x35, 0x28, 0x7E, 0xAA, 0xFD, 0x6E,
    0x06, 0x0D, 0x61, 0x1D, 0xA2, 0xA3, 0x0D, 0x2E, 0x49, 0x9E, 0xB8, 0xEA, 0x23, 0x9B, 0x35, 0xB2,
    0x65, 0x77, 0x74, 0xFB, 0x45, 0x77, 0x44, 0xCE, 0x56, 0x25, 0x0D, 0xE0, 0x7D, 0x92, 0x6E, 0x73,
    0x84, 0x73, 0xBE, 0xCD, 0x37, 0x74, 0xB2, 0x94, 0x53, 0x47, 0x16, 0x7E, 0xBB, 0x3C, 0x1C, 0x38,
    0x53, 0xEE, 0x01, 0x36, 0x87, 0x5B, 0x3A, 0x5A, 0xBC, 0xD4, 0x69, 0x74, 0xA5, 0x56, 0x13, 0x71,
    0x30, 0x6A, 0x3E, 0x3E, 0x5F, 0xCC, 0xB5, 0x64, 0x23, 0x9C, 0xBD, 0xA0, 0x04, 0xE0, 0xB1, 0xC4,
    0xAF, 0x5D, 0x7E, 0x1E, 0xD2, 0x52, 0xA9, 0xE0, 0xA4, 0x6C, 0xD8, 0x44, 0x1E, 0x94, 0x70, 0x02,
    0x7C, 0x18, 0xBF, 0x63, 0x69, 0xCF, 0xC7, 0xDB, 0xA0, 0x5C, 0x71, 0x51, 0x76, 0xBF, 0xA0, 0x32,
    0x3B, 0xCD, 0x2B, 0xD9, 0x92, 0x22, 0x78, 0x07, 0x59, 0x00, 0x3E, 0x8C, 0xDF, 0xD3, 0x78, 0x42,
    0xD9, 0x37, 0x2E, 0xC4, 0x38, 0xB5, 0xC7, 0x7C, 0xD8, 0xFF, 0x14, 0x3E, 0xFA, 0xE1, 0x78, 0x53,
    0xB9, 0xA9, 0x58, 0xFC, 0x5A, 0x53, 0xD2, 0x43, 0xD4, 0xA4, 0x24, 0x92, 0x15, 0xCD, 0x5E, 0xC4,
    0xD4, 0x5C, 0x17, 0x56, 0x28, 0xE2, 0x1B, 0x74, 0xD5, 0xA4, 0xB6, 0x9B, 0x51, 0xD7, 0x64, 0xB6,
    0xD7, 0xF5, 0x9A, 0xF4, 0x46, 0xB5, 0xC0, 0x8B, 0x09, 0x2B, 0xA8, 0x17, 0xCF, 0xF5, 0xEA, 0xFC,
    0x92, 0xDA, 0xD2, 0xFE, 0xDB, 0x28, 0xE4, 0x7E, 0x30, 0x40, 0xFD, 0x09, 0x47, 0x0F, 0x05, 0x4B,
    0x46, 0xDB, 0xB7, 0x5F, 0x8F, 0x3C, 0xDF, 0xD0, 0xEB, 0x71, 0xB9, 0x20, 0x15, 0x47, 0x1E, 0xF0,
    0x79, 0xCE, 0xF7, 0xDD, 0x25, 0xF9, 0xFE, 0x4D, 0x41, 0x72, 0x50, 0xDC, 0x14, 0x75, 0x21, 0x9B,
    0x53, 0x97, 0x97, 0xED, 0x28, 0xE8, 0x14, 0xEB, 0x87, 0xA0, 0x53, 0x6C, 0x07, 0x3D, 0x2B, 0x80,
    0x6F, 0x7A, 0x36, 0x20, 0xB9, 0x5E, 0xB4, 0xFC, 0xDF, 0x0F, 0xBA, 0x47, 0xF3, 0x0C, 0xB7, 0x46,
    0x6D, 0x0B, 0xE7, 0x08, 0x9C, 0xBC, 0xD2, 0xA8, 0x07, 0x6A, 0x6A, 0x45, 0xED, 0x62, 0xCB, 0x57,
    0xD9, 0x03, 0xED, 0x28, 0x1B, 0x18, 0xE2, 0x6B, 0x4D, 0x1A, 0xF3, 0xEC, 0x88, 0x26, 0x1D, 0x53,
    0xF5, 0xA8, 0xD4, 0xF6, 0xB8, 0x4D, 0x1D, 0x40, 0x9E, 0x52, 0x43, 0xC8, 0xF5, 0x90, 0x63, 0xBE,
    0x51, 0x22, 0x22, 0xA5, 0x6F, 0x41, 0xA9, 0x9D, 0x94, 0x1C, 0x1B, 0x21, 0xC3, 0x49, 0x28, 0xE3,
    0x26, 0x24, 0x3D, 0x26, 0x94, 0x73, 0x48, 0x83, 0x59, 0xA9, 0x16, 0xBA, 0x09, 0x23, 0xB4, 0xDC,
    0x43, 0x6E, 0xB0, 0x04, 0xFF, 0x9E, 0xC1, 0x13, 0x24, 0xE1, 0x65, 0x8B, 0xE3, 0xF2, 0x9B, 0x00,
    0x8A, 0x46, 0xD4, 0x6A, 0xB8, 0xE7, 0x46, 0x34, 0xD2, 0x1A, 0xDC, 0x69, 0xCD, 0x52, 0x0F, 0xE0,
    0x9F, 0xF1, 0x20, 0xC9, 0xE4, 0xDD, 0xD5, 0xCC, 0x73, 0x8B, 0xF3, 0x99, 0xA0, 0x38, 0xC0, 0x68,
    0xA8, 0xCC, 0x00, 0xBB, 0x63, 0x2F, 0x5F, 0xAB, 0x20, 0x08, 0x1C, 0xE3, 0x93, 0x5F, 0xDF, 0xD1,
    0x93, 0x23, 0x4A, 0x0A, 0xD6, 0x3C, 0x93, 0xF7, 0x38, 0x47, 0x39, 0xEA, 0x7A, 0xC5, 0x90, 0xB0,
    0xDE, 0x71, 0x80, 0x97, 0xA3, 0x25, 0x47, 0x58, 0x7D, 0x8B, 0xCC, 0x90, 0x7F, 0xC3, 0x3E, 0xE7,
    0x5C, 0xB2, 0xC7, 0xD3, 0x4D, 0x06, 0x91, 0xE7, 0x14, 0x57, 0x81, 0x82, 0xEA, 0x98, 0xA2, 0x9F,
    0x74, 0x47, 0x07, 0xFD, 0x8D, 0x88, 0xDE, 0xE3, 0x6A, 0x78, 0xF4, 0x24, 0x0E, 0x03, 0xB6, 0xE0,
    0x00, 0xC0, 0x68, 0x0F, 0x3A, 0x79, 0x72, 0x03, 0x36, 0x3E, 0x20, 0x5F, 0xC4, 0x24, 0x0C, 0xC8,
    0xBB, 0x2B, 0xE1, 0x91, 0x8A, 0x1D, 0xF2, 0x1E, 0xF0, 0x5B, 0xD5, 0x23, 0x53, 0xAB, 0x8A, 0xC9,
    0xCA, 0xA8, 0xEF, 0x8B, 0x15, 0x51, 0xAE, 0x82, 0x2F, 0xCF, 0xE1, 0x69, 0x00, 0x44, 0xDB, 0x21,
    0x63, 0xC3, 0x20, 0xE8, 0x43, 0xDC, 0xA3, 0x47, 0xAF, 0xD0, 0x18, 0xD3, 0x5F, 0xBD, 0xE6, 0x1C,
    0xA0, 0x0E, 0x0B, 0x00, 0xDB, 0xBC, 0x26, 0x08, 0xC1, 0xBA, 0x5B, 0x0E, 0x47, 0x0B, 0xAD, 0x89,
    0xA7, 0x3F, 0xE8, 0x7E, 0x65, 0x67, 0x0D, 0x4E, 0xF4, 0x95, 0x40, 0xCE, 0xF0, 0xC9, 0x9E, 0x92,
    0x9C, 0x60, 0xF6, 0x33, 0xFE, 0x61, 0xF3, 0xAB, 0x58, 0xD5, 0x32, 0x94, 0x14, 0xC3, 0x6A, 0x4A,
    0xF7, 0x99, 0xA0, 0x2B, 0x15, 0x86, 0x93, 0x4E, 0xD7, 0x7C, 0x69, 0x95, 0x0A, 0xB4, 0x47, 0xCA,
    0x35, 0xAA, 0x84, 0x9C, 0x49, 0xA9, 0xCE, 0x95, 0x7A, 0xBB, 0xF5, 0xF5, 0xB7, 0xF7, 0x17, 0x85,
    0x1B, 0x37, 0x68, 0x65, 0xA8, 0xD9, 0x4B, 0x52, 0xAA, 0x83, 0xB2, 0xA9, 0x32, 0xE8, 0x6A, 0xA8,
    0x82, 0x9B, 0x33, 0x72, 0xC8, 0x7C, 0x57, 0x93, 0x8B, 0x63, 0x7C, 0x05, 0x73, 0x30, 0xE4, 0x82,
    0x8C, 0x6C, 0xE2, 0x4B, 0xD4, 0x27, 0xA7, 0xB1, 0x00, 0xD7, 0x76, 0xAC, 0xC8, 0x1E, 0xAD, 0x3E,
    0xB4, 0xBC, 0xEB, 0x67, 0x59, 0xB0, 0xCD, 0xB2, 0x6A, 0x9D, 0xEA, 0x69, 0x07, 0x59, 0x2C, 0x4E,
    0x6E, 0x88, 0x53, 0x1B, 0xB5, 0xF8, 0x3E, 0xD0, 0x03, 0xB1, 0xCA, 0x18, 0x9F, 0x2C, 0x43, 0xED,
    0xFC, 0x56, 0xC9, 0xAE, 0x5A, 0x72, 0xC6, 0x98, 0xB1, 0x87, 0x89, 0xAF, 0x96, 0x37, 0x52, 0x13,
    0x02, 0xA7, 0x02, 0xE2, 0xC8, 0xA7, 0xA8, 0xDF, 0x13, 0xE4, 0x6F, 0x12, 0x28, 0xB8, 0xA4, 0x99,
    0x76, 0x16, 0xD2, 0x5C, 0x48, 0xC3, 0x99, 0x6E, 0x45, 0x71, 0x3C, 0xFF, 0xAB, 0xC9, 0xF5, 0xDC,
    0x17, 0x71, 0x9F, 0xBC, 0x10, 0x7D, 0x83, 0xF8, 0xD6, 0x67, 0x24, 0xC7, 0x82, 0xA8, 0x65, 0xA5,
    0x5D, 0x2E, 0x66, 0x42, 0xB1, 0xD9, 0x11, 0x39, 0x75, 0xE6, 0xE6, 0xDE, 0x3C, 0x3B, 0xA3, 0x44,
    0x2B, 0x42, 0xBB, 0x7F, 0x3D, 0x73, 0x0F, 0xF0, 0xAD, 0x9E, 0x93, 0x15, 0x9F, 0x2D, 0xD9, 0x9D,
    0x6C, 0xE2, 0xDB, 0x26, 0xBE, 0x0D, 0xA8, 0x77, 0x05, 0x88, 0x13, 0xB8, 0x8F, 0x09, 0xB4, 0x6A,
    0x5A, 0x97, 0x56, 0x55, 0x6E, 0x06, 0x32, 0xF6, 0x69, 0x9A, 0x93, 0x0F, 0xF8, 0xE0, 0x98, 0x7B,
    0x82, 0xD4, 0x91, 0x19, 0xC7, 0x74, 0x53, 0xB9, 0xFE, 0x29, 0x1B, 0xF8, 0xCE, 0xF5, 0x58, 0x51,
    0x8D, 0xF8, 0x16, 0xB2, 0xF0, 0x41, 0x31, 0x57, 0xD7, 0x12, 0x6D, 0xE7, 0x02, 0x18, 0x5C, 0xAF,
    0x10, 0xBF, 0x3E, 0x8D, 0x93, 0x0F, 0x4A, 0x4C, 0x4B, 0xC0, 0x04, 0x38, 0x7D, 0x02, 0x57, 0x30,
    0xA0, 0x9D, 0x50, 0x2D, 0xC8, 0x46, 0x1C, 0x89, 0x65, 0xD8, 0xB7, 0x8A, 0x01, 0xFE, 0x57, 0xDB,
    0x2A, 0xBE, 0x6D, 0xC9, 0x7D, 0x03, 0xBE, 0x81, 0x7C, 0x86, 0x59, 0xD0, 0x2E, 0x39, 0xFB, 0x6A,
    0xD3, 0xAC, 0xD8, 0xE1, 0x58, 0x3C, 0x65, 0xB3, 0x44, 0xFE, 0x2B, 0x6E, 0x96, 0x6F, 0x78, 0x2E,
    0xFB, 0xA6, 0x19, 0xDD, 0x37, 0x9A, 0xD3, 0x4B, 0x4E, 0xA8, 0x7F, 0xB1, 0xC0, 0x75, 0xC4, 0xEB,
    0xB0, 0xDD, 0x17, 0xD2, 0xBA, 0xEE, 0x1E, 0xBF, 0xB4, 0x88, 0x67, 0xF0, 0xBF, 0x59, 0xD9, 0x5D,
    0x85, 0x25, 0xB5, 0x3C, 0xB1, 0x7F, 0x5C, 0xD8, 0x3F, 0x7D, 0xFC, 0x88, 0x7E, 0xF2, 0x80, 0x2E,
    0xAF, 0x38, 0x6A, 0xC9, 0xF7, 0x02, 0xFB, 0x9B, 0x95, 0x9C, 0x5B, 0x53, 0x91, 0x41, 0x0A, 0xFE,
    0x40, 0x1F, 0x14, 0xF8, 0x39, 0x9B, 0x76, 0xE4, 0x0F, 0x76, 0xBC, 0x4D, 0x06, 0xF5, 0x18, 0x8A,
    0x9A, 0x95, 0x7C, 0x0F, 0x14, 0xB3, 0x9C, 0x9F, 0xF7, 0x95, 0x26, 0xED, 0x62, 0x11, 0xCC, 0x37,
    0x41, 0x50, 0x0C, 0x1C, 0x74, 0x3C, 0x6E, 0x6D, 0x97, 0x91, 0xF4, 0xA1, 0x64, 0x63, 0x18, 0xF4,
    0x3E, 0x61, 0xA8, 0x75, 0x59, 0xE0, 0x22, 0xF6, 0x12, 0x04, 0x17, 0x80, 0x36, 0xB4, 0x0F, 0x41,
    0xAD, 0xD3, 0xB9, 0x01, 0x60, 0xA3, 0x06, 0xCB, 0xF0, 0x2C, 0x56, 0x98, 0x0D, 0xF5, 0x72, 0xBE,
    0xC0, 0xA4, 0xDA, 0x59, 0x6B, 0xF2, 0xC5, 0x37, 0x1B, 0x1C, 0x24, 0x63, 0xF3, 0x69, 0x40, 0xBA,
    0xB5, 0x05, 0x60, 0xA8, 0x35, 0xEA, 0xBF, 0xA2, 0xD8, 0xFD, 0x69, 0xD8, 0x01, 0xEF, 0x2E, 0x9F,
    0xD4, 0x7F, 0x0F, 0xBF, 0x94, 0x5C, 0x85, 0x1C, 0xD9, 0xC0, 0xAE, 0x7A, 0xB5, 0x9C, 0x33, 0x38,
    0xEC, 0x14, 0xCE, 0x57, 0xCA, 0xF6, 0x12, 0xD5, 0xFF, 0xC7, 0x64, 0x39, 0x48, 0x67, 0x79, 0x2E,
    0x25, 0x19, 0x12, 0xA5, 0xAC, 0x55, 0x4C, 0x82, 0x66, 0x83, 0xBA, 0xDA, 0x09, 0x71, 0x14, 0xAC,
    0x57, 0xC1, 0x9C, 0x82, 0xF8, 0x43, 0xC5, 0x07, 0x26, 0x10, 0x54, 0xD4, 0x25, 0x3D, 0x29, 0x79,
    0xE2, 0x2E, 0x25, 0xB0, 0xD2, 0x9E, 0x51, 0x45, 0x97, 0x70, 0x9D, 0x8D, 0x5D, 0x36, 0x68, 0x97,
    0xF5, 0xDA, 0x35, 0x01, 0x70, 0x7D, 0x7B, 0x1F, 0xC6, 0xA3, 0xA9, 0xE6, 0x98, 0xCE, 0xCD, 0x98,
    0x5A, 0xAB, 0x78, 0xDE, 0x71, 0x3A, 0xCC, 0x62, 0xC7, 0x6D, 0x38, 0xFC, 0xB5, 0xE0, 0xE3, 0x8A,
    0x2E, 0x76, 0x5F, 0x38, 0xFC, 0x1D, 0xBA, 0x45, 0x77, 0xF4, 0x87, 0x85, 0x74, 0x36, 0xE2, 0x6A,
    0x78, 0x74, 0x12, 0x1D, 0x0A, 0x6A, 0xFF, 0x74, 0x78, 0x69, 0xB6, 0xFE, 0x39, 0x9B, 0x34, 0xC2,
    0xD3, 0xEB, 0xB2, 0x9F, 0x07, 0xC2, 0x95, 0xF0, 0x48, 0xC5, 0xCC, 0x18, 0x00, 0xC7, 0x2F, 0x8D,
    0x5A, 0x67, 0x00, 0x96, 0x5A, 0x6A, 0xFE, 0x53, 0x46, 0x44, 0xB9, 0x0A, 0xBE, 0xE8, 0x8B, 0xA4,
    0xFA, 0x5A, 0xA9, 0x9E, 0x3E, 0x44, 0xD4, 0x3D, 0x41, 0x8F, 0x5E, 0x8D, 0x31, 0x76, 0x43, 0x80,
    0xE1, 0x12, 0xF8, 0x26, 0xDE, 0x17, 0x7F, 0xD0, 0xAB, 0x5B, 0x17, 0x80, 0xCB, 0xF2, 0xDE, 0x4D,
    0x3D, 0xAE, 0x68, 0x82, 0xA0, 0xED, 0x64, 0x82, 0xDD, 0x6A, 0x28, 0x16, 0x0D, 0xC5, 0x7C, 0x6F,
    0x28, 0x0C, 0x61, 0x26, 0x38, 0x75, 0xE7, 0x45, 0x8D, 0xED, 0x2C, 0x63, 0x3E, 0x1F, 0xC5, 0xE5,
    0xA2, 0x17, 0x34, 0x61, 0xC7, 0x50, 0x43, 0xF4, 0x1B, 0x8A, 0xAF, 0xC1, 0x05, 0xF7, 0x1F, 0x93,
    0x84, 0xE2, 0xAD, 0x41, 0x42, 0xF1, 0x4E, 0x00, 0x1B, 0xC3, 0xE6, 0x10, 0x8A, 0x5C, 0x43, 0x91,
    0xED, 0xD8, 0x4B, 0x58, 0x36, 0xA0, 0x1A, 0xBE, 0xD6, 0x9C, 0xDB, 0x55, 0x37, 0xC7, 0x4F, 0x55,
    0x9E, 0x8B, 0xD4, 0x46, 0x62, 0x88, 0x34, 0x29, 0xD5, 0x9B, 0x52, 0x9E, 0xF6, 0xBA, 0x5E, 0xA9,
    0x0A, 0x78, 0x17, 0xB9, 0x89, 0x96, 0x28, 0x39, 0xC2, 0x2B, 0xC5, 0xD9, 0x87, 0x76, 0x16, 0xEA,
    0xF7, 0x8F, 0x6C, 0x7A, 0x93, 0x45, 0x68, 0xA8, 0x38, 0x6A, 0xB8, 0xFF, 0x67, 0xEB, 0x60, 0xC9,
    0x3F, 0xD1, 0xF9, 0xC8, 0x5C, 0xEE, 0x84, 0x6F, 0x22, 0x83, 0x48, 0x16, 0x94, 0xAA, 0x41, 0xC9,
    0x4D, 0x4A, 0x1C, 0x8F, 0xFE, 0x24, 0xEC, 0x1C, 0xE3, 0xD2, 0x1F, 0xFA, 0xFD, 0xAA, 0x3B, 0x9D,
    0xDD, 0x8C, 0x3E, 0x2F, 0x4A, 0x96, 0x4A, 0x9E, 0x41, 0x7B, 0xD8, 0x8E, 0x9A, 0xB5, 0x4A, 0x39,
    0x58, 0x07, 0x6C, 0x00, 0x9E, 0x00, 0x3E, 0x7B, 0xD5, 0x9D, 0xCE, 0x3A, 0xDC, 0x11, 0x9F, 0xA7,
    0x62, 0x51, 0xFF, 0xAA, 0x48, 0xEA, 0x66, 0x35, 0x16, 0x4B, 0xAC, 0x72, 0x7A, 0xF5, 0x07, 0x74,
    0xDE, 0x5D, 0x24, 0x9E, 0x76, 0x3C, 0x3C, 0xA5, 0xAA, 0xA8, 0xE3, 0xFB, 0xE8, 0x7E, 0xF9, 0x17,
    0x1F, 0xEA, 0x26, 0x3E, 0xD9, 0x72, 0xAA, 0xB8, 0x45, 0x7C, 0x7E, 0x6B, 0x72, 0xFF, 0x46, 0xB1,
    0x01, 0x2E, 0x88, 0x41, 0xAE, 0x03, 0x1B, 0xF8, 0x7D, 0xDB, 0x15, 0xD9, 0x09, 0x39, 0xD4, 0xE7,
    0x0B, 0x50, 0x0F, 0x12, 0x48, 0x33, 0x16, 0xB3, 0x44, 0xBA, 0x1A, 0x81, 0x62, 0x31, 0x11, 0x7B,
    0x20, 0x5F, 0xAD, 0xA6, 0x4A, 0xD7, 0x01, 0xF0, 0xBA, 0xFC, 0x6F, 0xA3, 0x55, 0x9B, 0xA0, 0x5D,
    0x04, 0x4D, 0xC4, 0x59, 0x71, 0xBC, 0x40, 0xDB, 0x1F, 0xA6, 0x07, 0xF0, 0xCD, 0x61, 0xBE, 0x56,
    0x2F, 0x17, 0x77, 0x98, 0x8E, 0x5E, 0x4E, 0x8E, 0x59, 0xD8, 0x53, 0x90, 0x8A, 0xB7, 0x15, 0xF3,
    0x5F, 0x0E, 0x5F, 0x68, 0x76, 0xAC, 0x38, 0xED, 0xD8, 0x72, 0x4B, 0xCF, 0xA8, 0x73, 0x8E, 0x39,
    0x43, 0x2E, 0xBE, 0x0F, 0x52, 0xD3, 0x8D, 0x82, 0x56, 0xD1, 0x4C, 0x8A, 0xF3, 0xBB, 0xA2, 0xD6,
    0xA9, 0x8F, 0xCE, 0x72, 0x83, 0xA0, 0xB4, 0x29, 0xB9, 0x26, 0xE7, 0x96, 0xAE, 0x35, 0x2B, 0x76,
    0x3B, 0x7E, 0xEA, 0xEF, 0xDE, 0xCB, 0xDA, 0x82, 0x8D, 0x7A, 0xBA, 0x02, 0xA0, 0xE2, 0x0B, 0x67,
    0x2F, 0x03, 0x38, 0xBC, 0xE2, 0x5A, 0x4D, 0x72, 0x51, 0xB3, 0x24, 0x4C, 0x7B, 0xF2, 0x26, 0xEB,
    0x7E, 0x67, 0x7B, 0xFF, 0x7F, 0x01, 0xED, 0x9C, 0x3D, 0xB0, 0xE7, 0x56, 0x79, 0xFF, 0xBF, 0x92,
    0xD6, 0x2B, 0x66, 0xF5, 0xFF, 0x47, 0x5B, 0xD8, 0x85, 0xBD, 0x19, 0x94, 0xC2, 0x85, 0xC1, 0x60,
    0x35, 0x14, 0x14, 0xC1, 0x47, 0xE0, 0xD2, 0x45, 0x5C, 0xD8, 0x29, 0x42, 0x01, 0x05, 0x05, 0xB8,
    0x59, 0xCA, 0x14, 0x36, 0x52, 0x48, 0x91, 0x32, 0xB7, 0xA1, 0xCE, 0x16, 0x26, 0x03, 0x4B, 0xE1,
    0x86, 0xC2, 0x93, 0x31, 0x96, 0x02, 0x45, 0x8A, 0x34, 0x9A, 0x61, 0x98, 0x14, 0x14, 0x68, 0x26,
    0x66, 0x26, 0x63, 0x0A, 0xCE, 0x80, 0xC8, 0x68, 0xD7, 0x47, 0xFA, 0xE6, 0xF7, 0x3C, 0x8F, 0x7E,
    0x6F, 0xBB, 0x3F, 0xB3, 0xC6, 0xDE, 0xC5, 0x7B, 0xAF, 0x7D, 0x46, 0xFA, 0x7E, 0xCE, 0xD5, 0xCB,
    0x79, 0x79, 0x9E, 0x47, 0xBA, 0xE7, 0x4A, 0x47, 0x17, 0x28, 0xC9, 0x0E, 0x00, 0xDC, 0x31, 0xDF,
    0x3B, 0x45, 0x95, 0xB1, 0x1E, 0x8C, 0xF4, 0x2B, 0x47, 0x45, 0xCC, 0x49, 0x99, 0xBC, 0x1B, 0x94,
    0xE9, 0xEF, 0x67, 0x65, 0xF6, 0xBB, 0x45, 0x99, 0x0F, 0x54, 0x16, 0x1D, 0x2B, 0xA1, 0xEB, 0xDA,
    0x4E, 0xD9, 0x38, 0x65, 0x0B, 0xD7, 0x0B, 0x89, 0xD2, 0x03, 0x88, 0x66, 0x14, 0xC2, 0x38, 0x20,
    0x9F, 0x00, 0x24, 0x01, 0x59, 0x90, 0x62, 0x47, 0xA4, 0xC2, 0xDC, 0x23, 0x59, 0x84, 0x24, 0x09,
    0xA0, 0x5C, 0xE9, 0x84, 0x0D, 0x50, 0x77, 0x00, 0x3B, 0xA0, 0xAD, 0x80, 0xB6, 0x07, 0x74, 0xDF,
    0x80, 0x68, 0x11, 0x7A, 0x24, 0xB3, 0x9C, 0x33, 0xE2, 0x3A, 0x07, 0x5C, 0x26, 0x1B, 0x32, 0x48,
    0x51, 0xC3, 0x96, 0xA8, 0xB5, 0xB4, 0x76, 0xAF, 0xF7, 0x48, 0xD1, 0xCB, 0x67, 0x1B, 0x69, 0xB9,
    0x58, 0x93, 0x3A, 0xD5, 0x41, 0x9A, 0x59, 0x7B, 0xE4, 0x03, 0xCA, 0x8D, 0xF6, 0xF2, 0x63, 0xD6,
    0x89, 0x02, 0x87, 0xFA, 0xD8, 0xD7, 0xBC, 0xD6, 0xE2, 0x91, 0x52, 0xB4, 0xE0, 0xCD, 0xD7, 0xBD,
    0x34, 0x33, 0xDF, 0x68, 0xAF, 0xDA, 0xAD, 0x5A, 0x6C, 0x74, 0x40, 0x2B, 0x7B, 0x53, 0x7A, 0xE9,
    0xF6, 0x6F, 0xD8, 0xE4, 0xE4, 0x3F, 0xB1, 0x8F, 0x39, 0xA5, 0xEC, 0xF1, 0x78, 0x15, 0x01, 0xC0,
    0x67, 0x10, 0x37, 0x42, 0x87, 0x6C, 0xB5, 0x73, 0xA1, 0x2C, 0x16, 0xB3, 0x7F, 0x46, 0xF3, 0x4B,
    0x24, 0xFE, 0xFB, 0xC4, 0xDF, 0x97, 0x10, 0x01, 0x78, 0x13, 0x65, 0xA5, 0x4D, 0x03, 0xE0, 0x7E,
    0x61, 0xF5, 0x04, 0x35, 0x96, 0x76, 0xBA, 0x6D, 0xCE, 0x81, 0xEF, 0x2F, 0xB4, 0xEF, 0x50, 0xA8,
    0xEF, 0x84, 0x83, 0x30, 0x22, 0x07, 0x6D, 0xF9, 0x8C, 0xB5, 0xC5, 0x46, 0x67, 0xC0, 0x4F, 0x56,
    0xCE, 0x2B, 0xB9, 0xE5, 0xBB, 0x95, 0xD2, 0xB1, 0x51, 0xE6, 0x2B, 0x71, 0xF5, 0xA1, 0xF1, 0x67,
    0xAE, 0xFE, 0xAC, 0xCF, 0x00, 0x44, 0x41, 0xBD, 0xE5, 0x45, 0xB3, 0x41, 0x34, 0xEF, 0x0F, 0xAA,
    0x5D, 0x6E, 0xC8, 0x5E, 0xF3, 0xB1, 0xE9, 0x9A, 0xEC, 0x42, 0x37, 0x97, 0xC9, 0x69, 0x52, 0x8B,
    0xF6, 0x79, 0x17, 0x0A, 0xE6, 0xEF, 0xAF, 0x63, 0x9F, 0x2E, 0xDF, 0xAC, 0x80, 0x88, 0x5C, 0x2A,
    0xED, 0xF6, 0x88, 0x9A, 0xE4, 0x14, 0x71, 0x44, 0x31, 0x25, 0x6C, 0x90, 0x4C, 0x62, 0xEB, 0x64,
    0xCC, 0x83, 0xA8, 0xF8, 0x3F, 0x1E, 0xDD, 0x46, 0x71, 0xA3, 0xEE, 0xB5, 0xA2, 0x6E, 0xAF, 0xFC,
    0xA3, 0xDA, 0x9A, 0xF6, 0xFB, 0x40, 0xD5, 0x72, 0x50, 0x4E, 0xA2, 0x45, 0x30, 0xBF, 0x00, 0xF0,
    0x09, 0x7B, 0x64, 0x53, 0xC4, 0x39, 0x6A, 0x27, 0xD4, 0xE6, 0x0C, 0x72, 0xC1, 0xD6, 0xFD, 0x97,
    0x5F, 0x83, 0xA4, 0xFF, 0xA7, 0x25, 0x69, 0x7C, 0x37, 0x72, 0x6A, 0x05, 0xB8, 0x49, 0x0E, 0xEA,
    0x60, 0x41, 0x14, 0x0F, 0xB8, 0x3B, 0x3D, 0x71, 0x06, 0x64, 0x64, 0x8F, 0x5A, 0xFB, 0x79, 0xBB,
    0x9D, 0x12, 0x56, 0xC9, 0x94, 0x07, 0x24, 0x63, 0x31, 0x22, 0x91, 0xDE, 0x45, 0xA3, 0x1B, 0x00,
    0x8B, 0xFA, 0xBA, 0xBB, 0x5B, 0x74, 0x87, 0x1D, 0xE2, 0x2D, 0x58, 0x01, 0x31, 0xD0, 0xB7, 0x53,
    0x36, 0x59, 0x88, 0xC5, 0x82, 0x68, 0xA5, 0x8E, 0x9C, 0x33, 0x80, 0x6F, 0x55, 0xD8, 0xA6, 0xD4,
    0x3A, 0xBB, 0x88, 0xB6, 0xEC, 0x80, 0x98, 0xB5, 0x07, 0x72, 0xB5, 0x72, 0xD1, 0x83, 0xC0, 0x15,
    0xE0, 0x2F, 0xCF, 0xBB, 0x7B, 0x44, 0xB1, 0x5A, 0x2B, 0xA2, 0x07, 0x52, 0x06, 0xA0, 0xFC, 0x1D,
    0x81, 0xB6, 0x71, 0x3D, 0x66, 0x64, 0x1E, 0xDF, 0x46, 0xD4, 0x3D, 0x34, 0xEE, 0xB1, 0x58, 0xC9,
    0xAC, 0x9B, 0xF3, 0x5E, 0x75, 0xCB, 0x3E, 0x92, 0x2E, 0x80, 0x63, 0xCA, 0x6A, 0x5B, 0x28, 0x7B,
    0x93, 0xF5, 0xC7, 0x67, 0x1E, 0xAA, 0xAB, 0xE5, 0x12, 0x90, 0x37, 0x78, 0x15, 0x28, 0xC6, 0x78,
    0x01, 0x92, 0xA5, 0x98, 0x00, 0x90, 0x5A, 0x18, 0xAB, 0x9D, 0x6B, 0xA2, 0xB3, 0x0B, 0xE0, 0x94,
    0xAB, 0x40, 0x85, 0x37, 0x90, 0xF4, 0x20, 0x8A, 0x01, 0x6E, 0x60, 0x83, 0x9C, 0xD2, 0x6D, 0x6A,
    0xAF, 0xD5, 0x78, 0xD5, 0x43, 0xE3, 0x9E, 0x4B, 0xBA, 0xAC, 0xFE, 0x41, 0xE1, 0x93, 0x05, 0x40,
    0xBA, 0xE8, 0xA9, 0xAB, 0x8B, 0xE0, 0x08, 0x68, 0x49, 0x8A, 0xF8, 0x0C, 0x77, 0x26, 0xA7, 0x25,
    0x2B, 0xD8, 0xE0, 0x69, 0x81, 0x07, 0xD8, 0xA0, 0x0D, 0x8A, 0x8C, 0x8A, 0x98, 0x8D, 0x00, 0xEC,
    0x14, 0x6E, 0x30, 0x78, 0x45, 0x69, 0x28, 0x46, 0x45, 0x3E, 0xBD, 0x6F, 0x8C, 0x8A, 0x62, 0x5F,
    0xCA, 0xBE, 0xE8, 0xBA, 0x3F, 0xA8, 0x2F, 0x21, 0x04, 0xC5, 0x2C, 0xB8, 0xCC, 0x09, 0xD7, 0x48,
    0xB2, 0xD7, 0x56, 0x2F, 0x50, 0xAC, 0x3D, 0x7B, 0x24, 0x16, 0x47, 0xB6, 0x4C, 0xA6, 0x3D, 0x4A,
    0x26, 0x3A, 0x60, 0x62, 0x7A, 0x84, 0x6C, 0x50, 0xE4, 0xDD, 0x21, 0xD4, 0x9D, 0xFF, 0x2A, 0xC8,
    0x48, 0x41, 0xAD, 0x88, 0xB8, 0xB4, 0x04, 0x12, 0x56, 0x11, 0xD5, 0x9A, 0x82, 0x62, 0x52, 0x94,
    0x5E, 0xE1, 0x06, 0x43, 0x7F, 0x84, 0x4E, 0x51, 0x77, 0xA7, 0xF6, 0x0D, 0x06, 0xAF, 0x28, 0x47,
    0x85, 0xC4, 0x0C, 0xA5, 0xF2, 0xAA, 0xD4, 0xFA, 0x48, 0xBE, 0x0D, 0x90, 0x93, 0xB8, 0xA3, 0x64,
    0x27, 0x88, 0x5E, 0xC3, 0xD5, 0x07, 0xEA, 0xBF, 0xC7, 0xF8, 0x8B, 0x17, 0x37, 0x70, 0x64, 0xD8,
    0xE3, 0xB3, 0x7C, 0xE7, 0x07, 0x0F, 0xDE, 0x7F, 0x9A, 0x5A, 0xEE, 0xF5, 0x9A, 0x6A, 0xB4, 0xAA,
    0xAC, 0x64, 0x58, 0x15, 0x2F, 0xFD, 0x2D, 0x5F, 0xD4, 0xED, 0x22, 0x5F, 0x26, 0x10, 0xAB, 0xB7,
    0x9C, 0x2A, 0x45, 0x13, 0x36, 0x31, 0x91, 0xCF, 0x88, 0x36, 0x3A, 0x89, 0x9A, 0xBB, 0xDC, 0xA0,
    0xDA, 0x1F, 0x68, 0x27, 0x5A, 0xAB, 0x1E, 0x6D, 0x1F, 0x54, 0xBD, 0xA8, 0x39, 0xC9, 0x7C, 0x64,
    0x2E, 0x5A, 0x3D, 0x44, 0x4E, 0x0C, 0xE6, 0x1F, 0x71, 0xCF, 0xA3, 0x1A, 0x3E, 0xFE, 0x58, 0x4F,
    0x27, 0xF3, 0x9C, 0x37, 0x35, 0xF7, 0xA9, 0xDB, 0x54, 0x53, 0xD5, 0xC4, 0xD4, 0xEC, 0x8A, 0xF7,
    0xD6, 0x77, 0x6E, 0xBE, 0x06, 0x68, 0x38, 0xEC, 0x75, 0x5C, 0xF7, 0xDE, 0x5B, 0x63, 0xAB, 0xE5,
    0x48, 0xAF, 0x59, 0xDB, 0x0E, 0x14, 0x1B, 0x34, 0x22, 0x9D, 0xC9, 0x7B, 0xA7, 0x97, 0xED, 0xA6,
    0xA8, 0x57, 0x50, 0x1F, 0xC9, 0xB9, 0x09, 0x51, 0x84, 0x3C, 0x20, 0x0D, 0xF9, 0x88, 0x64, 0x29,
    0x3D, 0x62, 0xAA, 0x75, 0xDD, 0x3B, 0x37, 0x6F, 0x52, 0xCB, 0x57, 0xA9, 0x37, 0x3F, 0xDE, 0x74,
    0x27, 0x6E, 0x8A, 0xC5, 0xB4, 0x0E, 0x08, 0x3E, 0x97, 0xB2, 0xB9, 0xBC, 0xC4, 0x1A, 0x3D, 0x2D,
    0x39, 0xA0, 0xE0, 0x22, 0x55, 0x56, 0xC0, 0xE5, 0x06, 0x37, 0x80, 0xBC, 0x8B, 0x46, 0x20, 0xF3,
    0x89, 0x07, 0x12, 0xB6, 0x03, 0x10, 0x59, 0x6B, 0xCB, 0x19, 0x92, 0xAA, 0x73, 0xED, 0x83, 0x4B,
    0xDA, 0x66, 0xE4, 0x1D, 0x5C, 0x55, 0x34, 0x28, 0x7F, 0xDD, 0xEA, 0x6F, 0x5A, 0x20, 0x61, 0x00,
    0x50, 0x9F, 0x3D, 0x34, 0xDE, 0x58, 0x87, 0x6C, 0xF9, 0xC1, 0xEF, 0x63, 0x53, 0xDB, 0x12, 0xF7,
    0x17, 0xE0, 0x8A, 0x38, 0x1C, 0xCA, 0x0D, 0x26, 0xEB, 0x8F, 0x9F, 0xC6, 0x43, 0xE2, 0x88, 0x73,
    0x6A, 0x58, 0x44, 0x7A, 0x4A, 0x3A, 0x6A, 0xC4, 0x74, 0xA2, 0x85, 0x96, 0x51, 0xAA, 0xBA, 0x4E,
    0xF3, 0xFA, 0x87, 0x78, 0xAE, 0xC7, 0xC7, 0xAA, 0xB8, 0xF4, 0xD1, 0xD8, 0xB9, 0x6D, 0x80, 0x28,
    0x6C, 0x9F, 0x19, 0x64, 0xBD, 0x36, 0x5A, 0x64, 0x10, 0x91, 0x66, 0xEA, 0xA3, 0x80, 0x48, 0x04,
    0xDB, 0x76, 0x6A, 0xF8, 0xBC, 0xB9, 0xD1, 0x21, 0x0D, 0x40, 0x36, 0x97, 0x7E, 0x77, 0xAF, 0xAA,
    0x79, 0x70, 0xA5, 0x9C, 0x9D, 0xEB, 0x6B, 0xE4, 0x60, 0x64, 0x5D, 0xE9, 0xC8, 0xBA, 0xBD, 0x7B,
    0x64, 0x5D, 0x36, 0x0F, 0xD3, 0xD5, 0xA2, 0x29, 0x5A, 0x14, 0x19, 0x2D, 0xEA, 0xCC, 0x71, 0xED,
    0xAF, 0xD4, 0xC7, 0x4B, 0x4C, 0x40, 0x6C, 0xED, 0x1A, 0x20, 0x6E, 0x90, 0x1E, 0xFD, 0x59, 0x7A,
    0x06, 0x75, 0x23, 0x87, 0xDD, 0x03, 0xB8, 0x5A, 0x11, 0x71, 0xC2, 0x65, 0x22, 0x61, 0x07, 0xB4,
    0xC8, 0x28, 0x6E, 0xB6, 0xD1, 0xB9, 0x43, 0x39, 0x2A, 0xB4, 0x95, 0x8F, 0x5B, 0x8B, 0x81, 0xB6,
    0x37, 0x74, 0x0A, 0xDE, 0x8D, 0x47, 0x5E, 0x14, 0xB4, 0x9C, 0x57, 0xC8, 0x91, 0xD7, 0x38, 0xE8,
    0x79, 0x44, 0x3D, 0x28, 0x9C, 0x37, 0x8C, 0x8A, 0x22, 0x28, 0x72, 0x2A, 0xB4, 0x2D, 0x44, 0xC4,
    0x5B, 0xB8, 0xB6, 0x6B, 0xA7, 0xB6, 0x7A, 0x86, 0x94, 0xC8, 0x0A, 0x40, 0xF4, 0x92, 0x28, 0x1E,
    0x13, 0x81, 0x6E, 0x49, 0xA8, 0x61, 0xAD, 0xFE, 0x73, 0xFF, 0xBD, 0x68, 0x51, 0x6D, 0x83, 0x78,
    0x42, 0xD1, 0x03, 0xBD, 0x98, 0xE4, 0x44, 0x8A, 0x6E, 0x56, 0x6B, 0xF4, 0x76, 0x31, 0x45, 0x33,
    0xDE, 0x24, 0x9B, 0x7C, 0x12, 0xBF, 0x94, 0x1E, 0x59, 0x90, 0x8E, 0x27, 0x1B, 0xED, 0x90, 0xCC,
    0x5B, 0xED, 0x55, 0x07, 0xA4, 0x41, 0x8E, 0xC9, 0x83, 0x2C, 0xCE, 0x9E, 0xF5, 0xF5, 0x88, 0xA8,
    0x4D, 0xD4, 0xD8, 0x8D, 0xA6, 0x4B, 0x00, 0x92, 0x11, 0xEA, 0x1A, 0xD1, 0xFC, 0x0F, 0x2F, 0xBD,
    0x68, 0xBD, 0x19, 0xF4, 0xF8, 0x05, 0x09, 0x29, 0x35, 0x0E, 0x88, 0xD9, 0x89, 0xEF, 0x5C, 0xDF,
    0x42, 0x94, 0x7B, 0xED, 0x6C, 0xE8, 0xDA, 0xDE, 0xAA, 0xBE, 0xCA, 0xCA, 0xE9, 0x59, 0x99, 0xC6,
    0x31, 0x5A, 0xDE, 0x06, 0x80, 0x1B, 0xF8, 0x2C, 0xA4, 0x36, 0x3C, 0x0B, 0x00, 0x33, 0x66, 0x01,
    0x7F, 0x1B, 0x04, 0x8E, 0xFE, 0x20, 0x68, 0x24, 0xF4, 0x2F, 0x7E, 0x60, 0x3C, 0x8A, 0x08, 0x40,
    0x40, 0x09, 0xE0, 0xAD, 0xF5, 0x41, 0xFE, 0x72, 0xC7, 0x83, 0xFC, 0xA8, 0x6D, 0x70, 0x81, 0x43,
    0x02, 0x6F, 0xA8, 0x26, 0x5C, 0x51, 0x1D, 0x20, 0x26, 0xF6, 0x87, 0x68, 0xBA, 0xF8, 0x21, 0xB1,
    0x3E, 0xC8, 0x62, 0xA3, 0xBD, 0xEB, 0x4C, 0x77, 0x5B, 0xF0, 0x79, 0x5C, 0xD4, 0x60, 0xB8, 0xC0,
    0x4E, 0xDD, 0xA7, 0xAB, 0xAA, 0xD1, 0xAC, 0x48, 0x78, 0x88, 0xC8, 0x80, 0xC5, 0x10, 0x54, 0xA3,
    0x51, 0x91, 0x78, 0x45, 0xDC, 0xE1, 0x20, 0xC5, 0xAA, 0x99, 0x6E, 0x2B, 0x2A, 0x51, 0x67, 0x5D,
    0x56, 0xA5, 0x69, 0x73, 0xA0, 0xD5, 0x85, 0x0F, 0xA0, 0x7D, 0x2A, 0x7B, 0x63, 0x3B, 0x29, 0x12,
    0x2E, 0xCA, 0x5C, 0xBD, 0x0D, 0xB8, 0xA1, 0xF4, 0xBA, 0x1B, 0xC9, 0x24, 0x7C, 0x12, 0xB8, 0x71,
    0xF2, 0x2F, 0x2A, 0x24, 0xE4, 0xB8, 0xE5, 0xD3, 0x9C, 0x10, 0xB5, 0x3C, 0x53, 0x83, 0x66, 0x01,
    0x1F, 0x9E, 0x9B, 0xD1, 0xD6, 0xEB, 0x42, 0x49, 0x27, 0xA8, 0xC7, 0xDD, 0x3F, 0x5E, 0xE3, 0x2D,
    0x69, 0xFF, 0x8D, 0x3B, 0xFB, 0x85, 0x35, 0x15, 0xC3, 0x81, 0xCD, 0x62, 0x52, 0x90, 0x99, 0xC5,
    0x56, 0x83, 0xD5, 0x66, 0xAF, 0xA7, 0x80, 0x6F, 0xEF, 0xE3, 0x39, 0xE1, 0x78, 0x80, 0xA8, 0x55,
    0x20, 0xFF, 0x53, 0xF0, 0x2D, 0x45, 0xC9, 0x41, 0x02, 0x83, 0x0C, 0x16, 0x19, 0x8B, 0xA0, 0x4F,
    0xB9, 0xC1, 0x82, 0x58, 0x30, 0x69, 0x18, 0xE7, 0xE3, 0x83, 0x42, 0xD4, 0x2E, 0xD5, 0x35, 0x4E,
    0x09, 0xD9, 0x39, 0x2E, 0x2B, 0xB0, 0xA6, 0x3B, 0xDF, 0xC3, 0x5F, 0xE7, 0xDB, 0xB8, 0xCC, 0xA5,
    0x8A, 0x09, 0xA0, 0xF0, 0xB8, 0x93, 0x3F, 0xE2, 0x66, 0x2C, 0xDD, 0xDE, 0x3E, 0xA3, 0xA5, 0x61,
    0x65, 0x7F, 0xFA, 0xF8, 0x43, 0x4A, 0x3A, 0x41, 0xDD, 0x7F, 0xFF, 0xA8, 0xED, 0x3F, 0x35, 0xBF,
    0x20, 0x5A, 0xA3, 0xBF, 0x3A, 0xC0, 0x15, 0x03, 0x8E, 0xE0, 0x48, 0xEE, 0xF1, 0x18, 0xBF, 0xF7,
    0xD2, 0xF1, 0x21, 0x95, 0xA2, 0x9D, 0x05, 0xCF, 0x53, 0x2F, 0x5E, 0x7D, 0x18, 0x0F, 0xB2, 0x6A,
    0x3D, 0xC0, 0x51, 0x6F, 0xDE, 0xEC, 0x76, 0x5E, 0x98, 0x1E, 0x08, 0xAE, 0xF1, 0xED, 0xA8, 0x65,
    0xE3, 0x38, 0x27, 0x64, 0xBF, 0xC2, 0xA2, 0x1B, 0xA3, 0xE3, 0x6F, 0x7C, 0x4D, 0xFA, 0x90, 0xB2,
    0x7B, 0x12, 0x2F, 0xE3, 0x30, 0xE5, 0x64, 0x27, 0xEB, 0x15, 0x7D, 0xDE, 0x3A, 0x3C, 0xA8, 0x55,
    0xC3, 0x68, 0x5B, 0x97, 0xBD, 0x69, 0x8D, 0xFB, 0x82, 0xCF, 0x0F, 0x8E, 0xEC, 0xBE, 0x93, 0xB3,
    0xF9, 0xFB, 0x68, 0xC1, 0xA9, 0x94, 0xD1, 0xEB, 0x1A, 0xEB, 0x03, 0x95, 0x0F, 0xB7, 0xC6, 0x5C,
    0xAA, 0x8C, 0xEC, 0x64, 0xAD, 0x49, 0xB4, 0xB6, 0x9E, 0xBA, 0x2B, 0xEA, 0x2A, 0x77, 0x43, 0xB0,
    0x79, 0x50, 0xAB, 0xDE, 0xAD, 0xB6, 0x75, 0xD5, 0x9C, 0x5A, 0x86, 0xCD, 0x82, 0xBB, 0x52, 0x4B,
    0x59, 0x4A, 0x22, 0xFE, 0x13, 0x97, 0x92, 0x6F, 0x5B, 0x99, 0xDF, 0xC4, 0x95, 0xEA, 0x4D, 0x14,
    0x55, 0x0B, 0x07, 0xF7, 0x2E, 0x91, 0x33, 0x20, 0xE6, 0x00, 0x5C, 0xFA, 0x68, 0x3B, 0x7D, 0x09,
    0x11, 0x7E, 0x82, 0xA2, 0xAA, 0xE1, 0x74, 0x82, 0x4F, 0xC1, 0x19, 0x19, 0xC7, 0x93, 0x53, 0x7B,
    0x4A, 0x76, 0xBA, 0x66, 0x3A, 0x9A, 0xF9, 0x70, 0x6B, 0xC6, 0x5B, 0x28, 0x49, 0x5D, 0xAD, 0xEB,
    0x8E, 0x94, 0x8E, 0xB3, 0xF9, 0xF0, 0xCB, 0xA6, 0x83, 0x56, 0x20, 0x5C, 0x8F, 0x05, 0xF1, 0x84,
    0xC4, 0x23, 0xF5, 0xC8, 0x36, 0xCA, 0x1F, 0x27, 0x9C, 0xD0, 0x8E, 0x88, 0x20, 0x4F, 0x3D, 0xB8,
    0x5F, 0xF0, 0xC6, 0x7D, 0xF6, 0x39, 0x58, 0x25, 0x13, 0xB2, 0x01, 0x79, 0x87, 0xA2, 0x43, 0xD9,
    0xA3, 0x58, 0xFA, 0x9C, 0x83, 0xF8, 0xFD, 0x92, 0x0E, 0xC2, 0xD9, 0x45, 0xBA, 0x80, 0x8D, 0xFC,
    0xA8, 0xE9, 0xC1, 0x59, 0xE3, 0xBE, 0x74, 0x6A, 0xDF, 0xC4, 0x98, 0x0C, 0x2B, 0xA4, 0xA9, 0xAF,
    0xB3, 0x97, 0xFA, 0x92, 0x05, 0x0F, 0x2D, 0x24, 0xF2, 0x05, 0x8E, 0xDC, 0x61, 0x1D, 0x26, 0x07,
    0x45, 0x66, 0x28, 0x27, 0x55, 0x7A, 0x81, 0x3B, 0x7A, 0x5B, 0xFB, 0xC8, 0x0B, 0xD0, 0x40, 0x39,
    0x0A, 0x9D, 0x6A, 0xA7, 0x31, 0xD7, 0xBD, 0xA7, 0x53, 0x84, 0x96, 0xA8, 0xB9, 0x6A, 0xB9, 0xF5,
    0x04, 0x1E, 0x9C, 0xAA, 0xE7, 0x20, 0x35, 0x86, 0x9D, 0x02, 0xB8, 0x5B, 0x23, 0xD5, 0x58, 0x35,
    0x59, 0x76, 0x6F, 0x03, 0x72, 0x8E, 0xAA, 0xBD, 0xE8, 0x82, 0x35, 0x25, 0x93, 0xEC, 0xB7, 0x77,
    0xB0, 0x1D, 0x62, 0xB6, 0x23, 0xB2, 0x90, 0xCE, 0xC8, 0x7B, 0xB4, 0xB8, 0x7C, 0x38, 0x3D, 0x07,
    0x48, 0xC8, 0x49, 0x45, 0x87, 0xB5, 0x6A, 0xEA, 0x8F, 0x4E, 0x52, 0x91, 0x4C, 0x24, 0x9F, 0x00,
    0xB8, 0x11, 0x70, 0xF4, 0x22, 0xDD, 0x46, 0x16, 0x71, 0x70, 0xA5, 0xD6, 0xB0, 0x77, 0xA7, 0x70,
    0x01, 0xE0, 0x82, 0x64, 0x66, 0x93, 0xFB, 0x72, 0x28, 0xBA, 0xD4, 0x5F, 0x06, 0x3A, 0x1C, 0xA5,
    0xAB, 0x48, 0xE8, 0x75, 0x8D, 0xA5, 0xAC, 0xFC, 0x01, 0xAE, 0xDA, 0xA6, 0x01, 0x7A, 0xCB, 0x60,
    0x03, 0x2E, 0x00, 0x87, 0xE3, 0xDF, 0x20, 0xE4, 0xB4, 0xE3, 0x35, 0x8E, 0xB8, 0x2E, 0x46, 0x67,
    0xA3, 0x5D, 0x17, 0xE6, 0xA3, 0xB1, 0x1C, 0x8C, 0xAE, 0x33, 0xB2, 0x52, 0x46, 0x84, 0x32, 0x09,
    0xC6, 0x6C, 0x32, 0xE6, 0x5E, 0xF9, 0x4E, 0xDB, 0x2B, 0xC9, 0xEE, 0x0E, 0x7A, 0x65, 0x53, 0x8C,
    0xC6, 0x2C, 0x18, 0x13, 0x1A, 0x23, 0x36, 0x4A, 0xB4, 0x9D, 0xD1, 0x79, 0x63, 0x31, 0x19, 0xB3,
    0xD9, 0x98, 0xD0, 0x18, 0xD9, 0x6F, 0x2A, 0x5D, 0x1D, 0x79, 0xB4, 0x9E, 0x48, 0x57, 0x0D, 0xD1,
    0x6C, 0x4C, 0x78, 0xCC, 0x68, 0x25, 0xE6, 0x95, 0xC1, 0x10, 0x8D, 0xC6, 0x64, 0x30, 0xC6, 0xC7,
    0xBE, 0x7D, 0xC4, 0xAC, 0xBA, 0xD7, 0xA7, 0x55, 0xF1, 0x7E, 0xF5, 0x2A, 0x08, 0xC7, 0xB0, 0xD3,
    0x6B, 0x3C, 0x03, 0x11, 0xCF, 0x00, 0xD5, 0x21, 0x54, 0xAF, 0x52, 0x9D, 0x41, 0x75, 0x05, 0xDF,
    0xD1, 0xFE, 0xF3, 0x40, 0xBF, 0xC7, 0x4E, 0xF7, 0xF6, 0x7A, 0xA4, 0x17, 0xCD, 0x47, 0xD1, 0x2C,
    0x88, 0x26, 0x8B, 0x68, 0x44, 0x51, 0xBD, 0xDD, 0x4F, 0xA8, 0x6F, 0x49, 0x75, 0x8E, 0xA2, 0x05,
    0x71, 0x9C, 0xAA, 0xDD, 0x15, 0xAC, 0x05, 0x6C, 0x35, 0x55, 0x4D, 0x26, 0x55, 0xAF, 0x5B, 0x86,
    0xFD, 0xCB, 0x9D, 0x4C, 0x64, 0xFF, 0x6A, 0xE4, 0x05, 0xBD, 0x83, 0x8D, 0xA6, 0xA5, 0xF4, 0xAB,
    0x8A, 0x89, 0x24, 0x20, 0x96, 0xB6, 0x89, 0x16, 0x83, 0xA8, 0xEB, 0x44, 0xDB, 0x6A, 0xA3, 0x37,
    0x89, 0x8D, 0x72, 0x56, 0x25, 0x74, 0x4B, 0xA5, 0x7B, 0x3B, 0x51, 0xD7, 0x8B, 0x96, 0x5E, 0x34,
    0x9F, 0x44, 0xD3, 0x20, 0x9A, 0x2C, 0xA2, 0x91, 0xDD, 0xC7, 0x74, 0x84, 0x86, 0x7A, 0x11, 0x75,
    0x0B, 0xF0, 0xE8, 0xDE, 0x95, 0x1A, 0x3E, 0x68, 0x09, 0x20, 0xE5, 0xB8, 0x9B, 0x42, 0x98, 0x0F,
    0xEA, 0xC6, 0x53, 0x03, 0xCC, 0xC6, 0x54, 0x7C, 0x7A, 0xCB, 0x62, 0xF4, 0xCF, 0xAA, 0x59, 0x27,
    0x9A, 0xDF, 0xA5, 0x45, 0xA7, 0x2F, 0x69, 0x3A, 0x77, 0xA0, 0xC0, 0x5F, 0x21, 0x1E, 0x51, 0x04,
    0x30, 0x64, 0x1C, 0xDC, 0x8C, 0xB2, 0xC7, 0xA7, 0x00, 0x44, 0x70, 0xAC, 0x36, 0xCB, 0x35, 0x56,
    0xB8, 0xAF, 0xCB, 0x35, 0x4E, 0x8E, 0xCB, 0x66, 0x39, 0x9F, 0xE6, 0x3A, 0x4C, 0x11, 0xF6, 0x81,
    0x50, 0xFA, 0xBD, 0xE6, 0xA6, 0xC3, 0x9D, 0x6F, 0x30, 0x9D, 0x08, 0x3E, 0x77, 0x18, 0xF0, 0x9C,
    0x65, 0xB9, 0x3E, 0x23, 0xB9, 0xAF, 0xCB, 0x75, 0x0E, 0xE4, 0x44, 0x4E, 0xD8, 0xA6, 0x24, 0x20,
    0x9D, 0x65, 0x91, 0x4B, 0x29, 0x88, 0xCF, 0x13, 0x2F, 0x5D, 0x4F, 0x2B, 0xAC, 0xE9, 0x87, 0xEA,
    0x05, 0x9A, 0xAA, 0x2F, 0x6C, 0x74, 0x33, 0xAB, 0x06, 0xD1, 0x48, 0x35, 0x1E, 0x55, 0xFD, 0x47,
    0xED, 0x8B, 0x4B, 0x57, 0xCE, 0x38, 0xE7, 0x5E, 0xD6, 0xEB, 0x73, 0x3E, 0x24, 0x73, 0xDE, 0x6F,
    0xD6, 0xCE, 0xD6, 0xA2, 0x49, 0xE6, 0x52, 0x4C, 0x71, 0xBF, 0x57, 0xB1, 0x2D, 0xC8, 0x49, 0xD7,
    0xFB, 0x13, 0xC3, 0x6F, 0x88, 0x26, 0x3C, 0xA1, 0xBA, 0xF7, 0xBE, 0xDB, 0x0D, 0x00, 0xE7, 0xAD,
    0x5C, 0x17, 0x49, 0x3E, 0x88, 0xBC, 0xB1, 0x91, 0x98, 0x1B, 0x49, 0x58, 0xAD, 0x12, 0x53, 0x77,
    0x7C, 0x80, 0xF2, 0xC4, 0xAA, 0x6A, 0x52, 0x13, 0x4B, 0x85, 0x5E, 0x72, 0xA5, 0x6A, 0xC6, 0xA5,
    0x5A, 0x5F, 0xEC, 0xDE, 0x5B, 0x73, 0xD5, 0x56, 0xBC, 0xF2, 0xCB, 0x45, 0x3D, 0xE4, 0x55, 0x2B,
    0xD1, 0x09, 0x40, 0x4C, 0x39, 0xB2, 0x54, 0x75, 0xAA, 0x9F, 0x3F, 0x59, 0x5A, 0xE2, 0xEF, 0xD4,
    0x74, 0xA3, 0x03, 0x32, 0x9F, 0x91, 0xA4, 0x2F, 0x0F, 0x14, 0x91, 0x56, 0xA1, 0xAB, 0xDC, 0x36,
    0x71, 0xCF, 0xF5, 0xCB, 0x00, 0xAF, 0x03, 0xA4, 0xFA, 0x22, 0xD1, 0xC9, 0xA4, 0x15, 0x5A, 0x56,
    0x78, 0x45, 0xF7, 0xBF, 0xBF, 0xF5, 0x9A, 0x8E, 0xCB, 0x16, 0x5D, 0x25, 0xC5, 0xB0, 0x54, 0x56,
    0x8A, 0x88, 0x9D, 0x32, 0x5F, 0xD9, 0x2E, 0x8A, 0x84, 0xBD, 0x32, 0x9E, 0x61, 0xA9, 0xC1, 0x89,
    0xA4, 0x86, 0x23, 0x27, 0xC7, 0x49, 0xF9, 0x34, 0x03, 0x74, 0xE0, 0xC7, 0xC5, 0x06, 0xBE, 0x64,
    0xB5, 0xB2, 0x33, 0xB6, 0x83, 0xD1, 0x79, 0x63, 0x31, 0x19, 0xF3, 0xD9, 0x98, 0xD0, 0x18, 0xB3,
    0x51, 0x82, 0x9D, 0xB1, 0xF6, 0xC6, 0x72, 0x34, 0xE6, 0xC1, 0x98, 0x2D, 0xC6, 0x84, 0xC6, 0x88,
    0x3F, 0x53, 0xA2, 0xFD, 0xB9, 0xD1, 0xFD, 0xDE, 0x58, 0xBE, 0x6B, 0xCC, 0x69, 0x4C, 0x57, 0xC6,
    0x2B, 0xC1, 0xA0, 0xB6, 0x42, 0x1B, 0xE0, 0x38, 0x03, 0x6E, 0x65, 0x11, 0xD4, 0x4E, 0x66, 0x9E,
    0x6C, 0x50, 0x94, 0xA3, 0x82, 0x8A, 0x94, 0x8D, 0x6E, 0x0B, 0xA2, 0xA8, 0x7B, 0xC5, 0x33, 0x78,
    0xCF, 0xF4, 0xA8, 0xCE, 0x0E, 0x6E, 0x43, 0xCA, 0x59, 0xE0, 0xC8, 0x0A, 0xE5, 0xAC, 0x17, 0x5F,
    0xCC, 0x09, 0xD4, 0xB7, 0x04, 0x70, 0xF6, 0x30, 0xB3, 0x3C, 0x42, 0x71, 0x9F, 0x51, 0x72, 0x88,
    0xB9, 0x54, 0x2D, 0x43, 0x4A, 0x76, 0x2B, 0x3E, 0x6E, 0xDE, 0x3D, 0x91, 0xA2, 0x95, 0x45, 0x6F,
    0x74, 0xFE, 0x98, 0xE5, 0x60, 0xCC, 0xFB, 0x95, 0xDD, 0xD1, 0x45, 0x85, 0x67, 0x0D, 0xF8, 0xEB,
    0xF3, 0xE8, 0xF8, 0x7D, 0xAA, 0x54, 0xD3, 0x51, 0x91, 0x87, 0x43, 0x64, 0x93, 0x22, 0x39, 0x7A,
    0x89, 0x97, 0xF5, 0x8A, 0xBC, 0x31, 0xE0, 0x30, 0x5D, 0x02, 0xAE, 0x0A, 0x1D, 0x30, 0x29, 0xFB,
    0x2C, 0x58, 0x79, 0x6E, 0x10, 0x26, 0xA4, 0x9D, 0xD6, 0xCE, 0x0A, 0x14, 0xA3, 0xF1, 0x72, 0xF5,
    0x71, 0xBE, 0xF3, 0x44, 0xD8, 0x9A, 0xF4, 0x15, 0x81, 0x8F, 0xED, 0x77, 0x62, 0x7E, 0x3C, 0xA3,
    0xBF, 0x12, 0xE4, 0xF3, 0xEA, 0x92, 0x73, 0x7B, 0xE7, 0xD9, 0xBA, 0xBA, 0xBC, 0xE3, 0xB2, 0x2B,
    0x57, 0xE6, 0xC3, 0xCA, 0xEE, 0x98, 0x05, 0x8E, 0x2F, 0xBB, 0x57, 0x56, 0x5E, 0x45, 0x64, 0x9F,
    0x71, 0x14, 0xAC, 0x5A, 0x36, 0xC2, 0xE7, 0xC9, 0x01, 0xC8, 0xD8, 0x92, 0xA3, 0x99, 0xAE, 0x0C,
    0xC2, 0x11, 0xB9, 0xB2, 0x47, 0xAA, 0xD4, 0xA8, 0x79, 0xE0, 0xBC, 0xC2, 0x5B, 0xB8, 0xCE, 0x1B,
    0x28, 0x48, 0x90, 0xE3, 0x96, 0x87, 0x51, 0x1E, 0xE9, 0xE3, 0xCE, 0x49, 0x79, 0x8D, 0x01, 0x78,
    0x9D, 0x67, 0x68, 0x09, 0xC4, 0x01, 0x1B, 0x56, 0x2B, 0x3B, 0x63, 0x3B, 0x18, 0x9D, 0x37, 0x16,
    0xC1, 0x98, 0x2D, 0xC6, 0x84, 0xC6, 0x88, 0x9D, 0x12, 0xEC, 0x8D, 0xCE, 0x1B, 0xCB, 0xC9, 0x98,
    0x07, 0x63, 0x42, 0x63, 0xCC, 0xEF, 0x2A, 0xC1, 0x9F, 0x1A, 0xEB, 0xDF, 0x19, 0xCB, 0xFF, 0x35,
    0xE6, 0x8B, 0x31, 0xA5, 0x31, 0x59, 0x89, 0x2D, 0x6B, 0x7B, 0x49, 0x6B, 0xD1, 0x4D, 0x20, 0x5F,
    0x99, 0x05, 0x68, 0x4A, 0xEE, 0xC1, 0x74, 0x65, 0xBE, 0xB2, 0x1E, 0x15, 0x8E, 0xC3, 0xCA, 0xC6,
    0x38, 0xAD, 0x81, 0xBE, 0xC6, 0xB9, 0x85, 0xB9, 0x45, 0xB9, 0x05, 0xB9, 0xC5, 0xB8, 0xC5, 0xF6,
    0x5E, 0x8B, 0xFB, 0xA0, 0x25, 0x87, 0x8D, 0xB6, 0x0C, 0x3B, 0x05, 0x70, 0x42, 0x4B, 0xD3, 0x61,
    0x37, 0x65, 0x55, 0x9A, 0x24, 0x1E, 0x86, 0x68, 0x50, 0x95, 0x9D, 0xE4, 0xAC, 0xF9, 0x3D, 0x4E,
    0x27, 0xFD, 0xC0, 0x6A, 0x7F, 0x48, 0x4E, 0xB2, 0xDF, 0x7D, 0x07, 0xC2, 0x11, 0xF5, 0x8C, 0x84,
    0x0D, 0x52, 0x22, 0x9B, 0x75, 0xC8, 0xA7, 0x36, 0x6C, 0x7B, 0x6D, 0x87, 0x1B, 0x9C, 0xC2, 0xBB,
    0x41, 0x9B, 0xD6, 0x76, 0x7A, 0xF3, 0x55, 0xE4, 0x13, 0xEF, 0x8D, 0x56, 0x31, 0x2A, 0x0A, 0x5F,
    0x5B, 0x29, 0xEE, 0xA0, 0xE8, 0xB6, 0xB7, 0xD9, 0x25, 0x5D, 0xBE, 0x00, 0x09, 0xB5, 0x2D, 0x9B,
    0x6C, 0xC4, 0x29, 0x6A, 0x27, 0xA0, 0x25, 0xED, 0x8B, 0x62, 0xB2, 0xD2, 0x3E, 0xA8, 0x63, 0x1F,
    0xF9, 0xBE, 0x68, 0xB9, 0xFD, 0xE3, 0xA9, 0x5B, 0xF5, 0x1E, 0x49, 0xA7, 0x87, 0x22, 0xD3, 0x92,
    0x6A, 0x29, 0x36, 0xE2, 0x6D, 0x06, 0x24, 0x94, 0x0A, 0x73, 0xCD, 0x14, 0xFA, 0x07, 0xAA, 0x74,
    0x9D, 0x9D, 0x74, 0xB9, 0xED, 0x5C, 0x0F, 0xD4, 0x9D, 0x93, 0x2A, 0xFA, 0xFA, 0x2E, 0x5D, 0xF7,
    0xDA, 0x91, 0xDE, 0xCE, 0x3D, 0xFC, 0xE6, 0x03, 0x85, 0x64, 0xB4, 0xD5, 0xAD, 0xB6, 0xB0, 0xE0,
    0x82, 0xDD, 0xAC, 0xD1, 0x1B, 0xF8, 0x0C, 0x80, 0x78, 0x7C, 0x3F, 0xD3, 0x02, 0x2F, 0xBA, 0x43,
    0x55, 0x81, 0x6A, 0xFD, 0x52, 0x01, 0xAE, 0x2A, 0x3A, 0xE8, 0xB7, 0x0A, 0xDA, 0x45, 0xAC, 0x37,
    0x0D, 0xE0, 0xFA, 0xD9, 0xF9, 0x70, 0x2E, 0xFA, 0xBF, 0x10, 0x8D, 0x83, 0xF4, 0x03, 0xC9, 0xE4,
    0x04, 0x99, 0x77, 0xB2, 0x33, 0x1F, 0x5A, 0xFB, 0x10, 0xDE, 0x5C, 0xFD, 0x95, 0x49, 0x50, 0x46,
    0xFE, 0x63, 0xE0, 0x63, 0x7C, 0x31, 0x6E, 0x00, 0xD4, 0xCF, 0x4D, 0x00, 0xA8, 0xC3, 0xC7, 0x39,
    0x1F, 0xB6, 0x76, 0x4A, 0x46, 0xD7, 0x00, 0xA9, 0x77, 0xD8, 0x68, 0xF7, 0xA5, 0x73, 0xE2, 0xE9,
    0x97, 0x5E, 0x52, 0xA0, 0xA5, 0x24, 0x8F, 0x8C, 0x6B, 0xC6, 0x6D, 0x33, 0xBC, 0x85, 0xBA, 0x43,
    0xE2, 0xC5, 0x50, 0x9A, 0xC9, 0x16, 0x58, 0x26, 0x0F, 0x9A, 0x89, 0x7D, 0xE9, 0x35, 0x03, 0xB8,
    0x6D, 0xA6, 0x1E, 0xD6, 0x4C, 0xDB, 0xDD, 0x99, 0xA1, 0x64, 0xC8, 0x69, 0x9B, 0x09, 0x77, 0x64,
    0x7E, 0xFD, 0xD2, 0x8B, 0x96, 0x39, 0x7D, 0x7A, 0xDD, 0x1F, 0xD7, 0x75, 0x90, 0x29, 0x26, 0xCD,
    0x44, 0x53, 0x3E, 0xAF, 0x99, 0xB5, 0xCD, 0xF1, 0x14, 0xF1, 0x56, 0xD4, 0xF6, 0x48, 0x26, 0xD4,
    0xD4, 0x34, 0x21, 0xDF, 0x66, 0xD0, 0x5A, 0xE6, 0xF8, 0x33, 0x57, 0x5D, 0xD5, 0x55, 0xC9, 0xD6,
    0x5D, 0xBE, 0xD8, 0xB9, 0xAC, 0xBE, 0xAD, 0x6F, 0xE1, 0xAA, 0x6C, 0x61, 0x65, 0x73, 0xE8, 0x62,
    0xCE, 0x48, 0x16, 0x7B, 0x93, 0x30, 0xAD, 0xCF, 0xDE, 0xD1, 0x7A, 0x80, 0x10, 0xE7, 0xA8, 0x6B,
    0x2A, 0x71, 0x96, 0xBB, 0x7D, 0xF3, 0x26, 0x2B, 0x75, 0x27, 0x49, 0x56, 0xF5, 0x61, 0x4E, 0xF7,
    0xDE, 0x84, 0xE6, 0x3C, 0x20, 0x0E, 0xDE, 0xE5, 0xC4, 0xA4, 0x96, 0x93, 0x92, 0x35, 0x2E, 0x35,
    0x4C, 0x02, 0x00, 0x73, 0x37, 0x81, 0xCF, 0x21, 0x93, 0x60, 0x62, 0x1F, 0x53, 0xDD, 0xEE, 0x49,
    0xD2, 0x5C, 0xEF, 0xC8, 0xD1, 0xDC, 0x9F, 0xDA, 0x53, 0xA5, 0xBF, 0xDB, 0xC8, 0x13, 0xD5, 0xE1,
    0xD3, 0x93, 0xA2, 0x51, 0xB0, 0x13, 0xCD, 0xD8, 0xEF, 0x9F, 0x9C, 0x24, 0x1C, 0x0E, 0x9F, 0x9B,
    0x34, 0xA7, 0xBF, 0x65, 0x1A, 0x0D, 0xAC, 0xF0, 0xB4, 0xA0, 0xB7, 0x37, 0x55, 0x5E, 0x80, 0x72,
    0x52, 0xE4, 0x41, 0x91, 0x19, 0xD2, 0x23, 0x64, 0x86, 0x7C, 0x52, 0x94, 0x5E, 0xC1, 0x41, 0xDF,
    0x93, 0xB1, 0x01, 0x48, 0xCE, 0x50, 0xF4, 0x90, 0x8D, 0x1C, 0x04, 0x4D, 0x3E, 0x29, 0x92, 0x59,
    0x11, 0x53, 0x01, 0x36, 0x8A, 0xB6, 0x53, 0xB8, 0xE1, 0xB0, 0x4C, 0xAB, 0xC1, 0xE6, 0xD7, 0x2D,
    0x48, 0x78, 0xE6, 0x28, 0x27, 0x7A, 0x01, 0xE8, 0x01, 0x74, 0xEB, 0xAC, 0x47, 0x6D, 0x36, 0x38,
    0xAE, 0x8F, 0x43, 0x8A, 0x60, 0x3E, 0x39, 0xFD, 0x20, 0xE4, 0x51, 0xBC, 0x5C, 0xB5, 0x21, 0x63,
    0x27, 0x83, 0xB3, 0xAE, 0x9C, 0x6D, 0x68, 0x96, 0x6F, 0xA4, 0x13, 0x81, 0xCA, 0x23, 0x95, 0xB6,
    0xF0, 0x03, 0x4A, 0xC9, 0xFF, 0x01, 0x5A, 0x2E, 0x2A, 0x17, 0xD2, 0xF6, 0xA7, 0xDF, 0x44, 0xC6,
    0x41, 0x91, 0x2C, 0x87, 0x88, 0x8F, 0x27, 0xDE, 0x4E, 0x8A, 0xC4, 0x1B, 0x7A, 0x43, 0xF3, 0x30,
    0xF8, 0xC7, 0xFA, 0xB1, 0xBE, 0x4E, 0x4D, 0xA8, 0xB2, 0x6B, 0xFF, 0xBC, 0xED, 0x42, 0x3C, 0xCA,
    0x8E, 0x41, 0xA4, 0xBB, 0xF3, 0xF9, 0x42, 0x09, 0xBC, 0xA9, 0x37, 0x01, 0x71, 0x17, 0xF2, 0xD9,
    0x79, 0xAD, 0x91, 0x7A, 0x60, 0x6D, 0x35, 0x15, 0x93, 0x22, 0xAE, 0x2E, 0xF2, 0xB5, 0x19, 0x89,
    0x49, 0xF2, 0x06, 0x5F, 0x42, 0xEE, 0xE3, 0x05, 0xC9, 0xA2, 0xC7, 0x73, 0x58, 0x1F, 0x17, 0xE4,
    0x6A, 0xE1, 0xF1, 0x21, 0xB9, 0x36, 0x3F, 0xA5, 0xFA, 0xAA, 0x48, 0x4A, 0x51, 0x6D, 0x63, 0xCC,
    0x69, 0xF7, 0x2F, 0x81, 0xB2, 0x51, 0x5D, 0x76, 0x34, 0x46, 0x78, 0x4D, 0xCB, 0xE2, 0x88, 0x88,
    0x24, 0x91, 0xAA, 0xCA, 0x18, 0x65, 0x51, 0x1B, 0x2D, 0x6A, 0xB0, 0xB7, 0xE0, 0x3A, 0x53, 0xA9,
    0xC0, 0x1D, 0xFE, 0x4B, 0x88, 0x05, 0x5A, 0xFC, 0xA0, 0xB5, 0xB2, 0xD9, 0x0D, 0xC5, 0x4A, 0xF5,
    0x4D, 0xD4, 0x6A, 0xF5, 0x97, 0x75, 0x13, 0x0A, 0x1E, 0x7C, 0xBC, 0xC1, 0xE6, 0x33, 0xAA, 0xCF,
    0xAA, 0xBA, 0xAD, 0x46, 0x44, 0xAD, 0x11, 0x5B, 0x0F, 0xB8, 0x1E, 0x50, 0x93, 0x1C, 0x55, 0x3B,
    0x5C, 0xB6, 0x92, 0x1F, 0xF9, 0x21, 0x24, 0x45, 0xDA, 0xA3, 0x61, 0x6D, 0x89, 0x06, 0x57, 0xC6,
    0x0A, 0x1A, 0x5E, 0xEA, 0x6C, 0x3C, 0x8B, 0xBB, 0xD3, 0xE5, 0xEF, 0x03, 0xF1, 0xFA, 0x1B, 0x79,
    0x86, 0x5B, 0x7E, 0x34, 0xA3, 0xEE, 0x31, 0xA3, 0x6D, 0x10, 0xC0, 0x06, 0x6F, 0x42, 0xA3, 0xBC,
    0xD5, 0x72, 0x17, 0x29, 0x4E, 0xEA, 0x4C, 0xB5, 0x33, 0xDA, 0x97, 0x58, 0xAD, 0x9D, 0xAF, 0x7E,
    0xF8, 0x26, 0x40, 0x04, 0x91, 0x19, 0xB1, 0x48, 0xBA, 0x48, 0x8C, 0x06, 0x90, 0x1C, 0xD0, 0x92,
    0x95, 0xFE, 0xE6, 0xDB, 0x25, 0xD7, 0x89, 0xD2, 0x63, 0xFD, 0x1B, 0x1F, 0xC5, 0x6D, 0x56, 0xD2,
    0xDC, 0x7A, 0x00, 0x16, 0x64, 0x5E, 0x27, 0x4E, 0x77, 0xE7, 0xDF, 0x3D, 0xD1, 0x0B, 0xDB, 0xE7,
    0x9B, 0x25, 0x01, 0xB4, 0xEC, 0xEC, 0xAB, 0xC2, 0x7C, 0x4C, 0x03, 0x8A, 0x0E, 0x0B, 0xAE, 0x00,
    0x4F, 0x3D, 0x1C, 0xEE, 0x39, 0xAF, 0x86, 0x6E, 0x2D, 0xA4, 0x4C, 0x07, 0xD5, 0x45, 0x8D, 0x68,
    0x05, 0xBB, 0x66, 0xAB, 0xD1, 0x3B, 0xB2, 0x25, 0xE1, 0x62, 0xD3, 0xEF, 0x3F, 0x1A, 0x3B, 0x7F,
    0xD5, 0x03, 0x48, 0x54, 0x6E, 0x89, 0x48, 0x05, 0xD1, 0x75, 0xDB, 0xB8, 0xCA, 0x33, 0xAF, 0xDB,
    0x74, 0x2E, 0x33, 0xA7, 0x7D, 0xDD, 0x8A, 0x80, 0x64, 0xD8, 0xFE, 0x95, 0xE2, 0xFC, 0xFA, 0x9E,
    0x52, 0xAB, 0x9D, 0xF6, 0xAF, 0x8A, 0x1E, 0xBF, 0x00, 0xB7, 0x34, 0x4D, 0x79, 0x85, 0x57, 0x50,
    0x0C, 0x71, 0x40, 0x3A, 0xE7, 0x1E, 0x11, 0x5B, 0x1D, 0xB1, 0xCB, 0x9E, 0xA0, 0x56, 0x7A, 0xC8,
    0x6E, 0x69, 0x94, 0x14, 0x0E, 0x75, 0x86, 0x1B, 0xE2, 0x10, 0x36, 0x1A, 0xA9, 0x62, 0xD5, 0x6F,
    0x88, 0x7E, 0x03, 0xA2, 0xF8, 0x33, 0xE9, 0x35, 0x2E, 0xF6, 0xE0, 0x6B, 0xD8, 0x2A, 0xF2, 0x0E,
    0x7B, 0x7D, 0x5B, 0x95, 0x95, 0x5E, 0x4C, 0xFB, 0x1D, 0xA6, 0xFF, 0xA6, 0x5B, 0xA8, 0x7B, 0xEB,
    0x09, 0xC0, 0x13, 0x38, 0xF9, 0x6E, 0xB8, 0x26, 0x7D, 0xBB, 0xAE, 0xBA, 0xED, 0x03, 0xAD, 0x0D,
    0xC0, 0xEE, 0x49, 0xF5, 0x87, 0x63, 0xD0, 0xE8, 0x4B, 0x47, 0x9B, 0xC6, 0x95, 0xDE, 0x02, 0x32,
    0x76, 0x88, 0xC4, 0x83, 0x99, 0x07, 0x52, 0x8F, 0x67, 0x5F, 0x1F, 0x50, 0xB3, 0xD3, 0x58, 0xBD,
    0xAA, 0xCB, 0xAB, 0x88, 0x3D, 0xD0, 0x76, 0xF9, 0x08, 0x14, 0x53, 0xDB, 0xAB, 0x87, 0xD5, 0x43,
    0x61, 0x1F, 0xDA, 0x57, 0x56, 0xBF, 0x9D, 0x57, 0xEF, 0x45, 0x3F, 0xB0, 0x61, 0x6D, 0x1C, 0x76,
    0xEB, 0x13, 0xC9, 0x08, 0x3E, 0xE7, 0xD7, 0x75, 0x78, 0xE0, 0x5E, 0x89, 0x5E, 0x7B, 0x20, 0xB6,
    0x8B, 0xA5, 0x00, 0xD5, 0xD9, 0xF4, 0xFE, 0xDA, 0xEE, 0x03, 0x47, 0xEF, 0xCB, 0xBC, 0x79, 0x63,
    0xBF, 0xFF, 0x03, 0xD8, 0x49, 0x53, 0x39, 0xC6, 0x83, 0xB0, 0xE5, 0xBF, 0x28, 0xD7, 0x89, 0x5E,
    0xF1, 0x58, 0x50, 0x23, 0xF2, 0x05, 0xFC, 0x00, 0xEF, 0x9D, 0xA8, 0x45, 0xB2, 0xDB, 0xF2, 0xE8,
    0xBB, 0x2A, 0xE7, 0xF1, 0xD1, 0x72, 0xD8, 0x31, 0x52, 0xF6, 0x66, 0x93, 0xBA, 0x03, 0xB8, 0xAE,
    0xAD, 0x1C, 0x53, 0x01, 0x6E, 0x46, 0x41, 0x00, 0x85, 0x3A, 0x1B, 0xF6, 0xCC, 0x04, 0x80, 0x78,
    0xA1, 0x12, 0x46, 0x2F, 0x2B, 0xD6, 0x14, 0x11, 0x9F, 0x06, 0x90, 0x72, 0x78, 0x0B, 0x40, 0x6E,
    0xE7, 0x94, 0xDF, 0xE5, 0x04, 0x6C, 0x76, 0x94, 0x03, 0xEE, 0x9D, 0x5E, 0x40, 0x4D, 0xA4, 0xF4,
    0x68, 0x15, 0x36, 0x67, 0xDD, 0x6B, 0x4B, 0x8B, 0x07, 0x87, 0xF5, 0x8F, 0xAB, 0x56, 0x30, 0x64,
    0xF4, 0xDA, 0xC1, 0xDF, 0x2E, 0x0D, 0x4A, 0xF2, 0x79, 0x76, 0xC8, 0x38, 0xA5, 0x1B, 0xE0, 0x5B,
    0x88, 0x00, 0x0D, 0xD0, 0x6A, 0x65, 0x73, 0xC8, 0xA3, 0xF4, 0x49, 0x54, 0xAC, 0x5F, 0x62, 0xA6,
    0x87, 0xD0, 0x74, 0x51, 0xE2, 0xE0, 0x29, 0x5C, 0x69, 0x84, 0xDF, 0x41, 0xAE, 0x74, 0x95, 0xAB,
    0x94, 0xEF, 0x52, 0x80, 0x9C, 0x41, 0x19, 0x73, 0xD8, 0xCF, 0x66, 0xFE, 0x24, 0x2E, 0x50, 0xE9,
    0x43, 0x9B, 0xB4, 0xC7, 0xA4, 0x23, 0xC4, 0x78, 0x14, 0xCC, 0x5F, 0xF3, 0x72, 0x08, 0xD9, 0xDB,
    0x29, 0x8D, 0x20, 0x9B, 0xCE, 0x7F, 0x94, 0xE0, 0x31, 0x1C, 0x46, 0x81, 0xEC, 0x56, 0xE6, 0x5D,
    0x50, 0x16, 0xCD, 0xAB, 0x47, 0xB4, 0xED, 0x7A, 0xDC, 0x71, 0xF4, 0x3C, 0xFE, 0xF1, 0x8E, 0x9A,
    0xE8, 0x05, 0x45, 0xB9, 0x28, 0x5A, 0x0B, 0x90, 0x90, 0x77, 0xB2, 0x6B, 0x4A, 0xFB, 0x3D, 0x6C,
    0xA3, 0x1D, 0xB2, 0x3F, 0x21, 0x3A, 0x3B, 0xCF, 0x31, 0xF4, 0x85, 0xA4, 0x51, 0xB6, 0xC9, 0xA8,
    0x5C, 0x32, 0x2F, 0x88, 0x42, 0xDE, 0x0B, 0x93, 0xA9, 0xEC, 0x94, 0xDE, 0x09, 0x90, 0x0D, 0x6F,
    0x19, 0xBB, 0x57, 0x3E, 0xB9, 0xE3, 0x00, 0x48, 0xAB, 0x2F, 0x0A, 0x72, 0x5F, 0x2B, 0x06, 0x0A,
    0xCA, 0x7F, 0x9F, 0x05, 0xEE, 0xB9, 0x20, 0xA8, 0x13, 0x2F, 0x98, 0xB3, 0x41, 0xF0, 0x66, 0xD6,
    0x9D, 0xFF, 0x1B, 0xCF, 0xC7, 0xCD, 0xD9, 0x6D, 0x0F, 0x4D, 0x8B, 0x21, 0x9E, 0x8C, 0x89, 0x37,
    0xA6, 0x2B, 0xB3, 0xD1, 0x98, 0xF2, 0xC7, 0xCA, 0x84, 0x93, 0x12, 0xED, 0xCA, 0xE8, 0xE1, 0xF7,
    0x73, 0x61, 0x7E, 0x6E, 0x1B, 0xED, 0x68, 0x38, 0xEC, 0x5F, 0xDE, 0x1D, 0x61, 0x30, 0x2C, 0x37,
    0x04, 0x5A, 0x18, 0x10, 0x29, 0x4E, 0x8D, 0x47, 0xA2, 0x45, 0x71, 0x38, 0x43, 0x65, 0xFF, 0x75,
    0xEA, 0xFE, 0xBF, 0x9E, 0x61, 0xFF, 0x9F, 0xCF, 0xD6, 0x9A, 0xDD, 0x7A, 0x70, 0xDC, 0x20, 0xFD,
    0xE3, 0x63, 0xE0, 0x98, 0xC2, 0x49, 0xB2, 0x89, 0x65, 0xAF, 0x73, 0x40, 0xC2, 0x4A, 0xA6, 0x72,
    0xC6, 0xD4, 0x8A, 0xB5, 0x4B, 0x04, 0xF2, 0xED, 0x44, 0xCE, 0xCA, 0xB2, 0x93, 0x1A, 0xA6, 0x60,
    0xAF, 0x0F, 0x1B, 0xDA, 0x0E, 0xEE, 0xB7, 0x1E, 0xB9, 0x07, 0x5C, 0x07, 0xF7, 0xCF, 0x6B, 0xB6,
    0x47, 0xFD, 0x37, 0xA3, 0x76, 0xBC, 0x1C, 0xD0, 0x66, 0x13, 0xCA, 0x4E, 0x4D, 0xCB, 0x34, 0xC8,
    0x71, 0x72, 0xD0, 0x9C, 0x04, 0x6D, 0x71, 0x3E, 0xC6, 0x21, 0x99, 0x51, 0x57, 0x40, 0x36, 0x25,
    0x21, 0x5E, 0xD0, 0x02, 0x48, 0x43, 0x32, 0x81, 0x20, 0x80, 0x24, 0xA4, 0x1E, 0xC4, 0x22, 0xD9,
    0x39, 0xF3, 0x68, 0xFF, 0x21, 0x00, 0x88, 0x97, 0x7C, 0x40, 0xFD, 0x53, 0xC9, 0x46, 0xCC, 0x7B,
    0xB8, 0x9F, 0x69, 0xE4, 0xB0, 0xEC, 0xE0, 0x7E, 0x3E, 0x6A, 0xB6, 0xEE, 0x50, 0xFE, 0xC6, 0xAB,
    0xC5, 0x5A, 0x69, 0xBC, 0x66, 0x9D, 0x76, 0x69, 0xD8, 0x66, 0x33, 0x76, 0x9A, 0x5D, 0x80, 0xD4,
    0xB2, 0x65, 0x00, 0x12, 0xB3, 0x7B, 0xAE, 0xD9, 0x4A, 0xB3, 0x93, 0xD4, 0x73, 0xEA, 0xAD, 0xCD,
    0x9A, 0x58, 0xE1, 0x68, 0x02, 0x3F, 0x72, 0x8E, 0x4A, 0xD4, 0xFF, 0x35, 0x2B, 0x23, 0xC2, 0x8A,
    0x4D, 0x26, 0x14, 0x16, 0x19, 0x3D, 0x92, 0xEA, 0x9E, 0xA3, 0xF0, 0x48, 0xAA, 0xA9, 0xE9, 0xC1,
    0x26, 0x63, 0xD8, 0x64, 0x62, 0x76, 0x9B, 0xCC, 0xD3, 0x4B, 0x95, 0xB0, 0x8B, 0xDB, 0x3E, 0x99,
    0xB5, 0x52, 0xD7, 0x44, 0x0B, 0x52, 0x0E, 0xA8, 0x01, 0x6A, 0x94, 0xB5, 0x92, 0xC9, 0x7F, 0xE9,
    0xB1, 0x00, 0x6D, 0x95, 0xFF, 0xC7, 0x88, 0x19, 0xA8, 0x9B, 0xF2, 0x67, 0x53, 0x14, 0xC4, 0x5D,
    0xEE, 0x1F, 0x43, 0x6C, 0x99, 0xAF, 0x88, 0xB5, 0x51, 0xF6, 0x35, 0xE6, 0xC4, 0x03, 0xC5, 0xF0,
    0x16, 0x96, 0xD4, 0x8B, 0x9B, 0x66, 0x30, 0x1B, 0x24, 0x13, 0x50, 0xE7, 0x3D, 0x90, 0xFD, 0x21,
    0x6C, 0xBC, 0xDC, 0x01, 0xC9, 0xED, 0x09, 0xEE, 0x57, 0x92, 0xD1, 0x6B, 0xB2, 0xB1, 0x4C, 0xC1,
    0xCA, 0x46, 0x4B, 0x39, 0x01, 0x80, 0xFD, 0x36, 0xD3, 0x21, 0x5B, 0x70, 0x22, 0xC5, 0xF3, 0x61,
    0xA0, 0x97, 0xE6, 0x18, 0x1E, 0xFE, 0x5B, 0xBF, 0x6C, 0xF7, 0x6F, 0xFD, 0xAE, 0x9C, 0x08, 0x65,
    0x59, 0x57, 0x6C, 0x42, 0xD7, 0xC2, 0xD7, 0x4A, 0x65, 0xA3, 0x61, 0xDB, 0x76, 0x7A, 0xB3, 0x71,
    0x83, 0x06, 0x66, 0xE9, 0x51, 0xF6, 0xEA, 0x4D, 0x89, 0xC2, 0x2C, 0xA0, 0xD5, 0xA8, 0x02, 0xD5,
    0x3F, 0x76, 0x11, 0xF3, 0xB9, 0x49, 0x50, 0xFF, 0xA7, 0xC5, 0xCB, 0xAF, 0x06, 0x41, 0xC1, 0x4E,
    0x90, 0x5B, 0x3B, 0x53, 0xAE, 0x97, 0xDF, 0x07, 0x43, 0xCB, 0xB7, 0xB5, 0x3E, 0x86, 0x3D, 0xD6,
    0xB1, 0x55, 0x3E, 0x8A, 0xBA, 0x59, 0x94, 0x6A, 0xD5, 0xD9, 0xA9, 0xFD, 0xB3, 0x09, 0xE2, 0xE2,
    0x00, 0xFC, 0x7F, 0xE0, 0x0B, 0xA7, 0x43, 0x45, 0xE3, 0x64, 0xCC, 0xB8, 0x98, 0x6E, 0x22, 0x24,
    0x6E, 0xDF, 0x96, 0x3A, 0x5D, 0x17, 0x51, 0x4E, 0x07, 0x2B, 0xB4, 0x9B, 0xA5, 0x01, 0x65, 0x23,
    0x64, 0x57, 0x1F, 0x07, 0xF1, 0x78, 0x12, 0xA4, 0x16, 0x09, 0x83, 0x6C, 0xCC, 0x3C, 0x90, 0x84,
    0xDC, 0xB4, 0x17, 0x73, 0xEA, 0xD0, 0x86, 0xE2, 0x07, 0xB4, 0xB5, 0x3E, 0xDD, 0xE4, 0xFE, 0xDD,
    0x41, 0x19, 0x44, 0x73, 0xD3, 0x49, 0xD5, 0xEF, 0xB5, 0xEC, 0xF7, 0x2F, 0xB1, 0x5A, 0x39, 0x35,
    0xE6, 0x1D, 0x5F, 0x9B, 0x17, 0xEC, 0x45, 0x17, 0x68, 0xFA, 0x3A, 0x9E, 0x82, 0x54, 0x0C, 0x5A,
    0x0C, 0x1C, 0x22, 0x60, 0xB1, 0x43, 0x9E, 0xBC, 0xD0, 0xA1, 0x80, 0x58, 0xB5, 0xA8, 0x74, 0x5B,
    0xB7, 0xFB, 0x20, 0xBF, 0x5D, 0x76, 0x13, 0x5D, 0xE2, 0xF9, 0xE4, 0x34, 0x97, 0x82, 0x24, 0xA7,
    0x23, 0xD5, 0x99, 0x3A, 0xA2, 0x6D, 0x5F, 0xE8, 0x57, 0xD6, 0x45, 0x85, 0x84, 0xB8, 0xB2, 0xF5,
    0x58, 0x39, 0x8A, 0xD6, 0x5E, 0x94, 0xDD, 0xEE, 0xC5, 0x44, 0xB6, 0xEC, 0x9D, 0xEA, 0x74, 0x67,
    0xDB, 0x03, 0x72, 0xBE, 0x1E, 0xB2, 0x9F, 0xF7, 0x5E, 0x4E, 0xC7, 0xE7, 0xBF, 0xA1, 0xE7, 0x07,
    0x3D, 0x3F, 0xC8, 0xF9, 0x51, 0x70, 0x23, 0x10, 0x87, 0x9A, 0x24, 0x8F, 0x14, 0xC0, 0x8D, 0x75,
    0x70, 0x60, 0xF1, 0xD0, 0x4E, 0xEB, 0x94, 0xDC, 0x7C, 0x81, 0x3A, 0x0A, 0xC8, 0x2B, 0x9C, 0x4C,
    0x8E, 0x64, 0x7F, 0x20, 0xF6, 0xDE, 0x24, 0x26, 0x9E, 0x45, 0xBA, 0xFF, 0xDE, 0xDF, 0x43, 0xDD,
    0x8E, 0x88, 0x95, 0x9A, 0x5C, 0x1D, 0x0D, 0x14, 0x7E, 0x5B, 0x3C, 0x3B, 0x0D, 0xC8, 0xE8, 0x2C,
    0x9D, 0x91, 0xF8, 0x7C, 0x42, 0xEA, 0x9D, 0x47, 0xE6, 0xA5, 0x81, 0xBE, 0xDD, 0x09, 0x90, 0xF6,
    0xFB, 0x6F, 0x23, 0xCA, 0x69, 0xAF, 0xB6, 0xC5, 0xF6, 0xE2, 0x7C, 0x7B, 0x23, 0x9A, 0xB0, 0x35,
    0x12, 0x4D, 0xD6, 0x1F, 0xA3, 0x1F, 0x3F, 0x14, 0x3E, 0xB0, 0x99, 0x26, 0x0E, 0x98, 0xE4, 0x44,
    0x29, 0x24, 0x0F, 0x52, 0x7A, 0x4C, 0x35, 0x43, 0xBB, 0xEC, 0xFD, 0x71, 0xB9, 0x3A, 0xCF, 0x9E,
    0xD0, 0x29, 0x24, 0x69, 0x87, 0x67, 0x90, 0x4D, 0x20, 0x62, 0x8A, 0x35, 0x5B, 0x7A, 0xA0, 0x64,
    0xB7, 0x3A, 0x26, 0x9A, 0x1E, 0x0A, 0x9F, 0xE8, 0x2C, 0xC4, 0x94, 0x04, 0x4A, 0x91, 0x7A, 0x79,
    0x6B, 0xB5, 0x96, 0x14, 0x1C, 0x7D, 0x88, 0xB9, 0x2A, 0xF7, 0x71, 0x9E, 0xCB, 0xFF, 0x01, 0xED,
    0x5A, 0x31, 0x8C, 0xE6, 0xC6, 0x75, 0x7E, 0x24, 0xEF, 0x96, 0xB0, 0x88, 0x68, 0xAE, 0xB0, 0x01,
    0xEB, 0x36, 0x01, 0x1B, 0x17, 0x36, 0x2E, 0x01, 0x9B, 0x14, 0x6E, 0xA4, 0x21, 0xE0, 0xD2, 0x4D,
    0x0A, 0x1D, 0x02, 0x38, 0x85, 0x53, 0xA8, 0x48, 0xD4, 0x6C, 0xA3, 0xF2, 0x74, 0xA4, 0xED, 0x42,
    0xED, 0xF6, 0x4D, 0x14, 0xE0, 0x1C, 0x20, 0x97, 0x22, 0x2E, 0x53, 0x5C, 0x8E, 0xA3, 0xB8, 0x07,
    0x08, 0x07, 0x48, 0x4D, 0x39, 0x2A, 0x02, 0xBB, 0xC8, 0xC4, 0xA2, 0x03, 0x9E, 0x34, 0xE4, 0x0B,
    0xDF, 0x37, 0x43, 0xCE, 0xBF, 0xBB, 0xB7, 0xBA, 0xC4, 0x97, 0x93, 0x6F, 0x75, 0xFB, 0xB0, 0x7C,
    0xDF, 0x37, 0xFB, 0x93, 0xE4, 0x70, 0xDE, 0xCC, 0xE3, 0x7B, 0x33, 0x43, 0x07, 0x92, 0x4E, 0x80,
    0xCC, 0xF9, 0x92, 0x87, 0x24, 0x96, 0x8E, 0x1E, 0xD6, 0x85, 0xA3, 0x84, 0x79, 0x61, 0x4B, 0x8A,
    0x57, 0x69, 0x49, 0xAF, 0xDA, 0x11, 0xF1, 0x48, 0xCD, 0x4C, 0x19, 0xB7, 0x94, 0x33, 0x15, 0x33,
    0x51, 0xC2, 0x46, 0xC9, 0x95, 0x5D, 0x5F, 0xD9, 0x15, 0xF4, 0xA0, 0x01, 0x56, 0x0F, 0x2B, 0x54,
    0xB6, 0x33, 0x2B, 0x94, 0x23, 0x40, 0x4D, 0xFC, 0x6C, 0xE8, 0x00, 0x23, 0xA0, 0xB4, 0x8D, 0xBF,
    0x8B, 0x3E, 0xB8, 0x75, 0xD7, 0x97, 0xF2, 0x3C, 0x36, 0x6A, 0x21, 0xCA, 0x18, 0x75, 0x59, 0x69,
    0xC2, 0x53, 0xD2, 0x4D, 0x44, 0x1D, 0x33, 0x0F, 0x44, 0xE5, 0x0A, 0xB5, 0xD4, 0x8E, 0x47, 0x5A,
    0xE5, 0xE6, 0x4F, 0xE9, 0x50, 0x8A, 0x41, 0xB4, 0xB2, 0xE0, 0xD0, 0xF9, 0xCE, 0xDF, 0x3D, 0xAD,
    0x2C, 0x15, 0xCC, 0x6C, 0xA8, 0x61, 0x96, 0x1B, 0x7F, 0xC6, 0x8E, 0x32, 0x96, 0x87, 0x28, 0x90,
    0x72, 0x24, 0xE2, 0x56, 0x5E, 0x97, 0x8D, 0xBC, 0x66, 0x67, 0x74, 0x4F, 0xD4, 0x18, 0x6D, 0x88,
    0x74, 0xDF, 0x9C, 0xD7, 0xE1, 0xD7, 0x70, 0xA6, 0x0D, 0xD7, 0x26, 0x1C, 0xEE, 0x56, 0x30, 0x95,
    0x42, 0x50, 0xD3, 0x8E, 0xD9, 0x48, 0xE5, 0x17, 0x5A, 0xE5, 0xDD, 0x9A, 0xCE, 0x49, 0xD1, 0x7B,
    0x54, 0x36, 0x94, 0x2F, 0xC1, 0xCA, 0x32, 0x3B, 0xB1, 0x9C, 0xF1, 0xB8, 0xD0, 0x09, 0x7F, 0x42,
    0x47, 0x6C, 0x29, 0x65, 0x58, 0xE7, 0xF7, 0x8C, 0xC3, 0x8E, 0x09, 0xB0, 0x27, 0x12, 0x6B, 0x49,
    0x73, 0x71, 0x38, 0x3A, 0x39, 0xA7, 0x26, 0xD2, 0x33, 0x95, 0x72, 0x8E, 0xF2, 0xFD, 0x0F, 0x0D,
    0x65, 0x89, 0xD0, 0x54, 0xB5, 0x60, 0x72, 0xA1, 0x99, 0x0A, 0x03, 0x50, 0x83, 0x07, 0x7B, 0x11,
    0x92, 0x93, 0xA1, 0x61, 0xCA, 0x99, 0x4D, 0x27, 0xB0, 0x50, 0xC5, 0x94, 0x32, 0x8C, 0x42, 0xE5,
    0x8B, 0x83, 0x0A, 0xC6, 0xA7, 0x4E, 0x60, 0x28, 0x78, 0x85, 0x86, 0xF9, 0x3F, 0x97, 0x96, 0x2A,
    0xE6, 0xEF, 0xB3, 0xA1, 0x82, 0xA7, 0x7C, 0x05, 0xFA, 0x6B, 0x4A, 0xE8, 0x50, 0x6E, 0xEC, 0x4C,
    0xB5, 0xF4, 0xFE, 0x5E, 0x28, 0xC7, 0x74, 0xD9, 0x0B, 0xF9, 0x52, 0x4E, 0xB4, 0x0B, 0x73, 0x1F,
    0x0B, 0x9A, 0x29, 0x4A, 0xE1, 0x28, 0x4A, 0x72, 0x4A, 0x97, 0x0B, 0x86, 0xFC, 0xE4, 0x5B, 0x9E,
    0x67, 0x2D, 0xBA, 0x0D, 0x85, 0x3B, 0xA2, 0xAD, 0x2F, 0x38, 0xBC, 0x92, 0x43, 0x73, 0x97, 0x93,
    0x14, 0x0A, 0x46, 0x41, 0x5B, 0x29, 0xA4, 0xDC, 0xAA, 0x5E, 0x46, 0xAD, 0x14, 0x64, 0xD4, 0x1A,
    0x4A, 0xB8, 0x45, 0x41, 0x0F, 0x47, 0xAD, 0x8C, 0x00, 0x5F, 0x10, 0xC3, 0x28, 0xE7, 0x0B, 0x95,
    0x14, 0xAA, 0x11, 0x05, 0x0C, 0x37, 0x6A, 0x06, 0x5F, 0x50, 0x13, 0xC6, 0x7E, 0x2C, 0x64, 0x4C,
    0xB1, 0x50, 0x2C, 0x07, 0x85, 0xD2, 0xC5, 0x82, 0xDC, 0x3E, 0x16, 0xB8, 0xDF, 0x0A, 0x23, 0x2A,
    0x13, 0x9E, 0x63, 0x71, 0xB3, 0xBD, 0x06, 0x70, 0x6B, 0xA1, 0xA2, 0x54, 0x4D, 0x5B, 0xA1, 0xE9,
    0xA9, 0xB1, 0x44, 0x6F, 0x86, 0xF7, 0x41, 0x65, 0xEE, 0x4B, 0x01, 0xBE, 0xA8, 0x26, 0x7A, 0x2C,
    0x85, 0x72, 0xF6, 0x95, 0x59, 0xD6, 0xC2, 0x11, 0x4F, 0x52, 0x5E, 0x0B, 0xC7, 0xCC, 0x62, 0x99,
    0x6A, 0x6F, 0xD1, 0x85, 0x48, 0xEF, 0x85, 0xD3, 0xAD, 0x40, 0x41, 0x6E, 0x11, 0xD5, 0x1B, 0x7F,
    0x44, 0xD9, 0xB0, 0x71, 0xAE, 0xCB, 0x9D, 0xEB, 0xA1, 0x6B, 0x77, 0xDB, 0xF2, 0xB2, 0x19, 0x8D,
    0xD2, 0x55, 0x07, 0x9B, 0x61, 0x30, 0x05, 0x93, 0x11, 0x55, 0x2D, 0x05, 0x8B, 0x41, 0x82, 0xC1,
    0x20, 0xC1, 0x5E, 0x3B, 0xC7, 0xBB, 0xC5, 0x46, 0xC8, 0x61, 0x6D, 0x70, 0x1B, 0x79, 0x75, 0xC0,
    0xCB, 0x31, 0xB7, 0xA4, 0xA6, 0xD0, 0xD0, 0xF9, 0x40, 0xDA, 0x6E, 0xBC, 0xA7, 0xCE, 0xEC, 0x06,
    0x48, 0xB8, 0x8E, 0x06, 0x5C, 0x0E, 0xEC, 0xE7, 0x22, 0x2F, 0x6D, 0xE0, 0x23, 0x0C, 0x00, 0x8E,
    0xFF, 0x99, 0xDD, 0x42, 0x29, 0x47, 0x03, 0xE5, 0x73, 0xB4, 0x8F, 0x9A, 0x62, 0xFD, 0xB5, 0xA5,
    0xEF, 0x04, 0xEB, 0x48, 0x0D, 0xEE, 0x07, 0xE3, 0x08, 0x3C, 0x0E, 0xB6, 0xC9, 0x38, 0x9A, 0xA6,
    0x10, 0xA3, 0x78, 0xCB, 0x44, 0x7E, 0x1A, 0x38, 0x79, 0xA9, 0x29, 0x01, 0xDE, 0xA4, 0xD4, 0x92,
    0x42, 0xFB, 0x32, 0xA5, 0x33, 0x35, 0xC6, 0x53, 0xEA, 0x7E, 0x8C, 0x53, 0x2B, 0x96, 0x63, 0x12,
    0x9A, 0xB0, 0xDC, 0x62, 0x08, 0xD4, 0x37, 0x32, 0xA8, 0x74, 0x97, 0x9D, 0xD2, 0xE5, 0xF4, 0xF6,
    0xDF, 0x05, 0x8A, 0x9A, 0x50, 0x89, 0xCF, 0x45, 0xB3, 0xD3, 0x84, 0x97, 0xCE, 0x53, 0x9B, 0x71,
    0x9D, 0xAC, 0xD4, 0x90, 0x1E, 0x94, 0x23, 0xA1, 0x2D, 0xB1, 0x29, 0x27, 0xA1, 0xAA, 0x4E, 0x59,
    0x1A, 0x0E, 0xF7, 0xCD, 0xE6, 0xE0, 0x80, 0xD1, 0xDE, 0xBA, 0xF7, 0xB4, 0xB2, 0x3B, 0x6D, 0x0C,
    0x69, 0xE3, 0x29, 0xB7, 0xD4, 0x80, 0xA2, 0xB1, 0xC2, 0x09, 0x85, 0xDB, 0x69, 0x09, 0x23, 0x81,
    0x6A, 0x0C, 0x7D, 0x50, 0x36, 0xF4, 0xA0, 0x1A, 0x85, 0xCA, 0xDF, 0x84, 0xEF, 0x9D, 0xD8, 0x3B,
    0x9D, 0x0A, 0xAE, 0x2B, 0x26, 0xE5, 0x56, 0x9A, 0xF1, 0x2A, 0x9F, 0x54, 0xE8, 0xB6, 0xEB, 0xD1,
    0x39, 0x4F, 0x2B, 0x36, 0x1B, 0x4D, 0x1E, 0xD0, 0xAD, 0x0B, 0xAE, 0x09, 0x26, 0xE5, 0x69, 0x27,
    0x77, 0xF8, 0x09, 0x51, 0xD2, 0xF1, 0x29, 0x0C, 0x4F, 0xB9, 0xA3, 0x97, 0x9A, 0x14, 0x26, 0x10,
    0x75, 0x39, 0x29, 0x85, 0xA0, 0x5F, 0x0A, 0xD1, 0x67, 0xC9, 0xEE, 0xC7, 0xD5, 0x4E, 0xA6, 0x40,
    0x1A, 0xEB, 0x51, 0xF3, 0xB0, 0x11, 0x13, 0x7E, 0x59, 0x3C, 0xD2, 0x37, 0xEA, 0xF3, 0x21, 0x45,
    0xB5, 0x5D, 0x84, 0x26, 0x8D, 0x58, 0x59, 0xB4, 0x2C, 0xE5, 0xF0, 0xD9, 0x22, 0x97, 0xE0, 0x2D,
    0x60, 0xC6, 0xE3, 0x19, 0x4C, 0x3A, 0x8F, 0xA4, 0x5E, 0x08, 0x16, 0xC6, 0xA3, 0xBA, 0x04, 0xCB,
    0x15, 0xD1, 0x82, 0x2B, 0xEA, 0x73, 0x48, 0x90, 0x4B, 0xD1, 0x9E, 0xC5, 0xCA, 0x63, 0xC2, 0x3D,
    0xB0, 0x0B, 0x2F, 0xCF, 0x0B, 0x79, 0x1C, 0xFC, 0x67, 0x9A, 0x67, 0x4A, 0x87, 0x55, 0x15, 0xEE,
    0x64, 0x26, 0x35, 0x67, 0x50, 0x52, 0xCC, 0xE4, 0x87, 0x55, 0x11, 0x9D, 0x55, 0x37, 0x56, 0xC5,
    0x6E, 0x53, 0x9D, 0xA8, 0xEC, 0xFF, 0x53, 0x9D, 0xF0, 0x90, 0x39, 0xE6, 0x29, 0x28, 0x22, 0x7A,
    0x9A, 0xCA, 0xDD, 0xD6, 0x81, 0x1A, 0x1B, 0x3A, 0x8E, 0xF6, 0xBD, 0xE0, 0xDC, 0xB0, 0xB3, 0x44,
    0x7E, 0xD4, 0xD5, 0x9A, 0xA7, 0x9D, 0xDF, 0x61, 0x47, 0x74, 0xC2, 0xA7, 0xC7, 0xD2, 0x55, 0x78,
    0xF1, 0x37, 0xED, 0x8C, 0xFC, 0x5E, 0x1F, 0x70, 0x13, 0x79, 0x37, 0x44, 0xAE, 0x6D, 0xE4, 0xE5,
    0x14, 0xB9, 0x9A, 0x23, 0xCF, 0x38, 0xF2, 0x94, 0xDB, 0x9D, 0x13, 0x9B, 0xC8, 0x1B, 0x1B, 0x79,
    0x35, 0x46, 0xAE, 0x5C, 0xE4, 0xC5, 0x12, 0x79, 0xC6, 0x91, 0x27, 0xFC, 0xF3, 0x9D, 0x53, 0xF7,
    0xAF, 0x91, 0xEB, 0x4F, 0x23, 0xAF, 0x3E, 0x8F, 0x5C, 0x71, 0xE4, 0xF9, 0x01, 0x4F, 0x0F, 0x38,
    0x05, 0x7E, 0xCC, 0xD3, 0x8A, 0x9E, 0x6B, 0x9E, 0x89, 0xF4, 0x01, 0x2F, 0x3D, 0xDF, 0x85, 0xDB,
    0x9D, 0x26, 0x5C, 0xEF, 0x3C, 0xE7, 0x9D, 0x66, 0xBC, 0x1C, 0xFC, 0x3B, 0x9A, 0xA8, 0xE0, 0x3E,
    0x5E, 0xFA, 0x36, 0x20, 0x14, 0xC6, 0xFD, 0xF4, 0x79, 0x63, 0x6A, 0xD9, 0xAC, 0x29, 0x6C, 0x02,
    0xCB, 0xDD, 0x66, 0xC9, 0xE4, 0x93, 0xDD, 0x8E, 0xD1, 0x8A, 0xD1, 0x86, 0xD1, 0x82, 0x37, 0x36,
    0xFB, 0xF1, 0xEC, 0xAD, 0x07, 0x16, 0x6C, 0x77, 0x32, 0x6F, 0x96, 0xCB, 0xE6, 0x60, 0x37, 0x30,
    0x62, 0xB3, 0xB1, 0xC6, 0x7A, 0x16, 0x2C, 0x06, 0xA6, 0x9C, 0x67, 0xC1, 0x5A, 0x60, 0x19, 0x83,
    0x05, 0x4B, 0x81, 0xC1, 0x4E, 0x60, 0xB0, 0x12, 0x18, 0x6C, 0x14, 0x98, 0xE2, 0x8D, 0xE5, 0x3B,
    0x4B, 0x77, 0x46, 0x60, 0xDE, 0x32, 0xC2, 0xBC, 0x5D, 0x76, 0x56, 0x0A, 0x23, 0x2F, 0xCF, 0x62,
    0xEE, 0x22, 0x2B, 0x76, 0xD6, 0x8C, 0x81, 0x54, 0x3C, 0x04, 0xA6, 0x77, 0x13, 0x57, 0x4F, 0xF6,
    0x0B, 0xDA, 0x3D, 0xA0, 0x8B, 0x6E, 0x3C, 0x92, 0xF8, 0x53, 0x3C, 0xF9, 0x32, 0xF9, 0x3A, 0xDD,
    0x3E, 0x15, 0xEC, 0x5C, 0x2E, 0x9E, 0x88, 0x6D, 0xE7, 0x64, 0x90, 0xAE, 0xA4, 0x9A, 0x99, 0xD9,
    0xA4, 0x6C, 0x25, 0x3A, 0xE4, 0x81, 0x2A, 0x9B, 0x22, 0x44, 0x02, 0x21, 0xAA, 0x2E, 0x90, 0xF2,
    0x4B, 0x22, 0x15, 0x0F, 0x29, 0x2F, 0x75, 0x65, 0x3B, 0x76, 0x92, 0x96, 0x1D, 0x10, 0xF2, 0xF2,
    0x45, 0x64, 0x6F, 0xD7, 0x3E, 0x90, 0xC6, 0x78, 0x3C, 0xDA, 0x3F, 0x51, 0xEC, 0x31, 0x61, 0xB7,
    0x91, 0xFE, 0x20, 0xC0, 0x7E, 0x44, 0xA9, 0xF5, 0x43, 0xAF, 0x04, 0xEA, 0x91, 0x4D, 0x88, 0xB5,
    0xC2, 0xD9, 0x53, 0xB8, 0xF1, 0xE0, 0xF1, 0x6B, 0x74, 0x56, 0x92, 0xFA, 0xEC, 0xEF, 0x6C, 0x03,
    0x8E, 0x80, 0x34, 0x5C, 0x9F, 0x7D, 0xEE, 0x80, 0xF9, 0xA7, 0x33, 0xB0, 0xF8, 0xCD, 0x02, 0x54,
    0x03, 0x03, 0x4B, 0xE3, 0x07, 0xBC, 0x36, 0x9D, 0x01, 0xB6, 0x1A, 0xD8, 0x85, 0x57, 0x63, 0xFF,
    0xD2, 0xC9, 0x4C, 0xA5, 0x60, 0xEA, 0xBC, 0xCF, 0xCE, 0x9C, 0xEF, 0x6F, 0xF9, 0x18, 0x1C, 0xB9,
    0x45, 0x54, 0xED, 0xF3, 0x33, 0xF4, 0x3C, 0x60, 0xC8, 0x07, 0x62, 0x9E, 0xDD, 0xD5, 0x48, 0xCC,
    0x68, 0xCB, 0xC5, 0x17, 0x41, 0xEB, 0x7B, 0x76, 0x35, 0xD2, 0x09, 0x0F, 0x74, 0xC4, 0xDC, 0x86,
    0xB9, 0x84, 0x61, 0xC3, 0x10, 0x00, 0x8F, 0x54, 0x18, 0xB9, 0x46, 0xAA, 0xD8, 0x7C, 0xC4, 0x52,
    0x7D, 0x46, 0x2D, 0x18, 0x75, 0xF4, 0x2D, 0xD8, 0xD0, 0x53, 0x25, 0x79, 0xF7, 0x14, 0xD1, 0xDA,
    0xE2, 0x2B, 0x69, 0xA0, 0x07, 0xA9, 0x78, 0x63, 0x49, 0x0D, 0x48, 0xBF, 0x7A, 0x29, 0x16, 0x46,
    0x34, 0xD1, 0xA1, 0xFE, 0xC6, 0x0F, 0x2D, 0xD2, 0x7F, 0x4B, 0x39, 0x8B, 0x2E, 0xF9, 0xE1, 0x3F,
    0x5A, 0xA9, 0xB8, 0x5A, 0x75, 0x0F, 0x6D, 0x82, 0x2E, 0x57, 0x3D, 0x50, 0x27, 0xBF, 0x4A, 0xB5,
    0x2A, 0xE6, 0x5F, 0x73, 0xAB, 0x98, 0x3F, 0xE0, 0x3E, 0x95, 0x64, 0xBB, 0xA7, 0x37, 0xEA, 0x04,
    0xFD, 0xE0, 0xD6, 0xFB, 0x94, 0xDA, 0xCE, 0xA8, 0xB1, 0x9C, 0xBA, 0x3E, 0x67, 0x86, 0x7F, 0x40,
    0xDA, 0xF8, 0x5A, 0xF4, 0xC1, 0x8A, 0xD9, 0xC8, 0xF1, 0x1A, 0x12, 0xB7, 0xE1, 0x85, 0x1D, 0x47,
    0xBC, 0xD4, 0xDB, 0xB3, 0x24, 0xF4, 0xBD, 0x47, 0x8A, 0xBA, 0xBA, 0x69, 0xF5, 0x2F, 0x17, 0xEF,
    0xD5, 0x38, 0x24, 0x42, 0x9A, 0x2E, 0x48, 0xC5, 0x06, 0x47, 0x01, 0x0B, 0x3F, 0xDF, 0x51, 0xF0,
    0x13, 0x69, 0x33, 0x1C, 0x22, 0x62, 0xF6, 0x6C, 0xA0, 0xB2, 0xC6, 0x87, 0xA4, 0x6B, 0xC5, 0xCC,
    0x1F, 0xCC, 0xDE, 0xA5, 0x8D, 0xBE, 0x81, 0x8C, 0xEF, 0xEF, 0x04, 0x79, 0x87, 0xA2, 0xC8, 0xAC,
    0x22, 0xFA, 0x05, 0xCF, 0xA1, 0x6B, 0xF6, 0x61, 0x8A, 0xE1, 0x8A, 0xCF, 0x2A, 0xC2, 0x89, 0x84,
    0xFC, 0x1C, 0x99, 0x79, 0xC8, 0xC9, 0x0B, 0x5E, 0xE2, 0xD0, 0xEF, 0x06, 0xD8, 0xE6, 0x12, 0xBF,
    0x2D, 0xA3, 0x81, 0x0A, 0xDC, 0xBB, 0x61, 0x1E, 0x9E, 0x7F, 0xCE, 0xB1, 0x7F, 0xEE, 0x39, 0x47,
    0xE0, 0x44, 0x79, 0xEF, 0xC3, 0x10, 0xEF, 0x63, 0x9B, 0x8F, 0xB9, 0xF6, 0x66, 0x9E, 0x43, 0x20,
    0x62, 0x05, 0x62, 0xFC, 0xF2, 0x06, 0x3D, 0x45, 0xE2, 0x5C, 0xA4, 0x47, 0x3F, 0x17, 0xB9, 0xD4,
    0x57, 0x76, 0x2E, 0xB2, 0x3C, 0x3F, 0x17, 0xD9, 0x3C, 0x75, 0x2E, 0x52, 0xB5, 0x74, 0x4F, 0xC0,
    0xA6, 0x3E, 0xD8, 0xF7, 0xA9, 0x05, 0x77, 0xBD, 0x80, 0x0E, 0x2D, 0x19, 0x1A, 0x72, 0xA4, 0x2F,
    0x92, 0x3F, 0xA3, 0x86, 0xE1, 0x57, 0x3B, 0xC0, 0xCB, 0x39, 0x5D, 0x29, 0x31, 0x46, 0xC0, 0x36,
    0x62, 0x94, 0x37, 0xE8, 0x35, 0x60, 0x57, 0x6B, 0x23, 0xC8, 0x6D, 0x13, 0xF1, 0xE0, 0xFF, 0xDF,
    0xA4, 0xAF, 0x5D, 0x77, 0x22, 0xFC, 0x7F, 0xF4, 0x30, 0x45, 0x08, 0x92, 0xB4, 0xF4, 0xE1, 0x0A,
    0xC5, 0x98, 0xF9, 0xBC, 0xAD, 0xF0, 0x90, 0x0B, 0x14, 0x36, 0x73, 0xFE, 0x94, 0xD3, 0xAB, 0xDB,
    0x97, 0x88, 0xBE, 0xE5, 0x81, 0xFE, 0xD9, 0x43, 0xCA, 0x1E, 0x73, 0xE7, 0xB1, 0xB4, 0x1E, 0x9B,
    0xD6, 0x9F, 0xF5, 0x56, 0x29, 0x24, 0xE1, 0x1B, 0xBA, 0x07, 0x8A, 0x29, 0x3C, 0xF6, 0xFE, 0x2E,
    0x65, 0x7B, 0xDD, 0xA7, 0xA2, 0x64, 0x26, 0xAE, 0x17, 0xC1, 0x38, 0xD1, 0x89, 0xA7, 0x8B, 0x3F,
    0x63, 0xC2, 0x09, 0x1F, 0xFF, 0x02, 0x5D, 0x6B, 0x44, 0x4C, 0x58, 0x8E, 0x3E, 0xAC, 0xB4, 0x28,
    0xE5, 0x7D, 0x32, 0x5E, 0xDD, 0x1E, 0xF6, 0x21, 0x25, 0x46, 0xD0, 0x85, 0xC5, 0xC0, 0x2E, 0x78,
    0xA1, 0xF2, 0xBF, 0xF9, 0x6C, 0x5E, 0x1D, 0x66, 0x6D, 0x9D, 0xFE, 0xBE, 0x90, 0x6C, 0x21, 0x65,
    0x3D, 0x96, 0xE3, 0x41, 0x39, 0x99, 0x30, 0x93, 0x16, 0xE4, 0xFA, 0xD3, 0x57, 0xD3, 0x9B, 0x18,
    0xA5, 0xE9, 0x12, 0xD7, 0xA6, 0x12, 0xE6, 0x33, 0x9F, 0x3E, 0x07, 0xFD, 0x8B, 0xBF, 0x15, 0xAC,
    0x6C, 0xB6, 0x78, 0xC0, 0x53, 0x7C, 0xA9, 0x30, 0x34, 0x5D, 0xDD, 0x1E, 0x96, 0x6D, 0x6D, 0x61,
    0x62, 0xF6, 0x1E, 0xE7, 0x69, 0xF7, 0x81, 0x86, 0x34, 0x0C, 0x3E, 0xAA, 0xBC, 0xF6, 0x61, 0xFF,
    0x07, 0x1F, 0xF6, 0xB3, 0xC3, 0xCD, 0x0B, 0x19, 0xC7, 0x38, 0x34, 0xCE, 0x08, 0xE4, 0xA3, 0xE8,
    0x62, 0xF8, 0xE5, 0x57, 0xD1, 0x87, 0x5D, 0x92, 0x90, 0x11, 0x7F, 0xB0, 0x9C, 0x49, 0xC8, 0xFA,
    0x2F, 0x48, 0xC8, 0x4E, 0xFD, 0xA8, 0xE4, 0x61, 0x9F, 0x2B, 0x68, 0x00, 0x09, 0x4F, 0x74, 0xC4,
    0x94, 0xC1, 0x3E, 0x7E, 0x79, 0xB0, 0xF1, 0xE3, 0x55, 0x53, 0x35, 0x02, 0xB4, 0x45, 0x48, 0x17,
    0x3A, 0x75, 0xD7, 0x1F, 0x36, 0x3F, 0x5F, 0x84, 0x9B, 0x6F, 0x0B, 0x74, 0x3C, 0x07, 0x90, 0x33,
    0x8F, 0x79, 0xC0, 0x75, 0x4C, 0xCD, 0x00, 0xD0, 0xD6, 0xC3, 0x08, 0x28, 0x1D, 0x40, 0x31, 0x00,
    0x75, 0x91, 0x9A, 0x3D, 0xA1, 0xE3, 0xBD, 0x9E, 0xA8, 0xF5, 0x1C, 0x37, 0x03, 0x24, 0x77, 0x45,
    0x63, 0x7A, 0x22, 0xC1, 0xDC, 0x41, 0xEA, 0xA7, 0x27, 0x3A, 0x4C, 0x4F, 0x54, 0xFF, 0xFB, 0xE9,
    0x09, 0xA4, 0xAA, 0xDA, 0x4F, 0x96, 0x89, 0x2E, 0xF8, 0x21, 0x73, 0xAB, 0x26, 0x2A, 0x27, 0x31,
    0x52, 0xE1, 0xE4, 0xC5, 0xB3, 0x55, 0x1B, 0xCA, 0xE6, 0x4D, 0xF7, 0xD0, 0x03, 0xE5, 0xCE, 0x2F,
    0x1F, 0xCB, 0x9F, 0xF6, 0x93, 0x14, 0x3D, 0x25, 0x8C, 0x2A, 0x22, 0x8C, 0x4B, 0xA6, 0x1B, 0x7B,
    0xCC, 0x9F, 0x5B, 0xD1, 0xEA, 0xB7, 0x77, 0xDF, 0xF6, 0x6F, 0x33, 0xE0, 0xFC, 0x05, 0xDD, 0x9F,
    0x5B, 0x25, 0x83, 0xC3, 0xE8, 0x56, 0x86, 0x4E, 0x47, 0xA2, 0x39, 0x6A, 0xE3, 0x97, 0x38, 0xBB,
    0x27, 0xF5, 0x5F, 0x70, 0xAD, 0x71, 0x55, 0xE1, 0x07, 0x4D, 0xC7, 0x9F, 0x7D, 0x35, 0x33, 0xEE,
    0x7C, 0x39, 0x8C, 0x5B, 0x4A, 0x03, 0xD0, 0x74, 0x06, 0x6A, 0x0F, 0x9F, 0xB5, 0xDB, 0x6C, 0x08,
    0x8C, 0x8E, 0x12, 0xDD, 0x7A, 0xC9, 0xD2, 0xED, 0xAE, 0xDD, 0x77, 0x5E, 0x65, 0x36, 0x2E, 0xC7,
    0x29, 0xAF, 0x2D, 0xF4, 0xF2, 0xE1, 0x41, 0xAF, 0xB5, 0xD7, 0x3B, 0x35, 0x5E, 0xC6, 0x9D, 0x1A,
    0xD1, 0x08, 0x91, 0x73, 0xEB, 0xB9, 0x37, 0x01, 0xE8, 0xF5, 0xCE, 0x8B, 0xE7, 0xD8, 0x79, 0x71,
    0x93, 0x36, 0xE9, 0xF8, 0x69, 0xB4, 0x8A, 0x34, 0x79, 0x4E, 0x7A, 0xBD, 0xDD, 0x62, 0x97, 0x6F,
    0x7B, 0x48, 0x9D, 0xC7, 0x6A, 0x09, 0x2D, 0xE5, 0xB1, 0xE4, 0x01, 0xA8, 0x9E, 0x90, 0xC7, 0x76,
    0xB3, 0xCB, 0x00, 0xC8, 0xD8, 0x01, 0x73, 0xFB, 0x18, 0x58, 0x18, 0x0D, 0x54, 0xC0, 0x58, 0xCE,
    0x3F, 0x9B, 0xCF, 0x2C, 0x94, 0x50, 0xD5, 0xBE, 0x8A, 0x0B, 0x2B, 0x44, 0x7F, 0x19, 0x67, 0x03,
    0x2B, 0x87, 0x17, 0x74, 0x42, 0xE1, 0x07, 0xF5, 0x44, 0xC2, 0x7D, 0x8B, 0x74, 0xED, 0xFE, 0x55,
    0x50, 0xC8, 0xD1, 0xCB, 0xDA, 0xE1, 0xD7, 0x47, 0x3B, 0x57, 0xFF, 0x16, 0xE3, 0x1D, 0x9C, 0xFF,
    0x72, 0x2E, 0xBE, 0x78, 0x89, 0xA3, 0x5B, 0x07, 0x8C, 0x0E, 0x91, 0x4A, 0x36, 0x81, 0xED, 0x2E,
    0x57, 0x2E, 0xF7, 0x92, 0x4D, 0x07, 0xD3, 0x62, 0x97, 0x4A, 0xC6, 0x90, 0x3A, 0x32, 0xB4, 0x41,
    0x60, 0xA4, 0x3E, 0x5D, 0x42, 0xE8, 0x50, 0xFE, 0xFB, 0xC6, 0xF4, 0xCF, 0x97, 0xD0, 0xDC, 0xCD,
    0x4F, 0x56, 0x56, 0xE2, 0xF9, 0xD9, 0x12, 0x9E, 0xB5, 0x6C, 0x2C, 0x73, 0x1B, 0xCB, 0x77, 0xA6,
    0xEC, 0xC6, 0x4A, 0x2B, 0xCF, 0x33, 0xE8, 0x7B, 0x1B, 0x6B, 0x76, 0x26, 0xE3, 0xF3, 0xAE, 0x04,
    0xAD, 0x89, 0xB0, 0xBD, 0xA2, 0x9E, 0xE5, 0x3B, 0x53, 0x3B, 0x2B, 0x7F, 0x7B, 0xF7, 0xCF, 0xC1,
    0x10, 0x6E, 0x7A, 0xD6, 0x18, 0x30, 0x65, 0x88, 0xEB, 0xC0, 0x12, 0x26, 0xB0, 0xD2, 0x64, 0xB3,
    0x67, 0x95, 0x91, 0x5E, 0x87, 0xB0, 0xD9, 0x60, 0xEC, 0x9F, 0x63, 0x24, 0x72, 0xBA, 0x35, 0x96,
    0x0D, 0xA4, 0x74, 0x81, 0x74, 0x93, 0xC7, 0x6C, 0xB3, 0x84, 0x9A, 0xCF, 0x2F, 0x4A, 0x2B, 0x7A,
    0x86, 0x20, 0xAC, 0x3E, 0x7A, 0x20, 0x86, 0xE5, 0x89, 0xBA, 0xD0, 0xF1, 0x72, 0xE6, 0x71, 0x25,
    0xBF, 0xE6, 0xBF, 0x59, 0xBA, 0x99, 0x94, 0xD4, 0xD1, 0xE4, 0x2C, 0x3D, 0xB0, 0x64, 0xF9, 0x5C,
    0x29, 0x83, 0x67, 0xB1, 0x39, 0x6A, 0xF1, 0xA1, 0x0F, 0x21, 0xA8, 0xBC, 0x76, 0x24, 0xB7, 0x19,
    0x62, 0x52, 0x0E, 0xA4, 0xD8, 0x48, 0xB9, 0xDC, 0xFD, 0xE1, 0x93, 0xBB, 0x6B, 0x1B, 0xEB, 0x01,
    0x27, 0x13, 0xFA, 0xA7, 0x0B, 0xA4, 0xD8, 0xC9, 0x12, 0xDE, 0xA5, 0x92, 0xAF, 0x32, 0xE9, 0x29,
    0x61, 0x1E, 0x92, 0xAE, 0x2D, 0x99, 0x9D, 0x96, 0xC1, 0x5D, 0xAC, 0x65, 0xC5, 0x8C, 0x6D, 0xF1,
    0x75, 0x8A, 0xD1, 0x7E, 0x74, 0xEA, 0x8F, 0x18, 0x58, 0xA6, 0x16, 0x50, 0x4D, 0x71, 0xAD, 0x79,
    0xCB, 0xC0, 0xF4, 0x4C, 0x80, 0x16, 0xF0, 0xCD, 0x7D, 0x0D, 0x5F, 0x19, 0xC4, 0xE9, 0xBA, 0x95,
    0x1B, 0x2F, 0xDD, 0xBE, 0xD1, 0xF9, 0x60, 0xBF, 0xFD, 0xE2, 0x63, 0x63, 0x46, 0x25, 0x2B, 0x1F,
    0xA7, 0x6B, 0x1F, 0xA7, 0xCF, 0xDA, 0x8A, 0xF3, 0x9F, 0x10, 0xA7, 0x67, 0xB6, 0x1C, 0x9B, 0x9E,
    0x8A, 0x1E, 0xD1, 0x77, 0x69, 0x00, 0x9A, 0x94, 0x63, 0x43, 0x8F, 0x3D, 0x38, 0x40, 0x36, 0x02,
    0x8A, 0x01, 0x71, 0xBA, 0x32, 0x02, 0xBD, 0xAE, 0x69, 0xBD, 0x7C, 0x68, 0x7C, 0x9C, 0xEE, 0x10,
    0xFB, 0xFF, 0x46, 0x5A, 0xB7, 0x2F, 0xFD, 0x6A, 0xA3, 0x62, 0x23, 0x61, 0x53, 0xC6, 0x66, 0x8F,
    0xD3, 0xA5, 0x82, 0xF0, 0x1D, 0xA9, 0x1F, 0x47, 0xD9, 0x7F, 0xF9, 0x38, 0x74, 0xC0, 0xCA, 0x58,
    0x08, 0xCF, 0x8B, 0x1A, 0x10, 0xE5, 0x0F, 0xE2, 0x30, 0xF7, 0x69, 0x58, 0x81, 0x81, 0xAE, 0xD1,
    0x5C, 0x68, 0x2D, 0xDF, 0xB1, 0x13, 0x7B, 0xC6, 0x37, 0x28, 0xB3, 0x7D, 0x18, 0x6E, 0x9F, 0x36,
    0x72, 0x11, 0x3B, 0xC4, 0xEF, 0xD3, 0xF9, 0xF8, 0x5D, 0xAD, 0x64, 0x24, 0x8D, 0x18, 0xFC, 0x5E,
    0x27, 0x51, 0xF9, 0xD4, 0x18, 0xDD, 0xA7, 0x56, 0xE2, 0xF4, 0xAC, 0x17, 0xAD, 0xCC, 0xAA, 0x4D,
    0x49, 0xC2, 0xDF, 0x82, 0x7E, 0x44, 0xDA, 0xE8, 0x8F, 0x47, 0x89, 0xDF, 0x3F, 0x1D, 0x24, 0x7E,
    0xFF, 0x5C, 0x86, 0x93, 0xE2, 0x7A, 0x8F, 0xDF, 0x53, 0x04, 0x01, 0x09, 0x82, 0x95, 0xCC, 0x87,
    0x29, 0xC3, 0x0F, 0xEA, 0xAD, 0x5E, 0x65, 0x2D, 0x3A, 0xA5, 0xB3, 0xF2, 0x27, 0xA1, 0x47, 0x70,
    0xE1, 0xB1, 0x09, 0xCE, 0x4A, 0xFF, 0x8B, 0x0B, 0xEF, 0x34, 0x03, 0x8B, 0xA1, 0x09, 0x03, 0x4F,
    0x03, 0x93, 0xFE, 0x8F, 0x5E, 0xE5, 0x0D, 0x06, 0x3F, 0xCB, 0x11, 0x33, 0xE8, 0x56, 0xBC, 0x7B,
    0x65, 0x24, 0x45, 0x42, 0x4A, 0xB4, 0xA0, 0x19, 0x75, 0x26, 0xBA, 0xFA, 0xD1, 0x84, 0x89, 0xC6,
    0xE9, 0x0A, 0x6C, 0x30, 0xD8, 0x25, 0x46, 0x46, 0x39, 0xBB, 0xCD, 0xB5, 0x03, 0x2B, 0xD3, 0xB4,
    0x82, 0x3A, 0x0C, 0x9B, 0xB7, 0x48, 0x99, 0x57, 0xB8, 0x07, 0x78, 0x49, 0xB9, 0xC7, 0x33, 0x26,
    0xDC, 0x79, 0x16, 0x5D, 0x33, 0xA6, 0x42, 0x35, 0x76, 0xED, 0x54, 0xF5, 0xD5, 0xB1, 0x7D, 0xD1,
    0x4A, 0x64, 0xA6, 0x3F, 0x9A, 0x91, 0xDF, 0x33, 0x66, 0x31, 0x1A, 0x04, 0x7B, 0xBA, 0x45, 0x07,
    0x17, 0x33, 0x38, 0xE4, 0xFF, 0xEF, 0x65, 0xED, 0x85, 0xF4, 0x9E, 0xAD, 0xD7, 0x77, 0xA0, 0x91,
    0x3B, 0x42, 0xE7, 0xD0, 0x99, 0xD7, 0x83, 0x68, 0xA2, 0xCB, 0xF5, 0xAF, 0x1E, 0x3E, 0x20, 0x42,
    0x94, 0x1F, 0xF5, 0x18, 0x7E, 0x7D, 0xB6, 0x4E, 0xE3, 0xB3, 0x76, 0x7D, 0x1C, 0xEB, 0x16, 0x34,
    0xFD, 0x69, 0xDA, 0x52, 0xEA, 0x4A, 0x23, 0x2F, 0x35, 0x84, 0x41, 0xDB, 0x48, 0x4C, 0x5B, 0xFD,
    0xD8, 0x89, 0xCB, 0x5B, 0x55, 0x61, 0xEE, 0x3D, 0x7D, 0x17, 0x44, 0x11, 0x26, 0x21, 0xFB, 0xC4,
    0x27, 0x57, 0x54, 0x3A, 0xE5, 0x28, 0x77, 0x6A, 0xA4, 0x6C, 0x41, 0xE2, 0x89, 0xBC, 0x47, 0xFF,
    0xEA, 0xE1, 0x43, 0xC6, 0xE3, 0xA0, 0x9A, 0xB5, 0xF8, 0x10, 0xFD, 0x58, 0xF7, 0xBE, 0xA3, 0x85,
    0x79, 0x84, 0x72, 0x0A, 0xA1, 0xCA, 0x1F, 0xE7, 0xDC, 0x1E, 0x2D, 0x29, 0xE2, 0xA8, 0x8E, 0x79,
    0x08, 0x13, 0x30, 0x71, 0x4A, 0xD9, 0x87, 0xDB, 0xB4, 0x45, 0x88, 0x46, 0xBA, 0x7A, 0x69, 0xA5,
    0xA6, 0x99, 0x95, 0x4A, 0xA7, 0xF6, 0x2A, 0x9B, 0x24, 0xBA, 0x9E, 0x9C, 0x5D, 0x70, 0x3A, 0xDA,
    0x34, 0x35, 0xDC, 0x0D, 0x7C, 0xCD, 0x4B, 0x64, 0x8D, 0x2A, 0xB1, 0xD4, 0x65, 0x13, 0xE9, 0x9F,
    0x38, 0xAA, 0x8C, 0xC4, 0x84, 0x9D, 0x7C, 0x0C, 0x28, 0x1D, 0xAB, 0x96, 0x86, 0xD7, 0x7F, 0xAF,
    0xBB, 0xB1, 0x0A, 0x7A, 0x8F, 0xF4, 0xF7, 0x1C, 0x3E, 0xE0, 0x65, 0xBF, 0x60, 0x0C, 0x67, 0x56,
    0xD7, 0xE9, 0x54, 0x1A, 0x9A, 0x54, 0x4B, 0xE7, 0x24, 0x65, 0x87, 0x03, 0xB3, 0x3E, 0xC5, 0x73,
    0x1E, 0x1D, 0x9F, 0xA6, 0xCC, 0x56, 0x8E, 0xCD, 0x3B, 0x2A, 0x9E, 0xE0, 0x19, 0x75, 0xCD, 0xF0,
    0x8A, 0x87, 0x3E, 0x51, 0x33, 0xE3, 0xB8, 0x83, 0x5E, 0xD5, 0xBE, 0xB0, 0x43, 0x76, 0x7D, 0x6F,
    0xCF, 0x12, 0x49, 0x42, 0xBD, 0x2A, 0x5E, 0x48, 0xB7, 0x1D, 0xDD, 0x27, 0x5D, 0x3F, 0xA2, 0xB2,
    0xFE, 0x32, 0x77, 0xAA, 0xF9, 0xF8, 0xB1, 0x14, 0xC8, 0xE1, 0x60, 0x29, 0x73, 0x12, 0x48, 0x78,
    0x9F, 0xB4, 0x87, 0x12, 0xA4, 0x43, 0xAE, 0xFD, 0x23, 0x27, 0xF0, 0x3A, 0x0D, 0xAF, 0xC0, 0x86,
    0xB5, 0xEF, 0xA6, 0x86, 0xBC, 0x83, 0xA6, 0x64, 0x46, 0x6B, 0x70, 0x8E, 0x3B, 0x7F, 0x6F, 0x92,
    0xC7, 0x7C, 0xE4, 0xF6, 0xC0, 0x34, 0x37, 0x6F, 0xFA, 0xEC, 0xE6, 0x0A, 0x6C, 0x58, 0x83, 0xA9,
    0xB9, 0x3E, 0xD8, 0x69, 0xDD, 0xF1, 0x24, 0xB0, 0xA4, 0xCE, 0x2F, 0xD0, 0xCF, 0x3E, 0x43, 0xBB,
    0xFF, 0x0A, 0x98, 0x38, 0x3A, 0xFC, 0x2D, 0xD2, 0x54, 0xCC, 0x7B, 0x94, 0x09, 0xA7, 0x1F, 0xBD,
    0xFE, 0xD5, 0x30, 0x6E, 0x51, 0x3F, 0x3A, 0xC8, 0x9C, 0x4A, 0xB3, 0xF8, 0x90, 0xAD, 0x0B, 0x69,
    0x93, 0x9C, 0x09, 0x27, 0xBC, 0x8A, 0x53, 0x80, 0xF7, 0xF2, 0xFA, 0x69, 0x0B, 0x25, 0xA3, 0x07,
    0xAE, 0xFD, 0xCC, 0x7C, 0x2F, 0xD5, 0x49, 0xD8, 0x0A, 0x50, 0x35, 0x01, 0x94, 0x03, 0x14, 0x1E,
    0xF2, 0x08, 0xF1, 0x9F, 0x6A, 0x02, 0x54, 0x16, 0xC0, 0x83, 0x7C, 0xC9, 0x3B, 0x38, 0x44, 0xDF,
    0x99, 0x70, 0x67, 0xF9, 0x27, 0x0F, 0x02, 0xAD, 0x9A, 0x00, 0xD9, 0x0C, 0x48, 0x19, 0xB0, 0x79,
    0xD0, 0xCE, 0x00, 0xF4, 0x10, 0xEE, 0x19, 0x9F, 0x80, 0xE7, 0x1D, 0x63, 0x3D, 0xF0, 0x54, 0xB3,
    0x5C, 0x68, 0x05, 0x88, 0x6D, 0x4E, 0xDF, 0x0E, 0xAD, 0x51, 0x49, 0x5B, 0xA8, 0xA1, 0x43, 0xCA,
    0x54, 0x87, 0x8C, 0x09, 0x6D, 0xF0, 0x4F, 0xF9, 0x45, 0x0B, 0x7F, 0x7D, 0x6D, 0xD5, 0xCE, 0x15,
    0x32, 0xDF, 0xAB, 0xD9, 0x54, 0x33, 0x66, 0x4D, 0x26, 0xB5, 0x2A, 0x23, 0x8A, 0xA0, 0x6E, 0xD6,
    0xA8, 0xE1, 0xEF, 0xA8, 0x2A, 0xFE, 0x0F, 0x31, 0xE4, 0x12, 0x54, 0x90, 0x38, 0x2F, 0xC2, 0x02,
    0x3E, 0xC8, 0xA2, 0xC2, 0x96, 0x03, 0xFC, 0x4D, 0x6E, 0x05, 0xDA, 0xCC, 0x7E, 0x85, 0x6D, 0x46,
    0x10, 0x19, 0xCE, 0xD4, 0xB0, 0x5C, 0xCF, 0x96, 0x32, 0x57, 0x8C, 0x94, 0xD9, 0xC4, 0x49, 0xAC,
    0xE8, 0x5E, 0x26, 0x73, 0xD1, 0x3D, 0xDF, 0x7D, 0xC2, 0x47, 0x22, 0xCE, 0x62, 0xE8, 0x6C, 0x02,
    0x56, 0x1F, 0x5D, 0x32, 0x8B, 0xD1, 0x7E, 0x97, 0xE8, 0x7A, 0xA7, 0x4A, 0x4E, 0xEF, 0x09, 0x48,
    0x18, 0x2B, 0xE0, 0x1B, 0x4B, 0xF5, 0x0B, 0xED, 0xB9, 0x9F, 0x4F, 0xFE, 0xF6, 0xEC, 0x8F, 0xA6,
    0xA2, 0xBD, 0xE2, 0xDB, 0x80, 0xA3, 0x24, 0xDC, 0x03, 0x0B, 0x76, 0xC0, 0x8A, 0x17, 0xA0, 0x6E,
    0x3B, 0xE0, 0xFD, 0xB0, 0xC6, 0xF3, 0x3E, 0xA9, 0xEB, 0x6D, 0x4D, 0x51, 0xCA, 0x19, 0xD0, 0xB1,
    0xC1, 0xF0, 0x84, 0x27, 0xCA, 0x26, 0x0C, 0xBC, 0x7C, 0x48, 0x27, 0x81, 0x9E, 0xA6, 0x2B, 0xDF,
    0x4B, 0xDE, 0x7D, 0x80, 0x2E, 0x11, 0x26, 0x54, 0x99, 0x72, 0x68, 0x89, 0x6E, 0x16, 0xDC, 0x6A,
    0x81, 0x63, 0x7D, 0x4C, 0xDA, 0x6C, 0xFA, 0x7D, 0xF9, 0x0F, 0x8C, 0x10, 0xD7, 0x21, 0x15, 0xFB,
    0x00, 0x87, 0xDB, 0x3D, 0x88, 0xAB, 0xE0, 0xC3, 0x13, 0x1F, 0xFB, 0x1D, 0xE1, 0x5F, 0xDE, 0x00,
    0x94, 0xF9, 0xF6, 0xE6, 0xF6, 0x3B, 0xD0, 0x6F, 0x41, 0xEB, 0x4D, 0x27, 0x4C, 0x0D, 0xA2, 0xAC,
    0x66, 0xA0, 0x13, 0x47, 0xCD, 0xBE, 0xE2, 0x6B, 0xE8, 0xC8, 0xDF, 0xF9, 0xE6, 0xDF, 0x53, 0x94,
    0x1B, 0xD0, 0x8D, 0xBF, 0xA3, 0x89, 0xBA, 0x81, 0xD6, 0x2D, 0x34, 0xA1, 0x7F, 0x43, 0x4F, 0x71,
    0xCF, 0x9A, 0x97, 0xA3, 0x9F, 0x86, 0x75, 0x10, 0x25, 0x77, 0xD7, 0xCB, 0x3F, 0xCC, 0xD4, 0xF4,
    0x84, 0x3D, 0x5C, 0x58, 0xD1, 0x7F, 0xE4, 0x6F, 0x88, 0x08, 0x4E, 0x2F, 0xB5, 0xBC, 0xD8, 0x8C,
    0x57, 0xED, 0x43, 0x60, 0x9B, 0x62, 0x3C, 0xA9, 0xE0, 0xC5, 0xFF, 0x8A, 0x88, 0xC9, 0x89, 0x9A,
    0x29, 0x15, 0x95, 0x2F, 0xF2, 0x71, 0x73, 0x84, 0x20, 0xB1, 0x43, 0x5F, 0xFB, 0x41, 0xEC, 0x68,
    0xC2, 0xD0, 0xA7, 0xD4, 0xB4, 0xAB, 0x11, 0x73, 0xAE, 0xA2, 0xFC, 0x07, 0x79, 0x9B, 0xD4, 0x7E,
    0x9D, 0xCE, 0x08, 0x8B, 0xB8, 0x43, 0x2D, 0x0B, 0xDB, 0xA9, 0x73, 0xAB, 0x4E, 0xA0, 0x29, 0xE8,
    0x77, 0x44, 0xBF, 0x43, 0xA2, 0xE9, 0x4B, 0xD2, 0xC7, 0xBC, 0xB4, 0x08, 0x15, 0x86, 0xA0, 0xCF,
    0x4A, 0x02, 0x5D, 0x99, 0x0B, 0xD7, 0xF6, 0x3E, 0xA6, 0x84, 0xBE, 0x60, 0xBB, 0x83, 0x8F, 0xD9,
    0x6D, 0xC2, 0x48, 0x3F, 0x7F, 0x34, 0xCC, 0xB6, 0x0B, 0x87, 0x94, 0x7F, 0xB7, 0x03, 0xDB, 0x26,
    0xBE, 0x05, 0xEB, 0x6A, 0x76, 0xE8, 0xDC, 0xC9, 0x83, 0x58, 0x71, 0x6C, 0xDB, 0x19, 0xFD, 0xA1,
    0xAC, 0xB7, 0x5F, 0xD1, 0x7B, 0x4B, 0x55, 0x44, 0xF4, 0x87, 0x04, 0xF9, 0x1F, 0x8D, 0x91, 0xB1,
    0x8A, 0x10, 0x31, 0x18, 0x84, 0xBF, 0xDD, 0x80, 0x0B, 0xB7, 0x42, 0xAE, 0xB0, 0x13, 0xDC, 0x56,
    0xE1, 0x30, 0x96, 0x56, 0xFE, 0x79, 0x08, 0x1F, 0xC1, 0xDE, 0x5E, 0x4E, 0x12, 0xF0, 0x85, 0x7C,
    0x01, 0x2F, 0xF1, 0x0D, 0xD2, 0xD8, 0xE7, 0x11, 0x52, 0x6C, 0xB1, 0x48, 0x76, 0x7F, 0x83, 0xD7,
    0x58, 0xC9, 0x85, 0x19, 0x98, 0xCC, 0x4C, 0x93, 0xCC, 0x0D, 0x6C, 0x19, 0x69, 0xB8, 0x93, 0x45,
    0x23, 0xA9, 0x61, 0x0F, 0xE6, 0x06, 0x40, 0x66, 0x69, 0xB8, 0x03, 0xDD, 0x47, 0xE4, 0x3A, 0x52,
    0x78, 0x0B, 0x00, 0x53, 0x04, 0xDB, 0x20, 0x9C, 0x4C, 0xAA, 0x7E, 0x39, 0x43, 0xD9, 0x9A, 0xDD,
    0x25, 0xCE, 0xFD, 0x39, 0xBC, 0x03, 0x30, 0x17, 0xEF, 0xAD, 0x96, 0xEE, 0x54, 0x0F, 0x59, 0xB4,
    0xDD, 0x11, 0x32, 0x80, 0xEA, 0xA5, 0x7F, 0x0F, 0xF0, 0x82, 0x89, 0x8E, 0xE3, 0x01, 0x41, 0x7E,
    0x5D, 0x38, 0xED, 0xAC, 0xBA, 0x33, 0xA5, 0xC8, 0xE6, 0x43, 0xD1, 0xAA, 0x35, 0xE4, 0x57, 0xFE,
    0x19, 0x73, 0x94, 0x6C, 0x9B, 0x54, 0xF7, 0xC8, 0x6C, 0xEB, 0xF0, 0xBC, 0x3B, 0x11, 0x8D, 0x6F,
    0x42, 0xC6, 0x66, 0xB6, 0x3C, 0xA7, 0x68, 0x2E, 0x4C, 0xC3, 0x54, 0xF8, 0xC8, 0xAA, 0xD1, 0x69,
    0x15, 0xD3, 0xBE, 0xCE, 0xFB, 0xC0, 0x10, 0xE3, 0x3A, 0x4C, 0x3E, 0x61, 0xE2, 0x6B, 0x96, 0x26,
    0xDE, 0xB6, 0x84, 0x2D, 0x17, 0xEE, 0x67, 0x47, 0xCC, 0xCE, 0xC3, 0xD2, 0xB8, 0x5F, 0x0A, 0x00,
    0xB7, 0xE0, 0xEF, 0x99, 0x6B, 0x1A, 0x2D, 0xD7, 0x52, 0x5E, 0x55, 0x99, 0xB5, 0x43, 0x6A, 0xE0,
    0x22, 0x37, 0x7C, 0x27, 0x98, 0x03, 0xF9, 0xD6, 0x71, 0xF9, 0xC4, 0xD6, 0xC4, 0xD2, 0x04, 0xB3,
    0xBB, 0xC8, 0x6E, 0x3D, 0x00, 0xC0, 0xAC, 0x19, 0xAB, 0x07, 0xA2, 0x27, 0xC1, 0x2B, 0x3F, 0x10,
    0x3A, 0x0E, 0x00, 0xE2, 0xDC, 0x96, 0x62, 0xB3, 0x8B, 0x92, 0xA5, 0x48, 0x95, 0xB2, 0x7A, 0x98,
    0x77, 0x73, 0x98, 0x3E, 0x77, 0xD3, 0x5F, 0x1E, 0xA1, 0x85, 0xC8, 0x93, 0x3E, 0x63, 0x62, 0x2B,
    0xD2, 0xA4, 0x8D, 0x21, 0xAA, 0xCD, 0x9B, 0xFF, 0xC0, 0x1D, 0xB0, 0xE6, 0x01, 0xEC, 0x81, 0xD5,
    0x38, 0xA5, 0x82, 0xAD, 0xAC, 0xF5, 0x4B, 0x2A, 0x49, 0xE3, 0xE7, 0x13, 0x1E, 0x1B, 0xA9, 0x98,
    0xCB, 0x8F, 0xC4, 0x45, 0x04, 0x02, 0x04, 0x8F, 0xFC, 0xCE, 0x4E, 0xC7, 0xA3, 0x33, 0xB7, 0xFF,
    0xDD, 0x29, 0xFD, 0xB3, 0x67, 0x52, 0x3D, 0x87, 0xBA, 0xD2, 0xE0, 0x1F, 0x35, 0xCC, 0xB1, 0x11,
    0xC2, 0x30, 0x10, 0x44, 0xD1, 0x05, 0x05, 0x0A, 0x55, 0x01, 0xE3, 0x12, 0x5C, 0xC2, 0xA9, 0x1D,
    0x9A, 0x40, 0x34, 0xC6, 0xA0, 0x19, 0x1A, 0x50, 0x09, 0xEE, 0x80, 0x0B, 0x14, 0x28, 0x90, 0x39,
    0xD8, 0xF3, 0xB0, 0xC9, 0x8B, 0xFE, 0xC6, 0x0F, 0xB8, 0xD5, 0x2A, 0x11, 0x53, 0x52, 0x5E, 0x9D,
    0x3C, 0xF3, 0x24, 0x82, 0x07, 0xB9, 0x40, 0x08, 0xFE, 0xAC, 0x77, 0x27, 0xD5, 0x83, 0xE6, 0x2C,
    0x9B, 0x23, 0xEA, 0x94, 0xE1, 0x98, 0xDF, 0x9C, 0x0E, 0xC2, 0x7E, 0x23, 0x71, 0x0A, 0x49, 0x7D,
    0xCD, 0xCC, 0xD4, 0x6F, 0xA4, 0x39, 0xA5, 0xC6, 0x8D, 0x59, 0x0E, 0xCA, 0x0C, 0xE7, 0x8E, 0x1C,
    0x76, 0x60, 0x42, 0xE3, 0xFC, 0x11, 0x46, 0xEA, 0x40, 0x09, 0x73, 0x51, 0x40, 0xDE, 0x43, 0x1A,
    0x90, 0xAC, 0x97, 0x0A, 0x44, 0x63, 0x09, 0x5C, 0xF1, 0x05, 0xEC, 0x9B, 0x31, 0xAC, 0xE5, 0xD8,
    0x59, 0xC7, 0x3F, 0xDB, 0x99, 0x67, 0x34, 0x96, 0xF0, 0x16, 0x64, 0xC5, 0xCE, 0x20, 0x99, 0x92,
    0x64, 0x10, 0xA6, 0xA4, 0x40, 0x1C, 0x0B, 0x0A, 0x4A, 0xA6, 0x48, 0x52, 0x40, 0x91, 0x66, 0x0B,
    0x36, 0x14, 0x8F, 0x82, 0x32, 0xC8, 0x96, 0x28, 0x52, 0xF2, 0x8A, 0x54, 0x54, 0x5B, 0x6C, 0x24,
    0x32, 0x0B, 0x1A, 0x4A, 0x8A, 0x64, 0x6D, 0xD1, 0x50, 0x50, 0xC4, 0x12, 0x5A, 0x51, 0x62, 0xA4,
    0x21, 0x49, 0x36, 0x8D, 0x43, 0x1C, 0xE1, 0x37, 0x9C, 0xEB, 0x3F, 0xFE, 0xFE, 0xDF, 0xB9, 0xF7,
    0xFA, 0xBE, 0x77, 0xDF, 0xEC, 0x6C, 0x76, 0xB3, 0xC9, 0xB2, 0x78, 0xEF, 0xFB, 0xFF, 0xFE, 0x77,
    0xAE, 0xED, 0x73, 0x7C, 0xCE, 0xF1, 0xF1, 0x39, 0xDF, 0xF1, 0x8A, 0x3C, 0x16, 0xDD, 0xBC, 0x4A,
    0x84, 0x66, 0xD5, 0x04, 0xB3, 0x7E, 0xA9, 0x51, 0xAD, 0x9A, 0xA2, 0xD7, 0x2F, 0x65, 0xC7, 0xDF,
    0x2B, 0xD9, 0x6E, 0x0E, 0x00, 0x46, 0xD3, 0x47, 0x54, 0x41, 0x23, 0x19, 0x35, 0xA5, 0x26, 0xA6,
    0x83, 0xAA, 0xC8, 0xDD, 0xFA, 0xDE, 0x93, 0xB7, 0x56, 0x05, 0xE6, 0x8D, 0x4E, 0xF6, 0xEB, 0x4B,
    0x68, 0x6C, 0xA9, 0x9C, 0xE8, 0x43, 0xCB, 0xDB, 0x46, 0x25, 0x6E, 0xA2, 0x2B, 0x91, 0x7C, 0x4C,
    0x67, 0x91, 0x62, 0xCA, 0xBD, 0x29, 0xFF, 0x65, 0x12, 0xFE, 0xFA, 0x49, 0xBE, 0xBA, 0xB0, 0x41,
    0xB7, 0xDD, 0x6D, 0xEE, 0xC4, 0x0D, 0xB2, 0xD2, 0x9F, 0xE3, 0xB7, 0x45, 0x5E, 0x57, 0xFE, 0x86,
    0x88, 0x28, 0xE5, 0x3C, 0xEF, 0x7D, 0x81, 0xFC, 0x1E, 0xD0, 0x29, 0xED, 0x2A, 0xC8, 0x9D, 0x72,
    0x91, 0x1C, 0xB6, 0x7F, 0x62, 0x64, 0x7B, 0x52, 0xCA, 0x4B, 0xB3, 0x22, 0x63, 0x08, 0x99, 0x2D,
    0x22, 0x19, 0x86, 0x14, 0x5E, 0xA4, 0xC4, 0x90, 0x61, 0x34, 0x5A, 0xD9, 0x48, 0xF4, 0x98, 0x10,
    0x7E, 0xCB, 0x7A, 0xD5, 0x7A, 0x64, 0x03, 0x56, 0x2D, 0xB9, 0x17, 0xB3, 0x28, 0x6D, 0xA5, 0xFA,
    0xEB, 0x22, 0xB7, 0x6B, 0xB8, 0x37, 0x7D, 0x44, 0xD5, 0x8C, 0xE4, 0xB7, 0x34, 0xA3, 0xC6, 0x8D,
    0xAA, 0xC8, 0xC7, 0xA3, 0x0F, 0xB1, 0x54, 0xCC, 0x61, 0xB7, 0x57, 0x91, 0x8B, 0x27, 0x8F, 0x45,
    0x22, 0x40, 0x33, 0xB6, 0xAA, 0x97, 0x5A, 0x35, 0xC2, 0x24, 0x0F, 0x7D, 0xA2, 0x39, 0xF4, 0xF9,
    0x4E, 0x54, 0x67, 0x91, 0xC8, 0x97, 0x5A, 0x08, 0xDE, 0xA9, 0x3E, 0xAE, 0x59, 0x38, 0x6D, 0x67,
    0x1A, 0x1A, 0xE5, 0x93, 0x2B, 0xB6, 0x8E, 0x21, 0x68, 0xF8, 0x17, 0xDB, 0xC7, 0xD4, 0x8A, 0x74,
    0x50, 0xE5, 0x79, 0xA4, 0x9C, 0x54, 0x73, 0xAF, 0x9A, 0x61, 0x95, 0x7F, 0x48, 0xD0, 0x49, 0x3A,
    0x47, 0xB8, 0x8E, 0x5A, 0xCB, 0xCF, 0xC0, 0xBC, 0x31, 0x9F, 0x7A, 0xE0, 0xBD, 0xB7, 0x74, 0xDF,
    0xAF, 0xA8, 0x96, 0xC0, 0xC4, 0xEC, 0x43, 0x52, 0x6A, 0xBE, 0x48, 0xB4, 0x88, 0xE6, 0x73, 0x61,
    0xED, 0xBF, 0x23, 0xAE, 0xDB, 0xEB, 0x5F, 0x8A, 0xDB, 0xA6, 0xBB, 0xA8, 0xE6, 0x3C, 0x63, 0x0A,
    0x34, 0x3C, 0xFD, 0xCE, 0xCE, 0xD9, 0x8B, 0x44, 0x2D, 0xBB, 0xAC, 0x0B, 0xFE, 0x93, 0x14, 0x50,
    0x4D, 0x50, 0x59, 0x61, 0x7E, 0x8E, 0xFA, 0x7B, 0x54, 0xB7, 0xD7, 0x08, 0x52, 0xEB, 0x3E, 0x7A,
    0x75, 0x97, 0x96, 0xF1, 0x89, 0xDA, 0xC9, 0x85, 0x9D, 0xF9, 0xDE, 0x37, 0x0F, 0x8D, 0xC4, 0x01,
    0x8F, 0x30, 0x0B, 0x9A, 0x0F, 0xFF, 0x79, 0x88, 0x6B, 0x3B, 0xE1, 0x7D, 0x89, 0x2B, 0xD7, 0x15,
    0x83, 0xEB, 0xCB, 0x51, 0xFF, 0xD4, 0xEB, 0xBF, 0x49, 0xD8, 0x72, 0xA0, 0xD3, 0xBF, 0xFB, 0x58,
    0x78, 0x2B, 0xFC, 0xAC, 0xFE, 0x2E, 0xB0, 0x54, 0xFB, 0xB4, 0xAC, 0xD8, 0x30, 0xEB, 0x5F, 0xD4,
    0xE2, 0x4A, 0x12, 0x2F, 0x3F, 0xF3, 0xBF, 0xD4, 0x8B, 0x64, 0x5E, 0x44, 0x1B, 0xAD, 0x9B, 0xC4,
    0x61, 0x14, 0x87, 0x4E, 0x7B, 0x13, 0xB9, 0x57, 0xC9, 0x76, 0x2B, 0xA1, 0x9B, 0x3A, 0x77, 0x70,
    0xEC, 0x08, 0x67, 0x75, 0x5A, 0x9F, 0x68, 0x5E, 0xC2, 0xB5, 0x1F, 0xC0, 0xBD, 0xFB, 0x45, 0x75,
    0xEF, 0x88, 0x84, 0x54, 0x16, 0x3A, 0x54, 0x07, 0xD7, 0x9B, 0x6B, 0xA4, 0x1D, 0x45, 0x76, 0x74,
    0xC5, 0x2C, 0x91, 0xB9, 0xDC, 0x4B, 0xEC, 0xE9, 0xB2, 0xBD, 0xD3, 0xCB, 0x4D, 0x0E, 0x2E, 0x9D,
    0xF7, 0xBF, 0xE6, 0xD3, 0xFE, 0x88, 0x62, 0xB4, 0xB3, 0x4C, 0x52, 0x0F, 0x74, 0xF5, 0xA8, 0xE5,
    0xC1, 0xB6, 0xD3, 0xD7, 0x68, 0xAC, 0x18, 0xAA, 0x16, 0x22, 0x2D, 0x73, 0x85, 0xD9, 0x5C, 0x23,
    0x0F, 0x2A, 0xB9, 0xBD, 0x39, 0x80, 0x8D, 0xE9, 0xD4, 0x6A, 0x7B, 0xD6, 0xAA, 0xDF, 0xF7, 0x37,
    0xE5, 0x28, 0x3F, 0x53, 0x6B, 0xDB, 0xF7, 0x8F, 0x16, 0xDD, 0xD1, 0x4E, 0x2C, 0xE9, 0x2F, 0xD6,
    0x3F, 0xF9, 0x62, 0xEB, 0x0F, 0x87, 0x65, 0xCB, 0xC1, 0x26, 0x38, 0xD8, 0xE8, 0x68, 0x05, 0xD5,
    0x8B, 0x6D, 0x8C, 0x73, 0x67, 0xC8, 0x77, 0x7B, 0x7B, 0x0F, 0xB3, 0xAC, 0xF7, 0xA3, 0x5C, 0x58,
    0xFF, 0x17, 0x4A, 0x07, 0xA8, 0x0E, 0xF6, 0x99, 0x1C, 0x37, 0xE8, 0xE6, 0xCF, 0x1A, 0x3E, 0x5B,
    0xD5, 0xF8, 0xF3, 0xE6, 0x5B, 0xB2, 0x7D, 0xBE, 0xAA, 0x91, 0x3B, 0x4D, 0xF4, 0xD8, 0xCC, 0x77,
    0x81, 0x9E, 0xC6, 0x5A, 0x9E, 0x99, 0x85, 0x66, 0xA9, 0x32, 0x84, 0xA3, 0x62, 0x54, 0x34, 0x76,
    0x49, 0x66, 0xBA, 0x60, 0xDA, 0x9F, 0xDA, 0x64, 0x58, 0xAA, 0x87, 0x58, 0x78, 0xC7, 0x75, 0x0E,
    0x38, 0x9A, 0xCD, 0x53, 0x34, 0x1E, 0x8D, 0xC5, 0x4C, 0x44, 0xF0, 0x64, 0x8E, 0x81, 0x74, 0x3B,
    0x31, 0x36, 0xC6, 0x5F, 0x32, 0x9C, 0x69, 0x9C, 0xC0, 0x7C, 0xE0, 0x43, 0x4C, 0x72, 0x89, 0xAB,
    0xFD, 0xFD, 0x41, 0xE6, 0x93, 0xB1, 0x1C, 0x8C, 0xAE, 0x33, 0xA2, 0x22, 0x23, 0x08, 0x99, 0x78,
    0x63, 0x36, 0x1B, 0xF3, 0x91, 0x7C, 0xAF, 0xED, 0x49, 0xA0, 0xBB, 0xC1, 0x91, 0x6C, 0x8A, 0xC9,
    0x98, 0x79, 0x63, 0x02, 0x63, 0x84, 0x86, 0x94, 0xB6, 0x33, 0xBA, 0xD1, 0x58, 0xCC, 0xC6, 0x6C,
    0x67, 0x4C, 0x60, 0xD4, 0x03, 0xB4, 0x39, 0xE9, 0x9F, 0x03, 0x4E, 0xFE, 0x44, 0xA4, 0x12, 0xDB,
    0x66, 0x43, 0x8C, 0x86, 0x4C, 0x30, 0x91, 0xD2, 0xC2, 0x98, 0xA2, 0x33, 0x53, 0x06, 0xC6, 0xD5,
    0xF9, 0x72, 0x8B, 0x00, 0xBF, 0xA7, 0xDE, 0xCE, 0xF2, 0x14, 0x36, 0x12, 0x4D, 0x16, 0x21, 0xB3,
    0xC0, 0x22, 0xB0, 0x0E, 0x84, 0x31, 0x09, 0xCC, 0x7F, 0x6C, 0x74, 0xFF, 0x6A, 0x6C, 0xFF, 0x80,
    0x8C, 0x97, 0x84, 0x4C, 0x67, 0x63, 0x31, 0x1A, 0x5D, 0x67, 0x84, 0x90, 0x7F, 0xE5, 0x8D, 0x7F,
    0x3D, 0x19, 0x9F, 0xF6, 0x46, 0x34, 0xC6, 0x45, 0x8C, 0x3E, 0x70, 0x0C, 0xEC, 0x02, 0x1B, 0x52,
    0xCB, 0x4C, 0x5A, 0x3C, 0xBB, 0x79, 0x5D, 0x22, 0x7F, 0x2F, 0x17, 0x03, 0x9B, 0x97, 0x64, 0x56,
    0x61, 0x55, 0x3E, 0x28, 0xDB, 0xA1, 0xEE, 0x94, 0x25, 0x50, 0x59, 0xB1, 0x85, 0x82, 0xFD, 0x8C,
    0x9C, 0xD9, 0x80, 0x45, 0x0A, 0x80, 0x2C, 0x57, 0x5E, 0xE2, 0x99, 0xDC, 0xC7, 0xB5, 0xDD, 0x3F,
    0xAE, 0xB3, 0xFC, 0xB4, 0x8D, 0x0D, 0x79, 0x60, 0xC3, 0x8E, 0x68, 0x11, 0xEB, 0x3B, 0xFC, 0xCA,
    0x7C, 0x36, 0x66, 0x5E, 0xB2, 0x69, 0x65, 0xB2, 0x93, 0x7C, 0x54, 0x42, 0x8A, 0xC1, 0xF2, 0xE5,
    0x3A, 0xB2, 0x33, 0xD6, 0x5D, 0x5B, 0xD9, 0x4D, 0x0A, 0x85, 0x14, 0x3F, 0x5A, 0xC8, 0xFC, 0xBF,
    0xBD, 0x6C, 0xF3, 0x9B, 0x60, 0x24, 0xA3, 0x40, 0x41, 0x6F, 0x6C, 0xBB, 0xC0, 0x2A, 0xFC, 0x4E,
    0xBC, 0x92, 0xEE, 0x48, 0x17, 0x0E, 0xAF, 0x31, 0x90, 0x2D, 0x1A, 0xF2, 0xC1, 0xF7, 0xCF, 0x75,
    0xFE, 0xFD, 0x9E, 0x87, 0x6E, 0x9F, 0xED, 0x62, 0x94, 0x4F, 0x14, 0xCB, 0x51, 0x1E, 0x82, 0x5B,
    0xE3, 0x8C, 0xFD, 0x9E, 0x62, 0xB5, 0x28, 0x67, 0x58, 0xDE, 0x60, 0xD1, 0x9C, 0xF2, 0x7E, 0x65,
    0x8C, 0x02, 0xEB, 0xC1, 0x88, 0x31, 0x70, 0x22, 0xE2, 0x7D, 0x7D, 0xFD, 0x4F, 0xA8, 0xBF, 0x1F,
    0xEF, 0xC8, 0xEC, 0xBF, 0x42, 0xBD, 0xEE, 0xEB, 0xB9, 0x43, 0x65, 0xC9, 0xB7, 0x1D, 0xD9, 0x38,
    0xB2, 0x15, 0xD7, 0x2B, 0x61, 0x8F, 0xC4, 0x68, 0x27, 0x85, 0x32, 0xF6, 0xDA, 0xB4, 0x38, 0x12,
    0x62, 0x07, 0x94, 0x4E, 0x92, 0x2A, 0xF3, 0x51, 0x92, 0x45, 0x19, 0x06, 0x3A, 0x65, 0xA0, 0x53,
    0xEA, 0xBD, 0xBC, 0x6F, 0xB3, 0xD5, 0xA6, 0xCD, 0x0E, 0xD6, 0x66, 0xDD, 0x28, 0x09, 0xC7, 0xC6,
    0xDA, 0x97, 0xEA, 0x08, 0x0F, 0x0D, 0xE0, 0xF5, 0x54, 0xC3, 0x9E, 0x9B, 0xF9, 0x4F, 0x67, 0xFA,
    0x88, 0xCA, 0xFE, 0x8D, 0x9A, 0xDF, 0xD2, 0x8B, 0xEA, 0xDC, 0x5C, 0xE5, 0xDD, 0x2F, 0xC8, 0x66,
    0x56, 0x8B, 0x8A, 0xDA, 0xDB, 0x88, 0x48, 0xB5, 0x9C, 0x6D, 0x5C, 0xA3, 0x9A, 0x51, 0xD3, 0x8D,
    0x66, 0xD4, 0x9C, 0x5A, 0xCC, 0x36, 0xDA, 0xB1, 0x91, 0x0E, 0x6B, 0xBA, 0x72, 0xD0, 0x1C, 0xAB,
    0x86, 0xDA, 0xA2, 0x7F, 0x46, 0x85, 0x1C, 0xF2, 0x1C, 0x83, 0x69, 0x39, 0x6A, 0x31, 0xA9, 0xE6,
    0xF3, 0x46, 0x27, 0xD5, 0xC2, 0xF6, 0x19, 0x54, 0xF5, 0xA8, 0xF7, 0x9E, 0xC2, 0x66, 0xE2, 0xD4,
    0x6B, 0x2A, 0xBA, 0x43, 0x1E, 0x24, 0xDF, 0xE4, 0x33, 0x59, 0xCE, 0x6B, 0xB6, 0x53, 0x2D, 0x75,
    0x9F, 0x0B, 0x4C, 0x0F, 0x8F, 0x6D, 0x52, 0x54, 0x87, 0x4F, 0xE6, 0x3C, 0xF3, 0x74, 0xC0, 0x13,
    0x70, 0x69, 0xF9, 0x8E, 0xAD, 0xBB, 0x7F, 0x79, 0x24, 0x01, 0xF3, 0x0B, 0x30, 0x11, 0xE9, 0xB8,
    0x45, 0x66, 0xC8, 0x03, 0x06, 0xA2, 0xE8, 0x08, 0x67, 0xA8, 0x2B, 0x02, 0xA2, 0x48, 0x76, 0x04,
    0xCE, 0x6E, 0x95, 0x5D, 0x8F, 0xDC, 0x46, 0xBB, 0x18, 0x76, 0x84, 0xF3, 0x86, 0xBF, 0x25, 0x3E,
    0xFF, 0x49, 0x8E, 0x03, 0x71, 0x82, 0x8E, 0x0E, 0xF0, 0x39, 0xD0, 0x6C, 0x6C, 0xD4, 0x3E, 0xAF,
    0x2E, 0x71, 0x75, 0xA1, 0x2D, 0x3E, 0x9F, 0x24, 0x86, 0x75, 0x95, 0xA9, 0xA7, 0x85, 0x68, 0x31,
    0xAA, 0x65, 0x57, 0x22, 0x50, 0x6B, 0x43, 0xAB, 0xB6, 0x59, 0x6D, 0x36, 0x59, 0xE7, 0xB6, 0x5A,
    0x1B, 0x60, 0x15, 0x63, 0x8C, 0xD0, 0xD7, 0x66, 0xD3, 0x6A, 0x6B, 0x66, 0x37, 0xF1, 0xAB, 0x45,
    0xE8, 0x38, 0xDF, 0xC6, 0xDB, 0xBB, 0x63, 0x93, 0xF2, 0x37, 0x2D, 0x77, 0x58, 0xE4, 0x78, 0x58,
    0xA5, 0x36, 0x9F, 0x57, 0x6B, 0x5D, 0x68, 0xC9, 0x24, 0x98, 0x5A, 0xCD, 0x84, 0x67, 0xB5, 0x60,
    0x76, 0xBC, 0x1E, 0x65, 0x99, 0x84, 0x1C, 0xAF, 0xA2, 0xD1, 0x13, 0xD0, 0x6A, 0xE7, 0xE8, 0x46,
    0xB5, 0x0A, 0x3D, 0xA3, 0xDA, 0xDC, 0x46, 0xFE, 0x25, 0x9E, 0xE9, 0x3C, 0xD7, 0x01, 0xD2, 0xC2,
    0x27, 0xC0, 0xB8, 0xB1, 0x72, 0xEF, 0xC9, 0x95, 0x70, 0x72, 0x60, 0x73, 0xAE, 0x71, 0xD5, 0x1F,
    0xC2, 0x4B, 0xD9, 0x4B, 0xB9, 0xD3, 0xA6, 0x98, 0x42, 0x35, 0x59, 0xB5, 0x91, 0x78, 0xD5, 0x4A,
    0x55, 0xC4, 0xD4, 0xBA, 0x6F, 0xCB, 0xA0, 0xD4, 0x93, 0xD5, 0x86, 0x48, 0x8E, 0x9D, 0xA8, 0xA2,
    0x17, 0xB9, 0xF7, 0x25, 0x2B, 0x81, 0x6C, 0x39, 0x1E, 0x25, 0xA8, 0x5E, 0xD0, 0x0C, 0x62, 0x54,
    0xBF, 0xAA, 0x67, 0x12, 0xF7, 0x4C, 0xDA, 0x9D, 0x45, 0xE0, 0xA8, 0x7A, 0x55, 0x3C, 0x73, 0xF4,
    0xCD, 0x4F, 0xE5, 0x28, 0xF1, 0x51, 0x23, 0x7F, 0x67, 0x0D, 0x33, 0xF2, 0x64, 0x9F, 0x90, 0xC5,
    0x75, 0x31, 0x2A, 0x33, 0x1B, 0x23, 0x58, 0x4A, 0xE1, 0x69, 0xFF, 0x69, 0x1E, 0x55, 0x7F, 0xEA,
    0x66, 0x5F, 0xDB, 0x00, 0x92, 0x33, 0x84, 0xD0, 0x91, 0x45, 0x86, 0x5E, 0x8C, 0xF6, 0xFD, 0xB1,
    0x9C, 0xC3, 0x8E, 0x88, 0x0C, 0xB1, 0xDF, 0x22, 0x31, 0xA4, 0x73, 0x28, 0x65, 0xA2, 0x18, 0x09,
    0x0B, 0xFC, 0x84, 0xA8, 0x8F, 0x86, 0x7C, 0x2E, 0x71, 0xDD, 0x22, 0xF4, 0x99, 0xC4, 0x83, 0xE6,
    0x66, 0xCB, 0x1D, 0x19, 0xF8, 0x1C, 0x1D, 0x26, 0xFB, 0xFA, 0x88, 0xD5, 0xAC, 0x07, 0xB3, 0x5F,
    0xB0, 0xE3, 0x44, 0x22, 0x33, 0x95, 0x24, 0x66, 0x3A, 0x49, 0x69, 0xEA, 0xCE, 0x66, 0x26, 0x70,
    0xA3, 0x14, 0xFF, 0xA6, 0xA6, 0x18, 0xC5, 0xFD, 0xB3, 0x9A, 0x7C, 0x96, 0xFA, 0x0F, 0xD5, 0xA4,
    0x9E, 0x7F, 0x82, 0x64, 0x89, 0x3C, 0x4D, 0x84, 0x64, 0xA6, 0x11, 0x7C, 0x6D, 0x34, 0x53, 0x7F,
    0x67, 0x30, 0xE3, 0xD0, 0x99, 0x29, 0xD0, 0x98, 0xC9, 0x21, 0x66, 0xD2, 0x25, 0x98, 0xC4, 0x07,
    0x13, 0xBD, 0x15, 0x8C, 0xC8, 0xFB, 0x98, 0x87, 0x1A, 0x94, 0xB1, 0x4E, 0x7B, 0x27, 0x62, 0x5D,
    0x76, 0x30, 0x9B, 0x66, 0xAD, 0xDF, 0xA7, 0x3D, 0xF5, 0x36, 0xD6, 0x23, 0xEC, 0xF6, 0xF5, 0xF2,
    0x61, 0xC9, 0x48, 0xF9, 0x53, 0xA5, 0x6E, 0xB7, 0x69, 0xFB, 0x7D, 0x64, 0xD4, 0x26, 0xAD, 0xF9,
    0x7F, 0xF3, 0xE6, 0x75, 0xE9, 0x82, 0x40, 0x25, 0x87, 0x50, 0x78, 0x6E, 0x13, 0xA1, 0x10, 0x30,
    0xD2, 0x70, 0xF6, 0x4E, 0x12, 0x6D, 0x62, 0xE0, 0xCD, 0x12, 0xA1, 0xCB, 0x3D, 0x83, 0xFA, 0x9C,
    0x80, 0xB8, 0xC1, 0x11, 0xA3, 0x1B, 0xF8, 0x88, 0xE5, 0x7D, 0x56, 0x4C, 0x44, 0x3E, 0xE3, 0xFD,
    0xD1, 0x12, 0x13, 0x51, 0x8C, 0xB5, 0x9D, 0xC5, 0x6D, 0x4E, 0xDD, 0xF6, 0x05, 0xFB, 0x90, 0x2E,
    0xD7, 0xDE, 0x0A, 0xCC, 0xCB, 0x6A, 0x23, 0x8D, 0x2D, 0x87, 0x90, 0xE5, 0x20, 0x52, 0xD8, 0xF0,
    0x2C, 0x82, 0xCD, 0xB3, 0xEE, 0x7D, 0xE3, 0xA4, 0x55, 0x73, 0x1B, 0xF6, 0x7C, 0x44, 0x84, 0xD9,
    0x6B, 0x3E, 0xCA, 0x27, 0x8C, 0xAC, 0xC8, 0xD8, 0x66, 0xAF, 0x92, 0xD9, 0x75, 0x91, 0xC7, 0xAB,
    0x1D, 0xA8, 0x8B, 0xCD, 0x6C, 0x1A, 0xCE, 0x2A, 0xFA, 0xE3, 0x8C, 0xA4, 0xBC, 0x3D, 0xB3, 0xF1,
    0x1B, 0x9D, 0x6D, 0xF6, 0x73, 0x9C, 0x09, 0x61, 0xE0, 0x5C, 0xAA, 0x63, 0xC3, 0xDC, 0x8C, 0x39,
    0xAB, 0x8F, 0x68, 0x35, 0x8A, 0xF5, 0xA6, 0xBF, 0xE4, 0x87, 0xE5, 0x93, 0x39, 0x5A, 0x4D, 0x31,
    0x6B, 0x5D, 0x27, 0xB3, 0x36, 0xBB, 0x64, 0xCA, 0xBD, 0xAA, 0x36, 0xBA, 0x78, 0x62, 0xC3, 0x78,
    0xF3, 0xCC, 0x6A, 0xD4, 0x5D, 0xFA, 0xE2, 0xD5, 0xA8, 0x59, 0x95, 0xAD, 0xCC, 0x96, 0x1E, 0xC7,
    0x04, 0xBD, 0x64, 0x73, 0x84, 0x9D, 0x36, 0xB1, 0xC3, 0x6A, 0xD4, 0x72, 0x58, 0x8D, 0xBA, 0x78,
    0xEB, 0x74, 0x76, 0xB3, 0x55, 0x8D, 0xE2, 0xC6, 0xDE, 0xAF, 0x1A, 0x51, 0x25, 0xE8, 0xEB, 0xAA,
    0xAF, 0x8B, 0xAA, 0x7C, 0x2C, 0xCA, 0xE2, 0x6E, 0x58, 0xD0, 0x83, 0xE9, 0xA7, 0x35, 0x8E, 0xC5,
    0x56, 0xF6, 0xB4, 0xD9, 0x4F, 0x66, 0x8C, 0xB6, 0x07, 0xB3, 0xCB, 0x8C, 0x04, 0x5E, 0xFE, 0x84,
    0x68, 0x2D, 0x4A, 0x5E, 0xC0, 0xBA, 0x97, 0x76, 0xF9, 0xF2, 0x77, 0x5B, 0xF6, 0x83, 0xF9, 0x90,
    0xA2, 0xC9, 0x76, 0xBA, 0x3F, 0xBA, 0x7C, 0x56, 0xBA, 0xB1, 0x1C, 0x95, 0xE5, 0xE8, 0x06, 0x65,
    0x3E, 0xB9, 0x9E, 0x9C, 0xEF, 0xE0, 0x64, 0xFB, 0x15, 0x93, 0x0B, 0xC7, 0x95, 0x93, 0xD2, 0x0D,
    0xB9, 0xB7, 0xF3, 0xA6, 0xA8, 0x34, 0x1D, 0x89, 0x70, 0x9D, 0xFF, 0x47, 0xEB, 0x43, 0x17, 0x36,
    0xD8, 0x34, 0x62, 0xE1, 0xF5, 0x3C, 0xBD, 0x3E, 0xCD, 0xB7, 0x91, 0x51, 0xB9, 0xED, 0x75, 0x92,
    0xDB, 0x91, 0x4B, 0x93, 0x03, 0xE2, 0x02, 0x1F, 0xE0, 0x5A, 0xEE, 0x73, 0xF0, 0x32, 0x5A, 0x7D,
    0x97, 0xB3, 0xD5, 0x77, 0xEE, 0xAD, 0x7E, 0x93, 0x30, 0x55, 0x8B, 0xD1, 0x14, 0xC3, 0xB6, 0x3E,
    0xDD, 0xD8, 0xDA, 0x19, 0xAF, 0x43, 0x3D, 0xC2, 0xDF, 0xA8, 0xBF, 0x9E, 0x14, 0x0C, 0x27, 0xF1,
    0xE9, 0x34, 0xEC, 0x97, 0x7F, 0x6F, 0x21, 0xDD, 0x3F, 0xA1, 0xB2, 0x6A, 0x65, 0x3E, 0xA3, 0xC5,
    0xEE, 0xC9, 0xC4, 0x33, 0x2B, 0x9A, 0x78, 0xEE, 0xAD, 0x96, 0xEC, 0x65, 0x80, 0xCE, 0x22, 0xDE,
    0xEA, 0xD1, 0xF3, 0x29, 0xAE, 0x2B, 0x0C, 0x0E, 0x9E, 0xD7, 0xB4, 0xE7, 0xFF, 0xF1, 0xB8, 0xE5,
    0xE4, 0x6E, 0x30, 0x34, 0x81, 0xC0, 0x2C, 0x30, 0x0D, 0x4C, 0xEE, 0x60, 0x1C, 0x28, 0x6F, 0x06,
    0xB6, 0x58, 0x04, 0xF0, 0x01, 0x25, 0x9E, 0xB1, 0x63, 0x00, 0x27, 0x95, 0x1F, 0x04, 0x95, 0xA1,
    0x31, 0x74, 0x44, 0x3B, 0x4A, 0xBA, 0xC2, 0x2D, 0x7F, 0x03, 0xF0, 0xBE, 0x52, 0x24, 0x06, 0xB9,
    0x5C, 0x7E, 0x1F, 0x96, 0xA5, 0x9F, 0x0E, 0x51, 0x8B, 0x67, 0xC2, 0xD3, 0xF9, 0x23, 0x36, 0x8D,
    0x40, 0x87, 0x75, 0xDA, 0xF6, 0x83, 0x5D, 0xD1, 0x3C, 0xB2, 0xB5, 0x69, 0xCE, 0x6D, 0x2C, 0x82,
    0x28, 0x75, 0xF7, 0x69, 0xB3, 0x6D, 0xB7, 0x6F, 0x52, 0xE0, 0x5D, 0xB4, 0xDF, 0x9A, 0x8D, 0xFD,
    0xFF, 0x92, 0xFC, 0xA0, 0x25, 0x89, 0xDE, 0x9D, 0xB5, 0xC7, 0x6E, 0xF8, 0xAC, 0x2D, 0x8E, 0x36,
    0x3F, 0x6B, 0xB3, 0xE1, 0x9C, 0x8D, 0xAF, 0x8C, 0x21, 0xF0, 0x7C, 0xCA, 0x45, 0xC2, 0xBA, 0xB2,
    0xD2, 0xDF, 0xC1, 0xD7, 0x03, 0xE5, 0x6E, 0xE2, 0xF9, 0x95, 0x11, 0xA8, 0x02, 0x07, 0xE5, 0x4F,
    0xBE, 0x84, 0xD9, 0xF6, 0x2B, 0xBC, 0x31, 0x5D, 0x8C, 0x09, 0x8C, 0x71, 0x60, 0x74, 0x83, 0x31,
    0x4E, 0xF7, 0x4B, 0x77, 0xC6, 0xD2, 0x93, 0x17, 0x18, 0xC5, 0x4A, 0x34, 0xCC, 0x45, 0x96, 0x4D,
    0xB2, 0x9B, 0xF6, 0xC8, 0xCB, 0xDC, 0x1D, 0x0C, 0x43, 0x2D, 0xD6, 0x6B, 0x59, 0xA0, 0x4B, 0x3E,
    0xB4, 0xC1, 0x7B, 0x55, 0x30, 0xF0, 0x7B, 0x83, 0x8A, 0xE6, 0xDD, 0x3F, 0x43, 0x1F, 0x76, 0x6E,
    0xC7, 0x60, 0xCA, 0x29, 0x98, 0x7C, 0xDE, 0x1B, 0x1F, 0x4C, 0x76, 0xCB, 0xD8, 0x3E, 0x5B, 0x53,
    0x8E, 0xC1, 0xB4, 0x83, 0x99, 0x87, 0xE8, 0x62, 0x58, 0x49, 0xC8, 0x25, 0x66, 0x9B, 0x96, 0xD9,
    0x25, 0x2F, 0x95, 0x9A, 0x6D, 0x51, 0x98, 0xB2, 0x10, 0x3E, 0xF0, 0xD8, 0xDC, 0xAE, 0x54, 0xC0,
    0x53, 0x86, 0x79, 0xC3, 0xBB, 0x7F, 0x62, 0x51, 0xAB, 0xDA, 0x66, 0x0C, 0x1F, 0xDD, 0x1A, 0x4C,
    0xA4, 0x21, 0x6C, 0x69, 0xB5, 0x76, 0x0B, 0x84, 0xD8, 0x11, 0x20, 0xE5, 0x33, 0xC9, 0xD0, 0x95,
    0x9D, 0x08, 0x06, 0x55, 0x37, 0x96, 0xFA, 0x00, 0x9C, 0x8B, 0x4A, 0x87, 0x24, 0xF7, 0x44, 0xAC,
    0x99, 0x48, 0xB2, 0x50, 0x11, 0x34, 0x7E, 0xF2, 0xE4, 0x6D, 0x4E, 0x81, 0x60, 0x1A, 0xFE, 0x65,
    0xBB, 0xCF, 0xF1, 0x28, 0x3B, 0x43, 0xEE, 0xA9, 0xB3, 0x8D, 0x65, 0x7E, 0x99, 0x2B, 0xC1, 0x65,
    0x2F, 0x09, 0x3A, 0xB7, 0x54, 0x97, 0x08, 0x2F, 0xC6, 0x45, 0xFB, 0xC9, 0x25, 0x8F, 0x0C, 0xEF,
    0xC5, 0x68, 0xEE, 0xAF, 0x58, 0xD6, 0x36, 0xA0, 0xA2, 0x8B, 0x01, 0x4C, 0x2C, 0x79, 0x3D, 0x32,
    0xC4, 0xEC, 0x74, 0x90, 0x5D, 0x59, 0xEB, 0xD0, 0x79, 0xB3, 0xBA, 0x55, 0xAD, 0x5C, 0xAC, 0xDD,
    0xD3, 0x2D, 0x96, 0x13, 0x8B, 0x5E, 0x59, 0x09, 0x32, 0x7B, 0x19, 0xDD, 0x6C, 0x79, 0x0E, 0x2E,
    0x59, 0x74, 0xC5, 0x29, 0x38, 0xA6, 0x79, 0xB7, 0x6B, 0x0A, 0x73, 0xB7, 0xCF, 0x62, 0x67, 0xB6,
    0xD4, 0x42, 0xBA, 0x96, 0x03, 0xDE, 0xBD, 0xE5, 0x69, 0xFE, 0x34, 0xE7, 0x12, 0x72, 0x3F, 0x4A,
    0xA2, 0xE0, 0xB5, 0x5D, 0x5A, 0x64, 0x30, 0xB7, 0xFA, 0x0B, 0x65, 0xD0, 0xD3, 0xC9, 0x25, 0x16,
    0x09, 0xDB, 0x1B, 0x95, 0x91, 0xDB, 0x25, 0x0B, 0x34, 0x01, 0x51, 0xD8, 0x2C, 0xDC, 0xD9, 0x1A,
    0x66, 0x3B, 0x10, 0xE8, 0x0C, 0x8D, 0xA1, 0x32, 0xC8, 0xC9, 0xB7, 0x66, 0xBB, 0x67, 0x3D, 0x12,
    0x6E, 0x21, 0x32, 0x8B, 0x09, 0x46, 0x06, 0x71, 0xE1, 0x5B, 0xA3, 0xBF, 0x25, 0x96, 0x50, 0x3E,
    0x1B, 0x46, 0xA2, 0x1C, 0x08, 0xD7, 0x11, 0xAD, 0xC1, 0x12, 0x8A, 0x2C, 0xD9, 0x72, 0xE1, 0xDA,
    0x67, 0xEB, 0x35, 0xC3, 0x43, 0x3B, 0x13, 0x12, 0x7D, 0xE5, 0x8A, 0xE3, 0x8E, 0xC5, 0x22, 0x26,
    0x1D, 0x75, 0xD0, 0xB3, 0xD6, 0x36, 0xA8, 0x5F, 0xB5, 0xD7, 0xAF, 0x59, 0xA7, 0x2A, 0xB2, 0xD5,
    0xCF, 0x7E, 0x59, 0xD3, 0xD2, 0xBC, 0xA5, 0x50, 0x2D, 0xF0, 0xE4, 0xE9, 0x28, 0x3A, 0x1B, 0x58,
    0xB5, 0xA7, 0x76, 0x41, 0x8B, 0x55, 0x07, 0x69, 0xF5, 0xD7, 0x94, 0x6B, 0x07, 0xF8, 0x21, 0xC7,
    0xEE, 0x5F, 0xD3, 0xAE, 0x67, 0x4E, 0xD1, 0xCB, 0x6B, 0x55, 0x24, 0xDC, 0x3E, 0x47, 0x7D, 0xE7,
    0xA0, 0x31, 0x57, 0xA5, 0x98, 0xC5, 0x0C, 0xAA, 0xCE, 0xEE, 0x6D, 0xB6, 0x1E, 0x54, 0xD6, 0x0E,
    0x0E, 0x19, 0x2B, 0xA9, 0xAE, 0xA7, 0xEE, 0xE7, 0x6C, 0xCB, 0xAA, 0xFF, 0x02, 0x0C, 0xF6, 0x8E,
    0xD8, 0xAA, 0x57, 0xF5, 0x4E, 0x30, 0x49, 0x06, 0x41, 0xA7, 0x27, 0xB1, 0xE0, 0x22, 0xB5, 0x53,
    0x6D, 0xBB, 0x76, 0xA3, 0x35, 0xD5, 0x99, 0x0E, 0xBA, 0x8F, 0xA6, 0xC2, 0x86, 0x19, 0x43, 0x72,
    0xCF, 0x10, 0x1E, 0xAA, 0xD2, 0x4B, 0x6C, 0x15, 0xD6, 0x6E, 0x56, 0x37, 0xE4, 0x8F, 0x2B, 0xB1,
    0x8D, 0xA9, 0x37, 0xD4, 0x89, 0xD1, 0xD7, 0x9D, 0x1E, 0x9E, 0x41, 0xD5, 0x3E, 0xD1, 0x46, 0xE3,
    0x85, 0xBF, 0xDA, 0x39, 0x07, 0x6A, 0x45, 0x9D, 0x6D, 0x7D, 0x27, 0xF4, 0xEF, 0xAA, 0x6D, 0x77,
    0x53, 0xA1, 0x9A, 0xA2, 0xD1, 0x54, 0x60, 0x57, 0x4D, 0x6D, 0x8E, 0x19, 0x99, 0x29, 0xA5, 0x8A,
    0x9E, 0x4F, 0x25, 0x3E, 0x48, 0xA4, 0x22, 0x93, 0x8A, 0x7C, 0x70, 0x29, 0xF1, 0x7D, 0xA6, 0x61,
    0x72, 0xBA, 0x84, 0x7A, 0x00, 0x53, 0x16, 0x89, 0x67, 0x69, 0x9B, 0x03, 0x92, 0x80, 0xE9, 0x1C,
    0xC6, 0x2D, 0x52, 0x43, 0x66, 0xC8, 0x07, 0x43, 0x47, 0x94, 0x06, 0x57, 0x11, 0x10, 0x45, 0x6C,
    0x61, 0xE7, 0x4B, 0x8B, 0x99, 0xB5, 0x0A, 0x74, 0x7B, 0x58, 0x63, 0x21, 0xCA, 0x3D, 0xD8, 0x00,
    0x0B, 0x43, 0xDE, 0x7D, 0xDB, 0xF0, 0x2D, 0x83, 0x88, 0xDE, 0x36, 0x19, 0x20, 0x52, 0x03, 0x3D,
    0x6F, 0x53, 0x8D, 0x19, 0x78, 0x6D, 0x0B, 0x3E, 0xD7, 0x65, 0x0A, 0xBE, 0x71, 0xC7, 0x81, 0x82,
    0x5B, 0xE3, 0xA3, 0x70, 0x00, 0x4C, 0xEA, 0xF5, 0xEB, 0x13, 0xD7, 0xB1, 0x91, 0xAA, 0x0C, 0x2A,
    0x63, 0x78, 0x75, 0x8C, 0xEF, 0xE3, 0xFD, 0x66, 0x8A, 0xE6, 0x62, 0x89, 0xD9, 0x01, 0xB7, 0xC0,
    0x10, 0x3A, 0xEE, 0xAF, 0x84, 0x76, 0xF4, 0x8A, 0xC8, 0xE3, 0x12, 0xBE, 0xD6, 0x1A, 0x1C, 0x9D,
    0x9A, 0x69, 0x35, 0x17, 0x3A, 0x2D, 0xBC, 0x7A, 0xA4, 0x1D, 0x51, 0x17, 0x2D, 0x9C, 0x34, 0x95,
    0xFD, 0x6A, 0x72, 0xF6, 0x11, 0xAB, 0x29, 0x3B, 0x9D, 0x52, 0xAD, 0xC6, 0x69, 0x21, 0xFA, 0xD5,
    0x80, 0x6F, 0x5E, 0x44, 0xCB, 0x6A, 0xB7, 0x4B, 0x90, 0x0C, 0x5C, 0x6D, 0xFF, 0x25, 0x46, 0xBC,
    0x24, 0x60, 0x78, 0x44, 0x8F, 0xD2, 0x72, 0xD6, 0xC3, 0xDB, 0x4E, 0xFB, 0x95, 0x30, 0xD5, 0x75,
    0x83, 0xA6, 0x35, 0x89, 0xB4, 0x9A, 0x3A, 0xC3, 0xB5, 0xD5, 0x6A, 0x92, 0x45, 0x4A, 0x70, 0x61,
    0x11, 0xCF, 0xF8, 0x46, 0xB4, 0x17, 0xF8, 0x76, 0xA6, 0x71, 0x5E, 0x5E, 0xFD, 0x66, 0x78, 0x0F,
    0xDA, 0x71, 0xE0, 0xFE, 0x83, 0x4B, 0x54, 0x8E, 0x93, 0x73, 0x91, 0xDA, 0x44, 0x82, 0x40, 0x33,
    0x0D, 0x46, 0x48, 0x54, 0x7A, 0x95, 0x1D, 0x03, 0x05, 0x8D, 0x6C, 0xDE, 0xD7, 0xDB, 0x48, 0xDD,
    0xFF, 0x8E, 0x44, 0xE8, 0xEA, 0xF7, 0x9E, 0x42, 0xAB, 0xDB, 0x87, 0x55, 0xAF, 0x57, 0xBF, 0x1E,
    0xCA, 0x50, 0xAA, 0x96, 0xEF, 0xF6, 0xF6, 0x01, 0x25, 0xAE, 0xA2, 0x76, 0xD1, 0xDB, 0x4E, 0xAF,
    0x43, 0x51, 0x1A, 0x5A, 0x22, 0x06, 0x91, 0x19, 0xCA, 0xEF, 0x10, 0x6D, 0xAE, 0x88, 0x3D, 0x91,
    0x8D, 0x44, 0xD9, 0x11, 0xAD, 0x28, 0xE0, 0x0D, 0xA3, 0xA1, 0x33, 0x54, 0x84, 0x25, 0x54, 0x62,
    0x88, 0x5A, 0x34, 0xA7, 0x79, 0x91, 0x7B, 0x6F, 0xCA, 0x6B, 0xD6, 0xA5, 0x69, 0xFB, 0xCB, 0x66,
    0xD1, 0x6B, 0x4D, 0x97, 0xD8, 0xAA, 0x03, 0x93, 0xD5, 0x53, 0xA7, 0x88, 0xBE, 0x20, 0xE7, 0xB7,
    0x4F, 0xC0, 0x65, 0xB2, 0x2D, 0xB7, 0x98, 0x1D, 0x66, 0xD3, 0x52, 0x27, 0x60, 0x95, 0x2D, 0xB2,
    0xAF, 0x9A, 0xCD, 0xAA, 0xF9, 0xA8, 0xEA, 0x7A, 0xD5, 0xBA, 0x53, 0x05, 0x4B, 0x61, 0xD9, 0x28,
    0x54, 0xC3, 0x5C, 0xDD, 0x75, 0xAA, 0xBC, 0x01, 0x2D, 0x23, 0xD6, 0x8B, 0xEE, 0x57, 0xF2, 0xD9,
    0x1E, 0x45, 0x53, 0xF4, 0xE2, 0x16, 0xD5, 0x72, 0x39, 0xE9, 0xA1, 0x4C, 0x2F, 0xAD, 0xAB, 0xF5,
    0xDA, 0xB8, 0x82, 0xCE, 0xAA, 0xC9, 0x5D, 0x3A, 0x6D, 0x74, 0x54, 0x4D, 0xA9, 0x19, 0x35, 0x1F,
    0x54, 0x8B, 0x5E, 0xD5, 0x75, 0xAB, 0xBE, 0xCA, 0xD5, 0xBC, 0x1A, 0x92, 0xE1, 0xBA, 0xDD, 0xB1,
    0x37, 0x9C, 0x54, 0x3F, 0x1B, 0x02, 0x83, 0x54, 0x0B, 0x00, 0x3A, 0xED, 0xA8, 0x3A, 0x91, 0x55,
    0x4A, 0x0C, 0x22, 0x58, 0x58, 0xD4, 0xF6, 0x37, 0x49, 0x42, 0x7A, 0x49, 0x95, 0xCB, 0x4E, 0xF2,
    0x7F, 0x5F, 0xE9, 0x21, 0xC5, 0x77, 0x94, 0x6D, 0xE5, 0xFE, 0x48, 0xE9, 0xBA, 0x3A, 0x57, 0x96,
    0xDD, 0x8E, 0xCC, 0x7F, 0xE4, 0xC9, 0xEC, 0xC7, 0x13, 0x99, 0x60, 0x24, 0x63, 0xF4, 0xA4, 0xA0,
    0x33, 0xB6, 0x95, 0xD1, 0x89, 0xF1, 0x73, 0xCA, 0x12, 0x57, 0x12, 0xB5, 0x4B, 0xD5, 0x72, 0x28,
    0x85, 0x6E, 0xCF, 0x43, 0x93, 0xF3, 0x56, 0xCD, 0x7E, 0xDB, 0xE4, 0xC0, 0x06, 0xFD, 0x52, 0x00,
    0x70, 0x1B, 0x2F, 0x7F, 0x38, 0x61, 0xAF, 0x33, 0x34, 0xA7, 0x79, 0xB1, 0x9E, 0x5B, 0x32, 0x4E,
    0x00, 0x6B, 0x8E, 0x80, 0xF0, 0x1C, 0x5E, 0x12, 0x48, 0xBE, 0x48, 0x4E, 0x53, 0x70, 0xF9, 0x91,
    0x8F, 0xF8, 0xCE, 0x5E, 0x02, 0x76, 0x3D, 0x3B, 0xA4, 0x4E, 0xFB, 0xEC, 0xFA, 0x96, 0x86, 0x5F,
    0x6D, 0xCF, 0x31, 0x1C, 0x1B, 0x21, 0x9C, 0x2D, 0x83, 0x14, 0x6A, 0x80, 0x29, 0x0C, 0x0C, 0xAC,
    0x3F, 0x0F, 0x1D, 0xBA, 0x6D, 0xA7, 0xCF, 0xA3, 0x52, 0x75, 0xE1, 0xE4, 0xAC, 0x08, 0x97, 0xF3,
    0x71, 0x80, 0xF7, 0xE8, 0x12, 0x2A, 0xAF, 0x0B, 0x90, 0x57, 0xE4, 0x0D, 0x11, 0xCC, 0x05, 0x46,
    0xBB, 0x67, 0xEC, 0x11, 0x2A, 0x09, 0x86, 0x04, 0x5D, 0x02, 0x91, 0x55, 0x77, 0x22, 0xF5, 0xA0,
    0xEA, 0x46, 0xD5, 0x92, 0x5A, 0x50, 0xF3, 0xE9, 0x96, 0x6E, 0x7E, 0x2D, 0xA9, 0x8E, 0xC7, 0xB6,
    0x9D, 0x2A, 0x54, 0x33, 0x3D, 0xFF, 0x73, 0xEC, 0xAC, 0xD8, 0xA8, 0x8D, 0x24, 0xBB, 0x07, 0x57,
    0x22, 0xBA, 0xCF, 0xDD, 0x9A, 0x86, 0x47, 0x99, 0x3F, 0xE8, 0x93, 0x27, 0xF6, 0xFA, 0x92, 0x1E,
    0xCB, 0x27, 0x40, 0xCD, 0x65, 0x99, 0xE7, 0xED, 0x9C, 0xA0, 0x4A, 0x66, 0xAD, 0xA3, 0xA9, 0x98,
    0x56, 0xD1, 0xB5, 0x81, 0xC9, 0x1E, 0x1F, 0xBD, 0x3D, 0x75, 0x4E, 0xE5, 0xF6, 0x03, 0xBB, 0x9C,
    0xC2, 0x0C, 0xEC, 0xCF, 0x35, 0x96, 0xEE, 0xE3, 0xFD, 0x28, 0xAB, 0x0F, 0x23, 0xBF, 0x37, 0xAA,
    0x6D, 0xED, 0xF6, 0x27, 0x2A, 0xAE, 0xCB, 0xFB, 0x77, 0x0E, 0x9A, 0xF5, 0x5F, 0x5D, 0x35, 0xED,
    0x6D, 0xCC, 0xFA, 0x11, 0xE8, 0x03, 0x3C, 0xBF, 0xB9, 0x44, 0xF5, 0x58, 0xE4, 0x57, 0x6A, 0x4C,
    0x19, 0x16, 0xD3, 0x47, 0x4B, 0x15, 0xB7, 0xCF, 0xEC, 0x0D, 0xB2, 0x08, 0xAB, 0xF2, 0x35, 0x86,
    0x96, 0x83, 0x26, 0xF0, 0x34, 0xFA, 0x53, 0x1F, 0x7B, 0x8D, 0x5B, 0x27, 0x9E, 0x15, 0x37, 0xEB,
    0x18, 0x22, 0xD3, 0x49, 0x88, 0xCF, 0x4D, 0x7B, 0x91, 0x78, 0x57, 0xEA, 0xF9, 0xE1, 0xF8, 0x28,
    0xAE, 0x2B, 0x3E, 0x9B, 0x98, 0x93, 0x45, 0xB5, 0xF4, 0x37, 0x67, 0xAA, 0xDB, 0x89, 0x44, 0xB9,
    0x19, 0xA9, 0xB7, 0x7A, 0x68, 0x8C, 0xC3, 0x32, 0x56, 0x8E, 0x49, 0x2D, 0x7A, 0xD5, 0x45, 0xB6,
    0x6F, 0x34, 0xD7, 0xCB, 0x16, 0xA5, 0x41, 0x5E, 0x1A, 0x11, 0x11, 0xB5, 0x5C, 0x66, 0x28, 0x0E,
    0xAF, 0x3D, 0x62, 0xD1, 0x89, 0xE1, 0x92, 0x72, 0x56, 0xB9, 0xE8, 0x9A, 0xED, 0xB8, 0x82, 0x0B,
    0x22, 0x3A, 0xBA, 0x71, 0x9D, 0x62, 0xAE, 0x15, 0x99, 0x6F, 0x15, 0xA9, 0x6F, 0x9B, 0x13, 0x74,
    0x84, 0xED, 0x32, 0xDB, 0x01, 0x13, 0x0F, 0x2F, 0xC6, 0x52, 0x4F, 0xE6, 0x06, 0x9E, 0x1A, 0x5D,
    0x8A, 0x66, 0xC9, 0xC0, 0x29, 0x1E, 0xFC, 0x21, 0x28, 0x14, 0x03, 0xD7, 0xCC, 0xDA, 0xCB, 0x5F,
    0x0A, 0xB6, 0x4B, 0x47, 0xB5, 0xE1, 0xF3, 0x0C, 0x4C, 0x68, 0x95, 0xBF, 0xE2, 0x74, 0x78, 0x35,
    0xA9, 0x62, 0xE2, 0xB3, 0xB5, 0x0A, 0x2F, 0xA8, 0xD4, 0x7D, 0x3E, 0xE9, 0x1D, 0x58, 0x0E, 0x5A,
    0x3B, 0xAE, 0xD3, 0x7B, 0xC8, 0x86, 0xF0, 0xBC, 0x95, 0xEC, 0x44, 0xE1, 0x45, 0xB3, 0x49, 0x35,
    0x44, 0xA5, 0x35, 0xD9, 0xEC, 0x1A, 0x95, 0xD6, 0x60, 0xAB, 0xCD, 0x8B, 0x9D, 0x5E, 0xDB, 0x14,
    0xB3, 0x44, 0x7C, 0xD4, 0x3E, 0xD2, 0x45, 0xFA, 0x37, 0x6D, 0x94, 0xD7, 0x8E, 0xAA, 0x7C, 0x2C,
    0x44, 0xD2, 0xC2, 0x67, 0xEC, 0x59, 0x66, 0x45, 0x89, 0xAB, 0x98, 0x8B, 0x75, 0x9C, 0xBD, 0x7E,
    0x2C, 0x60, 0x64, 0x0E, 0xBA, 0x5D, 0xB5, 0xC4, 0x18, 0x20, 0xBA, 0xE5, 0x86, 0xEC, 0x04, 0xA9,
    0x21, 0xB9, 0x85, 0xCF, 0xE8, 0x15, 0x39, 0x5E, 0x51, 0x13, 0xF0, 0x10, 0x83, 0x5E, 0x91, 0xA0,
    0xD2, 0x84, 0x5E, 0x8C, 0xC6, 0xD0, 0x11, 0xF5, 0x28, 0xF5, 0x70, 0x68, 0x03, 0xF9, 0xA1, 0x29,
    0xB4, 0x2B, 0xE4, 0x9E, 0x38, 0x85, 0xBC, 0x08, 0x0F, 0xB0, 0x28, 0x6C, 0xD1, 0x28, 0xE0, 0x15,
    0x7E, 0x3E, 0xD3, 0x62, 0xAE, 0xE1, 0x1D, 0x3C, 0xCD, 0xBC, 0x9A, 0x12, 0x57, 0x8F, 0x70, 0xC5,
    0xCC, 0x86, 0x01, 0xD1, 0xCF, 0xDF, 0xF0, 0x53, 0xC2, 0xB6, 0x67, 0x6D, 0x30, 0xFE, 0x60, 0x0E,
    0x97, 0x23, 0x87, 0xEB, 0x31, 0x37, 0xAB, 0x3B, 0x5C, 0xD1, 0xF1, 0xA4, 0xBF, 0x70, 0x8E, 0x9F,
    0x70, 0x89, 0x61, 0x66, 0x67, 0x5B, 0x75, 0x74, 0x12, 0xB6, 0x36, 0x50, 0xA4, 0x3E, 0x38, 0xF7,
    0x92, 0xAE, 0xDC, 0x8E, 0x29, 0x4E, 0xF0, 0x03, 0x85, 0x45, 0x49, 0xDF, 0x39, 0xC1, 0x57, 0x0D,
    0x7C, 0x7F, 0x9D, 0x00, 0x7A, 0xC3, 0x6C, 0xAF, 0xAD, 0x2D, 0x8A, 0x26, 0x01, 0xA1, 0x9F, 0x2D,
    0xBA, 0xDB, 0xFF, 0x18, 0xDB, 0x9E, 0xC5, 0x8A, 0x87, 0xC7, 0xEE, 0x6D, 0x24, 0x16, 0x76, 0xE2,
    0x94, 0x16, 0x3B, 0xFD, 0xA7, 0x65, 0x4F, 0x1D, 0x55, 0xEA, 0x62, 0x68, 0x0C, 0xE1, 0xF1, 0xEF,
    0x4F, 0xA0, 0x0A, 0x1C, 0x03, 0x3D, 0x29, 0xF9, 0xCE, 0x98, 0xC0, 0x18, 0xDF, 0xC1, 0x24, 0x30,
    0x5D, 0x8C, 0xA5, 0x1E, 0xCF, 0xC1, 0xF8, 0x43, 0x8B, 0x90, 0xF4, 0xCC, 0x1F, 0xAE, 0x65, 0x25,
    0xF3, 0xCD, 0xCC, 0x52, 0x98, 0xDD, 0x17, 0x44, 0x42, 0x80, 0x4A, 0x65, 0x54, 0xF1, 0xCC, 0x13,
    0x13, 0xD4, 0xD4, 0x55, 0xA2, 0x20, 0xE1, 0x6B, 0xB2, 0x30, 0x79, 0xA6, 0xCD, 0x84, 0x99, 0xAA,
    0xBC, 0xFA, 0x96, 0xD8, 0x5B, 0x31, 0x8E, 0x71, 0xE7, 0xE7, 0x2D, 0x2A, 0x57, 0xC5, 0x36, 0x45,
    0x1E, 0x56, 0x71, 0xE3, 0x67, 0xED, 0xB1, 0x6A, 0x92, 0x31, 0xBC, 0xE7, 0xA5, 0x3C, 0x88, 0xC8,
    0x3E, 0x1E, 0x1B, 0x76, 0x29, 0xEC, 0x4D, 0xA7, 0xDF, 0x15, 0x69, 0xFB, 0xFA, 0x2A, 0x41, 0xA3,
    0xA9, 0xE9, 0x51, 0xDA, 0x7F, 0xA3, 0xDB, 0xFF, 0x4F, 0xCA, 0xAF, 0xD8, 0x00, 0xB5, 0x85, 0x9E,
    0x71, 0x67, 0x06, 0x40, 0xA7, 0x97, 0x9D, 0xE0, 0x87, 0x18, 0xC5, 0x8A, 0xD9, 0xCD, 0x6A, 0x8A,
    0x51, 0x53, 0x88, 0xC1, 0xB5, 0x90, 0x85, 0xA6, 0xB3, 0x20, 0x15, 0x67, 0x4E, 0x34, 0xE8, 0xEC,
    0x6E, 0x07, 0x1B, 0x49, 0x75, 0xCE, 0x08, 0x8D, 0x98, 0x89, 0xB6, 0x87, 0xD3, 0x84, 0x33, 0x0F,
    0x92, 0x5A, 0x5A, 0xA3, 0x5E, 0x91, 0x65, 0xA3, 0xE6, 0x80, 0x3F, 0x63, 0xD3, 0x6D, 0xC1, 0xC1,
    0x98, 0xA8, 0xE1, 0x83, 0x91, 0x5B, 0xF4, 0x06, 0xC1, 0xED, 0xC2, 0xDE, 0x60, 0xA6, 0xF2, 0x71,
    0x10, 0xE9, 0x6B, 0x79, 0x7A, 0x7E, 0xD5, 0x1D, 0xD5, 0x6F, 0x74, 0xB1, 0x14, 0x55, 0x05, 0xFF,
    0x99, 0x59, 0x83, 0x5E, 0x35, 0xA5, 0xE6, 0xCB, 0xDB, 0xAB, 0x96, 0x83, 0xFE, 0xEA, 0x3A, 0xD5,
    0xB6, 0x51, 0xC5, 0xF1, 0xA8, 0x72, 0xA7, 0xEF, 0x92, 0xB6, 0x3E, 0x02, 0xC6, 0x76, 0x56, 0x95,
    0xA8, 0xB3, 0x27, 0x89, 0x05, 0x7D, 0x24, 0xE3, 0x3D, 0x88, 0x31, 0x0C, 0x7E, 0xF4, 0x38, 0xDE,
    0x9A, 0xB7, 0xB6, 0x9F, 0x53, 0xE8, 0xE9, 0x35, 0xB9, 0x2F, 0x52, 0x37, 0xAE, 0x13, 0x74, 0xAE,
    0xA7, 0xD8, 0xD7, 0xD7, 0xE4, 0xE2, 0x17, 0x26, 0x93, 0xEC, 0x57, 0xB0, 0x3B, 0xEA, 0xE5, 0x1D,
    0x13, 0x05, 0x00, 0x03, 0x75, 0x34, 0x7F, 0xC7, 0x94, 0xE2, 0xF2, 0x6A, 0xD5, 0x0C, 0x7E, 0xD5,
    0xD6, 0xDE, 0x33, 0x7C, 0xAA, 0xFD, 0xE0, 0xA8, 0xD3, 0x14, 0x54, 0x52, 0xF7, 0x9C, 0xBE, 0x7C,
    0x28, 0x5D, 0x9B, 0xC5, 0xAA, 0xC0, 0x78, 0x50, 0x11, 0x39, 0xA7, 0x16, 0xCC, 0xA6, 0xB2, 0xA9,
    0xA4, 0xB0, 0xA1, 0xEF, 0xE6, 0xDD, 0xAF, 0x46, 0xF5, 0xB7, 0xB5, 0xAD, 0xFB, 0xFD, 0x9B, 0xF4,
    0x8E, 0x2F, 0x3B, 0x0E, 0xB6, 0xBB, 0xBD, 0x5B, 0x91, 0x35, 0x72, 0x66, 0xFB, 0xF8, 0xA3, 0xC2,
    0x0F, 0xBE, 0x7E, 0x32, 0x25, 0x5B, 0x8E, 0x53, 0xB2, 0x78, 0x2E, 0x26, 0x89, 0x66, 0xAD, 0xF6,
    0xC7, 0x9B, 0x29, 0x19, 0x30, 0x6E, 0xE5, 0x45, 0x53, 0xB2, 0xBF, 0x48, 0xF5, 0x86, 0x66, 0xCF,
    0x7B, 0x73, 0x4A, 0x76, 0xF1, 0x0D, 0xCD, 0x90, 0x2D, 0x71, 0xED, 0xC4, 0x2D, 0x6F, 0xEF, 0xA4,
    0xEE, 0x65, 0xA7, 0xD3, 0x1E, 0xAE, 0xFA, 0x7D, 0x4B, 0xA0, 0x67, 0x6E, 0x79, 0x52, 0x9D, 0x1F,
    0x94, 0x7A, 0x68, 0xAA, 0x27, 0x91, 0x96, 0x21, 0x6B, 0x36, 0xB7, 0x3C, 0x5C, 0xD8, 0x9F, 0x8A,
    0x40, 0xBC, 0xCA, 0x4E, 0x62, 0x95, 0x74, 0xD1, 0x47, 0xA6, 0x17, 0x84, 0x05, 0x87, 0x2A, 0x2C,
    0x01, 0xFC, 0xA3, 0x24, 0x38, 0x7C, 0xF4, 0xEB, 0x69, 0xD9, 0xEB, 0xA7, 0x84, 0xC4, 0x1F, 0xF0,
    0x53, 0xEA, 0x68, 0xC9, 0xAF, 0x9F, 0xFB, 0x72, 0x5F, 0x87, 0xE2, 0x9D, 0xEB, 0xED, 0x3F, 0xF5,
    0x17, 0x67, 0x6E, 0xCD, 0x0C, 0x23, 0xFF, 0x62, 0x6D, 0xFA, 0xE5, 0x87, 0xFB, 0x8B, 0xB1, 0x54,
    0x19, 0xD0, 0xE9, 0x9F, 0x36, 0x2B, 0x37, 0x1E, 0x3F, 0xA7, 0xAD, 0x2C, 0xC5, 0xB8, 0x7E, 0x34,
    0xCD, 0xE2, 0xA3, 0xF8, 0x94, 0x83, 0xCE, 0x4C, 0xD1, 0x69, 0xB1, 0xED, 0x58, 0x55, 0xA7, 0xAB,
    0x0C, 0xCD, 0xD6, 0x5C, 0xC2, 0xC6, 0x3E, 0x16, 0xC6, 0xA3, 0x99, 0x6F, 0x9A, 0xE4, 0xAC, 0xE1,
    0xF1, 0xC9, 0xA4, 0x66, 0xDE, 0x9B, 0x45, 0x2C, 0xBC, 0x97, 0x22, 0x98, 0x08, 0x4D, 0x08, 0xF5,
    0xAD, 0x26, 0x33, 0x63, 0x01, 0x3F, 0x9A, 0xA2, 0xB7, 0x9F, 0x2C, 0xEC, 0x17, 0xA3, 0xB2, 0xC8,
    0x5F, 0x06, 0x61, 0xF0, 0x8F, 0x0D, 0x74, 0x09, 0xE3, 0xA3, 0x7D, 0x24, 0x5C, 0x5E, 0xAD, 0x4E,
    0x63, 0xB8, 0x12, 0xE6, 0x4E, 0x83, 0x9A, 0xD9, 0x4C, 0x98, 0x3F, 0x89, 0x8D, 0x2B, 0xC7, 0x97,
    0x36, 0x4F, 0x9E, 0xB4, 0xCF, 0x9F, 0x54, 0xAB, 0xE1, 0x36, 0xEF, 0x0D, 0xC2, 0x4F, 0x6F, 0xA3,
    0x0B, 0x3B, 0xA3, 0x0F, 0xC6, 0x0D, 0x7B, 0x33, 0x6E, 0xCC, 0xE9, 0x4F, 0x75, 0xD8, 0x39, 0x66,
    0x90, 0x32, 0x0E, 0x03, 0x5B, 0x1F, 0x2E, 0xD0, 0xCC, 0xD5, 0x7E, 0xF6, 0x8E, 0xDD, 0x16, 0x97,
    0x86, 0xE4, 0x1C, 0x00, 0x0C, 0x86, 0xD1, 0x30, 0xDC, 0xB5, 0xA7, 0xF5, 0xD6, 0xA1, 0xBB, 0x0E,
    0xFD, 0x75, 0xE8, 0xB0, 0xC5, 0x7A, 0x6C, 0xB1, 0x2E, 0x9B, 0x07, 0xB8, 0x8F, 0x0A, 0xFC, 0x9F,
    0xC7, 0x16, 0x01, 0xC6, 0x1C, 0xA8, 0x02, 0x34, 0x3F, 0x9D, 0x4A, 0xBA, 0x79, 0x33, 0xD7, 0x16,
    0xB4, 0xD9, 0x22, 0x8B, 0xDD, 0x71, 0xEA, 0xF6, 0x5B, 0x72, 0x6E, 0xFB, 0x45, 0x0A, 0x8D, 0xFF,
    0xDA, 0xC9, 0x14, 0x03, 0x3D, 0xD1, 0xCE, 0x44, 0x0E, 0x22, 0x42, 0x27, 0xFF, 0xDB, 0xDE, 0xF7,
    0xC3, 0x58, 0x6E, 0x5D, 0xE7, 0x5F, 0x92, 0x3F, 0x0D, 0x7F, 0xD6, 0x0B, 0x4C, 0x07, 0xB0, 0x63,
    0x67, 0x27, 0x01, 0x1B, 0x17, 0x82, 0x04, 0x84, 0x3D, 0xE0, 0x84, 0x74, 0xDC, 0x03, 0x6A, 0xC6,
    0x0A, 0xE0, 0x22, 0x2E, 0x5C, 0x38, 0x56, 0xB1, 0x8D, 0x4B, 0xC3, 0xA4, 0xE1, 0x22, 0x45, 0x9A,
    0x29, 0xE2, 0x2A, 0x45, 0xB6, 0x50, 0x11, 0x8C, 0x12, 0x28, 0x45, 0x4A, 0x5B, 0xA4, 0x90, 0xD2,
    0x0D, 0x11, 0xC0, 0xB5, 0x09, 0x64, 0x0D, 0x18, 0x9B, 0x42, 0x74, 0xFC, 0x0C, 0x70, 0x65, 0x92,
    0x27, 0x3C, 0xDF, 0x77, 0x2F, 0xFF, 0xCC, 0x9B, 0x79, 0x9A, 0x5D, 0x8D, 0xBC, 0xBB, 0xB3, 0x22,
    0x76, 0xBE, 0xEF, 0x2C, 0x1F, 0x39, 0xF3, 0x78, 0x2F, 0xEF, 0xFF, 0x73, 0xBE, 0xCB, 0xD5, 0x57,
    0x50, 0x58, 0xBD, 0xB0, 0x4B, 0x12, 0x5C, 0x79, 0xE1, 0xC2, 0x4B, 0x84, 0x75, 0x97, 0x70, 0x0C,
    0x7A, 0x24, 0x64, 0xCB, 0x10, 0x92, 0x23, 0x6B, 0x2E, 0x77, 0x63, 0x8A, 0xED, 0xF9, 0x9A, 0xAB,
    0x39, 0x58, 0xAD, 0x9D, 0x3D, 0x42, 0x03, 0x4B, 0xED, 0xF5, 0xE4, 0x93, 0x78, 0x6C, 0x66, 0x47,
    0x18, 0x0E, 0xC6, 0xB5, 0x43, 0xD2, 0x41, 0x90, 0xAF, 0xA5, 0x41, 0x3F, 0xEB, 0x4D, 0xBF, 0xA1,
    0x77, 0x94, 0xBE, 0xBB, 0xBA, 0xFD, 0xD1, 0xC5, 0xB9, 0xF5, 0xB7, 0x06, 0xB1, 0xB7, 0x50, 0x9D,
    0x48, 0xAB, 0x64, 0x92, 0x0E, 0x14, 0xF5, 0xA0, 0x90, 0x14, 0x0C, 0x96, 0xD6, 0x27, 0x23, 0x52,
    0xBA, 0x77, 0xB7, 0x9F, 0xF2, 0xA1, 0xE9, 0x3C, 0x06, 0x3A, 0xC7, 0xA4, 0x10, 0xFE, 0xCC, 0x82,
    0x09, 0xD0, 0xBB, 0x29, 0x32, 0x29, 0xD7, 0x38, 0xEA, 0x8A, 0x45, 0x35, 0x00, 0xFB, 0x09, 0x77,
    0xD5, 0x77, 0xB7, 0x77, 0x9D, 0x39, 0xB9, 0x2D, 0x60, 0x3B, 0xE1, 0x45, 0xD9, 0xEB, 0xA7, 0xE1,
    0xA8, 0x18, 0x88, 0xE2, 0xFA, 0x9F, 0x0F, 0x0C, 0xF0, 0x69, 0xDC, 0xDB, 0x25, 0x2E, 0x26, 0x0D,
    0xC6, 0xB6, 0x9B, 0x43, 0x70, 0xB4, 0x97, 0x4C, 0x66, 0x79, 0xC3, 0xAA, 0x65, 0x4E, 0xED, 0x08,
    0x9D, 0xB0, 0xB9, 0xF2, 0x0F, 0x7B, 0x98, 0x1E, 0x4B, 0xB7, 0xCD, 0x4D, 0xD6, 0xAE, 0xCE, 0xF9,
    0x87, 0x26, 0xDD, 0xD3, 0xEC, 0x7D, 0xBC, 0x0B, 0xF7, 0xF1, 0x2E, 0x4D, 0x55, 0x91, 0xDF, 0x59,
    0x33, 0xB7, 0x7F, 0x97, 0xCF, 0x3C, 0xBB, 0xF5, 0xBF, 0x3B, 0xBE, 0xC7, 0xFB, 0xA2, 0x3E, 0xE8,
    0x03, 0xB1, 0x95, 0x5E, 0x80, 0x8E, 0xA3, 0x8B, 0xB4, 0xCC, 0x6B, 0x17, 0x05, 0xC8, 0x4E, 0x29,
    0xEB, 0x6C, 0xEB, 0xBB, 0xA4, 0xE6, 0x84, 0x2E, 0xF6, 0x20, 0x90, 0x39, 0x1C, 0x81, 0x4E, 0x55,
    0xB5, 0x9A, 0x4A, 0x2E, 0x2C, 0x2E, 0x6D, 0xD5, 0x61, 0x6E, 0xFA, 0x69, 0x7C, 0x2B, 0x5D, 0x20,
    0xDA, 0x97, 0x92, 0x66, 0x65, 0x9A, 0xF9, 0x88, 0x98, 0x99, 0x2B, 0x63, 0x27, 0xD3, 0x78, 0x4A,
    0x32, 0xA6, 0x58, 0x30, 0x30, 0x75, 0x6C, 0x42, 0x25, 0x6E, 0xB8, 0xB1, 0xEB, 0x51, 0x33, 0x60,
    0xAD, 0x7F, 0xB0, 0x49, 0xF8, 0xF3, 0x3D, 0xF8, 0xA4, 0x94, 0x8F, 0x18, 0xF3, 0xB0, 0xCE, 0x9F,
    0x1E, 0x09, 0xF3, 0xD7, 0x63, 0x38, 0x22, 0x31, 0xFD, 0xD1, 0x13, 0xFC, 0x1A, 0xDF, 0xF9, 0x05,
    0x4C, 0x06, 0x35, 0xB5, 0x26, 0x83, 0x2E, 0x49, 0x93, 0x11, 0xF5, 0x18, 0xE6, 0xAF, 0xFC, 0x02,
    0x7C, 0xF8, 0x05, 0x94, 0xD6, 0x2F, 0x00, 0x46, 0xDE, 0xFF, 0x01, 0x42, 0xB9, 0x70, 0x6C, 0xE9,
    0x0F, 0x12, 0xCA, 0xF5, 0xF4, 0xAB, 0x8F, 0x3A, 0x4C, 0x2E, 0xEB, 0x5C, 0xA6, 0x83, 0x78, 0x6B,
    0xAB, 0x8F, 0xF7, 0xCE, 0x05, 0xA7, 0x64, 0x0F, 0x0E, 0xA4, 0x55, 0xCF, 0x53, 0x13, 0x69, 0x7F,
    0x1D, 0xCD, 0xC2, 0x9B, 0x8B, 0x72, 0x61, 0xC5, 0x86, 0xA4, 0x64, 0x60, 0x0D, 0x63, 0x33, 0x91,
    0xDA, 0x60, 0xF4, 0x2C, 0x06, 0xA4, 0x37, 0xDE, 0x5D, 0x7C, 0x89, 0xEE, 0xAA, 0x00, 0x9B, 0x11,
    0x91, 0x1E, 0xE8, 0x8C, 0xD4, 0x9B, 0x40, 0x9B, 0x82, 0x12, 0x49, 0xA5, 0x0B, 0xB4, 0xA9, 0xC4,
    0x80, 0x9B, 0x11, 0x9C, 0xFC, 0x66, 0x00, 0x47, 0xBF, 0xED, 0xC9, 0xBF, 0xEF, 0xDC, 0xA8, 0x06,
    0x1C, 0xCC, 0xDC, 0x80, 0x7D, 0x17, 0x37, 0x02, 0xDE, 0xB4, 0xD4, 0xF7, 0xB2, 0x1C, 0xBE, 0x91,
    0xAD, 0x52, 0xA8, 0x31, 0xA2, 0xE7, 0x26, 0x92, 0x06, 0xEE, 0x72, 0x8F, 0xD1, 0x50, 0xA7, 0xF5,
    0x1C, 0xE4, 0x9B, 0x57, 0x28, 0x20, 0x69, 0xED, 0xB4, 0x45, 0x46, 0x46, 0xFB, 0x53, 0x9D, 0x24,
    0x00, 0x75, 0x78, 0xD4, 0xB0, 0xDF, 0x31, 0xF4, 0x23, 0x52, 0xF2, 0x87, 0x88, 0x82, 0x3D, 0x31,
    0x1F, 0x2F, 0x05, 0x95, 0xD4, 0x05, 0xC8, 0xED, 0xB3, 0x91, 0x92, 0x01, 0x84, 0x77, 0xEB, 0xE0,
    0xF8, 0x0B, 0xBF, 0x05, 0x97, 0xB6, 0xED, 0x4B, 0x7F, 0xDC, 0x83, 0x93, 0x0F, 0xC8, 0x51, 0x3D,
    0x82, 0xC3, 0x36, 0xB5, 0x6D, 0x63, 0xC2, 0xFC, 0xAD, 0x3F, 0x0F, 0xE2, 0xF1, 0xD2, 0xE6, 0x77,
    0x90, 0xBD, 0xB6, 0x4A, 0xAD, 0x98, 0x89, 0x15, 0xB5, 0x25, 0xBB, 0x0A, 0x69, 0x86, 0xA1, 0x20,
    0xB3, 0xA8, 0x8F, 0x40, 0x3F, 0x0D, 0x6B, 0xB3, 0x39, 0x5E, 0xD8, 0x97, 0xE7, 0x8E, 0xC6, 0xF1,
    0x3F, 0xB6, 0xCF, 0x23, 0x8E, 0x0D, 0x0E, 0x7F, 0xB4, 0xDC, 0x93, 0x03, 0xC7, 0x9D, 0xE5, 0x76,
    0xCB, 0x61, 0x43, 0xF6, 0x8B, 0xE7, 0x6F, 0x6C, 0xD2, 0xF0, 0x4B, 0xEC, 0x49, 0x6E, 0x91, 0x92,
    0xD4, 0x90, 0xAA, 0x35, 0xC5, 0x05, 0x28, 0xC9, 0x48, 0x86, 0x47, 0xC9, 0xC2, 0x0E, 0x44, 0x41,
    0xDF, 0xF4, 0x06, 0xBF, 0x27, 0x8B, 0x0C, 0x4B, 0x09, 0xE4, 0xF9, 0x2D, 0xCA, 0xA3, 0x4C, 0x51,
    0x3A, 0xA0, 0x64, 0x9E, 0x9C, 0xBD, 0x2D, 0x18, 0xD2, 0x94, 0xAD, 0x62, 0x02, 0x8C, 0xBA, 0x63,
    0x18, 0xEF, 0x15, 0x53, 0x5C, 0x89, 0x92, 0xF2, 0x2D, 0xEB, 0xE9, 0x62, 0x14, 0xF6, 0x8A, 0x63,
    0x66, 0x7B, 0xB6, 0xB9, 0x2C, 0x98, 0x00, 0xCD, 0x8D, 0x51, 0x44, 0x5A, 0x22, 0x9E, 0xEE, 0xC1,
    0xB1, 0xEB, 0x33, 0xA0, 0x28, 0xCF, 0xB7, 0xF5, 0x13, 0xB2, 0x3C, 0x98, 0x40, 0x14, 0x7D, 0xA0,
    0x47, 0x5C, 0x9D, 0xE1, 0xA7, 0x71, 0x8F, 0xF8, 0x64, 0x06, 0xD8, 0xD6, 0x8A, 0xEC, 0xD9, 0x6E,
    0x62, 0x98, 0x87, 0x25, 0x86, 0xD9, 0x97, 0x7A, 0x89, 0x49, 0x8E, 0x56, 0x11, 0x09, 0x3B, 0x60,
    0xD8, 0x13, 0xE7, 0x33, 0x3F, 0xC0, 0x35, 0x3F, 0x84, 0x5E, 0x53, 0x52, 0x36, 0x13, 0x46, 0xEB,
    0x18, 0xE6, 0x1E, 0xF8, 0x3E, 0xA3, 0x2E, 0x32, 0xC5, 0xA8, 0x50, 0xF4, 0x9E, 0x38, 0x86, 0xF9,
    0xB2, 0xA7, 0xCF, 0x70, 0x9B, 0x9E, 0x3E, 0x5F, 0xD0, 0x2B, 0xBD, 0x56, 0x3D, 0x7D, 0x82, 0x0E,
    0xD3, 0xE6, 0x83, 0x68, 0xE5, 0x50, 0x1E, 0x7A, 0xFA, 0xD4, 0xEA, 0xE9, 0xF3, 0x4F, 0x50, 0xED,
    0x0A, 0xF6, 0x8A, 0x5E, 0xA7, 0x68, 0xEA, 0x1B, 0x7A, 0xFA, 0xB8, 0xE2, 0x40, 0x8C, 0x81, 0xC9,
    0x81, 0x97, 0x4C, 0x5E, 0x1D, 0xEA, 0x7D, 0x1D, 0x4F, 0xB1, 0x67, 0xAE, 0x43, 0xE5, 0xB5, 0x36,
    0xDA, 0x91, 0x10, 0x10, 0x4A, 0x11, 0x21, 0x24, 0x0A, 0x47, 0xE7, 0xE0, 0x6F, 0x61, 0xD6, 0xFE,
    0xF6, 0x25, 0xBC, 0x28, 0xD9, 0xB3, 0xC1, 0x5B, 0x4F, 0xBA, 0xA7, 0x59, 0xDC, 0x78, 0x5B, 0x2E,
    0x0A, 0xAC, 0x1D, 0x10, 0x9E, 0x36, 0x99, 0x2A, 0xE2, 0x29, 0x10, 0x43, 0xAF, 0x03, 0xDC, 0x01,
    0x7D, 0x2B, 0xEF, 0xB2, 0xC5, 0x0F, 0xDE, 0x7B, 0xB8, 0x0E, 0x1C, 0x68, 0x27, 0x7C, 0x24, 0x9D,
    0x46, 0xB4, 0xC7, 0x3D, 0xEE, 0x1D, 0xB8, 0x30, 0x0A, 0x94, 0x05, 0xFD, 0x05, 0xDD, 0xF9, 0x71,
    0xC1, 0x70, 0x50, 0x21, 0x84, 0xA8, 0x4F, 0x27, 0x8C, 0x3B, 0xC5, 0x92, 0x71, 0x26, 0x35, 0x30,
    0x53, 0xEC, 0xB8, 0x50, 0xBF, 0x4A, 0xBF, 0xDE, 0x62, 0x02, 0xD4, 0x84, 0x03, 0x7A, 0x40, 0x43,
    0x7C, 0x13, 0x68, 0x66, 0xF4, 0x91, 0x74, 0x09, 0xAE, 0xE7, 0x24, 0xF3, 0xE3, 0x6F, 0x49, 0xE6,
    0x23, 0x1E, 0x67, 0x89, 0x57, 0xC8, 0xAF, 0xC0, 0x44, 0x1E, 0x4E, 0x58, 0x4A, 0xEF, 0x10, 0x09,
    0xB2, 0x41, 0x76, 0x1D, 0x81, 0xCB, 0x1F, 0xF5, 0x4E, 0x07, 0x46, 0x68, 0xB3, 0x9B, 0x08, 0xCC,
    0xCC, 0x13, 0x2B, 0x81, 0x7D, 0xA6, 0x04, 0xF6, 0x70, 0x91, 0xFF, 0x1A, 0x56, 0xE6, 0x12, 0xB2,
    0x79, 0xA5, 0xE9, 0x2D, 0xA6, 0xF9, 0x58, 0xF3, 0x67, 0x8B, 0xF9, 0xDA, 0x3C, 0xEB, 0x6D, 0xE6,
    0xE8, 0x06, 0x33, 0x87, 0x37, 0x98, 0x25, 0xBE, 0x61, 0x09, 0x70, 0x58, 0x22, 0x1C, 0x96, 0x10,
    0x87, 0x25, 0xC6, 0x61, 0x09, 0x72, 0xB0, 0x51, 0x0E, 0xDB, 0xF4, 0x65, 0x9C, 0xC3, 0xF6, 0x9C,
    0x8B, 0x74, 0x58, 0x42, 0x1D, 0x96, 0x58, 0x87, 0x25, 0xD8, 0x61, 0x89, 0x76, 0x58, 0xC2, 0x1D,
    0x96, 0x78, 0x87, 0x39, 0xE0, 0xE1, 0x23, 0xE3, 0x22, 0x1E, 0x24, 0x73, 0x21, 0x0F, 0xCB, 0x8B,
    0x98, 0xCF, 0x56, 0x7A, 0x43, 0x2B, 0x99, 0xAD, 0x38, 0x63, 0xE4, 0x21, 0x1D, 0x27, 0x62, 0x54,
    0x0B, 0x11, 0xD4, 0xD8, 0xA2, 0x5A, 0x7B, 0xF0, 0x91, 0x16, 0x79, 0x45, 0x1F, 0xE8, 0x4D, 0x58,
    0x6C, 0x3A, 0x74, 0xBE, 0x2C, 0x21, 0x84, 0x49, 0xE7, 0x16, 0x37, 0x77, 0xE8, 0x22, 0x72, 0x71,
    0xC9, 0xFB, 0x66, 0x49, 0x35, 0x36, 0xDE, 0xB5, 0xD6, 0x61, 0x3B, 0xAC, 0xA4, 0x44, 0xD1, 0x93,
    0xE2, 0xFF, 0x1B, 0x13, 0x22, 0xFA, 0x31, 0xE7, 0x82, 0x56, 0x07, 0xAC, 0xED, 0x52, 0x84, 0xF1,
    0x58, 0x52, 0x73, 0x60, 0x9A, 0x1D, 0xA0, 0x59, 0xF0, 0x75, 0x85, 0x67, 0x10, 0x1D, 0xF2, 0x65,
    0x94, 0x1B, 0x40, 0xA7, 0xE9, 0xB4, 0x05, 0x6F, 0x7F, 0xD7, 0xB5, 0x9A, 0xC7, 0xCC, 0xAA, 0x84,
    0x55, 0x96, 0xAF, 0x91, 0x8F, 0x8D, 0x2D, 0x47, 0xD7, 0xF0, 0xCE, 0xB2, 0x5F, 0xD8, 0x22, 0xCD,
    0x35, 0x2C, 0x47, 0x5C, 0xCB, 0xB2, 0x55, 0x28, 0x57, 0xB3, 0x40, 0x51, 0x0B, 0x4A, 0x6B, 0x50,
    0x5E, 0x81, 0xAC, 0x33, 0xD5, 0xB8, 0x21, 0x01, 0x21, 0xE3, 0x59, 0xCF, 0x72, 0x5D, 0x0B, 0x14,
    0xED, 0x41, 0xBB, 0x1E, 0x14, 0x8C, 0x20, 0x4F, 0x0C, 0x17, 0xB7, 0xC6, 0x8C, 0x5E, 0x41, 0x95,
    0x52, 0x62, 0x1F, 0x30, 0xDD, 0x50, 0xB2, 0xA1, 0x98, 0x14, 0x59, 0xDA, 0xA8, 0x72, 0xAC, 0x7E,
    0xF0, 0x06, 0xDC, 0x93, 0xCE, 0x8E, 0x9B, 0x0D, 0xD8, 0x1F, 0xC9, 0x7C, 0x23, 0x7E, 0x94, 0xF1,
    0x8D, 0xF8, 0xFB, 0x2A, 0x69, 0xC9, 0x69, 0x45, 0x96, 0x02, 0xFC, 0x81, 0x18, 0xF0, 0x7F, 0xF6,
    0xE0, 0xFF, 0xF9, 0xB0, 0x9B, 0x73, 0x9C, 0xBC, 0xB7, 0xE7, 0x7B, 0x7B, 0xDD, 0x68, 0xEC, 0x7D,
    0x19, 0xB8, 0x2A, 0x2B, 0x72, 0xDA, 0x92, 0xE3, 0x8E, 0x7F, 0x77, 0xD7, 0x1F, 0xE4, 0x38, 0xD8,
    0x94, 0x35, 0x39, 0x3D, 0xA6, 0xC7, 0x44, 0xBF, 0x4B, 0x34, 0x93, 0x13, 0x75, 0x4A, 0x89, 0xB6,
    0x94, 0x0F, 0xD9, 0x92, 0x64, 0x13, 0xFD, 0x3F, 0x2E, 0x3C, 0x46, 0x41, 0x0F, 0x0A, 0x3B, 0x50,
    0xD4, 0x82, 0x92, 0x9A, 0x79, 0x56, 0x6D, 0x08, 0x27, 0xA3, 0xB8, 0x05, 0x45, 0x1D, 0xEF, 0xEB,
    0x41, 0xC1, 0x56, 0x82, 0xA3, 0xAC, 0x40, 0x69, 0x83, 0x1C, 0x8C, 0x99, 0x83, 0x11, 0x73, 0x30,
    0x5C, 0xF5, 0xF0, 0x46, 0x5D, 0xA4, 0x13, 0xD2, 0x1B, 0xD3, 0x95, 0xEF, 0xB1, 0x8C, 0x45, 0x1D,
    0x73, 0xBF, 0xC5, 0x82, 0x7E, 0x5A, 0xA1, 0x28, 0x95, 0x85, 0xB9, 0x90, 0x8B, 0xAF, 0x0B, 0xAA,
    0xC4, 0x60, 0x00, 0xED, 0x7A, 0x50, 0xD4, 0x82, 0x92, 0x46, 0xE9, 0xA2, 0xAC, 0x94, 0x44, 0x32,
    0x52, 0x41, 0xAA, 0x95, 0x4C, 0xDA, 0x82, 0xA2, 0x8E, 0xB7, 0x0F, 0xA0, 0x40, 0x40, 0x46, 0x2A,
    0x50, 0x5E, 0x83, 0xD2, 0x16, 0x14, 0xF5, 0xA0, 0x70, 0x04, 0x05, 0x9A, 0x90, 0x9D, 0xFE, 0x88,
    0x8C, 0x68, 0x90, 0x48, 0x1C, 0x04, 0xA7, 0xB2, 0xE0, 0xE9, 0xC1, 0xE0, 0xF5, 0x75, 0x0C, 0xDC,
    0x53, 0x91, 0x8E, 0x78, 0x30, 0xC0, 0x4D, 0xA4, 0x9F, 0x30, 0x05, 0xC6, 0xF2, 0xC0, 0x08, 0xDE,
    0x46, 0x16, 0x39, 0x3E, 0x24, 0x9F, 0x91, 0xC5, 0x47, 0x1E, 0x71, 0x59, 0x68, 0x85, 0x3F, 0xD1,
    0xA4, 0x65, 0x69, 0x64, 0xD9, 0x62, 0xD1, 0x62, 0x3A, 0xB1, 0x60, 0xB1, 0x5C, 0xD9, 0x08, 0xFF,
    0xCE, 0xE4, 0x8F, 0x29, 0x5D, 0xA3, 0x18, 0xCB, 0xCB, 0x29, 0xAC, 0xF8, 0x85, 0x52, 0x90, 0xEA,
    0x2B, 0x3A, 0x95, 0xF3, 0x92, 0xC9, 0xFF, 0x3E, 0xD2, 0x1F, 0x14, 0xB5, 0xEA, 0x77, 0x4B, 0xE1,
    0x26, 0xB1, 0xCF, 0x9B, 0x95, 0x99, 0x4D, 0xFE, 0x0D, 0x15, 0x4A, 0xB6, 0xA5, 0x43, 0xF3, 0xC5,
    0xDB, 0x99, 0x15, 0xA0, 0x60, 0x00, 0xF9, 0xA2, 0x84, 0x2F, 0x8A, 0xEC, 0xA0, 0xD7, 0x6A, 0x2A,
    0xA0, 0x58, 0xEE, 0xB8, 0x24, 0xE0, 0x43, 0xFB, 0x3C, 0x83, 0xE3, 0x6D, 0xDF, 0xD4, 0xB3, 0x6C,
    0xAE, 0xE3, 0x9F, 0x5D, 0xE2, 0xD7, 0x3E, 0x36, 0x9A, 0x6D, 0x7F, 0x33, 0x9A, 0x8E, 0x43, 0xBA,
    0xF1, 0xED, 0x24, 0x76, 0xC9, 0x1B, 0x7E, 0x89, 0xCE, 0x12, 0x07, 0x07, 0x47, 0xC8, 0x27, 0x79,
    0x24, 0x03, 0xDA, 0xBC, 0x03, 0x22, 0xDD, 0x62, 0xF1, 0x3D, 0x50, 0xCB, 0xA5, 0x6C, 0x30, 0x5B,
    0xFE, 0x15, 0x96, 0x37, 0x5B, 0xE6, 0x9D, 0xD9, 0x32, 0xC7, 0x2D, 0xBE, 0x1B, 0xB4, 0xF4, 0xB8,
    0xDE, 0xE2, 0x1D, 0x9F, 0xA6, 0xE5, 0xDE, 0x9B, 0x39, 0x35, 0xFA, 0xB5, 0x85, 0xDC, 0xD7, 0x83,
    0x89, 0x2D, 0x52, 0xCD, 0x06, 0xDE, 0x01, 0x35, 0x6C, 0xE6, 0x44, 0x34, 0xDA, 0x63, 0x46, 0xE8,
    0x0C, 0xB6, 0x7E, 0x72, 0xB5, 0xC1, 0x6B, 0x9E, 0xDA, 0xB0, 0x31, 0x8F, 0xEE, 0x3B, 0xD7, 0x8B,
    0x71, 0x28, 0x24, 0xB9, 0xB1, 0xDE, 0x50, 0xE6, 0xCC, 0x25, 0x6E, 0xAF, 0x6E, 0xD5, 0xE2, 0x34,
    0x06, 0x2D, 0x34, 0xA5, 0xCE, 0x6A, 0x68, 0xC1, 0x9D, 0xDC, 0x76, 0x47, 0x92, 0xDE, 0xDD, 0x1B,
    0xCD, 0x56, 0x38, 0x38, 0x2B, 0x18, 0xAF, 0xB0, 0xE4, 0xA8, 0x75, 0xD5, 0x1D, 0x03, 0xEB, 0xF0,
    0xC9, 0xEA, 0x59, 0x7B, 0x57, 0x66, 0x37, 0x5B, 0x1C, 0x47, 0x2F, 0xD1, 0x4F, 0x48, 0x9E, 0x1A,
    0x6C, 0xF7, 0x01, 0x5C, 0x54, 0xD2, 0xB9, 0xA8, 0x5B, 0x90, 0x17, 0x8F, 0x85, 0x6C, 0x65, 0x24,
    0xCA, 0x83, 0xCD, 0xA5, 0xB4, 0xBE, 0x89, 0x11, 0x8F, 0x34, 0xFE, 0x4B, 0xA4, 0x86, 0xF1, 0x4B,
    0x91, 0x16, 0x86, 0xFC, 0x2A, 0xEF, 0x61, 0x0C, 0x26, 0xA2, 0xA1, 0x13, 0xA5, 0xBC, 0xEB, 0x49,
    0x8D, 0x44, 0x9A, 0x13, 0x19, 0x27, 0x83, 0x7D, 0xBA, 0x6C, 0x65, 0x18, 0x1E, 0xC7, 0x8C, 0xDE,
    0x1A, 0xA1, 0x35, 0x96, 0x64, 0xCB, 0x5B, 0xB2, 0x2F, 0x8D, 0x33, 0x0A, 0xB3, 0xA9, 0x87, 0x78,
    0x9C, 0xCC, 0x82, 0x6D, 0x2D, 0x79, 0x27, 0xD6, 0x48, 0xE5, 0x9C, 0x06, 0x4F, 0x50, 0xE7, 0xE3,
    0x54, 0xC7, 0xFE, 0xBB, 0xC1, 0xC6, 0xBF, 0x47, 0x9D, 0xD5, 0xB2, 0x4C, 0x5A, 0x93, 0x0C, 0x3B,
    0x86, 0x55, 0xE5, 0x0D, 0x22, 0xAA, 0x6A, 0x60, 0xA3, 0x83, 0x73, 0x3D, 0xDF, 0xDA, 0x49, 0xA6,
    0x18, 0x6E, 0xDB, 0x28, 0xB1, 0x6A, 0x8C, 0xD7, 0x1B, 0x02, 0xA3, 0x84, 0x11, 0xBB, 0xDB, 0xE9,
    0x2C, 0xC1, 0xC0, 0xAD, 0x14, 0xFE, 0x84, 0x79, 0x45, 0xCF, 0x47, 0x2A, 0x06, 0x59, 0xA7, 0xC8,
    0xDD, 0x38, 0xD9, 0xE1, 0x00, 0x57, 0xBF, 0x50, 0x92, 0xFD, 0x34, 0x28, 0x96, 0xCE, 0x17, 0xA9,
    0x7F, 0x08, 0x01, 0x2A, 0x91, 0x0F, 0x05, 0x03, 0x6E, 0xFB, 0x52, 0xE4, 0x32, 0x96, 0xD2, 0x50,
    0x61, 0x86, 0x81, 0x17, 0xF7, 0x6C, 0x5A, 0x80, 0x72, 0x90, 0x27, 0x0F, 0xED, 0x9C, 0xF7, 0x4E,
    0x1A, 0x7D, 0xF4, 0x52, 0x46, 0x4C, 0xFF, 0xA0, 0x3F, 0x1B, 0x0E, 0x50, 0x27, 0x99, 0x4E, 0xA7,
    0x4D, 0x5E, 0x40, 0x10, 0xA6, 0x54, 0x9D, 0xC3, 0x68, 0xA2, 0x64, 0x45, 0xB9, 0xA5, 0x2A, 0x6E,
    0x27, 0x4A, 0x2B, 0xBD, 0xB2, 0x49, 0x9B, 0xDD, 0x74, 0x5F, 0x15, 0xEB, 0x32, 0x64, 0x59, 0x44,
    0x3D, 0x63, 0x51, 0x24, 0x2B, 0x3F, 0xEC, 0xBF, 0x68, 0xE4, 0xA3, 0x5C, 0x3E, 0xEA, 0x4D, 0xCA,
    0x2F, 0x7B, 0xE2, 0xD4, 0x1B, 0xFF, 0xD1, 0x7B, 0xE7, 0x05, 0x55, 0x3C, 0x65, 0x03, 0x10, 0x76,
    0x5C, 0x22, 0x5F, 0x61, 0x7B, 0x19, 0xFD, 0x07, 0x1F, 0x13, 0x35, 0xAC, 0x2E, 0xEA, 0x7E, 0x97,
    0x6C, 0xA3, 0x86, 0xD3, 0xE3, 0x51, 0xC3, 0x9B, 0x30, 0x86, 0xEF, 0x5F, 0x8E, 0x1A, 0xDE, 0xC9,
    0x30, 0xDF, 0x53, 0xCC, 0x90, 0xCD, 0x80, 0x47, 0x7E, 0x41, 0x14, 0x5B, 0xE5, 0x7C, 0x33, 0x36,
    0xA1, 0x88, 0xC5, 0x92, 0xF4, 0x07, 0xE8, 0x03, 0x3D, 0xA0, 0x79, 0xF0, 0x2C, 0xE3, 0xA6, 0xED,
    0x37, 0x6F, 0x89, 0xCB, 0x92, 0xEB, 0x6E, 0x85, 0x21, 0x30, 0x38, 0x40, 0xBB, 0x24, 0xA5, 0x3F,
    0x96, 0x74, 0x9C, 0x33, 0xFD, 0xF8, 0xC2, 0x7E, 0x28, 0x7D, 0xBA, 0x30, 0x6F, 0xBF, 0x47, 0x5A,
    0x45, 0x2D, 0x6B, 0xB0, 0x1A, 0x35, 0x5A, 0x5A, 0xD1, 0x15, 0x8B, 0x15, 0xAD, 0xA0, 0xE4, 0x73,
    0x21, 0x5B, 0xBE, 0xC1, 0xF0, 0xDE, 0x9F, 0xB7, 0x4A, 0xE9, 0x2F, 0x1B, 0xA5, 0x98, 0xC5, 0x23,
    0x62, 0xF5, 0x1A, 0x5A, 0x8F, 0xB8, 0xF1, 0xE9, 0xA8, 0xB4, 0x4B, 0xC3, 0xD2, 0x3B, 0xA2, 0xA7,
    0xC3, 0x2B, 0x3A, 0x73, 0x19, 0x8A, 0x38, 0x7A, 0x43, 0xFB, 0x3E, 0x76, 0x44, 0x5D, 0x33, 0x9E,
    0x95, 0xCE, 0x21, 0x69, 0x41, 0x4F, 0x07, 0x33, 0x7B, 0x3A, 0x24, 0x57, 0x79, 0x3A, 0xEC, 0x3A,
    0x2E, 0x5C, 0x39, 0x4F, 0x07, 0xFA, 0x85, 0x8C, 0x11, 0x47, 0x70, 0x49, 0x05, 0x4A, 0x39, 0x53,
    0x58, 0xDA, 0xD6, 0x80, 0xB4, 0x71, 0x71, 0x88, 0xBA, 0x27, 0xA5, 0x9E, 0x0D, 0x89, 0x34, 0x0B,
    0xF9, 0xBA, 0xC7, 0xE7, 0xCD, 0x32, 0x2E, 0xDB, 0x64, 0x5C, 0xBD, 0xC9, 0xB8, 0xFD, 0x27, 0xCA,
    0xB8, 0x7B, 0xEF, 0x89, 0x15, 0x62, 0x93, 0xC6, 0xD2, 0x9D, 0xCA, 0xB8, 0x2F, 0xE5, 0xE3, 0x99,
    0xED, 0x6B, 0x5A, 0xBA, 0x9D, 0x8C, 0xBB, 0xF3, 0x7A, 0xC0, 0x4E, 0x07, 0xB8, 0x71, 0x6C, 0xB6,
    0x52, 0xCF, 0xD7, 0xF0, 0xCE, 0x72, 0x68, 0x39, 0xB0, 0xEC, 0x9F, 0x3F, 0x1B, 0x41, 0x80, 0x81,
    0x82, 0x00, 0x8F, 0xD9, 0x22, 0x97, 0xAD, 0x22, 0x5F, 0xDC, 0x15, 0xE6, 0xC0, 0xF4, 0x00, 0x93,
    0x8D, 0x83, 0x30, 0x9C, 0x5E, 0x2F, 0x19, 0x53, 0x21, 0xD5, 0x96, 0x2F, 0x52, 0xAF, 0x84, 0x7E,
    0x6D, 0xEC, 0x9C, 0x11, 0xAA, 0xF1, 0xCE, 0x64, 0xF8, 0xE7, 0x93, 0xC1, 0x26, 0xEA, 0xF9, 0x35,
    0x28, 0x73, 0x87, 0xC3, 0xC4, 0x07, 0x86, 0x3D, 0x8E, 0x18, 0xE5, 0x81, 0x91, 0x1F, 0x04, 0x89,
    0xBF, 0x4E, 0xF2, 0x32, 0xAC, 0xE7, 0x46, 0x52, 0x6D, 0x79, 0x34, 0xA5, 0x56, 0x5F, 0x1A, 0x04,
    0xE1, 0x89, 0x67, 0xD9, 0x28, 0xFF, 0x8C, 0xCC, 0x09, 0xCE, 0x4F, 0x89, 0xA9, 0x67, 0xC8, 0xCC,
    0x35, 0x39, 0x78, 0x6F, 0xF9, 0x86, 0x8A, 0xD0, 0x8E, 0x7D, 0xCB, 0x1E, 0x79, 0x91, 0x86, 0x9E,
    0xD9, 0x8A, 0x43, 0x3B, 0xCD, 0xE7, 0xA7, 0xE0, 0xCC, 0x72, 0x61, 0xB9, 0x22, 0x53, 0x27, 0x7A,
    0x16, 0x8A, 0xD6, 0x0C, 0x04, 0x07, 0xE4, 0x95, 0x56, 0xB4, 0xF1, 0x3F, 0x19, 0x7B, 0x25, 0x86,
    0xED, 0xF8, 0xCD, 0xD9, 0xCC, 0x38, 0xCA, 0x4B, 0x9C, 0x5B, 0x4E, 0xAF, 0xE1, 0xC4, 0xF2, 0xAB,
    0xE6, 0xB9, 0x93, 0xB7, 0x90, 0xF3, 0x59, 0x06, 0x93, 0xA4, 0x47, 0x74, 0x73, 0xDD, 0x8E, 0x66,
    0x79, 0x01, 0x50, 0x0B, 0x31, 0x74, 0x58, 0xB3, 0x5F, 0x7F, 0x24, 0xC3, 0x37, 0x3F, 0x4E, 0xAF,
    0x91, 0xBE, 0xB6, 0xA6, 0x82, 0x54, 0x81, 0xF2, 0xF6, 0x6B, 0xFE, 0x44, 0xE9, 0xF8, 0x7E, 0x29,
    0x1C, 0x13, 0x4D, 0x14, 0x90, 0xB4, 0x2F, 0xA1, 0x64, 0x70, 0xE5, 0x71, 0x32, 0x57, 0x11, 0x82,
    0x00, 0xB8, 0xF6, 0x60, 0x89, 0xCE, 0x19, 0x59, 0x4A, 0x9D, 0x26, 0x4B, 0xA7, 0xEA, 0x38, 0xC8,
    0xFE, 0x4A, 0xD2, 0x1E, 0x52, 0xBB, 0xA6, 0x82, 0x54, 0x81, 0xF2, 0xB6, 0xCD, 0xDB, 0xD9, 0xC9,
    0x3F, 0x22, 0xF9, 0x22, 0xEF, 0x21, 0x01, 0xDB, 0xE4, 0x0A, 0x32, 0x1B, 0xB2, 0x92, 0xFD, 0xB1,
    0x48, 0xE5, 0x88, 0x47, 0x4A, 0x93, 0x34, 0x87, 0xDD, 0x48, 0xF1, 0xC4, 0xF4, 0xDE, 0x43, 0xA5,
    0x0F, 0x91, 0x9C, 0x76, 0x28, 0xAA, 0x32, 0xA2, 0x7B, 0xB4, 0x99, 0x89, 0xDD, 0x5A, 0x9A, 0x14,
    0x0C, 0xA4, 0xF1, 0x69, 0x09, 0xDF, 0xF3, 0x3E, 0xA7, 0x94, 0x45, 0x7A, 0x4B, 0x2E, 0x7C, 0x71,
    0x5C, 0xD3, 0xFD, 0xA7, 0xE8, 0x70, 0xDF, 0x2B, 0x94, 0x42, 0xE9, 0x95, 0xD2, 0x59, 0x43, 0xBE,
    0x9A, 0xA8, 0x33, 0x02, 0x01, 0x5F, 0xAB, 0x2A, 0x0D, 0xE2, 0x34, 0xC7, 0xA7, 0x40, 0x0C, 0x2B,
    0x19, 0x33, 0x61, 0x98, 0x97, 0x25, 0x14, 0x39, 0xBB, 0x75, 0x9A, 0x8F, 0x74, 0x66, 0x27, 0x6B,
    0xDC, 0xE8, 0x73, 0x07, 0x52, 0xFB, 0xD6, 0xBD, 0xC6, 0x7A, 0x0B, 0x45, 0x3D, 0x7E, 0xD8, 0x49,
    0x08, 0xD5, 0x0F, 0x21, 0x6D, 0xB8, 0xC8, 0x55, 0x95, 0x5C, 0xA1, 0x4D, 0x0B, 0xE1, 0x42, 0xCB,
    0xDA, 0x28, 0xD8, 0x01, 0xFB, 0x95, 0x33, 0x84, 0x47, 0x15, 0x39, 0xC3, 0x77, 0x86, 0x79, 0x45,
    0x7E, 0x72, 0x76, 0x76, 0xF6, 0xE6, 0xFC, 0x56, 0xE0, 0x86, 0xCB, 0x46, 0xD9, 0x5C, 0x9E, 0xBE,
    0x4B, 0x3A, 0xD6, 0x68, 0x54, 0x5A, 0xF8, 0xA9, 0x55, 0x5B, 0x08, 0xD9, 0xB9, 0x79, 0x8C, 0x02,
    0xC3, 0xD1, 0x26, 0x6E, 0x60, 0xE4, 0x06, 0x9F, 0xFD, 0xA1, 0x32, 0x77, 0x4A, 0x59, 0xD8, 0xE3,
    0x84, 0x6A, 0xC4, 0x91, 0x6D, 0x3A, 0x6A, 0xFC, 0x6E, 0x56, 0xD6, 0x81, 0x98, 0xFC, 0x47, 0xA8,
    0x15, 0xE0, 0x16, 0x5D, 0x56, 0xF2, 0x0D, 0x08, 0x42, 0xC8, 0x3F, 0x28, 0xD5, 0xE5, 0x87, 0xE3,
    0x14, 0xC1, 0xD1, 0xF0, 0xF1, 0x9A, 0x08, 0x54, 0x9B, 0xFB, 0xD3, 0xC9, 0x8B, 0x62, 0xDB, 0xD7,
    0x35, 0x3B, 0x52, 0x38, 0x80, 0x02, 0x99, 0x67, 0xD1, 0xC2, 0x0C, 0x73, 0x62, 0x9A, 0x9A, 0x39,
    0xB3, 0x21, 0x76, 0x73, 0x8B, 0xEC, 0x99, 0x9E, 0x9C, 0x2B, 0x6E, 0xB2, 0xAF, 0x7D, 0x7E, 0xB2,
    0xCF, 0xE6, 0xDA, 0x27, 0xCB, 0xBE, 0x1F, 0x3C, 0x71, 0xF6, 0x21, 0x75, 0x69, 0xB4, 0xD6, 0xD8,
    0x1D, 0x18, 0xE1, 0x81, 0x11, 0x34, 0x8B, 0x36, 0xFD, 0xF1, 0xDC, 0x4F, 0x90, 0xFB, 0x59, 0xFA,
    0x75, 0x34, 0x06, 0x79, 0x80, 0xDC, 0x2F, 0x19, 0x21, 0x5C, 0x86, 0x3D, 0x08, 0x2F, 0xC1, 0x36,
    0xF7, 0x9B, 0x39, 0xF7, 0xFB, 0x27, 0xCD, 0xFD, 0x94, 0xE9, 0x19, 0x2D, 0xB9, 0x7F, 0xBC, 0x25,
    0x5C, 0xA8, 0x01, 0x05, 0xA4, 0x14, 0xEE, 0xF3, 0x6F, 0x70, 0xC1, 0xE7, 0x13, 0xFF, 0x9B, 0xEA,
    0x4C, 0xFE, 0x42, 0x4D, 0xAB, 0xFF, 0x30, 0xA7, 0x36, 0x8F, 0xC3, 0xCE, 0xA4, 0xD6, 0x0C, 0xFA,
    0xB9, 0xB3, 0xE1, 0xCB, 0x8F, 0x64, 0x3D, 0xF4, 0xB6, 0x47, 0x2C, 0xCD, 0x26, 0x56, 0x78, 0x73,
    0xDC, 0x9A, 0x13, 0xDF, 0x67, 0xDB, 0x79, 0x1A, 0xEF, 0x3B, 0xE6, 0x4F, 0xB6, 0x79, 0x12, 0x0C,
    0x26, 0xB5, 0x5F, 0x3A, 0x93, 0x79, 0xE9, 0xEB, 0x72, 0xB6, 0x9C, 0x99, 0xA3, 0xC7, 0x5D, 0xD3,
    0x28, 0x5E, 0x3A, 0x31, 0x9E, 0x48, 0x67, 0xC9, 0x79, 0x30, 0x2C, 0x1D, 0x8E, 0xA8, 0x05, 0xA5,
    0x0D, 0xA8, 0xAC, 0x40, 0xC2, 0x9C, 0x1C, 0x41, 0x61, 0x0F, 0x8A, 0xF6, 0x20, 0xFA, 0x39, 0x3C,
    0x72, 0x51, 0xC7, 0x05, 0xA9, 0xE2, 0xC9, 0x96, 0x3E, 0x0B, 0xC3, 0x56, 0x75, 0xAB, 0x02, 0xA5,
    0x2D, 0x28, 0xEE, 0x41, 0x3B, 0x17, 0x9E, 0xA3, 0x84, 0x1F, 0xAE, 0x70, 0x81, 0xD2, 0x06, 0x9D,
    0xAD, 0x04, 0xF9, 0x6E, 0x22, 0x4B, 0xFB, 0xAB, 0xA6, 0x58, 0x78, 0x32, 0xDE, 0x74, 0xEB, 0xF2,
    0x0A, 0xB4, 0x9D, 0x5C, 0xEC, 0x40, 0x5E, 0x7D, 0x59, 0xA7, 0xA0, 0xBF, 0x4E, 0xA7, 0x20, 0x5C,
    0xE9, 0x14, 0x24, 0xB5, 0x62, 0x7A, 0xA0, 0x53, 0x20, 0x44, 0x9C, 0xCF, 0x71, 0x65, 0xC4, 0x7B,
    0x59, 0x56, 0x25, 0x5B, 0x1C, 0x85, 0x9D, 0xDE, 0x84, 0xF6, 0xDA, 0xA3, 0x3D, 0xFC, 0x80, 0x3A,
    0xC5, 0x5D, 0x37, 0xD7, 0x9C, 0xB4, 0x37, 0x71, 0xF0, 0x09, 0x30, 0xAF, 0xE7, 0xB5, 0xA8, 0x68,
    0x5C, 0x76, 0x18, 0x0A, 0xF4, 0xC4, 0x76, 0x4F, 0x4C, 0x93, 0x92, 0xE7, 0x5D, 0x31, 0xB9, 0xF5,
    0xE5, 0x0D, 0xB8, 0xBC, 0x21, 0x8F, 0xD7, 0xF0, 0x40, 0xF6, 0x2C, 0xFB, 0xFD, 0x96, 0x03, 0xCB,
    0x61, 0x47, 0x8E, 0xF6, 0xDB, 0xCD, 0x95, 0xF2, 0x06, 0x9C, 0x4A, 0x05, 0xE6, 0x6E, 0x99, 0x63,
    0x51, 0x0A, 0x5F, 0x2F, 0xE9, 0xC9, 0xF7, 0x66, 0xC7, 0x69, 0x70, 0x46, 0x16, 0x92, 0x19, 0x2D,
    0xF7, 0x0B, 0x6F, 0x16, 0xEF, 0x1E, 0x5C, 0xA3, 0xE8, 0x4E, 0xC5, 0x64, 0xAA, 0xAC, 0x2C, 0xD4,
    0x81, 0x82, 0x63, 0xB4, 0xDF, 0x50, 0x0B, 0x0A, 0x49, 0x3B, 0x52, 0xD4, 0x80, 0xE2, 0x1A, 0x94,
    0x56, 0x4A, 0xD4, 0x51, 0xA1, 0x8A, 0xCA, 0x98, 0x51, 0x43, 0xB9, 0x92, 0xBD, 0x52, 0xF1, 0x25,
    0xAE, 0x9A, 0xAC, 0xA7, 0x3F, 0x4A, 0xD2, 0xFB, 0xA4, 0x7E, 0x43, 0x9D, 0xB9, 0xC3, 0xAE, 0x31,
    0xE0, 0x54, 0x64, 0xC3, 0x38, 0xAE, 0xE5, 0x6E, 0xBB, 0x13, 0x57, 0xDC, 0x82, 0xFE, 0xB8, 0x04,
    0xF3, 0xED, 0xE2, 0x52, 0x38, 0x19, 0x97, 0x3F, 0x57, 0xC2, 0xCF, 0x4A, 0xA5, 0xF4, 0x2B, 0xD2,
    0xE3, 0x18, 0xC5, 0xA4, 0xB4, 0x59, 0xC9, 0x99, 0x94, 0x52, 0xAC, 0x87, 0x7B, 0x0D, 0xE8, 0x2E,
    0x7B, 0x50, 0x75, 0x97, 0x3C, 0xA8, 0x2E, 0xC5, 0x50, 0x86, 0x9D, 0xE5, 0x96, 0xBC, 0xB3, 0x1C,
    0x35, 0x96, 0xAB, 0x2D, 0xBF, 0x9A, 0x3D, 0x2F, 0xAF, 0xC5, 0x81, 0x07, 0x55, 0x4B, 0x7A, 0x8A,
    0x98, 0xCA, 0x17, 0x7C, 0x8F, 0xB9, 0x13, 0x0E, 0x8A, 0x22, 0x66, 0x2E, 0xE9, 0x9A, 0x82, 0xD1,
    0x90, 0xEA, 0x2B, 0x52, 0xE5, 0x24, 0x33, 0xCF, 0xDB, 0x1C, 0x21, 0xF7, 0xEA, 0x61, 0x67, 0x6A,
    0xA1, 0xAB, 0x74, 0x93, 0x07, 0x52, 0xBF, 0xA5, 0x97, 0x7B, 0x03, 0xE9, 0x5F, 0xBB, 0x7D, 0xA3,
    0x07, 0x67, 0x1C, 0xF8, 0xF7, 0xEC, 0xF6, 0x97, 0x87, 0xCC, 0xD1, 0x6C, 0xD4, 0xCE, 0xA8, 0x9C,
    0x51, 0x58, 0xE3, 0xD5, 0x17, 0x64, 0x2F, 0x03, 0x39, 0xB7, 0x7B, 0x18, 0xB4, 0x96, 0x9B, 0xED,
    0xA3, 0xC5, 0x15, 0x39, 0x71, 0x5C, 0x90, 0x53, 0xB3, 0xE5, 0xBF, 0xD2, 0x62, 0xA1, 0xB5, 0x02,
    0x76, 0x96, 0x0A, 0x6E, 0xF3, 0x9F, 0x56, 0x31, 0x76, 0x81, 0xDA, 0xFC, 0x9B, 0x39, 0xA1, 0x34,
    0x80, 0xCD, 0x0D, 0xC9, 0x58, 0x5C, 0xCB, 0x26, 0xAF, 0x6C, 0x47, 0x36, 0x5B, 0x36, 0xA4, 0x65,
    0x59, 0xDD, 0x1C, 0x5E, 0x46, 0xCE, 0x1B, 0xB2, 0xB4, 0x96, 0xF7, 0x20, 0xDF, 0xDE, 0x17, 0xFC,
    0xBE, 0x07, 0x87, 0xBF, 0x1D, 0xC0, 0xBB, 0xFF, 0x1D, 0xC1, 0x51, 0x23, 0x36, 0x59, 0xC4, 0xEA,
    0x36, 0x94, 0x15, 0xB8, 0x48, 0xC1, 0x25, 0xDD, 0x5E, 0xE8, 0x38, 0x8E, 0xFE, 0x6C, 0xAC, 0xEC,
    0x6B, 0x7F, 0x9D, 0x2D, 0xCA, 0xAE, 0xE7, 0x4A, 0x4E, 0x68, 0x2B, 0xA0, 0x60, 0x54, 0xB6, 0xB5,
    0x5C, 0x62, 0x39, 0x55, 0xE6, 0xF2, 0x34, 0x37, 0xF3, 0xCD, 0x56, 0x9B, 0xF9, 0x36, 0x18, 0xC6,
    0xD3, 0x03, 0x8E, 0xDA, 0x8F, 0xF7, 0xA5, 0x31, 0x27, 0x56, 0x25, 0x27, 0x12, 0x69, 0x1C, 0x73,
    0xAC, 0xCB, 0x81, 0x2E, 0x47, 0xB9, 0x76, 0x88, 0x5B, 0x4A, 0xCF, 0xC1, 0xED, 0x91, 0x91, 0xED,
    0x2B, 0x17, 0x19, 0xAA, 0xCD, 0xCE, 0x2D, 0x5E, 0x27, 0x94, 0xC1, 0xAD, 0x3C, 0xA0, 0x0E, 0x2B,
    0x92, 0x42, 0x1F, 0x37, 0xCE, 0x0E, 0x3D, 0x61, 0xCE, 0xF2, 0xC6, 0x6E, 0xE0, 0x14, 0x01, 0xD3,
    0xF1, 0xA2, 0x6C, 0x4C, 0x59, 0xEB, 0xA7, 0x52, 0x00, 0xB3, 0x95, 0x5D, 0x79, 0xA2, 0x9F, 0x46,
    0x0C, 0x1B, 0xFF, 0xA5, 0x8E, 0x4C, 0xC7, 0x48, 0xFD, 0xC8, 0xDA, 0x09, 0xCD, 0xDF, 0x31, 0x2E,
    0xE0, 0x73, 0xE6, 0xC4, 0xA6, 0x79, 0x62, 0x1D, 0xA9, 0xD2, 0x66, 0xCD, 0x69, 0x91, 0xD4, 0xF6,
    0xBA, 0x97, 0x38, 0xCF, 0xCD, 0xB7, 0xD5, 0x81, 0xDB, 0x87, 0x37, 0x46, 0x30, 0xFA, 0x40, 0x4F,
    0xF0, 0x75, 0x26, 0x9C, 0x3E, 0xFD, 0xEA, 0x8B, 0x91, 0xDB, 0xCB, 0x11, 0x08, 0x8E, 0x6C, 0x6D,
    0x79, 0xA5, 0xB3, 0xA8, 0xCD, 0x91, 0xAA, 0x15, 0xFF, 0xB7, 0xB3, 0x52, 0x8D, 0x10, 0x4A, 0xD4,
    0xCA, 0x7F, 0x3C, 0x59, 0x31, 0xB2, 0x07, 0xA9, 0x0E, 0xAF, 0x04, 0x67, 0x05, 0xBD, 0xB3, 0xC2,
    0xD9, 0x8A, 0x5A, 0x5A, 0x08, 0xE0, 0x17, 0xBB, 0x86, 0x53, 0x39, 0x2B, 0xB7, 0x16, 0x03, 0x41,
    0xCE, 0xCE, 0xF4, 0xAB, 0xA8, 0x35, 0x7F, 0x51, 0x5A, 0xE1, 0x6C, 0x45, 0xB3, 0x15, 0xFF, 0xEE,
    0xEC, 0x2D, 0x5A, 0x69, 0xED, 0xEE, 0xC8, 0x2B, 0x58, 0x51, 0xA5, 0x09, 0x44, 0xCB, 0x13, 0x03,
    0x2B, 0xAE, 0x82, 0x81, 0x56, 0x52, 0xDD, 0x77, 0x2B, 0xC2, 0x15, 0xB7, 0x8F, 0xDC, 0x5A, 0xC6,
    0xBB, 0xC8, 0x30, 0x47, 0xEB, 0xD3, 0xA5, 0x8E, 0x9B, 0xD9, 0x85, 0x22, 0x7B, 0x44, 0x47, 0xFE,
    0xF3, 0x58, 0x62, 0xBF, 0xEB, 0x5C, 0xAA, 0x50, 0x10, 0x29, 0x89, 0xB9, 0x85, 0xA8, 0xC2, 0xB4,
    0xB2, 0x54, 0x27, 0x85, 0x13, 0x5F, 0xE3, 0xE4, 0x41, 0xBE, 0x32, 0xEE, 0x5D, 0x9E, 0xCA, 0xDE,
    0x39, 0x23, 0x1E, 0xCF, 0xFE, 0xF6, 0xF1, 0xD9, 0x94, 0x00, 0x69, 0xE3, 0xF6, 0x61, 0x84, 0xE7,
    0x32, 0x8D, 0xDD, 0x6C, 0x8C, 0xF6, 0x25, 0x49, 0x74, 0xD6, 0xC6, 0xA4, 0x9D, 0x27, 0xBA, 0x52,
    0x57, 0xC4, 0x58, 0x5C, 0xE2, 0x24, 0x66, 0x83, 0xDE, 0x98, 0x47, 0xD9, 0xF0, 0x02, 0x73, 0xF9,
    0xF8, 0x31, 0xAF, 0x17, 0xE6, 0x5F, 0xF1, 0x5B, 0xA0, 0x32, 0xED, 0x4F, 0x18, 0x0D, 0x3A, 0x46,
    0xB3, 0xD2, 0x5F, 0x25, 0x8B, 0x23, 0xE0, 0x92, 0x97, 0x77, 0x4B, 0x7C, 0x03, 0x88, 0x09, 0x23,
    0x60, 0x08, 0x0C, 0x88, 0xCD, 0xC7, 0x45, 0xD5, 0x3F, 0x9A, 0x15, 0x42, 0x16, 0xDC, 0xDF, 0x38,
    0x22, 0xDF, 0xE7, 0x5F, 0xD9, 0xE0, 0xE9, 0xEA, 0xBB, 0x11, 0xCD, 0xDF, 0x98, 0x93, 0xC2, 0x1F,
    0x99, 0xEF, 0x49, 0xA5, 0xB3, 0xE8, 0x19, 0x25, 0xD7, 0x77, 0xB2, 0xBF, 0xB2, 0x6E, 0xA6, 0x82,
    0x55, 0x2C, 0x03, 0x3B, 0x7B, 0x50, 0x8E, 0x50, 0x39, 0xF2, 0x36, 0xDE, 0x9B, 0xA8, 0x4B, 0x1B,
    0xB3, 0xEB, 0xF3, 0x8A, 0x3B, 0x72, 0x04, 0xC3, 0xF4, 0x0C, 0xEF, 0x0E, 0x32, 0x1D, 0x04, 0x1D,
    0x5D, 0xFD, 0x8B, 0x0B, 0xFD, 0xB1, 0x59, 0x5E, 0xD6, 0xAC, 0x57, 0xB8, 0xDC, 0xF0, 0xEF, 0x91,
    0xCE, 0xBF, 0xEA, 0xEB, 0xDB, 0x33, 0xDC, 0x2B, 0x91, 0xC7, 0x4E, 0x42, 0xFC, 0xF5, 0x77, 0x14,
    0x4F, 0x6D, 0x10, 0x18, 0x15, 0xC0, 0x59, 0x08, 0xF3, 0x31, 0x3B, 0x85, 0x03, 0x32, 0xEA, 0xD6,
    0x3F, 0xD7, 0x5F, 0xB8, 0x5D, 0xD7, 0xD9, 0x4C, 0xE9, 0x5B, 0xF2, 0x49, 0x9E, 0x64, 0x96, 0xBE,
    0x77, 0x01, 0xC5, 0x36, 0xC1, 0x71, 0x99, 0x2A, 0x14, 0x34, 0x25, 0x3B, 0x85, 0x1C, 0x4C, 0x54,
    0xA3, 0x80, 0xA4, 0x0D, 0x87, 0xF8, 0x76, 0x73, 0xC8, 0x0E, 0xF3, 0x5E, 0xD1, 0x88, 0x15, 0x95,
    0x40, 0xEA, 0x1D, 0x95, 0xFB, 0xDC, 0x16, 0xB4, 0x7B, 0x16, 0xCF, 0x02, 0x91, 0xB6, 0xE7, 0x8A,
    0x9E, 0xAE, 0x19, 0x95, 0xD8, 0x16, 0x51, 0x84, 0xEB, 0x4B, 0xF9, 0xB9, 0x27, 0xCD, 0x6B, 0x1B,
    0xCF, 0xD5, 0x59, 0x51, 0x3E, 0x18, 0x00, 0x17, 0x17, 0x9B, 0xA4, 0x85, 0x87, 0xA3, 0x14, 0x4C,
    0x78, 0x64, 0x41, 0xB4, 0x87, 0xC3, 0x74, 0xD2, 0x19, 0xAE, 0x09, 0x65, 0x0C, 0xCD, 0x81, 0xD7,
    0x33, 0x1C, 0x89, 0xFD, 0xCC, 0x2B, 0xD0, 0xBC, 0xA0, 0x87, 0x99, 0xB4, 0x51, 0x67, 0x89, 0x27,
    0x5B, 0x77, 0x09, 0x8F, 0xBB, 0x9C, 0x03, 0x5F, 0x35, 0x5F, 0x31, 0xDE, 0xE8, 0x04, 0xF0, 0x01,
    0xF8, 0x2F, 0x3E, 0xB8, 0x74, 0xA0, 0xB6, 0x83, 0x20, 0x35, 0xB2, 0x2B, 0x15, 0xA1, 0x2E, 0x7B,
    0xFB, 0x67, 0x7C, 0xE6, 0x83, 0x9C, 0x1A, 0x01, 0xD3, 0xA3, 0xBD, 0x3B, 0x96, 0x22, 0x42, 0xD0,
    0xD2, 0x01, 0x60, 0x61, 0x49, 0x6B, 0x2D, 0x3B, 0xAD, 0x49, 0x5A, 0x55, 0x97, 0x68, 0xF4, 0x37,
    0x17, 0x9C, 0xA6, 0xCD, 0x91, 0x5D, 0x14, 0xB1, 0x33, 0xDF, 0xB1, 0xD1, 0xFA, 0x6C, 0x5F, 0x69,
    0xA1, 0x79, 0xCD, 0x36, 0xE6, 0xE6, 0x02, 0xB6, 0xB9, 0x9F, 0xDA, 0x82, 0xCE, 0x67, 0x0B, 0x3A,
    0xE8, 0xF0, 0x6C, 0x92, 0x9C, 0xDD, 0x1E, 0xE6, 0x07, 0x0D, 0xDB, 0xF9, 0x61, 0x5E, 0xBC, 0x54,
    0xEB, 0x38, 0xDC, 0xBF, 0xC0, 0x94, 0xD0, 0x9D, 0x93, 0x22, 0x9F, 0x91, 0x67, 0xBE, 0x62, 0x3E,
    0xB7, 0xEA, 0x02, 0x9E, 0x73, 0x87, 0x88, 0xC2, 0xEE, 0x10, 0x91, 0x40, 0x5B, 0x21, 0xA9, 0x55,
    0x65, 0x2D, 0xD6, 0x21, 0xBE, 0x62, 0x30, 0x21, 0xA6, 0x6D, 0x62, 0xEB, 0x02, 0x46, 0x64, 0x39,
    0x63, 0x56, 0xC3, 0x4D, 0x72, 0xB7, 0xDA, 0x0B, 0x36, 0x42, 0x8D, 0xF5, 0xCA, 0x37, 0xF9, 0xF0,
    0xBB, 0x71, 0xB9, 0xCB, 0x48, 0x76, 0xA4, 0x1D, 0xF5, 0x25, 0xFB, 0x0A, 0x16, 0xEA, 0xD3, 0x87,
    0xA6, 0x1C, 0x50, 0xD6, 0xF7, 0x40, 0x7D, 0x3F, 0x64, 0x70, 0x75, 0xB7, 0x77, 0x6E, 0x1E, 0x98,
    0xB0, 0x0B, 0x7A, 0x55, 0x27, 0x1D, 0x00, 0xF8, 0xAF, 0x7E, 0xF0, 0xED, 0x83, 0xBC, 0x7D, 0x66,
    0x9B, 0x6F, 0xBA, 0x45, 0xFA, 0x71, 0x8B, 0xBF, 0x38, 0x7B, 0xAB, 0x37, 0x71, 0x85, 0x9A, 0xB3,
    0x80, 0xCE, 0x3B, 0xC2, 0x80, 0x5F, 0xB1, 0x0B, 0x14, 0x1E, 0x53, 0x97, 0x29, 0xB7, 0x77, 0x8E,
    0xB0, 0xF0, 0xF3, 0x45, 0xC2, 0x56, 0xC0, 0xFD, 0x92, 0xBC, 0x11, 0x6F, 0xD8, 0x0A, 0x58, 0x1C,
    0x60, 0xC6, 0x6B, 0xBE, 0x88, 0xEC, 0xD0, 0xE4, 0xED, 0xF1, 0x52, 0xB6, 0x40, 0x24, 0xEF, 0x63,
    0x26, 0xEF, 0xAA, 0x5B, 0xD5, 0xAE, 0x40, 0x85, 0xFE, 0x52, 0x8C, 0xBD, 0x6C, 0x75, 0x34, 0xB0,
    0x60, 0xBB, 0x80, 0x3C, 0x24, 0x09, 0x12, 0xD1, 0xEE, 0xEA, 0xC5, 0x38, 0xA6, 0x5C, 0x06, 0x05,
    0x29, 0xCC, 0xEB, 0xEF, 0x0A, 0x52, 0xEC, 0x8A, 0x16, 0x36, 0xDC, 0x00, 0xCF, 0xD9, 0xC6, 0xF1,
    0x2F, 0x75, 0x9A, 0x30, 0xFF, 0xE8, 0x6D, 0xBA, 0x6C, 0x72, 0xCF, 0x17, 0x73, 0x1F, 0xCF, 0x84,
    0xC1, 0x0F, 0xB9, 0x5D, 0x78, 0x7B, 0xBC, 0x34, 0x2A, 0x81, 0x0F, 0x2F, 0x3F, 0x97, 0x61, 0xDC,
    0xAC, 0x52, 0xEF, 0x68, 0x73, 0xBC, 0xA8, 0xCA, 0xE5, 0x4B, 0x27, 0x29, 0x6E, 0xDC, 0xAA, 0x67,
    0xD4, 0xAD, 0x99, 0xE7, 0x79, 0xDD, 0xCB, 0xFB, 0x02, 0xB0, 0x96, 0x34, 0xAC, 0x18, 0x0D, 0x2B,
    0x49, 0xD2, 0x72, 0x92, 0xF5, 0xE5, 0x8B, 0xF9, 0x1E, 0xB0, 0x1F, 0xC0, 0x5E, 0x00, 0xFB, 0x00,
    0x24, 0x4F, 0x6C, 0xFB, 0x7F, 0xD0, 0xFA, 0x7F, 0x8A, 0x6A, 0xCB, 0x47, 0xE8, 0xD3, 0x57, 0x5B,
    0xDE, 0x36, 0xF9, 0x55, 0x5E, 0x13, 0xE7, 0x26, 0x1F, 0x9F, 0x5E, 0x33, 0xAE, 0xD4, 0xA9, 0x18,
    0xE7, 0x93, 0xC1, 0xDD, 0xAE, 0xA2, 0x41, 0x7D, 0x4C, 0x93, 0x56, 0x53, 0x81, 0xAE, 0x99, 0x79,
    0x65, 0x3C, 0xF6, 0xFA, 0x24, 0xA3, 0xF7, 0xC5, 0x51, 0xCC, 0xC4, 0x5D, 0xEF, 0x8B, 0x9D, 0xFA,
    0x48, 0xB1, 0x6B, 0x56, 0x3C, 0x98, 0x94, 0x83, 0x2E, 0xB7, 0xCD, 0x3B, 0x54, 0x41, 0xEC, 0x70,
    0xF3, 0x2E, 0x8B, 0x61, 0x3F, 0x75, 0x42, 0xEB, 0x00, 0x7E, 0x42, 0x3D, 0x88, 0xB7, 0x92, 0xD0,
    0x2C, 0x38, 0x41, 0xBF, 0x2D, 0x38, 0xA4, 0xDE, 0x8C, 0xDB, 0x82, 0x73, 0x97, 0x73, 0x86, 0x45,
    0xA3, 0x34, 0xEC, 0x2B, 0x97, 0x16, 0x79, 0x66, 0xD3, 0x57, 0x3E, 0xDC, 0xF4, 0x8B, 0xF2, 0xE2,
    0x08, 0x68, 0x85, 0xB2, 0xE7, 0x5E, 0xDB, 0x8C, 0x18, 0x55, 0x19, 0xF3, 0x81, 0x79, 0x62, 0x24,
    0xCB, 0x97, 0x5F, 0x5E, 0x95, 0x9A, 0x9F, 0x9B, 0xED, 0x08, 0x04, 0xAA, 0xD3, 0xFC, 0xD3, 0x44,
    0x0A, 0xE9, 0xF0, 0x8D, 0x48, 0xF6, 0x9A, 0xA6, 0xFA, 0xA6, 0x74, 0x98, 0x63, 0x6C, 0x9D, 0x36,
    0x4F, 0x22, 0x3D, 0x63, 0xA9, 0x21, 0x3E, 0xE5, 0x9D, 0x6B, 0x37, 0x2C, 0xEC, 0x34, 0x65, 0xA3,
    0x5E, 0x71, 0xD7, 0xF3, 0x8C, 0xFD, 0x94, 0x07, 0xD5, 0xD4, 0xF8, 0x9D, 0xE3, 0x59, 0xB7, 0x0C,
    0x4A, 0x66, 0x3B, 0xA9, 0x12, 0xFD, 0xEB, 0x8D, 0x62, 0xDA, 0x26, 0xDA, 0xF6, 0x75, 0x71, 0xA6,
    0x0D, 0xC6, 0x2B, 0xB3, 0x8F, 0x66, 0x30, 0x02, 0xC5, 0xA2, 0x3F, 0x0D, 0xB1, 0xB9, 0xB5, 0x8F,
    0x45, 0x9E, 0xD9, 0x5C, 0x63, 0xEF, 0xE2, 0x6F, 0xD8, 0x6E, 0xDD, 0x91, 0xB6, 0x9F, 0xC7, 0x42,
    0x4E, 0x02, 0x37, 0xF0, 0x74, 0xCC, 0xEE, 0x8B, 0x89, 0x04, 0x2D, 0x97, 0xCB, 0x32, 0xDC, 0x79,
    0x2F, 0xE3, 0x48, 0x9C, 0x33, 0x06, 0x10, 0x3C, 0x00, 0x70, 0xB4, 0xF5, 0x9D, 0x83, 0x19, 0x83,
    0x67, 0xB8, 0x97, 0x60, 0x6A, 0x57, 0xA3, 0xF2, 0x4B, 0x7C, 0xFC, 0xB0, 0x63, 0x03, 0x70, 0x22,
    0x82, 0x15, 0xF6, 0x57, 0x21, 0x52, 0x95, 0x19, 0xBE, 0x9A, 0x8C, 0x5F, 0x5C, 0x56, 0x07, 0x5A,
    0x4D, 0x0B, 0xBA, 0xB7, 0xF3, 0x2B, 0x92, 0x0F, 0xD4, 0xC8, 0x29, 0xBB, 0xB3, 0x52, 0x21, 0xAF,
    0xC8, 0xB9, 0x53, 0x21, 0x77, 0x2B, 0x1D, 0xBF, 0x19, 0xC1, 0x58, 0xCB, 0xE5, 0x6A, 0xDA, 0x36,
    0x1C, 0xD0, 0xB2, 0x91, 0x9A, 0x5C, 0x56, 0x96, 0x33, 0xFB, 0x39, 0xE8, 0x0B, 0xCC, 0x64, 0x8E,
    0x9F, 0xF0, 0xF8, 0x8D, 0x5B, 0x11, 0x05, 0xDF, 0xFB, 0x35, 0x88, 0x79, 0xC3, 0xFE, 0x3A, 0xF1,
    0xE8, 0xC1, 0xF5, 0x9C, 0x2F, 0x8A, 0x34, 0xB1, 0xF4, 0xC4, 0xFB, 0x1A, 0xA4, 0x5F, 0x6B, 0x1E,
    0x95, 0x59, 0xE0, 0x44, 0x9A, 0x3C, 0x68, 0x4D, 0xF9, 0xFC, 0x2F, 0xF7, 0x26, 0xEC, 0x34, 0xFD,
    0x76, 0xED, 0x84, 0x75, 0x34, 0x61, 0xDC, 0xC4, 0xB5, 0x16, 0x0B, 0x0E, 0xDB, 0x31, 0x66, 0xEF,
    0xF2, 0x6C, 0xC2, 0xBE, 0xC4, 0xB0, 0x9D, 0x63, 0x76, 0x4E, 0xAB, 0x00, 0xD3, 0x55, 0x28, 0x60,
    0x72, 0xB0, 0xC7, 0x4C, 0xBE, 0x08, 0x72, 0x7A, 0xE3, 0xB2, 0x84, 0x7C, 0x9F, 0x4B, 0xE9, 0x0D,
    0xB0, 0x98, 0x7F, 0xCB, 0xD2, 0x10, 0xB3, 0x76, 0x41, 0x81, 0xDF, 0x30, 0xCF, 0xB3, 0xDE, 0xF9,
    0xEC, 0x2D, 0x61, 0xF7, 0x9D, 0x9D, 0x79, 0x76, 0xED, 0x89, 0x3C, 0xC3, 0x4F, 0xEF, 0xEE, 0xBB,
    0x62, 0xBE, 0x1F, 0x14, 0xE0, 0x32, 0x6C, 0xC1, 0x63, 0x04, 0xF6, 0x7B, 0x2E, 0xD4, 0x07, 0x5D,
    0x52, 0xAD, 0xF7, 0x41, 0x50, 0x99, 0x00, 0x0A, 0x12, 0xFE, 0xF4, 0xB3, 0x77, 0x67, 0x3A, 0x3E,
    0x6F, 0x1E, 0xCC, 0x1B, 0x20, 0xA4, 0x1F, 0x0C, 0x8A, 0x08, 0x50, 0x67, 0x72, 0x62, 0xBF, 0x01,
    0xAF, 0x8F, 0xAA, 0x09, 0xDB, 0x28, 0xBB, 0xB3, 0xEF, 0x11, 0x9A, 0x47, 0x5E, 0xBA, 0x11, 0x92,
    0x04, 0xF1, 0xE4, 0xB6, 0x05, 0x7D, 0xC1, 0xBD, 0xBE, 0xA8, 0x72, 0xB5, 0x99, 0xF4, 0x38, 0x1C,
    0x06, 0x8F, 0x96, 0x6E, 0x34, 0x0C, 0x7E, 0x01, 0xF6, 0x3F, 0xBF, 0x7D, 0xA1, 0xF2, 0x5B, 0xD7,
    0x78, 0x9F, 0x88, 0x71, 0xFD, 0x44, 0x63, 0x12, 0x60, 0x0C, 0x8C, 0x0E, 0x70, 0x07, 0x0C, 0x81,
    0xFE, 0xF9, 0x1F, 0x6A, 0xD7, 0xD6, 0x31, 0xE3, 0xC6, 0x41, 0x00, 0x63, 0xD2, 0x2D, 0x24, 0x0A,
    0xF1, 0x0C, 0x51, 0x41, 0xE5, 0xBC, 0x3F, 0x35, 0x38, 0x84, 0xF5, 0x14, 0x77, 0x7F, 0xDE, 0x18,
    0xEE, 0xA3, 0xAB, 0xD7, 0xB6, 0x6C, 0xDE, 0xA1, 0x8A, 0x1E, 0x66, 0x03, 0x53, 0x52, 0x2C, 0x72,
    0x05, 0x7F, 0xD7, 0x27, 0x36, 0xE4, 0x51, 0x66, 0x0D, 0xE9, 0x9D, 0x21, 0x19, 0x8C, 0x5F, 0xBC,
    0x2D, 0xB5, 0xBD, 0xB8, 0x6C, 0xAD, 0x91, 0xEC, 0xAD, 0x11, 0x75, 0xCE, 0xE8, 0xAD, 0xB1, 0x3B,
    0x30, 0xA2, 0xEE, 0xB2, 0x91, 0xB4, 0xD6, 0x28, 0x1B, 0x1A, 0xA7, 0x90, 0x90, 0xC3, 0x72, 0xB8,
    0x06, 0xF8, 0x72, 0xEC, 0xC8, 0x47, 0x1E, 0x33, 0x35, 0x96, 0x71, 0x0A, 0x47, 0x2D, 0x1C, 0xC9,
    0xCC, 0xCC, 0xF3, 0x7B, 0x65, 0x5C, 0x77, 0xE4, 0x78, 0x41, 0xB7, 0x5C, 0x5F, 0x84, 0x80, 0x2A,
    0x62, 0x02, 0xD4, 0xAA, 0x34, 0x01, 0xC6, 0xC0, 0x68, 0x85, 0xAF, 0x16, 0xC7, 0x37, 0x08, 0xE1,
    0xCC, 0x7E, 0xB9, 0x20, 0xCF, 0x3F, 0x1D, 0xD2, 0x31, 0x80, 0xFB, 0xFC, 0x5A, 0x34, 0xE6, 0x00,
    0xD7, 0x37, 0xF8, 0xC0, 0x98, 0x7B, 0x7E, 0xD3, 0x09, 0xB7, 0x55, 0x1C, 0xB3, 0x75, 0x58, 0x45,
    0x0B, 0xB8, 0xAF, 0xA0, 0x1B, 0x61, 0x5C, 0x01, 0x9E, 0x82, 0x31, 0x5F, 0x1E, 0xCF, 0x70, 0x47,
    0x45, 0x78, 0x6B, 0x3C, 0xCB, 0xB8, 0x08, 0x71, 0x2D, 0x50, 0xF0, 0x40, 0x06, 0x0B, 0xC6, 0xDF,
    0x42, 0xD0, 0x3B, 0xD8, 0xF5, 0xB6, 0x09, 0x8D, 0xA5, 0x35, 0xD4, 0x4A, 0x4E, 0x96, 0x6D, 0xFB,
    0x9C, 0xDC, 0x8A, 0xA5, 0x53, 0x2B, 0xBA, 0x42, 0xCD, 0x15, 0x4A, 0xAE, 0xCC, 0x8A, 0x2B, 0x21,
    0xD7, 0x62, 0x7D, 0x29, 0x50, 0x93, 0x49, 0x9D, 0x56, 0x8B, 0xDA, 0x4A, 0xFC, 0x78, 0x5C, 0xB4,
    0x56, 0xD8, 0xF3, 0x59, 0x94, 0x56, 0xA4, 0x61, 0x9A, 0xED, 0xAD, 0xCC, 0x0A, 0x55, 0x56, 0x64,
    0x11, 0x59, 0xA1, 0xC6, 0x0A, 0x25, 0x56, 0xA8, 0xB0, 0xB2, 0xB7, 0x02, 0x2B, 0xB3, 0xBE, 0x4A,
    0x5A, 0x41, 0xB7, 0x55, 0xD0, 0x7D, 0x82, 0xC7, 0x6B, 0xDA, 0xA6, 0x82, 0xF9, 0x00, 0x50, 0x64,
    0x45, 0x5E, 0x2C, 0x0D, 0x20, 0x7F, 0x5C, 0x13, 0x4F, 0x32, 0x45, 0xF4, 0x3E, 0x50, 0x5E, 0xAF,
    0xE5, 0x13, 0xFE, 0xC8, 0x5C, 0xA5, 0xAF, 0x52, 0xF8, 0x88, 0x09, 0xBD, 0x46, 0x5F, 0x65, 0xFC,
    0x24, 0xFA, 0x2A, 0x51, 0x67, 0x45, 0x8B, 0xDF, 0xE8, 0xE1, 0x83, 0xD0, 0x61, 0xC8, 0xC4, 0x65,
    0x63, 0x7A, 0x57, 0x2D, 0x2D, 0xCA, 0x22, 0x64, 0xC5, 0x33, 0xF3, 0x50, 0x6B, 0x5E, 0x87, 0x74,
    0xB5, 0xC8, 0x6D, 0xA8, 0xEA, 0x30, 0x97, 0x99, 0xCD, 0xCC, 0xE7, 0x8C, 0x19, 0xBD, 0x55, 0xD5,
    0x09, 0x99, 0xAB, 0x01, 0x6A, 0xBD, 0x85, 0xBD, 0xB7, 0xE4, 0xF1, 0x9B, 0x5B, 0x55, 0x1D, 0x79,
    0x4A, 0x55, 0x1D, 0xEF, 0x50, 0x55, 0xC7, 0x58, 0x35, 0x9D, 0xC2, 0xB1, 0xCB, 0xB5, 0xCE, 0xA4,
    0xDD, 0x9C, 0x6B, 0x7A, 0xA3, 0xCD, 0xB5, 0x86, 0xB9, 0x16, 0x5F, 0xCA, 0x35, 0x0F, 0xF9, 0x92,
    0xBB, 0x8D, 0x93, 0x7A, 0x87, 0x06, 0xE0, 0x8B, 0xA0, 0x1F, 0x85, 0x15, 0xEC, 0x56, 0x5F, 0x94,
    0xA4, 0xD6, 0x2F, 0x9B, 0x57, 0x91, 0xF3, 0xD9, 0x3E, 0x1D, 0xF5, 0x2B, 0x95, 0x3D, 0x54, 0x82,
    0x5B, 0xC5, 0xFF, 0x03, 0xED, 0x5B, 0x01, 0xA4, 0x25, 0xD7, 0x19, 0xFE, 0x66, 0x66, 0xF7, 0x4D,
    0xEC, 0xA8, 0x09, 0xB2, 0x24, 0xDD, 0xB4, 0x53, 0x14, 0xBB, 0x36, 0xDD, 0x59, 0x14, 0x41, 0xED,
    0x4C, 0x13, 0x04, 0x85, 0xA0, 0x05, 0x90, 0x00, 0xB6, 0x85, 0x0D, 0xA0, 0xA8, 0xCE, 0x48, 0x10,
    0x14, 0x16, 0xA4, 0x08, 0xBA, 0x48, 0x89, 0x2D, 0x52, 0x14, 0xC1, 0xCA, 0x4C, 0x13, 0x40, 0x61,
    0x5A, 0x0A, 0x20, 0x43, 0xB6, 0x90, 0xA2, 0xD3, 0x74, 0x52, 0x93, 0x64, 0xEE, 0xFC, 0x7D, 0xFF,
    0xF7, 0xCF, 0xBB, 0x67, 0xDE, 0xDE, 0x7D, 0xED, 0x6E, 0xB6, 0x91, 0x7B, 0xDF, 0x7B, 0xBF, 0x79,
    0xFF, 0x77, 0xEF, 0x9D, 0x73, 0xCF, 0x39, 0xFF, 0xFF, 0x7F, 0xE7, 0x3F, 0xE7, 0x9C, 0x3B, 0x0F,
    0x80, 0x97, 0x83, 0x52, 0xB4, 0x86, 0xD2, 0xCD, 0xD8, 0x13, 0x7C, 0x19, 0x88, 0xC1, 0x17, 0x23,
    0x31, 0xFC, 0xD7, 0x8A, 0x18, 0x7D, 0x32, 0x11, 0xE3, 0x56, 0x88, 0x49, 0x2D, 0xAC, 0x28, 0xAB,
    0xAB, 0x9A, 0x58, 0x66, 0xC4, 0x0A, 0x59, 0xA3, 0x28, 0x48, 0xB5, 0x62, 0x6F, 0x85, 0x44, 0xD1,
    0x1F, 0x11, 0x6B, 0xC5, 0xC1, 0x88, 0x68, 0xD4, 0x6A, 0x7B, 0x84, 0x8A, 0x71, 0x87, 0x60, 0x52,
    0x94, 0x7D, 0x01, 0x90, 0xCE, 0x98, 0x29, 0x96, 0x40, 0x51, 0x03, 0x52, 0x03, 0x55, 0x0E, 0x54,
    0x0D, 0xC0, 0x7B, 0x2D, 0xBC, 0x49, 0xB1, 0x43, 0xA0, 0x9D, 0x4B, 0x7B, 0xDC, 0x90, 0x16, 0x7B,
    0x22, 0xA5, 0xC8, 0xA8, 0x55, 0xB5, 0x07, 0x88, 0x4D, 0xB9, 0x32, 0xA3, 0xD4, 0x47, 0xA3, 0x2B,
    0xE7, 0xFD, 0xEC, 0xE6, 0xBE, 0xAA, 0x64, 0xB2, 0x2E, 0xD6, 0xD4, 0xAD, 0x76, 0xBB, 0xE8, 0x10,
    0xB7, 0x6A, 0x64, 0xDC, 0xE8, 0xDB, 0xA8, 0x56, 0x0D, 0x2C, 0xF5, 0xF9, 0x97, 0x3A, 0xA0, 0x12,
    0xE9, 0x10, 0x8A, 0xEA, 0x44, 0x6E, 0xBF, 0xD3, 0x69, 0xB7, 0xE3, 0x7D, 0xDD, 0x50, 0xD7, 0xB3,
    0x4E, 0x3A, 0x35, 0xAB, 0xD2, 0xBB, 0xA1, 0x74, 0xEA, 0x86, 0xBF, 0x4B, 0x19, 0x8B, 0xBC, 0x2E,
    0x8D, 0x2F, 0x43, 0x28, 0x0D, 0x9E, 0xCA, 0xBD, 0x7B, 0x8D, 0x90, 0x7A, 0x53, 0xBB, 0xBB, 0x38,
    0x9B, 0x13, 0xBC, 0x39, 0xA2, 0x90, 0x95, 0x61, 0x2E, 0x86, 0xA8, 0x66, 0x9C, 0x0C, 0x92, 0xD1,
    0x30, 0x6D, 0x66, 0xCC, 0xE1, 0xE4, 0xC4, 0x31, 0xC7, 0x97, 0x46, 0x5B, 0xA5, 0x71, 0xFE, 0x9B,
    0x34, 0xC9, 0xA3, 0xF6, 0xA9, 0x53, 0x1A, 0x5D, 0xB0, 0xC7, 0xBF, 0x84, 0xD3, 0x26, 0xDB, 0xCC,
    0x1D, 0x93, 0xD6, 0x20, 0x18, 0x0C, 0xE3, 0x71, 0x19, 0xDB, 0x73, 0x3F, 0x14, 0x7B, 0xF7, 0x97,
    0x71, 0x66, 0xD0, 0x2D, 0xC5, 0x48, 0xC4, 0x88, 0xD1, 0xCD, 0x6C, 0x2B, 0x19, 0x21, 0xDC, 0x81,
    0x4F, 0x7C, 0x1C, 0xC8, 0x81, 0x93, 0x9B, 0x63, 0x62, 0xEA, 0xB9, 0x8F, 0x25, 0x60, 0x55, 0x98,
    0x8F, 0xCF, 0x33, 0xAA, 0xF2, 0x5A, 0x0D, 0x04, 0xFC, 0x4E, 0x4C, 0x27, 0x64, 0x1F, 0x69, 0x11,
    0xC9, 0xAB, 0x12, 0xFE, 0xA0, 0x74, 0xC0, 0x4D, 0xF8, 0xE5, 0x0E, 0x30, 0x28, 0x06, 0x9C, 0xB5,
    0xE4, 0x84, 0x61, 0x34, 0x10, 0xCE, 0x3D, 0xB7, 0x22, 0x16, 0x4D, 0x31, 0x47, 0xFC, 0xE9, 0x25,
    0x83, 0xB2, 0x0D, 0x06, 0x05, 0xA7, 0x0C, 0x02, 0x7E, 0x81, 0x35, 0x69, 0x30, 0x77, 0xBC, 0x71,
    0xF1, 0x0C, 0x46, 0x7A, 0xAC, 0xBB, 0x97, 0x41, 0xC2, 0xD2, 0x45, 0xCD, 0xEE, 0x37, 0xC0, 0xAD,
    0xED, 0x66, 0x90, 0xF7, 0xA2, 0x61, 0x2A, 0xF9, 0x8C, 0x35, 0xE6, 0xA0, 0x1D, 0xC6, 0xA4, 0x99,
    0x63, 0x5D, 0x12, 0x83, 0xCF, 0x08, 0xD9, 0x07, 0xDD, 0x92, 0x11, 0x81, 0xAC, 0x88, 0xC9, 0xE7,
    0x52, 0x1A, 0xE1, 0xB2, 0x56, 0x71, 0x42, 0xC4, 0x02, 0x57, 0x81, 0xE6, 0x44, 0x32, 0xCA, 0xDC,
    0x9C, 0x89, 0xE9, 0x5A, 0x21, 0xA1, 0x8E, 0xA9, 0xD3, 0x5A, 0x19, 0x25, 0x5A, 0xFD, 0x6B, 0x03,
    0x10, 0xC8, 0x47, 0xDD, 0x8E, 0x32, 0x2A, 0x6A, 0xD1, 0x18, 0x8F, 0x9E, 0xEF, 0x18, 0x60, 0x11,
    0xBE, 0x5F, 0xDD, 0x30, 0xAB, 0xFF, 0x30, 0x0F, 0x28, 0x9C, 0x3B, 0x60, 0x40, 0xE3, 0x22, 0x7E,
    0x9A, 0x93, 0xFE, 0x7B, 0x4E, 0xCA, 0xDA, 0x40, 0xEB, 0x91, 0x77, 0x6A, 0xF8, 0xAC, 0x37, 0xE8,
    0x52, 0x01, 0x50, 0x7A, 0x6F, 0x41, 0xE3, 0xE9, 0x52, 0xD5, 0x7D, 0x66, 0x35, 0x70, 0x56, 0xE3,
    0x38, 0x6E, 0x76, 0x62, 0x56, 0x63, 0x20, 0x5C, 0x64, 0x43, 0x97, 0x5B, 0x72, 0xC5, 0xAA, 0xDE,
    0xCC, 0x2D, 0x5F, 0x72, 0x85, 0x7C, 0xBA, 0xB7, 0x72, 0xEC, 0x29, 0x71, 0xC4, 0x9A, 0x68, 0x9D,
    0x7F, 0x5A, 0xC7, 0x1E, 0x27, 0xBB, 0xBD, 0x3B, 0x73, 0xF2, 0x83, 0x19, 0xC5, 0x20, 0x98, 0x0C,
    0xE3, 0x81, 0xC0, 0x90, 0x13, 0x73, 0xC2, 0xA5, 0xA7, 0xCD, 0x15, 0x19, 0xA2, 0x99, 0x1B, 0x09,
    0x31, 0x99, 0x8C, 0x33, 0x91, 0xD8, 0xF7, 0x3D, 0xE9, 0x71, 0xA2, 0xB9, 0xF9, 0x38, 0x54, 0xDE,
    0x75, 0x2B, 0xAA, 0x90, 0x06, 0xB1, 0x57, 0xAC, 0x1E, 0x78, 0x4F, 0xD5, 0xF5, 0x8B, 0x3A, 0x2F,
    0xDC, 0x41, 0x92, 0xD3, 0x08, 0xAD, 0xFF, 0x0B, 0x61, 0xCF, 0xB4, 0x9F, 0xBE, 0xF1, 0xFC, 0xCC,
    0x0E, 0xEC, 0xEA, 0x82, 0x1A, 0x70, 0xCD, 0xC1, 0xFC, 0x4D, 0x13, 0x0C, 0xCD, 0x68, 0xB7, 0xAE,
    0xBA, 0x14, 0xBC, 0xFA, 0x70, 0x4C, 0x3A, 0x7B, 0x82, 0xB3, 0x5C, 0x98, 0xBB, 0x93, 0x91, 0x84,
    0x76, 0xB2, 0x71, 0x56, 0xC7, 0xBE, 0x03, 0x78, 0x22, 0x56, 0x0F, 0x8D, 0x88, 0xCB, 0x35, 0x93,
    0x3E, 0x16, 0x2D, 0x2F, 0xEC, 0xAF, 0xD5, 0xF5, 0xD4, 0xD6, 0x32, 0xE9, 0xD1, 0x4F, 0x8C, 0x2E,
    0xA5, 0xCF, 0x3D, 0x00, 0xA3, 0x4E, 0x73, 0x13, 0xE7, 0xBD, 0x40, 0x3A, 0xEA, 0xC5, 0x99, 0x12,
    0x16, 0xAF, 0xB3, 0x7E, 0xCD, 0xAB, 0xEB, 0xD7, 0x8E, 0x49, 0x86, 0x8A, 0x06, 0xBF, 0x55, 0x4C,
    0xE5, 0x77, 0x0D, 0xCC, 0xA1, 0xB5, 0xE2, 0x9D, 0x48, 0x14, 0xF0, 0x04, 0xAE, 0xC3, 0xC6, 0xC8,
    0xFD, 0xE7, 0xB8, 0x78, 0xE6, 0x51, 0x78, 0x9A, 0x99, 0x44, 0x3F, 0x2C, 0x7D, 0x2D, 0x39, 0x46,
    0x5A, 0x07, 0x6B, 0x9C, 0x2A, 0x01, 0xD0, 0xB1, 0x17, 0x26, 0x4F, 0xE2, 0x2C, 0xB9, 0x13, 0x6B,
    0x7B, 0xC8, 0xF2, 0x65, 0x4E, 0x22, 0x07, 0xB7, 0x3D, 0x27, 0x5D, 0xC2, 0xC3, 0xAF, 0x77, 0xBE,
    0x74, 0x6E, 0x39, 0x5D, 0x93, 0x9F, 0x81, 0x07, 0xE5, 0x4B, 0xEA, 0x72, 0xCD, 0x5F, 0xAD, 0x9F,
    0x23, 0x9D, 0xDD, 0xCF, 0x67, 0x9B, 0xC7, 0x70, 0x35, 0xCE, 0x10, 0x74, 0xA6, 0x2F, 0x53, 0x43,
    0x4A, 0x44, 0xD4, 0x21, 0x75, 0x60, 0xBA, 0x55, 0x0D, 0x1C, 0xAD, 0x3F, 0xBE, 0xFD, 0x16, 0x20,
    0x22, 0xC3, 0x42, 0xF7, 0x76, 0xF7, 0x01, 0xB4, 0xEF, 0xDA, 0x5A, 0xEB, 0x0B, 0x73, 0xDF, 0x9C,
    0xC6, 0x21, 0x09, 0x1B, 0xB7, 0x65, 0x48, 0x47, 0xA7, 0xE3, 0xDE, 0xDD, 0xD5, 0xE8, 0x44, 0x22,
    0x76, 0x40, 0xE2, 0x69, 0x1D, 0x81, 0x20, 0x19, 0xE3, 0x11, 0xE1, 0x18, 0xF7, 0x08, 0xA6, 0xB4,
    0x83, 0x2F, 0x4A, 0x36, 0xC9, 0x3E, 0xBE, 0x7D, 0x5B, 0xD8, 0x0E, 0x55, 0xB1, 0xFF, 0xF6, 0x36,
    0xE9, 0x4E, 0xAE, 0x67, 0xAD, 0x91, 0x11, 0x48, 0xB4, 0xC1, 0x78, 0x05, 0x3C, 0x13, 0x4A, 0xB9,
    0x37, 0xF9, 0x22, 0x32, 0x69, 0x10, 0x5B, 0x24, 0x32, 0x69, 0x93, 0xF9, 0xA1, 0x20, 0x48, 0xBD,
    0xA9, 0xAE, 0xC0, 0x9D, 0x55, 0x4D, 0xD4, 0xE6, 0x88, 0x74, 0x71, 0x62, 0xC5, 0xA6, 0x43, 0x81,
    0xEA, 0x81, 0xDA, 0x88, 0xBE, 0xAB, 0xA1, 0xF3, 0xA4, 0x05, 0x7C, 0x8E, 0xA8, 0x37, 0x56, 0xEB,
    0xE5, 0x94, 0xBE, 0xBA, 0x30, 0xAE, 0xFD, 0x4B, 0x27, 0xC0, 0xC9, 0xD7, 0x1D, 0xC1, 0x60, 0xD2,
    0x9D, 0x6A, 0x2C, 0x9F, 0x8F, 0x40, 0x42, 0xD7, 0x64, 0xBE, 0xD2, 0xF0, 0x31, 0x7C, 0xD3, 0xCA,
    0xEC, 0x74, 0x48, 0x30, 0x8F, 0x96, 0x16, 0x99, 0xBC, 0xD0, 0x41, 0xD4, 0xC1, 0x43, 0x22, 0x35,
    0x7E, 0xEF, 0x4F, 0x70, 0xB2, 0x35, 0xD1, 0x58, 0x9E, 0x1C, 0x08, 0x75, 0x60, 0xC0, 0x1C, 0xE0,
    0xDF, 0xCC, 0x1A, 0xBE, 0x2E, 0xEC, 0x40, 0xF4, 0x22, 0x27, 0x48, 0x8E, 0xB7, 0x68, 0xC5, 0x79,
    0x2A, 0x6D, 0xB9, 0x1D, 0x4E, 0x72, 0xDC, 0x61, 0xD6, 0xDF, 0x88, 0xDC, 0x01, 0xCC, 0xB1, 0x63,
    0xF0, 0x0C, 0x42, 0x83, 0x60, 0x86, 0x96, 0x00, 0x1C, 0x0D, 0x2E, 0x8A, 0x16, 0xC0, 0x25, 0xF4,
    0xAE, 0xC8, 0x83, 0x81, 0x7F, 0xA8, 0x75, 0x07, 0x17, 0x5C, 0xAF, 0x1D, 0xA8, 0x78, 0xD4, 0x51,
    0xE9, 0x36, 0xFF, 0x59, 0xBD, 0xF6, 0x9A, 0xAF, 0x4E, 0xD8, 0x0B, 0xB4, 0x17, 0xC5, 0xFB, 0x0D,
    0xE0, 0xF1, 0x4B, 0x21, 0x87, 0x66, 0xF2, 0x4F, 0xC9, 0x81, 0xA2, 0x54, 0x57, 0xAE, 0x68, 0xFC,
    0x2B, 0x40, 0xBD, 0x0C, 0xBF, 0xC5, 0xDF, 0x08, 0x00, 0x32, 0x00, 0xA4, 0x00, 0xC8, 0x01, 0x90,
    0x04, 0x20, 0x0B, 0x40, 0x1A, 0x80, 0x3C, 0xB0, 0xCE, 0xCD, 0x9A, 0x54, 0xB0, 0x1E, 0x19, 0x19,
    0x8C, 0x0D, 0x46, 0x07, 0xE3, 0x83, 0x11, 0x02, 0x64, 0x04, 0x8C, 0x12, 0xC6, 0x09, 0x23, 0x85,
    0x63, 0x05, 0x21, 0x70, 0x3F, 0x18, 0x69, 0x1F, 0x18, 0x78, 0x32, 0xA2, 0x28, 0xB5, 0xBE, 0xA4,
    0xD6, 0xEE, 0x06, 0xB9, 0x56, 0x54, 0xCF, 0x6C, 0x98, 0xC9, 0x90, 0x40, 0xB9, 0x70, 0x66, 0x87,
    0x87, 0x30, 0xFB, 0xFE, 0x3D, 0x55, 0x15, 0x79, 0x5F, 0x5B, 0xC8, 0x6D, 0xD6, 0xD8, 0xF3, 0x56,
    0xFA, 0xD1, 0xCF, 0x2D, 0xC6, 0xA1, 0xA8, 0xC5, 0x9F, 0x4A, 0xCE, 0x00, 0x5B, 0x7C, 0xAF, 0x02,
    0xF5, 0xD7, 0x3E, 0xB6, 0x7F, 0x02, 0x12, 0xB0, 0xA1, 0x56, 0x5E, 0x7A, 0xC1, 0xE0, 0x76, 0x85,
    0xF6, 0xBA, 0xEA, 0xA8, 0x73, 0x20, 0xEA, 0xEE, 0x68, 0xFD, 0x9C, 0x44, 0xB8, 0x7E, 0x0C, 0xA4,
    0x52, 0x62, 0xF4, 0xF1, 0x08, 0xA4, 0xA5, 0x9A, 0xFC, 0x0D, 0xE0, 0xE2, 0xCE, 0xE6, 0xE4, 0x1F,
    0xAB, 0x4A, 0xF8, 0xC5, 0x98, 0x3E, 0x39, 0x63, 0xCC, 0x8E, 0xA8, 0xE3, 0x56, 0xC3, 0xAA, 0x3C,
    0xCE, 0xDE, 0x5F, 0x29, 0xD1, 0xFF, 0xDD, 0x5B, 0x64, 0x2D, 0xB4, 0x1A, 0x6E, 0x0D, 0xC2, 0xC4,
    0xE2, 0x57, 0xB7, 0x78, 0xF0, 0x7A, 0x9F, 0xE1, 0x59, 0xED, 0x4F, 0x33, 0x02, 0x31, 0xFD, 0x99,
    0xBE, 0xAE, 0x0E, 0xF8, 0x16, 0x8A, 0x92, 0x83, 0xD7, 0xD5, 0x57, 0x08, 0xB0, 0x1E, 0xBC, 0xD9,
    0x7A, 0xF0, 0xA6, 0x3B, 0x3F, 0x78, 0xA1, 0xB4, 0xF5, 0x5B, 0x14, 0xF2, 0x66, 0xAB, 0x4D, 0xD4,
    0x3A, 0xFF, 0xE6, 0x78, 0x19, 0x6F, 0x6B, 0x8A, 0x3E, 0x18, 0xCF, 0xF3, 0xE0, 0x55, 0x76, 0x7F,
    0x22, 0x40, 0xB5, 0x1E, 0xBC, 0xAF, 0xC0, 0xAB, 0xB7, 0x62, 0x62, 0x56, 0x82, 0xBA, 0x21, 0x99,
    0x03, 0xC1, 0x34, 0x0F, 0xC9, 0x01, 0xC8, 0x0E, 0x86, 0xE4, 0x77, 0x41, 0x39, 0x21, 0x5B, 0x8F,
    0xCD, 0xF0, 0x71, 0x76, 0xDD, 0x0C, 0x9F, 0x93, 0xED, 0xDE, 0xB1, 0x9C, 0x47, 0x20, 0x6D, 0x20,
    0x23, 0xD3, 0xB2, 0x6A, 0xAD, 0x3D, 0x2B, 0x71, 0xCD, 0x05, 0x74, 0xFF, 0xBA, 0x2C, 0x03, 0xA4,
    0x7C, 0xF4, 0xEB, 0x82, 0x7C, 0x66, 0x15, 0x46, 0x92, 0xC7, 0xD2, 0x9E, 0x7B, 0xA9, 0x43, 0xD0,
    0x29, 0x31, 0xAA, 0x16, 0x92, 0x63, 0x80, 0x5E, 0x07, 0x52, 0x89, 0x5E, 0xA9, 0xC0, 0x7F, 0xC8,
    0x2B, 0x95, 0xBB, 0x95, 0x8C, 0xFB, 0xD7, 0x57, 0xD7, 0x7F, 0xE7, 0x5A, 0xA9, 0xD7, 0x97, 0xBE,
    0x7D, 0x17, 0x81, 0xB8, 0x8B, 0xBF, 0xDA, 0xFC, 0x7F, 0x2D, 0xA2, 0xCC, 0xAD, 0xE4, 0xFB, 0x97,
    0x3F, 0xB7, 0xB2, 0x77, 0x9B, 0xF9, 0x57, 0x64, 0x35, 0x1F, 0xCA, 0x34, 0x34, 0x9E, 0x23, 0xA7,
    0x47, 0xB1, 0x42, 0xA0, 0x43, 0x50, 0x10, 0x71, 0x7E, 0xA9, 0x63, 0xAD, 0xAA, 0x6A, 0xD2, 0x8E,
    0xA4, 0xCA, 0x08, 0x1D, 0xD9, 0x95, 0x76, 0x55, 0xCD, 0x14, 0x46, 0x88, 0x07, 0xF9, 0xDF, 0x50,
    0x11, 0x7A, 0x42, 0xD2, 0x15, 0x56, 0x4B, 0xB6, 0xA8, 0xBA, 0x6A, 0x92, 0x91, 0xAC, 0x8B, 0x27,
    0x58, 0xD7, 0x4B, 0xC4, 0x13, 0x3C, 0x19, 0xBC, 0x6A, 0x50, 0xBF, 0xCC, 0x13, 0x89, 0x48, 0x4E,
    0x1B, 0x38, 0xE2, 0xCE, 0xFE, 0x16, 0x4B, 0x31, 0x57, 0x06, 0x72, 0x34, 0xB0, 0x88, 0x9B, 0x12,
    0x73, 0x0E, 0x37, 0x1D, 0x53, 0x9F, 0xCB, 0x88, 0x40, 0xB4, 0xC5, 0x98, 0x2F, 0x12, 0x26, 0x12,
    0xB5, 0x5D, 0x6A, 0xB5, 0xB9, 0xAA, 0xB3, 0x86, 0x73, 0x6C, 0xAD, 0xC3, 0xAC, 0xD8, 0xD0, 0xF3,
    0x5D, 0x2B, 0xD9, 0xCD, 0xDF, 0xF5, 0x64, 0xAE, 0x2D, 0xE2, 0x64, 0x1B, 0x58, 0x7E, 0xAA, 0x44,
    0xEA, 0x8D, 0xF5, 0xAC, 0x4A, 0x92, 0xBB, 0x27, 0x36, 0xAA, 0xD6, 0xE9, 0xA2, 0x71, 0x77, 0x6D,
    0x95, 0x80, 0x58, 0x6A, 0x83, 0x4E, 0x01, 0xA1, 0x41, 0xD0, 0x13, 0x22, 0x7B, 0x27, 0x0D, 0x61,
    0x02, 0x65, 0x84, 0x93, 0x63, 0xCB, 0x04, 0x8F, 0x0E, 0xF3, 0x6D, 0x10, 0xBC, 0x61, 0x96, 0xBF,
    0xE7, 0xBC, 0x70, 0x61, 0x04, 0xBB, 0x4E, 0x8D, 0x8D, 0x43, 0x87, 0xED, 0xA5, 0x06, 0x25, 0x32,
    0x48, 0x6B, 0x42, 0xD5, 0xB8, 0xDF, 0x3B, 0xAF, 0xDB, 0xF1, 0xAB, 0xC4, 0x0D, 0xC3, 0xF9, 0x01,
    0xED, 0xB3, 0x05, 0xB5, 0xFC, 0x6A, 0xB2, 0xCD, 0x11, 0x17, 0xCC, 0xED, 0x01, 0x8B, 0xBC, 0xE3,
    0xCB, 0x02, 0x67, 0x1F, 0xC2, 0x7A, 0xB1, 0x48, 0xB1, 0x61, 0x45, 0x8B, 0xDD, 0x46, 0x38, 0xFB,
    0x63, 0x63, 0xC7, 0xE9, 0xF7, 0x5B, 0x4B, 0xAF, 0x10, 0xBA, 0xB5, 0xF4, 0xB6, 0xB2, 0xE3, 0xF1,
    0x65, 0x5E, 0xF3, 0x57, 0x04, 0x88, 0xDD, 0xCC, 0x6A, 0x63, 0x47, 0x47, 0x76, 0x04, 0x83, 0x25,
    0x8E, 0x76, 0xC9, 0x8E, 0xD5, 0x06, 0x3B, 0xBC, 0x63, 0xCF, 0x8E, 0x33, 0x6E, 0xCD, 0x63, 0x84,
    0x40, 0xB6, 0x20, 0x4A, 0x30, 0xAA, 0xF1, 0x58, 0x91, 0x33, 0xCF, 0x82, 0xD6, 0x02, 0xC1, 0x21,
    0x76, 0xA4, 0x2D, 0x30, 0x1D, 0xB0, 0xA3, 0xD9, 0x62, 0x76, 0x9C, 0x35, 0x94, 0xC1, 0x60, 0x22,
    0xA0, 0x32, 0x28, 0x0C, 0x64, 0xF9, 0x50, 0x7C, 0xD2, 0x6A, 0xD0, 0xA7, 0xA4, 0xE4, 0x88, 0x50,
    0x8D, 0x54, 0x6C, 0x0B, 0xFE, 0xA1, 0x96, 0x08, 0x26, 0x5F, 0xCD, 0x0B, 0x7B, 0xFA, 0xCC, 0x2F,
    0x11, 0x1E, 0x6F, 0xAE, 0xD8, 0x7C, 0x1B, 0x4B, 0x49, 0xDD, 0xBA, 0x5D, 0x79, 0xB8, 0xDE, 0x95,
    0x9F, 0xB5, 0x5D, 0xF9, 0x9F, 0x27, 0x00, 0xF2, 0xE9, 0x70, 0xC0, 0x95, 0x78, 0x83, 0x2B, 0xDF,
    0xDF, 0x66, 0xAE, 0xA4, 0xE5, 0x39, 0x63, 0x4A, 0x9A, 0x83, 0xC5, 0xD4, 0xC6, 0xBF, 0x55, 0x6A,
    0x49, 0x50, 0x47, 0x3D, 0x98, 0x49, 0xA8, 0x03, 0x71, 0x4B, 0x90, 0x93, 0x9D, 0x49, 0x28, 0xC9,
    0xE0, 0x75, 0x6A, 0xCF, 0x9B, 0xEA, 0x72, 0xFA, 0x75, 0x88, 0xB4, 0xAC, 0x6D, 0xE6, 0xB1, 0xE7,
    0x1E, 0x47, 0xF2, 0xA4, 0x3B, 0x3C, 0xCF, 0xB8, 0x03, 0xD7, 0xED, 0x9F, 0x67, 0x28, 0xDE, 0x44,
    0x88, 0x0E, 0x25, 0x06, 0x59, 0x27, 0x06, 0x1B, 0x16, 0x59, 0xE9, 0x12, 0x03, 0xE5, 0x74, 0xE7,
    0xE1, 0x8A, 0x18, 0x1D, 0x32, 0xA3, 0x43, 0x8F, 0x07, 0x39, 0xC2, 0x73, 0xB2, 0xD3, 0x7B, 0x17,
    0xB7, 0x58, 0xF1, 0x3B, 0x42, 0x3A, 0x90, 0x52, 0x32, 0x82, 0xA4, 0x68, 0xFC, 0x01, 0xA4, 0xC2,
    0x08, 0xA5, 0x90, 0xBF, 0x0F, 0x4F, 0x02, 0x1E, 0xEF, 0xEA, 0x3B, 0x25, 0x51, 0x34, 0x6A, 0x00,
    0x26, 0xE9, 0x48, 0x22, 0x29, 0x49, 0xA2, 0x71, 0xE7, 0x49, 0xF4, 0xB4, 0xDB, 0xA8, 0x04, 0x92,
    0xD3, 0x1B, 0xF4, 0xDD, 0xB0, 0xFE, 0x8F, 0x90, 0x70, 0x85, 0xA8, 0x45, 0xD0, 0x62, 0x79, 0x24,
    0x1C, 0xCE, 0xAF, 0x95, 0x13, 0x69, 0xA7, 0x9C, 0x90, 0x5A, 0x39, 0x31, 0x3D, 0x3A, 0x27, 0xEA,
    0x47, 0xE3, 0xC4, 0x63, 0x87, 0xFE, 0xA9, 0x32, 0xEB, 0x09, 0xD5, 0x41, 0xF2, 0x68, 0x35, 0xD2,
    0xA8, 0xC6, 0xC0, 0x1E, 0x16, 0xF1, 0x15, 0xF0, 0x9D, 0x13, 0x10, 0x69, 0xBF, 0x74, 0x61, 0x8B,
    0x67, 0xDA, 0x5B, 0x62, 0x6C, 0xDD, 0x59, 0x62, 0xB0, 0x8A, 0xF4, 0xDD, 0x9D, 0xDD, 0x88, 0xF4,
    0x83, 0x9D, 0x47, 0x30, 0xE0, 0xD2, 0x30, 0xE0, 0x13, 0x7C, 0x85, 0x11, 0x27, 0x21, 0xE0, 0xF3,
    0xFF, 0xD5, 0xAA, 0xF9, 0xDE, 0xAF, 0xCD, 0xDE, 0x85, 0xBE, 0x3C, 0x80, 0xCD, 0x68, 0xC0, 0x33,
    0x0E, 0xED, 0x6B, 0xDB, 0x1F, 0x70, 0x93, 0xAA, 0x89, 0x4A, 0xB5, 0x6F, 0x2A, 0x4A, 0xB0, 0xB4,
    0x3F, 0x20, 0x6A, 0x0A, 0x1D, 0xD3, 0x5E, 0xEE, 0xDF, 0x62, 0x88, 0x4F, 0x48, 0xF6, 0x06, 0x6B,
    0xF5, 0x5B, 0xA0, 0x98, 0x34, 0x92, 0x8C, 0x95, 0x3F, 0xA4, 0x52, 0xC2, 0x6B, 0x7D, 0x7E, 0x84,
    0x1D, 0xC9, 0xDB, 0x4E, 0xFC, 0x81, 0x10, 0x8C, 0x84, 0x87, 0x08, 0xE7, 0x09, 0x5B, 0xD1, 0x39,
    0xD9, 0x89, 0x38, 0x3F, 0xFC, 0x9A, 0x8D, 0x32, 0x3F, 0x72, 0x59, 0x1F, 0xE0, 0x0D, 0xB9, 0x8B,
    0x3D, 0x99, 0x72, 0x5F, 0x18, 0x48, 0x7C, 0xBD, 0xD8, 0xAE, 0xD1, 0x23, 0x36, 0x80, 0xAD, 0xA6,
    0x01, 0x99, 0xFF, 0x2A, 0x2D, 0x93, 0xF3, 0xA7, 0xCA, 0x44, 0xD4, 0x38, 0xA3, 0x2A, 0x5D, 0x74,
    0xF0, 0x8F, 0x94, 0xB9, 0x3D, 0xD7, 0x99, 0x3F, 0xC2, 0x23, 0xA5, 0x94, 0x17, 0x51, 0x08, 0x42,
    0xE9, 0x50, 0x19, 0xF0, 0xC7, 0x1C, 0x06, 0x07, 0xC9, 0x57, 0x07, 0x29, 0x49, 0x80, 0x4A, 0xA1,
    0x8D, 0xA4, 0xA3, 0x49, 0xFF, 0x98, 0x4A, 0xA4, 0x22, 0x3F, 0x92, 0x1A, 0x91, 0x0C, 0xE1, 0x3E,
    0xE0, 0xA7, 0xF0, 0xE0, 0xC4, 0xEB, 0x09, 0xE1, 0x8A, 0x10, 0x4D, 0x0E, 0xEC, 0x43, 0x57, 0x04,
    0xE7, 0x0D, 0x02, 0xAD, 0xDA, 0x1D, 0xB2, 0xF3, 0x34, 0xD5, 0x64, 0x46, 0x7F, 0x34, 0xCC, 0xFA,
    0x19, 0xCB, 0x19, 0xE1, 0xE4, 0x04, 0x13, 0x2B, 0x5D, 0x61, 0xF1, 0xE4, 0xE7, 0x53, 0x85, 0xD1,
    0x27, 0x5E, 0x82, 0x5F, 0xF1, 0x5E, 0x30, 0x81, 0xD0, 0x19, 0xB4, 0x58, 0xCA, 0xAE, 0xB1, 0xED,
    0x8C, 0x01, 0xEE, 0xC0, 0x51, 0x8C, 0xDE, 0x99, 0x49, 0xD5, 0x23, 0x6A, 0xB8, 0x1C, 0x66, 0x06,
    0x8D, 0x5B, 0xCB, 0x9B, 0x7B, 0x30, 0xC4, 0x02, 0xD3, 0xEE, 0x30, 0x69, 0x26, 0x18, 0x69, 0x3A,
    0xEC, 0x2C, 0x69, 0xE2, 0x7B, 0x49, 0x53, 0xDD, 0x9B, 0x8D, 0xBC, 0x9A, 0x10, 0xB5, 0xCB, 0xA1,
    0xA5, 0x65, 0xDD, 0x29, 0xED, 0x80, 0x39, 0x77, 0x47, 0x35, 0x70, 0xCD, 0x7C, 0xC8, 0x09, 0x69,
    0x13, 0xBC, 0x1B, 0x2D, 0x49, 0x23, 0x75, 0xA5, 0x30, 0x6D, 0x27, 0x69, 0x7C, 0x98, 0x44, 0x8D,
    0x61, 0xBC, 0x32, 0x4C, 0xA5, 0x24, 0xFA, 0x32, 0xD8, 0xBD, 0x54, 0xCC, 0x2E, 0x6F, 0x35, 0x93,
    0xE4, 0x31, 0x9C, 0x92, 0x06, 0xB8, 0x78, 0xF8, 0x94, 0xBF, 0x36, 0xE8, 0x09, 0xC9, 0x44, 0xF0,
    0xE7, 0x4F, 0xB3, 0x46, 0x49, 0x83, 0xA8, 0xDE, 0x79, 0xD2, 0x3C, 0xCC, 0x34, 0x45, 0xF2, 0x64,
    0xBD, 0xD9, 0x97, 0x95, 0x88, 0x88, 0xA7, 0x19, 0xE7, 0xA1, 0xA7, 0x29, 0x25, 0x4F, 0xD0, 0x31,
    0xE3, 0x04, 0xED, 0xCE, 0x92, 0xC7, 0x49, 0xDA, 0xFB, 0xAD, 0x39, 0xE5, 0x37, 0x44, 0x11, 0xA9,
    0xA3, 0x06, 0x7E, 0x9F, 0x48, 0xAE, 0xF6, 0xBC, 0x88, 0xB7, 0x1D, 0x49, 0x4E, 0xC9, 0x62, 0xA2,
    0xF5, 0x7D, 0x9B, 0xF3, 0x51, 0xFB, 0x1E, 0xBF, 0xC4, 0xEF, 0xA4, 0xAF, 0xCA, 0x00, 0xEC, 0xDF,
    0x48, 0x5B, 0xA6, 0x98, 0xDD, 0x9F, 0x97, 0x96, 0xE2, 0xE6, 0xA6, 0xCE, 0xF0, 0x94, 0x15, 0x8F,
    0xBE, 0x85, 0x72, 0xB2, 0x8B, 0x8C, 0x79, 0xF4, 0xCD, 0xD6, 0xE6, 0xF9, 0x79, 0xB7, 0x3C, 0x3F,
    0x4F, 0xA4, 0xB5, 0xB7, 0x03, 0x21, 0xEC, 0x09, 0x78, 0xF9, 0x3E, 0x5B, 0x2B, 0xFD, 0x9B, 0xE1,
    0x86, 0xDC, 0xC4, 0xFE, 0x9F, 0x46, 0xD9, 0x5F, 0xB1, 0xF3, 0xC1, 0x08, 0x54, 0x35, 0xA2, 0x9E,
    0x61, 0x8F, 0x3B, 0x5A, 0x95, 0x36, 0x40, 0x3C, 0x20, 0xAB, 0x81, 0x68, 0x44, 0xC5, 0xE3, 0x68,
    0x08, 0x07, 0xB7, 0xED, 0xEB, 0xE4, 0xF9, 0x41, 0xA1, 0xF8, 0x53, 0xA7, 0x90, 0x7D, 0xD8, 0x5A,
    0x97, 0x6A, 0xF7, 0x2B, 0x39, 0x42, 0x81, 0xCD, 0x0B, 0x5F, 0x0E, 0x2A, 0xB9, 0xCB, 0xF6, 0x64,
    0x74, 0x80, 0xAB, 0x6E, 0xEA, 0xF6, 0xA5, 0xE4, 0x8D, 0xCE, 0x4D, 0x53, 0x81, 0x35, 0x5C, 0x59,
    0x2F, 0xF2, 0x23, 0xF6, 0x49, 0x78, 0xA2, 0x90, 0x3E, 0x92, 0xC9, 0xF4, 0xE5, 0x29, 0xF7, 0xAB,
    0xBB, 0xDA, 0x66, 0x56, 0x7B, 0xC2, 0xF9, 0x5F, 0x72, 0x54, 0xFB, 0x57, 0x09, 0xD1, 0x0F, 0xA1,
    0xB7, 0x1A, 0xB5, 0x3A, 0x69, 0x83, 0x51, 0x09, 0x17, 0x0C, 0x40, 0xD4, 0xEB, 0x90, 0x0E, 0xC6,
    0xD8, 0x74, 0xA3, 0xEE, 0x4C, 0xB5, 0x5D, 0xE1, 0x3E, 0xB7, 0x2A, 0xF2, 0xF5, 0xAE, 0x26, 0x9B,
    0x16, 0x0F, 0x08, 0x9B, 0x1E, 0xA8, 0x3B, 0xA7, 0xD3, 0xC6, 0x3D, 0x7E, 0x52, 0xE5, 0xB4, 0x8E,
    0x0E, 0x1D, 0xE9, 0xCE, 0x9E, 0xBE, 0x6D, 0x54, 0x4F, 0xC7, 0x35, 0xB2, 0xC0, 0xD1, 0xC7, 0x6E,
    0xA1, 0x03, 0xAB, 0xC5, 0x8A, 0x6C, 0x75, 0x3C, 0xAF, 0x30, 0x9E, 0x4C, 0x98, 0xB9, 0xD4, 0x1A,
    0x4F, 0xA9, 0x35, 0x9E, 0x52, 0x6B, 0x3C, 0xAF, 0x2C, 0xE3, 0x79, 0xE4, 0xCF, 0x27, 0x91, 0x41,
    0xD0, 0x3D, 0xE0, 0xE3, 0x9C, 0xC7, 0x8F, 0x15, 0xE9, 0xE0, 0x4E, 0x07, 0x2E, 0xD9, 0xB8, 0x4E,
    0x9D, 0xE6, 0x3C, 0x84, 0x68, 0x05, 0xD5, 0x8D, 0xE9, 0x63, 0x3C, 0xDE, 0x81, 0xAA, 0x89, 0x73,
    0x2D, 0x3B, 0x55, 0xEE, 0xE1, 0x1C, 0xFD, 0xB5, 0x45, 0x2B, 0xC8, 0xF7, 0x6E, 0x61, 0x29, 0xC7,
    0x39, 0x4F, 0xF8, 0xF3, 0xFF, 0xE5, 0xB6, 0x23, 0x90, 0xF2, 0x46, 0xF6, 0x82, 0x74, 0xC0, 0x33,
    0x28, 0x6A, 0x38, 0x39, 0x8E, 0x5C, 0xF8, 0x0F, 0xAD, 0x94, 0x01, 0xA6, 0x25, 0x47, 0x14, 0x86,
    0xBF, 0xEE, 0x7E, 0xF3, 0x9A, 0xD7, 0xA4, 0x02, 0x0F, 0x12, 0x34, 0x40, 0x44, 0xA8, 0x0D, 0x8C,
    0xA9, 0x12, 0x10, 0x40, 0x90, 0x2C, 0x62, 0x0C, 0xB2, 0x81, 0x64, 0xBA, 0xC8, 0x06, 0xEE, 0x12,
    0x82, 0xE0, 0xE6, 0xED, 0xE1, 0xA9, 0x33, 0x59, 0x41, 0xC9, 0x0A, 0x7A, 0x09, 0x85, 0x46, 0xA3,
    0x6E, 0x9F, 0xF4, 0xBD, 0x25, 0xD7, 0x8D, 0x88, 0x91, 0xCC, 0xFC, 0xEE, 0xFF, 0xF7, 0x71, 0xCE,
    0x39, 0xFF, 0x3D, 0xCD, 0xD1, 0x4E, 0x55, 0xFE, 0xE2, 0x97, 0x4F, 0x4F, 0x61, 0xE7, 0xD3, 0xD3,
    0xD1, 0xE9, 0x8E, 0x72, 0xA3, 0xEB, 0x45, 0xC3, 0x45, 0xA5, 0xEA, 0xA5, 0xD3, 0xEF, 0xF1, 0xB5,
    0xEB, 0xF6, 0xB9, 0x57, 0xAB, 0xD3, 0x7B, 0xEA, 0x8F, 0xDF, 0xEF, 0xA8, 0x2E, 0xB9, 0xEA, 0xA5,
    0x72, 0xE0, 0x06, 0xFF, 0xDA, 0xE3, 0x9B, 0xDC, 0xCD, 0x46, 0xC6, 0xE0, 0xBC, 0x0B, 0x93, 0xC4,
    0x34, 0x89, 0x0D, 0xD0, 0x60, 0x66, 0x9B, 0x5D, 0x1E, 0xB3, 0xC9, 0x26, 0x19, 0xB1, 0xFE, 0x15,
    0x3F, 0xF2, 0x29, 0x35, 0x6F, 0xCF, 0xD9, 0x3C, 0xD4, 0x39, 0x5E, 0x02, 0x0F, 0xB8, 0x7D, 0x36,
    0xCA, 0x24, 0xCE, 0xDB, 0x60, 0x64, 0x90, 0x2E, 0x33, 0x53, 0x31, 0x77, 0xA1, 0xCB, 0x26, 0x0C,
    0x62, 0x31, 0xF2, 0x0A, 0x1B, 0x4E, 0x38, 0x5F, 0x98, 0xDE, 0x6D, 0xC4, 0xDF, 0x95, 0xF8, 0x87,
    0xE2, 0x44, 0x79, 0xE0, 0x0B, 0x1A, 0xEE, 0x30, 0xB3, 0x0B, 0x36, 0x47, 0xB1, 0x59, 0xC5, 0xE4,
    0x69, 0xA7, 0x93, 0x61, 0x76, 0xDE, 0x88, 0x63, 0x0C, 0xCF, 0x38, 0x56, 0x5E, 0x36, 0x19, 0xF0,
    0xFF, 0xB9, 0x9F, 0xB6, 0x00, 0xDD, 0x55, 0xDA, 0x7F, 0x8A, 0xEE, 0xC8, 0x17, 0x79, 0xA3, 0xBA,
    0x1D, 0xE0, 0x3B, 0x6E, 0xD1, 0x9D, 0xAE, 0x52, 0x3E, 0x9A, 0xB4, 0x2B, 0xC0, 0xB7, 0x7C, 0xD0,
    0x7E, 0x9F, 0x1C, 0x78, 0x83, 0xD9, 0x0B, 0x55, 0xF8, 0x7C, 0x2F, 0xDE, 0xA0, 0xFD, 0xE6, 0x63,
    0xEC, 0xF7, 0x48, 0xA7, 0xB3, 0xD1, 0xD5, 0x6A, 0x71, 0xBA, 0xDD, 0xFC, 0xCA, 0x9E, 0xEC, 0x35,
    0xF1, 0x1A, 0xEB, 0x19, 0x52, 0x14, 0x6C, 0xD6, 0x84, 0x5B, 0xCE, 0x92, 0x9D, 0x30, 0xCE, 0x77,
    0xD0, 0x60, 0x69, 0x33, 0xD6, 0xAB, 0x0C, 0x85, 0x28, 0x2A, 0xA6, 0xA0, 0xA9, 0x3E, 0x64, 0x0A,
    0xFD, 0xCA, 0x14, 0xEE, 0xC0, 0xB3, 0xCB, 0x0B, 0x0F, 0xCD, 0x11, 0x80, 0x56, 0x4F, 0x75, 0x15,
    0xC0, 0xA8, 0x06, 0x86, 0x0C, 0x80, 0x9D, 0x6D, 0x62, 0x4C, 0x00, 0x38, 0x6F, 0x32, 0x4E, 0x00,
    0x88, 0xF4, 0x99, 0x08, 0x00, 0x1B, 0x5D, 0xE6, 0x74, 0x8D, 0x97, 0x6A, 0x53, 0xE3, 0x6A, 0x53,
    0x7B, 0xCC, 0xCC, 0x75, 0xB6, 0xDA, 0xC0, 0xC4, 0x30, 0x47, 0x2A, 0x9C, 0x8C, 0xB2, 0x01, 0xD4,
    0x1D, 0x7E, 0x2E, 0x54, 0xF4, 0xBA, 0xF5, 0x99, 0x0A, 0x7E, 0x38, 0x98, 0xF9, 0xE1, 0x08, 0xF7,
    0xBF, 0xD5, 0x11, 0xD5, 0xC0, 0xA4, 0x09, 0x98, 0x3A, 0xD5, 0xDC, 0xA8, 0x2E, 0xC0, 0x66, 0x96,
    0x7E, 0xE9, 0xD6, 0xB6, 0x40, 0x5B, 0x8C, 0xB4, 0x65, 0xC8, 0x6C, 0xD0, 0x2F, 0x56, 0x28, 0x26,
    0x11, 0xB9, 0x5C, 0x35, 0x27, 0x23, 0x4C, 0x60, 0xE5, 0x1A, 0x33, 0xF9, 0x6B, 0xCC, 0xC6, 0x1E,
    0xEF, 0xF3, 0x44, 0xDA, 0x82, 0x95, 0xA6, 0x98, 0x99, 0x6D, 0xB7, 0xC1, 0xA4, 0x6E, 0x1D, 0x32,
    0x05, 0x33, 0x63, 0xF6, 0xB7, 0xEC, 0x4A, 0xBF, 0x62, 0x85, 0x4E, 0x35, 0x35, 0xAA, 0x19, 0xE7,
    0x21, 0xAA, 0x67, 0xD2, 0xC0, 0x6B, 0xE0, 0xFE, 0x00, 0xCD, 0xAF, 0x80, 0xC9, 0x26, 0x8F, 0xC9,
    0x8A, 0x13, 0xE7, 0x1D, 0x6F, 0x79, 0xA6, 0x70, 0x84, 0x4B, 0x25, 0x7A, 0x93, 0x95, 0x31, 0x29,
    0x56, 0x4E, 0xB8, 0x77, 0x05, 0xF7, 0xF5, 0x8A, 0xEB, 0x16, 0xDE, 0x76, 0x99, 0xE7, 0x7E, 0xA6,
    0x0C, 0x89, 0xE3, 0x7D, 0xA8, 0xF7, 0x08, 0x36, 0x10, 0x69, 0x4E, 0xF4, 0x2B, 0x26, 0xE3, 0x12,
    0x1A, 0x50, 0x50, 0xCF, 0x24, 0xD8, 0x99, 0x61, 0xA1, 0x2B, 0xA0, 0xE0, 0x3C, 0xA3, 0xE7, 0x0E,
    0xE0, 0x2B, 0x88, 0xE0, 0x02, 0x63, 0xC2, 0x5C, 0x1A, 0x1A, 0x85, 0x28, 0x38, 0x61, 0x12, 0xD4,
    0xB7, 0x5B, 0x35, 0xBC, 0x24, 0xE0, 0x27, 0xEA, 0x1C, 0x4C, 0x32, 0xE6, 0xBF, 0xD3, 0x64, 0xF7,
    0x3E, 0x86, 0x2B, 0xE7, 0x5B, 0x7E, 0x46, 0x7D, 0x8D, 0x5B, 0x58, 0xDF, 0xA7, 0x28, 0xE3, 0xA2,
    0xB3, 0x5B, 0x63, 0xB2, 0xCB, 0x79, 0xFE, 0x05, 0x8D, 0x3F, 0x7F, 0x85, 0x55, 0xB5, 0x9C, 0x09,
    0x70, 0xFF, 0x0B, 0x40, 0xBD, 0x27, 0x2B, 0x00, 0xCE, 0x03, 0x28, 0x40, 0x53, 0x00, 0xBA, 0x15,
    0xA0, 0x9E, 0x9F, 0x49, 0x00, 0x4E, 0x00, 0x26, 0x00, 0x36, 0x80, 0xB6, 0x36, 0x2E, 0x00, 0x26,
    0x03, 0x8C, 0xD5, 0x2B, 0x00, 0x44, 0x00, 0x4E, 0x00, 0xF5, 0xA0, 0xFB, 0xFC, 0xBF, 0xFF, 0xF4,
    0x11, 0x80, 0x3F, 0x01, 0xAC, 0xD2, 0x21, 0x8C, 0x14, 0x31, 0x14, 0xC6, 0xF1, 0xFF, 0xEE, 0x00,
    0x2B, 0x56, 0x14, 0xC1, 0x19, 0x4E, 0x0C, 0x1E, 0x51, 0xAF, 0x5E, 0xF1, 0xE6, 0x0C, 0xE0, 0x13,
    0x04, 0xC1, 0x4B, 0x72, 0x9D, 0xE0, 0xC5, 0x79, 0x85, 0xE5, 0xD6, 0xBB, 0x0B, 0xAD, 0x57, 0x83,
    0x37, 0x63, 0x51, 0x8C, 0x58, 0xC2, 0x10, 0x76, 0xE6, 0xA3, 0xCD, 0xEE, 0x1D, 0xA7, 0x08, 0x82,
    0xA4, 0xBF, 0x99, 0x34, 0x7D, 0x79, 0xE9, 0x7B, 0xAF, 0xA4, 0x99, 0x46, 0xCA, 0x6E, 0xD1, 0xE0,
    0x07, 0x37, 0x5A, 0x6E, 0x26, 0x0B, 0xCD, 0x14, 0x69, 0x0E, 0x89, 0xF5, 0x1F, 0x65, 0x1F, 0x8B,
    0x7A, 0x66, 0x5D, 0xB3, 0xF7, 0xD9, 0x8D, 0xEE, 0x67, 0x1C, 0x36, 0x52, 0x5E, 0x69, 0x81, 0x87,
    0x01, 0x50, 0xC7, 0x5A, 0x99, 0x4D, 0xE1, 0x0A, 0x1F, 0x33, 0x97, 0x96, 0x39, 0x58, 0x5E, 0xEF,
    0x2D, 0x6F, 0x06, 0xCB, 0x2E, 0x5B, 0xF6, 0xC1, 0xB2, 0x5D, 0xA7, 0xAF, 0x26, 0x2D, 0x15, 0x58,
    0xBE, 0xCF, 0x49, 0xB4, 0xB7, 0x32, 0xF8, 0xFB, 0x96, 0x2B, 0xBC, 0x0E, 0x3C, 0xDD, 0x09, 0x88,
    0x1D, 0xD8, 0xE9, 0xC4, 0x8A, 0xD8, 0xD9, 0x4E, 0x44, 0x2D, 0x78, 0xED, 0xE1, 0x25, 0xD0, 0x2A,
    0x20, 0x85, 0x46, 0x3B, 0xDC, 0x78, 0x8A, 0xEC, 0x20, 0x02, 0xC9, 0x4F, 0x48, 0x0A, 0xEA, 0x63,
    0x16, 0x6E, 0xA8, 0x52, 0x89, 0x8A, 0xE5, 0x6F, 0x5D, 0xDB, 0xFB, 0xEF, 0x29, 0x6F, 0x25, 0x56,
    0x9A, 0x6A, 0x7D, 0x44, 0x29, 0xA7, 0x93, 0x1B, 0xAC, 0x0A, 0x6F, 0x48, 0xC0, 0x4C, 0x69, 0x11,
    0x34, 0x13, 0x6C, 0x46, 0x70, 0x45, 0xDB, 0x9F, 0xCA, 0x09, 0x90, 0x80, 0x05, 0x56, 0x35, 0xA4,
    0x58, 0xA5, 0x89, 0xAD, 0x14, 0x6A, 0x7E, 0xEB, 0x5C, 0x6F, 0x14, 0xA1, 0xE8, 0xDB, 0xEC, 0xE6,
    0x44, 0xA3, 0xA9, 0x10, 0xED, 0x17, 0x65, 0xC3, 0x0F, 0xB1, 0x24, 0xFC, 0xCC, 0x76, 0x4C, 0xF5,
    0x5E, 0x7D, 0xCC, 0xAD, 0x14, 0x36, 0x9A, 0xE0, 0x0C, 0xD6, 0x1A, 0x70, 0x3A, 0x60, 0xBF, 0x44,
    0x0A, 0xD6, 0x09, 0x9F, 0x97, 0x92, 0xAF, 0x52, 0xAD, 0xA7, 0xF3, 0x83, 0x49, 0xC3, 0x56, 0xDF,
    0x7A, 0x9E, 0xB4, 0x77, 0x7D, 0x02, 0xF1, 0xE0, 0x7C, 0xAE, 0x7D, 0x2A, 0x3A, 0x56, 0x17, 0x70,
    0x76, 0xF1, 0xE8, 0x23, 0x69, 0xD4, 0x42, 0xFC, 0xA1, 0xDA, 0xB2, 0xAB, 0x94, 0x9B, 0x03, 0x96,
    0x9B, 0x3D, 0xED, 0x3F, 0x7F, 0xFC, 0x42, 0x9A, 0x92, 0x3E, 0x68, 0x7E, 0x77, 0xFD, 0xE2, 0xFA,
    0xD3, 0x7F, 0x7D, 0x60, 0x16, 0x56, 0x0A, 0x4E, 0x21, 0x2A, 0x5C, 0x5A, 0x78, 0x66, 0x81, 0xBF,
    0xAC, 0x78, 0xE5, 0x35, 0x97, 0x05, 0xF0, 0x5C, 0x03, 0xD2, 0x81, 0x24, 0x71, 0x43, 0x95, 0xC2,
    0x5B, 0x22, 0x77, 0xB3, 0x29, 0x75, 0xB2, 0xDD, 0x1F, 0xC7, 0x16, 0x3B, 0xD6, 0xCB, 0x71, 0xEB,
    0x7B, 0x48, 0x52, 0xA7, 0x93, 0x73, 0x0D, 0x24, 0xCD, 0xA4, 0xDD, 0x31, 0xC7, 0xFB, 0x12, 0xFC,
    0xF8, 0x76, 0xC6, 0xAF, 0x6A, 0xA5, 0x43, 0x51, 0x67, 0x2C, 0xC0, 0xBA, 0xE2, 0xAE, 0xE5, 0x97,
    0xAF, 0x85, 0x54, 0x5B, 0x3E, 0x1E, 0x9F, 0xE6, 0xEF, 0x0D, 0xE9, 0xEC, 0x32, 0x9A, 0x5D, 0x00,
    0xAD, 0x96, 0x01, 0x84, 0xE4, 0x58, 0x1A, 0xC7, 0xFF, 0x49, 0x74, 0xD7, 0xDD, 0x04, 0x81, 0x19,
    0xEE, 0xA6, 0xB9, 0x02, 0x38, 0xD7, 0x5C, 0x00, 0x60, 0x4E, 0xC2, 0x01, 0x0E, 0xD7, 0x98, 0x72,
    0x1C, 0x34, 0x80, 0x6B, 0x68, 0x00, 0x98, 0xB9, 0x94, 0x03, 0x80, 0x2B, 0xDC, 0x1D, 0x80, 0xC1,
    0x70, 0x73, 0xD5, 0x18, 0x80, 0xC3, 0x4C, 0xBF, 0x18, 0x80, 0xC5, 0x66, 0x31, 0x96, 0x85, 0x09,
    0x06, 0xB6, 0x07, 0x9B, 0x5D, 0x19, 0x9B, 0xEE, 0x4D, 0xF2, 0xED, 0xFB, 0xFE, 0x79, 0xA9, 0x4E,
    0xA9, 0xE9, 0xA6, 0xED, 0x7E, 0xF8, 0xFD, 0xFF, 0x95, 0xF7, 0xF2, 0x2A, 0xEF, 0x7B, 0x5F, 0x5E,
    0x1E, 0x80, 0xDF, 0xFE, 0x1A, 0x1A, 0x8F, 0x7E, 0x4F, 0x79, 0xF2, 0x07, 0xCA, 0xFF, 0x1F, 0x51,
    0x9A, 0x27, 0x94, 0xFA, 0x95, 0x72, 0x5E, 0x9D, 0x5B, 0xFA, 0x52, 0x49, 0x03, 0xCC, 0xA5, 0x14,
    0x01, 0x32, 0x59, 0x9A, 0x1E, 0x9E, 0x94, 0x40, 0x8F, 0x40, 0x52, 0x95, 0xB0, 0x87, 0x4A, 0xD4,
    0x5A, 0x39, 0x47, 0x5C, 0x5B, 0x79, 0x8A, 0xA4, 0x82, 0x46, 0x52, 0x52, 0xB2, 0x62, 0x2A, 0x26,
    0xDF, 0x92, 0xAD, 0xB6, 0xAC, 0xA4, 0x24, 0xD5, 0x54, 0xE2, 0x86, 0x12, 0xB5, 0x94, 0x50, 0x2C,
    0x7E, 0x85, 0x40, 0x72, 0xE0, 0x35, 0x3C, 0x69, 0x78, 0x25, 0x6B, 0x0F, 0xA5, 0x03, 0xE6, 0x4D,
    0xA2, 0x0F, 0xE7, 0xD7, 0x59, 0xAF, 0x7D, 0x2B, 0xB3, 0xA2, 0x70, 0x00, 0xBF, 0xAA, 0x29, 0x25,
    0x47, 0x0D, 0xBE, 0x18, 0xE4, 0x8D, 0x93, 0x12, 0x63, 0x24, 0x62, 0xA3, 0x18, 0x78, 0x48, 0x42,
    0x96, 0x88, 0xC8, 0x70, 0xC2, 0x19, 0x09, 0xDC, 0x4C, 0x91, 0x8A, 0xAC, 0x9D, 0xBF, 0xA9, 0x67,
    0xA6, 0x8D, 0x8E, 0xBF, 0x93, 0x8B, 0xD5, 0xCD, 0x63, 0x1E, 0x48, 0x9F, 0xF2, 0x09, 0xF3, 0x91,
    0xC0, 0xFE, 0x7A, 0x05, 0x78, 0x22, 0xFA, 0x90, 0x96, 0x25, 0x12, 0x39, 0x93, 0x02, 0x59, 0xC5,
    0x67, 0xCE, 0x95, 0xDA, 0x94, 0x43, 0x52, 0x84, 0x24, 0xE0, 0xC8, 0x31, 0x4F, 0xE4, 0xE2, 0x7F,
    0x80, 0x11, 0x91, 0x91, 0xD3, 0xC8, 0x26, 0xD7, 0x4F, 0xCC, 0xD5, 0x7A, 0x5C, 0xD5, 0x6D, 0x16,
    0xF0, 0x56, 0xCA, 0xA0, 0x42, 0x92, 0x2B, 0x33, 0x9B, 0x9F, 0x0A, 0x72, 0x84, 0xB0, 0x8A, 0x45,
    0x27, 0x6F, 0x26, 0x9C, 0xA4, 0xBA, 0xD6, 0xB1, 0x5B, 0x6B, 0xDA, 0xC1, 0x1C, 0xE8, 0x2A, 0xC6,
    0xBA, 0x86, 0x99, 0xB0, 0xAE, 0x58, 0x74, 0xA3, 0xC9, 0x9D, 0xC9, 0x2A, 0x67, 0x8E, 0x6B, 0x67,
    0xFE, 0xDC, 0x3A, 0xF3, 0xC7, 0x9E, 0x66, 0x61, 0xFE, 0x23, 0x8B, 0x45, 0xBF, 0x80, 0xB8, 0xB8,
    0x36, 0xBB, 0xB1, 0x76, 0x71, 0xDD, 0x67, 0x2D, 0x17, 0x6B, 0xF9, 0x20, 0x6B, 0x20, 0x4B, 0x61,
    0xF2, 0x1E, 0x34, 0x49, 0xE9, 0x4C, 0x5C, 0x3B, 0x13, 0xB5, 0xCE, 0xCC, 0xC4, 0x99, 0x60, 0x34,
    0xD8, 0x18, 0xD3, 0xEB, 0xC2, 0x5D, 0x02, 0x49, 0xCF, 0x55, 0x03, 0xE6, 0xA3, 0x89, 0xFA, 0xAD,
    0xB2, 0x2B, 0x07, 0x61, 0x7F, 0x2E, 0x28, 0x24, 0xF7, 0xA5, 0x54, 0x41, 0x52, 0x51, 0xE6, 0x35,
    0x25, 0x6A, 0xB4, 0x52, 0xD6, 0x2F, 0xFB, 0x67, 0x89, 0x68, 0x54, 0x4E, 0x1E, 0xC8, 0xDB, 0xC5,
    0x71, 0x77, 0xC4, 0x2E, 0xF5, 0xF4, 0x3E, 0xC3, 0x51, 0x0E, 0xAC, 0x03, 0x67, 0x48, 0x69, 0x28,
    0xAC, 0x02, 0x6D, 0xB8, 0xBB, 0xB8, 0x82, 0x64, 0x2D, 0x3A, 0xD9, 0x29, 0x1F, 0x40, 0x54, 0xDB,
    0xC1, 0x2E, 0x75, 0x99, 0x0F, 0xE5, 0x3D, 0x7C, 0xC9, 0x71, 0x28, 0x2B, 0xAD, 0xC4, 0x80, 0x0B,
    0xCB, 0xC6, 0x40, 0x0A, 0x78, 0x1D, 0x77, 0x87, 0x99, 0x94, 0xF0, 0x5B, 0x68, 0x41, 0x85, 0x52,
    0x21, 0x50, 0x5B, 0x20, 0xFA, 0xC6, 0xDA, 0x86, 0x85, 0x17, 0xBD, 0x6B, 0x30, 0xAB, 0x75, 0xA7,
    0x42, 0xFC, 0x59, 0x8B, 0xB0, 0xC2, 0xDE, 0xF1, 0xC7, 0x45, 0xF6, 0x65, 0xB7, 0x38, 0xFE, 0x98,
    0x46, 0x32, 0x46, 0x79, 0x6D, 0x0B, 0x7C, 0x32, 0xEE, 0xAD, 0xC7, 0x58, 0x4D, 0x6E, 0xBB, 0x77,
    0x26, 0x67, 0xFD, 0xDA, 0x5C, 0x89, 0xBE, 0x5F, 0x12, 0xD4, 0x48, 0x8A, 0x8E, 0x13, 0xFF, 0x53,
    0x85, 0xB8, 0x6A, 0x39, 0xBB, 0x7F, 0x96, 0x98, 0x7F, 0x47, 0x9B, 0x7C, 0x5E, 0x20, 0xFA, 0xBE,
    0xA1, 0x7D, 0x97, 0x23, 0xFC, 0xA1, 0x56, 0x1B, 0x8B, 0xCE, 0xA3, 0x52, 0x3B, 0xE7, 0xEC, 0x68,
    0x23, 0x01, 0x27, 0xEA, 0xAC, 0x3F, 0x24, 0x8D, 0x1B, 0xE9, 0x60, 0x67, 0x1D, 0x98, 0x8D, 0x4F,
    0x46, 0xD0, 0x6D, 0xD3, 0x5B, 0xFC, 0xA5, 0x3F, 0x42, 0xC0, 0xE5, 0x24, 0xF5, 0x7A, 0xBF, 0xDD,
    0x07, 0x7F, 0xFD, 0xAF, 0x65, 0x28, 0x62, 0x69, 0x94, 0x81, 0x5C, 0x99, 0x0E, 0xA1, 0x68, 0xEB,
    0xBC, 0x51, 0x26, 0x15, 0x59, 0x28, 0xB3, 0x5C, 0x69, 0x48, 0x19, 0xB8, 0x9C, 0x70, 0x72, 0xDD,
    0x90, 0x59, 0x31, 0x19, 0xA1, 0x41, 0xD8, 0x69, 0x61, 0x67, 0x3A, 0xBE, 0xF4, 0x52, 0xFA, 0xC2,
    0x8F, 0x48, 0x26, 0x4B, 0xCB, 0xFD, 0xE7, 0x38, 0xC2, 0x34, 0x58, 0xB8, 0xCD, 0xC0, 0x07, 0x0B,
    0x1B, 0xDA, 0x7C, 0xF2, 0x7C, 0x48, 0x99, 0xBC, 0x07, 0x1F, 0x98, 0x45, 0x42, 0x89, 0x24, 0xF5,
    0xAD, 0xC4, 0x5A, 0x0D, 0x29, 0x8B, 0x3B, 0x01, 0x4C, 0xA1, 0xC2, 0xE4, 0xC5, 0x63, 0xE2, 0x3C,
    0x49, 0x55, 0x7C, 0x51, 0x72, 0x8C, 0x76, 0x23, 0xDB, 0xA1, 0xFF, 0xFA, 0x78, 0xD3, 0x96, 0x31,
    0x85, 0xBC, 0x6F, 0x33, 0x0A, 0xC7, 0xA4, 0xE4, 0x5B, 0x9F, 0xA9, 0x1A, 0xF8, 0x0D, 0x30, 0xD7,
    0xA4, 0xA6, 0x08, 0xA5, 0x38, 0xE5, 0x1A, 0x33, 0xCB, 0x3A, 0x9C, 0xF6, 0x0A, 0xF9, 0x03, 0x58,
    0xA4, 0xD3, 0x77, 0xC2, 0x13, 0xA9, 0xAD, 0xF8, 0x56, 0xF4, 0x5D, 0x78, 0x29, 0x2B, 0xEE, 0xD1,
    0x0D, 0x54, 0xE6, 0x15, 0x25, 0x29, 0x28, 0x66, 0x49, 0x11, 0xA8, 0x04, 0x1D, 0x25, 0x6C, 0x29,
    0x51, 0x45, 0x89, 0x4B, 0x7E, 0x36, 0xCC, 0xC5, 0x7A, 0x99, 0x89, 0x46, 0xE1, 0xC4, 0x5D, 0x84,
    0x2C, 0x93, 0xA1, 0x67, 0xD4, 0x50, 0x5C, 0x79, 0x05, 0x42, 0x81, 0xE4, 0x94, 0xAC, 0xA0, 0x24,
    0x15, 0x25, 0x6A, 0x29, 0xB3, 0x9E, 0xE2, 0x4B, 0x7A, 0x28, 0x97, 0x88, 0xE5, 0x32, 0x13, 0xD1,
    0x25, 0x73, 0xB2, 0x99, 0x90, 0x48, 0xB7, 0x45, 0x9D, 0x84, 0xE3, 0xDF, 0xC9, 0xA7, 0xCA, 0xD7,
    0xF7, 0x95, 0xF7, 0xA1, 0x84, 0x72, 0x4F, 0xF9, 0x6D, 0xAF, 0x64, 0x9E, 0x62, 0xCD, 0x73, 0xC8,
    0xC4, 0x99, 0x06, 0xBF, 0xD4, 0x13, 0x85, 0xAF, 0xAD, 0x30, 0xED, 0x75, 0x6B, 0xA5, 0xBF, 0xC9,
    0xD7, 0x6E, 0x9C, 0xDB, 0xB8, 0x2F, 0xB2, 0x02, 0x22, 0x91, 0xCA, 0x71, 0x77, 0xBF, 0xED, 0x26,
    0xFB, 0xED, 0xD2, 0x97, 0xAD, 0x3C, 0xC4, 0x35, 0xB6, 0x77, 0xD8, 0x9D, 0xDA, 0xB1, 0x91, 0x6E,
    0x77, 0xB9, 0xBE, 0xDD, 0x63, 0x6E, 0xDF, 0x9E, 0x6A, 0x15, 0xF1, 0x8F, 0x28, 0x25, 0xE5, 0x6B,
    0x57, 0x57, 0x77, 0x90, 0x9B, 0xF7, 0xDB, 0xBF, 0x0D, 0x72, 0x7E, 0xB3, 0x78, 0x9A, 0x86, 0xB1,
    0x2C, 0x67, 0x62, 0x43, 0x13, 0x4A, 0x31, 0x1D, 0xF6, 0x05, 0x9C, 0x78, 0x86, 0x40, 0xA0, 0x12,
    0x75, 0x3A, 0x3E, 0xA2, 0x96, 0xC2, 0x63, 0xDD, 0x83, 0xC9, 0xB9, 0x6C, 0x7A, 0xBA, 0xDB, 0x3D,
    0xE4, 0xED, 0x3D, 0x56, 0x49, 0xA4, 0xCF, 0x4A, 0x8A, 0xF6, 0x7C, 0x28, 0xEF, 0x79, 0x9F, 0x59,
    0x3A, 0x89, 0x6B, 0xCA, 0xBC, 0xA5, 0x44, 0x1D, 0x65, 0x26, 0x94, 0x40, 0x0A, 0x15, 0x48, 0x8F,
    0x03, 0x4D, 0xE6, 0xB0, 0x3A, 0xE1, 0xF5, 0xAB, 0x95, 0xEA, 0x8C, 0x8C, 0xF2, 0xD6, 0x49, 0xE3,
    0xA9, 0x62, 0x4F, 0x77, 0x70, 0x7F, 0x73, 0x42, 0xAA, 0xC8, 0x16, 0x51, 0x89, 0xB8, 0xD3, 0xE3,
    0x51, 0xD0, 0xEB, 0xF1, 0xC8, 0x17, 0xA5, 0xD7, 0x63, 0x2F, 0x75, 0x45, 0x17, 0xB4, 0xCA, 0xB0,
    0x51, 0x66, 0x15, 0x26, 0x47, 0x98, 0x12, 0x93, 0x38, 0xE1, 0x97, 0x63, 0x68, 0xCD, 0xD8, 0x1A,
    0x74, 0xBC, 0xB1, 0x56, 0x46, 0x9B, 0x52, 0x7C, 0x88, 0xD8, 0x32, 0xA1, 0x67, 0x66, 0x95, 0x92,
    0x7A, 0x66, 0xD8, 0xDB, 0x00, 0x72, 0xDC, 0xF5, 0x1E, 0xFE, 0x0B, 0x1A, 0x2F, 0x48, 0xB4, 0xB7,
    0x48, 0x47, 0x1E, 0xC8, 0x15, 0x86, 0x59, 0x36, 0x1C, 0x63, 0x38, 0xAF, 0xFF, 0xDB, 0x08, 0xCF,
    0xEB, 0xDE, 0xF5, 0x79, 0xBD, 0x63, 0x76, 0xEE, 0x70, 0x5E, 0x2F, 0x7E, 0xFA, 0x79, 0xFD, 0x17,
    0x3B, 0xE7, 0x75, 0xF9, 0xC0, 0xF3, 0xBA, 0x66, 0x8B, 0x4F, 0xDD, 0x0F, 0x73, 0x58, 0x4D, 0x26,
    0x76, 0xAB, 0xBC, 0xC2, 0x18, 0xA2, 0xD1, 0x0E, 0xDC, 0x39, 0xD5, 0xBD, 0x98, 0xB6, 0x8A, 0xFD,
    0x9A, 0x9F, 0xB5, 0xFA, 0xA1, 0xF2, 0xDA, 0xD6, 0x12, 0x5B, 0x84, 0x12, 0x3F, 0x33, 0x43, 0xEE,
    0x2A, 0x31, 0x67, 0x49, 0x4E, 0x9E, 0x39, 0x1F, 0xB8, 0x53, 0x4A, 0xE9, 0x70, 0xDD, 0x28, 0x97,
    0x93, 0x33, 0x36, 0xC9, 0xEE, 0x86, 0x64, 0x23, 0x5F, 0x57, 0x2F, 0x6B, 0x39, 0x66, 0xA9, 0xEC,
    0x74, 0x9C, 0x33, 0x99, 0x7C, 0xAF, 0x38, 0x00, 0xCB, 0x6E, 0x5C, 0x95, 0x59, 0xA7, 0x0C, 0x5C,
    0xA7, 0x54, 0x69, 0x26, 0x5D, 0xE3, 0x9E, 0x5D, 0xD9, 0x10, 0x92, 0xAE, 0xC7, 0x2E, 0x8F, 0x94,
    0x07, 0xA5, 0xE5, 0x1B, 0xBE, 0xB3, 0x72, 0x09, 0x65, 0xAA, 0x8B, 0x5A, 0xE2, 0x19, 0xB2, 0x4B,
    0xCC, 0x4B, 0x98, 0x74, 0x5F, 0x0A, 0xFB, 0xCB, 0x34, 0xFA, 0x20, 0xBA, 0x85, 0xE9, 0x6F, 0x77,
    0xA4, 0xC7, 0xB9, 0x1D, 0x27, 0x6C, 0x8F, 0x48, 0x58, 0x46, 0xCD, 0x84, 0x95, 0x32, 0x26, 0x93,
    0x52, 0x29, 0xB9, 0x65, 0x20, 0xA9, 0xA5, 0x9E, 0xA3, 0xCD, 0x57, 0xD2, 0x70, 0xFB, 0x2E, 0x90,
    0x68, 0x19, 0x29, 0x57, 0x60, 0xC4, 0x4B, 0xB8, 0x48, 0xEE, 0xEA, 0x78, 0x9E, 0x67, 0x64, 0xE3,
    0xAA, 0xF9, 0x9B, 0x02, 0x8B, 0xC4, 0xBC, 0x14, 0x57, 0xEA, 0xC9, 0x3F, 0x24, 0x67, 0xB7, 0x32,
    0x59, 0x66, 0xEC, 0x28, 0xCB, 0x64, 0xD8, 0xDB, 0x7C, 0xB1, 0xE3, 0x31, 0xDF, 0x41, 0x67, 0x1D,
    0x73, 0x1E, 0xB6, 0xD6, 0xF1, 0x74, 0x16, 0xD5, 0xD6, 0x79, 0xC2, 0x85, 0xB1, 0x8E, 0xAB, 0x90,
    0x94, 0x74, 0xB9, 0xAE, 0xB6, 0x3A, 0xCD, 0x72, 0x96, 0x5B, 0xA7, 0x64, 0x06, 0xC6, 0x63, 0x01,
    0x5D, 0x39, 0xBA, 0xB8, 0xE2, 0x2A, 0x8E, 0x0E, 0xEA, 0xEC, 0xA8, 0x1E, 0x9D, 0xA6, 0xD0, 0x77,
    0xAE, 0x9E, 0x38, 0xB7, 0xFA, 0x51, 0x03, 0x3E, 0x0F, 0x5D, 0xEC, 0x5C, 0x9F, 0x1A, 0xE7, 0xA4,
    0x30, 0xDD, 0xE8, 0xA8, 0x60, 0x59, 0x92, 0x0D, 0x4E, 0x55, 0x74, 0xCC, 0x50, 0x96, 0x96, 0x90,
    0x5C, 0x99, 0x95, 0xCA, 0xA4, 0x52, 0xC6, 0x3B, 0x4C, 0x4A, 0xB2, 0xD8, 0xF4, 0xF7, 0x25, 0xB5,
    0x3C, 0xED, 0x38, 0x66, 0xAD, 0xEC, 0x53, 0x4C, 0x63, 0x38, 0x9F, 0x31, 0xFD, 0x8E, 0x7A, 0xEF,
    0xA7, 0x78, 0xCA, 0xF2, 0x13, 0x91, 0x0D, 0x7F, 0x04, 0x5D, 0xC4, 0x81, 0x05, 0xC3, 0x40, 0x00,
    0x85, 0xE1, 0xBF, 0x8A, 0x20, 0x43, 0xDC, 0x1C, 0x05, 0x77, 0x6B, 0x74, 0x85, 0x2E, 0x71, 0x19,
    0x2D, 0x23, 0x74, 0x84, 0x8E, 0x70, 0x28, 0x82, 0x93, 0xD7, 0xF7, 0x80, 0xCA, 0x87, 0x0F, 0x5E,
    0x0D, 0x16, 0x0D, 0x28, 0x9A, 0x50, 0x75, 0x42, 0xDF, 0x05, 0x6A, 0xDD, 0x51, 0xFF, 0xBA, 0x89,
    0x9E, 0xCE, 0x34, 0xDD, 0xFD, 0x70, 0xEB, 0x70, 0xE5, 0xED, 0xEA, 0xE6, 0x84, 0x9B, 0x69, 0xA4,
    0x0D, 0x56, 0x01, 0x3D, 0x29, 0x3D, 0x12, 0xD7, 0x5A, 0xDA, 0x5D, 0xFF, 0xB8, 0xAA, 0x2F, 0x14,
    0x1D, 0xB0, 0x24, 0x9E, 0xF0, 0x03, 0xBC, 0x53, 0xC1, 0x8D, 0xD4, 0x40, 0x10, 0x6C, 0xAF, 0x4F,
    0xF2, 0xC3, 0x8F, 0xE1, 0xC9, 0x03, 0xC9, 0x7F, 0x74, 0xC8, 0x09, 0x70, 0xF2, 0x92, 0x0D, 0x41,
    0x20, 0xE6, 0xC8, 0x80, 0x10, 0xEE, 0x4D, 0x04, 0xFC, 0x66, 0xC8, 0xC0, 0x64, 0xE0, 0xCB, 0xC0,
    0x48, 0x46, 0x32, 0xC8, 0x9E, 0x66, 0xBA, 0xBB, 0x76, 0xD7, 0xEC, 0xEE, 0x77, 0xAF, 0x3F, 0x25,
    0xAB, 0xDB, 0x5D, 0x33, 0x55, 0x53, 0x44, 0xB4, 0x27, 0xAD, 0x62, 0x34, 0xAC, 0x66, 0xC3, 0x06,
    0xDF, 0x3E, 0x5A, 0x9B, 0xD1, 0x5E, 0x0C, 0x1D, 0xDA, 0x5D, 0x6F, 0xC8, 0xB6, 0xA6, 0x5C, 0xD1,
    0x9E, 0xD1, 0x66, 0xAD, 0xD1, 0x9F, 0x61, 0xFB, 0xF7, 0x9B, 0xD4, 0x53, 0x8D, 0x75, 0x3B, 0xAC,
    0x27, 0x8E, 0xF8, 0x71, 0xFC, 0x7F, 0x51, 0x99, 0x0E, 0x03, 0x8F, 0x18, 0x18, 0x30, 0x30, 0x61,
    0x00, 0x83, 0x34, 0xD0, 0xD5, 0x5A, 0x6D, 0xCA, 0xCE, 0xE9, 0xB8, 0x17, 0xF0, 0x3C, 0xE9, 0xD5,
    0x58, 0x9A, 0x55, 0x62, 0xD9, 0xDD, 0xFC, 0x4E, 0x7E, 0xC8, 0xAD, 0x1F, 0x29, 0x53, 0xEF, 0xB8,
    0x48, 0x99, 0xB9, 0x5E, 0x8A, 0x94, 0x89, 0xDB, 0x31, 0x43, 0x37, 0x86, 0x98, 0xC1, 0x2D, 0x9F,
    0x29, 0xC3, 0x6E, 0x7A, 0x2D, 0x40, 0x5F, 0x49, 0x81, 0x6E, 0x0F, 0x52, 0x77, 0xC0, 0x07, 0x60,
    0xD8, 0x6F, 0xCC, 0xD8, 0x68, 0x52, 0xC1, 0x8D, 0x82, 0x31, 0x00, 0x33, 0xA9, 0x85, 0xBA, 0x17,
    0xF2, 0x87, 0x78, 0x70, 0x0C, 0x38, 0x1D, 0xF0, 0xAD, 0x1A, 0x16, 0x86, 0xAD, 0x0B, 0x70, 0x05,
    0x7B, 0x36, 0x7B, 0xC3, 0xF5, 0x47, 0xD3, 0xA0, 0xDD, 0x45, 0x8C, 0x81, 0xF5, 0x9E, 0x2E, 0xEA,
    0xC5, 0xF4, 0x7C, 0xA3, 0xF0, 0xE4, 0xD5, 0xCD, 0xD9, 0x8B, 0xB7, 0xF5, 0xDC, 0x4C, 0xE2, 0xF4,
    0x50, 0xAD, 0xEA, 0x7B, 0xC1, 0x1F, 0x92, 0xDC, 0xD4, 0x3F, 0xCB, 0x9B, 0x20, 0xF7, 0x27, 0x89,
    0xD0, 0x25, 0xB3, 0xCA, 0x6A, 0xAF, 0x87, 0x3A, 0x9E, 0x36, 0x2F, 0xAB, 0xC4, 0xCD, 0x71, 0x71,
    0x99, 0x7B, 0x75, 0x8A, 0xD9, 0xA7, 0x53, 0xD2, 0x18, 0xC2, 0x40, 0x34, 0x58, 0xA4, 0x3A, 0x16,
    0x6C, 0xD2, 0x42, 0x40, 0xB8, 0x84, 0xE0, 0x71, 0x34, 0xBB, 0x11, 0x15, 0x18, 0xEC, 0x16, 0x24,
    0x50, 0xAD, 0x91, 0xC3, 0xC2, 0xAD, 0x8E, 0x0F, 0x35, 0x78, 0x85, 0x6D, 0x1A, 0x11, 0x48, 0x2B,
    0xEE, 0x61, 0xA6, 0x2C, 0x55, 0x46, 0xC4, 0x1A, 0xC9, 0x74, 0x93, 0x31, 0x22, 0x82, 0x6E, 0x06,
    0x83, 0x30, 0x82, 0x17, 0xDF, 0x59, 0xC7, 0x63, 0x50, 0xDB, 0xE1, 0xF8, 0x2E, 0xC3, 0xE3, 0x31,
    0xAE, 0x7C, 0x4A, 0xEC, 0x7B, 0x3A, 0x2B, 0x48, 0x07, 0x21, 0x9D, 0xB2, 0x43, 0x64, 0x48, 0x0E,
    0x03, 0x5C, 0x0E, 0x6C, 0x16, 0xC2, 0xFF, 0x4C, 0xCD, 0x44, 0x62, 0x55, 0x95, 0xA8, 0xB2, 0xC0,
    0x36, 0xA3, 0xDA, 0xA8, 0xA6, 0xBA, 0x59, 0x2D, 0x2E, 0xE7, 0x7B, 0x01, 0x1A, 0x6E, 0xF8, 0xA4,
    0xDE, 0x29, 0x8C, 0x61, 0x2F, 0x7C, 0x4B, 0x37, 0x08, 0xFB, 0xE4, 0x66, 0x39, 0x4B, 0x5F, 0xA6,
    0x22, 0x49, 0x1C, 0xF9, 0x4B, 0x92, 0x74, 0x76, 0xBF, 0x92, 0x78, 0xEF, 0xD6, 0x14, 0xA2, 0xDD,
    0xC8, 0xEE, 0xB7, 0x08, 0xB4, 0x3C, 0x0A, 0xD4, 0x1C, 0xB7, 0x19, 0xFD, 0x6E, 0xF0, 0x71, 0x4B,
    0x5B, 0x5B, 0x1E, 0xF1, 0x43, 0xD0, 0xDF, 0x77, 0xB6, 0xAC, 0x5E, 0x13, 0x47, 0x25, 0xCA, 0xAE,
    0x09, 0x6D, 0xB6, 0x57, 0x0E, 0x91, 0xD7, 0xE9, 0x91, 0x42, 0xD4, 0x03, 0xB6, 0x76, 0xDC, 0x6A,
    0x79, 0x90, 0x9D, 0xC5, 0x78, 0x27, 0x40, 0xFB, 0x1B, 0xEA, 0xE2, 0xFB, 0x73, 0x5D, 0x68, 0xA3,
    0xCB, 0xB3, 0xB8, 0x29, 0xBA, 0xF8, 0x4B, 0x5D, 0xBA, 0xAB, 0xBA, 0xFC, 0xDB, 0x1E, 0x44, 0xD2,
    0xB1, 0x47, 0x2E, 0xC2, 0xBE, 0xD8, 0x23, 0x17, 0x60, 0x0B, 0x00, 0xE5, 0x55, 0x2D, 0xCC, 0xE5,
    0x44, 0x14, 0x3D, 0xED, 0x2C, 0xDB, 0x84, 0x26, 0x74, 0x0D, 0x08, 0x56, 0xD4, 0x43, 0xA0, 0x5E,
    0xB5, 0x0A, 0x8D, 0x58, 0x14, 0xDE, 0x60, 0xF0, 0x6A, 0x1A, 0xBC, 0xC0, 0x80, 0x46, 0xAC, 0x60,
    0x1F, 0x02, 0x9F, 0x40, 0x5A, 0x6F, 0xA8, 0x57, 0x75, 0x48, 0x2A, 0x5E, 0x42, 0x77, 0x33, 0xED,
    0x61, 0xCE, 0xDC, 0xBE, 0x7D, 0xDF, 0xB7, 0x2F, 0xD9, 0x2C, 0x4B, 0x02, 0x82, 0xF3, 0xD2, 0x33,
    0x37, 0x9D, 0xDB, 0x73, 0x7F, 0xFA, 0xE6, 0x16, 0x86, 0x4F, 0x12, 0xB7, 0x93, 0xD8, 0x07, 0x71,
    0xCD, 0x3E, 0x72, 0xC6, 0x19, 0x11, 0x4D, 0x10, 0x97, 0xBB, 0x38, 0x4B, 0x1B, 0x18, 0x46, 0x71,
    0xBB, 0x88, 0xAB, 0x73, 0xE2, 0x20, 0x2E, 0x22, 0x3F, 0x7C, 0xE6, 0x36, 0xC0, 0xF3, 0xCF, 0x1D,
    0x39, 0x23, 0x50, 0xF2, 0xBB, 0x81, 0xA8, 0xD7, 0x68, 0xE8, 0x91, 0x9C, 0xF0, 0x23, 0x32, 0x62,
    0x48, 0xCC, 0xFE, 0xE0, 0xFC, 0x0E, 0xBB, 0x5D, 0xBB, 0x2E, 0xC0, 0x4F, 0x28, 0x83, 0x9E, 0xAA,
    0xCF, 0xA8, 0x37, 0x0C, 0x33, 0x4A, 0x92, 0x63, 0x52, 0x86, 0xA2, 0x28, 0x78, 0xF6, 0x0C, 0x09,
    0x1F, 0xBF, 0xC0, 0xBB, 0xDF, 0x02, 0x72, 0x59, 0x9B, 0x49, 0x69, 0x92, 0x54, 0xC2, 0x8E, 0xCF,
    0xBF, 0x24, 0x95, 0xE5, 0x0E, 0x34, 0x9B, 0x52, 0x9F, 0xE5, 0xD6, 0x01, 0xDA, 0xAE, 0x25, 0xB8,
    0xEB, 0xEE, 0x1F, 0x8B, 0x82, 0x02, 0x2C, 0xCF, 0xA8, 0x16, 0x20, 0xDF, 0x5C, 0x40, 0x35, 0x03,
    0xC5, 0x9A, 0x6F, 0x68, 0x46, 0xE8, 0xEE, 0x8E, 0x76, 0x84, 0x2E, 0xA2, 0xED, 0x81, 0xA1, 0xC3,
    0x20, 0x23, 0xDB, 0x01, 0x8F, 0xB6, 0x93, 0x82, 0x19, 0x52, 0xF0, 0xDA, 0x52, 0x32, 0xC9, 0xF0,
    0xF2, 0xB7, 0x47, 0x01, 0x46, 0x41, 0xF9, 0x62, 0x8F, 0x21, 0x62, 0x40, 0xE4, 0x01, 0xD5, 0x52,
    0xCF, 0x90, 0x82, 0x0B, 0xAD, 0x45, 0xCB, 0x77, 0xF9, 0x36, 0x33, 0xC0, 0xED, 0xE8, 0x7C, 0x1B,
    0x54, 0x92, 0xCA, 0x61, 0x87, 0xAF, 0xA5, 0xD0, 0x72, 0xFF, 0x99, 0xB3, 0xB6, 0x55, 0x72, 0x07,
    0x64, 0xFB, 0x43, 0xAA, 0x37, 0xC2, 0xC3, 0xA7, 0x30, 0x3C, 0x11, 0xA9, 0xB7, 0x42, 0x41, 0xB1,
    0x24, 0x6C, 0x19, 0xB5, 0x34, 0xB6, 0xB4, 0x83, 0xB4, 0xE0, 0xEB, 0x45, 0x0B, 0xED, 0x0D, 0x6F,
    0x65, 0x80, 0x72, 0x74, 0x5A, 0xDC, 0x9A, 0x64, 0x8A, 0x25, 0x27, 0x52, 0x9A, 0x92, 0xA9, 0x66,
    0xA5, 0xA7, 0x36, 0x79, 0x65, 0xD9, 0xA7, 0x2E, 0xFB, 0x0E, 0xCD, 0x02, 0x10, 0x90, 0xCC, 0x1E,
    0x97, 0xA0, 0x42, 0x51, 0xA8, 0xC6, 0x94, 0x4D, 0xA1, 0xD2, 0x29, 0x11, 0x80, 0x9D, 0xBA, 0x0D,
    0xF6, 0xEA, 0x75, 0x94, 0x69, 0xB5, 0xB4, 0xB3, 0xA7, 0xB0, 0xDC, 0x5F, 0x70, 0xC0, 0x33, 0xA1,
    0xBF, 0xAC, 0x0D, 0x85, 0xE7, 0x52, 0xD1, 0x6B, 0xFA, 0xDF, 0xAE, 0x99, 0xD6, 0x61, 0x86, 0xE7,
    0x8E, 0xDA, 0xFA, 0x83, 0x26, 0xAE, 0x5F, 0x9D, 0x4E, 0xF8, 0xF0, 0x74, 0xEA, 0x90, 0xD0, 0x32,
    0xE2, 0x7C, 0x97, 0xAB, 0x15, 0x70, 0xE7, 0x72, 0x13, 0x3B, 0x02, 0xF9, 0x59, 0x4A, 0xD9, 0xF9,
    0xDE, 0xA9, 0xAF, 0xD7, 0xEB, 0xA9, 0x77, 0x14, 0xE7, 0x4C, 0x8A, 0x34, 0x27, 0x9B, 0x1C, 0x77,
    0x47, 0xC3, 0x6E, 0x4E, 0x57, 0x2E, 0x82, 0x58, 0xD1, 0x90, 0xFE, 0x22, 0x4A, 0x5A, 0x7C, 0xCC,
    0x9E, 0xA4, 0xBC, 0x89, 0xCB, 0x20, 0xAE, 0x97, 0xAB, 0xB0, 0x65, 0xA2, 0x80, 0xC1, 0x49, 0x37,
    0x14, 0x41, 0xAC, 0x7F, 0x58, 0x16, 0x9A, 0x17, 0xA7, 0xD3, 0x4F, 0x21, 0xD5, 0x72, 0xF0, 0x47,
    0xA7, 0x88, 0x1F, 0xAF, 0xE5, 0x5E, 0x29, 0x9D, 0x8F, 0x1F, 0xC4, 0x95, 0x65, 0x6C, 0xD9, 0x5B,
    0x25, 0xA2, 0xCC, 0x2A, 0x5C, 0xC5, 0xA5, 0xCD, 0xBB, 0xE9, 0x9A, 0xAA, 0x87, 0x60, 0x95, 0x99,
    0xA3, 0x55, 0x6C, 0x2D, 0x32, 0x2D, 0x1B, 0x98, 0x10, 0x36, 0x91, 0xB3, 0x76, 0x2C, 0x6F, 0x1D,
    0xF4, 0x7D, 0x08, 0x0D, 0x38, 0xEA, 0xE7, 0xFB, 0x07, 0x48, 0xA8, 0xC8, 0x1E, 0x42, 0x4D, 0x8E,
    0xE6, 0x22, 0xE3, 0x3A, 0xDA, 0x4D, 0xC0, 0x30, 0x98, 0xAB, 0xF5, 0xD0, 0x0C, 0x18, 0xB2, 0xC3,
    0xB0, 0x89, 0x68, 0x09, 0xBF, 0x6A, 0x94, 0xAB, 0xF8, 0xC1, 0x51, 0x68, 0xBB, 0x5D, 0x8C, 0x1D,
    0xD0, 0xF8, 0xC2, 0x63, 0x42, 0x33, 0x4F, 0x62, 0xDD, 0xF5, 0xA5, 0x9A, 0x31, 0x8C, 0x9A, 0x98,
    0xE9, 0x70, 0x83, 0xB0, 0x57, 0x7A, 0x18, 0xCD, 0x92, 0x29, 0xA6, 0xD4, 0xF2, 0x60, 0xC6, 0xD9,
    0x99, 0x51, 0x06, 0xB7, 0x1E, 0x39, 0x94, 0x8B, 0x19, 0x9B, 0x62, 0xA6, 0x3C, 0xD5, 0x45, 0x81,
    0xF5, 0x74, 0x18, 0xD6, 0x51, 0x8D, 0xC3, 0xC3, 0x68, 0xD9, 0x5D, 0x0C, 0x18, 0x9A, 0x8B, 0x51,
    0xED, 0xB8, 0x8F, 0xEC, 0x73, 0x35, 0xB9, 0x03, 0x7C, 0xFA, 0x1E, 0x85, 0x78, 0xF1, 0x9C, 0x4E,
    0x50, 0x49, 0xEE, 0x18, 0xC8, 0xA9, 0x5E, 0x33, 0x7E, 0xC3, 0xCE, 0x2F, 0xED, 0x8C, 0xF6, 0xF7,
    0x15, 0xD5, 0xDA, 0x8E, 0xA8, 0x38, 0xA3, 0x08, 0x7E, 0x84, 0x63, 0xBC, 0x82, 0x66, 0x3D, 0x61,
    0x46, 0x6E, 0xC6, 0x88, 0x82, 0x7D, 0x34, 0x92, 0xF3, 0x14, 0x9D, 0xDB, 0x05, 0xFE, 0xB7, 0x35,
    0x96, 0x59, 0x87, 0x9C, 0x4E, 0x9F, 0xC7, 0x92, 0x0C, 0x20, 0x39, 0x39, 0x72, 0xD1, 0x1B, 0xEC,
    0xE0, 0xE3, 0xE5, 0xB8, 0x5E, 0x12, 0x83, 0x41, 0x8D, 0xFC, 0xF7, 0x98, 0x11, 0xEB, 0x0D, 0x07,
    0x64, 0xA7, 0xA7, 0xA9, 0x97, 0x1A, 0x10, 0x54, 0xC6, 0x4E, 0xB7, 0xD5, 0xD3, 0x72, 0xD7, 0x8C,
    0xC8, 0x69, 0xD3, 0xBF, 0xD3, 0xB9, 0x65, 0xDF, 0x8E, 0x52, 0x14, 0xFB, 0xD1, 0xFF, 0x47, 0x8C,
    0x88, 0x4E, 0xA4, 0xD7, 0xAB, 0x7C, 0xF5, 0x9D, 0x4D, 0x5C, 0x6F, 0x1F, 0xF4, 0x36, 0xDF, 0xEC,
    0xC8, 0xC8, 0xFB, 0xEF, 0x71, 0xFB, 0xE6, 0x3C, 0xBD, 0x31, 0xCF, 0xAF, 0xE3, 0xE6, 0x96, 0x97,
    0x1B, 0x9E, 0xEF, 0x4F, 0xCE, 0xF7, 0x3E, 0x63, 0xE4, 0x86, 0xD4, 0x5D, 0x6E, 0x90, 0x9D, 0x36,
    0x1F, 0x88, 0xB2, 0x74, 0x3C, 0x4B, 0xAE, 0x28, 0xE5, 0xD3, 0xB7, 0xBD, 0xFF, 0x9E, 0x24, 0x7E,
    0x41, 0xC3, 0x80, 0x47, 0xC8, 0xCC, 0xF7, 0x1D, 0xD1, 0xDB, 0xF8, 0x03, 0x4E, 0x75, 0x15, 0xBA,
    0x5B, 0x8D, 0x0A, 0xDE, 0x2B, 0x0F, 0x6D, 0xFC, 0xFA, 0xEA, 0x78, 0xBE, 0xF1, 0xD8, 0x6C, 0x3A,
    0xDE, 0xF8, 0xDD, 0x7A, 0xC0, 0xA9, 0xF6, 0x7C, 0xC6, 0x1D, 0xDC, 0xCA, 0xFF, 0xF3, 0xDD, 0x6C,
    0x39, 0xFA, 0x5C, 0x70, 0xD5, 0x41, 0x99, 0xF0, 0x38, 0x1A, 0x39, 0xD9, 0x59, 0x57, 0xA9, 0x84,
    0x38, 0x89, 0x64, 0x79, 0xDD, 0xCB, 0xB9, 0x77, 0x6A, 0xBA, 0x3E, 0x57, 0x64, 0x6F, 0xDD, 0x03,
    0xFC, 0xF9, 0xE5, 0x87, 0xE1, 0x91, 0xC8, 0xA0, 0x93, 0x16, 0xF8, 0x92, 0xBE, 0x88, 0x78, 0x02,
    0xE1, 0x53, 0x7B, 0xAB, 0x22, 0x4A, 0x4E, 0x1A, 0x99, 0x12, 0x40, 0xC9, 0x1D, 0x2F, 0xF5, 0x83,
    0xFA, 0x2C, 0xF2, 0xC1, 0x02, 0x65, 0xCA, 0xAD, 0xE6, 0xAC, 0x34, 0xF4, 0xEC, 0x14, 0x69, 0x95,
    0x4A, 0x7F, 0xF9, 0x0B, 0xBC, 0x3E, 0xF8, 0x5F, 0xBC, 0xD5, 0x37, 0x90, 0xE4, 0xC6, 0x19, 0xC5,
    0xF1, 0x3F, 0x00, 0xEA, 0x20, 0x09, 0x01, 0xE4, 0xBD, 0x04, 0x66, 0xF2, 0x42, 0x28, 0xB7, 0xB7,
    0x8D, 0x3C, 0x21, 0x13, 0xD9, 0x48, 0x99, 0xBC, 0x94, 0x17, 0xCD, 0x20, 0x92, 0xF7, 0x26, 0x95,
    0xF7, 0xDE, 0xDB, 0x3D, 0x02, 0x14, 0xF3, 0x22, 0xF2, 0xE4, 0x20, 0x1F, 0x12, 0xAA, 0x9A, 0xAA,
    0x83, 0x58, 0x98, 0x7E, 0xEA, 0xAF, 0x00, 0x4C, 0xCD, 0xF2, 0x46, 0xDC, 0x73, 0xC5, 0xB7, 0xE8,
    0x57, 0xBF, 0xC5, 0xB4, 0x59, 0x3B, 0x20, 0xA9, 0x49, 0xDB, 0x5B, 0xBB, 0x32, 0xB5, 0x4E, 0x6D,
    0xA3, 0x5A, 0x42, 0x9E, 0x66, 0xA4, 0xFC, 0x02, 0xB6, 0xA1, 0xBD, 0x3C, 0x8F, 0x2E, 0x8C, 0x6D,
    0x18, 0x53, 0x18, 0xB2, 0xD1, 0x86, 0xD1, 0x91, 0x5E, 0x1D, 0x48, 0x1F, 0x09, 0xE3, 0xE1, 0x91,
    0xB4, 0xB5, 0xF1, 0x87, 0x83, 0xF1, 0x9B, 0x30, 0x86, 0x79, 0x3C, 0xDC, 0x65, 0xFA, 0x8B, 0x9D,
    0x42, 0xA3, 0x1A, 0x09, 0xE4, 0xB1, 0x93, 0xEC, 0xA8, 0x39, 0xCF, 0xB3, 0x7A, 0xE9, 0x68, 0xA5,
    0xD1, 0x2A, 0x74, 0x22, 0xF9, 0xB0, 0x93, 0x7C, 0x65, 0x5D, 0x11, 0xBA, 0xC3, 0xBA, 0xBD, 0xC3,
    0xDD, 0x8C, 0xD1, 0x8F, 0xDB, 0x44, 0x63, 0xAE, 0x36, 0xD7, 0xD6, 0x59, 0x0F, 0x8D, 0xEA, 0x5C,
    0x9D, 0x44, 0xAE, 0x5A, 0x3B, 0xE2, 0x91, 0xCD, 0x16, 0xE0, 0x25, 0x15, 0xDC, 0xEC, 0xD7, 0x1C,
    0x8D, 0xD8, 0x29, 0xD6, 0x1F, 0x55, 0xE8, 0xC7, 0x64, 0x2D, 0xF5, 0x36, 0xE7, 0x1F, 0x84, 0xFE,
    0xC7, 0x53, 0xF0, 0x35, 0xBF, 0x0A, 0x4E, 0x6E, 0xE4, 0xBA, 0xF4, 0x85, 0x13, 0x37, 0x9E, 0x68,
    0x72, 0x9D, 0x77, 0x3C, 0x78, 0x99, 0x07, 0x4F, 0xB8, 0x72, 0xC2, 0x74, 0x12, 0x8F, 0x27, 0xE9,
    0x70, 0x52, 0xB6, 0xCE, 0xE3, 0x7A, 0x80, 0x53, 0xBB, 0xA2, 0x53, 0x8A, 0xD3, 0x58, 0xA7, 0xA5,
    0x9C, 0x64, 0x97, 0x2F, 0x5D, 0x57, 0x9E, 0x72, 0xEC, 0x8A, 0x74, 0x5A, 0x1C, 0x4C, 0xEB, 0xCB,
    0xCB, 0x94, 0xCF, 0xA2, 0x64, 0xB9, 0xB8, 0x1F, 0xE0, 0xEC, 0xB0, 0xEE, 0xE5, 0xEC, 0x2E, 0x46,
    0xCE, 0xCE, 0x42, 0x35, 0x53, 0x28, 0x85, 0xCA, 0x35, 0x32, 0x4A, 0x35, 0xD2, 0x44, 0x2C, 0x9D,
    0x51, 0x6A, 0x38, 0x43, 0x9E, 0x50, 0x63, 0x28, 0x6F, 0xD5, 0x59, 0xB1, 0xD6, 0xEB, 0xD6, 0x0D,
    0xAC, 0x32, 0x85, 0x6A, 0xD4, 0xA1, 0x00, 0x2B, 0x0A, 0x6D, 0xCF, 0x02, 0xAA, 0xC3, 0x0D, 0xFA,
    0x65, 0xED, 0xFB, 0xAC, 0x38, 0xAC, 0xEF, 0x30, 0x27, 0xAA, 0x59, 0x92, 0x8C, 0xAB, 0xF2, 0xBD,
    0xCA, 0x61, 0x55, 0x33, 0x2D, 0x88, 0xA5, 0x75, 0xDA, 0x6E, 0xD3, 0xCE, 0x72, 0xDB, 0x62, 0x3B,
    0x4B, 0x5D, 0xEA, 0xB1, 0x64, 0xAA, 0x50, 0x6B, 0x72, 0x13, 0xB8, 0x11, 0x5B, 0x39, 0xCC, 0xF7,
    0x29, 0x54, 0x43, 0xA4, 0x21, 0x8C, 0x1D, 0x80, 0x53, 0x55, 0xE8, 0xAA, 0x42, 0xAE, 0x69, 0x74,
    0x3E, 0x37, 0x0D, 0xCD, 0x98, 0xF7, 0xB3, 0xB2, 0x21, 0x65, 0x49, 0xCD, 0x0D, 0x26, 0xD5, 0x92,
    0xEE, 0x98, 0x38, 0xFE, 0x4D, 0x6E, 0x5A, 0xCA, 0x59, 0x02, 0xD7, 0x1A, 0x92, 0x1D, 0x14, 0x03,
    0xCB, 0x82, 0x74, 0x32, 0xB9, 0x1E, 0x22, 0x99, 0x9A, 0xDA, 0xAA, 0x85, 0xC4, 0x43, 0xF4, 0x01,
    0xF5, 0x90, 0xEF, 0x3E, 0xA0, 0x90, 0x2D, 0x6C, 0x64, 0xD1, 0xB4, 0xE8, 0xF1, 0xAF, 0x0A, 0x9C,
    0xFC, 0x57, 0xE7, 0x75, 0xAF, 0xA9, 0xB0, 0x38, 0xD6, 0xBC, 0x08, 0x8B, 0xAB, 0x80, 0x59, 0xF5,
    0xAD, 0x29, 0xD6, 0x9C, 0xF1, 0xA8, 0xF6, 0xF3, 0xEE, 0x90, 0xB4, 0xA6, 0x3F, 0x26, 0xC0, 0x75,
    0x2C, 0x69, 0xEA, 0x55, 0x82, 0x67, 0x61, 0x89, 0x27, 0xA2, 0x09, 0x4B, 0x3A, 0x12, 0x79, 0x2C,
    0xF9, 0xB0, 0x4E, 0x2D, 0xBB, 0x75, 0xF9, 0xA6, 0x9E, 0xEF, 0x83, 0x58, 0x7E, 0x0B, 0xF1, 0x64,
    0xE5, 0x81, 0x6C, 0xBB, 0xBE, 0x50, 0xF4, 0xC0, 0xF3, 0x9B, 0x16, 0x5C, 0xFB, 0xF6, 0x9F, 0x4B,
    0xEA, 0x88, 0x34, 0x67, 0x20, 0x39, 0xF7, 0xD3, 0x78, 0xFC, 0x2B, 0x24, 0x13, 0xF8, 0xAF, 0x60,
    0xF1, 0xAC, 0xD9, 0x72, 0x90, 0x5C, 0x16, 0xFD, 0x3F, 0xB5, 0x00, 0x9B, 0x1B, 0xD5, 0x85, 0xFB,
    0xDD, 0x68, 0x9A, 0xF5, 0x3B, 0x3A, 0x2E, 0x2C, 0xF9, 0x13, 0xF5, 0xFC, 0xBD, 0x5C, 0x75, 0xB3,
    0xDA, 0xB0, 0x4A, 0x7B, 0xF9, 0x55, 0xC9, 0xF4, 0x3C, 0x4C, 0xEF, 0xA7, 0xD8, 0x6E, 0xBA, 0xA8,
    0x02, 0x68, 0x7A, 0x79, 0x03, 0x99, 0x2A, 0x7B, 0xAE, 0x40, 0x34, 0xFF, 0x1B, 0x74, 0x44, 0x4D,
    0x28, 0x62, 0x79, 0x9C, 0x76, 0x00, 0x85, 0xDA, 0x42, 0x35, 0x96, 0xA6, 0xCA, 0x96, 0x67, 0x69,
    0x06, 0x69, 0x0F, 0xCF, 0xAC, 0x1D, 0xCC, 0xCC, 0x3B, 0x23, 0xD9, 0x01, 0xBB, 0x3D, 0xF3, 0x96,
    0xE3, 0x7C, 0x96, 0xF1, 0x6E, 0x63, 0x34, 0x1A, 0xAF, 0x40, 0x51, 0x33, 0x19, 0x77, 0x14, 0xD2,
    0xF4, 0x50, 0x60, 0x3C, 0x62, 0x74, 0x81, 0xE9, 0x80, 0xB1, 0x7C, 0xB4, 0x0B, 0x9F, 0x81, 0x63,
    0xCC, 0x03, 0xCB, 0x36, 0x30, 0x1A, 0xB3, 0xC7, 0x3A, 0xE7, 0x80, 0x07, 0xA3, 0x31, 0x51, 0xE7,
    0x76, 0xC0, 0x95, 0x78, 0x9B, 0x84, 0xBB, 0x6F, 0x02, 0xA6, 0x78, 0xBB, 0x1E, 0x3C, 0x25, 0xC3,
    0xF5, 0x8C, 0xC6, 0x99, 0xBF, 0x80, 0x78, 0x9B, 0xF6, 0x14, 0xAD, 0x9B, 0x20, 0x19, 0xB2, 0x9E,
    0xA6, 0x75, 0x32, 0xE6, 0x5D, 0xAA, 0xD6, 0xB9, 0x96, 0x74, 0xCA, 0xDB, 0x32, 0x30, 0x1F, 0x48,
    0x94, 0xB7, 0x7A, 0xB4, 0x75, 0xC9, 0x04, 0x8D, 0x3E, 0xEE, 0xF3, 0xD6, 0x45, 0x1E, 0x4A, 0x25,
    0xDB, 0xB0, 0x03, 0x0D, 0xA4, 0x8A, 0xBB, 0xB2, 0x76, 0x9C, 0x00, 0xAA, 0x70, 0x81, 0x18, 0x3B,
    0x1C, 0x46, 0x62, 0x6D, 0x69, 0x66, 0x26, 0xD7, 0x26, 0x7C, 0xE0, 0x5D, 0x90, 0xFF, 0x55, 0xF1,
    0x14, 0x58, 0x40, 0xD9, 0x3E, 0x98, 0x8E, 0xC6, 0x8A, 0xA6, 0x7A, 0x5D, 0x31, 0x04, 0x96, 0x55,
    0xEC, 0xA1, 0xE9, 0x8C, 0x64, 0x13, 0xB1, 0xED, 0x6C, 0x1F, 0x03, 0xF9, 0x0E, 0x9C, 0x3C, 0x45,
    0x4D, 0x36, 0x40, 0xA1, 0x89, 0x67, 0x40, 0x5C, 0xC3, 0x25, 0xF5, 0x9C, 0xCB, 0xD9, 0x0A, 0xBF,
    0xA2, 0x59, 0xE1, 0x2A, 0x40, 0x4B, 0xFC, 0xF5, 0xD8, 0x31, 0xE7, 0x49, 0x51, 0xCA, 0x32, 0x78,
    0x16, 0x70, 0x80, 0x1A, 0x48, 0x6E, 0x14, 0xB2, 0x1C, 0x47, 0x8D, 0xE5, 0xC9, 0x21, 0x8B, 0x5F,
    0xA1, 0x3D, 0xD6, 0x39, 0xCD, 0xCD, 0x42, 0xB2, 0xDC, 0xC0, 0x86, 0xEF, 0xE7, 0x7C, 0x1E, 0xDC,
    0xAB, 0xE1, 0xFA, 0xB7, 0xEC, 0xB2, 0xB5, 0x76, 0x5A, 0xD2, 0x1E, 0x15, 0x73, 0x8A, 0x8B, 0xB4,
    0x2C, 0xB9, 0x5A, 0xB3, 0xA8, 0x85, 0x72, 0x56, 0xBD, 0x3C, 0x4C, 0xEF, 0xC6, 0x12, 0x89, 0x68,
    0x87, 0x25, 0x9B, 0x40, 0x95, 0xA9, 0xEC, 0xC1, 0x85, 0x31, 0x7F, 0x9E, 0x8F, 0x40, 0xEA, 0xDF,
    0xFD, 0x73, 0xC9, 0x03, 0x6E, 0xBF, 0x4B, 0x29, 0x7B, 0xA7, 0xB6, 0xC9, 0x45, 0x78, 0xC3, 0x86,
    0xAC, 0x5B, 0xBF, 0xA3, 0xF8, 0xC2, 0x47, 0x94, 0xE6, 0x0C, 0x87, 0x6A, 0x66, 0xF5, 0xB7, 0xF5,
    0xC8, 0x6B, 0xB4, 0xA4, 0x3B, 0x26, 0xE2, 0x6F, 0xF0, 0x1A, 0xF8, 0x01, 0x90, 0x0C, 0xB8, 0x8A,
    0xE9, 0x22, 0x5D, 0xF0, 0x08, 0xBD, 0xC1, 0x5D, 0x2C, 0x25, 0xA6, 0x63, 0x71, 0x5A, 0x52, 0x1F,
    0x55, 0x05, 0x36, 0xDC, 0x45, 0xBA, 0x47, 0xB2, 0x34, 0x35, 0xC5, 0xAC, 0x9A, 0x43, 0xB5, 0x36,
    0xAF, 0xBC, 0xB3, 0x6A, 0xB4, 0x6A, 0xA3, 0x6A, 0x91, 0xDB, 0x61, 0x09, 0x82, 0x1B, 0x11, 0x97,
    0x96, 0xE7, 0x4A, 0x34, 0xE5, 0xC3, 0xD3, 0x31, 0x34, 0x3E, 0x1B, 0x9C, 0xBD, 0x22, 0x29, 0x1B,
    0x36, 0x2D, 0x59, 0x40, 0x97, 0x0D, 0xC5, 0x40, 0x2E, 0xF5, 0x64, 0x43, 0x3A, 0x91, 0xFB, 0xAF,
    0x77, 0x41, 0x91, 0x78, 0x1A, 0xB9, 0x89, 0xA6, 0x66, 0x51, 0xD9, 0x62, 0x4A, 0x07, 0xF2, 0x6A,
    0x15, 0x3C, 0x41, 0x89, 0xC9, 0x69, 0xC9, 0x78, 0x4C, 0xF3, 0xBC, 0x71, 0x5D, 0x11, 0x4F, 0x07,
    0xBA, 0x3C, 0x2B, 0x9A, 0xD8, 0xCC, 0x62, 0xC2, 0x63, 0x8A, 0xEA, 0x5D, 0x3C, 0x99, 0xFE, 0xA5,
    0xD6, 0x27, 0xA3, 0x49, 0x6A, 0x95, 0x0F, 0xF0, 0x52, 0x49, 0x75, 0xE3, 0x3A, 0x4A, 0xC9, 0xD7,
    0x6C, 0x9A, 0x1A, 0x27, 0xF5, 0xE0, 0xBC, 0x8D, 0x7B, 0x3A, 0x70, 0x13, 0xBC, 0xA1, 0xB2, 0xFD,
    0xCA, 0x01, 0xC0, 0xB4, 0xE9, 0xB8, 0xD7, 0x44, 0xAC, 0x9E, 0x3F, 0x98, 0xC8, 0x35, 0x70, 0x66,
    0xC2, 0x5D, 0xDB, 0x32, 0x99, 0x62, 0x3D, 0x32, 0xCD, 0x2A, 0x7C, 0xE4, 0x67, 0x69, 0x44, 0xD5,
    0x08, 0x45, 0xA7, 0x16, 0xF7, 0xEF, 0x6D, 0x24, 0x75, 0x97, 0xA1, 0xD0, 0x80, 0xD4, 0x02, 0xA9,
    0x7A, 0x1A, 0x8F, 0x45, 0x35, 0x73, 0xD6, 0x87, 0x79, 0xF4, 0x87, 0xBD, 0xA6, 0x55, 0xEC, 0xF6,
    0xF2, 0x7B, 0x35, 0x7B, 0x39, 0xF6, 0xAA, 0x56, 0x3D, 0x0F, 0x4C, 0x91, 0x2C, 0x83, 0x93, 0xFE,
    0x73, 0x44, 0xC3, 0xC1, 0xB9, 0xE7, 0xF4, 0x05, 0x13, 0x69, 0x4F, 0x34, 0xCD, 0x1A, 0x88, 0x67,
    0x25, 0x87, 0x4A, 0xC6, 0x59, 0xDB, 0x70, 0x99, 0xDE, 0x13, 0x8F, 0x76, 0x9B, 0x4C, 0x43, 0x34,
    0xD9, 0x22, 0x72, 0x0D, 0x98, 0xB8, 0x24, 0xF5, 0x4C, 0x36, 0xDB, 0xE9, 0xBF, 0xB0, 0x23, 0xEF,
    0x82, 0x7A, 0x4C, 0x2D, 0xE5, 0xA7, 0x83, 0x1E, 0x32, 0xD9, 0x0C, 0xFE, 0x57, 0xCC, 0xFD, 0x03,
    0xEB, 0x6D, 0x5C, 0x8B, 0x01, 0x3F, 0xC0, 0x52, 0x84, 0xFC, 0xE0, 0xA7, 0xE5, 0x4C, 0xF4, 0x66,
    0xFC, 0xFE, 0xE4, 0x81, 0x85, 0x0B, 0xC5, 0x8F, 0x1E, 0xB8, 0x48, 0xA1, 0xE2, 0x92, 0x0B, 0xCB,
    0x33, 0x49, 0x91, 0xC2, 0x2A, 0xA2, 0xA4, 0x74, 0xDA, 0x97, 0x97, 0x99, 0xBC, 0x2E, 0xC9, 0x8C,
    0x45, 0xC0, 0x64, 0xE1, 0x22, 0x85, 0x58, 0xBC, 0x94, 0x99, 0x68, 0x26, 0xCE, 0x8C, 0x47, 0x29,
    0xEC, 0xC2, 0x4D, 0x32, 0xE4, 0x87, 0x95, 0x58, 0xB8, 0x50, 0x61, 0xC8, 0x2A, 0x54, 0xBC, 0xC2,
    0x90, 0xE5, 0x8C, 0x93, 0xE7, 0x82, 0x2B, 0x5E, 0xD8, 0x77, 0xA9, 0xBB, 0xC0, 0xC9, 0x9E, 0xB3,
    0x7F, 0xEE, 0x25, 0xF5, 0x7D, 0xBA, 0x94, 0xC5, 0xE4, 0x61, 0x24, 0xF2, 0x37, 0x97, 0xF8, 0xFE,
    0x60, 0x0F, 0x76, 0xB1, 0xE7, 0x2C, 0x70, 0x47, 0x68, 0xA2, 0x7A, 0x68, 0x87, 0x20, 0x05, 0xAA,
    0xCB, 0x82, 0xA8, 0xEE, 0x4C, 0x7D, 0xD4, 0x75, 0xD8, 0x45, 0x01, 0xB8, 0x27, 0x14, 0x7A, 0xE6,
    0x0A, 0x32, 0x49, 0x62, 0x52, 0x8D, 0x3A, 0xA5, 0x7D, 0x1B, 0xE4, 0xED, 0xDF, 0x03, 0xC0, 0xFF,
    0x20, 0x70, 0x2C, 0x36, 0x12, 0xC7, 0x62, 0x65, 0x8D, 0xF1, 0xE7, 0x1C, 0x81, 0x32, 0x6A, 0x80,
    0xD2, 0xA6, 0xF4, 0x45, 0x2C, 0xF1, 0x6C, 0x5F, 0x2B, 0x93, 0x44, 0xDD, 0xCA, 0xB1, 0x24, 0x89,
    0x8F, 0x34, 0x8B, 0x3A, 0x51, 0x0F, 0x2C, 0xA5, 0x61, 0x0C, 0xEA, 0x27, 0xD8, 0x05, 0xE1, 0x0C,
    0x6B, 0x94, 0x01, 0xE7, 0x85, 0xF8, 0x51, 0xD6, 0xAF, 0x4F, 0x4D, 0x19, 0xF4, 0xE0, 0xA1, 0x15,
    0xD6, 0x4B, 0xD7, 0x0F, 0x66, 0x27, 0x16, 0xD6, 0x07, 0xDA, 0x55, 0x86, 0xF5, 0x1E, 0xEC, 0xA8,
    0x4D, 0xDA, 0x41, 0x4E, 0xD0, 0xCB, 0x29, 0x4A, 0xB5, 0x3A, 0xAA, 0x1D, 0x07, 0x6A, 0x4F, 0x2F,
    0x89, 0xE0, 0x05, 0xA4, 0x2D, 0x48, 0x87, 0x54, 0xA3, 0x27, 0x09, 0xD2, 0x48, 0x92, 0xAB, 0xD7,
    0x46, 0x52, 0x48, 0x4D, 0x42, 0x1A, 0x51, 0x83, 0x20, 0x95, 0xD8, 0x1A, 0xAA, 0x34, 0x35, 0x5A,
    0x3A, 0xE9, 0x40, 0xD2, 0x40, 0xD1, 0x1B, 0x81, 0x94, 0xCC, 0xA8, 0x5B, 0xA8, 0x01, 0xE7, 0x5E,
    0x23, 0xFE, 0x5B, 0xEA, 0x8B, 0x0E, 0x61, 0xC4, 0x76, 0x01, 0x90, 0xEE, 0xEB, 0xD0, 0x3B, 0x49,
    0x49, 0xB1, 0xB9, 0x04, 0x00, 0xCF, 0x41, 0xD8, 0x1C, 0xC0, 0x67, 0x8A, 0x2F, 0xB7, 0xE6, 0x80,
    0x52, 0xE6, 0xB1, 0x47, 0x14, 0x0F, 0x7D, 0x48, 0x31, 0xB6, 0x2C, 0xB1, 0x47, 0x75, 0x96, 0x3C,
    0x13, 0x26, 0xB5, 0xA8, 0x63, 0xD6, 0xAB, 0xD0, 0x44, 0xDD, 0x44, 0x1B, 0x75, 0xD7, 0xAD, 0x71,
    0x3F, 0xE7, 0xFA, 0x8E, 0x55, 0x2E, 0xAE, 0xD5, 0x2C, 0x61, 0x9C, 0x1C, 0x62, 0xA7, 0x70, 0x15,
    0xB0, 0x1A, 0x9D, 0xBF, 0xF3, 0x90, 0x34, 0x42, 0xD2, 0xBD, 0xAC, 0xA3, 0xAC, 0x2B, 0x59, 0xF0,
    0xEC, 0x75, 0x41, 0x3C, 0x6A, 0x9E, 0x06, 0x1D, 0xD2, 0xE1, 0xD7, 0x72, 0xDB, 0x1F, 0x14, 0xC5,
    0x23, 0xB6, 0x9F, 0xD8, 0xA3, 0xDA, 0xA5, 0xC9, 0x20, 0xCF, 0xCC, 0x3B, 0x16, 0x7A, 0x11, 0x28,
    0x1E, 0xD0, 0xB3, 0x14, 0x1A, 0xD8, 0x11, 0x28, 0x1E, 0xB0, 0x12, 0x38, 0x1E, 0x8E, 0x40, 0xF1,
    0xF8, 0x26, 0x89, 0xE3, 0xF1, 0x0E, 0xCF, 0x64, 0x28, 0x1E, 0xB7, 0x59, 0x14, 0x0F, 0x41, 0xD2,
    0x52, 0xC7, 0xEB, 0x93, 0x56, 0x43, 0x50, 0xA3, 0x47, 0x08, 0x6A, 0xF5, 0xEB, 0x59, 0x47, 0x51,
    0x6A, 0xB8, 0x92, 0x05, 0x49, 0x5D, 0x16, 0x24, 0x8D, 0x59, 0x18, 0xF5, 0x6A, 0xB9, 0x46, 0x8D,
    0xE8, 0xA2, 0x14, 0x2E, 0x59, 0x03, 0x7D, 0x55, 0xE0, 0xED, 0x90, 0x44, 0x9C, 0x41, 0xED, 0x57,
    0xBC, 0xA6, 0x92, 0x14, 0x49, 0x9F, 0x49, 0x21, 0x6E, 0x0A, 0xFE, 0x15, 0x34, 0xAC, 0xF6, 0x96,
    0x85, 0x76, 0x20, 0x35, 0x83, 0xA3, 0xE3, 0x10, 0x0B, 0x48, 0xDD, 0xD3, 0xBE, 0x95, 0xF5, 0xE2,
    0xC1, 0x58, 0xAE, 0x34, 0xE0, 0xEA, 0x9D, 0x17, 0x42, 0x65, 0xE4, 0xBC, 0x72, 0x6A, 0x2B, 0x8C,
    0xF8, 0x90, 0xE2, 0x83, 0xB3, 0x58, 0xCA, 0x57, 0xBC, 0xD4, 0x89, 0x29, 0x1D, 0x8F, 0x94, 0xFD,
    0xE2, 0xC0, 0x71, 0x0A, 0xB5, 0x5B, 0x76, 0x34, 0x9E, 0xCC, 0x00, 0x9F, 0x2C, 0xF4, 0x66, 0xAD,
    0x86, 0xF2, 0xE1, 0xD2, 0x0E, 0xAA, 0x53, 0x1A, 0xC4, 0xC3, 0x45, 0x42, 0xAB, 0x47, 0x80, 0xFA,
    0x97, 0xCB, 0x25, 0xBF, 0x17, 0x02, 0xC8, 0x77, 0xE8, 0xFA, 0x73, 0x4C, 0x6F, 0x7C, 0xCB, 0x4B,
    0x70, 0xB5, 0xA9, 0x5C, 0xB8, 0xA6, 0x16, 0x05, 0x48, 0xBD, 0x22, 0xEB, 0x79, 0x92, 0xE0, 0x2B,
    0x20, 0x49, 0xA2, 0x8B, 0xEA, 0x3F, 0xC2, 0xA0, 0x12, 0x07, 0x9C, 0x58, 0xCD, 0x06, 0xCA, 0x92,
    0x0A, 0x5C, 0x40, 0x62, 0xE7, 0xD5, 0xA0, 0xA6, 0x34, 0x92, 0x44, 0x51, 0x51, 0xCE, 0x8B, 0xAF,
    0x34, 0xB5, 0xA1, 0xFD, 0x52, 0x69, 0xEE, 0x26, 0xA3, 0x03, 0x80, 0x1D, 0xA1, 0xB4, 0x49, 0x95,
    0x4B, 0x6A, 0x4C, 0xD2, 0xA8, 0xA3, 0x4A, 0xEC, 0xA2, 0xA4, 0x83, 0xA8, 0xDE, 0x44, 0x09, 0x1C,
    0x42, 0x5F, 0x58, 0xDA, 0x15, 0x82, 0x7E, 0x87, 0x26, 0xEA, 0x04, 0xBB, 0x94, 0x5E, 0x5A, 0x3F,
    0xA3, 0x89, 0xF5, 0x20, 0x7E, 0x6B, 0x81, 0x5D, 0x48, 0x3D, 0xBC, 0x26, 0x48, 0x85, 0xFF, 0xC5,
    0xAB, 0xC9, 0xC7, 0x3F, 0x4E, 0x5E, 0x1B, 0x42, 0xD8, 0xB9, 0xDD, 0x29, 0x0D, 0x0D, 0x9F, 0x5C,
    0xBB, 0xC6, 0xC0, 0x68, 0xBC, 0xEE, 0xED, 0x6A, 0x53, 0xE3, 0xE0, 0xE5, 0x76, 0x42, 0xF7, 0x8E,
    0x0F, 0x6A, 0x07, 0xAF, 0xE0, 0xEC, 0x25, 0xCC, 0x8E, 0x3F, 0x5A, 0x4C, 0x72, 0xF6, 0xBA, 0x0A,
    0x50, 0x5B, 0x3E, 0x03, 0xF8, 0x30, 0xD5, 0x10, 0xD4, 0x6B, 0x04, 0x56, 0x81, 0xDD, 0xCD, 0xA0,
    0x6A, 0x85, 0xA3, 0x20, 0x1A, 0xFC, 0x83, 0x70, 0x8A, 0xAA, 0x10, 0xA2, 0x94, 0x8B, 0x2A, 0x71,
    0x8E, 0x6A, 0x11, 0x58, 0x74, 0x28, 0x51, 0x0A, 0x87, 0x28, 0x69, 0x53, 0x0E, 0x58, 0x75, 0x8C,
    0xD2, 0x40, 0xDC, 0x84, 0x81, 0xE7, 0x3A, 0x9A, 0x06, 0x93, 0xA4, 0xA6, 0x92, 0xCA, 0x93, 0x92,
    0xFA, 0xE9, 0xA5, 0x10, 0xDD, 0x41, 0x9D, 0x7F, 0x45, 0x9D, 0x25, 0x6D, 0xD6, 0x9A, 0xD4, 0x60,
    0x92, 0xC2, 0x21, 0x4B, 0x47, 0xF5, 0x27, 0x26, 0x0A, 0x1F, 0xDA, 0xA8, 0x53, 0xBA, 0x44, 0x90,
    0xCA, 0x63, 0xF3, 0x93, 0x86, 0x25, 0x8E, 0xCD, 0xD5, 0x96, 0x55, 0xBF, 0x6F, 0xA0, 0xED, 0x48,
    0xF2, 0xBE, 0x01, 0xC5, 0x52, 0xB7, 0xBD, 0x80, 0xD4, 0x8B, 0xA4, 0x5D, 0xD6, 0x91, 0xD7, 0x8E,
    0xF5, 0x15, 0xAF, 0x95, 0x05, 0x5E, 0x2E, 0xA9, 0xCC, 0x12, 0x36, 0xA9, 0xA6, 0xB6, 0x64, 0x49,
    0x0A, 0x0B, 0xAB, 0xD5, 0x49, 0x6A, 0x48, 0xAA, 0x81, 0x95, 0xA2, 0x50, 0x74, 0x94, 0x19, 0xE6,
    0x78, 0xEC, 0x95, 0x42, 0xC4, 0xE1, 0xB0, 0x00, 0x9A, 0x8B, 0xA4, 0x10, 0xED, 0x61, 0x51, 0x3C,
    0xA2, 0xA4, 0xD7, 0x73, 0x59, 0x8A, 0xD5, 0x58, 0x2F, 0x4D, 0x6A, 0x57, 0x50, 0xCD, 0x4C, 0x52,
    0x08, 0x7D, 0x6D, 0x48, 0x3D, 0xEA, 0x5E, 0x38, 0xD2, 0x78, 0x3A, 0xF5, 0xC5, 0x4A, 0x3A, 0x3D,
    0x36, 0x3D, 0xA0, 0x57, 0x71, 0xFC, 0xB1, 0xED, 0xA1, 0xFF, 0xCE, 0x00, 0x3E, 0x1E, 0x66, 0x07,
    0xEA, 0xBF, 0x0C, 0x50, 0xBD, 0x6F, 0x5E, 0xDD, 0xC1, 0x9F, 0x35, 0x03, 0x50, 0x3C, 0x56, 0x00,
    0xAF, 0xC6, 0xC7, 0xC3, 0xB1, 0x94, 0x48, 0x1A, 0x85, 0x29, 0x58, 0x57, 0xEF, 0x09, 0x53, 0x5A,
    0xD2, 0xF5, 0x97, 0x85, 0x11, 0x0B, 0xE9, 0xC6, 0x15, 0x2F, 0xC3, 0xA2, 0x36, 0x65, 0x5D, 0xF7,
    0x92, 0x93, 0x97, 0x7E, 0x9D, 0xDB, 0x3E, 0x49, 0x0D, 0x24, 0xE7, 0x15, 0x0A, 0xAB, 0x5E, 0x0F,
    0x57, 0x16, 0xCD, 0xD3, 0x2D, 0x70, 0x4F, 0xF2, 0xBA, 0x0A, 0x71, 0xB3, 0x09, 0xE0, 0x9E, 0x56,
    0x15, 0xD2, 0xE6, 0x0E, 0x08, 0x60, 0x05, 0x35, 0x84, 0x98, 0x1D, 0x14, 0xCF, 0xA5, 0x9E, 0x54,
    0x95, 0x55, 0x67, 0xC9, 0x33, 0x21, 0x80, 0x63, 0xB5, 0xA8, 0xA3, 0x14, 0x9A, 0xA8, 0x1E, 0x5D,
    0xD4, 0xEA, 0x30, 0xCA, 0x39, 0xF5, 0x36, 0x4B, 0x2C, 0xAE, 0x89, 0x32, 0xAE, 0x2E, 0x2D, 0xA9,
    0x9E, 0x5D, 0x21, 0x58, 0xDC, 0x5C, 0x0B, 0x49, 0x0D, 0x94, 0xB8, 0x90, 0x46, 0xBA, 0x2C, 0xB1,
    0x76, 0x5E, 0x72, 0xF2, 0x7A, 0xF9, 0xC8, 0xAB, 0xD5, 0x5E, 0xEA, 0x45, 0x2F, 0xC5, 0x02, 0xAF,
    0xBE, 0x4B, 0x42, 0x88, 0x2A, 0x57, 0xD2, 0x0D, 0xAF, 0xCA, 0xD2, 0x54, 0x60, 0xE7, 0xD5, 0x18,
    0x2F, 0x5C, 0xBD, 0xD4, 0xC4, 0x91, 0xF1, 0xA2, 0xB4, 0xB9, 0x42, 0x03, 0x60, 0x4B, 0x80, 0x27,
    0xC7, 0xAB, 0x8B, 0xC4, 0x69, 0x4C, 0x97, 0x35, 0x65, 0x0D, 0xA4, 0x34, 0xF2, 0xB3, 0x84, 0x03,
    0xC5, 0xD1, 0x01, 0xB9, 0x24, 0xA9, 0x29, 0x09, 0xBB, 0xB8, 0x9F, 0x58, 0x01, 0xA0, 0x26, 0x49,
    0xFE, 0xC3, 0xC6, 0xBC, 0x18, 0xE4, 0x9A, 0xD4, 0x60, 0x92, 0xC2, 0x21, 0x4B, 0x47, 0xF5, 0xC7,
    0x71, 0xBE, 0x4B, 0xE3, 0x55, 0xD4, 0x89, 0x71, 0x41, 0xC2, 0x8F, 0x57, 0x61, 0x3F, 0xF1, 0x91,
    0xB9, 0x12, 0x44, 0xE3, 0x55, 0x90, 0xBC, 0x9F, 0xA4, 0x6E, 0x27, 0x8D, 0x22, 0xE9, 0x66, 0xD6,
    0x51, 0xD6, 0x8B, 0x59, 0xF0, 0xB9, 0xD4, 0xE8, 0x28, 0xC4, 0xA4, 0x31, 0x4B, 0x6D, 0x1E, 0xE7,
    0x46, 0xA9, 0xF4, 0xCA, 0xA7, 0x56, 0x8B, 0x71, 0x5B, 0xF6, 0x89, 0x7B, 0xE2, 0x83, 0x98, 0x7B,
    0xF7, 0x3F, 0xFB, 0xC0, 0x32, 0x0A, 0x94, 0xEF, 0x21, 0xAB, 0x76, 0x72, 0xEA, 0x27, 0x52, 0x6F,
    0xE4, 0xD4, 0x38, 0xEE, 0xAF, 0x83, 0x9C, 0x78, 0x0A, 0xD0, 0x72, 0x0A, 0x3D, 0x5A, 0xEA, 0xC2,
    0x24, 0x89, 0x93, 0xC2, 0x8E, 0x54, 0xA0, 0x53, 0x16, 0xE0, 0x32, 0xED, 0x64, 0x64, 0xD7, 0x73,
    0xFE, 0x53, 0x50, 0x5A, 0x1D, 0x7B, 0x65, 0x56, 0xDC, 0x70, 0x8E, 0xA8, 0x31, 0x82, 0xDE, 0x37,
    0xFD, 0x68, 0x88, 0x92, 0x16, 0x92, 0x26, 0xB8, 0xA8, 0x8A, 0xB3, 0x9C, 0xED, 0xF7, 0xC5, 0x24,
    0x30, 0x27, 0xE6, 0xE7, 0xF4, 0x08, 0xD2, 0x56, 0xEF, 0x79, 0xED, 0x33, 0x8E, 0x51, 0x9D, 0x3F,
    0xB8, 0xF9, 0xC5, 0x03, 0x13, 0xD4, 0xBF, 0xF1, 0xBE, 0x7B, 0x22, 0x5A, 0x15, 0x45, 0x4B, 0x93,
    0x5A, 0x8A, 0xD6, 0x42, 0x1A, 0xB5, 0x0C, 0xEB, 0xBF, 0x15, 0xD2, 0xA7, 0x21, 0x65, 0xDB, 0x96,
    0x44, 0x13, 0x46, 0x9C, 0x48, 0x35, 0xEA, 0x16, 0x81, 0x04, 0x1C, 0x37, 0x56, 0xBB, 0x34, 0x43,
    0x50, 0x39, 0x5F, 0x82, 0xBC, 0x89, 0x54, 0x59, 0xDC, 0x2F, 0xFE, 0x48, 0xF5, 0x8C, 0xF4, 0xF4,
    0x9F, 0x56, 0xB2, 0xBE, 0xB6, 0x67, 0x96, 0xFB, 0xCC, 0x44, 0xF1, 0x98, 0xB2, 0xDE, 0xE7, 0xB3,
    0xF7, 0x4C, 0x00, 0x59, 0xE5, 0x96, 0x4E, 0x55, 0x81, 0xA4, 0x96, 0xA5, 0xBD, 0x94, 0x57, 0x85,
    0x26, 0x9E, 0xDB, 0x12, 0xAD, 0x17, 0x92, 0x36, 0x9A, 0x54, 0x93, 0xDA, 0x4D, 0x75, 0x50, 0x3F,
    0xF4, 0x52, 0x3B, 0xEA, 0x50, 0xBF, 0xF4, 0xDA, 0xED, 0x68, 0xE0, 0x7F, 0xC7, 0xCB, 0xD1, 0x2C,
    0x69, 0x7C, 0xC5, 0xF2, 0x7C, 0x57, 0x17, 0x1B, 0x97, 0xBA, 0x76, 0x14, 0x76, 0xAF, 0x9A, 0x24,
    0x8D, 0x57, 0x33, 0x79, 0xA9, 0xC9, 0x4B, 0x69, 0x2F, 0x1C, 0xBC, 0x46, 0xD8, 0x81, 0xD8, 0xC0,
    0x6B, 0x47, 0xB3, 0x2B, 0x47, 0x3A, 0xF2, 0xEA, 0x0D, 0xE9, 0xAB, 0x5E, 0x4A, 0xA7, 0xE3, 0x7D,
    0xE1, 0xA2, 0xD6, 0x10, 0x59, 0x55, 0xD2, 0x88, 0x49, 0x0A, 0x4D, 0xD6, 0x90, 0x56, 0x3F, 0x8A,
    0xB3, 0x77, 0x71, 0xCF, 0x48, 0xD4, 0xCF, 0x8F, 0xB9, 0x6E, 0xB6, 0x4F, 0x00, 0x5B, 0x7A, 0x45,
    0x91, 0x25, 0xF6, 0xA8, 0xC2, 0x24, 0x89, 0x1A, 0xBE, 0x1B, 0x65, 0x00, 0x59, 0xED, 0xE8, 0x40,
    0x75, 0x24, 0x35, 0x6E, 0xD0, 0x6A, 0xD2, 0xCD, 0x5D, 0x3F, 0xC8, 0x99, 0xE4, 0x76, 0xED, 0x54,
    0x1B, 0x2F, 0x1F, 0x0F, 0x69, 0x84, 0xF5, 0xF2, 0xF1, 0x10, 0x73, 0xE9, 0xBC, 0x7C, 0x3C, 0x4A,
    0x0D, 0x9B, 0x97, 0x9C, 0xB8, 0x85, 0xBC, 0x94, 0x26, 0xDD, 0xF0, 0x1A, 0x81, 0x74, 0xD5, 0x6B,
    0x97, 0x8F, 0xE8, 0x28, 0xEB, 0xC5, 0xDF, 0xB3, 0x5D, 0x5E, 0xFB, 0x97, 0xEE, 0xC2, 0x78, 0xE4,
    0x21, 0xB4, 0x70, 0x17, 0x28, 0x56, 0xAD, 0x0E, 0x08, 0x40, 0x75, 0xD5, 0x39, 0xD1, 0xBF, 0x3C,
    0x26, 0xA8, 0x83, 0x3A, 0x12, 0xCF, 0xAA, 0x16, 0xAF, 0x99, 0x54, 0x04, 0x55, 0x2B, 0x14, 0x86,
    0x55, 0x23, 0x94, 0xA6, 0x07, 0x39, 0x53, 0x14, 0x44, 0xD2, 0x2C, 0xE6, 0x1D, 0x50, 0x39, 0x10,
    0x97, 0x28, 0xB5, 0xBA, 0x6A, 0x5A, 0x49, 0xBD, 0xC3, 0x5A, 0x73, 0x99, 0x6F, 0x75, 0xEA, 0x8D,
    0xA4, 0xF6, 0x3B, 0xDF, 0x23, 0x89, 0xDF, 0x3A, 0xA9, 0x4A, 0x4B, 0xFA, 0xD8, 0x5D, 0xBA, 0x29,
    0xA8, 0xF4, 0x57, 0x7F, 0xE8, 0xC0, 0x67, 0x14, 0x5E, 0x34, 0xF5, 0x0A, 0xAB, 0x05, 0xEA, 0x7B,
    0x5E, 0x72, 0xF6, 0x1A, 0x79, 0xB6, 0xAB, 0xA1, 0x1D, 0x6E, 0x90, 0x78, 0x32, 0x75, 0x8D, 0x44,
    0x93, 0xA9, 0x0E, 0x48, 0x08, 0x51, 0x3C, 0x99, 0x02, 0x12, 0x9D, 0xFE, 0x3D, 0x89, 0x53, 0x68,
    0x64, 0xD1, 0xD5, 0x72, 0x23, 0x95, 0xD8, 0xBD, 0x28, 0x1C, 0x49, 0x6E, 0xA0, 0x90, 0x55, 0x2F,
    0xD0, 0xA2, 0x21, 0x95, 0x1A, 0xD2, 0x12, 0x7B, 0xDA, 0x1C, 0xC0, 0x3F, 0xCA, 0x52, 0x5D, 0x16,
    0x24, 0xF5, 0x59, 0xBB, 0x2C, 0x97, 0x54, 0x64, 0x89, 0x10, 0xA3, 0x2C, 0xEA, 0x15, 0xFF, 0x2C,
    0xEB, 0xDB, 0x1A, 0xA0, 0x66, 0xB5, 0x2C, 0x9E, 0x8B, 0x41, 0x12, 0x92, 0x66, 0x10, 0x5B, 0xB9,
    0x06, 0xD5, 0xF8, 0x2D, 0x1B, 0x24, 0xF1, 0x6D, 0x73, 0x25, 0xCA, 0x5C, 0xB9, 0x1B, 0x1A, 0x0E,
    0x2D, 0x20, 0x4B, 0xB9, 0x15, 0x7A, 0x1D, 0x22, 0x33, 0x42, 0x63, 0x48, 0xF7, 0x9C, 0x1A, 0x2A,
    0x47, 0x72, 0xAE, 0x81, 0x72, 0xF3, 0x2A, 0xAD, 0x7B, 0x01, 0x60, 0xEC, 0xA4, 0x16, 0x86, 0xCF,
    0x1C, 0x2D, 0x75, 0x3D, 0x93, 0xA4, 0x91, 0xDE, 0xA4, 0x6A, 0x92, 0x5A, 0xB1, 0x44, 0xD7, 0xE8,
    0x1E, 0x52, 0x4D, 0xEB, 0x46, 0x54, 0xAB, 0xAF, 0x65, 0x5D, 0x8A, 0x52, 0x03, 0x7C, 0x5A, 0x5D,
    0x52, 0x0F, 0x49, 0x63, 0xAE, 0x64, 0x6D, 0x51, 0x88, 0x67, 0x35, 0x2D, 0x1B, 0xD5, 0x63, 0xBA,
    0x40, 0xEF, 0x9F, 0x03, 0xFF, 0x38, 0xA9, 0x5D, 0xA3, 0x6A, 0x44, 0x12, 0xE3, 0x57, 0xAC, 0x3F,
    0xA5, 0x37, 0x66, 0x21, 0x6E, 0x5D, 0x92, 0x83, 0xA0, 0xFF, 0x00, 0x24, 0x9E, 0xEF, 0x1E, 0x14,
    0xED, 0x17, 0x55, 0x67, 0x49, 0x9B, 0xB5, 0x26, 0x35, 0xC8, 0x7A, 0xEE, 0xC7, 0xA1, 0x8B, 0xBB,
    0xBF, 0xC2, 0x05, 0xD4, 0xE9, 0x04, 0x7F, 0xC2, 0x6B, 0x59, 0xE3, 0xF1, 0xC7, 0xA3, 0x07, 0xDE,
    0x01, 0x7C, 0xF8, 0x09, 0x22, 0xFE, 0x1F, 0x80, 0xE2, 0xD4, 0x6C, 0xF8, 0x09, 0xB7, 0xF0, 0xB1,
    0xF9, 0xEB, 0x1F, 0x40, 0x14, 0x00, 0xAB, 0x7E, 0x3F, 0x49, 0xDE, 0x4F, 0x52, 0xB7, 0x93, 0x46,
    0x91, 0x74, 0x33, 0xEB, 0x28, 0x69, 0x78, 0x31, 0xC9, 0x42, 0x92, 0xFB, 0xB4, 0x8A, 0xAC, 0xD2,
    0x06, 0xAD, 0x20, 0x96, 0x20, 0x3E, 0x77, 0x59, 0x23, 0xE2, 0x1C, 0xD4, 0x22, 0x0E, 0x50, 0xE4,
    0x39, 0x70, 0x61, 0x93, 0x4A, 0x92, 0x7A, 0x66, 0xA2, 0x5E, 0x71, 0x48, 0xE9, 0xBA, 0x97, 0x94,
    0x2A, 0xBD, 0x6B, 0x92, 0xC4, 0x33, 0xF1, 0xE2, 0x09, 0x47, 0x66, 0x8E, 0x52, 0xA7, 0x36, 0xE9,
    0x11, 0x75, 0xE5, 0x89, 0x67, 0x01, 0xE8, 0x35, 0x7B, 0x6D, 0x56, 0x75, 0x5C, 0xDD, 0x2A, 0x3E,
    0xB1, 0x2D, 0x00, 0x7A, 0x89, 0x87, 0xF6, 0x0F, 0xB3, 0x78, 0x17, 0x00, 0xF9, 0x73, 0x4B, 0xA3,
    0x3D, 0x0D, 0x55, 0xEF, 0x78, 0x09, 0xEB, 0xA5, 0x6E, 0x79, 0x55, 0x74, 0xF1, 0xEF, 0x4B, 0x2F,
    0x69, 0x14, 0xC0, 0x0D, 0x52, 0x33, 0xA9, 0x01, 0xBE, 0x4C, 0x52, 0x9A, 0x52, 0x0C, 0x12, 0x76,
    0xD2, 0xB0, 0x4A, 0x84, 0xCA, 0xB2, 0x2A, 0x07, 0x62, 0x65, 0x35, 0x0B, 0xED, 0x40, 0x1A, 0x79,
    0xED, 0xD1, 0x2B, 0x4C, 0xF3, 0x9D, 0x97, 0xE4, 0xF1, 0x60, 0xF5, 0xAA, 0x96, 0x10, 0x82, 0xC2,
    0x16, 0xDA, 0x0B, 0xAE, 0x7A, 0xF1, 0xEC, 0x2B, 0xB5, 0x24, 0xA8, 0xAC, 0xFE, 0x8B, 0x89, 0xDA,
    0x5E, 0xF1, 0xAC, 0x7E, 0x9F, 0x40, 0xD8, 0xD4, 0xA5, 0xEB, 0x5C, 0xA4, 0x94, 0x5B, 0x16, 0x76,
    0x97, 0x35, 0x6C, 0x1C, 0x05, 0x2D, 0x27, 0x08, 0xA5, 0xCA, 0xB9, 0x9A, 0xC1, 0x91, 0x3E, 0x59,
    0x84, 0x61, 0xED, 0xAC, 0x13, 0x4B, 0x41, 0xDA, 0x6C, 0x5F, 0xB8, 0xD2, 0x71, 0x14, 0x54, 0xE7,
    0x84, 0xE5, 0xB6, 0x6F, 0x06, 0x3E, 0xE5, 0xAB, 0x87, 0x56, 0x82, 0xAA, 0x4C, 0x8C, 0x82, 0x7A,
    0xD7, 0xC4, 0x28, 0xC8, 0x5F, 0x50, 0x8E, 0xF8, 0x0A, 0x89, 0xE2, 0x3E, 0x96, 0x5E, 0xDC, 0x6E,
    0x2B, 0xA9, 0x44, 0xEA, 0x1F, 0x24, 0xC0, 0x8E, 0xAE, 0xF8, 0x79, 0x36, 0x48, 0xAA, 0xD1, 0x44,
    0xB5, 0xBF, 0x59, 0xA3, 0xC6, 0x77, 0x70, 0x60, 0x09, 0x84, 0xD1, 0xB0, 0x1A, 0x07, 0xCD, 0xC6,
    0x42, 0x43, 0x65, 0x46, 0xAF, 0x8A, 0x76, 0x1A, 0xAD, 0x57, 0x19, 0x46, 0x4F, 0x8A, 0xC2, 0xB4,
    0xE7, 0x76, 0xCC, 0x76, 0xEF, 0x3D, 0x27, 0x49, 0x72, 0x7E, 0x2C, 0xFF, 0x30, 0xFB, 0xC4, 0xA3,
    0x0F, 0x6F, 0x5F, 0x4C, 0xC8, 0xDB, 0xB6, 0x57, 0x8F, 0x6F, 0x45, 0xF7, 0x4C, 0xB3, 0xA7, 0xEA,
    0x2C, 0x7B, 0x7A, 0x70, 0x96, 0x3D, 0x7D, 0xE0, 0x18, 0x65, 0xCE, 0x9E, 0xA4, 0x93, 0xD3, 0x38,
    0x91, 0xFA, 0x39, 0xE6, 0xBA, 0x02, 0xBB, 0xC7, 0x72, 0x5D, 0xCC, 0xB9, 0x6E, 0x83, 0x43, 0xCC,
    0x75, 0xCB, 0xB3, 0x9C, 0x49, 0x2D, 0xF2, 0x2C, 0x67, 0xDA, 0xF7, 0x9D, 0xBF, 0xF6, 0x56, 0xD8,
    0xCE, 0x52, 0xD7, 0xC7, 0x14, 0xBF, 0xDA, 0xD3, 0x6B, 0xEF, 0xBB, 0x9C, 0x7D, 0x06, 0xA4, 0x8D,
    0xD4, 0x0C, 0xA4, 0x3E, 0x85, 0xFF, 0x22, 0xB5, 0xA9, 0xFD, 0x7A, 0x15, 0x64, 0x61, 0x4C, 0xE2,
    0xFE, 0x85, 0x4B, 0x5E, 0x0E, 0x70, 0xA4, 0x10, 0x4E, 0xD2, 0xCA, 0xCB, 0xC9, 0x43, 0x90, 0x7A,
    0x40, 0xFD, 0x03, 0x1C, 0x00, 0xB6, 0xD4, 0x67, 0x78, 0x02, 0xD5, 0xDE, 0x77, 0x3C, 0x6D, 0xAD,
    0x6C, 0xAB, 0x91, 0x87, 0xD3, 0xC6, 0xB4, 0x5A, 0x69, 0xBA, 0x0A, 0x8C, 0xBA, 0xD5, 0xCD, 0x02,
    0x95, 0x29, 0x11, 0x5A, 0x5D, 0x6D, 0x50, 0x1B, 0xE9, 0xBC, 0x0A, 0xEA, 0xC5, 0xA3, 0xF1, 0x82,
    0xDE, 0xB6, 0x6F, 0xA3, 0x26, 0x49, 0x47, 0x73, 0x6A, 0x52, 0x69, 0x46, 0xB8, 0xCA, 0x02, 0x5E,
    0x88, 0x67, 0xC1, 0x25, 0xD6, 0x90, 0x56, 0xCD, 0x4B, 0x9B, 0xE5, 0xEA, 0x21, 0xA9, 0x99, 0x93,
    0x6A, 0x9B, 0x54, 0x6E, 0x41, 0x85, 0x83, 0x71, 0x48, 0x6A, 0xA7, 0x24, 0x99, 0x25, 0x3A, 0x6A,
    0x95, 0x38, 0xA8, 0x7C, 0x4A, 0x97, 0x7F, 0xC8, 0xD3, 0x45, 0xD8, 0x10, 0x79, 0x9C, 0xFD, 0x0B,
    0xC4, 0x28, 0x45, 0xFA, 0x01, 0x54, 0x2C, 0xBE, 0x8F, 0x6A, 0x83, 0xAF, 0xBD, 0x1A, 0x72, 0x47,
    0x6A, 0x3B, 0x56, 0x83, 0x54, 0x75, 0x22, 0x29, 0x5C, 0xA2, 0x6E, 0x60, 0x9A, 0x0A, 0xDE, 0x5D,
    0x31, 0xCA, 0xAD, 0x4A, 0xF3, 0x7C, 0xA7, 0x5C, 0xD6, 0x66, 0x66, 0x09, 0xB3, 0xD6, 0x3A, 0x14,
    0x2F, 0xE7, 0x55, 0x74, 0x10, 0x4A, 0xB2, 0x2B, 0xC4, 0xA5, 0xFD, 0x61, 0xCD, 0x2B, 0xB7, 0xAC,
    0x99, 0x42, 0x19, 0xCB, 0x6D, 0x3F, 0x3E, 0x62, 0x55, 0x06, 0xEE, 0x5E, 0x61, 0x09, 0xBE, 0x65,
    0x9D, 0xE5, 0xC0, 0x05, 0x15, 0x6B, 0x12, 0x60, 0x56, 0x3F, 0x24, 0xA9, 0x13, 0x1B, 0x25, 0xD1,
    0x44, 0x09, 0x9C, 0xA3, 0x60, 0x1C, 0x78, 0x56, 0xF5, 0xC7, 0x5D, 0x9A, 0xE7, 0xB4, 0x3A, 0x49,
    0x0D, 0x49, 0x3D, 0x24, 0x8D, 0x59, 0x5B, 0x52, 0xE9, 0x92, 0x04, 0xB7, 0x29, 0xA9, 0x62, 0xF1,
    0xAA, 0x07, 0xC9, 0x92, 0x1A, 0xEE, 0x79, 0x24, 0xA5, 0xD3, 0x2B, 0xC6, 0x8E, 0xC0, 0x77, 0x11,
    0xA5, 0xC2, 0x92, 0x70, 0x51, 0xAB, 0x58, 0x82, 0x1A, 0x84, 0xFF, 0x1A, 0x52, 0x49, 0x85, 0x83,
    0xF0, 0xDA, 0xBC, 0x4E, 0x27, 0x12, 0x8D, 0xD2, 0xC7, 0x26, 0xDE, 0x75, 0x8E, 0x7C, 0x79, 0x46,
    0xAA, 0xBC, 0x9B, 0x98, 0x5A, 0xC6, 0xCA, 0xA2, 0x65, 0x5D, 0xA1, 0xDD, 0xD2, 0xAC, 0x0A, 0x87,
    0x38, 0xAB, 0x12, 0x5B, 0x9A, 0x55, 0xD5, 0xCE, 0xAB, 0xE7, 0x36, 0x30, 0x69, 0x56, 0xD5, 0xEB,
    0x34, 0xAB, 0x42, 0x0F, 0xAE, 0x2C, 0xF2, 0x17, 0xE4, 0xB5, 0xA2, 0x7A, 0x81, 0x38, 0x83, 0x92,
    0xB3, 0x97, 0x25, 0xB5, 0x7C, 0x81, 0xCF, 0x5A, 0x58, 0x13, 0x1F, 0x6C, 0xAA, 0xC2, 0xB2, 0x6A,
    0xD2, 0x44, 0x2A, 0x46, 0xAF, 0x0E, 0x4A, 0x73, 0x41, 0x16, 0xC8, 0xE7, 0xE9, 0x41, 0xD1, 0xA6,
    0x2E, 0x10, 0xED, 0xDD, 0x1D, 0x14, 0x88, 0x98, 0xA7, 0xB0, 0xAA, 0xA8, 0x35, 0xA9, 0xC6, 0x74,
    0x43, 0x90, 0x44, 0x9D, 0x35, 0xC9, 0x89, 0xD5, 0xA2, 0x91, 0x9A, 0xA5, 0x36, 0x97, 0xE4, 0xB6,
    0xA8, 0x9D, 0x1B, 0xA3, 0x56, 0xA7, 0xB8, 0x0D, 0xE6, 0xF2, 0x91, 0xFB, 0x87, 0x2D, 0x8B, 0x32,
    0xC3, 0xA0, 0xEA, 0xE3, 0x74, 0x7F, 0x97, 0x7C, 0x2F, 0x4A, 0xB7, 0x6F, 0x27, 0xA9, 0x6F, 0xE6,
    0x35, 0xF5, 0x22, 0xA8, 0xD5, 0xD7, 0xA3, 0xD4, 0xF0, 0x95, 0x2C, 0x48, 0xEA, 0x92, 0x46, 0x48,
    0xC2, 0xA0, 0xE7, 0xA0, 0x5C, 0x83, 0x24, 0xA2, 0xCB, 0x5A, 0x82, 0x2A, 0xC4, 0xE1, 0x53, 0xEB,
    0x1F, 0xCF, 0x65, 0xA9, 0xE1, 0x59, 0x89, 0x57, 0x3D, 0x0E, 0x8A, 0x4F, 0xB4, 0x27, 0x55, 0x6D,
    0x21, 0xE6, 0x94, 0x0F, 0x26, 0x49, 0xD4, 0x41, 0x71, 0x96, 0x3B, 0xA4, 0x62, 0x03, 0xEB, 0xC6,
    0xEA, 0xA2, 0xEE, 0xB9, 0x35, 0xCA, 0xB9, 0x9B, 0x41, 0xE5, 0xE2, 0x8E, 0x82, 0x84, 0x71, 0x57,
    0x82, 0x38, 0x0B, 0x64, 0x49, 0x9D, 0xA4, 0x86, 0xA4, 0x1E, 0x92, 0x76, 0x59, 0x47, 0x59, 0x5F,
    0xFD, 0xFC, 0xAD, 0x71, 0xE1, 0xAA, 0x51, 0xDA, 0xB2, 0xB8, 0xC6, 0xF8, 0x07, 0xDC, 0x2E, 0x24,
    0xA9, 0x0F, 0x4B, 0xEA, 0xA7, 0x57, 0x35, 0x29, 0xC4, 0x8D, 0x34, 0x9A, 0xA8, 0x5F, 0xE0, 0x1C,
    0x85, 0x38, 0x87, 0xFD, 0x5A, 0xFC, 0x60, 0x86, 0xCA, 0xEB, 0x1D, 0xB4, 0xB4, 0x5E, 0xEB, 0x85,
    0xA8, 0x1F, 0x97, 0x85, 0x1E, 0xBF, 0x4D, 0x6A, 0xD7, 0x1A, 0x17, 0x49, 0x52, 0x28, 0x51, 0xB3,
    0x7A, 0x7C, 0xF7, 0x41, 0xD0, 0x88, 0xBF, 0x4C, 0x2B, 0xB7, 0x27, 0x0B, 0xA9, 0x9E, 0xCB, 0x93,
    0xDF, 0xBA, 0x20, 0x71, 0xBC, 0x6C, 0x41, 0xF5, 0x47, 0xCB, 0x75, 0xD6, 0x24, 0xEF, 0x2F, 0x2F,
    0x91, 0xE4, 0xD4, 0xDE, 0xE6, 0xEF, 0xFC, 0x2E, 0x6A, 0x25, 0x58, 0xF7, 0xB1, 0xDB, 0x82, 0xDE,
    0xF9, 0x01, 0x7C, 0x37, 0x1F, 0xDB, 0xCB, 0xAC, 0xE7, 0x3A, 0x78, 0xF3, 0x0A, 0x8B, 0xCE, 0x02,
    0x48, 0x5A, 0xB3, 0xDC, 0x13, 0x9A, 0x01, 0x04, 0x8B, 0x47, 0x29, 0x4B, 0x12, 0x24, 0x43, 0x82,
    0xD1, 0x8B, 0xAF, 0x1A, 0x39, 0xF7, 0xBB, 0x40, 0x7C, 0x76, 0x1E, 0x14, 0x6D, 0x6A, 0xAF, 0xA8,
    0xED, 0x0F, 0x0B, 0x44, 0x7E, 0x45, 0xE5, 0x92, 0xEA, 0x2D, 0x49, 0x62, 0x52, 0x83, 0x3A, 0xAA,
    0xC5, 0x99, 0x47, 0x1A, 0xCE, 0x3A, 0xA2, 0x6E, 0x5A, 0x17, 0xB5, 0xD9, 0x9B, 0xAD, 0xE6, 0xFD,
    0x3E, 0xB1, 0x47, 0xED, 0x40, 0xF2, 0x59, 0xC7, 0x15, 0xD2, 0x1F, 0x91, 0x80, 0x04, 0x50, 0xFF,
    0x3C, 0x49, 0xBE, 0x93, 0xA4, 0x6E, 0x25, 0xF5, 0x65, 0xD2, 0x8D, 0xAC, 0x6B, 0x49, 0xBF, 0xBA,
    0x94, 0xE4, 0xE0, 0x53, 0x2A, 0x82, 0xF4, 0x79, 0x95, 0x96, 0x45, 0xEB, 0x61, 0x0B, 0x29, 0x5C,
    0x3F, 0x48, 0x35, 0x69, 0x22, 0x15, 0xA4, 0x0E, 0x8A, 0x05, 0xCE, 0xB6, 0xE7, 0x3E, 0xD7, 0xBC,
    0x5D, 0x62, 0xDC, 0xE6, 0x7D, 0x7A, 0xDA, 0x77, 0x81, 0x3C, 0x29, 0x4D, 0x72, 0x8F, 0x89, 0xF7,
    0x2B, 0xBF, 0xA8, 0x90, 0xB7, 0x7D, 0xB2, 0x61, 0x09, 0x86, 0xC3, 0xFE, 0x78, 0xAE, 0x81, 0x39,
    0xD7, 0xF8, 0xD9, 0xF9, 0x5C, 0xA3, 0x4B, 0xB9, 0x46, 0x3F, 0x93, 0x46, 0x23, 0x27, 0xC9, 0xD3,
    0xAD, 0xB0, 0xAE, 0xA6, 0xCF, 0xAD, 0xAB, 0x55, 0x68, 0x3E, 0x95, 0x6B, 0xB4, 0x29, 0xD7, 0xB0,
    0x72, 0x08, 0x12, 0xFB, 0xDB, 0xEA, 0xE9, 0xD7, 0xCF, 0xC3, 0xA1, 0x98, 0x43, 0x8A, 0x75, 0x0B,
    0x56, 0x9B, 0xEE, 0x4A, 0x3C, 0x28, 0x6E, 0xAF, 0x20, 0x71, 0x26, 0x4C, 0xAA, 0x50, 0x47, 0xD5,
    0x38, 0x47, 0x49, 0x5C, 0xA2, 0x9A, 0xCD, 0x45, 0x29, 0x87, 0x59, 0x6A, 0x08, 0xDA, 0xB9, 0x56,
    0x07, 0x39, 0x27, 0x07, 0x56, 0x69, 0x5D, 0x05, 0x2C, 0xAE, 0x27, 0xB2, 0xEA, 0x2C, 0x39, 0x25,
    0xB5, 0x3A, 0x49, 0x75, 0x59, 0x90, 0xF4, 0xE5, 0x2C, 0x38, 0x28, 0x15, 0x24, 0x52, 0xF8, 0xF7,
    0xE8, 0x82, 0x76, 0x86, 0xFA, 0x4E, 0x92, 0x34, 0x49, 0x4A, 0x27, 0x8D, 0x43, 0x44, 0x99, 0x57,
    0x2F, 0x6B, 0xD2, 0x4A, 0x6A, 0x49, 0x8E, 0x34, 0x1A, 0x5E, 0x34, 0x8F, 0x0B, 0x46, 0x6A, 0xE6,
    0x56, 0xDB, 0xC2, 0xCC, 0xB2, 0xC0, 0x79, 0x1C, 0x04, 0xF2, 0x2B, 0xBB, 0x76, 0x69, 0x6C, 0x08,
    0x42, 0xBD, 0x8D, 0xB4, 0x1B, 0xF0, 0x93, 0x77, 0x5D, 0xFA, 0xB8, 0x2D, 0xA2, 0x46, 0x9C, 0x19,
    0x25, 0x6E, 0x23, 0x0E, 0x1E, 0xC5, 0x88, 0x73, 0x8D, 0x5B, 0x47, 0x58, 0x79, 0xE0, 0xFD, 0x9B,
    0x1E, 0x71, 0x28, 0xBA, 0x92, 0x67, 0xD7, 0x77, 0xE8, 0x0C, 0xBB, 0x8C, 0xA6, 0xB9, 0x03, 0x24,
    0xB8, 0x3C, 0x5F, 0xD0, 0x2F, 0xF7, 0xE9, 0xDC, 0x2B, 0x0A, 0xAF, 0x92, 0x55, 0xCD, 0x72, 0x92,
    0x9A, 0xD4, 0x4C, 0x72, 0x6A, 0x0C, 0xA9, 0x1F, 0xE4, 0x54, 0x39, 0xEE, 0x63, 0x7E, 0xBF, 0x82,
    0x0F, 0xCE, 0x79, 0xF1, 0x1C, 0x59, 0x19, 0x92, 0xDF, 0xB1, 0xC0, 0x81, 0x54, 0x5B, 0x2A, 0x33,
    0x93, 0x68, 0xA6, 0xF5, 0x13, 0x9A, 0x29, 0xC6, 0x19, 0x15, 0xDF, 0x5C, 0x7D, 0x85, 0x54, 0x9D,
    0x5B, 0xB9, 0xD5, 0xFF, 0x5F, 0x57, 0x6E, 0x7F, 0xF1, 0xD9, 0x2B, 0xB7, 0xE3, 0x67, 0xAE, 0xDC,
    0x16, 0xDC, 0x71, 0x9C, 0x17, 0x28, 0x4B, 0x91, 0x26, 0xD5, 0x38, 0x34, 0x69, 0xC5, 0xDD, 0xF6,
    0x69, 0xE5, 0xD6, 0x36, 0x3A, 0xCC, 0x54, 0xCA, 0xF9, 0x4B, 0x9F, 0x7A, 0x70, 0x72, 0xDE, 0xA7,
    0x2F, 0xD4, 0x06, 0x4F, 0x39, 0xCA, 0x9B, 0x7D, 0x02, 0x61, 0x52, 0x69, 0x82, 0xD5, 0x3E, 0x33,
    0x29, 0xC4, 0x75, 0x9F, 0x7A, 0xAF, 0x8A, 0x1F, 0x27, 0x88, 0xAA, 0xB3, 0xE4, 0x1E, 0x35, 0x36,
    0x49, 0xAD, 0x59, 0x98, 0xD4, 0xE3, 0x10, 0x85, 0x38, 0x45, 0x9D, 0x9E, 0x98, 0xA0, 0xF2, 0xF8,
    0xA1, 0x0D, 0x12, 0xC7, 0x66, 0x0D, 0xAA, 0x3E, 0x32, 0x77, 0x83, 0x7C, 0x16, 0xF8, 0x8F, 0x83,
    0x9A, 0xFB, 0x06, 0x82, 0xD4, 0xB7, 0x92, 0x46, 0x91, 0x74, 0x2F, 0xEB, 0x28, 0xEB, 0x4A, 0x16,
    0x3C, 0x2E, 0xF4, 0xDB, 0x61, 0x71, 0x0F, 0x3B, 0xA4, 0xB8, 0x15, 0x4F, 0xBD, 0x3E, 0x58, 0x20,
    0x6D, 0xEE, 0x80, 0xE2, 0x64, 0x38, 0x2B, 0x64, 0x7C, 0x07, 0xC5, 0xD7, 0x8A, 0x86, 0x55, 0x65,
    0xD5, 0x59, 0x92, 0x44, 0xC7, 0xC1, 0x6A, 0x59, 0xCD, 0x16, 0x34, 0x81, 0xC2, 0x8E, 0xC2, 0x2B,
    0x49, 0x1A, 0x14, 0xEB, 0x26, 0x1A, 0x50, 0x1D, 0x69, 0xDD, 0x5C, 0xB8, 0x92, 0x17, 0x8F, 0xDC,
    0x46, 0xE2, 0x55, 0xC1, 0x1E, 0xFA, 0x28, 0x05, 0x23, 0xA9, 0x7E, 0xCF, 0xFD, 0x21, 0x6C, 0x24,
    0xF9, 0xB6, 0xBB, 0x04, 0x6B, 0xCA, 0xFD, 0xF8, 0x00, 0x38, 0xF7, 0x2B, 0xF9, 0xEB, 0xDC, 0xF3,
    0x12, 0x96, 0x74, 0xE4, 0x55, 0x19, 0xD2, 0x55, 0x2F, 0x19, 0x8A, 0x18, 0x5E, 0xCD, 0xE4, 0x35,
    0x90, 0x94, 0x4E, 0x99, 0xE1, 0xD8, 0xA5, 0xCC, 0x10, 0x53, 0x76, 0x2C, 0x9C, 0x17, 0x92, 0x24,
    0xCD, 0xAB, 0x36, 0xD6, 0x0C, 0x15, 0x3A, 0x92, 0x18, 0xB8, 0x5C, 0xF2, 0xF8, 0x26, 0xE7, 0xCF,
    0x23, 0x81, 0x71, 0x1B, 0xF6, 0xE9, 0xDC, 0x2B, 0x8A, 0x1F, 0x93, 0x24, 0xDF, 0x51, 0xC1, 0x9A,
    0xF9, 0x2A, 0x2E, 0xE7, 0x70, 0xF9, 0xDB, 0x48, 0x6A, 0xF0, 0x1A, 0x49, 0x63, 0xC8, 0x77, 0xBD,
    0x56, 0x52, 0xAB, 0x69, 0x31, 0x3C, 0xE6, 0xCF, 0xB3, 0x58, 0x58, 0xFE, 0x67, 0xF5, 0x4C, 0xBA,
    0x44, 0xAF, 0x18, 0x9E, 0x62, 0x9C, 0x2C, 0xF7, 0xCC, 0xA0, 0x64, 0x9E, 0x41, 0xA9, 0x9F, 0xFD,
    0xDA, 0x06, 0xA1, 0xFC, 0x70, 0x63, 0x88, 0x55, 0xCE, 0xE3, 0x40, 0x92, 0x56, 0xCE, 0x6A, 0x26,
    0xA9, 0x59, 0xCE, 0x32, 0x3C, 0xDA, 0x3C, 0xC8, 0x59, 0xA0, 0x97, 0xE4, 0x6F, 0x8F, 0xB4, 0xA0,
    0xB1, 0x90, 0x5A, 0x0B, 0x02, 0x35, 0x89, 0x2E, 0x91, 0x08, 0xA4, 0x02, 0x97, 0xDE, 0xB2, 0x40,
    0xB9, 0x46, 0x07, 0x55, 0xCB, 0x97, 0x20, 0x08, 0xDE, 0x84, 0xA4, 0x74, 0xBF, 0x4F, 0xEA, 0x29,
    0x62, 0x26, 0x95, 0xA4, 0x25, 0xA9, 0x32, 0x49, 0x75, 0x96, 0x9C, 0xB3, 0xA6, 0xA4, 0x56, 0x27,
    0xA9, 0x33, 0x21, 0xDA, 0x90, 0x8B, 0x8F, 0x59, 0xD4, 0x40, 0xAC, 0xEF, 0xAD, 0xDC, 0x4F, 0x85,
    0xE5, 0x42, 0x89, 0x57, 0x65, 0xE9, 0xBF, 0xDA, 0xAB, 0xB6, 0x20, 0x43, 0x39, 0x48, 0x5A, 0x68,
    0xE8, 0xD2, 0xE0, 0xC5, 0xE7, 0x1F, 0x1D, 0x4E, 0xBB, 0xC1, 0x98, 0xD2, 0x7C, 0xCD, 0xCB, 0xD8,
    0xA4, 0x8F, 0xB7, 0x50, 0x61, 0x1B, 0xD1, 0x5D, 0x03, 0x40, 0xAF, 0xED, 0x11, 0x9D, 0x8E, 0xF4,
    0xFF, 0x66, 0xFB, 0x01, 0x84, 0x97, 0xF8, 0x9D, 0x6D, 0xC1, 0xAB, 0xA3, 0x4C, 0xE4, 0x05, 0xBE,
    0x17, 0x2B, 0xDC, 0x95, 0x42, 0xE9, 0x3F, 0xAF, 0x7F, 0x50, 0x70, 0x26, 0x50, 0xAC, 0xFE, 0x3F,
    0xCE, 0x30, 0x96, 0x24, 0xA4, 0xF1, 0x95, 0x24, 0x56, 0x61, 0xE1, 0x1A, 0xA9, 0xA6, 0x95, 0x8A,
    0xE7, 0x49, 0x8D, 0x81, 0x2D, 0x1F, 0x39, 0x06, 0xE1, 0x00, 0xFD, 0x40, 0x12, 0x1B, 0xFD, 0x98,
    0xD4, 0xF0, 0xAE, 0x24, 0x9E, 0xF3, 0x38, 0xAF, 0x12, 0x07, 0x7A, 0x4B, 0xAF, 0x50, 0x83, 0x5C,
    0x28, 0x0A, 0xDF, 0x80, 0x14, 0xA3, 0xF3, 0x63, 0xD8, 0xA5, 0x3C, 0x5E, 0xDD, 0xCB, 0x1A, 0xB3,
    0x94, 0x4E, 0x92, 0x26, 0xA9, 0x5A, 0x92, 0x4A, 0x9B, 0x04, 0x43, 0x16, 0x9C, 0x5B, 0x8F, 0x72,
    0xE7, 0xB5, 0xBE, 0x16, 0x04, 0x22, 0xAF, 0xD1, 0x9F, 0xA9, 0xDE, 0x92, 0x24, 0x76, 0x59, 0x3A,
    0xAA, 0xC1, 0x39, 0x4A, 0xA1, 0x49, 0x5A, 0x5D, 0xD4, 0xCE, 0xAD, 0x51, 0xAB, 0xEB, 0x83, 0xCA,
    0xDF, 0xBA, 0xA3, 0x20, 0x3F, 0x72, 0x41, 0x50, 0xFD, 0x61, 0x92, 0x7C, 0x3B, 0x49, 0x7D, 0x2F,
    0xA9, 0x2F, 0x92, 0x6E, 0x66, 0x1D, 0x65, 0x5D, 0xCA, 0x82, 0xA7, 0x10, 0x9D, 0x8A, 0x07, 0xC5,
    0xDB, 0x79, 0xD9, 0xA4, 0x6A, 0x4E, 0xAA, 0xCF, 0xA9, 0xE2, 0x0B, 0x53, 0x96, 0xCD, 0x32, 0x69,
    0x3F, 0xD4, 0x51, 0x02, 0x21, 0x4A, 0xBA, 0xA4, 0x9E, 0x7A, 0x2B, 0x7F, 0x36, 0x0E, 0x51, 0xF5,
    0x0A, 0x51, 0xCA, 0xC4, 0x2E, 0x5B, 0xE2, 0xC0, 0x32, 0xD0, 0xC4, 0x32, 0x9E, 0x2B, 0xE3, 0x98,
    0xD3, 0x6E, 0x49, 0x0A, 0x21, 0xAA, 0x7F, 0xA0, 0xBB, 0x86, 0x8B, 0x1B, 0xE3, 0x6F, 0x26, 0x50,
    0x9D, 0x12, 0x06, 0xF0, 0x23, 0x8A, 0xCC, 0x4E, 0x98, 0xE2, 0xD4, 0x9F, 0xF8, 0x1B, 0x38, 0x61,
    0xC4, 0xE9, 0x6C, 0x0A, 0x57, 0x90, 0x7E, 0x33, 0x0F, 0x62, 0x11, 0x4B, 0x65, 0xEA, 0xBF, 0xA5,
    0x81, 0x53, 0x98, 0xCA, 0xC8, 0x77, 0x67, 0x50, 0x54, 0x41, 0x31, 0x2D, 0xF5, 0x07, 0x90, 0xDE,
    0xAA, 0x9E, 0xCB, 0x15, 0xD4, 0x50, 0xCF, 0x63, 0x4D, 0x43, 0x54, 0xEF, 0xF7, 0xBD, 0xEE, 0x7F,
    0x3C, 0x01, 0xE5, 0x7A, 0xD7, 0xFC, 0xCE, 0x1D, 0xDF, 0xD7, 0xCE, 0xC7, 0x56, 0x9B, 0xA4, 0x76,
    0x82, 0x26, 0xA8, 0x1F, 0xA0, 0x65, 0x51, 0xFF, 0x54, 0x03, 0xA9, 0x72, 0x5E, 0x1D, 0xA9, 0xE5,
    0x12, 0x39, 0x09, 0xB5, 0x40, 0x24, 0x55, 0x1B, 0x25, 0x8B, 0xA4, 0x92, 0x9A, 0xC8, 0xF0, 0x83,
    0x06, 0xDD, 0xE3, 0xF1, 0x38, 0x28, 0x8E, 0xC7, 0x41, 0x71, 0xED, 0x6A, 0x8F, 0x0C, 0x84, 0xE7,
    0x0D, 0x0E, 0x89, 0xE2, 0xE1, 0x55, 0x05, 0x35, 0x41, 0x8D, 0x81, 0x66, 0x08, 0xC7, 0xEA, 0xA0,
    0x0D, 0x52, 0x1B, 0xB4, 0x5D, 0x48, 0x72, 0x11, 0x94, 0x97, 0x06, 0x18, 0x1F, 0x68, 0x05, 0x2C,
    0xFC, 0xF5, 0x1C, 0x73, 0xD3, 0xD3, 0x8F, 0x4C, 0x50, 0x79, 0xF2, 0xE1, 0x12, 0x24, 0x7E, 0x3D,
    0xC7, 0x2F, 0x53, 0x7D, 0x30, 0x77, 0xA4, 0xCA, 0xC8, 0x9F, 0xCE, 0x10, 0xD4, 0x7C, 0x3F, 0xA8,
    0x9E, 0x55, 0x95, 0xD4, 0x57, 0x33, 0x5F, 0x14, 0x7D, 0x3C, 0xAA, 0xB9, 0x62, 0x4D, 0xD7, 0x92,
    0x74, 0x6A, 0x97, 0x33, 0x35, 0x59, 0x6D, 0x96, 0x1A, 0xB2, 0xBA, 0xA4, 0x1E, 0x82, 0x2E, 0x01,
    0x46, 0x49, 0x5C, 0xA3, 0x6A, 0xB4, 0x51, 0x02, 0xEF, 0xC4, 0x9E, 0xD2, 0x74, 0xA9, 0xF7, 0xB4,
    0xC3, 0x17, 0xD1, 0x55, 0x56, 0xB1, 0xB4, 0xB7, 0xC2, 0xF5, 0xE3, 0x96, 0x6D, 0x07, 0xC7, 0xBA,
    0xBD, 0xB4, 0xC3, 0x2E, 0xC8, 0xB4, 0x43, 0xAC, 0xBC, 0x93, 0x06, 0x52, 0xE5, 0x45, 0xC7, 0x46,
    0xF5, 0xF6, 0x76, 0x08, 0xB9, 0x45, 0x3D, 0xB5, 0x43, 0x6D, 0xB8, 0xDE, 0xAE, 0xDB, 0x81, 0x17,
    0x12, 0x4C, 0x43, 0x5A, 0xA8, 0xDE, 0xDE, 0x0E, 0xED, 0x50, 0x3A, 0x50, 0x0E, 0x55, 0xD7, 0x0E,
    0x30, 0xC1, 0xCE, 0xF5, 0x18, 0xBE, 0xCB, 0xEA, 0xDA, 0x3F, 0xF7, 0xBA, 0x04, 0xC5, 0x23, 0xBA,
    0xDF, 0x87, 0xF6, 0xA4, 0x7A, 0x3B, 0x49, 0x0D, 0x54, 0x6F, 0x27, 0x8D, 0x20, 0xDF, 0x0B, 0xDA,
    0xA0, 0x79, 0x9B, 0x75, 0xCB, 0x41, 0xAC, 0xB7, 0x57, 0x16, 0xC6, 0x82, 0xD5, 0x18, 0xB8, 0x1E,
    0xA4, 0x34, 0x5C, 0x63, 0x15, 0xD8, 0xA5, 0x31, 0x7B, 0x85, 0x28, 0xB5, 0x44, 0x95, 0x38, 0x45,
    0xB5, 0x08, 0x41, 0x15, 0x2E, 0x41, 0x97, 0x11, 0x87, 0x20, 0x0E, 0x01, 0x4B, 0x6C, 0x5D, 0x90,
    0x2D, 0x06, 0x88, 0xA2, 0x3F, 0xDE, 0x4C, 0x12, 0xCB, 0xB3, 0x52, 0x8B, 0x88, 0x67, 0x92, 0xD3,
    0xE3, 0xA2, 0x2B, 0x7B, 0x92, 0x4B, 0xAA, 0xB7, 0x24, 0x19, 0xD6, 0xA2, 0x71, 0xF1, 0xD2, 0x51,
    0x0D, 0x9A, 0x28, 0x85, 0x36, 0xEE, 0xA7, 0x1E, 0xAD, 0x51, 0x3B, 0x3B, 0x46, 0xAD, 0x56, 0x7D,
    0x9B, 0x55, 0x3E, 0xB2, 0xAD, 0x64, 0x89, 0x8F, 0xED, 0x97, 0x83, 0xAA, 0x0F, 0xD3, 0xE7, 0xCA,
    0xF7, 0x92, 0xDA, 0xB7, 0x93, 0xD4, 0x37, 0x93, 0xFA, 0x22, 0xE9, 0x7A, 0xD6, 0xF3, 0x59, 0xF0,
    0xF4, 0x52, 0x48, 0x9B, 0x3B, 0xA0, 0x7C, 0xFD, 0xF8, 0xE1, 0x53, 0x3F, 0x79, 0xC0, 0x33, 0x49,
    0x7D, 0x48, 0x87, 0x5F, 0xAB, 0x10, 0xDD, 0x61, 0x41, 0xB5, 0xE7, 0x2E, 0x06, 0x69, 0xB3, 0xD6,
    0x32, 0x7E, 0xE7, 0x16, 0x93, 0x14, 0xDE, 0x4A, 0x3A, 0x9D, 0x40, 0x85, 0xF9, 0xD5, 0xB1, 0x89,
    0x3A, 0x7D, 0x68, 0x83, 0x8A, 0x13, 0x13, 0x25, 0x8E, 0xCD, 0x8F, 0x83, 0x7C, 0x66, 0x08, 0xA4,
    0xB8, 0x3E, 0xD8, 0x3F, 0x2E, 0xCA, 0x0C, 0x61, 0x47, 0xEA, 0x85, 0xD7, 0x46, 0xBA, 0x49, 0x5A,
    0x49, 0x47, 0x24, 0x47, 0x7A, 0xD1, 0xAB, 0x64, 0x81, 0x97, 0xB0, 0x5E, 0x3F, 0x21, 0x71, 0xBA,
    0x7B, 0x8F, 0x24, 0x67, 0xAF, 0xBB, 0x24, 0xA5, 0x93, 0x70, 0xF0, 0x72, 0x5E, 0x02, 0x21, 0xAA,
    0xE5, 0x0A, 0xA7, 0xF5, 0x92, 0x33, 0xC9, 0x78, 0x55, 0x1D, 0x40, 0x8D, 0x13, 0xEC, 0xDB, 0x4A,
    0x43, 0xE5, 0x86, 0xD4, 0xBA, 0x95, 0x49, 0x12, 0x36, 0xA9, 0x74, 0x49, 0xB0, 0x65, 0x8D, 0x59,
    0x7D, 0xD6, 0xD5, 0xA0, 0x22, 0xDD, 0xCF, 0xFF, 0xC9, 0x7F, 0x4B, 0xC2, 0x47, 0x59, 0x29, 0x0C,
    0x62, 0x5F, 0x8C, 0x5C, 0xD6, 0x06, 0x82, 0x4F, 0x03, 0x68, 0x30, 0x49, 0xA1, 0xCE, 0x9A, 0xE3,
    0x03, 0x77, 0xE3, 0xC9, 0x12, 0x85, 0x1F, 0x3B, 0x16, 0xC5, 0x68, 0x63, 0x51, 0x8C, 0x6E, 0xB2,
    0x28, 0x46, 0x47, 0x2C, 0x8E, 0x4C, 0x50, 0xE3, 0x55, 0x91, 0x28, 0x46, 0x51, 0x94, 0xBD, 0xD7,
    0x2C, 0xDE, 0x7D, 0x26, 0xBD, 0x44, 0x9A, 0xBC, 0xAE, 0x82, 0x57, 0xA3, 0xBD, 0x8E, 0x48, 0x8A,
    0xF4, 0x3A, 0xA9, 0xEF, 0xBC, 0xBE, 0x4B, 0x42, 0x88, 0x12, 0x6B, 0x92, 0xB4, 0x24, 0x8A, 0x96,
    0x32, 0x5E, 0xE8, 0xBC, 0x46, 0x4D, 0xB2, 0x5E, 0x2A, 0x3E, 0x47, 0x55, 0xBC, 0xFA, 0x7C, 0x6A,
    0x17, 0x0A, 0x53, 0x4B, 0xAA, 0x48, 0xAA, 0xFB, 0x3D, 0x95, 0xCE, 0xEC, 0x6A, 0x8E, 0x52, 0x88,
    0x9F, 0x64, 0xD9, 0x74, 0x8F, 0x5C, 0x12, 0x25, 0x47, 0x51, 0xF2, 0x4C, 0x26, 0xA9, 0xB1, 0x10,
    0xEB, 0x3E, 0xED, 0x9A, 0xA4, 0x30, 0xA9, 0x7F, 0x40, 0x57, 0x2A, 0x5E, 0xA0, 0xFF, 0x85, 0x8E,
    0xC2, 0x0F, 0x4C, 0x50, 0x71, 0xFA, 0xFE, 0x12, 0x24, 0x4E, 0xDE, 0x33, 0x51, 0xBF, 0x9E, 0xE6,
    0xA0, 0xFA, 0x83, 0xA9, 0x0B, 0x92, 0x3F, 0x9D, 0x20, 0xA8, 0xF9, 0x7E, 0x92, 0xAA, 0x92, 0xFA,
    0xAC, 0xEB, 0x59, 0x7F, 0x16, 0x55, 0x19, 0x08, 0xAA, 0x31, 0x49, 0xE0, 0x9C, 0xB4, 0x75, 0xA4,
    0x78, 0x1C, 0x4F, 0xAB, 0x14, 0x85, 0xCF, 0x53, 0x57, 0x49, 0x2D, 0xBE, 0x5F, 0xA9, 0xAC, 0x9E,
    0x32, 0x96, 0xB8, 0x92, 0x2E, 0x4D, 0x52, 0xA3, 0x93, 0xCE, 0xD6, 0x70, 0x47, 0x52, 0xE5, 0x55,
    0xE0, 0x7F, 0x8E, 0x39, 0x89, 0xA0, 0x3D, 0xF8, 0x4E, 0x13, 0x89, 0xE3, 0x44, 0xA2, 0xEA, 0xC9,
    0x1B, 0x7C, 0x41, 0x5A, 0x60, 0x1C, 0x6F, 0xAF, 0x9C, 0x89, 0x94, 0xA8, 0x06, 0x7A, 0x2B, 0x37,
    0xD6, 0x4E, 0x0D, 0x4A, 0xC3, 0xCE, 0x1D, 0x29, 0xA3, 0x06, 0x69, 0x60, 0x75, 0x7F, 0x8C, 0x9A,
    0x6E, 0xF0, 0xF5, 0x39, 0x49, 0x8D, 0xA0, 0x86, 0x72, 0xF3, 0xD7, 0x78, 0xE9, 0xBC, 0xC0, 0x55,
    0x1F, 0xBA, 0xCA, 0x90, 0xBE, 0xE1, 0x73, 0x92, 0x72, 0x20, 0x41, 0x4B, 0x39, 0x09, 0x4B, 0x15,
    0x49, 0x98, 0xF5, 0xDD, 0xAC, 0x97, 0xB3, 0xE0, 0x99, 0xCB, 0x52, 0x3C, 0xE2, 0x34, 0xB8, 0xFD,
    0x42, 0xBF, 0xD6, 0xEF, 0xE2, 0xDF, 0xE0, 0xC3, 0xD7, 0xEC, 0x54, 0x65, 0x6F, 0x71, 0xEC, 0x82,
    0x94, 0xFA, 0x91, 0x0E, 0xDA, 0xD4, 0x1B, 0x33, 0xA3, 0x74, 0xEA, 0xF6, 0xC2, 0xAA, 0x17, 0x75,
    0x6B, 0x65, 0xB5, 0x33, 0xB5, 0x3C, 0xA9, 0x1F, 0xD4, 0xA0, 0x26, 0xDA, 0x8D, 0x5A, 0x59, 0xF2,
    0xAC, 0xC0, 0x79, 0x85, 0x5B, 0x48, 0x8C, 0x17, 0xD5, 0x86, 0x8B, 0x50, 0xFA, 0x52, 0x34, 0x3D,
    0x00, 0x92, 0x44, 0x18, 0x1D, 0x4B, 0xE0, 0xDC, 0x4F, 0x2C, 0x18, 0x75, 0x0B, 0x41, 0x4D, 0x77,
    0x29, 0xAA, 0x00, 0xDA, 0xFE, 0x08, 0x9E, 0xD8, 0x5E, 0x0C, 0x5F, 0x8D, 0x87, 0x82, 0x7F, 0x03,
    0x2D, 0xD7, 0x2B, 0x7A, 0x58, 0x41, 0x75, 0x72, 0x0E, 0x57, 0xA0, 0x56, 0xD7, 0x9C, 0xFA, 0x29,
    0xBA, 0xB4, 0x73, 0x55, 0x4C, 0x75, 0x35, 0xE5, 0xF6, 0xB5, 0x01, 0x9E, 0x2E, 0x8E, 0x61, 0xA2,
    0x4F, 0xFF, 0xA0, 0x79, 0x9C, 0x2B, 0x1D, 0x34, 0x9A, 0x2E, 0x6C, 0x03, 0xFC, 0x0A, 0xE4, 0x94,
    0xAA, 0xD3, 0x97, 0x9F, 0xBA, 0x9A, 0xDC, 0x60, 0xDC, 0xCC, 0x3E, 0x3D, 0xED, 0xBB, 0xA4, 0x72,
    0x94, 0x7B, 0x4C, 0x7F, 0xF7, 0xD6, 0x8F, 0x3E, 0x79, 0xEB, 0xBF, 0x93, 0x06, 0xDA, 0xAF, 0x3C,
    0xA4, 0xFF, 0xF4, 0xDA, 0x77, 0xFE, 0xD7, 0x6B, 0xFF, 0xC2, 0xED, 0x7D, 0x97, 0xB4, 0xDF, 0xC5,
    0x4A, 0x9F, 0xB6, 0xF7, 0x5D, 0xB8, 0x7F, 0x0E, 0x69, 0x1D, 0x11, 0x9F, 0x76, 0x1D, 0xB1, 0x71,
    0x79, 0x1D, 0x91, 0x93, 0xE2, 0xBC, 0x8E, 0xB8, 0xE7, 0x9E, 0xC5, 0x26, 0x3F, 0xE7, 0x55, 0x77,
    0xA4, 0x74, 0xF9, 0x26, 0x9D, 0x95, 0xED, 0xCD, 0x01, 0x85, 0x4A, 0xED, 0x45, 0xDA, 0xFF, 0xDA,
    0xBF, 0x7B, 0xCB, 0x6F, 0x3F, 0xBA, 0xF8, 0xB5, 0x69, 0xBF, 0xBD, 0xEF, 0xF2, 0x39, 0xAB, 0xA1,
    0xFB, 0x9F, 0x15, 0x3C, 0xB0, 0x52, 0xD3, 0xE6, 0xBB, 0x44, 0xC7, 0x37, 0x3E, 0xCA, 0x2D, 0xFE,
    0x61, 0xBE, 0x4B, 0x74, 0x0E, 0x2D, 0xDE, 0x53, 0xB5, 0x31, 0xDD, 0x25, 0x3A, 0xE7, 0xBB, 0x44,
    0x67, 0x18, 0x17, 0x28, 0xD1, 0x90, 0x1A, 0x1C, 0x5A, 0xEC, 0x48, 0xE1, 0x2E, 0x51, 0x12, 0xB4,
    0x56, 0x0E, 0xAC, 0x74, 0x97, 0xE8, 0xBC, 0xE7, 0x49, 0x42, 0xFD, 0xFF, 0xEC, 0x69, 0x4F, 0x9C,
    0x52, 0x4D, 0xF5, 0x6F, 0x97, 0xA0, 0xF1, 0xDB, 0x71, 0x3D, 0x4A, 0x6C, 0x72, 0x8A, 0xE7, 0x95,
    0x95, 0x93, 0x4A, 0x47, 0x39, 0xF1, 0x51, 0x96, 0xF9, 0x5E, 0xD8, 0x26, 0x9C, 0x57, 0x0B, 0x40,
    0x5A, 0x9F, 0xEE, 0x1A, 0x1C, 0x48, 0x25, 0x5A, 0xE5, 0x80, 0x04, 0xFD, 0xD2, 0x4C, 0xE1, 0x8E,
    0x80, 0x6A, 0xFE, 0x52, 0x85, 0xBC, 0xE9, 0x0E, 0x92, 0xE0, 0xBC, 0x42, 0xC7, 0xBD, 0x58, 0x9F,
    0xF0, 0x19, 0x41, 0xFA, 0x22, 0xEF, 0x82, 0xBC, 0x5D, 0xFC, 0x2E, 0x33, 0x89, 0x97, 0xD1, 0x6C,
    0xFC, 0x15, 0x4C, 0xAC, 0x2D, 0x6B, 0xCD, 0x72, 0x49, 0x45, 0x56, 0x99, 0x25, 0x6C, 0x52, 0xB5,
    0x24, 0xD5, 0xF9, 0x4C, 0x94, 0x24, 0x97, 0xB5, 0x90, 0xDA, 0xF0, 0x45, 0xF8, 0x71, 0x70, 0x9E,
    0xD8, 0x56, 0x34, 0x91, 0xBF, 0xC9, 0x55, 0x6B, 0x0B, 0x18, 0x7F, 0xE5, 0x91, 0x2D, 0x37, 0xD8,
    0x41, 0x4B, 0x12, 0x0E, 0x36, 0x9A, 0xB1, 0xB5, 0x5B, 0x6D, 0x43, 0x72, 0xA0, 0xF0, 0xB6, 0x81,
    0x15, 0x76, 0xA4, 0xF9, 0x8E, 0xD7, 0xF3, 0x00, 0x23, 0xA6, 0xAF, 0xBF, 0x3D, 0xDA, 0xA0, 0x40,
    0xE0, 0x3B, 0xDD, 0xC7, 0xAE, 0xF4, 0xA2, 0x4A, 0xAF, 0xA2, 0x33, 0x39, 0x3E, 0x79, 0x20, 0xB8,
    0xF8, 0xF6, 0x4B, 0x7B, 0x09, 0x2A, 0x92, 0xA4, 0xFA, 0x6E, 0xFD, 0x60, 0xA6, 0x1C, 0xDD, 0x4B,
    0x7E, 0x60, 0xE2, 0xF3, 0x06, 0xCD, 0x7D, 0x0B, 0x70, 0x93, 0xA4, 0x6E, 0x39, 0x80, 0x6B, 0xA4,
    0x9E, 0x3E, 0xE4, 0x12, 0x69, 0xE3, 0x85, 0x0F, 0x2F, 0xE1, 0x40, 0x69, 0x56, 0x6D, 0xA1, 0x31,
    0xAC, 0xD6, 0x40, 0xED, 0x58, 0xA3, 0xA6, 0xB3, 0xCB, 0x8B, 0x0B, 0x7D, 0x38, 0x7B, 0xF1, 0x50,
    0xA6, 0x9C, 0x97, 0x9C, 0xC3, 0x80, 0x50, 0x2E, 0x55, 0xE7, 0x05, 0x93, 0x17, 0xC0, 0xFF, 0x26,
    0x82, 0xF0, 0x72, 0x49, 0x45, 0x56, 0x69, 0x93, 0xC4, 0x92, 0x65, 0x92, 0xEA, 0x2C, 0x6E, 0x71,
    0x73, 0x26, 0x85, 0xB8, 0xB6, 0x59, 0x5C, 0xD5, 0x80, 0xD6, 0x6B, 0x04, 0x12, 0xED, 0xB7, 0x05,
    0x55, 0xD4, 0xE2, 0xAC, 0xDA, 0x55, 0x36, 0x48, 0x62, 0x65, 0x92, 0x86, 0x3B, 0x41, 0x2D, 0x4E,
    0x10, 0xA4, 0x4E, 0x4D, 0xD2, 0xEF, 0x5C, 0xD4, 0xB8, 0x24, 0x9D, 0x2E, 0xFF, 0x0E, 0x69, 0x73,
    0xE5, 0xC9, 0xF2, 0x0F, 0x82, 0xC4, 0xF1, 0x22, 0x82, 0xAA, 0x8F, 0x16, 0x08, 0xFB, 0xC9, 0xFB,
    0x49, 0x6D, 0x96, 0xFA, 0x56, 0x96, 0x48, 0xFA, 0x7A, 0xD6, 0xF3, 0x59, 0xF0, 0xAC, 0x55, 0x66,
    0x89, 0x34, 0xBF, 0xFF, 0xBD, 0x14, 0x8F, 0xF2, 0xBC, 0xF0, 0x38, 0x67, 0x18, 0x4B, 0xD8, 0x6F,
    0x9F, 0x38, 0x90, 0x39, 0xC3, 0xD8, 0x79, 0x51, 0x56, 0xB5, 0x24, 0x35, 0x2E, 0xA9, 0xDD, 0x92,
    0x14, 0x76, 0x59, 0x3A, 0x6A, 0x3C, 0x99, 0xA3, 0x4E, 0x8F, 0x4D, 0x50, 0x71, 0xF2, 0xB1, 0x0D,
    0x12, 0xC7, 0xC6, 0x04, 0xF9, 0xDC, 0xEF, 0xD5, 0x20, 0xCA, 0xFD, 0xCE, 0x34, 0xF2, 0xC0, 0xA1,
    0xBE, 0x95, 0xD4, 0x8B, 0xA4, 0x9D, 0x17, 0xF0, 0x7E, 0x47, 0x59, 0x5F, 0xCD, 0xDA, 0xD3, 0x1A,
    0x73, 0x96, 0xFB, 0x94, 0xBA, 0xAC, 0xA1, 0x4C, 0x42, 0x24, 0xA5, 0x29, 0x02, 0x8B, 0x0B, 0x5C,
    0x62, 0x7E, 0x8A, 0xDF, 0x69, 0x82, 0xF3, 0x41, 0x41, 0x33, 0xD4, 0x7B, 0x45, 0x9F, 0x78, 0x58,
    0x14, 0x8F, 0x28, 0x69, 0xB3, 0xD6, 0xA4, 0x16, 0x93, 0x14, 0xEA, 0xAC, 0x39, 0xAA, 0x3F, 0x36,
    0x51, 0xF8, 0xD0, 0x25, 0x99, 0x2D, 0x7C, 0xAB, 0xF2, 0xD4, 0x8C, 0x41, 0x3E, 0x1E, 0x47, 0x41,
    0x3E, 0x1E, 0x57, 0x14, 0x57, 0x70, 0xE5, 0xFB, 0x06, 0x82, 0x9A, 0xFB, 0x41, 0xE9, 0x77, 0xCC,
    0xD0, 0xD6, 0x8B, 0xA4, 0x2D, 0xEB, 0x28, 0xEB, 0xA5, 0xA4, 0x19, 0x92, 0xDC, 0xA7, 0x55, 0x64,
    0x95, 0x96, 0x35, 0x70, 0xEE, 0x95, 0x5A, 0xCD, 0x90, 0x24, 0x69, 0x22, 0x95, 0xA4, 0xEE, 0x2C,
    0x0A, 0x87, 0xE2, 0x21, 0x10, 0xF1, 0xB0, 0xE8, 0xCD, 0x2F, 0x12, 0xB5, 0x7D, 0x95, 0x55, 0xCF,
    0x49, 0x72, 0x22, 0x85, 0x67, 0x5C, 0x59, 0xD2, 0xF0, 0x0A, 0x20, 0x2E, 0x74, 0xD5, 0xC0, 0x90,
    0xE3, 0x35, 0xAB, 0x74, 0xA1, 0x14, 0xAD, 0x30, 0x0E, 0x89, 0x5E, 0xEF, 0x0C, 0x41, 0xE3, 0xE9,
    0x14, 0x00, 0x78, 0xCC, 0xBD, 0x71, 0x83, 0xE2, 0xE4, 0xE1, 0x29, 0x09, 0xA9, 0x22, 0x12, 0x7F,
    0x26, 0x3E, 0x32, 0xDD, 0xEB, 0xDC, 0x40, 0xDC, 0x17, 0x38, 0xDF, 0xE4, 0x28, 0x74, 0x50, 0x19,
    0xAE, 0x88, 0x34, 0x9A, 0xA7, 0x44, 0xD4, 0x42, 0x5C, 0xEC, 0xD8, 0x85, 0xBA, 0x14, 0x76, 0x1C,
    0x85, 0x72, 0xA3, 0x2C, 0x86, 0x7B, 0xC5, 0xF8, 0x86, 0x8B, 0x2D, 0xA4, 0xD0, 0x44, 0x49, 0xD4,
    0x59, 0x43, 0xD4, 0x88, 0x36, 0xA8, 0xC6, 0x07, 0xD8, 0x91, 0x0A, 0xDC, 0x04, 0x3E, 0x22, 0x8D,
    0x68, 0xE8, 0xDF, 0xBD, 0x78, 0x15, 0x84, 0x35, 0xF2, 0x6A, 0x91, 0x01, 0x31, 0xBF, 0xEC, 0x01,
    0xC5, 0x93, 0xFD, 0xA3, 0xFD, 0xBE, 0x89, 0x52, 0xFF, 0x34, 0xA9, 0xAF, 0x92, 0xB6, 0xAC, 0x35,
    0xA9, 0x74, 0x49, 0x62, 0x49, 0xAA, 0x4D, 0x92, 0x9C, 0x49, 0x8A, 0x66, 0x97, 0x3A, 0x49, 0x65,
    0x21, 0xCB, 0xEF, 0x5E, 0x46, 0x49, 0x53, 0x65, 0x35, 0x5E, 0x88, 0x74, 0x7D, 0x54, 0x3F, 0x0B,
    0x6A, 0x9D, 0xFA, 0x36, 0x89, 0xEA, 0xED, 0x2F, 0xC8, 0xB0, 0x5F, 0x8F, 0x10, 0x35, 0xA2, 0x8E,
    0x3A, 0x3D, 0x99, 0x83, 0x8A, 0xE3, 0x63, 0xC3, 0xA2, 0x18, 0xB9, 0xA0, 0xEA, 0x7D, 0x63, 0x59,
    0x14, 0xA3, 0x6F, 0x64, 0x01, 0x8B, 0x62, 0x14, 0xD5, 0x8B, 0xA4, 0x7B, 0x59, 0x47, 0x49, 0x6F,
    0x5E, 0x49, 0xBA, 0x07, 0x9F, 0xA5, 0xBB, 0x59, 0x2E, 0xA9, 0x88, 0x12, 0x88, 0x36, 0xA8, 0x44,
    0x34, 0x41, 0x30, 0xD2, 0x02, 0x48, 0xDE, 0x8A, 0x25, 0x89, 0x2E, 0xE1, 0x2F, 0x64, 0xA9, 0x29,
    0xCB, 0x26, 0xD5, 0x98, 0x54, 0xE0, 0x14, 0x05, 0xCA, 0x26, 0xD5, 0x98, 0x44, 0x0B, 0x84, 0x6D,
    0xFC, 0x2D, 0xC6, 0x10, 0x74, 0xF9, 0xCE, 0x97, 0xA3, 0x6A, 0x93, 0x9E, 0xEC, 0x7C, 0x52, 0xB5,
    0x63, 0x7D, 0x95, 0xAB, 0x88, 0xCA, 0x47, 0xCC, 0x79, 0x61, 0xE7, 0x55, 0x78, 0x35, 0xA8, 0xBD,
    0x80, 0x9F, 0x09, 0x99, 0x49, 0x23, 0xDF, 0xDD, 0x4B, 0x52, 0x1D, 0xEC, 0xAC, 0xBB, 0x49, 0xD2,
    0xB0, 0xD9, 0xBB, 0x3B, 0xEE, 0x87, 0x7E, 0xA6, 0xF5, 0x8D, 0x7B, 0x5E, 0x72, 0xA2, 0x7B, 0x7A,
    0x1D, 0xC9, 0x54, 0xBF, 0x0C, 0xAA, 0x8C, 0xFC, 0xB9, 0x2D, 0x48, 0x62, 0xF1, 0x6B, 0xEA, 0xA5,
    0x25, 0x39, 0xF5, 0x8A, 0x15, 0x8B, 0x57, 0xE9, 0x54, 0x69, 0x2B, 0x53, 0x9B, 0xF2, 0x7B, 0xEE,
    0xEB, 0xA5, 0xA5, 0x85, 0x45, 0xB1, 0xDC, 0x79, 0xDE, 0xFF, 0x6C, 0x22, 0xF1, 0x51, 0x76, 0x59,
    0xF0, 0x98, 0x4C, 0x52, 0x15, 0x55, 0x21, 0x46, 0x09, 0xC4, 0x39, 0xB5, 0x1F, 0x0E, 0x41, 0x39,
    0x0A, 0x87, 0xAF, 0x1F, 0xB9, 0x32, 0xDB, 0x1D, 0x10, 0x8F, 0x77, 0x6D, 0x50, 0xF5, 0x98, 0x80,
    0x55, 0x4F, 0x5E, 0x5C, 0x31, 0xAC, 0xF5, 0x39, 0x29, 0xD2, 0x02, 0x92, 0xC4, 0x11, 0x08, 0x92,
    0x67, 0x5A, 0x92, 0x1A, 0xE7, 0x35, 0x90, 0xD4, 0xC6, 0x37, 0x8F, 0xDD, 0xF0, 0xC2, 0x6F, 0xC6,
    0x27, 0x09, 0x47, 0x7C, 0x3B, 0x0A, 0x4F, 0x3E, 0x8C, 0x3A, 0xE1, 0x1A, 0x3C, 0xBC, 0x0E, 0xE5,
    0xF1, 0xC7, 0xAC, 0x7B, 0x34, 0x72, 0x69, 0x16, 0x3F, 0x99, 0x43, 0xBA, 0xCB, 0xBD, 0x82, 0xDE,
    0xCC, 0x41, 0x7B, 0xDB, 0xEB, 0x26, 0x49, 0x09, 0xAF, 0xD7, 0x49, 0x23, 0xE9, 0x1E, 0xE9, 0x88,
    0x74, 0x97, 0xF4, 0x12, 0xC9, 0xF1, 0x7F, 0x4F, 0xAA, 0xB0, 0x41, 0x36, 0x8A, 0xFE, 0x2A, 0x59,
    0x69, 0xAD, 0x63, 0x8F, 0xF6, 0xB6, 0x78, 0xF9, 0x66, 0x96, 0x49, 0x12, 0x4B, 0x52, 0x9A, 0xBD,
    0x0E, 0x59, 0x73, 0x96, 0x26, 0x71, 0x17, 0x80, 0xA8, 0xCA, 0x25, 0x35, 0x4B, 0xD0, 0x9F, 0x43,
    0xAF, 0xC3, 0xFD, 0xED, 0xEA, 0xE7, 0x08, 0x41, 0x2D, 0xBA, 0x28, 0xC1, 0x7D, 0xAB, 0xA6, 0x57,
    0xF0, 0x40, 0x2A, 0x49, 0x72, 0x4D, 0x2B, 0x21, 0x65, 0xCC, 0x07, 0xD3, 0xB3, 0x83, 0xB1, 0x96,
    0xBB, 0xD2, 0x35, 0x3E, 0xAA, 0xC7, 0x89, 0xE5, 0x60, 0x3C, 0xE1, 0x7B, 0xA4, 0x84, 0x85, 0xD3,
    0xDF, 0x3A, 0x96, 0x29, 0x4E, 0x96, 0x95, 0xC4, 0x4F, 0x1E, 0xBC, 0x4E, 0x92, 0xDA, 0xCF, 0x77,
    0x5F, 0x26, 0x79, 0x87, 0x59, 0xAE, 0x56, 0x90, 0x34, 0xA6, 0xF9, 0xAE, 0x76, 0xD0, 0x8B, 0xA0,
    0xAF, 0xC0, 0x2E, 0x0A, 0xE0, 0x28, 0xEB, 0xA5, 0x2C, 0xF8, 0x82, 0xE2, 0xEE, 0xC1, 0x02, 0xC4,
    0x2E, 0x6A, 0x5C, 0x01, 0x3E, 0xF3, 0x77, 0x04, 0x7C, 0x25, 0xE9, 0x4F, 0x31, 0xEA, 0xAF, 0x10,
    0x35, 0xE9, 0x4F, 0xF8, 0x9C, 0x24, 0x11, 0xBA, 0xA4, 0x01, 0x58, 0xFF, 0xF3, 0x55, 0xD5, 0x05,
    0x01, 0x90, 0x28, 0x0A, 0x7B, 0xB4, 0xB2, 0x38, 0x31, 0x8A, 0xAA, 0x63, 0x1F, 0xD4, 0x20, 0x5D,
    0xD6, 0x96, 0xD4, 0x60, 0x17, 0xF7, 0x53, 0xA8, 0x93, 0x4E, 0x4D, 0x54, 0x7F, 0x6C, 0xA3, 0xF0,
    0x63, 0x17, 0x75, 0x6A, 0x96, 0xA0, 0xF2, 0xD8, 0x7C, 0x83, 0x45, 0xD7, 0x94, 0x90, 0x29, 0xDB,
    0xEA, 0xFD, 0x24, 0x79, 0x3F, 0xA9, 0xB9, 0x9D, 0xBF, 0xB3, 0xF8, 0xB4, 0xAE, 0x65, 0x3D, 0x9F,
    0x05, 0x9F, 0x4B, 0x7D, 0x94, 0x44, 0x84, 0x27, 0x95, 0x56, 0x78, 0xCF, 0x7A, 0xCA, 0x92, 0x24,
    0xBC, 0x2E, 0xC1, 0x5F, 0x44, 0x29, 0xAD, 0x92, 0x06, 0x35, 0x44, 0x75, 0xAD, 0x0E, 0x1A, 0x41,
    0x46, 0x21, 0xC8, 0x39, 0x68, 0x85, 0xDA, 0xB0, 0x4A, 0x47, 0x7F, 0x52, 0x14, 0x84, 0x97, 0x63,
    0xF1, 0x8F, 0x59, 0xB4, 0x13, 0xA6, 0x3B, 0xE8, 0x60, 0xE4, 0x3E, 0x43, 0x6F, 0xAB, 0x34, 0x70,
    0x4D, 0xFC, 0x1E, 0xB4, 0x13, 0x5D, 0x49, 0x10, 0x90, 0x6F, 0x47, 0xC1, 0x57, 0xC8, 0xB5, 0x85,
    0x16, 0xEF, 0xBB, 0x62, 0x0D, 0x93, 0xC9, 0x79, 0xA1, 0xAB, 0x8C, 0x86, 0xFE, 0xD4, 0x5C, 0x11,
    0x5E, 0x00, 0xE3, 0xEF, 0xF8, 0x53, 0x39, 0x47, 0x8C, 0x57, 0x2B, 0x9F, 0x23, 0x8E, 0x20, 0x49,
    0xBE, 0xCF, 0x5C, 0x87, 0x66, 0xF2, 0xF2, 0x7D, 0xE6, 0xAB, 0xFC, 0x71, 0xA1, 0xA7, 0xA8, 0x81,
    0x56, 0xA6, 0x48, 0x3D, 0xC8, 0x29, 0xF4, 0x19, 0xA4, 0x57, 0x8F, 0x7C, 0x44, 0xF4, 0x8E, 0xD7,
    0xF9, 0xAB, 0xD3, 0x7F, 0xD7, 0xBC, 0x04, 0x97, 0x33, 0x52, 0x76, 0x3C, 0xE6, 0xE3, 0xE8, 0x59,
    0xAD, 0xFE, 0xD7, 0x71, 0x7C, 0xE9, 0xF3, 0xA8, 0x42, 0xC0, 0x99, 0x34, 0xE2, 0xF6, 0x6A, 0x6D,
    0x48, 0xFD, 0xDF, 0x00, 0x54, 0xAC, 0x2B, 0xF4, 0x3D, 0x29, 0x0A, 0x07, 0xFB, 0x47, 0x9D, 0x74,
    0x19, 0x75, 0xEE, 0x1F, 0x33, 0xA9, 0xCD, 0xFD, 0x43, 0x79, 0x74, 0x41, 0xDB, 0x0F, 0x00, 0x82,
    0x00, 0xCE, 0x8B, 0xF6, 0x76, 0x87, 0x45, 0x5F, 0x27, 0xAA, 0x8E, 0x4F, 0xFF, 0x0C, 0x9C, 0x93,
    0xC4, 0xFE, 0x81, 0xD0, 0x93, 0x06, 0xAA, 0xD4, 0xF5, 0x8A, 0xCF, 0x36, 0x75, 0xAA, 0xFB, 0x36,
    0x5C, 0x5D, 0x8E, 0x4D, 0x2F, 0x35, 0xB5, 0xC1, 0xF8, 0xD0, 0x92, 0x76, 0xD4, 0x2B, 0x5C, 0x5F,
    0xCF, 0xB0, 0x42, 0xE1, 0x9F, 0xF1, 0xA4, 0x9B, 0x82, 0x1C, 0xF5, 0x8A, 0xAB, 0x5E, 0xC2, 0xD2,
    0x35, 0x05, 0x56, 0xBA, 0x56, 0x43, 0x7D, 0xDF, 0x0B, 0x9C, 0x34, 0x20, 0xBD, 0x1C, 0x6C, 0x0D,
    0x45, 0x81, 0xD4, 0x2B, 0x0D, 0x23, 0xBF, 0x4E, 0x61, 0x07, 0xAF, 0x0B, 0x53, 0x86, 0x87, 0xFB,
    0x8F, 0xBC, 0x2C, 0x48, 0xC7, 0x6B, 0xB8, 0x62, 0x61, 0x81, 0xA0, 0xEB, 0x76, 0xBB, 0xB1, 0x28,
    0x7A, 0x38, 0x90, 0xA8, 0x0C, 0xA7, 0x66, 0x52, 0xA3, 0x1B, 0x27, 0x1D, 0x49, 0x0D, 0xA3, 0x11,
    0xD8, 0x79, 0xF5, 0x35, 0x0E, 0x80, 0x8B, 0x17, 0xD2, 0xC0, 0xAC, 0x9C, 0xD7, 0xDD, 0x78, 0x5B,
    0x51, 0x69, 0xBE, 0x52, 0x82, 0xDF, 0xEE, 0x60, 0xD8, 0xB6, 0x27, 0xFF, 0xDE, 0x80, 0xC3, 0xFE,
    0xB9, 0xFF, 0xFE, 0xFB, 0x7A, 0xBF, 0xBF, 0x0C, 0x7F, 0xFF, 0xF3, 0x54, 0x46, 0x7D, 0x86, 0x7F,
    0xD7, 0xFC, 0xB7, 0x78, 0xD3, 0x5F, 0x21, 0xD3, 0x40, 0xCB, 0x1D, 0xAC, 0xF6, 0x50, 0x43, 0xDC,
    0x51, 0xA5, 0x6A, 0x61, 0x4F, 0x68, 0x3C, 0x76, 0xE9, 0x89, 0xF3, 0x95, 0xE7, 0xEA, 0x18, 0xC6,
    0x62, 0x82, 0x38, 0x8F, 0x8D, 0x26, 0x17, 0xF4, 0x56, 0x37, 0x09, 0x54, 0x30, 0xDD, 0x11, 0x5A,
    0x1D, 0xA1, 0x86, 0x08, 0x84, 0x80, 0x6D, 0x8D, 0x70, 0x77, 0x3D, 0xEE, 0x11, 0x5E, 0xBC, 0x16,
    0x01, 0x1B, 0xC0, 0x4A, 0xEF, 0x0C, 0xAA, 0x8B, 0x68, 0x75, 0x84, 0x34, 0xE0, 0x78, 0x1F, 0x61,
    0x23, 0xCA, 0x35, 0x02, 0x30, 0x41, 0x0D, 0x11, 0xAD, 0x8E, 0x78, 0xA1, 0x88, 0x80, 0x8C, 0xD2,
    0x3E, 0x09, 0xB1, 0xF4, 0x88, 0x8F, 0xC3, 0x44, 0xD4, 0xE6, 0x26, 0x3F, 0x11, 0x06, 0xCD, 0xCC,
    0xA0, 0xEA, 0x3A, 0x43, 0x20, 0x0E, 0x7F, 0x19, 0xF0, 0x08, 0xC2, 0x38, 0xC1, 0x65, 0xBD, 0xEF,
    0x72, 0xFB, 0x91, 0x10, 0xE0, 0x55, 0x39, 0x53, 0x1B, 0xF6, 0xBA, 0x9E, 0x2B, 0x4E, 0x62, 0x5B,
    0xFF, 0x77, 0x28, 0x87, 0xD6, 0x4B, 0xE8, 0x3C, 0x1D, 0x08, 0xC7, 0x05, 0x39, 0x0A, 0x81, 0xA3,
    0x22, 0x22, 0xC7, 0xE0, 0x4D, 0x2F, 0xD5, 0xA5, 0x1B, 0x3D, 0x15, 0x6C, 0x24, 0x70, 0x70, 0x05,
    0x56, 0xD6, 0x06, 0x67, 0x8F, 0xE7, 0x86, 0xA1, 0x9B, 0x07, 0x08, 0xB1, 0x04, 0x51, 0x07, 0x62,
    0xB5, 0x9A, 0x03, 0x5D, 0xA5, 0x04, 0x96, 0xC4, 0x8B, 0x59, 0x2C, 0x9E, 0xDB, 0xB3, 0xE8, 0x85,
    0x1D, 0xAB, 0x74, 0x30, 0x02, 0x0B, 0x56, 0xD8, 0xA2, 0x50, 0xB8, 0xA8, 0xFE, 0xFB, 0x36, 0x4A,
    0xFD, 0xCC, 0x44, 0x49, 0xD4, 0x51, 0x35, 0x0E, 0x51, 0x02, 0x81, 0xF5, 0x65, 0xAF, 0x8E, 0xB5,
    0x03, 0x89, 0x13, 0xE9, 0x18, 0x29, 0x85, 0x27, 0xA1, 0x03, 0x7C, 0x77, 0xE3, 0x66, 0x9D, 0x2B,
    0x2C, 0xB9, 0x42, 0x8B, 0xD0, 0x5A, 0x2E, 0xCA, 0x37, 0xB6, 0x40, 0x2E, 0xCA, 0x83, 0x9A, 0xE8,
    0x4F, 0x41, 0xD3, 0x6A, 0x40, 0x0B, 0x3C, 0x6B, 0xB9, 0x04, 0xBD, 0x0E, 0xA3, 0x21, 0xC0, 0xD7,
    0xD3, 0x6F, 0x33, 0x7A, 0x7C, 0xE3, 0x38, 0x5D, 0x8D, 0x6D, 0x04, 0xE0, 0x92, 0x0A, 0x84, 0xF2,
    0xAD, 0xB7, 0xF0, 0xAD, 0xB7, 0xEE, 0x40, 0xAF, 0x45, 0x5C, 0x89, 0x69, 0x4C, 0x52, 0x75, 0x76,
    0x8B, 0xED, 0x96, 0x04, 0x77, 0xB3, 0xAE, 0x42, 0x5E, 0x16, 0x3D, 0xA7, 0xD7, 0x5E, 0x1B, 0x5F,
    0x7B, 0x8D, 0x90, 0xF6, 0xCB, 0xEA, 0xD3, 0xCA, 0x9E, 0x7B, 0x4C, 0x7F, 0xF0, 0x16, 0x6D, 0x3F,
    0x3C, 0x54, 0xDA, 0xE2, 0xE1, 0xFC, 0x49, 0xF9, 0x17, 0x8C, 0x2C, 0x3A, 0xB2, 0x7E, 0x9F, 0x0E,
    0xBF, 0xF6, 0x35, 0xFF, 0x0D, 0x1F, 0xDF, 0xEF, 0xA5, 0x2C, 0x97, 0xFE, 0xF5, 0x64, 0x4D, 0xAF,
    0xC0, 0x25, 0x4B, 0xC7, 0xFD, 0x6A, 0x84, 0xA8, 0xC6, 0x26, 0xA9, 0x89, 0x35, 0x02, 0x48, 0xF0,
    0x2A, 0x71, 0x03, 0x78, 0x9E, 0x54, 0xA0, 0x4B, 0x31, 0xC0, 0x37, 0x09, 0x05, 0xC4, 0xED, 0x32,
    0xC6, 0x87, 0x2C, 0x7F, 0x84, 0xF8, 0x2E, 0xFA, 0x8D, 0x1F, 0x1C, 0x4E, 0x85, 0xEB, 0x15, 0x58,
    0xF3, 0x25, 0x0A, 0xD7, 0xBD, 0x30, 0x54, 0xB9, 0xCB, 0x9D, 0xA2, 0x69, 0x53, 0x03, 0x8E, 0xEE,
    0xDF, 0x03, 0x04, 0xA9, 0xBD, 0x78, 0xB1, 0xB6, 0xD6, 0xAE, 0xED, 0xAA, 0x45, 0x1A, 0x3A, 0x0C,
    0x45, 0x39, 0xA6, 0x86, 0xD2, 0x38, 0xFF, 0xCA, 0x11, 0x01, 0xC0, 0x3A, 0x07, 0xA0, 0x56, 0xAF,
    0xD9, 0xFD, 0xB5, 0x97, 0x8B, 0x27, 0x42, 0x89, 0x38, 0x04, 0xB5, 0xDB, 0x18, 0x6E, 0x4B, 0xFF,
    0x27, 0x14, 0x9D, 0x81, 0x34, 0x62, 0x57, 0xE2, 0xCA, 0x5A, 0xF8, 0x7E, 0x4E, 0x11, 0x56, 0x8B,
    0x69, 0xE5, 0x03, 0xC3, 0x80, 0x79, 0x85, 0xCE, 0x79, 0x16, 0x40, 0x83, 0x26, 0x4A, 0x6D, 0xAE,
    0x0A, 0x17, 0xE4, 0x9B, 0x0E, 0xA3, 0x9C, 0x53, 0x3F, 0x65, 0x95, 0xD6, 0xC9, 0x21, 0x76, 0x41,
    0x77, 0x19, 0x58, 0x72, 0x72, 0x10, 0xA4, 0x74, 0xD2, 0x98, 0x1E, 0x5A, 0xB4, 0x37, 0xB2, 0xAE,
    0x65, 0x01, 0xA4, 0xFD, 0x7E, 0x5F, 0xD5, 0x5E, 0xFF, 0x17, 0xBD, 0xCF, 0xB1, 0x0D, 0xC2, 0x30,
    0x14, 0x06, 0xE1, 0x73, 0x22, 0xD1, 0xA4, 0x48, 0x4F, 0x93, 0x11, 0x32, 0x42, 0xBC, 0x11, 0x2B,
    0x78, 0x04, 0xD6, 0x80, 0x19, 0x90, 0xCC, 0x08, 0x19, 0x21, 0x25, 0xA5, 0x8B, 0xB4, 0xF8, 0xC7,
    0x4F, 0xB1, 0x84, 0xBC, 0x40, 0xAA, 0xAF, 0xB8, 0xEA, 0xE0, 0x7A, 0x07, 0xE8, 0x95, 0x87, 0x00,
    0x93, 0xBE, 0x73, 0x82, 0x25, 0xBF, 0x96, 0x1D, 0xB4, 0x62, 0xC8, 0x33, 0x27, 0x9C, 0x60, 0x08,
    0x06, 0x50, 0xA1, 0xFB, 0xE3, 0x3C, 0x37, 0x49, 0x4A, 0xC4, 0x06, 0x6B, 0xD3, 0x89, 0xCC, 0xFA,
    0x74, 0xCA, 0x3E, 0x96, 0x21, 0xE9, 0x5D, 0x81, 0xCB, 0xC3, 0x03, 0x4E, 0xD2, 0x0E, 0xE3, 0xC1,
    0xA2, 0xA7, 0x11, 0x37, 0xC6, 0x82, 0xC2, 0x01, 0x86, 0x6B, 0xE8, 0x1A, 0xCA, 0xE6, 0x5A, 0x88,
    0x0D, 0xD6, 0x4E, 0xC4, 0x36, 0x5D, 0x54, 0x28, 0x7F, 0xBD, 0xB4, 0x55, 0x7E,
};

static const EpdGlyph bitter_20_regularGlyphs[] = {
    { 0, 0, 0, 0, 0, 0, 0 }, // U+0000
    { 0, 0, 0, 0, 0, 0, 0 }, // U+0001
    { 0, 0, 0, 0, 0, 0, 0 }, // U+0002
    { 0, 0, 0, 0, 0, 0, 0 }, // U+0003
    { 0, 0, 0, 0, 0, 0, 0 }, // U+0004
    { 0, 0, 0, 0, 0, 0, 0 }, // U+0005
    { 0, 0, 0, 0, 0, 0, 0 }, // U+0006
    { 0, 0, 0, 0, 0, 0, 0 }, // U+0007
    { 0, 0, 0, 0, 0, 0, 0 }, // U+0008
    { 0, 0, 0, 0, 0, 0, 0 }, // U+0009
    { 0, 0, 0, 0, 0, 0, 0 }, // U+000A
    { 0, 0, 0, 0, 0, 0, 0 }, // U+000B
    { 0, 0, 0, 0, 0, 0, 0 }, // U+000C
    { 0, 0, 0, 0, 0, 0, 0 }, // U+000D
    { 0, 0, 0, 0, 0, 0, 0 }, // U+000E
    { 0, 0, 0, 0, 0, 0, 0 }, // U+000F
    { 0, 0, 0, 0, 0, 0, 0 }, // U+0010
    { 0, 0, 0, 0, 0, 0, 0 }, // U+0011
    { 0, 0, 0, 0, 0, 0, 0 }, // U+0012
    { 0, 0, 0, 0, 0, 0, 0 }, // U+0013
    { 0, 0, 0, 0, 0, 0, 0 }, // U+0014
    { 0, 0, 0, 0, 0, 0, 0 }, // U+0015
    { 0, 0, 0, 0, 0, 0, 0 }, // U+0016
    { 0, 0, 0, 0, 0, 0, 0 }, // U+0017
    { 0, 0, 0, 0, 0, 0, 0 }, // U+0018
    { 0, 0, 0, 0, 0, 0, 0 }, // U+0019
    { 0, 0, 0, 0, 0, 0, 0 }, // U+001A
    { 0, 0, 0, 0, 0, 0, 0 }, // U+001B
    { 0, 0, 0, 0, 0, 0, 0 }, // U+001C
    { 0, 0, 0, 0, 0, 0, 0 }, // U+001D
    { 0, 0, 0, 0, 0, 0, 0 }, // U+001E
    { 0, 0, 0, 0, 0, 0, 0 }, // U+001F
    { 0, 0, 129, 0, 0, 0, 0 }, // U+0020
    { 6, 31, 219, 4, 30, 47, 0 }, // !
    { 11, 12, 267, 3, 33, 33, 47 }, // "
    { 25, 30, 447, 1, 30, 188, 80 }, // #
    { 20, 41, 412, 3, 35, 205, 268 }, // $
    { 32, 31, 569, 2, 30, 248, 473 }, // %
    { 24, 31, 456, 3, 30, 186, 721 }, // &
    { 4, 12, 159, 3, 33, 12, 907 }, // '
    { 12, 43, 207, 1, 37, 129, 919 }, // (
    { 11, 43, 207, 0, 37, 119, 1048 }, // )
    { 15, 14, 315, 2, 32, 53, 1167 }, // *
    { 21, 21, 375, 1, 25, 111, 1220 }, // +
    { 7, 12, 154, 1, 5, 21, 1331 }, // ,
    { 13, 4, 303, 3, 14, 13, 1352 }, // -
    { 6, 6, 145, 2, 5, 9, 1365 }, // .
    { 15, 38, 215, -1, 34, 143, 1374 }, // /
    { 24, 26, 437, 2, 25, 156, 1517 }, // 0
    { 18, 24, 283, 0, 24, 108, 1673 }, // 1
    { 20, 25, 380, 2, 25, 125, 1781 }, // 2
    { 20, 31, 362, 0, 25, 155, 1906 }, // 3
    { 24, 30, 400, 0, 25, 180, 2061 }, // 4
    { 20, 31, 345, 0, 25, 155, 2241 }, // 5
    { 22, 31, 399, 2, 30, 171, 2396 }, // 6
    { 20, 31, 346, 1, 25, 155, 2567 }, // 7
    { 21, 31, 401, 2, 30, 163, 2722 }, // 8
    { 22, 31, 399, 1, 25, 171, 2885 }, // 9
    { 6, 21, 145, 2, 20, 32, 3056 }, // :
    { 7, 27, 151, 1, 20, 48, 3088 }, // ;
    { 19, 20, 371, 2, 25, 95, 3136 }, // <
    { 20, 12, 363, 1, 21, 60, 3231 }, // =
    { 19, 18, 367, 2, 24, 86, 3291 }, // >
    { 16, 31, 285, 1, 30, 124, 3377 }, // ?
    { 32, 33, 581, 2, 28, 264, 3501 }, // @
    { 30, 30, 473, 0, 30, 225, 3765 }, // A
    { 24, 30, 431, 1, 30, 180, 3990 }, // B
    { 23, 31, 427, 2, 30, 179, 4170 }, // C
    { 27, 30, 477, 1, 30, 203, 4349 }, // D
    { 23, 30, 411, 1, 30, 173, 4552 }, // E
    { 22, 30, 375, 1, 30, 165, 4725 }, // F
    { 28, 31, 487, 2, 30, 217, 4890 }, // G
    { 31, 30, 529, 1, 30, 233, 5107 }, // H
    { 12, 30, 237, 1, 30, 90, 5340 }, // I
    { 15, 37, 223, -2, 30, 139, 5430 }, // J
    { 29, 30, 475, 1, 30, 218, 5569 }, // K
    { 22, 30, 370, 1, 30, 165, 5787 }, // L
    { 35, 30, 590, 1, 30, 263, 5952 }, // M
    { 31, 30, 523, 1, 30, 233, 6215 }, // N
    { 27, 31, 494, 2, 30, 210, 6448 }, // O
    { 23, 30, 401, 1, 30, 173, 6658 }, // P
    { 32, 38, 499, 2, 30, 304, 6831 }, // Q
    { 26, 30, 441, 1, 30, 195, 7135 }, // R
    { 21, 31, 400, 2, 30, 163, 7330 }, // S
    { 23, 30, 396, 1, 30, 173, 7493 }, // T
    { 30, 31, 498, 1, 30, 233, 7666 }, // U
    { 29, 31, 465, 0, 30, 225, 7899 }, // V
    { 43, 31, 682, 0, 30, 334, 8124 }, // W
    { 29, 30, 468, 0, 30, 218, 8458 }, // X
    { 27, 30, 429, 0, 30, 203, 8676 }, // Y
    { 23, 30, 413, 1, 30, 173, 8879 }, // Z
    { 10, 41, 230, 4, 36, 103, 9052 }, // [
    { 14, 38, 220, 0, 34, 133, 9155 }, // <backslash>
    { 11, 41, 230, 0, 36, 113, 9288 }, // ]
    { 19, 15, 363, 2, 37, 72, 9401 }, // ^
    { 22, 4, 329, -1, -2, 22, 9473 }, // _
    { 11, 9, 214, 1, 34, 25, 9495 }, // `
    { 22, 24, 367, 1, 23, 132, 9520 }, // a
    { 23, 34, 388, 0, 33, 196, 9652 }, // b
    { 20, 24, 343, 1, 23, 120, 9848 }, // c
    { 23, 34, 398, 1, 33, 196, 9968 }, // d
    { 20, 24, 365, 1, 23, 120, 10164 }, // e
    { 17, 33, 238, 1, 33, 141, 10284 }, // f
    { 22, 33, 376, 1, 23, 182, 10425 }, // g
    { 25, 33, 417, 1, 33, 207, 10607 }, // h
    { 11, 32, 203, 1, 32, 88, 10814 }, // i
    { 11, 42, 185, -2, 32, 116, 10902 }, // j
    { 24, 33, 384, 0, 33, 198, 11018 }, // k
    { 11, 33, 197, 1, 33, 91, 11216 }, // l
    { 39, 23, 636, 1, 23, 225, 11307 }, // m
    { 25, 23, 425, 1, 23, 144, 11532 }, // n
    { 22, 24, 384, 1, 23, 132, 11676 }, // o
    { 23, 33, 400, 1, 23, 190, 11808 }, // p
    { 23, 33, 388, 1, 23, 190, 11998 }, // q
    { 18, 23, 301, 1, 23, 104, 12188 }, // r
    { 17, 24, 319, 2, 23, 102, 12292 }, // s
    { 15, 29, 249, 0, 28, 109, 12394 }, // t
    { 26, 24, 416, 0, 23, 156, 12503 }, // u
    { 24, 24, 355, -1, 23, 144, 12659 }, // v
    { 35, 24, 541, -1, 23, 210, 12803 }, // w
    { 23, 23, 373, 0, 23, 133, 13013 }, // x
    { 24, 33, 359, -1, 23, 198, 13146 }, // y
    { 18, 23, 326, 1, 23, 104, 13344 }, // z
    { 13, 41, 232, 1, 36, 134, 13448 }, // {
    { 4, 39, 216, 5, 34, 39, 13582 }, // |
    { 13, 41, 232, 1, 36, 134, 13621 }, // }
    { 21, 7, 401, 2, 18, 37, 13755 }, // ~
    { 0, 0, 0, 0, 0, 0, 13792 }, // U+007F
    { 0, 0, 0, 0, 0, 0, 0 }, // U+0080
    { 0, 0, 0, 0, 0, 0, 0 }, // U+0081
    { 0, 0, 0, 0, 0, 0, 0 }, // U+0082
    { 0, 0, 0, 0, 0, 0, 0 }, // U+0083
    { 0, 0, 0, 0, 0, 0, 0 }, // U+0084
    { 0, 0, 0, 0, 0, 0, 0 }, // U+0085
    { 0, 0, 0, 0, 0, 0, 0 }, // U+0086
    { 0, 0, 0, 0, 0, 0, 0 }, // U+0087
    { 0, 0, 0, 0, 0, 0, 0 }, // U+0088
    { 0, 0, 0, 0, 0, 0, 0 }, // U+0089
    { 0, 0, 0, 0, 0, 0, 0 }, // U+008A
    { 0, 0, 0, 0, 0, 0, 0 }, // U+008B
    { 0, 0, 0, 0, 0, 0, 0 }, // U+008C
    { 0, 0, 0, 0, 0, 0, 0 }, // U+008D
    { 0, 0, 0, 0, 0, 0, 0 }, // U+008E
    { 0, 0, 0, 0, 0, 0, 0 }, // U+008F
    { 0, 0, 0, 0, 0, 0, 0 }, // U+0090
    { 0, 0, 0, 0, 0, 0, 0 }, // U+0091
    { 0, 0, 0, 0, 0, 0, 0 }, // U+0092
    { 0, 0, 0, 0, 0, 0, 0 }, // U+0093
    { 0, 0, 0, 0, 0, 0, 0 }, // U+0094
    { 0, 0, 0, 0, 0, 0, 0 }, // U+0095
    { 0, 0, 0, 0, 0, 0, 0 }, // U+0096
    { 0, 0, 0, 0, 0, 0, 0 }, // U+0097
    { 0, 0, 0, 0, 0, 0, 0 }, // U+0098
    { 0, 0, 0, 0, 0, 0, 0 }, // U+0099
    { 0, 0, 0, 0, 0, 0, 0 }, // U+009A
    { 0, 0, 0, 0, 0, 0, 0 }, // U+009B
    { 0, 0, 0, 0, 0, 0, 0 }, // U+009C
    { 0, 0, 0, 0, 0, 0, 0 }, // U+009D
    { 0, 0, 0, 0, 0, 0, 0 }, // U+009E
    { 0, 0, 0, 0, 0, 0, 0 }, // U+009F
    { 0, 0, 129, 0, 0, 0, 0 }, // U+00A0
    { 6, 30, 219, 4, 21, 45, 0 }, // U+00A1
    { 19, 32, 373, 2, 31, 152, 45 }, // U+00A2
    { 23, 30, 447, 2, 30, 173, 197 }, // U+00A3
    { 22, 21, 443, 3, 23, 116, 370 }, // U+00A4
    { 28, 30, 475, 1, 30, 210, 486 }, // U+00A5
    { 4, 39, 216, 5, 34, 39, 696 }, // U+00A6
    { 18, 38, 375, 3, 30, 171, 735 }, // U+00A7
    { 15, 6, 304, 2, 32, 23, 906 }, // U+00A8
    { 31, 31, 588, 3, 30, 241, 929 }, // U+00A9
    { 17, 23, 292, 1, 30, 98, 1170 }, // U+00AA
    { 18, 19, 341, 2, 21, 86, 1268 }, // U+00AB
    { 21, 13, 405, 2, 17, 69, 1354 }, // U+00AC
    { 0, 0, 0, 0, 0, 0, 1423 }, // U+00AD
    { 25, 26, 493, 3, 32, 163, 1423 }, // U+00AE
    { 12, 4, 286, 3, 31, 12, 1586 }, // U+00AF
    { 14, 13, 296, 1, 31, 46, 1598 }, // U+00B0
    { 20, 26, 394, 2, 27, 130, 1644 }, // U+00B1
    { 13, 19, 239, 1, 33, 62, 1774 }, // U+00B2
    { 13, 19, 246, 1, 32, 62, 1836 }, // U+00B3
    { 11, 9, 219, 2, 34, 25, 1898 }, // U+00B4
    { 26, 33, 437, 0, 23, 215, 1923 }, // U+00B5
    { 23, 38, 409, 1, 30, 219, 2138 }, // U+00B6
    { 6, 6, 145, 2, 16, 9, 2357 }, // U+00B7
    { 10, 10, 215, 2, 0, 25, 2366 }, // U+00B8
    { 12, 18, 188, 0, 32, 54, 2391 }, // U+00B9
    { 16, 23, 319, 2, 30, 92, 2445 }, // U+00BA
    { 18, 19, 341, 2, 21, 86, 2537 }, // U+00BB
    { 34, 31, 570, 1, 30, 264, 2623 }, // U+00BC
    { 34, 31, 585, 1, 30, 264, 2887 }, // U+00BD
    { 35, 31, 595, 1, 30, 272, 3151 }, // U+00BE
    { 15, 31, 284, 1, 23, 117, 3423 }, // U+00BF
    { 30, 39, 473, 0, 39, 293, 3540 }, // U+00C0
    { 30, 39, 473, 0, 39, 293, 3833 }, // U+00C1
    { 30, 39, 473, 0, 39, 293, 4126 }, // U+00C2
    { 30, 38, 473, 0, 38, 285, 4419 }, // U+00C3
    { 30, 37, 473, 0, 37, 278, 4704 }, // U+00C4
    { 30, 40, 473, 0, 40, 300, 4982 }, // U+00C5
    { 37, 30, 630, 0, 30, 278, 5282 }, // U+00C6
    { 23, 40, 427, 2, 30, 230, 5560 }, // U+00C7
    { 23, 39, 411, 1, 39, 225, 5790 }, // U+00C8
    { 23, 39, 411, 1, 39, 225, 6015 }, // U+00C9
    { 23, 39, 411, 1, 39, 225, 6240 }, // U+00CA
    { 23, 37, 411, 1, 37, 213, 6465 }, // U+00CB
    { 12, 39, 237, 1, 39, 117, 6678 }, // U+00CC
    { 12, 39, 237, 1, 39, 117, 6795 }, // U+00CD
    { 15, 39, 237, 0, 39, 147, 6912 }, // U+00CE
    { 14, 37, 237, 0, 37, 130, 7059 }, // U+00CF
    { 27, 30, 477, 1, 30, 203, 7189 }, // U+00D0
    { 31, 38, 523, 1, 38, 295, 7392 }, // U+00D1
    { 27, 40, 494, 2, 39, 270, 7687 }, // U+00D2
    { 27, 40, 494, 2, 39, 270, 7957 }, // U+00D3
    { 27, 40, 494, 2, 39, 270, 8227 }, // U+00D4
    { 27, 39, 494, 2, 38, 264, 8497 }, // U+00D5
    { 27, 38, 494, 2, 37, 257, 8761 }, // U+00D6
    { 17, 17, 336, 2, 23, 73, 9018 }, // U+00D7
    { 27, 37, 495, 2, 33, 250, 9091 }, // U+00D8
    { 30, 40, 498, 1, 39, 300, 9341 }, // U+00D9
    { 30, 40, 498, 1, 39, 300, 9641 }, // U+00DA
    { 30, 40, 498, 1, 39, 300, 9941 }, // U+00DB
    { 30, 38, 498, 1, 37, 285, 10241 }, // U+00DC
    { 27, 39, 429, 0, 39, 264, 10526 }, // U+00DD
    { 23, 30, 392, 1, 30, 173, 10790 }, // U+00DE
    { 27, 34, 444, 1, 33, 230, 10963 }, // U+00DF
    { 22, 35, 368, 1, 34, 193, 11193 }, // U+00E0
    { 22, 35, 368, 1, 34, 193, 11386 }, // U+00E1
    { 22, 35, 368, 1, 34, 193, 11579 }, // U+00E2
    { 22, 34, 368, 1, 33, 187, 11772 }, // U+00E3
    { 22, 33, 368, 1, 32, 182, 11959 }, // U+00E4
    { 22, 36, 368, 1, 35, 198, 12141 }, // U+00E5
    { 34, 24, 575, 1, 23, 204, 12339 }, // U+00E6
    { 20, 33, 343, 1, 23, 165, 12543 }, // U+00E7
    { 20, 35, 366, 1, 34, 175, 12708 }, // U+00E8
    { 20, 35, 366, 1, 34, 175, 12883 }, // U+00E9
    { 20, 35, 366, 1, 34, 175, 13058 }, // U+00EA
    { 20, 33, 366, 1, 32, 165, 13233 }, // U+00EB
    { 12, 34, 203, 0, 34, 102, 13398 }, // U+00EC
    { 12, 34, 203, 1, 34, 102, 13500 }, // U+00ED
    { 13, 34, 203, 0, 34, 111, 13602 }, // U+00EE
    { 14, 32, 203, -1, 32, 112, 13713 }, // U+00EF
    { 22, 34, 389, 1, 33, 187, 13825 }, // U+00F0
    { 25, 33, 425, 1, 33, 207, 14012 }, // U+00F1
    { 22, 35, 384, 1, 34, 193, 14219 }, // U+00F2
    { 22, 35, 384, 1, 34, 193, 14412 }, // U+00F3
    { 22, 35, 384, 1, 34, 193, 14605 }, // U+00F4
    { 22, 34, 384, 1, 33, 187, 14798 }, // U+00F5
    { 22, 33, 384, 1, 32, 182, 14985 }, // U+00F6
    { 20, 21, 363, 1, 25, 105, 15167 }, // U+00F7
    { 22, 30, 386, 1, 26, 165, 15272 }, // U+00F8
    { 26, 35, 416, 0, 34, 228, 15437 }, // U+00F9
    { 26, 35, 416, 0, 34, 228, 15665 }, // U+00FA
    { 26, 35, 416, 0, 34, 228, 15893 }, // U+00FB
    { 26, 33, 416, 0, 32, 215, 16121 }, // U+00FC
    { 24, 44, 359, -1, 34, 264, 16336 }, // U+00FD
    { 23, 43, 390, 0, 33, 248, 16600 }, // U+00FE
    { 24, 42, 359, -1, 32, 252, 16848 }, // U+00FF
    { 30, 36, 473, 0, 36, 270, 0 }, // U+0100
    { 22, 32, 368, 1, 31, 176, 270 }, // U+0101
    { 30, 38, 473, 0, 38, 285, 446 }, // U+0102
    { 22, 34, 368, 1, 33, 187, 731 }, // U+0103
    { 30, 40, 473, 0, 30, 300, 918 }, // U+0104
    { 22, 33, 368, 1, 23, 182, 1218 }, // U+0105
    { 23, 40, 427, 2, 39, 230, 1400 }, // U+0106
    { 20, 35, 343, 1, 34, 175, 1630 }, // U+0107
    { 23, 40, 427, 2, 39, 230, 1805 }, // U+0108
    { 20, 35, 343, 1, 34, 175, 2035 }, // U+0109
    { 23, 39, 427, 2, 38, 225, 2210 }, // U+010A
    { 20, 33, 343, 1, 32, 165, 2435 }, // U+010B
    { 23, 40, 427, 2, 39, 230, 2600 }, // U+010C
    { 20, 35, 343, 1, 34, 175, 2830 }, // U+010D
    { 27, 39, 477, 1, 39, 264, 3005 }, // U+010E
    { 27, 34, 398, 1, 33, 230, 3269 }, // U+010F
    { 27, 30, 477, 1, 30, 203, 3499 }, // U+0110
    { 23, 34, 398, 1, 33, 196, 3702 }, // U+0111
    { 23, 36, 411, 1, 36, 207, 3898 }, // U+0112
    { 20, 32, 366, 1, 31, 160, 4105 }, // U+0113
    { 23, 38, 411, 1, 38, 219, 4265 }, // U+0114
    { 20, 34, 366, 1, 33, 170, 4484 }, // U+0115
    { 23, 38, 411, 1, 38, 219, 4654 }, // U+0116
    { 20, 33, 366, 1, 32, 165, 4873 }, // U+0117
    { 23, 40, 411, 1, 30, 230, 5038 }, // U+0118
    { 20, 33, 366, 1, 23, 165, 5268 }, // U+0119
    { 23, 39, 411, 1, 39, 225, 5433 }, // U+011A
    { 20, 35, 366, 1, 34, 175, 5658 }, // U+011B
    { 28, 40, 487, 2, 39, 280, 5833 }, // U+011C
    { 22, 44, 376, 1, 34, 242, 6113 }, // U+011D
    { 28, 39, 487, 2, 38, 273, 6355 }, // U+011E
    { 22, 43, 376, 1, 33, 237, 6628 }, // U+011F
    { 28, 39, 487, 2, 38, 273, 6865 }, // U+0120
    { 22, 42, 376, 1, 32, 231, 7138 }, // U+0121
    { 28, 43, 487, 2, 30, 301, 7369 }, // U+0122
    { 22, 46, 376, 1, 36, 253, 7670 }, // U+0123
    { 31, 39, 529, 1, 39, 303, 7923 }, // U+0124
    { 28, 41, 417, -2, 41, 287, 8226 }, // U+0125
    { 30, 30, 535, 2, 30, 225, 8513 }, // U+0126
    { 26, 33, 418, 0, 33, 215, 8738 }, // U+0127
    { 15, 38, 237, 0, 38, 143, 8953 }, // U+0128
    { 14, 33, 203, -1, 33, 116, 9096 }, // U+0129
    { 13, 36, 237, 1, 36, 117, 9212 }, // U+012A
    { 11, 31, 203, 1, 31, 86, 9329 }, // U+012B
    { 13, 38, 237, 1, 38, 124, 9415 }, // U+012C
    { 13, 33, 203, 0, 33, 108, 9539 }, // U+012D
    { 12, 40, 237, 1, 30, 120, 9647 }, // U+012E
    { 11, 42, 203, 1, 32, 116, 9767 }, // U+012F
    { 12, 38, 237, 1, 38, 114, 9883 }, // U+0130
    { 11, 23, 203, 1, 23, 64, 9997 }, // U+0131
    { 27, 37, 469, 1, 30, 250, 10061 }, // U+0132
    { 21, 42, 391, 1, 32, 221, 10311 }, // U+0133
    { 17, 46, 223, -2, 39, 196, 10532 }, // U+0134
    { 15, 44, 185, -2, 34, 165, 10728 }, // U+0135
    { 29, 43, 475, 1, 30, 312, 10893 }, // U+0136
    { 24, 46, 384, 0, 33, 276, 11205 }, // U+0137
    { 24, 23, 395, 1, 23, 138, 11481 }, // U+0138
    { 22, 39, 370, 1, 39, 215, 11619 }, // U+0139
    { 12, 41, 197, 0, 41, 123, 11834 }, // U+013A
    { 22, 43, 370, 1, 30, 237, 11957 }, // U+013B
    { 11, 46, 197, 1, 33, 127, 12194 }, // U+013C
    { 22, 30, 370, 1, 30, 165, 12321 }, // U+013D
    { 14, 33, 197, 1, 33, 116, 12486 }, // U+013E
    { 22, 30, 370, 1, 30, 165, 12602 }, // U+013F
    { 17, 33, 275, 1, 33, 141, 12767 }, // U+0140
    { 22, 30, 382, 1, 30, 165, 12908 }, // U+0141
    { 13, 33, 231, 1, 33, 108, 13073 }, // U+0142
    { 31, 39, 523, 1, 39, 303, 13181 }, // U+0143
    { 25, 34, 425, 1, 34, 213, 13484 }, // U+0144
    { 31, 43, 523, 1, 30, 334, 13697 }, // U+0145
    { 25, 36, 425, 1, 23, 225, 14031 }, // U+0146
    { 31, 39, 523, 1, 39, 303, 14256 }, // U+0147
    { 25, 34, 425, 1, 34, 213, 14559 }, // U+0148
    { 31, 33, 493, 0, 33, 256, 14772 }, // U+0149
    { 31, 40, 531, 1, 30, 310, 15028 }, // U+014A
    { 22, 33, 416, 1, 23, 182, 15338 }, // U+014B
    { 27, 37, 494, 2, 36, 250, 15520 }, // U+014C
    { 22, 32, 384, 1, 31, 176, 15770 }, // U+014D
    { 27, 39, 494, 2, 38, 264, 15946 }, // U+014E
    { 22, 34, 384, 1, 33, 187, 16210 }, // U+014F
    { 27, 40, 494, 2, 39, 270, 16397 }, // U+0150
    { 22, 35, 384, 1, 34, 193, 16667 }, // U+0151
    { 35, 31, 625, 2, 30, 272, 16860 }, // U+0152
    { 37, 24, 626, 1, 23, 222, 17132 }, // U+0153
    { 26, 39, 441, 1, 39, 254, 17354 }, // U+0154
    { 18, 34, 301, 1, 34, 153, 17608 }, // U+0155
    { 26, 43, 441, 1, 30, 280, 17761 }, // U+0156
    { 18, 36, 301, 1, 23, 162, 18041 }, // U+0157
    { 26, 39, 441, 1, 39, 254, 18203 }, // U+0158
    { 18, 34, 301, 1, 34, 153, 18457 }, // U+0159
    { 21, 40, 400, 2, 39, 210, 18610 }, // U+015A
    { 17, 35, 330, 2, 34, 149, 18820 }, // U+015B
    { 21, 40, 400, 2, 39, 210, 18969 }, // U+015C
    { 17, 35, 330, 2, 34, 149, 19179 }, // U+015D
    { 21, 40, 400, 2, 30, 210, 19328 }, // U+015E
    { 17, 33, 330, 2, 23, 141, 19538 }, // U+015F
    { 21, 40, 400, 2, 39, 210, 19679 }, // U+0160
    { 17, 35, 330, 2, 34, 149, 19889 }, // U+0161
    { 23, 40, 396, 1, 30, 230, 20038 }, // U+0162
    { 15, 38, 249, 0, 28, 143, 20268 }, // U+0163
    { 23, 39, 396, 1, 39, 225, 20411 }, // U+0164
    { 16, 34, 249, 0, 33, 136, 20636 }, // U+0165
    { 23, 30, 396, 1, 30, 173, 20772 }, // U+0166
    { 15, 29, 253, 0, 28, 109, 20945 }, // U+0167
    { 30, 39, 498, 1, 38, 293, 21054 }, // U+0168
    { 26, 34, 416, 0, 33, 221, 21347 }, // U+0169
    { 30, 37, 498, 1, 36, 278, 21568 }, // U+016A
    { 26, 32, 416, 0, 31, 208, 21846 }, // U+016B
    { 30, 39, 498, 1, 38, 293, 22054 }, // U+016C
    { 26, 34, 416, 0, 33, 221, 22347 }, // U+016D
    { 30, 41, 498, 1, 40, 308, 22568 }, // U+016E
    { 26, 36, 416, 0, 35, 234, 22876 }, // U+016F
    { 30, 40, 498, 1, 39, 300, 23110 }, // U+0170
    { 26, 35, 416, 0, 34, 228, 23410 }, // U+0171
    { 30, 40, 498, 1, 30, 300, 23638 }, // U+0172
    { 26, 33, 416, 0, 23, 215, 23938 }, // U+0173
    { 43, 40, 682, 0, 39, 430, 24153 }, // U+0174
    { 35, 35, 541, -1, 34, 307, 24583 }, // U+0175
    { 27, 39, 429, 0, 39, 264, 24890 }, // U+0176
    { 24, 44, 359, -1, 34, 264, 25154 }, // U+0177
    { 27, 37, 429, 0, 37, 250, 25418 }, // U+0178
    { 23, 39, 413, 1, 39, 225, 25668 }, // U+0179
    { 18, 34, 326, 1, 34, 153, 25893 }, // U+017A
    { 23, 38, 413, 1, 38, 219, 26046 }, // U+017B
    { 18, 32, 326, 1, 32, 144, 26265 }, // U+017C
    { 23, 39, 413, 1, 39, 225, 26409 }, // U+017D
    { 18, 34, 326, 1, 34, 153, 26634 }, // U+017E
    { 17, 33, 236, 1, 33, 141, 26787 }, // U+017F
    { 28, 37, 502, 2, 36, 259, 0 }, // U+01A0
    { 23, 30, 385, 1, 29, 173, 259 }, // U+01A1
    { 31, 37, 499, 1, 36, 287, 432 }, // U+01AF
    { 26, 30, 427, 0, 29, 195, 719 }, // U+01B0
    { 52, 39, 871, 1, 39, 507, 914 }, // U+01C4
    { 48, 34, 803, 1, 34, 408, 1421 }, // U+01C5
    { 43, 35, 723, 1, 34, 377, 1829 }, // U+01C6
    { 35, 37, 589, 1, 30, 324, 2206 }, // U+01C7
    { 31, 42, 555, 1, 32, 326, 2530 }, // U+01C8
    { 20, 43, 377, 1, 33, 215, 2856 }, // U+01C9
    { 45, 37, 747, 1, 30, 417, 3071 }, // U+01CA
    { 40, 42, 700, 1, 32, 420, 3488 }, // U+01CB
    { 34, 42, 609, 1, 32, 357, 3908 }, // U+01CC
    { 30, 39, 473, 0, 39, 293, 4265 }, // U+01CD
    { 22, 35, 368, 1, 34, 193, 4558 }, // U+01CE
    { 15, 39, 237, 0, 39, 147, 4751 }, // U+01CF
    { 13, 34, 203, 0, 34, 111, 4898 }, // U+01D0
    { 27, 40, 494, 2, 39, 270, 5009 }, // U+01D1
    { 22, 35, 384, 1, 34, 193, 5279 }, // U+01D2
    { 30, 40, 498, 1, 39, 300, 5472 }, // U+01D3
    { 26, 35, 416, 0, 34, 228, 5772 }, // U+01D4
    { 30, 42, 498, 1, 41, 315, 6000 }, // U+01D5
    { 26, 36, 416, 0, 35, 234, 6315 }, // U+01D6
    { 30, 43, 498, 1, 42, 323, 6549 }, // U+01D7
    { 26, 38, 416, 0, 37, 247, 6872 }, // U+01D8
    { 30, 43, 498, 1, 42, 323, 7119 }, // U+01D9
    { 26, 38, 416, 0, 37, 247, 7442 }, // U+01DA
    { 30, 43, 498, 1, 42, 323, 7689 }, // U+01DB
    { 26, 38, 416, 0, 37, 247, 8012 }, // U+01DC
    { 28, 40, 487, 2, 39, 280, 8259 }, // U+01E6
    { 22, 44, 376, 1, 34, 242, 8539 }, // U+01E7
    { 27, 40, 494, 2, 30, 270, 8781 }, // U+01EA
    { 22, 33, 384, 1, 23, 182, 9051 }, // U+01EB
    { 52, 30, 871, 1, 30, 390, 9233 }, // U+01F1
    { 48, 30, 803, 1, 30, 360, 9623 }, // U+01F2
    { 43, 34, 723, 1, 33, 366, 9983 }, // U+01F3
    { 30, 46, 473, 0, 46, 345, 10349 }, // U+01FA
    { 22, 41, 368, 1, 40, 226, 10694 }, // U+01FB
    { 37, 39, 630, 0, 39, 361, 10920 }, // U+01FC
    { 34, 35, 577, 1, 34, 298, 11281 }, // U+01FD
    { 27, 43, 495, 2, 39, 291, 11579 }, // U+01FE
    { 22, 38, 386, 1, 34, 209, 11870 }, // U+01FF
    { 30, 40, 473, 0, 40, 300, 12079 }, // U+0200
    { 22, 35, 368, 1, 34, 193, 12379 }, // U+0201
    { 30, 38, 473, 0, 38, 285, 12572 }, // U+0202
    { 22, 34, 368, 1, 33, 187, 12857 }, // U+0203
    { 23, 40, 411, 1, 40, 230, 13044 }, // U+0204
    { 20, 35, 366, 1, 34, 175, 13274 }, // U+0205
    { 23, 38, 411, 1, 38, 219, 13449 }, // U+0206
    { 20, 34, 366, 1, 33, 170, 13668 }, // U+0207
    { 13, 40, 237, 0, 40, 130, 13838 }, // U+0208
    { 14, 34, 203, -2, 34, 119, 13968 }, // U+0209
    { 13, 38, 237, 1, 38, 124, 14087 }, // U+020A
    { 13, 33, 203, 0, 33, 108, 14211 }, // U+020B
    { 27, 41, 494, 2, 40, 277, 14319 }, // U+020C
    { 22, 35, 384, 1, 34, 193, 14596 }, // U+020D
    { 27, 39, 494, 2, 38, 264, 14789 }, // U+020E
    { 22, 34, 384, 1, 33, 187, 15053 }, // U+020F
    { 26, 40, 441, 1, 40, 260, 15240 }, // U+0210
    { 18, 34, 301, 1, 34, 153, 15500 }, // U+0211
    { 26, 38, 441, 1, 38, 247, 15653 }, // U+0212
    { 18, 33, 301, 1, 33, 149, 15900 }, // U+0213
    { 30, 41, 498, 1, 40, 308, 16049 }, // U+0214
    { 26, 35, 416, 0, 34, 228, 16357 }, // U+0215
    { 30, 39, 498, 1, 38, 293, 16585 }, // U+0216
    { 26, 34, 416, 0, 33, 221, 16878 }, // U+0217
    { 21, 43, 400, 2, 30, 226, 17099 }, // U+0218
    { 17, 36, 330, 2, 23, 153, 17325 }, // U+0219
    { 23, 43, 396, 1, 30, 248, 17478 }, // U+021A
    { 15, 41, 249, 0, 28, 154, 17726 }, // U+021B
    { 11, 9, 0, 1, 34, 25, 0 }, // U+0300
    { 11, 9, 0, 2, 34, 25, 25 }, // U+0301
    { 16, 8, 0, 2, 34, 32, 50 }, // U+0302
    { 16, 7, 0, 2, 33, 28, 82 }, // U+0303
    { 12, 4, 0, 3, 31, 12, 110 }, // U+0304
    { 13, 7, 0, 2, 33, 23, 122 }, // U+0306
    { 6, 6, 0, 1, 32, 9, 145 }, // U+0307
    { 15, 6, 0, 2, 32, 23, 154 }, // U+0308
    { 10, 9, 0, 1, 34, 23, 177 }, // U+0309
    { 11, 10, 0, 2, 35, 28, 200 }, // U+030A
    { 13, 9, 0, 2, 34, 30, 228 }, // U+030B
    { 15, 8, 0, 1, 34, 30, 258 }, // U+030C
    { 13, 9, 0, 2, 34, 30, 288 }, // U+030F
    { 13, 8, 0, 2, 33, 26, 318 }, // U+0311
    { 6, 10, 0, 1, 36, 15, 344 }, // U+0312
    { 7, 10, 0, 1, 29, 18, 359 }, // U+031B
    { 6, 6, 0, 1, -2, 9, 377 }, // U+0323
    { 15, 6, 0, 2, -2, 23, 386 }, // U+0324
    { 6, 11, 0, 1, -2, 17, 409 }, // U+0326
    { 10, 10, 0, 2, 0, 25, 426 }, // U+0327
    { 10, 13, 0, 1, 3, 33, 451 }, // U+0328
    { 13, 7, 0, 2, -2, 23, 484 }, // U+032E
    { 12, 4, 0, 3, -4, 12, 507 }, // U+0331
    { 16, 3, 0, 2, 14, 12, 519 }, // U+0335
    { 0, 0, 0, 0, 0, 0, 531 }, // U+034F
    { 27, 31, 431, 0, 30, 210, 0 }, // U+03BB
    { 23, 39, 411, 1, 39, 225, 0 }, // U+0400
    { 23, 37, 411, 1, 37, 213, 225 }, // U+0401
    { 29, 31, 503, 1, 30, 225, 438 }, // U+0402
    { 22, 39, 374, 1, 39, 215, 663 }, // U+0403
    { 24, 31, 431, 2, 30, 186, 878 }, // U+0404
    { 21, 31, 400, 2, 30, 163, 1064 }, // U+0405
    { 12, 30, 237, 1, 30, 90, 1227 }, // U+0406
    { 14, 37, 237, 0, 37, 130, 1317 }, // U+0407
    { 15, 37, 223, -2, 30, 139, 1447 }, // U+0408
    { 40, 31, 645, 0, 30, 310, 1586 }, // U+0409
    { 41, 30, 681, 1, 30, 308, 1896 }, // U+040A
    { 33, 30, 539, 1, 30, 248, 2204 }, // U+040B
    { 29, 39, 475, 1, 39, 283, 2452 }, // U+040C
    { 31, 39, 539, 1, 39, 303, 2735 }, // U+040D
    { 29, 39, 453, 0, 38, 283, 3038 }, // U+040E
    { 30, 38, 515, 1, 30, 285, 3321 }, // U+040F
    { 30, 30, 473, 0, 30, 225, 3606 }, // U+0410
    { 24, 30, 419, 1, 30, 180, 3831 }, // U+0411
    { 24, 30, 431, 1, 30, 180, 4011 }, // U+0412
    { 22, 30, 374, 1, 30, 165, 4191 }, // U+0413
    { 28, 38, 467, 0, 30, 266, 4356 }, // U+0414
    { 23, 30, 411, 1, 30, 173, 4622 }, // U+0415
    { 43, 30, 688, 0, 30, 323, 4795 }, // U+0416
    { 21, 31, 387, 1, 30, 163, 5118 }, // U+0417
    { 31, 30, 539, 1, 30, 233, 5281 }, // U+0418
    { 31, 38, 539, 1, 38, 295, 5514 }, // U+0419
    { 29, 30, 475, 1, 30, 218, 5809 }, // U+041A
    { 28, 31, 476, 0, 30, 217, 6027 }, // U+041B
    { 35, 30, 590, 1, 30, 263, 6244 }, // U+041C
    { 31, 30, 529, 1, 30, 233, 6507 }, // U+041D
    { 27, 31, 494, 2, 30, 210, 6740 }, // U+041E
    { 30, 30, 518, 1, 30, 225, 6950 }, // U+041F
    { 23, 30, 401, 1, 30, 173, 7175 }, // U+0420
    { 23, 31, 427, 2, 30, 179, 7348 }, // U+0421
    { 23, 30, 396, 1, 30, 173, 7527 }, // U+0422
    { 29, 31, 453, 0, 30, 225, 7700 }, // U+0423
    { 31, 32, 533, 1, 31, 248, 7925 }, // U+0424
    { 29, 30, 468, 0, 30, 218, 8173 }, // U+0425
    { 31, 38, 522, 1, 30, 295, 8391 }, // U+0426
    { 28, 30, 463, 0, 30, 210, 8686 }, // U+0427
    { 41, 30, 692, 1, 30, 308, 8896 }, // U+0428
    { 42, 38, 701, 1, 30, 399, 9204 }, // U+0429
    { 29, 30, 485, 1, 30, 218, 9603 }, // U+042A
    { 36, 30, 611, 1, 30, 270, 9821 }, // U+042B
    { 24, 30, 407, 1, 30, 180, 10091 }, // U+042C
    { 24, 31, 435, 1, 30, 186, 10271 }, // U+042D
    { 40, 31, 684, 1, 30, 310, 10457 }, // U+042E
    { 26, 30, 437, 0, 30, 195, 10767 }, // U+042F
    { 22, 24, 368, 1, 23, 132, 10962 }, // U+0430
    { 21, 36, 393, 2, 35, 189, 11094 }, // U+0431
    { 21, 23, 379, 1, 23, 121, 11283 }, // U+0432
    { 19, 23, 324, 1, 23, 110, 11404 }, // U+0433
    { 25, 30, 411, 0, 23, 188, 11514 }, // U+0434
    { 20, 24, 366, 1, 23, 120, 11702 }, // U+0435
    { 36, 23, 571, 0, 23, 207, 11822 }, // U+0436
    { 18, 24, 327, 1, 23, 108, 12029 }, // U+0437
    { 26, 23, 443, 1, 23, 150, 12137 }, // U+0438
    { 26, 33, 443, 1, 33, 215, 12287 }, // U+0439
    { 24, 23, 397, 1, 23, 138, 12502 }, // U+043A
    { 24, 24, 405, 0, 23, 144, 12640 }, // U+043B
    { 29, 23, 501, 1, 23, 167, 12784 }, // U+043C
    { 26, 23, 443, 1, 23, 150, 12951 }, // U+043D
    { 22, 24, 384, 1, 23, 132, 13101 }, // U+043E
    { 26, 23, 441, 1, 23, 150, 13233 }, // U+043F
    { 23, 33, 400, 1, 23, 190, 13383 }, // U+0440
    { 20, 24, 343, 1, 23, 120, 13573 }, // U+0441
    { 22, 23, 351, 0, 23, 127, 13693 }, // U+0442
    { 24, 33, 359, -1, 23, 198, 13820 }, // U+0443
    { 27, 43, 470, 1, 33, 291, 14018 }, // U+0444
    { 23, 23, 373, 0, 23, 133, 14309 }, // U+0445
    { 26, 30, 443, 1, 23, 195, 14442 }, // U+0446
    { 25, 23, 399, -1, 23, 144, 14637 }, // U+0447
    { 35, 23, 599, 1, 23, 202, 14781 }, // U+0448
    { 37, 30, 607, 1, 23, 278, 14983 }, // U+0449
    { 25, 23, 407, 0, 23, 144, 15261 }, // U+044A
    { 32, 23, 543, 1, 23, 184, 15405 }, // U+044B
    { 20, 23, 347, 1, 23, 115, 15589 }, // U+044C
    { 19, 24, 345, 1, 23, 114, 15704 }, // U+044D
    { 33, 24, 559, 1, 23, 198, 15818 }, // U+044E
    { 22, 23, 375, 0, 23, 127, 16016 }, // U+044F
    { 20, 35, 366, 1, 34, 175, 16143 }, // U+0450
    { 20, 33, 366, 1, 32, 165, 16318 }, // U+0451
    { 22, 43, 398, 1, 33, 237, 16483 }, // U+0452
    { 19, 34, 324, 1, 34, 162, 16720 }, // U+0453
    { 20, 24, 345, 1, 23, 120, 16882 }, // U+0454
    { 17, 24, 330, 2, 23, 102, 17002 }, // U+0455
    { 11, 32, 203, 1, 32, 88, 17104 }, // U+0456
    { 14, 32, 203, -1, 32, 112, 17192 }, // U+0457
    { 11, 42, 201, -1, 32, 116, 17304 }, // U+0458
    { 33, 24, 535, 0, 23, 198, 17420 }, // U+0459
    { 34, 23, 566, 1, 23, 196, 17618 }, // U+045A
    { 25, 33, 414, 1, 33, 207, 17814 }, // U+045B
    { 24, 34, 397, 1, 34, 204, 18021 }, // U+045C
    { 26, 34, 443, 1, 34, 221, 18225 }, // U+045D
    { 24, 43, 359, -1, 33, 258, 18446 }, // U+045E
    { 25, 30, 434, 1, 23, 188, 18704 }, // U+045F
    { 28, 30, 475, 1, 30, 210, 18892 }, // U+0462
    { 24, 33, 403, 0, 33, 198, 19102 }, // U+0463
    { 42, 30, 670, 0, 30, 315, 19300 }, // U+046A
    { 35, 23, 569, 0, 23, 202, 19615 }, // U+046B
    { 27, 31, 494, 2, 30, 210, 19817 }, // U+0472
    { 22, 24, 384, 1, 23, 132, 20027 }, // U+0473
    { 31, 31, 488, 0, 30, 241, 20159 }, // U+0474
    { 27, 24, 394, -1, 23, 162, 20400 }, // U+0475
    { 31, 41, 488, 0, 40, 318, 20562 }, // U+0476
    { 27, 35, 394, -1, 34, 237, 20880 }, // U+0477
    { 32, 38, 545, 1, 30, 304, 21117 }, // U+048A
    { 27, 30, 446, 1, 23, 203, 21421 }, // U+048B
    { 23, 30, 415, 2, 30, 173, 21624 }, // U+048C
    { 21, 33, 350, 1, 33, 174, 21797 }, // U+048D
    { 23, 30, 401, 1, 30, 173, 21971 }, // U+048E
    { 23, 33, 394, 1, 23, 190, 22144 }, // U+048F
    { 21, 36, 353, 1, 36, 189, 22334 }, // U+0490
    { 19, 27, 323, 1, 27, 129, 22523 }, // U+0491
    { 22, 30, 374, 1, 30, 165, 22652 }, // U+0492
    { 19, 23, 324, 1, 23, 110, 22817 }, // U+0493
    { 24, 34, 435, 1, 30, 204, 22927 }, // U+0494
    { 21, 33, 383, 1, 23, 174, 23131 }, // U+0495
    { 44, 38, 700, 0, 30, 418, 23305 }, // U+0496
    { 37, 30, 581, 0, 23, 278, 23723 }, // U+0497
    { 21, 38, 388, 1, 30, 200, 24001 }, // U+0498
    { 18, 30, 327, 1, 23, 135, 24201 }, // U+0499
    { 30, 38, 491, 1, 30, 285, 24336 }, // U+049A
    { 25, 30, 413, 1, 23, 188, 24621 }, // U+049B
    { 30, 30, 497, 1, 30, 225, 24809 }, // U+049C
    { 25, 23, 418, 1, 23, 144, 25034 }, // U+049D
    { 28, 30, 481, 2, 30, 210, 25178 }, // U+049E
    { 24, 33, 384, 0, 33, 198, 25388 }, // U+049F
    { 29, 30, 475, 1, 30, 218, 25586 }, // U+04A0
    { 28, 23, 451, 0, 23, 161, 25804 }, // U+04A1
    { 32, 38, 537, 1, 30, 304, 25965 }, // U+04A2
    { 27, 30, 453, 1, 23, 203, 26269 }, // U+04A3
    { 39, 30, 649, 1, 30, 293, 26472 }, // U+04A4
    { 34, 23, 557, 1, 23, 196, 26765 }, // U+04A5
    { 40, 35, 679, 1, 30, 350, 26961 }, // U+04A6
    { 36, 34, 606, 1, 23, 306, 27311 }, // U+04A7
    { 33, 31, 577, 2, 30, 256, 27617 }, // U+04A8
    { 28, 24, 481, 1, 23, 168, 27873 }, // U+04A9
    { 23, 38, 427, 2, 30, 219, 28041 }, // U+04AA
    { 20, 30, 343, 1, 23, 150, 28260 }, // U+04AB
    { 23, 38, 396, 1, 30, 219, 28410 }, // U+04AC
    { 22, 30, 351, 0, 23, 165, 28629 }, // U+04AD
    { 27, 30, 429, 0, 30, 203, 28794 }, // U+04AE
    { 25, 33, 368, -1, 23, 207, 28997 }, // U+04AF
    { 27, 30, 429, 0, 30, 203, 29204 }, // U+04B0
    { 25, 33, 368, -1, 23, 207, 29407 }, // U+04B1
    { 30, 38, 481, 0, 30, 285, 29614 }, // U+04B2
    { 24, 30, 389, 0, 23, 180, 29899 }, // U+04B3
    { 36, 38, 612, 1, 30, 342, 30079 }, // U+04B4
    { 31, 30, 498, 0, 23, 233, 30421 }, // U+04B5
    { 29, 38, 470, 0, 30, 276, 30654 }, // U+04B6
    { 26, 30, 409, -1, 23, 195, 30930 }, // U+04B7
    { 28, 30, 471, 0, 30, 210, 31125 }, // U+04B8
    { 25, 23, 405, -1, 23, 144, 31335 }, // U+04B9
    { 27, 30, 456, 1, 30, 203, 31479 }, // U+04BA
    { 25, 33, 425, 1, 33, 207, 31682 }, // U+04BB
    { 33, 31, 559, 0, 30, 256, 31889 }, // U+04BC
    { 26, 24, 435, 0, 23, 156, 32145 }, // U+04BD
    { 33, 38, 559, 0, 30, 314, 32301 }, // U+04BE
    { 26, 30, 439, 0, 23, 195, 32615 }, // U+04BF
    { 12, 30, 237, 1, 30, 90, 32810 }, // U+04C0
    { 43, 38, 688, 0, 38, 409, 32900 }, // U+04C1
    { 36, 33, 571, 0, 33, 297, 33309 }, // U+04C2
    { 27, 41, 461, 1, 30, 277, 33606 }, // U+04C3
    { 23, 33, 395, 1, 23, 190, 33883 }, // U+04C4
    { 30, 38, 482, 0, 30, 285, 34073 }, // U+04C5
    { 25, 30, 411, 0, 23, 188, 34358 }, // U+04C6
    { 31, 40, 521, 1, 30, 310, 34546 }, // U+04C7
    { 26, 33, 435, 1, 23, 215, 34856 }, // U+04C8
    { 32, 38, 538, 1, 30, 304, 35071 }, // U+04C9
    { 27, 30, 446, 1, 23, 203, 35375 }, // U+04CA
    { 28, 38, 464, 0, 30, 266, 35578 }, // U+04CB
    { 25, 30, 398, -1, 23, 188, 35844 }, // U+04CC
    { 36, 38, 597, 1, 30, 342, 36032 }, // U+04CD
    { 30, 30, 504, 1, 23, 225, 36374 }, // U+04CE
    { 11, 33, 206, 1, 33, 91, 36599 }, // U+04CF
    { 30, 38, 473, 0, 38, 285, 36690 }, // U+04D0
    { 21, 34, 377, 2, 33, 179, 36975 }, // U+04D1
    { 30, 37, 473, 0, 37, 278, 37154 }, // U+04D2
    { 21, 33, 377, 2, 32, 174, 37432 }, // U+04D3
    { 37, 30, 630, 0, 30, 278, 37606 }, // U+04D4
    { 34, 24, 577, 1, 23, 204, 37884 }, // U+04D5
    { 23, 38, 411, 1, 38, 219, 38088 }, // U+04D6
    { 20, 34, 375, 2, 33, 170, 38307 }, // U+04D7
    { 25, 31, 458, 2, 30, 194, 38477 }, // U+04D8
    { 20, 24, 374, 2, 23, 120, 38671 }, // U+04D9
    { 25, 38, 458, 2, 37, 238, 38791 }, // U+04DA
    { 20, 33, 383, 2, 32, 165, 39029 }, // U+04DB
    { 43, 37, 688, 0, 37, 398, 39194 }, // U+04DC
    { 36, 32, 571, 0, 32, 288, 39592 }, // U+04DD
    { 21, 38, 387, 1, 37, 200, 39880 }, // U+04DE
    { 18, 33, 327, 1, 32, 149, 40080 }, // U+04DF
    { 21, 31, 377, 1, 30, 163, 40229 }, // U+04E0
    { 20, 33, 321, 0, 23, 165, 40392 }, // U+04E1
    { 31, 36, 539, 1, 36, 279, 40557 }, // U+04E2
    { 26, 31, 443, 1, 31, 202, 40836 }, // U+04E3
    { 31, 37, 539, 1, 37, 287, 41038 }, // U+04E4
    { 26, 32, 443, 1, 32, 208, 41325 }, // U+04E5
    { 27, 38, 494, 2, 37, 257, 41533 }, // U+04E6
    { 21, 33, 393, 2, 32, 174, 41790 }, // U+04E7
    { 27, 31, 494, 2, 30, 210, 41964 }, // U+04E8
    { 21, 24, 393, 2, 23, 126, 42174 }, // U+04E9
    { 27, 38, 494, 2, 37, 257, 42300 }, // U+04EA
    { 21, 33, 401, 2, 32, 174, 42557 }, // U+04EB
    { 24, 38, 435, 1, 37, 228, 42731 }, // U+04EC
    { 19, 33, 345, 1, 32, 157, 42959 }, // U+04ED
    { 29, 37, 453, 0, 36, 269, 43116 }, // U+04EE
    { 23, 41, 367, 0, 31, 236, 43385 }, // U+04EF
    { 29, 38, 453, 0, 37, 276, 43621 }, // U+04F0
    { 23, 42, 367, 0, 32, 242, 43897 }, // U+04F1
    { 29, 40, 453, 0, 39, 290, 44139 }, // U+04F2
    { 23, 44, 367, 0, 34, 253, 44429 }, // U+04F3
    { 28, 37, 463, 0, 37, 259, 44682 }, // U+04F4
    { 25, 32, 399, -1, 32, 200, 44941 }, // U+04F5
    { 22, 38, 374, 1, 30, 209, 45141 }, // U+04F6
    { 19, 30, 324, 1, 23, 143, 45350 }, // U+04F7
    { 36, 37, 611, 1, 37, 333, 45493 }, // U+04F8
    { 32, 32, 543, 1, 32, 256, 45826 }, // U+04F9
    { 21, 40, 383, 2, 30, 210, 46082 }, // U+04FA
    { 19, 33, 334, 2, 23, 157, 46292 }, // U+04FB
    { 28, 40, 459, 0, 30, 280, 46449 }, // U+04FC
    { 23, 33, 364, 0, 23, 190, 46729 }, // U+04FD
    { 29, 30, 469, 0, 30, 218, 46919 }, // U+04FE
    { 23, 23, 375, 0, 23, 133, 47137 }, // U+04FF
    { 30, 38, 473, 0, 30, 285, 0 }, // U+1EA0
    { 22, 31, 368, 1, 23, 171, 285 }, // U+1EA1
    { 30, 40, 473, 0, 40, 300, 456 }, // U+1EA2
    { 22, 35, 368, 1, 34, 193, 756 }, // U+1EA3
    { 30, 43, 473, 0, 43, 323, 949 }, // U+1EA4
    { 22, 39, 368, 1, 38, 215, 1272 }, // U+1EA5
    { 30, 43, 473, 0, 43, 323, 1487 }, // U+1EA6
    { 22, 39, 368, 1, 38, 215, 1810 }, // U+1EA7
    { 30, 45, 473, 0, 45, 338, 2025 }, // U+1EA8
    { 22, 39, 368, 1, 38, 215, 2363 }, // U+1EA9
    { 30, 43, 473, 0, 43, 323, 2578 }, // U+1EAA
    { 22, 39, 368, 1, 38, 215, 2901 }, // U+1EAB
    { 30, 47, 473, 0, 39, 353, 3116 }, // U+1EAC
    { 22, 42, 368, 1, 34, 231, 3469 }, // U+1EAD
    { 30, 44, 473, 0, 44, 330, 3700 }, // U+1EAE
    { 22, 39, 368, 1, 38, 215, 4030 }, // U+1EAF
    { 30, 44, 473, 0, 44, 330, 4245 }, // U+1EB0
    { 22, 39, 368, 1, 38, 215, 4575 }, // U+1EB1
    { 30, 45, 473, 0, 45, 338, 4790 }, // U+1EB2
    { 22, 40, 368, 1, 39, 220, 5128 }, // U+1EB3
    { 30, 43, 473, 0, 43, 323, 5348 }, // U+1EB4
    { 22, 38, 368, 1, 37, 209, 5671 }, // U+1EB5
    { 30, 46, 473, 0, 38, 345, 5880 }, // U+1EB6
    { 22, 41, 368, 1, 33, 226, 6225 }, // U+1EB7
    { 23, 38, 411, 1, 30, 219, 6451 }, // U+1EB8
    { 20, 31, 366, 1, 23, 155, 6670 }, // U+1EB9
    { 23, 40, 411, 1, 40, 230, 6825 }, // U+1EBA
    { 20, 35, 366, 1, 34, 175, 7055 }, // U+1EBB
    { 23, 38, 411, 1, 38, 219, 7230 }, // U+1EBC
    { 20, 34, 366, 1, 33, 170, 7449 }, // U+1EBD
    { 25, 43, 411, 1, 43, 269, 7619 }, // U+1EBE
    { 22, 39, 366, 1, 38, 215, 7888 }, // U+1EBF
    { 23, 43, 411, 1, 43, 248, 8103 }, // U+1EC0
    { 20, 39, 366, 1, 38, 195, 8351 }, // U+1EC1
    { 23, 45, 411, 1, 45, 259, 8546 }, // U+1EC2
    { 22, 39, 366, 1, 38, 215, 8805 }, // U+1EC3
    { 23, 43, 411, 1, 43, 248, 9020 }, // U+1EC4
    { 20, 39, 366, 1, 38, 195, 9268 }, // U+1EC5
    { 23, 47, 411, 1, 39, 271, 9463 }, // U+1EC6
    { 20, 42, 366, 1, 34, 210, 9734 }, // U+1EC7
    { 12, 40, 237, 1, 40, 120, 9944 }, // U+1EC8
    { 11, 34, 203, 1, 34, 94, 10064 }, // U+1EC9
    { 12, 38, 237, 1, 30, 114, 10158 }, // U+1ECA
    { 11, 40, 203, 1, 32, 110, 10272 }, // U+1ECB
    { 27, 38, 494, 2, 30, 257, 10382 }, // U+1ECC
    { 22, 31, 384, 1, 23, 171, 10639 }, // U+1ECD
    { 27, 41, 494, 2, 40, 277, 10810 }, // U+1ECE
    { 22, 35, 384, 1, 34, 193, 11087 }, // U+1ECF
    { 27, 44, 494, 2, 43, 297, 11280 }, // U+1ED0
    { 23, 39, 384, 1, 38, 225, 11577 }, // U+1ED1
    { 27, 44, 494, 2, 43, 297, 11802 }, // U+1ED2
    { 22, 39, 384, 1, 38, 215, 12099 }, // U+1ED3
    { 27, 46, 494, 2, 45, 311, 12314 }, // U+1ED4
    { 22, 39, 384, 1, 38, 215, 12625 }, // U+1ED5
    { 27, 44, 494, 2, 43, 297, 12840 }, // U+1ED6
    { 22, 39, 384, 1, 38, 215, 13137 }, // U+1ED7
    { 27, 47, 494, 2, 39, 318, 13352 }, // U+1ED8
    { 22, 42, 384, 1, 34, 231, 13670 }, // U+1ED9
    { 28, 40, 502, 2, 39, 280, 13901 }, // U+1EDA
    { 23, 35, 385, 1, 34, 202, 14181 }, // U+1EDB
    { 28, 40, 502, 2, 39, 280, 14383 }, // U+1EDC
    { 23, 35, 385, 1, 34, 202, 14663 }, // U+1EDD
    { 28, 41, 502, 2, 40, 287, 14865 }, // U+1EDE
    { 23, 35, 385, 1, 34, 202, 15152 }, // U+1EDF
    { 28, 39, 502, 2, 38, 273, 15354 }, // U+1EE0
    { 23, 34, 385, 1, 33, 196, 15627 }, // U+1EE1
    { 28, 44, 502, 2, 36, 308, 15823 }, // U+1EE2
    { 23, 37, 385, 1, 29, 213, 16131 }, // U+1EE3
    { 30, 38, 498, 1, 30, 285, 16344 }, // U+1EE4
    { 26, 31, 416, 0, 23, 202, 16629 }, // U+1EE5
    { 30, 41, 498, 1, 40, 308, 16831 }, // U+1EE6
    { 26, 35, 416, 0, 34, 228, 17139 }, // U+1EE7
    { 31, 40, 499, 1, 39, 310, 17367 }, // U+1EE8
    { 26, 35, 427, 0, 34, 228, 17677 }, // U+1EE9
    { 31, 40, 499, 1, 39, 310, 17905 }, // U+1EEA
    { 26, 35, 427, 0, 34, 228, 18215 }, // U+1EEB
    { 31, 41, 499, 1, 40, 318, 18443 }, // U+1EEC
    { 26, 35, 427, 0, 34, 228, 18761 }, // U+1EED
    { 31, 39, 499, 1, 38, 303, 18989 }, // U+1EEE
    { 26, 34, 427, 0, 33, 221, 19292 }, // U+1EEF
    { 31, 44, 499, 1, 36, 341, 19513 }, // U+1EF0
    { 26, 37, 427, 0, 29, 241, 19854 }, // U+1EF1
    { 27, 39, 429, 0, 39, 264, 20095 }, // U+1EF2
    { 24, 44, 359, -1, 34, 264, 20359 }, // U+1EF3
    { 27, 38, 429, 0, 30, 257, 20623 }, // U+1EF4
    { 24, 33, 365, -1, 23, 198, 20880 }, // U+1EF5
    { 27, 40, 429, 0, 40, 270, 21078 }, // U+1EF6
    { 24, 44, 359, -1, 34, 264, 21348 }, // U+1EF7
    { 27, 38, 429, 0, 38, 257, 21612 }, // U+1EF8
    { 24, 43, 359, -1, 33, 258, 21869 }, // U+1EF9
    { 0, 0, 367, 0, 0, 0, 0 }, // U+2007
    { 0, 0, 145, 0, 0, 0, 0 }, // U+2008
    { 0, 0, 65, 0, 0, 0, 0 }, // U+2009
    { 0, 0, 67, 0, 0, 0, 0 }, // U+200A
    { 0, 0, 0, 0, 0, 0, 0 }, // U+200B
    { 0, 0, 0, 0, 0, 0, 0 }, // U+200C
    { 0, 0, 0, 0, 0, 0, 0 }, // U+200D
    { 0, 0, 0, 0, 0, 0, 0 }, // U+200E
    { 0, 0, 0, 0, 0, 0, 0 }, // U+200F
    { 14, 4, 288, 2, 14, 14, 0 }, // U+2010
    { 23, 4, 443, 2, 17, 23, 14 }, // U+2012
    { 21, 4, 409, 2, 14, 21, 37 }, // U+2013
    { 32, 4, 576, 2, 14, 32, 58 }, // U+2014
    { 32, 4, 576, 2, 14, 32, 90 }, // U+2015
    { 22, 10, 329, -1, -2, 55, 122 }, // U+2017
    { 7, 12, 140, 1, 33, 21, 177 }, // U+2018
    { 7, 12, 140, 1, 33, 21, 198 }, // U+2019
    { 7, 12, 140, 1, 5, 21, 219 }, // U+201A
    { 7, 12, 140, 1, 33, 21, 240 }, // U+201B
    { 13, 12, 250, 1, 34, 39, 261 }, // U+201C
    { 14, 12, 250, 1, 33, 42, 300 }, // U+201D
    { 14, 12, 250, 1, 5, 42, 342 }, // U+201E
    { 18, 32, 322, 1, 29, 144, 384 }, // U+2020
    { 18, 32, 322, 1, 29, 144, 528 }, // U+2021
    { 12, 12, 263, 2, 19, 36, 672 }, // U+2022
    { 19, 6, 413, 3, 5, 29, 708 }, // U+2025
    { 26, 6, 468, 2, 5, 39, 737 }, // U+2026
    { 0, 0, 0, 0, 0, 0, 776 }, // U+202A
    { 0, 0, 0, 0, 0, 0, 776 }, // U+202B
    { 0, 0, 0, 0, 0, 0, 776 }, // U+202C
    { 0, 0, 0, 0, 0, 0, 776 }, // U+202D
    { 0, 0, 0, 0, 0, 0, 776 }, // U+202E
    { 48, 31, 835, 2, 30, 372, 776 }, // U+2030
    { 7, 12, 195, 3, 33, 21, 1148 }, // U+2032
    { 13, 12, 296, 3, 33, 39, 1169 }, // U+2033
    { 9, 19, 208, 2, 21, 43, 1208 }, // U+2039
    { 9, 19, 208, 2, 21, 43, 1251 }, // U+203A
    { 15, 31, 364, 4, 30, 117, 1294 }, // U+203C
    { 16, 3, 274, 1, 28, 12, 1411 }, // U+203E
    { 23, 31, 111, -8, 30, 179, 1423 }, // U+2044
    { 0, 0, 0, 0, 0, 0, 1602 }, // U+2060
    { 0, 0, 0, 0, 0, 0, 1602 }, // U+2061
    { 0, 0, 0, 0, 0, 0, 1602 }, // U+2062
    { 0, 0, 0, 0, 0, 0, 1602 }, // U+2063
    { 0, 0, 0, 0, 0, 0, 1602 }, // U+2064
    { 0, 0, 0, 0, 0, 0, 1602 }, // U+2066
    { 0, 0, 0, 0, 0, 0, 1602 }, // U+2067
    { 0, 0, 0, 0, 0, 0, 1602 }, // U+2068
    { 0, 0, 0, 0, 0, 0, 1602 }, // U+2069
    { 0, 0, 0, 0, 0, 0, 1602 }, // U+206A
    { 0, 0, 0, 0, 0, 0, 1602 }, // U+206B
    { 0, 0, 0, 0, 0, 0, 1602 }, // U+206C
    { 0, 0, 0, 0, 0, 0, 1602 }, // U+206D
    { 0, 0, 0, 0, 0, 0, 1602 }, // U+206E
    { 0, 0, 0, 0, 0, 0, 1602 }, // U+206F
    { 15, 19, 279, 1, 32, 72, 0 }, // U+2070
    { 16, 18, 243, -1, 32, 72, 72 }, // U+2074
    { 13, 19, 242, 1, 32, 62, 144 }, // U+2075
    { 14, 19, 252, 1, 32, 67, 206 }, // U+2076
    { 13, 18, 209, 0, 32, 59, 273 }, // U+2077
    { 14, 19, 260, 1, 32, 67, 332 }, // U+2078
    { 14, 19, 252, 1, 32, 67, 399 }, // U+2079
    { 20, 17, 380, 2, 30, 85, 466 }, // U+207F
    { 15, 19, 279, 1, 14, 72, 551 }, // U+2080
    { 12, 18, 188, 0, 14, 54, 623 }, // U+2081
    { 13, 19, 239, 1, 15, 62, 677 }, // U+2082
    { 13, 19, 246, 1, 14, 62, 739 }, // U+2083
    { 16, 18, 243, -1, 14, 72, 801 }, // U+2084
    { 13, 19, 242, 1, 14, 62, 873 }, // U+2085
    { 14, 19, 252, 1, 14, 67, 935 }, // U+2086
    { 13, 18, 209, 0, 14, 59, 1002 }, // U+2087
    { 14, 19, 260, 1, 14, 67, 1061 }, // U+2088
    { 14, 19, 252, 1, 14, 67, 1128 }, // U+2089
    { 25, 41, 458, 2, 35, 257, 0 }, // U+20A1
    { 22, 30, 427, 3, 30, 165, 257 }, // U+20A3
    { 22, 30, 457, 3, 30, 165, 422 }, // U+20A4
    { 33, 30, 603, 3, 30, 248, 587 }, // U+20A6
    { 27, 30, 460, 1, 30, 203, 835 }, // U+20A7
    { 43, 31, 699, 0, 30, 334, 1038 }, // U+20A9
    { 23, 39, 466, 3, 33, 225, 1372 }, // U+20AB
    { 25, 31, 477, 2, 30, 194, 1597 }, // U+20AC
    { 28, 30, 528, 3, 30, 210, 1791 }, // U+20AD
    { 24, 30, 443, 2, 30, 180, 2001 }, // U+20AE
    { 26, 30, 465, 1, 30, 195, 2181 }, // U+20B1
    { 28, 41, 505, 2, 35, 287, 2376 }, // U+20B2
    { 22, 31, 477, 4, 30, 171, 2663 }, // U+20B4
    { 25, 41, 457, 2, 35, 257, 2834 }, // U+20B5
    { 23, 30, 400, 1, 30, 173, 3091 }, // U+20B8
    { 21, 30, 428, 3, 30, 158, 3264 }, // U+20B9
    { 23, 30, 452, 3, 30, 173, 3422 }, // U+20BA
    { 38, 34, 637, 1, 34, 323, 3595 }, // U+20BC
    { 22, 30, 435, 4, 30, 165, 3918 }, // U+20BD
    { 17, 34, 329, 2, 33, 145, 0 }, // U+2113
    { 31, 28, 528, 1, 28, 217, 0 }, // U+2190
    { 27, 30, 467, 1, 30, 203, 217 }, // U+2191
    { 31, 28, 528, 1, 28, 217, 420 }, // U+2192
    { 28, 30, 467, 1, 30, 210, 637 }, // U+2193
    { 42, 28, 714, 1, 28, 294, 847 }, // U+2194
    { 28, 41, 467, 1, 35, 287, 1141 }, // U+2195
    { 28, 45, 467, 1, 36, 315, 1428 }, // U+21A8
    { 21, 34, 401, 2, 33, 179, 0 }, // U+2202
    { 33, 32, 593, 2, 31, 264, 179 }, // U+2205
    { 26, 30, 455, 1, 30, 195, 443 }, // U+2206
    { 29, 40, 531, 2, 30, 290, 638 }, // U+220F
    { 23, 40, 389, 0, 30, 230, 928 }, // U+2211
    { 20, 4, 363, 1, 17, 20, 1158 }, // U+2212
    { 23, 31, 111, -8, 30, 179, 1178 }, // U+2215
    { 6, 6, 179, 2, 16, 9, 1357 }, // U+2219
    { 33, 37, 407, -1, 36, 306, 1366 }, // U+221A
    { 35, 18, 667, 3, 23, 158, 1672 }, // U+221E
    { 23, 23, 425, 3, 23, 133, 1830 }, // U+221F
    { 21, 30, 475, 4, 30, 158, 1963 }, // U+2229
    { 22, 48, 229, -4, 37, 264, 2121 }, // U+222B
    { 21, 15, 401, 2, 22, 79, 2385 }, // U+2248
    { 20, 25, 363, 1, 27, 125, 2464 }, // U+2260
    { 20, 16, 363, 1, 23, 80, 2589 }, // U+2261
    { 19, 25, 407, 3, 26, 119, 2669 }, // U+2264
    { 20, 25, 405, 3, 26, 125, 2788 }, // U+2265
    { 9, 27, 207, 2, 27, 61, 0 }, // U+2669
    { 15, 27, 301, 2, 27, 102, 61 }, // U+266A
    { 23, 30, 427, 2, 28, 173, 163 }, // U+266B
    { 23, 30, 427, 2, 28, 173, 336 }, // U+266C
    { 12, 26, 231, 1, 25, 78, 509 }, // U+266D
    { 12, 27, 238, 1, 18, 81, 587 }, // U+266E
    { 19, 35, 369, 2, 25, 167, 668 }, // U+266F
    { 40, 40, 667, 1, 36, 400, 835 }, // U+4F1A
    { 38, 40, 667, 2, 36, 380, 1235 }, // U+53BB
    { 37, 38, 667, 2, 34, 352, 1615 }, // U+5458
    { 41, 40, 667, 0, 36, 410, 1967 }, // U+59DA
    { 36, 41, 667, 3, 37, 369, 2377 }, // U+5B98
    { 38, 40, 667, 2, 37, 380, 2746 }, // U+5BA4
    { 38, 40, 667, 2, 36, 380, 3126 }, // U+5E26
    { 40, 40, 667, 1, 36, 400, 3506 }, // U+6211
    { 40, 41, 667, 1, 37, 410, 3906 }, // U+62C9
    { 40, 40, 667, 1, 36, 400, 4316 }, // U+653E
    { 40, 40, 667, 1, 36, 400, 4716 }, // U+6746
    { 40, 40, 667, 1, 36, 400, 5116 }, // U+6747
    { 40, 40, 667, 1, 36, 400, 5516 }, // U+6748
    { 39, 40, 667, 1, 36, 390, 5916 }, // U+6749
    { 38, 40, 667, 1, 36, 380, 6306 }, // U+674A
    { 40, 40, 667, 1, 36, 400, 6686 }, // U+674B
    { 40, 40, 667, 1, 36, 400, 7086 }, // U+674C
    { 39, 40, 667, 1, 36, 390, 7486 }, // U+674D
    { 40, 40, 667, 1, 36, 400, 7876 }, // U+674E
    { 40, 40, 667, 1, 36, 400, 8276 }, // U+674F
    { 39, 40, 667, 1, 36, 390, 8676 }, // U+6750
    { 40, 40, 667, 1, 36, 400, 9066 }, // U+6751
    { 38, 41, 667, 1, 36, 390, 9466 }, // U+6752
    { 38, 41, 667, 1, 36, 390, 9856 }, // U+6753
    { 39, 40, 667, 1, 36, 390, 10246 }, // U+6754
    { 40, 40, 667, 1, 36, 400, 10636 }, // U+6755
    { 40, 40, 667, 1, 36, 400, 11036 }, // U+6756
    { 40, 41, 667, 1, 37, 410, 11436 }, // U+6757
    { 40, 38, 667, 1, 34, 380, 11846 }, // U+6758
    { 40, 40, 667, 1, 36, 400, 12226 }, // U+6759
    { 39, 40, 667, 1, 36, 390, 12626 }, // U+675A
    { 38, 40, 667, 1, 36, 380, 13016 }, // U+675B
    { 39, 40, 667, 1, 36, 390, 13396 }, // U+675C
    { 40, 40, 667, 1, 36, 400, 13786 }, // U+675D
    { 40, 40, 667, 1, 36, 400, 14186 }, // U+675E
    { 40, 40, 667, 1, 36, 400, 14586 }, // U+675F
    { 39, 40, 667, 1, 36, 390, 14986 }, // U+6760
    { 40, 40, 667, 1, 36, 400, 15376 }, // U+6761
    { 40, 39, 667, 1, 36, 390, 15776 }, // U+6762
    { 38, 40, 667, 1, 36, 380, 16166 }, // U+6763
    { 39, 41, 667, 1, 36, 400, 16546 }, // U+6764
    { 40, 40, 667, 1, 36, 400, 16946 }, // U+6765
    { 40, 41, 667, 1, 36, 410, 17346 }, // U+6766
    { 40, 40, 667, 1, 36, 400, 17756 }, // U+6767
    { 39, 40, 667, 1, 36, 390, 18156 }, // U+6768
    { 39, 40, 667, 1, 36, 390, 18546 }, // U+6769
    { 39, 40, 667, 1, 36, 390, 18936 }, // U+676A
    { 40, 40, 667, 1, 36, 400, 19326 }, // U+676B
    { 40, 41, 667, 1, 36, 410, 19726 }, // U+676C
    { 40, 41, 667, 1, 37, 410, 20136 }, // U+676D
    { 39, 40, 667, 1, 36, 390, 20546 }, // U+676E
    { 40, 40, 667, 1, 36, 400, 20936 }, // U+676F
    { 38, 40, 667, 2, 36, 380, 21336 }, // U+6770
    { 40, 40, 667, 1, 36, 400, 21716 }, // U+6771
    { 40, 38, 667, 1, 34, 380, 22116 }, // U+6772
    { 40, 40, 667, 1, 36, 400, 22496 }, // U+6773
    { 40, 40, 667, 1, 36, 400, 22896 }, // U+6774
    { 40, 40, 667, 1, 36, 400, 23296 }, // U+6775
    { 40, 40, 667, 1, 36, 400, 23696 }, // U+6776
    { 40, 40, 667, 1, 36, 400, 24096 }, // U+6777
    { 39, 40, 667, 1, 36, 390, 24496 }, // U+6778
    { 40, 41, 667, 1, 36, 410, 24886 }, // U+6779
    { 40, 40, 667, 1, 36, 400, 25296 }, // U+677A
    { 40, 40, 667, 1, 36, 400, 25696 }, // U+677B
    { 40, 41, 667, 1, 36, 410, 26096 }, // U+677C
    { 39, 40, 667, 1, 36, 390, 26506 }, // U+677D
    { 39, 40, 667, 1, 36, 390, 26896 }, // U+677E
    { 40, 40, 667, 1, 36, 400, 27286 }, // U+677F
    { 32, 37, 667, 5, 33, 296, 27686 }, // U+7532
    { 36, 39, 667, 3, 36, 351, 27982 }, // U+7684
    { 40, 40, 667, 1, 35, 400, 28333 }, // U+8BAE
    { 39, 40, 667, 1, 36, 390, 28733 }, // U+8BF7
    { 40, 40, 667, 1, 36, 400, 29123 }, // U+91CA
    { 25, 33, 429, 1, 33, 207, 0 }, // U+FB01
    { 26, 33, 437, 1, 33, 215, 207 }, // U+FB02
};

static const EpdUnicodeInterval bitter_20_regularIntervals[] = {
    { 0x0, 0x17F, 0x0 },
    { 0x1A0, 0x1A1, 0x180 },
    { 0x1AF, 0x1B0, 0x182 },
    { 0x1C4, 0x1DC, 0x184 },
    { 0x1E6, 0x1E7, 0x19D },
    { 0x1EA, 0x1EB, 0x19F },
    { 0x1F1, 0x1F3, 0x1A1 },
    { 0x1FA, 0x21B, 0x1A4 },
    { 0x300, 0x304, 0x1C6 },
    { 0x306, 0x30C, 0x1CB },
    { 0x30F, 0x30F, 0x1D2 },
    { 0x311, 0x312, 0x1D3 },
    { 0x31B, 0x31B, 0x1D5 },
    { 0x323, 0x324, 0x1D6 },
    { 0x326, 0x328, 0x1D8 },
    { 0x32E, 0x32E, 0x1DB },
    { 0x331, 0x331, 0x1DC },
    { 0x335, 0x335, 0x1DD },
    { 0x34F, 0x34F, 0x1DE },
    { 0x3BB, 0x3BB, 0x1DF },
    { 0x400, 0x45F, 0x1E0 },
    { 0x462, 0x463, 0x240 },
    { 0x46A, 0x46B, 0x242 },
    { 0x472, 0x477, 0x244 },
    { 0x48A, 0x4FF, 0x24A },
    { 0x1EA0, 0x1EF9, 0x2C0 },
    { 0x2007, 0x2010, 0x31A },
    { 0x2012, 0x2015, 0x324 },
    { 0x2017, 0x201E, 0x328 },
    { 0x2020, 0x2022, 0x330 },
    { 0x2025, 0x2026, 0x333 },
    { 0x202A, 0x202E, 0x335 },
    { 0x2030, 0x2030, 0x33A },
    { 0x2032, 0x2033, 0x33B },
    { 0x2039, 0x203A, 0x33D },
    { 0x203C, 0x203C, 0x33F },
    { 0x203E, 0x203E, 0x340 },
    { 0x2044, 0x2044, 0x341 },
    { 0x2060, 0x2064, 0x342 },
    { 0x2066, 0x2070, 0x347 },
    { 0x2074, 0x2079, 0x352 },
    { 0x207F, 0x2089, 0x358 },
    { 0x20A1, 0x20A1, 0x363 },
    { 0x20A3, 0x20A4, 0x364 },
    { 0x20A6, 0x20A7, 0x366 },
    { 0x20A9, 0x20A9, 0x368 },
    { 0x20AB, 0x20AE, 0x369 },
    { 0x20B1, 0x20B2, 0x36D },
    { 0x20B4, 0x20B5, 0x36F },
    { 0x20B8, 0x20BA, 0x371 },
    { 0x20BC, 0x20BD, 0x374 },
    { 0x2113, 0x2113, 0x376 },
    { 0x2190, 0x2195, 0x377 },
    { 0x21A8, 0x21A8, 0x37D },
    { 0x2202, 0x2202, 0x37E },
    { 0x2205, 0x2206, 0x37F },
    { 0x220F, 0x220F, 0x381 },
    { 0x2211, 0x2212, 0x382 },
    { 0x2215, 0x2215, 0x384 },
    { 0x2219, 0x221A, 0x385 },
    { 0x221E, 0x221F, 0x387 },
    { 0x2229, 0x2229, 0x389 },
    { 0x222B, 0x222B, 0x38A },
    { 0x2248, 0x2248, 0x38B },
    { 0x2260, 0x2261, 0x38C },
    { 0x2264, 0x2265, 0x38E },
    { 0x2669, 0x266F, 0x390 },
    { 0x4F1A, 0x4F1A, 0x397 },
    { 0x53BB, 0x53BB, 0x398 },
    { 0x5458, 0x5458, 0x399 },
    { 0x59DA, 0x59DA, 0x39A },
    { 0x5B98, 0x5B98, 0x39B },
    { 0x5BA4, 0x5BA4, 0x39C },
    { 0x5E26, 0x5E26, 0x39D },
    { 0x6211, 0x6211, 0x39E },
    { 0x62C9, 0x62C9, 0x39F },
    { 0x653E, 0x653E, 0x3A0 },
    { 0x6746, 0x677F, 0x3A1 },
    { 0x7532, 0x7532, 0x3DB },
    { 0x7684, 0x7684, 0x3DC },
    { 0x8BAE, 0x8BAE, 0x3DD },
    { 0x8BF7, 0x8BF7, 0x3DE },
    { 0x91CA, 0x91CA, 0x3DF },
    { 0xFB01, 0xFB02, 0x3E0 },
};

static const EpdFontGroup bitter_20_regularGroups[] = {
    { 0, 4971, 14585, 128, 0 },
    { 4971, 4475, 18112, 128, 128 },
    { 9446, 5417, 28652, 128, 256 },
    { 14863, 3854, 18921, 70, 384 },
    { 18717, 351, 602, 25, 454 },
    { 19068, 126, 217, 1, 479 },
    { 19194, 10810, 49790, 224, 480 },
    { 30004, 2996, 23246, 90, 704 },
    { 33000, 684, 1736, 55, 794 },
    { 33684, 444, 1339, 18, 849 },
    { 34128, 1513, 4339, 19, 867 },
    { 35641, 93, 170, 1, 886 },
    { 35734, 533, 1778, 7, 887 },
    { 36267, 989, 3126, 18, 894 },
    { 37256, 9138, 29969, 80, 912 },
    { 46394, 131, 462, 2, 992 },
};

static const uint16_t bitter_20_regularKernLeftCodepoints[] = {
    0x0021, 0x0022, 0x0024, 0x0026, 0x0027, 0x0028, 0x002C, 0x002D, 0x002E, 0x002F, 0x0030, 0x0031,
    0x0032, 0x0033, 0x0034, 0x0035, 0x0036, 0x0037, 0x0038, 0x0039, 0x003A, 0x003B, 0x003F, 0x0040,
    0x0041, 0x0042, 0x0043, 0x0044, 0x0045, 0x0046, 0x0047, 0x0048, 0x0049, 0x004A, 0x004B, 0x004C,
    0x004D, 0x004E, 0x004F, 0x0050, 0x0051, 0x0052, 0x0053, 0x0054, 0x0055, 0x0056, 0x0057, 0x0058,
    0x0059, 0x005A, 0x005B, 0x005C, 0x005F, 0x0061, 0x0062, 0x0063, 0x0064, 0x0065, 0x0066, 0x0067,
    0x0068, 0x0069, 0x006A, 0x006B, 0x006C, 0x006D, 0x006E, 0x006F, 0x0070, 0x0071, 0x0072, 0x0073,
    0x0074, 0x0075, 0x0076, 0x0077, 0x0078, 0x0079, 0x007A, 0x007B, 0x00A1, 0x00A2, 0x00A3, 0x00A5,
    0x00A7, 0x00A9, 0x00AB, 0x00AE, 0x00B2, 0x00B5, 0x00B7, 0x00B9, 0x00BB, 0x00C0, 0x00C1, 0x00C2,
    0x00C3, 0x00C4, 0x00C5, 0x00C6, 0x00C7, 0x00C8, 0x00C9, 0x00CA, 0x00CB, 0x00CC, 0x00CD, 0x00CE,
    0x00CF, 0x00D0, 0x00D1, 0x00D2, 0x00D3, 0x00D4, 0x00D5, 0x00D6, 0x00D8, 0x00D9, 0x00DA, 0x00DB,
    0x00DC, 0x00DD, 0x00DE, 0x00DF, 0x00E0, 0x00E1, 0x00E2, 0x00E3, 0x00E4, 0x00E5, 0x00E6, 0x00E7,
    0x00E8, 0x00E9, 0x00EA, 0x00EB, 0x00EC, 0x00ED, 0x00EE, 0x00EF, 0x00F0, 0x00F1, 0x00F2, 0x00F3,
    0x00F4, 0x00F5, 0x00F6, 0x00F8, 0x00F9, 0x00FA, 0x00FB, 0x00FC, 0x00FD, 0x00FE, 0x00FF, 0x0100,
    0x0101, 0x0102, 0x0103, 0x0104, 0x0105, 0x0106, 0x0107, 0x0108, 0x0109, 0x010A, 0x010B, 0x010C,
    0x010D, 0x010E, 0x010F, 0x0110, 0x0111, 0x0112, 0x0113, 0x0114, 0x0115, 0x0116, 0x0117, 0x0118,
    0x0119, 0x011A, 0x011B, 0x011C, 0x011D, 0x011E, 0x011F, 0x0120, 0x0121, 0x0122, 0x0123, 0x0124,
    0x0125, 0x0126, 0x0127, 0x0128, 0x0129, 0x012A, 0x012B, 0x012C, 0x012D, 0x012E, 0x012F, 0x0130,
    0x0131, 0x0132, 0x0133, 0x0134, 0x0135, 0x0136, 0x0137, 0x0138, 0x0139, 0x013A, 0x013B, 0x013C,
    0x013D, 0x013E, 0x013F, 0x0140, 0x0141, 0x0142, 0x0143, 0x0144, 0x0145, 0x0146, 0x0147, 0x0148,
    0x0149, 0x014A, 0x014B, 0x014C, 0x014D, 0x014E, 0x014F, 0x0150, 0x0151, 0x0152, 0x0153, 0x0154,
    0x0155, 0x0156, 0x0157, 0x0158, 0x0159, 0x015A, 0x015B, 0x015C, 0x015D, 0x015E, 0x015F, 0x0160,
    0x0161, 0x0162, 0x0163, 0x0164, 0x0165, 0x0166, 0x0167, 0x0168, 0x0169, 0x016A, 0x016B, 0x016C,
    0x016D, 0x016E, 0x016F, 0x0170, 0x0171, 0x0172, 0x0173, 0x0174, 0x0175, 0x0176, 0x0177, 0x0178,
    0x0179, 0x017A, 0x017B, 0x017C, 0x017D, 0x017E, 0x017F, 0x01A0, 0x01A1, 0x01AF, 0x01B0, 0x01C4,
    0x01C5, 0x01C6, 0x01C7, 0x01C8, 0x01C9, 0x01CA, 0x01CB, 0x01CC, 0x01CD, 0x01CE, 0x01D0, 0x01D1,
    0x01D2, 0x01D3, 0x01D4, 0x01D5, 0x01D6, 0x01D7, 0x01D8, 0x01D9, 0x01DA, 0x01DB, 0x01DC, 0x01E6,
    0x01E7, 0x01EA, 0x01EB, 0x01F1, 0x01F2, 0x01F3, 0x01FA, 0x01FB, 0x01FC, 0x01FD, 0x01FE, 0x01FF,
    0x0200, 0x0201, 0x0202, 0x0203, 0x0204, 0x0205, 0x0206, 0x0207, 0x0208, 0x0209, 0x020A, 0x020B,
    0x020C, 0x020D, 0x020E, 0x020F, 0x0210, 0x0211, 0x0212, 0x0213, 0x0214, 0x0215, 0x0216, 0x0217,
    0x0218, 0x0219, 0x021A, 0x021B, 0x0400, 0x0401, 0x0402, 0x0403, 0x0404, 0x0405, 0x0406, 0x0407,
    0x0408, 0x0409, 0x040A, 0x040B, 0x040C, 0x040D, 0x040E, 0x040F, 0x0410, 0x0411, 0x0412, 0x0413,
    0x0414, 0x0415, 0x0416, 0x0417, 0x0418, 0x0419, 0x041A, 0x041B, 0x041C, 0x041D, 0x041E, 0x041F,
    0x0420, 0x0421, 0x0422, 0x0423, 0x0424, 0x0425, 0x0426, 0x0427, 0x0428, 0x0429, 0x042A, 0x042B,
    0x042C, 0x042D, 0x042E, 0x042F, 0x0430, 0x0431, 0x0432, 0x0433, 0x0434, 0x0435, 0x0436, 0x0437,
    0x0438, 0x0439, 0x043A, 0x043B, 0x043C, 0x043D, 0x043E, 0x043F, 0x0440, 0x0441, 0x0442, 0x0443,
    0x0444, 0x0445, 0x0446, 0x0447, 0x0448, 0x0449, 0x044A, 0x044B, 0x044C, 0x044D, 0x044E, 0x044F,
    0x0450, 0x0451, 0x0452, 0x0453, 0x0454, 0x0455, 0x0456, 0x0457, 0x0458, 0x0459, 0x045A, 0x045B,
    0x045C, 0x045D, 0x045E, 0x045F, 0x0462, 0x0463, 0x046A, 0x046B, 0x0472, 0x0473, 0x0474, 0x0475,
    0x0476, 0x0477, 0x048A, 0x048B, 0x048C, 0x048D, 0x048E, 0x048F, 0x0490, 0x0491, 0x0492, 0x0493,
    0x0494, 0x0495, 0x0496, 0x0497, 0x0498, 0x0499, 0x049A, 0x049B, 0x049C, 0x049D, 0x049E, 0x049F,
    0x04A0, 0x04A1, 0x04A2, 0x04A3, 0x04A4, 0x04A5, 0x04A6, 0x04A7, 0x04A8, 0x04A9, 0x04AA, 0x04AB,
    0x04AC, 0x04AD, 0x04AE, 0x04AF, 0x04B0, 0x04B1, 0x04B2, 0x04B3, 0x04B4, 0x04B5, 0x04B6, 0x04B7,
    0x04B8, 0x04B9, 0x04BA, 0x04BB, 0x04BC, 0x04BD, 0x04BE, 0x04BF, 0x04C0, 0x04C1, 0x04C2, 0x04C3,
    0x04C4, 0x04C5, 0x04C6, 0x04C7, 0x04C8, 0x04C9, 0x04CA, 0x04CB, 0x04CC, 0x04CD, 0x04CE, 0x04CF,
    0x04D0, 0x04D1, 0x04D2, 0x04D3, 0x04D4, 0x04D5, 0x04D6, 0x04D7, 0x04D8, 0x04D9, 0x04DA, 0x04DB,
    0x04DC, 0x04DD, 0x04DE, 0x04DF, 0x04E0, 0x04E1, 0x04E2, 0x04E3, 0x04E4, 0x04E5, 0x04E6, 0x04E7,
    0x04E8, 0x04E9, 0x04EA, 0x04EB, 0x04EC, 0x04ED, 0x04EE, 0x04EF, 0x04F0, 0x04F1, 0x04F2, 0x04F3,
    0x04F4, 0x04F5, 0x04F6, 0x04F7, 0x04F8, 0x04F9, 0x04FA, 0x04FB, 0x04FC, 0x04FD, 0x04FE, 0x04FF,
    0x1EA0, 0x1EA1, 0x1EA2, 0x1EA3, 0x1EA4, 0x1EA5, 0x1EA6, 0x1EA7, 0x1EA8, 0x1EA9, 0x1EAA, 0x1EAB,
    0x1EAC, 0x1EAD, 0x1EAE, 0x1EAF, 0x1EB0, 0x1EB1, 0x1EB2, 0x1EB3, 0x1EB4, 0x1EB5, 0x1EB6, 0x1EB7,
    0x1EB8, 0x1EB9, 0x1EBA, 0x1EBB, 0x1EBC, 0x1EBD, 0x1EBE, 0x1EBF, 0x1EC0, 0x1EC1, 0x1EC2, 0x1EC3,
    0x1EC4, 0x1EC5, 0x1EC6, 0x1EC7, 0x1EC8, 0x1EC9, 0x1ECA, 0x1ECB, 0x1ECC, 0x1ECD, 0x1ECE, 0x1ECF,
    0x1ED0, 0x1ED1, 0x1ED2, 0x1ED3, 0x1ED4, 0x1ED5, 0x1ED6, 0x1ED7, 0x1ED8, 0x1ED9, 0x1EDA, 0x1EDB,
    0x1EDC, 0x1EDD, 0x1EDE, 0x1EDF, 0x1EE0, 0x1EE1, 0x1EE2, 0x1EE3, 0x1EE4, 0x1EE5, 0x1EE6, 0x1EE7,
    0x1EE8, 0x1EE9, 0x1EEA, 0x1EEB, 0x1EEC, 0x1EED, 0x1EEE, 0x1EEF, 0x1EF0, 0x1EF1, 0x1EF2, 0x1EF3,
    0x1EF4, 0x1EF5, 0x1EF6, 0x1EF7, 0x1EF8, 0x1EF9, 0x2010, 0x2013, 0x2014, 0x2015, 0x2017, 0x2018,
    0x2019, 0x201A, 0x201B, 0x201C, 0x201D, 0x201E, 0x2025, 0x2026, 0x2039, 0x203A, 0x203C, 0x2070,
    0x2074, 0x2077, 0x2078, 0x2079, 0x20A1, 0x20A3, 0x20A6, 0x20A7, 0x20A9, 0x20AB, 0x20AC, 0x20AD,
    0x20AE, 0x20B1, 0x20B2, 0x20B4, 0x20B5, 0x20B8, 0x20B9, 0x20BD, 0x2206, 0xFB01, 0xFB02,
};

static const uint8_t bitter_20_regularKernLeftClassIds[] = {
      1,   2,   3,   4,   2,   5,   6,   7,   6,   8,   9,  10,  11,  12,  13,  14,
     15,  16,  12,  17,  18,  18,  19,  20,  21,  12,  22,  20,  23,  24,  25,  26,
     26,  27,  28,  29,  26,  26,  20,  30,  31,  32,   3,  33,  27,  34,  35,  28,
     36,  37,  38,  39,  40,  41,  42,  43,  44,  45,  46,  47,  41,  44,  48,  49,
     44,  41,  41,  42,  42,  50,  51,  52,  53,  54,  55,  55,  49,  56,  57,  58,
      1,  43,  59,  36,   3,  20,  60,  42,  61,  54,   7,  62,  63,  21,  21,  21,
     21,  21,  21,  23,  22,  23,  23,  23,  23,  26,  26,  26,  64,  20,  26,  20,
     20,  20,  20,  20,  20,  27,  27,  27,  27,  36,  30,  65,  41,  41,  41,  41,
     41,  41,  45,  66,  45,  45,  45,  67,  68,  69,  70,  71,  42,  41,  42,  42,
     42,  42,  42,  42,  54,  54,  54,  54,  55,  42,  55,  21,  41,  21,  41,  72,
     41,  22,  43,  22,  43,  22,  43,  22,  43,  20,  73,  20,  44,  23,  45,  23,
     45,  23,  45,  74,  45,  23,  75,  25,  47,  25,  47,  25,  47,  25,  47,  26,
     41,  76,  41,  26,  77,  26,  78,  26,  79,  26,  80,  26,  54,  27,  48,  27,
     81,  28,  49,  49,  29,  44,  29,  44,  82,  73,  29,  83,  29,  84,  26,  41,
     26,  41,  26,  41,  41,  27,  48,  20,  42,  20,  42,  20,  42,  23,  45,  32,
     51,  32,  51,  32,  51,   3,  52,   3,  52,   3,  52,   3,  52,  33,  85,  33,
     86,  33,  53,  27,  54,  27,  54,  27,  54,  27,  54,  27,  54,  27,  54,  34,
     55,  36,  55,  36,  37,  57,  37,  57,  37,  57,  46,  87,  88,  89,  90,  37,
     57,  57,  27,  48,  48,  27,  48,  48,  21,  41,  91,  20,  42,  27,  54,  27,
     54,  27,  54,  27,  54,  27,  54,  25,  47,  20,  42,  37,  57,  57,  21,  41,
     23,  45,  20,  42,  21,  41,  21,  41,  23,  45,  23,  45,  26,  92,  26,  93,
     20,  42,  20,  42,  32,  51,  32,  51,  27,  54,  27,  54,   3,  52,  33,  53,
     23,  23,  12,  94,  22,   3,  26,  95,  96,  97,  97,  98,  99,  26, 100,  26,
     21, 101,  12, 102, 103,  23,  99,  12,  26,  26,  99,  26,  26,  26,  20,  26,
     30,  22,  33, 104, 105,  28, 103,  26,  26, 103,  97,  26,  97,  20,  20,  26,
     41,  42, 106,  51, 107,  45, 108, 106, 109, 109,  49, 109, 109, 109,  42, 109,
     42,  43,  51,  55,  42,  49, 107, 109, 109, 107, 110, 109, 110,  42,  42, 109,
     45,  45,  48,  51,  43,  52,  44, 111,  48, 110, 110,  41,  49, 109,  55, 109,
     97, 110, 112,  49,  20,  42,  35,  55,  35,  55, 103, 107,  97, 113,  30,  42,
    114, 115,  33,  51, 116,  41, 117, 107,  12, 106, 118, 107,  28,  49,  28,  49,
     28,  49, 103, 107,  33,  51,  98,  48, 119,  42,  22,  43,  33,  51,  36,  55,
     36,  55, 120, 107, 103, 107, 103, 107,  26, 121,  98,  41,  20,  45, 122,  45,
     26,  28,  49, 123, 124, 103, 109,  27, 109, 103, 107,  26, 121, 103, 107,  44,
     21,  41,  21,  41,  23,  45,  23,  45,  20,  42,  20,  42,  28,  49,  12, 106,
     12, 106,  26, 109,  26, 109,  20,  42,  20,  42,  20,  42,  20,  42,  35,  55,
     35,  55,  35,  55,  26, 121,  33,  51,  26, 109,  33,  51, 125, 126,  28,  49,
     21,  41,  21,  41, 127,  41,  21,  41,  21,  41,  21,  41,  21,  41,  21,  41,
     21,  41,  21,  41,  21,  41,  21,  41,  23,  45,  23,  45,  23,  45,  23,  45,
     23,  45,  23,  45,  23,  45,  23,  45,  26, 128,  26, 129,  20,  42,  20,  42,
     20,  42,  20,  42,  20,  42,  20,  42,  20,  42, 130,  88, 131,  88, 130,  88,
    130,  88, 130,  88,  27,  54,  27,  54, 132,  90, 132,  90, 133,  90, 134,  90,
    135,  90,  36,  55,  36, 136,  36,  55,  36,  55,   7,   7,   7,   7,  40,   2,
      2,   6,   2,   2,   2,   6,   6,   6,  60,  63,   1, 137, 138, 139, 138, 137,
     22,  24,  26,  30,  35, 140,  22,  28,  33,  30,  25,   3,  22,  33,  32,  30,
     21,  44,  44,
};

static const uint16_t bitter_20_regularKernRightCodepoints[] = {
    0x0021, 0x0022, 0x0024, 0x0026, 0x0027, 0x0029, 0x002A, 0x002C, 0x002D, 0x002E, 0x002F, 0x0030,
    0x0031, 0x0032, 0x0033, 0x0034, 0x0035, 0x0036, 0x0037, 0x0038, 0x0039, 0x003A, 0x003B, 0x003F,
    0x0040, 0x0041, 0x0042, 0x0043, 0x0044, 0x0045, 0x0046, 0x0047, 0x0048, 0x0049, 0x004A, 0x004B,
    0x004C, 0x004D, 0x004E, 0x004F, 0x0050, 0x0051, 0x0052, 0x0053, 0x0054, 0x0055, 0x0056, 0x0057,
    0x0058, 0x0059, 0x005A, 0x005C, 0x005D, 0x005F, 0x0061, 0x0062, 0x0063, 0x0064, 0x0065, 0x0066,
    0x0067, 0x0068, 0x0069, 0x006A, 0x006B, 0x006C, 0x006D, 0x006E, 0x006F, 0x0070, 0x0071, 0x0072,
    0x0073, 0x0074, 0x0075, 0x0076, 0x0077, 0x0078, 0x0079, 0x007A, 0x007C, 0x007D, 0x00A1, 0x00A2,
    0x00A5, 0x00A6, 0x00A7, 0x00A9, 0x00AB, 0x00AE, 0x00B0, 0x00B7, 0x00BB, 0x00BF, 0x00C0, 0x00C1,
    0x00C2, 0x00C3, 0x00C4, 0x00C5, 0x00C6, 0x00C7, 0x00C8, 0x00C9, 0x00CA, 0x00CB, 0x00CC, 0x00CD,
    0x00CE, 0x00CF, 0x00D0, 0x00D1, 0x00D2, 0x00D3, 0x00D4, 0x00D5, 0x00D6, 0x00D8, 0x00D9, 0x00DA,
    0x00DB, 0x00DC, 0x00DD, 0x00DE, 0x00DF, 0x00E0, 0x00E1, 0x00E2, 0x00E3, 0x00E4, 0x00E5, 0x00E6,
    0x00E7, 0x00E8, 0x00E9, 0x00EA, 0x00EB, 0x00EC, 0x00ED, 0x00EE, 0x00EF, 0x00F0, 0x00F1, 0x00F2,
    0x00F3, 0x00F4, 0x00F5, 0x00F6, 0x00F8, 0x00F9, 0x00FA, 0x00FB, 0x00FC, 0x00FD, 0x00FE, 0x00FF,
    0x0100, 0x0101, 0x0102, 0x0103, 0x0104, 0x0105, 0x0106, 0x0107, 0x0108, 0x0109, 0x010A, 0x010B,
    0x010C, 0x010D, 0x010E, 0x010F, 0x0110, 0x0111, 0x0112, 0x0113, 0x0114, 0x0115, 0x0116, 0x0117,
    0x0118, 0x0119, 0x011A, 0x011B, 0x011C, 0x011D, 0x011E, 0x011F, 0x0120, 0x0121, 0x0122, 0x0123,
    0x0124, 0x0125, 0x0126, 0x0127, 0x0128, 0x0129, 0x012A, 0x012B, 0x012C, 0x012D, 0x012E, 0x012F,
    0x0130, 0x0131, 0x0132, 0x0133, 0x0134, 0x0135, 0x0136, 0x0137, 0x0138, 0x0139, 0x013A, 0x013B,
    0x013C, 0x013D, 0x013E, 0x013F, 0x0140, 0x0141, 0x0142, 0x0143, 0x0144, 0x0145, 0x0146, 0x0147,
    0x0148, 0x0149, 0x014A, 0x014B, 0x014C, 0x014D, 0x014E, 0x014F, 0x0150, 0x0151, 0x0152, 0x0153,
    0x0154, 0x0155, 0x0156, 0x0157, 0x0158, 0x0159, 0x015A, 0x015B, 0x015C, 0x015D, 0x015E, 0x015F,
    0x0160, 0x0161, 0x0162, 0x0163, 0x0164, 0x0165, 0x0166, 0x0167, 0x0168, 0x0169, 0x016A, 0x016B,
    0x016C, 0x016D, 0x016E, 0x016F, 0x0170, 0x0171, 0x0172, 0x0173, 0x0174, 0x0175, 0x0176, 0x0177,
    0x0178, 0x0179, 0x017A, 0x017B, 0x017C, 0x017D, 0x017E, 0x017F, 0x01A0, 0x01A1, 0x01AF, 0x01B0,
    0x01C4, 0x01C5, 0x01C6, 0x01C7, 0x01C8, 0x01C9, 0x01CA, 0x01CB, 0x01CC, 0x01CD, 0x01CE, 0x01D0,
    0x01D1, 0x01D2, 0x01D3, 0x01D4, 0x01D5, 0x01D6, 0x01D7, 0x01D8, 0x01D9, 0x01DA, 0x01DB, 0x01DC,
    0x01E6, 0x01E7, 0x01EA, 0x01EB, 0x01F1, 0x01F2, 0x01F3, 0x01FA, 0x01FB, 0x01FC, 0x01FD, 0x01FE,
    0x01FF, 0x0200, 0x0201, 0x0202, 0x0203, 0x0204, 0x0205, 0x0206, 0x0207, 0x0208, 0x0209, 0x020A,
    0x020B, 0x020C, 0x020D, 0x020E, 0x020F, 0x0210, 0x0211, 0x0212, 0x0213, 0x0214, 0x0215, 0x0216,
    0x0217, 0x0218, 0x0219, 0x021A, 0x021B, 0x0400, 0x0401, 0x0402, 0x0403, 0x0404, 0x0405, 0x0406,
    0x0407, 0x0408, 0x0409, 0x040A, 0x040B, 0x040C, 0x040D, 0x040E, 0x040F, 0x0410, 0x0411, 0x0412,
    0x0413, 0x0414, 0x0415, 0x0416, 0x0417, 0x0418, 0x0419, 0x041A, 0x041B, 0x041C, 0x041D, 0x041E,
    0x041F, 0x0420, 0x0421, 0x0422, 0x0423, 0x0424, 0x0425, 0x0426, 0x0427, 0x0428, 0x0429, 0x042A,
    0x042B, 0x042C, 0x042D, 0x042E, 0x042F, 0x0430, 0x0431, 0x0432, 0x0433, 0x0434, 0x0435, 0x0436,
    0x0437, 0x0438, 0x0439, 0x043A, 0x043B, 0x043C, 0x043D, 0x043E, 0x043F, 0x0440, 0x0441, 0x0442,
    0x0443, 0x0444, 0x0445, 0x0446, 0x0447, 0x0448, 0x0449, 0x044A, 0x044B, 0x044C, 0x044D, 0x044E,
    0x044F, 0x0450, 0x0451, 0x0452, 0x0453, 0x0454, 0x0455, 0x0456, 0x0457, 0x0458, 0x0459, 0x045A,
    0x045B, 0x045C, 0x045D, 0x045E, 0x045F, 0x0462, 0x0463, 0x046A, 0x046B, 0x0472, 0x0473, 0x0474,
    0x0475, 0x0476, 0x0477, 0x048A, 0x048B, 0x048C, 0x048D, 0x048E, 0x048F, 0x0490, 0x0491, 0x0492,
    0x0493, 0x0494, 0x0495, 0x0496, 0x0497, 0x0498, 0x0499, 0x049A, 0x049B, 0x049C, 0x049D, 0x049E,
    0x049F, 0x04A0, 0x04A1, 0x04A2, 0x04A3, 0x04A4, 0x04A5, 0x04A6, 0x04A7, 0x04A8, 0x04A9, 0x04AA,
    0x04AB, 0x04AC, 0x04AD, 0x04AE, 0x04AF, 0x04B0, 0x04B1, 0x04B2, 0x04B3, 0x04B4, 0x04B5, 0x04B6,
    0x04B7, 0x04B8, 0x04B9, 0x04BA, 0x04BB, 0x04BC, 0x04BD, 0x04BE, 0x04BF, 0x04C0, 0x04C1, 0x04C2,
    0x04C3, 0x04C4, 0x04C5, 0x04C6, 0x04C7, 0x04C8, 0x04C9, 0x04CA, 0x04CB, 0x04CC, 0x04CD, 0x04CE,
    0x04CF, 0x04D0, 0x04D1, 0x04D2, 0x04D3, 0x04D4, 0x04D5, 0x04D6, 0x04D7, 0x04D8, 0x04D9, 0x04DA,
    0x04DB, 0x04DC, 0x04DD, 0x04DE, 0x04DF, 0x04E0, 0x04E1, 0x04E2, 0x04E3, 0x04E4, 0x04E5, 0x04E6,
    0x04E7, 0x04E8, 0x04E9, 0x04EA, 0x04EB, 0x04EC, 0x04ED, 0x04EE, 0x04EF, 0x04F0, 0x04F1, 0x04F2,
    0x04F3, 0x04F4, 0x04F5, 0x04F6, 0x04F7, 0x04F8, 0x04F9, 0x04FA, 0x04FB, 0x04FC, 0x04FD, 0x04FE,
    0x04FF, 0x1EA0, 0x1EA1, 0x1EA2, 0x1EA3, 0x1EA4, 0x1EA5, 0x1EA6, 0x1EA7, 0x1EA8, 0x1EA9, 0x1EAA,
    0x1EAB, 0x1EAC, 0x1EAD, 0x1EAE, 0x1EAF, 0x1EB0, 0x1EB1, 0x1EB2, 0x1EB3, 0x1EB4, 0x1EB5, 0x1EB6,
    0x1EB7, 0x1EB8, 0x1EB9, 0x1EBA, 0x1EBB, 0x1EBC, 0x1EBD, 0x1EBE, 0x1EBF, 0x1EC0, 0x1EC1, 0x1EC2,
    0x1EC3, 0x1EC4, 0x1EC5, 0x1EC6, 0x1EC7, 0x1EC8, 0x1EC9, 0x1ECA, 0x1ECB, 0x1ECC, 0x1ECD, 0x1ECE,
    0x1ECF, 0x1ED0, 0x1ED1, 0x1ED2, 0x1ED3, 0x1ED4, 0x1ED5, 0x1ED6, 0x1ED7, 0x1ED8, 0x1ED9, 0x1EDA,
    0x1EDB, 0x1EDC, 0x1EDD, 0x1EDE, 0x1EDF, 0x1EE0, 0x1EE1, 0x1EE2, 0x1EE3, 0x1EE4, 0x1EE5, 0x1EE6,
    0x1EE7, 0x1EE8, 0x1EE9, 0x1EEA, 0x1EEB, 0x1EEC, 0x1EED, 0x1EEE, 0x1EEF, 0x1EF0, 0x1EF1, 0x1EF2,
    0x1EF3, 0x1EF4, 0x1EF5, 0x1EF6, 0x1EF7, 0x1EF8, 0x1EF9, 0x2010, 0x2013, 0x2014, 0x2015, 0x2017,
    0x2018, 0x2019, 0x201A, 0x201B, 0x201C, 0x201D, 0x201E, 0x2025, 0x2026, 0x2039, 0x203A, 0x203C,
    0x2044, 0x20A1, 0x20A3, 0x20A6, 0x20A7, 0x20A9, 0x20AB, 0x20AD, 0x20AE, 0x20B1, 0x20B2, 0x20B4,
    0x20B5, 0x20B8, 0x20BD, 0x2206, 0x221A, 0xFB01, 0xFB02,
};

static const uint8_t bitter_20_regularKernRightClassIds[] = {
      1,   2,   3,   4,   2,   5,   6,   7,   8,   7,   9,  10,  11,  12,  13,  14,
     15,  16,  17,   4,  18,  19,  19,  20,  21,  22,  23,  21,  23,  23,  23,  21,
     23,  23,  24,  23,  23,  23,  23,  21,  23,  21,  23,   3,  25,  26,  27,  27,
     28,  29,  30,  31,  32,  33,  34,  35,  36,  36,  36,  37,  38,  35,  37,  39,
     35,  35,  37,  37,  36,  40,  36,  37,  41,  42,  43,  44,  44,  45,  46,  47,
     48,  49,  50,  36,  29,  48,   3,  21,  51,  36,  52,   8,  53,  54,  22,  22,
     22,  22,  22,  22,  22,  21,  23,  23,  23,  23,  23,  23,  23,  55,  23,  23,
     21,  21,  21,  21,  21,  21,  26,  26,  26,  26,  29,  23,  37,  34,  34,  34,
     34,  34,  34,  34,  36,  36,  36,  36,  36,  56,  57,  58,  59,  36,  37,  36,
     36,  36,  36,  36,  60,  43,  43,  43,  43,  46,  61,  46,  22,  34,  22,  34,
     22,  34,  21,  36,  21,  36,  21,  36,  21,  62,  23,  36,  23,  36,  23,  36,
     23,  36,  23,  36,  23,  36,  23,  36,  21,  38,  21,  38,  21,  38,  21,  38,
     23,  63,  23,  35,  23,  64,  23,  65,  66,  67,  23,  37,  23,  37,  23,  37,
     24,  68,  23,  35,  37,  23,  35,  23,  35,  23,  35,  23,  35,  23,  69,  23,
     37,  23,  37,  23,  37,  70,  23,  37,  21,  36,  21,  36,  21,  36,  21,  36,
     23,  37,  23,  37,  23,  71,   3,  41,   3,  41,   3,  41,   3,  72,  25,  42,
     25,  42,  25,  42,  26,  43,  26,  43,  26,  43,  26,  43,  26,  43,  26,  43,
     27,  44,  29,  46,  29,  30,  47,  30,  47,  30,  73,  37,  21,  36,  26,  43,
     23,  23,  36,  23,  23,  35,  23,  23,  37,  22,  34,  74,  21,  36,  26,  43,
     26,  43,  26,  43,  26,  43,  26,  43,  21,  38,  21,  36,  23,  23,  36,  22,
     34,  22,  34,  21,  36,  22,  75,  22,  34,  23,  36,  23,  36,  23,  76,  23,
     77,  21,  78,  21,  36,  23,  79,  23,  37,  26,  43,  26,  43,   3,  41,  25,
     42,  23,  23,  25,  23,  21,   3,  23,  80,  24,  81,  23,  25,  23,  23,  82,
     23,  22,  23,  23,  23,  83,  23,  84,  13,  23,  23,  23,  81,  23,  23,  21,
     23,  23,  21,  25,  85,  86,  28,  23,  87,  23,  23,  25,  23,  23,  88,  23,
     89,  34,  90,  37,  37,  91,  36,  92,  93,  37,  37,  37,  94,  37,  37,  36,
     37,  40,  36,  95,  46,  36,  45,  37,  96,  37,  37,  95,  37,  37,  97,  37,
     98,  36,  99,  35,  37,  36,  41,  37, 100, 101,  94,  37,  35,  37,  37,  46,
     37,  25,  42, 102, 103,  21,  36,  27,  44,  27,  44,  23,  37,  23, 104,  23,
    105,  23,  37,  23,  37,  23,  37,  28,  45,  13,  93,  23,  37,  23,  37,  23,
     35,  23,  95,  23,  37,  23,  37,  23,  37,  21,  36,  21,  36,  25,  95,  29,
     44,  29,  44,  28,  45,  25,  95,  87, 106,  87, 106,  23,  35, 107, 108, 107,
    108,  23,  28,  45,  23,  37,  81,  94,  23,  37,  23,  37,  87, 106,  23,  37,
     35,  22,  34,  22,  34,  22,  34,  23,  36, 109,  36, 109,  36,  28,  45,  13,
     93,  13,  93,  23,  37,  23,  37,  21,  36,  21,  36,  21,  36,  88,  97,  29,
     46,  29,  46,  29,  46,  87, 106,  23,  37,  23,  37,  23,  37,  28,  45,  28,
     45,  22,  34,  22,  34,  22,  34,  22,  34,  22,  34,  22,  34,  22,  34,  22,
     34,  22,  34,  22,  34,  22,  34,  22,  34,  23,  36,  23,  36,  23,  36,  23,
     36,  23,  36,  23,  36,  23,  36,  23,  36,  23, 110,  23,  37,  21,  36,  21,
     36,  21,  36,  21,  36,  21,  36,  21,  36,  21,  36,  21,  36,  21,  36,  21,
     36,  21, 111,  21,  36,  26,  43,  26,  43,  26,  43,  26,  43,  26,  43,  26,
     43,  26,  43,  29,  46,  29,  46,  29,  46,  29,  46,   8,   8,   8,   8,  33,
      2,   2,   7,   2,   2,   2,   7,   7,   7,  51,  53,   1, 112,  21,  23,  23,
     23,  27,  36,  23,  25,  23,  21,   3,  21,  25,  23,  22,  44,  37,  37,
};

static const uint16_t bitter_20_regularKernRowOffsets[] = {
        0,     1,    35,    89,   123,   147,   183,   213,   281,   284,   288,   289,   368,   373,   380,   387,
      400,   404,   411,   420,   483,   569,   641,   701,   769,   799,   843,   891,   967,  1018,  1096,  1166,
     1216,  1293,  1383,  1473,  1549,  1600,  1628,  1634,  1661,  1676,  1699,  1745,  1767,  1783,  1835,  1879,
     1898,  1957,  1988,  2044,  2052,  2074,  2087,  2146,  2205,  2215,  2242,  2244,  2245,  2246,  2247,  2248,
     2295,  2336,  2382,  2398,  2428,  2460,  2492,  2532,  2618,  2671,  2732,  2749,  2793,  2826,  2853,  2885,
     2907,  2929,  2938,  2944,  2947,  2969,  2997,  3065,  3076,  3102,  3108,  3140,  3169,  3198,  3282,  3327,
     3386,  3410,  3449,  3525,  3615,  3694,  3778,  3826,  3916,  3983,  4019,  4051,  4110,  4118,  4164,  4188,
     4264,  4271,  4340,  4396,  4435,  4483,  4535,  4598,  4646,  4649,  4650,  4726,  4730,  4806,  4865,  4951,
     4977,  4999,  5062,  5125,  5151,  5177,  5203,  5229,  5288,  5289,  5290,  5291,  5300,
};

static const uint8_t bitter_20_regularKernSparseCols[] = {
     21,   6,  20,  21,  22,  24,  26,  27,  33,  34,  35,  40,  54,  59,  60,  61,
     62,  65,  71,  74,  77,  79,  80,  82,  83,  85,  87,  88,  90,  93,  97,  98,
    101, 108, 110,   6,  10,  12,  16,  21,  22,  24,  26,  27,  28,  29,  33,  35,
     36,  37,  38,  39,  41,  42,  43,  44,  45,  54,  55,  56,  57,  58,  59,  61,
     63,  64,  65,  66,  67,  70,  73,  74,  75,  76,  77,  78,  79,  81,  83,  84,
     91,  98,  99, 100, 101, 102, 104, 109, 110,   2,  20,  21,  26,  27,  28,  33,
     34,  35,  40,  42,  43,  44,  45,  46,  59,  60,  61,  62,  68,  71,  72,  74,
     77,  81,  83,  84,  85,  91,  98, 101, 102, 108, 110,   8,  23,  24,  30,  32,
     35,  37,  38,  59,  61,  67,  77,  80,  82,  86,  87,  88,  90,  95,  98, 100,
    105, 106, 110,   1,   9,  10,  11,  13,  15,  16,  17,  20,  21,  23,  24,  26,
     27,  28,  35,  43,  45,  50,  59,  61,  77,  81,  82,  83,  84,  85,  86,  90,
     94,  95,  98, 101, 105, 108, 110,  10,  11,  12,  13,  14,  16,  17,  21,  24,
     26,  27,  43,  44,  45,  52,  80,  82,  83,  86,  87,  88,  90,  91,  92,  93,
     95,  97, 101, 102, 105,   4,   8,  20,  21,  22,  23,  24,  25,  26,  27,  28,
     30,  31,  33,  34,  35,  36,  39,  44,  45,  48,  54,  55,  56,  57,  58,  59,
     60,  61,  62,  63,  64,  65,  66,  70,  73,  74,  75,  76,  77,  78,  79,  80,
     81,  82,  83,  84,  85,  86,  87,  88,  90,  91,  92,  93,  94,  95,  96,  97,
     98,  99, 101, 102, 104, 105, 108, 109, 110,   6,  10,  51,   6,   8,  16,  51,
     16,   1,   6,  12,  19,  20,  21,  22,  24,  26,  27,  28,  29,  33,  34,  35,
     36,  37,  38,  39,  40,  41,  42,  43,  44,  45,  46,  54,  55,  56,  57,  58,
     59,  60,  61,  62,  63,  64,  65,  66,  67,  70,  71,  72,  73,  74,  75,  76,
     77,  78,  79,  80,  81,  82,  83,  84,  85,  86,  87,  88,  90,  91,  92,  93,
     94,  95,  96,  97,  98,  99, 100, 101, 102, 104, 105, 106, 107, 108, 109, 110,
      7,  13,  16,  18,  51,   6,  10,  11,  12,  16,  17,  51,  10,  11,  12,  13,
     14,  16,  51,   3,   6,   7,   9,  10,  11,  12,  13,  14,  15,  16,  17,  51,
      6,  12,  16,  51,  23,  24,  26,  28,  43,  81,  84,  22,  24,  53,  54,  65,
     79,  80,  95, 105,   1,   2,   6,   8,  12,  19,  21,  24,  26,  27,  28,  29,
     33,  34,  35,  36,  37,  38,  39,  40,  41,  42,  43,  44,  45,  55,  56,  57,
     58,  59,  60,  61,  62,  63,  64,  66,  67,  70,  71,  73,  74,  75,  76,  77,
     78,  80,  81,  82,  83,  84,  86,  88,  90,  91,  93,  98,  99, 100, 101, 102,
    104, 109, 110,   0,   1,   2,   6,   7,   8,  19,  20,  21,  22,  23,  24,  25,
     26,  27,  28,  29,  31,  33,  34,  35,  36,  37,  38,  39,  40,  41,  42,  43,
     44,  45,  46,  48,  49,  54,  55,  56,  57,  58,  59,  60,  61,  62,  63,  64,
     65,  66,  67,  70,  71,  72,  73,  74,  75,  76,  77,  78,  79,  80,  81,  82,
     83,  84,  85,  86,  87,  88,  89,  91,  92,  93,  94,  95,  96,  98,  99, 100,
    101, 102, 104, 105, 106, 107, 108, 109, 110,   1,   3,   6,   7,  10,  11,  12,
     14,  16,  17,  20,  21,  23,  24,  26,  27,  28,  33,  34,  35,  36,  37,  38,
     39,  40,  41,  42,  43,  44,  45,  46,  55,  56,  57,  58,  59,  60,  61,  62,
     63,  64,  66,  67,  70,  71,  72,  73,  74,  75,  76,  77,  78,  80,  81,  82,
     83,  84,  85,  86,  88,  91,  94,  98,  99, 100, 101, 102, 104, 107, 108, 109,
    110,   7,   8,  20,  21,  24,  26,  27,  28,  33,  35,  36,  37,  38,  39,  40,
     41,  42,  43,  44,  45,  46,  55,  56,  57,  58,  59,  61,  63,  64,  66,  67,
     70,  71,  72,  73,  74,  75,  76,  77,  78,  80,  81,  83,  84,  85,  86,  87,
     88,  91,  94,  98,  99, 100, 101, 102, 104, 107, 108, 109, 110,   2,   6,   8,
     18,  20,  21,  22,  23,  26,  27,  28,  29,  33,  34,  35,  36,  37,  38,  39,
     40,  41,  42,  43,  44,  45,  46,  54,  55,  56,  57,  58,  59,  60,  61,  62,
     63,  64,  65,  66,  67,  70,  71,  72,  73,  74,  75,  76,  77,  78,  79,  80,
     81,  83,  84,  85,  91,  93,  98,  99, 100, 101, 102, 104, 106, 107, 108, 109,
    110,  21,  26,  27,  28,  33,  34,  35,  40,  42,  43,  44,  45,  46,  59,  60,
     61,  62,  68,  71,  72,  74,  77,  81,  83,  84,  91,  98, 101, 102, 110,   1,
      2,   8,  21,  24,  25,  26,  27,  28,  29,  33,  35,  37,  38,  40,  43,  44,
     45,  57,  58,  59,  61,  63,  67,  71,  74,  75,  76,  77,  81,  82,  83,  84,
     86,  87,  88,  91,  94,  98, 100, 101, 102, 106, 110,  21,  22,  24,  26,  27,
     28,  29,  33,  34,  35,  37,  38,  40,  41,  42,  43,  44,  45,  46,  54,  57,
     58,  59,  60,  61,  62,  63,  65,  67,  71,  72,  74,  75,  76,  77,  79,  80,
     81,  83,  84,  91,  93,  98, 100, 101, 102, 106, 110,   0,   1,   2,   6,   7,
      8,  19,  20,  21,  22,  23,  24,  25,  26,  27,  28,  29,  33,  35,  36,  37,
     38,  39,  40,  41,  42,  43,  45,  46,  54,  55,  56,  57,  58,  59,  61,  63,
     64,  65,  66,  67,  70,  71,  72,  73,  74,  75,  76,  77,  78,  79,  80,  81,
     82,  83,  84,  85,  86,  87,  88,  90,  91,  92,  94,  95,  98,  99, 100, 101,
    104, 105, 106, 107, 108, 109, 110,   2,  20,  21,  23,  24,  25,  26,  27,  28,
     29,  33,  35,  36,  37,  39,  40,  41,  42,  43,  44,  45,  55,  56,  57,  58,
     59,  61,  63,  64,  66,  70,  71,  73,  74,  75,  76,  77,  78,  81,  83,  84,
     85,  91,  98,  99, 101, 102, 104, 108, 109, 110,   1,   2,   6,   7,   8,  19,
     20,  21,  22,  23,  24,  25,  26,  27,  28,  29,  31,  33,  34,  35,  36,  37,
     38,  39,  40,  41,  42,  43,  44,  45,  46,  48,  54,  55,  56,  57,  58,  59,
     60,  61,  62,  63,  64,  65,  66,  67,  70,  71,  72,  73,  74,  75,  76,  77,
     78,  79,  80,  81,  82,  83,  84,  85,  86,  87,  88,  91,  93,  95,  98,  99,
    100, 101, 102, 104, 105, 108, 109, 110,   1,   2,   4,   6,   8,  12,  18,  19,
     21,  23,  24,  26,  27,  28,  29,  31,  32,  33,  34,  35,  36,  37,  38,  39,
     40,  41,  42,  43,  44,  45,  47,  48,  55,  56,  57,  58,  59,  60,  61,  62,
     63,  64,  66,  67,  70,  71,  73,  74,  75,  76,  77,  78,  80,  81,  82,  83,
     84,  86,  88,  90,  91,  93,  98,  99, 100, 101, 102, 104, 109, 110,  20,  21,
     24,  25,  26,  27,  28,  29,  33,  35,  36,  37,  38,  39,  41,  42,  43,  44,
     45,  55,  56,  57,  58,  59,  61,  63,  64,  66,  67,  70,  73,  74,  75,  76,
     77,  78,  81,  83,  84,  85,  91,  98,  99, 100, 101, 102, 104, 108, 109, 110,
      1,   2,   6,   7,   8,  18,  19,  20,  21,  22,  23,  24,  25,  26,  27,  28,
     29,  33,  34,  35,  36,  37,  38,  39,  40,  41,  42,  43,  44,  45,  46,  54,
     55,  56,  57,  58,  59,  60,  61,  62,  63,  64,  65,  66,  67,  70,  71,  72,
     73,  74,  75,  76,  77,  78,  79,  80,  81,  82,  83,  84,  85,  86,  87,  88,
     91,  93,  98,  99, 100, 101, 102, 104, 106, 107, 108, 109, 110,   0,   1,   2,
      3,   6,   7,   8,  12,  18,  19,  20,  21,  22,  23,  24,  25,  26,  27,  28,
     29,  31,  33,  34,  35,  36,  37,  38,  39,  40,  41,  42,  43,  44,  45,  46,
     48,  54,  55,  56,  57,  58,  59,  60,  61,  62,  63,  64,  65,  66,  67,  70,
     71,  72,  73,  74,  75,  76,  77,  78,  79,  80,  81,  82,  83,  84,  85,  86,
     87,  88,  89,  90,  91,  92,  93,  94,  95,  96,  97,  98,  99, 100, 101, 102,
    104, 105, 106, 107, 108, 109, 110,   0,   1,   2,   3,   6,   7,   8,  12,  18,
     19,  20,  21,  22,  23,  24,  25,  26,  27,  28,  29,  31,  33,  34,  35,  36,
     37,  38,  39,  40,  41,  42,  43,  44,  45,  46,  48,  54,  55,  56,  57,  58,
     59,  60,  61,  62,  63,  64,  65,  66,  67,  70,  71,  72,  73,  74,  75,  76,
     77,  78,  79,  80,  81,  82,  83,  84,  85,  86,  87,  88,  89,  90,  91,  92,
     93,  94,  95,  96,  97,  98,  99, 100, 101, 102, 104, 105, 106, 107, 108, 109,
    110,   2,   6,  12,  14,  16,  18,  20,  21,  22,  23,  24,  25,  26,  27,  28,
     29,  31,  33,  34,  35,  36,  37,  38,  39,  40,  41,  42,  43,  44,  45,  46,
     48,  54,  55,  56,  57,  58,  59,  60,  61,  62,  63,  64,  65,  66,  67,  70,
     71,  72,  73,  74,  75,  76,  77,  78,  79,  80,  81,  83,  84,  85,  86,  91,
     93,  94,  98,  99, 100, 101, 102, 104, 106, 107, 108, 109, 110,   2,  20,  21,
     22,  24,  25,  26,  27,  28,  35,  36,  37,  39,  40,  41,  42,  43,  44,  45,
     54,  55,  56,  57,  58,  59,  61,  63,  64,  65,  66,  70,  71,  73,  75,  76,
     77,  78,  79,  81,  83,  84,  85,  91,  98,  99, 101, 102, 104, 108, 109, 110,
      8,  21,  23,  24,  26,  28,  30,  32,  34,  37,  38,  60,  62,  67,  80,  81,
     82,  84,  86,  88,  90,  94,  95,  96,  97, 100, 105, 106,   4,   8,  23,  31,
     32,  82,   4,   8,  23,  31,  36,  37,  38,  39,  48,  55,  56,  57,  58,  63,
     64,  66,  67,  70,  73,  75,  76,  78,  82,  99, 100, 104, 109,   0,   1,   6,
      8,  19,  43,  45,  69,  90,  92,  93,  94,  95,  96, 105,   1,   6,   8,  19,
     20,  38,  43,  44,  45,  67,  85,  90,  91,  93,  94,  95,  96,  97, 100, 102,
    105, 107, 108,   1,   7,  19,  33,  34,  35,  36,  37,  38,  39,  41,  42,  43,
     44,  45,  55,  56,  57,  58,  59,  60,  61,  62,  63,  64,  66,  67,  70,  73,
     74,  75,  76,  77,  78,  91,  94,  95,  97,  98,  99, 100, 102, 104, 105, 109,
    110,   1,   7,   8,  20,  31,  33,  38,  43,  44,  45,  48,  58,  67,  74,  75,
     85,  91,  95, 100, 102, 105, 108,  38,  43,  44,  45,  67,  90,  91,  92,  93,
     94,  95,  96,  97, 100, 102, 105,   0,   1,   4,   5,   6,   7,  19,  30,  31,
     33,  34,  35,  36,  37,  38,  39,  41,  42,  43,  44,  45,  48,  55,  56,  57,
     58,  59,  60,  61,  62,  63,  64,  66,  67,  68,  69,  70,  71,  73,  74,  75,
     76,  77,  78,  91,  98,  99, 100, 102, 104, 109, 110,   8,  31,  32,  33,  34,
     35,  36,  37,  38,  39,  40,  41,  43,  44,  45,  48,  55,  56,  57,  58,  59,
     60,  61,  62,  63,  64,  66,  67,  70,  71,  73,  74,  75,  76,  77,  78,  91,
     98,  99, 100, 102, 104, 109, 110,   8,  38,  43,  44,  45,  46,  58,  67,  72,
     90,  91,  92,  93,  94,  95,  96, 100, 102, 105,   0,   7,   8,  19,  20,  33,
     34,  35,  36,  37,  38,  39,  40,  41,  42,  43,  44,  45,  46,  55,  56,  57,
     58,  59,  60,  61,  62,  63,  64,  66,  67,  69,  70,  71,  72,  73,  74,  75,
     76,  77,  78,  85,  90,  91,  92,  93,  94,  95,  96,  97,  98,  99, 100, 102,
    104, 105, 108, 109, 110,  18,  32,  36,  37,  38,  39,  43,  44,  45,  55,  56,
     57,  58,  60,  63,  64,  66,  67,  70,  73,  75,  76,  78,  90,  91,  92,  99,
    100, 102, 104, 109,   0,   4,   6,   8,  19,  31,  33,  34,  35,  36,  37,  38,
     39,  40,  42,  43,  44,  45,  48,  55,  56,  57,  58,  59,  60,  61,  62,  63,
     64,  66,  67,  70,  71,  73,  74,  75,  76,  77,  78,  89,  90,  91,  92,  93,
     95,  96,  97,  98,  99, 100, 102, 104, 105, 107, 109, 110,   1,   6,  43,  44,
     45,  91,  94, 102,  33,  34,  35,  37,  38,  40,  43,  44,  45,  59,  60,  61,
     62,  67,  71,  74,  77,  91,  98, 100, 102, 110,   8,  43,  44,  45,  46,  72,
     91,  92,  95,  96,  97, 102, 105,   6,   7,  18,  20,  33,  34,  35,  36,  37,
     38,  39,  40,  41,  42,  43,  44,  45,  46,  55,  56,  57,  58,  59,  60,  61,
     62,  63,  64,  66,  67,  69,  70,  71,  72,  73,  74,  75,  76,  77,  78,  85,
     89,  91,  92,  93,  94,  95,  96,  97,  98,  99, 100, 102, 103, 104, 105, 108,
    109, 110,   6,   7,  18,  20,  33,  34,  35,  36,  37,  38,  39,  40,  41,  42,
     43,  44,  45,  46,  55,  56,  57,  58,  59,  60,  61,  62,  63,  64,  66,  67,
     69,  70,  71,  72,  73,  74,  75,  76,  77,  78,  85,  89,  91,  92,  93,  94,
     95,  96,  97,  98,  99, 100, 102, 103, 104, 105, 108, 109, 110,  34,  40,  43,
     44,  45,  60,  62,  71,  91, 102,   8,  21,  23,  24,  26,  28,  30,  32,  34,
     37,  38,  60,  62,  67,  80,  81,  82,  84,  86,  88,  90,  94,  95,  96,  97,
    100, 105,  11,  16,   7, 111, 111,   6,   1,   2,   8,  21,  23,  24,  25,  26,
     27,  28,  29,  30,  33,  35,  37,  38,  40,  43,  44,  45,  54,  57,  58,  59,
     61,  63,  67,  71,  74,  75,  76,  77,  81,  82,  83,  84,  86,  87,  88,  91,
     94,  98, 100, 101, 102, 106, 110,  34,  35,  36,  37,  38,  39,  40,  41,  42,
     43,  44,  45,  46,  55,  56,  57,  58,  59,  60,  61,  62,  63,  64,  66,  67,
     70,  71,  72,  73,  75,  76,  77,  78,  91,  98,  99, 100, 102, 104, 109, 110,
      1,   7,  19,  33,  34,  35,  36,  37,  38,  39,  41,  42,  43,  44,  45,  55,
     56,  57,  58,  59,  60,  61,  62,  63,  64,  66,  67,  70,  73,  74,  75,  76,
     77,  78,  91,  94,  95,  97,  98,  99, 100, 102, 104, 105, 109, 110,  38,  43,
     44,  45,  67,  90,  91,  92,  93,  94,  95,  96,  97, 100, 102, 105,   1,   7,
      8,  20,  31,  33,  34,  38,  43,  44,  45,  48,  57,  58,  60,  62,  63,  64,
     66,  67,  74,  75,  76,  85,  91,  95, 100, 102, 105, 108,   1,   7,   8,  20,
     31,  33,  34,  38,  43,  44,  45,  48,  55,  57,  58,  60,  62,  63,  64,  66,
     67,  73,  74,  75,  76,  85,  91,  95, 100, 102, 105, 108,   1,   7,   8,  20,
     31,  33,  34,  38,  43,  44,  45,  48,  56,  57,  58,  60,  62,  63,  64,  66,
     67,  73,  74,  75,  76,  85,  91,  95, 100, 102, 105, 108,   1,   7,   8,  20,
     31,  33,  34,  36,  38,  39,  43,  44,  45,  48,  55,  56,  57,  58,  60,  62,
     63,  64,  66,  67,  70,  73,  74,  75,  76,  78,  85,  91,  95,  99, 100, 102,
    104, 105, 108, 109,   0,   1,   2,   6,   7,   8,  19,  20,  21,  22,  23,  24,
     25,  26,  27,  28,  29,  31,  33,  34,  35,  36,  37,  38,  39,  40,  41,  42,
     43,  44,  45,  46,  48,  49,  54,  55,  56,  57,  58,  59,  60,  61,  62,  63,
     64,  65,  66,  67,  70,  71,  72,  73,  74,  75,  76,  77,  78,  79,  80,  81,
     82,  83,  84,  85,  86,  87,  88,  89,  91,  92,  93,  94,  95,  96,  98,  99,
    100, 101, 102, 104, 105, 106, 107, 108, 109, 110,   0,   1,   4,   5,  19,  20,
     30,  31,  33,  34,  35,  36,  37,  38,  39,  41,  42,  43,  44,  45,  46,  48,
     55,  56,  57,  58,  59,  60,  61,  62,  63,  64,  66,  67,  70,  71,  72,  73,
     74,  75,  76,  77,  78,  85,  91,  98,  99, 100, 102, 104, 108, 109, 110,   7,
      8,  20,  21,  23,  24,  26,  27,  28,  33,  35,  36,  37,  38,  39,  40,  41,
     42,  43,  44,  45,  46,  55,  56,  57,  58,  59,  61,  63,  64,  66,  67,  70,
     71,  72,  73,  74,  75,  76,  77,  78,  80,  81,  83,  84,  85,  86,  87,  88,
     91,  94,  98,  99, 100, 101, 102, 104, 107, 108, 109, 110,  38,  43,  44,  45,
     67,  75,  90,  91,  92,  93,  94,  95,  96,  97, 100, 102, 105,   1,   2,   8,
     21,  24,  25,  26,  27,  28,  29,  33,  35,  37,  38,  40,  43,  44,  45,  57,
     58,  59,  61,  63,  67,  71,  74,  75,  76,  77,  81,  82,  83,  84,  86,  87,
     88,  91,  94,  98, 100, 101, 102, 106, 110,   1,   7,   8,  20,  31,  33,  34,
     38,  43,  44,  45,  48,  55,  57,  58,  60,  62,  63,  64,  66,  67,  73,  74,
     75,  76,  85,  91,  95, 100, 102, 105, 108, 109,   1,   7,   8,  20,  31,  33,
     38,  43,  44,  45,  48,  57,  58,  63,  66,  67,  73,  74,  75,  76,  85,  91,
     95, 100, 102, 105, 108,   1,   7,   8,  20,  31,  33,  34,  38,  43,  44,  45,
     48,  55,  57,  58,  60,  62,  63,  64,  66,  67,  73,  74,  75,  76,  85,  91,
     95, 100, 102, 105, 108,   1,   7,   8,  20,  31,  33,  38,  43,  44,  45,  48,
     58,  67,  74,  75,  85,  91,  95, 100, 102, 105, 108,   8,  34,  38,  43,  44,
     45,  46,  58,  60,  62,  67,  72,  90,  91,  92,  93,  94,  95,  96, 100, 102,
    105,  19,  21,  26,  28,  34,  60,  62,  81,  84,  35,  59,  61,  77,  98, 110,
     41,  43,  45,  33,  34,  35,  37,  38,  40,  43,  44,  45,  59,  60,  61,  62,
     67,  71,  74,  77,  91,  98, 100, 102, 110,   1,   4,  19,  30,  31,  33,  34,
     35,  37,  38,  40,  43,  44,  45,  59,  60,  61,  62,  67,  71,  72,  74,  77,
     91,  98, 100, 102, 110,   1,   2,   6,   8,  12,  19,  21,  22,  23,  24,  26,
     27,  28,  29,  33,  34,  35,  36,  37,  38,  39,  40,  41,  42,  43,  44,  45,
     54,  55,  56,  57,  58,  59,  60,  61,  62,  63,  64,  65,  66,  67,  70,  71,
     73,  74,  75,  76,  77,  78,  79,  80,  81,  82,  83,  84,  86,  88,  90,  91,
     93,  98,  99, 100, 101, 102, 104, 109, 110,  34,  38,  41,  42,  43,  45,  58,
     60,  62,  67, 100,  22,  23,  24,  25,  26,  28,  34,  54,  55,  57,  58,  60,
     62,  63,  64,  65,  66,  67,  69,  73,  75,  76,  78,  79,  81,  84,  34,  42,
     43,  45,  60,  62,   1,   7,   8,  20,  31,  33,  34,  38,  43,  44,  45,  48,
     55,  57,  58,  60,  62,  63,  64,  66,  67,  73,  74,  75,  76,  85,  91,  95,
    100, 102, 105, 108,   1,   7,   8,  20,  31,  33,  34,  38,  43,  44,  45,  48,
     57,  58,  60,  62,  63,  67,  73,  74,  75,  76,  85,  91,  95, 100, 102, 105,
    108,   1,   7,   8,  20,  31,  33,  38,  43,  44,  45,  48,  56,  57,  58,  63,
     64,  66,  67,  73,  74,  75,  76,  85,  91,  95, 100, 102, 105, 108,   0,   1,
      2,   4,   6,   7,   8,  12,  19,  20,  21,  22,  23,  24,  26,  27,  28,  31,
     33,  34,  35,  36,  38,  39,  40,  41,  42,  43,  44,  45,  48,  54,  55,  56,
     57,  58,  59,  60,  61,  62,  63,  64,  65,  66,  67,  70,  71,  73,  74,  75,
     76,  77,  78,  79,  80,  81,  82,  83,  84,  85,  86,  87,  88,  89,  90,  91,
     92,  93,  94,  95,  96,  97,  98,  99, 100, 101, 102, 103, 104, 105, 107, 108,
    109, 110,   1,   2,   8,  21,  24,  25,  26,  27,  28,  29,  33,  35,  37,  38,
     40,  43,  44,  45,  57,  58,  59,  61,  63,  67,  71,  74,  75,  76,  77,  79,
     81,  82,  83,  84,  86,  87,  88,  91,  94,  98, 100, 101, 102, 106, 110,   2,
     12,  21,  24,  25,  26,  27,  28,  33,  35,  36,  39,  40,  41,  42,  43,  44,
     45,  46,  55,  56,  57,  58,  59,  61,  63,  64,  66,  70,  71,  72,  73,  74,
     75,  76,  77,  78,  80,  81,  83,  84,  87,  88,  90,  91,  92,  93,  94,  95,
     96,  97,  98,  99, 101, 102, 104, 105, 109, 110,   0,   1,   2,  19,  20,  21,
     22,  24,  27,  28,  45,  54,  65,  79,  80,  81,  82,  83,  84,  85,  86,  88,
    101, 108,   1,   2,  12,  20,  21,  22,  24,  25,  26,  27,  28,  38,  43,  45,
     54,  65,  67,  79,  80,  81,  82,  83,  84,  85,  86,  87,  89,  90,  92,  93,
     94,  95,  96, 100, 101, 105, 106, 107, 108,   0,   1,   2,   6,   7,   8,  19,
     20,  21,  22,  23,  24,  25,  26,  27,  28,  29,  33,  35,  36,  37,  38,  39,
     40,  41,  42,  43,  45,  46,  54,  55,  56,  57,  58,  59,  61,  63,  64,  65,
     66,  67,  70,  71,  72,  73,  74,  75,  76,  77,  78,  79,  80,  81,  82,  83,
     84,  85,  86,  87,  88,  90,  91,  92,  94,  95,  98,  99, 100, 101, 104, 105,
    106, 107, 108, 109, 110,   0,   1,   2,   3,   6,   7,   8,  12,  18,  19,  20,
     21,  22,  23,  24,  25,  26,  27,  28,  29,  31,  33,  34,  35,  36,  37,  38,
     39,  40,  41,  42,  43,  44,  45,  46,  48,  54,  55,  56,  57,  58,  59,  60,
     61,  62,  63,  64,  65,  66,  67,  70,  71,  72,  73,  74,  75,  76,  77,  78,
     79,  80,  81,  82,  83,  84,  85,  86,  87,  88,  89,  90,  91,  92,  93,  94,
     95,  96,  97,  98,  99, 100, 101, 102, 104, 105, 106, 107, 108, 109, 110,   1,
      6,  12,  19,  20,  21,  22,  24,  26,  27,  28,  29,  33,  34,  35,  36,  37,
     38,  39,  40,  41,  42,  43,  44,  45,  46,  54,  55,  56,  57,  58,  59,  60,
     61,  62,  63,  64,  65,  66,  67,  70,  71,  72,  73,  74,  75,  76,  77,  78,
     79,  80,  81,  82,  83,  84,  85,  86,  87,  88,  90,  91,  92,  93,  94,  95,
     96,  97,  98,  99, 100, 101, 102, 104, 105, 106, 107, 108, 109, 110,   0,   1,
      2,   4,   6,   7,   8,  12,  19,  20,  21,  22,  23,  24,  26,  27,  28,  31,
     33,  34,  35,  36,  38,  39,  40,  41,  42,  43,  44,  45,  48,  54,  55,  56,
     57,  58,  59,  60,  61,  62,  63,  64,  65,  66,  67,  70,  71,  73,  74,  75,
     76,  77,  78,  79,  80,  81,  82,  83,  84,  85,  86,  87,  88,  89,  90,  91,
     92,  93,  94,  95,  96,  97,  98,  99, 100, 101, 102, 103, 104, 105, 107, 108,
    109, 110,   3,   4,   6,   8,  12,  19,  20,  21,  22,  23,  24,  26,  27,  28,
     31,  35,  38,  42,  43,  45,  48,  54,  59,  60,  61,  65,  67,  77,  79,  80,
     81,  82,  83,  84,  85,  86,  87,  88,  92,  93,  94,  98, 100, 101, 106, 107,
    108, 110,   0,   1,   2,   3,   6,   7,   8,  12,  18,  19,  20,  21,  22,  23,
     24,  25,  26,  27,  28,  29,  31,  33,  34,  35,  36,  37,  38,  39,  40,  41,
     42,  43,  44,  45,  46,  48,  54,  55,  56,  57,  58,  59,  60,  61,  62,  63,
     64,  65,  66,  67,  70,  71,  72,  73,  74,  75,  76,  77,  78,  79,  80,  81,
     82,  83,  84,  85,  86,  87,  88,  89,  90,  91,  92,  93,  94,  95,  96,  97,
     98,  99, 100, 101, 102, 104, 105, 106, 107, 108, 109, 110,   1,   2,   6,   8,
     12,  19,  21,  22,  24,  26,  27,  28,  29,  33,  34,  35,  36,  37,  38,  39,
     40,  41,  42,  43,  44,  45,  54,  55,  56,  57,  58,  59,  60,  61,  62,  63,
     64,  65,  66,  67,  70,  71,  73,  74,  75,  76,  77,  78,  79,  80,  81,  82,
     83,  84,  86,  88,  90,  91,  93,  98,  99, 100, 101, 102, 104, 109, 110,   1,
      6,   8,  19,  36,  38,  39,  44,  45,  55,  56,  57,  58,  63,  64,  66,  67,
     70,  73,  75,  76,  78,  90,  91,  92,  93,  94,  95,  96,  97,  99, 100, 102,
    104, 105, 109,   4,   6,   8,  31,  32,  34,  35,  38,  44,  45,  48,  59,  60,
     61,  62,  67,  77,  90,  91,  92,  93,  94,  95,  96,  97,  98, 100, 102, 104,
    105, 107, 110,   0,   7,   8,  19,  20,  33,  34,  35,  36,  37,  38,  39,  40,
     41,  42,  43,  44,  45,  46,  55,  56,  57,  58,  59,  60,  61,  62,  63,  64,
     66,  67,  69,  70,  71,  72,  73,  74,  75,  76,  77,  78,  85,  90,  91,  92,
     93,  94,  95,  96,  97,  98,  99, 100, 102, 104, 105, 108, 109, 110,  38,  43,
     45,  67,  94,  95, 100, 105,   0,   1,   8,  19,  35,  36,  38,  39,  40,  43,
     44,  45,  55,  56,  57,  58,  59,  61,  63,  64,  66,  67,  70,  71,  73,  75,
     76,  77,  78,  89,  90,  91,  92,  93,  94,  95,  96,  97,  98,  99, 100, 102,
    104, 105, 109, 110,   1,   7,   8,  20,  31,  33,  34,  38,  43,  44,  45,  48,
     60,  62,  67,  74,  85,  91,  95,  99, 100, 102, 105, 108,   0,   1,   2,   6,
      7,   8,  19,  20,  21,  22,  23,  24,  25,  26,  27,  28,  29,  33,  35,  36,
     37,  38,  39,  40,  41,  42,  43,  45,  46,  54,  55,  56,  57,  58,  59,  61,
     63,  64,  65,  66,  67,  70,  71,  72,  73,  74,  75,  76,  77,  78,  79,  80,
     81,  82,  83,  84,  85,  86,  87,  88,  90,  91,  92,  94,  95,  98,  99, 100,
    101, 104, 105, 106, 107, 108, 109, 110,   1,  35,  59,  61,  77,  98, 110,   2,
      6,   7,  12,  20,  21,  22,  27,  28,  33,  34,  35,  36,  38,  39,  40,  43,
     44,  45,  54,  55,  56,  57,  58,  59,  60,  61,  62,  63,  64,  65,  66,  67,
     70,  71,  73,  74,  75,  76,  77,  78,  79,  80,  81,  82,  83,  84,  85,  87,
     88,  89,  90,  91,  92,  93,  94,  95,  96,  97,  98,  99, 100, 101, 102, 104,
    105, 108, 109, 110,   0,   4,   6,   8,  19,  31,  33,  34,  35,  36,  37,  38,
     39,  40,  42,  43,  44,  45,  48,  55,  56,  57,  58,  59,  60,  61,  62,  63,
     64,  66,  67,  70,  71,  73,  74,  75,  76,  77,  78,  89,  90,  91,  92,  93,
     95,  96,  97,  98,  99, 100, 102, 104, 105, 107, 109, 110,   1,   2,  12,  20,
     21,  22,  24,  25,  26,  27,  28,  38,  43,  45,  54,  65,  67,  79,  80,  81,
     82,  83,  84,  85,  86,  87,  89,  90,  92,  93,  94,  95,  96, 100, 101, 105,
    106, 107, 108,   3,   4,   6,   8,  12,  19,  20,  21,  22,  23,  24,  26,  27,
     28,  31,  35,  38,  42,  43,  45,  48,  54,  59,  60,  61,  65,  67,  77,  79,
     80,  81,  82,  83,  84,  85,  86,  87,  88,  92,  93,  94,  98, 100, 101, 106,
    107, 108, 110,   3,   4,   6,   8,  12,  19,  20,  21,  22,  23,  24,  26,  27,
     28,  31,  35,  38,  42,  43,  44,  45,  48,  54,  59,  60,  61,  65,  67,  77,
     79,  80,  81,  82,  83,  84,  85,  86,  87,  88,  90,  91,  92,  93,  94,  98,
    100, 101, 102, 106, 107, 108, 110,   1,   2,   6,   8,  12,  19,  21,  24,  26,
     27,  28,  29,  33,  34,  35,  36,  37,  38,  39,  40,  41,  42,  43,  44,  45,
     55,  56,  57,  58,  59,  60,  61,  62,  63,  64,  66,  67,  70,  71,  73,  74,
     75,  76,  77,  78,  80,  81,  82,  83,  84,  86,  88,  90,  91,  93,  98,  99,
    100, 101, 102, 104, 109, 110,   3,   4,   6,   8,  12,  19,  20,  21,  22,  23,
     24,  26,  27,  28,  31,  35,  38,  42,  43,  45,  48,  54,  59,  60,  61,  65,
     67,  77,  79,  80,  81,  82,  83,  84,  85,  86,  87,  88,  92,  93,  94,  98,
    100, 101, 106, 107, 108, 110,  94,  95, 105,  86,   0,   1,   2,   6,   7,   8,
     19,  20,  21,  22,  23,  24,  25,  26,  27,  28,  29,  33,  35,  36,  37,  38,
     39,  40,  41,  42,  43,  45,  46,  54,  55,  56,  57,  58,  59,  61,  63,  64,
     65,  66,  67,  70,  71,  72,  73,  74,  75,  76,  77,  78,  79,  80,  81,  82,
     83,  84,  85,  86,  87,  88,  90,  91,  92,  94,  95,  98,  99, 100, 101, 104,
    105, 106, 107, 108, 109, 110,   8,  38,  67, 100,   0,   1,   2,   6,   7,   8,
     19,  20,  21,  22,  23,  24,  25,  26,  27,  28,  29,  33,  35,  36,  37,  38,
     39,  40,  41,  42,  43,  45,  46,  54,  55,  56,  57,  58,  59,  61,  63,  64,
     65,  66,  67,  70,  71,  72,  73,  74,  75,  76,  77,  78,  79,  80,  81,  82,
     83,  84,  85,  86,  87,  88,  90,  91,  92,  94,  95,  98,  99, 100, 101, 104,
    105, 106, 107, 108, 109, 110,   0,   7,   8,  19,  20,  33,  34,  35,  36,  37,
     38,  39,  40,  41,  42,  43,  44,  45,  46,  55,  56,  57,  58,  59,  60,  61,
     62,  63,  64,  66,  67,  69,  70,  71,  72,  73,  74,  75,  76,  77,  78,  85,
     90,  91,  92,  93,  94,  95,  96,  97,  98,  99, 100, 102, 104, 105, 108, 109,
    110,   0,   1,   2,   6,   7,   8,  19,  20,  21,  22,  23,  24,  25,  26,  27,
     28,  29,  31,  33,  34,  35,  36,  37,  38,  39,  40,  41,  42,  43,  44,  45,
     46,  48,  49,  54,  55,  56,  57,  58,  59,  60,  61,  62,  63,  64,  65,  66,
     67,  70,  71,  72,  73,  74,  75,  76,  77,  78,  79,  80,  81,  82,  83,  84,
     85,  86,  87,  88,  89,  91,  92,  93,  94,  95,  96,  98,  99, 100, 101, 102,
    104, 105, 106, 107, 108, 109, 110,   1,   7,   8,  20,  31,  33,  38,  43,  44,
     45,  48,  57,  58,  63,  66,  67,  73,  74,  75,  85,  91,  95, 100, 102, 105,
    108,   1,   7,   8,  20,  31,  33,  38,  43,  44,  45,  48,  58,  67,  74,  75,
     85,  91,  95, 100, 102, 105, 108,   1,   2,   6,   8,  12,  19,  21,  24,  26,
     27,  28,  29,  33,  34,  35,  36,  37,  38,  39,  40,  41,  42,  43,  44,  45,
     55,  56,  57,  58,  59,  60,  61,  62,  63,  64,  66,  67,  70,  71,  73,  74,
     75,  76,  77,  78,  80,  81,  82,  83,  84,  86,  88,  90,  91,  93,  98,  99,
    100, 101, 102, 104, 109, 110,   1,   2,   6,   8,  12,  19,  21,  24,  26,  27,
     28,  29,  33,  34,  35,  36,  37,  38,  39,  40,  41,  42,  43,  44,  45,  55,
     56,  57,  58,  59,  60,  61,  62,  63,  64,  66,  67,  70,  71,  73,  74,  75,
     76,  77,  78,  80,  81,  82,  83,  84,  86,  88,  90,  91,  93,  98,  99, 100,
    101, 102, 104, 109, 110,  22,  23,  24,  25,  26,  28,  34,  54,  55,  57,  58,
     60,  62,  63,  64,  65,  66,  67,  69,  73,  75,  76,  78,  79,  81,  84,  22,
     23,  24,  25,  26,  28,  34,  54,  55,  57,  58,  60,  62,  63,  64,  65,  66,
     67,  69,  73,  75,  76,  78,  79,  81,  84,  22,  23,  24,  25,  26,  28,  34,
     54,  55,  57,  58,  60,  62,  63,  64,  65,  66,  67,  69,  73,  75,  76,  78,
     79,  81,  84,  22,  23,  24,  25,  26,  28,  34,  54,  55,  57,  58,  60,  62,
     63,  64,  65,  66,  67,  69,  73,  75,  76,  78,  79,  81,  84,   6,   7,  18,
     20,  33,  34,  35,  36,  37,  38,  39,  40,  41,  42,  43,  44,  45,  46,  55,
     56,  57,  58,  59,  60,  61,  62,  63,  64,  66,  67,  69,  70,  71,  72,  73,
     74,  75,  76,  77,  78,  85,  89,  91,  92,  93,  94,  95,  96,  97,  98,  99,
    100, 102, 103, 104, 105, 108, 109, 110, 111, 111, 111,  38,  43,  44,  45,  67,
     75,  91, 100, 102,
};

static const int8_t bitter_20_regularKernSparseValues[] = {
      -7,  -31,  -14,  -63,    3,   10,    3,   -9,  -11,   17,  -17,  -33,    3,  -17,   17,  -17,
      17,    3,  -33,  -11,  -17,    3,  -31,  -25,   -9,  -14,    5,  -11,  -16,  -34,  -15,  -17,
      -9,  -14,  -17,  -21,   -5,   -4,  -11,  -23,   -9,  -21,  -33,  -41,  -40,  -12,  -14,   -7,
     -19,   -7,  -11,  -19,   -7,  -11,  -23,  -22,  -21,   -9,  -19,  -19,  -30,  -33,   -7,   -7,
     -28,  -19,   -9,  -19,  -11,  -19,  -19,  -14,  -19,  -19,   -7,  -19,   -9,  -40,  -41,  -40,
     -22,   -7,  -19,  -11,  -41,  -22,  -19,  -19,   -7,    7,    6,  -24,  -25,  -26,  -31,   -7,
      -7,   -1,   -7,   -7,  -18,  -12,  -11,   -9,   -1,   -7,   -1,   -7,    6,   -7,   -9,   -7,
      -1,  -31,  -26,  -31,    6,  -12,   -1,  -26,  -12,    6,   -1,   18,   37,  -17,   12,   16,
      -5,    9,   34,   -5,   -5,   34,   -5,   -7,   13,  -12,   -7,   -5,   13,  -11,   -5,   34,
     -11,  -24,   -5,  -57,  -35,  -18,    4,  -18,  -15,  -36,  -13,  -27,    9,   25,  -48,  -49,
     -11,  -49,   -9,  -44,  -46,  -17,   -9,   -9,   -9,  -49,   13,  -11,  -49,  -27,  -81,   13,
     -46,  -44,   -9,  -11,  -44,  -27,   -9,  -29,   -9,  -15,    3,  -22,  -37,   -7,  -17,  -41,
     -38,  -64,   -4,  -35,  -14,  -22,  -13,  -16,  -64,  -23,  -15,  -11,  -25,  -35,  -11,  -25,
      -6,   -5,  -64,  -35,   -6,   12,  -26,  -10,  -23,  -12,    7,   -5,    6,    6,  -23,    6,
      18,   12,  -23,   12,  -27,  -27,  -27,  -27,  -19,   12,  -12,  -27,  -27,  -27,  -27,  -27,
      12,  -27,   12,  -27,  -27,  -12,  -27,  -27,  -27,  -23,  -27,  -27,  -27,  -27,  -12,  -29,
       6,  -23,  -23,    6,  -10,   -3,  -12,  -15,  -36,  -27,  -27,  -42,  -20,  -29,  -22,  -33,
     -27,  -27,  -23,  -27,  -27,  -29,  -10,  -27,  -27,  -36,   -3,  -11,    3,    5,   -7,  -31,
      -5,  -14,  -27,  -12,  -10,  -11,  -26,  -17,  -27,  -44,  -38,  -37,  -21,  -13,   -7,   -7,
     -12,   -9,   -9,  -12,   -7,   -5,   -9,  -14,  -26,  -17,  -12,  -17,  -12,  -12,  -12,  -12,
      -7,   -7,   -7,   -7,  -12,  -12,  -17,  -12,   -9,  -12,   -7,  -12,  -12,  -13,  -12,  -12,
      -7,  -12,  -17,  -30,  -37,  -21,  -38,  -37,  -11,  -33,  -24,  -28,  -21,  -26,  -17,  -22,
     -11,  -19,   -7,  -17,   -7,  -12,   -9,  -38,  -26,  -12,  -19,  -12,   -7,  -11,  -12,   -7,
       2,    5,   -9,   12,  -29,  -12,   -8,  -11,  -16,  -13,   -7,  -11,   -8,   -7,   -7,    3,
     -12,  -10,  -22,  -11,  -59,  -28,  -12,    6,   -4,  -12,   -8,  -11,   -9,    3,   -9,   19,
     -35,  -13,  -10,   -9,    6,  -11,  -20,  -20,   -7,  -20,  -20,    3,    6,  -15,    3,    3,
       3,   -6,    6,    6,  -14,   -5,  -27,    4,  -29,   -7,  -17,  -17,  -31,  -35,  -22,  -19,
     -14,   -4,   -4,  -11,   -9,   -1,  -11,   -4,   -4,   -5,   -9,  -14,   -7,  -11,  -11,  -11,
     -11,   -4,   -4,   -4,   -4,  -11,  -11,  -11,   -1,  -11,   -4,  -11,  -14,  -11,  -11,   -4,
     -11,  -18,  -22,  -13,  -35,  -22,  -29,  -14,   -9,  -14,  -17,   -4,  -11,   -1,  -35,  -14,
     -11,  -11,   -4,   -7,  -63,  -18,    9,  -17,    5,  -28,  -17,    3,  -18,  -11,  -54,  -36,
     -59,   -7,  -53,   -9,    9,  -13,   -6,  -12,  -11,  -16,  -11,  -11,   -9,  -19,  -19,  -29,
       7,  -33,  -14,    5,   -7,  -18,  -11,  -11,  -11,  -11,  -12,   -6,  -12,   -6,  -11,  -11,
     -36,  -11,  -11,  -11,   -9,  -14,  -11,  -13,  -11,  -11,  -12,  -11,  -18,    3,  -53,    5,
      -7, -109,  -17,  -74,  -13,   -2,  -17,    7,   -9,    7,  -24,  -47,  -11,  -12,  -11,  -11,
      -7,    7,  -11,  -47,  -44,  -33,  -17,  -11,  -12,    9,   -5,  -11,  -21,   -5,   -5,   -9,
      -8,   -7,  -14,  -17,  -21,   -9,  -16,  -14,  -27,  -16,  -14,  -18,  -17,  -18,  -19,  -14,
     -18,  -11,   -9,  -18,  -11,  -16,  -14,  -16,  -18,  -18,  -25,  -27,  -17,  -18,  -17,  -18,
     -23,  -18,  -18,  -14,  -18,  -11,  -16,  -18,  -14,  -18,  -31,  -17,  -18,  -15,  -16,  -15,
     -27,  -16,  -17,  -17,  -31,  -16,  -21,  -17,  -18,  -14,  -27,  -16,  -18,  -22,  -17,  -18,
     -17,   -6,   -4,  -15,   -7,  -27,  -21,  -28,  -12,  -12,  -10,   -7,  -12,  -14,   -7,  -12,
     -10,  -10,  -21,  -17,  -15,  -11,   -7,   -7,   -5,   -9,  -10,  -10,   -5,   -7,   -7,  -14,
      -7,  -12,  -11,   -7,  -12,   -7,   -7,  -10,   -7,  -25,  -12,  -28,  -12,  -15,  -34,  -15,
     -11,  -17,   -7,  -10,   -7,  -14,  -28,  -17,   -7,  -27,  -15,   -7,  -10,   -5,  -73,  -19,
     -23,  -15,  -45,  -15,   -4,  -11,  -19,  -11,  -15,  -21,   -7,  -31,  -11,  -24,   -5,  -11,
     -22,   -7,   -7,   -5,  -16,   -6,  -14,  -15,  -11,  -11,  -17,   -9,  -31,   -7,  -31,   -7,
       3,  -11,  -15,  -11,   -5,  -11,  -22,  -14,  -11,  -21,  -14,  -13,  -31,  -11,  -15,  -48,
     -11,  -19,  -11,  -15,  -16,  -50,  -31,  -11,   -5,  -19,  -16,  -11,  -13,  -22,  -15,  -11,
     -31,   -5,  -25,  -26,  -31,   -7,   -7,   -1,   -7,   -7,  -18,  -12,  -11,   -9,   -1,   -7,
      -1,   -7,    6,   -7,   -9,   -7,   -1,  -31,  -26,  -31,  -12,   -1,  -26,  -12,   -1,    3,
     -12,    7,  -18,  -14,   -5,  -15,  -21,  -13,  -11,  -11,   -9,  -11,   -9,  -11,  -14,  -19,
     -17,    9,   11,   -9,   -9,    9,   -9,  -11,  -11,    1,    5,   -9,  -13,   -7,  -21,  -29,
     -16,  -12,  -12,  -19,   -5,   -9,   -9,  -21,  -19,  -24,   -9,  -36,   -5,   -4,   -8,  -27,
      -7,  -15,  -14,    3,   -9,  -14,   -4,  -14,   -7,   -9,  -17,  -24,  -15,  -14,   -5,   12,
      11,   -9,    3,   -9,    3,   12,   -5,    1,  -14,  -14,  -14,    5,    3,   -9,   -5,  -21,
      -7,  -27,   -7,  -24,  -19,   -9,   -4,  -27,  -24,  -13,   -9,  -11,   -9,  -17,  -12,  -64,
      -5,  -15,  -35,   -7,  -21,  -11,  -25,  -31,  -16,   -9,  -15,  -17,  -25,  -26,   -9,  -23,
     -14,   -9,  -25,  -21,  -21,  -21,  -30,   -4,  -21,   -9,   -9,  -13,  -13,  -26,  -26,  -13,
      -9,  -21,   -9,  -14,   -9,  -25,   -4,   -9,  -25,  -17,   -9,  -26,   -9,  -21,   -1,  -40,
       5,   -9,  -44,  -35,  -19,  -19,  -13,    2,    1,  -15,  -34,  -37,  -26,   -9,  -14,   -9,
      -9,  -37,  -43,  -45,  -35,   -9,  -26,  -26,  -23,   -8,   -7,  -43,  -27,  -54,  -11,  -61,
      -7,   -7,   -7,   -9,   -9,   -9,   -9,  -17,  -11,  -29,   -7,  -32,   -9,   -9,   -9,   -9,
      -7,   -7,   -9,   -9,   -9,   -9,   -9,   -9,   -7,   -9,   -9,   -7,   -9,  -61,  -11,  -61,
     -23,   -7,   -7,   -9,  -11,   -7,   -9,  -23,   -9,   -7,    3,   -7,  -92,  -21,  -18,  -11,
      -5,  -37,  -15,   -9,   -9,  -11,  -21,  -28,  -21,  -14,   -7,  -15,   -7,   -9,   -5,  -13,
      -9,   -5,   -7,   -7,   -7,   -3,  -11,   -5,  -12,   -7,  -15,   -5,   -5,   -5,   -5,   -9,
      -7,   -9,   -7,   -5,   -5,  -15,   -5,   -9,   -5,   -7,  -12,   -5,  -15,   -5,   -5,   -9,
      -5,  -15,  -37,  -21,  -26,  -28,  -21,   -5,  -22,  -21,  -13,  -11,  -33,    2,   -9,   -5,
      -9,  -28,  -11,   -5,    2,   -5,   -5,   -9,  -14,   -5,   33,  -51,   42,  -29,   37,   -7,
     -17,   83,  -17,  -31,  -35,  -22,  -19,   31,   48,  -14,   -8,   -8,   -9,   16,   48,   -9,
      -4,   -4,   -5,   -9,  -14,   19,   15,   31,   -9,   -9,   -9,   -9,    7,   28,   -8,   -8,
      -9,   -9,   -9,   48,   -9,   -4,   -9,  -14,   -9,   -9,   -8,   -9,  -18,  -22,  -13,  -35,
     -22,  -29,  -14,   -9,  -14,  -17,   -8,   -9,   48,  -35,  -14,   -9,   -9,   -8,  -11,   -7,
     -17,  -10,  -34,  -19,  -38,   -7,   -9,  -14,   -7,   -7,   -4,   -7,  -11,  -11,  -17,   -9,
     -15,   -7,   -7,   -7,   -7,  -14,  -14,   -7,   -7,   -7,   -4,   -7,   -7,   -9,   -7,   -7,
     -14,   -7,  -38,  -19,  -38,  -11,   -9,  -14,   -7,   -4,  -19,   -9,   -7,  -11,   -7,  -14,
      10,  -17,  -51,  -41,  -18,  -18,   -7,  -17,  -54,  -14,   -9,   -9,   -5,   -9,  -23,  -11,
     -21,  -34,   -7,  -31,  -13,  -39,   -9,  -13,  -29,   -7,  -11,   -8,  -21,   -3,  -23,  -14,
     -13,  -13,  -11,  -15,  -31,   -7,  -31,   -7,   -5,  -13,  -14,  -13,  -10,  -13,  -29,  -23,
     -13,  -34,  -21,  -23,  -31,  -13,  -14,  -50,  -11,  -31,  -23,  -11,  -17,   -7,  -23,  -28,
     -21,  -39,  -31,  -13,   -9,  -90,  -21,  -13,  -15,  -34,  -17,  -13,  -31,  -14,    3,  -33,
     -19,  -69,  -38,  -32,  -21,  -21,   -5,  -56,  -59,  -15,   -9,   -9,   -8,    3,  -15,    3,
     -22,   -7,  -53,   -5,  -47,  -28,  -48,  -26,  -28,  -46,  -25,  -33,  -23,  -49,  -39,  -51,
      -7,  -15,  -28,  -47,  -32,   -5,  -47,   -5,  -47,   -5,   -6,  -36,  -15,  -35,  -25,  -28,
     -46,  -51,  -42,  -53,  -14,  -29,  -47,  -28,  -15,  -58,    3,  -43,  -37,    3,  -56,   -3,
     -26,  -41,  -24,  -56,  -49,  -26,  -67,  -33,  -65,  -45,  -59,  -47,  -11,  -26,  -15,  -49,
     -28,  -29,  -33,  -45,  -56,  -28,  -47,  -14,    3,  -33,  -19,  -69,  -38,  -32,  -21,  -21,
      -5,  -28,  -59,  -15,   -9,   -9,   -8,    3,  -15,    3,  -22,   -7,  -53,   -5,  -47,  -28,
     -48,  -26,  -28,  -46,  -25,  -33,  -23,  -49,  -39,  -51,   -7,  -15,  -28,  -47,  -32,   -5,
     -47,   -5,  -47,   -5,   -6,  -36,  -15,  -35,  -25,  -28,  -46,  -51,  -42,  -53,  -14,  -29,
     -47,  -28,  -15,  -58,    3,  -43,  -37,    3,  -28,   -3,  -26,  -41,  -24,  -56,  -49,  -26,
     -67,  -33,  -65,  -45,  -59,  -47,  -11,  -26,  -15,  -49,  -28,  -29,  -33,  -45,  -56,  -28,
     -47,  -28,  -78,  -19,  -11,   -7,  -25,  -24,  -53,  -13,   -5,   -6,   -8,    3,  -14,    3,
     -12,   -7,  -55,   -1,  -47,  -33,  -43,  -18,  -33,  -44,  -21,  -29,  -35,  -43,  -29,  -33,
      -7,  -13,  -33,  -56,  -31,   -1,  -47,   -1,  -47,   -1,  -15,  -41,  -13,  -34,  -27,  -33,
     -44,  -33,  -41,  -55,  -22,  -32,  -47,  -33,  -13,  -54,    3,  -14,    3,  -24,    3,  -43,
     -49,  -26,  -47,  -13,  -18,  -99,  -43,  -33,  -35,  -32,  -24,  -33,  -47,  -13,  -17,  -14,
      -9,  -14,  -12,  -17,  -19,  -17,   -5,   -5,   -7,   -5,   -9,  -11,  -14,  -17,  -11,  -21,
      -9,   -5,   -5,   -7,   -7,   -5,   -5,   -5,   -5,   -9,   -5,   -5,   -9,   -5,   -5,   -5,
      -5,   -5,   -9,  -17,  -19,  -17,  -17,  -11,   -5,   -5,  -19,  -11,   -5,  -17,   -5,   -5,
      30,   12,   31,  -36,   -7,   -7,   23,   37,   15,   12,   47,   15,   15,   47,    9,   -7,
      25,   -7,   -1,   -3,   22,  -15,  -13,   -7,   -7,   47,  -13,  -36,   12,   18,   39,   12,
      12,   12,   12,   27,   35,   11,   11,   12,   25,   11,   11,   11,   11,   11,   11,   11,
      11,   11,   25,   11,   11,   11,   11,   11,   16,   11,   25,   11,   11,   -5,  -35,    6,
      13,  -10,  -17,  -20,  -23,    5,   -7,   11,  -25,  -23,   -1,  -23,  -28,  -11,    9,   -3,
      -4,   -2,  -11,  -22,  -12,   -2,   -4,   -8,  -22,  -11,  -11,  -23,  -13,   -8,   -2,  -22,
     -23,    3,   -4,    5,  -13,   -6,  -12,   -9,  -12,   -9,  -14,   -7,   -9,   -9,  -11,  -14,
     -12,   -9,   -9,   -9,   -9,   -9,  -12,   -9,  -12,   -9,   -9,   -9,   -9,   -7,   -9,   -9,
     -12,   -9,   -9,  -12,   -9,  -12,   -5,  -14,  -11,  -12,   -9,   -7,  -12,   -9,  -14,   -9,
     -12,  -15,   -3,   12,   -7,   12,   -7,    3,  -12,  -11,  -10,    6,    7,    3,   -7,    3,
      -7,  -11,  -19,    3,  -11,  -19,   -7,   -9,  -11,  -21,  -14,   -9,  -12,  -21,  -12,  -14,
      -4,  -17,  -14,  -11,   -9,  -21,  -17,   27,   26,   70,   33,  -20,  -17,   23,   51,  101,
      -5,   37,   -7,    7,   -4,   11,    7,    7,    3,    7,  -11,    3,   59,   21,   21,   25,
      33,   -7,   37,   -7,   37,   28,   21,   29,   30,   26,   51,   19,    3,   25,   -3,   51,
      23,   -9,   21,  -11,   -7,    7,   11,  -11,    7,    7,   -5,   12,   12,   12,   -8,   -7,
      -9,   -7,    6,   26,   -7,   -7,   -4,   -6,  -14,   -5,    5,   -7,   -7,   -7,   -7,   -9,
     -12,   -9,   -7,   -7,   -7,   -7,   26,   -7,   -7,   -7,   -8,   -7,   -7,   -9,   -7,  -14,
      -9,   -7,   26,  -14,   -7,   -7,   -9,    6,   12,  -16,  -17,  -11,   -6,    3,   12,   -6,
     -14,  -17,  -17,  -20,  -19,  -16,   -9,   12,  -17,  -16,   -7,  -35,    7,  -14,  -14,  -17,
      -9,  -22,  -11,  -19,  -15,  -11,  -18,   -9,   -9,   -7,   -4,   -4,  -12,  -11,  -11,  -11,
     -11,  -22,   -9,  -22,   -9,  -11,  -11,  -11,  -15,    5,  -11,  -18,  -12,  -11,  -17,  -11,
     -11,  -22,  -11,  -14,    3,   -4,  -21,    3,   -9,   -7,  -11,   -4,  -22,  -11,  -15,   -4,
     -11,   -7,  -14,  -11,  -22,    5,   18,    5,    9,   52,   13,  -15,  -15,   -3,    5,    5,
       5,    5,   12,    5,    5,    5,   52,    5,    5,    5,    5,    5,    6,  -15,   12,    5,
      52,  -15,    5,    5,   -4,   -4,  -46,  -13,   -4,   -7,  -21,  -12,  -14,   -7,  -12,    1,
      -7,   -9,   -2,    6,   -9,    9,   -7,   -7,   -7,   -7,   -7,  -14,  -12,  -14,  -12,   -7,
      -7,   -7,    1,   -7,   -9,   -7,  -21,   -7,   -7,  -14,   -7,   -7,  -44,   -9,  -11,  -37,
       3,  -12,  -24,  -14,   -7,    1,   -9,   -7,    3,   -4,   -7,  -14,  -29,  -11,  -11,  -19,
     -12,  -19,   -7,  -19,   -7,   -5,   -9,   -9,   -4,   -7,   -7,   -7,   -5,   -9,   -5,   -9,
      -5,   -4,   -7,   -7,   -9,   -7,   -9,   -4,   -7,   -9,   13,   -9,   -4,  -12,   -7,   -7,
      -4,   -7,  -22,  -11,   -4,   -4,  -22,  -47,   -9,   -9,   -9,  -13,   -5,  -11,   -4,  -12,
      -5,   -4,  -15,    9,    4,   13,   -4,   13,   -9,   -4,   -4,   -4,   -4,  -11,   -5,  -11,
      -5,   -4,   -4,   -4,   -5,    6,   -4,  -15,   -9,   -4,  -13,   -4,   -4,  -11,   -4,   -9,
      -7,   -4,   -2,  -32,    6,   14,  -11,  -13,  -11,   -4,   -5,   -4,   12,   -4,   14,   -9,
      -4,  -11,  -47,   -9,   -9,   -9,  -13,   -5,  -25,   -4,  -12,   -5,   -4,  -15,    9,    4,
      13,   -4,   13,   -9,   -4,   -4,   -4,   -4,  -25,   -5,  -25,   -5,   -4,   -4,   -4,   -5,
       6,   -4,  -15,   -9,   -4,  -13,   -4,   -4,  -25,   -4,   -9,   -7,   -4,   -2,  -32,    6,
      14,  -11,  -13,  -25,   -4,   -5,   -4,   12,   -4,   14,   -9,   -4,  -25,   -3,   -7,  -12,
     -12,  -10,   -3,   -3,   -7,  -12,  -12,   18,    5,   31,   -9,   -7,   -7,   12,   18,    6,
       6,   21,    6,    6,   21,    3,   -7,    9,   -7,   -1,   -3,    6,   -6,  -13,   -7,   -7,
      21,  -13,   -5,   -7,  -22,    4,   16,  -17,    3,  -12,    7,  -18,    6,  -14,   -5,  -15,
     -21,  -13,  -11,   16,  -11,   -9,  -11,   -9,  -11,  -14,  -19,  -17,   12,    9,   11,   -9,
      -9,    9,   -9,  -11,  -11,    1,    5,   -9,  -13,   -7,  -21,  -29,  -16,  -12,  -12,  -19,
      -5,   -9,   -9,  -21,  -19,  -24,   -9,   -9,   -5,  -12,  -11,   -7,  -12,   -8,  -11,   -3,
     -16,  -14,  -23,  -11,  -12,  -12,  -12,  -12,   -5,   -9,   -5,   -9,  -12,  -12,  -12,   -7,
     -12,   -8,  -11,  -12,  -12,  -12,   -5,  -12,  -14,   -5,  -12,   -7,  -14,  -12,  -12,   -5,
       5,  -13,   -6,  -12,   -9,  -12,   -9,  -14,  -10,   -9,   -9,  -11,  -14,  -12,   -9,   -9,
      -9,   -9,   -9,  -12,   -9,  -12,   -9,   -9,   -9,   -9,  -10,   -9,   -9,  -12,   -9,   -9,
     -12,   -9,  -12,   -5,  -14,  -11,  -12,   -9,  -10,  -12,   -9,  -14,   -9,  -12,  -19,  -11,
     -21,  -14,  -15,  -12,  -21,  -12,  -14,   -4,  -17,  -14,  -11,  -19,  -21,  -17,  -15,   -3,
      12,   -7,   12,   -7,    6,    3,  -12,  -11,  -10,    6,   16,   18,    6,    6,   18,    1,
       1,    3,   -7,   11,    9,   -7,  -11,  -19,    3,  -11,  -19,   -7,  -15,   -3,   12,   -7,
      12,   -7,   11,    3,  -12,  -11,  -10,    6,    6,    6,   19,   11,   11,   13,    5,   11,
       3,   13,   -7,   21,    5,   -7,  -11,  -19,    3,  -11,  -19,   -7,  -15,   -3,   12,   -7,
      12,   -7,    9,    3,  -12,  -11,  -10,    6,   11,   21,   18,    9,    9,   19,    7,   11,
       3,    5,   -7,   18,   21,   -7,  -11,  -19,    3,  -11,  -19,   -7,  -15,   -3,   12,   -7,
      12,   -7,   12,   21,    3,   21,  -12,  -11,  -10,    6,    5,    1,   21,   31,   12,   12,
      21,    3,    9,    3,   21,   13,   -7,   19,   11,   21,   -7,  -11,  -19,   21,    3,  -11,
      21,  -19,   -7,   21,   -7,  -63,  -18,    9,  -17,    5,  -28,  -17,    3,  -18,    1,  -54,
     -36,  -59,   -7,  -53,   -9,    9,  -13,   -6,  -12,  -11,  -16,  -11,  -11,   -9,  -19,  -19,
     -29,    7,  -33,  -14,    5,   -7,  -18,  -11,  -11,  -11,  -11,  -12,   -6,  -12,   -6,  -11,
     -11,  -36,  -11,  -11,  -11,   -9,  -14,  -11,  -13,  -11,  -11,  -12,  -11,  -18,    3,  -53,
       5,   -7, -109,  -17,  -74,  -13,   -2,  -17,    7,   -9,    7,  -24,  -47,  -11,  -12,  -11,
     -11,   -7,    7,  -11,  -47,  -44,  -33,  -17,  -11,  -12,   35,   49,   47,   29,   41,   29,
      61,   53,    7,   60,    5,   34,   11,   40,   34,   29,   31,   25,   27,   27,   25,   53,
      34,   34,   34,   34,    5,   60,   32,   60,   34,   34,   34,   40,   34,   35,   60,   34,
       7,   34,   34,    5,   34,   29,   27,    5,   34,   40,   27,   34,   29,   34,    5,   -6,
      -4,  -15,   -7,   13,  -27,  -21,  -28,  -12,  -12,  -10,   -7,  -12,  -14,   -7,  -12,  -10,
     -10,  -21,  -17,  -15,  -11,   -7,   -7,   -5,   -9,  -10,  -10,   -5,   -7,   -7,  -14,   -7,
     -12,  -11,   -7,  -12,   -7,   -7,  -10,   -7,  -25,  -12,  -28,  -12,  -15,  -34,  -15,  -11,
     -17,   -7,  -10,   -7,  -14,  -28,  -17,   -7,  -27,  -15,   -7,  -10,   -9,  -11,  -21,  -14,
      -9,    1,  -12,  -21,  -12,  -14,   -4,  -17,  -14,  -11,   -9,  -21,  -17,    3,  -12,    7,
     -18,  -14,   -5,  -15,  -21,  -13,  -11,  -11,   -9,  -11,   -9,  -11,  -23,  -19,  -17,    9,
      11,   -9,   -9,    9,   -9,  -11,  -11,    1,    5,   -9,  -13,   -7,  -21,  -29,  -16,  -12,
     -12,  -19,   -5,   -9,   -9,  -21,  -19,  -24,   -9,  -15,   -3,   12,   -7,   12,   -7,    6,
       3,  -12,  -11,  -10,    6,   11,   16,   24,    6,    6,   18,   13,   24,   15,   29,   -7,
      39,    9,   -7,  -11,  -19,    3,  -11,  -19,   -7,    1,  -15,   -3,   12,   -7,   12,   -7,
       3,  -12,  -11,  -10,    6,   12,   11,   12,    3,    3,   12,   -7,   19,    3,   -7,  -11,
     -19,    3,  -11,  -19,   -7,  -15,   -3,   12,   -7,   12,   -7,    9,    3,  -12,  -11,  -10,
       6,    5,   11,   16,    9,    9,   12,    5,   15,    3,   22,   -7,   29,    3,   -7,  -11,
     -19,    3,  -11,  -19,   -7,  -15,   -3,   12,   -7,   12,   -7,   23,  -12,  -11,  -10,    6,
       7,   23,   -7,    3,   -7,  -11,  -19,   23,  -11,  -19,   -7,    6,   12,   12,  -16,  -17,
     -11,   -6,    3,   12,   12,   12,   -6,  -14,  -17,  -17,  -20,  -19,  -16,   -9,   12,  -17,
     -16,    3,    3,   -7,   -8,   12,   12,   12,   -8,   -8,   20,   20,   20,   20,   20,   20,
       5,    5,    5,   -7,   -5,   -9,   -9,    3,   -7,   -7,   -7,   -5,   -9,   -5,   -9,   -5,
       3,   -7,   -7,   -9,   -7,   -9,    3,   -7,   -9,   12,   18,   12,   18,   18,   -7,    7,
      -9,   -9,   -2,   -7,   -7,   -7,   -5,   -9,    7,   -9,    7,   -2,   -7,    3,   -7,   -9,
      -7,   -9,   -2,   -7,   -9,  -14,   -5,  -27,    4,  -29,   -7,  -17,    6,    6,  -17,  -49,
     -35,  -43,  -19,  -14,    1,   -4,  -11,   -9,   -1,  -11,   -4,   -4,   -5,   -9,  -14,   -7,
       6,  -11,  -11,  -11,  -11,   -4,    1,   -4,    1,  -11,  -11,    6,  -11,   -1,  -11,   -4,
     -11,  -14,  -11,  -11,   -4,  -11,    6,  -18,  -43,  -13,  -35,  -43,  -29,  -14,   -9,  -14,
     -17,   -4,  -11,   -1,  -35,  -14,  -11,  -11,   -4,    6,    6,    3,    6,    5,    5,    9,
       6,    6,    6,    6,    5,   11,    6,    7,   12,    7,   18,    5,    6,    9,   18,   18,
      39,   15,    5,    5,   12,   13,    7,   12,   24,    6,   11,    5,    7,    7,    5,    5,
       5,   -3,    5,    5,  -15,   -3,   12,   -7,   12,   -7,    9,    3,  -12,  -11,  -10,    6,
       6,    5,   15,    9,    9,   16,    7,   16,    3,   17,   -7,   27,    5,   -7,  -11,  -19,
       3,  -11,  -19,   -7,  -15,   -3,   12,   -7,   12,   -7,    6,    3,  -12,  -11,  -10,    6,
      13,   13,    6,    6,   15,    3,    3,   -7,   11,   11,   -7,  -11,  -19,    3,  -11,  -19,
      -7,  -15,   -3,   12,   -7,   12,   -7,    3,  -12,  -11,  -10,    6,    1,   21,   21,   22,
       6,    5,    3,    5,   -7,   13,   15,   -7,  -11,  -19,    3,  -11,  -19,   -7,   -5,    5,
     -19,   -9,  -82,  -61,  -47,  -27,   -4,  -35,  -91,  -19,  -11,   -7,    3,  -23,   -3,   -6,
     -38,    4,  -51,  -15,  -19,  -15,  -31,   -7,  -15,   -7,  -17,  -11,   -6,  -19,  -15,  -15,
     -15,  -15,  -51,    4,  -51,    4,  -15,  -15,  -19,  -15,  -19,  -15,  -31,  -15,  -38,  -15,
     -15,  -51,  -15,  -19,  -64,   -3,  -48,  -64,   -3,  -79,  -12,  -25,  -42,  -14,  -49,  -17,
      -9,  -50,   -9,  -15,  -19,  -53,  -51,   -7,  -19,  -23,  -35,   -7,  -15,  -15,  -56,  -35,
     -15,  -51,    3,  -12,    7,  -18,  -14,   -5,  -15,  -21,  -13,  -11,  -11,   -9,  -11,   -9,
     -11,  -14,  -19,  -17,    9,   11,   -9,   -9,    9,   -9,  -11,  -11,    1,    5,   -9,    9,
     -13,   -7,  -21,  -29,  -16,  -12,  -12,  -19,   -5,   -9,   -9,  -21,  -19,  -24,   -9,  -15,
     -20,  -11,   -9,   -4,  -13,  -16,  -11,  -11,   -9,   -4,   -4,   -7,   -4,   -7,  -19,  -21,
     -13,   -5,   -4,   -4,   -4,   -4,   -9,   -9,   -4,   -4,   -4,   -4,   -7,   -5,   -4,  -11,
      -4,   -4,   -9,   -4,   -7,  -11,  -16,  -11,  -19,  -22,  -17,  -21,   -9,  -19,  -13,  -15,
     -12,   -7,   -9,    1,  -16,  -21,   -4,  -15,   -4,   -9,   -8,  -29,  -14,  -13,   -4,  -25,
     -15,  -39,  -27,  -37,  -13,  -15,  -15,  -15,   -5,  -37,   -9,  -27,  -37,   -4,  -44,  -21,
     -27,   -4,  -43,  -18,  -19,  -23,    3,  -10,  -48,  -34,  -64,  -29,  -56,  -16,  -30,  -19,
     -10,  -10,  -16,  -10,    3,  -56,    3,  -29,  -56,  -23,  -72,  -11,  -25,    6,  -11,    3,
     -31,  -36,   -1,  -16,  -29,  -36,  -37,  -16,  -23,  -11,   -9,  -17,  -12,  -64,   -5,  -15,
     -35,   -7,  -21,  -11,  -57,  -31,  -16,   -9,  -15,  -17,  -25,  -26,   -9,  -23,  -14,   -9,
     -25,  -21,  -21,  -21,  -30,   -4,  -21,   -9,   -9,  -13,  -13,  -26,  -26,  -13,   -9,  -21,
      -9,  -14,   -9,  -25,   -4,   -9,  -25,  -17,   -9,  -26,   -9,  -21,   -1,  -40,    5,   -9,
     -44,  -35,  -19,  -19,  -13,    2,    1,  -15,  -34,  -37,  -26,   -9,  -14,   -9,   -9,  -37,
     -43,  -45,  -35,   -9,  -26,  -14,    3,  -33,  -19,  -69,  -38,  -32,  -21,  -21,   -5,  -28,
     -59,  -15,   -9,   -9,   -8,    3,  -15,    3,  -22,   -7,  -53,   -5,  -47,  -28,  -48,  -26,
     -28,  -46,  -25,  -33,  -23,  -49,  -39,  -51,   -7,  -15,  -28,  -47,  -32,   -5,  -47,   -5,
     -47,   -5,   -6,  -36,  -15,  -35,  -25,  -28,  -46,  -51,  -42,  -53,  -14,  -29,  -47,  -28,
     -15,  -58,    3,  -43,  -37,    3,  -28,   -3,  -26,  -41,  -24,  -56,  -49,  -26, -128,  -33,
     -65,  -45,  -59,  -47,  -11,  -26,  -15,  -49,  -28,  -29,  -33,  -45,  -56,  -28,  -47,  -14,
     -27,  -12,  -10,  -11,  -26,  -17,  -63,  -44,  -38,  -37,  -21,  -13,   -7,   -7,  -12,   -9,
      -9,  -12,   -7,   -5,   -9,  -14,  -26,  -17,  -12,  -17,  -12,  -12,  -12,  -12,   -7,   -7,
      -7,   -7,  -12,  -12,  -17,  -12,   -9,  -12,   -7,  -12,  -12,  -13,  -12,  -12,   -7,  -12,
     -17,  -30,  -37,  -21,  -38,  -37,  -11,  -33,  -24,  -28,  -21,  -26,  -17,  -22,  -11,  -19,
      -7,  -17,   -7,  -12,   -9,  -38,  -26,  -12,  -19,  -12,   -7,  -11,  -12,   -7,   -5,    5,
     -19,   -9,  -82,  -61,  -47,  -27,   -4,  -35,  -91,  -19,  -11,   -7,    3,  -23,   -3,   -6,
     -38,    4,  -51,  -15,  -19,  -15,  -31,   -7,  -15,   -7,  -17,  -11,   -6,  -19,  -15,  -15,
     -15,  -15,  -51,    4,  -51,    4,  -15,  -15,  -19,  -15,  -19,  -15,  -31,  -15,  -38,  -15,
     -15,  -51,  -15,  -19,  -64,   -3,  -48,  -64,   -3,  -79,  -12,  -25,  -42,  -14,  -49,  -17,
      -9,  -50,   -9,  -15,  -19,  -53,  -51,   -7,  -19,  -23, -102,   -7,  -15,  -15,  -56,  -35,
     -15,  -51,  -25,   13,    3,   13,  -14,   -3,  -14,  -10,  -10,   24,  -31,  -27,  -13,  -24,
      11,  -10,   20,   -6,  -19,  -10,    5,  -10,  -10,    3,  -10,  -10,   20,  -10,  -10,   -5,
     -24,    5,  -13,  -24,  -14,  -38,   -4,   -8,   -5,   11,  -19,  -10,   20,  -13,  -26,  -20,
     -14,  -10,  -14,    3,  -33,  -19, -128,  -38,  -32,  -21,  -21,   -5,  -28, -125,  -15,   -9,
      -9,   -8,    3,  -31,    3,  -22,   -7,  -53,   -5,  -47,  -28,  -48,  -26,  -28,  -46,  -25,
     -33,  -23,  -49,  -39,  -51,   -7,  -15,  -28,  -47,  -32,   -5,  -47,   -5,  -47,   -5,   -6,
     -36,  -15,  -35,  -25,  -28,  -46,  -51,  -42,  -53,  -14,  -29,  -47,  -28,  -15,  -58,    3,
     -43,  -37,    3,  -28,   -3,  -26,  -41,  -24,  -56,  -49,  -26,  -67,  -33,  -65,  -45,  -59,
     -47,  -11,  -26,  -31,  -49,  -28,  -29,  -33,  -45,  -56,  -28,  -47,  -14,   -5,  -27,    4,
     -29,   -7,  -17,  -12,  -17,  -31,  -35,  -22,  -19,  -14,   -4,   -4,  -11,   -9,   -1,  -11,
      -4,   -4,   -5,   -9,  -14,   -7,  -12,  -11,  -11,  -11,  -11,   -4,   -4,   -4,   -4,  -11,
     -11,  -12,  -11,   -1,  -11,   -4,  -11,  -14,  -11,  -11,   -4,  -11,  -12,  -18,  -22,  -13,
     -35,  -22,  -29,  -14,   -9,  -14,  -17,   -4,  -11,   -1,  -35,  -14,  -11,  -11,   -4,  -12,
     -11,   11,   -3,   -5,  -11,   -5,  -13,   -6,   -5,   -5,   -5,   -5,   -5,   -5,   -5,  -11,
      -5,   -5,   -5,   -5,   -5,   -9,  -13,   -8,   -5,  -21,  -23,   -5,   -5,   -5,  -11,  -13,
      -5,  -23,   -5,   15,    5,   29,   11,   27,    3,  -10,   13,    1,    1,    5,  -10,    3,
     -10,    3,   13,  -10,   11,    1,   11,    3,  -13,  -11,   -5,    3,  -10,   13,    1,    3,
     -11,  -27,  -10,   -7,  -35,    7,  -14,  -14,  -17,   -9,  -22,  -11,  -19,  -15,  -11,  -18,
      -9,   -9,   -7,   -4,  -15,  -12,  -11,  -11,  -11,  -11,  -22,   -9,  -22,   -9,  -11,  -11,
     -11,  -15,    5,  -11,  -18,  -12,  -11,  -17,  -11,  -11,  -22,  -11,  -14,    3,   -4,  -21,
       3,   -9,   -7,  -11,   -4,  -22,  -11,  -15,   -4,  -11,   -7,  -14,  -11,  -22,   -8,    3,
      -4,   -8,   -4,    5,   -8,    5,   -5,  -25,   11,   -5,   -5,  -11,   -7,  -11,   -5,  -13,
     -19,  -15,  -11,  -11,  -11,  -11,   -5,   -5,  -11,  -11,  -11,   -7,  -11,   -5,  -11,  -11,
     -11,   -5,  -11,   -9,   -9,  -19,  -13,  -12,  -26,  -19,  -19,   -9,   -5,  -11,   -7,  -19,
     -11,  -19,  -11,   -5,  -15,   -3,   12,   -7,   12,   -7,   11,    3,  -12,  -11,  -10,    6,
      11,   11,    3,   -7,   -7,  -11,  -19,   24,    3,  -11,  -19,   -7,  -11,   -9,  -17,  -12,
     -64,   -5,  -15,  -35,   -7,  -21,  -11,  -99,  -31,  -16,   -9,  -93,  -17,  -25,  -26,   -9,
     -23,  -14,   -9,  -25,  -21,  -21,  -21,  -30,   -4,  -21,   -9,   -9,  -13,  -13,  -26,  -26,
     -13,   -9,  -21,   -9,  -14,   -9,  -25,   -4,   -9,  -25,  -17,   -9,  -26,   -9,  -21,   -1,
     -93,    5,   -9,  -93,  -35, -105,  -19,  -13,    2,    1,  -15,  -34,  -37,  -26,   -9,  -14,
      -9,   -9,  -37,  -43,  -45,  -35,   -9,  -26,  -47,    3,    3,    3,    3,    3,    3,  -26,
     -76,  -58,  -14,  -45,  -95,   -7,  -15,    5,  -44,    5,  -46,  -28,  -21,  -28,  -48,  -26,
     -49,  -33,   -7,  -28,  -28,  -28,  -28,  -46,    5,  -46,    5,  -28,  -28,   -7,  -28,  -21,
     -28,  -48,  -28,  -44,  -28,  -28,  -46,  -28,   -7,  -57,    5,  -37,  -43,    5,  -45,   -9,
     -55,  -25,  -62,  -49,  -39,  -59,  -34,  -44,  -41,  -75,  -89,  -20,  -21,  -15,  -49,  -28,
     -44,  -45,  -28,  -46,   -4,   -4,  -46,  -13,   -4,   -7,  -49,  -12,  -35,  -22,  -12,    1,
     -22,  -32,   -2,    6,   -9,    9,   -7,  -22,  -22,  -22,  -22,  -35,  -12,  -35,  -12,  -22,
     -22,  -22,    1,  -22,  -32,  -22,  -49,  -22,  -22,  -35,  -22,   -7,  -99,   -9,  -25,  -37,
       3,  -31,  -59,  -35,  -22,    1,   -9,  -22,    3,   -4,  -22,  -35,  -43,  -18,  -19,  -23,
       3,  -10,  -48,  -34, -122,  -29,  -56,  -16,  -30,  -19,  -10,  -10,  -16,  -10,    3,  -56,
       3,  -29,  -56,  -23, -128,  -11,  -25,    6,  -11,    3,  -31,  -36,   -1,  -16,  -29,  -36,
     -37,  -16,  -23,  -25,   13,    3,   13,  -14,   -3,  -65,   -9,  -10,   30,  -31,  -27,  -13,
     -24,   11,  -10,   37,   -6,  -19,  -21,    5,  -10,  -10,    3,  -10,  -10,   34,  -10,  -10,
      -5,  -24,    5,  -13,  -24,  -65,  -82,   -4,   -8,  -12,   11,  -19,  -10,   34,  -13,  -26,
     -20,  -65,  -10,  -25,   13,    3,   13,  -14,   -3,  -62,   -9,  -10,   51,  -63,  -27,  -13,
     -24,   11,  -10,   39,   -6,  -19,   -5,  -25,    5,  -10,  -10,    3,  -10,  -10,   39,  -10,
     -10,   -5,  -24,    5,  -13,  -24,  -62,  -81,   -4,   -8,    6,   -2,  -12,   11,  -19,  -10,
      39,  -13,    7,  -26,  -20,  -62,  -10,  -14,   -5,  -27,    4,  -29,   -7,  -17,  -17,  -31,
     -35,  -22,  -19,  -14,   -4,   -4,  -11,   -9,   -1,  -11,   -4,   -4,   -5,   -9,  -14,   -7,
     -11,  -11,  -11,  -11,   -4,   -4,   -4,   -4,  -11,  -11,  -11,   -1,  -11,   -4,  -11,  -14,
     -11,  -11,   -4,  -11,  -18,  -22,  -13,  -35,  -22,  -82,  -14,   -9,  -14,  -17,   -4,  -11,
      -1,  -35,  -14,  -11,  -11,   -4,  -25,   13,    3,   13,  -14,   -3,  -62,   -9,  -10,   24,
     -31,  -27,  -13,  -24,   11,  -10,   20,   -6,  -19,  -10,    5,  -10,  -10,    3,  -10,  -10,
      20,  -10,  -10,   -5,  -24,    5,  -13,  -24,  -62,  -38,   -4,   -8,   -5,   11,  -19,  -10,
      20,  -13,  -26,  -20,  -62,  -10,   -9,  -11,  -11,  -29,  -11,   -9,  -17,  -12,  -64,   -5,
     -15,  -35,   -7,  -21,  -11,  -25,  -31,  -16,   -9,  -15,  -17,  -25,  -26,   -9,  -23,  -16,
      -9,  -25,  -21,  -21,  -21,  -30,   -4,  -21,   -9,   -9,  -13,  -13,  -26,  -26,  -13,   -9,
     -21,   -9,  -16,   -9,  -25,   -4,   -9,  -25,  -17,   -9,  -26,   -9,  -21,   -1,  -40,    5,
      -9,  -44,  -35,  -19,  -19,  -13,    2,    1,  -15,  -34,  -37,  -26,   -9,  -16,   -9,   -9,
     -37,  -43,  -45,  -35,   -9,  -26,   12,   12,   12,   12,  -11,   -9,  -17,  -12,  -64,   -5,
     -15,  -73,   -7,  -21,   -5,  -25,  -31,  -31,   -9,  -28,  -17,  -25,  -26,   -9,  -23,   13,
      -9,  -25,  -21,  -21,  -21,  -30,   -4,  -21,   -9,   -9,  -13,  -13,  -26,  -26,  -13,   -9,
     -21,   -9,   13,   -9,  -25,   -4,   -9,  -25,  -17,   -9,  -26,   -9,  -21,   -1,  -28,    5,
      -9,  -28,  -73,  -35,  -19,  -13,    2,    1,  -15,  -34,  -37,  -26,   -9,   13,   -9,   -9,
     -37,  -43,  -45,  -73,   -9,  -26,   -7,  -35,    7,  -14,  -14,  -17,   -9,  -22,  -11,  -19,
     -10,  -11,  -18,   -9,   -9,   -7,   -4,   -4,  -12,  -11,  -11,  -11,  -11,  -22,   -9,  -22,
      -9,  -11,  -11,  -11,  -10,    5,  -11,  -18,  -12,  -11,  -17,  -11,  -11,  -22,  -11,  -14,
       3,   -4,  -21,    3,   -9,   -7,  -11,   -4,  -22,  -11,  -10,   -4,  -11,   -7,  -14,  -11,
     -22,   -7,  -63,  -18,    9,  -17,    5,  -28,  -17,    3,  -18,  -11,  -54,  -36,  -59,   -7,
     -53,   -9,    9,  -13,   -6,  -12,  -11,  -16,  -11,  -11,   -9,  -19,  -19,  -29,    7,  -33,
     -14,    5,   -7,  -18,  -11,  -11,  -11,  -11,  -12,   -6,  -12,   -6,  -11,  -11,  -30,  -11,
     -11,  -11,   -9,  -14,  -11,  -13,  -11,  -11,  -12,  -11,  -18,    3,  -53,    5,   -7, -109,
     -17,  -74,  -13,   -2,  -17,    7,   -9,    7,  -24,  -47,  -11,  -12,  -11,  -11,   -7,    7,
     -11,  -47,  -44,  -33,  -17,  -11,  -12,  -15,   -3,   12,   -7,   12,   -7,    3,  -12,  -11,
     -10,    6,    5,   11,    6,    1,    3,    5,   -7,   15,   -7,  -11,  -19,    3,  -11,  -19,
      -7,  -15,   -3,   12,   -7,   12,   -7,   10,  -12,  -11,  -10,    6,    7,   10,   -7,    3,
      -7,  -11,  -19,   10,  -11,  -19,   -7,  -14,   -5,  -27,    4,  -29,   -7,  -17,  -17,  -57,
     -35,  -41,  -19,  -14,   -4,   -4,  -11,   -9,   -1,  -11,   -4,   -4,   -5,   -9,  -14,   -7,
     -11,  -11,  -11,  -11,   -4,   -4,   -4,   -4,  -11,  -11,  -11,   -1,  -11,   -4,  -11,  -14,
     -11,  -11,   -4,  -11,  -18,  -41,  -13,  -35,  -41,  -29,  -14,   -9,  -14,  -17,   -4,  -11,
      -1,  -35,  -14,  -11,  -11,   -4,  -14,   -5,  -27,    4,  -29,   -7,  -17,  -17,  -57,  -35,
     -43,  -19,  -14,   -4,   -4,  -11,   -9,   -1,  -11,   -4,   -4,   -5,   -9,  -14,   -7,  -11,
     -11,  -11,  -11,   -4,   -4,   -4,   -4,  -11,  -11,  -11,   -1,  -11,   -4,  -11,  -14,  -11,
     -11,   -4,  -11,  -18,  -43,  -13,  -35,  -43,  -29,  -14,   -9,  -14,  -17,   -4,  -11,   -1,
     -35,  -14,  -11,  -11,   -4,    5,   11,   11,    5,    6,    6,   18,    5,    6,    9,   18,
      18,   39,   15,    5,    5,   12,   13,    7,   12,   24,    6,   11,    5,    6,    6,    5,
      11,   11,    5,    6,   12,   18,    5,    6,    9,   18,   18,   39,   15,    5,    5,   12,
      13,    7,   12,   24,    6,   11,    5,   12,   12,    5,   17,   11,    5,    6,    6,   18,
       5,    6,    9,   18,   18,   39,   15,    5,    5,   12,   13,    7,   12,   24,    6,   11,
       5,    6,    6,    5,   11,    6,    5,    6,    6,   18,    5,    6,    9,   18,   18,   39,
      15,    5,    5,   12,   13,    7,   12,   24,    6,   11,    5,    6,    6,  -47,   -9,   -9,
      -9,  -13,  -15,  -11,   -4,  -14,   15,   -4,  -15,    9,    4,   13,   -4,   13,   -9,   -4,
      -4,   -4,   -4,  -11,   -3,  -11,  -15,   -4,   -4,   -4,   15,    6,   -4,  -15,   -9,   -4,
     -13,   -4,   -4,  -11,   -4,   -9,   -7,   -4,   -2,  -32,    6,   14,  -11,  -13,  -11,   -4,
      15,   -4,   12,   -4,   14,   -9,   -4,  -11,   -7,   -4,  -13,   -4,  -17,   -9,  -12,   -5,
       3,   -9,   -4,   -9,
};

static const EpdLigaturePair bitter_20_regularLigaturePairs[] = {
    { 0x00660069, 0xFB01 }, // f i -> U+FB01
    { 0x0066006C, 0xFB02 }, // f l -> U+FB02
};

static constexpr EpdFontData bitter_20_regular = {
    bitter_20_regularBitmaps,
    bitter_20_regularGlyphs,
    bitter_20_regularIntervals,
    84,
    50,
    39,
    -12,
    true,
    bitter_20_regularGroups,
    16,
    nullptr,
    nullptr,  // kernLeftClasses: built-in fonts use split arrays
    nullptr,  // kernRightClasses
    bitter_20_regularKernLeftCodepoints,
    bitter_20_regularKernLeftClassIds,
    bitter_20_regularKernRightCodepoints,
    bitter_20_regularKernRightClassIds,
    nullptr,  // kernMatrix: built-in fonts use sparse rows
    bitter_20_regularKernRowOffsets,
    bitter_20_regularKernSparseCols,
    bitter_20_regularKernSparseValues,
    707,
    703,
    140,
    112,
    bitter_20_regularLigaturePairs,
    2,
};
