/**
 * generated by fontconvert.py
 * name: bitter_18_italic
 * size: 18
 * mode: 2-bit  compressed: true
 * Command used: fontconvert.py bitter_18_italic 18 ../builtinFonts/source/Bitter/Bitter-Italic.ttf ../builtinFonts/source/ChareInk7/ChareInk7-Italic.ttf ../builtinFonts/source/NotoSymbols/NotoSansSymbols-Regular.ttf --additional-intervals 0x03BB,0x03BB --additional-intervals 0x0410,0x0414 --additional-intervals 0x0418,0x0418 --additional-intervals 0x041B,0x041B --additional-intervals 0x041D,0x0423 --additional-intervals 0x0425,0x0425 --additional-intervals 0x0427,0x0427 --additional-intervals 0x042B,0x042C --additional-intervals 0x042E,0x0432 --additional-intervals 0x0434,0x0435 --additional-intervals 0x0437,0x0437 --additional-intervals 0x043A,0x043A --additional-intervals 0x043D,0x043E --additional-intervals 0x0440,0x0440 --additional-intervals 0x0442,0x0442 --additional-intervals 0x0446,0x0446 --additional-intervals 0x044C,0x044C --additional-intervals 0x044E,0x044E --additional-intervals 0x2113,0x2113 --additional-intervals 0x2669,0x266F --font-include-intervals 1:0x03BB,0x03BB --font-include-intervals 1:0x0410,0x0414 --font-include-intervals 1:0x0418,0x0418 --font-include-intervals 1:0x041B,0x041B --font-include-intervals 1:0x041D,0x0423 --font-include-intervals 1:0x0425,0x0425 --font-include-intervals 1:0x0427,0x0427 --font-include-intervals 1:0x042B,0x042C --font-include-intervals 1:0x042E,0x0432 --font-include-intervals 1:0x0434,0x0435 --font-include-intervals 1:0x0437,0x0437 --font-include-intervals 1:0x043A,0x043A --font-include-intervals 1:0x043D,0x043E --font-include-intervals 1:0x0440,0x0440 --font-include-intervals 1:0x0442,0x0442 --font-include-intervals 1:0x0446,0x0446 --font-include-intervals 1:0x044C,0x044C --font-include-intervals 1:0x044E,0x044E --font-include-intervals 1:0x2113,0x2113 --font-include-intervals 2:0x2669,0x266F --2bit --compress --pnum --darken-aa --zopfli
 */
#pragma once
#include "EpdFontData.h"

static const uint8_t bitter_18_italicBitmaps[38988] = {
    0xAD, 0x7A, 0x01, 0xA4, 0x27, 0x59, 0x76, 0xFE, 0xA9, 0xAA, 0xED, 0xA9, 0xFF, 0xBF, 0x4B, 0xD4,
    0x60, 0x9B, 0x64, 0x27, 0x54, 0x10, 0x6C, 0x66, 0x49, 0x01, 0x08, 0xD2, 0xF7, 0x66, 0x03, 0x08,
    0xD2, 0x98, 0x97, 0x90, 0x60, 0x21, 0x61, 0xED, 0xA2, 0x01, 0x82, 0x99, 0xAE, 0x32, 0x41, 0x10,
    0xA4, 0x21, 0x02, 0xC8, 0x60, 0x97, 0xCE, 0x1B, 0x0C, 0x00, 0xCC, 0x74, 0xD5, 0x1A, 0x01, 0x41,
    0x2A, 0xD6, 0x0A, 0x82, 0x29, 0x9B, 0x4E, 0xD0, 0xC1, 0x54, 0x4C, 0x8D, 0xAD, 0xEE, 0xAD, 0xAA,
    0x93, 0xF3, 0x7D, 0xE7, 0xF7, 0xAA, 0x7F, 0xD3, 0xBF, 0xCE, 0x4C, 0x64, 0x53, 0xAF, 0xEA, 0x3B,
    0xF5, 0xAA, 0xAA, 0xEA, 0x9E, 0xF3, 0x9D, 0x73, 0xCF, 0x3D, 0xF7, 0xBE, 0x27, 0x77, 0x44, 0xBA,
    0x28, 0x2A, 0xA7, 0x7D, 0x17, 0xD9, 0x24, 0x59, 0x25, 0xE5, 0x9E, 0x2D, 0xDC, 0x67, 0xC9, 0x26,
    0xEC, 0xF9, 0x28, 0x85, 0xED, 0x83, 0xDC, 0x8A, 0x72, 0x6C, 0xB7, 0x44, 0x42, 0x2F, 0x1D, 0xF7,
    0x26, 0xCA, 0xD7, 0x44, 0xEA, 0x1F, 0xAD, 0xF5, 0xBB, 0x6B, 0x78, 0x77, 0x09, 0xD9, 0x1C, 0xB2,
    0xC9, 0xF6, 0xBB, 0xD9, 0xF4, 0x4E, 0x36, 0xBE, 0x9D, 0x0D, 0xDF, 0x4D, 0x5B, 0xBC, 0x91, 0x44,
    0x91, 0xBA, 0x2D, 0x47, 0x91, 0x10, 0xCB, 0xDE, 0x50, 0x2A, 0xC3, 0xC6, 0xAE, 0xA1, 0xF9, 0x10,
    0x45, 0x56, 0xBB, 0x26, 0xD7, 0xFB, 0xB5, 0x3E, 0x4A, 0xD4, 0xB6, 0x35, 0x25, 0x9A, 0x12, 0xA6,
    0x9B, 0x29, 0x91, 0x2E, 0x22, 0xE5, 0x90, 0x4D, 0x86, 0x3D, 0xB0, 0xEA, 0x8B, 0x91, 0x9F, 0x1C,
    0xF0, 0x31, 0xFB, 0xE4, 0x9B, 0xDD, 0xF5, 0x07, 0x4F, 0xA5, 0xC1, 0x5B, 0xD2, 0x01, 0xF1, 0xC9,
    0x46, 0x60, 0xDA, 0x63, 0x81, 0x45, 0x9B, 0xC0, 0xA2, 0x55, 0x24, 0x3F, 0x7D, 0x32, 0x9B, 0x6F,
    0x3E, 0x76, 0x6C, 0xEB, 0x19, 0x2E, 0x80, 0x84, 0x98, 0x12, 0x1B, 0x35, 0x91, 0xAB, 0x6A, 0x94,
    0x5A, 0x3F, 0x35, 0x6C, 0x46, 0xE8, 0xAC, 0x11, 0xB8, 0x8B, 0x61, 0x6A, 0x6D, 0xDC, 0x25, 0x7E,
    0x53, 0x52, 0xE5, 0xFB, 0xDA, 0x42, 0xE8, 0xE6, 0x1F, 0x98, 0x0D, 0x4B, 0xD5, 0x88, 0x1B, 0x3A,
    0x88, 0xC8, 0x6B, 0xCA, 0xE6, 0xEB, 0x19, 0x58, 0x2E, 0xC0, 0x7C, 0x91, 0xFA, 0xC0, 0x19, 0xDF,
    0x2E, 0x27, 0x60, 0xB0, 0xD6, 0x86, 0x54, 0x7B, 0xDA, 0x28, 0xC0, 0x45, 0xAC, 0x95, 0x3D, 0x0A,
    0x0D, 0x7B, 0x19, 0x47, 0x60, 0x3E, 0xC8, 0xB1, 0x7D, 0xE3, 0x3D, 0x91, 0xAA, 0x4D, 0xA0, 0x4A,
    0x88, 0xF9, 0x4E, 0xD7, 0x97, 0x7D, 0xD5, 0xA6, 0x0B, 0x7D, 0x92, 0x4F, 0xE4, 0xD1, 0x98, 0x7C,
    0x60, 0x22, 0x44, 0xF9, 0xC8, 0xC4, 0x2E, 0xF2, 0xA1, 0x54, 0xEF, 0xAE, 0x62, 0xBF, 0x05, 0x7B,
    0xC2, 0xEE, 0x3D, 0xA6, 0xFB, 0xFE, 0x66, 0x85, 0xCF, 0x2A, 0x9D, 0x1E, 0x0B, 0x94, 0xF8, 0x1D,
    0xA7, 0x2C, 0x9F, 0x02, 0x0C, 0x2D, 0xFF, 0x89, 0x26, 0x86, 0xBF, 0x58, 0xE0, 0xE4, 0xAE, 0xEC,
    0x8B, 0xC1, 0xDC, 0x50, 0xB7, 0xA6, 0x8D, 0x05, 0x07, 0x94, 0x2A, 0x87, 0x80, 0xA8, 0x0A, 0xAD,
    0x89, 0x5E, 0x3A, 0xB6, 0x9C, 0xAC, 0x26, 0xEA, 0x68, 0xEA, 0xD7, 0x6D, 0x27, 0xA5, 0x3D, 0xA4,
    0x2B, 0xE2, 0x23, 0xD7, 0x51, 0xDE, 0x14, 0x91, 0x2B, 0x1A, 0x71, 0x1D, 0xD1, 0x9E, 0xEE, 0x68,
    0x9C, 0x34, 0x3C, 0xFB, 0x23, 0x43, 0x6D, 0xA5, 0xB1, 0xCB, 0xD0, 0x2F, 0x33, 0x0D, 0xDE, 0x91,
    0x6C, 0x15, 0xF9, 0x3A, 0x51, 0xE0, 0x0F, 0x6C, 0x0A, 0xB0, 0xE7, 0xAF, 0xAE, 0xDE, 0xE2, 0xBB,
    0x46, 0xB0, 0xE1, 0x9C, 0xE8, 0xF3, 0x6B, 0x8D, 0xC5, 0x26, 0xC9, 0x2E, 0xD5, 0x84, 0x87, 0xC3,
    0x80, 0x9E, 0x10, 0x7A, 0xBC, 0xDE, 0xB4, 0xC0, 0xAE, 0x85, 0x3F, 0xBA, 0x1E, 0x9E, 0x68, 0x7A,
    0x3C, 0x16, 0x66, 0xFC, 0x5A, 0x53, 0x85, 0x42, 0x75, 0x3D, 0x1C, 0x7A, 0xEB, 0x9E, 0x41, 0xDD,
    0xD7, 0x2D, 0x6C, 0xC3, 0xCF, 0x5D, 0xD3, 0xE6, 0x6D, 0xF9, 0xAE, 0x88, 0xFC, 0xAA, 0x1D, 0x81,
    0x8A, 0x50, 0xB1, 0x02, 0xE1, 0x37, 0xB2, 0x2F, 0xA1, 0x1B, 0x89, 0x52, 0x53, 0xDE, 0xCA, 0x71,
    0x6B, 0xF2, 0xDB, 0xD5, 0xC0, 0x47, 0xFC, 0x68, 0xFD, 0xD1, 0x4E, 0xFC, 0xD0, 0xCB, 0xE3, 0xB8,
    0xD7, 0xA0, 0xB5, 0xE8, 0xEF, 0xD4, 0x3D, 0x22, 0xDD, 0xBF, 0x07, 0x2F, 0x66, 0xCB, 0x29, 0xB2,
    0x5B, 0xD0, 0x13, 0x5F, 0xDC, 0x2C, 0x70, 0x73, 0xB6, 0x6B, 0x30, 0x08, 0xE4, 0x81, 0xBA, 0xFD,
    0xA5, 0xAF, 0xF2, 0x88, 0xE7, 0xC7, 0xA5, 0x46, 0xBB, 0x7F, 0x23, 0xC3, 0xB1, 0x9C, 0x6C, 0x9D,
    0x0E, 0x63, 0x40, 0xEB, 0x61, 0xEF, 0xE2, 0xB7, 0xEA, 0xC1, 0x2F, 0x23, 0xA0, 0x7E, 0x59, 0xD0,
    0x35, 0xA0, 0x57, 0x6B, 0x07, 0x64, 0x22, 0xE1, 0xF7, 0x8D, 0x53, 0xD5, 0xF6, 0xB5, 0xCF, 0x9E,
    0x30, 0x81, 0x25, 0x3F, 0xEF, 0x25, 0xFF, 0xF1, 0x68, 0xD1, 0x39, 0x49, 0x29, 0xA3, 0x9C, 0x6D,
    0x0F, 0x00, 0x1F, 0x01, 0xD6, 0x4B, 0x80, 0xDD, 0xDF, 0x7B, 0x7F, 0xBF, 0x6E, 0xD5, 0xB6, 0x01,
    0xD0, 0x5F, 0xFD, 0xE1, 0xE7, 0x57, 0xD1, 0xFB, 0x4D, 0x8E, 0x0F, 0x15, 0x84, 0x41, 0xC8, 0xCB,
    0x39, 0xDC, 0xCB, 0xD6, 0xDC, 0x7E, 0xB2, 0x35, 0x9B, 0xB3, 0xA9, 0xEC, 0xEB, 0xF8, 0xDB, 0xF2,
    0xEB, 0xF2, 0xE6, 0xF5, 0xA3, 0x4E, 0xB7, 0x4E, 0xD7, 0xEF, 0x5D, 0x3F, 0xBA, 0x65, 0x54, 0x87,
    0xA1, 0x19, 0x42, 0xFB, 0xB5, 0x43, 0x9B, 0x8C, 0x5F, 0x3B, 0xBE, 0x51, 0x47, 0x0F, 0x03, 0x44,
    0xE9, 0x99, 0x4A, 0x92, 0x4E, 0xC7, 0xB3, 0x47, 0xCB, 0xD5, 0xF1, 0xEC, 0x83, 0xC3, 0x86, 0xE3,
    0x59, 0xD7, 0xF7, 0xC5, 0xB3, 0xED, 0xCD, 0xB3, 0x77, 0x01, 0x1F, 0x1E, 0x1F, 0x9F, 0x8F, 0x67,
    0xC7, 0xC3, 0x18, 0x3C, 0x5B, 0xCB, 0xE9, 0x85, 0xF3, 0x2D, 0xE9, 0xBC, 0x67, 0x0D, 0xC8, 0xA1,
    0x73, 0xAA, 0x43, 0xB5, 0xE6, 0xBB, 0x64, 0x5B, 0xB9, 0x48, 0xB2, 0xD7, 0x93, 0x88, 0xC2, 0x7D,
    0xDA, 0x00, 0xBA, 0xD6, 0x40, 0x23, 0x40, 0x1C, 0x92, 0x9D, 0x4E, 0x65, 0x80, 0x1B, 0x14, 0x4B,
    0x17, 0xA5, 0x9C, 0xEC, 0x8D, 0x30, 0x86, 0x29, 0xD1, 0xBE, 0x44, 0x7F, 0xC9, 0x99, 0xB8, 0x54,
    0x5B, 0xEF, 0x2C, 0xF4, 0x7A, 0xAA, 0xAD, 0xD4, 0x1A, 0x13, 0x55, 0x29, 0x76, 0xB5, 0x77, 0x4C,
    0x46, 0xC6, 0x11, 0x3E, 0x7A, 0x74, 0x8C, 0x17, 0x07, 0x32, 0xF1, 0x29, 0xAE, 0x8A, 0x89, 0x01,
    0xF4, 0x5A, 0xB7, 0xC7, 0xA0, 0x3A, 0xD9, 0x71, 0x0A, 0x86, 0xDB, 0xBA, 0x4B, 0x02, 0x27, 0xA7,
    0x0A, 0x5B, 0xF6, 0x58, 0xAF, 0xE9, 0x2C, 0xF9, 0x8A, 0xA1, 0xCD, 0x21, 0x7D, 0x68, 0x20, 0x50,
    0x54, 0x3C, 0x08, 0x25, 0x80, 0x4F, 0xA8, 0x96, 0xEF, 0xA0, 0x08, 0xFD, 0x04, 0xDD, 0xBA, 0x60,
    0xCF, 0xB2, 0xC6, 0x32, 0xED, 0xED, 0xF2, 0x86, 0x27, 0x15, 0x8D, 0x01, 0x1A, 0xC0, 0xC1, 0x9F,
    0x3E, 0xE4, 0xBD, 0x85, 0xB8, 0xA3, 0x77, 0xE4, 0x4A, 0xFF, 0x29, 0x9D, 0xA2, 0x91, 0x28, 0xF2,
    0x16, 0x51, 0x1C, 0x5D, 0x0D, 0xA9, 0xD0, 0xF5, 0xDE, 0x47, 0x83, 0x99, 0x6E, 0x02, 0x84, 0x2A,
    0xC9, 0x1F, 0xB8, 0x45, 0xE5, 0xEC, 0xC3, 0x83, 0x3F, 0x7F, 0x86, 0xBC, 0x52, 0x10, 0xAB, 0x49,
    0x7E, 0x49, 0x38, 0x30, 0xFD, 0xDB, 0x1B, 0xDA, 0x53, 0x49, 0xFA, 0x13, 0xAF, 0x1A, 0x41, 0x72,
    0x6C, 0x6E, 0xA0, 0x94, 0x1B, 0x30, 0xAC, 0x40, 0x05, 0xA6, 0xC4, 0xFC, 0x33, 0x60, 0xF9, 0xCF,
    0x8B, 0x20, 0x8D, 0x03, 0xF7, 0x82, 0x69, 0xA1, 0x9C, 0x40, 0x38, 0xB0, 0xEA, 0x81, 0x21, 0x96,
    0x23, 0xBC, 0x54, 0x8D, 0x50, 0xA6, 0x1E, 0xEC, 0x26, 0x3A, 0x78, 0xDD, 0x03, 0x03, 0x7B, 0xD7,
    0x19, 0xB6, 0xD0, 0xC2, 0xC0, 0xD0, 0x4D, 0x7F, 0x19, 0x93, 0x1D, 0x28, 0x8F, 0xA0, 0x82, 0xE7,
    0x56, 0x62, 0xE9, 0xF8, 0xF9, 0xD5, 0xD5, 0xC9, 0x4D, 0xD6, 0x1E, 0xB0, 0x1E, 0x80, 0xA1, 0x7F,
    0x19, 0x9B, 0x9F, 0x00, 0x3B, 0xDD, 0x88, 0x70, 0xD9, 0x75, 0xE7, 0x1C, 0x86, 0x09, 0x58, 0x3A,
    0x63, 0x17, 0x48, 0x86, 0xD9, 0x02, 0x9F, 0xFC, 0x7F, 0x22, 0xDA, 0x4B, 0xF5, 0xE4, 0x3B, 0x1A,
    0x61, 0xCB, 0x46, 0x26, 0xA7, 0x33, 0x26, 0xBF, 0xFF, 0x03, 0x5C, 0x5A, 0x45, 0xD4, 0x20, 0xD7,
    0xE7, 0x8F, 0xA4, 0x62, 0x68, 0x8C, 0xA7, 0x20, 0x4A, 0xD5, 0x9D, 0xE4, 0x5F, 0xF6, 0x0F, 0xD7,
    0x63, 0xB7, 0x48, 0xF8, 0x54, 0x35, 0x82, 0x92, 0xA1, 0xD9, 0xA5, 0x99, 0x9A, 0xC1, 0x1E, 0xE8,
    0x5A, 0xD3, 0xE2, 0x8B, 0x30, 0x37, 0xAD, 0xF7, 0x9F, 0x7A, 0x0A, 0x83, 0x34, 0x43, 0x3D, 0xA7,
    0xDA, 0x92, 0x8C, 0x8C, 0x11, 0xD6, 0xC1, 0xB4, 0xE4, 0x2D, 0x27, 0x68, 0xAD, 0x00, 0x35, 0xE1,
    0xE9, 0xF5, 0x07, 0x0B, 0x0B, 0x07, 0x83, 0x30, 0xDC, 0x15, 0x69, 0xFA, 0xAF, 0x33, 0xF6, 0xA8,
    0xD2, 0x45, 0xD0, 0x8F, 0x82, 0x27, 0xE4, 0x17, 0x79, 0xE2, 0x1B, 0x0F, 0x85, 0x49, 0xFB, 0xEF,
    0x0C, 0x12, 0x76, 0xC1, 0x92, 0xC3, 0x62, 0x78, 0xF6, 0xC7, 0x2A, 0x18, 0x2B, 0x0D, 0x71, 0x12,
    0xD1, 0x95, 0x9B, 0x88, 0xC1, 0xA1, 0x13, 0xA0, 0x4A, 0xBA, 0x0B, 0x2E, 0x6A, 0x8B, 0xAF, 0x75,
    0x73, 0x87, 0xBA, 0x4E, 0x77, 0x7C, 0x9D, 0x0E, 0x6C, 0x10, 0x37, 0xE9, 0x9E, 0xE8, 0x88, 0xEE,
    0x5E, 0xCF, 0xF0, 0xBD, 0x3D, 0xE9, 0xE3, 0x73, 0x68, 0x81, 0x8D, 0xE1, 0x62, 0x88, 0x07, 0x82,
    0x8F, 0xCF, 0x23, 0xDA, 0xAC, 0xF6, 0x0F, 0x34, 0x9E, 0xC6, 0x67, 0x39, 0x8D, 0xCF, 0xC6, 0x16,
    0x37, 0x98, 0xB1, 0xA0, 0x25, 0xC5, 0x2D, 0xED, 0x33, 0x6D, 0x9B, 0xA9, 0x58, 0xA5, 0x44, 0x74,
    0x17, 0x4B, 0x8D, 0x80, 0x46, 0x1B, 0x17, 0x30, 0x48, 0xB1, 0x9A, 0x16, 0xCD, 0x0A, 0xD2, 0x97,
    0x5C, 0xF5, 0xD3, 0x59, 0xBA, 0xDD, 0x7D, 0x7B, 0xA4, 0x90, 0xEE, 0x86, 0xAB, 0x0C, 0x86, 0x94,
    0x2B, 0x2E, 0x4D, 0xF2, 0xA7, 0xDF, 0xD7, 0x5E, 0x3A, 0xD8, 0xC6, 0x38, 0xEA, 0x18, 0xED, 0xAF,
    0xA7, 0x6B, 0xB6, 0x67, 0x9B, 0x99, 0x11, 0xE5, 0x0B, 0xDB, 0x17, 0x06, 0x93, 0x84, 0xA3, 0x38,
    0x6B, 0x40, 0x98, 0x68, 0x57, 0x5E, 0xB9, 0xDD, 0x63, 0x11, 0xBF, 0x49, 0x6E, 0xE8, 0xD5, 0xBC,
    0x19, 0xD3, 0x63, 0x20, 0xB9, 0x8B, 0xA2, 0xF4, 0xD8, 0x0A, 0x04, 0x0E, 0x73, 0x99, 0x41, 0xAA,
    0xCF, 0x40, 0xB3, 0xD1, 0xA7, 0xB3, 0x9D, 0x70, 0xBC, 0x87, 0x11, 0xF0, 0xA2, 0xFF, 0x9A, 0xDB,
    0x0D, 0x3C, 0xDB, 0x3A, 0x6B, 0x9E, 0x02, 0x59, 0x21, 0xA0, 0xCC, 0xBA, 0x7D, 0x7D, 0x7D, 0xFD,
    0x1E, 0x02, 0x6F, 0x22, 0xDC, 0xB9, 0xBA, 0xBA, 0x7A, 0xC9, 0x14, 0xF9, 0x9E, 0x3D, 0xD2, 0x76,
    0xE0, 0x99, 0x79, 0xE0, 0xCA, 0x36, 0xBF, 0x91, 0x0D, 0xD0, 0x66, 0x07, 0xB0, 0xB9, 0xEE, 0xA2,
    0x39, 0x3C, 0xD0, 0x18, 0x14, 0x50, 0xD7, 0x87, 0xA7, 0xD1, 0x2E, 0x6F, 0x54, 0xD9, 0xB3, 0x32,
    0x0B, 0x1D, 0xF9, 0x35, 0x6F, 0xE9, 0x07, 0x52, 0x2A, 0x7B, 0xC9, 0x50, 0xFE, 0xB0, 0x43, 0xA2,
    0xE2, 0xF8, 0xE0, 0x47, 0x3D, 0x32, 0x8C, 0x53, 0xA5, 0x4F, 0x18, 0xD6, 0x1A, 0xBD, 0xE4, 0x3A,
    0x95, 0x5B, 0x65, 0xEF, 0xC7, 0xFF, 0xBF, 0x70, 0x86, 0x27, 0x97, 0xCE, 0x0F, 0x04, 0xDE, 0x8D,
    0x13, 0x5E, 0xFB, 0xA1, 0x0B, 0x66, 0x59, 0xC6, 0xAB, 0x77, 0x92, 0x27, 0xB7, 0x74, 0xF0, 0x5C,
    0x53, 0xCE, 0x0C, 0x0B, 0x36, 0xC4, 0x3C, 0xB7, 0xC3, 0x4D, 0xF7, 0x9F, 0xB7, 0x9D, 0x64, 0x73,
    0x8A, 0xEC, 0x28, 0xC5, 0x58, 0x3E, 0x6B, 0x7A, 0x14, 0xE2, 0x75, 0x5F, 0xB5, 0x75, 0x5B, 0xF7,
    0x8D, 0x40, 0x86, 0xB8, 0x49, 0x1D, 0x4D, 0x8A, 0x97, 0xC7, 0x4D, 0xB2, 0x98, 0x0C, 0xB1, 0x49,
    0x17, 0x69, 0xEC, 0xEC, 0x71, 0x3A, 0xCB, 0x63, 0x69, 0x4C, 0x2E, 0xB2, 0xCB, 0x47, 0x26, 0x2D,
    0x9A, 0x30, 0xE7, 0x49, 0xB6, 0xAA, 0xC9, 0x66, 0xBB, 0xA3, 0x7B, 0xAD, 0x23, 0xDE, 0x99, 0x4B,
    0x6D, 0xED, 0xCD, 0x5B, 0x31, 0x7D, 0xE4, 0x25, 0xE1, 0x91, 0xEC, 0x40, 0xF9, 0x7A, 0xAA, 0x06,
    0xF5, 0xE9, 0x07, 0xC3, 0xC9, 0x8C, 0x91, 0x37, 0x74, 0x97, 0x97, 0x36, 0x76, 0x21, 0x46, 0x36,
    0xEF, 0x53, 0x94, 0x2E, 0x6A, 0x17, 0xA1, 0x89, 0x10, 0x5D, 0x68, 0x21, 0x36, 0x10, 0x67, 0x16,
    0xB3, 0xCD, 0x6C, 0xA6, 0x28, 0xA6, 0x8A, 0xA5, 0xCB, 0x60, 0xA4, 0x43, 0x1B, 0x8A, 0x10, 0xA9,
    0x4E, 0x27, 0x14, 0x9B, 0x3D, 0x84, 0xD7, 0x38, 0xCA, 0x67, 0xE8, 0x6C, 0x3E, 0x1E, 0xAC, 0x68,
    0x8D, 0xA2, 0x66, 0x0E, 0x60, 0x12, 0xD8, 0xF0, 0x1A, 0xF3, 0x88, 0x97, 0x0C, 0xC5, 0x1E, 0xE5,
    0x0D, 0x6D, 0x83, 0x4E, 0xD2, 0x61, 0x88, 0x9E, 0xBC, 0xCB, 0xDD, 0x41, 0xD8, 0xA9, 0xEA, 0x4E,
    0xD4, 0x5E, 0xDE, 0xD8, 0xDF, 0xD7, 0x91, 0xB3, 0xAD, 0x09, 0xED, 0x94, 0x86, 0x93, 0x94, 0x3C,
    0x39, 0xDF, 0xAB, 0x11, 0x3B, 0x32, 0xF1, 0x80, 0xE0, 0xA9, 0x6F, 0x06, 0xF8, 0x81, 0xB8, 0x19,
    0xF6, 0xA9, 0x46, 0xA4, 0xA0, 0xA6, 0x07, 0x62, 0x82, 0x1C, 0x81, 0x2A, 0xE7, 0x88, 0xD0, 0x41,
    0x51, 0x12, 0x93, 0xDD, 0xB4, 0xB3, 0x1D, 0x66, 0x74, 0x0A, 0xAA, 0x0D, 0x9E, 0x31, 0x2B, 0x61,
    0x86, 0xC3, 0x24, 0x41, 0x9B, 0x07, 0xA9, 0xF4, 0xDA, 0xB0, 0x99, 0x10, 0x96, 0xDA, 0x1A, 0x66,
    0x2A, 0x86, 0xF9, 0x6A, 0xD8, 0x22, 0xB2, 0x6E, 0x33, 0xC4, 0x11, 0xCD, 0x17, 0xE3, 0xA0, 0x8F,
    0xB5, 0xE7, 0x18, 0x5F, 0xBE, 0xD2, 0x1C, 0xCF, 0xFB, 0x17, 0x5E, 0x47, 0x8A, 0x4D, 0xAD, 0xB5,
    0x1D, 0xE5, 0x4F, 0x46, 0xDD, 0xC4, 0x43, 0xBA, 0xD6, 0xF9, 0x70, 0xBF, 0x31, 0x19, 0x4F, 0x54,
    0x46, 0x0A, 0xB0, 0x0B, 0x32, 0xD1, 0x97, 0x16, 0xF4, 0x68, 0xD0, 0x99, 0x28, 0xEB, 0x33, 0xEA,
    0x3D, 0xB1, 0x2D, 0x88, 0x70, 0x08, 0xE3, 0xD4, 0x49, 0x75, 0xD1, 0x53, 0x84, 0x17, 0xA2, 0x71,
    0xD1, 0xB5, 0x34, 0xC5, 0x09, 0x4E, 0x38, 0x8C, 0x30, 0xFC, 0xD4, 0xE3, 0x56, 0xBD, 0x97, 0xA9,
    0x0F, 0xEF, 0xB8, 0xDE, 0x33, 0x04, 0x34, 0x9E, 0x18, 0x96, 0x8E, 0x4C, 0x3A, 0xC7, 0xAE, 0xFC,
    0xD5, 0x3D, 0x2A, 0x3D, 0x13, 0x27, 0xD3, 0xFC, 0xFA, 0xFD, 0x09, 0x8A, 0x67, 0x0C, 0x83, 0x6C,
    0x34, 0xB5, 0x81, 0x0C, 0x44, 0xE2, 0x45, 0xE5, 0x01, 0x24, 0x39, 0xA8, 0x3A, 0x89, 0xE3, 0x39,
    0xEF, 0xC4, 0x83, 0x71, 0x05, 0x00, 0x7F, 0x85, 0x78, 0x97, 0x6A, 0xBE, 0x03, 0x2D, 0xE5, 0xC3,
    0x23, 0x0C, 0x80, 0x0A, 0x3C, 0xD7, 0x70, 0x7A, 0xA1, 0xE1, 0x07, 0xAE, 0xE1, 0x48, 0x0D, 0x51,
    0x6A, 0x01, 0xBF, 0x42, 0xC3, 0xE7, 0xD7, 0x0F, 0xCF, 0x02, 0x15, 0xCC, 0xFE, 0xE4, 0x2A, 0x7E,
    0xA9, 0x86, 0x07, 0xEE, 0x47, 0x45, 0x66, 0x1A, 0x3E, 0xC4, 0x83, 0xD4, 0x4C, 0x81, 0xB8, 0x83,
    0x2F, 0xFB, 0xE8, 0xEC, 0x9D, 0xB3, 0xD2, 0xA7, 0xDD, 0x22, 0x0D, 0x97, 0x8F, 0xB4, 0x37, 0x26,
    0x33, 0x15, 0xC3, 0x7C, 0x05, 0x22, 0x50, 0x93, 0x87, 0x5F, 0x19, 0xA8, 0xB9, 0xAA, 0x61, 0x61,
    0x18, 0x2D, 0xA1, 0x3E, 0x33, 0x94, 0xD0, 0x76, 0xED, 0x0D, 0x36, 0xB1, 0xE9, 0x0D, 0x99, 0x4C,
    0x3B, 0x0E, 0xB7, 0x8A, 0x40, 0x7D, 0x4D, 0xF1, 0xA2, 0x97, 0xFB, 0x3E, 0xA8, 0xB3, 0x40, 0xF3,
    0x51, 0x28, 0xB9, 0x27, 0x58, 0xBE, 0x72, 0x26, 0x47, 0x48, 0x4E, 0xD5, 0xDF, 0x40, 0x39, 0xF7,
    0x8C, 0xC1, 0x0A, 0xDE, 0xC0, 0xA9, 0xCB, 0x63, 0xB8, 0x20, 0x93, 0xE7, 0x92, 0x9C, 0x7A, 0xC8,
    0xFA, 0x39, 0xA5, 0xAA, 0xF3, 0x0A, 0xD9, 0x9E, 0xC9, 0x1E, 0xCC, 0x1E, 0x53, 0xDD, 0x43, 0x76,
    0x91, 0xF2, 0xFC, 0x20, 0xC7, 0x9C, 0x39, 0x1D, 0x33, 0x67, 0x5E, 0xCB, 0x56, 0x30, 0xDF, 0x9A,
    0xEB, 0xA3, 0x74, 0x50, 0xFF, 0x38, 0x46, 0xDA, 0x75, 0x5C, 0x80, 0x2D, 0x2F, 0x4D, 0x87, 0xCE,
    0x6C, 0x80, 0xAE, 0x87, 0xBE, 0xC7, 0xD1, 0xB4, 0x38, 0x2E, 0xF5, 0x61, 0xFA, 0x64, 0xBB, 0x47,
    0x9B, 0xBE, 0xAC, 0xC1, 0x53, 0x96, 0x76, 0xAC, 0x72, 0xD9, 0x18, 0x5B, 0x38, 0x87, 0xD1, 0xE3,
    0x8F, 0xCD, 0xA1, 0x9D, 0x4B, 0x68, 0x5A, 0x92, 0x00, 0x60, 0xA8, 0x9D, 0x03, 0x5B, 0x76, 0x1A,
    0x08, 0xD9, 0x7A, 0x0E, 0x34, 0x91, 0xED, 0xDC, 0x62, 0x8D, 0x48, 0xD6, 0x39, 0x4D, 0x7B, 0x4F,
    0x6E, 0x1C, 0x4D, 0x4E, 0x6A, 0x5D, 0xC0, 0x51, 0xD0, 0x19, 0xCC, 0x64, 0x7B, 0xC4, 0x9B, 0xCE,
    0xCF, 0xC9, 0xC5, 0x50, 0x05, 0xA7, 0x5D, 0x84, 0xB0, 0x56, 0x21, 0xB2, 0x95, 0xCA, 0x7B, 0x25,
    0x37, 0xD0, 0x80, 0x9A, 0xAE, 0x84, 0x4F, 0xE5, 0x4C, 0xF4, 0x8D, 0x1B, 0x12, 0x06, 0x8A, 0x6A,
    0xA2, 0x45, 0xE5, 0x4C, 0x23, 0xF2, 0x95, 0x22, 0xDB, 0x28, 0x92, 0x13, 0xA5, 0x1A, 0x69, 0x5B,
    0xD7, 0x93, 0xD8, 0x30, 0x93, 0xDB, 0x5A, 0xC9, 0x69, 0x49, 0xCB, 0x49, 0xF0, 0xEC, 0x2C, 0x43,
    0x6D, 0x9A, 0x0B, 0x95, 0x01, 0xD3, 0x25, 0xD5, 0x07, 0xCB, 0x84, 0x4B, 0x96, 0xCF, 0xA9, 0x3E,
    0x08, 0x5E, 0x1C, 0x76, 0x49, 0x66, 0x53, 0x27, 0x9B, 0x90, 0x79, 0xA6, 0x0E, 0xA0, 0x00, 0x14,
    0x73, 0xD0, 0x05, 0xBD, 0x45, 0x9C, 0x61, 0x5F, 0xC9, 0x53, 0xD7, 0x5B, 0xA0, 0x60, 0xCE, 0x8A,
    0x71, 0xF4, 0x82, 0x2C, 0xD3, 0xC1, 0x2B, 0xB7, 0x52, 0xC1, 0xE8, 0xA7, 0x93, 0x54, 0x9F, 0xE2,
    0xE4, 0x1F, 0x8D, 0xE2, 0xFB, 0x38, 0xF9, 0x87, 0x45, 0x1E, 0x43, 0xA3, 0xEA, 0xE3, 0x35, 0x59,
    0xB9, 0x16, 0xF5, 0xF1, 0x9A, 0xCD, 0x3C, 0x79, 0x77, 0x2B, 0xA6, 0x06, 0x5F, 0x8F, 0x5A, 0xF6,
    0x9D, 0xF0, 0x24, 0x44, 0x9E, 0x48, 0xA7, 0xDE, 0x69, 0x30, 0x35, 0xDD, 0xFD, 0x64, 0xE6, 0xC9,
    0x63, 0xF4, 0x7A, 0xEF, 0x27, 0x65, 0x7F, 0x5A, 0xA2, 0xBA, 0xC5, 0x1E, 0x23, 0x38, 0xB2, 0xF3,
    0x93, 0x84, 0x27, 0x8B, 0xB0, 0x03, 0x49, 0x0D, 0xFE, 0x75, 0x94, 0x44, 0x69, 0xD6, 0xE0, 0x27,
    0x6E, 0x32, 0x2D, 0xE6, 0x6D, 0x1A, 0xDC, 0x21, 0x3F, 0xD8, 0xCD, 0x02, 0xF9, 0x81, 0xA9, 0x8C,
    0x46, 0xBA, 0x34, 0x1B, 0x59, 0x2C, 0xFE, 0xCB, 0xE2, 0x7D, 0xED, 0xC7, 0x2B, 0x17, 0x8C, 0xCA,
    0x8F, 0x37, 0x29, 0x91, 0x1F, 0x7E, 0xA4, 0x2C, 0x20, 0xEB, 0xFE, 0x24, 0xDB, 0xAE, 0xAD, 0x58,
    0x30, 0x86, 0xBE, 0x86, 0x8C, 0x61, 0xA8, 0x5B, 0xAE, 0x80, 0x4F, 0x21, 0xC2, 0xB2, 0xF2, 0x24,
    0x8B, 0x25, 0xD0, 0xC0, 0x6C, 0x6D, 0xBC, 0x44, 0xDC, 0x21, 0x37, 0x11, 0x7D, 0xEC, 0x46, 0xE9,
    0xEE, 0xB2, 0xD9, 0xDC, 0xB6, 0xB0, 0xBA, 0x69, 0xF5, 0xEA, 0xAA, 0x97, 0x26, 0x61, 0x58, 0xB9,
    0x9C, 0xE7, 0xE7, 0xCD, 0x0B, 0x89, 0x9E, 0x85, 0xC4, 0x24, 0x0D, 0xE7, 0x50, 0x30, 0x6E, 0x65,
    0x7E, 0xDE, 0x10, 0xB0, 0xE9, 0x8E, 0x77, 0x12, 0xAD, 0x26, 0x60, 0xCD, 0xF9, 0x6B, 0x18, 0x88,
    0x3D, 0xAE, 0x34, 0x3D, 0x9E, 0xE9, 0x5A, 0x47, 0xBC, 0xA5, 0xD1, 0x70, 0x05, 0x16, 0x2B, 0xAE,
    0x94, 0x33, 0xB0, 0x9E, 0xF0, 0x64, 0x18, 0xF0, 0xAE, 0xF6, 0xF5, 0x24, 0x99, 0x4A, 0xB9, 0x41,
    0xC1, 0x5C, 0x4F, 0xE9, 0x43, 0xF1, 0x98, 0x52, 0xC3, 0x2B, 0xC0, 0x51, 0x92, 0x6D, 0x44, 0x6D,
    0x59, 0x45, 0x0C, 0x88, 0xFE, 0xC0, 0xB1, 0xB8, 0x32, 0x3C, 0x2A, 0xB1, 0xCB, 0xAA, 0x6C, 0x92,
    0x9A, 0x93, 0xA2, 0x7A, 0x80, 0x51, 0xA1, 0x47, 0x3D, 0x1A, 0x9E, 0xEA, 0x7A, 0x33, 0x22, 0x37,
    0xCA, 0xF8, 0xF9, 0xEB, 0x5F, 0x78, 0xA4, 0x73, 0x2A, 0x4F, 0x5C, 0x9E, 0xC8, 0x3C, 0xB1, 0xE9,
    0x74, 0x8A, 0xF3, 0x29, 0x4E, 0xA8, 0x38, 0xA3, 0x50, 0x10, 0xCD, 0x38, 0xA7, 0xEC, 0x9C, 0x14,
    0xBC, 0xD7, 0x40, 0xEC, 0xE2, 0xBC, 0x42, 0x3B, 0xBC, 0xEE, 0xCC, 0x8A, 0x53, 0xEB, 0x19, 0x6A,
    0x16, 0x27, 0x57, 0x9C, 0x5D, 0xEC, 0x68, 0xD2, 0xF9, 0x3D, 0x11, 0x7C, 0x62, 0xF8, 0x44, 0xF1,
    0xC1, 0xB1, 0x34, 0x23, 0x45, 0x71, 0x32, 0x45, 0xDB, 0x14, 0x32, 0x3C, 0xEF, 0x5A, 0x5C, 0x85,
    0x2D, 0x7C, 0x47, 0x8E, 0xCA, 0xE1, 0x2B, 0x4B, 0xE4, 0x19, 0xFE, 0x28, 0x16, 0x29, 0xFD, 0xD7,
    0xB3, 0x72, 0x19, 0x25, 0xF2, 0x08, 0x53, 0xA1, 0xDC, 0xF0, 0x86, 0xD2, 0x07, 0x2B, 0x71, 0x20,
    0x46, 0xA6, 0xCD, 0x1E, 0x58, 0x8E, 0x4C, 0x9A, 0x13, 0x73, 0xE6, 0x0C, 0xCC, 0x56, 0x47, 0xC6,
    0xFE, 0x46, 0x7F, 0x28, 0xFD, 0xA1, 0x6D, 0xA7, 0x8B, 0x74, 0x93, 0x1A, 0x36, 0x93, 0xC8, 0xED,
    0xD3, 0x1F, 0x01, 0xB6, 0x9B, 0x95, 0xA1, 0x70, 0xFC, 0x11, 0x80, 0x6F, 0x3D, 0xE0, 0x47, 0xDE,
    0x21, 0xBE, 0x0D, 0x3C, 0x66, 0x2B, 0xA9, 0xF6, 0xE7, 0x7F, 0x8E, 0xE1, 0x68, 0xA5, 0xBB, 0x33,
    0xE0, 0x7C, 0x0C, 0x8C, 0x13, 0xAF, 0xA3, 0x80, 0x30, 0xEB, 0x37, 0x99, 0x81, 0xEF, 0x3A, 0xF2,
    0xCA, 0x03, 0x81, 0x95, 0x1D, 0xA7, 0xD0, 0xDD, 0xDE, 0xA1, 0x71, 0x28, 0x27, 0x95, 0x7F, 0xE6,
    0xCE, 0x3D, 0x83, 0x5B, 0x98, 0xE4, 0xC6, 0xFA, 0x7C, 0x0D, 0xEC, 0xBA, 0x7B, 0xDA, 0xF5, 0x41,
    0x42, 0x5F, 0xF6, 0x77, 0x41, 0x41, 0xFB, 0x36, 0x30, 0x7E, 0xD7, 0x88, 0xB8, 0xFD, 0x55, 0x81,
    0x99, 0x6E, 0x44, 0x37, 0xE6, 0x02, 0xF3, 0x05, 0x58, 0xCC, 0x07, 0x5E, 0xD6, 0x85, 0x49, 0xF7,
    0x0C, 0xA7, 0xF4, 0xB8, 0x23, 0x07, 0x9D, 0x24, 0x9E, 0x86, 0x79, 0x17, 0x63, 0xB1, 0xB3, 0x2E,
    0xCA, 0x56, 0x9A, 0xEB, 0xAB, 0xF3, 0xFC, 0x3C, 0xDD, 0xED, 0xC2, 0xCB, 0x8A, 0xF2, 0x85, 0xA8,
    0x87, 0x2F, 0xA9, 0xE8, 0x5B, 0xAF, 0x37, 0x5C, 0x74, 0x91, 0x42, 0x71, 0x9D, 0xA2, 0x39, 0x44,
    0xBA, 0x51, 0x64, 0x2B, 0x5F, 0x2D, 0x17, 0x13, 0x13, 0xFD, 0x5D, 0x81, 0x3C, 0x0F, 0x70, 0x52,
    0xA3, 0x34, 0x30, 0xB9, 0x12, 0x8A, 0xB7, 0x60, 0x47, 0xA3, 0xAB, 0x34, 0x3A, 0x31, 0x4E, 0x74,
    0xCA, 0x35, 0x4A, 0x8E, 0x91, 0x9F, 0xE9, 0x3F, 0x55, 0x9A, 0x92, 0xA8, 0xD7, 0x27, 0x26, 0xEA,
    0x33, 0x0D, 0xA2, 0x74, 0x42, 0xB1, 0xB1, 0x02, 0x25, 0xC1, 0x4D, 0x9B, 0xCD, 0x02, 0x2D, 0x8A,
    0x89, 0xA2, 0x1C, 0x28, 0xEA, 0x9E, 0x22, 0x44, 0x81, 0xC5, 0x9D, 0xF7, 0x98, 0x8D, 0xE2, 0xA7,
    0x2B, 0x79, 0xFE, 0x6C, 0xA6, 0xF8, 0xD9, 0x44, 0xC1, 0x60, 0xE2, 0x30, 0x49, 0x11, 0x8F, 0xE9,
    0x32, 0xFB, 0xF9, 0xB1, 0xB9, 0x1F, 0x22, 0xAA, 0xD4, 0x46, 0x67, 0x09, 0x1C, 0x9D, 0xE0, 0x8D,
    0x30, 0xD8, 0x59, 0x9F, 0x6F, 0x5C, 0x8E, 0x79, 0x63, 0xF1, 0x0E, 0xC2, 0x99, 0x49, 0xBA, 0x72,
    0x08, 0x2E, 0x47, 0x90, 0x96, 0xE9, 0x24, 0x55, 0x8F, 0xB3, 0x5C, 0x27, 0x18, 0x95, 0x6C, 0x52,
    0x7E, 0x62, 0x67, 0x08, 0x1D, 0x1B, 0x81, 0x27, 0x5A, 0xB8, 0x4B, 0xFD, 0x97, 0x37, 0x23, 0x67,
    0xC8, 0xE7, 0xC4, 0xCB, 0x94, 0xC7, 0xF9, 0x9C, 0x2D, 0x3C, 0x5B, 0xB3, 0x25, 0x9B, 0x70, 0x96,
    0xD8, 0x59, 0x31, 0xE2, 0x2C, 0x9B, 0xB3, 0xB5, 0x84, 0xF2, 0x5D, 0x3E, 0x65, 0x6B, 0xC5, 0xB3,
    0x72, 0x48, 0x57, 0x12, 0xD0, 0x94, 0xBD, 0x9D, 0x09, 0xCE, 0xEA, 0x36, 0x59, 0x1F, 0xFB, 0xB4,
    0x5F, 0x64, 0x5B, 0x79, 0x86, 0xCE, 0xBB, 0xF0, 0x0C, 0x4A, 0x4F, 0x3C, 0x5B, 0x8E, 0x33, 0x43,
    0x1D, 0xFC, 0x8C, 0x45, 0x11, 0x09, 0x3D, 0xCD, 0x48, 0x5F, 0x26, 0xE6, 0xEB, 0x62, 0xAC, 0x64,
    0xAA, 0xEE, 0xD8, 0x9D, 0x0B, 0xD7, 0xCD, 0x40, 0xAF, 0xBA, 0xE7, 0x12, 0x18, 0xD5, 0xF4, 0xEE,
    0xB2, 0xC1, 0x4B, 0x50, 0x2C, 0x9A, 0x72, 0x50, 0x22, 0xE7, 0xAE, 0x53, 0xC6, 0xC6, 0xD9, 0x32,
    0x45, 0x7B, 0x96, 0x11, 0x72, 0x1D, 0x21, 0xAA, 0x4F, 0x5C, 0xBF, 0xDF, 0xA3, 0xEA, 0xFB, 0xA9,
    0xF4, 0x44, 0x53, 0x60, 0x1D, 0xA2, 0xEA, 0xA9, 0x6F, 0x13, 0x99, 0x84, 0x77, 0x66, 0x65, 0xD6,
    0xE7, 0xCF, 0x30, 0x04, 0xE7, 0xAA, 0xAD, 0xEA, 0x50, 0xA8, 0x46, 0xEA, 0x7E, 0xA7, 0xD1, 0x29,
    0x53, 0x75, 0xCD, 0x8B, 0x0D, 0x8A, 0x33, 0xBC, 0x63, 0xB2, 0xF3, 0x65, 0xE5, 0x38, 0xDE, 0x09,
    0x74, 0x6F, 0xDA, 0x82, 0x7D, 0x07, 0x3C, 0xD7, 0x0C, 0xB2, 0x72, 0x04, 0xAB, 0xE5, 0x7F, 0xAE,
    0x68, 0x9E, 0xA1, 0x95, 0xE9, 0x48, 0xEC, 0xA9, 0x79, 0x64, 0xE2, 0x7A, 0x39, 0x45, 0x64, 0xEB,
    0x05, 0x2E, 0xC0, 0x7A, 0xF7, 0xAC, 0x39, 0x12, 0x07, 0x66, 0x7A, 0x4C, 0x32, 0x1B, 0xA6, 0xAE,
    0xEE, 0xC0, 0x59, 0x7C, 0x65, 0x6C, 0x25, 0x45, 0x33, 0x89, 0xBE, 0x87, 0x41, 0xED, 0x48, 0x89,
    0x61, 0x38, 0xF8, 0xCB, 0xF6, 0x63, 0x70, 0x01, 0x13, 0xC7, 0x7A, 0x82, 0xC6, 0xE3, 0x66, 0xB9,
    0xDC, 0x38, 0xDA, 0x5D, 0x4D, 0x95, 0xBF, 0x21, 0x08, 0xEB, 0xC0, 0x9B, 0x77, 0xD1, 0x9A, 0x3C,
    0x60, 0xE3, 0x9B, 0xE8, 0xF9, 0x34, 0xB8, 0xD4, 0xE5, 0x74, 0x8C, 0x2C, 0xA6, 0x9C, 0x1B, 0xEF,
    0xB9, 0x60, 0x28, 0x88, 0x1F, 0x0D, 0xBE, 0xCD, 0xE2, 0x89, 0xB4, 0x32, 0xCC, 0x4F, 0x05, 0x60,
    0x8A, 0x63, 0x21, 0x09, 0xA4, 0x19, 0x41, 0x9E, 0x9F, 0x8E, 0xE2, 0x66, 0xD1, 0x6F, 0x10, 0x7C,
    0xFE, 0xB2, 0x09, 0x1C, 0x3A, 0xF0, 0x68, 0x48, 0xFA, 0xCA, 0x9F, 0x0F, 0xE5, 0x23, 0xD3, 0xF7,
    0x2E, 0x34, 0xE7, 0x4F, 0x2D, 0x75, 0xAC, 0x62, 0xD5, 0x96, 0x6D, 0xD9, 0xE3, 0xA7, 0xB0, 0x9F,
    0x7C, 0xC8, 0xC7, 0x6C, 0xCC, 0x26, 0xFF, 0x49, 0xA7, 0x74, 0x4E, 0x66, 0x59, 0x84, 0x35, 0xBD,
    0xAE, 0x52, 0xDA, 0x71, 0x5B, 0x5F, 0xA1, 0x57, 0x81, 0x63, 0xFC, 0xA2, 0x5E, 0xD5, 0x57, 0x9B,
    0x7E, 0x98, 0xFD, 0xD5, 0xA6, 0xA3, 0x09, 0x2E, 0x09, 0xF2, 0x80, 0x2F, 0xDF, 0x3C, 0xE6, 0xE0,
    0x30, 0x92, 0x35, 0x7D, 0xFE, 0xF3, 0x09, 0x35, 0xAD, 0x41, 0xF8, 0x73, 0x2C, 0xCB, 0x27, 0x2B,
    0x8D, 0xC7, 0xB7, 0x76, 0x7C, 0xA0, 0x81, 0x42, 0x21, 0x9E, 0x92, 0x3B, 0xBE, 0x61, 0x2B, 0xBC,
    0x8F, 0x02, 0xDC, 0xE6, 0x01, 0x25, 0xC2, 0x05, 0x52, 0xFE, 0xED, 0x81, 0xAB, 0x57, 0x1B, 0x8A,
    0x0F, 0x98, 0x90, 0x63, 0x70, 0x64, 0x2C, 0xEE, 0x6F, 0x4B, 0xC5, 0xA5, 0x8F, 0x5D, 0x97, 0x04,
    0xEB, 0xFF, 0x19, 0x16, 0xFB, 0x58, 0x60, 0x70, 0x60, 0x09, 0xFD, 0x0D, 0x98, 0x72, 0xD5, 0xD8,
    0x45, 0x4F, 0xBB, 0xA1, 0xC7, 0x80, 0x01, 0xD0, 0xBE, 0x8B, 0xA9, 0x41, 0x9B, 0x6B, 0x1B, 0x86,
    0xBA, 0x89, 0x41, 0xF7, 0xF0, 0xA4, 0xD4, 0xA5, 0x59, 0x73, 0xBB, 0xBC, 0xCA, 0xB1, 0xDA, 0x5F,
    0x6A, 0x0F, 0x68, 0x3D, 0x11, 0xBF, 0x7A, 0x06, 0xCA, 0x42, 0x60, 0xB3, 0x84, 0x93, 0x6E, 0xF6,
    0xBD, 0x74, 0x35, 0x82, 0xB2, 0x55, 0xD1, 0x83, 0xE7, 0x72, 0xC9, 0xB4, 0xCF, 0xEC, 0xA3, 0x62,
    0xB0, 0x19, 0x14, 0xAB, 0x41, 0x39, 0x03, 0xA6, 0x03, 0x46, 0xA3, 0xA7, 0x1A, 0xCC, 0x84, 0xBA,
    0x3F, 0xFE, 0xEE, 0x89, 0x7C, 0x11, 0xFA, 0x4C, 0x51, 0x72, 0xAD, 0x5C, 0x55, 0x35, 0xD8, 0x8F,
    0xD5, 0x89, 0x5B, 0x42, 0x22, 0x44, 0x6A, 0x4E, 0x4B, 0x9E, 0x6B, 0x9F, 0xAA, 0xD4, 0x6D, 0xBE,
    0x1A, 0x94, 0x13, 0x96, 0x7E, 0x07, 0xB9, 0x45, 0x8E, 0xE9, 0x79, 0xE9, 0x08, 0xAE, 0xFC, 0x01,
    0xF1, 0xE6, 0x86, 0x3F, 0x37, 0xC9, 0x84, 0x3F, 0x7D, 0x4C, 0x52, 0x9C, 0x6A, 0xEE, 0xE8, 0x84,
    0x1F, 0x5B, 0xA5, 0xF1, 0x58, 0xAB, 0x2D, 0xFE, 0xBB, 0xAA, 0xC3, 0xEB, 0x0D, 0xE0, 0xAD, 0x6F,
    0xAF, 0xCC, 0x19, 0x86, 0x15, 0x90, 0xFE, 0x12, 0x3A, 0x0C, 0x19, 0xE6, 0xA8, 0x09, 0xE9, 0x33,
    0xE8, 0x70, 0xC2, 0x51, 0xE8, 0x36, 0xA1, 0xDF, 0x84, 0x8E, 0xE3, 0x50, 0x4F, 0xD4, 0x5E, 0xE8,
    0x3B, 0xA1, 0xF3, 0x84, 0xDE, 0x13, 0xBA, 0x4F, 0xE8, 0x3F, 0x71, 0x07, 0xD2, 0x83, 0x07, 0x4F,
    0x2B, 0x79, 0x8A, 0xA2, 0x4F, 0xC9, 0x53, 0x18, 0xF2, 0x45, 0xAA, 0xA1, 0x9C, 0x0C, 0xAC, 0x85,
    0xD0, 0xA3, 0x81, 0x36, 0xB4, 0xF7, 0x77, 0x10, 0x8D, 0x49, 0x36, 0x32, 0xF3, 0x75, 0xBC, 0x20,
    0xCB, 0x79, 0x1A, 0xE4, 0xCF, 0x8C, 0xA7, 0xEF, 0x9B, 0x05, 0x0A, 0x7B, 0xCE, 0xFE, 0x24, 0xED,
    0xED, 0x71, 0x3C, 0x45, 0x8B, 0xC0, 0xEE, 0xF9, 0x88, 0xD4, 0xF5, 0xA5, 0x85, 0x17, 0xCB, 0xAC,
    0x0F, 0xA0, 0x65, 0xA6, 0x27, 0x5C, 0xBC, 0xAC, 0x06, 0x0E, 0xC0, 0xBA, 0x07, 0x86, 0x4B, 0x6C,
    0x81, 0xA7, 0x65, 0x73, 0xC7, 0xFF, 0x55, 0x35, 0xB8, 0x9C, 0x29, 0x75, 0x56, 0x01, 0x86, 0x81,
    0x86, 0x30, 0x46, 0xF6, 0x63, 0x0D, 0x0E, 0x9F, 0x63, 0xEC, 0xE8, 0xDF, 0x7A, 0x75, 0x55, 0x6B,
    0x67, 0xD4, 0x8D, 0xE9, 0x2E, 0x6A, 0x4D, 0x64, 0x9B, 0xB5, 0x60, 0xDF, 0x3A, 0x8F, 0xF1, 0x0A,
    0x33, 0x81, 0xFA, 0x3C, 0xC6, 0x2B, 0x40, 0x98, 0xE0, 0xE1, 0xA9, 0x1E, 0x13, 0x1D, 0xCB, 0xB9,
    0xF8, 0x64, 0x2C, 0x55, 0xFF, 0x6A, 0xC8, 0x74, 0xAF, 0xFA, 0x44, 0x27, 0x7B, 0xF4, 0x8E, 0x18,
    0xC0, 0x4C, 0x40, 0x3C, 0x99, 0x64, 0xED, 0xFC, 0x96, 0x14, 0xEC, 0x15, 0x93, 0xFF, 0xA1, 0x96,
    0x29, 0xF1, 0xD5, 0x1D, 0x56, 0xBE, 0xA4, 0xC3, 0x26, 0xEB, 0x2B, 0x3B, 0x6C, 0x61, 0x60, 0xEA,
    0xE6, 0x9B, 0x81, 0x35, 0x93, 0x7B, 0x6A, 0xE1, 0x5C, 0xC5, 0x61, 0x34, 0x30, 0xBF, 0x94, 0x63,
    0x3D, 0x20, 0x84, 0x50, 0xB0, 0xC2, 0x98, 0x13, 0x60, 0xA1, 0xA6, 0x31, 0xD8, 0xBB, 0xC8, 0x39,
    0x37, 0xB6, 0xDF, 0xF0, 0x55, 0x9D, 0x68, 0xBB, 0x28, 0x8A, 0x93, 0x63, 0xEB, 0x56, 0xD1, 0x55,
    0xEE, 0x2F, 0xD6, 0x8C, 0xB1, 0x73, 0x36, 0x67, 0x1D, 0x11, 0x00, 0xF5, 0x00, 0x02, 0xC2, 0xCD,
    0xDE, 0xB4, 0xF0, 0x75, 0x37, 0x8A, 0xF2, 0x2D, 0xDF, 0xDE, 0x73, 0x2F, 0x16, 0x7E, 0xB8, 0x2F,
    0xA3, 0x9C, 0x6F, 0xA9, 0x4E, 0x2C, 0x63, 0x92, 0x6E, 0x44, 0x40, 0x5D, 0xAE, 0xEA, 0x85, 0xB3,
    0x55, 0xBD, 0xEE, 0x72, 0x95, 0x31, 0xD9, 0x18, 0x34, 0x97, 0xFF, 0x4B, 0x71, 0x2C, 0x1C, 0xFA,
    0xFC, 0x52, 0x61, 0x35, 0xE7, 0x8E, 0x97, 0xCE, 0x68, 0xBF, 0x2C, 0x7B, 0x02, 0xD2, 0x2D, 0x51,
    0x4D, 0xD7, 0x54, 0x35, 0x5B, 0x93, 0xEE, 0x89, 0xB5, 0x11, 0xA2, 0xC1, 0x6E, 0x4E, 0xC8, 0xE0,
    0x04, 0xCC, 0x1E, 0x9F, 0x7D, 0x67, 0xE0, 0x9F, 0xE9, 0x4E, 0xF0, 0x79, 0x83, 0x74, 0x51, 0x0D,
    0xDE, 0x99, 0xEB, 0x81, 0x2B, 0x74, 0xF9, 0x62, 0x80, 0xB7, 0xFB, 0x74, 0x33, 0xC3, 0x12, 0x6D,
    0xCD, 0x32, 0x9D, 0xAC, 0xED, 0x6E, 0x72, 0x9D, 0x4C, 0x23, 0xE8, 0x83, 0x2B, 0xC7, 0xBF, 0x33,
    0x42, 0x87, 0x14, 0x81, 0x2B, 0xD9, 0x69, 0xE7, 0xEA, 0x9F, 0x3B, 0xE4, 0x4B, 0x7C, 0xF2, 0x04,
    0x2E, 0xEE, 0x6E, 0x5C, 0xF1, 0x3A, 0x6A, 0x9E, 0x6E, 0x2D, 0x14, 0x6B, 0x9D, 0xBA, 0x34, 0xDA,
    0x77, 0x1A, 0xEF, 0x7F, 0xAE, 0xFA, 0x63, 0x54, 0xE4, 0x3F, 0x1B, 0xC3, 0x7F, 0x0C, 0xA1, 0x2F,
    0x34, 0x56, 0x48, 0x42, 0xC5, 0x2E, 0xE5, 0x6A, 0x5F, 0x33, 0x28, 0x17, 0xFB, 0x64, 0x39, 0x4B,
    0x05, 0x03, 0x60, 0xCA, 0x68, 0xB2, 0x1A, 0xD9, 0x4E, 0xCB, 0x14, 0x05, 0xE9, 0x21, 0x10, 0xF9,
    0x8B, 0x74, 0xFE, 0x8B, 0x28, 0x64, 0x07, 0xD9, 0xE0, 0x22, 0x64, 0x74, 0x8B, 0x3A, 0x8F, 0xB9,
    0x87, 0xF8, 0x05, 0x21, 0x60, 0xBF, 0x50, 0x8A, 0x6F, 0xD4, 0x97, 0xCA, 0x46, 0x68, 0x3A, 0x40,
    0xCD, 0xC9, 0x74, 0xAC, 0x26, 0xBB, 0x52, 0x4E, 0xD0, 0x6E, 0x2A, 0x57, 0xC0, 0x7C, 0x13, 0xF8,
    0xD5, 0xF8, 0xEA, 0x98, 0x77, 0x40, 0xCC, 0xB7, 0x4D, 0x34, 0x3D, 0x3A, 0x91, 0xEE, 0x89, 0x1A,
    0xAC, 0x06, 0x47, 0x9C, 0xDE, 0x62, 0x6A, 0x5C, 0x7C, 0x46, 0xCF, 0x31, 0x2B, 0x53, 0xA9, 0x5F,
    0xFC, 0xF1, 0x7C, 0xAE, 0x91, 0x24, 0x42, 0x7F, 0x03, 0xCD, 0xF1, 0xFF, 0x0C, 0xFC, 0x7F, 0xA0,
    0x1B, 0xA8, 0xC7, 0xA6, 0x3D, 0x72, 0xF6, 0x98, 0x29, 0xC6, 0xAC, 0xF5, 0x7C, 0xCC, 0xF2, 0x5C,
    0xCC, 0x32, 0xA2, 0x56, 0x0C, 0x15, 0x61, 0xAF, 0xB8, 0xDA, 0x8D, 0xD9, 0x5E, 0xB2, 0xA1, 0x5F,
    0xA7, 0x6A, 0xC9, 0xCA, 0xB0, 0xC5, 0x72, 0x26, 0x23, 0x20, 0xDB, 0x89, 0x2B, 0x10, 0x79, 0x70,
    0xB7, 0x66, 0xC1, 0x97, 0xCF, 0x9A, 0x90, 0xC3, 0x88, 0xC5, 0xF2, 0x22, 0x14, 0x02, 0x88, 0x60,
    0x71, 0xF2, 0xBC, 0xDB, 0x69, 0xD5, 0x4C, 0x8C, 0x86, 0x7F, 0x1F, 0x5F, 0x24, 0x67, 0xE0, 0x65,
    0x72, 0xF6, 0x85, 0x96, 0xA0, 0x2B, 0x71, 0x39, 0x18, 0xFA, 0xBF, 0x2F, 0x6F, 0x3A, 0x94, 0x37,
    0x4D, 0x2C, 0x75, 0xE9, 0x24, 0x57, 0x3C, 0xF0, 0xD6, 0x45, 0xD7, 0x03, 0x1C, 0x0B, 0xA1, 0x9D,
    0xAF, 0x72, 0x8E, 0x80, 0x01, 0x51, 0x62, 0x41, 0xB2, 0xEA, 0xD2, 0x2C, 0x16, 0x22, 0x4B, 0xFE,
    0xB3, 0x9F, 0xCE, 0x85, 0x7E, 0xDB, 0xE2, 0x23, 0x45, 0x78, 0x48, 0x39, 0xBF, 0xF4, 0x07, 0x83,
    0xFE, 0x15, 0x7F, 0x30, 0x38, 0x4F, 0x2B, 0x87, 0xA5, 0x05, 0x86, 0xD9, 0x86, 0xF5, 0xCB, 0xBF,
    0x77, 0x6D, 0xB6, 0x49, 0xD5, 0x66, 0x8B, 0x54, 0xD1, 0xE8, 0xBF, 0xED, 0x8A, 0x64, 0xE0, 0x32,
    0x25, 0x39, 0x9D, 0x67, 0x91, 0x09, 0xA7, 0xB8, 0x55, 0x50, 0xE5, 0x5D, 0xEE, 0x4A, 0x02, 0x48,
    0x37, 0x83, 0x7C, 0xB5, 0x05, 0xBB, 0x0E, 0xE3, 0xB7, 0x0E, 0xE7, 0xD5, 0xD2, 0xB7, 0xBC, 0x26,
    0x3F, 0x57, 0xE3, 0x5B, 0x5C, 0x5D, 0xE1, 0xD1, 0xFE, 0x0F, 0xFF, 0x53, 0xCC, 0x8F, 0xD1, 0x0F,
    0x9E, 0xEF, 0x0B, 0xEB, 0xF1, 0x0C, 0x7E, 0xBF, 0x23, 0xDC, 0x98, 0xFF, 0x76, 0x83, 0x64, 0xAF,
    0x37, 0x0B, 0xB6, 0x6C, 0x35, 0x5E, 0x0D, 0xB2, 0x13, 0x2C, 0x06, 0xB9, 0xC1, 0x52, 0xCC, 0x18,
    0x5C, 0x10, 0xF5, 0xC7, 0xB8, 0x02, 0xA8, 0x27, 0x04, 0xD6, 0x88, 0xEA, 0xC7, 0x20, 0xD5, 0xC1,
    0x7A, 0xE3, 0x27, 0x7D, 0xA9, 0xFA, 0x9D, 0x27, 0x85, 0x6E, 0x08, 0xE7, 0x31, 0xEC, 0x47, 0x63,
    0x22, 0x1D, 0xCA, 0x42, 0x51, 0x7B, 0x5C, 0xE5, 0xBE, 0xBD, 0xBE, 0x9C, 0xAD, 0x72, 0xF6, 0xD0,
    0x9E, 0x3D, 0x49, 0x1A, 0x5A, 0xA4, 0xB0, 0xCD, 0x2B, 0xFC, 0xCC, 0x71, 0x42, 0x6E, 0x87, 0x2D,
    0xB2, 0x97, 0x3D, 0xB0, 0x06, 0x76, 0x3E, 0x3F, 0xF7, 0xB9, 0xF9, 0x4A, 0x3C, 0x9B, 0x8C, 0xD5,
    0xA3, 0xBC, 0xBC, 0x75, 0x58, 0xBD, 0xCB, 0x74, 0x52, 0xD3, 0x7D, 0x32, 0x69, 0x9A, 0x34, 0x53,
    0xAA, 0xA8, 0x44, 0xD5, 0x4E, 0x85, 0x92, 0x7F, 0x98, 0x4F, 0x6D, 0x7E, 0xB0, 0x9A, 0xCC, 0x3E,
    0x9B, 0xD2, 0x45, 0xF2, 0x29, 0xFF, 0xD7, 0x39, 0x9B, 0x4C, 0x96, 0x1F, 0xCF, 0xF9, 0x28, 0xD9,
    0x5C, 0x7D, 0xBC, 0x94, 0xBD, 0xC9, 0xFA, 0x77, 0x97, 0x0A, 0x32, 0xA4, 0x4B, 0x88, 0xA6, 0xFB,
    0x63, 0x2E, 0x1A, 0xA4, 0x8B, 0xA9, 0xFF, 0x91, 0xC9, 0x67, 0x4B, 0xB2, 0xC2, 0x02, 0x7C, 0x95,
    0xEB, 0xA5, 0x6C, 0x80, 0x73, 0x74, 0x1D, 0x21, 0x7B, 0xEC, 0x26, 0x23, 0xE4, 0x85, 0xBA, 0x3D,
    0x12, 0xAF, 0x4E, 0x30, 0xEB, 0x3E, 0x17, 0x49, 0xF3, 0x35, 0x41, 0x00, 0x6C, 0x19, 0x3F, 0x46,
    0x42, 0xF4, 0x3E, 0x0B, 0x0F, 0xEF, 0xAB, 0x1B, 0xB0, 0x72, 0x12, 0x66, 0x20, 0x63, 0x30, 0xF1,
    0x95, 0xDD, 0x45, 0x59, 0x2F, 0x71, 0xAD, 0xB5, 0xF7, 0xC5, 0x2A, 0xE3, 0xE8, 0xB5, 0x5D, 0xCA,
    0x67, 0xA0, 0xAF, 0xD0, 0x36, 0x4C, 0x1E, 0xCA, 0xE7, 0x3E, 0x13, 0xD6, 0x2E, 0x72, 0xF2, 0x9A,
    0xFB, 0x8C, 0xF1, 0x66, 0x76, 0x0B, 0xC7, 0x30, 0xFA, 0xAC, 0xF1, 0x4E, 0xA9, 0x2E, 0x56, 0xA1,
    0xDB, 0x20, 0x64, 0xCB, 0x26, 0x88, 0xBD, 0xA0, 0x50, 0xFA, 0x4F, 0xBA, 0x9A, 0xA2, 0x09, 0x40,
    0x6A, 0x7F, 0xF8, 0x50, 0x6A, 0x17, 0xD5, 0x44, 0x51, 0x52, 0xB0, 0x35, 0x3C, 0xE2, 0xA2, 0x23,
    0xCA, 0x4E, 0xCC, 0xCE, 0x9F, 0xAF, 0x75, 0xF0, 0x2F, 0xC6, 0x17, 0x24, 0xF8, 0xF2, 0x25, 0x60,
    0x06, 0x4C, 0x32, 0x4B, 0x3D, 0x24, 0x66, 0x56, 0x9B, 0xBC, 0xC7, 0xBC, 0x92, 0xAF, 0xDE, 0xD0,
    0xE9, 0xFB, 0xEC, 0xCD, 0xB8, 0x5E, 0x2C, 0xFC, 0xEE, 0x71, 0x5D, 0x4A, 0x74, 0x7F, 0xFE, 0x5B,
    0x42, 0xCD, 0xA5, 0x4F, 0x09, 0x07, 0xF8, 0x02, 0x01, 0x0B, 0x98, 0x87, 0xC7, 0x7F, 0x38, 0x9F,
    0xCF, 0x70, 0xEB, 0x97, 0x67, 0xB8, 0xF1, 0x98, 0xDD, 0x42, 0x89, 0x6F, 0xAD, 0x5E, 0xB5, 0x36,
    0x83, 0x37, 0x99, 0x2D, 0x47, 0x0F, 0x7F, 0xF5, 0x24, 0xFA, 0xBC, 0x97, 0x0F, 0x27, 0xB9, 0xB7,
    0xBE, 0x7A, 0xD2, 0xB5, 0x4C, 0x5D, 0x55, 0x6B, 0x7A, 0x4A, 0x90, 0x17, 0xFB, 0x03, 0x2E, 0x22,
    0x58, 0x68, 0xAE, 0xA7, 0x3D, 0x59, 0x24, 0xB5, 0x7D, 0xC6, 0xB7, 0x7D, 0xCF, 0x6D, 0x1F, 0xA5,
    0x18, 0xA0, 0xF8, 0xB1, 0xE3, 0x4B, 0x2D, 0x54, 0xBE, 0xFC, 0x92, 0xFF, 0x0B, 0x90, 0x8A, 0xDC,
    0x56, 0x58, 0x86, 0xA3, 0x77, 0x79, 0x58, 0x2A, 0x87, 0xA5, 0x17, 0x73, 0xF9, 0x9D, 0x81, 0xE6,
    0xE4, 0x05, 0x10, 0xF8, 0x90, 0x56, 0xC3, 0xDA, 0xFC, 0xD2, 0xCA, 0x57, 0xAE, 0x92, 0x74, 0x46,
    0x1E, 0xAA, 0xB9, 0x95, 0x0B, 0x89, 0xBE, 0x61, 0xB8, 0x7B, 0xBD, 0xD0, 0x45, 0xE6, 0x5A, 0xF5,
    0xFD, 0x09, 0xAB, 0x2F, 0xC3, 0x37, 0x4F, 0x13, 0xC3, 0x3F, 0x91, 0xFF, 0x02, 0xDD, 0x9A, 0x01,
    0xC4, 0x25, 0xD9, 0xB5, 0xEF, 0x7F, 0x55, 0xD5, 0xDD, 0x35, 0x6F, 0x2A, 0x93, 0xDD, 0x98, 0x26,
    0x79, 0x9D, 0xA7, 0x06, 0x10, 0x21, 0x53, 0x10, 0x04, 0x33, 0x5D, 0xF5, 0x12, 0x01, 0x0F, 0x69,
    0x4C, 0x83, 0x20, 0x41, 0xC0, 0x3C, 0xCC, 0x03, 0x3C, 0xCC, 0x74, 0xD5, 0x4B, 0x00, 0x60, 0xDE,
    0x75, 0x01, 0x30, 0x08, 0xA4, 0x07, 0x03, 0x30, 0xE8, 0xEE, 0xDA, 0x49, 0x00, 0x81, 0xBA, 0x37,
    0x80, 0x20, 0x75, 0x99, 0xEB, 0x32, 0xC1, 0xEC, 0x98, 0x8A, 0x54, 0xCF, 0xEC, 0xAA, 0x75, 0x6B,
    0xAD, 0xED, 0x3B, 0x7D, 0xBA, 0x5B, 0x5C, 0x21, 0xF2, 0xE9, 0x5E, 0xEA, 0xFC, 0xFE, 0xE5, 0x7C,
    0xF5, 0xED, 0x5A, 0xFF, 0xB5, 0xEB, 0xEC, 0x5A, 0x75, 0x1C, 0xEE, 0x92, 0x09, 0xB9, 0x28, 0xF9,
    0x98, 0xF3, 0xC8, 0x03, 0xC5, 0xC5, 0x56, 0x06, 0xAA, 0x19, 0x77, 0x6C, 0x13, 0xCE, 0x53, 0x7B,
    0x1A, 0x4F, 0x9B, 0xB6, 0x81, 0x7E, 0x60, 0xEC, 0x10, 0x18, 0x01, 0xAE, 0x0D, 0x80, 0xF3, 0x8A,
    0xE1, 0x84, 0x0E, 0xB2, 0x71, 0x05, 0x27, 0xE2, 0xE9, 0x0F, 0x64, 0xD2, 0x39, 0x5F, 0x44, 0x9C,
    0x77, 0x0B, 0x6E, 0x70, 0x33, 0x99, 0x8E, 0x09, 0xAD, 0x61, 0xE0, 0x59, 0xF8, 0x84, 0x97, 0xA8,
    0x03, 0x0F, 0x70, 0x32, 0x6E, 0x14, 0x22, 0x33, 0x8C, 0x3B, 0x50, 0x7A, 0xA0, 0xF2, 0xCF, 0x9E,
    0x1B, 0xDE, 0xFE, 0x25, 0x50, 0x8A, 0x44, 0x68, 0x8C, 0xFD, 0xA3, 0x1F, 0x1D, 0x94, 0x21, 0x5B,
    0xD5, 0x77, 0xB6, 0x90, 0x6F, 0x64, 0x81, 0x22, 0xC2, 0x6D, 0x23, 0x17, 0x5C, 0x4F, 0xCC, 0x45,
    0x53, 0x2F, 0x8C, 0xF9, 0x47, 0xFB, 0xBD, 0x0E, 0x4A, 0xFB, 0x6B, 0xB5, 0x9C, 0x31, 0x28, 0xDD,
    0x05, 0x5D, 0xA7, 0x35, 0xAB, 0x3B, 0x75, 0xD6, 0x40, 0xDB, 0xD1, 0x72, 0x4D, 0x8E, 0xA0, 0x3D,
    0x71, 0x07, 0x0F, 0x5F, 0xD1, 0x2A, 0xD3, 0x52, 0xC4, 0xF1, 0xD1, 0x46, 0x26, 0x22, 0x0B, 0xF4,
    0xFF, 0x3E, 0xFA, 0x83, 0x5D, 0x7D, 0x70, 0xD7, 0xD2, 0x13, 0x95, 0xF9, 0x7A, 0x41, 0xAF, 0xAC,
    0x0F, 0x46, 0x1D, 0x3B, 0xDB, 0x10, 0xF5, 0xF9, 0x99, 0x0C, 0xD4, 0x22, 0x32, 0xD1, 0x7F, 0x6F,
    0xAF, 0x02, 0x6F, 0x40, 0xE1, 0x21, 0x45, 0x76, 0x1B, 0x6E, 0xB4, 0xB2, 0x16, 0x22, 0xAD, 0x2C,
    0xA5, 0xEC, 0xE5, 0x0E, 0xFD, 0x94, 0xED, 0x96, 0x9E, 0x90, 0xB6, 0x4C, 0x8B, 0x34, 0x14, 0x8B,
    0x16, 0x5C, 0x3D, 0x35, 0x5E, 0x8B, 0x5A, 0x4F, 0xED, 0xA0, 0xBE, 0x46, 0x73, 0x1A, 0x81, 0xF2,
    0x2F, 0x2B, 0x5C, 0xFB, 0x50, 0xBE, 0xF8, 0x00, 0x27, 0x22, 0x81, 0x97, 0xEF, 0xDD, 0xBB, 0xF7,
    0x01, 0x29, 0xAE, 0xDE, 0xB9, 0x73, 0xA7, 0xB3, 0x4C, 0x66, 0xE3, 0x04, 0xF9, 0x79, 0x6D, 0x8D,
    0x37, 0xF7, 0x0E, 0xF5, 0x3B, 0x5F, 0x90, 0xAB, 0xD0, 0x0C, 0x34, 0x5A, 0xAB, 0xC7, 0xDB, 0x5D,
    0x78, 0x00, 0xF1, 0xF1, 0xA6, 0x53, 0xF7, 0x0B, 0x9E, 0x8D, 0xCA, 0x2E, 0xD0, 0xD3, 0x56, 0xA7,
    0x91, 0xBA, 0x27, 0x46, 0x7A, 0x68, 0x83, 0xC1, 0x7F, 0xFF, 0xA5, 0x4D, 0x6B, 0xC0, 0x29, 0x9A,
    0xA5, 0x08, 0xB4, 0xBE, 0x98, 0xE9, 0x29, 0xA6, 0x03, 0x68, 0xED, 0x2F, 0x2E, 0xBC, 0x26, 0x00,
    0xD5, 0x06, 0x34, 0xE2, 0x41, 0xFA, 0x85, 0x62, 0xAD, 0x36, 0xCA, 0x90, 0x09, 0x6E, 0xA6, 0x1F,
    0x0E, 0xB4, 0x83, 0x0B, 0x07, 0xAA, 0x85, 0xB6, 0x2B, 0x36, 0x46, 0x32, 0xF9, 0xD5, 0x06, 0xFD,
    0x97, 0x0B, 0x38, 0x19, 0xD4, 0xA2, 0x07, 0xDA, 0x09, 0x70, 0x36, 0x60, 0x02, 0x6F, 0xE2, 0x02,
    0xEF, 0x51, 0xCF, 0x3C, 0x60, 0xF4, 0x88, 0x48, 0x77, 0x20, 0x1E, 0x29, 0xEE, 0x03, 0x5C, 0xE1,
    0x7A, 0xCF, 0x26, 0xF9, 0x7E, 0x6C, 0x0F, 0x89, 0x68, 0x5C, 0xBB, 0xF7, 0xBE, 0xCA, 0xA8, 0x47,
    0x52, 0xC9, 0x1F, 0x25, 0xE8, 0xB8, 0x96, 0xE1, 0x0E, 0x8C, 0x5D, 0xB1, 0x00, 0xB5, 0x77, 0x13,
    0x6F, 0x77, 0x65, 0xA8, 0x87, 0x4A, 0xD6, 0x7C, 0x69, 0x69, 0x24, 0x12, 0x6F, 0x31, 0x76, 0xEF,
    0xF2, 0xE0, 0x01, 0x1B, 0x6F, 0x70, 0xF7, 0x7E, 0x16, 0x79, 0x95, 0x36, 0xE6, 0x2B, 0xFC, 0x35,
    0xC9, 0x22, 0x70, 0xEB, 0x01, 0x3B, 0x57, 0x78, 0x70, 0x97, 0x71, 0x78, 0x40, 0xB4, 0xC1, 0xB2,
    0xB5, 0x1E, 0x4A, 0x99, 0x8A, 0xE0, 0xCC, 0xD4, 0x64, 0xA7, 0x6D, 0x87, 0x6C, 0x07, 0x7D, 0xF5,
    0x9F, 0x50, 0xAF, 0x9A, 0xA0, 0x98, 0xF3, 0x51, 0x56, 0x80, 0xEC, 0x8E, 0x92, 0x7B, 0x3F, 0x00,
    0xA7, 0x06, 0xFA, 0x3F, 0x8A, 0x1E, 0x3D, 0x52, 0xAC, 0x07, 0xAA, 0xC0, 0x8E, 0x9B, 0x15, 0x9E,
    0x8D, 0xDA, 0xE7, 0x91, 0xC6, 0x17, 0x8A, 0x2A, 0x52, 0xFB, 0x7A, 0xC5, 0x85, 0x87, 0x2B, 0x95,
    0x7C, 0x2E, 0x5D, 0x2E, 0x3F, 0x97, 0x8E, 0xEB, 0x9C, 0x47, 0x2B, 0xB2, 0x9F, 0xB0, 0x91, 0xA2,
    0xE8, 0xBE, 0x0A, 0xCE, 0xEB, 0xA5, 0xD0, 0xED, 0xB0, 0xE7, 0x51, 0x27, 0x30, 0xE0, 0x82, 0x2D,
    0x65, 0x63, 0x7A, 0x9F, 0x9E, 0x0D, 0x5A, 0x2F, 0x50, 0xEB, 0xB1, 0xF6, 0xD7, 0x22, 0xE8, 0xF2,
    0x14, 0x8B, 0x00, 0x31, 0x3F, 0xF0, 0x1A, 0x03, 0xDF, 0xD2, 0x0B, 0xBD, 0x17, 0x91, 0x30, 0x2A,
    0x6E, 0xDC, 0xB9, 0xF3, 0x23, 0x9B, 0xCB, 0xF9, 0x02, 0xA9, 0x1E, 0xFE, 0x02, 0xB5, 0x61, 0x20,
    0x45, 0x36, 0xEE, 0x40, 0x2D, 0x12, 0x60, 0xEC, 0xF2, 0x8D, 0x7C, 0x81, 0xA6, 0x2B, 0x7F, 0x75,
    0xA7, 0xAB, 0xBC, 0xFB, 0x5F, 0xB2, 0x15, 0xA1, 0xC9, 0xFE, 0xDC, 0x13, 0xDE, 0x24, 0xB8, 0xE1,
    0xE3, 0x37, 0x94, 0xEF, 0xBE, 0x4B, 0x68, 0x78, 0xE3, 0x3E, 0xB2, 0x29, 0xBF, 0x5C, 0x79, 0xE3,
    0x5D, 0x3D, 0x20, 0xBD, 0x6F, 0xC7, 0x74, 0xCB, 0xEB, 0xF9, 0xA3, 0xEA, 0x5F, 0x82, 0xAB, 0xA4,
    0xF8, 0x7C, 0xAA, 0xBC, 0x9E, 0xBB, 0x58, 0xA0, 0x07, 0xE9, 0xCA, 0xD5, 0xCE, 0x38, 0xE9, 0xD9,
    0x1F, 0x41, 0x23, 0x5B, 0xAB, 0x5B, 0xE4, 0xED, 0xA1, 0x90, 0xC5, 0x7D, 0x19, 0xDB, 0xEE, 0xEE,
    0x2D, 0xDA, 0xFB, 0xBA, 0xDD, 0xBA, 0xCF, 0x7B, 0x3A, 0xC3, 0x1F, 0x2E, 0xB5, 0x4C, 0xF9, 0x7E,
    0xB6, 0xB2, 0x9E, 0xC3, 0xEC, 0x34, 0x8A, 0xB6, 0xB3, 0x29, 0x5E, 0xDD, 0x81, 0xA8, 0x58, 0xE1,
    0x2E, 0xC0, 0x43, 0xC5, 0x03, 0x45, 0x7C, 0x12, 0x2B, 0x67, 0x71, 0x43, 0x57, 0x0A, 0xAD, 0xA3,
    0x17, 0xC5, 0xBD, 0x23, 0x3A, 0xB2, 0x8E, 0x5C, 0x76, 0x0A, 0x91, 0xA1, 0xF8, 0xA4, 0xF7, 0xA5,
    0xAF, 0x7D, 0x39, 0x68, 0x19, 0xDB, 0xC1, 0x1C, 0xB1, 0xA5, 0x95, 0xD9, 0xCD, 0xD0, 0x0F, 0xE4,
    0x5B, 0xFA, 0x38, 0xB5, 0x9F, 0xFE, 0x92, 0x56, 0x76, 0x7A, 0xD9, 0x80, 0x8E, 0x2C, 0x8D, 0xE1,
    0x8B, 0xB9, 0xF5, 0x85, 0x77, 0x3E, 0xEF, 0x9C, 0xB7, 0xAC, 0x6F, 0x08, 0x8C, 0x0B, 0x8C, 0x1B,
    0x07, 0x80, 0x96, 0xF4, 0x1A, 0xF9, 0xF6, 0xB5, 0x9D, 0x56, 0x56, 0x1A, 0x99, 0xE0, 0x2D, 0x20,
    0xB3, 0x02, 0xB4, 0x33, 0x32, 0x97, 0x42, 0xB3, 0x68, 0x0E, 0xDF, 0x80, 0x14, 0xB5, 0x74, 0xF4,
    0x5D, 0x23, 0x30, 0x52, 0x09, 0x9C, 0xB6, 0x5D, 0x99, 0x1D, 0xDC, 0xED, 0x06, 0x73, 0x30, 0xEA,
    0x4E, 0x11, 0x9F, 0xD9, 0x56, 0xCA, 0x63, 0x5B, 0x70, 0xAB, 0x7A, 0xA8, 0x17, 0x74, 0x1D, 0x09,
    0xB8, 0x05, 0x39, 0x18, 0x8B, 0x2F, 0x0F, 0xCA, 0xF8, 0xDB, 0x47, 0xD4, 0x22, 0x3F, 0x94, 0xA1,
    0xE9, 0x57, 0x27, 0x5D, 0xF3, 0x83, 0x2E, 0x95, 0xFE, 0x29, 0xF6, 0x0A, 0xC6, 0x33, 0x8A, 0xF1,
    0x21, 0x29, 0xB4, 0xD8, 0x34, 0x5A, 0x68, 0x44, 0xB4, 0xBA, 0x22, 0x1F, 0x2D, 0x38, 0x89, 0x6E,
    0x36, 0x4E, 0x34, 0x07, 0x3D, 0x6D, 0xA2, 0xAC, 0xB5, 0x72, 0x69, 0x86, 0x83, 0xA1, 0x1D, 0x68,
    0x0E, 0x76, 0xB8, 0x83, 0x50, 0x1A, 0x19, 0xE7, 0xDE, 0x2E, 0xF9, 0xD1, 0xF8, 0x50, 0xE9, 0x37,
    0xBB, 0xEA, 0x23, 0xD0, 0x24, 0xFE, 0x3F, 0x65, 0xFB, 0x33, 0xE3, 0xF7, 0x56, 0x65, 0xB1, 0x9C,
    0xD8, 0x17, 0x41, 0x53, 0x34, 0xEE, 0xA5, 0x72, 0xAB, 0x66, 0x40, 0x93, 0x22, 0xD3, 0xA4, 0x68,
    0x35, 0x1D, 0x46, 0xE3, 0xDB, 0xBF, 0x78, 0xB9, 0x83, 0xAB, 0xB4, 0xC3, 0xE8, 0xC5, 0xF7, 0xDD,
    0x15, 0x08, 0x64, 0x81, 0x7C, 0x27, 0x17, 0x8F, 0x9B, 0xA8, 0xA6, 0xAF, 0xD7, 0xBE, 0x95, 0xAE,
    0x59, 0xC1, 0xB2, 0x62, 0xF4, 0xA5, 0x78, 0xF7, 0x99, 0x7F, 0xB9, 0x1E, 0x9E, 0xBE, 0xC3, 0xF4,
    0x17, 0x37, 0x85, 0x8D, 0x56, 0xA6, 0x5E, 0x26, 0xB2, 0x7B, 0x9D, 0x1A, 0x45, 0x3E, 0x8B, 0x45,
    0xCC, 0x34, 0x23, 0x71, 0x33, 0xA3, 0x0E, 0x53, 0x7B, 0xC6, 0xC6, 0x23, 0xC7, 0x6B, 0x6F, 0x7C,
    0x7E, 0xE4, 0x56, 0xAC, 0x6E, 0xA9, 0x83, 0x5E, 0x65, 0x76, 0x35, 0x65, 0x9C, 0x62, 0x14, 0x99,
    0x8F, 0xD7, 0x34, 0xEA, 0xDF, 0x2C, 0x7C, 0xD1, 0x51, 0x04, 0xBB, 0x75, 0x57, 0x01, 0xA2, 0xBA,
    0x1F, 0xF3, 0x08, 0xED, 0xB0, 0x6B, 0xA9, 0xC6, 0x0E, 0x37, 0x69, 0x95, 0x0F, 0x57, 0xF4, 0x83,
    0xC0, 0x6E, 0x57, 0x88, 0x0B, 0xB8, 0x59, 0xFB, 0x88, 0xA1, 0x87, 0x5B, 0x44, 0xF8, 0x1A, 0xAF,
    0x91, 0xE2, 0xE5, 0x81, 0x3A, 0x5D, 0xD4, 0xE2, 0xA1, 0xA7, 0x92, 0x01, 0xA2, 0x5D, 0x98, 0xC5,
    0xC2, 0x2B, 0x6D, 0x87, 0xD6, 0xB2, 0xC5, 0x8E, 0x32, 0xC7, 0xF6, 0xDA, 0x80, 0xBB, 0xE4, 0x2B,
    0xEA, 0xDE, 0x6A, 0xFE, 0x00, 0xE7, 0x5D, 0x40, 0xDB, 0x89, 0x56, 0xE5, 0x21, 0xA2, 0x12, 0xF3,
    0x2F, 0x43, 0x2F, 0xBF, 0x09, 0xE5, 0xEF, 0xE7, 0x51, 0x7E, 0x3B, 0xBB, 0x1F, 0x4E, 0x3A, 0xD4,
    0x2D, 0x67, 0xA3, 0x45, 0x95, 0x2D, 0x4F, 0x96, 0xCA, 0xA9, 0xF6, 0x94, 0xC1, 0x89, 0x44, 0x9C,
    0x37, 0x69, 0xBB, 0xAB, 0x77, 0xFA, 0x7F, 0xD6, 0xFA, 0xD2, 0x92, 0x45, 0x13, 0x9B, 0xE6, 0x9E,
    0xAC, 0x03, 0xFE, 0x2B, 0x0F, 0xC3, 0xDF, 0xE2, 0xE1, 0xAA, 0x79, 0xF8, 0xBD, 0x2C, 0xEA, 0xE1,
    0xC7, 0xB2, 0xA9, 0x87, 0xE6, 0x9F, 0x76, 0xF5, 0xF0, 0x3A, 0xA2, 0x1E, 0xBE, 0xCD, 0xAE, 0x1E,
    0x60, 0xB3, 0xA1, 0xAC, 0xF2, 0x98, 0x7B, 0x7D, 0x63, 0xB2, 0xA1, 0xFA, 0x4E, 0xDF, 0xC8, 0x37,
    0xAC, 0x8B, 0x08, 0xA9, 0x73, 0xF3, 0xA8, 0x07, 0xB9, 0xF7, 0x41, 0x16, 0xC9, 0x45, 0x96, 0x22,
    0xA8, 0x84, 0x93, 0x07, 0xD5, 0x6F, 0xD9, 0x72, 0x03, 0x69, 0xC9, 0x51, 0xB7, 0xC5, 0x6C, 0x37,
    0x10, 0x0A, 0xAF, 0x43, 0x4D, 0xE8, 0xF2, 0xA3, 0x26, 0xA1, 0xF1, 0xF4, 0x60, 0xCB, 0x50, 0x04,
    0xC6, 0x85, 0x62, 0x51, 0xDD, 0xCC, 0x28, 0x8C, 0xE6, 0x14, 0x5A, 0x5A, 0x7A, 0xAF, 0xBA, 0x59,
    0x69, 0xC6, 0x7C, 0x2D, 0xC4, 0x7F, 0x3B, 0xDF, 0x8B, 0x50, 0x7D, 0x36, 0xD8, 0x87, 0xB4, 0x69,
    0x86, 0x46, 0xA6, 0x66, 0x78, 0xAF, 0xED, 0x78, 0x8B, 0x9E, 0xB5, 0x05, 0x88, 0x45, 0x50, 0x2D,
    0x96, 0xCA, 0xF7, 0x40, 0x35, 0x37, 0x6A, 0x00, 0xFD, 0x54, 0x88, 0x95, 0x32, 0xE9, 0x76, 0x2C,
    0xBF, 0x7B, 0x97, 0x4A, 0x18, 0x53, 0x25, 0xB2, 0x68, 0xCE, 0x4D, 0xAF, 0x72, 0x16, 0x55, 0x00,
    0xB7, 0x40, 0xBD, 0x60, 0x75, 0xC9, 0x3B, 0x9E, 0x88, 0xAC, 0x4B, 0xFF, 0x98, 0x66, 0xD2, 0xEA,
    0x86, 0x40, 0x19, 0x53, 0x03, 0x25, 0x9E, 0x62, 0x4F, 0x23, 0x34, 0x13, 0xB4, 0xFE, 0xEC, 0xB5,
    0xDC, 0xF4, 0x8D, 0x88, 0x5E, 0x32, 0x3E, 0x1B, 0x3F, 0x01, 0x78, 0x49, 0x71, 0x6A, 0xE2, 0xDB,
    0xD5, 0xA4, 0x91, 0x4E, 0x25, 0x93, 0x70, 0x4A, 0x48, 0xE3, 0x03, 0xCE, 0xE2, 0x2D, 0x63, 0xB1,
    0x9B, 0x94, 0x62, 0xE2, 0x92, 0x34, 0x49, 0xDA, 0xBE, 0x53, 0x19, 0xDB, 0x41, 0x65, 0xD3, 0x04,
    0xC8, 0x63, 0xA3, 0x52, 0x2C, 0x26, 0x55, 0xA8, 0x53, 0x43, 0xE3, 0x66, 0x9B, 0x2B, 0x93, 0xB6,
    0x53, 0xD3, 0x8C, 0x98, 0x6C, 0x76, 0xF6, 0x3C, 0x5A, 0xEF, 0x5F, 0x88, 0x48, 0x6A, 0x74, 0x44,
    0x8B, 0x97, 0x44, 0xA7, 0xDE, 0x3E, 0xD9, 0x14, 0x1B, 0x8C, 0xD8, 0x25, 0x95, 0x3A, 0xA3, 0x6A,
    0xEF, 0xB8, 0x29, 0x43, 0x2B, 0x81, 0x51, 0x42, 0x7F, 0x88, 0x24, 0x4B, 0xBC, 0x66, 0xCC, 0x17,
    0x93, 0x3A, 0x9A, 0xC8, 0xAA, 0xAC, 0x92, 0xF7, 0x7A, 0x56, 0xF2, 0x55, 0x78, 0x61, 0x4C, 0x5F,
    0xC5, 0xA2, 0x1F, 0x94, 0xB9, 0x98, 0x41, 0x97, 0x4C, 0xB7, 0xBF, 0x36, 0x4B, 0x3B, 0x7D, 0x9A,
    0xE7, 0x57, 0x5E, 0x14, 0xD3, 0x59, 0x97, 0xA5, 0x19, 0x76, 0x43, 0xEA, 0x59, 0x2D, 0xC1, 0x7E,
    0x53, 0xF9, 0x3F, 0xE5, 0x42, 0x8A, 0x17, 0xC5, 0xED, 0x55, 0x5E, 0xC5, 0xCE, 0x34, 0xAA, 0xF4,
    0x5E, 0x4C, 0x06, 0x93, 0x96, 0x07, 0x2F, 0x98, 0x5B, 0x7A, 0xAF, 0xCC, 0x25, 0x58, 0xF2, 0xD3,
    0x9A, 0x16, 0xB2, 0x27, 0xE4, 0xD7, 0xE9, 0x6F, 0x32, 0xA9, 0x64, 0xD2, 0x3D, 0xFF, 0xA6, 0xB3,
    0x3B, 0x47, 0xA4, 0x8C, 0x35, 0x9E, 0xDC, 0xCB, 0x46, 0xF9, 0xF4, 0x9E, 0xA0, 0x21, 0xFD, 0xC0,
    0x2D, 0x2C, 0xEF, 0xB1, 0x4B, 0x7B, 0xC5, 0x22, 0xF0, 0x26, 0x80, 0x0B, 0x42, 0x8A, 0xDA, 0x8B,
    0xA9, 0x66, 0x21, 0xA4, 0x18, 0xB3, 0x1D, 0x8B, 0x6C, 0xD3, 0x84, 0x34, 0x8A, 0x35, 0x17, 0xD9,
    0x31, 0xE3, 0x85, 0xEE, 0x99, 0xF7, 0x42, 0xC4, 0xFE, 0xDE, 0xFA, 0x22, 0x62, 0x31, 0x7E, 0xFA,
    0xD1, 0x8A, 0x85, 0x88, 0x2C, 0x68, 0x14, 0xA7, 0xBD, 0x72, 0x49, 0x85, 0x01, 0x37, 0xEB, 0x5E,
    0xFE, 0xBE, 0x96, 0x40, 0xF7, 0x8A, 0x09, 0xFA, 0x4E, 0xDF, 0xAE, 0x3C, 0x88, 0x2D, 0xBF, 0xCE,
    0x53, 0xC9, 0x90, 0xD9, 0x13, 0x0B, 0xAD, 0x84, 0x4A, 0x6C, 0xAF, 0x97, 0xB4, 0x37, 0x00, 0xF9,
    0xBD, 0x0E, 0x18, 0x65, 0x4F, 0x67, 0x99, 0xA8, 0xE5, 0xDE, 0xC1, 0x3E, 0xE0, 0x3C, 0x32, 0x1C,
    0x2C, 0x84, 0x83, 0x65, 0x3C, 0x38, 0xB8, 0x05, 0x5E, 0xA6, 0x0E, 0x96, 0xF1, 0x6C, 0xF4, 0x8F,
    0xD9, 0x0F, 0xCA, 0xF1, 0x9C, 0xDD, 0xD3, 0xEF, 0xF4, 0xA7, 0xE3, 0xD3, 0x08, 0xD7, 0x69, 0x16,
    0xF2, 0x80, 0xDB, 0x69, 0x56, 0x4B, 0x61, 0x86, 0x83, 0x1D, 0x34, 0xC9, 0xF3, 0xAA, 0x20, 0x4D,
    0x9C, 0x28, 0x73, 0xF1, 0xA9, 0x76, 0xCA, 0x52, 0x79, 0x74, 0xD0, 0x40, 0x2B, 0x1D, 0xD0, 0xA4,
    0x72, 0xE7, 0xC6, 0x6A, 0x52, 0xBA, 0x68, 0xFB, 0x92, 0xD2, 0x58, 0x95, 0x6A, 0x07, 0xF8, 0xE9,
    0xF9, 0xA3, 0xDD, 0x6D, 0x44, 0xEB, 0x6C, 0x0C, 0xDC, 0xDC, 0xEF, 0x7D, 0x18, 0x28, 0x57, 0x8A,
    0x40, 0xB5, 0x50, 0xCC, 0x54, 0x41, 0x99, 0xCA, 0x7F, 0xCE, 0x7A, 0x56, 0x36, 0x93, 0x31, 0xB5,
    0x2C, 0x22, 0xC1, 0x38, 0x9F, 0x97, 0xC6, 0x78, 0x2A, 0x8A, 0x40, 0xE2, 0xD7, 0x8D, 0xB7, 0x60,
    0x87, 0xF7, 0xC8, 0x0E, 0xDE, 0xE7, 0xA6, 0x5D, 0xDC, 0xA3, 0x51, 0x8C, 0x1A, 0x5F, 0x33, 0x26,
    0x33, 0xBB, 0x72, 0xDC, 0x80, 0xD2, 0x7C, 0xB9, 0x64, 0xAB, 0xE3, 0x79, 0x72, 0x94, 0xF1, 0xF8,
    0x3C, 0xB2, 0x98, 0x97, 0x08, 0x34, 0xB3, 0x00, 0x3D, 0x8D, 0x87, 0xEF, 0x52, 0x3E, 0x47, 0x8E,
    0x32, 0xAE, 0xA6, 0xCE, 0xB5, 0x83, 0x76, 0xB2, 0x6E, 0xD8, 0xEB, 0x80, 0xF5, 0xD0, 0x62, 0xF1,
    0xFC, 0x78, 0x79, 0x09, 0x68, 0xD4, 0x46, 0x80, 0x66, 0x4F, 0xDD, 0x4E, 0xFA, 0xE4, 0xBF, 0x8F,
    0x45, 0xA6, 0xF9, 0x07, 0x2C, 0xF7, 0x0D, 0xCD, 0x5C, 0xF3, 0x4E, 0xAD, 0xF7, 0xE9, 0x95, 0xB2,
    0x6D, 0xA6, 0x67, 0x1B, 0xE9, 0x7E, 0xB0, 0x97, 0x65, 0x27, 0x3C, 0x7E, 0xA5, 0xB5, 0x5B, 0x17,
    0x6E, 0xC6, 0xC7, 0x4B, 0xF6, 0x4F, 0xA0, 0xD0, 0x44, 0x56, 0x72, 0x59, 0xA8, 0xF7, 0xB4, 0x78,
    0xBC, 0x02, 0xFF, 0xF8, 0x5C, 0xAE, 0xA4, 0x92, 0x16, 0xB6, 0x56, 0x06, 0xC6, 0x9F, 0xC7, 0x2C,
    0x32, 0x32, 0xF3, 0x8D, 0x7F, 0x78, 0x2E, 0x57, 0x78, 0x95, 0x9E, 0x0D, 0xF9, 0x9F, 0x72, 0xBC,
    0x76, 0xEE, 0x12, 0xE1, 0x32, 0x6A, 0x72, 0xE3, 0x4E, 0x07, 0x88, 0xC8, 0xDE, 0x99, 0x48, 0x80,
    0x9B, 0xFB, 0x87, 0x12, 0xED, 0xBC, 0xD5, 0x6E, 0xA7, 0xCE, 0x24, 0x9D, 0x5D, 0x06, 0x3B, 0x71,
    0xEF, 0x4D, 0xDA, 0x93, 0xD4, 0xB3, 0x49, 0x4A, 0xA4, 0x14, 0x59, 0x0E, 0x71, 0x27, 0x09, 0xF4,
    0xDE, 0x12, 0x1B, 0x07, 0xCB, 0x4B, 0x3A, 0x95, 0x4C, 0xD2, 0x64, 0xEC, 0xA7, 0xE7, 0x37, 0x01,
    0xB7, 0x9A, 0xB4, 0xC1, 0xB2, 0x15, 0x6F, 0xCD, 0x80, 0x74, 0xA4, 0xAB, 0xDC, 0x2E, 0xF3, 0x09,
    0x0E, 0x3E, 0xC2, 0xE2, 0x5A, 0x77, 0xC5, 0xB4, 0x5D, 0x6B, 0xB8, 0xB8, 0x1B, 0x42, 0xF6, 0x68,
    0x8C, 0x68, 0x4C, 0xD5, 0xCC, 0xB3, 0x61, 0x8D, 0x62, 0xD6, 0x21, 0x02, 0xA3, 0xCC, 0x88, 0x74,
    0x87, 0x4E, 0xDC, 0x14, 0x4F, 0xF5, 0x08, 0xCA, 0x43, 0x8B, 0x00, 0x95, 0xCC, 0x49, 0x3F, 0x0B,
    0x94, 0x5A, 0xF4, 0xDF, 0xAF, 0x54, 0xAA, 0xBF, 0x8B, 0xE8, 0xC0, 0xEE, 0x37, 0x1B, 0x6E, 0x82,
    0xFA, 0x57, 0x82, 0xF3, 0xD0, 0x78, 0x49, 0x3A, 0x8C, 0xE9, 0x6B, 0xC4, 0xA1, 0xF5, 0x8D, 0x6A,
    0xD7, 0x4E, 0xF6, 0xAC, 0x4A, 0x1D, 0xDA, 0x0E, 0x7A, 0x5C, 0x52, 0xAA, 0xB5, 0x05, 0x1E, 0x52,
    0xC4, 0x1E, 0xD8, 0xC9, 0x77, 0xD5, 0x0D, 0xE4, 0x21, 0x10, 0x41, 0xF6, 0xA4, 0xFD, 0x06, 0x59,
    0x84, 0x36, 0xEA, 0xF4, 0x74, 0x34, 0x31, 0xA5, 0xEE, 0x22, 0x88, 0x4C, 0x56, 0x38, 0xF3, 0x04,
    0x9A, 0xF2, 0xE9, 0x3E, 0x53, 0xCA, 0xCC, 0xE9, 0xD6, 0x9A, 0xEF, 0xCA, 0x74, 0xB5, 0x5B, 0x64,
    0xF6, 0x15, 0x7F, 0x2F, 0x5B, 0x6A, 0x21, 0xBC, 0xB5, 0x10, 0x81, 0x7E, 0xA1, 0x59, 0xD0, 0x62,
    0xC4, 0x42, 0xA0, 0xD8, 0xCA, 0x08, 0xF9, 0xAE, 0xE7, 0xC8, 0xA4, 0x0E, 0xCA, 0x66, 0x06, 0xA4,
    0x9D, 0x8C, 0x1E, 0x32, 0xE9, 0xBD, 0x1E, 0x33, 0x0E, 0x17, 0x2C, 0x36, 0xE9, 0x0E, 0x46, 0x65,
    0x15, 0xF5, 0x1D, 0xB7, 0x28, 0x9B, 0x60, 0x8B, 0xEB, 0xD4, 0x4E, 0x20, 0xBE, 0x09, 0x14, 0x82,
    0xDB, 0xD4, 0x50, 0x69, 0x57, 0x5F, 0x76, 0x50, 0x0F, 0x13, 0x73, 0x74, 0x87, 0x14, 0xFF, 0xCD,
    0xD8, 0x2B, 0x0A, 0x51, 0x36, 0xFB, 0xE9, 0x39, 0xAE, 0x48, 0xE6, 0x06, 0x9E, 0x3F, 0x5F, 0x59,
    0xF7, 0xF8, 0xE6, 0xD0, 0x47, 0x73, 0x24, 0xE8, 0x88, 0x36, 0xD6, 0xE0, 0x66, 0x9D, 0xAD, 0x7C,
    0x78, 0xEE, 0x7C, 0xFD, 0x14, 0x1D, 0x4B, 0xBE, 0x17, 0xC0, 0x89, 0x4C, 0xD0, 0xFC, 0x48, 0x06,
    0xF5, 0xF2, 0x80, 0x14, 0xCF, 0x9B, 0xA3, 0xAC, 0xCB, 0xD2, 0x73, 0x8F, 0x07, 0x17, 0xDA, 0xC9,
    0xE8, 0xA1, 0x9A, 0xEA, 0xE1, 0xB9, 0x74, 0xD4, 0xF1, 0x12, 0xA5, 0xA7, 0xC1, 0x05, 0x84, 0x32,
    0x16, 0x9B, 0x66, 0x13, 0x60, 0x1C, 0x75, 0x28, 0xB9, 0x68, 0xBE, 0x1B, 0xC5, 0xB8, 0x43, 0xBE,
    0x8D, 0x1D, 0x6E, 0x69, 0x27, 0xDA, 0xC9, 0x05, 0x46, 0xCA, 0x95, 0x37, 0xC8, 0xE6, 0x34, 0xD8,
    0x79, 0x64, 0xDE, 0xA4, 0x08, 0xE8, 0xB7, 0xE8, 0xCE, 0x43, 0x2D, 0x32, 0x02, 0x22, 0xE9, 0x61,
    0xE5, 0xD3, 0x31, 0xA2, 0xF9, 0x55, 0x3B, 0xB4, 0x81, 0x4A, 0x60, 0xD4, 0x3A, 0x0D, 0x48, 0xC7,
    0xAD, 0xDE, 0xE7, 0x02, 0xD1, 0x1E, 0xAB, 0x8A, 0xD0, 0xFA, 0x2A, 0x52, 0x4D, 0xAD, 0x77, 0x2B,
    0xF5, 0x70, 0x48, 0xA0, 0xC5, 0x24, 0xD2, 0xFB, 0x3A, 0xE4, 0x81, 0xD1, 0xD7, 0x73, 0x39, 0x23,
    0x43, 0x33, 0x3B, 0x8F, 0xD0, 0xCC, 0x2D, 0x99, 0x50, 0xCF, 0xF7, 0x29, 0x76, 0xEA, 0x3F, 0x2D,
    0x94, 0x11, 0xF7, 0x97, 0x19, 0xB7, 0xE2, 0xC4, 0xEB, 0x29, 0x4B, 0x01, 0xF1, 0x14, 0x32, 0x94,
    0xD2, 0x69, 0x79, 0x2E, 0xA6, 0x2B, 0x80, 0xFB, 0x6D, 0x7A, 0x86, 0xE9, 0x6E, 0x1C, 0xE4, 0x16,
    0x16, 0x2F, 0xC1, 0x13, 0x3B, 0x4D, 0x67, 0xD2, 0x86, 0x24, 0x3B, 0x9C, 0x96, 0x23, 0xA8, 0xC3,
    0x59, 0x1D, 0x4E, 0xB7, 0x74, 0xB2, 0x2E, 0xDD, 0x76, 0x43, 0x92, 0x59, 0xED, 0xD7, 0x8F, 0x28,
    0x22, 0xD6, 0x30, 0xAE, 0xE0, 0x02, 0x65, 0x92, 0x6A, 0x49, 0x92, 0x6E, 0xF3, 0xEE, 0xB1, 0x34,
    0xD3, 0xB3, 0x37, 0x5D, 0x13, 0x5B, 0x30, 0xD2, 0xFD, 0x3F, 0xC9, 0xD8, 0x99, 0x88, 0xBD, 0xAF,
    0xD2, 0x9F, 0x24, 0xDF, 0x4C, 0x8A, 0x98, 0x6E, 0xE2, 0xAB, 0x19, 0xE9, 0xF5, 0x24, 0x76, 0xC5,
    0xDA, 0x55, 0x03, 0x20, 0xB2, 0xA4, 0xA7, 0x6E, 0x65, 0x6A, 0xE6, 0x4E, 0x33, 0x0B, 0xCD, 0x9A,
    0x4C, 0x2F, 0xE6, 0x79, 0xE7, 0xF1, 0xA3, 0x25, 0xFF, 0x03, 0x5E, 0x34, 0xEF, 0x57, 0x92, 0x88,
    0xB1, 0x10, 0x6F, 0xA6, 0x25, 0x00, 0xDA, 0x48, 0x02, 0x79, 0x64, 0x04, 0x98, 0xF8, 0xC6, 0x0B,
    0xE6, 0x5D, 0x9B, 0x55, 0xB0, 0x7E, 0x15, 0xAC, 0x5D, 0x55, 0xC9, 0x55, 0x4E, 0x8D, 0xEB, 0x8B,
    0x37, 0xE1, 0x0C, 0x0A, 0x6B, 0x20, 0xED, 0x70, 0x0A, 0x99, 0x4F, 0xAD, 0x54, 0x3B, 0x28, 0xBF,
    0xF9, 0xA4, 0xE7, 0x1B, 0xBD, 0x84, 0x42, 0x64, 0x94, 0x50, 0xCA, 0x5E, 0xE9, 0x69, 0x27, 0x3B,
    0x6B, 0x97, 0xED, 0xB0, 0x83, 0x90, 0x45, 0x18, 0x29, 0x16, 0xCD, 0xA8, 0x32, 0x4B, 0xB5, 0xF5,
    0x8D, 0x6D, 0x07, 0x6E, 0x7E, 0xC8, 0xC1, 0x3F, 0x45, 0xA0, 0xFA, 0x7C, 0x49, 0x27, 0x34, 0x7A,
    0x20, 0x97, 0x0E, 0xC8, 0x04, 0xE5, 0x0E, 0x98, 0x2F, 0x28, 0xE2, 0x33, 0x5C, 0x95, 0xCD, 0xDE,
    0x41, 0x2E, 0x32, 0x1B, 0xA7, 0x8B, 0x14, 0x11, 0x09, 0x27, 0xDE, 0xDC, 0xE0, 0xA9, 0xDF, 0x18,
    0xD9, 0xA1, 0x4E, 0x64, 0x33, 0xCA, 0xC1, 0x90, 0xC9, 0xA0, 0xE5, 0xEF, 0xAD, 0xFA, 0xED, 0x05,
    0x9F, 0xDA, 0x46, 0xED, 0xE9, 0x33, 0x31, 0x5F, 0x1B, 0x8C, 0xF7, 0x64, 0x81, 0x54, 0x5F, 0x1B,
    0x0C, 0xB1, 0xB2, 0xEE, 0x8F, 0xD3, 0xBF, 0x29, 0xEF, 0x03, 0xA3, 0x15, 0x5D, 0x8C, 0xA7, 0x1C,
    0x61, 0x94, 0x21, 0x65, 0x13, 0x80, 0xF6, 0xD1, 0x3B, 0x11, 0x90, 0xA1, 0xD8, 0x20, 0xDB, 0x75,
    0x53, 0xAB, 0x26, 0xAB, 0x95, 0xA1, 0x5C, 0xD2, 0x85, 0xB5, 0x50, 0x07, 0xB2, 0x8F, 0x02, 0xA3,
    0xA7, 0x90, 0x50, 0xEC, 0xA8, 0xB8, 0x80, 0x56, 0xB7, 0x99, 0x80, 0x7A, 0x6E, 0x3D, 0xD0, 0x4C,
    0x49, 0x7C, 0x6B, 0x27, 0xF0, 0x4D, 0x34, 0x71, 0x32, 0xA8, 0x14, 0x12, 0x6C, 0x86, 0xFB, 0x08,
    0x7D, 0x87, 0x19, 0x4A, 0xDD, 0xB3, 0x00, 0x2A, 0xF9, 0x6C, 0x52, 0xCC, 0xD9, 0x06, 0x7B, 0x31,
    0x5B, 0x3A, 0xE5, 0xF2, 0xCE, 0x42, 0xBE, 0x59, 0x0D, 0xF3, 0x58, 0x4A, 0x4A, 0xF3, 0x46, 0x67,
    0x72, 0x9A, 0x19, 0xCB, 0x56, 0xC3, 0x85, 0xB3, 0x15, 0xB3, 0x11, 0xAF, 0xD2, 0x0A, 0x26, 0x0B,
    0x4F, 0xC4, 0x75, 0xC5, 0x9B, 0x0A, 0xE9, 0x14, 0x33, 0x50, 0xA7, 0x76, 0x11, 0x2C, 0x47, 0x78,
    0x99, 0xF3, 0xB8, 0x6A, 0xB3, 0xBF, 0xBF, 0x4B, 0x2D, 0x12, 0x19, 0x77, 0x59, 0x33, 0x19, 0xAA,
    0xB5, 0x88, 0x54, 0x8B, 0x5B, 0xB4, 0x91, 0x99, 0xAD, 0x83, 0xB9, 0x40, 0xAF, 0x73, 0x3C, 0x76,
    0x34, 0xD3, 0xA8, 0x15, 0x10, 0xE8, 0x15, 0xE2, 0xC7, 0x2E, 0x3F, 0x30, 0x94, 0x32, 0xB4, 0x53,
    0xD3, 0x77, 0xAD, 0xEC, 0xED, 0x27, 0x4E, 0xD6, 0x3E, 0x96, 0xE2, 0xC7, 0xC8, 0x5B, 0x58, 0x64,
    0x8A, 0x6A, 0x00, 0xDA, 0x09, 0x32, 0x39, 0x50, 0xED, 0x66, 0x44, 0x31, 0xD8, 0x47, 0xE5, 0x32,
    0xF3, 0x3B, 0x55, 0xDF, 0x6D, 0xA4, 0x2A, 0x67, 0x7B, 0xEB, 0x29, 0x97, 0x2A, 0x50, 0xF9, 0x3C,
    0x90, 0x41, 0x77, 0x79, 0xF9, 0x3D, 0xE4, 0x3B, 0x14, 0xF2, 0x6F, 0x6B, 0xBA, 0xE2, 0xDD, 0xCF,
    0x64, 0xE2, 0x1A, 0xAF, 0x03, 0x5C, 0x66, 0xD5, 0x6E, 0x67, 0x1D, 0x85, 0x56, 0xA8, 0x8C, 0xB6,
    0x56, 0x1F, 0x28, 0x42, 0x35, 0x5D, 0x72, 0x56, 0xE5, 0x06, 0x34, 0x02, 0xDC, 0x75, 0x03, 0xDC,
    0xAF, 0x3C, 0xAC, 0xB6, 0xD7, 0x00, 0xFD, 0x0E, 0xD4, 0xCB, 0x25, 0xE6, 0x77, 0xD5, 0x36, 0x6E,
    0xCA, 0x9A, 0x4B, 0x04, 0x91, 0xBD, 0x16, 0xE9, 0x32, 0xF9, 0xA3, 0xF4, 0x5F, 0x88, 0xCF, 0x16,
    0x5A, 0xA1, 0x9D, 0xF2, 0x40, 0x1B, 0xA9, 0x67, 0xD5, 0x70, 0x28, 0xD0, 0xCE, 0xA7, 0x9F, 0xA7,
    0x8E, 0x49, 0x2B, 0x81, 0xEC, 0xED, 0x51, 0x64, 0x85, 0x83, 0x22, 0x03, 0xE5, 0xC1, 0x4F, 0x3B,
    0xB3, 0x38, 0x92, 0x0E, 0x96, 0x4E, 0x75, 0x40, 0x06, 0xD2, 0xE2, 0xE5, 0x4D, 0x9D, 0xCC, 0xFC,
    0x5F, 0xDA, 0x2F, 0xC6, 0x7A, 0xFF, 0x28, 0x52, 0x4B, 0x2C, 0x75, 0x9C, 0x52, 0xA6, 0x4C, 0xC7,
    0xD1, 0x64, 0xAF, 0xDE, 0x4E, 0xF9, 0x5A, 0x75, 0xA0, 0x11, 0xF1, 0xC8, 0x91, 0x63, 0x2E, 0x34,
    0x43, 0x19, 0x0F, 0xB8, 0x40, 0xD3, 0x35, 0x13, 0x57, 0xCF, 0x7E, 0x33, 0x3B, 0x1A, 0x3A, 0x05,
    0x27, 0x74, 0x8A, 0x74, 0x7E, 0x45, 0x20, 0x70, 0x9C, 0x36, 0xA4, 0xEB, 0x39, 0x13, 0xE9, 0xCE,
    0x7E, 0xA5, 0x4B, 0xBD, 0x28, 0x62, 0xBA, 0xF0, 0x49, 0x2D, 0xF6, 0xFF, 0xB7, 0xFE, 0x7B, 0xD5,
    0x54, 0x26, 0x80, 0xD7, 0x14, 0xF7, 0x81, 0x4C, 0x0C, 0xD3, 0x45, 0xBF, 0x59, 0xEC, 0xA7, 0xB3,
    0xBE, 0xC2, 0x79, 0x24, 0x1F, 0xD1, 0x7C, 0x74, 0xC8, 0xA7, 0xE6, 0xA3, 0x9D, 0xCA, 0x95, 0x7A,
    0x72, 0xE1, 0x80, 0xDD, 0xB7, 0xB4, 0x5E, 0x43, 0x3B, 0xBC, 0xB3, 0xD3, 0x8B, 0x2C, 0x8C, 0xB2,
    0x77, 0x8C, 0xF7, 0xBA, 0x67, 0xCC, 0x24, 0x1F, 0xD3, 0x51, 0xC1, 0x7A, 0xFF, 0xDF, 0x51, 0x7D,
    0xAC, 0xA4, 0xC2, 0xA5, 0xAA, 0x91, 0x29, 0x9C, 0xC2, 0x1E, 0xD2, 0xC4, 0x93, 0xD6, 0x96, 0x7E,
    0xBE, 0x18, 0xE7, 0x3B, 0x5C, 0x66, 0x7E, 0x1A, 0x65, 0xB8, 0x28, 0xF4, 0x28, 0x90, 0x6F, 0xFD,
    0x80, 0x0B, 0x6E, 0xC6, 0x75, 0xC5, 0xCC, 0x15, 0xE8, 0x2E, 0x2F, 0xBF, 0x2E, 0xEB, 0x28, 0x83,
    0x9B, 0x70, 0x4B, 0x33, 0xE3, 0xC2, 0x81, 0x72, 0x76, 0x1E, 0xB8, 0xBC, 0xAA, 0x65, 0x50, 0x7A,
    0x5C, 0xC0, 0x6D, 0xE4, 0x32, 0xD0, 0x06, 0xAB, 0xE0, 0xC4, 0x45, 0x8C, 0x11, 0x89, 0xBC, 0xB3,
    0x52, 0x2E, 0x54, 0xC7, 0x16, 0x70, 0x69, 0x9B, 0xA9, 0x67, 0x9A, 0x89, 0xE6, 0xAC, 0x23, 0xEA,
    0x07, 0xFA, 0x8E, 0x71, 0x46, 0xA2, 0x6E, 0x16, 0xD7, 0xC1, 0x1E, 0x46, 0x9B, 0x88, 0xCC, 0xE5,
    0xAE, 0x83, 0x14, 0x03, 0x7F, 0xBF, 0xF1, 0xE1, 0x21, 0xB9, 0x50, 0x8A, 0xAF, 0xFF, 0x30, 0xF5,
    0x45, 0xB8, 0xCF, 0x72, 0x9D, 0xEB, 0x7F, 0xAF, 0xF1, 0xAF, 0x70, 0xBD, 0xCD, 0xE2, 0xF1, 0xB0,
    0x33, 0x7E, 0x3F, 0xB6, 0xD9, 0x0A, 0x7F, 0xBF, 0xCC, 0x33, 0x45, 0xB1, 0xF3, 0x31, 0x95, 0xFC,
    0xC7, 0xCA, 0x35, 0x91, 0x09, 0x4A, 0x01, 0xAC, 0x25, 0x1B, 0x7B, 0x5B, 0xE4, 0x67, 0xB8, 0x5D,
    0x05, 0xA0, 0x30, 0xE8, 0x71, 0xBF, 0x5B, 0x69, 0x65, 0x8F, 0xC8, 0x97, 0x12, 0x0B, 0xA1, 0x8D,
    0x6E, 0xC5, 0xC5, 0x3A, 0x50, 0xC5, 0x76, 0x52, 0x78, 0xAA, 0xB5, 0x1F, 0xA8, 0x96, 0xB1, 0xA3,
    0x0A, 0x02, 0xCE, 0x30, 0x0B, 0x34, 0xDE, 0x9E, 0x1A, 0xC6, 0x01, 0x39, 0xA4, 0xD8, 0x68, 0xBE,
    0xF8, 0x68, 0xC5, 0x59, 0xFB, 0x26, 0x3B, 0x58, 0xEB, 0x06, 0x3B, 0x3F, 0xA1, 0x90, 0x7F, 0x5D,
    0xF4, 0x2F, 0x33, 0xCD, 0xF7, 0xC5, 0xF3, 0x12, 0x77, 0x79, 0x36, 0xAE, 0x33, 0xC6, 0x4A, 0x3A,
    0x59, 0x7B, 0x99, 0xDE, 0xF9, 0xB3, 0x48, 0x28, 0xFF, 0x32, 0xD7, 0xA1, 0x92, 0xCE, 0x85, 0x6A,
    0xC7, 0x05, 0x17, 0x15, 0x8B, 0x22, 0x1C, 0xA8, 0x67, 0x6B, 0x4A, 0xF5, 0x1A, 0xF6, 0x34, 0x5E,
    0x6B, 0x73, 0x86, 0x7E, 0xA0, 0x1D, 0xEC, 0xF7, 0x79, 0x23, 0x8C, 0x9F, 0xC8, 0x81, 0x28, 0x20,
    0xF1, 0xBC, 0x25, 0x7C, 0xE3, 0x6F, 0x6A, 0x09, 0x81, 0x52, 0x56, 0x68, 0x45, 0x3A, 0x5B, 0xE8,
    0x0B, 0xA1, 0x09, 0x55, 0x4C, 0x09, 0x55, 0x8B, 0x7E, 0x06, 0xD7, 0xD6, 0x93, 0x60, 0x55, 0x5B,
    0xC7, 0x54, 0x3A, 0x5C, 0xB8, 0x40, 0x33, 0xF7, 0xC3, 0xE9, 0x23, 0x37, 0x17, 0x82, 0xDD, 0x5F,
    0x4E, 0x0B, 0xFD, 0x53, 0x0B, 0x64, 0xBA, 0x27, 0x3C, 0xD1, 0x12, 0x86, 0x8B, 0xF4, 0xBE, 0xC9,
    0x65, 0xE6, 0xA7, 0x51, 0x2C, 0x3C, 0xDB, 0x12, 0xEA, 0xE4, 0x0C, 0xA7, 0x96, 0xF0, 0xB2, 0xF2,
    0x7B, 0xB6, 0x25, 0xE4, 0x2A, 0xB7, 0x00, 0x2E, 0xB3, 0x6A, 0xDD, 0x45, 0x4B, 0x58, 0xAD, 0xCE,
    0x90, 0x5A, 0xC2, 0x4B, 0xCE, 0xEA, 0x8A, 0x62, 0x54, 0xC8, 0x70, 0x02, 0xC0, 0xAB, 0x9C, 0x85,
    0xFE, 0x9E, 0xFE, 0xFD, 0x56, 0x44, 0x26, 0x85, 0xB7, 0x5F, 0x84, 0x3F, 0xF5, 0xC3, 0x42, 0xAA,
    0x00, 0x38, 0xEB, 0x4F, 0x14, 0x2E, 0x00, 0x19, 0xE7, 0x51, 0x0C, 0xCA, 0xCA, 0x43, 0x76, 0xBB,
    0x06, 0x46, 0xB9, 0x0F, 0xD6, 0x5A, 0x51, 0xEF, 0xE3, 0xC1, 0x7E, 0xAA, 0x22, 0x48, 0xE7, 0x76,
    0xF2, 0x9D, 0x5B, 0x42, 0x11, 0xF9, 0x58, 0x28, 0xD7, 0x2C, 0x08, 0xD5, 0x52, 0x78, 0xD1, 0x1A,
    0x74, 0xCA, 0xD7, 0x51, 0xBE, 0x9B, 0xED, 0x07, 0x43, 0xB1, 0xE1, 0x3E, 0x9F, 0x8A, 0x88, 0xFB,
    0x72, 0xA8, 0x56, 0x9C, 0x50, 0x6B, 0xE7, 0x4D, 0x3F, 0x51, 0xC8, 0x87, 0xD2, 0x1D, 0x94, 0x0D,
    0xAA, 0xCF, 0x64, 0x06, 0x97, 0xBD, 0x75, 0xF1, 0x44, 0xC8, 0x77, 0x39, 0x0F, 0xAB, 0xC5, 0x2D,
    0xC5, 0xE8, 0x15, 0x66, 0x68, 0x3B, 0xFD, 0xFE, 0xA7, 0xF1, 0x40, 0xC9, 0x53, 0xD1, 0xEE, 0xB0,
    0x1F, 0xC8, 0xF6, 0x66, 0x23, 0xDB, 0x8A, 0x48, 0x1E, 0x0F, 0x14, 0x31, 0x61, 0x3D, 0x50, 0x1E,
    0x58, 0xAB, 0x85, 0x72, 0xD5, 0xD9, 0xB7, 0x0F, 0x49, 0xB8, 0x40, 0xA3, 0x4D, 0x45, 0x3B, 0xD7,
    0x33, 0xE3, 0x81, 0x5C, 0xA6, 0x3A, 0x54, 0x7F, 0xF0, 0x4E, 0xE4, 0xC7, 0x9F, 0x54, 0xB2, 0x35,
    0x92, 0xCB, 0xDC, 0xEE, 0xDC, 0xE0, 0x71, 0x94, 0x1E, 0x68, 0x66, 0x40, 0x0E, 0x94, 0x02, 0x34,
    0xA7, 0x47, 0xC5, 0xAF, 0x70, 0xD9, 0xF9, 0xE5, 0x91, 0x8B, 0xD5, 0x4A, 0x06, 0x90, 0x66, 0xA2,
    0x58, 0xCB, 0x85, 0x72, 0xCA, 0x16, 0x32, 0xB8, 0x7E, 0x79, 0xF9, 0xDD, 0xA6, 0x23, 0x8F, 0x65,
    0xA0, 0x88, 0x6E, 0x49, 0xC8, 0x97, 0x72, 0x06, 0x2E, 0xB3, 0x6A, 0xA7, 0x92, 0x7C, 0x6C, 0x2C,
    0x36, 0x93, 0x3A, 0xC9, 0x38, 0x2B, 0x0B, 0xE9, 0x4C, 0x56, 0x25, 0xF9, 0xC0, 0x5F, 0x8B, 0x71,
    0xA6, 0x17, 0x90, 0xC0, 0x28, 0xF0, 0x4E, 0xA0, 0x59, 0xC1, 0x92, 0x4A, 0xDF, 0xF0, 0x78, 0x28,
    0x57, 0x5A, 0x6F, 0x63, 0xF5, 0x40, 0x11, 0x91, 0x24, 0x11, 0x92, 0x47, 0x60, 0x2B, 0x82, 0xCA,
    0x5E, 0x99, 0x88, 0xF3, 0x2A, 0x63, 0x63, 0xD2, 0xB7, 0x4A, 0x5A, 0x49, 0x12, 0x4D, 0x9A, 0x24,
    0x75, 0x30, 0x71, 0x49, 0x6A, 0x6F, 0xD2, 0x26, 0x19, 0x8D, 0xEC, 0xC6, 0xE2, 0xFC, 0xF8, 0x46,
    0xA6, 0x34, 0x62, 0xF7, 0xEC, 0xF7, 0x37, 0x4E, 0xBC, 0x71, 0x00, 0xAE, 0x19, 0x19, 0x3B, 0xA3,
    0x02, 0x49, 0xE4, 0xFC, 0xFB, 0xB1, 0x57, 0x0F, 0x6E, 0xA5, 0x0C, 0xE4, 0xB1, 0x95, 0x99, 0x22,
    0x8A, 0x2C, 0x14, 0xB2, 0xB8, 0x78, 0xD0, 0x17, 0x4A, 0x0E, 0x96, 0x9B, 0xB2, 0xD2, 0x89, 0xC5,
    0xAD, 0x14, 0x07, 0xC3, 0x19, 0x67, 0xAD, 0x50, 0x3D, 0x6B, 0xD5, 0xD2, 0x37, 0xA9, 0xDA, 0x68,
    0xCC, 0xE9, 0x01, 0xF3, 0x60, 0x21, 0xE8, 0xF3, 0x61, 0x84, 0x5E, 0x64, 0x56, 0xEE, 0xC0, 0x68,
    0xAB, 0xA2, 0xFC, 0xD5, 0xD4, 0xCC, 0xEC, 0x0C, 0x8C, 0xB2, 0x18, 0x03, 0xFC, 0x0D, 0xBF, 0xBE,
    0x7C, 0xD1, 0xE7, 0xFC, 0x3F, 0x01, 0xE5, 0x7C, 0x01, 0xA4, 0x2D, 0xD9, 0x95, 0xF6, 0x57, 0x55,
    0xFD, 0x5E, 0xE5, 0xBF, 0x25, 0xF6, 0xE3, 0x7F, 0xFD, 0xFF, 0x49, 0x5E, 0xFF, 0x2A, 0x08, 0x3A,
    0xC9, 0xAF, 0x6B, 0x10, 0xCC, 0x30, 0x79, 0x55, 0x12, 0x0C, 0x02, 0x0F, 0x7D, 0x67, 0x18, 0xE8,
    0xA0, 0x11, 0x06, 0x2F, 0x18, 0x0C, 0xBA, 0xBB, 0x6A, 0xD2, 0x08, 0x82, 0xF4, 0x30, 0x03, 0x06,
    0xD3, 0x08, 0xC6, 0x0B, 0x32, 0x00, 0x78, 0xFD, 0x76, 0x65, 0x1A, 0x30, 0x50, 0x33, 0x93, 0x18,
    0x0C, 0x52, 0x26, 0x6D, 0xD0, 0xD0, 0x7B, 0xA4, 0x5A, 0xEA, 0x25, 0xBB, 0x6A, 0x4D, 0xAD, 0x6F,
    0x9F, 0x7D, 0xCE, 0x3D, 0xF7, 0xE4, 0x75, 0x92, 0xD6, 0xDD, 0x37, 0xB7, 0x67, 0xF7, 0x3D, 0xDF,
    0xB7, 0x9D, 0x77, 0xEB, 0xD6, 0x5E, 0x6B, 0xAD, 0xBD, 0xF6, 0xAA, 0xB5, 0x77, 0x35, 0x80, 0x4A,
    0x96, 0x0D, 0x51, 0x47, 0xF2, 0x38, 0x6D, 0xCF, 0x13, 0xB3, 0x95, 0x94, 0x0B, 0xC9, 0x04, 0xAA,
    0x02, 0xD5, 0x6D, 0xA3, 0x64, 0xEB, 0x4E, 0x69, 0xA9, 0xFB, 0x0D, 0x53, 0x5F, 0x29, 0x65, 0x13,
    0xA9, 0x70, 0xE5, 0xA0, 0x97, 0x0D, 0x66, 0xD4, 0xCB, 0x7A, 0x52, 0xDD, 0x18, 0xA7, 0x97, 0x81,
    0xB4, 0xA0, 0x70, 0x7A, 0x19, 0x8A, 0x09, 0xC8, 0x44, 0x64, 0x06, 0x8A, 0x8D, 0x3C, 0x60, 0x02,
    0x55, 0x3D, 0xB2, 0x8D, 0xEA, 0x0E, 0xD9, 0xA2, 0x97, 0x21, 0xDD, 0x68, 0x05, 0x92, 0x15, 0xC5,
    0xDA, 0xE0, 0x8E, 0x74, 0xB5, 0x38, 0x58, 0x71, 0xED, 0x46, 0xB2, 0x7D, 0x12, 0x91, 0x11, 0x99,
    0xC8, 0x10, 0xE0, 0x57, 0xB6, 0x1B, 0x0D, 0x90, 0xCA, 0xFA, 0x12, 0x4A, 0xBD, 0x87, 0x5D, 0x65,
    0x4E, 0xA4, 0x2B, 0xE6, 0x4C, 0xC7, 0x61, 0x26, 0x1D, 0xF8, 0x08, 0xE3, 0xEA, 0x3E, 0x42, 0xDB,
    0xA1, 0x1C, 0x6D, 0x83, 0x6A, 0xB0, 0x40, 0xDD, 0x0B, 0xD0, 0x2A, 0x48, 0x6F, 0x9B, 0x74, 0x83,
    0x2E, 0x97, 0xAE, 0x1E, 0xAA, 0xB6, 0xA9, 0x65, 0xAD, 0xDF, 0x32, 0x32, 0xB7, 0x3E, 0x97, 0xDE,
    0xFA, 0x9D, 0x16, 0xF1, 0x1C, 0x4A, 0xA5, 0x0A, 0xB5, 0x52, 0xF9, 0xCF, 0x4B, 0xD0, 0xE6, 0xAC,
    0x94, 0xED, 0xC6, 0xF8, 0xF4, 0xC7, 0x44, 0xFD, 0x6C, 0xA9, 0x4B, 0x1D, 0x12, 0x97, 0x8D, 0xC0,
    0x7A, 0xBF, 0x07, 0x44, 0x3A, 0xA0, 0x56, 0xB1, 0x93, 0xD7, 0xAE, 0xD0, 0x10, 0xEF, 0x5F, 0xAF,
    0x4A, 0x27, 0x7A, 0x25, 0xFD, 0x56, 0x7A, 0x9D, 0x4F, 0xF5, 0x4A, 0x3A, 0xE8, 0x35, 0x0D, 0x7A,
    0x4D, 0x82, 0x5E, 0x11, 0xF4, 0x9A, 0x07, 0xBD, 0xD6, 0xD4, 0x5D, 0x32, 0x07, 0x19, 0x46, 0x92,
    0xE9, 0x8F, 0xE8, 0xDD, 0x86, 0x24, 0xBD, 0x52, 0x16, 0x08, 0xB7, 0x3F, 0x52, 0x4D, 0x67, 0x73,
    0x1C, 0x0F, 0xBD, 0xFD, 0x65, 0x05, 0xAF, 0x20, 0xAA, 0x7C, 0xAB, 0xDD, 0x5A, 0x21, 0xB9, 0x07,
    0x6D, 0x9F, 0x20, 0x3E, 0x3A, 0xD8, 0xA3, 0x5E, 0x55, 0xE3, 0x9C, 0x15, 0x39, 0x45, 0x4D, 0x3B,
    0xEC, 0x5B, 0xFA, 0x40, 0x05, 0xB4, 0xB2, 0x06, 0xB5, 0x0E, 0x28, 0xE5, 0xC1, 0x86, 0xAD, 0xD3,
    0x3B, 0x4A, 0xB7, 0x61, 0x26, 0xD8, 0x30, 0xF7, 0x1B, 0x76, 0x66, 0x02, 0xCE, 0x50, 0x06, 0xE5,
    0x8D, 0xC4, 0xFE, 0x80, 0x6D, 0xA7, 0x68, 0x2F, 0x62, 0x73, 0xF9, 0x9B, 0xF6, 0xF0, 0xFB, 0xFC,
    0x0B, 0xB7, 0x50, 0x4D, 0x48, 0x1D, 0xCC, 0x8A, 0x6A, 0xE6, 0x10, 0x46, 0x60, 0xC3, 0x46, 0xFD,
    0x67, 0x8A, 0x1E, 0x16, 0x5B, 0x19, 0xFF, 0x50, 0x26, 0x1B, 0x94, 0x2A, 0xB5, 0x55, 0xB9, 0xE8,
    0x7E, 0xBF, 0x77, 0x29, 0x24, 0x81, 0xF6, 0x01, 0x2A, 0x91, 0x1E, 0xF2, 0x0B, 0xE9, 0x53, 0x41,
    0xD5, 0xE5, 0x7E, 0x03, 0xE3, 0x50, 0x35, 0xD5, 0x80, 0x1B, 0x61, 0x24, 0x74, 0x4D, 0x4B, 0x68,
    0x14, 0xB0, 0x87, 0x26, 0xFE, 0x43, 0xF8, 0x3D, 0x07, 0x87, 0x72, 0xFD, 0x81, 0x43, 0xB1, 0x0B,
    0x8C, 0x0D, 0xFD, 0x40, 0x5B, 0x42, 0x2A, 0x47, 0x45, 0x3B, 0xD3, 0x59, 0x74, 0x54, 0xC6, 0xE9,
    0xE5, 0x75, 0x57, 0xF6, 0xC0, 0xB3, 0xC8, 0x9A, 0xEB, 0xA8, 0x77, 0xCE, 0x3D, 0xFD, 0x35, 0x80,
    0xE3, 0xF5, 0xB6, 0x81, 0x19, 0xAB, 0x1E, 0x25, 0xF2, 0x01, 0x4F, 0x01, 0xCD, 0x15, 0xEA, 0xFD,
    0x26, 0xA9, 0x0A, 0x4A, 0xB9, 0xA0, 0xA0, 0xAA, 0xE7, 0x60, 0xAE, 0x9F, 0xA7, 0x73, 0x76, 0xF2,
    0xC6, 0xF5, 0x1E, 0x18, 0x18, 0x93, 0xAB, 0xF3, 0x6F, 0xDE, 0x4D, 0x67, 0x5C, 0x97, 0x3B, 0xF5,
    0xE9, 0x6A, 0xD0, 0x98, 0x2F, 0x0C, 0x42, 0xF3, 0x41, 0x45, 0x9F, 0x69, 0xAE, 0x65, 0x5C, 0xC9,
    0x81, 0x11, 0x66, 0x28, 0x1C, 0xF2, 0xB9, 0xEE, 0x91, 0xC8, 0x1A, 0xE7, 0x70, 0xAD, 0x7A, 0x3F,
    0x6B, 0xAE, 0x4C, 0xEF, 0x8C, 0xE6, 0xFC, 0x35, 0x14, 0x03, 0xDD, 0x9C, 0xBA, 0x28, 0x64, 0xA5,
    0x8E, 0x83, 0x20, 0xB0, 0x3D, 0xE9, 0x0B, 0xB8, 0xD0, 0x9E, 0x3E, 0x6F, 0x40, 0x81, 0xD7, 0x86,
    0x24, 0x0E, 0xB8, 0xB3, 0x7E, 0x5F, 0x3C, 0x17, 0x81, 0x62, 0x85, 0xAE, 0xA4, 0x89, 0x70, 0x6E,
    0xD3, 0x1E, 0x8E, 0x3A, 0x54, 0xAA, 0xF7, 0x54, 0x8E, 0xA4, 0x6A, 0x08, 0xD4, 0x93, 0xEA, 0x03,
    0xB5, 0x81, 0x6C, 0x47, 0x13, 0x49, 0xA3, 0x94, 0x08, 0xC5, 0xCB, 0x56, 0x40, 0x80, 0xDC, 0x93,
    0xCC, 0x4C, 0x52, 0x5F, 0xD6, 0xEF, 0x7B, 0x66, 0x3B, 0xA2, 0xD9, 0x0E, 0xD7, 0x6E, 0x4B, 0x0F,
    0xC1, 0x86, 0x8F, 0x01, 0x1C, 0xC2, 0x69, 0x29, 0x7F, 0xC4, 0xC8, 0x23, 0x85, 0x52, 0x21, 0x66,
    0xA0, 0xC7, 0x99, 0x9E, 0x54, 0x76, 0x4A, 0x6B, 0xA5, 0x98, 0x2C, 0x77, 0x95, 0xD2, 0xE5, 0x53,
    0x6A, 0xA1, 0xAF, 0x78, 0x6A, 0x47, 0x94, 0x4A, 0x12, 0xD7, 0x67, 0x80, 0x2B, 0x34, 0xC0, 0x35,
    0x1A, 0xE0, 0x2A, 0xCD, 0x98, 0x7D, 0x2C, 0xB6, 0x19, 0xD5, 0xE7, 0x28, 0x3D, 0xD7, 0xEB, 0x8D,
    0x82, 0xA1, 0xB8, 0x66, 0x93, 0x64, 0x23, 0xAE, 0xDB, 0x00, 0x57, 0x6E, 0x80, 0x6B, 0x37, 0xC0,
    0xD5, 0x1B, 0xE0, 0xFA, 0x0D, 0x70, 0x05, 0xA7, 0xAF, 0x7D, 0x58, 0x56, 0xC9, 0x45, 0xA6, 0x8D,
    0xCC, 0x9E, 0xDC, 0x87, 0x68, 0x15, 0x36, 0x23, 0xC1, 0x34, 0x17, 0x12, 0x3E, 0xC5, 0x2F, 0x3C,
    0x90, 0xD7, 0x55, 0x7C, 0xF5, 0xC9, 0x56, 0xC4, 0xD1, 0x1A, 0xC1, 0x18, 0xD1, 0x16, 0x25, 0x91,
    0x96, 0x08, 0x86, 0x08, 0x76, 0x08, 0x66, 0x08, 0x56, 0xA8, 0xFB, 0x88, 0x63, 0x30, 0x41, 0xB0,
    0x40, 0x30, 0x00, 0xF5, 0x4F, 0x94, 0x3E, 0x68, 0x3F, 0x28, 0x3F, 0xE8, 0x3E, 0xA8, 0x3E, 0x68,
    0x3E, 0x2A, 0xFE, 0xF9, 0x38, 0x64, 0xD9, 0x63, 0x49, 0x3C, 0x9E, 0x2A, 0xE7, 0xF7, 0x68, 0x8C,
    0x89, 0xE8, 0x36, 0x8B, 0x3C, 0xF8, 0xBE, 0x53, 0x83, 0x64, 0x4E, 0xC7, 0x97, 0x8D, 0x28, 0x9C,
    0xA2, 0xEA, 0x1F, 0x47, 0x18, 0x96, 0xFB, 0x6A, 0x20, 0x8A, 0x8C, 0x54, 0x80, 0x23, 0x8E, 0xC7,
    0xD1, 0x2B, 0xA0, 0x6D, 0xA2, 0xBA, 0x88, 0x9F, 0x26, 0xDE, 0xA5, 0xFA, 0x5F, 0x56, 0xED, 0xE3,
    0xE1, 0x4E, 0xF9, 0x96, 0x28, 0x44, 0x64, 0x22, 0x7D, 0x80, 0x5C, 0xE1, 0xB4, 0xED, 0xA3, 0x92,
    0xE7, 0x30, 0x1A, 0xC8, 0xDB, 0x8C, 0x4A, 0xF5, 0x90, 0xCF, 0x28, 0x07, 0xE3, 0x36, 0xA8, 0x06,
    0xD4, 0xBD, 0xEA, 0xB0, 0xAB, 0xBB, 0xFB, 0x2B, 0x5A, 0x15, 0xD7, 0xAA, 0x1F, 0xDA, 0x07, 0xCD,
    0x49, 0x68, 0x0A, 0x51, 0x69, 0xC0, 0x5F, 0xA0, 0x5C, 0xFF, 0xCC, 0xA3, 0x10, 0x9A, 0x4C, 0xDD,
    0xFC, 0xC6, 0x3D, 0x4A, 0xDF, 0x14, 0x1D, 0xE3, 0x76, 0xB3, 0xE1, 0x68, 0xE9, 0x09, 0x7C, 0x18,
    0x51, 0xE1, 0x29, 0xD7, 0xB5, 0x51, 0x2E, 0x5B, 0x36, 0x66, 0x23, 0x32, 0x57, 0xF4, 0x48, 0x17,
    0xCE, 0x70, 0x01, 0xD0, 0x7A, 0xA6, 0x17, 0x57, 0xA8, 0x66, 0x9C, 0x29, 0x44, 0x51, 0x87, 0x0B,
    0xEB, 0x5C, 0xC7, 0xC1, 0x5C, 0x27, 0x35, 0xA7, 0x5D, 0xBC, 0x63, 0x39, 0x6D, 0x50, 0x69, 0x8F,
    0x0F, 0x7A, 0xC9, 0x55, 0x39, 0xF2, 0xB5, 0xD0, 0x5B, 0xBC, 0x03, 0xBB, 0x99, 0x53, 0xCC, 0xF9,
    0x85, 0x21, 0x86, 0xE7, 0xD3, 0x42, 0xC6, 0xFD, 0x23, 0x1E, 0x6E, 0x7F, 0x94, 0x5A, 0xA4, 0x05,
    0xEB, 0x38, 0xC0, 0x44, 0x2D, 0x9B, 0x11, 0x96, 0x7B, 0x40, 0xCA, 0x68, 0x60, 0x15, 0x2E, 0x26,
    0x33, 0x75, 0x53, 0x0C, 0x4C, 0x65, 0xFA, 0x98, 0xC9, 0x30, 0x91, 0x89, 0x79, 0xCC, 0x17, 0xAE,
    0x5D, 0xF0, 0x68, 0xF0, 0x0F, 0x30, 0x63, 0xEE, 0x90, 0xF9, 0xEA, 0x28, 0x78, 0x94, 0xE3, 0x55,
    0x47, 0x90, 0xF8, 0x58, 0xEA, 0x10, 0xC7, 0x94, 0x86, 0xB5, 0x70, 0x0A, 0x8F, 0xA5, 0xEA, 0x45,
    0xCF, 0x5C, 0x28, 0x08, 0x24, 0x0F, 0x5E, 0x03, 0xD7, 0xEF, 0x6E, 0x57, 0x65, 0x29, 0xE5, 0x6D,
    0x3B, 0xA3, 0x9D, 0xD5, 0xAC, 0xBA, 0x0A, 0xB9, 0x4C, 0xB0, 0x61, 0xEE, 0x15, 0xCD, 0xA4, 0xF5,
    0xA7, 0x5F, 0x9B, 0xB6, 0xE7, 0x22, 0x1B, 0x16, 0x1B, 0x36, 0xB8, 0x29, 0x8F, 0x37, 0x44, 0xDD,
    0xD9, 0x2E, 0x62, 0xDB, 0xB4, 0xFD, 0x86, 0x2A, 0x06, 0x2C, 0x03, 0x83, 0xC0, 0xAC, 0xB8, 0x29,
    0x7A, 0xA1, 0xAC, 0x48, 0x38, 0x10, 0x54, 0xAA, 0x03, 0xE0, 0xFC, 0x82, 0x3A, 0x17, 0xD5, 0xBE,
    0x34, 0xBB, 0xFA, 0x4C, 0xFB, 0x5D, 0x87, 0x64, 0xC9, 0xBC, 0x3A, 0xC4, 0x43, 0xA0, 0xC1, 0x2D,
    0xC4, 0x16, 0x15, 0x61, 0xE5, 0xEF, 0xF8, 0x47, 0x51, 0x89, 0x5D, 0xD1, 0x8E, 0xE9, 0x0A, 0x41,
    0xBA, 0x64, 0x0B, 0x52, 0xAF, 0x5E, 0xE5, 0x8D, 0x8B, 0x50, 0x8E, 0xC8, 0xE7, 0x6A, 0x40, 0x31,
    0x55, 0xBB, 0x12, 0x4E, 0xA9, 0x50, 0x3B, 0xCD, 0x46, 0x5C, 0x35, 0x26, 0x32, 0x9A, 0xA9, 0xF8,
    0xC9, 0x68, 0x44, 0xBE, 0x3B, 0x64, 0xB2, 0x96, 0x7D, 0x22, 0xAE, 0xEA, 0xF1, 0x34, 0x36, 0x50,
    0xD1, 0x14, 0x1A, 0x7A, 0x13, 0x8B, 0x50, 0x7F, 0x80, 0xC2, 0x87, 0xC4, 0xC8, 0x8A, 0xF4, 0x38,
    0x93, 0x99, 0x73, 0xB9, 0xCF, 0x74, 0x16, 0xF4, 0x66, 0xC3, 0x6C, 0x52, 0x8D, 0x65, 0x22, 0xB1,
    0x84, 0x40, 0xDF, 0xB9, 0x96, 0x96, 0x79, 0x88, 0x87, 0x1B, 0x24, 0x33, 0xD0, 0xFE, 0x2D, 0x27,
    0xDD, 0x10, 0xF3, 0xC6, 0x17, 0xF1, 0xBB, 0x6F, 0x14, 0xDC, 0xEC, 0x0E, 0x21, 0xA4, 0x76, 0x07,
    0x8C, 0x35, 0x85, 0xEB, 0x67, 0x94, 0x17, 0x63, 0x3A, 0x9E, 0xAD, 0x7B, 0x60, 0xFC, 0xBA, 0x77,
    0x0D, 0xEC, 0x71, 0xBD, 0x82, 0xD2, 0x37, 0x88, 0xAB, 0x42, 0x4A, 0x4C, 0x88, 0xF0, 0xEC, 0xCF,
    0x87, 0x75, 0xBC, 0xE8, 0xD9, 0xC7, 0x85, 0x56, 0x28, 0x94, 0x47, 0x55, 0xDE, 0x54, 0x21, 0x0B,
    0x70, 0xAD, 0xAC, 0x06, 0x3C, 0x15, 0x08, 0x12, 0x28, 0x56, 0xCF, 0x4B, 0x71, 0x64, 0xFB, 0xAA,
    0x47, 0x10, 0xD0, 0x2A, 0x63, 0xC0, 0x33, 0x47, 0x52, 0xDD, 0x63, 0xDA, 0x20, 0xDC, 0x06, 0x19,
    0x95, 0x13, 0x91, 0x01, 0x77, 0x16, 0xA0, 0x7C, 0x1C, 0x4A, 0xD9, 0xC6, 0xF1, 0x81, 0x39, 0xB0,
    0x23, 0xF3, 0x53, 0x8E, 0xC7, 0x5C, 0x0D, 0x88, 0x4F, 0xCD, 0xEC, 0x93, 0x65, 0x6B, 0x1B, 0xD7,
    0xCA, 0xDD, 0x05, 0xE6, 0x93, 0x7D, 0x70, 0x14, 0x41, 0x64, 0x7E, 0x47, 0xDE, 0x7F, 0x68, 0x58,
    0x32, 0x27, 0xD6, 0x4A, 0x49, 0xF8, 0x9D, 0xDA, 0xE8, 0x8E, 0x74, 0xB8, 0xA3, 0x8B, 0x36, 0x87,
    0x1F, 0x3F, 0x23, 0x90, 0xEC, 0xF3, 0x12, 0x55, 0x43, 0xCE, 0x4C, 0x60, 0x14, 0xA0, 0x55, 0xE5,
    0x7E, 0x09, 0x39, 0x42, 0x33, 0xD2, 0x2B, 0x74, 0x40, 0x21, 0xC7, 0xB5, 0x23, 0xD9, 0xC3, 0xCA,
    0xC2, 0x07, 0x6E, 0x23, 0xF1, 0xB9, 0x74, 0xA9, 0xAF, 0x65, 0xCC, 0xBC, 0x88, 0xCB, 0x64, 0x32,
    0x73, 0x26, 0x7D, 0xB1, 0x01, 0xF2, 0x39, 0x5F, 0x36, 0x28, 0x3C, 0xF2, 0xB0, 0x2D, 0x61, 0x1C,
    0xCC, 0x0E, 0xC6, 0x0D, 0xCA, 0x41, 0x6B, 0xB9, 0x83, 0x26, 0x1E, 0x5A, 0xE2, 0x51, 0x3F, 0xD8,
    0x41, 0x87, 0x7A, 0x6A, 0x37, 0x58, 0x6D, 0x83, 0x76, 0x79, 0x7F, 0x56, 0x79, 0xE1, 0xF1, 0xF9,
    0xF9, 0x0B, 0xEF, 0x22, 0x13, 0xB6, 0x2E, 0x0D, 0xDC, 0x3C, 0xD9, 0x2A, 0x6F, 0x3F, 0x78, 0x60,
    0x7F, 0x95, 0x55, 0x7E, 0x7C, 0x7E, 0x2E, 0x1F, 0xA2, 0x55, 0x9E, 0xA4, 0xF2, 0x33, 0x79, 0xF0,
    0x3D, 0x75, 0x95, 0x59, 0x61, 0xFA, 0x60, 0x54, 0x3E, 0xFE, 0x76, 0x2A, 0x4F, 0x1B, 0x16, 0xDF,
    0x8D, 0x8E, 0x5A, 0x80, 0xC7, 0xD6, 0x03, 0xAF, 0x17, 0x23, 0x2E, 0xCD, 0x15, 0xCA, 0x42, 0xA0,
    0x31, 0x68, 0x09, 0x9A, 0x21, 0x54, 0xEF, 0xCD, 0x31, 0x94, 0x63, 0xF4, 0x42, 0x42, 0xDD, 0x1F,
    0x41, 0xDB, 0x45, 0xB0, 0x61, 0x9A, 0x9F, 0xBA, 0x9D, 0x82, 0x6A, 0x13, 0x76, 0x7F, 0xDB, 0x62,
    0xFC, 0x5F, 0xD5, 0x52, 0xB7, 0xE2, 0xE7, 0x6A, 0xFE, 0x6C, 0x3E, 0xE0, 0x42, 0xB3, 0x1E, 0xE2,
    0x71, 0x7F, 0x46, 0x3E, 0xA1, 0x50, 0x8D, 0xC0, 0x84, 0x9F, 0x51, 0x47, 0x52, 0x0D, 0xEA, 0xFB,
    0x75, 0xFC, 0x69, 0x3B, 0xB4, 0x0D, 0xEC, 0x08, 0xE1, 0x55, 0x71, 0x4B, 0x5D, 0x3F, 0xAD, 0xF8,
    0x23, 0xA1, 0xA3, 0x0D, 0x55, 0xE2, 0x7C, 0x0E, 0xF2, 0x32, 0x10, 0x1C, 0x07, 0x03, 0x0A, 0x19,
    0x5D, 0x2C, 0x7E, 0xDA, 0x8E, 0x9F, 0x13, 0x17, 0x5A, 0x29, 0x1D, 0x85, 0x8B, 0x6E, 0x52, 0xCA,
    0x5C, 0xC9, 0x5C, 0x8B, 0x6A, 0xF3, 0x83, 0x14, 0xEB, 0xCB, 0x78, 0x0E, 0x77, 0xF1, 0x32, 0xEA,
    0x6F, 0x79, 0x94, 0x32, 0x21, 0x57, 0x0F, 0x7C, 0xF1, 0x23, 0x17, 0x0F, 0xC0, 0x5D, 0xDC, 0xAD,
    0xF1, 0x72, 0xF5, 0x6F, 0xDE, 0xC8, 0xA4, 0x71, 0xFA, 0xC5, 0x0F, 0x44, 0xC8, 0x8F, 0x5C, 0x90,
    0x25, 0x6C, 0xE3, 0x9A, 0x0E, 0xA8, 0x00, 0xD4, 0xFA, 0xF9, 0x91, 0xBA, 0x0F, 0x60, 0xD6, 0xB8,
    0x6E, 0xBE, 0xAE, 0xA1, 0x40, 0x67, 0xE8, 0xA2, 0x9D, 0x0B, 0x6B, 0x69, 0xAA, 0xF3, 0xD8, 0x25,
    0x76, 0x44, 0x39, 0x1C, 0x0B, 0xC6, 0x52, 0xAA, 0x6D, 0x60, 0x01, 0xE1, 0xCF, 0xAA, 0xF7, 0x4E,
    0x16, 0xA4, 0xD2, 0x65, 0xBC, 0x2A, 0x9B, 0x60, 0x7A, 0x54, 0xAA, 0x49, 0x3C, 0x02, 0xEC, 0x5F,
    0xEB, 0xFC, 0xAD, 0x3C, 0x67, 0x26, 0x9E, 0xDD, 0x45, 0x26, 0x69, 0x90, 0xEE, 0x86, 0x8E, 0xDB,
    0x57, 0x60, 0x66, 0xEB, 0xC5, 0xDF, 0x9F, 0xF3, 0xA9, 0x98, 0x34, 0x26, 0x69, 0x34, 0x2A, 0xC7,
    0x6A, 0xA8, 0xFA, 0x9A, 0xFF, 0xB5, 0x5D, 0xDB, 0xD8, 0x51, 0xBC, 0xF8, 0x18, 0x52, 0x9E, 0xD7,
    0xEB, 0x6A, 0xF1, 0x91, 0xB6, 0x01, 0xDE, 0x94, 0x46, 0xC7, 0x98, 0xB0, 0x54, 0xCD, 0x18, 0x5B,
    0x38, 0xAA, 0xD1, 0x9C, 0x92, 0x8E, 0x9A, 0x02, 0x31, 0xD7, 0x08, 0x14, 0x2B, 0xD9, 0x97, 0x89,
    0xC5, 0x5E, 0x12, 0xEB, 0xED, 0x0D, 0x49, 0x82, 0x8C, 0xC7, 0xB4, 0x6E, 0xD4, 0x71, 0x00, 0x6D,
    0x17, 0xE4, 0x63, 0x3C, 0xA7, 0x61, 0x48, 0x6C, 0x2B, 0x31, 0x5B, 0x14, 0x93, 0x17, 0xBC, 0x52,
    0x21, 0xEE, 0xC2, 0x5E, 0x7E, 0x31, 0x2B, 0x7E, 0x5E, 0xDD, 0x41, 0x90, 0xF9, 0x44, 0x9A, 0x7C,
    0x51, 0xF0, 0x10, 0x64, 0xB3, 0x9A, 0xE7, 0xDE, 0xC9, 0x6C, 0x4F, 0xC5, 0x89, 0xCF, 0xC4, 0xDD,
    0x9F, 0x13, 0xEB, 0xF2, 0x09, 0xE5, 0x58, 0x6C, 0xA0, 0x1B, 0x47, 0xD5, 0xC0, 0xB2, 0x75, 0x80,
    0x71, 0x83, 0x72, 0x83, 0xAE, 0x1A, 0xD0, 0x76, 0x95, 0xD6, 0xAA, 0xEB, 0x0D, 0xB0, 0x81, 0x10,
    0x74, 0xE4, 0x2B, 0xDA, 0x26, 0x59, 0x61, 0xC7, 0x74, 0x81, 0xF8, 0xD4, 0x6F, 0x70, 0x29, 0xCB,
    0xCB, 0xE7, 0xA3, 0xE0, 0x5D, 0xAB, 0xF5, 0x43, 0xC6, 0x82, 0x0D, 0x26, 0x20, 0x7A, 0x91, 0x00,
    0x21, 0x74, 0x54, 0x2A, 0xA1, 0xFD, 0xB6, 0x47, 0x3A, 0xAB, 0x02, 0x06, 0xFC, 0x7F, 0xB0, 0xB1,
    0x1A, 0x70, 0x38, 0xCB, 0x83, 0x72, 0x89, 0x6B, 0x83, 0x71, 0xC7, 0x30, 0x1E, 0xAD, 0x0D, 0x75,
    0x7F, 0x0A, 0xED, 0xF1, 0x76, 0x96, 0x1C, 0x01, 0x97, 0x85, 0x74, 0x89, 0x70, 0x2A, 0x50, 0xB8,
    0xCF, 0x0D, 0x3B, 0x46, 0x59, 0xF4, 0x82, 0xEA, 0x75, 0xEC, 0x5B, 0xCA, 0x15, 0xCB, 0xEB, 0xB7,
    0xDC, 0x85, 0x6B, 0x75, 0x01, 0x37, 0x3D, 0xB2, 0x31, 0xEF, 0x81, 0x26, 0xC1, 0xE5, 0xC6, 0x22,
    0x53, 0xA6, 0x90, 0x58, 0x8E, 0x7E, 0x78, 0xD2, 0xE8, 0xBB, 0xDF, 0x68, 0xF4, 0xC9, 0xF2, 0x84,
    0xA4, 0x3B, 0x9B, 0x55, 0x84, 0xE9, 0xC4, 0x26, 0xB5, 0x74, 0x3B, 0x39, 0xDA, 0x71, 0xBF, 0x18,
    0x73, 0x52, 0x57, 0x32, 0x6F, 0x34, 0xD6, 0x32, 0xE9, 0xCC, 0xC9, 0x56, 0xCE, 0x9C, 0x30, 0xC1,
    0x63, 0xCA, 0x5A, 0xF7, 0xD0, 0xAE, 0x6D, 0x94, 0x92, 0x15, 0x4A, 0x99, 0xA7, 0x11, 0x8C, 0xA3,
    0x20, 0x61, 0x91, 0x16, 0x61, 0xD2, 0x2D, 0x82, 0x0B, 0xD4, 0xB7, 0xC1, 0x20, 0xF5, 0x40, 0x2A,
    0x1D, 0x65, 0x33, 0x13, 0xC5, 0xC9, 0x3D, 0x29, 0x5B, 0x48, 0xC9, 0x2E, 0x26, 0x48, 0x43, 0x29,
    0x6D, 0xCF, 0x99, 0x53, 0x4F, 0x9C, 0x39, 0x95, 0xD0, 0x37, 0x8C, 0xE0, 0x52, 0x8B, 0xF5, 0x87,
    0x72, 0x20, 0x55, 0x63, 0xA0, 0xE1, 0xE2, 0x09, 0x99, 0xB2, 0x21, 0xDD, 0x25, 0xE2, 0x61, 0xA0,
    0x6F, 0x2A, 0x9C, 0x24, 0x55, 0x4F, 0xD2, 0xFD, 0x7A, 0xF0, 0x9C, 0x44, 0x24, 0xF5, 0xA9, 0x48,
    0xE6, 0x13, 0xFB, 0x56, 0xE6, 0x51, 0x37, 0x1B, 0xAC, 0xC8, 0xE7, 0x8D, 0xF2, 0xA9, 0x70, 0x28,
    0x1E, 0xBF, 0x30, 0xC0, 0xA8, 0x3A, 0x02, 0xBC, 0xDB, 0xF6, 0x21, 0xA3, 0x62, 0xF5, 0xAC, 0x1A,
    0xA8, 0xD3, 0x7C, 0xDE, 0x40, 0xAF, 0xEE, 0xD3, 0x05, 0x75, 0x97, 0x48, 0xD7, 0x76, 0x10, 0xA7,
    0x81, 0xC2, 0xE1, 0xD0, 0xCE, 0x70, 0xEA, 0x25, 0x55, 0x77, 0x74, 0xCE, 0x66, 0xE2, 0x82, 0x71,
    0x31, 0x02, 0xAC, 0x1A, 0x01, 0x16, 0x8D, 0x00, 0x43, 0x3E, 0xC1, 0xA2, 0x98, 0x12, 0xAF, 0x46,
    0x9B, 0x63, 0x42, 0x5D, 0xF5, 0x61, 0xA7, 0xA9, 0x54, 0xA8, 0xDE, 0xB6, 0x5D, 0x4C, 0xF1, 0xAA,
    0x61, 0x17, 0x21, 0xBA, 0x0D, 0xDA, 0x2E, 0x9F, 0xD1, 0xAA, 0x74, 0x16, 0xE9, 0xDA, 0xA8, 0x85,
    0x46, 0x01, 0x98, 0x8B, 0x7E, 0x3D, 0x3E, 0x22, 0x56, 0xDC, 0xB2, 0x9C, 0x80, 0x72, 0x8D, 0xEA,
    0xFF, 0xE4, 0xE5, 0xA4, 0x6F, 0xFA, 0x90, 0x93, 0xBE, 0x39, 0xC0, 0x8A, 0x64, 0x4A, 0x56, 0x64,
    0x4E, 0xAB, 0xA0, 0xCE, 0x2A, 0x88, 0x02, 0x8B, 0xBA, 0x6F, 0x20, 0x17, 0xB4, 0x6B, 0x26, 0x83,
    0x6E, 0xEA, 0xC5, 0x13, 0x53, 0x46, 0xBA, 0x42, 0x4E, 0x97, 0x4D, 0x0D, 0x0D, 0xA9, 0x47, 0x16,
    0x7F, 0x74, 0x4E, 0xC4, 0xB4, 0xE2, 0x89, 0x99, 0xC5, 0x5B, 0xBA, 0x9C, 0x5A, 0xFF, 0x3B, 0x25,
    0xF8, 0xA1, 0xBD, 0xB8, 0x0F, 0x19, 0xFB, 0xA8, 0x97, 0x28, 0xA4, 0x6E, 0x83, 0x8C, 0x67, 0xDB,
    0xBA, 0xE8, 0x6F, 0x00, 0x73, 0xA3, 0x19, 0x76, 0xFE, 0x8D, 0xD3, 0x29, 0x40, 0x9E, 0xAC, 0xC1,
    0xB5, 0xC9, 0x65, 0x28, 0xE2, 0xBE, 0x60, 0xDA, 0x1D, 0xF4, 0x58, 0x8C, 0xCC, 0x49, 0x34, 0xCF,
    0xC4, 0xE7, 0x82, 0xE2, 0x6E, 0x53, 0x73, 0xAD, 0xA2, 0xB3, 0xD4, 0x5D, 0xC8, 0x39, 0x3C, 0xD4,
    0x91, 0x67, 0x55, 0x5F, 0xEA, 0x18, 0x84, 0x46, 0xC5, 0xA4, 0x3B, 0xAD, 0xA7, 0x13, 0x8F, 0xAB,
    0x2A, 0xBF, 0xBE, 0x9E, 0x3E, 0x47, 0x54, 0x75, 0x82, 0xFA, 0x04, 0x15, 0x0A, 0x4B, 0x14, 0x45,
    0x8E, 0xD0, 0xC8, 0x9B, 0xB3, 0x91, 0x57, 0x5D, 0x21, 0xDF, 0x76, 0xB0, 0x5F, 0x1B, 0x60, 0x4D,
    0x0F, 0x31, 0x1D, 0xA4, 0x02, 0xD6, 0x1B, 0x7A, 0xAD, 0xCA, 0x4F, 0x7D, 0x67, 0x87, 0x0F, 0x3D,
    0x20, 0x3F, 0x4D, 0x9C, 0x54, 0xAF, 0x87, 0xE4, 0xE9, 0x90, 0x38, 0xA9, 0x4B, 0xA9, 0x4F, 0xD1,
    0xA9, 0xDE, 0xBF, 0x5B, 0x7D, 0x0F, 0xD5, 0x90, 0xF9, 0x0D, 0xF2, 0x05, 0x75, 0x4F, 0x60, 0xDC,
    0xC1, 0xBD, 0xF7, 0xEF, 0x56, 0x8C, 0x99, 0x46, 0x3A, 0x46, 0x4C, 0x5E, 0x6C, 0x8F, 0x13, 0xBB,
    0x53, 0x15, 0xDC, 0xEC, 0x32, 0x5F, 0x8D, 0xF9, 0x5C, 0xBB, 0x7C, 0xAA, 0x5D, 0xE1, 0xAA, 0xDE,
    0xB8, 0x1B, 0xEF, 0x5B, 0x05, 0x6E, 0x07, 0xE5, 0xF2, 0xDE, 0xD2, 0x3F, 0x07, 0x54, 0xFF, 0x22,
    0x1B, 0xBC, 0x33, 0xC7, 0x65, 0x90, 0x01, 0x2B, 0x46, 0x7C, 0x7E, 0xF5, 0x87, 0x47, 0xD2, 0x23,
    0x4A, 0x0F, 0x95, 0x3E, 0x75, 0xE9, 0x12, 0x55, 0x20, 0x11, 0x46, 0x96, 0x8A, 0xC6, 0xED, 0x27,
    0x95, 0xE3, 0xD9, 0x50, 0x5F, 0x9C, 0x0D, 0x0F, 0x21, 0x3E, 0x91, 0xB1, 0x5C, 0x21, 0x8C, 0x0C,
    0xFF, 0x3B, 0xCC, 0x06, 0x2E, 0xB0, 0xC5, 0xA5, 0x78, 0xF2, 0x18, 0xA5, 0x34, 0x95, 0x20, 0xB6,
    0xAF, 0x07, 0xCA, 0x5C, 0xE0, 0x6A, 0x22, 0xA5, 0x42, 0x0E, 0xC1, 0x96, 0x8B, 0x7B, 0xE0, 0x4F,
    0xE1, 0xA8, 0xDD, 0x0E, 0x15, 0x37, 0x11, 0xC0, 0xB2, 0x02, 0xD2, 0xC0, 0x6A, 0x05, 0x44, 0x7A,
    0x14, 0x5A, 0x01, 0x61, 0x41, 0x32, 0xEC, 0xC9, 0x91, 0xDF, 0x71, 0xE0, 0xA1, 0xA9, 0x7F, 0x9F,
    0x83, 0x6F, 0xFE, 0xAB, 0x47, 0x31, 0x6E, 0xFC, 0xE6, 0xC2, 0x3D, 0xBC, 0xF2, 0x87, 0xC2, 0xA5,
    0xB4, 0xEA, 0x77, 0xDC, 0x59, 0x1E, 0x16, 0xAC, 0xBB, 0xBA, 0xAF, 0x94, 0x9B, 0x7A, 0xA8, 0x54,
    0x99, 0x5A, 0xA4, 0x6B, 0x80, 0x16, 0x66, 0xC7, 0xC5, 0x5C, 0xF3, 0xA0, 0x67, 0xE6, 0x5B, 0xFA,
    0x45, 0xBA, 0x2A, 0x2F, 0x80, 0x3C, 0x0A, 0xB5, 0x43, 0x59, 0xC9, 0xB4, 0x71, 0xB2, 0x71, 0xED,
    0xC1, 0xEA, 0x47, 0xE5, 0xC3, 0xD0, 0xCD, 0xC6, 0x22, 0x03, 0xCC, 0x1C, 0x8C, 0xAF, 0x60, 0xE2,
    0x26, 0x73, 0x4A, 0x33, 0x2E, 0x31, 0xAD, 0xE1, 0x92, 0xFD, 0x25, 0x1C, 0xB7, 0x5B, 0xB0, 0xBE,
    0x90, 0x46, 0xE6, 0x56, 0x86, 0xFB, 0xEF, 0x8A, 0xB8, 0xFC, 0xE7, 0x63, 0xE9, 0x0A, 0x69, 0x8C,
    0x2B, 0x56, 0x5D, 0x0F, 0xBD, 0xC2, 0x14, 0x8B, 0x1F, 0xE5, 0xF8, 0x84, 0xBA, 0x07, 0x41, 0xEB,
    0x1E, 0x5D, 0xAB, 0xA7, 0x55, 0x2C, 0x60, 0xDF, 0x92, 0x0D, 0xFC, 0x06, 0xE2, 0x3F, 0xD6, 0x7A,
    0x3F, 0x6D, 0xF1, 0x40, 0x77, 0xE1, 0x02, 0x9B, 0x69, 0xC7, 0x2E, 0x70, 0xBE, 0xE3, 0xA2, 0x0F,
    0x6C, 0x1A, 0x5C, 0xCC, 0xC0, 0xF0, 0xEC, 0x15, 0x58, 0xE7, 0x7D, 0xE5, 0x53, 0x9F, 0x45, 0x42,
    0xF6, 0xA8, 0xC8, 0xF6, 0x2F, 0x57, 0x72, 0x25, 0x33, 0xB9, 0x90, 0x81, 0x9C, 0x0A, 0x42, 0xFB,
    0xFB, 0xFF, 0x19, 0xF3, 0x30, 0x6E, 0x29, 0x17, 0xBF, 0x72, 0x4B, 0xD9, 0x31, 0x2D, 0xBF, 0xB2,
    0x79, 0x98, 0x10, 0x51, 0x0C, 0xD1, 0x27, 0x49, 0x63, 0xA0, 0xDF, 0xEC, 0xC1, 0xE0, 0x29, 0xDA,
    0x98, 0xA7, 0x15, 0xEA, 0xB5, 0x94, 0x49, 0xD7, 0x5A, 0x16, 0xF6, 0x92, 0x65, 0xCE, 0x37, 0x4A,
    0x65, 0xCC, 0x16, 0xA5, 0x2E, 0xDD, 0x28, 0x93, 0xB0, 0xCE, 0xAD, 0x71, 0xA5, 0x8F, 0x34, 0xE3,
    0xF0, 0x38, 0x15, 0xEB, 0xCD, 0x85, 0x23, 0x99, 0x0B, 0x34, 0xC6, 0xE5, 0x2F, 0xAC, 0x80, 0xAC,
    0x52, 0xAB, 0xD8, 0x02, 0x2E, 0x29, 0xF2, 0x5B, 0x38, 0xD4, 0xF0, 0x01, 0x3B, 0x54, 0x35, 0xD2,
    0xA1, 0xD4, 0x91, 0x3A, 0x3A, 0xD4, 0x14, 0x1C, 0x2A, 0xF7, 0xBF, 0xC6, 0xA1, 0xEC, 0x1A, 0xB8,
    0xBE, 0xE4, 0x50, 0xE5, 0x25, 0x87, 0x2A, 0x3C, 0xD8, 0xB2, 0x39, 0x70, 0x3E, 0x5D, 0x0A, 0x2D,
    0x91, 0xC7, 0xC0, 0x6D, 0x4F, 0xAA, 0xA5, 0x21, 0xC7, 0x0A, 0xB4, 0x1D, 0x3F, 0x74, 0x37, 0x6B,
    0x64, 0x03, 0xC8, 0xC9, 0x53, 0xE1, 0xF1, 0xC3, 0xB8, 0x51, 0x2B, 0xCB, 0xA8, 0xD0, 0x6D, 0xF0,
    0x98, 0x32, 0x89, 0xF6, 0x8B, 0x88, 0x1C, 0xF9, 0xE9, 0x06, 0x2D, 0x1D, 0x49, 0xA4, 0xE7, 0x31,
    0x64, 0x87, 0x76, 0xD2, 0x45, 0x5F, 0x0D, 0xEB, 0xB9, 0x75, 0xB8, 0xD0, 0xEF, 0x56, 0xC3, 0xF4,
    0xA5, 0x74, 0x8A, 0x7C, 0xDA, 0x92, 0x7A, 0x20, 0xF6, 0xFA, 0x0D, 0x57, 0xC5, 0xD5, 0x76, 0x11,
    0xB3, 0x45, 0x9A, 0x0D, 0xBD, 0x62, 0xE1, 0xF5, 0x1B, 0x33, 0x29, 0x56, 0xAE, 0x55, 0xF3, 0x0E,
    0x7A, 0xAD, 0xF4, 0x95, 0x53, 0x17, 0x36, 0x2C, 0x06, 0xE6, 0xB2, 0xAB, 0xC1, 0x48, 0xB7, 0x0F,
    0x73, 0xE7, 0x0A, 0xA9, 0xA8, 0x73, 0x11, 0xDE, 0xF3, 0x84, 0x5F, 0x2E, 0xCC, 0xB4, 0xA4, 0xE1,
    0xB9, 0xE3, 0x4C, 0x50, 0xB9, 0xC2, 0x07, 0x7D, 0x17, 0x53, 0x35, 0xF2, 0xFC, 0x72, 0x84, 0xB6,
    0x43, 0x31, 0xDB, 0x0D, 0x26, 0xDB, 0xC0, 0xB8, 0x08, 0x3C, 0x42, 0x1C, 0x0F, 0x98, 0x8C, 0x99,
    0xE8, 0xB9, 0x63, 0x7F, 0x74, 0xEE, 0xF8, 0x5E, 0x3C, 0x98, 0xA0, 0x58, 0xEC, 0x0F, 0x26, 0xA4,
    0xC7, 0x07, 0x13, 0xAE, 0x9B, 0x8A, 0xF7, 0xAF, 0x51, 0x6D, 0x90, 0x8F, 0x48, 0x76, 0xAF, 0x51,
    0x35, 0xFB, 0xD7, 0xA8, 0xAE, 0x50, 0xD9, 0xB8, 0x95, 0x2A, 0xD6, 0xDC, 0x34, 0xB1, 0x46, 0xD1,
    0x97, 0xAA, 0x10, 0xAE, 0x2C, 0x99, 0xBB, 0xAB, 0x38, 0x7A, 0x15, 0xA0, 0xFF, 0xF3, 0x6B, 0xA7,
    0xF8, 0x4F, 0x40, 0x2F, 0xFF, 0xD6, 0x04, 0x54, 0xAF, 0x6E, 0x50, 0x6B, 0x90, 0x7C, 0x64, 0x7A,
    0x95, 0xB1, 0x43, 0x32, 0xA9, 0x88, 0xAF, 0xFF, 0xBF, 0xAB, 0xD4, 0xFE, 0xB9, 0x36, 0x2E, 0x4A,
    0xDA, 0xE8, 0xE9, 0xA1, 0x63, 0xE4, 0x97, 0xF2, 0xF6, 0x03, 0xE1, 0x73, 0x8D, 0x6D, 0x70, 0x37,
    0x1C, 0x3C, 0xC6, 0xD6, 0xC9, 0x42, 0xA8, 0xFA, 0x72, 0x3C, 0x4A, 0x1D, 0x0F, 0x53, 0x87, 0x15,
    0x3A, 0x59, 0x69, 0xCE, 0x11, 0xE9, 0xC2, 0x4E, 0xBF, 0xEF, 0xD0, 0x52, 0x40, 0xCB, 0xCE, 0x0A,
    0xD8, 0x4E, 0x3B, 0x0B, 0x3B, 0xBA, 0x94, 0x1D, 0x77, 0x8A, 0x29, 0x74, 0x18, 0xA8, 0x79, 0x55,
    0xE8, 0xD4, 0xEC, 0xA4, 0xAF, 0xA1, 0xE6, 0xEA, 0x96, 0x0D, 0xA8, 0x26, 0xD6, 0xDA, 0x7B, 0xBE,
    0xEF, 0x30, 0xC0, 0x84, 0x1B, 0xD1, 0x2B, 0xB0, 0xEF, 0x94, 0xEC, 0x74, 0x97, 0x35, 0x7D, 0x2F,
    0x28, 0xBB, 0x92, 0x5E, 0xF5, 0x9D, 0x8A, 0x4C, 0xAA, 0xF2, 0xEF, 0x6C, 0xBA, 0xCA, 0x56, 0x54,
    0xEF, 0xB8, 0x6C, 0x29, 0x66, 0x18, 0xE9, 0x93, 0x45, 0x75, 0x2F, 0x48, 0x97, 0x6A, 0x44, 0xA1,
    0x9B, 0x27, 0xAA, 0x7C, 0x0F, 0x13, 0x8C, 0x00, 0xAB, 0xEA, 0x2E, 0x1E, 0xFF, 0x40, 0x1A, 0xDB,
    0xA8, 0x96, 0xA9, 0x33, 0x23, 0x2B, 0xC8, 0x0E, 0xE4, 0x4A, 0x59, 0xCD, 0x32, 0x05, 0x39, 0xC4,
    0x2B, 0x8F, 0x99, 0xAC, 0x28, 0xBA, 0xCD, 0x3E, 0xB3, 0x9E, 0x88, 0x2B, 0x44, 0xC6, 0x56, 0xA4,
    0x4B, 0x44, 0x60, 0x64, 0x0E, 0x86, 0x3A, 0x8F, 0xAB, 0x74, 0xAC, 0xAE, 0xE8, 0x18, 0xE2, 0x0B,
    0x70, 0xB9, 0x74, 0xFB, 0x54, 0xF9, 0xE6, 0xD1, 0xD9, 0x6E, 0x50, 0x01, 0x2B, 0x51, 0x7A, 0x9E,
    0xB6, 0x57, 0xE7, 0x41, 0xE5, 0x0E, 0x67, 0xCF, 0x55, 0xBE, 0x0D, 0x27, 0x45, 0x13, 0xD0, 0xA9,
    0x3E, 0xEB, 0x11, 0xD5, 0xA8, 0x36, 0xAF, 0x86, 0x3B, 0x42, 0x6F, 0xF4, 0xC4, 0x81, 0xD8, 0xB0,
    0xF6, 0xDA, 0x2B, 0x9A, 0x51, 0x85, 0x53, 0x19, 0x05, 0xF9, 0xA4, 0x98, 0xF9, 0x88, 0x5A, 0xAE,
    0xA1, 0x47, 0x08, 0xEE, 0xC8, 0x6B, 0x90, 0xCE, 0xAA, 0x66, 0x9C, 0x6C, 0xD8, 0xAA, 0x32, 0x74,
    0x9E, 0xF5, 0x74, 0x1B, 0x58, 0xC7, 0xE3, 0x6C, 0xE5, 0x1C, 0x9E, 0xD3, 0x3F, 0x79, 0x9C, 0xE4,
    0x59, 0x5F, 0x78, 0x99, 0xDB, 0x79, 0x5B, 0x7A, 0xE7, 0xFC, 0xE7, 0xFF, 0x31, 0x15, 0xF2, 0x15,
    0x57, 0xAC, 0xA9, 0x33, 0x9E, 0x92, 0x1F, 0x6F, 0x13, 0xF5, 0x38, 0xDD, 0x26, 0x3A, 0xAE, 0x24,
    0x5C, 0x07, 0xED, 0x1C, 0xB5, 0x33, 0x62, 0x7D, 0xF1, 0xA5, 0x1F, 0x62, 0x7D, 0x21, 0xCF, 0xF4,
    0x0A, 0x69, 0xB8, 0xB0, 0x27, 0x22, 0x41, 0x21, 0xBD, 0xED, 0x8D, 0x7C, 0x5B, 0xBA, 0x9B, 0xF2,
    0x82, 0x74, 0x68, 0x5F, 0xA9, 0x1A, 0xD8, 0xA9, 0x02, 0xEC, 0xB8, 0x01, 0x17, 0x5C, 0x69, 0x4E,
    0xB7, 0x30, 0xFC, 0x13, 0xB6, 0x30, 0xF2, 0xD3, 0x92, 0xC8, 0x71, 0xCD, 0x3C, 0xEE, 0x42, 0x8C,
    0x0A, 0x43, 0x4C, 0x89, 0xCB, 0x26, 0x0E, 0xF3, 0x61, 0x4C, 0x85, 0x19, 0x1D, 0x93, 0x46, 0x65,
    0x28, 0x78, 0x0A, 0x42, 0x25, 0x2A, 0x64, 0x39, 0x54, 0x23, 0x24, 0x9C, 0x89, 0xBD, 0x56, 0x1E,
    0xCD, 0x9D, 0xA7, 0x74, 0x4E, 0x3C, 0x44, 0xCB, 0xF1, 0x5C, 0x99, 0x80, 0xDC, 0x73, 0x95, 0xFD,
    0x70, 0x3D, 0x1A, 0xE0, 0x1D, 0xF2, 0xC3, 0xA1, 0xBD, 0x54, 0xC6, 0x7D, 0x4D, 0xA7, 0x1E, 0x2E,
    0xD7, 0x73, 0xCE, 0xF4, 0x4C, 0x6D, 0xCA, 0x08, 0x6C, 0x44, 0x54, 0x23, 0x8F, 0xFF, 0x74, 0x43,
    0x75, 0x12, 0x4A, 0xF8, 0x0A, 0x05, 0x7E, 0x99, 0xF8, 0x12, 0x31, 0xBE, 0xEC, 0x9C, 0x06, 0xCB,
    0xD0, 0x56, 0x68, 0xC3, 0x4D, 0xD4, 0x28, 0x3C, 0x7E, 0x7B, 0x78, 0x7A, 0xB5, 0x4E, 0xB1, 0x24,
    0x1A, 0x87, 0xE7, 0xE8, 0x38, 0x77, 0x03, 0xF2, 0x9B, 0x57, 0xE8, 0x27, 0x96, 0x65, 0x33, 0xBB,
    0x5A, 0xA1, 0x59, 0x67, 0x06, 0xEB, 0x4E, 0xCD, 0x7D, 0x2F, 0x7A, 0xF1, 0xE9, 0xEB, 0xAF, 0x4B,
    0xCC, 0xCD, 0xD7, 0xD3, 0xE2, 0x0C, 0x23, 0x7B, 0x21, 0x6B, 0x83, 0x56, 0x9D, 0x44, 0xFE, 0xD3,
    0x76, 0xD9, 0x82, 0xB2, 0xCB, 0x66, 0x94, 0x4D, 0x3E, 0xE3, 0x6C, 0xE7, 0xD4, 0x42, 0xF9, 0x67,
    0x00, 0x56, 0xE8, 0x7B, 0x2E, 0x86, 0xD4, 0x82, 0x5E, 0xB8, 0xE2, 0x2E, 0x12, 0x85, 0x74, 0xD9,
    0x20, 0xF7, 0x68, 0xFF, 0xC6, 0x4E, 0xB0, 0xEA, 0x31, 0xAD, 0xAC, 0x87, 0xA3, 0x6F, 0xB7, 0x89,
    0x82, 0xB8, 0x15, 0xC9, 0xBD, 0xC8, 0xB0, 0x19, 0x19, 0x76, 0x23, 0xE9, 0x14, 0xD7, 0x4F, 0xEF,
    0x87, 0xD7, 0x5F, 0xFD, 0x06, 0x36, 0xBE, 0xFE, 0x1A, 0xB6, 0x9C, 0x9A, 0x2C, 0xBC, 0xFE, 0x7A,
    0x55, 0x7A, 0xBF, 0x06, 0x7A, 0xFC, 0xBF, 0xBC, 0x32, 0x1B, 0x89, 0x2B, 0x91, 0xDF, 0xA3, 0xEC,
    0x15, 0x8D, 0xE2, 0xE7, 0xEE, 0x77, 0x1C, 0x03, 0x14, 0xE7, 0x8F, 0x54, 0x8B, 0xF7, 0x19, 0xAC,
    0xB1, 0x0F, 0xD6, 0x54, 0xD0, 0xA2, 0xF0, 0x06, 0x90, 0xFC, 0x95, 0xD7, 0x7B, 0x4C, 0xAC, 0x45,
    0xB0, 0x62, 0xC5, 0x71, 0x79, 0xAE, 0x38, 0xF2, 0x15, 0xBD, 0xBE, 0x7E, 0x67, 0xDA, 0x1F, 0x29,
    0xC8, 0x24, 0x56, 0xA9, 0xAE, 0xA3, 0x97, 0xE7, 0x0D, 0x5F, 0x82, 0xD5, 0x92, 0x53, 0x78, 0x09,
    0x56, 0xF8, 0xB0, 0x17, 0x35, 0x73, 0xD6, 0x5C, 0x59, 0x74, 0xB9, 0xA1, 0xE9, 0x79, 0x13, 0xCE,
    0x6B, 0xD6, 0x01, 0x1F, 0xD8, 0xB7, 0x6D, 0x5F, 0xEB, 0x76, 0x6A, 0x7F, 0x57, 0x17, 0xAB, 0xEE,
    0x25, 0xC5, 0xE6, 0x1B, 0xB0, 0xCD, 0x59, 0x0C, 0x43, 0x47, 0x78, 0xE1, 0x20, 0x6E, 0xBA, 0x10,
    0x83, 0xB2, 0x4F, 0x30, 0x9F, 0x15, 0x8B, 0x29, 0x22, 0xB5, 0x78, 0x8C, 0x89, 0x7D, 0xAC, 0x5D,
    0x15, 0x3C, 0x60, 0xAC, 0xC1, 0x96, 0x88, 0x8E, 0x14, 0x3D, 0x09, 0x0B, 0xF1, 0x65, 0x04, 0x67,
    0xA2, 0x37, 0x1D, 0xAC, 0xFB, 0xC5, 0x0E, 0xA8, 0x8F, 0x97, 0xB1, 0x2F, 0x52, 0x46, 0x7E, 0xBA,
    0xB8, 0xCD, 0x93, 0xF9, 0x0B, 0x9F, 0xF9, 0x09, 0x47, 0x84, 0xC6, 0xF0, 0x61, 0x7F, 0x9D, 0x61,
    0xC4, 0x87, 0x7B, 0x3D, 0x06, 0x12, 0xA7, 0x9A, 0x8E, 0x15, 0xFD, 0x81, 0xC5, 0xBB, 0x4F, 0x97,
    0x3D, 0xCB, 0x3C, 0x95, 0x8A, 0x9B, 0xAA, 0x67, 0xA3, 0x18, 0x13, 0xFD, 0xE3, 0xDE, 0xF0, 0x11,
    0xD1, 0x72, 0x67, 0x74, 0xA5, 0x58, 0x53, 0x3C, 0x13, 0xCF, 0x76, 0x0D, 0xEC, 0x11, 0xD7, 0x23,
    0xBB, 0xBF, 0x95, 0xDF, 0xC1, 0x17, 0xF5, 0x31, 0xB4, 0x7E, 0xD5, 0x01, 0xED, 0x57, 0x47, 0xC0,
    0x26, 0x1D, 0x47, 0x44, 0xBD, 0xA3, 0xDE, 0x41, 0x17, 0x93, 0xC0, 0x27, 0x1C, 0x02, 0x79, 0xF2,
    0xAE, 0xE0, 0xB8, 0x07, 0x87, 0x60, 0x08, 0xB5, 0x44, 0x34, 0xFB, 0xD3, 0x1F, 0xA0, 0xF2, 0x92,
    0x3F, 0x96, 0x73, 0x84, 0x03, 0xDF, 0x28, 0x88, 0xC9, 0x9F, 0x2C, 0xE7, 0x1F, 0x88, 0xF2, 0xCE,
    0x76, 0xBE, 0x54, 0x1E, 0xB2, 0xAE, 0x33, 0x11, 0x67, 0xC2, 0x67, 0x3C, 0x3D, 0x6E, 0x06, 0x46,
    0x01, 0x2B, 0xD2, 0xFD, 0x9F, 0xF5, 0x1C, 0xE9, 0xB1, 0xBB, 0xF2, 0xC3, 0xBE, 0x3C, 0xDA, 0x3E,
    0x12, 0x82, 0xDA, 0x8D, 0x86, 0x99, 0x32, 0x4F, 0x88, 0xD7, 0x73, 0xA9, 0x64, 0x45, 0x94, 0x78,
    0xBE, 0x15, 0x18, 0x8A, 0x51, 0xE9, 0xE4, 0x94, 0x6B, 0xD2, 0xEC, 0x8E, 0xB3, 0x05, 0x1A, 0x8B,
    0x95, 0x07, 0x8F, 0x33, 0x4F, 0x63, 0x64, 0x33, 0xC5, 0xCA, 0x49, 0x17, 0x8B, 0xC2, 0x5A, 0x8B,
    0x3C, 0x50, 0x35, 0xBC, 0xC7, 0x1B, 0xEE, 0x5D, 0x4C, 0x2F, 0x95, 0x6C, 0x43, 0x12, 0x7E, 0x4F,
    0x49, 0xF7, 0x94, 0x2E, 0xA4, 0xCC, 0xF3, 0x52, 0x33, 0x6F, 0xE4, 0x98, 0xFF, 0x96, 0x6A, 0xD5,
    0x68, 0x1B, 0x6E, 0x29, 0x2B, 0x25, 0xE7, 0x60, 0x6B, 0x9B, 0x67, 0x91, 0x88, 0x7B, 0xA8, 0xBA,
    0x98, 0x60, 0x7E, 0x28, 0x23, 0x52, 0x54, 0x0D, 0x4E, 0x1B, 0x0F, 0x15, 0xAD, 0x1B, 0x24, 0x6B,
    0xB5, 0x84, 0x37, 0x9B, 0x52, 0xBF, 0x41, 0xB6, 0x83, 0x79, 0x83, 0x7C, 0x83, 0xB9, 0x98, 0xF4,
    0xB4, 0xB1, 0xCA, 0xCB, 0x3C, 0x3F, 0x42, 0xE5, 0x8C, 0x26, 0xFC, 0xE5, 0x08, 0xBB, 0x41, 0x2A,
    0x43, 0xE9, 0x8A, 0x9F, 0xF4, 0x46, 0xE4, 0x85, 0xB7, 0x0A, 0x59, 0xB4, 0x02, 0x3F, 0xD6, 0x2B,
    0x9E, 0x8E, 0x07, 0x6C, 0x2F, 0x50, 0x4B, 0xFA, 0x18, 0x2A, 0x5F, 0xDD, 0x37, 0x11, 0x71, 0x48,
    0xB5, 0xC7, 0x76, 0xA5, 0x7A, 0xE7, 0x09, 0x60, 0x80, 0x87, 0x80, 0x01, 0x9E, 0x03, 0x8E, 0x2F,
    0x48, 0xC4, 0x3C, 0x1A, 0x78, 0xF1, 0xE3, 0x66, 0x05, 0xB6, 0x09, 0x0E, 0x98, 0xB3, 0x0D, 0xD6,
    0xFB, 0x23, 0xD0, 0xF2, 0xFC, 0xE2, 0xCA, 0x4A, 0xEC, 0xD5, 0xD9, 0x23, 0x16, 0x16, 0xB2, 0xE0,
    0x1D, 0xE6, 0x1F, 0x1D, 0xA9, 0x21, 0x95, 0x09, 0xC9, 0x7C, 0x35, 0x50, 0xB0, 0x4E, 0xBA, 0x7E,
    0x6C, 0xCC, 0x42, 0x51, 0x4A, 0x1E, 0xDC, 0x28, 0x7A, 0xE0, 0xA5, 0x7C, 0x83, 0x87, 0xEC, 0x19,
    0xFD, 0x4E, 0x58, 0xE4, 0xBC, 0x42, 0xDB, 0x24, 0xCD, 0x2D, 0xA5, 0x6C, 0xBA, 0x4B, 0x72, 0x56,
    0xA9, 0x18, 0x7D, 0xB0, 0xD4, 0xAC, 0x54, 0xA9, 0x6D, 0x62, 0x21, 0x1D, 0xCF, 0xA4, 0xDD, 0xC7,
    0x6C, 0xE6, 0xDC, 0x60, 0x29, 0xBD, 0x9F, 0x29, 0x70, 0x10, 0x37, 0xD4, 0xD3, 0xDF, 0x08, 0xF5,
    0xF4, 0x06, 0xF8, 0xE6, 0xD9, 0xD5, 0x98, 0xE8, 0xFA, 0xEB, 0x78, 0xBD, 0x78, 0x28, 0xC8, 0xF4,
    0xA4, 0x8A, 0x88, 0x7A, 0x47, 0x3F, 0x26, 0x55, 0x42, 0x32, 0x81, 0xF0, 0xFC, 0x47, 0xAD, 0xE9,
    0x25, 0x3E, 0x51, 0x9B, 0x2E, 0x0E, 0xB1, 0x26, 0xFC, 0x08, 0x71, 0x9E, 0x52, 0x96, 0x7B, 0x0A,
    0x91, 0x62, 0x0A, 0xC8, 0x56, 0x2F, 0xB1, 0xB7, 0xDF, 0x31, 0xCD, 0x7D, 0x3C, 0xEF, 0x64, 0x86,
    0xC2, 0xED, 0x2B, 0xAE, 0xC3, 0x69, 0x16, 0xD0, 0x68, 0xFA, 0xD6, 0xCA, 0xA4, 0x5A, 0x15, 0x19,
    0xD4, 0xCE, 0xF5, 0x00, 0x11, 0x3D, 0xFE, 0x06, 0x3B, 0xE0, 0xCE, 0x4C, 0x9D, 0xCB, 0xA8, 0x86,
    0x4D, 0x3D, 0x2B, 0x70, 0x86, 0x7B, 0x21, 0x99, 0x38, 0x94, 0xBD, 0xF6, 0x72, 0xBD, 0xA8, 0x43,
    0xB2, 0xC0, 0xFC, 0x64, 0xEB, 0x51, 0xFB, 0xE6, 0x9F, 0x1C, 0x2C, 0xD3, 0xDB, 0xEA, 0x3B, 0x0E,
    0x0B, 0x7B, 0x75, 0x3E, 0xB1, 0xD6, 0x2F, 0x78, 0x94, 0x4F, 0xD9, 0xCC, 0xDE, 0xA6, 0x48, 0x1A,
    0x49, 0x92, 0xAD, 0xC7, 0x34, 0x51, 0xB2, 0x29, 0xF3, 0xB4, 0x98, 0xCD, 0x5D, 0xE6, 0x4B, 0xF6,
    0xCC, 0x90, 0xFA, 0x5A, 0x85, 0x6B, 0x4D, 0xBF, 0xF5, 0xA0, 0xBD, 0xAA, 0x4B, 0xFC, 0x23, 0x2A,
    0xA0, 0x05, 0x16, 0x1F, 0x6D, 0x26, 0x33, 0x7B, 0x3A, 0x68, 0xC7, 0xDE, 0xBC, 0xEF, 0x6D, 0x28,
    0x43, 0xEC, 0xD9, 0x3E, 0x1E, 0x7F, 0xB4, 0x1D, 0x9E, 0xD0, 0x52, 0x1F, 0xB8, 0x58, 0x03, 0xD7,
    0xD2, 0x91, 0xA5, 0x1A, 0x94, 0xB2, 0x39, 0x0F, 0x8B, 0x7B, 0x9F, 0x04, 0xAF, 0x03, 0x6E, 0xE1,
    0x89, 0xCD, 0x6A, 0xB9, 0x36, 0x13, 0x27, 0x23, 0x6A, 0xB7, 0xF1, 0x7D, 0x75, 0xE0, 0x54, 0x3A,
    0xE3, 0x20, 0x5B, 0x17, 0x81, 0x17, 0x14, 0x2E, 0xFD, 0xA5, 0x83, 0xDF, 0x38, 0xFB, 0x99, 0x4B,
    0x67, 0xE4, 0x2E, 0xFF, 0xE9, 0x94, 0xB9, 0x8D, 0xCD, 0x9B, 0x53, 0x3E, 0x22, 0x9B, 0xCA, 0x37,
    0x67, 0xD3, 0x6F, 0x5C, 0x7D, 0x75, 0x2E, 0x95, 0xEB, 0x74, 0xAE, 0x1B, 0x64, 0xF3, 0x23, 0xAA,
    0x26, 0x9D, 0x7D, 0xE2, 0xDF, 0xD8, 0xF8, 0xF1, 0x9C, 0x78, 0xBF, 0xB1, 0xFE, 0x55, 0x6E, 0x18,
    0xF2, 0x06, 0xD4, 0x81, 0x8C, 0xCA, 0x7D, 0x2C, 0x97, 0x93, 0x8F, 0x8F, 0xE3, 0xC4, 0x39, 0x54,
    0x50, 0xE4, 0x3A, 0x5C, 0xF0, 0x35, 0x3E, 0x02, 0xA8, 0x11, 0xD3, 0x1E, 0xBF, 0x7F, 0xD1, 0x8F,
    0x9E, 0x6E, 0xC5, 0x65, 0x22, 0x56, 0x5C, 0x2E, 0x6B, 0xA1, 0x93, 0x75, 0xE0, 0x5C, 0x6D, 0xF4,
    0xAF, 0xA8, 0x55, 0xA0, 0x57, 0x59, 0x64, 0x93, 0xCE, 0xE3, 0x82, 0x81, 0xA0, 0xE4, 0x81, 0x0A,
    0x35, 0xAB, 0x19, 0xD5, 0x90, 0xE6, 0xBF, 0x58, 0x4C, 0xF8, 0xD9, 0x14, 0x16, 0x6D, 0x62, 0xAF,
    0x56, 0xA0, 0x5B, 0x27, 0x72, 0xF9, 0x31, 0x33, 0xF3, 0x27, 0x18, 0x16, 0x8E, 0x35, 0x54, 0x6A,
    0x46, 0xE2, 0x91, 0xD3, 0xD7, 0x1D, 0x49, 0x82, 0xF9, 0x82, 0x5B, 0x94, 0x3F, 0xF5, 0x21, 0x97,
    0xB7, 0xA1, 0x9C, 0x5F, 0x29, 0xDD, 0xC2, 0x53, 0xEF, 0x61, 0xC7, 0x56, 0xE8, 0x53, 0x76, 0xA3,
    0xCD, 0x8A, 0x15, 0x03, 0x60, 0x7C, 0x55, 0x52, 0xA5, 0xE2, 0x99, 0x75, 0x0E, 0xA7, 0x0D, 0x63,
    0x93, 0x40, 0x9E, 0x3E, 0x15, 0xC6, 0xBA, 0x84, 0xE0, 0xB4, 0x16, 0x24, 0x09, 0x31, 0xCA, 0x56,
    0xA4, 0xB6, 0xDE, 0xB9, 0x5B, 0x20, 0x4F, 0xAA, 0x02, 0x95, 0x8E, 0x64, 0x02, 0x95, 0x3D, 0xA9,
    0x0E, 0x64, 0x8F, 0xDE, 0x97, 0xB9, 0xF8, 0xFB, 0xD5, 0xCE, 0xF1, 0xA5, 0x21, 0x4D, 0xD1, 0xD0,
    0x74, 0xD8, 0x55, 0xFD, 0x3C, 0x91, 0x6C, 0x8F, 0xF0, 0xE9, 0x0C, 0xB6, 0x6B, 0x65, 0xE3, 0xCF,
    0x2A, 0x84, 0x91, 0x97, 0x5E, 0x51, 0xB4, 0x5F, 0x48, 0xB3, 0x3F, 0xF3, 0x7C, 0x76, 0xF4, 0xFF,
    0x23, 0x39, 0xBF, 0x87, 0x56, 0xB8, 0xB7, 0xB9, 0xC7, 0x09, 0x2A, 0xD1, 0xA8, 0x28, 0x1D, 0x26,
    0xA4, 0xA2, 0x31, 0x37, 0xF7, 0x07, 0x4D, 0x86, 0xC8, 0x2A, 0xDD, 0xBE, 0xBC, 0x57, 0x78, 0xC5,
    0x2A, 0xEE, 0xEA, 0x86, 0x09, 0x15, 0xFF, 0xD1, 0xCC, 0x31, 0xDE, 0x30, 0xE2, 0x04, 0x11, 0x3F,
    0x03, 0x8D, 0xAE, 0x35, 0xFF, 0xF1, 0xAE, 0xDE, 0x0D, 0xAF, 0xF0, 0xE6, 0x0B, 0x36, 0x10, 0x1F,
    0x90, 0x9A, 0x88, 0x67, 0x03, 0xF9, 0x4B, 0x90, 0x0D, 0x72, 0xE1, 0x21, 0xD7, 0xE8, 0xCB, 0xCF,
    0xE0, 0xA4, 0xA9, 0x2C, 0x0A, 0x93, 0x82, 0xC3, 0x84, 0x6A, 0x48, 0x1C, 0x6C, 0x97, 0xBC, 0x4E,
    0xC5, 0x52, 0x16, 0xE3, 0xA2, 0xD3, 0x88, 0xEA, 0x71, 0x8D, 0xEF, 0x50, 0x95, 0x87, 0xEF, 0x61,
    0xBA, 0x6C, 0xD9, 0xC0, 0x4C, 0xA8, 0x58, 0xE3, 0x40, 0xBD, 0x07, 0x00, 0x9F, 0xBE, 0x90, 0x61,
    0x4B, 0x4F, 0x64, 0xDF, 0x06, 0xBF, 0xBA, 0x4E, 0x6A, 0x4E, 0x5E, 0xDF, 0xBF, 0xCF, 0xE4, 0x23,
    0x70, 0x79, 0x4D, 0x9A, 0xAB, 0x51, 0xEE, 0x6D, 0xA4, 0xD0, 0xC1, 0x96, 0x2C, 0xD8, 0xF0, 0x7D,
    0xA2, 0x5F, 0xFA, 0x18, 0xB0, 0xA2, 0xA2, 0x3F, 0x7F, 0xAD, 0x3C, 0x19, 0x5C, 0x32, 0xBE, 0x84,
    0x6C, 0x4A, 0x3D, 0x92, 0x55, 0x55, 0xC4, 0x2A, 0x72, 0xB5, 0xC6, 0xAD, 0xFE, 0xF4, 0xB5, 0xAB,
    0x50, 0x36, 0xF5, 0x87, 0x78, 0x44, 0x05, 0x35, 0x0B, 0xD5, 0xF2, 0x8B, 0x85, 0xE2, 0x3D, 0x64,
    0xCC, 0x09, 0x78, 0xEB, 0x52, 0x05, 0xCE, 0x9D, 0x54, 0xE0, 0x46, 0xC5, 0x32, 0xE0, 0xA0, 0x18,
    0x62, 0x79, 0x7D, 0x8A, 0x5D, 0x58, 0x6F, 0xE2, 0x74, 0x79, 0xBF, 0x35, 0xD5, 0x59, 0x31, 0x3F,
    0x19, 0x0E, 0xCD, 0x5A, 0x85, 0x65, 0x7B, 0x8D, 0xD1, 0x3E, 0xB6, 0xFF, 0x06, 0x6C, 0x96, 0x21,
    0xAC, 0xE4, 0x46, 0x12, 0x86, 0x7F, 0xDB, 0xDA, 0xB3, 0x74, 0x0D, 0x7C, 0x60, 0x17, 0x3D, 0xE0,
    0xA3, 0x87, 0x4C, 0x0F, 0x9D, 0x5B, 0xC7, 0xC1, 0x03, 0xB7, 0xF8, 0x02, 0x02, 0xC2, 0xC2, 0x91,
    0xCD, 0xD1, 0x72, 0xB4, 0x78, 0x03, 0xC2, 0x41, 0xB6, 0x9D, 0x84, 0x4B, 0x96, 0x02, 0x03, 0x62,
    0xF0, 0x78, 0x0C, 0x1C, 0xA5, 0x37, 0xF2, 0xB8, 0xD2, 0xBF, 0xAA, 0xAB, 0xF3, 0x76, 0x76, 0x4B,
    0x33, 0x55, 0x7F, 0xF7, 0x8C, 0xDD, 0xDD, 0x5F, 0x55, 0x59, 0x06, 0x0D, 0x5F, 0x80, 0xD6, 0x1C,
    0x9F, 0x0B, 0x3B, 0x50, 0xBD, 0x7B, 0xD3, 0xA7, 0x30, 0x89, 0xC8, 0x82, 0x26, 0xF9, 0x1B, 0xD0,
    0xCB, 0x3B, 0xE1, 0xDC, 0x81, 0x21, 0x02, 0xB2, 0xC0, 0x9D, 0x68, 0x04, 0x68, 0x6E, 0x68, 0x4F,
    0xA0, 0xBE, 0xD0, 0x45, 0xA0, 0x12, 0xF0, 0xCA, 0x14, 0x86, 0x0D, 0x80, 0x60, 0x5C, 0x35, 0x2C,
    0x9C, 0xC4, 0xB4, 0xF0, 0x9F, 0x08, 0xB3, 0x05, 0x5E, 0x2E, 0x3E, 0x85, 0x93, 0x81, 0xF7, 0xE4,
    0x64, 0x77, 0x30, 0x60, 0xD8, 0x79, 0x01, 0x6F, 0xC1, 0xBB, 0xC8, 0xC2, 0x09, 0x2E, 0xD9, 0xDD,
    0x30, 0x9C, 0x40, 0x2B, 0x22, 0x5C, 0x2B, 0x85, 0x19, 0xC0, 0x20, 0x11, 0xB4, 0xD7, 0xF8, 0xC8,
    0xBA, 0xE5, 0xDE, 0xF7, 0xC9, 0xBF, 0xC0, 0x34, 0x83, 0x37, 0x00, 0x46, 0x91, 0x03, 0x90, 0x3F,
    0x78, 0xD4, 0x8B, 0xDB, 0x76, 0x11, 0xDD, 0xCE, 0x8F, 0x3B, 0xC0, 0xE1, 0xC1, 0xDD, 0xB7, 0x31,
    0xFB, 0x69, 0xE6, 0x4C, 0xF0, 0xEA, 0xF9, 0xB7, 0xE2, 0x87, 0x8D, 0xBF, 0x8E, 0x0B, 0x3F, 0x92,
    0xC4, 0xC6, 0xCD, 0xF6, 0xD7, 0xB7, 0x27, 0xE0, 0x6C, 0xAB, 0x1E, 0x69, 0xF1, 0x47, 0x98, 0xBD,
    0x04, 0xAD, 0x3A, 0x75, 0xF4, 0x51, 0xA8, 0x4F, 0x54, 0x8F, 0xC0, 0xC3, 0x11, 0x64, 0x87, 0xC8,
    0xC6, 0x20, 0x17, 0xDC, 0x05, 0xF4, 0x07, 0x81, 0xC1, 0x25, 0x1C, 0x11, 0x5C, 0xBC, 0xD5, 0xE0,
    0x0E, 0x0D, 0x3B, 0xD0, 0x6F, 0x54, 0x16, 0x86, 0x15, 0x0C, 0xE3, 0xC2, 0x09, 0x86, 0x61, 0xD5,
    0x40, 0xBC, 0x33, 0x55, 0xDE, 0x39, 0x8F, 0xC1, 0x20, 0x9C, 0xB8, 0x0B, 0xF5, 0x8D, 0x81, 0x2B,
    0xF3, 0x2F, 0xCC, 0xF6, 0xB8, 0x63, 0xE2, 0x22, 0xAC, 0x13, 0x64, 0x9C, 0x00, 0x79, 0xF2, 0x50,
    0x77, 0x89, 0xC0, 0x77, 0xA0, 0xBD, 0x7F, 0xE6, 0x2F, 0x3D, 0xFC, 0x98, 0xA2, 0x1C, 0xC9, 0x57,
    0xB2, 0x0E, 0x37, 0x54, 0x37, 0xAE, 0x51, 0x9F, 0xF4, 0x7F, 0x7D, 0x22, 0x7D, 0x1B, 0x29, 0xDC,
    0x41, 0xE1, 0x76, 0x0A, 0xCD, 0x54, 0xF9, 0x0C, 0xC9, 0x6F, 0x89, 0x3C, 0xCF, 0x19, 0xE8, 0x6B,
    0x59, 0xD1, 0xEF, 0xEE, 0x97, 0x05, 0x9D, 0xC8, 0xFF, 0x9F, 0xE0, 0xE4, 0x36, 0x08, 0x6A, 0xD9,
    0xB8, 0xE8, 0x2B, 0x3C, 0xB3, 0x1A, 0xF8, 0xE7, 0xB3, 0xAA, 0xA9, 0x0F, 0x98, 0xB9, 0x48, 0x6A,
    0xF6, 0x37, 0x56, 0x5B, 0xB1, 0x70, 0x43, 0x31, 0x2E, 0x8E, 0x62, 0x7F, 0x9F, 0x71, 0x6F, 0xAF,
    0x5E, 0x7B, 0x62, 0x49, 0x46, 0x48, 0x72, 0x79, 0xEE, 0x89, 0xCC, 0xE8, 0x77, 0x1B, 0x3C, 0x5C,
    0xDF, 0xC8, 0x69, 0x03, 0x9E, 0xF3, 0x42, 0x3F, 0xB3, 0xC7, 0x78, 0x5C, 0x36, 0x16, 0xC0, 0x16,
    0x63, 0x92, 0x65, 0x1E, 0x01, 0xF6, 0x06, 0x93, 0x3B, 0x2D, 0x2F, 0x39, 0x03, 0xCB, 0x34, 0xAB,
    0xB9, 0x0C, 0xD8, 0x59, 0xB0, 0xE4, 0xEB, 0x46, 0xB5, 0x04, 0x78, 0x1D, 0x07, 0x8B, 0x0E, 0xC4,
    0x83, 0x82, 0x5F, 0xBD, 0xDE, 0xFE, 0xD2, 0x45, 0x1B, 0x84, 0x99, 0x79, 0x47, 0xAE, 0x0C, 0x8F,
    0xB0, 0xE4, 0x41, 0x25, 0xFC, 0xD0, 0x82, 0xE7, 0xC5, 0xAD, 0xB2, 0xE1, 0x29, 0x4E, 0x5E, 0xAF,
    0x03, 0xAA, 0x71, 0x43, 0xFD, 0x86, 0x03, 0xDE, 0x49, 0x16, 0xB4, 0x2B, 0x6B, 0x21, 0xA9, 0x5A,
    0x00, 0xB7, 0xA0, 0xBA, 0xE0, 0xC4, 0xBB, 0x93, 0x79, 0xC0, 0x83, 0x88, 0xF1, 0x58, 0x10, 0x44,
    0x98, 0x50, 0x0E, 0x66, 0x62, 0xFB, 0x00, 0x1D, 0x78, 0x7C, 0xCE, 0xFE, 0x0D, 0x57, 0x74, 0xC0,
    0xE8, 0x4D, 0x8F, 0x3F, 0xDC, 0x2C, 0x1D, 0xE8, 0xE4, 0xB0, 0x6C, 0xA0, 0x91, 0xC5, 0x92, 0x91,
    0x22, 0x2C, 0x17, 0xC0, 0x57, 0xB0, 0x54, 0xD0, 0x2C, 0x13, 0x34, 0x4B, 0x04, 0x95, 0xE5, 0x81,
    0x7B, 0x35, 0xF2, 0xFD, 0x33, 0x3D, 0x50, 0xE7, 0x24, 0x8C, 0x2C, 0xE7, 0x9C, 0x83, 0xFF, 0xF0,
    0xF7, 0x9C, 0x82, 0x7F, 0x31, 0x9F, 0x96, 0x01, 0x82, 0xB4, 0x04, 0xD4, 0x57, 0xE1, 0x4F, 0x9E,
    0x05, 0x7F, 0xBF, 0x17, 0xFA, 0xFC, 0xD9, 0xE0, 0x43, 0x0A, 0x7B, 0x3E, 0x63, 0x0B, 0x7A, 0x17,
    0x01, 0x23, 0x3F, 0x6C, 0xD8, 0x33, 0x78, 0x4C, 0x4B, 0xBD, 0x67, 0xEE, 0x10, 0x34, 0x7B, 0xC6,
    0xDE, 0x10, 0x46, 0xA6, 0xCE, 0xFE, 0xDE, 0x32, 0x74, 0x47, 0x8D, 0x7B, 0xAB, 0x96, 0x84, 0x9C,
    0x19, 0xF1, 0xCD, 0x51, 0x73, 0x8F, 0x83, 0xA0, 0xBA, 0x78, 0x38, 0x38, 0x01, 0x26, 0xC5, 0x94,
    0xD4, 0x70, 0x95, 0x6A, 0x38, 0xEC, 0x49, 0xC0, 0x8A, 0x00, 0x9B, 0x3F, 0x5B, 0x6D, 0xEA, 0xC5,
    0x7F, 0xCF, 0xD2, 0x7A, 0x27, 0xF7, 0x12, 0xD1, 0x53, 0x09, 0x55, 0xB8, 0x24, 0x52, 0xED, 0x95,
    0xCC, 0x2E, 0x22, 0x26, 0xA4, 0x09, 0xAC, 0x3B, 0xAA, 0x3D, 0x81, 0xEA, 0x0E, 0xB8, 0xBD, 0x7A,
    0x5B, 0x49, 0x7E, 0x0E, 0x92, 0xF9, 0xB8, 0x50, 0xF1, 0x4B, 0xB5, 0x11, 0x1A, 0xF1, 0x31, 0x2B,
    0x2C, 0x66, 0xCF, 0x9C, 0x90, 0x75, 0xE0, 0x2F, 0xC4, 0x05, 0x21, 0x7F, 0x72, 0xA6, 0x92, 0x25,
    0x27, 0xA6, 0x4E, 0x4A, 0xE0, 0xE6, 0x30, 0xB7, 0x32, 0x27, 0xC2, 0xDD, 0x3C, 0xAE, 0xC3, 0xE4,
    0x13, 0xE2, 0xDE, 0x8F, 0x72, 0x8D, 0x4F, 0xCC, 0xB6, 0xEF, 0x24, 0x4E, 0xE7, 0x98, 0x54, 0xA2,
    0xB7, 0x04, 0x55, 0xF8, 0xDF, 0x33, 0x62, 0x8F, 0x3C, 0xA0, 0x87, 0xC8, 0x81, 0x5A, 0xF1, 0xEE,
    0x14, 0x2B, 0x1E, 0x6E, 0xE4, 0xF7, 0x81, 0x75, 0x97, 0x0B, 0xCB, 0x1D, 0x26, 0xF6, 0x2C, 0xF8,
    0xE5, 0xCE, 0x55, 0x0C, 0xAB, 0x89, 0x45, 0x67, 0xB5, 0xD7, 0xD7, 0x7B, 0xC1, 0x2F, 0x8F, 0x5C,
    0xCA, 0xC5, 0x84, 0xCE, 0x42, 0x50, 0x04, 0x67, 0xB3, 0x90, 0x9C, 0x26, 0x8A, 0x58, 0x99, 0x60,
    0x92, 0x70, 0xA1, 0x3A, 0x58, 0xCD, 0x69, 0xB6, 0xD9, 0x29, 0x58, 0x3B, 0x14, 0x08, 0x42, 0x41,
    0x86, 0x14, 0x3C, 0x89, 0xB5, 0x8C, 0x5A, 0x9F, 0xC5, 0xAB, 0xB0, 0xA8, 0x18, 0x65, 0xCE, 0xC2,
    0xB2, 0x3F, 0xBC, 0x81, 0x59, 0x5D, 0xBA, 0x4C, 0xC1, 0xF5, 0x07, 0xB9, 0xF1, 0x2E, 0x29, 0x12,
    0xC7, 0xA6, 0xD4, 0x2A, 0x0F, 0x5B, 0x8A, 0xCC, 0xCA, 0x8A, 0x86, 0x4F, 0x72, 0x09, 0xE4, 0xF8,
    0xB7, 0x14, 0x89, 0x8B, 0x87, 0x1E, 0x56, 0x46, 0xAF, 0x31, 0x78, 0x25, 0x23, 0xB8, 0x8F, 0xCA,
    0xE7, 0xD2, 0x48, 0x18, 0xC4, 0x44, 0x16, 0x82, 0x14, 0x4F, 0x65, 0xD3, 0x94, 0x98, 0x11, 0x45,
    0x25, 0xD4, 0x46, 0x05, 0xC4, 0x17, 0x08, 0x61, 0xDC, 0x15, 0x0F, 0xF7, 0x42, 0xBB, 0x8F, 0xFD,
    0x96, 0x49, 0x18, 0xA3, 0x1C, 0xC5, 0x83, 0x16, 0x24, 0x0F, 0xCF, 0x1C, 0x57, 0xD0, 0xF4, 0x7C,
    0x5F, 0x76, 0x32, 0xD7, 0x97, 0x93, 0xB9, 0x11, 0x04, 0xDF, 0x5C, 0x08, 0xDC, 0x9E, 0x00, 0x8F,
    0x96, 0x50, 0xDD, 0x3F, 0x37, 0x2F, 0xB1, 0x3E, 0x2B, 0x61, 0x26, 0x03, 0x93, 0xD7, 0xA9, 0x6B,
    0x23, 0xDD, 0x81, 0x7E, 0x73, 0x7B, 0xC2, 0xD2, 0x25, 0xB7, 0xB0, 0x79, 0xB2, 0xDB, 0x92, 0xEB,
    0x93, 0x9B, 0x13, 0xB1, 0xC9, 0x0F, 0x0B, 0x82, 0x1F, 0xD9, 0x18, 0xEA, 0x9E, 0x20, 0x98, 0x6E,
    0xB8, 0x10, 0xCE, 0xBC, 0x8A, 0xF2, 0x61, 0x27, 0xD2, 0x45, 0x4B, 0x11, 0x0B, 0xA1, 0x17, 0x56,
    0xA9, 0xF8, 0xE4, 0xA2, 0xBD, 0x1B, 0x55, 0x9E, 0x99, 0x16, 0xE1, 0x31, 0x37, 0x11, 0x92, 0xF2,
    0x49, 0xAE, 0x94, 0x0F, 0xB2, 0xC0, 0x7D, 0xC0, 0xC3, 0x05, 0x36, 0x57, 0x02, 0xAB, 0x2F, 0x45,
    0xB2, 0x51, 0xB2, 0x00, 0xDC, 0xAF, 0x29, 0xE6, 0xB7, 0xA2, 0x9F, 0xF5, 0x85, 0x81, 0x69, 0xFF,
    0xE9, 0x84, 0xDB, 0xB4, 0x02, 0x7E, 0xBC, 0xA1, 0x5B, 0x41, 0xD9, 0x7F, 0x2F, 0xE8, 0x96, 0xFC,
    0x20, 0xA6, 0x04, 0xB1, 0x0F, 0xA9, 0xBD, 0x7B, 0x95, 0xE3, 0x3C, 0x2E, 0x43, 0x7E, 0x71, 0xF2,
    0xA9, 0xD5, 0x67, 0xED, 0x25, 0xF4, 0xFB, 0xE8, 0x41, 0x39, 0xA1, 0x2B, 0x12, 0x2E, 0x8E, 0xBC,
    0x84, 0x2F, 0x3A, 0xCD, 0x39, 0x69, 0x9D, 0x5C, 0xA8, 0xAF, 0x49, 0x4B, 0x85, 0x95, 0xF2, 0x5E,
    0xAB, 0xE5, 0x4C, 0xE1, 0x32, 0x49, 0x58, 0x94, 0x55, 0x92, 0xE3, 0x49, 0x99, 0x8E, 0xE7, 0x31,
    0x9C, 0x4C, 0x12, 0x11, 0xA0, 0x3B, 0xB5, 0xCE, 0x64, 0x45, 0x17, 0x89, 0xD2, 0xAC, 0x29, 0x12,
    0x2E, 0x9A, 0x7A, 0x31, 0xED, 0x26, 0x49, 0x37, 0xDB, 0x20, 0x28, 0xB3, 0x4F, 0xA6, 0x08, 0xBB,
    0xB4, 0x9A, 0x3B, 0x0C, 0x7F, 0x17, 0x8D, 0x3E, 0x95, 0xC2, 0xEF, 0x0A, 0xFB, 0xCA, 0x1B, 0x7A,
    0x14, 0xF2, 0x28, 0xE0, 0x61, 0xDC, 0x1B, 0x59, 0x33, 0x76, 0xF6, 0x9E, 0x52, 0xAF, 0x93, 0x52,
    0xE8, 0xFA, 0x22, 0x6A, 0x4A, 0x91, 0x13, 0x58, 0x26, 0x1E, 0xBC, 0x01, 0x0F, 0x85, 0xB7, 0x14,
    0xDC, 0x52, 0x68, 0x4B, 0x81, 0x7D, 0x19, 0xEB, 0xEA, 0x96, 0x51, 0x93, 0x99, 0x92, 0x26, 0x27,
    0x05, 0x4D, 0xA5, 0x9C, 0xA9, 0x32, 0xE6, 0x26, 0x1A, 0xE5, 0x36, 0x1A, 0x64, 0xC2, 0xB8, 0x7B,
    0x6E, 0xA1, 0xFB, 0x9C, 0xDA, 0x0A, 0xE0, 0x82, 0x3A, 0xCC, 0x59, 0x4C, 0x85, 0xB9, 0x9C, 0x45,
    0xAD, 0x30, 0x7B, 0xAB, 0xA1, 0x3D, 0x35, 0xBA, 0x1C, 0xBB, 0x1C, 0x5B, 0xDB, 0x82, 0xC7, 0xA7,
    0xF6, 0x0F, 0xBA, 0x70, 0x3A, 0xF1, 0x8D, 0xEC, 0x12, 0x27, 0x59, 0x1B, 0xD9, 0xBE, 0xFE, 0x4D,
    0x64, 0xAF, 0xC2, 0xDA, 0xFE, 0xBE, 0xF5, 0xEC, 0xDB, 0xF4, 0x2B, 0x1B, 0x76, 0x71, 0x17, 0xB4,
    0x71, 0xCF, 0x1C, 0x0F, 0x30, 0xCE, 0xDD, 0xCE, 0x38, 0xCD, 0xFD, 0xC6, 0x73, 0x04, 0x3F, 0xAC,
    0xE8, 0x57, 0x04, 0xB0, 0xE4, 0x73, 0x3F, 0x8F, 0x9F, 0xC4, 0xEA, 0xD2, 0x3C, 0x25, 0xCE, 0x93,
    0x4F, 0xB2, 0x3E, 0x99, 0xA3, 0xF0, 0xF4, 0x67, 0xBB, 0x56, 0x00, 0xA9, 0xC9, 0x75, 0x85, 0xCF,
    0xCC, 0x6D, 0x76, 0xE2, 0x8D, 0x76, 0x82, 0x2C, 0x49, 0x36, 0x4C, 0x50, 0xB5, 0xA4, 0xD9, 0x29,
    0x8A, 0x16, 0x7D, 0x33, 0xE9, 0x82, 0x02, 0x8B, 0x2D, 0x14, 0x14, 0xB0, 0x4D, 0xB1, 0x05, 0x2C,
    0xDE, 0x7B, 0x73, 0xDB, 0x02, 0xA0, 0xA1, 0x02, 0xA0, 0xC5, 0xA2, 0x36, 0x68, 0x01, 0xC1, 0xDB,
    0xBD, 0x37, 0x5B, 0x14, 0x85, 0xD1, 0x02, 0xA0, 0xA3, 0xD5, 0x96, 0x57, 0xF4, 0x56, 0xA7, 0x32,
    0xDB, 0x9D, 0x7F, 0x4E, 0xDF, 0xF9, 0xCE, 0xCC, 0xF5, 0xFF, 0xDE, 0x6B, 0x03, 0xC9, 0x3E, 0xFB,
    0x9A, 0x2B, 0xFF, 0x77, 0xC7, 0x93, 0xFF, 0xDF, 0x7B, 0xCF, 0xBD, 0xE7, 0x9C, 0xEF, 0x7C, 0x67,
    0x0C, 0x42, 0x8C, 0x9B, 0x74, 0x66, 0x99, 0x31, 0xCC, 0xB8, 0xBB, 0x9D, 0xFC, 0xFC, 0x48, 0x07,
    0x4A, 0x8A, 0x64, 0xD0, 0x60, 0x6E, 0x67, 0xD2, 0xB9, 0x27, 0x8D, 0x0B, 0xA9, 0x4C, 0x47, 0x54,
    0x7A, 0x44, 0x43, 0x07, 0x1A, 0xF7, 0x14, 0xFF, 0x86, 0x01, 0x2B, 0x89, 0x84, 0xEC, 0x7B, 0xB4,
    0x3D, 0x6E, 0x03, 0xCD, 0x8C, 0x29, 0x63, 0x4C, 0x05, 0x6F, 0xBB, 0x44, 0xDD, 0x36, 0x30, 0x66,
    0x8D, 0xAF, 0x6F, 0x6A, 0x8F, 0x70, 0x85, 0xE3, 0x34, 0x03, 0xA6, 0x3C, 0x94, 0x9D, 0x7C, 0xAD,
    0x2B, 0x7A, 0x1C, 0x34, 0xA6, 0xBA, 0xC1, 0x0E, 0x1C, 0x61, 0xDA, 0x60, 0x5F, 0xA9, 0xB0, 0x10,
    0x02, 0x81, 0x1A, 0x95, 0x2F, 0x09, 0x9D, 0xD5, 0xA9, 0xF2, 0x5A, 0x45, 0x59, 0x50, 0x33, 0xA7,
    0x71, 0x71, 0x26, 0xF0, 0xAF, 0xB9, 0xA1, 0x6B, 0x6C, 0x6B, 0xB0, 0xAE, 0xD0, 0xB2, 0xA6, 0x36,
    0x8C, 0xD4, 0xD3, 0x0F, 0x28, 0x0B, 0xE9, 0x48, 0xE9, 0x46, 0x2C, 0xE5, 0xB8, 0x41, 0x9E, 0x54,
    0xFB, 0xC5, 0xEC, 0x88, 0x01, 0x52, 0x41, 0x29, 0xCF, 0x07, 0xE0, 0x4A, 0xA0, 0x49, 0x60, 0x48,
    0x20, 0x47, 0xE0, 0x45, 0xA0, 0x44, 0xB5, 0x5F, 0x01, 0x1C, 0x08, 0xF4, 0x07, 0xCC, 0x07, 0xA4,
    0x07, 0x7C, 0x07, 0x54, 0x07, 0x2C, 0x07, 0x04, 0x07, 0xDC, 0x06, 0xB4, 0x06, 0x8C, 0x46, 0x8D,
    0xFA, 0x06, 0xA5, 0xB2, 0xEF, 0xAA, 0x21, 0xF7, 0x43, 0xA1, 0x77, 0xBA, 0xE5, 0x8E, 0x28, 0x85,
    0x5D, 0x7F, 0xB1, 0xC3, 0x77, 0xB0, 0x21, 0x00, 0xB2, 0x75, 0x16, 0x93, 0x80, 0xF2, 0x9A, 0x5D,
    0x28, 0x7B, 0x65, 0x36, 0x91, 0xBF, 0xEC, 0x40, 0x6B, 0x01, 0xDB, 0x3C, 0x05, 0xB0, 0x9B, 0xDC,
    0xC4, 0xA0, 0x24, 0xE6, 0xA4, 0x68, 0xCC, 0xD7, 0xE9, 0xCB, 0x35, 0x4D, 0xC5, 0x6F, 0x86, 0x5C,
    0xBC, 0xA5, 0x91, 0x40, 0x71, 0x9F, 0xE2, 0x70, 0x93, 0x78, 0xE9, 0xDD, 0x91, 0xB2, 0x41, 0x56,
    0x96, 0xC7, 0x02, 0x13, 0x75, 0x65, 0xD5, 0xC9, 0x01, 0xAA, 0x23, 0x28, 0x79, 0x6C, 0x1B, 0x29,
    0x36, 0x19, 0xDF, 0xC2, 0x48, 0x25, 0xC1, 0x52, 0xE1, 0x4D, 0x10, 0x86, 0x2B, 0x2B, 0x37, 0x33,
    0x37, 0xD1, 0xF9, 0xEB, 0x5E, 0x70, 0xAF, 0x21, 0x1D, 0x10, 0x5C, 0x10, 0x23, 0x36, 0x7A, 0x61,
    0xBC, 0xAA, 0x2D, 0x10, 0x5B, 0x06, 0xD5, 0x5A, 0x54, 0x6A, 0x51, 0xA5, 0x45, 0x85, 0x16, 0xD5,
    0x59, 0x54, 0x66, 0xA9, 0x3B, 0x20, 0x44, 0x16, 0xD5, 0x58, 0x9C, 0x5D, 0xD1, 0x6C, 0x54, 0x60,
    0x51, 0x7D, 0x45, 0xE5, 0x15, 0x55, 0x57, 0x54, 0x5C, 0x51, 0x6D, 0x05, 0xD2, 0x8A, 0x2A, 0x2B,
    0x2A, 0xAC, 0xA8, 0xAE, 0x82, 0xB3, 0xDC, 0x55, 0x55, 0x8C, 0x5E, 0x43, 0x23, 0xD9, 0x07, 0xAC,
    0xF9, 0x7F, 0x5F, 0x43, 0xB8, 0xDA, 0x08, 0x99, 0xA5, 0x81, 0xCA, 0x62, 0x98, 0xAA, 0x90, 0x4B,
    0xF8, 0x81, 0x62, 0x51, 0xF5, 0x94, 0x8D, 0xB5, 0x5F, 0x41, 0xE4, 0x95, 0xD1, 0x89, 0xC6, 0x02,
    0x59, 0x65, 0x85, 0xAA, 0x87, 0x3E, 0x01, 0x61, 0x05, 0xBA, 0x0A, 0x64, 0x95, 0x7C, 0x59, 0x67,
    0x03, 0x4D, 0x65, 0xBD, 0x87, 0xCB, 0x4D, 0x24, 0xBD, 0x8B, 0x71, 0x07, 0xB8, 0x8F, 0x7A, 0x23,
    0xF5, 0x4E, 0xEE, 0xB2, 0xF0, 0xA4, 0x71, 0xEA, 0x6C, 0x3A, 0xF5, 0xD0, 0x59, 0x9E, 0x3C, 0x03,
    0x9D, 0xA5, 0xFE, 0x04, 0x75, 0x16, 0x14, 0x60, 0xA8, 0xBD, 0xB4, 0xEC, 0x6A, 0x41, 0xA9, 0x66,
    0xE5, 0x04, 0x5A, 0x62, 0xED, 0x8E, 0x5A, 0x72, 0xA5, 0x28, 0x2F, 0x33, 0x84, 0x17, 0xE8, 0x2E,
    0x10, 0x5C, 0x00, 0x10, 0x5D, 0xA0, 0xB9, 0x40, 0x72, 0x81, 0xE2, 0x02, 0x4F, 0x58, 0xA1, 0x0A,
    0x50, 0x5B, 0x20, 0xB6, 0x40, 0x6B, 0x81, 0xD4, 0x02, 0xA5, 0x05, 0x42, 0x8B, 0xEA, 0x2C, 0x57,
    0x17, 0x02, 0x32, 0xE3, 0x34, 0x76, 0xA6, 0x28, 0x83, 0x69, 0x12, 0x53, 0xE9, 0x8B, 0xD3, 0x59,
    0xA7, 0x8D, 0xCA, 0x46, 0xD3, 0x25, 0x3B, 0x29, 0x07, 0xC9, 0x41, 0x21, 0x90, 0x8E, 0x5B, 0x49,
    0x43, 0x66, 0xC8, 0x03, 0x65, 0x13, 0x56, 0x7F, 0x0A, 0x26, 0xE4, 0xDD, 0xC5, 0x1D, 0x57, 0x54,
    0xC3, 0x46, 0xA0, 0x99, 0xB6, 0x33, 0x75, 0x6D, 0xF1, 0x3F, 0x6C, 0x20, 0x5F, 0x4E, 0x5F, 0x71,
    0x04, 0x3D, 0x97, 0xC1, 0xF0, 0x31, 0x25, 0x23, 0x3D, 0xBC, 0x74, 0xFE, 0x25, 0x9B, 0x36, 0xFD,
    0x62, 0x85, 0x58, 0x0A, 0x62, 0xED, 0x66, 0xF8, 0xBD, 0xAC, 0x1E, 0x76, 0x2F, 0x06, 0x39, 0xBA,
    0x40, 0xD4, 0x24, 0xCD, 0x05, 0x1C, 0x5D, 0x8C, 0x82, 0x8F, 0x22, 0x41, 0x22, 0x10, 0xA4, 0x71,
    0x8B, 0x20, 0x7D, 0x97, 0xBF, 0x05, 0x6A, 0x73, 0xBD, 0x56, 0xF1, 0xDD, 0x59, 0x4C, 0x28, 0x63,
    0x07, 0xDA, 0xBF, 0x64, 0x47, 0x67, 0xE9, 0x65, 0xA9, 0x4C, 0xA4, 0x74, 0x92, 0xF5, 0xE1, 0x7F,
    0xAD, 0x99, 0x08, 0xBF, 0x90, 0xFF, 0xEE, 0xA7, 0x41, 0xAA, 0xDB, 0x51, 0xA1, 0xF0, 0x59, 0xA0,
    0x84, 0x2E, 0xE8, 0xE8, 0x12, 0x20, 0xE5, 0x7E, 0xBB, 0xA2, 0xC8, 0x86, 0xED, 0x2E, 0xC1, 0x17,
    0x8F, 0x5E, 0x41, 0x8E, 0x7B, 0x85, 0xCF, 0x78, 0x1D, 0x8D, 0x97, 0x2E, 0x56, 0x7E, 0x4E, 0xE0,
    0x86, 0x80, 0x5B, 0xA5, 0x69, 0x2C, 0x06, 0xED, 0x2A, 0x13, 0xFE, 0x14, 0x28, 0x17, 0xBB, 0x83,
    0xD3, 0x66, 0xE2, 0x75, 0xC9, 0x45, 0x79, 0xDD, 0x0B, 0x08, 0x10, 0xA5, 0x05, 0xE7, 0x0B, 0x0B,
    0xE7, 0xA3, 0x8F, 0xE7, 0x7C, 0x6C, 0x97, 0x22, 0xA1, 0xE4, 0x13, 0x37, 0x52, 0x3B, 0xCA, 0xD6,
    0x50, 0x54, 0x83, 0xF3, 0x85, 0x6C, 0x12, 0x14, 0x9D, 0x34, 0x41, 0x57, 0x0E, 0x3F, 0x25, 0xE8,
    0x23, 0xC2, 0xCC, 0xAA, 0x0C, 0x33, 0x0B, 0x79, 0x3A, 0xC5, 0x86, 0xAE, 0xF0, 0x13, 0x88, 0x7B,
    0xD6, 0xD9, 0x15, 0xDB, 0xA6, 0x95, 0xC3, 0x82, 0xC6, 0xEC, 0xD0, 0x06, 0x60, 0x2A, 0x66, 0xBA,
    0xC2, 0x30, 0xFF, 0x0C, 0xCE, 0x37, 0x22, 0x39, 0x37, 0xC2, 0xF9, 0x04, 0x74, 0x04, 0x7A, 0x5D,
    0xEE, 0x9F, 0x88, 0x10, 0x19, 0xC8, 0x9C, 0x68, 0x8D, 0xCA, 0x2B, 0x63, 0xF9, 0x1A, 0x07, 0x0E,
    0xC0, 0xF1, 0xCF, 0xF4, 0x4C, 0x2B, 0x76, 0x33, 0xB5, 0x3D, 0x6E, 0x6A, 0xBA, 0x31, 0x1B, 0x4A,
    0x61, 0x72, 0x49, 0x73, 0x0B, 0x94, 0x42, 0x01, 0xAB, 0x4E, 0xC8, 0xE0, 0x52, 0x8E, 0x94, 0x02,
    0xB5, 0x18, 0xD1, 0x85, 0xAA, 0x4F, 0xB8, 0x2F, 0x86, 0xFC, 0x0F, 0x7D, 0xC1, 0xFC, 0x93, 0xCE,
    0xF0, 0x5C, 0xFA, 0x84, 0x43, 0xE5, 0xE9, 0x2A, 0x6E, 0xA0, 0x26, 0x23, 0x88, 0xFB, 0x8B, 0x47,
    0x7C, 0x5D, 0xEA, 0xE7, 0x76, 0x11, 0xAE, 0x3D, 0xED, 0xF1, 0xF8, 0x7C, 0x70, 0x6C, 0xDC, 0x70,
    0xED, 0x3B, 0x65, 0xDD, 0x99, 0xAE, 0xE5, 0x9F, 0x05, 0x61, 0x73, 0xCA, 0x80, 0x74, 0xFB, 0x99,
    0x32, 0x6C, 0xAD, 0x74, 0x89, 0x88, 0x8E, 0x05, 0xC0, 0x27, 0x01, 0xB3, 0xC4, 0x19, 0x10, 0x19,
    0x17, 0x50, 0x78, 0x7E, 0xEA, 0xBD, 0xAE, 0xCF, 0x7A, 0x5D, 0x30, 0x2F, 0x86, 0x5A, 0x37, 0x3E,
    0x47, 0x46, 0x19, 0x7B, 0x57, 0xF4, 0xB1, 0xBD, 0xAB, 0xCF, 0x7A, 0x57, 0x25, 0x37, 0x67, 0xB4,
    0xD1, 0x3C, 0x3E, 0xD1, 0x79, 0x4F, 0x33, 0xF0, 0xFF, 0xAF, 0x63, 0x85, 0x9C, 0x8C, 0x71, 0x04,
    0x34, 0xDB, 0x02, 0x5A, 0x0A, 0xC3, 0xAE, 0xDE, 0x90, 0xBE, 0x47, 0x18, 0xFA, 0x47, 0xF3, 0x74,
    0x50, 0x6A, 0x83, 0x53, 0x2C, 0xEC, 0x32, 0xE9, 0x1F, 0xFF, 0x1A, 0xF4, 0xB7, 0xBC, 0xCA, 0x76,
    0x97, 0x40, 0xAF, 0x93, 0x15, 0xE5, 0xBD, 0x06, 0x45, 0x48, 0xE3, 0x92, 0xD9, 0x89, 0xB0, 0xE0,
    0x2F, 0xDD, 0x5F, 0xB7, 0x70, 0x74, 0xB7, 0x21, 0x1A, 0x0B, 0x4B, 0x34, 0x14, 0xF2, 0x54, 0x0A,
    0x6F, 0x87, 0xB7, 0x8C, 0x48, 0xA4, 0xCF, 0x5A, 0xC8, 0x8B, 0xAF, 0x07, 0xE9, 0x30, 0x41, 0x67,
    0x6D, 0xC9, 0x60, 0x24, 0x3C, 0x90, 0x8E, 0x72, 0x16, 0x8C, 0x84, 0x04, 0xE3, 0xF3, 0x74, 0x66,
    0x20, 0x09, 0xE8, 0xD1, 0xC9, 0xD8, 0x7D, 0x4A, 0x1C, 0x9F, 0x3C, 0xC0, 0x13, 0x71, 0x6B, 0x69,
    0x9F, 0x70, 0x80, 0xAE, 0xD1, 0x27, 0x33, 0x30, 0xD1, 0x37, 0x34, 0x38, 0x31, 0xE9, 0x28, 0xFD,
    0xFA, 0x54, 0xDB, 0xF5, 0xC9, 0x25, 0xF3, 0xEA, 0x8B, 0xAB, 0x0F, 0x9A, 0x31, 0x65, 0x48, 0x0C,
    0x68, 0x3F, 0xE8, 0x53, 0xD1, 0x19, 0xE6, 0x8D, 0xC6, 0xF6, 0x55, 0x92, 0x76, 0x27, 0xBF, 0x1C,
    0x63, 0xEC, 0xD4, 0x9D, 0x99, 0xF8, 0x94, 0x41, 0x1C, 0xC7, 0x57, 0xC5, 0xC6, 0x08, 0xE4, 0xA0,
    0x28, 0x64, 0x3A, 0x1C, 0x65, 0xD1, 0x83, 0xAA, 0xB3, 0x52, 0x65, 0x4F, 0x39, 0xDB, 0xC4, 0x21,
    0x78, 0xD7, 0x1C, 0x72, 0xC6, 0x53, 0xBB, 0x3C, 0xD9, 0x1D, 0x05, 0x3F, 0xED, 0x77, 0xA5, 0xEF,
    0x76, 0xC0, 0x94, 0xB2, 0xDD, 0x11, 0xFE, 0xCB, 0x4E, 0xE7, 0x3D, 0x3A, 0x77, 0xBC, 0x80, 0xFF,
    0xE8, 0x1A, 0x8F, 0x29, 0x4F, 0xB2, 0x85, 0xB9, 0x64, 0x6E, 0x12, 0xFE, 0x1B, 0xB7, 0xA7, 0x3C,
    0x20, 0x19, 0xA8, 0x66, 0xAA, 0xBB, 0x34, 0x48, 0x93, 0xA3, 0xEC, 0x65, 0x96, 0x52, 0x47, 0x4F,
    0x4C, 0xB9, 0x93, 0x27, 0xA7, 0xB3, 0x84, 0xBB, 0xE4, 0x1D, 0xC4, 0x2A, 0x72, 0x58, 0x2F, 0x82,
    0xE6, 0x49, 0x83, 0x3E, 0xAB, 0x53, 0xAB, 0x2D, 0x39, 0xD3, 0x12, 0x5B, 0xB5, 0x22, 0x7B, 0xCC,
    0x05, 0xF7, 0x74, 0x8F, 0xEA, 0x7F, 0x3B, 0x90, 0x86, 0x92, 0xA7, 0x4C, 0x7E, 0x27, 0xE3, 0x2E,
    0xC1, 0xBE, 0x6F, 0x43, 0x9F, 0x8B, 0xDC, 0x10, 0xA7, 0x88, 0xC9, 0x75, 0x1A, 0x69, 0x35, 0xAD,
    0x8E, 0xB1, 0xAD, 0x89, 0x3B, 0x98, 0x78, 0x8A, 0x77, 0xF0, 0x9D, 0xFB, 0x85, 0x47, 0xFA, 0x73,
    0x4B, 0xC6, 0x93, 0x63, 0x3A, 0x71, 0xE2, 0xA2, 0x1B, 0xA4, 0xB6, 0x3A, 0x20, 0x60, 0x3B, 0xA1,
    0x75, 0x56, 0x7E, 0x63, 0xBF, 0x45, 0x86, 0x9D, 0x70, 0xD4, 0x26, 0xD4, 0x3E, 0x9F, 0x28, 0xEF,
    0x6A, 0x2F, 0xE1, 0xCE, 0x6A, 0xF7, 0x92, 0x30, 0x4D, 0xD4, 0xFA, 0x32, 0xA4, 0x81, 0x9C, 0x2F,
    0xFB, 0xAC, 0x27, 0xB6, 0x55, 0x5F, 0x48, 0xA4, 0xAC, 0xFA, 0x9A, 0x10, 0x88, 0x8F, 0x25, 0x06,
    0x95, 0xFF, 0x18, 0x90, 0xDB, 0x3F, 0xEA, 0x25, 0x15, 0x15, 0x72, 0xC4, 0x01, 0x41, 0x09, 0xAF,
    0xC8, 0xD9, 0x8C, 0x1B, 0xB0, 0x39, 0xB0, 0x4B, 0xED, 0x46, 0xFF, 0x16, 0xA9, 0xBA, 0x6A, 0xAE,
    0x9E, 0xE2, 0x5A, 0x52, 0xBF, 0x48, 0x71, 0x60, 0x9B, 0xA9, 0x76, 0xC9, 0x06, 0x8A, 0x2E, 0xCF,
    0x88, 0x5A, 0x1B, 0x8A, 0xE5, 0x5F, 0x46, 0x3A, 0x8C, 0xD5, 0xF0, 0x29, 0x85, 0x5D, 0x09, 0x82,
    0x7D, 0x4C, 0x04, 0x3B, 0x53, 0x39, 0xBB, 0x53, 0x6C, 0x3B, 0x61, 0x11, 0xDC, 0x14, 0xB3, 0xA4,
    0x83, 0x7D, 0x96, 0x98, 0xF5, 0x01, 0x53, 0x36, 0x26, 0x81, 0x29, 0x1F, 0x8C, 0x67, 0x61, 0x84,
    0x8D, 0xE0, 0x0D, 0x12, 0x3C, 0x48, 0xE6, 0x53, 0x0C, 0x92, 0x0A, 0xFE, 0x29, 0x39, 0xA8, 0x78,
    0x6A, 0x73, 0xD9, 0x1A, 0x95, 0x41, 0xB6, 0xDA, 0x76, 0x64, 0xF8, 0x7D, 0x6E, 0x48, 0xBD, 0x26,
    0xFF, 0xBB, 0x04, 0xB1, 0x22, 0xB9, 0x4D, 0xF0, 0x49, 0xBC, 0x5E, 0xB3, 0x33, 0x5E, 0x4A, 0x04,
    0x93, 0xA1, 0xC2, 0x34, 0x2D, 0x31, 0x59, 0xD9, 0x6B, 0xAD, 0x52, 0x56, 0x75, 0x53, 0xF7, 0xFB,
    0x18, 0x53, 0x66, 0x87, 0xCB, 0xD1, 0x9E, 0x49, 0x9A, 0x37, 0x64, 0x53, 0x52, 0x46, 0x7F, 0x88,
    0xCA, 0x7A, 0x43, 0x72, 0xE5, 0x44, 0x06, 0xAB, 0x84, 0x2F, 0x4B, 0x7C, 0xFF, 0x5A, 0xDE, 0x5C,
    0x58, 0x7B, 0x26, 0x36, 0x22, 0x0D, 0xAB, 0xFD, 0x95, 0x18, 0x56, 0x16, 0xD3, 0x3E, 0x1D, 0xC8,
    0x74, 0x9D, 0xAE, 0x5F, 0x8E, 0xD3, 0x00, 0x05, 0x82, 0xBE, 0x03, 0xA5, 0x27, 0x1D, 0x0B, 0x4F,
    0xA6, 0x37, 0x1D, 0xA5, 0x36, 0xB5, 0x17, 0x77, 0x06, 0xCA, 0x9A, 0x8E, 0xE1, 0x0F, 0x33, 0xB0,
    0xCE, 0xFB, 0xE8, 0x13, 0xC5, 0x87, 0x03, 0xCA, 0x3E, 0xBC, 0x16, 0xD1, 0xDD, 0xDB, 0x7A, 0x67,
    0xF0, 0xDB, 0xB7, 0x40, 0xEB, 0x07, 0x60, 0xA0, 0x6B, 0xF3, 0x83, 0xF7, 0x21, 0xD9, 0x18, 0x28,
    0x36, 0xA6, 0xA7, 0x3C, 0x08, 0xC2, 0x9A, 0x3B, 0x88, 0x40, 0x4F, 0x55, 0x07, 0x04, 0xE5, 0xAD,
    0x99, 0x03, 0xB0, 0xDF, 0x15, 0x0E, 0x14, 0x5D, 0xB3, 0x32, 0x5C, 0xE0, 0xAB, 0xC0, 0x7D, 0xD8,
    0xFA, 0x10, 0x7D, 0xB4, 0xE3, 0x85, 0x58, 0x3B, 0x20, 0x03, 0x29, 0xA5, 0x5B, 0xCB, 0x1E, 0xAA,
    0x5F, 0x8B, 0x03, 0xC8, 0x0E, 0xB2, 0xF0, 0x70, 0x71, 0x00, 0x82, 0x03, 0xFC, 0xEA, 0x0B, 0x67,
    0x7A, 0x42, 0x29, 0x8E, 0x16, 0x15, 0xEB, 0x09, 0x6A, 0xA1, 0xBA, 0xCB, 0x46, 0x2A, 0xBB, 0x22,
    0x9C, 0x42, 0xD5, 0xC5, 0x4A, 0xD4, 0xDE, 0x9D, 0xA9, 0x95, 0xDD, 0x3B, 0xA9, 0x72, 0xDC, 0x83,
    0x06, 0x57, 0x00, 0x10, 0x25, 0x21, 0x81, 0x8E, 0xEE, 0x51, 0x39, 0x7F, 0x1F, 0x15, 0xEB, 0x48,
    0x48, 0x3B, 0xC8, 0x39, 0x6A, 0x01, 0xFC, 0x7B, 0xC8, 0x34, 0x1B, 0xDC, 0xC7, 0x56, 0xFE, 0x4C,
    0xB2, 0xB4, 0xD7, 0xE8, 0xB5, 0xE7, 0xC7, 0xD6, 0x70, 0x12, 0x72, 0x33, 0x0A, 0x0B, 0xE9, 0x17,
    0x94, 0x9E, 0x72, 0x5F, 0x78, 0xBA, 0x62, 0xAF, 0xD8, 0x0B, 0xB3, 0xF0, 0x4B, 0x92, 0xC6, 0xF6,
    0xC9, 0x8C, 0x35, 0x25, 0x53, 0x65, 0xE9, 0x61, 0xE1, 0x11, 0xEF, 0xCB, 0x9B, 0x81, 0x8A, 0xB7,
    0xFB, 0x28, 0x46, 0xB2, 0xFA, 0x27, 0xBA, 0xBE, 0xD9, 0x88, 0xCD, 0xC0, 0xF9, 0x8B, 0xF8, 0x51,
    0x3B, 0x56, 0x5D, 0x2C, 0xD8, 0xE3, 0xA7, 0xB5, 0xF8, 0x60, 0x3D, 0x4C, 0xF1, 0xA3, 0x71, 0x40,
    0x1B, 0xBC, 0x6E, 0xF9, 0xF9, 0x17, 0xC9, 0x1E, 0x15, 0xBE, 0xCD, 0xFB, 0xFA, 0x66, 0x28, 0x1E,
    0x0F, 0x79, 0x37, 0x99, 0x70, 0x98, 0x74, 0x6B, 0xB2, 0x42, 0xF8, 0xAA, 0x59, 0x5E, 0x1B, 0x4A,
    0x36, 0x12, 0x4B, 0xD2, 0xAD, 0x57, 0x8C, 0xB3, 0x71, 0xB7, 0xDF, 0x0B, 0xB6, 0x54, 0x76, 0xC2,
    0x7E, 0x6B, 0x7C, 0x6B, 0x2D, 0xF9, 0x73, 0x0E, 0x54, 0xF2, 0x40, 0xF5, 0xDB, 0x13, 0x1D, 0xD0,
    0x31, 0xDD, 0xA1, 0x3B, 0xCF, 0x7A, 0x9F, 0x24, 0x01, 0x27, 0x94, 0x3C, 0x9E, 0xAE, 0xE1, 0x90,
    0x8E, 0xB1, 0x82, 0x4F, 0xAA, 0x7F, 0xAD, 0xEC, 0xE4, 0x46, 0xD6, 0x21, 0x4A, 0x41, 0x41, 0xF9,
    0xB1, 0x46, 0xA9, 0x51, 0xA2, 0x54, 0x8F, 0x28, 0x15, 0xC0, 0x69, 0xFA, 0xB7, 0x9E, 0xB7, 0x2E,
    0x76, 0x22, 0x9D, 0xAD, 0xF2, 0x47, 0x83, 0xA4, 0x6C, 0xC9, 0xD6, 0x3D, 0x04, 0xD6, 0x23, 0xC9,
    0xD6, 0x12, 0xB1, 0x26, 0xC9, 0xD6, 0x5F, 0xDD, 0xBB, 0xB0, 0x2E, 0x76, 0x8C, 0x26, 0x88, 0x55,
    0x06, 0x75, 0x52, 0x16, 0x2A, 0x51, 0xE0, 0xBC, 0x2C, 0x6D, 0xAF, 0xD9, 0x6B, 0x9E, 0x33, 0x8B,
    0x6B, 0x46, 0x6E, 0xD7, 0x8C, 0x6C, 0x34, 0x23, 0x67, 0x1E, 0x19, 0xF9, 0x02, 0xED, 0x8C, 0x71,
    0x5C, 0xCA, 0x12, 0x36, 0xA8, 0x48, 0xDA, 0x02, 0x37, 0x5E, 0x33, 0xF2, 0xE3, 0x01, 0x7C, 0x1B,
    0x77, 0xDD, 0x7F, 0xB0, 0x95, 0x25, 0x62, 0x09, 0x82, 0x02, 0x0F, 0x42, 0x9B, 0x2C, 0x8B, 0x2A,
    0x64, 0x09, 0x30, 0x07, 0xD9, 0x31, 0x16, 0x2C, 0x58, 0x00, 0x11, 0x4C, 0x50, 0x78, 0xF5, 0xC4,
    0xD2, 0x43, 0xB9, 0xC6, 0xD8, 0xE7, 0x04, 0xEC, 0x80, 0x78, 0x05, 0x57, 0xE3, 0x80, 0x70, 0x25,
    0x07, 0xAA, 0xC4, 0x68, 0x00, 0x81, 0xCE, 0x2F, 0x38, 0x4B, 0xDC, 0x4A, 0x20, 0x94, 0x5D, 0xE3,
    0x77, 0x89, 0xAD, 0x13, 0x5D, 0x29, 0x48, 0x5C, 0x6E, 0x03, 0xD9, 0x97, 0x29, 0xEF, 0x26, 0xCA,
    0xC3, 0x4C, 0x66, 0x40, 0x4C, 0x6E, 0x40, 0x3B, 0xF6, 0x73, 0x4F, 0x6F, 0x19, 0xBB, 0xCD, 0xD8,
    0xDD, 0x94, 0x4F, 0x3C, 0xB6, 0xE3, 0xDD, 0x7F, 0xF1, 0x98, 0x7D, 0xF4, 0xC7, 0x21, 0xE7, 0x6F,
    0x86, 0x7C, 0x4E, 0x43, 0x31, 0xA1, 0x28, 0xD9, 0x0D, 0x55, 0xFE, 0x9C, 0x50, 0xB5, 0x24, 0x0B,
    0xC6, 0x07, 0xE3, 0xAE, 0x66, 0xDB, 0x91, 0x62, 0xB6, 0xF5, 0x8F, 0x90, 0x6D, 0x6B, 0x92, 0x3C,
    0xF7, 0xEA, 0x73, 0x63, 0x47, 0xF0, 0xCC, 0x0A, 0x01, 0xB7, 0xA3, 0x4D, 0x16, 0xD2, 0x90, 0x8A,
    0x32, 0xF7, 0xF3, 0x4F, 0xD7, 0x7E, 0x2F, 0x01, 0x53, 0x8D, 0xAD, 0x06, 0x01, 0x09, 0x59, 0x55,
    0xE6, 0x87, 0xE7, 0xD6, 0x52, 0x49, 0x7F, 0xC9, 0x5A, 0x7E, 0xCD, 0xCB, 0x4B, 0x1D, 0x55, 0x68,
    0x64, 0x7E, 0x44, 0x94, 0x6A, 0x64, 0x16, 0x4F, 0x3D, 0x14, 0x23, 0x5C, 0x37, 0xCD, 0x05, 0xBE,
    0x19, 0xA1, 0xE4, 0x2D, 0x67, 0xE5, 0x7C, 0x58, 0x3C, 0x88, 0x00, 0x5A, 0x23, 0x98, 0x90, 0x8C,
    0x2F, 0xD5, 0xA1, 0x64, 0x4F, 0xF4, 0x85, 0x4C, 0x8D, 0xE0, 0xC9, 0x94, 0xF7, 0xD2, 0xA0, 0x94,
    0xDE, 0x46, 0xFA, 0xEE, 0xC5, 0x1D, 0xC5, 0x9E, 0xB0, 0xD5, 0x14, 0xF2, 0x84, 0x36, 0x2E, 0xEA,
    0x27, 0xDF, 0x61, 0xB4, 0x34, 0x5A, 0xF8, 0xF5, 0x11, 0xF6, 0x79, 0x08, 0x3C, 0x00, 0xAE, 0x25,
    0x6D, 0xCA, 0x3E, 0xE6, 0x58, 0x6A, 0xB9, 0x8F, 0x2F, 0x28, 0x81, 0xD8, 0xC6, 0xB7, 0xC5, 0x9C,
    0xB2, 0xFB, 0x95, 0xE9, 0xDF, 0xC0, 0x71, 0xED, 0x2B, 0xE2, 0x2F, 0x47, 0x24, 0x71, 0xC8, 0x41,
    0xB7, 0x71, 0xB3, 0x63, 0x22, 0x56, 0x49, 0x46, 0x7F, 0xE6, 0xEA, 0x56, 0xA2, 0x41, 0xAA, 0x3B,
    0xA7, 0x76, 0xC8, 0xFB, 0xAD, 0x2E, 0x5F, 0x43, 0x51, 0x5E, 0xB9, 0x4E, 0x31, 0x27, 0xE6, 0x42,
    0xCD, 0x5B, 0xB1, 0x3C, 0xFF, 0xC5, 0x89, 0x76, 0x5F, 0x5A, 0x23, 0xB2, 0x7D, 0x36, 0xD2, 0x9E,
    0x6E, 0xCB, 0x70, 0xB3, 0x86, 0x5D, 0xC7, 0x96, 0x40, 0x50, 0x41, 0x04, 0x55, 0x4C, 0x82, 0x22,
    0x44, 0x89, 0x40, 0xBA, 0xA1, 0x7D, 0xC8, 0x3B, 0xEF, 0x39, 0xE1, 0xFC, 0xDC, 0x51, 0xCB, 0xF3,
    0x4E, 0xB7, 0x17, 0x31, 0x1A, 0xC5, 0xBD, 0x8B, 0xAF, 0x56, 0x22, 0x10, 0x1D, 0x0A, 0x4C, 0x51,
    0xB6, 0xF2, 0xB2, 0x3A, 0x51, 0x77, 0x9B, 0x0A, 0x11, 0xBC, 0x56, 0x7C, 0xE0, 0x4E, 0x9C, 0x87,
    0xB8, 0xE6, 0xF7, 0x25, 0x00, 0xDB, 0x03, 0xC1, 0xE6, 0x0E, 0xB9, 0x66, 0x2F, 0xC6, 0xB9, 0x6D,
    0x9C, 0x05, 0x12, 0x60, 0xBA, 0x01, 0xEA, 0x41, 0x9D, 0x41, 0x71, 0x10, 0xF0, 0x69, 0xE0, 0xB9,
    0xD6, 0x4C, 0xDC, 0x13, 0x15, 0x98, 0xFD, 0x8A, 0x3B, 0xE3, 0x35, 0xA0, 0x2A, 0x16, 0x0E, 0xD8,
    0x02, 0xEB, 0xAD, 0x8E, 0xC6, 0x44, 0x71, 0x87, 0xE4, 0x81, 0x6F, 0xA2, 0x81, 0xBE, 0x13, 0xAE,
    0xDF, 0xC4, 0x7E, 0xF1, 0xB1, 0xC9, 0x8C, 0x85, 0x63, 0x91, 0xF1, 0x33, 0xFE, 0x17, 0xF2, 0xDF,
    0xEB, 0x07, 0xCF, 0xF3, 0x08, 0x29, 0xC6, 0x88, 0xAB, 0x5D, 0x8D, 0xEF, 0xE0, 0x23, 0x4D, 0xE5,
    0xCB, 0x77, 0x4D, 0xD0, 0x66, 0x70, 0x21, 0x94, 0x0A, 0x2F, 0xAE, 0x12, 0xFD, 0x07, 0x62, 0x61,
    0x60, 0x00, 0x54, 0x41, 0x86, 0x30, 0x52, 0xC4, 0x60, 0x18, 0x7D, 0x33, 0xB7, 0x97, 0x49, 0xAE,
    0xA2, 0x2B, 0x20, 0x01, 0x42, 0x32, 0x76, 0x05, 0x49, 0xD1, 0x88, 0xFD, 0x4B, 0xF0, 0x09, 0x66,
    0xBD, 0x41, 0x9C, 0xD7, 0x40, 0x9B, 0x9C, 0x4F, 0xD6, 0xA0, 0xF0, 0x1E, 0x9F, 0x3D, 0xB6, 0xE0,
    0x45, 0xF1, 0xA6, 0x09, 0x3E, 0xA9, 0x18, 0x31, 0xA2, 0x33, 0x3F, 0xBB, 0x41, 0x5D, 0xDE, 0xFB,
    0x3E, 0x9F, 0xB7, 0x87, 0x90, 0x08, 0x15, 0xBB, 0xD0, 0x69, 0xC4, 0x25, 0x06, 0xE8, 0xC0, 0x24,
    0xA4, 0xA0, 0x65, 0x50, 0xDC, 0x84, 0x44, 0x5E, 0x03, 0x00, 0xE2, 0x41, 0x33, 0x37, 0x5A, 0x19,
    0xFF, 0x36, 0x82, 0x57, 0x66, 0x1C, 0x5B, 0x36, 0x74, 0x8D, 0xA3, 0xD1, 0x87, 0x3A, 0xAA, 0xA6,
    0xBD, 0x51, 0xFF, 0x82, 0x47, 0x9C, 0x2E, 0x72, 0xB5, 0x01, 0x27, 0x4E, 0x27, 0xE6, 0xF0, 0xBD,
    0x8A, 0x16, 0xAB, 0x9E, 0x4F, 0xDC, 0x21, 0x29, 0xE4, 0x90, 0x24, 0xDE, 0xB2, 0x61, 0x1B, 0x58,
    0xB4, 0x5F, 0xB5, 0x5F, 0x7E, 0xD2, 0x80, 0x57, 0x47, 0x69, 0xEF, 0x16, 0xBE, 0xB2, 0x98, 0xD9,
    0x1D, 0x1D, 0xCF, 0x19, 0x1A, 0x4E, 0xF9, 0x62, 0x63, 0xB3, 0x71, 0xBE, 0xBC, 0x23, 0xAC, 0x8C,
    0x13, 0x3D, 0xDB, 0xA1, 0x3C, 0xDA, 0xD2, 0xEC, 0xEF, 0xD9, 0x7D, 0xA8, 0x62, 0xF2, 0xC9, 0xA6,
    0xDD, 0x00, 0xC0, 0x1B, 0x06, 0x2F, 0xB8, 0xE8, 0xFE, 0xAC, 0x18, 0x9D, 0xB9, 0xD1, 0x0C, 0xEA,
    0x61, 0x07, 0x1B, 0x62, 0x30, 0x59, 0x86, 0xEA, 0x1E, 0x26, 0xFB, 0xAB, 0x0D, 0xA5, 0xF5, 0x75,
    0x4F, 0xDE, 0x71, 0xF6, 0x46, 0x8B, 0xD3, 0x49, 0xDE, 0xB7, 0x13, 0xED, 0x9E, 0x7B, 0xE0, 0x47,
    0x5F, 0x87, 0x6C, 0x93, 0x8B, 0x92, 0xAE, 0xDC, 0x02, 0xCC, 0x34, 0x5A, 0xD7, 0x86, 0x49, 0x8A,
    0x78, 0xB8, 0x23, 0x24, 0xBD, 0x10, 0xFC, 0x86, 0x0D, 0xCF, 0x84, 0xF5, 0x1C, 0xF5, 0xEC, 0x55,
    0x68, 0x40, 0x1F, 0x6D, 0x19, 0xAB, 0x2D, 0x36, 0xD9, 0xE8, 0xF8, 0xCC, 0x5B, 0xA8, 0x74, 0x95,
    0x7E, 0xA5, 0xD7, 0x84, 0xCD, 0x98, 0xFC, 0x72, 0x4C, 0xA2, 0xDE, 0xCD, 0x80, 0xC7, 0xA5, 0x6E,
    0xC5, 0x14, 0x46, 0x8F, 0x40, 0x80, 0xF0, 0x0D, 0x51, 0x46, 0x85, 0x8F, 0x3C, 0x0D, 0x9A, 0xFF,
    0x07, 0x3D, 0xEB, 0xA4, 0x57, 0xEB, 0xE1, 0x70, 0xF0, 0xAA, 0x5A, 0x2E, 0xCB, 0xFF, 0x00, 0x45,
    0xCA, 0x01, 0x06, 0x03, 0x31, 0x14, 0x84, 0xE1, 0x69, 0x82, 0x45, 0xF0, 0x8E, 0x10, 0x80, 0x02,
    0x7B, 0x83, 0x26, 0x17, 0xAB, 0xEC, 0xC1, 0xAA, 0xCD, 0x11, 0x42, 0x2F, 0x90, 0x23, 0x04, 0x8B,
    0xE0, 0xB5, 0xAF, 0x19, 0x50, 0xF8, 0x8C, 0xF1, 0xA3, 0x9C, 0x00, 0xBC, 0x7D, 0x96, 0x41, 0xCB,
    0x52, 0x46, 0xE2, 0xEE, 0x31, 0x03, 0xEE, 0x90, 0x03, 0xFC, 0xEA, 0xDF, 0x40, 0xB1, 0x35, 0xEA,
    0x3B, 0x0D, 0x83, 0x0A, 0x45, 0x3A, 0x69, 0x99, 0xD4, 0xA8, 0x53, 0x65, 0x38, 0x1F, 0x60, 0x78,
    0x5F, 0xC6, 0x7E, 0x63, 0x58, 0xD3, 0xF2, 0x95, 0xA9, 0x61, 0xC7, 0xD5, 0x29, 0x62, 0x7E, 0x6E,
    0x13, 0x52, 0x4D, 0x06, 0xC2, 0xFB, 0xBB, 0x37, 0x78, 0xD3, 0x54, 0x71, 0xB1, 0xF6, 0x03, 0xE4,
    0x5B, 0x01, 0xA4, 0x2E, 0xDB, 0x75, 0x5E, 0x33, 0x93, 0x7B, 0xA7, 0xDE, 0x60, 0x1E, 0xF2, 0x4A,
    0x73, 0xC9, 0x04, 0x00, 0x74, 0x00, 0xA0, 0xBD, 0x7B, 0xDA, 0x02, 0x8A, 0x3E, 0xE4, 0x41, 0x83,
    0x80, 0x52, 0x82, 0x53, 0x40, 0x70, 0xF3, 0x66, 0x92, 0xA2, 0x00, 0x57, 0x35, 0x05, 0x10, 0x28,
    0x7A, 0x82, 0x0B, 0x00, 0x2F, 0x6F, 0x6F, 0x89, 0x82, 0xA2, 0x43, 0x15, 0x40, 0x46, 0xDD, 0xAA,
    0xBC, 0x20, 0x83, 0x89, 0xCC, 0xBD, 0x9D, 0xD9, 0xAB, 0xFB, 0xFB, 0xD6, 0x3E, 0xF7, 0x8C, 0xE3,
    0xA4, 0x21, 0x2A, 0xFA, 0xD2, 0xF1, 0x9F, 0xEF, 0x5B, 0xF3, 0xBF, 0xFF, 0xFF, 0xF7, 0x5A, 0x6B,
    0xED, 0xBD, 0xD6, 0xDA, 0x7B, 0xEE, 0x13, 0x79, 0x22, 0xB8, 0xDA, 0x19, 0xD8, 0x1D, 0x44, 0x9D,
    0x40, 0x7E, 0x03, 0x36, 0x3B, 0x50, 0xFE, 0x8A, 0x88, 0xEB, 0x83, 0x8F, 0x3E, 0xFA, 0x50, 0x34,
    0x5D, 0x1B, 0x71, 0x95, 0x67, 0xF1, 0xF6, 0xFB, 0xAB, 0xD4, 0xBB, 0x54, 0xAB, 0x34, 0x9B, 0x54,
    0x8B, 0x34, 0x2B, 0xB0, 0x5D, 0xF1, 0xF1, 0x2B, 0x76, 0x0B, 0xB0, 0x9F, 0x89, 0xAA, 0xE9, 0xCE,
    0xA9, 0xAE, 0x44, 0xC8, 0x01, 0xEF, 0x8F, 0xD3, 0x3D, 0xFA, 0x01, 0xA8, 0x92, 0xF1, 0xF7, 0x88,
    0xCF, 0x45, 0xA2, 0xC8, 0xB7, 0xA4, 0x48, 0xF8, 0x89, 0x3C, 0x53, 0xD5, 0x43, 0x3C, 0x51, 0x89,
    0x22, 0x05, 0x6D, 0xEA, 0x82, 0x1B, 0x44, 0xDC, 0x3C, 0x06, 0xFC, 0x34, 0x7E, 0xB0, 0x9B, 0x9C,
    0xF0, 0xFA, 0xDC, 0xD8, 0xF2, 0xE4, 0xA3, 0x74, 0x0D, 0x3D, 0x6E, 0x16, 0x07, 0x9C, 0xDD, 0xAD,
    0xFF, 0xEC, 0xD5, 0xEC, 0xC4, 0x85, 0x36, 0x3C, 0x97, 0x71, 0x6A, 0xC3, 0x0B, 0xF1, 0x43, 0x1B,
    0xBE, 0x99, 0xB0, 0x99, 0xEE, 0x06, 0xB8, 0x62, 0x7C, 0x7A, 0x2B, 0x52, 0x28, 0xD4, 0x2A, 0x13,
    0x26, 0xD3, 0xF4, 0x27, 0x37, 0x87, 0x54, 0xE9, 0x15, 0x81, 0x85, 0x4A, 0xB5, 0xE3, 0xC3, 0x35,
    0x10, 0x56, 0x4B, 0x84, 0xD5, 0x45, 0x84, 0xA5, 0xD5, 0x01, 0xAC, 0x89, 0xDD, 0x56, 0xF8, 0xE5,
    0x3D, 0x5D, 0x1A, 0x5D, 0x3A, 0x9D, 0x5A, 0x9D, 0xFB, 0x13, 0x03, 0x3C, 0x19, 0x80, 0xF2, 0x3B,
    0xC4, 0x4F, 0x00, 0x4D, 0x04, 0x8E, 0xF8, 0xAF, 0x95, 0x4E, 0x36, 0x89, 0x20, 0x0F, 0x8F, 0x78,
    0x7E, 0xBD, 0xF7, 0xFC, 0xAB, 0x05, 0x3A, 0xD4, 0x0B, 0x74, 0xA8, 0x67, 0xE8, 0x50, 0x07, 0xEA,
    0x40, 0x7C, 0xDC, 0xF3, 0x44, 0x7A, 0x9B, 0xF8, 0xAB, 0x3C, 0x7F, 0xC5, 0x08, 0x28, 0x88, 0xCF,
    0xF4, 0x25, 0x3E, 0xC8, 0xD9, 0x03, 0x17, 0xE1, 0x2A, 0x6E, 0xF1, 0xDE, 0xA8, 0x3A, 0x48, 0x45,
    0x0D, 0x5B, 0xBD, 0x4D, 0xE8, 0x36, 0x69, 0x16, 0xD1, 0x90, 0xB0, 0x54, 0x91, 0x66, 0xAE, 0x8E,
    0x84, 0xA1, 0xDD, 0x45, 0xCA, 0xC1, 0x14, 0xEC, 0x17, 0xA0, 0x9B, 0x89, 0xAA, 0xCA, 0x5F, 0x31,
    0x8C, 0x22, 0x1E, 0x4A, 0x3D, 0x82, 0xE3, 0xD5, 0x88, 0x45, 0xE4, 0x2B, 0xD2, 0x6F, 0x52, 0xEC,
    0xD2, 0x46, 0x2C, 0xCB, 0x1A, 0x93, 0x14, 0x61, 0x84, 0x3F, 0x7B, 0x53, 0xF1, 0x23, 0x80, 0xBC,
    0x77, 0x3B, 0x08, 0x22, 0x7B, 0x8A, 0xB4, 0x1C, 0xC6, 0xBD, 0xF9, 0xF3, 0x84, 0x3A, 0xC9, 0x48,
    0xEB, 0x3E, 0x16, 0x68, 0xF8, 0x2D, 0xE2, 0x0B, 0x20, 0x22, 0x11, 0x81, 0xA5, 0x06, 0x10, 0xBE,
    0x09, 0xE5, 0xA0, 0x75, 0x07, 0x0D, 0x31, 0x0C, 0xA3, 0xA6, 0x34, 0xC1, 0x9B, 0xD7, 0xEF, 0x22,
    0xF0, 0xFB, 0x82, 0xC8, 0x3C, 0x37, 0xE4, 0x3B, 0x1F, 0xD3, 0x64, 0x2F, 0x85, 0x06, 0xF1, 0xD1,
    0x63, 0x70, 0x3A, 0xB1, 0xB3, 0x9F, 0xF9, 0xE0, 0x43, 0xF3, 0x27, 0xE2, 0xBD, 0x0A, 0x63, 0x7D,
    0x0A, 0x22, 0x8D, 0x38, 0xE3, 0x57, 0xA4, 0xBD, 0xFC, 0x75, 0x0B, 0xA3, 0xCA, 0x3F, 0x17, 0xEE,
    0xFF, 0xC6, 0x89, 0x7F, 0x8C, 0xA6, 0xCA, 0xFD, 0x5F, 0x44, 0x0C, 0x11, 0xC1, 0x49, 0x7C, 0xFE,
    0x79, 0xF9, 0x82, 0x7C, 0x51, 0x46, 0x39, 0x45, 0xFF, 0x48, 0xD3, 0x5F, 0x4C, 0x0A, 0xD2, 0x6A,
    0xF9, 0x0D, 0xEB, 0x81, 0xB5, 0xF1, 0xA1, 0x50, 0x2C, 0x98, 0x15, 0xBA, 0x53, 0x38, 0x98, 0x8D,
    0x70, 0x05, 0xFA, 0x1E, 0x80, 0xE1, 0x30, 0xCE, 0x43, 0xC0, 0x98, 0x18, 0x14, 0xC0, 0xA0, 0x5D,
    0xC1, 0x66, 0x71, 0x79, 0x66, 0x40, 0x90, 0xAF, 0x00, 0x13, 0x39, 0xCE, 0x13, 0x0F, 0xA3, 0x14,
    0x96, 0x44, 0x8C, 0xF5, 0xBD, 0xBC, 0x16, 0x91, 0x64, 0xF2, 0x5C, 0xD5, 0x60, 0x82, 0x85, 0xEE,
    0x69, 0xBC, 0xB5, 0x2A, 0x50, 0x1C, 0x79, 0xA9, 0x95, 0x7B, 0x16, 0xAA, 0x0D, 0x7A, 0x41, 0x58,
    0x1F, 0x0A, 0x75, 0x12, 0x26, 0x08, 0xCD, 0x42, 0xB5, 0x59, 0x5D, 0xBC, 0xFE, 0x04, 0x42, 0x10,
    0x64, 0x31, 0x13, 0x6C, 0x92, 0x24, 0x01, 0x13, 0x1C, 0x5F, 0x89, 0x9C, 0x98, 0x0E, 0xE6, 0x14,
    0x58, 0x2F, 0xB4, 0x46, 0xE1, 0xDB, 0xF2, 0xE0, 0x3B, 0x27, 0x13, 0x16, 0x6E, 0x21, 0x94, 0x91,
    0x99, 0x9A, 0x72, 0xB7, 0x42, 0x6E, 0xF7, 0xF7, 0x94, 0xE9, 0xC3, 0xAF, 0x30, 0xF3, 0x06, 0xF6,
    0x38, 0x65, 0xDE, 0x8B, 0xE2, 0x90, 0xFA, 0x10, 0x87, 0xA7, 0xC3, 0x75, 0x32, 0x20, 0x7F, 0x21,
    0x46, 0x15, 0x6D, 0x57, 0x5D, 0x2A, 0xD8, 0xCE, 0xB9, 0x31, 0x6E, 0xE6, 0x3D, 0x9A, 0xCC, 0xC0,
    0xD1, 0xC0, 0x66, 0xCD, 0x42, 0xFB, 0xA8, 0x00, 0x93, 0x19, 0x4C, 0x3F, 0xE4, 0x64, 0xA0, 0x14,
    0x94, 0xD7, 0x20, 0xCE, 0x84, 0xF5, 0x4E, 0x38, 0xC4, 0x05, 0x18, 0xD5, 0x9C, 0xF8, 0x6A, 0x79,
    0xC2, 0xAE, 0x71, 0x80, 0x50, 0x28, 0x82, 0x6D, 0x39, 0x5A, 0x4D, 0x88, 0x59, 0x28, 0x4F, 0x08,
    0x66, 0x7E, 0x14, 0xB3, 0x1D, 0xB3, 0x80, 0xB6, 0x63, 0x12, 0xD2, 0x76, 0x0F, 0xB3, 0x60, 0xBB,
    0x9A, 0x30, 0xE7, 0x8A, 0x62, 0xCA, 0xCC, 0x77, 0x11, 0x67, 0x51, 0x49, 0xC4, 0xAA, 0x22, 0xCF,
    0xC5, 0x4D, 0xED, 0x24, 0x2F, 0x64, 0x04, 0xFD, 0xA5, 0xF8, 0xE1, 0xBD, 0xE1, 0x5D, 0xD2, 0x7C,
    0x48, 0x4F, 0x91, 0x7D, 0x0A, 0x9A, 0x43, 0x37, 0x1F, 0xA0, 0x37, 0x5F, 0x8F, 0xA6, 0xA4, 0x92,
    0x24, 0x93, 0x29, 0x7C, 0x47, 0xA6, 0x2C, 0x74, 0x6E, 0x57, 0x98, 0x93, 0xAB, 0x4D, 0xA6, 0xC2,
    0xBF, 0x91, 0x3E, 0x0E, 0xAD, 0x6A, 0x50, 0x5D, 0x12, 0x7D, 0x5B, 0xD5, 0x26, 0xA0, 0xF0, 0xEA,
    0x27, 0x60, 0xA1, 0x01, 0xD4, 0x5E, 0x1B, 0x16, 0xFC, 0x22, 0x2E, 0x4E, 0xEE, 0x6B, 0x9C, 0xB9,
    0xEE, 0x91, 0x3A, 0x59, 0x4C, 0x37, 0x44, 0xB8, 0x8A, 0x03, 0x74, 0xB1, 0x1C, 0xC0, 0xE0, 0x35,
    0x9C, 0xC4, 0x10, 0xFD, 0x00, 0x2A, 0xA2, 0x80, 0xAA, 0x83, 0x31, 0x6D, 0x57, 0x2E, 0xD1, 0x7E,
    0x06, 0x71, 0x9A, 0xC0, 0x85, 0x72, 0xA1, 0x30, 0xDA, 0x62, 0x75, 0x33, 0x09, 0x59, 0x13, 0xF5,
    0x19, 0x9A, 0x29, 0xCA, 0x28, 0xA8, 0x3A, 0x49, 0x45, 0x4E, 0x1B, 0x3A, 0x50, 0x67, 0x1F, 0x98,
    0x3C, 0xDC, 0xC6, 0xFC, 0xD1, 0xAB, 0x58, 0xCD, 0xC9, 0xA5, 0xD5, 0x8C, 0x1E, 0x8C, 0xDD, 0x96,
    0xEF, 0xA3, 0x71, 0xA9, 0x8B, 0x09, 0x18, 0x8E, 0xD7, 0x4B, 0xE2, 0x75, 0x92, 0x5B, 0xD6, 0xAB,
    0x74, 0xCD, 0xBF, 0xBB, 0x70, 0x86, 0xBB, 0x9C, 0x01, 0xFD, 0x6A, 0xD1, 0x50, 0x30, 0x3F, 0x46,
    0x1F, 0xB4, 0x99, 0xFB, 0x1F, 0x2F, 0xE4, 0xB1, 0x5F, 0x38, 0xB5, 0x4F, 0x66, 0xC6, 0xA5, 0xDA,
    0x5D, 0x80, 0x3F, 0x9A, 0xD5, 0xB2, 0x63, 0x17, 0x8C, 0xDD, 0x30, 0x4E, 0xE0, 0x28, 0xE4, 0xEF,
    0x1C, 0x74, 0xE6, 0xF8, 0x37, 0x2B, 0xA7, 0x8D, 0xFF, 0xB3, 0x40, 0x56, 0x37, 0x19, 0xAB, 0x18,
    0x63, 0x7A, 0x83, 0x6D, 0x3A, 0x14, 0x3A, 0x63, 0x9D, 0xC3, 0x29, 0xE9, 0x6F, 0x10, 0xD6, 0x15,
    0xA8, 0x7F, 0x18, 0x8B, 0x9C, 0xE6, 0x90, 0x28, 0x8E, 0xD1, 0x97, 0x4F, 0x2D, 0x10, 0x07, 0x08,
    0x06, 0xE2, 0xFA, 0x0B, 0xB9, 0x5C, 0x5F, 0xC5, 0x62, 0xC7, 0x07, 0x54, 0xC3, 0xA8, 0x7B, 0x91,
    0xA8, 0xD6, 0x41, 0xBA, 0x0D, 0x4B, 0x0E, 0x49, 0x18, 0x21, 0xE9, 0x03, 0xD5, 0x71, 0x96, 0xE3,
    0xBD, 0xA5, 0xDE, 0x93, 0xB1, 0xAD, 0x0E, 0x52, 0x6D, 0xB3, 0xA0, 0x5D, 0x98, 0xB9, 0x3B, 0x5B,
    0xF7, 0x6E, 0x62, 0x66, 0x18, 0x85, 0x29, 0xE3, 0xB4, 0x2A, 0x7B, 0x90, 0x74, 0x03, 0xC1, 0xB7,
    0xB8, 0x34, 0x18, 0x4D, 0x24, 0x4F, 0x2C, 0x4E, 0xB1, 0xEF, 0x01, 0x7B, 0xBF, 0x9A, 0x21, 0xD6,
    0xC9, 0x44, 0xAB, 0xF2, 0x98, 0xCE, 0x97, 0x8C, 0x95, 0x13, 0xD6, 0x5D, 0xBE, 0x62, 0x30, 0x6F,
    0x36, 0xFB, 0x89, 0x6E, 0x41, 0x30, 0xA1, 0xE2, 0x7D, 0xAE, 0x6A, 0x1F, 0xE3, 0x09, 0x9F, 0xA5,
    0x7D, 0xFC, 0xAC, 0x1F, 0xCC, 0x7A, 0x9F, 0x6B, 0x8E, 0x3E, 0xC6, 0x93, 0x05, 0x69, 0x9C, 0x4C,
    0x69, 0xCF, 0x44, 0x95, 0x97, 0xF8, 0x23, 0x1C, 0x85, 0xDD, 0x65, 0x61, 0x39, 0x8A, 0x2D, 0x2E,
    0x9B, 0x20, 0x30, 0xD5, 0x37, 0x16, 0xA1, 0x53, 0xAF, 0xBC, 0x18, 0x37, 0x73, 0xE6, 0xF0, 0x80,
    0xA7, 0x4B, 0x54, 0xE9, 0x6C, 0x52, 0xAD, 0xA4, 0xD6, 0xA8, 0x37, 0x72, 0xE3, 0x00, 0xF2, 0x56,
    0x95, 0x4E, 0x66, 0xEA, 0xF2, 0xE8, 0x41, 0xD5, 0x46, 0x6A, 0xD6, 0x0E, 0xE3, 0xB4, 0x16, 0xD4,
    0x3E, 0x90, 0x9C, 0xF5, 0x73, 0x5E, 0x48, 0x27, 0x7D, 0x59, 0x1E, 0x74, 0x6D, 0x65, 0xC5, 0xAB,
    0xB1, 0x8C, 0xD7, 0x82, 0xE8, 0xBB, 0x8A, 0x85, 0x8C, 0x2B, 0xDC, 0x5B, 0x31, 0xB6, 0xBE, 0xA0,
    0x89, 0x03, 0x26, 0xB2, 0xD3, 0x15, 0xAB, 0x7B, 0xB4, 0x55, 0xC8, 0xCA, 0x3B, 0xD0, 0x07, 0x0B,
    0x71, 0x66, 0x17, 0x3C, 0x33, 0x9B, 0x07, 0x8C, 0x03, 0x5C, 0x81, 0xED, 0x8A, 0xAA, 0xF5, 0x48,
    0x17, 0xFC, 0xF6, 0x16, 0xA8, 0xBA, 0x31, 0x05, 0x9D, 0x08, 0xD4, 0x33, 0x05, 0xB2, 0x01, 0x4C,
    0xAF, 0x20, 0xE3, 0x80, 0x5B, 0x4F, 0x44, 0x55, 0x25, 0xFA, 0x09, 0xC8, 0xDA, 0x5A, 0x29, 0x34,
    0xEC, 0x0E, 0x06, 0x07, 0xFA, 0x61, 0x3E, 0x99, 0x7D, 0xD0, 0x30, 0x81, 0xC5, 0xCC, 0x22, 0xF5,
    0x2C, 0x7E, 0x5F, 0xD9, 0xA7, 0xF7, 0xAB, 0xE5, 0x4C, 0x6A, 0x48, 0xE1, 0xFA, 0xEA, 0x16, 0xBC,
    0x5C, 0x90, 0x7E, 0x2E, 0x95, 0x1A, 0xEE, 0xD4, 0x70, 0xBE, 0xD7, 0xB3, 0xD4, 0xC1, 0x34, 0x04,
    0x5E, 0x35, 0xBC, 0xA2, 0x0F, 0x82, 0x66, 0x60, 0x28, 0x62, 0x52, 0xEF, 0xB2, 0x43, 0xA2, 0xC3,
    0xDE, 0x7C, 0x3E, 0x76, 0x12, 0xB9, 0xC1, 0xCA, 0xD5, 0xF6, 0xBE, 0xBD, 0xAA, 0xD9, 0x5D, 0x59,
    0x4F, 0x15, 0xC0, 0xB9, 0xA5, 0xAA, 0xEE, 0x78, 0xBD, 0xE7, 0xC9, 0x96, 0xC6, 0x08, 0x6E, 0x16,
    0x6A, 0xC2, 0xAE, 0x4A, 0x72, 0x53, 0x75, 0xE5, 0x7E, 0x32, 0x8D, 0xDC, 0x50, 0x18, 0xDB, 0x12,
    0x95, 0x91, 0xF9, 0x94, 0x5D, 0x14, 0xF9, 0x00, 0x63, 0x78, 0x30, 0x7F, 0xBE, 0xDA, 0xED, 0x67,
    0x6B, 0xB0, 0x9B, 0xAC, 0x31, 0x56, 0x9B, 0xA0, 0x2D, 0x79, 0x7D, 0xC7, 0x96, 0xF7, 0x16, 0xE9,
    0xC9, 0x33, 0x46, 0xA5, 0x0A, 0x2E, 0xD1, 0x95, 0x9F, 0x67, 0xFE, 0x03, 0x5B, 0xB5, 0x9F, 0x8B,
    0x13, 0x04, 0x76, 0xEE, 0x78, 0x75, 0xBA, 0xF7, 0x78, 0x6D, 0x92, 0xFE, 0x1C, 0x5E, 0xE8, 0xE5,
    0xA5, 0xD4, 0x01, 0x15, 0x43, 0x3C, 0x9D, 0x69, 0xCE, 0x2A, 0x0E, 0xD3, 0xB1, 0x0F, 0xE5, 0x71,
    0xE7, 0x94, 0x24, 0x8D, 0xC3, 0x5D, 0x03, 0x11, 0x2D, 0xBD, 0x55, 0xBB, 0x79, 0x3F, 0xF1, 0x6E,
    0xC9, 0xAE, 0x3C, 0xEA, 0xAD, 0xB5, 0x34, 0x97, 0x67, 0x46, 0x96, 0x28, 0x94, 0xF9, 0x3D, 0xE4,
    0xF4, 0x76, 0xA1, 0x89, 0xE8, 0x44, 0x16, 0xBA, 0x02, 0x45, 0x77, 0x36, 0xD7, 0xA8, 0x74, 0x01,
    0xFB, 0x6C, 0x24, 0x9F, 0xDE, 0x4A, 0x55, 0xBA, 0x75, 0x81, 0x8A, 0x76, 0xAB, 0xAD, 0x27, 0x2C,
    0x7F, 0x04, 0xD6, 0x4F, 0xB9, 0xC8, 0xE1, 0xED, 0x67, 0x27, 0x3B, 0x88, 0x7E, 0x17, 0xDD, 0xA5,
    0xD3, 0x03, 0xD9, 0x93, 0x2D, 0xC8, 0x2E, 0x0D, 0xBE, 0xF2, 0xA5, 0x7F, 0xCC, 0xCE, 0xF6, 0xF4,
    0xD4, 0x7F, 0xDC, 0x44, 0xF9, 0x01, 0x7A, 0xBB, 0x43, 0x24, 0xC3, 0x7E, 0xD9, 0x86, 0xDC, 0x8D,
    0x2C, 0x85, 0x5F, 0xA4, 0xB2, 0xED, 0x73, 0x14, 0x48, 0xEC, 0x9A, 0x56, 0x1A, 0x62, 0xC5, 0xEE,
    0xBA, 0x3F, 0x69, 0x00, 0xB4, 0xC4, 0xAD, 0xCF, 0xA5, 0x44, 0x81, 0x56, 0xB5, 0x11, 0x1B, 0x7E,
    0xF5, 0x77, 0xFF, 0xEE, 0xB7, 0xB9, 0x97, 0x91, 0x28, 0xDD, 0x04, 0x56, 0x71, 0x03, 0x78, 0x1C,
    0xBC, 0x5C, 0xFA, 0x19, 0x69, 0x74, 0x91, 0xDC, 0xD1, 0xFC, 0xD6, 0xF7, 0x76, 0x9F, 0xFB, 0x86,
    0xFD, 0xF1, 0x84, 0x6F, 0xDB, 0xE9, 0xCB, 0x6E, 0x9A, 0x9B, 0xE9, 0xC7, 0x13, 0x3E, 0x99, 0x1B,
    0xE9, 0xCB, 0x3E, 0x1A, 0x09, 0x7F, 0x78, 0x24, 0xE1, 0x77, 0xC6, 0xDC, 0x42, 0x93, 0xA9, 0x5F,
    0xDE, 0x40, 0x53, 0xE7, 0x6B, 0xE2, 0xC7, 0x4D, 0x5E, 0x77, 0xC6, 0xB6, 0x77, 0x96, 0xBC, 0x75,
    0x16, 0xEE, 0x9C, 0x23, 0xB4, 0x16, 0xB6, 0x98, 0x6E, 0x27, 0x5F, 0xB6, 0xCD, 0x5F, 0x04, 0x14,
    0x03, 0xA3, 0xCB, 0x8F, 0xAB, 0xD2, 0x5A, 0x73, 0x88, 0x28, 0xFA, 0x50, 0x0D, 0xB6, 0x2D, 0x69,
    0x92, 0x50, 0xE9, 0x0C, 0x01, 0x35, 0x04, 0xA1, 0xFA, 0xD9, 0x2A, 0xDD, 0xCF, 0x20, 0xFC, 0xCB,
    0x2A, 0xEE, 0x06, 0xC2, 0x3F, 0xEF, 0xF2, 0x29, 0x2C, 0xEE, 0x7E, 0x74, 0x14, 0x07, 0x4C, 0xEE,
    0x7F, 0x74, 0x54, 0x1B, 0x85, 0xEF, 0x9C, 0xCD, 0x3A, 0xE2, 0xD7, 0x07, 0x6D, 0x83, 0x17, 0x0A,
    0x6E, 0xA0, 0x80, 0x69, 0xA3, 0x34, 0xD3, 0x21, 0xBB, 0x52, 0xD8, 0x28, 0x7C, 0x8A, 0x3C, 0x73,
    0xD2, 0xF2, 0x36, 0x14, 0x07, 0x4D, 0x7F, 0x62, 0x4E, 0xC0, 0x5F, 0x75, 0x15, 0x0A, 0x0A, 0xE8,
    0x4D, 0x23, 0xFA, 0x5F, 0x36, 0xA7, 0xD8, 0x09, 0xD0, 0xAC, 0xD9, 0x84, 0x6B, 0xDB, 0x8D, 0xD9,
    0x08, 0x2E, 0x54, 0x67, 0xAE, 0xB3, 0xEE, 0x0D, 0x5D, 0x69, 0xB3, 0x71, 0xCB, 0xFC, 0xE0, 0x24,
    0xE9, 0xCA, 0xFD, 0x6C, 0xB2, 0xAD, 0xAF, 0xCC, 0x0F, 0x66, 0xCA, 0x3B, 0x0E, 0x62, 0xEB, 0xCB,
    0xF2, 0x75, 0x66, 0xBE, 0x07, 0xBE, 0xFE, 0x15, 0xD1, 0xB8, 0x34, 0xBB, 0x69, 0x2D, 0xDE, 0xAB,
    0x6C, 0x9D, 0xD1, 0xBC, 0xBB, 0x93, 0xA9, 0x6C, 0xC6, 0xE5, 0x94, 0xF3, 0xB4, 0x9E, 0x36, 0x48,
    0xC7, 0x53, 0xCE, 0x71, 0x93, 0x7E, 0xE3, 0x29, 0xE7, 0x51, 0x29, 0x4A, 0x0A, 0x56, 0x42, 0x19,
    0x5B, 0xA4, 0x75, 0xED, 0x56, 0x60, 0xBF, 0x70, 0x9D, 0xCF, 0xC4, 0x80, 0x77, 0xC6, 0x80, 0xCF,
    0xF8, 0xC9, 0x10, 0xDF, 0xD2, 0x01, 0xE3, 0x03, 0x9B, 0x03, 0xEF, 0xB4, 0x1B, 0xB0, 0x5F, 0x47,
    0x98, 0x3A, 0xE3, 0xBB, 0x1A, 0x7A, 0xA4, 0x24, 0x69, 0x4F, 0xE9, 0xED, 0x94, 0x73, 0x7D, 0xF4,
    0x94, 0x13, 0x2B, 0xCA, 0x7A, 0xE5, 0xEB, 0xBE, 0x01, 0x9D, 0xC3, 0xED, 0xAB, 0x2D, 0xFB, 0x3F,
    0x6F, 0x7B, 0x3A, 0x30, 0xFD, 0xFC, 0xF8, 0xB6, 0x07, 0x4C, 0xFF, 0xE7, 0x6D, 0xCF, 0x08, 0xCE,
    0x7E, 0x76, 0x8F, 0x6F, 0x7F, 0xAE, 0xFE, 0x2F, 0xA2, 0xF9, 0xBF, 0x38, 0xB3, 0xBF, 0x1F, 0xDF,
    0xF6, 0x90, 0x0B, 0xF0, 0x6E, 0xFE, 0xEF, 0xCD, 0xFF, 0x25, 0xA6, 0x8D, 0x92, 0xC3, 0xA5, 0xBF,
    0x3E, 0x89, 0x3A, 0xB1, 0xBF, 0x66, 0x03, 0xE6, 0xD8, 0x0B, 0x75, 0xD6, 0x5F, 0xE3, 0xF5, 0x58,
    0x8B, 0xBD, 0xE2, 0x7C, 0xC9, 0xCD, 0xB0, 0x03, 0x2B, 0x35, 0xD4, 0x28, 0xEA, 0x9F, 0xE9, 0x71,
    0xD7, 0x11, 0x8D, 0xCA, 0x75, 0xF1, 0xDD, 0x5F, 0xAB, 0x7B, 0x05, 0x8A, 0x94, 0xB7, 0x03, 0xDF,
    0xB3, 0x1A, 0xAE, 0x33, 0x66, 0x48, 0xC2, 0x71, 0x65, 0xFA, 0x99, 0x12, 0x56, 0x2A, 0x09, 0xEB,
    0x23, 0xE1, 0x84, 0xC4, 0xF9, 0x1E, 0xF4, 0xE2, 0x29, 0xF6, 0xE3, 0xCD, 0xB4, 0xBF, 0xE2, 0xF0,
    0xAB, 0xCE, 0xC1, 0xDF, 0xC7, 0x4C, 0x2C, 0x57, 0x9C, 0x83, 0xF7, 0xF9, 0x04, 0x8F, 0xBE, 0xC2,
    0x62, 0xD5, 0x2D, 0x6F, 0x00, 0xAF, 0x4F, 0x4A, 0x82, 0x23, 0xE2, 0x50, 0xCB, 0x87, 0xCB, 0x93,
    0x92, 0xE9, 0x05, 0x70, 0xE0, 0x81, 0xD6, 0xAF, 0x72, 0x44, 0x79, 0x12, 0xAD, 0x51, 0x7B, 0x88,
    0x88, 0x0E, 0xBB, 0x98, 0x7B, 0x7C, 0xD8, 0xA9, 0xE2, 0xFC, 0x0A, 0x22, 0x82, 0x4C, 0xFC, 0x6D,
    0x39, 0x7E, 0x90, 0xDB, 0xDB, 0xC9, 0x9A, 0x52, 0x50, 0xA1, 0x31, 0x3F, 0x3D, 0x34, 0x0A, 0xC0,
    0xA7, 0x1A, 0x27, 0x6B, 0x5B, 0x4F, 0x26, 0xB6, 0x9F, 0x61, 0xBD, 0x2E, 0x6E, 0x1A, 0xD7, 0x4A,
    0xB1, 0xA7, 0xDE, 0x9A, 0x23, 0x51, 0xBD, 0xB7, 0xAB, 0x38, 0xA9, 0x8E, 0x7E, 0x91, 0x31, 0x11,
    0x36, 0x80, 0x46, 0x9F, 0x1A, 0x45, 0xA3, 0x53, 0x9A, 0x3D, 0xD1, 0x01, 0x1B, 0xE7, 0xE2, 0x10,
    0xB7, 0xF4, 0x6B, 0x22, 0x0D, 0xED, 0x51, 0xEE, 0x0D, 0x4A, 0xD4, 0x7F, 0x46, 0xDD, 0x25, 0x6F,
    0x5B, 0xD1, 0x2B, 0xBE, 0xA6, 0xD5, 0xAB, 0x99, 0x44, 0x62, 0x39, 0x33, 0xA5, 0x8D, 0x86, 0xDC,
    0x3A, 0xE1, 0x39, 0x81, 0x6E, 0x15, 0x1B, 0xCD, 0xB5, 0xD6, 0x28, 0x75, 0x14, 0x19, 0x67, 0x29,
    0xD5, 0x5C, 0xA3, 0x03, 0x5D, 0x33, 0x86, 0x0A, 0x3E, 0x74, 0xE6, 0xF3, 0x0E, 0x1D, 0x11, 0x73,
    0x19, 0x47, 0x38, 0xB3, 0x97, 0xB3, 0x7B, 0x67, 0xA3, 0xE9, 0xF2, 0x80, 0xA5, 0xD6, 0x05, 0xD4,
    0xFD, 0xD8, 0x1C, 0xFB, 0xA7, 0x3B, 0x28, 0xE6, 0xF3, 0x79, 0x0C, 0x85, 0x25, 0x0E, 0xEA, 0x02,
    0x9A, 0x0A, 0x6E, 0xD8, 0x67, 0x4E, 0xC7, 0x7E, 0xB5, 0xB4, 0xFD, 0x06, 0x35, 0xA9, 0x56, 0x9D,
    0x54, 0xE7, 0x06, 0xEA, 0x3F, 0x38, 0x06, 0x02, 0xFF, 0xFA, 0xC7, 0x40, 0xE1, 0x91, 0x63, 0x20,
    0xF0, 0xE3, 0xC7, 0x40, 0xD7, 0x3C, 0x08, 0x2E, 0x7F, 0xDD, 0x63, 0x20, 0x3B, 0x6B, 0x20, 0x6B,
    0x66, 0x5E, 0xED, 0xF2, 0x80, 0xE7, 0xCC, 0xE1, 0x71, 0x6E, 0x26, 0x5B, 0x5B, 0x1F, 0xA0, 0x57,
    0x6E, 0x14, 0xA7, 0x2C, 0x3B, 0x9C, 0x84, 0xB5, 0xE5, 0x5F, 0x43, 0x2F, 0xA8, 0x5D, 0x1E, 0xA4,
    0x0A, 0x34, 0x91, 0x46, 0x23, 0x3F, 0x40, 0xB5, 0xEB, 0xE1, 0xF4, 0x91, 0xC9, 0xD4, 0xD6, 0xA1,
    0x8F, 0xEF, 0xA6, 0x33, 0x34, 0x66, 0xCB, 0xA4, 0x7F, 0x0D, 0x82, 0x75, 0x57, 0xE2, 0x0A, 0x82,
    0xD7, 0xAF, 0xD4, 0xAE, 0x17, 0xB2, 0xBC, 0x60, 0x29, 0x81, 0x34, 0xD9, 0x4C, 0xE4, 0x0B, 0x61,
    0xF4, 0xBA, 0x3A, 0x6B, 0x79, 0x93, 0x34, 0x5A, 0xD7, 0xDB, 0x60, 0x62, 0x0E, 0xF7, 0x0F, 0x3B,
    0xB8, 0x49, 0xDE, 0x4D, 0x5A, 0xF3, 0xDB, 0x3C, 0x89, 0xD9, 0x70, 0x63, 0xE5, 0xE1, 0x22, 0x59,
    0x51, 0xB4, 0x1B, 0x86, 0xB6, 0x5D, 0xB2, 0x64, 0x6F, 0xD3, 0x31, 0x7C, 0xDB, 0xA4, 0x90, 0xDB,
    0x13, 0xBC, 0xAC, 0x40, 0xDA, 0xCD, 0x55, 0xF2, 0x43, 0xBE, 0x11, 0xC5, 0xCD, 0x45, 0xB2, 0x52,
    0x99, 0x6F, 0x24, 0x9A, 0xC4, 0xD0, 0xF3, 0x6D, 0x06, 0x9F, 0xD7, 0x4B, 0x0B, 0xBF, 0x6D, 0xBC,
    0xF3, 0xB5, 0xFF, 0xBF, 0xF5, 0x46, 0x14, 0xFF, 0x4E, 0x22, 0xD9, 0x84, 0xB3, 0xAB, 0x38, 0xFE,
    0x27, 0x49, 0xEE, 0xA5, 0xFD, 0x9D, 0xB4, 0xBD, 0x93, 0x56, 0x16, 0x47, 0xA6, 0xE2, 0xFC, 0xF4,
    0x49, 0xF0, 0xC4, 0x07, 0x46, 0x51, 0xD1, 0xE7, 0x2C, 0x36, 0x2F, 0xA8, 0xEA, 0x37, 0x7F, 0x69,
    0x97, 0x80, 0xD3, 0x36, 0x76, 0x66, 0x81, 0x6B, 0x61, 0xC5, 0x82, 0xEA, 0xE8, 0xEB, 0xFA, 0x00,
    0xDE, 0xBD, 0x72, 0x00, 0x0C, 0x9B, 0x0D, 0x08, 0x57, 0xEF, 0xC0, 0x1E, 0x3E, 0x2F, 0x74, 0x2E,
    0x98, 0xAC, 0x5B, 0x5A, 0x08, 0xB4, 0x35, 0x60, 0xC0, 0x34, 0xE0, 0x73, 0x7F, 0xFA, 0xEE, 0x29,
    0x2D, 0x81, 0xAB, 0x2B, 0x07, 0x9C, 0x77, 0x88, 0xF7, 0x7D, 0xCF, 0x8D, 0x3B, 0x08, 0x80, 0x8B,
    0xD0, 0x2D, 0x14, 0x6C, 0xFF, 0x87, 0x3B, 0x08, 0x9B, 0x75, 0xDE, 0x50, 0x80, 0x02, 0x7A, 0x98,
    0xFC, 0x84, 0x57, 0x87, 0x1C, 0x5B, 0x3F, 0x51, 0x40, 0x0C, 0xC7, 0x5C, 0x8D, 0x29, 0xF0, 0xF4,
    0x34, 0x37, 0xE0, 0x0A, 0xE0, 0xD6, 0x90, 0x02, 0x1F, 0x60, 0x5A, 0x2F, 0xDE, 0x1F, 0x12, 0x2D,
    0xBA, 0x6B, 0x93, 0xA7, 0xFA, 0x84, 0x09, 0x9C, 0xF8, 0x35, 0xED, 0xA3, 0xB5, 0xB4, 0x90, 0xB8,
    0x98, 0x91, 0x0F, 0xBB, 0x8B, 0x15, 0xF8, 0xF8, 0x39, 0x98, 0x59, 0x74, 0x39, 0x5B, 0xD5, 0xBB,
    0x53, 0x55, 0xD4, 0xD2, 0xFF, 0x95, 0xD3, 0x5F, 0x3E, 0xDD, 0xAB, 0xF5, 0xAE, 0xBE, 0x26, 0x7C,
    0xFB, 0x7D, 0x0D, 0x30, 0xCC, 0xCF, 0x72, 0xB0, 0x3E, 0xD9, 0x5A, 0xC3, 0xEA, 0xDA, 0x24, 0xD9,
    0xD3, 0xEC, 0x66, 0xC2, 0x15, 0x39, 0x61, 0x0C, 0xAD, 0x81, 0xDB, 0x2E, 0x86, 0x10, 0xFB, 0x4B,
    0xA7, 0x98, 0x1B, 0x0B, 0xF9, 0x02, 0x6A, 0xAB, 0x7C, 0x59, 0xD0, 0xF5, 0xB9, 0x05, 0xED, 0x8B,
    0xA3, 0x6E, 0x4D, 0x4E, 0xC4, 0xB6, 0x7D, 0x41, 0xEF, 0x67, 0x9E, 0xBC, 0xFD, 0x9E, 0x79, 0x13,
    0xFE, 0x18, 0x28, 0x15, 0xEC, 0x15, 0x99, 0x32, 0xF4, 0x33, 0xDD, 0xA1, 0x0A, 0xC2, 0xD2, 0xDA,
    0x0C, 0x1A, 0x17, 0x04, 0x8B, 0xA5, 0x77, 0x92, 0x42, 0xA1, 0x10, 0x6B, 0xB1, 0x0E, 0x49, 0xAA,
    0x38, 0xC4, 0x94, 0xA4, 0xE6, 0xA0, 0x84, 0xB3, 0x84, 0x8D, 0x12, 0x5A, 0xAF, 0x35, 0x4B, 0xAA,
    0x59, 0x72, 0x16, 0x40, 0x5B, 0x5F, 0x33, 0x24, 0x98, 0xE3, 0x82, 0x49, 0xE3, 0x04, 0xA9, 0xB8,
    0x93, 0x38, 0xAE, 0x1F, 0x28, 0xB1, 0xD6, 0xA0, 0xDA, 0xB7, 0x3B, 0xA4, 0x7E, 0x31, 0x97, 0x28,
    0x10, 0x2A, 0x4A, 0x84, 0xBE, 0x85, 0x06, 0x44, 0xA9, 0x56, 0x69, 0x98, 0x32, 0xA6, 0xFC, 0xA8,
    0xD5, 0x5B, 0xC4, 0xF2, 0x42, 0x69, 0x35, 0x4A, 0xBE, 0xF8, 0x3C, 0xDF, 0xDA, 0x62, 0x8B, 0x60,
    0x3E, 0x78, 0xC7, 0xEF, 0xE8, 0xDB, 0x57, 0x3B, 0xEA, 0x9A, 0x6D, 0x54, 0x0F, 0x12, 0x96, 0xA8,
    0x0D, 0xDD, 0x81, 0x16, 0xAC, 0x0A, 0xFC, 0xE5, 0xDE, 0xC0, 0x5A, 0x05, 0xA3, 0x9D, 0x54, 0xEB,
    0x3F, 0xF8, 0xC9, 0x12, 0xC2, 0x90, 0x4F, 0x53, 0x70, 0xF7, 0x5D, 0xB5, 0x25, 0x0A, 0x6A, 0x73,
    0x53, 0xB3, 0x14, 0x91, 0xC1, 0xCD, 0x8D, 0x02, 0x49, 0x69, 0x79, 0x12, 0x41, 0xCF, 0x0E, 0xF9,
    0x06, 0xBA, 0x9C, 0xAD, 0x84, 0x29, 0x7E, 0xAD, 0x40, 0xF6, 0x5C, 0xBE, 0xD4, 0xF8, 0x42, 0x3A,
    0xD8, 0xEA, 0x23, 0x3A, 0xE6, 0xA9, 0xD9, 0x99, 0x56, 0xDA, 0x4D, 0x9A, 0x95, 0xE9, 0xDA, 0x85,
    0x3B, 0x18, 0x11, 0x24, 0x3F, 0x24, 0xB5, 0x3D, 0x86, 0x83, 0xB7, 0x01, 0x1A, 0xD2, 0x98, 0x09,
    0xA6, 0x5A, 0x27, 0x37, 0xF7, 0xE3, 0xE0, 0x34, 0xBA, 0xD7, 0xAD, 0xEE, 0xE3, 0x51, 0x6B, 0xF0,
    0x07, 0x5A, 0x07, 0x5E, 0xA5, 0xD5, 0xE7, 0x01, 0xC0, 0x75, 0x65, 0xDE, 0x52, 0x6C, 0xEF, 0x01,
    0xD2, 0xDB, 0x29, 0xFA, 0x0C, 0xA4, 0xD5, 0x9C, 0x25, 0xC8, 0x7F, 0x83, 0x60, 0xFC, 0x98, 0xF0,
    0x17, 0xF8, 0x52, 0x6F, 0x8F, 0xF7, 0x23, 0x76, 0x2E, 0x6E, 0x81, 0xCB, 0xC6, 0x09, 0x1F, 0xF3,
    0x83, 0x61, 0xF6, 0x50, 0xBD, 0x03, 0x1B, 0x62, 0xBB, 0x11, 0x57, 0x81, 0x01, 0x8B, 0xF8, 0xBB,
    0xD2, 0xA2, 0x49, 0x58, 0x6B, 0x15, 0x73, 0x02, 0x26, 0xFF, 0x42, 0xAF, 0x0F, 0x76, 0x44, 0x4D,
    0x95, 0xA1, 0x31, 0xD6, 0x44, 0x8B, 0xB7, 0xC7, 0x37, 0x1E, 0x39, 0xAC, 0x9F, 0x91, 0x78, 0x97,
    0x06, 0x71, 0xE5, 0x21, 0x7D, 0x8F, 0x9C, 0xC0, 0x87, 0x43, 0x0E, 0xCB, 0x70, 0xC4, 0x2A, 0x1A,
    0xE3, 0x4B, 0xB5, 0xD4, 0x30, 0x12, 0x26, 0xCE, 0x59, 0xC0, 0x22, 0x3A, 0xB4, 0xE7, 0xD7, 0x62,
    0x5E, 0xFC, 0x9C, 0x3E, 0x4F, 0xE0, 0x28, 0xD4, 0x27, 0x04, 0xFD, 0x64, 0x27, 0x04, 0x85, 0x31,
    0x4C, 0x82, 0x6E, 0x11, 0x9C, 0x66, 0x01, 0x02, 0xC2, 0xFD, 0x00, 0x26, 0x78, 0xEE, 0x97, 0xFC,
    0xEB, 0x95, 0xA7, 0xFA, 0xD2, 0xCE, 0x39, 0x0D, 0xD0, 0x95, 0xC3, 0xDE, 0x8D, 0x21, 0x80, 0xC4,
    0x5E, 0xC9, 0x33, 0xA1, 0xEF, 0xE6, 0x70, 0xC9, 0x27, 0x59, 0x31, 0xEF, 0xD8, 0xDE, 0x17, 0x2C,
    0x8D, 0x45, 0xB1, 0xE1, 0xD5, 0x52, 0xFF, 0x4B, 0xB5, 0x8E, 0xD2, 0x69, 0x8B, 0xAC, 0xD3, 0x63,
    0x3D, 0x39, 0x2C, 0xA0, 0x04, 0xE5, 0xC9, 0xB6, 0xCF, 0x0F, 0x06, 0xF5, 0x9E, 0xA0, 0x59, 0x3D,
    0xD6, 0x3C, 0x97, 0xB6, 0x0B, 0x32, 0x26, 0xF3, 0x4B, 0x95, 0x2E, 0xBE, 0x3A, 0x60, 0x3E, 0xBE,
    0xAD, 0x83, 0x79, 0x3B, 0x21, 0x46, 0x85, 0x96, 0xCC, 0x32, 0x29, 0xAD, 0x84, 0x12, 0xEB, 0xB7,
    0xDE, 0x05, 0xE7, 0xF0, 0x09, 0xB8, 0x68, 0x18, 0x38, 0x37, 0xDD, 0x44, 0xF8, 0x19, 0xE7, 0x83,
    0x98, 0xDE, 0xC8, 0xA5, 0xB4, 0xDE, 0x60, 0x78, 0xE7, 0x9B, 0x39, 0x95, 0xDD, 0x2E, 0x7E, 0x83,
    0x07, 0xDD, 0x3B, 0x82, 0x3B, 0xDD, 0x8D, 0x46, 0x28, 0x44, 0xBA, 0x93, 0x67, 0x7F, 0x07, 0x34,
    0x69, 0xE7, 0x4A, 0x63, 0x11, 0x35, 0x74, 0xA1, 0x8D, 0xA7, 0x2C, 0xFD, 0x8C, 0xA3, 0xD9, 0x4F,
    0xD0, 0x2F, 0xF7, 0x61, 0x14, 0x08, 0xAB, 0x9B, 0xA2, 0x7C, 0x13, 0xB9, 0xCD, 0x7D, 0x1B, 0x6E,
    0x82, 0xF0, 0xC7, 0x26, 0xBC, 0xD5, 0x9F, 0x5A, 0xF6, 0x55, 0x5A, 0x76, 0x15, 0xFE, 0x4D, 0xBF,
    0x46, 0xA1, 0x0B, 0xB1, 0xA1, 0xE0, 0xA6, 0x13, 0xC2, 0x97, 0xC5, 0xC9, 0x51, 0xA3, 0x80, 0x8A,
    0x16, 0x47, 0x8D, 0x27, 0x8D, 0xE5, 0x51, 0x1E, 0xD5, 0x51, 0x89, 0x7B, 0xB5, 0x25, 0x41, 0xFD,
    0xE4, 0x74, 0xA9, 0x76, 0x68, 0xE7, 0x74, 0xA8, 0x36, 0x19, 0x77, 0xA6, 0x64, 0x5B, 0xC3, 0xF2,
    0x01, 0x57, 0xD4, 0xC6, 0xD4, 0x2F, 0x55, 0xFC, 0x9A, 0x0E, 0xD5, 0x2A, 0x7E, 0xAA, 0xE1, 0xA9,
    0x72, 0xB2, 0xB9, 0xE1, 0x73, 0x34, 0xBF, 0xE4, 0x59, 0xCB, 0x26, 0xC0, 0x9A, 0x63, 0x9D, 0xF7,
    0xE4, 0x00, 0x48, 0x58, 0x76, 0x5F, 0x41, 0xE2, 0xF2, 0x7F, 0xEF, 0x37, 0x51, 0x5B, 0x70, 0xE7,
    0x25, 0xE9, 0x61, 0xE5, 0x49, 0x4C, 0x50, 0xC4, 0xFE, 0x94, 0xE2, 0xAC, 0x0E, 0x81, 0xBA, 0x52,
    0x65, 0xD8, 0x13, 0xD4, 0x09, 0x76, 0x76, 0x88, 0x0D, 0x5A, 0x42, 0x76, 0x83, 0x77, 0xD0, 0xAF,
    0xED, 0x22, 0x0E, 0x0F, 0x58, 0x7C, 0x82, 0x52, 0xE7, 0x6E, 0x6D, 0x7E, 0x1C, 0x5A, 0xD5, 0xAF,
    0xBF, 0x6E, 0xF4, 0xEC, 0xB5, 0xD4, 0xC5, 0x45, 0x58, 0xC5, 0xEB, 0x0B, 0x98, 0x8A, 0x18, 0x41,
    0x10, 0x3B, 0xF8, 0x89, 0xAB, 0xA5, 0x8F, 0xF2, 0xF0, 0xFA, 0x8D, 0xAB, 0x26, 0xFE, 0x28, 0x35,
    0xEA, 0x51, 0xE9, 0x79, 0xB3, 0x17, 0x7E, 0x4E, 0xB1, 0xF3, 0xD2, 0x6C, 0xC5, 0x89, 0x0A, 0xB7,
    0xDF, 0xFD, 0x6C, 0x17, 0x2C, 0x73, 0x74, 0xAA, 0xB9, 0xA5, 0xE8, 0x2D, 0x0B, 0xF4, 0x80, 0x76,
    0x01, 0xE0, 0xC9, 0x23, 0x6A, 0xE6, 0x90, 0xD4, 0xF4, 0x38, 0x85, 0x57, 0x29, 0xB0, 0xDC, 0x24,
    0x3F, 0x18, 0x0C, 0x19, 0x9F, 0x12, 0xE5, 0x63, 0x06, 0xF5, 0x53, 0xB6, 0x94, 0x27, 0xA7, 0x3A,
    0xBE, 0x06, 0x44, 0x73, 0xB4, 0x03, 0xCB, 0x8D, 0xBB, 0xAB, 0xD5, 0x10, 0xDB, 0xEC, 0x66, 0x29,
    0xD1, 0x4C, 0x20, 0x71, 0x49, 0x17, 0x80, 0x6E, 0x7A, 0xF7, 0xEF, 0x53, 0x1D, 0xF7, 0xE6, 0x23,
    0xD6, 0x48, 0xF0, 0x0B, 0x10, 0x46, 0x5E, 0xAE, 0x96, 0xC9, 0x1A, 0xD9, 0x02, 0x4F, 0x9D, 0x90,
    0x54, 0x56, 0x69, 0xD4, 0xF2, 0x46, 0x9B, 0x1F, 0x3D, 0x38, 0xF2, 0x2E, 0x1F, 0xF3, 0x88, 0xF4,
    0x90, 0x03, 0x47, 0x74, 0x6F, 0x8E, 0xF2, 0xE7, 0x07, 0xF4, 0x39, 0xEB, 0x7F, 0x3F, 0xA0, 0x4B,
    0x6C, 0x7F, 0x48, 0x1E, 0xFB, 0x3F, 0x41, 0xCF, 0xB0, 0x3A, 0x57, 0x6D, 0xD0, 0xCE, 0x1D, 0xE0,
    0x36, 0xF4, 0x7B, 0xBD, 0x42, 0xC3, 0xE4, 0xFA, 0x15, 0x3A, 0xB6, 0x73, 0xE2, 0x42, 0x71, 0xF8,
    0xB5, 0xD8, 0x10, 0xED, 0x1B, 0x71, 0x07, 0x58, 0x65, 0x5C, 0x8D, 0xAF, 0xDA, 0x62, 0x21, 0x17,
    0xA7, 0x22, 0xF4, 0x37, 0x0C, 0xF8, 0x96, 0x00, 0x4F, 0x66, 0x76, 0x6E, 0x54, 0xB8, 0x47, 0x01,
    0xAC, 0x5C, 0x9B, 0x1D, 0xA0, 0x27, 0x04, 0xE1, 0x03, 0xC0, 0x6E, 0xE6, 0xBE, 0xC4, 0x4D, 0x96,
    0xB3, 0x73, 0xF6, 0x46, 0xD1, 0x7B, 0x8D, 0xA2, 0x77, 0x2A, 0x47, 0xE0, 0xC5, 0x7C, 0x55, 0xE7,
    0xFE, 0x70, 0x10, 0x7D, 0xAB, 0xE8, 0x74, 0xFB, 0x95, 0x65, 0x9F, 0x03, 0xF5, 0x78, 0x54, 0xEE,
    0xC2, 0x1D, 0x8C, 0x93, 0x34, 0xBB, 0x4F, 0xB0, 0x59, 0x4E, 0xCC, 0xD0, 0x2F, 0x1C, 0xC8, 0xF2,
    0xDA, 0x52, 0xE5, 0xEC, 0xD8, 0xE4, 0xD3, 0x5A, 0xCB, 0x8E, 0x90, 0x10, 0xFE, 0xD2, 0x88, 0x1D,
    0x63, 0xCC, 0xBB, 0xAE, 0x44, 0x4B, 0x26, 0x6B, 0x34, 0x66, 0xEB, 0xC4, 0x6D, 0x4B, 0x45, 0x73,
    0x48, 0xEE, 0x42, 0x13, 0x5E, 0xD6, 0x7F, 0x8B, 0x78, 0x48, 0x20, 0xBC, 0x44, 0xF9, 0xCA, 0xF4,
    0x14, 0x0D, 0xEB, 0x4B, 0xE6, 0x0B, 0xDD, 0x40, 0xE8, 0x15, 0xEF, 0x2F, 0x34, 0x92, 0x58, 0x18,
    0x41, 0x5C, 0xEC, 0xB8, 0x9D, 0x18, 0x15, 0xFE, 0xDF, 0x6B, 0x3E, 0xF6, 0x2C, 0x63, 0xC2, 0xA9,
    0x60, 0x23, 0x2C, 0x48, 0x4F, 0xC4, 0x03, 0x88, 0xFE, 0x35, 0xF2, 0xD1, 0x59, 0x42, 0x6C, 0x78,
    0x60, 0x41, 0x45, 0x6C, 0x76, 0x20, 0x5E, 0x3C, 0x7E, 0xED, 0xE6, 0x02, 0xCB, 0xE6, 0xAD, 0x8F,
    0x74, 0xF4, 0x46, 0x1C, 0x12, 0xFE, 0x13, 0xB3, 0xFC, 0xC3, 0x07, 0xD2, 0xB4, 0x81, 0xBA, 0xDB,
    0x29, 0x37, 0x0B, 0x1F, 0x11, 0xF2, 0x5D, 0x91, 0x89, 0xD6, 0x82, 0x30, 0x68, 0xA5, 0x4A, 0x3F,
    0xD5, 0x47, 0x02, 0x24, 0x81, 0xA1, 0x9F, 0xE5, 0xC9, 0xA5, 0xB0, 0x7A, 0xC2, 0x20, 0x0F, 0xEB,
    0x8B, 0xFD, 0x07, 0xFB, 0xDC, 0x2A, 0x2B, 0x82, 0xB6, 0xCA, 0x35, 0x68, 0x96, 0x30, 0xDF, 0x47,
    0xA1, 0xF1, 0x47, 0xA3, 0xA8, 0x33, 0xBA, 0x8F, 0x1A, 0xBC, 0x0E, 0x37, 0x3F, 0x57, 0xFD, 0x57,
    0x9C, 0x50, 0xFE, 0x62, 0x71, 0x3F, 0x9D, 0x5D, 0x68, 0x74, 0xE8, 0x50, 0xE9, 0x1A, 0x36, 0xA4,
    0xFD, 0x9C, 0xA0, 0x45, 0xAD, 0x6F, 0x37, 0x7B, 0xB8, 0x0C, 0xBD, 0x96, 0xC4, 0xE8, 0x1D, 0xF1,
    0x88, 0x99, 0x75, 0x10, 0x1C, 0xC0, 0xE3, 0xC0, 0x1B, 0xF1, 0x76, 0x23, 0x0A, 0xF6, 0xE0, 0x11,
    0x6F, 0x82, 0x71, 0x23, 0xD1, 0x6E, 0x0A, 0x7D, 0xC9, 0x9B, 0x52, 0xD7, 0x74, 0x43, 0x96, 0x07,
    0x97, 0x5F, 0x64, 0x54, 0xAE, 0x6A, 0x9F, 0xE8, 0x26, 0x8D, 0xFE, 0x6E, 0x87, 0xCF, 0x73, 0x73,
    0xF4, 0xA8, 0x6C, 0x55, 0x91, 0x3D, 0xC6, 0xDC, 0x95, 0x1A, 0xD9, 0x33, 0xB0, 0x0A, 0x24, 0x67,
    0xB5, 0x82, 0x72, 0xC5, 0xD3, 0x36, 0x80, 0x7C, 0x4F, 0x1A, 0x1D, 0x50, 0x9C, 0x1A, 0x1D, 0xA4,
    0xDE, 0xA8, 0xBB, 0x1E, 0xEA, 0x70, 0x34, 0xF3, 0xF4, 0x7D, 0x74, 0x25, 0x12, 0xAB, 0xEB, 0xE7,
    0x7B, 0x9D, 0xED, 0x17, 0x07, 0xD2, 0x26, 0xD7, 0xAB, 0x51, 0x3E, 0xE3, 0x23, 0x3E, 0xCD, 0x9F,
    0x00, 0xC8, 0x48, 0xF4, 0x17, 0x8C, 0xC4, 0x13, 0x70, 0x73, 0xF7, 0xEF, 0x90, 0x26, 0xF4, 0x1A,
    0x98, 0xFC, 0x7F, 0x7B, 0x74, 0x7B, 0x7D, 0xE0, 0x9F, 0x19, 0x20, 0xCB, 0x97, 0xB1, 0x9F, 0xAB,
    0x4D, 0xA2, 0x0B, 0xC9, 0x52, 0x75, 0x53, 0x9D, 0x70, 0x1C, 0x9A, 0x84, 0x1E, 0x93, 0x37, 0x02,
    0x8B, 0x33, 0xE1, 0x5C, 0x1E, 0x7E, 0x68, 0x43, 0x75, 0x8C, 0x53, 0x97, 0xA2, 0x89, 0xF4, 0x8F,
    0xB3, 0xD6, 0xFE, 0x87, 0xD8, 0xA9, 0x7B, 0x8D, 0x2C, 0xDF, 0xDC, 0x46, 0x47, 0x53, 0xEA, 0xA1,
    0x6A, 0xF1, 0xA1, 0x6A, 0x62, 0x5B, 0x34, 0x5D, 0x81, 0xF1, 0x7B, 0xF7, 0xA1, 0x0B, 0x98, 0x42,
    0xC8, 0xC7, 0x3B, 0x0E, 0x2B, 0x3D, 0x7A, 0xE3, 0xE2, 0x44, 0x5D, 0xE7, 0x19, 0xA1, 0xD2, 0xA9,
    0x7A, 0x13, 0xEE, 0x7C, 0x9F, 0x1B, 0xEF, 0x6E, 0xCF, 0x4E, 0xB3, 0x0C, 0x6A, 0x4D, 0x2F, 0xC2,
    0xAB, 0x22, 0xD6, 0xBE, 0xB1, 0x70, 0x61, 0xEA, 0xF7, 0x8B, 0x3C, 0x8D, 0x96, 0x86, 0xE1, 0x56,
    0xB7, 0xE2, 0x18, 0xEF, 0x52, 0x80, 0x81, 0x45, 0x14, 0x96, 0x60, 0x61, 0x0D, 0x06, 0xDE, 0xBF,
    0xF2, 0x11, 0x06, 0x04, 0x3B, 0x45, 0x62, 0x25, 0x7E, 0xF8, 0x00, 0xA6, 0xB7, 0xE5, 0xBF, 0x08,
    0xCB, 0xB1, 0xB0, 0x1E, 0x0B, 0x0B, 0xB2, 0xA0, 0x22, 0xBF, 0x11, 0x96, 0xE4, 0x80, 0x9A, 0xAC,
    0x13, 0x2A, 0x80, 0x25, 0x02, 0x97, 0x43, 0xFB, 0x38, 0xE6, 0x6B, 0x4C, 0xE3, 0x6F, 0xFE, 0x40,
    0x82, 0x4E, 0x60, 0xD5, 0xBA, 0x86, 0x06, 0x50, 0x03, 0x6D, 0x3D, 0x9F, 0x6D, 0xBB, 0x39, 0x81,
    0x86, 0x76, 0xAF, 0x35, 0x34, 0xAA, 0x48, 0xEE, 0x8A, 0x1C, 0xFD, 0xFA, 0x41, 0xBF, 0x4D, 0x50,
    0xC2, 0x4B, 0x00, 0xDD, 0xBC, 0x3D, 0x6C, 0x4C, 0xE8, 0x85, 0xC4, 0xF4, 0x40, 0x7F, 0x9A, 0x0F,
    0x70, 0x03, 0x35, 0xC0, 0xF0, 0x43, 0x62, 0xEA, 0x81, 0x1B, 0x70, 0x9D, 0x33, 0x21, 0x6F, 0xA8,
    0x1A, 0x98, 0x7B, 0x64, 0xA6, 0x82, 0xBB, 0xBC, 0x40, 0x6D, 0x65, 0x0C, 0xED, 0x92, 0x40, 0x14,
    0x79, 0x02, 0xAE, 0x99, 0xBA, 0xA5, 0xD2, 0xB9, 0xD6, 0xA1, 0x5B, 0xD3, 0x73, 0xE1, 0x6E, 0x1C,
    0xDA, 0xA8, 0x5D, 0x8C, 0xE3, 0xD2, 0xE8, 0xD1, 0xEA, 0x8E, 0x06, 0x06, 0x1F, 0xF0, 0x07, 0xFC,
    0xF7, 0xD5, 0xFF, 0xBB, 0xFA, 0xBE, 0xCE, 0xFA, 0x6A, 0xD6, 0x57, 0xB3, 0xBE, 0x51, 0xEC, 0xFA,
    0x41, 0xE6, 0x33, 0xF3, 0xF1, 0x38, 0xB3, 0x12, 0x5C, 0xE1, 0xE3, 0x2A, 0xC1, 0x27, 0x58, 0x17,
    0xEC, 0xBC, 0x3F, 0x6C, 0x12, 0x60, 0xB9, 0x4F, 0x98, 0x62, 0x1B, 0x80, 0xCD, 0x9C, 0x62, 0x26,
    0x2A, 0xCA, 0xAA, 0x4A, 0x0F, 0x70, 0x81, 0x50, 0xC6, 0x04, 0x78, 0xDE, 0xF2, 0x53, 0x3C, 0xD4,
    0xB5, 0xAA, 0xBC, 0x5F, 0xDA, 0x10, 0x4C, 0x12, 0x05, 0xF9, 0x61, 0xDC, 0x41, 0x82, 0x51, 0xB0,
    0x99, 0xCA, 0xB4, 0xDA, 0x43, 0xF4, 0x44, 0x45, 0x22, 0x8D, 0x03, 0x9A, 0x47, 0x3C, 0xBE, 0x3C,
    0xB8, 0x23, 0xAD, 0x50, 0x0A, 0xEA, 0x13, 0x14, 0x8A, 0x98, 0x08, 0x0F, 0x6E, 0xAA, 0x9D, 0x54,
    0x6F, 0x54, 0xA0, 0x49, 0x34, 0xB1, 0xBF, 0x19, 0xA7, 0x16, 0xCD, 0x8D, 0x4F, 0xBA, 0xA4, 0xA5,
    0x69, 0x47, 0x80, 0x13, 0x8E, 0xC3, 0x3A, 0x2E, 0xCE, 0xAB, 0x5A, 0xD0, 0x09, 0x0A, 0x41, 0x9B,
    0xEB, 0xFF, 0x9D, 0x01, 0x0D, 0x30, 0x3C, 0xC6, 0xC6, 0xC0, 0x18, 0x15, 0x63, 0xE1, 0x0F, 0x83,
    0x61, 0x24, 0x0C, 0x83, 0x31, 0x54, 0xED, 0xD7, 0x6D, 0x3F, 0x79, 0xC3, 0xBE, 0x50, 0x8F, 0x04,
    0xAF, 0x54, 0x90, 0x0B, 0xA7, 0x1A, 0x71, 0xAE, 0x03, 0xE2, 0x6C, 0x47, 0x50, 0x98, 0x01, 0xEF,
    0xDD, 0xBE, 0x5A, 0x60, 0xDA, 0x82, 0xE2, 0x3B, 0x5F, 0x37, 0xB1, 0x56, 0x52, 0x55, 0xDE, 0xC7,
    0x06, 0xE4, 0x0F, 0x51, 0xFD, 0xFC, 0x67, 0x7E, 0x11, 0x87, 0x60, 0xD4, 0x74, 0xE2, 0x07, 0xD9,
    0x8C, 0x62, 0x80, 0x11, 0xA8, 0xE0, 0x4A, 0x37, 0x85, 0x9B, 0x5D, 0xC6, 0xB7, 0x9A, 0x16, 0x70,
    0xA1, 0x78, 0xFE, 0xB5, 0x55, 0x78, 0xAA, 0xD5, 0xAE, 0x0D, 0xF2, 0x0C, 0xFB, 0x30, 0x50, 0xB7,
    0x80, 0x54, 0xE7, 0x44, 0xF8, 0x52, 0xA2, 0x3E, 0x53, 0xB0, 0x06, 0x0D, 0xD4, 0x6C, 0x24, 0xEC,
    0xF1, 0x12, 0xA1, 0x2F, 0xEB, 0x31, 0x4D, 0xC7, 0xA1, 0x5B, 0x0B, 0x1D, 0xBC, 0xB4, 0xF1, 0x55,
    0x14, 0x85, 0xA9, 0x3C, 0x51, 0xC0, 0x49, 0xC6, 0xFD, 0x51, 0x01, 0x10, 0x3B, 0xB1, 0x1A, 0x8E,
    0xE8, 0xF5, 0x55, 0x52, 0x0B, 0x9B, 0x02, 0x1D, 0x9A, 0x8D, 0xC1, 0xB6, 0x50, 0x13, 0x38, 0xA3,
    0xFC, 0xDC, 0xD3, 0xC0, 0xD9, 0x1E, 0x58, 0x34, 0x8A, 0xD4, 0x1D, 0x58, 0xCA, 0x59, 0xCC, 0x47,
    0x34, 0x4E, 0xE3, 0xF0, 0xEC, 0x10, 0xBF, 0x60, 0xBC, 0xE3, 0xBF, 0xDB, 0xBB, 0x7A, 0x20, 0xCB,
    0xB1, 0xAB, 0x2C, 0x3D, 0xED, 0xB4, 0x28, 0x04, 0xA5, 0x0D, 0x76, 0x0A, 0x28, 0x28, 0x44, 0x40,
    0x82, 0xA9, 0xB2, 0x52, 0x07, 0xBB, 0xFD, 0xB4, 0x6C, 0x40, 0x40, 0xB0, 0x0E, 0x76, 0xCA, 0x45,
    0x11, 0x6C, 0x42, 0x64, 0x07, 0x9D, 0x38, 0x70, 0xE0, 0x1D, 0x09, 0x6F, 0xE0, 0xC0, 0x01, 0x9D,
    0x38, 0x72, 0x80, 0x03, 0x02, 0xDC, 0x13, 0x8C, 0x03, 0x57, 0xE1, 0x60, 0x77, 0xAF, 0x30, 0x81,
    0x03, 0x12, 0x15, 0x94, 0x63, 0x84, 0x3D, 0x36, 0xE5, 0x71, 0x60, 0x19, 0x64, 0x50, 0xCF, 0x4A,
    0x3A, 0xCC, 0xF7, 0x9D, 0xFB, 0xEE, 0xBB, 0x6A, 0xCD, 0xEB, 0x99, 0x65, 0xD7, 0x3D, 0x33, 0x3D,
    0x56, 0xAD, 0xCF, 0x91, 0xA7, 0xBA, 0xFB, 0xDD, 0x77, 0xCE, 0xD5, 0x3D, 0x7F, 0xDF, 0x39, 0x92,
    0x96, 0xAA, 0x53, 0xB7, 0x02, 0xE4, 0xBB, 0x3C, 0xA7, 0x1D, 0x54, 0x3F, 0x67, 0xE6, 0x76, 0x76,
    0x67, 0xD2, 0x6F, 0x39, 0xAD, 0x5F, 0x7D, 0x70, 0x5D, 0x84, 0x45, 0x10, 0x77, 0x69, 0x13, 0xA4,
    0x70, 0x82, 0xD3, 0x0E, 0x9E, 0x70, 0xAB, 0x0E, 0xC0, 0x53, 0x5B, 0x15, 0xAF, 0x84, 0x45, 0x63,
    0x90, 0x23, 0x59, 0xE7, 0x4D, 0xB8, 0x27, 0xB6, 0x20, 0x1A, 0x11, 0x4F, 0xF4, 0x66, 0x48, 0xC2,
    0xF7, 0xB9, 0x67, 0xEA, 0x68, 0x00, 0x2C, 0xFC, 0xC3, 0xF3, 0xB2, 0x8B, 0xA5, 0x4E, 0xBB, 0x18,
    0x8F, 0x73, 0x32, 0x21, 0xA0, 0xA0, 0xDB, 0xDF, 0x83, 0x74, 0x96, 0xB4, 0x44, 0xEA, 0xE6, 0x8D,
    0xE6, 0x3E, 0x34, 0xF2, 0x53, 0x42, 0x07, 0x1C, 0x49, 0xE4, 0x03, 0xB9, 0x1B, 0x26, 0xF2, 0x14,
    0x21, 0xD5, 0x81, 0x34, 0xFB, 0xDE, 0x0B, 0xFC, 0xF0, 0x86, 0x91, 0x0F, 0xEB, 0xA6, 0x83, 0x2D,
    0x85, 0x26, 0xD3, 0xAE, 0xAC, 0x17, 0xAF, 0xA4, 0x7C, 0x35, 0x99, 0x25, 0x9B, 0x53, 0xB4, 0x49,
    0x25, 0x43, 0xCF, 0xBA, 0x20, 0x76, 0x21, 0xAD, 0x21, 0x8D, 0x2A, 0x6B, 0xDD, 0x1F, 0xBE, 0x7F,
    0x56, 0x40, 0x97, 0x15, 0xD6, 0x53, 0xA8, 0xF2, 0x94, 0xF0, 0x13, 0x7D, 0xCF, 0xFA, 0xDB, 0x41,
    0x8A, 0x67, 0x29, 0xA6, 0xE7, 0xEF, 0xE9, 0xF2, 0x06, 0x95, 0x39, 0x17, 0x7A, 0xF2, 0xCA, 0x4F,
    0x4C, 0x15, 0x4D, 0x41, 0x56, 0x45, 0x43, 0x90, 0x15, 0xF1, 0x10, 0xFC, 0xA6, 0xED, 0xD1, 0x12,
    0x2E, 0x8A, 0xC7, 0xAF, 0x96, 0xB0, 0x3B, 0x3D, 0x05, 0x29, 0x30, 0xA6, 0x45, 0x8E, 0x21, 0xD9,
    0x63, 0x48, 0xFC, 0x18, 0x12, 0x2F, 0xBF, 0x6E, 0x7A, 0xAC, 0xAA, 0x51, 0x7C, 0x87, 0x26, 0x3E,
    0xFE, 0x44, 0x1D, 0xE7, 0x22, 0x14, 0x7A, 0xD2, 0xAF, 0x2C, 0x0E, 0x54, 0x19, 0x83, 0x93, 0x01,
    0xA7, 0x69, 0xD2, 0x7B, 0x78, 0x92, 0xD6, 0x66, 0x7A, 0xD5, 0x47, 0xD7, 0xFF, 0xA0, 0xF0, 0x02,
    0xEE, 0x8C, 0xF0, 0xB7, 0x18, 0x3F, 0xBD, 0xBC, 0x0D, 0x47, 0xF3, 0xEE, 0x68, 0xDE, 0x18, 0xB7,
    0x21, 0x96, 0xF9, 0x49, 0xFD, 0x65, 0x76, 0xE9, 0x68, 0x45, 0xC7, 0xFE, 0x2F, 0x1A, 0xB8, 0x7B,
    0xFC, 0x6B, 0x63, 0xA1, 0x8D, 0xA1, 0x61, 0xDC, 0xB8, 0xEE, 0xC8, 0xDB, 0x7A, 0x1D, 0x79, 0x66,
    0x8D, 0x89, 0x0A, 0x27, 0x7D, 0x3E, 0x22, 0xFF, 0x7F, 0x6A, 0x5A, 0x9C, 0x59, 0xD9, 0x36, 0xCC,
    0x39, 0x6D, 0x67, 0xCD, 0xB9, 0x33, 0x99, 0x51, 0x78, 0xFC, 0x88, 0xC5, 0x0F, 0x02, 0xCB, 0x8C,
    0x35, 0xE3, 0x42, 0x3E, 0x3A, 0xAE, 0xE0, 0x91, 0x21, 0x98, 0xF2, 0x7B, 0x00, 0xF6, 0x85, 0x22,
    0x4C, 0x6C, 0x6C, 0xE8, 0x99, 0x47, 0x5D, 0xC4, 0xB2, 0x52, 0x0C, 0x77, 0x24, 0x43, 0xEF, 0x28,
    0x1C, 0xBA, 0x06, 0xD8, 0x99, 0x81, 0xB1, 0x30, 0x38, 0xC3, 0x26, 0x9A, 0xD0, 0x50, 0x18, 0xAD,
    0x14, 0xF0, 0x52, 0xE5, 0x1B, 0x4C, 0x7B, 0xD0, 0x6E, 0x53, 0x02, 0xD2, 0x68, 0x32, 0xE1, 0x2D,
    0x5F, 0x0B, 0xAC, 0x60, 0xD3, 0xD3, 0x81, 0x36, 0xF0, 0xB5, 0x62, 0x07, 0x8F, 0x04, 0x4B, 0xF7,
    0xAC, 0x25, 0xCB, 0x7E, 0x08, 0x43, 0x8A, 0xAB, 0xCD, 0xC8, 0x06, 0xA4, 0x18, 0x7A, 0xD8, 0x1A,
    0x2C, 0x60, 0x52, 0x95, 0x91, 0x55, 0xC1, 0xC4, 0xA3, 0x60, 0x33, 0x32, 0x07, 0x80, 0xBC, 0x29,
    0x9C, 0x8A, 0xDE, 0x00, 0xFA, 0x66, 0x5A, 0x51, 0x7F, 0x44, 0xD4, 0x1F, 0xD7, 0x87, 0xEC, 0xE3,
    0x9E, 0x63, 0x1F, 0x5C, 0x3C, 0xC7, 0x22, 0xA9, 0xD3, 0x7E, 0x71, 0x8E, 0x25, 0x87, 0xCF, 0xB1,
    0x7C, 0x71, 0x8E, 0x0D, 0x58, 0xFC, 0x5C, 0xAA, 0x76, 0x97, 0x96, 0x49, 0x13, 0xF8, 0x19, 0x08,
    0x44, 0x1B, 0x31, 0x3E, 0x24, 0x22, 0xBF, 0x72, 0xC2, 0xBD, 0xCA, 0x54, 0x1A, 0x73, 0x15, 0x41,
    0xF0, 0x69, 0x07, 0x83, 0x2A, 0xBB, 0xDD, 0x21, 0x10, 0x52, 0x82, 0xDA, 0xB2, 0xF2, 0x74, 0x73,
    0x8A, 0x1A, 0xC2, 0xA4, 0x15, 0x58, 0x95, 0x2B, 0x4A, 0xEB, 0x03, 0xB0, 0x4C, 0x1F, 0x6A, 0x04,
    0x41, 0xCB, 0xEB, 0x9A, 0x87, 0xEE, 0x57, 0x2C, 0x7E, 0xDA, 0xD5, 0x08, 0x24, 0x69, 0x77, 0x28,
    0x98, 0x4C, 0x2D, 0x21, 0x48, 0xC1, 0xB2, 0xED, 0x99, 0x1E, 0x5E, 0x6A, 0x7F, 0x96, 0xF8, 0xBB,
    0x4F, 0x9D, 0xC9, 0xFD, 0xB3, 0x4A, 0x31, 0x72, 0x4A, 0x6F, 0x23, 0x72, 0xA8, 0xDE, 0x23, 0x1D,
    0xE1, 0xE6, 0x17, 0x9F, 0xDD, 0x00, 0x2F, 0x6B, 0x51, 0x70, 0x91, 0xEC, 0xD1, 0xA1, 0xD1, 0x0C,
    0x74, 0x28, 0x5C, 0x1F, 0x0D, 0x8B, 0x6D, 0x7C, 0x0C, 0x61, 0x92, 0xBA, 0x28, 0xD9, 0x45, 0xC6,
    0x1B, 0xA9, 0x59, 0xEE, 0x67, 0x8E, 0x62, 0x70, 0x27, 0x6A, 0x00, 0x62, 0xC6, 0x7C, 0x60, 0x38,
    0xCA, 0x35, 0x9E, 0xFC, 0x2F, 0x17, 0x1C, 0x7F, 0x58, 0xEB, 0xBA, 0xB5, 0x88, 0xA8, 0x89, 0xE3,
    0x74, 0x70, 0x25, 0xC5, 0xBC, 0x27, 0x13, 0x41, 0x65, 0x11, 0x8B, 0x42, 0x87, 0x51, 0xB1, 0x6D,
    0xF2, 0x9A, 0x15, 0xAF, 0xAD, 0x63, 0x03, 0x18, 0x8D, 0x6D, 0x53, 0xEA, 0xB9, 0xCA, 0xE2, 0xA3,
    0xA9, 0x90, 0x62, 0xFA, 0x06, 0xFF, 0x3C, 0x32, 0x81, 0x9A, 0x33, 0xF6, 0x3A, 0xC9, 0x6E, 0xE1,
    0x82, 0xFD, 0xD6, 0x44, 0x66, 0xB7, 0xB8, 0x0B, 0xE4, 0xEC, 0xEC, 0xCC, 0xD4, 0x81, 0x87, 0xC1,
    0x75, 0xB8, 0x22, 0x0D, 0x20, 0x52, 0x87, 0xFA, 0xC9, 0x1B, 0xBB, 0x8D, 0xF8, 0xA3, 0xF4, 0x98,
    0x28, 0x51, 0x5C, 0x92, 0x0C, 0xF6, 0xAE, 0xFC, 0xBB, 0x96, 0x1C, 0x02, 0x9A, 0xED, 0x3F, 0x2D,
    0xBA, 0x40, 0xB4, 0xB9, 0x7A, 0x8A, 0x7B, 0x0B, 0x00, 0xE8, 0x93, 0x2E, 0xB1, 0x55, 0x73, 0x86,
    0xB7, 0x3C, 0x2C, 0x6C, 0xC9, 0x5A, 0xDD, 0x76, 0x7D, 0x58, 0x78, 0x57, 0xD0, 0x07, 0x4B, 0x11,
    0x22, 0x30, 0xC6, 0xC9, 0x34, 0xDC, 0x29, 0x15, 0xD8, 0xD2, 0x05, 0x47, 0x40, 0x63, 0xDC, 0x0B,
    0x4E, 0xA6, 0x80, 0xA8, 0xA9, 0x39, 0xE2, 0xAE, 0xE8, 0x53, 0x99, 0xB4, 0x0D, 0xDA, 0xF6, 0xEB,
    0x39, 0x6E, 0xEE, 0x9F, 0xDD, 0x51, 0x18, 0xA2, 0xEB, 0x5C, 0x57, 0xA8, 0x3A, 0xD3, 0xF9, 0x7C,
    0x38, 0x07, 0x5D, 0xB9, 0xC2, 0xB6, 0xC2, 0x52, 0x4E, 0xB9, 0x56, 0xFB, 0xE5, 0x44, 0xF5, 0xBF,
    0x11, 0xED, 0x2B, 0x88, 0x47, 0x76, 0xDE, 0xE1, 0x49, 0x68, 0xD5, 0x10, 0xA7, 0x2D, 0xE2, 0x3D,
    0x53, 0xA1, 0x0E, 0xC0, 0xAF, 0x53, 0x6F, 0x26, 0x54, 0x88, 0xCB, 0x7B, 0x81, 0x9C, 0x1A, 0x62,
    0xF5, 0xA4, 0x07, 0x18, 0x6E, 0xC6, 0xE9, 0xE8, 0xF0, 0xCB, 0xF3, 0x6E, 0x87, 0xBA, 0x29, 0x0D,
    0xF9, 0xA0, 0xF8, 0xE5, 0x8D, 0x50, 0x7A, 0x13, 0xF1, 0xCB, 0x5E, 0x7E, 0x29, 0x27, 0xDD, 0x36,
    0xA4, 0xF7, 0x1F, 0x6A, 0x55, 0x20, 0x76, 0x51, 0x6A, 0xF1, 0xCB, 0xA4, 0x23, 0x68, 0x42, 0x9A,
    0x0E, 0x10, 0xA3, 0x02, 0x00, 0xB7, 0xED, 0xB6, 0xF5, 0xF1, 0xCB, 0xB0, 0x23, 0x91, 0x9B, 0xD2,
    0x40, 0x4C, 0xF7, 0x39, 0xB7, 0xD3, 0x32, 0x0F, 0x9F, 0x1F, 0xCE, 0xC3, 0x27, 0xBD, 0x86, 0x79,
    0x3F, 0xB8, 0xF5, 0x57, 0x03, 0x56, 0xD1, 0x1B, 0x92, 0x27, 0xCA, 0xC3, 0xB7, 0x5E, 0x1E, 0x9E,
    0xA8, 0x88, 0xA3, 0x7F, 0x28, 0xE9, 0xF7, 0x8E, 0x0C, 0xF8, 0x65, 0x00, 0x1A, 0x6E, 0x23, 0x7D,
    0x34, 0xD3, 0xEA, 0x41, 0x28, 0xAC, 0x5A, 0xAC, 0x70, 0xA7, 0x05, 0x6B, 0xDB, 0x26, 0x20, 0x53,
    0x14, 0x04, 0xAD, 0x72, 0x59, 0x45, 0x3D, 0x58, 0x9D, 0x74, 0x54, 0x3F, 0xD5, 0x0B, 0xC3, 0x46,
    0x86, 0x5F, 0x63, 0xE1, 0x1D, 0xAC, 0xD5, 0x74, 0xDD, 0x0F, 0xB5, 0x11, 0xF7, 0xBF, 0x7B, 0xB2,
    0x0F, 0x3B, 0x32, 0x69, 0x9C, 0x67, 0x00, 0x56, 0xB8, 0x9E, 0x4D, 0x2E, 0x6B, 0x79, 0x85, 0xAC,
    0xF9, 0x96, 0x1D, 0xF3, 0xD5, 0xDD, 0x09, 0xE4, 0x8C, 0xCD, 0x91, 0x4C, 0x45, 0x62, 0x4F, 0x1C,
    0x6D, 0xB9, 0x54, 0x40, 0x9F, 0xB6, 0xCA, 0x2B, 0xF2, 0x9D, 0xD8, 0xF7, 0x89, 0x3B, 0x71, 0x8E,
    0xA9, 0xE7, 0xB4, 0x05, 0xCD, 0x6A, 0xD7, 0x06, 0x5A, 0x96, 0x7A, 0x76, 0x93, 0x8E, 0xA4, 0x0A,
    0x7F, 0xED, 0x16, 0x4B, 0x20, 0x7D, 0x4F, 0x5B, 0x73, 0x26, 0xB5, 0x15, 0x65, 0xAA, 0x96, 0x20,
    0xD2, 0x6F, 0xF4, 0x15, 0xB2, 0xA4, 0x1E, 0xC0, 0xA2, 0xFA, 0xBB, 0x81, 0x5E, 0xD7, 0x44, 0x0D,
    0x21, 0x73, 0x06, 0x5B, 0x0A, 0x71, 0xFB, 0x2E, 0x68, 0xFA, 0xBD, 0x81, 0xB6, 0x67, 0xA4, 0x19,
    0xBA, 0x8D, 0x9F, 0xE9, 0xB7, 0x74, 0xE5, 0x7F, 0x1B, 0xF4, 0x59, 0x53, 0xE1, 0xC7, 0x68, 0x90,
    0xFA, 0xF9, 0x65, 0x0D, 0x52, 0x8D, 0x6D, 0x90, 0xAA, 0x1F, 0xD3, 0x20, 0xF5, 0xAE, 0x6D, 0x90,
    0xFA, 0x9A, 0x6D, 0x90, 0x7A, 0x7B, 0xD7, 0x20, 0x55, 0x28, 0x9F, 0x9F, 0xA0, 0x41, 0xEA, 0x54,
    0x1B, 0xA4, 0x18, 0x37, 0x91, 0x2F, 0x5B, 0xA5, 0x13, 0xF2, 0x35, 0x30, 0x36, 0x57, 0xE6, 0x12,
    0xCB, 0xAF, 0xBA, 0x7A, 0x18, 0x3D, 0x29, 0x2D, 0x59, 0x6B, 0xCD, 0x5A, 0x8B, 0xD6, 0x07, 0xAB,
    0xD6, 0x4F, 0x27, 0x73, 0x5E, 0x31, 0x73, 0x0E, 0xFC, 0x80, 0x8B, 0xBA, 0x5C, 0xAA, 0x34, 0xEC,
    0x9D, 0x2F, 0x14, 0x44, 0xED, 0x42, 0xDB, 0x80, 0x74, 0x33, 0x96, 0xA6, 0x8F, 0x34, 0x2F, 0xC1,
    0xFB, 0xDA, 0x3A, 0x40, 0xFA, 0x68, 0xF0, 0xBE, 0xC8, 0x29, 0xE9, 0xC8, 0x1C, 0x81, 0x40, 0xD3,
    0xA1, 0x68, 0xFC, 0x4A, 0x6A, 0xFF, 0x6B, 0x58, 0x9F, 0x5C, 0xB6, 0x2E, 0x1B, 0x05, 0xD6, 0xF1,
    0x39, 0xC6, 0xC9, 0xCC, 0xB0, 0x71, 0x08, 0xB6, 0xA2, 0x91, 0xBA, 0x9A, 0x83, 0x80, 0xD9, 0xCE,
    0x9C, 0x51, 0xD3, 0xE1, 0x40, 0xD5, 0x88, 0x70, 0x89, 0x5F, 0x98, 0xBF, 0xF5, 0x09, 0xE5, 0x40,
    0x0F, 0x37, 0x9A, 0xF8, 0x8D, 0xDC, 0x1A, 0x2E, 0xC6, 0x1E, 0x65, 0xA9, 0xE1, 0x25, 0x66, 0xC5,
    0x5F, 0xCD, 0x10, 0x5D, 0x1D, 0x53, 0x02, 0x19, 0x0E, 0xA9, 0x1F, 0x9C, 0x8C, 0xBB, 0x06, 0xDC,
    0x52, 0xE9, 0xD7, 0x83, 0x81, 0x8E, 0xD1, 0x97, 0x3E, 0x7A, 0xA3, 0x89, 0xE6, 0x69, 0xF3, 0xF9,
    0x51, 0x95, 0xDA, 0x71, 0x5F, 0xA9, 0x55, 0xC8, 0x22, 0xE8, 0x44, 0x3A, 0x92, 0x0E, 0xA0, 0x71,
    0x0F, 0x19, 0x2E, 0x2B, 0xB5, 0x2F, 0xC1, 0x2D, 0x6D, 0x5F, 0xA3, 0x43, 0x5A, 0xB2, 0x52, 0x9B,
    0xB3, 0x52, 0x7B, 0x77, 0xF6, 0x80, 0x93, 0x23, 0x2B, 0xB5, 0x1F, 0xD0, 0x85, 0x3E, 0x66, 0x9C,
    0xFA, 0xD2, 0xB2, 0xDE, 0x26, 0xAA, 0xB7, 0xDE, 0xAB, 0xD4, 0xBA, 0x00, 0xE0, 0xAF, 0x49, 0x07,
    0x90, 0x90, 0x74, 0xD3, 0xEF, 0x1B, 0x10, 0x62, 0x36, 0xF9, 0xBF, 0xAD, 0x08, 0xF7, 0x56, 0x29,
    0x9B, 0x96, 0x4E, 0x0F, 0xC3, 0x3C, 0xAF, 0xBA, 0x41, 0x9D, 0xD7, 0x31, 0xE9, 0x3B, 0x6A, 0xEE,
    0x48, 0x21, 0x73, 0xE6, 0xCB, 0x49, 0x43, 0xA3, 0xD3, 0x7A, 0x0E, 0x2F, 0xE5, 0xF2, 0x42, 0xF7,
    0x92, 0x86, 0x33, 0xE9, 0xA5, 0x4D, 0x36, 0xEA, 0x47, 0xC6, 0x2B, 0xF9, 0x68, 0xD2, 0x4D, 0x2A,
    0x77, 0xF4, 0x97, 0xED, 0x27, 0x34, 0x52, 0x8C, 0x34, 0x2C, 0x7F, 0x7C, 0x4B, 0x0B, 0xAA, 0x85,
    0x9D, 0xA7, 0x75, 0xA3, 0xFC, 0xC1, 0x2D, 0x7E, 0xB9, 0xC7, 0xCB, 0x59, 0x2E, 0x93, 0xF3, 0x1E,
    0xCD, 0x91, 0xE8, 0x22, 0x71, 0x70, 0x49, 0x10, 0x37, 0x20, 0x35, 0xAA, 0xDD, 0x95, 0x26, 0x41,
    0x40, 0x98, 0x73, 0x24, 0xB9, 0x33, 0x9F, 0x59, 0x61, 0xC4, 0x24, 0x3D, 0xE5, 0x71, 0x60, 0x86,
    0x94, 0x95, 0x82, 0x59, 0x49, 0x21, 0x1A, 0xF0, 0x41, 0x90, 0x45, 0x4D, 0x59, 0xE8, 0x48, 0x89,
    0x6A, 0xB9, 0xE7, 0x54, 0x0A, 0x3F, 0xB1, 0xC8, 0x3B, 0x21, 0x45, 0x5A, 0xEC, 0x3C, 0x14, 0x7B,
    0xEA, 0x81, 0xA2, 0x61, 0xA7, 0xE2, 0xC9, 0x5D, 0x90, 0x72, 0x57, 0xE0, 0x87, 0x97, 0xC3, 0x1B,
    0x88, 0x71, 0xFD, 0x7D, 0x9A, 0x37, 0x33, 0x05, 0xD1, 0xC4, 0x5A, 0x08, 0xDB, 0x4E, 0xA5, 0xDB,
    0x57, 0xBB, 0x2D, 0xB2, 0xB8, 0x10, 0x90, 0x13, 0x7C, 0x28, 0xCA, 0x46, 0xEC, 0xEA, 0xC5, 0xAA,
    0x8E, 0x17, 0x5F, 0xF0, 0xF3, 0x45, 0x90, 0xA1, 0x90, 0x95, 0xB3, 0x7C, 0x31, 0xBD, 0x3D, 0x05,
    0xDB, 0x26, 0x9A, 0xF5, 0x23, 0xD9, 0x70, 0x5C, 0x82, 0x98, 0x02, 0x84, 0xD8, 0x6C, 0x47, 0xEC,
    0x33, 0xB0, 0xD9, 0xCF, 0xC4, 0x72, 0x53, 0xB8, 0xE0, 0xD1, 0x1B, 0x9A, 0x84, 0x49, 0x4B, 0xD6,
    0x2F, 0x6C, 0xFF, 0xFF, 0x83, 0x7D, 0xFF, 0x7F, 0xE3, 0xFA, 0xFF, 0x5D, 0x3D, 0x24, 0xBF, 0xF4,
    0x2E, 0xAB, 0xDC, 0x5D, 0xE1, 0xEE, 0x48, 0x79, 0xF7, 0x38, 0x2C, 0x63, 0xFA, 0xFF, 0xC4, 0x32,
    0x0E, 0x8F, 0xC7, 0x32, 0xC6, 0x3B, 0x2C, 0x63, 0xAC, 0x58, 0xC6, 0x62, 0x72, 0x58, 0xC6, 0x68,
    0x89, 0x65, 0x1C, 0x1E, 0xDE, 0x8A, 0xA9, 0x15, 0xCB, 0xC8, 0x38, 0xB8, 0x40, 0x02, 0x4A, 0x6A,
    0x8B, 0x65, 0x2C, 0x2B, 0x97, 0xFE, 0x72, 0x9E, 0xD5, 0xC1, 0x9B, 0x63, 0x52, 0x5E, 0xCF, 0xCA,
    0x04, 0x85, 0xDF, 0xE1, 0xCF, 0x77, 0x3B, 0x12, 0xB7, 0x20, 0x0D, 0x83, 0x17, 0xDC, 0x81, 0x5C,
    0x19, 0x56, 0xB3, 0x64, 0x35, 0xB0, 0x02, 0x29, 0x54, 0x6C, 0x96, 0x1C, 0xFF, 0xCA, 0x86, 0x76,
    0xD5, 0x60, 0x90, 0xE6, 0xE1, 0x19, 0x00, 0xF5, 0x63, 0x67, 0x00, 0x6C, 0x1E, 0x3D, 0x03, 0xE0,
    0xDC, 0xCE, 0x00, 0xA8, 0x35, 0xBE, 0x58, 0xE4, 0x14, 0xF3, 0x6A, 0xC1, 0x0A, 0x65, 0x81, 0xCF,
    0xFE, 0x10, 0x8E, 0xF7, 0x1D, 0x81, 0x41, 0x13, 0x41, 0x5C, 0x22, 0xE7, 0x38, 0xAB, 0x34, 0x34,
    0x2A, 0x35, 0x28, 0x02, 0xD5, 0xDA, 0x05, 0xD3, 0xFB, 0xF3, 0x5D, 0xB4, 0xF5, 0x79, 0xFD, 0xA5,
    0x28, 0x20, 0x83, 0x2A, 0xCA, 0x4E, 0xBB, 0x9C, 0x70, 0x34, 0x11, 0x09, 0xCE, 0xF2, 0xBC, 0x1E,
    0xCE, 0xA7, 0xA0, 0x66, 0x86, 0x2A, 0xCB, 0x09, 0xFA, 0xBE, 0xA9, 0xEE, 0xD7, 0x9A, 0x0E, 0x1E,
    0xFD, 0xAC, 0x6B, 0x98, 0x54, 0xFB, 0x15, 0x70, 0x2A, 0xDB, 0xCC, 0x38, 0xCA, 0xA8, 0x33, 0x23,
    0xD4, 0x87, 0x6B, 0xBE, 0x02, 0xD3, 0x25, 0xFD, 0xA2, 0xA5, 0x76, 0xFE, 0xAB, 0x61, 0x3B, 0xC0,
    0x8F, 0xFE, 0x75, 0xC4, 0x17, 0xFF, 0xD1, 0xF7, 0x07, 0xD5, 0x47, 0xA7, 0x8A, 0xA8, 0x95, 0xB5,
    0x60, 0xFF, 0xF2, 0xB7, 0x1D, 0xD8, 0xD7, 0xFE, 0x7C, 0x80, 0x3E, 0xDE, 0xA4, 0x1E, 0xCD, 0x9B,
    0x14, 0xBD, 0xA4, 0x01, 0x19, 0x44, 0x4F, 0xE6, 0x3A, 0x25, 0xA9, 0x8F, 0xB4, 0xA7, 0x3E, 0x92,
    0xB9, 0x30, 0x0C, 0xF8, 0x1A, 0x21, 0xAB, 0x5D, 0xA1, 0xA4, 0x94, 0x5A, 0xC6, 0x40, 0x4B, 0xF2,
    0x27, 0xE7, 0x4C, 0x5A, 0x36, 0x41, 0xD2, 0x9F, 0xA2, 0xB2, 0xDE, 0xB5, 0x06, 0xAB, 0xFD, 0x8F,
    0x09, 0x8B, 0xFD, 0xB7, 0x81, 0x82, 0xED, 0x18, 0x06, 0x34, 0xFA, 0xF8, 0x62, 0x2E, 0x01, 0x96,
    0xB6, 0xFD, 0xE7, 0xAF, 0x62, 0xE7, 0x7F, 0xFF, 0x0D, 0x38, 0x8E, 0x5F, 0x85, 0xBD, 0xA6, 0xE1,
    0x51, 0x0C, 0x1B, 0xA1, 0x8A, 0x2D, 0x97, 0x36, 0x82, 0xE6, 0xA3, 0x15, 0xDD, 0x5B, 0x08, 0x4C,
    0x52, 0xCE, 0x9A, 0xE9, 0x70, 0xCA, 0xC6, 0x1C, 0x6C, 0xB4, 0x6B, 0x62, 0xFB, 0xDC, 0x04, 0x6C,
    0xC7, 0x46, 0xA4, 0xCF, 0x5A, 0x30, 0x44, 0x95, 0x90, 0xA2, 0xB6, 0x87, 0xD2, 0x70, 0x01, 0x01,
    0x44, 0x46, 0x43, 0x4D, 0xAD, 0x73, 0x75, 0x85, 0x6B, 0x05, 0x62, 0x11, 0x57, 0xAD, 0x42, 0x47,
    0x96, 0x2A, 0x8B, 0x47, 0x30, 0x54, 0x1F, 0xB1, 0xD4, 0xD0, 0x4E, 0x10, 0x90, 0x62, 0x29, 0x48,
    0x96, 0x4B, 0xF3, 0x73, 0xC2, 0x10, 0x53, 0x29, 0xC0, 0x12, 0xF1, 0x6B, 0xD2, 0xBA, 0xB3, 0x6D,
    0x35, 0x27, 0xB0, 0x43, 0xB5, 0xF6, 0x9F, 0xBE, 0x25, 0xBD, 0x29, 0xB7, 0x7C, 0x97, 0xD3, 0x08,
    0xD2, 0x9E, 0x22, 0x28, 0xEB, 0x98, 0x61, 0x1F, 0xEA, 0x0B, 0x76, 0x32, 0xBE, 0x56, 0x3C, 0x30,
    0xC0, 0x39, 0x7F, 0xBB, 0xBD, 0xB0, 0x9F, 0x7F, 0x59, 0x82, 0xF2, 0xCB, 0x6A, 0x72, 0x30, 0x6B,
    0xD8, 0xCE, 0x8A, 0xCC, 0x2E, 0xEB, 0x50, 0xA0, 0xB6, 0xBB, 0x53, 0x78, 0x34, 0x49, 0x47, 0xB8,
    0xE8, 0xF3, 0x3F, 0x3F, 0x44, 0x33, 0xA6, 0x13, 0x0F, 0x03, 0x99, 0x42, 0xB2, 0x11, 0xCD, 0xAC,
    0x5B, 0x95, 0xDF, 0x3B, 0xCC, 0x95, 0x00, 0x17, 0x84, 0x2E, 0xC0, 0x57, 0xE2, 0x21, 0xA2, 0x3D,
    0xE8, 0xB9, 0x31, 0x12, 0xBF, 0xB7, 0xD4, 0x75, 0x9A, 0x32, 0xCD, 0x4A, 0x41, 0xF2, 0x8B, 0x25,
    0x60, 0x48, 0x62, 0x78, 0x9D, 0xE5, 0x14, 0xA6, 0x3D, 0x23, 0x28, 0xCE, 0x9E, 0x1B, 0xBB, 0xEC,
    0xAE, 0xC7, 0xFC, 0x0B, 0xA6, 0x51, 0x3A, 0x4D, 0xA3, 0x90, 0xDB, 0xE0, 0x27, 0xDA, 0xF1, 0xDE,
    0xF2, 0xEE, 0x72, 0xBE, 0x69, 0x3C, 0x18, 0x37, 0xDD, 0xDA, 0x0D, 0x6B, 0xE0, 0x44, 0x9A, 0x81,
    0x22, 0x87, 0xB4, 0x2A, 0x89, 0x24, 0x9D, 0x75, 0x4F, 0x32, 0xD2, 0x5C, 0x69, 0x6D, 0x13, 0xE8,
    0x99, 0x7A, 0xD6, 0xB5, 0x97, 0x55, 0x70, 0xAD, 0x7B, 0x98, 0xE8, 0xAB, 0xC5, 0x8A, 0x8A, 0x80,
    0x9E, 0x03, 0xF0, 0xC1, 0x63, 0x8F, 0xBE, 0xE6, 0xD9, 0x50, 0x16, 0x34, 0x54, 0x73, 0x14, 0x32,
    0x75, 0x47, 0xF1, 0xAA, 0xF6, 0xE6, 0x33, 0x53, 0xEC, 0xF4, 0x97, 0x17, 0x3B, 0x0D, 0xE6, 0x4E,
    0x87, 0x39, 0x29, 0xD6, 0xF9, 0xE9, 0xBD, 0x1E, 0x9D, 0x26, 0xB9, 0xA7, 0xAC, 0x23, 0xE8, 0xB4,
    0xEA, 0xF4, 0xE9, 0x0F, 0x95, 0x75, 0x3A, 0x75, 0x5A, 0xC5, 0x9D, 0x42, 0xBB, 0x3D, 0xCD, 0xEE,
    0x75, 0xEB, 0xAA, 0xF9, 0x4E, 0xBF, 0xAB, 0x3B, 0xEA, 0xDA, 0x69, 0x79, 0x3F, 0xE7, 0x24, 0xF0,
    0x66, 0xF0, 0x8A, 0xBB, 0x33, 0xA3, 0xB6, 0xC0, 0x09, 0x39, 0x4D, 0xC0, 0x9F, 0x62, 0x49, 0xAA,
    0xB5, 0xBC, 0x48, 0x3A, 0x72, 0xC6, 0x87, 0x83, 0xF2, 0x58, 0x39, 0xA5, 0xE2, 0xDC, 0xCB, 0xCC,
    0xF2, 0x5C, 0xB9, 0xD5, 0x62, 0x40, 0x3D, 0x2A, 0x57, 0xC9, 0x6C, 0x51, 0xFE, 0x55, 0xAE, 0x9E,
    0x45, 0xA1, 0x9C, 0x48, 0x7D, 0xDB, 0x23, 0x38, 0x2B, 0x2F, 0x97, 0xB9, 0x6F, 0x4E, 0x3B, 0xE1,
    0xDA, 0x71, 0x79, 0x37, 0xCC, 0x1D, 0x48, 0xA3, 0x2E, 0x1F, 0x65, 0x86, 0xA5, 0x51, 0x64, 0xD4,
    0x97, 0xD9, 0xA9, 0x46, 0xD6, 0x37, 0xAA, 0x21, 0x4A, 0x8B, 0xAA, 0x0B, 0xE7, 0x13, 0x64, 0xA2,
    0xB4, 0x9F, 0x97, 0xBB, 0x90, 0xE5, 0x0B, 0xBD, 0x39, 0xCD, 0x46, 0xDE, 0x8C, 0x7A, 0x62, 0x33,
    0xB1, 0x37, 0xB1, 0x8D, 0x6D, 0x80, 0xD4, 0x0D, 0x36, 0x0A, 0x6E, 0x34, 0x81, 0xAD, 0x37, 0x29,
    0x33, 0x2F, 0x7A, 0xA3, 0x1E, 0x4B, 0x0A, 0x48, 0x5B, 0x38, 0xF3, 0x73, 0xE3, 0xE1, 0xA1, 0x76,
    0x42, 0xD3, 0xA0, 0x90, 0x01, 0x17, 0x02, 0xC2, 0x12, 0xE9, 0x52, 0x0D, 0x2D, 0x79, 0xC1, 0x1C,
    0xF2, 0x92, 0x59, 0x79, 0x28, 0x03, 0x39, 0x13, 0x3F, 0xFE, 0xF5, 0x32, 0xD5, 0xC9, 0xC4, 0xB5,
    0x0C, 0x06, 0xFB, 0xEB, 0xE4, 0x7F, 0x68, 0xA0, 0xE3, 0x0F, 0xDB, 0xBC, 0x63, 0x4A, 0x9B, 0x9B,
    0x76, 0x0E, 0xC8, 0x46, 0x65, 0xFD, 0x1E, 0x04, 0x71, 0xC6, 0xF1, 0x29, 0x3F, 0x17, 0x22, 0x06,
    0x80, 0x7E, 0xA8, 0x11, 0x50, 0x8E, 0xCC, 0x6D, 0x45, 0x33, 0x59, 0x28, 0x5B, 0xB5, 0x2A, 0x8A,
    0x81, 0x12, 0x53, 0xD0, 0x68, 0x1A, 0x4A, 0x19, 0xCA, 0x10, 0xC7, 0x66, 0x7F, 0x8C, 0xC6, 0x66,
    0x31, 0x12, 0x20, 0xE9, 0xFD, 0xA2, 0xB3, 0x56, 0x0E, 0x45, 0x0A, 0x32, 0xFD, 0x09, 0xAA, 0x33,
    0xFC, 0x7B, 0xDE, 0xE7, 0x83, 0x7E, 0x5B, 0x32, 0x42, 0xC1, 0x59, 0x6B, 0xBE, 0x71, 0x8A, 0x4A,
    0x53, 0x08, 0x2B, 0x2A, 0x74, 0xE6, 0xA1, 0x94, 0x73, 0xD3, 0x01, 0x83, 0x58, 0x03, 0x54, 0x19,
    0xC2, 0xD6, 0xE4, 0x2D, 0xD5, 0xB5, 0x6D, 0x94, 0xD5, 0xF4, 0xC6, 0x50, 0x1A, 0x64, 0x0D, 0x6B,
    0xCF, 0x62, 0x65, 0x49, 0x4F, 0x96, 0x76, 0x64, 0x59, 0x5B, 0xE2, 0x17, 0x50, 0x5B, 0x42, 0x5F,
    0x62, 0x81, 0x3F, 0x16, 0xCD, 0x41, 0xDA, 0x87, 0xE8, 0xA2, 0x4B, 0x66, 0x1C, 0xFB, 0xDF, 0x8E,
    0xE4, 0xA7, 0x46, 0xEE, 0x0C, 0xDA, 0xAA, 0xDE, 0x63, 0x25, 0x6A, 0xF2, 0x8B, 0xA3, 0x53, 0x57,
    0x9E, 0xD6, 0x7D, 0x46, 0x6A, 0xEE, 0x85, 0x9F, 0xC5, 0x3F, 0x94, 0xC2, 0x3A, 0x9C, 0x34, 0x69,
    0x97, 0xCE, 0x27, 0x5D, 0xDE, 0xE4, 0x2D, 0xD1, 0x8C, 0x00, 0x9B, 0x17, 0x98, 0x4A, 0x68, 0x02,
    0x43, 0x2A, 0xA0, 0xCC, 0xE7, 0xE1, 0x3E, 0xEE, 0x0C, 0x87, 0x6F, 0xE2, 0x67, 0x80, 0xA3, 0x40,
    0x01, 0x37, 0xEB, 0xB2, 0xFF, 0x9C, 0x82, 0x74, 0x7E, 0x53, 0x1E, 0xA0, 0x5D, 0x54, 0x5B, 0x19,
    0x39, 0xA7, 0xE9, 0x16, 0x7B, 0x81, 0x37, 0x67, 0x95, 0xD6, 0x03, 0x0B, 0x1D, 0x15, 0x83, 0x7A,
    0x20, 0x36, 0x37, 0x6B, 0xA0, 0x52, 0xA3, 0x9C, 0xC8, 0x69, 0x35, 0x74, 0x53, 0x2B, 0xA4, 0x1F,
    0x8E, 0x56, 0x53, 0xDB, 0x5D, 0x66, 0xCD, 0xA3, 0xA6, 0x5A, 0xD1, 0xFA, 0xE0, 0xD4, 0x76, 0x37,
    0xAD, 0x26, 0xE6, 0x12, 0xC2, 0xDD, 0xB4, 0x9A, 0x7B, 0xBA, 0x3B, 0x40, 0x07, 0xB5, 0x38, 0xA4,
    0x9D, 0x47, 0x5B, 0xD2, 0xC6, 0xD6, 0x0C, 0xD7, 0x60, 0x35, 0x6D, 0x03, 0xC9, 0xA8, 0x31, 0xC0,
    0xDC, 0x6F, 0xAC, 0x47, 0x84, 0xAF, 0xC8, 0x0A, 0xAC, 0x36, 0xDF, 0xED, 0xB5, 0xB3, 0x31, 0xD4,
    0x85, 0x35, 0x97, 0xC7, 0x62, 0xCF, 0xE2, 0x74, 0x9D, 0xB9, 0x50, 0xF7, 0x9C, 0x54, 0x0D, 0x52,
    0xE3, 0xD1, 0x7A, 0x45, 0x35, 0x83, 0xB2, 0x6A, 0x78, 0x99, 0x77, 0x0D, 0x2F, 0xD5, 0x85, 0x86,
    0x97, 0x26, 0x06, 0x3C, 0x39, 0xC8, 0x97, 0x0D, 0x2F, 0xE0, 0xC3, 0xA2, 0xE1, 0x85, 0xBC, 0xD1,
    0xC6, 0x97, 0xAD, 0x6B, 0x7C, 0x61, 0x30, 0x09, 0x6E, 0xD6, 0x8D, 0x2F, 0xBB, 0x86, 0x97, 0xCA,
    0x36, 0xBC, 0x14, 0x74, 0x0D, 0xEF, 0x19, 0x0D, 0x2F, 0x47, 0xFC, 0x23, 0xB8, 0x3D, 0x01, 0x2F,
    0xF2, 0xC1, 0xF2, 0xFE, 0x02, 0xEF, 0x16, 0x26, 0xFF, 0x66, 0xC9, 0x81, 0x30, 0x3A, 0xD5, 0x26,
    0x41, 0x80, 0xC2, 0x28, 0x90, 0x13, 0x41, 0xE9, 0x82, 0xF2, 0x0F, 0x1A, 0xEE, 0xC0, 0xB2, 0x4A,
    0x5A, 0x2D, 0x60, 0xB1, 0x81, 0x02, 0x82, 0x25, 0xA0, 0x27, 0xFD, 0x05, 0xF3, 0x10, 0x2C, 0x1C,
    0x46, 0xD2, 0x92, 0xD6, 0xDC, 0x92, 0x05, 0x8F, 0xE6, 0xA5, 0x3E, 0x0F, 0xA7, 0x70, 0x73, 0xE8,
    0x0A, 0xAD, 0xDD, 0xA4, 0x0E, 0x1C, 0x64, 0x3A, 0xC0, 0x1D, 0x69, 0x9C, 0xAB, 0x93, 0x0E, 0xC1,
    0x18, 0x9B, 0x95, 0x2D, 0x02, 0x28, 0x1E, 0xD4, 0xEA, 0xF8, 0xD1, 0x2F, 0x96, 0xAC, 0xF8, 0x82,
    0x90, 0x39, 0x9C, 0x60, 0xA2, 0xD9, 0x9D, 0x59, 0x12, 0x14, 0x4D, 0x4D, 0x70, 0xDF, 0x96, 0x7E,
    0x49, 0xB0, 0x27, 0xED, 0x48, 0x0F, 0xE7, 0xAD, 0x97, 0xF1, 0x4C, 0x22, 0x3D, 0xED, 0xFB, 0x48,
    0xDA, 0xBB, 0x69, 0x41, 0xA5, 0xF4, 0xB1, 0xCC, 0x25, 0xCC, 0xD7, 0x14, 0x53, 0xAA, 0x1B, 0x50,
    0x8A, 0x74, 0xA6, 0xFE, 0x54, 0xAA, 0xDA, 0x17, 0xF8, 0x51, 0xA4, 0x1A, 0x7E, 0x4E, 0xBE, 0x5E,
    0xF0, 0xBC, 0xA8, 0xB5, 0x9B, 0xE7, 0x49, 0xA5, 0xDA, 0x3C, 0x42, 0xAA, 0xF5, 0x42, 0xAA, 0xBD,
    0x3A, 0x32, 0x90, 0x6A, 0x04, 0xA9, 0xD2, 0xA2, 0xBB, 0x42, 0xAB, 0xAD, 0x04, 0x6E, 0x28, 0x55,
    0x1E, 0x42, 0x73, 0x42, 0xA9, 0xA6, 0x94, 0x6A, 0xEE, 0x49, 0xF5, 0x83, 0x45, 0xA1, 0xD5, 0x1B,
    0xBD, 0xAA, 0x4E, 0xD0, 0x63, 0x65, 0x9B, 0xC8, 0xE0, 0xA4, 0x8A, 0x62, 0x8A, 0xDB, 0xAC, 0x88,
    0x38, 0x23, 0x11, 0x9D, 0xC5, 0x84, 0x9E, 0x73, 0x76, 0xD9, 0x87, 0x60, 0xFB, 0x02, 0x78, 0x89,
    0xB8, 0xCF, 0x1B, 0xC2, 0xA4, 0x29, 0xD6, 0xC1, 0x68, 0xCD, 0xDA, 0x1F, 0x75, 0xE5, 0x86, 0x30,
    0xD5, 0xEB, 0x21, 0x4C, 0xA9, 0x1D, 0xC2, 0xF4, 0x35, 0xAD, 0x05, 0x6A, 0x17, 0xF9, 0x7E, 0x08,
    0x53, 0xC1, 0x64, 0xB6, 0x41, 0x24, 0x72, 0x71, 0x08, 0xD3, 0xC9, 0x5C, 0x94, 0x1C, 0xB6, 0xDD,
    0x1A, 0x34, 0x80, 0x48, 0xBB, 0x9A, 0x7C, 0xB5, 0x62, 0xD5, 0x82, 0x15, 0x57, 0xDD, 0xFE, 0x34,
    0x17, 0x6C, 0x7F, 0x6A, 0xD9, 0xFE, 0x74, 0xE8, 0x5C, 0x54, 0x5A, 0x91, 0x16, 0xDE, 0x69, 0x1F,
    0x04, 0xAF, 0xF0, 0xBC, 0x4F, 0x65, 0xDE, 0x2A, 0x9F, 0x70, 0xE6, 0x4B, 0x28, 0xA7, 0x38, 0xF5,
    0x6F, 0x07, 0x26, 0xC0, 0xB9, 0x7F, 0x1C, 0x08, 0x46, 0xC7, 0x14, 0xAF, 0x91, 0x9B, 0xE2, 0xD5,
    0x75, 0x38, 0x66, 0xF9, 0x72, 0x2C, 0x1E, 0xF9, 0x66, 0x5A, 0x40, 0x72, 0xC9, 0x63, 0xCB, 0x93,
    0x5E, 0x79, 0xDA, 0x1D, 0x88, 0x2E, 0xD7, 0x51, 0xA5, 0x72, 0xA6, 0xF3, 0x85, 0x7E, 0xBD, 0x28,
    0x4F, 0x2C, 0x77, 0xC9, 0x5B, 0xE5, 0xC1, 0xE5, 0xFC, 0xD8, 0xF2, 0xD7, 0x74, 0xEE, 0x88, 0x28,
    0x23, 0xBC, 0x5F, 0x8A, 0x39, 0x78, 0x27, 0x1E, 0xB2, 0xD7, 0xA7, 0xE0, 0xBD, 0xB8, 0xCF, 0xF0,
    0x0C, 0x25, 0x1D, 0xD8, 0xCB, 0x69, 0x77, 0xC3, 0x2E, 0x9A, 0x0C, 0x75, 0x17, 0xB2, 0xB8, 0xE7,
    0xC6, 0xD2, 0xFC, 0xC5, 0x6E, 0xC8, 0x50, 0xA6, 0x6C, 0xAB, 0xCC, 0xB4, 0x60, 0xA1, 0x80, 0xB5,
    0xC9, 0xBF, 0xB3, 0x85, 0x5C, 0xDE, 0x3C, 0x87, 0x81, 0x9B, 0x32, 0x0E, 0xD1, 0x6C, 0xF9, 0xEA,
    0x8E, 0x9B, 0x87, 0x33, 0x8A, 0x6B, 0x16, 0x78, 0xA3, 0xB1, 0xE2, 0xFD, 0x68, 0xAC, 0x23, 0x1D,
    0x8D, 0xA5, 0x29, 0x41, 0xAA, 0xE1, 0xB2, 0xD1, 0x58, 0xE6, 0xE2, 0x68, 0xAC, 0x48, 0xD9, 0x7A,
    0x34, 0xD6, 0x74, 0x68, 0x34, 0x96, 0xEA, 0x97, 0xC6, 0xFD, 0xF0, 0x68, 0xAC, 0xBB, 0x8C, 0xDC,
    0x68, 0xD5, 0x1D, 0xA3, 0xF4, 0xC8, 0x1E, 0xFF, 0xBC, 0x25, 0xD5, 0xAF, 0xB8, 0x77, 0xEE, 0x1E,
    0xC8, 0xEC, 0x80, 0xCE, 0xE3, 0x23, 0xC8, 0xE0, 0x88, 0x37, 0xF0, 0x4F, 0x41, 0x75, 0x03, 0x14,
    0x00, 0xC9, 0x97, 0x2A, 0xF9, 0x7C, 0x29, 0x79, 0x8F, 0x6D, 0x0A, 0x2A, 0x20, 0xA9, 0x4A, 0x44,
    0xE6, 0x49, 0x65, 0x20, 0xF9, 0xB4, 0xA0, 0xE4, 0x53, 0x95, 0xFC, 0x9B, 0xB9, 0xA8, 0xE4, 0x59,
    0x86, 0x52, 0x96, 0xC9, 0x57, 0x26, 0xEE, 0x58, 0x15, 0xF9, 0xAB, 0x4B, 0xA6, 0x0A, 0xF8, 0x92,
    0x53, 0x80, 0x32, 0x2B, 0x79, 0x7F, 0x28, 0x19, 0x59, 0x39, 0xC2, 0x09, 0x07, 0x39, 0x81, 0x34,
    0xD9, 0x4A, 0x67, 0x65, 0xF8, 0xC7, 0x0F, 0x49, 0xF7, 0x19, 0x24, 0x9A, 0x3F, 0x93, 0xB7, 0x69,
    0xF7, 0xC5, 0xB2, 0x4D, 0x87, 0x7F, 0x94, 0x66, 0x27, 0xC3, 0x93, 0x3A, 0x14, 0x00, 0xD9, 0xC2,
    0x16, 0xEF, 0x0A, 0x68, 0x40, 0x6A, 0x4F, 0x9A, 0xEC, 0x3F, 0x1C, 0x41, 0x06, 0x0F, 0x26, 0x15,
    0x88, 0x2B, 0x94, 0x7E, 0xB4, 0x31, 0x48, 0x77, 0x07, 0xAF, 0x56, 0x49, 0xE4, 0xC0, 0xEB, 0xA2,
    0x9D, 0xC7, 0x9A, 0x57, 0xE1, 0x04, 0x5D, 0x62, 0xAE, 0x83, 0x74, 0x57, 0xB1, 0xC4, 0x0F, 0x2F,
    0x2B, 0x96, 0x33, 0x68, 0x48, 0xCA, 0xE1, 0x3A, 0xF7, 0x98, 0xA2, 0x9D, 0x98, 0x3E, 0xE4, 0x62,
    0xEC, 0xE4, 0x5A, 0x6D, 0xCF, 0x58, 0x6D, 0x0D, 0x12, 0x07, 0x63, 0x7F, 0x25, 0x08, 0xC7, 0x58,
    0xAA, 0xCD, 0x88, 0x42, 0xD2, 0xC8, 0xC9, 0x7C, 0x7D, 0x3A, 0x44, 0x52, 0x27, 0x0F, 0x09, 0xD2,
    0x9D, 0x13, 0x94, 0x0A, 0xA9, 0x72, 0x8A, 0x8D, 0x07, 0x06, 0x6E, 0x99, 0xA6, 0x43, 0xF1, 0x8B,
    0x40, 0x85, 0x75, 0x3B, 0x4E, 0x4F, 0x18, 0xBB, 0x29, 0xFC, 0x7C, 0xC1, 0xE7, 0xBF, 0x69, 0x17,
    0x28, 0xE4, 0x46, 0x9D, 0x81, 0x48, 0x7E, 0x6C, 0x98, 0xB3, 0x98, 0x50, 0x7D, 0xA1, 0x11, 0xD3,
    0xEC, 0x2F, 0xA7, 0x24, 0x24, 0x85, 0x54, 0xAC, 0x18, 0xFE, 0x93, 0x9E, 0xD6, 0x5B, 0x9D, 0x77,
    0x84, 0xF4, 0x22, 0x79, 0x49, 0xE1, 0x4B, 0x50, 0xFE, 0x7C, 0x06, 0x30, 0x92, 0x47, 0x1F, 0x84,
    0x9C, 0x5A, 0x1E, 0xDE, 0x7D, 0xF0, 0xF0, 0xDF, 0xBF, 0xB5, 0x53, 0xC3, 0x61, 0x9E, 0x0C, 0x64,
    0x3C, 0x38, 0xC2, 0x0A, 0xCB, 0xD2, 0xA7, 0x35, 0x44, 0x34, 0xDB, 0x70, 0xB9, 0x2E, 0x7F, 0xAD,
    0xF5, 0x7E, 0xFE, 0x5F, 0xAF, 0x97, 0xEE, 0x06, 0xF8, 0xC6, 0x9E, 0x2C, 0x58, 0x75, 0xF9, 0x40,
    0x9A, 0xDF, 0x0D, 0xA5, 0xC8, 0xBB, 0xED, 0x1B, 0x88, 0xEB, 0x0D, 0x1D, 0x9C, 0x99, 0x6E, 0xF8,
    0xC4, 0x39, 0xA8, 0xB2, 0xAD, 0x33, 0x8E, 0x53, 0x63, 0xD9, 0x16, 0xA1, 0x60, 0x68, 0x7E, 0xEA,
    0xE2, 0xA0, 0x60, 0xAB, 0xB4, 0x76, 0x14, 0xC2, 0xF9, 0x32, 0x92, 0x05, 0x77, 0x14, 0xE7, 0x4C,
    0x19, 0x48, 0xC5, 0x22, 0xF0, 0x42, 0xC6, 0x89, 0x5D, 0x5C, 0xA9, 0xD6, 0x7F, 0x23, 0x0F, 0x28,
    0xE3, 0x64, 0xA6, 0x8C, 0x39, 0x0E, 0x6D, 0x66, 0x1C, 0x48, 0x19, 0xD7, 0x9A, 0x58, 0x4F, 0x6B,
    0x29, 0xC0, 0xF3, 0xAF, 0x50, 0xD6, 0x05, 0x64, 0x0D, 0x8E, 0xD5, 0x93, 0xFF, 0x6C, 0x29, 0xE3,
    0xC4, 0xF2, 0xE0, 0xED, 0x73, 0xB5, 0xC3, 0x0A, 0x28, 0x5E, 0x73, 0x4F, 0xB6, 0x0E, 0xB8, 0x17,
    0xD6, 0x58, 0x96, 0x3D, 0x26, 0xA5, 0xA5, 0x35, 0x51, 0x8B, 0xA5, 0xF2, 0x1B, 0xBC, 0x39, 0x98,
    0x6A, 0x33, 0xC9, 0x2B, 0xCB, 0x8B, 0xC7, 0x99, 0xC2, 0x67, 0x40, 0x27, 0x69, 0x7B, 0x99, 0xF7,
    0x92, 0x05, 0x4F, 0xE9, 0x4D, 0x5F, 0xC1, 0x16, 0x45, 0x52, 0x7B, 0xC7, 0x75, 0xB9, 0xAA, 0xA3,
    0x7B, 0x3C, 0x55, 0x4D, 0x7B, 0xD0, 0xCD, 0xEF, 0x2D, 0x3B, 0x9D, 0x7C, 0xDC, 0xC1, 0xAF, 0xDF,
    0x3B, 0xE0, 0xC0, 0x8A, 0xAE, 0xF3, 0x83, 0x4B, 0xA6, 0x71, 0x75, 0xA8, 0x45, 0x07, 0x5C, 0xBC,
    0x1C, 0xBB, 0xC8, 0xEB, 0xDA, 0x8C, 0x53, 0xE2, 0x0E, 0x41, 0x85, 0x50, 0x7A, 0x96, 0xB6, 0x74,
    0x7F, 0xC7, 0x3A, 0x5B, 0x55, 0xD1, 0x82, 0xD6, 0x3D, 0x76, 0xA5, 0xAD, 0x00, 0x2C, 0x9C, 0xC8,
    0xA2, 0xC1, 0x2B, 0x6D, 0xB5, 0x8F, 0x2E, 0x8B, 0x5B, 0x38, 0x71, 0x0B, 0xC6, 0x99, 0xCE, 0xDA,
    0xAF, 0xC4, 0xF9, 0x6D, 0xBB, 0xC9, 0x2B, 0x05, 0xD9, 0xD6, 0x2B, 0xC3, 0xBA, 0xFC, 0x72, 0xDA,
    0xE1, 0xF1, 0x00, 0x33, 0xC2, 0xE4, 0xB9, 0x90, 0x1D, 0x72, 0xFD, 0xDC, 0x49, 0x54, 0xD6, 0x64,
    0x42, 0x1A, 0x4F, 0xFE, 0xCF, 0x47, 0xF5, 0xC5, 0x7E, 0xAC, 0xC8, 0xF6, 0x63, 0x95, 0x87, 0xFB,
    0xB1, 0xF2, 0x0B, 0xFD, 0x58, 0xB0, 0xA8, 0x39, 0xA4, 0xC2, 0x1D, 0xCA, 0xCC, 0x76, 0x38, 0x3B,
    0xD4, 0x90, 0x29, 0x0C, 0xBE, 0x2E, 0xBF, 0x14, 0x09, 0xBF, 0x3D, 0x89, 0x6F, 0xEC, 0x29, 0x07,
    0xCA, 0xC4, 0x34, 0xBB, 0xC5, 0x7E, 0x31, 0xB8, 0x26, 0x63, 0xFF, 0x2B, 0x1D, 0xFB, 0xCF, 0xE8,
    0x54, 0xF9, 0x51, 0xC1, 0x25, 0xF8, 0x80, 0x9F, 0x75, 0x10, 0x75, 0xDB, 0xF2, 0xF7, 0x2C, 0xFF,
    0x4E, 0x10, 0x5C, 0xDD, 0x5C, 0x28, 0x39, 0xE5, 0x5C, 0xA8, 0x8E, 0x73, 0xA1, 0xDA, 0x9B, 0xCE,
    0x2E, 0x64, 0xA4, 0xB9, 0x57, 0x2F, 0x7B, 0xCD, 0x5F, 0xE4, 0x75, 0xA8, 0x6A, 0x92, 0x1B, 0xE9,
    0xC8, 0x45, 0xA8, 0x51, 0xF7, 0xD4, 0x28, 0x5F, 0x3B, 0x66, 0xBE, 0xE9, 0x37, 0x35, 0x59, 0x29,
    0x05, 0xB9, 0x99, 0x02, 0xE5, 0xED, 0x27, 0x3A, 0xAB, 0xAA, 0x61, 0x29, 0x6C, 0x39, 0xAB, 0xAA,
    0xE2, 0x38, 0x4C, 0x59, 0xBD, 0xD4, 0x72, 0x0D, 0x83, 0x4A, 0x34, 0xCD, 0x5B, 0xD3, 0x9B, 0xBD,
    0xDE, 0xB5, 0xE8, 0xE4, 0xE2, 0x0C, 0xEC, 0xDA, 0xF7, 0xD0, 0xD6, 0x1E, 0xD9, 0xAB, 0xC1, 0xD3,
    0xAA, 0x45, 0x83, 0x1A, 0xDB, 0x14, 0xED, 0xC1, 0xF2, 0x07, 0x1F, 0x96, 0xBF, 0x3C, 0xB7, 0xBD,
    0x19, 0xDD, 0x04, 0x97, 0xA4, 0x22, 0x98, 0x73, 0x14, 0x9A, 0xD6, 0x4F, 0x44, 0xB8, 0xD4, 0x83,
    0xB2, 0x43, 0x2F, 0x90, 0x1C, 0x77, 0xC9, 0xA4, 0x0D, 0x98, 0x14, 0x27, 0x93, 0x7B, 0xFF, 0xE4,
    0x7A, 0x46, 0xF7, 0x3A, 0xF5, 0xE0, 0x24, 0x9D, 0x3E, 0x82, 0x1D, 0x29, 0x52, 0x9F, 0x70, 0x16,
    0xB2, 0x02, 0xAC, 0xF0, 0x15, 0x40, 0xE6, 0x8E, 0xBD, 0xF7, 0x17, 0x87, 0xDF, 0x77, 0x1F, 0x3D,
    0xC4, 0x27, 0x7D, 0x6C, 0x22, 0x22, 0x79, 0xC2, 0x44, 0xC4, 0x17, 0xE4, 0x14, 0xDF, 0x75, 0x00,
    0xE1, 0xE8, 0x6B, 0x9A, 0x92, 0x35, 0xB4, 0xAF, 0x0E, 0x2E, 0x79, 0x61, 0x4B, 0xF0, 0xF1, 0x5E,
    0xD8, 0xD2, 0x3F, 0xF2, 0x85, 0x2D, 0x85, 0xBE, 0xB0, 0xA5, 0xD5, 0x17, 0xB6, 0xCC, 0xD9, 0x47,
    0x7A, 0x61, 0x4B, 0xF8, 0x24, 0x2F, 0x6C, 0x19, 0xD6, 0x2F, 0x6C, 0xA9, 0x76, 0x2F, 0x6C, 0xE9,
    0xE8, 0x0B, 0x6E, 0x70, 0xE3, 0x4F, 0x8E, 0x77, 0x96, 0x40, 0x4D, 0xE5, 0x42, 0x81, 0xAA, 0xC2,
    0xA5, 0x55, 0xF8, 0xCE, 0xB3, 0x3A, 0x55, 0x90, 0xF9, 0x5C, 0xAE, 0xA9, 0xEC, 0xC8, 0xAB, 0x9B,
    0x8F, 0x0C, 0xD7, 0xDE, 0xB7, 0x7C, 0xB4, 0x7C, 0x70, 0x8D, 0xC3, 0xCB, 0x6F, 0x96, 0x22, 0x35,
    0x5A, 0xD9, 0xD7, 0x4C, 0xD8, 0x42, 0x36, 0xA7, 0xAD, 0x4D, 0x8B, 0xB6, 0x1E, 0x3A, 0x95, 0x3C,
    0x33, 0x2E, 0x19, 0xEF, 0x70, 0x0F, 0x29, 0x09, 0x37, 0x75, 0xD0, 0x04, 0x69, 0x45, 0x96, 0xAB,
    0xFB, 0x54, 0x5A, 0x40, 0x13, 0x58, 0x62, 0xD5, 0xF3, 0x97, 0xA4, 0xD7, 0xE0, 0x25, 0x8E, 0x2F,
    0x13, 0x7A, 0x15, 0xA2, 0xDB, 0x29, 0x42, 0x96, 0x25, 0xE5, 0x66, 0xAC, 0x78, 0x54, 0x2E, 0xAF,
    0xAB, 0x1F, 0x6A, 0x7C, 0x43, 0x1F, 0x7D, 0x3E, 0x7F, 0xFC, 0x55, 0xB2, 0x8A, 0x6C, 0xEB, 0x36,
    0xCA, 0xF5, 0x50, 0x04, 0x07, 0xFA, 0x44, 0x7D, 0xDA, 0x72, 0xB6, 0x92, 0x92, 0xA8, 0x4B, 0x9B,
    0xA7, 0xAD, 0x83, 0x20, 0xB4, 0x68, 0x1E, 0x9B, 0x3E, 0x5B, 0xDE, 0x85, 0x46, 0xEE, 0x9F, 0xF1,
    0x8E, 0x40, 0x13, 0x1A, 0x76, 0x4C, 0xE2, 0xD3, 0xBB, 0xA8, 0x17, 0xEB, 0xB5, 0xA6, 0x9D, 0xB8,
    0xC3, 0x4C, 0xDC, 0x69, 0xB6, 0xBB, 0x33, 0xE1, 0x0E, 0x31, 0x63, 0x5B, 0xCC, 0x89, 0xAE, 0xD4,
    0xB4, 0x30, 0x52, 0xE0, 0xF6, 0x2E, 0x6D, 0xB4, 0x99, 0xDF, 0x61, 0xFE, 0xD8, 0xD1, 0x7D, 0x77,
    0x70, 0x13, 0x78, 0x6C, 0xAC, 0xE5, 0xEE, 0x68, 0xAD, 0xAC, 0x47, 0x82, 0xBB, 0xCD, 0xE9, 0xAE,
    0x80, 0x11, 0x35, 0xB4, 0x4D, 0x90, 0xB6, 0x46, 0x80, 0x10, 0x1A, 0x6A, 0x97, 0x55, 0x68, 0x34,
    0x13, 0x8B, 0x2A, 0x29, 0xEF, 0x4A, 0xBD, 0xD3, 0x8C, 0x1A, 0xFE, 0x83, 0x13, 0x34, 0x6C, 0xB4,
    0x97, 0x71, 0x06, 0x80, 0x35, 0x94, 0x9F, 0x49, 0xF9, 0x40, 0xEA, 0xB0, 0x47, 0xF8, 0xB1, 0x6D,
    0x36, 0x1D, 0x2C, 0x44, 0xD6, 0x82, 0x77, 0x16, 0x54, 0xD5, 0xBA, 0xF1, 0x3F, 0x46, 0x39, 0xCE,
    0xE1, 0xF0, 0xF3, 0xC6, 0x4D, 0xA7, 0x97, 0x8A, 0xF5, 0xD3, 0xFB, 0xA8, 0xE1, 0x21, 0x1A, 0xD4,
    0x1F, 0x16, 0x3B, 0x81, 0x53, 0x2A, 0xFD, 0xD6, 0x52, 0x93, 0xA3, 0x07, 0xF4, 0x4B, 0xC1, 0xF6,
    0x81, 0x61, 0x03, 0x75, 0xC6, 0xEA, 0x08, 0xF0, 0x1A, 0x8D, 0x3E, 0xBA, 0x6F, 0x31, 0x11, 0xC3,
    0x5D, 0x9B, 0x34, 0x36, 0xA3, 0x83, 0xD8, 0xB1, 0xA2, 0xEA, 0x34, 0x8B, 0xE3, 0x67, 0x70, 0x9E,
    0x93, 0xB7, 0x5A, 0xBE, 0x0C, 0x2F, 0xA4, 0x03, 0x69, 0x83, 0x78, 0x44, 0x41, 0x98, 0xCE, 0x8D,
    0x19, 0x82, 0xA7, 0x3B, 0xF5, 0x8A, 0x0D, 0x12, 0xC1, 0x11, 0xBF, 0x6E, 0xA9, 0x4D, 0x67, 0x0F,
    0x8C, 0x20, 0xB1, 0xBA, 0x91, 0x02, 0x3B, 0xCD, 0xF8, 0x99, 0x41, 0x6D, 0x53, 0x52, 0xBA, 0x96,
    0x65, 0x57, 0xB2, 0xCB, 0xCE, 0x80, 0x36, 0x20, 0x52, 0xD3, 0xD9, 0x21, 0xD5, 0xA3, 0x4F, 0x02,
    0x47, 0x23, 0xC5, 0xB2, 0x0D, 0x9C, 0x88, 0x80, 0xDD, 0xC6, 0xF2, 0xAC, 0xDC, 0x15, 0xA6, 0xA2,
    0x75, 0x26, 0x53, 0x13, 0x70, 0xF8, 0xB9, 0x9B, 0x4C, 0xAE, 0xC0, 0x19, 0x74, 0xFB, 0xDF, 0x11,
    0xA0, 0x41, 0x75, 0x3F, 0x82, 0x58, 0x8C, 0xAD, 0x25, 0x47, 0x77, 0x5B, 0x6D, 0xCD, 0xC7, 0x4A,
    0x62, 0x39, 0xDD, 0xD6, 0x59, 0xAF, 0x32, 0x2B, 0x8B, 0x52, 0x9B, 0x94, 0x36, 0xC0, 0xD4, 0x25,
    0x03, 0xC1, 0x5C, 0x41, 0x76, 0x71, 0x92, 0xDC, 0x4B, 0xFC, 0xBC, 0x2D, 0x3D, 0x24, 0xF3, 0x37,
    0x02, 0xFA, 0xBA, 0xBA, 0x4D, 0xA3, 0xA7, 0xA9, 0xE7, 0x48, 0x7E, 0x21, 0xB6, 0x55, 0xCA, 0xCA,
    0x46, 0xBB, 0x55, 0x02, 0xD7, 0x67, 0x99, 0x06, 0xBD, 0x7A, 0x39, 0x73, 0x61, 0xEE, 0x74, 0x75,
    0xB9, 0x8D, 0xA6, 0xAC, 0xEC, 0x5D, 0xBD, 0xBB, 0xCB, 0xAA, 0x2D, 0x39, 0xAF, 0x5F, 0x27, 0x6F,
    0x2F, 0x4D, 0xDE, 0xBE, 0x1C, 0x14, 0xE4, 0xDA, 0x67, 0x45, 0x2F, 0x9E, 0x1F, 0xC5, 0x9B, 0x5E,
    0x97, 0x09, 0x8F, 0xE9, 0x45, 0xC8, 0xD9, 0xBE, 0x02, 0x2F, 0x71, 0x0E, 0x47, 0x85, 0x9C, 0x28,
    0x19, 0xBD, 0x59, 0x6A, 0xCF, 0xD6, 0x5B, 0x76, 0xC3, 0x62, 0xF7, 0x98, 0x66, 0xCC, 0xE1, 0x1C,
    0x7C, 0x4C, 0xAF, 0x72, 0xB2, 0x3F, 0xB3, 0xAB, 0x9A, 0x8D, 0xA9, 0xB4, 0xA4, 0x45, 0x8A, 0x70,
    0x07, 0x91, 0xA3, 0xCE, 0x40, 0x1B, 0xF8, 0xE5, 0xBE, 0x69, 0x4F, 0x3A, 0xB3, 0x47, 0xCE, 0x45,
    0xAA, 0x72, 0xC5, 0x5B, 0x4D, 0x5A, 0x68, 0xAC, 0x49, 0xD5, 0xF6, 0xAA, 0xFE, 0x57, 0x2F, 0xAF,
    0x49, 0x48, 0xD3, 0xDE, 0x9D, 0x95, 0x68, 0xED, 0xA1, 0xE0, 0xEC, 0x87, 0x9B, 0x9D, 0xE7, 0x5A,
    0x61, 0x85, 0xEA, 0x32, 0xF8, 0xEF, 0x59, 0x22, 0xBD, 0x4D, 0xDF, 0xF5, 0x1D, 0xFE, 0xCD, 0x2F,
    0xAB, 0xF8, 0x17, 0x2B, 0x9C, 0xF6, 0x59, 0x0A, 0x8B, 0x45, 0x55, 0x9C, 0xDD, 0x3D, 0xAD, 0x39,
    0x2A, 0xAD, 0xE9, 0x2C, 0xFA, 0xA7, 0xB6, 0x45, 0x48, 0x1E, 0x46, 0x4B, 0xD2, 0xE4, 0xBE, 0xC2,
    0xD3, 0x7F, 0x7B, 0x9A, 0xE8, 0x6A, 0xD5, 0xA2, 0xB7, 0xC4, 0x50, 0xBA, 0x89, 0xB3, 0x0B, 0x5E,
    0x92, 0xF3, 0xBA, 0xFE, 0x6F, 0x1A, 0x26, 0x55, 0x12, 0x82, 0xF0, 0x7A, 0xCA, 0xEF, 0x6D, 0xA0,
    0xD9, 0xA7, 0x99, 0x9F, 0xC9, 0xE5, 0x75, 0xB1, 0x7C, 0xB6, 0x29, 0x8B, 0x17, 0x48, 0x41, 0xB4,
    0x23, 0xB4, 0x21, 0xB4, 0x1F, 0x20, 0x3D, 0xED, 0xC6, 0x53, 0xD6, 0x52, 0x58, 0x84, 0x1A, 0xE9,
    0xD6, 0xB4, 0x36, 0x0D, 0x29, 0x5A, 0xF6, 0x9A, 0xCC, 0x6F, 0x55, 0x78, 0x8E, 0x5E, 0xB1, 0xFB,
    0xF8, 0xF0, 0xF9, 0xEA, 0x5F, 0x29, 0xF1, 0xEB, 0x01, 0x5F, 0xEB, 0x01, 0x5F, 0xFE, 0xEE, 0x4B,
    0xB9, 0xFB, 0xF2, 0x96, 0xB4, 0xC1, 0xEE, 0xF3, 0x07, 0x18, 0x3F, 0x4F, 0xF2, 0xE3, 0xEE, 0xEB,
    0xB8, 0xFB, 0x32, 0x88, 0x2B, 0xE3, 0xEE, 0x5B, 0x7C, 0x99, 0xA7, 0x21, 0x67, 0x7E, 0x5E, 0x0A,
    0xF0, 0x15, 0x7E, 0x85, 0xC7, 0x20, 0x68, 0x56, 0xFB, 0x71, 0xC0, 0x73, 0xF4, 0xAA, 0x3C, 0xCF,
    0xB5, 0xEB, 0x0E, 0xBB, 0x76, 0x57, 0x3E, 0x33, 0xDD, 0xFA, 0x1E, 0xA5, 0xCF, 0xBC, 0xEB, 0xBA,
    0xBC, 0x3D, 0x39, 0xB3, 0xC3, 0x38, 0x65, 0x72, 0x8C, 0xD7, 0x0B, 0x34, 0x30, 0xD5, 0x3A, 0x37,
    0x25, 0xB5, 0x12, 0xC8, 0x9F, 0xCD, 0x64, 0x1B, 0xB2, 0xDB, 0xC1, 0xF5, 0xD4, 0xBB, 0x4B, 0xC3,
    0x57, 0x87, 0xD3, 0xF0, 0x2F, 0x88, 0xFA, 0xC3, 0xE2, 0x8F, 0xB4, 0xDB, 0xED, 0x58, 0x13, 0x1B,
    0xAC, 0x1D, 0x27, 0xCD, 0x08, 0x96, 0x7E, 0x4F, 0x45, 0xF9, 0x86, 0x8A, 0x52, 0xE1, 0x74, 0x7F,
    0xB0, 0xA9, 0xAE, 0xD9, 0x66, 0x08, 0x8A, 0xDF, 0x20, 0x1B, 0xB3, 0x82, 0xDA, 0xD9, 0x82, 0x45,
    0xF6, 0x73, 0x5B, 0x95, 0x44, 0x3D, 0x90, 0xBD, 0xDB, 0x51, 0x3C, 0x61, 0x73, 0xFD, 0xB7, 0x86,
    0xE6, 0x48, 0xF8, 0x7B, 0xA3, 0x3B, 0x12, 0xC0, 0x28, 0xD8, 0xF7, 0x57, 0x27, 0xC3, 0xF3, 0xFE,
    0xCE, 0xEF, 0x22, 0x0C, 0x2E, 0x7D, 0xFB, 0xC4, 0xD5, 0xBF, 0x0B, 0xE8, 0xE3, 0xCF, 0x50, 0xFB,
    0xE4, 0x67, 0xD5, 0xDD, 0xA3, 0xF8, 0x35, 0x7C, 0x74, 0x6F, 0x96, 0x22, 0xBD, 0x6C, 0x64, 0xCD,
    0x77, 0x74, 0x7B, 0xD8, 0xAE, 0xC3, 0x98, 0xD9, 0xAD, 0xF9, 0xAE, 0x04, 0x49, 0x13, 0x08, 0xD1,
    0x73, 0xC5, 0x91, 0x4E, 0xDF, 0xDC, 0x80, 0x64, 0x23, 0x6E, 0xD0, 0x08, 0x49, 0xA7, 0xA4, 0xB7,
    0x48, 0xD2, 0x52, 0x5F, 0xE8, 0xEB, 0x84, 0xC5, 0x97, 0x8C, 0x56, 0x61, 0x1F, 0x98, 0xD9, 0x8C,
    0x7C, 0x87, 0xB4, 0x82, 0xD5, 0xD5, 0x15, 0xDA, 0xAE, 0x3B, 0x67, 0xBD, 0x29, 0x0C, 0xEA, 0xDF,
    0x92, 0xC3, 0xC7, 0x05, 0x67, 0x80, 0xA5, 0x37, 0xBD, 0xDE, 0xAC, 0xA3, 0x2D, 0xBD, 0x5E, 0xC0,
    0x97, 0x63, 0x7F, 0x0C, 0x93, 0xF9, 0xEC, 0xBE, 0xD9, 0x88, 0xCF, 0x56, 0x29, 0xAC, 0x93, 0x91,
    0xC6, 0x2C, 0x10, 0x22, 0x35, 0xE1, 0xE8, 0x10, 0x44, 0x2D, 0xC3, 0x80, 0xE6, 0x60, 0xEB, 0xF3,
    0xC9, 0x2F, 0x6F, 0x15, 0x1A, 0xCA, 0x29, 0xE5, 0xC4, 0xC2, 0xE2, 0xF0, 0xD3, 0x66, 0x8A, 0xF5,
    0xD3, 0xA6, 0xAF, 0x46, 0x71, 0x2E, 0x68, 0x29, 0x07, 0x9A, 0x4C, 0xFD, 0x35, 0x6C, 0x59, 0xCB,
    0xB7, 0x73, 0x9A, 0xDC, 0xC1, 0xCD, 0x35, 0x8C, 0x31, 0xC8, 0x06, 0x04, 0x1F, 0x0D, 0x21, 0x85,
    0x3D, 0x08, 0x81, 0xAC, 0xDF, 0xB4, 0x87, 0x4F, 0xA1, 0x10, 0x5C, 0x25, 0x9F, 0x92, 0xB3, 0xCA,
    0x25, 0x7E, 0xFD, 0xB7, 0x3F, 0x44, 0x24, 0x52, 0x80, 0x0C, 0x20, 0x3D, 0xD7, 0xB1, 0x1E, 0x75,
    0x48, 0xEB, 0x64, 0x2A, 0xBB, 0x9A, 0x2D, 0x35, 0xDE, 0x7A, 0x3D, 0xA5, 0xA5, 0xF6, 0x94, 0x9A,
    0x45, 0x4F, 0xE9, 0xC6, 0xF5, 0x94, 0xF2, 0x13, 0x4D, 0x1D, 0xF5, 0xFB, 0x9E, 0xD2, 0xDC, 0xF6,
    0x94, 0xF6, 0x46, 0xE1, 0xC7, 0xD6, 0xF6, 0xEB, 0x19, 0xBE, 0xEB, 0x29, 0xAD, 0x0E, 0xF7, 0x94,
    0xFE, 0x05, 0x65, 0x36, 0xEB, 0x37, 0x18, 0x37, 0xB3, 0xED, 0x29, 0xA5, 0x65, 0xE4, 0x4A, 0x15,
    0x44, 0xC7, 0x9E, 0xD2, 0x96, 0xE8, 0x25, 0x02, 0xA4, 0x5B, 0x05, 0x48, 0x37, 0x94, 0xB9, 0x4A,
    0x60, 0x35, 0x46, 0xE2, 0xF0, 0x34, 0x09, 0xA7, 0xD5, 0xE0, 0x33, 0x2B, 0xBB, 0xD1, 0x70, 0x7C,
    0xFE, 0x81, 0x46, 0xD3, 0xE0, 0x50, 0xA3, 0x69, 0xFA, 0xA4, 0x8D, 0xA6, 0x65, 0x91, 0x37, 0x6C,
    0x34, 0x65, 0xB5, 0x3E, 0x61, 0xF5, 0x4F, 0xAD, 0x61, 0x44, 0xBA, 0xDE, 0x4F, 0xFE, 0xA4, 0x05,
    0x15, 0xA1, 0x1E, 0xEA, 0xDF, 0xF6, 0xD5, 0xD6, 0xAB, 0xDA, 0xBA, 0x18, 0x6A, 0x9B, 0x9D, 0xDA,
    0xCC, 0x5E, 0x6D, 0xA5, 0xAF, 0x36, 0x06, 0xB2, 0x87, 0xD4, 0x76, 0x47, 0x1E, 0x40, 0x61, 0x9A,
    0x6F, 0x50, 0xE6, 0xD4, 0x96, 0x3D, 0x5A, 0x6D, 0xB2, 0x54, 0x9B, 0x9E, 0x72, 0xCB, 0x56, 0x60,
    0x73, 0x0E, 0xB5, 0xA1, 0x9D, 0x4F, 0xD8, 0xF7, 0x56, 0x5C, 0x14, 0x78, 0x3E, 0x42, 0xE0, 0xE5,
    0xE9, 0xAE, 0xC9, 0xDA, 0x17, 0xB8, 0xB9, 0x4B, 0x81, 0x33, 0xC7, 0x50, 0xCA, 0x5B, 0x74, 0x08,
    0x06, 0xD2, 0x5E, 0x05, 0xCE, 0x26, 0x43, 0x4F, 0xE0, 0xA5, 0x27, 0xF0, 0xCC, 0x7B, 0xB1, 0x61,
    0x2C, 0x35, 0x3B, 0x7B, 0xAB, 0xFF, 0x03, 0xED, 0x9C, 0x31, 0xAC, 0xE5, 0x56, 0x5A, 0xC7, 0x7F,
    0xB6, 0xF3, 0xE6, 0x46, 0x31, 0x8B, 0xA7, 0x48, 0x24, 0x92, 0x44, 0x71, 0xCA, 0x28, 0x82, 0x71,
    0xB3, 0x45, 0x8A, 0x68, 0x6C, 0xD8, 0x92, 0x66, 0x90, 0x36, 0x05, 0xD5, 0x4E, 0xB9, 0x80, 0xC4,
    0x34, 0x29, 0x28, 0xD8, 0xB5, 0x51, 0x8A, 0x6D, 0x87, 0x86, 0x3A, 0x45, 0x8A, 0x55, 0x28, 0xB6,
    0xA5, 0x98, 0xC1, 0x26, 0x2D, 0x8D, 0x03, 0x12, 0x0D, 0x05, 0x5E, 0x91, 0x8A, 0x6D, 0xCE, 0x2E,
    0x5E, 0xC9, 0x6C, 0x6C, 0x1F, 0xE6, 0xFC, 0x3F, 0x1D, 0x8D, 0x2F, 0x3B, 0xA2, 0x01, 0xCD, 0x7B,
    0xEF, 0x82, 0x75, 0xEF, 0xFF, 0x9F, 0x7B, 0xDF, 0x7D, 0xCF, 0xDF, 0x39, 0x3F, 0x7F, 0xDF, 0xFD,
    0x7C, 0x72, 0x12, 0x80, 0xEF, 0x06, 0x21, 0xDB, 0x65, 0x27, 0x2F, 0x2B, 0xCC, 0x2A, 0xB3, 0xBA,
    0x6D, 0x82, 0xF5, 0x75, 0x17, 0x6C, 0xAB, 0x07, 0x20, 0x5D, 0xAB, 0x60, 0xD9, 0x2C, 0xCB, 0x5D,
    0x39, 0x02, 0xC5, 0x58, 0x4C, 0x40, 0x35, 0xC8, 0xEA, 0xA6, 0x70, 0x40, 0x8F, 0x6C, 0x23, 0x77,
    0xE1, 0xD7, 0xC8, 0x67, 0xC8, 0xBC, 0xF7, 0x0B, 0xE4, 0xCF, 0x6C, 0x85, 0xC2, 0xAC, 0x1A, 0xC8,
    0x56, 0xA8, 0x3B, 0xB2, 0x0D, 0x7A, 0x48, 0x37, 0xD8, 0x21, 0xD9, 0xC9, 0xF7, 0x86, 0xB7, 0x7D,
    0x57, 0x7B, 0x47, 0xEF, 0x5D, 0xEB, 0x1D, 0xDE, 0x3B, 0x38, 0x3F, 0x92, 0xC7, 0xB2, 0x62, 0x36,
    0x5B, 0xCE, 0x5E, 0x39, 0x59, 0xD2, 0xC8, 0xAE, 0x1A, 0x48, 0xFD, 0xFE, 0xE7, 0x94, 0xE1, 0xC4,
    0xFD, 0xEE, 0x97, 0xC4, 0x77, 0xF9, 0x92, 0x85, 0xE0, 0x8A, 0x39, 0x8C, 0x66, 0xA2, 0x70, 0xF5,
    0x10, 0xA5, 0xED, 0x28, 0xA7, 0xBE, 0xA1, 0x1A, 0x7B, 0xA8, 0x07, 0x0F, 0x6D, 0x10, 0x3F, 0xF4,
    0x4D, 0xFA, 0x4C, 0xBA, 0x93, 0xEF, 0xEA, 0xB1, 0x6A, 0x9B, 0xDA, 0xEF, 0xF5, 0xD7, 0x85, 0x5F,
    0xDA, 0xF5, 0xE4, 0x87, 0x7E, 0xD5, 0xD4, 0xDA, 0x91, 0x76, 0x31, 0x88, 0x6A, 0x0E, 0xE2, 0x00,
    0x4D, 0x52, 0x82, 0x1D, 0x6F, 0x35, 0x32, 0xEF, 0xCC, 0x16, 0x59, 0x62, 0x96, 0x9A, 0x55, 0x4E,
    0xD6, 0x76, 0xB2, 0x27, 0xC4, 0xE3, 0x96, 0x43, 0xBC, 0xF3, 0x79, 0x8C, 0xF5, 0x37, 0xFB, 0x0E,
    0x28, 0x83, 0x54, 0x22, 0x04, 0x9C, 0x66, 0x20, 0x1F, 0x0C, 0x1A, 0x5C, 0x13, 0xBE, 0xCC, 0x8C,
    0x62, 0x30, 0x6F, 0xCD, 0xD3, 0x5D, 0x56, 0xE5, 0xB3, 0xDC, 0xFF, 0xFD, 0x60, 0xD3, 0xFF, 0x73,
    0x7B, 0xFB, 0x9B, 0x55, 0xDE, 0x37, 0x5E, 0xBE, 0x50, 0xC9, 0x1B, 0x5E, 0x39, 0x42, 0x13, 0xB5,
    0x88, 0x2D, 0x72, 0x8B, 0xE0, 0x22, 0xB9, 0x88, 0x2E, 0xB2, 0x8B, 0xF0, 0x22, 0xBD, 0x88, 0x2F,
    0xF2, 0x8B, 0x00, 0x23, 0xC1, 0x88, 0x30, 0x32, 0x8C, 0x10, 0x23, 0xC5, 0x88, 0x31, 0x72, 0x8C,
    0x20, 0x23, 0xC9, 0x88, 0x32, 0xB2, 0x8C, 0x30, 0x31, 0x9A, 0x8E, 0xB3, 0x9C, 0x54, 0x9C, 0xD9,
    0xF4, 0x3C, 0xF1, 0x2C, 0xC2, 0x36, 0xC8, 0x1F, 0xAC, 0xA2, 0xAA, 0x54, 0xD8, 0x14, 0x97, 0x07,
    0x32, 0x0D, 0xAA, 0x98, 0x42, 0x68, 0x45, 0x93, 0x4E, 0x1C, 0x59, 0x1B, 0x6C, 0xA3, 0x2D, 0xDC,
    0x88, 0x37, 0x02, 0x8E, 0x88, 0x23, 0xE4, 0x08, 0x37, 0xA6, 0xA2, 0x8E, 0xB0, 0x23, 0xEE, 0x08,
    0x3C, 0x22, 0x8F, 0xD0, 0x23, 0xF6, 0x08, 0x3E, 0xA2, 0x8F, 0xF0, 0x63, 0xFC, 0x0D, 0xD0, 0xF1,
    0x78, 0xC7, 0xAC, 0xE7, 0x98, 0x89, 0xE5, 0x60, 0x17, 0x81, 0x0B, 0xE6, 0xBF, 0x74, 0x42, 0xE9,
    0x1A, 0xBB, 0x02, 0xE2, 0x05, 0x60, 0xFC, 0x23, 0xFE, 0xDB, 0x5E, 0x77, 0x13, 0xC5, 0x3C, 0xC4,
    0x22, 0x16, 0x2F, 0x28, 0x78, 0xB0, 0x05, 0xB8, 0x1F, 0x41, 0xB5, 0x62, 0x68, 0xB3, 0x35, 0xE0,
    0x98, 0x0A, 0x17, 0xB8, 0x8E, 0xD7, 0x95, 0xC1, 0xC9, 0x63, 0xF3, 0x6A, 0x37, 0x2F, 0xBD, 0x39,
    0xF5, 0xB9, 0xDF, 0xD9, 0x39, 0x7E, 0x6D, 0x5C, 0x15, 0xDD, 0x91, 0x74, 0xEA, 0x27, 0x0C, 0xD3,
    0x22, 0x6F, 0xBF, 0xDC, 0xE4, 0x1B, 0xAD, 0xFC, 0x33, 0xBE, 0x75, 0xD9, 0x99, 0xFD, 0x96, 0xE6,
    0xD2, 0x5E, 0xF8, 0xD9, 0xBE, 0x9B, 0xA4, 0xB3, 0xE2, 0xB2, 0x68, 0xBA, 0x10, 0xF9, 0x0A, 0x94,
    0x41, 0x68, 0xBD, 0x2A, 0x65, 0x3B, 0x40, 0xEE, 0x42, 0xE0, 0x45, 0x67, 0xA5, 0x81, 0xE6, 0xC6,
    0xE4, 0xF7, 0x8F, 0xE9, 0x34, 0x61, 0x9F, 0x4E, 0x36, 0x4F, 0x03, 0x50, 0xFD, 0xBE, 0x6F, 0x80,
    0x57, 0xF9, 0x1B, 0x63, 0x26, 0xC5, 0x0F, 0x06, 0xD4, 0x71, 0xC9, 0xF9, 0xAD, 0xE8, 0xC6, 0x8F,
    0xC0, 0xEF, 0x2B, 0xE9, 0x37, 0xDE, 0x91, 0x0E, 0x0A, 0x4F, 0x63, 0x71, 0x9C, 0xE5, 0x77, 0xAB,
    0xFC, 0x9E, 0x28, 0x9A, 0x6C, 0xC4, 0xB0, 0xBE, 0xEC, 0xFC, 0xBE, 0x3A, 0x16, 0x64, 0xCB, 0xD2,
    0x98, 0xA4, 0xF5, 0x97, 0x22, 0xB0, 0xD3, 0x9E, 0x65, 0x28, 0xFC, 0x1F, 0xED, 0x7D, 0x75, 0x64,
    0x0B, 0x50, 0x6C, 0x40, 0xED, 0xC3, 0x49, 0xEA, 0x81, 0xD3, 0x9C, 0x3B, 0xF2, 0x21, 0x75, 0x24,
    0x10, 0x3F, 0x7A, 0x53, 0xBB, 0xE5, 0x78, 0x7C, 0x68, 0xB6, 0x49, 0xB3, 0x55, 0x56, 0x4E, 0x32,
    0xE3, 0xC6, 0x47, 0xD2, 0x7B, 0x77, 0xDF, 0x15, 0x4C, 0xEE, 0x0B, 0xED, 0x5F, 0xAC, 0x87, 0x0B,
    0x24, 0xF3, 0x63, 0x30, 0x5E, 0xBF, 0x90, 0x4B, 0xE2, 0x84, 0xCE, 0xA9, 0x4A, 0x6C, 0xBF, 0xA4,
    0x53, 0x65, 0xFF, 0xFC, 0xE5, 0x44, 0xF6, 0xD3, 0xEC, 0x99, 0x2C, 0xE1, 0xA7, 0xDE, 0x37, 0xD0,
    0xAE, 0xD7, 0xDB, 0x58, 0xEB, 0x78, 0xCD, 0xAC, 0xEA, 0x0E, 0xF8, 0x22, 0x4C, 0xBC, 0x59, 0x25,
    0xBD, 0x7F, 0x75, 0xEF, 0x88, 0xF1, 0xAF, 0x0C, 0xA3, 0x9F, 0x0D, 0xE3, 0x70, 0x21, 0x18, 0xEF,
    0xDA, 0xED, 0x5D, 0x1C, 0xBC, 0x02, 0x2B, 0x62, 0x87, 0x95, 0x34, 0x9F, 0x3C, 0x20, 0x9B, 0x52,
    0x47, 0xEA, 0xF2, 0x91, 0xC4, 0xFB, 0xC1, 0xEA, 0x30, 0xE5, 0x7C, 0x5D, 0x18, 0xEF, 0x34, 0xB2,
    0x76, 0x31, 0x33, 0x72, 0x3C, 0x35, 0xB3, 0x57, 0xF9, 0x22, 0xAB, 0x46, 0x65, 0x63, 0x5D, 0x1E,
    0x31, 0xFE, 0xE5, 0x8B, 0xB2, 0xF1, 0x8D, 0x5B, 0x8F, 0x91, 0xEF, 0x2B, 0xE4, 0x2E, 0x5E, 0x9A,
    0xB9, 0x82, 0x18, 0x62, 0x5E, 0xEE, 0x90, 0xFE, 0xE3, 0x2F, 0x26, 0xB2, 0x29, 0x9B, 0x48, 0x0F,
    0x29, 0xB9, 0xDD, 0x80, 0x94, 0x4C, 0xD7, 0xAC, 0x03, 0x72, 0xFF, 0x93, 0x01, 0x35, 0x66, 0x00,
    0xBF, 0x73, 0xDA, 0xD0, 0x71, 0x57, 0x10, 0x39, 0x83, 0xF8, 0x4F, 0x31, 0x17, 0x2F, 0xB0, 0xA4,
    0xD6, 0xDD, 0xB7, 0xC1, 0xFF, 0x6A, 0x21, 0x0D, 0xEF, 0x65, 0x43, 0x3F, 0x40, 0x73, 0x15, 0x72,
    0x91, 0x07, 0xC6, 0x2F, 0xBB, 0x21, 0xB9, 0x18, 0xA9, 0x54, 0xD4, 0xC1, 0xCA, 0xAF, 0xB6, 0x17,
    0xA7, 0xD6, 0xFF, 0xB7, 0x40, 0xA9, 0x0B, 0x9D, 0x8E, 0xCB, 0x26, 0xD8, 0x1F, 0x29, 0xF7, 0x3A,
    0xA8, 0x37, 0xFB, 0x3B, 0x37, 0xBA, 0xFB, 0x79, 0xE3, 0xE3, 0x8F, 0x1F, 0xE0, 0xBD, 0xF7, 0xB3,
    0xD4, 0xF1, 0xF6, 0xFE, 0xC5, 0x5F, 0x3B, 0x4E, 0x0B, 0x99, 0x0B, 0xB3, 0x9B, 0x4D, 0xE4, 0x2E,
    0xA8, 0x0D, 0xFA, 0xA8, 0xE5, 0x64, 0x45, 0x58, 0xEA, 0xFD, 0x04, 0xB5, 0x26, 0xB2, 0xB6, 0x7F,
    0x1E, 0x62, 0x0F, 0x1D, 0xB5, 0x6F, 0x82, 0x7A, 0x30, 0x7D, 0x53, 0x7A, 0x5F, 0x54, 0x7E, 0x10,
    0xB8, 0xF0, 0x84, 0xB7, 0x05, 0xAF, 0x97, 0x7A, 0xE9, 0xF9, 0xF1, 0x39, 0x20, 0xAE, 0x70, 0xDA,
    0xA5, 0xDB, 0xF3, 0x77, 0x78, 0x40, 0xEC, 0xDE, 0x53, 0xBF, 0x2A, 0xA6, 0x06, 0xFF, 0x6F, 0x7E,
    0x48, 0x3D, 0xF5, 0x78, 0x5A, 0x28, 0xC7, 0xC2, 0x3D, 0x93, 0x6A, 0xA4, 0x1E, 0xEA, 0x01, 0xDF,
    0xD5, 0xDD, 0xA3, 0x9D, 0x36, 0x8C, 0xBD, 0xF7, 0x7B, 0x43, 0xFF, 0x45, 0x03, 0x3D, 0x44, 0x69,
    0xC0, 0x86, 0x51, 0x8F, 0xFC, 0x19, 0xE5, 0xFE, 0x27, 0x2B, 0xB9, 0xF7, 0x0B, 0x89, 0xF0, 0x5E,
    0x3D, 0x38, 0xB6, 0x1C, 0xF6, 0xC1, 0x76, 0x0C, 0x32, 0x28, 0xCB, 0x15, 0xCA, 0xE1, 0x1B, 0xAD,
    0x5F, 0x0E, 0xDF, 0x67, 0x07, 0x7D, 0x7B, 0xC1, 0x4E, 0x01, 0x56, 0xFD, 0xB8, 0x25, 0x60, 0xB4,
    0xD4, 0x5A, 0xED, 0xC0, 0xBB, 0xBD, 0x86, 0x20, 0x89, 0x50, 0x8A, 0x29, 0x48, 0x9C, 0x05, 0xAE,
    0x03, 0x8D, 0x52, 0x2F, 0xDF, 0xB3, 0x41, 0x27, 0x1C, 0xE0, 0xFE, 0x23, 0x0F, 0xBC, 0x9F, 0x5A,
    0x36, 0xDF, 0xA6, 0xB9, 0xDE, 0x79, 0x48, 0xE6, 0xFF, 0xC1, 0x51, 0x78, 0x3F, 0x51, 0x65, 0x7E,
    0xE0, 0x55, 0x7E, 0xC8, 0xF1, 0xB8, 0x9E, 0x8B, 0x3F, 0x19, 0x64, 0xF9, 0x24, 0xAB, 0xCC, 0x7C,
    0x03, 0xE4, 0x9F, 0xDA, 0x82, 0xCD, 0xBF, 0x8E, 0x8A, 0x49, 0x73, 0x5E, 0x7C, 0xB3, 0x5B, 0xAE,
    0xF4, 0x1D, 0x61, 0xC0, 0x45, 0xB0, 0xBB, 0x24, 0x44, 0x08, 0x46, 0xC1, 0xCC, 0x81, 0x71, 0xC0,
    0x40, 0x60, 0x24, 0x0C, 0x45, 0x9C, 0xFF, 0xA3, 0x19, 0x8E, 0xC8, 0x23, 0x02, 0x89, 0x44, 0x0C,
    0x49, 0x64, 0x22, 0x1C, 0xD1, 0x22, 0x16, 0x71, 0x89, 0x60, 0x22, 0x19, 0x43, 0x83, 0xB1, 0xC1,
    0xE0, 0x60, 0x74, 0x8E, 0x35, 0x2A, 0x95, 0x9E, 0x46, 0x45, 0x21, 0xAD, 0x1B, 0xE2, 0xDD, 0xE4,
    0x77, 0x66, 0xA0, 0xF8, 0xC5, 0x08, 0xD4, 0xFA, 0xBC, 0xDF, 0x09, 0xC3, 0x6A, 0xBB, 0xF0, 0xE1,
    0xF0, 0xF1, 0x77, 0xC9, 0x86, 0x03, 0xC5, 0x88, 0xD1, 0x38, 0x0A, 0x24, 0x22, 0x89, 0x50, 0x22,
    0x96, 0x08, 0x26, 0xA2, 0x89, 0x70, 0x1A, 0x4F, 0x03, 0x6A, 0x44, 0x8D, 0x66, 0xD4, 0x06, 0x9B,
    0x80, 0x88, 0xD5, 0xB8, 0x1A, 0x58, 0x23, 0x7B, 0x40, 0x8B, 0x91, 0x85, 0x58, 0xCE, 0xA8, 0x06,
    0x9B, 0x6A, 0xD1, 0x5D, 0x80, 0x76, 0x5A, 0xC4, 0xF6, 0x6E, 0x44, 0x2B, 0xB2, 0x02, 0x2B, 0xAE,
    0xB7, 0x22, 0xB7, 0x48, 0x88, 0xA5, 0xAA, 0x1A, 0xE2, 0xC9, 0xB3, 0x19, 0x68, 0xD6, 0xF0, 0xEA,
    0x13, 0x41, 0x13, 0x33, 0x21, 0x13, 0x31, 0x01, 0xBB, 0xA6, 0xA4, 0x4B, 0x3E, 0x8F, 0x7D, 0x95,
    0x59, 0x67, 0x3E, 0xC8, 0x4A, 0xBD, 0x4A, 0x0C, 0x78, 0xB6, 0xE8, 0xC5, 0xC9, 0x88, 0x4B, 0xF1,
    0xCE, 0x7A, 0xB3, 0xD5, 0x12, 0xD6, 0xEB, 0xC4, 0x36, 0xF2, 0x6F, 0x73, 0xBA, 0x80, 0x4C, 0xFC,
    0xC3, 0xE7, 0xED, 0x69, 0x6A, 0x83, 0xCD, 0x0E, 0xFA, 0x68, 0x8C, 0x15, 0x2A, 0x77, 0x0B, 0x50,
    0x05, 0x11, 0x5B, 0xB2, 0x35, 0x9C, 0xBC, 0x98, 0xAA, 0x01, 0x4A, 0xA5, 0xF2, 0x2B, 0xD0, 0xDC,
    0x94, 0x7C, 0xFC, 0x23, 0x1E, 0x40, 0xEA, 0xBF, 0x9A, 0xE1, 0xA4, 0x69, 0x2C, 0x7E, 0xE4, 0x07,
    0xB8, 0xC3, 0x9F, 0x62, 0x97, 0xAF, 0xF2, 0x31, 0xD6, 0xDA, 0xDB, 0x9C, 0x8F, 0xB6, 0xEE, 0xFF,
    0x09, 0x49, 0x08, 0x32, 0xFB, 0xC6, 0x4F, 0x64, 0x9D, 0xFE, 0x62, 0x13, 0x43, 0xA9, 0x17, 0xC0,
    0x6F, 0x70, 0x5A, 0xFA, 0x26, 0xE4, 0xE3, 0xC0, 0x3D, 0x4E, 0x03, 0xAF, 0x5C, 0x47, 0x3E, 0x26,
    0x87, 0x0B, 0xDD, 0xCF, 0xC4, 0xDC, 0xB2, 0xD4, 0x6A, 0x95, 0x59, 0x1F, 0x5A, 0x62, 0x5D, 0x66,
    0xC7, 0x7D, 0x58, 0xC7, 0x2F, 0xE3, 0x3A, 0x7E, 0xBA, 0xB5, 0x1D, 0x85, 0xB3, 0x75, 0xFC, 0xC9,
    0xF2, 0xC8, 0x8E, 0x9B, 0xD9, 0xA3, 0xBF, 0x69, 0x0B, 0xFD, 0x89, 0x77, 0x90, 0xD9, 0x93, 0x47,
    0x93, 0xD5, 0x89, 0x05, 0x8C, 0x73, 0xC0, 0xE6, 0x10, 0x32, 0x5D, 0x7A, 0x04, 0x5C, 0x01, 0x16,
    0xC5, 0xE1, 0x59, 0x4E, 0x42, 0xA4, 0x67, 0x3D, 0xC4, 0xA7, 0x90, 0x84, 0xA7, 0x42, 0xF6, 0xC4,
    0x67, 0xBC, 0x29, 0x0D, 0x77, 0xA4, 0xF4, 0xF1, 0x5E, 0xF4, 0x8F, 0x9B, 0x10, 0xC9, 0xCF, 0x1C,
    0xE9, 0x4C, 0xE6, 0x42, 0xC8, 0x3B, 0xAC, 0xCF, 0xE7, 0xBB, 0x5F, 0xF1, 0x2B, 0x8F, 0x16, 0x4E,
    0x73, 0x88, 0x21, 0x77, 0x14, 0xF6, 0x98, 0x28, 0xA7, 0x70, 0xE6, 0x6A, 0xA0, 0x8E, 0x8F, 0xB6,
    0xA3, 0x6D, 0xE8, 0x27, 0xBC, 0x7E, 0xEB, 0xE5, 0x8E, 0xE5, 0x78, 0x43, 0xAD, 0x53, 0x14, 0x0B,
    0xF6, 0x74, 0xD8, 0x1D, 0x74, 0xFA, 0x98, 0x80, 0x7C, 0x0E, 0x8F, 0xC2, 0x1D, 0xEF, 0xAA, 0x73,
    0x3F, 0x14, 0x7E, 0xB8, 0xE3, 0x2D, 0xFE, 0x86, 0x1E, 0xBC, 0x1E, 0x7B, 0x38, 0x4B, 0xBA, 0x91,
    0xAE, 0x64, 0xF1, 0x71, 0xB2, 0xC9, 0xD8, 0x29, 0xF4, 0x5B, 0xC4, 0x3B, 0xAF, 0x7A, 0xA4, 0x9E,
    0xA4, 0x83, 0xB1, 0x4E, 0xBE, 0x78, 0x0C, 0xB4, 0x7E, 0xB3, 0x95, 0x83, 0x81, 0xD2, 0x7F, 0xE1,
    0x1D, 0xED, 0x4C, 0x35, 0xE3, 0x07, 0xF2, 0x35, 0xF3, 0x90, 0x6D, 0xA7, 0x15, 0xD2, 0xBD, 0x50,
    0x21, 0x2E, 0x5D, 0x50, 0x75, 0xB7, 0xBE, 0x1E, 0xA5, 0x43, 0x78, 0xA7, 0x1D, 0xC2, 0x67, 0xFA,
    0x2E, 0x6A, 0xB6, 0xF9, 0x06, 0xB2, 0x35, 0x68, 0xBE, 0x86, 0x77, 0x8A, 0x39, 0x68, 0xE5, 0xC2,
    0x27, 0xEB, 0x31, 0xFC, 0xAE, 0x1F, 0x2A, 0x47, 0xE6, 0x29, 0x36, 0xAA, 0x95, 0x93, 0x4A, 0x40,
    0xE2, 0x75, 0xB9, 0x56, 0xD6, 0x25, 0x7F, 0xFC, 0xE2, 0xFC, 0xCB, 0xFE, 0xBB, 0x3B, 0xDE, 0x93,
    0x5F, 0xA0, 0x56, 0x36, 0xFD, 0xCA, 0x0F, 0x99, 0xA7, 0x72, 0xF9, 0x1A, 0x32, 0x30, 0xD4, 0x94,
    0x6A, 0xE2, 0xB4, 0xD4, 0x43, 0x94, 0xB6, 0x23, 0x5F, 0xFA, 0x67, 0x32, 0xF7, 0x0D, 0x85, 0x8B,
    0x52, 0x4D, 0x6D, 0x47, 0xCC, 0xBA, 0x29, 0xF3, 0x94, 0xFB, 0x4F, 0x94, 0x4D, 0x8A, 0xAF, 0x89,
    0xD9, 0x64, 0xF3, 0x1A, 0xEB, 0x50, 0x3D, 0x11, 0x65, 0x38, 0xDC, 0xF1, 0x3E, 0x46, 0xAD, 0xEE,
    0x71, 0xDD, 0x47, 0xDA, 0xEA, 0xA7, 0x2B, 0xF1, 0x06, 0x91, 0xD2, 0x70, 0xDF, 0x26, 0x30, 0xC7,
    0x2D, 0x46, 0x4D, 0xEC, 0xB8, 0xEA, 0xC6, 0x56, 0x61, 0xC9, 0xBF, 0x3E, 0xDF, 0x62, 0x74, 0x3D,
    0x80, 0x1E, 0x4B, 0x33, 0x77, 0x5C, 0xB6, 0x52, 0xCD, 0x3B, 0x7D, 0xB5, 0x0B, 0xCA, 0x2F, 0xF5,
    0x23, 0xBF, 0x35, 0xBA, 0xA4, 0xBC, 0xC6, 0x31, 0x59, 0x21, 0x25, 0x1F, 0xB1, 0xD6, 0x27, 0x42,
    0x31, 0x2A, 0x11, 0x0B, 0xC6, 0x05, 0x03, 0x63, 0x64, 0x30, 0x34, 0x18, 0x1B, 0x0C, 0x0E, 0x46,
    0x07, 0xC3, 0x83, 0xF1, 0xC1, 0x00, 0x61, 0x84, 0x30, 0x44, 0x18, 0x23, 0x0C, 0x12, 0x46, 0x09,
    0xC3, 0x84, 0x71, 0xC2, 0x40, 0x61, 0xA4, 0x30, 0x54, 0x18, 0x2B, 0x0C, 0x56, 0xA4, 0x65, 0xB8,
    0x8E, 0x89, 0x94, 0xFC, 0xDA, 0x1E, 0x22, 0x0D, 0x95, 0x3E, 0xC8, 0xEF, 0xAE, 0x40, 0xAE, 0x09,
    0xA9, 0xEC, 0xE6, 0xCC, 0x2B, 0xC3, 0x6C, 0x0F, 0x91, 0xF6, 0x18, 0x90, 0x8E, 0x1C, 0x61, 0x1A,
    0x4D, 0xC3, 0x29, 0x9E, 0x08, 0x28, 0x22, 0x8A, 0x90, 0x22, 0xA6, 0x88, 0x27, 0xA6, 0xC2, 0x8A,
    0xB8, 0x22, 0xA6, 0x98, 0x0A, 0x2D, 0x62, 0x8B, 0xE0, 0x22, 0xBA, 0x86, 0xD7, 0xF8, 0x1A, 0xE0,
    0x23, 0x61, 0x03, 0xAC, 0x71, 0x95, 0xF1, 0xB6, 0x2C, 0x76, 0xFC, 0xA7, 0x51, 0x0D, 0xC8, 0xFC,
    0x03, 0x21, 0xBE, 0x6B, 0x84, 0x23, 0x60, 0xF1, 0x15, 0xDE, 0x5B, 0x54, 0x0B, 0x13, 0x62, 0x56,
    0xE9, 0xDE, 0x3A, 0x77, 0xB1, 0x06, 0x36, 0x1B, 0xE4, 0xF3, 0x87, 0x42, 0x27, 0x72, 0x02, 0x27,
    0x6E, 0xC2, 0x76, 0x5D, 0x19, 0xF8, 0x7D, 0xE9, 0xC9, 0x77, 0xC7, 0xB5, 0xF2, 0xDC, 0xAC, 0x18,
    0x64, 0xBD, 0x4C, 0x45, 0x83, 0xE4, 0x3B, 0x4E, 0x24, 0xA5, 0xD8, 0x22, 0x61, 0xEA, 0x3D, 0xC4,
    0x59, 0xA3, 0xEE, 0x8A, 0x11, 0x78, 0x87, 0xB4, 0xBB, 0x94, 0xB4, 0x8C, 0x1B, 0x80, 0xA6, 0xC3,
    0x06, 0x20, 0xA9, 0xD5, 0x2D, 0xC5, 0xA7, 0xD3, 0x9C, 0xDC, 0xF3, 0x0D, 0x40, 0xBD, 0xC7, 0xDA,
    0xCB, 0xB8, 0x01, 0x48, 0x0D, 0xA6, 0xAE, 0xE7, 0x9B, 0x92, 0x9C, 0x1F, 0xF0, 0x1E, 0xE0, 0xA7,
    0x27, 0x62, 0x38, 0xC3, 0xE9, 0xA7, 0x7E, 0x82, 0xB4, 0x29, 0x9B, 0xB8, 0x44, 0x24, 0x44, 0xE0,
    0x37, 0x2B, 0xBF, 0x40, 0x15, 0x93, 0x73, 0xD0, 0x60, 0x6E, 0x59, 0xA3, 0x12, 0xF7, 0xF7, 0x2C,
    0xBF, 0xB6, 0xBF, 0x27, 0xFF, 0xAF, 0xFB, 0x7B, 0x3A, 0xCE, 0xF7, 0xF7, 0xBC, 0xF4, 0xE4, 0x4C,
    0x9A, 0x58, 0x2E, 0x95, 0x69, 0x82, 0xA4, 0x3C, 0x6B, 0x07, 0xA5, 0xD9, 0x44, 0xCC, 0x32, 0x2E,
    0xB3, 0x5F, 0xD4, 0x91, 0xCD, 0x2F, 0xD8, 0xB4, 0x13, 0xF2, 0xA3, 0x3B, 0xDF, 0xB4, 0x73, 0x43,
    0x3B, 0x4C, 0x5E, 0x35, 0xFB, 0x5B, 0x2C, 0xE3, 0x65, 0xF5, 0xCE, 0xC3, 0x80, 0x73, 0x0C, 0x83,
    0xCB, 0x16, 0x82, 0xA5, 0x9D, 0x4C, 0x55, 0x45, 0x30, 0x03, 0x9B, 0x56, 0x20, 0x03, 0xCE, 0xED,
    0xAC, 0x6E, 0x2E, 0xB7, 0xA2, 0x6E, 0x5A, 0x79, 0xB8, 0x27, 0xF5, 0x2A, 0x29, 0x41, 0xE3, 0x4A,
    0x96, 0xB2, 0x6A, 0xA7, 0x18, 0xE0, 0x33, 0x29, 0x52, 0x6B, 0x13, 0xAE, 0x68, 0x3B, 0xFD, 0x79,
    0xA1, 0x9C, 0x63, 0x7D, 0xDC, 0xC3, 0xA0, 0xF2, 0xE5, 0x58, 0x1F, 0x83, 0x9E, 0xD7, 0x47, 0xAB,
    0x8C, 0xFF, 0xF3, 0xFA, 0x98, 0x36, 0x86, 0x63, 0x92, 0xE5, 0xBB, 0x99, 0x1F, 0x79, 0xA8, 0x84,
    0x14, 0xAD, 0x74, 0x93, 0xF1, 0xFE, 0x85, 0xB1, 0x6B, 0xA4, 0xF3, 0xF3, 0xF4, 0x4C, 0xF5, 0x29,
    0x5A, 0x07, 0x3A, 0x91, 0xE0, 0x89, 0xD7, 0x6F, 0xDF, 0x40, 0x76, 0xF1, 0xCE, 0x8E, 0x7A, 0x35,
    0xDB, 0x31, 0x37, 0xFB, 0xA1, 0x10, 0xDE, 0x31, 0x84, 0xE5, 0x64, 0xC6, 0x85, 0x21, 0x7C, 0xED,
    0x70, 0x6F, 0xFB, 0xC1, 0x6E, 0xE3, 0x96, 0x3E, 0x7D, 0x8E, 0xB0, 0x1C, 0x03, 0xB6, 0x8A, 0xA0,
    0x6F, 0xDC, 0x34, 0x84, 0x0F, 0xB1, 0x9A, 0xF1, 0x7B, 0xCE, 0xB6, 0x27, 0x8F, 0x0F, 0xA1, 0xFA,
    0x9E, 0xFF, 0x74, 0x86, 0x77, 0x12, 0xCB, 0x3B, 0x2E, 0x0C, 0x5A, 0xBA, 0x32, 0x42, 0xEE, 0x7F,
    0xE4, 0xA0, 0xB4, 0x7F, 0x15, 0x9C, 0xFB, 0x06, 0x7E, 0x8B, 0x27, 0x06, 0xE7, 0x46, 0xE6, 0x9A,
    0x58, 0x1D, 0x61, 0x5C, 0x20, 0x9A, 0xF3, 0xC6, 0x25, 0xF6, 0x29, 0xA7, 0x2D, 0xDA, 0xE1, 0x4D,
    0x1E, 0x70, 0x76, 0xDC, 0x6C, 0x72, 0xEA, 0x60, 0xE2, 0x62, 0x7D, 0x3D, 0x1D, 0x54, 0xA1, 0x5E,
    0xC5, 0x65, 0x58, 0x92, 0xC6, 0x96, 0x4A, 0x9D, 0xD9, 0x94, 0xEF, 0x50, 0xFE, 0x87, 0x06, 0x9D,
    0x3B, 0x32, 0x5B, 0x2A, 0x3D, 0x99, 0xE5, 0xB3, 0x99, 0x2D, 0xCD, 0x16, 0xD1, 0x74, 0x9A, 0x60,
    0xF5, 0x40, 0x39, 0xC9, 0xAA, 0xD1, 0x2C, 0x60, 0x51, 0xE4, 0xB4, 0x66, 0x7D, 0x23, 0xF3, 0xE1,
    0x7D, 0x59, 0x1B, 0x8D, 0x74, 0x93, 0x69, 0xDF, 0xD4, 0xA0, 0xAB, 0xA4, 0x76, 0xB4, 0x96, 0x32,
    0x7E, 0x30, 0x8E, 0x00, 0x9A, 0x56, 0x48, 0x22, 0xC0, 0xE3, 0x86, 0xA9, 0x3C, 0x6E, 0x98, 0x8A,
    0xF6, 0xE2, 0x0D, 0x53, 0xF5, 0x0E, 0xFB, 0x33, 0x49, 0xF6, 0x6A, 0x23, 0xD9, 0xB2, 0x95, 0x74,
    0xD5, 0x3A, 0xAE, 0xC9, 0xF2, 0x4C, 0x4E, 0xCF, 0x64, 0xC9, 0x67, 0x4E, 0x4B, 0x1E, 0x06, 0x2E,
    0x70, 0x51, 0x2A, 0x57, 0x4C, 0xD4, 0x53, 0x39, 0xD1, 0x3F, 0x93, 0xD4, 0x8F, 0xA5, 0xCB, 0xFF,
    0x65, 0x28, 0xBC, 0xFF, 0xDE, 0xD7, 0xB9, 0xDF, 0x2A, 0x9F, 0xFA, 0xA9, 0xDE, 0x79, 0xE3, 0x05,
    0x9B, 0xA0, 0xCA, 0xB3, 0x4D, 0x50, 0x31, 0xA4, 0x37, 0x39, 0x6C, 0xF5, 0x4F, 0xBC, 0x85, 0x9B,
    0x9D, 0xD9, 0xA3, 0xC3, 0xD6, 0x06, 0x58, 0xA4, 0x5C, 0x0E, 0xC4, 0xE4, 0xC7, 0x40, 0xE1, 0x1B,
    0x78, 0xAD, 0x1F, 0x2C, 0xA1, 0x2C, 0x9F, 0x52, 0x1F, 0x57, 0x95, 0xB2, 0xF1, 0xC8, 0xF0, 0xA5,
    0x53, 0x7C, 0xCF, 0x18, 0x19, 0x8D, 0x6A, 0x31, 0x52, 0x33, 0xAF, 0x43, 0xB1, 0x37, 0xC9, 0x8A,
    0x0A, 0xD9, 0x0A, 0xDF, 0x42, 0xA6, 0xAA, 0x2F, 0x36, 0x6F, 0xCF, 0x06, 0x65, 0x92, 0xED, 0x88,
    0xCD, 0xFC, 0x12, 0xD8, 0xB4, 0xFF, 0xAB, 0x09, 0xC6, 0x69, 0x78, 0xBE, 0x2A, 0xE2, 0x83, 0x9E,
    0x7C, 0x5C, 0x49, 0x50, 0x0C, 0x4F, 0xE1, 0x37, 0xEC, 0x86, 0x28, 0xAA, 0x2D, 0x2D, 0xAD, 0x01,
    0x93, 0x9F, 0x03, 0x27, 0x3F, 0x0A, 0x14, 0x22, 0x45, 0x76, 0x78, 0x08, 0x16, 0xA2, 0x85, 0x70,
    0x21, 0x5E, 0x88, 0x15, 0xF6, 0x10, 0x32, 0xC4, 0x0C, 0x41, 0x43, 0xD4, 0x10, 0x36, 0xC4, 0x0D,
    0x81, 0xC3, 0xC8, 0x45, 0x74, 0xAF, 0x9A, 0x95, 0x9D, 0xAC, 0x9E, 0x8D, 0xA0, 0x87, 0xD7, 0x95,
    0x73, 0x81, 0x1D, 0xA5, 0x33, 0x68, 0x8F, 0x2F, 0x8C, 0xDD, 0x2B, 0xD2, 0xFB, 0xD2, 0x7E, 0x90,
    0x3A, 0xE2, 0x9D, 0x37, 0x89, 0x95, 0x93, 0x6A, 0x78, 0x1A, 0x70, 0xDE, 0x44, 0x76, 0xBC, 0xC5,
    0x61, 0x91, 0x0E, 0x6F, 0xF0, 0x52, 0xB3, 0xCC, 0x05, 0x84, 0x54, 0x86, 0xB0, 0xEF, 0x08, 0xB6,
    0x72, 0x61, 0x08, 0x55, 0x1A, 0xAD, 0x36, 0x5A, 0x71, 0x3C, 0xB6, 0x1B, 0xA4, 0x1E, 0x2B, 0x90,
    0x4F, 0x21, 0x1B, 0x03, 0xBC, 0xA4, 0xB9, 0x59, 0x08, 0xD3, 0x26, 0xB1, 0x92, 0x59, 0x34, 0xA8,
    0x57, 0x0C, 0xD0, 0xB6, 0x7E, 0x0D, 0xD0, 0x3E, 0x3B, 0x39, 0xA3, 0x75, 0x69, 0xD0, 0xDA, 0xE6,
    0x7D, 0x7D, 0x93, 0x3F, 0x81, 0x4C, 0x3F, 0x2A, 0xFE, 0x4E, 0x6B, 0xB0, 0x54, 0xCD, 0x53, 0x80,
    0x1B, 0x99, 0x6B, 0x10, 0xD0, 0x28, 0x16, 0xD9, 0x65, 0xA2, 0x39, 0xEF, 0x17, 0x17, 0x59, 0xB1,
    0x9A, 0xD9, 0xAB, 0xFC, 0xD8, 0x2F, 0x1E, 0x8E, 0x1B, 0x4D, 0x8E, 0xB4, 0x3B, 0xEC, 0xD4, 0x39,
    0xFC, 0x27, 0xCC, 0xC5, 0x74, 0x18, 0xCC, 0x7B, 0xC7, 0xEF, 0x83, 0x49, 0xBA, 0xD9, 0x0A, 0xE6,
    0x00, 0xE2, 0xA2, 0xBF, 0x74, 0xEC, 0x2D, 0xDF, 0x68, 0xBD, 0xCB, 0xBC, 0xEF, 0xBD, 0x3B, 0xF9,
    0x3D, 0x0F, 0x73, 0x3E, 0x6A, 0xCA, 0x9B, 0x64, 0xD7, 0x04, 0x78, 0x5D, 0x2E, 0x3D, 0xD9, 0x1C,
    0x70, 0xE4, 0xE2, 0x59, 0x0E, 0x50, 0x0D, 0xB5, 0xB6, 0xB3, 0x85, 0x99, 0x2A, 0x7E, 0xBE, 0x02,
    0xF9, 0xBF, 0xCF, 0x40, 0xE6, 0x27, 0xA9, 0x55, 0xAF, 0x46, 0xD5, 0x9D, 0xA0, 0x3B, 0x20, 0xA8,
    0x88, 0x29, 0xE7, 0x2A, 0x34, 0xD5, 0xDE, 0x68, 0xBD, 0x7C, 0x92, 0x2A, 0xD8, 0x04, 0x1D, 0xD9,
    0x68, 0x04, 0xE7, 0xE3, 0xAA, 0x5E, 0xA2, 0x93, 0xC4, 0x89, 0xE0, 0x34, 0xCB, 0xF8, 0x8C, 0x17,
    0x1E, 0x9A, 0x91, 0xD6, 0x83, 0x77, 0xF4, 0x1E, 0x1E, 0x39, 0xF5, 0x79, 0xC6, 0x25, 0xA0, 0x2A,
    0x07, 0xEC, 0x76, 0x4D, 0xE1, 0xB4, 0x16, 0x9B, 0x37, 0x5B, 0x95, 0x21, 0x16, 0xEB, 0x66, 0x3D,
    0xFB, 0x9E, 0xCB, 0xBC, 0x55, 0xEB, 0xBE, 0x92, 0xB5, 0x75, 0x50, 0x6A, 0x6F, 0xB6, 0xCA, 0x2A,
    0xB3, 0xF2, 0x7C, 0x07, 0xE3, 0x20, 0xAB, 0xCD, 0x7A, 0x29, 0xBB, 0x34, 0x3B, 0x7E, 0xBE, 0xB2,
    0x79, 0xA8, 0x7D, 0x23, 0x9B, 0x6F, 0x0D, 0xB9, 0xC3, 0x71, 0xA7, 0x8B, 0xFB, 0xCB, 0x94, 0xC4,
    0x44, 0xB5, 0x39, 0xBB, 0xBA, 0x35, 0x8C, 0x3E, 0x0F, 0xB6, 0x67, 0x9B, 0xCE, 0x97, 0xED, 0xFA,
    0x7C, 0xB6, 0x89, 0x51, 0xB6, 0x1A, 0xA3, 0x07, 0x91, 0x91, 0x6D, 0xAA, 0xC4, 0x26, 0x34, 0x4E,
    0x2E, 0x27, 0x27, 0xB5, 0xD4, 0x1C, 0x9E, 0x4F, 0xAE, 0x03, 0x6E, 0x0F, 0xD9, 0x0F, 0x1A, 0x99,
    0x77, 0xB2, 0x9F, 0x9D, 0xFF, 0x0F, 0x80, 0xE6, 0x63, 0x4E, 0xB6, 0x8D, 0xEC, 0x89, 0x94, 0xEF,
    0x5E, 0x74, 0x4E, 0x72, 0xA5, 0x7E, 0xBC, 0x75, 0xF7, 0x00, 0x2D, 0x96, 0x65, 0xBF, 0xD4, 0x4E,
    0xDB, 0xA1, 0xB4, 0x69, 0xBB, 0x4D, 0x8C, 0x73, 0x97, 0x35, 0xFA, 0x49, 0x39, 0x60, 0x6D, 0x1D,
    0xB0, 0x54, 0x5B, 0xB0, 0x87, 0x87, 0xCB, 0xF5, 0xD2, 0x2B, 0xED, 0x7F, 0x02, 0x9C, 0x94, 0x01,
    0xA7, 0xE5, 0x46, 0x14, 0xC7, 0x7F, 0xC9, 0xBC, 0x2B, 0x6C, 0x30, 0xAF, 0xEC, 0xB2, 0x0A, 0x29,
    0x60, 0xBD, 0x22, 0x9F, 0xA0, 0x6F, 0xA6, 0x00, 0x0A, 0x0F, 0xDD, 0x2F, 0xB1, 0xFD, 0x02, 0x85,
    0x6D, 0xA6, 0x2D, 0x0A, 0x50, 0xA0, 0x00, 0x8B, 0xE2, 0xB9, 0x9F, 0x60, 0xF1, 0xFA, 0x32, 0xF4,
    0x0B, 0xA4, 0xED, 0x17, 0x08, 0x05, 0x05, 0x06, 0x41, 0x30, 0x37, 0xA7, 0x73, 0xC8, 0xBD, 0xBA,
    0x5D, 0xAA, 0xF6, 0x3F, 0x77, 0x7E, 0xF7, 0xCC, 0x99, 0x73, 0x66, 0x4E, 0xC2, 0xC9, 0xCD, 0xF1,
    0x7E, 0x94, 0x2C, 0x92, 0x5F, 0x1D, 0xEF, 0x9D, 0x14, 0x29, 0x64, 0x28, 0x73, 0xBB, 0x39, 0x1E,
    0x8F, 0x6F, 0xD4, 0x4A, 0x63, 0xC1, 0xFC, 0xAA, 0x2C, 0x7F, 0x7C, 0xF6, 0x52, 0xF5, 0xE5, 0x28,
    0xAA, 0x75, 0xFF, 0x2B, 0x1B, 0x1A, 0xFA, 0x5F, 0x7B, 0x4F, 0x94, 0x56, 0x3D, 0x9D, 0x1E, 0xCD,
    0x45, 0x7A, 0x89, 0x5E, 0x2C, 0xD9, 0x29, 0x50, 0xE1, 0xAB, 0x64, 0x26, 0x1B, 0x7B, 0x1C, 0x23,
    0x82, 0x14, 0x3E, 0xA5, 0x4E, 0x26, 0x37, 0xD9, 0xAC, 0x26, 0x99, 0xD4, 0xC6, 0xCE, 0xDF, 0xF2,
    0x82, 0xEA, 0x1D, 0x9F, 0x55, 0x1F, 0x07, 0x5C, 0x70, 0x51, 0x47, 0x17, 0x6D, 0x34, 0x73, 0xB5,
    0xF0, 0x35, 0xD7, 0xCC, 0x4F, 0xA8, 0x53, 0x47, 0x13, 0x5F, 0x63, 0x43, 0xC6, 0xD5, 0x0B, 0x83,
    0x49, 0x8C, 0xCD, 0x82, 0x7C, 0xB1, 0x22, 0xED, 0xC2, 0x67, 0x66, 0xA6, 0x4A, 0x9D, 0x37, 0xD9,
    0xC5, 0xA6, 0x4C, 0xB3, 0x96, 0xB9, 0xF4, 0xC1, 0x24, 0x47, 0xAB, 0x79, 0x7E, 0xE5, 0xB6, 0x4E,
    0x3C, 0xAF, 0xE2, 0xFB, 0x71, 0xE9, 0xFD, 0xB8, 0x17, 0x25, 0x8E, 0x2A, 0x03, 0x75, 0x56, 0xAC,
    0x80, 0x59, 0x14, 0x69, 0x87, 0xBE, 0x5D, 0x46, 0xC5, 0xA7, 0x22, 0x7F, 0x41, 0xE5, 0xD9, 0x75,
    0x75, 0x07, 0xF4, 0x13, 0xE0, 0xE2, 0xBB, 0x08, 0x67, 0x0C, 0x1A, 0x3C, 0x72, 0x86, 0x28, 0x36,
    0xC5, 0x49, 0x91, 0x81, 0xEA, 0x02, 0x16, 0x2E, 0xBA, 0x38, 0xEB, 0x55, 0xF1, 0xFF, 0x0A, 0xEA,
    0x7F, 0xFE, 0x6A, 0xC6, 0x89, 0xCC, 0xB4, 0xB2, 0x79, 0x38, 0x70, 0xD6, 0x47, 0x0A, 0xA7, 0x71,
    0x03, 0x1F, 0x54, 0xD0, 0x3D, 0xAD, 0x84, 0x5E, 0x66, 0x27, 0x69, 0x38, 0xFF, 0x8A, 0xDD, 0x49,
    0x6C, 0x04, 0xAE, 0xF5, 0xAA, 0xA7, 0x2E, 0x54, 0xDB, 0x18, 0x8D, 0x48, 0x99, 0x83, 0xAF, 0xF3,
    0x55, 0xD9, 0x28, 0x7E, 0xCF, 0x75, 0x1F, 0xDB, 0x54, 0x67, 0x37, 0xD9, 0xD5, 0x6C, 0xC3, 0x64,
    0x17, 0xB3, 0xB9, 0x60, 0x93, 0x29, 0x11, 0x15, 0xDC, 0xF1, 0xF1, 0x1B, 0xE8, 0x02, 0x50, 0xC9,
    0x69, 0x2F, 0xB3, 0xD9, 0x64, 0xAF, 0xCB, 0xC6, 0x2E, 0xD4, 0x19, 0x74, 0xC3, 0xC6, 0x26, 0xA1,
    0x56, 0xF1, 0xDA, 0x08, 0xF0, 0x4D, 0xB1, 0x34, 0x01, 0x7E, 0x29, 0x96, 0x26, 0xA8, 0xD5, 0x7D,
    0x97, 0x77, 0xCB, 0x69, 0x82, 0xC6, 0xF1, 0xA8, 0x09, 0x80, 0xFB, 0x29, 0x6B, 0x02, 0xD0, 0x49,
    0x7A, 0x44, 0x45, 0x2D, 0x9F, 0x67, 0x76, 0x35, 0xA9, 0x3F, 0x15, 0xC7, 0x04, 0xF6, 0x37, 0x11,
    0xDF, 0xC9, 0x02, 0xEE, 0x87, 0xB5, 0x8B, 0xC3, 0xB7, 0x19, 0x46, 0x1B, 0xDB, 0x29, 0x97, 0x83,
    0xAB, 0xDC, 0x85, 0xE6, 0xF7, 0x95, 0xD7, 0x98, 0xE4, 0x68, 0xFE, 0x4C, 0x5A, 0xCA, 0xE4, 0x68,
    0xFF, 0x48, 0x7A, 0x6D, 0x28, 0xD6, 0xAF, 0x89, 0x07, 0x46, 0x2D, 0xB6, 0x58, 0xB9, 0xCA, 0x38,
    0xFA, 0xEF, 0x53, 0xBD, 0x9A, 0x44, 0x1F, 0xC6, 0x7A, 0x6D, 0x93, 0x9D, 0xB0, 0x92, 0x11, 0x89,
    0x7D, 0xA0, 0x91, 0x99, 0x61, 0xE3, 0x06, 0x78, 0x09, 0x87, 0x3B, 0x6A, 0x6D, 0x9A, 0xD4, 0xCE,
    0xFA, 0x06, 0x1C, 0xB7, 0x3C, 0xF0, 0xB6, 0xF8, 0x5C, 0x30, 0xAB, 0xC3, 0xA4, 0x91, 0x76, 0x3E,
    0x61, 0x63, 0x2E, 0x4F, 0xBB, 0xE0, 0x4C, 0xE2, 0xB6, 0x99, 0x78, 0xB0, 0x91, 0xB7, 0xD6, 0xA3,
    0x32, 0x9E, 0xB2, 0x72, 0x9E, 0x0D, 0xB3, 0x62, 0x13, 0x4E, 0x57, 0x0C, 0xA8, 0xD1, 0x45, 0xF5,
    0x98, 0x44, 0x95, 0x21, 0xC3, 0x27, 0xA8, 0xA2, 0x7A, 0xEA, 0x55, 0x3D, 0x8C, 0xE0, 0x02, 0x7D,
    0x89, 0x9B, 0x94, 0x43, 0xD8, 0xCF, 0x99, 0xE9, 0x03, 0xB7, 0xF0, 0x1C, 0x78, 0x56, 0x06, 0xA3,
    0x17, 0x8F, 0x20, 0xFC, 0x03, 0x5B, 0x19, 0x9C, 0xAA, 0x13, 0x95, 0x3E, 0x78, 0x9D, 0xEB, 0x1D,
    0x66, 0x35, 0xAB, 0x62, 0xC1, 0x2C, 0x46, 0xEF, 0x57, 0xA4, 0x26, 0xD1, 0xCC, 0xCD, 0x4C, 0x3B,
    0xB7, 0x13, 0xED, 0xD4, 0x46, 0x0E, 0xFE, 0xE0, 0xF9, 0x97, 0x0E, 0x65, 0xE0, 0xA2, 0x0B, 0x8C,
    0x71, 0x8C, 0x05, 0x12, 0x19, 0xFC, 0xE0, 0xB9, 0x2A, 0x43, 0xBB, 0x62, 0x1E, 0xCB, 0x2C, 0x9F,
    0x37, 0x8F, 0xEA, 0x9E, 0x73, 0x2B, 0xD3, 0xCE, 0xCA, 0x2E, 0x2A, 0x9D, 0x82, 0x13, 0xE7, 0xDE,
    0xA2, 0x49, 0x4A, 0x1B, 0x2F, 0x2D, 0xC2, 0xA3, 0x82, 0xCC, 0xB9, 0xE9, 0xFE, 0x1E, 0x59, 0xFA,
    0x19, 0x91, 0xF4, 0xF3, 0x5F, 0x00, 0x67, 0xCF, 0x06, 0x84, 0x7E, 0x11, 0x30, 0x09, 0x00, 0x6D,
    0xD3, 0x21, 0xAC, 0xDD, 0x36, 0x14, 0xC6, 0xF1, 0x7F, 0x12, 0x75, 0x01, 0xD6, 0xE4, 0x82, 0x6D,
    0x60, 0x24, 0x1C, 0x19, 0x57, 0xDA, 0x66, 0x4B, 0xE3, 0xEC, 0x4D, 0x95, 0x56, 0x8E, 0x1F, 0x97,
    0xDA, 0x67, 0xAF, 0x1C, 0x94, 0xA3, 0xC1, 0xE9, 0xE1, 0xC1, 0x36, 0xF1, 0x38, 0x09, 0x47, 0x01,
    0x45, 0x1B, 0x89, 0xA6, 0x80, 0xBB, 0xC9, 0xC9, 0x37, 0x5F, 0xDD, 0xFB, 0xFA, 0x5E, 0xA5, 0xF9,
    0xF8, 0x17, 0x29, 0x71, 0x62, 0x9D, 0xA3, 0x1C, 0x43, 0x80, 0xB8, 0xD3, 0x4A, 0xC1, 0x9C, 0x5C,
    0xB6, 0xB3, 0xCD, 0xE7, 0xAB, 0x0F, 0x15, 0x76, 0x8E, 0xD8, 0x7C, 0x36, 0x32, 0x54, 0x2E, 0x8D,
    0xF8, 0x10, 0x99, 0xF0, 0x6F, 0x77, 0x9C, 0x36, 0x8C, 0x66, 0xB8, 0xE1, 0x3A, 0x14, 0xE8, 0x04,
    0xA6, 0x72, 0x13, 0xBC, 0x19, 0xE1, 0x34, 0xD2, 0xAD, 0x3B, 0x26, 0x17, 0x1C, 0x85, 0x37, 0x4D,
    0x41, 0x52, 0x3E, 0xFB, 0xE9, 0xE5, 0x3F, 0xA1, 0x2E, 0xF2, 0xA0, 0x95, 0x52, 0x27, 0x85, 0xEE,
    0xDF, 0x7B, 0xEA, 0x2D, 0xFD, 0x02, 0xE6, 0xEC, 0x48, 0x58, 0x9D, 0x78, 0xF6, 0x6A, 0x07, 0x0E,
    0x60, 0xBC, 0x2A, 0xBC, 0x78, 0x55, 0x98, 0xB4, 0x12, 0x95, 0x68, 0x6E, 0x00, 0x9E, 0xC3, 0x20,
    0x90, 0xE8, 0x76, 0x30, 0x2B, 0x0C, 0x19, 0x7C, 0xA8, 0x6E, 0x17, 0x26, 0x15, 0xF4, 0xCB, 0xC1,
    0xCE, 0x44, 0x21, 0xB2, 0x33, 0xD6, 0xD8, 0x89, 0x5D, 0xC1, 0x6B, 0xC5, 0x2A, 0xC1, 0x0D, 0x38,
    0x29, 0x9C, 0xF9, 0xFB, 0x89, 0xEF, 0x19, 0xF9, 0x8E, 0x02, 0xDD, 0x06, 0xFD, 0x0A, 0x76, 0x06,
    0x97, 0xC1, 0x03, 0x23, 0xFC, 0xDF, 0x12, 0x04, 0x70, 0x07, 0x8D, 0x94, 0xBB, 0xCD, 0xCE, 0xFD,
    0xD2, 0x2F, 0x66, 0x36, 0x73, 0xBF, 0xDA, 0xDC, 0x1D, 0x11, 0x74, 0xA2, 0xD5, 0x81, 0x9D, 0x85,
    0xC3, 0x25, 0xCF, 0x50, 0xB9, 0xE0, 0xC3, 0x84, 0x53, 0xC1, 0x68, 0x81, 0xAF, 0xB8, 0x8C, 0x78,
    0xA2, 0x93, 0x30, 0x5B, 0x0C, 0x36, 0x0F, 0xD9, 0x25, 0x9B, 0x5D, 0xA8, 0x52, 0x55, 0xC3, 0x4A,
    0xA9, 0xD3, 0x14, 0xC0, 0x03, 0x07, 0xB4, 0x05, 0x86, 0x15, 0xAF, 0x8C, 0x3F, 0xE0, 0x59, 0x80,
    0xAF, 0x7F, 0xFD, 0x36, 0x4D, 0x7F, 0x6B, 0xBD, 0xFD, 0x4B, 0x27, 0xA3, 0x1F, 0x8B, 0x2D, 0x6D,
    0xB1, 0x6B, 0xB5, 0x74, 0xA7, 0xA1, 0x66, 0xE8, 0x2E, 0x56, 0x9F, 0xFA, 0xD5, 0x07, 0x53, 0xD9,
    0x35, 0x62, 0x8F, 0xB3, 0xCF, 0x6A, 0xD9, 0x87, 0xD9, 0xAE, 0x66, 0xB1, 0xB9, 0x5F, 0x5D, 0x75,
    0x7D, 0x7F, 0xF1, 0xD8, 0xB3, 0xD9, 0x33, 0x64, 0x8F, 0xAB, 0x62, 0x70, 0x7F, 0x1C, 0x58, 0x15,
    0xBA, 0x27, 0xB5, 0xB8, 0xDC, 0x28, 0x19, 0x05, 0xA7, 0xF0, 0xA5, 0x87, 0xCB, 0xBC, 0x83, 0x11,
    0x3E, 0x40, 0xB9, 0xCE, 0xA6, 0x30, 0x29, 0x4B, 0x99, 0x26, 0xD0, 0x6A, 0xA7, 0x97, 0x42, 0xFF,
    0x71, 0x4A, 0xA6, 0x96, 0x6B, 0x82, 0x4B, 0xE0, 0x03, 0x4C, 0xD0, 0x14, 0xE8, 0x37, 0x18, 0x66,
    0x98, 0x02, 0x5D, 0x01, 0xBB, 0x82, 0xFF, 0xF3, 0x37, 0x26, 0xED, 0x55, 0x01, 0xA0, 0xD5, 0x41,
    0x27, 0xA5, 0x7E, 0x8E, 0xB9, 0xAF, 0x7B, 0x7C, 0x11, 0xDC, 0xA5, 0x29, 0xBE, 0x39, 0x40, 0x6B,
    0x55, 0x80, 0x03, 0x88, 0x57, 0xE2, 0x45, 0x7F, 0xFE, 0x7E, 0xC3, 0x29, 0x3F, 0xB6, 0x78, 0x23,
    0xE8, 0x2A, 0x5B, 0xB9, 0x11, 0x5E, 0x8F, 0x34, 0xDB, 0x4E, 0xB7, 0x14, 0x6C, 0x2E, 0xB8, 0xA6,
    0xF0, 0xBA, 0x39, 0x3D, 0xB4, 0x78, 0xAA, 0x2D, 0xFE, 0xA9, 0xBD, 0xE9, 0x2B, 0x29, 0x37, 0x55,
    0x7B, 0xDC, 0x87, 0x76, 0x7B, 0xB2, 0x74, 0xBC, 0xC3, 0xA8, 0xF0, 0xEC, 0x67, 0x01, 0x11, 0xF0,
    0x57, 0x07, 0x3F, 0xBC, 0x2C, 0xF8, 0xCF, 0xF2, 0x78, 0x0E, 0x46, 0x89, 0xA8, 0xD0, 0x1E, 0x97,
    0xF2, 0xED, 0x7C, 0x6D, 0xF3, 0xDB, 0x8F, 0x78, 0xED, 0xC4, 0x77, 0x13, 0x11, 0xCF, 0x58, 0xDD,
    0x55, 0x97, 0x23, 0x5B, 0x18, 0x9E, 0x1C, 0x59, 0x2F, 0xD5, 0x79, 0x77, 0x7F, 0xBC, 0xA7, 0xFC,
    0xDE, 0x6D, 0xF4, 0x2B, 0x76, 0xC6, 0x25, 0x3C, 0x8C, 0x50, 0x78, 0x7C, 0x96, 0xF1, 0x5C, 0xC6,
    0xB4, 0xD3, 0x49, 0xC1, 0x2C, 0x43, 0xB6, 0x0F, 0x31, 0xBB, 0x60, 0xF6, 0x0F, 0xB4, 0x5A, 0xE9,
    0x55, 0x70, 0x6F, 0x6B, 0xCE, 0x78, 0xDE, 0x57, 0xA5, 0x1A, 0x9B, 0x1D, 0xAF, 0x0D, 0xFB, 0x90,
    0x7F, 0x03, 0xA8, 0xEE, 0xAD, 0x1D, 0xBB, 0x08, 0x9F, 0x3C, 0x35, 0xC2, 0x27, 0x21, 0xE2, 0x24,
    0x8C, 0x26, 0x60, 0x7F, 0xFC, 0xC7, 0x6E, 0x21, 0x2A, 0x31, 0x95, 0x4B, 0x4B, 0xFF, 0x07, 0xC5,
    0x96, 0x3F, 0x8C, 0xDC, 0x50, 0x11, 0xC6, 0x3F, 0x7B, 0xB9, 0xB3, 0x88, 0x0B, 0xD3, 0xA4, 0x20,
    0x2B, 0xC5, 0x2D, 0x42, 0x08, 0xF7, 0x52, 0x88, 0xDD, 0x37, 0xB9, 0xE2, 0xB6, 0x4A, 0xDF, 0x84,
    0xE2, 0x5A, 0x0A, 0x72, 0x76, 0x97, 0x36, 0x7D, 0x75, 0x05, 0x48, 0x64, 0xAF, 0xB8, 0x96, 0xE2,
    0x82, 0x2D, 0xE8, 0x25, 0x37, 0x88, 0x12, 0x0B, 0x92, 0x82, 0x6B, 0xB0, 0x82, 0x11, 0xBE, 0x8B,
    0xFD, 0x86, 0x99, 0xEF, 0xED, 0xC6, 0x7B, 0xAB, 0x50, 0x33, 0x5A, 0xFD, 0xBE, 0xD1, 0xDD, 0x6A,
    0x3D, 0xFF, 0xDE, 0x3C, 0x63, 0x6F, 0xF1, 0xAB, 0x42, 0x99, 0x24, 0xE6, 0x3F, 0x7F, 0x6E, 0xFC,
    0xC5, 0x0B, 0xE3, 0x0B, 0xE3, 0x7A, 0xBC, 0x54, 0xCA, 0x20, 0x03, 0x62, 0xE9, 0x65, 0x44, 0xE6,
    0xB0, 0x1E, 0x50, 0x77, 0x58, 0xF5, 0x81, 0x14, 0xCA, 0x95, 0x83, 0x32, 0x9E, 0x94, 0x5D, 0x32,
    0x40, 0x2D, 0xED, 0x8D, 0x59, 0x67, 0xCC, 0x9B, 0x63, 0x96, 0x8F, 0xB9, 0xFC, 0xB7, 0x25, 0x7B,
    0x63, 0x3A, 0x00, 0x3F, 0x43, 0x32, 0x23, 0x74, 0x58, 0xC9, 0x49, 0xED, 0x10, 0x48, 0x22, 0x03,
    0xF0, 0x32, 0x93, 0x42, 0xE3, 0xCB, 0xBB, 0x7D, 0x7C, 0xF8, 0xD5, 0xEF, 0x8D, 0x7D, 0xFF, 0x8D,
    0xC1, 0xDF, 0x3A, 0x2C, 0xF6, 0x74, 0xB3, 0x39, 0x43, 0x2E, 0x22, 0x23, 0x4A, 0x32, 0x92, 0xED,
    0xF5, 0x80, 0xD5, 0x84, 0xB0, 0x7F, 0xCC, 0x11, 0x6A, 0x11, 0x19, 0x0F, 0xC6, 0xA4, 0x27, 0xFF,
    0xBD, 0x39, 0x53, 0x8A, 0xF4, 0x7B, 0xA6, 0x9F, 0xED, 0x2F, 0x19, 0xC3, 0xCD, 0xF6, 0x09, 0xF0,
    0x9F, 0xED, 0x9E, 0x28, 0x2B, 0x05, 0xEA, 0x62, 0xA1, 0x18, 0x4E, 0xE5, 0x37, 0xCA, 0x5C, 0x1C,
    0x39, 0x83, 0xF6, 0xE6, 0x83, 0x22, 0x16, 0x4B, 0x2F, 0xB7, 0x08, 0x21, 0xF7, 0xBF, 0x1C, 0x10,
    0x08, 0x56, 0x1A, 0xD5, 0x4C, 0x4E, 0x5A, 0x5B, 0xC6, 0x56, 0xEC, 0x62, 0x8B, 0x7B, 0x45, 0x78,
    0xE3, 0xB6, 0xDA, 0x01, 0x11, 0xA9, 0x10, 0x6C, 0x36, 0x1B, 0x78, 0xA3, 0xCF, 0x48, 0x04, 0x78,
    0x72, 0xF3, 0xB0, 0x5D, 0x72, 0xF1, 0xEC, 0x8C, 0x69, 0x8B, 0xE7, 0x8C, 0x3C, 0x57, 0x56, 0xC6,
    0x1A, 0xB8, 0xB4, 0x38, 0x64, 0x66, 0xA9, 0x26, 0xD4, 0x24, 0x70, 0x62, 0xBF, 0x79, 0x86, 0x52,
    0xF4, 0x6B, 0x32, 0xA8, 0x36, 0xAA, 0x3D, 0x22, 0x69, 0x71, 0x6A, 0xCD, 0x57, 0x3F, 0x98, 0x0E,
    0xF4, 0xEB, 0x88, 0x70, 0x04, 0xA2, 0x7F, 0x4D, 0xAC, 0x6A, 0xFC, 0x45, 0x93, 0x18, 0x54, 0x3B,
    0xA6, 0x14, 0xDC, 0x3C, 0x68, 0x0B, 0x1E, 0xAA, 0x95, 0xD0, 0x9A, 0x70, 0x4B, 0x2B, 0x96, 0xE8,
    0x69, 0x88, 0x85, 0xF6, 0x4D, 0x91, 0x17, 0xE1, 0x94, 0x36, 0xAA, 0x80, 0xCB, 0xBC, 0x4A, 0x56,
    0x01, 0xA5, 0x7E, 0xEA, 0x82, 0xF1, 0xE7, 0x02, 0xC0, 0x01, 0x99, 0xE9, 0x6C, 0x35, 0xB0, 0x9A,
    0x57, 0x54, 0x86, 0xEC, 0xBC, 0xAE, 0x9C, 0x9F, 0x8D, 0x82, 0x7D, 0x60, 0x3B, 0x4A, 0x8B, 0x05,
    0x88, 0xE4, 0x5A, 0x7A, 0x58, 0xC5, 0xB3, 0x81, 0x92, 0x8C, 0x94, 0x68, 0x02, 0x5E, 0xCF, 0x9B,
    0xD7, 0x73, 0x11, 0x88, 0x59, 0x17, 0x52, 0x5A, 0x24, 0x83, 0x7E, 0x58, 0xDA, 0xB4, 0xA7, 0x94,
    0xAD, 0x49, 0x28, 0x15, 0x90, 0x3E, 0xF0, 0xA7, 0x33, 0xEB, 0x2D, 0x85, 0xCF, 0xFB, 0xB3, 0x91,
    0x33, 0xB3, 0x08, 0xE7, 0x85, 0xA3, 0x42, 0x21, 0x21, 0x58, 0x66, 0x86, 0x43, 0x73, 0x38, 0x35,
    0xE7, 0xC0, 0x8F, 0x54, 0xCE, 0x12, 0x99, 0x6D, 0x26, 0x72, 0x19, 0x53, 0xD1, 0x68, 0xCD, 0x1B,
    0x02, 0xA9, 0x90, 0x8D, 0xD6, 0x1C, 0x16, 0x65, 0x64, 0x5B, 0xEA, 0x02, 0xA5, 0x35, 0x84, 0x9E,
    0xA8, 0xD7, 0xF3, 0xB1, 0xEA, 0xC5, 0xF4, 0xC2, 0x87, 0x09, 0x49, 0x6B, 0xC3, 0xB0, 0xFA, 0x32,
    0xD9, 0x60, 0x3F, 0xA9, 0xEF, 0x6E, 0xBE, 0xBA, 0x6D, 0xFD, 0x0F, 0x8B, 0x9C, 0xE6, 0xF0, 0x6C,
    0xEB, 0xED, 0x77, 0xF8, 0x9E, 0x95, 0xE2, 0x6D, 0xDA, 0x79, 0x9C, 0xE6, 0xF4, 0x8F, 0x23, 0xEA,
    0xB8, 0x85, 0x7A, 0x7F, 0xD2, 0xEA, 0x24, 0x3C, 0x2B, 0x7F, 0xE9, 0x50, 0x5E, 0x54, 0xE6, 0xFD,
    0xB5, 0x41, 0x5E, 0xC2, 0x3C, 0x8E, 0x17, 0x3D, 0x65, 0x3E, 0x7F, 0xF3, 0x26, 0x7A, 0x33, 0x90,
    0xF9, 0xC3, 0x39, 0xA9, 0xD7, 0xD3, 0xB3, 0x5F, 0xEF, 0xF0, 0x3F, 0x2C, 0x1A, 0x28, 0x71, 0x4F,
    0x49, 0x4C, 0x82, 0xED, 0xCD, 0x43, 0x81, 0xDD, 0x89, 0xA1, 0x14, 0xBB, 0xA3, 0x60, 0x96, 0x51,
    0xCE, 0x35, 0x73, 0xF6, 0x4A, 0x25, 0x10, 0x4A, 0x2C, 0xFF, 0x64, 0x37, 0x35, 0x0F, 0x95, 0xBC,
    0x61, 0x9B, 0xA4, 0xB0, 0xDA, 0x06, 0x0E, 0x10, 0x0E, 0xC8, 0x5E, 0x1C, 0x97, 0x48, 0xE0, 0xB8,
    0x45, 0xC2, 0x59, 0xC5, 0xCE, 0x2F, 0x03, 0x88, 0xBC, 0x24, 0x13, 0xFF, 0x97, 0x99, 0x8C, 0x28,
    0x6D, 0xBE, 0xE6, 0xF0, 0x3F, 0x03, 0x03, 0xFA, 0xBB, 0xB3, 0x9F, 0x96, 0x77, 0xF6, 0xD8, 0x72,
    0x8A, 0x4D, 0x4E, 0x0A, 0x2C, 0xF6, 0x53, 0x2B, 0x3E, 0x67, 0x56, 0x64, 0x2F, 0x66, 0xCF, 0x6C,
    0x87, 0xAC, 0x38, 0x67, 0x19, 0xFF, 0x26, 0x0F, 0x37, 0x82, 0x95, 0x54, 0xF8, 0x03, 0xE2, 0x19,
    0xF8, 0xC8, 0x95, 0x7A, 0x8B, 0xBC, 0x33, 0xFA, 0xB5, 0xCB, 0xE4, 0x9F, 0xCA, 0x66, 0x53, 0x20,
    0x67, 0xA2, 0x19, 0xEB, 0x72, 0x68, 0x35, 0x4B, 0x64, 0xF4, 0xC9, 0x1D, 0xD1, 0x19, 0x43, 0x01,
    0x42, 0x40, 0x2A, 0xA4, 0x15, 0xEA, 0x3E, 0xE0, 0x76, 0x10, 0x01, 0x12, 0xB6, 0x3F, 0xF4, 0x45,
    0x3E, 0x39, 0xE3, 0xD9, 0x56, 0x9E, 0xDB, 0xAC, 0x26, 0x5C, 0x32, 0x43, 0x22, 0x93, 0x9D, 0x49,
    0x5E, 0x24, 0x13, 0xAB, 0xA5, 0x12, 0x8D, 0x94, 0xA4, 0xA7, 0xE4, 0x0D, 0x0B, 0x5A, 0x73, 0x2D,
    0x07, 0x8E, 0xB2, 0x1A, 0xD9, 0x51, 0x7E, 0x43, 0xCC, 0x8A, 0x47, 0x62, 0x77, 0x0F, 0x9B, 0x99,
    0xB5, 0x6C, 0x7B, 0xDE, 0xC4, 0x23, 0x85, 0x61, 0xAB, 0x38, 0x93, 0x0A, 0xA2, 0x52, 0xAA, 0x54,
    0x3C, 0x12, 0x79, 0xA3, 0x02, 0xAB, 0xD0, 0xA9, 0xB4, 0x48, 0xEF, 0x91, 0xCB, 0x64, 0x43, 0x99,
    0xF3, 0xD2, 0xA8, 0x9E, 0x72, 0x29, 0xB1, 0xE2, 0x55, 0xE9, 0xB9, 0x95, 0xBB, 0xBA, 0xF8, 0x88,
    0x1A, 0x39, 0x26, 0x88, 0x72, 0x24, 0xAF, 0x94, 0x3F, 0xF6, 0xA3, 0x61, 0x0C, 0x95, 0xA1, 0xAB,
    0xD9, 0x9F, 0x59, 0xB9, 0xB6, 0x16, 0x9F, 0xCA, 0x7B, 0x4B, 0xE1, 0x13, 0x7E, 0x0D, 0xFC, 0x10,
    0xA9, 0xC5, 0x15, 0x5B, 0x1C, 0x21, 0x37, 0x45, 0x2A, 0xBD, 0xF2, 0xE7, 0x87, 0x4B, 0x9B, 0x73,
    0x7E, 0x78, 0xE9, 0x04, 0xF5, 0xC8, 0x6F, 0x4A, 0xC1, 0x96, 0xEF, 0x2E, 0x3B, 0x23, 0x0F, 0x20,
    0x45, 0x0A, 0x7B, 0xDC, 0x56, 0x58, 0x42, 0xF6, 0x3E, 0x1E, 0x6C, 0x4D, 0x05, 0xC2, 0x04, 0x56,
    0x94, 0x06, 0x7E, 0xDF, 0xEE, 0xCC, 0xAF, 0x63, 0x44, 0x62, 0x86, 0xB0, 0xBE, 0xD3, 0x2C, 0xAD,
    0x68, 0xA1, 0x14, 0x26, 0x29, 0x6B, 0x27, 0x0C, 0xB3, 0xF4, 0xE3, 0x52, 0xCB, 0xA7, 0xE3, 0xA5,
    0x75, 0x24, 0x81, 0xF3, 0x32, 0x53, 0xD6, 0xCC, 0x1D, 0x35, 0xA3, 0x84, 0x50, 0x0E, 0x2C, 0x69,
    0xBC, 0x54, 0x94, 0xB4, 0xA0, 0x64, 0x64, 0x50, 0x73, 0x15, 0x66, 0xBC, 0x63, 0x43, 0x9F, 0x67,
    0xA2, 0x4D, 0x98, 0xB8, 0xE4, 0x42, 0x15, 0x69, 0x11, 0x8C, 0xB0, 0x58, 0x83, 0x81, 0xF3, 0x19,
    0xF4, 0x5C, 0x18, 0xB8, 0xE2, 0x96, 0xE6, 0xCB, 0x09, 0x25, 0xEB, 0x28, 0x79, 0x8B, 0xC7, 0xCB,
    0x78, 0x25, 0x52, 0x78, 0xB1, 0x53, 0x12, 0xCA, 0xBD, 0x0A, 0x2B, 0x9E, 0xAB, 0xE4, 0x8B, 0x70,
    0x51, 0x72, 0x0F, 0xE5, 0x05, 0xEF, 0x88, 0xB2, 0x40, 0xEC, 0xB4, 0xAF, 0xBB, 0x91, 0x64, 0x66,
    0xEC, 0x77, 0xCA, 0x2A, 0xF1, 0x0B, 0x66, 0x2F, 0x49, 0x5C, 0x7A, 0x79, 0xEB, 0xE5, 0x16, 0x87,
    0xF6, 0x46, 0xB3, 0xBC, 0xB0, 0xC6, 0x88, 0x48, 0x0F, 0xF9, 0x6D, 0x39, 0x61, 0xB2, 0xA3, 0x60,
    0x29, 0x06, 0x83, 0x42, 0xB3, 0xE1, 0x11, 0x88, 0x7A, 0x4E, 0xC6, 0x93, 0xAD, 0x2E, 0x69, 0xEE,
    0x68, 0x5B, 0xCF, 0x1F, 0xB0, 0x37, 0x4E, 0xEB, 0x44, 0x44, 0xFE, 0xC4, 0x80, 0xA9, 0x30, 0x83,
    0xA8, 0xD1, 0xF8, 0xE3, 0x46, 0xBD, 0xA4, 0xC9, 0x7B, 0xA4, 0x4D, 0x26, 0xD7, 0x52, 0xC5, 0x36,
    0x34, 0x01, 0x0F, 0xEE, 0xC9, 0x39, 0x68, 0x07, 0x6D, 0xC8, 0x3C, 0x0D, 0xC8, 0x17, 0xAE, 0xC5,
    0x31, 0x5D, 0xBE, 0x23, 0xCA, 0xFF, 0xE3, 0x1D, 0x31, 0x92, 0xCF, 0xB5, 0xE3, 0x58, 0x0F, 0x1C,
    0x4B, 0x9E, 0xB0, 0x2B, 0x96, 0xFB, 0xA0, 0xCC, 0xB7, 0x07, 0x9C, 0xF0, 0xE8, 0x7D, 0xE3, 0xCC,
    0x02, 0x97, 0x81, 0xEC, 0x1F, 0x4D, 0x23, 0x2F, 0xFB, 0x94, 0xCC, 0x8C, 0x6D, 0xA6, 0xB1, 0x68,
    0xC9, 0xC8, 0x97, 0xE4, 0x0B, 0x65, 0x5C, 0x1D, 0xBD, 0xF4, 0x19, 0x20, 0xC7, 0x0C, 0xDC, 0x42,
    0x5B, 0x77, 0xDF, 0x5B, 0xAB, 0x17, 0xCE, 0xDF, 0x51, 0xFD, 0x9E, 0xC1, 0xF2, 0x3E, 0xB4, 0xE3,
    0xA1, 0x59, 0x6C, 0x8E, 0x9C, 0xBF, 0xFB, 0xF8, 0xD0, 0x19, 0xA3, 0x69, 0x5F, 0xB9, 0x37, 0x37,
    0x62, 0x9B, 0x4E, 0x66, 0x18, 0x87, 0xE5, 0xB9, 0x70, 0xA4, 0x60, 0x99, 0xD6, 0xBC, 0x5A, 0x6A,
    0x9F, 0xB5, 0x4B, 0xDF, 0x92, 0x91, 0x14, 0x63, 0x64, 0x0C, 0xCE, 0x1F, 0x67, 0xB1, 0xBC, 0x49,
    0x07, 0xBD, 0xB2, 0xBF, 0xE8, 0x80, 0xE4, 0xAB, 0x2B, 0x94, 0xD2, 0x5A, 0x8E, 0x23, 0x2A, 0xC4,
    0xCE, 0xA6, 0x31, 0x79, 0x1F, 0x49, 0x81, 0x1F, 0x04, 0x75, 0x87, 0xDD, 0x15, 0xCF, 0x6B, 0x0F,
    0x99, 0x32, 0xAF, 0x7E, 0x52, 0x56, 0x4A, 0x0B, 0xA7, 0xE6, 0x47, 0x00, 0x61, 0xFD, 0x84, 0xCF,
    0x11, 0xBE, 0x04, 0x38, 0x2E, 0x35, 0x87, 0xBA, 0xD5, 0xA2, 0xAE, 0xA5, 0xC0, 0x9A, 0xAB, 0xC1,
    0x7A, 0x66, 0xBC, 0xDF, 0x77, 0xFA, 0xCA, 0xEB, 0xAA, 0x3F, 0xD2, 0xCE, 0x6B, 0xB4, 0xD3, 0xF8,
    0x13, 0x25, 0xE4, 0xC1, 0xE5, 0xBA, 0xE9, 0x0F, 0xF6, 0xEA, 0x4A, 0x5E, 0xBD, 0x73, 0xAC, 0x41,
    0x5A, 0x09, 0x78, 0xD7, 0x14, 0x65, 0x63, 0x73, 0x9A, 0xB1, 0x52, 0x82, 0x1C, 0x99, 0x05, 0xA2,
    0x9A, 0x74, 0x16, 0xA5, 0x6A, 0x6F, 0x9B, 0xF7, 0x52, 0xD5, 0x3E, 0x6F, 0x11, 0xF7, 0x36, 0xFA,
    0xB7, 0xA6, 0x79, 0x83, 0xC9, 0xFE, 0xB9, 0xD7, 0xBA, 0xF0, 0x2A, 0xC0, 0xE8, 0x35, 0x30, 0x0D,
    0x1D, 0xC2, 0x41, 0xD5, 0xAE, 0x49, 0xFB, 0x11, 0xD3, 0x2B, 0xAF, 0x80, 0xEA, 0x7A, 0xA4, 0x0E,
    0x32, 0x50, 0x77, 0x21, 0xA7, 0xC2, 0x4B, 0xC1, 0xC7, 0x4E, 0x5A, 0x71, 0xDC, 0xB5, 0x34, 0xBC,
    0x10, 0x18, 0x55, 0xCA, 0x98, 0x8E, 0x3F, 0x9D, 0x31, 0xED, 0x2C, 0xCC, 0xAC, 0xB5, 0xE0, 0xB4,
    0x53, 0x52, 0xA8, 0x13, 0x39, 0xC4, 0x72, 0x27, 0x03, 0x4F, 0x46, 0x85, 0x13, 0x3D, 0x3B, 0xF0,
    0x46, 0x7F, 0x5F, 0xAE, 0x67, 0xB2, 0xBD, 0x3A, 0x1E, 0xFA, 0x65, 0xF9, 0xFB, 0xDD, 0x2F, 0xE4,
    0x7F, 0x01, 0x62, 0x60, 0x60, 0x08, 0x00, 0xF4, 0x1C, 0xC7, 0x46, 0x08, 0x02, 0x61, 0x14, 0x84,
    0x17, 0x0D, 0x09, 0x28, 0xE1, 0x2A, 0x70, 0x28, 0xE1, 0x28, 0xC1, 0x8E, 0xCE, 0xCE, 0xB8, 0x19,
    0x0B, 0xF0, 0x4A, 0x20, 0x37, 0x31, 0xBC, 0x00, 0xF9, 0x7D, 0xCF, 0x80, 0xE4, 0x9B, 0x5D, 0x20,
    0x1D, 0xA2, 0xC4, 0x03, 0x22, 0x2A, 0xD7, 0x7D, 0x12, 0x7D, 0x6C, 0x8C, 0x1F, 0xD5, 0xF4, 0x67,
    0x4B, 0x26, 0x2F, 0xA4, 0x56, 0x60, 0xAE, 0xBB, 0x78, 0x76, 0xC8, 0xAF, 0x4D, 0x44, 0x35, 0x40,
    0xE9, 0x62, 0x6D, 0x70, 0xF1, 0x25, 0x93, 0xCD, 0xED, 0x10, 0x98, 0xE1, 0x7B, 0xE2, 0x25, 0x30,
    0x6F, 0xB1, 0xC6, 0x02, 0xB3, 0x19, 0xEE, 0xF0, 0x03, 0x75, 0x54, 0x01, 0x86, 0xDE, 0x5C, 0x14,
    0x3D, 0x49, 0x86, 0xFC, 0x04, 0x6F, 0xF0, 0x0F, 0x40, 0xBF, 0x02, 0x28, 0x64, 0x03, 0x9D, 0x79,
    0xA1, 0x1B, 0x18, 0xE8, 0x3A, 0x0A, 0x05, 0xA8, 0x84, 0x2E, 0xA0, 0xDB, 0xA8, 0x42, 0x37, 0x30,
    0x26, 0xAF, 0x0A, 0x28, 0x26, 0x74, 0x01, 0xFD, 0xCC, 0x0A, 0x1E, 0x52, 0x52, 0x92, 0xDC, 0xE6,
    0x38, 0x62, 0x5E, 0x98, 0x9E, 0x31, 0xF7, 0x7C, 0xC8, 0xBB, 0xF7, 0xDD, 0x73, 0xCF, 0xBB, 0x00,
    0x3A, 0x10, 0x45, 0x04, 0xE1, 0x44, 0x3E, 0x30, 0x66, 0x06, 0xA2, 0x9C, 0x41, 0x9C, 0xCE, 0x20,
    0xDA, 0x8E, 0x31, 0x5F, 0x41, 0x54, 0x13, 0x88, 0xFA, 0xF7, 0xDB, 0x0D, 0xB7, 0xBD, 0x11, 0xD1,
    0x44, 0xAD, 0x11, 0xE7, 0x7A, 0x48, 0x13, 0x17, 0xCA, 0x95, 0x2D, 0x20, 0xD0, 0x23, 0x29, 0x07,
    0xA7, 0x0A, 0xE5, 0x08, 0x22, 0xD7, 0xA7, 0x88, 0x38, 0xE0, 0x7F, 0xD1, 0xBD, 0xD2, 0x59, 0x43,
    0x72, 0x36, 0x90, 0xBC, 0x45, 0xE6, 0x36, 0xE3, 0xC9, 0x6A, 0x9D, 0x8D, 0x57, 0x7B, 0x9C, 0x79,
    0x63, 0x7B, 0x33, 0x6D, 0xF7, 0x2F, 0x96, 0x62, 0xAA, 0x46, 0xB8, 0x58, 0x8C, 0xF9, 0x02, 0x1F,
    0x8A, 0x08, 0xC3, 0x0B, 0x94, 0x11, 0xAF, 0x79, 0x22, 0xEE, 0xB7, 0x48, 0x69, 0x10, 0x05, 0x69,
    0x20, 0xAA, 0x0F, 0xE4, 0x3B, 0x51, 0x23, 0x82, 0x64, 0x12, 0xF5, 0x09, 0x11, 0x2F, 0x45, 0xB3,
    0x68, 0x15, 0xB5, 0xCD, 0x9E, 0x2E, 0x55, 0x6A, 0x7A, 0x5E, 0xA9, 0x2B, 0x4A, 0xFD, 0x2E, 0x7A,
    0x23, 0x46, 0x2F, 0x92, 0xD6, 0x51, 0xD9, 0x0E, 0xB3, 0x9B, 0xD2, 0xD9, 0xF5, 0x87, 0xD9, 0x8D,
    0xAA, 0x3A, 0xA4, 0x77, 0xB8, 0x46, 0x8A, 0x2B, 0x9D, 0x4A, 0xA2, 0x8E, 0x2E, 0x4F, 0x4D, 0x64,
    0x8C, 0xC8, 0x93, 0xA8, 0x8B, 0x17, 0xE3, 0x53, 0x2C, 0xE3, 0x1E, 0x2F, 0x28, 0xF2, 0xE5, 0x35,
    0xC5, 0xBD, 0xEB, 0xB7, 0x58, 0xCC, 0x3E, 0xB8, 0xC1, 0xC5, 0xED, 0x2F, 0xB4, 0xA1, 0x98, 0x4F,
    0xDF, 0x0C, 0x58, 0xEB, 0x1F, 0x13, 0xD0, 0x7E, 0xE5, 0x50, 0x6B, 0xE3, 0x84, 0x2B, 0x9B, 0x99,
    0x4C, 0x0D, 0x5A, 0x60, 0xBC, 0x01, 0x88, 0x5B, 0x20, 0x6B, 0xC0, 0xDA, 0x11, 0xA8, 0x82, 0xFA,
    0x92, 0x86, 0x6A, 0x4D, 0xB7, 0xE9, 0x1B, 0x20, 0x5F, 0x98, 0x83, 0x01, 0x46, 0x99, 0x47, 0xE9,
    0xA9, 0x7F, 0x49, 0x64, 0xBB, 0x30, 0xB2, 0x29, 0xC9, 0x6D, 0xD6, 0x26, 0x0C, 0xDE, 0x04, 0xEB,
    0x9E, 0xF9, 0x95, 0xF8, 0x7B, 0x97, 0x3C, 0x4A, 0x0F, 0x0D, 0xC4, 0x40, 0xAD, 0x56, 0xB9, 0x05,
    0xFA, 0xE6, 0x34, 0xA8, 0xAC, 0x9C, 0xA7, 0xE1, 0xB0, 0x70, 0xBE, 0x8B, 0xBC, 0xBF, 0x84, 0xF7,
    0x40, 0x3E, 0xE0, 0x08, 0x64, 0x1D, 0xA0, 0xA3, 0x84, 0x57, 0x29, 0x33, 0xBD, 0x0A, 0xEB, 0x98,
    0xDA, 0x8C, 0xA7, 0xFA, 0x4F, 0x0F, 0x23, 0x93, 0x9E, 0xBE, 0xCF, 0xEC, 0xBA, 0x0E, 0xC6, 0x96,
    0xEB, 0xE0, 0x43, 0x66, 0xF0, 0x1D, 0x87, 0x00, 0xDF, 0x94, 0x11, 0x67, 0x78, 0x64, 0xE1, 0x5F,
    0xDE, 0x5D, 0x0F, 0xB4, 0xA4, 0x3E, 0xCE, 0x44, 0xB9, 0x48, 0x8A, 0x8B, 0x2E, 0x50, 0x8C, 0x5B,
    0xA8, 0x51, 0x44, 0x5C, 0xC3, 0x77, 0x65, 0x84, 0x6D, 0x2D, 0x57, 0xB1, 0x9C, 0x51, 0x8D, 0x55,
    0xAC, 0xCF, 0xC8, 0x17, 0x77, 0x66, 0xEB, 0xE6, 0x7E, 0x32, 0xA9, 0x7F, 0xF8, 0xC5, 0x8E, 0x9C,
    0x59, 0xA0, 0x4E, 0x26, 0xE1, 0x4C, 0x39, 0x7B, 0xD9, 0xB8, 0x6E, 0x70, 0xC0, 0x9D, 0xCA, 0x1B,
    0x08, 0x67, 0xE1, 0xB0, 0x0B, 0x26, 0xA6, 0x59, 0x57, 0xE6, 0xAE, 0x1F, 0x27, 0x1A, 0xA1, 0xFF,
    0x38, 0xF9, 0xC0, 0x5D, 0x30, 0xBA, 0xC8, 0x5D, 0x10, 0x29, 0x40, 0x28, 0x23, 0x56, 0xDC, 0x50,
    0xCF, 0x0F, 0xF8, 0x8F, 0x74, 0x99, 0x2E, 0x81, 0x94, 0x4E, 0x21, 0xA1, 0x64, 0x09, 0x3C, 0xBF,
    0x0B, 0xB2, 0x01, 0x2D, 0x8A, 0x50, 0x8E, 0x90, 0xE1, 0x71, 0x4F, 0x43, 0x18, 0x56, 0xBA, 0xC1,
    0x87, 0xA5, 0x9A, 0xE8, 0x95, 0xD9, 0x0F, 0x40, 0xF9, 0x67, 0x36, 0x1A, 0x55, 0x0B, 0x0C, 0xBD,
    0x45, 0x75, 0xD2, 0x91, 0x9C, 0x94, 0xD7, 0x8B, 0xD2, 0xD6, 0x16, 0x64, 0xCC, 0x79, 0xA7, 0x57,
    0x5F, 0x36, 0x7C, 0xC6, 0x5F, 0x9D, 0x95, 0x3F, 0x88, 0xDD, 0xC6, 0x16, 0x87, 0x3F, 0x5D, 0xED,
    0x3E, 0xC1, 0x53, 0xA1, 0x57, 0xD8, 0xC5, 0x8B, 0x03, 0x37, 0x65, 0x48, 0xA3, 0xBE, 0xC9, 0x08,
    0xD2, 0x13, 0x17, 0xD9, 0x3E, 0x45, 0x8A, 0xE0, 0x26, 0x7D, 0x25, 0x85, 0xF4, 0xB0, 0x7D, 0xED,
    0xC2, 0xB9, 0x2E, 0xD2, 0x43, 0xBC, 0x1A, 0x70, 0x0F, 0xEA, 0x2B, 0x41, 0x12, 0x42, 0x5C, 0xA9,
    0x10, 0x44, 0x98, 0x91, 0x4E, 0x66, 0xCE, 0xD1, 0xAE, 0x85, 0xD9, 0x2A, 0x07, 0xF6, 0xF7, 0xDD,
    0xAB, 0xD1, 0xF9, 0x7B, 0x87, 0xB3, 0xF0, 0x2D, 0xC0, 0x06, 0x9C, 0xC4, 0x03, 0xFD, 0x0C, 0x54,
    0xAB, 0x7E, 0x07, 0xE8, 0x3D, 0xE0, 0x06, 0xA0, 0x9A, 0x80, 0x32, 0x49, 0x31, 0x03, 0xF9, 0xC2,
    0x69, 0xFB, 0x2A, 0x50, 0xCB, 0xDF, 0x01, 0x11, 0x09, 0xB9, 0x34, 0x75, 0x28, 0x03, 0x65, 0x38,
    0x4F, 0xF1, 0x34, 0xFA, 0x14, 0x8B, 0xF3, 0x94, 0x73, 0xEB, 0xA3, 0x6F, 0xDB, 0x99, 0xD4, 0x43,
    0x14, 0xE7, 0xE3, 0x81, 0xE0, 0xC6, 0x7C, 0xE3, 0xBC, 0xF5, 0x0B, 0xA5, 0xC8, 0x48, 0x26, 0x02,
    0x5C, 0x3F, 0x27, 0xD9, 0x8B, 0x97, 0x7C, 0x4F, 0x7A, 0xFE, 0x36, 0x40, 0x2F, 0x22, 0x13, 0x85,
    0xDC, 0x3E, 0x13, 0xCF, 0x79, 0x81, 0x88, 0xDE, 0x93, 0xC9, 0x98, 0x6D, 0x90, 0xCB, 0x94, 0x2F,
    0x50, 0xFD, 0xB6, 0xA4, 0x12, 0xDD, 0x8F, 0xE1, 0xEC, 0x41, 0x08, 0xAE, 0xE3, 0x14, 0x58, 0x9D,
    0x56, 0xFD, 0xA6, 0x87, 0xF8, 0xFC, 0xEE, 0x0E, 0x5C, 0xC3, 0x9B, 0x00, 0x2B, 0xAC, 0x81, 0xE4,
    0x19, 0x02, 0x55, 0x4C, 0x1F, 0x51, 0xFB, 0xF8, 0x60, 0xA5, 0x87, 0x7C, 0xBA, 0xCB, 0x02, 0xF1,
    0x79, 0x5B, 0x4C, 0x50, 0x7B, 0xF7, 0xF5, 0x00, 0x6D, 0x53, 0x4B, 0x43, 0xCC, 0x59, 0x6D, 0x50,
    0x46, 0xE7, 0x88, 0x76, 0xA4, 0x94, 0xBF, 0x7E, 0x90, 0x86, 0x5A, 0x44, 0x16, 0x68, 0x0B, 0x91,
    0x0E, 0x9E, 0xF0, 0xD4, 0x3A, 0xE1, 0xBA, 0x49, 0xEA, 0x7C, 0xD2, 0x76, 0x48, 0x2A, 0xA3, 0xCE,
    0x77, 0x02, 0x72, 0xD5, 0xF2, 0x4F, 0x1D, 0xFB, 0xDB, 0x05, 0x70, 0x3F, 0x05, 0xA0, 0xCD, 0x93,
    0x6E, 0xA7, 0xA8, 0x59, 0xC8, 0x56, 0xC8, 0x67, 0x36, 0x28, 0x26, 0x04, 0xAA, 0x81, 0x9E, 0x54,
    0x6C, 0xDB, 0xA4, 0x6E, 0x5C, 0x47, 0xAF, 0x09, 0x42, 0xD2, 0x7C, 0x49, 0x47, 0xA9, 0xEA, 0xF3,
    0x50, 0x8D, 0xA9, 0x85, 0x34, 0x8F, 0x6A, 0x72, 0x5D, 0x1A, 0x44, 0x2B, 0xD1, 0xE6, 0x3E, 0xE9,
    0x64, 0x0A, 0xD7, 0x37, 0xD1, 0x9E, 0x53, 0x89, 0x7E, 0x7F, 0x60, 0x26, 0xEF, 0x2E, 0xAF, 0x57,
    0xA0, 0x47, 0xC7, 0x84, 0x40, 0xB1, 0xB3, 0x9C, 0x77, 0x4E, 0xA4, 0x79, 0x50, 0x25, 0xAE, 0xC6,
    0xD3, 0xCE, 0xD4, 0xC1, 0x79, 0x34, 0xD6, 0xC3, 0x81, 0x8B, 0x4D, 0xA3, 0x50, 0x6A, 0x2C, 0xE3,
    0x14, 0xD9, 0x99, 0x6F, 0xBB, 0xB3, 0x6F, 0x76, 0x62, 0xB1, 0x04, 0x8D, 0x61, 0xF4, 0x89, 0xEA,
    0x9B, 0x6D, 0x4A, 0x4D, 0xAD, 0x0C, 0x89, 0x9D, 0xA6, 0xA4, 0x55, 0x6A, 0x2C, 0xA5, 0x3C, 0xDE,
    0x4E, 0x2D, 0x63, 0xD6, 0x4B, 0x47, 0x2B, 0x73, 0x2E, 0xE2, 0x23, 0xA7, 0x93, 0x48, 0xB7, 0x8F,
    0x07, 0x1B, 0x4B, 0xC3, 0x39, 0x01, 0xAA, 0xED, 0x72, 0xE9, 0x23, 0x52, 0x0F, 0x50, 0x04, 0xF8,
    0x12, 0xF2, 0x55, 0x91, 0x09, 0x3C, 0x01, 0xA4, 0x21, 0x59, 0xEF, 0x15, 0xCE, 0x50, 0x8F, 0x8A,
    0x6A, 0x52, 0x94, 0x8B, 0x42, 0xEB, 0x32, 0x7F, 0xCC, 0x1F, 0xF5, 0x37, 0x1C, 0x5E, 0xD1, 0x4A,
    0x75, 0x16, 0xC7, 0x98, 0xA2, 0xAA, 0xCD, 0x6B, 0x4F, 0x87, 0x04, 0xFA, 0x86, 0xCD, 0x71, 0xFF,
    0xA5, 0x6C, 0x0A, 0xB5, 0xBD, 0xE1, 0xA0, 0xFE, 0xE3, 0xE6, 0xA6, 0x85, 0x56, 0x44, 0x36, 0xE8,
    0x3F, 0x20, 0xC0, 0x17, 0x97, 0xCB, 0xE5, 0xD6, 0x89, 0xC8, 0x90, 0xC4, 0x3F, 0x8D, 0x83, 0xB0,
    0x9A, 0x5E, 0x69, 0x49, 0x5A, 0x4B, 0x39, 0x6A, 0x41, 0x5E, 0xB3, 0x25, 0x61, 0xD5, 0x6A, 0x16,
    0x2D, 0x66, 0xD2, 0x5A, 0xEC, 0x50, 0x5D, 0xEF, 0x92, 0x10, 0xD4, 0x7F, 0xFA, 0xB7, 0xFE, 0xD9,
    0xC1, 0xBF, 0x1A, 0x92, 0xD6, 0xDD, 0x07, 0xFF, 0x27, 0xAA, 0xD7, 0xB8, 0xAE, 0xF7, 0xE2, 0xDB,
    0xE6, 0x0A, 0xB5, 0xA7, 0x37, 0xCF, 0x95, 0xAD, 0x4C, 0x4A, 0xB9, 0xE7, 0xE5, 0x56, 0x13, 0x06,
    0xD4, 0xF2, 0xC5, 0x58, 0x4E, 0xC6, 0x6A, 0xE7, 0x79, 0x30, 0x3A, 0xBF, 0xB3, 0x31, 0xF6, 0x06,
    0xF4, 0x0A, 0xCE, 0x16, 0xA6, 0x5D, 0x2C, 0x4C, 0xBD, 0x58, 0x07, 0x45, 0xB0, 0x30, 0x79, 0xA4,
    0x37, 0xD6, 0x46, 0x0B, 0x73, 0x5A, 0x2D, 0x4C, 0xB6, 0xB2, 0x5A, 0xB0, 0x2C, 0x18, 0xF7, 0x6A,
    0x24, 0x9F, 0x8C, 0x36, 0x2D, 0x7A, 0x1B, 0x09, 0x6D, 0x6D, 0x74, 0x6D, 0x63, 0x14, 0x8C, 0xAB,
    0xB1, 0x0E, 0x3B, 0x17, 0x1E, 0xB5, 0x7A, 0xB3, 0x3F, 0x91, 0x21, 0x13, 0xF1, 0xB9, 0xC8, 0x5C,
    0x8A, 0x4C, 0xD5, 0x7C, 0x5A, 0xDD, 0x58, 0x4D, 0xF5, 0x40, 0x2F, 0x14, 0xB3, 0xF3, 0xB8, 0x90,
    0x96, 0x7A, 0x43, 0x35, 0x45, 0xB6, 0x69, 0x1C, 0x91, 0x3D, 0xB4, 0x63, 0x3C, 0x6F, 0xC9, 0x64,
    0xD2, 0x05, 0x5F, 0xBC, 0x0F, 0x9C, 0x47, 0x37, 0xD6, 0xA3, 0x34, 0xBD, 0xAF, 0x45, 0x3A, 0x27,
    0x42, 0x29, 0x81, 0x4A, 0x02, 0xF4, 0xB7, 0x64, 0xF1, 0x4F, 0x2F, 0xB3, 0xC9, 0x62, 0x57, 0xD6,
    0x6E, 0xB6, 0x0D, 0xBD, 0xFA, 0x20, 0x23, 0x70, 0x56, 0x19, 0xC0, 0x66, 0xE6, 0x3E, 0x92, 0x0E,
    0x68, 0xDF, 0x5D, 0x2E, 0x3F, 0xEB, 0xD5, 0x55, 0x91, 0x68, 0x2B, 0xFC, 0xE7, 0xD2, 0x00, 0xBD,
    0x2C, 0x90, 0xEB, 0xAD, 0xAE, 0xB6, 0xD7, 0xD2, 0xE0, 0x26, 0x7A, 0x4F, 0xEB, 0x93, 0xBF, 0x40,
    0xBD, 0x6B, 0xB6, 0x26, 0x3D, 0xD9, 0x0E, 0x3D, 0xEA, 0x92, 0x92, 0xA4, 0x12, 0xDB, 0x26, 0xD5,
    0xD8, 0x6B, 0x91, 0x42, 0x75, 0xD4, 0x11, 0xB6, 0x54, 0x68, 0xB6, 0xA6, 0x4A, 0x4F, 0x2B, 0xB5,
    0x2E, 0x21, 0xE7, 0xC9, 0x1F, 0xB4, 0x23, 0x5F, 0x92, 0x16, 0x0B, 0x6D, 0x63, 0xED, 0xC6, 0x1A,
    0x5F, 0x29, 0x7A, 0xF1, 0x68, 0x95, 0x1D, 0x50, 0xCA, 0x2F, 0x00, 0x95, 0xBD, 0x51, 0x0F, 0x0A,
    0xE7, 0x0D, 0x9D, 0xA2, 0xDD, 0xD1, 0x98, 0x37, 0x47, 0xC8, 0x63, 0xD8, 0x54, 0x33, 0xC3, 0x69,
    0x35, 0x04, 0x45, 0xFE, 0x28, 0x96, 0x23, 0x8A, 0x59, 0x51, 0xEE, 0x98, 0x14, 0xD5, 0xA3, 0x18,
    0x8F, 0x38, 0x0F, 0x8A, 0xDA, 0x1F, 0xE1, 0x8E, 0xB0, 0x25, 0x77, 0x95, 0x8B, 0xBE, 0x2E, 0x41,
    0x4F, 0x44, 0xF3, 0xD4, 0xD2, 0x3D, 0x72, 0x61, 0x67, 0xAE, 0x40, 0x84, 0x3A, 0x4D, 0xEB, 0xFD,
    0x46, 0x35, 0x24, 0xAF, 0x9C, 0x93, 0x68, 0xCA, 0xFF, 0x73, 0x34, 0x32, 0xE9, 0xF8, 0x1F, 0x85,
    0x2C, 0x2C, 0x9C, 0x45, 0x5E, 0xCF, 0x38, 0x7A, 0x19, 0xF9, 0x94, 0x52, 0x13, 0xF3, 0x9D, 0x4D,
    0x22, 0x49, 0xE9, 0x81, 0x73, 0x77, 0xBF, 0x46, 0x7E, 0x4D, 0xEE, 0x73, 0xF2, 0x92, 0xA9, 0xBE,
    0x97, 0x51, 0x17, 0x3C, 0x84, 0xE4, 0x34, 0x01, 0xC5, 0x60, 0xAB, 0xD3, 0xF7, 0x49, 0x24, 0x5A,
    0xC7, 0xA2, 0xBB, 0xE9, 0x21, 0x62, 0xC3, 0xEE, 0x74, 0xA5, 0xA9, 0xE2, 0x4A, 0x7D, 0x95, 0x8B,
    0xC8, 0x5A, 0x44, 0x09, 0x59, 0x5C, 0xA9, 0xDF, 0xF0, 0x60, 0xFF, 0x8D, 0xA7, 0x2F, 0x2B, 0x11,
    0x99, 0x93, 0x4C, 0xD7, 0xFA, 0x8F, 0xF9, 0xC1, 0x3E, 0xB9, 0x5F, 0xC7, 0x63, 0x92, 0xE1, 0x61,
    0x1D, 0x7F, 0x6E, 0x2B, 0x06, 0xFA, 0x28, 0xA5, 0xFC, 0x4E, 0x26, 0x1B, 0xD4, 0x32, 0x70, 0x92,
    0x05, 0x6B, 0xB5, 0x0A, 0xA4, 0x4F, 0x03, 0x64, 0xB2, 0xEA, 0xC7, 0x31, 0x39, 0xA4, 0xA3, 0x42,
    0x3F, 0xB6, 0x1E, 0x38, 0x1D, 0x46, 0xAE, 0xE1, 0xB5, 0x2D, 0x95, 0x17, 0x31, 0x79, 0xC3, 0x67,
    0x0F, 0x3B, 0xF8, 0xE8, 0x3F, 0xEF, 0x3F, 0x97, 0xE5, 0xE3, 0x1C, 0x80, 0x67, 0xC1, 0xBE, 0xEA,
    0x41, 0x21, 0x8B, 0xBE, 0x6C, 0x69, 0xCB, 0x6D, 0x9F, 0x1C, 0x1F, 0x65, 0x73, 0x29, 0x51, 0x7B,
    0x9F, 0xAD, 0xFB, 0x07, 0xB5, 0x92, 0x0D, 0x4A, 0xC3, 0x40, 0x14, 0x84, 0xA7, 0x09, 0x25, 0x40,
    0x81, 0xE6, 0x08, 0x02, 0x02, 0xF2, 0x9B, 0x1B, 0x98, 0x80, 0x17, 0x91, 0xDF, 0x7A, 0x84, 0x20,
    0xB1, 0x5B, 0x3C, 0x95, 0x40, 0x30, 0x6B, 0x7B, 0x00, 0x7B, 0x84, 0x1C, 0x61, 0x81, 0x55, 0x02,
    0xA6, 0x7D, 0xCE, 0xA0, 0x95, 0xA2, 0x80, 0x0A, 0xBA, 0xCC, 0x7C, 0x40, 0x5F, 0x67, 0xF6, 0x05,
    0x16, 0x3C, 0xA9, 0xFF, 0xB5, 0x16, 0x7E, 0x66, 0xBE, 0xB0, 0x55, 0x69, 0x55, 0x69, 0x28, 0x47,
    0xCC, 0x7B, 0xE8, 0x70, 0x76, 0xE4, 0x40, 0x0F, 0xF4, 0x9E, 0xB6, 0x8A, 0x66, 0xF6, 0x71, 0x8B,
    0x74, 0x13, 0x90, 0xAE, 0x69, 0xFF, 0xD9, 0x3D, 0x7F, 0x67, 0xF9, 0x86, 0xED, 0x6B, 0xB0, 0x1E,
    0xEC, 0xA7, 0xA1, 0x1B, 0x3E, 0xAE, 0x98, 0x78, 0xA1, 0xF3, 0x82, 0x79, 0x41, 0xBD, 0xB6, 0xBF,
    0x10, 0x57, 0x29, 0xB9, 0x05, 0xF9, 0x27, 0x5A, 0x88, 0xDC, 0x3B, 0x31, 0x3F, 0x37, 0xA9, 0x30,
    0x5F, 0xEA, 0xB3, 0x41, 0x15, 0x3B, 0x94, 0x3B, 0xCC, 0x7A, 0x14, 0x11, 0x3C, 0xD3, 0x0A, 0xF8,
    0xF9, 0x86, 0x19, 0xC9, 0x5A, 0xF2, 0xA1, 0x13, 0xCD, 0x5E, 0xC4, 0x9D, 0xA6, 0xFB, 0xFF, 0xDE,
    0xB0, 0xFE, 0x56, 0x53, 0xD4, 0xDD, 0xF6, 0xDA, 0x82, 0xBB, 0x0D, 0x37, 0x93, 0xD8, 0x4C, 0x42,
    0x9D, 0x84, 0x3A, 0xED, 0xEB, 0xB9, 0xAF, 0x1D, 0xDC, 0x00, 0xB7, 0xC2, 0x29, 0xD0, 0x48, 0x67,
    0x4D, 0x32, 0x36, 0xC5, 0xB8, 0xB4, 0xD1, 0x51, 0x43, 0xEB, 0xAA, 0xB6, 0xC1, 0x17, 0x65, 0x63,
    0xE3, 0xF4, 0x07, 0x29, 0xB6, 0x4B, 0xB4, 0x97, 0x68, 0x21, 0xDD, 0x01, 0xC8, 0x69, 0xC4, 0x63,
    0xE4, 0x88, 0x39, 0xA7, 0x4F, 0x81, 0x30, 0x22, 0x11, 0xF4, 0x22, 0xEE, 0x6D, 0x00, 0xCC, 0x22,
    0x32, 0x8B, 0x51, 0xEF, 0x83, 0x18, 0x99, 0x38, 0x17, 0x4E, 0x5A, 0x02, 0x84, 0xB2, 0xCF, 0x87,
    0x6C, 0x26, 0x38, 0x66, 0xBB, 0x43, 0x76, 0xF6, 0x96, 0xC5, 0x21, 0xAB, 0x58, 0xFE, 0x9E, 0xC5,
    0x31, 0xAE, 0xE8, 0x57, 0x9D, 0xD0, 0x01, 0x66, 0xC6, 0x40, 0x10, 0x05, 0xE0, 0xB7, 0x19, 0x15,
    0x14, 0x39, 0x42, 0x8F, 0xB0, 0x47, 0x48, 0x6E, 0xF6, 0xE7, 0x28, 0xBD, 0x41, 0x8F, 0xB0, 0x3F,
    0x00, 0x85, 0xA5, 0x17, 0xD8, 0x23, 0x2C, 0x82, 0xA8, 0x24, 0xD3, 0xF7, 0xB2, 0x42, 0x54, 0x41,
    0x87, 0xD9, 0x2F, 0x1E, 0x4C, 0x3C, 0x70, 0x5E, 0xA0, 0xE9, 0xBD, 0xBC, 0x93, 0xE8, 0x5F, 0x2B,
    0x49, 0xDF, 0x9F, 0x1B, 0x10, 0x1C, 0x03, 0xB1, 0x0D, 0x7D, 0x85, 0x08, 0x13, 0xD0, 0xAF, 0xD0,
    0xBC, 0x2E, 0x8D, 0xAA, 0x37, 0x7C, 0xB8, 0x7B, 0x81, 0x39, 0x27, 0x5F, 0xE0, 0xAD, 0x60, 0x7C,
    0x92, 0x2C, 0x10, 0x9F, 0x42, 0x3B, 0xCE, 0x02, 0x8F, 0x46, 0x9A, 0xA0, 0x24, 0x01, 0x78, 0x4C,
    0x70, 0x92, 0x04, 0x01, 0x0E, 0xE2, 0x08, 0x8D, 0x6E, 0x87, 0x92, 0x6E, 0x83, 0x12, 0x23, 0x4C,
    0xCC, 0x67, 0x25, 0xA6, 0xEB, 0x22, 0x0B, 0x8D, 0xAD, 0x27, 0xD7, 0xDF, 0xD6, 0x93, 0xA1, 0x31,
    0x66, 0xBD, 0xD1, 0x67, 0x31, 0x1E, 0x80, 0x28, 0x27, 0xF7, 0x42, 0x7C, 0x53, 0x2E, 0x54, 0x48,
    0x6A, 0x85, 0x18, 0xD1, 0xA5, 0x15, 0xA2, 0x5F, 0x74, 0x42, 0x65, 0x68, 0x87, 0x4A, 0xAA, 0x60,
    0x21, 0x0B, 0x31, 0x27, 0x45, 0x54, 0x96, 0x01, 0x6E, 0xCC, 0xD0, 0xC6, 0x5B, 0x21, 0x7F, 0xF6,
    0x32, 0xAB, 0x05, 0x15, 0x92, 0x00, 0xAD, 0x13, 0xBF, 0x73, 0xF5, 0x72, 0x20, 0xEC, 0xD0, 0x67,
    0xF7, 0xAB, 0x10, 0x5E, 0x17, 0xE5, 0xDF, 0x85, 0x2C, 0xB8, 0xCD, 0x0F,
};

static const EpdGlyph bitter_18_italicGlyphs[] = {
    { 0, 0, 0, 0, 0, 0, 0 }, // U+0000
    { 0, 0, 0, 0, 0, 0, 0 }, // U+0001
    { 0, 0, 0, 0, 0, 0, 0 }, // U+0002
    { 0, 0, 0, 0, 0, 0, 0 }, // U+0003
    { 0, 0, 0, 0, 0, 0, 0 }, // U+0004
    { 0, 0, 0, 0, 0, 0, 0 }, // U+0005
    { 0, 0, 0, 0, 0, 0, 0 }, // U+0006
    { 0, 0, 0, 0, 0, 0, 0 }, // U+0007
    { 0, 0, 0, 0, 0, 0, 0 }, // U+0008
    { 0, 0, 0, 0, 0, 0, 0 }, // U+0009
    { 0, 0, 0, 0, 0, 0, 0 }, // U+000A
    { 0, 0, 0, 0, 0, 0, 0 }, // U+000B
    { 0, 0, 0, 0, 0, 0, 0 }, // U+000C
    { 0, 0, 0, 0, 0, 0, 0 }, // U+000D
    { 0, 0, 0, 0, 0, 0, 0 }, // U+000E
    { 0, 0, 0, 0, 0, 0, 0 }, // U+000F
    { 0, 0, 0, 0, 0, 0, 0 }, // U+0010
    { 0, 0, 0, 0, 0, 0, 0 }, // U+0011
    { 0, 0, 0, 0, 0, 0, 0 }, // U+0012
    { 0, 0, 0, 0, 0, 0, 0 }, // U+0013
    { 0, 0, 0, 0, 0, 0, 0 }, // U+0014
    { 0, 0, 0, 0, 0, 0, 0 }, // U+0015
    { 0, 0, 0, 0, 0, 0, 0 }, // U+0016
    { 0, 0, 0, 0, 0, 0, 0 }, // U+0017
    { 0, 0, 0, 0, 0, 0, 0 }, // U+0018
    { 0, 0, 0, 0, 0, 0, 0 }, // U+0019
    { 0, 0, 0, 0, 0, 0, 0 }, // U+001A
    { 0, 0, 0, 0, 0, 0, 0 }, // U+001B
    { 0, 0, 0, 0, 0, 0, 0 }, // U+001C
    { 0, 0, 0, 0, 0, 0, 0 }, // U+001D
    { 0, 0, 0, 0, 0, 0, 0 }, // U+001E
    { 0, 0, 0, 0, 0, 0, 0 }, // U+001F
    { 0, 0, 112, 0, 0, 0, 0 }, // U+0020
    { 9, 28, 191, 2, 27, 63, 0 }, // !
    { 12, 10, 233, 4, 29, 30, 63 }, // "
    { 24, 27, 381, 0, 27, 162, 93 }, // #
    { 21, 38, 362, 1, 32, 200, 255 }, // $
    { 26, 28, 493, 3, 27, 182, 455 }, // %
    { 23, 28, 410, 2, 27, 161, 637 }, // &
    { 5, 10, 135, 4, 29, 13, 798 }, // '
    { 13, 38, 180, 1, 33, 124, 811 }, // (
    { 13, 38, 180, -1, 33, 124, 935 }, // )
    { 13, 13, 263, 3, 29, 43, 1059 }, // *
    { 18, 19, 328, 2, 23, 86, 1102 }, // +
    { 8, 11, 134, -2, 5, 22, 1188 }, // ,
    { 12, 4, 245, 2, 13, 12, 1210 }, // -
    { 6, 6, 137, 0, 5, 9, 1222 }, // .
    { 18, 35, 183, -3, 31, 158, 1231 }, // /
    { 20, 24, 380, 2, 23, 120, 1389 }, // 0
    { 14, 21, 250, 0, 21, 74, 1509 }, // 1
    { 20, 23, 335, 0, 23, 115, 1583 }, // 2
    { 21, 28, 324, -2, 23, 147, 1698 }, // 3
    { 21, 28, 346, -1, 23, 147, 1845 }, // 4
    { 21, 27, 309, -2, 22, 142, 1992 }, // 5
    { 20, 28, 355, 2, 27, 140, 2134 }, // 6
    { 20, 27, 309, 1, 22, 135, 2274 }, // 7
    { 21, 28, 359, 1, 27, 147, 2409 }, // 8
    { 19, 28, 355, 1, 23, 133, 2556 }, // 9
    { 8, 19, 137, 0, 18, 38, 2689 }, // :
    { 10, 24, 137, -2, 18, 60, 2727 }, // ;
    { 18, 17, 312, 2, 22, 77, 2787 }, // <
    { 19, 11, 403, 4, 18, 53, 2864 }, // =
    { 18, 17, 312, 1, 22, 77, 2917 }, // >
    { 14, 28, 247, 2, 27, 98, 2994 }, // ?
    { 29, 30, 521, 2, 25, 218, 3092 }, // @
    { 26, 27, 407, -2, 27, 176, 3310 }, // A
    { 23, 27, 380, 0, 27, 156, 3486 }, // B
    { 22, 28, 372, 2, 27, 154, 3642 }, // C
    { 26, 27, 425, 0, 27, 176, 3796 }, // D
    { 23, 27, 362, 0, 27, 156, 3972 }, // E
    { 23, 27, 331, 0, 27, 156, 4128 }, // F
    { 24, 28, 427, 2, 27, 168, 4284 }, // G
    { 30, 27, 461, 0, 27, 203, 4452 }, // H
    { 15, 27, 211, 0, 27, 102, 4655 }, // I
    { 18, 33, 201, -4, 27, 149, 4757 }, // J
    { 27, 27, 415, 0, 27, 183, 4906 }, // K
    { 19, 27, 322, 0, 27, 129, 5089 }, // L
    { 34, 27, 516, 0, 27, 230, 5218 }, // M
    { 30, 27, 455, 0, 27, 203, 5448 }, // N
    { 24, 28, 434, 2, 27, 168, 5651 }, // O
    { 23, 27, 352, 0, 27, 156, 5819 }, // P
    { 26, 34, 435, 2, 27, 221, 5975 }, // Q
    { 23, 27, 385, 0, 27, 156, 6196 }, // R
    { 21, 28, 350, 1, 27, 147, 6352 }, // S
    { 22, 27, 347, 2, 27, 149, 6499 }, // T
    { 26, 28, 436, 3, 27, 182, 6648 }, // U
    { 27, 28, 411, 2, 27, 189, 6830 }, // V
    { 38, 28, 595, 2, 27, 266, 7019 }, // W
    { 28, 27, 409, -1, 27, 189, 7285 }, // X
    { 24, 27, 377, 2, 27, 162, 7474 }, // Y
    { 23, 27, 357, 0, 27, 156, 7636 }, // Z
    { 15, 36, 197, 0, 32, 135, 7792 }, // [
    { 7, 35, 185, 3, 31, 62, 7927 }, // <backslash>
    { 15, 36, 197, -2, 32, 135, 7989 }, // ]
    { 17, 14, 301, 1, 33, 60, 8124 }, // ^
    { 19, 4, 284, -3, -2, 19, 8184 }, // _
    { 10, 8, 230, 5, 31, 20, 8203 }, // `
    { 20, 22, 352, 1, 21, 110, 8223 }, // a
    { 20, 31, 344, 1, 30, 155, 8333 }, // b
    { 17, 22, 289, 1, 21, 94, 8488 }, // c
    { 21, 31, 353, 1, 30, 163, 8582 }, // d
    { 18, 22, 305, 1, 21, 99, 8745 }, // e
    { 23, 39, 202, -5, 30, 225, 8844 }, // f
    { 20, 30, 344, 0, 21, 150, 9069 }, // g
    { 20, 31, 356, 1, 30, 155, 9219 }, // h
    { 9, 30, 176, 2, 29, 68, 9374 }, // i
    { 16, 38, 167, -5, 29, 152, 9442 }, // j
    { 20, 30, 331, 1, 30, 150, 9594 }, // k
    { 9, 31, 167, 1, 30, 70, 9744 }, // l
    { 31, 22, 544, 2, 21, 171, 9814 }, // m
    { 20, 22, 365, 2, 21, 110, 9985 }, // n
    { 19, 22, 335, 1, 21, 105, 10095 }, // o
    { 24, 30, 353, -3, 21, 180, 10200 }, // p
    { 19, 30, 344, 1, 21, 143, 10380 }, // q
    { 15, 21, 250, 2, 21, 79, 10523 }, // r
    { 17, 22, 286, 0, 21, 94, 10602 }, // s
    { 14, 26, 221, 1, 25, 91, 10696 }, // t
    { 20, 22, 365, 1, 21, 110, 10787 }, // u
    { 21, 22, 312, 1, 21, 116, 10897 }, // v
    { 31, 22, 475, 1, 21, 171, 11013 }, // w
    { 23, 21, 324, -2, 21, 121, 11184 }, // x
    { 25, 30, 312, -3, 21, 188, 11305 }, // y
    { 19, 20, 286, -1, 20, 95, 11493 }, // z
    { 15, 36, 199, 0, 32, 135, 11588 }, // {
    { 9, 35, 190, 2, 31, 79, 11723 }, // |
    { 15, 36, 199, -1, 32, 135, 11802 }, // }
    { 19, 7, 387, 3, 17, 34, 11937 }, // ~
    { 0, 0, 0, 0, 0, 0, 11971 }, // U+007F
    { 0, 0, 0, 0, 0, 0, 0 }, // U+0080
    { 0, 0, 0, 0, 0, 0, 0 }, // U+0081
    { 0, 0, 0, 0, 0, 0, 0 }, // U+0082
    { 0, 0, 0, 0, 0, 0, 0 }, // U+0083
    { 0, 0, 0, 0, 0, 0, 0 }, // U+0084
    { 0, 0, 0, 0, 0, 0, 0 }, // U+0085
    { 0, 0, 0, 0, 0, 0, 0 }, // U+0086
    { 0, 0, 0, 0, 0, 0, 0 }, // U+0087
    { 0, 0, 0, 0, 0, 0, 0 }, // U+0088
    { 0, 0, 0, 0, 0, 0, 0 }, // U+0089
    { 0, 0, 0, 0, 0, 0, 0 }, // U+008A
    { 0, 0, 0, 0, 0, 0, 0 }, // U+008B
    { 0, 0, 0, 0, 0, 0, 0 }, // U+008C
    { 0, 0, 0, 0, 0, 0, 0 }, // U+008D
    { 0, 0, 0, 0, 0, 0, 0 }, // U+008E
    { 0, 0, 0, 0, 0, 0, 0 }, // U+008F
    { 0, 0, 0, 0, 0, 0, 0 }, // U+0090
    { 0, 0, 0, 0, 0, 0, 0 }, // U+0091
    { 0, 0, 0, 0, 0, 0, 0 }, // U+0092
    { 0, 0, 0, 0, 0, 0, 0 }, // U+0093
    { 0, 0, 0, 0, 0, 0, 0 }, // U+0094
    { 0, 0, 0, 0, 0, 0, 0 }, // U+0095
    { 0, 0, 0, 0, 0, 0, 0 }, // U+0096
    { 0, 0, 0, 0, 0, 0, 0 }, // U+0097
    { 0, 0, 0, 0, 0, 0, 0 }, // U+0098
    { 0, 0, 0, 0, 0, 0, 0 }, // U+0099
    { 0, 0, 0, 0, 0, 0, 0 }, // U+009A
    { 0, 0, 0, 0, 0, 0, 0 }, // U+009B
    { 0, 0, 0, 0, 0, 0, 0 }, // U+009C
    { 0, 0, 0, 0, 0, 0, 0 }, // U+009D
    { 0, 0, 0, 0, 0, 0, 0 }, // U+009E
    { 0, 0, 0, 0, 0, 0, 0 }, // U+009F
    { 0, 0, 112, 0, 0, 0, 0 }, // U+00A0
    { 9, 27, 191, 1, 18, 61, 0 }, // U+00A1
    { 18, 29, 329, 2, 28, 131, 61 }, // U+00A2
    { 24, 27, 389, 0, 27, 162, 192 }, // U+00A3
    { 21, 18, 388, 2, 20, 95, 354 }, // U+00A4
    { 24, 27, 413, 3, 27, 162, 449 }, // U+00A5
    { 9, 35, 190, 2, 31, 79, 611 }, // U+00A6
    { 19, 34, 328, 1, 27, 162, 690 }, // U+00A7
    { 12, 6, 265, 5, 29, 18, 852 }, // U+00A8
    { 28, 28, 526, 3, 27, 196, 870 }, // U+00A9
    { 17, 21, 290, 1, 27, 90, 1066 }, // U+00AA
    { 17, 17, 289, 1, 19, 73, 1156 }, // U+00AB
    { 19, 11, 386, 2, 15, 53, 1229 }, // U+00AC
    { 0, 0, 0, 0, 0, 0, 1282 }, // U+00AD
    { 23, 23, 436, 3, 29, 133, 1282 }, // U+00AE
    { 12, 3, 242, 4, 28, 9, 1415 }, // U+00AF
    { 12, 12, 250, 3, 28, 36, 1424 }, // U+00B0
    { 19, 23, 341, 1, 24, 110, 1460 }, // U+00B1
    { 13, 17, 211, 1, 30, 56, 1570 }, // U+00B2
    { 14, 18, 217, 1, 30, 63, 1626 }, // U+00B3
    { 10, 8, 223, 3, 31, 20, 1689 }, // U+00B4
    { 21, 30, 411, 2, 21, 158, 1709 }, // U+00B5
    { 21, 34, 356, 2, 27, 179, 1867 }, // U+00B6
    { 5, 6, 137, 2, 15, 8, 2046 }, // U+00B7
    { 10, 9, 212, -1, 0, 23, 2054 }, // U+00B8
    { 10, 17, 166, 1, 30, 43, 2077 }, // U+00B9
    { 16, 21, 265, 1, 27, 84, 2120 }, // U+00BA
    { 17, 17, 290, 0, 19, 73, 2204 }, // U+00BB
    { 27, 28, 495, 2, 27, 189, 2277 }, // U+00BC
    { 28, 28, 502, 2, 27, 196, 2466 }, // U+00BD
    { 30, 28, 526, 1, 27, 210, 2662 }, // U+00BE
    { 15, 28, 243, -1, 21, 105, 2872 }, // U+00BF
    { 26, 35, 407, -2, 35, 228, 2977 }, // U+00C0
    { 26, 35, 407, -2, 35, 228, 3205 }, // U+00C1
    { 26, 35, 407, -2, 35, 228, 3433 }, // U+00C2
    { 26, 34, 407, -2, 34, 221, 3661 }, // U+00C3
    { 26, 34, 407, -2, 34, 221, 3882 }, // U+00C4
    { 26, 35, 407, -2, 35, 228, 4103 }, // U+00C5
    { 37, 27, 550, -2, 27, 250, 4331 }, // U+00C6
    { 22, 36, 372, 2, 27, 198, 4581 }, // U+00C7
    { 23, 35, 362, 0, 35, 202, 4779 }, // U+00C8
    { 23, 35, 362, 0, 35, 202, 4981 }, // U+00C9
    { 23, 35, 362, 0, 35, 202, 5183 }, // U+00CA
    { 23, 34, 362, 0, 34, 196, 5385 }, // U+00CB
    { 15, 35, 211, 0, 35, 132, 5581 }, // U+00CC
    { 15, 35, 211, 0, 35, 132, 5713 }, // U+00CD
    { 16, 35, 211, 0, 35, 140, 5845 }, // U+00CE
    { 16, 34, 211, 0, 34, 136, 5985 }, // U+00CF
    { 26, 27, 425, 0, 27, 176, 6121 }, // U+00D0
    { 30, 34, 455, 0, 34, 255, 6297 }, // U+00D1
    { 24, 36, 434, 2, 35, 216, 6552 }, // U+00D2
    { 24, 36, 434, 2, 35, 216, 6768 }, // U+00D3
    { 24, 36, 434, 2, 35, 216, 6984 }, // U+00D4
    { 24, 35, 434, 2, 34, 210, 7200 }, // U+00D5
    { 24, 35, 434, 2, 34, 210, 7410 }, // U+00D6
    { 17, 16, 312, 2, 21, 68, 7620 }, // U+00D7
    { 26, 33, 440, 1, 30, 215, 7688 }, // U+00D8
    { 26, 36, 436, 3, 35, 234, 7903 }, // U+00D9
    { 26, 36, 436, 3, 35, 234, 8137 }, // U+00DA
    { 26, 36, 436, 3, 35, 234, 8371 }, // U+00DB
    { 26, 35, 436, 3, 34, 228, 8605 }, // U+00DC
    { 24, 35, 377, 2, 35, 210, 8833 }, // U+00DD
    { 21, 27, 346, 0, 27, 142, 9043 }, // U+00DE
    { 28, 40, 382, -5, 30, 280, 9185 }, // U+00DF
    { 20, 32, 352, 1, 31, 160, 9465 }, // U+00E0
    { 20, 32, 352, 1, 31, 160, 9625 }, // U+00E1
    { 20, 32, 352, 1, 31, 160, 9785 }, // U+00E2
    { 20, 30, 352, 1, 29, 150, 9945 }, // U+00E3
    { 20, 30, 352, 1, 29, 150, 10095 }, // U+00E4
    { 20, 32, 352, 1, 31, 160, 10245 }, // U+00E5
    { 30, 22, 481, 0, 21, 165, 10405 }, // U+00E6
    { 17, 30, 289, 1, 21, 128, 10570 }, // U+00E7
    { 18, 32, 303, 1, 31, 144, 10698 }, // U+00E8
    { 18, 32, 303, 1, 31, 144, 10842 }, // U+00E9
    { 18, 32, 303, 1, 31, 144, 10986 }, // U+00EA
    { 18, 30, 303, 1, 29, 135, 11130 }, // U+00EB
    { 11, 32, 176, 2, 31, 88, 11265 }, // U+00EC
    { 12, 32, 176, 2, 31, 96, 11353 }, // U+00ED
    { 11, 32, 176, 2, 31, 88, 11449 }, // U+00EE
    { 12, 30, 176, 2, 29, 90, 11537 }, // U+00EF
    { 19, 31, 341, 1, 30, 148, 11627 }, // U+00F0
    { 20, 30, 365, 2, 29, 150, 11775 }, // U+00F1
    { 19, 32, 335, 1, 31, 152, 11925 }, // U+00F2
    { 19, 32, 335, 1, 31, 152, 12077 }, // U+00F3
    { 19, 32, 335, 1, 31, 152, 12229 }, // U+00F4
    { 19, 30, 335, 1, 29, 143, 12381 }, // U+00F5
    { 19, 30, 335, 1, 29, 143, 12524 }, // U+00F6
    { 18, 20, 403, 4, 23, 90, 12667 }, // U+00F7
    { 22, 28, 349, 0, 24, 154, 12757 }, // U+00F8
    { 20, 32, 365, 1, 31, 160, 12911 }, // U+00F9
    { 20, 32, 365, 1, 31, 160, 13071 }, // U+00FA
    { 20, 32, 365, 1, 31, 160, 13231 }, // U+00FB
    { 20, 30, 365, 1, 29, 150, 13391 }, // U+00FC
    { 25, 40, 312, -3, 31, 250, 13541 }, // U+00FD
    { 24, 39, 344, -3, 30, 234, 13791 }, // U+00FE
    { 25, 38, 312, -3, 29, 238, 14025 }, // U+00FF
    { 26, 32, 407, -2, 32, 208, 0 }, // U+0100
    { 20, 29, 352, 1, 28, 145, 208 }, // U+0101
    { 26, 34, 407, -2, 34, 221, 353 }, // U+0102
    { 20, 31, 352, 1, 30, 155, 574 }, // U+0103
    { 26, 36, 407, -2, 27, 234, 729 }, // U+0104
    { 20, 30, 352, 1, 21, 150, 963 }, // U+0105
    { 22, 36, 372, 2, 35, 198, 1113 }, // U+0106
    { 17, 32, 289, 1, 31, 136, 1311 }, // U+0107
    { 22, 36, 372, 2, 35, 198, 1447 }, // U+0108
    { 18, 32, 289, 1, 31, 144, 1645 }, // U+0109
    { 22, 35, 372, 2, 34, 193, 1789 }, // U+010A
    { 17, 30, 289, 1, 29, 128, 1982 }, // U+010B
    { 22, 36, 372, 2, 35, 198, 2110 }, // U+010C
    { 19, 32, 289, 1, 31, 152, 2308 }, // U+010D
    { 26, 35, 425, 0, 35, 228, 2460 }, // U+010E
    { 27, 31, 353, 1, 30, 210, 2688 }, // U+010F
    { 26, 27, 425, 0, 27, 176, 2898 }, // U+0110
    { 23, 31, 354, 1, 30, 179, 3074 }, // U+0111
    { 23, 32, 362, 0, 32, 184, 3253 }, // U+0112
    { 18, 29, 303, 1, 28, 131, 3437 }, // U+0113
    { 23, 34, 362, 0, 34, 196, 3568 }, // U+0114
    { 18, 31, 303, 1, 30, 140, 3764 }, // U+0115
    { 23, 34, 362, 0, 34, 196, 3904 }, // U+0116
    { 18, 30, 303, 1, 29, 135, 4100 }, // U+0117
    { 23, 36, 362, 0, 27, 207, 4235 }, // U+0118
    { 18, 30, 303, 1, 21, 135, 4442 }, // U+0119
    { 23, 35, 362, 0, 35, 202, 4577 }, // U+011A
    { 19, 32, 303, 1, 31, 152, 4779 }, // U+011B
    { 24, 36, 427, 2, 35, 216, 4931 }, // U+011C
    { 20, 40, 344, 0, 31, 200, 5147 }, // U+011D
    { 24, 35, 427, 2, 34, 210, 5347 }, // U+011E
    { 20, 39, 344, 0, 30, 195, 5557 }, // U+011F
    { 24, 35, 427, 2, 34, 210, 5752 }, // U+0120
    { 20, 38, 344, 0, 29, 190, 5962 }, // U+0121
    { 24, 38, 427, 2, 27, 228, 6152 }, // U+0122
    { 20, 42, 344, 0, 33, 210, 6380 }, // U+0123
    { 30, 35, 461, 0, 35, 263, 6590 }, // U+0124
    { 20, 38, 356, 1, 37, 190, 6853 }, // U+0125
    { 30, 27, 461, 0, 27, 203, 7043 }, // U+0126
    { 20, 31, 356, 1, 30, 155, 7246 }, // U+0127
    { 17, 34, 211, 0, 34, 145, 7401 }, // U+0128
    { 12, 30, 176, 2, 29, 90, 7546 }, // U+0129
    { 16, 32, 211, 0, 32, 128, 7636 }, // U+012A
    { 11, 29, 176, 2, 28, 80, 7764 }, // U+012B
    { 16, 34, 211, 0, 34, 136, 7844 }, // U+012C
    { 12, 31, 176, 2, 30, 93, 7980 }, // U+012D
    { 15, 36, 211, 0, 27, 135, 8073 }, // U+012E
    { 12, 38, 176, -1, 29, 114, 8208 }, // U+012F
    { 15, 34, 211, 0, 34, 128, 8322 }, // U+0130
    { 7, 22, 176, 2, 21, 39, 8450 }, // U+0131
    { 27, 33, 412, 0, 27, 223, 8489 }, // U+0132
    { 20, 38, 346, 2, 29, 190, 8712 }, // U+0133
    { 20, 41, 201, -4, 35, 205, 8902 }, // U+0134
    { 18, 40, 167, -5, 31, 180, 9107 }, // U+0135
    { 27, 38, 415, 0, 27, 257, 9287 }, // U+0136
    { 20, 41, 331, 1, 30, 205, 9544 }, // U+0137
    { 20, 21, 340, 2, 21, 105, 9749 }, // U+0138
    { 19, 35, 322, 0, 35, 167, 9854 }, // U+0139
    { 12, 38, 167, 1, 37, 114, 10021 }, // U+013A
    { 19, 38, 322, 0, 27, 181, 10135 }, // U+013B
    { 11, 41, 167, -1, 30, 113, 10316 }, // U+013C
    { 21, 27, 322, 0, 27, 142, 10429 }, // U+013D
    { 15, 31, 167, 1, 30, 117, 10571 }, // U+013E
    { 20, 27, 322, 0, 27, 135, 10688 }, // U+013F
    { 14, 31, 218, 1, 30, 109, 10823 }, // U+0140
    { 19, 27, 337, 1, 27, 129, 10932 }, // U+0141
    { 12, 31, 194, 1, 30, 93, 11061 }, // U+0142
    { 30, 35, 455, 0, 35, 263, 11154 }, // U+0143
    { 20, 32, 365, 2, 31, 160, 11417 }, // U+0144
    { 30, 38, 455, 0, 27, 285, 11577 }, // U+0145
    { 20, 32, 365, 2, 21, 160, 11862 }, // U+0146
    { 30, 35, 455, 0, 35, 263, 12022 }, // U+0147
    { 20, 32, 365, 2, 31, 160, 12285 }, // U+0148
    { 25, 31, 446, 2, 30, 194, 12445 }, // U+0149
    { 30, 36, 454, 0, 27, 270, 12639 }, // U+014A
    { 19, 30, 360, 2, 21, 143, 12909 }, // U+014B
    { 24, 33, 434, 2, 32, 198, 13052 }, // U+014C
    { 19, 29, 335, 1, 28, 138, 13250 }, // U+014D
    { 24, 35, 434, 2, 34, 210, 13388 }, // U+014E
    { 19, 31, 335, 1, 30, 148, 13598 }, // U+014F
    { 24, 37, 434, 2, 36, 222, 13746 }, // U+0150
    { 19, 32, 335, 1, 31, 152, 13968 }, // U+0151
    { 33, 28, 551, 2, 27, 231, 14120 }, // U+0152
    { 32, 22, 526, 1, 21, 176, 14351 }, // U+0153
    { 23, 35, 385, 0, 35, 202, 14527 }, // U+0154
    { 15, 31, 250, 2, 31, 117, 14729 }, // U+0155
    { 23, 38, 385, 0, 27, 219, 14846 }, // U+0156
    { 17, 32, 250, 0, 21, 136, 15065 }, // U+0157
    { 23, 35, 385, 0, 35, 202, 15201 }, // U+0158
    { 16, 31, 250, 2, 31, 124, 15403 }, // U+0159
    { 21, 36, 350, 1, 35, 189, 15527 }, // U+015A
    { 18, 32, 298, 0, 31, 144, 15716 }, // U+015B
    { 21, 36, 350, 1, 35, 189, 15860 }, // U+015C
    { 18, 32, 298, 0, 31, 144, 16049 }, // U+015D
    { 21, 36, 350, 1, 27, 189, 16193 }, // U+015E
    { 17, 30, 298, 0, 21, 128, 16382 }, // U+015F
    { 21, 36, 350, 1, 35, 189, 16510 }, // U+0160
    { 19, 32, 298, 0, 31, 152, 16699 }, // U+0161
    { 22, 36, 347, 2, 27, 198, 16851 }, // U+0162
    { 14, 34, 221, 1, 25, 119, 17049 }, // U+0163
    { 22, 35, 347, 2, 35, 193, 17168 }, // U+0164
    { 17, 31, 221, 1, 30, 132, 17361 }, // U+0165
    { 22, 27, 347, 2, 27, 149, 17493 }, // U+0166
    { 15, 26, 221, 0, 25, 98, 17642 }, // U+0167
    { 26, 35, 436, 3, 34, 228, 17740 }, // U+0168
    { 20, 30, 365, 1, 29, 150, 17968 }, // U+0169
    { 26, 33, 436, 3, 32, 215, 18118 }, // U+016A
    { 20, 29, 365, 1, 28, 145, 18333 }, // U+016B
    { 26, 35, 436, 3, 34, 228, 18478 }, // U+016C
    { 20, 31, 365, 1, 30, 155, 18706 }, // U+016D
    { 26, 36, 436, 3, 35, 234, 18861 }, // U+016E
    { 20, 32, 365, 1, 31, 160, 19095 }, // U+016F
    { 26, 37, 436, 3, 36, 241, 19255 }, // U+0170
    { 20, 32, 365, 1, 31, 160, 19496 }, // U+0171
    { 26, 36, 436, 3, 27, 234, 19656 }, // U+0172
    { 20, 30, 365, 1, 21, 150, 19890 }, // U+0173
    { 38, 36, 595, 2, 35, 342, 20040 }, // U+0174
    { 31, 32, 475, 1, 31, 248, 20382 }, // U+0175
    { 24, 35, 377, 2, 35, 210, 20630 }, // U+0176
    { 25, 40, 312, -3, 31, 250, 20840 }, // U+0177
    { 24, 34, 377, 2, 34, 204, 21090 }, // U+0178
    { 23, 35, 357, 0, 35, 202, 21294 }, // U+0179
    { 19, 31, 286, -1, 31, 148, 21496 }, // U+017A
    { 23, 34, 357, 0, 34, 196, 21644 }, // U+017B
    { 19, 29, 286, -1, 29, 138, 21840 }, // U+017C
    { 23, 35, 357, 0, 35, 202, 21978 }, // U+017D
    { 19, 31, 286, -1, 31, 148, 22180 }, // U+017E
    { 24, 40, 226, -5, 30, 240, 22328 }, // U+017F
    { 27, 33, 439, 2, 32, 223, 0 }, // U+01A0
    { 21, 27, 343, 1, 26, 142, 223 }, // U+01A1
    { 27, 33, 441, 3, 32, 223, 365 }, // U+01AF
    { 24, 27, 365, 1, 26, 162, 588 }, // U+01B0
    { 49, 35, 765, 0, 35, 429, 750 }, // U+01C4
    { 45, 31, 711, 0, 31, 349, 1179 }, // U+01C5
    { 40, 32, 639, 1, 31, 320, 1528 }, // U+01C6
    { 34, 33, 517, 0, 27, 281, 1848 }, // U+01C7
    { 31, 38, 490, 0, 29, 295, 2129 }, // U+01C8
    { 20, 39, 337, 1, 30, 195, 2424 }, // U+01C9
    { 43, 33, 656, 0, 27, 355, 2619 }, // U+01CA
    { 39, 38, 622, 0, 29, 371, 2974 }, // U+01CB
    { 31, 38, 532, 2, 29, 295, 3345 }, // U+01CC
    { 26, 35, 407, -2, 35, 228, 3640 }, // U+01CD
    { 20, 32, 352, 1, 31, 160, 3868 }, // U+01CE
    { 17, 35, 211, 0, 35, 149, 4028 }, // U+01CF
    { 12, 32, 176, 2, 31, 96, 4177 }, // U+01D0
    { 24, 36, 434, 2, 35, 216, 4273 }, // U+01D1
    { 19, 32, 335, 1, 31, 152, 4489 }, // U+01D2
    { 26, 36, 436, 3, 35, 234, 4641 }, // U+01D3
    { 20, 32, 365, 1, 31, 160, 4875 }, // U+01D4
    { 26, 38, 436, 3, 37, 247, 5035 }, // U+01D5
    { 20, 33, 365, 1, 32, 165, 5282 }, // U+01D6
    { 26, 39, 436, 3, 38, 254, 5447 }, // U+01D7
    { 20, 34, 365, 1, 33, 170, 5701 }, // U+01D8
    { 26, 39, 436, 3, 38, 254, 5871 }, // U+01D9
    { 20, 34, 365, 1, 33, 170, 6125 }, // U+01DA
    { 26, 39, 436, 3, 38, 254, 6295 }, // U+01DB
    { 20, 34, 365, 1, 33, 170, 6549 }, // U+01DC
    { 24, 36, 427, 2, 35, 216, 6719 }, // U+01E6
    { 20, 40, 344, 0, 31, 200, 6935 }, // U+01E7
    { 24, 36, 434, 2, 27, 216, 7135 }, // U+01EA
    { 19, 30, 335, 1, 21, 143, 7351 }, // U+01EB
    { 49, 27, 765, 0, 27, 331, 7494 }, // U+01F1
    { 45, 27, 711, 0, 27, 304, 7825 }, // U+01F2
    { 39, 31, 639, 1, 30, 303, 8129 }, // U+01F3
    { 26, 42, 407, -2, 42, 273, 8432 }, // U+01FA
    { 20, 37, 352, 1, 36, 185, 8705 }, // U+01FB
    { 37, 35, 550, -2, 35, 324, 8890 }, // U+01FC
    { 30, 32, 481, 0, 31, 240, 9214 }, // U+01FD
    { 26, 38, 440, 1, 35, 247, 9454 }, // U+01FE
    { 22, 35, 349, 0, 31, 193, 9701 }, // U+01FF
    { 26, 36, 407, -2, 36, 234, 9894 }, // U+0200
    { 20, 32, 352, 1, 31, 160, 10128 }, // U+0201
    { 26, 34, 407, -2, 34, 221, 10288 }, // U+0202
    { 20, 30, 352, 1, 29, 150, 10509 }, // U+0203
    { 23, 36, 362, 0, 36, 207, 10659 }, // U+0204
    { 18, 32, 303, 1, 31, 144, 10866 }, // U+0205
    { 23, 34, 362, 0, 34, 196, 11010 }, // U+0206
    { 18, 30, 303, 1, 29, 135, 11206 }, // U+0207
    { 15, 36, 211, 0, 36, 135, 11341 }, // U+0208
    { 12, 32, 176, 1, 31, 96, 11476 }, // U+0209
    { 15, 34, 211, 0, 34, 128, 11572 }, // U+020A
    { 12, 30, 176, 2, 29, 90, 11700 }, // U+020B
    { 24, 37, 434, 2, 36, 222, 11790 }, // U+020C
    { 19, 32, 335, 1, 31, 152, 12012 }, // U+020D
    { 24, 35, 434, 2, 34, 210, 12164 }, // U+020E
    { 19, 30, 335, 1, 29, 143, 12374 }, // U+020F
    { 23, 36, 385, 0, 36, 207, 12517 }, // U+0210
    { 15, 31, 250, 2, 31, 117, 12724 }, // U+0211
    { 23, 34, 385, 0, 34, 196, 12841 }, // U+0212
    { 15, 29, 250, 2, 29, 109, 13037 }, // U+0213
    { 26, 37, 436, 3, 36, 241, 13146 }, // U+0214
    { 20, 32, 365, 1, 31, 160, 13387 }, // U+0215
    { 26, 35, 436, 3, 34, 228, 13547 }, // U+0216
    { 20, 30, 365, 1, 29, 150, 13775 }, // U+0217
    { 21, 38, 350, 1, 27, 200, 13925 }, // U+0218
    { 17, 32, 298, 0, 21, 136, 14125 }, // U+0219
    { 22, 38, 347, 2, 27, 209, 14261 }, // U+021A
    { 14, 36, 221, 1, 25, 126, 14470 }, // U+021B
    { 10, 8, 0, 5, 31, 20, 0 }, // U+0300
    { 10, 8, 0, 3, 31, 20, 20 }, // U+0301
    { 13, 8, 0, 5, 31, 26, 40 }, // U+0302
    { 15, 5, 0, 4, 29, 19, 66 }, // U+0303
    { 12, 3, 0, 4, 28, 9, 85 }, // U+0304
    { 11, 7, 0, 5, 30, 20, 94 }, // U+0306
    { 6, 6, 0, 3, 29, 9, 114 }, // U+0307
    { 12, 6, 0, 5, 29, 18, 123 }, // U+0308
    { 8, 9, 0, 5, 31, 18, 141 }, // U+0309
    { 9, 8, 0, 5, 31, 18, 159 }, // U+030A
    { 12, 8, 0, 4, 31, 24, 177 }, // U+030B
    { 13, 8, 0, 5, 31, 26, 201 }, // U+030C
    { 12, 8, 0, 5, 31, 24, 227 }, // U+030F
    { 11, 6, 0, 4, 29, 17, 251 }, // U+0311
    { 7, 10, 0, 4, 33, 18, 268 }, // U+0312
    { 7, 9, 0, 1, 26, 16, 286 }, // U+031B
    { 5, 6, 0, 0, -2, 8, 302 }, // U+0323
    { 12, 6, 0, 0, -2, 18, 310 }, // U+0324
    { 6, 9, 0, -1, -2, 14, 328 }, // U+0326
    { 10, 9, 0, -1, 0, 23, 342 }, // U+0327
    { 10, 11, 0, -1, 2, 28, 365 }, // U+0328
    { 11, 7, 0, 0, -2, 20, 393 }, // U+032E
    { 11, 3, 0, 0, -3, 9, 413 }, // U+0331
    { 14, 3, 0, 2, 13, 11, 422 }, // U+0335
    { 0, 0, 0, 0, 0, 0, 433 }, // U+034F
    { 24, 28, 340, -2, 28, 168, 0 }, // U+03BB
    { 23, 35, 362, 0, 35, 202, 0 }, // U+0400
    { 23, 34, 362, 0, 34, 196, 202 }, // U+0401
    { 24, 28, 443, 2, 27, 168, 398 }, // U+0402
    { 23, 35, 329, 0, 35, 202, 566 }, // U+0403
    { 23, 28, 384, 2, 27, 161, 768 }, // U+0404
    { 21, 28, 350, 1, 27, 147, 929 }, // U+0405
    { 15, 27, 211, 0, 27, 102, 1076 }, // U+0406
    { 16, 34, 211, 0, 34, 136, 1178 }, // U+0407
    { 18, 33, 201, -4, 27, 149, 1314 }, // U+0408
    { 36, 28, 566, -2, 27, 252, 1463 }, // U+0409
    { 36, 27, 596, 0, 27, 243, 1715 }, // U+040A
    { 26, 27, 473, 2, 27, 176, 1958 }, // U+040B
    { 27, 35, 415, 0, 35, 237, 2134 }, // U+040C
    { 30, 35, 463, 0, 35, 263, 2371 }, // U+040D
    { 26, 35, 398, 2, 34, 228, 2634 }, // U+040E
    { 29, 34, 451, 0, 27, 247, 2862 }, // U+040F
    { 26, 27, 407, -2, 27, 176, 3109 }, // U+0410
    { 22, 27, 370, 0, 27, 149, 3285 }, // U+0411
    { 23, 27, 380, 0, 27, 156, 3434 }, // U+0412
    { 23, 27, 329, 0, 27, 156, 3590 }, // U+0413
    { 29, 34, 410, -3, 27, 247, 3746 }, // U+0414
    { 23, 27, 362, 0, 27, 156, 3993 }, // U+0415
    { 39, 27, 593, -1, 27, 264, 4149 }, // U+0416
    { 20, 28, 343, 0, 27, 140, 4413 }, // U+0417
    { 30, 27, 463, 0, 27, 203, 4553 }, // U+0418
    { 30, 34, 463, 0, 34, 255, 4756 }, // U+0419
    { 27, 27, 415, 0, 27, 183, 5011 }, // U+041A
    { 29, 28, 419, -2, 27, 203, 5194 }, // U+041B
    { 34, 27, 516, 0, 27, 230, 5397 }, // U+041C
    { 30, 27, 461, 0, 27, 203, 5627 }, // U+041D
    { 24, 28, 434, 2, 27, 168, 5830 }, // U+041E
    { 30, 27, 454, 0, 27, 203, 5998 }, // U+041F
    { 23, 27, 352, 0, 27, 156, 6201 }, // U+0420
    { 22, 28, 372, 2, 27, 154, 6357 }, // U+0421
    { 22, 27, 347, 2, 27, 149, 6511 }, // U+0422
    { 26, 28, 398, 2, 27, 182, 6660 }, // U+0423
    { 27, 29, 461, 1, 28, 196, 6842 }, // U+0424
    { 28, 27, 409, -1, 27, 189, 7038 }, // U+0425
    { 30, 34, 458, 0, 27, 255, 7227 }, // U+0426
    { 25, 27, 411, 2, 27, 169, 7482 }, // U+0427
    { 39, 27, 605, 0, 27, 264, 7651 }, // U+0428
    { 39, 34, 611, 0, 27, 332, 7915 }, // U+0429
    { 24, 27, 429, 2, 27, 162, 8247 }, // U+042A
    { 35, 27, 534, 0, 27, 237, 8409 }, // U+042B
    { 21, 27, 360, 0, 27, 142, 8646 }, // U+042C
    { 23, 28, 385, 0, 27, 161, 8788 }, // U+042D
    { 37, 28, 608, 0, 27, 259, 8949 }, // U+042E
    { 26, 27, 378, -1, 27, 176, 9208 }, // U+042F
    { 20, 22, 352, 1, 21, 110, 9384 }, // U+0430
    { 21, 31, 355, 2, 30, 163, 9494 }, // U+0431
    { 18, 22, 327, 1, 21, 99, 9657 }, // U+0432
    { 20, 20, 283, -1, 20, 100, 9756 }, // U+0433
    { 20, 31, 355, 1, 30, 155, 9856 }, // U+0434
    { 18, 22, 303, 1, 21, 99, 10011 }, // U+0435
    { 36, 22, 548, -1, 21, 198, 10110 }, // U+0436
    { 17, 22, 290, 0, 21, 94, 10308 }, // U+0437
    { 20, 22, 365, 1, 21, 110, 10402 }, // U+0438
    { 20, 31, 365, 1, 30, 155, 10512 }, // U+0439
    { 20, 21, 340, 2, 21, 105, 10667 }, // U+043A
    { 22, 21, 338, -2, 20, 116, 10772 }, // U+043B
    { 29, 22, 451, -2, 21, 160, 10888 }, // U+043C
    { 20, 22, 374, 2, 21, 110, 11048 }, // U+043D
    { 19, 22, 335, 1, 21, 105, 11158 }, // U+043E
    { 26, 21, 383, -1, 20, 137, 11263 }, // U+043F
    { 24, 30, 353, -3, 21, 180, 11400 }, // U+0440
    { 17, 22, 289, 1, 21, 94, 11580 }, // U+0441
    { 31, 22, 544, 2, 21, 171, 11674 }, // U+0442
    { 25, 30, 312, -3, 21, 188, 11845 }, // U+0443
    { 24, 39, 418, 1, 30, 234, 12033 }, // U+0444
    { 23, 21, 324, -2, 21, 121, 12267 }, // U+0445
    { 21, 28, 377, 1, 21, 147, 12388 }, // U+0446
    { 19, 22, 344, 1, 21, 105, 12535 }, // U+0447
    { 31, 22, 560, 1, 21, 171, 12640 }, // U+0448
    { 32, 28, 559, 1, 21, 224, 12811 }, // U+0449
    { 20, 20, 357, 1, 20, 100, 13035 }, // U+044A
    { 25, 22, 460, 2, 21, 138, 13135 }, // U+044B
    { 16, 21, 304, 2, 21, 84, 13273 }, // U+044C
    { 18, 22, 304, 0, 21, 99, 13357 }, // U+044D
    { 27, 22, 489, 2, 21, 149, 13456 }, // U+044E
    { 19, 22, 319, -1, 21, 105, 13605 }, // U+044F
    { 18, 32, 303, 1, 31, 144, 13710 }, // U+0450
    { 18, 30, 303, 1, 29, 135, 13854 }, // U+0451
    { 19, 39, 340, 1, 30, 186, 13989 }, // U+0452
    { 20, 31, 283, -1, 31, 155, 14175 }, // U+0453
    { 18, 22, 296, 1, 21, 99, 14330 }, // U+0454
    { 17, 22, 298, 0, 21, 94, 14429 }, // U+0455
    { 9, 30, 176, 2, 29, 68, 14523 }, // U+0456
    { 12, 30, 176, 2, 29, 90, 14591 }, // U+0457
    { 16, 38, 167, -5, 29, 152, 14681 }, // U+0458
    { 30, 21, 458, -2, 20, 158, 14833 }, // U+0459
    { 28, 22, 491, 2, 21, 154, 14991 }, // U+045A
    { 20, 31, 356, 1, 30, 155, 15145 }, // U+045B
    { 20, 31, 340, 2, 31, 155, 15300 }, // U+045C
    { 20, 32, 365, 1, 31, 160, 15455 }, // U+045D
    { 25, 39, 312, -3, 30, 244, 15615 }, // U+045E
    { 20, 30, 365, 1, 21, 150, 15859 }, // U+045F
    { 23, 27, 422, 2, 27, 156, 16009 }, // U+0462
    { 26, 22, 461, 2, 21, 143, 16165 }, // U+0463
    { 37, 27, 582, -2, 27, 250, 16308 }, // U+046A
    { 31, 20, 468, -2, 20, 155, 16558 }, // U+046B
    { 24, 28, 438, 2, 27, 168, 16713 }, // U+0472
    { 19, 22, 334, 1, 21, 105, 16881 }, // U+0473
    { 28, 28, 430, 2, 27, 196, 16986 }, // U+0474
    { 23, 22, 343, 1, 21, 127, 17182 }, // U+0475
    { 28, 37, 430, 2, 36, 259, 17309 }, // U+0476
    { 23, 32, 343, 1, 31, 184, 17568 }, // U+0477
    { 30, 34, 467, 0, 27, 255, 17752 }, // U+048A
    { 21, 37, 370, 1, 30, 195, 18007 }, // U+048B
    { 22, 27, 367, 0, 27, 149, 18202 }, // U+048C
    { 16, 30, 304, 2, 30, 120, 18351 }, // U+048D
    { 23, 27, 352, 0, 27, 156, 18471 }, // U+048E
    { 24, 30, 355, -3, 21, 180, 18627 }, // U+048F
    { 23, 33, 312, 0, 33, 190, 18807 }, // U+0490
    { 24, 33, 263, -5, 24, 198, 18997 }, // U+0491
    { 23, 27, 329, 0, 27, 156, 19195 }, // U+0492
    { 19, 20, 291, 1, 20, 95, 19351 }, // U+0493
    { 22, 30, 383, 0, 27, 165, 19446 }, // U+0494
    { 17, 29, 329, 2, 20, 124, 19611 }, // U+0495
    { 39, 34, 603, -1, 27, 332, 19735 }, // U+0496
    { 36, 28, 552, -1, 21, 252, 20067 }, // U+0497
    { 20, 34, 343, 0, 27, 170, 20319 }, // U+0498
    { 17, 28, 290, 0, 21, 119, 20489 }, // U+0499
    { 27, 34, 427, 0, 27, 230, 20608 }, // U+049A
    { 21, 27, 351, 1, 20, 142, 20838 }, // U+049B
    { 28, 27, 436, 0, 27, 189, 20980 }, // U+049C
    { 21, 21, 362, 2, 21, 111, 21169 }, // U+049D
    { 28, 27, 422, 0, 27, 189, 21280 }, // U+049E
    { 21, 30, 334, 1, 30, 158, 21469 }, // U+049F
    { 27, 27, 415, 0, 27, 183, 21627 }, // U+04A0
    { 25, 21, 398, 1, 21, 132, 21810 }, // U+04A1
    { 30, 34, 466, 0, 27, 255, 21942 }, // U+04A2
    { 21, 28, 385, 2, 21, 147, 22197 }, // U+04A3
    { 37, 27, 565, 0, 27, 250, 22344 }, // U+04A4
    { 29, 21, 480, 2, 20, 153, 22594 }, // U+04A5
    { 36, 32, 599, 0, 27, 288, 22747 }, // U+04A6
    { 28, 30, 509, 2, 21, 210, 23035 }, // U+04A7
    { 28, 28, 506, 2, 27, 196, 23245 }, // U+04A8
    { 23, 22, 419, 1, 21, 127, 23441 }, // U+04A9
    { 22, 34, 376, 2, 27, 187, 23568 }, // U+04AA
    { 17, 28, 290, 1, 21, 119, 23755 }, // U+04AB
    { 22, 34, 347, 2, 27, 187, 23874 }, // U+04AC
    { 32, 28, 566, 2, 21, 224, 24061 }, // U+04AD
    { 24, 27, 377, 2, 27, 162, 24285 }, // U+04AE
    { 21, 30, 318, 1, 21, 158, 24447 }, // U+04AF
    { 24, 27, 375, 2, 27, 162, 24605 }, // U+04B0
    { 21, 30, 320, 1, 21, 158, 24767 }, // U+04B1
    { 28, 34, 422, -1, 27, 238, 24925 }, // U+04B2
    { 23, 28, 332, -2, 21, 161, 25163 }, // U+04B3
    { 32, 34, 533, 2, 27, 272, 25324 }, // U+04B4
    { 25, 27, 442, 1, 20, 169, 25596 }, // U+04B5
    { 25, 34, 409, 2, 27, 213, 25765 }, // U+04B6
    { 20, 28, 356, 1, 21, 140, 25978 }, // U+04B7
    { 25, 27, 415, 2, 27, 169, 26118 }, // U+04B8
    { 19, 21, 349, 1, 20, 100, 26287 }, // U+04B9
    { 24, 27, 406, 0, 27, 162, 26387 }, // U+04BA
    { 20, 31, 356, 1, 30, 155, 26549 }, // U+04BB
    { 29, 28, 484, 1, 27, 203, 26704 }, // U+04BC
    { 22, 22, 373, 1, 21, 121, 26907 }, // U+04BD
    { 29, 34, 489, 1, 27, 247, 27028 }, // U+04BE
    { 22, 28, 373, 1, 21, 154, 27275 }, // U+04BF
    { 15, 27, 211, 0, 27, 102, 27429 }, // U+04C0
    { 39, 34, 593, -1, 34, 332, 27531 }, // U+04C1
    { 36, 31, 548, -1, 30, 279, 27863 }, // U+04C2
    { 27, 37, 404, 0, 27, 250, 28142 }, // U+04C3
    { 20, 30, 338, 2, 21, 150, 28392 }, // U+04C4
    { 29, 34, 421, -2, 27, 247, 28542 }, // U+04C5
    { 22, 27, 338, -2, 20, 149, 28789 }, // U+04C6
    { 30, 36, 454, 0, 27, 270, 28938 }, // U+04C7
    { 20, 30, 366, 2, 21, 150, 29208 }, // U+04C8
    { 30, 34, 465, 0, 27, 255, 29358 }, // U+04C9
    { 21, 28, 374, 2, 21, 147, 29613 }, // U+04CA
    { 25, 34, 407, 2, 27, 213, 29760 }, // U+04CB
    { 19, 28, 344, 1, 21, 133, 29973 }, // U+04CC
    { 34, 34, 521, 0, 27, 289, 30106 }, // U+04CD
    { 29, 28, 451, -2, 21, 203, 30395 }, // U+04CE
    { 9, 31, 167, 1, 30, 70, 30598 }, // U+04CF
    { 26, 34, 407, -2, 34, 221, 30668 }, // U+04D0
    { 20, 31, 352, 1, 30, 155, 30889 }, // U+04D1
    { 26, 34, 407, -2, 34, 221, 31044 }, // U+04D2
    { 20, 30, 352, 1, 29, 150, 31265 }, // U+04D3
    { 37, 27, 550, -2, 27, 250, 31415 }, // U+04D4
    { 30, 22, 481, 0, 21, 165, 31665 }, // U+04D5
    { 23, 34, 362, 0, 34, 196, 31830 }, // U+04D6
    { 19, 31, 303, 1, 30, 148, 32026 }, // U+04D7
    { 22, 28, 401, 2, 27, 154, 32174 }, // U+04D8
    { 18, 22, 304, 0, 21, 99, 32328 }, // U+04D9
    { 22, 35, 407, 2, 34, 193, 32427 }, // U+04DA
    { 18, 30, 303, 0, 29, 135, 32620 }, // U+04DB
    { 39, 34, 593, -1, 34, 332, 32755 }, // U+04DC
    { 36, 30, 548, -1, 29, 270, 33087 }, // U+04DD
    { 20, 35, 343, 0, 34, 175, 33357 }, // U+04DE
    { 17, 30, 290, 0, 29, 128, 33532 }, // U+04DF
    { 21, 28, 334, 0, 27, 147, 33660 }, // U+04E0
    { 21, 29, 284, -3, 20, 153, 33807 }, // U+04E1
    { 30, 32, 463, 0, 32, 240, 33960 }, // U+04E2
    { 20, 29, 365, 1, 28, 145, 34200 }, // U+04E3
    { 30, 34, 463, 0, 34, 255, 34345 }, // U+04E4
    { 20, 30, 365, 1, 29, 150, 34600 }, // U+04E5
    { 24, 35, 434, 2, 34, 210, 34750 }, // U+04E6
    { 19, 30, 335, 1, 29, 143, 34960 }, // U+04E7
    { 24, 28, 438, 2, 27, 168, 35103 }, // U+04E8
    { 19, 22, 334, 1, 21, 105, 35271 }, // U+04E9
    { 24, 35, 438, 2, 34, 210, 35376 }, // U+04EA
    { 19, 30, 334, 1, 29, 143, 35586 }, // U+04EB
    { 23, 35, 385, 0, 34, 202, 35729 }, // U+04EC
    { 18, 30, 304, 0, 29, 135, 35931 }, // U+04ED
    { 26, 33, 398, 2, 32, 215, 36066 }, // U+04EE
    { 25, 37, 312, -3, 28, 232, 36281 }, // U+04EF
    { 26, 35, 398, 2, 34, 228, 36513 }, // U+04F0
    { 25, 38, 312, -3, 29, 238, 36741 }, // U+04F1
    { 26, 37, 398, 2, 36, 241, 36979 }, // U+04F2
    { 25, 40, 312, -3, 31, 250, 37220 }, // U+04F3
    { 25, 34, 411, 2, 34, 213, 37470 }, // U+04F4
    { 19, 30, 344, 1, 29, 143, 37683 }, // U+04F5
    { 23, 34, 329, 0, 27, 196, 37826 }, // U+04F6
    { 17, 28, 287, 1, 21, 119, 38022 }, // U+04F7
    { 35, 34, 534, 0, 34, 298, 38141 }, // U+04F8
    { 25, 30, 460, 2, 29, 188, 38439 }, // U+04F9
    { 23, 36, 336, 0, 27, 207, 38627 }, // U+04FA
    { 20, 29, 291, 0, 20, 145, 38834 }, // U+04FB
    { 28, 37, 401, -1, 27, 259, 38979 }, // U+04FC
    { 23, 30, 312, -2, 21, 173, 39238 }, // U+04FD
    { 28, 27, 409, -1, 27, 189, 39411 }, // U+04FE
    { 24, 21, 328, -2, 21, 126, 39600 }, // U+04FF
    { 26, 35, 407, -2, 27, 228, 0 }, // U+1EA0
    { 20, 29, 352, 1, 21, 145, 228 }, // U+1EA1
    { 26, 36, 407, -2, 36, 234, 373 }, // U+1EA2
    { 20, 32, 352, 1, 31, 160, 607 }, // U+1EA3
    { 30, 38, 407, -2, 38, 285, 767 }, // U+1EA4
    { 23, 35, 352, 1, 34, 202, 1052 }, // U+1EA5
    { 27, 39, 407, -2, 39, 264, 1254 }, // U+1EA6
    { 20, 35, 352, 1, 34, 175, 1518 }, // U+1EA7
    { 29, 41, 407, -2, 41, 298, 1693 }, // U+1EA8
    { 23, 36, 352, 1, 35, 207, 1991 }, // U+1EA9
    { 26, 39, 407, -2, 39, 254, 2198 }, // U+1EAA
    { 20, 35, 352, 1, 34, 175, 2452 }, // U+1EAB
    { 26, 43, 407, -2, 35, 280, 2627 }, // U+1EAC
    { 20, 39, 352, 1, 31, 195, 2907 }, // U+1EAD
    { 26, 40, 407, -2, 40, 260, 3102 }, // U+1EAE
    { 20, 35, 352, 1, 34, 175, 3362 }, // U+1EAF
    { 26, 40, 407, -2, 40, 260, 3537 }, // U+1EB0
    { 20, 35, 352, 1, 34, 175, 3797 }, // U+1EB1
    { 26, 40, 407, -2, 40, 260, 3972 }, // U+1EB2
    { 20, 36, 352, 1, 35, 180, 4232 }, // U+1EB3
    { 26, 39, 407, -2, 39, 254, 4412 }, // U+1EB4
    { 20, 35, 352, 1, 34, 175, 4666 }, // U+1EB5
    { 26, 42, 407, -2, 34, 273, 4841 }, // U+1EB6
    { 20, 38, 352, 1, 30, 190, 5114 }, // U+1EB7
    { 23, 35, 362, 0, 27, 202, 5304 }, // U+1EB8
    { 18, 29, 303, 1, 21, 131, 5506 }, // U+1EB9
    { 23, 36, 362, 0, 36, 207, 5637 }, // U+1EBA
    { 18, 32, 303, 1, 31, 144, 5844 }, // U+1EBB
    { 23, 34, 362, 0, 34, 196, 5988 }, // U+1EBC
    { 19, 30, 303, 1, 29, 143, 6184 }, // U+1EBD
    { 26, 38, 362, 0, 38, 247, 6327 }, // U+1EBE
    { 22, 35, 303, 1, 34, 193, 6574 }, // U+1EBF
    { 23, 39, 362, 0, 39, 225, 6767 }, // U+1EC0
    { 20, 35, 303, 1, 34, 175, 6992 }, // U+1EC1
    { 25, 41, 362, 0, 41, 257, 7167 }, // U+1EC2
    { 22, 36, 303, 1, 35, 198, 7424 }, // U+1EC3
    { 23, 39, 362, 0, 39, 225, 7622 }, // U+1EC4
    { 19, 35, 303, 1, 34, 167, 7847 }, // U+1EC5
    { 23, 43, 362, 0, 35, 248, 8014 }, // U+1EC6
    { 18, 39, 303, 1, 31, 176, 8262 }, // U+1EC7
    { 15, 36, 211, 0, 36, 135, 8438 }, // U+1EC8
    { 11, 32, 176, 2, 31, 88, 8573 }, // U+1EC9
    { 15, 35, 211, 0, 27, 132, 8661 }, // U+1ECA
    { 11, 37, 176, 0, 29, 102, 8793 }, // U+1ECB
    { 24, 35, 434, 2, 27, 210, 8895 }, // U+1ECC
    { 19, 29, 335, 1, 21, 138, 9105 }, // U+1ECD
    { 24, 37, 434, 2, 36, 222, 9243 }, // U+1ECE
    { 19, 32, 335, 1, 31, 152, 9465 }, // U+1ECF
    { 27, 39, 434, 2, 38, 264, 9617 }, // U+1ED0
    { 23, 35, 335, 1, 34, 202, 9881 }, // U+1ED1
    { 24, 40, 434, 2, 39, 240, 10083 }, // U+1ED2
    { 20, 35, 335, 1, 34, 175, 10323 }, // U+1ED3
    { 26, 42, 434, 2, 41, 273, 10498 }, // U+1ED4
    { 23, 36, 335, 1, 35, 207, 10771 }, // U+1ED5
    { 24, 40, 434, 2, 39, 240, 10978 }, // U+1ED6
    { 20, 35, 335, 1, 34, 175, 11218 }, // U+1ED7
    { 24, 43, 434, 2, 35, 258, 11393 }, // U+1ED8
    { 19, 39, 335, 1, 31, 186, 11651 }, // U+1ED9
    { 27, 36, 439, 2, 35, 243, 11837 }, // U+1EDA
    { 21, 32, 343, 1, 31, 168, 12080 }, // U+1EDB
    { 27, 36, 439, 2, 35, 243, 12248 }, // U+1EDC
    { 21, 32, 343, 1, 31, 168, 12491 }, // U+1EDD
    { 27, 37, 439, 2, 36, 250, 12659 }, // U+1EDE
    { 21, 32, 343, 1, 31, 168, 12909 }, // U+1EDF
    { 27, 35, 439, 2, 34, 237, 13077 }, // U+1EE0
    { 21, 30, 343, 1, 29, 158, 13314 }, // U+1EE1
    { 27, 40, 439, 2, 32, 270, 13472 }, // U+1EE2
    { 21, 34, 343, 1, 26, 179, 13742 }, // U+1EE3
    { 26, 35, 436, 3, 27, 228, 13921 }, // U+1EE4
    { 20, 29, 365, 1, 21, 145, 14149 }, // U+1EE5
    { 26, 37, 436, 3, 36, 241, 14294 }, // U+1EE6
    { 20, 32, 365, 1, 31, 160, 14535 }, // U+1EE7
    { 27, 36, 441, 3, 35, 243, 14695 }, // U+1EE8
    { 24, 32, 365, 1, 31, 192, 14938 }, // U+1EE9
    { 27, 36, 441, 3, 35, 243, 15130 }, // U+1EEA
    { 24, 32, 365, 1, 31, 192, 15373 }, // U+1EEB
    { 27, 37, 441, 3, 36, 250, 15565 }, // U+1EEC
    { 24, 32, 365, 1, 31, 192, 15815 }, // U+1EED
    { 27, 35, 441, 3, 34, 237, 16007 }, // U+1EEE
    { 24, 30, 365, 1, 29, 180, 16244 }, // U+1EEF
    { 27, 40, 441, 3, 32, 270, 16424 }, // U+1EF0
    { 24, 34, 365, 1, 26, 204, 16694 }, // U+1EF1
    { 24, 35, 377, 2, 35, 210, 16898 }, // U+1EF2
    { 25, 40, 312, -3, 31, 250, 17108 }, // U+1EF3
    { 24, 35, 377, 2, 27, 210, 17358 }, // U+1EF4
    { 25, 30, 312, -3, 21, 188, 17568 }, // U+1EF5
    { 24, 36, 377, 2, 36, 216, 17756 }, // U+1EF6
    { 25, 40, 312, -3, 31, 250, 17972 }, // U+1EF7
    { 24, 34, 377, 2, 34, 204, 18222 }, // U+1EF8
    { 25, 38, 312, -3, 29, 238, 18426 }, // U+1EF9
    { 0, 0, 300, 0, 0, 0, 0 }, // U+2007
    { 0, 0, 137, 0, 0, 0, 0 }, // U+2008
    { 0, 0, 56, 0, 0, 0, 0 }, // U+2009
    { 0, 0, 60, 0, 0, 0, 0 }, // U+200A
    { 0, 0, 0, 0, 0, 0, 0 }, // U+200B
    { 0, 0, 0, 0, 0, 0, 0 }, // U+200C
    { 0, 0, 0, 0, 0, 0, 0 }, // U+200D
    { 0, 0, 0, 0, 0, 0, 0 }, // U+200E
    { 0, 0, 0, 0, 0, 0, 0 }, // U+200F
    { 12, 4, 242, 2, 13, 12, 0 }, // U+2010
    { 20, 3, 376, 2, 15, 15, 12 }, // U+2012
    { 18, 4, 349, 2, 13, 18, 27 }, // U+2013
    { 27, 4, 491, 2, 13, 27, 45 }, // U+2014
    { 27, 4, 491, 2, 13, 27, 72 }, // U+2015
    { 20, 9, 284, -4, -2, 45, 99 }, // U+2017
    { 6, 11, 117, 3, 30, 17, 144 }, // U+2018
    { 7, 10, 117, 2, 30, 18, 161 }, // U+2019
    { 7, 10, 117, -2, 4, 18, 179 }, // U+201A
    { 7, 11, 151, 3, 30, 20, 197 }, // U+201B
    { 13, 10, 217, 3, 30, 33, 217 }, // U+201C
    { 14, 10, 217, 2, 30, 35, 250 }, // U+201D
    { 14, 10, 217, -2, 4, 35, 285 }, // U+201E
    { 17, 29, 272, 1, 26, 124, 320 }, // U+2020
    { 17, 29, 272, 1, 26, 124, 444 }, // U+2021
    { 11, 11, 230, 2, 17, 31, 568 }, // U+2022
    { 16, 6, 361, 2, 5, 24, 599 }, // U+2025
    { 24, 6, 428, 0, 5, 36, 623 }, // U+2026
    { 0, 0, 0, 0, 0, 0, 659 }, // U+202A
    { 0, 0, 0, 0, 0, 0, 659 }, // U+202B
    { 0, 0, 0, 0, 0, 0, 659 }, // U+202C
    { 0, 0, 0, 0, 0, 0, 659 }, // U+202D
    { 0, 0, 0, 0, 0, 0, 659 }, // U+202E
    { 40, 28, 718, 3, 27, 280, 659 }, // U+2030
    { 8, 10, 173, 4, 29, 20, 939 }, // U+2032
    { 13, 10, 265, 4, 29, 33, 959 }, // U+2033
    { 10, 17, 174, 1, 19, 43, 992 }, // U+2039
    { 10, 17, 175, 0, 19, 43, 1035 }, // U+203A
    { 17, 28, 317, 2, 27, 119, 1078 }, // U+203C
    { 14, 3, 247, 2, 25, 11, 1197 }, // U+203E
    { 23, 28, 136, -7, 27, 161, 1208 }, // U+2044
    { 0, 0, 0, 0, 0, 0, 1369 }, // U+2060
    { 0, 0, 0, 0, 0, 0, 1369 }, // U+2061
    { 0, 0, 0, 0, 0, 0, 1369 }, // U+2062
    { 0, 0, 0, 0, 0, 0, 1369 }, // U+2063
    { 0, 0, 0, 0, 0, 0, 1369 }, // U+2064
    { 0, 0, 0, 0, 0, 0, 1369 }, // U+2066
    { 0, 0, 0, 0, 0, 0, 1369 }, // U+2067
    { 0, 0, 0, 0, 0, 0, 1369 }, // U+2068
    { 0, 0, 0, 0, 0, 0, 1369 }, // U+2069
    { 0, 0, 0, 0, 0, 0, 1369 }, // U+206A
    { 0, 0, 0, 0, 0, 0, 1369 }, // U+206B
    { 0, 0, 0, 0, 0, 0, 1369 }, // U+206C
    { 0, 0, 0, 0, 0, 0, 1369 }, // U+206D
    { 0, 0, 0, 0, 0, 0, 1369 }, // U+206E
    { 0, 0, 0, 0, 0, 0, 1369 }, // U+206F
    { 14, 18, 262, 3, 30, 63, 0 }, // U+2070
    { 13, 17, 213, 1, 30, 56, 63 }, // U+2074
    { 13, 17, 218, 2, 29, 56, 119 }, // U+2075
    { 13, 18, 234, 3, 30, 59, 175 }, // U+2076
    { 13, 16, 192, 2, 29, 52, 234 }, // U+2077
    { 14, 18, 242, 2, 30, 63, 286 }, // U+2078
    { 13, 18, 234, 2, 30, 59, 349 }, // U+2079
    { 16, 15, 286, 2, 27, 60, 408 }, // U+207F
    { 14, 18, 262, 0, 14, 63, 468 }, // U+2080
    { 9, 17, 164, -1, 14, 39, 531 }, // U+2081
    { 13, 17, 217, -1, 14, 56, 570 }, // U+2082
    { 13, 18, 228, -1, 14, 59, 626 }, // U+2083
    { 13, 17, 218, -1, 14, 56, 685 }, // U+2084
    { 13, 17, 218, -1, 13, 56, 741 }, // U+2085
    { 13, 18, 234, 0, 14, 59, 797 }, // U+2086
    { 12, 16, 192, 0, 13, 48, 856 }, // U+2087
    { 13, 18, 242, 0, 14, 59, 904 }, // U+2088
    { 13, 18, 234, 0, 14, 59, 963 }, // U+2089
    { 23, 38, 403, 2, 32, 219, 0 }, // U+20A1
    { 23, 27, 373, 1, 27, 156, 219 }, // U+20A3
    { 23, 27, 398, 1, 27, 156, 375 }, // U+20A4
    { 31, 27, 539, 2, 27, 210, 531 }, // U+20A6
    { 26, 27, 427, 1, 27, 176, 741 }, // U+20A7
    { 39, 28, 661, 3, 27, 273, 917 }, // U+20A9
    { 25, 35, 353, -1, 30, 219, 1190 }, // U+20AB
    { 24, 28, 430, 2, 27, 168, 1409 }, // U+20AC
    { 28, 27, 464, 1, 27, 189, 1577 }, // U+20AD
    { 21, 27, 392, 4, 27, 142, 1766 }, // U+20AE
    { 25, 27, 438, 2, 27, 169, 1908 }, // U+20B1
    { 25, 38, 443, 2, 32, 238, 2077 }, // U+20B2
    { 20, 28, 407, 3, 27, 140, 2315 }, // U+20B4
    { 23, 38, 402, 2, 32, 219, 2455 }, // U+20B5
    { 23, 27, 348, 1, 27, 156, 2674 }, // U+20B8
    { 21, 27, 374, 3, 27, 142, 2830 }, // U+20B9
    { 21, 27, 396, 2, 27, 142, 2972 }, // U+20BA
    { 32, 31, 558, 0, 31, 248, 3114 }, // U+20BC
    { 23, 27, 382, 2, 27, 156, 3362 }, // U+20BD
    { 18, 31, 293, 1, 30, 140, 0 }, // U+2113
    { 27, 25, 438, 2, 25, 169, 0 }, // U+2190
    { 25, 27, 401, 1, 27, 169, 169 }, // U+2191
    { 27, 25, 452, 1, 25, 169, 338 }, // U+2192
    { 24, 27, 387, 1, 27, 162, 507 }, // U+2193
    { 37, 25, 615, 1, 25, 232, 669 }, // U+2194
    { 27, 38, 417, 0, 32, 257, 901 }, // U+2195
    { 28, 40, 431, -1, 32, 280, 1158 }, // U+21A8
    { 19, 30, 353, 1, 29, 143, 0 }, // U+2202
    { 28, 29, 517, 3, 28, 203, 143 }, // U+2205
    { 23, 27, 391, -1, 27, 156, 346 }, // U+2206
    { 31, 36, 450, -2, 27, 279, 502 }, // U+220F
    { 25, 36, 336, -3, 27, 225, 781 }, // U+2211
    { 18, 4, 403, 4, 15, 18, 1006 }, // U+2212
    { 23, 28, 113, -7, 27, 161, 1024 }, // U+2215
    { 5, 6, 148, 2, 15, 8, 1185 }, // U+2219
    { 31, 34, 392, 0, 33, 264, 1193 }, // U+221A
    { 31, 16, 581, 3, 21, 124, 1457 }, // U+221E
    { 20, 20, 403, 3, 20, 100, 1581 }, // U+221F
    { 22, 27, 415, 2, 27, 149, 1681 }, // U+2229
    { 25, 43, 269, -5, 33, 269, 1830 }, // U+222B
    { 21, 15, 387, 2, 21, 79, 2099 }, // U+2248
    { 19, 22, 403, 4, 24, 105, 2178 }, // U+2260
    { 20, 16, 403, 3, 21, 80, 2283 }, // U+2261
    { 20, 22, 350, 1, 23, 110, 2363 }, // U+2264
    { 20, 22, 350, 1, 23, 110, 2473 }, // U+2265
    { 9, 25, 186, 1, 25, 57, 0 }, // U+2669
    { 14, 25, 271, 1, 25, 88, 57 }, // U+266A
    { 22, 27, 385, 1, 25, 149, 145 }, // U+266B
    { 22, 27, 385, 1, 25, 149, 294 }, // U+266C
    { 11, 24, 208, 1, 23, 66, 443 }, // U+266D
    { 11, 24, 214, 1, 16, 66, 509 }, // U+266E
    { 18, 32, 332, 1, 23, 144, 575 }, // U+266F
    { 27, 39, 362, -5, 30, 264, 0 }, // U+FB01
    { 28, 40, 365, -5, 30, 280, 264 }, // U+FB02
};

static const EpdUnicodeInterval bitter_18_italicIntervals[] = {
    { 0x0, 0x17F, 0x0 },
    { 0x1A0, 0x1A1, 0x180 },
    { 0x1AF, 0x1B0, 0x182 },
    { 0x1C4, 0x1DC, 0x184 },
    { 0x1E6, 0x1E7, 0x19D },
    { 0x1EA, 0x1EB, 0x19F },
    { 0x1F1, 0x1F3, 0x1A1 },
    { 0x1FA, 0x21B, 0x1A4 },
    { 0x300, 0x304, 0x1C6 },
    { 0x306, 0x30C, 0x1CB },
    { 0x30F, 0x30F, 0x1D2 },
    { 0x311, 0x312, 0x1D3 },
    { 0x31B, 0x31B, 0x1D5 },
    { 0x323, 0x324, 0x1D6 },
    { 0x326, 0x328, 0x1D8 },
    { 0x32E, 0x32E, 0x1DB },
    { 0x331, 0x331, 0x1DC },
    { 0x335, 0x335, 0x1DD },
    { 0x34F, 0x34F, 0x1DE },
    { 0x3BB, 0x3BB, 0x1DF },
    { 0x400, 0x45F, 0x1E0 },
    { 0x462, 0x463, 0x240 },
    { 0x46A, 0x46B, 0x242 },
    { 0x472, 0x477, 0x244 },
    { 0x48A, 0x4FF, 0x24A },
    { 0x1EA0, 0x1EF9, 0x2C0 },
    { 0x2007, 0x2010, 0x31A },
    { 0x2012, 0x2015, 0x324 },
    { 0x2017, 0x201E, 0x328 },
    { 0x2020, 0x2022, 0x330 },
    { 0x2025, 0x2026, 0x333 },
    { 0x202A, 0x202E, 0x335 },
    { 0x2030, 0x2030, 0x33A },
    { 0x2032, 0x2033, 0x33B },
    { 0x2039, 0x203A, 0x33D },
    { 0x203C, 0x203C, 0x33F },
    { 0x203E, 0x203E, 0x340 },
    { 0x2044, 0x2044, 0x341 },
    { 0x2060, 0x2064, 0x342 },
    { 0x2066, 0x2070, 0x347 },
    { 0x2074, 0x2079, 0x352 },
    { 0x207F, 0x2089, 0x358 },
    { 0x20A1, 0x20A1, 0x363 },
    { 0x20A3, 0x20A4, 0x364 },
    { 0x20A6, 0x20A7, 0x366 },
    { 0x20A9, 0x20A9, 0x368 },
    { 0x20AB, 0x20AE, 0x369 },
    { 0x20B1, 0x20B2, 0x36D },
    { 0x20B4, 0x20B5, 0x36F },
    { 0x20B8, 0x20BA, 0x371 },
    { 0x20BC, 0x20BD, 0x374 },
    { 0x2113, 0x2113, 0x376 },
    { 0x2190, 0x2195, 0x377 },
    { 0x21A8, 0x21A8, 0x37D },
    { 0x2202, 0x2202, 0x37E },
    { 0x2205, 0x2206, 0x37F },
    { 0x220F, 0x220F, 0x381 },
    { 0x2211, 0x2212, 0x382 },
    { 0x2215, 0x2215, 0x384 },
    { 0x2219, 0x221A, 0x385 },
    { 0x221E, 0x221F, 0x387 },
    { 0x2229, 0x2229, 0x389 },
    { 0x222B, 0x222B, 0x38A },
    { 0x2248, 0x2248, 0x38B },
    { 0x2260, 0x2261, 0x38C },
    { 0x2264, 0x2265, 0x38E },
    { 0x2669, 0x266F, 0x390 },
    { 0xFB01, 0xFB02, 0x397 },
};

static const EpdFontGroup bitter_18_italicGroups[] = {
    { 0, 5165, 12837, 128, 0 },
    { 5165, 4345, 15087, 128, 128 },
    { 9510, 5511, 23777, 128, 256 },
    { 15021, 4129, 15300, 70, 384 },
    { 19150, 337, 488, 25, 454 },
    { 19487, 112, 168, 1, 479 },
    { 19599, 10968, 41924, 224, 480 },
    { 30567, 3238, 19574, 90, 704 },
    { 33805, 706, 1497, 55, 794 },
    { 34511, 640, 1211, 18, 849 },
    { 35151, 1523, 3720, 19, 867 },
    { 36674, 103, 155, 1, 886 },
    { 36777, 588, 1497, 7, 887 },
    { 37365, 1119, 2718, 18, 894 },
    { 38484, 288, 803, 7, 912 },
    { 38772, 216, 553, 2, 919 },
};

static const uint16_t bitter_18_italicKernLeftCodepoints[] = {
    0x0021, 0x0022, 0x0024, 0x0026, 0x0027, 0x0028, 0x002C, 0x002D, 0x002E, 0x002F, 0x0030, 0x0031,
    0x0032, 0x0033, 0x0034, 0x0035, 0x0036, 0x0037, 0x0038, 0x0039, 0x003A, 0x003B, 0x003F, 0x0040,
    0x0041, 0x0042, 0x0043, 0x0044, 0x0045, 0x0046, 0x0047, 0x0048, 0x0049, 0x004A, 0x004B, 0x004C,
    0x004D, 0x004E, 0x004F, 0x0050, 0x0051, 0x0052, 0x0053, 0x0054, 0x0055, 0x0056, 0x0057, 0x0058,
    0x0059, 0x005A, 0x005B, 0x005C, 0x005F, 0x0061, 0x0062, 0x0063, 0x0064, 0x0065, 0x0066, 0x0067,
    0x0068, 0x0069, 0x006A, 0x006B, 0x006C, 0x006D, 0x006E, 0x006F, 0x0070, 0x0071, 0x0072, 0x0073,
    0x0074, 0x0075, 0x0076, 0x0077, 0x0078, 0x0079, 0x007A, 0x007B, 0x00A1, 0x00A2, 0x00A3, 0x00A5,
    0x00A7, 0x00A9, 0x00AB, 0x00AE, 0x00B3, 0x00B5, 0x00B7, 0x00BB, 0x00C0, 0x00C1, 0x00C2, 0x00C3,
    0x00C4, 0x00C5, 0x00C6, 0x00C7, 0x00C8, 0x00C9, 0x00CA, 0x00CB, 0x00CC, 0x00CD, 0x00CE, 0x00CF,
    0x00D0, 0x00D1, 0x00D2, 0x00D3, 0x00D4, 0x00D5, 0x00D6, 0x00D8, 0x00D9, 0x00DA, 0x00DB, 0x00DC,
    0x00DD, 0x00DE, 0x00DF, 0x00E0, 0x00E1, 0x00E2, 0x00E3, 0x00E4, 0x00E5, 0x00E6, 0x00E7, 0x00E8,
    0x00E9, 0x00EA, 0x00EB, 0x00EC, 0x00ED, 0x00EE, 0x00EF, 0x00F0, 0x00F1, 0x00F2, 0x00F3, 0x00F4,
    0x00F5, 0x00F6, 0x00F8, 0x00F9, 0x00FA, 0x00FB, 0x00FC, 0x00FD, 0x00FE, 0x00FF, 0x0100, 0x0101,
    0x0102, 0x0103, 0x0104, 0x0105, 0x0106, 0x0107, 0x0108, 0x0109, 0x010A, 0x010B, 0x010C, 0x010D,
    0x010E, 0x010F, 0x0110, 0x0111, 0x0112, 0x0113, 0x0114, 0x0115, 0x0116, 0x0117, 0x0118, 0x0119,
    0x011A, 0x011B, 0x011C, 0x011D, 0x011E, 0x011F, 0x0120, 0x0121, 0x0122, 0x0123, 0x0124, 0x0125,
    0x0126, 0x0127, 0x0128, 0x0129, 0x012A, 0x012B, 0x012C, 0x012D, 0x012E, 0x012F, 0x0130, 0x0131,
    0x0132, 0x0133, 0x0134, 0x0135, 0x0136, 0x0137, 0x0138, 0x0139, 0x013A, 0x013B, 0x013C, 0x013D,
    0x013E, 0x013F, 0x0140, 0x0141, 0x0142, 0x0143, 0x0144, 0x0145, 0x0146, 0x0147, 0x0148, 0x0149,
    0x014A, 0x014B, 0x014C, 0x014D, 0x014E, 0x014F, 0x0150, 0x0151, 0x0152, 0x0153, 0x0154, 0x0155,
    0x0156, 0x0157, 0x0158, 0x0159, 0x015A, 0x015B, 0x015C, 0x015D, 0x015E, 0x015F, 0x0160, 0x0161,
    0x0162, 0x0163, 0x0164, 0x0165, 0x0166, 0x0167, 0x0168, 0x0169, 0x016A, 0x016B, 0x016C, 0x016D,
    0x016E, 0x016F, 0x0170, 0x0171, 0x0172, 0x0173, 0x0174, 0x0175, 0x0176, 0x0177, 0x0178, 0x0179,
    0x017A, 0x017B, 0x017C, 0x017D, 0x017E, 0x017F, 0x01A0, 0x01A1, 0x01AF, 0x01B0, 0x01C4, 0x01C5,
    0x01C6, 0x01C7, 0x01C8, 0x01C9, 0x01CA, 0x01CB, 0x01CC, 0x01CD, 0x01CE, 0x01CF, 0x01D0, 0x01D1,
    0x01D2, 0x01D3, 0x01D4, 0x01D5, 0x01D6, 0x01D7, 0x01D8, 0x01D9, 0x01DA, 0x01DB, 0x01DC, 0x01E6,
    0x01E7, 0x01EA, 0x01EB, 0x01F1, 0x01F2, 0x01F3, 0x01FA, 0x01FB, 0x01FC, 0x01FD, 0x01FE, 0x01FF,
    0x0200, 0x0201, 0x0202, 0x0203, 0x0204, 0x0205, 0x0206, 0x0207, 0x0208, 0x0209, 0x020A, 0x020B,
    0x020C, 0x020D, 0x020E, 0x020F, 0x0210, 0x0211, 0x0212, 0x0213, 0x0214, 0x0215, 0x0216, 0x0217,
    0x0218, 0x0219, 0x021A, 0x021B, 0x0400, 0x0401, 0x0402, 0x0403, 0x0404, 0x0405, 0x0406, 0x0407,
    0x0408, 0x0409, 0x040A, 0x040B, 0x040C, 0x040D, 0x040E, 0x040F, 0x0410, 0x0411, 0x0412, 0x0413,
    0x0414, 0x0415, 0x0416, 0x0417, 0x0418, 0x0419, 0x041A, 0x041B, 0x041C, 0x041D, 0x041E, 0x041F,
    0x0420, 0x0421, 0x0422, 0x0423, 0x0424, 0x0425, 0x0426, 0x0427, 0x0428, 0x0429, 0x042A, 0x042B,
    0x042C, 0x042D, 0x042E, 0x042F, 0x0430, 0x0431, 0x0432, 0x0433, 0x0434, 0x0435, 0x0436, 0x0437,
    0x0438, 0x0439, 0x043A, 0x043B, 0x043C, 0x043D, 0x043E, 0x043F, 0x0440, 0x0441, 0x0442, 0x0443,
    0x0444, 0x0445, 0x0446, 0x0447, 0x0448, 0x0449, 0x044A, 0x044B, 0x044C, 0x044D, 0x044E, 0x044F,
    0x0450, 0x0451, 0x0452, 0x0453, 0x0454, 0x0455, 0x0456, 0x0457, 0x0458, 0x0459, 0x045A, 0x045B,
    0x045C, 0x045D, 0x045E, 0x045F, 0x0462, 0x0463, 0x046A, 0x046B, 0x0472, 0x0473, 0x0474, 0x0475,
    0x0476, 0x0477, 0x048A, 0x048B, 0x048C, 0x048D, 0x048E, 0x048F, 0x0490, 0x0491, 0x0492, 0x0493,
    0x0494, 0x0495, 0x0496, 0x0497, 0x0498, 0x0499, 0x049A, 0x049B, 0x049C, 0x049D, 0x049E, 0x049F,
    0x04A0, 0x04A1, 0x04A2, 0x04A3, 0x04A4, 0x04A5, 0x04A6, 0x04A7, 0x04A8, 0x04A9, 0x04AA, 0x04AB,
    0x04AC, 0x04AE, 0x04AF, 0x04B0, 0x04B1, 0x04B2, 0x04B3, 0x04B4, 0x04B5, 0x04B6, 0x04B7, 0x04B8,
    0x04B9, 0x04BA, 0x04BB, 0x04BC, 0x04BD, 0x04BE, 0x04BF, 0x04C0, 0x04C1, 0x04C2, 0x04C3, 0x04C4,
    0x04C5, 0x04C6, 0x04C7, 0x04C8, 0x04C9, 0x04CA, 0x04CB, 0x04CC, 0x04CD, 0x04CE, 0x04CF, 0x04D0,
    0x04D1, 0x04D2, 0x04D3, 0x04D4, 0x04D5, 0x04D6, 0x04D7, 0x04D8, 0x04D9, 0x04DA, 0x04DB, 0x04DC,
    0x04DD, 0x04DE, 0x04DF, 0x04E0, 0x04E1, 0x04E2, 0x04E3, 0x04E4, 0x04E5, 0x04E6, 0x04E7, 0x04E8,
    0x04E9, 0x04EA, 0x04EB, 0x04EC, 0x04ED, 0x04EE, 0x04EF, 0x04F0, 0x04F1, 0x04F2, 0x04F3, 0x04F4,
    0x04F5, 0x04F6, 0x04F8, 0x04F9, 0x04FA, 0x04FB, 0x04FC, 0x04FD, 0x04FE, 0x04FF, 0x1EA0, 0x1EA1,
    0x1EA2, 0x1EA3, 0x1EA4, 0x1EA5, 0x1EA6, 0x1EA7, 0x1EA8, 0x1EA9, 0x1EAA, 0x1EAB, 0x1EAC, 0x1EAD,
    0x1EAE, 0x1EAF, 0x1EB0, 0x1EB1, 0x1EB2, 0x1EB3, 0x1EB4, 0x1EB5, 0x1EB6, 0x1EB7, 0x1EB8, 0x1EB9,
    0x1EBA, 0x1EBB, 0x1EBC, 0x1EBD, 0x1EBE, 0x1EBF, 0x1EC0, 0x1EC1, 0x1EC2, 0x1EC3, 0x1EC4, 0x1EC5,
    0x1EC6, 0x1EC7, 0x1EC8, 0x1EC9, 0x1ECA, 0x1ECB, 0x1ECC, 0x1ECD, 0x1ECE, 0x1ECF, 0x1ED0, 0x1ED1,
    0x1ED2, 0x1ED3, 0x1ED4, 0x1ED5, 0x1ED6, 0x1ED7, 0x1ED8, 0x1ED9, 0x1EDA, 0x1EDB, 0x1EDC, 0x1EDD,
    0x1EDE, 0x1EDF, 0x1EE0, 0x1EE1, 0x1EE2, 0x1EE3, 0x1EE4, 0x1EE5, 0x1EE6, 0x1EE7, 0x1EE8, 0x1EE9,
    0x1EEA, 0x1EEB, 0x1EEC, 0x1EED, 0x1EEE, 0x1EEF, 0x1EF0, 0x1EF1, 0x1EF2, 0x1EF3, 0x1EF4, 0x1EF5,
    0x1EF6, 0x1EF7, 0x1EF8, 0x1EF9, 0x2010, 0x2013, 0x2014, 0x2015, 0x2017, 0x2018, 0x2019, 0x201A,
    0x201B, 0x201C, 0x201D, 0x201E, 0x2025, 0x2026, 0x2039, 0x203A, 0x203C, 0x2070, 0x2075, 0x2077,
    0x2079, 0x20A1, 0x20A3, 0x20A6, 0x20A7, 0x20A9, 0x20AB, 0x20AC, 0x20AD, 0x20AE, 0x20B1, 0x20B2,
    0x20B4, 0x20B5, 0x20B8, 0x20B9, 0x20BD, 0x2206, 0x220F, 0xFB01, 0xFB02,
};

static const uint8_t bitter_18_italicKernLeftClassIds[] = {
      1,   2,   3,   4,   2,   5,   6,   7,   6,   8,   9,  10,  11,  12,  13,  14,
     15,  16,  17,  18,  19,  19,  20,  21,  22,  23,  24,  21,  25,  26,  27,  28,
     28,  29,  30,  31,  28,  28,  21,  32,  33,  34,   3,  35,  29,  36,  36,  30,
     37,  38,  39,  40,  41,  42,  43,  44,  45,  46,  47,  48,  42,  45,  48,  49,
     45,  42,  42,  43,  43,  50,  51,  52,  53,  54,  55,  55,  49,  55,  56,  57,
     58,  44,  59,  37,   3,  21,  60,  43,  61,  54,   7,  62,  22,  22,  22,  22,
     22,  22,  25,  24,  25,  25,  25,  25,  28,  28,  28,  63,  21,  28,  21,  21,
     21,  21,  21,  21,  29,  29,  29,  29,  37,  32,  64,  42,  42,  42,  42,  42,
     42,  46,  65,  46,  46,  46,  46,  66,  67,  68,  69,  43,  42,  43,  43,  43,
     43,  43,  43,  54,  54,  54,  54,  55,  43,  55,  22,  42,  22,  42,  70,  42,
     24,  44,  24,  71,  24,  44,  24,  71,  21,  72,  21,  73,  25,  46,  25,  46,
     25,  46,  74,  46,  25,  46,  27,  48,  27,  48,  27,  48,  27,  48,  28,  42,
     28,  42,  28,  75,  28,  76,  28,  77,  28,  78,  28,  45,  29,  45,  29,  79,
     30,  49,  49,  31,  45,  31,  45,  80,  72,  31,  81,  31,  82,  28,  42,  28,
     42,  28,  42,  42,  29,  48,  21,  43,  21,  43,  21,  43,  25,  46,  34,  51,
     34,  51,  34,  51,   3,  83,   3,  83,   3,  83,   3,  83,  35,  53,  35,  84,
     35,  53,  29,  54,  29,  54,  29,  54,  29,  54,  29,  54,  29,  54,  85,  55,
     37,  55,  37,  38,  56,  38,  56,  38,  56,  47,  86,  87,  88,  89,  38,  56,
     56,  29,  48,  48,  29,  48,  48,  22,  42,  28,  90,  21,  43,  29,  54,  29,
     54,  29,  54,  29,  54,  29,  54,  27,  48,  21,  43,  38,  56,  56,  22,  42,
     25,  46,  21,  43,  22,  42,  22,  42,  25,  46,  25,  46,  28,  91,  28,  92,
     21,  43,  21,  43,  34,  51,  34,  51,  29,  54,  29,  54,   3,  83,  35,  53,
     25,  25,  93,  94,  24,   3,  28,  95,  96,  97,  97,  98,  30,  28,  99,  28,
     22, 100,  23, 101, 102,  25,  30,  23,  28,  28,  30,  28,  28,  28,  21,  28,
     32,  24,  35,  99, 103,  30, 102,  28,  28, 102,  97,  28,  97,  21,  21,  28,
     42,  43,  46,  51, 104,  46,  44, 105,  54,  54,  49,  54,  54,  54,  43,  54,
     43,  44,  42,  55,  43,  49, 106,  54,  54, 107, 108,  54, 108,  43,  43,  54,
     46,  46,  48,  51,  44,  83,  45, 109,  48, 108, 108,  42,  49,  54,  55,  54,
     97, 108, 110,  49,  21,  43,  99,  55,  99,  55, 102, 107,  97, 111,  32,  43,
    112, 113,  35,  51, 114,  42, 115, 107,  23, 105, 116, 117,  30,  49,  30,  49,
     30,  49, 102, 118,  35,  51,  98,  48, 119,  43,  24,  44,  35,  37,  55,  37,
     55, 120, 121, 102, 107, 102, 107,  28,  54,  98,  42,  21,  46, 122,  46,  28,
     30,  44, 123, 124, 102,  54,  29,  54, 102, 107,  28,  54, 102, 107,  45,  22,
     42,  22,  42,  25,  46,  25,  46,  21,  43,  21,  43,  30,  44,  23, 105,  23,
    105,  28,  54,  28,  54,  21,  43,  21,  43,  21,  43,  21,  43,  99,  55,  99,
     55,  99,  55,  28,  54,  35,  28,  54,  35,  51, 125, 126,  30,  49,  22,  42,
     22,  42, 127,  42,  22,  42,  22,  42,  22,  42,  22,  42,  22,  42,  22,  42,
     22,  42,  22,  42,  22,  42,  25,  46,  25,  46,  25,  46,  25,  46,  25,  46,
     25,  46,  25,  46,  25,  46,  28, 128,  28,  45,  21,  43,  21,  43,  21,  43,
     21,  43,  21,  43,  21,  43,  21,  43, 129,  87, 129,  87, 129,  87, 129,  87,
    129,  87,  29,  54,  29,  54,  88,  89,  88,  89,  88,  89, 130,  89,  88,  89,
     37,  55,  37, 131,  37,  55,  37,  55,   7,   7,   7,   7,  41,   2,   2,   6,
      2,   2,   2,   6,   6,   6,  60,  62,   1, 132, 133, 134, 133,  24,  26,  28,
     32,  99,  73,  24,  30,  35,  32,  27,   3,  24,  35,  34,  32,  22,  28,  45,
     45,
};

static const uint16_t bitter_18_italicKernRightCodepoints[] = {
    0x0021, 0x0022, 0x0024, 0x0026, 0x0027, 0x0029, 0x002A, 0x002C, 0x002D, 0x002E, 0x002F, 0x0030,
    0x0031, 0x0032, 0x0033, 0x0034, 0x0035, 0x0036, 0x0037, 0x0038, 0x0039, 0x003A, 0x003B, 0x003F,
    0x0040, 0x0041, 0x0042, 0x0043, 0x0044, 0x0045, 0x0046, 0x0047, 0x0048, 0x0049, 0x004A, 0x004B,
    0x004C, 0x004D, 0x004E, 0x004F, 0x0050, 0x0051, 0x0052, 0x0053, 0x0054, 0x0055, 0x0056, 0x0057,
    0x0058, 0x0059, 0x005A, 0x005C, 0x005D, 0x005F, 0x0061, 0x0062, 0x0063, 0x0064, 0x0065, 0x0066,
    0x0067, 0x0068, 0x0069, 0x006A, 0x006B, 0x006C, 0x006D, 0x006E, 0x006F, 0x0070, 0x0071, 0x0072,
    0x0073, 0x0074, 0x0075, 0x0076, 0x0077, 0x0078, 0x0079, 0x007A, 0x007C, 0x007D, 0x00A1, 0x00A2,
    0x00A5, 0x00A6, 0x00A7, 0x00A9, 0x00AB, 0x00AE, 0x00B0, 0x00B5, 0x00B7, 0x00BB, 0x00BF, 0x00C0,
    0x00C1, 0x00C2, 0x00C3, 0x00C4, 0x00C5, 0x00C6, 0x00C7, 0x00C8, 0x00C9, 0x00CA, 0x00CB, 0x00CC,
    0x00CD, 0x00CE, 0x00CF, 0x00D0, 0x00D1, 0x00D2, 0x00D3, 0x00D4, 0x00D5, 0x00D6, 0x00D8, 0x00D9,
    0x00DA, 0x00DB, 0x00DC, 0x00DD, 0x00DE, 0x00DF, 0x00E0, 0x00E1, 0x00E2, 0x00E3, 0x00E4, 0x00E5,
    0x00E7, 0x00E8, 0x00E9, 0x00EA, 0x00EB, 0x00EC, 0x00ED, 0x00EE, 0x00EF, 0x00F0, 0x00F1, 0x00F2,
    0x00F3, 0x00F4, 0x00F5, 0x00F6, 0x00F8, 0x00F9, 0x00FA, 0x00FB, 0x00FC, 0x00FD, 0x00FE, 0x00FF,
    0x0100, 0x0101, 0x0102, 0x0103, 0x0104, 0x0105, 0x0106, 0x0107, 0x0108, 0x0109, 0x010A, 0x010B,
    0x010C, 0x010D, 0x010E, 0x010F, 0x0110, 0x0111, 0x0112, 0x0113, 0x0114, 0x0115, 0x0116, 0x0117,
    0x0118, 0x0119, 0x011A, 0x011B, 0x011C, 0x011D, 0x011E, 0x011F, 0x0120, 0x0121, 0x0122, 0x0123,
    0x0124, 0x0125, 0x0126, 0x0127, 0x0128, 0x0129, 0x012A, 0x012B, 0x012C, 0x012D, 0x012E, 0x012F,
    0x0130, 0x0131, 0x0132, 0x0133, 0x0134, 0x0135, 0x0136, 0x0137, 0x0138, 0x0139, 0x013A, 0x013B,
    0x013C, 0x013D, 0x013E, 0x013F, 0x0140, 0x0141, 0x0142, 0x0143, 0x0144, 0x0145, 0x0146, 0x0147,
    0x0148, 0x0149, 0x014A, 0x014B, 0x014C, 0x014D, 0x014E, 0x014F, 0x0150, 0x0151, 0x0152, 0x0153,
    0x0154, 0x0155, 0x0156, 0x0157, 0x0158, 0x0159, 0x015A, 0x015B, 0x015C, 0x015D, 0x015E, 0x015F,
    0x0160, 0x0161, 0x0162, 0x0163, 0x0164, 0x0165, 0x0166, 0x0167, 0x0168, 0x0169, 0x016A, 0x016B,
    0x016C, 0x016D, 0x016E, 0x016F, 0x0170, 0x0171, 0x0172, 0x0173, 0x0174, 0x0175, 0x0176, 0x0177,
    0x0178, 0x0179, 0x017A, 0x017B, 0x017C, 0x017D, 0x017E, 0x017F, 0x01A0, 0x01A1, 0x01AF, 0x01B0,
    0x01C4, 0x01C5, 0x01C6, 0x01C7, 0x01C8, 0x01C9, 0x01CB, 0x01CC, 0x01CD, 0x01CE, 0x01CF, 0x01D0,
    0x01D1, 0x01D2, 0x01D3, 0x01D4, 0x01D5, 0x01D6, 0x01D7, 0x01D8, 0x01D9, 0x01DA, 0x01DB, 0x01DC,
    0x01E6, 0x01E7, 0x01EA, 0x01EB, 0x01F1, 0x01F2, 0x01F3, 0x01FA, 0x01FB, 0x01FC, 0x01FE, 0x01FF,
    0x0200, 0x0201, 0x0202, 0x0203, 0x0204, 0x0205, 0x0206, 0x0207, 0x0208, 0x0209, 0x020A, 0x020B,
    0x020C, 0x020D, 0x020E, 0x020F, 0x0210, 0x0211, 0x0212, 0x0213, 0x0214, 0x0215, 0x0216, 0x0217,
    0x0218, 0x0219, 0x021A, 0x021B, 0x0400, 0x0401, 0x0402, 0x0403, 0x0404, 0x0405, 0x0406, 0x0407,
    0x0408, 0x0409, 0x040A, 0x040B, 0x040C, 0x040D, 0x040E, 0x040F, 0x0410, 0x0411, 0x0412, 0x0413,
    0x0414, 0x0415, 0x0416, 0x0417, 0x0418, 0x0419, 0x041A, 0x041B, 0x041C, 0x041D, 0x041E, 0x041F,
    0x0420, 0x0421, 0x0422, 0x0423, 0x0424, 0x0425, 0x0426, 0x0427, 0x0428, 0x0429, 0x042A, 0x042B,
    0x042C, 0x042D, 0x042E, 0x042F, 0x0430, 0x0431, 0x0432, 0x0433, 0x0434, 0x0435, 0x0436, 0x0437,
    0x0438, 0x0439, 0x043A, 0x043B, 0x043C, 0x043D, 0x043E, 0x043F, 0x0440, 0x0441, 0x0442, 0x0443,
    0x0444, 0x0445, 0x0446, 0x0447, 0x0448, 0x0449, 0x044A, 0x044B, 0x044C, 0x044D, 0x044E, 0x044F,
    0x0450, 0x0451, 0x0452, 0x0453, 0x0454, 0x0455, 0x0456, 0x0457, 0x0458, 0x0459, 0x045A, 0x045B,
    0x045C, 0x045D, 0x045E, 0x045F, 0x0463, 0x046A, 0x046B, 0x0472, 0x0473, 0x0474, 0x0475, 0x0476,
    0x0477, 0x048A, 0x048B, 0x048C, 0x048D, 0x048E, 0x048F, 0x0490, 0x0491, 0x0492, 0x0493, 0x0494,
    0x0495, 0x0496, 0x0497, 0x0498, 0x0499, 0x049A, 0x049B, 0x049C, 0x049D, 0x049E, 0x049F, 0x04A0,
    0x04A1, 0x04A2, 0x04A3, 0x04A4, 0x04A5, 0x04A6, 0x04A7, 0x04A8, 0x04A9, 0x04AA, 0x04AB, 0x04AC,
    0x04AD, 0x04AE, 0x04AF, 0x04B0, 0x04B1, 0x04B2, 0x04B3, 0x04B4, 0x04B5, 0x04B6, 0x04B7, 0x04B8,
    0x04B9, 0x04BA, 0x04BB, 0x04BC, 0x04BD, 0x04BE, 0x04BF, 0x04C0, 0x04C1, 0x04C2, 0x04C3, 0x04C4,
    0x04C5, 0x04C6, 0x04C7, 0x04C8, 0x04C9, 0x04CA, 0x04CB, 0x04CC, 0x04CD, 0x04CE, 0x04CF, 0x04D0,
    0x04D1, 0x04D2, 0x04D3, 0x04D4, 0x04D6, 0x04D7, 0x04D8, 0x04D9, 0x04DA, 0x04DB, 0x04DC, 0x04DD,
    0x04DE, 0x04DF, 0x04E0, 0x04E1, 0x04E2, 0x04E3, 0x04E4, 0x04E5, 0x04E6, 0x04E7, 0x04E8, 0x04E9,
    0x04EA, 0x04EB, 0x04EC, 0x04ED, 0x04EE, 0x04EF, 0x04F0, 0x04F1, 0x04F2, 0x04F3, 0x04F4, 0x04F5,
    0x04F6, 0x04F8, 0x04F9, 0x04FA, 0x04FB, 0x04FC, 0x04FD, 0x04FE, 0x04FF, 0x1EA0, 0x1EA1, 0x1EA2,
    0x1EA3, 0x1EA4, 0x1EA5, 0x1EA6, 0x1EA7, 0x1EA8, 0x1EA9, 0x1EAA, 0x1EAB, 0x1EAC, 0x1EAD, 0x1EAE,
    0x1EAF, 0x1EB0, 0x1EB1, 0x1EB2, 0x1EB3, 0x1EB4, 0x1EB5, 0x1EB6, 0x1EB7, 0x1EB8, 0x1EB9, 0x1EBA,
    0x1EBB, 0x1EBC, 0x1EBD, 0x1EBE, 0x1EBF, 0x1EC0, 0x1EC1, 0x1EC2, 0x1EC3, 0x1EC4, 0x1EC5, 0x1EC6,
    0x1EC7, 0x1EC8, 0x1EC9, 0x1ECA, 0x1ECB, 0x1ECC, 0x1ECD, 0x1ECE, 0x1ECF, 0x1ED0, 0x1ED1, 0x1ED2,
    0x1ED3, 0x1ED4, 0x1ED5, 0x1ED6, 0x1ED7, 0x1ED8, 0x1ED9, 0x1EDA, 0x1EDB, 0x1EDC, 0x1EDD, 0x1EDE,
    0x1EDF, 0x1EE0, 0x1EE1, 0x1EE2, 0x1EE3, 0x1EE4, 0x1EE5, 0x1EE6, 0x1EE7, 0x1EE8, 0x1EE9, 0x1EEA,
    0x1EEB, 0x1EEC, 0x1EED, 0x1EEE, 0x1EEF, 0x1EF0, 0x1EF1, 0x1EF2, 0x1EF3, 0x1EF4, 0x1EF5, 0x1EF6,
    0x1EF7, 0x1EF8, 0x1EF9, 0x2010, 0x2013, 0x2014, 0x2015, 0x2017, 0x2018, 0x2019, 0x201A, 0x201B,
    0x201C, 0x201D, 0x201E, 0x2025, 0x2026, 0x2039, 0x203A, 0x203C, 0x2044, 0x20A1, 0x20A3, 0x20A6,
    0x20A7, 0x20A9, 0x20AB, 0x20AC, 0x20AD, 0x20AE, 0x20B1, 0x20B2, 0x20B4, 0x20B5, 0x20B8, 0x20BD,
    0x2206, 0x220F, 0x221A, 0xFB01, 0xFB02,
};

static const uint8_t bitter_18_italicKernRightClassIds[] = {
      1,   2,   3,   4,   2,   5,   6,   7,   8,   7,   9,  10,  11,  12,  13,  14,
     15,  16,  17,   4,  18,  19,  19,  20,  21,  22,  23,  21,  23,  23,  23,  21,
     23,  23,  24,  23,  23,  23,  23,  21,  23,  21,  23,   3,  25,  26,  27,  27,
     28,  29,  30,  31,  32,  33,  34,  35,  34,  34,  34,  36,  34,  37,  38,  39,
     37,  37,  38,  38,  34,  40,  34,  38,  41,  42,  43,  44,  44,  45,  46,  47,
     48,  49,  50,  34,  29,  48,   3,  21,  51,  34,  52,  38,   8,  53,  54,  22,
     22,  22,  22,  22,  22,  22,  21,  23,  23,  23,  23,  23,  23,  55,  56,  23,
     23,  21,  21,  21,  21,  21,  21,  26,  26,  26,  26,  29,  23,  36,  34,  34,
     34,  34,  34,  34,  34,  34,  34,  34,  34,  57,  58,  59,  60,  34,  38,  34,
     34,  34,  34,  34,  61,  43,  43,  43,  43,  46,  62,  46,  22,  34,  22,  34,
     22,  34,  21,  34,  21,  34,  21,  34,  21,  63,  23,  34,  23,  34,  23,  34,
     23,  34,  23,  34,  23,  34,  23,  34,  21,  34,  21,  34,  21,  34,  21,  34,
     23,  37,  23,  37,  55,  64,  23,  65,  66,  67,  23,  38,  23,  38,  23,  38,
     24,  68,  23,  37,  38,  23,  37,  23,  37,  23,  37,  23,  37,  23,  69,  23,
     38,  23,  38,  23,  38,  70,  23,  38,  21,  34,  21,  34,  21,  34,  21,  34,
     23,  38,  23,  38,  23,  38,   3,  41,   3,  41,   3,  41,   3,  71,  25,  42,
     25,  42,  25,  42,  26,  43,  26,  43,  26,  43,  26,  43,  26,  43,  26,  43,
     27,  44,  29,  46,  29,  30,  47,  30,  47,  30,  72,  36,  21,  34,  26,  43,
     23,  23,  34,  23,  23,  37,  23,  38,  22,  34,  66,  73,  21,  34,  26,  43,
     26,  43,  26,  43,  26,  43,  26,  43,  21,  34,  21,  34,  23,  23,  34,  22,
     34,  22,  21,  34,  22,  74,  22,  34,  23,  74,  23,  34,  55,  75,  76,  77,
     21,  78,  21,  34,  23,  38,  23,  38,  26,  43,  26,  43,   3,  41,  25,  42,
     23,  23,  25,  23,  21,   3,  23,  79,  80,  81,  23,  25,  23,  23,  29,  23,
     22,  23,  23,  23,  82,  23,  83,  13,  23,  23,  23,  81,  23,  23,  21,  23,
     23,  21,  25,  84,  21,  28,  23,  85,  23,  23,  25,  23,  23,  86,  23,  87,
     34,  21,  34,  38,  88,  34,  89,  90,  43,  43,  38,  91,  91,  38,  34,  38,
     38,  34,  38,  46,  34,  45,  43,  92,  43,  43,  93,  38,  38,  94,  38,  95,
     34,  34,  37,  38,  34,  41,  38,  96,  36,  91,  38,  37,  38,  43,  46,  43,
     38,  97,  98,  21,  34,  27,  44,  27,  44,  23,  43,  23,  99,  23,  38,  23,
     36,  23,  38,  23,  38,  28, 100,  13,  90,  23,  38,  23,  38,  23,  37,  23,
    101,  23,  38,  23,  38,  23,  38,  21,  34,  21,  34,  25,  38,  29,  44,  29,
     44,  28,  45,  25,  93,  85,  92,  85,  92,  23,  37, 102, 103, 102, 103,  23,
     28, 104,  23,  38,  81,  91,  23,  38,  23,  38,  85,  92,  23,  38, 105,  22,
     34,  22,  34,  22,  23,  34, 106,  34, 106,  34,  28, 104,  13,  90,  13, 107,
     23,  38,  23,  38,  21,  34,  21,  34,  21,  34,  86,  94,  29,  46,  29,  46,
     29,  46,  85,  92,  23,  23,  38,  23,  38,  28,  45,  28,  45,  22,  34,  22,
     34,  22,  34,  22,  34,  22,  34,  22,  34,  22,  34,  22,  34,  22,  34,  22,
     34,  22,  34,  22,  34,  23,  34,  23,  34,  23,  34,  23,  34,  23,  34,  23,
     34,  23,  34,  23,  34,  23,  38,  23,  38,  21,  34,  21,  34,  21,  34,  21,
     34,  21,  34,  21,  34,  21,  34,  21,  34,  21,  34,  21,  34,  21, 108,  21,
     34,  26,  43,  26,  43,  26,  43,  26,  43,  26,  43,  26,  43,  26,  43,  29,
     46,  29,  46,  29,  46,  29,  46,   8,   8,   8,   8,  33,   2,   2,   7,   2,
      2,   2,   7,   7,   7,  51,  53,   1, 109,  21,  23,  23,  23,  27,  34,  21,
     23,  25,  23,  21,   3,  21,  25,  23,  22,  23,  44,  36,  36,
};

static const uint16_t bitter_18_italicKernRowOffsets[] = {
        0,     1,    37,    82,   112,   135,   183,   210,   271,   274,   280,   281,   291,   295,   302,   309,
      322,   331,   335,   346,   356,   411,   492,   557,   617,   664,   726,   754,   792,   846,   918,   961,
     1032,  1094,  1141,  1211,  1295,  1362,  1407,  1432,  1440,  1450,  1465,  1491,  1529,  1548,  1559,  1601,
     1612,  1664,  1685,  1731,  1736,  1756,  1777,  1821,  1830,  1848,  1849,  1851,  1852,  1853,  1854,  1896,
     1930,  1968,  1990,  2016,  2039,  2066,  2147,  2185,  2228,  2237,  2286,  2312,  2335,  2361,  2380,  2394,
     2402,  2409,  2412,  2417,  2443,  2527,  2554,  2575,  2586,  2613,  2639,  2662,  2688,  2753,  2831,  2870,
     2921,  2947,  3001,  3085,  3150,  3228,  3275,  3330,  3386,  3411,  3456,  3501,  3536,  3554,  3626,  3634,
     3693,  3739,  3793,  3840,  3892,  3944,  3981,  4036,  4083,  4135,  4136,  4208,  4212,  4284,  4336,  4417,
     4437,  4461,  4474,  4518,  4519,  4520,  4521,
};

static const uint8_t bitter_18_italicKernSparseCols[] = {
     21,   6,  20,  21,  22,  24,  27,  33,  34,  36,  40,  44,  54,  55,  60,  61,
     62,  65,  70,  73,  75,  77,  78,  80,  81,  82,  85,  86,  87,  90,  94,  95,
     96,  97, 104, 105, 107,   6,  10,  12,  16,  21,  22,  24,  26,  27,  28,  29,
     33,  37,  39,  41,  42,  43,  44,  45,  54,  55,  56,  57,  58,  59,  60,  62,
     63,  64,  65,  66,  72,  73,  74,  75,  76,  77,  78,  82,  83,  87,  92,  96,
     97, 107,   2,  20,  21,  26,  27,  28,  33,  34,  36,  40,  42,  43,  44,  45,
     46,  60,  61,  62,  68,  70,  71,  73,  77,  82,  83,  87,  96,  97, 105, 107,
      8,  23,  24,  30,  32,  33,  35,  38,  60,  62,  67,  73,  77,  79,  80,  81,
     84,  85,  86,  87,  91, 101, 107,   1,   9,  10,  11,  13,  15,  16,  17,  20,
     21,  23,  24,  26,  27,  28,  33,  37,  39,  43,  44,  45,  50,  56,  57,  58,
     59,  60,  62,  63,  64,  66,  72,  73,  74,  76,  77,  79,  81,  82,  83,  84,
     87,  91,  96,  97, 100, 105, 107,  10,  11,  12,  13,  14,  16,  17,  21,  24,
     26,  27,  44,  45,  52,  80,  81,  82,  84,  85,  86,  89,  90,  91,  94,  96,
     97, 106,   4,   8,  20,  21,  22,  23,  24,  25,  26,  27,  28,  30,  31,  33,
     34,  36,  37,  39,  44,  45,  48,  54,  55,  56,  57,  58,  59,  60,  61,  62,
     63,  64,  65,  66,  72,  73,  74,  75,  76,  77,  78,  79,  80,  81,  82,  83,
     84,  85,  86,  87,  89,  90,  91,  93,  94,  96,  97, 100, 105, 106, 107,   6,
     10,  51,   6,   8,  16,  21,  51,  81,  16,   6,  14,  16,  22,  51,  54,  55,
     65,  75,  78,   7,  13,  16,  51,   6,  10,  11,  12,  16,  17,  51,  10,  11,
     12,  13,  14,  16,  51,   3,   6,   7,   9,  10,  11,  12,  13,  14,  15,  16,
     17,  51,  14,  16,  22,  51,  54,  55,  65,  75,  78,   6,  12,  16,  51,  24,
     26,  27,  28,  43,  44,  45,  82,  83,  96,  97,  22,  24,  53,  54,  55,  65,
     75,  78,  80,  91,   1,   2,   6,   8,  12,  19,  21,  24,  26,  27,  28,  29,
     33,  34,  35,  36,  37,  38,  39,  40,  41,  42,  43,  44,  45,  56,  57,  58,
     59,  60,  61,  62,  63,  64,  66,  67,  70,  72,  73,  74,  76,  77,  80,  81,
     82,  83,  84,  85,  86,  87,  90,  92,  96,  97, 107,   0,   1,   2,   6,   7,
      8,  19,  20,  21,  22,  23,  24,  25,  26,  27,  28,  29,  31,  33,  34,  35,
     36,  37,  38,  39,  40,  41,  42,  43,  44,  45,  46,  48,  49,  54,  55,  56,
     57,  58,  59,  60,  61,  62,  63,  64,  65,  66,  67,  70,  71,  72,  73,  74,
     75,  76,  77,  78,  79,  80,  81,  82,  83,  84,  85,  86,  87,  88,  89,  90,
     91,  92,  93,  96,  97, 100, 101, 102, 103, 105, 106, 107,   1,   6,  12,  19,
     20,  21,  22,  23,  24,  26,  27,  28,  29,  33,  34,  35,  36,  37,  38,  39,
     40,  41,  42,  43,  44,  45,  46,  54,  55,  56,  57,  58,  59,  60,  61,  62,
     63,  64,  65,  66,  67,  70,  71,  72,  73,  74,  75,  76,  77,  78,  79,  80,
     81,  82,  83,  84,  85,  86,  87,  92,  96,  97, 102, 105, 107,   1,   3,   6,
      7,  10,  11,  12,  14,  16,  17,  20,  21,  23,  24,  26,  27,  28,  33,  34,
     36,  37,  39,  40,  41,  42,  43,  44,  45,  46,  56,  57,  58,  59,  60,  61,
     62,  63,  64,  66,  70,  71,  72,  73,  74,  76,  77,  79,  80,  81,  82,  83,
     84,  86,  87,  92,  96,  97, 102, 105, 107,   7,   8,  20,  21,  24,  26,  27,
     28,  33,  37,  39,  40,  41,  42,  43,  44,  45,  46,  56,  57,  58,  59,  60,
     62,  63,  64,  66,  70,  71,  72,  73,  74,  76,  77,  80,  82,  83,  84,  85,
     86,  87,  92,  96,  97, 102, 105, 107,   2,   6,   8,  18,  20,  21,  22,  23,
     26,  27,  28,  29,  33,  34,  35,  36,  37,  38,  39,  40,  41,  42,  43,  44,
     45,  46,  54,  55,  56,  57,  58,  59,  60,  61,  62,  63,  64,  65,  66,  67,
     70,  71,  72,  73,  74,  75,  76,  77,  78,  79,  80,  82,  83,  84,  87,  90,
     96,  97, 101, 102, 105, 107,   2,  21,  26,  27,  28,  33,  34,  36,  40,  42,
     43,  44,  45,  46,  60,  61,  62,  68,  70,  71,  73,  77,  82,  83,  87,  96,
     97, 107,   2,   8,  18,  21,  24,  25,  26,  27,  28,  29,  33,  34,  36,  40,
     43,  44,  45,  58,  59,  60,  61,  62,  63,  70,  73,  74,  77,  81,  82,  83,
     84,  85,  86,  87,  96,  97, 101, 107,   6,  18,  21,  22,  26,  27,  28,  29,
     33,  34,  35,  36,  37,  38,  39,  40,  41,  42,  43,  44,  45,  46,  54,  55,
     56,  57,  58,  59,  60,  61,  62,  63,  64,  65,  66,  67,  70,  71,  72,  73,
     74,  75,  76,  77,  78,  80,  82,  83,  87,  90,  96,  97, 101, 107,   0,   1,
      2,   6,   7,   8,  18,  19,  20,  21,  22,  23,  24,  25,  26,  27,  28,  29,
     33,  35,  37,  38,  39,  40,  41,  42,  43,  45,  46,  54,  55,  56,  57,  58,
     59,  60,  62,  63,  64,  65,  66,  67,  70,  71,  72,  73,  74,  75,  76,  77,
     78,  79,  80,  81,  82,  83,  84,  85,  86,  87,  88,  89,  90,  91,  92,  96,
    100, 101, 102, 105, 106, 107,   2,  18,  20,  21,  23,  24,  25,  26,  27,  28,
     29,  33,  37,  39,  40,  41,  42,  43,  44,  45,  56,  57,  58,  59,  60,  62,
     63,  64,  66,  70,  72,  73,  74,  76,  77,  79,  82,  83,  87,  96,  97, 105,
    107,   1,   2,   6,   7,   8,  18,  19,  20,  21,  22,  23,  24,  25,  26,  27,
     28,  29,  31,  33,  34,  35,  36,  37,  38,  39,  40,  41,  42,  43,  44,  45,
     46,  48,  54,  55,  56,  57,  58,  59,  60,  61,  62,  63,  64,  65,  66,  67,
     70,  71,  72,  73,  74,  75,  76,  77,  78,  79,  80,  81,  82,  83,  84,  85,
     86,  87,  90,  91,  96,  97, 105, 107,   1,   2,   4,   6,   8,  12,  19,  21,
     23,  24,  26,  27,  28,  29,  31,  32,  33,  34,  35,  36,  37,  38,  39,  40,
     41,  42,  43,  44,  45,  47,  48,  56,  57,  58,  59,  60,  61,  62,  63,  64,
     66,  67,  70,  72,  73,  74,  76,  77,  79,  80,  81,  82,  83,  84,  85,  86,
     87,  90,  92,  96,  97, 107,  20,  21,  22,  24,  25,  26,  27,  28,  29,  33,
     35,  37,  38,  39,  41,  42,  43,  44,  45,  54,  55,  56,  57,  58,  59,  60,
     62,  63,  64,  65,  66,  67,  72,  73,  74,  75,  76,  77,  78,  82,  83,  86,
     87,  96,  97, 105, 107,   1,   2,   6,   7,   8,  18,  19,  20,  21,  22,  23,
     24,  25,  26,  27,  28,  29,  33,  34,  35,  36,  37,  38,  39,  40,  41,  42,
     43,  44,  45,  46,  54,  55,  56,  57,  58,  59,  60,  61,  62,  63,  64,  65,
     66,  67,  70,  71,  72,  73,  74,  75,  76,  77,  78,  79,  80,  81,  82,  83,
     84,  85,  86,  87,  90,  96,  97, 101, 102, 105, 107,   0,   1,   2,   6,   7,
      8,  12,  18,  19,  20,  21,  22,  23,  24,  25,  26,  27,  28,  29,  31,  33,
     34,  35,  36,  37,  38,  39,  40,  41,  42,  43,  44,  45,  46,  48,  54,  55,
     56,  57,  58,  59,  60,  61,  62,  63,  64,  65,  66,  67,  70,  71,  72,  73,
     74,  75,  76,  77,  78,  79,  80,  81,  82,  83,  84,  85,  86,  87,  88,  89,
     90,  91,  92,  93,  94,  95,  96,  97, 100, 101, 102, 103, 105, 106, 107,   2,
      6,  12,  14,  16,  18,  20,  21,  22,  23,  24,  25,  26,  27,  28,  29,  33,
     34,  35,  36,  37,  38,  39,  40,  41,  42,  43,  44,  45,  46,  54,  55,  56,
     57,  58,  59,  60,  61,  62,  63,  64,  65,  66,  67,  70,  71,  72,  73,  74,
     75,  76,  77,  78,  79,  80,  82,  83,  87,  90,  92,  95,  96,  97, 101, 102,
    105, 107,   2,  20,  21,  22,  24,  25,  26,  27,  28,  33,  37,  39,  40,  41,
     42,  43,  44,  45,  54,  55,  56,  57,  58,  59,  60,  62,  63,  64,  65,  66,
     70,  72,  73,  74,  75,  76,  77,  78,  82,  83,  87,  96,  97, 105, 107,   8,
     21,  23,  24,  26,  28,  30,  32,  34,  35,  36,  38,  61,  67,  79,  80,  81,
     83,  84,  86,  91,  93,  94, 100, 101,   4,   8,  23,  31,  32,  48,  79,  81,
      4,   8,  23,  31,  35,  38,  48,  67,  79,  81,   0,   1,   6,   8,  19,  43,
     44,  45,  89,  90,  91,  93,  97, 100, 106,   1,   6,   8,  19,  20,  33,  43,
     44,  45,  60,  62,  73,  77,  87,  89,  90,  91,  92,  93,  94,  97, 100, 102,
    105, 106, 107,   1,   7,  19,  33,  34,  35,  36,  37,  38,  39,  42,  43,  44,
     45,  56,  57,  58,  59,  60,  61,  62,  63,  64,  66,  67,  69,  72,  73,  74,
     76,  77,  87,  88,  91,  94,  97, 103, 107,   1,   7,   8,  20,  31,  34,  35,
     36,  38,  43,  44,  45,  58,  61,  67,  74,  91,  97, 105,  43,  44,  45,  89,
     90,  91,  93,  94,  97, 100, 106,   0,   1,   4,   5,   6,   7,  18,  19,  30,
     31,  33,  34,  35,  36,  37,  38,  39,  41,  42,  43,  44,  45,  56,  57,  58,
     59,  60,  61,  62,  63,  64,  66,  67,  68,  69,  72,  73,  74,  76,  87,  97,
    107,   8,  35,  38,  43,  44,  45,  46,  67,  71,  91,  97,   0,   1,   6,   7,
      8,  18,  19,  20,  33,  34,  35,  36,  37,  38,  39,  40,  41,  42,  43,  44,
     45,  46,  56,  57,  58,  59,  60,  61,  62,  63,  64,  66,  67,  70,  71,  72,
     73,  74,  76,  77,  87,  89,  90,  91,  92,  93,  94,  97, 100, 105, 106, 107,
     32,  35,  37,  38,  39,  43,  44,  45,  56,  57,  58,  59,  61,  63,  64,  66,
     67,  72,  74,  76,  97,   0,   4,   6,   8,  19,  31,  33,  34,  35,  36,  37,
     38,  39,  40,  43,  44,  45,  48,  56,  57,  58,  59,  60,  61,  62,  63,  64,
     66,  67,  68,  70,  72,  73,  74,  76,  77,  87,  89,  90,  91,  93,  94,  97,
    102, 106, 107,   6,  43,  44,  45,  97,   1,  33,  34,  35,  36,  38,  40,  43,
     44,  45,  60,  61,  62,  67,  70,  73,  77,  87,  97, 107,   8,  33,  43,  44,
     45,  46,  60,  62,  71,  73,  77,  87,  89,  90,  91,  92,  93,  94,  97, 106,
    107,   6,   7,  18,  20,  33,  34,  35,  36,  37,  38,  39,  40,  41,  42,  43,
     44,  45,  46,  56,  57,  58,  59,  60,  61,  62,  63,  64,  66,  67,  70,  71,
     72,  73,  74,  76,  77,  87,  91,  97,  98,  99, 100, 105, 107,  34,  36,  40,
     43,  44,  45,  61,  70,  97,   8,  21,  23,  24,  30,  32,  34,  35,  36,  38,
     61,  67,  79,  80,  81,  84,  91, 100,  21,  11,  16,   7, 108,   6,   2,   8,
     18,  21,  23,  24,  25,  26,  27,  28,  29,  30,  33,  34,  36,  40,  43,  44,
     45,  55,  58,  59,  60,  61,  62,  63,  70,  73,  74,  77,  79,  81,  82,  83,
     84,  85,  86,  87,  96,  97, 101, 107,  33,  34,  35,  36,  37,  38,  39,  40,
     41,  43,  44,  45,  46,  56,  57,  58,  59,  60,  61,  62,  63,  64,  66,  67,
     70,  71,  72,  73,  74,  76,  77,  87,  97, 107,   1,   7,  19,  33,  34,  35,
     36,  37,  38,  39,  42,  43,  44,  45,  56,  57,  58,  59,  60,  61,  62,  63,
     64,  66,  67,  69,  72,  73,  74,  76,  77,  87,  88,  91,  94,  97, 103, 107,
      1,   7,   8,  20,  31,  34,  35,  36,  38,  43,  44,  45,  58,  59,  61,  63,
     67,  74,  76,  91,  97, 105,   1,   7,   8,  20,  31,  34,  35,  36,  38,  43,
     44,  45,  56,  58,  59,  61,  63,  64,  66,  67,  72,  74,  76,  91,  97, 105,
      1,   7,   8,  20,  31,  34,  35,  36,  38,  43,  44,  45,  58,  59,  61,  63,
     64,  67,  74,  76,  91,  97, 105,   1,   7,   8,  20,  31,  34,  35,  36,  38,
     43,  44,  45,  56,  57,  58,  59,  61,  63,  64,  66,  67,  72,  74,  76,  91,
     97, 105,   0,   1,   2,   6,   7,   8,  19,  20,  21,  22,  23,  24,  25,  26,
     27,  28,  29,  31,  33,  34,  35,  36,  37,  38,  39,  40,  41,  42,  43,  44,
     45,  46,  48,  49,  54,  55,  56,  57,  58,  59,  60,  61,  62,  63,  64,  65,
     66,  67,  70,  71,  72,  73,  74,  75,  76,  77,  78,  79,  80,  81,  82,  83,
     84,  85,  86,  87,  88,  89,  90,  91,  92,  93,  96,  97, 100, 101, 102, 103,
    105, 106, 107,   1,   7,  19,  33,  34,  35,  36,  37,  38,  39,  42,  43,  44,
     45,  56,  57,  58,  59,  60,  61,  62,  63,  64,  66,  67,  69,  72,  73,  74,
     76,  77,  87,  88,  91,  94,  97, 103, 107,   0,   1,   4,   5,  19,  30,  31,
     33,  34,  35,  36,  37,  38,  39,  41,  42,  43,  44,  45,  46,  48,  56,  57,
     58,  59,  60,  61,  62,  63,  64,  66,  67,  68,  70,  71,  72,  73,  74,  76,
     77,  87,  97, 107,  35,  38,  43,  44,  45,  67,  69,  74,  97,   7,   8,  20,
     21,  23,  24,  26,  27,  28,  33,  37,  39,  40,  41,  42,  43,  44,  45,  46,
     56,  57,  58,  59,  60,  62,  63,  64,  66,  70,  71,  72,  73,  74,  76,  77,
     79,  80,  82,  83,  84,  85,  86,  87,  92,  96,  97, 102, 105, 107,   1,   7,
      8,  20,  31,  34,  35,  36,  38,  43,  44,  45,  56,  58,  59,  61,  63,  64,
     66,  67,  72,  74,  76,  91,  97, 105,   1,   7,   8,  20,  31,  34,  35,  36,
     38,  43,  44,  45,  58,  59,  61,  63,  66,  67,  74,  76,  91,  97, 105,   1,
      7,   8,  20,  31,  34,  35,  36,  38,  43,  44,  45,  56,  58,  59,  61,  63,
     64,  66,  67,  72,  74,  76,  91,  97, 105,   1,   7,   8,  20,  31,  34,  35,
     36,  38,  43,  44,  45,  58,  61,  67,  74,  91,  97, 105,   8,  34,  35,  36,
     38,  43,  44,  45,  46,  61,  67,  71,  91,  97,  19,  21,  26,  28,  34,  36,
     61,  83,  33,  60,  62,  73,  77,  87, 107,  41,  43,  45,   6,  43,  44,  45,
     97,   1,   4,  19,  30,  31,  33,  34,  35,  36,  38,  40,  43,  44,  45,  48,
     60,  61,  62,  67,  70,  71,  73,  77,  87,  97, 107,   0,   1,   2,   6,   7,
      8,  12,  18,  19,  20,  21,  22,  23,  24,  25,  26,  27,  28,  29,  31,  33,
     34,  35,  36,  37,  38,  39,  40,  41,  42,  43,  44,  45,  46,  48,  54,  55,
     56,  57,  58,  59,  60,  61,  62,  63,  64,  65,  66,  67,  70,  71,  72,  73,
     74,  75,  76,  77,  78,  79,  80,  81,  82,  83,  84,  85,  86,  87,  88,  89,
     90,  91,  92,  93,  94,  95,  96,  97, 100, 101, 102, 103, 105, 106, 107,  21,
     24,  26,  27,  28,  29,  34,  36,  37,  39,  44,  45,  56,  57,  58,  59,  61,
     63,  64,  66,  72,  74,  76,  82,  83,  96,  97,  34,  35,  36,  37,  38,  39,
     42,  43,  45,  56,  57,  58,  59,  61,  63,  64,  66,  67,  72,  74,  76,  24,
     25,  26,  28,  34,  36,  54,  55,  61,  75,  83,  34,  35,  36,  37,  38,  39,
     41,  42,  43,  44,  45,  46,  56,  57,  58,  59,  61,  63,  64,  66,  67,  71,
     72,  74,  76,  90,  97,   1,   7,   8,  20,  31,  34,  35,  36,  38,  43,  44,
     45,  56,  58,  59,  61,  63,  64,  66,  67,  72,  74,  76,  91,  97, 105,   1,
      7,   8,  20,  31,  34,  35,  36,  38,  43,  44,  45,  58,  59,  61,  63,  67,
     72,  74,  76,  91,  97, 105,   1,   7,   8,  20,  31,  34,  35,  36,  38,  43,
     44,  45,  57,  58,  59,  61,  63,  64,  66,  67,  72,  74,  76,  91,  97, 105,
      1,   6,  12,  19,  20,  21,  22,  23,  24,  26,  27,  28,  29,  33,  34,  35,
     36,  37,  38,  39,  40,  41,  42,  43,  44,  45,  46,  54,  55,  56,  57,  58,
     59,  60,  61,  62,  63,  64,  65,  66,  67,  70,  71,  72,  73,  74,  75,  76,
     77,  78,  79,  80,  81,  82,  83,  84,  85,  86,  87,  92,  96,  97, 102, 105,
    107,   0,   1,   4,   6,   7,   8,  12,  18,  19,  20,  21,  22,  24,  26,  27,
     28,  31,  33,  34,  35,  36,  37,  38,  39,  40,  41,  42,  43,  44,  45,  48,
     54,  55,  56,  57,  58,  59,  60,  61,  62,  63,  64,  65,  66,  67,  70,  72,
     73,  74,  75,  76,  77,  78,  80,  81,  82,  83,  84,  85,  86,  87,  88,  89,
     90,  91,  92,  93,  94,  95,  96,  97,  98, 100, 102, 103, 105, 106, 107,   2,
      8,  18,  21,  24,  25,  26,  27,  28,  29,  33,  34,  36,  40,  43,  44,  45,
     58,  59,  60,  61,  62,  63,  70,  73,  74,  77,  78,  81,  82,  83,  84,  85,
     86,  87,  96,  97, 101, 107,  20,  21,  23,  24,  25,  26,  27,  28,  33,  37,
     39,  40,  41,  42,  43,  44,  45,  46,  56,  57,  58,  59,  60,  62,  63,  64,
     66,  70,  71,  72,  73,  74,  76,  77,  79,  82,  83,  87,  88,  89,  90,  91,
     92,  93,  95,  96,  97, 103, 105, 106, 107,   0,   1,   2,  19,  20,  21,  22,
     23,  24,  27,  28,  45,  54,  55,  65,  75,  78,  79,  80,  81,  82,  83,  84,
     86,  96, 105,   1,  12,  20,  21,  22,  24,  25,  26,  27,  28,  33,  37,  39,
     40,  43,  45,  54,  55,  56,  57,  58,  59,  60,  62,  63,  64,  65,  66,  70,
     72,  73,  74,  75,  76,  77,  78,  80,  81,  82,  83,  84,  85,  87,  89,  90,
     91,  92,  93,  96, 101, 102, 105, 106, 107,   0,   1,   2,   6,   7,   8,  12,
     18,  19,  20,  21,  22,  23,  24,  25,  26,  27,  28,  29,  31,  33,  34,  35,
     36,  37,  38,  39,  40,  41,  42,  43,  44,  45,  46,  48,  54,  55,  56,  57,
     58,  59,  60,  61,  62,  63,  64,  65,  66,  67,  70,  71,  72,  73,  74,  75,
     76,  77,  78,  79,  80,  81,  82,  83,  84,  85,  86,  87,  88,  89,  90,  91,
     92,  93,  94,  95,  96,  97, 100, 101, 102, 103, 105, 106, 107,   1,   6,  12,
     19,  20,  21,  22,  23,  24,  26,  27,  28,  29,  33,  34,  35,  36,  37,  38,
     39,  40,  41,  42,  43,  44,  45,  46,  54,  55,  56,  57,  58,  59,  60,  61,
     62,  63,  64,  65,  66,  67,  70,  71,  72,  73,  74,  75,  76,  77,  78,  79,
     80,  81,  82,  83,  84,  85,  86,  87,  92,  96,  97, 102, 105, 107,   0,   1,
      4,   6,   7,   8,  12,  18,  19,  20,  21,  22,  24,  26,  27,  28,  31,  33,
     34,  35,  36,  37,  38,  39,  40,  41,  42,  43,  44,  45,  48,  54,  55,  56,
     57,  58,  59,  60,  61,  62,  63,  64,  65,  66,  67,  70,  72,  73,  74,  75,
     76,  77,  78,  80,  81,  82,  83,  84,  85,  86,  87,  88,  89,  90,  91,  92,
     93,  94,  95,  96,  97,  98, 100, 102, 103, 105, 106, 107,   3,   4,   6,   8,
     12,  19,  20,  21,  22,  23,  24,  26,  27,  28,  31,  33,  35,  38,  43,  48,
     54,  55,  60,  62,  65,  67,  73,  75,  77,  78,  79,  80,  81,  82,  83,  84,
     85,  86,  87,  89,  90,  96, 101, 102, 105, 106, 107,   1,   2,   6,   8,  12,
     19,  21,  24,  26,  27,  28,  29,  33,  34,  35,  36,  37,  38,  39,  40,  41,
     42,  43,  44,  45,  56,  57,  58,  59,  60,  61,  62,  63,  64,  66,  67,  70,
     72,  73,  74,  76,  77,  80,  81,  82,  83,  84,  85,  86,  87,  90,  92,  96,
     97, 107,   1,   2,   6,   8,  12,  19,  21,  24,  26,  27,  28,  29,  33,  34,
     35,  36,  37,  38,  39,  40,  41,  42,  43,  44,  45,  56,  57,  58,  59,  60,
     61,  62,  63,  64,  66,  67,  70,  72,  73,  74,  76,  77,  80,  81,  82,  83,
     84,  85,  86,  87,  90,  91,  92,  96,  97, 107,   1,   6,  19,  37,  39,  44,
     45,  56,  57,  58,  59,  63,  64,  66,  72,  74,  76,  89,  90,  91,  93,  94,
     97, 100, 106,   4,   6,   8,  31,  32,  33,  34,  35,  36,  37,  38,  39,  44,
     45,  48,  56,  57,  58,  59,  60,  61,  62,  63,  64,  66,  67,  72,  73,  74,
     76,  77,  87,  88,  89,  90,  91,  92,  93,  94,  97, 100, 102, 103, 106, 107,
      4,   6,   8,  31,  32,  33,  34,  35,  36,  37,  38,  39,  44,  45,  48,  56,
     57,  58,  59,  60,  61,  62,  63,  64,  66,  67,  72,  73,  74,  76,  77,  87,
     88,  89,  90,  91,  92,  93,  94,  97, 100, 102, 103, 106, 107,   0,   1,   8,
     19,  33,  37,  39,  40,  44,  45,  56,  57,  58,  59,  60,  62,  63,  64,  66,
     70,  72,  73,  74,  76,  77,  87,  89,  90,  91,  92,  94,  97, 100, 106, 107,
      1,   7,   8,  20,  31,  34,  35,  36,  38,  43,  44,  45,  61,  67,  91,  95,
     97, 105,   0,   1,   2,   6,   7,   8,  18,  19,  20,  21,  22,  23,  24,  25,
     26,  27,  28,  29,  33,  35,  37,  38,  39,  40,  41,  42,  43,  45,  46,  54,
     55,  56,  57,  58,  59,  60,  62,  63,  64,  65,  66,  67,  70,  71,  72,  73,
     74,  75,  76,  77,  78,  79,  80,  81,  82,  83,  84,  85,  86,  87,  88,  89,
     90,  91,  92,  96, 100, 101, 102, 105, 106, 107,   1,  33,  60,  62,  73,  77,
     87, 107,   2,   6,   7,  18,  20,  21,  22,  28,  33,  34,  36,  37,  39,  40,
     42,  43,  44,  45,  54,  55,  56,  57,  58,  59,  60,  61,  62,  63,  64,  65,
     66,  70,  72,  73,  74,  75,  76,  77,  78,  80,  81,  82,  83,  85,  86,  87,
     88,  89,  90,  91,  92,  93,  94,  95,  97, 103, 105, 106, 107,   0,   4,   6,
      8,  19,  31,  33,  34,  35,  36,  37,  38,  39,  40,  43,  44,  45,  48,  56,
     57,  58,  59,  60,  61,  62,  63,  64,  66,  67,  68,  70,  72,  73,  74,  76,
     77,  87,  89,  90,  91,  93,  94,  97, 102, 106, 107,   1,  12,  20,  21,  22,
     24,  25,  26,  27,  28,  33,  37,  39,  40,  43,  45,  54,  55,  56,  57,  58,
     59,  60,  62,  63,  64,  65,  66,  70,  72,  73,  74,  75,  76,  77,  78,  80,
     81,  82,  83,  84,  85,  87,  89,  90,  91,  92,  93,  96, 101, 102, 105, 106,
    107,   3,   4,   6,   8,  12,  19,  20,  21,  22,  23,  24,  26,  27,  28,  31,
     33,  35,  38,  43,  48,  54,  55,  60,  62,  65,  67,  73,  75,  77,  78,  79,
     80,  81,  82,  83,  84,  85,  86,  87,  89,  90,  96, 101, 102, 105, 106, 107,
      3,   4,   6,   8,  12,  19,  20,  21,  22,  23,  24,  26,  27,  28,  31,  33,
     35,  38,  43,  44,  45,  48,  54,  55,  60,  62,  65,  67,  73,  75,  77,  78,
     79,  80,  81,  82,  83,  84,  85,  86,  87,  88,  89,  90,  92,  96,  97, 101,
    102, 105, 106, 107,   0,   1,   6,   7,   8,  18,  19,  20,  33,  34,  35,  36,
     37,  38,  39,  40,  41,  42,  43,  44,  45,  46,  56,  57,  58,  59,  60,  61,
     62,  63,  64,  66,  67,  70,  71,  72,  73,  74,  76,  77,  87,  89,  90,  91,
     92,  93,  94,  97, 100, 105, 106, 107,   8,  33,  35,  37,  38,  39,  42,  43,
     44,  45,  46,  56,  57,  58,  59,  60,  62,  63,  64,  66,  67,  71,  72,  73,
     74,  76,  77,  87,  89,  90,  91,  92,  93,  94,  97, 106, 107,   1,   2,   6,
      8,  12,  19,  21,  24,  26,  27,  28,  29,  33,  34,  35,  36,  37,  38,  39,
     40,  41,  42,  43,  44,  45,  56,  57,  58,  59,  60,  61,  62,  63,  64,  66,
     67,  70,  72,  73,  74,  76,  77,  80,  81,  82,  83,  84,  85,  86,  87,  90,
     92,  96,  97, 107,   3,   4,   6,   8,  12,  19,  20,  21,  22,  23,  24,  26,
     27,  28,  31,  33,  35,  38,  43,  48,  54,  55,  60,  62,  65,  67,  73,  75,
     77,  78,  79,  80,  81,  82,  83,  84,  85,  86,  87,  89,  90,  96, 101, 102,
    105, 106, 107,   0,   1,   6,   7,   8,  18,  19,  20,  33,  34,  35,  36,  37,
     38,  39,  40,  41,  42,  43,  44,  45,  46,  56,  57,  58,  59,  60,  61,  62,
     63,  64,  66,  67,  70,  71,  72,  73,  74,  76,  77,  87,  89,  90,  91,  92,
     93,  94,  97, 100, 105, 106, 107,  84,   0,   1,   2,   6,   7,   8,  18,  19,
     20,  21,  22,  23,  24,  25,  26,  27,  28,  29,  33,  35,  37,  38,  39,  40,
     41,  42,  43,  45,  46,  54,  55,  56,  57,  58,  59,  60,  62,  63,  64,  65,
     66,  67,  70,  71,  72,  73,  74,  75,  76,  77,  78,  79,  80,  81,  82,  83,
     84,  85,  86,  87,  88,  89,  90,  91,  92,  96, 100, 101, 102, 105, 106, 107,
      8,  35,  38,  67,   0,   1,   2,   6,   7,   8,  18,  19,  20,  21,  22,  23,
     24,  25,  26,  27,  28,  29,  33,  35,  37,  38,  39,  40,  41,  42,  43,  45,
     46,  54,  55,  56,  57,  58,  59,  60,  62,  63,  64,  65,  66,  67,  70,  71,
     72,  73,  74,  75,  76,  77,  78,  79,  80,  81,  82,  83,  84,  85,  86,  87,
     88,  89,  90,  91,  92,  96, 100, 101, 102, 105, 106, 107,   0,   1,   6,   7,
      8,  18,  19,  20,  33,  34,  35,  36,  37,  38,  39,  40,  41,  42,  43,  44,
     45,  46,  56,  57,  58,  59,  60,  61,  62,  63,  64,  66,  67,  70,  71,  72,
     73,  74,  76,  77,  87,  89,  90,  91,  92,  93,  94,  97, 100, 105, 106, 107,
      0,   1,   2,   6,   7,   8,  19,  20,  21,  22,  23,  24,  25,  26,  27,  28,
     29,  31,  33,  34,  35,  36,  37,  38,  39,  40,  41,  42,  43,  44,  45,  46,
     48,  49,  54,  55,  56,  57,  58,  59,  60,  61,  62,  63,  64,  65,  66,  67,
     70,  71,  72,  73,  74,  75,  76,  77,  78,  79,  80,  81,  82,  83,  84,  85,
     86,  87,  88,  89,  90,  91,  92,  93,  96,  97, 100, 101, 102, 103, 105, 106,
    107,   1,   7,   8,  20,  31,  34,  35,  36,  38,  43,  44,  45,  58,  59,  61,
     67,  74,  91,  97, 105,  21,  24,  26,  27,  28,  29,  37,  39,  44,  45,  56,
     57,  58,  59,  63,  64,  66,  72,  74,  76,  82,  83,  96,  97,  23,  24,  25,
     26,  28,  34,  36,  54,  55,  61,  75,  79,  83,   6,   7,  18,  20,  33,  34,
     35,  36,  37,  38,  39,  40,  41,  42,  43,  44,  45,  46,  56,  57,  58,  59,
     60,  61,  62,  63,  64,  66,  67,  70,  71,  72,  73,  74,  76,  77,  87,  91,
     97,  98,  99, 100, 105, 107, 108, 108, 108,
};

static const int8_t bitter_18_italicKernSparseValues[] = {
      -7,  -27,  -18,  -49,    3,    9,   -9,  -11,    8,    8,  -22,  -15,    3,    3,  -11,    8,
     -11,    3,  -22,  -11,    3,  -11,    3,  -41,  -34,   -9,    5,  -16,  -11,  -12,  -13,   10,
      -9,  -15,    5,  -18,  -11,  -19,   -5,   -5,   -9,  -20,   -8,  -20,  -29,  -37,  -32,  -12,
      -7,  -17,  -17,   -7,   -9,  -22,  -22,  -19,   -8,   -8,  -17,  -17,  -17,  -32,   -7,   -7,
     -17,  -17,   -8,  -17,  -17,   -7,  -17,   -8,  -17,   -7,   -8,  -37,  -32,   -7,  -14,  -37,
     -22,   -7,  -16,    3,  -30,  -27,  -23,  -29,   -1,   -7,   -7,   -7,   -7,  -16,  -14,  -11,
      -8,   -1,   -7,   -1,    5,   -7,   -8,   -1,   -1,  -23,  -29,   -1,  -23,  -14,    3,   -1,
      14,   29,  -15,   11,   12,   -5,   26,   26,   -5,   -5,   26,   -5,   -5,   29,   -7,   12,
     -11,   -7,   -5,   -5,  -10,  -21,   -5,  -51,  -32,  -16,    3,  -22,  -17,  -33,  -15,  -24,
      12,    2,  -43,  -41,   -5,  -56,  -15,  -12,  -12,  -41,   -9,  -37,  -15,  -12,  -12,  -12,
     -12,  -15,  -15,  -12,  -12,  -12,  -12,  -15,  -12,  -12,  -15,    2,    7,   -5,  -56,  -87,
     -15,  -73,   -5,   -9,  -51,  -24,  -15,  -27,  -11,  -17,    3,  -20,  -33,   -7,   -7,  -34,
     -34,  -57,  -34,  -13,  -20,  -21,  -15,  -57,  -24,  -14,  -12,  -10,  -22,   -5,   -4,  -57,
     -34,  -10,   11,  -23,   -7,  -21,   -5,    7,   -3,    5,    5,  -10,    5,   16,   11,  -21,
      11,   11,  -16,  -16,  -23,  -12,   11,   -5,   -5,  -16,  -16,  -16,  -16,  -21,   11,  -21,
     -16,  -16,   -5,  -16,  -16,  -21,  -16,   -5,  -16,  -21,   -5,    7,  -26,  -17,  -10,    5,
      -3,  -11,  -13,  -21,  -24,  -38,  -20,  -20,  -26,  -10,  -23,  -21,   -7,  -24,  -21,  -32,
      -3,  -10,    3,    4,   -6,    5,  -28,    8,   -5,  -15,  -13,   -7,  -13,  -10,  -13,  -13,
     -13,  -13,  -13,    5,    4,   -8,  -26,   -8,   -7,   -5,  -18,  -12,  -11,  -10,   -7,   -6,
      -8,    3,  -11,  -11,  -20,   -6,  -53,  -25,  -11,    5,   -3,  -11,   -7,   -9,   -8,    3,
      -8,   18,  -13,  -14,  -13,  -10,  -13,  -13,  -13,  -13,  -13,  -31,   -7,   -9,   -8,  -11,
     -21,   -7,  -30,   -8,   -5,  -10,   -7,  -30,   -7,   -5,    3,    5,  -14,    3,    3,    3,
       3,    3,   -5,    5,  -20,   -5,  -24,    3,  -27,   -3,  -14,  -12,  -29,  -37,  -24,  -17,
      -3,   -3,    4,   -3,   -3,    4,   -3,   -5,   -3,   -5,  -11,  -13,   -6,   -3,   -3,   -3,
      -3,   -3,    3,   -3,   -3,   -3,   -3,    4,   -5,   -3,   -3,   -3,   -3,   -3,  -18,   -9,
     -37,  -24,  -26,  -17,   -8,   -3,  -15,   -3,  -89,  -13,   -3,  -16,  -67,  -22,    2,  -25,
       4,  -25,  -16,    3,  -20,  -10,  -53,  -35,  -43,  -13,  -49,  -14,    4,  -11,  -14,  -11,
     -14,  -13,  -11,  -13,   -8,  -19,  -19,  -28,   -3,  -28,  -13,    3,   -8,  -20,  -20,  -13,
     -13,  -13,  -13,  -11,  -14,  -11,  -13,  -13,  -20,  -13,  -11,   -8,  -13,  -13,  -11,  -13,
     -20,  -13,  -11,  -20,  -10,    3,    4,  -13,  -49,  -73,  -20,   -9,  -11,  -11,  -19,    7,
     -51,  -42,  -17,  -13,   -3,  -41,  -46,  -30,  -11,  -16,  -19,  -11,  -22,  -21,  -13,   -9,
      -3,  -23,  -16,   -3,  -26,  -42,  -37,  -40,  -19,   -6,   -7,   -7,   -7,  -11,   -7,  -11,
      -7,   -7,  -10,  -16,  -23,  -18,  -11,  -16,  -16,  -11,  -11,  -11,  -11,   -6,   -7,   -6,
     -11,  -11,  -16,  -11,   -7,   -7,  -11,  -11,   -6,  -11,  -16,  -11,   -6,  -16,   -3,  -25,
     -20,  -37,  -40,  -48,  -25,  -20,   -6,  -14,  -37,  -23,  -17,   -3,   -6,   -5,   -8,  -12,
     -19,   -5,   -8,  -11,   -7,  -10,  -13,  -18,  -21,   -7,  -14,  -22,  -30,  -22,  -22,  -16,
     -16,  -16,  -16,  -19,  -11,  -16,   -9,  -17,  -16,  -20,  -16,  -16,  -16,  -28,  -22,  -16,
     -22,  -28,  -16,  -16,  -19,  -20,  -16,  -22,  -16,  -16,  -22,   -7,  -19,  -11,  -30,  -22,
     -25,  -28,  -22,  -22,  -30,  -17,  -20,  -18,  -22,   -5,   -3,  -14,  -22,  -21,  -25,  -28,
     -22,  -11,   -8,   -8,  -12,  -11,  -12,  -18,  -15,  -15,  -11,   -8,   -8,   -8,  -11,  -11,
     -11,   -8,   -8,   -8,  -12,  -11,   -8,  -11,   -8,   -8,  -11,  -22,  -28,  -22,  -30,  -11,
     -15,  -11,  -20,  -28,  -15,  -24,  -14,  -11,   -8,  -65,  -11,  -27,  -14,  -45,  -16,   -7,
     -10,  -17,  -10,  -14,  -28,   -4,   -5,   -4,   -5,   -5,   -5,  -20,   -7,   -7,   -7,  -14,
      -5,  -14,  -16,  -16,   -5,   -5,   -2,   -3,  -28,   -4,  -28,   -2,   -5,  -16,   -5,   -5,
     -20,  -14,   -4,  -28,   -5,  -16,   -3,  -28,  -16,   -7,  -44,  -17,  -10,  -10,  -28,  -41,
     -17,  -14,  -12,  -20,  -14,  -28,   -3,   -7,  -27,  -23,  -29,   -1,   -7,   -7,   -7,   -7,
     -16,  -14,  -11,   -8,   -1,   -7,   -1,    5,   -7,   -8,   -1,   -1,  -23,  -29,   -1,  -23,
     -14,   -1,  -11,   -9,   -3,  -19,  -12,   -3,  -19,  -25,  -16,   -9,   -8,    3,    3,   -7,
     -12,  -17,  -12,    3,    5,   -8,    3,   -8,    3,   -7,   -8,    4,   -8,   -7,  -25,  -16,
     -16,  -13,  -11,   -8,  -25,  -17,  -22,   -8,  -13,  -10,  -28,   -3,  -10,  -25,  -10,  -14,
      -8,    4,   -3,    4,   -3,   -3,   -3,  -12,   -6,   -8,  -14,  -22,  -12,  -11,   -3,   -3,
      -3,   -3,    1,    5,   -8,    4,   -8,    1,   -3,   -3,   -3,   -3,  -12,  -11,   -3,   -8,
      -1,   -3,   -4,   -8,   -3,  -19,  -25,  -10,   -8,  -15,  -25,  -22,  -11,   -8,  -13,   -5,
     -15,  -14,  -57,   -4,  -12,  -13,  -37,  -13,  -20,   -7,  -23,  -27,  -16,  -18,  -17,  -17,
     -14,   -5,  -13,   -5,  -13,  -22,  -19,  -18,  -23,  -16,   -7,  -20,  -20,  -13,  -13,  -20,
     -16,  -14,  -14,  -20,  -13,  -20,  -13,   -5,  -22,   -7,  -13,  -14,  -21,  -20,  -13,  -14,
     -20,   -7,   -3,    4,  -18,  -17,  -19,  -15,  -11,  -14,    1,  -16,   -3,  -35,  -33,  -36,
     -28,  -40,  -41,  -37,  -16,  -14,  -23,   -5,  -20,   -7,   -7,  -39,  -24,  -53,  -10,  -54,
      -7,   -7,   -8,   -8,   -8,  -15,  -10,  -26,   -7,  -29,   -8,   -8,   -8,   -8,   -7,   -7,
      -8,   -8,   -8,   -8,   -8,   -7,   -8,   -8,   -7,   -7,  -10,  -54,   -7,  -10,   -7,  -20,
      -7,    3,   -7,  -83,  -19,  -16,   -6,   -9,   -5,  -29,  -11,   -8,   -5,   -9,  -20,  -28,
     -26,  -14,   -3,   -8,   -7,   -3,   -7,   -5,   -3,   -5,   -7,   -7,   -7,   -2,  -10,   -4,
     -11,   -4,  -11,  -11,   -5,   -5,   -5,   -5,   -8,   -7,   -8,   -5,   -5,  -11,   -5,   -3,
      -7,  -11,   -5,   -8,   -5,  -11,   -5,   -8,  -11,   -8,  -34,  -24,  -28,  -26,  -20,  -20,
     -17,   -8,  -30,   -5,  -28,  -10,   -5,   -8,  -20,   -5,   27,  -24,   37,  -27,   -3,  -14,
      37,  -12,  -29,  -37,  -24,  -17,   26,   44,   -3,   -6,    4,   -6,   -4,    4,   -4,   -5,
      -3,   -5,  -11,  -13,   -4,   11,   25,   -4,   -4,   -4,   -4,    2,   21,   -3,   -4,   -4,
      -4,    4,   -5,   -4,   -3,   -4,   -4,   -3,   37,  -18,   -9,  -37,  -24,  -26,  -17,   -8,
      -3,  -15,   -3,  -89,  -13,   -3,   -9,   -7,   -6,  -20,  -10,  -33,  -16,  -37,   -7,  -12,
      -3,   -7,   -3,   -7,   -9,   -9,  -16,   -8,  -14,   -6,   -6,   -7,   -7,   -7,   -7,  -12,
     -12,   -7,   -7,   -6,   -7,   -3,   -7,  -12,   -7,   -6,   -7,  -12,   -6,  -16,  -37,  -14,
     -12,  -16,   -8,   -9,  -12,    3,  -15,  -46,  -43,  -16,  -14,   -7,  -16,  -47,  -12,   -8,
      -8,   -5,   -8,  -22,  -10,  -19,  -28,   -2,   -8,   -2,  -11,   -8,  -11,  -26,   -7,  -10,
      -7,  -19,   -1,  -20,  -12,  -12,  -11,  -11,   -4,  -13,  -28,   -2,  -28,   -5,  -11,  -12,
     -11,   -8,  -26,  -20,  -11,  -28,  -19,  -12,  -20,  -28,  -12,   -8,  -50,  -36,  -22,  -10,
      -7,  -20,  -26,  -28,  -32,  -82,  -19,  -13,  -31,  -16,  -28,  -13,   -1,  -29,  -67,  -34,
     -29,  -22,  -31,   -4,  -58,  -43,  -20,   -8,   -7,   -7,    3,  -14,    3,  -18,   -4,  -35,
      -2,  -16,   -2,  -28,  -16,  -28,  -40,  -22,  -29,  -20,  -44,  -27,  -43,   -5,  -20,  -20,
     -28,  -47,  -21,  -17,  -35,   -2,  -35,  -18,  -29,  -20,  -28,  -16,  -40,  -43,  -47,  -35,
     -22,  -20,  -25,  -35,  -20,   -8,  -51,  -36,  -41,    3,   -5,  -23,  -32,  -35,  -27,  -33,
     -43,  -26,  -31,  -40,  -46,   20,  -14,  -44,  -28,  -31,  -41,  -27,  -58,  -33,  -35,  -25,
     -62,  -20,  -13,   -7,  -37,  -24,  -44,  -14,  -10,   -8,   -7,    3,  -13,    3,  -14,  -40,
       2,   -7,    1,  -17,   -7,  -17,  -39,  -19,  -26,  -29,  -38,  -25,  -29,  -14,  -14,  -17,
     -31,   -8,   -8,  -40,    1,  -40,   -7,  -20,  -14,  -22,   -5,  -39,  -29,  -22,  -40,  -11,
     -14,  -13,  -40,  -14,  -10,  -49,  -13,    3,  -40,  -42,  -31,    8,  -76,  -38,  -40,  -44,
     -24,  -40,  -15,  -16,  -16,  -13,  -17,  -13,  -16,  -20,  -16,   -5,   -8,   -8,  -11,  -12,
     -12,  -15,  -13,  -18,  -13,  -13,   -8,   -8,   -8,   -8,   -5,   -5,   -8,   -8,  -13,   -8,
     -11,   -8,   -5,   -8,  -13,   -8,   -5,  -13,  -20,  -16,   -5,  -20,  -13,  -16,   -5,   27,
      11,   73,  -32,    3,    3,   20,    8,   14,   37,   14,   37,   14,   37,   73,    8,   16,
       3,   -7,   -8,  -15,   -7,   -7,  -20,  -39,   11,   16,   35,   11,   11,    5,   35,   11,
      11,   21,   22,   10,   22,   22,    8,   22,   22,   21,   -5,  -38,    3,    1,   -9,  -16,
      -7,  -17,   -8,    1,  -34,  -11,   -7,  -29,   -8,  -31,  -17,   -1,   -3,   -3,    6,  -15,
     -17,  -15,    6,    6,    6,    6,    6,   -8,  -12,  -22,  -11,  -14,   -6,  -17,  -15,    3,
      -3,   -8,    6,   -5,  -12,   -5,  -11,  -13,   -3,  -13,   -8,   -3,   -8,   -9,  -13,  -17,
      -8,   -8,   -8,   -8,   -8,  -11,  -13,  -11,   -8,   -8,   -8,   -3,   -7,   -8,  -11,   -8,
      -8,  -11,  -11,    3,  -14,  -11,  -17,    3,  -11,  -23,   -3,   11,   -7,   11,    3,    3,
       3,    3,  -11,  -11,   -9,    5,    3,    3,    5,  -17,  -11,   -7,  -11,  -22,  -16,  -14,
     -13,  -17,  -13,  -13,  -22,   -7,  -14,   17,   23,   60,   11,   -8,  -15,   -3,   17,   23,
      80,   -3,   23,    5,   23,    3,    5,    3,    6,    3,    8,   -9,    9,   14,    6,   14,
      29,   -3,   23,   -3,   20,   11,   14,    5,   16,   12,   25,    1,   45,   14,   -3,   -9,
       2,    5,   11,   11,  -13,  -17,   -9,   -5,   11,   -5,    3,  -17,   -7,   -8,   -9,  -31,
       4,   -8,  -12,  -13,  -17,   -8,   -5,   -8,  -14,   -5,  -14,  -14,   -8,   -9,   -3,   -3,
      -3,  -11,  -14,  -14,  -14,  -14,  -17,   -8,  -17,  -14,  -14,  -14,   -5,  -14,  -11,  -14,
     -17,  -14,  -14,  -17,  -17,   -3,    3,   -7,   -8,  -10,   -3,   -3,  -11,  -13,   -3,  -17,
      16,   26,    3,   26,   11,  -20,  -19,   -4,    3,    3,    3,    3,   11,    3,    3,    3,
      26,    3,    3,    3,  -19,   -3,   -3,  -41,  -11,   -3,   -5,   -8,   -6,    3,   -6,    3,
       3,    3,   -6,    8,   -5,   10,  -12,    3,    3,    3,    3,   -8,   -6,   -8,    3,    3,
       3,    3,    3,   -6,    3,   -8,    3,    3,   -8,   -8,   -2,  -20,    5,  -11,  -14,   -5,
      -3,   -2,   -8,  -10,  -28,  -19,  -11,  -19,   -3,  -12,   -5,   -3,   -5,   -3,   -6,   -6,
      -7,   -3,  -12,   -5,  -12,   -3,   -6,  -12,  -12,  -12,   -7,  -12,   12,   -2,  -10,   -3,
     -13,   -8,   -2,   -2,   -8,   -2,   -2,   -2,  -10,    5,  -30,   -7,  -13,   -8,   -3,  -10,
      -2,  -42,   -9,   -8,   -8,  -11,   -4,    2,   -4,   -1,    2,   -1,  -12,    5,    4,   12,
      -3,   11,   -6,   -1,   -1,   -1,   -1,  -11,   -4,  -11,   -1,   -1,   -1,    2,  -12,   -6,
      -1,  -11,   -1,   -1,  -11,  -11,    7,   -3,    5,    5,    5,   -8,  -11,   -3,   -3,   -6,
     -11,  -11,   -9,   -3,   -6,  -11,   11,    3,   19,   -5,    5,   11,    8,   16,    8,   16,
       8,   16,   19,    3,    3,  -17,  -12,   -5,  -15,   -5,   -7,  -20,   -5,  -15,  -11,   -9,
      -3,  -19,    5,  -12,   -3,  -19,  -25,  -16,   -9,   11,   -8,    3,    3,   -7,  -12,  -17,
     -12,   12,    3,    5,   -8,    3,   -8,    3,   -7,   -8,    4,   -8,    5,   -7,  -25,  -16,
     -16,  -13,  -11,   -8,  -25,  -17,  -22,   -8,   -3,   -3,   -6,   -3,   -6,   -6,   -6,   -3,
      -6,  -16,  -16,  -13,   -8,   -6,   -6,   -6,   -6,   -3,   -3,   -3,   -6,   -6,   -6,   -6,
      -3,   -8,   -6,   -3,   -6,   -6,   -3,   -3,  -16,   -3,   -5,  -12,   -5,  -11,  -13,    1,
     -13,   -8,    1,   -8,   -9,  -13,  -17,   -8,   -8,   -8,   -8,   -8,  -11,  -13,  -11,   -8,
      -8,   -8,    1,   -7,   -8,  -11,   -8,   -8,  -11,  -11,    3,  -14,  -11,  -17,    3,  -11,
     -23,   -3,   11,   -7,   11,    3,    3,    3,    3,  -11,  -11,   -9,    7,   10,    3,    5,
       3,   10,    3,  -17,  -11,   -7,  -23,   -3,   11,   -7,   11,   15,    3,   15,    3,  -11,
     -11,   -9,    5,    5,   17,   15,   11,    4,   10,    3,   10,   19,    4,  -17,  -11,   -7,
     -23,   -3,   11,   -7,   11,   10,    3,   10,    3,  -11,  -11,   -9,    7,   11,   10,   10,
       3,    3,   11,    7,  -17,  -11,   -7,  -23,   -3,   11,   -7,   11,   14,    3,   14,    3,
     -11,  -11,   -9,    5,    1,   14,   17,   14,   14,    3,    8,    3,    7,   17,   10,  -17,
     -11,   -7,  -16,  -67,  -22,    2,  -25,    4,  -25,  -16,    3,  -20,  -13,  -53,  -35,  -43,
     -13,  -49,  -14,    4,  -11,  -14,  -11,  -14,  -13,  -11,  -13,   -8,  -19,  -19,  -28,   -3,
     -28,  -13,    3,   -8,  -20,  -20,  -13,  -13,  -13,  -13,  -11,  -14,  -11,  -13,  -13,  -20,
     -13,  -11,   -8,  -13,  -13,  -11,  -13,  -20,  -13,  -11,  -20,  -13,    3,    4,  -13,  -49,
     -73,  -20,   -9,  -11,  -11,  -19,    7,  -51,  -42,  -17,  -13,   -3,  -41,  -46,  -30,  -11,
     -16,  -19,  -11,   -5,  -12,   -5,  -11,  -21,   -3,  -21,   -8,   -3,   -8,   -9,  -13,  -17,
      -8,   -8,   -8,   -8,   -8,  -11,  -21,  -11,   -8,   -8,   -8,   -3,   -7,   -8,  -11,   -8,
      -8,  -11,  -11,    3,  -14,  -11,  -17,    3,  -11,   32,   34,   38,   27,   38,   47,   38,
       8,   47,   33,   47,   25,   33,   25,   27,   25,   22,   22,   25,   22,   38,   25,   25,
      25,   25,    8,   47,   26,   25,   25,   25,   33,   36,   25,   43,   25,    8,   25,   25,
       8,    8,   22,    8,   -3,   -3,  -19,  -11,  -11,   -3,    8,    5,  -11,   -5,   -3,  -14,
     -22,    7,  -21,  -25,  -28,  -22,  -11,   -8,   -8,  -12,  -11,  -12,  -18,  -15,  -15,  -11,
      -8,   -8,   -8,  -11,  -11,  -11,   -8,   -8,   -8,  -12,  -11,   -8,  -11,   -8,   -8,  -11,
       7,  -22,  -28,  -22,  -30,  -11,  -15,  -11,  -20,  -28,  -15,  -24,  -14,  -11,  -23,   -3,
      11,   -7,   11,   14,    3,   14,    3,  -11,  -11,   -9,   10,    7,   16,   14,   11,    7,
      11,   14,   11,   32,    5,  -17,  -11,   -7,  -23,   -3,   11,   -7,   11,    3,    3,    3,
       3,  -11,  -11,   -9,    5,   10,    3,    7,    3,    3,   17,    3,  -17,  -11,   -7,  -23,
      -3,   11,   -7,   11,    3,    3,    3,    3,  -11,  -11,   -9,    7,   10,   15,    3,   11,
       4,   14,    3,   12,   31,    3,  -17,  -11,   -7,  -23,   -3,   11,   -7,   11,    3,   14,
       3,   14,  -11,  -11,   -9,    5,    3,   14,    5,  -17,  -11,   -7,    5,   10,   11,   10,
      11,  -13,  -17,   -9,   -5,   10,   11,   -5,    3,  -17,    3,    3,    4,    3,    8,    8,
       8,    3,    8,    8,    8,    8,    8,    8,    8,    5,    5,    5,  -10,  -13,  -19,  -11,
     -19,    8,   16,   11,   16,   16,  -12,    7,   -1,    7,   -1,   -6,   -6,   -7,   -3,   16,
     -12,    7,  -12,   -1,   -6,    3,  -12,  -12,  -12,   -7,  -12,  -13,   -1,  -29,  -67,  -34,
     -29,  -22,  -31,   -4,  -52,  -43,  -20,   -8,   -7,   -7,    3,  -14,    3,  -18,   -4,  -35,
      -2,  -16,   -2,  -28,  -16,  -28,  -40,  -22,  -29,  -20,  -44,  -27,  -43,   -5,  -20,  -20,
     -28,  -47,  -21,  -17,  -35,   -2,  -35,  -18,  -29,  -20,  -28,  -16,  -40,  -43,  -47,  -35,
     -22,  -20,  -25,  -35,  -20,   -8,  -51,  -36,  -41,    3,   -5,  -23,  -32,  -35,  -27,  -33,
     -43,  -26,  -31,  -40,  -46,   20,  -14,  -44,  -28,  -31,  -41,  -27,  -52,  -33,  -35,   -3,
     -12,  -23,  -32,  -34,  -17,    4,    4,   -1,   -1,  -13,   -6,   -1,   -1,   -1,   -1,    4,
      -1,   -1,   -1,   -1,   -1,   -1,  -32,  -34,  -32,  -13,    5,    3,    5,    3,    3,    3,
       3,    3,    3,    3,    3,    3,    3,    5,    3,    3,    3,    3,    3,    3,    3,    3,
       4,    3,    4,   11,   11,    5,    5,   11,    4,    4,   11,   11,   11,   11,   11,   11,
      10,   11,   11,    5,    4,    3,   11,   11,   11,   11,   11,   11,   11,   11,   11,    3,
      11,   11,   11,    5,    5,  -23,   -3,   11,   -7,   11,   11,    3,   11,    3,  -11,  -11,
      -9,    4,    4,   12,   11,    7,    3,    7,    3,   10,   25,    3,  -17,  -11,   -7,  -23,
      -3,   11,   -7,   11,    3,    3,    3,    3,  -11,  -11,   -9,    7,   12,    3,    8,    3,
       3,   10,   10,  -17,  -11,   -7,  -23,   -3,   11,   -7,   11,   13,    3,   13,    3,  -11,
     -11,   -9,    1,   12,   16,   13,   12,    5,    4,    3,    4,   15,   14,  -17,  -11,   -7,
     -22,  -21,  -13,   -9,   -3,  -23,  -16,   -3,  -55,  -42,  -37,  -40,  -19,   -6,   -7,   -7,
      -7,  -11,   -7,  -11,   -7,   -7,  -10,  -16,  -23,  -18,  -11,  -16,  -16,  -11,  -11,  -11,
     -11,   -6,   -7,   -6,  -11,  -11,  -16,  -11,   -7,   -7,  -11,  -11,   -6,  -11,  -16,  -11,
      -6,  -16,   -3,  -25,  -20,  -37,  -40,  -48,  -25,  -20,   -6,  -14,  -37,  -23,  -17,   -3,
      -6,   -5,    4,   -8,  -74,  -55,  -42,  -18,  -18,   -3,  -28,  -71,  -19,   -7,    3,  -21,
      -4,   -5,  -44,    4,   -7,    4,  -13,   -7,  -13,  -34,   -7,  -13,   -7,  -16,  -10,   -9,
     -19,  -19,  -13,  -13,  -13,  -13,  -44,    4,  -44,  -13,  -13,  -19,  -13,   -7,  -34,  -13,
     -44,  -13,  -19,  -13,  -44,  -19,  -61,  -47,  -55,   -4,  -13,  -22,  -38,  -44,  -23,  -24,
     -38,  -13,  -10,  -24,  -47,    6,  -21,  -31,   -7,  -15,  -46,  -23,  -28,  -24,  -44,  -11,
      -9,   -3,  -19,  -12,   -3,  -19,  -25,  -16,   -9,   -8,    3,    3,   -7,  -12,  -17,  -12,
       3,    5,   -8,    3,   -8,    3,   -7,   -8,    4,   -8,   12,   -7,  -25,  -16,  -16,  -13,
     -11,   -8,  -25,  -17,  -22,   -8,   -3,  -20,    7,  -11,   -3,  -11,  -14,  -10,   -9,   -1,
      -1,  -11,   -3,   -7,  -21,  -25,  -17,   -5,   -1,   -1,   -1,   -1,   -9,   -9,   -1,   -1,
      -1,  -11,   -5,   -1,   -9,   -1,   -1,   -9,    7,  -14,  -10,   -9,  -19,  -22,  -16,  -26,
     -25,  -20,   10,  -14,  -25,  -19,   -3,  -22,   -9,   -4,  -29,  -13,   -8,   -3,  -26,  -12,
      -1,  -38,  -32,  -52,   -9,  -12,  -12,  -12,  -12,  -12,   -1,  -14,  -15,  -32,  -52,  -53,
     -19,  -32,   -3,  -38,  -22,  -23,   -3,  -22,  -42,  -30,  -59,  -29,  -56,   -9,   -6,   -6,
     -16,  -30,  -30,  -22,  -22,   -6,   -6,   -6,   -6,   -9,   -9,   -6,   -6,  -22,   -6,  -16,
      -6,   -9,   -6,  -22,   -6,   -9,  -22,   -3,    3,  -29,  -56,  -59,  -28,   -9,   -4,    3,
     -49,  -39,  -22,  -29,  -40,  -25,  -23,   -4,   -9,  -13,   -1,  -29,  -67,  -34,  -29,  -22,
     -31,   -4,  -28,  -43,  -20,   -8,   -7,   -7,    3,  -14,    3,  -18,   -4,  -35,   -2,  -16,
      -2,  -28,  -16,  -28,  -40,  -22,  -29,  -20,  -44,  -27,  -43,   -5,  -20,  -20,  -28,  -47,
     -21,  -17,  -35,   -2,  -35,  -18,  -29,  -20,  -28,  -16,  -40,  -43,  -47,  -35,  -22,  -20,
     -25,  -35,  -20,   -8,  -51,  -36,  -41,    3,   -5,  -23,  -32,  -35,  -27,  -33,  -43,  -26,
     -31,  -40,  -46,   20,  -14,  -44,  -28,  -31,  -41,  -27,  -52,  -33,  -35,  -22,  -21,  -13,
      -9,   -3,  -23,  -16,   -3,  -57,  -42,  -37,  -40,  -19,   -6,   -7,   -7,   -7,  -11,   -7,
     -11,   -7,   -7,  -10,  -16,  -23,  -18,  -11,  -16,  -16,  -11,  -11,  -11,  -11,   -6,   -7,
      -6,  -11,  -11,  -16,  -11,   -7,   -7,  -11,  -11,   -6,  -11,  -16,  -11,   -6,  -16,   -3,
     -25,  -20,  -37,  -40,  -48,  -25,  -20,   -6,  -14,  -37,  -23,  -17,   -3,   -6,   -5,    4,
      -8,  -74,  -55,  -42,  -18,  -18,   -3,  -28,  -71,  -19,   -7,    3,  -21,   -4,   -5,  -44,
       4,   -7,    4,  -13,   -7,  -13,  -34,   -7,  -13,   -7,  -34,  -10,   -9,  -19,  -19,  -13,
     -13,  -13,  -13,  -44,    4,  -44,  -13,  -13,  -19,  -13,   -7,  -34,  -13,  -44,  -13,  -19,
     -13,  -44,  -19,  -61,  -47,  -55,   -4,  -13,  -22,  -38,  -44,  -23,  -24,  -38,  -13,  -10,
     -24,  -47,    6,  -21,  -85,   -7,  -15,  -46,  -23,  -28,  -24,  -44,  -13,   12,    3,   12,
      -9,   -3,  -12,   -7,   -5,   15,  -27,  -31,  -16,  -21,   10,  -21,   22,   22,  -33,    5,
      -5,   -5,  -21,  -21,   -5,   22,  -21,   -5,  -21,   -5,   15,   -5,    5,  -16,  -44,  -32,
     -10,   -7,  -21,    5,   -1,  -16,  -30,  -18,  -12,    5,  -21,  -20,   -5,  -24,    3,  -27,
      -3,  -14,  -12,  -29,  -37,  -48,  -17,   -3,   -3,    4,   -3,   -3,    4,   -3,   -5,   -3,
      -5,  -11,  -13,   -6,   -3,   -3,   -3,   -3,   -3,    3,   -3,   -3,   -3,   -3,    4,   -5,
      -3,   -3,   -3,   -3,   -3,  -18,   -9,  -37,  -48,  -26,  -17,   -8,   -3,  -15,   -3,  -89,
     -13,   -3,  -20,   -5,  -24,    3,  -27,   -3,  -14,  -12,  -29,  -37,  -24,  -17,   -3,   -3,
       4,   -3,   -3,    4,   -3,   -5,   -3,   -5,  -11,  -13,   -6,   -3,   -3,   -3,   -3,   -3,
       3,   -3,   -3,   -3,   -3,    4,   -5,   -3,   -3,   -3,   -3,   -3,  -18,   -9,  -37,  -24,
     -26,  -17,   -8,   -3,  -15,   -9,   -3,  -89,  -13,   -3,  -17,  -10,   -3,   -3,   -3,  -16,
     -13,   -3,   -3,   -3,   -3,   -3,   -3,   -3,   -3,   -3,   -3,   -8,  -13,  -21,  -13,  -11,
     -16,  -20,   -8,   13,    4,   27,   10,   21,   -7,    3,   42,    3,   -7,   42,   -7,    1,
       4,    5,   -7,   -7,   -7,   -7,   -7,    3,   -7,   -7,   -7,   -7,   42,   -7,   -7,   -7,
      -7,   -7,   -7,    4,   -9,   10,  -22,  -17,   -7,    3,    1,  -25,  -25,    4,  -14,   -7,
      13,    4,   27,   10,   21,   -7,    3,   16,    3,   -7,   16,   -7,    1,    5,    5,   -7,
      -7,   -7,   -7,   -7,    3,   -7,   -7,   -7,   -7,   16,   -7,   -7,   -7,   -7,   -7,   -7,
       4,   -9,   10,  -22,  -17,   -7,    3,    1,  -25,  -25,    4,   -9,   -7,   -5,  -22,   10,
      -4,   -5,   -7,   -7,   -5,  -15,  -22,   -7,   -7,   -7,   -7,   -5,   -5,   -7,   -7,   -7,
      -5,   -7,   -5,   -7,   -7,   -5,   -5,  -14,   -7,  -26,  -20,   -5,  -15,  -23,  -14,   -5,
     -23,   -3,   11,   -7,   11,   15,    3,   15,    3,  -11,  -11,   -9,   15,    3,  -17,   19,
     -11,   -7,  -13,   -5,  -15,  -14,  -57,   -4,  -12,  -13,  -89,  -13,  -20,   -7,  -84,  -27,
     -16,  -18,  -97,  -17,  -14,   -5,  -13,   -5,  -13,  -22,  -19,  -18,  -23,  -16,   -7,  -20,
     -20,  -13,  -13,  -20,  -16,  -14,  -14,  -20,  -13,  -20,  -13,   -5,  -22,   -7,  -13,  -14,
     -21,  -20,  -13,  -14,  -20,   -7,   -3,    4,  -18,  -97,  -99,  -15,  -11,  -14,    1,  -16,
      -3,  -35,  -33,  -36,  -28,  -40,  -41,  -89,  -16,  -14,  -42,    3,    3,    3,    3,    3,
       3,    3,  -22,  -47,  -52,  -20,  -36,  -79,  -10,    3,  -24,   10,   10,  -17,  -17,  -31,
     -13,  -19,  -37,  -28,  -10,  -10,  -17,  -17,  -17,  -17,  -24,   10,  -24,  -17,  -17,  -10,
     -17,  -31,  -17,  -24,  -17,  -10,  -17,  -24,  -11,  -45,  -33,  -21,    3,  -12,  -37,  -55,
     -37,  -31,  -43,  -34,  -28,  -22,  -31,   16,  -37,  -37,  -36,  -31,  -24,   -3,   -3,  -41,
     -11,   -3,   -5,   -8,   -6,    3,   -6,    2,    3,    2,   -6,    8,   -5,   10,  -12,    2,
       2,    2,    2,   -8,   -6,   -8,    2,    2,    2,    3,    3,   -6,    2,   -8,    2,    2,
      -8,   -8,   -2,  -39,    5,  -11,  -14,   -5,   -3,   -2,   -8,  -38,  -22,  -23,   -3,  -22,
     -42,  -30, -110,  -29,  -56,   -9,   -6,   -6,  -16,  -30,  -30,  -22,  -22,   -6,   -6,   -6,
      -6,   -9,   -9,   -6,   -6,  -22,   -6,  -16,   -6,   -9,   -6,  -22,   -6,   -9,  -22,   -3,
       3,  -29,  -56, -112,  -28,   -9,   -4,    3,  -49,  -39,  -22,  -29,  -40,  -25,  -23,   -4,
      -9,  -13,   12,    3,   12,   -9,   -3,  -50,   -7,  -18,   32,  -27,  -31,  -16,  -21,   10,
     -21,   41,   41,  -33,    5,  -18,  -18,  -21,  -21,  -18,   41,  -21,  -18,  -21,  -18,   31,
      -5,    5,  -16,  -44,  -74,  -10,   -7,  -21,    5,   -1,  -16,  -30,  -18,  -50,    5,  -21,
     -13,   12,    3,   12,   -9,   -3,  -53,   -7,  -23,   15,  -27,  -31,  -16,  -21,   10,  -21,
      38,   39,  -33,   -2,   -1,    5,  -23,  -23,  -21,  -21,  -23,   38,  -21,  -23,  -21,  -23,
      15,   -5,    5,  -16,  -44,  -32,  -10,   -7,  -27,   -8,    2,   -1,  -38,  -16,    6,  -30,
     -18,  -53,    2,  -21,   -7,   -8,   -9,  -31,    4,   -8,  -12,  -13,  -17,   -8,   13,   -8,
     -14,   13,  -14,  -14,   -8,   -9,  -24,   -3,   -3,  -11,  -14,  -14,  -14,  -14,  -17,   -8,
     -17,  -14,  -14,  -14,   13,  -14,  -11,  -14,  -17,  -14,  -14,  -17,  -17,   -3,   11,   -7,
      -8,  -10,   -3,   -3,  -11,  -13,    2,  -17,   12,   -2,   19,   -5,   19,   -5,   -5,  -10,
      -3,  -21,   -8,   -5,   -5,   -5,   -5,   -2,   -2,   -5,   -5,   -5,   19,   -8,   -5,   -2,
      -5,   -5,   -2,   -2,  -19,    5,  -30,   -7,  -13,   -8,   -3,  -14,   -2,  -20,   -5,  -24,
       3,  -27,   -3,  -14,  -12,  -29,  -37,  -24,  -17,   -3,   -3,    4,   -3,   -3,    4,   -3,
      -5,   -3,   -5,  -11,  -13,   -6,   -3,   -3,   -3,   -3,   -3,    3,   -3,   -3,   -3,   -3,
       4,   -5,   -3,   -3,   -3,   -3,   -3,  -18,   -9,  -37,  -24,  -77,  -17,   -8,   -3,  -15,
      -3,  -89,  -13,   -3,  -13,   12,    3,   12,   -9,   -3,  -53,   -7,   -5,   15,  -27,  -31,
     -16,  -21,   10,  -21,   22,   22,  -33,    5,   -5,   -5,  -21,  -21,   -5,   22,  -21,   -5,
     -21,   -5,   15,   -5,    5,  -16,  -44,  -32,  -10,   -7,  -21,    5,   -1,  -16,  -30,  -18,
     -53,    5,  -21,   -7,   -8,   -9,  -31,    4,   -8,  -12,  -13,  -17,   -8,   20,   -8,  -14,
      20,  -14,  -14,   -8,   -9,   -3,   -3,   -3,  -11,  -14,  -14,  -14,  -14,  -17,   -8,  -17,
     -14,  -14,  -14,   20,  -14,  -11,  -14,  -17,  -14,  -14,  -17,  -17,   -3,    9,   -7,   -8,
     -10,   -3,   -3,  -11,  -13,    2,  -17,  -31,  -13,   -5,  -15,  -14,  -57,   -4,  -12,  -13,
     -37,  -13,  -20,   -2,  -23,  -27,  -16,  -18,  -17,  -17,  -14,   -4,  -13,   -4,  -13,  -22,
     -19,  -18,  -23,  -16,   -7,  -20,  -20,  -13,  -13,  -20,  -16,  -14,  -14,  -20,  -13,  -20,
     -13,   -4,  -22,   -7,  -13,  -14,  -21,  -20,  -13,  -14,  -20,   -2,   -3,    4,  -18,  -17,
     -19,  -15,  -11,  -14,    1,  -16,   -3,  -35,  -33,  -36,  -28,  -40,  -41,  -37,  -16,  -14,
      11,   13,   13,   13,  -13,   -5,  -15,  -14,  -57,   -4,  -12,  -13,  -74,  -13,  -20,    1,
     -23,  -27,  -28,  -18,  -32,  -17,  -14,    1,  -13,    1,  -13,  -22,  -19,  -18,  -23,  -16,
      -7,  -20,  -20,  -13,  -13,  -20,  -16,  -14,  -14,  -20,  -13,  -20,  -13,    1,  -22,   -7,
     -13,  -14,  -21,  -20,  -13,  -14,  -20,    1,   -3,    4,  -18,  -32,  -33,  -15,  -11,  -14,
       1,  -16,   -3,  -35,  -33,  -36,  -28,  -40,  -41,  -74,  -16,  -14,   -7,   -8,   -9,  -31,
       4,   -8,  -12,  -13,  -17,   -8,    1,   -8,  -14,    1,  -14,  -14,   -8,   -9,   -3,   -3,
      -3,  -11,  -14,  -14,  -14,  -14,  -17,   -8,  -17,  -14,  -14,  -14,    1,  -14,  -11,  -14,
     -17,  -14,  -14,  -17,  -17,   -3,    3,   -7,   -8,  -10,   -3,   -3,  -11,  -13,   -3,  -17,
     -16,  -67,  -22,    2,  -25,    4,  -25,  -16,    3,  -20,  -10,  -53,  -35,  -43,  -13,  -49,
     -14,    4,  -11,  -14,  -11,  -14,  -13,  -11,  -13,   -8,  -19,  -19,  -28,   -3,  -28,  -13,
       3,   -8,  -20,  -20,  -13,  -13,  -13,  -13,  -11,  -14,  -11,  -13,  -13,  -34,  -13,  -11,
      -8,  -13,  -13,  -11,  -13,  -20,  -13,  -11,  -20,  -10,    3,    4,  -13,  -49,  -73,  -20,
      -9,  -11,  -11,  -19,    7,  -51,  -42,  -17,  -13,   -3,  -41,  -46,  -30,  -11,  -16,  -19,
     -11,  -23,   -3,   11,   -7,   11,    3,    3,    3,    3,  -11,  -11,   -9,    5,    7,    3,
       3,   16,  -17,  -11,   -7,   -3,  -12,  -47,  -32,  -34,  -17,   -1,   -1,  -13,   -6,   -1,
      -1,   -1,   -1,   -1,   -1,   -1,   -1,   -1,   -1,  -32,  -34,  -32,  -13,    3,    3,    4,
       3,    4,   11,   11,    5,    5,   11,    4,    3,    4,  -42,   -9,   -8,   -8,  -11,  -13,
      25,  -13,    3,   25,    3,  -12,    5,    4,   12,   -3,   11,   -6,    3,    3,    3,    3,
     -11,    1,  -11,    3,    3,    3,   25,  -12,   -6,    3,  -11,    3,    3,  -11,  -11,    7,
      -3,    5,    5,    5,   -8,  -11,   -9,   -3,   -8,
};

static const EpdLigaturePair bitter_18_italicLigaturePairs[] = {
    { 0x00660069, 0xFB01 }, // f i -> U+FB01
    { 0x0066006C, 0xFB02 }, // f l -> U+FB02
};

static constexpr EpdFontData bitter_18_italic = {
    bitter_18_italicBitmaps,
    bitter_18_italicGlyphs,
    bitter_18_italicIntervals,
    68,
    45,
    36,
    -10,
    true,
    bitter_18_italicGroups,
    16,
    nullptr,
    nullptr,  // kernLeftClasses: built-in fonts use split arrays
    nullptr,  // kernRightClasses
    bitter_18_italicKernLeftCodepoints,
    bitter_18_italicKernLeftClassIds,
    bitter_18_italicKernRightCodepoints,
    bitter_18_italicKernRightClassIds,
    nullptr,  // kernMatrix: built-in fonts use sparse rows
    bitter_18_italicKernRowOffsets,
    bitter_18_italicKernSparseCols,
    bitter_18_italicKernSparseValues,
    705,
    701,
    134,
    109,
    bitter_18_italicLigaturePairs,
    2,
};
