/**
 * generated by fontconvert.py
 * name: bitter_8_regular
 * size: 8
 * mode: 2-bit  compressed: true
 * Command used: fontconvert.py bitter_8_regular 8 ../builtinFonts/source/Bitter/Bitter-Regular.ttf ../builtinFonts/source/ChareInk7/ChareInk7-Regular.ttf ../builtinFonts/source/NotoSymbols/NotoSansSymbols-Regular.ttf ../builtinFonts/source/NotoSansCJKsc/NotoSansCJKsc-Regular.otf --additional-intervals 0x03BB,0x03BB --additional-intervals 0x0410,0x0414 --additional-intervals 0x0418,0x0418 --additional-intervals 0x041B,0x041B --additional-intervals 0x041D,0x0423 --additional-intervals 0x0425,0x0425 --additional-intervals 0x0427,0x0427 --additional-intervals 0x042B,0x042C --additional-intervals 0x042E,0x0432 --additional-intervals 0x0434,0x0435 --additional-intervals 0x0437,0x0437 --additional-intervals 0x043A,0x043A --additional-intervals 0x043D,0x043E --additional-intervals 0x0440,0x0440 --additional-intervals 0x0442,0x0442 --additional-intervals 0x0446,0x0446 --additional-intervals 0x044C,0x044C --additional-intervals 0x044E,0x044E --additional-intervals 0x2113,0x2113 --additional-intervals 0x2669,0x266F --additional-intervals 0x4F1A,0x4F1A --additional-intervals 0x53BB,0x53BB --additional-intervals 0x5458,0x5458 --additional-intervals 0x59DA,0x59DA --additional-intervals 0x5B98,0x5B98 --additional-intervals 0x5BA4,0x5BA4 --additional-intervals 0x5E26,0x5E26 --additional-intervals 0x6211,0x6211 --additional-intervals 0x62C9,0x62C9 --additional-intervals 0x653E,0x653E --additional-intervals 0x6746,0x677F --additional-intervals 0x7532,0x7532 --additional-intervals 0x7684,0x7684 --additional-intervals 0x8BAE,0x8BAE --additional-intervals 0x8BF7,0x8BF7 --additional-intervals 0x91CA,0x91CA --font-include-intervals 1:0x03BB,0x03BB --font-include-intervals 1:0x0410,0x0414 --font-include-intervals 1:0x0418,0x0418 --font-include-intervals 1:0x041B,0x041B --font-include-intervals 1:0x041D,0x0423 --font-include-intervals 1:0x0425,0x0425 --font-include-intervals 1:0x0427,0x0427 --font-include-intervals 1:0x042B,0x042C --font-include-intervals 1:0x042E,0x0432 --font-include-intervals 1:0x0434,0x0435 --font-include-intervals 1:0x0437,0x0437 --font-include-intervals 1:0x043A,0x043A --font-include-intervals 1:0x043D,0x043E --font-include-intervals 1:0x0440,0x0440 --font-include-intervals 1:0x0442,0x0442 --font-include-intervals 1:0x0446,0x0446 --font-include-intervals 1:0x044C,0x044C --font-include-intervals 1:0x044E,0x044E --font-include-intervals 1:0x2113,0x2113 --font-include-intervals 2:0x2669,0x266F --font-include-intervals 3:0x4F1A,0x4F1A --font-include-intervals 3:0x53BB,0x53BB --font-include-intervals 3:0x5458,0x5458 --font-include-intervals 3:0x59DA,0x59DA --font-include-intervals 3:0x5B98,0x5B98 --font-include-intervals 3:0x5BA4,0x5BA4 --font-include-intervals 3:0x5E26,0x5E26 --font-include-intervals 3:0x6211,0x6211 --font-include-intervals 3:0x62C9,0x62C9 --font-include-intervals 3:0x653E,0x653E --font-include-intervals 3:0x6746,0x677F --font-include-intervals 3:0x7532,0x7532 --font-include-intervals 3:0x7684,0x7684 --font-include-intervals 3:0x8BAE,0x8BAE --font-include-intervals 3:0x8BF7,0x8BF7 --font-include-intervals 3:0x91CA,0x91CA --2bit --compress --pnum --darken-aa --zopfli
 */
#pragma once
#include "EpdFontData.h"

static const uint8_t bitter_8_regularBitmaps[16352] = {
    0x75, 0x93, 0x01, 0xA4, 0x64, 0xD7, 0x19, 0xC7, 0x7F, 0xF7, 0x9E, 0x26, 0x37, 0xCD, 0xE9, 0xDE,
    0x6F, 0x20, 0x8A, 0xDD, 0x37, 0x37, 0x28, 0x2A, 0x99, 0x99, 0xBB, 0x78, 0xAD, 0x91, 0x9E, 0xD9,
    0x39, 0xB1, 0x14, 0x4A, 0x05, 0x49, 0x83, 0x2D, 0x5B, 0xAA, 0x54, 0x90, 0xB7, 0xA4, 0x65, 0xD4,
    0xDB, 0xBD, 0x27, 0x59, 0x40, 0x91, 0xD5, 0x4A, 0xA0, 0xAD, 0x2E, 0x05, 0xCD, 0x96, 0xF7, 0xD4,
    0xC3, 0x53, 0x6F, 0xF6, 0x9E, 0xEE, 0xC3, 0xA2, 0x24, 0xB7, 0x68, 0x8B, 0x15, 0xBD, 0xCD, 0x16,
    0x2A, 0x8D, 0xDC, 0xB4, 0x57, 0x3B, 0xBB, 0x99, 0x99, 0xDB, 0x99, 0xE9, 0xBC, 0xB7, 0xBB, 0xD9,
    0xE4, 0xFE, 0x7F, 0xDF, 0xF8, 0xCE, 0xF1, 0xCD, 0xFF, 0x7C, 0xF7, 0x9C, 0x73, 0xFB, 0xEB, 0x07,
    0xFA, 0x86, 0xDB, 0xF6, 0xDF, 0xEE, 0xB6, 0xFD, 0x95, 0x0D, 0x08, 0x7E, 0xEF, 0xC3, 0x1B, 0x5E,
    0xDD, 0xF0, 0x69, 0x53, 0x7F, 0xF1, 0x2F, 0x85, 0x3A, 0xEB, 0x22, 0x65, 0x4F, 0x9E, 0xB3, 0xC3,
    0xA6, 0x12, 0x4D, 0x2C, 0xC4, 0x31, 0x81, 0x5F, 0x12, 0xFD, 0x9D, 0x61, 0xC3, 0x9E, 0xA6, 0x7A,
    0x94, 0x03, 0x18, 0x16, 0x3C, 0x3A, 0x83, 0x84, 0x2B, 0x9A, 0x52, 0xB8, 0x73, 0x9D, 0xAC, 0x5E,
    0x57, 0x62, 0xD1, 0x45, 0x8C, 0xB9, 0xD0, 0x61, 0xB3, 0xFF, 0x03, 0x4E, 0xF7, 0x4B, 0xFA, 0x5F,
    0xF5, 0x24, 0xB7, 0x2D, 0xC4, 0x43, 0x4B, 0xE7, 0x3D, 0xCF, 0x57, 0x7C, 0xC1, 0x47, 0xBE, 0x08,
    0xFD, 0x1F, 0xBD, 0xB2, 0xB9, 0x03, 0xD0, 0x77, 0x18, 0xEE, 0x30, 0x8A, 0xD8, 0x0B, 0x30, 0x90,
    0x34, 0x65, 0x7A, 0xCD, 0xEF, 0x29, 0x57, 0x29, 0x57, 0x47, 0xF6, 0xE2, 0x79, 0xD2, 0x29, 0x40,
    0x59, 0x95, 0x57, 0x09, 0xAC, 0xF2, 0x9A, 0x98, 0x0E, 0x86, 0xFE, 0x42, 0xA3, 0x85, 0xFA, 0x98,
    0x85, 0x36, 0x10, 0x22, 0x1B, 0x7A, 0x68, 0xB1, 0xBB, 0x1E, 0x0B, 0x9A, 0xC8, 0x46, 0x6E, 0x21,
    0xAB, 0x91, 0xD5, 0xFF, 0xFA, 0xEC, 0x02, 0x9F, 0xE7, 0x71, 0xF2, 0x52, 0x78, 0xC6, 0xB7, 0x2C,
    0x05, 0xAC, 0x78, 0xEA, 0xAE, 0x1D, 0x36, 0xEE, 0x78, 0x08, 0x18, 0xD3, 0x39, 0xDD, 0x7A, 0xC9,
    0xE5, 0x45, 0xDF, 0x40, 0x8B, 0xD3, 0x5C, 0xE0, 0x2A, 0x45, 0xE0, 0x43, 0xAF, 0x9C, 0x22, 0x22,
    0xE6, 0x04, 0xA7, 0x56, 0xA6, 0x2D, 0xC2, 0x39, 0xF2, 0xA1, 0xEF, 0x85, 0xA5, 0xA1, 0xBA, 0x47,
    0x50, 0x26, 0xE7, 0x7C, 0xD4, 0x00, 0x60, 0xB5, 0xCF, 0xFC, 0x77, 0xBD, 0x3A, 0xD6, 0x70, 0x7A,
    0x72, 0xC2, 0x99, 0x9C, 0x4D, 0x6D, 0x9F, 0xD4, 0x16, 0x81, 0x01, 0xD4, 0x68, 0xCF, 0xF0, 0x8D,
    0x45, 0x2B, 0xFE, 0xE9, 0xFA, 0xFA, 0xF8, 0x82, 0xB4, 0x84, 0x0D, 0x3D, 0x79, 0x7C, 0x8A, 0x2C,
    0xB5, 0x77, 0x29, 0x9B, 0x00, 0x3D, 0xC8, 0xA0, 0x21, 0x7C, 0x87, 0xE8, 0x75, 0x44, 0xE8, 0x08,
    0x23, 0xA1, 0x69, 0xCA, 0x97, 0x76, 0xAE, 0x20, 0x20, 0xA4, 0xB3, 0xE1, 0xCC, 0xB0, 0xD4, 0xB0,
    0x7E, 0x62, 0x8C, 0x2C, 0xF5, 0xBD, 0x8B, 0x59, 0x0D, 0xE1, 0x0C, 0xF9, 0x07, 0x03, 0x18, 0x41,
    0x05, 0x1F, 0x4F, 0x99, 0xA5, 0x54, 0xDA, 0x2E, 0xD8, 0xD3, 0x76, 0xB0, 0x45, 0x32, 0x05, 0xC8,
    0x1A, 0xF2, 0x86, 0x5D, 0xE1, 0xB9, 0x1E, 0x98, 0x55, 0x75, 0x0D, 0x15, 0x61, 0x89, 0xF2, 0x44,
    0x0E, 0x01, 0x58, 0xB9, 0xED, 0xD8, 0x8E, 0xF2, 0x46, 0xF9, 0x9E, 0xB6, 0x7A, 0x86, 0xCE, 0xE9,
    0x44, 0xDE, 0xAC, 0x67, 0x9C, 0x9E, 0x03, 0x44, 0x13, 0xD2, 0x1C, 0xA3, 0xED, 0x48, 0xF9, 0x05,
    0x26, 0xF2, 0x69, 0xE3, 0x83, 0x9F, 0x1E, 0x19, 0x5D, 0x24, 0xAD, 0x01, 0xFA, 0x66, 0xFD, 0x6B,
    0xD6, 0x49, 0xFF, 0x74, 0x8B, 0x08, 0x32, 0xA2, 0x92, 0x33, 0x2C, 0xD1, 0x25, 0x5C, 0x87, 0x88,
    0xA7, 0xDE, 0x62, 0xD8, 0x58, 0x00, 0xD6, 0xB9, 0x65, 0x46, 0x5A, 0x32, 0x66, 0xAC, 0xCB, 0x19,
    0x96, 0xB4, 0x78, 0xA6, 0x66, 0xC4, 0x5E, 0x50, 0x6A, 0xB7, 0x3C, 0x2C, 0x80, 0x18, 0x01, 0x82,
    0xFC, 0x0A, 0xF2, 0xC6, 0x3E, 0x86, 0x36, 0x17, 0x9A, 0x6F, 0x50, 0x9D, 0x3D, 0x74, 0x65, 0xB8,
    0x88, 0xE6, 0xD0, 0xBD, 0x77, 0xE3, 0xD0, 0xFD, 0xEB, 0xE6, 0x4D, 0x76, 0x27, 0x33, 0x0C, 0x20,
    0x6F, 0x5A, 0xC2, 0xB9, 0x05, 0x03, 0x17, 0xA1, 0x81, 0x5B, 0x84, 0x37, 0x9D, 0x3A, 0xF4, 0xEA,
    0xAC, 0xD7, 0xD7, 0x4A, 0x69, 0xAA, 0x0D, 0x2A, 0xC3, 0x7E, 0x73, 0xB6, 0x49, 0xEF, 0x92, 0xEE,
    0x78, 0x09, 0x0B, 0x09, 0x0A, 0x51, 0x5E, 0x76, 0xAC, 0x34, 0x4E, 0x82, 0x52, 0xA8, 0x96, 0xBC,
    0x58, 0x64, 0x8D, 0x25, 0x77, 0xFA, 0xFD, 0x2A, 0x61, 0x77, 0xC0, 0x77, 0x0C, 0xDC, 0x4F, 0x4A,
    0x4B, 0xFE, 0x5C, 0x85, 0x8D, 0x03, 0xD2, 0xF9, 0xC2, 0xAA, 0x10, 0x6A, 0x61, 0x5B, 0x30, 0x0F,
    0x52, 0xCB, 0x8B, 0xE5, 0xC2, 0x2A, 0x6D, 0x7C, 0x7A, 0xCD, 0x0B, 0x0B, 0x58, 0xF2, 0x16, 0x32,
    0x67, 0x9D, 0x53, 0xC8, 0x0B, 0x8B, 0xE5, 0x8A, 0x75, 0x4D, 0x70, 0x54, 0xF3, 0xEB, 0xE3, 0x9A,
    0x35, 0x59, 0x09, 0xF9, 0x95, 0xE8, 0xEE, 0x44, 0xD8, 0x1C, 0xF0, 0xA5, 0x75, 0x33, 0xE1, 0xDC,
    0x04, 0x63, 0xC3, 0x28, 0x65, 0x24, 0x7F, 0xDA, 0x0F, 0x9B, 0x12, 0x48, 0xFD, 0x8E, 0x4D, 0xDD,
    0x75, 0x84, 0xCE, 0xBD, 0x78, 0xEB, 0x00, 0x69, 0xA6, 0x0F, 0xCE, 0x31, 0x20, 0xF3, 0x8D, 0x4B,
    0x7D, 0xEA, 0x84, 0x4F, 0x2A, 0xF3, 0x27, 0xAB, 0x93, 0x85, 0xF2, 0x0F, 0xC9, 0x45, 0x2E, 0xE3,
    0xFB, 0xA4, 0x37, 0xA6, 0xE9, 0x6B, 0xB5, 0x84, 0x5E, 0x94, 0x13, 0x41, 0xC6, 0xAB, 0x86, 0x05,
    0x51, 0x5E, 0xC2, 0x52, 0xA8, 0xB3, 0xC3, 0xF9, 0xD3, 0x05, 0xA9, 0x43, 0xF8, 0x34, 0x02, 0x2F,
    0xDF, 0xF2, 0x59, 0xE3, 0x53, 0xFB, 0x68, 0x95, 0x7A, 0x29, 0xA4, 0x48, 0x7C, 0x5C, 0x0D, 0x7D,
    0xBC, 0xF7, 0x8A, 0x8F, 0xCD, 0x6D, 0x1F, 0xF7, 0x0E, 0x7D, 0x2C, 0x97, 0x7D, 0xAC, 0x95, 0x8F,
    0xF9, 0x7F, 0x64, 0x3E, 0xA9, 0x52, 0xBB, 0x65, 0x53, 0xFF, 0x32, 0x52, 0x6E, 0x10, 0x57, 0x8B,
    0xD8, 0x5E, 0xC4, 0x60, 0x11, 0xB2, 0x08, 0xFD, 0x0B, 0x62, 0xF5, 0x01, 0x71, 0x30, 0x43, 0x98,
    0x91, 0xF9, 0x01, 0xE4, 0x2E, 0x7A, 0xBF, 0x12, 0xF6, 0x07, 0x18, 0x43, 0xD7, 0xD0, 0x5B, 0xB1,
    0x48, 0x4C, 0x8F, 0x6D, 0x79, 0xF3, 0xE8, 0x1C, 0xEF, 0xAC, 0xAE, 0x84, 0x2A, 0x24, 0x28, 0x97,
    0x28, 0x2F, 0xB9, 0x93, 0xC9, 0x27, 0xF6, 0xDF, 0xB1, 0xF0, 0x42, 0xD8, 0x66, 0xB0, 0x90, 0xA1,
    0x87, 0xA1, 0x7D, 0x5F, 0x74, 0x57, 0x33, 0x0B, 0x53, 0x56, 0xAE, 0xE2, 0x20, 0xB8, 0x5B, 0x40,
    0xEA, 0x8E, 0xAE, 0x5C, 0x29, 0xAC, 0xFC, 0xCF, 0xF9, 0xF5, 0x76, 0x45, 0x6E, 0xB9, 0x56, 0x50,
    0x66, 0xE5, 0x54, 0x4F, 0xB8, 0xB4, 0x43, 0x15, 0x53, 0x3D, 0xC2, 0x04, 0x86, 0x05, 0xD1, 0x14,
    0x52, 0xAC, 0x50, 0x08, 0xF5, 0xCB, 0xE4, 0x13, 0x80, 0xBC, 0x29, 0x7E, 0x77, 0xB7, 0xBC, 0x5A,
    0x95, 0xB6, 0xB2, 0x54, 0x3C, 0x8C, 0x9E, 0xB1, 0xF5, 0x6A, 0xCE, 0x96, 0x1D, 0xAF, 0x1B, 0x7B,
    0x38, 0x62, 0xFA, 0x08, 0x23, 0xF4, 0x4F, 0x96, 0xAD, 0x7A, 0x00, 0x76, 0x5E, 0xBB, 0x7E, 0xE9,
    0xD9, 0x49, 0x9B, 0x5D, 0xA1, 0x92, 0xA0, 0x88, 0x5E, 0xF3, 0xEA, 0xD0, 0xA9, 0x9B, 0x36, 0xB8,
    0x05, 0x73, 0x98, 0xC2, 0xF6, 0xAA, 0xCC, 0x16, 0xA9, 0xBF, 0x14, 0x56, 0xA9, 0xED, 0xAA, 0x2A,
    0x26, 0x56, 0xF5, 0x29, 0x24, 0xEA, 0x77, 0xD0, 0x62, 0xFA, 0x44, 0xDF, 0xEC, 0x6C, 0xA2, 0x7E,
    0x1E, 0x5F, 0x40, 0xFD, 0x53, 0x76, 0x09, 0x27, 0xBA, 0x24, 0xA8, 0x23, 0x0F, 0x95, 0xF2, 0x00,
    0xB0, 0x75, 0xE3, 0x20, 0x7D, 0x76, 0xA2, 0x5F, 0x2D, 0x16, 0xF6, 0xC1, 0xC7, 0x70, 0x00, 0x63,
    0xF8, 0x10, 0x75, 0xD3, 0x69, 0x55, 0xB4, 0xA9, 0x9A, 0xCB, 0xB3, 0x9D, 0xAF, 0x4F, 0xAE, 0x87,
    0x75, 0x7B, 0x75, 0xBB, 0xA2, 0x1F, 0xA3, 0xDE, 0x86, 0x29, 0xD4, 0xB0, 0xB7, 0x46, 0xCD, 0x19,
    0x36, 0xC5, 0x99, 0x6B, 0xC5, 0x66, 0xE4, 0x5B, 0x02, 0x03, 0xD8, 0x27, 0xA8, 0x50, 0x1E, 0x6D,
    0x49, 0xB8, 0x3A, 0x78, 0xA1, 0xCC, 0x9A, 0xB2, 0x45, 0xE6, 0x2E, 0xF0, 0x59, 0xFA, 0x91, 0xCD,
    0xAC, 0xA3, 0x64, 0x97, 0xD3, 0x6C, 0xD2, 0xE1, 0x14, 0x27, 0x88, 0xD1, 0x28, 0x94, 0x0B, 0x7D,
    0xE0, 0x29, 0xB0, 0x01, 0x0D, 0xFA, 0x33, 0xB5, 0x45, 0x0E, 0x8E, 0xB0, 0x42, 0xED, 0x21, 0x86,
    0x53, 0x31, 0x46, 0x03, 0xCB, 0xE6, 0x9E, 0x78, 0xC1, 0xB6, 0x30, 0x88, 0x0D, 0x6D, 0x32, 0x61,
    0x70, 0x89, 0x2F, 0x0B, 0x08, 0x49, 0xC3, 0xE0, 0x3C, 0x23, 0xC1, 0x64, 0xA4, 0x7F, 0xF5, 0xC0,
    0x14, 0xCC, 0x11, 0x83, 0x39, 0xC3, 0xF3, 0xD6, 0x28, 0xFF, 0x00, 0x89, 0x4D, 0x67, 0x00, 0xD1,
    0x9C, 0xE4, 0x3C, 0x46, 0x33, 0x62, 0x8D, 0x81, 0x9E, 0x46, 0xCF, 0x00, 0x48, 0x2D, 0xDA, 0x12,
    0x2D, 0x89, 0x1A, 0x9B, 0x9C, 0xB3, 0x26, 0xB2, 0xFD, 0xC8, 0x8E, 0x56, 0x2C, 0xF2, 0x33, 0x89,
    0x93, 0xFF, 0x96, 0x40, 0x34, 0x25, 0xD9, 0xC2, 0x68, 0x3B, 0x38, 0xE7, 0xB2, 0xC6, 0xAE, 0x7C,
    0x48, 0x35, 0x7A, 0x0E, 0xA0, 0xA6, 0xF2, 0x7C, 0x4C, 0x4C, 0x56, 0xA6, 0x57, 0x62, 0x8E, 0xD4,
    0x26, 0xF7, 0xBA, 0xF1, 0x83, 0xC4, 0xF6, 0x35, 0x23, 0x8D, 0x11, 0x92, 0x29, 0x1B, 0x96, 0xC1,
    0xF3, 0xA4, 0x8D, 0xDD, 0x54, 0x7E, 0x57, 0xF9, 0xF1, 0x39, 0x97, 0xCE, 0x19, 0x43, 0x17, 0x36,
    0x58, 0x91, 0x93, 0xFC, 0xCC, 0xB7, 0x95, 0xDF, 0xB8, 0x8F, 0xAE, 0xF2, 0xF9, 0xEB, 0xD5, 0x09,
    0x7A, 0x3C, 0x06, 0x5C, 0xA2, 0x47, 0xFB, 0x3E, 0xE5, 0x3E, 0x42, 0x6C, 0x08, 0xA4, 0x56, 0x3F,
    0x2C, 0x12, 0xA6, 0xEB, 0x25, 0xD6, 0xA4, 0xBE, 0x2B, 0x74, 0x3B, 0xF4, 0xF6, 0x49, 0x27, 0x74,
    0x0D, 0xDD, 0x98, 0xAE, 0xB6, 0xCD, 0xE5, 0x72, 0x4C, 0x97, 0x8D, 0x87, 0xD4, 0x23, 0x77, 0xDB,
    0xB9, 0x94, 0xE9, 0xAD, 0x3B, 0xF5, 0xA2, 0xB3, 0xD1, 0xA7, 0x45, 0xFE, 0xFA, 0x47, 0xCD, 0x76,
    0x6E, 0xD3, 0x5B, 0xBE, 0x1D, 0x7E, 0x82, 0x22, 0x7F, 0xA7, 0x8E, 0x66, 0xAB, 0x93, 0x88, 0x5C,
    0x7F, 0x51, 0xBB, 0xC2, 0x28, 0x77, 0x46, 0x90, 0x19, 0xC0, 0xC1, 0x9C, 0xF4, 0x97, 0x6E, 0xF9,
    0xAE, 0x61, 0xB1, 0x46, 0xF9, 0xB6, 0x76, 0xC9, 0x7C, 0xBD, 0x2B, 0x3D, 0xC8, 0x3D, 0x9F, 0x71,
    0x48, 0x56, 0x3E, 0x5E, 0x9F, 0x22, 0xDA, 0x31, 0x2C, 0xB7, 0xC7, 0xE9, 0xBB, 0xED, 0x2F, 0xDC,
    0xBF, 0x3F, 0x32, 0x19, 0x74, 0xFA, 0x8F, 0x9D, 0xB1, 0x52, 0x73, 0xF0, 0x64, 0x77, 0xD3, 0x0C,
    0x6B, 0x80, 0x0D, 0xBA, 0xE4, 0xE5, 0xCB, 0xCF, 0x75, 0x39, 0x52, 0xBB, 0x25, 0x15, 0x1C, 0x88,
    0x37, 0x91, 0xEF, 0xA8, 0x7B, 0x74, 0x95, 0x4F, 0x12, 0x2F, 0xFF, 0xA9, 0x80, 0xE1, 0x1F, 0xAA,
    0x44, 0x79, 0x51, 0x5E, 0x2B, 0xAB, 0x56, 0x9F, 0x5A, 0xF8, 0x2E, 0x4C, 0x61, 0x02, 0x30, 0xBC,
    0x7C, 0x38, 0x69, 0x47, 0xBE, 0x12, 0x29, 0x0A, 0x7D, 0xE2, 0x6F, 0x3E, 0xFA, 0xF6, 0x6F, 0xBD,
    0xFA, 0xCD, 0x2B, 0x4E, 0x4D, 0xBE, 0x66, 0xC3, 0x6A, 0x48, 0x50, 0xA5, 0x00, 0xE4, 0x91, 0xEF,
    0x09, 0x62, 0x50, 0xF5, 0xEA, 0x6B, 0xA8, 0x97, 0x79, 0xB7, 0xCD, 0x64, 0xE8, 0x8F, 0x17, 0x88,
    0xCE, 0x2E, 0x17, 0x08, 0xDF, 0x86, 0x0F, 0x60, 0x0A, 0xFB, 0xB0, 0x0B, 0x15, 0x91, 0x67, 0x68,
    0xC9, 0x66, 0x3F, 0xDC, 0x7E, 0x72, 0x9F, 0x4A, 0x79, 0x6D, 0xDB, 0x8F, 0x98, 0x38, 0x9B, 0x63,
    0x75, 0x21, 0xC4, 0x6B, 0x6D, 0xB0, 0xCF, 0x36, 0xF1, 0xB1, 0xC4, 0x86, 0x85, 0x2B, 0x1E, 0x7C,
    0x5A, 0x8C, 0x91, 0x63, 0x69, 0x54, 0x11, 0xB9, 0x7B, 0xE3, 0x1E, 0xFB, 0x00, 0x49, 0xE1, 0x37,
    0x73, 0xC7, 0xE7, 0xF8, 0x1F, 0x9D, 0x94, 0x01, 0xA4, 0x5C, 0xD9, 0x19, 0x80, 0xBF, 0x73, 0xCE,
    0x24, 0x77, 0x37, 0x57, 0xE6, 0x0C, 0x76, 0x49, 0x79, 0x6F, 0x6E, 0x10, 0xAC, 0x98, 0x79, 0x27,
    0x74, 0xAA, 0xB3, 0x9C, 0xC9, 0x9C, 0x08, 0x0B, 0xD0, 0x60, 0x63, 0x51, 0x9A, 0x07, 0x40, 0xB5,
    0xEF, 0x61, 0xCB, 0x5B, 0x66, 0x33, 0x67, 0x53, 0xBA, 0x6A, 0xCB, 0x46, 0xD1, 0x45, 0x55, 0x53,
    0x09, 0x48, 0x4A, 0x06, 0xD1, 0x3E, 0xFA, 0x92, 0x39, 0xBB, 0x41, 0xE8, 0x23, 0xBD, 0x5B, 0xEC,
    0xD2, 0x45, 0x6F, 0x76, 0x55, 0x55, 0xC4, 0xDE, 0x65, 0x5A, 0xD3, 0xEC, 0xBC, 0x77, 0xFB, 0xE6,
    0x76, 0x48, 0x76, 0x37, 0xF1, 0xAE, 0x9C, 0xFF, 0xFB, 0xAF, 0x33, 0x73, 0xBE, 0xFF, 0x9C, 0xEB,
    0x3F, 0xDC, 0xC6, 0xE0, 0x18, 0x47, 0xBB, 0xFF, 0x1F, 0xC7, 0x40, 0x7A, 0xE5, 0x93, 0xD9, 0x60,
    0x29, 0x7F, 0x2E, 0x67, 0x1E, 0x1B, 0x4B, 0x66, 0xAA, 0xBC, 0xF4, 0x02, 0xB9, 0xEB, 0xF4, 0x35,
    0xDF, 0x54, 0xBE, 0x0D, 0xCB, 0x30, 0x9E, 0xB0, 0x76, 0x09, 0xCD, 0x9C, 0xBA, 0x0C, 0x2B, 0xAF,
    0x85, 0xA2, 0x08, 0x47, 0xA5, 0xEB, 0x17, 0x34, 0x9B, 0xB4, 0xF4, 0x9C, 0xE5, 0x26, 0xFD, 0xC2,
    0x1D, 0x95, 0xAC, 0x7D, 0xB0, 0x65, 0x4E, 0x4D, 0x35, 0x99, 0xBA, 0x10, 0xE4, 0x6D, 0xCF, 0x7D,
    0x0E, 0x15, 0x17, 0x0F, 0x9C, 0x75, 0x71, 0x91, 0x8A, 0x37, 0x1D, 0x16, 0x51, 0xE0, 0xD3, 0x72,
    0xC0, 0x62, 0x12, 0x4F, 0x7A, 0x83, 0xCE, 0x0B, 0x16, 0xE3, 0xFA, 0xD9, 0x68, 0x6B, 0xD4, 0x1A,
    0xB4, 0x92, 0x1B, 0x32, 0x67, 0x63, 0xD5, 0x8E, 0x6E, 0x0C, 0xB3, 0x55, 0xFF, 0x45, 0xD6, 0x70,
    0x62, 0xEC, 0x89, 0xDF, 0xDA, 0xA4, 0xC5, 0x32, 0x27, 0x86, 0x6F, 0x33, 0xFA, 0xF0, 0xA7, 0xEE,
    0xD3, 0xA0, 0xFC, 0x3C, 0xEF, 0x05, 0xE5, 0x46, 0x5F, 0xBE, 0x4D, 0xF7, 0x5B, 0x75, 0x9A, 0x6C,
    0x20, 0x8B, 0x14, 0x00, 0x93, 0x76, 0x72, 0xD6, 0x4D, 0xBE, 0xBE, 0xFE, 0x93, 0x7C, 0xA5, 0x0B,
    0xC3, 0xD9, 0x8B, 0x67, 0x40, 0x1D, 0xD6, 0x2D, 0xFB, 0x7A, 0x37, 0xB7, 0xAF, 0xEB, 0x96, 0x3A,
    0x0C, 0xC7, 0xAF, 0xFA, 0x7E, 0x11, 0x90, 0x0B, 0x00, 0xAE, 0xA0, 0x7F, 0xED, 0xBE, 0x73, 0x26,
    0xBD, 0xFC, 0xFB, 0x13, 0x7F, 0xFD, 0xC5, 0x89, 0x0F, 0xA6, 0xF3, 0xE7, 0xE5, 0x3F, 0xAF, 0x77,
    0x44, 0xD0, 0xD7, 0xE1, 0x0C, 0x67, 0x5D, 0x11, 0x04, 0x26, 0x3D, 0x31, 0x5A, 0x5F, 0x7F, 0x39,
    0xD3, 0x5E, 0x3A, 0xE5, 0x95, 0xFF, 0xE1, 0xBF, 0x8A, 0x5D, 0xE5, 0xE7, 0x01, 0xC5, 0xEE, 0xD9,
    0xB3, 0x35, 0xC6, 0xE1, 0x77, 0xA9, 0x08, 0xCA, 0x6B, 0x2C, 0xE3, 0x0C, 0x86, 0x61, 0x35, 0x95,
    0x21, 0xF1, 0x64, 0x64, 0xC3, 0x00, 0x82, 0x84, 0x2D, 0x2E, 0x72, 0x53, 0x87, 0x5E, 0x14, 0xDA,
    0xEA, 0x2B, 0x98, 0x24, 0x98, 0x87, 0x79, 0x0B, 0x4A, 0x58, 0x86, 0xA8, 0x48, 0xCD, 0xE7, 0xBE,
    0xBF, 0xCD, 0x70, 0x9B, 0xBD, 0xA7, 0xD9, 0x26, 0xDA, 0x46, 0x7C, 0x03, 0xB9, 0x4D, 0x7C, 0x87,
    0xAE, 0x65, 0x89, 0xC4, 0x29, 0xDF, 0x07, 0xDA, 0x3C, 0xE0, 0xF0, 0x22, 0x86, 0x3E, 0xCE, 0xDA,
    0x83, 0x6E, 0xAB, 0xB3, 0xD4, 0x69, 0xF5, 0x36, 0xE2, 0x0C, 0xFA, 0xB3, 0x17, 0x5F, 0x85, 0xCE,
    0xA5, 0x56, 0x47, 0xB7, 0xA3, 0xEF, 0xE9, 0x76, 0xAB, 0xD3, 0xB9, 0x04, 0x00, 0x86, 0x25, 0x86,
    0x74, 0xD1, 0x8C, 0xD0, 0xA4, 0x68, 0xE5, 0xD1, 0x51, 0x1C, 0xFA, 0x77, 0x93, 0x40, 0xEB, 0xBB,
    0x81, 0xCE, 0xE5, 0x40, 0xF6, 0x65, 0x26, 0xC2, 0xB5, 0x54, 0x79, 0x15, 0x58, 0x8C, 0x64, 0x51,
    0x17, 0x33, 0x22, 0x26, 0x25, 0x56, 0xEF, 0x13, 0x47, 0xFD, 0xB4, 0x7F, 0xF7, 0x44, 0x4E, 0x8B,
    0x8C, 0x8E, 0x0C, 0xE4, 0x31, 0x22, 0xB4, 0x51, 0xBE, 0x9F, 0xB3, 0x18, 0xC3, 0x50, 0x67, 0x35,
    0x5D, 0x42, 0x86, 0x2E, 0x89, 0x1F, 0x41, 0x96, 0xC2, 0x67, 0xB7, 0xD3, 0xE1, 0x9D, 0x43, 0x29,
    0xF5, 0xA5, 0x94, 0x56, 0x27, 0xA5, 0xF3, 0xA7, 0x09, 0xF9, 0xF1, 0x4C, 0x04, 0x52, 0x00, 0x15,
    0x54, 0x00, 0x10, 0x41, 0x86, 0xD8, 0xAF, 0xB0, 0xC1, 0x0D, 0x6E, 0xAE, 0x9A, 0xC5, 0x9E, 0x53,
    0x30, 0x20, 0xC0, 0xC2, 0x9B, 0x50, 0xC0, 0x27, 0xC8, 0x3B, 0x5E, 0xDD, 0x0E, 0xEA, 0x74, 0x88,
    0xAF, 0x65, 0xBA, 0xC8, 0x97, 0xC9, 0x2D, 0x9B, 0xC5, 0xE9, 0x02, 0x01, 0x49, 0x59, 0xE2, 0xAA,
    0xF9, 0xCC, 0x1D, 0x79, 0xDF, 0x0B, 0x5C, 0x25, 0xFF, 0xDF, 0x5E, 0x5D, 0x77, 0x40, 0x15, 0x59,
    0x5C, 0x70, 0xF2, 0xB6, 0xE7, 0x54, 0x25, 0x19, 0x0B, 0x1F, 0x97, 0x0C, 0xAA, 0xF9, 0x6B, 0xC5,
    0x84, 0xFE, 0xC3, 0x4D, 0x7A, 0xE9, 0x4B, 0xBC, 0x9C, 0xC2, 0x17, 0x29, 0xDC, 0x2B, 0x82, 0x7A,
    0xFF, 0xA1, 0x57, 0x45, 0x8A, 0xBE, 0x96, 0x52, 0x17, 0xE9, 0x92, 0x95, 0xFF, 0x18, 0x14, 0x71,
    0x31, 0x63, 0xEC, 0xE3, 0xFB, 0x79, 0xC2, 0xA8, 0xC7, 0xAA, 0x85, 0xC7, 0x31, 0x34, 0xF4, 0x47,
    0xB9, 0x2C, 0x3C, 0x5D, 0x30, 0x10, 0xC1, 0x2D, 0x00, 0x99, 0xC1, 0x4D, 0xA8, 0x61, 0x8A, 0x60,
    0xAE, 0x05, 0xCD, 0x1E, 0xCC, 0xB9, 0x8A, 0xDE, 0x65, 0x31, 0x27, 0xD5, 0x67, 0xD3, 0x61, 0x91,
    0x52, 0x83, 0x1E, 0x72, 0x02, 0xAE, 0x9A, 0xDF, 0x80, 0x29, 0xD1, 0x6F, 0x11, 0xA2, 0x92, 0x2F,
    0x0F, 0x11, 0xBD, 0x8B, 0x38, 0x50, 0x49, 0x6E, 0x70, 0x92, 0x38, 0xE0, 0x4C, 0x30, 0x5E, 0xF3,
    0xF5, 0x18, 0x06, 0x5C, 0x14, 0x4E, 0xD2, 0xE0, 0xA9, 0xEB, 0x18, 0xF7, 0x87, 0xCC, 0x35, 0x9E,
    0xB6, 0xBE, 0x7A, 0x71, 0xFE, 0x41, 0x7B, 0xDA, 0xAA, 0xD9, 0xC5, 0x5C, 0x4F, 0x35, 0x13, 0xCD,
    0x40, 0x63, 0xCD, 0x15, 0xDB, 0x9F, 0x58, 0x4D, 0x09, 0x13, 0xFD, 0x5A, 0x36, 0x2C, 0x1C, 0x6F,
    0x5C, 0x82, 0xFB, 0x01, 0x00, 0xE3, 0xD6, 0x9C, 0x09, 0x3F, 0x46, 0x67, 0xCB, 0xD4, 0xF3, 0xBD,
    0x1C, 0xEC, 0x65, 0x6F, 0x2F, 0xF5, 0x5E, 0xC6, 0xBF, 0xA1, 0xAE, 0x1E, 0x50, 0x17, 0x3B, 0x68,
    0x76, 0x18, 0x86, 0x1E, 0x00, 0x9B, 0x60, 0x40, 0xC0, 0xD8, 0x47, 0xF7, 0x73, 0xCD, 0x66, 0x0F,
    0x6B, 0x69, 0x5B, 0x56, 0xE6, 0xCC, 0x27, 0x76, 0x85, 0x81, 0xFE, 0x55, 0x79, 0xAD, 0x94, 0xA6,
    0x76, 0xDC, 0x04, 0x2A, 0x97, 0x00, 0xE7, 0x11, 0xFF, 0x0C, 0x38, 0x57, 0xB5, 0xE4, 0xBF, 0x41,
    0x7E, 0xEE, 0xAB, 0x1F, 0xC1, 0x05, 0x27, 0x3E, 0x0B, 0x9C, 0xAA, 0xEC, 0xD3, 0x3D, 0xBC, 0x62,
    0xE3, 0x5C, 0x65, 0x7A, 0xD3, 0xB6, 0x1B, 0x35, 0x38, 0xC2, 0xF8, 0x46, 0x59, 0x39, 0x6B, 0xAB,
    0x2D, 0x1B, 0xB5, 0xED, 0xE1, 0xA6, 0xED, 0x36, 0xED, 0x7A, 0xDB, 0xA6, 0xD6, 0x84, 0x81, 0xFE,
    0x28, 0xD7, 0x85, 0x5F, 0x62, 0x31, 0x60, 0x13, 0x30, 0x80, 0x80, 0xB5, 0xB7, 0xC6, 0xAC, 0xB9,
    0x9B, 0x34, 0xB1, 0x4F, 0xCC, 0x3A, 0x5D, 0x34, 0x1B, 0xC4, 0xBF, 0xCC, 0x91, 0x45, 0x00, 0x00,
    0x01, 0x68, 0xC7, 0xA2, 0x91, 0xCF, 0xB4, 0xC7, 0xA2, 0xB1, 0x65, 0x67, 0x71, 0xEE, 0xD9, 0xF6,
    0xB8, 0xE0, 0x98, 0x77, 0x8E, 0x53, 0x3C, 0x5B, 0x7D, 0x0D, 0x4E, 0x22, 0x26, 0xE0, 0xB8, 0xFE,
    0xCA, 0xF4, 0x96, 0x9C, 0x34, 0x65, 0xD0, 0xCA, 0x47, 0xEF, 0xA0, 0xEE, 0xC2, 0x0C, 0x26, 0x70,
    0x63, 0x81, 0xDA, 0xC5, 0x04, 0x8C, 0x47, 0xBF, 0x8A, 0x2E, 0x9C, 0x8E, 0x82, 0x96, 0xE9, 0x1C,
    0x15, 0xE6, 0x3F, 0xAF, 0xA0, 0x61, 0x98, 0x21, 0xF7, 0xE6, 0xEF, 0x05, 0x2D, 0xD2, 0xBA, 0x4C,
    0xCF, 0xC7, 0x6E, 0xA5, 0x45, 0xDD, 0x52, 0x4F, 0x5C, 0x3D, 0xCA, 0xEB, 0x6C, 0xD5, 0x8F, 0xDA,
    0x66, 0xD7, 0xDE, 0xEA, 0xE7, 0x80, 0x80, 0x28, 0x94, 0xA7, 0x1F, 0x05, 0x48, 0xA6, 0xF4, 0xCE,
    0xF3, 0x92, 0x06, 0x4D, 0x52, 0xD0, 0x3B, 0xC7, 0x86, 0xC6, 0x0E, 0x31, 0x7F, 0x0F, 0x00, 0x0D,
    0x18, 0x20, 0x33, 0x24, 0x15, 0x64, 0x87, 0xCA, 0xD1, 0x96, 0x5A, 0x6D, 0x7F, 0x39, 0xFE, 0x39,
    0xCD, 0x19, 0x34, 0xF6, 0x37, 0x9F, 0x3F, 0x52, 0x75, 0x4F, 0x99, 0x11, 0x75, 0xE6, 0xC8, 0x6C,
    0x7F, 0xD9, 0x4C, 0xC7, 0xAE, 0xB7, 0xF6, 0x71, 0x38, 0xA6, 0x45, 0x86, 0x26, 0x4F, 0x8A, 0x22,
    0xB7, 0x9A, 0xB9, 0x83, 0x35, 0x1F, 0xA6, 0xE6, 0x5E, 0xE1, 0x01, 0xA2, 0x5D, 0x92, 0x73, 0xD8,
    0x98, 0x0D, 0x16, 0x58, 0x58, 0x89, 0x89, 0x77, 0x20, 0xC0, 0x14, 0x5A, 0xA8, 0x09, 0x02, 0x54,
    0x80, 0x09, 0xBC, 0x00, 0x10, 0xCD, 0x48, 0xD6, 0xB0, 0xB1, 0xEB, 0x7D, 0xDF, 0x0F, 0x0B, 0x57,
    0x56, 0x61, 0x62, 0xE2, 0x5D, 0x00, 0x6A, 0x65, 0x5B, 0x73, 0xA4, 0xAB, 0x20, 0x3B, 0xE4, 0x04,
    0xDD, 0xA6, 0x56, 0xDB, 0x5F, 0x3E, 0xF8, 0xDC, 0xDC, 0x3C, 0x50, 0xC1, 0x6C, 0xB0, 0x49, 0x82,
    0x04, 0xCE, 0xB3, 0x42, 0xF3, 0xB1, 0x18, 0x97, 0x5F, 0xE8, 0x15, 0x8E, 0x3D, 0x71, 0xAD, 0x46,
    0x9F, 0x3F, 0x06, 0xE7, 0x9E, 0xB4, 0x76, 0x6C, 0xD5, 0xE6, 0x8D, 0x06, 0x24, 0x3E, 0xF6, 0xD1,
    0x63, 0x61, 0x72, 0x40, 0xFF, 0x8D, 0x83, 0x33, 0xE4, 0x03, 0x84, 0x46, 0xBC, 0xE7, 0x74, 0x11,
    0x6C, 0x1C, 0xBA, 0x2A, 0x6C, 0x94, 0xD8, 0xC8, 0x9F, 0x4C, 0xD0, 0x33, 0x00, 0xF9, 0x29, 0xD1,
    0x18, 0x6A, 0x00, 0x83, 0xB1, 0x33, 0x9F, 0x84, 0xA6, 0xFC, 0x1A, 0xE9, 0xF8, 0x2F, 0x13, 0x01,
    0x2A, 0x7D, 0xAC, 0xE5, 0x3B, 0xE5, 0x45, 0x45, 0xFE, 0xD1, 0x9E, 0xCA, 0x9F, 0xD4, 0xE8, 0x9D,
    0x47, 0x2D, 0x17, 0x39, 0xC2, 0x55, 0x90, 0xCB, 0x96, 0xC7, 0x3F, 0xA2, 0x76, 0x60, 0x7F, 0x39,
    0xFA, 0x19, 0xF5, 0x72, 0xB2, 0x9F, 0x59, 0x5E, 0x4E, 0x13, 0x51, 0xDB, 0xDF, 0x14, 0x29, 0x22,
    0x03, 0x38, 0x7E, 0x95, 0x7E, 0xE1, 0x1E, 0xFF, 0x07, 0x40, 0xFA, 0xA8, 0x28, 0xCB, 0x93, 0xD0,
    0xFD, 0x76, 0xD8, 0xB8, 0x1C, 0xDE, 0xB8, 0x1D, 0xFA, 0xA7, 0xBD, 0xD1, 0x24, 0x3B, 0x74, 0xA1,
    0x01, 0xC2, 0xA1, 0x52, 0xD8, 0x84, 0x23, 0x00, 0x5B, 0x3A, 0xD8, 0x28, 0xB4, 0xD4, 0x23, 0xDA,
    0x2A, 0x24, 0x49, 0xD0, 0xFF, 0xC9, 0x17, 0xCD, 0xE9, 0x21, 0x26, 0x08, 0x5F, 0x41, 0x3E, 0x83,
    0x98, 0x12, 0xFD, 0x80, 0x9A, 0xD8, 0x5F, 0x3E, 0xF8, 0x3C, 0x71, 0x1D, 0x51, 0xAB, 0xF6, 0x0E,
    0x06, 0x36, 0xC1, 0x03, 0xF4, 0xB7, 0xF3, 0x44, 0x05, 0xAD, 0x42, 0x74, 0xDA, 0xA9, 0x77, 0x90,
    0x77, 0xE1, 0x01, 0xCC, 0x4A, 0x61, 0x04, 0x39, 0x51, 0xA0, 0xEF, 0x98, 0x81, 0x85, 0x56, 0x49,
    0x7B, 0x17, 0x73, 0xCE, 0xB5, 0xD4, 0x57, 0x8F, 0x48, 0x9C, 0xD9, 0x59, 0x08, 0x3D, 0x28, 0x3C,
    0xF2, 0x15, 0xD4, 0xBB, 0x08, 0x41, 0xF5, 0x53, 0xFE, 0x07, 0x9D, 0x98, 0x01, 0x84, 0x6C, 0xD7,
    0x19, 0xC7, 0x7F, 0xF7, 0x9E, 0x79, 0x4E, 0xE4, 0xBE, 0x9D, 0x33, 0xD8, 0x6A, 0x2B, 0x6F, 0x66,
    0x16, 0xC1, 0x23, 0x7B, 0xE7, 0x06, 0x8B, 0x89, 0xDC, 0xD9, 0x39, 0x15, 0xA2, 0xA0, 0x7D, 0xEA,
    0x6D, 0x8B, 0x17, 0x4D, 0x14, 0x04, 0x91, 0xF7, 0x48, 0xCB, 0x84, 0x7D, 0x3B, 0xA7, 0x8D, 0x82,
    0x20, 0xAB, 0x28, 0x48, 0x75, 0x69, 0x41, 0x52, 0x76, 0xD5, 0xC3, 0xB6, 0xDE, 0xBC, 0x39, 0xF2,
    0x68, 0x10, 0x49, 0xAE, 0x56, 0x1B, 0x3C, 0x95, 0x5B, 0x95, 0x16, 0xAF, 0xD1, 0xA3, 0x6E, 0x9B,
    0xC9, 0xEB, 0xCC, 0xDE, 0xDE, 0xEC, 0x0C, 0xBB, 0xBB, 0x3B, 0xBB, 0xEF, 0x76, 0x7D, 0xFF, 0x6F,
    0xF6, 0xDC, 0xB9, 0xFB, 0xFD, 0xFE, 0xDF, 0x5E, 0xF7, 0x9E, 0xFB, 0x59, 0xD6, 0xF0, 0x72, 0x0D,
    0x10, 0xC3, 0x4D, 0xC8, 0xE1, 0x1E, 0xFE, 0xBB, 0x46, 0xDC, 0xB5, 0xE2, 0x19, 0x1B, 0xBC, 0x9D,
    0xAA, 0xDC, 0xD5, 0x71, 0x31, 0xBB, 0xF9, 0x33, 0xF9, 0x85, 0xAB, 0xA8, 0x31, 0x00, 0xD0, 0x1C,
    0xD1, 0xD9, 0xE0, 0xB2, 0x02, 0x45, 0x33, 0xA7, 0xF3, 0x3C, 0x3D, 0x45, 0xDC, 0x27, 0xFA, 0xD8,
    0x02, 0x80, 0x77, 0xD7, 0x90, 0xC3, 0x62, 0x29, 0xF2, 0xC2, 0x25, 0x82, 0x11, 0xDE, 0x66, 0x09,
    0xF2, 0x43, 0x69, 0x7A, 0x88, 0x30, 0x04, 0x10, 0x6C, 0xE1, 0xA7, 0x67, 0xD1, 0xDA, 0xB0, 0x03,
    0xBF, 0x81, 0x10, 0x3C, 0x88, 0x60, 0x04, 0x1A, 0x86, 0x26, 0xB8, 0xEF, 0x9A, 0xEC, 0x74, 0x78,
    0x21, 0x86, 0xC3, 0x8A, 0xA8, 0xA9, 0x3F, 0x39, 0x3F, 0x37, 0x00, 0x15, 0x58, 0xC7, 0x77, 0xF8,
    0x1A, 0x40, 0xEE, 0xD1, 0x7C, 0x9E, 0x38, 0xA0, 0xC7, 0x4C, 0x31, 0xB4, 0x02, 0x82, 0x09, 0x00,
    0xC0, 0x00, 0xFF, 0x9E, 0xF6, 0xD0, 0x65, 0xF9, 0x1A, 0xDF, 0xA1, 0x42, 0x2A, 0x95, 0x12, 0xFC,
    0xCB, 0x10, 0xC3, 0xE3, 0x94, 0x85, 0x27, 0x78, 0x0E, 0xCC, 0xC3, 0xC9, 0x1E, 0x88, 0x8F, 0x0C,
    0x77, 0x60, 0xB1, 0x34, 0x1C, 0x54, 0x1D, 0x91, 0xC1, 0x66, 0x89, 0xCE, 0x3D, 0xE4, 0xEB, 0x30,
    0x86, 0x1A, 0xD1, 0x1E, 0xD1, 0x76, 0xA2, 0xC8, 0x14, 0xEB, 0x8A, 0xF8, 0xA8, 0x32, 0xF5, 0x9D,
    0xB4, 0x9F, 0x6B, 0x80, 0xE8, 0x25, 0x82, 0x97, 0x90, 0x3D, 0xE4, 0x15, 0x99, 0xEB, 0xE6, 0x35,
    0x1D, 0x4B, 0xDD, 0x96, 0xBA, 0xB7, 0xAF, 0x62, 0xBD, 0xDA, 0x34, 0xEA, 0xB3, 0x14, 0x8E, 0x03,
    0xA3, 0x5F, 0xC6, 0xDD, 0xEC, 0x04, 0x30, 0xD2, 0x04, 0xDA, 0xCF, 0x53, 0x02, 0xF3, 0x05, 0xED,
    0xE7, 0xA7, 0xD2, 0xBC, 0x35, 0xC4, 0x1E, 0x40, 0x94, 0xDB, 0xE8, 0x6D, 0xAB, 0x28, 0xC4, 0x17,
    0x7A, 0x0B, 0xB5, 0xC7, 0x6C, 0x4D, 0xA2, 0xD6, 0x92, 0x7E, 0x9E, 0x78, 0x57, 0x09, 0xC6, 0x00,
    0x80, 0x1C, 0xD3, 0xBC, 0x4E, 0x1C, 0xE8, 0xCE, 0x35, 0x53, 0x38, 0x4E, 0xAF, 0x40, 0x14, 0x10,
    0xEC, 0xD3, 0x00, 0x11, 0xE0, 0x4F, 0xA0, 0x56, 0x8A, 0xFC, 0xE8, 0x45, 0x0A, 0xA0, 0xB7, 0x55,
    0x82, 0x7C, 0x03, 0x32, 0x58, 0x2A, 0x85, 0x65, 0x13, 0xCF, 0xC1, 0xE6, 0xC3, 0xB1, 0xA5, 0x68,
    0x81, 0xE6, 0x22, 0x54, 0x0D, 0xD2, 0x9C, 0x41, 0xF3, 0x13, 0x04, 0x88, 0x14, 0x2F, 0x05, 0x0F,
    0xF9, 0x06, 0xDE, 0xB8, 0xEC, 0x75, 0x38, 0x72, 0x9B, 0x95, 0xB8, 0xC8, 0xAC, 0xE2, 0xFD, 0xDD,
    0xA2, 0x35, 0xC3, 0x4D, 0xF9, 0x60, 0xA4, 0x58, 0xE9, 0xF0, 0xF8, 0xEC, 0x06, 0xF6, 0xF7, 0x62,
    0x6F, 0x10, 0xD3, 0x8B, 0xE8, 0xA9, 0x3F, 0xEE, 0xFA, 0x79, 0x0A, 0xA0, 0x11, 0x0E, 0x15, 0xCF,
    0x1E, 0xC0, 0x20, 0xB7, 0x9D, 0xA6, 0x6E, 0x07, 0xF4, 0x02, 0x62, 0x45, 0x73, 0x4C, 0x5D, 0xD3,
    0xB9, 0x4A, 0x94, 0xEB, 0x15, 0x61, 0x77, 0x84, 0x1D, 0x5C, 0x33, 0xD1, 0xD4, 0xEB, 0x1D, 0xC3,
    0x10, 0x2A, 0x94, 0x34, 0x3A, 0xD8, 0xFD, 0xCA, 0xBB, 0x7C, 0x05, 0x3A, 0xC5, 0x67, 0x59, 0x0B,
    0xCF, 0xE2, 0xA7, 0x60, 0xCA, 0x5B, 0x94, 0x25, 0xB3, 0xCC, 0x4C, 0x4B, 0x00, 0x6C, 0x9D, 0xCB,
    0xAB, 0x02, 0x74, 0x81, 0xCF, 0x2C, 0x68, 0x4D, 0x64, 0xB7, 0x75, 0x64, 0xEE, 0xA0, 0x58, 0x3E,
    0xC8, 0xB7, 0x6E, 0xA3, 0xF2, 0xF1, 0xD1, 0xEF, 0xE8, 0xD0, 0xB7, 0xB9, 0x01, 0x94, 0xE1, 0x55,
    0x47, 0xAD, 0x36, 0x7D, 0x9C, 0x91, 0x53, 0x5D, 0xB7, 0xF2, 0x6F, 0x4E, 0x1A, 0x27, 0xF5, 0x81,
    0x02, 0xED, 0xA2, 0xBF, 0x8E, 0x9F, 0xB0, 0xDB, 0x26, 0x32, 0x1B, 0x28, 0x42, 0xBA, 0x79, 0x6E,
    0x14, 0x61, 0x61, 0x31, 0x40, 0xE5, 0x13, 0x14, 0xE1, 0x91, 0xEC, 0x26, 0xB9, 0x19, 0x40, 0x08,
    0xC3, 0x8C, 0x16, 0xD4, 0x87, 0x34, 0xEF, 0xDB, 0x86, 0xB0, 0xF5, 0x43, 0x6A, 0x09, 0x3B, 0x7C,
    0xC3, 0xDD, 0x7C, 0xE1, 0x7E, 0x02, 0x91, 0x8D, 0x8C, 0xE2, 0x78, 0xF4, 0x6D, 0xEB, 0xC9, 0xA7,
    0x53, 0x34, 0x34, 0x4D, 0x60, 0xE4, 0xA1, 0x88, 0xDC, 0x97, 0x74, 0xFF, 0x8C, 0xBA, 0xE2, 0xAC,
    0x01, 0xD8, 0xA0, 0x45, 0xE3, 0x50, 0x0C, 0x2D, 0xEC, 0x24, 0x5D, 0x7B, 0xE1, 0xD4, 0xCA, 0xC4,
    0x0E, 0xCD, 0x57, 0xE7, 0x56, 0x9E, 0x56, 0x51, 0x65, 0x99, 0x96, 0x0E, 0xF4, 0x02, 0x2D, 0x1E,
    0x99, 0x5B, 0x59, 0x67, 0x85, 0x55, 0x9A, 0x3C, 0x8A, 0xE2, 0x74, 0xE7, 0x39, 0x8E, 0xBF, 0x1B,
    0x47, 0x3F, 0x1A, 0x29, 0xDC, 0x69, 0xEA, 0x5B, 0x87, 0x97, 0xA2, 0x6C, 0x81, 0x5E, 0x90, 0xB4,
    0x02, 0xF3, 0x88, 0x0F, 0xB0, 0x11, 0xE9, 0x62, 0xDD, 0x90, 0xC7, 0x35, 0x7C, 0xD7, 0x20, 0x0B,
    0x69, 0x9A, 0x30, 0xC0, 0x23, 0xB0, 0x9D, 0x5B, 0xB5, 0xDA, 0x63, 0xEE, 0xB1, 0x44, 0xD8, 0x13,
    0x61, 0xA4, 0xE9, 0xF3, 0x22, 0x1E, 0xCA, 0x74, 0xD2, 0x5A, 0x0D, 0x22, 0x1D, 0x9C, 0x0C, 0x9A,
    0x8C, 0x89, 0xDE, 0x29, 0x3A, 0xCD, 0x94, 0x6F, 0x95, 0x30, 0x4A, 0xA1, 0x06, 0xA8, 0x3D, 0x94,
    0x42, 0x09, 0xAB, 0xFC, 0x54, 0x91, 0xF5, 0xEF, 0xEE, 0x01, 0xB4, 0x21, 0x86, 0x15, 0x58, 0x62,
    0x00, 0x21, 0xCC, 0x14, 0xD9, 0x50, 0x11, 0x2E, 0xD3, 0xDA, 0x25, 0x1A, 0x11, 0xC6, 0x84, 0x55,
    0xC2, 0x40, 0xE7, 0xAF, 0xA5, 0x00, 0x3B, 0xE0, 0x60, 0x0B, 0x0C, 0x1B, 0x51, 0xD2, 0x52, 0x34,
    0x1A, 0x34, 0x6F, 0xD3, 0x1C, 0xD3, 0x08, 0x69, 0x28, 0xBE, 0xF8, 0xCB, 0xEE, 0x3A, 0x34, 0xD2,
    0xB2, 0x0A, 0x35, 0x78, 0x22, 0x21, 0x32, 0x28, 0xE6, 0xC9, 0xB3, 0xEA, 0xDB, 0xB6, 0x9F, 0x5B,
    0x0F, 0xA5, 0x6F, 0x52, 0x63, 0x40, 0x48, 0xFD, 0x44, 0xB4, 0x18, 0x9A, 0x32, 0x94, 0xA3, 0xFD,
    0x9D, 0x01, 0x83, 0x4B, 0x84, 0x45, 0x3E, 0x0E, 0xF0, 0xC4, 0x1F, 0x74, 0xF4, 0x1A, 0x4A, 0xA2,
    0xBC, 0x33, 0xC8, 0x83, 0x9D, 0x70, 0xA7, 0x9E, 0xD6, 0xF5, 0x43, 0x3A, 0x93, 0x28, 0x65, 0x94,
    0x7F, 0xBC, 0xFE, 0x50, 0x2B, 0x97, 0xEB, 0x71, 0x7D, 0xF1, 0x50, 0x75, 0x4A, 0xB4, 0x49, 0xC0,
    0xBE, 0x96, 0x09, 0x1C, 0x4D, 0x4D, 0x77, 0x7A, 0x88, 0x55, 0x6B, 0xB6, 0x9B, 0xDB, 0x2E, 0x4D,
    0xD4, 0x34, 0x6C, 0xA4, 0xAF, 0x1F, 0xBA, 0x4F, 0x01, 0x08, 0x2C, 0xAC, 0x02, 0x35, 0x28, 0xCE,
    0xEA, 0xC8, 0xBE, 0x8C, 0x4A, 0xEB, 0x54, 0x5D, 0x91, 0xEB, 0x45, 0x76, 0x8A, 0x54, 0x45, 0x06,
    0x3F, 0xA3, 0x2A, 0x3E, 0xA5, 0xEA, 0x4D, 0x50, 0x4C, 0xE8, 0xDB, 0x0E, 0x54, 0x98, 0x8D, 0x8E,
    0x06, 0x60, 0x7D, 0xA8, 0xA3, 0x7B, 0xB6, 0xE1, 0x1F, 0x53, 0x32, 0xFC, 0x30, 0xFB, 0xBF, 0xC9,
    0x00, 0x0B, 0x40, 0x03, 0xB8, 0x08, 0x2C, 0x9E, 0x89, 0x07, 0xB8, 0x01, 0xB7, 0xF6, 0x3F, 0x0D,
    0x68, 0xE0, 0x5F, 0x09, 0x74, 0x35, 0x54, 0xE0, 0x1C, 0xEE, 0x62, 0x3A, 0x98, 0x2D, 0x41, 0x19,
    0x63, 0xBE, 0x3F, 0xFB, 0xB9, 0x09, 0x04, 0xEF, 0x39, 0xC4, 0xE7, 0xB7, 0xF1, 0x93, 0x78, 0x6E,
    0xAA, 0x2C, 0x27, 0xD2, 0xDB, 0xA6, 0xE8, 0x48, 0xAB, 0x74, 0x01, 0xE5, 0x16, 0x8A, 0x8E, 0x8A,
    0x6C, 0x15, 0xA9, 0x8A, 0x94, 0xEF, 0x4F, 0x3B, 0x62, 0x82, 0x62, 0x30, 0xEB, 0x28, 0x9C, 0xA6,
    0xB7, 0x0E, 0x22, 0x3B, 0xAD, 0x25, 0x3B, 0x7C, 0xC7, 0xE2, 0xEF, 0xEB, 0xCB, 0x96, 0x2E, 0xAC,
    0x41, 0x6E, 0x00, 0x86, 0x46, 0xDE, 0x77, 0x8A, 0xDD, 0x0E, 0x71, 0x4C, 0x18, 0xD3, 0x2A, 0xB4,
    0xBF, 0x88, 0x5B, 0xAC, 0xAB, 0x9F, 0xCE, 0xC6, 0xD7, 0x23, 0x93, 0xDB, 0x64, 0x7F, 0x76, 0x95,
    0xA6, 0x2D, 0x6C, 0x6F, 0x5F, 0xB1, 0x30, 0xAB, 0x0A, 0x35, 0x01, 0x8E, 0xBE, 0xEB, 0xCB, 0xC1,
    0x1F, 0xBD, 0x88, 0x18, 0xC3, 0x56, 0x09, 0xF8, 0xA2, 0xE1, 0x29, 0xCB, 0x2B, 0x86, 0x6F, 0x95,
    0x85, 0xF3, 0x63, 0xBC, 0x0F, 0x11, 0x6F, 0xE2, 0x2F, 0x96, 0xE0, 0x0F, 0xF3, 0x4C, 0xFE, 0xF7,
    0xC1, 0xAE, 0xF2, 0x93, 0x76, 0xC7, 0x4F, 0x88, 0xF7, 0x33, 0xB7, 0xB1, 0xFF, 0xC0, 0xC4, 0xB3,
    0xE3, 0x96, 0x9F, 0x5C, 0x56, 0x1F, 0x7D, 0xD2, 0xF3, 0xF3, 0x7C, 0x34, 0x25, 0x46, 0x69, 0xF3,
    0xF9, 0xCF, 0xB3, 0x58, 0xA4, 0x71, 0x5B, 0x7C, 0xB2, 0xDE, 0x13, 0xF9, 0xB8, 0xC0, 0x52, 0x1C,
    0xB3, 0xAA, 0xB2, 0x17, 0xD5, 0xA4, 0xEB, 0x00, 0xA8, 0xC0, 0x4D, 0xFC, 0x0C, 0x20, 0x7A, 0x40,
    0xB4, 0x3D, 0xDD, 0x36, 0x53, 0xE5, 0xA5, 0xEA, 0x9A, 0x9D, 0xED, 0xA5, 0xD2, 0x28, 0x61, 0x8B,
    0x6F, 0xFA, 0xE9, 0x98, 0x1A, 0x4E, 0xDA, 0x0B, 0xC0, 0xFA, 0x20, 0xFA, 0x73, 0xE3, 0xE2, 0x91,
    0xB7, 0x46, 0x99, 0x7A, 0xA0, 0xBD, 0xAF, 0x27, 0x61, 0x69, 0x0E, 0x04, 0x16, 0x68, 0x70, 0x91,
    0xC5, 0xA3, 0x53, 0x66, 0x29, 0xF4, 0x72, 0x2F, 0x48, 0x7D, 0xCD, 0x3C, 0x6A, 0x0D, 0xCF, 0x11,
    0x24, 0x54, 0x20, 0x18, 0xB1, 0xB1, 0x8D, 0xAB, 0xE2, 0x2E, 0x30, 0x82, 0x6E, 0x82, 0x1C, 0x43,
    0x84, 0x56, 0x24, 0x8A, 0xEC, 0x65, 0x86, 0x23, 0x00, 0x6A, 0x8C, 0x44, 0xE2, 0x03, 0x6A, 0xD4,
    0x59, 0x6E, 0x3F, 0xB2, 0xAA, 0x55, 0xC6, 0xED, 0xA5, 0x70, 0x25, 0xEE, 0x66, 0x00, 0xC8, 0x94,
    0x46, 0x8F, 0x5A, 0xA5, 0x34, 0x50, 0xCB, 0xB4, 0xD1, 0xAE, 0x54, 0xE6, 0x03, 0xCB, 0x40, 0x7C,
    0x8B, 0xE7, 0xA0, 0x8D, 0x70, 0x73, 0x18, 0xBE, 0xF5, 0x1C, 0x6D, 0xE1, 0xA8, 0xD0, 0x8A, 0x91,
    0x0E, 0x74, 0xE9, 0xD6, 0xA8, 0xC7, 0xD2, 0x79, 0x66, 0x7E, 0x6B, 0xC3, 0x3C, 0xF9, 0xED, 0x83,
    0x74, 0xCB, 0xA5, 0xDA, 0x69, 0x1C, 0x27, 0x15, 0x4C, 0x60, 0x0B, 0x6E, 0xC3, 0x02, 0xDE, 0x18,
    0xA8, 0x13, 0x32, 0x4C, 0x5F, 0xBE, 0x12, 0x32, 0x0B, 0x1A, 0x35, 0xE5, 0x24, 0x32, 0x21, 0x55,
    0x16, 0x08, 0xBE, 0x8B, 0x3F, 0x82, 0x2B, 0xE5, 0xD8, 0x70, 0x83, 0x9D, 0xFA, 0x56, 0xA8, 0x4F,
    0x32, 0x39, 0x4E, 0xB8, 0xF0, 0x6F, 0x54, 0x7E, 0x92, 0x70, 0xD0, 0xD1, 0xC6, 0x95, 0x61, 0x7A,
    0x50, 0xCD, 0xE7, 0x16, 0xFF, 0x9F, 0x06, 0x80, 0xEB, 0x3F, 0x1C, 0x72, 0x5D, 0x0F, 0x68, 0x10,
    0xCF, 0xCD, 0x2A, 0x6D, 0x14, 0x3D, 0x82, 0x9F, 0x38, 0xFC, 0xDC, 0x02, 0x20, 0x7E, 0x4F, 0xF5,
    0x0E, 0x00, 0x70, 0x5B, 0xD9, 0x58, 0xDA, 0x65, 0x71, 0xA0, 0x50, 0xD8, 0x66, 0xD3, 0xAA, 0xFF,
    0x38, 0x80, 0x35, 0x20, 0x3F, 0xBF, 0x93, 0x77, 0x15, 0x39, 0x29, 0xE7, 0x34, 0xDB, 0xED, 0x18,
    0x02, 0x95, 0xF3, 0xB9, 0xC9, 0x85, 0xE9, 0xEE, 0x57, 0xC2, 0x2D, 0x04, 0x7E, 0x31, 0xCB, 0xCE,
    0xF9, 0xDC, 0xC8, 0x10, 0x6F, 0x22, 0x9E, 0xC3, 0xCB, 0x4A, 0x18, 0x2E, 0x1A, 0x78, 0xCA, 0xC2,
    0x2B, 0x06, 0xBE, 0x77, 0x4E, 0xC3, 0xAF, 0xC1, 0x3D, 0xFC, 0xF7, 0xF1, 0xBF, 0xFE, 0x30, 0xC3,
    0x73, 0x18, 0xC4, 0xC0, 0x0D, 0xE0, 0x55, 0xA0, 0x75, 0x06, 0xFD, 0x33, 0x47, 0x15, 0x2E, 0x41,
    0x43, 0x13, 0x18, 0xD0, 0x80, 0x70, 0x80, 0xBA, 0x09, 0x54, 0x2A, 0xB0, 0xAD, 0x93, 0xC8, 0x6E,
    0xF8, 0x2E, 0xD2, 0xA1, 0x70, 0x55, 0xAA, 0x22, 0xBB, 0x84, 0x92, 0xED, 0x65, 0x02, 0x15, 0xB7,
    0x91, 0xDF, 0x58, 0x5E, 0x41, 0xBC, 0x59, 0xBD, 0x81, 0xF8, 0x87, 0xDA, 0xC1, 0x1F, 0x05, 0x29,
    0x5E, 0x26, 0x2D, 0x38, 0x61, 0x01, 0x00, 0x0F, 0x08, 0x12, 0x08, 0x6F, 0x41, 0xAD, 0x02, 0x40,
    0xF7, 0xB5, 0xBB, 0xA3, 0x86, 0xB4, 0x4E, 0xA9, 0x24, 0x09, 0x16, 0xFE, 0x62, 0xE5, 0x73, 0xBF,
    0xB6, 0xE2, 0x57, 0xAF, 0x18, 0x31, 0x7A, 0x5A, 0xFB, 0xAE, 0x8B, 0xE7, 0x22, 0x00, 0xA8, 0xC1,
    0x18, 0xF1, 0x31, 0x9E, 0xC7, 0xF6, 0xB3, 0xA3, 0x3B, 0x7E, 0xD6, 0xD8, 0x9F, 0xB3, 0xE5, 0xEB,
    0x88, 0x0F, 0x60, 0x0C, 0x19, 0xDC, 0x9A, 0x49, 0xEC, 0x31, 0xFB, 0xFD, 0x0F, 0xF1, 0x3C, 0x80,
    0xEE, 0x7B, 0xAE, 0x29, 0xAC, 0x12, 0x56, 0x3E, 0xA3, 0xC5, 0xEB, 0xF8, 0x1F, 0xC0, 0xA7, 0x30,
    0x86, 0xDD, 0xD9, 0xE0, 0x2A, 0x2D, 0x5D, 0x8D, 0xFF, 0x2C, 0xF2, 0x8D, 0xB2, 0x16, 0xB3, 0x7F,
    0xE5, 0x65, 0x78, 0xD0, 0xCD, 0x93, 0xD5, 0xB7, 0x93, 0x15, 0x69, 0x6B, 0x0A, 0x3A, 0xB0, 0x8B,
    0xE7, 0x10, 0x96, 0x40, 0xD3, 0x64, 0xAB, 0xB3, 0x96, 0xF6, 0xF3, 0x94, 0x1A, 0xD9, 0x74, 0x13,
    0xEF, 0x4F, 0x7E, 0xB0, 0xBE, 0xB4, 0x8B, 0x13, 0x36, 0xD0, 0x8D, 0x0B, 0x71, 0xB5, 0xBF, 0xC7,
    0x16, 0x64, 0xF0, 0x42, 0x29, 0x90, 0x6F, 0x84, 0xF5, 0xF4, 0x5C, 0x8C, 0x47, 0xF0, 0xCD, 0xD9,
    0x6B, 0xAA, 0x0C, 0x09, 0xC2, 0x76, 0x90, 0x7A, 0x66, 0x1E, 0x4B, 0x8C, 0xD4, 0xD5, 0x2A, 0x8D,
    0x13, 0x31, 0xB4, 0xFF, 0x03, 0xAD, 0x95, 0x01, 0x84, 0x64, 0xC9, 0x19, 0xC7, 0x7F, 0xEF, 0x55,
    0xCF, 0xBE, 0xBE, 0xAD, 0x5C, 0x7F, 0xB3, 0x2C, 0x42, 0xB6, 0xBB, 0x17, 0x8B, 0xE1, 0xA6, 0xE7,
    0x21, 0x23, 0xFA, 0xA2, 0x7A, 0xA6, 0xEE, 0x36, 0x5C, 0x40, 0x32, 0xCE, 0xDD, 0x1D, 0x46, 0x2C,
    0x40, 0x10, 0x3B, 0x4B, 0x84, 0x4E, 0xF4, 0x4D, 0xD7, 0x5E, 0xC0, 0x81, 0x9C, 0x20, 0x20, 0x89,
    0x25, 0x40, 0xF6, 0x92, 0x1D, 0x32, 0x61, 0x73, 0x99, 0xBE, 0xAE, 0xCB, 0x20, 0x10, 0xB9, 0x17,
    0x91, 0x2C, 0x4E, 0xE4, 0x9D, 0x13, 0xC1, 0x08, 0x2F, 0xD1, 0x92, 0x36, 0x99, 0x99, 0x97, 0x57,
    0x97, 0x65, 0xF7, 0x36, 0x3B, 0xDB, 0x9D, 0x49, 0xD4, 0xFF, 0xFB, 0x6B, 0xA8, 0xDF, 0xD7, 0x5F,
    0x55, 0x7D, 0xEF, 0x03, 0xA0, 0x01, 0xC2, 0x78, 0x94, 0x1C, 0x14, 0xC2, 0xDD, 0x1E, 0xC6, 0xD0,
    0x31, 0xAC, 0x04, 0x85, 0x1F, 0x66, 0x85, 0x81, 0x7C, 0xA7, 0x88, 0x4B, 0x07, 0x00, 0x44, 0x9E,
    0x28, 0x4B, 0x4A, 0xD7, 0xBE, 0x86, 0x49, 0x7C, 0x57, 0xF9, 0xFE, 0x47, 0x32, 0xCA, 0xAD, 0x09,
    0x72, 0x0C, 0x00, 0x00, 0xCA, 0x82, 0x72, 0x5B, 0x37, 0xC7, 0x6C, 0xD9, 0x3D, 0x5A, 0x98, 0xC7,
    0x46, 0x83, 0x2E, 0x42, 0x1F, 0xFD, 0xED, 0x82, 0xB8, 0xF4, 0x00, 0x00, 0xB0, 0x5A, 0x69, 0x4F,
    0x8A, 0x2A, 0xC7, 0xB2, 0x7A, 0xA0, 0x8E, 0xF2, 0xED, 0xB6, 0x97, 0xBF, 0x17, 0x00, 0x50, 0x03,
    0x40, 0x3A, 0x00, 0x6A, 0x02, 0x80, 0x25, 0x3D, 0x61, 0x58, 0xBA, 0xF4, 0x4E, 0xF6, 0xF6, 0x1D,
    0x2F, 0x4C, 0x76, 0x04, 0x61, 0xB0, 0xB8, 0x82, 0x60, 0x18, 0x04, 0xA7, 0x08, 0xAE, 0xB2, 0xE0,
    0xDA, 0x05, 0x17, 0x10, 0x26, 0x06, 0x2F, 0xAF, 0xE6, 0xA3, 0x57, 0xFC, 0xB0, 0xB4, 0xE5, 0x83,
    0xFF, 0xB2, 0xDC, 0xAD, 0x88, 0x3A, 0xAF, 0x80, 0xB1, 0x13, 0x26, 0x04, 0xDC, 0xF0, 0x58, 0x30,
    0x5F, 0x1B, 0x54, 0x76, 0x79, 0xB7, 0xB2, 0x28, 0x0F, 0x40, 0x1F, 0x78, 0x56, 0x98, 0xB4, 0x16,
    0x2A, 0x8E, 0x69, 0x54, 0x98, 0xF1, 0x09, 0x00, 0xA4, 0xCF, 0xEF, 0x3B, 0xB4, 0x7D, 0x07, 0x12,
    0xBB, 0x14, 0x0C, 0x92, 0xF2, 0x85, 0x32, 0x6B, 0x6F, 0xBE, 0xF0, 0xAA, 0x37, 0xC9, 0xF3, 0xDA,
    0x76, 0x13, 0xDB, 0xA0, 0x9F, 0x58, 0x13, 0x6C, 0x17, 0x93, 0x3C, 0x97, 0x6F, 0xAC, 0xB5, 0xBF,
    0xE9, 0x73, 0xF9, 0xC7, 0x41, 0x99, 0x03, 0xF0, 0x4C, 0xF6, 0xA9, 0x22, 0x75, 0x3A, 0x17, 0x94,
    0x3F, 0x35, 0xA2, 0x7D, 0x2F, 0xAF, 0xEC, 0x57, 0x25, 0xEC, 0x7B, 0x48, 0x1C, 0xAC, 0x03, 0x4B,
    0x80, 0xB2, 0xCF, 0x64, 0xDA, 0xA5, 0x2E, 0x46, 0x00, 0xA1, 0xED, 0x04, 0x5D, 0x85, 0xFA, 0x78,
    0x44, 0xFB, 0xAE, 0xDA, 0xEF, 0xAA, 0xFD, 0x0E, 0x94, 0x0B, 0x0C, 0x68, 0x03, 0x23, 0x46, 0xE7,
    0xE9, 0x08, 0xCD, 0x05, 0x9A, 0xD0, 0x5C, 0xA7, 0x29, 0x8F, 0x6A, 0x45, 0x18, 0x7F, 0x0B, 0x24,
    0x88, 0x2D, 0x38, 0x22, 0xB5, 0x5B, 0x9B, 0x45, 0xEA, 0xAF, 0xEB, 0x4C, 0xF2, 0xA6, 0xF2, 0x8D,
    0x22, 0xD8, 0x20, 0x58, 0x2F, 0x98, 0x04, 0xD3, 0xDF, 0xAB, 0x4C, 0xFD, 0xA5, 0xB2, 0xE8, 0x38,
    0x14, 0x51, 0xD9, 0xD0, 0xF7, 0x94, 0x27, 0xE4, 0x06, 0x86, 0x00, 0x4B, 0x00, 0xE7, 0x03, 0xEF,
    0x8B, 0xB6, 0xE2, 0x9D, 0xA3, 0xE2, 0x41, 0xC5, 0x4B, 0xA9, 0x78, 0x42, 0xC5, 0xD3, 0x54, 0x3C,
    0x4D, 0xC5, 0xD3, 0x54, 0x3C, 0x4D, 0xC5, 0xD3, 0x08, 0x95, 0x55, 0x3C, 0x0D, 0xF0, 0xC0, 0xAE,
    0x01, 0x1C, 0x01, 0xDC, 0x02, 0x0A, 0x60, 0x03, 0x60, 0x30, 0xBE, 0x5A, 0xA4, 0xEF, 0xBF, 0x5B,
    0xB4, 0x62, 0xFF, 0x98, 0xC8, 0x8A, 0xF1, 0x7B, 0x93, 0x02, 0xB8, 0x1F, 0xE7, 0x72, 0x10, 0x07,
    0xC4, 0xF7, 0x1C, 0xEF, 0xC0, 0x45, 0x30, 0xF0, 0x1A, 0x94, 0xF0, 0x3E, 0xF1, 0x2F, 0x9D, 0xDA,
    0xF7, 0xEA, 0xAA, 0xD7, 0xB7, 0x73, 0x29, 0x8B, 0x26, 0x85, 0xE1, 0x6E, 0x79, 0xB5, 0x04, 0x1A,
    0xCB, 0xA8, 0x02, 0x1C, 0x40, 0x7B, 0x4A, 0x6F, 0x9B, 0x25, 0x01, 0xA1, 0x5D, 0xD2, 0xBB, 0x46,
    0x5F, 0x30, 0x43, 0xD2, 0x3F, 0x7A, 0x00, 0x7E, 0x9A, 0xA7, 0x6E, 0x81, 0xD4, 0xA7, 0x4E, 0x78,
    0x74, 0x0D, 0x3D, 0xFC, 0xCD, 0xAF, 0x53, 0x07, 0xB6, 0x59, 0xA1, 0xF5, 0xD0, 0x1A, 0x7B, 0xB0,
    0xD1, 0x87, 0x9E, 0x21, 0xD4, 0x60, 0xEC, 0xE6, 0xEC, 0x70, 0x69, 0xA2, 0x26, 0xF0, 0x26, 0x40,
    0x72, 0xCC, 0x47, 0x7D, 0xEE, 0x4E, 0xE9, 0x73, 0x4B, 0x48, 0xC0, 0x10, 0xA8, 0xC1, 0xBF, 0x7B,
    0x7D, 0xF4, 0xDF, 0xF6, 0xBA, 0xFE, 0x02, 0xF1, 0x14, 0x6E, 0x01, 0xEC, 0x89, 0x7F, 0x52, 0xC7,
    0xBF, 0x0C, 0x94, 0x0E, 0x5E, 0xBF, 0x9F, 0xF8, 0xB9, 0xB3, 0x25, 0x8D, 0x5E, 0x0A, 0x95, 0x01,
    0xE7, 0x9E, 0x42, 0x37, 0x88, 0x6A, 0xB3, 0xF2, 0xC6, 0x80, 0x00, 0x5F, 0xB2, 0xC4, 0xBF, 0xF5,
    0x70, 0xD3, 0x9D, 0xAD, 0xD8, 0x1A, 0x2C, 0xC3, 0x6E, 0x28, 0x59, 0x37, 0x66, 0xD7, 0x1B, 0x39,
    0x07, 0xFF, 0x74, 0xB0, 0x6D, 0x51, 0xBF, 0xC8, 0x88, 0xDC, 0xD9, 0xF2, 0xD6, 0x22, 0xF4, 0xF7,
    0x89, 0xA6, 0x88, 0xA0, 0x65, 0x76, 0x5E, 0x36, 0x80, 0x5D, 0xE0, 0x2B, 0xFF, 0x5B, 0xBD, 0x11,
    0x28, 0x47, 0x94, 0xA3, 0x5B, 0x73, 0xD5, 0xFB, 0xF1, 0x07, 0xFB, 0x66, 0x72, 0x38, 0x15, 0x56,
    0x7B, 0x5C, 0x31, 0x10, 0x14, 0x9F, 0x98, 0x68, 0x64, 0xE8, 0xA7, 0xF4, 0xE5, 0x77, 0x77, 0xE3,
    0x32, 0x07, 0x1E, 0x69, 0x26, 0x5D, 0xFA, 0x5E, 0xDB, 0x76, 0x35, 0x7D, 0x8D, 0x11, 0xDA, 0x47,
    0x34, 0x2D, 0xBD, 0x97, 0x48, 0x4B, 0xBB, 0xAA, 0xFC, 0x8E, 0xF2, 0xA3, 0x4D, 0x97, 0x9E, 0xCC,
    0xD7, 0x0D, 0x5D, 0xD8, 0x81, 0x9F, 0x41, 0xE7, 0x49, 0x7D, 0x10, 0x67, 0x28, 0x50, 0x39, 0x51,
    0xFE, 0x7F, 0x9B, 0x3C, 0x15, 0x07, 0x2A, 0x0C, 0x9C, 0x61, 0xDE, 0xA4, 0x16, 0xD0, 0xC1, 0x12,
    0xCB, 0x59, 0x47, 0x0D, 0x40, 0x0A, 0x53, 0xF8, 0x32, 0x1C, 0xC0, 0x3D, 0x78, 0x6D, 0xBE, 0x8F,
    0xDB, 0x0D, 0xD4, 0x04, 0x6D, 0x51, 0x05, 0x49, 0x17, 0xB5, 0x03, 0x76, 0xE6, 0x27, 0xAE, 0x06,
    0xAC, 0x41, 0x34, 0x01, 0x2C, 0x6C, 0x95, 0x13, 0xD6, 0x0F, 0xEF, 0xD2, 0xCB, 0x96, 0x78, 0x36,
    0x83, 0xBF, 0x66, 0xF0, 0x41, 0xE9, 0xD5, 0xBB, 0x87, 0x4E, 0x95, 0x19, 0x72, 0x3B, 0xA3, 0x11,
    0x65, 0x97, 0x4C, 0xFC, 0xA7, 0x41, 0xA9, 0xCB, 0x23, 0xB0, 0x10, 0xE7, 0x20, 0x16, 0xEA, 0x00,
    0x90, 0x4E, 0xC7, 0xB6, 0xB7, 0x75, 0xCF, 0x5F, 0x91, 0x28, 0x47, 0x28, 0xDA, 0x65, 0x59, 0x18,
    0x21, 0xE4, 0xC5, 0xA4, 0xBF, 0xC9, 0xD2, 0x0F, 0x4A, 0x07, 0x40, 0x04, 0x62, 0x19, 0x01, 0x9F,
    0x64, 0xBC, 0x1B, 0x1E, 0x05, 0x47, 0x1D, 0xB5, 0x67, 0x92, 0x8E, 0x79, 0xBA, 0x65, 0xBA, 0x2D,
    0x73, 0xA3, 0x63, 0x32, 0x93, 0xFA, 0x81, 0xFC, 0xBE, 0x90, 0xD2, 0x5D, 0x02, 0x80, 0x1A, 0x18,
    0xA2, 0x82, 0x28, 0x64, 0x76, 0x49, 0x49, 0x78, 0x1D, 0x6D, 0xDF, 0xFD, 0xB4, 0xEF, 0xFF, 0xC0,
    0x7F, 0x7D, 0xDF, 0xAF, 0x5F, 0x75, 0xA9, 0xD0, 0x3E, 0xA6, 0x0B, 0x8B, 0x10, 0x7D, 0x9E, 0xF8,
    0xD7, 0x70, 0x00, 0x2F, 0xCE, 0x75, 0x88, 0x35, 0xCB, 0xA5, 0x9C, 0xC6, 0x0D, 0xE2, 0xCB, 0xB3,
    0x27, 0x44, 0xA0, 0x1D, 0x10, 0xBD, 0x6E, 0xE7, 0x21, 0xC7, 0x39, 0x7A, 0x8F, 0x7A, 0x7D, 0x36,
    0x36, 0xBE, 0x42, 0x32, 0x20, 0xFE, 0x15, 0x7C, 0x8E, 0xB4, 0xF4, 0xE9, 0x6D, 0x2F, 0x54, 0x22,
    0xE8, 0x87, 0xC8, 0x09, 0x02, 0x41, 0x64, 0xF2, 0x72, 0x36, 0x2C, 0xB3, 0xFA, 0x06, 0x4F, 0xEF,
    0xA0, 0x57, 0x89, 0x2F, 0x02, 0x24, 0x47, 0xB4, 0xB7, 0x30, 0xDA, 0xF6, 0x36, 0xDD, 0xB0, 0xB4,
    0x7D, 0x30, 0x90, 0x6A, 0xF4, 0x09, 0x00, 0x53, 0xD4, 0x8F, 0x89, 0x17, 0xE6, 0x22, 0xC7, 0x05,
    0x7A, 0x8F, 0x85, 0xFA, 0x6C, 0xEC, 0x8B, 0xFC, 0xC4, 0x7D, 0xC6, 0x5F, 0x74, 0xA7, 0x0D, 0xCB,
    0x0B, 0xF6, 0xAB, 0xFE, 0x59, 0x5F, 0x77, 0xD0, 0x76, 0xDA, 0x25, 0x0F, 0xAD, 0xB4, 0x68, 0xDB,
    0x6F, 0xF8, 0x8D, 0x53, 0x77, 0xA6, 0xFC, 0xDC, 0x3B, 0xF7, 0xD8, 0x21, 0xFB, 0x06, 0xD1, 0x7B,
    0xF0, 0x67, 0xB8, 0x30, 0xEF, 0x90, 0xAD, 0x2F, 0x3E, 0x38, 0xAA, 0xD9, 0x43, 0x76, 0x1B, 0x0E,
    0x2C, 0x37, 0xED, 0x9C, 0xF0, 0xB8, 0x20, 0x79, 0x8B, 0x85, 0xFA, 0x6C, 0x72, 0xB8, 0x61, 0x83,
    0xFA, 0x2E, 0xE1, 0x86, 0x0F, 0x49, 0xEF, 0x78, 0x89, 0x73, 0x21, 0x97, 0x28, 0x97, 0x4D, 0x1F,
    0xEE, 0x41, 0x90, 0xC4, 0x89, 0xF2, 0x12, 0xE5, 0xC3, 0xFC, 0x68, 0xD1, 0x7E, 0xD6, 0x5F, 0xCA,
    0xEB, 0x1B, 0x30, 0x18, 0xA5, 0x7F, 0x68, 0x7D, 0xE2, 0xE1, 0x53, 0x88, 0xA6, 0xA8, 0x1F, 0x11,
    0x2F, 0xCC, 0x05, 0x4A, 0xB2, 0xD6, 0xCE, 0xC5, 0xCB, 0x8F, 0xC3, 0xF0, 0x06, 0xE1, 0x34, 0xE1,
    0x43, 0xE0, 0x02, 0x67, 0x1B, 0x76, 0x8B, 0xA1, 0x73, 0x92, 0x2E, 0x71, 0x7D, 0x8E, 0x89, 0xB3,
    0x06, 0x1C, 0x58, 0xB8, 0x69, 0xCF, 0x36, 0xE1, 0x26, 0xA8, 0xB7, 0x38, 0xF7, 0xD4, 0xEC, 0x4C,
    0x7A, 0xCA, 0xF6, 0x1D, 0x8A, 0x06, 0xC5, 0x02, 0x53, 0x58, 0xCF, 0x48, 0x8E, 0x20, 0xC5, 0x0A,
    0x99, 0x30, 0xB9, 0xCE, 0x78, 0x0A, 0xA0, 0x3C, 0x41, 0x8E, 0x18, 0x64, 0xDA, 0x5B, 0xEE, 0xD6,
    0xD7, 0xAC, 0x4C, 0xD8, 0xBB, 0xDC, 0x59, 0x35, 0xEB, 0x13, 0x88, 0xBD, 0xF2, 0xB1, 0x8B, 0x19,
    0x97, 0xD9, 0xDB, 0x87, 0xF9, 0xAD, 0x22, 0xB7, 0x85, 0xA5, 0xE0, 0x3F, 0xA5, 0x8F, 0x01, 0xC8,
    0xA1, 0x80, 0x0C, 0x1C, 0xD0, 0xA4, 0xC3, 0x38, 0xBF, 0xBE, 0xD1, 0xE1, 0xFE, 0xA2, 0xB5, 0x28,
    0x05, 0x68, 0x34, 0xE7, 0xA9, 0xF3, 0x2F, 0x13, 0x60, 0xB0, 0x61, 0xE0, 0x77, 0x60, 0x72, 0x60,
    0x64, 0x90, 0x67, 0xD8, 0xC3, 0x30, 0x81, 0x81, 0x95, 0x41, 0xDE, 0x61, 0xEB, 0x03, 0x07, 0x01,
    0x5B, 0x85, 0xD7, 0x0F, 0x18, 0x18, 0x42, 0x1D, 0xFE, 0x1F, 0x30, 0x58, 0x60, 0x7F, 0x81, 0xCB,
    0xC1, 0x64, 0x87, 0x42, 0x42, 0xC3, 0xC7, 0x07, 0x02, 0x0E, 0x9A, 0x0C, 0xDA, 0x0C, 0xFC, 0x0C,
    0x3A, 0x0C, 0x36, 0xD7, 0xAF, 0xD7, 0x70, 0x38, 0xC8, 0x3C, 0xB0, 0x3C, 0xA0, 0xE8, 0xC0, 0xC0,
    0x50, 0xF2, 0x41, 0xFE, 0x00, 0x1B, 0x83, 0x40, 0x83, 0xED, 0x01, 0x9E, 0x07, 0x1C, 0x0A, 0xFC,
    0x0D, 0x56, 0x0F, 0x14, 0x02, 0x18, 0x34, 0x4C, 0x2A, 0x14, 0x18, 0x64, 0x64, 0x2A, 0x18, 0xE0,
    0x9A, 0x2D, 0x6C, 0x4C, 0x14, 0x64, 0x80, 0x36, 0x30, 0x37, 0xD8, 0x33, 0x70, 0x03, 0x6D, 0x2E,
    0x60, 0xA8, 0x62, 0xD0, 0x63, 0x80, 0xD8, 0x10, 0xEA, 0xB0, 0xFF, 0x80, 0xD6, 0x0A, 0xAD, 0x15,
    0x00, 0xAB, 0x63, 0x60, 0xF8, 0xEE, 0xC0, 0x10, 0x74, 0x80, 0x81, 0x01, 0x88, 0x1E, 0x30, 0x30,
    0x7D, 0x60, 0x60, 0xDE, 0xC2, 0xC0, 0xAD, 0xC3, 0xC0, 0xC7, 0xC3, 0xA0, 0xC3, 0x25, 0x62, 0xC1,
    0x5C, 0xB3, 0x81, 0xE9, 0x0B, 0x00, 0xA5, 0x9A, 0x01, 0x88, 0x1D, 0xC7, 0x79, 0xC7, 0x7F, 0xBB,
    0x23, 0x6B, 0x65, 0x6F, 0xFC, 0xE6, 0x5A, 0x52, 0x30, 0x58, 0xF7, 0x56, 0x05, 0x05, 0x5C, 0x72,
    0xEF, 0xAD, 0xA0, 0x02, 0x2E, 0x65, 0xEF, 0xDE, 0x2A, 0x86, 0x14, 0x08, 0x10, 0x01, 0x75, 0x02,
    0x18, 0x90, 0x49, 0x0B, 0x2D, 0xB4, 0x58, 0xA6, 0x51, 0xE1, 0x0A, 0xA7, 0xDB, 0x89, 0x44, 0x4C,
    0x41, 0x80, 0x04, 0xA5, 0x0D, 0xD0, 0x82, 0x55, 0x68, 0x21, 0x95, 0xA0, 0x77, 0x50, 0x01, 0x87,
    0x73, 0xD2, 0x1B, 0xE9, 0x20, 0x82, 0x88, 0xC6, 0x1B, 0x89, 0x34, 0x80, 0x68, 0xBB, 0x8E, 0x9B,
    0x86, 0x46, 0x24, 0x19, 0x37, 0xCF, 0xB0, 0x96, 0xF6, 0xDE, 0x74, 0x76, 0xDF, 0x72, 0x3A, 0x49,
    0x3A, 0xE9, 0xC9, 0x66, 0xFF, 0xDF, 0x78, 0xF6, 0xDE, 0xEC, 0x7F, 0xBC, 0xB3, 0xDF, 0xF7, 0xCD,
    0xF7, 0x7D, 0x23, 0xC0, 0x2F, 0xE0, 0x32, 0xEC, 0x21, 0xB6, 0x3A, 0xBE, 0xA8, 0x25, 0x0E, 0xD4,
    0xB8, 0x80, 0x1C, 0xD3, 0xF6, 0xC9, 0xE5, 0x6B, 0x79, 0x66, 0x73, 0xFF, 0x05, 0x82, 0xB3, 0x78,
    0xCF, 0x4D, 0x35, 0x78, 0x68, 0x8B, 0x77, 0xEF, 0x9A, 0xF3, 0x66, 0x2D, 0x35, 0x33, 0x18, 0xB0,
    0x25, 0x77, 0x57, 0x30, 0x92, 0x16, 0xFD, 0xF0, 0xC3, 0x12, 0x00, 0xE8, 0xE3, 0x95, 0x90, 0x12,
    0x5B, 0x55, 0xD3, 0x7A, 0x5A, 0xA2, 0x24, 0x3C, 0x8A, 0xAC, 0x80, 0xA1, 0x0A, 0xEF, 0x98, 0x88,
    0xB5, 0x05, 0x0E, 0x24, 0xB0, 0x78, 0xA1, 0x46, 0x42, 0x8D, 0x18, 0xE4, 0xBF, 0x1B, 0xDF, 0x2A,
    0x20, 0x2C, 0x59, 0x59, 0xC5, 0x74, 0x30, 0xCF, 0x51, 0xC2, 0x20, 0x27, 0xA8, 0x20, 0x26, 0x95,
    0xE4, 0x92, 0xD1, 0x9B, 0x0C, 0x4B, 0x80, 0x58, 0xC7, 0x4A, 0xF2, 0xF0, 0x95, 0xE9, 0x37, 0xCE,
    0x7D, 0x58, 0xCC, 0xA4, 0xBB, 0xFD, 0xFA, 0xB2, 0x79, 0x39, 0x17, 0xFA, 0x91, 0x4B, 0x05, 0x2A,
    0xE3, 0x4F, 0x08, 0x6D, 0x45, 0xF0, 0xF3, 0x12, 0x5F, 0x9B, 0x6D, 0x11, 0xDA, 0x8E, 0x84, 0xFA,
    0x68, 0x43, 0x28, 0xD3, 0x15, 0xA9, 0xE9, 0x84, 0x98, 0x7E, 0xC6, 0x47, 0x1B, 0x55, 0x60, 0x0B,
    0x80, 0xF8, 0xEA, 0x10, 0x62, 0x75, 0x19, 0x24, 0xC9, 0x03, 0x8D, 0xB5, 0x25, 0xF2, 0xC2, 0x95,
    0x61, 0x7D, 0x1B, 0x2A, 0xD7, 0x04, 0x75, 0x13, 0xA6, 0x92, 0x85, 0xE3, 0x64, 0x57, 0x6D, 0xC9,
    0xD0, 0x16, 0xB8, 0x95, 0xC6, 0x2D, 0x35, 0xF5, 0x5A, 0x63, 0x80, 0x7B, 0x25, 0xDC, 0xBD, 0x02,
    0x46, 0x3E, 0x20, 0x61, 0x35, 0xC8, 0xF1, 0x20, 0x82, 0xC9, 0x8A, 0x5F, 0xAB, 0xE2, 0x53, 0x23,
    0xE9, 0x6B, 0x29, 0x94, 0x94, 0xC8, 0xCB, 0xC8, 0x31, 0x75, 0x47, 0x68, 0xE9, 0x17, 0x92, 0x51,
    0xB6, 0x39, 0x66, 0x06, 0x58, 0x00, 0x22, 0x45, 0xF3, 0x8C, 0x5E, 0x55, 0xB1, 0xCA, 0x52, 0xC9,
    0x22, 0x92, 0x31, 0xD2, 0xFF, 0x25, 0x32, 0xEC, 0x22, 0x67, 0x9D, 0x9C, 0x70, 0x52, 0x38, 0x51,
    0x4E, 0xE8, 0x93, 0x69, 0xAB, 0x01, 0xB1, 0xA9, 0x3D, 0x9B, 0xF2, 0x59, 0x56, 0x4F, 0x6D, 0xAC,
    0x78, 0x65, 0x84, 0x91, 0x5E, 0x1E, 0x9C, 0xD6, 0x62, 0x53, 0x79, 0xB7, 0x61, 0x0C, 0x1B, 0x90,
    0xB0, 0x67, 0x0D, 0x99, 0xE3, 0x4D, 0x96, 0x23, 0x56, 0x57, 0x90, 0x24, 0x4F, 0x96, 0xD7, 0x96,
    0xC9, 0xAC, 0x85, 0x59, 0x60, 0x3F, 0xF0, 0x19, 0x00, 0x20, 0x81, 0x93, 0x60, 0xE1, 0x36, 0xFE,
    0x75, 0xE5, 0xA6, 0x17, 0xAF, 0xEA, 0xF0, 0x62, 0x21, 0xAD, 0x99, 0xC5, 0x24, 0xAC, 0xDB, 0x57,
    0x6D, 0xAB, 0x6C, 0xBE, 0x96, 0xA4, 0x12, 0xA4, 0x4D, 0xE5, 0xEB, 0x5A, 0x7A, 0x85, 0xC4, 0x48,
    0xBF, 0x70, 0xFD, 0x6C, 0x4C, 0x7C, 0x97, 0x78, 0xD5, 0x8D, 0xC9, 0xA5, 0x97, 0xD7, 0x4B, 0xB2,
    0x9A, 0x4A, 0xAB, 0xDA, 0x31, 0x0E, 0x5F, 0xCB, 0x33, 0x9B, 0x4E, 0xA3, 0xB4, 0x2F, 0xDB, 0x32,
    0xBC, 0x33, 0x12, 0x47, 0xF2, 0x6D, 0x04, 0x5E, 0x8D, 0xD0, 0xCB, 0x3B, 0x5E, 0xDE, 0xFB, 0xEA,
    0x7F, 0x5B, 0x5B, 0x19, 0xE6, 0x0A, 0xF6, 0xE7, 0x7C, 0x06, 0xA6, 0xB2, 0xAF, 0xC1, 0xF7, 0xCA,
    0x55, 0xA2, 0x53, 0xA3, 0x15, 0x84, 0x2A, 0x4E, 0xE0, 0xEB, 0xC2, 0x80, 0xF9, 0x89, 0x86, 0xEC,
    0x9E, 0x9A, 0x34, 0xEE, 0x36, 0x47, 0xD4, 0x3F, 0x84, 0x69, 0x91, 0x10, 0x79, 0x45, 0x1F, 0x7B,
    0xA3, 0x1A, 0xEA, 0x97, 0x4B, 0x16, 0x87, 0x1C, 0x0E, 0xD3, 0x03, 0x61, 0x8A, 0x44, 0x6C, 0xE1,
    0x0F, 0x21, 0x54, 0x08, 0x4D, 0xA0, 0xBE, 0x70, 0x9C, 0xC1, 0x16, 0xF0, 0x49, 0xBE, 0x34, 0x14,
    0x05, 0x0C, 0x35, 0x3C, 0xF7, 0xEC, 0xCF, 0x4F, 0xA3, 0x8D, 0xA1, 0xAD, 0x9C, 0x71, 0xF9, 0xDA,
    0x4C, 0x20, 0x1C, 0x54, 0x83, 0xD4, 0x84, 0x98, 0x0C, 0x53, 0x85, 0x15, 0x10, 0xA7, 0x7B, 0x4D,
    0xAC, 0x65, 0x2E, 0xF3, 0x48, 0x77, 0xCC, 0x40, 0x77, 0x2E, 0x7D, 0x43, 0x77, 0x92, 0x0F, 0x74,
    0xA7, 0xBF, 0xA9, 0x3B, 0xF2, 0xB4, 0xEE, 0x84, 0x42, 0x77, 0x98, 0x48, 0xA6, 0x23, 0x37, 0x76,
    0x35, 0x9D, 0x68, 0xDC, 0xDC, 0x7D, 0xB9, 0xB0, 0x81, 0xB4, 0xD5, 0x83, 0x7F, 0x63, 0x81, 0x4C,
    0x5B, 0xC5, 0x50, 0x05, 0x77, 0x8C, 0x64, 0x7D, 0x81, 0x24, 0xA1, 0x97, 0xD0, 0x77, 0x68, 0x3A,
    0x49, 0x9F, 0x65, 0xF9, 0xB7, 0xAD, 0x1B, 0x8A, 0xAD, 0x25, 0xBE, 0x30, 0x85, 0x22, 0x3B, 0x71,
    0xC6, 0x9C, 0xC6, 0x1F, 0x37, 0x0A, 0x27, 0x72, 0xE9, 0x15, 0x35, 0x84, 0x96, 0x43, 0x25, 0xCB,
    0xDD, 0x3C, 0xE0, 0x1B, 0x09, 0xEC, 0x44, 0xCC, 0xCC, 0xB6, 0x07, 0x1C, 0xDA, 0xFC, 0xDD, 0xBB,
    0xC5, 0x79, 0x53, 0xA4, 0x26, 0xC5, 0xF0, 0x28, 0xC2, 0xAD, 0x69, 0xCD, 0x91, 0xDF, 0x4A, 0x21,
    0x53, 0xD0, 0x81, 0xC0, 0x96, 0x44, 0x9D, 0x98, 0xA4, 0x13, 0xAA, 0xA5, 0x4E, 0xD0, 0x88, 0xEB,
    0xA7, 0xFD, 0x4E, 0x44, 0x68, 0x4B, 0xE8, 0x32, 0x19, 0xEB, 0x9E, 0x39, 0x7E, 0x6D, 0x23, 0x3E,
    0x52, 0x86, 0xDF, 0xCC, 0x6B, 0xE2, 0x7B, 0x0D, 0xEB, 0x65, 0xF8, 0x15, 0xE2, 0xBA, 0x0A, 0x45,
    0xDE, 0xC5, 0xD8, 0xD3, 0x5B, 0xD3, 0x9B, 0xFA, 0xC9, 0xDA, 0xD4, 0x15, 0x88, 0x56, 0x7C, 0x27,
    0xB0, 0xFA, 0x76, 0xB9, 0xB2, 0x77, 0xD4, 0xF3, 0x8A, 0x09, 0x9C, 0x8E, 0x4B, 0x5B, 0x78, 0xFF,
    0x54, 0xE0, 0xB5, 0x40, 0x56, 0xB1, 0x33, 0x15, 0x15, 0xBF, 0x3D, 0x5A, 0x41, 0xBA, 0x41, 0x53,
    0x35, 0x5F, 0xFD, 0xA8, 0x99, 0xCE, 0xAA, 0x4F, 0xF4, 0xEC, 0x4A, 0x5A, 0x3F, 0xAB, 0x01, 0x7F,
    0xBB, 0xA1, 0x69, 0x18, 0x56, 0xBC, 0x5B, 0x72, 0xDE, 0x90, 0x1A, 0x70, 0xB0, 0x23, 0xCC, 0x49,
    0x4C, 0xB7, 0xD9, 0xAB, 0xFA, 0x6E, 0x4B, 0x08, 0x6D, 0x11, 0xEB, 0x17, 0x46, 0xB1, 0x0A, 0x0A,
    0x89, 0xAF, 0xB7, 0xC5, 0x7E, 0x51, 0xCB, 0xE0, 0x9A, 0x96, 0xDE, 0x4F, 0x26, 0xE2, 0xDF, 0xD4,
    0xF2, 0xF5, 0x6B, 0x79, 0x36, 0x96, 0x65, 0xAC, 0x89, 0x15, 0x12, 0x5A, 0xD8, 0x54, 0x06, 0x8D,
    0x06, 0x51, 0x6C, 0xBB, 0xB2, 0x70, 0x8B, 0xC1, 0xAA, 0x3A, 0x2C, 0xF2, 0x43, 0x5E, 0x01, 0xC6,
    0xBF, 0x50, 0x03, 0x0C, 0x5E, 0x31, 0x23, 0xF4, 0xE2, 0x31, 0x25, 0x5B, 0x93, 0x8F, 0x73, 0xE2,
    0x53, 0x77, 0x2B, 0x64, 0xA0, 0x17, 0x91, 0x12, 0xD9, 0x36, 0xAB, 0xC8, 0x54, 0x5A, 0xD7, 0xEC,
    0xF8, 0x5B, 0xA8, 0xFA, 0x48, 0xF1, 0xD3, 0x0D, 0x32, 0x3D, 0x2C, 0x00, 0xC0, 0x1B, 0x1A, 0x79,
    0x27, 0xEF, 0x0A, 0xDD, 0x13, 0xBA, 0x2F, 0xB4, 0x7C, 0x55, 0x07, 0x56, 0x8B, 0x1F, 0xEB, 0xDA,
    0xDE, 0x84, 0x9E, 0x13, 0xBA, 0x8A, 0x4D, 0x54, 0xB2, 0xB0, 0xC2, 0x2B, 0x12, 0x24, 0x91, 0x65,
    0xE1, 0x18, 0x4B, 0x92, 0x24, 0x23, 0xFE, 0x2F, 0x0D, 0xE0, 0x2B, 0x8E, 0x2B, 0x61, 0x95, 0x84,
    0x39, 0x48, 0xFE, 0x88, 0x81, 0x1B, 0x13, 0xE8, 0x44, 0xE8, 0xC4, 0x77, 0xA8, 0x49, 0xE4, 0x31,
    0x15, 0x8C, 0x01, 0xB2, 0x2D, 0xE2, 0x63, 0x69, 0x37, 0x50, 0x5D, 0x49, 0x34, 0xA6, 0xEE, 0x08,
    0xDD, 0x7D, 0x59, 0x0D, 0xC7, 0x64, 0x36, 0x5E, 0xED, 0x06, 0x5D, 0xAF, 0xCB, 0xE4, 0x1A, 0xEA,
    0xC8, 0x16, 0xC1, 0xAA, 0x12, 0x61, 0xEA, 0x10, 0x84, 0x69, 0x18, 0xA6, 0x4E, 0x71, 0x7B, 0xAF,
    0xA7, 0xD6, 0x9A, 0x82, 0xB5, 0x82, 0xB7, 0xCE, 0x71, 0x28, 0xA8, 0x88, 0x8E, 0x93, 0x84, 0xE9,
    0xC2, 0xEB, 0x2A, 0xB3, 0xE9, 0xD2, 0xC4, 0xAE, 0x42, 0xC2, 0xC9, 0x74, 0xD9, 0x7B, 0x45, 0x57,
    0xBA, 0x47, 0x65, 0x07, 0x71, 0x76, 0x0E, 0x61, 0x2B, 0xF7, 0xDF, 0x1E, 0x52, 0x4A, 0xFA, 0x32,
    0x50, 0xD5, 0xE0, 0x9A, 0x19, 0x8C, 0x4E, 0x2C, 0x1F, 0x98, 0x63, 0x59, 0x8E, 0x48, 0xE8, 0xCE,
    0x2C, 0x64, 0x23, 0xC8, 0xCE, 0x94, 0x7D, 0xBF, 0xE8, 0x06, 0x79, 0xB7, 0x9B, 0x77, 0xFF, 0x22,
    0xEF, 0xFE, 0x30, 0x8F, 0x8E, 0xE4, 0x5D, 0x3F, 0x1F, 0x9E, 0x29, 0xC5, 0xE9, 0xD4, 0xFF, 0x15,
    0x7C, 0x16, 0x9E, 0x38, 0x2C, 0x7B, 0x27, 0xEF, 0xCB, 0xB4, 0xDB, 0xA1, 0xBB, 0x4C, 0x54, 0xD1,
    0xED, 0xD1, 0x95, 0xF5, 0xEB, 0x0E, 0x37, 0x4D, 0xFB, 0x5A, 0xBF, 0x9F, 0x8A, 0xA0, 0x46, 0x10,
    0xA4, 0x61, 0x90, 0xBE, 0x19, 0xAA, 0x2A, 0x2E, 0x80, 0x8C, 0x2C, 0x4E, 0xAB, 0xE8, 0x6A, 0x35,
    0x7B, 0x6B, 0x63, 0xFF, 0xAF, 0x93, 0xFD, 0x2B, 0xC9, 0xFE, 0x24, 0x99, 0x7D, 0x29, 0x19, 0xA6,
    0xB6, 0x9D, 0xCE, 0xCF, 0xBB, 0x5F, 0xCD, 0x23, 0xEB, 0x26, 0x6A, 0x31, 0xBC, 0x51, 0x06, 0x5B,
    0x44, 0xC7, 0x48, 0x02, 0x35, 0x2F, 0xF4, 0x52, 0x83, 0x44, 0xA8, 0x45, 0xC9, 0x44, 0x4B, 0x32,
    0x5B, 0xC6, 0x17, 0x8B, 0xED, 0xF1, 0x3B, 0x1F, 0xDC, 0x18, 0x13, 0xBF, 0xA3, 0x66, 0x85, 0x9E,
    0xF5, 0xF3, 0x16, 0x42, 0x77, 0x43, 0x15, 0x8D, 0x99, 0xA5, 0x46, 0x1F, 0x86, 0x9A, 0x60, 0xDC,
    0xF0, 0x87, 0x2C, 0xD1, 0x22, 0x81, 0x7E, 0x48, 0xD8, 0xF0, 0x5B, 0xAB, 0xEE, 0xDD, 0x51, 0x37,
    0x6F, 0x2A, 0x3F, 0x67, 0x27, 0x64, 0xC5, 0xE0, 0x86, 0x89, 0x84, 0x96, 0x42, 0x07, 0xAF, 0xA6,
    0xE2, 0x0C, 0xFE, 0x0F, 0xE0, 0x17, 0x50, 0xC1, 0x3A, 0xAC, 0x81, 0x21, 0xD0, 0x0C, 0x52, 0x28,
    0x1B, 0xD2, 0xF9, 0x1A, 0xBE, 0x55, 0xD1, 0x95, 0x51, 0x32, 0x9F, 0x9C, 0x98, 0x9F, 0xBB, 0x34,
    0x3F, 0xE7, 0x5A, 0xD7, 0xEF, 0x9F, 0x34, 0xA1, 0x55, 0x93, 0x01, 0x2C, 0x83, 0x65, 0x18, 0xE8,
    0xBE, 0x44, 0x26, 0x88, 0x11, 0xBE, 0x71, 0x6D, 0xDD, 0xEF, 0x75, 0x29, 0x07, 0x3A, 0x3B, 0x3B,
    0xEA, 0x8B, 0x5A, 0xA9, 0x1F, 0xC0, 0xD7, 0xF4, 0xD0, 0x56, 0x90, 0xC0, 0x1C, 0xBC, 0x34, 0xB8,
    0x31, 0x8A, 0x44, 0x2E, 0x7D, 0xED, 0x10, 0xDE, 0xD6, 0xBE, 0xD5, 0xF8, 0x0E, 0x39, 0xB2, 0xCC,
    0x56, 0xEF, 0x8C, 0xFA, 0xE1, 0xE9, 0xBC, 0x1B, 0x7C, 0x51, 0x3F, 0x22, 0xAF, 0x7F, 0x3B, 0x1F,
    0x5A, 0x3B, 0xCD, 0x98, 0x0A, 0x98, 0x6B, 0x03, 0x9D, 0x7D, 0x76, 0xC4, 0xBD, 0x9C, 0x5B, 0x1A,
    0x61, 0x53, 0x71, 0xA7, 0x10, 0xDA, 0xD4, 0xF8, 0x5E, 0x21, 0xAD, 0xCA, 0xF4, 0x40, 0xF7, 0x89,
    0xE8, 0x22, 0x89, 0x4A, 0x27, 0xAB, 0x92, 0x6E, 0xF8, 0x95, 0x89, 0x44, 0x92, 0xE1, 0x96, 0x7B,
    0x23, 0x4D, 0x1F, 0xBA, 0xB8, 0x01, 0xEE, 0x77, 0xBA, 0xA1, 0xB3, 0xA1, 0xB4, 0x1B, 0xB9, 0xDF,
    0x88, 0xCD, 0x5F, 0x6E, 0x1C, 0x8A, 0x90, 0xA1, 0x45, 0xD2, 0x39, 0xB1, 0x1C, 0x1B, 0xC8, 0x4E,
    0x8D, 0xE9, 0xCB, 0xBF, 0x53, 0xDD, 0xFA, 0xBD, 0x97, 0xFD, 0x3C, 0xAA, 0xFC, 0xBC, 0x9B, 0x38,
    0xE9, 0xB9, 0x7B, 0x19, 0xAA, 0xE1, 0xF5, 0x31, 0x00, 0xA1, 0xD5, 0xFD, 0x63, 0x24, 0x9D, 0x1A,
    0xD1, 0xBF, 0x10, 0xFE, 0x92, 0x4E, 0x87, 0xB9, 0x0E, 0x55, 0xA6, 0x3D, 0x10, 0x1A, 0x46, 0xAD,
    0xAA, 0x3F, 0xD9, 0xCE, 0xF6, 0xEE, 0x43, 0xF6, 0x78, 0x6E, 0xCF, 0xD3, 0x47, 0x5E, 0x86, 0x1E,
    0xF4, 0x8F, 0x32, 0x2C, 0x1A, 0x05, 0xCB, 0x88, 0xEE, 0xD4, 0x5F, 0x67, 0xB6, 0x45, 0xED, 0x87,
    0x86, 0xA7, 0x35, 0xA2, 0x41, 0xA8, 0xE8, 0xC0, 0x0C, 0xEB, 0xA2, 0xF0, 0xE1, 0x31, 0x2E, 0xA2,
    0xD5, 0xCB, 0xBD, 0x2C, 0x41, 0x66, 0x1E, 0xD6, 0x4B, 0x59, 0x2E, 0xCC, 0xCD, 0xEF, 0x5B, 0x4C,
    0xE5, 0x88, 0x8D, 0x03, 0xBD, 0xC3, 0xC9, 0x60, 0x04, 0x2F, 0xD2, 0x67, 0x1F, 0xB0, 0x42, 0x7F,
    0xC2, 0xB2, 0xCD, 0x75, 0xF0, 0x8D, 0xC4, 0xCC, 0xCC, 0x40, 0xA4, 0x42, 0x15, 0xEC, 0xB8, 0x62,
    0x23, 0xD2, 0x50, 0xFB, 0x40, 0xE4, 0xEE, 0xC4, 0x23, 0x57, 0xC4, 0x49, 0x22, 0x6B, 0x70, 0x46,
    0x8D, 0xF8, 0x72, 0x8A, 0x08, 0xC7, 0x4E, 0x56, 0x75, 0x10, 0xBE, 0xAA, 0xA5, 0x93, 0x37, 0xC3,
    0x2F, 0xEB, 0x2A, 0x1E, 0xD3, 0x7A, 0x0C, 0x9C, 0x6A, 0xD2, 0xF5, 0x35, 0xD1, 0xC5, 0xFF, 0x25,
    0xB2, 0x36, 0x77, 0x7D, 0xD3, 0x88, 0xB8, 0x59, 0x0C, 0xDF, 0xB3, 0x6A, 0xAA, 0x25, 0x3A, 0x6B,
    0x00, 0x22, 0x58, 0x07, 0x05, 0xF0, 0x04, 0x87, 0x43, 0x8A, 0x67, 0xE0, 0x24, 0xEC, 0x83, 0x27,
    0x3B, 0xB7, 0xCD, 0xD4, 0xB7, 0xED, 0x17, 0x9F, 0xD2, 0x72, 0x77, 0xB7, 0xB5, 0x11, 0x6F, 0xC1,
    0xA1, 0x1A, 0x7B, 0x2B, 0xFC, 0x11, 0x7F, 0x7A, 0xF7, 0x5C, 0x1D, 0xE1, 0x14, 0xE7, 0xF9, 0x08,
    0xEC, 0x88, 0x22, 0xA1, 0xE8, 0x39, 0x78, 0xCD, 0x26, 0x2A, 0x75, 0x4D, 0x28, 0x1A, 0x58, 0x9B,
    0xFE, 0xEC, 0xC7, 0x6A, 0xF3, 0x6A, 0x2A, 0x7E, 0x84, 0xB0, 0x5A, 0x5C, 0x2D, 0x84, 0x2E, 0xC4,
    0xF5, 0x5C, 0xDA, 0xD4, 0xB7, 0xB6, 0xC0, 0xBF, 0x7B, 0x31, 0x07, 0x13, 0x28, 0x48, 0x24, 0x20,
    0x13, 0x20, 0xDE, 0x02, 0xBE, 0x6B, 0x53, 0xBC, 0xF7, 0x6B, 0x33, 0xBB, 0x9A, 0x1B, 0xA4, 0x97,
    0xAF, 0xD3, 0xF7, 0xF3, 0x05, 0xEC, 0xD9, 0xD2, 0xAA, 0xD0, 0x8E, 0x11, 0x3F, 0x5A, 0x86, 0x62,
    0x0D, 0x7E, 0x4F, 0xE3, 0xDB, 0x72, 0x7B, 0x37, 0xE8, 0x35, 0xBB, 0xC1, 0xA6, 0x79, 0x28, 0x50,
    0x5C, 0xBC, 0x70, 0x65, 0x60, 0xC7, 0x8F, 0x06, 0x8A, 0x3B, 0xFD, 0x6D, 0x66, 0x1F, 0xF6, 0xB7,
    0xAB, 0x2A, 0x62, 0x85, 0x01, 0x7D, 0xD6, 0x90, 0x14, 0x48, 0x2F, 0x27, 0x3C, 0xA5, 0x11, 0x9B,
    0x0A, 0x71, 0x3D, 0xC5, 0xBB, 0x0D, 0x8C, 0x81, 0x0A, 0x58, 0x06, 0x80, 0x81, 0xDE, 0x88, 0xBC,
    0xB2, 0x5E, 0xEE, 0xD3, 0x4A, 0x5C, 0xC7, 0x7F, 0x0F, 0xEF, 0x3F, 0xA1, 0x82, 0x0D, 0x00, 0xEF,
    0xAF, 0x9C, 0xFC, 0x00, 0xF8, 0x19, 0xF0, 0x9B, 0x9F, 0x6C, 0x06, 0x7F, 0x0F, 0xE2, 0xCF, 0xF0,
    0xFF, 0x0D, 0xBE, 0xF5, 0xF4, 0x09, 0x9F, 0x3D, 0x97, 0x10, 0xB5, 0x28, 0x27, 0xE9, 0x2E, 0x0A,
    0x56, 0x0C, 0xCF, 0x54, 0x30, 0x0F, 0x87, 0xE1, 0xD0, 0xE7, 0x73, 0x62, 0x45, 0xFC, 0x8F, 0x35,
    0x24, 0x48, 0xAB, 0x64, 0x50, 0x48, 0x4C, 0x8B, 0xD7, 0xF3, 0x81, 0x65, 0x05, 0x22, 0x90, 0x0D,
    0x86, 0x06, 0x49, 0x83, 0xB2, 0x89, 0x6D, 0x42, 0x37, 0x5E, 0xC9, 0xA8, 0x09, 0x28, 0x3E, 0xA6,
    0xCD, 0xFA, 0x28, 0x6A, 0x74, 0xB5, 0x5C, 0x55, 0xF2, 0x5E, 0x2A, 0x49, 0xB7, 0x83, 0xF0, 0xC7,
    0x6C, 0x73, 0xBF, 0xAB, 0xBB, 0x83, 0x66, 0x9B, 0x93, 0xCC, 0x7A, 0xED, 0x36, 0x07, 0x29, 0xBE,
    0x46, 0xE8, 0x3A, 0xA3, 0xBB, 0xA0, 0x24, 0xEC, 0x06, 0xC7, 0xC9, 0x5E, 0xC2, 0xCC, 0xC6, 0xFF,
    0xFC, 0xA0, 0x17, 0x79, 0x28, 0xBF, 0x8C, 0xBF, 0x43, 0x56, 0x3D, 0xF4, 0xE4, 0xB6, 0x1F, 0xCB,
    0xCE, 0xC7, 0xE7, 0x1E, 0x7E, 0xAA, 0xCD, 0x6E, 0xB5, 0xFC, 0x76, 0xBB, 0x1C, 0x13, 0x64, 0xA2,
    0x59, 0xB0, 0x3D, 0x64, 0x96, 0x78, 0x95, 0xAE, 0x4F, 0x17, 0x22, 0x4B, 0xF4, 0x65, 0x35, 0x31,
    0xB9, 0xE1, 0xE6, 0xC4, 0x7A, 0x14, 0x11, 0x5C, 0xE1, 0x53, 0xA4, 0x9B, 0x39, 0xC0, 0x8E, 0x66,
    0x8A, 0x20, 0xAA, 0x04, 0xE6, 0x5B, 0x39, 0x58, 0x67, 0xAB, 0xAB, 0x1C, 0x0E, 0xD5, 0x81, 0x40,
    0xDD, 0xCF, 0x56, 0x83, 0x49, 0xB6, 0xAA, 0xBF, 0x70, 0x3C, 0x1D, 0x6C, 0xE1, 0x15, 0x90, 0x37,
    0x80, 0x47, 0x03, 0x30, 0xA1, 0x7D, 0xE5, 0x2B, 0x97, 0x5E, 0xE2, 0xF2, 0x4B, 0xA4, 0xAF, 0x91,
    0x42, 0x21, 0x25, 0xC8, 0xCB, 0x4E, 0xC6, 0x4C, 0xFA, 0x42, 0x23, 0xFD, 0x02, 0xC9, 0x88, 0x6C,
    0xD3, 0x02, 0x21, 0x10, 0x00, 0xE2, 0x09, 0xDE, 0x70, 0x04, 0x87, 0x1B, 0x1C, 0x8C, 0xAF, 0x5D,
    0x21, 0xFE, 0x66, 0x89, 0xC4, 0x20, 0xFF, 0x50, 0x23, 0xFF, 0x38, 0x45, 0x5A, 0x6A, 0x71, 0x7D,
    0x85, 0xFC, 0x7A, 0x3E, 0xF9, 0x8D, 0xE5, 0x3A, 0xD9, 0x23, 0x3B, 0x6B, 0xFA, 0x81, 0xEE, 0x9E,
    0xA1, 0xFB, 0x8B, 0x86, 0xF3, 0x1D, 0xBA, 0x67, 0xD2, 0x7A, 0xE5, 0xAF, 0x8E, 0x3E, 0x7F, 0x73,
    0xC3, 0x31, 0xC5, 0xFF, 0x90, 0xC7, 0x7F, 0xAD, 0x65, 0x88, 0x1C, 0x37, 0x08, 0x53, 0x29, 0xB4,
    0xF4, 0x6A, 0x6F, 0x32, 0xB8, 0x69, 0x27, 0x6E, 0x3D, 0x3B, 0xCF, 0xCA, 0x51, 0x7A, 0xB1, 0xEE,
    0x49, 0x7A, 0x3D, 0xFA, 0xEB, 0xC4, 0x25, 0xBD, 0x84, 0x5E, 0x87, 0x5E, 0x98, 0xDA, 0xD3, 0xC5,
    0x34, 0x49, 0xB5, 0xDD, 0xAC, 0xEE, 0x5D, 0x2D, 0x6E, 0x6D, 0x6A, 0x71, 0x3B, 0x15, 0xB6, 0x36,
    0x7A, 0x71, 0x4D, 0x0B, 0x6D, 0xA4, 0xD9, 0x78, 0xC6, 0xC4, 0x58, 0x83, 0xEF, 0xC4, 0x73, 0x82,
    0xDE, 0x25, 0xBE, 0x2C, 0x86, 0x37, 0x2A, 0x98, 0x83, 0xFD, 0xF0, 0x99, 0x58, 0x0F, 0xC7, 0xB1,
    0x1A, 0xAE, 0x3A, 0x8E, 0xD0, 0x89, 0xF7, 0x14, 0x7E, 0xC7, 0x69, 0x8B, 0xBE, 0xFF, 0x73, 0xE3,
    0x98, 0xCE, 0x3B, 0x5A, 0x1C, 0x2F, 0xAE, 0xBF, 0x2D, 0x2E, 0x04, 0x25, 0xB6, 0x63, 0x88, 0x2F,
    0x6C, 0x81, 0xE4, 0xD2, 0x83, 0xCD, 0xB0, 0x66, 0xBD, 0x7C, 0xBC, 0xBE, 0x95, 0x75, 0x13, 0xA6,
    0xDB, 0x0D, 0xD9, 0xE6, 0x48, 0xB6, 0x21, 0x05, 0x8C, 0xC8, 0xAC, 0x21, 0xBE, 0xE8, 0x58, 0x85,
    0x76, 0xE2, 0x54, 0x56, 0x7C, 0x3C, 0x72, 0xFD, 0x25, 0x27, 0xF3, 0xB5, 0xB8, 0x2D, 0xB3, 0x55,
    0x51, 0x96, 0x00, 0x03, 0x7E, 0x0E, 0xC0, 0x25, 0x08, 0x0A, 0x90, 0xFE, 0x16, 0x89, 0x7C, 0x27,
    0x4D, 0x7A, 0x42, 0x27, 0xC9, 0x0E, 0x69, 0xB2, 0x15, 0x49, 0x78, 0x6B, 0xEB, 0x9C, 0x6F, 0x6D,
    0x0E, 0x10, 0xE4, 0xF4, 0x43, 0x35, 0xBF, 0x38, 0x3A, 0xB1, 0x96, 0x5C, 0x32, 0xC9, 0x09, 0x93,
    0x24, 0x97, 0x96, 0xFA, 0x8B, 0xA3, 0xD0, 0x56, 0x30, 0x5D, 0xC6, 0x9F, 0xC0, 0x7C, 0x03, 0x68,
    0x83, 0x98, 0xE0, 0x71, 0xC1, 0xF5, 0xC4, 0x4E, 0xCE, 0x4D, 0x51, 0x1E, 0xB0, 0x20, 0x21, 0x84,
    0x60, 0x97, 0x78, 0xBC, 0x40, 0x56, 0x93, 0x8F, 0x58, 0x63, 0xF5, 0x4B, 0xE5, 0x15, 0x7F, 0xD4,
    0x6D, 0xF4, 0x2C, 0x38, 0x83, 0xF8, 0x01, 0x54, 0x30, 0x82, 0x4B, 0x2D, 0xC4, 0x98, 0x3A, 0x46,
    0xF6, 0xF3, 0x70, 0xE7, 0x16, 0xF1, 0x1F, 0xB4, 0x21, 0xC0, 0x52, 0x83, 0x75, 0xFC, 0xF1, 0xE3,
    0xA9, 0x5E, 0x18, 0xA7, 0x2F, 0xDC, 0x4D, 0x9F, 0x4A, 0x15, 0x58, 0xB5, 0x83, 0xEA, 0xA9, 0x25,
    0x88, 0x91, 0x3D, 0x7D, 0xFF, 0x3D, 0x1F, 0x9F, 0x01, 0x44, 0x94, 0x83, 0x02, 0x26, 0x38, 0x3F,
    0xB4, 0xDF, 0x1F, 0xBD, 0x7B, 0xEF, 0x46, 0x71, 0xFE, 0xC3, 0x4D, 0x7D, 0xD4, 0x9C, 0xD6, 0x18,
    0xF1, 0x78, 0xF9, 0xE8, 0x6B, 0x79, 0x30, 0x89, 0xD9, 0x13, 0x60, 0xAE, 0x15, 0xEC, 0x78, 0x85,
    0x7B, 0xBF, 0x5C, 0xE2, 0xD6, 0xF7, 0x97, 0x10, 0xFA, 0x21, 0xF9, 0xD1, 0x3A, 0xD2, 0xDA, 0x6D,
    0xA7, 0xE3, 0x64, 0x9A, 0xFA, 0xC6, 0x16, 0xCC, 0xC2, 0x8B, 0x0E, 0xBB, 0xE7, 0x20, 0xF7, 0x0D,
    0x6E, 0xF5, 0xED, 0x2A, 0xFB, 0xE2, 0xA8, 0x87, 0xA9, 0x71, 0xC8, 0x44, 0x87, 0x8C, 0xB4, 0xC6,
    0x5B, 0x37, 0x1C, 0x32, 0x1C, 0x30, 0x60, 0x90, 0xD5, 0xE0, 0x7A, 0x19, 0xF9, 0x85, 0xFC, 0x8D,
    0x5C, 0x7E, 0x2E, 0x0F, 0xEF, 0xE5, 0xBE, 0xCD, 0xF9, 0xDC, 0xE4, 0x83, 0x97, 0x9F, 0x2F, 0x76,
    0xD4, 0x1A, 0x7E, 0x07, 0x69, 0xDB, 0x9A, 0xE9, 0x36, 0xB2, 0xEB, 0xD5, 0x65, 0xE8, 0x43, 0x77,
    0x82, 0x61, 0x1A, 0xDD, 0xD6, 0x5D, 0xF1, 0x30, 0x86, 0x67, 0x47, 0x84, 0x23, 0x58, 0x69, 0x8A,
    0xD4, 0xE9, 0x9F, 0x17, 0x42, 0xFF, 0xAB, 0x16, 0xFA, 0xBB, 0x3F, 0xBF, 0xA8, 0x07, 0xD6, 0xBA,
    0xDE, 0xC4, 0x9C, 0x3C, 0xE3, 0xA5, 0x5C, 0x39, 0xA6, 0x88, 0xB7, 0x60, 0x62, 0x0A, 0x5F, 0xFF,
    0x9F, 0xE2, 0xD7, 0xCA, 0xD8, 0xBF, 0x31, 0x03, 0x6B, 0xC2, 0xB4, 0xD9, 0x07, 0xDE, 0x5F, 0xC3,
    0xE6, 0xC0, 0x6E, 0x8C, 0xF1, 0x6E, 0x8C, 0xCD, 0x1F, 0x5B, 0xD9, 0x66, 0xFF, 0x40, 0x99, 0x7B,
    0x6A, 0x07, 0x7B, 0xD1, 0xB0, 0xCF, 0xB6, 0x7A, 0xBE, 0xDB, 0xA1, 0x00, 0x00, 0x74, 0x3A, 0x40,
    0x58, 0x01, 0x1C, 0x85, 0x4F, 0x53, 0xA3, 0x65, 0x6D, 0x0D, 0x16, 0x73, 0x78, 0x0E, 0xA6, 0x2D,
    0x3D, 0xB4, 0xBE, 0x5E, 0x68, 0x77, 0x2F, 0x25, 0x72, 0x03, 0x79, 0xA5, 0x09, 0x6D, 0xFC, 0xC9,
    0x27, 0x5A, 0xCA, 0x74, 0x02, 0x13, 0x5C, 0x82, 0xBC, 0x09, 0xF3, 0x8B, 0x7E, 0xB8, 0x63, 0x63,
    0x8B, 0xDA, 0x1A, 0xCA, 0xF0, 0x6A, 0xA3, 0x5C, 0x7E, 0x4E, 0xA0, 0xE9, 0x30, 0x45, 0xD9, 0x75,
    0x0C, 0xB3, 0xB0, 0x1F, 0x5E, 0xD9, 0xBD, 0x20, 0x61, 0x68, 0x1D, 0x90, 0x9E, 0x7A, 0x5F, 0x71,
    0x92, 0xE9, 0xD6, 0x7C, 0x48, 0xC0, 0xDB, 0x00, 0x61, 0xD8, 0xB5, 0x76, 0x71, 0xAD, 0xF5, 0x4F,
    0x4D, 0x3A, 0xC1, 0xB3, 0x6F, 0x5F, 0xA2, 0x96, 0xD4, 0x09, 0x4F, 0xDC, 0xBE, 0xDA, 0xB0, 0xF3,
    0x29, 0xE6, 0xE9, 0x17, 0x44, 0x15, 0xFB, 0x99, 0xE0, 0xF1, 0xE6, 0x29, 0x72, 0xE2, 0x92, 0x39,
    0x6A, 0xBC, 0xF2, 0xAC, 0x85, 0xEB, 0x12, 0x78, 0x0B, 0x58, 0x03, 0xCE, 0x67, 0x64, 0xC4, 0x69,
    0x85, 0x2B, 0xF6, 0xE0, 0xAA, 0x3D, 0xB8, 0x72, 0x0F, 0xFB, 0x57, 0x9C, 0x24, 0x09, 0xAE, 0xE2,
    0xC3, 0x30, 0xB5, 0x29, 0x04, 0x40, 0x08, 0x3C, 0xCF, 0x65, 0xFA, 0x74, 0x1F, 0x73, 0x0D, 0x77,
    0x9E, 0xD9, 0x4C, 0x75, 0x98, 0xD2, 0x79, 0x91, 0xB0, 0x82, 0xA3, 0x00, 0x51, 0x45, 0xEF, 0xCD,
    0xB6, 0xBA, 0x27, 0x9B, 0xEA, 0xDE, 0xFC, 0xA4, 0xBA, 0x77, 0x5B, 0x03, 0xDE, 0xA9, 0xD4, 0xDF,
    0x54, 0x1C, 0x99, 0x8A, 0xF6, 0xF9, 0x97, 0x90, 0x3D, 0xF6, 0xEC, 0x79, 0x3A, 0x2D, 0xC7, 0xED,
    0x88, 0xC1, 0xDD, 0x75, 0x16, 0xF2, 0x57, 0xF8, 0x42, 0x0E, 0x1F, 0x3A, 0x79, 0xBF, 0x4E, 0xF5,
    0xEE, 0x2A, 0x61, 0x73, 0xE4, 0xC5, 0x9C, 0x8E, 0x97, 0xEF, 0x4F, 0xFC, 0x9F, 0x2E, 0xDB, 0xD0,
    0x56, 0x71, 0x39, 0x4C, 0x17, 0x8E, 0xFF, 0x58, 0x1F, 0x94, 0x5E, 0x81, 0xC4, 0x44, 0xD6, 0x9A,
    0x44, 0xC2, 0x92, 0x93, 0x24, 0xFE, 0x61, 0x1E, 0xBF, 0x6F, 0x15, 0x00, 0x10, 0x06, 0x88, 0x31,
    0x1C, 0x9D, 0xEA, 0x54, 0x46, 0x76, 0x08, 0xDA, 0x85, 0xA8, 0x3B, 0xD1, 0xB1, 0xB6, 0x70, 0x31,
    0xB0, 0xAA, 0xDD, 0xB0, 0xC3, 0x34, 0x1C, 0x03, 0xF8, 0x63, 0xE2, 0x5F, 0xE9, 0x83, 0xBE, 0x01,
    0x87, 0x75, 0x87, 0x81, 0x2D, 0x13, 0xD6, 0x13, 0x2E, 0x2D, 0x60, 0xE4, 0xB7, 0xB5, 0xB0, 0x00,
    0x61, 0xC9, 0xC2, 0x71, 0x90, 0x29, 0x41, 0x4D, 0xE2, 0xA8, 0x6A, 0xC2, 0x08, 0x59, 0x01, 0xF8,
    0x5F, 0x42, 0xDC, 0xC0, 0xF3, 0xA6, 0x64, 0x6B, 0xEB, 0x2A, 0xDE, 0x9E, 0x96, 0x79, 0xF1, 0x38,
    0x34, 0x4E, 0x2E, 0xB6, 0x7A, 0xC2, 0xDC, 0x6F, 0x99, 0xE1, 0xF9, 0x7D, 0x50, 0x0F, 0xC6, 0xAD,
    0xFF, 0xA7, 0xF4, 0x64, 0x6F, 0x9C, 0x83, 0xB5, 0x02, 0x66, 0xD2, 0xA9, 0x3D, 0x99, 0x9B, 0x7D,
    0xF2, 0xE5, 0xA7, 0x3C, 0xAA, 0x7A, 0xE9, 0x60, 0xB2, 0xB4, 0x67, 0xE6, 0x71, 0xB1, 0x3F, 0x0C,
    0x6C, 0x8D, 0xC3, 0x1D, 0x66, 0x1A, 0xB7, 0x27, 0xCA, 0x6D, 0x0A, 0xD5, 0x52, 0x4C, 0x82, 0xAC,
    0xEA, 0xDD, 0x8D, 0xA3, 0x27, 0x30, 0xBE, 0x0E, 0x73, 0x59, 0xD1, 0xA3, 0x43, 0x87, 0xFE, 0xC7,
    0x1B, 0x59, 0xD1, 0x9C, 0x7F, 0x0C, 0x35, 0x9F, 0x24, 0x8F, 0xF5, 0x5E, 0x43, 0x58, 0xE0, 0x29,
    0x85, 0x12, 0xDE, 0x50, 0xF0, 0x7F, 0x39, 0xCC, 0xA4, 0xCF, 0x3C, 0x45, 0xAD, 0x04, 0xEF, 0xE1,
    0x79, 0x4F, 0x9B, 0xE2, 0x54, 0xEA, 0x7D, 0xA0, 0x39, 0xC2, 0x94, 0x67, 0x57, 0xFE, 0xF3, 0x84,
    0x5F, 0x69, 0x74, 0xA5, 0x2D, 0x4F, 0xA4, 0x89, 0xD0, 0x0E, 0xF3, 0x0E, 0x4D, 0xA7, 0x2F, 0xD3,
    0x49, 0x59, 0x6C, 0xFA, 0x1A, 0xC7, 0x36, 0xC9, 0xC0, 0x3E, 0x42, 0xE2, 0x1C, 0xC3, 0x2D, 0xCD,
    0x91, 0x69, 0xD9, 0xF6, 0x3E, 0x4F, 0xD8, 0xB9, 0xFF, 0xBF, 0x27, 0x77, 0x30, 0x27, 0x0F, 0x32,
    0xFB, 0x7B, 0xDB, 0x7F, 0xB6, 0x30, 0xE5, 0x19, 0xC8, 0xBE, 0x97, 0xBA, 0x89, 0xD3, 0xBC, 0xC7,
    0x16, 0x42, 0x79, 0x0D, 0xDF, 0x02, 0xD3, 0x1E, 0x9D, 0x79, 0x7F, 0xD0, 0x46, 0x03, 0x80, 0x8D,
    0xF5, 0x72, 0x98, 0xCE, 0x49, 0x66, 0x3B, 0xC8, 0x39, 0xC2, 0x04, 0x71, 0x09, 0x51, 0xCF, 0x8E,
    0x97, 0x23, 0x34, 0x51, 0xCA, 0xE5, 0xDA, 0x43, 0xD6, 0xD1, 0x29, 0x47, 0xA6, 0x9D, 0x62, 0xDB,
    0xA6, 0xA7, 0x9F, 0x82, 0xDF, 0x4E, 0xF9, 0x86, 0xE6, 0x03, 0x78, 0x7B, 0xDA, 0x59, 0xF8, 0x16,
    0xDE, 0x7B, 0x88, 0xBF, 0xC7, 0xFF, 0xEC, 0xF4, 0x13, 0x6D, 0xFB, 0xA7, 0xA9, 0x8E, 0xE9, 0xEA,
    0x17, 0xBF, 0x91, 0x7A, 0x47, 0x00, 0x9E, 0x50, 0x4D, 0x7F, 0xFA, 0x81, 0xBB, 0x01, 0x87, 0x35,
    0x78, 0xEB, 0xD1, 0x0A, 0x6F, 0x41, 0x7D, 0x9D, 0xE3, 0xE0, 0x01, 0x48, 0x2E, 0xC1, 0xCC, 0x0C,
    0xCF, 0x7A, 0xDC, 0xD6, 0xD8, 0xEA, 0x87, 0x3B, 0xFC, 0xD9, 0x14, 0xF5, 0xF6, 0x1D, 0x7B, 0x47,
    0x2A, 0x21, 0xFA, 0x0E, 0x83, 0x31, 0x92, 0xFB, 0x18, 0x18, 0x68, 0xB0, 0x37, 0x27, 0x52, 0x0C,
    0x2C, 0xD1, 0x45, 0xA4, 0x40, 0x7A, 0x0C, 0xCC, 0x8E, 0x61, 0x39, 0x5E, 0x83, 0x40, 0x13, 0x6F,
    0x9F, 0xB0, 0x1E, 0x79, 0x5C, 0x7A, 0xE3, 0x37, 0x27, 0xAC, 0x6A, 0x09, 0x92, 0x06, 0xAE, 0x73,
    0x7E, 0xD7, 0x33, 0x8E, 0x30, 0x45, 0x34, 0x3E, 0xD5, 0x75, 0x5E, 0x7C, 0x38, 0x6B, 0xF2, 0xAD,
    0x72, 0x68, 0x68, 0x75, 0x4B, 0x7B, 0x7A, 0xAB, 0xA5, 0x9A, 0xAB, 0x49, 0xA2, 0x71, 0x4B, 0x35,
    0x1B, 0x51, 0x0D, 0xF4, 0xFF, 0x03, 0x9D, 0xD6, 0x01, 0x84, 0x1C, 0x57, 0x1C, 0xC7, 0xF1, 0xEF,
    0x7B, 0x6F, 0x73, 0x93, 0x74, 0x9A, 0x7D, 0x51, 0xA5, 0xAB, 0x69, 0x76, 0x83, 0x94, 0xC3, 0xDD,
    0x6D, 0x11, 0x04, 0xB3, 0x97, 0x17, 0x47, 0x5B, 0x00, 0x28, 0x48, 0x2B, 0x07, 0x00, 0x91, 0x20,
    0x58, 0xDC, 0xDD, 0xBD, 0xA8, 0x96, 0x3A, 0xAD, 0x28, 0xDA, 0x36, 0x45, 0x17, 0x05, 0x0D, 0x72,
    0x08, 0x16, 0x77, 0xB9, 0x57, 0x41, 0x51, 0x62, 0x15, 0xA0, 0xE8, 0x6A, 0x11, 0x9C, 0x36, 0xA3,
    0xA6, 0xC9, 0x26, 0xB7, 0xB9, 0x69, 0x4C, 0xA7, 0xBA, 0x2A, 0xE9, 0xFC, 0xF7, 0xCC, 0x3B, 0x0E,
    0x3B, 0xFF, 0xCF, 0xFE, 0xFE, 0xF3, 0xFF, 0x8F, 0x25, 0x81, 0x55, 0xC8, 0xE1, 0x27, 0xF4, 0xF7,
    0xDE, 0xDC, 0x09, 0x66, 0x29, 0xC4, 0x37, 0x86, 0x36, 0x4F, 0x4F, 0x90, 0x26, 0xF4, 0xF3, 0xA5,
    0x1C, 0x60, 0x16, 0x56, 0xE0, 0x14, 0xAD, 0x11, 0x9D, 0x35, 0x66, 0x2D, 0x58, 0x5A, 0x39, 0x9D,
    0x0B, 0x74, 0x2D, 0xC9, 0x3A, 0xED, 0x9F, 0x03, 0xC0, 0x00, 0x3D, 0x04, 0x0F, 0xAB, 0x70, 0x1C,
    0x9A, 0x70, 0x0A, 0x09, 0xA1, 0x7B, 0xA8, 0x2B, 0xB0, 0x09, 0x01, 0xA8, 0x52, 0x38, 0x05, 0xB7,
    0xE8, 0x04, 0xB5, 0xE7, 0xF4, 0x39, 0x2F, 0x8A, 0xA0, 0x3D, 0x91, 0xE3, 0x63, 0x4C, 0x46, 0x7D,
    0x4E, 0x40, 0x18, 0x30, 0x81, 0xA4, 0xA7, 0x72, 0x31, 0x31, 0x0B, 0xF3, 0xB0, 0x21, 0x26, 0xF4,
    0x10, 0x75, 0x19, 0x52, 0xD6, 0xBC, 0xDE, 0xF5, 0x0A, 0x27, 0x52, 0x5A, 0x8E, 0x99, 0xC0, 0x5B,
    0xDE, 0x3C, 0xC2, 0xCE, 0x51, 0xAB, 0x55, 0x29, 0xA0, 0x1E, 0x07, 0x7D, 0x1E, 0x12, 0xE4, 0x59,
    0xE2, 0x2F, 0x68, 0x8E, 0xC1, 0x61, 0x52, 0x6C, 0x22, 0x52, 0x58, 0xA5, 0x4C, 0x31, 0xE5, 0x44,
    0x4D, 0x2A, 0x20, 0x1E, 0xB0, 0x08, 0x9A, 0xA8, 0x87, 0x9E, 0x1C, 0x5E, 0x46, 0x84, 0x16, 0x53,
    0x43, 0xE0, 0xE8, 0x6B, 0x44, 0x23, 0x70, 0x82, 0x50, 0x29, 0x9C, 0x41, 0x7D, 0xE0, 0xD8, 0x85,
    0x55, 0x91, 0x52, 0x0C, 0x0E, 0x0C, 0xA8, 0x3F, 0x55, 0x32, 0x41, 0xA2, 0x4E, 0xB9, 0x29, 0xEA,
    0xDE, 0x14, 0x59, 0xF4, 0x10, 0xBA, 0xB0, 0x39, 0x4D, 0x9C, 0x07, 0x5E, 0xDF, 0x44, 0x5D, 0x75,
    0xEC, 0x3A, 0x61, 0x96, 0x99, 0xB7, 0xA9, 0x8F, 0xA9, 0x1D, 0x13, 0x67, 0x01, 0x75, 0xA7, 0x4C,
    0x31, 0xED, 0x18, 0x3C, 0x4D, 0x11, 0x8F, 0x50, 0xD7, 0xE4, 0x33, 0x40, 0x3B, 0x0F, 0xED, 0x1B,
    0xC1, 0x12, 0x2C, 0x58, 0xB0, 0xDF, 0x62, 0xF7, 0x29, 0xFF, 0x67, 0x60, 0xDF, 0x19, 0xAC, 0xE7,
    0x03, 0x80, 0x65, 0xC8, 0x60, 0x99, 0x68, 0x4C, 0xEB, 0x12, 0x49, 0xEC, 0x3A, 0xE7, 0xFD, 0x7A,
    0xEE, 0xBA, 0x90, 0x40, 0x3B, 0x26, 0xDE, 0x67, 0xB2, 0x2C, 0x23, 0x78, 0x17, 0x12, 0x58, 0x16,
    0x11, 0xAA, 0x87, 0xEA, 0xC2, 0x15, 0x18, 0x00, 0x15, 0x8A, 0xB9, 0x47, 0x7C, 0x1B, 0x10, 0x55,
    0x8E, 0x3E, 0xA4, 0x3E, 0x06, 0xAA, 0xCB, 0xC2, 0x32, 0x6A, 0xC8, 0x43, 0x67, 0x7E, 0x67, 0x46,
    0x8B, 0x8A, 0xA3, 0x02, 0xC6, 0x73, 0x1D, 0x93, 0x61, 0x4F, 0x08, 0x88, 0x23, 0x10, 0x3B, 0xFE,
    0x0C, 0x72, 0x82, 0x06, 0x34, 0xE1, 0x73, 0x31, 0x11, 0x7B, 0xD4, 0x90, 0x97, 0x06, 0xEC, 0x11,
    0x7D, 0x8D, 0x52, 0x32, 0xC5, 0xFA, 0xE2, 0x95, 0x18, 0xF4, 0x63, 0xE2, 0x8B, 0xD4, 0x0E, 0x55,
    0x29, 0x60, 0xF6, 0x98, 0x99, 0x87, 0x0C, 0x79, 0x96, 0xF8, 0x4B, 0xEA, 0x5B, 0xE0, 0xD0, 0x29,
    0x76, 0x9E, 0x5A, 0xAD, 0x4A, 0x39, 0x06, 0xA3, 0x32, 0xC5, 0x94, 0x83, 0x5A, 0x28, 0x59, 0xA9,
    0x80, 0x74, 0x6E, 0x5B, 0x2E, 0x0A, 0x91, 0x3F, 0x42, 0x3B, 0xB4, 0xBD, 0xE5, 0xBF, 0xD7, 0x7A,
    0x78, 0x95, 0x57, 0x5C, 0xEC, 0x5E, 0x04, 0xD6, 0x58, 0xA0, 0x39, 0x71, 0xED, 0x84, 0xE7, 0xDD,
    0x03, 0x2F, 0x60, 0x39, 0xC4, 0x51, 0x16, 0x38, 0xFC, 0xCC, 0x3B, 0xE1, 0x28, 0x2D, 0x0E, 0xC3,
    0x8E, 0x8F, 0x76, 0x53, 0x4B, 0xBF, 0x43, 0x92, 0x30, 0x9F, 0xB0, 0x50, 0x9C, 0xF9, 0x84, 0x64,
    0x81, 0x15, 0xFB, 0x59, 0xAA, 0x73, 0x0F, 0x30, 0x0B, 0x09, 0x34, 0x88, 0x9E, 0xD0, 0xBA, 0x40,
    0x12, 0xF9, 0x33, 0x26, 0x74, 0x8B, 0x93, 0x18, 0xBF, 0x68, 0xB1, 0x4F, 0x00, 0xE8, 0xA1, 0x52,
    0xB8, 0x06, 0x8B, 0x70, 0x1C, 0x5A, 0xD0, 0x90, 0x12, 0xE5, 0x3E, 0x76, 0x61, 0x00, 0x54, 0x41,
    0x34, 0xA0, 0x4B, 0x67, 0xC0, 0x9E, 0x57, 0xDE, 0x0B, 0x89, 0x72, 0x77, 0xBE, 0xC2, 0x8C, 0xB0,
    0x27, 0x04, 0x8A, 0x71, 0xE8, 0x01, 0x9D, 0xDE, 0x74, 0x4A, 0xB9, 0x3E, 0x85, 0xD2, 0x14, 0x28,
    0x7A, 0x88, 0xBA, 0x42, 0x6D, 0x93, 0xC5, 0xA0, 0xEE, 0x05, 0x9C, 0x93, 0x42, 0xD6, 0x73, 0x28,
    0xB0, 0xF4, 0xCF, 0x06, 0xA9, 0x2A, 0x08, 0xD8, 0x0F, 0x6A, 0xC3, 0xD1, 0x61, 0xAA, 0x44, 0xD1,
    0x75, 0xCA, 0x25, 0xCA, 0x88, 0x8B, 0xF1, 0xAE, 0x86, 0xD6, 0x28, 0xB3, 0x4C, 0x39, 0x60, 0xA5,
    0x52, 0xBC, 0x10, 0x40, 0x3C, 0x6F, 0x0A, 0xAC, 0x63, 0xBB, 0x0E, 0x96, 0x9D, 0x6D, 0x91, 0x58,
    0x83, 0x15, 0xF4, 0x10, 0x7D, 0x2E, 0xA0, 0x06, 0x51, 0xEE, 0x0B, 0x28, 0x3C, 0x37, 0x51, 0x1F,
    0xDA, 0x75, 0x94, 0xB4, 0xBE, 0x02, 0x13, 0x50, 0x19, 0xBC, 0x2E, 0xA8, 0x5F, 0xEE, 0x4B, 0x9D,
    0x46, 0x59, 0x5F, 0xBA, 0x2F, 0xB7, 0xE0, 0x3B, 0x41, 0xFD, 0x47, 0x41, 0xDF, 0xFF, 0x44, 0xDE,
    0x9C, 0xF8, 0x23, 0xEA, 0x63, 0x50, 0xB2, 0xCE, 0x50, 0xB6, 0x7D, 0xBA, 0x07, 0x8D, 0xAC, 0x7E,
    0xF9, 0x88, 0xB9, 0x74, 0x75, 0x87, 0x4B, 0x6E, 0x9B, 0x26, 0xC9, 0x33, 0xFF, 0xEA, 0x9C, 0xC1,
    0xD2, 0x25, 0xFE, 0x34, 0x45, 0xE7, 0x01, 0x4A, 0x8C, 0x0E, 0x05, 0xB7, 0x65, 0xC3, 0x53, 0x63,
    0xCE, 0xFC, 0x7B, 0xE6, 0x4D, 0x68, 0xB5, 0x82, 0x7D, 0x90, 0x4E, 0xBE, 0xC4, 0x59, 0x04, 0x8E,
    0x03, 0x16, 0x68, 0x70, 0x30, 0xB6, 0x07, 0x2B, 0xC5, 0xE9, 0x41, 0xA5, 0xAC, 0x00, 0xEB, 0x60,
    0xDB, 0x38, 0x30, 0xFE, 0x6F, 0x70, 0x6B, 0x3A, 0xB0, 0x06, 0x1D, 0x54, 0x86, 0xF2, 0xA7, 0xE1,
    0xF4, 0x96, 0x4D, 0xFF, 0x0F, 0x04, 0xE8, 0x03, 0x6D, 0xE3, 0x50, 0x07, 0x03, 0x95, 0xC3, 0x0C,
    0xA0, 0x0F, 0x8D, 0x4A, 0x70, 0xA2, 0xA5, 0xC6, 0xD1, 0xA8, 0x00, 0xAB, 0x5B, 0x2A, 0x00, 0x1F,
    0x05, 0xF4, 0xFD, 0xF7, 0x0F, 0xDC, 0x4E, 0xF3, 0x23, 0xF5, 0xDB, 0x80, 0xB0, 0x97, 0x18, 0x99,
    0x54, 0x31, 0xA0, 0x20, 0x23, 0x27, 0x7F, 0x6E, 0xA4, 0xB0, 0x0D, 0x35, 0x6E, 0xBE, 0x39, 0xBA,
    0xAD, 0xB3, 0xA6, 0x0E, 0xD6, 0xF8, 0x68, 0x03, 0x73, 0x17, 0xC6, 0x90, 0xC1, 0xAD, 0xF2, 0x98,
    0x7D, 0x70, 0xA8, 0x14, 0x56, 0xE0, 0x30, 0xC0, 0xD9, 0x1F, 0xD2, 0x96, 0x09, 0xD6, 0x84, 0x68,
    0xC9, 0x99, 0x0D, 0xF4, 0x5D, 0xF8, 0x0D, 0xC6, 0xD0, 0x87, 0x4D, 0x48, 0x89, 0x02, 0x67, 0x9D,
    0xAC, 0x32, 0x70, 0x19, 0x32, 0x38, 0x59, 0x55, 0xF6, 0x0F, 0x1F, 0xDD, 0x09, 0x67, 0xCF, 0x39,
    0xFA, 0xF0, 0x1E, 0x24, 0x70, 0x52, 0x46, 0x7C, 0x03, 0x17, 0x61, 0x0E, 0xDE, 0x90, 0x7F, 0x79,
    0xCC, 0xAF, 0x44, 0x3B, 0x80, 0x88, 0xD0, 0xBF, 0x14, 0x1F, 0xAE, 0xC9, 0xEB, 0xF3, 0x17, 0x4D,
    0x89, 0x01, 0x44, 0x43, 0x51, 0x14, 0x86, 0xBF, 0xBD, 0x87, 0x61, 0xDA, 0x8A, 0xCA, 0xA8, 0x04,
    0x30, 0xD9, 0x58, 0xDC, 0xD5, 0x89, 0x9B, 0xDD, 0x01, 0x40, 0x40, 0x00, 0x00, 0x04, 0x18, 0x9E,
    0x04, 0xF2, 0x08, 0x00, 0x42, 0x00, 0x88, 0x80, 0x07, 0x1E, 0x3D, 0x00, 0xEE, 0x01, 0x42, 0xF0,
    0x02, 0x10, 0x9A, 0x0A, 0x00, 0x02, 0x86, 0x74, 0xBB, 0x33, 0x6C, 0xBE, 0xE3, 0xFF, 0x7E, 0xE7,
    0x2F, 0xF2, 0xA0, 0x3E, 0xE4, 0xF1, 0x8A, 0x02, 0x1F, 0x28, 0xA2, 0x42, 0x58, 0x79, 0x1C, 0xEA,
    0x9D, 0x4B, 0xB7, 0x4C, 0xBA, 0x26, 0xBB, 0xD9, 0xEC, 0x59, 0x19, 0x2E, 0x83, 0x2C, 0x33, 0x5D,
    0xA0, 0x7B, 0x3F, 0xD2, 0xEB, 0x08, 0xF4, 0xEA, 0xF3, 0x99, 0xD4, 0xC7, 0xBA, 0xB5, 0xD6, 0x1A,
    0x2E, 0xD5, 0x44, 0xFD, 0xDF, 0xEE, 0xC3, 0xA2, 0xAD, 0x48, 0x72, 0xD6, 0xB6, 0xA3, 0xAB, 0xBD,
    0x6F, 0x58, 0xDF, 0xB6, 0xF1, 0x84, 0x3C, 0xB8, 0x5B, 0xCA, 0x83, 0x6A, 0x00, 0x22, 0x62, 0xAD,
    0x05, 0x5A, 0x75, 0x1B, 0x06, 0x65, 0x1F, 0x8C, 0x64, 0x30, 0x94, 0x19, 0xC8, 0x89, 0xC2, 0xE1,
    0x97, 0x83, 0x46, 0x7B, 0x3C, 0x99, 0xD3, 0xFF, 0x7C, 0xB9, 0x60, 0xA4, 0xEF, 0x4D, 0x7E, 0xF4,
    0xA3, 0x99, 0xE8, 0xDB, 0x6B, 0x2B, 0x75, 0xFE, 0xEE, 0x17, 0x00, 0x31, 0xE5, 0xA3, 0x3B, 0xD3,
    0x53, 0x7D, 0xCE, 0x9F, 0x98, 0x00, 0x29, 0x1D, 0x2C, 0x82, 0x8D, 0x4E, 0x01, 0x30, 0xF4, 0x63,
    0x6F, 0xBA, 0x4E, 0xB4, 0x01, 0x64, 0x2A, 0x55, 0xA4, 0x8C, 0x4C, 0x17, 0x00, 0x48, 0x65, 0x2B,
    0x00, 0x3F, 0x27, 0x75, 0xB4, 0x60, 0x03, 0x2C, 0xC4, 0x6D, 0x46, 0xA2, 0x8B, 0x5F, 0x07, 0xF6,
    0x41, 0xA0, 0x04, 0xE0, 0x1F, 0x6C, 0xCE, 0x21, 0xCE, 0xC2, 0x40, 0x14, 0x04, 0xE0, 0xD9, 0xBF,
    0x4D, 0x7E, 0xD5, 0xD4, 0x63, 0x38, 0x00, 0x25, 0x6B, 0x9E, 0x68, 0xC9, 0xC2, 0xF6, 0x28, 0x58,
    0xDC, 0x0A, 0x48, 0xEA, 0xDA, 0xAB, 0xE0, 0x90, 0xAB, 0x31, 0x7D, 0xE1, 0x04, 0xEF, 0x08, 0x7B,
    0x01, 0x92, 0x17, 0x82, 0xC0, 0xC1, 0x0A, 0x24, 0xDF, 0xD8, 0x49, 0x66, 0x0C, 0x6C, 0xA2, 0x10,
    0x28, 0x52, 0xA0, 0x36, 0x5A, 0x41, 0xF6, 0xA7, 0x85, 0x56, 0xDA, 0xE8, 0xEE, 0xB5, 0x78, 0x42,
    0x01, 0x2F, 0x84, 0x0E, 0x2B, 0x46, 0x42, 0x1A, 0x19, 0xD9, 0x52, 0x5A, 0x9C, 0xFA, 0x6B, 0x8A,
    0xF1, 0xA8, 0x96, 0x91, 0xBD, 0xE5, 0xC6, 0xC5, 0xF4, 0x8F, 0x1A, 0x15, 0x1A, 0x18, 0x78, 0x09,
    0xB1, 0x4B, 0x96, 0x83, 0x86, 0xE8, 0x05, 0x99, 0xE7, 0x98, 0xFB, 0x1B, 0x2D, 0x93, 0x11, 0xDF,
    0x03, 0x0F, 0xDD, 0x0E, 0xD4, 0x92, 0x23, 0x37, 0xB8, 0xCB, 0xE1, 0xD7, 0x8F, 0x35, 0xEE, 0xA8,
    0xBE, 0x19, 0xA7, 0x12, 0x33, 0x9F, 0xC5, 0xE4, 0x95, 0x1A, 0x0E, 0x73, 0x02, 0x46, 0xDE, 0xCB,
    0x67, 0x4C, 0x07, 0xE4, 0x1B, 0x20, 0xEE, 0xA2, 0x9F, 0xCB, 0x01, 0x74, 0x92, 0x01, 0x64, 0x1B,
    0x5F, 0x1C, 0xC7, 0x3F, 0x77, 0x47, 0x83, 0xF3, 0xBF, 0xDF, 0x1F, 0x02, 0x5D, 0x97, 0x00, 0xB0,
    0xB6, 0xBB, 0x81, 0x81, 0xA6, 0xBB, 0x1A, 0x0A, 0x50, 0x24, 0x2D, 0x20, 0x03, 0x50, 0x34, 0x05,
    0x14, 0xAD, 0x7B, 0x36, 0x36, 0x80, 0x02, 0x00, 0x82, 0xA2, 0x12, 0xA4, 0x28, 0xA2, 0xB4, 0xF7,
    0x28, 0x00, 0xDC, 0x8C, 0x81, 0xB2, 0x87, 0x61, 0x1A, 0xBA, 0x43, 0x70, 0x5D, 0xD3, 0xBE, 0xDD,
    0x9D, 0x6E, 0x6C, 0x8C, 0xCF, 0xEF, 0x8B, 0xE7, 0xE3, 0x8B, 0xAF, 0xC7, 0x4B, 0xD8, 0xC6, 0xB9,
    0x46, 0xBE, 0xA4, 0x2D, 0xD2, 0x31, 0x3A, 0x83, 0xDF, 0x8C, 0x61, 0x05, 0x15, 0x2E, 0xEA, 0xDA,
    0x2A, 0xDE, 0x1B, 0xE6, 0x0E, 0x01, 0x7A, 0x56, 0x85, 0x43, 0x2D, 0xAE, 0x16, 0x28, 0xB9, 0x47,
    0xDA, 0x08, 0x24, 0x19, 0x42, 0x49, 0x92, 0xE2, 0xDA, 0x48, 0x26, 0xA5, 0xD3, 0x80, 0x5E, 0x9B,
    0xED, 0xA3, 0x92, 0xDE, 0x51, 0x25, 0x38, 0xBA, 0xB1, 0xA9, 0x13, 0xAB, 0xC3, 0x68, 0x14, 0x85,
    0x7A, 0x07, 0x31, 0x0B, 0x04, 0xD9, 0x02, 0xDD, 0xF3, 0x9D, 0x68, 0x30, 0x18, 0xA8, 0xED, 0xE2,
    0x7A, 0xC3, 0x1B, 0x15, 0x78, 0x57, 0x04, 0xCE, 0x8C, 0x80, 0x19, 0xB1, 0x5E, 0x21, 0xBC, 0x25,
    0x1C, 0x69, 0xF1, 0xD2, 0x70, 0x98, 0x17, 0x88, 0xA7, 0x25, 0x51, 0x92, 0x23, 0x3C, 0x12, 0x1B,
    0x46, 0xAA, 0xBF, 0xA8, 0xE3, 0xB5, 0xAC, 0xA9, 0x1A, 0xEE, 0x54, 0x10, 0x2F, 0xFF, 0x8F, 0xE6,
    0xD6, 0xF9, 0x0E, 0xCF, 0x8A, 0xE6, 0xA8, 0x8A, 0xC5, 0x9B, 0xD1, 0x59, 0xE4, 0x5E, 0xC9, 0x2E,
    0xCE, 0xCC, 0xCF, 0x20, 0xF7, 0x52, 0xC8, 0x3C, 0x0D, 0x00, 0xF8, 0x38, 0xDD, 0xC8, 0xB3, 0x1A,
    0xC1, 0xB7, 0xAC, 0x76, 0xD9, 0x13, 0x4E, 0x84, 0xAC, 0x62, 0x2C, 0xB4, 0x42, 0x9A, 0x13, 0x0D,
    0xC4, 0xB6, 0x4C, 0xC7, 0x2A, 0x7F, 0x62, 0x04, 0xB3, 0xCC, 0xC6, 0x41, 0x9B, 0xC1, 0x31, 0x9D,
    0x36, 0x17, 0xC7, 0xB4, 0xA0, 0x09, 0xF2, 0xD9, 0x14, 0x4B, 0x00, 0xBD, 0xF7, 0x79, 0xB8, 0xFE,
    0x35, 0xF0, 0x74, 0xE0, 0x13, 0x04, 0xC4, 0x17, 0xFD, 0x38, 0xE9, 0x07, 0x42, 0xE0, 0xAB, 0xE2,
    0xB1, 0xE9, 0x64, 0xC9, 0xE5, 0xBD, 0xB5, 0xFA, 0xEE, 0x4E, 0x7F, 0x34, 0x7A, 0xCD, 0x44, 0xCE,
    0x35, 0xB5, 0x29, 0x4F, 0xE7, 0x99, 0x9B, 0x32, 0x6F, 0x70, 0x0C, 0xAE, 0x41, 0x66, 0x8F, 0x1B,
    0x34, 0xB7, 0xD2, 0x57, 0x36, 0xAF, 0x77, 0xDA, 0xE1, 0xF0, 0x9B, 0x74, 0x95, 0xDC, 0xFF, 0xB1,
    0x01, 0x2F, 0x4A, 0xDC, 0x87, 0xA8, 0x39, 0x31, 0x2D, 0xCC, 0x98, 0xC3, 0x0C, 0x4A, 0x6A, 0x79,
    0xE6, 0x4E, 0xA7, 0x98, 0x7D, 0x4C, 0xB8, 0x69, 0x7C, 0xAB, 0xD8, 0xAD, 0xE4, 0xFF, 0xF1, 0x6F,
    0x79, 0x3E, 0x62, 0xA9, 0xA6, 0xA8, 0x45, 0xF5, 0x6E, 0xB1, 0x93, 0x2A, 0x08, 0x07, 0x6A, 0x09,
    0x56, 0x5C, 0x15, 0xAE, 0xEB, 0x52, 0x06, 0x76, 0x4B, 0x9C, 0x5B, 0xC4, 0xFE, 0xFB, 0xB3, 0x0C,
    0x75, 0xED, 0xE1, 0xD1, 0x2C, 0x9A, 0x13, 0x6B, 0xEA, 0x9D, 0xA8, 0xC8, 0xB3, 0x1F, 0xA6, 0x9F,
    0xF5, 0xC9, 0xF8, 0x0B, 0xFF, 0xA1, 0x70, 0xA2, 0x7A, 0xA7, 0x48, 0xC5, 0x72, 0x59, 0xC1, 0x18,
    0x9B, 0xE2, 0xA6, 0x95, 0xB0, 0x07, 0x2D, 0x90, 0x28, 0x00, 0x29, 0xD8, 0x47, 0x0E, 0x39, 0xDD,
    0xE7, 0x89, 0x22, 0x71, 0xB4, 0xB8, 0x69, 0xF9, 0x0B, 0x7C, 0x25, 0x09, 0xF1, 0x14, 0x9C, 0x08,
    0x3C, 0x55, 0x9C, 0x86, 0x70, 0x06, 0x77, 0xDF, 0x71, 0x3F, 0x7D, 0x50, 0xDE, 0xE5, 0x3B, 0x5D,
    0x7B, 0xFD, 0xB6, 0x70, 0x55, 0xF6, 0xEB, 0x02, 0x4F, 0x9D, 0x34, 0xE0, 0xF4, 0x00, 0xCE, 0x7B,
    0xE5, 0xA8, 0x4A, 0xBC, 0xAA, 0xAF, 0xAA, 0x8C, 0x2D, 0xF5, 0x0D, 0xE2, 0xFC, 0xE7, 0x10, 0x81,
    0x0A, 0x00, 0x63, 0xFA, 0xC1, 0xBE, 0x86, 0x9B, 0x97, 0x9F, 0x87, 0x5F, 0x87, 0xBF, 0x84, 0xFF,
    0x01, 0xBF, 0x83, 0x3D, 0x83, 0x3C, 0x03, 0x37, 0x03, 0x7B, 0x03, 0xF3, 0x0F, 0x06, 0x06, 0x00,
    0x5C, 0x4F, 0x01, 0xA6, 0xC3, 0x40, 0x14, 0x9C, 0x24, 0x21, 0x9F, 0x20, 0x81, 0x0F, 0x54, 0x14,
    0x45, 0xD1, 0x25, 0x80, 0x57, 0x56, 0xE5, 0x12, 0x01, 0x45, 0xAF, 0x50, 0x14, 0x51, 0xA5, 0x7B,
    0xA8, 0x80, 0x16, 0xF6, 0x08, 0x39, 0x42, 0x8E, 0x10, 0x14, 0x40, 0xB7, 0xB3, 0x59, 0xB4, 0x32,
    0xD9, 0xC7, 0xC8, 0x7B, 0x33, 0xF3, 0x1E, 0x3C, 0x6A, 0xD6, 0x04, 0x24, 0x16, 0x28, 0x48, 0x0F,
    0x6D, 0x8B, 0xBB, 0x73, 0x46, 0x91, 0xE7, 0x8D, 0xFF, 0x1F, 0xFA, 0x58, 0xB3, 0x36, 0xC0, 0x1B,
    0x89, 0x33, 0xC5, 0x7E, 0xD4, 0xD2, 0x9D, 0x65, 0x05, 0xC1, 0xF2, 0x79, 0x24, 0x14, 0xC6, 0x03,
    0x49, 0xCF, 0xD2, 0xF8, 0x6F, 0x4F, 0xB3, 0x67, 0x48, 0xD0, 0xDF, 0xC0, 0x98, 0x74, 0xBB, 0x74,
    0x28, 0x25, 0xED, 0x44, 0x57, 0x32, 0x65, 0xCE, 0xC2, 0xF9, 0xF9, 0x80, 0x3A, 0xB2, 0x14, 0xF2,
    0xA3, 0x52, 0xD3, 0x89, 0x8F, 0xCB, 0x1E, 0x2D, 0x9D, 0x9D, 0x55, 0x40, 0x66, 0xB8, 0x6F, 0xE5,
    0xBB, 0x9D, 0x9F, 0x1B, 0xFD, 0xCA, 0x66, 0x96, 0x3B, 0xD0, 0x8A, 0x86, 0xB4, 0x2D, 0xE5, 0x6F,
    0x11, 0x77, 0x91, 0x9D, 0x92, 0x3E, 0x7F, 0x0C, 0x31, 0xB3, 0x6E, 0x08, 0x20, 0x89, 0xA8, 0x7A,
    0x5A, 0x25, 0x2F, 0x0E, 0x40, 0xD2, 0x5F, 0x09, 0x0F, 0xE7, 0xF9, 0xC5, 0x95, 0x92, 0x06, 0x9F,
    0xED, 0x05, 0x05, 0x8B, 0xFD, 0xFF, 0x3F, 0x5A, 0xAB, 0x96, 0x00, 0x00, 0x85, 0x90, 0x81, 0xA6,
    0x14, 0x51, 0x1C, 0x87, 0xBF, 0x33, 0x27, 0x86, 0xC6, 0xDD, 0x81, 0x2E, 0xE1, 0xDA, 0x01, 0x42,
    0xAE, 0x3B, 0x10, 0x36, 0xE6, 0xEE, 0x1C, 0xEE, 0x0B, 0x04, 0xFB, 0x1E, 0x17, 0x1B, 0x01, 0xFB,
    0xE7, 0x3E, 0x44, 0xEF, 0x30, 0xA1, 0x41, 0x48, 0xC6, 0x9D, 0x3F, 0x70, 0x11, 0x76, 0x1E, 0xE1,
    0x40, 0x80, 0x72, 0xB0, 0xB2, 0xB4, 0xDB, 0x69, 0x46, 0xA1, 0x54, 0xC5, 0xE7, 0xF8, 0xCE, 0xE7,
    0x0F, 0x7E, 0xD6, 0x61, 0x3D, 0x74, 0x30, 0x87, 0x0C, 0xF3, 0x52, 0xF2, 0xA8, 0x97, 0x56, 0x2B,
    0xAB, 0x8B, 0xF1, 0x4D, 0xE5, 0xA2, 0x20, 0x3B, 0x00, 0xF0, 0x00, 0x92, 0xF8, 0x91, 0xDC, 0x75,
    0x54, 0x7C, 0xE5, 0x3A, 0xB9, 0x23, 0xA4, 0x57, 0xE2, 0x67, 0x56, 0xFD, 0x78, 0x1E, 0x5A, 0x2B,
    0xCF, 0x87, 0x94, 0x5A, 0xE6, 0xE4, 0xD2, 0x71, 0x11, 0x07, 0x00, 0x58, 0x40, 0x07, 0x47, 0xCC,
    0x16, 0xFB, 0x1E, 0x7B, 0x25, 0x99, 0xD5, 0x99, 0x19, 0xCE, 0x08, 0x15, 0xED, 0xD3, 0xD5, 0xDB,
    0x4D, 0x3C, 0xF4, 0xF1, 0xB0, 0x69, 0xF6, 0xE7, 0x84, 0xFF, 0xB2, 0x34, 0xBB, 0x78, 0x33, 0xDE,
    0xCB, 0xED, 0x2B, 0xAD, 0x8C, 0xE6, 0xB8, 0xCC, 0x61, 0x15, 0xE3, 0x61, 0x07, 0x61, 0x12, 0xAB,
    0x8C, 0x71, 0x06, 0x15, 0x7A, 0xDB, 0x68, 0x1F, 0xF5, 0x71, 0x43, 0x1D, 0x1D, 0xD6, 0x91, 0xC1,
    0x09, 0x54, 0x70, 0x0D, 0x9E, 0x44, 0xA7, 0x96, 0xC3, 0x19, 0x2C, 0xA0, 0x05, 0x46, 0xA9, 0x80,
    0xD3, 0x67, 0x50, 0x7B, 0xA6, 0xCA, 0x1B, 0x20, 0x00, 0x9E, 0xA5, 0x19, 0x28, 0x12, 0x25, 0xB3,
    0x4A, 0x7A, 0x23, 0xD8, 0x3B, 0x48, 0xB6, 0x60, 0x3E, 0x01, 0x07, 0xA0, 0x03, 0x80, 0xDC, 0x97,
    0x72, 0xD9, 0x7D, 0x0E, 0x6D, 0xAE, 0x6D, 0x9B, 0xB1, 0x5E, 0x17, 0xDA, 0x2E, 0x77, 0x5F, 0x7C,
    0x26, 0xA5, 0x6B, 0xE1, 0x77, 0xDE, 0x35, 0xD2, 0xC7, 0x21, 0x3D, 0x52, 0xBC, 0x76, 0xD5, 0xF7,
    0xF5, 0xFF, 0x02, 0xF7, 0x1D, 0xBD, 0x12, 0xC0, 0xFF, 0x44, 0xF8, 0x17, 0x8F, 0x3C, 0xB5, 0x02,
    0x00, 0xC5, 0xA0, 0x4F, 0x7A, 0xE1, 0xDE, 0xAF, 0x3E, 0x72, 0x02, 0xE7, 0x6C, 0xA2, 0x3B, 0xFD,
    0x80, 0xD1, 0x69, 0xAD, 0xB2, 0x99, 0xDA, 0x43, 0xF8, 0x31, 0xDE, 0x9F, 0x64, 0x9E, 0xEC, 0x37,
    0xB2, 0xA7, 0x94, 0xE4, 0xC8, 0x1C, 0x62, 0x5C, 0xAD, 0xE0, 0x05, 0xF5, 0xF4, 0x2F, 0x93, 0x63,
    0x29, 0x6B, 0xA0, 0x1F, 0xEB, 0x37, 0x75, 0x97, 0x67, 0x74, 0x1B, 0x47, 0x92, 0xC7, 0xFF, 0xD3,
    0x4D, 0x6A, 0x56, 0x6C, 0xA0, 0x87, 0x9B, 0x13, 0x2C, 0xC8, 0xE1, 0x83, 0x9E, 0x34, 0x0C, 0x47,
    0xC1, 0x34, 0xBC, 0xA2, 0x3C, 0x43, 0xEB, 0xDE, 0xDB, 0xE0, 0x6C, 0xD3, 0xE1, 0x3D, 0x67, 0x6F,
    0xCE, 0x38, 0x52, 0xFB, 0x9C, 0x8D, 0xA6, 0x78, 0xEF, 0x9C, 0xC3, 0xA5, 0x2F, 0x17, 0x1D, 0x2F,
    0x07, 0x38, 0x7B, 0x23, 0x8B, 0xC4, 0x07, 0x3A, 0x49, 0x1A, 0xA7, 0xCB, 0xF2, 0x8D, 0xAC, 0xCD,
    0x71, 0x64, 0xC3, 0x2B, 0xC8, 0x02, 0xD1, 0x57, 0x4D, 0x10, 0xA4, 0x15, 0x0E, 0xD0, 0xFF, 0x87,
    0xAE, 0x9E, 0xEE, 0x12, 0xA7, 0xAB, 0xA6, 0xBA, 0xC7, 0x8B, 0xC5, 0x61, 0xDF, 0x62, 0x1C, 0x61,
    0x2B, 0xB8, 0xD7, 0x88, 0x44, 0x64, 0xE2, 0x3A, 0x71, 0x99, 0xB8, 0x44, 0x4C, 0x14, 0xCF, 0x75,
    0xBD, 0x00, 0x20, 0x32, 0xCF, 0xD6, 0x44, 0x3A, 0x2C, 0xE2, 0xC3, 0xFF, 0x6D, 0xCB, 0xA2, 0x33,
    0xD2, 0x48, 0xD1, 0x06, 0x1C, 0x3E, 0xEC, 0xD2, 0x4C, 0xB4, 0x87, 0x85, 0x39, 0xC6, 0xB0, 0xF5,
    0xB8, 0x6A, 0xF9, 0xFB, 0x85, 0xF8, 0x06, 0xAA, 0xD0, 0x35, 0xE6, 0x46, 0xEE, 0x1B, 0xC6, 0x24,
    0x55, 0xE9, 0x3A, 0xB6, 0xF9, 0xCB, 0xAD, 0x9B, 0xA9, 0x9F, 0x60, 0x90, 0x03, 0x0A, 0xE8, 0x2B,
    0x9A, 0xBE, 0x59, 0x04, 0x2D, 0x44, 0x05, 0x0C, 0xB2, 0xB9, 0x2E, 0xEE, 0x8B, 0x62, 0xC5, 0xE6,
    0x5F, 0xE0, 0x16, 0x36, 0x81, 0xB5, 0x00, 0x70, 0x1F, 0x4B, 0x24, 0x0C, 0x95, 0x31, 0x06, 0x06,
    0x18, 0x0D, 0x45, 0x50, 0x89, 0x68, 0xE2, 0x34, 0x6B, 0xFF, 0x15, 0xFD, 0xE8, 0x7E, 0x86, 0xAC,
    0x5D, 0x44, 0xEF, 0x95, 0x17, 0x4E, 0x00, 0x63, 0x0A, 0xC0, 0x13, 0xD2, 0xC0, 0x4B, 0xBD, 0x14,
    0xFE, 0x2F, 0x6C, 0x03, 0xCA, 0xFE, 0xFD, 0x4D, 0x00, 0xD0, 0x03, 0x78, 0xB4, 0xA2, 0xC0, 0xDA,
    0x66, 0xEF, 0x45, 0xAF, 0x9D, 0xDB, 0xB5, 0x3F, 0x78, 0xD1, 0x6B, 0x17, 0x46, 0xD6, 0x5A, 0x68,
    0x00, 0x63, 0x7D, 0xC0, 0x76, 0x3F, 0x46, 0x2A, 0x48, 0x92, 0x97, 0x29, 0x6B, 0x1B, 0xC1, 0x3B,
    0x7F, 0x32, 0xE6, 0x9C, 0xF0, 0x3C, 0xA3, 0x21, 0x97, 0xE4, 0xDA, 0x58, 0xFD, 0x1B, 0x92, 0x10,
    0x5E, 0x12, 0xAE, 0x41, 0x12, 0xAA, 0x65, 0x05, 0x48, 0x3E, 0x32, 0x90, 0x1A, 0xAF, 0x31, 0x1B,
    0x57, 0x8D, 0xDF, 0xB8, 0x0E, 0x58, 0xBF, 0x06, 0xBF, 0x63, 0xA0, 0x30, 0x42, 0xE8, 0x73, 0xD0,
    0x7D, 0x23, 0x2F, 0xA0, 0x7A, 0x60, 0x64, 0x27, 0xF2, 0x8F, 0x3F, 0xD6, 0x44, 0x6E, 0xF2, 0xCD,
    0x0C, 0x85, 0xFB, 0xF9, 0xC2, 0x86, 0x74, 0x24, 0x45, 0xF9, 0xA5, 0x37, 0x9B, 0xD8, 0xFA, 0xC2,
    0x63, 0xBB, 0x10, 0xEC, 0x9C, 0x5C, 0x80, 0x4C, 0xDE, 0x24, 0xF8, 0xD9, 0x1B, 0x73, 0xD0, 0xA7,
    0xCC, 0xD7, 0x31, 0x56, 0x1C, 0xAF, 0xA3, 0x92, 0x43, 0x1B, 0x9D, 0x8F, 0xCF, 0x92, 0x31, 0x2C,
    0xDF, 0x59, 0x0A, 0x94, 0x9D, 0x02, 0x6B, 0x63, 0x0D, 0xB9, 0x24, 0xD7, 0x0E, 0x00, 0x68, 0x16,
    0xB7, 0x29, 0x80, 0x20, 0xCD, 0x72, 0xBF, 0xCE, 0xEE, 0x83, 0x67, 0x20, 0x0C, 0xDC, 0xAA, 0xF3,
    0x4A, 0xB4, 0x4B, 0x80, 0x2E, 0xB3, 0xA4, 0xB5, 0x19, 0x8E, 0xEB, 0x75, 0x2B, 0x62, 0xC4, 0x8F,
    0xFF, 0x35, 0x91, 0xF6, 0xEF, 0x6B, 0xF0, 0xA8, 0x1F, 0x82, 0xE0, 0x56, 0xA6, 0xBB, 0x82, 0x6E,
    0xF5, 0x00, 0x40, 0xCC, 0x11, 0x39, 0x39, 0x5B, 0xCC, 0x53, 0xE2, 0xDA, 0x00, 0xE0, 0x7C, 0x96,
    0x05, 0xE9, 0xB2, 0xC7, 0xE2, 0x5F, 0xE7, 0x57, 0x8E, 0x53, 0x6D, 0x55, 0x0B, 0xE9, 0x6A, 0x84,
    0x36, 0xB0, 0x66, 0x6F, 0x4A, 0x11, 0x35, 0xC2, 0xED, 0xE8, 0xAF, 0x85, 0x21, 0x50, 0x0B, 0xDF,
    0xE3, 0x00, 0x38, 0xCF, 0xDC, 0x2A, 0x80, 0x91, 0x63, 0xFB, 0xA9, 0xBB, 0xB7, 0x63, 0x8D, 0xBD,
    0x27, 0x43, 0x35, 0x53, 0xC4, 0x83, 0x83, 0x71, 0xA0, 0x16, 0xCD, 0x00, 0x8F, 0xFE, 0xB6, 0x8E,
    0xDE, 0xB7, 0xE8, 0x10, 0x82, 0x04, 0x37, 0x43, 0x22, 0x07, 0xC8, 0x38, 0xEF, 0xA0, 0x1D, 0xFA,
    0x80, 0xE8, 0x80, 0xB5, 0xDC, 0x02, 0x18, 0x54, 0x5A, 0x46, 0x2D, 0xA9, 0x60, 0x28, 0x4B, 0x2B,
    0x88, 0xE2, 0x5A, 0x8D, 0xFB, 0x2A, 0xA9, 0x43, 0xC2, 0x18, 0x26, 0x86, 0x60, 0x9C, 0xC3, 0xD3,
    0x86, 0xD0, 0xFD, 0x78, 0x66, 0x2D, 0x83, 0xF2, 0x00, 0x92, 0x02, 0x50, 0xB5, 0x21, 0xA0, 0x10,
    0x59, 0xF8, 0x28, 0x87, 0x8C, 0xEF, 0x95, 0xE1, 0xB7, 0x7F, 0x59, 0x82, 0xAF, 0x77, 0x56, 0xE0,
    0xE7, 0x75, 0x06, 0x95, 0xF7, 0x13, 0xE8, 0xBC, 0x24, 0x86, 0x4A, 0x50, 0xC8, 0xAD, 0xCB, 0x50,
    0x2E, 0x3C, 0xB3, 0x15, 0xBF, 0xD7, 0x4E, 0x82, 0xAE, 0x53, 0x86, 0x20, 0x87, 0xBA, 0x6D, 0x73,
    0xCB, 0x07, 0xA2, 0x16, 0xE3, 0xC3, 0xAF, 0x32, 0x24, 0x31, 0x7C, 0xF2, 0x63, 0x28, 0x77, 0x0B,
    0xFA, 0x97, 0x6C, 0x0E, 0xBE, 0xC8, 0x18, 0x25, 0xC6, 0xA4, 0x83, 0x38, 0x1C, 0x9E, 0x91, 0x5D,
    0x7F, 0x73, 0x76, 0x91, 0x5B, 0x17, 0x4E, 0x30, 0xE0, 0x9C, 0x82, 0x9D, 0xFE, 0xBB, 0x5B, 0x88,
    0xB9, 0x6F, 0x5D, 0x08, 0x9F, 0xEF, 0x1E, 0x2A, 0xAB, 0x81, 0x9D, 0x66, 0xCE, 0x29, 0x0F, 0x1E,
    0x25, 0xE4, 0x30, 0xE9, 0x20, 0x08, 0x05, 0x87, 0xD0, 0xA1, 0xCC, 0x08, 0xB2, 0xE5, 0x52, 0x11,
    0x3B, 0x4C, 0x3B, 0xA7, 0x77, 0xDA, 0x36, 0xE4, 0x4C, 0x9C, 0x47, 0xF4, 0xCE, 0x5D, 0x05, 0xC8,
    0xE9, 0xE7, 0x43, 0xF8, 0x54, 0x2F, 0xB3, 0xD3, 0x97, 0x4A, 0x08, 0x9E, 0xE1, 0x35, 0x5D, 0x77,
    0x57, 0x29, 0xC5, 0x27, 0xCC, 0x20, 0x61, 0xD2, 0x04, 0x31, 0x4E, 0x30, 0x01, 0x20, 0x4C, 0x95,
    0x20, 0x76, 0x64, 0x0D, 0x88, 0x7B, 0x4D, 0x04, 0x71, 0x1B, 0x7A, 0x01, 0xC2, 0x7A, 0x56, 0x06,
    0x92, 0x04, 0x2A, 0x22, 0xB2, 0x4D, 0x7C, 0xE8, 0xD5, 0x73, 0x43, 0x99, 0xE2, 0x3A, 0xD9, 0xF4,
    0x52, 0xB5, 0x47, 0x99, 0xFC, 0x73, 0xDF, 0x47, 0x48, 0xF7, 0xF7, 0x95, 0x08, 0x03, 0x15, 0xC2,
    0x33, 0x20, 0x91, 0xF2, 0xD8, 0x18, 0x73, 0x2D, 0x60, 0xCE, 0x40, 0xC4, 0xE8, 0x91, 0x3B, 0xE6,
    0xB4, 0xDC, 0xB1, 0xB0, 0xA4, 0xE8, 0x9D, 0xCE, 0xAF, 0x3F, 0xBF, 0xA0, 0xD5, 0x1B, 0x0B, 0x3A,
    0x78, 0x6C, 0x41, 0x17, 0x1F, 0xBC, 0x55, 0x6F, 0x99, 0xB9, 0x55, 0x4F, 0xB1, 0x4E, 0x9C, 0xF9,
    0xA4, 0x96, 0xB7, 0xFA, 0x5A, 0xDE, 0x23, 0xB4, 0xFC, 0x0B, 0x68, 0xF1, 0xBB, 0x58, 0xDB, 0xC9,
    0x90, 0x6D, 0x36, 0x65, 0xFC, 0xA9, 0x43, 0x9C, 0x72, 0xEA, 0x30, 0xFC, 0x99, 0x25, 0x3C, 0x91,
    0x42, 0xD5, 0x39, 0x5B, 0x83, 0xB7, 0xCE, 0x4A, 0x51, 0x9C, 0x3A, 0x23, 0xC5, 0x96, 0x6D, 0x48,
    0x31, 0xF5, 0x49, 0xC6, 0x67, 0xCF, 0xC0, 0x3E, 0xC8, 0xB3, 0x1D, 0xBE, 0xE6, 0x70, 0x1D, 0x66,
    0x21, 0xCE, 0x3D, 0x3C, 0xC0, 0xBB, 0xAD, 0xE5, 0xA8, 0x3C, 0xF9, 0x23, 0x8E, 0x45, 0x2D, 0x81,
    0xA4, 0x2E, 0x54, 0xC2, 0x08, 0x1A, 0x0C, 0xFD, 0xCB, 0x34, 0xC1, 0xE0, 0xB3, 0x49, 0xC2, 0xB1,
    0xA0, 0x04, 0x93, 0xF3, 0xF4, 0x32, 0x44, 0xDD, 0xBC, 0x12, 0x8B, 0xDD, 0xD8, 0x17, 0x8B, 0x3D,
    0xB0, 0xF0, 0x7E, 0x1F, 0x3D, 0x70, 0x61, 0x90, 0x86, 0xB5, 0xC3, 0xB6, 0xF8, 0xB7, 0x1C, 0x35,
    0x91, 0x4A, 0x23, 0x0D, 0xA7, 0x0A, 0x54, 0xEA, 0x23, 0xF8, 0xAE, 0xB5, 0xC5, 0x07, 0x2E, 0xBD,
    0x70, 0x8B, 0xF1, 0x31, 0xC5, 0x7A, 0x3F, 0x4B, 0xAE, 0x68, 0x16, 0x5E, 0xDC, 0x0F, 0x78, 0x04,
    0x87, 0xEE, 0x93, 0x36, 0xB4, 0x08, 0xE0, 0xFA, 0xDD, 0x80, 0xD8, 0x5B, 0x4F, 0x50, 0x9C, 0xA6,
    0x45, 0x6C, 0xF5, 0x4C, 0x11, 0x9E, 0xB5, 0x04, 0x60, 0x90, 0xE5, 0xA5, 0xDD, 0xC1, 0xA2, 0x3B,
    0xD7, 0x61, 0xD9, 0x8C, 0xCC, 0x51, 0x7D, 0x9D, 0xC1, 0x41, 0x13, 0xC0, 0xD6, 0x5D, 0x8C, 0xFD,
    0x0B, 0x06, 0xFE, 0xDC, 0x5C, 0x03, 0xA7, 0x79, 0x14, 0xA1, 0xE4, 0x99, 0x5E, 0x48, 0xEB, 0xD6,
    0xDB, 0xE0, 0x68, 0xB8, 0x0B, 0xC2, 0xB8, 0x2D, 0x82, 0x78, 0xE8, 0xBB, 0x14, 0x2D, 0x5A, 0xFB,
    0xE1, 0x57, 0x2F, 0x3C, 0x28, 0x33, 0x34, 0x64, 0x53, 0x34, 0xD4, 0x1E, 0x7F, 0xBB, 0x7E, 0x5E,
    0x97, 0x06, 0x68, 0xAC, 0x74, 0x2A, 0x3D, 0x51, 0x7A, 0x74, 0x3E, 0x2D, 0xBD, 0xB7, 0x6E, 0x96,
    0xC7, 0xF7, 0x6E, 0xF7, 0x5C, 0xFA, 0x72, 0x1B, 0x47, 0x20, 0x6A, 0x5B, 0xCB, 0x89, 0x76, 0xE1,
    0xF5, 0x90, 0xCE, 0x94, 0xE9, 0x55, 0x25, 0xA8, 0xC6, 0xF6, 0x12, 0xF4, 0x9E, 0xB1, 0x12, 0xC2,
    0x9D, 0xB9, 0x12, 0xCA, 0xA4, 0x4B, 0xA8, 0xB9, 0xAB, 0xFD, 0xAB, 0x73, 0xD9, 0x25, 0x43, 0x65,
    0x70, 0xB1, 0x15, 0xC4, 0x9A, 0xB7, 0x6D, 0x41, 0x4A, 0x47, 0x2D, 0xA5, 0x25, 0xBD, 0xAE, 0x65,
    0xB2, 0x4B, 0xAB, 0x6C, 0x57, 0x3E, 0x38, 0xB8, 0x33, 0xAF, 0x5F, 0xBF, 0x2B, 0x3F, 0xB8, 0x10,
    0xE6, 0x46, 0x69, 0x2C, 0x37, 0x49, 0xA5, 0x82, 0xA0, 0x2C, 0x14, 0x73, 0x49, 0x28, 0x16, 0xA6,
    0xAF, 0x13, 0xBB, 0x54, 0xD6, 0x29, 0x02, 0xC3, 0x10, 0x54, 0x63, 0xA5, 0x2C, 0xDB, 0xAE, 0xB6,
    0x5F, 0xBB, 0x42, 0xD6, 0x63, 0x2D, 0xFF, 0x1B, 0xDA, 0xCF, 0xEE, 0xD7, 0x41, 0xEB, 0xBA, 0xBC,
    0xFE, 0x9F, 0xE3, 0xF2, 0x83, 0xA4, 0xF2, 0xA3, 0x24, 0xD9, 0x0F, 0x72, 0xEE, 0x11, 0x65, 0x85,
    0x82, 0x7A, 0x6F, 0xEA, 0x3E, 0x9F, 0x22, 0x46, 0xBF, 0x34, 0x6B, 0x9A, 0x9C, 0x16, 0x46, 0xCE,
    0xFC, 0x05, 0xA2, 0x66, 0x0E, 0xD2, 0xE4, 0xE0, 0x53, 0x0E, 0x2A, 0x2D, 0x5A, 0x4E, 0x8B, 0x87,
    0x8B, 0x7F, 0x98, 0xC3, 0x16, 0xEE, 0x9B, 0x62, 0xBD, 0xDF, 0xE4, 0x04, 0x5F, 0xF7, 0xA5, 0xC9,
    0x2B, 0x69, 0x82, 0xB6, 0x17, 0xE3, 0x5C, 0xC1, 0x31, 0x81, 0x30, 0x6A, 0x19, 0x92, 0x18, 0x51,
    0xCB, 0xB5, 0x8C, 0xC3, 0x82, 0xB5, 0x50, 0x99, 0x72, 0x41, 0x0D, 0x18, 0x7F, 0x11, 0xC4, 0x18,
    0x34, 0x01, 0x61, 0xD4, 0x0C, 0x10, 0x46, 0x4C, 0xD9, 0x85, 0xAC, 0x56, 0x83, 0xD8, 0x91, 0x8C,
    0x71, 0x89, 0x30, 0x01, 0xC4, 0xED, 0x10, 0xDC, 0x07, 0x82, 0xA0, 0x2E, 0x24, 0x79, 0x49, 0x27,
    0x37, 0xB8, 0x45, 0xF0, 0x93, 0x69, 0x62, 0xA7, 0xF3, 0xC4, 0x4E, 0xDF, 0x20, 0xAC, 0x7B, 0xF1,
    0x71, 0x83, 0x4F, 0xD0, 0x16, 0x57, 0xE0, 0x86, 0x80, 0x6B, 0x28, 0x00, 0x04, 0x45, 0xC4, 0xD8,
    0xDF, 0x80, 0x78, 0x81, 0x22, 0x88, 0x3F, 0xC0, 0x5A, 0x40, 0x98, 0x77, 0xA7, 0x99, 0x74, 0x96,
    0x8C, 0x57, 0x60, 0x6D, 0x0B, 0x00, 0xFE, 0xBF, 0x74, 0x7C, 0x1D, 0xF0, 0xF6, 0x2E, 0x50, 0x27,
    0xD1, 0xC7, 0x3C, 0x2A, 0x76, 0xC6, 0x05, 0x6E, 0x9A, 0x06, 0xC2, 0x0E, 0xBA, 0x26, 0x18, 0xA5,
    0x2E, 0x3A, 0x07, 0x88, 0x45, 0x20, 0xEF, 0x59, 0x86, 0xBC, 0xD6, 0xA0, 0xA0, 0x4F, 0x4E, 0x10,
    0x8E, 0x95, 0x9E, 0xC1, 0xA9, 0x59, 0x69, 0x08, 0x15, 0x2A, 0xAD, 0xC1, 0x7A, 0x94, 0x9C, 0xCF,
    0x1C, 0x1C, 0x6A, 0x0E, 0xA1, 0x43, 0x1E, 0xD1, 0x62, 0x1E, 0xF8, 0xF0, 0x6B, 0xDF, 0xB4, 0x90,
    0x75, 0xFB, 0x08, 0xFC, 0x44, 0x03, 0xAA, 0xC1, 0xD0, 0xBF, 0x54, 0xC0, 0xC0, 0x4E, 0xC6, 0xC9,
    0xE4, 0x03, 0x8F, 0x92, 0x3C, 0x1D, 0xEF, 0x25, 0x39, 0xC3, 0xD3, 0x44, 0x9D, 0x81, 0x43, 0x0E,
    0x5B, 0xC1, 0x87, 0x33, 0x48, 0x53, 0x61, 0x65, 0x2C, 0x6B, 0xA3, 0x43, 0x04, 0x79, 0x6B, 0x0C,
    0xFF, 0x05, 0x40, 0xA5, 0xB6, 0x19, 0xD4, 0xBC, 0xB4, 0x78, 0xBF, 0x6F, 0xB6, 0x98, 0x80, 0xE3,
    0x3C, 0x86, 0x13, 0xDD, 0xB8, 0x69, 0xF2, 0xE5, 0x0C, 0x29, 0x39, 0x6D, 0x17, 0x45, 0x0C, 0x08,
    0xC3, 0xAA, 0xDB, 0x56, 0x27, 0x87, 0x50, 0x88, 0x5A, 0x28, 0x48, 0xE2, 0x72, 0xF2, 0x12, 0xC1,
    0xDF, 0x4F, 0x08, 0xDA, 0x04, 0xFD, 0x5F, 0xB6, 0x3D, 0x48, 0xC8, 0x8F, 0xB2, 0x26, 0x57, 0xF2,
    0x0D, 0x65, 0x8E, 0x46, 0xE6, 0x72, 0xDF, 0x33, 0x6B, 0x20, 0x48, 0xAD, 0xC8, 0xE5, 0x89, 0x24,
    0xD6, 0x2B, 0xB6, 0xAD, 0xB2, 0x4B, 0x27, 0x82, 0xA6, 0x82, 0x7E, 0x55, 0x71, 0x30, 0x15, 0x26,
    0x59, 0xD7, 0x74, 0xC7, 0xCE, 0x5D, 0x7A, 0xA1, 0xAB, 0x86, 0xCE, 0x87, 0x30, 0x12, 0x90, 0x4B,
    0xD8, 0x51, 0x87, 0x43, 0x0F, 0xEF, 0x28, 0xF5, 0x1F, 0xC0, 0xDF, 0xF1, 0xC2, 0xAF, 0xD9, 0xB4,
    0x1A, 0x6A, 0xF7, 0x2B, 0x1A, 0xC1, 0x2F, 0xEA, 0x8C, 0xA7, 0x18, 0x5B, 0xFE, 0xA1, 0x9E, 0xC7,
    0xD4, 0x8E, 0xFA, 0x4D, 0xF8, 0xEC, 0x8E, 0xBA, 0xC7, 0x43, 0x48, 0xC2, 0xDD, 0x9D, 0x5B, 0x8A,
    0xF6, 0xF2, 0x0E, 0x65, 0x56, 0xB6, 0xA9, 0x19, 0x0E, 0xA0, 0x24, 0x14, 0x10, 0x35, 0x19, 0xD2,
    0x38, 0x10, 0x43, 0x65, 0x2E, 0xBC, 0x07, 0xF8, 0x6A, 0xF0, 0xB7, 0x54, 0xC0, 0xC6, 0x19, 0x02,
    0x46, 0x1C, 0x4E, 0x98, 0x21, 0xC1, 0xD3, 0xC8, 0xE7, 0x24, 0x26, 0x05, 0xC1, 0xEB, 0x05, 0x2F,
    0xEE, 0x3D, 0xF7, 0xF0, 0x82, 0xD9, 0x5E, 0xAD, 0x81, 0x9D, 0xF3, 0x91, 0x12, 0x54, 0x42, 0x9F,
    0xD7, 0x85, 0xEB, 0x03, 0x14, 0x0B, 0xC5, 0x16, 0xE3, 0xDB, 0xBB, 0x63, 0xC8, 0x97, 0xEA, 0x29,
    0x86, 0xC6, 0xE9, 0x07, 0x28, 0x77, 0xF3, 0x6D, 0xB5, 0x84, 0xF0, 0xEE, 0xCF, 0xCB, 0x32, 0x51,
    0xED, 0x2E, 0x61, 0xAA, 0xE0, 0x37, 0x14, 0x14, 0xA7, 0x84, 0x7E, 0x51, 0x81, 0x1F, 0x7D, 0x8C,
    0xB2, 0x4E, 0xE8, 0x2E, 0x21, 0x2F, 0x9F, 0x98, 0xBB, 0xF0, 0x42, 0x37, 0x1F, 0x79, 0x16, 0x42,
    0x87, 0x59, 0x4B, 0x10, 0x0D, 0x3F, 0x46, 0xF1, 0xEB, 0x83, 0xC0, 0x47, 0x3A, 0xFF, 0xFF, 0x41,
    0xA0, 0xAF, 0x59, 0xFC, 0x19, 0xAA, 0xD3, 0x34, 0xBB, 0xFA, 0x17, 0x2F, 0xDF, 0xC0, 0xA3, 0x0B,
    0x80, 0xF7, 0x52, 0x9D, 0xE0, 0x4F, 0x53, 0x06, 0xED, 0xEE, 0xA2, 0x27, 0x30, 0xAB, 0xDB, 0xC3,
    0x61, 0x7B, 0x44, 0x71, 0xE9, 0xD1, 0xD9, 0xB3, 0x5A, 0xC9, 0x33, 0x44, 0x1E, 0x9D, 0x86, 0x12,
    0xE2, 0xA5, 0x4A, 0x9E, 0xAD, 0xAE, 0xCA, 0x91, 0xCB, 0xD5, 0x7B, 0xA1, 0x8B, 0x46, 0xEC, 0xA2,
    0xB4, 0xAA, 0xA8, 0xE9, 0xC3, 0xE7, 0x9D, 0xD8, 0x49, 0xD5, 0x3F, 0xA9, 0x83, 0x7D, 0x9F, 0xD4,
    0xC5, 0xA7, 0x3F, 0xA9, 0x37, 0xFD, 0xED, 0x27, 0xF5, 0x66, 0xEE, 0xFB, 0x2C, 0x4B, 0xCE, 0xDC,
    0xC9, 0xB2, 0x6D, 0x3E, 0x6B, 0x68, 0x31, 0x0E, 0x88, 0xEE, 0x8A, 0x71, 0x29, 0x12, 0x54, 0xE6,
    0xA4, 0x2B, 0xF3, 0x61, 0xA9, 0x04, 0x49, 0xD1, 0xA2, 0x4A, 0x4A, 0xF9, 0x20, 0x1B, 0xCE, 0xEB,
    0x56, 0x25, 0xBF, 0xF1, 0xD9, 0x5A, 0x7E, 0x84, 0xD2, 0xDC, 0x63, 0x94, 0xE4, 0xC4, 0x3C, 0x15,
    0x44, 0xDD, 0x14, 0xC4, 0x6E, 0x8C, 0x89, 0x9D, 0xB2, 0x01, 0x1C, 0xB5, 0x55, 0x15, 0xDD, 0x93,
    0xEE, 0x8D, 0xD3, 0xB9, 0xEE, 0x68, 0x9B, 0x02, 0x7B, 0xE7, 0x09, 0x78, 0xA0, 0x1E, 0x77, 0xEE,
    0xFC, 0x83, 0x97, 0xBE, 0x3D, 0x01, 0xAC, 0xFB, 0x25, 0x80, 0x53, 0x77, 0xBB, 0xCA, 0x51, 0x27,
    0xA8, 0x39, 0xCA, 0x70, 0xDA, 0xD2, 0xED, 0x7B, 0xD4, 0xD7, 0x71, 0x25, 0xCC, 0x47, 0x18, 0x34,
    0xE6, 0x50, 0x76, 0xB8, 0xCE, 0x55, 0xCF, 0xD9, 0x06, 0x7C, 0x4A, 0x2B, 0x90, 0xF3, 0x54, 0x83,
    0xAA, 0x53, 0xCA, 0x89, 0x07, 0x42, 0xF0, 0x4B, 0x41, 0xBC, 0xDB, 0xCB, 0xD4, 0x45, 0xB6, 0x86,
    0x49, 0x3A, 0x6E, 0xD8, 0xCD, 0x2D, 0x33, 0xB2, 0x10, 0xA2, 0x4E, 0x01, 0xE7, 0x21, 0x5C, 0xF5,
    0x7C, 0x0F, 0x5C, 0xD0, 0x1D, 0xA4, 0x61, 0x78, 0xE8, 0x56, 0xCF, 0x27, 0x2F, 0x64, 0x2C, 0x9D,
    0xE4, 0x18, 0x41, 0x83, 0xA1, 0xFF, 0x83, 0xB1, 0x91, 0x18, 0xA3, 0x0E, 0x93, 0x0E, 0xE2, 0x5D,
    0xA8, 0xDA, 0xCE, 0xD3, 0x21, 0x9D, 0x02, 0x9B, 0x49, 0xF8, 0xA9, 0x8C, 0x55, 0x5C, 0xCD, 0xB6,
    0xC2, 0x1F, 0xCF, 0xA0, 0x5E, 0xB0, 0x36, 0xD8, 0xFB, 0xAD, 0xFF, 0x0D, 0x2A, 0x8F, 0x3E, 0xBF,
    0xA9, 0xBF, 0x7E, 0xCF, 0x29, 0x92, 0x0F, 0x4C, 0x5A, 0xE7, 0xDF, 0xDF, 0x13, 0xE6, 0x25, 0x2A,
    0x05, 0x29, 0x92, 0x50, 0xAA, 0x6D, 0x0D, 0xAF, 0x53, 0x68, 0xDD, 0x79, 0xA9, 0xC1, 0xBF, 0x15,
    0xD6, 0x70, 0xF4, 0x5B, 0xAA, 0xC8, 0xD3, 0xA9, 0xA2, 0xE6, 0x4D, 0x2D, 0x78, 0x85, 0xF5, 0xB8,
    0xB5, 0xC5, 0xAB, 0xA0, 0x4F, 0x89, 0xA1, 0x37, 0xB3, 0x4E, 0x3C, 0xC7, 0xEE, 0xE4, 0x71, 0x39,
    0x56, 0x81, 0x35, 0x26, 0xE3, 0x4E, 0x28, 0xC4, 0x52, 0x1D, 0xF1, 0x97, 0xF5, 0xC9, 0xE1, 0x6A,
    0xEB, 0xDF, 0xCB, 0x92, 0x16, 0x0A, 0x72, 0x2F, 0x1F, 0xDE, 0xDE, 0x5C, 0x50, 0xC1, 0x6F, 0x3E,
    0x09, 0xFD, 0xAC, 0x5F, 0xD8, 0x48, 0xFE, 0xD8, 0x08, 0x79, 0x95, 0x6B, 0xC8, 0x4B, 0x79, 0xAC,
    0x11, 0x74, 0x0B, 0xC4, 0x0B, 0x99, 0xDB, 0x0E, 0x20, 0x8C, 0x88, 0xBB, 0xEB, 0xD3, 0x45, 0xB4,
    0x58, 0x37, 0x90, 0x73, 0x1D, 0xFC, 0x09, 0xD4, 0xFE, 0xBA, 0x45, 0x70, 0x90, 0x4D, 0xBD, 0x87,
    0x31, 0xE8, 0x2E, 0x8C, 0x3A, 0x8C, 0x38, 0x88, 0x25, 0xCC, 0x3B, 0xFC, 0xC6, 0xDA, 0xE5, 0x73,
    0x5B, 0xCC, 0x90, 0x06, 0x9D, 0x93, 0x56, 0xA7, 0x15, 0x35, 0xBA, 0x7D, 0x3E, 0x31, 0xD4, 0x7F,
    0xF3, 0xE0, 0xA0, 0x36, 0x4C, 0x8C, 0x0A, 0x61, 0x93, 0x61, 0x6C, 0x36, 0x35, 0xC2, 0x94, 0x49,
    0x89, 0xC7, 0xA5, 0xF3, 0x3C, 0x97, 0xEA, 0x90, 0x77, 0xC6, 0xFF, 0x0E, 0x79, 0x37, 0xDA, 0xDD,
    0x83, 0xF4, 0x47, 0x9C, 0x97, 0x82, 0x83, 0x76, 0x58, 0x0B, 0x44, 0x87, 0xD8, 0x95, 0xBF, 0xEA,
    0x39, 0xB1, 0x29, 0x82, 0x2C, 0x61, 0x3C, 0xC3, 0xD8, 0xF4, 0x27, 0x8C, 0xCD, 0x86, 0x52, 0x7C,
    0x76, 0x9A, 0xC1, 0x4E, 0xF7, 0xB9, 0xF3, 0x37, 0xE3, 0x5E, 0xBC, 0x05, 0xF9, 0x4F, 0xB8, 0x05,
    0x00, 0x00, 0x89, 0x3E, 0x96, 0xEA, 0xE8, 0x1F, 0xAD, 0xAD, 0xBE, 0x7D, 0xE9, 0x85, 0xAE, 0xED,
    0x1B, 0x05, 0xC5, 0x55, 0x26, 0xD8, 0xA7, 0x74, 0xF1, 0x5A, 0xA5, 0x37, 0x49, 0xA5, 0x37, 0xB3,
    0x4E, 0x64, 0x49, 0xA9, 0x6E, 0x96, 0xDE, 0xF2, 0x1C, 0xF4, 0x75, 0x77, 0x56, 0x07, 0x4E, 0x87,
    0xCE, 0x62, 0x76, 0xDE, 0x4A, 0x92, 0x00, 0x90, 0xC9, 0x50, 0x0A, 0x95, 0xCD, 0x5E, 0x87, 0xE0,
    0xE7, 0xBF, 0x58, 0x07, 0xBD, 0xFB, 0x4E, 0x85, 0x8D, 0xCF, 0x29, 0x0F, 0x23, 0xA4, 0x80, 0x6B,
    0x1C, 0xC4, 0xE1, 0x70, 0x01, 0x3E, 0xEC, 0xC5, 0xDC, 0x95, 0x84, 0xDE, 0x2B, 0x0F, 0x4E, 0xF0,
    0x23, 0xD5, 0x79, 0xA2, 0xF6, 0xD7, 0x8D, 0xE4, 0x72, 0x32, 0xE4, 0xD1, 0xCD, 0xBC, 0x19, 0x6B,
    0xC0, 0x40, 0x00, 0xEB, 0x55, 0xA1, 0x5C, 0xD2, 0xF9, 0x42, 0x18, 0x6A, 0xAD, 0x4F, 0xEA, 0xE9,
    0xE9, 0x3D, 0xBC, 0x20, 0x1D, 0x55, 0x83, 0x5D, 0xE5, 0x75, 0xE8, 0x9A, 0xDD, 0x56, 0x67, 0xCF,
    0x3F, 0xCD, 0x3D, 0xB9, 0xFB, 0xEB, 0x84, 0xE2, 0x1C, 0x35, 0xB1, 0xD5, 0xA3, 0x21, 0xF4, 0xBB,
    0xB9, 0xBE, 0x2B, 0x5C, 0x3E, 0x50, 0x73, 0xA8, 0xAC, 0x98, 0x95, 0x55, 0xF3, 0xD8, 0x67, 0x88,
    0xEB, 0x77, 0x75, 0x2A, 0x81, 0x3B, 0x43, 0x1C, 0x5C, 0x3D, 0x43, 0x1C, 0xFB, 0x10, 0x5C, 0x6C,
    0x1D, 0x76, 0xBC, 0x1E, 0xA7, 0xEF, 0xF3, 0x0C, 0xB3, 0xAE, 0x53, 0x35, 0x65, 0x0C, 0x07, 0xD4,
    0x56, 0xCC, 0xDA, 0xE1, 0xE6, 0xFD, 0x10, 0xE6, 0x2A, 0x30, 0x32, 0x87, 0xD4, 0xE1, 0x47, 0x13,
    0x9D, 0x03, 0xAC, 0xAC, 0x93, 0x86, 0xBC, 0xF5, 0xEC, 0x3C, 0xD4, 0x6E, 0x1D, 0x22, 0xC8, 0xF2,
    0x3D, 0x08, 0xBE, 0xA7, 0x81, 0xC1, 0xDB, 0x86, 0x80, 0x51, 0x13, 0xC5, 0x98, 0x34, 0xA3, 0xE4,
    0xE6, 0xA6, 0x6E, 0x4B, 0x7B, 0x02, 0xE2, 0xDE, 0x78, 0x10, 0xE2, 0x6E, 0xB8, 0x38, 0xDF, 0x0F,
    0x97, 0xA3, 0x0E, 0x04, 0x97, 0xE4, 0x6D, 0xCE, 0xC2, 0x3F, 0x9F, 0x80, 0xE4, 0x90, 0x42, 0x3E,
    0xCF, 0xE8, 0x1C, 0xF6, 0x9E, 0x71, 0xF8, 0x6B, 0x6B, 0x39, 0xBF, 0xB9, 0xB5, 0xD9, 0xE1, 0x44,
    0x07, 0x79, 0x38, 0x38, 0xCE, 0x8C, 0xB8, 0x8F, 0xCD, 0x58, 0x39, 0x04, 0x8C, 0x3F, 0xE7, 0x69,
    0x51, 0xE6, 0xCC, 0x71, 0xD5, 0x03, 0xBF, 0x7E, 0x46, 0x0E, 0xEA, 0x15, 0x46, 0xF0, 0x16, 0xA3,
    0x38, 0xC5, 0xD8, 0xB2, 0xED, 0x9C, 0x02, 0xA6, 0xB6, 0xD9, 0x16, 0x3E, 0x1B, 0xAB, 0x9C, 0x9B,
    0xDB, 0xE3, 0x20, 0x1D, 0xCE, 0x60, 0xF8, 0x6D, 0x74, 0xDF, 0xCD, 0xDA, 0x8C, 0x3B, 0x35, 0x24,
    0x6F, 0x0C, 0xA8, 0x1E, 0x62, 0xB8, 0x16, 0xDC, 0xDE, 0xC1, 0xFE, 0x1C, 0x9E, 0xE6, 0xAB, 0xC5,
    0xAF, 0xDA, 0x36, 0x3B, 0x8D, 0x35, 0x3B, 0x8D, 0x81, 0xCF, 0x32, 0x78, 0x5A, 0xEC, 0x33, 0x8C,
    0x82, 0x3C, 0xDD, 0xBD, 0x18, 0xA3, 0x5B, 0xBF, 0x62, 0x9B, 0xC8, 0x38, 0x49, 0xA4, 0xA1, 0x24,
    0x7A, 0x9B, 0x12, 0xB9, 0x8D, 0x12, 0xB5, 0x1B, 0x36, 0xF8, 0x29, 0x10, 0xCC, 0xDA, 0xD6, 0xA6,
    0x0B, 0xE2, 0xED, 0xA7, 0x9C, 0x4E, 0xB5, 0xA9, 0x78, 0x2F, 0x8F, 0xBB, 0xD1, 0xC8, 0x38, 0xE2,
    0x1B, 0x39, 0x94, 0xCA, 0x6F, 0x52, 0x5B, 0x7C, 0xC9, 0xBD, 0x34, 0x9E, 0xE0, 0x9C, 0x3C, 0x1E,
    0x33, 0xF6, 0x31, 0xC6, 0xDD, 0x96, 0x71, 0x80, 0xE1, 0xDF, 0xE9, 0xF0, 0xD7, 0x75, 0x0B, 0xF5,
    0x9F, 0x75, 0x83, 0x60, 0x2F, 0x9B, 0xC5, 0x47, 0x19, 0x9B, 0xAE, 0x66, 0x6C, 0x76, 0xE3, 0x3E,
    0xEB, 0xC0, 0x33, 0xB6, 0xAD, 0xE0, 0x56, 0xC6, 0x7C, 0xB7, 0x44, 0x98, 0x7E, 0x87, 0x31, 0x87,
    0x80, 0xC7, 0x91, 0x48, 0x10, 0x35, 0x3F, 0xC2, 0x2D, 0x13, 0x02, 0x72, 0xFE, 0x6B, 0x25, 0xA8,
    0xB7, 0xBE, 0x56, 0xE6, 0x5B, 0xFE, 0x5A, 0x01, 0xFA, 0x8F, 0xC3, 0x3C, 0x36, 0xDE, 0x1A, 0x06,
    0x18, 0xB9, 0x33, 0x54, 0x38, 0xE1, 0x9E, 0xF0, 0x64, 0x9E, 0x16, 0x0E, 0x33, 0x06, 0x6A, 0x8C,
    0x62, 0xCA, 0x58, 0x39, 0x1B, 0x7F, 0xD2, 0xB6, 0xB8, 0x15, 0xBA, 0xF3, 0xD0, 0x86, 0x02, 0x07,
    0xA7, 0xCC, 0xAD, 0xB8, 0x54, 0x80, 0x6F, 0x4A, 0x21, 0x14, 0x31, 0xF8, 0x64, 0xD4, 0x44, 0xB1,
    0x32, 0xBC, 0x01, 0x9B, 0xE2, 0xCA, 0x06, 0x6C, 0x8E, 0x2B, 0x65, 0x0E, 0x4E, 0xAD, 0xC4, 0xE3,
    0xEE, 0x77, 0x48, 0x19, 0xDF, 0xB4, 0xB6, 0xE3, 0x4F, 0x2C, 0x57, 0xC8, 0x45, 0x48, 0x83, 0x9B,
    0x18, 0xEB, 0x33, 0x54, 0x5B, 0x91, 0xE1, 0x96, 0x32, 0xF0, 0x49, 0xA4, 0x08, 0xF6, 0xB9, 0x32,
    0xF9, 0x84, 0x52, 0x28, 0xFE, 0x9D, 0xCA, 0x63, 0x8B, 0x51, 0x21, 0xA6, 0x8C, 0x3A, 0x09, 0x9F,
    0x3D, 0x3A, 0x8D, 0x18, 0x3F, 0x40, 0xB7, 0x4C, 0xB2, 0x15, 0x7F, 0xAC, 0xC5, 0x91, 0xBF, 0x4F,
    0x4E, 0x2B, 0x54, 0x9B, 0x0A, 0x72, 0xFA, 0xCA, 0x09, 0x7F, 0xC1, 0x2E, 0xAA, 0x54, 0x21, 0xA8,
    0xB1, 0x3E, 0x7F, 0xE5, 0xC4, 0xA6, 0x73, 0xAC, 0xDD, 0x1C, 0x2B, 0x9C, 0xC8, 0x92, 0x5D, 0x8D,
    0xB7, 0xE1, 0x21, 0x86, 0x30, 0x88, 0xA5, 0x29, 0x71, 0x84, 0x6B, 0x19, 0xE7, 0x7A, 0xA5, 0xDA,
    0x4C, 0xCA, 0x5C, 0x3D, 0x43, 0xBF, 0x7E, 0x8F, 0x56, 0xBF, 0xC8, 0xF7, 0x05, 0x8D, 0x10, 0xC1,
    0x3F, 0x8D, 0x71, 0x6A, 0x97, 0xCE, 0xE5, 0xCA, 0x5D, 0xE3, 0xC2, 0x5D, 0x92, 0xD3, 0x34, 0x26,
    0xF9, 0xE8, 0x28, 0x67, 0xDE, 0x39, 0x9B, 0xE7, 0x43, 0xC4, 0xE0, 0x94, 0x34, 0x1F, 0x5B, 0x04,
    0xF7, 0xDE, 0xC7, 0x88, 0x5D, 0xB9, 0x8E, 0xC1, 0x2D, 0x03, 0xF8, 0x7C, 0x8E, 0x86, 0xDA, 0x57,
    0x29, 0x20, 0x78, 0xFC, 0xBA, 0x32, 0x8A, 0x0F, 0x71, 0x68, 0xB6, 0xCC, 0xE4, 0x6B, 0x98, 0xBA,
    0x55, 0x25, 0x38, 0xF1, 0x4E, 0x49, 0x90, 0xF7, 0x70, 0x4B, 0xDE, 0xBD, 0xB5, 0x01, 0xF9, 0xCF,
    0x8D, 0x08, 0xE2, 0x73, 0x66, 0x0D, 0xAC, 0xB5, 0xE6, 0x47, 0x5F, 0xBF, 0xD8, 0x24, 0x05, 0xB9,
    0xA4, 0x34, 0x94, 0x86, 0xFB, 0x56, 0xED, 0x81, 0x55, 0x1B, 0x05, 0xE0, 0x48, 0x49, 0x0C, 0xC3,
    0x47, 0x0D, 0x0A, 0x29, 0x66, 0x1B, 0xB6, 0x59, 0x1B, 0xA5, 0xF2, 0xFD, 0xA7, 0x98, 0xF2, 0xFD,
    0x11, 0x4A, 0xF7, 0xF3, 0x77, 0x96, 0xDF, 0x65, 0x6B, 0xA5, 0x90, 0x5B, 0x9A, 0xD5, 0x37, 0xCC,
    0x81, 0x1B, 0xE6, 0x08, 0x56, 0x66, 0x1B, 0xA8, 0xDD, 0x8F, 0xFE, 0xF4, 0x5C, 0x44, 0x84, 0xEE,
    0x47, 0xF7, 0x94, 0xDF, 0x03, 0xFF, 0xEC, 0x42, 0x81, 0x4B, 0xBE, 0x0E, 0x01, 0xBF, 0xAF, 0x0C,
    0x97, 0x14, 0xA8, 0x6E, 0x33, 0x15, 0x7C, 0x98, 0x9F, 0x00, 0xB6, 0x92, 0x94, 0xF1, 0x26, 0x31,
    0xAE, 0x35, 0x8C, 0x08, 0x90, 0x13, 0x43, 0x8C, 0xE6, 0x77, 0xB9, 0xEF, 0xE5, 0xBD, 0x0D, 0xA8,
    0xA2, 0xEB, 0xFC, 0x08, 0xD6, 0x00, 0x58, 0x8B, 0x3C, 0x34, 0xD4, 0x19, 0xEE, 0xDD, 0x58, 0x03,
    0x3E, 0xAF, 0x11, 0xDB, 0xD5, 0x7B, 0xF9, 0xE5, 0xDD, 0x00, 0x9D, 0xD5, 0x8D, 0xC3, 0x8E, 0xB8,
    0xFD, 0xC7, 0xFC, 0x7B, 0x80, 0x7F, 0x5F, 0x89, 0x43, 0xC5, 0xB9, 0xC9, 0x8F, 0x69, 0x03, 0x00,
    0xBC, 0x2F, 0x31, 0xA2, 0x83, 0xEE, 0x64, 0x4F, 0xB5, 0x10, 0x23, 0x2F, 0x96, 0xCB, 0x18, 0xFC,
    0x9F, 0xE3, 0x32, 0xE8, 0x1F, 0x2A, 0xE2, 0xBE, 0xA1, 0x14, 0x91, 0x6D, 0x54, 0x21, 0xE7, 0xB7,
    0xAD, 0x81, 0x9F, 0xC9, 0x18, 0x41, 0xCB, 0xB6, 0xF8, 0x25, 0x52, 0x02, 0xA3, 0xC4, 0xE6, 0x64,
    0xBD, 0xB3, 0x83, 0xA1, 0x03, 0xCF, 0x30, 0xFE, 0x0F, 0x63, 0xFE, 0x79, 0x80, 0x7F, 0xF2, 0x05,
    0x3E, 0xC6, 0x06, 0x3E, 0x06, 0x86, 0xFA, 0xFF, 0x07, 0xF4, 0xC3, 0x0F, 0xF0, 0x31, 0xA1, 0x20,
    0x39, 0xA6, 0x0B, 0xFB, 0xCF, 0x7F, 0x61, 0xFA, 0x7F, 0x81, 0x7F, 0x1A, 0x50, 0x19, 0x08, 0xD5,
    0x3F, 0xBC, 0xA0, 0x3F, 0x11, 0xC2, 0x46, 0x20, 0x39, 0xA6, 0x07, 0xFB, 0x4F, 0xFF, 0x00, 0x00,
};

static const EpdGlyph bitter_8_regularGlyphs[] = {
    { 0, 0, 0, 0, 0, 0, 0 }, // U+0000
    { 0, 0, 0, 0, 0, 0, 0 }, // U+0001
    { 0, 0, 0, 0, 0, 0, 0 }, // U+0002
    { 0, 0, 0, 0, 0, 0, 0 }, // U+0003
    { 0, 0, 0, 0, 0, 0, 0 }, // U+0004
    { 0, 0, 0, 0, 0, 0, 0 }, // U+0005
    { 0, 0, 0, 0, 0, 0, 0 }, // U+0006
    { 0, 0, 0, 0, 0, 0, 0 }, // U+0007
    { 0, 0, 0, 0, 0, 0, 0 }, // U+0008
    { 0, 0, 0, 0, 0, 0, 0 }, // U+0009
    { 0, 0, 0, 0, 0, 0, 0 }, // U+000A
    { 0, 0, 0, 0, 0, 0, 0 }, // U+000B
    { 0, 0, 0, 0, 0, 0, 0 }, // U+000C
    { 0, 0, 0, 0, 0, 0, 0 }, // U+000D
    { 0, 0, 0, 0, 0, 0, 0 }, // U+000E
    { 0, 0, 0, 0, 0, 0, 0 }, // U+000F
    { 0, 0, 0, 0, 0, 0, 0 }, // U+0010
    { 0, 0, 0, 0, 0, 0, 0 }, // U+0011
    { 0, 0, 0, 0, 0, 0, 0 }, // U+0012
    { 0, 0, 0, 0, 0, 0, 0 }, // U+0013
    { 0, 0, 0, 0, 0, 0, 0 }, // U+0014
    { 0, 0, 0, 0, 0, 0, 0 }, // U+0015
    { 0, 0, 0, 0, 0, 0, 0 }, // U+0016
    { 0, 0, 0, 0, 0, 0, 0 }, // U+0017
    { 0, 0, 0, 0, 0, 0, 0 }, // U+0018
    { 0, 0, 0, 0, 0, 0, 0 }, // U+0019
    { 0, 0, 0, 0, 0, 0, 0 }, // U+001A
    { 0, 0, 0, 0, 0, 0, 0 }, // U+001B
    { 0, 0, 0, 0, 0, 0, 0 }, // U+001C
    { 0, 0, 0, 0, 0, 0, 0 }, // U+001D
    { 0, 0, 0, 0, 0, 0, 0 }, // U+001E
    { 0, 0, 0, 0, 0, 0, 0 }, // U+001F
    { 0, 0, 51, 0, 0, 0, 0 }, // U+0020
    { 3, 13, 88, 1, 12, 10, 0 }, // !
    { 5, 5, 107, 1, 13, 7, 10 }, // "
    { 11, 12, 179, 0, 12, 33, 17 }, // #
    { 9, 17, 165, 1, 14, 39, 50 }, // $
    { 14, 13, 228, 0, 12, 46, 89 }, // %
    { 10, 13, 182, 1, 12, 33, 135 }, // &
    { 2, 5, 63, 1, 13, 3, 168 }, // '
    { 5, 18, 83, 0, 15, 23, 171 }, // (
    { 5, 18, 83, 0, 15, 23, 194 }, // )
    { 6, 6, 126, 1, 13, 9, 217 }, // *
    { 9, 9, 150, 0, 10, 21, 226 }, // +
    { 4, 5, 62, 0, 2, 5, 247 }, // ,
    { 6, 2, 121, 1, 6, 3, 252 }, // -
    { 3, 3, 58, 0, 2, 3, 255 }, // .
    { 7, 16, 86, -1, 14, 28, 258 }, // /
    { 11, 11, 175, 0, 10, 31, 286 }, // 0
    { 7, 10, 113, 0, 10, 18, 317 }, // 1
    { 9, 10, 152, 0, 10, 23, 335 }, // 2
    { 8, 13, 145, 0, 10, 26, 358 }, // 3
    { 10, 12, 160, 0, 10, 30, 384 }, // 4
    { 8, 13, 138, 0, 10, 26, 414 }, // 5
    { 9, 13, 160, 1, 12, 30, 440 }, // 6
    { 9, 13, 138, 0, 10, 30, 470 }, // 7
    { 9, 13, 160, 0, 12, 30, 500 }, // 8
    { 9, 13, 160, 0, 10, 30, 530 }, // 9
    { 3, 9, 58, 0, 8, 7, 560 }, // :
    { 3, 11, 60, 0, 8, 9, 567 }, // ;
    { 9, 8, 148, 0, 10, 18, 576 }, // <
    { 9, 6, 145, 0, 9, 14, 594 }, // =
    { 8, 8, 147, 1, 10, 16, 608 }, // >
    { 7, 13, 114, 0, 12, 23, 624 }, // ?
    { 13, 13, 233, 1, 11, 43, 647 }, // @
    { 12, 12, 189, 0, 12, 36, 690 }, // A
    { 10, 12, 172, 0, 12, 30, 726 }, // B
    { 10, 13, 171, 0, 12, 33, 756 }, // C
    { 12, 12, 191, 0, 12, 36, 789 }, // D
    { 10, 12, 165, 0, 12, 30, 825 }, // E
    { 9, 12, 150, 0, 12, 27, 855 }, // F
    { 12, 13, 195, 0, 12, 39, 882 }, // G
    { 13, 12, 212, 0, 12, 39, 921 }, // H
    { 6, 12, 95, 0, 12, 18, 960 }, // I
    { 7, 15, 89, -1, 12, 27, 978 }, // J
    { 12, 12, 190, 0, 12, 36, 1005 }, // K
    { 9, 12, 148, 0, 12, 27, 1041 }, // L
    { 15, 12, 236, 0, 12, 45, 1068 }, // M
    { 13, 12, 209, 0, 12, 39, 1113 }, // N
    { 12, 13, 198, 0, 12, 39, 1152 }, // O
    { 10, 12, 160, 0, 12, 30, 1191 }, // P
    { 14, 15, 200, 0, 12, 53, 1221 }, // Q
    { 11, 12, 176, 0, 12, 33, 1274 }, // R
    { 9, 13, 160, 1, 12, 30, 1307 }, // S
    { 10, 12, 158, 0, 12, 30, 1337 }, // T
    { 13, 13, 199, 0, 12, 43, 1367 }, // U
    { 12, 13, 186, 0, 12, 39, 1410 }, // V
    { 17, 13, 273, 0, 12, 56, 1449 }, // W
    { 12, 12, 187, 0, 12, 36, 1505 }, // X
    { 11, 12, 172, 0, 12, 33, 1541 }, // Y
    { 10, 12, 165, 0, 12, 30, 1574 }, // Z
    { 5, 17, 92, 1, 15, 22, 1604 }, // [
    { 6, 16, 88, 0, 14, 24, 1626 }, // <backslash>
    { 5, 17, 92, 0, 15, 22, 1650 }, // ]
    { 9, 7, 145, 0, 15, 16, 1672 }, // ^
    { 10, 2, 132, -1, -1, 5, 1688 }, // _
    { 5, 4, 86, 0, 14, 5, 1693 }, // `
    { 9, 10, 147, 0, 9, 23, 1698 }, // a
    { 9, 14, 155, 0, 13, 32, 1721 }, // b
    { 9, 10, 137, 0, 9, 23, 1753 }, // c
    { 10, 14, 159, 0, 13, 35, 1776 }, // d
    { 9, 10, 146, 0, 9, 23, 1811 }, // e
    { 7, 13, 95, 0, 13, 23, 1834 }, // f
    { 9, 13, 150, 0, 9, 30, 1857 }, // g
    { 11, 13, 167, 0, 13, 36, 1887 }, // h
    { 5, 13, 81, 0, 13, 17, 1923 }, // i
    { 5, 17, 74, -1, 13, 22, 1940 }, // j
    { 10, 13, 154, 0, 13, 33, 1962 }, // k
    { 5, 13, 79, 0, 13, 17, 1995 }, // l
    { 16, 9, 254, 0, 9, 36, 2012 }, // m
    { 11, 9, 170, 0, 9, 25, 2048 }, // n
    { 9, 10, 154, 0, 9, 23, 2073 }, // o
    { 10, 13, 160, 0, 9, 33, 2096 }, // p
    { 10, 13, 155, 0, 9, 33, 2129 }, // q
    { 8, 9, 120, 0, 9, 18, 2162 }, // r
    { 8, 10, 128, 0, 9, 20, 2180 }, // s
    { 6, 13, 99, 0, 12, 20, 2200 }, // t
    { 11, 10, 166, 0, 9, 28, 2220 }, // u
    { 10, 10, 142, -1, 9, 25, 2248 }, // v
    { 15, 10, 216, -1, 9, 38, 2273 }, // w
    { 10, 9, 149, 0, 9, 23, 2311 }, // x
    { 11, 13, 144, -1, 9, 36, 2334 }, // y
    { 8, 9, 130, 0, 9, 18, 2370 }, // z
    { 6, 17, 93, 0, 15, 26, 2388 }, // {
    { 2, 16, 86, 2, 14, 8, 2414 }, // |
    { 6, 17, 93, 0, 15, 26, 2422 }, // }
    { 10, 4, 161, 0, 8, 10, 2448 }, // ~
    { 0, 0, 0, 0, 0, 0, 2458 }, // U+007F
    { 0, 0, 0, 0, 0, 0, 0 }, // U+0080
    { 0, 0, 0, 0, 0, 0, 0 }, // U+0081
    { 0, 0, 0, 0, 0, 0, 0 }, // U+0082
    { 0, 0, 0, 0, 0, 0, 0 }, // U+0083
    { 0, 0, 0, 0, 0, 0, 0 }, // U+0084
    { 0, 0, 0, 0, 0, 0, 0 }, // U+0085
    { 0, 0, 0, 0, 0, 0, 0 }, // U+0086
    { 0, 0, 0, 0, 0, 0, 0 }, // U+0087
    { 0, 0, 0, 0, 0, 0, 0 }, // U+0088
    { 0, 0, 0, 0, 0, 0, 0 }, // U+0089
    { 0, 0, 0, 0, 0, 0, 0 }, // U+008A
    { 0, 0, 0, 0, 0, 0, 0 }, // U+008B
    { 0, 0, 0, 0, 0, 0, 0 }, // U+008C
    { 0, 0, 0, 0, 0, 0, 0 }, // U+008D
    { 0, 0, 0, 0, 0, 0, 0 }, // U+008E
    { 0, 0, 0, 0, 0, 0, 0 }, // U+008F
    { 0, 0, 0, 0, 0, 0, 0 }, // U+0090
    { 0, 0, 0, 0, 0, 0, 0 }, // U+0091
    { 0, 0, 0, 0, 0, 0, 0 }, // U+0092
    { 0, 0, 0, 0, 0, 0, 0 }, // U+0093
    { 0, 0, 0, 0, 0, 0, 0 }, // U+0094
    { 0, 0, 0, 0, 0, 0, 0 }, // U+0095
    { 0, 0, 0, 0, 0, 0, 0 }, // U+0096
    { 0, 0, 0, 0, 0, 0, 0 }, // U+0097
    { 0, 0, 0, 0, 0, 0, 0 }, // U+0098
    { 0, 0, 0, 0, 0, 0, 0 }, // U+0099
    { 0, 0, 0, 0, 0, 0, 0 }, // U+009A
    { 0, 0, 0, 0, 0, 0, 0 }, // U+009B
    { 0, 0, 0, 0, 0, 0, 0 }, // U+009C
    { 0, 0, 0, 0, 0, 0, 0 }, // U+009D
    { 0, 0, 0, 0, 0, 0, 0 }, // U+009E
    { 0, 0, 0, 0, 0, 0, 0 }, // U+009F
    { 0, 0, 51, 0, 0, 0, 0 }, // U+00A0
    { 3, 13, 88, 1, 9, 10, 0 }, // U+00A1
    { 8, 14, 149, 1, 13, 28, 10 }, // U+00A2
    { 9, 12, 179, 1, 12, 27, 38 }, // U+00A3
    { 9, 8, 177, 1, 9, 18, 65 }, // U+00A4
    { 12, 12, 190, 0, 12, 36, 83 }, // U+00A5
    { 2, 16, 86, 2, 14, 8, 119 }, // U+00A6
    { 8, 15, 150, 1, 12, 30, 127 }, // U+00A7
    { 6, 3, 122, 1, 13, 5, 157 }, // U+00A8
    { 13, 13, 235, 1, 12, 43, 162 }, // U+00A9
    { 7, 10, 117, 0, 12, 18, 205 }, // U+00AA
    { 8, 9, 136, 0, 9, 18, 223 }, // U+00AB
    { 9, 6, 162, 0, 7, 14, 241 }, // U+00AC
    { 0, 0, 0, 0, 0, 0, 255 }, // U+00AD
    { 11, 11, 197, 1, 13, 31, 255 }, // U+00AE
    { 5, 2, 114, 1, 13, 3, 286 }, // U+00AF
    { 6, 6, 118, 0, 13, 9, 289 }, // U+00B0
    { 8, 11, 158, 1, 11, 22, 298 }, // U+00B1
    { 6, 8, 96, 0, 14, 12, 320 }, // U+00B2
    { 6, 9, 98, 0, 14, 14, 332 }, // U+00B3
    { 5, 4, 88, 1, 14, 5, 346 }, // U+00B4
    { 11, 13, 175, 0, 9, 36, 351 }, // U+00B5
    { 10, 15, 164, 0, 12, 38, 387 }, // U+00B6
    { 3, 3, 58, 0, 7, 3, 425 }, // U+00B7
    { 5, 4, 86, 0, 0, 5, 428 }, // U+00B8
    { 5, 8, 75, 0, 14, 10, 433 }, // U+00B9
    { 8, 10, 128, 0, 12, 20, 443 }, // U+00BA
    { 8, 9, 136, 0, 9, 18, 463 }, // U+00BB
    { 14, 14, 228, 0, 13, 49, 481 }, // U+00BC
    { 14, 14, 234, 0, 13, 49, 530 }, // U+00BD
    { 15, 14, 238, 0, 13, 53, 579 }, // U+00BE
    { 7, 13, 114, 0, 9, 23, 632 }, // U+00BF
    { 12, 16, 189, 0, 16, 48, 655 }, // U+00C0
    { 12, 16, 189, 0, 16, 48, 703 }, // U+00C1
    { 12, 16, 189, 0, 16, 48, 751 }, // U+00C2
    { 12, 15, 189, 0, 15, 45, 799 }, // U+00C3
    { 12, 15, 189, 0, 15, 45, 844 }, // U+00C4
    { 12, 16, 189, 0, 16, 48, 889 }, // U+00C5
    { 15, 12, 252, 0, 12, 45, 937 }, // U+00C6
    { 10, 16, 171, 0, 12, 40, 982 }, // U+00C7
    { 10, 16, 165, 0, 16, 40, 1022 }, // U+00C8
    { 10, 16, 165, 0, 16, 40, 1062 }, // U+00C9
    { 10, 16, 165, 0, 16, 40, 1102 }, // U+00CA
    { 10, 15, 165, 0, 15, 38, 1142 }, // U+00CB
    { 6, 16, 95, 0, 16, 24, 1180 }, // U+00CC
    { 6, 16, 95, 0, 16, 24, 1204 }, // U+00CD
    { 6, 16, 95, 0, 16, 24, 1228 }, // U+00CE
    { 6, 15, 95, 0, 15, 23, 1252 }, // U+00CF
    { 12, 12, 191, 0, 12, 36, 1275 }, // U+00D0
    { 13, 15, 209, 0, 15, 49, 1311 }, // U+00D1
    { 12, 17, 198, 0, 16, 51, 1360 }, // U+00D2
    { 12, 17, 198, 0, 16, 51, 1411 }, // U+00D3
    { 12, 17, 198, 0, 16, 51, 1462 }, // U+00D4
    { 12, 16, 198, 0, 15, 48, 1513 }, // U+00D5
    { 12, 16, 198, 0, 15, 48, 1561 }, // U+00D6
    { 8, 8, 134, 0, 10, 16, 1609 }, // U+00D7
    { 12, 15, 198, 0, 13, 45, 1625 }, // U+00D8
    { 13, 17, 199, 0, 16, 56, 1670 }, // U+00D9
    { 13, 17, 199, 0, 16, 56, 1726 }, // U+00DA
    { 13, 17, 199, 0, 16, 56, 1782 }, // U+00DB
    { 13, 16, 199, 0, 15, 52, 1838 }, // U+00DC
    { 11, 16, 172, 0, 16, 44, 1890 }, // U+00DD
    { 10, 12, 157, 0, 12, 30, 1934 }, // U+00DE
    { 11, 14, 178, 0, 13, 39, 1964 }, // U+00DF
    { 9, 15, 147, 0, 14, 34, 2003 }, // U+00E0
    { 9, 15, 147, 0, 14, 34, 2037 }, // U+00E1
    { 9, 15, 147, 0, 14, 34, 2071 }, // U+00E2
    { 9, 14, 147, 0, 13, 32, 2105 }, // U+00E3
    { 9, 14, 147, 0, 13, 32, 2137 }, // U+00E4
    { 9, 15, 147, 0, 14, 34, 2169 }, // U+00E5
    { 14, 10, 230, 0, 9, 35, 2203 }, // U+00E6
    { 9, 13, 137, 0, 9, 30, 2238 }, // U+00E7
    { 9, 15, 146, 0, 14, 34, 2268 }, // U+00E8
    { 9, 15, 146, 0, 14, 34, 2302 }, // U+00E9
    { 9, 15, 146, 0, 14, 34, 2336 }, // U+00EA
    { 9, 14, 146, 0, 13, 32, 2370 }, // U+00EB
    { 5, 14, 81, 0, 14, 18, 2402 }, // U+00EC
    { 6, 14, 81, 0, 14, 21, 2420 }, // U+00ED
    { 6, 14, 81, 0, 14, 21, 2441 }, // U+00EE
    { 6, 13, 81, -1, 13, 20, 2462 }, // U+00EF
    { 9, 15, 156, 0, 14, 34, 2482 }, // U+00F0
    { 11, 13, 170, 0, 13, 36, 2516 }, // U+00F1
    { 9, 15, 154, 0, 14, 34, 2552 }, // U+00F2
    { 9, 15, 154, 0, 14, 34, 2586 }, // U+00F3
    { 9, 15, 154, 0, 14, 34, 2620 }, // U+00F4
    { 9, 14, 154, 0, 13, 32, 2654 }, // U+00F5
    { 9, 14, 154, 0, 13, 32, 2686 }, // U+00F6
    { 9, 9, 145, 0, 10, 21, 2718 }, // U+00F7
    { 9, 13, 154, 0, 11, 30, 2739 }, // U+00F8
    { 11, 15, 166, 0, 14, 42, 2769 }, // U+00F9
    { 11, 15, 166, 0, 14, 42, 2811 }, // U+00FA
    { 11, 15, 166, 0, 14, 42, 2853 }, // U+00FB
    { 11, 14, 166, 0, 13, 39, 2895 }, // U+00FC
    { 11, 18, 144, -1, 14, 50, 2934 }, // U+00FD
    { 10, 17, 156, 0, 13, 43, 2984 }, // U+00FE
    { 11, 17, 144, -1, 13, 47, 3027 }, // U+00FF
    { 12, 15, 189, 0, 15, 45, 0 }, // U+0100
    { 9, 14, 147, 0, 13, 32, 45 }, // U+0101
    { 12, 16, 189, 0, 16, 48, 77 }, // U+0102
    { 9, 14, 147, 0, 13, 32, 125 }, // U+0103
    { 12, 16, 189, 0, 12, 48, 157 }, // U+0104
    { 9, 13, 147, 0, 9, 30, 205 }, // U+0105
    { 10, 17, 171, 0, 16, 43, 235 }, // U+0106
    { 9, 15, 137, 0, 14, 34, 278 }, // U+0107
    { 10, 17, 171, 0, 16, 43, 312 }, // U+0108
    { 9, 15, 137, 0, 14, 34, 355 }, // U+0109
    { 10, 16, 171, 0, 15, 40, 389 }, // U+010A
    { 9, 14, 137, 0, 13, 32, 429 }, // U+010B
    { 10, 17, 171, 0, 16, 43, 461 }, // U+010C
    { 9, 15, 137, 0, 14, 34, 504 }, // U+010D
    { 12, 16, 191, 0, 16, 48, 538 }, // U+010E
    { 12, 15, 159, 0, 14, 45, 586 }, // U+010F
    { 12, 12, 191, 0, 12, 36, 631 }, // U+0110
    { 10, 14, 159, 0, 13, 35, 667 }, // U+0111
    { 10, 15, 165, 0, 15, 38, 702 }, // U+0112
    { 9, 14, 146, 0, 13, 32, 740 }, // U+0113
    { 10, 16, 165, 0, 16, 40, 772 }, // U+0114
    { 9, 14, 146, 0, 13, 32, 812 }, // U+0115
    { 10, 15, 165, 0, 15, 38, 844 }, // U+0116
    { 9, 14, 146, 0, 13, 32, 882 }, // U+0117
    { 10, 16, 165, 0, 12, 40, 914 }, // U+0118
    { 9, 13, 146, 0, 9, 30, 954 }, // U+0119
    { 10, 16, 165, 0, 16, 40, 984 }, // U+011A
    { 9, 15, 146, 0, 14, 34, 1024 }, // U+011B
    { 12, 17, 195, 0, 16, 51, 1058 }, // U+011C
    { 9, 18, 150, 0, 14, 41, 1109 }, // U+011D
    { 12, 17, 195, 0, 16, 51, 1150 }, // U+011E
    { 9, 17, 150, 0, 13, 39, 1201 }, // U+011F
    { 12, 16, 195, 0, 15, 48, 1240 }, // U+0120
    { 9, 17, 150, 0, 13, 39, 1288 }, // U+0121
    { 12, 17, 195, 0, 12, 51, 1327 }, // U+0122
    { 9, 19, 150, 0, 15, 43, 1378 }, // U+0123
    { 13, 16, 212, 0, 16, 52, 1421 }, // U+0124
    { 12, 17, 167, -1, 17, 51, 1473 }, // U+0125
    { 13, 12, 214, 0, 12, 39, 1524 }, // U+0126
    { 11, 13, 167, 0, 13, 36, 1563 }, // U+0127
    { 6, 15, 95, 0, 15, 23, 1599 }, // U+0128
    { 7, 13, 81, -1, 13, 23, 1622 }, // U+0129
    { 6, 15, 95, 0, 15, 23, 1645 }, // U+012A
    { 5, 13, 81, 0, 13, 17, 1668 }, // U+012B
    { 6, 16, 95, 0, 16, 24, 1685 }, // U+012C
    { 5, 13, 81, 0, 13, 17, 1709 }, // U+012D
    { 6, 16, 95, 0, 12, 24, 1726 }, // U+012E
    { 5, 17, 81, 0, 13, 22, 1750 }, // U+012F
    { 6, 15, 95, 0, 15, 23, 1772 }, // U+0130
    { 5, 9, 81, 0, 9, 12, 1795 }, // U+0131
    { 12, 15, 188, 0, 12, 45, 1807 }, // U+0132
    { 9, 17, 157, 0, 13, 39, 1852 }, // U+0133
    { 7, 19, 89, -1, 16, 34, 1891 }, // U+0134
    { 6, 18, 74, -1, 14, 27, 1925 }, // U+0135
    { 12, 17, 190, 0, 12, 51, 1952 }, // U+0136
    { 10, 18, 154, 0, 13, 45, 2003 }, // U+0137
    { 10, 9, 158, 0, 9, 23, 2048 }, // U+0138
    { 9, 16, 148, 0, 16, 36, 2071 }, // U+0139
    { 5, 17, 79, 0, 17, 22, 2107 }, // U+013A
    { 9, 17, 148, 0, 12, 39, 2129 }, // U+013B
    { 5, 18, 79, 0, 13, 23, 2168 }, // U+013C
    { 9, 13, 148, 0, 13, 30, 2191 }, // U+013D
    { 6, 14, 79, 0, 14, 21, 2221 }, // U+013E
    { 9, 12, 148, 0, 12, 27, 2242 }, // U+013F
    { 7, 13, 110, 0, 13, 23, 2269 }, // U+0140
    { 10, 12, 153, 0, 12, 30, 2292 }, // U+0141
    { 6, 13, 92, 0, 13, 20, 2322 }, // U+0142
    { 13, 16, 209, 0, 16, 52, 2342 }, // U+0143
    { 11, 14, 170, 0, 14, 39, 2394 }, // U+0144
    { 13, 17, 209, 0, 12, 56, 2433 }, // U+0145
    { 11, 14, 170, 0, 9, 39, 2489 }, // U+0146
    { 13, 16, 209, 0, 16, 52, 2528 }, // U+0147
    { 11, 14, 170, 0, 14, 39, 2580 }, // U+0148
    { 13, 14, 197, 0, 14, 46, 2619 }, // U+0149
    { 13, 16, 212, 0, 12, 52, 2665 }, // U+014A
    { 10, 13, 166, 0, 9, 33, 2717 }, // U+014B
    { 12, 16, 198, 0, 15, 48, 2750 }, // U+014C
    { 9, 14, 154, 0, 13, 32, 2798 }, // U+014D
    { 12, 17, 198, 0, 16, 51, 2830 }, // U+014E
    { 9, 14, 154, 0, 13, 32, 2881 }, // U+014F
    { 12, 17, 198, 0, 16, 51, 2913 }, // U+0150
    { 9, 15, 154, 0, 14, 34, 2964 }, // U+0151
    { 15, 13, 250, 0, 12, 49, 2998 }, // U+0152
    { 15, 10, 250, 0, 9, 38, 3047 }, // U+0153
    { 11, 16, 176, 0, 16, 44, 3085 }, // U+0154
    { 8, 14, 120, 0, 14, 28, 3129 }, // U+0155
    { 11, 17, 176, 0, 12, 47, 3157 }, // U+0156
    { 8, 14, 120, 0, 9, 28, 3204 }, // U+0157
    { 11, 16, 176, 0, 16, 44, 3232 }, // U+0158
    { 8, 14, 120, 0, 14, 28, 3276 }, // U+0159
    { 9, 17, 160, 1, 16, 39, 3304 }, // U+015A
    { 8, 15, 132, 0, 14, 30, 3343 }, // U+015B
    { 9, 17, 160, 1, 16, 39, 3373 }, // U+015C
    { 8, 15, 132, 0, 14, 30, 3412 }, // U+015D
    { 9, 16, 160, 1, 12, 36, 3442 }, // U+015E
    { 8, 13, 132, 0, 9, 26, 3478 }, // U+015F
    { 9, 17, 160, 1, 16, 39, 3504 }, // U+0160
    { 8, 15, 132, 0, 14, 30, 3543 }, // U+0161
    { 10, 16, 158, 0, 12, 40, 3573 }, // U+0162
    { 6, 16, 99, 0, 12, 24, 3613 }, // U+0163
    { 10, 16, 158, 0, 16, 40, 3637 }, // U+0164
    { 7, 15, 99, 0, 14, 27, 3677 }, // U+0165
    { 10, 12, 158, 0, 12, 30, 3704 }, // U+0166
    { 6, 13, 101, 0, 12, 20, 3734 }, // U+0167
    { 13, 16, 199, 0, 15, 52, 3754 }, // U+0168
    { 11, 14, 166, 0, 13, 39, 3806 }, // U+0169
    { 13, 16, 199, 0, 15, 52, 3845 }, // U+016A
    { 11, 14, 166, 0, 13, 39, 3897 }, // U+016B
    { 13, 17, 199, 0, 16, 56, 3936 }, // U+016C
    { 11, 14, 166, 0, 13, 39, 3992 }, // U+016D
    { 13, 17, 199, 0, 16, 56, 4031 }, // U+016E
    { 11, 15, 166, 0, 14, 42, 4087 }, // U+016F
    { 13, 17, 199, 0, 16, 56, 4129 }, // U+0170
    { 11, 15, 166, 0, 14, 42, 4185 }, // U+0171
    { 13, 16, 199, 0, 12, 52, 4227 }, // U+0172
    { 11, 13, 166, 0, 9, 36, 4279 }, // U+0173
    { 17, 17, 273, 0, 16, 73, 4315 }, // U+0174
    { 15, 15, 216, -1, 14, 57, 4388 }, // U+0175
    { 11, 16, 172, 0, 16, 44, 4445 }, // U+0176
    { 11, 18, 144, -1, 14, 50, 4489 }, // U+0177
    { 11, 15, 172, 0, 15, 42, 4539 }, // U+0178
    { 10, 16, 165, 0, 16, 40, 4581 }, // U+0179
    { 8, 14, 130, 0, 14, 28, 4621 }, // U+017A
    { 10, 15, 165, 0, 15, 38, 4649 }, // U+017B
    { 8, 13, 130, 0, 13, 26, 4687 }, // U+017C
    { 10, 16, 165, 0, 16, 40, 4713 }, // U+017D
    { 8, 14, 130, 0, 14, 28, 4753 }, // U+017E
    { 7, 13, 94, 0, 13, 23, 4781 }, // U+017F
    { 12, 16, 201, 0, 15, 48, 0 }, // U+01A0
    { 10, 13, 154, 0, 12, 33, 48 }, // U+01A1
    { 13, 16, 200, 0, 15, 52, 81 }, // U+01AF
    { 11, 13, 171, 0, 12, 36, 133 }, // U+01B0
    { 21, 16, 349, 0, 16, 84, 169 }, // U+01C4
    { 20, 14, 321, 0, 14, 70, 253 }, // U+01C5
    { 18, 15, 289, 0, 14, 68, 323 }, // U+01C6
    { 15, 15, 236, 0, 12, 57, 391 }, // U+01C7
    { 13, 17, 222, 0, 13, 56, 448 }, // U+01C8
    { 9, 17, 151, 0, 13, 39, 504 }, // U+01C9
    { 19, 15, 299, 0, 12, 72, 543 }, // U+01CA
    { 17, 17, 280, 0, 13, 73, 615 }, // U+01CB
    { 14, 17, 244, 0, 13, 60, 688 }, // U+01CC
    { 12, 16, 189, 0, 16, 48, 748 }, // U+01CD
    { 9, 15, 147, 0, 14, 34, 796 }, // U+01CE
    { 6, 16, 95, 0, 16, 24, 830 }, // U+01CF
    { 6, 14, 81, 0, 14, 21, 854 }, // U+01D0
    { 12, 17, 198, 0, 16, 51, 875 }, // U+01D1
    { 9, 15, 154, 0, 14, 34, 926 }, // U+01D2
    { 13, 17, 199, 0, 16, 56, 960 }, // U+01D3
    { 11, 15, 166, 0, 14, 42, 1016 }, // U+01D4
    { 13, 18, 199, 0, 17, 59, 1058 }, // U+01D5
    { 11, 16, 166, 0, 15, 44, 1117 }, // U+01D6
    { 13, 18, 199, 0, 17, 59, 1161 }, // U+01D7
    { 11, 16, 166, 0, 15, 44, 1220 }, // U+01D8
    { 13, 18, 199, 0, 17, 59, 1264 }, // U+01D9
    { 11, 16, 166, 0, 15, 44, 1323 }, // U+01DA
    { 13, 18, 199, 0, 17, 59, 1367 }, // U+01DB
    { 11, 16, 166, 0, 15, 44, 1426 }, // U+01DC
    { 12, 17, 195, 0, 16, 51, 1470 }, // U+01E6
    { 9, 18, 150, 0, 14, 41, 1521 }, // U+01E7
    { 12, 16, 198, 0, 12, 48, 1562 }, // U+01EA
    { 9, 13, 154, 0, 9, 30, 1610 }, // U+01EB
    { 21, 12, 349, 0, 12, 63, 1640 }, // U+01F1
    { 20, 12, 321, 0, 12, 60, 1703 }, // U+01F2
    { 18, 14, 289, 0, 13, 63, 1763 }, // U+01F3
    { 12, 19, 189, 0, 19, 57, 1826 }, // U+01FA
    { 9, 17, 147, 0, 16, 39, 1883 }, // U+01FB
    { 15, 16, 252, 0, 16, 60, 1922 }, // U+01FC
    { 14, 15, 231, 0, 14, 53, 1982 }, // U+01FD
    { 12, 18, 198, 0, 16, 54, 2035 }, // U+01FE
    { 9, 16, 154, 0, 14, 36, 2089 }, // U+01FF
    { 12, 16, 189, 0, 16, 48, 2125 }, // U+0200
    { 9, 15, 147, 0, 14, 34, 2173 }, // U+0201
    { 12, 15, 189, 0, 15, 45, 2207 }, // U+0202
    { 9, 14, 147, 0, 13, 32, 2252 }, // U+0203
    { 10, 16, 165, 0, 16, 40, 2284 }, // U+0204
    { 9, 15, 146, 0, 14, 34, 2324 }, // U+0205
    { 10, 15, 165, 0, 15, 38, 2358 }, // U+0206
    { 9, 14, 146, 0, 13, 32, 2396 }, // U+0207
    { 6, 16, 95, 0, 16, 24, 2428 }, // U+0208
    { 6, 14, 81, -1, 14, 21, 2452 }, // U+0209
    { 6, 15, 95, 0, 15, 23, 2473 }, // U+020A
    { 5, 13, 81, 0, 13, 17, 2496 }, // U+020B
    { 12, 17, 198, 0, 16, 51, 2513 }, // U+020C
    { 9, 15, 154, 0, 14, 34, 2564 }, // U+020D
    { 12, 16, 198, 0, 15, 48, 2598 }, // U+020E
    { 9, 14, 154, 0, 13, 32, 2646 }, // U+020F
    { 11, 16, 176, 0, 16, 44, 2678 }, // U+0210
    { 8, 14, 120, 0, 14, 28, 2722 }, // U+0211
    { 11, 15, 176, 0, 15, 42, 2750 }, // U+0212
    { 8, 13, 120, 0, 13, 26, 2792 }, // U+0213
    { 13, 17, 199, 0, 16, 56, 2818 }, // U+0214
    { 11, 15, 166, 0, 14, 42, 2874 }, // U+0215
    { 13, 16, 199, 0, 15, 52, 2916 }, // U+0216
    { 11, 14, 166, 0, 13, 39, 2968 }, // U+0217
    { 9, 17, 160, 1, 12, 39, 3007 }, // U+0218
    { 8, 14, 132, 0, 9, 28, 3046 }, // U+0219
    { 10, 17, 158, 0, 12, 43, 3074 }, // U+021A
    { 6, 17, 99, 0, 12, 26, 3117 }, // U+021B
    { 5, 4, 0, 0, 14, 5, 0 }, // U+0300
    { 5, 4, 0, 1, 14, 5, 5 }, // U+0301
    { 6, 4, 0, 1, 14, 6, 10 }, // U+0302
    { 6, 3, 0, 1, 13, 5, 16 }, // U+0303
    { 5, 2, 0, 1, 13, 3, 21 }, // U+0304
    { 6, 3, 0, 0, 13, 5, 24 }, // U+0306
    { 3, 3, 0, 0, 13, 3, 29 }, // U+0307
    { 6, 3, 0, 1, 13, 5, 32 }, // U+0308
    { 5, 4, 0, 0, 14, 5, 37 }, // U+0309
    { 4, 4, 0, 1, 14, 4, 42 }, // U+030A
    { 6, 4, 0, 0, 14, 6, 46 }, // U+030B
    { 7, 4, 0, 0, 14, 7, 52 }, // U+030C
    { 6, 4, 0, 0, 14, 6, 59 }, // U+030F
    { 6, 3, 0, 0, 13, 5, 65 }, // U+0311
    { 3, 5, 0, 0, 15, 4, 70 }, // U+0312
    { 4, 5, 0, 0, 12, 5, 74 }, // U+031B
    { 3, 3, 0, 0, -1, 3, 79 }, // U+0323
    { 6, 3, 0, 1, -1, 5, 82 }, // U+0324
    { 3, 4, 0, 0, -1, 3, 87 }, // U+0326
    { 5, 4, 0, 0, 0, 5, 90 }, // U+0327
    { 5, 5, 0, 0, 1, 7, 95 }, // U+0328
    { 6, 3, 0, 0, -1, 5, 102 }, // U+032E
    { 5, 2, 0, 1, -1, 3, 107 }, // U+0331
    { 7, 2, 0, 0, 6, 4, 110 }, // U+0335
    { 0, 0, 0, 0, 0, 0, 114 }, // U+034F
    { 11, 12, 172, 0, 12, 33, 0 }, // U+03BB
    { 10, 16, 165, 0, 16, 40, 0 }, // U+0400
    { 10, 15, 165, 0, 15, 38, 40 }, // U+0401
    { 12, 13, 201, 0, 12, 39, 78 }, // U+0402
    { 9, 16, 150, 0, 16, 36, 117 }, // U+0403
    { 11, 13, 173, 0, 12, 36, 153 }, // U+0404
    { 9, 13, 160, 1, 12, 30, 189 }, // U+0405
    { 6, 12, 95, 0, 12, 18, 219 }, // U+0406
    { 6, 15, 95, 0, 15, 23, 237 }, // U+0407
    { 7, 15, 89, -1, 12, 27, 260 }, // U+0408
    { 16, 13, 258, 0, 12, 52, 287 }, // U+0409
    { 17, 12, 272, 0, 12, 51, 339 }, // U+040A
    { 14, 12, 216, 0, 12, 42, 390 }, // U+040B
    { 12, 16, 190, 0, 16, 48, 432 }, // U+040C
    { 13, 16, 216, 0, 16, 52, 480 }, // U+040D
    { 12, 17, 181, 0, 16, 51, 532 }, // U+040E
    { 13, 16, 206, 0, 12, 52, 583 }, // U+040F
    { 12, 12, 189, 0, 12, 36, 635 }, // U+0410
    { 10, 12, 168, 0, 12, 30, 671 }, // U+0411
    { 10, 12, 172, 0, 12, 30, 701 }, // U+0412
    { 9, 12, 150, 0, 12, 27, 731 }, // U+0413
    { 12, 16, 187, 0, 12, 48, 758 }, // U+0414
    { 10, 12, 165, 0, 12, 30, 806 }, // U+0415
    { 17, 12, 275, 0, 12, 51, 836 }, // U+0416
    { 9, 13, 155, 0, 12, 30, 887 }, // U+0417
    { 13, 12, 216, 0, 12, 39, 917 }, // U+0418
    { 13, 16, 216, 0, 16, 52, 956 }, // U+0419
    { 12, 12, 190, 0, 12, 36, 1008 }, // U+041A
    { 12, 13, 190, 0, 12, 39, 1044 }, // U+041B
    { 15, 12, 236, 0, 12, 45, 1083 }, // U+041C
    { 13, 12, 212, 0, 12, 39, 1128 }, // U+041D
    { 12, 13, 198, 0, 12, 39, 1167 }, // U+041E
    { 13, 12, 207, 0, 12, 39, 1206 }, // U+041F
    { 10, 12, 160, 0, 12, 30, 1245 }, // U+0420
    { 10, 13, 171, 0, 12, 33, 1275 }, // U+0421
    { 10, 12, 158, 0, 12, 30, 1308 }, // U+0422
    { 12, 13, 181, 0, 12, 39, 1338 }, // U+0423
    { 13, 14, 213, 0, 13, 46, 1377 }, // U+0424
    { 12, 12, 187, 0, 12, 36, 1423 }, // U+0425
    { 13, 16, 209, 0, 12, 52, 1459 }, // U+0426
    { 11, 12, 185, 0, 12, 33, 1511 }, // U+0427
    { 17, 12, 277, 0, 12, 51, 1544 }, // U+0428
    { 17, 16, 280, 0, 12, 68, 1595 }, // U+0429
    { 12, 12, 194, 0, 12, 36, 1663 }, // U+042A
    { 15, 12, 244, 0, 12, 45, 1699 }, // U+042B
    { 10, 12, 163, 0, 12, 30, 1744 }, // U+042C
    { 10, 13, 174, 0, 12, 33, 1774 }, // U+042D
    { 17, 13, 274, 0, 12, 56, 1807 }, // U+042E
    { 11, 12, 175, 0, 12, 33, 1863 }, // U+042F
    { 9, 10, 147, 0, 9, 23, 1896 }, // U+0430
    { 10, 15, 157, 0, 14, 38, 1919 }, // U+0431
    { 9, 9, 152, 0, 9, 21, 1957 }, // U+0432
    { 8, 9, 130, 0, 9, 18, 1978 }, // U+0433
    { 10, 12, 165, 0, 9, 30, 1996 }, // U+0434
    { 9, 10, 146, 0, 9, 23, 2026 }, // U+0435
    { 15, 9, 228, 0, 9, 34, 2049 }, // U+0436
    { 8, 10, 131, 0, 9, 20, 2083 }, // U+0437
    { 11, 9, 177, 0, 9, 25, 2103 }, // U+0438
    { 11, 13, 177, 0, 13, 36, 2128 }, // U+0439
    { 10, 9, 159, 0, 9, 23, 2164 }, // U+043A
    { 10, 10, 162, 0, 9, 25, 2187 }, // U+043B
    { 12, 9, 201, 0, 9, 27, 2212 }, // U+043C
    { 11, 9, 177, 0, 9, 25, 2239 }, // U+043D
    { 9, 10, 154, 0, 9, 23, 2264 }, // U+043E
    { 11, 9, 176, 0, 9, 25, 2287 }, // U+043F
    { 10, 13, 160, 0, 9, 33, 2312 }, // U+0440
    { 9, 10, 137, 0, 9, 23, 2345 }, // U+0441
    { 9, 9, 140, 0, 9, 21, 2368 }, // U+0442
    { 11, 13, 144, -1, 9, 36, 2389 }, // U+0443
    { 12, 17, 188, 0, 13, 51, 2425 }, // U+0444
    { 10, 9, 149, 0, 9, 23, 2476 }, // U+0445
    { 11, 12, 177, 0, 9, 33, 2499 }, // U+0446
    { 11, 9, 160, -1, 9, 25, 2532 }, // U+0447
    { 15, 9, 240, 0, 9, 34, 2557 }, // U+0448
    { 15, 12, 243, 0, 9, 45, 2591 }, // U+0449
    { 10, 9, 163, 0, 9, 23, 2636 }, // U+044A
    { 13, 9, 217, 0, 9, 30, 2659 }, // U+044B
    { 9, 9, 139, 0, 9, 21, 2689 }, // U+044C
    { 8, 10, 138, 0, 9, 20, 2710 }, // U+044D
    { 14, 10, 224, 0, 9, 35, 2730 }, // U+044E
    { 9, 9, 150, 0, 9, 21, 2765 }, // U+044F
    { 9, 15, 146, 0, 14, 34, 2786 }, // U+0450
    { 9, 14, 146, 0, 13, 32, 2820 }, // U+0451
    { 9, 17, 159, 0, 13, 39, 2852 }, // U+0452
    { 8, 14, 130, 0, 14, 28, 2891 }, // U+0453
    { 9, 10, 138, 0, 9, 23, 2919 }, // U+0454
    { 8, 10, 132, 0, 9, 20, 2942 }, // U+0455
    { 5, 13, 81, 0, 13, 17, 2962 }, // U+0456
    { 6, 13, 81, -1, 13, 20, 2979 }, // U+0457
    { 5, 17, 81, -1, 13, 22, 2999 }, // U+0458
    { 14, 10, 214, 0, 9, 35, 3021 }, // U+0459
    { 14, 9, 226, 0, 9, 32, 3056 }, // U+045A
    { 11, 13, 166, 0, 13, 36, 3088 }, // U+045B
    { 10, 14, 159, 0, 14, 35, 3124 }, // U+045C
    { 11, 14, 177, 0, 14, 39, 3159 }, // U+045D
    { 11, 17, 144, -1, 13, 47, 3198 }, // U+045E
    { 11, 12, 174, 0, 9, 33, 3245 }, // U+045F
    { 12, 12, 190, 0, 12, 36, 3278 }, // U+0462
    { 10, 13, 161, 0, 13, 33, 3314 }, // U+0463
    { 17, 12, 268, 0, 12, 51, 3347 }, // U+046A
    { 14, 9, 228, 0, 9, 32, 3398 }, // U+046B
    { 12, 13, 198, 0, 12, 39, 3430 }, // U+0472
    { 9, 10, 154, 0, 9, 23, 3469 }, // U+0473
    { 13, 13, 195, 0, 12, 43, 3492 }, // U+0474
    { 12, 10, 158, -1, 9, 30, 3535 }, // U+0475
    { 13, 17, 195, 0, 16, 56, 3565 }, // U+0476
    { 12, 15, 158, -1, 14, 45, 3621 }, // U+0477
    { 14, 15, 218, 0, 12, 53, 3666 }, // U+048A
    { 11, 12, 178, 0, 9, 33, 3719 }, // U+048B
    { 10, 12, 166, 0, 12, 30, 3752 }, // U+048C
    { 9, 13, 140, 0, 13, 30, 3782 }, // U+048D
    { 10, 12, 160, 0, 12, 30, 3812 }, // U+048E
    { 10, 13, 158, 0, 9, 33, 3842 }, // U+048F
    { 9, 15, 141, 0, 15, 34, 3875 }, // U+0490
    { 8, 11, 129, 0, 11, 22, 3909 }, // U+0491
    { 9, 12, 150, 0, 12, 27, 3931 }, // U+0492
    { 8, 9, 130, 0, 9, 18, 3958 }, // U+0493
    { 10, 14, 174, 0, 12, 35, 3976 }, // U+0494
    { 9, 13, 153, 0, 9, 30, 4011 }, // U+0495
    { 18, 15, 280, 0, 12, 68, 4041 }, // U+0496
    { 15, 12, 232, 0, 9, 45, 4109 }, // U+0497
    { 9, 16, 155, 0, 12, 36, 4154 }, // U+0498
    { 8, 12, 131, 0, 9, 24, 4190 }, // U+0499
    { 13, 15, 196, 0, 12, 49, 4214 }, // U+049A
    { 11, 12, 165, 0, 9, 33, 4263 }, // U+049B
    { 13, 12, 199, 0, 12, 39, 4296 }, // U+049C
    { 11, 9, 167, 0, 9, 25, 4335 }, // U+049D
    { 12, 12, 193, 0, 12, 36, 4360 }, // U+049E
    { 10, 13, 154, 0, 13, 33, 4396 }, // U+049F
    { 12, 12, 190, 0, 12, 36, 4429 }, // U+04A0
    { 12, 9, 180, 0, 9, 27, 4465 }, // U+04A1
    { 13, 15, 215, 0, 12, 49, 4492 }, // U+04A2
    { 12, 12, 181, 0, 9, 36, 4541 }, // U+04A3
    { 16, 12, 260, 0, 12, 48, 4577 }, // U+04A4
    { 14, 9, 223, 0, 9, 32, 4625 }, // U+04A5
    { 17, 14, 272, 0, 12, 60, 4657 }, // U+04A6
    { 15, 14, 242, 0, 9, 53, 4717 }, // U+04A7
    { 14, 13, 231, 0, 12, 46, 4770 }, // U+04A8
    { 12, 10, 192, 0, 9, 30, 4816 }, // U+04A9
    { 10, 16, 171, 0, 12, 40, 4846 }, // U+04AA
    { 9, 12, 137, 0, 9, 27, 4886 }, // U+04AB
    { 10, 15, 158, 0, 12, 38, 4913 }, // U+04AC
    { 9, 12, 140, 0, 9, 27, 4951 }, // U+04AD
    { 11, 12, 172, 0, 12, 33, 4978 }, // U+04AE
    { 11, 13, 147, -1, 9, 36, 5011 }, // U+04AF
    { 11, 12, 172, 0, 12, 33, 5047 }, // U+04B0
    { 11, 13, 147, -1, 9, 36, 5080 }, // U+04B1
    { 12, 15, 193, 0, 12, 45, 5116 }, // U+04B2
    { 10, 12, 156, 0, 9, 30, 5161 }, // U+04B3
    { 15, 16, 245, 0, 12, 60, 5191 }, // U+04B4
    { 13, 12, 199, 0, 9, 39, 5251 }, // U+04B5
    { 12, 15, 188, 0, 12, 45, 5290 }, // U+04B6
    { 11, 12, 164, -1, 9, 33, 5335 }, // U+04B7
    { 12, 12, 189, 0, 12, 36, 5368 }, // U+04B8
    { 11, 9, 162, -1, 9, 25, 5404 }, // U+04B9
    { 12, 12, 182, 0, 12, 36, 5429 }, // U+04BA
    { 11, 13, 170, 0, 13, 36, 5465 }, // U+04BB
    { 14, 13, 224, 0, 12, 46, 5501 }, // U+04BC
    { 11, 10, 174, 0, 9, 28, 5547 }, // U+04BD
    { 14, 16, 224, 0, 12, 56, 5575 }, // U+04BE
    { 11, 12, 176, 0, 9, 33, 5631 }, // U+04BF
    { 6, 12, 95, 0, 12, 18, 5664 }, // U+04C0
    { 17, 16, 275, 0, 16, 68, 5682 }, // U+04C1
    { 15, 13, 228, 0, 13, 49, 5750 }, // U+04C2
    { 11, 17, 184, 0, 12, 47, 5799 }, // U+04C3
    { 10, 13, 158, 0, 9, 33, 5846 }, // U+04C4
    { 12, 15, 193, 0, 12, 45, 5879 }, // U+04C5
    { 10, 12, 164, 0, 9, 30, 5924 }, // U+04C6
    { 13, 16, 208, 0, 12, 52, 5954 }, // U+04C7
    { 11, 13, 174, 0, 9, 36, 6006 }, // U+04C8
    { 13, 15, 215, 0, 12, 49, 6042 }, // U+04C9
    { 11, 12, 178, 0, 9, 33, 6091 }, // U+04CA
    { 11, 15, 186, 0, 12, 42, 6124 }, // U+04CB
    { 11, 12, 159, -1, 9, 33, 6166 }, // U+04CC
    { 15, 15, 239, 0, 12, 57, 6199 }, // U+04CD
    { 13, 12, 202, 0, 9, 39, 6256 }, // U+04CE
    { 5, 13, 82, 0, 13, 17, 6295 }, // U+04CF
    { 12, 16, 189, 0, 16, 48, 6312 }, // U+04D0
    { 9, 14, 151, 0, 13, 32, 6360 }, // U+04D1
    { 12, 15, 189, 0, 15, 45, 6392 }, // U+04D2
    { 9, 14, 151, 0, 13, 32, 6437 }, // U+04D3
    { 15, 12, 252, 0, 12, 45, 6469 }, // U+04D4
    { 14, 10, 231, 0, 9, 35, 6514 }, // U+04D5
    { 10, 16, 165, 0, 16, 40, 6549 }, // U+04D6
    { 9, 14, 150, 0, 13, 32, 6589 }, // U+04D7
    { 11, 13, 183, 0, 12, 36, 6621 }, // U+04D8
    { 9, 10, 150, 0, 9, 23, 6657 }, // U+04D9
    { 11, 16, 183, 0, 15, 44, 6680 }, // U+04DA
    { 9, 14, 153, 0, 13, 32, 6724 }, // U+04DB
    { 17, 15, 275, 0, 15, 64, 6756 }, // U+04DC
    { 15, 13, 228, 0, 13, 49, 6820 }, // U+04DD
    { 9, 16, 155, 0, 15, 36, 6869 }, // U+04DE
    { 8, 14, 131, 0, 13, 28, 6905 }, // U+04DF
    { 9, 13, 151, 0, 12, 30, 6933 }, // U+04E0
    { 8, 13, 128, 0, 9, 26, 6963 }, // U+04E1
    { 13, 15, 216, 0, 15, 49, 6989 }, // U+04E2
    { 11, 13, 177, 0, 13, 36, 7038 }, // U+04E3
    { 13, 15, 216, 0, 15, 49, 7074 }, // U+04E4
    { 11, 13, 177, 0, 13, 36, 7123 }, // U+04E5
    { 12, 16, 198, 0, 15, 48, 7159 }, // U+04E6
    { 10, 14, 157, 0, 13, 35, 7207 }, // U+04E7
    { 12, 13, 198, 0, 12, 39, 7242 }, // U+04E8
    { 10, 10, 157, 0, 9, 25, 7281 }, // U+04E9
    { 12, 16, 198, 0, 15, 48, 7306 }, // U+04EA
    { 10, 14, 160, 0, 13, 35, 7354 }, // U+04EB
    { 10, 16, 174, 0, 15, 40, 7389 }, // U+04EC
    { 8, 14, 138, 0, 13, 28, 7429 }, // U+04ED
    { 12, 16, 181, 0, 15, 48, 7457 }, // U+04EE
    { 10, 17, 147, 0, 13, 43, 7505 }, // U+04EF
    { 12, 16, 181, 0, 15, 48, 7548 }, // U+04F0
    { 10, 17, 147, 0, 13, 43, 7596 }, // U+04F1
    { 12, 17, 181, 0, 16, 51, 7639 }, // U+04F2
    { 10, 18, 147, 0, 14, 45, 7690 }, // U+04F3
    { 11, 15, 185, 0, 15, 42, 7735 }, // U+04F4
    { 11, 13, 160, -1, 13, 36, 7777 }, // U+04F5
    { 9, 15, 150, 0, 12, 34, 7813 }, // U+04F6
    { 8, 12, 130, 0, 9, 24, 7847 }, // U+04F7
    { 15, 15, 244, 0, 15, 57, 7871 }, // U+04F8
    { 13, 13, 217, 0, 13, 43, 7928 }, // U+04F9
    { 10, 16, 153, 0, 12, 40, 7971 }, // U+04FA
    { 9, 13, 134, 0, 9, 30, 8011 }, // U+04FB
    { 12, 16, 184, 0, 12, 48, 8041 }, // U+04FC
    { 9, 13, 146, 0, 9, 30, 8089 }, // U+04FD
    { 12, 12, 188, 0, 12, 36, 8119 }, // U+04FE
    { 10, 9, 150, 0, 9, 23, 8155 }, // U+04FF
    { 12, 16, 189, 0, 12, 48, 0 }, // U+1EA0
    { 9, 13, 147, 0, 9, 30, 48 }, // U+1EA1
    { 12, 16, 189, 0, 16, 48, 78 }, // U+1EA2
    { 9, 15, 147, 0, 14, 34, 126 }, // U+1EA3
    { 12, 17, 189, 0, 17, 51, 160 }, // U+1EA4
    { 9, 16, 147, 0, 15, 36, 211 }, // U+1EA5
    { 12, 17, 189, 0, 17, 51, 247 }, // U+1EA6
    { 9, 16, 147, 0, 15, 36, 298 }, // U+1EA7
    { 12, 18, 189, 0, 18, 54, 334 }, // U+1EA8
    { 9, 16, 147, 0, 15, 36, 388 }, // U+1EA9
    { 12, 18, 189, 0, 18, 54, 424 }, // U+1EAA
    { 9, 16, 147, 0, 15, 36, 478 }, // U+1EAB
    { 12, 20, 189, 0, 16, 60, 514 }, // U+1EAC
    { 9, 18, 147, 0, 14, 41, 574 }, // U+1EAD
    { 12, 17, 189, 0, 17, 51, 615 }, // U+1EAE
    { 9, 16, 147, 0, 15, 36, 666 }, // U+1EAF
    { 12, 18, 189, 0, 18, 54, 702 }, // U+1EB0
    { 9, 16, 147, 0, 15, 36, 756 }, // U+1EB1
    { 12, 18, 189, 0, 18, 54, 792 }, // U+1EB2
    { 9, 17, 147, 0, 16, 39, 846 }, // U+1EB3
    { 12, 17, 189, 0, 17, 51, 885 }, // U+1EB4
    { 9, 16, 147, 0, 15, 36, 936 }, // U+1EB5
    { 12, 20, 189, 0, 16, 60, 972 }, // U+1EB6
    { 9, 17, 147, 0, 13, 39, 1032 }, // U+1EB7
    { 10, 16, 165, 0, 12, 40, 1071 }, // U+1EB8
    { 9, 13, 146, 0, 9, 30, 1111 }, // U+1EB9
    { 10, 16, 165, 0, 16, 40, 1141 }, // U+1EBA
    { 9, 15, 146, 0, 14, 34, 1181 }, // U+1EBB
    { 10, 15, 165, 0, 15, 38, 1215 }, // U+1EBC
    { 9, 14, 146, 0, 13, 32, 1253 }, // U+1EBD
    { 11, 17, 165, 0, 17, 47, 1285 }, // U+1EBE
    { 10, 16, 146, 0, 15, 40, 1332 }, // U+1EBF
    { 10, 17, 165, 0, 17, 43, 1372 }, // U+1EC0
    { 9, 16, 146, 0, 15, 36, 1415 }, // U+1EC1
    { 10, 18, 165, 0, 18, 45, 1451 }, // U+1EC2
    { 10, 16, 146, 0, 15, 40, 1496 }, // U+1EC3
    { 10, 18, 165, 0, 18, 45, 1536 }, // U+1EC4
    { 9, 16, 146, 0, 15, 36, 1581 }, // U+1EC5
    { 10, 20, 165, 0, 16, 50, 1617 }, // U+1EC6
    { 9, 18, 146, 0, 14, 41, 1667 }, // U+1EC7
    { 6, 16, 95, 0, 16, 24, 1708 }, // U+1EC8
    { 5, 14, 81, 0, 14, 18, 1732 }, // U+1EC9
    { 6, 16, 95, 0, 12, 24, 1750 }, // U+1ECA
    { 5, 17, 81, 0, 13, 22, 1774 }, // U+1ECB
    { 12, 16, 198, 0, 12, 48, 1796 }, // U+1ECC
    { 9, 13, 154, 0, 9, 30, 1844 }, // U+1ECD
    { 12, 17, 198, 0, 16, 51, 1874 }, // U+1ECE
    { 9, 15, 154, 0, 14, 34, 1925 }, // U+1ECF
    { 12, 18, 198, 0, 17, 54, 1959 }, // U+1ED0
    { 10, 16, 154, 0, 15, 40, 2013 }, // U+1ED1
    { 12, 18, 198, 0, 17, 54, 2053 }, // U+1ED2
    { 9, 16, 154, 0, 15, 36, 2107 }, // U+1ED3
    { 12, 19, 198, 0, 18, 57, 2143 }, // U+1ED4
    { 10, 16, 154, 0, 15, 40, 2200 }, // U+1ED5
    { 12, 19, 198, 0, 18, 57, 2240 }, // U+1ED6
    { 9, 16, 154, 0, 15, 36, 2297 }, // U+1ED7
    { 12, 20, 198, 0, 16, 60, 2333 }, // U+1ED8
    { 9, 18, 154, 0, 14, 41, 2393 }, // U+1ED9
    { 12, 17, 201, 0, 16, 51, 2434 }, // U+1EDA
    { 10, 15, 154, 0, 14, 38, 2485 }, // U+1EDB
    { 12, 17, 201, 0, 16, 51, 2523 }, // U+1EDC
    { 10, 15, 154, 0, 14, 38, 2574 }, // U+1EDD
    { 12, 17, 201, 0, 16, 51, 2612 }, // U+1EDE
    { 10, 15, 154, 0, 14, 38, 2663 }, // U+1EDF
    { 12, 16, 201, 0, 15, 48, 2701 }, // U+1EE0
    { 10, 14, 154, 0, 13, 35, 2749 }, // U+1EE1
    { 12, 19, 201, 0, 15, 57, 2784 }, // U+1EE2
    { 10, 16, 154, 0, 12, 40, 2841 }, // U+1EE3
    { 13, 16, 199, 0, 12, 52, 2881 }, // U+1EE4
    { 11, 13, 166, 0, 9, 36, 2933 }, // U+1EE5
    { 13, 17, 199, 0, 16, 56, 2969 }, // U+1EE6
    { 11, 15, 166, 0, 14, 42, 3025 }, // U+1EE7
    { 13, 17, 200, 0, 16, 56, 3067 }, // U+1EE8
    { 11, 15, 171, 0, 14, 42, 3123 }, // U+1EE9
    { 13, 17, 200, 0, 16, 56, 3165 }, // U+1EEA
    { 11, 15, 171, 0, 14, 42, 3221 }, // U+1EEB
    { 13, 17, 200, 0, 16, 56, 3263 }, // U+1EEC
    { 11, 15, 171, 0, 14, 42, 3319 }, // U+1EED
    { 13, 16, 200, 0, 15, 52, 3361 }, // U+1EEE
    { 11, 14, 171, 0, 13, 39, 3413 }, // U+1EEF
    { 13, 19, 200, 0, 15, 62, 3452 }, // U+1EF0
    { 11, 16, 171, 0, 12, 44, 3514 }, // U+1EF1
    { 11, 16, 172, 0, 16, 44, 3558 }, // U+1EF2
    { 11, 18, 144, -1, 14, 50, 3602 }, // U+1EF3
    { 11, 16, 172, 0, 12, 44, 3652 }, // U+1EF4
    { 11, 13, 146, -1, 9, 36, 3696 }, // U+1EF5
    { 11, 16, 172, 0, 16, 44, 3732 }, // U+1EF6
    { 11, 18, 144, -1, 14, 50, 3776 }, // U+1EF7
    { 11, 15, 172, 0, 15, 42, 3826 }, // U+1EF8
    { 11, 17, 144, -1, 13, 47, 3868 }, // U+1EF9
    { 0, 0, 147, 0, 0, 0, 0 }, // U+2007
    { 0, 0, 58, 0, 0, 0, 0 }, // U+2008
    { 0, 0, 26, 0, 0, 0, 0 }, // U+2009
    { 0, 0, 27, 0, 0, 0, 0 }, // U+200A
    { 0, 0, 0, 0, 0, 0, 0 }, // U+200B
    { 0, 0, 0, 0, 0, 0, 0 }, // U+200C
    { 0, 0, 0, 0, 0, 0, 0 }, // U+200D
    { 0, 0, 0, 0, 0, 0, 0 }, // U+200E
    { 0, 0, 0, 0, 0, 0, 0 }, // U+200F
    { 6, 2, 115, 1, 6, 3, 0 }, // U+2010
    { 9, 2, 177, 1, 7, 5, 3 }, // U+2012
    { 9, 2, 164, 1, 6, 5, 8 }, // U+2013
    { 13, 2, 230, 1, 6, 7, 13 }, // U+2014
    { 13, 2, 230, 1, 6, 7, 20 }, // U+2015
    { 10, 4, 132, -1, -1, 10, 27 }, // U+2017
    { 3, 6, 56, 0, 14, 5, 37 }, // U+2018
    { 3, 5, 56, 0, 13, 4, 42 }, // U+2019
    { 3, 5, 56, 0, 2, 4, 46 }, // U+201A
    { 3, 6, 56, 0, 14, 5, 50 }, // U+201B
    { 6, 6, 100, 0, 14, 9, 55 }, // U+201C
    { 6, 5, 100, 0, 13, 8, 64 }, // U+201D
    { 6, 5, 100, 0, 2, 8, 72 }, // U+201E
    { 8, 14, 129, 0, 12, 28, 80 }, // U+2020
    { 8, 14, 129, 0, 12, 28, 108 }, // U+2021
    { 5, 5, 105, 1, 8, 7, 136 }, // U+2022
    { 8, 3, 165, 1, 2, 6, 143 }, // U+2025
    { 11, 3, 187, 0, 2, 9, 149 }, // U+2026
    { 0, 0, 0, 0, 0, 0, 158 }, // U+202A
    { 0, 0, 0, 0, 0, 0, 158 }, // U+202B
    { 0, 0, 0, 0, 0, 0, 158 }, // U+202C
    { 0, 0, 0, 0, 0, 0, 158 }, // U+202D
    { 0, 0, 0, 0, 0, 0, 158 }, // U+202E
    { 20, 13, 334, 0, 12, 65, 158 }, // U+2030
    { 3, 5, 78, 1, 13, 4, 223 }, // U+2032
    { 6, 5, 118, 1, 13, 8, 227 }, // U+2033
    { 5, 9, 83, 0, 9, 12, 235 }, // U+2039
    { 5, 9, 83, 0, 9, 12, 247 }, // U+203A
    { 7, 13, 146, 1, 12, 23, 259 }, // U+203C
    { 7, 2, 110, 0, 12, 4, 282 }, // U+203E
    { 9, 13, 45, -3, 12, 30, 286 }, // U+2044
    { 0, 0, 0, 0, 0, 0, 316 }, // U+2060
    { 0, 0, 0, 0, 0, 0, 316 }, // U+2061
    { 0, 0, 0, 0, 0, 0, 316 }, // U+2062
    { 0, 0, 0, 0, 0, 0, 316 }, // U+2063
    { 0, 0, 0, 0, 0, 0, 316 }, // U+2064
    { 0, 0, 0, 0, 0, 0, 316 }, // U+2066
    { 0, 0, 0, 0, 0, 0, 316 }, // U+2067
    { 0, 0, 0, 0, 0, 0, 316 }, // U+2068
    { 0, 0, 0, 0, 0, 0, 316 }, // U+2069
    { 0, 0, 0, 0, 0, 0, 316 }, // U+206A
    { 0, 0, 0, 0, 0, 0, 316 }, // U+206B
    { 0, 0, 0, 0, 0, 0, 316 }, // U+206C
    { 0, 0, 0, 0, 0, 0, 316 }, // U+206D
    { 0, 0, 0, 0, 0, 0, 316 }, // U+206E
    { 0, 0, 0, 0, 0, 0, 316 }, // U+206F
    { 7, 9, 112, 0, 14, 16, 0 }, // U+2070
    { 7, 8, 97, -1, 14, 14, 16 }, // U+2074
    { 6, 9, 97, 0, 14, 14, 30 }, // U+2075
    { 6, 9, 101, 0, 14, 14, 44 }, // U+2076
    { 6, 8, 84, 0, 14, 12, 58 }, // U+2077
    { 6, 9, 104, 0, 14, 14, 70 }, // U+2078
    { 6, 9, 101, 0, 14, 14, 84 }, // U+2079
    { 8, 7, 152, 1, 12, 14, 98 }, // U+207F
    { 7, 9, 112, 0, 7, 16, 112 }, // U+2080
    { 5, 8, 75, 0, 7, 10, 128 }, // U+2081
    { 6, 8, 96, 0, 7, 12, 138 }, // U+2082
    { 6, 9, 98, 0, 7, 14, 150 }, // U+2083
    { 7, 8, 97, -1, 7, 14, 164 }, // U+2084
    { 6, 9, 97, 0, 7, 14, 178 }, // U+2085
    { 6, 9, 101, 0, 7, 14, 192 }, // U+2086
    { 6, 8, 84, 0, 7, 12, 206 }, // U+2087
    { 6, 9, 104, 0, 7, 14, 218 }, // U+2088
    { 6, 9, 101, 0, 7, 14, 232 }, // U+2089
    { 10, 17, 183, 1, 14, 43, 0 }, // U+20A1
    { 9, 12, 171, 1, 12, 27, 43 }, // U+20A3
    { 9, 12, 183, 1, 12, 27, 70 }, // U+20A4
    { 14, 12, 241, 1, 12, 42, 97 }, // U+20A6
    { 11, 12, 184, 0, 12, 33, 139 }, // U+20A7
    { 18, 13, 280, 0, 12, 59, 172 }, // U+20A9
    { 10, 16, 186, 1, 13, 40, 231 }, // U+20AB
    { 10, 13, 191, 1, 12, 33, 271 }, // U+20AC
    { 12, 12, 211, 1, 12, 36, 304 }, // U+20AD
    { 10, 12, 177, 1, 12, 30, 340 }, // U+20AE
    { 11, 12, 186, 0, 12, 33, 370 }, // U+20B1
    { 11, 17, 202, 1, 14, 47, 403 }, // U+20B2
    { 10, 13, 191, 1, 12, 33, 450 }, // U+20B4
    { 10, 17, 183, 1, 14, 43, 483 }, // U+20B5
    { 10, 12, 160, 0, 12, 30, 526 }, // U+20B8
    { 9, 12, 171, 1, 12, 27, 556 }, // U+20B9
    { 10, 12, 181, 1, 12, 30, 583 }, // U+20BA
    { 16, 14, 255, 0, 14, 56, 613 }, // U+20BC
    { 10, 12, 174, 1, 12, 30, 669 }, // U+20BD
    { 8, 14, 132, 0, 13, 28, 0 }, // U+2113
    { 13, 12, 211, 0, 12, 39, 0 }, // U+2190
    { 12, 12, 187, 0, 12, 36, 39 }, // U+2191
    { 13, 12, 211, 0, 12, 39, 75 }, // U+2192
    { 12, 12, 187, 0, 12, 36, 114 }, // U+2193
    { 18, 12, 286, 0, 12, 54, 150 }, // U+2194
    { 12, 17, 187, 0, 14, 51, 204 }, // U+2195
    { 12, 19, 187, 0, 15, 57, 255 }, // U+21A8
    { 9, 14, 160, 0, 13, 32, 0 }, // U+2202
    { 13, 14, 237, 1, 13, 46, 32 }, // U+2205
    { 11, 12, 182, 0, 12, 33, 78 }, // U+2206
    { 12, 16, 213, 1, 12, 48, 111 }, // U+220F
    { 10, 16, 156, 0, 12, 40, 159 }, // U+2211
    { 9, 2, 145, 0, 7, 5, 199 }, // U+2212
    { 9, 13, 45, -3, 12, 30, 204 }, // U+2215
    { 3, 3, 71, 0, 7, 3, 234 }, // U+2219
    { 14, 16, 163, -1, 15, 56, 237 }, // U+221A
    { 15, 7, 267, 1, 9, 27, 293 }, // U+221E
    { 10, 9, 170, 1, 9, 23, 320 }, // U+221F
    { 9, 12, 190, 1, 12, 27, 343 }, // U+2229
    { 9, 20, 92, -2, 15, 45, 370 }, // U+222B
    { 10, 8, 161, 0, 10, 20, 415 }, // U+2248
    { 9, 10, 145, 0, 11, 23, 435 }, // U+2260
    { 9, 8, 145, 0, 10, 18, 458 }, // U+2261
    { 8, 11, 163, 1, 11, 22, 476 }, // U+2264
    { 8, 11, 162, 1, 11, 22, 498 }, // U+2265
    { 5, 11, 83, 0, 11, 14, 0 }, // U+2669
    { 7, 11, 120, 0, 11, 20, 14 }, // U+266A
    { 10, 13, 171, 0, 12, 33, 34 }, // U+266B
    { 10, 13, 171, 0, 12, 33, 67 }, // U+266C
    { 5, 11, 93, 0, 10, 14, 100 }, // U+266D
    { 6, 11, 95, 0, 7, 17, 114 }, // U+266E
    { 9, 14, 148, 0, 10, 32, 131 }, // U+266F
    { 17, 17, 267, 0, 15, 73, 163 }, // U+4F1A
    { 16, 17, 267, 0, 15, 68, 236 }, // U+53BB
    { 15, 16, 267, 1, 14, 60, 304 }, // U+5458
    { 17, 18, 267, 0, 15, 77, 364 }, // U+59DA
    { 15, 17, 267, 1, 15, 64, 441 }, // U+5B98
    { 16, 17, 267, 0, 15, 68, 505 }, // U+5BA4
    { 16, 17, 267, 0, 15, 68, 573 }, // U+5E26
    { 17, 17, 267, 0, 15, 73, 641 }, // U+6211
    { 17, 18, 267, 0, 15, 77, 714 }, // U+62C9
    { 17, 17, 267, 0, 15, 73, 791 }, // U+653E
    { 17, 17, 267, 0, 15, 73, 864 }, // U+6746
    { 17, 18, 267, 0, 15, 77, 937 }, // U+6747
    { 17, 17, 267, 0, 15, 73, 1014 }, // U+6748
    { 16, 17, 267, 0, 15, 68, 1087 }, // U+6749
    { 16, 17, 267, 0, 15, 68, 1155 }, // U+674A
    { 17, 17, 267, 0, 15, 73, 1223 }, // U+674B
    { 17, 17, 267, 0, 15, 73, 1296 }, // U+674C
    { 16, 17, 267, 0, 15, 68, 1369 }, // U+674D
    { 17, 17, 267, 0, 15, 73, 1437 }, // U+674E
    { 17, 17, 267, 0, 15, 73, 1510 }, // U+674F
    { 16, 17, 267, 0, 15, 68, 1583 }, // U+6750
    { 17, 17, 267, 0, 15, 73, 1651 }, // U+6751
    { 16, 18, 267, 0, 15, 72, 1724 }, // U+6752
    { 16, 18, 267, 0, 15, 72, 1796 }, // U+6753
    { 16, 17, 267, 0, 15, 68, 1868 }, // U+6754
    { 17, 17, 267, 0, 15, 73, 1936 }, // U+6755
    { 17, 17, 267, 0, 15, 73, 2009 }, // U+6756
    { 17, 17, 267, 0, 15, 73, 2082 }, // U+6757
    { 17, 16, 267, 0, 14, 68, 2155 }, // U+6758
    { 17, 17, 267, 0, 15, 73, 2223 }, // U+6759
    { 16, 17, 267, 0, 15, 68, 2296 }, // U+675A
    { 16, 17, 267, 0, 15, 68, 2364 }, // U+675B
    { 16, 17, 267, 0, 15, 68, 2432 }, // U+675C
    { 17, 17, 267, 0, 15, 73, 2500 }, // U+675D
    { 17, 17, 267, 0, 15, 73, 2573 }, // U+675E
    { 17, 17, 267, 0, 15, 73, 2646 }, // U+675F
    { 16, 17, 267, 0, 15, 68, 2719 }, // U+6760
    { 17, 17, 267, 0, 15, 73, 2787 }, // U+6761
    { 17, 17, 267, 0, 15, 73, 2860 }, // U+6762
    { 16, 17, 267, 0, 15, 68, 2933 }, // U+6763
    { 16, 18, 267, 0, 15, 72, 3001 }, // U+6764
    { 17, 17, 267, 0, 15, 73, 3073 }, // U+6765
    { 17, 17, 267, 0, 15, 73, 3146 }, // U+6766
    { 17, 17, 267, 0, 15, 73, 3219 }, // U+6767
    { 16, 17, 267, 0, 15, 68, 3292 }, // U+6768
    { 16, 18, 267, 0, 15, 72, 3360 }, // U+6769
    { 16, 17, 267, 0, 15, 68, 3432 }, // U+676A
    { 17, 17, 267, 0, 15, 73, 3500 }, // U+676B
    { 17, 18, 267, 0, 15, 77, 3573 }, // U+676C
    { 17, 18, 267, 0, 15, 77, 3650 }, // U+676D
    { 16, 17, 267, 0, 15, 68, 3727 }, // U+676E
    { 17, 17, 267, 0, 15, 73, 3795 }, // U+676F
    { 16, 17, 267, 0, 15, 68, 3868 }, // U+6770
    { 17, 17, 267, 0, 15, 73, 3936 }, // U+6771
    { 17, 16, 267, 0, 14, 68, 4009 }, // U+6772
    { 17, 17, 267, 0, 15, 73, 4077 }, // U+6773
    { 17, 17, 267, 0, 15, 73, 4150 }, // U+6774
    { 17, 17, 267, 0, 15, 73, 4223 }, // U+6775
    { 17, 17, 267, 0, 15, 73, 4296 }, // U+6776
    { 17, 17, 267, 0, 15, 73, 4369 }, // U+6777
    { 16, 17, 267, 0, 15, 68, 4442 }, // U+6778
    { 17, 18, 267, 0, 15, 77, 4510 }, // U+6779
    { 17, 17, 267, 0, 15, 73, 4587 }, // U+677A
    { 17, 17, 267, 0, 15, 73, 4660 }, // U+677B
    { 17, 18, 267, 0, 15, 77, 4733 }, // U+677C
    { 16, 17, 267, 0, 15, 68, 4810 }, // U+677D
    { 16, 17, 267, 0, 15, 68, 4878 }, // U+677E
    { 17, 17, 267, 0, 15, 73, 4946 }, // U+677F
    { 13, 16, 267, 2, 14, 52, 5019 }, // U+7532
    { 15, 18, 267, 1, 15, 68, 5071 }, // U+7684
    { 17, 17, 267, 0, 15, 73, 5139 }, // U+8BAE
    { 16, 18, 267, 0, 15, 72, 5212 }, // U+8BF7
    { 17, 17, 267, 0, 15, 73, 5284 }, // U+91CA
    { 11, 13, 172, 0, 13, 36, 0 }, // U+FB01
    { 11, 13, 175, 0, 13, 36, 36 }, // U+FB02
};

static const EpdUnicodeInterval bitter_8_regularIntervals[] = {
    { 0x0, 0x17F, 0x0 },
    { 0x1A0, 0x1A1, 0x180 },
    { 0x1AF, 0x1B0, 0x182 },
    { 0x1C4, 0x1DC, 0x184 },
    { 0x1E6, 0x1E7, 0x19D },
    { 0x1EA, 0x1EB, 0x19F },
    { 0x1F1, 0x1F3, 0x1A1 },
    { 0x1FA, 0x21B, 0x1A4 },
    { 0x300, 0x304, 0x1C6 },
    { 0x306, 0x30C, 0x1CB },
    { 0x30F, 0x30F, 0x1D2 },
    { 0x311, 0x312, 0x1D3 },
    { 0x31B, 0x31B, 0x1D5 },
    { 0x323, 0x324, 0x1D6 },
    { 0x326, 0x328, 0x1D8 },
    { 0x32E, 0x32E, 0x1DB },
    { 0x331, 0x331, 0x1DC },
    { 0x335, 0x335, 0x1DD },
    { 0x34F, 0x34F, 0x1DE },
    { 0x3BB, 0x3BB, 0x1DF },
    { 0x400, 0x45F, 0x1E0 },
    { 0x462, 0x463, 0x240 },
    { 0x46A, 0x46B, 0x242 },
    { 0x472, 0x477, 0x244 },
    { 0x48A, 0x4FF, 0x24A },
    { 0x1EA0, 0x1EF9, 0x2C0 },
    { 0x2007, 0x2010, 0x31A },
    { 0x2012, 0x2015, 0x324 },
    { 0x2017, 0x201E, 0x328 },
    { 0x2020, 0x2022, 0x330 },
    { 0x2025, 0x2026, 0x333 },
    { 0x202A, 0x202E, 0x335 },
    { 0x2030, 0x2030, 0x33A },
    { 0x2032, 0x2033, 0x33B },
    { 0x2039, 0x203A, 0x33D },
    { 0x203C, 0x203C, 0x33F },
    { 0x203E, 0x203E, 0x340 },
    { 0x2044, 0x2044, 0x341 },
    { 0x2060, 0x2064, 0x342 },
    { 0x2066, 0x2070, 0x347 },
    { 0x2074, 0x2079, 0x352 },
    { 0x207F, 0x2089, 0x358 },
    { 0x20A1, 0x20A1, 0x363 },
    { 0x20A3, 0x20A4, 0x364 },
    { 0x20A6, 0x20A7, 0x366 },
    { 0x20A9, 0x20A9, 0x368 },
    { 0x20AB, 0x20AE, 0x369 },
    { 0x20B1, 0x20B2, 0x36D },
    { 0x20B4, 0x20B5, 0x36F },
    { 0x20B8, 0x20BA, 0x371 },
    { 0x20BC, 0x20BD, 0x374 },
    { 0x2113, 0x2113, 0x376 },
    { 0x2190, 0x2195, 0x377 },
    { 0x21A8, 0x21A8, 0x37D },
    { 0x2202, 0x2202, 0x37E },
    { 0x2205, 0x2206, 0x37F },
    { 0x220F, 0x220F, 0x381 },
    { 0x2211, 0x2212, 0x382 },
    { 0x2215, 0x2215, 0x384 },
    { 0x2219, 0x221A, 0x385 },
    { 0x221E, 0x221F, 0x387 },
    { 0x2229, 0x2229, 0x389 },
    { 0x222B, 0x222B, 0x38A },
    { 0x2248, 0x2248, 0x38B },
    { 0x2260, 0x2261, 0x38C },
    { 0x2264, 0x2265, 0x38E },
    { 0x2669, 0x266F, 0x390 },
    { 0x4F1A, 0x4F1A, 0x397 },
    { 0x53BB, 0x53BB, 0x398 },
    { 0x5458, 0x5458, 0x399 },
    { 0x59DA, 0x59DA, 0x39A },
    { 0x5B98, 0x5B98, 0x39B },
    { 0x5BA4, 0x5BA4, 0x39C },
    { 0x5E26, 0x5E26, 0x39D },
    { 0x6211, 0x6211, 0x39E },
    { 0x62C9, 0x62C9, 0x39F },
    { 0x653E, 0x653E, 0x3A0 },
    { 0x6746, 0x677F, 0x3A1 },
    { 0x7532, 0x7532, 0x3DB },
    { 0x7684, 0x7684, 0x3DC },
    { 0x8BAE, 0x8BAE, 0x3DD },
    { 0x8BF7, 0x8BF7, 0x3DE },
    { 0x91CA, 0x91CA, 0x3DF },
    { 0xFB01, 0xFB02, 0x3E0 },
};

static const EpdFontGroup bitter_8_regularGroups[] = {
    { 0, 1653, 2935, 128, 0 },
    { 1653, 1493, 3578, 128, 128 },
    { 3146, 1883, 5631, 128, 256 },
    { 5029, 1362, 3600, 70, 384 },
    { 6391, 138, 146, 25, 454 },
    { 6529, 37, 36, 1, 479 },
    { 6566, 3664, 9304, 224, 480 },
    { 10230, 1017, 4487, 90, 704 },
    { 11247, 246, 364, 55, 794 },
    { 11493, 166, 308, 18, 849 },
    { 11659, 535, 808, 19, 867 },
    { 12194, 30, 28, 1, 886 },
    { 12224, 204, 336, 7, 887 },
    { 12428, 346, 615, 18, 894 },
    { 12774, 3523, 5961, 80, 912 },
    { 16297, 55, 78, 2, 992 },
};

static const uint16_t bitter_8_regularKernLeftCodepoints[] = {
    0x0021, 0x0022, 0x0024, 0x0026, 0x0027, 0x0028, 0x002C, 0x002D, 0x002E, 0x002F, 0x0030, 0x0031,
    0x0032, 0x0033, 0x0034, 0x0035, 0x0036, 0x0037, 0x0038, 0x0039, 0x003A, 0x003B, 0x003F, 0x0040,
    0x0041, 0x0042, 0x0043, 0x0044, 0x0045, 0x0046, 0x0047, 0x0048, 0x0049, 0x004A, 0x004B, 0x004C,
    0x004D, 0x004E, 0x004F, 0x0050, 0x0051, 0x0052, 0x0053, 0x0054, 0x0055, 0x0056, 0x0057, 0x0058,
    0x0059, 0x005A, 0x005B, 0x005C, 0x005F, 0x0061, 0x0062, 0x0063, 0x0064, 0x0065, 0x0066, 0x0067,
    0x0068, 0x0069, 0x006A, 0x006B, 0x006C, 0x006D, 0x006E, 0x006F, 0x0070, 0x0071, 0x0072, 0x0073,
    0x0074, 0x0075, 0x0076, 0x0077, 0x0078, 0x0079, 0x007A, 0x007B, 0x00A1, 0x00A2, 0x00A3, 0x00A5,
    0x00A7, 0x00A9, 0x00AB, 0x00AE, 0x00B2, 0x00B5, 0x00B7, 0x00B9, 0x00BB, 0x00C0, 0x00C1, 0x00C2,
    0x00C3, 0x00C4, 0x00C5, 0x00C6, 0x00C7, 0x00C8, 0x00C9, 0x00CA, 0x00CB, 0x00CC, 0x00CD, 0x00CE,
    0x00CF, 0x00D0, 0x00D1, 0x00D2, 0x00D3, 0x00D4, 0x00D5, 0x00D6, 0x00D8, 0x00D9, 0x00DA, 0x00DB,
    0x00DC, 0x00DD, 0x00DE, 0x00DF, 0x00E0, 0x00E1, 0x00E2, 0x00E3, 0x00E4, 0x00E5, 0x00E6, 0x00E7,
    0x00E8, 0x00E9, 0x00EA, 0x00EB, 0x00EC, 0x00ED, 0x00EE, 0x00EF, 0x00F0, 0x00F1, 0x00F2, 0x00F3,
    0x00F4, 0x00F5, 0x00F6, 0x00F8, 0x00F9, 0x00FA, 0x00FB, 0x00FC, 0x00FD, 0x00FE, 0x00FF, 0x0100,
    0x0101, 0x0102, 0x0103, 0x0104, 0x0105, 0x0106, 0x0107, 0x0108, 0x0109, 0x010A, 0x010B, 0x010C,
    0x010D, 0x010E, 0x010F, 0x0110, 0x0111, 0x0112, 0x0113, 0x0114, 0x0115, 0x0116, 0x0117, 0x0118,
    0x0119, 0x011A, 0x011B, 0x011C, 0x011D, 0x011E, 0x011F, 0x0120, 0x0121, 0x0122, 0x0123, 0x0124,
    0x0125, 0x0126, 0x0127, 0x0128, 0x0129, 0x012A, 0x012B, 0x012C, 0x012D, 0x012E, 0x012F, 0x0130,
    0x0131, 0x0132, 0x0133, 0x0134, 0x0135, 0x0136, 0x0137, 0x0138, 0x0139, 0x013A, 0x013B, 0x013C,
    0x013D, 0x013E, 0x013F, 0x0140, 0x0141, 0x0142, 0x0143, 0x0144, 0x0145, 0x0146, 0x0147, 0x0148,
    0x0149, 0x014A, 0x014B, 0x014C, 0x014D, 0x014E, 0x014F, 0x0150, 0x0151, 0x0152, 0x0153, 0x0154,
    0x0155, 0x0156, 0x0157, 0x0158, 0x0159, 0x015A, 0x015B, 0x015C, 0x015D, 0x015E, 0x015F, 0x0160,
    0x0161, 0x0162, 0x0163, 0x0164, 0x0165, 0x0166, 0x0167, 0x0168, 0x0169, 0x016A, 0x016B, 0x016C,
    0x016D, 0x016E, 0x016F, 0x0170, 0x0171, 0x0172, 0x0173, 0x0174, 0x0175, 0x0176, 0x0177, 0x0178,
    0x0179, 0x017A, 0x017B, 0x017C, 0x017D, 0x017E, 0x017F, 0x01A0, 0x01A1, 0x01AF, 0x01B0, 0x01C4,
    0x01C5, 0x01C6, 0x01C7, 0x01C8, 0x01C9, 0x01CA, 0x01CB, 0x01CC, 0x01CD, 0x01CE, 0x01D0, 0x01D1,
    0x01D2, 0x01D3, 0x01D4, 0x01D5, 0x01D6, 0x01D7, 0x01D8, 0x01D9, 0x01DA, 0x01DB, 0x01DC, 0x01E6,
    0x01E7, 0x01EA, 0x01EB, 0x01F1, 0x01F2, 0x01F3, 0x01FA, 0x01FB, 0x01FC, 0x01FD, 0x01FE, 0x01FF,
    0x0200, 0x0201, 0x0202, 0x0203, 0x0204, 0x0205, 0x0206, 0x0207, 0x0208, 0x0209, 0x020A, 0x020B,
    0x020C, 0x020D, 0x020E, 0x020F, 0x0210, 0x0211, 0x0212, 0x0213, 0x0214, 0x0215, 0x0216, 0x0217,
    0x0218, 0x0219, 0x021A, 0x021B, 0x0400, 0x0401, 0x0402, 0x0403, 0x0404, 0x0405, 0x0406, 0x0407,
    0x0408, 0x0409, 0x040A, 0x040B, 0x040C, 0x040D, 0x040E, 0x040F, 0x0410, 0x0411, 0x0412, 0x0413,
    0x0414, 0x0415, 0x0416, 0x0417, 0x0418, 0x0419, 0x041A, 0x041B, 0x041C, 0x041D, 0x041E, 0x041F,
    0x0420, 0x0421, 0x0422, 0x0423, 0x0424, 0x0425, 0x0426, 0x0427, 0x0428, 0x0429, 0x042A, 0x042B,
    0x042C, 0x042D, 0x042E, 0x042F, 0x0430, 0x0431, 0x0432, 0x0433, 0x0434, 0x0435, 0x0436, 0x0437,
    0x0438, 0x0439, 0x043A, 0x043B, 0x043C, 0x043D, 0x043E, 0x043F, 0x0440, 0x0441, 0x0442, 0x0443,
    0x0444, 0x0445, 0x0446, 0x0447, 0x0448, 0x0449, 0x044A, 0x044B, 0x044C, 0x044D, 0x044E, 0x044F,
    0x0450, 0x0451, 0x0452, 0x0453, 0x0454, 0x0455, 0x0456, 0x0457, 0x0458, 0x0459, 0x045A, 0x045B,
    0x045C, 0x045D, 0x045E, 0x045F, 0x0462, 0x0463, 0x046A, 0x046B, 0x0472, 0x0473, 0x0474, 0x0475,
    0x0476, 0x0477, 0x048A, 0x048B, 0x048C, 0x048D, 0x048E, 0x048F, 0x0490, 0x0491, 0x0492, 0x0493,
    0x0494, 0x0495, 0x0496, 0x0497, 0x0498, 0x0499, 0x049A, 0x049B, 0x049C, 0x049D, 0x049E, 0x049F,
    0x04A0, 0x04A1, 0x04A2, 0x04A3, 0x04A4, 0x04A5, 0x04A6, 0x04A7, 0x04A8, 0x04A9, 0x04AA, 0x04AB,
    0x04AC, 0x04AD, 0x04AE, 0x04AF, 0x04B0, 0x04B1, 0x04B2, 0x04B3, 0x04B4, 0x04B5, 0x04B6, 0x04B7,
    0x04B8, 0x04B9, 0x04BA, 0x04BB, 0x04BC, 0x04BD, 0x04BE, 0x04BF, 0x04C0, 0x04C1, 0x04C2, 0x04C3,
    0x04C4, 0x04C5, 0x04C6, 0x04C7, 0x04C8, 0x04C9, 0x04CA, 0x04CB, 0x04CC, 0x04CD, 0x04CE, 0x04CF,
    0x04D0, 0x04D1, 0x04D2, 0x04D3, 0x04D4, 0x04D5, 0x04D6, 0x04D7, 0x04D8, 0x04D9, 0x04DA, 0x04DB,
    0x04DC, 0x04DD, 0x04DE, 0x04DF, 0x04E0, 0x04E1, 0x04E2, 0x04E3, 0x04E4, 0x04E5, 0x04E6, 0x04E7,
    0x04E8, 0x04E9, 0x04EA, 0x04EB, 0x04EC, 0x04ED, 0x04EE, 0x04EF, 0x04F0, 0x04F1, 0x04F2, 0x04F3,
    0x04F4, 0x04F5, 0x04F6, 0x04F7, 0x04F8, 0x04F9, 0x04FA, 0x04FB, 0x04FC, 0x04FD, 0x04FE, 0x04FF,
    0x1EA0, 0x1EA1, 0x1EA2, 0x1EA3, 0x1EA4, 0x1EA5, 0x1EA6, 0x1EA7, 0x1EA8, 0x1EA9, 0x1EAA, 0x1EAB,
    0x1EAC, 0x1EAD, 0x1EAE, 0x1EAF, 0x1EB0, 0x1EB1, 0x1EB2, 0x1EB3, 0x1EB4, 0x1EB5, 0x1EB6, 0x1EB7,
    0x1EB8, 0x1EB9, 0x1EBA, 0x1EBB, 0x1EBC, 0x1EBD, 0x1EBE, 0x1EBF, 0x1EC0, 0x1EC1, 0x1EC2, 0x1EC3,
    0x1EC4, 0x1EC5, 0x1EC6, 0x1EC7, 0x1EC8, 0x1EC9, 0x1ECA, 0x1ECB, 0x1ECC, 0x1ECD, 0x1ECE, 0x1ECF,
    0x1ED0, 0x1ED1, 0x1ED2, 0x1ED3, 0x1ED4, 0x1ED5, 0x1ED6, 0x1ED7, 0x1ED8, 0x1ED9, 0x1EDA, 0x1EDB,
    0x1EDC, 0x1EDD, 0x1EDE, 0x1EDF, 0x1EE0, 0x1EE1, 0x1EE2, 0x1EE3, 0x1EE4, 0x1EE5, 0x1EE6, 0x1EE7,
    0x1EE8, 0x1EE9, 0x1EEA, 0x1EEB, 0x1EEC, 0x1EED, 0x1EEE, 0x1EEF, 0x1EF0, 0x1EF1, 0x1EF2, 0x1EF3,
    0x1EF4, 0x1EF5, 0x1EF6, 0x1EF7, 0x1EF8, 0x1EF9, 0x2010, 0x2013, 0x2014, 0x2015, 0x2017, 0x2018,
    0x2019, 0x201A, 0x201B, 0x201C, 0x201D, 0x201E, 0x2025, 0x2026, 0x2039, 0x203A, 0x203C, 0x2070,
    0x2074, 0x2077, 0x2078, 0x2079, 0x20A1, 0x20A3, 0x20A6, 0x20A7, 0x20A9, 0x20AB, 0x20AC, 0x20AD,
    0x20AE, 0x20B1, 0x20B2, 0x20B4, 0x20B5, 0x20B8, 0x20B9, 0x20BD, 0x2206, 0xFB01, 0xFB02,
};

static const uint8_t bitter_8_regularKernLeftClassIds[] = {
      1,   2,   3,   4,   2,   5,   6,   7,   6,   8,   9,  10,  11,  12,  13,  14,
     15,  16,  12,  17,  18,  18,  19,  20,  21,  12,  22,  20,  23,  24,  25,  26,
     26,  27,  28,  29,  26,  26,  20,  30,  31,  32,   3,  33,  27,  34,  35,  28,
     36,  37,  38,  39,  40,  41,  42,  43,  44,  45,  46,  47,  41,  44,  48,  49,
     44,  41,  41,  42,  42,  50,  51,  52,  53,  54,  55,  55,  49,  56,  57,  58,
      1,  43,  59,  36,   3,  20,  60,  42,  61,  54,   7,  62,  63,  21,  21,  21,
     21,  21,  21,  23,  22,  23,  23,  23,  23,  26,  26,  26,  64,  20,  26,  20,
     20,  20,  20,  20,  20,  27,  27,  27,  27,  36,  30,  65,  41,  41,  41,  41,
     41,  41,  45,  66,  45,  45,  45,  67,  68,  69,  70,  71,  42,  41,  42,  42,
     42,  42,  42,  42,  54,  54,  54,  54,  55,  42,  55,  21,  41,  21,  41,  72,
     41,  22,  43,  22,  43,  22,  43,  22,  43,  20,  73,  20,  44,  23,  45,  23,
     45,  23,  45,  74,  45,  23,  75,  25,  47,  25,  47,  25,  47,  25,  47,  26,
     41,  76,  41,  26,  77,  26,  78,  26,  79,  26,  80,  26,  54,  27,  48,  27,
     81,  28,  49,  49,  29,  44,  29,  44,  82,  73,  29,  83,  29,  84,  26,  41,
     26,  41,  26,  41,  41,  27,  48,  20,  42,  20,  42,  20,  42,  23,  45,  32,
     51,  32,  51,  32,  51,   3,  52,   3,  52,   3,  52,   3,  52,  33,  85,  33,
     86,  33,  53,  27,  54,  27,  54,  27,  54,  27,  54,  27,  54,  27,  54,  34,
     55,  36,  55,  36,  37,  57,  37,  57,  37,  57,  46,  87,  88,  89,  90,  37,
     57,  57,  27,  48,  48,  27,  48,  48,  21,  41,  91,  20,  42,  27,  54,  27,
     54,  27,  54,  27,  54,  27,  54,  25,  47,  20,  42,  37,  57,  57,  21,  41,
     23,  45,  20,  42,  21,  41,  21,  41,  23,  45,  23,  45,  26,  92,  26,  93,
     20,  42,  20,  42,  32,  51,  32,  51,  27,  54,  27,  54,   3,  52,  33,  53,
     23,  23,  12,  94,  22,   3,  26,  95,  96,  97,  97,  98,  99,  26, 100,  26,
     21, 101,  12, 102, 103,  23,  99,  12,  26,  26,  99,  26,  26,  26,  20,  26,
     30,  22,  33, 104, 105,  28, 103,  26,  26, 103,  97,  26,  97,  20,  20,  26,
     41,  42, 106,  51, 107,  45, 108, 106, 109, 109,  49, 109, 109, 109,  42, 109,
     42,  43,  51,  55,  42,  49, 107, 109, 109, 107, 110, 109, 110,  42,  42, 109,
     45,  45,  48,  51,  43,  52,  44, 111,  48, 110, 110,  41,  49, 109,  55, 109,
     97, 110, 112,  49,  20,  42,  35,  55,  35,  55, 103, 107,  97, 113,  30,  42,
    114, 115,  33,  51, 116,  41, 117, 107,  12, 106, 118, 107,  28,  49,  28,  49,
     28,  49, 103, 107,  33,  51,  98,  48, 119,  42,  22,  43,  33,  51,  36,  55,
     36,  55, 120, 107, 103, 107, 103, 107,  26, 121,  98,  41,  20,  45, 122,  45,
     26,  28,  49, 123, 124, 103, 109,  27, 109, 103, 107,  26, 121, 103, 107,  44,
     21,  41,  21,  41,  23,  45,  23,  45,  20,  42,  20,  42,  28,  49,  12, 106,
     12, 106,  26, 109,  26, 109,  20,  42,  20,  42,  20,  42,  20,  42,  35,  55,
     35,  55,  35,  55,  26, 121,  33,  51,  26, 109,  33,  51, 125, 126,  28,  49,
     21,  41,  21,  41, 127,  41,  21,  41,  21,  41,  21,  41,  21,  41,  21,  41,
     21,  41,  21,  41,  21,  41,  21,  41,  23,  45,  23,  45,  23,  45,  23,  45,
     23,  45,  23,  45,  23,  45,  23,  45,  26, 128,  26, 129,  20,  42,  20,  42,
     20,  42,  20,  42,  20,  42,  20,  42,  20,  42, 130,  88, 130,  88, 130,  88,
    130,  88, 130,  88,  27,  54,  27,  54, 131,  90, 131,  90, 132,  90, 133,  90,
    134,  90,  36,  55,  36, 135,  36,  55,  36,  55,   7,   7,   7,   7,  40,   2,
      2,   6,   2,   2,   2,   6,   6,   6,  60,  63,   1, 136, 137, 138, 137, 136,
     22,  24,  26,  30,  35, 139,  22,  28,  33,  30,  25,   3,  22,  33,  32,  30,
     21,  44,  44,
};

static const uint16_t bitter_8_regularKernRightCodepoints[] = {
    0x0021, 0x0022, 0x0024, 0x0026, 0x0027, 0x0029, 0x002A, 0x002C, 0x002D, 0x002E, 0x002F, 0x0030,
    0x0031, 0x0032, 0x0033, 0x0034, 0x0035, 0x0036, 0x0037, 0x0038, 0x0039, 0x003A, 0x003B, 0x003F,
    0x0040, 0x0041, 0x0042, 0x0043, 0x0044, 0x0045, 0x0046, 0x0047, 0x0048, 0x0049, 0x004A, 0x004B,
    0x004C, 0x004D, 0x004E, 0x004F, 0x0050, 0x0051, 0x0052, 0x0053, 0x0054, 0x0055, 0x0056, 0x0057,
    0x0058, 0x0059, 0x005A, 0x005C, 0x005D, 0x005F, 0x0061, 0x0062, 0x0063, 0x0064, 0x0065, 0x0066,
    0x0067, 0x0068, 0x0069, 0x006A, 0x006B, 0x006C, 0x006D, 0x006E, 0x006F, 0x0070, 0x0071, 0x0072,
    0x0073, 0x0074, 0x0075, 0x0076, 0x0077, 0x0078, 0x0079, 0x007A, 0x007C, 0x007D, 0x00A1, 0x00A2,
    0x00A5, 0x00A6, 0x00A7, 0x00A9, 0x00AB, 0x00AE, 0x00B0, 0x00B7, 0x00BB, 0x00BF, 0x00C0, 0x00C1,
    0x00C2, 0x00C3, 0x00C4, 0x00C5, 0x00C6, 0x00C7, 0x00C8, 0x00C9, 0x00CA, 0x00CB, 0x00CC, 0x00CD,
    0x00CE, 0x00CF, 0x00D0, 0x00D1, 0x00D2, 0x00D3, 0x00D4, 0x00D5, 0x00D6, 0x00D8, 0x00D9, 0x00DA,
    0x00DB, 0x00DC, 0x00DD, 0x00DE, 0x00DF, 0x00E0, 0x00E1, 0x00E2, 0x00E3, 0x00E4, 0x00E5, 0x00E6,
    0x00E7, 0x00E8, 0x00E9, 0x00EA, 0x00EB, 0x00EC, 0x00ED, 0x00EE, 0x00EF, 0x00F0, 0x00F1, 0x00F2,
    0x00F3, 0x00F4, 0x00F5, 0x00F6, 0x00F8, 0x00F9, 0x00FA, 0x00FB, 0x00FC, 0x00FD, 0x00FE, 0x00FF,
    0x0100, 0x0101, 0x0102, 0x0103, 0x0104, 0x0105, 0x0106, 0x0107, 0x0108, 0x0109, 0x010A, 0x010B,
    0x010C, 0x010D, 0x010E, 0x010F, 0x0110, 0x0111, 0x0112, 0x0113, 0x0114, 0x0115, 0x0116, 0x0117,
    0x0118, 0x0119, 0x011A, 0x011B, 0x011C, 0x011D, 0x011E, 0x011F, 0x0120, 0x0121, 0x0122, 0x0123,
    0x0124, 0x0125, 0x0126, 0x0127, 0x0128, 0x0129, 0x012A, 0x012B, 0x012C, 0x012D, 0x012E, 0x012F,
    0x0130, 0x0131, 0x0132, 0x0133, 0x0134, 0x0135, 0x0136, 0x0137, 0x0138, 0x0139, 0x013A, 0x013B,
    0x013C, 0x013D, 0x013E, 0x013F, 0x0140, 0x0141, 0x0142, 0x0143, 0x0144, 0x0145, 0x0146, 0x0147,
    0x0148, 0x0149, 0x014A, 0x014B, 0x014C, 0x014D, 0x014E, 0x014F, 0x0150, 0x0151, 0x0152, 0x0153,
    0x0154, 0x0155, 0x0156, 0x0157, 0x0158, 0x0159, 0x015A, 0x015B, 0x015C, 0x015D, 0x015E, 0x015F,
    0x0160, 0x0161, 0x0162, 0x0163, 0x0164, 0x0165, 0x0166, 0x0167, 0x0168, 0x0169, 0x016A, 0x016B,
    0x016C, 0x016D, 0x016E, 0x016F, 0x0170, 0x0171, 0x0172, 0x0173, 0x0174, 0x0175, 0x0176, 0x0177,
    0x0178, 0x0179, 0x017A, 0x017B, 0x017C, 0x017D, 0x017E, 0x017F, 0x01A0, 0x01A1, 0x01AF, 0x01B0,
    0x01C4, 0x01C5, 0x01C6, 0x01C7, 0x01C8, 0x01C9, 0x01CA, 0x01CB, 0x01CC, 0x01CD, 0x01CE, 0x01D0,
    0x01D1, 0x01D2, 0x01D3, 0x01D4, 0x01D5, 0x01D6, 0x01D7, 0x01D8, 0x01D9, 0x01DA, 0x01DB, 0x01DC,
    0x01E6, 0x01E7, 0x01EA, 0x01EB, 0x01F1, 0x01F2, 0x01F3, 0x01FA, 0x01FB, 0x01FC, 0x01FD, 0x01FE,
    0x01FF, 0x0200, 0x0201, 0x0202, 0x0203, 0x0204, 0x0205, 0x0206, 0x0207, 0x0208, 0x0209, 0x020A,
    0x020B, 0x020C, 0x020D, 0x020E, 0x020F, 0x0210, 0x0211, 0x0212, 0x0213, 0x0214, 0x0215, 0x0216,
    0x0217, 0x0218, 0x0219, 0x021A, 0x021B, 0x0400, 0x0401, 0x0402, 0x0403, 0x0404, 0x0405, 0x0406,
    0x0407, 0x0408, 0x0409, 0x040A, 0x040B, 0x040C, 0x040D, 0x040E, 0x040F, 0x0410, 0x0411, 0x0412,
    0x0413, 0x0414, 0x0415, 0x0416, 0x0417, 0x0418, 0x0419, 0x041A, 0x041B, 0x041C, 0x041D, 0x041E,
    0x041F, 0x0420, 0x0421, 0x0422, 0x0423, 0x0424, 0x0425, 0x0426, 0x0427, 0x0428, 0x0429, 0x042A,
    0x042B, 0x042C, 0x042D, 0x042E, 0x042F, 0x0430, 0x0431, 0x0432, 0x0433, 0x0434, 0x0435, 0x0436,
    0x0437, 0x0438, 0x0439, 0x043A, 0x043B, 0x043C, 0x043D, 0x043E, 0x043F, 0x0440, 0x0441, 0x0442,
    0x0443, 0x0444, 0x0445, 0x0446, 0x0447, 0x0448, 0x0449, 0x044A, 0x044B, 0x044C, 0x044D, 0x044E,
    0x044F, 0x0450, 0x0451, 0x0452, 0x0453, 0x0454, 0x0455, 0x0456, 0x0457, 0x0458, 0x0459, 0x045A,
    0x045B, 0x045C, 0x045D, 0x045E, 0x045F, 0x0462, 0x0463, 0x046A, 0x046B, 0x0472, 0x0473, 0x0474,
    0x0475, 0x0476, 0x0477, 0x048A, 0x048B, 0x048C, 0x048D, 0x048E, 0x048F, 0x0490, 0x0491, 0x0492,
    0x0493, 0x0494, 0x0495, 0x0496, 0x0497, 0x0498, 0x0499, 0x049A, 0x049B, 0x049C, 0x049D, 0x049E,
    0x049F, 0x04A0, 0x04A1, 0x04A2, 0x04A3, 0x04A4, 0x04A5, 0x04A6, 0x04A7, 0x04A8, 0x04A9, 0x04AA,
    0x04AB, 0x04AC, 0x04AD, 0x04AE, 0x04AF, 0x04B0, 0x04B1, 0x04B2, 0x04B3, 0x04B4, 0x04B5, 0x04B6,
    0x04B7, 0x04B8, 0x04B9, 0x04BA, 0x04BB, 0x04BC, 0x04BD, 0x04BE, 0x04BF, 0x04C0, 0x04C1, 0x04C2,
    0x04C3, 0x04C4, 0x04C5, 0x04C6, 0x04C7, 0x04C8, 0x04C9, 0x04CA, 0x04CB, 0x04CC, 0x04CD, 0x04CE,
    0x04CF, 0x04D0, 0x04D1, 0x04D2, 0x04D3, 0x04D4, 0x04D5, 0x04D6, 0x04D7, 0x04D8, 0x04D9, 0x04DA,
    0x04DB, 0x04DC, 0x04DD, 0x04DE, 0x04DF, 0x04E0, 0x04E1, 0x04E2, 0x04E3, 0x04E4, 0x04E5, 0x04E6,
    0x04E7, 0x04E8, 0x04E9, 0x04EA, 0x04EB, 0x04EC, 0x04ED, 0x04EE, 0x04EF, 0x04F0, 0x04F1, 0x04F2,
    0x04F3, 0x04F4, 0x04F5, 0x04F6, 0x04F7, 0x04F8, 0x04F9, 0x04FA, 0x04FB, 0x04FC, 0x04FD, 0x04FE,
    0x04FF, 0x1EA0, 0x1EA1, 0x1EA2, 0x1EA3, 0x1EA4, 0x1EA5, 0x1EA6, 0x1EA7, 0x1EA8, 0x1EA9, 0x1EAA,
    0x1EAB, 0x1EAC, 0x1EAD, 0x1EAE, 0x1EAF, 0x1EB0, 0x1EB1, 0x1EB2, 0x1EB3, 0x1EB4, 0x1EB5, 0x1EB6,
    0x1EB7, 0x1EB8, 0x1EB9, 0x1EBA, 0x1EBB, 0x1EBC, 0x1EBD, 0x1EBE, 0x1EBF, 0x1EC0, 0x1EC1, 0x1EC2,
    0x1EC3, 0x1EC4, 0x1EC5, 0x1EC6, 0x1EC7, 0x1EC8, 0x1EC9, 0x1ECA, 0x1ECB, 0x1ECC, 0x1ECD, 0x1ECE,
    0x1ECF, 0x1ED0, 0x1ED1, 0x1ED2, 0x1ED3, 0x1ED4, 0x1ED5, 0x1ED6, 0x1ED7, 0x1ED8, 0x1ED9, 0x1EDA,
    0x1EDB, 0x1EDC, 0x1EDD, 0x1EDE, 0x1EDF, 0x1EE0, 0x1EE1, 0x1EE2, 0x1EE3, 0x1EE4, 0x1EE5, 0x1EE6,
    0x1EE7, 0x1EE8, 0x1EE9, 0x1EEA, 0x1EEB, 0x1EEC, 0x1EED, 0x1EEE, 0x1EEF, 0x1EF0, 0x1EF1, 0x1EF2,
    0x1EF3, 0x1EF4, 0x1EF5, 0x1EF6, 0x1EF7, 0x1EF8, 0x1EF9, 0x2010, 0x2013, 0x2014, 0x2015, 0x2017,
    0x2018, 0x2019, 0x201A, 0x201B, 0x201C, 0x201D, 0x201E, 0x2025, 0x2026, 0x2039, 0x203A, 0x203C,
    0x2044, 0x20A1, 0x20A3, 0x20A6, 0x20A7, 0x20A9, 0x20AB, 0x20AD, 0x20AE, 0x20B1, 0x20B2, 0x20B4,
    0x20B5, 0x20B8, 0x20BD, 0x2206, 0x221A, 0xFB01, 0xFB02,
};

static const uint8_t bitter_8_regularKernRightClassIds[] = {
      1,   2,   3,   4,   2,   5,   6,   7,   8,   7,   9,  10,  11,  12,  13,  14,
     15,  16,  17,   4,  18,  19,  19,  20,  21,  22,  23,  21,  23,  23,  23,  21,
     23,  23,  24,  23,  23,  23,  23,  21,  23,  21,  23,   3,  25,  26,  27,  27,
     28,  29,  30,  31,  32,  33,  34,  35,  36,  36,  36,  37,  38,  35,  37,  39,
     35,  35,  37,  37,  36,  40,  36,  37,  41,  42,  43,  44,  44,  45,  46,  47,
     48,  49,  50,  36,  29,  48,   3,  21,  51,  36,  52,   8,  53,  54,  22,  22,
     22,  22,  22,  22,  22,  21,  23,  23,  23,  23,  23,  23,  23,  55,  23,  23,
     21,  21,  21,  21,  21,  21,  26,  26,  26,  26,  29,  23,  37,  34,  34,  34,
     34,  34,  34,  34,  36,  36,  36,  36,  36,  56,  57,  58,  59,  36,  37,  36,
     36,  36,  36,  36,  60,  43,  43,  43,  43,  46,  61,  46,  22,  34,  22,  34,
     22,  34,  21,  36,  21,  36,  21,  36,  21,  62,  23,  36,  23,  36,  23,  36,
     23,  36,  23,  36,  23,  36,  23,  36,  21,  38,  21,  38,  21,  38,  21,  38,
     23,  63,  23,  35,  23,  64,  23,  65,  66,  67,  23,  37,  23,  37,  23,  37,
     24,  68,  23,  35,  37,  23,  35,  23,  35,  23,  35,  23,  35,  23,  69,  23,
     37,  23,  37,  23,  37,  70,  23,  37,  21,  36,  21,  36,  21,  36,  21,  36,
     23,  37,  23,  37,  23,  71,   3,  41,   3,  41,   3,  41,   3,  72,  25,  42,
     25,  42,  25,  42,  26,  43,  26,  43,  26,  43,  26,  43,  26,  43,  26,  43,
     27,  44,  29,  46,  29,  30,  47,  30,  47,  30,  73,  37,  21,  36,  26,  43,
     23,  23,  36,  23,  23,  35,  23,  23,  37,  22,  34,  74,  21,  36,  26,  43,
     26,  43,  26,  43,  26,  43,  26,  43,  21,  38,  21,  36,  23,  23,  36,  22,
     34,  22,  34,  21,  36,  22,  75,  22,  34,  23,  36,  23,  36,  23,  76,  23,
     77,  21,  36,  21,  36,  23,  78,  23,  37,  26,  43,  26,  43,   3,  41,  25,
     42,  23,  23,  25,  23,  21,   3,  23,  79,  24,  80,  23,  25,  23,  23,  81,
     23,  22,  23,  23,  23,  82,  23,  83,  13,  23,  23,  23,  80,  23,  23,  21,
     23,  23,  21,  25,  84,  85,  28,  23,  86,  23,  23,  25,  23,  23,  87,  23,
     88,  34,  89,  37,  37,  90,  36,  91,  92,  37,  37,  37,  93,  37,  37,  36,
     37,  40,  36,  94,  46,  36,  45,  37,  95,  37,  37,  94,  37,  37,  96,  37,
     97,  36,  98,  35,  37,  36,  41,  37,  99, 100,  93,  37,  35,  37,  37,  46,
     37,  25,  42, 101, 102,  21,  36,  27,  44,  27,  44,  23,  37,  23, 103,  23,
    104,  23,  37,  23,  37,  23,  37,  28,  45,  13,  92,  23,  37,  23,  37,  23,
     35,  23,  94,  23,  37,  23,  37,  23,  37,  21,  36,  21,  36,  25,  94,  29,
     44,  29,  44,  28,  45,  25,  94,  86, 105,  86, 105,  23,  35, 106, 107, 106,
    107,  23,  28,  45,  23,  37,  80,  93,  23,  37,  23,  37,  86, 105,  23,  37,
     35,  22,  34,  22,  34,  22,  34,  23,  36, 108,  36, 108,  36,  28,  45,  13,
     92,  13,  92,  23,  37,  23,  37,  21,  36,  21,  36,  21,  36,  87,  96,  29,
     46,  29,  46,  29,  46,  86, 105,  23,  37,  23,  37,  23,  37,  28,  45,  28,
     45,  22,  34,  22,  34,  22,  34,  22,  34,  22,  34,  22,  34,  22,  34,  22,
     34,  22,  34,  22,  34,  22,  34,  22,  34,  23,  36,  23,  36,  23,  36,  23,
     36,  23,  36,  23,  36,  23,  36,  23,  36,  23, 109,  23,  37,  21,  36,  21,
     36,  21,  36,  21,  36,  21,  36,  21,  36,  21,  36,  21,  36,  21,  36,  21,
     36,  21, 110,  21,  36,  26,  43,  26,  43,  26,  43,  26,  43,  26,  43,  26,
     43,  26,  43,  29,  46,  29,  46,  29,  46,  29,  46,   8,   8,   8,   8,  33,
      2,   2,   7,   2,   2,   2,   7,   7,   7,  51,  53,   1, 111,  21,  23,  23,
     23,  27,  36,  23,  25,  23,  21,   3,  21,  25,  23,  22,  44,  37,  37,
};

static const uint16_t bitter_8_regularKernRowOffsets[] = {
        0,     1,    34,    87,   115,   138,   173,   203,   270,   273,   277,   278,   356,   361,   368,   375,
      388,   392,   399,   408,   470,   555,   626,   685,   752,   776,   819,   866,   940,   990,  1067,  1136,
     1185,  1261,  1350,  1439,  1514,  1564,  1592,  1598,  1625,  1640,  1663,  1708,  1730,  1746,  1797,  1840,
     1859,  1917,  1948,  2003,  2011,  2032,  2045,  2103,  2161,  2171,  2198,  2200,  2201,  2202,  2203,  2204,
     2250,  2290,  2335,  2351,  2381,  2413,  2445,  2485,  2569,  2621,  2681,  2698,  2741,  2774,  2801,  2833,
     2855,  2877,  2886,  2891,  2894,  2915,  2942,  3009,  3020,  3046,  3052,  3084,  3113,  3142,  3225,  3269,
     3327,  3351,  3390,  3464,  3553,  3631,  3714,  3761,  3850,  3916,  3952,  3982,  4040,  4048,  4093,  4117,
     4191,  4197,  4265,  4320,  4359,  4406,  4457,  4519,  4566,  4569,  4570,  4644,  4648,  4722,  4780,  4865,
     4891,  4913,  4975,  5001,  5027,  5053,  5079,  5137,  5138,  5139,  5140,  5149,
};

static const uint8_t bitter_8_regularKernSparseCols[] = {
     21,   6,  20,  21,  22,  24,  26,  27,  33,  34,  35,  40,  54,  59,  60,  61,
     62,  65,  71,  74,  78,  79,  81,  82,  84,  86,  87,  89,  92,  96,  97, 100,
    107, 109,   6,  10,  12,  16,  21,  22,  24,  26,  27,  28,  29,  33,  35,  36,
     37,  38,  39,  41,  42,  43,  44,  45,  54,  55,  56,  57,  58,  59,  61,  63,
     64,  65,  66,  67,  70,  73,  74,  75,  76,  77,  78,  80,  82,  83,  90,  97,
     98,  99, 100, 101, 103, 108, 109,   2,  20,  21,  26,  27,  28,  33,  34,  40,
     42,  43,  44,  45,  46,  60,  62,  68,  71,  72,  74,  80,  82,  83,  84,  90,
    100, 101, 107,   8,  23,  24,  30,  32,  35,  37,  38,  59,  61,  67,  79,  81,
     85,  86,  87,  89,  94,  97,  99, 104, 105, 109,   1,   9,  10,  11,  13,  15,
     16,  17,  20,  21,  23,  24,  26,  27,  28,  35,  43,  45,  50,  59,  61,  80,
     81,  82,  83,  84,  85,  89,  93,  94,  97, 100, 104, 107, 109,  10,  11,  12,
     13,  14,  16,  17,  21,  24,  26,  27,  43,  44,  45,  52,  79,  81,  82,  85,
     86,  87,  89,  90,  91,  92,  94,  96, 100, 101, 104,   4,   8,  20,  21,  22,
     23,  24,  25,  26,  27,  28,  30,  31,  33,  34,  35,  36,  39,  44,  45,  48,
     54,  55,  56,  57,  58,  59,  60,  61,  62,  63,  64,  65,  66,  70,  73,  74,
     75,  76,  77,  78,  79,  80,  81,  82,  83,  84,  85,  86,  87,  89,  90,  91,
     92,  93,  94,  95,  96,  97,  98, 100, 101, 103, 104, 107, 108, 109,   6,  10,
     51,   6,   8,  16,  51,  16,   1,   6,  12,  19,  20,  21,  22,  24,  26,  27,
     28,  29,  33,  34,  35,  36,  37,  38,  39,  40,  41,  42,  43,  44,  45,  46,
     54,  55,  56,  57,  58,  59,  60,  61,  62,  63,  64,  65,  66,  67,  70,  71,
     72,  73,  74,  75,  76,  77,  78,  79,  80,  81,  82,  83,  84,  85,  86,  87,
     89,  90,  91,  92,  93,  94,  95,  96,  97,  98,  99, 100, 101, 103, 104, 105,
    106, 107, 108, 109,   7,  13,  16,  18,  51,   6,  10,  11,  12,  16,  17,  51,
     10,  11,  12,  13,  14,  16,  51,   3,   6,   7,   9,  10,  11,  12,  13,  14,
     15,  16,  17,  51,   6,  12,  16,  51,  23,  24,  26,  28,  43,  80,  83,  22,
     24,  53,  54,  65,  78,  79,  94, 104,   1,   2,   6,   8,  12,  19,  21,  24,
     26,  27,  28,  29,  33,  34,  35,  36,  37,  38,  39,  40,  41,  42,  43,  44,
     45,  55,  56,  57,  58,  59,  60,  61,  62,  63,  64,  66,  67,  70,  71,  73,
     74,  75,  76,  77,  79,  80,  81,  82,  83,  85,  87,  89,  90,  92,  97,  98,
     99, 100, 101, 103, 108, 109,   0,   1,   2,   6,   7,   8,  19,  20,  21,  22,
     23,  24,  25,  26,  27,  28,  29,  31,  33,  34,  35,  36,  37,  38,  39,  40,
     41,  42,  43,  44,  45,  46,  48,  49,  54,  55,  56,  57,  58,  59,  60,  61,
     62,  63,  64,  65,  66,  67,  70,  71,  72,  73,  74,  75,  76,  77,  78,  79,
     80,  81,  82,  83,  84,  85,  86,  87,  88,  90,  91,  92,  93,  94,  95,  97,
     98,  99, 100, 101, 103, 104, 105, 106, 107, 108, 109,   1,   3,   6,   7,  10,
     11,  12,  14,  16,  17,  20,  21,  23,  24,  26,  27,  28,  33,  34,  35,  36,
     37,  38,  39,  40,  41,  42,  43,  44,  45,  46,  55,  56,  57,  58,  59,  60,
     61,  62,  63,  64,  66,  67,  70,  71,  72,  73,  74,  75,  76,  77,  79,  80,
     81,  82,  83,  84,  85,  87,  90,  93,  97,  98,  99, 100, 101, 103, 106, 107,
    108, 109,   7,   8,  20,  21,  24,  26,  27,  28,  33,  35,  36,  37,  38,  39,
     40,  41,  42,  43,  44,  45,  46,  55,  56,  57,  58,  59,  61,  63,  64,  66,
     67,  70,  71,  72,  73,  74,  75,  76,  77,  79,  80,  82,  83,  84,  85,  86,
     87,  90,  93,  97,  98,  99, 100, 101, 103, 106, 107, 108, 109,   2,   6,   8,
     18,  20,  21,  22,  23,  26,  27,  28,  29,  33,  34,  35,  36,  37,  38,  39,
     40,  41,  42,  43,  44,  45,  46,  54,  55,  56,  57,  58,  59,  60,  61,  62,
     63,  64,  65,  66,  67,  70,  71,  72,  73,  74,  75,  76,  77,  78,  79,  80,
     82,  83,  84,  90,  92,  97,  98,  99, 100, 101, 103, 105, 106, 107, 108, 109,
     21,  26,  27,  28,  33,  34,  40,  42,  43,  44,  45,  46,  60,  62,  68,  71,
     72,  74,  80,  82,  83,  90, 100, 101,   1,   2,   8,  21,  24,  25,  26,  27,
     28,  29,  33,  35,  37,  38,  40,  43,  44,  45,  57,  58,  59,  61,  63,  67,
     71,  74,  75,  76,  80,  81,  82,  83,  85,  86,  87,  90,  93,  97,  99, 100,
    101, 105, 109,  21,  22,  24,  26,  27,  28,  29,  33,  34,  35,  37,  38,  40,
     41,  42,  43,  44,  45,  46,  54,  57,  58,  59,  60,  61,  62,  63,  65,  67,
     71,  72,  74,  75,  76,  78,  79,  80,  82,  83,  90,  92,  97,  99, 100, 101,
    105, 109,   0,   1,   2,   6,   7,   8,  19,  20,  21,  22,  23,  24,  25,  26,
     27,  28,  29,  33,  35,  36,  37,  38,  39,  40,  41,  42,  43,  45,  46,  54,
     55,  56,  57,  58,  59,  61,  63,  64,  65,  66,  67,  70,  71,  72,  73,  74,
     75,  76,  77,  78,  80,  81,  82,  83,  84,  85,  86,  87,  89,  90,  91,  93,
     94,  97,  98,  99, 100, 103, 104, 105, 106, 107, 108, 109,   2,  20,  21,  23,
     24,  25,  26,  27,  28,  29,  33,  35,  36,  37,  39,  40,  41,  42,  43,  44,
     45,  55,  56,  57,  58,  59,  61,  63,  64,  66,  70,  71,  73,  74,  75,  76,
     77,  80,  82,  83,  84,  90,  97,  98, 100, 101, 103, 107, 108, 109,   1,   2,
      6,   7,   8,  19,  20,  21,  22,  23,  24,  25,  26,  27,  28,  29,  31,  33,
     34,  35,  36,  37,  38,  39,  40,  41,  42,  43,  44,  45,  46,  48,  54,  55,
     56,  57,  58,  59,  60,  61,  62,  63,  64,  65,  66,  67,  70,  71,  72,  73,
     74,  75,  76,  77,  78,  79,  80,  81,  82,  83,  84,  85,  86,  87,  90,  92,
     94,  97,  98,  99, 100, 101, 103, 104, 107, 108, 109,   1,   2,   4,   6,   8,
     12,  18,  19,  21,  23,  24,  26,  27,  28,  29,  31,  32,  33,  34,  35,  36,
     37,  38,  39,  40,  41,  42,  43,  44,  45,  47,  48,  55,  56,  57,  58,  59,
     60,  61,  62,  63,  64,  66,  67,  70,  71,  73,  74,  75,  76,  77,  79,  80,
     81,  82,  83,  85,  87,  89,  90,  92,  97,  98,  99, 100, 101, 103, 108, 109,
     20,  21,  24,  25,  26,  27,  28,  29,  33,  35,  36,  37,  38,  39,  41,  42,
     43,  44,  45,  55,  56,  57,  58,  59,  61,  63,  64,  66,  67,  70,  73,  74,
     75,  76,  77,  80,  82,  83,  84,  90,  97,  98,  99, 100, 101, 103, 107, 108,
    109,   1,   2,   6,   7,   8,  18,  19,  20,  21,  22,  23,  24,  25,  26,  27,
     28,  29,  33,  34,  35,  36,  37,  38,  39,  40,  41,  42,  43,  44,  45,  46,
     54,  55,  56,  57,  58,  59,  60,  61,  62,  63,  64,  65,  66,  67,  70,  71,
     72,  73,  74,  75,  76,  77,  78,  79,  80,  81,  82,  83,  84,  85,  86,  87,
     90,  92,  97,  98,  99, 100, 101, 103, 105, 106, 107, 108, 109,   0,   1,   2,
      3,   6,   7,   8,  12,  18,  19,  20,  21,  22,  23,  24,  25,  26,  27,  28,
     29,  31,  33,  34,  35,  36,  37,  38,  39,  40,  41,  42,  43,  44,  45,  46,
     48,  54,  55,  56,  57,  58,  59,  60,  61,  62,  63,  64,  65,  66,  67,  70,
     71,  72,  73,  74,  75,  76,  77,  78,  79,  80,  81,  82,  83,  84,  85,  86,
     87,  88,  89,  90,  91,  92,  93,  94,  95,  96,  97,  98,  99, 100, 101, 103,
    104, 105, 106, 107, 108, 109,   0,   1,   2,   3,   6,   7,   8,  12,  18,  19,
     20,  21,  22,  23,  24,  25,  26,  27,  28,  29,  31,  33,  34,  35,  36,  37,
     38,  39,  40,  41,  42,  43,  44,  45,  46,  48,  54,  55,  56,  57,  58,  59,
     60,  61,  62,  63,  64,  65,  66,  67,  70,  71,  72,  73,  74,  75,  76,  77,
     78,  79,  80,  81,  82,  83,  84,  85,  86,  87,  88,  89,  90,  91,  92,  93,
     94,  95,  96,  97,  98,  99, 100, 101, 103, 104, 105, 106, 107, 108, 109,   2,
      6,  12,  14,  16,  18,  20,  21,  22,  23,  24,  25,  26,  27,  28,  29,  31,
     33,  34,  35,  36,  37,  38,  39,  40,  41,  42,  43,  44,  45,  46,  48,  54,
     55,  56,  57,  58,  59,  60,  61,  62,  63,  64,  65,  66,  67,  70,  71,  72,
     73,  74,  75,  76,  77,  78,  79,  80,  82,  83,  84,  85,  90,  92,  93,  97,
     98,  99, 100, 101, 103, 105, 106, 107, 108, 109,   2,  20,  21,  22,  24,  25,
     26,  27,  28,  35,  36,  37,  39,  40,  41,  42,  43,  44,  45,  54,  55,  56,
     57,  58,  59,  61,  63,  64,  65,  66,  70,  71,  73,  75,  76,  77,  78,  80,
     82,  83,  84,  90,  97,  98, 100, 101, 103, 107, 108, 109,   8,  21,  23,  24,
     26,  28,  30,  32,  34,  37,  38,  60,  62,  67,  79,  80,  81,  83,  85,  87,
     89,  93,  94,  95,  96,  99, 104, 105,   4,   8,  23,  31,  32,  81,   4,   8,
     23,  31,  36,  37,  38,  39,  48,  55,  56,  57,  58,  63,  64,  66,  67,  70,
     73,  75,  76,  77,  81,  98,  99, 103, 108,   0,   1,   6,   8,  19,  43,  45,
     69,  89,  91,  92,  93,  94,  95, 104,   1,   6,   8,  19,  20,  38,  43,  44,
     45,  67,  84,  89,  90,  92,  93,  94,  95,  96,  99, 101, 104, 106, 107,   1,
      7,  19,  33,  34,  35,  36,  37,  38,  39,  41,  42,  43,  44,  45,  55,  56,
     57,  58,  59,  60,  61,  62,  63,  64,  66,  67,  70,  73,  74,  75,  76,  77,
     90,  93,  94,  96,  97,  98,  99, 101, 103, 104, 108, 109,   1,   7,   8,  20,
     31,  33,  38,  43,  44,  45,  48,  58,  67,  74,  75,  84,  90,  94,  99, 101,
    104, 107,  38,  43,  44,  45,  67,  89,  90,  91,  92,  93,  94,  95,  96,  99,
    101, 104,   0,   1,   4,   5,   6,   7,  19,  30,  31,  33,  34,  35,  36,  37,
     38,  39,  41,  42,  43,  44,  45,  48,  55,  56,  57,  58,  59,  60,  61,  62,
     63,  64,  66,  67,  68,  69,  70,  71,  73,  74,  75,  76,  77,  90,  97,  98,
     99, 101, 103, 108, 109,   8,  31,  32,  33,  34,  35,  36,  37,  38,  39,  40,
     41,  43,  44,  45,  48,  55,  56,  57,  58,  59,  60,  61,  62,  63,  64,  66,
     67,  70,  71,  73,  74,  75,  76,  77,  90,  97,  98,  99, 101, 103, 108, 109,
      8,  38,  43,  44,  45,  46,  58,  67,  72,  89,  90,  91,  92,  93,  94,  95,
     99, 101, 104,   0,   7,   8,  19,  20,  33,  34,  35,  36,  37,  38,  39,  40,
     41,  42,  43,  44,  45,  46,  55,  56,  57,  58,  59,  60,  61,  62,  63,  64,
     66,  67,  69,  70,  71,  72,  73,  74,  75,  76,  77,  84,  89,  90,  91,  92,
     93,  94,  95,  96,  97,  98,  99, 101, 103, 104, 107, 108, 109,  18,  32,  36,
     37,  38,  39,  43,  44,  45,  55,  56,  57,  58,  60,  63,  64,  66,  67,  70,
     73,  75,  76,  77,  89,  90,  91,  98,  99, 101, 103, 108,   0,   4,   6,   8,
     19,  31,  33,  34,  35,  36,  37,  38,  39,  40,  42,  43,  44,  45,  48,  55,
     56,  57,  58,  59,  60,  61,  62,  63,  64,  66,  67,  70,  71,  73,  74,  75,
     76,  77,  88,  89,  90,  91,  92,  94,  95,  96,  97,  98,  99, 101, 103, 104,
    106, 108, 109,   1,   6,  43,  44,  45,  90,  93, 101,  33,  34,  35,  37,  38,
     40,  43,  44,  45,  59,  60,  61,  62,  67,  71,  74,  90,  97,  99, 101, 109,
      8,  43,  44,  45,  46,  72,  90,  91,  94,  95,  96, 101, 104,   6,   7,  18,
     20,  33,  34,  35,  36,  37,  38,  39,  40,  41,  42,  43,  44,  45,  46,  55,
     56,  57,  58,  59,  60,  61,  62,  63,  64,  66,  67,  69,  70,  71,  72,  73,
     74,  75,  76,  77,  84,  88,  90,  91,  92,  93,  94,  95,  96,  97,  98,  99,
    101, 102, 103, 104, 107, 108, 109,   6,   7,  18,  20,  33,  34,  35,  36,  37,
     38,  39,  40,  41,  42,  43,  44,  45,  46,  55,  56,  57,  58,  59,  60,  61,
     62,  63,  64,  66,  67,  69,  70,  71,  72,  73,  74,  75,  76,  77,  84,  88,
     90,  91,  92,  93,  94,  95,  96,  97,  98,  99, 101, 102, 103, 104, 107, 108,
    109,  34,  40,  43,  44,  45,  60,  62,  71,  90, 101,   8,  21,  23,  24,  26,
     28,  30,  32,  34,  37,  38,  60,  62,  67,  79,  80,  81,  83,  85,  87,  89,
     93,  94,  95,  96,  99, 104,  11,  16,   7, 110, 110,   6,   1,   2,   8,  21,
     23,  24,  25,  26,  27,  28,  29,  30,  33,  35,  37,  38,  40,  43,  44,  45,
     54,  57,  58,  59,  61,  63,  67,  71,  74,  75,  76,  80,  81,  82,  83,  85,
     86,  87,  90,  93,  97,  99, 100, 101, 105, 109,  34,  35,  36,  37,  38,  39,
     40,  41,  42,  43,  44,  45,  46,  55,  56,  57,  58,  59,  60,  61,  62,  63,
     64,  66,  67,  70,  71,  72,  73,  75,  76,  77,  90,  97,  98,  99, 101, 103,
    108, 109,   1,   7,  19,  33,  34,  35,  36,  37,  38,  39,  41,  42,  43,  44,
     45,  55,  56,  57,  58,  59,  60,  61,  62,  63,  64,  66,  67,  70,  73,  74,
     75,  76,  77,  90,  93,  94,  96,  97,  98,  99, 101, 103, 104, 108, 109,  38,
     43,  44,  45,  67,  89,  90,  91,  92,  93,  94,  95,  96,  99, 101, 104,   1,
      7,   8,  20,  31,  33,  34,  38,  43,  44,  45,  48,  57,  58,  60,  62,  63,
     64,  66,  67,  74,  75,  76,  84,  90,  94,  99, 101, 104, 107,   1,   7,   8,
     20,  31,  33,  34,  38,  43,  44,  45,  48,  55,  57,  58,  60,  62,  63,  64,
     66,  67,  73,  74,  75,  76,  84,  90,  94,  99, 101, 104, 107,   1,   7,   8,
     20,  31,  33,  34,  38,  43,  44,  45,  48,  56,  57,  58,  60,  62,  63,  64,
     66,  67,  73,  74,  75,  76,  84,  90,  94,  99, 101, 104, 107,   1,   7,   8,
     20,  31,  33,  34,  36,  38,  39,  43,  44,  45,  48,  55,  56,  57,  58,  60,
     62,  63,  64,  66,  67,  70,  73,  74,  75,  76,  77,  84,  90,  94,  98,  99,
    101, 103, 104, 107, 108,   0,   1,   2,   6,   7,   8,  19,  20,  21,  22,  24,
     25,  26,  27,  28,  29,  31,  33,  34,  35,  36,  37,  38,  39,  40,  41,  42,
     43,  44,  45,  46,  48,  49,  54,  55,  56,  57,  58,  59,  60,  61,  62,  63,
     64,  65,  66,  67,  70,  71,  72,  73,  74,  75,  76,  77,  78,  79,  80,  81,
     82,  83,  84,  85,  86,  87,  88,  90,  91,  92,  93,  94,  95,  97,  98,  99,
    100, 101, 103, 104, 105, 106, 107, 108, 109,   0,   1,   4,   5,  19,  20,  30,
     31,  33,  34,  35,  36,  37,  38,  39,  41,  42,  43,  44,  45,  46,  48,  55,
     56,  57,  58,  59,  60,  61,  62,  63,  64,  66,  67,  70,  71,  72,  73,  74,
     75,  76,  77,  84,  90,  97,  98,  99, 101, 103, 107, 108, 109,   7,   8,  20,
     21,  23,  24,  26,  27,  28,  33,  35,  36,  37,  38,  39,  40,  41,  42,  43,
     44,  45,  46,  55,  56,  57,  58,  59,  61,  63,  64,  66,  67,  70,  71,  72,
     73,  74,  75,  76,  77,  79,  80,  82,  83,  84,  85,  86,  87,  90,  93,  97,
     98,  99, 100, 101, 103, 106, 107, 108, 109,  38,  43,  44,  45,  67,  75,  89,
     90,  91,  92,  93,  94,  95,  96,  99, 101, 104,   1,   2,   8,  21,  24,  25,
     26,  27,  28,  29,  33,  35,  37,  38,  40,  43,  44,  45,  57,  58,  59,  61,
     63,  67,  71,  74,  75,  76,  80,  81,  82,  83,  85,  86,  87,  90,  93,  97,
     99, 100, 101, 105, 109,   1,   7,   8,  20,  31,  33,  34,  38,  43,  44,  45,
     48,  55,  57,  58,  60,  62,  63,  64,  66,  67,  73,  74,  75,  76,  84,  90,
     94,  99, 101, 104, 107, 108,   1,   7,   8,  20,  31,  33,  38,  43,  44,  45,
     48,  57,  58,  63,  66,  67,  73,  74,  75,  76,  84,  90,  94,  99, 101, 104,
    107,   1,   7,   8,  20,  31,  33,  34,  38,  43,  44,  45,  48,  55,  57,  58,
     60,  62,  63,  64,  66,  67,  73,  74,  75,  76,  84,  90,  94,  99, 101, 104,
    107,   1,   7,   8,  20,  31,  33,  38,  43,  44,  45,  48,  58,  67,  74,  75,
     84,  90,  94,  99, 101, 104, 107,   8,  34,  38,  43,  44,  45,  46,  58,  60,
     62,  67,  72,  89,  90,  91,  92,  93,  94,  95,  99, 101, 104,  19,  21,  26,
     28,  34,  60,  62,  80,  83,  35,  59,  61,  97, 109,  41,  43,  45,  33,  34,
     35,  37,  38,  40,  43,  44,  45,  59,  60,  61,  62,  67,  71,  74,  90,  97,
     99, 101, 109,   1,   4,  19,  30,  31,  33,  34,  35,  37,  38,  40,  43,  44,
     45,  59,  60,  61,  62,  67,  71,  72,  74,  90,  97,  99, 101, 109,   1,   2,
      6,   8,  12,  19,  21,  22,  23,  24,  26,  27,  28,  29,  33,  34,  35,  36,
     37,  38,  39,  40,  41,  42,  43,  44,  45,  54,  55,  56,  57,  58,  59,  60,
     61,  62,  63,  64,  65,  66,  67,  70,  71,  73,  74,  75,  76,  77,  78,  79,
     80,  81,  82,  83,  85,  87,  89,  90,  92,  97,  98,  99, 100, 101, 103, 108,
    109,  34,  38,  41,  42,  43,  45,  58,  60,  62,  67,  99,  22,  23,  24,  25,
     26,  28,  34,  54,  55,  57,  58,  60,  62,  63,  64,  65,  66,  67,  69,  73,
     75,  76,  77,  78,  80,  83,  34,  42,  43,  45,  60,  62,   1,   7,   8,  20,
     31,  33,  34,  38,  43,  44,  45,  48,  55,  57,  58,  60,  62,  63,  64,  66,
     67,  73,  74,  75,  76,  84,  90,  94,  99, 101, 104, 107,   1,   7,   8,  20,
     31,  33,  34,  38,  43,  44,  45,  48,  57,  58,  60,  62,  63,  67,  73,  74,
     75,  76,  84,  90,  94,  99, 101, 104, 107,   1,   7,   8,  20,  31,  33,  38,
     43,  44,  45,  48,  56,  57,  58,  63,  64,  66,  67,  73,  74,  75,  76,  84,
     90,  94,  99, 101, 104, 107,   0,   1,   2,   4,   6,   7,   8,  12,  19,  20,
     21,  22,  23,  24,  26,  27,  28,  31,  33,  34,  35,  36,  38,  39,  40,  41,
     42,  43,  44,  45,  48,  54,  55,  56,  57,  58,  59,  60,  61,  62,  63,  64,
     65,  66,  67,  70,  71,  73,  74,  75,  76,  77,  78,  79,  80,  81,  82,  83,
     84,  85,  86,  87,  88,  89,  90,  91,  92,  93,  94,  95,  96,  97,  98,  99,
    100, 101, 102, 103, 104, 106, 107, 108, 109,   1,   2,   8,  21,  24,  25,  26,
     27,  28,  29,  33,  35,  37,  38,  40,  43,  44,  45,  57,  58,  59,  61,  63,
     67,  71,  74,  75,  76,  78,  80,  81,  82,  83,  85,  86,  87,  90,  93,  97,
     99, 100, 101, 105, 109,   2,  12,  21,  24,  25,  26,  27,  28,  33,  35,  36,
     39,  40,  41,  42,  43,  44,  45,  46,  55,  56,  57,  58,  59,  61,  63,  64,
     66,  70,  71,  72,  73,  74,  75,  76,  77,  79,  80,  82,  83,  86,  87,  89,
     90,  91,  92,  93,  94,  95,  96,  97,  98, 100, 101, 103, 104, 108, 109,   0,
      1,   2,  19,  20,  21,  22,  24,  27,  28,  45,  54,  65,  78,  79,  80,  81,
     82,  83,  84,  85,  87, 100, 107,   1,   2,  12,  20,  21,  22,  24,  25,  26,
     27,  28,  38,  43,  45,  54,  65,  67,  78,  79,  80,  81,  82,  83,  84,  85,
     86,  88,  89,  91,  92,  93,  94,  95,  99, 100, 104, 105, 106, 107,   0,   1,
      2,   6,   7,   8,  19,  20,  21,  22,  23,  24,  25,  26,  27,  28,  29,  33,
     35,  36,  37,  38,  39,  40,  41,  42,  43,  45,  46,  54,  55,  56,  57,  58,
     59,  61,  63,  64,  65,  66,  67,  70,  71,  72,  73,  74,  75,  76,  77,  78,
     80,  81,  82,  83,  84,  85,  86,  87,  89,  90,  91,  93,  94,  97,  98,  99,
    100, 103, 104, 105, 106, 107, 108, 109,   0,   1,   2,   3,   6,   7,   8,  12,
     18,  19,  20,  21,  22,  23,  24,  25,  26,  27,  28,  29,  31,  33,  34,  35,
     36,  37,  38,  39,  40,  41,  42,  43,  44,  45,  46,  48,  54,  55,  56,  57,
     58,  59,  60,  61,  62,  63,  64,  65,  66,  67,  70,  71,  72,  73,  74,  75,
     76,  77,  78,  79,  80,  81,  82,  83,  84,  85,  86,  87,  88,  89,  90,  91,
     92,  93,  94,  95,  96,  97,  98,  99, 100, 101, 103, 104, 105, 106, 107, 108,
    109,   1,   6,  12,  19,  20,  21,  22,  24,  26,  27,  28,  29,  33,  34,  35,
     36,  37,  38,  39,  40,  41,  42,  43,  44,  45,  46,  54,  55,  56,  57,  58,
     59,  60,  61,  62,  63,  64,  65,  66,  67,  70,  71,  72,  73,  74,  75,  76,
     77,  78,  79,  80,  81,  82,  83,  84,  85,  86,  87,  89,  90,  91,  92,  93,
     94,  95,  96,  97,  98,  99, 100, 101, 103, 104, 105, 106, 107, 108, 109,   0,
      1,   2,   4,   6,   7,   8,  12,  19,  20,  21,  22,  23,  24,  26,  27,  28,
     31,  33,  34,  35,  36,  38,  39,  40,  41,  42,  43,  44,  45,  48,  54,  55,
     56,  57,  58,  59,  60,  61,  62,  63,  64,  65,  66,  67,  70,  71,  73,  74,
     75,  76,  77,  78,  79,  80,  81,  82,  83,  84,  85,  86,  87,  88,  89,  90,
     91,  92,  93,  94,  95,  96,  97,  98,  99, 100, 101, 102, 103, 104, 106, 107,
    108, 109,   3,   4,   6,   8,  12,  19,  20,  21,  22,  23,  24,  26,  27,  28,
     31,  35,  38,  42,  43,  45,  48,  54,  59,  60,  61,  65,  67,  78,  79,  80,
     81,  82,  83,  84,  85,  86,  87,  91,  92,  93,  97,  99, 100, 105, 106, 107,
    109,   0,   1,   2,   3,   6,   7,   8,  12,  18,  19,  20,  21,  22,  23,  24,
     25,  26,  27,  28,  29,  31,  33,  34,  35,  36,  37,  38,  39,  40,  41,  42,
     43,  44,  45,  46,  48,  54,  55,  56,  57,  58,  59,  60,  61,  62,  63,  64,
     65,  66,  67,  70,  71,  72,  73,  74,  75,  76,  77,  78,  79,  80,  81,  82,
     83,  84,  85,  86,  87,  88,  89,  90,  91,  92,  93,  94,  95,  96,  97,  98,
     99, 100, 101, 103, 104, 105, 106, 107, 108, 109,   1,   2,   6,   8,  12,  19,
     21,  22,  24,  26,  27,  28,  29,  33,  34,  35,  36,  37,  38,  39,  40,  41,
     42,  43,  44,  45,  54,  55,  56,  57,  58,  59,  60,  61,  62,  63,  64,  65,
     66,  67,  70,  71,  73,  74,  75,  76,  77,  78,  79,  80,  81,  82,  83,  85,
     87,  89,  90,  92,  97,  98,  99, 100, 101, 103, 108, 109,   1,   6,   8,  19,
     36,  38,  39,  44,  45,  55,  56,  57,  58,  63,  64,  66,  67,  70,  73,  75,
     76,  77,  89,  90,  91,  92,  93,  94,  95,  96,  98,  99, 101, 103, 104, 108,
      4,   6,   8,  31,  32,  34,  35,  38,  44,  48,  59,  60,  61,  62,  67,  89,
     90,  91,  92,  93,  94,  95,  96,  97,  99, 101, 103, 104, 106, 109,   0,   7,
      8,  19,  20,  33,  34,  35,  36,  37,  38,  39,  40,  41,  42,  43,  44,  45,
     46,  55,  56,  57,  58,  59,  60,  61,  62,  63,  64,  66,  67,  69,  70,  71,
     72,  73,  74,  75,  76,  77,  84,  89,  90,  91,  92,  93,  94,  95,  96,  97,
     98,  99, 101, 103, 104, 107, 108, 109,  38,  43,  45,  67,  93,  94,  99, 104,
      0,   1,   8,  19,  35,  36,  38,  39,  40,  43,  44,  45,  55,  56,  57,  58,
     59,  61,  63,  64,  66,  67,  70,  71,  73,  75,  76,  77,  88,  89,  90,  91,
     92,  93,  94,  95,  96,  97,  98,  99, 101, 103, 104, 108, 109,   1,   7,   8,
     20,  31,  33,  34,  38,  43,  44,  45,  48,  60,  62,  67,  74,  84,  90,  94,
     98,  99, 101, 104, 107,   0,   1,   2,   6,   7,   8,  19,  20,  21,  22,  23,
     24,  25,  26,  27,  28,  29,  33,  35,  36,  37,  38,  39,  40,  41,  42,  43,
     45,  46,  54,  55,  56,  57,  58,  59,  61,  63,  64,  65,  66,  67,  70,  71,
     72,  73,  74,  75,  76,  77,  78,  80,  81,  82,  83,  84,  85,  86,  87,  89,
     90,  91,  93,  94,  97,  98,  99, 100, 103, 104, 105, 106, 107, 108, 109,   1,
     35,  59,  61,  97, 109,   2,   6,   7,  12,  20,  21,  22,  27,  28,  33,  34,
     35,  36,  38,  39,  40,  43,  44,  45,  54,  55,  56,  57,  58,  59,  60,  61,
     62,  63,  64,  65,  66,  67,  70,  71,  73,  74,  75,  76,  77,  78,  79,  80,
     81,  82,  83,  84,  86,  87,  88,  89,  90,  91,  92,  93,  94,  95,  96,  97,
     98,  99, 100, 101, 103, 104, 107, 108, 109,   0,   4,   6,   8,  19,  31,  33,
     34,  35,  36,  37,  38,  39,  40,  42,  43,  44,  45,  48,  55,  56,  57,  58,
     59,  60,  61,  62,  63,  64,  66,  67,  70,  71,  73,  74,  75,  76,  77,  88,
     89,  90,  91,  92,  94,  95,  96,  97,  98,  99, 101, 103, 104, 106, 108, 109,
      1,   2,  12,  20,  21,  22,  24,  25,  26,  27,  28,  38,  43,  45,  54,  65,
     67,  78,  79,  80,  81,  82,  83,  84,  85,  86,  88,  89,  91,  92,  93,  94,
     95,  99, 100, 104, 105, 106, 107,   3,   4,   6,   8,  12,  19,  20,  21,  22,
     23,  24,  26,  27,  28,  31,  35,  38,  42,  43,  45,  48,  54,  59,  60,  61,
     65,  67,  78,  79,  80,  81,  82,  83,  84,  85,  86,  87,  91,  92,  93,  97,
     99, 100, 105, 106, 107, 109,   3,   4,   6,   8,  12,  19,  20,  21,  22,  23,
     24,  26,  27,  28,  31,  35,  38,  42,  43,  44,  45,  48,  54,  59,  60,  61,
     65,  67,  78,  79,  80,  81,  82,  83,  84,  85,  86,  87,  89,  90,  91,  92,
     93,  97,  99, 100, 101, 105, 106, 107, 109,   1,   2,   6,   8,  12,  19,  21,
     24,  26,  27,  28,  29,  33,  34,  35,  36,  37,  38,  39,  40,  41,  42,  43,
     44,  45,  55,  56,  57,  58,  59,  60,  61,  62,  63,  64,  66,  67,  70,  71,
     73,  74,  75,  76,  77,  79,  80,  81,  82,  83,  85,  87,  89,  90,  92,  97,
     98,  99, 100, 101, 103, 108, 109,   3,   4,   6,   8,  12,  19,  20,  21,  22,
     23,  24,  26,  27,  28,  31,  35,  38,  42,  43,  45,  48,  54,  59,  60,  61,
     65,  67,  78,  79,  80,  81,  82,  83,  84,  85,  86,  87,  91,  92,  93,  97,
     99, 100, 105, 106, 107, 109,  93,  94, 104,  85,   0,   1,   2,   6,   7,   8,
     19,  20,  21,  22,  23,  24,  25,  26,  27,  28,  29,  33,  35,  36,  37,  38,
     39,  40,  41,  42,  43,  45,  46,  54,  55,  56,  57,  58,  59,  61,  63,  64,
     65,  66,  67,  70,  71,  72,  73,  74,  75,  76,  77,  78,  80,  81,  82,  83,
     84,  85,  86,  87,  89,  90,  91,  93,  94,  97,  98,  99, 100, 103, 104, 105,
    106, 107, 108, 109,   8,  38,  67,  99,   0,   1,   2,   6,   7,   8,  19,  20,
     21,  22,  23,  24,  25,  26,  27,  28,  29,  33,  35,  36,  37,  38,  39,  40,
     41,  42,  43,  45,  46,  54,  55,  56,  57,  58,  59,  61,  63,  64,  65,  66,
     67,  70,  71,  72,  73,  74,  75,  76,  77,  78,  80,  81,  82,  83,  84,  85,
     86,  87,  89,  90,  91,  93,  94,  97,  98,  99, 100, 103, 104, 105, 106, 107,
    108, 109,   0,   7,   8,  19,  20,  33,  34,  35,  36,  37,  38,  39,  40,  41,
     42,  43,  44,  45,  46,  55,  56,  57,  58,  59,  60,  61,  62,  63,  64,  66,
     67,  69,  70,  71,  72,  73,  74,  75,  76,  77,  84,  89,  90,  91,  92,  93,
     94,  95,  96,  97,  98,  99, 101, 103, 104, 107, 108, 109,   0,   1,   2,   6,
      7,   8,  19,  20,  21,  22,  23,  24,  25,  26,  27,  28,  29,  31,  33,  34,
     35,  36,  37,  38,  39,  40,  41,  42,  43,  44,  45,  46,  48,  49,  54,  55,
     56,  57,  58,  59,  60,  61,  62,  63,  64,  65,  66,  67,  70,  71,  72,  73,
     74,  75,  76,  77,  78,  79,  80,  81,  82,  83,  84,  85,  86,  87,  88,  90,
     91,  92,  93,  94,  95,  97,  98,  99, 100, 101, 103, 104, 105, 106, 107, 108,
    109,   1,   7,   8,  20,  31,  33,  38,  43,  44,  45,  48,  57,  58,  63,  66,
     67,  73,  74,  75,  84,  90,  94,  99, 101, 104, 107,   1,   7,   8,  20,  31,
     33,  38,  43,  44,  45,  48,  58,  67,  74,  75,  84,  90,  94,  99, 101, 104,
    107,   1,   2,   6,   8,  12,  19,  21,  24,  26,  27,  28,  29,  33,  34,  35,
     36,  37,  38,  39,  40,  41,  42,  43,  44,  45,  55,  56,  57,  58,  59,  60,
     61,  62,  63,  64,  66,  67,  70,  71,  73,  74,  75,  76,  77,  79,  80,  81,
     82,  83,  85,  87,  89,  90,  92,  97,  98,  99, 100, 101, 103, 108, 109,  22,
     23,  24,  25,  26,  28,  34,  54,  55,  57,  58,  60,  62,  63,  64,  65,  66,
     67,  69,  73,  75,  76,  77,  78,  80,  83,  22,  23,  24,  25,  26,  28,  34,
     54,  55,  57,  58,  60,  62,  63,  64,  65,  66,  67,  69,  73,  75,  76,  77,
     78,  80,  83,  22,  23,  24,  25,  26,  28,  34,  54,  55,  57,  58,  60,  62,
     63,  64,  65,  66,  67,  69,  73,  75,  76,  77,  78,  80,  83,  22,  23,  24,
     25,  26,  28,  34,  54,  55,  57,  58,  60,  62,  63,  64,  65,  66,  67,  69,
     73,  75,  76,  77,  78,  80,  83,   6,   7,  18,  20,  33,  34,  35,  36,  37,
     38,  39,  40,  41,  42,  43,  44,  45,  46,  55,  56,  57,  58,  59,  60,  61,
     62,  63,  64,  66,  67,  69,  70,  71,  72,  73,  74,  75,  76,  77,  84,  88,
     90,  91,  92,  93,  94,  95,  96,  97,  98,  99, 101, 102, 103, 104, 107, 108,
    109, 110, 110, 110,  38,  43,  44,  45,  67,  75,  90,  99, 101,
};

static const int8_t bitter_8_regularKernSparseValues[] = {
      -3,  -12,   -6,  -25,    1,    4,    1,   -3,   -5,    7,   -7,  -13,    1,   -7,    7,   -7,
       7,    1,  -13,   -5,    1,  -13,  -10,   -3,   -6,    2,   -5,   -6,  -14,   -6,   -7,   -3,
      -6,   -7,   -9,   -2,   -2,   -4,   -9,   -3,   -8,  -13,  -17,  -16,   -5,   -6,   -3,   -8,
      -3,   -5,   -8,   -3,   -4,   -9,   -9,   -9,   -3,   -8,   -8,  -12,  -13,   -3,   -3,  -11,
      -8,   -3,   -8,   -5,   -8,   -8,   -6,   -8,   -8,   -8,   -3,  -16,  -17,  -16,   -9,   -3,
      -8,   -5,  -17,   -9,   -8,   -8,   -3,    3,    2,  -10,  -10,  -10,  -12,   -3,   -3,   -3,
      -3,   -7,   -5,   -4,   -4,   -3,   -3,    2,   -3,   -4,   -3,  -12,  -10,  -12,    2,   -5,
     -10,   -5,    2,    7,   15,   -7,    5,    6,   -2,    3,   14,   -2,   -2,   14,   -3,    5,
      -5,   -3,   -2,    5,   -5,   -2,   14,   -5,  -10,   -2,  -23,  -14,   -7,    2,   -7,   -6,
     -14,   -5,  -11,    3,   10,  -19,  -20,   -4,  -20,   -4,  -18,  -18,   -7,   -4,   -4,  -20,
       5,   -4,  -20,  -11,  -33,    5,  -18,  -18,   -4,   -4,  -18,  -11,   -4,  -12,   -4,   -6,
       1,   -9,  -15,   -3,   -7,  -16,  -15,  -26,   -2,  -14,   -6,   -9,   -5,   -6,  -26,   -9,
      -6,   -5,  -10,  -14,   -4,  -10,   -2,   -2,  -26,  -14,   -2,    5,  -10,   -4,   -9,   -5,
       3,   -2,    2,    2,   -9,    2,    7,    5,   -9,    5,  -11,  -11,  -11,  -11,   -8,    5,
      -5,  -11,  -11,  -11,  -11,  -11,    5,  -11,    5,  -11,  -11,   -5,  -11,  -11,  -11,   -9,
     -11,  -11,  -11,   -5,  -11,    2,   -9,   -9,    2,   -4,   -1,   -5,   -6,  -14,  -11,  -11,
     -17,   -8,  -12,   -9,  -13,  -11,  -11,   -9,  -11,  -11,  -12,   -4,  -11,  -11,  -14,   -1,
      -5,    1,    2,   -3,  -12,   -2,   -6,  -11,   -5,   -4,   -5,  -10,   -7,  -11,  -18,  -15,
     -15,   -8,   -5,   -3,   -3,   -5,   -4,   -4,   -5,   -3,   -2,   -4,   -6,  -10,   -7,   -5,
      -7,   -5,   -5,   -5,   -5,   -3,   -3,   -3,   -3,   -5,   -5,   -7,   -5,   -4,   -5,   -3,
      -5,   -5,   -5,   -5,   -5,   -5,   -7,  -12,  -15,   -8,  -15,  -15,   -5,  -13,  -10,  -11,
      -8,  -10,   -7,   -9,   -5,   -7,   -3,   -7,   -3,   -5,   -4,  -15,  -10,   -5,   -7,   -5,
      -3,   -5,   -5,   -3,    1,    2,   -3,    5,  -11,   -5,   -3,   -4,   -6,   -5,   -3,   -5,
      -3,   -3,   -3,    1,   -5,   -4,   -9,   -4,  -23,  -11,   -5,    2,   -2,   -5,   -3,   -4,
      -3,    1,   -4,    8,  -14,   -5,   -4,   -4,    2,   -4,   -8,   -8,   -3,   -8,   -8,    1,
       2,   -6,    1,    1,    1,   -2,    2,    2,   -6,   -2,  -11,    2,  -11,   -3,   -7,   -7,
     -12,  -14,   -9,   -7,   -6,   -2,   -2,   -4,   -4,   -1,   -4,   -2,   -2,   -2,   -4,   -6,
      -3,   -4,   -4,   -4,   -4,   -2,   -2,   -2,   -2,   -4,   -4,   -4,   -1,   -4,   -2,   -4,
      -6,   -4,   -4,   -4,   -7,   -9,   -5,  -14,   -9,  -12,   -6,   -4,   -6,   -7,   -2,   -4,
      -1,  -14,   -6,   -4,   -4,   -2,   -3,  -25,   -7,    3,   -7,    2,  -11,   -7,    1,   -7,
      -4,  -22,  -14,  -23,   -3,  -21,   -4,    4,   -5,   -2,   -5,   -5,   -6,   -5,   -5,   -4,
      -8,   -7,  -12,    3,  -13,   -6,    2,   -3,   -7,   -5,   -5,   -5,   -5,   -5,   -2,   -5,
      -2,   -5,   -5,  -14,   -5,   -5,   -5,   -4,   -6,   -5,   -5,   -5,   -5,   -5,   -7,    1,
     -21,    2,   -3,  -43,   -7,  -30,   -5,   -1,   -7,    3,   -4,    3,  -10,  -19,   -5,   -5,
      -5,   -5,   -3,    3,   -5,  -19,  -18,  -13,   -7,   -5,   -5,    4,   -2,   -5,   -9,   -2,
      -2,   -4,   -3,   -3,   -6,   -7,   -8,   -3,   -6,   -6,  -11,   -6,   -6,   -7,   -7,   -7,
      -7,   -6,   -7,   -4,   -3,   -7,   -4,   -6,   -6,   -6,   -7,   -7,  -10,  -11,   -7,   -7,
      -7,   -7,   -9,   -7,   -7,   -6,   -7,   -4,   -6,   -7,   -6,   -7,  -13,   -7,   -6,   -6,
      -6,  -11,   -6,   -7,   -7,  -12,   -6,   -8,   -7,   -7,   -6,  -11,   -6,   -7,   -9,   -7,
      -7,   -7,   -2,   -2,   -6,   -3,  -11,   -8,  -11,   -5,   -5,   -4,   -3,   -5,   -6,   -3,
      -5,   -4,   -4,   -8,   -7,   -6,   -4,   -3,   -3,   -2,   -3,   -4,   -4,   -2,   -3,   -3,
      -6,   -3,   -5,   -4,   -3,   -5,   -3,   -3,   -3,  -10,   -5,  -11,   -5,   -6,  -14,   -6,
      -4,   -7,   -3,   -4,   -3,   -6,  -11,   -7,   -3,  -11,   -6,   -3,   -4,   -2,  -29,   -8,
      -9,   -6,  -18,   -6,   -2,   -5,   -8,   -5,   -6,   -8,   -3,  -12,   -4,  -10,   -2,   -4,
      -9,   -3,   -3,   -2,   -6,   -2,   -6,   -6,   -4,   -4,   -7,   -4,  -12,   -3,  -12,   -3,
       1,   -4,   -6,   -4,   -2,   -4,   -9,   -6,   -4,   -8,   -6,   -5,   -4,   -6,  -19,   -5,
      -8,   -5,   -6,   -6,  -20,  -12,   -4,   -2,   -8,   -6,   -4,   -5,   -9,   -6,   -4,  -12,
      -2,  -10,  -10,  -12,   -3,   -3,   -3,   -3,   -7,   -5,   -4,   -4,   -3,   -3,    2,   -3,
      -4,   -3,  -12,  -10,  -12,   -5,  -10,   -5,    1,   -5,    3,   -7,   -6,   -2,   -6,   -9,
      -5,   -4,   -4,   -4,   -4,   -4,   -4,   -6,   -7,   -7,    3,    4,   -4,   -4,    3,   -4,
      -4,   -4,    1,    2,   -5,   -3,   -9,  -12,   -6,   -5,   -5,   -7,   -2,   -4,   -4,   -9,
      -7,  -10,   -4,  -14,   -2,   -2,   -3,  -11,   -3,   -6,   -6,    1,   -3,   -6,   -2,   -6,
      -3,   -3,   -7,  -10,   -6,   -6,   -2,    5,    4,   -3,    1,   -3,    1,    5,   -2,    1,
      -6,   -6,   -6,    2,    1,   -2,   -8,   -3,  -11,   -3,  -10,   -8,   -3,   -2,  -11,  -10,
      -5,   -3,   -5,   -3,   -7,   -5,  -26,   -2,   -6,  -14,   -3,   -9,   -5,  -10,  -12,   -6,
      -3,   -6,   -7,  -10,  -10,   -4,   -9,   -6,   -4,  -10,   -8,   -8,   -9,  -12,   -2,   -9,
      -4,   -4,   -5,   -5,  -10,  -10,   -5,   -4,   -9,   -4,   -6,   -4,  -10,   -2,   -4,  -10,
      -7,   -4,   -4,   -9,  -16,    2,   -3,  -18,  -14,   -8,   -7,   -5,    1,    1,   -6,  -14,
     -15,  -10,   -4,   -6,   -3,   -4,  -15,  -17,  -18,  -14,   -4,  -10,  -10,   -9,   -3,   -3,
     -17,  -11,  -22,   -5,  -24,   -3,   -3,   -3,   -4,   -4,   -4,   -4,   -7,   -4,  -11,   -3,
     -13,   -4,   -4,   -4,   -4,   -3,   -3,   -4,   -4,   -4,   -4,   -4,   -4,   -3,   -4,   -4,
      -4,  -24,   -5,  -24,   -9,   -3,   -3,   -4,   -5,   -3,   -4,   -9,   -4,   -3,    1,   -3,
     -37,   -8,   -7,   -4,   -2,  -15,   -6,   -4,   -4,   -4,   -8,  -11,   -9,   -6,   -3,   -6,
      -3,   -4,   -2,   -5,   -4,   -2,   -3,   -3,   -3,   -1,   -5,   -2,   -5,   -3,   -6,   -2,
      -2,   -2,   -2,   -4,   -3,   -4,   -3,   -2,   -2,   -6,   -2,   -4,   -2,   -3,   -5,   -2,
      -6,   -2,   -2,   -2,   -6,  -15,   -9,  -10,  -11,   -9,   -2,   -9,   -8,   -5,   -5,  -13,
       1,   -4,   -2,   -4,  -11,   -5,   -2,    1,   -2,   -2,   -4,   -6,   -2,   13,  -21,   17,
     -11,   15,   -3,   -7,   33,   -7,  -12,  -14,   -9,   -7,   13,   19,   -6,   -3,   -3,   -4,
       6,   19,   -4,   -2,   -2,   -2,   -4,   -6,    8,    6,   13,   -4,   -4,   -4,   -4,    3,
      11,   -3,   -3,   -4,   -4,   -4,   19,   -4,   -2,   -4,   -6,   -4,   -4,   -4,   -7,   -9,
      -5,  -14,   -9,  -12,   -6,   -4,   -6,   -7,   -3,   -4,   19,  -14,   -6,   -4,   -4,   -3,
      -5,   -3,   -7,   -4,  -14,   -7,  -15,   -3,   -4,   -6,   -3,   -3,   -2,   -3,   -4,   -4,
      -7,   -4,   -6,   -3,   -3,   -3,   -3,   -6,   -6,   -3,   -3,   -3,   -2,   -3,   -3,   -4,
      -3,   -3,   -3,  -15,   -7,  -15,   -5,   -4,   -6,   -3,   -2,   -7,   -4,   -3,   -5,   -3,
      -6,    4,   -7,  -21,  -16,   -7,   -7,   -3,   -7,  -22,   -6,   -4,   -4,   -2,   -4,   -9,
      -5,   -8,  -14,   -3,  -13,   -5,  -15,   -4,   -5,  -11,   -3,   -5,   -3,   -9,   -1,   -9,
      -6,   -5,   -5,   -4,   -6,  -13,   -3,  -13,   -3,   -2,   -5,   -6,   -5,   -4,   -5,  -11,
      -9,   -5,  -14,   -9,   -9,   -5,   -6,  -20,   -5,  -13,   -9,   -5,   -7,   -3,   -9,  -11,
      -9,  -16,  -13,   -5,   -4,  -36,   -9,   -5,   -6,  -14,   -7,   -5,  -13,   -6,    1,  -13,
      -7,  -28,  -15,  -13,   -9,   -9,   -2,  -22,  -23,   -6,   -4,   -4,   -3,    1,   -6,    1,
      -9,   -3,  -21,   -2,  -19,  -11,  -19,  -10,  -11,  -18,  -10,  -13,   -9,  -19,  -16,  -20,
      -3,   -6,  -11,  -19,  -13,   -2,  -19,   -2,  -19,   -2,   -2,  -14,   -6,  -14,  -10,  -11,
     -18,  -20,  -17,  -21,   -6,  -11,  -11,   -6,  -23,    1,  -17,  -15,    1,  -22,   -1,  -10,
     -16,  -10,  -22,  -19,  -10,  -27,  -13,  -26,  -18,  -23,  -19,   -4,  -10,   -6,  -19,  -11,
     -11,  -13,  -18,  -22,  -11,  -19,   -6,    1,  -13,   -7,  -28,  -15,  -13,   -9,   -9,   -2,
     -11,  -23,   -6,   -4,   -4,   -3,    1,   -6,    1,   -9,   -3,  -21,   -2,  -19,  -11,  -19,
     -10,  -11,  -18,  -10,  -13,   -9,  -19,  -16,  -20,   -3,   -6,  -11,  -19,  -13,   -2,  -19,
      -2,  -19,   -2,   -2,  -14,   -6,  -14,  -10,  -11,  -18,  -20,  -17,  -21,   -6,  -11,  -11,
      -6,  -23,    1,  -17,  -15,    1,  -11,   -1,  -10,  -16,  -10,  -22,  -19,  -10,  -27,  -13,
     -26,  -18,  -23,  -19,   -4,  -10,   -6,  -19,  -11,  -11,  -13,  -18,  -22,  -11,  -19,  -11,
     -31,   -7,   -4,   -3,  -10,  -10,  -21,   -5,   -2,   -2,   -3,    1,   -6,    1,   -5,   -3,
     -22,   -1,  -19,  -13,  -17,   -7,  -13,  -18,   -9,  -12,  -14,  -17,  -12,  -13,   -3,   -5,
     -13,  -22,  -13,   -1,  -19,   -1,  -19,   -1,   -6,  -17,   -5,  -14,  -11,  -13,  -18,  -13,
     -17,  -22,   -9,  -13,  -13,   -5,  -22,    1,   -6,    1,  -10,    1,  -17,  -20,  -10,  -19,
      -5,   -7,  -39,  -17,  -13,  -14,  -13,  -10,  -13,  -19,   -5,   -7,   -6,   -3,   -6,   -5,
      -7,   -7,   -7,   -2,   -2,   -3,   -2,   -4,   -5,   -6,   -7,   -5,   -8,   -3,   -2,   -2,
      -3,   -3,   -2,   -2,   -2,   -2,   -3,   -2,   -2,   -4,   -2,   -2,   -2,   -2,   -3,   -7,
      -7,   -7,   -7,   -5,   -2,   -2,   -7,   -5,   -2,   -7,   -2,   -2,   12,    5,   13,  -14,
      -3,   -3,    9,   15,    6,    5,   19,    6,    6,   19,    3,   -3,   10,   -3,   -1,   -1,
       9,   -6,   -5,   -3,   -3,   19,   -5,  -14,    5,    7,   15,    5,    5,    5,    5,   11,
      14,    4,    5,    5,   10,    5,    4,    5,    5,    5,    5,    5,    5,    5,   10,    5,
       5,    5,    5,    5,    6,    5,   10,    5,    5,   -2,  -14,    2,    5,   -4,   -7,   -8,
      -9,    2,   -3,    5,  -10,   -9,   -1,   -9,  -11,   -5,    3,   -1,   -2,   -1,   -5,   -9,
      -5,   -1,   -2,   -3,   -9,   -5,   -5,   -9,   -5,   -3,   -1,   -9,   -9,    1,   -2,    2,
      -5,   -2,   -5,   -4,   -5,   -3,   -6,   -3,   -3,   -3,   -4,   -6,   -5,   -4,   -3,   -3,
      -3,   -3,   -5,   -4,   -5,   -4,   -3,   -3,   -3,   -3,   -3,   -3,   -5,   -3,   -3,   -3,
      -5,   -2,   -6,   -5,   -5,   -3,   -3,   -5,   -3,   -6,   -3,   -5,   -6,   -1,    5,   -3,
       5,   -3,    1,   -5,   -5,   -4,    2,    3,    1,   -3,    1,   -3,   -5,   -7,    1,   -5,
      -7,   -3,   -4,   -5,   -8,   -6,   -4,   -5,   -8,   -5,   -6,   -2,   -7,   -6,   -4,   -4,
      -8,   -7,   11,   10,   28,   13,   -8,   -7,    9,   20,   41,   -2,   15,   -3,    3,   -2,
       5,    3,    3,    1,    3,   -4,    1,   24,    8,    8,   10,   13,   -3,   15,   -3,   15,
      11,    8,   11,   12,   10,   21,    8,    1,   10,   -1,   21,    9,    8,   -4,   -3,    3,
       5,   -4,    3,    3,   -2,    5,    5,    5,   -3,   -3,   -4,   -3,    2,   10,   -3,   -3,
      -2,   -2,   -6,   -2,    2,   -3,   -3,   -3,   -3,   -4,   -5,   -4,   -3,   -3,   -3,   -3,
      10,   -3,   -3,   -3,   -3,   -3,   -3,   -3,   -6,   -4,   -3,   10,   -6,   -3,   -3,   -4,
       2,    5,   -6,   -7,   -4,   -2,    1,    5,   -2,   -6,   -7,   -7,   -8,   -7,   -6,   -3,
       5,   -7,   -6,   -3,  -14,    3,   -6,   -6,   -7,   -4,   -9,   -4,   -7,   -6,   -4,   -7,
      -4,   -3,   -3,   -2,   -2,   -5,   -4,   -4,   -4,   -4,   -9,   -4,   -9,   -4,   -4,   -4,
      -4,   -6,    2,   -4,   -7,   -5,   -4,   -7,   -4,   -4,   -4,   -6,    1,   -2,   -9,    1,
      -3,   -3,   -5,   -2,   -9,   -4,   -6,   -2,   -4,   -3,   -6,   -4,   -9,    2,    7,    2,
       3,   21,    5,   -6,   -6,   -1,    2,    2,    2,    2,    5,    2,    2,    2,   21,    2,
       2,    2,    2,    2,    2,   -6,    5,    2,   21,   -6,    2,    2,   -2,   -2,  -18,   -5,
      -2,   -3,   -8,   -5,   -6,   -3,   -5,    1,   -3,   -3,   -1,    2,   -4,    4,   -3,   -3,
      -3,   -3,   -3,   -6,   -5,   -6,   -5,   -3,   -3,   -3,    1,   -3,   -3,   -3,   -8,   -3,
      -3,   -3,   -3,  -18,   -4,   -4,  -15,    1,   -5,  -10,   -6,   -3,    1,   -4,   -3,    1,
      -2,   -3,   -6,  -11,   -5,   -4,   -7,   -5,   -7,   -3,   -7,   -3,   -2,   -4,   -3,   -2,
      -3,   -3,   -3,   -2,   -4,   -2,   -4,   -2,   -2,   -3,   -3,   -3,   -4,   -2,   -3,   -4,
       5,   -4,   -2,   -5,   -3,   -3,   -2,   -3,   -9,   -5,   -2,   -2,   -9,  -19,   -4,   -3,
      -4,   -5,   -2,   -5,   -2,   -5,   -2,   -2,   -6,    3,    2,    5,   -2,    5,   -3,   -2,
      -2,   -2,   -2,   -5,   -2,   -5,   -2,   -2,   -2,   -2,   -2,    2,   -2,   -6,   -3,   -2,
      -5,   -2,   -2,   -2,   -4,   -3,   -2,   -1,  -13,    2,    6,   -5,   -5,   -5,   -2,   -2,
      -2,    5,   -2,    6,   -4,   -2,   -5,  -19,   -4,   -3,   -4,   -5,   -2,  -10,   -2,   -5,
      -2,   -2,   -6,    3,    2,    5,   -2,    5,   -3,   -2,   -2,   -2,   -2,  -10,   -2,  -10,
      -2,   -2,   -2,   -2,   -2,    2,   -2,   -6,   -3,   -2,   -5,   -2,   -2,   -2,   -4,   -3,
      -2,   -1,  -13,    2,    6,   -5,   -5,  -10,   -2,   -2,   -2,    5,   -2,    6,   -4,   -2,
     -10,   -1,   -3,   -5,   -5,   -4,   -1,   -1,   -3,   -5,   -5,    7,    2,   13,   -4,   -3,
      -3,    5,    7,    2,    2,    8,    2,    2,    8,    1,   -3,    4,   -3,   -1,   -1,    2,
      -2,   -5,   -3,   -3,    8,   -5,   -2,   -3,   -9,    2,    6,   -7,    1,   -5,    3,   -7,
       2,   -6,   -2,   -6,   -9,   -5,   -4,    6,   -4,   -4,   -4,   -4,   -4,   -6,   -7,   -7,
       5,    3,    4,   -4,   -4,    3,   -4,   -4,   -4,    1,    2,   -5,   -3,   -9,  -12,   -6,
      -5,   -5,   -7,   -2,   -4,   -4,   -9,   -7,  -10,   -4,   -3,   -2,   -5,   -4,   -3,   -5,
      -3,   -5,   -1,   -6,   -6,   -9,   -4,   -5,   -5,   -5,   -5,   -2,   -3,   -2,   -3,   -5,
      -5,   -5,   -3,   -5,   -3,   -4,   -5,   -5,   -5,   -5,   -6,   -2,   -5,   -3,   -6,   -5,
      -5,   -2,    2,   -5,   -2,   -5,   -4,   -5,   -3,   -6,   -4,   -3,   -3,   -4,   -6,   -5,
      -4,   -3,   -3,   -3,   -3,   -5,   -4,   -5,   -4,   -3,   -3,   -3,   -4,   -3,   -3,   -5,
      -3,   -3,   -3,   -5,   -2,   -6,   -5,   -5,   -3,   -4,   -5,   -3,   -6,   -3,   -5,   -7,
      -5,   -8,   -6,   -6,   -5,   -8,   -5,   -6,   -2,   -7,   -6,   -4,   -7,   -8,   -7,   -6,
      -1,    5,   -3,    5,   -3,    2,    1,   -5,   -5,   -4,    2,    6,    7,    2,    2,    7,
       1,    1,    1,   -3,    4,    3,   -3,   -5,   -7,    1,   -5,   -7,   -3,   -6,   -1,    5,
      -3,    5,   -3,    4,    1,   -5,   -5,   -4,    2,    2,    2,    8,    4,    4,    5,    2,
       4,    1,    5,   -3,    8,    2,   -3,   -5,   -7,    1,   -5,   -7,   -3,   -6,   -1,    5,
      -3,    5,   -3,    3,    1,   -5,   -5,   -4,    2,    4,    8,    7,    3,    3,    8,    3,
       4,    1,    2,   -3,    7,    8,   -3,   -5,   -7,    1,   -5,   -7,   -3,   -6,   -1,    5,
      -3,    5,   -3,    5,    8,    1,    8,   -5,   -5,   -4,    2,    2,    1,    8,   13,    5,
       5,    8,    1,    3,    1,    8,    5,   -3,    8,    4,    8,   -3,   -5,   -7,    8,    1,
      -5,    8,   -7,   -3,    8,   -3,  -25,   -7,    3,   -7,    2,  -11,   -7,    1,   -7,  -22,
     -14,  -23,   -3,  -21,   -4,    4,   -5,   -2,   -5,   -5,   -6,   -5,   -5,   -4,   -8,   -7,
     -12,    3,  -13,   -6,    2,   -3,   -7,   -5,   -5,   -5,   -5,   -5,   -2,   -5,   -2,   -5,
      -5,  -14,   -5,   -5,   -5,   -4,   -6,   -5,   -5,   -5,   -5,   -5,   -7,    1,  -21,    2,
      -3,  -43,   -7,  -30,   -5,   -1,   -7,    3,   -4,    3,  -10,  -19,   -5,   -5,   -5,   -5,
      -3,    3,   -5,  -19,  -18,  -13,   -7,   -5,   -5,   14,   19,   19,   11,   17,   12,   24,
      21,    3,   24,    2,   14,    4,   16,   14,   12,   12,   10,   11,   11,   10,   21,   14,
      14,   14,   14,    2,   24,   13,   24,   14,   14,   14,   16,   14,   14,   24,   14,    3,
      14,   14,   14,   12,   11,    2,   14,   16,   11,   14,   12,   14,    2,   -2,   -2,   -6,
      -3,    5,  -11,   -8,  -11,   -5,   -5,   -4,   -3,   -5,   -6,   -3,   -5,   -4,   -4,   -8,
      -7,   -6,   -4,   -3,   -3,   -2,   -3,   -4,   -4,   -2,   -3,   -3,   -6,   -3,   -5,   -4,
      -3,   -5,   -3,   -3,   -3,  -10,   -5,  -11,   -5,   -6,  -14,   -6,   -4,   -7,   -3,   -4,
      -3,   -6,  -11,   -7,   -3,  -11,   -6,   -3,   -4,   -4,   -5,   -8,   -6,   -4,    1,   -5,
      -8,   -5,   -6,   -2,   -7,   -6,   -4,   -4,   -8,   -7,    1,   -5,    3,   -7,   -6,   -2,
      -6,   -9,   -5,   -4,   -4,   -4,   -4,   -4,   -4,   -9,   -7,   -7,    3,    4,   -4,   -4,
       3,   -4,   -4,   -4,    1,    2,   -5,   -3,   -9,  -12,   -6,   -5,   -5,   -7,   -2,   -4,
      -4,   -9,   -7,  -10,   -4,   -6,   -1,    5,   -3,    5,   -3,    2,    1,   -5,   -5,   -4,
       2,    4,    6,   10,    2,    2,    7,    5,   10,    6,   12,   -3,   15,    3,   -3,   -5,
      -7,    1,   -5,   -7,   -3,    1,   -6,   -1,    5,   -3,    5,   -3,    1,   -5,   -5,   -4,
       2,    5,    4,    5,    1,    1,    5,   -3,    8,    1,   -3,   -5,   -7,    1,   -5,   -7,
      -3,   -6,   -1,    5,   -3,    5,   -3,    3,    1,   -5,   -5,   -4,    2,    2,    4,    6,
       3,    3,    5,    2,    6,    1,    9,   -3,   12,    1,   -3,   -5,   -7,    1,   -5,   -7,
      -3,   -6,   -1,    5,   -3,    5,   -3,    9,   -5,   -5,   -4,    2,    3,    9,   -3,    1,
      -3,   -5,   -7,    9,   -5,   -7,   -3,    2,    5,    5,   -6,   -7,   -4,   -2,    1,    5,
       5,    5,   -2,   -6,   -7,   -7,   -8,   -7,   -6,   -3,    5,   -7,   -6,    1,    1,   -3,
      -3,    5,    5,    5,   -3,   -3,    8,    8,    8,    8,    8,    2,    2,    2,   -3,   -2,
      -4,   -3,    1,   -3,   -3,   -3,   -2,   -4,   -2,   -4,   -2,    1,   -3,   -3,   -3,   -4,
       1,   -3,   -4,    5,    7,    5,    7,    7,   -3,    3,   -4,   -3,   -1,   -3,   -3,   -3,
      -2,   -4,    3,   -4,    3,   -1,   -3,    1,   -3,   -3,   -4,   -1,   -3,   -4,   -6,   -2,
     -11,    2,  -11,   -3,   -7,    2,    2,   -7,  -20,  -14,  -17,   -7,   -6,    1,   -2,   -4,
      -4,   -1,   -4,   -2,   -2,   -2,   -4,   -6,   -3,    2,   -4,   -4,   -4,   -4,   -2,    1,
      -2,    1,   -4,   -4,    2,   -4,   -1,   -4,   -2,   -4,   -6,   -4,   -4,   -4,    2,   -7,
     -17,   -5,  -14,  -17,  -12,   -6,   -4,   -6,   -7,   -2,   -4,   -1,  -14,   -6,   -4,   -4,
      -2,    2,    2,    1,    2,    2,    2,    3,    2,    2,    2,    2,    2,    4,    2,    3,
       5,    3,    7,    2,    2,    3,    7,    7,   15,    6,    2,    2,    5,    5,    3,    5,
      10,    2,    4,    2,    3,    3,    2,    2,    2,   -1,    2,    2,   -6,   -1,    5,   -3,
       5,   -3,    3,    1,   -5,   -5,   -4,    2,    2,    2,    6,    3,    3,    6,    3,    6,
       1,    7,   -3,   11,    2,   -3,   -5,   -7,    1,   -5,   -7,   -3,   -6,   -1,    5,   -3,
       5,   -3,    2,    1,   -5,   -5,   -4,    2,    5,    5,    2,    2,    6,    1,    1,   -3,
       4,    4,   -3,   -5,   -7,    1,   -5,   -7,   -3,   -6,   -1,    5,   -3,    5,   -3,    1,
      -5,   -5,   -4,    2,    1,    8,    8,    9,    2,    2,    1,    2,   -3,    5,    6,   -3,
      -5,   -7,    1,   -5,   -7,   -3,   -2,    2,   -7,   -4,  -33,  -25,  -19,  -11,   -2,  -14,
     -37,   -8,   -5,   -3,    1,   -9,   -1,   -2,  -15,    2,  -21,   -6,   -7,   -6,  -12,   -3,
      -6,   -3,   -7,   -5,   -2,   -8,   -6,   -6,   -6,   -6,  -21,    2,  -21,    2,   -6,   -6,
      -8,   -6,   -7,   -6,  -12,   -6,  -15,   -6,   -6,   -6,   -8,  -26,   -1,  -19,  -26,   -1,
     -32,   -5,  -10,  -17,   -6,  -19,   -7,   -4,  -20,   -4,   -6,   -8,  -21,  -21,   -3,   -7,
      -9,  -14,   -3,   -6,   -6,  -22,  -14,   -6,  -21,    1,   -5,    3,   -7,   -6,   -2,   -6,
      -9,   -5,   -4,   -4,   -4,   -4,   -4,   -4,   -6,   -7,   -7,    3,    4,   -4,   -4,    3,
      -4,   -4,   -4,    1,    2,    3,   -5,   -3,   -9,  -12,   -6,   -5,   -5,   -7,   -2,   -4,
      -4,   -9,   -7,  -10,   -4,   -6,   -8,   -4,   -4,   -2,   -5,   -6,   -5,   -4,   -3,   -2,
      -2,   -3,   -2,   -3,   -7,   -8,   -5,   -2,   -2,   -2,   -2,   -2,   -3,   -3,   -2,   -2,
      -2,   -2,   -3,   -2,   -2,   -4,   -2,   -2,   -2,   -3,   -5,   -6,   -5,   -7,   -9,   -7,
      -8,   -4,   -8,   -5,   -6,   -5,   -3,   -3,    1,   -6,   -8,   -2,   -6,   -2,   -3,   -3,
     -11,   -6,   -5,   -2,  -10,   -6,  -15,  -11,  -15,   -5,   -6,   -6,   -6,   -2,  -15,   -3,
     -11,  -15,   -2,  -18,   -8,  -11,   -2,  -17,   -7,   -7,   -9,    1,   -4,  -19,  -14,  -26,
     -12,  -22,   -6,  -12,   -8,   -4,   -4,   -6,   -4,    1,  -22,    1,  -12,  -22,   -9,  -29,
      -5,  -10,    2,   -5,    1,  -12,  -14,   -1,   -6,  -12,  -14,  -15,   -6,   -9,   -5,   -3,
      -7,   -5,  -26,   -2,   -6,  -14,   -3,   -9,   -5,  -23,  -12,   -6,   -3,   -6,   -7,  -10,
     -10,   -4,   -9,   -6,   -4,  -10,   -8,   -8,   -9,  -12,   -2,   -9,   -4,   -4,   -5,   -5,
     -10,  -10,   -5,   -4,   -9,   -4,   -6,   -4,  -10,   -2,   -4,  -10,   -7,   -4,   -4,   -9,
     -16,    2,   -3,  -18,  -14,   -8,   -7,   -5,    1,    1,   -6,  -14,  -15,  -10,   -4,   -6,
      -3,   -4,  -15,  -17,  -18,  -14,   -4,  -10,   -6,    1,  -13,   -7,  -28,  -15,  -13,   -9,
      -9,   -2,  -11,  -23,   -6,   -4,   -4,   -3,    1,   -6,    1,   -9,   -3,  -21,   -2,  -19,
     -11,  -19,  -10,  -11,  -18,  -10,  -13,   -9,  -19,  -16,  -20,   -3,   -6,  -11,  -19,  -13,
      -2,  -19,   -2,  -19,   -2,   -2,  -14,   -6,  -14,  -10,  -11,  -18,  -20,  -17,  -21,   -6,
     -11,  -11,   -6,  -23,    1,  -17,  -15,    1,  -11,   -1,  -10,  -16,  -10,  -22,  -19,  -10,
     -56,  -13,  -26,  -18,  -23,  -19,   -4,  -10,   -6,  -19,  -11,  -11,  -13,  -18,  -22,  -11,
     -19,   -6,  -11,   -5,   -4,   -5,  -10,   -7,  -25,  -18,  -15,  -15,   -8,   -5,   -3,   -3,
      -5,   -4,   -4,   -5,   -3,   -2,   -4,   -6,  -10,   -7,   -5,   -7,   -5,   -5,   -5,   -5,
      -3,   -3,   -3,   -3,   -5,   -5,   -7,   -5,   -4,   -5,   -3,   -5,   -5,   -5,   -5,   -5,
      -5,   -7,  -12,  -15,   -8,  -15,  -15,   -5,  -13,  -10,  -11,   -8,  -10,   -7,   -9,   -5,
      -7,   -3,   -7,   -3,   -5,   -4,  -15,  -10,   -5,   -7,   -5,   -3,   -5,   -5,   -3,   -2,
       2,   -7,   -4,  -33,  -25,  -19,  -11,   -2,  -14,  -37,   -8,   -5,   -3,    1,   -9,   -1,
      -2,  -15,    2,  -21,   -6,   -7,   -6,  -12,   -3,   -6,   -3,   -7,   -5,   -2,   -8,   -6,
      -6,   -6,   -6,  -21,    2,  -21,    2,   -6,   -6,   -8,   -6,   -7,   -6,  -12,   -6,  -15,
      -6,   -6,   -6,   -8,  -26,   -1,  -19,  -26,   -1,  -32,   -5,  -10,  -17,   -6,  -19,   -7,
      -4,  -20,   -4,   -6,   -8,  -21,  -21,   -3,   -7,   -9,  -41,   -3,   -6,   -6,  -22,  -14,
      -6,  -21,  -10,    5,    1,    5,   -6,   -1,   -6,   -4,   -4,   10,  -12,  -11,   -5,  -10,
       4,   -4,    8,   -2,   -8,   -4,    2,   -4,   -4,    1,   -4,   -4,    8,   -4,   -2,  -10,
       2,   -5,  -10,   -6,  -15,   -2,   -3,   -2,    4,   -7,   -4,    8,   -5,  -10,   -8,   -6,
      -4,   -6,    1,  -13,   -7,  -75,  -15,  -13,   -9,   -9,   -2,  -11,  -50,   -6,   -4,   -4,
      -3,    1,  -12,    1,   -9,   -3,  -21,   -2,  -19,  -11,  -19,  -10,  -11,  -18,  -10,  -13,
      -9,  -19,  -16,  -20,   -3,   -6,  -11,  -19,  -13,   -2,  -19,   -2,  -19,   -2,   -2,  -14,
      -6,  -14,  -10,  -11,  -18,  -20,  -17,  -21,   -6,  -11,  -11,   -6,  -23,    1,  -17,  -15,
       1,  -11,   -1,  -10,  -16,  -10,  -22,  -19,  -10,  -27,  -13,  -26,  -18,  -23,  -19,   -4,
     -10,  -12,  -19,  -11,  -11,  -13,  -18,  -22,  -11,  -19,   -6,   -2,  -11,    2,  -11,   -3,
      -7,   -5,   -7,  -12,  -14,   -9,   -7,   -6,   -2,   -2,   -4,   -4,   -1,   -4,   -2,   -2,
      -2,   -4,   -6,   -3,   -5,   -4,   -4,   -4,   -4,   -2,   -2,   -2,   -2,   -4,   -4,   -5,
      -4,   -1,   -4,   -2,   -4,   -6,   -4,   -4,   -4,   -5,   -7,   -9,   -5,  -14,   -9,  -12,
      -6,   -4,   -6,   -7,   -2,   -4,   -1,  -14,   -6,   -4,   -4,   -2,   -5,   -5,    4,   -1,
      -2,   -5,   -2,   -5,   -2,   -2,   -2,   -2,   -2,   -2,   -2,   -2,   -5,   -2,   -2,   -2,
      -2,   -2,   -4,   -5,   -3,   -2,   -9,   -9,   -2,   -2,   -2,   -5,   -5,   -2,   -9,   -2,
       6,    2,   12,    4,   11,    1,   -4,    5,    1,    2,   -4,    1,   -4,    1,    5,    5,
       1,    4,    1,   -5,   -5,   -2,    1,   -4,    5,    1,    1,   -5,  -11,   -4,   -3,  -14,
       3,   -6,   -6,   -7,   -4,   -9,   -4,   -7,   -6,   -4,   -7,   -4,   -3,   -3,   -2,   -6,
      -5,   -4,   -4,   -4,   -4,   -9,   -4,   -9,   -4,   -4,   -4,   -4,   -6,    2,   -4,   -7,
      -5,   -4,   -7,   -4,   -4,   -4,   -6,    1,   -2,   -9,    1,   -3,   -3,   -5,   -2,   -9,
      -4,   -6,   -2,   -4,   -3,   -6,   -4,   -9,   -3,    1,   -2,   -3,   -2,    2,   -3,    2,
      -2,  -10,    5,   -2,   -2,   -5,   -3,   -5,   -2,   -5,   -7,   -6,   -5,   -5,   -5,   -5,
      -2,   -2,   -5,   -5,   -5,   -3,   -5,   -2,   -5,   -5,   -5,   -5,   -4,   -4,   -7,   -5,
      -5,  -10,   -7,   -7,   -4,   -2,   -5,   -3,   -7,   -5,   -7,   -5,   -2,   -6,   -1,    5,
      -3,    5,   -3,    4,    1,   -5,   -5,   -4,    2,    4,    4,    1,   -3,   -3,   -5,   -7,
      10,    1,   -5,   -7,   -3,   -5,   -3,   -7,   -5,  -26,   -2,   -6,  -14,   -3,   -9,   -5,
     -40,  -12,   -6,   -3,  -37,   -7,  -10,  -10,   -4,   -9,   -6,   -4,  -10,   -8,   -8,   -9,
     -12,   -2,   -9,   -4,   -4,   -5,   -5,  -10,  -10,   -5,   -4,   -9,   -4,   -6,   -4,  -10,
      -2,   -4,  -10,   -7,   -4,   -4,   -9,  -37,    2,   -3,  -37,  -14,  -42,   -7,   -5,    1,
       1,   -6,  -14,  -15,  -10,   -4,   -6,   -3,   -4,  -15,  -17,  -18,  -14,   -4,  -10,  -19,
       1,    1,    1,    1,    1,  -10,  -30,  -23,   -6,  -18,  -38,   -3,   -6,    2,  -18,    2,
     -18,  -11,   -8,  -11,  -19,  -10,  -19,  -13,   -3,  -11,  -11,  -11,  -11,  -18,    2,  -18,
       2,  -11,  -11,   -3,  -11,   -8,  -11,  -19,  -11,  -18,  -11,  -11,  -11,   -3,  -23,    2,
     -15,  -17,    2,  -18,   -4,  -22,  -10,  -25,  -19,  -16,  -23,  -14,  -18,  -16,  -30,  -36,
      -8,   -8,   -6,  -19,  -11,  -18,  -18,  -11,  -18,   -2,   -2,  -18,   -5,   -2,   -3,  -19,
      -5,  -14,   -9,   -5,    1,   -9,  -13,   -1,    2,   -4,    4,   -3,   -9,   -9,   -9,   -9,
     -14,   -5,  -14,   -5,   -9,   -9,   -9,    1,   -9,  -13,   -9,  -19,   -9,   -9,   -9,   -3,
     -39,   -4,  -10,  -15,    1,  -13,  -23,  -14,   -9,    1,   -4,   -9,    1,   -2,   -9,  -14,
     -17,   -7,   -7,   -9,    1,   -4,  -19,  -14,  -49,  -12,  -22,   -6,  -12,   -8,   -4,   -4,
      -6,   -4,    1,  -22,    1,  -12,  -22,   -9,  -54,   -5,  -10,    2,   -5,    1,  -12,  -14,
      -1,   -6,  -12,  -14,  -15,   -6,   -9,  -10,    5,    1,    5,   -6,   -1,  -26,   -3,   -4,
      12,  -12,  -11,   -5,  -10,    4,   -4,   15,   -2,   -8,   -9,    2,   -4,   -4,    1,   -4,
      -4,   14,   -4,   -2,  -10,    2,   -5,  -10,  -26,  -33,   -2,   -3,   -5,    4,   -7,   -4,
      14,   -5,  -10,   -8,  -26,   -4,  -10,    5,    1,    5,   -6,   -1,  -25,   -3,   -4,   21,
     -25,  -11,   -5,  -10,    4,   -4,   15,   -2,   -8,   -2,  -10,    2,   -4,   -4,    1,   -4,
      -4,   15,   -4,   -2,  -10,    2,   -5,  -10,  -25,  -32,   -2,   -3,    2,   -1,   -5,    4,
      -7,   -4,   15,   -5,    3,  -10,   -8,  -25,   -4,   -6,   -2,  -11,    2,  -11,   -3,   -7,
      -7,  -12,  -14,   -9,   -7,   -6,   -2,   -2,   -4,   -4,   -1,   -4,   -2,   -2,   -2,   -4,
      -6,   -3,   -4,   -4,   -4,   -4,   -2,   -2,   -2,   -2,   -4,   -4,   -4,   -1,   -4,   -2,
      -4,   -6,   -4,   -4,   -4,   -7,   -9,   -5,  -14,   -9,  -33,   -6,   -4,   -6,   -7,   -2,
      -4,   -1,  -14,   -6,   -4,   -4,   -2,  -10,    5,    1,    5,   -6,   -1,  -25,   -3,   -4,
      10,  -12,  -11,   -5,  -10,    4,   -4,    8,   -2,   -8,   -4,    2,   -4,   -4,    1,   -4,
      -4,    8,   -4,   -2,  -10,    2,   -5,  -10,  -25,  -15,   -2,   -3,   -2,    4,   -7,   -4,
       8,   -5,  -10,   -8,  -25,   -4,   -4,   -5,   -5,  -12,   -5,   -3,   -7,   -5,  -26,   -2,
      -6,  -14,   -3,   -9,   -4,  -10,  -12,   -6,   -3,   -6,   -7,  -10,  -10,   -4,   -9,   -6,
      -4,  -10,   -8,   -8,   -9,  -12,   -2,   -9,   -4,   -4,   -5,   -5,  -10,  -10,   -5,   -4,
      -9,   -4,   -6,   -4,  -10,   -2,   -4,  -10,   -7,   -4,   -4,   -9,  -16,    2,   -3,  -18,
     -14,   -8,   -7,   -5,    1,    1,   -6,  -14,  -15,  -10,   -4,   -6,   -3,   -4,  -15,  -17,
     -18,  -14,   -4,  -10,    5,    5,    5,    5,   -5,   -3,   -7,   -5,  -26,   -2,   -6,  -29,
      -3,   -9,   -2,  -10,  -12,  -12,   -3,  -11,   -7,  -10,  -10,   -4,   -9,    5,   -4,  -10,
      -8,   -8,   -9,  -12,   -2,   -9,   -4,   -4,   -5,   -5,  -10,  -10,   -5,   -4,   -9,   -4,
       5,   -4,  -10,   -2,   -4,  -10,   -7,   -4,   -4,   -9,  -11,    2,   -3,  -11,  -29,  -14,
      -7,   -5,    1,    1,   -6,  -14,  -15,  -10,   -4,    5,   -3,   -4,  -15,  -17,  -18,  -29,
      -4,  -10,   -3,  -14,    3,   -6,   -6,   -7,   -4,   -9,   -4,   -7,   -4,   -4,   -7,   -4,
      -3,   -3,   -2,   -2,   -5,   -4,   -4,   -4,   -4,   -9,   -4,   -9,   -4,   -4,   -4,   -4,
      -4,    2,   -4,   -7,   -5,   -4,   -7,   -4,   -4,   -4,   -6,    1,   -2,   -9,    1,   -3,
      -3,   -5,   -2,   -9,   -4,   -4,   -2,   -4,   -3,   -6,   -4,   -9,   -3,  -25,   -7,    3,
      -7,    2,  -11,   -7,    1,   -7,   -4,  -22,  -14,  -23,   -3,  -21,   -4,    4,   -5,   -2,
      -5,   -5,   -6,   -5,   -5,   -4,   -8,   -7,  -12,    3,  -13,   -6,    2,   -3,   -7,   -5,
      -5,   -5,   -5,   -5,   -2,   -5,   -2,   -5,   -5,  -12,   -5,   -5,   -5,   -4,   -6,   -5,
      -5,   -5,   -5,   -5,   -7,    1,  -21,    2,   -3,  -43,   -7,  -30,   -5,   -1,   -7,    3,
      -4,    3,  -10,  -19,   -5,   -5,   -5,   -5,   -3,    3,   -5,  -19,  -18,  -13,   -7,   -5,
      -5,   -6,   -1,    5,   -3,    5,   -3,    1,   -5,   -5,   -4,    2,    2,    4,    2,    1,
       1,    2,   -3,    6,   -3,   -5,   -7,    1,   -5,   -7,   -3,   -6,   -1,    5,   -3,    5,
      -3,    4,   -5,   -5,   -4,    2,    3,    4,   -3,    1,   -3,   -5,   -7,    4,   -5,   -7,
      -3,   -6,   -2,  -11,    2,  -11,   -3,   -7,   -7,  -23,  -14,  -17,   -7,   -6,   -2,   -2,
      -4,   -4,   -1,   -4,   -2,   -2,   -2,   -4,   -6,   -3,   -4,   -4,   -4,   -4,   -2,   -2,
      -2,   -2,   -4,   -4,   -4,   -1,   -4,   -2,   -4,   -6,   -4,   -4,   -4,   -7,  -17,   -5,
     -14,  -17,  -12,   -6,   -4,   -6,   -7,   -2,   -4,   -1,  -14,   -6,   -4,   -4,   -2,    2,
       4,    4,    2,    2,    2,    7,    2,    2,    3,    7,    7,   15,    6,    2,    2,    5,
       5,    3,    5,   10,    2,    4,    2,    2,    2,    2,    4,    4,    2,    2,    5,    7,
       2,    2,    3,    7,    7,   15,    6,    2,    2,    5,    5,    3,    5,   10,    2,    4,
       2,    5,    5,    2,    7,    4,    2,    2,    2,    7,    2,    2,    3,    7,    7,   15,
       6,    2,    2,    5,    5,    3,    5,   10,    2,    4,    2,    2,    2,    2,    4,    2,
       2,    2,    2,    7,    2,    2,    3,    7,    7,   15,    6,    2,    2,    5,    5,    3,
       5,   10,    2,    4,    2,    2,    2,  -19,   -4,   -3,   -4,   -5,   -6,   -5,   -2,   -6,
       6,   -2,   -6,    3,    2,    5,   -2,    5,   -3,   -2,   -2,   -2,   -2,   -5,   -1,   -5,
      -6,   -2,   -2,   -2,    6,    2,   -2,   -6,   -3,   -2,   -5,   -2,   -2,   -2,   -4,   -3,
      -2,   -1,  -13,    2,    6,   -5,   -5,   -5,   -2,    6,   -2,    5,   -2,    6,   -4,   -2,
      -5,   -3,   -2,   -5,   -2,   -7,   -4,   -5,   -2,    1,   -4,   -2,   -4,
};

static const EpdLigaturePair bitter_8_regularLigaturePairs[] = {
    { 0x00660069, 0xFB01 }, // f i -> U+FB01
    { 0x0066006C, 0xFB02 }, // f l -> U+FB02
};

static constexpr EpdFontData bitter_8_regular = {
    bitter_8_regularBitmaps,
    bitter_8_regularGlyphs,
    bitter_8_regularIntervals,
    84,
    20,
    16,
    -5,
    true,
    bitter_8_regularGroups,
    16,
    nullptr,
    nullptr,  // kernLeftClasses: built-in fonts use split arrays
    nullptr,  // kernRightClasses
    bitter_8_regularKernLeftCodepoints,
    bitter_8_regularKernLeftClassIds,
    bitter_8_regularKernRightCodepoints,
    bitter_8_regularKernRightClassIds,
    nullptr,  // kernMatrix: built-in fonts use sparse rows
    bitter_8_regularKernRowOffsets,
    bitter_8_regularKernSparseCols,
    bitter_8_regularKernSparseValues,
    707,
    703,
    139,
    111,
    bitter_8_regularLigaturePairs,
    2,
};
