/**
 * generated by fontconvert.py
 * name: bitter_16_regular
 * size: 16
 * mode: 2-bit  compressed: true
 * Command used: fontconvert.py bitter_16_regular 16 ../builtinFonts/source/Bitter/Bitter-Regular.ttf ../builtinFonts/source/ChareInk7/ChareInk7-Regular.ttf ../builtinFonts/source/NotoSymbols/NotoSansSymbols-Regular.ttf ../builtinFonts/source/NotoSansCJKsc/NotoSansCJKsc-Regular.otf --additional-intervals 0x03BB,0x03BB --additional-intervals 0x0410,0x0414 --additional-intervals 0x0418,0x0418 --additional-intervals 0x041B,0x041B --additional-intervals 0x041D,0x0423 --additional-intervals 0x0425,0x0425 --additional-intervals 0x0427,0x0427 --additional-intervals 0x042B,0x042C --additional-intervals 0x042E,0x0432 --additional-intervals 0x0434,0x0435 --additional-intervals 0x0437,0x0437 --additional-intervals 0x043A,0x043A --additional-intervals 0x043D,0x043E --additional-intervals 0x0440,0x0440 --additional-intervals 0x0442,0x0442 --additional-intervals 0x0446,0x0446 --additional-intervals 0x044C,0x044C --additional-intervals 0x044E,0x044E --additional-intervals 0x2113,0x2113 --additional-intervals 0x2669,0x266F --additional-intervals 0x4F1A,0x4F1A --additional-intervals 0x53BB,0x53BB --additional-intervals 0x5458,0x5458 --additional-intervals 0x59DA,0x59DA --additional-intervals 0x5B98,0x5B98 --additional-intervals 0x5BA4,0x5BA4 --additional-intervals 0x5E26,0x5E26 --additional-intervals 0x6211,0x6211 --additional-intervals 0x62C9,0x62C9 --additional-intervals 0x653E,0x653E --additional-intervals 0x6746,0x677F --additional-intervals 0x7532,0x7532 --additional-intervals 0x7684,0x7684 --additional-intervals 0x8BAE,0x8BAE --additional-intervals 0x8BF7,0x8BF7 --additional-intervals 0x91CA,0x91CA --font-include-intervals 1:0x03BB,0x03BB --font-include-intervals 1:0x0410,0x0414 --font-include-intervals 1:0x0418,0x0418 --font-include-intervals 1:0x041B,0x041B --font-include-intervals 1:0x041D,0x0423 --font-include-intervals 1:0x0425,0x0425 --font-include-intervals 1:0x0427,0x0427 --font-include-intervals 1:0x042B,0x042C --font-include-intervals 1:0x042E,0x0432 --font-include-intervals 1:0x0434,0x0435 --font-include-intervals 1:0x0437,0x0437 --font-include-intervals 1:0x043A,0x043A --font-include-intervals 1:0x043D,0x043E --font-include-intervals 1:0x0440,0x0440 --font-include-intervals 1:0x0442,0x0442 --font-include-intervals 1:0x0446,0x0446 --font-include-intervals 1:0x044C,0x044C --font-include-intervals 1:0x044E,0x044E --font-include-intervals 1:0x2113,0x2113 --font-include-intervals 2:0x2669,0x266F --font-include-intervals 3:0x4F1A,0x4F1A --font-include-intervals 3:0x53BB,0x53BB --font-include-intervals 3:0x5458,0x5458 --font-include-intervals 3:0x59DA,0x59DA --font-include-intervals 3:0x5B98,0x5B98 --font-include-intervals 3:0x5BA4,0x5BA4 --font-include-intervals 3:0x5E26,0x5E26 --font-include-intervals 3:0x6211,0x6211 --font-include-intervals 3:0x62C9,0x62C9 --font-include-intervals 3:0x653E,0x653E --font-include-intervals 3:0x6746,0x677F --font-include-intervals 3:0x7532,0x7532 --font-include-intervals 3:0x7684,0x7684 --font-include-intervals 3:0x8BAE,0x8BAE --font-include-intervals 3:0x8BF7,0x8BF7 --font-include-intervals 3:0x91CA,0x91CA --2bit --compress --pnum --darken-aa --zopfli
 */
#pragma once
#include "EpdFontData.h"

static const uint8_t bitter_16_regularBitmaps[36541] = {
    0xB5, 0x99, 0x01, 0xA4, 0x27, 0x49, 0x7E, 0xC7, 0x3F, 0xDD, 0xBD, 0xB3, 0xCD, 0x36, 0xEA, 0x70,
    0x43, 0x72, 0x0F, 0x1D, 0x04, 0x9B, 0xDD, 0xCB, 0x35, 0x00, 0xCC, 0x4E, 0xF5, 0x25, 0x80, 0x83,
    0xC1, 0xBC, 0x3B, 0x6E, 0x70, 0x41, 0x20, 0x1B, 0xBC, 0xE0, 0x10, 0xCC, 0x4E, 0xF7, 0xE5, 0x00,
    0x81, 0x81, 0x0B, 0x80, 0xC5, 0x1C, 0x77, 0x6F, 0xC8, 0x40, 0x40, 0xCC, 0x9B, 0xAA, 0xE4, 0x10,
    0x1C, 0x74, 0xC2, 0x09, 0x02, 0xED, 0x6E, 0x43, 0x6E, 0x8F, 0x6C, 0xDB, 0xED, 0xE4, 0x7A, 0x66,
    0xAB, 0xFB, 0x97, 0xFA, 0x55, 0xBF, 0xBF, 0xF7, 0x66, 0x6E, 0xDF, 0xDD, 0xCE, 0xEE, 0xA6, 0x5F,
    0xD5, 0xE7, 0xD7, 0x53, 0xFF, 0xDF, 0xBF, 0xAA, 0xEA, 0xDB, 0x55, 0xBF, 0xAA, 0x7F, 0xCF, 0x75,
    0xBA, 0x36, 0xFE, 0x61, 0xAF, 0xF8, 0xBB, 0xCE, 0x7E, 0x7D, 0x0D, 0xD7, 0xBB, 0xDE, 0xF2, 0x0A,
    0x67, 0xA6, 0x7F, 0x62, 0xFC, 0x59, 0x4A, 0xEF, 0x18, 0x7F, 0xD7, 0xF4, 0x31, 0xDD, 0x88, 0xA9,
    0x6A, 0xB9, 0xD6, 0x66, 0x2D, 0xC6, 0x57, 0x3E, 0xC2, 0x9C, 0xA3, 0xEE, 0x77, 0xF4, 0xD7, 0xBA,
    0x1F, 0x9C, 0xFC, 0xCC, 0x88, 0x88, 0x28, 0xB6, 0x54, 0xFD, 0x8E, 0x7B, 0x07, 0x70, 0x16, 0x0D,
    0x21, 0x9A, 0x37, 0xB6, 0xD3, 0xED, 0x81, 0x13, 0x91, 0xA5, 0x8B, 0x98, 0xB3, 0x85, 0x40, 0x42,
    0xAE, 0xF7, 0xF9, 0x94, 0xCF, 0x14, 0x3B, 0x8A, 0x09, 0xF2, 0x77, 0x01, 0xBD, 0x79, 0x11, 0x4E,
    0xDE, 0xA3, 0xD4, 0xC6, 0xCC, 0x76, 0x67, 0xC3, 0x0E, 0xDA, 0x4A, 0xCB, 0x4D, 0x3A, 0x78, 0x4B,
    0xF1, 0x3A, 0xD6, 0x03, 0x76, 0x06, 0x8C, 0xDC, 0x87, 0x42, 0x36, 0xA0, 0x93, 0x11, 0x32, 0x09,
    0x40, 0x25, 0x00, 0xC2, 0x97, 0xA0, 0x6B, 0xEF, 0x82, 0x55, 0x74, 0x3C, 0x06, 0xE1, 0x09, 0xC5,
    0x8A, 0x13, 0x59, 0xE8, 0x44, 0x06, 0x5E, 0x95, 0xA7, 0x57, 0x74, 0x23, 0xD3, 0xFE, 0xFD, 0x7D,
    0x4F, 0x36, 0x51, 0x8A, 0x76, 0x1A, 0xF3, 0xB3, 0x80, 0xF1, 0x58, 0x6E, 0xD2, 0xF4, 0x11, 0x16,
    0xAB, 0x5D, 0x6A, 0x08, 0xF0, 0x0E, 0x4D, 0xB6, 0xA0, 0x85, 0xC5, 0x94, 0x8C, 0xF1, 0xD0, 0x70,
    0x56, 0xF7, 0x60, 0x3E, 0x0E, 0x16, 0x28, 0x64, 0x0C, 0x00, 0xD7, 0xB3, 0xE5, 0xE8, 0xBD, 0xD4,
    0x8A, 0x13, 0xA0, 0xFA, 0xB7, 0xA7, 0x27, 0x1E, 0xEA, 0xEF, 0x8F, 0xD5, 0x00, 0xB6, 0xF2, 0xC5,
    0x08, 0x67, 0xC9, 0x64, 0x4B, 0x32, 0xC5, 0x94, 0x4C, 0x35, 0x94, 0xF1, 0x0F, 0xD3, 0x17, 0x53,
    0xEA, 0x45, 0xB6, 0xB9, 0x96, 0x33, 0xE8, 0x56, 0xB8, 0x0D, 0xD7, 0x5A, 0x78, 0xED, 0x59, 0x4B,
    0xA6, 0xD2, 0x55, 0x22, 0x82, 0x59, 0xE8, 0x68, 0x06, 0x2C, 0xD6, 0xEF, 0xF8, 0x7D, 0x05, 0x34,
    0x0A, 0x33, 0xA7, 0x3E, 0xBD, 0x7F, 0xFA, 0x63, 0x55, 0x62, 0xCB, 0x45, 0x64, 0x31, 0x0B, 0xB5,
    0xB7, 0x5E, 0xD1, 0x47, 0x74, 0x44, 0xB8, 0x84, 0x96, 0xC6, 0x77, 0x3D, 0xB6, 0xB7, 0x23, 0x8E,
    0x5A, 0x9F, 0x4C, 0xA5, 0x22, 0xE2, 0x64, 0x80, 0xEC, 0x16, 0x9C, 0x3D, 0x39, 0x3B, 0x7B, 0xE7,
    0xEE, 0xDD, 0x1B, 0x37, 0x00, 0x4C, 0x6A, 0xA4, 0x83, 0x95, 0x3C, 0x50, 0xCC, 0x94, 0x13, 0x66,
    0xC4, 0x78, 0x2D, 0xB6, 0x3D, 0xB6, 0xC5, 0x42, 0x97, 0x92, 0x3B, 0xA4, 0x2E, 0x25, 0x4B, 0xFA,
    0xB4, 0x57, 0x4F, 0x13, 0xD3, 0x48, 0x35, 0x51, 0xCC, 0x5A, 0x0F, 0x6B, 0xF2, 0x68, 0x7A, 0x4C,
    0x4B, 0xBA, 0xBE, 0xCA, 0xA1, 0x60, 0xB8, 0xE4, 0x16, 0x60, 0x03, 0x77, 0xB9, 0x2E, 0xAD, 0xEE,
    0xF9, 0xD4, 0x5F, 0xF4, 0xC3, 0x25, 0xFF, 0xB0, 0x77, 0x55, 0xEB, 0x31, 0x83, 0x7E, 0xDE, 0xC1,
    0x1F, 0x93, 0xAE, 0x2F, 0xC3, 0x5D, 0xB8, 0xC1, 0x1F, 0xDC, 0xF8, 0x3D, 0x77, 0x2F, 0x74, 0x1F,
    0x2C, 0xFC, 0x37, 0x99, 0x50, 0xFC, 0xD4, 0x9B, 0xEF, 0x4F, 0x15, 0x03, 0x40, 0x3E, 0xEE, 0x33,
    0xE7, 0x6A, 0x38, 0x11, 0x49, 0x68, 0xDF, 0x7E, 0xF8, 0xEC, 0xF4, 0x77, 0x38, 0x27, 0x4D, 0x4D,
    0x6B, 0xBD, 0xF5, 0x8D, 0x37, 0xBE, 0x6E, 0x1B, 0xEE, 0xF2, 0x5D, 0xD2, 0xD5, 0xC9, 0x12, 0xD3,
    0x1B, 0xA7, 0x0F, 0x1A, 0xBA, 0xBE, 0xF3, 0xB6, 0x7D, 0x25, 0xAD, 0x76, 0x6E, 0xA6, 0x6E, 0x3E,
    0x86, 0x05, 0x66, 0xB2, 0x89, 0x22, 0xA6, 0x91, 0xD2, 0xA3, 0xAB, 0x3B, 0xA9, 0xD6, 0x80, 0x7D,
    0xD1, 0x31, 0xDF, 0x1D, 0x87, 0x17, 0x1C, 0xD5, 0xEB, 0x2D, 0x20, 0x3B, 0xED, 0xA1, 0x91, 0x95,
    0x4C, 0x44, 0xFA, 0x62, 0xFB, 0xBA, 0x1B, 0xCC, 0x4C, 0x3D, 0xD5, 0x23, 0xD5, 0x6C, 0x3D, 0x45,
    0xD8, 0xD1, 0x93, 0x07, 0xDB, 0x46, 0x74, 0x0A, 0x9B, 0xD0, 0xA7, 0x4F, 0x77, 0x94, 0x73, 0x3D,
    0x62, 0x26, 0xB3, 0x60, 0xC7, 0x42, 0xFE, 0x4E, 0xBC, 0xD6, 0xA7, 0x35, 0xCF, 0xC0, 0x31, 0x7B,
    0x44, 0x68, 0x26, 0x32, 0x99, 0xA8, 0x62, 0xB6, 0xBF, 0x8A, 0xF9, 0x1B, 0x13, 0x5F, 0xAE, 0x26,
    0xF8, 0x34, 0xB9, 0x7E, 0x8A, 0x11, 0x99, 0x34, 0xF3, 0xF6, 0x8F, 0xB4, 0x66, 0x19, 0xB0, 0x22,
    0x0B, 0xF6, 0xFE, 0xD1, 0x8A, 0x25, 0x13, 0x1D, 0xD3, 0x39, 0xD8, 0x91, 0xAD, 0x40, 0x11, 0x00,
    0x33, 0x01, 0x76, 0x80, 0x4C, 0x5A, 0xA8, 0xB4, 0xBC, 0x9B, 0xA0, 0x90, 0x16, 0xEA, 0x90, 0x64,
    0x17, 0x69, 0x2F, 0xC0, 0x57, 0x7E, 0x44, 0x2D, 0x32, 0x58, 0x91, 0xD9, 0xF6, 0x55, 0xB0, 0xE4,
    0xEB, 0x4D, 0xD8, 0xBE, 0x06, 0x1B, 0xB0, 0x42, 0x16, 0xA0, 0x58, 0x38, 0x76, 0x23, 0x4E, 0xCE,
    0x97, 0x4A, 0xBD, 0x10, 0xFD, 0x00, 0x01, 0xDC, 0xA5, 0x2C, 0xAF, 0x53, 0xAC, 0xF6, 0x3F, 0x9D,
    0x06, 0xCF, 0xB1, 0xD2, 0xFA, 0xAF, 0xDF, 0x02, 0xF2, 0xFF, 0x02, 0xAA, 0x0D, 0x30, 0x0A, 0xAB,
    0x70, 0x8A, 0xB0, 0x69, 0xE5, 0x11, 0xD5, 0x14, 0x61, 0x7C, 0x84, 0xED, 0x23, 0x1C, 0x11, 0x21,
    0xA2, 0x58, 0x22, 0xAA, 0x29, 0xC2, 0xF8, 0x08, 0xDB, 0x47, 0x38, 0x11, 0x09, 0x5D, 0xC4, 0x6A,
    0x15, 0xC0, 0xC6, 0x27, 0x21, 0x3B, 0x3E, 0xBE, 0x5D, 0x89, 0x84, 0x94, 0x9F, 0x9D, 0x3E, 0x50,
    0x79, 0xCD, 0xE5, 0x3C, 0x9E, 0x67, 0x59, 0x63, 0x96, 0xE1, 0xB5, 0x87, 0x32, 0x43, 0x15, 0x20,
    0xDF, 0x00, 0xB9, 0x94, 0x37, 0x1D, 0xEF, 0xEB, 0x44, 0x7D, 0xDE, 0x77, 0xB3, 0x15, 0x19, 0x2A,
    0xD9, 0xF6, 0x68, 0xC5, 0xC9, 0x03, 0xA8, 0x24, 0x40, 0x17, 0x91, 0xC9, 0xFD, 0x57, 0x28, 0x0F,
    0x0F, 0x82, 0x66, 0x00, 0xAC, 0x57, 0xF4, 0x80, 0x43, 0x71, 0x24, 0x03, 0x22, 0xB2, 0x20, 0x1A,
    0x80, 0xA4, 0x47, 0x10, 0xE8, 0x7A, 0x51, 0xD7, 0x04, 0xA7, 0xE8, 0x74, 0xCD, 0x5B, 0x8F, 0x6B,
    0x9B, 0x31, 0x13, 0xCC, 0x76, 0xB2, 0x52, 0x88, 0xCC, 0xE0, 0xA4, 0xDF, 0x57, 0xD6, 0xF5, 0xE3,
    0xE3, 0x63, 0x54, 0x83, 0x7E, 0xC7, 0xE9, 0xA9, 0xB4, 0x69, 0x5A, 0xBC, 0x05, 0x1B, 0x37, 0x52,
    0x18, 0xA1, 0x50, 0x54, 0xF3, 0xA1, 0x4B, 0xF5, 0xF8, 0x7C, 0x97, 0xDA, 0xC3, 0x14, 0xDA, 0x92,
    0xAF, 0x62, 0x01, 0xAA, 0xE9, 0x37, 0xC7, 0xD0, 0xF5, 0x80, 0x70, 0xB8, 0x5E, 0xFD, 0x47, 0xC0,
    0xC9, 0xA4, 0xBD, 0x5A, 0xA9, 0x96, 0x5C, 0x54, 0xCD, 0xAE, 0xAF, 0x35, 0x38, 0x36, 0x8A, 0x74,
    0x67, 0x26, 0x3A, 0xAA, 0x90, 0x6D, 0xE4, 0xF2, 0xC1, 0x0C, 0x9D, 0x78, 0x70, 0x32, 0x53, 0xAC,
    0xF5, 0x86, 0x19, 0x33, 0x69, 0xD5, 0xD9, 0xA7, 0x60, 0x69, 0x5B, 0xEA, 0xF3, 0x3B, 0x2D, 0x6B,
    0x46, 0x5C, 0x6B, 0xD6, 0x28, 0x53, 0x21, 0xB2, 0x5C, 0x1A, 0x39, 0x5F, 0x79, 0x00, 0x99, 0x88,
    0xA7, 0x12, 0x99, 0x68, 0x96, 0xA3, 0x80, 0xF5, 0xD9, 0xA6, 0xE3, 0xD9, 0xE5, 0x6C, 0x23, 0xEC,
    0x65, 0x4D, 0xFB, 0x08, 0x3B, 0x64, 0xE2, 0x6B, 0x71, 0xE2, 0x4B, 0x11, 0xE7, 0x71, 0xEF, 0xD9,
    0x1E, 0x75, 0x3E, 0x3C, 0x1C, 0x61, 0x9F, 0xD8, 0xFB, 0x33, 0x6C, 0x26, 0x5E, 0xFB, 0xA6, 0x78,
    0x8C, 0x08, 0x11, 0x33, 0x64, 0xC7, 0xC0, 0x45, 0xC0, 0x7A, 0xFE, 0xBA, 0x28, 0x2F, 0x07, 0x33,
    0xC5, 0xBF, 0x31, 0xE3, 0xF9, 0xAB, 0xEA, 0xEB, 0xB1, 0x8E, 0xE5, 0xD5, 0x60, 0xBC, 0x69, 0xBF,
    0xC6, 0x0D, 0xD2, 0xF5, 0xCA, 0xBE, 0xCA, 0x6A, 0x8D, 0x4E, 0x23, 0xF5, 0x96, 0x4C, 0xB3, 0x41,
    0x37, 0xEE, 0xAA, 0x77, 0x0B, 0x54, 0x32, 0xEC, 0xDB, 0x64, 0x29, 0x23, 0x34, 0x2B, 0xFB, 0xE3,
    0x7D, 0xDD, 0x89, 0x6C, 0x9A, 0xDF, 0x3E, 0x8D, 0x9B, 0xE0, 0xA5, 0xEB, 0x72, 0xB9, 0x86, 0x5C,
    0xD7, 0x83, 0xAC, 0x5A, 0x8F, 0x56, 0x2A, 0x2D, 0xB9, 0xCC, 0x7B, 0x4C, 0xA8, 0x02, 0x99, 0xCC,
    0x34, 0xD2, 0xE6, 0x32, 0xA6, 0x26, 0xB4, 0xA9, 0xBF, 0x3E, 0x3C, 0xE6, 0x27, 0xBD, 0x93, 0xC5,
    0xC9, 0xFA, 0x87, 0xB9, 0x80, 0x80, 0x4B, 0x5C, 0x29, 0x02, 0xF5, 0x44, 0xD7, 0x67, 0x69, 0x95,
    0x16, 0x13, 0xE5, 0x88, 0xEE, 0xF7, 0x2D, 0x87, 0x2B, 0x05, 0xE5, 0x40, 0x99, 0x76, 0x24, 0xB4,
    0xFC, 0x68, 0x53, 0x96, 0x22, 0x21, 0x85, 0x81, 0x87, 0xD2, 0x83, 0xB4, 0x34, 0x93, 0x56, 0xA1,
    0xBE, 0x66, 0x00, 0x36, 0xEA, 0xFE, 0x64, 0x3F, 0xA7, 0x89, 0xF8, 0xA6, 0xBD, 0xC9, 0xBB, 0x66,
    0x34, 0xFE, 0x0C, 0xF4, 0xD4, 0xF0, 0x78, 0x37, 0x41, 0x4D, 0x15, 0x4D, 0x27, 0x6A, 0xB2, 0xED,
    0xA1, 0x1A, 0x3D, 0x96, 0x99, 0x83, 0x39, 0x8B, 0x0E, 0x53, 0xDD, 0xDE, 0x2B, 0x96, 0x6E, 0xEE,
    0xB0, 0x99, 0xCC, 0x12, 0x68, 0x5A, 0xDB, 0x37, 0x69, 0x17, 0xE7, 0x30, 0xCF, 0xF7, 0x05, 0x9F,
    0x26, 0xC1, 0x33, 0xE7, 0x21, 0x45, 0x03, 0x80, 0x93, 0xF7, 0x94, 0x5C, 0xBB, 0xC5, 0x61, 0x35,
    0xD0, 0x2C, 0x4A, 0x1B, 0x94, 0x37, 0x13, 0xCF, 0x36, 0x65, 0xE8, 0x80, 0x6C, 0xB1, 0xAD, 0x8E,
    0xDA, 0xF6, 0xDA, 0xB9, 0xC6, 0x43, 0x39, 0xEA, 0x88, 0x8C, 0x37, 0xA3, 0x52, 0x5B, 0x6B, 0x7A,
    0x15, 0xC3, 0x52, 0xA4, 0x90, 0x21, 0x91, 0x2E, 0x05, 0xB1, 0x2D, 0xAE, 0xDE, 0x34, 0x0D, 0x24,
    0x69, 0xD1, 0xF5, 0xC5, 0x04, 0xD6, 0x57, 0xEA, 0x3C, 0x88, 0xF4, 0xA5, 0x6C, 0x91, 0x95, 0x6C,
    0xD7, 0x8E, 0x8F, 0xD3, 0x77, 0xC2, 0x1E, 0xCB, 0x8B, 0x90, 0x89, 0x2F, 0x02, 0xCD, 0x18, 0x61,
    0xA6, 0xE7, 0xA1, 0x65, 0x36, 0x7E, 0xFA, 0xAA, 0xA4, 0x15, 0xA4, 0x58, 0x29, 0xD6, 0x63, 0xE7,
    0x0F, 0x2E, 0xE5, 0x1C, 0x51, 0x2C, 0xCF, 0xA1, 0x9A, 0xD3, 0xB3, 0x2D, 0xB7, 0x53, 0x19, 0xD2,
    0x56, 0x1F, 0x31, 0x03, 0x7F, 0x99, 0x42, 0x9D, 0x8C, 0xDA, 0xF0, 0x92, 0xC9, 0x70, 0xB4, 0x14,
    0x2B, 0x2C, 0x66, 0x56, 0x4C, 0x11, 0xCD, 0x00, 0x7F, 0x66, 0xFD, 0x73, 0x11, 0x26, 0xA1, 0x53,
    0xD8, 0x04, 0xFF, 0x1C, 0x9A, 0xF1, 0xA0, 0x6C, 0x15, 0xE0, 0xAF, 0x0A, 0x69, 0xF3, 0x90, 0xC9,
    0x33, 0x37, 0x63, 0xF7, 0xD5, 0xFD, 0x14, 0xB8, 0x0E, 0x71, 0xD0, 0xED, 0x41, 0x29, 0x1D, 0xB6,
    0x6E, 0xC7, 0x99, 0x9B, 0xF7, 0xE9, 0xA5, 0xCC, 0x44, 0xC9, 0xCE, 0xAE, 0x57, 0x5A, 0xFF, 0x22,
    0x9B, 0xE7, 0xF9, 0xA2, 0x4F, 0xAF, 0x74, 0x17, 0xF5, 0xEC, 0xA9, 0x5E, 0x50, 0x25, 0x46, 0x92,
    0x14, 0xCA, 0xF7, 0x52, 0x7F, 0x8E, 0x5B, 0x2D, 0xF0, 0x9D, 0x42, 0x45, 0x53, 0x94, 0x8A, 0x42,
    0x01, 0x9F, 0x08, 0x91, 0x70, 0x8E, 0xF5, 0xF8, 0x36, 0x57, 0xF8, 0xE5, 0xA3, 0xD6, 0xB2, 0x23,
    0x36, 0xFD, 0x70, 0xD4, 0x86, 0x76, 0xFC, 0x66, 0xBB, 0xE6, 0xF9, 0xC6, 0xB3, 0xF6, 0x8A, 0x76,
    0xE7, 0x73, 0x6C, 0xA7, 0x0F, 0x52, 0xD9, 0xEF, 0x40, 0xB9, 0xEE, 0xD1, 0x7D, 0x87, 0x3E, 0xFC,
    0x5F, 0xC2, 0xF9, 0x71, 0x59, 0x9B, 0xD6, 0x18, 0xA5, 0xB3, 0x6A, 0x03, 0x8B, 0x59, 0x12, 0x27,
    0x68, 0x68, 0x06, 0x0E, 0x47, 0xF4, 0x03, 0xFB, 0x0B, 0x76, 0x3D, 0xD7, 0xBE, 0xF9, 0xAE, 0xED,
    0x31, 0xB2, 0x24, 0x8E, 0xEA, 0xE3, 0xD8, 0xD9, 0x8C, 0x4A, 0x33, 0x29, 0xAB, 0xA0, 0x2C, 0x44,
    0x89, 0x3C, 0x7B, 0x24, 0x60, 0x45, 0xB6, 0x14, 0x3D, 0xEE, 0xA3, 0x9B, 0xAF, 0x3E, 0x85, 0x96,
    0xEB, 0xC7, 0x4E, 0x86, 0x42, 0xA4, 0x13, 0x5F, 0xC8, 0xA6, 0x7D, 0xAF, 0x87, 0x97, 0xA0, 0x88,
    0xC8, 0x81, 0x71, 0x09, 0x3E, 0x7A, 0x89, 0xEF, 0xAA, 0x44, 0xCD, 0xB8, 0xB7, 0xBE, 0x33, 0xF6,
    0x27, 0xDE, 0x68, 0x4F, 0x02, 0x2F, 0x9F, 0x54, 0x73, 0x27, 0x43, 0x4C, 0x1C, 0xDF, 0x36, 0x12,
    0x8C, 0x2C, 0xD8, 0xF6, 0x73, 0x25, 0x07, 0xC2, 0xC3, 0x15, 0x59, 0x90, 0x01, 0x92, 0x62, 0x7B,
    0x27, 0x9D, 0xCE, 0xA0, 0x3E, 0xA6, 0x14, 0x03, 0x48, 0xC1, 0x42, 0xD9, 0x78, 0xA5, 0x6D, 0x95,
    0x8E, 0xC8, 0x2C, 0x28, 0x53, 0x78, 0x5E, 0xEF, 0x4C, 0x91, 0x22, 0x43, 0xE2, 0xA8, 0x25, 0xDF,
    0x99, 0xD2, 0xA7, 0x41, 0x99, 0x6D, 0x4A, 0x5C, 0xAB, 0xB4, 0x5E, 0x59, 0x8F, 0xCA, 0x6A, 0xBE,
    0x18, 0x60, 0x2E, 0xDA, 0x7A, 0x2D, 0x73, 0x64, 0x23, 0xF3, 0xB5, 0xE3, 0x5B, 0xE7, 0x33, 0xAC,
    0x4B, 0xD5, 0x06, 0xBE, 0x18, 0x64, 0xED, 0x61, 0x55, 0x98, 0x1D, 0x71, 0x1D, 0x3D, 0xF2, 0x4E,
    0x44, 0x76, 0x5C, 0xBB, 0xAD, 0x62, 0xDC, 0x76, 0x02, 0x48, 0xE8, 0xA4, 0x25, 0x93, 0xA5, 0xD0,
    0xB0, 0x22, 0x6D, 0x21, 0x03, 0xA5, 0x9A, 0x09, 0x13, 0xCD, 0xC7, 0x33, 0xB5, 0x6B, 0x8B, 0x8F,
    0x02, 0xD6, 0xB6, 0xC5, 0x87, 0x81, 0x7B, 0xD1, 0x4C, 0x1B, 0x41, 0x8D, 0xCB, 0x16, 0x35, 0xF6,
    0xFB, 0x93, 0x9A, 0xE6, 0x5F, 0x46, 0x35, 0xE6, 0x03, 0xAF, 0xA6, 0x92, 0x56, 0x4D, 0x21, 0xA8,
    0xC9, 0xD7, 0x64, 0x08, 0xBB, 0xE1, 0x37, 0x4C, 0x39, 0xA7, 0xF5, 0xE1, 0x52, 0xD8, 0x0B, 0xE7,
    0x46, 0xFB, 0x79, 0xFD, 0x18, 0x27, 0x64, 0x22, 0x74, 0xD2, 0x23, 0x1B, 0x85, 0x7E, 0x36, 0x46,
    0x33, 0x52, 0x0D, 0xD1, 0xCC, 0xC9, 0xFC, 0x3A, 0x24, 0xF3, 0xE1, 0x96, 0xCC, 0x24, 0xBB, 0xE9,
    0x7C, 0x32, 0x76, 0x48, 0xC6, 0x4C, 0xC9, 0x54, 0x4B, 0x32, 0x45, 0x48, 0x26, 0x93, 0x64, 0x90,
    0x6F, 0x24, 0x63, 0x7F, 0x9A, 0x4C, 0xF3, 0xAB, 0x64, 0xCC, 0xC7, 0xC9, 0x94, 0x92, 0x4C, 0xAE,
    0xD2, 0x2C, 0x10, 0x8D, 0x76, 0xD0, 0xED, 0xC6, 0x0E, 0xE7, 0x9B, 0x03, 0x95, 0x48, 0x0F, 0x9D,
    0xC8, 0x4C, 0x26, 0x43, 0xAD, 0x7B, 0x0D, 0xB9, 0x50, 0xCD, 0xE0, 0x7A, 0x93, 0x36, 0xB4, 0x66,
    0x80, 0x66, 0xB0, 0x1E, 0xCC, 0x98, 0x38, 0xD9, 0xFE, 0x82, 0x5D, 0xFF, 0x62, 0xC9, 0x85, 0x67,
    0x3D, 0x34, 0x83, 0xD6, 0xA0, 0xF5, 0x74, 0xBD, 0x59, 0x20, 0xC5, 0x9F, 0x72, 0x25, 0x93, 0x5F,
    0xBA, 0x3D, 0x2E, 0x0D, 0x50, 0xC9, 0x06, 0x70, 0xBD, 0x85, 0xC3, 0x56, 0xB9, 0xEC, 0x21, 0x4B,
    0xF7, 0x41, 0x9D, 0x0D, 0x76, 0x78, 0x6E, 0x97, 0xAC, 0x0E, 0xC0, 0x28, 0xEA, 0x31, 0xA2, 0xF3,
    0xC5, 0xFA, 0x2D, 0x69, 0xF7, 0xFD, 0x52, 0x64, 0xA4, 0x58, 0x6F, 0xBF, 0x54, 0xB4, 0x7C, 0xC0,
    0x2E, 0x87, 0x27, 0xF5, 0x6B, 0x21, 0x09, 0xB2, 0x41, 0xA1, 0xDD, 0x6D, 0x93, 0x24, 0x9D, 0xDF,
    0x63, 0xE6, 0xA0, 0x09, 0x33, 0xB2, 0xEB, 0xC1, 0xC1, 0xF4, 0x50, 0x1D, 0x0C, 0x9D, 0x9A, 0xCB,
    0x85, 0x97, 0x3D, 0xD5, 0x8C, 0xEC, 0xD2, 0xB2, 0xEB, 0x4C, 0x12, 0xA8, 0xA5, 0xD8, 0x34, 0x1D,
    0x24, 0xC2, 0x26, 0x8D, 0x0E, 0x22, 0x71, 0x14, 0x94, 0x20, 0xBD, 0x92, 0x7A, 0xC9, 0x3C, 0x90,
    0x8B, 0x4C, 0x1C, 0x5E, 0x47, 0x41, 0xB9, 0x25, 0x25, 0x2F, 0xEF, 0xBF, 0x3D, 0x45, 0xB8, 0xE6,
    0x86, 0xFD, 0x10, 0xA8, 0xAC, 0x12, 0xCB, 0xF9, 0xC0, 0x43, 0x89, 0x49, 0xB4, 0xD1, 0x33, 0x9D,
    0xF6, 0x92, 0xA0, 0xCA, 0xB4, 0xD8, 0xAB, 0x45, 0x99, 0xAD, 0x4A, 0x24, 0xD1, 0x5E, 0x8E, 0x1E,
    0xC3, 0x5E, 0x83, 0xCA, 0x5B, 0x2E, 0x2A, 0x6D, 0x21, 0x6D, 0x64, 0x2E, 0x3D, 0x5F, 0x79, 0x3F,
    0x75, 0x73, 0xC1, 0x68, 0x8D, 0xF6, 0xBD, 0x6C, 0xA5, 0x6B, 0x79, 0x07, 0x07, 0x77, 0x11, 0xB8,
    0xA1, 0x77, 0xE0, 0xFA, 0xC3, 0x5B, 0xB6, 0x46, 0xEE, 0x1F, 0x86, 0xED, 0x64, 0x84, 0x57, 0x65,
    0x01, 0xEA, 0x35, 0x0D, 0x17, 0x40, 0xF8, 0x07, 0xE8, 0x58, 0xC0, 0x11, 0x40, 0x22, 0xF2, 0x15,
    0xF9, 0xE1, 0x49, 0x40, 0x44, 0x46, 0x1A, 0xD9, 0xF6, 0x69, 0x95, 0x7E, 0x77, 0xDD, 0xB6, 0x22,
    0x12, 0x12, 0x6E, 0xAA, 0xEF, 0x5B, 0x6C, 0x3C, 0xBE, 0x11, 0x71, 0x57, 0x71, 0x83, 0x08, 0x3E,
    0x3F, 0x74, 0xA6, 0x60, 0x25, 0xEC, 0xD0, 0x60, 0x19, 0x83, 0x81, 0x55, 0x1D, 0x24, 0x9A, 0x31,
    0x97, 0x8D, 0x3C, 0x80, 0x19, 0xFE, 0x3F, 0x4D, 0xFA, 0x6D, 0xE2, 0x61, 0x85, 0xC6, 0x83, 0x80,
    0xED, 0x93, 0xB2, 0x02, 0xD8, 0xA7, 0x77, 0x36, 0xC0, 0x88, 0x2C, 0xFB, 0xC4, 0x19, 0x0E, 0x27,
    0xE6, 0xB4, 0x3B, 0x1F, 0xDF, 0x16, 0x19, 0x52, 0x38, 0xEB, 0x4B, 0x59, 0xCA, 0xE5, 0x70, 0xCA,
    0xB2, 0xA9, 0xF2, 0x8E, 0x6C, 0x83, 0x27, 0x20, 0x10, 0xC0, 0x91, 0x69, 0x61, 0x9F, 0xAB, 0x9B,
    0x2F, 0x26, 0x6D, 0xAF, 0x8C, 0xAC, 0x87, 0x74, 0x88, 0x9E, 0x8C, 0x87, 0x6A, 0xAA, 0x7B, 0x28,
    0x67, 0xDB, 0x42, 0xB1, 0x58, 0x20, 0x0F, 0xF7, 0x80, 0x6C, 0x5D, 0x01, 0xB6, 0xA0, 0x74, 0x8B,
    0xD2, 0x4E, 0x17, 0x6C, 0x46, 0x25, 0xE7, 0xBD, 0xBA, 0x4D, 0x76, 0x7C, 0x4B, 0xC4, 0xE7, 0x81,
    0x46, 0x26, 0x27, 0x7D, 0xB1, 0x52, 0xCB, 0xA8, 0xF3, 0x76, 0x83, 0x95, 0x62, 0xA1, 0x12, 0x08,
    0x69, 0xFA, 0xA5, 0x9B, 0x5C, 0x6F, 0x52, 0xC7, 0xA2, 0xE7, 0xA3, 0xD4, 0xB7, 0x8D, 0xE6, 0x3B,
    0xE9, 0xC6, 0x61, 0xCD, 0x50, 0x8E, 0xD0, 0x71, 0xD3, 0xEC, 0x2F, 0x40, 0xDB, 0xB3, 0x2A, 0xF5,
    0xD6, 0xF6, 0xA1, 0x48, 0x37, 0x8D, 0x0F, 0xC5, 0xA2, 0x3D, 0xAF, 0xFF, 0x69, 0xCE, 0x43, 0x03,
    0x98, 0x9F, 0x4C, 0x59, 0xB0, 0x7A, 0xF3, 0x8B, 0x89, 0xF5, 0x26, 0x50, 0xFD, 0x7A, 0x64, 0x3B,
    0x03, 0xCA, 0x8F, 0x3D, 0x5D, 0x80, 0x14, 0xE8, 0xED, 0x7E, 0xD3, 0x63, 0x77, 0x81, 0x5B, 0x9A,
    0x19, 0x40, 0xA0, 0x9E, 0xCE, 0x6F, 0xCC, 0x04, 0x87, 0x4B, 0x87, 0xC6, 0xF1, 0x2D, 0x2B, 0x93,
    0x91, 0xB9, 0x91, 0xB1, 0x92, 0x29, 0x13, 0x70, 0xE0, 0xFA, 0x2C, 0x24, 0x61, 0x67, 0xFD, 0x6A,
    0x35, 0x42, 0xB5, 0xD4, 0x1E, 0x8A, 0xD4, 0x0D, 0xE4, 0xEC, 0x45, 0xE9, 0x9A, 0x44, 0x1B, 0x94,
    0xDB, 0x06, 0xE4, 0x8B, 0x00, 0xE5, 0x1E, 0x93, 0x7D, 0x3D, 0xEA, 0x48, 0xCD, 0x0C, 0x9D, 0x0A,
    0x45, 0x20, 0x93, 0x7D, 0x77, 0xE8, 0x3B, 0xF1, 0xB5, 0x84, 0x9D, 0x51, 0xF0, 0xEC, 0xB8, 0x15,
    0xF1, 0x56, 0x06, 0x91, 0xDE, 0x8A, 0x2F, 0x67, 0xF2, 0xA4, 0x6D, 0x31, 0x91, 0xAD, 0xA8, 0x74,
    0x82, 0xAA, 0xD4, 0xB5, 0x2A, 0x91, 0xF5, 0x49, 0x96, 0xE1, 0x9E, 0x72, 0x4A, 0xC3, 0xFF, 0x9F,
    0x7D, 0xEC, 0xFB, 0x78, 0x47, 0xA5, 0xBB, 0x7C, 0xB4, 0x6C, 0x7F, 0x1B, 0x3B, 0xF5, 0x31, 0x12,
    0x76, 0xA6, 0xD5, 0xAB, 0xF2, 0x88, 0x4C, 0x3B, 0x8E, 0x8F, 0x4F, 0xC6, 0x9B, 0xDA, 0x6A, 0x84,
    0x70, 0xE3, 0xFC, 0xF7, 0xFF, 0x92, 0x1A, 0x47, 0xCB, 0xCF, 0xC3, 0x48, 0x26, 0x87, 0x68, 0x6F,
    0xE6, 0xC3, 0x8C, 0xB2, 0xFE, 0xC5, 0x97, 0x06, 0x93, 0x99, 0xC8, 0x26, 0x3B, 0x90, 0x4F, 0xEE,
    0xFD, 0xD3, 0x87, 0x93, 0x88, 0xC8, 0x8E, 0xBF, 0xD0, 0x6D, 0x5C, 0xD3, 0x19, 0x5F, 0x70, 0xDA,
    0xAB, 0x7D, 0xFB, 0x87, 0x2C, 0xF0, 0x18, 0xEE, 0x82, 0x8E, 0x07, 0x1A, 0x30, 0x2D, 0xA6, 0xA7,
    0xF2, 0x94, 0x9E, 0x62, 0x4C, 0x5B, 0xF8, 0x04, 0x33, 0x57, 0xB8, 0xFA, 0xE4, 0x3A, 0x9C, 0xBB,
    0x66, 0xBB, 0x6B, 0x88, 0xAE, 0xD7, 0xBF, 0x7D, 0xDE, 0x0A, 0xF6, 0x0B, 0x4E, 0x7B, 0xB5, 0xDF,
    0x3E, 0x85, 0x6A, 0xDC, 0x25, 0x6F, 0x02, 0x58, 0x1D, 0x99, 0x85, 0xD0, 0xB4, 0xBA, 0x80, 0xCA,
    0xB1, 0x1A, 0x8D, 0x2F, 0xA6, 0xA6, 0xCF, 0x17, 0x2D, 0xBD, 0x0E, 0x29, 0x00, 0x8F, 0x09, 0x6F,
    0x9C, 0x9E, 0x9E, 0xDE, 0x3F, 0x7F, 0x91, 0xDE, 0xD2, 0x8D, 0x98, 0x34, 0x15, 0x69, 0x00, 0x32,
    0xB7, 0x41, 0x23, 0xE2, 0x69, 0x9E, 0xB9, 0x89, 0xA6, 0x35, 0x13, 0x35, 0xE5, 0x1C, 0x51, 0xCC,
    0xC0, 0x01, 0x99, 0x93, 0x19, 0x23, 0x11, 0xF6, 0xD9, 0xC3, 0x99, 0xAE, 0x8D, 0x65, 0x8E, 0x0B,
    0xD4, 0x33, 0xF6, 0x67, 0xB2, 0xD0, 0xC8, 0x87, 0xE2, 0x2B, 0xF9, 0x9E, 0x78, 0x6E, 0x01, 0x8F,
    0x26, 0x40, 0x14, 0x27, 0x8A, 0xF2, 0x6A, 0x74, 0x13, 0xE5, 0x47, 0xB2, 0x52, 0xCA, 0xAF, 0xA4,
    0x2D, 0x57, 0x3A, 0x8D, 0x6D, 0xCD, 0x10, 0x61, 0x46, 0xC5, 0x14, 0x51, 0x7D, 0x02, 0x4C, 0xC2,
    0x78, 0xEE, 0xAC, 0x5F, 0x7B, 0xFA, 0xAA, 0x50, 0x8A, 0x04, 0xC5, 0x00, 0xE9, 0x2C, 0x5B, 0x4B,
    0x9F, 0x89, 0x2C, 0xA5, 0x3C, 0x5C, 0xCC, 0xC4, 0x62, 0x7D, 0xCC, 0x3D, 0x73, 0x07, 0x38, 0x40,
    0x2E, 0x65, 0x47, 0xD2, 0x09, 0xEB, 0xD3, 0x2C, 0xFE, 0xAE, 0xD9, 0xEE, 0x84, 0x42, 0x64, 0xC2,
    0x49, 0xBB, 0xBF, 0x5D, 0xAB, 0xB6, 0x54, 0xA3, 0xDE, 0x29, 0xB8, 0x02, 0xB5, 0x08, 0x99, 0x44,
    0xC4, 0x56, 0x05, 0x33, 0x21, 0x34, 0x3E, 0xC2, 0xF6, 0x88, 0xB6, 0x20, 0x38, 0xAE, 0x40, 0xA7,
    0x2E, 0x56, 0x9D, 0x9B, 0x31, 0x17, 0xCC, 0x7A, 0x22, 0x6D, 0x29, 0xD2, 0x4D, 0x99, 0xCC, 0x76,
    0xE6, 0x1A, 0x40, 0xB3, 0x69, 0xED, 0x63, 0xB9, 0x3D, 0x9A, 0xF5, 0x60, 0xD6, 0xF8, 0x6C, 0xB5,
    0x3D, 0x5B, 0x07, 0xE2, 0x44, 0xF6, 0x1C, 0x9F, 0xBC, 0x3B, 0x0C, 0xA9, 0x3F, 0x1F, 0xD2, 0xC4,
    0x57, 0xE3, 0x90, 0xB6, 0x42, 0x64, 0xC1, 0x49, 0x9F, 0x86, 0x54, 0x4B, 0xAB, 0xF7, 0x99, 0x3C,
    0x6C, 0x8B, 0xB0, 0x3F, 0xF4, 0x72, 0xBA, 0xC8, 0x47, 0xCF, 0x1E, 0xA0, 0xEE, 0x22, 0xF3, 0x5E,
    0xF6, 0x12, 0xB9, 0x9A, 0x41, 0xC4, 0xA7, 0x4C, 0x23, 0xA7, 0xF7, 0x55, 0x92, 0xA9, 0xDC, 0xEE,
    0xC8, 0x90, 0x24, 0xA9, 0x07, 0x3A, 0xD5, 0xC5, 0xB6, 0x07, 0x74, 0x98, 0x11, 0x87, 0x99, 0xF3,
    0xC3, 0x8B, 0x4D, 0x91, 0x01, 0xFE, 0xF7, 0xC7, 0xA4, 0xD5, 0x49, 0xA1, 0x88, 0x6F, 0xAC, 0xDF,
    0xA5, 0x14, 0x11, 0xF2, 0x08, 0x6F, 0x06, 0x9A, 0xB1, 0x69, 0xA9, 0x26, 0x0B, 0xA5, 0x22, 0xDE,
    0xF5, 0xD4, 0xA3, 0xBE, 0x45, 0xF3, 0x46, 0x64, 0xD3, 0x19, 0x3C, 0xD2, 0x2C, 0x00, 0x5D, 0xE2,
    0x9B, 0x89, 0xC5, 0xEF, 0x60, 0xBD, 0x2A, 0x25, 0x1D, 0xCE, 0x36, 0x19, 0x22, 0xFB, 0x7A, 0x3C,
    0x1C, 0xDD, 0x16, 0xAA, 0xCF, 0xCC, 0xA0, 0xD2, 0x58, 0xF1, 0x22, 0x6D, 0x97, 0x98, 0x69, 0xF7,
    0x31, 0xB3, 0xD6, 0x5C, 0x8E, 0x1C, 0x2E, 0x5D, 0x43, 0x32, 0xE9, 0xFA, 0xA9, 0x3E, 0x4D, 0x9A,
    0x11, 0xE9, 0x63, 0xE2, 0x95, 0x14, 0xE1, 0x9D, 0xC7, 0xF5, 0x58, 0x38, 0x5C, 0xB9, 0xF4, 0xA5,
    0xF4, 0x91, 0xD8, 0xCF, 0x96, 0x5A, 0x1C, 0x6F, 0x6E, 0xB8, 0x80, 0x1B, 0x76, 0x3D, 0x3B, 0x45,
    0x52, 0xB3, 0xB8, 0x1A, 0xAF, 0xBA, 0xA9, 0x58, 0x2A, 0x99, 0x8B, 0x25, 0x93, 0xB6, 0x58, 0xD2,
    0x31, 0x22, 0x5F, 0x22, 0x8A, 0x29, 0xC2, 0xA8, 0xB0, 0xE2, 0xCF, 0xB1, 0x3D, 0x1A, 0x62, 0x59,
    0x92, 0xAA, 0x98, 0xD5, 0x2F, 0x44, 0xB0, 0x29, 0x1C, 0x65, 0xC0, 0x7A, 0xDD, 0x3B, 0x43, 0x84,
    0x09, 0xCD, 0xA2, 0xED, 0x1F, 0x2D, 0x14, 0x9F, 0x27, 0x05, 0xAC, 0x68, 0xA5, 0x6E, 0x68, 0x16,
    0x1D, 0x97, 0xFC, 0x5C, 0xB6, 0x4A, 0x16, 0x4E, 0xE4, 0x63, 0xE9, 0x3E, 0x58, 0xA9, 0x84, 0x6E,
    0xC9, 0x36, 0xAA, 0x05, 0x3B, 0x20, 0xAA, 0x74, 0xE3, 0x71, 0x5F, 0x9C, 0x9D, 0x69, 0x06, 0xA4,
    0x15, 0xF9, 0x13, 0x09, 0x46, 0x66, 0x91, 0x3F, 0x4D, 0x56, 0xFB, 0xA3, 0x9D, 0x91, 0xD4, 0x13,
    0x5F, 0x09, 0xD6, 0x57, 0x0B, 0xF5, 0xA0, 0x33, 0xE5, 0x25, 0x31, 0x53, 0x8F, 0x22, 0x5F, 0x17,
    0xD1, 0x46, 0x84, 0x46, 0xC3, 0x99, 0xC8, 0x44, 0x8C, 0x20, 0x3A, 0x9B, 0xF3, 0xED, 0x10, 0x9E,
    0x62, 0xEA, 0x88, 0x70, 0x11, 0xFE, 0x13, 0xD0, 0x77, 0x2D, 0xB6, 0xB5, 0x3D, 0x8E, 0x66, 0xC8,
    0x36, 0xCC, 0xD3, 0xA3, 0x40, 0x0A, 0x91, 0x29, 0x46, 0xA6, 0x88, 0xD2, 0x4C, 0xCD, 0x82, 0xFD,
    0x50, 0x84, 0x23, 0x79, 0x26, 0xBE, 0x10, 0xEC, 0xE1, 0x0D, 0x2C, 0xD5, 0xFE, 0x52, 0xF5, 0x2A,
    0xCC, 0xCF, 0xFD, 0xDE, 0x6C, 0x86, 0x62, 0xCD, 0xA4, 0x2F, 0x44, 0x36, 0x22, 0x66, 0x8A, 0x70,
    0x4C, 0x04, 0x2F, 0x62, 0x7F, 0x7B, 0x6E, 0x65, 0x54, 0x0C, 0xFA, 0x6F, 0x79, 0xFA, 0x62, 0xFC,
    0xB5, 0x9F, 0x21, 0xFE, 0x66, 0x1A, 0x7F, 0x6B, 0xAD, 0x25, 0xC5, 0xF3, 0x45, 0xE0, 0x1A, 0x57,
    0xC5, 0xFD, 0x4A, 0xEE, 0x43, 0x23, 0xB3, 0x62, 0x72, 0x43, 0x37, 0xCA, 0x2F, 0x64, 0x3C, 0x11,
    0x19, 0x2B, 0x29, 0xC6, 0x6A, 0x29, 0x86, 0x6A, 0xCA, 0xFA, 0x4F, 0xF5, 0x9F, 0x9D, 0x97, 0xC3,
    0xA6, 0xDB, 0xA8, 0x44, 0x7C, 0xF3, 0xF4, 0x91, 0xB7, 0xBD, 0xF1, 0x96, 0xCA, 0x5B, 0x1D, 0xEB,
    0x00, 0xCD, 0xD6, 0xA2, 0x13, 0x35, 0x13, 0x69, 0x29, 0xC5, 0xEF, 0xA5, 0x66, 0xBC, 0x11, 0xF3,
    0x5B, 0xD4, 0xC3, 0x3D, 0x9C, 0xEF, 0x44, 0xB0, 0xB2, 0xC0, 0x31, 0x00, 0xF9, 0xA5, 0x89, 0xFF,
    0xA6, 0xAC, 0x22, 0xEB, 0xC3, 0xED, 0x47, 0x9F, 0x66, 0x89, 0xE4, 0xDB, 0xB7, 0x11, 0xA1, 0x5B,
    0xB9, 0xD6, 0x9E, 0xCC, 0xB8, 0x11, 0x37, 0x67, 0x1A, 0x54, 0x67, 0x1E, 0x8D, 0x14, 0x33, 0xE6,
    0x33, 0x73, 0x49, 0x0C, 0x74, 0x23, 0xB9, 0xDC, 0x91, 0x09, 0x44, 0xFE, 0x5D, 0xC0, 0x6E, 0x45,
    0x64, 0xD6, 0x6A, 0x80, 0x91, 0xF6, 0x51, 0xB0, 0xF2, 0x3D, 0x09, 0xF5, 0x53, 0x4E, 0xC6, 0x62,
    0xA6, 0xF6, 0xC5, 0x42, 0xD3, 0xE7, 0x01, 0x0B, 0xAB, 0x62, 0x4B, 0xE7, 0x3D, 0x02, 0xD8, 0x84,
    0xBF, 0x99, 0xA1, 0xF9, 0xC9, 0x04, 0xE6, 0x27, 0x63, 0xC4, 0x7F, 0x0C, 0x50, 0x7D, 0xE0, 0xD1,
    0x20, 0xAE, 0x00, 0x72, 0x05, 0x7B, 0xF5, 0x4D, 0xFF, 0xA6, 0x60, 0xA5, 0xED, 0xBC, 0x15, 0xEA,
    0x19, 0xA7, 0x4B, 0xAD, 0x98, 0x90, 0x21, 0xA2, 0x98, 0x91, 0x31, 0xDA, 0x7C, 0xC9, 0x3F, 0x9A,
    0xCA, 0x91, 0x2C, 0x14, 0x1F, 0x4D, 0xD5, 0x00, 0xA1, 0xF8, 0xF9, 0x6C, 0x3C, 0xAC, 0xE5, 0xBF,
    0x2E, 0x6A, 0x9F, 0x54, 0x3E, 0xD4, 0x2D, 0x58, 0xE3, 0x43, 0x83, 0xDA, 0xF6, 0xCC, 0xAA, 0xFD,
    0x0E, 0xF6, 0x26, 0xD0, 0x38, 0xEC, 0x3B, 0x80, 0xD9, 0xB0, 0x41, 0xED, 0x4A, 0xAD, 0xB6, 0x0A,
    0x98, 0x05, 0x28, 0xA3, 0x9D, 0x80, 0x8B, 0x7E, 0x1D, 0x8D, 0x9D, 0xB4, 0x76, 0x3A, 0x0A, 0x38,
    0x7D, 0xFF, 0x1F, 0x40, 0x8A, 0x19, 0xEC, 0xDF, 0x8E, 0xD0, 0xE8, 0x70, 0x8C, 0x00, 0xC5, 0x7A,
    0x40, 0xFA, 0x67, 0x93, 0xE6, 0x42, 0x3D, 0xC2, 0x5A, 0x4D, 0xE4, 0xA1, 0x08, 0x94, 0x53, 0xB6,
    0xE1, 0x06, 0x23, 0x93, 0xF8, 0x88, 0x24, 0x68, 0x97, 0x04, 0x9D, 0x93, 0xA0, 0xFB, 0xCB, 0xC0,
    0xA6, 0xCF, 0x2E, 0x04, 0x75, 0x3C, 0x39, 0x68, 0xD9, 0x47, 0xD4, 0xFF, 0x3C, 0x83, 0x51, 0x41,
    0xAB, 0x5F, 0x8C, 0x50, 0x7C, 0x3C, 0x44, 0x88, 0x87, 0x4C, 0xFA, 0xC3, 0x32, 0x70, 0x8A, 0x27,
    0x8A, 0x90, 0x26, 0xDB, 0x61, 0xC7, 0x36, 0x23, 0xBC, 0xE6, 0x3C, 0x34, 0x02, 0xE7, 0x1B, 0xC7,
    0xFE, 0xDE, 0x7E, 0x72, 0xD1, 0x3E, 0xC6, 0xFA, 0xC7, 0x38, 0x60, 0xDB, 0xD7, 0x73, 0x95, 0x7E,
    0xDA, 0x6A, 0xC3, 0x20, 0x90, 0x07, 0x28, 0x17, 0x30, 0x53, 0x36, 0x59, 0x9F, 0x4F, 0xDD, 0x0F,
    0xBE, 0x35, 0x89, 0x48, 0xCA, 0x64, 0x0F, 0x68, 0x02, 0xDD, 0xC2, 0x06, 0xE1, 0xCA, 0x94, 0xA5,
    0x6D, 0xC4, 0x4E, 0x58, 0xAF, 0x2C, 0x16, 0x2D, 0xE1, 0xEA, 0xC4, 0x86, 0xD6, 0xD9, 0x84, 0x58,
    0xFF, 0x12, 0x7E, 0xDB, 0xF5, 0xE7, 0x7F, 0xD4, 0xA6, 0x7A, 0x03, 0xAC, 0x69, 0xF0, 0xF7, 0xA0,
    0xBB, 0x22, 0xD9, 0x96, 0x7A, 0xA1, 0x0C, 0x4A, 0xDB, 0x5F, 0xE9, 0x76, 0x2F, 0xD5, 0xB3, 0x6A,
    0xEB, 0x76, 0xE6, 0x8D, 0x16, 0xBE, 0x44, 0x9A, 0xB8, 0x59, 0x6B, 0x64, 0xA9, 0xBC, 0xBD, 0x23,
    0xD2, 0x7F, 0x95, 0x6E, 0x03, 0xF2, 0x77, 0xF9, 0x3F, 0xD5, 0x9A, 0x01, 0xA4, 0x25, 0x59, 0x7A,
    0xC7, 0x7F, 0x55, 0xA7, 0xBB, 0x6B, 0x33, 0xB5, 0x52, 0x83, 0x5D, 0xB3, 0x99, 0xDE, 0x99, 0x5A,
    0x08, 0x2B, 0xD3, 0xD3, 0x27, 0x08, 0x16, 0x3D, 0xEF, 0xD4, 0x0C, 0x04, 0x41, 0x1A, 0xF3, 0x84,
    0x0C, 0xB2, 0x58, 0xC8, 0x84, 0xF4, 0x62, 0x30, 0x98, 0xEE, 0x3A, 0x63, 0x00, 0x81, 0x86, 0x08,
    0x06, 0x06, 0x03, 0xFD, 0x86, 0xBC, 0xA0, 0x31, 0xE1, 0x75, 0xD7, 0xC9, 0x2C, 0x82, 0xC5, 0xD6,
    0x4A, 0xD6, 0x22, 0xD8, 0x4A, 0x66, 0x36, 0x91, 0x69, 0x38, 0xD9, 0xAD, 0xCD, 0x56, 0xF7, 0x9C,
    0x5B, 0x5F, 0xEA, 0x73, 0xEF, 0x7D, 0xF7, 0x75, 0xA7, 0x67, 0x4D, 0x26, 0x33, 0x3D, 0x6F, 0xBE,
    0x57, 0xE7, 0xF7, 0xBF, 0xEF, 0xD6, 0xA9, 0xEF, 0xFC, 0xBF, 0x3A, 0xF7, 0xD4, 0xBD, 0xAF, 0xEE,
    0xBB, 0x48, 0xE7, 0x3B, 0xEF, 0x38, 0xC3, 0x3A, 0xDC, 0xC7, 0xFC, 0xB4, 0xB4, 0x8D, 0xFE, 0x90,
    0x7B, 0x28, 0xC2, 0x89, 0xD6, 0x43, 0x27, 0x7D, 0x21, 0x12, 0xAB, 0xD1, 0x44, 0x17, 0xF2, 0xD8,
    0x92, 0xC5, 0x0E, 0x98, 0x1F, 0x68, 0x1D, 0xD0, 0x02, 0x2E, 0xF0, 0xAD, 0x3A, 0xE6, 0x63, 0x29,
    0x12, 0x33, 0x91, 0x86, 0xF3, 0xFD, 0xFD, 0x39, 0x4D, 0x80, 0xEC, 0x6F, 0xDF, 0x06, 0x2B, 0x12,
    0xE8, 0x16, 0x64, 0xD2, 0x54, 0x21, 0x4F, 0x94, 0xC1, 0x24, 0xC5, 0x44, 0xEE, 0x17, 0x80, 0x49,
    0x5B, 0x14, 0xAB, 0xFD, 0x06, 0xD9, 0x1E, 0x40, 0xB6, 0x02, 0x98, 0x1F, 0x82, 0x15, 0xA6, 0x27,
    0x2D, 0xC8, 0xA6, 0x05, 0xE5, 0xBD, 0x83, 0xC3, 0xBE, 0x13, 0x91, 0x5E, 0x14, 0x5F, 0x81, 0x1C,
    0x07, 0x55, 0xB0, 0xFF, 0x22, 0xAD, 0x2F, 0x45, 0x66, 0xF2, 0xB9, 0x98, 0x30, 0xA3, 0x1E, 0x13,
    0xB9, 0xB5, 0x46, 0x31, 0x6C, 0x1E, 0x29, 0x12, 0x79, 0x52, 0x5F, 0x22, 0x82, 0xFD, 0x99, 0xB4,
    0xC1, 0x72, 0xB9, 0x0A, 0x9A, 0x8A, 0xB3, 0xFB, 0x4D, 0xB6, 0xDF, 0x88, 0x04, 0x27, 0x43, 0x27,
    0xDE, 0x4A, 0x6F, 0x26, 0x32, 0x3D, 0x40, 0x33, 0x32, 0xEB, 0xE1, 0x74, 0x54, 0x3D, 0x38, 0x5F,
    0x07, 0xB0, 0xC1, 0x35, 0x50, 0xF5, 0x2D, 0x50, 0xC6, 0x04, 0x98, 0x5F, 0x29, 0x73, 0x19, 0x15,
    0x22, 0x91, 0x4C, 0xC9, 0x26, 0xF6, 0xF7, 0xF7, 0x2F, 0x6F, 0x9F, 0x3F, 0xE8, 0x3E, 0x7C, 0x0B,
    0x4D, 0xC4, 0x31, 0xDB, 0x00, 0x94, 0xB2, 0xDA, 0x72, 0x4A, 0xBB, 0x78, 0x1B, 0x8D, 0x74, 0x22,
    0xBE, 0xC7, 0x93, 0x37, 0x34, 0x59, 0x5F, 0xCE, 0x5D, 0x5F, 0x0D, 0x45, 0x5F, 0x07, 0xD3, 0xDB,
    0x00, 0xEA, 0xAC, 0x8A, 0x7A, 0x92, 0x21, 0x93, 0x40, 0x21, 0x13, 0xF5, 0x3F, 0x0A, 0x8E, 0x2E,
    0x38, 0xEA, 0xD8, 0x52, 0x44, 0x87, 0x4E, 0xBF, 0x89, 0xD5, 0x64, 0xA2, 0x91, 0x3F, 0xD6, 0x79,
    0x68, 0xA8, 0xF4, 0x80, 0x45, 0x71, 0x9A, 0x21, 0x9C, 0xA1, 0xEA, 0xF7, 0xB4, 0x51, 0x07, 0xF7,
    0xD7, 0xE2, 0x9D, 0xCC, 0x9C, 0x97, 0x01, 0xE0, 0x5A, 0x3E, 0x89, 0x49, 0x9D, 0x49, 0xCF, 0x11,
    0xE1, 0xC9, 0x7B, 0x80, 0x5A, 0x99, 0x00, 0x7B, 0xF7, 0x4F, 0x35, 0xC5, 0x0C, 0x75, 0x8F, 0x19,
    0xD1, 0x56, 0xF6, 0x40, 0xA2, 0xF2, 0x95, 0xF8, 0x3D, 0x2C, 0xAD, 0x04, 0xCB, 0x1E, 0xC9, 0x84,
    0xCA, 0xBF, 0x96, 0x8F, 0x79, 0xA8, 0xC2, 0x91, 0x89, 0x50, 0x2E, 0x32, 0xDC, 0x27, 0xF1, 0x84,
    0xBC, 0x96, 0x4F, 0x34, 0xD5, 0x92, 0x60, 0x2E, 0x86, 0x7A, 0x9D, 0xC5, 0x51, 0xF9, 0xF2, 0x2E,
    0x57, 0x75, 0x04, 0xF4, 0x25, 0x32, 0x41, 0x39, 0x80, 0x34, 0xB4, 0x1E, 0xEC, 0x7C, 0xB8, 0x02,
    0xF4, 0x24, 0x01, 0x9C, 0xBD, 0x8C, 0xBE, 0x56, 0x1B, 0x9C, 0x44, 0xF6, 0xFE, 0x24, 0x71, 0x89,
    0xC4, 0x37, 0x48, 0x40, 0xE2, 0x9C, 0x24, 0xDC, 0x87, 0x89, 0x5B, 0x24, 0x8E, 0xB4, 0x65, 0x89,
    0x76, 0x39, 0xDC, 0xAE, 0xDA, 0x70, 0xEE, 0xFA, 0xEF, 0x36, 0x6C, 0x42, 0x5F, 0xB0, 0xDA, 0x5E,
    0x3E, 0x38, 0x68, 0xD0, 0xB8, 0xC0, 0xC0, 0x55, 0x13, 0xB3, 0x54, 0xF6, 0x26, 0x5A, 0xAF, 0xAF,
    0x06, 0xE7, 0x57, 0xB4, 0xF9, 0xA4, 0x4D, 0x1F, 0xA3, 0xCF, 0xE9, 0x3E, 0xED, 0xA3, 0x7D, 0xB9,
    0x40, 0x0F, 0xD0, 0x8A, 0x88, 0x57, 0x84, 0xDF, 0x3B, 0x38, 0x38, 0x0C, 0x40, 0xF5, 0x1B, 0x71,
    0x56, 0x6B, 0x19, 0x00, 0x27, 0xA2, 0xF5, 0x52, 0xF7, 0xBA, 0xA6, 0xB3, 0x48, 0x55, 0x8B, 0x7F,
    0x8D, 0x67, 0x4B, 0x89, 0x17, 0xB9, 0x64, 0xC2, 0x54, 0xF1, 0xAA, 0x09, 0xEF, 0x56, 0xDC, 0x34,
    0x21, 0x96, 0xCD, 0x4D, 0x23, 0xBD, 0xF2, 0x4E, 0x50, 0xBE, 0x37, 0xE8, 0xDE, 0x10, 0x2B, 0x2E,
    0x15, 0xE1, 0xDD, 0xA7, 0xB9, 0x58, 0x8F, 0xEE, 0x12, 0x55, 0x03, 0xA3, 0x66, 0x33, 0x83, 0xAE,
    0xC7, 0x2B, 0x1E, 0xAC, 0x4C, 0x40, 0xA6, 0x75, 0xB6, 0xBA, 0x22, 0xE2, 0x42, 0x6E, 0x50, 0x4A,
    0xB0, 0x6F, 0xC6, 0xE7, 0x98, 0x8E, 0x38, 0x5A, 0x6F, 0x57, 0x99, 0xDC, 0x9B, 0xB1, 0x92, 0x90,
    0xDD, 0x00, 0xD0, 0xC9, 0x7A, 0x68, 0xEB, 0x44, 0x56, 0x22, 0x32, 0xBF, 0x7C, 0xF8, 0xE1, 0x8D,
    0x87, 0xF6, 0x29, 0x02, 0xDB, 0xD8, 0xF6, 0x55, 0x3D, 0xFB, 0x36, 0x22, 0x8D, 0x48, 0x3F, 0x56,
    0x43, 0x2C, 0x06, 0x9D, 0xE2, 0x2A, 0x60, 0x3D, 0x2D, 0x59, 0xA2, 0x88, 0xD4, 0x81, 0x4E, 0x57,
    0x6E, 0x5C, 0x36, 0xF6, 0xB1, 0x32, 0xB8, 0xC3, 0xF1, 0xB9, 0x3C, 0x5D, 0x20, 0x91, 0x4D, 0x3C,
    0x11, 0x8D, 0xF8, 0x5C, 0xA2, 0xF6, 0x46, 0xB7, 0xAF, 0xE5, 0xC9, 0x49, 0xB4, 0x12, 0x78, 0x71,
    0x33, 0x87, 0x74, 0x18, 0xA1, 0x1E, 0xE9, 0x3C, 0x47, 0xF0, 0x38, 0x3C, 0x33, 0x72, 0x38, 0xD0,
    0x4E, 0x48, 0xC4, 0x4E, 0x5C, 0x89, 0x98, 0x89, 0xF2, 0xD3, 0x93, 0x6A, 0x61, 0xC2, 0x2D, 0x94,
    0xBF, 0x91, 0x71, 0xA1, 0xBC, 0x2F, 0xCD, 0x42, 0xB3, 0x30, 0x5E, 0x06, 0x4C, 0x64, 0xC7, 0xF1,
    0x04, 0xA7, 0x1D, 0xF3, 0x51, 0xC9, 0xD9, 0xE5, 0x4A, 0x92, 0x8B, 0x5E, 0xC7, 0x17, 0xF4, 0x56,
    0xFE, 0x39, 0xE1, 0x24, 0x24, 0x5A, 0x45, 0x77, 0x8C, 0x56, 0xE1, 0x14, 0x56, 0x51, 0x29, 0x72,
    0x05, 0xD5, 0x67, 0x82, 0x2B, 0xDB, 0x7C, 0x99, 0x84, 0x23, 0x2C, 0xAD, 0x6F, 0x83, 0x6B, 0xCE,
    0xE8, 0x5C, 0xEA, 0xA6, 0xAB, 0x0A, 0xEA, 0xE6, 0x71, 0x8B, 0x13, 0xEC, 0xA4, 0xE7, 0x35, 0x4F,
    0xD4, 0x89, 0x2E, 0xF1, 0x6A, 0x82, 0x8F, 0xD9, 0xAC, 0x5E, 0x6C, 0x02, 0xCF, 0x5C, 0xC7, 0x48,
    0xA2, 0xFA, 0x79, 0x87, 0xF5, 0x56, 0x17, 0x7B, 0xB8, 0x46, 0xD5, 0x5F, 0xA3, 0xDC, 0xB4, 0x2A,
    0x38, 0x6D, 0xDE, 0xF9, 0xEA, 0x9E, 0x60, 0x64, 0x82, 0x97, 0x1B, 0xB6, 0xE1, 0x44, 0x82, 0xB6,
    0x27, 0x37, 0x2B, 0xF5, 0x9B, 0xBC, 0x85, 0xD3, 0x45, 0xE3, 0x57, 0x94, 0x83, 0xC3, 0x8C, 0x75,
    0xC8, 0x52, 0x19, 0xB9, 0x6D, 0x46, 0x6D, 0xFA, 0x58, 0x9F, 0xD3, 0x7D, 0xB5, 0xBF, 0x85, 0xCB,
    0x46, 0x74, 0x71, 0xA3, 0xF1, 0x35, 0xC8, 0xDE, 0x82, 0x15, 0x3A, 0x3F, 0xE5, 0x4A, 0xEB, 0xC7,
    0x2D, 0x52, 0x7B, 0x9E, 0xBD, 0x0A, 0x0E, 0x58, 0xE4, 0xD6, 0x5A, 0x92, 0x8A, 0x76, 0x54, 0x29,
    0x06, 0x54, 0xAA, 0x70, 0x56, 0xC5, 0x36, 0xAE, 0x5F, 0xC4, 0xD1, 0xA9, 0x24, 0x3E, 0xEA, 0x4B,
    0xF9, 0xF1, 0x64, 0xEE, 0xF4, 0x95, 0xFC, 0x32, 0x96, 0x3F, 0xEC, 0xA1, 0xEC, 0xAB, 0xB2, 0xD7,
    0xFC, 0x7B, 0x2A, 0x8E, 0x23, 0x95, 0x6B, 0xFC, 0xEA, 0xA5, 0x0F, 0x20, 0x65, 0x22, 0x2B, 0xF2,
    0x11, 0x15, 0x13, 0xB5, 0x33, 0x65, 0x50, 0x51, 0x23, 0x2A, 0x67, 0x41, 0xE3, 0x71, 0x38, 0xE7,
    0x31, 0x93, 0xE6, 0xA1, 0x9E, 0xC0, 0x36, 0x74, 0x13, 0xEC, 0xC1, 0xCD, 0x09, 0x12, 0x30, 0x91,
    0x4D, 0x2A, 0x9A, 0x47, 0xA5, 0xEC, 0x55, 0xB4, 0xBF, 0x8A, 0xCB, 0x6E, 0xA8, 0x5C, 0x73, 0xD2,
    0x33, 0xA1, 0xAB, 0x85, 0x29, 0x1F, 0x2F, 0x99, 0xD1, 0xCA, 0x1B, 0xF1, 0x52, 0x3E, 0x39, 0xF9,
    0x51, 0x50, 0x23, 0x3A, 0xAE, 0x26, 0x70, 0xA0, 0x09, 0x6E, 0x81, 0xF5, 0x90, 0xD4, 0xB1, 0x3E,
    0x9F, 0x4F, 0xB0, 0x5E, 0xB0, 0x9A, 0xD8, 0xFE, 0xE4, 0xB2, 0x1A, 0x71, 0x92, 0x70, 0xA8, 0xE8,
    0x69, 0xD5, 0xD8, 0x07, 0xFE, 0x1C, 0x5D, 0xB7, 0x90, 0x60, 0x59, 0xBC, 0x68, 0xEE, 0x65, 0x05,
    0xA3, 0xC9, 0x75, 0x19, 0x6B, 0x99, 0xE8, 0xEC, 0x79, 0xE0, 0x89, 0x88, 0x03, 0x8C, 0x78, 0x1D,
    0x11, 0x5D, 0xDA, 0x09, 0xDD, 0x9F, 0xF2, 0x98, 0x5D, 0x06, 0x52, 0x31, 0x94, 0x93, 0x6A, 0x15,
    0xEA, 0x89, 0x65, 0xB9, 0xD7, 0xCD, 0xDE, 0x84, 0x93, 0xE8, 0xB8, 0x35, 0xE9, 0x62, 0x38, 0xCA,
    0xFE, 0x6B, 0x82, 0x17, 0x99, 0xCC, 0x8F, 0x27, 0xD4, 0x6A, 0xF9, 0x0F, 0xAA, 0x45, 0x5F, 0x67,
    0x13, 0xE8, 0xD9, 0xDF, 0x5F, 0x01, 0x16, 0x27, 0x12, 0x60, 0x0F, 0x2B, 0xB2, 0x2E, 0x4C, 0xF7,
    0x67, 0xA3, 0xAA, 0x1E, 0xB6, 0xF9, 0xBD, 0x41, 0x43, 0x4B, 0xA5, 0x8A, 0xEB, 0xA6, 0x35, 0x3F,
    0x18, 0x26, 0xEE, 0x5A, 0x11, 0xA1, 0xEE, 0xA1, 0xF5, 0xE4, 0x33, 0x94, 0xE3, 0xFA, 0x57, 0xE7,
    0xC1, 0x35, 0x1B, 0x0D, 0x19, 0x6E, 0xEE, 0xA8, 0x44, 0x2F, 0x5F, 0x77, 0x59, 0xC7, 0x1F, 0x28,
    0xE8, 0x14, 0xC8, 0xA0, 0xB4, 0x2B, 0x65, 0x26, 0x4A, 0x1E, 0x53, 0xC0, 0xF6, 0x0D, 0x4F, 0xCD,
    0x28, 0xED, 0xA4, 0x74, 0x49, 0xB9, 0xA7, 0xE4, 0xD6, 0xAC, 0x4C, 0x2D, 0x5A, 0x83, 0x0E, 0x99,
    0x47, 0xE7, 0xD5, 0x9B, 0x0D, 0x5A, 0x49, 0xD5, 0x43, 0x15, 0xAA, 0x41, 0x59, 0x46, 0x9D, 0x57,
    0x33, 0x82, 0xC3, 0x24, 0x68, 0x45, 0x16, 0xEA, 0xA5, 0x19, 0xE6, 0x83, 0x03, 0x21, 0x4B, 0x20,
    0x98, 0x49, 0xCB, 0xD1, 0xE2, 0x5C, 0x28, 0xB5, 0x73, 0x2F, 0xE2, 0x0B, 0x99, 0x17, 0x96, 0x32,
    0x03, 0xBF, 0xB5, 0xB3, 0x5E, 0x48, 0x03, 0xB8, 0x09, 0x40, 0xBC, 0xF2, 0x15, 0x4E, 0xAF, 0xF3,
    0xDC, 0xEF, 0xFC, 0xB4, 0x2B, 0x20, 0x9B, 0x3B, 0x0F, 0x65, 0xD4, 0x51, 0x8C, 0xCF, 0xFB, 0x53,
    0xEB, 0xFC, 0xEF, 0xB9, 0x0E, 0x46, 0xFE, 0x63, 0x80, 0x42, 0x24, 0x40, 0xD9, 0x48, 0x03, 0x70,
    0x8A, 0xCF, 0x36, 0xA0, 0xF9, 0x2B, 0xCD, 0x3F, 0xE9, 0xA2, 0xD0, 0xCB, 0x32, 0xE4, 0x43, 0xE9,
    0x4F, 0xAD, 0xE7, 0x73, 0xD7, 0x77, 0x1E, 0x6E, 0x5D, 0x53, 0x8E, 0xF5, 0x8E, 0x47, 0xD7, 0xB6,
    0x7B, 0xB5, 0xE7, 0x69, 0xF4, 0x7F, 0x76, 0x7F, 0x89, 0x06, 0x9C, 0x2C, 0x11, 0x76, 0x6A, 0x3E,
    0x4A, 0x94, 0xAA, 0xBF, 0x4C, 0x14, 0x01, 0xCA, 0xF7, 0x13, 0x26, 0x40, 0xF5, 0x83, 0x84, 0x86,
    0x7D, 0x63, 0xAD, 0xCE, 0xAC, 0xF5, 0xF6, 0x46, 0x93, 0x59, 0xED, 0xBF, 0x08, 0xF9, 0x64, 0x44,
    0x26, 0x75, 0xBE, 0xD6, 0x72, 0x58, 0xEF, 0xAF, 0x3E, 0x7C, 0x47, 0x15, 0x2B, 0xA2, 0x8A, 0xDB,
    0x68, 0xC7, 0x7A, 0xFF, 0x4A, 0x35, 0xEF, 0xF3, 0xA4, 0x6A, 0x06, 0x33, 0xAE, 0xB5, 0x1A, 0x29,
    0xE6, 0x83, 0x77, 0x06, 0x91, 0xA6, 0x15, 0x91, 0x45, 0xBD, 0xEA, 0x00, 0x7F, 0xF1, 0x36, 0x94,
    0xFA, 0xA8, 0x15, 0x99, 0x32, 0xE9, 0xCF, 0x4F, 0x66, 0x05, 0x53, 0x35, 0x2A, 0xE2, 0x02, 0xDB,
    0xC3, 0x77, 0x5D, 0x00, 0xD6, 0xF0, 0x5B, 0xB4, 0xDB, 0x47, 0xBA, 0xE3, 0x24, 0xEC, 0xB0, 0x9D,
    0xA1, 0x32, 0xC1, 0xF7, 0x8D, 0x34, 0x79, 0xCA, 0xE4, 0x5E, 0x37, 0xAA, 0xDB, 0x40, 0x29, 0x77,
    0x01, 0xCB, 0x31, 0x22, 0x70, 0x3E, 0x01, 0x5C, 0x05, 0x9A, 0x5B, 0x80, 0x24, 0xA0, 0x1B, 0xE0,
    0x1C, 0x40, 0x35, 0x6C, 0x2F, 0xD6, 0x85, 0x1C, 0x0F, 0x90, 0x07, 0x80, 0xF5, 0x04, 0x34, 0x9D,
    0x9E, 0xF4, 0x56, 0x61, 0x12, 0xA5, 0xA2, 0x50, 0x18, 0x05, 0x3C, 0x14, 0x22, 0x69, 0x03, 0x3D,
    0xE1, 0x1F, 0xD3, 0x2F, 0x1F, 0x34, 0xCB, 0x1A, 0x7A, 0x02, 0x07, 0x1D, 0x68, 0x0D, 0xC8, 0x02,
    0x50, 0xF5, 0x40, 0x17, 0xA1, 0x14, 0x0F, 0xF5, 0x08, 0x3C, 0x06, 0x5F, 0xB4, 0xB5, 0xEF, 0x01,
    0xF9, 0x8C, 0xBA, 0x0A, 0xE0, 0x7E, 0x16, 0x61, 0xCE, 0x13, 0xFC, 0x1D, 0x97, 0xBE, 0x68, 0x6B,
    0x9B, 0xBF, 0x83, 0x41, 0xB4, 0x7B, 0xA7, 0x78, 0x8E, 0xF8, 0xC5, 0xBA, 0xFA, 0x2A, 0x58, 0x8F,
    0x9B, 0x28, 0xA5, 0xA1, 0x0B, 0x14, 0x5E, 0xCD, 0xA8, 0x95, 0xBE, 0x55, 0x1B, 0x7C, 0x8A, 0xAD,
    0x58, 0xB1, 0x1C, 0xBE, 0x6C, 0x18, 0xB0, 0x21, 0x93, 0x50, 0xCF, 0xB8, 0x81, 0xA7, 0xE0, 0xB3,
    0x4C, 0xFE, 0x6D, 0x32, 0xD1, 0x65, 0x61, 0xEF, 0x8C, 0x5D, 0xB6, 0x7A, 0x85, 0x0B, 0x40, 0xB6,
    0x7F, 0xD9, 0xCA, 0x58, 0x4B, 0x44, 0xF8, 0x14, 0x5B, 0x26, 0xCD, 0x72, 0xF8, 0xB2, 0x01, 0x8E,
    0xD4, 0xBE, 0x90, 0xDA, 0x3C, 0x5D, 0xE4, 0xE6, 0x67, 0x98, 0x79, 0x99, 0xE8, 0x66, 0x7B, 0xB1,
    0xD5, 0xA9, 0x0E, 0x98, 0x94, 0x75, 0x23, 0x5A, 0x5A, 0x52, 0x66, 0xA2, 0x64, 0xCD, 0xD6, 0x2B,
    0x5D, 0x38, 0xC9, 0x4E, 0x04, 0xBB, 0xE1, 0x13, 0xAB, 0xFD, 0x85, 0xFF, 0xAB, 0x8F, 0x57, 0x76,
    0xBB, 0x3C, 0xEB, 0xAD, 0x9E, 0xF4, 0x52, 0x28, 0x03, 0x3A, 0xF3, 0x8D, 0xF2, 0x03, 0x80, 0xBF,
    0xE4, 0xBB, 0x40, 0x26, 0xFF, 0x1E, 0x01, 0x23, 0x32, 0xA8, 0x84, 0xCE, 0xF3, 0x40, 0x9C, 0x7D,
    0x11, 0xBE, 0xBE, 0x4F, 0xA7, 0xC5, 0x08, 0xAD, 0x78, 0x64, 0xC6, 0x48, 0xA0, 0x1C, 0x16, 0x19,
    0x28, 0xFB, 0x45, 0x46, 0x54, 0x7E, 0x9D, 0x50, 0xF9, 0xC5, 0x8C, 0x4A, 0x94, 0xB5, 0xB4, 0x41,
    0x25, 0xBA, 0x5E, 0x25, 0x56, 0x51, 0x25, 0x96, 0x93, 0x4A, 0x34, 0x49, 0x25, 0x66, 0xA2, 0x12,
    0x91, 0x3F, 0x52, 0xC1, 0xFD, 0x50, 0x05, 0x7B, 0x47, 0x85, 0xEA, 0x23, 0x15, 0x0A, 0x51, 0x21,
    0x5F, 0xA4, 0x98, 0x60, 0x91, 0x4E, 0x02, 0xDD, 0x5A, 0x5C, 0x0F, 0xBC, 0x85, 0xC6, 0x4A, 0xA1,
    0xBD, 0x80, 0x76, 0x52, 0xE6, 0xB3, 0x92, 0x0B, 0x1C, 0x87, 0xBE, 0x07, 0x50, 0x8A, 0x78, 0x74,
    0x32, 0x46, 0x32, 0xE9, 0xEB, 0x15, 0x66, 0x45, 0x2E, 0x94, 0x23, 0x74, 0xBE, 0x8A, 0xE0, 0x82,
    0xED, 0xC1, 0xF6, 0x2E, 0x40, 0x35, 0x38, 0x65, 0x74, 0x7E, 0xC7, 0xD6, 0x3F, 0xF8, 0xCC, 0xAE,
    0x67, 0xDD, 0xEB, 0xB1, 0x2E, 0x68, 0x9E, 0xD6, 0x57, 0x6A, 0x18, 0x33, 0x53, 0xAC, 0xC8, 0xE4,
    0x3F, 0xBB, 0x09, 0x1D, 0xB7, 0x87, 0xCD, 0xA7, 0x98, 0xAF, 0x37, 0x4A, 0xBE, 0xA1, 0xC8, 0x56,
    0xA0, 0x3B, 0x94, 0xDD, 0xC8, 0xE6, 0x4E, 0x1B, 0x0C, 0x9C, 0x76, 0xFF, 0xE7, 0x94, 0xD8, 0x41,
    0x29, 0x13, 0x60, 0x56, 0x82, 0x26, 0xB4, 0x9A, 0x16, 0x13, 0x4E, 0xB7, 0xFF, 0xEC, 0xDD, 0xDC,
    0x43, 0x21, 0x6F, 0x6A, 0x12, 0x11, 0x4D, 0xB8, 0x79, 0xE5, 0x9C, 0xFA, 0x33, 0x8F, 0x46, 0x31,
    0xD8, 0x46, 0x53, 0xED, 0x86, 0x33, 0xA1, 0x3E, 0xFD, 0xCE, 0x9F, 0x26, 0xEF, 0x9D, 0x2F, 0x63,
    0x3D, 0xD8, 0x50, 0x4C, 0x1D, 0x99, 0x24, 0x68, 0xD5, 0xCA, 0x00, 0xDD, 0x48, 0x3E, 0xAF, 0x28,
    0x63, 0xDB, 0xD8, 0x50, 0xF7, 0x8E, 0x22, 0x7E, 0x95, 0x2C, 0xB0, 0x89, 0x73, 0x0A, 0x2A, 0xAF,
    0xD5, 0x59, 0xB4, 0xBA, 0xDB, 0xE0, 0x44, 0xD2, 0xAE, 0x3A, 0xA3, 0xD5, 0x51, 0x8A, 0x56, 0x57,
    0xB5, 0x5A, 0xDD, 0x5E, 0xAD, 0xD5, 0x1D, 0xA9, 0x67, 0x46, 0xAD, 0xC2, 0x44, 0x65, 0x11, 0x94,
    0x95, 0x57, 0x5A, 0x94, 0xAF, 0x29, 0xC3, 0xA4, 0xD5, 0xBD, 0x17, 0xB5, 0xBA, 0x7F, 0xEA, 0xB5,
    0x3A, 0xF1, 0x2C, 0xFD, 0x04, 0x44, 0x93, 0x9B, 0x4D, 0x75, 0x0B, 0xB5, 0x3A, 0x73, 0x47, 0xAB,
    0x2B, 0x83, 0x56, 0x57, 0x35, 0x00, 0x99, 0x02, 0xF8, 0xB6, 0x02, 0x5C, 0xC3, 0xF1, 0xCA, 0x86,
    0x7A, 0x56, 0x42, 0xE7, 0x95, 0x94, 0xB0, 0xFB, 0x28, 0x75, 0x59, 0x2F, 0xBB, 0x4E, 0xA2, 0x11,
    0x59, 0x64, 0xC8, 0x65, 0x26, 0x4F, 0x50, 0xF5, 0x9F, 0xA7, 0x64, 0x09, 0xEA, 0x00, 0x2B, 0xB0,
    0x01, 0x04, 0x9C, 0x47, 0xED, 0x09, 0xE0, 0xEE, 0xBE, 0x34, 0x03, 0x95, 0xC8, 0xF4, 0xE0, 0xDD,
    0x72, 0xA0, 0x50, 0x40, 0xDB, 0x80, 0xEE, 0x0C, 0xBB, 0x1B, 0x0E, 0xB4, 0xBD, 0x92, 0xEF, 0xF0,
    0x25, 0xAE, 0x2F, 0xBB, 0xAE, 0xA4, 0x9C, 0x94, 0xB8, 0x59, 0x89, 0xB4, 0x01, 0x30, 0x53, 0x19,
    0x55, 0x02, 0xF1, 0x4B, 0x3C, 0x7F, 0x68, 0x64, 0xFA, 0xBE, 0x0C, 0x26, 0x55, 0x71, 0x27, 0xC4,
    0x22, 0x7C, 0x89, 0x0B, 0xFB, 0x7D, 0x45, 0x3E, 0x29, 0x6D, 0x02, 0x32, 0x19, 0x40, 0x17, 0x2E,
    0x70, 0xF2, 0x86, 0xCC, 0xEE, 0x5B, 0xBD, 0x5E, 0xC4, 0x3B, 0x09, 0xC5, 0xC8, 0xE6, 0xEF, 0xCA,
    0x48, 0xB6, 0xA2, 0x18, 0x40, 0xA8, 0x02, 0xB4, 0x4D, 0xED, 0xC1, 0x05, 0x07, 0x7A, 0x9F, 0x59,
    0xB9, 0xF9, 0x56, 0x6F, 0x3D, 0x7E, 0xDC, 0xDD, 0x72, 0xEB, 0x82, 0xD2, 0x79, 0x94, 0xCD, 0x6F,
    0x62, 0xEB, 0xD1, 0x12, 0xD2, 0x86, 0xEA, 0x07, 0x3A, 0x2D, 0xA5, 0x95, 0x80, 0xDA, 0xD8, 0x62,
    0x3E, 0xF0, 0xC7, 0x7F, 0x02, 0x48, 0x63, 0x12, 0x5D, 0x58, 0x60, 0xFB, 0x05, 0xD5, 0x70, 0x3F,
    0xF4, 0x39, 0xA7, 0x7B, 0x3B, 0x6F, 0xE6, 0x43, 0x39, 0x3E, 0xCC, 0xDF, 0xF7, 0x25, 0x2B, 0xD0,
    0x49, 0xDC, 0x80, 0x73, 0xF2, 0x01, 0xE0, 0x44, 0x00, 0xF9, 0x50, 0x02, 0xF9, 0x0A, 0x3B, 0x6C,
    0xBE, 0x99, 0x28, 0x22, 0xA5, 0x92, 0x6A, 0x50, 0xD6, 0x81, 0x3A, 0xD2, 0x35, 0x48, 0xD4, 0x5C,
    0x12, 0xAB, 0x01, 0x8A, 0x58, 0x07, 0xA5, 0x5D, 0xB3, 0x57, 0x56, 0x93, 0xB2, 0x10, 0xBF, 0x10,
    0x19, 0x95, 0xF5, 0xAC, 0xCC, 0x45, 0x49, 0xEB, 0x95, 0x2E, 0x14, 0xF1, 0x22, 0x76, 0xA1, 0xC3,
    0xF9, 0x72, 0x61, 0x87, 0x44, 0x27, 0xAB, 0x85, 0x56, 0x22, 0xC0, 0x3E, 0x9B, 0xB8, 0xA4, 0xE8,
    0x50, 0xF4, 0x80, 0x0E, 0xA0, 0xC9, 0x80, 0x3D, 0xC5, 0x19, 0x4E, 0x44, 0xD6, 0xCD, 0x60, 0x45,
    0x02, 0xF6, 0x5E, 0x17, 0xB1, 0x4D, 0x15, 0xA9, 0x29, 0xC6, 0x05, 0x66, 0x84, 0x63, 0x64, 0x9D,
    0x8C, 0x54, 0xB2, 0xC0, 0xDD, 0x7B, 0x67, 0xA4, 0x6D, 0xCC, 0x48, 0xC7, 0x0E, 0xF5, 0x88, 0xFB,
    0x89, 0x4C, 0x58, 0xF9, 0x85, 0x84, 0x52, 0x5E, 0x97, 0xC0, 0x89, 0xD5, 0x53, 0x6D, 0x27, 0x33,
    0x13, 0x0F, 0x65, 0x02, 0x5C, 0xBF, 0xF3, 0xF3, 0x28, 0x0D, 0xE5, 0x3D, 0x50, 0x8D, 0x9B, 0xBB,
    0x90, 0xD9, 0xAA, 0xF5, 0x3A, 0x07, 0x03, 0xC6, 0x67, 0xBA, 0xE7, 0x91, 0x7A, 0x79, 0x95, 0xEB,
    0xE4, 0xF2, 0x5E, 0xA4, 0x10, 0xE9, 0x29, 0x5F, 0x17, 0x4F, 0xC6, 0xEF, 0xF0, 0x88, 0x6D, 0xEC,
    0xEE, 0x15, 0x1A, 0xBD, 0x55, 0x68, 0xC6, 0x05, 0x7A, 0xA3, 0xF0, 0x51, 0xDB, 0xD0, 0xBB, 0x7A,
    0xB8, 0xB4, 0xBD, 0xFB, 0x37, 0xD5, 0xC0, 0xA8, 0x38, 0xDA, 0xDB, 0xEC, 0xD0, 0x2E, 0x8F, 0xCE,
    0x50, 0xD6, 0xAD, 0xE8, 0xF4, 0x59, 0xF9, 0x43, 0x11, 0x1D, 0xE2, 0x47, 0xF7, 0x24, 0x58, 0x4A,
    0x69, 0xEC, 0x60, 0x31, 0x33, 0x55, 0x7C, 0x12, 0x93, 0x28, 0x23, 0x2A, 0xC5, 0x08, 0x66, 0x5A,
    0x24, 0x17, 0x8D, 0xB1, 0x5E, 0x8B, 0xFB, 0xC0, 0x4C, 0x40, 0xAB, 0x5D, 0xA0, 0x3B, 0x96, 0x19,
    0x68, 0x9B, 0x25, 0x59, 0x36, 0xB8, 0xA1, 0x6D, 0x7F, 0x7E, 0x25, 0x5A, 0x59, 0xD5, 0x22, 0x7D,
    0x21, 0x83, 0x91, 0x15, 0xE8, 0x5F, 0x97, 0x40, 0x2D, 0x3E, 0x13, 0x99, 0x0A, 0x79, 0x67, 0xAA,
    0x22, 0x93, 0x0B, 0x4B, 0xF3, 0x8C, 0x2D, 0xD0, 0x01, 0x72, 0xA2, 0x75, 0x68, 0x4A, 0x70, 0x01,
    0xEC, 0xC0, 0x2B, 0xD5, 0xFC, 0x52, 0x32, 0x22, 0x91, 0x4E, 0x1A, 0x4C, 0xCF, 0xBA, 0xCD, 0x5A,
    0x99, 0x87, 0x2A, 0x70, 0x66, 0x69, 0x56, 0xA0, 0x4E, 0xA0, 0xF1, 0x14, 0xE0, 0x3C, 0xB4, 0x71,
    0xB3, 0x48, 0xA5, 0x01, 0x0B, 0x64, 0x1C, 0x87, 0x9D, 0xC9, 0x44, 0x86, 0x62, 0x3E, 0x1C, 0xAB,
    0x68, 0x92, 0x0D, 0xD9, 0xCA, 0x79, 0xE6, 0x16, 0xA4, 0x13, 0x59, 0xB7, 0x83, 0x83, 0x83, 0x6E,
    0xEB, 0xC7, 0x6F, 0xFC, 0x44, 0x2E, 0x2C, 0x7E, 0x66, 0x23, 0x32, 0xD1, 0x89, 0x27, 0xDB, 0xBE,
    0xF4, 0x0A, 0xC0, 0x06, 0x90, 0x40, 0x31, 0xA3, 0xC6, 0xA9, 0x1B, 0x38, 0xC3, 0xE7, 0x33, 0x66,
    0x3E, 0x40, 0x95, 0xC0, 0x09, 0xCC, 0x2E, 0x98, 0xB1, 0x88, 0x9B, 0x8F, 0x27, 0x9F, 0x5B, 0x8D,
    0xFA, 0xD1, 0xC1, 0x24, 0xCD, 0x54, 0x0D, 0xC4, 0x22, 0x7C, 0x8E, 0x63, 0xFD, 0x36, 0x3A, 0x81,
    0x2E, 0x52, 0xAC, 0xA0, 0xF3, 0xD4, 0xCD, 0xF1, 0xDC, 0x3D, 0x93, 0x70, 0x89, 0xF3, 0x89, 0xFC,
    0x93, 0x6C, 0x2B, 0x9C, 0x0C, 0xCB, 0x06, 0x50, 0x6A, 0xD2, 0x4C, 0x7C, 0xB9, 0xC2, 0x0D, 0xB8,
    0x13, 0x73, 0x73, 0x18, 0x91, 0xC8, 0x95, 0x48, 0xF9, 0x49, 0xB6, 0x11, 0x11, 0xBF, 0x6C, 0xDC,
    0xC4, 0xAC, 0xA8, 0x04, 0x77, 0x18, 0x6E, 0x17, 0xF1, 0x15, 0x06, 0xF8, 0xFF, 0x9A, 0xB4, 0xD9,
    0xE4, 0xDE, 0x48, 0xEE, 0x85, 0xF4, 0xF4, 0x89, 0xB9, 0x7C, 0x4C, 0x74, 0x94, 0x73, 0x02, 0xDD,
    0x27, 0xD9, 0x9A, 0x4A, 0xA6, 0x65, 0x43, 0x23, 0x9F, 0xF9, 0x3E, 0x46, 0xFE, 0x7B, 0x22, 0xEB,
    0xA4, 0xDF, 0xBC, 0x71, 0x15, 0xFA, 0xC8, 0xFE, 0x55, 0x84, 0xAF, 0x9A, 0x04, 0xA0, 0xE0, 0x36,
    0xD8, 0xC9, 0x91, 0x8B, 0xB4, 0x94, 0xF3, 0xA1, 0x34, 0xF5, 0xB0, 0xF4, 0x76, 0x81, 0x2E, 0xB8,
    0x06, 0x17, 0x3A, 0xB6, 0x90, 0x2D, 0xBC, 0xFE, 0xDA, 0x2C, 0x68, 0x75, 0xBA, 0x04, 0x17, 0xF2,
    0x44, 0x35, 0xE9, 0x0D, 0x29, 0x91, 0x01, 0x5D, 0xB0, 0x9B, 0x4F, 0x69, 0xA5, 0xFF, 0x0A, 0xB8,
    0x69, 0x0F, 0x5A, 0x49, 0x30, 0xDA, 0x11, 0x1E, 0xCF, 0x3C, 0x0F, 0x44, 0xD7, 0xDB, 0x09, 0xF9,
    0x37, 0x11, 0xAE, 0xC8, 0x47, 0x12, 0x4A, 0x4D, 0x59, 0x4E, 0xD4, 0x7D, 0x19, 0xA9, 0xFE, 0x8F,
    0x18, 0xA9, 0x07, 0x91, 0xE7, 0x65, 0x89, 0x17, 0x44, 0x76, 0x57, 0x06, 0x9C, 0x57, 0x6C, 0xEF,
    0xE6, 0x83, 0x9A, 0xA4, 0x06, 0xC8, 0x38, 0x19, 0x56, 0x1A, 0x32, 0x91, 0xC8, 0xF2, 0xA2, 0x4E,
    0x54, 0x31, 0x9F, 0xB1, 0x01, 0xD1, 0xE3, 0x9D, 0x6F, 0xB7, 0xE5, 0x87, 0x87, 0xC0, 0xB7, 0x0D,
    0xAE, 0x71, 0x9E, 0x0E, 0xDB, 0x67, 0x33, 0xD5, 0xDD, 0xF3, 0x09, 0xA3, 0xA9, 0xD0, 0x53, 0xB2,
    0xBB, 0x68, 0x40, 0xD1, 0x80, 0xA6, 0x05, 0x59, 0x60, 0x66, 0xA0, 0x8E, 0x8A, 0x06, 0x38, 0xC3,
    0xA3, 0x34, 0x94, 0x0F, 0xDB, 0x53, 0x62, 0x05, 0x10, 0x1B, 0x30, 0x53, 0x11, 0xC9, 0x03, 0x11,
    0x78, 0xA4, 0x5E, 0x2E, 0xF2, 0x2D, 0x90, 0x7F, 0x1D, 0xD7, 0x3B, 0x4C, 0xE8, 0x82, 0xAE, 0x03,
    0x1E, 0xB5, 0x8D, 0xCD, 0x65, 0x6F, 0x40, 0xAF, 0x7B, 0xE4, 0x0A, 0x46, 0x13, 0x1E, 0xB5, 0x0D,
    0xD3, 0x9F, 0xF8, 0x6F, 0x82, 0xC8, 0xC9, 0xE8, 0x44, 0x66, 0x6D, 0xCB, 0x7F, 0xA1, 0xDD, 0x00,
    0x8D, 0x8F, 0xED, 0x7F, 0x56, 0x51, 0x35, 0x80, 0x05, 0x2B, 0x57, 0xD5, 0x71, 0xDA, 0x3A, 0x36,
    0xEA, 0xB8, 0x50, 0xC7, 0x95, 0x7A, 0xBA, 0xA8, 0xEE, 0x5E, 0x53, 0x44, 0x1B, 0xBA, 0x7C, 0x58,
    0x60, 0xC2, 0xF2, 0x6B, 0xD5, 0xB8, 0xD0, 0xFE, 0x19, 0xCE, 0xBB, 0xA4, 0x8E, 0xA7, 0xAD, 0xE3,
    0x42, 0x1D, 0x97, 0x22, 0x9E, 0xFA, 0xF9, 0xCB, 0xB0, 0x07, 0xF0, 0x4D, 0x76, 0x61, 0x02, 0xA0,
    0x5E, 0x94, 0x2B, 0x25, 0xE2, 0x95, 0x36, 0x2A, 0xCD, 0xA0, 0xA4, 0xE1, 0xBE, 0xB8, 0x32, 0xD2,
    0x0D, 0x74, 0x63, 0x26, 0x03, 0x76, 0xE4, 0x70, 0xC0, 0x8C, 0x54, 0x9F, 0x9A, 0x13, 0xCA, 0x44,
    0x3B, 0x90, 0xCB, 0x4B, 0x12, 0x41, 0xE4, 0xA7, 0x02, 0x6E, 0x36, 0x02, 0xD9, 0x7D, 0x83, 0x9F,
    0xF8, 0xD7, 0xAB, 0x7A, 0x52, 0x76, 0x01, 0x30, 0xAB, 0xFB, 0xCC, 0x7E, 0xF1, 0x6E, 0x9F, 0x55,
    0x20, 0x0D, 0x9B, 0x8B, 0x3A, 0xF5, 0x4F, 0x27, 0xA0, 0x65, 0x06, 0xBE, 0xC3, 0x53, 0xA0, 0x71,
    0x4A, 0xCE, 0xAA, 0x23, 0x29, 0x5F, 0x5F, 0x29, 0x9F, 0x57, 0x5E, 0xE4, 0xDD, 0x53, 0xE5, 0x90,
    0x01, 0x28, 0x46, 0xC0, 0x4E, 0x9B, 0x39, 0xD7, 0x29, 0xD7, 0x19, 0x7F, 0x30, 0x9E, 0x91, 0xE6,
    0x30, 0xB5, 0xF2, 0xBA, 0xA4, 0x7A, 0xE4, 0xCA, 0xA0, 0x43, 0x05, 0x93, 0xB0, 0x3E, 0x4B, 0x38,
    0x58, 0x29, 0x3A, 0x6E, 0x6F, 0xAA, 0x76, 0x7E, 0x41, 0xFD, 0xDE, 0x08, 0xD5, 0x0F, 0x22, 0x94,
    0xEF, 0x0F, 0x60, 0x3E, 0xEA, 0x17, 0x48, 0xD8, 0xBC, 0x29, 0x23, 0x00, 0x1D, 0xA0, 0x47, 0x41,
    0xDA, 0xDE, 0xD3, 0x30, 0x11, 0xB4, 0x02, 0x1E, 0x53, 0x3F, 0x56, 0xB6, 0xEE, 0x0E, 0x23, 0x20,
    0x8A, 0x2B, 0x8A, 0xE2, 0xE3, 0xD1, 0x8E, 0x14, 0xBF, 0x96, 0x99, 0x42, 0xEE, 0x48, 0x53, 0xCC,
    0xB4, 0xA1, 0x18, 0xB1, 0xC3, 0xB2, 0xB7, 0x8A, 0x5B, 0x94, 0x0F, 0xC1, 0x7A, 0xAF, 0xF6, 0xB3,
    0xFD, 0x82, 0xE5, 0xB0, 0xBB, 0xE7, 0x84, 0x42, 0x64, 0xA5, 0x18, 0x28, 0xE2, 0x8B, 0x0F, 0x1F,
    0xD2, 0xCE, 0x0D, 0x88, 0x04, 0xE8, 0x14, 0x27, 0xA6, 0xBF, 0x7D, 0x41, 0xF1, 0x7C, 0xD2, 0xB9,
    0xBF, 0x79, 0xFA, 0xCE, 0xE9, 0xFF, 0x00, 0xD5, 0x9B, 0x31, 0xAC, 0xDE, 0xD6, 0x7D, 0xF6, 0x7F,
    0xE4, 0xB1, 0x44, 0xC7, 0x04, 0xBE, 0xE3, 0x21, 0x46, 0x12, 0x1B, 0xF9, 0xE8, 0x21, 0xC3, 0x87,
    0xCF, 0x71, 0xB9, 0xB6, 0x80, 0xA4, 0xC3, 0x74, 0xE9, 0xD0, 0x45, 0x83, 0xD4, 0x02, 0xF5, 0x60,
    0x0F, 0x5D, 0x8A, 0x14, 0x55, 0x86, 0x0E, 0x1E, 0x64, 0x93, 0x46, 0x86, 0x0E, 0x19, 0xAA, 0x25,
    0x53, 0x87, 0x1A, 0x68, 0x0A, 0x34, 0xD2, 0xA0, 0x0E, 0x1E, 0x3C, 0x48, 0xE1, 0x69, 0x32, 0x74,
    0xE8, 0xC2, 0x0C, 0x85, 0x57, 0x36, 0x49, 0x5B, 0x24, 0x1D, 0xC2, 0x24, 0x4C, 0x4C, 0xCB, 0x24,
    0x9F, 0xF2, 0x90, 0xE0, 0xBD, 0xEF, 0x75, 0x24, 0xC7, 0x96, 0x75, 0xAD, 0xEB, 0x3F, 0x78, 0x7E,
    0x0F, 0x41, 0x92, 0x97, 0xE7, 0x3C, 0xE7, 0xF0, 0x25, 0xF9, 0x27, 0x2F, 0x91, 0x54, 0x41, 0x2C,
    0xF9, 0x95, 0x15, 0x27, 0xE3, 0xDC, 0xE5, 0x40, 0xDB, 0x05, 0xE6, 0x43, 0xA0, 0x1B, 0x03, 0x2F,
    0xAD, 0xBC, 0x3B, 0x07, 0x8E, 0x25, 0x10, 0x0D, 0xAE, 0x80, 0xB8, 0x73, 0x15, 0x98, 0x2E, 0xF7,
    0x90, 0xB4, 0xB6, 0x01, 0xEB, 0x6D, 0x1B, 0x98, 0x76, 0x90, 0x57, 0xA6, 0x07, 0x87, 0x19, 0xA1,
    0x94, 0x16, 0xD6, 0xD2, 0x04, 0xF3, 0xCD, 0x9B, 0x22, 0x1A, 0x41, 0x98, 0x01, 0xCA, 0xCA, 0x74,
    0xE0, 0x7C, 0xDA, 0x2F, 0x6C, 0xA4, 0x2A, 0xD1, 0xBC, 0x30, 0xD5, 0x1C, 0x2A, 0xBB, 0xD6, 0x35,
    0xA0, 0xE2, 0x7E, 0x11, 0xD5, 0x33, 0xE4, 0x92, 0x27, 0xBF, 0x57, 0x77, 0xE4, 0x85, 0xED, 0xC8,
    0x48, 0xFA, 0x05, 0xA6, 0x87, 0x23, 0x44, 0xB5, 0x7A, 0xAC, 0x16, 0xB8, 0x7B, 0xB7, 0x7A, 0xCA,
    0xC2, 0xF4, 0xD4, 0x1C, 0x23, 0xEB, 0x71, 0xFF, 0xAE, 0x81, 0x5C, 0xBF, 0x94, 0x4F, 0xF5, 0x86,
    0x3C, 0x97, 0x39, 0x0A, 0xD3, 0x98, 0xE0, 0x57, 0x67, 0x17, 0x22, 0x15, 0x40, 0x39, 0x01, 0x9C,
    0xBF, 0x71, 0x56, 0xBD, 0x8B, 0x9B, 0xA4, 0x22, 0xEE, 0x52, 0x4F, 0x34, 0x97, 0x05, 0xD4, 0x02,
    0xB2, 0xE1, 0xD3, 0x37, 0xF0, 0x4C, 0xD8, 0x42, 0x3E, 0x07, 0x6A, 0x86, 0xD0, 0x36, 0xC0, 0x56,
    0x81, 0x97, 0x38, 0xA6, 0xDB, 0x38, 0x07, 0x5A, 0x05, 0x72, 0xE5, 0xB4, 0xEC, 0xF9, 0x66, 0xB0,
    0xC7, 0x36, 0xFB, 0xB1, 0xC7, 0x80, 0xE1, 0x68, 0x4E, 0x1D, 0xE0, 0x7A, 0xE0, 0x5C, 0x01, 0xF0,
    0x0D, 0x20, 0x1E, 0x80, 0x7C, 0x84, 0x48, 0x2D, 0x98, 0x09, 0x88, 0x1B, 0xF6, 0xF8, 0xFA, 0x77,
    0x20, 0x95, 0xDA, 0x60, 0xCA, 0x10, 0xA9, 0x79, 0x6E, 0x08, 0x5B, 0x0C, 0xB6, 0x0F, 0xE8, 0x16,
    0xE4, 0x0D, 0xBC, 0xE2, 0x3C, 0xB0, 0xA1, 0xDA, 0x51, 0x06, 0xB8, 0x15, 0xFE, 0x04, 0xF2, 0x76,
    0xEF, 0xB6, 0x74, 0x84, 0x6F, 0x18, 0x15, 0xF1, 0x18, 0xE9, 0x5E, 0xDD, 0xE3, 0x24, 0x4F, 0xAA,
    0xF7, 0x80, 0x67, 0xD8, 0x82, 0x04, 0xC8, 0x3D, 0xC8, 0x93, 0xCC, 0xDB, 0xCE, 0x59, 0x01, 0x4F,
    0x70, 0x1C, 0x99, 0xAA, 0x48, 0x1A, 0x12, 0xDD, 0x0A, 0x55, 0x1A, 0x9C, 0x5F, 0x4A, 0x45, 0x5F,
    0x02, 0x35, 0xA0, 0x83, 0x52, 0x03, 0x65, 0xB1, 0x55, 0x24, 0x6F, 0xF9, 0x6B, 0x3B, 0xBF, 0x34,
    0x1A, 0xA9, 0xA3, 0x56, 0x41, 0x74, 0x19, 0x78, 0x0A, 0xA0, 0xF4, 0x10, 0xAB, 0x83, 0xF4, 0xDD,
    0x11, 0x5C, 0x55, 0x16, 0xBC, 0x48, 0x7A, 0x16, 0x3C, 0x89, 0x5B, 0xB0, 0x03, 0x38, 0xC1, 0xEC,
    0xBC, 0xE9, 0xD3, 0xCE, 0x78, 0x5A, 0x38, 0x2D, 0x3F, 0xCE, 0x71, 0x54, 0x79, 0xBF, 0x23, 0x3F,
    0x1B, 0xC3, 0xA3, 0x80, 0xA4, 0xDF, 0xEC, 0x48, 0x07, 0x30, 0x1D, 0xA7, 0x66, 0xC3, 0x93, 0x9C,
    0x07, 0x57, 0xE4, 0x05, 0xF6, 0x17, 0x33, 0x18, 0xF5, 0x40, 0xDD, 0x9C, 0x15, 0x2F, 0xA2, 0x8A,
    0x1B, 0xA6, 0x33, 0x5D, 0x34, 0x65, 0x9E, 0x52, 0x90, 0x8D, 0xA7, 0xEB, 0xC7, 0xF3, 0x7C, 0x11,
    0x98, 0xB8, 0x0B, 0xB8, 0x7F, 0x1D, 0x00, 0xAB, 0x16, 0x88, 0x55, 0x00, 0xDC, 0x65, 0x8F, 0x73,
    0x57, 0xAF, 0x16, 0xFB, 0x6F, 0x69, 0x29, 0xC9, 0x63, 0xC6, 0xA8, 0xEE, 0x17, 0x92, 0x8C, 0x81,
    0x91, 0x02, 0xD9, 0x58, 0x56, 0x81, 0xCE, 0x7F, 0x90, 0xF9, 0x6F, 0xD1, 0x1D, 0xB2, 0x0A, 0xAC,
    0x09, 0x54, 0xE0, 0x36, 0x65, 0x03, 0xC9, 0x7C, 0x53, 0x2D, 0xB5, 0xA4, 0x22, 0xF0, 0x27, 0x1C,
    0x45, 0x3A, 0x5B, 0x0F, 0x99, 0x02, 0xD3, 0x95, 0xC8, 0x56, 0x2B, 0x09, 0xCC, 0x56, 0xFE, 0xDF,
    0x95, 0xAB, 0x77, 0x82, 0x48, 0x81, 0x8B, 0x7F, 0x02, 0xDB, 0x21, 0xC8, 0x7D, 0xA0, 0xAB, 0x02,
    0xCB, 0x22, 0xB0, 0xE6, 0xC3, 0x58, 0x56, 0x81, 0xCE, 0x07, 0xE6, 0x6D, 0x2C, 0xB0, 0xD3, 0x35,
    0x15, 0x24, 0x52, 0xD9, 0x11, 0xA9, 0x77, 0x3D, 0x9C, 0x7B, 0x34, 0xBE, 0xD5, 0x12, 0xF9, 0x46,
    0xFF, 0x85, 0xE9, 0xEA, 0x27, 0xF6, 0xED, 0xA9, 0x79, 0xF5, 0x01, 0x38, 0x1F, 0x80, 0xC0, 0x4A,
    0xDD, 0x8A, 0xA5, 0xBA, 0xBA, 0x0C, 0x28, 0x6C, 0x26, 0x90, 0x44, 0x12, 0x60, 0x7B, 0x44, 0xDE,
    0xA0, 0xCD, 0xA4, 0xD5, 0xA3, 0x9A, 0x07, 0x20, 0xB8, 0xB3, 0x99, 0x93, 0xB7, 0x91, 0xB0, 0xD3,
    0xCB, 0xDA, 0x9C, 0x89, 0x34, 0xB8, 0x9E, 0x73, 0x3C, 0x0D, 0x4E, 0x5D, 0x40, 0xBF, 0xCD, 0x71,
    0x38, 0xCE, 0xAE, 0x16, 0x75, 0x30, 0xAA, 0x0C, 0x30, 0x23, 0x69, 0x40, 0x12, 0x60, 0x02, 0xE0,
    0xBE, 0x90, 0x46, 0x36, 0x4C, 0x57, 0xAF, 0xF0, 0x80, 0xED, 0xE2, 0x76, 0x81, 0xD9, 0xB0, 0x58,
    0x73, 0xAB, 0x0D, 0x07, 0xDA, 0x80, 0xE4, 0x8F, 0xCA, 0x07, 0x23, 0x9F, 0x89, 0xA4, 0x65, 0x97,
    0xDB, 0xBD, 0xED, 0xCC, 0x98, 0xFB, 0x68, 0x72, 0x15, 0x73, 0x09, 0xAA, 0xA5, 0xAD, 0xDC, 0xBC,
    0x79, 0xB3, 0xDE, 0xCF, 0xB8, 0x8A, 0xED, 0x8C, 0xEB, 0xF8, 0xEA, 0x72, 0xC6, 0xCD, 0x46, 0x1A,
    0xA8, 0x55, 0x11, 0x5D, 0x66, 0x8B, 0xEB, 0xBC, 0x0D, 0x97, 0xA2, 0x1E, 0x72, 0x75, 0x90, 0xCA,
    0x03, 0xDF, 0x7D, 0xDC, 0x16, 0x74, 0xB1, 0xA7, 0x37, 0x9E, 0xF9, 0x9A, 0xC7, 0x09, 0xEC, 0x78,
    0x8A, 0x36, 0x3C, 0x0D, 0x30, 0x01, 0xB1, 0x02, 0x66, 0x80, 0xF1, 0x71, 0x3B, 0xB0, 0x5F, 0x8A,
    0xD2, 0xA3, 0x4B, 0xD1, 0xA9, 0x39, 0xF0, 0xF8, 0xDA, 0xC8, 0x5C, 0x40, 0xDC, 0x01, 0xC6, 0x03,
    0xE9, 0x8A, 0x16, 0x48, 0xD4, 0x40, 0x1C, 0xC0, 0x33, 0x8F, 0xAE, 0xAD, 0xE9, 0x76, 0xA7, 0xC7,
    0x25, 0xE0, 0x3A, 0xF0, 0x3A, 0xE0, 0x46, 0xC8, 0x46, 0x82, 0x0F, 0xBC, 0xC2, 0x17, 0x61, 0x62,
    0x84, 0xF2, 0x5B, 0x3D, 0x58, 0x35, 0x60, 0x04, 0xF0, 0xF6, 0x63, 0x1E, 0x0E, 0xBF, 0x75, 0x35,
    0xB6, 0xE3, 0xA9, 0x0E, 0x09, 0x38, 0x5F, 0xB0, 0xDF, 0x2D, 0xA0, 0x11, 0x30, 0x93, 0x00, 0xDB,
    0xE6, 0x7E, 0x21, 0xC6, 0xB3, 0xC7, 0xD7, 0x7F, 0x0A, 0xA4, 0xD2, 0x00, 0xC1, 0x14, 0x22, 0xB5,
    0xE7, 0x85, 0x99, 0xC1, 0x61, 0x87, 0x95, 0x1D, 0xE4, 0xE4, 0x0D, 0x7C, 0x09, 0xE7, 0x81, 0x9D,
    0xD5, 0x31, 0xCB, 0x8A, 0x73, 0x7F, 0xF2, 0xA6, 0xAB, 0xB0, 0x1A, 0x56, 0xB6, 0xCE, 0x43, 0xCD,
    0xC6, 0xBC, 0x0D, 0xB4, 0x5D, 0x60, 0x3A, 0x06, 0x1A, 0x05, 0xA2, 0x7B, 0xB7, 0x05, 0x4E, 0x9A,
    0x21, 0x91, 0x6E, 0x1C, 0x3D, 0x87, 0xBC, 0x05, 0x24, 0x13, 0x90, 0xA9, 0x80, 0xF2, 0xE5, 0x86,
    0x68, 0x34, 0x3D, 0xB4, 0xEB, 0x9A, 0x93, 0x91, 0xEB, 0xE6, 0x8D, 0x48, 0x52, 0x97, 0xCC, 0x2F,
    0xA9, 0xB1, 0x1D, 0x22, 0x6B, 0x28, 0xC9, 0x3D, 0xAE, 0xD8, 0x51, 0x62, 0x5B, 0x6A, 0x6C, 0x1F,
    0xCF, 0xAC, 0x56, 0x21, 0x35, 0xF0, 0x9B, 0xEF, 0xEE, 0x23, 0x38, 0x20, 0xBD, 0x77, 0xF3, 0x4D,
    0x12, 0x49, 0xC4, 0x0B, 0xBC, 0x6D, 0xC8, 0xDB, 0xBC, 0x20, 0xED, 0x1C, 0x24, 0x01, 0xCB, 0x5C,
    0x45, 0xD6, 0xBA, 0xF9, 0x96, 0xBC, 0x95, 0x66, 0xA2, 0x5A, 0x2D, 0x5B, 0x90, 0x78, 0x5B, 0x80,
    0x69, 0x33, 0x16, 0x4A, 0x47, 0xD6, 0xF3, 0x6C, 0xC5, 0xD9, 0xB6, 0xFB, 0xAD, 0xA8, 0x85, 0x3B,
    0x66, 0x41, 0xF9, 0xF7, 0x0D, 0xE4, 0xAA, 0x20, 0x9D, 0x39, 0x8B, 0x4E, 0x47, 0x00, 0x64, 0xCD,
    0x3E, 0xBC, 0x77, 0x5A, 0x7F, 0xC6, 0x3D, 0xE6, 0xF2, 0x6F, 0xFF, 0x6A, 0xC4, 0xFD, 0xD9, 0xF3,
    0xF8, 0xCC, 0xFA, 0xB7, 0x45, 0x5A, 0xED, 0xFD, 0xBF, 0xD3, 0xFA, 0x03, 0x06, 0xF0, 0x7B, 0x2B,
    0x9F, 0x5C, 0xF9, 0x44, 0xC0, 0x85, 0xA3, 0x8B, 0x40, 0xBF, 0xB9, 0x7E, 0xD8, 0x09, 0xD1, 0xD9,
    0xEC, 0x84, 0xA8, 0x02, 0xB0, 0x7D, 0xA0, 0x9B, 0x80, 0x68, 0xAE, 0x2B, 0x48, 0x7A, 0xDB, 0x82,
    0xA9, 0xA2, 0xE6, 0xE8, 0x9A, 0x56, 0xF0, 0xCC, 0xD5, 0x5A, 0x8D, 0x91, 0x4A, 0x79, 0xA3, 0xD9,
    0x8C, 0xC1, 0x9A, 0x8F, 0x41, 0x2D, 0xB1, 0x73, 0x49, 0x6F, 0xDD, 0xFE, 0x18, 0xFB, 0x26, 0x13,
    0xE4, 0xED, 0x76, 0xF4, 0x8D, 0x7C, 0x09, 0x80, 0xBA, 0x02, 0x8C, 0x3A, 0xC0, 0xBE, 0x3B, 0x02,
    0xAE, 0xAA, 0x81, 0x0B, 0x58, 0x20, 0x56, 0x05, 0x24, 0x2B, 0xE3, 0x3A, 0x10, 0xF7, 0xE1, 0x7C,
    0x43, 0xCD, 0xC2, 0xBF, 0xD5, 0xB0, 0x50, 0x3F, 0x9F, 0x16, 0x0E, 0xD1, 0xBC, 0x70, 0x7F, 0xDC,
    0xAA, 0x1F, 0x9A, 0x9E, 0xBA, 0x30, 0x1A, 0xAD, 0xFA, 0x64, 0xE5, 0xE6, 0x27, 0xA5, 0x5A, 0x23,
    0x2D, 0xD2, 0xC4, 0x9A, 0x31, 0x23, 0xD8, 0x96, 0xF8, 0x84, 0x94, 0x0A, 0xB1, 0xCB, 0xBE, 0xEE,
    0xA4, 0x68, 0x89, 0x63, 0x59, 0xCC, 0xAD, 0xF7, 0x75, 0x1F, 0x43, 0x82, 0xC9, 0x59, 0xBB, 0x57,
    0x69, 0x93, 0x13, 0x09, 0xCE, 0xE7, 0x56, 0x9A, 0x95, 0xA5, 0x54, 0xAD, 0xF4, 0x10, 0x9E, 0xF2,
    0xB6, 0xE5, 0x81, 0xE7, 0x87, 0xC0, 0x5A, 0x05, 0x46, 0x92, 0x5F, 0xD8, 0xE4, 0x2D, 0x66, 0xC6,
    0x76, 0x61, 0x9B, 0xF4, 0x93, 0xB0, 0xC7, 0xC9, 0x4B, 0xC5, 0xC6, 0xB4, 0x7A, 0xD2, 0x4D, 0xAF,
    0xD5, 0x1A, 0xFF, 0x39, 0xEB, 0x00, 0x20, 0xBA, 0x7A, 0x39, 0x57, 0x9F, 0xA9, 0x43, 0x3C, 0xC4,
    0x14, 0xA9, 0xC8, 0xD5, 0x2F, 0xD3, 0xF9, 0xEA, 0xF3, 0xD9, 0x70, 0xDD, 0x69, 0xB8, 0x9E, 0x77,
    0x4F, 0xC7, 0x05, 0x7B, 0x3C, 0x25, 0xAC, 0x38, 0x2F, 0xA8, 0x3F, 0xCA, 0x54, 0x58, 0x0D, 0xCB,
    0x54, 0xAB, 0x59, 0x6F, 0xD1, 0xDA, 0xA3, 0x53, 0x69, 0x59, 0x12, 0x4E, 0xA2, 0x91, 0x87, 0x98,
    0x92, 0x89, 0x5A, 0xCD, 0x3A, 0x15, 0x52, 0xB1, 0x90, 0x83, 0xB8, 0xDD, 0xA1, 0x8E, 0x6B, 0x1D,
    0xE9, 0x47, 0x99, 0x7A, 0xA4, 0x6A, 0x99, 0x80, 0x3E, 0xEA, 0x46, 0xD3, 0x96, 0xF2, 0x99, 0x8A,
    0xF8, 0x3B, 0x8F, 0xB2, 0x9E, 0x6F, 0xD3, 0xDD, 0x89, 0x3B, 0xF7, 0x77, 0x6D, 0x2E, 0x9F, 0xCC,
    0x1C, 0xC5, 0x0B, 0x23, 0x6E, 0x0C, 0x83, 0x2A, 0xFE, 0x28, 0xD3, 0x84, 0x53, 0xBB, 0x4C, 0x8F,
    0xAA, 0x56, 0xD1, 0x84, 0x69, 0xB1, 0x15, 0xB6, 0xC0, 0x7A, 0xAC, 0x48, 0x04, 0x57, 0x88, 0x8A,
    0xE0, 0x8C, 0xED, 0xB1, 0x1D, 0x49, 0xFB, 0x49, 0x8D, 0x35, 0x3D, 0xD6, 0x93, 0xC3, 0x25, 0x70,
    0xE0, 0x26, 0xEC, 0x0C, 0x57, 0xE0, 0x32, 0x66, 0x60, 0xAB, 0x52, 0xDC, 0x3F, 0x4A, 0xB7, 0x1F,
    0xAE, 0x9E, 0xCB, 0xD1, 0xB7, 0x0A, 0x68, 0xAD, 0x43, 0xAD, 0x2A, 0xFC, 0xD9, 0x81, 0x4F, 0x87,
    0xC9, 0x14, 0x58, 0xAB, 0x39, 0x22, 0x60, 0x7A, 0xF6, 0x24, 0xE4, 0xF9, 0xBA, 0x05, 0x52, 0x79,
    0x0E, 0x6F, 0x18, 0xA3, 0x82, 0xCF, 0xA7, 0x1D, 0xB3, 0xED, 0x91, 0xED, 0x50, 0xD2, 0x72, 0xF7,
    0xE4, 0xA9, 0xF0, 0xD4, 0xAC, 0xCE, 0xEA, 0x5A, 0x77, 0x5E, 0x69, 0x47, 0xFD, 0xB1, 0x4A, 0x4F,
    0x2D, 0x55, 0x6B, 0x01, 0x0E, 0xCB, 0x0C, 0xD1, 0x04, 0xB7, 0x47, 0x50, 0x47, 0xA4, 0x8A, 0x2F,
    0x01, 0x75, 0x85, 0x51, 0xBB, 0x5E, 0x84, 0x5C, 0x55, 0xB3, 0x5D, 0x80, 0x80, 0xAB, 0x57, 0xB0,
    0x1A, 0xB1, 0x1A, 0xC0, 0x15, 0x8F, 0xBE, 0xD4, 0x80, 0xE0, 0xD6, 0x04, 0x1A, 0x40, 0x0D, 0xEC,
    0x37, 0x27, 0xB5, 0x8F, 0xD4, 0x26, 0xEF, 0x0E, 0xD6, 0xDF, 0xB5, 0x7C, 0x95, 0x3D, 0x62, 0x55,
    0x89, 0xAA, 0x85, 0xB8, 0x87, 0x9B, 0x0A, 0x6A, 0x5E, 0x98, 0xA9, 0x47, 0xEA, 0x86, 0xA3, 0x81,
    0x53, 0xCB, 0x97, 0xAA, 0x96, 0x29, 0x0C, 0xC6, 0x9E, 0x85, 0xB6, 0x0D, 0xCC, 0x7D, 0xA0, 0x2B,
    0x02, 0x6B, 0x16, 0x46, 0x63, 0xA0, 0x19, 0x16, 0x4E, 0x2F, 0x75, 0x0B, 0xA5, 0x66, 0x65, 0x1B,
    0x96, 0xBC, 0xDC, 0xAD, 0x6B, 0xC7, 0xC0, 0x68, 0x0E, 0xA4, 0x2E, 0x02, 0x9D, 0x0F, 0xCC, 0xDA,
    0xC0, 0xB4, 0x3F, 0x1E, 0xF5, 0xB1, 0xC2, 0xD1, 0x33, 0xF5, 0x0B, 0x73, 0xF5, 0xEC, 0xB1, 0xBB,
    0xF0, 0xC1, 0x4B, 0x7C, 0x11, 0x98, 0x07, 0x70, 0x71, 0xE5, 0xAB, 0x2B, 0x9F, 0x07, 0xF2, 0x01,
    0x28, 0x03, 0x5E, 0x08, 0x30, 0x0F, 0xC6, 0xF9, 0xBA, 0x33, 0x43, 0xAA, 0xDE, 0x0C, 0x91, 0x0A,
    0x33, 0x10, 0xC6, 0x6F, 0x3C, 0x2C, 0x30, 0xDD, 0x02, 0xDB, 0x60, 0x24, 0xCF, 0x86, 0xF9, 0x76,
    0xC3, 0xB2, 0x71, 0xB7, 0xC0, 0xF4, 0x61, 0xBB, 0x71, 0x01, 0x73, 0x40, 0x4D, 0x12, 0x1A, 0x16,
    0x7E, 0x74, 0xC7, 0x05, 0x76, 0x64, 0x8F, 0xBD, 0x76, 0x3A, 0x82, 0x3B, 0x5A, 0x76, 0x3D, 0xA0,
    0x0B, 0xB8, 0xBC, 0x0E, 0x72, 0xB5, 0xEA, 0xAC, 0xDA, 0x65, 0x98, 0xCF, 0xA4, 0x5D, 0x3C, 0x2E,
    0x30, 0xDD, 0x02, 0xDB, 0x2E, 0xC8, 0x3C, 0xA9, 0x54, 0x04, 0x40, 0x7A, 0xAF, 0xF6, 0x61, 0x45,
    0xB3, 0x20, 0xED, 0x16, 0x98, 0x7E, 0xDF, 0x83, 0x99, 0x30, 0xE6, 0x0B, 0xA9, 0x72, 0x83, 0xE4,
    0xF3, 0x01, 0x53, 0x00, 0xB9, 0x87, 0x48, 0x0B, 0xB2, 0x19, 0x70, 0x2D, 0xF0, 0xE5, 0x83, 0xE4,
    0xE7, 0x65, 0xA8, 0xD5, 0x41, 0xB9, 0xF6, 0xE1, 0xC8, 0xA3, 0x41, 0x54, 0xEC, 0x39, 0x13, 0xBB,
    0x21, 0x99, 0x6F, 0xDE, 0xF6, 0xB5, 0xA4, 0x0D, 0x24, 0xE0, 0xAA, 0x58, 0x3E, 0x9B, 0x71, 0x0D,
    0xFF, 0x0F, 0xF2, 0x81, 0x72, 0xE0, 0xB9, 0x01, 0xF3, 0x49, 0xA6, 0x11, 0xA7, 0xD0, 0x1B, 0x8F,
    0xAD, 0x5D, 0x07, 0xD1, 0x03, 0xF1, 0xB8, 0x83, 0x15, 0x03, 0x10, 0x1D, 0x25, 0xC2, 0xA2, 0xE2,
    0x51, 0xB7, 0x1B, 0xD8, 0x8E, 0xB0, 0x2D, 0x8C, 0x87, 0x75, 0xBE, 0x25, 0xF1, 0xC4, 0xC7, 0x5D,
    0xFE, 0x7A, 0xB0, 0xE6, 0xF5, 0x60, 0xCD, 0x6B, 0x61, 0xAB, 0x3B, 0x47, 0x18, 0x02, 0xDE, 0x3A,
    0x35, 0x6B, 0xF2, 0xC1, 0x95, 0x83, 0x7B, 0x6E, 0xB8, 0x64, 0x86, 0x8B, 0x66, 0xB8, 0x6E, 0x86,
    0x3B, 0x66, 0x78, 0xFB, 0xD3, 0xE8, 0xE3, 0xCF, 0x07, 0xCC, 0x0B, 0x22, 0xED, 0xE0, 0xCE, 0xC3,
    0x36, 0x24, 0x1F, 0xA0, 0x1C, 0x08, 0x7D, 0x86, 0xF9, 0x9D, 0x25, 0x2A, 0xCC, 0x60, 0x5B, 0x33,
    0x64, 0xDD, 0x56, 0xD2, 0xE6, 0x43, 0xB7, 0x1F, 0x09, 0xAD, 0xA3, 0x94, 0x0F, 0xB7, 0xC2, 0x87,
    0x2F, 0x2C, 0xA2, 0x09, 0xE0, 0xBE, 0x48, 0xFC, 0x02, 0xB7, 0x40, 0x33, 0xA0, 0x16, 0x62, 0x01,
    0xD9, 0x04, 0xD4, 0x01, 0x7F, 0x70, 0xB8, 0x47, 0x54, 0x2C, 0x30, 0xCD, 0x8E, 0xA4, 0x89, 0xB5,
    0x3C, 0xCA, 0x39, 0x49, 0x1B, 0xAE, 0xF5, 0xD4, 0x03, 0xF9, 0x83, 0xEC, 0x7F, 0xBF, 0x31, 0x21,
    0xF9, 0x18, 0x2C, 0xD0, 0xC0, 0x3F, 0x3C, 0x60, 0xB3, 0x64, 0xA0, 0x0C, 0x7E, 0x79, 0x20, 0x01,
    0x80, 0xB2, 0x08, 0x8C, 0xD7, 0x45, 0xE4, 0xD3, 0xB6, 0xAC, 0x09, 0xE4, 0xF7, 0x39, 0x8E, 0x73,
    0x57, 0x08, 0xCF, 0x55, 0xB5, 0x88, 0x24, 0x4A, 0x55, 0x68, 0xC6, 0xC8, 0x93, 0xB6, 0x8B, 0xB4,
    0xA4, 0xCD, 0x22, 0xFD, 0x2A, 0xEF, 0x8E, 0xAB, 0xFC, 0x72, 0x5E, 0xA5, 0xD3, 0x26, 0xA5, 0x5F,
    0xC5, 0x35, 0xAB, 0xD8, 0x6E, 0x95, 0x74, 0x58, 0xC5, 0x8C, 0xAB, 0x44, 0x5A, 0x05, 0xFD, 0xF1,
    0x2A, 0xEE, 0xDF, 0x56, 0xC9, 0xFF, 0x67, 0x15, 0xFB, 0xFE, 0x2A, 0x89, 0x56, 0x89, 0x17, 0x49,
    0x06, 0x58, 0x24, 0xB4, 0xA6, 0xDE, 0xC4, 0x35, 0xEC, 0xD1, 0x02, 0x49, 0xBF, 0x5F, 0x7C, 0xE4,
    0xC1, 0x4C, 0x2C, 0x68, 0xF9, 0x60, 0xD4, 0x4D, 0x3E, 0xA0, 0x1F, 0x49, 0x5C, 0xD3, 0xFB, 0xF2,
    0xA9, 0x70, 0x3E, 0x1D, 0xC8, 0x9A, 0xB4, 0xC3, 0x7E, 0x4C, 0xF4, 0x64, 0xAD, 0xF4, 0x35, 0x2D,
    0xF1, 0x87, 0xD2, 0x67, 0xCD, 0xB3, 0x3D, 0xCC, 0xB6, 0x28, 0xED, 0x0E, 0xC5, 0xAC, 0xB2, 0x1B,
    0x98, 0xF8, 0x40, 0xEC, 0x4A, 0xCE, 0x9D, 0xAE, 0x8F, 0x1C, 0xC4, 0xAB, 0x01, 0xF3, 0x11, 0xBE,
    0x17, 0x70, 0xE7, 0xC4, 0x6F, 0x38, 0x15, 0x10, 0x55, 0xBC, 0x02, 0xC1, 0xA6, 0x0E, 0x88, 0xE6,
    0xBC, 0x01, 0x70, 0x2A, 0x00, 0xEC, 0x18, 0x48, 0xDC, 0x7E, 0x06, 0x87, 0xF7, 0xF3, 0x3C, 0x09,
    0x77, 0xB9, 0x0B, 0xEE, 0x9B, 0x03, 0x58, 0xB5, 0x60, 0x54, 0xED, 0x56, 0x1C, 0xC6, 0xE9, 0xF7,
    0x48, 0xBE, 0x12, 0x57, 0x1D, 0x4A, 0x56, 0x6C, 0xB2, 0x92, 0x17, 0x57, 0x72, 0x61, 0x25, 0xDF,
    0x60, 0x8B, 0x6B, 0xED, 0xF6, 0x2B, 0xF8, 0x0B, 0xA9, 0x82, 0xFC, 0xFD, 0x59, 0x1E, 0x8C, 0x8A,
    0xBC, 0x05, 0x33, 0x62, 0x3B, 0x30, 0xC3, 0xA3, 0x90, 0x64, 0x93, 0x52, 0x5E, 0x82, 0x3A, 0xC8,
    0x41, 0x5F, 0xC7, 0x5A, 0xEF, 0xAC, 0x23, 0xA9, 0x30, 0xF2, 0x24, 0x2D, 0x46, 0xDD, 0x26, 0x7D,
    0x90, 0xD0, 0xD7, 0x41, 0x7E, 0x33, 0xAF, 0xD2, 0xAB, 0x58, 0xA5, 0xF4, 0xAB, 0xE4, 0xED, 0x2A,
    0xB6, 0x5B, 0x25, 0x19, 0x57, 0x31, 0xD3, 0x2A, 0x68, 0x93, 0xF2, 0x6F, 0x56, 0x71, 0xEF, 0xAC,
    0x62, 0xDF, 0x5D, 0x25, 0xD5, 0x2A, 0x66, 0x13, 0x16, 0x49, 0x06, 0xA8, 0x5B, 0x6A, 0x35, 0xB8,
    0x4D, 0xB2, 0x16, 0x00, 0xFB, 0x21, 0x92, 0xFB, 0xC0, 0x67, 0xB5, 0x4A, 0x2E, 0x56, 0xE9, 0x1F,
    0x71, 0xB7, 0x2F, 0x90, 0x0A, 0xBB, 0x01, 0x38, 0x80, 0x07, 0xB2, 0x00, 0xB7, 0xE0, 0xFF, 0xAB,
    0x00, 0xB7, 0xDF, 0xCB, 0x1A, 0x89, 0x93, 0x04, 0x38, 0xF1, 0x65, 0x0D, 0xE9, 0x9E, 0xE9, 0xEA,
    0x89, 0xD4, 0x64, 0x13, 0x66, 0x22, 0x16, 0x69, 0x0F, 0x75, 0x65, 0x3B, 0x70, 0x3E, 0x6F, 0x20,
    0x6F, 0x9C, 0x07, 0xDB, 0xAE, 0xEC, 0x5C, 0x75, 0xCC, 0x72, 0xA5, 0x3B, 0xE4, 0xD1, 0x96, 0x59,
    0x13, 0xF6, 0x75, 0x7E, 0xED, 0xFC, 0xCA, 0x0E, 0x20, 0xCC, 0x4C, 0x32, 0x11, 0xE9, 0xA7, 0xF5,
    0x96, 0x19, 0x6F, 0x20, 0xD5, 0x0C, 0xF0, 0x4C, 0x01, 0x48, 0x3E, 0xA0, 0xD9, 0xE6, 0xEE, 0x1B,
    0xB9, 0x0A, 0x22, 0xA9, 0x23, 0x99, 0x6F, 0x87, 0x51, 0x1A, 0xCF, 0xE4, 0x1E, 0x6D, 0x0F, 0x70,
    0x25, 0x0B, 0xEA, 0x05, 0xFE, 0x3E, 0xA8, 0xCA, 0x02, 0x57, 0xB8, 0x8A, 0x9A, 0xBC, 0x89, 0x66,
    0xEC, 0x7B, 0xCF, 0x8D, 0x18, 0xA9, 0x83, 0x5A, 0x05, 0x44, 0x97, 0xB9, 0xFF, 0x7B, 0xA8, 0xF9,
    0xF0, 0x3D, 0xD4, 0x19, 0x77, 0xB0, 0x8B, 0x1B, 0x18, 0xCC, 0x82, 0xF9, 0x9A, 0x07, 0xA7, 0x02,
    0xD2, 0xF1, 0x31, 0xD9, 0xC8, 0xFF, 0x31, 0x15, 0x90, 0x7F, 0xAB, 0x05, 0x9C, 0xF5, 0xC0, 0x6B,
    0x59, 0x01, 0x8C, 0x0E, 0xA0, 0xBF, 0x10, 0xF8, 0xF4, 0x13, 0x67, 0xD6, 0x4C, 0x00, 0x8C, 0x6F,
    0x21, 0xFD, 0x8F, 0x01, 0xEC, 0x0F, 0x3A, 0xC8, 0xFE, 0xA8, 0x61, 0x6B, 0xCB, 0x45, 0x5B, 0xC0,
    0x13, 0xD1, 0xA7, 0x6A, 0xEB, 0xB3, 0xDF, 0x5D, 0xDE, 0xBF, 0x43, 0xA2, 0x10, 0xE0, 0x36, 0x8D,
    0xF4, 0x9F, 0x2F, 0xB7, 0xB8, 0x60, 0x97, 0x6D, 0xC9, 0xB1, 0x3D, 0x9B, 0x76, 0x41, 0x83, 0x61,
    0x9B, 0x3A, 0xFF, 0x01, 0xAD, 0xB0, 0xBF, 0xBE, 0x5A, 0xAC, 0x2A, 0x35, 0x94, 0x9B, 0xE2, 0xAA,
    0x7D, 0xFD, 0xFD, 0xF7, 0xDB, 0xFF, 0xDE, 0xF6, 0xF7, 0x2D, 0x76, 0xD8, 0xD4, 0xCC, 0x41, 0x33,
    0x22, 0xDD, 0xBB, 0x7D, 0xEF, 0x66, 0xBD, 0xD7, 0xEF, 0xB8, 0xBE, 0x7B, 0x64, 0x2A, 0x12, 0x55,
    0xAB, 0x53, 0x4E, 0xC3, 0x6A, 0x96, 0x6E, 0xCD, 0xD8, 0x2E, 0xD2, 0x88, 0x82, 0x65, 0x75, 0x87,
    0xAB, 0x82, 0x6B, 0x2D, 0xCE, 0x07, 0xE3, 0x1A, 0xF2, 0xE0, 0x53, 0x2E, 0xE9, 0x84, 0xDE, 0xBB,
    0x79, 0xB3, 0x0A, 0xEA, 0x81, 0x7A, 0xDD, 0x0E, 0x82, 0x95, 0x5B, 0x7D, 0x29, 0xBB, 0xAD, 0xBE,
    0x1A, 0x49, 0x83, 0xA7, 0x93, 0xBE, 0x5D, 0x57, 0xC1, 0xD6, 0x5A, 0x33, 0xD4, 0xAA, 0x32, 0xB5,
    0x9B, 0xB9, 0x57, 0x00, 0xA2, 0x83, 0x77, 0x63, 0x6A, 0x81, 0x54, 0x05, 0x90, 0xF5, 0xEB, 0x68,
    0x3E, 0xF1, 0x69, 0x14, 0x87, 0x9F, 0x92, 0x55, 0x98, 0xF1, 0x5C, 0xDD, 0x2C, 0x24, 0x3B, 0x48,
    0xEA, 0x27, 0xFD, 0xCE, 0x7D, 0x89, 0x5D, 0xE9, 0x1A, 0xCC, 0x7C, 0x2B, 0xEC, 0x25, 0x4D, 0x47,
    0x69, 0xA2, 0x31, 0x1D, 0x02, 0xA3, 0x29, 0x10, 0xAD, 0x74, 0x87, 0x09, 0xA2, 0x26, 0xD0, 0x76,
    0x24, 0x13, 0xC9, 0x40, 0xAD, 0xCE, 0xA8, 0x58, 0x18, 0xAB, 0x62, 0x7F, 0x58, 0x88, 0x46, 0x48,
    0x27, 0x70, 0x2D, 0xA8, 0x80, 0x01, 0x28, 0x0E, 0x6F, 0x47, 0xCA, 0x56, 0x3F, 0x56, 0x7B, 0x4D,
    0x6A, 0x53, 0x99, 0x36, 0x1D, 0x4C, 0x93, 0x76, 0x51, 0x95, 0x76, 0xF0, 0x3B, 0x4B, 0x0F, 0x92,
    0x0F, 0xE5, 0x8C, 0xB6, 0xFF, 0x64, 0x6A, 0xAC, 0xDE, 0x58, 0x04, 0xBA, 0x00, 0x2E, 0x1D, 0xDC,
    0x07, 0xBD, 0xB5, 0xF2, 0xF9, 0x47, 0xE8, 0xC9, 0x1E, 0xA6, 0x39, 0x5E, 0x6F, 0x42, 0x69, 0x21,
    0xF1, 0x60, 0x81, 0x73, 0x00, 0x6F, 0xF2, 0x15, 0x60, 0x64, 0x84, 0xED, 0x3B, 0x1B, 0x32, 0x79,
    0xC0, 0x08, 0x80, 0xE1, 0xCC, 0x8E, 0xB2, 0xF0, 0xC5, 0x6E, 0x5E, 0xE4, 0xD8, 0x76, 0xC6, 0x68,
    0x00, 0xB5, 0xE0, 0x2A, 0xE0, 0xD1, 0x8F, 0xB0, 0xFD, 0xAB, 0x71, 0xC0, 0xA8, 0x82, 0x7C, 0x02,
    0xEA, 0xEA, 0xC4, 0x23, 0xF1, 0xB3, 0x3F, 0x83, 0x58, 0x1A, 0xB0, 0xD2, 0x84, 0xFB, 0x49, 0x34,
    0x51, 0x16, 0xBC, 0x46, 0x0D, 0xD7, 0x11, 0x5C, 0xA0, 0x66, 0xDF, 0xCB, 0xF5, 0x40, 0xAE, 0x1B,
    0xFB, 0x2F, 0x7C, 0xAD, 0x16, 0xCE, 0x6B, 0xD8, 0xB3, 0x01, 0xB1, 0x00, 0xC4, 0x5B, 0x50, 0x32,
    0x40, 0xCD, 0x08, 0x5A, 0x10, 0x4F, 0xE8, 0x1F, 0xAF, 0x8D, 0x48, 0x6A, 0xC9, 0x35, 0x9F, 0xB8,
    0x38, 0x7C, 0x15, 0xA8, 0xC1, 0x08, 0xB2, 0x7E, 0x3B, 0xD2, 0x1D, 0xE0, 0xE9, 0x43, 0x43, 0x66,
    0x52, 0xC9, 0xE7, 0xEF, 0xDD, 0xF6, 0xAE, 0xB2, 0xDE, 0x91, 0x7A, 0x57, 0x80, 0x6B, 0x20, 0x9F,
    0x0B, 0x52, 0x0D, 0x44, 0x52, 0x41, 0x22, 0xBF, 0x2D, 0xB5, 0xED, 0x85, 0xA5, 0x5C, 0x24, 0x6B,
    0x5E, 0xA7, 0xF6, 0xA5, 0x84, 0xD3, 0x00, 0x57, 0x81, 0xE8, 0x06, 0x60, 0x07, 0xC0, 0xCD, 0x80,
    0x4A, 0x8F, 0xE9, 0x43, 0x97, 0xFB, 0xA8, 0x3D, 0x0B, 0x9E, 0xA4, 0x15, 0xB8, 0x16, 0x34, 0x62,
    0x06, 0x61, 0x9B, 0xDC, 0x5B, 0x4C, 0x05, 0xA7, 0xE1, 0xC7, 0x63, 0x6C, 0xEC, 0x17, 0x1A, 0xC0,
    0xAC, 0x98, 0x81, 0x68, 0x3D, 0x80, 0xF5, 0xF0, 0x44, 0x40, 0xAE, 0x02, 0xB2, 0xE9, 0x11, 0xB6,
    0xF5, 0xE5, 0x0A, 0x6C, 0x28, 0x03, 0x9C, 0x9F, 0x01, 0x07, 0x4F, 0x3B, 0x28, 0x27, 0x28, 0x7B,
    0xE2, 0x82, 0x1B, 0xDB, 0x73, 0xF6, 0xF6, 0x94, 0x5D, 0x6A, 0x7F, 0xC2, 0x36, 0xED, 0x59, 0x38,
    0x57, 0xCE, 0x11, 0x63, 0xBD, 0xF5, 0x49, 0x5F, 0x12, 0x69, 0x84, 0xB2, 0x83, 0xCC, 0x73, 0x5A,
    0xE3, 0xE2, 0x99, 0xE5, 0x26, 0xE9, 0x8A, 0x93, 0x34, 0xAE, 0xB8, 0x84, 0x18, 0x2F, 0x32, 0x73,
    0xE7, 0xC2, 0x82, 0xEB, 0x01, 0x17, 0x58, 0xC0, 0x27, 0x47, 0xA4, 0x02, 0x9C, 0xC6, 0x0D, 0xC1,
    0x45, 0xE0, 0xFA, 0x51, 0xFE, 0xEE, 0x85, 0xFE, 0x28, 0x2D, 0xB2, 0xC0, 0xA8, 0xDB, 0x3F, 0xDC,
    0x20, 0x3E, 0xC8, 0x08, 0xBE, 0xA0, 0x49, 0x9A, 0x6E, 0xCD, 0xFF, 0xF4, 0x51, 0x32, 0xBC, 0xF1,
    0xFC, 0x67, 0x48, 0x94, 0x13, 0x79, 0xC1, 0x25, 0x70, 0x1D, 0xCF, 0x8D, 0x70, 0x87, 0x62, 0x44,
    0x03, 0x75, 0xB3, 0xA5, 0x27, 0x66, 0xBE, 0x07, 0xEE, 0x07, 0x03, 0xA4, 0x5B, 0xD6, 0xB3, 0x00,
    0x5E, 0x03, 0xE0, 0x71, 0xFA, 0x03, 0xB0, 0xF6, 0x2A, 0x5B, 0xB9, 0x44, 0x3C, 0x5C, 0xC4, 0x0C,
    0x17, 0x96, 0x72, 0x7D, 0x29, 0x04, 0x33, 0xD0, 0x52, 0x16, 0x3B, 0x30, 0x03, 0x1F, 0xBD, 0x8C,
    0xAC, 0xDE, 0x20, 0x11, 0xDC, 0xE1, 0x5C, 0xF1, 0xB0, 0xED, 0x8C, 0x24, 0x11, 0x07, 0x44, 0x37,
    0x75, 0xF3, 0xE1, 0xDA, 0xF9, 0x3B, 0xFB, 0xB7, 0x5E, 0x17, 0x7E, 0x61, 0xBA, 0xF2, 0xA0, 0xFE,
    0x0D, 0x0D, 0xE0, 0xAF, 0x78, 0x05, 0x88, 0xF4, 0x5F, 0x1D, 0x60, 0xA4, 0x36, 0x88, 0xAF, 0x2B,
    0x4E, 0x46, 0x78, 0x75, 0xB1, 0xB4, 0x16, 0xA7, 0xCE, 0x48, 0x8B, 0xB4, 0xB1, 0x66, 0xE2, 0x11,
    0x6C, 0x73, 0x9A, 0x12, 0x8D, 0x90, 0x79, 0x98, 0x20, 0xF7, 0x20, 0x70, 0x15, 0xD4, 0x15, 0x02,
    0xDC, 0x7B, 0x2F, 0xCD, 0x80, 0x95, 0x06, 0x08, 0x7E, 0x36, 0xC7, 0xFF, 0x61, 0x98, 0x54, 0x9F,
    0x03, 0xF2, 0x31, 0x07, 0x4A, 0x4D, 0xC0, 0xDB, 0xD9, 0x00, 0x3C, 0x1D, 0xDD, 0xE0, 0x3E, 0x11,
    0x12, 0xEF, 0x2D, 0x75, 0x1F, 0xA9, 0x25, 0xEF, 0xB9, 0xBD, 0x65, 0x72, 0x1E, 0x9A, 0xC3, 0xCA,
    0x91, 0xB2, 0x25, 0xD6, 0x4B, 0xEA, 0x40, 0x7A, 0x47, 0xE0, 0x66, 0x23, 0x88, 0x0A, 0x00, 0x24,
    0x7F, 0x52, 0x3E, 0xEB, 0x9E, 0x67, 0xEB, 0xB2, 0x5C, 0xE3, 0xCA, 0x01, 0x00, 0xCE, 0x8A, 0xDB,
    0x5B, 0x44, 0x9D, 0x69, 0x00, 0x86, 0xE4, 0xD0, 0x74, 0xA7, 0x40, 0xCE, 0xBF, 0xF9, 0xD9, 0xF5,
    0xFE, 0x45, 0x5E, 0x05, 0x72, 0xEE, 0x00, 0xD9, 0x7F, 0xF7, 0x40, 0xAA, 0x0E, 0x88, 0x54, 0x9D,
    0x95, 0x1E, 0xD8, 0xCE, 0x3C, 0xB2, 0x29, 0x90, 0x4B, 0xD7, 0x02, 0xB9, 0x6E, 0x0B, 0x80, 0x3B,
    0x9B, 0x5C, 0xCC, 0x39, 0x78, 0x43, 0x15, 0xBF, 0xF9, 0x19, 0xEC, 0x08, 0xFE, 0x22, 0xC0, 0xC8,
    0x03, 0xE9, 0x3B, 0x2D, 0x60, 0xDF, 0xE8, 0x02, 0xBF, 0x16, 0x98, 0xFE, 0xA0, 0xDD, 0xD7, 0x86,
    0x2D, 0xCF, 0xCA, 0x69, 0x81, 0xA9, 0x5A, 0x60, 0xCB, 0x42, 0xB1, 0xE5, 0xA1, 0xB6, 0x4C, 0xD4,
    0x51, 0x5E, 0x8D, 0x8B, 0x36, 0x90, 0x27, 0xA2, 0xCF, 0x62, 0xA7, 0x6C, 0xF1, 0xF6, 0x8B, 0xEC,
    0xB9, 0xC1, 0x68, 0x78, 0x1D, 0x30, 0xDD, 0x18, 0xF8, 0xC3, 0x1E, 0x48, 0xBF, 0xDF, 0x01, 0x11,
    0xC5, 0x63, 0xED, 0x94, 0xCF, 0x94, 0xB9, 0xC9, 0xC0, 0xC1, 0x77, 0xFD, 0xD9, 0x4A, 0x1C, 0x9B,
    0x14, 0x81, 0xE4, 0x73, 0x20, 0xE9, 0x26, 0x5C, 0xF9, 0x34, 0x1D, 0x4D, 0x57, 0x47, 0xB7, 0x8A,
    0x8C, 0x01, 0x71, 0x17, 0x68, 0xDA, 0x95, 0x5D, 0x60, 0xAC, 0xE3, 0x4C, 0xDC, 0xFE, 0x0D, 0xFB,
    0x9F, 0xB3, 0x85, 0x99, 0xD8, 0xC2, 0xAA, 0x02, 0x00, 0xF7, 0xF3, 0x16, 0x00, 0xA6, 0xE0, 0x19,
    0x40, 0xCB, 0xAB, 0x27, 0xAF, 0xD8, 0x05, 0x57, 0xC2, 0xD7, 0x03, 0x92, 0x8F, 0x47, 0x72, 0x75,
    0xB5, 0x2A, 0x33, 0x91, 0xA9, 0x4D, 0x7A, 0xCC, 0x0C, 0x13, 0x66, 0x20, 0x15, 0x8C, 0x98, 0x11,
    0xBB, 0xCE, 0xC4, 0x61, 0xA6, 0x8A, 0x07, 0x98, 0xC8, 0x6E, 0x7B, 0xD3, 0xC1, 0x4C, 0xFE, 0xF2,
    0x3A, 0x53, 0xE3, 0x6C, 0x93, 0xB4, 0x50, 0x72, 0xC9, 0xB6, 0x69, 0x13, 0x8C, 0xBD, 0x9B, 0x76,
    0xD6, 0x83, 0xAB, 0x46, 0xB3, 0xCE, 0xE4, 0x7E, 0x34, 0x43, 0x56, 0x41, 0xF6, 0x2F, 0x7D, 0x3C,
    0xE6, 0xDB, 0x09, 0x1C, 0x8D, 0x0E, 0xB0, 0x3F, 0xEE, 0x98, 0x2E, 0x01, 0xE9, 0xBB, 0x2D, 0xF3,
    0x5D, 0x20, 0x79, 0xDF, 0x53, 0x8E, 0x80, 0x91, 0xC7, 0x6D, 0x33, 0x15, 0x6E, 0xEB, 0xD6, 0x82,
    0xBC, 0x07, 0x10, 0x64, 0x1D, 0x80, 0xC0, 0x76, 0xF7, 0xCB, 0x7D, 0x41, 0xED, 0xD9, 0x1C, 0xEC,
    0x00, 0x48, 0x7F, 0x39, 0x02, 0x90, 0x57, 0x25, 0x00, 0x2F, 0x62, 0x79, 0x70, 0xBC, 0xA0, 0x22,
    0xAF, 0x5E, 0x10, 0x4E, 0x45, 0xE9, 0x9D, 0xC8, 0x7A, 0x6A, 0x9F, 0x0E, 0x98, 0x0E, 0x35, 0x0B,
    0x4C, 0x8F, 0xDA, 0x45, 0xE3, 0x21, 0xFE, 0x55, 0x97, 0xB4, 0x44, 0xA3, 0xF9, 0x55, 0x97, 0x36,
    0x30, 0x9A, 0x1F, 0xF5, 0xD6, 0xC3, 0x94, 0xFC, 0x70, 0x08, 0xFA, 0xBD, 0xD4, 0x8F, 0x59, 0x01,
    0xCE, 0xFA, 0x31, 0x27, 0x68, 0x71, 0xD7, 0x05, 0x7D, 0x19, 0x77, 0x09, 0xC8, 0x6B, 0xDC, 0x6B,
    0x80, 0x9D, 0x71, 0x63, 0xD0, 0x89, 0x2C, 0x68, 0x3A, 0x62, 0x07, 0x20, 0x19, 0x3F, 0xD0, 0xC0,
    0xA7, 0x56, 0x96, 0x7E, 0x6B, 0xDA, 0xEA, 0xDC, 0xB4, 0x35, 0xAB, 0x80, 0x2F, 0x93, 0x1E, 0x74,
    0x75, 0x74, 0xB5, 0x90, 0xBC, 0x53, 0x23, 0x55, 0x4E, 0x3E, 0xE9, 0x89, 0xD7, 0x5E, 0x35, 0x1D,
    0xD1, 0x44, 0xD2, 0x82, 0xB0, 0x1E, 0xCA, 0x22, 0xAB, 0xC0, 0x79, 0x07, 0xD8, 0xE6, 0xF5, 0xC0,
    0x6E, 0x35, 0xFE, 0xD7, 0xC3, 0xB1, 0x81, 0x6A, 0x77, 0x53, 0x0F, 0xBF, 0xB6, 0x7B, 0x30, 0xCB,
    0x0A, 0xB0, 0x1A, 0x8F, 0xC8, 0x5F, 0xEE, 0x8F, 0x09, 0x89, 0x1A, 0xC8, 0xDE, 0xE9, 0xA1, 0x64,
    0x82, 0x57, 0x79, 0xF1, 0x3E, 0xF6, 0xDF, 0x1E, 0x4B, 0xBD, 0xA1, 0x31, 0xEB, 0xB9, 0xD6, 0x9A,
    0x7E, 0xFB, 0xDE, 0x26, 0xAF, 0xA2, 0x11, 0x07, 0x53, 0x40, 0xBD, 0x3E, 0xE0, 0x31, 0xAE, 0x03,
    0x0D, 0xB2, 0xEF, 0xF7, 0xEB, 0xB8, 0x82, 0xF4, 0xC7, 0x2D, 0xE1, 0x5B, 0x94, 0x05, 0xF2, 0xFB,
    0x1D, 0x86, 0x00, 0x6A, 0x20, 0xEC, 0x05, 0x23, 0x10, 0x0F, 0xFB, 0x69, 0x66, 0x5B, 0x78, 0xAA,
    0xF6, 0x90, 0x8B, 0x05, 0x03, 0x47, 0x61, 0x7D, 0x09, 0x5B, 0xE2, 0x9D, 0x6C, 0x65, 0x5A, 0xBC,
    0x78, 0x76, 0x2D, 0x8E, 0xAB, 0xB5, 0x9E, 0x80, 0x5A, 0x48, 0x55, 0x40, 0xDE, 0xEE, 0x89, 0xFB,
    0xFD, 0xC1, 0xF7, 0xB2, 0x93, 0xD4, 0x6D, 0xB8, 0x7A, 0xF5, 0x5A, 0x7B, 0x09, 0x9C, 0x5F, 0x20,
    0x2E, 0x10, 0x4F, 0xFB, 0xCF, 0xA6, 0xED, 0x08, 0xCB, 0x81, 0xBA, 0x82, 0x48, 0x80, 0x59, 0x8F,
    0xD4, 0x03, 0x79, 0xBB, 0xAF, 0x14, 0xB0, 0xED, 0x34, 0x42, 0x67, 0x3B, 0xA2, 0xCE, 0x35, 0xC4,
    0x5D, 0xFD, 0xB3, 0x9B, 0xB7, 0x3A, 0x2D, 0xB1, 0xE1, 0x38, 0x59, 0x38, 0x43, 0x32, 0x43, 0xDE,
    0x83, 0x2A, 0x18, 0x4F, 0x26, 0x0B, 0x4B, 0xA9, 0xAD, 0xA5, 0xAE, 0x5E, 0xF4, 0x0E, 0xCE, 0xDF,
    0xA1, 0x06, 0xE6, 0xED, 0xD8, 0x69, 0x07, 0x59, 0xB3, 0x79, 0x23, 0x88, 0xC7, 0xAD, 0xAA, 0xB6,
    0x8B, 0x3A, 0xE7, 0xE3, 0xAE, 0xFC, 0xF6, 0x9F, 0x86, 0x83, 0xAD, 0x65, 0xFB, 0xA3, 0xD1, 0x6A,
    0xF1, 0x1C, 0x30, 0x01, 0x8C, 0x8F, 0xDB, 0x85, 0x73, 0x40, 0xEE, 0xC1, 0x35, 0xDB, 0x8E, 0x59,
    0x05, 0x9C, 0x42, 0xEB, 0x6F, 0xF0, 0x15, 0xA2, 0x31, 0x1A, 0xA1, 0xFE, 0x56, 0xD8, 0x4D, 0x1E,
    0x8C, 0x00, 0x86, 0xC7, 0x6C, 0xC1, 0xE7, 0x88, 0xC9, 0xAA, 0xAC, 0x4A, 0xBB, 0x9A, 0x58, 0x23,
    0xD4, 0x5D, 0xB0, 0xE4, 0x74, 0x6C, 0xC8, 0x54, 0x50, 0xAB, 0x8A, 0x75, 0xAB, 0x30, 0x61, 0xBB,
    0x6E, 0x2B, 0xE9, 0xA3, 0x28, 0x07, 0x99, 0xFA, 0xFF, 0x05, 0xED, 0x5A, 0x31, 0x90, 0xDE, 0xC6,
    0x75, 0xFE, 0x16, 0x2B, 0x12, 0x1A, 0xA3, 0x58, 0x17, 0xF6, 0x4C, 0x22, 0x3A, 0x86, 0x4A, 0x4F,
    0x14, 0x0B, 0x29, 0x53, 0x90, 0x5C, 0xC8, 0x29, 0x52, 0xB8, 0x08, 0x0B, 0x5D, 0x32, 0x13, 0x15,
    0xE9, 0xC7, 0x05, 0x5B, 0x17, 0xE4, 0x01, 0x8A, 0x8A, 0xB4, 0x6C, 0xD2, 0x2B, 0x33, 0xCA, 0x8C,
    0x7C, 0x2C, 0x98, 0xC2, 0x05, 0x8B, 0xD3, 0x01, 0x91, 0xCA, 0x14, 0xC1, 0x8C, 0x26, 0x93, 0x16,
    0xB6, 0x94, 0xC2, 0x56, 0xB3, 0xB1, 0x31, 0x09, 0x44, 0x01, 0x78, 0xC1, 0xF7, 0xF6, 0xC7, 0xFD,
    0xC7, 0x9B, 0x93, 0xAD, 0xA1, 0x24, 0xF2, 0xA8, 0xF1, 0x1B, 0xE0, 0xFB, 0x1E, 0xF7, 0xFF, 0xEF,
    0xC7, 0x7B, 0xDF, 0x62, 0xF7, 0x2D, 0x16, 0xC4, 0xA9, 0x25, 0x81, 0x68, 0x15, 0x93, 0x61, 0xC3,
    0x9F, 0xBC, 0x93, 0x05, 0x64, 0x22, 0xD2, 0xA1, 0x12, 0x59, 0x60, 0xA4, 0xCB, 0x67, 0xD8, 0x19,
    0x89, 0x20, 0x1B, 0x80, 0xA6, 0x76, 0x01, 0xF0, 0x6D, 0xD1, 0x01, 0x45, 0xE7, 0x5B, 0xC0, 0xF5,
    0x8A, 0xC1, 0xD7, 0x7B, 0xAC, 0x76, 0xFE, 0x1E, 0xF7, 0xDF, 0xCC, 0x3B, 0xFE, 0xAD, 0x6F, 0xF9,
    0x3B, 0x55, 0xED, 0x46, 0x40, 0x60, 0x17, 0xA4, 0x33, 0x8C, 0xFC, 0xAA, 0x19, 0xC1, 0xEB, 0x76,
    0x40, 0x26, 0x0B, 0x00, 0x7C, 0xB7, 0x24, 0xC2, 0xD4, 0x00, 0xB2, 0x16, 0x40, 0xDA, 0x6F, 0xE0,
    0x3A, 0x14, 0x22, 0xAD, 0x61, 0x98, 0xE9, 0xF2, 0x60, 0x82, 0x0B, 0xC9, 0x82, 0xA2, 0x45, 0x03,
    0x5F, 0xAF, 0x47, 0xC5, 0xAB, 0x34, 0x17, 0x02, 0x3F, 0x2D, 0xE1, 0x4B, 0x5F, 0xA3, 0x41, 0xD1,
    0x99, 0x05, 0xEE, 0xD3, 0x6B, 0x13, 0xAC, 0x48, 0x00, 0x1A, 0x29, 0x01, 0x73, 0x0B, 0x8F, 0x99,
    0x2B, 0x23, 0xB5, 0x8F, 0xD3, 0x95, 0x83, 0x5B, 0x38, 0xA8, 0x6A, 0x2F, 0xC1, 0x8A, 0xC0, 0x4B,
    0x9F, 0xC8, 0x80, 0x64, 0x62, 0x70, 0x5F, 0x27, 0x99, 0x95, 0xF2, 0x16, 0x98, 0xC1, 0x7C, 0x21,
    0xCC, 0x8A, 0x7D, 0x03, 0x86, 0xEE, 0x3F, 0x7D, 0x83, 0xD2, 0x39, 0x91, 0x91, 0x9D, 0xAA, 0x6A,
    0x02, 0x57, 0xB6, 0x84, 0x8C, 0x62, 0x51, 0x12, 0xF3, 0x9A, 0xE8, 0x14, 0x8B, 0xFA, 0xF6, 0x80,
    0x46, 0xD0, 0x0C, 0x46, 0x26, 0x14, 0x03, 0x1E, 0xF4, 0xB0, 0x03, 0xDC, 0x13, 0xE3, 0xA8, 0x38,
    0xA1, 0xEA, 0x91, 0xC8, 0x1B, 0x54, 0x56, 0xE4, 0xBF, 0x18, 0xEA, 0x62, 0x57, 0x34, 0x25, 0x36,
    0x4B, 0x4A, 0xDC, 0xDB, 0xB9, 0x69, 0x48, 0xC3, 0xD6, 0x3A, 0x33, 0xB5, 0x68, 0x95, 0x60, 0xB3,
    0x7C, 0xC2, 0x66, 0xB6, 0xC7, 0x59, 0xBB, 0x72, 0x70, 0x50, 0x02, 0x07, 0xAB, 0x95, 0x8D, 0xC8,
    0x0C, 0xC8, 0x6A, 0x6D, 0x45, 0x88, 0xAE, 0x9D, 0x4C, 0x33, 0x60, 0x3E, 0x38, 0x90, 0xD2, 0x4E,
    0x48, 0x27, 0x8C, 0x30, 0x02, 0x3B, 0x11, 0x07, 0xF2, 0x7A, 0x40, 0x10, 0xE0, 0x06, 0x75, 0x79,
    0x17, 0x17, 0xBD, 0xBA, 0xBE, 0xD5, 0x73, 0x73, 0x05, 0x9B, 0x9B, 0xCC, 0x74, 0xB5, 0x1B, 0xD2,
    0xF1, 0xD4, 0x75, 0xE1, 0xD4, 0xF5, 0xDD, 0xE9, 0x77, 0x9B, 0x7A, 0x73, 0x8D, 0x60, 0xE7, 0xD6,
    0x44, 0x75, 0x1B, 0x5E, 0x36, 0xBA, 0xC2, 0xCB, 0xA6, 0xAD, 0x46, 0xC4, 0x3F, 0xCC, 0xE8, 0xE6,
    0x23, 0x04, 0xAB, 0x9B, 0x2E, 0x47, 0xBC, 0xCD, 0x8E, 0x8E, 0x1E, 0xB4, 0x8D, 0x88, 0x94, 0x76,
    0x05, 0xA1, 0xFB, 0x31, 0xA2, 0x0B, 0xB5, 0x17, 0x91, 0x28, 0xB3, 0xAB, 0xF3, 0x32, 0x7A, 0x2E,
    0x9C, 0xEC, 0x54, 0x4A, 0x64, 0x44, 0x14, 0x09, 0x4D, 0x8F, 0xA8, 0x11, 0x8A, 0x1A, 0x51, 0x22,
    0x9A, 0x2A, 0xB4, 0x79, 0x46, 0x36, 0x0F, 0xC2, 0xBF, 0xEB, 0xA2, 0x3C, 0x22, 0xD2, 0xC7, 0x84,
    0x84, 0x6D, 0xEA, 0x31, 0xE0, 0xE8, 0x3D, 0x44, 0xB3, 0x89, 0x60, 0xE6, 0xCD, 0xB3, 0xE3, 0x5E,
    0xA3, 0x4D, 0x17, 0x36, 0xAB, 0x47, 0xC5, 0xA3, 0x2A, 0x90, 0x4D, 0x94, 0x64, 0xDA, 0xAE, 0x9B,
    0x0E, 0xF4, 0x78, 0xB8, 0x3E, 0x09, 0x51, 0x11, 0xDF, 0x26, 0x41, 0x05, 0x41, 0xF3, 0x4F, 0x7F,
    0x1B, 0x54, 0x0F, 0xAC, 0x10, 0x54, 0x0E, 0xF5, 0xCE, 0x88, 0x91, 0x2D, 0xC8, 0x6B, 0x6A, 0x91,
    0x0B, 0xB2, 0x70, 0xC2, 0x16, 0x51, 0x25, 0x00, 0x08, 0x85, 0x50, 0x87, 0x3A, 0xA8, 0x43, 0xB8,
    0xC8, 0xC9, 0x25, 0x6A, 0x60, 0x24, 0x3A, 0x7D, 0x2A, 0xF7, 0xA3, 0xE3, 0x02, 0x04, 0xC7, 0x9C,
    0x1D, 0x5B, 0x08, 0x98, 0xBF, 0x66, 0xC2, 0xF4, 0xAB, 0x52, 0x53, 0x1A, 0xD1, 0x80, 0x8E, 0x0B,
    0xEA, 0x50, 0x08, 0x75, 0x34, 0xE7, 0xE8, 0x08, 0xA2, 0x93, 0xA8, 0xC4, 0x9A, 0xB7, 0x6A, 0x23,
    0x70, 0xBD, 0x09, 0x45, 0x9F, 0x88, 0x66, 0xED, 0xE6, 0xDB, 0x52, 0x32, 0xE9, 0x54, 0xA4, 0x0A,
    0xCC, 0xD4, 0xC8, 0xE0, 0x07, 0x3A, 0xB8, 0x82, 0x68, 0x9C, 0x9D, 0x70, 0xF0, 0x7A, 0x23, 0x01,
    0x4E, 0xE6, 0x4A, 0x3A, 0x64, 0x32, 0x52, 0x4C, 0xF8, 0xFA, 0xEB, 0x25, 0x53, 0x2A, 0x65, 0xAD,
    0x92, 0xDB, 0xD3, 0xDA, 0x59, 0x0F, 0x56, 0x62, 0x4F, 0xED, 0x09, 0x34, 0x5F, 0x9E, 0x11, 0xF9,
    0x27, 0x8B, 0x52, 0x33, 0x45, 0xEA, 0x71, 0xD6, 0xBE, 0x13, 0x49, 0x62, 0x7E, 0x94, 0x3E, 0x90,
    0x98, 0x1F, 0x0E, 0xA1, 0x41, 0xE0, 0x02, 0xFA, 0x96, 0x28, 0xB9, 0x48, 0x57, 0x23, 0xA1, 0x7A,
    0x22, 0x32, 0xA5, 0x52, 0xD6, 0x2A, 0xB9, 0x3D, 0x31, 0xBF, 0x95, 0x98, 0xD8, 0x9E, 0xD4, 0x2E,
    0xA4, 0x26, 0xD2, 0xA2, 0x78, 0x7F, 0x52, 0x92, 0x21, 0x52, 0x8D, 0x62, 0x5C, 0x73, 0xAD, 0x78,
    0xCF, 0x5C, 0x1B, 0x21, 0xA5, 0x5D, 0x01, 0x2B, 0x1C, 0x12, 0xF0, 0x18, 0x30, 0xB7, 0xD1, 0x11,
    0xAE, 0x12, 0x50, 0x3D, 0x31, 0x4C, 0x2B, 0x78, 0x06, 0x5D, 0x11, 0x00, 0x9C, 0x83, 0x86, 0xB0,
    0x6C, 0xD1, 0xCA, 0x10, 0x23, 0xBD, 0xF2, 0x3A, 0xF0, 0xDD, 0x03, 0xBD, 0xD7, 0x60, 0x44, 0xF4,
    0x6E, 0xAB, 0x21, 0x8B, 0x93, 0xD1, 0x4A, 0x8B, 0xAC, 0xE7, 0x6D, 0x21, 0x3D, 0xB2, 0x4E, 0x9D,
    0x61, 0xE7, 0xFC, 0xDF, 0xB4, 0x73, 0x7E, 0xB3, 0xEC, 0x9C, 0x20, 0x9B, 0x53, 0xB5, 0x3B, 0xC7,
    0x77, 0x3B, 0xC7, 0x85, 0x9D, 0x93, 0x8D, 0x3B, 0xC7, 0x4E, 0x3B, 0xC7, 0xC8, 0xCE, 0x81, 0xFC,
    0x78, 0xE7, 0xF8, 0x7F, 0xDF, 0x39, 0xC5, 0x27, 0x3B, 0xC7, 0x7D, 0xB6, 0x73, 0x52, 0xD9, 0x39,
    0x89, 0x3A, 0x9C, 0xB8, 0xD5, 0x69, 0xA4, 0x45, 0xB3, 0x39, 0x7E, 0x75, 0x4A, 0x44, 0xAB, 0x36,
    0x47, 0x08, 0xFB, 0xFB, 0x13, 0x90, 0x69, 0x73, 0x7A, 0x9C, 0xB7, 0x5B, 0x91, 0x92, 0x29, 0xAA,
    0x63, 0x97, 0x28, 0x8E, 0xDD, 0x69, 0x83, 0x4D, 0x1A, 0x44, 0x65, 0xC8, 0x43, 0x64, 0xD5, 0xE5,
    0xDA, 0x1C, 0x65, 0x29, 0xE6, 0xA8, 0x4A, 0x36, 0xEF, 0x44, 0x99, 0x55, 0x13, 0x65, 0x17, 0xC8,
    0xAA, 0x88, 0xB2, 0x9D, 0x22, 0x1B, 0x21, 0xAB, 0x1C, 0x64, 0xAA, 0x41, 0xA6, 0x18, 0x64, 0xD5,
    0x42, 0x39, 0x95, 0xC8, 0x09, 0x99, 0x42, 0x90, 0xA3, 0x0E, 0x91, 0xFD, 0xCA, 0x88, 0x76, 0x9E,
    0xA7, 0x48, 0x66, 0xC7, 0x36, 0xB2, 0x79, 0x30, 0x90, 0x34, 0xA9, 0xC8, 0x8F, 0xC9, 0x61, 0x47,
    0xA5, 0x7D, 0x6D, 0xD9, 0x56, 0x9E, 0x17, 0x58, 0xD3, 0x15, 0x23, 0x5E, 0x19, 0xE5, 0x97, 0x22,
    0xF0, 0xD3, 0x6D, 0xF9, 0x4C, 0xDA, 0x6B, 0x53, 0xA6, 0xF3, 0xDF, 0x94, 0x8D, 0xC8, 0xBB, 0x95,
    0x02, 0xDC, 0x57, 0x40, 0x03, 0xF2, 0x3E, 0x99, 0x44, 0x5E, 0x13, 0x21, 0xFD, 0x88, 0x04, 0xDA,
    0x85, 0xB4, 0xE5, 0x30, 0x68, 0x5B, 0x13, 0x62, 0x9A, 0xAD, 0xB6, 0x2D, 0x40, 0x02, 0xD4, 0x40,
    0xD6, 0xA7, 0xEC, 0xDA, 0xD9, 0xB3, 0xBD, 0x59, 0xB4, 0x72, 0x8C, 0xC4, 0xB4, 0x83, 0xDA, 0x7E,
    0x55, 0xE6, 0x02, 0xB1, 0x18, 0x89, 0x7E, 0x22, 0xDE, 0x54, 0x7C, 0x6F, 0x21, 0x4E, 0x15, 0x55,
    0x1D, 0x3D, 0xCB, 0xB6, 0xAE, 0xA6, 0x6D, 0x28, 0x5A, 0x20, 0xED, 0x5D, 0x07, 0xB8, 0xD6, 0xF5,
    0xC4, 0x2C, 0xB0, 0x6E, 0x59, 0x96, 0x8A, 0xB8, 0x76, 0x11, 0x59, 0x31, 0x96, 0xF8, 0xE5, 0xE8,
    0x48, 0xB4, 0x97, 0x44, 0x23, 0xAF, 0x6A, 0xAB, 0x4B, 0xF8, 0x8C, 0x5F, 0xEE, 0x44, 0xEA, 0x54,
    0x96, 0x15, 0x33, 0x59, 0x34, 0xF0, 0x94, 0x71, 0x27, 0x53, 0xD1, 0x32, 0xEA, 0x2D, 0xAC, 0xAC,
    0xC7, 0x79, 0x33, 0xFC, 0x94, 0x0B, 0x70, 0x14, 0x8F, 0x9A, 0x80, 0xA2, 0x74, 0x01, 0x39, 0x35,
    0xC9, 0xC1, 0x30, 0x4E, 0xC1, 0x34, 0x32, 0xC0, 0xC9, 0x0A, 0xFE, 0xD1, 0xFD, 0x01, 0x55, 0xB9,
    0xB6, 0x35, 0xD8, 0x43, 0x3E, 0xC0, 0xFF, 0xA7, 0x8C, 0x28, 0xE4, 0x37, 0xD2, 0x66, 0xF2, 0xA6,
    0xB4, 0xA0, 0x28, 0x2F, 0xE3, 0xC5, 0x05, 0x27, 0xFE, 0x83, 0x31, 0xE3, 0x6A, 0xA7, 0xC4, 0x5D,
    0xBD, 0xE6, 0xC1, 0xAD, 0x42, 0x86, 0x5C, 0x02, 0x04, 0x4F, 0x70, 0x18, 0x29, 0x0B, 0x19, 0xD6,
    0xE3, 0x65, 0xDC, 0x9B, 0x56, 0x2D, 0xFF, 0xBA, 0x73, 0x6B, 0xF6, 0x8B, 0x6A, 0xB3, 0xD9, 0x2B,
    0x13, 0xBB, 0xE0, 0xDA, 0x84, 0xE4, 0x8B, 0x1C, 0x33, 0xD7, 0xFC, 0xEB, 0x81, 0xAB, 0x48, 0x4A,
    0xED, 0x0D, 0xF6, 0xCC, 0xD8, 0x94, 0xA7, 0x53, 0x83, 0x0F, 0xC4, 0xAC, 0xC6, 0xCE, 0xF8, 0x88,
    0xC5, 0x06, 0x91, 0x5A, 0x7B, 0x69, 0xB8, 0x1C, 0x8F, 0x58, 0x35, 0xEE, 0xC1, 0x06, 0x1B, 0x80,
    0x39, 0xE7, 0xDF, 0x0A, 0xB3, 0x99, 0xB7, 0x6E, 0x3C, 0x67, 0x85, 0x94, 0x30, 0x22, 0xE1, 0xF1,
    0xC7, 0x2E, 0xD9, 0x3F, 0x76, 0xD5, 0x5F, 0xEA, 0xB1, 0xCB, 0x30, 0x18, 0xEC, 0xC2, 0x81, 0x59,
    0x98, 0x0C, 0x43, 0x22, 0xC2, 0xED, 0x46, 0x62, 0xAF, 0xB4, 0x2D, 0x73, 0x58, 0x7C, 0xCE, 0x3E,
    0x84, 0x2D, 0xCF, 0xE6, 0x21, 0xAC, 0x8E, 0x0F, 0x61, 0xF8, 0x9D, 0x0F, 0x61, 0xBC, 0xB5, 0x01,
    0x1C, 0xE2, 0x90, 0x52, 0xBE, 0xCF, 0x7C, 0x32, 0xE9, 0xF5, 0x5B, 0x7A, 0x97, 0x9C, 0xE0, 0x22,
    0xE3, 0xC3, 0x59, 0xAF, 0x0F, 0x67, 0xFD, 0x53, 0x7B, 0x38, 0x13, 0x69, 0xCF, 0xD3, 0x66, 0x86,
    0x05, 0x87, 0xF3, 0xB7, 0x0B, 0x7B, 0x42, 0x48, 0xDB, 0xE7, 0xB6, 0x57, 0x72, 0x6D, 0x2B, 0x64,
    0x22, 0xAA, 0x1F, 0xCD, 0x63, 0x22, 0xBE, 0x39, 0x13, 0x5F, 0x23, 0xBE, 0x8A, 0x87, 0xCF, 0xBC,
    0x6F, 0xCE, 0x6F, 0x4C, 0xF8, 0x56, 0x69, 0x39, 0x53, 0x9F, 0xCC, 0x47, 0x1F, 0x76, 0xFA, 0x8F,
    0x2C, 0x28, 0x39, 0xA5, 0x90, 0xF6, 0xCF, 0x6D, 0x17, 0x01, 0xDD, 0x7E, 0xB5, 0xC0, 0xAC, 0xF8,
    0x03, 0xC4, 0x43, 0x82, 0xFF, 0xC1, 0xB1, 0x2E, 0xD5, 0x16, 0x22, 0x88, 0x37, 0x71, 0x7C, 0x19,
    0x3A, 0xEA, 0xDB, 0xD4, 0xBD, 0x37, 0x3A, 0x99, 0x4D, 0x4E, 0xE5, 0xAF, 0x9A, 0x92, 0xE4, 0x66,
    0x62, 0xF2, 0xE1, 0xFF, 0x04, 0x4D, 0xC8, 0x8E, 0x7B, 0x4A, 0x83, 0x1D, 0x9E, 0xE3, 0x8E, 0xA2,
    0xFD, 0x05, 0xFE, 0xE4, 0xB4, 0x43, 0xF2, 0x4F, 0x34, 0xA9, 0xF8, 0x25, 0x29, 0xD9, 0x39, 0x3F,
    0x78, 0x0F, 0x40, 0x03, 0x39, 0xC5, 0x1B, 0xB8, 0xF3, 0xEC, 0xBB, 0xEB, 0xDB, 0x8A, 0x5B, 0x24,
    0x82, 0xB3, 0xA3, 0x2B, 0xEB, 0x89, 0xE6, 0x17, 0xBF, 0x8D, 0xE3, 0xEA, 0xC7, 0xDF, 0x94, 0x71,
    0x95, 0x12, 0xE0, 0x5A, 0xC5, 0x70, 0x66, 0x85, 0x7B, 0x42, 0xF0, 0xDF, 0xBB, 0x8C, 0xE3, 0xEA,
    0x2A, 0x4C, 0x7D, 0x7E, 0xC1, 0x35, 0x7F, 0xCE, 0x82, 0xEB, 0x57, 0x6C, 0x10, 0x89, 0x0B, 0x1F,
    0x81, 0x91, 0xFE, 0xAA, 0x2E, 0x88, 0xE0, 0xE1, 0x46, 0xC5, 0x00, 0x14, 0xE0, 0x3A, 0xE3, 0x8F,
    0x63, 0x5F, 0x6F, 0x58, 0xEF, 0xB1, 0xAA, 0x71, 0xE5, 0x6F, 0xDE, 0x5E, 0x7D, 0x27, 0xA3, 0xA2,
    0x2E, 0xB5, 0x1A, 0x44, 0x2C, 0x7A, 0xA2, 0x0B, 0xC4, 0x6C, 0x22, 0x5A, 0x21, 0x42, 0x1E, 0x3D,
    0x60, 0xE4, 0x22, 0x0B, 0x90, 0x8A, 0xDC, 0xA3, 0xE8, 0x71, 0xC1, 0xF5, 0x32, 0x92, 0xC1, 0x0C,
    0x80, 0xF0, 0xB6, 0x2A, 0xA4, 0x06, 0x32, 0x8A, 0x9B, 0x8C, 0x17, 0x2D, 0xB8, 0x8E, 0xEE, 0x19,
    0x11, 0x09, 0xE9, 0xF2, 0x86, 0x74, 0xBA, 0xCD, 0x94, 0x77, 0xA8, 0x74, 0x7F, 0xB1, 0xDC, 0xA0,
    0xA2, 0x6A, 0xDC, 0x45, 0x4C, 0x16, 0x58, 0xCD, 0x56, 0x3B, 0xF9, 0x7F, 0x7F, 0xB6, 0xDB, 0xEB,
    0xB7, 0x84, 0xEC, 0xD1, 0xD1, 0xDB, 0x8C, 0x43, 0x90, 0xAC, 0xD0, 0x72, 0x0F, 0xBD, 0x2F, 0x4A,
    0x64, 0xC1, 0x03, 0x29, 0x61, 0xF5, 0x6A, 0xE4, 0xBD, 0x5F, 0xEE, 0x4B, 0xEB, 0x18, 0xB5, 0x69,
    0xA4, 0xBF, 0x84, 0xAB, 0xD6, 0xA2, 0x26, 0xDE, 0x25, 0x60, 0x24, 0x98, 0xA0, 0xA8, 0x3E, 0x24,
    0x10, 0x2B, 0x22, 0xE5, 0xFE, 0x3A, 0x97, 0xAC, 0x3A, 0x29, 0xE4, 0x3A, 0xA3, 0xE9, 0xC4, 0xB1,
    0xAF, 0x47, 0x13, 0x3F, 0x20, 0x70, 0x55, 0xFB, 0x87, 0xDD, 0xE9, 0xE8, 0xAA, 0x0E, 0x6A, 0x2A,
    0x83, 0x5A, 0x54, 0x81, 0xF6, 0x4D, 0xDC, 0x7F, 0xCE, 0x16, 0x44, 0xCB, 0x65, 0xE7, 0x64, 0x9F,
    0xB3, 0xB7, 0xFC, 0xCD, 0xD8, 0x76, 0xA6, 0xBD, 0xA8, 0xF8, 0xDE, 0x3E, 0x59, 0x8E, 0x5F, 0x18,
    0x29, 0xE9, 0xBF, 0xAD, 0x58, 0x8C, 0xC4, 0xC3, 0x13, 0xE2, 0x98, 0x13, 0x07, 0xC5, 0xE3, 0x62,
    0xBF, 0x0D, 0x92, 0xF5, 0x97, 0x6F, 0x93, 0x04, 0xF8, 0xA3, 0x6D, 0x13, 0x2C, 0x93, 0x2D, 0x33,
    0x4D, 0xEC, 0x9F, 0x09, 0xC5, 0xA8, 0x59, 0x6D, 0x49, 0x0D, 0x84, 0x63, 0xBF, 0xC5, 0x9C, 0xF5,
    0x4F, 0x67, 0xF7, 0x44, 0xED, 0xCF, 0x09, 0xFB, 0x82, 0x52, 0x4C, 0x4A, 0x66, 0xDB, 0x97, 0x9B,
    0x77, 0x1F, 0x77, 0xE7, 0xDF, 0xA2, 0xE9, 0x08, 0xF5, 0x3A, 0x5A, 0xF7, 0x6C, 0x3F, 0x9B, 0x90,
    0x91, 0x7F, 0x3B, 0x21, 0x5D, 0x39, 0xFB, 0x68, 0x82, 0x5D, 0xD9, 0x7D, 0x30, 0x81, 0x56, 0xBC,
    0x15, 0xD9, 0xDB, 0xC8, 0x27, 0x3B, 0x9E, 0xEC, 0x7C, 0xF0, 0x3A, 0x83, 0x88, 0x25, 0xC9, 0x86,
    0xC8, 0x59, 0x1F, 0x3F, 0x77, 0xBF, 0xBE, 0x4F, 0xA6, 0x14, 0xCA, 0x3E, 0x32, 0xD3, 0x53, 0x9E,
    0xC9, 0x49, 0x97, 0x4C, 0x64, 0xDB, 0xDB, 0x21, 0xB2, 0x1B, 0xB8, 0xD3, 0x7E, 0xBF, 0x17, 0x29,
    0x39, 0x79, 0xAC, 0x5C, 0x2B, 0xE3, 0xD4, 0x4C, 0xAB, 0x94, 0x05, 0x25, 0xAF, 0x64, 0xA4, 0xD6,
    0xB6, 0x11, 0x67, 0xF6, 0xE1, 0x0C, 0x2E, 0xD8, 0xDA, 0x9A, 0xD1, 0x50, 0x53, 0xF9, 0x2B, 0x11,
    0x76, 0xD0, 0x7F, 0x3C, 0x92, 0xB6, 0x40, 0x26, 0x65, 0xD1, 0x17, 0xAC, 0x49, 0x2E, 0xBC, 0xC4,
    0x38, 0xB2, 0x00, 0x92, 0x4E, 0x0C, 0xE3, 0x4A, 0x89, 0xD0, 0x86, 0x3C, 0x92, 0xFF, 0xD8, 0x8E,
    0xFB, 0xD7, 0x06, 0xCD, 0x29, 0x2D, 0x6C, 0x2C, 0x33, 0x29, 0x4D, 0xEF, 0xFB, 0xAA, 0xFA, 0xEF,
    0xDB, 0xA1, 0x90, 0x39, 0x17, 0xE9, 0x52, 0xE9, 0xAD, 0xCC, 0x00, 0x77, 0x8B, 0x41, 0xFB, 0x1E,
    0xC1, 0xCC, 0x67, 0x46, 0xD1, 0xB0, 0x1F, 0x45, 0xDC, 0x73, 0xA2, 0xB9, 0x9A, 0xC5, 0xB9, 0xD0,
    0xE2, 0x7C, 0x12, 0x05, 0xDC, 0x17, 0x67, 0xAB, 0xC5, 0x39, 0x13, 0x16, 0x67, 0x57, 0xB1, 0x38,
    0xDF, 0xCC, 0x59, 0x9C, 0x8F, 0xB5, 0xE4, 0x0E, 0x2C, 0xC2, 0x36, 0x10, 0xD3, 0x96, 0xE8, 0x6A,
    0x62, 0x01, 0xE2, 0x1D, 0x62, 0x3B, 0xB2, 0x38, 0xBF, 0x1F, 0x58, 0x9C, 0x3F, 0xEC, 0x58, 0x9C,
    0x85, 0x05, 0xD3, 0x89, 0x8E, 0x93, 0xF5, 0xD8, 0x8A, 0xB3, 0xE1, 0x0C, 0x0C, 0xFB, 0x89, 0x2C,
    0xAC, 0x02, 0xDC, 0x52, 0x72, 0xE5, 0x79, 0x75, 0x91, 0x96, 0xDB, 0x13, 0x5B, 0xD3, 0x21, 0x0A,
    0x91, 0x07, 0x02, 0xDB, 0x5F, 0x88, 0xF3, 0x87, 0xA3, 0x5F, 0xAC, 0x87, 0xDC, 0xE5, 0x8F, 0x4E,
    0x5B, 0xC1, 0xB6, 0x2C, 0xD8, 0xA9, 0xF0, 0xE2, 0x2C, 0xC9, 0xAF, 0xB2, 0x38, 0xDF, 0x21, 0x84,
    0xA2, 0x6D, 0x92, 0x7E, 0x05, 0xDB, 0xAE, 0xFF, 0x74, 0xA5, 0x6F, 0xAB, 0xBF, 0x87, 0xAF, 0xFD,
    0xC4, 0x82, 0x3D, 0x6E, 0x05, 0x3B, 0x15, 0x09, 0x71, 0xF9, 0x92, 0xBF, 0x76, 0x0B, 0xB8, 0x19,
    0xE5, 0x55, 0x2B, 0xB9, 0xE4, 0x4F, 0xFF, 0x6D, 0x20, 0xF6, 0x5A, 0xEF, 0x82, 0x2E, 0x6F, 0xC7,
    0x9B, 0xFB, 0xE9, 0xE8, 0xBA, 0xBB, 0xAC, 0x7B, 0xB6, 0x51, 0xD8, 0x37, 0x7B, 0x8E, 0xC4, 0xB0,
    0x7A, 0xBF, 0xD0, 0x41, 0xC6, 0x50, 0x86, 0x1B, 0x00, 0x1E, 0xBE, 0xCA, 0x67, 0x9A, 0x17, 0x9E,
    0xE2, 0xC6, 0x2D, 0xF0, 0xAD, 0xB7, 0x89, 0xD5, 0x4C, 0x14, 0x01, 0x25, 0xC8, 0x29, 0x41, 0x97,
    0xB5, 0x97, 0x55, 0x44, 0x0D, 0x59, 0x23, 0x16, 0xE1, 0xD5, 0x5C, 0x0D, 0xDB, 0xC7, 0x70, 0x9F,
    0xAA, 0x74, 0xA7, 0x77, 0xDC, 0xE4, 0x29, 0x06, 0xC7, 0x76, 0xC1, 0x30, 0xDC, 0x5B, 0x3D, 0x90,
    0xFE, 0x43, 0xBF, 0x9F, 0xA3, 0xCB, 0xE6, 0x74, 0xFD, 0xC8, 0x99, 0x88, 0x90, 0x12, 0x2C, 0x01,
    0xB8, 0x10, 0x28, 0x8D, 0x82, 0xCE, 0xC9, 0x9F, 0xF3, 0xBD, 0xA4, 0x5F, 0xC1, 0x46, 0xD0, 0x39,
    0x96, 0x17, 0x8A, 0xA0, 0xE5, 0xA2, 0xFD, 0x57, 0x64, 0xBF, 0x1C, 0xF5, 0x1E, 0x33, 0xC3, 0xDD,
    0x18, 0xE9, 0xF5, 0xFC, 0xF1, 0x9B, 0xAC, 0x58, 0x60, 0x44, 0xFA, 0x75, 0xE8, 0x0E, 0x2E, 0xD8,
    0xA9, 0x68, 0xCD, 0xEC, 0x6B, 0x2C, 0x15, 0x20, 0x8D, 0x48, 0x3C, 0x8F, 0x8E, 0x8E, 0x1A, 0x00,
    0x3C, 0xAB, 0x3A, 0x2E, 0x5C, 0x8B, 0x80, 0x3F, 0x73, 0xCB, 0x1B, 0x8B, 0x96, 0x88, 0x46, 0x6A,
    0x5D, 0x38, 0x9B, 0x9F, 0xE9, 0xF4, 0xC7, 0x8F, 0x19, 0xC1, 0xCD, 0x24, 0x00, 0xD7, 0x31, 0x3C,
    0x63, 0x25, 0xAE, 0xBE, 0x03, 0xF8, 0x05, 0x1A, 0xE5, 0xE8, 0x5A, 0x13, 0x6C, 0x07, 0x98, 0xAF,
    0x45, 0x81, 0x17, 0x0C, 0xEE, 0xE4, 0x38, 0xCC, 0x6B, 0xEF, 0xDA, 0xFC, 0x1F, 0xBB, 0xEC, 0x83,
    0x60, 0xDB, 0xF0, 0x15, 0xBE, 0x0C, 0x01, 0xF0, 0xFD, 0xB4, 0xD5, 0x1F, 0xEF, 0xDD, 0xFA, 0xE3,
    0xFD, 0x90, 0x84, 0x87, 0x9C, 0x15, 0xD5, 0x92, 0xA6, 0xB5, 0xD2, 0x9A, 0xA6, 0x45, 0xF1, 0x45,
    0x8E, 0xCE, 0xCA, 0xB2, 0x1E, 0xC9, 0x3B, 0xC8, 0x05, 0x95, 0xB4, 0x53, 0xDA, 0x0D, 0xB6, 0x67,
    0x4F, 0xB1, 0x9F, 0xBA, 0x4A, 0xFB, 0xE8, 0x09, 0x8E, 0x74, 0x46, 0x23, 0xDD, 0x7A, 0x98, 0x77,
    0xE1, 0xA4, 0xF4, 0xD2, 0xDD, 0xB5, 0xE1, 0xA1, 0x09, 0x40, 0xF9, 0xA5, 0xDE, 0xDB, 0x44, 0xCB,
    0xDE, 0x0A, 0x88, 0x13, 0x68, 0x9C, 0x41, 0xB7, 0x29, 0x34, 0xCE, 0xA1, 0xF8, 0xF9, 0x0F, 0x2F,
    0xF9, 0xDB, 0x9B, 0x6D, 0x60, 0x9E, 0x99, 0xFE, 0xCD, 0x78, 0xB8, 0xAD, 0x3C, 0xAF, 0x3B, 0xAD,
    0x01, 0x4F, 0xF3, 0x15, 0x0E, 0x5E, 0xAA, 0x89, 0x71, 0xAF, 0x49, 0x03, 0xB5, 0xBD, 0xA7, 0xB8,
    0xAD, 0x03, 0xED, 0x85, 0x4B, 0x2B, 0x25, 0x07, 0x36, 0x0A, 0x41, 0x1C, 0xDA, 0x18, 0x39, 0xFB,
    0xEA, 0xE0, 0x06, 0x9E, 0xAA, 0x80, 0x6A, 0x0F, 0x3D, 0x71, 0x22, 0x72, 0x02, 0x00, 0xE0, 0x75,
    0x97, 0xCE, 0xFD, 0x25, 0x03, 0xCA, 0x7E, 0x44, 0xDC, 0xE6, 0x41, 0x6C, 0x55, 0xAF, 0x12, 0x4A,
    0x6A, 0xA7, 0x2B, 0x4D, 0xB7, 0x22, 0xF2, 0x40, 0xCC, 0x14, 0xD3, 0x61, 0xC3, 0xAD, 0xC5, 0x29,
    0xFA, 0x0E, 0x76, 0xB9, 0xCF, 0xBF, 0xE2, 0x2F, 0x10, 0x75, 0x5F, 0x20, 0x1B, 0x89, 0x66, 0x26,
    0x42, 0x14, 0x7D, 0xA9, 0xD8, 0x12, 0xF3, 0x2E, 0xFE, 0x02, 0xF5, 0x4C, 0x39, 0x5D, 0x05, 0x2B,
    0xE5, 0x8A, 0xBB, 0xF7, 0x58, 0x3F, 0xCC, 0x4A, 0x0D, 0xB7, 0xC8, 0x3A, 0xB8, 0x0F, 0x7A, 0x64,
    0xEF, 0x07, 0xD8, 0x6E, 0x00, 0x50, 0x62, 0xB3, 0xA6, 0xAB, 0x7A, 0xF9, 0x48, 0xFA, 0xDB, 0x22,
    0x7D, 0x26, 0xB6, 0xCF, 0x46, 0xDB, 0x65, 0xC1, 0xD4, 0xAC, 0xEA, 0xBF, 0xF7, 0x1C, 0x00, 0x91,
    0x56, 0x4F, 0x98, 0x77, 0x41, 0x5D, 0xF4, 0xCA, 0x71, 0x5C, 0xDF, 0xB0, 0x41, 0xB7, 0x63, 0x88,
    0x40, 0x79, 0x09, 0x35, 0xFA, 0xD3, 0x12, 0x86, 0x37, 0x90, 0x4C, 0x70, 0xED, 0x5D, 0xB8, 0x52,
    0x17, 0x9C, 0x5F, 0xB9, 0x36, 0x9B, 0x25, 0xFD, 0x31, 0xF6, 0x33, 0x9B, 0xCE, 0x0F, 0xDB, 0x0C,
    0xC1, 0xA5, 0x46, 0x49, 0x7A, 0x35, 0x2B, 0x9F, 0xF3, 0x97, 0x0E, 0x3F, 0xFD, 0xFE, 0xEF, 0x1C,
    0x32, 0xBA, 0x84, 0x32, 0x28, 0x9F, 0xF9, 0xFE, 0x75, 0x9C, 0x68, 0xD8, 0x46, 0xE4, 0x64, 0x43,
    0x1A, 0x35, 0x56, 0x13, 0xEC, 0x4A, 0x74, 0x9E, 0xC7, 0x6E, 0x38, 0x22, 0xA4, 0xDA, 0xE4, 0x98,
    0x3B, 0x0A, 0x8C, 0x67, 0x5F, 0x1A, 0x3C, 0x73, 0xE9, 0x5F, 0xFA, 0xB5, 0xC6, 0x3C, 0x32, 0xFE,
    0x19, 0xFE, 0xE3, 0xB8, 0x4F, 0x76, 0x17, 0x0D, 0xA7, 0x0B, 0x01, 0xAE, 0xD3, 0xD3, 0x5C, 0x01,
    0x3F, 0x30, 0x01, 0xB9, 0xB7, 0x15, 0x09, 0xDD, 0x0C, 0xBF, 0xAA, 0x69, 0xE7, 0xB3, 0xE6, 0x0E,
    0x00, 0x82, 0x9F, 0x03, 0x15, 0xD3, 0x6C, 0x30, 0x01, 0x02, 0x5D, 0x62, 0xC8, 0xBF, 0xDC, 0x9E,
    0x20, 0xC2, 0xC4, 0x64, 0x39, 0x5B, 0xAA, 0x61, 0x55, 0x9C, 0xB0, 0x41, 0x4A, 0xD0, 0xB6, 0xAC,
    0x65, 0x9B, 0x8A, 0x49, 0x68, 0x16, 0x64, 0x22, 0x6D, 0xF1, 0x29, 0xFF, 0xCF, 0xA4, 0x6B, 0x3D,
    0xB2, 0xD6, 0x97, 0x80, 0x67, 0x41, 0x5C, 0x4A, 0x64, 0xA2, 0x0F, 0xDE, 0x25, 0x52, 0x69, 0x63,
    0xAB, 0xEB, 0xAF, 0xAF, 0xE7, 0x0D, 0xE4, 0xDD, 0x21, 0x1A, 0xAE, 0x89, 0xE1, 0x19, 0xEB, 0xC1,
    0x99, 0x97, 0xC5, 0x45, 0x1B, 0x4F, 0xC7, 0xB3, 0x06, 0x72, 0x30, 0x63, 0xE0, 0x3B, 0x6B, 0x80,
    0xEB, 0x6A, 0xFA, 0x75, 0x2F, 0x22, 0x93, 0xC2, 0x4D, 0x26, 0x72, 0x03, 0x0B, 0x8E, 0xAF, 0xAF,
    0x70, 0x87, 0x70, 0x1D, 0x2B, 0xE0, 0xCB, 0x83, 0x11, 0xA6, 0x21, 0x53, 0x84, 0xB3, 0xF6, 0xD3,
    0xC7, 0xBF, 0x7C, 0x42, 0x88, 0x8F, 0xE3, 0xA7, 0x7B, 0xFC, 0xF5, 0xB6, 0xAD, 0x65, 0xB7, 0xE3,
    0x15, 0x99, 0x45, 0xE6, 0xFB, 0xCB, 0xBB, 0xAB, 0xFF, 0x7B, 0x8E, 0x09, 0xC9, 0xF2, 0x77, 0x10,
    0x41, 0x35, 0xE3, 0x4A, 0xA9, 0x75, 0x0A, 0x68, 0xD6, 0xA3, 0x84, 0x07, 0x6E, 0xAA, 0x16, 0x03,
    0xF0, 0x32, 0xFE, 0x1F, 0x7C, 0x8E, 0x21, 0x4C, 0xF4, 0x40, 0x10, 0x46, 0x5F, 0xDB, 0x3F, 0x77,
    0x3F, 0xA9, 0xD8, 0x0A, 0x04, 0x8A, 0x45, 0x22, 0xE0, 0xEA, 0x93, 0xBB, 0xDB, 0x75, 0x58, 0xBC,
    0xB7, 0xF8, 0x13, 0xA4, 0xAD, 0xC3, 0x9E, 0xC7, 0x0B, 0x3C, 0x02, 0x51, 0xD8, 0x4D, 0xF0, 0x49,
    0x51, 0xD8, 0x86, 0xE0, 0xB3, 0x62, 0x45, 0xC5, 0x5E, 0x86, 0x06, 0x82, 0x65, 0xDE, 0x64, 0x46,
    0xCC, 0x9B, 0xE4, 0x03, 0x2E, 0xA0, 0xB5, 0xB4, 0x23, 0x2A, 0x91, 0x09, 0xD4, 0x00, 0xFC, 0x1C,
    0x1C, 0x85, 0xA0, 0x23, 0xAE, 0xA3, 0x87, 0x0A, 0xB8, 0x99, 0x1D, 0xBB, 0x94, 0x41, 0xBF, 0xC7,
    0x96, 0xC3, 0x8E, 0x4B, 0xA0, 0xEC, 0xFE, 0x9B, 0x69, 0xD5, 0x4A, 0x8A, 0xF5, 0x54, 0x65, 0xFB,
    0x56, 0x46, 0x27, 0x61, 0x9E, 0x6B, 0x1E, 0xB7, 0x44, 0x73, 0x1F, 0x94, 0x0C, 0xB9, 0x00, 0x1C,
    0xE3, 0x10, 0x2B, 0x34, 0x00, 0x4D, 0x3E, 0x49, 0x91, 0x5C, 0x91, 0x36, 0x04, 0x68, 0x83, 0x49,
    0xF4, 0x24, 0x15, 0x55, 0xA7, 0xEC, 0x62, 0x6F, 0xD2, 0x73, 0x13, 0x75, 0xD4, 0x7D, 0x63, 0xD2,
    0x62, 0x0F, 0x14, 0xDD, 0x58, 0x7E, 0x4C, 0xEA, 0x35, 0xE8, 0xAB, 0xC1, 0x28, 0xBF, 0x51, 0xFC,
    0xCB, 0x38, 0xE1, 0x08, 0x33, 0xA3, 0xDF, 0x12, 0x4B, 0x09, 0x20, 0x1E, 0x0C, 0xBF, 0x75, 0xBA,
    0xF4, 0xB3, 0xAA, 0xEF, 0xC6, 0xF9, 0xAD, 0x18, 0x63, 0x1E, 0x9E, 0xB0, 0x15, 0x0F, 0x94, 0xE2,
    0x6B, 0x09, 0xDB, 0x3C, 0xAC, 0x89, 0x15, 0x64, 0x94, 0x56, 0xB3, 0xA5, 0xC1, 0xE1, 0xE6, 0x9D,
    0x59, 0xE5, 0xCB, 0xA1, 0x1C, 0x94, 0x77, 0xFE, 0xE5, 0xAF, 0xD8, 0x2B, 0x4C, 0x37, 0x63, 0x6B,
    0x36, 0xEC, 0x38, 0xA3, 0xF4, 0xDF, 0x9D, 0x58, 0x08, 0x68, 0x5B, 0xD5, 0x18, 0xA1, 0x9E, 0xE0,
    0x3C, 0x4F, 0xEA, 0xD3, 0x70, 0x4B, 0xCF, 0x81, 0x36, 0xD5, 0x29, 0xBB, 0xFE, 0x1A, 0x66, 0xE8,
    0xC0, 0x03, 0xCE, 0xFE, 0xFF, 0xFF, 0x03, 0x20, 0x0C, 0x12, 0x04, 0x00, 0x15, 0xCB, 0xB1, 0x11,
    0xC2, 0x30, 0x10, 0x45, 0xC1, 0x67, 0x5F, 0xE0, 0x80, 0xE0, 0x4A, 0x70, 0x09, 0x6E, 0x00, 0x46,
    0xCE, 0x29, 0xC6, 0x25, 0xA0, 0xC2, 0x60, 0x74, 0x1D, 0x40, 0x09, 0x74, 0x80, 0x02, 0x85, 0x42,
    0x30, 0x3F, 0xD9, 0x6C, 0xD7, 0x06, 0x90, 0x86, 0x2C, 0x87, 0x7C, 0x78, 0x06, 0xCE, 0x16, 0x00,
    0xF6, 0x96, 0x73, 0x95, 0x34, 0x31, 0x75, 0x69, 0x92, 0x65, 0x48, 0xFF, 0xC8, 0xF5, 0xB9, 0x03,
    0xE9, 0xAA, 0x76, 0x33, 0xF9, 0x55, 0x9E, 0xFB, 0x54, 0xC1, 0x9A, 0xF2, 0xA9, 0x72, 0x5F, 0xB2,
    0xBF, 0xB8, 0x78, 0x6C, 0xC1, 0x76, 0x44, 0xDA, 0xF1, 0x5F, 0x14, 0xB0, 0xC1, 0x1F, 0xDC, 0x99,
    0x3D, 0x8C, 0xE6, 0xC6, 0x7D, 0xC6, 0x1F, 0x92, 0xF0, 0x11, 0x10, 0x0B, 0x56, 0x42, 0x1C, 0x6F,
    0xC1, 0x14, 0x2E, 0x8C, 0x28, 0x09, 0xD3, 0xE3, 0x74, 0x43, 0xAB, 0x07, 0x7C, 0x40, 0xEE, 0x92,
    0xE2, 0x0A, 0xA5, 0x70, 0x15, 0x17, 0x9B, 0xC2, 0xA5, 0x22, 0xD2, 0x4E, 0x97, 0x14, 0xB9, 0x46,
    0x55, 0x1A, 0x17, 0x4A, 0x91, 0xDD, 0x62, 0x9B, 0x14, 0x4A, 0x70, 0xDA, 0x61, 0xE2, 0x22, 0xA5,
    0x69, 0x24, 0x46, 0x4A, 0x13, 0x88, 0x12, 0x40, 0x6A, 0x44, 0xCB, 0x14, 0xC0, 0x5B, 0x0F, 0xF9,
    0x64, 0x9E, 0x99, 0xF7, 0xE5, 0xED, 0xDE, 0x9D, 0x64, 0x7D, 0xD8, 0x96, 0x9C, 0x59, 0xF2, 0xF7,
    0xCC, 0x92, 0xC3, 0xF9, 0x0F, 0xE7, 0xF3, 0xCF, 0x79, 0x71, 0x0B, 0x00, 0xCA, 0xD1, 0xA3, 0x5E,
    0x3D, 0x72, 0xF6, 0x8A, 0xEA, 0xFF, 0xB4, 0x47, 0x08, 0x5F, 0xB9, 0x7F, 0xFF, 0x7E, 0x63, 0x49,
    0xF6, 0xAD, 0x90, 0x39, 0x14, 0x42, 0x2E, 0x64, 0x02, 0xF0, 0x5C, 0x90, 0xEE, 0x80, 0xF5, 0xFE,
    0x3D, 0x7C, 0x44, 0xBA, 0x74, 0x54, 0x2E, 0x11, 0xF9, 0x76, 0x76, 0x3E, 0xCA, 0x50, 0x04, 0x42,
    0x78, 0x3D, 0x5D, 0x00, 0x2A, 0xB9, 0x15, 0x5E, 0xC6, 0xF4, 0xC5, 0x96, 0xEA, 0x45, 0x6F, 0xF7,
    0x1E, 0x0C, 0xC9, 0xED, 0xC0, 0x3B, 0xD8, 0x70, 0xE9, 0x0B, 0xA6, 0xD8, 0xED, 0x9D, 0x7F, 0x08,
    0x78, 0xE2, 0x69, 0xBE, 0xC4, 0x06, 0x20, 0x39, 0x05, 0x2E, 0x9E, 0x8D, 0x8C, 0x6E, 0x48, 0x36,
    0x60, 0x3F, 0xB8, 0xF3, 0xC6, 0x91, 0x3A, 0x25, 0x7B, 0x75, 0x81, 0xD9, 0x12, 0x4E, 0x9E, 0x29,
    0x3B, 0x00, 0xB8, 0x2B, 0x3C, 0x04, 0x50, 0x4C, 0x1E, 0xED, 0x0C, 0x64, 0xBA, 0x51, 0x2E, 0xF0,
    0xB1, 0x06, 0x1F, 0x55, 0x61, 0x65, 0xC0, 0xCD, 0xAA, 0x03, 0x3E, 0x37, 0xF2, 0xD5, 0xC3, 0x72,
    0x3A, 0x00, 0xF8, 0xCE, 0x9B, 0x40, 0x41, 0x8E, 0x68, 0x49, 0x97, 0x70, 0x38, 0x71, 0xD9, 0x0A,
    0xB8, 0x72, 0x16, 0x46, 0xE0, 0x51, 0xDD, 0x03, 0x5F, 0x37, 0x1E, 0x30, 0xDD, 0x0E, 0xD2, 0x85,
    0x07, 0xAE, 0x5F, 0xEB, 0x85, 0xBD, 0x83, 0x96, 0xCA, 0xBD, 0x70, 0xC0, 0xEF, 0x65, 0x54, 0xDD,
    0xF0, 0xCA, 0x2E, 0x7A, 0x6E, 0x40, 0x41, 0x95, 0xE1, 0x45, 0x00, 0x5F, 0x7B, 0x0F, 0x48, 0x55,
    0xD1, 0x25, 0xB9, 0xC2, 0xBC, 0x93, 0xAC, 0x68, 0x1B, 0xFC, 0x15, 0x2C, 0xF0, 0x1A, 0x08, 0xDC,
    0x56, 0x0C, 0xB0, 0x21, 0xFB, 0x59, 0x39, 0xF3, 0xA1, 0x4A, 0xBB, 0xE9, 0x22, 0x47, 0xE0, 0x16,
    0x55, 0x8B, 0xD5, 0x0A, 0xE5, 0xE3, 0x01, 0xE2, 0x9F, 0x80, 0x16, 0x0B, 0x60, 0xE1, 0x00, 0x7A,
    0xA4, 0x2B, 0xF8, 0x0F, 0xA7, 0x0E, 0xA1, 0xD7, 0xD6, 0xDC, 0x64, 0xBB, 0x51, 0x8D, 0x37, 0x96,
    0x43, 0x1B, 0xEA, 0xFA, 0xD3, 0x1F, 0xAA, 0x47, 0xCB, 0xC1, 0x1F, 0x2A, 0x1A, 0x5C, 0xFB, 0x8A,
    0x6B, 0x53, 0xF7, 0x47, 0xB2, 0x8E, 0xE4, 0xFE, 0xDD, 0x9A, 0x73, 0xC5, 0x09, 0xC4, 0x67, 0x38,
    0x12, 0x36, 0xFE, 0x71, 0x7F, 0xE0, 0xFE, 0xBD, 0x92, 0xAE, 0xE4, 0x02, 0xD3, 0x7C, 0xAE, 0xC3,
    0x02, 0xC4, 0xF9, 0x0A, 0x2E, 0xE0, 0x00, 0x05, 0x8D, 0x13, 0xF5, 0x4B, 0x92, 0x54, 0xBD, 0xDA,
    0xD8, 0xE9, 0x91, 0x7D, 0x78, 0x8F, 0x90, 0x8E, 0xD8, 0x3E, 0x89, 0xE6, 0xC3, 0xAE, 0xE4, 0xE3,
    0x83, 0xB2, 0x47, 0xD1, 0x83, 0x67, 0x9C, 0xA4, 0x1B, 0x8A, 0x05, 0xA5, 0x34, 0x73, 0x51, 0xD3,
    0x83, 0x26, 0x2B, 0xEA, 0x2E, 0xAA, 0x69, 0xE2, 0x75, 0x8B, 0x90, 0x2E, 0xDD, 0xA4, 0xD5, 0x6C,
    0x1D, 0x12, 0x9E, 0x71, 0xB4, 0x0B, 0x6A, 0x92, 0x0D, 0x47, 0x18, 0x15, 0xF8, 0xC5, 0x7D, 0xD4,
    0x34, 0xBE, 0x92, 0x42, 0xF9, 0x87, 0x92, 0x0E, 0x40, 0xCB, 0xBE, 0xE0, 0x72, 0xE8, 0xEC, 0xA6,
    0xFB, 0xEC, 0x91, 0xED, 0xEC, 0xCC, 0xBE, 0xF7, 0xA6, 0x8F, 0x30, 0x84, 0xE1, 0x18, 0x59, 0x0E,
    0x69, 0x8A, 0xF5, 0x10, 0x49, 0x78, 0x88, 0x60, 0x8F, 0xD8, 0x3D, 0xF2, 0xCC, 0xAD, 0xED, 0x10,
    0xC9, 0x43, 0x0F, 0x42, 0xFB, 0x9E, 0x5D, 0x62, 0xE1, 0x65, 0x22, 0x46, 0x56, 0x20, 0x4E, 0x63,
    0x30, 0x24, 0xD7, 0x5D, 0xEE, 0x80, 0x78, 0x1B, 0x9A, 0xCA, 0xFC, 0x89, 0xDB, 0x41, 0xF6, 0xC9,
    0xCC, 0x0B, 0x9E, 0x23, 0x27, 0x5B, 0x83, 0x38, 0xA3, 0x45, 0x71, 0x92, 0x26, 0x5B, 0x63, 0x92,
    0x2D, 0x0A, 0x3F, 0x91, 0x24, 0x6C, 0xFC, 0x01, 0xA3, 0x9E, 0xBD, 0x1C, 0x05, 0xF8, 0x63, 0x00,
    0x48, 0x17, 0xB1, 0x76, 0x50, 0xB2, 0xD1, 0x33, 0x58, 0x40, 0x3A, 0x88, 0xC7, 0x96, 0x8A, 0x03,
    0xCE, 0x6A, 0x86, 0xEB, 0xFC, 0xA1, 0x31, 0x34, 0xC3, 0xB3, 0x1C, 0xC5, 0xBA, 0x17, 0x4D, 0x23,
    0x5A, 0x78, 0x26, 0x4E, 0xCC, 0x16, 0x65, 0xF6, 0x60, 0xF2, 0x24, 0x87, 0xC0, 0x51, 0x57, 0x5E,
    0x9D, 0xC2, 0x5D, 0x27, 0x26, 0x9B, 0x08, 0xDB, 0x88, 0xA6, 0x17, 0xAB, 0x51, 0x2C, 0xE6, 0x27,
    0x83, 0x35, 0xA5, 0xAC, 0x57, 0x9C, 0x3D, 0x35, 0xB6, 0xF0, 0x55, 0x84, 0x60, 0xBA, 0x20, 0x76,
    0x0E, 0x52, 0x31, 0x08, 0x6C, 0xBC, 0x5A, 0xE0, 0xFA, 0x0B, 0xF8, 0x66, 0x51, 0x13, 0xA5, 0x54,
    0xF9, 0xFB, 0x84, 0x71, 0x71, 0x28, 0x27, 0x48, 0xAA, 0x28, 0x26, 0x0A, 0x83, 0x64, 0x51, 0xCA,
    0x9F, 0x06, 0x31, 0x7F, 0x17, 0xE4, 0xB2, 0x94, 0xA4, 0x2E, 0x48, 0x3E, 0x05, 0xA9, 0xFA, 0x20,
    0x06, 0x41, 0xD6, 0x20, 0x9C, 0xA3, 0x8C, 0x51, 0xBA, 0x28, 0x47, 0x7B, 0x12, 0x75, 0xA0, 0x6A,
    0x56, 0x91, 0x12, 0xB2, 0x3B, 0x94, 0x0C, 0x31, 0x94, 0x43, 0x36, 0x6A, 0xC5, 0x29, 0x06, 0xD5,
    0xD6, 0x69, 0x0F, 0x24, 0x24, 0x34, 0xE5, 0xFE, 0x00, 0xD7, 0x07, 0xCF, 0x5D, 0xAA, 0xCF, 0x2D,
    0x96, 0x5D, 0xC9, 0x39, 0x77, 0x40, 0x1B, 0x72, 0xBF, 0x84, 0x2A, 0xD5, 0x01, 0x44, 0xAA, 0x8B,
    0x4D, 0x36, 0x03, 0xA6, 0xCF, 0x27, 0xA0, 0x1A, 0xCA, 0x51, 0xE6, 0xCB, 0x5E, 0xF9, 0xD7, 0x1D,
    0x90, 0x2D, 0x06, 0xF0, 0xE9, 0x5A, 0x4F, 0xAC, 0xAB, 0x68, 0x9D, 0x68, 0x62, 0xB7, 0x98, 0xC4,
    0x72, 0x0C, 0xEC, 0xF7, 0x3A, 0xFF, 0x1F, 0x7A, 0x24, 0x8C, 0x53, 0x77, 0x48, 0xF2, 0x17, 0xCD,
    0x3E, 0xA4, 0xC3, 0x48, 0x58, 0xC3, 0x60, 0x76, 0x71, 0xC0, 0xFC, 0x66, 0x98, 0x6B, 0xD8, 0xF7,
    0x96, 0x24, 0xD7, 0xC8, 0x63, 0xC9, 0x8B, 0xE1, 0x1A, 0x7B, 0x31, 0xDF, 0xB9, 0xD7, 0xE8, 0x5D,
    0xB1, 0x9C, 0xC4, 0x7A, 0x11, 0x8D, 0x13, 0xEF, 0x04, 0xBE, 0xBD, 0x89, 0xA1, 0x96, 0x92, 0xC5,
    0x34, 0x40, 0x3A, 0x19, 0xD5, 0xDE, 0xA4, 0x05, 0x36, 0x1F, 0xCB, 0x41, 0xD5, 0x53, 0x8E, 0xA2,
    0x3C, 0x85, 0xBA, 0x0B, 0x75, 0x1E, 0x9A, 0xA3, 0x25, 0x3D, 0x6D, 0x28, 0x8E, 0x2F, 0x21, 0xA1,
    0xC1, 0x41, 0x68, 0x70, 0xB4, 0x5D, 0x36, 0xA9, 0x69, 0x0A, 0x25, 0x1E, 0xC8, 0x2E, 0xE7, 0xE6,
    0x59, 0x70, 0x93, 0x4B, 0x01, 0x4B, 0xF5, 0x56, 0x41, 0xA3, 0x42, 0x28, 0x77, 0x14, 0xCD, 0xB3,
    0xEE, 0xD7, 0x28, 0x10, 0xD9, 0x76, 0x1E, 0x16, 0xC6, 0x7A, 0x54, 0xE2, 0x49, 0x89, 0x85, 0x7C,
    0x3E, 0x22, 0xFC, 0x5B, 0x0A, 0xED, 0x90, 0xFB, 0xC4, 0x9D, 0x25, 0x37, 0x78, 0x8C, 0xF0, 0x76,
    0xA1, 0x98, 0xBF, 0xC5, 0x30, 0x46, 0x92, 0x9B, 0x59, 0x5D, 0x87, 0xAE, 0x19, 0x7F, 0xF7, 0x16,
    0x65, 0x77, 0x11, 0x56, 0xF9, 0x7E, 0xB6, 0xD7, 0xDD, 0xDD, 0x64, 0xB6, 0xDC, 0x40, 0xA1, 0x6B,
    0xD5, 0xE4, 0x1B, 0x8B, 0x83, 0x95, 0x0D, 0x8F, 0xF9, 0x8B, 0x73, 0xA1, 0xEE, 0xCB, 0xB0, 0xAA,
    0x8D, 0x63, 0x2A, 0x0E, 0x28, 0x7F, 0xF2, 0x27, 0x0E, 0xB2, 0xFC, 0x34, 0xBB, 0xA7, 0x59, 0x5D,
    0x63, 0xDD, 0x3C, 0xA1, 0xC1, 0xD3, 0x7C, 0x3D, 0xD0, 0x3D, 0x61, 0x36, 0x89, 0xA7, 0x57, 0x67,
    0xE7, 0xDB, 0x0F, 0xA8, 0x30, 0x47, 0xAA, 0x74, 0xD9, 0xEC, 0x76, 0xA6, 0x81, 0xC9, 0xBC, 0x78,
    0xE2, 0xC0, 0x2F, 0xD6, 0x4B, 0xFF, 0xCA, 0xFD, 0xBB, 0x89, 0xD6, 0x03, 0x94, 0x9C, 0x0D, 0xC7,
    0xD0, 0x5D, 0x27, 0xC3, 0xDE, 0xB2, 0x41, 0x8B, 0x24, 0x2C, 0x09, 0xA8, 0x7B, 0x1F, 0xA9, 0x7A,
    0x4D, 0x65, 0x49, 0x58, 0x18, 0x90, 0x4F, 0x3E, 0x62, 0x95, 0xFB, 0xE2, 0x23, 0x32, 0x03, 0x97,
    0xB8, 0xB8, 0xF6, 0xD8, 0xC4, 0xE5, 0x93, 0x22, 0xE6, 0x15, 0x17, 0x27, 0x99, 0x8A, 0x64, 0x77,
    0x8C, 0x84, 0x2B, 0xE6, 0xFB, 0xAE, 0x1A, 0x15, 0xA1, 0x4F, 0xAC, 0x2A, 0x48, 0xFC, 0xE3, 0x99,
    0x3B, 0x66, 0xB8, 0x01, 0x28, 0x65, 0xA2, 0x6D, 0x0E, 0xD6, 0x4D, 0x1F, 0x16, 0x78, 0xF5, 0x44,
    0x80, 0x2A, 0x58, 0xBE, 0x20, 0xDF, 0x90, 0xAA, 0x8F, 0xA2, 0xE5, 0x60, 0x74, 0x4C, 0x21, 0x32,
    0xFA, 0x08, 0xBE, 0xF3, 0x2E, 0x50, 0x33, 0x7A, 0x29, 0xF2, 0xDA, 0x8A, 0x15, 0x77, 0x90, 0x6C,
    0x1E, 0x20, 0x5E, 0x16, 0x8E, 0x6B, 0xF3, 0x7A, 0xA8, 0xA9, 0xDF, 0xB7, 0x1A, 0xBD, 0x6C, 0x04,
    0x95, 0xFF, 0x24, 0xAE, 0xA1, 0x1E, 0xB0, 0x42, 0xDB, 0xDC, 0x00, 0xF1, 0x75, 0x64, 0x1B, 0xDA,
    0x77, 0xAD, 0x83, 0x25, 0x27, 0x9C, 0x90, 0x8D, 0xFC, 0xD9, 0xDF, 0xBA, 0x05, 0x0A, 0xD9, 0x94,
    0x4E, 0x92, 0x25, 0x93, 0x24, 0xDB, 0xAB, 0xA1, 0x69, 0x6C, 0x4C, 0x70, 0xEB, 0xCD, 0xDF, 0xBE,
    0x95, 0xF7, 0x4B, 0xE7, 0xE2, 0x44, 0x27, 0x3F, 0xBA, 0xF8, 0xD1, 0xC1, 0x8F, 0xEE, 0x7D, 0x36,
    0x41, 0xD9, 0x8D, 0xCF, 0x67, 0x1E, 0x39, 0x3C, 0x61, 0xD1, 0x3F, 0x61, 0xF9, 0x0C, 0xEB, 0x4E,
    0x34, 0x8D, 0x68, 0xE1, 0x99, 0x52, 0xB4, 0xAB, 0x3C, 0x46, 0x1B, 0x3C, 0x45, 0x8E, 0xE2, 0xEF,
    0xC6, 0xD6, 0xBC, 0x17, 0x60, 0xE9, 0x85, 0xAE, 0x65, 0x83, 0x84, 0x4B, 0xC6, 0x1E, 0x19, 0x9B,
    0x8C, 0x03, 0x72, 0xC9, 0x84, 0xD2, 0xCB, 0x2F, 0x66, 0x54, 0xB6, 0xC9, 0x7E, 0xEE, 0x60, 0x4C,
    0x93, 0x7D, 0xE0, 0xF0, 0xBA, 0x97, 0x69, 0x83, 0x93, 0xD8, 0x64, 0x91, 0x98, 0xBF, 0x9E, 0x24,
    0xF5, 0xBF, 0x8F, 0x92, 0xF2, 0xFD, 0x5E, 0x52, 0xB0, 0x91, 0x64, 0x84, 0x24, 0x5D, 0x83, 0xC0,
    0x45, 0xC1, 0x33, 0x12, 0xE6, 0x82, 0xB6, 0xB3, 0xEC, 0x51, 0xD0, 0x1D, 0x24, 0xF6, 0x3A, 0xCB,
    0x21, 0x23, 0xF5, 0x91, 0xC8, 0x2D, 0xF4, 0xB5, 0xE1, 0x53, 0x90, 0x24, 0x8F, 0xF4, 0xAB, 0xF6,
    0xC5, 0xA7, 0x78, 0x56, 0x1D, 0xAC, 0x1E, 0xA3, 0xF5, 0xC8, 0xF8, 0xA1, 0x8E, 0x22, 0x8C, 0xA0,
    0x56, 0x4D, 0x9A, 0x70, 0xA8, 0xC2, 0x44, 0x94, 0x52, 0xDD, 0x00, 0xB6, 0x2B, 0x83, 0x27, 0x50,
    0x0F, 0x40, 0x3D, 0x18, 0xCD, 0x9C, 0x63, 0xA0, 0xDC, 0x8C, 0x9D, 0xED, 0x1E, 0xDF, 0xB9, 0xA7,
    0xAC, 0x06, 0x3D, 0x6B, 0x7A, 0xE5, 0xD3, 0x76, 0xE5, 0x02, 0x50, 0xB3, 0x4D, 0xAE, 0xA6, 0x7C,
    0xD7, 0x2E, 0xC1, 0xEE, 0x10, 0xBF, 0xBF, 0xF7, 0x8F, 0x68, 0x1F, 0x7C, 0x63, 0x92, 0xDC, 0x5A,
    0x71, 0xD5, 0x92, 0xA0, 0x15, 0x1D, 0xF8, 0xF5, 0x33, 0x7C, 0x41, 0xE9, 0x1B, 0x3C, 0xE7, 0xEA,
    0x59, 0x70, 0x3B, 0xFA, 0x1E, 0x0B, 0x54, 0x1A, 0xC8, 0xB1, 0x50, 0x5A, 0x33, 0xDC, 0x70, 0x3B,
    0x8A, 0x1D, 0xA5, 0x50, 0x8D, 0x1E, 0x6D, 0x9F, 0xAD, 0x7F, 0xA6, 0xBE, 0xC7, 0xF5, 0xE0, 0x07,
    0xAD, 0xF7, 0x3E, 0xEB, 0x36, 0xCA, 0xA2, 0x6D, 0x94, 0x25, 0x5B, 0x81, 0xA5, 0x9C, 0x85, 0xC9,
    0x43, 0x55, 0xFB, 0xE7, 0xAA, 0x65, 0x44, 0x74, 0x47, 0xB4, 0x31, 0x26, 0xF4, 0x1F, 0xB3, 0x8D,
    0xF2, 0x97, 0x19, 0x9B, 0xD4, 0x25, 0xBC, 0xB2, 0x33, 0x0C, 0x43, 0x27, 0x7D, 0xAC, 0x56, 0x38,
    0x7C, 0x2D, 0x1A, 0x92, 0x2E, 0xE0, 0x0E, 0x08, 0xA7, 0xAF, 0xC4, 0x47, 0xB7, 0x3D, 0x5E, 0x13,
    0x6E, 0xC3, 0x03, 0x9F, 0x1F, 0x49, 0x5C, 0xA8, 0x5C, 0xC0, 0x97, 0xF3, 0x03, 0x42, 0x72, 0x16,
    0x94, 0xEC, 0x24, 0xA7, 0x9B, 0x88, 0x6C, 0x0A, 0x92, 0xCF, 0xE2, 0x09, 0x43, 0xDD, 0x91, 0xAA,
    0xC7, 0x7C, 0xCB, 0xA6, 0xD3, 0x19, 0xD5, 0x94, 0x4D, 0xD1, 0x1B, 0xD5, 0xF4, 0x68, 0x3A, 0x2F,
    0x84, 0x85, 0x17, 0x1B, 0xA5, 0x6D, 0xA2, 0x1C, 0x2F, 0xB6, 0x8D, 0x17, 0x86, 0x07, 0x92, 0x4D,
    0xEE, 0x6D, 0xE8, 0x50, 0x6B, 0x36, 0xD5, 0x13, 0xD2, 0x98, 0x35, 0x6A, 0x32, 0xBC, 0xC2, 0x83,
    0x0F, 0xAF, 0x17, 0xE2, 0x44, 0xC6, 0xF7, 0x02, 0x5A, 0x36, 0x61, 0xCF, 0xC8, 0xD7, 0xA5, 0xE1,
    0x54, 0x72, 0xAE, 0x39, 0x16, 0x9C, 0x12, 0x02, 0x56, 0xA3, 0x3A, 0x89, 0x3D, 0x7E, 0xD6, 0x4A,
    0x57, 0x8C, 0x40, 0xB1, 0x54, 0x3D, 0xC2, 0x9A, 0x05, 0x80, 0x6F, 0x8B, 0x76, 0x11, 0xCD, 0x24,
    0xD6, 0x81, 0xC6, 0x89, 0xDB, 0xE6, 0x91, 0x2E, 0xF4, 0xCC, 0xE3, 0x38, 0xEF, 0xE5, 0x01, 0x99,
    0xA6, 0x9C, 0x8F, 0x0D, 0xE5, 0x90, 0x50, 0x6E, 0x0D, 0xC2, 0xD2, 0x5A, 0xD1, 0x45, 0x1E, 0x76,
    0x56, 0xE2, 0x77, 0x18, 0xE2, 0x87, 0xD8, 0x71, 0x0F, 0xE3, 0x0B, 0x92, 0x3C, 0x6C, 0xC9, 0xC0,
    0x52, 0xE1, 0x28, 0x21, 0x98, 0xE7, 0x49, 0x1D, 0xA5, 0x8A, 0x52, 0xDE, 0xD8, 0x88, 0xB8, 0x4B,
    0xF6, 0x86, 0x93, 0x65, 0x67, 0x38, 0x64, 0x8B, 0xBA, 0xE8, 0x2F, 0xA1, 0x7B, 0xC2, 0x94, 0x8A,
    0x80, 0xEF, 0xC5, 0x71, 0x20, 0x16, 0xFC, 0x5F, 0x4F, 0x20, 0xFD, 0x04, 0xCC, 0x57, 0x91, 0x1C,
    0x03, 0xA7, 0xE8, 0x35, 0x44, 0xFF, 0x86, 0xFC, 0x21, 0xA9, 0xCA, 0x26, 0x5F, 0xE1, 0x86, 0x30,
    0x49, 0xA1, 0x1C, 0xBF, 0xB4, 0x11, 0x35, 0xC9, 0xC5, 0xD5, 0xD9, 0xC5, 0x08, 0xCB, 0x18, 0x9E,
    0x44, 0xFE, 0x3F, 0xBC, 0xD7, 0x55, 0x63, 0x19, 0x43, 0xBF, 0x47, 0x10, 0x43, 0x75, 0x8C, 0x94,
    0x1F, 0x1D, 0x29, 0x14, 0x79, 0x6A, 0x8F, 0xE0, 0x45, 0xB9, 0x64, 0x71, 0x13, 0x53, 0x9C, 0xE2,
    0xB6, 0x5E, 0xDC, 0xD5, 0x03, 0x6E, 0x5F, 0x23, 0x6E, 0x90, 0x91, 0xDC, 0x02, 0x39, 0x78, 0xDE,
    0xB7, 0x93, 0xEE, 0x16, 0x4E, 0xCC, 0x02, 0xD3, 0xC0, 0x64, 0x0D, 0xBC, 0x76, 0x25, 0x0B, 0xAC,
    0xE6, 0xB8, 0x9B, 0x2A, 0xC3, 0x6C, 0xC4, 0x39, 0xCC, 0xE1, 0x88, 0xAD, 0x84, 0x2C, 0x36, 0x12,
    0x52, 0xC6, 0x27, 0x50, 0x0D, 0x51, 0xCB, 0x4F, 0xA1, 0xCA, 0x34, 0x2A, 0x83, 0xAE, 0x7F, 0xCA,
    0x3E, 0xDE, 0xAF, 0xC7, 0xA8, 0xE5, 0x14, 0xB5, 0x78, 0xBE, 0xEE, 0xF7, 0xAB, 0x31, 0x6A, 0xAB,
    0xE7, 0xF3, 0xED, 0x82, 0x4D, 0x15, 0x3A, 0xDA, 0x9A, 0x91, 0xD2, 0x87, 0x52, 0x95, 0x3F, 0x14,
    0x5E, 0x25, 0xFF, 0x64, 0x9F, 0xF0, 0xE4, 0x22, 0xB0, 0x09, 0x65, 0x93, 0xA1, 0xE9, 0xFA, 0x66,
    0xC3, 0x73, 0x37, 0x39, 0xCC, 0xBE, 0xC9, 0xB1, 0xC2, 0x63, 0x04, 0xBE, 0xF6, 0x38, 0xAC, 0xF7,
    0x13, 0x8C, 0xAE, 0x99, 0x87, 0x39, 0x1B, 0x03, 0xB4, 0xFD, 0x1D, 0xCD, 0xC0, 0x2F, 0x6B, 0x7D,
    0xFB, 0x2A, 0x90, 0x2F, 0x4F, 0xDB, 0x37, 0x64, 0xC4, 0xCD, 0x1B, 0x4B, 0x58, 0x9A, 0x8E, 0xCB,
    0x7D, 0x35, 0x7E, 0x03, 0x30, 0xBD, 0x69, 0x12, 0x76, 0xED, 0x76, 0xB1, 0xA1, 0x54, 0x99, 0xE3,
    0xB7, 0x51, 0x72, 0x17, 0xE1, 0xA5, 0x6F, 0xFD, 0x4B, 0x13, 0xDE, 0xDB, 0x72, 0xD6, 0xAB, 0xE7,
    0x24, 0x43, 0xA5, 0x3D, 0x4E, 0xA3, 0xC7, 0xD3, 0xC3, 0x8C, 0x5E, 0xD9, 0xC4, 0x17, 0xD8, 0x54,
    0x18, 0x7D, 0xFC, 0xC8, 0xA2, 0xFE, 0x80, 0xF4, 0xA8, 0x6B, 0xE6, 0x54, 0xD0, 0x44, 0x15, 0x2B,
    0xDD, 0x76, 0x5D, 0x1F, 0xC4, 0xEB, 0x2E, 0x5B, 0x94, 0xEE, 0xE6, 0x73, 0x62, 0xBA, 0x7A, 0xF5,
    0xF9, 0x26, 0x44, 0xAC, 0x2D, 0x36, 0xD1, 0x9D, 0x32, 0x23, 0xAC, 0xFC, 0xB3, 0x6A, 0x7B, 0x40,
    0x04, 0x0F, 0x8D, 0x4E, 0x1A, 0x4E, 0x85, 0xE4, 0xDE, 0x61, 0x38, 0x84, 0x6A, 0x64, 0x07, 0xE3,
    0x09, 0xF0, 0x3F, 0xCB, 0x09, 0xE9, 0x16, 0xBF, 0xB5, 0x02, 0x97, 0x6B, 0x74, 0x4F, 0x98, 0x6C,
    0x22, 0x38, 0x88, 0x71, 0x24, 0xE5, 0x81, 0xC5, 0xD5, 0x85, 0x67, 0xDD, 0x87, 0xEB, 0x9D, 0x68,
    0x21, 0x6E, 0x62, 0x72, 0x2D, 0xCF, 0x62, 0x0A, 0xDF, 0x70, 0x53, 0x46, 0x36, 0x76, 0xF0, 0xEC,
    0x12, 0xBB, 0x85, 0x25, 0xBB, 0x47, 0x7D, 0x65, 0x27, 0xD4, 0x4D, 0xE9, 0x93, 0x20, 0x9F, 0x3D,
    0xB4, 0xFC, 0xEE, 0x48, 0x54, 0xE9, 0x25, 0x3D, 0xCC, 0xD5, 0xF9, 0x1C, 0x9D, 0x1B, 0x8B, 0x1D,
    0xCA, 0xD6, 0xFC, 0x84, 0x0B, 0x6A, 0x7E, 0xA0, 0x85, 0xF3, 0x7B, 0xEC, 0x71, 0x17, 0x21, 0xBC,
    0x20, 0x94, 0x5A, 0x86, 0x6C, 0x83, 0x94, 0x6C, 0x50, 0x0B, 0xBC, 0x7A, 0x03, 0xE9, 0xB6, 0xF7,
    0x81, 0xF1, 0x38, 0xC1, 0xD4, 0x82, 0xF9, 0x3E, 0x1F, 0xC2, 0x5C, 0x70, 0x81, 0x21, 0x37, 0x98,
    0x39, 0x61, 0x63, 0x3A, 0xB4, 0xBD, 0x69, 0x60, 0x84, 0x6A, 0x30, 0x5D, 0x44, 0x79, 0x40, 0xEF,
    0xFF, 0xAD, 0x7A, 0x55, 0xC2, 0x18, 0xB7, 0x06, 0x89, 0x8C, 0x7F, 0xBF, 0x01, 0xA1, 0x61, 0x6B,
    0x0E, 0xB1, 0xFE, 0xCF, 0x78, 0xD5, 0x80, 0xE4, 0x8C, 0xD3, 0xAB, 0x8B, 0x15, 0xC5, 0x94, 0xD0,
    0x03, 0x76, 0x87, 0xAE, 0x9D, 0x2C, 0x6A, 0xA0, 0x5E, 0x58, 0x74, 0x8D, 0x42, 0xDB, 0x78, 0x98,
    0xEE, 0x08, 0xDB, 0x15, 0x1F, 0x3E, 0x20, 0x48, 0xAE, 0xC2, 0x80, 0x33, 0x72, 0x21, 0xE9, 0x4E,
    0xFD, 0xE9, 0xEF, 0x2F, 0xD7, 0xCE, 0x6F, 0xFB, 0x13, 0x1F, 0x7B, 0xCE, 0x80, 0x0C, 0xEA, 0x4C,
    0x95, 0x49, 0x26, 0xE0, 0x94, 0x7C, 0x07, 0xA5, 0xDE, 0xFC, 0x09, 0xAA, 0x00, 0x78, 0xD4, 0x3B,
    0x8C, 0x70, 0x47, 0x78, 0x24, 0x38, 0x8F, 0x2C, 0x14, 0xF3, 0xEA, 0xCC, 0x76, 0xDC, 0x83, 0x03,
    0x60, 0x6E, 0xA2, 0x7E, 0xCB, 0xA3, 0xFA, 0x76, 0x68, 0xA6, 0x7A, 0x43, 0x42, 0x8E, 0x7E, 0xDA,
    0x99, 0x35, 0x7E, 0xEA, 0x3E, 0x59, 0x4D, 0x87, 0xAD, 0x05, 0x68, 0xC9, 0x78, 0x9E, 0x79, 0x7F,
    0x04, 0x80, 0xCE, 0xB6, 0x8B, 0x3E, 0x7B, 0x3D, 0xE1, 0x0F, 0xCA, 0xED, 0x41, 0x1C, 0x41, 0x96,
    0x9D, 0x86, 0xEB, 0x4B, 0xFC, 0x1B, 0xFB, 0x33, 0xAB, 0x51, 0xFF, 0x23, 0x7E, 0x40, 0x87, 0xDF,
    0x59, 0x6F, 0xB1, 0x69, 0x07, 0xC0, 0xE1, 0x12, 0x06, 0xC0, 0xEB, 0x5E, 0x2F, 0x55, 0x08, 0x4F,
    0x17, 0x9A, 0xFE, 0x32, 0x0D, 0xFD, 0x60, 0xB0, 0xF2, 0x97, 0x91, 0x85, 0x2A, 0x8D, 0xE3, 0x64,
    0x0A, 0xFD, 0xC3, 0xE6, 0x33, 0x64, 0xF0, 0x32, 0x73, 0x32, 0xDE, 0x5C, 0x62, 0xF3, 0x4A, 0x5C,
    0x42, 0xDD, 0x2A, 0xE4, 0xDB, 0x6B, 0xF2, 0x21, 0x34, 0x65, 0xCA, 0xA7, 0x2C, 0x08, 0x0E, 0x5E,
    0x33, 0xE2, 0x24, 0x14, 0x8D, 0x8D, 0x7D, 0xC3, 0xF6, 0x8F, 0x50, 0x0D, 0xAF, 0xF9, 0x0C, 0x65,
    0x2C, 0x74, 0xB7, 0xAF, 0xB0, 0x49, 0xB8, 0x20, 0x21, 0x95, 0x71, 0x8F, 0x78, 0x6F, 0x3A, 0x9C,
    0xE3, 0x3F, 0xC3, 0xF6, 0x24, 0x9B, 0x9A, 0x0B, 0x70, 0x1F, 0x38, 0x27, 0x2E, 0x08, 0xB2, 0x21,
    0x71, 0xBA, 0xE8, 0x08, 0x0B, 0xA8, 0x68, 0x02, 0x29, 0x66, 0x81, 0xE5, 0x8F, 0x44, 0x53, 0x8A,
    0x4E, 0xFC, 0xF9, 0x24, 0x72, 0x08, 0x6C, 0xC4, 0x15, 0xE2, 0x1C, 0x38, 0xC9, 0x24, 0x09, 0x1E,
    0xF3, 0x47, 0x8B, 0x3B, 0x00, 0x4C, 0xF3, 0xB2, 0xF8, 0xE3, 0xB0, 0xE0, 0x84, 0xFA, 0x48, 0x2E,
    0x1B, 0x3C, 0x1B, 0x7E, 0xA3, 0x65, 0x3B, 0xE7, 0x0B, 0x9C, 0xC8, 0x6F, 0x71, 0x3A, 0x5D, 0x7C,
    0xEB, 0x16, 0x53, 0x12, 0x56, 0x8F, 0xD9, 0xA3, 0x98, 0x94, 0x7F, 0x8F, 0xE2, 0xCA, 0x76, 0x6A,
    0x42, 0x08, 0x3E, 0x36, 0x55, 0xBD, 0x6E, 0x4C, 0xC7, 0x74, 0xA9, 0xF3, 0xC0, 0x26, 0x13, 0xB6,
    0x21, 0x3B, 0xB3, 0x90, 0x7D, 0xE5, 0x9E, 0x19, 0x01, 0x9D, 0xE9, 0x9F, 0x46, 0xD5, 0x1C, 0x51,
    0xE3, 0x08, 0xB3, 0xE3, 0xD2, 0x23, 0x71, 0x1E, 0xAD, 0xA0, 0xF9, 0xCE, 0x69, 0x3E, 0x76, 0x2F,
    0x02, 0xC0, 0xC5, 0x0C, 0xBC, 0xE4, 0xE8, 0x00, 0xBA, 0xD3, 0xD5, 0x73, 0x2C, 0x88, 0x8C, 0x5D,
    0xC1, 0x46, 0x7C, 0xBF, 0x2F, 0xDF, 0xEF, 0x8A, 0x9F, 0x0E, 0xE5, 0x69, 0x57, 0xFC, 0xD7, 0x54,
    0xD7, 0x5D, 0xF1, 0x1F, 0xF3, 0x1D, 0xCF, 0x1F, 0xBB, 0x47, 0x9E, 0xC3, 0xBA, 0x88, 0xED, 0x24,
    0x9A, 0x51, 0xAC, 0x7A, 0xB1, 0xEC, 0x3C, 0xC3, 0x1E, 0x2E, 0x37, 0xC8, 0x5E, 0xE0, 0x39, 0x9B,
    0x27, 0x0D, 0xF2, 0x78, 0x6F, 0x90, 0xE7, 0x31, 0x38, 0x95, 0x05, 0xC9, 0x9D, 0xBA, 0xFE, 0xD1,
    0x0C, 0x3B, 0x76, 0x31, 0xE7, 0x48, 0xD4, 0x6C, 0x90, 0x90, 0x93, 0x3C, 0x07, 0x4D, 0xFA, 0xE9,
    0xA6, 0xEE, 0xCD, 0x30, 0x43, 0x74, 0x2D, 0x3C, 0xAC, 0x47, 0xFF, 0x0C, 0x74, 0xB7, 0x81, 0xD1,
    0xC4, 0x62, 0x51, 0x0F, 0x5A, 0x66, 0x1E, 0x9F, 0x38, 0x64, 0x8C, 0xDF, 0xFA, 0x4D, 0x5C, 0x81,
    0xCF, 0x48, 0x6E, 0x54, 0x38, 0x25, 0xB9, 0x84, 0x52, 0x7C, 0x56, 0xCC, 0xA8, 0x46, 0xF2, 0x9B,
    0x64, 0x40, 0x3D, 0xD5, 0x0B, 0xCC, 0x07, 0xD4, 0x38, 0xBD, 0x62, 0x9F, 0x11, 0xE6, 0xC9, 0x6F,
    0x30, 0xF1, 0xB7, 0x90, 0x8F, 0xC2, 0x4D, 0x97, 0xA5, 0x1E, 0xB2, 0x35, 0x61, 0x97, 0x31, 0x54,
    0x3E, 0xB5, 0x4F, 0x78, 0xFF, 0xF9, 0x1E, 0x51, 0xF8, 0x91, 0xD8, 0x70, 0x14, 0x06, 0x00, 0x15,
    0xBB, 0x84, 0x5C, 0x72, 0x9E, 0x6B, 0xE7, 0x62, 0x31, 0xBD, 0x3F, 0x3B, 0xCC, 0xED, 0x61, 0xAE,
    0xE3, 0xB5, 0xD3, 0x86, 0xE9, 0xE7, 0x30, 0xF7, 0x8D, 0xF8, 0xAE, 0x9F, 0xFB, 0x9C, 0xAA, 0x4A,
    0x35, 0xA5, 0x8A, 0x6A, 0x83, 0xEF, 0xBC, 0xE3, 0x51, 0xB6, 0x14, 0x42, 0xDE, 0xBF, 0xE5, 0x8B,
    0xDC, 0x07, 0xBF, 0xE7, 0x13, 0x23, 0x17, 0xC8, 0x41, 0x18, 0xF1, 0x12, 0x9B, 0x0B, 0xD7, 0xF2,
    0x7B, 0x74, 0xD5, 0x8C, 0xD3, 0x31, 0x9B, 0xE3, 0x4F, 0x2C, 0x75, 0xA7, 0xAE, 0x0E, 0xAC, 0x82,
    0xC5, 0x25, 0xBC, 0x3A, 0x8F, 0xCE, 0xA3, 0xFA, 0xB7, 0x19, 0x28, 0x7F, 0xA8, 0x25, 0xE6, 0xBF,
    0x47, 0x20, 0xFB, 0xC5, 0xE0, 0xC1, 0x1E, 0x48, 0xD8, 0x1D, 0x5D, 0x6C, 0x2B, 0x5C, 0x0A, 0x0E,
    0x40, 0x1A, 0x8C, 0xC7, 0x39, 0x17, 0x78, 0xC1, 0xEA, 0x2D, 0xB9, 0xFF, 0xB8, 0x97, 0x52, 0xCC,
    0x03, 0x13, 0x2B, 0xC2, 0x7C, 0x1C, 0x6F, 0xF1, 0x31, 0x10, 0xDD, 0xC7, 0x38, 0xA0, 0xCB, 0xD9,
    0xA4, 0x44, 0xDD, 0x1B, 0xB4, 0x8D, 0x69, 0x4C, 0xE8, 0x7F, 0x06, 0x55, 0xBF, 0x79, 0x96, 0x91,
    0xC3, 0x35, 0xF6, 0x0C, 0x77, 0x2D, 0x94, 0xD2, 0x74, 0x7A, 0xAA, 0x1E, 0x8D, 0x7A, 0xE8, 0xD6,
    0x5E, 0xB8, 0xB0, 0x56, 0x6A, 0xCC, 0x71, 0x0B, 0x16, 0x9B, 0x8F, 0x29, 0x49, 0x62, 0xC7, 0x50,
    0xF2, 0xE8, 0x0F, 0x2F, 0x50, 0x6D, 0x9E, 0x8C, 0x2D, 0x1B, 0x33, 0x9D, 0x38, 0x58, 0xED, 0x33,
    0x39, 0x80, 0x61, 0xCF, 0xE6, 0x6F, 0x95, 0xE7, 0xFB, 0x5A, 0x09, 0xA8, 0xD4, 0xEB, 0x11, 0xE1,
    0xDF, 0x5A, 0xD5, 0x67, 0xAA, 0x11, 0x58, 0x8B, 0x29, 0x78, 0x86, 0xC8, 0xB5, 0x1B, 0x62, 0x87,
    0x92, 0x13, 0x7B, 0x8F, 0x73, 0x7E, 0xF3, 0x62, 0x43, 0xF8, 0xF0, 0xD3, 0xA0, 0xB7, 0xEF, 0x04,
    0xBF, 0xAB, 0xFF, 0x15, 0x50, 0x0B, 0xFA, 0x00, 0x2A, 0x74, 0x91, 0x00, 0x50, 0x5D, 0x63, 0xF9,
    0x0C, 0x6F, 0x35, 0x2F, 0xB1, 0xBF, 0xA0, 0xE1, 0xBF, 0x92, 0x27, 0xBE, 0x40, 0x73, 0xEA, 0x50,
    0x0E, 0xCF, 0x43, 0x42, 0x8F, 0xE8, 0xCC, 0x18, 0x21, 0xDF, 0xBE, 0x35, 0x28, 0x9B, 0x9B, 0xD0,
    0x9B, 0x67, 0x64, 0x40, 0x58, 0x03, 0x2E, 0x36, 0xAD, 0x02, 0x3F, 0x23, 0x4F, 0x1F, 0xDF, 0x62,
    0x77, 0x3A, 0x17, 0x13, 0x94, 0xD1, 0xAF, 0x56, 0xAE, 0xCE, 0xE8, 0xE7, 0x47, 0x5E, 0x0B, 0xBB,
    0x75, 0x1C, 0xCC, 0xE3, 0x60, 0x1F, 0x87, 0x67, 0x7E, 0x7D, 0x1A, 0x0A, 0xF3, 0x0E, 0x18, 0x43,
    0x7F, 0x54, 0x84, 0x50, 0xFE, 0x12, 0x2D, 0xA4, 0xA1, 0x5D, 0x5A, 0xB5, 0x9F, 0x25, 0x7B, 0x8F,
    0xC7, 0xC0, 0xA3, 0x7C, 0x3A, 0xE0, 0x2D, 0x01, 0xF9, 0xD5, 0x3F, 0x7A, 0x90, 0xA3, 0xB0, 0x20,
    0x9F, 0xB2, 0xD5, 0x03, 0x9B, 0xC0, 0x1D, 0xFA, 0x37, 0x5D, 0x51, 0x7C, 0x78, 0xEA, 0x40, 0x72,
    0xF2, 0xD8, 0x9A, 0x73, 0xF6, 0xF0, 0xAD, 0x4E, 0x2F, 0x2D, 0x7B, 0xDF, 0x07, 0x71, 0x22, 0xBF,
    0x56, 0xB3, 0xCA, 0xD3, 0xF2, 0xE1, 0xBD, 0x20, 0xE4, 0x10, 0x65, 0x91, 0x4C, 0xF9, 0x1A, 0x04,
    0x5B, 0x14, 0x3E, 0x47, 0x52, 0x25, 0x91, 0xD9, 0x3C, 0x1A, 0xF6, 0x86, 0x64, 0xDA, 0x8B, 0xAC,
    0xCB, 0xB4, 0xEC, 0x5E, 0xF7, 0x72, 0x65, 0x4B, 0x86, 0x64, 0x45, 0x26, 0x94, 0xBF, 0xB2, 0xD3,
    0x19, 0xE3, 0xC9, 0xAA, 0x0C, 0x95, 0x9B, 0xB2, 0xBA, 0xC5, 0x77, 0xD0, 0x92, 0xB0, 0x67, 0xEC,
    0x5F, 0x43, 0x3D, 0xBE, 0x86, 0x72, 0xFA, 0x86, 0x4A, 0x8B, 0xCC, 0x85, 0x93, 0x8C, 0x27, 0x52,
    0x77, 0xB8, 0xB6, 0xC8, 0xD2, 0x77, 0x7D, 0x5A, 0xBE, 0xC1, 0x5E, 0xCF, 0x16, 0x9C, 0xC3, 0x86,
    0xF1, 0x39, 0x9B, 0x82, 0x0F, 0x41, 0x36, 0x2D, 0x17, 0xFC, 0x5F, 0x79, 0x67, 0x0C, 0x23, 0xB9,
    0x91, 0x9D, 0xE1, 0xC7, 0xE6, 0xDD, 0xD2, 0x5E, 0xC2, 0xA6, 0x02, 0x09, 0x87, 0xF3, 0xD9, 0x62,
    0x72, 0x81, 0x70, 0x3A, 0x2D, 0xD3, 0x33, 0xB0, 0xBB, 0xA4, 0x2C, 0xC0, 0x02, 0xEC, 0x40, 0x0A,
    0x2C, 0x5F, 0x0E, 0x38, 0xBA, 0x64, 0x52, 0x05, 0x2B, 0x91, 0xC6, 0x05, 0x97, 0x2E, 0x1C, 0xF8,
    0xD2, 0x0D, 0x9C, 0x68, 0x36, 0x18, 0x07, 0x0E, 0x36, 0x98, 0x5B, 0x12, 0xCA, 0x01, 0xD1, 0xB6,
    0x05, 0x87, 0x26, 0xE0, 0x3D, 0xC0, 0x92, 0x03, 0x51, 0x10, 0xCF, 0xE0, 0xD8, 0x24, 0x9F, 0xEB,
    0xFF, 0xAB, 0xD8, 0x4D, 0xEE, 0x4E, 0x5B, 0xA3, 0xD1, 0xAC, 0xA6, 0x75, 0x7E, 0x68, 0x7E, 0xAF,
    0x87, 0xEC, 0x19, 0x16, 0xDF, 0x90, 0x55, 0xAF, 0x5E, 0xBD, 0xAA, 0x3E, 0x3A, 0xF3, 0xF4, 0xA1,
    0xDA, 0x96, 0xA3, 0xCC, 0xE8, 0xB0, 0xA4, 0x55, 0x08, 0xFF, 0x27, 0x86, 0xAA, 0x25, 0x6A, 0x4C,
    0x9F, 0xAA, 0x82, 0x52, 0x5D, 0xAA, 0x36, 0xB1, 0x2A, 0x36, 0xAA, 0xE6, 0x27, 0xF9, 0x0B, 0xF6,
    0xD7, 0xE9, 0xC6, 0x84, 0x9D, 0x3F, 0xBD, 0x39, 0xD9, 0x26, 0xB9, 0x87, 0x62, 0xD7, 0xC3, 0x75,
    0xFE, 0x6E, 0x32, 0xE5, 0x89, 0x83, 0xE6, 0xA6, 0x40, 0x7E, 0x4F, 0x97, 0x69, 0x85, 0x00, 0xF0,
    0x47, 0x03, 0x7B, 0x65, 0x09, 0x90, 0xBF, 0x6E, 0x80, 0x7D, 0xAC, 0xA4, 0xF8, 0x6B, 0xFC, 0xA7,
    0x97, 0x6D, 0xA2, 0x8D, 0xD6, 0x06, 0x02, 0xF9, 0x23, 0x17, 0x26, 0xCE, 0x61, 0x6B, 0x9B, 0xF6,
    0x64, 0x63, 0x82, 0x9E, 0xCC, 0x72, 0x95, 0x4E, 0x3E, 0xC4, 0xEB, 0xC3, 0xDA, 0x1F, 0xF0, 0x97,
    0xA2, 0x46, 0x5A, 0x06, 0x7D, 0x9E, 0xCB, 0xB9, 0xD8, 0xFA, 0xE4, 0xC0, 0xAB, 0xEB, 0x16, 0xF2,
    0xD5, 0xE9, 0x98, 0x63, 0x34, 0x78, 0xF7, 0xC1, 0xBA, 0xFD, 0x0C, 0x7A, 0x83, 0x92, 0xE3, 0x1B,
    0x70, 0x2A, 0xEA, 0xA4, 0xF1, 0x31, 0xD8, 0xC9, 0x9B, 0xF7, 0x22, 0x18, 0x0C, 0x52, 0xAD, 0xC2,
    0x36, 0x07, 0x44, 0x64, 0x8D, 0x45, 0x9F, 0xD5, 0x36, 0xA8, 0x34, 0x87, 0xC1, 0xFC, 0xAF, 0x28,
    0xC5, 0x0E, 0xA1, 0xF6, 0xB6, 0x57, 0xF1, 0x9E, 0x88, 0xBC, 0x20, 0xB3, 0x5C, 0x59, 0x77, 0x51,
    0x62, 0xBD, 0xEF, 0x5C, 0x97, 0x61, 0xE1, 0xBA, 0xFC, 0x95, 0xB3, 0xEA, 0xFC, 0x8C, 0x9C, 0xE7,
    0xBA, 0xFC, 0xC4, 0xB9, 0x2E, 0xDD, 0xEC, 0xBA, 0x48, 0x39, 0xB1, 0xE3, 0x9B, 0x9C, 0x9D, 0x54,
    0x69, 0x11, 0x55, 0xA9, 0x84, 0x55, 0x8A, 0xCF, 0xA3, 0xA3, 0x34, 0x65, 0x12, 0xDA, 0x6E, 0x52,
    0xC6, 0xA4, 0x6C, 0xEE, 0x8D, 0x9A, 0xDB, 0x66, 0xBB, 0x23, 0x71, 0xFD, 0xBE, 0x94, 0x7C, 0xE0,
    0x52, 0xD7, 0x4D, 0xF2, 0x32, 0x3A, 0xAA, 0xF4, 0x52, 0x83, 0x46, 0xB6, 0x72, 0xD2, 0x8A, 0xB6,
    0x72, 0xD4, 0x4A, 0x78, 0x91, 0x57, 0x27, 0xAA, 0x85, 0x6D, 0xE6, 0x12, 0xAF, 0x4F, 0x7F, 0x3E,
    0x98, 0x5C, 0x87, 0x97, 0xA5, 0x95, 0x59, 0x6E, 0xAA, 0x44, 0x2A, 0x37, 0x54, 0xA4, 0xBC, 0xC8,
    0x2B, 0x8B, 0xB4, 0x37, 0x2F, 0x79, 0x91, 0x3F, 0x6A, 0x86, 0xD7, 0xFB, 0x72, 0xCE, 0x5F, 0xCB,
    0x2F, 0xF5, 0xE2, 0x58, 0xF0, 0xAB, 0x03, 0x32, 0xEB, 0xCA, 0x82, 0xCE, 0xC9, 0x68, 0xBB, 0xB2,
    0x93, 0x88, 0xED, 0xCA, 0x08, 0x7A, 0x2F, 0xC5, 0xB3, 0x2A, 0x4B, 0x3F, 0x7E, 0x5B, 0xD0, 0x9F,
    0xD1, 0xC9, 0x2A, 0xAD, 0xD8, 0xB5, 0x4F, 0x1A, 0x2A, 0x54, 0x30, 0x46, 0x85, 0x56, 0x05, 0xAD,
    0x3C, 0xE6, 0x4F, 0xDE, 0xC0, 0x63, 0xF9, 0x20, 0xF9, 0xC7, 0x65, 0x55, 0xB6, 0x01, 0x13, 0x46,
    0x6B, 0xA3, 0xFA, 0x39, 0x5F, 0x14, 0xBE, 0x88, 0x0A, 0x9D, 0x11, 0x15, 0xE7, 0x8D, 0x58, 0x67,
    0x62, 0x9F, 0x52, 0x23, 0x67, 0x56, 0x69, 0x85, 0x5E, 0xC9, 0xA7, 0x65, 0xCB, 0x63, 0x61, 0x4F,
    0xE5, 0x0F, 0xE7, 0xA8, 0xA0, 0x0F, 0x3B, 0x49, 0x3E, 0x2E, 0x5B, 0x9E, 0x48, 0x2B, 0xAA, 0xD1,
    0x39, 0x8D, 0x39, 0xF9, 0x2A, 0xE9, 0xEF, 0xC8, 0x67, 0xD7, 0x3D, 0xBC, 0x7C, 0x7A, 0xD7, 0x47,
    0xF9, 0x00, 0xDB, 0x27, 0x98, 0x36, 0xAC, 0x84, 0xCF, 0xB0, 0xF0, 0x21, 0x66, 0x9B, 0xF5, 0x95,
    0xC8, 0xBC, 0x81, 0x54, 0xAB, 0x39, 0x2A, 0x9F, 0x89, 0x93, 0x76, 0x3E, 0x63, 0x0C, 0xC0, 0xDF,
    0xF5, 0x27, 0x31, 0xE0, 0x3D, 0x9B, 0xC9, 0x4E, 0x9E, 0x63, 0x8F, 0x57, 0xAC, 0xF8, 0x15, 0x18,
    0xB6, 0xE4, 0x08, 0x8A, 0x16, 0xBB, 0x01, 0x2E, 0x5B, 0x24, 0xC9, 0xAE, 0xAF, 0xCF, 0x2F, 0xA9,
    0x24, 0x06, 0xC5, 0x5D, 0xB8, 0x81, 0xA3, 0xD8, 0xD6, 0x55, 0x1E, 0x17, 0xB2, 0x96, 0x03, 0xE8,
    0xA9, 0xD0, 0x07, 0xA7, 0x0B, 0xCE, 0x7B, 0x9E, 0x37, 0xE9, 0x25, 0x41, 0xA7, 0x9B, 0xC3, 0xFD,
    0x84, 0x08, 0xC7, 0x1F, 0x4F, 0xB7, 0xB8, 0xB7, 0xC5, 0x2B, 0x36, 0x13, 0x5E, 0x98, 0xD9, 0x44,
    0x36, 0xD8, 0x63, 0x47, 0xC2, 0x46, 0x71, 0x69, 0xCD, 0x8E, 0x77, 0xCD, 0xFE, 0xF7, 0xE4, 0x8E,
    0xE1, 0x1D, 0xB9, 0x4D, 0xBA, 0x4F, 0x7A, 0xD3, 0xF1, 0x7D, 0x43, 0x55, 0xB5, 0xAC, 0xB1, 0x3F,
    0x69, 0xC1, 0xB0, 0x03, 0xFD, 0x7E, 0xCD, 0x79, 0x7F, 0x82, 0x30, 0xF2, 0xB1, 0x56, 0x3C, 0x81,
    0x80, 0x4F, 0xD8, 0xED, 0x71, 0x09, 0xCA, 0x27, 0x40, 0xB4, 0x07, 0xE5, 0xDC, 0xA5, 0xA8, 0xA6,
    0x13, 0xE3, 0xF9, 0x0C, 0x51, 0x13, 0x56, 0x7D, 0xD4, 0x04, 0xD5, 0xDF, 0x2D, 0x3E, 0xA7, 0x9F,
    0x00, 0x48, 0xF6, 0xC3, 0x88, 0x3C, 0x32, 0x19, 0x0D, 0x36, 0x80, 0xE7, 0xC0, 0x7D, 0xF1, 0x6F,
    0x8E, 0x3A, 0x16, 0xDC, 0x60, 0x9A, 0x13, 0x26, 0xF8, 0xFB, 0xBC, 0x70, 0x91, 0x60, 0x8E, 0x46,
    0x6E, 0x86, 0x79, 0x78, 0x5A, 0xDD, 0x39, 0x6C, 0xB0, 0x42, 0xEC, 0x48, 0x8C, 0x42, 0xDB, 0xA7,
    0x46, 0xF8, 0x69, 0x7C, 0x16, 0xA2, 0x51, 0x4D, 0x2D, 0xF9, 0x9C, 0xB5, 0xCC, 0x33, 0x39, 0x0B,
    0x67, 0xBC, 0x57, 0xDE, 0x40, 0x53, 0x68, 0x64, 0xF4, 0x99, 0x8C, 0xC0, 0xAC, 0x23, 0x3E, 0xE7,
    0x68, 0xDF, 0xF9, 0x17, 0x63, 0xB8, 0xBC, 0x2A, 0x1C, 0x6A, 0xEE, 0x79, 0x56, 0xE6, 0x97, 0x26,
    0xB5, 0x78, 0xA3, 0x0B, 0x98, 0x07, 0x03, 0x5E, 0xE1, 0x20, 0x48, 0x18, 0xC4, 0xAB, 0xB6, 0x6F,
    0x4A, 0xF6, 0x91, 0x78, 0x11, 0x4E, 0x25, 0x9F, 0x1E, 0x3F, 0xEC, 0xC5, 0x3E, 0x7B, 0xBC, 0xB0,
    0xA4, 0x10, 0x77, 0x93, 0x8B, 0x24, 0x1F, 0xF6, 0x50, 0xD1, 0x7F, 0xF2, 0x7E, 0x80, 0xA9, 0xAD,
    0x11, 0xD8, 0x82, 0x3E, 0x66, 0xEA, 0x2B, 0x03, 0x9B, 0x8C, 0x6B, 0x8E, 0xC2, 0xF9, 0x3B, 0xE5,
    0x1C, 0xD5, 0x74, 0x41, 0x4D, 0xC4, 0x34, 0x5B, 0x58, 0xDF, 0x28, 0xFF, 0x2A, 0x72, 0x63, 0x94,
    0x5E, 0x3B, 0x99, 0x7E, 0x6A, 0x72, 0x75, 0xAE, 0x20, 0x37, 0xE6, 0xC2, 0x21, 0x28, 0x55, 0x25,
    0xBE, 0x5A, 0x08, 0x8A, 0x23, 0x5F, 0xC7, 0xC2, 0xBE, 0xA9, 0xD2, 0x35, 0x8C, 0xEC, 0x40, 0x7E,
    0x72, 0x36, 0x8F, 0x98, 0x33, 0xF3, 0x02, 0xCF, 0x90, 0xCD, 0x37, 0x54, 0x5B, 0x55, 0x94, 0xF4,
    0xCC, 0x5C, 0x4A, 0x86, 0xCD, 0x77, 0x80, 0xC9, 0x83, 0x46, 0x98, 0x9B, 0x51, 0xCB, 0x9C, 0x9C,
    0x81, 0x1A, 0xBB, 0xE0, 0xA0, 0x44, 0x9A, 0x09, 0xB3, 0x34, 0xEC, 0x8D, 0x67, 0x9D, 0x84, 0x71,
    0xA0, 0x9A, 0xAC, 0x2A, 0x7B, 0xAA, 0xB4, 0x5D, 0xAA, 0xA4, 0x59, 0xD6, 0x82, 0x85, 0x94, 0x55,
    0x0A, 0xE7, 0xB3, 0x32, 0xFD, 0xAF, 0x40, 0x0B, 0x3B, 0x8E, 0xB3, 0xB1, 0x49, 0x9E, 0x23, 0x6F,
    0x91, 0x49, 0x52, 0x16, 0x30, 0x67, 0x00, 0xE3, 0x57, 0x60, 0x31, 0xB0, 0x74, 0x60, 0xF4, 0x61,
    0x07, 0xFE, 0x3B, 0x9D, 0xCE, 0x2F, 0x1A, 0x71, 0x15, 0x23, 0x6B, 0xC6, 0xB9, 0x6A, 0xA4, 0x9B,
    0x3F, 0x4B, 0xF6, 0x02, 0xE8, 0xD7, 0x3D, 0x55, 0x6B, 0xAB, 0x9E, 0x8E, 0x35, 0x96, 0x0C, 0x29,
    0xD5, 0xBD, 0x98, 0xEA, 0x4E, 0x24, 0x4E, 0xBE, 0x75, 0x86, 0x75, 0xF2, 0xE3, 0x10, 0x7C, 0xCC,
    0x07, 0x2D, 0xE5, 0x49, 0xE2, 0x37, 0x6B, 0x71, 0xAD, 0x88, 0xF8, 0x15, 0xE8, 0x09, 0x8D, 0x73,
    0x1D, 0xFF, 0x94, 0x43, 0x4F, 0xE6, 0x3C, 0x73, 0xC9, 0x9C, 0xB5, 0x2D, 0x59, 0xBD, 0x8C, 0x52,
    0xC4, 0x05, 0x55, 0x92, 0x59, 0x45, 0xCA, 0x5D, 0xAB, 0xEE, 0x3C, 0x67, 0x97, 0xA3, 0xA3, 0xBF,
    0x41, 0x1F, 0xCD, 0x90, 0xA5, 0xC9, 0x76, 0xA5, 0x48, 0x17, 0x45, 0xB9, 0x4D, 0xBE, 0x68, 0xDB,
    0xDC, 0x54, 0x5B, 0xC0, 0x56, 0xBE, 0x0E, 0xA9, 0x2A, 0x91, 0xF1, 0xC7, 0x25, 0x54, 0xCF, 0x00,
    0x2D, 0x36, 0x26, 0xF3, 0x9E, 0x6D, 0x58, 0x6B, 0x10, 0xF4, 0x06, 0x3E, 0x31, 0xCC, 0xEF, 0x08,
    0xB6, 0x41, 0x49, 0xBB, 0xC1, 0x1C, 0x01, 0xB6, 0xAE, 0x06, 0x8D, 0x1C, 0x75, 0x76, 0x16, 0x4D,
    0x62, 0x36, 0xFF, 0x9C, 0x6D, 0xEE, 0x7B, 0xFD, 0xF4, 0xEC, 0x2F, 0xD6, 0xC7, 0xF0, 0xB3, 0x6A,
    0x63, 0xB6, 0xC1, 0xEF, 0x82, 0xD1, 0xEC, 0xD3, 0xF5, 0xE6, 0x4D, 0xC1, 0xD9, 0xD1, 0x80, 0x74,
    0x67, 0xB3, 0x65, 0x2F, 0x3D, 0x9D, 0xE2, 0xF7, 0x5D, 0x3B, 0xBD, 0xA0, 0x5E, 0xCF, 0x54, 0x98,
    0xF1, 0xBB, 0xF8, 0x31, 0x42, 0x53, 0x1C, 0x7E, 0x66, 0x3E, 0xE7, 0xEF, 0x52, 0xFC, 0x06, 0xA4,
    0xF8, 0xC5, 0x74, 0x86, 0x2F, 0x92, 0xE2, 0xF7, 0xF5, 0x02, 0xF3, 0x01, 0x8B, 0xF1, 0x16, 0xF0,
    0x59, 0xED, 0x8F, 0x01, 0x03, 0xF3, 0xEA, 0x8A, 0x31, 0xBC, 0x73, 0x6A, 0x20, 0x77, 0x81, 0xD7,
    0xCE, 0x0B, 0xCC, 0x13, 0x90, 0x90, 0x1D, 0xA4, 0x2D, 0x62, 0x20, 0x29, 0x8C, 0x53, 0x91, 0x17,
    0xAB, 0x99, 0x1E, 0x22, 0xCF, 0x05, 0x6B, 0x93, 0xCC, 0x93, 0x5B, 0xFB, 0x79, 0x73, 0xDD, 0xF8,
    0xFE, 0xC8, 0x6C, 0x7B, 0xBB, 0xEB, 0x17, 0xE8, 0xC6, 0x5F, 0x72, 0x26, 0x07, 0x5B, 0xE0, 0x12,
    0xC0, 0xBB, 0x4B, 0x5C, 0xCF, 0x45, 0xC2, 0x10, 0x36, 0x0E, 0xD3, 0x7F, 0xCD, 0xF2, 0x3F, 0xF3,
    0x3F, 0x1A, 0x75, 0x12, 0x17, 0x9B, 0x31, 0x5D, 0x4C, 0x7C, 0x78, 0x77, 0x4B, 0x0D, 0xFB, 0xD0,
    0xC3, 0x23, 0xEB, 0x4A, 0xDC, 0x84, 0x06, 0x0C, 0x41, 0x68, 0x65, 0x30, 0xA1, 0xFB, 0x7E, 0x9F,
    0x97, 0x23, 0xF3, 0xC8, 0x21, 0xFB, 0x5A, 0xC4, 0x29, 0xF0, 0x43, 0x40, 0x0C, 0xBE, 0x9B, 0x49,
    0xF8, 0xB9, 0xF6, 0x74, 0x1A, 0x0D, 0xFE, 0x86, 0xFE, 0xD2, 0x6A, 0x78, 0x9F, 0xE8, 0x0C, 0x54,
    0x0B, 0x07, 0x11, 0xB1, 0xC8, 0x66, 0xE4, 0x73, 0xAA, 0xD2, 0x43, 0xC6, 0xDA, 0x3A, 0xA0, 0x92,
    0xDF, 0x86, 0x89, 0x1E, 0xD3, 0x76, 0xA2, 0x47, 0x3F, 0x4F, 0xF4, 0xE8, 0xC5, 0x8A, 0x2D, 0xD1,
    0x32, 0xD4, 0x25, 0xFB, 0xDF, 0xC8, 0xA3, 0xEB, 0x4D, 0x04, 0x78, 0x32, 0x27, 0x02, 0x54, 0x2E,
    0x11, 0x60, 0x7F, 0x48, 0x7E, 0xA5, 0x03, 0xA7, 0x37, 0x85, 0xFC, 0xEC, 0x13, 0x1A, 0xB9, 0x71,
    0x59, 0x4C, 0x59, 0x48, 0xD7, 0x40, 0x25, 0x01, 0x6E, 0xB1, 0x4B, 0xEA, 0x30, 0xAD, 0xA7, 0xB7,
    0x14, 0x40, 0x27, 0x8C, 0xBC, 0xB3, 0x7C, 0x2C, 0x2C, 0xEF, 0xA2, 0x15, 0xCA, 0xEC, 0x87, 0xF0,
    0xD8, 0xD3, 0x4F, 0x4E, 0x38, 0x79, 0xAC, 0xC5, 0x95, 0x66, 0x2E, 0x08, 0xE0, 0xEF, 0xD0, 0x2C,
    0x40, 0xB9, 0xBA, 0x9C, 0x86, 0xA3, 0x82, 0x2D, 0xAC, 0xDD, 0x5C, 0xAE, 0xCE, 0xCD, 0x03, 0x9A,
    0xBE, 0x3A, 0x18, 0x22, 0x0C, 0x0E, 0x59, 0xF2, 0x74, 0xC1, 0xDB, 0x96, 0x57, 0x1C, 0xA1, 0xB9,
    0x8F, 0x27, 0x7F, 0x42, 0x84, 0x66, 0x12, 0xDC, 0xAB, 0xC0, 0xDD, 0x73, 0xF0, 0x7D, 0x63, 0x28,
    0xE3, 0x83, 0xB0, 0xB4, 0xAD, 0x31, 0x54, 0xAC, 0x0D, 0xAE, 0x73, 0xE4, 0xB5, 0xF4, 0x60, 0xD0,
    0x1A, 0xFE, 0x7D, 0x54, 0x83, 0x49, 0x05, 0xE6, 0x02, 0x4E, 0xE0, 0x7F, 0x0D, 0xB4, 0x52, 0x4B,
    0xF6, 0x76, 0x0F, 0x8F, 0x2A, 0x99, 0x16, 0x60, 0x52, 0x83, 0x51, 0xBB, 0xFB, 0x9B, 0x9B, 0x11,
    0x14, 0x65, 0x95, 0x5E, 0x2E, 0xE7, 0x04, 0x8C, 0x0F, 0xF5, 0x4F, 0xCA, 0x41, 0xF5, 0x0D, 0x1D,
    0x8E, 0x7A, 0xAF, 0xAC, 0x91, 0xBD, 0x24, 0x61, 0x5B, 0x8F, 0xA6, 0xDE, 0xFB, 0xA7, 0xC1, 0xE0,
    0x9F, 0x5B, 0x63, 0x87, 0xCF, 0x9A, 0x6D, 0x96, 0x53, 0x63, 0xF6, 0xFD, 0x6B, 0x87, 0x03, 0x38,
    0x5A, 0x4F, 0xE6, 0xC3, 0x59, 0x29, 0x73, 0x35, 0x18, 0x63, 0x8E, 0x65, 0x04, 0x3B, 0x04, 0xEA,
    0xB1, 0x7A, 0x4B, 0xB5, 0x45, 0xAD, 0xC0, 0x4A, 0xC2, 0x25, 0x0C, 0xF3, 0x1A, 0x73, 0x1D, 0xA2,
    0xDA, 0xB0, 0x4F, 0x2A, 0xEC, 0x49, 0x05, 0x9C, 0x40, 0x8F, 0x59, 0x77, 0x3F, 0xED, 0x0C, 0x71,
    0xA5, 0x24, 0xF7, 0xF4, 0x38, 0xBA, 0x19, 0x41, 0x51, 0x32, 0xAD, 0xC0, 0xA4, 0x06, 0xA3, 0x76,
    0x91, 0x84, 0x3C, 0xE1, 0x25, 0x9A, 0x31, 0x65, 0xBC, 0x27, 0x87, 0xDD, 0xC0, 0xC0, 0x0F, 0xD6,
    0x03, 0x03, 0xB9, 0x2A, 0x30, 0x6D, 0xF7, 0x6D, 0x8E, 0x1F, 0xF8, 0x7D, 0xA8, 0x9D, 0x79, 0xA7,
    0xF7, 0xCD, 0xBE, 0x71, 0x76, 0xEF, 0xFC, 0xD6, 0xC0, 0xE6, 0x6F, 0x56, 0x0E, 0xD3, 0x49, 0x2D,
    0xE6, 0xC3, 0x2D, 0x8E, 0x76, 0xF3, 0xE7, 0x64, 0x02, 0x4A, 0x09, 0x98, 0x58, 0x82, 0xB0, 0x9D,
    0x41, 0x34, 0x1C, 0xDA, 0x1C, 0xA8, 0x5C, 0x9B, 0x9B, 0x28, 0x4C, 0x1B, 0x6B, 0x63, 0x78, 0x63,
    0x92, 0xD3, 0xB0, 0xDD, 0xF4, 0x60, 0xD0, 0xCA, 0x23, 0x0E, 0x5A, 0x09, 0x07, 0xB2, 0xF0, 0x2C,
    0xD8, 0xAA, 0xD5, 0x32, 0x9B, 0xF7, 0x73, 0x24, 0x8C, 0xCF, 0x0C, 0xE8, 0xF7, 0xA0, 0x37, 0x0A,
    0x5D, 0x73, 0xE1, 0x18, 0x1A, 0xE3, 0xF2, 0x49, 0xB7, 0xEB, 0xDA, 0xB8, 0x44, 0x5A, 0xDF, 0xE5,
    0xD1, 0xC6, 0xF5, 0x25, 0x94, 0x1A, 0xD9, 0x29, 0x4C, 0x1F, 0xBA, 0xC4, 0x5F, 0xE1, 0x34, 0xA2,
    0x27, 0xAE, 0x48, 0x95, 0x53, 0xCB, 0xFC, 0xE5, 0xE8, 0x3C, 0x15, 0x5A, 0x15, 0x54, 0xCF, 0x37,
    0x61, 0x07, 0x66, 0xCB, 0x56, 0x5D, 0x9B, 0x68, 0xC1, 0x70, 0xC1, 0x80, 0xDC, 0x14, 0xB0, 0x30,
    0xE7, 0x1B, 0xF1, 0x42, 0xD0, 0x1E, 0x57, 0xD4, 0xF6, 0x6A, 0x3D, 0xA7, 0xE5, 0x69, 0xFD, 0xC8,
    0x69, 0xD9, 0xAB, 0xD5, 0xC8, 0x52, 0xD3, 0xDC, 0xEE, 0xF8, 0x25, 0x34, 0xCD, 0xDE, 0x88, 0xB3,
    0x7B, 0xB1, 0xD5, 0xC6, 0x9E, 0xC7, 0xAA, 0x9D, 0x4D, 0xF6, 0xE9, 0x60, 0x51, 0xA3, 0x68, 0x10,
    0xCF, 0x2A, 0x59, 0xAB, 0x07, 0xD6, 0xAC, 0xB4, 0xE8, 0x4E, 0xF1, 0xD8, 0x97, 0x28, 0x76, 0x7A,
    0xE7, 0x38, 0x35, 0xCF, 0xE7, 0x42, 0x8F, 0x18, 0xD7, 0x72, 0x8B, 0x7E, 0xD8, 0x68, 0x97, 0x60,
    0x12, 0xEF, 0xDB, 0xEA, 0x6A, 0x8A, 0xE9, 0x2B, 0x6A, 0x2D, 0x35, 0xA3, 0x56, 0x6D, 0xA8, 0x4D,
    0x2C, 0x94, 0x5A, 0x82, 0xC1, 0x7E, 0x6E, 0xE3, 0xB4, 0x8C, 0x4E, 0x4F, 0x5F, 0xA2, 0x47, 0x84,
    0xD4, 0x26, 0xF1, 0xD8, 0xD2, 0xE1, 0xF7, 0xAD, 0xC6, 0x51, 0x48, 0xDC, 0x52, 0x05, 0x5A, 0x3B,
    0x9D, 0x89, 0x9B, 0x30, 0x7A, 0xEC, 0xE2, 0xA8, 0x73, 0x60, 0xF5, 0xC8, 0xE8, 0x27, 0x42, 0x9B,
    0x24, 0xD5, 0x3E, 0x5D, 0x36, 0xD4, 0x1F, 0xE9, 0x40, 0xAD, 0x9F, 0x4D, 0xD4, 0xBD, 0x28, 0x75,
    0x2D, 0xA5, 0xFB, 0x7C, 0xBE, 0x5F, 0x77, 0x92, 0xD6, 0x46, 0xA3, 0x89, 0x19, 0x17, 0x9A, 0xB2,
    0x57, 0x97, 0x4E, 0x8F, 0x56, 0x85, 0x83, 0xD5, 0x51, 0xEB, 0x74, 0x21, 0x3B, 0xF9, 0x19, 0x19,
    0x2A, 0x55, 0x3A, 0x2D, 0xC6, 0x42, 0xFC, 0x11, 0x71, 0x03, 0xBA, 0xEC, 0xDA, 0x22, 0xFE, 0xAC,
    0x27, 0xA8, 0x63, 0x99, 0x90, 0xCD, 0x58, 0x65, 0x99, 0xA5, 0x05, 0x92, 0x80, 0x8B, 0xB4, 0x88,
    0x6B, 0xA6, 0x0B, 0x27, 0x95, 0x51, 0x39, 0x54, 0x32, 0xFF, 0xE4, 0x8E, 0xB9, 0x4F, 0xF2, 0xF7,
    0x72, 0x89, 0x6B, 0xE6, 0x0D, 0xA3, 0x7F, 0xEB, 0x8D, 0x12, 0xF6, 0xDE, 0x84, 0x31, 0xE4, 0x49,
    0xCA, 0x93, 0xE6, 0x6D, 0xD1, 0x27, 0xA9, 0xFE, 0x02, 0xF6, 0xE2, 0x2D, 0xB4, 0x51, 0xDC, 0x07,
    0x58, 0xFF, 0x00, 0x81, 0xC9, 0xD8, 0xC6, 0x75, 0xC1, 0x60, 0xCA, 0x5E, 0xC2, 0x8E, 0x50, 0xF9,
    0x87, 0x75, 0x90, 0x5C, 0xCA, 0xD7, 0x55, 0x4A, 0xC1, 0x9C, 0xCC, 0x09, 0xED, 0x5B, 0x01, 0x26,
    0xD5, 0xB4, 0xE9, 0x49, 0x84, 0x8A, 0x4B, 0x0F, 0xFB, 0x73, 0x7C, 0x86, 0x31, 0xD2, 0x49, 0xE2,
    0x26, 0xFD, 0x70, 0x90, 0x70, 0x8C, 0xF4, 0xF3, 0x6A, 0xA3, 0x6E, 0x21, 0x1F, 0x7A, 0xFD, 0xEF,
    0xE0, 0x8C, 0xD7, 0x36, 0xF9, 0x2E, 0xCD, 0x00, 0x99, 0x91, 0xAC, 0x21, 0x7B, 0x73, 0xE9, 0x1E,
    0xB9, 0x5C, 0xBA, 0xF5, 0xB6, 0x1E, 0xF6, 0x7F, 0x77, 0x95, 0x4B, 0xE7, 0xB7, 0xB2, 0xDB, 0x1A,
    0xBB, 0x79, 0xF7, 0xBF, 0xF9, 0xA9, 0x7F, 0x93, 0x83, 0xC8, 0x63, 0xE2, 0x1C, 0x57, 0xF0, 0xD6,
    0xD5, 0x66, 0xFD, 0x31, 0xC0, 0xAA, 0x9D, 0x83, 0x6C, 0xB6, 0xF0, 0x00, 0xD9, 0xE1, 0x81, 0xD0,
    0xF3, 0xCC, 0x38, 0xB7, 0xAB, 0x86, 0xB7, 0xAA, 0x55, 0xD0, 0x59, 0x97, 0x09, 0x76, 0xF3, 0x46,
    0x8E, 0xBD, 0x2B, 0x1B, 0x98, 0x3C, 0x8B, 0x69, 0xEA, 0x94, 0xDD, 0xAB, 0xF7, 0xC1, 0x76, 0xE0,
    0x02, 0x48, 0xFD, 0x6E, 0x3E, 0xA1, 0x36, 0x60, 0xE9, 0xA6, 0x1C, 0x92, 0xD9, 0x7E, 0xBA, 0x9B,
    0x29, 0xD2, 0xC1, 0x92, 0xE1, 0xD5, 0x93, 0x09, 0xC3, 0xAC, 0x93, 0xE9, 0xF7, 0x1C, 0x75, 0x0C,
    0x01, 0xD8, 0xD0, 0x2A, 0x23, 0xAB, 0xEC, 0x3D, 0xE5, 0x92, 0x33, 0xAC, 0x3A, 0x8F, 0xFC, 0x55,
    0x3D, 0x62, 0xAA, 0x1C, 0xF9, 0x33, 0x08, 0xBE, 0xE0, 0xF0, 0x5F, 0x85, 0x22, 0x19, 0x88, 0x66,
    0x00, 0x4B, 0xB5, 0x07, 0x37, 0xF4, 0x3E, 0xCE, 0xDE, 0x01, 0xED, 0xA5, 0x2D, 0x52, 0x2D, 0x2C,
    0xF2, 0xF9, 0xCA, 0x22, 0x64, 0x0D, 0xA8, 0x56, 0x96, 0xD7, 0x69, 0x91, 0x92, 0xD3, 0x27, 0x80,
    0x0B, 0x5A, 0xE4, 0x00, 0x26, 0x5A, 0xDE, 0xE7, 0x14, 0xCB, 0x89, 0xD4, 0x45, 0x63, 0x90, 0xEF,
    0x49, 0x1E, 0xBD, 0x75, 0xB5, 0xD9, 0x99, 0x9A, 0x21, 0x3B, 0x73, 0xD0, 0xCA, 0x40, 0x8C, 0x10,
    0xA7, 0x00, 0x2F, 0xF1, 0x3D, 0xE0, 0x0E, 0xF0, 0x0A, 0x17, 0x10, 0x30, 0xB7, 0x50, 0x6A, 0x93,
    0xD0, 0x0A, 0xA7, 0xB3, 0xBB, 0x32, 0xF9, 0xF0, 0x87, 0xEF, 0xC8, 0xB4, 0x81, 0xBE, 0x2D, 0x93,
    0xE7, 0xB4, 0x40, 0x8B, 0xD1, 0xF2, 0x4D, 0x6A, 0x4F, 0x8F, 0xCD, 0x6C, 0xBD, 0x42, 0x12, 0x85,
    0xD4, 0x5B, 0x4D, 0x89, 0x9C, 0x0E, 0x9D, 0x0E, 0x9C, 0xF6, 0xF7, 0x68, 0xBB, 0xDC, 0x4E, 0x3C,
    0x4A, 0x69, 0x54, 0xE2, 0xD4, 0x13, 0x39, 0x8D, 0x9A, 0xD3, 0xA4, 0x82, 0xBA, 0x67, 0xD5, 0xED,
    0xC4, 0x86, 0x12, 0xBE, 0x8E, 0x8A, 0xCD, 0x70, 0xFA, 0xBF, 0x88, 0xA7, 0x90, 0xCC, 0x29, 0x81,
    0x24, 0x2B, 0x15, 0x5B, 0x15, 0xAD, 0xD4, 0xCD, 0x03, 0x98, 0xCB, 0x3A, 0x81, 0xAA, 0xBD, 0x25,
    0x0F, 0x90, 0x1E, 0x29, 0xCF, 0xF2, 0x11, 0xF3, 0x6F, 0x85, 0x09, 0xB8, 0xC2, 0x0C, 0x5C, 0x61,
    0xBA, 0xED, 0x5E, 0x7A, 0x0A, 0xBA, 0x39, 0x8F, 0x29, 0xE9, 0x52, 0x71, 0xB9, 0x7F, 0xCD, 0xF8,
    0x89, 0x01, 0xFB, 0x38, 0x24, 0x0F, 0xEC, 0x61, 0x48, 0x6E, 0xB2, 0x6D, 0xB4, 0x82, 0x36, 0xAC,
    0x12, 0xEB, 0xC7, 0x4E, 0x02, 0x8E, 0x4F, 0xF1, 0x06, 0x19, 0x81, 0x03, 0xB8, 0x21, 0x3D, 0x8D,
    0xD0, 0x1F, 0xD4, 0xCF, 0xCA, 0x91, 0x25, 0x64, 0x2A, 0x48, 0xCF, 0x87, 0x50, 0xCE, 0xA7, 0x47,
    0x8A, 0xA5, 0x37, 0x81, 0x70, 0xDF, 0x18, 0x85, 0x9E, 0xED, 0x53, 0x39, 0xFB, 0xF4, 0xBB, 0x9E,
    0x3F, 0xF9, 0x7B, 0x4F, 0xD1, 0x53, 0x50, 0xAC, 0x2B, 0x9F, 0x92, 0x37, 0xF4, 0x2D, 0x43, 0xE1,
    0x7E, 0x47, 0xB1, 0x8C, 0x5D, 0x14, 0xD1, 0x12, 0xE1, 0x59, 0x7B, 0x52, 0x16, 0xA0, 0xB1, 0x31,
    0xBB, 0x0B, 0xB0, 0x74, 0x99, 0x5C, 0x05, 0xC9, 0x2C, 0xA4, 0xB8, 0x95, 0x6D, 0x4F, 0xDF, 0xEF,
    0x2F, 0xC4, 0x60, 0xDC, 0x2D, 0xA2, 0x68, 0x5F, 0x27, 0x28, 0x88, 0x02, 0x47, 0x40, 0xB8, 0x1F,
    0x49, 0x2F, 0xE1, 0x17, 0xCC, 0x68, 0xFD, 0x1F, 0x2D, 0xC2, 0xC9, 0x4E, 0x72, 0x4B, 0x2E, 0x91,
    0xCF, 0x12, 0xC1, 0xC9, 0x57, 0xDD, 0xE8, 0x44, 0x60, 0x81, 0xB4, 0x4F, 0x0C, 0xC4, 0x8D, 0x01,
    0x46, 0xF6, 0xAE, 0x4E, 0x3B, 0x3A, 0xDF, 0x5A, 0xE0, 0xE5, 0x4D, 0x68, 0x26, 0x7E, 0x1F, 0xC6,
    0x48, 0x9A, 0xD4, 0xEF, 0x61, 0xDC, 0xBB, 0x61, 0x07, 0xF5, 0xBE, 0x0D, 0x12, 0xE4, 0x6F, 0x41,
    0x75, 0xA9, 0x42, 0xBA, 0xD8, 0xAA, 0x8D, 0x55, 0xF6, 0x3F, 0x81, 0xC3, 0x54, 0x41, 0x2F, 0xCE,
    0xB2, 0x54, 0x13, 0x95, 0x68, 0xC6, 0xF4, 0xA7, 0xB2, 0x11, 0x26, 0x2C, 0xE8, 0x43, 0x2D, 0x44,
    0x42, 0xDE, 0x5A, 0x6E, 0xB6, 0x2B, 0x73, 0x00, 0x18, 0xF8, 0x2C, 0xDC, 0xBF, 0xF0, 0x05, 0x1F,
    0xBE, 0xBF, 0x29, 0x88, 0x37, 0xC9, 0xE3, 0xA8, 0x11, 0x95, 0x91, 0xDD, 0x93, 0x09, 0xF3, 0x80,
    0xEC, 0x44, 0xE6, 0x2C, 0x25, 0x37, 0xA5, 0xC9, 0x70, 0xD8, 0x7A, 0x34, 0xD5, 0x8E, 0x49, 0x03,
    0x46, 0x9D, 0xBC, 0x8C, 0x87, 0xEC, 0x2F, 0x95, 0x66, 0x18, 0x79, 0x73, 0xD4, 0xEE, 0x8C, 0x5F,
    0x6E, 0xA0, 0x6C, 0x65, 0xA0, 0xFA, 0xE2, 0x06, 0xF2, 0xCC, 0x94, 0xEB, 0xE3, 0xE3, 0x07, 0x97,
    0x31, 0xD0, 0x74, 0x9E, 0x81, 0x42, 0xD7, 0x53, 0x6C, 0x96, 0xCA, 0x77, 0xAA, 0x5E, 0x2A, 0x2B,
    0xE1, 0xD6, 0x94, 0xB2, 0x30, 0xE5, 0x7B, 0x34, 0xE5, 0x29, 0x4D, 0x39, 0x58, 0x53, 0x96, 0x1F,
    0xBF, 0x93, 0x67, 0xC9, 0xFF, 0x6D, 0xCA, 0x78, 0x9F, 0x29, 0x53, 0xAD, 0x77, 0xB5, 0x64, 0xB7,
    0xA0, 0x2D, 0xAD, 0xE5, 0x83, 0x2B, 0x5D, 0x9E, 0x74, 0x16, 0x8E, 0xA5, 0x50, 0xB6, 0x6F, 0xCA,
    0x5F, 0x76, 0xD4, 0x92, 0xCC, 0x9F, 0xDC, 0x7C, 0x20, 0x4B, 0xF9, 0xAD, 0x5D, 0xAA, 0xCB, 0xCD,
    0x26, 0x9C, 0xE7, 0x13, 0xCE, 0x33, 0x0A, 0xDD, 0x9C, 0xC2, 0xFD, 0xB3, 0x0A, 0xAD, 0x1C, 0xDA,
    0xA4, 0xCE, 0x3D, 0x03, 0x14, 0x36, 0x6F, 0xA2, 0xDE, 0x05, 0x5E, 0x73, 0x01, 0x27, 0xD0, 0x4D,
    0x05, 0xEF, 0xC0, 0xA8, 0x59, 0x34, 0x9B, 0x0D, 0xF6, 0xFC, 0xA0, 0x07, 0x37, 0x2E, 0xE4, 0x5A,
    0x80, 0x49, 0xB3, 0x9B, 0x80, 0x6D, 0x5F, 0xDE, 0xB4, 0x08, 0xBA, 0xE7, 0x38, 0xBB, 0xA4, 0x15,
    0xC8, 0xF8, 0xCA, 0x8A, 0xA9, 0x65, 0x06, 0xEA, 0xC2, 0x81, 0xE8, 0xF8, 0xBE, 0xDA, 0xA6, 0x6F,
    0xFE, 0xD9, 0x57, 0x1A, 0xB2, 0xA8, 0xB1, 0xAF, 0xE3, 0x88, 0xFF, 0x6E, 0x6A, 0x72, 0xC1, 0xC0,
    0x0C, 0x53, 0x28, 0x10, 0xAA, 0x6F, 0xF5, 0x99, 0x8C, 0xF5, 0x08, 0x88, 0x6B, 0x57, 0x2C, 0x4F,
    0xE7, 0xFA, 0xC5, 0xAB, 0xE5, 0x00, 0x16, 0xCD, 0x2A, 0xB8, 0x68, 0xD6, 0xA8, 0x8D, 0xE1, 0xF0,
    0xFD, 0x5D, 0xCE, 0x64, 0x4F, 0xB6, 0xA0, 0x6F, 0xD9, 0x90, 0xD5, 0x15, 0x4F, 0x11, 0xAD, 0x39,
    0x25, 0x9E, 0x99, 0xD3, 0x2F, 0xCD, 0xBD, 0xFB, 0x53, 0x60, 0x00, 0x76, 0xEB, 0x07, 0xBE, 0x7D,
    0xFD, 0x4B, 0x64, 0xC5, 0xAC, 0xE1, 0x66, 0x8A, 0xC8, 0xCC, 0x6A, 0xC7, 0x64, 0xD7, 0x7D, 0xFF,
    0x91, 0x66, 0x36, 0x80, 0x06, 0x76, 0x32, 0x87, 0xB7, 0x5F, 0x7F, 0x0E, 0xE1, 0x6D, 0x50, 0x35,
    0xDB, 0xD2, 0xC8, 0x39, 0xAC, 0xB7, 0x05, 0xBC, 0xA9, 0xCC, 0xE7, 0x50, 0x01, 0x3B, 0x91, 0x43,
    0x1D, 0x4C, 0xE8, 0xCE, 0x1B, 0x4C, 0x48, 0x0B, 0xAB, 0x64, 0xA9, 0xEE, 0x5A, 0x75, 0x6F, 0x56,
    0xDF, 0xE0, 0x60, 0x42, 0x71, 0x91, 0x3C, 0xA9, 0xC3, 0x58, 0x08, 0x68, 0xA3, 0xDA, 0x90, 0xED,
    0xF6, 0x09, 0xEF, 0xC8, 0xF6, 0x19, 0x36, 0x22, 0x57, 0x3B, 0x79, 0xF1, 0xA8, 0xA1, 0xFF, 0x36,
    0xA3, 0x92, 0x19, 0x05, 0x90, 0xCD, 0xB8, 0x79, 0xC0, 0x8B, 0xF6, 0xD5, 0xA5, 0x1D, 0xB3, 0x75,
    0x4A, 0x28, 0x8F, 0xAD, 0x1A, 0x56, 0xAA, 0xB7, 0xAA, 0x25, 0xBD, 0xF6, 0x39, 0xCF, 0x7B, 0xAF,
    0x99, 0xCE, 0x33, 0x59, 0x0A, 0xC4, 0x65, 0x9D, 0x2E, 0xD8, 0x91, 0x2E, 0x8D, 0x6A, 0x31, 0x13,
    0xE8, 0xF2, 0xAF, 0xF9, 0x29, 0xC8, 0x2E, 0xBE, 0x08, 0xF4, 0xA1, 0x2D, 0x5A, 0xEC, 0xB7, 0x1C,
    0x81, 0xF6, 0x1B, 0xD9, 0x4C, 0x71, 0xE5, 0xD2, 0x9D, 0xC3, 0xFF, 0x90, 0xA7, 0x85, 0x4B, 0xB5,
    0xC4, 0x8A, 0x7A, 0x1F, 0x4B, 0xB5, 0xC4, 0x05, 0x2A, 0x81, 0x0C, 0x79, 0xEA, 0xEB, 0x00, 0xB2,
    0xCD, 0xD5, 0x52, 0x83, 0xE4, 0xBF, 0x1F, 0x22, 0xAF, 0xDD, 0xEC, 0xCB, 0x65, 0x8B, 0x2C, 0x36,
    0xFB, 0x7E, 0xAD, 0x83, 0x24, 0xFA, 0x1B, 0xAD, 0x42, 0x2D, 0xB4, 0x12, 0xDC, 0xEB, 0x4E, 0x7C,
    0xA6, 0xEB, 0x06, 0x3D, 0x07, 0xF7, 0x3A, 0x94, 0x67, 0xD3, 0x84, 0xC5, 0x81, 0x9A, 0x4E, 0x6C,
    0xED, 0x11, 0x55, 0xD6, 0xA1, 0xF3, 0x7B, 0x03, 0xAF, 0x09, 0x8A, 0x6F, 0xDC, 0x74, 0x1C, 0x68,
    0xE4, 0x68, 0x81, 0x91, 0x6A, 0xD6, 0x88, 0xDA, 0x0E, 0x12, 0x42, 0x7F, 0x81, 0x0C, 0x3E, 0xC4,
    0x73, 0xB1, 0xCC, 0x30, 0x52, 0x94, 0x07, 0x81, 0x24, 0x3F, 0xB7, 0x3A, 0xF5, 0xAD, 0x7E, 0xEC,
    0xF4, 0xC0, 0x65, 0x86, 0x65, 0xD3, 0xBB, 0x8C, 0x90, 0xD6, 0xEA, 0xB0, 0xB1, 0xC7, 0xA3, 0x4F,
    0x1F, 0x52, 0x27, 0xAA, 0xD4, 0xA9, 0xD3, 0xA5, 0xD8, 0xE3, 0x23, 0xF4, 0xA6, 0x76, 0x51, 0xEF,
    0xC6, 0xEF, 0xAC, 0x8E, 0x3A, 0xE1, 0xB2, 0xC4, 0x9C, 0x05, 0xAB, 0xEC, 0xDA, 0x50, 0x7B, 0xE5,
    0x28, 0xF6, 0xFB, 0x06, 0xDE, 0x54, 0xC5, 0x42, 0x40, 0x1F, 0x99, 0x6C, 0xCF, 0x04, 0xC3, 0x6C,
    0x49, 0x93, 0xA0, 0x03, 0x1A, 0xB5, 0x7F, 0x20, 0xD6, 0xDF, 0xB4, 0x21, 0x0F, 0x18, 0xCB, 0xA8,
    0xCD, 0xAA, 0x33, 0x9B, 0x3E, 0xB1, 0x89, 0x17, 0xB6, 0x0C, 0xE5, 0x56, 0x4D, 0x74, 0xED, 0x43,
    0xCD, 0xBC, 0x26, 0x6D, 0xF2, 0xFC, 0xD7, 0x47, 0x6D, 0xA2, 0x63, 0x4C, 0x6F, 0xAB, 0xF1, 0x75,
    0x14, 0x98, 0xF0, 0x25, 0x71, 0x32, 0xC0, 0xEF, 0x9A, 0x8C, 0x92, 0xFC, 0x97, 0xBD, 0x08, 0xA7,
    0xB6, 0x7A, 0x1F, 0xC8, 0xF5, 0x2E, 0xDE, 0xBC, 0xE9, 0x3D, 0xC4, 0x9E, 0xD0, 0x28, 0xE9, 0x9F,
    0x37, 0xB8, 0x57, 0x0B, 0x91, 0x1B, 0xBD, 0x3C, 0x23, 0xB1, 0x66, 0x22, 0x0C, 0x0F, 0xE9, 0x49,
    0xEF, 0x56, 0xDA, 0xAC, 0x04, 0xB1, 0x1A, 0x29, 0x85, 0x73, 0x1B, 0x50, 0x70, 0x07, 0x74, 0xA3,
    0x6D, 0x46, 0x18, 0x51, 0xCD, 0x88, 0x5B, 0xF9, 0x43, 0x09, 0xD1, 0x81, 0x66, 0x99, 0xED, 0xD9,
    0x18, 0x88, 0xF0, 0x38, 0xD3, 0x2A, 0xC7, 0xCE, 0xC0, 0x2E, 0x20, 0x35, 0xFD, 0xA9, 0x36, 0xF0,
    0xAC, 0x93, 0x56, 0x7E, 0x67, 0x1E, 0x51, 0xF5, 0x49, 0x6F, 0x02, 0x45, 0x97, 0xA4, 0xA7, 0x6F,
    0x4F, 0xBF, 0xE5, 0xC7, 0xDC, 0x53, 0x88, 0x28, 0xCF, 0x3E, 0x81, 0xDE, 0x28, 0x89, 0x5B, 0x97,
    0x0C, 0x9E, 0x46, 0x68, 0x3B, 0x42, 0xFA, 0xB7, 0x76, 0xF4, 0x63, 0xE2, 0x85, 0xB2, 0x2A, 0x7F,
    0x07, 0x38, 0x9A, 0x5C, 0xC7, 0x24, 0xC5, 0xB3, 0x75, 0xCB, 0x96, 0x62, 0xB3, 0xCB, 0x7A, 0x23,
    0x4A, 0x9C, 0x7B, 0x75, 0xF9, 0x99, 0x94, 0xB6, 0x37, 0x90, 0x16, 0x38, 0x5F, 0xC5, 0x04, 0xD0,
    0xB8, 0x95, 0x80, 0x9D, 0x44, 0x9E, 0xE5, 0xBB, 0x99, 0x50, 0x68, 0xA3, 0x01, 0x2C, 0x26, 0x72,
    0x34, 0x7C, 0x59, 0x1E, 0x09, 0xE5, 0x60, 0x0D, 0xE3, 0x26, 0x48, 0xA3, 0x0F, 0x89, 0xD8, 0x25,
    0x20, 0x9D, 0x5F, 0xC9, 0x5A, 0xAC, 0x01, 0x03, 0x1A, 0x70, 0x2A, 0x3B, 0x49, 0xB2, 0x60, 0x90,
    0xEF, 0xB8, 0x62, 0x2E, 0x57, 0xC5, 0x36, 0x65, 0xCC, 0x19, 0xCE, 0x72, 0x28, 0x24, 0xE7, 0x3D,
    0x85, 0x82, 0x4D, 0xB6, 0x8F, 0x10, 0xF5, 0x71, 0xE7, 0xD2, 0x89, 0x4A, 0xB5, 0xB5, 0xF5, 0x4A,
    0x7E, 0xE5, 0x77, 0xD4, 0x9C, 0xC2, 0x4F, 0x99, 0xE6, 0x37, 0xF7, 0xBC, 0xE6, 0xFF, 0x47, 0x10,
    0x64, 0x96, 0x54, 0x06, 0xAB, 0xFF, 0x7A, 0xB4, 0xFA, 0x75, 0xAB, 0x6F, 0xC9, 0xA3, 0x6F, 0x51,
    0x10, 0x64, 0x6E, 0x01, 0xEB, 0x65, 0x0B, 0xD8, 0xCE, 0x2D, 0xE0, 0x75, 0xAE, 0xCE, 0x4E, 0x89,
    0xAA, 0x14, 0x7D, 0x55, 0x2E, 0xE1, 0x12, 0x16, 0xAF, 0xC9, 0x52, 0xAE, 0x72, 0x51, 0xAE, 0x97,
    0xDC, 0x77, 0x60, 0x4D, 0x0E, 0xC7, 0xC7, 0x9C, 0x5B, 0xD0, 0x1B, 0x84, 0xAD, 0xFC, 0x98, 0x4E,
    0xBE, 0xCB, 0xB7, 0x9D, 0xBD, 0xD1, 0xEF, 0xF5, 0x36, 0x6E, 0x0A, 0xF4, 0x36, 0x4F, 0x77, 0x7D,
    0xA1, 0x5B, 0x94, 0x32, 0x5F, 0xE8, 0x28, 0x25, 0x2E, 0x14, 0x6D, 0xC2, 0xEE, 0x42, 0x71, 0xCA,
    0x2E, 0x77, 0xDB, 0x1D, 0x89, 0xDA, 0xDB, 0x12, 0x57, 0x2F, 0x4A, 0xEA, 0xC6, 0x67, 0xDD, 0xB2,
    0x14, 0x41, 0x2B, 0x2C, 0x85, 0x9E, 0xE1, 0xA2, 0x2A, 0x39, 0x86, 0x75, 0x43, 0x86, 0x9C, 0x6C,
    0xEF, 0xC8, 0x1B, 0xDD, 0xE6, 0x7E, 0x0E, 0xFA, 0x3F, 0x96, 0xB8, 0x45, 0x6E, 0x7F, 0x8E, 0xA8,
    0x2B, 0xCB, 0x88, 0x5F, 0x5C, 0x2B, 0xCA, 0xB7, 0xF0, 0x2B, 0x5B, 0x62, 0x5E, 0x4F, 0xA2, 0x03,
    0xD9, 0x0B, 0xE5, 0xBA, 0x97, 0x34, 0x5B, 0x55, 0xDA, 0x62, 0xAB, 0x6D, 0x91, 0x0D, 0x15, 0xAB,
    0xEE, 0x6F, 0x9F, 0x9D, 0x97, 0x75, 0x1D, 0x6B, 0x3A, 0xD6, 0x73, 0xAC, 0xE5, 0x0E, 0xC4, 0xDA,
    0x41, 0x93, 0x64, 0xDB, 0x79, 0xA7, 0xB6, 0xBB, 0x50, 0xC5, 0xE2, 0xE4, 0x30, 0x97, 0x80, 0xB7,
    0x32, 0xA2, 0x57, 0x32, 0x05, 0xBD, 0x01, 0x9A, 0xD5, 0x77, 0x37, 0xCD, 0x3E, 0x7F, 0xB0, 0xE5,
    0xE8, 0x0A, 0x5A, 0x2E, 0x95, 0xB8, 0x42, 0x82, 0x9A, 0x4D, 0x41, 0x63, 0x56, 0x9A, 0x24, 0x55,
    0x2E, 0x6B, 0x64, 0x3C, 0xCA, 0xBC, 0x34, 0x74, 0x3A, 0x1A, 0x51, 0x89, 0xC6, 0x70, 0x37, 0x1D,
    0xD6, 0xF9, 0x83, 0x07, 0x3A, 0x07, 0xF8, 0xA2, 0x17, 0xAD, 0xAA, 0xC4, 0x57, 0xBD, 0x68, 0x4A,
    0x38, 0xDF, 0x35, 0xC5, 0xEE, 0xAE, 0x79, 0x59, 0x28, 0x07, 0x6B, 0x18, 0xCA, 0x80, 0x24, 0xA4,
    0x09, 0x4D, 0xFE, 0xC8, 0xA5, 0x9E, 0xCE, 0xB9, 0x6B, 0x38, 0xC0, 0xA9, 0xDA, 0xC1, 0x80, 0x23,
    0x8A, 0xCB, 0xD0, 0x56, 0x5E, 0x24, 0xCE, 0x80, 0x09, 0x10, 0xD7, 0x28, 0xA3, 0x43, 0x26, 0xB1,
    0x3B, 0x80, 0x8F, 0xE0, 0x73, 0xB8, 0x3E, 0x95, 0x70, 0x64, 0x7E, 0x38, 0x53, 0x5F, 0xD7, 0x06,
    0xCC, 0xBD, 0xDE, 0x7D, 0x81, 0x25, 0xF1, 0x9A, 0x0B, 0xCA, 0x5C, 0xEF, 0x22, 0xBF, 0x36, 0xFE,
    0x10, 0x17, 0xA1, 0xB1, 0x33, 0x32, 0xD1, 0x37, 0x75, 0x94, 0xC9, 0x42, 0xAE, 0x72, 0x41, 0x28,
    0xD9, 0xCC, 0x39, 0x01, 0x99, 0x23, 0xE5, 0xA0, 0xBF, 0x28, 0x6C, 0x9E, 0xE3, 0xDA, 0xD9, 0x77,
    0xE7, 0xC9, 0xC9, 0xB4, 0x29, 0x3B, 0x55, 0x5F, 0xBB, 0xA3, 0x27, 0x5E, 0xC9, 0xEC, 0x56, 0x8E,
    0x10, 0x89, 0xDF, 0xD9, 0xAC, 0x8E, 0x01, 0x2E, 0x35, 0x92, 0x3B, 0x50, 0xEA, 0xC7, 0x0C, 0xAC,
    0x04, 0x8D, 0xC1, 0x5B, 0xB8, 0xA7, 0x3F, 0x32, 0x88, 0xFE, 0xAD, 0x70, 0x89, 0xB7, 0x3E, 0x41,
    0xB7, 0x68, 0x98, 0xC1, 0x0E, 0x44, 0xD0, 0xD2, 0xA1, 0x75, 0x81, 0xFC, 0x1F, 0xD1, 0x45, 0x1B,
    0x81, 0x46, 0xB6, 0x12, 0x34, 0xC8, 0xAD, 0xC3, 0x7F, 0x72, 0xA6, 0x5F, 0x47, 0x87, 0x6D, 0xDE,
    0x7D, 0xDF, 0xEF, 0x7A, 0xB0, 0x36, 0x96, 0xE8, 0x0D, 0x06, 0x0C, 0x7E, 0xD1, 0x6E, 0x67, 0xC0,
    0xDF, 0x65, 0x24, 0xFB, 0x34, 0xA1, 0xC3, 0x72, 0x07, 0x7C, 0xE1, 0x3B, 0x87, 0x6D, 0x6F, 0x69,
    0x7F, 0x82, 0x40, 0xD7, 0xFB, 0x6E, 0xB9, 0x82, 0xE0, 0x1F, 0xED, 0x3A, 0x30, 0xB8, 0xB8, 0x9A,
    0xF3, 0xF7, 0x0F, 0xCF, 0xF2, 0xEC, 0xD7, 0x80, 0x4D, 0x9E, 0x81, 0xEC, 0xF9, 0x16, 0xB7, 0x0E,
    0xF5, 0xFB, 0x16, 0x84, 0x12, 0x17, 0x48, 0x2F, 0xAD, 0xD4, 0x21, 0xE2, 0x30, 0xD5, 0x4A, 0x9E,
    0xDF, 0x3A, 0x91, 0xDF, 0xF4, 0xF7, 0xD4, 0xF5, 0x0E, 0xB2, 0x01, 0x3C, 0x40, 0x9E, 0xC2, 0xA3,
    0xAF, 0xB9, 0x04, 0xDB, 0x19, 0x4D, 0xCB, 0x6D, 0x95, 0xA9, 0xBE, 0x69, 0x5D, 0x62, 0xCB, 0x03,
    0xD9, 0x49, 0x92, 0xB9, 0x18, 0x43, 0x35, 0x59, 0x5D, 0x58, 0x1D, 0xCB, 0xBB, 0xB2, 0x93, 0x6F,
    0xFB, 0x17, 0x13, 0x6C, 0x65, 0x08, 0x6C, 0xBF, 0x29, 0x84, 0xF2, 0xAC, 0x92, 0x7F, 0xD8, 0xD4,
    0x72, 0xBE, 0x5C, 0xEF, 0x6A, 0x95, 0xBC, 0x37, 0x77, 0xBE, 0x14, 0x26, 0x7E, 0x20, 0x9A, 0xE5,
    0xAF, 0x21, 0xB2, 0x06, 0xF3, 0x0E, 0x09, 0xC6, 0x57, 0xB8, 0xEF, 0x4B, 0xB0, 0x99, 0x64, 0xDB,
    0x78, 0x3F, 0x95, 0xF5, 0xDF, 0x39, 0xF0, 0x3A, 0x6F, 0x94, 0x9C, 0xF8, 0x54, 0x19, 0x8C, 0xA8,
    0x2A, 0x55, 0x87, 0xDC, 0x6C, 0x89, 0xD9, 0xCC, 0xA7, 0x4F, 0xCD, 0x76, 0xCF, 0x6C, 0xB7, 0xCD,
    0xF6, 0x0A, 0x47, 0x47, 0x74, 0xE0, 0xF6, 0xBD, 0xB3, 0xB7, 0xF9, 0xD7, 0x96, 0x5B, 0xC0, 0xE3,
    0x0D, 0x37, 0x09, 0x17, 0x5B, 0x54, 0x33, 0x57, 0xE0, 0xA6, 0x56, 0x12, 0xD9, 0x35, 0x0A, 0x97,
    0x59, 0xE2, 0x7D, 0x8A, 0xB1, 0xC1, 0x6E, 0x9B, 0x25, 0x2E, 0x5F, 0x3F, 0x4B, 0x3C, 0x7B, 0x3A,
    0x4B, 0x3C, 0x5C, 0x66, 0x89, 0x4F, 0x2C, 0x69, 0x89, 0x7F, 0x87, 0xA4, 0x15, 0x18, 0xD7, 0xBB,
    0x71, 0xA6, 0x60, 0xC1, 0x90, 0x8C, 0xEA, 0x5D, 0x82, 0x4D, 0x0E, 0xC8, 0x2B, 0xCF, 0x61, 0x3D,
    0x5F, 0x29, 0x85, 0xE5, 0x11, 0xDA, 0x6A, 0xAE, 0xDB, 0x9A, 0x65, 0xEB, 0x20, 0xE5, 0xB6, 0xD2,
    0x6D, 0xF6, 0xE4, 0xD9, 0x5F, 0xD8, 0x82, 0x36, 0x14, 0xA2, 0xED, 0x4C, 0xC9, 0x2F, 0x64, 0xC1,
    0xFD, 0x5F, 0x68, 0x04, 0x8B, 0xB4, 0xFB, 0x2D, 0x12, 0x5B, 0x8B, 0xF0, 0x4B, 0x19, 0x06, 0x0B,
    0xCE, 0xAC, 0x92, 0x98, 0x16, 0xC1, 0x85, 0x3E, 0xE6, 0xC2, 0x62, 0x5C, 0xCF, 0x43, 0x54, 0x4A,
    0x5C, 0x52, 0x89, 0x15, 0x8E, 0xFF, 0x17, 0xD5, 0x99, 0x01, 0xA4, 0x25, 0xD7, 0x19, 0x80, 0xBF,
    0x33, 0x67, 0xDF, 0x4E, 0xB3, 0xD3, 0x9A, 0x45, 0x43, 0xD2, 0xE2, 0x16, 0x45, 0xD3, 0x2E, 0x03,
    0x10, 0x6C, 0x33, 0x27, 0x09, 0x82, 0xC2, 0x43, 0x1F, 0x48, 0x69, 0x10, 0x24, 0x4A, 0xB7, 0x08,
    0x20, 0x9B, 0x39, 0x09, 0x00, 0x08, 0x00, 0x81, 0x45, 0x68, 0x6D, 0xB0, 0x05, 0xA4, 0x24, 0x99,
    0xD3, 0x14, 0x00, 0x66, 0x4B, 0x1B, 0x40, 0x27, 0x2D, 0xAD, 0x2A, 0x8C, 0x9A, 0x30, 0x49, 0x67,
    0xE6, 0xEF, 0xFE, 0xE7, 0xBD, 0x3B, 0xB3, 0xCB, 0xB3, 0x56, 0x92, 0xDC, 0x77, 0xEF, 0x71, 0xDF,
    0x77, 0xB9, 0x77, 0x9C, 0x39, 0xFF, 0xF7, 0xFF, 0xCE, 0xFC, 0xEF, 0x5C, 0x38, 0x3A, 0x06, 0xC8,
    0x3B, 0x65, 0x31, 0x28, 0xCB, 0x51, 0xF9, 0x4C, 0xE4, 0x87, 0xB3, 0x72, 0xAC, 0x00, 0x33, 0x94,
    0x0E, 0x92, 0xAE, 0xF4, 0x60, 0xBB, 0x22, 0x40, 0xDA, 0xE6, 0x0D, 0xE4, 0x21, 0x6F, 0x95, 0x59,
    0x07, 0x85, 0xB7, 0x3D, 0x94, 0xD8, 0x11, 0x2A, 0x91, 0x11, 0x6A, 0x91, 0x09, 0xE6, 0xDB, 0xB7,
    0x05, 0x33, 0x82, 0x60, 0x07, 0xA8, 0xBC, 0xED, 0xA0, 0x0C, 0x99, 0x5E, 0xDC, 0x88, 0xF8, 0x54,
    0xE6, 0x7B, 0xCC, 0x64, 0xE6, 0x81, 0x61, 0x22, 0xF3, 0x46, 0x59, 0x74, 0x91, 0xAD, 0x32, 0x0F,
    0x60, 0xEA, 0x19, 0x0A, 0x91, 0x40, 0xF1, 0x45, 0xDD, 0x51, 0xB8, 0xBC, 0x63, 0x43, 0xDA, 0xB3,
    0x41, 0xD7, 0xB0, 0xC0, 0xD4, 0xD2, 0x93, 0xCB, 0x3D, 0x94, 0x5F, 0xBC, 0xD7, 0x53, 0x39, 0xDB,
    0x53, 0xB3, 0x62, 0xD3, 0x53, 0xFE, 0x45, 0x06, 0x0A, 0xF9, 0xAF, 0x84, 0x4C, 0xDE, 0x94, 0xC0,
    0xF1, 0xBA, 0x00, 0x07, 0x68, 0x60, 0xE4, 0xFD, 0x16, 0x69, 0x0B, 0x70, 0xF9, 0xED, 0x55, 0xD5,
    0x93, 0xB5, 0x92, 0x32, 0xF2, 0x0D, 0x45, 0x3A, 0x44, 0x86, 0x65, 0x8E, 0xBD, 0xD4, 0x5C, 0x0C,
    0x8A, 0x79, 0x59, 0xFB, 0x33, 0x10, 0xA7, 0x24, 0x6D, 0x14, 0x81, 0x75, 0xEC, 0x42, 0x77, 0xE2,
    0x94, 0x59, 0x50, 0x16, 0x8D, 0xB2, 0x06, 0xB2, 0xBF, 0xC7, 0x55, 0x8E, 0x0D, 0x20, 0x12, 0x57,
    0xA8, 0x52, 0xB2, 0x46, 0xF3, 0x90, 0x80, 0xDF, 0x47, 0xB9, 0x57, 0x00, 0x36, 0x7E, 0x2B, 0x76,
    0x02, 0x92, 0x1E, 0xB2, 0x4F, 0x1B, 0x0D, 0x05, 0x9D, 0x12, 0x92, 0xA1, 0x08, 0xA4, 0x1A, 0x87,
    0x86, 0xB1, 0x2B, 0xCD, 0x29, 0xCB, 0xDA, 0xC8, 0x5B, 0xB6, 0x73, 0x66, 0xED, 0x18, 0x35, 0x3F,
    0xBD, 0x68, 0x1E, 0xF6, 0x5E, 0xF3, 0x63, 0x00, 0x85, 0x62, 0x13, 0x80, 0xB4, 0x8B, 0xB7, 0x86,
    0xAC, 0x7B, 0x0D, 0x56, 0xCD, 0xA3, 0x6A, 0x6E, 0x77, 0xAC, 0xD9, 0xDC, 0x52, 0xE6, 0xA2, 0xBC,
    0x52, 0x39, 0x80, 0xDC, 0x2B, 0x4B, 0x45, 0x32, 0x29, 0xDE, 0x3A, 0xDD, 0x58, 0x1C, 0x50, 0x4D,
    0x80, 0x99, 0x6B, 0xAF, 0x61, 0xA8, 0x24, 0xEB, 0x4D, 0xB3, 0x87, 0xCA, 0xCD, 0xBB, 0xDB, 0xA8,
    0x2E, 0xDF, 0x08, 0x40, 0xAE, 0xD8, 0x78, 0x5D, 0x3B, 0x24, 0x77, 0x3B, 0x8D, 0xE7, 0x18, 0xCA,
    0x19, 0x98, 0x2A, 0x4F, 0xDA, 0x65, 0x6D, 0x8C, 0x65, 0x47, 0xDE, 0xAF, 0x2A, 0x8C, 0x3C, 0xA7,
    0x06, 0xF5, 0x36, 0x64, 0x9F, 0x88, 0x87, 0x84, 0xA7, 0x88, 0x45, 0xAE, 0x2C, 0x46, 0x0E, 0xA7,
    0xC8, 0xFF, 0xC0, 0xDB, 0x58, 0xF9, 0x57, 0x4B, 0xAA, 0xE1, 0x64, 0xCF, 0x0A, 0x67, 0x23, 0x69,
    0x40, 0x3D, 0x10, 0x6B, 0xC7, 0x4C, 0x95, 0xD3, 0xCA, 0x69, 0xB0, 0x3E, 0xD9, 0x95, 0xEC, 0xC4,
    0xAF, 0xAA, 0xD6, 0x02, 0x26, 0x8B, 0x05, 0xBC, 0xAE, 0x83, 0xC3, 0x6D, 0x32, 0xA2, 0x65, 0xF2,
    0xFB, 0x2C, 0x7B, 0xB5, 0xBC, 0x96, 0xF4, 0x3A, 0x2E, 0xBC, 0x23, 0xE1, 0xDB, 0x91, 0x65, 0xE4,
    0xAC, 0xB0, 0xC3, 0x1A, 0x99, 0x8D, 0x68, 0x6C, 0x50, 0xBB, 0x31, 0x34, 0x91, 0x65, 0xE3, 0xD1,
    0x6E, 0x66, 0x0F, 0xB3, 0x14, 0x03, 0x2A, 0x15, 0xB2, 0x8D, 0x26, 0x6B, 0x01, 0xEB, 0xC0, 0xB6,
    0x36, 0xC4, 0x48, 0x62, 0x20, 0x1A, 0x87, 0x86, 0x71, 0x8B, 0x5D, 0xEE, 0x33, 0x7C, 0x10, 0x29,
    0x91, 0x45, 0x58, 0x77, 0x98, 0x67, 0xDB, 0xED, 0x0A, 0x49, 0xFA, 0xDC, 0x47, 0xD9, 0xAB, 0x4E,
    0xB3, 0x8F, 0xB2, 0x7F, 0xB8, 0xC4, 0x53, 0x2B, 0x8A, 0xE5, 0x81, 0xEA, 0xEE, 0xBA, 0x33, 0xD9,
    0xC3, 0xA9, 0xEC, 0xED, 0x4A, 0x8D, 0xDB, 0x95, 0xEC, 0x87, 0xF7, 0xDA, 0x76, 0x8C, 0x0C, 0x8A,
    0xBB, 0xCF, 0x1F, 0x50, 0x7D, 0xC7, 0x45, 0x15, 0xD3, 0x12, 0x54, 0xB9, 0x0D, 0xC9, 0x8E, 0x8A,
    0x00, 0xF6, 0xD3, 0xE7, 0x2F, 0xB2, 0xC8, 0x6F, 0x1A, 0x0F, 0x46, 0xFE, 0xA3, 0x2B, 0x11, 0x51,
    0x17, 0xBE, 0x06, 0x70, 0xDC, 0x5F, 0xDE, 0xE1, 0x10, 0xCA, 0xFB, 0x2A, 0x80, 0x3C, 0xD7, 0x90,
    0xA8, 0x2F, 0xFB, 0x57, 0x71, 0x18, 0xF7, 0x14, 0xE0, 0xCC, 0x59, 0x79, 0x9B, 0xB5, 0xBC, 0x8B,
    0x69, 0xA7, 0xE5, 0xCD, 0x23, 0x6C, 0xCD, 0x87, 0xFD, 0x18, 0x4D, 0x9A, 0xD4, 0x93, 0x74, 0x59,
    0xC0, 0xCC, 0x95, 0xD3, 0x1B, 0x01, 0x9B, 0x81, 0xBD, 0x7A, 0x82, 0x1E, 0x9D, 0x9C, 0x9C, 0xB8,
    0x5A, 0x44, 0x42, 0xA5, 0xB0, 0x23, 0x99, 0x22, 0x55, 0x58, 0x05, 0x9C, 0x0B, 0x55, 0x77, 0x8A,
    0xE9, 0xE4, 0xE7, 0x9C, 0x7F, 0x1D, 0x49, 0xAB, 0xB3, 0x9C, 0x22, 0x9D, 0x6F, 0xBF, 0xD7, 0xEA,
    0x8D, 0x4E, 0xC1, 0x3A, 0x62, 0x99, 0x9A, 0x09, 0x48, 0xE6, 0x2D, 0x18, 0x81, 0x62, 0xC6, 0x88,
    0xB4, 0xE9, 0x7C, 0xA7, 0xCF, 0x3B, 0xFD, 0x07, 0xD8, 0x4C, 0xA5, 0x67, 0xAE, 0x40, 0x74, 0x8E,
    0xF8, 0x77, 0xFB, 0xF6, 0xED, 0x1A, 0xD0, 0xBF, 0xCA, 0x6B, 0xC6, 0x62, 0x1E, 0xAE, 0xE5, 0xF3,
    0x8B, 0xB3, 0x15, 0x19, 0xA8, 0xC5, 0x63, 0x8E, 0x57, 0x07, 0xAA, 0x40, 0x83, 0xCF, 0x3B, 0x62,
    0xFC, 0xBC, 0x12, 0xA3, 0xF1, 0x90, 0xDC, 0x69, 0x80, 0x54, 0x11, 0xCB, 0xB1, 0x76, 0xC0, 0x10,
    0xD7, 0x77, 0xC1, 0x9A, 0x36, 0x13, 0xE4, 0x02, 0x14, 0xF1, 0x2F, 0x1A, 0xB2, 0x2D, 0xD8, 0x86,
    0x65, 0x7C, 0x9D, 0xAE, 0x32, 0xFF, 0x04, 0x94, 0x9F, 0x7F, 0x00, 0xFA, 0x29, 0x5D, 0xB1, 0x66,
    0xEB, 0x02, 0x4D, 0x3C, 0xC5, 0xB1, 0x91, 0xBB, 0x9D, 0xD5, 0x28, 0x83, 0x04, 0x78, 0x12, 0xE0,
    0x9B, 0x31, 0x00, 0xFC, 0x40, 0xB1, 0xAC, 0x6D, 0xD3, 0xC2, 0x58, 0x3A, 0xAC, 0xFC, 0x02, 0x36,
    0xD2, 0x42, 0xF5, 0xC2, 0x00, 0x23, 0x1F, 0xC0, 0x55, 0x2E, 0x5D, 0x64, 0x7D, 0x58, 0xB6, 0x15,
    0x5B, 0xF8, 0x6D, 0x77, 0x30, 0x82, 0xED, 0x3A, 0xD8, 0x8C, 0x40, 0x25, 0x0E, 0x33, 0x6D, 0x1A,
    0x6C, 0x67, 0x3B, 0x8C, 0xE3, 0x78, 0x35, 0x16, 0x95, 0xA1, 0xCE, 0x50, 0x69, 0xA8, 0x35, 0x54,
    0x1B, 0xEA, 0x0D, 0xBD, 0x07, 0x11, 0xAA, 0x2E, 0x7A, 0x8B, 0x88, 0xF6, 0xA2, 0xBE, 0xE8, 0x0F,
    0x15, 0x48, 0x34, 0x18, 0x15, 0x6E, 0x1D, 0x36, 0xE8, 0x3A, 0x80, 0x64, 0x04, 0xA8, 0x80, 0x71,
    0xE3, 0xB1, 0xF2, 0x82, 0x63, 0x95, 0x38, 0x5C, 0xBC, 0xC4, 0x14, 0xD8, 0x78, 0xC8, 0x5B, 0xB0,
    0x7D, 0x14, 0x68, 0xFB, 0xEB, 0xE4, 0x13, 0x94, 0xE2, 0xB8, 0x27, 0xCF, 0x76, 0x49, 0x67, 0x3C,
    0xC7, 0xDF, 0x40, 0xA9, 0xBD, 0x0A, 0x24, 0xD2, 0x80, 0x79, 0xA7, 0xDB, 0x0A, 0x4B, 0x15, 0x65,
    0x80, 0x97, 0x7F, 0x0A, 0xC9, 0xFC, 0x5D, 0xC8, 0x24, 0x40, 0xF9, 0xB7, 0x0E, 0x66, 0xB5, 0xF9,
    0x7B, 0xAE, 0x5F, 0xA0, 0x2F, 0x7E, 0x07, 0xA4, 0xA7, 0xBB, 0x66, 0x00, 0x32, 0x45, 0xAE, 0x10,
    0x47, 0xD2, 0x0E, 0x90, 0x8D, 0xC7, 0x50, 0x08, 0x20, 0x45, 0xC0, 0x0E, 0x69, 0x47, 0x12, 0xE8,
    0x76, 0x53, 0x79, 0x06, 0xA0, 0x68, 0xAF, 0xEB, 0x67, 0x23, 0x0C, 0x75, 0x07, 0xC7, 0x97, 0x3D,
    0x70, 0x1A, 0xBF, 0x63, 0xAF, 0xCA, 0xEF, 0x26, 0xB7, 0x8C, 0xFC, 0x53, 0x77, 0xB6, 0xC6, 0x86,
    0xDA, 0x03, 0x90, 0xB4, 0x90, 0x0F, 0x50, 0x0A, 0xCC, 0x65, 0xB0, 0x7D, 0xD6, 0xD9, 0x40, 0xFB,
    0xF5, 0x97, 0xDF, 0xCB, 0x68, 0x81, 0x71, 0x6E, 0x81, 0x01, 0xFB, 0xDD, 0x21, 0x44, 0x4B, 0x23,
    0xAB, 0xA5, 0x54, 0x2D, 0x75, 0xAC, 0x63, 0x27, 0x5D, 0x84, 0x79, 0x97, 0x5C, 0xB8, 0x7C, 0xC3,
    0x93, 0x7B, 0x0A, 0x6F, 0x66, 0x8C, 0x56, 0x1C, 0x47, 0x2A, 0xAE, 0xA9, 0xA2, 0xB4, 0x2F, 0xF1,
    0x4A, 0x27, 0x6A, 0x69, 0xEE, 0xBD, 0x80, 0x62, 0xD4, 0x40, 0x28, 0xF5, 0xA5, 0xDF, 0x36, 0xD8,
    0x40, 0x1C, 0xDC, 0xE9, 0x90, 0x8E, 0x1B, 0x1D, 0xD9, 0xA3, 0xBC, 0x7A, 0x44, 0xBC, 0x88, 0xFF,
    0x1A, 0xD7, 0x06, 0x70, 0xBC, 0x7E, 0x95, 0xF4, 0xEA, 0x28, 0xEB, 0xD4, 0x50, 0xDE, 0xA9, 0x1F,
    0xF8, 0x4A, 0x4B, 0x05, 0x60, 0x3B, 0xE7, 0xA0, 0xD3, 0xDA, 0x16, 0xF8, 0xD5, 0xBB, 0x40, 0x16,
    0xBF, 0xAF, 0x44, 0x7A, 0x8C, 0x34, 0x9B, 0x09, 0x3B, 0x91, 0x08, 0x59, 0x0F, 0xB5, 0xCF, 0x63,
    0x0F, 0x5F, 0x34, 0x50, 0x34, 0x9A, 0xD3, 0xBC, 0x8D, 0xEC, 0x4A, 0xBF, 0xB2, 0x52, 0x3E, 0xF0,
    0xC9, 0x7A, 0xE5, 0xA6, 0x29, 0x1A, 0x9D, 0x41, 0xE7, 0xA9, 0x7C, 0x3E, 0x80, 0x60, 0x67, 0x8D,
    0xDD, 0xC8, 0xBF, 0xEB, 0x21, 0xDE, 0xB7, 0xD1, 0x35, 0xCC, 0x00, 0x8F, 0x3B, 0x96, 0x71, 0xB4,
    0x9E, 0x8E, 0x50, 0xB6, 0x91, 0xCD, 0x72, 0x1A, 0x5E, 0x88, 0xD3, 0x92, 0xEC, 0x74, 0xF7, 0x1B,
    0xC9, 0xBB, 0x64, 0xD6, 0x2B, 0x85, 0xD2, 0x53, 0xFA, 0x8A, 0x7B, 0xA8, 0xF5, 0xAE, 0xE7, 0xC0,
    0x57, 0x8E, 0xD2, 0x95, 0x9E, 0x9A, 0xA2, 0x31, 0x33, 0xF9, 0xE7, 0xDF, 0x1F, 0xB1, 0x3A, 0x15,
    0xB5, 0x38, 0x96, 0x1A, 0x05, 0xDC, 0xF2, 0x1B, 0xC7, 0xA8, 0x18, 0xB6, 0x4F, 0x16, 0xAE, 0x78,
    0x65, 0x35, 0x28, 0x7F, 0x3C, 0xAE, 0x27, 0x3A, 0x8C, 0x80, 0xCA, 0x55, 0xFA, 0x35, 0x88, 0xFD,
    0xD5, 0x9C, 0x4F, 0x0A, 0x01, 0xD8, 0x38, 0xA0, 0x00, 0x92, 0x79, 0xE9, 0x39, 0x5A, 0xD6, 0xB1,
    0x0B, 0xE9, 0x09, 0xAB, 0xBA, 0x2A, 0x00, 0x26, 0xAE, 0xEF, 0x4F, 0x1D, 0x50, 0x7D, 0xE6, 0xC1,
    0xC8, 0x04, 0x64, 0x7D, 0x74, 0xE1, 0xB3, 0xA0, 0x86, 0x8D, 0xDB, 0x5F, 0xC5, 0xF7, 0x75, 0x96,
    0x8A, 0x6A, 0xDB, 0x59, 0xF6, 0xDD, 0x99, 0xFB, 0x52, 0xC3, 0x9F, 0xF2, 0x06, 0xED, 0x8E, 0xC0,
    0x73, 0xBC, 0x2B, 0xD9, 0xDF, 0x89, 0x2C, 0x61, 0x3D, 0x83, 0xEC, 0x80, 0xFC, 0xE3, 0x01, 0xA8,
    0xBA, 0xDF, 0x1C, 0x9C, 0xEC, 0xD5, 0x75, 0xDE, 0xA2, 0x8E, 0x17, 0xD9, 0xD7, 0x1F, 0x94, 0xDD,
    0x2E, 0xB2, 0x5F, 0xDA, 0x95, 0xEC, 0x47, 0x38, 0x89, 0xBC, 0xFC, 0x7C, 0x2C, 0x93, 0x4F, 0x1D,
    0x20, 0x23, 0x60, 0x27, 0x89, 0xB1, 0x14, 0x6A, 0x05, 0x1B, 0xF6, 0x56, 0xFC, 0xFD, 0x07, 0x00,
    0xE1, 0x81, 0x03, 0x00, 0xD5, 0xDA, 0xC5, 0x56, 0xF6, 0xAA, 0x4A, 0x06, 0xEA, 0x22, 0x90, 0xC4,
    0x56, 0xB6, 0xA1, 0xDB, 0x91, 0xFD, 0xAB, 0x0A, 0x3B, 0xDB, 0xB0, 0x75, 0x97, 0xFF, 0x4C, 0x80,
    0x23, 0x5E, 0x59, 0x2A, 0x86, 0xAA, 0xE7, 0xD0, 0x0A, 0xFE, 0xD7, 0xBC, 0x84, 0x36, 0xBD, 0x1A,
    0x70, 0xCB, 0xD2, 0xF6, 0x42, 0xD2, 0xA2, 0xCA, 0x81, 0xF2, 0x9C, 0xFF, 0x1E, 0x76, 0xA2, 0xFC,
    0xB2, 0x5B, 0x0F, 0xF2, 0x64, 0x38, 0xBF, 0x98, 0x81, 0x43, 0x6E, 0x41, 0x56, 0xCB, 0xC5, 0xF9,
    0x96, 0xD7, 0x71, 0xD1, 0xFD, 0x0A, 0x4F, 0x28, 0xCC, 0x44, 0x54, 0xAD, 0xAC, 0xFB, 0xA4, 0xC3,
    0x88, 0xD3, 0xEF, 0x5B, 0x92, 0x1E, 0x50, 0xDE, 0xCB, 0x46, 0xD6, 0x69, 0x36, 0xA4, 0x51, 0x2B,
    0xF3, 0x3E, 0x65, 0x23, 0x53, 0xE8, 0x6C, 0x46, 0x02, 0x7A, 0xBD, 0xD6, 0x97, 0xF1, 0x14, 0x64,
    0x81, 0x4B, 0xA4, 0x2D, 0x44, 0x90, 0x37, 0xF1, 0x28, 0xD8, 0xE8, 0xFA, 0x1F, 0xD0, 0x5D, 0xAF,
    0xBA, 0xC3, 0x57, 0xD3, 0x7D, 0x4B, 0xC1, 0xC4, 0xF6, 0xD8, 0x01, 0xAA, 0x21, 0xE9, 0x20, 0x99,
    0xA3, 0xF0, 0x6B, 0x87, 0x20, 0xF4, 0x9A, 0xA2, 0x72, 0x8A, 0x68, 0x6D, 0x44, 0xD5, 0x1A, 0x0F,
    0x45, 0x16, 0xE0, 0xD2, 0x2E, 0x85, 0x3E, 0xA4, 0xA3, 0x56, 0xAD, 0x79, 0x6F, 0x95, 0x5E, 0x85,
    0x1E, 0xED, 0xB9, 0xD6, 0x62, 0x04, 0x36, 0x02, 0x50, 0x6E, 0x61, 0x27, 0xE3, 0xB1, 0x6D, 0x16,
    0xB0, 0x61, 0x97, 0x5A, 0xCD, 0xFB, 0x89, 0x87, 0x54, 0xDE, 0xD1, 0xA8, 0x44, 0xDE, 0xEA, 0xC8,
    0xCF, 0x2A, 0x94, 0x3D, 0xAF, 0xD0, 0x57, 0x39, 0x26, 0x91, 0x3F, 0x9F, 0x3D, 0xDB, 0xB2, 0x37,
    0xE5, 0x8F, 0xDE, 0xF0, 0xA4, 0xD6, 0x25, 0x3B, 0x14, 0xB8, 0x8E, 0xA4, 0x53, 0xEE, 0x46, 0xDD,
    0x0E, 0x9E, 0x5D, 0x60, 0xF4, 0x6D, 0xF7, 0x3E, 0x1F, 0xF6, 0x9C, 0x3A, 0x3A, 0x39, 0xE6, 0xF1,
    0x13, 0x4A, 0xE9, 0xAC, 0x08, 0xA5, 0xB4, 0x89, 0xCC, 0x24, 0xA3, 0xAE, 0xEB, 0x9B, 0x7C, 0x33,
    0x23, 0x6C, 0x02, 0x4C, 0xD1, 0x16, 0xA2, 0xB1, 0x68, 0xEA, 0x10, 0xA0, 0xFC, 0xFC, 0xC5, 0x19,
    0xC8, 0x45, 0x06, 0x20, 0x51, 0xD9, 0xCB, 0xCF, 0xA9, 0x6B, 0x3C, 0x91, 0x69, 0xA7, 0x44, 0x73,
    0xA4, 0x6F, 0x3D, 0x4B, 0xC5, 0xDC, 0xE8, 0xA9, 0x5B, 0xEA, 0xDE, 0x48, 0x4B, 0xD1, 0x73, 0xA7,
    0xD5, 0xE8, 0xF3, 0x2F, 0xCD, 0x21, 0x72, 0xA4, 0x6A, 0x49, 0xE4, 0x45, 0x15, 0x2C, 0xF2, 0x89,
    0x2E, 0x7B, 0xB6, 0x02, 0xC6, 0xB1, 0x8E, 0x4B, 0x2C, 0x9B, 0x3C, 0xE2, 0x95, 0x75, 0x64, 0xA9,
    0x20, 0xB9, 0xA5, 0x64, 0x33, 0x2B, 0xB9, 0x52, 0x2B, 0x61, 0xE3, 0x58, 0x2F, 0xB1, 0x93, 0x12,
    0xDB, 0x2A, 0x75, 0xEE, 0x43, 0x4D, 0x53, 0x22, 0x3E, 0xB2, 0x25, 0x66, 0x65, 0x0D, 0xAA, 0x0C,
    0xCA, 0x9B, 0x0A, 0x5E, 0x67, 0x1D, 0x5C, 0x54, 0xE2, 0x52, 0xD6, 0xA4, 0x91, 0x48, 0x00, 0x28,
    0x26, 0x72, 0x07, 0x55, 0x43, 0x1E, 0xE0, 0x69, 0xE2, 0x1B, 0xFA, 0xA6, 0xD9, 0x38, 0xA9, 0xFC,
    0xFD, 0xD9, 0xE8, 0x2F, 0x26, 0x1B, 0x81, 0x98, 0x0D, 0xF7, 0x28, 0xD9, 0x80, 0x0E, 0x50, 0x2F,
    0xCB, 0xEF, 0xF9, 0x75, 0x88, 0xE5, 0x86, 0x89, 0x89, 0x29, 0x1C, 0x38, 0x36, 0x7E, 0xDD, 0xB1,
    0x0A, 0xAF, 0xD9, 0x90, 0x98, 0x8D, 0x71, 0x67, 0xD9, 0xF8, 0x51, 0x24, 0xA5, 0x53, 0x52, 0xF7,
    0x4A, 0x36, 0xB3, 0x66, 0x43, 0xC3, 0x8D, 0x69, 0xC8, 0x0E, 0x3D, 0x1B, 0x76, 0x7B, 0xFA, 0xA3,
    0x9C, 0x58, 0x37, 0x8B, 0xA2, 0x33, 0x68, 0x3A, 0x34, 0x1B, 0xB8, 0x0B, 0xCD, 0xC6, 0xA3, 0x6C,
    0x58, 0x9A, 0x14, 0x3B, 0xC5, 0x6C, 0xD8, 0x36, 0xBE, 0x19, 0x77, 0x98, 0x49, 0x79, 0xF8, 0x86,
    0x65, 0x80, 0x9B, 0x68, 0x52, 0x5E, 0xE7, 0xE2, 0x93, 0xA2, 0xC7, 0x10, 0xC4, 0x83, 0x08, 0x88,
    0xED, 0x5A, 0xEE, 0xE2, 0x61, 0x84, 0xFA, 0xE7, 0x80, 0x77, 0xAA, 0xD4, 0x3F, 0x06, 0x14, 0x63,
    0x01, 0x54, 0x32, 0x01, 0xEF, 0x6F, 0x06, 0x03, 0x57, 0xCD, 0xDB, 0xAA, 0x9E, 0x3D, 0x50, 0xBF,
    0x8E, 0xDC, 0x29, 0x39, 0x74, 0xE7, 0x8F, 0xDC, 0x52, 0x01, 0x98, 0xC8, 0xFD, 0xCA, 0xC5, 0xC3,
    0x1B, 0xAE, 0xA0, 0xB0, 0x43, 0xA4, 0xB8, 0xF5, 0x89, 0x92, 0x8D, 0x4A, 0x5E, 0x8B, 0x8C, 0x2D,
    0x96, 0x33, 0x27, 0x4E, 0x24, 0x94, 0xD2, 0x88, 0xF8, 0x52, 0x42, 0x1A, 0xD3, 0x66, 0x47, 0x8D,
    0xDE, 0x4C, 0xA4, 0x2D, 0x48, 0x4C, 0x73, 0xE5, 0x36, 0x5E, 0xF5, 0x96, 0xA8, 0xF9, 0x37, 0x94,
    0xDD, 0x08, 0xD8, 0xCF, 0x4E, 0xED, 0x76, 0x00, 0xD2, 0x2E, 0x4F, 0x58, 0x4A, 0x1F, 0xE9, 0x1E,
    0xC6, 0xCA, 0xC7, 0x04, 0x8D, 0x0B, 0xE3, 0xB0, 0x1E, 0xC8, 0x3A, 0xC5, 0x04, 0x98, 0x18, 0x5F,
    0xD1, 0x02, 0x56, 0x81, 0x63, 0x1D, 0x3F, 0x11, 0x77, 0x67, 0xAC, 0xE4, 0x4D, 0x19, 0x37, 0x3D,
    0x37, 0x5A, 0x15, 0x19, 0xEC, 0x48, 0xE1, 0xCD, 0x48, 0x09, 0x93, 0xA2, 0xE6, 0x23, 0x28, 0x19,
    0x75, 0x4D, 0x5A, 0x30, 0x1F, 0xF7, 0x67, 0x3F, 0xF5, 0x64, 0xFF, 0x68, 0xC1, 0xFE, 0xAF, 0x51,
    0x4B, 0x61, 0x7B, 0x23, 0x89, 0x21, 0x28, 0x3E, 0x52, 0x8C, 0x40, 0xB2, 0x9C, 0x70, 0xE5, 0x2D,
    0x5C, 0xD1, 0xF8, 0x0A, 0x01, 0x8A, 0x61, 0x6F, 0x1D, 0x2E, 0x19, 0x8E, 0x2C, 0xFD, 0x3A, 0x67,
    0x15, 0x59, 0xEC, 0xCE, 0xDD, 0x91, 0xBA, 0x2B, 0x43, 0xFC, 0x47, 0xF3, 0x9E, 0xBB, 0x32, 0x14,
    0x42, 0xE1, 0xA2, 0x3B, 0xF8, 0x9E, 0x53, 0xC6, 0xC8, 0xF9, 0xED, 0xA0, 0x24, 0x32, 0xE9, 0x89,
    0x49, 0x8F, 0x5C, 0x22, 0xD9, 0xD3, 0x7A, 0x15, 0xBF, 0x7D, 0x80, 0xDA, 0x05, 0x51, 0xF3, 0x87,
    0x6B, 0xB3, 0xBF, 0x37, 0xF5, 0x4A, 0xD2, 0x26, 0x71, 0xFD, 0xBF, 0x74, 0xFA, 0xB1, 0x00, 0xD7,
    0xD2, 0x91, 0x75, 0xEC, 0xA3, 0xE7, 0xCC, 0x7F, 0x0B, 0xCA, 0xE1, 0x19, 0xA8, 0x64, 0x84, 0xBE,
    0xE8, 0xF5, 0xF9, 0xE8, 0x01, 0xF6, 0xCB, 0xEE, 0xFF, 0x01, 0x95, 0x92, 0x01, 0x64, 0x1C, 0x41,
    0x14, 0x86, 0xBF, 0xBD, 0xB9, 0xE4, 0xA4, 0x4B, 0x27, 0x68, 0x68, 0xDB, 0xB2, 0x00, 0x54, 0x65,
    0x01, 0x20, 0xB9, 0xD9, 0x02, 0x28, 0x04, 0x39, 0x50, 0x00, 0x20, 0x50, 0x00, 0xC8, 0xDD, 0x4E,
    0x05, 0x05, 0x28, 0x00, 0x20, 0x28, 0x38, 0x10, 0x40, 0x54, 0x72, 0x37, 0x5A, 0x14, 0x85, 0x55,
    0x00, 0xB0, 0x25, 0x8A, 0x42, 0x07, 0x87, 0x2D, 0x93, 0x4C, 0x67, 0x67, 0x6D, 0x84, 0xA4, 0x2A,
    0xFF, 0x7B, 0xEF, 0xED, 0xBB, 0xF7, 0xFE, 0xFF, 0x1E, 0xDE, 0x00, 0xDE, 0xDB, 0xE0, 0x07, 0xF3,
    0xE3, 0xAD, 0xC9, 0x64, 0x52, 0xF8, 0x00, 0x1B, 0xD3, 0x24, 0x60, 0x0F, 0x00, 0x1F, 0xD0, 0xA5,
    0x83, 0xF9, 0x7C, 0xCE, 0xD2, 0xB7, 0xD0, 0xBE, 0xFB, 0x74, 0xBF, 0x8A, 0x3B, 0x9B, 0x2A, 0xA4,
    0x3A, 0xA6, 0x17, 0x41, 0xF8, 0x81, 0x6B, 0xDC, 0x1A, 0x88, 0x42, 0x16, 0x39, 0xBB, 0x4C, 0xF1,
    0xC1, 0x96, 0x3C, 0x66, 0x03, 0x55, 0x28, 0xA3, 0x74, 0x1E, 0xFA, 0x63, 0x0E, 0x39, 0x81, 0xB6,
    0xA7, 0x43, 0xCF, 0x64, 0x3A, 0x63, 0xCC, 0x4E, 0xEC, 0xC1, 0x2C, 0x6A, 0x16, 0x41, 0x3D, 0x46,
    0x32, 0xD2, 0x09, 0x09, 0x9B, 0xA9, 0xB6, 0x72, 0x50, 0x8F, 0x85, 0xD9, 0x95, 0x66, 0x21, 0x8D,
    0xCF, 0x2A, 0x9F, 0xD5, 0xB3, 0xD4, 0x00, 0x1B, 0x89, 0x56, 0xEF, 0xAD, 0xFA, 0xB6, 0x52, 0x5F,
    0x6D, 0x76, 0x64, 0x33, 0xD1, 0xD2, 0x76, 0x64, 0x71, 0xF2, 0x90, 0xFF, 0x4E, 0x23, 0x46, 0xF5,
    0x8D, 0xA8, 0x62, 0x28, 0xEF, 0x5D, 0x1B, 0x4F, 0xBD, 0xFF, 0x48, 0x8F, 0x07, 0x27, 0x20, 0x2D,
    0xA4, 0x77, 0x45, 0xFD, 0xEF, 0x10, 0x86, 0xFB, 0xEC, 0x5A, 0x83, 0xBD, 0xD4, 0x7B, 0x3B, 0xF2,
    0xBE, 0x66, 0xFD, 0x98, 0x88, 0xE1, 0xE6, 0xBD, 0x76, 0x0D, 0x2E, 0xC8, 0x3D, 0x65, 0x7B, 0x39,
    0xE3, 0xA3, 0x2F, 0xBD, 0x56, 0x9E, 0xB4, 0x21, 0x27, 0x59, 0x95, 0x5A, 0xB8, 0xD2, 0x08, 0xA7,
    0x0A, 0xD1, 0x0C, 0x81, 0x3C, 0x5A, 0xA9, 0xCB, 0x70, 0x8C, 0x32, 0x9A, 0x2A, 0x5A, 0x1B, 0xD2,
    0x1A, 0x4F, 0x20, 0xB1, 0x00, 0xC2, 0x5B, 0x44, 0xAC, 0xE4, 0x2F, 0x87, 0x34, 0x44, 0xED, 0x8C,
    0x5C, 0x03, 0x8C, 0x51, 0xC1, 0xBA, 0x2A, 0xC7, 0xC5, 0x6A, 0x4A, 0x9E, 0x34, 0x7D, 0x15, 0xA5,
    0x91, 0xD7, 0x49, 0x51, 0x4C, 0xB3, 0x28, 0x45, 0xFE, 0x74, 0x8A, 0x88, 0x91, 0xB7, 0x8E, 0x0E,
    0x07, 0xAF, 0x9A, 0x67, 0x17, 0x0C, 0x3E, 0x01, 0xC2, 0x2E, 0x3D, 0x99, 0xAF, 0x20, 0xFD, 0xFE,
    0xE7, 0xAD, 0x29, 0xDF, 0x58, 0xC8, 0x8E, 0xEA, 0xB4, 0x72, 0x34, 0xA0, 0x52, 0x23, 0xEA, 0x06,
    0x07, 0xE7, 0xA1, 0xFA, 0xB1, 0xC2, 0x91, 0x34, 0x7D, 0x25, 0x6C, 0x5F, 0xA5, 0xD5, 0x28, 0x58,
    0x43, 0x83, 0xD4, 0xC2, 0x4A, 0xE3, 0x06, 0x16, 0x45, 0x72, 0xB5, 0x2C, 0xD4, 0xEF, 0x9A, 0x73,
    0x28, 0x2F, 0x91, 0x5E, 0xB3, 0x0F, 0x6B, 0x05, 0xE1, 0x93, 0x1A, 0x69, 0x32, 0x9D, 0x17, 0x8A,
    0x31, 0xBB, 0x1C, 0x72, 0x4A, 0xFA, 0x79, 0x25, 0xBF, 0xB4, 0x0F, 0x29, 0x7F, 0x5D, 0x85, 0xAD,
    0x63, 0x19, 0x1E, 0x64, 0x71, 0x98, 0x71, 0xBA, 0x0D, 0xF0, 0x92, 0x69, 0xE2, 0xC2, 0x3F, 0x57,
    0x4A, 0x97, 0x94, 0x28, 0x2D, 0x2B, 0x61, 0x13, 0xC7, 0x34, 0x4C, 0x80, 0xE7, 0x28, 0x32, 0x9D,
    0xD6, 0x62, 0x15, 0x7A, 0x0B, 0x16, 0x81, 0xBB, 0x4A, 0xEB, 0x4C, 0xAB, 0x38, 0xDE, 0x62, 0xBF,
    0x2C, 0xAE, 0x5A, 0xE7, 0x4A, 0x71, 0x79, 0xCB, 0xDD, 0x0D, 0x3F, 0x0B, 0x1E, 0xF8, 0xF4, 0xD8,
    0xE6, 0x6C, 0xF9, 0xCE, 0x07, 0x0F, 0xCC, 0x21, 0x9B, 0x00, 0xA5, 0xF7, 0x46, 0x85, 0x00, 0xD6,
    0x35, 0x20, 0xDB, 0xA4, 0x00, 0x66, 0x00, 0x0E, 0x18, 0xAC, 0x00, 0x51, 0x43, 0x77, 0xCA, 0xEC,
    0x9A, 0x71, 0xDE, 0x33, 0xE2, 0xC5, 0x46, 0xD7, 0x8C, 0xBC, 0x00, 0x54, 0x3F, 0x4C, 0x9A, 0x9E,
    0x91, 0x56, 0x1D, 0xE3, 0xE6, 0x82, 0x47, 0x00, 0x7F, 0x01, 0x94, 0x91, 0x81, 0xC6, 0x54, 0x41,
    0x18, 0x86, 0x9F, 0x39, 0x47, 0x16, 0x07, 0x13, 0xFE, 0xBF, 0x00, 0x03, 0x01, 0xE2, 0x5C, 0x41,
    0x3B, 0xE7, 0x12, 0x16, 0xFF, 0xE9, 0x0A, 0x02, 0xC1, 0x02, 0x04, 0x9D, 0x3D, 0xDD, 0x4B, 0x28,
    0x21, 0x80, 0x62, 0xB7, 0x3D, 0x97, 0x70, 0xBA, 0x83, 0x01, 0x20, 0x34, 0x31, 0x98, 0xF8, 0xDA,
    0xAF, 0x19, 0x5B, 0x01, 0x3F, 0xE2, 0x79, 0xF1, 0xCD, 0xBC, 0x7C, 0xAF, 0xF7, 0x63, 0xA4, 0xD3,
    0xD0, 0x6B, 0xF6, 0xC8, 0xC4, 0xE9, 0xC8, 0x24, 0xF8, 0xBF, 0x6C, 0xCB, 0x58, 0x1E, 0xBD, 0x11,
    0xA7, 0x69, 0xA3, 0x2B, 0x37, 0x60, 0x76, 0xD0, 0x65, 0x70, 0x45, 0xDB, 0xA2, 0xCF, 0x19, 0xF3,
    0x23, 0xD3, 0x7E, 0xCD, 0xD8, 0x37, 0x19, 0x67, 0x32, 0xDB, 0xE7, 0x3F, 0xF1, 0xAA, 0x73, 0x15,
    0x65, 0xFE, 0x27, 0xF0, 0x1A, 0xBC, 0xAE, 0x1E, 0xFE, 0xF0, 0x0E, 0xAF, 0xF3, 0xED, 0x3E, 0xD0,
    0xC6, 0x2B, 0x4F, 0xBA, 0x78, 0xD6, 0xF5, 0xA0, 0x43, 0xDD, 0xF3, 0x68, 0x68, 0x34, 0xDA, 0x4B,
    0xE8, 0x67, 0x3C, 0x9C, 0x40, 0xBE, 0x0C, 0xAA, 0xE1, 0x57, 0x9B, 0x04, 0x29, 0x1C, 0x91, 0x43,
    0x9B, 0x7A, 0x8D, 0x9D, 0xCE, 0x35, 0x1B, 0xA8, 0xE6, 0x42, 0x6E, 0x63, 0x6A, 0x23, 0xDD, 0x8A,
    0x5D, 0x70, 0x03, 0x1E, 0x26, 0x90, 0x4A, 0x93, 0xB8, 0xFE, 0xF0, 0x02, 0x5B, 0x92, 0x7C, 0x88,
    0xAF, 0x4D, 0x3E, 0x92, 0x27, 0x93, 0xFC, 0xB7, 0xD0, 0xE9, 0xE0, 0x34, 0x4C, 0x6D, 0x16, 0xA4,
    0x62, 0xB2, 0xFF, 0x1E, 0xAD, 0xCE, 0xEC, 0x60, 0xA4, 0x34, 0xE0, 0x34, 0xF9, 0x41, 0x3C, 0xA7,
    0x2D, 0x93, 0x67, 0xEB, 0xE7, 0x8B, 0xD5, 0x8B, 0x79, 0x5F, 0xA3, 0x61, 0x84, 0x4D, 0x31, 0xAF,
    0x56, 0x6B, 0x49, 0x2F, 0xCD, 0x27, 0xD4, 0xE9, 0xB0, 0xBF, 0x9C, 0x17, 0x1B, 0xEC, 0x62, 0x97,
    0x6E, 0xBD, 0x4F, 0xFB, 0xE0, 0x92, 0xE6, 0x83, 0x8C, 0xBB, 0xDB, 0xBB, 0xFF, 0x3E, 0xC8, 0x43,
    0x1A, 0xC1, 0x09, 0x67, 0xE1, 0x95, 0xC0, 0x3D, 0xF4, 0xF5, 0x1C, 0xCB, 0x83, 0xB7, 0xA8, 0x0E,
    0xAA, 0x6B, 0xB2, 0x21, 0x6E, 0x02, 0x5D, 0xA8, 0x0D, 0xF5, 0x33, 0x87, 0x6B, 0x7A, 0xDC, 0xC2,
    0x79, 0x2C, 0x86, 0x58, 0x60, 0xA4, 0xD7, 0xE0, 0x3F, 0xA6, 0x67, 0x8D, 0x3C, 0x45, 0x30, 0x99,
    0xC7, 0xB1, 0xD5, 0xB9, 0xD1, 0x58, 0xDD, 0x54, 0x6E, 0x1A, 0xF1, 0x1A, 0x7B, 0x5D, 0xB8, 0xFB,
    0x3D, 0x62, 0x93, 0xC6, 0x68, 0xD2, 0x00, 0x00, 0xA5, 0xD6, 0xD7, 0xF2, 0xA4, 0x4E, 0x15, 0xC0,
    0xF1, 0x2F, 0x50, 0x3B, 0x58, 0x3B, 0x55, 0x62, 0xCE, 0x8A, 0x39, 0x2B, 0x97, 0x66, 0x9B, 0x47,
    0xD8, 0x34, 0xC6, 0x5B, 0x6F, 0xCC, 0x97, 0x66, 0xA1, 0x7C, 0x82, 0xDF, 0x1B, 0x98, 0xD3, 0xE6,
    0xFB, 0x0D, 0x50, 0xBE, 0x80, 0xF3, 0x06, 0x62, 0xCE, 0xDA, 0x2A, 0x5A, 0xFC, 0xD6, 0x86, 0xE3,
    0xE9, 0x83, 0x33, 0x1B, 0x8D, 0xFF, 0xBE, 0xF8, 0x9C, 0x86, 0xEE, 0xE9, 0xDC, 0xC5, 0xC0, 0xD9,
    0x17, 0x00, 0x4F, 0x7F, 0xB3, 0xF2, 0xD2, 0x77, 0x2B, 0x6F, 0x8E, 0xBC, 0xFB, 0xED, 0xB0, 0x0D,
    0x5F, 0xAE, 0x69, 0xA6, 0x6E, 0x4C, 0x65, 0x68, 0xA6, 0xED, 0x4C, 0x3A, 0x95, 0x9E, 0x64, 0x72,
    0x3D, 0x8C, 0xAE, 0x55, 0xBA, 0x1A, 0x10, 0xFE, 0x23, 0x5D, 0xAB, 0xB8, 0x3E, 0xE2, 0xE1, 0x19,
    0xC5, 0x04, 0x3E, 0x17, 0xCA, 0x90, 0x48, 0x21, 0x03, 0x4D, 0x21, 0x50, 0x94, 0xC3, 0x13, 0x47,
    0xC1, 0xEB, 0x5F, 0x0D, 0xCF, 0xDD, 0xED, 0x76, 0x88, 0xA6, 0xD6, 0xC8, 0x47, 0xCA, 0x36, 0x1B,
    0x29, 0x8E, 0x24, 0x28, 0x3C, 0xC8, 0xBD, 0xCB, 0x5F, 0x23, 0x13, 0xF1, 0x91, 0xE1, 0xD1, 0x52,
    0x91, 0x69, 0xE5, 0xD1, 0x82, 0xED, 0x64, 0xA5, 0x43, 0xC4, 0x03, 0xDC, 0xF8, 0x16, 0x14, 0xF1,
    0x85, 0x8B, 0x68, 0xD7, 0x03, 0x0B, 0xD9, 0x3E, 0x09, 0x4A, 0x1A, 0x48, 0x5A, 0x05, 0x92, 0x88,
    0x13, 0xE9, 0x69, 0x22, 0xC7, 0xB4, 0x3E, 0x5A, 0x01, 0x1D, 0x3C, 0x4C, 0xE2, 0xB9, 0x4B, 0xEA,
    0x09, 0x64, 0x7E, 0xB3, 0x5C, 0xBE, 0xE2, 0xB5, 0xB2, 0xAC, 0x24, 0x3B, 0x38, 0xB3, 0xAB, 0x2B,
    0x6B, 0xB0, 0xAF, 0x64, 0x8F, 0x93, 0x16, 0xF1, 0xA4, 0x13, 0xC8, 0x44, 0x3A, 0x82, 0x04, 0x0B,
    0x41, 0xD6, 0xD0, 0xD5, 0x16, 0x5C, 0xAF, 0xE1, 0x63, 0x4B, 0x77, 0xEF, 0xCA, 0xF2, 0xB5, 0x4E,
    0x62, 0xF2, 0x3C, 0x94, 0xFE, 0xF9, 0xF2, 0x50, 0x16, 0xA8, 0x7E, 0x30, 0xA2, 0xA1, 0xF8, 0xB3,
    0x85, 0xFC, 0x6F, 0x16, 0xB2, 0xC5, 0x42, 0x22, 0x16, 0xE8, 0x46, 0x92, 0x19, 0xDC, 0x48, 0x25,
    0x9E, 0x6A, 0x0D, 0xC5, 0xA8, 0x63, 0xDC, 0xAD, 0x4D, 0x4E, 0x36, 0x55, 0x81, 0x2C, 0x6C, 0xA4,
    0x57, 0xA9, 0x86, 0x68, 0xE1, 0x57, 0xD7, 0x6E, 0xFB, 0xD5, 0xE3, 0xFB, 0xD2, 0xEA, 0x38, 0xAD,
    0x3F, 0xBF, 0x4F, 0x6A, 0x32, 0x91, 0x99, 0xE8, 0xA0, 0xCE, 0x97, 0x50, 0x03, 0xFF, 0xC6, 0x7C,
    0x5E, 0x27, 0xE4, 0xCD, 0x11, 0x5B, 0x33, 0x9E, 0x03, 0xBB, 0x73, 0x8D, 0x0C, 0x2C, 0x14, 0x32,
    0x36, 0xB2, 0x4F, 0x44, 0x33, 0x3E, 0x0B, 0xA4, 0x02, 0x0D, 0x69, 0x20, 0x93, 0x9A, 0xBB, 0x24,
    0x31, 0xD3, 0x12, 0x60, 0x61, 0x2B, 0x7D, 0xCC, 0x08, 0xC5, 0x8F, 0xFA, 0x64, 0x82, 0x8E, 0xE2,
    0x87, 0x43, 0x3A, 0xF2, 0x22, 0xF9, 0x4D, 0xF7, 0x47, 0x5D, 0xCB, 0xB6, 0x94, 0x35, 0xF5, 0x3C,
    0x96, 0x8E, 0x45, 0xC7, 0x0C, 0x5B, 0x3F, 0xB1, 0x94, 0x35, 0xE4, 0x7F, 0x1A, 0xE9, 0x2A, 0x20,
    0xFB, 0x8B, 0xA7, 0x71, 0x31, 0xF3, 0x77, 0x8F, 0xBB, 0x0B, 0xA4, 0x32, 0xE0, 0xEC, 0xF0, 0x48,
    0x4F, 0x15, 0x33, 0x68, 0xA6, 0x98, 0x2C, 0xD3, 0x52, 0x8C, 0x36, 0xB9, 0x5A, 0xDB, 0xE2, 0xA1,
    0xF4, 0xE5, 0x07, 0xCF, 0xD1, 0xD9, 0xCB, 0xF2, 0x2D, 0x0A, 0x91, 0xB8, 0x15, 0x72, 0xEE, 0x81,
    0x82, 0x17, 0x8B, 0x80, 0x28, 0x99, 0x5C, 0x91, 0xD8, 0x58, 0x47, 0xB5, 0x57, 0x5C, 0x1F, 0x69,
    0x95, 0x86, 0x03, 0x9D, 0xE5, 0x8C, 0xFA, 0x50, 0x6A, 0xF5, 0x2A, 0x1F, 0xD7, 0x6E, 0x2E, 0xA5,
    0xCE, 0x45, 0xDC, 0x88, 0x4C, 0xCA, 0x99, 0x9A, 0x35, 0x55, 0x22, 0x32, 0xBA, 0x08, 0x6B, 0x7A,
    0xD3, 0xAF, 0x6D, 0xF7, 0x7E, 0x46, 0x29, 0x12, 0x68, 0x86, 0x4D, 0x40, 0x20, 0xA4, 0x33, 0xDC,
    0xCE, 0x02, 0x7C, 0x31, 0x9F, 0x60, 0x9D, 0xCF, 0x8D, 0x7B, 0x97, 0xBF, 0x85, 0x88, 0x4C, 0xE8,
    0xCD, 0x3E, 0x87, 0x25, 0x7B, 0x34, 0xAC, 0xCA, 0xD6, 0x2E, 0xE5, 0x14, 0x59, 0x57, 0x09, 0x5E,
    0x8F, 0xF4, 0x69, 0xC0, 0x2D, 0x5D, 0xA0, 0x10, 0xD9, 0x93, 0xCA, 0x0C, 0x71, 0x44, 0xC9, 0xEE,
    0x9C, 0xEE, 0xBD, 0x13, 0xEF, 0x64, 0xEF, 0x64, 0x70, 0x56, 0x2F, 0x9B, 0x48, 0x42, 0x6C, 0x4C,
    0x2D, 0xFA, 0xA8, 0x6B, 0xA3, 0x0D, 0xD1, 0x39, 0xAA, 0xB5, 0x48, 0xE7, 0xDC, 0x83, 0xB3, 0x9D,
    0x5B, 0x4D, 0xE7, 0xED, 0x14, 0x4B, 0xB3, 0x10, 0x45, 0xCC, 0xA6, 0x8D, 0x56, 0x7D, 0xB4, 0xF0,
    0xD1, 0x7C, 0x8A, 0xA6, 0x33, 0xE9, 0x42, 0x22, 0xB1, 0xF7, 0x42, 0x26, 0x33, 0xEC, 0xE2, 0xB4,
    0x44, 0x93, 0x37, 0xB4, 0xA5, 0xD4, 0x4F, 0x69, 0x48, 0xFC, 0x98, 0x06, 0xFC, 0x4D, 0xE5, 0x26,
    0x0A, 0xCA, 0xD3, 0x94, 0x25, 0x40, 0xA6, 0x0B, 0xC7, 0xA7, 0x4F, 0x21, 0x5B, 0x78, 0x01, 0x59,
    0xBB, 0x89, 0x9D, 0x77, 0x83, 0xBE, 0xB3, 0x42, 0x25, 0xFD, 0x4A, 0x40, 0x7D, 0x98, 0x7C, 0x3E,
    0xDC, 0x01, 0x51, 0x9E, 0x74, 0x21, 0x13, 0xE9, 0x55, 0xDC, 0x9E, 0xE7, 0xCF, 0xBB, 0x4F, 0xFF,
    0xD5, 0xDE, 0x4B, 0xFD, 0xDC, 0x9D, 0x26, 0xD6, 0xF4, 0xB1, 0xCB, 0x9A, 0xEA, 0xF5, 0xFD, 0x5A,
    0x53, 0x95, 0x96, 0x6C, 0xE9, 0xC4, 0xB6, 0x74, 0x8A, 0x2E, 0xF5, 0xFF, 0x74, 0x21, 0x4D, 0x38,
    0x6B, 0x96, 0x8F, 0xD9, 0x7D, 0x2B, 0x66, 0xED, 0xAE, 0x8B, 0x48, 0x20, 0x93, 0x93, 0x17, 0x07,
    0xB6, 0x01, 0x02, 0xA5, 0x8F, 0xBA, 0x1E, 0x6E, 0x9B, 0x1F, 0xA1, 0xAB, 0x8F, 0xA7, 0x1E, 0x79,
    0xD8, 0xE7, 0x7E, 0xE8, 0x44, 0x75, 0x32, 0xA8, 0x95, 0xEC, 0x3B, 0x20, 0x58, 0xFD, 0xD8, 0x82,
    0xB9, 0xE7, 0xD8, 0x66, 0x31, 0xDB, 0xB5, 0xD7, 0x5B, 0x1D, 0x0E, 0xCB, 0xB4, 0x15, 0xA9, 0x81,
    0xAA, 0x7E, 0xF2, 0x38, 0x6D, 0xFC, 0x2F, 0x3A, 0xB5, 0x7A, 0x7E, 0x3D, 0xD9, 0xE5, 0x3E, 0x5F,
    0x28, 0x5A, 0x84, 0xA2, 0xA6, 0xA1, 0x40, 0x01, 0x16, 0xDB, 0x12, 0x5D, 0xCC, 0x1B, 0xCB, 0x49,
    0x27, 0x36, 0xB3, 0x43, 0x6A, 0xE2, 0xA3, 0xBD, 0xCB, 0x3D, 0x50, 0xEC, 0x95, 0xB2, 0x57, 0xAA,
    0x5E, 0xDB, 0x30, 0x4A, 0x4F, 0x59, 0x17, 0xCB, 0xAE, 0xAB, 0x33, 0x11, 0xA9, 0xE9, 0xE4, 0x14,
    0x92, 0x9D, 0xF5, 0x1E, 0xA9, 0x1E, 0xC6, 0x01, 0x5B, 0x59, 0xEA, 0xD8, 0xF4, 0x98, 0xEA, 0x7C,
    0xD6, 0x0F, 0x74, 0xE1, 0x61, 0xFD, 0x40, 0x2B, 0x4F, 0xF5, 0x03, 0x5D, 0x97, 0x21, 0xB5, 0x79,
    0x34, 0x22, 0xB0, 0xB1, 0x09, 0x55, 0x3C, 0xCE, 0x8B, 0xD6, 0x0F, 0xF4, 0x25, 0x27, 0x22, 0xF3,
    0x1B, 0xF5, 0x28, 0x7D, 0x8F, 0x98, 0x2C, 0x67, 0xEF, 0x8C, 0xF7, 0x22, 0xDC, 0x79, 0x8F, 0xF2,
    0xA5, 0x77, 0x2B, 0xEF, 0x79, 0xBD, 0xF2, 0x7A, 0x14, 0xFE, 0x37, 0x12, 0xA9, 0xC1, 0x49, 0x30,
    0xAC, 0x5F, 0x3B, 0xB8, 0x7D, 0xEC, 0xAD, 0x3E, 0x9E, 0xE6, 0xD6, 0xDE, 0x41, 0x3E, 0x1D, 0xBE,
    0xEC, 0xEB, 0xC2, 0x47, 0xAA, 0x7D, 0x6C, 0xA5, 0xA5, 0x91, 0x19, 0x65, 0x38, 0x7C, 0xF6, 0xD3,
    0x70, 0xEC, 0xA8, 0xA9, 0x0F, 0xEB, 0x51, 0x0C, 0x11, 0x7F, 0x38, 0xE2, 0xA9, 0xB4, 0xAA, 0xF4,
    0x5C, 0x02, 0x58, 0x1E, 0xE0, 0x39, 0x4A, 0x3A, 0x29, 0xCD, 0x00, 0x32, 0x5B, 0xD5, 0xE7, 0xE0,
    0x86, 0xCD, 0xC4, 0xE7, 0xE8, 0x06, 0x28, 0x27, 0xD8, 0xD8, 0xE0, 0x17, 0x92, 0x73, 0x9F, 0x5D,
    0xC8, 0x26, 0x0E, 0x8C, 0x4A, 0xEE, 0x95, 0x22, 0x52, 0xEE, 0x95, 0xA6, 0xD7, 0xF6, 0x84, 0x44,
    0x24, 0x50, 0xAD, 0x7F, 0x40, 0x66, 0x1E, 0x4C, 0xE5, 0x7F, 0x88, 0x9F, 0x3E, 0xB1, 0xB0, 0x15,
    0xB1, 0xE8, 0x44, 0xF6, 0x31, 0xCA, 0x1F, 0x3F, 0x3D, 0x02, 0xD9, 0x5C, 0xDA, 0x84, 0xB6, 0xBE,
    0x44, 0x80, 0x72, 0x28, 0x6D, 0xD6, 0xAE, 0x2F, 0x6D, 0xE2, 0xAE, 0x2E, 0xE3, 0x38, 0xE8, 0x28,
    0x6D, 0x0D, 0x16, 0x8D, 0x5B, 0x0F, 0xB3, 0xC6, 0xDC, 0x93, 0x06, 0x8D, 0xD9, 0x44, 0x76, 0x88,
    0x53, 0x8C, 0xC1, 0x62, 0x2C, 0xCC, 0x47, 0xD6, 0xE8, 0x35, 0x26, 0x81, 0xAD, 0xC5, 0x39, 0x46,
    0x60, 0xA6, 0xB0, 0xB8, 0x20, 0x16, 0x65, 0x38, 0x44, 0xDD, 0x4F, 0xB0, 0x4F, 0x4A, 0xA7, 0x6A,
    0x73, 0x1B, 0x69, 0xB3, 0x11, 0xD7, 0x2B, 0xE5, 0xA0, 0x14, 0xFE, 0xC8, 0x70, 0xA0, 0x8A, 0xA5,
    0x5D, 0xFB, 0xFC, 0xD3, 0x0F, 0x2F, 0xF6, 0x5B, 0x3D, 0x01, 0xDF, 0x87, 0xC3, 0x59, 0xB0, 0xF6,
    0xE0, 0xF9, 0xA7, 0xBB, 0x07, 0xFF, 0xE8, 0xE5, 0xA7, 0x8A, 0x88, 0x67, 0xE5, 0x1F, 0x2D, 0xCA,
    0x31, 0x01, 0xC3, 0x20, 0x10, 0x86, 0xD1, 0x8F, 0x63, 0x64, 0xA8, 0x04, 0xF6, 0x9A, 0x38, 0x24,
    0xD4, 0x51, 0x6B, 0xA2, 0x3A, 0x2A, 0xA1, 0x48, 0x40, 0x42, 0x44, 0x64, 0x3C, 0x20, 0xFF, 0x90,
    0xE1, 0x6D, 0x8F, 0x32, 0xC1, 0xF7, 0x87, 0xF7, 0xAF, 0xB3, 0xCA, 0x20, 0xF2, 0x91, 0x44, 0x46,
    0x8A, 0xD2, 0x2D, 0x1E, 0x52, 0x9B, 0x85, 0x63, 0x11, 0xD8, 0x3E, 0x65, 0x48, 0x23, 0x4F, 0xA8,
    0x01, 0x2E, 0x4F, 0x49, 0x37, 0x84, 0x25, 0xFF, 0x2F, 0xF8, 0x86, 0xAA, 0xCC, 0x8B, 0x0B, 0x62,
    0x80, 0x02, 0x0D, 0x30, 0xB9, 0x0F, 0xD0, 0x3A, 0x19, 0xA0, 0x58, 0x0D, 0x03, 0x61, 0x78, 0xDA,
    0x2A, 0x15, 0xBA, 0x38, 0x27, 0xD0, 0x9E, 0x40, 0x7A, 0x01, 0x21, 0xB9, 0xC1, 0x1E, 0xA9, 0xBD,
    0x59, 0x47, 0x17, 0x58, 0x40, 0xC0, 0xDC, 0x60, 0x73, 0x83, 0x17, 0xA0, 0x40, 0x81, 0xB6, 0x63,
    0xFF, 0x4C, 0x84, 0xA2, 0x02, 0xEA, 0xBE, 0x81, 0xF7, 0xD1, 0xF2, 0x92, 0x26, 0xFF, 0x97, 0x09,
    0x50, 0x6F, 0x60, 0x97, 0xC0, 0x41, 0xC0, 0x11, 0xA8, 0x36, 0xB0, 0x5D, 0xC0, 0x3E, 0x80, 0xA3,
    0x9E, 0x75, 0xCC, 0xA0, 0x1A, 0x6D, 0xB8, 0x4D, 0x6D, 0x36, 0x90, 0x34, 0xD3, 0x09, 0xC8, 0xF6,
    0xC7, 0x0A, 0xD2, 0x91, 0xF9, 0x19, 0x28, 0x55, 0x65, 0x72, 0x00, 0xDD, 0x02, 0xEA, 0x8E, 0xF1,
    0xAA, 0x13, 0x11, 0xDF, 0x6E, 0x91, 0x68, 0x7C, 0x7C, 0x5E, 0xA9, 0xDA, 0x59, 0x0E, 0x6A, 0x17,
    0x16, 0x37, 0xF5, 0xC2, 0xC2, 0xD1, 0x11, 0x4B, 0x93, 0x1E, 0x4E, 0x52, 0x20, 0x90, 0xEE, 0xC1,
    0x52, 0x0F, 0x96, 0x20, 0xF3, 0x2F, 0x03, 0xFE, 0x6E, 0xE6, 0x57, 0xB1, 0xFD, 0x45, 0xEC, 0x0E,
    0x36, 0xCB, 0x25, 0xBC, 0x07, 0x3F, 0x01, 0xF4, 0x06, 0x78, 0xEB, 0xC1, 0xFB, 0xE4, 0xFA, 0x08,
    0x46, 0x37, 0xB1, 0x34, 0x0B, 0x47, 0x16, 0x0E, 0xCD, 0xC6, 0x32, 0x7A, 0x52, 0xFE, 0xB2, 0x13,
    0xB9, 0xEF, 0xCF, 0x0B, 0x11, 0xEB, 0x2D, 0x64, 0xF3, 0x98, 0x35, 0x6F, 0xE0, 0x90, 0xC0, 0xCE,
    0xCC, 0x5C, 0xDA, 0xA6, 0xF1, 0xA5, 0x73, 0x38, 0x58, 0x46, 0xEB, 0x91, 0x2E, 0x59, 0x32, 0x53,
    0x36, 0x97, 0xB0, 0x78, 0xAB, 0x8A, 0x06, 0x8C, 0xB3, 0x19, 0x7D, 0x28, 0x26, 0x47, 0xB5, 0x92,
    0x59, 0xAD, 0xC2, 0xCF, 0x07, 0x31, 0xF3, 0x34, 0x7A, 0xF3, 0x47, 0xBB, 0xF9, 0x87, 0x37, 0x3B,
    0x02, 0x8E, 0xE5, 0x14, 0xDC, 0x54, 0x0E, 0xE2, 0xB0, 0x66, 0xC3, 0xCF, 0xDE, 0xBA, 0x58, 0x5A,
    0xAE, 0xBD, 0xA6, 0xB0, 0x50, 0x16, 0xD0, 0xC2, 0x96, 0xE0, 0xAC, 0x2A, 0x10, 0xF2, 0x0D, 0x4B,
    0xF0, 0xD7, 0x73, 0xC5, 0x95, 0x65, 0xF6, 0x90, 0xD6, 0x07, 0x08, 0x6C, 0x97, 0x0F, 0xC4, 0x52,
    0xC5, 0xD7, 0x1C, 0xC7, 0x3B, 0xD0, 0x0F, 0x27, 0xEB, 0x34, 0x08, 0x4B, 0x97, 0xBA, 0xC4, 0x67,
    0xDA, 0x7A, 0x67, 0x51, 0xA2, 0xF9, 0xF1, 0x69, 0x23, 0xEA, 0x5F, 0x5E, 0x12, 0x51, 0x9B, 0xF7,
    0x53, 0xE9, 0x91, 0x45, 0xAC, 0x60, 0x1F, 0xC1, 0x7A, 0xCA, 0xF4, 0x97, 0x0E, 0x5A, 0x41, 0x8C,
    0xC4, 0xAC, 0x29, 0x7F, 0x21, 0x5F, 0x9F, 0x27, 0xBB, 0x3E, 0x4A, 0x6D, 0x62, 0x71, 0x82, 0x15,
    0x39, 0xD9, 0xF5, 0xC9, 0x3B, 0x99, 0xFE, 0x2F, 0xC5, 0xFB, 0x7F, 0x6E, 0x2A, 0xFD, 0x63, 0x53,
    0xF5, 0x7A, 0x56, 0x1C, 0xC0, 0x64, 0xCF, 0x3F, 0x00, 0xCD, 0xD4, 0x31, 0xA8, 0xED, 0x58, 0x15,
    0xC6, 0xF1, 0x5F, 0x12, 0x79, 0x07, 0x4C, 0x11, 0x0B, 0x6D, 0x14, 0x3C, 0x96, 0x22, 0x4A, 0xFA,
    0x66, 0x76, 0xFA, 0xEA, 0x15, 0x63, 0x65, 0x5F, 0x38, 0x8D, 0x3D, 0x88, 0x89, 0x7D, 0x33, 0x7D,
    0x65, 0xFB, 0xAE, 0x85, 0x3D, 0xCC, 0x35, 0x19, 0xA6, 0x87, 0x83, 0xF6, 0x10, 0xB0, 0xD3, 0x26,
    0x62, 0xC0, 0xCC, 0x4C, 0x5E, 0x96, 0x27, 0x9B, 0x77, 0x78, 0x73, 0x0B, 0x99, 0x01, 0x2D, 0x66,
    0xC1, 0xFE, 0x7F, 0xEC, 0xB5, 0xBE, 0xBD, 0xB3, 0x8A, 0xB5, 0xE3, 0x27, 0xD0, 0xC3, 0x38, 0xE3,
    0xBA, 0xA3, 0x0C, 0x48, 0x13, 0x9A, 0x05, 0xD5, 0x86, 0x72, 0x87, 0x03, 0x46, 0xDA, 0xAD, 0x57,
    0x44, 0x44, 0x77, 0x39, 0xFE, 0x18, 0x43, 0xB3, 0x88, 0xA1, 0x9D, 0xA4, 0x21, 0x0D, 0x27, 0xBA,
    0x3B, 0x7A, 0x27, 0x3A, 0xA9, 0x4B, 0x83, 0x51, 0x9A, 0x1C, 0xDA, 0xB9, 0xDC, 0x35, 0x9F, 0x5F,
    0x37, 0x55, 0xC4, 0xCC, 0x18, 0x1D, 0xC5, 0x6B, 0x78, 0xF5, 0xC6, 0x87, 0x14, 0xF7, 0xF4, 0x4E,
    0x13, 0x11, 0x0B, 0xFD, 0x5C, 0x8C, 0xB3, 0xE2, 0xA0, 0x5D, 0x54, 0x2B, 0x69, 0xD7, 0xDC, 0xD8,
    0x0F, 0xED, 0xA0, 0xDC, 0x92, 0xC4, 0x65, 0x69, 0x87, 0x0F, 0x68, 0xA6, 0x66, 0x7A, 0x26, 0x69,
    0xA6, 0x4F, 0xF8, 0xB3, 0xFA, 0xB6, 0x2B, 0xF6, 0x2C, 0xD5, 0x72, 0x97, 0x4F, 0x34, 0xB7, 0xBB,
    0x3C, 0x6B, 0x07, 0xCD, 0x94, 0xF4, 0xB2, 0xEC, 0xB4, 0xC3, 0xF5, 0xB3, 0x35, 0x9F, 0xFC, 0xC7,
    0xCC, 0xA1, 0x8A, 0x49, 0xB5, 0x2B, 0x82, 0xEB, 0x42, 0xAC, 0x65, 0x4C, 0xCA, 0x88, 0x38, 0xB8,
    0x2C, 0x63, 0xCC, 0x50, 0x7C, 0x08, 0x7E, 0x06, 0xC6, 0x0E, 0x62, 0x42, 0x91, 0x59, 0x65, 0x53,
    0xF5, 0xE5, 0x82, 0xFA, 0xAF, 0x2B, 0x9A, 0xCF, 0x76, 0x5C, 0x7F, 0x7F, 0x32, 0x39, 0x32, 0x47,
    0x3C, 0x4B, 0x1D, 0xBB, 0x34, 0x29, 0x36, 0xD7, 0x49, 0xB5, 0x68, 0xE6, 0xDC, 0xF2, 0xA2, 0x9E,
    0x55, 0xAB, 0x26, 0xB7, 0x73, 0x1D, 0x94, 0x7B, 0x36, 0x1F, 0x12, 0x46, 0xE3, 0xD3, 0xD3, 0xD3,
    0xD8, 0x8D, 0x71, 0x8F, 0x77, 0xFC, 0xC1, 0x2F, 0xEF, 0xF1, 0x3A, 0xCE, 0xD8, 0x72, 0x66, 0xAD,
    0x3E, 0xBF, 0xEF, 0x55, 0x2B, 0xDF, 0x3E, 0xB6, 0x47, 0xF7, 0x2A, 0x3E, 0x8E, 0x98, 0xDA, 0xB3,
    0xDB, 0xE9, 0x1A, 0xEB, 0xD9, 0xFF, 0xEB, 0x14, 0x11, 0x4B, 0x46, 0x3B, 0xAB, 0x96, 0x66, 0x51,
    0x2E, 0x97, 0x4D, 0xB1, 0x54, 0x3B, 0x1F, 0x0B, 0x18, 0x87, 0x17, 0xF3, 0x59, 0xAF, 0x38, 0xCB,
    0x8A, 0x03, 0x46, 0x8F, 0x72, 0x1A, 0x30, 0xA2, 0x78, 0xFB, 0x98, 0xE3, 0x7A, 0x41, 0x73, 0x7B,
    0x38, 0x7A, 0x38, 0x50, 0xEE, 0xBC, 0xBE, 0xAC, 0xAC, 0xCD, 0xCC, 0xDA, 0x4E, 0x8A, 0xF5, 0x6C,
    0x63, 0xED, 0x1F, 0x58, 0xC6, 0x88, 0xE3, 0x5C, 0x1F, 0x3D, 0x3D, 0xBD, 0xC1, 0xAB, 0x01, 0xCD,
    0x89, 0x04, 0xBF, 0x83, 0x1D, 0x65, 0x6E, 0x67, 0x46, 0x33, 0xE1, 0xFA, 0x70, 0x78, 0x7E, 0x38,
    0xAA, 0x05, 0x97, 0x87, 0x43, 0xDB, 0x21, 0x3D, 0x8A, 0xC5, 0xF6, 0x70, 0xD4, 0xB7, 0xEC, 0x78,
    0xF1, 0x81, 0xEF, 0x43, 0xAB, 0x1F, 0xFA, 0x29, 0x75, 0xDF, 0x01, 0x4D, 0xAC, 0xD0, 0x66, 0x91,
    0xDE, 0x49, 0x07, 0x7A, 0xE0, 0x00, 0xDE, 0x82, 0x62, 0x07, 0x65, 0x16, 0xD5, 0x2A, 0xCB, 0x42,
    0xBB, 0xB8, 0x2C, 0xA4, 0x55, 0x3D, 0xF3, 0xA3, 0x4D, 0x33, 0xC9, 0xB3, 0x37, 0xE5, 0x43, 0xED,
    0x80, 0x43, 0xEA, 0x10, 0x12, 0xF4, 0xB9, 0x29, 0xA9, 0x7B, 0xCE, 0x32, 0xED, 0x70, 0xFD, 0x34,
    0x4B, 0xF3, 0x97, 0x0D, 0xEA, 0xBF, 0x2D, 0x70, 0xF9, 0x57, 0x96, 0xEA, 0xCB, 0x19, 0xCA, 0x98,
    0xA0, 0xC8, 0x42, 0x0C, 0xDE, 0xC7, 0x6F, 0x66, 0x45, 0x0C, 0xAA, 0x38, 0x5C, 0x63, 0xD5, 0x44,
    0x4C, 0x7D, 0xEC, 0xAE, 0xB7, 0xFA, 0x9F, 0x6F, 0x85, 0x34, 0x94, 0xB1, 0xE8, 0x25, 0xC6, 0x49,
    0xEA, 0x92, 0x3B, 0xA4, 0xE1, 0xDC, 0x0F, 0xE7, 0xBE, 0x2B, 0xE2, 0x76, 0xD7, 0x76, 0xBA, 0xFC,
    0x7B, 0x35, 0x6A, 0xD6, 0xF6, 0xD3, 0xA3, 0x3C, 0xD4, 0x11, 0xCE, 0x7B, 0x8A, 0xD8, 0xD4, 0x31,
    0xF3, 0xC3, 0x8E, 0x5F, 0x93, 0xA0, 0xFF, 0x5F, 0x91, 0x32, 0x22, 0x62, 0x7B, 0x0F, 0xDF, 0xFD,
    0x02, 0x11, 0x8B, 0x4B, 0xC4, 0xAE, 0xD9, 0xCA, 0xD0, 0xDE, 0x8C, 0x5D, 0x7A, 0xF7, 0xA7, 0x6C,
    0xA7, 0xD4, 0xDD, 0xD1, 0xFB, 0xFF, 0x82, 0x3A, 0x3A, 0xFA, 0x98, 0x14, 0x11, 0x9D, 0xEA, 0x31,
    0xFB, 0x2E, 0xCB, 0x7F, 0x41, 0x95, 0xB1, 0x7E, 0x3D, 0xB6, 0x6F, 0x88, 0xFD, 0x05, 0xCA, 0x8C,
    0xF7, 0xB9, 0x0D, 0xF5, 0xCA, 0x07, 0xE3, 0x42, 0x8A, 0x89, 0xFE, 0xF0, 0x88, 0xEF, 0xA1, 0x8A,
    0xA1, 0xEC, 0x9A, 0xD8, 0xEA, 0x29, 0xFD, 0x2A, 0xA2, 0xFB, 0x79, 0xAE, 0x2B, 0xFF, 0xF0, 0x75,
    0x55, 0x6E, 0x94, 0x0B, 0xD5, 0x8D, 0x66, 0xE2, 0xEA, 0xFD, 0xA3, 0xFD, 0xE2, 0xCD, 0x57, 0x4B,
    0x1F, 0xFD, 0xE9, 0xEF, 0x6F, 0x1E, 0x35, 0x2B, 0xB9, 0x34, 0xD1, 0x0C, 0x94, 0x78, 0xF9, 0xD8,
    0xF1, 0xCD, 0x73, 0xBF, 0xA5, 0xCE, 0x83, 0xA6, 0x8D, 0xEE, 0x12, 0x73, 0xEE, 0x6F, 0x9C, 0x18,
    0x67, 0x67, 0x4A, 0x19, 0x1B, 0xD7, 0xB8, 0x31, 0xEE, 0x5C, 0x76, 0xFC, 0x14, 0xA0, 0x7F, 0x77,
    0xDF, 0xA9, 0xF0, 0x63, 0xA4, 0x99, 0xF4, 0xF2, 0xDC, 0xC1, 0x25, 0xF2, 0x32, 0xBE, 0x55, 0xC7,
    0x50, 0xC4, 0xAA, 0x3D, 0xB2, 0xD7, 0x2F, 0xF0, 0xD5, 0xFB, 0xEE, 0x2B, 0x4E, 0xFD, 0x0F, 0xB5,
    0xDC, 0x0F, 0x88, 0x1D, 0x47, 0x7E, 0x27, 0xF0, 0x6F, 0x77, 0x49, 0x6E, 0xC5, 0xED, 0xA4, 0x04,
    0x58, 0xB0, 0xE7, 0xF5, 0xA6, 0x0D, 0x04, 0x48, 0xF6, 0xD6, 0x2E, 0x01, 0x0B, 0xEC, 0x1D, 0x9A,
    0x57, 0x9D, 0xD5, 0xDD, 0x2D, 0xDC, 0x02, 0x12, 0xE0, 0x59, 0xC1, 0x05, 0xD0, 0xF2, 0xFF, 0xCE,
    0x07, 0xC8, 0x70, 0x86, 0x33, 0x30, 0x33, 0xDD, 0xB6, 0x02, 0x0B, 0x2C, 0x20, 0x03, 0x59, 0xFE,
    0x83, 0x0D, 0x38, 0x90, 0xCC, 0x42, 0x64, 0xC0, 0x70, 0xE2, 0xF2, 0x34, 0x5D, 0xB6, 0xE0, 0x0C,
    0x18, 0x98, 0x4E, 0x8C, 0x09, 0x64, 0xE1, 0xD4, 0xBB, 0xCE, 0x1E, 0xC4, 0x0B, 0x4C, 0xD9, 0x6E,
    0x67, 0xDB, 0x56, 0xBD, 0xF7, 0xBB, 0xFA, 0x55, 0xD5, 0xD3, 0xE8, 0x69, 0x34, 0x96, 0xBC, 0xDC,
    0x95, 0x35, 0xFA, 0x7C, 0x99, 0xEE, 0xF7, 0xA6, 0xBB, 0xD5, 0xAF, 0xEA, 0x57, 0xF5, 0xDE, 0x18,
    0x27, 0x21, 0xBF, 0xEA, 0xBF, 0xFC, 0xA0, 0x5A, 0xEA, 0x45, 0xE3, 0xF4, 0xA8, 0x5A, 0xBF, 0x2F,
    0x20, 0x57, 0x5F, 0x35, 0x20, 0x7B, 0x40, 0x5A, 0x40, 0x3A, 0x40, 0x2E, 0x00, 0xA9, 0x01, 0x29,
    0x01, 0x59, 0xD6, 0xF1, 0xAB, 0x60, 0x11, 0xBF, 0xFE, 0x00, 0xF9, 0xC1, 0xD3, 0xA8, 0x96, 0x80,
    0x5E, 0x00, 0x8D, 0xF3, 0x8E, 0x80, 0x6A, 0x71, 0xB7, 0x65, 0x37, 0x80, 0xAC, 0x73, 0x40, 0x47,
    0x0E, 0x92, 0xBE, 0x38, 0x07, 0xB9, 0x84, 0xFF, 0xAB, 0xE6, 0xBF, 0xF0, 0xF5, 0xFF, 0x2A, 0xE7,
    0xD9, 0x65, 0x34, 0x93, 0x5C, 0x82, 0x26, 0xBD, 0xCC, 0xC8, 0x36, 0x0E, 0xD4, 0x37, 0x13, 0xF6,
    0xA0, 0x07, 0xA4, 0xF6, 0xF0, 0x1F, 0xBE, 0x05, 0x09, 0xE5, 0x20, 0xBF, 0x19, 0x36, 0x2C, 0xB7,
    0xFC, 0x86, 0xDA, 0x6F, 0x68, 0xFF, 0x1F, 0xFC, 0xF0, 0x1F, 0x03, 0x6F, 0x7F, 0xC5, 0x9F, 0x13,
    0x78, 0x9B, 0xF0, 0x3F, 0xC8, 0xEC, 0x95, 0x66, 0x5E, 0x98, 0xB7, 0xFD, 0x1F, 0xD9, 0xBE, 0xAD,
    0xF0, 0xF6, 0x4D, 0x74, 0x16, 0x3B, 0x35, 0x5E, 0x02, 0x6E, 0xF8, 0x3F, 0x79, 0x7F, 0x43, 0xF5,
    0x1D, 0x85, 0x3F, 0x1F, 0xF5, 0x7B, 0xA2, 0xBF, 0x71, 0xDF, 0x9F, 0xB2, 0xBF, 0xD1, 0x85, 0xAD,
    0x77, 0xFA, 0xEE, 0x6A, 0xFF, 0xB6, 0xE8, 0xE1, 0xFF, 0xE4, 0x3D, 0x50, 0xB4, 0x40, 0x19, 0xBF,
    0xEA, 0xF2, 0x15, 0xD8, 0xF2, 0x75, 0xFF, 0x45, 0xB0, 0x6A, 0x89, 0x4F, 0x69, 0x04, 0x51, 0x5B,
    0xD0, 0x6F, 0x5A, 0xBD, 0x2C, 0xDB, 0xC6, 0x96, 0xED, 0x8E, 0xFF, 0xBA, 0xE8, 0xBF, 0x60, 0xCB,
    0x57, 0xC3, 0x7E, 0xE1, 0xAB, 0x5B, 0xE0, 0x0E, 0xF5, 0x99, 0xDF, 0xB7, 0xA2, 0x9F, 0xB6, 0xCD,
    0x14, 0xF7, 0x7D, 0x29, 0xEC, 0x97, 0xD7, 0xB0, 0x40, 0xF8, 0x5A, 0xBF, 0xE0, 0xA2, 0x8F, 0x96,
    0x36, 0x5A, 0x0D, 0xD1, 0x66, 0x0A, 0x64, 0xCB, 0x65, 0xB0, 0x9C, 0xB4, 0x61, 0xD5, 0x20, 0x47,
    0x96, 0xEA, 0x9C, 0x37, 0x94, 0x7C, 0x03, 0xF5, 0x40, 0x13, 0xEF, 0xBD, 0x82, 0x3E, 0xDC, 0xDC,
    0xBC, 0x44, 0xBD, 0x5E, 0x90, 0x6F, 0xDA, 0xE9, 0xBF, 0x63, 0x0B, 0xFB, 0xFB, 0x08, 0xED, 0x22,
    0x8E, 0x69, 0x92, 0x42, 0x1B, 0x56, 0x3E, 0xBE, 0xFB, 0xF3, 0xE5, 0xEE, 0xEE, 0xEE, 0x6B, 0x40,
    0x61, 0xD3, 0x1E, 0x3D, 0x46, 0x56, 0xB7, 0x58, 0xB0, 0x4B, 0x1F, 0x6B, 0x40, 0x38, 0xA0, 0xEA,
    0xC3, 0xD1, 0x87, 0x5D, 0xB5, 0x39, 0xF3, 0x73, 0x72, 0xC8, 0x28, 0x34, 0xE4, 0xFC, 0xF7, 0xC7,
    0x4D, 0x0D, 0xFA, 0xF8, 0x22, 0x20, 0x0D, 0x6A, 0x00, 0x28, 0xD7, 0xEE, 0xB6, 0x3A, 0x2A, 0xCD,
    0x23, 0x28, 0x28, 0xB4, 0x7A, 0x65, 0xB6, 0xBB, 0x7B, 0xFD, 0xE3, 0xDD, 0xDD, 0xD5, 0xF6, 0x47,
    0xB6, 0xA1, 0xD0, 0xDC, 0xCA, 0x6F, 0xC7, 0xF3, 0x7D, 0xF3, 0x9E, 0xF3, 0x35, 0x38, 0xCD, 0xAA,
    0x36, 0x8F, 0xE7, 0x0D, 0x38, 0x96, 0xAF, 0xB7, 0x27, 0x9F, 0x00, 0x65, 0xE2, 0xEE, 0x72, 0x08,
    0xBB, 0x43, 0xD8, 0xB0, 0x5B, 0xF6, 0x67, 0x0E, 0x58, 0xEE, 0x12, 0xD1, 0x72, 0x75, 0xBC, 0xEC,
    0xF2, 0x2F, 0x6B, 0x65, 0xB2, 0x7F, 0xAE, 0xEF, 0x39, 0x94, 0xC7, 0x80, 0xB0, 0xB9, 0x3F, 0xD4,
    0x01, 0x28, 0x1F, 0xEE, 0x91, 0xC7, 0xDD, 0xD7, 0xB2, 0x4D, 0x6E, 0x17, 0xD3, 0xCF, 0x9F, 0x0E,
    0xB5, 0x00, 0xB0, 0xA6, 0x7E, 0x44, 0x77, 0x92, 0x8B, 0x68, 0xEE, 0x7E, 0xEC, 0xCD, 0x6A, 0x69,
    0xA9, 0x05, 0x80, 0xCE, 0x74, 0x0B, 0xCF, 0x37, 0x09, 0x05, 0x0D, 0x78, 0x8C, 0x46, 0x40, 0x51,
    0xDD, 0x2D, 0x01, 0x64, 0x64, 0xF4, 0x6B, 0x5E, 0x94, 0x35, 0x8E, 0x34, 0x0D, 0x48, 0x31, 0x00,
    0x98, 0x1D, 0x09, 0x1B, 0xAB, 0x70, 0x6E, 0x15, 0xB6, 0xF0, 0xC7, 0x3E, 0x6C, 0x70, 0xD8, 0xF2,
    0x61, 0x1B, 0x9A, 0x48, 0xFB, 0xE0, 0x38, 0x54, 0x17, 0xC4, 0xAF, 0x2C, 0xCE, 0x7C, 0xD1, 0xC8,
    0x7D, 0xF1, 0xD1, 0x00, 0xD8, 0xE7, 0x8A, 0xDB, 0xE2, 0xC0, 0x20, 0xB3, 0x33, 0x41, 0x82, 0x80,
    0xDC, 0xCE, 0xB2, 0x0B, 0xE2, 0x97, 0x00, 0x3F, 0x85, 0x7F, 0x14, 0x87, 0x73, 0x29, 0x98, 0x2D,
    0x54, 0x62, 0x01, 0x14, 0x66, 0x8E, 0x4E, 0x50, 0x8B, 0xD2, 0x4C, 0x82, 0xC4, 0xC1, 0x00, 0x39,
    0x8C, 0x15, 0x89, 0x8F, 0x26, 0x88, 0xA5, 0xA5, 0x2B, 0x62, 0x58, 0x00, 0x64, 0x9D, 0x12, 0x83,
    0x06, 0xD4, 0xF0, 0x86, 0x16, 0xC3, 0x13, 0x40, 0x39, 0x62, 0x16, 0x8E, 0x50, 0x2E, 0x30, 0x0F,
    0x41, 0x75, 0x70, 0x62, 0x38, 0x01, 0xEC, 0xA8, 0x57, 0x47, 0x31, 0x48, 0xC0, 0x95, 0x85, 0xF5,
    0xA1, 0x16, 0x63, 0xA6, 0x8C, 0x0F, 0xA8, 0x7A, 0x74, 0xB5, 0x18, 0x15, 0x74, 0x2D, 0x16, 0xC8,
    0x69, 0x89, 0x6F, 0x01, 0x16, 0x20, 0x87, 0x07, 0x35, 0x9D, 0x54, 0x75, 0x54, 0xB6, 0x00, 0x3A,
    0x0A, 0xCD, 0xAC, 0xBC, 0xB9, 0xC9, 0xED, 0xB2, 0x99, 0xC7, 0x5D, 0x8E, 0x18, 0xEF, 0xFC, 0x16,
    0x77, 0xDD, 0x06, 0x20, 0x8F, 0xF7, 0xC8, 0xFE, 0x3B, 0xFC, 0xFC, 0x88, 0xDB, 0x71, 0x68, 0xFC,
    0xFE, 0xC5, 0xB4, 0x9F, 0x5D, 0x19, 0xB7, 0x8B, 0xE3, 0x3D, 0xB2, 0x3F, 0x3F, 0xCF, 0xA5, 0xD5,
    0xF6, 0x01, 0x00, 0x32, 0xC4, 0x56, 0xB5, 0xEB, 0x2F, 0xE4, 0xB2, 0x07, 0xA0, 0x29, 0x34, 0x7B,
    0xD7, 0x70, 0xFE, 0x97, 0xAC, 0x06, 0xB7, 0xFC, 0xD0, 0xF0, 0xFC, 0x4B, 0x8B, 0xA0, 0x03, 0x50,
    0x4C, 0xB1, 0x3B, 0x94, 0x7D, 0x36, 0xB2, 0xBA, 0xC6, 0xC2, 0x93, 0x2D, 0x7C, 0x6C, 0x81, 0xD2,
    0x66, 0x2F, 0x74, 0x43, 0xFA, 0x01, 0x53, 0xF0, 0xCB, 0xBF, 0x58, 0x00, 0xB3, 0xBF, 0x28, 0x0D,
    0xCE, 0x1D, 0xDF, 0xC1, 0x10, 0xB7, 0xE5, 0xA1, 0xFE, 0x1F, 0xE3, 0xC3, 0xCD, 0xE7, 0x1F, 0xDA,
    0x21, 0xA5, 0xE3, 0x9F, 0x56, 0x9E, 0xD9, 0x4C, 0xAF, 0x60, 0xD9, 0x4A, 0x23, 0x7A, 0x1C, 0xE3,
    0x91, 0x8E, 0xEC, 0xCC, 0xE5, 0x0F, 0x2F, 0x7F, 0x78, 0xE9, 0xD7, 0x47, 0x1F, 0xF7, 0x78, 0xFB,
    0x58, 0xCD, 0xA6, 0xA6, 0xD2, 0xF5, 0xBA, 0x6B, 0x0D, 0x69, 0x20, 0xAC, 0xC2, 0x31, 0xEA, 0xB8,
    0x1F, 0x82, 0x0E, 0xD0, 0x7C, 0x5E, 0x2C, 0x6F, 0x7F, 0x54, 0xA7, 0x28, 0x25, 0xBB, 0xE1, 0xF8,
    0xEB, 0x72, 0xD8, 0xFE, 0xB8, 0xAA, 0x99, 0x6F, 0x2E, 0xAA, 0xEF, 0xF7, 0xC0, 0x15, 0x5A, 0x56,
    0x3F, 0x18, 0xF9, 0xF8, 0x5F, 0x93, 0x7F, 0xBA, 0x80, 0x5A, 0x4E, 0x90, 0x75, 0x83, 0xDF, 0x83,
    0xB7, 0xAD, 0x0C, 0x82, 0xE5, 0x10, 0x15, 0x6D, 0x14, 0x08, 0x9A, 0x07, 0x5C, 0xE7, 0x1F, 0x2D,
    0x36, 0x2F, 0xFF, 0x9A, 0xFF, 0x81, 0x26, 0x94, 0x06, 0x60, 0x8B, 0x5E, 0xD6, 0xAC, 0x18, 0xAA,
    0xD6, 0x9B, 0x9D, 0x1F, 0x34, 0x80, 0x2F, 0xE9, 0xAA, 0xBD, 0x09, 0x3C, 0x46, 0x74, 0xF5, 0x13,
    0x87, 0x7F, 0x4D, 0xF4, 0x4F, 0xF9, 0x1D, 0x8B, 0x8E, 0x26, 0x80, 0x0C, 0xF4, 0xC0, 0xD6, 0x38,
    0x8D, 0x09, 0xD9, 0xD2, 0xE3, 0x2D, 0x97, 0xF8, 0x1E, 0xAB, 0x08, 0xE7, 0x58, 0xBA, 0x52, 0x6F,
    0x79, 0x4B, 0x27, 0x0D, 0xDB, 0x0C, 0xA5, 0x9D, 0xE7, 0xBB, 0x93, 0xAE, 0x05, 0x4D, 0x82, 0xEC,
    0x29, 0x80, 0xAC, 0xA0, 0x1E, 0x71, 0x64, 0x01, 0x50, 0xC7, 0xDE, 0xB0, 0xE8, 0xA3, 0x62, 0x48,
    0xDA, 0x68, 0x9E, 0xCC, 0xA6, 0x28, 0x5E, 0x03, 0xCE, 0xEC, 0x3C, 0x4F, 0xBE, 0x8D, 0x9A, 0xDC,
    0xCA, 0x78, 0x1F, 0xCD, 0x10, 0x9A, 0x37, 0xAB, 0xF1, 0x27, 0x6C, 0x61, 0xA0, 0x59, 0xD1, 0x63,
    0x16, 0x1C, 0xB0, 0x13, 0xB4, 0xD8, 0xF6, 0xCE, 0x73, 0x8B, 0x39, 0xD0, 0xB8, 0xCC, 0xC2, 0x41,
    0xD1, 0x84, 0x11, 0x13, 0x9A, 0x25, 0x30, 0x61, 0xC2, 0x6C, 0xC7, 0x9B, 0x8D, 0xBC, 0x3F, 0x5C,
    0x6E, 0x83, 0x73, 0xB1, 0x72, 0x08, 0x6E, 0x89, 0x3E, 0xB8, 0x5D, 0x98, 0xE0, 0xE9, 0x32, 0x0A,
    0xD9, 0x7A, 0x8B, 0x70, 0x23, 0x9D, 0xDC, 0x89, 0x56, 0x8B, 0x30, 0x64, 0x3D, 0x2F, 0x47, 0x1C,
    0xD3, 0xF8, 0xC9, 0x5C, 0x08, 0x36, 0x85, 0xDC, 0xC6, 0x53, 0x07, 0x26, 0xCE, 0xF7, 0x8C, 0x6C,
    0x27, 0x37, 0xFF, 0x72, 0x93, 0x43, 0xB8, 0xCD, 0x7F, 0xE0, 0xBF, 0x42, 0xF8, 0x21, 0x07, 0x28,
    0x40, 0x7E, 0x78, 0xE9, 0xF3, 0x10, 0x2A, 0x23, 0xFA, 0x10, 0xB4, 0x29, 0x4D, 0x08, 0x4D, 0x1F,
    0x02, 0x39, 0x1A, 0x64, 0x08, 0xCB, 0x2F, 0xAD, 0x6C, 0x7D, 0xD8, 0xA4, 0x4F, 0x6C, 0x55, 0x03,
    0x1A, 0x8B, 0x61, 0x52, 0xE0, 0xE0, 0x6A, 0xA7, 0x63, 0xC0, 0x7C, 0x3B, 0x84, 0x09, 0x33, 0x07,
    0x60, 0xE6, 0x83, 0x9E, 0x00, 0x6C, 0xF8, 0x50, 0x59, 0x00, 0xDB, 0x3E, 0x48, 0x0E, 0x73, 0x0E,
    0x03, 0x00, 0xE7, 0x83, 0xB2, 0x88, 0x57, 0xB3, 0x71, 0x40, 0x3E, 0x62, 0xCC, 0x1C, 0x01, 0xC2,
    0x66, 0x63, 0x69, 0x75, 0x8B, 0xB2, 0xCF, 0xAD, 0xEE, 0x2B, 0x8B, 0xEA, 0x9D, 0x4B, 0x9F, 0x50,
    0x5D, 0x2C, 0xA0, 0x73, 0xFA, 0x2D, 0x17, 0x57, 0xF8, 0x56, 0x46, 0xB7, 0x06, 0xE0, 0x59, 0xDC,
    0xD3, 0xEA, 0xA4, 0x18, 0x8E, 0x06, 0xBE, 0xC8, 0x8B, 0xB5, 0x90, 0x6D, 0x36, 0x3F, 0x7B, 0x3E,
    0xEE, 0xA3, 0x80, 0xC3, 0x50, 0x11, 0x8D, 0xEB, 0xE1, 0xF1, 0x9F, 0x7F, 0xF9, 0x46, 0x08, 0x28,
    0x57, 0x3B, 0xCB, 0x23, 0x41, 0x8D, 0x29, 0x68, 0x17, 0xBA, 0x14, 0x1F, 0x28, 0x85, 0xBF, 0x3D,
    0xF8, 0xC7, 0xDD, 0x8E, 0x6B, 0xB4, 0xCF, 0x3E, 0xB2, 0x61, 0x9F, 0xFC, 0xB3, 0x5F, 0x8D, 0x21,
    0x88, 0x0F, 0x06, 0x1B, 0x82, 0xBC, 0xB5, 0xFA, 0xE9, 0xE7, 0x53, 0xD0, 0x22, 0x85, 0xEF, 0xAC,
    0xC2, 0xA9, 0x55, 0xC0, 0xEF, 0x16, 0xD6, 0xDB, 0x71, 0x17, 0x8A, 0x0B, 0xD6, 0x69, 0x2D, 0x20,
    0xD4, 0x85, 0x47, 0x77, 0xAE, 0x88, 0xEC, 0x5A, 0xE0, 0x0B, 0xB5, 0xCB, 0x8D, 0x2F, 0x54, 0x15,
    0xCF, 0x5D, 0xDE, 0x0D, 0x16, 0xB2, 0x0E, 0x7B, 0xC7, 0x53, 0x0F, 0x53, 0xBF, 0x14, 0x08, 0x33,
    0xD6, 0x5F, 0x28, 0xB3, 0xC1, 0xF2, 0x85, 0x9A, 0x23, 0x5D, 0xA8, 0x70, 0x18, 0x7C, 0xA1, 0x42,
    0x28, 0xFD, 0x85, 0xF2, 0x2F, 0x93, 0x29, 0x5E, 0x28, 0x64, 0x23, 0xB4, 0x48, 0xE1, 0xD9, 0x10,
    0x72, 0x8B, 0x53, 0xAB, 0x80, 0x10, 0xC4, 0xDD, 0x30, 0xA4, 0x50, 0xA4, 0xF0, 0x7C, 0x65, 0x62,
    0xE8, 0xA8, 0x8D, 0x41, 0x2F, 0xF1, 0x80, 0x56, 0x1D, 0x91, 0xCF, 0xF2, 0x35, 0x6F, 0x18, 0x12,
    0x0E, 0x8D, 0x9D, 0xD4, 0x99, 0x2B, 0x9B, 0xCA, 0xDB, 0x37, 0x44, 0x97, 0x0B, 0x53, 0x18, 0xEF,
    0x05, 0xC1, 0x2F, 0x2B, 0x0D, 0xF9, 0xAA, 0x95, 0xDE, 0x5A, 0x9A, 0x49, 0xB6, 0x68, 0x4C, 0x69,
    0xB6, 0x14, 0xD0, 0x59, 0xD1, 0xCF, 0x34, 0x40, 0x93, 0x18, 0x9E, 0x9C, 0x21, 0xA3, 0x8D, 0xD0,
    0xF5, 0xE4, 0x07, 0x0A, 0x13, 0x1C, 0xC4, 0x6D, 0x69, 0x5C, 0x3E, 0xA2, 0x7C, 0xBD, 0x30, 0xDB,
    0xC2, 0x42, 0x5E, 0x16, 0xB5, 0x2E, 0x7B, 0xA8, 0x0A, 0xA8, 0x5E, 0x37, 0x98, 0x79, 0x25, 0x01,
    0xCE, 0x5B, 0x2C, 0x81, 0x1B, 0x5E, 0xE1, 0x80, 0xB3, 0xDE, 0x72, 0x09, 0xC0, 0xAB, 0xA8, 0x0D,
    0xD2, 0xE5, 0x81, 0x2D, 0x5C, 0xE1, 0xD8, 0xC6, 0x66, 0x54, 0xA3, 0x2A, 0xA8, 0x85, 0x1E, 0x51,
    0x89, 0x09, 0x28, 0x27, 0x54, 0x59, 0x0B, 0xE0, 0x2D, 0x9C, 0xC4, 0x7A, 0xCB, 0x2C, 0x80, 0xC7,
    0x93, 0xCA, 0x44, 0x3B, 0x04, 0x85, 0x8B, 0x4A, 0x1B, 0xED, 0x4C, 0x50, 0x2C, 0xC3, 0xFD, 0xB1,
    0x50, 0x36, 0xB8, 0xA4, 0x36, 0xDC, 0x26, 0x7F, 0x75, 0x0E, 0x79, 0x1F, 0xBB, 0xAA, 0xC2, 0xA2,
    0x74, 0xDE, 0xAA, 0x87, 0x24, 0x6F, 0x53, 0x7B, 0x0D, 0xF2, 0x05, 0xA0, 0xEE, 0x0C, 0x90, 0x23,
    0x30, 0xFB, 0x74, 0x42, 0x63, 0x80, 0x9B, 0xD6, 0x09, 0x02, 0xF0, 0xB9, 0xFD, 0x9E, 0x1E, 0x81,
    0xFC, 0x13, 0x7B, 0xBA, 0x6B, 0x71, 0x5A, 0xFC, 0xD2, 0xE2, 0x3B, 0x7E, 0xAB, 0x7C, 0xC7, 0x02,
    0xC8, 0x9C, 0x7A, 0x85, 0x15, 0xA3, 0xCE, 0xD8, 0x6A, 0xF8, 0x56, 0xB0, 0x69, 0x4F, 0xB1, 0xF9,
    0x12, 0x60, 0xAB, 0x71, 0xED, 0x38, 0xCB, 0x25, 0xD8, 0x8C, 0x6C, 0xB0, 0xA0, 0x3A, 0x98, 0x0F,
    0xC7, 0xDF, 0x0F, 0xB5, 0x57, 0xB6, 0xC8, 0x6D, 0xF0, 0xC9, 0xE4, 0xFC, 0xA8, 0xFE, 0x7E, 0x08,
    0x36, 0x44, 0x6B, 0x42, 0x63, 0xDD, 0xA6, 0x8D, 0x76, 0x26, 0x4A, 0x56, 0xD6, 0xDE, 0x8C, 0xA6,
    0xA0, 0xA0, 0x73, 0xD1, 0x03, 0x1D, 0x2C, 0x5F, 0x7F, 0x22, 0x28, 0x2F, 0x43, 0xC2, 0xAB, 0x2A,
    0x54, 0xEC, 0xAC, 0x82, 0x62, 0x5D, 0xF2, 0x46, 0x85, 0x19, 0x7B, 0xB6, 0xC2, 0x06, 0xCB, 0x7B,
    0x25, 0x5D, 0x34, 0x1B, 0xF1, 0x32, 0x2B, 0x2C, 0xC0, 0x96, 0x43, 0xD2, 0x44, 0x01, 0x20, 0x3B,
    0x7A, 0x29, 0xD4, 0x5D, 0x9F, 0xF2, 0x2F, 0x07, 0x56, 0x13, 0xD9, 0x35, 0x91, 0x1F, 0xB5, 0xA1,
    0xE5, 0x9A, 0x67, 0x9A, 0xE7, 0x83, 0xD0, 0xD0, 0x27, 0xD8, 0x0E, 0x7A, 0xCE, 0x52, 0xAB, 0x75,
    0xD0, 0x68, 0xF5, 0xAA, 0x45, 0x46, 0x76, 0x26, 0xDF, 0xB5, 0x10, 0x34, 0xCD, 0xC4, 0xA7, 0xDE,
    0x83, 0x73, 0xC1, 0xF2, 0xFA, 0xB3, 0x33, 0x7C, 0x69, 0x21, 0xD5, 0xA9, 0x0D, 0xFC, 0xCA, 0xA2,
    0x52, 0xD8, 0x46, 0x6E, 0x31, 0x53, 0xD8, 0x62, 0xE7, 0x0A, 0x73, 0x76, 0x52, 0x70, 0xDE, 0xEF,
    0xBD, 0xA8, 0x30, 0x79, 0x37, 0xA0, 0xF2, 0x31, 0x2A, 0x6C, 0xB4, 0x18, 0xA2, 0xD2, 0x78, 0xCF,
    0x41, 0xA9, 0x16, 0x19, 0x39, 0x28, 0x0D, 0x80, 0x07, 0x83, 0x27, 0xBC, 0x27, 0xEB, 0x87, 0x76,
    0xA4, 0xEB, 0xE1, 0xDB, 0xBB, 0xBE, 0x71, 0x08, 0x25, 0xEA, 0x5A, 0xC0, 0x0C, 0x2E, 0xF6, 0x9F,
    0xEB, 0xE1, 0xE4, 0x9F, 0x7D, 0x7E, 0x31, 0x04, 0x94, 0x69, 0x1F, 0xC8, 0x23, 0x41, 0x8D, 0xD8,
    0x08, 0x41, 0x2F, 0x52, 0x68, 0xA8, 0x8E, 0xE1, 0xCE, 0x41, 0xBF, 0x0D, 0x17, 0x3A, 0xD2, 0x71,
    0xCE, 0x21, 0xFF, 0x6C, 0xB0, 0x1C, 0xB8, 0x23, 0xFD, 0xB1, 0x83, 0x8B, 0x23, 0xCE, 0xC4, 0xA1,
    0xBA, 0x3A, 0x64, 0x23, 0x07, 0x2D, 0x86, 0xDC, 0xC2, 0x9D, 0xE0, 0x8E, 0x54, 0xF8, 0x50, 0xB6,
    0xBE, 0x23, 0x2D, 0x7B, 0x1F, 0x0C, 0x04, 0x17, 0x03, 0x4E, 0xB6, 0x3E, 0xE8, 0x36, 0x85, 0x0E,
    0x3E, 0xD4, 0x10, 0xBF, 0x0C, 0x0B, 0x65, 0x80, 0xF8, 0xD5, 0x18, 0x3B, 0x50, 0x31, 0xBC, 0x01,
    0x3C, 0xF6, 0xE6, 0x23, 0x75, 0xA4, 0x27, 0x7D, 0x67, 0xCE, 0xCA, 0x30, 0x8B, 0x3F, 0x14, 0x80,
    0xAE, 0xFD, 0x0B, 0xC7, 0xBB, 0x87, 0x86, 0x08, 0xC8, 0x5D, 0xB4, 0x1C, 0x00, 0x0D, 0x40, 0xB5,
    0xD1, 0x3D, 0x00, 0x8D, 0xCF, 0x73, 0x6F, 0x67, 0xA2, 0x64, 0x83, 0x19, 0x8D, 0x2F, 0xEC, 0x2E,
    0x77, 0xDF, 0x14, 0x07, 0x5B, 0x1D, 0xD7, 0x58, 0xE2, 0x60, 0x16, 0x2C, 0x5F, 0xFF, 0x56, 0xD8,
    0x2E, 0xAB, 0x13, 0x41, 0x55, 0x21, 0xB8, 0x9D, 0x74, 0xC9, 0xB7, 0x93, 0xCF, 0x24, 0xF1, 0x08,
    0x92, 0x4B, 0x8E, 0xD1, 0x17, 0x6A, 0xA4, 0x76, 0xFC, 0xDC, 0xE7, 0x4C, 0x98, 0x23, 0x6D, 0x5E,
    0xBC, 0xBF, 0x36, 0x07, 0x0A, 0xA2, 0x38, 0x68, 0xEE, 0xEF, 0x0F, 0x6C, 0x27, 0x6F, 0x39, 0x8F,
    0x70, 0xD2, 0x74, 0x6D, 0x58, 0x0B, 0x33, 0xD5, 0x88, 0x9C, 0x6A, 0x69, 0x04, 0xB5, 0x4D, 0x28,
    0xF1, 0x1B, 0xD7, 0xB4, 0x7C, 0x97, 0x16, 0xE3, 0x37, 0x4A, 0xF2, 0x0D, 0x17, 0x11, 0x6C, 0xC3,
    0xAA, 0xC8, 0xA5, 0x05, 0x42, 0x53, 0x36, 0xE0, 0x1F, 0x1A, 0x94, 0xE3, 0x57, 0xCF, 0xC5, 0xC2,
    0xF1, 0x3D, 0x7C, 0x71, 0xE9, 0xCC, 0xE5, 0xA8, 0xA6, 0x36, 0xA8, 0x96, 0xC0, 0xD1, 0xF3, 0xFF,
    0xFA, 0x73, 0xC1, 0x4B, 0x44, 0xE1, 0xE7, 0x17, 0x74, 0x50, 0x87, 0xDD, 0xF6, 0xF7, 0x7B, 0x56,
    0xCB, 0x5B, 0x63, 0x98, 0xB3, 0x4A, 0xB3, 0xF4, 0x96, 0xA3, 0x34, 0xDA, 0x00, 0xBA, 0x97, 0x46,
    0x4E, 0xC8, 0x08, 0xD2, 0xE4, 0x54, 0x57, 0xF1, 0xBA, 0x8C, 0x5D, 0xCF, 0x96, 0xD3, 0x0C, 0x28,
    0x4D, 0x18, 0xE0, 0xD2, 0x9C, 0x5D, 0xC5, 0xF1, 0xFB, 0x50, 0x00, 0xE2, 0xEB, 0x18, 0xA6, 0xDC,
    0xC7, 0x3E, 0xCF, 0x91, 0x81, 0x34, 0x14, 0xEB, 0xB2, 0xFD, 0xBA, 0x4A, 0x8A, 0x93, 0x9A, 0x95,
    0x7E, 0x20, 0x7D, 0x73, 0x77, 0xB7, 0xFB, 0x18, 0x62, 0x04, 0xD0, 0xB5, 0x71, 0x20, 0xA5, 0x16,
    0x92, 0x00, 0x11, 0x34, 0x28, 0xBC, 0xEA, 0xB7, 0x16, 0x72, 0xBF, 0x0D, 0x03, 0xA9, 0xBA, 0xD0,
    0x62, 0xCF, 0x2E, 0xD0, 0xC8, 0x16, 0xFF, 0x62, 0xCF, 0xF1, 0x8B, 0x39, 0xFF, 0xD4, 0x3E, 0x29,
    0x46, 0xD9, 0xF2, 0xF2, 0x91, 0x1C, 0x64, 0xCB, 0x9D, 0xAC, 0x32, 0xB2, 0xE5, 0x4E, 0x97, 0x20,
    0x5B, 0x9D, 0x5B, 0xE1, 0xBC, 0xCF, 0xE6, 0x56, 0x8E, 0xDE, 0x53, 0xB9, 0x15, 0x26, 0x1E, 0x57,
    0x76, 0xEC, 0xF1, 0xEE, 0x76, 0xD1, 0x8E, 0x10, 0xD4, 0xD3, 0xFD, 0x95, 0x84, 0x6C, 0x7F, 0xC7,
    0x50, 0xA5, 0xF3, 0x3F, 0x0C, 0x5C, 0x52, 0xBC, 0xE0, 0x57, 0x42, 0x01, 0xB1, 0xDA, 0xB9, 0x5C,
    0x05, 0x79, 0x37, 0x38, 0x3C, 0x1B, 0x82, 0x22, 0xE8, 0x10, 0x66, 0x64, 0xAA, 0x96, 0xC3, 0xCD,
    0xDF, 0x5A, 0x69, 0x38, 0x7C, 0xFE, 0xE9, 0x24, 0xAC, 0x0F, 0xBE, 0xB6, 0x70, 0xF9, 0xE8, 0x83,
    0x2F, 0x2E, 0xBE, 0x0B, 0xE7, 0x43, 0xA8, 0x2E, 0x38, 0x84, 0xF2, 0xE2, 0x65, 0x1F, 0xF4, 0xEA,
    0x78, 0xBE, 0xB5, 0x0A, 0x27, 0x1E, 0xF5, 0x2C, 0x76, 0xBB, 0x14, 0x1A, 0x42, 0x0C, 0xDA, 0x21,
    0xB5, 0xB4, 0xDB, 0xBA, 0x27, 0x57, 0x6B, 0x21, 0xE1, 0xC6, 0x3A, 0x14, 0x98, 0x7C, 0x81, 0x71,
    0xF9, 0x67, 0x35, 0xAB, 0x89, 0x0C, 0xC6, 0x43, 0xA1, 0xDA, 0xEC, 0x13, 0x56, 0xB7, 0xF9, 0x2F,
    0xAD, 0xF0, 0xF6, 0xE2, 0xEF, 0xD9, 0xC6, 0x46, 0x3B, 0x27, 0xDE, 0x65, 0x69, 0x4F, 0xDC, 0xB2,
    0x62, 0xC8, 0xE8, 0xFA, 0x0F, 0xAF, 0x0E, 0x62, 0x10, 0x07, 0xD7, 0xF6, 0xCF, 0xF7, 0x62, 0x28,
    0xF6, 0x7F, 0xB2, 0x5F, 0x78, 0xE5, 0xB5, 0xAB, 0xCF, 0x95, 0x46, 0xF4, 0xD5, 0x85, 0xF6, 0x69,
    0x69, 0x8A, 0x5E, 0xF3, 0xE5, 0x68, 0x0B, 0x73, 0xD3, 0xAB, 0x50, 0x1A, 0xE7, 0xD5, 0xDE, 0xB3,
    0xDE, 0x9B, 0x90, 0x7C, 0x6B, 0x64, 0x2E, 0x2A, 0x2C, 0xC2, 0xCE, 0x72, 0x40, 0x55, 0x7B, 0xB5,
    0x81, 0x06, 0xE4, 0x2B, 0x84, 0x5D, 0xF2, 0x5E, 0x75, 0xA0, 0x85, 0xB7, 0x1D, 0xD0, 0x8D, 0x38,
    0xD2, 0x64, 0x8B, 0x8D, 0xE4, 0x3C, 0xE9, 0x92, 0x53, 0x34, 0x1F, 0xA3, 0xC2, 0xCF, 0x3C, 0xDE,
    0xF0, 0x6B, 0x3F, 0xE7, 0xF9, 0xBA, 0x74, 0x44, 0xFB, 0x2B, 0x4D, 0x28, 0x60, 0x5A, 0x0D, 0x56,
    0x99, 0xBD, 0xA0, 0x1E, 0x1C, 0x20, 0xBC, 0xE3, 0x8D, 0x60, 0xE7, 0x4E, 0xBF, 0xC5, 0x52, 0x97,
    0x39, 0xAF, 0xBF, 0x0E, 0x75, 0xE7, 0xF5, 0xD7, 0xC1, 0x28, 0xE3, 0xDD, 0xFF, 0x49, 0x5B, 0xF2,
    0xD2, 0xE5, 0xFE, 0xAB, 0xC8, 0x9D, 0xF7, 0x42, 0x0B, 0x2C, 0xC4, 0xA0, 0xA5, 0x77, 0x43, 0x0C,
    0x37, 0xD9, 0x27, 0x8B, 0x7E, 0xCE, 0xA2, 0xE8, 0xBF, 0x1B, 0x2C, 0x0D, 0xD6, 0x94, 0xF7, 0x59,
    0xB5, 0x6C, 0xBE, 0xDB, 0xD5, 0xAC, 0xA0, 0x25, 0xD8, 0x9C, 0xA6, 0x63, 0xC6, 0xCD, 0x53, 0xD1,
    0x8C, 0xA2, 0x1D, 0xD5, 0xDE, 0xAC, 0xA3, 0x11, 0xDE, 0x86, 0xBE, 0x40, 0xB4, 0x07, 0xFC, 0xB8,
    0xF9, 0x47, 0xC2, 0xDB, 0x10, 0xE1, 0x5E, 0xA1, 0xB1, 0x6E, 0xD3, 0x46, 0x3B, 0xC3, 0x5E, 0x04,
    0x59, 0x88, 0xFF, 0xD3, 0x4D, 0x19, 0x4D, 0xD9, 0x15, 0xA2, 0x29, 0xA7, 0x73, 0x44, 0xF4, 0x65,
    0xED, 0xC7, 0x4D, 0xA2, 0x01, 0xF0, 0x05, 0xE7, 0x5F, 0xF3, 0xFE, 0xF2, 0x32, 0xC0, 0xAA, 0x2A,
    0x3A, 0x4B, 0xBA, 0xE4, 0x8D, 0xE4, 0xD9, 0xE8, 0x45, 0x44, 0xE7, 0x0F, 0x74, 0xC0, 0x14, 0xFC,
    0x72, 0x37, 0x4A, 0x64, 0x59, 0x10, 0x99, 0x23, 0xFD, 0x66, 0x55, 0x03, 0xE3, 0xA3, 0xCA, 0xD7,
    0xE1, 0x67, 0xC1, 0x86, 0xA8, 0xBD, 0x57, 0xA8, 0xB4, 0x9F, 0xAE, 0x43, 0x3D, 0x00, 0x6D, 0xA2,
    0x8D, 0xE5, 0xE5, 0xB0, 0xE7, 0xE1, 0x63, 0xE6, 0x00, 0xD0, 0x5E, 0x30, 0xA7, 0x2B, 0x75, 0xBE,
    0x00, 0xC4, 0xC1, 0x05, 0x93, 0x2F, 0x81, 0xE2, 0xF6, 0x0F, 0x5A, 0x41, 0x80, 0x7C, 0xFD, 0x3C,
    0x82, 0x97, 0x6B, 0xFF, 0xBD, 0x16, 0x9A, 0x6F, 0xF1, 0x7D, 0x83, 0x6D, 0xF6, 0x3D, 0x83, 0xB9,
    0x57, 0x9D, 0x1F, 0xF0, 0x5D, 0x6F, 0x28, 0x64, 0xBD, 0x0B, 0x38, 0x36, 0x77, 0xD8, 0x63, 0x4B,
    0x0B, 0x5D, 0x7B, 0x95, 0x41, 0xD5, 0x7B, 0xA9, 0x46, 0xC9, 0x93, 0x5B, 0x17, 0x0A, 0x9E, 0xAA,
    0xB6, 0x00, 0x5E, 0x7A, 0xF0, 0x5A, 0x10, 0xC6, 0x87, 0x87, 0xEC, 0x30, 0x70, 0x55, 0xF9, 0xEB,
    0x7F, 0xBF, 0xF9, 0xA3, 0x2F, 0x9E, 0x47, 0x45, 0xF4, 0x1B, 0x5E, 0x9C, 0x3D, 0x0C, 0x90, 0xFD,
    0xAA, 0x87, 0x8A, 0xA5, 0x7F, 0x98, 0x20, 0x5D, 0x0C, 0x41, 0xB9, 0xDC, 0x0A, 0x0E, 0x9A, 0xB2,
    0x18, 0x9A, 0xDB, 0xED, 0x14, 0x0A, 0xDC, 0x3B, 0xFF, 0x60, 0xE6, 0xE1, 0xE7, 0x7D, 0xF6, 0x81,
    0x0D, 0x8B, 0x5C, 0xF9, 0x47, 0xBD, 0xD5, 0xA5, 0x0F, 0xE2, 0x56, 0xFF, 0x9A, 0xEF, 0x2E, 0xB8,
    0xCE, 0xEC, 0x21, 0x6F, 0xD7, 0xF0, 0xE7, 0xD4, 0xA3, 0x20, 0x00, 0x5A, 0xF4, 0x61, 0x5A, 0x88,
    0x8D, 0xD5, 0x8A, 0xD6, 0x13, 0x3E, 0xE4, 0x94, 0xCE, 0xAB, 0x20, 0x13, 0x43, 0x75, 0xDB, 0xC6,
    0xD0, 0x9C, 0x5F, 0x84, 0x90, 0x2F, 0x41, 0x86, 0x83, 0x1A, 0xA1, 0x16, 0x1C, 0x1A, 0x03, 0xB1,
    0xE4, 0xF0, 0x2C, 0x80, 0xAD, 0xF5, 0xB9, 0x6A, 0x52, 0x25, 0xAB, 0xF6, 0x68, 0x81, 0x31, 0xAE,
    0x3C, 0xD3, 0x6C, 0xAE, 0x2D, 0x12, 0x3E, 0xD4, 0xF8, 0xC0, 0xFA, 0xAE, 0x71, 0xB5, 0x1A, 0x00,
    0xCA, 0xAF, 0x57, 0xE0, 0xE5, 0x94, 0xDE, 0xDD, 0xA4, 0x83, 0x96, 0x55, 0xA9, 0xD0, 0xA3, 0x58,
    0xE8, 0x15, 0x53, 0x2C, 0xF4, 0xF4, 0x20, 0x8D, 0x4A, 0x85, 0x5E, 0x41, 0xF5, 0x95, 0x50, 0xD0,
    0x74, 0x53, 0x93, 0x0A, 0x9A, 0x67, 0xC1, 0xE2, 0x2D, 0x04, 0x0F, 0x5B, 0x46, 0xA1, 0xB5, 0x77,
    0x4D, 0xBD, 0x65, 0x66, 0xBF, 0xDA, 0x23, 0x8F, 0xB3, 0xC0, 0x93, 0x00, 0xD8, 0xD9, 0x3D, 0xE6,
    0xF7, 0xFB, 0x59, 0x3C, 0xAF, 0xBB, 0x5A, 0xE4, 0xD4, 0x03, 0xC2, 0x42, 0xD0, 0x10, 0x2C, 0x69,
    0xF4, 0x0E, 0xA8, 0xF6, 0x5C, 0x50, 0xCF, 0x74, 0x58, 0xE0, 0x75, 0xB3, 0xCA, 0xA0, 0x34, 0x62,
    0x9C, 0x95, 0x16, 0xD2, 0xC8, 0x61, 0x96, 0x73, 0xC9, 0xD1, 0xB4, 0x33, 0x74, 0xB5, 0xFA, 0xFE,
    0x12, 0x33, 0xA8, 0x41, 0xCB, 0xD1, 0x5B, 0xB8, 0x9D, 0xD2, 0x78, 0x61, 0x5D, 0x06, 0x16, 0x7F,
    0x8C, 0x60, 0x68, 0x4F, 0xDE, 0x5F, 0x69, 0xE5, 0xF6, 0xC9, 0x55, 0xD8, 0x5E, 0x05, 0xDD, 0x86,
    0x90, 0x59, 0xD9, 0xC7, 0x30, 0x8A, 0x31, 0x05, 0xB8, 0x55, 0x78, 0x31, 0xD4, 0x17, 0x3E, 0x20,
    0x04, 0x4C, 0x00, 0xB8, 0xE4, 0xC2, 0x17, 0xD7, 0x09, 0x28, 0xEC, 0x63, 0x5D, 0x5A, 0xD9, 0x92,
    0x44, 0xCB, 0x37, 0x39, 0x94, 0x5F, 0x3A, 0xF0, 0xDE, 0x0E, 0x08, 0x41, 0x2F, 0x53, 0x98, 0x51,
    0x1A, 0xC1, 0xFE, 0xE7, 0x9D, 0x1E, 0x37, 0xBD, 0xF8, 0xF4, 0xB3, 0x11, 0xE1, 0x70, 0x3E, 0xB5,
    0x2E, 0x1C, 0xBB, 0x1F, 0x91, 0x5F, 0x84, 0x06, 0xC0, 0xD5, 0x57, 0x08, 0xEA, 0xFB, 0x3E, 0xA8,
    0x1A, 0xA1, 0xEF, 0xE0, 0xB2, 0x0B, 0x4F, 0x87, 0x60, 0x24, 0x4E, 0x70, 0x28, 0x7D, 0x00, 0x87,
    0x62, 0x48, 0x41, 0xD8, 0x2A, 0x86, 0xCC, 0xA9, 0x18, 0xD0, 0x2D, 0x53, 0xD0, 0x2E, 0x85, 0x72,
    0x5C, 0x1B, 0x58, 0x66, 0xC9, 0x9D, 0xE4, 0x3C, 0xE9, 0xA2, 0xF9, 0x18, 0x15, 0xDC, 0x41, 0xFA,
    0x81, 0xA5, 0x60, 0x79, 0x05, 0x83, 0xEF, 0x67, 0xAF, 0x6A, 0x01, 0x40, 0x43, 0x23, 0xBA, 0x08,
    0x36, 0xEF, 0xB8, 0x20, 0xF5, 0xFF, 0x2D, 0xBC, 0x3E, 0xC8, 0x0A, 0x2F, 0x72, 0x9A, 0x67, 0x9B,
    0x97, 0x1C, 0xC4, 0xC1, 0x06, 0x20, 0x2D, 0xC4, 0xED, 0xE7, 0x00, 0x6D, 0x20, 0x5F, 0x7F, 0x02,
    0x20, 0x40, 0xF2, 0xE1, 0x3B, 0x40, 0x7B, 0x4B, 0x1B, 0x27, 0x64, 0x95, 0x01, 0x9C, 0xB7, 0x01,
    0xF0, 0x92, 0x77, 0x81, 0x30, 0x21, 0x13, 0x23, 0xC2, 0xC0, 0x52, 0x0E, 0xC0, 0xDC, 0x2B, 0x79,
    0x37, 0x6F, 0x78, 0xC7, 0x82, 0x35, 0xC8, 0xC6, 0x34, 0xA1, 0xB4, 0xDE, 0xC2, 0xDB, 0x7B, 0xF9,
    0xB5, 0x88, 0xD0, 0x8E, 0x16, 0x58, 0x6C, 0x15, 0x66, 0x4A, 0x87, 0xF2, 0xC6, 0x23, 0x36, 0x44,
    0xE6, 0x5E, 0xCF, 0x5C, 0xF9, 0xF0, 0x4F, 0xFD, 0x4B, 0xBC, 0x85, 0x6A, 0x45, 0x78, 0x9C, 0x36,
    0x45, 0xD4, 0xC6, 0xFE, 0xA0, 0x9B, 0xA2, 0xB4, 0x48, 0x76, 0xE1, 0x99, 0x72, 0x7A, 0xFD, 0x1A,
    0x2B, 0x6E, 0x5F, 0xBB, 0xC6, 0xC7, 0x59, 0xEE, 0x5F, 0xAD, 0x58, 0x79, 0x8D, 0x8F, 0xE7, 0x92,
    0x55, 0x32, 0x6C, 0x1D, 0x66, 0x49, 0x17, 0x2C, 0xFA, 0x97, 0x83, 0xA5, 0x79, 0xE6, 0x2B, 0x0A,
    0x8B, 0xD3, 0xD0, 0x60, 0x15, 0x2D, 0x83, 0x15, 0x4D, 0xC1, 0x6C, 0xF3, 0x98, 0x05, 0x8C, 0xD9,
    0xA3, 0xCB, 0x2B, 0xE2, 0x2C, 0x2F, 0x58, 0xDC, 0x2B, 0x8A, 0xB4, 0x9F, 0xB4, 0x8F, 0xF9, 0x25,
    0xEF, 0x37, 0x21, 0x47, 0x19, 0x06, 0xD6, 0xCA, 0x45, 0xF5, 0x32, 0x6E, 0xD7, 0x54, 0x07, 0xFF,
    0xF6, 0x37, 0xC6, 0xCB, 0xEB, 0x14, 0xBD, 0x97, 0xD7, 0x7B, 0x5B, 0x2F, 0xAF, 0x52, 0x80, 0x2D,
    0x6F, 0x45, 0xAB, 0xAB, 0x51, 0x2D, 0xA2, 0xCF, 0x26, 0x4F, 0x25, 0x71, 0xBC, 0x1D, 0xF9, 0x76,
    0x8F, 0x2F, 0xEC, 0xFA, 0xE6, 0xC5, 0x83, 0x5B, 0x61, 0x80, 0xEA, 0xB8, 0x20, 0x86, 0xAF, 0x0C,
    0x37, 0xF8, 0x3A, 0x7C, 0x30, 0x54, 0xA5, 0x4B, 0x81, 0x1C, 0x4E, 0xFA, 0x92, 0x74, 0x50, 0xCB,
    0x39, 0x20, 0x8D, 0xF8, 0x15, 0x0D, 0x31, 0x10, 0xC1, 0x07, 0x65, 0x0A, 0x3A, 0xE0, 0xA0, 0x6D,
    0x37, 0x55, 0x21, 0x4C, 0x34, 0x84, 0xD0, 0x2D, 0xFE, 0x7B, 0x0C, 0x77, 0x0E, 0x44, 0x08, 0xF9,
    0x6F, 0xF7, 0x6F, 0x85, 0x20, 0xFE, 0xE1, 0x96, 0x7F, 0x66, 0x38, 0x94, 0xEF, 0xBD, 0x7B, 0xD5,
    0x87, 0x09, 0xF2, 0x27, 0xFC, 0xD3, 0xF5, 0x08, 0x5D, 0x70, 0x50, 0x03, 0x66, 0x21, 0x00, 0x78,
    0x9A, 0xC3, 0xE3, 0x38, 0x05, 0x70, 0x00, 0x64, 0xBD, 0x0A, 0x48, 0x41, 0x85, 0x30, 0x02, 0x9A,
    0x03, 0xF7, 0xF7, 0x0B, 0x0E, 0xE8, 0x88, 0x26, 0x0E, 0xBC, 0x64, 0xB0, 0x56, 0x80, 0xDD, 0xEF,
    0x53, 0xFE, 0x72, 0xD6, 0x5E, 0x1E, 0xD2, 0xCC, 0x3D, 0x02, 0x90, 0x86, 0x0B, 0x30, 0xB6, 0x21,
    0xAA, 0xEF, 0x15, 0xCA, 0xC3, 0xEA, 0x95, 0x26, 0xDA, 0xD9, 0x28, 0x4D, 0x8F, 0xFB, 0x0F, 0xB6,
    0x78, 0xE7, 0x15, 0x3F, 0x9F, 0x2F, 0xC0, 0x82, 0xE2, 0xF6, 0x05, 0x2E, 0xAD, 0x4C, 0x79, 0xFB,
    0x3F, 0x7A, 0xCB, 0xD6, 0x17, 0x5E, 0x5E, 0x40, 0x55, 0xD1, 0x59, 0x72, 0x9E, 0x7C, 0x39, 0x79,
    0x36, 0x3A, 0xC7, 0x83, 0x75, 0x5E, 0x69, 0x90, 0x4F, 0x6C, 0xEC, 0x2F, 0xEA, 0xD4, 0x5F, 0xD4,
    0xF8, 0x4F, 0xBB, 0x7F, 0x79, 0xEC, 0x42, 0xC5, 0xC9, 0x34, 0xAE, 0xDF, 0xFF, 0x66, 0xF2, 0x71,
    0xFB, 0xA7, 0x37, 0xC3, 0x8F, 0xBE, 0x49, 0x3E, 0xF2, 0xF6, 0xD9, 0xC3, 0x3D, 0xFA, 0xE6, 0x7A,
    0xC7, 0xF5, 0x2A, 0x90, 0xA5, 0x3A, 0xA2, 0x20, 0x5A, 0xD5, 0x11, 0x36, 0xD5, 0x11, 0x0B, 0x4F,
    0xE1, 0x52, 0x1D, 0xB1, 0xB6, 0x60, 0x54, 0x37, 0x2E, 0xD6, 0x11, 0xBA, 0x67, 0xE5, 0xF4, 0xAD,
    0x63, 0xEA, 0x88, 0x23, 0xFD, 0xE5, 0x51, 0x75, 0x38, 0xEF, 0x43, 0x9F, 0xDA, 0x5D, 0x86, 0x09,
    0x59, 0x8D, 0xB0, 0x3C, 0x48, 0xFD, 0xA1, 0xE9, 0x71, 0xAC, 0x32, 0x51, 0x6D, 0x93, 0x53, 0xB4,
    0x59, 0x44, 0x89, 0x92, 0xD7, 0x0C, 0x9B, 0xD3, 0x4F, 0x7B, 0x56, 0xDC, 0xBE, 0x6A, 0xD8, 0x72,
    0xFF, 0x95, 0x9A, 0xF5, 0xFD, 0x25, 0x58, 0x25, 0xA3, 0x3B, 0xC9, 0x79, 0xF2, 0x7B, 0xC9, 0xD3,
    0x49, 0x1C, 0xBA, 0xEB, 0x8F, 0xF3, 0xAF, 0x78, 0x42, 0xEA, 0x9B, 0x5B, 0x79, 0xE4, 0xFC, 0x8E,
    0x34, 0x61, 0xA3, 0xE5, 0x10, 0xAD, 0x4C, 0xB4, 0x49, 0x0B, 0x6D, 0x1E, 0x32, 0x40, 0xE9, 0x80,
    0x26, 0x15, 0x02, 0x0B, 0xFE, 0xB6, 0x6A, 0x8B, 0x09, 0x90, 0x4E, 0x5A, 0xD5, 0x7B, 0xFB, 0x7C,
    0x49, 0x35, 0x90, 0x03, 0x9D, 0x03, 0x90, 0xC6, 0xEB, 0xF4, 0xE6, 0xA3, 0xE7, 0x9B, 0x34, 0x28,
    0x7A, 0xD3, 0xB3, 0xE4, 0xA7, 0x9C, 0x3A, 0x7A, 0xAD, 0x34, 0x25, 0x4D, 0xFA, 0x35, 0x48, 0x83,
    0xA7, 0xEC, 0x43, 0xEF, 0xAB, 0xD5, 0x76, 0xFC, 0x58, 0x9A, 0x67, 0x58, 0x27, 0x4D, 0xB8, 0x1F,
    0xAC, 0x34, 0xBA, 0xE6, 0xC3, 0xE6, 0x52, 0x0B, 0xE8, 0x20, 0xB9, 0x17, 0x10, 0xCE, 0x8B, 0x05,
    0x4A, 0xCB, 0x6A, 0xE4, 0xAD, 0x20, 0x83, 0xA7, 0x01, 0xE4, 0xF4, 0xFF, 0x79, 0x21, 0xEF, 0xC2,
    0xDA, 0x42, 0x5E, 0x71, 0xEF, 0x42, 0xDE, 0x78, 0xB8, 0x90, 0xE7, 0xD6, 0x16, 0xF2, 0xDC, 0x0C,
    0x78, 0xAC, 0x06, 0x6C, 0xAC, 0xBF, 0x9F, 0xC7, 0xEA, 0xC3, 0x2D, 0xC9, 0xF5, 0xE3, 0xF9, 0xFA,
    0xC7, 0x6D, 0x57, 0x3E, 0xB5, 0x1B, 0xDA, 0x1B, 0x58, 0xB5, 0xD2, 0x00, 0xFA, 0xEB, 0x5B, 0x11,
    0x99, 0x7B, 0xBC, 0xE8, 0x47, 0x87, 0x0B, 0xAD, 0xC6, 0x1C, 0xD2, 0xC8, 0x60, 0x95, 0x54, 0x49,
    0x6D, 0xA3, 0xCD, 0x18, 0xED, 0x5C, 0xF4, 0xCE, 0x41, 0x30, 0xBF, 0xB3, 0x7F, 0x8D, 0x15, 0xBF,
    0x78, 0x7F, 0x9F, 0x2D, 0xDE, 0xBF, 0x75, 0x8D, 0x95, 0x3F, 0x7D, 0x47, 0xB2, 0xAA, 0x34, 0xC1,
    0x59, 0xF2, 0x3B, 0xC9, 0x13, 0x49, 0x78, 0x3F, 0xEE, 0x76, 0x1D, 0x4B, 0x44, 0x6B, 0xB6, 0x88,
    0xDB, 0x93, 0x8F, 0xD7, 0xC0, 0x93, 0x0F, 0x9E, 0x87, 0xAE, 0xC9, 0x97, 0xEA, 0xAF, 0xBD, 0xE1,
    0xD2, 0xDD, 0x63, 0xB8, 0xB0, 0xC9, 0x50, 0x2F, 0xDC, 0xEB, 0xE3, 0xD7, 0x3F, 0x7E, 0x8D, 0x85,
    0xEC, 0x71, 0x57, 0xBE, 0xA1, 0x2B, 0x2F, 0x1F, 0x8F, 0xB2, 0x51, 0xED, 0x50, 0xB5, 0x70, 0x68,
    0x96, 0xA8, 0x6A, 0x4C, 0xFE, 0x3A, 0xD4, 0x0A, 0xDE, 0xCF, 0x7E, 0x61, 0x58, 0xF1, 0xD1, 0x07,
    0x56, 0xB3, 0xB7, 0xFE, 0xAE, 0x67, 0xFD, 0xE4, 0xB3, 0xDE, 0xF1, 0xF2, 0xDC, 0x73, 0x0E, 0x8C,
    0x3C, 0xF5, 0x74, 0xC8, 0xC6, 0xEF, 0x88, 0x3E, 0x9B, 0xBC, 0xA7, 0x44, 0x1F, 0xA6, 0x03, 0x10,
    0xBD, 0x48, 0x4A, 0x03, 0xC1, 0xAA, 0x64, 0x83, 0xDF, 0xFB, 0xB3, 0xC1, 0xBB, 0x80, 0x24, 0xE3,
    0x7D, 0xC9, 0x5B, 0x23, 0xAB, 0x1F, 0xE9, 0x75, 0x50, 0x52, 0x68, 0x66, 0x65, 0x1A, 0x2F, 0x6A,
    0x3C, 0xCE, 0xDB, 0xFF, 0x09, 0x50, 0xDE, 0x7C, 0xE2, 0xBD, 0xA5, 0x11, 0x16, 0x28, 0x7B, 0x69,
    0x8A, 0x30, 0x51, 0xE2, 0xEF, 0x00, 0xB9, 0x37, 0x8C, 0x60, 0xFC, 0x7A, 0xF0, 0xA0, 0x95, 0xE6,
    0xD4, 0xD1, 0xD7, 0x95, 0x7F, 0x8B, 0x89, 0x96, 0xFC, 0x2E, 0xFD, 0xE1, 0x38, 0x90, 0xE6, 0x93,
    0x72, 0xFF, 0xFD, 0x9E, 0x6D, 0xE4, 0xAD, 0xE9, 0xB8, 0x85, 0xF2, 0xF4, 0xFA, 0x12, 0x4B, 0x54,
    0x71, 0x3C, 0xE8, 0xBB, 0x81, 0xAD, 0x9C, 0x06, 0x9B, 0x4F, 0x4F, 0x06, 0xF1, 0xE3, 0xE3, 0xC7,
    0x05, 0x1E, 0x95, 0xD7, 0xAD, 0xDA, 0xA8, 0x42, 0x54, 0x27, 0x67, 0xC9, 0x8E, 0x16, 0xE0, 0xFA,
    0x99, 0x68, 0xC9, 0xBE, 0xB3, 0xD8, 0x9C, 0xE3, 0x4C, 0xF3, 0xB3, 0xF3, 0x36, 0x14, 0x42, 0xB5,
    0xB0, 0x70, 0xAC, 0xEC, 0x31, 0x01, 0x4D, 0x5D, 0x99, 0x7C, 0x04, 0xC8, 0xF0, 0x16, 0xAF, 0xED,
    0x20, 0x06, 0xE4, 0xE4, 0xB6, 0x50, 0xF6, 0x10, 0xD4, 0xFD, 0x3B, 0x48, 0x03, 0x71, 0xFB, 0xB2,
    0x41, 0x35, 0x40, 0xEE, 0xFF, 0xC0, 0x40, 0x5B, 0xC8, 0x0B, 0xDF, 0x07, 0x1A, 0x0B, 0x25, 0x6B,
    0x60, 0x31, 0x62, 0xC7, 0x9B, 0x4F, 0x0E, 0xCE, 0x5B, 0xD8, 0x39, 0x5E, 0xF6, 0xCA, 0x7E, 0x07,
    0xCF, 0x78, 0x75, 0xAB, 0xE3, 0x71, 0xA1, 0x6A, 0xBD, 0x39, 0x5F, 0x0A, 0x6F, 0x69, 0xFD, 0x9E,
    0x5E, 0xDD, 0x43, 0x38, 0x2F, 0x01, 0x60, 0xCF, 0x79, 0x5F, 0x7C, 0xD0, 0x75, 0xC8, 0xFA, 0xA8,
    0xB0, 0x51, 0xB8, 0xE4, 0x4E, 0x52, 0xD5, 0xD1, 0xDF, 0x0F, 0x0B, 0x54, 0x75, 0x1A, 0x35, 0xC2,
    0x02, 0xD4, 0x4A, 0xBF, 0xCF, 0x53, 0xCB, 0x5D, 0x3F, 0x2E, 0xE9, 0x34, 0x6D, 0xD4, 0x26, 0xDA,
    0xD8, 0x28, 0x4D, 0xC9, 0x79, 0x30, 0x3F, 0xB8, 0x12, 0xF4, 0xF5, 0x51, 0xCD, 0x96, 0xFB, 0x3F,
    0x04, 0x2B, 0xAF, 0xD5, 0x41, 0x25, 0xA3, 0xB3, 0xA4, 0x4B, 0xDE, 0x48, 0x9E, 0x4D, 0xE2, 0x01,
    0xDE, 0xF4, 0xFD, 0x35, 0xCB, 0x15, 0xE1, 0xBD, 0x72, 0x4B, 0x1E, 0x6D, 0xB3, 0xBB, 0xFA, 0x7E,
    0xF9, 0xC7, 0xDE, 0x50, 0x59, 0x26, 0xDD, 0x6A, 0x8E, 0x10, 0x6D, 0x5A, 0xFE, 0xD0, 0x16, 0xF2,
    0x25, 0xC2, 0x3D, 0x51, 0x8E, 0xD1, 0xC6, 0x00, 0xD8, 0x09, 0xDF, 0x06, 0x3A, 0x28, 0xCB, 0x52,
    0x1B, 0xD7, 0x4D, 0xA8, 0x0F, 0x66, 0x64, 0xFF, 0x4B, 0x73, 0xE9, 0x5F, 0x46, 0xB1, 0x9C, 0x78,
    0x35, 0xC9, 0xBB, 0x05, 0x57, 0xBE, 0x33, 0x16, 0x7B, 0x1B, 0xD9, 0x28, 0x5F, 0xB1, 0x72, 0xE7,
    0x1B, 0xC2, 0x56, 0xB9, 0x95, 0x33, 0x94, 0x46, 0xE5, 0x56, 0xCD, 0xA0, 0xDA, 0x8D, 0xDC, 0x6E,
    0xCC, 0xB0, 0x07, 0x27, 0xAC, 0x9B, 0xE5, 0x8E, 0xD7, 0xB4, 0x6E, 0xCC, 0x78, 0x79, 0x57, 0xD8,
    0xB3, 0xB3, 0xBC, 0x2D, 0x4D, 0x78, 0x5F, 0x16, 0xAA, 0x16, 0x3D, 0xBB, 0x87, 0x82, 0xCD, 0xB8,
    0x53, 0xF4, 0x96, 0x16, 0x92, 0xD5, 0xBE, 0xB8, 0x6D, 0x31, 0xCB, 0x96, 0xA8, 0x08, 0x98, 0x61,
    0x84, 0x74, 0x47, 0x7B, 0xC8, 0xD9, 0x11, 0x1B, 0xA2, 0xE5, 0x3D, 0xF2, 0xC8, 0x75, 0x33, 0x6D,
    0xDF, 0x86, 0x5F, 0x87, 0x3A, 0x09, 0x6C, 0xF9, 0x8D, 0xCB, 0xB0, 0xE4, 0xBD, 0x12, 0x3B, 0x88,
    0xEE, 0x41, 0x86, 0x82, 0x87, 0xD8, 0xC9, 0x6B, 0x2A, 0x78, 0x33, 0x1A, 0xBC, 0x23, 0xF2, 0xA5,
    0x55, 0xC8, 0x46, 0x88, 0xE5, 0x9C, 0x4B, 0xD1, 0xB1, 0x58, 0x6E, 0x68, 0x56, 0xEE, 0x7C, 0x07,
    0x40, 0xC6, 0xD7, 0x01, 0x40, 0x6E, 0x55, 0x72, 0x23, 0x39, 0x0F, 0xFF, 0x4E, 0xE7, 0xFD, 0x75,
    0xC8, 0x88, 0x67, 0x2E, 0x67, 0x93, 0x08, 0xDB, 0x45, 0x1F, 0x2D, 0x4C, 0xB4, 0x4C, 0xCA, 0xE8,
    0x69, 0x55, 0x07, 0x35, 0x21, 0xEA, 0x80, 0x13, 0x0F, 0xA8, 0x1B, 0xA7, 0x47, 0xF5, 0x14, 0xFC,
    0x1B, 0x1A, 0xDF, 0xB7, 0xD3, 0x0C, 0x1D, 0xD1, 0x2D, 0x3B, 0xA9, 0xE0, 0x30, 0xC9, 0x30, 0xBF,
    0xEE, 0x79, 0x2A, 0xAD, 0x4D, 0x61, 0x78, 0x09, 0x52, 0x0F, 0xA5, 0xD7, 0xF2, 0xF8, 0x68, 0xA6,
    0xCC, 0x82, 0x9C, 0x6C, 0x27, 0x4C, 0xA0, 0xAE, 0x82, 0xD7, 0xCF, 0xAF, 0xC9, 0x0B, 0x71, 0xF0,
    0xD3, 0xFF, 0x8D, 0x29, 0x43, 0xB1, 0x7F, 0x15, 0xF0, 0x8F, 0x0F, 0xF5, 0xE2, 0x24, 0x4D, 0x25,
    0x59, 0x55, 0xEB, 0xA0, 0xC6, 0x4D, 0x16, 0x0B, 0x38, 0x36, 0x9F, 0x70, 0x96, 0x2D, 0x2D, 0xC0,
    0x6A, 0x13, 0xCC, 0x08, 0xC1, 0x6A, 0x0A, 0xE6, 0xD4, 0xB3, 0xAF, 0x74, 0x4B, 0xB0, 0xAF, 0x52,
    0x1F, 0x6C, 0x27, 0x1C, 0xD3, 0x4F, 0x42, 0x3D, 0xBA, 0xDC, 0x3F, 0xB0, 0x9A, 0xE8, 0x7F, 0xB5,
    0xD1, 0xF7, 0x8D, 0x17, 0xAA, 0x2E, 0x83, 0xBA, 0x4D, 0xF6, 0x5E, 0x5F, 0x9F, 0x34, 0xD6, 0x4B,
    0x13, 0xC8, 0x25, 0xF7, 0xBC, 0x61, 0x01, 0xFB, 0x87, 0xAC, 0x5F, 0xC0, 0x0E, 0x8F, 0x2F, 0xF6,
    0x7F, 0xF8, 0x53, 0x56, 0x5E, 0xFB, 0x7E, 0xC9, 0x56, 0xB2, 0x0E, 0xEA, 0xE4, 0xCD, 0xE4, 0x3C,
    0xF9, 0xDD, 0x24, 0x8E, 0xF5, 0x3F, 0x5C, 0xFF, 0xB8, 0xE3, 0x3A, 0xFA, 0x42, 0xAA, 0x9F, 0xA3,
    0xC7, 0xF6, 0x0F, 0xEA, 0x88, 0x32, 0x14, 0xCC, 0x87, 0xF2, 0x7A, 0x4C, 0x9D, 0xB6, 0xF3, 0xEB,
    0x62, 0x55, 0x5D, 0xAF, 0x09, 0x8D, 0x75, 0xBB, 0x36, 0x14, 0x82, 0xA9, 0x7F, 0x70, 0x20, 0x1B,
    0xCC, 0x69, 0xC2, 0x56, 0x61, 0xF8, 0x13, 0x23, 0xC9, 0x19, 0xE6, 0x5E, 0x79, 0xFD, 0x89, 0xA8,
    0x42, 0x50, 0x79, 0x9D, 0x77, 0x3B, 0xE9, 0xBC, 0x93, 0xF7, 0x6D, 0x7E, 0x55, 0x79, 0xCF, 0x2A,
    0xE4, 0xD6, 0x0B, 0x05, 0xE1, 0xFD, 0x9E, 0xB7, 0xEC, 0x0B, 0x73, 0xCE, 0x2B, 0x4D, 0x54, 0xD7,
    0xC1, 0x7C, 0x89, 0xE2, 0xD7, 0x73, 0xA8, 0x62, 0x82, 0xA0, 0x09, 0x2A, 0xEF, 0x91, 0x93, 0x3D,
    0xB2, 0x40, 0x5D, 0x01, 0xB2, 0x4D, 0x9A, 0x68, 0x31, 0x44, 0x85, 0x8D, 0xE6, 0x63, 0x14, 0x6D,
    0x90, 0xC7, 0x87, 0xA9, 0xA1, 0xE5, 0xCA, 0x70, 0xBE, 0xFE, 0x13, 0x34, 0xEB, 0xD7, 0xA1, 0x69,
    0xB3, 0x50, 0x66, 0x77, 0xBD, 0x20, 0x0A, 0xE3, 0x65, 0x30, 0x23, 0x27, 0x86, 0xCC, 0x22, 0xA7,
    0xED, 0xA0, 0x38, 0x50, 0xC1, 0xF2, 0x75, 0x79, 0x9E, 0x95, 0xD5, 0xE3, 0x82, 0x55, 0x15, 0x44,
    0xEF, 0xDD, 0xAE, 0x50, 0xB0, 0xCE, 0x6B, 0xBC, 0x6F, 0x57, 0x28, 0xD9, 0x67, 0x2A, 0x48, 0xEF,
    0x1F, 0x85, 0xF5, 0xB6, 0xCC, 0x9E, 0xF3, 0x6A, 0x44, 0x77, 0xA2, 0x99, 0x8B, 0x16, 0x23, 0xB2,
    0x2F, 0xE6, 0xA8, 0xAA, 0x01, 0x20, 0x87, 0xAA, 0x6C, 0xC3, 0x20, 0x86, 0x0C, 0x6B, 0x6D, 0x03,
    0xC0, 0xF4, 0x48, 0xC6, 0x0F, 0x79, 0x37, 0x8B, 0x60, 0x47, 0x8B, 0x17, 0x76, 0xBF, 0xDC, 0x7D,
    0xD3, 0x0B, 0x8C, 0x61, 0x7B, 0x74, 0x3B, 0xD9, 0xE1, 0xDB, 0x7E, 0xFB, 0x1B, 0xA0, 0xB6, 0x09,
    0xF3, 0x52, 0xEA, 0x83, 0x39, 0xD9, 0x2D, 0x8C, 0x99, 0x15, 0x8B, 0x29, 0xB9, 0x15, 0x2C, 0x6F,
    0x9E, 0x0B, 0xCA, 0x8D, 0x6F, 0x04, 0xD5, 0x06, 0x82, 0xB3, 0xE4, 0x3C, 0x79, 0x23, 0x79, 0x36,
    0x89, 0x20, 0x25, 0xBB, 0xC1, 0xFB, 0x9F, 0x31, 0x9E, 0x59, 0x1D, 0xCF, 0xF1, 0x1E, 0x53, 0x50,
    0xAF, 0x87, 0x30, 0xB9, 0xC1, 0xAA, 0x96, 0x5E, 0x0B, 0xE9, 0x76, 0xE1, 0xB0, 0xAA, 0xA7, 0xA1,
    0xDA, 0x14, 0x34, 0x62, 0x65, 0x8D, 0xBD, 0xF4, 0x49, 0xD5, 0x6C, 0x19, 0x2A, 0xB8, 0x11, 0x82,
    0x1C, 0x10, 0xAA, 0xBD, 0x65, 0x17, 0x7B, 0x6E, 0xBD, 0xA7, 0x8C, 0x0F, 0xB7, 0x0D, 0xF1, 0xFA,
    0x3B, 0xBA, 0x0F, 0x3E, 0xE0, 0xB1, 0x11, 0xF8, 0xED, 0xDF, 0xBF, 0x6E, 0x67, 0x58, 0x22, 0xFB,
    0xAC, 0xEF, 0xCC, 0x8C, 0xEB, 0xB2, 0x8F, 0xFA, 0x25, 0x66, 0x90, 0x28, 0x6E, 0xF5, 0xDF, 0xF3,
    0xE1, 0x04, 0xE4, 0xD5, 0x1E, 0x3E, 0x00, 0x4A, 0xA4, 0x30, 0x5B, 0x85, 0xEF, 0xAC, 0xC2, 0x89,
    0x55, 0xC0, 0xEF, 0x16, 0x62, 0xFB, 0xFA, 0x13, 0xD0, 0xFB, 0x17, 0x66, 0x9E, 0x8A, 0x85, 0xF2,
    0x6B, 0x40, 0x9E, 0xBA, 0x90, 0xE2, 0x60, 0x7F, 0xAD, 0x50, 0x4E, 0x13, 0x51, 0x2C, 0xA5, 0x71,
    0x9E, 0x7C, 0x8A, 0x85, 0xB7, 0xE4, 0x42, 0xBC, 0x07, 0xB4, 0x91, 0xA6, 0x4C, 0x9F, 0x2C, 0xE1,
    0xBF, 0xE2, 0x84, 0x74, 0xD0, 0x03, 0x2B, 0x27, 0x55, 0xB3, 0xB9, 0x3D, 0x05, 0x76, 0xED, 0xD7,
    0xBB, 0x62, 0xDB, 0xCA, 0xEA, 0x93, 0x98, 0x03, 0xDC, 0x3F, 0x63, 0x0F, 0xD9, 0x54, 0x84, 0x99,
    0x98, 0xB0, 0x62, 0x28, 0x0D, 0xD7, 0xFE, 0xC2, 0x16, 0x43, 0x39, 0x48, 0x93, 0x5B, 0xE1, 0xFF,
    0xD3, 0x35, 0xC6, 0xDC, 0x66, 0xD3, 0x73, 0x40, 0x8B, 0x1A, 0xF6, 0x11, 0xAF, 0xC3, 0xD1, 0x37,
    0xB8, 0xD2, 0x42, 0xD5, 0x43, 0x7F, 0x5B, 0x63, 0x0A, 0xA3, 0xFA, 0xF1, 0xAE, 0xEF, 0xFF, 0xC8,
    0xFB, 0xAD, 0xBD, 0xD1, 0x65, 0x58, 0xB5, 0xFF, 0xBE, 0xF5, 0x64, 0x24, 0xDF, 0x5D, 0x78, 0xCB,
    0x49, 0x9A, 0xC6, 0x00, 0x4D, 0xFC, 0xE4, 0x4E, 0x19, 0x27, 0xFC, 0x6D, 0x33, 0x7A, 0xD1, 0x38,
    0xDD, 0xB2, 0xC5, 0x98, 0xAE, 0xEB, 0x45, 0xAC, 0x5A, 0x97, 0x26, 0xFA, 0xC9, 0x58, 0xB5, 0x1E,
    0xEF, 0xFA, 0xFE, 0x8F, 0xBE, 0x5F, 0x9A, 0xC2, 0xAF, 0xFB, 0x90, 0x37, 0xF6, 0x28, 0xEE, 0xF6,
    0x9B, 0xF4, 0xC6, 0xDE, 0xFB, 0xE1, 0x7C, 0x41, 0xE5, 0xBB, 0xF1, 0x8D, 0xBD, 0x32, 0x7D, 0x82,
    0xAB, 0x4C, 0x0B, 0x72, 0x25, 0x2F, 0xC8, 0x29, 0x87, 0x32, 0xBE, 0xB1, 0xC7, 0xF2, 0x1B, 0x7B,
    0x2C, 0xDE, 0x42, 0xF0, 0xEB, 0xBF, 0x0E, 0x8E, 0x3F, 0x3E, 0x91, 0x8E, 0x4F, 0xDE, 0xDE, 0x37,
    0xAC, 0xBE, 0xF6, 0x9E, 0x65, 0x97, 0xF2, 0x9D, 0x45, 0x7A, 0xE3, 0xB1, 0xE1, 0xE3, 0x4B, 0x13,
    0xC4, 0xB4, 0x60, 0xA8, 0xE2, 0xFD, 0x3E, 0xAD, 0x3E, 0x49, 0xF5, 0x1C, 0x42, 0x7B, 0x23, 0xDE,
    0x70, 0x23, 0x92, 0xE9, 0x5D, 0xC2, 0xA3, 0x3E, 0xFA, 0x7E, 0x5F, 0xB9, 0xFF, 0xD1, 0x02, 0xB3,
    0x02, 0xA6, 0x75, 0xB3, 0x31, 0x9A, 0xDB, 0xA8, 0x58, 0x39, 0x44, 0xCB, 0x34, 0xE1, 0xBA, 0xE6,
    0x9D, 0x58, 0xFF, 0x6B, 0x94, 0xA3, 0x9F, 0x80, 0x5E, 0xA9, 0xF9, 0x21, 0x1A, 0x3A, 0xB7, 0x82,
    0xDD, 0xF1, 0xF6, 0x68, 0x6A, 0x27, 0x6C, 0x69, 0x40, 0xEF, 0xC6, 0xCF, 0x07, 0xD1, 0x27, 0x56,
    0x0C, 0x92, 0x07, 0xD4, 0xF0, 0xC4, 0x82, 0xBA, 0xE8, 0xED, 0xCA, 0x14, 0x23, 0x50, 0xDE, 0x2E,
    0xDB, 0x72, 0x02, 0xE4, 0x65, 0x01, 0xE9, 0x00, 0x55, 0xF9, 0xCC, 0x75, 0xBE, 0x57, 0x69, 0xC0,
    0x79, 0x67, 0xAA, 0xC6, 0xCB, 0xDE, 0x9B, 0xD2, 0xE0, 0x19, 0xAF, 0x2B, 0x87, 0x78, 0x9C, 0x62,
    0x62, 0xE5, 0x80, 0x05, 0xAB, 0x5B, 0x34, 0x2D, 0xAA, 0x8C, 0x00, 0x65, 0x51, 0x15, 0x13, 0x50,
    0x3A, 0x54, 0x61, 0x7C, 0xB0, 0x0F, 0x2A, 0xAC, 0xC6, 0x68, 0x6E, 0xD7, 0x15, 0x43, 0xB2, 0x8F,
    0x96, 0xFE, 0x7C, 0xDF, 0xE0, 0x8F, 0x26, 0xA7, 0x85, 0xAE, 0x2A, 0xA9, 0x31, 0x85, 0xED, 0x3B,
    0x41, 0x5D, 0xBB, 0xE8, 0xBB, 0x63, 0xB0, 0xB3, 0x6F, 0x04, 0x69, 0x42, 0x74, 0x3B, 0x98, 0x93,
    0x0A, 0x8A, 0x83, 0x3F, 0x08, 0x2F, 0x98, 0xF2, 0x20, 0x0B, 0xCA, 0x2B, 0x08, 0x0B, 0xAC, 0x4A,
    0x21, 0x6C, 0x9F, 0x25, 0xE7, 0xC9, 0x97, 0x93, 0x67, 0x93, 0xF8, 0x5D, 0x3D, 0xD2, 0x4A, 0x03,
    0x6C, 0x3C, 0x34, 0x9C, 0xD9, 0xDC, 0xDB, 0xDC, 0xE4, 0x10, 0x47, 0xD4, 0x93, 0x97, 0x3F, 0x8E,
    0xA1, 0x22, 0x0A, 0xFB, 0x1C, 0x06, 0x48, 0x93, 0x02, 0xAF, 0xD1, 0xF9, 0xE9, 0x25, 0xA0, 0xFA,
    0x14, 0xB4, 0x5D, 0x05, 0x97, 0x42, 0xB7, 0x48, 0xE1, 0xCE, 0xED, 0x18, 0x32, 0x5E, 0xA9, 0xE3,
    0x20, 0x7E, 0xF1, 0x9E, 0x0C, 0xA1, 0x78, 0xDF, 0xC4, 0x20, 0x7F, 0x6A, 0x64, 0xB8, 0xB9, 0x55,
    0x99, 0x82, 0x2E, 0xFD, 0x4A, 0xD1, 0xDE, 0x8F, 0x46, 0xF8, 0xF5, 0x3A, 0x80, 0xF7, 0x39, 0x15,
    0x02, 0xEC, 0x91, 0xB3, 0x90, 0xAB, 0x50, 0xDD, 0x17, 0xF4, 0xCF, 0xBA, 0x14, 0x68, 0x19, 0x43,
    0x49, 0xD3, 0x91, 0x6E, 0x63, 0x3D, 0x84, 0xB5, 0xBF, 0xF5, 0xF0, 0x61, 0xB3, 0x19, 0x83, 0x99,
    0x61, 0x0E, 0x5E, 0xAF, 0x0C, 0x41, 0x11, 0xED, 0xAF, 0x85, 0xC3, 0x7D, 0x50, 0xF5, 0x29, 0x28,
    0x9B, 0x82, 0x76, 0xAB, 0xB0, 0x4C, 0xA1, 0x3B, 0x48, 0x81, 0xF6, 0xF7, 0xC3, 0x8F, 0xC8, 0xE8,
    0xBD, 0x83, 0xF0, 0x43, 0xC5, 0xC1, 0xAD, 0xFD, 0x18, 0x6E, 0xBF, 0x23, 0x4D, 0x58, 0x7B, 0xDC,
    0x37, 0x31, 0xC8, 0x6B, 0x21, 0x00, 0x5A, 0xA6, 0x30, 0x5B, 0x85, 0xA7, 0x63, 0xF8, 0x06, 0x10,
    0x83, 0x3A, 0x12, 0x34, 0x87, 0xB2, 0x07, 0xF6, 0x38, 0x14, 0xAB, 0x13, 0xCC, 0x63, 0xB7, 0x52,
    0xB6, 0x3C, 0xE1, 0xC0, 0x61, 0xD3, 0x77, 0x15, 0x44, 0xC3, 0x9A, 0x9F, 0x5F, 0x8A, 0x0E, 0xE2,
    0x50, 0x5F, 0x80, 0x8B, 0xDE, 0xDB, 0xD0, 0xB2, 0x30, 0x51, 0xC9, 0x42, 0x43, 0xB5, 0x6C, 0x83,
    0x26, 0x4C, 0x04, 0xBA, 0x57, 0x17, 0xC8, 0xBC, 0xF4, 0xC1, 0x08, 0xC0, 0x47, 0x6B, 0xD8, 0x9C,
    0x26, 0x06, 0x82, 0xB6, 0xC9, 0xB7, 0xB6, 0xEC, 0x36, 0x82, 0xB2, 0x79, 0xD2, 0xDF, 0xA0, 0x0D,
    0x2A, 0x0D, 0x0D, 0xEC, 0x60, 0xA6, 0x51, 0xD5, 0x70, 0x98, 0xEB, 0xB8, 0x70, 0x38, 0x69, 0x14,
    0xB6, 0xB4, 0x78, 0x51, 0x23, 0x77, 0xCA, 0xE0, 0xB4, 0x06, 0xBA, 0x0E, 0x80, 0x57, 0xBB, 0xA8,
    0x9A, 0x82, 0x39, 0x51, 0xCB, 0xAA, 0x45, 0xF3, 0x85, 0xF7, 0x9B, 0x34, 0x14, 0x7C, 0xAB, 0xA9,
    0x25, 0xD0, 0x4D, 0xD0, 0x61, 0xC6, 0xFB, 0xC0, 0xFE, 0xE4, 0xDF, 0x3C, 0x17, 0xDD, 0x9E, 0x45,
    0x5D, 0x72, 0x8A, 0xE6, 0x36, 0x2A, 0x86, 0x68, 0x69, 0xBC, 0x7C, 0xFE, 0x49, 0xCD, 0xFA, 0xEB,
    0xD3, 0xB0, 0xD0, 0xA0, 0x60, 0x27, 0xC8, 0x68, 0x5F, 0x8F, 0x74, 0xA5, 0x97, 0xAF, 0xC7, 0x85,
    0x7D, 0x36, 0xA3, 0x5B, 0xE1, 0x71, 0x39, 0xD9, 0xA0, 0xA0, 0x31, 0x58, 0x1C, 0x6C, 0x05, 0xE5,
    0x95, 0x59, 0x54, 0x3D, 0x11, 0x9C, 0x29, 0x04, 0xB7, 0x92, 0x2E, 0xF9, 0x56, 0xF4, 0x99, 0xD3,
    0xD1, 0x0D, 0xAC, 0x7B, 0x2E, 0xB9, 0x15, 0xD4, 0x9B, 0x2E, 0xA8, 0x68, 0x0A, 0x96, 0x34, 0xE0,
    0xFE, 0x19, 0x8A, 0x3C, 0x74, 0x96, 0x6C, 0xFA, 0xA8, 0x9C, 0xA2, 0x39, 0x45, 0xA1, 0xFB, 0xF8,
    0xC9, 0x33, 0x69, 0xA1, 0x89, 0x80, 0xDC, 0x04, 0x65, 0x0D, 0x40, 0x21, 0xAA, 0xEB, 0xA4, 0xF9,
    0x57, 0xB2, 0x7E, 0x16, 0x68, 0x06, 0x25, 0x6B, 0x0D, 0x90, 0xF5, 0x2A, 0xEF, 0x5C, 0xCB, 0x9A,
    0x57, 0x17, 0x66, 0x33, 0xAF, 0xF1, 0xE3, 0xCA, 0x86, 0xAC, 0x8B, 0xBE, 0xD8, 0x7F, 0xC2, 0x2B,
    0xAC, 0xBC, 0x86, 0x2D, 0xB6, 0x92, 0x3C, 0x47, 0xCF, 0x46, 0x2D, 0x31, 0xC9, 0x1A, 0xEE, 0x66,
    0x72, 0x4B, 0xE6, 0x56, 0xD6, 0xDF, 0xBD, 0x71, 0x56, 0x0A, 0xEF, 0x06, 0x20, 0x71, 0x31, 0x19,
    0xD6, 0x2E, 0x83, 0xED, 0x56, 0xF4, 0x63, 0x17, 0xA5, 0x29, 0x58, 0xD0, 0xC0, 0x3E, 0x6C, 0x61,
    0x8F, 0x67, 0x25, 0xB5, 0x97, 0x2B, 0x24, 0x73, 0x8F, 0xF0, 0xC7, 0x19, 0x45, 0x69, 0x78, 0x62,
    0xCA, 0x36, 0xB4, 0x40, 0x85, 0xB2, 0x5D, 0xC9, 0xDB, 0x15, 0x64, 0x8B, 0x9D, 0x64, 0x07, 0x3C,
    0xC7, 0x86, 0xA7, 0x90, 0x35, 0xA8, 0x7F, 0x61, 0x6F, 0xF7, 0x7A, 0x9D, 0xC7, 0x09, 0x7C, 0x2D,
    0x96, 0x13, 0x8B, 0x62, 0xB9, 0x85, 0x73, 0x90, 0x90, 0x7B, 0x7E, 0x22, 0xCF, 0xCE, 0x4E, 0x63,
    0x8E, 0x0A, 0x6A, 0x86, 0xE0, 0x86, 0x77, 0x82, 0x82, 0x4B, 0xDE, 0xF0, 0x8E, 0x78, 0x0E, 0x67,
    0xBD, 0x16, 0x33, 0xE0, 0xD0, 0x2C, 0x99, 0x5B, 0x6C, 0x78, 0x65, 0x18, 0xAF, 0x0E, 0x3D, 0x19,
    0x26, 0xD6, 0x47, 0x66, 0x1F, 0x27, 0x1F, 0xB8, 0x70, 0xD1, 0x27, 0x6D, 0x5C, 0xB8, 0x68, 0x4C,
    0xDC, 0xDE, 0x81, 0x3D, 0x9D, 0x3B, 0xF8, 0x71, 0x16, 0x1B, 0xA5, 0xE5, 0x8B, 0x54, 0x77, 0x9D,
    0x09, 0xCA, 0x25, 0x00, 0x0D, 0xE4, 0x6C, 0xC3, 0xB9, 0x07, 0x3A, 0x13, 0xA7, 0x74, 0x34, 0x34,
    0x61, 0xC5, 0x94, 0x2C, 0xEB, 0x72, 0x9A, 0x7F, 0xDB, 0x8F, 0xA3, 0x8E, 0x17, 0x2E, 0xE0, 0xB2,
    0xB1, 0x38, 0xA8, 0xBC, 0xC2, 0xCA, 0x2B, 0x92, 0xED, 0x2B, 0x75, 0xC2, 0x2B, 0xCD, 0x4C, 0x81,
    0xAD, 0xB7, 0x83, 0x15, 0x5C, 0x10, 0x78, 0x3B, 0xF9, 0x4C, 0x12, 0x0F, 0x37, 0xFB, 0x51, 0x92,
    0xA6, 0x20, 0x68, 0x78, 0xC8, 0x42, 0x4E, 0xD6, 0xD5, 0xEC, 0x63, 0x1D, 0x19, 0xEF, 0x15, 0xA2,
    0x2F, 0xE0, 0xE5, 0x7F, 0x72, 0xF6, 0xDF, 0x5E, 0x9C, 0x10, 0xAE, 0x03, 0xBC, 0x1D, 0xD1, 0x9A,
    0xD0, 0x48, 0x86, 0xFB, 0x68, 0x40, 0x63, 0xA2, 0xDD, 0xC0, 0xBF, 0xC1, 0xF1, 0x1A, 0xC8, 0x86,
    0xED, 0x19, 0xB9, 0x60, 0x4E, 0xB3, 0x54, 0x6F, 0x3C, 0x17, 0x2C, 0x0E, 0x9E, 0x08, 0xCA, 0x2B,
    0x79, 0xFC, 0x6D, 0x5A, 0x15, 0x9D, 0xA9, 0x8C, 0xEB, 0x8F, 0x37, 0xB7, 0x56, 0x75, 0xC7, 0xD7,
    0xAF, 0x37, 0x1E, 0xFF, 0xF9, 0x18, 0x94, 0x64, 0x83, 0x05, 0xB5, 0x78, 0x60, 0xFD, 0x09, 0xD4,
    0xC1, 0x0D, 0x31, 0x04, 0xB7, 0x85, 0x0D, 0xCE, 0xF3, 0xA8, 0xCB, 0xA6, 0xE0, 0x04, 0xC7, 0xE6,
    0x23, 0xE6, 0x7C, 0xB2, 0xE7, 0x2D, 0x66, 0xEC, 0x0F, 0x06, 0x68, 0xF8, 0xFA, 0x53, 0x1A, 0x54,
    0x2D, 0x34, 0xFF, 0xE5, 0x63, 0xD3, 0xEA, 0x7C, 0x28, 0x2C, 0xBA, 0xBE, 0x0B, 0x85, 0x21, 0x59,
    0x27, 0x2C, 0x46, 0x90, 0x7B, 0xA9, 0xEC, 0xF1, 0x46, 0x4E, 0xDB, 0xBC, 0x17, 0xC4, 0x41, 0xFC,
    0x40, 0x7B, 0xE1, 0xCB, 0x0D, 0x55, 0x73, 0xDD, 0x29, 0xA1, 0x01, 0x54, 0x15, 0x30, 0xE3, 0xF2,
    0xDC, 0x3B, 0xCF, 0x46, 0xCC, 0xBD, 0x8E, 0xFF, 0x0B, 0x3F, 0x7F, 0x1B, 0x2F, 0x86, 0xBA, 0x58,
    0xE3, 0x74, 0x85, 0x62, 0x80, 0xAA, 0xE3, 0x07, 0xA9, 0x2E, 0x1B, 0xAF, 0xFA, 0x47, 0x22, 0x96,
    0xEF, 0xBF, 0xC1, 0xAB, 0xE9, 0x9F, 0xCF, 0x5B, 0xEF, 0xAC, 0x46, 0xCE, 0x7E, 0xC5, 0xC2, 0x5E,
    0x56, 0x07, 0xB3, 0xCE, 0x78, 0xB3, 0xFF, 0x4A, 0x34, 0x78, 0x75, 0xBA, 0x1F, 0xF4, 0xF2, 0x4D,
    0x04, 0x81, 0x70, 0x3F, 0xB0, 0xBC, 0x71, 0x4D, 0x68, 0x24, 0x6B, 0x1D, 0x5E, 0x5F, 0x8D, 0x61,
    0x0D, 0xBA, 0x41, 0xDF, 0xDC, 0xF4, 0xC7, 0x47, 0xA3, 0xDE, 0x08, 0x53, 0xF0, 0xAD, 0x19, 0x9F,
    0xB9, 0x7F, 0x5D, 0xCC, 0x2A, 0x28, 0x88, 0x83, 0x3F, 0x9C, 0x71, 0x3F, 0x5A, 0x5E, 0x3F, 0x35,
    0x93, 0x66, 0x07, 0x52, 0x61, 0xA3, 0x30, 0x0E, 0x4A, 0x61, 0x4B, 0x7C, 0x32, 0x61, 0x43, 0x61,
    0x9E, 0x7F, 0x66, 0xE1, 0xBC, 0xA0, 0x81, 0x5F, 0x17, 0x0E, 0x5D, 0x58, 0xD8, 0x1B, 0xA1, 0x5B,
    0x40, 0xE5, 0x16, 0x64, 0xBC, 0xC2, 0x0A, 0xB2, 0xEC, 0x20, 0x3F, 0x75, 0x5E, 0x9E, 0xAE, 0x75,
    0x2D, 0x94, 0x7C, 0x7F, 0x09, 0x3D, 0x42, 0xA9, 0x0B, 0x23, 0x0A, 0x07, 0x25, 0x8B, 0x1A, 0x78,
    0x0B, 0xA9, 0x51, 0x68, 0x7D, 0x62, 0xB9, 0xEB, 0x7F, 0x21, 0xF6, 0x7A, 0xEF, 0x90, 0x5B, 0x94,
    0x5F, 0xC9, 0xFA, 0xE3, 0x16, 0x9B, 0x97, 0xBE, 0xD8, 0xBC, 0xFC, 0xF5, 0x1F, 0xB7, 0xFE, 0xF3,
    0x9E, 0x67, 0x00, 0xFC, 0xAE, 0x1C, 0xB6, 0x13, 0x48, 0x4B, 0xDE, 0xAC, 0xAA, 0xA1, 0x90, 0x2A,
    0x0C, 0x76, 0x96, 0xEA, 0xD1, 0x2D, 0x60, 0xEE, 0xD1, 0x14, 0xDE, 0xA3, 0x31, 0xDE, 0x57, 0xD8,
    0xD9, 0xE6, 0xE5, 0xAB, 0x9F, 0xFB, 0x7F, 0xB1, 0x73, 0x90, 0x3F, 0x19, 0x50, 0xB2, 0xD7, 0x4C,
    0xF4, 0xF5, 0x36, 0xDA, 0x21, 0xFA, 0x37, 0x80, 0x64, 0xFF, 0xFC, 0x9C, 0x77, 0x03, 0xB2, 0xDD,
    0xF1, 0x5F, 0xFC, 0x7C, 0xAA, 0x8E, 0x4A, 0x23, 0x5B, 0xBF, 0xAD, 0x2D, 0x6C, 0x34, 0x1F, 0xA3,
    0xDC, 0xE3, 0x05, 0xB7, 0x93, 0x7F, 0x54, 0x21, 0x88, 0x95, 0xEA, 0xAE, 0x3A, 0x95, 0x41, 0xD1,
    0x19, 0x66, 0xA1, 0xEC, 0x5B, 0xF8, 0xED, 0x40, 0x49, 0x2E, 0x58, 0xA4, 0x95, 0xDA, 0x6C, 0x33,
    0x10, 0x73, 0x7F, 0xF7, 0xD7, 0x79, 0xDE, 0x50, 0x75, 0x61, 0x32, 0x97, 0x5B, 0x69, 0x4A, 0x83,
    0x26, 0xB3, 0xFC, 0xAE, 0x2D, 0x54, 0x3B, 0x0A, 0xEB, 0x95, 0xF5, 0xE4, 0xB7, 0xB4, 0x00, 0x1C,
    0xA6, 0xF8, 0x69, 0x24, 0xB4, 0x2A, 0x2D, 0x72, 0x6A, 0xBC, 0xF0, 0xD7, 0xD0, 0x08, 0xAF, 0x78,
    0x28, 0x60, 0xCE, 0x56, 0xF5, 0xFA, 0xFF, 0x1F, 0xA2, 0x34, 0xB9, 0x4D, 0x95, 0x65, 0xD4, 0x16,
    0x3D, 0x9B, 0x4D, 0xA9, 0x90, 0x75, 0xAA, 0x0D, 0x36, 0x1A, 0x41, 0xBD, 0x88, 0xCA, 0x89, 0xCD,
    0x50, 0x5A, 0x56, 0xA2, 0x72, 0x6C, 0x53, 0x37, 0xC4, 0x2E, 0xF2, 0x85, 0xEE, 0xBD, 0x56, 0x8E,
    0xBC, 0x63, 0xD7, 0x36, 0x7D, 0x4E, 0x35, 0x16, 0x05, 0x85, 0x0A, 0xF0, 0x45, 0x35, 0x01, 0xD2,
    0xA5, 0xDF, 0x51, 0x19, 0xEF, 0xFF, 0x75, 0xA5, 0xDC, 0x44, 0x0B, 0x1B, 0xCD, 0x5D, 0x98, 0xE1,
    0x59, 0x74, 0x49, 0x65, 0xD2, 0xC7, 0x4B, 0x93, 0x79, 0xAA, 0x08, 0x80, 0x26, 0xC9, 0xDF, 0xE7,
    0xF3, 0x0F, 0x76, 0x54, 0xA4, 0x25, 0xDC, 0xE8, 0xD1, 0xB7, 0x04, 0xC2, 0x9C, 0xBF, 0x3E, 0x34,
    0xD6, 0x16, 0x2B, 0x1F, 0xBE, 0xFD, 0x0F, 0x93, 0x5D, 0xDC, 0xAE, 0x5D, 0xD2, 0xC6, 0xEF, 0x77,
    0x6D, 0x74, 0x01, 0x6F, 0x55, 0xE3, 0x6D, 0x6F, 0x45, 0x00, 0xBC, 0x72, 0x81, 0xC3, 0xF6, 0xCD,
    0x36, 0x0C, 0xFC, 0xD7, 0xE9, 0x1D, 0xAE, 0x78, 0x3A, 0x5A, 0xFE, 0x30, 0xCC, 0x94, 0xAF, 0xB7,
    0x25, 0x1B, 0x7F, 0x17, 0xA5, 0xEC, 0x9F, 0x96, 0xAF, 0xF6, 0x1B, 0xA8, 0xDA, 0x99, 0xBC, 0x6A,
    0x14, 0x1A, 0x48, 0x9E, 0xD6, 0xBD, 0xEB, 0x50, 0x5E, 0xBB, 0x06, 0x71, 0xC7, 0x42, 0xEC, 0xFF,
    0x0D, 0x40, 0x06, 0xB9, 0xFC, 0x73, 0xE4, 0xDE, 0xF8, 0xD1, 0xCC, 0x89, 0x2F, 0xCE, 0x7B, 0xF4,
    0x4A, 0x1C, 0xEE, 0x27, 0xA8, 0x05, 0x94, 0x51, 0xED, 0x9F, 0xE4, 0x0E, 0xBA, 0x3F, 0x81, 0x0D,
    0x9C, 0x46, 0x33, 0xC2, 0x0B, 0xD0, 0x22, 0xDB, 0xDC, 0xD9, 0xAC, 0x33, 0xEA, 0xF8, 0x82, 0xF5,
    0xE2, 0xE0, 0xDA, 0x7B, 0x6C, 0xB9, 0x7F, 0xD5, 0xF0, 0xF6, 0xEA, 0xC2, 0x2B, 0x60, 0x1B, 0xD9,
    0x06, 0x9D, 0x6C, 0x15, 0x5F, 0xD7, 0x97, 0x92, 0xCF, 0xC8, 0xF6, 0xA4, 0x7F, 0xFC, 0x45, 0xA4,
    0xED, 0x0F, 0x35, 0xB5, 0xFF, 0x0B, 0xA5, 0xC8, 0x01, 0x06, 0x02, 0x41, 0x14, 0xC7, 0xE1, 0xFF,
    0x5A, 0x0C, 0x16, 0x73, 0x84, 0x77, 0x84, 0x8E, 0xD8, 0x55, 0x42, 0x40, 0x87, 0x98, 0xEA, 0x04,
    0x7B, 0x84, 0x05, 0x10, 0x18, 0x3C, 0x64, 0x2D, 0xBF, 0xE6, 0x8D, 0x14, 0x01, 0x5A, 0xF8, 0xF0,
    0xC9, 0x18, 0xA4, 0x82, 0xCD, 0x03, 0x97, 0xC3, 0x32, 0x6E, 0x6A, 0xB8, 0xF2, 0x35, 0x55, 0x49,
    0x5F, 0x0C, 0x98, 0x09, 0x4A, 0xD0, 0x2E, 0xFF, 0xCB, 0xE4, 0xB2, 0x05, 0xEE, 0xD0, 0x51, 0x62,
    0x3D, 0x49, 0x47, 0xA8, 0x12, 0x8F, 0x52, 0x35, 0x6E, 0xCA, 0x4D, 0x0F, 0x53, 0xFD, 0xD5, 0xD6,
    0x73, 0x13, 0x9E, 0x5D, 0xFF, 0xFC, 0x7E, 0x27, 0x0F, 0xE1, 0x06, 0x6F, 0x5F,
};

static const EpdGlyph bitter_16_regularGlyphs[] = {
    { 0, 0, 0, 0, 0, 0, 0 }, // U+0000
    { 0, 0, 0, 0, 0, 0, 0 }, // U+0001
    { 0, 0, 0, 0, 0, 0, 0 }, // U+0002
    { 0, 0, 0, 0, 0, 0, 0 }, // U+0003
    { 0, 0, 0, 0, 0, 0, 0 }, // U+0004
    { 0, 0, 0, 0, 0, 0, 0 }, // U+0005
    { 0, 0, 0, 0, 0, 0, 0 }, // U+0006
    { 0, 0, 0, 0, 0, 0, 0 }, // U+0007
    { 0, 0, 0, 0, 0, 0, 0 }, // U+0008
    { 0, 0, 0, 0, 0, 0, 0 }, // U+0009
    { 0, 0, 0, 0, 0, 0, 0 }, // U+000A
    { 0, 0, 0, 0, 0, 0, 0 }, // U+000B
    { 0, 0, 0, 0, 0, 0, 0 }, // U+000C
    { 0, 0, 0, 0, 0, 0, 0 }, // U+000D
    { 0, 0, 0, 0, 0, 0, 0 }, // U+000E
    { 0, 0, 0, 0, 0, 0, 0 }, // U+000F
    { 0, 0, 0, 0, 0, 0, 0 }, // U+0010
    { 0, 0, 0, 0, 0, 0, 0 }, // U+0011
    { 0, 0, 0, 0, 0, 0, 0 }, // U+0012
    { 0, 0, 0, 0, 0, 0, 0 }, // U+0013
    { 0, 0, 0, 0, 0, 0, 0 }, // U+0014
    { 0, 0, 0, 0, 0, 0, 0 }, // U+0015
    { 0, 0, 0, 0, 0, 0, 0 }, // U+0016
    { 0, 0, 0, 0, 0, 0, 0 }, // U+0017
    { 0, 0, 0, 0, 0, 0, 0 }, // U+0018
    { 0, 0, 0, 0, 0, 0, 0 }, // U+0019
    { 0, 0, 0, 0, 0, 0, 0 }, // U+001A
    { 0, 0, 0, 0, 0, 0, 0 }, // U+001B
    { 0, 0, 0, 0, 0, 0, 0 }, // U+001C
    { 0, 0, 0, 0, 0, 0, 0 }, // U+001D
    { 0, 0, 0, 0, 0, 0, 0 }, // U+001E
    { 0, 0, 0, 0, 0, 0, 0 }, // U+001F
    { 0, 0, 103, 0, 0, 0, 0 }, // U+0020
    { 5, 25, 175, 3, 24, 32, 0 }, // !
    { 9, 9, 214, 2, 26, 21, 32 }, // "
    { 20, 24, 357, 1, 24, 120, 53 }, // #
    { 17, 33, 330, 2, 28, 141, 173 }, // $
    { 26, 25, 455, 1, 24, 163, 314 }, // %
    { 20, 25, 365, 2, 24, 125, 477 }, // &
    { 4, 9, 127, 2, 26, 9, 602 }, // '
    { 9, 35, 166, 1, 30, 79, 611 }, // (
    { 9, 35, 166, 0, 30, 79, 690 }, // )
    { 12, 12, 252, 2, 26, 36, 769 }, // *
    { 17, 17, 300, 1, 20, 73, 805 }, // +
    { 6, 10, 123, 1, 4, 15, 878 }, // ,
    { 11, 4, 242, 2, 12, 11, 893 }, // -
    { 5, 5, 116, 1, 4, 7, 904 }, // .
    { 12, 30, 172, -1, 27, 90, 911 }, // /
    { 20, 21, 350, 1, 20, 105, 1001 }, // 0
    { 14, 19, 227, 0, 19, 67, 1106 }, // 1
    { 17, 20, 304, 1, 20, 85, 1173 }, // 2
    { 16, 25, 290, 0, 20, 100, 1258 }, // 3
    { 20, 24, 320, 0, 20, 120, 1358 }, // 4
    { 16, 25, 276, 0, 20, 100, 1478 }, // 5
    { 17, 25, 319, 2, 24, 107, 1578 }, // 6
    { 17, 25, 277, 0, 20, 107, 1685 }, // 7
    { 17, 25, 320, 1, 24, 107, 1792 }, // 8
    { 17, 25, 319, 1, 20, 107, 1899 }, // 9
    { 5, 17, 116, 1, 16, 22, 2006 }, // :
    { 6, 22, 121, 0, 16, 33, 2028 }, // ;
    { 16, 16, 296, 1, 20, 64, 2061 }, // <
    { 16, 9, 291, 1, 16, 36, 2125 }, // =
    { 15, 15, 294, 2, 19, 57, 2161 }, // >
    { 12, 25, 228, 1, 24, 75, 2218 }, // ?
    { 26, 26, 465, 2, 22, 169, 2293 }, // @
    { 24, 24, 379, 0, 24, 144, 2462 }, // A
    { 19, 24, 344, 1, 24, 114, 2606 }, // B
    { 19, 25, 342, 1, 24, 119, 2720 }, // C
    { 22, 24, 382, 1, 24, 132, 2839 }, // D
    { 18, 24, 329, 1, 24, 108, 2971 }, // E
    { 17, 24, 300, 1, 24, 102, 3079 }, // F
    { 23, 25, 390, 1, 24, 144, 3181 }, // G
    { 24, 24, 423, 1, 24, 144, 3325 }, // H
    { 10, 24, 189, 1, 24, 60, 3469 }, // I
    { 12, 30, 179, -1, 24, 90, 3529 }, // J
    { 23, 24, 380, 1, 24, 138, 3619 }, // K
    { 17, 24, 296, 1, 24, 102, 3757 }, // L
    { 28, 24, 472, 1, 24, 168, 3859 }, // M
    { 25, 24, 419, 1, 24, 150, 4027 }, // N
    { 22, 25, 395, 1, 24, 138, 4177 }, // O
    { 18, 24, 320, 1, 24, 108, 4315 }, // P
    { 27, 30, 399, 1, 24, 203, 4423 }, // Q
    { 21, 24, 352, 1, 24, 126, 4626 }, // R
    { 17, 25, 320, 2, 24, 107, 4752 }, // S
    { 19, 24, 317, 0, 24, 114, 4859 }, // T
    { 25, 25, 398, 0, 24, 157, 4973 }, // U
    { 24, 25, 372, 0, 24, 150, 5130 }, // V
    { 34, 25, 546, 0, 24, 213, 5280 }, // W
    { 23, 24, 374, 0, 24, 138, 5493 }, // X
    { 22, 24, 343, 0, 24, 132, 5631 }, // Y
    { 18, 24, 330, 1, 24, 108, 5763 }, // Z
    { 9, 33, 184, 3, 29, 75, 5871 }, // [
    { 11, 30, 176, 0, 27, 83, 5946 }, // <backslash>
    { 9, 33, 184, 0, 29, 75, 6029 }, // ]
    { 16, 12, 291, 1, 29, 48, 6104 }, // ^
    { 18, 3, 263, -1, -2, 14, 6152 }, // _
    { 9, 8, 171, 1, 28, 18, 6166 }, // `
    { 17, 19, 294, 1, 18, 81, 6184 }, // a
    { 18, 27, 310, 0, 26, 122, 6265 }, // b
    { 16, 19, 274, 1, 18, 76, 6387 }, // c
    { 19, 27, 318, 1, 26, 129, 6463 }, // d
    { 16, 19, 292, 1, 18, 76, 6592 }, // e
    { 13, 26, 190, 1, 26, 85, 6668 }, // f
    { 18, 26, 301, 0, 18, 117, 6753 }, // g
    { 21, 26, 334, 0, 26, 137, 6870 }, // h
    { 9, 26, 163, 1, 26, 59, 7007 }, // i
    { 9, 34, 148, -2, 26, 77, 7066 }, // j
    { 19, 26, 307, 0, 26, 124, 7143 }, // k
    { 10, 26, 157, 0, 26, 65, 7267 }, // l
    { 31, 18, 509, 1, 18, 140, 7332 }, // m
    { 20, 18, 340, 1, 18, 90, 7472 }, // n
    { 17, 19, 307, 1, 18, 81, 7562 }, // o
    { 19, 26, 320, 0, 18, 124, 7643 }, // p
    { 19, 26, 310, 1, 18, 124, 7767 }, // q
    { 14, 18, 240, 1, 18, 63, 7891 }, // r
    { 14, 19, 255, 1, 18, 67, 7954 }, // s
    { 12, 24, 199, 0, 23, 72, 8021 }, // t
    { 21, 19, 333, 0, 18, 100, 8093 }, // u
    { 19, 19, 284, -1, 18, 91, 8193 }, // v
    { 29, 19, 432, -1, 18, 138, 8284 }, // w
    { 19, 18, 298, 0, 18, 86, 8422 }, // x
    { 20, 26, 287, -1, 18, 130, 8508 }, // y
    { 14, 18, 261, 1, 18, 63, 8638 }, // z
    { 11, 33, 186, 0, 29, 91, 8701 }, // {
    { 3, 31, 173, 4, 27, 24, 8792 }, // |
    { 11, 33, 186, 0, 29, 91, 8816 }, // }
    { 18, 6, 321, 1, 15, 27, 8907 }, // ~
    { 0, 0, 0, 0, 0, 0, 8934 }, // U+007F
    { 0, 0, 0, 0, 0, 0, 0 }, // U+0080
    { 0, 0, 0, 0, 0, 0, 0 }, // U+0081
    { 0, 0, 0, 0, 0, 0, 0 }, // U+0082
    { 0, 0, 0, 0, 0, 0, 0 }, // U+0083
    { 0, 0, 0, 0, 0, 0, 0 }, // U+0084
    { 0, 0, 0, 0, 0, 0, 0 }, // U+0085
    { 0, 0, 0, 0, 0, 0, 0 }, // U+0086
    { 0, 0, 0, 0, 0, 0, 0 }, // U+0087
    { 0, 0, 0, 0, 0, 0, 0 }, // U+0088
    { 0, 0, 0, 0, 0, 0, 0 }, // U+0089
    { 0, 0, 0, 0, 0, 0, 0 }, // U+008A
    { 0, 0, 0, 0, 0, 0, 0 }, // U+008B
    { 0, 0, 0, 0, 0, 0, 0 }, // U+008C
    { 0, 0, 0, 0, 0, 0, 0 }, // U+008D
    { 0, 0, 0, 0, 0, 0, 0 }, // U+008E
    { 0, 0, 0, 0, 0, 0, 0 }, // U+008F
    { 0, 0, 0, 0, 0, 0, 0 }, // U+0090
    { 0, 0, 0, 0, 0, 0, 0 }, // U+0091
    { 0, 0, 0, 0, 0, 0, 0 }, // U+0092
    { 0, 0, 0, 0, 0, 0, 0 }, // U+0093
    { 0, 0, 0, 0, 0, 0, 0 }, // U+0094
    { 0, 0, 0, 0, 0, 0, 0 }, // U+0095
    { 0, 0, 0, 0, 0, 0, 0 }, // U+0096
    { 0, 0, 0, 0, 0, 0, 0 }, // U+0097
    { 0, 0, 0, 0, 0, 0, 0 }, // U+0098
    { 0, 0, 0, 0, 0, 0, 0 }, // U+0099
    { 0, 0, 0, 0, 0, 0, 0 }, // U+009A
    { 0, 0, 0, 0, 0, 0, 0 }, // U+009B
    { 0, 0, 0, 0, 0, 0, 0 }, // U+009C
    { 0, 0, 0, 0, 0, 0, 0 }, // U+009D
    { 0, 0, 0, 0, 0, 0, 0 }, // U+009E
    { 0, 0, 0, 0, 0, 0, 0 }, // U+009F
    { 0, 0, 103, 0, 0, 0, 0 }, // U+00A0
    { 5, 24, 175, 3, 17, 30, 0 }, // U+00A1
    { 15, 26, 298, 2, 25, 98, 30 }, // U+00A2
    { 18, 24, 358, 2, 24, 108, 128 }, // U+00A3
    { 18, 16, 355, 2, 18, 72, 236 }, // U+00A4
    { 22, 24, 380, 1, 24, 132, 308 }, // U+00A5
    { 3, 31, 173, 4, 27, 24, 440 }, // U+00A6
    { 15, 30, 300, 2, 24, 113, 464 }, // U+00A7
    { 11, 5, 243, 2, 26, 14, 577 }, // U+00A8
    { 25, 25, 470, 2, 24, 157, 591 }, // U+00A9
    { 13, 19, 234, 1, 24, 62, 748 }, // U+00AA
    { 15, 16, 272, 1, 17, 60, 810 }, // U+00AB
    { 17, 10, 324, 1, 13, 43, 870 }, // U+00AC
    { 0, 0, 0, 0, 0, 0, 913 }, // U+00AD
    { 21, 20, 395, 2, 25, 105, 913 }, // U+00AE
    { 10, 3, 229, 2, 25, 8, 1018 }, // U+00AF
    { 11, 11, 237, 1, 25, 31, 1026 }, // U+00B0
    { 16, 21, 315, 2, 22, 84, 1057 }, // U+00B1
    { 10, 15, 191, 1, 27, 38, 1141 }, // U+00B2
    { 11, 16, 197, 0, 27, 44, 1179 }, // U+00B3
    { 9, 8, 175, 2, 28, 18, 1223 }, // U+00B4
    { 21, 26, 349, 0, 18, 137, 1241 }, // U+00B5
    { 18, 30, 327, 1, 24, 135, 1378 }, // U+00B6
    { 5, 5, 116, 1, 13, 7, 1513 }, // U+00B7
    { 9, 8, 172, 1, 0, 18, 1520 }, // U+00B8
    { 9, 15, 150, 0, 27, 34, 1538 }, // U+00B9
    { 14, 19, 255, 1, 24, 67, 1572 }, // U+00BA
    { 15, 16, 272, 1, 17, 60, 1639 }, // U+00BB
    { 28, 25, 456, 0, 24, 175, 1699 }, // U+00BC
    { 27, 25, 468, 1, 24, 169, 1874 }, // U+00BD
    { 29, 25, 476, 0, 24, 182, 2043 }, // U+00BE
    { 13, 25, 227, 0, 18, 82, 2225 }, // U+00BF
    { 24, 31, 379, 0, 31, 186, 2307 }, // U+00C0
    { 24, 31, 379, 0, 31, 186, 2493 }, // U+00C1
    { 24, 31, 379, 0, 31, 186, 2679 }, // U+00C2
    { 24, 30, 379, 0, 30, 180, 2865 }, // U+00C3
    { 24, 30, 379, 0, 30, 180, 3045 }, // U+00C4
    { 24, 32, 379, 0, 32, 192, 3225 }, // U+00C5
    { 30, 24, 504, 0, 24, 180, 3417 }, // U+00C6
    { 19, 32, 342, 1, 24, 152, 3597 }, // U+00C7
    { 18, 31, 329, 1, 31, 140, 3749 }, // U+00C8
    { 18, 31, 329, 1, 31, 140, 3889 }, // U+00C9
    { 18, 31, 329, 1, 31, 140, 4029 }, // U+00CA
    { 18, 30, 329, 1, 30, 135, 4169 }, // U+00CB
    { 10, 31, 189, 1, 31, 78, 4304 }, // U+00CC
    { 10, 31, 189, 1, 31, 78, 4382 }, // U+00CD
    { 12, 31, 189, 0, 31, 93, 4460 }, // U+00CE
    { 12, 30, 189, 0, 30, 90, 4553 }, // U+00CF
    { 22, 24, 382, 1, 24, 132, 4643 }, // U+00D0
    { 25, 30, 419, 1, 30, 188, 4775 }, // U+00D1
    { 22, 32, 395, 1, 31, 176, 4963 }, // U+00D2
    { 22, 32, 395, 1, 31, 176, 5139 }, // U+00D3
    { 22, 32, 395, 1, 31, 176, 5315 }, // U+00D4
    { 22, 31, 395, 1, 30, 171, 5491 }, // U+00D5
    { 22, 31, 395, 1, 30, 171, 5662 }, // U+00D6
    { 15, 15, 269, 1, 19, 57, 5833 }, // U+00D7
    { 22, 29, 396, 1, 26, 160, 5890 }, // U+00D8
    { 25, 32, 398, 0, 31, 200, 6050 }, // U+00D9
    { 25, 32, 398, 0, 31, 200, 6250 }, // U+00DA
    { 25, 32, 398, 0, 31, 200, 6450 }, // U+00DB
    { 25, 31, 398, 0, 30, 194, 6650 }, // U+00DC
    { 22, 31, 343, 0, 31, 171, 6844 }, // U+00DD
    { 18, 24, 314, 1, 24, 108, 7015 }, // U+00DE
    { 21, 27, 355, 1, 26, 142, 7123 }, // U+00DF
    { 17, 29, 294, 1, 28, 124, 7265 }, // U+00E0
    { 17, 29, 294, 1, 28, 124, 7389 }, // U+00E1
    { 17, 28, 294, 1, 27, 119, 7513 }, // U+00E2
    { 17, 27, 294, 1, 26, 115, 7632 }, // U+00E3
    { 17, 27, 294, 1, 26, 115, 7747 }, // U+00E4
    { 17, 29, 294, 1, 28, 124, 7862 }, // U+00E5
    { 27, 19, 460, 1, 18, 129, 7986 }, // U+00E6
    { 16, 26, 274, 1, 18, 104, 8115 }, // U+00E7
    { 16, 29, 293, 1, 28, 116, 8219 }, // U+00E8
    { 16, 29, 293, 1, 28, 116, 8335 }, // U+00E9
    { 16, 28, 293, 1, 27, 112, 8451 }, // U+00EA
    { 16, 27, 293, 1, 26, 108, 8563 }, // U+00EB
    { 10, 28, 163, 0, 28, 70, 8671 }, // U+00EC
    { 10, 28, 163, 1, 28, 70, 8741 }, // U+00ED
    { 11, 27, 163, 0, 27, 75, 8811 }, // U+00EE
    { 11, 26, 163, -1, 26, 72, 8886 }, // U+00EF
    { 17, 28, 311, 1, 27, 119, 8958 }, // U+00F0
    { 20, 26, 340, 1, 26, 130, 9077 }, // U+00F1
    { 17, 29, 307, 1, 28, 124, 9207 }, // U+00F2
    { 17, 29, 307, 1, 28, 124, 9331 }, // U+00F3
    { 17, 28, 307, 1, 27, 119, 9455 }, // U+00F4
    { 17, 27, 307, 1, 26, 115, 9574 }, // U+00F5
    { 17, 27, 307, 1, 26, 115, 9689 }, // U+00F6
    { 16, 17, 291, 1, 20, 68, 9804 }, // U+00F7
    { 17, 24, 309, 1, 21, 102, 9872 }, // U+00F8
    { 21, 29, 333, 0, 28, 153, 9974 }, // U+00F9
    { 21, 29, 333, 0, 28, 153, 10127 }, // U+00FA
    { 21, 28, 333, 0, 27, 147, 10280 }, // U+00FB
    { 21, 27, 333, 0, 26, 142, 10427 }, // U+00FC
    { 20, 36, 287, -1, 28, 180, 10569 }, // U+00FD
    { 19, 34, 312, 0, 26, 162, 10749 }, // U+00FE
    { 20, 34, 287, -1, 26, 170, 10911 }, // U+00FF
    { 24, 29, 379, 0, 29, 174, 0 }, // U+0100
    { 17, 26, 294, 1, 25, 111, 174 }, // U+0101
    { 24, 31, 379, 0, 31, 186, 285 }, // U+0102
    { 17, 27, 294, 1, 26, 115, 471 }, // U+0103
    { 24, 32, 379, 0, 24, 192, 586 }, // U+0104
    { 17, 26, 294, 1, 18, 111, 778 }, // U+0105
    { 19, 32, 342, 1, 31, 152, 889 }, // U+0106
    { 16, 29, 274, 1, 28, 116, 1041 }, // U+0107
    { 19, 32, 342, 1, 31, 152, 1157 }, // U+0108
    { 16, 28, 274, 1, 27, 112, 1309 }, // U+0109
    { 19, 31, 342, 1, 30, 148, 1421 }, // U+010A
    { 16, 27, 274, 1, 26, 108, 1569 }, // U+010B
    { 19, 32, 342, 1, 31, 152, 1677 }, // U+010C
    { 16, 28, 274, 1, 27, 112, 1829 }, // U+010D
    { 22, 31, 382, 1, 31, 171, 1941 }, // U+010E
    { 22, 28, 318, 1, 27, 154, 2112 }, // U+010F
    { 22, 24, 382, 1, 24, 132, 2266 }, // U+0110
    { 19, 27, 318, 1, 26, 129, 2398 }, // U+0111
    { 18, 29, 329, 1, 29, 131, 2527 }, // U+0112
    { 16, 26, 293, 1, 25, 104, 2658 }, // U+0113
    { 18, 31, 329, 1, 31, 140, 2762 }, // U+0114
    { 16, 27, 293, 1, 26, 108, 2902 }, // U+0115
    { 18, 30, 329, 1, 30, 135, 3010 }, // U+0116
    { 16, 27, 293, 1, 26, 108, 3145 }, // U+0117
    { 18, 32, 329, 1, 24, 144, 3253 }, // U+0118
    { 16, 26, 293, 1, 18, 104, 3397 }, // U+0119
    { 18, 31, 329, 1, 31, 140, 3501 }, // U+011A
    { 16, 28, 293, 1, 27, 112, 3641 }, // U+011B
    { 23, 32, 390, 1, 31, 184, 3753 }, // U+011C
    { 18, 35, 301, 0, 27, 158, 3937 }, // U+011D
    { 23, 32, 390, 1, 31, 184, 4095 }, // U+011E
    { 18, 34, 301, 0, 26, 153, 4279 }, // U+011F
    { 23, 31, 390, 1, 30, 179, 4432 }, // U+0120
    { 18, 34, 301, 0, 26, 153, 4611 }, // U+0121
    { 23, 34, 390, 1, 24, 196, 4764 }, // U+0122
    { 18, 37, 301, 0, 29, 167, 4960 }, // U+0123
    { 24, 31, 423, 1, 31, 186, 5127 }, // U+0124
    { 23, 32, 334, -2, 32, 184, 5313 }, // U+0125
    { 25, 24, 428, 1, 24, 150, 5497 }, // U+0126
    { 21, 26, 334, 0, 26, 137, 5647 }, // U+0127
    { 12, 30, 189, 0, 30, 90, 5784 }, // U+0128
    { 12, 26, 163, -1, 26, 78, 5874 }, // U+0129
    { 10, 29, 189, 1, 29, 73, 5952 }, // U+012A
    { 9, 25, 163, 1, 25, 57, 6025 }, // U+012B
    { 10, 31, 189, 1, 31, 78, 6082 }, // U+012C
    { 10, 26, 163, 0, 26, 65, 6160 }, // U+012D
    { 10, 32, 189, 1, 24, 80, 6225 }, // U+012E
    { 9, 34, 163, 1, 26, 77, 6305 }, // U+012F
    { 10, 30, 189, 1, 30, 75, 6382 }, // U+0130
    { 9, 18, 163, 1, 18, 41, 6457 }, // U+0131
    { 22, 30, 375, 1, 24, 165, 6498 }, // U+0132
    { 16, 34, 313, 1, 26, 136, 6663 }, // U+0133
    { 13, 37, 179, -1, 31, 121, 6799 }, // U+0134
    { 12, 35, 148, -2, 27, 105, 6920 }, // U+0135
    { 23, 34, 380, 1, 24, 196, 7025 }, // U+0136
    { 19, 36, 307, 0, 26, 171, 7221 }, // U+0137
    { 19, 18, 316, 1, 18, 86, 7392 }, // U+0138
    { 17, 31, 296, 1, 31, 132, 7478 }, // U+0139
    { 10, 32, 157, 0, 32, 80, 7610 }, // U+013A
    { 17, 34, 296, 1, 24, 145, 7690 }, // U+013B
    { 10, 36, 157, 0, 26, 90, 7835 }, // U+013C
    { 17, 25, 296, 1, 25, 107, 7925 }, // U+013D
    { 12, 27, 157, 0, 27, 81, 8032 }, // U+013E
    { 17, 24, 296, 1, 24, 102, 8113 }, // U+013F
    { 14, 26, 220, 0, 26, 91, 8215 }, // U+0140
    { 18, 24, 306, 1, 24, 108, 8306 }, // U+0141
    { 10, 26, 185, 1, 26, 65, 8414 }, // U+0142
    { 25, 31, 419, 1, 31, 194, 8479 }, // U+0143
    { 20, 28, 340, 1, 28, 140, 8673 }, // U+0144
    { 25, 34, 419, 1, 24, 213, 8813 }, // U+0145
    { 20, 28, 340, 1, 18, 140, 9026 }, // U+0146
    { 25, 31, 419, 1, 31, 194, 9166 }, // U+0147
    { 20, 27, 340, 1, 27, 135, 9360 }, // U+0148
    { 25, 27, 395, 0, 27, 169, 9495 }, // U+0149
    { 25, 32, 424, 1, 24, 200, 9664 }, // U+014A
    { 18, 26, 333, 1, 18, 117, 9864 }, // U+014B
    { 22, 30, 395, 1, 29, 165, 9981 }, // U+014C
    { 17, 26, 307, 1, 25, 111, 10146 }, // U+014D
    { 22, 32, 395, 1, 31, 176, 10257 }, // U+014E
    { 17, 27, 307, 1, 26, 115, 10433 }, // U+014F
    { 22, 33, 395, 1, 32, 182, 10548 }, // U+0150
    { 17, 29, 307, 1, 28, 124, 10730 }, // U+0151
    { 29, 25, 500, 1, 24, 182, 10854 }, // U+0152
    { 29, 19, 501, 1, 18, 138, 11036 }, // U+0153
    { 21, 31, 352, 1, 31, 163, 11174 }, // U+0154
    { 14, 28, 240, 1, 28, 98, 11337 }, // U+0155
    { 21, 34, 352, 1, 24, 179, 11435 }, // U+0156
    { 14, 28, 240, 1, 18, 98, 11614 }, // U+0157
    { 21, 31, 352, 1, 31, 163, 11712 }, // U+0158
    { 14, 27, 240, 1, 27, 95, 11875 }, // U+0159
    { 17, 32, 320, 2, 31, 136, 11970 }, // U+015A
    { 14, 29, 264, 1, 28, 102, 12106 }, // U+015B
    { 17, 32, 320, 2, 31, 136, 12208 }, // U+015C
    { 14, 28, 264, 1, 27, 98, 12344 }, // U+015D
    { 17, 32, 320, 2, 24, 136, 12442 }, // U+015E
    { 14, 26, 264, 1, 18, 91, 12578 }, // U+015F
    { 17, 32, 320, 2, 31, 136, 12669 }, // U+0160
    { 14, 28, 264, 1, 27, 98, 12805 }, // U+0161
    { 19, 32, 317, 0, 24, 152, 12903 }, // U+0162
    { 12, 31, 199, 0, 23, 93, 13055 }, // U+0163
    { 19, 31, 317, 0, 31, 148, 13148 }, // U+0164
    { 13, 28, 199, 0, 27, 91, 13296 }, // U+0165
    { 19, 24, 317, 0, 24, 114, 13387 }, // U+0166
    { 12, 24, 203, 0, 23, 72, 13501 }, // U+0167
    { 25, 31, 398, 0, 30, 194, 13573 }, // U+0168
    { 21, 27, 333, 0, 26, 142, 13767 }, // U+0169
    { 25, 30, 398, 0, 29, 188, 13909 }, // U+016A
    { 21, 26, 333, 0, 25, 137, 14097 }, // U+016B
    { 25, 32, 398, 0, 31, 200, 14234 }, // U+016C
    { 21, 27, 333, 0, 26, 142, 14434 }, // U+016D
    { 25, 33, 398, 0, 32, 207, 14576 }, // U+016E
    { 21, 29, 333, 0, 28, 153, 14783 }, // U+016F
    { 25, 33, 398, 0, 32, 207, 14936 }, // U+0170
    { 21, 29, 333, 0, 28, 153, 15143 }, // U+0171
    { 25, 32, 398, 0, 24, 200, 15296 }, // U+0172
    { 21, 26, 333, 0, 18, 137, 15496 }, // U+0173
    { 34, 32, 546, 0, 31, 272, 15633 }, // U+0174
    { 29, 28, 432, -1, 27, 203, 15905 }, // U+0175
    { 22, 31, 343, 0, 31, 171, 16108 }, // U+0176
    { 20, 35, 287, -1, 27, 175, 16279 }, // U+0177
    { 22, 30, 343, 0, 30, 165, 16454 }, // U+0178
    { 18, 31, 330, 1, 31, 140, 16619 }, // U+0179
    { 14, 28, 261, 1, 28, 98, 16759 }, // U+017A
    { 18, 30, 330, 1, 30, 135, 16857 }, // U+017B
    { 14, 26, 261, 1, 26, 91, 16992 }, // U+017C
    { 18, 31, 330, 1, 31, 140, 17083 }, // U+017D
    { 14, 27, 261, 1, 27, 95, 17223 }, // U+017E
    { 13, 26, 189, 1, 26, 85, 17318 }, // U+017F
    { 23, 30, 402, 1, 29, 173, 0 }, // U+01A0
    { 18, 24, 308, 1, 23, 108, 173 }, // U+01A1
    { 25, 30, 399, 0, 29, 188, 281 }, // U+01AF
    { 21, 24, 341, 0, 23, 126, 469 }, // U+01B0
    { 41, 31, 697, 1, 31, 318, 595 }, // U+01C4
    { 38, 27, 643, 1, 27, 257, 913 }, // U+01C5
    { 34, 28, 579, 1, 27, 238, 1170 }, // U+01C6
    { 28, 30, 471, 1, 24, 210, 1408 }, // U+01C7
    { 25, 34, 444, 1, 26, 213, 1618 }, // U+01C8
    { 17, 34, 301, 0, 26, 145, 1831 }, // U+01C9
    { 36, 30, 597, 1, 24, 270, 1976 }, // U+01CA
    { 32, 34, 560, 1, 26, 272, 2246 }, // U+01CB
    { 27, 34, 487, 1, 26, 230, 2518 }, // U+01CC
    { 24, 31, 379, 0, 31, 186, 2748 }, // U+01CD
    { 17, 28, 294, 1, 27, 119, 2934 }, // U+01CE
    { 12, 31, 189, 0, 31, 93, 3053 }, // U+01CF
    { 11, 27, 163, 0, 27, 75, 3146 }, // U+01D0
    { 22, 32, 395, 1, 31, 176, 3221 }, // U+01D1
    { 17, 28, 307, 1, 27, 119, 3397 }, // U+01D2
    { 25, 32, 398, 0, 31, 200, 3516 }, // U+01D3
    { 21, 28, 333, 0, 27, 147, 3716 }, // U+01D4
    { 25, 34, 398, 0, 33, 213, 3863 }, // U+01D5
    { 21, 29, 333, 0, 28, 153, 4076 }, // U+01D6
    { 25, 35, 398, 0, 34, 219, 4229 }, // U+01D7
    { 21, 30, 333, 0, 29, 158, 4448 }, // U+01D8
    { 25, 35, 398, 0, 34, 219, 4606 }, // U+01D9
    { 21, 31, 333, 0, 30, 163, 4825 }, // U+01DA
    { 25, 35, 398, 0, 34, 219, 4988 }, // U+01DB
    { 21, 30, 333, 0, 29, 158, 5207 }, // U+01DC
    { 23, 32, 390, 1, 31, 184, 5365 }, // U+01E6
    { 18, 35, 301, 0, 27, 158, 5549 }, // U+01E7
    { 22, 32, 395, 1, 24, 176, 5707 }, // U+01EA
    { 17, 26, 307, 1, 18, 111, 5883 }, // U+01EB
    { 41, 24, 697, 1, 24, 246, 5994 }, // U+01F1
    { 38, 24, 643, 1, 24, 228, 6240 }, // U+01F2
    { 34, 27, 579, 1, 26, 230, 6468 }, // U+01F3
    { 24, 37, 379, 0, 37, 222, 6698 }, // U+01FA
    { 17, 33, 294, 1, 32, 141, 6920 }, // U+01FB
    { 30, 31, 504, 0, 31, 233, 7061 }, // U+01FC
    { 27, 29, 461, 1, 28, 196, 7294 }, // U+01FD
    { 22, 34, 396, 1, 31, 187, 7490 }, // U+01FE
    { 17, 31, 309, 1, 28, 132, 7677 }, // U+01FF
    { 24, 32, 379, 0, 32, 192, 7809 }, // U+0200
    { 17, 29, 294, 1, 28, 124, 8001 }, // U+0201
    { 24, 30, 379, 0, 30, 180, 8125 }, // U+0202
    { 17, 27, 294, 1, 26, 115, 8305 }, // U+0203
    { 18, 32, 329, 1, 32, 144, 8420 }, // U+0204
    { 16, 29, 293, 1, 28, 116, 8564 }, // U+0205
    { 18, 30, 329, 1, 30, 135, 8680 }, // U+0206
    { 16, 27, 293, 1, 26, 108, 8815 }, // U+0207
    { 11, 32, 189, 0, 32, 88, 8923 }, // U+0208
    { 12, 28, 163, -2, 28, 84, 9011 }, // U+0209
    { 10, 30, 189, 1, 30, 75, 9095 }, // U+020A
    { 10, 26, 163, 0, 26, 65, 9170 }, // U+020B
    { 22, 33, 395, 1, 32, 182, 9235 }, // U+020C
    { 17, 29, 307, 1, 28, 124, 9417 }, // U+020D
    { 22, 31, 395, 1, 30, 171, 9541 }, // U+020E
    { 17, 27, 307, 1, 26, 115, 9712 }, // U+020F
    { 21, 32, 352, 1, 32, 168, 9827 }, // U+0210
    { 14, 28, 240, 1, 28, 98, 9995 }, // U+0211
    { 21, 30, 352, 1, 30, 158, 10093 }, // U+0212
    { 14, 26, 240, 1, 26, 91, 10251 }, // U+0213
    { 25, 33, 398, 0, 32, 207, 10342 }, // U+0214
    { 21, 29, 333, 0, 28, 153, 10549 }, // U+0215
    { 25, 31, 398, 0, 30, 194, 10702 }, // U+0216
    { 21, 27, 333, 0, 26, 142, 10896 }, // U+0217
    { 17, 34, 320, 2, 24, 145, 11038 }, // U+0218
    { 14, 28, 264, 1, 18, 98, 11183 }, // U+0219
    { 19, 34, 317, 0, 24, 162, 11281 }, // U+021A
    { 12, 33, 199, 0, 23, 99, 11443 }, // U+021B
    { 9, 8, 0, 1, 28, 18, 0 }, // U+0300
    { 9, 8, 0, 2, 28, 18, 18 }, // U+0301
    { 12, 7, 0, 2, 27, 21, 36 }, // U+0302
    { 12, 5, 0, 2, 26, 15, 57 }, // U+0303
    { 10, 3, 0, 2, 25, 8, 72 }, // U+0304
    { 11, 6, 0, 1, 26, 17, 80 }, // U+0306
    { 5, 5, 0, 1, 26, 7, 97 }, // U+0307
    { 11, 5, 0, 2, 26, 14, 104 }, // U+0308
    { 8, 8, 0, 1, 28, 16, 118 }, // U+0309
    { 8, 8, 0, 2, 28, 16, 134 }, // U+030A
    { 11, 8, 0, 1, 28, 22, 150 }, // U+030B
    { 13, 7, 0, 0, 27, 23, 172 }, // U+030C
    { 11, 8, 0, 1, 28, 22, 195 }, // U+030F
    { 11, 6, 0, 1, 26, 17, 217 }, // U+0311
    { 5, 8, 0, 1, 29, 10, 234 }, // U+0312
    { 6, 8, 0, 1, 23, 12, 244 }, // U+031B
    { 5, 5, 0, 1, -2, 7, 256 }, // U+0323
    { 11, 5, 0, 2, -1, 14, 263 }, // U+0324
    { 5, 8, 0, 1, -2, 10, 277 }, // U+0326
    { 9, 8, 0, 1, 0, 18, 287 }, // U+0327
    { 8, 10, 0, 1, 2, 20, 305 }, // U+0328
    { 11, 6, 0, 1, -2, 17, 325 }, // U+032E
    { 10, 3, 0, 2, -3, 8, 342 }, // U+0331
    { 13, 3, 0, 1, 11, 10, 350 }, // U+0335
    { 0, 0, 0, 0, 0, 0, 360 }, // U+034F
    { 21, 23, 344, 0, 23, 121, 0 }, // U+03BB
    { 18, 31, 329, 1, 31, 140, 0 }, // U+0400
    { 18, 30, 329, 1, 30, 135, 140 }, // U+0401
    { 24, 25, 402, 0, 24, 150, 275 }, // U+0402
    { 17, 31, 299, 1, 31, 132, 425 }, // U+0403
    { 20, 25, 345, 1, 24, 125, 557 }, // U+0404
    { 17, 25, 320, 2, 24, 107, 682 }, // U+0405
    { 10, 24, 189, 1, 24, 60, 789 }, // U+0406
    { 12, 30, 189, 0, 30, 90, 849 }, // U+0407
    { 12, 30, 179, -1, 24, 90, 939 }, // U+0408
    { 32, 25, 516, 0, 24, 200, 1029 }, // U+0409
    { 33, 24, 544, 1, 24, 198, 1229 }, // U+040A
    { 27, 24, 431, 0, 24, 162, 1427 }, // U+040B
    { 23, 31, 380, 1, 31, 179, 1589 }, // U+040C
    { 25, 31, 431, 1, 31, 194, 1768 }, // U+040D
    { 23, 32, 363, 0, 31, 184, 1962 }, // U+040E
    { 24, 31, 412, 1, 24, 186, 2146 }, // U+040F
    { 24, 24, 379, 0, 24, 144, 2332 }, // U+0410
    { 19, 24, 335, 1, 24, 114, 2476 }, // U+0411
    { 19, 24, 344, 1, 24, 114, 2590 }, // U+0412
    { 17, 24, 299, 1, 24, 102, 2704 }, // U+0413
    { 23, 31, 373, 0, 24, 179, 2806 }, // U+0414
    { 18, 24, 329, 1, 24, 108, 2985 }, // U+0415
    { 34, 24, 550, 0, 24, 204, 3093 }, // U+0416
    { 17, 25, 310, 1, 24, 107, 3297 }, // U+0417
    { 25, 24, 431, 1, 24, 150, 3404 }, // U+0418
    { 25, 31, 431, 1, 31, 194, 3554 }, // U+0419
    { 23, 24, 380, 1, 24, 138, 3748 }, // U+041A
    { 23, 25, 381, 0, 24, 144, 3886 }, // U+041B
    { 28, 24, 472, 1, 24, 168, 4030 }, // U+041C
    { 24, 24, 423, 1, 24, 144, 4198 }, // U+041D
    { 22, 25, 395, 1, 24, 138, 4342 }, // U+041E
    { 24, 24, 414, 1, 24, 144, 4480 }, // U+041F
    { 18, 24, 320, 1, 24, 108, 4624 }, // U+0420
    { 19, 25, 342, 1, 24, 119, 4732 }, // U+0421
    { 19, 24, 317, 0, 24, 114, 4851 }, // U+0422
    { 23, 25, 363, 0, 24, 144, 4965 }, // U+0423
    { 25, 26, 427, 1, 25, 163, 5109 }, // U+0424
    { 23, 24, 374, 0, 24, 138, 5272 }, // U+0425
    { 25, 31, 418, 1, 24, 194, 5410 }, // U+0426
    { 22, 24, 371, 0, 24, 132, 5604 }, // U+0427
    { 33, 24, 554, 1, 24, 198, 5736 }, // U+0428
    { 33, 31, 560, 1, 24, 256, 5934 }, // U+0429
    { 24, 24, 388, 0, 24, 144, 6190 }, // U+042A
    { 29, 24, 488, 1, 24, 174, 6334 }, // U+042B
    { 19, 24, 325, 1, 24, 114, 6508 }, // U+042C
    { 19, 25, 348, 1, 24, 119, 6622 }, // U+042D
    { 32, 25, 547, 1, 24, 200, 6741 }, // U+042E
    { 21, 24, 350, 0, 24, 126, 6941 }, // U+042F
    { 17, 19, 294, 1, 18, 81, 7067 }, // U+0430
    { 18, 29, 315, 1, 28, 131, 7148 }, // U+0431
    { 17, 18, 303, 1, 18, 77, 7279 }, // U+0432
    { 15, 18, 259, 1, 18, 68, 7356 }, // U+0433
    { 20, 24, 329, 0, 18, 120, 7424 }, // U+0434
    { 16, 19, 293, 1, 18, 76, 7544 }, // U+0435
    { 29, 18, 456, 0, 18, 131, 7620 }, // U+0436
    { 14, 19, 262, 1, 18, 67, 7751 }, // U+0437
    { 21, 18, 355, 1, 18, 95, 7818 }, // U+0438
    { 21, 26, 355, 1, 26, 137, 7913 }, // U+0439
    { 19, 18, 317, 1, 18, 86, 8050 }, // U+043A
    { 20, 19, 324, 0, 18, 95, 8136 }, // U+043B
    { 23, 18, 401, 1, 18, 104, 8231 }, // U+043C
    { 21, 18, 355, 1, 18, 95, 8335 }, // U+043D
    { 17, 19, 307, 1, 18, 81, 8430 }, // U+043E
    { 20, 18, 352, 1, 18, 90, 8511 }, // U+043F
    { 19, 26, 320, 0, 18, 124, 8601 }, // U+0440
    { 16, 19, 274, 1, 18, 76, 8725 }, // U+0441
    { 18, 18, 280, 0, 18, 81, 8801 }, // U+0442
    { 20, 26, 287, -1, 18, 130, 8882 }, // U+0443
    { 22, 34, 376, 1, 26, 187, 9012 }, // U+0444
    { 19, 18, 298, 0, 18, 86, 9199 }, // U+0445
    { 21, 24, 355, 1, 18, 126, 9285 }, // U+0446
    { 20, 18, 319, -1, 18, 90, 9411 }, // U+0447
    { 28, 18, 479, 1, 18, 126, 9501 }, // U+0448
    { 29, 24, 486, 1, 18, 174, 9627 }, // U+0449
    { 20, 18, 326, 0, 18, 90, 9801 }, // U+044A
    { 25, 18, 434, 1, 18, 113, 9891 }, // U+044B
    { 16, 18, 277, 1, 18, 72, 10004 }, // U+044C
    { 15, 19, 276, 1, 18, 72, 10076 }, // U+044D
    { 26, 19, 447, 1, 18, 124, 10148 }, // U+044E
    { 18, 18, 300, 0, 18, 81, 10272 }, // U+044F
    { 16, 29, 293, 1, 28, 116, 10353 }, // U+0450
    { 16, 27, 293, 1, 26, 108, 10469 }, // U+0451
    { 18, 34, 318, 0, 26, 153, 10577 }, // U+0452
    { 15, 28, 259, 1, 28, 105, 10730 }, // U+0453
    { 16, 19, 276, 1, 18, 76, 10835 }, // U+0454
    { 14, 19, 264, 1, 18, 67, 10911 }, // U+0455
    { 9, 26, 163, 1, 26, 59, 10978 }, // U+0456
    { 11, 26, 163, -1, 26, 72, 11037 }, // U+0457
    { 9, 34, 161, -1, 26, 77, 11109 }, // U+0458
    { 27, 19, 428, 0, 18, 129, 11186 }, // U+0459
    { 27, 18, 453, 1, 18, 122, 11315 }, // U+045A
    { 21, 26, 331, 0, 26, 137, 11437 }, // U+045B
    { 19, 28, 317, 1, 28, 133, 11574 }, // U+045C
    { 21, 28, 355, 1, 28, 147, 11707 }, // U+045D
    { 20, 34, 287, -1, 26, 170, 11854 }, // U+045E
    { 20, 24, 347, 1, 18, 120, 12024 }, // U+045F
    { 23, 24, 380, 0, 24, 138, 12144 }, // U+0462
    { 20, 26, 323, 0, 26, 130, 12282 }, // U+0463
    { 34, 24, 536, 0, 24, 204, 12412 }, // U+046A
    { 28, 18, 455, 0, 18, 126, 12616 }, // U+046B
    { 22, 25, 395, 1, 24, 138, 12742 }, // U+0472
    { 17, 19, 307, 1, 18, 81, 12880 }, // U+0473
    { 25, 25, 390, 0, 24, 157, 12961 }, // U+0474
    { 22, 19, 315, -1, 18, 105, 13118 }, // U+0475
    { 25, 33, 390, 0, 32, 207, 13223 }, // U+0476
    { 22, 29, 315, -1, 28, 160, 13430 }, // U+0477
    { 26, 30, 436, 1, 24, 195, 13590 }, // U+048A
    { 21, 24, 357, 1, 18, 126, 13785 }, // U+048B
    { 19, 24, 332, 1, 24, 114, 13911 }, // U+048C
    { 16, 26, 280, 1, 26, 104, 14025 }, // U+048D
    { 18, 24, 320, 1, 24, 108, 14129 }, // U+048E
    { 19, 26, 315, 0, 18, 124, 14237 }, // U+048F
    { 17, 29, 283, 1, 29, 124, 14361 }, // U+0490
    { 15, 22, 258, 1, 22, 83, 14485 }, // U+0491
    { 17, 24, 299, 1, 24, 102, 14568 }, // U+0492
    { 15, 18, 259, 1, 18, 68, 14670 }, // U+0493
    { 19, 27, 348, 1, 24, 129, 14738 }, // U+0494
    { 17, 26, 307, 1, 18, 111, 14867 }, // U+0495
    { 35, 30, 560, 0, 24, 263, 14978 }, // U+0496
    { 30, 24, 464, 0, 18, 180, 15241 }, // U+0497
    { 17, 31, 310, 1, 24, 132, 15421 }, // U+0498
    { 14, 24, 262, 1, 18, 84, 15553 }, // U+0499
    { 24, 30, 392, 1, 24, 180, 15637 }, // U+049A
    { 20, 24, 331, 1, 18, 120, 15817 }, // U+049B
    { 24, 24, 398, 1, 24, 144, 15937 }, // U+049C
    { 20, 18, 334, 1, 18, 90, 16081 }, // U+049D
    { 23, 24, 385, 1, 24, 138, 16171 }, // U+049E
    { 19, 26, 307, 0, 26, 124, 16309 }, // U+049F
    { 23, 24, 380, 1, 24, 138, 16433 }, // U+04A0
    { 23, 18, 360, 0, 18, 104, 16571 }, // U+04A1
    { 25, 30, 429, 1, 24, 188, 16675 }, // U+04A2
    { 22, 24, 363, 1, 18, 132, 16863 }, // U+04A3
    { 31, 24, 519, 1, 24, 186, 16995 }, // U+04A4
    { 27, 18, 446, 1, 18, 122, 17181 }, // U+04A5
    { 32, 28, 543, 1, 24, 224, 17303 }, // U+04A6
    { 29, 27, 485, 1, 18, 196, 17527 }, // U+04A7
    { 27, 25, 461, 1, 24, 169, 17723 }, // U+04A8
    { 22, 19, 384, 1, 18, 105, 17892 }, // U+04A9
    { 19, 31, 342, 1, 24, 148, 17997 }, // U+04AA
    { 16, 24, 275, 1, 18, 96, 18145 }, // U+04AB
    { 19, 30, 317, 0, 24, 143, 18241 }, // U+04AC
    { 18, 24, 280, 0, 18, 108, 18384 }, // U+04AD
    { 22, 24, 343, 0, 24, 132, 18492 }, // U+04AE
    { 20, 26, 294, -1, 18, 130, 18624 }, // U+04AF
    { 22, 24, 343, 0, 24, 132, 18754 }, // U+04B0
    { 20, 26, 294, -1, 18, 130, 18886 }, // U+04B1
    { 24, 30, 385, 0, 24, 180, 19016 }, // U+04B2
    { 20, 24, 311, 0, 18, 120, 19196 }, // U+04B3
    { 30, 31, 490, 0, 24, 233, 19316 }, // U+04B4
    { 25, 24, 398, 0, 18, 150, 19549 }, // U+04B5
    { 23, 30, 376, 0, 24, 173, 19699 }, // U+04B6
    { 21, 24, 327, -1, 18, 126, 19872 }, // U+04B7
    { 23, 24, 377, 0, 24, 138, 19998 }, // U+04B8
    { 21, 18, 324, -1, 18, 95, 20136 }, // U+04B9
    { 22, 24, 365, 1, 24, 132, 20231 }, // U+04BA
    { 20, 26, 340, 1, 26, 130, 20363 }, // U+04BB
    { 27, 25, 447, 0, 24, 169, 20493 }, // U+04BC
    { 21, 19, 348, 0, 18, 100, 20662 }, // U+04BD
    { 27, 31, 447, 0, 24, 210, 20762 }, // U+04BE
    { 21, 24, 351, 0, 18, 126, 20972 }, // U+04BF
    { 10, 24, 189, 1, 24, 60, 21098 }, // U+04C0
    { 34, 31, 550, 0, 31, 264, 21158 }, // U+04C1
    { 29, 26, 456, 0, 26, 189, 21422 }, // U+04C2
    { 21, 33, 368, 1, 24, 174, 21611 }, // U+04C3
    { 18, 26, 316, 1, 18, 117, 21785 }, // U+04C4
    { 24, 30, 386, 0, 24, 180, 21902 }, // U+04C5
    { 20, 24, 328, 0, 18, 120, 22082 }, // U+04C6
    { 24, 32, 416, 1, 24, 192, 22202 }, // U+04C7
    { 21, 26, 348, 1, 18, 137, 22394 }, // U+04C8
    { 25, 30, 430, 1, 24, 188, 22531 }, // U+04C9
    { 21, 24, 357, 1, 18, 126, 22719 }, // U+04CA
    { 22, 30, 371, 0, 24, 165, 22845 }, // U+04CB
    { 20, 24, 318, -1, 18, 120, 23010 }, // U+04CC
    { 28, 30, 478, 1, 24, 210, 23130 }, // U+04CD
    { 24, 24, 403, 1, 18, 144, 23340 }, // U+04CE
    { 9, 26, 165, 1, 26, 59, 23484 }, // U+04CF
    { 24, 31, 379, 0, 31, 186, 23543 }, // U+04D0
    { 17, 27, 301, 1, 26, 115, 23729 }, // U+04D1
    { 24, 30, 379, 0, 30, 180, 23844 }, // U+04D2
    { 17, 27, 301, 1, 26, 115, 24024 }, // U+04D3
    { 30, 24, 504, 0, 24, 180, 24139 }, // U+04D4
    { 27, 19, 461, 1, 18, 129, 24319 }, // U+04D5
    { 18, 31, 329, 1, 31, 140, 24448 }, // U+04D6
    { 17, 27, 300, 1, 26, 115, 24588 }, // U+04D7
    { 21, 25, 366, 1, 24, 132, 24703 }, // U+04D8
    { 17, 19, 299, 1, 18, 81, 24835 }, // U+04D9
    { 21, 31, 366, 1, 30, 163, 24916 }, // U+04DA
    { 17, 27, 306, 1, 26, 115, 25079 }, // U+04DB
    { 34, 30, 550, 0, 30, 255, 25194 }, // U+04DC
    { 29, 26, 456, 0, 26, 189, 25449 }, // U+04DD
    { 17, 31, 310, 1, 30, 132, 25638 }, // U+04DE
    { 14, 27, 262, 1, 26, 95, 25770 }, // U+04DF
    { 17, 25, 301, 1, 24, 107, 25865 }, // U+04E0
    { 16, 26, 256, 0, 18, 104, 25972 }, // U+04E1
    { 25, 29, 431, 1, 29, 182, 26076 }, // U+04E2
    { 21, 25, 355, 1, 25, 132, 26258 }, // U+04E3
    { 25, 30, 431, 1, 30, 188, 26390 }, // U+04E4
    { 21, 26, 355, 1, 26, 137, 26578 }, // U+04E5
    { 22, 31, 395, 1, 30, 171, 26715 }, // U+04E6
    { 18, 27, 314, 1, 26, 122, 26886 }, // U+04E7
    { 22, 25, 395, 1, 24, 138, 27008 }, // U+04E8
    { 18, 19, 314, 1, 18, 86, 27146 }, // U+04E9
    { 22, 31, 395, 1, 30, 171, 27232 }, // U+04EA
    { 18, 27, 320, 1, 26, 122, 27403 }, // U+04EB
    { 19, 31, 348, 1, 30, 148, 27525 }, // U+04EC
    { 15, 27, 276, 1, 26, 102, 27673 }, // U+04ED
    { 23, 30, 363, 0, 29, 173, 27775 }, // U+04EE
    { 19, 33, 293, 0, 25, 157, 27948 }, // U+04EF
    { 23, 31, 363, 0, 30, 179, 28105 }, // U+04F0
    { 19, 34, 293, 0, 26, 162, 28284 }, // U+04F1
    { 23, 33, 363, 0, 32, 190, 28446 }, // U+04F2
    { 19, 36, 293, 0, 28, 171, 28636 }, // U+04F3
    { 22, 30, 371, 0, 30, 165, 28807 }, // U+04F4
    { 20, 26, 319, -1, 26, 130, 28972 }, // U+04F5
    { 17, 30, 299, 1, 24, 128, 29102 }, // U+04F6
    { 15, 24, 259, 1, 18, 90, 29230 }, // U+04F7
    { 29, 30, 488, 1, 30, 218, 29320 }, // U+04F8
    { 25, 26, 434, 1, 26, 163, 29538 }, // U+04F9
    { 18, 32, 307, 1, 24, 144, 29701 }, // U+04FA
    { 16, 26, 267, 1, 18, 104, 29845 }, // U+04FB
    { 23, 32, 367, 0, 24, 184, 29949 }, // U+04FC
    { 18, 26, 291, 0, 18, 117, 30133 }, // U+04FD
    { 23, 24, 375, 0, 24, 138, 30250 }, // U+04FE
    { 19, 18, 300, 0, 18, 86, 30388 }, // U+04FF
    { 24, 31, 379, 0, 24, 186, 0 }, // U+1EA0
    { 17, 25, 294, 1, 18, 107, 186 }, // U+1EA1
    { 24, 32, 379, 0, 32, 192, 293 }, // U+1EA2
    { 17, 29, 294, 1, 28, 124, 485 }, // U+1EA3
    { 24, 34, 379, 0, 34, 204, 609 }, // U+1EA4
    { 17, 31, 294, 1, 30, 132, 813 }, // U+1EA5
    { 24, 34, 379, 0, 34, 204, 945 }, // U+1EA6
    { 17, 31, 294, 1, 30, 132, 1149 }, // U+1EA7
    { 24, 36, 379, 0, 36, 216, 1281 }, // U+1EA8
    { 17, 32, 294, 1, 31, 136, 1497 }, // U+1EA9
    { 24, 35, 379, 0, 35, 210, 1633 }, // U+1EAA
    { 17, 31, 294, 1, 30, 132, 1843 }, // U+1EAB
    { 24, 38, 379, 0, 31, 228, 1975 }, // U+1EAC
    { 17, 34, 294, 1, 27, 145, 2203 }, // U+1EAD
    { 24, 35, 379, 0, 35, 210, 2348 }, // U+1EAE
    { 17, 31, 294, 1, 30, 132, 2558 }, // U+1EAF
    { 24, 35, 379, 0, 35, 210, 2690 }, // U+1EB0
    { 17, 31, 294, 1, 30, 132, 2900 }, // U+1EB1
    { 24, 36, 379, 0, 36, 216, 3032 }, // U+1EB2
    { 17, 32, 294, 1, 31, 136, 3248 }, // U+1EB3
    { 24, 34, 379, 0, 34, 204, 3384 }, // U+1EB4
    { 17, 31, 294, 1, 30, 132, 3588 }, // U+1EB5
    { 24, 38, 379, 0, 31, 228, 3720 }, // U+1EB6
    { 17, 33, 294, 1, 26, 141, 3948 }, // U+1EB7
    { 18, 31, 329, 1, 24, 140, 4089 }, // U+1EB8
    { 16, 25, 293, 1, 18, 100, 4229 }, // U+1EB9
    { 18, 32, 329, 1, 32, 144, 4329 }, // U+1EBA
    { 16, 29, 293, 1, 28, 116, 4473 }, // U+1EBB
    { 18, 30, 329, 1, 30, 135, 4589 }, // U+1EBC
    { 16, 27, 293, 1, 26, 108, 4724 }, // U+1EBD
    { 20, 34, 329, 1, 34, 170, 4832 }, // U+1EBE
    { 18, 31, 293, 1, 30, 140, 5002 }, // U+1EBF
    { 18, 34, 329, 1, 34, 153, 5142 }, // U+1EC0
    { 16, 31, 293, 1, 30, 124, 5295 }, // U+1EC1
    { 18, 36, 329, 1, 36, 162, 5419 }, // U+1EC2
    { 18, 32, 293, 1, 31, 144, 5581 }, // U+1EC3
    { 18, 35, 329, 1, 35, 158, 5725 }, // U+1EC4
    { 16, 31, 293, 1, 30, 124, 5883 }, // U+1EC5
    { 18, 38, 329, 1, 31, 171, 6007 }, // U+1EC6
    { 16, 34, 293, 1, 27, 136, 6178 }, // U+1EC7
    { 10, 32, 189, 1, 32, 80, 6314 }, // U+1EC8
    { 9, 28, 163, 1, 28, 63, 6394 }, // U+1EC9
    { 10, 31, 189, 1, 24, 78, 6457 }, // U+1ECA
    { 9, 33, 163, 1, 26, 75, 6535 }, // U+1ECB
    { 22, 31, 395, 1, 24, 171, 6610 }, // U+1ECC
    { 17, 25, 307, 1, 18, 107, 6781 }, // U+1ECD
    { 22, 33, 395, 1, 32, 182, 6888 }, // U+1ECE
    { 17, 29, 307, 1, 28, 124, 7070 }, // U+1ECF
    { 22, 35, 395, 1, 34, 193, 7194 }, // U+1ED0
    { 18, 31, 307, 1, 30, 140, 7387 }, // U+1ED1
    { 22, 35, 395, 1, 34, 193, 7527 }, // U+1ED2
    { 17, 31, 307, 1, 30, 132, 7720 }, // U+1ED3
    { 22, 37, 395, 1, 36, 204, 7852 }, // U+1ED4
    { 18, 32, 307, 1, 31, 144, 8056 }, // U+1ED5
    { 22, 36, 395, 1, 35, 198, 8200 }, // U+1ED6
    { 17, 31, 307, 1, 30, 132, 8398 }, // U+1ED7
    { 22, 38, 395, 1, 31, 209, 8530 }, // U+1ED8
    { 17, 34, 307, 1, 27, 145, 8739 }, // U+1ED9
    { 23, 32, 402, 1, 31, 184, 8884 }, // U+1EDA
    { 18, 29, 308, 1, 28, 131, 9068 }, // U+1EDB
    { 23, 32, 402, 1, 31, 184, 9199 }, // U+1EDC
    { 18, 29, 308, 1, 28, 131, 9383 }, // U+1EDD
    { 23, 33, 402, 1, 32, 190, 9514 }, // U+1EDE
    { 18, 29, 308, 1, 28, 131, 9704 }, // U+1EDF
    { 23, 31, 402, 1, 30, 179, 9835 }, // U+1EE0
    { 18, 27, 308, 1, 26, 122, 10014 }, // U+1EE1
    { 23, 36, 402, 1, 29, 207, 10136 }, // U+1EE2
    { 18, 30, 308, 1, 23, 135, 10343 }, // U+1EE3
    { 25, 31, 398, 0, 24, 194, 10478 }, // U+1EE4
    { 21, 25, 333, 0, 18, 132, 10672 }, // U+1EE5
    { 25, 33, 398, 0, 32, 207, 10804 }, // U+1EE6
    { 21, 29, 333, 0, 28, 153, 11011 }, // U+1EE7
    { 25, 32, 399, 0, 31, 200, 11164 }, // U+1EE8
    { 21, 29, 341, 0, 28, 153, 11364 }, // U+1EE9
    { 25, 32, 399, 0, 31, 200, 11517 }, // U+1EEA
    { 21, 29, 341, 0, 28, 153, 11717 }, // U+1EEB
    { 25, 33, 399, 0, 32, 207, 11870 }, // U+1EEC
    { 21, 29, 341, 0, 28, 153, 12077 }, // U+1EED
    { 25, 31, 399, 0, 30, 194, 12230 }, // U+1EEE
    { 21, 27, 341, 0, 26, 142, 12424 }, // U+1EEF
    { 25, 36, 399, 0, 29, 225, 12566 }, // U+1EF0
    { 21, 30, 341, 0, 23, 158, 12791 }, // U+1EF1
    { 22, 31, 343, 0, 31, 171, 12949 }, // U+1EF2
    { 20, 36, 287, -1, 28, 180, 13120 }, // U+1EF3
    { 22, 31, 343, 0, 24, 171, 13300 }, // U+1EF4
    { 20, 26, 292, -1, 18, 130, 13471 }, // U+1EF5
    { 22, 32, 343, 0, 32, 176, 13601 }, // U+1EF6
    { 20, 36, 287, -1, 28, 180, 13777 }, // U+1EF7
    { 22, 30, 343, 0, 30, 165, 13957 }, // U+1EF8
    { 20, 34, 287, -1, 26, 170, 14122 }, // U+1EF9
    { 0, 0, 293, 0, 0, 0, 0 }, // U+2007
    { 0, 0, 116, 0, 0, 0, 0 }, // U+2008
    { 0, 0, 52, 0, 0, 0, 0 }, // U+2009
    { 0, 0, 53, 0, 0, 0, 0 }, // U+200A
    { 0, 0, 0, 0, 0, 0, 0 }, // U+200B
    { 0, 0, 0, 0, 0, 0, 0 }, // U+200C
    { 0, 0, 0, 0, 0, 0, 0 }, // U+200D
    { 0, 0, 0, 0, 0, 0, 0 }, // U+200E
    { 0, 0, 0, 0, 0, 0, 0 }, // U+200F
    { 11, 4, 230, 2, 12, 11, 0 }, // U+2010
    { 18, 4, 354, 2, 14, 18, 11 }, // U+2012
    { 17, 4, 327, 2, 12, 17, 29 }, // U+2013
    { 25, 3, 461, 2, 11, 19, 46 }, // U+2014
    { 25, 3, 461, 2, 11, 19, 65 }, // U+2015
    { 18, 8, 263, -1, -2, 36, 84 }, // U+2017
    { 5, 10, 112, 1, 27, 13, 120 }, // U+2018
    { 5, 10, 112, 1, 27, 13, 133 }, // U+2019
    { 5, 10, 112, 1, 4, 13, 146 }, // U+201A
    { 5, 10, 112, 1, 27, 13, 159 }, // U+201B
    { 11, 10, 200, 1, 27, 28, 172 }, // U+201C
    { 11, 10, 200, 1, 27, 28, 200 }, // U+201D
    { 11, 10, 200, 1, 4, 28, 228 }, // U+201E
    { 16, 27, 258, 0, 24, 108, 256 }, // U+2020
    { 16, 27, 258, 0, 24, 108, 364 }, // U+2021
    { 9, 9, 210, 2, 15, 21, 472 }, // U+2022
    { 15, 5, 330, 2, 4, 19, 493 }, // U+2025
    { 21, 5, 374, 1, 4, 27, 512 }, // U+2026
    { 0, 0, 0, 0, 0, 0, 539 }, // U+202A
    { 0, 0, 0, 0, 0, 0, 539 }, // U+202B
    { 0, 0, 0, 0, 0, 0, 539 }, // U+202C
    { 0, 0, 0, 0, 0, 0, 539 }, // U+202D
    { 0, 0, 0, 0, 0, 0, 539 }, // U+202E
    { 39, 25, 668, 1, 24, 244, 539 }, // U+2030
    { 6, 9, 156, 2, 26, 14, 783 }, // U+2032
    { 11, 9, 237, 2, 26, 25, 797 }, // U+2033
    { 8, 16, 166, 1, 17, 32, 822 }, // U+2039
    { 8, 16, 166, 1, 17, 32, 854 }, // U+203A
    { 12, 25, 291, 3, 24, 75, 886 }, // U+203C
    { 13, 3, 219, 0, 23, 10, 961 }, // U+203E
    { 18, 25, 89, -6, 24, 113, 971 }, // U+2044
    { 0, 0, 0, 0, 0, 0, 1084 }, // U+2060
    { 0, 0, 0, 0, 0, 0, 1084 }, // U+2061
    { 0, 0, 0, 0, 0, 0, 1084 }, // U+2062
    { 0, 0, 0, 0, 0, 0, 1084 }, // U+2063
    { 0, 0, 0, 0, 0, 0, 1084 }, // U+2064
    { 0, 0, 0, 0, 0, 0, 1084 }, // U+2066
    { 0, 0, 0, 0, 0, 0, 1084 }, // U+2067
    { 0, 0, 0, 0, 0, 0, 1084 }, // U+2068
    { 0, 0, 0, 0, 0, 0, 1084 }, // U+2069
    { 0, 0, 0, 0, 0, 0, 1084 }, // U+206A
    { 0, 0, 0, 0, 0, 0, 1084 }, // U+206B
    { 0, 0, 0, 0, 0, 0, 1084 }, // U+206C
    { 0, 0, 0, 0, 0, 0, 1084 }, // U+206D
    { 0, 0, 0, 0, 0, 0, 1084 }, // U+206E
    { 0, 0, 0, 0, 0, 0, 1084 }, // U+206F
    { 12, 16, 223, 1, 27, 48, 0 }, // U+2070
    { 13, 15, 195, -1, 27, 49, 48 }, // U+2074
    { 11, 16, 194, 1, 27, 44, 97 }, // U+2075
    { 11, 16, 202, 1, 27, 44, 141 }, // U+2076
    { 11, 15, 167, 0, 27, 42, 185 }, // U+2077
    { 11, 16, 208, 1, 27, 44, 227 }, // U+2078
    { 12, 16, 202, 0, 27, 48, 271 }, // U+2079
    { 16, 14, 304, 2, 24, 56, 319 }, // U+207F
    { 12, 16, 223, 1, 12, 48, 375 }, // U+2080
    { 9, 15, 150, 0, 12, 34, 423 }, // U+2081
    { 10, 15, 191, 1, 12, 38, 457 }, // U+2082
    { 11, 16, 197, 0, 12, 44, 495 }, // U+2083
    { 13, 15, 195, -1, 12, 49, 539 }, // U+2084
    { 11, 16, 194, 1, 12, 44, 588 }, // U+2085
    { 11, 16, 202, 1, 12, 44, 632 }, // U+2086
    { 11, 15, 167, 0, 12, 42, 676 }, // U+2087
    { 11, 16, 208, 1, 12, 44, 718 }, // U+2088
    { 12, 16, 202, 0, 12, 48, 762 }, // U+2089
    { 19, 33, 366, 2, 28, 157, 0 }, // U+20A1
    { 17, 24, 342, 3, 24, 102, 157 }, // U+20A3
    { 18, 24, 366, 2, 24, 108, 259 }, // U+20A4
    { 27, 24, 482, 2, 24, 162, 367 }, // U+20A6
    { 21, 24, 368, 1, 24, 126, 529 }, // U+20A7
    { 35, 25, 559, 0, 24, 219, 655 }, // U+20A9
    { 19, 31, 373, 2, 26, 148, 874 }, // U+20AB
    { 20, 25, 382, 2, 24, 125, 1022 }, // U+20AC
    { 23, 24, 422, 2, 24, 138, 1147 }, // U+20AD
    { 19, 24, 354, 2, 24, 114, 1285 }, // U+20AE
    { 21, 24, 372, 1, 24, 126, 1399 }, // U+20B1
    { 22, 33, 404, 2, 28, 182, 1525 }, // U+20B2
    { 18, 25, 382, 3, 24, 113, 1707 }, // U+20B4
    { 19, 33, 366, 2, 28, 157, 1820 }, // U+20B5
    { 20, 24, 320, 0, 24, 120, 1977 }, // U+20B8
    { 17, 24, 342, 2, 24, 102, 2097 }, // U+20B9
    { 19, 24, 362, 2, 24, 114, 2199 }, // U+20BA
    { 30, 28, 510, 1, 28, 210, 2313 }, // U+20BC
    { 18, 24, 348, 3, 24, 108, 2523 }, // U+20BD
    { 14, 27, 263, 1, 26, 95, 0 }, // U+2113
    { 24, 23, 422, 1, 23, 138, 0 }, // U+2190
    { 23, 24, 373, 0, 24, 138, 138 }, // U+2191
    { 24, 23, 422, 1, 23, 138, 276 }, // U+2192
    { 23, 24, 373, 0, 24, 138, 414 }, // U+2193
    { 34, 23, 571, 1, 23, 196, 552 }, // U+2194
    { 23, 33, 373, 0, 28, 190, 748 }, // U+2195
    { 23, 36, 373, 0, 29, 207, 938 }, // U+21A8
    { 17, 27, 320, 1, 26, 115, 0 }, // U+2202
    { 26, 26, 475, 2, 25, 169, 115 }, // U+2205
    { 21, 24, 364, 1, 24, 126, 284 }, // U+2206
    { 23, 32, 425, 2, 24, 184, 410 }, // U+220F
    { 19, 32, 311, 0, 24, 152, 594 }, // U+2211
    { 16, 3, 291, 1, 13, 12, 746 }, // U+2212
    { 18, 25, 89, -6, 24, 113, 758 }, // U+2215
    { 5, 5, 143, 1, 13, 7, 871 }, // U+2219
    { 27, 30, 325, -1, 29, 203, 878 }, // U+221A
    { 29, 14, 533, 2, 18, 102, 1081 }, // U+221E
    { 19, 18, 340, 2, 18, 86, 1183 }, // U+221F
    { 17, 24, 380, 3, 24, 102, 1269 }, // U+2229
    { 17, 38, 183, -3, 29, 162, 1371 }, // U+222B
    { 18, 12, 321, 1, 18, 54, 1533 }, // U+2248
    { 16, 19, 291, 1, 21, 76, 1587 }, // U+2260
    { 16, 13, 291, 1, 18, 52, 1663 }, // U+2261
    { 16, 20, 325, 2, 21, 80, 1715 }, // U+2264
    { 16, 20, 324, 2, 21, 80, 1795 }, // U+2265
    { 8, 22, 165, 1, 22, 44, 0 }, // U+2669
    { 13, 22, 240, 1, 22, 72, 44 }, // U+266A
    { 19, 25, 342, 1, 23, 119, 116 }, // U+266B
    { 19, 25, 342, 1, 23, 119, 235 }, // U+266C
    { 9, 21, 185, 1, 20, 48, 354 }, // U+266D
    { 10, 21, 190, 1, 14, 53, 402 }, // U+266E
    { 16, 28, 295, 1, 20, 112, 455 }, // U+266F
    { 32, 33, 533, 1, 29, 264, 567 }, // U+4F1A
    { 31, 32, 533, 1, 29, 248, 831 }, // U+53BB
    { 30, 31, 533, 2, 27, 233, 1079 }, // U+5458
    { 33, 33, 533, 0, 29, 273, 1312 }, // U+59DA
    { 29, 32, 533, 2, 29, 232, 1585 }, // U+5B98
    { 31, 32, 533, 1, 29, 248, 1817 }, // U+5BA4
    { 31, 32, 533, 1, 28, 248, 2065 }, // U+5E26
    { 32, 31, 533, 1, 28, 248, 2313 }, // U+6211
    { 32, 33, 533, 1, 29, 264, 2561 }, // U+62C9
    { 33, 33, 533, 0, 29, 273, 2825 }, // U+653E
    { 33, 33, 533, 0, 29, 273, 3098 }, // U+6746
    { 33, 33, 533, 0, 29, 273, 3371 }, // U+6747
    { 32, 33, 533, 1, 29, 264, 3644 }, // U+6748
    { 32, 33, 533, 0, 29, 264, 3908 }, // U+6749
    { 30, 33, 533, 1, 29, 248, 4172 }, // U+674A
    { 32, 33, 533, 1, 29, 264, 4420 }, // U+674B
    { 33, 33, 533, 0, 29, 273, 4684 }, // U+674C
    { 31, 32, 533, 1, 29, 248, 4957 }, // U+674D
    { 32, 32, 533, 1, 29, 256, 5205 }, // U+674E
    { 32, 33, 533, 1, 29, 264, 5461 }, // U+674F
    { 32, 32, 533, 0, 29, 256, 5725 }, // U+6750
    { 33, 32, 533, 0, 29, 264, 5981 }, // U+6751
    { 31, 33, 533, 1, 29, 256, 6245 }, // U+6752
    { 31, 33, 533, 1, 29, 256, 6501 }, // U+6753
    { 31, 33, 533, 1, 29, 256, 6757 }, // U+6754
    { 32, 33, 533, 1, 29, 264, 7013 }, // U+6755
    { 33, 33, 533, 0, 29, 273, 7277 }, // U+6756
    { 32, 33, 533, 1, 29, 264, 7550 }, // U+6757
    { 32, 31, 533, 1, 27, 248, 7814 }, // U+6758
    { 33, 32, 533, 0, 29, 264, 8062 }, // U+6759
    { 31, 32, 533, 1, 29, 248, 8326 }, // U+675A
    { 30, 33, 533, 1, 29, 248, 8574 }, // U+675B
    { 32, 33, 533, 0, 29, 264, 8822 }, // U+675C
    { 33, 32, 533, 0, 29, 264, 9086 }, // U+675D
    { 32, 32, 533, 1, 29, 256, 9350 }, // U+675E
    { 32, 32, 533, 1, 28, 256, 9606 }, // U+675F
    { 31, 33, 533, 1, 29, 256, 9862 }, // U+6760
    { 32, 32, 533, 1, 29, 256, 10118 }, // U+6761
    { 32, 32, 533, 1, 29, 256, 10374 }, // U+6762
    { 31, 33, 533, 0, 29, 256, 10630 }, // U+6763
    { 32, 33, 533, 0, 29, 264, 10886 }, // U+6764
    { 32, 32, 533, 1, 28, 256, 11150 }, // U+6765
    { 32, 33, 533, 1, 29, 264, 11406 }, // U+6766
    { 32, 33, 533, 1, 29, 264, 11670 }, // U+6767
    { 31, 33, 533, 1, 29, 256, 11934 }, // U+6768
    { 31, 33, 533, 1, 29, 256, 12190 }, // U+6769
    { 31, 33, 533, 1, 29, 256, 12446 }, // U+676A
    { 32, 33, 533, 1, 29, 264, 12702 }, // U+676B
    { 32, 33, 533, 1, 29, 264, 12966 }, // U+676C
    { 32, 33, 533, 1, 29, 264, 13230 }, // U+676D
    { 31, 33, 533, 1, 29, 256, 13494 }, // U+676E
    { 33, 33, 533, 0, 29, 273, 13750 }, // U+676F
    { 31, 33, 533, 1, 29, 256, 14023 }, // U+6770
    { 32, 33, 533, 1, 29, 264, 14279 }, // U+6771
    { 32, 31, 533, 1, 27, 248, 14543 }, // U+6772
    { 32, 33, 533, 1, 29, 264, 14791 }, // U+6773
    { 32, 33, 533, 1, 29, 264, 15055 }, // U+6774
    { 32, 33, 533, 1, 29, 264, 15319 }, // U+6775
    { 33, 32, 533, 0, 29, 264, 15583 }, // U+6776
    { 33, 32, 533, 0, 29, 264, 15847 }, // U+6777
    { 31, 33, 533, 1, 29, 256, 16111 }, // U+6778
    { 32, 33, 533, 1, 29, 264, 16367 }, // U+6779
    { 32, 33, 533, 1, 29, 264, 16631 }, // U+677A
    { 32, 33, 533, 1, 29, 264, 16895 }, // U+677B
    { 32, 33, 533, 1, 29, 264, 17159 }, // U+677C
    { 31, 33, 533, 1, 29, 256, 17423 }, // U+677D
    { 31, 33, 533, 1, 29, 256, 17679 }, // U+677E
    { 32, 33, 533, 1, 29, 264, 17935 }, // U+677F
    { 26, 30, 533, 4, 26, 195, 18199 }, // U+7532
    { 29, 32, 533, 2, 29, 232, 18394 }, // U+7684
    { 32, 32, 533, 1, 28, 256, 18626 }, // U+8BAE
    { 31, 32, 533, 1, 28, 248, 18882 }, // U+8BF7
    { 32, 32, 533, 1, 28, 256, 19130 }, // U+91CA
    { 20, 26, 343, 1, 26, 130, 0 }, // U+FB01
    { 21, 26, 350, 1, 26, 137, 130 }, // U+FB02
};

static const EpdUnicodeInterval bitter_16_regularIntervals[] = {
    { 0x0, 0x17F, 0x0 },
    { 0x1A0, 0x1A1, 0x180 },
    { 0x1AF, 0x1B0, 0x182 },
    { 0x1C4, 0x1DC, 0x184 },
    { 0x1E6, 0x1E7, 0x19D },
    { 0x1EA, 0x1EB, 0x19F },
    { 0x1F1, 0x1F3, 0x1A1 },
    { 0x1FA, 0x21B, 0x1A4 },
    { 0x300, 0x304, 0x1C6 },
    { 0x306, 0x30C, 0x1CB },
    { 0x30F, 0x30F, 0x1D2 },
    { 0x311, 0x312, 0x1D3 },
    { 0x31B, 0x31B, 0x1D5 },
    { 0x323, 0x324, 0x1D6 },
    { 0x326, 0x328, 0x1D8 },
    { 0x32E, 0x32E, 0x1DB },
    { 0x331, 0x331, 0x1DC },
    { 0x335, 0x335, 0x1DD },
    { 0x34F, 0x34F, 0x1DE },
    { 0x3BB, 0x3BB, 0x1DF },
    { 0x400, 0x45F, 0x1E0 },
    { 0x462, 0x463, 0x240 },
    { 0x46A, 0x46B, 0x242 },
    { 0x472, 0x477, 0x244 },
    { 0x48A, 0x4FF, 0x24A },
    { 0x1EA0, 0x1EF9, 0x2C0 },
    { 0x2007, 0x2010, 0x31A },
    { 0x2012, 0x2015, 0x324 },
    { 0x2017, 0x201E, 0x328 },
    { 0x2020, 0x2022, 0x330 },
    { 0x2025, 0x2026, 0x333 },
    { 0x202A, 0x202E, 0x335 },
    { 0x2030, 0x2030, 0x33A },
    { 0x2032, 0x2033, 0x33B },
    { 0x2039, 0x203A, 0x33D },
    { 0x203C, 0x203C, 0x33F },
    { 0x203E, 0x203E, 0x340 },
    { 0x2044, 0x2044, 0x341 },
    { 0x2060, 0x2064, 0x342 },
    { 0x2066, 0x2070, 0x347 },
    { 0x2074, 0x2079, 0x352 },
    { 0x207F, 0x2089, 0x358 },
    { 0x20A1, 0x20A1, 0x363 },
    { 0x20A3, 0x20A4, 0x364 },
    { 0x20A6, 0x20A7, 0x366 },
    { 0x20A9, 0x20A9, 0x368 },
    { 0x20AB, 0x20AE, 0x369 },
    { 0x20B1, 0x20B2, 0x36D },
    { 0x20B4, 0x20B5, 0x36F },
    { 0x20B8, 0x20BA, 0x371 },
    { 0x20BC, 0x20BD, 0x374 },
    { 0x2113, 0x2113, 0x376 },
    { 0x2190, 0x2195, 0x377 },
    { 0x21A8, 0x21A8, 0x37D },
    { 0x2202, 0x2202, 0x37E },
    { 0x2205, 0x2206, 0x37F },
    { 0x220F, 0x220F, 0x381 },
    { 0x2211, 0x2212, 0x382 },
    { 0x2215, 0x2215, 0x384 },
    { 0x2219, 0x221A, 0x385 },
    { 0x221E, 0x221F, 0x387 },
    { 0x2229, 0x2229, 0x389 },
    { 0x222B, 0x222B, 0x38A },
    { 0x2248, 0x2248, 0x38B },
    { 0x2260, 0x2261, 0x38C },
    { 0x2264, 0x2265, 0x38E },
    { 0x2669, 0x266F, 0x390 },
    { 0x4F1A, 0x4F1A, 0x397 },
    { 0x53BB, 0x53BB, 0x398 },
    { 0x5458, 0x5458, 0x399 },
    { 0x59DA, 0x59DA, 0x39A },
    { 0x5B98, 0x5B98, 0x39B },
    { 0x5BA4, 0x5BA4, 0x39C },
    { 0x5E26, 0x5E26, 0x39D },
    { 0x6211, 0x6211, 0x39E },
    { 0x62C9, 0x62C9, 0x39F },
    { 0x653E, 0x653E, 0x3A0 },
    { 0x6746, 0x677F, 0x3A1 },
    { 0x7532, 0x7532, 0x3DB },
    { 0x7684, 0x7684, 0x3DC },
    { 0x8BAE, 0x8BAE, 0x3DD },
    { 0x8BF7, 0x8BF7, 0x3DE },
    { 0x91CA, 0x91CA, 0x3DF },
    { 0xFB01, 0xFB02, 0x3E0 },
};

static const EpdFontGroup bitter_16_regularGroups[] = {
    { 0, 3929, 9777, 128, 0 },
    { 3929, 3486, 12121, 128, 128 },
    { 7415, 4291, 19111, 128, 256 },
    { 11706, 3050, 12586, 70, 384 },
    { 14756, 280, 418, 25, 454 },
    { 15036, 98, 138, 1, 479 },
    { 15134, 8153, 32677, 224, 480 },
    { 23287, 2339, 15535, 90, 704 },
    { 25626, 560, 1168, 55, 794 },
    { 26186, 350, 884, 18, 849 },
    { 26536, 1190, 2822, 19, 867 },
    { 27726, 81, 108, 1, 886 },
    { 27807, 394, 1185, 7, 887 },
    { 28201, 774, 2030, 18, 894 },
    { 28975, 7463, 19989, 80, 912 },
    { 36438, 103, 286, 2, 992 },
};

static const uint16_t bitter_16_regularKernLeftCodepoints[] = {
    0x0021, 0x0022, 0x0024, 0x0026, 0x0027, 0x0028, 0x002C, 0x002D, 0x002E, 0x002F, 0x0030, 0x0031,
    0x0032, 0x0033, 0x0034, 0x0035, 0x0036, 0x0037, 0x0038, 0x0039, 0x003A, 0x003B, 0x003F, 0x0040,
    0x0041, 0x0042, 0x0043, 0x0044, 0x0045, 0x0046, 0x0047, 0x0048, 0x0049, 0x004A, 0x004B, 0x004C,
    0x004D, 0x004E, 0x004F, 0x0050, 0x0051, 0x0052, 0x0053, 0x0054, 0x0055, 0x0056, 0x0057, 0x0058,
    0x0059, 0x005A, 0x005B, 0x005C, 0x005F, 0x0061, 0x0062, 0x0063, 0x0064, 0x0065, 0x0066, 0x0067,
    0x0068, 0x0069, 0x006A, 0x006B, 0x006C, 0x006D, 0x006E, 0x006F, 0x0070, 0x0071, 0x0072, 0x0073,
    0x0074, 0x0075, 0x0076, 0x0077, 0x0078, 0x0079, 0x007A, 0x007B, 0x00A1, 0x00A2, 0x00A3, 0x00A5,
    0x00A7, 0x00A9, 0x00AB, 0x00AE, 0x00B2, 0x00B5, 0x00B7, 0x00B9, 0x00BB, 0x00C0, 0x00C1, 0x00C2,
    0x00C3, 0x00C4, 0x00C5, 0x00C6, 0x00C7, 0x00C8, 0x00C9, 0x00CA, 0x00CB, 0x00CC, 0x00CD, 0x00CE,
    0x00CF, 0x00D0, 0x00D1, 0x00D2, 0x00D3, 0x00D4, 0x00D5, 0x00D6, 0x00D8, 0x00D9, 0x00DA, 0x00DB,
    0x00DC, 0x00DD, 0x00DE, 0x00DF, 0x00E0, 0x00E1, 0x00E2, 0x00E3, 0x00E4, 0x00E5, 0x00E6, 0x00E7,
    0x00E8, 0x00E9, 0x00EA, 0x00EB, 0x00EC, 0x00ED, 0x00EE, 0x00EF, 0x00F0, 0x00F1, 0x00F2, 0x00F3,
    0x00F4, 0x00F5, 0x00F6, 0x00F8, 0x00F9, 0x00FA, 0x00FB, 0x00FC, 0x00FD, 0x00FE, 0x00FF, 0x0100,
    0x0101, 0x0102, 0x0103, 0x0104, 0x0105, 0x0106, 0x0107, 0x0108, 0x0109, 0x010A, 0x010B, 0x010C,
    0x010D, 0x010E, 0x010F, 0x0110, 0x0111, 0x0112, 0x0113, 0x0114, 0x0115, 0x0116, 0x0117, 0x0118,
    0x0119, 0x011A, 0x011B, 0x011C, 0x011D, 0x011E, 0x011F, 0x0120, 0x0121, 0x0122, 0x0123, 0x0124,
    0x0125, 0x0126, 0x0127, 0x0128, 0x0129, 0x012A, 0x012B, 0x012C, 0x012D, 0x012E, 0x012F, 0x0130,
    0x0131, 0x0132, 0x0133, 0x0134, 0x0135, 0x0136, 0x0137, 0x0138, 0x0139, 0x013A, 0x013B, 0x013C,
    0x013D, 0x013E, 0x013F, 0x0140, 0x0141, 0x0142, 0x0143, 0x0144, 0x0145, 0x0146, 0x0147, 0x0148,
    0x0149, 0x014A, 0x014B, 0x014C, 0x014D, 0x014E, 0x014F, 0x0150, 0x0151, 0x0152, 0x0153, 0x0154,
    0x0155, 0x0156, 0x0157, 0x0158, 0x0159, 0x015A, 0x015B, 0x015C, 0x015D, 0x015E, 0x015F, 0x0160,
    0x0161, 0x0162, 0x0163, 0x0164, 0x0165, 0x0166, 0x0167, 0x0168, 0x0169, 0x016A, 0x016B, 0x016C,
    0x016D, 0x016E, 0x016F, 0x0170, 0x0171, 0x0172, 0x0173, 0x0174, 0x0175, 0x0176, 0x0177, 0x0178,
    0x0179, 0x017A, 0x017B, 0x017C, 0x017D, 0x017E, 0x017F, 0x01A0, 0x01A1, 0x01AF, 0x01B0, 0x01C4,
    0x01C5, 0x01C6, 0x01C7, 0x01C8, 0x01C9, 0x01CA, 0x01CB, 0x01CC, 0x01CD, 0x01CE, 0x01D0, 0x01D1,
    0x01D2, 0x01D3, 0x01D4, 0x01D5, 0x01D6, 0x01D7, 0x01D8, 0x01D9, 0x01DA, 0x01DB, 0x01DC, 0x01E6,
    0x01E7, 0x01EA, 0x01EB, 0x01F1, 0x01F2, 0x01F3, 0x01FA, 0x01FB, 0x01FC, 0x01FD, 0x01FE, 0x01FF,
    0x0200, 0x0201, 0x0202, 0x0203, 0x0204, 0x0205, 0x0206, 0x0207, 0x0208, 0x0209, 0x020A, 0x020B,
    0x020C, 0x020D, 0x020E, 0x020F, 0x0210, 0x0211, 0x0212, 0x0213, 0x0214, 0x0215, 0x0216, 0x0217,
    0x0218, 0x0219, 0x021A, 0x021B, 0x0400, 0x0401, 0x0402, 0x0403, 0x0404, 0x0405, 0x0406, 0x0407,
    0x0408, 0x0409, 0x040A, 0x040B, 0x040C, 0x040D, 0x040E, 0x040F, 0x0410, 0x0411, 0x0412, 0x0413,
    0x0414, 0x0415, 0x0416, 0x0417, 0x0418, 0x0419, 0x041A, 0x041B, 0x041C, 0x041D, 0x041E, 0x041F,
    0x0420, 0x0421, 0x0422, 0x0423, 0x0424, 0x0425, 0x0426, 0x0427, 0x0428, 0x0429, 0x042A, 0x042B,
    0x042C, 0x042D, 0x042E, 0x042F, 0x0430, 0x0431, 0x0432, 0x0433, 0x0434, 0x0435, 0x0436, 0x0437,
    0x0438, 0x0439, 0x043A, 0x043B, 0x043C, 0x043D, 0x043E, 0x043F, 0x0440, 0x0441, 0x0442, 0x0443,
    0x0444, 0x0445, 0x0446, 0x0447, 0x0448, 0x0449, 0x044A, 0x044B, 0x044C, 0x044D, 0x044E, 0x044F,
    0x0450, 0x0451, 0x0452, 0x0453, 0x0454, 0x0455, 0x0456, 0x0457, 0x0458, 0x0459, 0x045A, 0x045B,
    0x045C, 0x045D, 0x045E, 0x045F, 0x0462, 0x0463, 0x046A, 0x046B, 0x0472, 0x0473, 0x0474, 0x0475,
    0x0476, 0x0477, 0x048A, 0x048B, 0x048C, 0x048D, 0x048E, 0x048F, 0x0490, 0x0491, 0x0492, 0x0493,
    0x0494, 0x0495, 0x0496, 0x0497, 0x0498, 0x0499, 0x049A, 0x049B, 0x049C, 0x049D, 0x049E, 0x049F,
    0x04A0, 0x04A1, 0x04A2, 0x04A3, 0x04A4, 0x04A5, 0x04A6, 0x04A7, 0x04A8, 0x04A9, 0x04AA, 0x04AB,
    0x04AC, 0x04AD, 0x04AE, 0x04AF, 0x04B0, 0x04B1, 0x04B2, 0x04B3, 0x04B4, 0x04B5, 0x04B6, 0x04B7,
    0x04B8, 0x04B9, 0x04BA, 0x04BB, 0x04BC, 0x04BD, 0x04BE, 0x04BF, 0x04C0, 0x04C1, 0x04C2, 0x04C3,
    0x04C4, 0x04C5, 0x04C6, 0x04C7, 0x04C8, 0x04C9, 0x04CA, 0x04CB, 0x04CC, 0x04CD, 0x04CE, 0x04CF,
    0x04D0, 0x04D1, 0x04D2, 0x04D3, 0x04D4, 0x04D5, 0x04D6, 0x04D7, 0x04D8, 0x04D9, 0x04DA, 0x04DB,
    0x04DC, 0x04DD, 0x04DE, 0x04DF, 0x04E0, 0x04E1, 0x04E2, 0x04E3, 0x04E4, 0x04E5, 0x04E6, 0x04E7,
    0x04E8, 0x04E9, 0x04EA, 0x04EB, 0x04EC, 0x04ED, 0x04EE, 0x04EF, 0x04F0, 0x04F1, 0x04F2, 0x04F3,
    0x04F4, 0x04F5, 0x04F6, 0x04F7, 0x04F8, 0x04F9, 0x04FA, 0x04FB, 0x04FC, 0x04FD, 0x04FE, 0x04FF,
    0x1EA0, 0x1EA1, 0x1EA2, 0x1EA3, 0x1EA4, 0x1EA5, 0x1EA6, 0x1EA7, 0x1EA8, 0x1EA9, 0x1EAA, 0x1EAB,
    0x1EAC, 0x1EAD, 0x1EAE, 0x1EAF, 0x1EB0, 0x1EB1, 0x1EB2, 0x1EB3, 0x1EB4, 0x1EB5, 0x1EB6, 0x1EB7,
    0x1EB8, 0x1EB9, 0x1EBA, 0x1EBB, 0x1EBC, 0x1EBD, 0x1EBE, 0x1EBF, 0x1EC0, 0x1EC1, 0x1EC2, 0x1EC3,
    0x1EC4, 0x1EC5, 0x1EC6, 0x1EC7, 0x1EC8, 0x1EC9, 0x1ECA, 0x1ECB, 0x1ECC, 0x1ECD, 0x1ECE, 0x1ECF,
    0x1ED0, 0x1ED1, 0x1ED2, 0x1ED3, 0x1ED4, 0x1ED5, 0x1ED6, 0x1ED7, 0x1ED8, 0x1ED9, 0x1EDA, 0x1EDB,
    0x1EDC, 0x1EDD, 0x1EDE, 0x1EDF, 0x1EE0, 0x1EE1, 0x1EE2, 0x1EE3, 0x1EE4, 0x1EE5, 0x1EE6, 0x1EE7,
    0x1EE8, 0x1EE9, 0x1EEA, 0x1EEB, 0x1EEC, 0x1EED, 0x1EEE, 0x1EEF, 0x1EF0, 0x1EF1, 0x1EF2, 0x1EF3,
    0x1EF4, 0x1EF5, 0x1EF6, 0x1EF7, 0x1EF8, 0x1EF9, 0x2010, 0x2013, 0x2014, 0x2015, 0x2017, 0x2018,
    0x2019, 0x201A, 0x201B, 0x201C, 0x201D, 0x201E, 0x2025, 0x2026, 0x2039, 0x203A, 0x203C, 0x2070,
    0x2074, 0x2077, 0x2078, 0x2079, 0x20A1, 0x20A3, 0x20A6, 0x20A7, 0x20A9, 0x20AB, 0x20AC, 0x20AD,
    0x20AE, 0x20B1, 0x20B2, 0x20B4, 0x20B5, 0x20B8, 0x20B9, 0x20BD, 0x2206, 0xFB01, 0xFB02,
};

static const uint8_t bitter_16_regularKernLeftClassIds[] = {
      1,   2,   3,   4,   2,   5,   6,   7,   6,   8,   9,  10,  11,  12,  13,  14,
     15,  16,  12,  17,  18,  18,  19,  20,  21,  12,  22,  20,  23,  24,  25,  26,
     26,  27,  28,  29,  26,  26,  20,  30,  31,  32,   3,  33,  27,  34,  35,  28,
     36,  37,  38,  39,  40,  41,  42,  43,  44,  45,  46,  47,  41,  44,  48,  49,
     44,  41,  41,  42,  42,  50,  51,  52,  53,  54,  55,  55,  49,  56,  57,  58,
      1,  43,  59,  36,   3,  20,  60,  42,  61,  54,   7,  62,  63,  21,  21,  21,
     21,  21,  21,  23,  22,  23,  23,  23,  23,  26,  26,  26,  64,  20,  26,  20,
     20,  20,  20,  20,  20,  27,  27,  27,  27,  36,  30,  65,  41,  41,  41,  41,
     41,  41,  45,  66,  45,  45,  45,  67,  68,  69,  70,  71,  42,  41,  42,  42,
     42,  42,  42,  42,  54,  54,  54,  54,  55,  42,  55,  21,  41,  21,  41,  72,
     41,  22,  43,  22,  43,  22,  43,  22,  43,  20,  73,  20,  44,  23,  45,  23,
     45,  23,  45,  74,  45,  23,  75,  25,  47,  25,  47,  25,  47,  25,  47,  26,
     41,  76,  41,  26,  77,  26,  78,  26,  79,  26,  80,  26,  54,  27,  48,  27,
     81,  28,  49,  49,  29,  44,  29,  44,  82,  73,  29,  83,  29,  84,  26,  41,
     26,  41,  26,  41,  41,  27,  48,  20,  42,  20,  42,  20,  42,  23,  45,  32,
     51,  32,  51,  32,  51,   3,  52,   3,  52,   3,  52,   3,  52,  33,  85,  33,
     86,  33,  53,  27,  54,  27,  54,  27,  54,  27,  54,  27,  54,  27,  54,  34,
     55,  36,  55,  36,  37,  57,  37,  57,  37,  57,  46,  87,  88,  89,  90,  37,
     57,  57,  27,  48,  48,  27,  48,  48,  21,  41,  91,  20,  42,  27,  54,  27,
     54,  27,  54,  27,  54,  27,  54,  25,  47,  20,  42,  37,  57,  57,  21,  41,
     23,  45,  20,  42,  21,  41,  21,  41,  23,  45,  23,  45,  26,  92,  26,  93,
     20,  42,  20,  42,  32,  51,  32,  51,  27,  54,  27,  54,   3,  52,  33,  53,
     23,  23,  12,  94,  22,   3,  26,  95,  96,  97,  97,  98,  99,  26, 100,  26,
     21, 101,  12, 102, 103,  23,  99,  12,  26,  26,  99,  26,  26,  26,  20,  26,
     30,  22,  33, 104, 105,  28, 103,  26,  26, 103,  97,  26,  97,  20,  20,  26,
     41,  42, 106,  51, 107,  45, 108, 106, 109, 109,  49, 109, 109, 109,  42, 109,
     42,  43,  51,  55,  42,  49, 107, 109, 109, 107, 110, 109, 110,  42,  42, 109,
     45,  45,  48,  51,  43,  52,  44, 111,  48, 110, 110,  41,  49, 109,  55, 109,
     97, 110, 112,  49,  20,  42,  35,  55,  35,  55, 103, 107,  97, 113,  30,  42,
    114, 115,  33,  51, 116,  41, 117, 107,  12, 106, 118, 107,  28,  49,  28,  49,
     28,  49, 103, 107,  33,  51,  98,  48, 119,  42,  22,  43,  33,  51,  36,  55,
     36,  55, 120, 107, 103, 107, 103, 107,  26, 121,  98,  41,  20,  45, 122,  45,
     26,  28,  49, 123, 124, 103, 109,  27, 109, 103, 107,  26, 121, 103, 107,  44,
     21,  41,  21,  41,  23,  45,  23,  45,  20,  42,  20,  42,  28,  49,  12, 106,
     12, 106,  26, 109,  26, 109,  20,  42,  20,  42,  20,  42,  20,  42,  35,  55,
     35,  55,  35,  55,  26, 121,  33,  51,  26, 109,  33,  51, 125, 126,  28,  49,
     21,  41,  21,  41, 127,  41,  21,  41,  21,  41,  21,  41,  21,  41,  21,  41,
     21,  41,  21,  41,  21,  41,  21,  41,  23,  45,  23,  45,  23,  45,  23,  45,
     23,  45,  23,  45,  23,  45,  23,  45,  26, 128,  26, 129,  20,  42,  20,  42,
     20,  42,  20,  42,  20,  42,  20,  42,  20,  42, 130,  88, 131,  88, 130,  88,
    130,  88, 130,  88,  27,  54,  27,  54, 132,  90, 132,  90, 133,  90, 134,  90,
    135,  90,  36,  55,  36, 136,  36,  55,  36,  55,   7,   7,   7,   7,  40,   2,
      2,   6,   2,   2,   2,   6,   6,   6,  60,  63,   1, 137, 138, 139, 138, 137,
     22,  24,  26,  30,  35, 140,  22,  28,  33,  30,  25,   3,  22,  33,  32,  30,
     21,  44,  44,
};

static const uint16_t bitter_16_regularKernRightCodepoints[] = {
    0x0021, 0x0022, 0x0024, 0x0026, 0x0027, 0x0029, 0x002A, 0x002C, 0x002D, 0x002E, 0x002F, 0x0030,
    0x0031, 0x0032, 0x0033, 0x0034, 0x0035, 0x0036, 0x0037, 0x0038, 0x0039, 0x003A, 0x003B, 0x003F,
    0x0040, 0x0041, 0x0042, 0x0043, 0x0044, 0x0045, 0x0046, 0x0047, 0x0048, 0x0049, 0x004A, 0x004B,
    0x004C, 0x004D, 0x004E, 0x004F, 0x0050, 0x0051, 0x0052, 0x0053, 0x0054, 0x0055, 0x0056, 0x0057,
    0x0058, 0x0059, 0x005A, 0x005C, 0x005D, 0x005F, 0x0061, 0x0062, 0x0063, 0x0064, 0x0065, 0x0066,
    0x0067, 0x0068, 0x0069, 0x006A, 0x006B, 0x006C, 0x006D, 0x006E, 0x006F, 0x0070, 0x0071, 0x0072,
    0x0073, 0x0074, 0x0075, 0x0076, 0x0077, 0x0078, 0x0079, 0x007A, 0x007C, 0x007D, 0x00A1, 0x00A2,
    0x00A5, 0x00A6, 0x00A7, 0x00A9, 0x00AB, 0x00AE, 0x00B0, 0x00B7, 0x00BB, 0x00BF, 0x00C0, 0x00C1,
    0x00C2, 0x00C3, 0x00C4, 0x00C5, 0x00C6, 0x00C7, 0x00C8, 0x00C9, 0x00CA, 0x00CB, 0x00CC, 0x00CD,
    0x00CE, 0x00CF, 0x00D0, 0x00D1, 0x00D2, 0x00D3, 0x00D4, 0x00D5, 0x00D6, 0x00D8, 0x00D9, 0x00DA,
    0x00DB, 0x00DC, 0x00DD, 0x00DE, 0x00DF, 0x00E0, 0x00E1, 0x00E2, 0x00E3, 0x00E4, 0x00E5, 0x00E6,
    0x00E7, 0x00E8, 0x00E9, 0x00EA, 0x00EB, 0x00EC, 0x00ED, 0x00EE, 0x00EF, 0x00F0, 0x00F1, 0x00F2,
    0x00F3, 0x00F4, 0x00F5, 0x00F6, 0x00F8, 0x00F9, 0x00FA, 0x00FB, 0x00FC, 0x00FD, 0x00FE, 0x00FF,
    0x0100, 0x0101, 0x0102, 0x0103, 0x0104, 0x0105, 0x0106, 0x0107, 0x0108, 0x0109, 0x010A, 0x010B,
    0x010C, 0x010D, 0x010E, 0x010F, 0x0110, 0x0111, 0x0112, 0x0113, 0x0114, 0x0115, 0x0116, 0x0117,
    0x0118, 0x0119, 0x011A, 0x011B, 0x011C, 0x011D, 0x011E, 0x011F, 0x0120, 0x0121, 0x0122, 0x0123,
    0x0124, 0x0125, 0x0126, 0x0127, 0x0128, 0x0129, 0x012A, 0x012B, 0x012C, 0x012D, 0x012E, 0x012F,
    0x0130, 0x0131, 0x0132, 0x0133, 0x0134, 0x0135, 0x0136, 0x0137, 0x0138, 0x0139, 0x013A, 0x013B,
    0x013C, 0x013D, 0x013E, 0x013F, 0x0140, 0x0141, 0x0142, 0x0143, 0x0144, 0x0145, 0x0146, 0x0147,
    0x0148, 0x0149, 0x014A, 0x014B, 0x014C, 0x014D, 0x014E, 0x014F, 0x0150, 0x0151, 0x0152, 0x0153,
    0x0154, 0x0155, 0x0156, 0x0157, 0x0158, 0x0159, 0x015A, 0x015B, 0x015C, 0x015D, 0x015E, 0x015F,
    0x0160, 0x0161, 0x0162, 0x0163, 0x0164, 0x0165, 0x0166, 0x0167, 0x0168, 0x0169, 0x016A, 0x016B,
    0x016C, 0x016D, 0x016E, 0x016F, 0x0170, 0x0171, 0x0172, 0x0173, 0x0174, 0x0175, 0x0176, 0x0177,
    0x0178, 0x0179, 0x017A, 0x017B, 0x017C, 0x017D, 0x017E, 0x017F, 0x01A0, 0x01A1, 0x01AF, 0x01B0,
    0x01C4, 0x01C5, 0x01C6, 0x01C7, 0x01C8, 0x01C9, 0x01CA, 0x01CB, 0x01CC, 0x01CD, 0x01CE, 0x01D0,
    0x01D1, 0x01D2, 0x01D3, 0x01D4, 0x01D5, 0x01D6, 0x01D7, 0x01D8, 0x01D9, 0x01DA, 0x01DB, 0x01DC,
    0x01E6, 0x01E7, 0x01EA, 0x01EB, 0x01F1, 0x01F2, 0x01F3, 0x01FA, 0x01FB, 0x01FC, 0x01FD, 0x01FE,
    0x01FF, 0x0200, 0x0201, 0x0202, 0x0203, 0x0204, 0x0205, 0x0206, 0x0207, 0x0208, 0x0209, 0x020A,
    0x020B, 0x020C, 0x020D, 0x020E, 0x020F, 0x0210, 0x0211, 0x0212, 0x0213, 0x0214, 0x0215, 0x0216,
    0x0217, 0x0218, 0x0219, 0x021A, 0x021B, 0x0400, 0x0401, 0x0402, 0x0403, 0x0404, 0x0405, 0x0406,
    0x0407, 0x0408, 0x0409, 0x040A, 0x040B, 0x040C, 0x040D, 0x040E, 0x040F, 0x0410, 0x0411, 0x0412,
    0x0413, 0x0414, 0x0415, 0x0416, 0x0417, 0x0418, 0x0419, 0x041A, 0x041B, 0x041C, 0x041D, 0x041E,
    0x041F, 0x0420, 0x0421, 0x0422, 0x0423, 0x0424, 0x0425, 0x0426, 0x0427, 0x0428, 0x0429, 0x042A,
    0x042B, 0x042C, 0x042D, 0x042E, 0x042F, 0x0430, 0x0431, 0x0432, 0x0433, 0x0434, 0x0435, 0x0436,
    0x0437, 0x0438, 0x0439, 0x043A, 0x043B, 0x043C, 0x043D, 0x043E, 0x043F, 0x0440, 0x0441, 0x0442,
    0x0443, 0x0444, 0x0445, 0x0446, 0x0447, 0x0448, 0x0449, 0x044A, 0x044B, 0x044C, 0x044D, 0x044E,
    0x044F, 0x0450, 0x0451, 0x0452, 0x0453, 0x0454, 0x0455, 0x0456, 0x0457, 0x0458, 0x0459, 0x045A,
    0x045B, 0x045C, 0x045D, 0x045E, 0x045F, 0x0462, 0x0463, 0x046A, 0x046B, 0x0472, 0x0473, 0x0474,
    0x0475, 0x0476, 0x0477, 0x048A, 0x048B, 0x048C, 0x048D, 0x048E, 0x048F, 0x0490, 0x0491, 0x0492,
    0x0493, 0x0494, 0x0495, 0x0496, 0x0497, 0x0498, 0x0499, 0x049A, 0x049B, 0x049C, 0x049D, 0x049E,
    0x049F, 0x04A0, 0x04A1, 0x04A2, 0x04A3, 0x04A4, 0x04A5, 0x04A6, 0x04A7, 0x04A8, 0x04A9, 0x04AA,
    0x04AB, 0x04AC, 0x04AD, 0x04AE, 0x04AF, 0x04B0, 0x04B1, 0x04B2, 0x04B3, 0x04B4, 0x04B5, 0x04B6,
    0x04B7, 0x04B8, 0x04B9, 0x04BA, 0x04BB, 0x04BC, 0x04BD, 0x04BE, 0x04BF, 0x04C0, 0x04C1, 0x04C2,
    0x04C3, 0x04C4, 0x04C5, 0x04C6, 0x04C7, 0x04C8, 0x04C9, 0x04CA, 0x04CB, 0x04CC, 0x04CD, 0x04CE,
    0x04CF, 0x04D0, 0x04D1, 0x04D2, 0x04D3, 0x04D4, 0x04D5, 0x04D6, 0x04D7, 0x04D8, 0x04D9, 0x04DA,
    0x04DB, 0x04DC, 0x04DD, 0x04DE, 0x04DF, 0x04E0, 0x04E1, 0x04E2, 0x04E3, 0x04E4, 0x04E5, 0x04E6,
    0x04E7, 0x04E8, 0x04E9, 0x04EA, 0x04EB, 0x04EC, 0x04ED, 0x04EE, 0x04EF, 0x04F0, 0x04F1, 0x04F2,
    0x04F3, 0x04F4, 0x04F5, 0x04F6, 0x04F7, 0x04F8, 0x04F9, 0x04FA, 0x04FB, 0x04FC, 0x04FD, 0x04FE,
    0x04FF, 0x1EA0, 0x1EA1, 0x1EA2, 0x1EA3, 0x1EA4, 0x1EA5, 0x1EA6, 0x1EA7, 0x1EA8, 0x1EA9, 0x1EAA,
    0x1EAB, 0x1EAC, 0x1EAD, 0x1EAE, 0x1EAF, 0x1EB0, 0x1EB1, 0x1EB2, 0x1EB3, 0x1EB4, 0x1EB5, 0x1EB6,
    0x1EB7, 0x1EB8, 0x1EB9, 0x1EBA, 0x1EBB, 0x1EBC, 0x1EBD, 0x1EBE, 0x1EBF, 0x1EC0, 0x1EC1, 0x1EC2,
    0x1EC3, 0x1EC4, 0x1EC5, 0x1EC6, 0x1EC7, 0x1EC8, 0x1EC9, 0x1ECA, 0x1ECB, 0x1ECC, 0x1ECD, 0x1ECE,
    0x1ECF, 0x1ED0, 0x1ED1, 0x1ED2, 0x1ED3, 0x1ED4, 0x1ED5, 0x1ED6, 0x1ED7, 0x1ED8, 0x1ED9, 0x1EDA,
    0x1EDB, 0x1EDC, 0x1EDD, 0x1EDE, 0x1EDF, 0x1EE0, 0x1EE1, 0x1EE2, 0x1EE3, 0x1EE4, 0x1EE5, 0x1EE6,
    0x1EE7, 0x1EE8, 0x1EE9, 0x1EEA, 0x1EEB, 0x1EEC, 0x1EED, 0x1EEE, 0x1EEF, 0x1EF0, 0x1EF1, 0x1EF2,
    0x1EF3, 0x1EF4, 0x1EF5, 0x1EF6, 0x1EF7, 0x1EF8, 0x1EF9, 0x2010, 0x2013, 0x2014, 0x2015, 0x2017,
    0x2018, 0x2019, 0x201A, 0x201B, 0x201C, 0x201D, 0x201E, 0x2025, 0x2026, 0x2039, 0x203A, 0x203C,
    0x2044, 0x20A1, 0x20A3, 0x20A6, 0x20A7, 0x20A9, 0x20AB, 0x20AD, 0x20AE, 0x20B1, 0x20B2, 0x20B4,
    0x20B5, 0x20B8, 0x20BD, 0x2206, 0x221A, 0xFB01, 0xFB02,
};

static const uint8_t bitter_16_regularKernRightClassIds[] = {
      1,   2,   3,   4,   2,   5,   6,   7,   8,   7,   9,  10,  11,  12,  13,  14,
     15,  16,  17,   4,  18,  19,  19,  20,  21,  22,  23,  21,  23,  23,  23,  21,
     23,  23,  24,  23,  23,  23,  23,  21,  23,  21,  23,   3,  25,  26,  27,  27,
     28,  29,  30,  31,  32,  33,  34,  35,  36,  36,  36,  37,  38,  35,  37,  39,
     35,  35,  37,  37,  36,  40,  36,  37,  41,  42,  43,  44,  44,  45,  46,  47,
     48,  49,  50,  36,  29,  48,   3,  21,  51,  36,  52,   8,  53,  54,  22,  22,
     22,  22,  22,  22,  22,  21,  23,  23,  23,  23,  23,  23,  23,  55,  23,  23,
     21,  21,  21,  21,  21,  21,  26,  26,  26,  26,  29,  23,  37,  34,  34,  34,
     34,  34,  34,  34,  36,  36,  36,  36,  36,  56,  57,  58,  59,  36,  37,  36,
     36,  36,  36,  36,  60,  43,  43,  43,  43,  46,  61,  46,  22,  34,  22,  34,
     22,  34,  21,  36,  21,  36,  21,  36,  21,  62,  23,  36,  23,  36,  23,  36,
     23,  36,  23,  36,  23,  36,  23,  36,  21,  38,  21,  38,  21,  38,  21,  38,
     23,  63,  23,  35,  23,  64,  23,  65,  66,  67,  23,  37,  23,  37,  23,  37,
     24,  68,  23,  35,  37,  23,  35,  23,  35,  23,  35,  23,  35,  23,  69,  23,
     37,  23,  37,  23,  37,  70,  23,  37,  21,  36,  21,  36,  21,  36,  21,  36,
     23,  37,  23,  37,  23,  71,   3,  41,   3,  41,   3,  41,   3,  72,  25,  42,
     25,  42,  25,  42,  26,  43,  26,  43,  26,  43,  26,  43,  26,  43,  26,  43,
     27,  44,  29,  46,  29,  30,  47,  30,  47,  30,  73,  37,  21,  36,  26,  43,
     23,  23,  36,  23,  23,  35,  23,  23,  37,  22,  34,  74,  21,  36,  26,  43,
     26,  43,  26,  43,  26,  43,  26,  43,  21,  38,  21,  36,  23,  23,  36,  22,
     34,  22,  34,  21,  36,  22,  75,  22,  34,  23,  76,  23,  36,  23,  77,  23,
     78,  21,  79,  21,  36,  23,  80,  23,  37,  26,  43,  26,  43,   3,  41,  25,
     42,  23,  23,  25,  23,  21,   3,  23,  81,  24,  82,  23,  25,  23,  23,  83,
     23,  22,  23,  23,  23,  84,  23,  85,  13,  23,  23,  23,  82,  23,  23,  21,
     23,  23,  21,  25,  86,  87,  28,  23,  88,  23,  23,  25,  23,  23,  89,  23,
     90,  34,  91,  37,  37,  92,  36,  93,  94,  37,  37,  37,  95,  37,  37,  36,
     37,  40,  36,  96,  46,  36,  45,  37,  97,  37,  37,  96,  37,  37,  98,  37,
     99,  36, 100,  35,  37,  36,  41,  37, 101, 102,  95,  37,  35,  37,  37,  46,
     37,  25,  42, 103, 104,  21,  36,  27,  44,  27,  44,  23,  37,  23, 105,  23,
    106,  23,  37,  23,  37,  23,  37,  28,  45,  13,  94,  23,  37,  23,  37,  23,
     35,  23,  96,  23,  37,  23,  37,  23,  37,  21,  36,  21,  36,  25,  96,  29,
     44,  29,  44,  28,  45,  25,  96,  88, 107,  88, 107,  23,  35, 108, 109, 108,
    109,  23,  28,  45,  23,  37,  82,  95,  23,  37,  23,  37,  88, 107,  23,  37,
     35,  22,  34,  22,  34,  22,  34,  23,  36, 110,  36, 110,  36,  28,  45,  13,
     94,  13,  94,  23,  37,  23,  37,  21,  36,  21,  36,  21,  36,  89,  98,  29,
     46,  29,  46,  29,  46,  88, 107,  23,  37,  23,  37,  23,  37,  28,  45,  28,
     45,  22,  34,  22,  34,  22,  34,  22,  34,  22,  34,  22,  34,  22,  34,  22,
     34,  22,  34,  22,  34,  22,  34,  22,  34,  23,  36,  23,  36,  23,  36,  23,
     36,  23,  36,  23,  36,  23,  36,  23,  36,  23, 111,  23,  37,  21,  36,  21,
     36,  21,  36,  21,  36,  21,  36,  21,  36,  21,  36,  21,  36,  21,  36,  21,
     36,  21, 112,  21,  36,  26,  43,  26,  43,  26,  43,  26,  43,  26,  43,  26,
     43,  26,  43,  29,  46,  29,  46,  29,  46,  29,  46,   8,   8,   8,   8,  33,
      2,   2,   7,   2,   2,   2,   7,   7,   7,  51,  53,   1, 113,  21,  23,  23,
     23,  27,  36,  23,  25,  23,  21,   3,  21,  25,  23,  22,  44,  37,  37,
};

static const uint16_t bitter_16_regularKernRowOffsets[] = {
        0,     1,    36,    91,   126,   151,   188,   218,   287,   290,   294,   295,   375,   380,   387,   394,
      407,   411,   418,   427,   491,   578,   651,   712,   781,   812,   857,   906,   983,  1035,  1114,  1185,
     1236,  1314,  1405,  1496,  1573,  1625,  1653,  1659,  1686,  1701,  1724,  1771,  1793,  1809,  1862,  1907,
     1926,  1986,  2017,  2074,  2082,  2105,  2118,  2178,  2238,  2248,  2275,  2277,  2278,  2279,  2280,  2281,
     2329,  2371,  2418,  2434,  2464,  2496,  2528,  2568,  2655,  2709,  2771,  2788,  2833,  2866,  2893,  2925,
     2947,  2969,  2978,  2985,  2988,  3011,  3040,  3109,  3120,  3146,  3152,  3184,  3213,  3242,  3327,  3373,
     3433,  3457,  3496,  3573,  3664,  3744,  3829,  3878,  3969,  4037,  4073,  4106,  4166,  4174,  4221,  4245,
     4322,  4330,  4400,  4457,  4496,  4545,  4598,  4662,  4711,  4714,  4715,  4792,  4796,  4873,  4933,  5020,
     5046,  5068,  5132,  5196,  5222,  5248,  5274,  5300,  5360,  5361,  5362,  5363,  5372,
};

static const uint8_t bitter_16_regularKernSparseCols[] = {
     21,   6,  20,  21,  22,  24,  26,  27,  33,  34,  35,  40,  54,  59,  60,  61,
     62,  65,  71,  74,  75,  78,  80,  81,  83,  84,  86,  88,  89,  91,  94,  98,
     99, 102, 109, 111,   6,  10,  12,  16,  21,  22,  24,  26,  27,  28,  29,  33,
     35,  36,  37,  38,  39,  41,  42,  43,  44,  45,  54,  55,  56,  57,  58,  59,
     61,  63,  64,  65,  66,  67,  70,  73,  74,  75,  76,  77,  78,  79,  80,  82,
     84,  85,  92,  99, 100, 101, 102, 103, 105, 110, 111,   2,  20,  21,  26,  27,
     28,  33,  34,  35,  40,  42,  43,  44,  45,  46,  59,  60,  61,  62,  68,  71,
     72,  74,  75,  78,  82,  84,  85,  86,  92,  99, 102, 103, 109, 111,   8,  23,
     24,  30,  32,  35,  37,  38,  59,  61,  67,  75,  78,  81,  83,  87,  88,  89,
     91,  96,  99, 101, 106, 107, 111,   1,   9,  10,  11,  13,  15,  16,  17,  20,
     21,  23,  24,  26,  27,  28,  35,  43,  45,  50,  59,  61,  75,  78,  82,  83,
     84,  85,  86,  87,  91,  95,  96,  99, 102, 106, 109, 111,  10,  11,  12,  13,
     14,  16,  17,  21,  24,  26,  27,  43,  44,  45,  52,  81,  83,  84,  87,  88,
     89,  91,  92,  93,  94,  96,  98, 102, 103, 106,   4,   8,  20,  21,  22,  23,
     24,  25,  26,  27,  28,  30,  31,  33,  34,  35,  36,  39,  44,  45,  48,  54,
     55,  56,  57,  58,  59,  60,  61,  62,  63,  64,  65,  66,  70,  73,  74,  75,
     76,  77,  78,  79,  80,  81,  82,  83,  84,  85,  86,  87,  88,  89,  91,  92,
     93,  94,  95,  96,  97,  98,  99, 100, 102, 103, 105, 106, 109, 110, 111,   6,
     10,  51,   6,   8,  16,  51,  16,   1,   6,  12,  19,  20,  21,  22,  24,  26,
     27,  28,  29,  33,  34,  35,  36,  37,  38,  39,  40,  41,  42,  43,  44,  45,
     46,  54,  55,  56,  57,  58,  59,  60,  61,  62,  63,  64,  65,  66,  67,  70,
     71,  72,  73,  74,  75,  76,  77,  78,  79,  80,  81,  82,  83,  84,  85,  86,
     87,  88,  89,  91,  92,  93,  94,  95,  96,  97,  98,  99, 100, 101, 102, 103,
    105, 106, 107, 108, 109, 110, 111,   7,  13,  16,  18,  51,   6,  10,  11,  12,
     16,  17,  51,  10,  11,  12,  13,  14,  16,  51,   3,   6,   7,   9,  10,  11,
     12,  13,  14,  15,  16,  17,  51,   6,  12,  16,  51,  23,  24,  26,  28,  43,
     82,  85,  22,  24,  53,  54,  65,  80,  81,  96, 106,   1,   2,   6,   8,  12,
     19,  21,  24,  26,  27,  28,  29,  33,  34,  35,  36,  37,  38,  39,  40,  41,
     42,  43,  44,  45,  55,  56,  57,  58,  59,  60,  61,  62,  63,  64,  66,  67,
     70,  71,  73,  74,  75,  76,  77,  78,  79,  81,  82,  83,  84,  85,  87,  89,
     91,  92,  94,  99, 100, 101, 102, 103, 105, 110, 111,   0,   1,   2,   6,   7,
      8,  19,  20,  21,  22,  23,  24,  25,  26,  27,  28,  29,  31,  33,  34,  35,
     36,  37,  38,  39,  40,  41,  42,  43,  44,  45,  46,  48,  49,  54,  55,  56,
     57,  58,  59,  60,  61,  62,  63,  64,  65,  66,  67,  70,  71,  72,  73,  74,
     75,  76,  77,  78,  79,  80,  81,  82,  83,  84,  85,  86,  87,  88,  89,  90,
     92,  93,  94,  95,  96,  97,  99, 100, 101, 102, 103, 105, 106, 107, 108, 109,
    110, 111,   1,   3,   6,   7,  10,  11,  12,  14,  16,  17,  20,  21,  23,  24,
     26,  27,  28,  33,  34,  35,  36,  37,  38,  39,  40,  41,  42,  43,  44,  45,
     46,  55,  56,  57,  58,  59,  60,  61,  62,  63,  64,  66,  67,  70,  71,  72,
     73,  74,  75,  76,  77,  78,  79,  81,  82,  83,  84,  85,  86,  87,  89,  92,
     95,  99, 100, 101, 102, 103, 105, 108, 109, 110, 111,   7,   8,  20,  21,  24,
     26,  27,  28,  33,  35,  36,  37,  38,  39,  40,  41,  42,  43,  44,  45,  46,
     55,  56,  57,  58,  59,  61,  63,  64,  66,  67,  70,  71,  72,  73,  74,  75,
     76,  77,  78,  79,  81,  82,  84,  85,  86,  87,  88,  89,  92,  95,  99, 100,
    101, 102, 103, 105, 108, 109, 110, 111,   2,   6,   8,  18,  20,  21,  22,  23,
     26,  27,  28,  29,  33,  34,  35,  36,  37,  38,  39,  40,  41,  42,  43,  44,
     45,  46,  54,  55,  56,  57,  58,  59,  60,  61,  62,  63,  64,  65,  66,  67,
     70,  71,  72,  73,  74,  75,  76,  77,  78,  79,  80,  81,  82,  84,  85,  86,
     92,  94,  99, 100, 101, 102, 103, 105, 107, 108, 109, 110, 111,  21,  26,  27,
     28,  33,  34,  35,  40,  42,  43,  44,  45,  46,  59,  60,  61,  62,  68,  71,
     72,  74,  75,  78,  82,  84,  85,  92,  99, 102, 103, 111,   1,   2,   8,  21,
     24,  25,  26,  27,  28,  29,  33,  35,  37,  38,  40,  43,  44,  45,  57,  58,
     59,  61,  63,  67,  71,  74,  75,  76,  77,  78,  82,  83,  84,  85,  87,  88,
     89,  92,  95,  99, 101, 102, 103, 107, 111,  21,  22,  24,  26,  27,  28,  29,
     33,  34,  35,  37,  38,  40,  41,  42,  43,  44,  45,  46,  54,  57,  58,  59,
     60,  61,  62,  63,  65,  67,  71,  72,  74,  75,  76,  77,  78,  80,  81,  82,
     84,  85,  92,  94,  99, 101, 102, 103, 107, 111,   0,   1,   2,   6,   7,   8,
     19,  20,  21,  22,  23,  24,  25,  26,  27,  28,  29,  33,  35,  36,  37,  38,
     39,  40,  41,  42,  43,  45,  46,  54,  55,  56,  57,  58,  59,  61,  63,  64,
     65,  66,  67,  70,  71,  72,  73,  74,  75,  76,  77,  78,  79,  80,  81,  82,
     83,  84,  85,  86,  87,  88,  89,  91,  92,  93,  95,  96,  99, 100, 101, 102,
    105, 106, 107, 108, 109, 110, 111,   2,  20,  21,  23,  24,  25,  26,  27,  28,
     29,  33,  35,  36,  37,  39,  40,  41,  42,  43,  44,  45,  55,  56,  57,  58,
     59,  61,  63,  64,  66,  70,  71,  73,  74,  75,  76,  77,  78,  79,  82,  84,
     85,  86,  92,  99, 100, 102, 103, 105, 109, 110, 111,   1,   2,   6,   7,   8,
     19,  20,  21,  22,  23,  24,  25,  26,  27,  28,  29,  31,  33,  34,  35,  36,
     37,  38,  39,  40,  41,  42,  43,  44,  45,  46,  48,  54,  55,  56,  57,  58,
     59,  60,  61,  62,  63,  64,  65,  66,  67,  70,  71,  72,  73,  74,  75,  76,
     77,  78,  79,  80,  81,  82,  83,  84,  85,  86,  87,  88,  89,  92,  94,  96,
     99, 100, 101, 102, 103, 105, 106, 109, 110, 111,   1,   2,   4,   6,   8,  12,
     18,  19,  21,  23,  24,  26,  27,  28,  29,  31,  32,  33,  34,  35,  36,  37,
     38,  39,  40,  41,  42,  43,  44,  45,  47,  48,  55,  56,  57,  58,  59,  60,
     61,  62,  63,  64,  66,  67,  70,  71,  73,  74,  75,  76,  77,  78,  79,  81,
     82,  83,  84,  85,  87,  89,  91,  92,  94,  99, 100, 101, 102, 103, 105, 110,
    111,  20,  21,  24,  25,  26,  27,  28,  29,  33,  35,  36,  37,  38,  39,  41,
     42,  43,  44,  45,  55,  56,  57,  58,  59,  61,  63,  64,  66,  67,  70,  73,
     74,  75,  76,  77,  78,  79,  82,  84,  85,  86,  92,  99, 100, 101, 102, 103,
    105, 109, 110, 111,   1,   2,   6,   7,   8,  18,  19,  20,  21,  22,  23,  24,
     25,  26,  27,  28,  29,  33,  34,  35,  36,  37,  38,  39,  40,  41,  42,  43,
     44,  45,  46,  54,  55,  56,  57,  58,  59,  60,  61,  62,  63,  64,  65,  66,
     67,  70,  71,  72,  73,  74,  75,  76,  77,  78,  79,  80,  81,  82,  83,  84,
     85,  86,  87,  88,  89,  92,  94,  99, 100, 101, 102, 103, 105, 107, 108, 109,
    110, 111,   0,   1,   2,   3,   6,   7,   8,  12,  18,  19,  20,  21,  22,  23,
     24,  25,  26,  27,  28,  29,  31,  33,  34,  35,  36,  37,  38,  39,  40,  41,
     42,  43,  44,  45,  46,  48,  54,  55,  56,  57,  58,  59,  60,  61,  62,  63,
     64,  65,  66,  67,  70,  71,  72,  73,  74,  75,  76,  77,  78,  79,  80,  81,
     82,  83,  84,  85,  86,  87,  88,  89,  90,  91,  92,  93,  94,  95,  96,  97,
     98,  99, 100, 101, 102, 103, 105, 106, 107, 108, 109, 110, 111,   0,   1,   2,
      3,   6,   7,   8,  12,  18,  19,  20,  21,  22,  23,  24,  25,  26,  27,  28,
     29,  31,  33,  34,  35,  36,  37,  38,  39,  40,  41,  42,  43,  44,  45,  46,
     48,  54,  55,  56,  57,  58,  59,  60,  61,  62,  63,  64,  65,  66,  67,  70,
     71,  72,  73,  74,  75,  76,  77,  78,  79,  80,  81,  82,  83,  84,  85,  86,
     87,  88,  89,  90,  91,  92,  93,  94,  95,  96,  97,  98,  99, 100, 101, 102,
    103, 105, 106, 107, 108, 109, 110, 111,   2,   6,  12,  14,  16,  18,  20,  21,
     22,  23,  24,  25,  26,  27,  28,  29,  31,  33,  34,  35,  36,  37,  38,  39,
     40,  41,  42,  43,  44,  45,  46,  48,  54,  55,  56,  57,  58,  59,  60,  61,
     62,  63,  64,  65,  66,  67,  70,  71,  72,  73,  74,  75,  76,  77,  78,  79,
     80,  81,  82,  84,  85,  86,  87,  92,  94,  95,  99, 100, 101, 102, 103, 105,
    107, 108, 109, 110, 111,   2,  20,  21,  22,  24,  25,  26,  27,  28,  35,  36,
     37,  39,  40,  41,  42,  43,  44,  45,  54,  55,  56,  57,  58,  59,  61,  63,
     64,  65,  66,  70,  71,  73,  75,  76,  77,  78,  79,  80,  82,  84,  85,  86,
     92,  99, 100, 102, 103, 105, 109, 110, 111,   8,  21,  23,  24,  26,  28,  30,
     32,  34,  37,  38,  60,  62,  67,  81,  82,  83,  85,  87,  89,  91,  95,  96,
     97,  98, 101, 106, 107,   4,   8,  23,  31,  32,  83,   4,   8,  23,  31,  36,
     37,  38,  39,  48,  55,  56,  57,  58,  63,  64,  66,  67,  70,  73,  76,  77,
     79,  83, 100, 101, 105, 110,   0,   1,   6,   8,  19,  43,  45,  69,  91,  93,
     94,  95,  96,  97, 106,   1,   6,   8,  19,  20,  38,  43,  44,  45,  67,  86,
     91,  92,  94,  95,  96,  97,  98, 101, 103, 106, 108, 109,   1,   7,  19,  33,
     34,  35,  36,  37,  38,  39,  41,  42,  43,  44,  45,  55,  56,  57,  58,  59,
     60,  61,  62,  63,  64,  66,  67,  70,  73,  74,  75,  76,  77,  78,  79,  92,
     95,  96,  98,  99, 100, 101, 103, 105, 106, 110, 111,   1,   7,   8,  20,  31,
     33,  38,  43,  44,  45,  48,  58,  67,  74,  76,  86,  92,  96, 101, 103, 106,
    109,  38,  43,  44,  45,  67,  91,  92,  93,  94,  95,  96,  97,  98, 101, 103,
    106,   0,   1,   4,   5,   6,   7,  19,  30,  31,  33,  34,  35,  36,  37,  38,
     39,  41,  42,  43,  44,  45,  48,  55,  56,  57,  58,  59,  60,  61,  62,  63,
     64,  66,  67,  68,  69,  70,  71,  73,  74,  75,  76,  77,  78,  79,  92,  99,
    100, 101, 103, 105, 110, 111,   8,  31,  32,  33,  34,  35,  36,  37,  38,  39,
     40,  41,  43,  44,  45,  48,  55,  56,  57,  58,  59,  60,  61,  62,  63,  64,
     66,  67,  70,  71,  73,  74,  75,  76,  77,  78,  79,  92,  99, 100, 101, 103,
    105, 110, 111,   8,  38,  43,  44,  45,  46,  58,  67,  72,  91,  92,  93,  94,
     95,  96,  97, 101, 103, 106,   0,   7,   8,  19,  20,  33,  34,  35,  36,  37,
     38,  39,  40,  41,  42,  43,  44,  45,  46,  55,  56,  57,  58,  59,  60,  61,
     62,  63,  64,  66,  67,  69,  70,  71,  72,  73,  74,  75,  76,  77,  78,  79,
     86,  91,  92,  93,  94,  95,  96,  97,  98,  99, 100, 101, 103, 105, 106, 109,
    110, 111,  18,  32,  36,  37,  38,  39,  43,  44,  45,  55,  56,  57,  58,  60,
     63,  64,  66,  67,  70,  73,  76,  77,  79,  91,  92,  93, 100, 101, 103, 105,
    110,   0,   4,   6,   8,  19,  31,  33,  34,  35,  36,  37,  38,  39,  40,  42,
     43,  44,  45,  48,  55,  56,  57,  58,  59,  60,  61,  62,  63,  64,  66,  67,
     70,  71,  73,  74,  75,  76,  77,  78,  79,  90,  91,  92,  93,  94,  96,  97,
     98,  99, 100, 101, 103, 105, 106, 108, 110, 111,   1,   6,  43,  44,  45,  92,
     95, 103,  33,  34,  35,  37,  38,  40,  43,  44,  45,  59,  60,  61,  62,  67,
     71,  74,  75,  78,  92,  99, 101, 103, 111,   8,  43,  44,  45,  46,  72,  92,
     93,  96,  97,  98, 103, 106,   6,   7,  18,  20,  33,  34,  35,  36,  37,  38,
     39,  40,  41,  42,  43,  44,  45,  46,  55,  56,  57,  58,  59,  60,  61,  62,
     63,  64,  66,  67,  69,  70,  71,  72,  73,  74,  75,  76,  77,  78,  79,  86,
     90,  92,  93,  94,  95,  96,  97,  98,  99, 100, 101, 103, 104, 105, 106, 109,
    110, 111,   6,   7,  18,  20,  33,  34,  35,  36,  37,  38,  39,  40,  41,  42,
     43,  44,  45,  46,  55,  56,  57,  58,  59,  60,  61,  62,  63,  64,  66,  67,
     69,  70,  71,  72,  73,  74,  75,  76,  77,  78,  79,  86,  90,  92,  93,  94,
     95,  96,  97,  98,  99, 100, 101, 103, 104, 105, 106, 109, 110, 111,  34,  40,
     43,  44,  45,  60,  62,  71,  92, 103,   8,  21,  23,  24,  26,  28,  30,  32,
     34,  37,  38,  60,  62,  67,  81,  82,  83,  85,  87,  89,  91,  95,  96,  97,
     98, 101, 106,  11,  16,   7, 112, 112,   6,   1,   2,   8,  21,  23,  24,  25,
     26,  27,  28,  29,  30,  33,  35,  37,  38,  40,  43,  44,  45,  54,  57,  58,
     59,  61,  63,  67,  71,  74,  75,  76,  77,  78,  82,  83,  84,  85,  87,  88,
     89,  92,  95,  99, 101, 102, 103, 107, 111,  34,  35,  36,  37,  38,  39,  40,
     41,  42,  43,  44,  45,  46,  55,  56,  57,  58,  59,  60,  61,  62,  63,  64,
     66,  67,  70,  71,  72,  73,  75,  76,  77,  78,  79,  92,  99, 100, 101, 103,
    105, 110, 111,   1,   7,  19,  33,  34,  35,  36,  37,  38,  39,  41,  42,  43,
     44,  45,  55,  56,  57,  58,  59,  60,  61,  62,  63,  64,  66,  67,  70,  73,
     74,  75,  76,  77,  78,  79,  92,  95,  96,  98,  99, 100, 101, 103, 105, 106,
    110, 111,  38,  43,  44,  45,  67,  91,  92,  93,  94,  95,  96,  97,  98, 101,
    103, 106,   1,   7,   8,  20,  31,  33,  34,  38,  43,  44,  45,  48,  57,  58,
     60,  62,  63,  64,  66,  67,  74,  76,  77,  86,  92,  96, 101, 103, 106, 109,
      1,   7,   8,  20,  31,  33,  34,  38,  43,  44,  45,  48,  55,  57,  58,  60,
     62,  63,  64,  66,  67,  73,  74,  76,  77,  86,  92,  96, 101, 103, 106, 109,
      1,   7,   8,  20,  31,  33,  34,  38,  43,  44,  45,  48,  56,  57,  58,  60,
     62,  63,  64,  66,  67,  73,  74,  76,  77,  86,  92,  96, 101, 103, 106, 109,
      1,   7,   8,  20,  31,  33,  34,  36,  38,  39,  43,  44,  45,  48,  55,  56,
     57,  58,  60,  62,  63,  64,  66,  67,  70,  73,  74,  76,  77,  79,  86,  92,
     96, 100, 101, 103, 105, 106, 109, 110,   0,   1,   2,   6,   7,   8,  19,  20,
     21,  22,  23,  24,  25,  26,  27,  28,  29,  31,  33,  34,  35,  36,  37,  38,
     39,  40,  41,  42,  43,  44,  45,  46,  48,  49,  54,  55,  56,  57,  58,  59,
     60,  61,  62,  63,  64,  65,  66,  67,  70,  71,  72,  73,  74,  75,  76,  77,
     78,  79,  80,  81,  82,  83,  84,  85,  86,  87,  88,  89,  90,  92,  93,  94,
     95,  96,  97,  99, 100, 101, 102, 103, 105, 106, 107, 108, 109, 110, 111,   0,
      1,   4,   5,  19,  20,  30,  31,  33,  34,  35,  36,  37,  38,  39,  41,  42,
     43,  44,  45,  46,  48,  55,  56,  57,  58,  59,  60,  61,  62,  63,  64,  66,
     67,  70,  71,  72,  73,  74,  75,  76,  77,  78,  79,  86,  92,  99, 100, 101,
    103, 105, 109, 110, 111,   7,   8,  20,  21,  23,  24,  26,  27,  28,  33,  35,
     36,  37,  38,  39,  40,  41,  42,  43,  44,  45,  46,  55,  56,  57,  58,  59,
     61,  63,  64,  66,  67,  70,  71,  72,  73,  74,  75,  76,  77,  78,  79,  81,
     82,  84,  85,  86,  87,  88,  89,  92,  95,  99, 100, 101, 102, 103, 105, 108,
    109, 110, 111,  38,  43,  44,  45,  67,  76,  91,  92,  93,  94,  95,  96,  97,
     98, 101, 103, 106,   1,   2,   8,  21,  24,  25,  26,  27,  28,  29,  33,  35,
     37,  38,  40,  43,  44,  45,  57,  58,  59,  61,  63,  67,  71,  74,  75,  76,
     77,  78,  82,  83,  84,  85,  87,  88,  89,  92,  95,  99, 101, 102, 103, 107,
    111,   1,   7,   8,  20,  31,  33,  34,  38,  43,  44,  45,  48,  55,  57,  58,
     60,  62,  63,  64,  66,  67,  73,  74,  76,  77,  86,  92,  96, 101, 103, 106,
    109, 110,   1,   7,   8,  20,  31,  33,  38,  43,  44,  45,  48,  57,  58,  63,
     66,  67,  73,  74,  76,  77,  86,  92,  96, 101, 103, 106, 109,   1,   7,   8,
     20,  31,  33,  34,  38,  43,  44,  45,  48,  55,  57,  58,  60,  62,  63,  64,
     66,  67,  73,  74,  76,  77,  86,  92,  96, 101, 103, 106, 109,   1,   7,   8,
     20,  31,  33,  38,  43,  44,  45,  48,  58,  67,  74,  76,  86,  92,  96, 101,
    103, 106, 109,   8,  34,  38,  43,  44,  45,  46,  58,  60,  62,  67,  72,  91,
     92,  93,  94,  95,  96,  97, 101, 103, 106,  19,  21,  26,  28,  34,  60,  62,
     82,  85,  35,  59,  61,  75,  78,  99, 111,  41,  43,  45,  33,  34,  35,  37,
     38,  40,  43,  44,  45,  59,  60,  61,  62,  67,  71,  74,  75,  78,  92,  99,
    101, 103, 111,   1,   4,  19,  30,  31,  33,  34,  35,  37,  38,  40,  43,  44,
     45,  59,  60,  61,  62,  67,  71,  72,  74,  75,  78,  92,  99, 101, 103, 111,
      1,   2,   6,   8,  12,  19,  21,  22,  23,  24,  26,  27,  28,  29,  33,  34,
     35,  36,  37,  38,  39,  40,  41,  42,  43,  44,  45,  54,  55,  56,  57,  58,
     59,  60,  61,  62,  63,  64,  65,  66,  67,  70,  71,  73,  74,  75,  76,  77,
     78,  79,  80,  81,  82,  83,  84,  85,  87,  89,  91,  92,  94,  99, 100, 101,
    102, 103, 105, 110, 111,  34,  38,  41,  42,  43,  45,  58,  60,  62,  67, 101,
     22,  23,  24,  25,  26,  28,  34,  54,  55,  57,  58,  60,  62,  63,  64,  65,
     66,  67,  69,  73,  76,  77,  79,  80,  82,  85,  34,  42,  43,  45,  60,  62,
      1,   7,   8,  20,  31,  33,  34,  38,  43,  44,  45,  48,  55,  57,  58,  60,
     62,  63,  64,  66,  67,  73,  74,  76,  77,  86,  92,  96, 101, 103, 106, 109,
      1,   7,   8,  20,  31,  33,  34,  38,  43,  44,  45,  48,  57,  58,  60,  62,
     63,  67,  73,  74,  76,  77,  86,  92,  96, 101, 103, 106, 109,   1,   7,   8,
     20,  31,  33,  38,  43,  44,  45,  48,  56,  57,  58,  63,  64,  66,  67,  73,
     74,  76,  77,  86,  92,  96, 101, 103, 106, 109,   0,   1,   2,   4,   6,   7,
      8,  12,  19,  20,  21,  22,  23,  24,  26,  27,  28,  31,  33,  34,  35,  36,
     38,  39,  40,  41,  42,  43,  44,  45,  48,  54,  55,  56,  57,  58,  59,  60,
     61,  62,  63,  64,  65,  66,  67,  70,  71,  73,  74,  75,  76,  77,  78,  79,
     80,  81,  82,  83,  84,  85,  86,  87,  88,  89,  90,  91,  92,  93,  94,  95,
     96,  97,  98,  99, 100, 101, 102, 103, 104, 105, 106, 108, 109, 110, 111,   1,
      2,   8,  21,  24,  25,  26,  27,  28,  29,  33,  35,  37,  38,  40,  43,  44,
     45,  57,  58,  59,  61,  63,  67,  71,  74,  75,  76,  77,  78,  80,  82,  83,
     84,  85,  87,  88,  89,  92,  95,  99, 101, 102, 103, 107, 111,   2,  12,  21,
     24,  25,  26,  27,  28,  33,  35,  36,  39,  40,  41,  42,  43,  44,  45,  46,
     55,  56,  57,  58,  59,  61,  63,  64,  66,  70,  71,  72,  73,  74,  75,  76,
     77,  78,  79,  81,  82,  84,  85,  88,  89,  91,  92,  93,  94,  95,  96,  97,
     98,  99, 100, 102, 103, 105, 106, 110, 111,   0,   1,   2,  19,  20,  21,  22,
     24,  27,  28,  45,  54,  65,  80,  81,  82,  83,  84,  85,  86,  87,  89, 102,
    109,   1,   2,  12,  20,  21,  22,  24,  25,  26,  27,  28,  38,  43,  45,  54,
     65,  67,  80,  81,  82,  83,  84,  85,  86,  87,  88,  90,  91,  93,  94,  95,
     96,  97, 101, 102, 106, 107, 108, 109,   0,   1,   2,   6,   7,   8,  19,  20,
     21,  22,  23,  24,  25,  26,  27,  28,  29,  33,  35,  36,  37,  38,  39,  40,
     41,  42,  43,  45,  46,  54,  55,  56,  57,  58,  59,  61,  63,  64,  65,  66,
     67,  70,  71,  72,  73,  74,  75,  76,  77,  78,  79,  80,  81,  82,  83,  84,
     85,  86,  87,  88,  89,  91,  92,  93,  95,  96,  99, 100, 101, 102, 105, 106,
    107, 108, 109, 110, 111,   0,   1,   2,   3,   6,   7,   8,  12,  18,  19,  20,
     21,  22,  23,  24,  25,  26,  27,  28,  29,  31,  33,  34,  35,  36,  37,  38,
     39,  40,  41,  42,  43,  44,  45,  46,  48,  54,  55,  56,  57,  58,  59,  60,
     61,  62,  63,  64,  65,  66,  67,  70,  71,  72,  73,  74,  75,  76,  77,  78,
     79,  80,  81,  82,  83,  84,  85,  86,  87,  88,  89,  90,  91,  92,  93,  94,
     95,  96,  97,  98,  99, 100, 101, 102, 103, 105, 106, 107, 108, 109, 110, 111,
      1,   6,  12,  19,  20,  21,  22,  24,  26,  27,  28,  29,  33,  34,  35,  36,
     37,  38,  39,  40,  41,  42,  43,  44,  45,  46,  54,  55,  56,  57,  58,  59,
     60,  61,  62,  63,  64,  65,  66,  67,  70,  71,  72,  73,  74,  75,  76,  77,
     78,  79,  80,  81,  82,  83,  84,  85,  86,  87,  88,  89,  91,  92,  93,  94,
     95,  96,  97,  98,  99, 100, 101, 102, 103, 105, 106, 107, 108, 109, 110, 111,
      0,   1,   2,   4,   6,   7,   8,  12,  19,  20,  21,  22,  23,  24,  26,  27,
     28,  31,  33,  34,  35,  36,  38,  39,  40,  41,  42,  43,  44,  45,  48,  54,
     55,  56,  57,  58,  59,  60,  61,  62,  63,  64,  65,  66,  67,  70,  71,  73,
     74,  75,  76,  77,  78,  79,  80,  81,  82,  83,  84,  85,  86,  87,  88,  89,
     90,  91,  92,  93,  94,  95,  96,  97,  98,  99, 100, 101, 102, 103, 104, 105,
    106, 108, 109, 110, 111,   3,   4,   6,   8,  12,  19,  20,  21,  22,  23,  24,
     26,  27,  28,  31,  35,  38,  42,  43,  45,  48,  54,  59,  60,  61,  65,  67,
     75,  78,  80,  81,  82,  83,  84,  85,  86,  87,  88,  89,  93,  94,  95,  99,
    101, 102, 107, 108, 109, 111,   0,   1,   2,   3,   6,   7,   8,  12,  18,  19,
     20,  21,  22,  23,  24,  25,  26,  27,  28,  29,  31,  33,  34,  35,  36,  37,
     38,  39,  40,  41,  42,  43,  44,  45,  46,  48,  54,  55,  56,  57,  58,  59,
     60,  61,  62,  63,  64,  65,  66,  67,  70,  71,  72,  73,  74,  75,  76,  77,
     78,  79,  80,  81,  82,  83,  84,  85,  86,  87,  88,  89,  90,  91,  92,  93,
     94,  95,  96,  97,  98,  99, 100, 101, 102, 103, 105, 106, 107, 108, 109, 110,
    111,   1,   2,   6,   8,  12,  19,  21,  22,  24,  26,  27,  28,  29,  33,  34,
     35,  36,  37,  38,  39,  40,  41,  42,  43,  44,  45,  54,  55,  56,  57,  58,
     59,  60,  61,  62,  63,  64,  65,  66,  67,  70,  71,  73,  74,  75,  76,  77,
     78,  79,  80,  81,  82,  83,  84,  85,  87,  89,  91,  92,  94,  99, 100, 101,
    102, 103, 105, 110, 111,   1,   6,   8,  19,  36,  38,  39,  44,  45,  55,  56,
     57,  58,  63,  64,  66,  67,  70,  73,  76,  77,  79,  91,  92,  93,  94,  95,
     96,  97,  98, 100, 101, 103, 105, 106, 110,   4,   6,   8,  31,  32,  34,  35,
     38,  44,  45,  48,  59,  60,  61,  62,  67,  75,  78,  91,  92,  93,  94,  95,
     96,  97,  98,  99, 101, 103, 105, 106, 108, 111,   0,   7,   8,  19,  20,  33,
     34,  35,  36,  37,  38,  39,  40,  41,  42,  43,  44,  45,  46,  55,  56,  57,
     58,  59,  60,  61,  62,  63,  64,  66,  67,  69,  70,  71,  72,  73,  74,  75,
     76,  77,  78,  79,  86,  91,  92,  93,  94,  95,  96,  97,  98,  99, 100, 101,
    103, 105, 106, 109, 110, 111,  38,  43,  45,  67,  95,  96, 101, 106,   0,   1,
      8,  19,  35,  36,  38,  39,  40,  43,  44,  45,  55,  56,  57,  58,  59,  61,
     63,  64,  66,  67,  70,  71,  73,  75,  76,  77,  78,  79,  90,  91,  92,  93,
     94,  95,  96,  97,  98,  99, 100, 101, 103, 105, 106, 110, 111,   1,   7,   8,
     20,  31,  33,  34,  38,  43,  44,  45,  48,  60,  62,  67,  74,  86,  92,  96,
    100, 101, 103, 106, 109,   0,   1,   2,   6,   7,   8,  19,  20,  21,  22,  23,
     24,  25,  26,  27,  28,  29,  33,  35,  36,  37,  38,  39,  40,  41,  42,  43,
     45,  46,  54,  55,  56,  57,  58,  59,  61,  63,  64,  65,  66,  67,  70,  71,
     72,  73,  74,  75,  76,  77,  78,  79,  80,  81,  82,  83,  84,  85,  86,  87,
     88,  89,  91,  92,  93,  95,  96,  99, 100, 101, 102, 105, 106, 107, 108, 109,
    110, 111,   1,  35,  59,  61,  75,  78,  99, 111,   2,   6,   7,  12,  20,  21,
     22,  27,  28,  33,  34,  35,  36,  38,  39,  40,  43,  44,  45,  54,  55,  56,
     57,  58,  59,  60,  61,  62,  63,  64,  65,  66,  67,  70,  71,  73,  74,  75,
     76,  77,  78,  79,  80,  81,  82,  83,  84,  85,  86,  88,  89,  90,  91,  92,
     93,  94,  95,  96,  97,  98,  99, 100, 101, 102, 103, 105, 106, 109, 110, 111,
      0,   4,   6,   8,  19,  31,  33,  34,  35,  36,  37,  38,  39,  40,  42,  43,
     44,  45,  48,  55,  56,  57,  58,  59,  60,  61,  62,  63,  64,  66,  67,  70,
     71,  73,  74,  75,  76,  77,  78,  79,  90,  91,  92,  93,  94,  96,  97,  98,
     99, 100, 101, 103, 105, 106, 108, 110, 111,   1,   2,  12,  20,  21,  22,  24,
     25,  26,  27,  28,  38,  43,  45,  54,  65,  67,  80,  81,  82,  83,  84,  85,
     86,  87,  88,  90,  91,  93,  94,  95,  96,  97, 101, 102, 106, 107, 108, 109,
      3,   4,   6,   8,  12,  19,  20,  21,  22,  23,  24,  26,  27,  28,  31,  35,
     38,  42,  43,  45,  48,  54,  59,  60,  61,  65,  67,  75,  78,  80,  81,  82,
     83,  84,  85,  86,  87,  88,  89,  93,  94,  95,  99, 101, 102, 107, 108, 109,
    111,   3,   4,   6,   8,  12,  19,  20,  21,  22,  23,  24,  26,  27,  28,  31,
     35,  38,  42,  43,  44,  45,  48,  54,  59,  60,  61,  65,  67,  75,  78,  80,
     81,  82,  83,  84,  85,  86,  87,  88,  89,  91,  92,  93,  94,  95,  99, 101,
    102, 103, 107, 108, 109, 111,   1,   2,   6,   8,  12,  19,  21,  24,  26,  27,
     28,  29,  33,  34,  35,  36,  37,  38,  39,  40,  41,  42,  43,  44,  45,  55,
     56,  57,  58,  59,  60,  61,  62,  63,  64,  66,  67,  70,  71,  73,  74,  75,
     76,  77,  78,  79,  81,  82,  83,  84,  85,  87,  89,  91,  92,  94,  99, 100,
    101, 102, 103, 105, 110, 111,   3,   4,   6,   8,  12,  19,  20,  21,  22,  23,
     24,  26,  27,  28,  31,  35,  38,  42,  43,  45,  48,  54,  59,  60,  61,  65,
     67,  75,  78,  80,  81,  82,  83,  84,  85,  86,  87,  88,  89,  93,  94,  95,
     99, 101, 102, 107, 108, 109, 111,  95,  96, 106,  87,   0,   1,   2,   6,   7,
      8,  19,  20,  21,  22,  23,  24,  25,  26,  27,  28,  29,  33,  35,  36,  37,
     38,  39,  40,  41,  42,  43,  45,  46,  54,  55,  56,  57,  58,  59,  61,  63,
     64,  65,  66,  67,  70,  71,  72,  73,  74,  75,  76,  77,  78,  79,  80,  81,
     82,  83,  84,  85,  86,  87,  88,  89,  91,  92,  93,  95,  96,  99, 100, 101,
    102, 105, 106, 107, 108, 109, 110, 111,   8,  38,  67, 101,   0,   1,   2,   6,
      7,   8,  19,  20,  21,  22,  23,  24,  25,  26,  27,  28,  29,  33,  35,  36,
     37,  38,  39,  40,  41,  42,  43,  45,  46,  54,  55,  56,  57,  58,  59,  61,
     63,  64,  65,  66,  67,  70,  71,  72,  73,  74,  75,  76,  77,  78,  79,  80,
     81,  82,  83,  84,  85,  86,  87,  88,  89,  91,  92,  93,  95,  96,  99, 100,
    101, 102, 105, 106, 107, 108, 109, 110, 111,   0,   7,   8,  19,  20,  33,  34,
     35,  36,  37,  38,  39,  40,  41,  42,  43,  44,  45,  46,  55,  56,  57,  58,
     59,  60,  61,  62,  63,  64,  66,  67,  69,  70,  71,  72,  73,  74,  75,  76,
     77,  78,  79,  86,  91,  92,  93,  94,  95,  96,  97,  98,  99, 100, 101, 103,
    105, 106, 109, 110, 111,   0,   1,   2,   6,   7,   8,  19,  20,  21,  22,  23,
     24,  25,  26,  27,  28,  29,  31,  33,  34,  35,  36,  37,  38,  39,  40,  41,
     42,  43,  44,  45,  46,  48,  49,  54,  55,  56,  57,  58,  59,  60,  61,  62,
     63,  64,  65,  66,  67,  70,  71,  72,  73,  74,  75,  76,  77,  78,  79,  80,
     81,  82,  83,  84,  85,  86,  87,  88,  89,  90,  92,  93,  94,  95,  96,  97,
     99, 100, 101, 102, 103, 105, 106, 107, 108, 109, 110, 111,   1,   7,   8,  20,
     31,  33,  38,  43,  44,  45,  48,  57,  58,  63,  66,  67,  73,  74,  76,  86,
     92,  96, 101, 103, 106, 109,   1,   7,   8,  20,  31,  33,  38,  43,  44,  45,
     48,  58,  67,  74,  76,  86,  92,  96, 101, 103, 106, 109,   1,   2,   6,   8,
     12,  19,  21,  24,  26,  27,  28,  29,  33,  34,  35,  36,  37,  38,  39,  40,
     41,  42,  43,  44,  45,  55,  56,  57,  58,  59,  60,  61,  62,  63,  64,  66,
     67,  70,  71,  73,  74,  75,  76,  77,  78,  79,  81,  82,  83,  84,  85,  87,
     89,  91,  92,  94,  99, 100, 101, 102, 103, 105, 110, 111,   1,   2,   6,   8,
     12,  19,  21,  24,  26,  27,  28,  29,  33,  34,  35,  36,  37,  38,  39,  40,
     41,  42,  43,  44,  45,  55,  56,  57,  58,  59,  60,  61,  62,  63,  64,  66,
     67,  70,  71,  73,  74,  75,  76,  77,  78,  79,  81,  82,  83,  84,  85,  87,
     89,  91,  92,  94,  99, 100, 101, 102, 103, 105, 110, 111,  22,  23,  24,  25,
     26,  28,  34,  54,  55,  57,  58,  60,  62,  63,  64,  65,  66,  67,  69,  73,
     76,  77,  79,  80,  82,  85,  22,  23,  24,  25,  26,  28,  34,  54,  55,  57,
     58,  60,  62,  63,  64,  65,  66,  67,  69,  73,  76,  77,  79,  80,  82,  85,
     22,  23,  24,  25,  26,  28,  34,  54,  55,  57,  58,  60,  62,  63,  64,  65,
     66,  67,  69,  73,  76,  77,  79,  80,  82,  85,  22,  23,  24,  25,  26,  28,
     34,  54,  55,  57,  58,  60,  62,  63,  64,  65,  66,  67,  69,  73,  76,  77,
     79,  80,  82,  85,   6,   7,  18,  20,  33,  34,  35,  36,  37,  38,  39,  40,
     41,  42,  43,  44,  45,  46,  55,  56,  57,  58,  59,  60,  61,  62,  63,  64,
     66,  67,  69,  70,  71,  72,  73,  74,  75,  76,  77,  78,  79,  86,  90,  92,
     93,  94,  95,  96,  97,  98,  99, 100, 101, 103, 104, 105, 106, 109, 110, 111,
    112, 112, 112,  38,  43,  44,  45,  67,  76,  92, 101, 103,
};

static const int8_t bitter_16_regularKernSparseValues[] = {
      -6,  -25,  -11,  -50,    2,    8,    2,   -7,   -9,   14,  -14,  -26,    2,  -14,   14,  -14,
      14,    2,  -26,   -9,  -14,  -14,    2,  -25,  -20,   -7,  -11,    4,   -9,  -13,  -27,  -12,
     -14,   -7,  -11,  -14,  -17,   -4,   -3,   -9,  -18,   -7,  -17,  -26,  -33,  -32,  -10,  -11,
      -6,  -15,   -6,   -9,  -15,   -6,   -9,  -18,  -18,  -17,   -7,  -15,  -15,  -24,  -26,   -6,
      -6,  -22,  -15,   -7,  -15,   -9,  -15,  -15,  -11,   -6,  -15,  -15,   -6,  -15,   -7,  -32,
     -33,  -32,  -18,   -6,  -15,   -9,  -33,  -18,  -15,  -15,   -6,    5,    5,  -19,  -20,  -21,
     -25,   -6,   -6,   -1,   -6,   -6,  -14,  -10,   -9,   -7,   -1,   -6,   -1,   -6,    5,   -6,
      -7,   -6,   -1,   -1,  -25,  -21,  -25,    5,  -10,   -1,  -21,  -10,    5,   -1,   14,   30,
     -14,   10,   13,   -4,    7,   27,   -4,   -4,   27,   -4,   -4,   -6,   10,  -10,   -6,   -4,
      10,   -9,   -4,   27,   -9,  -19,   -4,  -46,  -28,  -14,    3,  -14,  -12,  -29,  -11,  -22,
       7,   20,  -38,  -39,   -9,  -39,   -7,  -35,  -37,  -14,   -7,   -7,   -7,   -7,  -39,   10,
      -9,  -39,  -22,  -65,   11,  -37,  -35,   -7,   -9,  -35,  -22,   -7,  -23,   -7,  -12,    2,
     -18,  -29,   -6,  -14,  -33,  -30,  -51,   -3,  -28,  -11,  -18,  -11,  -13,  -51,  -18,  -12,
      -9,  -20,  -28,   -9,  -20,   -5,   -4,  -51,  -28,   -5,   10,  -21,   -8,  -18,  -10,    6,
      -4,    5,    5,  -18,    5,   14,   10,  -18,   10,  -22,  -22,  -22,  -22,  -15,   10,  -10,
     -22,  -22,  -22,  -22,  -22,   10,  -22,   10,  -22,  -22,  -10,  -22,  -22,  -22,  -18,  -22,
     -22,  -22,  -22,  -22,  -10,  -23,    5,  -18,  -18,    5,   -8,   -3,  -10,  -12,  -29,  -22,
     -22,  -34,  -16,  -23,  -18,  -26,  -22,  -22,  -18,  -22,  -22,  -23,   -8,  -22,  -22,  -29,
      -2,   -9,    2,    4,   -5,  -25,   -4,  -11,  -22,  -10,   -8,   -9,  -21,  -14,  -22,  -35,
     -30,  -29,  -17,  -10,   -6,   -5,  -10,   -7,   -7,  -10,   -6,   -4,   -7,  -11,  -21,  -14,
     -10,  -14,  -10,  -10,  -10,  -10,   -5,   -6,   -5,   -6,  -10,  -10,  -14,  -10,   -7,  -10,
      -6,  -10,  -10,  -10,   -5,  -10,  -10,   -5,  -10,  -14,  -24,  -29,  -17,  -30,  -29,   -9,
     -26,  -19,  -22,  -17,  -21,  -14,  -18,   -9,  -15,   -6,  -13,   -5,  -10,   -7,  -30,  -21,
     -10,  -15,  -10,   -6,   -9,  -10,   -5,    2,    4,   -7,   10,  -23,  -10,   -6,   -9,  -13,
     -11,   -5,   -9,   -6,   -5,   -6,    2,  -10,   -8,  -18,   -9,  -47,  -22,  -10,    5,   -3,
     -10,   -6,   -9,   -7,    2,   -7,   15,  -28,  -11,   -8,   -7,    5,   -9,  -16,  -16,   -6,
     -16,  -16,    2,    5,  -12,    2,    2,    2,   -5,    5,    5,  -11,   -4,  -22,    3,  -23,
      -5,  -14,  -14,  -25,  -28,  -18,  -15,  -11,   -3,   -3,   -9,   -7,   -1,   -9,   -3,   -3,
      -4,   -7,  -11,   -6,   -9,   -9,   -9,   -9,   -3,   -3,   -3,   -3,   -9,   -9,   -9,   -1,
      -9,   -3,   -9,  -11,   -3,   -9,   -9,   -3,   -9,  -14,  -18,  -11,  -28,  -18,  -23,  -11,
      -7,  -11,  -13,   -3,   -9,   -1,  -28,  -11,   -9,   -9,   -3,   -6,  -50,  -14,    7,  -14,
       4,  -22,  -14,    2,  -14,   -9,  -43,  -29,  -47,   -6,  -43,   -7,    7,  -10,   -5,  -10,
      -9,  -13,   -9,   -9,   -7,  -15,  -15,  -23,    5,  -26,  -11,    4,   -6,  -14,   -9,   -9,
      -9,   -9,  -10,   -5,  -10,   -5,   -9,   -9,  -29,   -9,   -9,   -9,   -7,  -11,   -9,  -10,
     -10,   -9,   -9,  -10,   -9,  -14,    2,  -43,    4,   -6,  -87,  -14,  -59,  -10,   -2,  -14,
       5,   -7,    5,  -19,  -38,   -9,  -10,   -9,   -9,   -6,    5,   -9,  -38,  -35,  -27,  -14,
      -9,  -10,    7,   -4,   -9,  -17,   -4,   -4,   -7,   -6,   -6,  -11,  -14,  -17,   -7,  -13,
     -11,  -22,  -13,  -11,  -14,  -14,  -14,  -15,  -11,  -14,   -9,   -7,  -14,   -9,  -13,  -11,
     -13,  -14,  -14,  -20,  -21,  -14,  -14,  -14,  -14,  -18,  -14,  -14,  -11,  -14,   -9,  -13,
     -14,  -11,  -14,  -14,  -25,  -14,  -14,  -12,  -13,  -12,  -22,  -13,  -14,  -14,  -25,  -13,
     -17,  -14,  -14,  -11,  -22,  -13,  -14,  -18,  -14,  -14,  -14,   -5,   -3,  -12,   -6,  -22,
     -17,  -22,  -10,  -10,   -8,   -5,  -10,  -11,   -5,  -10,   -8,   -8,  -17,  -14,  -12,   -9,
      -5,   -5,   -4,   -7,   -8,   -8,   -4,   -5,   -5,  -11,   -5,  -10,   -9,   -5,  -10,   -8,
      -5,   -5,   -8,   -5,  -20,  -10,  -22,  -10,  -12,  -27,  -12,   -9,  -14,   -6,   -8,   -5,
     -11,  -22,  -14,   -5,  -22,  -12,   -5,   -8,   -4,  -58,  -15,  -18,  -12,  -36,  -12,   -3,
      -9,  -15,   -9,  -12,  -17,   -5,  -25,   -9,  -19,   -4,   -9,  -18,   -6,   -6,   -4,  -13,
      -5,  -11,  -12,   -9,   -9,  -13,   -7,  -25,   -5,  -25,   -5,    3,   -9,  -12,   -9,   -4,
      -9,  -18,  -11,   -9,  -17,  -25,  -11,  -10,  -25,   -9,  -12,  -38,   -9,  -15,   -9,  -12,
     -13,  -40,  -25,   -9,   -4,  -15,  -13,   -9,  -11,  -18,  -12,   -9,  -25,   -4,  -20,  -21,
     -25,   -6,   -6,   -1,   -6,   -6,  -14,  -10,   -9,   -7,   -1,   -6,   -1,   -6,    5,   -6,
      -7,   -6,   -1,   -1,  -25,  -21,  -25,  -10,   -1,  -21,  -10,   -1,    2,  -10,    5,  -14,
     -11,   -4,  -12,  -17,  -10,   -9,   -9,   -7,   -9,   -7,   -9,  -11,  -15,  -14,    7,    9,
      -7,   -7,    7,   -7,   -9,   -9,   -7,    1,    4,   -7,  -10,   -6,  -17,  -23,  -13,  -10,
     -10,  -15,   -4,   -7,   -7,  -17,  -15,  -19,   -7,  -29,   -4,   -3,   -6,  -22,   -5,  -12,
     -11,    2,   -7,  -11,   -3,  -11,   -5,   -7,  -14,  -19,  -12,  -11,   -4,   10,    9,   -7,
       2,   -7,    2,   10,   -4,    1,  -11,  -11,  -11,   -7,    4,    2,   -7,   -4,  -17,   -5,
     -22,   -5,  -19,  -15,   -7,   -3,  -22,  -19,  -10,   -7,   -9,   -7,  -13,  -10,  -51,   -4,
     -12,  -28,   -6,  -17,   -9,  -20,  -25,  -13,   -7,  -12,  -14,  -20,  -21,   -7,  -18,  -11,
      -7,  -20,  -17,  -17,  -17,  -24,   -3,  -17,   -7,   -7,  -10,  -10,  -21,  -21,  -10,   -7,
     -17,   -7,  -11,   -7,  -20,   -3,   -7,  -20,  -21,  -14,   -7,  -21,   -7,  -17,   -1,  -32,
       4,   -7,  -35,  -28,  -15,  -15,  -10,    2,    1,  -12,  -27,  -30,  -21,   -7,  -11,   -7,
      -7,  -30,  -34,  -36,  -28,   -7,  -21,  -21,  -18,   -6,   -6,  -34,  -22,  -43,   -9,  -49,
      -6,   -6,   -6,   -7,   -7,   -7,   -7,  -14,   -9,  -23,   -6,  -26,   -7,   -7,   -7,   -7,
      -6,   -6,   -7,   -7,   -7,   -7,   -7,   -7,   -6,   -6,   -7,   -7,   -6,   -7,  -49,   -9,
     -49,  -18,   -6,   -6,   -7,   -9,   -6,   -7,  -18,   -7,   -6,    2,   -6,  -74,  -17,  -14,
      -9,   -4,  -29,  -12,   -7,   -7,   -9,  -17,  -22,  -17,  -11,   -5,  -12,   -6,   -7,   -4,
     -10,   -7,   -4,   -6,   -6,   -6,   -2,   -9,   -4,  -10,   -5,  -12,   -4,   -4,   -4,   -4,
      -7,   -6,   -7,   -6,   -4,   -4,  -12,   -4,   -7,   -4,   -6,  -10,   -4,  -12,   -7,   -4,
      -4,   -7,   -4,  -12,  -30,  -17,  -21,  -22,  -17,   -4,  -18,  -17,  -11,   -9,  -26,    2,
      -7,   -4,   -7,  -22,   -9,   -4,    2,   -4,   -4,   -7,  -11,   -4,   26,  -41,   34,  -23,
      30,   -5,  -14,   66,  -14,  -25,  -28,  -18,  -15,   25,   38,  -11,   -6,   -6,   -7,   13,
      38,   -7,   -3,   -3,   -4,   -7,  -11,   15,   12,   25,   -7,   -7,   -7,   -7,    6,   22,
      -6,   -6,   -7,   -7,   -7,   38,   -7,   -3,   -7,  -11,   -6,   -7,   -7,   -6,   -7,  -14,
     -18,  -11,  -28,  -18,  -23,  -11,   -7,  -11,  -13,   -6,   -7,   38,  -28,  -11,   -7,   -7,
      -6,   -9,   -6,  -14,   -8,  -27,  -15,  -30,   -6,   -7,  -11,   -6,   -6,   -3,   -6,   -9,
      -9,  -14,   -7,  -12,   -6,   -6,   -6,   -6,  -11,  -11,   -6,   -6,   -6,   -3,   -6,   -6,
      -7,  -11,   -6,   -6,  -11,   -6,  -30,  -15,  -30,   -9,   -7,  -11,   -6,   -3,  -15,   -7,
      -6,   -9,   -6,  -11,    8,  -14,  -41,  -33,  -14,  -14,   -6,  -14,  -43,  -11,   -7,   -7,
      -4,   -7,  -18,   -9,  -17,  -27,   -6,  -25,  -10,  -31,   -7,  -10,  -23,   -6,   -9,   -6,
     -17,   -2,  -18,  -11,  -10,  -10,   -9,  -12,  -25,   -6,  -25,   -6,   -4,  -10,  -11,  -10,
      -8,  -10,  -23,  -18,  -10,  -27,  -25,  -17,  -18,  -25,  -10,  -11,  -40,   -9,  -25,  -18,
      -9,  -14,   -6,  -18,  -22,  -17,  -31,  -25,  -10,   -7,  -72,  -17,  -10,  -12,  -27,  -14,
     -10,  -25,  -11,    2,  -26,  -15,  -55,  -30,  -26,  -17,  -17,   -4,  -45,  -47,  -12,   -7,
      -7,   -6,    2,  -12,    2,  -18,   -6,  -42,   -4,  -38,  -22,  -38,  -21,  -22,  -37,  -20,
     -26,  -18,  -39,  -31,  -41,   -6,  -12,  -22,  -38,  -26,   -4,  -38,   -4,  -38,   -4,   -5,
     -29,  -12,  -28,  -20,  -22,  -37,  -41,  -34,  -42,  -38,  -11,  -23,  -38,  -22,  -12,  -46,
       2,  -34,  -29,    2,  -45,   -2,  -21,  -33,  -19,  -45,  -39,  -21,  -53,  -26,  -52,  -36,
     -47,  -38,   -9,  -21,  -12,  -39,  -22,  -23,  -26,  -36,  -45,  -22,  -38,  -11,    2,  -26,
     -15,  -55,  -30,  -26,  -17,  -17,   -4,  -22,  -47,  -12,   -7,   -7,   -6,    2,  -12,    2,
     -18,   -6,  -42,   -4,  -38,  -22,  -38,  -21,  -22,  -37,  -20,  -26,  -18,  -39,  -31,  -41,
      -6,  -12,  -22,  -38,  -26,   -4,  -38,   -4,  -38,   -4,   -5,  -29,  -12,  -28,  -20,  -22,
     -37,  -41,  -34,  -42,  -38,  -11,  -23,  -38,  -22,  -12,  -46,    2,  -34,  -29,    2,  -22,
      -2,  -21,  -33,  -19,  -45,  -39,  -21,  -53,  -26,  -52,  -36,  -47,  -38,   -9,  -21,  -12,
     -39,  -22,  -23,  -26,  -36,  -45,  -22,  -38,  -22,  -62,  -15,   -9,   -6,  -20,  -19,  -43,
     -10,   -4,   -5,   -6,    2,  -11,    2,  -10,   -6,  -44,   -1,  -37,  -27,  -35,  -14,  -27,
     -35,  -17,  -23,  -28,  -34,  -23,  -26,   -6,  -10,  -27,  -45,  -25,   -1,  -37,   -1,  -37,
      -1,  -12,  -33,  -10,  -27,  -21,  -27,  -35,  -26,  -33,  -44,  -37,  -18,  -26,  -37,  -27,
     -10,  -43,    2,  -11,    2,  -19,    2,  -34,  -39,  -21,  -37,  -11,  -14,  -79,  -34,  -27,
     -28,  -26,  -19,  -27,  -37,  -11,  -14,  -11,   -7,  -11,  -10,  -14,  -15,  -14,   -4,   -4,
      -6,   -4,   -7,   -9,  -11,  -14,   -9,  -17,   -7,   -4,   -4,   -5,   -5,   -4,   -4,   -4,
      -4,   -7,   -4,   -4,   -7,   -4,   -4,   -4,   -4,   -4,   -4,   -7,  -14,  -15,  -14,  -14,
      -9,   -4,   -4,  -15,   -9,   -4,  -14,   -4,   -4,   24,   10,   25,  -29,   -6,   -6,   18,
      30,   12,   10,   38,   12,   12,   38,    7,   -6,   20,   -6,   -1,   -2,   18,  -12,  -11,
      -6,   -6,   38,  -11,  -29,   10,   14,   31,   10,   10,   10,   10,   21,   28,    9,    9,
      10,   20,    9,    9,    9,    9,    9,    9,    9,    9,    9,   20,    9,    9,    9,    9,
       9,   13,    9,   20,    9,    9,   -4,  -28,    5,   11,   -8,  -13,  -16,  -18,    4,   -6,
       9,  -20,  -19,   -1,  -19,  -22,   -9,    7,   -2,   -3,   -2,   -9,  -18,  -10,   -2,   -3,
      -6,  -18,   -9,   -9,  -18,  -11,   -6,   -2,  -18,  -18,    2,   -3,    4,  -10,   -5,  -10,
      -7,  -10,   -7,  -11,   -6,   -7,   -7,   -9,  -11,  -10,   -7,   -7,   -7,   -7,   -7,  -10,
      -7,  -10,   -7,   -7,   -7,   -7,   -6,   -7,   -7,  -10,  -10,   -7,   -7,  -10,   -7,  -10,
      -4,  -11,   -9,  -10,   -7,   -6,  -10,   -7,  -11,   -7,  -10,  -12,   -2,   10,   -6,   10,
      -6,    2,  -10,   -9,   -8,    5,    6,    2,   -6,    2,   -6,   -9,  -15,    2,   -9,  -15,
      -6,   -7,   -9,  -17,  -11,   -7,  -10,  -17,  -10,  -11,   -3,  -14,  -11,   -9,   -7,  -17,
     -14,   22,   21,   56,   27,  -16,  -14,   18,   41,   81,   -4,   29,   -5,    6,   -3,    9,
       6,    5,    2,    5,   -9,    2,   47,   17,   17,   20,   26,   -5,   29,   -5,   29,   22,
      17,   23,   24,   21,   41,   15,    2,   20,   -3,   -6,   41,   19,   -7,   17,   -9,   -5,
       6,    9,   -9,    6,    6,   -4,   10,   10,   10,   -6,   -6,   -7,   -6,    5,   21,   -6,
      -5,   -3,   -5,  -11,   -4,    4,   -6,   -6,   -6,   -6,   -7,  -10,   -7,   -6,   -6,   -6,
      -6,   21,   -6,   -5,   -6,   -6,   -7,   -6,   -6,   -7,   -6,  -11,   -7,   -6,   21,  -11,
      -6,   -6,   -7,    5,   10,  -13,  -14,   -9,   -5,    2,   10,   -5,  -11,  -14,  -14,  -16,
     -15,  -13,   -7,   10,  -14,  -13,   -6,  -28,    6,  -11,  -11,  -14,   -7,  -18,   -9,  -15,
     -12,   -9,  -14,   -7,   -7,   -6,   -3,   -3,  -10,   -9,   -9,   -9,   -9,  -18,   -7,  -18,
      -7,   -9,   -9,   -9,  -12,    4,   -9,  -14,  -10,   -9,  -14,  -18,   -9,   -9,  -18,   -9,
     -11,    2,   -3,  -17,    2,   -7,   -6,   -9,   -3,  -18,   -9,  -12,   -3,   -9,   -6,  -11,
      -9,  -18,    4,   14,    4,    7,   42,   10,  -12,  -12,   -2,    4,    4,    4,    4,   10,
       4,    4,    4,   42,    4,    4,    4,    4,    4,    5,  -12,   10,    4,   42,  -12,    4,
       4,   -3,   -3,  -37,  -10,   -3,   -6,  -17,  -10,  -11,   -6,  -10,    1,   -6,   -7,   -2,
       5,   -7,    7,   -6,   -6,   -6,   -6,   -6,  -11,  -10,  -11,  -10,   -6,   -6,   -6,    1,
      -6,   -7,   -6,  -17,  -11,   -6,   -6,  -11,   -6,   -6,  -35,   -7,   -9,  -30,    2,  -10,
     -19,  -11,   -6,    1,   -7,   -6,    2,   -3,   -6,  -11,  -23,   -9,   -9,  -15,  -10,  -15,
      -6,  -15,   -5,   -4,   -7,   -7,   -3,   -5,   -5,   -6,   -4,   -7,   -4,   -7,   -4,   -3,
      -5,   -5,   -7,   -7,   -6,   -7,   -3,   -6,   -7,   10,   -7,   -3,  -10,   -5,   -5,   -3,
      -6,  -18,   -9,   -3,   -3,  -18,  -37,   -7,   -7,   -7,  -11,   -4,   -9,   -3,  -10,   -4,
      -3,  -12,    7,    3,   11,   -3,   11,   -7,   -3,   -3,   -3,   -3,   -9,   -4,   -9,   -4,
      -3,   -3,   -3,   -4,    5,   -3,  -12,   -7,   -3,  -11,   -9,   -3,   -3,   -9,   -3,   -7,
      -6,   -3,   -2,  -26,    5,   11,   -9,  -10,   -9,   -3,   -4,   -3,   10,   -3,   11,   -7,
      -3,   -9,  -37,   -7,   -7,   -7,  -11,   -4,  -20,   -3,  -10,   -4,   -3,  -12,    7,    3,
      11,   -3,   11,   -7,   -3,   -3,   -3,   -3,  -20,   -4,  -20,   -4,   -3,   -3,   -3,   -4,
       5,   -3,  -12,   -7,   -3,  -11,  -20,   -3,   -3,  -20,   -3,   -7,   -6,   -3,   -2,  -26,
       5,   11,   -9,  -10,  -20,   -3,   -4,   -3,   10,   -3,   11,   -7,   -3,  -20,   -2,   -5,
     -10,  -10,   -8,   -2,   -2,   -5,  -10,  -10,   14,    4,   25,   -7,   -6,   -6,   10,   14,
       5,    5,   17,    5,    5,   17,    2,   -6,    7,   -6,   -1,   -2,    5,   -5,  -11,   -6,
      -6,   17,  -11,   -4,   -6,  -18,    3,   13,  -14,    2,  -10,    5,  -14,    5,  -11,   -4,
     -12,  -17,  -10,   -9,   13,   -9,   -7,   -9,   -7,   -9,  -11,  -15,  -14,   10,    7,    9,
      -7,   -7,    7,   -7,   -9,   -9,   -7,    1,    4,   -7,  -10,   -6,  -17,  -23,  -13,  -10,
     -10,  -15,   -4,   -7,   -7,  -17,  -15,  -19,   -7,   -7,   -4,  -10,   -9,   -5,  -10,   -6,
      -9,   -3,  -13,  -11,  -18,   -9,  -10,  -10,  -10,  -10,   -4,   -7,   -4,   -7,  -10,  -10,
     -10,   -5,  -10,   -6,   -9,  -10,   -4,  -10,  -10,   -4,  -10,  -11,   -4,  -10,   -5,  -11,
     -10,  -10,   -4,    4,  -10,   -5,  -10,   -7,  -10,   -7,  -11,   -8,   -7,   -7,   -9,  -11,
     -10,   -7,   -7,   -7,   -7,   -7,  -10,   -7,  -10,   -7,   -7,   -7,   -7,   -8,   -7,   -7,
     -10,  -10,   -7,   -7,  -10,   -7,  -10,   -4,  -11,   -9,  -10,   -7,   -8,  -10,   -7,  -11,
      -7,  -10,  -15,   -9,  -17,  -11,  -12,  -10,  -17,  -10,  -11,   -3,  -14,  -11,   -9,  -15,
     -17,  -14,  -12,   -2,   10,   -6,   10,   -6,    5,    2,  -10,   -9,   -8,    5,   13,   14,
       5,    5,   14,    1,    1,    2,   -6,    9,    7,   -6,   -9,  -15,    2,   -9,  -15,   -6,
     -12,   -2,   10,   -6,   10,   -6,    9,    2,  -10,   -9,   -8,    5,    5,    5,   15,    9,
       9,   11,    4,    9,    2,   11,   -6,   17,    4,   -6,   -9,  -15,    2,   -9,  -15,   -6,
     -12,   -2,   10,   -6,   10,   -6,    7,    2,  -10,   -9,   -8,    5,    9,   17,   14,    7,
       7,   15,    6,    9,    2,    4,   -6,   14,   17,   -6,   -9,  -15,    2,   -9,  -15,   -6,
     -12,   -2,   10,   -6,   10,   -6,   10,   17,    2,   17,  -10,   -9,   -8,    5,    4,    1,
      17,   25,   10,   10,   17,    2,    7,    2,   17,   11,   -6,   15,    9,   17,   -6,   -9,
     -15,   17,    2,   -9,   17,  -15,   -6,   17,   -6,  -50,  -14,    7,  -14,    4,  -22,  -14,
       2,  -14,    1,  -43,  -29,  -47,   -6,  -43,   -7,    7,  -10,   -5,  -10,   -9,  -13,   -9,
      -9,   -7,  -15,  -15,  -23,    5,  -26,  -11,    4,   -6,  -14,   -9,   -9,   -9,   -9,  -10,
      -5,  -10,   -5,   -9,   -9,  -29,   -9,   -9,   -9,   -7,  -11,   -9,  -10,  -10,   -9,   -9,
     -10,   -9,  -14,    2,  -43,    4,   -6,  -87,  -14,  -59,  -10,   -2,  -14,    5,   -7,    5,
     -19,  -38,   -9,  -10,   -9,   -9,   -6,    5,   -9,  -38,  -35,  -27,  -14,   -9,  -10,   28,
      39,   38,   23,   33,   23,   49,   42,    5,   48,    4,   27,    9,   32,   27,   23,   25,
      20,   22,   22,   20,   42,   27,   27,   27,   27,    4,   48,   26,   48,   27,   27,   27,
      32,   27,   28,   48,   27,    5,    4,   27,   27,    4,   27,   23,   22,    4,   27,   32,
      22,   27,   23,   27,    4,   -5,   -3,  -12,   -6,   11,  -22,  -17,  -22,  -10,  -10,   -8,
      -5,  -10,  -11,   -5,  -10,   -8,   -8,  -17,  -14,  -12,   -9,   -5,   -5,   -4,   -7,   -8,
      -8,   -4,   -5,   -5,  -11,   -5,  -10,   -9,   -5,  -10,   -8,   -5,   -5,   -8,   -5,  -20,
     -10,  -22,  -10,  -12,  -27,  -12,   -9,  -14,   -6,   -8,   -5,  -11,  -22,  -14,   -5,  -22,
     -12,   -5,   -8,   -7,   -9,  -17,  -11,   -7,    1,  -10,  -17,  -10,  -11,   -3,  -14,  -11,
      -9,   -7,  -17,  -14,    2,  -10,    5,  -14,  -11,   -4,  -12,  -17,  -10,   -9,   -9,   -7,
      -9,   -7,   -9,  -19,  -15,  -14,    7,    9,   -7,   -7,    7,   -7,   -9,   -9,   -7,    1,
       4,   -7,  -10,   -6,  -17,  -23,  -13,  -10,  -10,  -15,   -4,   -7,   -7,  -17,  -15,  -19,
      -7,  -12,   -2,   10,   -6,   10,   -6,    5,    2,  -10,   -9,   -8,    5,    9,   13,   19,
       5,    5,   14,   11,   19,   12,   23,   -6,   31,    7,   -6,   -9,  -15,    2,   -9,  -15,
      -6,    1,  -12,   -2,   10,   -6,   10,   -6,    2,  -10,   -9,   -8,    5,   10,    9,   10,
       2,    2,   10,   -6,   15,    2,   -6,   -9,  -15,    2,   -9,  -15,   -6,  -12,   -2,   10,
      -6,   10,   -6,    7,    2,  -10,   -9,   -8,    5,    4,    9,   13,    7,    7,   10,    4,
      12,    2,   18,   -6,   23,    2,   -6,   -9,  -15,    2,   -9,  -15,   -6,  -12,   -2,   10,
      -6,   10,   -6,   19,  -10,   -9,   -8,    5,    6,   19,   -6,    2,   -6,   -9,  -15,   19,
      -9,  -15,   -6,    5,   10,   10,  -13,  -14,   -9,   -5,    2,   10,   10,   10,   -5,  -11,
     -14,  -14,  -16,  -15,  -13,   -7,   10,  -14,  -13,    2,    2,   -5,   -6,   10,   10,   10,
      -6,   -6,   16,   16,   16,   16,   16,   16,   16,    4,    4,    4,   -5,   -4,   -7,   -7,
       2,   -5,   -5,   -6,   -4,   -7,   -4,   -7,   -4,    2,   -5,   -5,   -7,   -7,   -6,   -7,
       2,   -6,   -7,   10,   14,   10,   14,   14,   -5,    5,   -7,   -7,   -2,   -5,   -5,   -6,
      -4,   -7,    5,   -7,    5,   -2,   -5,    2,   -5,   -7,   -7,   -6,   -7,   -2,   -6,   -7,
     -11,   -4,  -22,    3,  -23,   -5,  -14,    5,    5,  -14,  -39,  -28,  -34,  -15,  -11,    1,
      -3,   -9,   -7,   -1,   -9,   -3,   -3,   -4,   -7,  -11,   -6,    5,   -9,   -9,   -9,   -9,
      -3,    1,   -3,    1,   -9,   -9,    5,   -9,   -1,   -9,   -3,   -9,  -11,   -3,   -9,   -9,
      -3,   -9,    5,  -14,  -34,  -11,  -28,  -34,  -23,  -11,   -7,  -11,  -13,   -3,   -9,   -1,
     -28,  -11,   -9,   -9,   -3,    5,    5,    2,    5,    4,    4,    7,    5,    5,    5,    5,
       4,    9,    5,    6,   10,    6,   14,    4,    5,    7,   14,   14,   31,   12,    4,    4,
      10,   11,    6,   10,   19,    5,    9,    4,    6,    6,    4,    4,    4,   -2,    4,    4,
     -12,   -2,   10,   -6,   10,   -6,    7,    2,  -10,   -9,   -8,    5,    5,    4,   12,    7,
       7,   13,    6,   13,    2,   13,   -6,   22,    4,   -6,   -9,  -15,    2,   -9,  -15,   -6,
     -12,   -2,   10,   -6,   10,   -6,    5,    2,  -10,   -9,   -8,    5,   11,   11,    5,    5,
      12,    2,    2,   -6,    9,    9,   -6,   -9,  -15,    2,   -9,  -15,   -6,  -12,   -2,   10,
      -6,   10,   -6,    2,  -10,   -9,   -8,    5,    1,   17,   17,   18,    5,    4,    2,    4,
      -6,   11,   12,   -6,   -9,  -15,    2,   -9,  -15,   -6,   -4,    4,  -15,   -7,  -66,  -49,
     -37,  -22,   -3,  -28,  -73,  -15,   -9,   -6,    2,  -18,   -2,   -5,  -30,    3,  -41,  -12,
     -15,  -12,  -25,   -6,  -12,   -6,  -14,   -9,   -5,  -15,  -12,  -12,  -12,  -12,  -41,    3,
     -41,    3,  -12,  -12,  -15,  -12,  -15,  -12,  -25,  -12,  -30,  -41,  -12,  -12,  -41,  -12,
     -15,  -51,   -2,  -38,  -51,   -2,  -63,  -10,  -20,  -34,  -11,  -39,  -14,   -7,  -40,   -7,
     -12,  -15,  -42,  -41,   -5,  -15,  -18,  -28,   -6,  -12,  -12,  -45,  -28,  -12,  -41,    2,
     -10,    5,  -14,  -11,   -4,  -12,  -17,  -10,   -9,   -9,   -7,   -9,   -7,   -9,  -11,  -15,
     -14,    7,    9,   -7,   -7,    7,   -7,   -9,   -9,   -7,    1,    4,   -7,    7,  -10,   -6,
     -17,  -23,  -13,  -10,  -10,  -15,   -4,   -7,   -7,  -17,  -15,  -19,   -7,  -12,  -16,   -9,
      -7,   -3,  -10,  -13,   -9,   -9,   -7,   -3,   -3,   -5,   -3,   -6,  -15,  -17,  -11,   -4,
      -3,   -3,   -3,   -3,   -7,   -7,   -3,   -3,   -3,   -3,   -5,   -4,   -3,   -9,   -7,   -3,
      -3,   -7,   -3,   -6,   -9,  -13,   -9,  -15,  -18,  -14,  -17,   -7,  -15,  -11,  -12,  -10,
      -6,   -7,    1,  -13,  -17,   -3,  -12,   -3,   -7,   -6,  -23,  -11,  -10,   -3,  -20,  -12,
     -31,  -21,  -29,  -11,  -12,  -12,  -12,   -4,  -29,   -7,  -21,  -29,   -3,  -35,  -17,  -21,
      -3,  -34,  -14,  -15,  -18,    2,   -8,  -38,  -27,  -51,  -23,  -45,  -13,  -24,  -15,   -8,
      -8,  -13,   -8,    2,  -45,    2,  -23,  -45,  -18,  -58,   -9,  -20,    5,   -9,    2,  -25,
     -29,   -1,  -13,  -23,  -29,  -30,  -13,  -18,   -9,   -7,  -13,  -10,  -51,   -4,  -12,  -28,
      -6,  -17,   -9,  -45,  -25,  -13,   -7,  -12,  -14,  -20,  -21,   -7,  -18,  -11,   -7,  -20,
     -17,  -17,  -17,  -24,   -3,  -17,   -7,   -7,  -10,  -10,  -21,  -21,  -10,   -7,  -17,   -7,
     -11,   -7,  -20,   -3,   -7,  -20,  -21,  -14,   -7,  -21,   -7,  -17,   -1,  -32,    4,   -7,
     -35,  -28,  -15,  -15,  -10,    2,    1,  -12,  -27,  -30,  -21,   -7,  -11,   -7,   -7,  -30,
     -34,  -36,  -28,   -7,  -21,  -11,    2,  -26,  -15,  -55,  -30,  -26,  -17,  -17,   -4,  -22,
     -47,  -12,   -7,   -7,   -6,    2,  -12,    2,  -18,   -6,  -42,   -4,  -38,  -22,  -38,  -21,
     -22,  -37,  -20,  -26,  -18,  -39,  -31,  -41,   -6,  -12,  -22,  -38,  -26,   -4,  -38,   -4,
     -38,   -4,   -5,  -29,  -12,  -28,  -20,  -22,  -37,  -41,  -34,  -42,  -38,  -11,  -23,  -38,
     -22,  -12,  -46,    2,  -34,  -29,    2,  -22,   -2,  -21,  -33,  -19,  -45,  -39,  -21, -111,
     -26,  -52,  -36,  -47,  -38,   -9,  -21,  -12,  -39,  -22,  -23,  -26,  -36,  -45,  -22,  -38,
     -11,  -22,  -10,   -8,   -9,  -21,  -14,  -51,  -35,  -30,  -29,  -17,  -10,   -6,   -5,  -10,
      -7,   -7,  -10,   -6,   -4,   -7,  -11,  -21,  -14,  -10,  -14,  -10,  -10,  -10,  -10,   -5,
      -6,   -5,   -6,  -10,  -10,  -14,  -10,   -7,  -10,   -6,  -10,  -10,  -10,   -5,  -10,  -10,
      -5,  -10,  -14,  -24,  -29,  -17,  -30,  -29,   -9,  -26,  -19,  -22,  -17,  -21,  -14,  -18,
      -9,  -15,   -6,  -13,   -5,  -10,   -7,  -30,  -21,  -10,  -15,  -10,   -6,   -9,  -10,   -5,
      -4,    4,  -15,   -7,  -66,  -49,  -37,  -22,   -3,  -28,  -73,  -15,   -9,   -6,    2,  -18,
      -2,   -5,  -30,    3,  -41,  -12,  -15,  -12,  -25,   -6,  -12,   -6,  -14,   -9,   -5,  -15,
     -12,  -12,  -12,  -12,  -41,    3,  -41,    3,  -12,  -12,  -15,  -12,  -15,  -12,  -25,  -12,
     -30,  -41,  -12,  -12,  -41,  -12,  -15,  -51,   -2,  -38,  -51,   -2,  -63,  -10,  -20,  -34,
     -11,  -39,  -14,   -7,  -40,   -7,  -12,  -15,  -42,  -41,   -5,  -15,  -18,  -82,   -6,  -12,
     -12,  -45,  -28,  -12,  -41,  -20,   11,    2,   11,  -11,   -2,  -11,   -8,   -8,   19,  -25,
     -22,  -10,  -19,    9,   -8,   16,   -5,  -15,   -8,    4,   -8,   -8,    2,   -8,   -8,   16,
      -8,   -8,   -8,   -4,  -19,    4,  -10,  -19,  -11,  -30,   -3,   -6,   -4,    9,  -15,   -8,
      16,  -10,  -21,  -16,  -11,   -8,  -11,    2,  -26,  -15, -128,  -30,  -26,  -17,  -17,   -4,
     -22, -100,  -12,   -7,   -7,   -6,    2,  -25,    2,  -18,   -6,  -42,   -4,  -38,  -22,  -38,
     -21,  -22,  -37,  -20,  -26,  -18,  -39,  -31,  -41,   -6,  -12,  -22,  -38,  -26,   -4,  -38,
      -4,  -38,   -4,   -5,  -29,  -12,  -28,  -20,  -22,  -37,  -41,  -34,  -42,  -38,  -11,  -23,
     -38,  -22,  -12,  -46,    2,  -34,  -29,    2,  -22,   -2,  -21,  -33,  -19,  -45,  -39,  -21,
     -53,  -26,  -52,  -36,  -47,  -38,   -9,  -21,  -25,  -39,  -22,  -23,  -26,  -36,  -45,  -22,
     -38,  -11,   -4,  -22,    3,  -23,   -5,  -14,  -10,  -14,  -25,  -28,  -18,  -15,  -11,   -3,
      -3,   -9,   -7,   -1,   -9,   -3,   -3,   -4,   -7,  -11,   -6,  -10,   -9,   -9,   -9,   -9,
      -3,   -3,   -3,   -3,   -9,   -9,  -10,   -9,   -1,   -9,   -3,   -9,  -11,   -3,   -9,   -9,
      -3,   -9,  -10,  -14,  -18,  -11,  -28,  -18,  -23,  -11,   -7,  -11,  -13,   -3,   -9,   -1,
     -28,  -11,   -9,   -9,   -3,  -10,   -9,    9,   -2,   -4,   -9,   -4,  -10,   -5,   -4,   -4,
      -4,   -4,   -4,   -4,   -4,   -9,   -4,   -4,   -4,   -4,   -4,   -7,  -10,   -6,   -4,  -17,
     -19,   -4,   -4,   -4,   -9,  -10,   -4,  -19,   -4,   12,    4,   23,    9,   21,    2,   -8,
      10,    1,    1,    4,   -8,    2,   -8,    2,   10,   -8,   -8,    9,    1,    9,    2,  -11,
      -9,   -4,    2,   -8,   10,    1,    2,   -9,  -22,   -8,   -6,  -28,    6,  -11,  -11,  -14,
      -7,  -18,   -9,  -15,  -12,   -9,  -14,   -7,   -7,   -6,   -3,  -12,  -10,   -9,   -9,   -9,
      -9,  -18,   -7,  -18,   -7,   -9,   -9,   -9,  -12,    4,   -9,  -14,  -10,   -9,  -14,  -18,
      -9,   -9,  -18,   -9,  -11,    2,   -3,  -17,    2,   -7,   -6,   -9,   -3,  -18,   -9,  -12,
      -3,   -9,   -6,  -11,   -9,  -18,   -6,    2,   -3,   -6,   -3,    4,   -6,    4,   -4,  -20,
       9,   -4,   -4,   -9,   -6,   -9,   -4,  -11,  -15,  -12,   -9,   -9,   -9,   -9,   -4,   -4,
      -9,   -9,   -9,   -6,   -9,   -4,   -9,   -4,   -9,   -9,   -4,   -9,   -7,   -7,  -15,  -11,
     -10,  -21,  -15,  -15,   -7,   -4,   -9,   -6,  -15,   -9,  -15,   -9,   -4,  -12,   -2,   10,
      -6,   10,   -6,    9,    2,  -10,   -9,   -8,    5,    9,    9,    2,   -6,   -6,   -9,  -15,
      19,    2,   -9,  -15,   -6,   -9,   -7,  -13,  -10,  -51,   -4,  -12,  -28,   -6,  -17,   -9,
     -79,  -25,  -13,   -7,  -74,  -14,  -20,  -21,   -7,  -18,  -11,   -7,  -20,  -17,  -17,  -17,
     -24,   -3,  -17,   -7,   -7,  -10,  -10,  -21,  -21,  -10,   -7,  -17,   -7,  -11,   -7,  -20,
      -3,   -7,  -20,  -21,  -14,   -7,  -21,   -7,  -17,   -1,  -74,    4,   -7,  -74,  -28,  -84,
     -15,  -10,    2,    1,  -12,  -27,  -30,  -21,   -7,  -11,   -7,   -7,  -30,  -34,  -36,  -28,
      -7,  -21,  -37,    2,    2,    2,    2,    2,    2,    2,  -21,  -61,  -46,  -11,  -36,  -76,
      -6,  -12,    4,  -35,    4,  -37,  -22,  -17,  -22,  -38,  -21,  -39,  -27,   -6,  -22,  -22,
     -22,  -22,  -37,    4,  -37,    4,  -22,  -22,   -6,  -22,  -17,  -22,  -38,  -22,  -35,  -37,
     -22,  -22,  -37,  -22,   -6,  -46,    4,  -30,  -34,    4,  -36,   -7,  -44,  -20,  -50,  -39,
     -31,  -47,  -27,  -35,  -33,  -60,  -71,  -16,  -17,  -12,  -39,  -22,  -35,  -36,  -22,  -37,
      -3,   -3,  -37,  -10,   -3,   -6,  -39,  -10,  -28,  -18,  -10,    1,  -18,  -26,   -2,    5,
      -7,    7,   -6,  -18,  -18,  -18,  -18,  -28,  -10,  -28,  -10,  -18,  -18,  -18,    1,  -18,
     -26,  -18,  -39,  -28,  -18,  -18,  -28,  -18,   -6,  -79,   -7,  -20,  -30,    2,  -25,  -47,
     -28,  -18,    1,   -7,  -18,    2,   -3,  -18,  -28,  -34,  -14,  -15,  -18,    2,   -8,  -38,
     -27,  -98,  -23,  -45,  -13,  -24,  -15,   -8,   -8,  -13,   -8,    2,  -45,    2,  -23,  -45,
     -18, -108,   -9,  -20,    5,   -9,    2,  -25,  -29,   -1,  -13,  -23,  -29,  -30,  -13,  -18,
     -20,   11,    2,   11,  -11,   -2,  -52,   -7,   -8,   24,  -25,  -22,  -10,  -19,    9,   -8,
      30,   -5,  -15,  -17,    4,   -8,   -8,    2,   -8,   -8,   27,   -8,   -8,   -8,   -4,  -19,
       4,  -10,  -19,  -52,  -66,   -3,   -6,  -10,    9,  -15,   -8,   27,  -10,  -21,  -16,  -52,
      -8,  -20,   11,    2,   11,  -11,   -2,  -50,   -7,   -8,   41,  -50,  -22,  -10,  -19,    9,
      -8,   31,   -5,  -15,   -4,  -20,    4,   -8,   -8,    2,   -8,   -8,   31,   -8,   -8,   -8,
      -4,  -19,    4,  -10,  -19,  -50,  -65,   -3,   -6,    5,   -2,  -10,    9,  -15,   -8,   31,
     -10,    5,  -21,  -16,  -50,   -8,  -11,   -4,  -22,    3,  -23,   -5,  -14,  -14,  -25,  -28,
     -18,  -15,  -11,   -3,   -3,   -9,   -7,   -1,   -9,   -3,   -3,   -4,   -7,  -11,   -6,   -9,
      -9,   -9,   -9,   -3,   -3,   -3,   -3,   -9,   -9,   -9,   -1,   -9,   -3,   -9,  -11,   -3,
      -9,   -9,   -3,   -9,  -14,  -18,  -11,  -28,  -18,  -66,  -11,   -7,  -11,  -13,   -3,   -9,
      -1,  -28,  -11,   -9,   -9,   -3,  -20,   11,    2,   11,  -11,   -2,  -50,   -7,   -8,   19,
     -25,  -22,  -10,  -19,    9,   -8,   16,   -5,  -15,   -8,    4,   -8,   -8,    2,   -8,   -8,
      16,   -8,   -8,   -8,   -4,  -19,    4,  -10,  -19,  -50,  -30,   -3,   -6,   -4,    9,  -15,
      -8,   16,  -10,  -21,  -16,  -50,   -8,   -7,   -9,   -9,  -23,   -9,   -7,  -13,  -10,  -51,
      -4,  -12,  -28,   -6,  -17,   -9,  -20,  -25,  -13,   -7,  -12,  -14,  -20,  -21,   -7,  -18,
     -13,   -7,  -20,  -17,  -17,  -17,  -24,   -3,  -17,   -7,   -7,  -10,  -10,  -21,  -21,  -10,
      -7,  -17,   -7,  -13,   -7,  -20,   -3,   -7,  -20,  -21,  -14,   -7,  -21,   -7,  -17,   -1,
     -32,    4,   -7,  -35,  -28,  -15,  -15,  -10,    2,    1,  -12,  -27,  -30,  -21,   -7,  -13,
      -7,   -7,  -30,  -34,  -36,  -28,   -7,  -21,   10,   10,   10,   10,   -9,   -7,  -13,  -10,
     -51,   -4,  -12,  -58,   -6,  -17,   -4,  -20,  -25,  -25,   -7,  -22,  -14,  -20,  -21,   -7,
     -18,   11,   -7,  -20,  -17,  -17,  -17,  -24,   -3,  -17,   -7,   -7,  -10,  -10,  -21,  -21,
     -10,   -7,  -17,   -7,   11,   -7,  -20,   -3,   -7,  -20,  -21,  -14,   -7,  -21,   -7,  -17,
      -1,  -22,    4,   -7,  -22,  -58,  -28,  -15,  -10,    2,    1,  -12,  -27,  -30,  -21,   -7,
      11,   -7,   -7,  -30,  -34,  -36,  -58,   -7,  -21,   -6,  -28,    6,  -11,  -11,  -14,   -7,
     -18,   -9,  -15,   -8,   -9,  -14,   -7,   -7,   -6,   -3,   -3,  -10,   -9,   -9,   -9,   -9,
     -18,   -7,  -18,   -7,   -9,   -9,   -9,   -8,    4,   -9,  -14,  -10,   -9,  -14,  -18,   -9,
      -9,  -18,   -9,  -11,    2,   -3,  -17,    2,   -7,   -6,   -9,   -3,  -18,   -9,   -8,   -3,
      -9,   -6,  -11,   -9,  -18,   -6,  -50,  -14,    7,  -14,    4,  -22,  -14,    2,  -14,   -9,
     -43,  -29,  -47,   -6,  -43,   -7,    7,  -10,   -5,  -10,   -9,  -13,   -9,   -9,   -7,  -15,
     -15,  -23,    5,  -26,  -11,    4,   -6,  -14,   -9,   -9,   -9,   -9,  -10,   -5,  -10,   -5,
      -9,   -9,  -24,   -9,   -9,   -9,   -7,  -11,   -9,  -10,  -10,   -9,   -9,  -10,   -9,  -14,
       2,  -43,    4,   -6,  -87,  -14,  -59,  -10,   -2,  -14,    5,   -7,    5,  -19,  -38,   -9,
     -10,   -9,   -9,   -6,    5,   -9,  -38,  -35,  -27,  -14,   -9,  -10,  -12,   -2,   10,   -6,
      10,   -6,    2,  -10,   -9,   -8,    5,    4,    9,    5,    1,    2,    4,   -6,   12,   -6,
      -9,  -15,    2,   -9,  -15,   -6,  -12,   -2,   10,   -6,   10,   -6,    8,  -10,   -9,   -8,
       5,    6,    8,   -6,    2,   -6,   -9,  -15,    8,   -9,  -15,   -6,  -11,   -4,  -22,    3,
     -23,   -5,  -14,  -14,  -45,  -28,  -33,  -15,  -11,   -3,   -3,   -9,   -7,   -1,   -9,   -3,
      -3,   -4,   -7,  -11,   -6,   -9,   -9,   -9,   -9,   -3,   -3,   -3,   -3,   -9,   -9,   -9,
      -1,   -9,   -3,   -9,  -11,   -3,   -9,   -9,   -3,   -9,  -14,  -33,  -11,  -28,  -33,  -23,
     -11,   -7,  -11,  -13,   -3,   -9,   -1,  -28,  -11,   -9,   -9,   -3,  -11,   -4,  -22,    3,
     -23,   -5,  -14,  -14,  -45,  -28,  -34,  -15,  -11,   -3,   -3,   -9,   -7,   -1,   -9,   -3,
      -3,   -4,   -7,  -11,   -6,   -9,   -9,   -9,   -9,   -3,   -3,   -3,   -3,   -9,   -9,   -9,
      -1,   -9,   -3,   -9,  -11,   -3,   -9,   -9,   -3,   -9,  -14,  -34,  -11,  -28,  -34,  -23,
     -11,   -7,  -11,  -13,   -3,   -9,   -1,  -28,  -11,   -9,   -9,   -3,    4,    9,    9,    4,
       5,    5,   14,    4,    5,    7,   14,   14,   31,   12,    4,    4,   10,   11,    6,   10,
      19,    5,    9,    4,    5,    5,    4,    9,    9,    4,    5,   10,   14,    4,    5,    7,
      14,   14,   31,   12,    4,    4,   10,   11,    6,   10,   19,    5,    9,    4,   10,   10,
       4,   13,    9,    4,    5,    5,   14,    4,    5,    7,   14,   14,   31,   12,    4,    4,
      10,   11,    6,   10,   19,    5,    9,    4,    5,    5,    4,    9,    5,    4,    5,    5,
      14,    4,    5,    7,   14,   14,   31,   12,    4,    4,   10,   11,    6,   10,   19,    5,
       9,    4,    5,    5,  -37,   -7,   -7,   -7,  -11,  -12,   -9,   -3,  -11,   12,   -3,  -12,
       7,    3,   11,   -3,   11,   -7,   -3,   -3,   -3,   -3,   -9,   -3,   -9,  -12,   -3,   -3,
      -3,   12,    5,   -3,  -12,   -7,   -3,  -11,   -9,   -3,   -3,   -9,   -3,   -7,   -6,   -3,
      -2,  -26,    5,   11,   -9,  -10,   -9,   -3,   12,   -3,   10,   -3,   11,   -7,   -3,   -9,
      -5,   -3,  -11,   -3,  -14,   -7,  -10,   -4,    2,   -7,   -3,   -7,
};

static const EpdLigaturePair bitter_16_regularLigaturePairs[] = {
    { 0x00660069, 0xFB01 }, // f i -> U+FB01
    { 0x0066006C, 0xFB02 }, // f l -> U+FB02
};

static constexpr EpdFontData bitter_16_regular = {
    bitter_16_regularBitmaps,
    bitter_16_regularGlyphs,
    bitter_16_regularIntervals,
    84,
    40,
    32,
    -9,
    true,
    bitter_16_regularGroups,
    16,
    nullptr,
    nullptr,  // kernLeftClasses: built-in fonts use split arrays
    nullptr,  // kernRightClasses
    bitter_16_regularKernLeftCodepoints,
    bitter_16_regularKernLeftClassIds,
    bitter_16_regularKernRightCodepoints,
    bitter_16_regularKernRightClassIds,
    nullptr,  // kernMatrix: built-in fonts use sparse rows
    bitter_16_regularKernRowOffsets,
    bitter_16_regularKernSparseCols,
    bitter_16_regularKernSparseValues,
    707,
    703,
    140,
    113,
    bitter_16_regularLigaturePairs,
    2,
};
