/**
 * generated by fontconvert.py
 * name: charein_16_bolditalic
 * size: 16
 * mode: 2-bit  compressed: true
 * Command used: fontconvert.py charein_16_bolditalic 16 ../builtinFonts/source/ChareInk7/ChareInk7-BoldItalic.ttf ../builtinFonts/source/NotoSymbols/NotoSansSymbols-Regular.ttf --additional-intervals 0x03BB,0x03BB --additional-intervals 0x0410,0x0414 --additional-intervals 0x0418,0x0418 --additional-intervals 0x041B,0x041B --additional-intervals 0x041D,0x0423 --additional-intervals 0x0425,0x0425 --additional-intervals 0x0427,0x0427 --additional-intervals 0x042B,0x042C --additional-intervals 0x042E,0x0432 --additional-intervals 0x0434,0x0435 --additional-intervals 0x0437,0x0437 --additional-intervals 0x043A,0x043A --additional-intervals 0x043D,0x043E --additional-intervals 0x0440,0x0440 --additional-intervals 0x0442,0x0442 --additional-intervals 0x0446,0x0446 --additional-intervals 0x044C,0x044C --additional-intervals 0x044E,0x044E --additional-intervals 0x2113,0x2113 --additional-intervals 0x2669,0x266F --font-include-intervals 1:0x2669,0x266F --2bit --compress --pnum --darken-aa --zopfli
 */
#pragma once
#include "EpdFontData.h"

static const uint8_t charein_16_bolditalicBitmaps[39158] = {
    0x95, 0x99, 0x3F, 0xD0, 0xE6, 0xD6, 0x55, 0xC6, 0x8F, 0x5E, 0x79, 0x57, 0x60, 0xCD, 0x70, 0x5D,
    0x24, 0x19, 0xF0, 0x16, 0xEA, 0x03, 0x44, 0x2D, 0x05, 0xD9, 0x2B, 0x9C, 0x82, 0x22, 0x85, 0x5D,
    0xC0, 0x30, 0x83, 0x8B, 0x34, 0x54, 0xC0, 0xCC, 0xF6, 0x33, 0xB6, 0x25, 0xDB, 0x85, 0x8B, 0x14,
    0x76, 0x41, 0x8F, 0x0B, 0x53, 0x24, 0x29, 0x4C, 0xE9, 0x62, 0xD9, 0x7B, 0x63, 0xCF, 0x90, 0x32,
    0x32, 0x29, 0x28, 0x28, 0x90, 0x27, 0x4B, 0x28, 0x7D, 0x83, 0x65, 0x5B, 0x6B, 0x4B, 0x3A, 0x9C,
    0xDF, 0xDC, 0x4F, 0xDF, 0xFB, 0xBD, 0xB3, 0x4B, 0x96, 0x68, 0x3F, 0x3D, 0xF7, 0xBE, 0xD2, 0xD5,
    0xF9, 0xF3, 0x9C, 0x73, 0xCF, 0xBD, 0xD2, 0xCA, 0xB3, 0x22, 0x21, 0x8A, 0xC6, 0x42, 0xF9, 0x3B,
    0x69, 0x77, 0x52, 0xE1, 0x6F, 0x93, 0x72, 0x95, 0x72, 0x91, 0x72, 0x96, 0x32, 0x49, 0x39, 0x49,
    0x39, 0x4A, 0x19, 0x25, 0x1F, 0x4D, 0x14, 0x3F, 0x49, 0x9F, 0xC4, 0x27, 0xFA, 0x6D, 0xB1, 0xF4,
    0xDF, 0x5B, 0x43, 0xB9, 0x84, 0x72, 0x7E, 0x50, 0xA6, 0xFB, 0xE5, 0x74, 0xBF, 0x8C, 0x73, 0x19,
    0x53, 0xD5, 0xBD, 0x74, 0xB2, 0xE1, 0xCF, 0x48, 0x67, 0xD8, 0xCA, 0x62, 0x78, 0xB7, 0x48, 0x86,
    0xAF, 0x94, 0xE0, 0xFD, 0x72, 0x34, 0x5C, 0x2A, 0x13, 0x5B, 0x24, 0x37, 0x88, 0x9C, 0x92, 0xEB,
    0xA4, 0x51, 0x3B, 0x06, 0x50, 0x3B, 0x71, 0xF1, 0x4F, 0x6D, 0x88, 0xEB, 0xEE, 0xA3, 0x55, 0x10,
    0xE0, 0x8B, 0x59, 0x84, 0x9B, 0x6B, 0xC6, 0x2B, 0x01, 0x32, 0xD7, 0x86, 0x27, 0xC4, 0x98, 0xC1,
    0x8D, 0x18, 0x8E, 0xAD, 0x61, 0x1D, 0xEF, 0x22, 0x20, 0xBE, 0x4A, 0xBF, 0xFB, 0xFB, 0x6C, 0x3F,
    0xCA, 0x0B, 0xE0, 0x8E, 0x3E, 0x34, 0x6F, 0x75, 0x13, 0xF7, 0xE5, 0xBF, 0xAE, 0xE2, 0x3F, 0x8A,
    0xAB, 0x84, 0xB7, 0x0C, 0xB4, 0x1E, 0x16, 0xD1, 0x17, 0xBB, 0x77, 0x0B, 0xFD, 0xB9, 0x0D, 0x55,
    0x15, 0x74, 0x4E, 0x22, 0xBD, 0x75, 0xB1, 0x30, 0x4A, 0x11, 0xF8, 0x7D, 0x57, 0x93, 0x79, 0xE3,
    0x93, 0x93, 0x0F, 0xFC, 0xD4, 0xCA, 0xEC, 0x47, 0x2F, 0xC9, 0x47, 0x03, 0xED, 0xFC, 0xC7, 0x5F,
    0x6E, 0x3C, 0x90, 0xA4, 0xD6, 0x1D, 0x83, 0xE2, 0x01, 0x15, 0x70, 0x82, 0x94, 0x67, 0x07, 0xE1,
    0x50, 0xF3, 0xEC, 0x55, 0xA9, 0x1E, 0x6D, 0xE6, 0x87, 0xB8, 0x31, 0x40, 0x78, 0x1B, 0x83, 0xD9,
    0x2D, 0x7E, 0x08, 0xD2, 0x9A, 0x62, 0x51, 0x79, 0x45, 0x24, 0x88, 0xE2, 0xBF, 0xCA, 0x6E, 0x23,
    0x64, 0x2F, 0x36, 0xFC, 0xDD, 0x4F, 0xAB, 0x3F, 0xE9, 0x60, 0xEC, 0xDF, 0x6F, 0x74, 0xEA, 0xDD,
    0x27, 0xA9, 0xAF, 0x52, 0xAB, 0x6F, 0x8E, 0x5B, 0x39, 0xDF, 0x5E, 0xDC, 0x1B, 0x6B, 0x69, 0xE2,
    0x7D, 0xB9, 0x54, 0x33, 0x9C, 0xCF, 0xF5, 0x6C, 0x3C, 0x55, 0xA9, 0x4E, 0x52, 0x8D, 0x55, 0x72,
    0xC9, 0xE8, 0xAD, 0x52, 0x33, 0xCA, 0x5D, 0x29, 0xCD, 0x74, 0xB1, 0xB0, 0x6F, 0x6A, 0x23, 0xB2,
    0x55, 0x76, 0x3C, 0x8F, 0xA1, 0xB7, 0xDF, 0x95, 0x83, 0x08, 0xB7, 0x05, 0xB3, 0xDF, 0x4F, 0xDE,
    0x86, 0xF4, 0xB1, 0x35, 0x0C, 0xA0, 0x68, 0xF4, 0x89, 0x7E, 0x3F, 0xDA, 0xF5, 0x4F, 0xD4, 0x9E,
    0xF2, 0xBA, 0x0A, 0x74, 0x7D, 0xFC, 0x97, 0x7F, 0x21, 0x41, 0x4B, 0xDD, 0x4B, 0xD5, 0x37, 0x74,
    0x73, 0xAB, 0x8E, 0xDE, 0x06, 0xF7, 0x29, 0x74, 0xC6, 0xDA, 0xB6, 0x4B, 0x18, 0x9D, 0xAE, 0x86,
    0xA5, 0x26, 0x09, 0x53, 0xA1, 0xA3, 0xF4, 0xB3, 0x58, 0xDF, 0xEF, 0x2F, 0x13, 0x1C, 0xD5, 0x4F,
    0x75, 0x2E, 0xF4, 0x51, 0x91, 0x2D, 0x22, 0x97, 0x7A, 0xA3, 0x25, 0xC8, 0x03, 0xB9, 0x6F, 0xFF,
    0x66, 0x49, 0xF2, 0x12, 0xD1, 0x34, 0x4A, 0xEC, 0xD1, 0x6A, 0x33, 0x9D, 0x09, 0xDB, 0x20, 0x4A,
    0x4E, 0xBB, 0x90, 0xCB, 0x52, 0xDB, 0xB3, 0x2E, 0x71, 0x0B, 0xE3, 0xED, 0x1C, 0xED, 0x8C, 0x79,
    0x58, 0xE0, 0x1C, 0xF2, 0x89, 0xE1, 0x21, 0x9F, 0xA6, 0x25, 0x8F, 0xE1, 0xE4, 0xD9, 0x6A, 0x87,
    0x04, 0xE2, 0x06, 0x0F, 0xA3, 0x09, 0x5B, 0x85, 0xE9, 0xC2, 0x93, 0x79, 0x54, 0x3B, 0xDA, 0x39,
    0xD9, 0x0D, 0xCE, 0x44, 0x9F, 0xF3, 0xAC, 0xF1, 0xD0, 0x8A, 0x46, 0x45, 0x5B, 0x16, 0x58, 0x6E,
    0xD9, 0x48, 0x37, 0xE7, 0xE1, 0x66, 0x14, 0x97, 0xDB, 0x25, 0x8F, 0xFC, 0x1B, 0x9C, 0x2E, 0xD1,
    0x39, 0x08, 0x49, 0x41, 0xDB, 0x7E, 0xBF, 0x1E, 0xFD, 0x2F, 0xFD, 0xE8, 0x16, 0x8D, 0xF2, 0xBB,
    0x66, 0xEC, 0x77, 0x27, 0x29, 0x96, 0x55, 0x6C, 0x0E, 0x5A, 0x20, 0x5F, 0x93, 0xC2, 0xE6, 0x9D,
    0xC8, 0x1F, 0x08, 0xC7, 0x77, 0x7E, 0x2B, 0xEC, 0x95, 0xB9, 0x17, 0xC0, 0x21, 0x5F, 0xF9, 0xAD,
    0xD1, 0x4C, 0xD0, 0xC1, 0xFE, 0x2A, 0x50, 0xC4, 0x8B, 0xD8, 0x3C, 0x9E, 0x2D, 0xE1, 0xA0, 0x75,
    0x31, 0xC7, 0x74, 0xF6, 0x9A, 0xEC, 0xCF, 0x8D, 0x3E, 0xF9, 0xD9, 0x5B, 0x4B, 0xA6, 0x74, 0xC2,
    0x58, 0x4A, 0x03, 0xB0, 0xE0, 0x74, 0x32, 0xA8, 0x26, 0xC1, 0xED, 0x27, 0x8F, 0x38, 0xFD, 0xFF,
    0x46, 0x94, 0xFF, 0xD7, 0x88, 0xF7, 0x24, 0x67, 0xF9, 0x3B, 0x44, 0x72, 0xB7, 0xDB, 0x8F, 0x34,
    0x92, 0xC5, 0x53, 0xA1, 0x9D, 0x4F, 0x66, 0x7D, 0x3B, 0xD7, 0x9B, 0x45, 0xC2, 0xAD, 0x06, 0xED,
    0x62, 0xE0, 0x67, 0x20, 0x89, 0x5F, 0x7A, 0x83, 0x39, 0x4C, 0xE2, 0x13, 0x29, 0x0B, 0x84, 0x49,
    0x29, 0xA7, 0x19, 0xA8, 0xA7, 0x24, 0xB5, 0xF4, 0x93, 0x3D, 0xED, 0x53, 0x9B, 0xA4, 0x61, 0xF2,
    0x94, 0xBA, 0xA3, 0x91, 0x9C, 0x95, 0xDB, 0x83, 0xA9, 0x8D, 0x45, 0xD0, 0x58, 0xAA, 0x9D, 0xFF,
    0xA0, 0x83, 0x14, 0xCA, 0xB5, 0xCE, 0x86, 0x49, 0x3E, 0xF7, 0x9C, 0x79, 0x66, 0x86, 0xB8, 0xF5,
    0x7C, 0x36, 0x10, 0x49, 0xC2, 0x90, 0xD1, 0xF9, 0x34, 0x4D, 0xE2, 0x55, 0xBB, 0x5E, 0x09, 0xDD,
    0xED, 0x1F, 0xE1, 0xBD, 0x2A, 0x59, 0xFF, 0x55, 0xBF, 0x32, 0xC2, 0xA9, 0x98, 0x8D, 0x15, 0x88,
    0x61, 0xE2, 0x23, 0xFD, 0x5B, 0x52, 0x1B, 0x32, 0xB5, 0x41, 0x92, 0x9A, 0xB1, 0xA0, 0xB9, 0x84,
    0x11, 0xDD, 0xF5, 0x4D, 0x3F, 0x1B, 0x14, 0x0A, 0x91, 0x35, 0x5E, 0x70, 0x61, 0xE1, 0xC2, 0x69,
    0xC6, 0xC0, 0x32, 0xA1, 0x9F, 0x69, 0x7C, 0x8D, 0x13, 0xBE, 0x1A, 0xCB, 0x15, 0x65, 0xD3, 0x7F,
    0xAE, 0x89, 0x4A, 0xB1, 0x98, 0x93, 0xA6, 0x47, 0x81, 0xD0, 0x19, 0x7C, 0xC3, 0x38, 0x3D, 0xB4,
    0x22, 0xFD, 0x0E, 0x4E, 0xDB, 0xD8, 0x5C, 0x3C, 0xE1, 0x88, 0x1B, 0xC8, 0x0A, 0x19, 0x6E, 0x61,
    0x9C, 0x87, 0xE7, 0x10, 0x4B, 0x78, 0x36, 0xED, 0xFE, 0x51, 0x30, 0x2B, 0x14, 0x73, 0xFF, 0xD6,
    0xE2, 0x89, 0xD1, 0xE9, 0x5A, 0xA8, 0x41, 0x89, 0x00, 0x07, 0x78, 0x1C, 0xC3, 0xA0, 0x72, 0x33,
    0x70, 0xB3, 0x0E, 0xE2, 0x47, 0x03, 0x7D, 0x5D, 0xBB, 0x72, 0x3F, 0xA9, 0xB8, 0xA5, 0x54, 0xF1,
    0x5F, 0xFD, 0x44, 0xDF, 0xC3, 0x9F, 0xA5, 0x37, 0x98, 0xCD, 0x98, 0x55, 0xE0, 0x1E, 0x58, 0x0E,
    0x68, 0x60, 0xA4, 0xBD, 0xD6, 0xF3, 0x6D, 0x53, 0xDC, 0xB0, 0xA6, 0xB4, 0xAC, 0x4E, 0x1E, 0x60,
    0xC2, 0x67, 0xE8, 0x07, 0x6C, 0x07, 0xB4, 0x03, 0x7E, 0x6C, 0x83, 0x19, 0x5B, 0xE4, 0xB9, 0x56,
    0x66, 0x2F, 0xC7, 0xB3, 0x97, 0x00, 0x3F, 0x35, 0xB6, 0x83, 0x51, 0x86, 0xAB, 0x76, 0xDF, 0x2C,
    0xE8, 0xBF, 0xD2, 0xC9, 0xF4, 0x50, 0x90, 0x7E, 0x8C, 0x28, 0x6B, 0x07, 0x3B, 0x03, 0x35, 0x48,
    0xA9, 0x1E, 0x13, 0x09, 0x73, 0x66, 0x14, 0xE1, 0x4C, 0x14, 0x6C, 0x77, 0xBB, 0x3E, 0xC4, 0xBC,
    0x5D, 0xBC, 0xBE, 0xAC, 0x43, 0x3F, 0x5B, 0xF8, 0x4C, 0x95, 0x8E, 0x47, 0x02, 0x67, 0x18, 0x81,
    0xA8, 0x99, 0xE2, 0x42, 0xBB, 0x7E, 0x84, 0x92, 0x64, 0xCA, 0xDD, 0xD6, 0x27, 0x12, 0xAB, 0x63,
    0xDE, 0x20, 0x19, 0xF3, 0x41, 0x15, 0x70, 0x97, 0x2A, 0x41, 0x55, 0x3D, 0x4A, 0x63, 0x9D, 0x48,
    0xD5, 0xB3, 0x03, 0x0F, 0xA9, 0x96, 0x87, 0x19, 0x46, 0xFB, 0x39, 0xD1, 0xCC, 0xF0, 0x83, 0x15,
    0xF2, 0x1D, 0xAA, 0xC1, 0x86, 0x9B, 0x4F, 0x79, 0x7E, 0x3A, 0x3F, 0x4F, 0xA6, 0x31, 0x46, 0x07,
    0x66, 0x5A, 0xB2, 0x7B, 0x16, 0x22, 0x8D, 0x6E, 0x35, 0xF3, 0xDD, 0x6A, 0xCF, 0x02, 0x9D, 0x5B,
    0x4E, 0xCA, 0x92, 0xA5, 0xB3, 0x3D, 0xD5, 0xC3, 0x61, 0xCB, 0xCA, 0x82, 0xF9, 0xD5, 0x6E, 0xEC,
    0x11, 0xFB, 0x64, 0x66, 0x85, 0xD4, 0x8F, 0x66, 0x5E, 0x38, 0x60, 0xEA, 0x27, 0xD3, 0xE3, 0x13,
    0x22, 0xF6, 0x1F, 0xAC, 0xE8, 0x99, 0xB2, 0xC6, 0xCC, 0x43, 0xAD, 0x2A, 0xD2, 0x7F, 0xA1, 0x23,
    0xA5, 0x23, 0xD9, 0x94, 0x6D, 0x67, 0x23, 0xAB, 0x59, 0x9A, 0xC5, 0xF4, 0xB6, 0xB3, 0x01, 0x1B,
    0xA6, 0x35, 0xD7, 0x8F, 0xC5, 0xEE, 0xB6, 0x2B, 0x7C, 0xEA, 0x0B, 0x9A, 0x2A, 0x55, 0xC8, 0x57,
    0x42, 0x57, 0xE6, 0x55, 0xF6, 0x98, 0x6C, 0xA4, 0x43, 0xC5, 0xA5, 0x7E, 0xA1, 0xC3, 0x92, 0xB5,
    0x72, 0x0F, 0x36, 0x9E, 0x13, 0x8E, 0x9D, 0x19, 0x5A, 0xEA, 0x60, 0x68, 0xFD, 0xC7, 0x0F, 0x87,
    0x03, 0x08, 0x33, 0xB4, 0xBE, 0xB8, 0x49, 0xF8, 0xB1, 0x18, 0xD2, 0x7F, 0xFC, 0x78, 0x5A, 0xF9,
    0x3E, 0x1F, 0x2D, 0x56, 0x54, 0xDA, 0x19, 0x86, 0x87, 0xC4, 0x0B, 0xB3, 0x4F, 0x3A, 0x5C, 0xFC,
    0x26, 0xE3, 0x91, 0xDA, 0x81, 0xED, 0x02, 0x16, 0x64, 0x35, 0x8C, 0xDD, 0xBC, 0xA6, 0x53, 0xBE,
    0x06, 0xCA, 0xBD, 0x01, 0x2C, 0xBA, 0xCB, 0xD5, 0xE8, 0xC9, 0xC7, 0xE3, 0x63, 0x1E, 0xE4, 0xEB,
    0x33, 0x78, 0x9B, 0x8B, 0x87, 0x29, 0xCC, 0xA9, 0xC7, 0xAF, 0x0D, 0x87, 0x46, 0x8A, 0x1A, 0x96,
    0x50, 0x3D, 0xE0, 0x9B, 0xDF, 0x38, 0x84, 0xB5, 0x7E, 0x39, 0x7B, 0x41, 0xED, 0xCE, 0x51, 0xAF,
    0xD4, 0xE2, 0xFC, 0x85, 0x46, 0x1F, 0xFB, 0x89, 0xE4, 0xE8, 0x8D, 0xE5, 0x5B, 0x76, 0xE6, 0xC4,
    0xD4, 0x28, 0xB0, 0x81, 0x94, 0x30, 0xC3, 0xAA, 0x94, 0x0F, 0xF3, 0x06, 0xB0, 0xB6, 0xF3, 0x76,
    0x77, 0x66, 0xD1, 0x52, 0x0D, 0xDB, 0x68, 0xF9, 0xCD, 0xF1, 0xAD, 0x7F, 0xCA, 0x7C, 0xE8, 0x8C,
    0x8D, 0x8F, 0x5E, 0x56, 0x7B, 0x72, 0xB3, 0xBB, 0x51, 0xDA, 0xC9, 0xBA, 0x89, 0x68, 0x48, 0xB1,
    0x9E, 0x70, 0x42, 0xD6, 0x72, 0x31, 0x3B, 0xE6, 0xD7, 0xEA, 0x44, 0xC5, 0xF7, 0x6E, 0x74, 0x73,
    0x9B, 0x7C, 0x6B, 0x76, 0x35, 0x53, 0x6B, 0xC6, 0x0D, 0xED, 0xE8, 0xFD, 0xA0, 0x62, 0x57, 0x7C,
    0xA7, 0xE2, 0xAD, 0xF9, 0xB3, 0x5D, 0xFC, 0xF0, 0x5D, 0xFF, 0xC2, 0x2E, 0x7D, 0x77, 0x9F, 0x26,
    0xC8, 0xE2, 0x5F, 0x57, 0x51, 0x36, 0x82, 0xFA, 0x96, 0x36, 0xB1, 0x8D, 0xBD, 0xF6, 0x2A, 0x6E,
    0x6A, 0x16, 0xCB, 0xDF, 0x3A, 0x09, 0x07, 0x1B, 0x15, 0x0E, 0x05, 0x3A, 0xC1, 0x60, 0x17, 0x49,
    0x58, 0x16, 0xAD, 0x42, 0x31, 0x17, 0xAB, 0x1F, 0x09, 0xC7, 0xB3, 0xEF, 0x82, 0xAC, 0x55, 0x1C,
    0x3E, 0x3F, 0x1A, 0x72, 0xA3, 0x2B, 0x78, 0xCA, 0x4D, 0xA9, 0x1B, 0x8D, 0xFB, 0x72, 0xA7, 0x69,
    0x7E, 0xA9, 0x34, 0xFE, 0x23, 0xA5, 0x09, 0x6F, 0x2A, 0x8D, 0xA2, 0x40, 0xCA, 0x8D, 0x05, 0x92,
    0xE5, 0x84, 0xC6, 0x29, 0x73, 0x06, 0x42, 0x68, 0x7C, 0x14, 0x1A, 0x1D, 0xA8, 0x9A, 0x85, 0xB2,
    0x1E, 0xDA, 0x78, 0x6A, 0x0C, 0xF5, 0x84, 0x26, 0x90, 0xD2, 0x4A, 0xE9, 0xA7, 0x91, 0x6C, 0x2D,
    0x99, 0x43, 0xB9, 0x2C, 0x35, 0x32, 0x4E, 0x47, 0x71, 0x37, 0x71, 0x41, 0x68, 0x3B, 0x13, 0xC8,
    0xD6, 0xA6, 0x35, 0x72, 0xFA, 0xD9, 0x10, 0xCD, 0xE0, 0x8A, 0x1E, 0xD2, 0x36, 0x44, 0x22, 0xCC,
    0xBA, 0x8F, 0x1D, 0x05, 0xFD, 0xC1, 0x9E, 0x2A, 0xD0, 0x29, 0x54, 0x1F, 0xEA, 0x23, 0xD3, 0x97,
    0x84, 0x9D, 0x4C, 0x6D, 0x26, 0xA9, 0x60, 0xB1, 0xE2, 0xDA, 0x60, 0xB7, 0xFF, 0x2B, 0x4C, 0xAC,
    0xC0, 0x6E, 0x34, 0x99, 0x86, 0x08, 0x71, 0x54, 0x7D, 0x43, 0xEA, 0xF9, 0xB3, 0x1D, 0xCB, 0x4F,
    0x5E, 0xF8, 0x31, 0xE4, 0x8C, 0x7D, 0xC6, 0xE9, 0x9C, 0xE4, 0xF4, 0xF3, 0xDD, 0x0F, 0x04, 0x5C,
    0x79, 0xAA, 0x58, 0x70, 0xAB, 0x5C, 0xA8, 0x29, 0xA5, 0xFD, 0xD4, 0x47, 0xF7, 0x12, 0x05, 0x50,
    0xB1, 0x01, 0x43, 0x04, 0xDB, 0x32, 0x27, 0x9D, 0x71, 0x52, 0xE8, 0x04, 0x27, 0x2D, 0x8F, 0xE5,
    0x3F, 0xCB, 0x66, 0xE2, 0x59, 0x2A, 0xE2, 0xC0, 0x04, 0xFA, 0x03, 0x2B, 0xC3, 0x89, 0x31, 0xFD,
    0x48, 0x52, 0x84, 0xC8, 0x23, 0x1A, 0xED, 0x11, 0x43, 0x06, 0x10, 0x1D, 0xFC, 0x2A, 0x20, 0xA7,
    0xB3, 0x81, 0x70, 0x32, 0xCB, 0xDF, 0xA1, 0x10, 0xB5, 0xD4, 0x0D, 0x3D, 0x08, 0xD2, 0x91, 0x65,
    0xCC, 0x11, 0x17, 0xD0, 0x1D, 0x78, 0xEB, 0xC8, 0xA9, 0x76, 0x29, 0x27, 0xE8, 0x00, 0x7D, 0xAA,
    0xC7, 0x73, 0x5C, 0xC0, 0x30, 0x39, 0x70, 0x64, 0xE3, 0xAC, 0xB1, 0xE9, 0xC0, 0xAB, 0xB5, 0xE4,
    0x1B, 0x02, 0xB7, 0xFF, 0x22, 0x24, 0xD5, 0x8A, 0x0D, 0x92, 0xE3, 0xB2, 0xA2, 0x36, 0xAF, 0x07,
    0x88, 0x08, 0x20, 0x36, 0xB4, 0xD8, 0xC0, 0xD4, 0x74, 0x86, 0x1D, 0xF8, 0xFC, 0x61, 0x83, 0x69,
    0x1F, 0xC1, 0x1A, 0xBD, 0xC9, 0x1D, 0xDA, 0xC1, 0x01, 0xED, 0xE8, 0x0D, 0xB1, 0xC9, 0xEB, 0x38,
    0x78, 0xD8, 0x40, 0xA9, 0xE9, 0xAE, 0x57, 0xB5, 0x52, 0xC1, 0x5E, 0x91, 0x19, 0xC8, 0x2A, 0x8E,
    0xBF, 0x66, 0x79, 0x69, 0x54, 0x93, 0x9C, 0x2C, 0x37, 0x92, 0xB8, 0x9D, 0x79, 0xD8, 0x27, 0x10,
    0xC3, 0x26, 0x9E, 0xAA, 0xC7, 0x7A, 0x67, 0x2F, 0xE9, 0xD6, 0x73, 0x39, 0xF5, 0xF3, 0x45, 0x6E,
    0x78, 0x5D, 0x82, 0x3D, 0xA7, 0x20, 0x84, 0x5F, 0x07, 0x6D, 0x07, 0xAB, 0x8D, 0xA7, 0xE0, 0x98,
    0x3F, 0x2A, 0xBA, 0xA1, 0xE5, 0xC6, 0xFB, 0x0B, 0xB9, 0xA1, 0x13, 0xB9, 0x41, 0xCD, 0x53, 0x4D,
    0x66, 0x8B, 0x04, 0x9A, 0x1D, 0x56, 0x24, 0x4F, 0x19, 0x1A, 0x47, 0x03, 0x3D, 0x38, 0x05, 0x33,
    0x27, 0xC5, 0x16, 0xF4, 0x90, 0x29, 0x34, 0x59, 0x1F, 0xBC, 0xE8, 0x55, 0xB3, 0x12, 0x23, 0x9E,
    0x61, 0xC6, 0xD2, 0x20, 0x68, 0xA1, 0x41, 0x02, 0xF2, 0xC8, 0x59, 0x6B, 0x3C, 0x04, 0x64, 0x09,
    0xB9, 0xE9, 0x75, 0xAE, 0x15, 0x53, 0x16, 0x67, 0x0D, 0x96, 0x61, 0x96, 0x60, 0x53, 0xFD, 0xF4,
    0x5D, 0x32, 0xEA, 0xF2, 0x5B, 0xD8, 0x71, 0x0E, 0x98, 0x8D, 0x0E, 0x14, 0x20, 0x1D, 0xD1, 0x30,
    0x88, 0x8D, 0x2D, 0xC0, 0xFD, 0x1C, 0xAA, 0xF2, 0x0C, 0xBB, 0x41, 0x05, 0xA0, 0x18, 0x8D, 0x37,
    0x00, 0xE5, 0x59, 0x3B, 0x6A, 0x6F, 0x01, 0x9E, 0xC9, 0xE1, 0xD1, 0xEE, 0x51, 0xDB, 0x93, 0x7D,
    0xE1, 0xD3, 0x3D, 0x2B, 0x94, 0x82, 0x1D, 0xBB, 0xE9, 0xFD, 0x9F, 0xBC, 0x1B, 0xF8, 0x24, 0xA7,
    0x1E, 0xCF, 0xE1, 0x93, 0x46, 0xC4, 0xA2, 0xD1, 0x1A, 0x23, 0x09, 0xF9, 0x26, 0x0D, 0x0D, 0x3A,
    0xD0, 0x7C, 0xC6, 0x2D, 0xF1, 0x48, 0xA2, 0xC9, 0xA1, 0x57, 0x0C, 0x31, 0x1D, 0xB9, 0xF9, 0x99,
    0xD2, 0xE8, 0x47, 0xDA, 0xD1, 0xFC, 0x14, 0x91, 0xC6, 0xAE, 0x69, 0x63, 0x1E, 0xF4, 0x89, 0x46,
    0xFC, 0x82, 0x73, 0x78, 0x00, 0xA3, 0xB5, 0xCE, 0x34, 0x25, 0x52, 0x49, 0x83, 0x2E, 0x73, 0x9D,
    0xC1, 0xD2, 0xCE, 0xE0, 0xD2, 0xE9, 0x27, 0xED, 0x8A, 0x33, 0x4C, 0xD8, 0x33, 0x1E, 0xBB, 0x35,
    0xBD, 0x82, 0xF7, 0xA8, 0x92, 0xB3, 0x91, 0x5B, 0x26, 0x53, 0x5E, 0x9A, 0x26, 0xCB, 0x6A, 0x66,
    0xE2, 0x94, 0xE7, 0x3F, 0x24, 0x94, 0x84, 0x38, 0x1C, 0x9D, 0x1A, 0x5A, 0x74, 0xA2, 0x63, 0x49,
    0x63, 0xA7, 0x81, 0xB1, 0xAA, 0x91, 0x4E, 0x92, 0x9E, 0x4E, 0x63, 0x9D, 0xBC, 0x34, 0xA8, 0x89,
    0x85, 0x9F, 0xF6, 0xD3, 0xB9, 0xDC, 0xF1, 0xDB, 0xFF, 0xE7, 0x52, 0x7F, 0xAD, 0x18, 0xF4, 0xF3,
    0xD5, 0x7D, 0xA6, 0x74, 0xDE, 0x5E, 0xFD, 0x2F, 0xE8, 0xF4, 0x2F, 0xAE, 0xFD, 0xCF, 0xF0, 0x29,
    0xD4, 0x9B, 0x12, 0x51, 0xD1, 0x4A, 0x77, 0xDC, 0x12, 0x2D, 0x75, 0xA5, 0x23, 0x7B, 0xA9, 0x0B,
    0x9D, 0xC2, 0x3A, 0x89, 0x08, 0x9F, 0xB6, 0x93, 0x8E, 0x44, 0xB9, 0x5C, 0xF3, 0xC6, 0xD2, 0x2C,
    0xF8, 0x58, 0x2B, 0x94, 0x06, 0x9D, 0xF6, 0x9A, 0x8E, 0x28, 0xE5, 0x7F, 0xB3, 0x0B, 0x66, 0xF4,
    0x2A, 0x78, 0xD0, 0x0F, 0x34, 0x2C, 0xE2, 0x58, 0xAF, 0xD9, 0x76, 0xC5, 0xF2, 0x45, 0x14, 0x73,
    0xD7, 0x62, 0xB7, 0xE6, 0x3F, 0xF6, 0xD3, 0xC6, 0x4A, 0xA8, 0xE5, 0x6A, 0xCD, 0x87, 0xFA, 0x26,
    0x4D, 0xD4, 0x8F, 0xAC, 0xE9, 0x87, 0xF0, 0xDF, 0x8B, 0x98, 0x04, 0xFF, 0xB5, 0x69, 0x57, 0x5C,
    0xA5, 0x71, 0xE7, 0xA6, 0xA0, 0xBA, 0x4E, 0x66, 0xA1, 0x35, 0x23, 0x2B, 0x77, 0x81, 0x62, 0xD4,
    0x45, 0x6C, 0xE3, 0x43, 0xC3, 0x39, 0xEB, 0xD8, 0x5F, 0xEA, 0xCB, 0x79, 0xB6, 0x72, 0x9F, 0x77,
    0x5A, 0x16, 0x3D, 0x3F, 0x97, 0x98, 0xB5, 0xBA, 0x4D, 0x48, 0xBC, 0x15, 0x6C, 0x17, 0xD0, 0xCF,
    0x02, 0x26, 0xB0, 0x4F, 0x8C, 0x01, 0x5B, 0x6A, 0x8C, 0x3D, 0x45, 0xBF, 0x4F, 0xA0, 0x4E, 0x1E,
    0x8C, 0x54, 0x03, 0xED, 0xF2, 0x12, 0x52, 0x29, 0xC5, 0xA1, 0xD0, 0x5F, 0x29, 0xB5, 0x93, 0x7A,
    0x90, 0x5F, 0x65, 0xCE, 0xEB, 0x0F, 0x33, 0x79, 0xAB, 0x94, 0x5A, 0x5B, 0xE8, 0xB1, 0x8C, 0x80,
    0xE3, 0xD5, 0x62, 0x92, 0xED, 0xF4, 0x29, 0x63, 0xAE, 0x0B, 0x64, 0x64, 0x3F, 0xF5, 0xD0, 0xA2,
    0x48, 0x56, 0xDC, 0x62, 0xC0, 0x81, 0x45, 0x7E, 0x8F, 0x78, 0x42, 0xDD, 0x9D, 0x0F, 0x16, 0xAE,
    0x39, 0xC9, 0x3F, 0x33, 0x2B, 0x07, 0x2D, 0x99, 0x17, 0xC4, 0x50, 0x62, 0x33, 0x33, 0x92, 0xA9,
    0xE1, 0x8F, 0x33, 0x93, 0x83, 0x61, 0x37, 0x9A, 0xCC, 0x8F, 0x04, 0x08, 0xA2, 0x81, 0x21, 0x1A,
    0x6E, 0x64, 0x8E, 0x18, 0x89, 0xA3, 0x88, 0x35, 0xF3, 0x32, 0x4D, 0x57, 0x3C, 0x1D, 0x44, 0x51,
    0x8D, 0x05, 0xFB, 0x7E, 0x62, 0xFA, 0x39, 0x74, 0x2C, 0x68, 0xC2, 0xDC, 0x76, 0xE7, 0xBB, 0x27,
    0x56, 0xF3, 0xF3, 0x3A, 0x9E, 0x79, 0xBC, 0xB9, 0xB7, 0x99, 0x40, 0x76, 0x1A, 0x0B, 0x57, 0xDA,
    0x1B, 0x3B, 0x1C, 0x7F, 0xEC, 0x70, 0x96, 0x63, 0xFD, 0xEA, 0x55, 0x05, 0xAF, 0x73, 0xA5, 0xF4,
    0x93, 0x80, 0x09, 0xCC, 0xA5, 0xD9, 0x51, 0xE9, 0x09, 0x2A, 0x13, 0x77, 0x87, 0xC7, 0x52, 0x17,
    0x23, 0xAE, 0xD0, 0xF5, 0x78, 0x33, 0xBA, 0xF5, 0x23, 0x1C, 0xD0, 0xC5, 0xEE, 0xDF, 0xDB, 0xA4,
    0x4D, 0x85, 0x29, 0x8F, 0x06, 0x1A, 0x0B, 0x53, 0x3D, 0x14, 0x33, 0x6E, 0x43, 0x01, 0xC0, 0x53,
    0x3E, 0xEF, 0xED, 0x16, 0x5C, 0x51, 0xFC, 0xE2, 0x7E, 0x99, 0xEF, 0xA7, 0x67, 0xB1, 0x92, 0x8F,
    0xD0, 0x53, 0x3B, 0x48, 0x3F, 0xFA, 0x01, 0x83, 0x22, 0x85, 0x6B, 0xBB, 0xB7, 0xCA, 0x1D, 0xC2,
    0xCE, 0x5B, 0x19, 0xE6, 0xAB, 0xDD, 0x01, 0x87, 0x9E, 0x31, 0xDD, 0x03, 0x53, 0xE6, 0x65, 0x2D,
    0xC0, 0x0F, 0xCC, 0xE8, 0xBB, 0x39, 0xF8, 0x97, 0x88, 0xFF, 0x30, 0x06, 0xBA, 0xF5, 0x12, 0xCF,
    0x2B, 0xBE, 0x80, 0xE9, 0xB1, 0x4D, 0xD8, 0xC4, 0xA3, 0xAA, 0x0C, 0x57, 0x50, 0x75, 0x76, 0xBA,
    0x52, 0x46, 0x75, 0x45, 0x70, 0xDF, 0x21, 0x38, 0xE4, 0xA5, 0xEE, 0x06, 0xEE, 0x08, 0x2E, 0x36,
    0x04, 0x9F, 0x56, 0x84, 0x95, 0xD7, 0x38, 0x49, 0xB9, 0x20, 0xB8, 0x9A, 0x49, 0xBD, 0xBC, 0xEC,
    0xBB, 0x1B, 0xD8, 0x4C, 0xA0, 0x8F, 0x44, 0x32, 0x18, 0x21, 0x16, 0x46, 0x08, 0x83, 0xC7, 0x0A,
    0x2E, 0x20, 0x03, 0xD3, 0xA8, 0xE1, 0x6B, 0xAF, 0x93, 0x21, 0x96, 0xF8, 0x88, 0xBB, 0xDA, 0x19,
    0x16, 0x2A, 0x86, 0xE5, 0x4A, 0x1C, 0xAB, 0x45, 0x88, 0x69, 0x02, 0xDB, 0x1C, 0xEB, 0x08, 0x86,
    0x01, 0xC4, 0xA5, 0xF0, 0xE1, 0x06, 0xFE, 0x62, 0x45, 0xE8, 0xA7, 0xB8, 0xED, 0x75, 0x02, 0x35,
    0x82, 0x79, 0x29, 0x52, 0x01, 0x6F, 0x7C, 0x4F, 0x72, 0x33, 0x78, 0xEB, 0xA5, 0x2B, 0x4B, 0x36,
    0x21, 0x28, 0x3A, 0xD5, 0x74, 0xB0, 0xC1, 0xED, 0xB8, 0x63, 0x9D, 0x76, 0x97, 0x76, 0xA2, 0xE3,
    0xED, 0x2F, 0xD2, 0x09, 0x2A, 0xFD, 0x40, 0x47, 0xED, 0x8F, 0x28, 0x9D, 0x54, 0x0B, 0x25, 0x35,
    0xCA, 0x5D, 0xCB, 0x95, 0xCE, 0x9F, 0x7F, 0xA5, 0x15, 0x1D, 0x7D, 0xF1, 0xD7, 0xFA, 0x62, 0x22,
    0xD9, 0xFE, 0x71, 0xD2, 0xB7, 0xE9, 0x68, 0x88, 0xCA, 0x5A, 0x8F, 0x3E, 0xCD, 0x59, 0xA6, 0xA8,
    0xA4, 0xB3, 0xD3, 0xCF, 0x29, 0x17, 0x36, 0x3A, 0xBA, 0x5C, 0xBD, 0x9B, 0xB0, 0x8A, 0xCC, 0x74,
    0xA8, 0x91, 0xC7, 0x07, 0x0A, 0x8F, 0x18, 0x28, 0xF6, 0x91, 0xCE, 0x37, 0xF9, 0xBB, 0x5A, 0x62,
    0x59, 0x6C, 0xBD, 0x2E, 0x5E, 0xB1, 0x9C, 0x79, 0x06, 0x7D, 0x0D, 0x0F, 0x6A, 0xEC, 0x23, 0x63,
    0x26, 0x65, 0xA8, 0xFF, 0x6C, 0xA5, 0x69, 0x75, 0xA6, 0x71, 0xC7, 0x1B, 0xEF, 0x70, 0xCE, 0x3E,
    0xF6, 0x5E, 0x34, 0x8D, 0x46, 0x9A, 0x3E, 0x37, 0x1A, 0x26, 0x46, 0x6C, 0x3E, 0x09, 0x54, 0x92,
    0x84, 0xE2, 0xA7, 0xBC, 0x2E, 0x0D, 0x54, 0x89, 0x92, 0x42, 0xCF, 0xF0, 0xA9, 0xCF, 0xEB, 0x75,
    0xD0, 0x05, 0xC3, 0x5A, 0x6C, 0x5B, 0x1A, 0x5D, 0x4A, 0xED, 0x0A, 0xC5, 0x2A, 0x08, 0xD3, 0xE8,
    0x66, 0xB0, 0x9D, 0xB0, 0x0C, 0x03, 0x7D, 0x52, 0xC1, 0xBC, 0x0D, 0xD5, 0x3A, 0x5F, 0x1B, 0xC7,
    0x0A, 0x85, 0x4D, 0x06, 0xE8, 0xF8, 0x4D, 0xD3, 0x63, 0x01, 0x5B, 0xB0, 0x54, 0x1D, 0x40, 0x9E,
    0x25, 0x13, 0x21, 0x27, 0x63, 0x77, 0x22, 0x55, 0x05, 0x1F, 0x1F, 0x50, 0x34, 0x6D, 0xFF, 0xED,
    0x97, 0x4C, 0xB8, 0x01, 0x37, 0x51, 0x79, 0xCE, 0x1A, 0x7F, 0x04, 0x01, 0x71, 0x03, 0x5A, 0x72,
    0x62, 0xAD, 0x60, 0x9F, 0xEC, 0x71, 0xB2, 0x7E, 0xE5, 0xA6, 0xA1, 0xE5, 0x50, 0xB1, 0x8A, 0xB7,
    0x9F, 0xF8, 0xAE, 0x10, 0x81, 0x5A, 0x9E, 0xDA, 0xEC, 0x5C, 0xF3, 0x27, 0xF9, 0x27, 0xFD, 0x07,
    0x00, 0xC9, 0xCD, 0xD9, 0x5D, 0x7F, 0x92, 0x3F, 0x65, 0x52, 0xAF, 0x3F, 0xCD, 0x57, 0xC7, 0xFF,
    0x21, 0x70, 0xCE, 0xC7, 0xFF, 0x25, 0x9C, 0xBF, 0xEE, 0x93, 0x01, 0x9C, 0x58, 0x26, 0x77, 0x81,
    0x16, 0x70, 0x03, 0x1E, 0xC5, 0xE3, 0x53, 0x76, 0x81, 0x3F, 0x79, 0xCC, 0xAB, 0x80, 0x97, 0xCB,
    0x31, 0x13, 0x2C, 0xA4, 0x27, 0x8C, 0x69, 0x18, 0xE3, 0x1E, 0x1F, 0x03, 0x83, 0xC7, 0x98, 0xE7,
    0xCF, 0x8E, 0x5E, 0x9A, 0x9B, 0x2E, 0xCD, 0xCD, 0x9E, 0x5F, 0x7A, 0x9F, 0x3D, 0x3F, 0x7B, 0x7F,
    0xF6, 0xFC, 0xD2, 0xFB, 0x19, 0x27, 0x99, 0xC1, 0xB9, 0xE2, 0x05, 0xEA, 0xC4, 0x22, 0xE5, 0xE7,
    0xBC, 0xB1, 0xEE, 0x16, 0x5F, 0x4F, 0xA4, 0x21, 0x1F, 0xEA, 0xA5, 0xED, 0x50, 0x96, 0xDF, 0xBE,
    0x11, 0xDD, 0x44, 0x4A, 0x52, 0xE4, 0xBE, 0x65, 0xC2, 0x9B, 0xCC, 0x94, 0x52, 0xA5, 0x99, 0x79,
    0x09, 0xA1, 0x26, 0xF4, 0x53, 0xC5, 0xCA, 0xC0, 0x3A, 0x95, 0xC1, 0x2D, 0xC0, 0x0C, 0xA4, 0xFC,
    0xFF, 0x4C, 0x7E, 0x0C, 0xE9, 0xB9, 0x46, 0x95, 0x6A, 0xF6, 0xC3, 0xBD, 0xE3, 0x43, 0x52, 0x5E,
    0x1D, 0x0A, 0x80, 0x28, 0x02, 0xFC, 0x84, 0xA6, 0x0C, 0x81, 0x59, 0xA9, 0xAB, 0xC1, 0xBF, 0xEF,
    0x96, 0xBF, 0x76, 0x15, 0xE1, 0x9D, 0x01, 0xAB, 0x17, 0x30, 0x33, 0x5D, 0x93, 0xDD, 0x68, 0x53,
    0x09, 0x60, 0xD0, 0x64, 0xF7, 0xFD, 0xD8, 0xCC, 0xCC, 0x90, 0x51, 0x30, 0xD9, 0x8C, 0x7F, 0x78,
    0x35, 0x5F, 0x03, 0x75, 0x34, 0x24, 0xB7, 0xB6, 0x53, 0x9B, 0xDC, 0x40, 0x06, 0xF4, 0x97, 0x6F,
    0x14, 0x9C, 0x83, 0xC6, 0x53, 0x0C, 0xD1, 0x45, 0xFF, 0x79, 0x18, 0x1A, 0xDD, 0x4C, 0xC0, 0x48,
    0x16, 0x84, 0x94, 0xE7, 0x17, 0x0F, 0x01, 0xF1, 0x72, 0x4F, 0x3C, 0xD8, 0x38, 0x83, 0xCC, 0xD2,
    0xF7, 0xCE, 0x2C, 0x29, 0x2C, 0xF1, 0x62, 0x5D, 0xF2, 0x5E, 0x5D, 0x9D, 0x59, 0x3A, 0x1C, 0x81,
    0xAA, 0x10, 0x3D, 0x2C, 0x69, 0x92, 0x46, 0xF5, 0xEB, 0xA9, 0xD2, 0xEF, 0xEF, 0x1D, 0x73, 0xCA,
    0xC4, 0x8D, 0xA7, 0xAD, 0x49, 0xF5, 0xE2, 0x66, 0x97, 0xDA, 0xC4, 0xE7, 0x4C, 0xFF, 0x6F, 0x3A,
    0xF0, 0xA6, 0xA9, 0x7B, 0x77, 0x98, 0xFC, 0x9C, 0xC6, 0x62, 0xB2, 0x10, 0x4C, 0x7E, 0x32, 0xE7,
    0x75, 0x37, 0xFA, 0x72, 0x91, 0xDA, 0xC1, 0x3E, 0x33, 0x0D, 0x96, 0x6B, 0xCB, 0xE5, 0xE5, 0x5C,
    0xDC, 0x9B, 0x04, 0xB6, 0xE0, 0x29, 0xBF, 0x1D, 0x28, 0x58, 0xE0, 0x23, 0x4E, 0x82, 0xE1, 0x8C,
    0xE7, 0xD7, 0xE0, 0x33, 0x76, 0x92, 0x23, 0x87, 0x84, 0x33, 0x9A, 0xCF, 0xE0, 0x06, 0x9A, 0xD7,
    0x87, 0xDA, 0x67, 0x1C, 0xAA, 0xFC, 0x3D, 0xC4, 0xF7, 0x3A, 0xD0, 0xCF, 0x0B, 0xCE, 0x04, 0x62,
    0xE6, 0x2E, 0x0E, 0xF0, 0xE9, 0xFA, 0x53, 0xF6, 0xA0, 0x7C, 0xCA, 0xCE, 0xD0, 0x15, 0xFA, 0x82,
    0x8A, 0xE8, 0x5B, 0x2B, 0x29, 0x84, 0xBD, 0x46, 0x83, 0xB8, 0xE9, 0x70, 0xC2, 0x6B, 0x87, 0x90,
    0x59, 0xDC, 0x12, 0x48, 0x8A, 0x4A, 0xD9, 0xFD, 0x28, 0xD0, 0x43, 0xB2, 0x85, 0x74, 0x3D, 0x59,
    0x42, 0x31, 0x44, 0xC2, 0x6E, 0x83, 0xDF, 0x27, 0xAE, 0x9A, 0x8E, 0x8D, 0x80, 0xCF, 0xEF, 0x3A,
    0xC0, 0x39, 0x37, 0x7F, 0xB0, 0x23, 0x94, 0x6F, 0x1F, 0x9F, 0x2B, 0xDF, 0x8B, 0x42, 0x34, 0xF7,
    0x0C, 0x08, 0x24, 0x21, 0x1D, 0xEA, 0xB5, 0xC8, 0xDF, 0xA8, 0x8D, 0x56, 0xE2, 0x4E, 0xC8, 0x5B,
    0x66, 0x87, 0x4F, 0x76, 0x9F, 0xB4, 0x7C, 0xC6, 0x8F, 0xB5, 0x2E, 0x7D, 0x24, 0x34, 0xCD, 0x20,
    0xD8, 0x93, 0x40, 0xEB, 0xE7, 0xE3, 0x56, 0x77, 0x47, 0x07, 0x33, 0xFF, 0xB6, 0xC2, 0x20, 0x6B,
    0xFB, 0x0E, 0x7D, 0xD5, 0x7A, 0xBC, 0xE2, 0x2F, 0x26, 0x9B, 0x78, 0xB5, 0x9F, 0xFF, 0xB3, 0xD9,
    0x5B, 0xE1, 0x77, 0x39, 0x0B, 0xB7, 0xA8, 0xCA, 0x8C, 0xE2, 0xF7, 0xF5, 0x51, 0xBC, 0x24, 0xA7,
    0x90, 0xA4, 0xD6, 0xA3, 0x76, 0x72, 0x8E, 0xC4, 0xF4, 0x9C, 0xF2, 0xB9, 0x7E, 0xE6, 0xEA, 0x91,
    0xCF, 0xCB, 0xFA, 0x79, 0x14, 0xA2, 0x49, 0x7E, 0xA7, 0x8D, 0x70, 0x6B, 0xD1, 0xCA, 0xB1, 0x2A,
    0x82, 0x81, 0xD3, 0xE9, 0x92, 0xAC, 0x33, 0x63, 0x9D, 0x20, 0x35, 0x74, 0x27, 0x2D, 0x61, 0xCC,
    0xE9, 0x58, 0xEE, 0xFE, 0xFD, 0x58, 0x6E, 0xFB, 0xEF, 0x19, 0xF9, 0x0B, 0x79, 0x86, 0xED, 0x8A,
    0xF1, 0x40, 0xC3, 0x37, 0xC4, 0xF6, 0xD7, 0x2A, 0x04, 0x1E, 0x7A, 0x7A, 0xD6, 0x6E, 0x9F, 0x9E,
    0xEB, 0xA3, 0x39, 0x1B, 0xA2, 0xED, 0x8E, 0x8B, 0x10, 0xBD, 0x0E, 0xCF, 0x93, 0x02, 0x58, 0x7A,
    0xFA, 0x0D, 0x0C, 0x19, 0xB3, 0x90, 0x8B, 0xBF, 0x7D, 0xC4, 0x36, 0xFD, 0x30, 0x06, 0x8D, 0xED,
    0x23, 0xA3, 0xE4, 0xFB, 0x44, 0xA9, 0xD7, 0xA0, 0xAD, 0xC6, 0x3F, 0x54, 0x8E, 0xA9, 0xD4, 0x49,
    0x67, 0x6F, 0x4D, 0x47, 0xA2, 0x98, 0x54, 0xED, 0x7A, 0x8B, 0xAB, 0xE9, 0xA1, 0xAE, 0x9D, 0x68,
    0x78, 0x87, 0x17, 0x26, 0x2C, 0x4D, 0xD7, 0xCC, 0xDC, 0x35, 0x3D, 0xDC, 0x35, 0x5D, 0x76, 0xD7,
    0x9A, 0x89, 0xBB, 0xA6, 0x93, 0x14, 0xB8, 0xDF, 0xC7, 0x26, 0x15, 0xFA, 0xF0, 0xB6, 0xBE, 0xA5,
    0x9D, 0x57, 0x53, 0xFE, 0x2D, 0xDD, 0x75, 0xB4, 0xE8, 0x87, 0xD1, 0xF4, 0x90, 0x40, 0xA2, 0x46,
    0x87, 0x41, 0xFD, 0xE4, 0x04, 0x52, 0xB2, 0x97, 0x79, 0x50, 0x6F, 0x24, 0x90, 0xAE, 0xDE, 0x9E,
    0x7E, 0x98, 0x37, 0x1E, 0x41, 0x67, 0x73, 0xDE, 0x6E, 0xA0, 0x98, 0x44, 0xC3, 0x08, 0xDC, 0x1A,
    0x0D, 0xF2, 0x7F, 0x38, 0xDD, 0x80, 0x1A, 0x2D, 0xBC, 0x3B, 0x8C, 0x10, 0x93, 0xFA, 0x98, 0xF7,
    0xB9, 0x48, 0x13, 0xB9, 0xA3, 0x7D, 0x3A, 0xDE, 0xDC, 0x4A, 0x7D, 0x43, 0x89, 0x3E, 0xE1, 0xC3,
    0xAA, 0x98, 0x11, 0x62, 0xCF, 0x38, 0x13, 0xE1, 0x16, 0x6D, 0x86, 0x64, 0x8B, 0x67, 0x01, 0xC0,
    0xFB, 0x19, 0x34, 0xCA, 0x91, 0x26, 0xE0, 0xC3, 0xA7, 0x95, 0x8A, 0x96, 0x21, 0x6C, 0xC2, 0xF2,
    0x26, 0x2A, 0x90, 0x63, 0x3A, 0x14, 0xFA, 0xA6, 0x76, 0xD5, 0x66, 0x43, 0x20, 0xE4, 0xA8, 0xEC,
    0x06, 0x21, 0x13, 0x56, 0x3D, 0x71, 0xA9, 0xC9, 0xF3, 0xDB, 0x7F, 0xA1, 0x09, 0xF7, 0x26, 0x29,
    0xDE, 0xF3, 0x4F, 0xAC, 0xD3, 0xB8, 0xBC, 0xA0, 0x9A, 0x8F, 0xDF, 0x3F, 0x4C, 0xBD, 0xF6, 0x6B,
    0xAB, 0x6A, 0x3C, 0x7E, 0x69, 0xE7, 0x4F, 0x21, 0x5F, 0xAA, 0x9B, 0xDF, 0xA3, 0x6C, 0x6C, 0x73,
    0xFE, 0x16, 0x75, 0x31, 0x8D, 0xA4, 0x22, 0x55, 0x4D, 0xD7, 0xEE, 0xD2, 0x69, 0xAB, 0xCD, 0xCE,
    0x53, 0x77, 0xC2, 0x49, 0x65, 0x69, 0xE1, 0x41, 0xE8, 0xCC, 0x45, 0xBA, 0xED, 0xCC, 0x3E, 0xCE,
    0x4E, 0x3B, 0x74, 0x57, 0x8C, 0xF9, 0xB6, 0x88, 0x42, 0x08, 0x0B, 0x84, 0x72, 0x3C, 0x35, 0x91,
    0xC3, 0xAF, 0x16, 0xAF, 0xC9, 0x19, 0xED, 0xCF, 0x77, 0x38, 0x31, 0xB4, 0xC9, 0x6B, 0x47, 0xF0,
    0xA1, 0x88, 0x0C, 0xB8, 0xE4, 0x69, 0x80, 0xA7, 0xCE, 0x91, 0xAD, 0x8F, 0x95, 0x27, 0xB7, 0x49,
    0xF3, 0x28, 0x6C, 0x7F, 0xE4, 0x54, 0x75, 0x3D, 0x59, 0xEC, 0xDF, 0xB9, 0xB3, 0x88, 0x8A, 0xEE,
    0x85, 0xC6, 0xBF, 0x22, 0x71, 0x4E, 0x57, 0x10, 0xB0, 0xD1, 0x54, 0x6A, 0xB1, 0x1A, 0x7C, 0x6F,
    0x36, 0x78, 0x7B, 0x32, 0x78, 0x1F, 0xCF, 0x14, 0x7E, 0x57, 0x60, 0x06, 0x26, 0x60, 0x30, 0xD8,
    0x73, 0xC9, 0xFF, 0xA6, 0xF4, 0xA2, 0xA8, 0xD7, 0x78, 0xCF, 0x08, 0x66, 0x0D, 0xA4, 0xF1, 0x43,
    0xB5, 0x39, 0x6B, 0xA4, 0xA4, 0x79, 0xCD, 0x1A, 0x73, 0x63, 0x35, 0x22, 0x7A, 0x7D, 0x81, 0xDC,
    0x5E, 0xF5, 0x2D, 0xDE, 0x2C, 0x16, 0x7D, 0x3B, 0x5A, 0x93, 0x34, 0x74, 0xD6, 0x4C, 0xBA, 0x0B,
    0x7C, 0x52, 0x30, 0x8C, 0xE7, 0x90, 0xAC, 0xC1, 0x5B, 0x6B, 0x56, 0x09, 0x24, 0xD7, 0xBD, 0xB1,
    0xA0, 0xB8, 0xA7, 0x5A, 0x3B, 0xB9, 0xB7, 0xB4, 0x86, 0xD5, 0xFA, 0xA0, 0x15, 0x24, 0x09, 0xCF,
    0x1C, 0xFF, 0x41, 0x0E, 0xC6, 0x33, 0x72, 0x05, 0x35, 0x98, 0xFC, 0xA9, 0xE1, 0x77, 0x9A, 0x17,
    0x6D, 0x7C, 0x78, 0x50, 0xAF, 0xDF, 0x90, 0xB0, 0xF0, 0x19, 0xAD, 0x1D, 0x19, 0xC4, 0x56, 0xCC,
    0x0F, 0x08, 0x0B, 0xA9, 0xB8, 0x47, 0x06, 0x9A, 0xE1, 0xB9, 0x6A, 0xE6, 0x77, 0x9A, 0x7A, 0x26,
    0xC1, 0x1D, 0x82, 0xB4, 0x1D, 0xC1, 0x10, 0x41, 0xC5, 0xB8, 0xA0, 0xE8, 0xEA, 0x37, 0xD0, 0xAF,
    0x17, 0xDF, 0x7B, 0xC1, 0x08, 0x86, 0x01, 0x64, 0xE0, 0x1F, 0x23, 0x51, 0x82, 0x5B, 0x40, 0x9D,
    0x40, 0xED, 0x8E, 0xDD, 0x3A, 0xC7, 0xEF, 0x5B, 0x7F, 0xF6, 0x03, 0x0B, 0x53, 0xAC, 0x0C, 0xC4,
    0x8D, 0x16, 0x07, 0x37, 0xD5, 0xC9, 0xA2, 0x6C, 0xCA, 0xCB, 0x11, 0x4A, 0x4E, 0xA8, 0xAB, 0xD0,
    0xD3, 0x4C, 0xAF, 0x98, 0xF6, 0xD7, 0x55, 0x8C, 0xA2, 0x60, 0x16, 0x8F, 0x5E, 0x1C, 0xD3, 0xDE,
    0xB3, 0x16, 0xFA, 0x37, 0xD8, 0xC1, 0x64, 0xC1, 0xA7, 0x07, 0x66, 0x0D, 0xE1, 0x7E, 0x07, 0x7A,
    0x2F, 0xF6, 0x92, 0x17, 0xBB, 0x68, 0x66, 0xC1, 0xC0, 0xFF, 0xFA, 0x13, 0x75, 0xA3, 0x5B, 0x90,
    0x8C, 0xF1, 0x97, 0xDB, 0xD2, 0xF3, 0xC6, 0x9C, 0x33, 0xCF, 0x7C, 0x5D, 0x04, 0x47, 0xD6, 0xA7,
    0x1E, 0x52, 0x53, 0x21, 0x9C, 0x0E, 0xC7, 0x2C, 0xF6, 0x23, 0x30, 0x5D, 0xF7, 0xE2, 0x01, 0x3D,
    0x10, 0x06, 0x7A, 0x00, 0xD7, 0x08, 0x57, 0x7E, 0x39, 0x63, 0x26, 0xE6, 0xBB, 0x98, 0x82, 0x4B,
    0xD9, 0x27, 0x9C, 0xCA, 0x5E, 0xE1, 0x16, 0x7E, 0x1D, 0xD2, 0x51, 0xD6, 0x2A, 0xBF, 0x0E, 0xBE,
    0xE5, 0x19, 0x09, 0xD6, 0x7F, 0xA5, 0x56, 0xB5, 0x8A, 0xE7, 0xD5, 0x8E, 0xC5, 0x0F, 0x7C, 0xBA,
    0xF8, 0x13, 0xF3, 0x7E, 0x93, 0xE7, 0x84, 0xE3, 0x7F, 0x01, 0xD5, 0x59, 0x01, 0xA4, 0x2F, 0x57,
    0x7E, 0xFE, 0x66, 0x8E, 0xBD, 0xD3, 0xBC, 0x29, 0x67, 0xB1, 0x6A, 0x93, 0xB0, 0x53, 0x14, 0xBB,
    0x2B, 0xCD, 0x00, 0x04, 0x79, 0xF7, 0x4C, 0x12, 0x2C, 0x16, 0xBB, 0x00, 0x14, 0x09, 0x02, 0xDD,
    0xE2, 0x15, 0x45, 0xF0, 0x5E, 0xE6, 0x6C, 0x82, 0x22, 0x70, 0x01, 0x80, 0x5E, 0x2C, 0xD2, 0x42,
    0x82, 0xA2, 0xF4, 0xBD, 0x77, 0x4E, 0x72, 0xB1, 0x58, 0x74, 0x1A, 0x28, 0x16, 0x9D, 0xDA, 0xD7,
    0x6C, 0x6D, 0xF1, 0xCE, 0x6E, 0x66, 0x65, 0xB2, 0x7B, 0x66, 0x7E, 0x3D, 0xDF, 0x39, 0x79, 0xF7,
    0x7F, 0x6F, 0xD2, 0xB4, 0xB1, 0x72, 0xB9, 0xEF, 0x98, 0xF9, 0x7E, 0x33, 0xFF, 0x99, 0xF9, 0x7E,
    0xDF, 0x77, 0xCE, 0xEF, 0xCC, 0xDC, 0x99, 0x0B, 0x03, 0x88, 0x2F, 0x0B, 0xB7, 0x4B, 0x7B, 0x0D,
    0x58, 0xB9, 0x54, 0x2B, 0x54, 0x5A, 0x16, 0xB4, 0x0B, 0x74, 0x5A, 0x02, 0xFA, 0x00, 0x93, 0x97,
    0x31, 0xC0, 0x25, 0x9C, 0xF0, 0x24, 0x00, 0xD4, 0x16, 0x40, 0xEB, 0x01, 0x68, 0xC2, 0xCB, 0x0F,
    0x80, 0x56, 0x64, 0x82, 0x7B, 0xF8, 0xF2, 0x54, 0xEF, 0x7D, 0xEB, 0xDB, 0xD5, 0xB4, 0xBE, 0x0B,
    0xC7, 0x47, 0x83, 0x99, 0x8E, 0x81, 0xD1, 0xDF, 0x01, 0x9C, 0xBF, 0x4B, 0x88, 0x09, 0xEC, 0xCA,
    0xAD, 0xF5, 0xDB, 0x18, 0xDF, 0x5B, 0x6E, 0xC3, 0xFC, 0x26, 0xDC, 0x85, 0x96, 0x5F, 0x47, 0x28,
    0x91, 0x15, 0xB8, 0xB5, 0x5B, 0xA0, 0x99, 0x2E, 0xA5, 0x00, 0x8E, 0x7E, 0x42, 0x14, 0x19, 0x80,
    0x66, 0x77, 0x1E, 0xE8, 0x82, 0x49, 0x68, 0xA6, 0xDE, 0xD2, 0xD3, 0x13, 0x48, 0x38, 0x50, 0x9B,
    0x00, 0x80, 0x2A, 0xB8, 0x13, 0x9B, 0x8D, 0x28, 0x14, 0x58, 0x10, 0x3A, 0x02, 0x09, 0x57, 0x80,
    0x34, 0xC4, 0x7E, 0x26, 0x92, 0x10, 0x70, 0xA4, 0xA9, 0xB6, 0x7C, 0x50, 0x44, 0x02, 0x4C, 0xC2,
    0xA5, 0x20, 0xFE, 0x14, 0xC0, 0x0F, 0x93, 0x91, 0x2A, 0xF4, 0x47, 0x7B, 0xE3, 0x5B, 0x91, 0x87,
    0xA8, 0xB7, 0x3A, 0x42, 0x05, 0xDC, 0x46, 0xE3, 0xD1, 0xA3, 0xB5, 0xD0, 0xD0, 0xC3, 0x23, 0x68,
    0x09, 0xE9, 0x40, 0x07, 0x35, 0xE3, 0x26, 0xEA, 0xB5, 0x8A, 0xEC, 0x2D, 0x41, 0xDF, 0xCA, 0xF7,
    0xD9, 0x27, 0x75, 0x20, 0xE9, 0x89, 0x96, 0xAD, 0x95, 0x98, 0xB0, 0x91, 0x08, 0xF1, 0x70, 0x69,
    0x99, 0x2A, 0x01, 0xC6, 0x59, 0x45, 0xC0, 0x04, 0xBD, 0x00, 0x7D, 0xA0, 0xD2, 0x6E, 0x1D, 0x3D,
    0xB4, 0x44, 0xD9, 0x13, 0x4A, 0x42, 0x34, 0xB2, 0x66, 0xD7, 0x21, 0xA3, 0x47, 0x56, 0xBB, 0x16,
    0x3C, 0xEF, 0x8D, 0x8C, 0xCD, 0x4E, 0x6C, 0x37, 0x62, 0xEE, 0x87, 0x2A, 0x77, 0x49, 0x2D, 0x32,
    0x03, 0xCF, 0x5D, 0x6C, 0xC0, 0xE7, 0x7E, 0xB8, 0x25, 0x16, 0x8D, 0x08, 0x0B, 0x43, 0xCF, 0x18,
    0x7D, 0x3B, 0xC1, 0xF9, 0x96, 0xD5, 0x54, 0x0D, 0x70, 0x0B, 0x98, 0x77, 0x00, 0x34, 0x75, 0x74,
    0xC2, 0xA1, 0x7E, 0x47, 0xA0, 0x76, 0x25, 0x43, 0x1B, 0x2B, 0xB1, 0x7A, 0x85, 0x0C, 0x7A, 0xAD,
    0x04, 0x3A, 0x2A, 0x6A, 0x6F, 0x57, 0xD2, 0xCD, 0xD4, 0xC0, 0x6B, 0x29, 0xBC, 0xA1, 0x0E, 0xD6,
    0xDB, 0xB3, 0xB9, 0xFA, 0x08, 0x23, 0x4C, 0xCA, 0xF3, 0x82, 0xA4, 0x14, 0xB2, 0x01, 0x47, 0xAC,
    0x8F, 0x7E, 0xB8, 0x97, 0xAA, 0x47, 0xB8, 0xE6, 0x6D, 0xE0, 0x69, 0x39, 0x41, 0xF6, 0x41, 0x83,
    0xDD, 0x8C, 0x5B, 0x1E, 0x78, 0x1D, 0xA8, 0x17, 0x54, 0x14, 0x76, 0x07, 0xCA, 0x1F, 0xC9, 0x03,
    0x0E, 0x4A, 0x2F, 0xB1, 0xB1, 0xDF, 0x82, 0xD8, 0xDB, 0xCA, 0x3F, 0x53, 0x6F, 0x78, 0xBE, 0x9A,
    0x9F, 0x57, 0x11, 0xCF, 0x23, 0x3C, 0xD7, 0xF2, 0xD4, 0x77, 0xFF, 0xA6, 0x0D, 0x39, 0x68, 0x86,
    0x7F, 0x2C, 0xE1, 0xDD, 0x4F, 0x8F, 0x3D, 0xDF, 0xE4, 0x33, 0x9F, 0x51, 0xF9, 0xBA, 0x4F, 0x59,
    0xF4, 0x60, 0xC8, 0x99, 0x33, 0x74, 0xA8, 0x02, 0xF3, 0x3D, 0xCA, 0x5E, 0xB4, 0x9C, 0x2B, 0x43,
    0x97, 0x75, 0xF6, 0x82, 0x6A, 0x73, 0x50, 0xE1, 0x75, 0xE8, 0xE9, 0x3E, 0xB4, 0x8F, 0xE8, 0xED,
    0xA7, 0xEB, 0x8F, 0x57, 0xE8, 0x9F, 0xAE, 0x43, 0xB3, 0x8B, 0x45, 0x69, 0x70, 0x12, 0x73, 0x44,
    0xE3, 0xEF, 0x42, 0xBF, 0x11, 0x60, 0x9A, 0x19, 0xB1, 0xF3, 0x6A, 0x35, 0x68, 0xC3, 0x8E, 0xFE,
    0x2C, 0xC2, 0xBC, 0x15, 0x30, 0xFE, 0x20, 0xE4, 0x68, 0xCE, 0x12, 0xC7, 0xFB, 0x31, 0x71, 0x47,
    0xA8, 0xF9, 0x1E, 0x54, 0x38, 0x66, 0xC9, 0xC2, 0xB1, 0xA0, 0x85, 0x00, 0x00, 0x5F, 0x08, 0xA7,
    0x5F, 0xA6, 0x3B, 0x7F, 0x26, 0x62, 0x35, 0xF4, 0x0B, 0x22, 0x81, 0xDD, 0xB9, 0xB5, 0x4B, 0xEA,
    0x4E, 0x6C, 0x6A, 0x4D, 0xDD, 0xC9, 0x90, 0xBA, 0x33, 0x85, 0x90, 0xFA, 0x11, 0x5B, 0x67, 0x19,
    0x64, 0x67, 0x77, 0x62, 0x33, 0x3E, 0x75, 0x27, 0x36, 0x3D, 0xA7, 0xEE, 0xC4, 0xD6, 0x06, 0x04,
    0x5E, 0xB7, 0xB0, 0x3B, 0xB7, 0x3A, 0x2A, 0xAF, 0xBF, 0x2F, 0x5E, 0x7E, 0x6A, 0x53, 0x06, 0xDF,
    0xFF, 0xFB, 0x97, 0xE9, 0x4E, 0xDA, 0x92, 0x3D, 0x2D, 0xED, 0x62, 0xB6, 0xD7, 0xF4, 0x5F, 0xB7,
    0xAF, 0x69, 0x93, 0xF4, 0x00, 0xCF, 0x02, 0xF8, 0xBF, 0x71, 0xE4, 0xA5, 0x83, 0x23, 0xDA, 0x2F,
    0x71, 0xFE, 0x17, 0xB6, 0x4B, 0x3C, 0xFD, 0x0E, 0x6C, 0xA3, 0x57, 0xAB, 0x9E, 0xEA, 0x45, 0x4F,
    0x40, 0xE7, 0x01, 0x63, 0x01, 0x07, 0xD4, 0x11, 0x68, 0x43, 0xDE, 0xAD, 0xB6, 0x23, 0xB4, 0x33,
    0x8B, 0x47, 0x68, 0x01, 0x70, 0x2B, 0xD4, 0x6F, 0x05, 0xED, 0x6C, 0x86, 0x66, 0x32, 0x00, 0xEE,
    0x03, 0xCD, 0x0A, 0xC8, 0x0C, 0xBC, 0x18, 0x01, 0x6C, 0x79, 0xBD, 0x97, 0x38, 0xF6, 0xC4, 0xD1,
    0xCB, 0x80, 0xDC, 0xB4, 0xE7, 0x14, 0x11, 0xAF, 0x04, 0x7A, 0x41, 0x3F, 0x00, 0x66, 0xD6, 0x2B,
    0xCC, 0x94, 0xF6, 0x8C, 0xD7, 0x01, 0xA3, 0xEF, 0x02, 0x9C, 0xED, 0x03, 0xC4, 0x9A, 0x19, 0x32,
    0xF0, 0x74, 0x18, 0x5F, 0x49, 0x3A, 0x54, 0xEF, 0x70, 0x5E, 0xED, 0x10, 0xAB, 0x36, 0xC8, 0xC0,
    0xF9, 0xFA, 0xC7, 0x8D, 0xBC, 0x23, 0x77, 0x5B, 0x89, 0x2E, 0xE8, 0x77, 0xE6, 0x44, 0x61, 0x01,
    0x74, 0x04, 0x43, 0x18, 0x09, 0x92, 0x61, 0x28, 0x83, 0x03, 0xD0, 0x81, 0x6D, 0xD8, 0x09, 0x9D,
    0xCC, 0x29, 0xF7, 0x39, 0x8C, 0x97, 0xC1, 0x10, 0x7A, 0x82, 0x26, 0xD4, 0x04, 0x1C, 0x9D, 0x24,
    0x00, 0xFE, 0x10, 0xB8, 0x03, 0x81, 0x24, 0xAC, 0x27, 0xE5, 0xD5, 0x83, 0x64, 0xE3, 0x3E, 0xEE,
    0xB9, 0xE8, 0x26, 0x1C, 0xE1, 0x48, 0xD0, 0x4B, 0xEE, 0x74, 0x8E, 0x07, 0x10, 0x51, 0x45, 0xD4,
    0xF9, 0x11, 0xA7, 0x02, 0x97, 0x26, 0x40, 0x04, 0x6C, 0xFD, 0x5C, 0x7F, 0x12, 0x9B, 0xD9, 0x69,
    0x3F, 0x76, 0x7E, 0xEC, 0xAD, 0xEB, 0xED, 0xD6, 0xFF, 0x38, 0xEA, 0xB3, 0xA0, 0xE8, 0x93, 0x4D,
    0x24, 0x30, 0x2C, 0x3D, 0x10, 0xBB, 0x01, 0x77, 0xB5, 0xC7, 0xA8, 0x27, 0x98, 0x36, 0xC0, 0xBC,
    0xB9, 0xE4, 0x29, 0xD8, 0x7D, 0x10, 0x51, 0xA6, 0xE2, 0x02, 0xD1, 0x53, 0x1D, 0x8D, 0x55, 0x81,
    0xB3, 0x7B, 0x45, 0xAF, 0x02, 0x6E, 0xB6, 0x1E, 0x38, 0x1A, 0x80, 0x84, 0x64, 0xED, 0x06, 0x2D,
    0x43, 0xEE, 0x3E, 0x93, 0xAD, 0x30, 0xA8, 0x19, 0x18, 0x39, 0xA2, 0x79, 0xF0, 0x7B, 0x64, 0xE1,
    0x77, 0x91, 0xC5, 0x2F, 0x39, 0xA8, 0x09, 0xF4, 0xA1, 0xED, 0x91, 0x4D, 0x5E, 0x8E, 0xD1, 0x7B,
    0xB5, 0x20, 0xC2, 0x59, 0x27, 0x2F, 0x86, 0x9A, 0xBC, 0xAD, 0xD7, 0xB7, 0x06, 0xD2, 0xDF, 0x24,
    0xEF, 0x4D, 0x84, 0x4C, 0xAF, 0xFC, 0x31, 0xE9, 0xF5, 0xAF, 0xE4, 0x14, 0xDA, 0x77, 0x22, 0x73,
    0xA6, 0x8F, 0xC0, 0xED, 0x03, 0xFD, 0x8A, 0xEA, 0xA4, 0xCC, 0x33, 0x4E, 0xB2, 0xEF, 0x40, 0x8B,
    0x65, 0xFA, 0x1B, 0xE3, 0x80, 0x2A, 0x64, 0x81, 0xCD, 0x54, 0x04, 0xDA, 0x2C, 0x30, 0x51, 0x62,
    0xE7, 0xD5, 0x5C, 0xEB, 0x90, 0x43, 0xEB, 0xB3, 0xC0, 0x6E, 0x00, 0x3B, 0xFB, 0x66, 0x23, 0x36,
    0x09, 0x5C, 0xCD, 0xCB, 0xC1, 0xC9, 0x4B, 0xF3, 0x7D, 0xB5, 0xD0, 0xDD, 0x1D, 0x86, 0x1E, 0x68,
    0x42, 0x4E, 0xAF, 0xA7, 0x9C, 0xDE, 0xD8, 0xEC, 0x7F, 0xCB, 0xF4, 0x4D, 0xC9, 0xD7, 0xDB, 0x29,
    0x09, 0xA8, 0xD6, 0x7A, 0x4A, 0xF4, 0x8D, 0x88, 0x6F, 0x3C, 0x74, 0x0A, 0x78, 0xFA, 0x01, 0x50,
    0x0D, 0x10, 0xA1, 0x26, 0x15, 0xDC, 0x00, 0x3D, 0xA8, 0x60, 0x06, 0x1C, 0x27, 0x0F, 0x86, 0x56,
    0xC8, 0xA4, 0xC8, 0x32, 0x67, 0x4D, 0xE3, 0x8A, 0x0E, 0x40, 0xB5, 0x97, 0x82, 0x75, 0x3C, 0xE3,
    0x49, 0xDC, 0x57, 0x73, 0x75, 0x6A, 0x10, 0xB5, 0x6F, 0x82, 0x69, 0x42, 0x8F, 0x2E, 0xB4, 0xFB,
    0x70, 0x17, 0xFF, 0x1C, 0x90, 0x34, 0xD5, 0xBF, 0x9C, 0x01, 0x35, 0xB5, 0x6F, 0x4D, 0xD4, 0xF4,
    0xAC, 0xF6, 0xD4, 0xB4, 0x30, 0xDC, 0x55, 0xBF, 0x7B, 0xE7, 0xBF, 0x50, 0x07, 0x25, 0x12, 0x91,
    0x34, 0xA1, 0xA7, 0x80, 0x2C, 0xF9, 0x18, 0x39, 0xBC, 0x8A, 0xB2, 0x99, 0x27, 0x7F, 0x38, 0xAC,
    0xDC, 0x07, 0x98, 0xBB, 0x1C, 0xBF, 0x59, 0x6E, 0x0A, 0x7D, 0x44, 0x2D, 0x13, 0xDA, 0x1D, 0xE8,
    0xD7, 0x72, 0xA6, 0x9B, 0xD2, 0xEA, 0x1B, 0x2B, 0x5E, 0xCF, 0xCE, 0xF7, 0xB3, 0x59, 0x0C, 0x07,
    0x6E, 0xA8, 0x25, 0x79, 0x07, 0x5E, 0x21, 0xA0, 0xDE, 0x4A, 0x90, 0x21, 0x47, 0x29, 0xEC, 0x5D,
    0x20, 0x66, 0x62, 0x80, 0x23, 0x79, 0xA1, 0xDD, 0x38, 0xCD, 0xA1, 0x5B, 0x73, 0x30, 0x31, 0x07,
    0x57, 0x82, 0xE4, 0x50, 0x97, 0xA0, 0x24, 0x73, 0xEB, 0x8F, 0x77, 0x86, 0xEE, 0x17, 0xC2, 0x60,
    0xCE, 0x72, 0x70, 0x6F, 0xE6, 0x20, 0x39, 0xAF, 0xDA, 0x2A, 0xB1, 0xE0, 0xF0, 0x30, 0xE8, 0x14,
    0xD8, 0x21, 0x33, 0x18, 0x8C, 0xCF, 0x41, 0x2C, 0xED, 0x94, 0x3F, 0x68, 0xA0, 0xB6, 0x6C, 0xB0,
    0x8D, 0x39, 0x38, 0xB1, 0x4A, 0x04, 0x22, 0x9E, 0x81, 0xAD, 0x2A, 0x5E, 0x74, 0x28, 0x0A, 0x4B,
    0x90, 0x89, 0xA8, 0xF6, 0x72, 0x68, 0xCE, 0xE1, 0x29, 0x3C, 0x56, 0xC6, 0xAA, 0xB7, 0x89, 0x68,
    0x24, 0x07, 0x5D, 0x82, 0x71, 0x96, 0x61, 0xCF, 0x75, 0x51, 0xAF, 0xED, 0xCC, 0x70, 0x52, 0x9F,
    0x3E, 0x4E, 0xC6, 0x8E, 0x86, 0x3F, 0x63, 0x18, 0x3F, 0x59, 0xE8, 0x52, 0x24, 0x50, 0xCB, 0x7F,
    0x8B, 0xCF, 0x87, 0x0E, 0xC5, 0xF7, 0x18, 0x39, 0x7A, 0xB5, 0xB2, 0x79, 0x72, 0xB5, 0x4B, 0x16,
    0xA1, 0x57, 0xEE, 0xED, 0xDC, 0xE3, 0xB1, 0x93, 0xC7, 0xD0, 0x11, 0xBE, 0x89, 0xA2, 0xC2, 0x32,
    0xE8, 0x9F, 0x4F, 0x0C, 0xBD, 0x9A, 0x19, 0x6E, 0xD6, 0x25, 0x28, 0xCF, 0x60, 0x5E, 0x2E, 0xA7,
    0xEC, 0x44, 0x54, 0xA7, 0x8F, 0x95, 0xCD, 0x14, 0x44, 0xF6, 0xAC, 0x43, 0xA4, 0x68, 0x30, 0xE2,
    0xAB, 0xAC, 0x49, 0xCA, 0x06, 0xD4, 0xA3, 0x8D, 0x76, 0x13, 0x8B, 0x1F, 0x52, 0xDF, 0xAF, 0x4B,
    0xB7, 0x60, 0xFC, 0x40, 0x86, 0xDB, 0xDC, 0x90, 0x97, 0x04, 0xF9, 0xDC, 0x5D, 0x95, 0x0D, 0x1D,
    0xCB, 0x0B, 0x2A, 0xFA, 0xD0, 0x88, 0x2C, 0x3C, 0x57, 0x64, 0xAB, 0x43, 0x2E, 0x78, 0x89, 0xDC,
    0x50, 0x91, 0x67, 0x05, 0xE4, 0xF7, 0xE7, 0x35, 0xA7, 0x9E, 0xD9, 0x55, 0x5F, 0x1B, 0xE0, 0x2C,
    0xFA, 0x05, 0xDA, 0xD7, 0x92, 0x65, 0x77, 0xB6, 0x29, 0xFA, 0x8D, 0x75, 0xE2, 0x5B, 0x91, 0xE2,
    0x41, 0xE7, 0x0D, 0xA0, 0xFA, 0xD1, 0x49, 0xE1, 0xB7, 0x50, 0xF2, 0x9F, 0x2E, 0x91, 0x24, 0xE6,
    0x29, 0xB9, 0x4F, 0xC8, 0xDE, 0xD2, 0xC9, 0x2D, 0x12, 0xB6, 0x1B, 0x70, 0x63, 0xD0, 0x94, 0x47,
    0x7A, 0x90, 0xF2, 0x80, 0x63, 0xC1, 0x99, 0xE8, 0xE6, 0xC3, 0x36, 0x8F, 0xFE, 0x53, 0xC6, 0xC8,
    0xAB, 0xAA, 0x15, 0x89, 0x41, 0xAD, 0x68, 0x04, 0x2A, 0xED, 0xCA, 0x27, 0xB7, 0x02, 0xD0, 0x8B,
    0x50, 0xC3, 0x4E, 0xC0, 0xFD, 0x0B, 0xCF, 0x96, 0xEE, 0x80, 0x9D, 0x5C, 0xA8, 0x85, 0x27, 0x32,
    0x1A, 0x7B, 0xC8, 0xD3, 0xAF, 0x44, 0xB5, 0x11, 0x31, 0x0E, 0xC4, 0x23, 0x8B, 0x4B, 0x8D, 0x7E,
    0x67, 0xB8, 0x84, 0x13, 0x92, 0x19, 0xED, 0xD1, 0x46, 0xA2, 0x7E, 0x84, 0x5F, 0x2B, 0xFC, 0x24,
    0x53, 0x33, 0x4D, 0x12, 0x4D, 0x68, 0xA7, 0x84, 0x22, 0xBE, 0x20, 0xED, 0x69, 0xE2, 0xA4, 0x2D,
    0x65, 0x76, 0x03, 0x31, 0xF3, 0x5B, 0x7C, 0x03, 0x55, 0xC2, 0x7B, 0x60, 0xB1, 0x45, 0x28, 0x41,
    0xC2, 0x91, 0x23, 0x96, 0xD3, 0x16, 0xED, 0xAF, 0x1C, 0x1E, 0x96, 0x6D, 0x3C, 0x48, 0x77, 0xFE,
    0xFC, 0x5B, 0x40, 0x7D, 0x82, 0xEB, 0xA8, 0xFC, 0x47, 0xC3, 0xF9, 0xC0, 0x28, 0x99, 0x29, 0x5F,
    0x02, 0x53, 0x9E, 0xE5, 0xFA, 0xCC, 0x35, 0xFE, 0x36, 0xDE, 0xBE, 0x86, 0xCA, 0x9F, 0x00, 0x9F,
    0x18, 0xC6, 0xEF, 0x00, 0xDC, 0xFB, 0xC2, 0xED, 0xF7, 0x88, 0x37, 0xF0, 0x6D, 0xE4, 0x76, 0xDD,
    0x34, 0x53, 0x72, 0x29, 0x6F, 0x33, 0x97, 0xFA, 0x50, 0x7B, 0x29, 0xEB, 0x8B, 0x45, 0x2D, 0x12,
    0xE0, 0x24, 0x50, 0x23, 0x15, 0x42, 0xE7, 0x95, 0xDA, 0xA8, 0x29, 0xAD, 0x17, 0xFE, 0x10, 0x1C,
    0x67, 0x2A, 0x29, 0x55, 0x26, 0x8F, 0x56, 0x8B, 0x4A, 0x06, 0xD4, 0x82, 0xAC, 0x60, 0x94, 0x05,
    0x8E, 0xB9, 0x73, 0x89, 0xD6, 0x91, 0xA4, 0x25, 0xF9, 0xE8, 0x59, 0x98, 0x2C, 0xCB, 0xAB, 0xCF,
    0xFD, 0xDD, 0xD2, 0x4D, 0x2C, 0x30, 0x96, 0x57, 0x77, 0xB6, 0xB0, 0xB4, 0x58, 0x58, 0x57, 0x9E,
    0x3B, 0x97, 0x89, 0xF1, 0xFC, 0xE9, 0x7D, 0xC9, 0x5B, 0xFF, 0x7B, 0x89, 0x30, 0x7F, 0x16, 0x40,
    0x05, 0x45, 0x02, 0xF4, 0x39, 0x50, 0x05, 0x65, 0x14, 0x1D, 0x30, 0xE7, 0x40, 0x29, 0xD4, 0x52,
    0xC4, 0x40, 0x0E, 0x60, 0x91, 0x05, 0x51, 0x51, 0x96, 0x54, 0x34, 0x15, 0x51, 0x10, 0x11, 0x7A,
    0x48, 0x61, 0x48, 0xF9, 0x2A, 0x99, 0x99, 0xB0, 0x5F, 0x99, 0xAC, 0x2C, 0xED, 0xCE, 0x9C, 0x4A,
    0x98, 0x94, 0x18, 0x88, 0x86, 0xD8, 0x89, 0x84, 0x26, 0x63, 0xBB, 0x63, 0x9C, 0xA0, 0x37, 0xA6,
    0xD6, 0x91, 0x69, 0xBB, 0x95, 0x68, 0x42, 0x79, 0xDE, 0x55, 0x62, 0xD3, 0x52, 0xCB, 0xD0, 0xEE,
    0xBC, 0x7A, 0x5C, 0xF0, 0x57, 0x4C, 0xC8, 0xB4, 0x0F, 0xCA, 0xA3, 0x98, 0x7D, 0x03, 0xB8, 0x4F,
    0x02, 0xA8, 0x53, 0xE6, 0xF2, 0x47, 0x97, 0x05, 0x70, 0x84, 0xBF, 0xC4, 0x17, 0x34, 0x11, 0x68,
    0x49, 0x49, 0x05, 0xAD, 0xC4, 0xB4, 0x7A, 0x8C, 0x36, 0x07, 0x37, 0x40, 0xCB, 0x0C, 0x41, 0x0A,
    0x81, 0xA1, 0x93, 0x95, 0xA1, 0x7F, 0x18, 0xAB, 0x3D, 0x85, 0x9F, 0xEF, 0xF5, 0x96, 0x9F, 0xE0,
    0x2A, 0xA6, 0xF0, 0xBE, 0xBC, 0xC9, 0xE0, 0xE5, 0x2C, 0x85, 0xD1, 0xBA, 0x5F, 0xAE, 0x48, 0x0C,
    0xE6, 0xF7, 0x0B, 0x20, 0xE8, 0x25, 0x30, 0xE8, 0x43, 0xA8, 0xE8, 0x61, 0x46, 0xBD, 0xA5, 0x30,
    0x21, 0x31, 0x54, 0x4C, 0x2C, 0x33, 0x98, 0x38, 0x85, 0xD1, 0x67, 0xD5, 0x6C, 0xFD, 0x94, 0x31,
    0x10, 0x75, 0x24, 0xD6, 0x52, 0x0E, 0xF8, 0xCF, 0xDC, 0x88, 0xAB, 0xBF, 0x27, 0xE6, 0x21, 0x69,
    0xE4, 0x2F, 0x28, 0x75, 0xC9, 0x7C, 0x13, 0xC6, 0xFC, 0x26, 0x6C, 0x16, 0x45, 0x1B, 0x51, 0x6F,
    0x64, 0x2A, 0x25, 0xD9, 0xAF, 0x44, 0xB3, 0x64, 0x0C, 0xC4, 0x31, 0x61, 0x97, 0xB1, 0x5F, 0x5D,
    0x42, 0xB3, 0x70, 0x7B, 0x0C, 0x44, 0x99, 0x0D, 0xD1, 0xF7, 0x1C, 0xCC, 0xA1, 0x0C, 0x6C, 0x23,
    0x1C, 0xEA, 0x4A, 0x3E, 0x94, 0x09, 0xE8, 0x65, 0xA7, 0x90, 0x7F, 0x18, 0x90, 0xDB, 0x37, 0x32,
    0xEE, 0x04, 0x25, 0x07, 0x03, 0x66, 0x3E, 0xFF, 0xB9, 0x3A, 0xC5, 0xF5, 0xD5, 0xFF, 0x5D, 0x4B,
    0x74, 0x54, 0x5B, 0x49, 0xA0, 0x89, 0xDF, 0xAF, 0x34, 0xF1, 0x1F, 0x74, 0xD1, 0xDB, 0x2D, 0xBF,
    0x49, 0x7E, 0xE7, 0xFA, 0xEA, 0x3F, 0xAD, 0x53, 0x6C, 0xE5, 0xEF, 0x12, 0x76, 0xF9, 0xC0, 0xB1,
    0xA3, 0xF2, 0x57, 0x0F, 0x35, 0x73, 0x4D, 0x95, 0x1F, 0xE1, 0x9B, 0xB9, 0xF2, 0xDD, 0xC0, 0x62,
    0x11, 0xFB, 0x68, 0xFB, 0x68, 0x78, 0xF2, 0x5A, 0x2B, 0xE7, 0x0D, 0xE8, 0x95, 0x9B, 0x40, 0x15,
    0xFA, 0x01, 0xCD, 0xDC, 0x4E, 0xE8, 0x6C, 0xBD, 0xE0, 0x75, 0xE0, 0x5E, 0xB5, 0x02, 0xFD, 0xF7,
    0x66, 0xA0, 0x7D, 0x68, 0x81, 0x3A, 0x5F, 0xB2, 0x01, 0x68, 0x1E, 0x72, 0x74, 0xBE, 0x37, 0x01,
    0x77, 0xAA, 0x05, 0x69, 0xB9, 0x83, 0x66, 0x46, 0x3F, 0x74, 0x16, 0xED, 0x74, 0x0C, 0xD4, 0xE1,
    0x39, 0x00, 0x87, 0x59, 0x72, 0x23, 0x63, 0xE7, 0x69, 0xDD, 0x24, 0x74, 0x22, 0xC5, 0xFA, 0xC0,
    0x87, 0xBC, 0x4C, 0x70, 0x53, 0x2B, 0xB4, 0xDE, 0xC9, 0xAA, 0x04, 0xE6, 0x21, 0xAD, 0xBB, 0x1F,
    0x24, 0xEB, 0xD5, 0x4E, 0xEB, 0x2A, 0xD2, 0x7A, 0xBB, 0xD0, 0xBA, 0x9E, 0x69, 0xDD, 0x78, 0x5A,
    0x77, 0x03, 0xAD, 0xEF, 0xB4, 0xFE, 0x51, 0xA4, 0xF5, 0x8F, 0x17, 0x5A, 0x97, 0x00, 0xF1, 0x46,
    0x3C, 0xAD, 0xE7, 0x5B, 0x6F, 0x9B, 0xAD, 0xAB, 0x6C, 0xBD, 0x11, 0xD9, 0x39, 0x1D, 0x68, 0xBD,
    0xDC, 0x8D, 0x1A, 0x5C, 0x6C, 0xAF, 0xA0, 0xB8, 0x3C, 0x7C, 0x8F, 0x91, 0xE9, 0xF0, 0x35, 0xA6,
    0x8E, 0x9F, 0xFF, 0x16, 0x03, 0x88, 0x2C, 0x5A, 0xA2, 0x93, 0xD0, 0x4A, 0x6C, 0x76, 0x60, 0x1C,
    0xDA, 0x0D, 0x70, 0xE0, 0xD0, 0xC9, 0x05, 0xE4, 0x13, 0x85, 0xDC, 0xFD, 0x42, 0x22, 0x3E, 0x4B,
    0xCE, 0x71, 0x86, 0x5A, 0x31, 0xCE, 0x68, 0x16, 0xD6, 0x41, 0x4B, 0x07, 0xD0, 0x17, 0xB0, 0x9B,
    0x89, 0xC6, 0x53, 0x8D, 0xB3, 0x18, 0x97, 0x5A, 0x80, 0x5E, 0x24, 0x82, 0x8E, 0xA8, 0xF0, 0xA9,
    0x9F, 0x20, 0xB7, 0xCA, 0x12, 0xF5, 0x85, 0x77, 0x08, 0x99, 0xCE, 0x3F, 0xBA, 0xB4, 0x73, 0x19,
    0x8F, 0xEB, 0xAB, 0xBF, 0x4C, 0x8E, 0x46, 0x88, 0x5A, 0x06, 0x9A, 0x10, 0x5B, 0xBE, 0xAD, 0x94,
    0x4F, 0x2B, 0x09, 0x4F, 0xEB, 0xD3, 0x6B, 0xAB, 0x3F, 0x7F, 0x74, 0xA8, 0xF2, 0x57, 0x06, 0x25,
    0x4C, 0x5A, 0xEF, 0xED, 0x7A, 0xE1, 0x83, 0xC3, 0x75, 0xAE, 0x9C, 0x81, 0xA8, 0xE7, 0x0B, 0x95,
    0xE3, 0x73, 0xE5, 0x1C, 0x7E, 0x7E, 0x0A, 0x97, 0xDB, 0x28, 0xB1, 0x97, 0x68, 0x64, 0xCD, 0x33,
    0x77, 0xA8, 0x04, 0x95, 0x58, 0x45, 0xD9, 0x5E, 0x2F, 0xC4, 0x7E, 0x46, 0x12, 0x37, 0x7A, 0x32,
    0x0A, 0x12, 0x7E, 0xB4, 0x01, 0xE8, 0x64, 0x21, 0xA5, 0x90, 0xB3, 0xCD, 0x49, 0x1A, 0x41, 0x49,
    0xF5, 0xF9, 0x7F, 0x70, 0x1E, 0x70, 0x25, 0xF6, 0x44, 0x25, 0x62, 0x33, 0xFA, 0xF3, 0xCF, 0xFA,
    0x4E, 0xE6, 0xCF, 0x5E, 0x25, 0xBF, 0x1B, 0x88, 0x4C, 0xD6, 0xAD, 0xFD, 0x06, 0xF4, 0x4B, 0x23,
    0x54, 0x92, 0xA4, 0x26, 0xAC, 0xCF, 0x71, 0x9C, 0x6B, 0x01, 0xDC, 0xA4, 0x84, 0x9A, 0xDB, 0x8D,
    0xC8, 0x3C, 0xF2, 0x5E, 0xF9, 0xD7, 0xA6, 0x0C, 0xA8, 0x45, 0x1E, 0x5C, 0xFE, 0xDF, 0xF4, 0x28,
    0x4B, 0x4E, 0x9B, 0x55, 0xF1, 0x50, 0x91, 0x27, 0xC2, 0xE0, 0xBC, 0xF3, 0xF9, 0x74, 0x33, 0x01,
    0xCD, 0xC6, 0x40, 0x55, 0x39, 0x2C, 0x1C, 0x0D, 0xF4, 0x01, 0x2E, 0x87, 0x96, 0x56, 0xCC, 0x3C,
    0xFE, 0x0A, 0x29, 0xFC, 0xEB, 0x0E, 0x86, 0xB3, 0x98, 0x33, 0x9C, 0xE5, 0x3D, 0x77, 0x26, 0x96,
    0xC1, 0x67, 0x9F, 0x62, 0xC7, 0x98, 0x83, 0x16, 0x86, 0xA1, 0x16, 0x8F, 0x4A, 0x9A, 0x29, 0x85,
    0x5A, 0xBA, 0xD9, 0x31, 0xF4, 0x5E, 0x06, 0xA8, 0xBD, 0xFF, 0x70, 0x07, 0xD4, 0xA6, 0x29, 0x54,
    0x45, 0x70, 0x66, 0xB5, 0x45, 0xAD, 0x0E, 0x25, 0x78, 0xA2, 0x91, 0x81, 0x21, 0xD3, 0x02, 0xFD,
    0x9C, 0x03, 0x1A, 0xC6, 0xDC, 0x91, 0x2D, 0x55, 0x54, 0xD4, 0x50, 0x0E, 0xD6, 0x0B, 0x2E, 0xB4,
    0x46, 0xC4, 0x63, 0x14, 0x0A, 0x79, 0x53, 0xD0, 0x46, 0x25, 0xE8, 0x16, 0xB5, 0xB3, 0x97, 0x37,
    0x8C, 0x73, 0x13, 0xE1, 0x7C, 0x1B, 0x21, 0x05, 0xF4, 0x4A, 0x58, 0x08, 0xF4, 0xDF, 0x07, 0x98,
    0xC9, 0x85, 0xAF, 0x77, 0x22, 0x12, 0x94, 0xBC, 0xB5, 0x0F, 0x4C, 0x42, 0x28, 0xDD, 0x67, 0xCB,
    0x88, 0xA2, 0x63, 0xDE, 0xD7, 0x71, 0xA5, 0x79, 0x73, 0x79, 0x19, 0x1A, 0x96, 0x0D, 0xA8, 0xA3,
    0x00, 0x4D, 0x30, 0xEC, 0xA4, 0xCE, 0x5E, 0x65, 0x5E, 0x79, 0x71, 0x2E, 0x95, 0xAC, 0x45, 0x80,
    0x6F, 0x35, 0x54, 0x80, 0x2B, 0xB5, 0xAA, 0x42, 0xE7, 0xA1, 0x57, 0x33, 0x17, 0xE0, 0xEE, 0x55,
    0xA7, 0x44, 0xB6, 0xD5, 0x0B, 0x80, 0xDB, 0x7A, 0x00, 0x16, 0x6D, 0x81, 0xC0, 0xAD, 0xB5, 0x07,
    0xE0, 0xF2, 0xD1, 0xF9, 0x2A, 0x15, 0x34, 0xE2, 0xFA, 0x15, 0x64, 0x14, 0x41, 0x2D, 0x8D, 0x4C,
    0x32, 0x90, 0x75, 0x90, 0xA1, 0x0B, 0x6A, 0xAF, 0x04, 0x66, 0x56, 0xB1, 0x49, 0xDC, 0x53, 0x13,
    0xC7, 0x40, 0x76, 0xD9, 0x07, 0x12, 0xEE, 0x27, 0x60, 0x28, 0x93, 0x2F, 0x85, 0x3F, 0x82, 0xF8,
    0x2E, 0xE0, 0x79, 0x38, 0x6F, 0x96, 0x2A, 0xC2, 0x7C, 0x28, 0xFB, 0xCB, 0x0B, 0x3A, 0xF9, 0x98,
    0x92, 0x13, 0xA3, 0x5B, 0x01, 0x70, 0x5A, 0x3B, 0x99, 0x95, 0xB8, 0xA0, 0x63, 0x3F, 0xF7, 0x41,
    0x5B, 0x33, 0x03, 0xE3, 0xE5, 0xB7, 0x66, 0xAE, 0x56, 0x7C, 0xED, 0x9D, 0xD7, 0xDE, 0xFC, 0xD6,
    0xD9, 0x4E, 0x36, 0x24, 0x6D, 0x48, 0xF4, 0xC0, 0xB1, 0x05, 0x78, 0x51, 0xCB, 0x75, 0x42, 0x2B,
    0xBE, 0x4C, 0x07, 0x03, 0xA0, 0xDC, 0x53, 0xCB, 0x14, 0xAD, 0x04, 0xC0, 0x85, 0x41, 0x6C, 0x85,
    0x46, 0xA7, 0x7A, 0xEB, 0x42, 0xBB, 0xEA, 0x45, 0x87, 0x3E, 0x98, 0x79, 0x9C, 0xCD, 0x07, 0x62,
    0x9D, 0x44, 0x14, 0x5F, 0xE0, 0xFA, 0x75, 0xF1, 0xD5, 0x9C, 0xAC, 0xCE, 0x66, 0x36, 0x53, 0x27,
    0x3B, 0x6A, 0x99, 0x01, 0x54, 0x6B, 0x19, 0x31, 0x92, 0x53, 0x80, 0x00, 0x6A, 0xC1, 0x57, 0xC7,
    0x9F, 0x6F, 0x56, 0x13, 0x1A, 0x09, 0xD0, 0xFF, 0x16, 0x60, 0x5E, 0x5C, 0xB1, 0x21, 0x7E, 0x65,
    0xFC, 0xFD, 0xB0, 0xF1, 0x63, 0x03, 0xD7, 0xBC, 0x0D, 0x7C, 0x65, 0xDA, 0x5B, 0x4E, 0x1A, 0x8E,
    0x42, 0x2D, 0x03, 0xFA, 0x09, 0x75, 0xC8, 0xCF, 0xC5, 0xA1, 0x17, 0x6B, 0x58, 0xAB, 0x48, 0x8B,
    0x4A, 0xCB, 0x0E, 0xB5, 0xB1, 0x0B, 0xDB, 0xF2, 0x3D, 0x61, 0x85, 0x5E, 0xD0, 0x05, 0xF4, 0xE1,
    0x5D, 0x2D, 0xA1, 0x91, 0xA1, 0x0C, 0xA2, 0x58, 0xD6, 0x0B, 0xE9, 0xC8, 0x85, 0xFB, 0x00, 0x0A,
    0x1D, 0x12, 0x1F, 0x12, 0x21, 0xE9, 0xB8, 0x92, 0x93, 0xA4, 0x64, 0x25, 0xED, 0xE1, 0x0B, 0xCD,
    0x0A, 0x52, 0x93, 0x9B, 0xE4, 0x48, 0xEC, 0xC8, 0xF4, 0xDD, 0x02, 0x98, 0x15, 0x90, 0x08, 0x15,
    0x77, 0xB4, 0x61, 0x44, 0x67, 0xFB, 0xE1, 0xAB, 0xE2, 0x6F, 0xE6, 0xCE, 0xEA, 0xC5, 0x4C, 0x5C,
    0xB9, 0x0D, 0x7C, 0x85, 0xDA, 0x9F, 0x0A, 0xA0, 0xF0, 0x1B, 0x40, 0xB7, 0xE7, 0xEB, 0x37, 0xE4,
    0xE2, 0xAF, 0x44, 0x26, 0x54, 0x3B, 0xCB, 0xDE, 0xD2, 0xDF, 0xD3, 0x42, 0x83, 0x74, 0xB8, 0x37,
    0x5B, 0xA2, 0x4B, 0x49, 0xFA, 0xA0, 0xF2, 0x4C, 0x96, 0xF2, 0x38, 0x17, 0x5F, 0x60, 0x4F, 0xD0,
    0x6C, 0x17, 0xEE, 0x16, 0x6E, 0xE2, 0x3D, 0x22, 0x8C, 0xE5, 0xB6, 0x8B, 0xF2, 0xFF, 0x58, 0xB8,
    0x17, 0x42, 0xB9, 0x17, 0xB7, 0x22, 0x03, 0x74, 0xBD, 0xE1, 0x33, 0xED, 0x48, 0xFE, 0x56, 0x06,
    0x23, 0x4E, 0xFC, 0x9F, 0xC8, 0x2E, 0x53, 0x2D, 0x33, 0xD3, 0x0C, 0xAE, 0x64, 0x50, 0x8F, 0x32,
    0xD8, 0x36, 0x56, 0x32, 0xE8, 0xB5, 0x16, 0xE8, 0x45, 0x09, 0x3A, 0xAA, 0xEA, 0x43, 0xC3, 0xDB,
    0x57, 0xBB, 0xC1, 0xCC, 0xAD, 0x44, 0x33, 0x31, 0xA9, 0xB6, 0xA0, 0x79, 0x00, 0xDD, 0x7A, 0xFE,
    0xB7, 0x8F, 0xB3, 0xE0, 0x84, 0xBF, 0x5C, 0xB6, 0x16, 0x70, 0xB2, 0x24, 0xAB, 0x89, 0x40, 0x47,
    0xF2, 0x65, 0xAB, 0xA1, 0x16, 0x8C, 0x53, 0x02, 0x57, 0xAC, 0x1E, 0xA0, 0xA5, 0x1A, 0x1D, 0xBF,
    0xC0, 0x2A, 0xEE, 0x81, 0xDB, 0xE5, 0xF9, 0x5E, 0xCA, 0x05, 0xA3, 0xCD, 0x53, 0xFF, 0x4A, 0xF3,
    0x9A, 0x19, 0x80, 0x04, 0xEE, 0x2F, 0x40, 0xFB, 0x51, 0x04, 0x3A, 0x9F, 0xC0, 0xE0, 0xF5, 0xAB,
    0xCC, 0x5B, 0x6F, 0xAD, 0x2D, 0xFB, 0x46, 0x36, 0xE0, 0xB5, 0x96, 0x7E, 0x71, 0xA5, 0x56, 0xB5,
    0x37, 0xB4, 0x2B, 0x36, 0x03, 0x77, 0xAF, 0x3C, 0x25, 0x4A, 0x0A, 0x67, 0x0F, 0xF8, 0xD9, 0xA4,
    0x4E, 0x52, 0xB3, 0x23, 0x71, 0xC0, 0xA1, 0xFD, 0xBF, 0xD7, 0x3E, 0x47, 0xB8, 0x4B, 0xC9, 0xEB,
    0x23, 0xC9, 0x9A, 0x92, 0x35, 0x25, 0x1B, 0x4A, 0xBE, 0x4F, 0xC9, 0xBF, 0x11, 0xC8, 0xD9, 0x2F,
    0x12, 0xFC, 0xEC, 0x2C, 0xC1, 0xBF, 0xBC, 0x94, 0x80, 0xD6, 0x24, 0x52, 0xF2, 0x72, 0x49, 0xB2,
    0xA6, 0xE4, 0x9C, 0xE2, 0xF6, 0xE1, 0xC3, 0x5B, 0xBD, 0x02, 0x89, 0xFA, 0xFC, 0xF5, 0xDB, 0x4D,
    0x00, 0xDA, 0x25, 0x27, 0x3F, 0xDC, 0x61, 0xD0, 0x8B, 0x65, 0xD6, 0x81, 0x1D, 0xC5, 0xE9, 0xCE,
    0xD4, 0x6A, 0x87, 0x2B, 0x53, 0xB0, 0x29, 0x53, 0x10, 0x32, 0xE8, 0x58, 0x09, 0x2E, 0xCD, 0x43,
    0xDE, 0x22, 0x92, 0xF0, 0xEE, 0x13, 0xB7, 0x3D, 0xA3, 0x45, 0x24, 0xD6, 0xF2, 0x86, 0x9C, 0xE4,
    0xE1, 0x3A, 0xAF, 0xCE, 0xA9, 0x64, 0x2F, 0x79, 0x7B, 0x7B, 0xA5, 0x79, 0x9B, 0x8D, 0xB9, 0x69,
    0xD8, 0x08, 0x00, 0x31, 0x16, 0x75, 0xEC, 0x7C, 0xFE, 0x14, 0x73, 0x85, 0x79, 0xAB, 0xB5, 0x99,
    0xA1, 0x36, 0xBD, 0x14, 0xC8, 0xBB, 0x00, 0xAE, 0xB6, 0x8B, 0x11, 0x71, 0x78, 0xA1, 0x8C, 0x17,
    0xDE, 0x33, 0x87, 0xCF, 0xBD, 0x56, 0x00, 0xE8, 0x67, 0x18, 0xAB, 0x64, 0x85, 0x0B, 0xD5, 0xAD,
    0x08, 0xF1, 0x49, 0x6A, 0x2D, 0xBC, 0x5E, 0x45, 0xA0, 0x16, 0x8E, 0x4E, 0x25, 0x9A, 0x0C, 0xD2,
    0x4F, 0x44, 0xE7, 0x89, 0xA5, 0x6E, 0x04, 0x00, 0xC6, 0x8D, 0x68, 0x62, 0xC6, 0xE5, 0x90, 0xD0,
    0xF8, 0x43, 0x91, 0x0B, 0x80, 0x3F, 0x27, 0x23, 0x9C, 0x5E, 0x89, 0x32, 0x67, 0x24, 0x4B, 0xBF,
    0x82, 0xAD, 0x72, 0x33, 0x15, 0x4B, 0xB9, 0x2A, 0xA3, 0x14, 0xB4, 0xE7, 0xF2, 0x2B, 0x01, 0xA8,
    0x6A, 0x0C, 0x80, 0x12, 0xD9, 0x88, 0x6F, 0x48, 0xC2, 0x8D, 0xC7, 0x9B, 0xAC, 0xBF, 0xCD, 0xA8,
    0xD7, 0x0B, 0xB8, 0x54, 0x62, 0xD1, 0xB1, 0x8B, 0xD1, 0xB3, 0xE7, 0x60, 0xE6, 0x26, 0x12, 0xF5,
    0x42, 0x34, 0x13, 0x30, 0x8A, 0x64, 0x41, 0x0F, 0x72, 0xC2, 0x2F, 0x48, 0x4B, 0xEC, 0x85, 0x16,
    0x8D, 0x14, 0xD1, 0xBD, 0xBD, 0xCF, 0xBD, 0x49, 0x0A, 0x9E, 0xFF, 0x02, 0x5C, 0xD7, 0x7E, 0xFE,
    0x1F, 0xD5, 0x9B, 0x31, 0xB0, 0xE5, 0x46, 0x95, 0xFE, 0x3F, 0xA9, 0xED, 0xA7, 0x3F, 0xA3, 0xAA,
    0x7F, 0x3B, 0xC0, 0xBB, 0x30, 0xAE, 0xDD, 0x9B, 0x10, 0x2C, 0x2E, 0x40, 0x79, 0x15, 0x9E, 0x16,
    0x10, 0x10, 0x6C, 0x80, 0x83, 0x75, 0xB2, 0x1B, 0xE0, 0x60, 0x83, 0x5D, 0x36, 0x98, 0xBC, 0x8A,
    0x45, 0x02, 0x6A, 0xCB, 0x01, 0x01, 0x93, 0x27, 0x3B, 0x81, 0x03, 0x3C, 0xC9, 0x6C, 0x40, 0x40,
    0x60, 0x8F, 0xDA, 0x9E, 0x80, 0x60, 0x83, 0xD5, 0x92, 0x92, 0x88, 0x02, 0x4C, 0x40, 0x80, 0xC0,
    0xA2, 0xD0, 0x60, 0x49, 0xDF, 0xBE, 0xEF, 0x34, 0x57, 0x75, 0xEB, 0xF9, 0xB9, 0xF0, 0xC0, 0x3C,
    0xFB, 0xD1, 0x35, 0xF7, 0x3B, 0xF2, 0xBD, 0xD7, 0xB7, 0xCF, 0xF9, 0x9D, 0x2E, 0xB5, 0xCE, 0x91,
    0x1E, 0x90, 0xBD, 0xF4, 0xD2, 0x8B, 0x00, 0x1C, 0x39, 0x27, 0x33, 0x01, 0xC8, 0xEF, 0xDD, 0xBB,
    0x8B, 0xF7, 0x8C, 0x1B, 0xE9, 0xBD, 0xC3, 0x6C, 0x26, 0x2C, 0x66, 0xBA, 0x64, 0x68, 0x26, 0x4F,
    0xC6, 0x71, 0x95, 0xF1, 0xBF, 0xDB, 0xEC, 0xFB, 0x3F, 0xA5, 0x4C, 0x78, 0x68, 0xA6, 0xFB, 0xB6,
    0x19, 0xE6, 0xAC, 0x01, 0xB7, 0x66, 0x6C, 0x81, 0x82, 0x94, 0xF1, 0x24, 0x23, 0x50, 0x0D, 0x90,
    0x09, 0xD1, 0x0C, 0x5B, 0x74, 0x3D, 0x32, 0x02, 0xCD, 0x00, 0xB7, 0x02, 0x61, 0x44, 0xB9, 0x98,
    0xE9, 0xD8, 0x3A, 0x12, 0x64, 0x94, 0x81, 0x27, 0xFB, 0x5D, 0x22, 0x2E, 0x8C, 0x42, 0xEF, 0x35,
    0x64, 0x9D, 0xF3, 0xDC, 0x83, 0x72, 0x71, 0xC4, 0x61, 0x72, 0x1B, 0xC2, 0xE8, 0x56, 0x34, 0x43,
    0xB1, 0xA0, 0x8B, 0xE5, 0x02, 0x26, 0xF1, 0xB3, 0x64, 0x92, 0x8C, 0xE8, 0x62, 0x35, 0x22, 0xF4,
    0xDD, 0xF8, 0xCC, 0x81, 0xE4, 0xE8, 0xF8, 0x9D, 0xAD, 0x06, 0x30, 0xE2, 0xFB, 0x00, 0x30, 0x65,
    0xA3, 0xCC, 0x76, 0x7B, 0xB0, 0xF0, 0xD2, 0xCC, 0x81, 0x52, 0x9C, 0xDD, 0xFD, 0x0B, 0xE2, 0x97,
    0xB7, 0x59, 0x0B, 0x17, 0x5D, 0x84, 0x1B, 0x0F, 0x11, 0xF6, 0x5E, 0x66, 0x9E, 0x34, 0xC3, 0xD5,
    0x92, 0xBC, 0xE6, 0x60, 0x34, 0x63, 0x6D, 0xE6, 0x05, 0x53, 0xCC, 0xA6, 0xF9, 0x94, 0xCC, 0xFC,
    0xA2, 0x19, 0x26, 0x48, 0x5D, 0x7B, 0x15, 0x84, 0x34, 0xA3, 0xEB, 0xE5, 0x48, 0xAB, 0xC0, 0xF5,
    0x56, 0xF5, 0x1F, 0x12, 0x02, 0x28, 0x93, 0x3F, 0x9F, 0x30, 0xA5, 0xC4, 0x99, 0x96, 0x06, 0xAB,
    0x4A, 0xEB, 0x52, 0x82, 0x57, 0xB1, 0x8F, 0xEC, 0x6B, 0x77, 0x94, 0x59, 0xF1, 0x71, 0xFC, 0x79,
    0x37, 0xE0, 0xB0, 0xC0, 0xF7, 0x62, 0xE1, 0x7B, 0xB1, 0xF3, 0xD1, 0x11, 0xE7, 0xAA, 0x1F, 0xB9,
    0x51, 0x7B, 0xC3, 0x5F, 0x4D, 0x80, 0x01, 0xDA, 0xB5, 0x49, 0x9A, 0xA6, 0x30, 0xB5, 0x63, 0xFB,
    0xF4, 0x07, 0xA6, 0x8B, 0xFE, 0xAF, 0x6C, 0x86, 0x5F, 0xE0, 0x66, 0x14, 0x84, 0x9B, 0x90, 0xF1,
    0xD1, 0xED, 0x51, 0xCE, 0x53, 0x3E, 0x98, 0x23, 0xFA, 0x22, 0xDC, 0x06, 0x78, 0x65, 0x62, 0x02,
    0xBA, 0x1A, 0xF9, 0x8C, 0x7D, 0x94, 0x4A, 0x17, 0x07, 0xC7, 0x6E, 0xF4, 0x4B, 0x35, 0x54, 0xA3,
    0x6F, 0xC3, 0x00, 0x34, 0x3D, 0xD0, 0x29, 0x99, 0xFB, 0x0B, 0x2D, 0x63, 0x1E, 0xBB, 0xE8, 0x63,
    0xF8, 0x6D, 0xD7, 0x1E, 0xB8, 0xA2, 0xA0, 0xC0, 0xE1, 0xE6, 0x1D, 0xEC, 0x0E, 0x73, 0x32, 0x48,
    0x0A, 0xAA, 0x1C, 0xA5, 0x87, 0xF8, 0x00, 0xC0, 0xF3, 0x78, 0xFE, 0xDA, 0xF2, 0x69, 0x14, 0xDD,
    0x00, 0xC7, 0x11, 0xFE, 0x9D, 0x19, 0xD5, 0x37, 0x17, 0x7C, 0x03, 0x6F, 0x3C, 0x41, 0x3E, 0x1F,
    0x93, 0x20, 0xB4, 0xC7, 0xC9, 0x4C, 0xF7, 0x77, 0x6E, 0x20, 0x8D, 0x6B, 0xCB, 0xE7, 0x16, 0x00,
    0xD6, 0x00, 0x5B, 0xB3, 0xF6, 0xDF, 0xC0, 0x93, 0xE3, 0x73, 0xA3, 0x3D, 0x6B, 0x01, 0xDF, 0x57,
    0xE7, 0x5A, 0x8C, 0xDD, 0xBE, 0x7E, 0x32, 0x5A, 0x08, 0x89, 0xE1, 0xD7, 0xEA, 0xEB, 0xCA, 0xE7,
    0xD0, 0x56, 0x35, 0x7C, 0xBF, 0x01, 0xE5, 0x3B, 0x8B, 0x7C, 0x1F, 0x25, 0x51, 0xFE, 0xD7, 0x17,
    0x39, 0x09, 0x14, 0x44, 0x0A, 0x42, 0x05, 0xB1, 0x82, 0x60, 0x19, 0x2D, 0xC3, 0x05, 0x9E, 0x4A,
    0x0B, 0x21, 0x83, 0x98, 0x41, 0xD0, 0x20, 0x6A, 0xC7, 0x65, 0x75, 0xD6, 0xE6, 0x77, 0x00, 0x37,
    0xFA, 0x78, 0xAE, 0x73, 0x23, 0x32, 0xDB, 0x6A, 0xC4, 0x66, 0x69, 0x37, 0x4A, 0x9F, 0x6F, 0x81,
    0xD3, 0x41, 0x72, 0x90, 0x1B, 0x64, 0x8D, 0x72, 0xCD, 0x38, 0xA0, 0x5C, 0x50, 0x59, 0x90, 0xE9,
    0x5F, 0xB9, 0x69, 0xB7, 0x70, 0x54, 0xF0, 0xD2, 0x51, 0x1A, 0x8E, 0x5A, 0x50, 0xFE, 0x96, 0x9B,
    0x1C, 0xF6, 0xAB, 0x3C, 0xF6, 0x8B, 0x1C, 0x3D, 0xCC, 0xD2, 0x30, 0xDA, 0xB9, 0x5F, 0x59, 0xC8,
    0xD8, 0xE6, 0xAC, 0xCB, 0x0D, 0x8E, 0x68, 0x26, 0xFC, 0x9B, 0x4D, 0xD8, 0x91, 0x3F, 0xB3, 0x0C,
    0xDE, 0x1F, 0x37, 0xC0, 0xF3, 0x27, 0x0B, 0x70, 0xD6, 0xFD, 0x68, 0x11, 0x80, 0x87, 0xA3, 0x7C,
    0xFE, 0xA1, 0x60, 0xF0, 0xBF, 0xA3, 0xF4, 0xBB, 0x2D, 0x0A, 0x25, 0xD9, 0xCE, 0xF7, 0xC8, 0xF9,
    0x25, 0x22, 0x9D, 0xF1, 0x71, 0x98, 0xA4, 0x61, 0x74, 0x9B, 0xC8, 0xB9, 0x55, 0xE8, 0x8A, 0x45,
    0xC4, 0x4A, 0x53, 0x2F, 0x6D, 0xFD, 0x6C, 0xC7, 0x93, 0x3E, 0x55, 0x3E, 0x43, 0xCF, 0x73, 0x3D,
    0x90, 0xEF, 0x0E, 0x28, 0xF8, 0xF7, 0x5B, 0xFD, 0x67, 0xD1, 0x38, 0x90, 0x63, 0x61, 0xFA, 0xE7,
    0xD2, 0x38, 0x53, 0xA6, 0x6E, 0xD0, 0x96, 0x41, 0x44, 0x4E, 0x32, 0x89, 0x62, 0x30, 0x11, 0x86,
    0x5A, 0x14, 0x04, 0xE1, 0xE2, 0xAE, 0x27, 0x00, 0x8B, 0xC5, 0xBF, 0xEF, 0x7A, 0x8B, 0x05, 0x6F,
    0xB1, 0x5B, 0xE8, 0x16, 0x79, 0x0A, 0x3C, 0xC5, 0x8D, 0x67, 0x5F, 0x7A, 0x09, 0x16, 0xF7, 0xAE,
    0xF7, 0xEE, 0xBD, 0x86, 0x4B, 0x06, 0x8D, 0x90, 0x00, 0xF5, 0xDA, 0xF4, 0x7C, 0x44, 0xB9, 0x48,
    0xFD, 0x51, 0x9F, 0x3E, 0x5E, 0x5C, 0x54, 0xB3, 0x1B, 0xCE, 0x75, 0x92, 0x86, 0xB1, 0xEC, 0x81,
    0x40, 0xC6, 0xA3, 0x76, 0x83, 0x97, 0xF6, 0xBE, 0x55, 0x4E, 0x0E, 0xB5, 0x14, 0x29, 0xB8, 0x8F,
    0x23, 0x3B, 0xD7, 0x37, 0x90, 0xB3, 0xC6, 0x22, 0x40, 0x58, 0x14, 0x2B, 0x17, 0x9B, 0x76, 0xB6,
    0xF4, 0x9B, 0x93, 0xE4, 0x76, 0xE1, 0xC4, 0xA3, 0xCF, 0xFA, 0x7C, 0x3D, 0x8C, 0xE5, 0xEC, 0x27,
    0x3F, 0x56, 0x63, 0x18, 0x9A, 0x21, 0xFC, 0x88, 0x6D, 0xC7, 0x05, 0xDC, 0xEA, 0xE3, 0x89, 0xE7,
    0x19, 0xC6, 0x6C, 0xE8, 0x62, 0x39, 0x84, 0x21, 0xF4, 0x07, 0x6E, 0xC8, 0x8D, 0xF6, 0x67, 0xE1,
    0xE5, 0x38, 0x6E, 0x49, 0xDF, 0xB6, 0xCD, 0x8A, 0x93, 0xFD, 0x70, 0x0F, 0x00, 0xAF, 0x5D, 0x43,
    0x16, 0x9F, 0xC0, 0xC7, 0x70, 0x0B, 0x9F, 0x43, 0xA8, 0x5F, 0x47, 0xC5, 0x19, 0x9E, 0x83, 0xBE,
    0xFC, 0xE4, 0x98, 0xE0, 0xE3, 0x12, 0xF0, 0x7D, 0xF4, 0xEF, 0x70, 0x5D, 0x57, 0x09, 0xFE, 0x3D,
    0x39, 0x99, 0xD1, 0xAC, 0xFE, 0xFB, 0x09, 0xAE, 0x96, 0x6B, 0x12, 0x63, 0x2A, 0x88, 0x8A, 0x28,
    0x3D, 0x48, 0x10, 0x92, 0xFE, 0x3F, 0xD3, 0x55, 0xEA, 0xE7, 0x3F, 0x37, 0xDA, 0x09, 0x28, 0x23,
    0xF0, 0x39, 0x00, 0x5F, 0x07, 0xB0, 0xE8, 0xF5, 0x32, 0xC0, 0x31, 0xED, 0x53, 0xB8, 0x89, 0x9B,
    0x0A, 0xB3, 0x7D, 0xA0, 0xD9, 0xEC, 0xEC, 0x5D, 0xBE, 0x3B, 0xE2, 0xB8, 0x2F, 0x39, 0xB6, 0xF2,
    0xF4, 0xDE, 0x35, 0x5C, 0x23, 0xA1, 0x0E, 0xC0, 0x21, 0x2E, 0x80, 0xFF, 0xA9, 0x82, 0xE4, 0x90,
    0xB6, 0x6A, 0xE4, 0xBC, 0xB8, 0x56, 0x0C, 0x1F, 0xC4, 0x0F, 0x02, 0x08, 0x11, 0x84, 0x10, 0x42,
    0x0C, 0x21, 0x88, 0x46, 0xD1, 0x66, 0x37, 0x8E, 0x10, 0x48, 0x88, 0x24, 0x84, 0x12, 0x62, 0x99,
    0x96, 0xCE, 0x5E, 0x87, 0x85, 0x69, 0x2F, 0xBF, 0xB2, 0x4D, 0xEA, 0xA6, 0x4D, 0x0C, 0x63, 0x38,
    0x52, 0x3D, 0x8E, 0x7F, 0x54, 0x3D, 0xA1, 0xCD, 0x05, 0x39, 0x7F, 0xAE, 0xCB, 0x85, 0x0D, 0xE5,
    0x88, 0x66, 0x94, 0x32, 0xA2, 0x1C, 0x14, 0x5D, 0xD9, 0x97, 0x9B, 0x2E, 0x03, 0xFC, 0x92, 0xB0,
    0xED, 0x53, 0xEC, 0x97, 0x38, 0x08, 0x9C, 0xBB, 0x11, 0x8D, 0xA9, 0xF6, 0x9E, 0x7D, 0xFF, 0xDA,
    0xA4, 0xC5, 0x8A, 0x6A, 0xB6, 0x3C, 0xD8, 0xBF, 0x82, 0xF5, 0xB9, 0x66, 0x7C, 0x74, 0x7F, 0x06,
    0x2A, 0x9A, 0xEB, 0x5F, 0x7B, 0xD1, 0x80, 0x2C, 0x72, 0x67, 0x3B, 0x96, 0xDF, 0x5B, 0xA8, 0xE1,
    0xE6, 0x4A, 0x7E, 0x28, 0x19, 0xFB, 0xC8, 0xC8, 0x0D, 0x5E, 0x12, 0x46, 0xEA, 0xB2, 0xE5, 0x5C,
    0xD8, 0x32, 0x66, 0xAC, 0x93, 0xD4, 0x19, 0xBF, 0x48, 0x80, 0xAF, 0x2C, 0x9A, 0x60, 0x04, 0x4A,
    0x21, 0xF4, 0x83, 0xDC, 0x1F, 0xED, 0xD7, 0x6B, 0xFD, 0xC8, 0x04, 0x3F, 0x77, 0xDA, 0x6D, 0x0B,
    0xC6, 0x30, 0xC0, 0xA4, 0x89, 0x2A, 0x1F, 0xDB, 0xC3, 0x92, 0x6F, 0x28, 0xF4, 0x15, 0x74, 0x56,
    0xBF, 0x15, 0xAD, 0x8B, 0xE7, 0x1A, 0xBD, 0xF4, 0x51, 0xBA, 0x7A, 0xDC, 0xCC, 0x97, 0x09, 0xA2,
    0x5A, 0x5F, 0x5B, 0xA8, 0x77, 0x70, 0x17, 0xF9, 0x98, 0x8D, 0xC8, 0xE7, 0xB2, 0x57, 0xD8, 0x11,
    0x20, 0xD3, 0xA4, 0x1F, 0x31, 0x54, 0x9C, 0x49, 0x50, 0x45, 0x69, 0x18, 0x76, 0xD5, 0x3B, 0xFB,
    0xA7, 0xC0, 0xB5, 0x45, 0x5B, 0xE8, 0xD0, 0x8F, 0x92, 0xE9, 0x78, 0x64, 0xEF, 0x01, 0x1F, 0x39,
    0xDA, 0x6B, 0x86, 0x2A, 0x8D, 0x55, 0xE2, 0xB8, 0x2B, 0x10, 0x4C, 0x5F, 0xDF, 0x69, 0xEE, 0x49,
    0xB7, 0xAD, 0x66, 0xD9, 0x21, 0xB7, 0xD6, 0x5E, 0xDA, 0xF7, 0x9D, 0xF1, 0x23, 0xE7, 0x9B, 0xBD,
    0x26, 0x45, 0x41, 0x33, 0x9E, 0xF6, 0x66, 0x60, 0x94, 0xE9, 0xBC, 0x4C, 0xB6, 0x94, 0x9A, 0x21,
    0xBF, 0x9B, 0xBF, 0xA7, 0x15, 0x4B, 0x8E, 0x07, 0x12, 0x9D, 0xCC, 0xA6, 0x7D, 0xCA, 0x52, 0xB2,
    0x98, 0x49, 0x55, 0x05, 0x8C, 0x63, 0xAD, 0x98, 0x73, 0x5A, 0x6A, 0x9C, 0xCC, 0x64, 0x26, 0xE1,
    0x47, 0x20, 0x99, 0x0C, 0x17, 0xAB, 0x2E, 0xBD, 0x4C, 0x6F, 0x46, 0x3F, 0x34, 0x9B, 0x39, 0xC8,
    0xB4, 0x56, 0x64, 0xB2, 0x45, 0xD0, 0x7A, 0x48, 0xBF, 0x90, 0x4C, 0xC3, 0xA9, 0x34, 0x57, 0x66,
    0x4F, 0xC2, 0x7E, 0x17, 0x9E, 0x09, 0x0A, 0xD0, 0x85, 0x88, 0x6C, 0xF1, 0xEA, 0x28, 0x5A, 0x30,
    0x36, 0x52, 0x69, 0xA5, 0xAF, 0x8D, 0xC7, 0x7A, 0x36, 0xEC, 0x85, 0xA5, 0x09, 0x5B, 0xC9, 0x57,
    0x37, 0x51, 0x55, 0x4D, 0xF2, 0x5B, 0x46, 0xC7, 0xB6, 0x8B, 0x6E, 0xC3, 0xB9, 0x2C, 0xA0, 0xD5,
    0x11, 0x6D, 0xB9, 0x64, 0xAC, 0xFD, 0x9C, 0x13, 0x7E, 0x52, 0xB1, 0xA1, 0x4A, 0xAB, 0x52, 0xB1,
    0x11, 0xC6, 0x62, 0x41, 0x18, 0xCA, 0xE5, 0xA9, 0xD0, 0x97, 0x9C, 0x9B, 0x98, 0x73, 0xF8, 0x00,
    0xD0, 0x32, 0x6A, 0x2C, 0x7F, 0x30, 0x1F, 0x1A, 0xB4, 0xAC, 0xDB, 0x61, 0x84, 0x54, 0x5E, 0xD9,
    0xE2, 0xAF, 0x4D, 0x4E, 0x60, 0xE4, 0x97, 0xC0, 0xD8, 0xEB, 0xA9, 0xD6, 0x3F, 0x16, 0x8C, 0xEC,
    0xCE, 0x19, 0xE0, 0xB7, 0xDB, 0x40, 0x50, 0x1C, 0x0F, 0xBA, 0x09, 0xB8, 0x7B, 0xD6, 0xE2, 0x92,
    0x95, 0x06, 0x74, 0x12, 0x01, 0x33, 0x5C, 0xF0, 0x47, 0x51, 0x98, 0xE2, 0x23, 0x31, 0xEF, 0x77,
    0xB1, 0xA4, 0x76, 0x97, 0x75, 0x0B, 0x5A, 0xD8, 0xBA, 0x34, 0x20, 0x86, 0x43, 0x30, 0x20, 0x14,
    0x40, 0xB6, 0xE5, 0x7D, 0x41, 0x46, 0x41, 0xF9, 0x6C, 0x31, 0x63, 0x1F, 0x37, 0xC5, 0xA2, 0x45,
    0xB0, 0x02, 0x1B, 0xF6, 0x72, 0x69, 0xB1, 0x59, 0xE3, 0xB6, 0x58, 0x92, 0x67, 0x5E, 0xAF, 0x39,
    0x9D, 0x4D, 0x0F, 0xA3, 0x9C, 0xFA, 0x2F, 0xE3, 0x5A, 0x68, 0xC2, 0xB3, 0x7B, 0xAF, 0xC2, 0x73,
    0xB2, 0x37, 0x6E, 0xDC, 0xBB, 0x7B, 0x31, 0x4A, 0x05, 0x69, 0x31, 0xEE, 0x3F, 0xB4, 0x28, 0x3E,
    0x0B, 0xCF, 0xA2, 0x0B, 0xF6, 0x4A, 0xA1, 0x75, 0x17, 0xBB, 0x46, 0xAD, 0x82, 0xDA, 0xFD, 0x52,
    0x44, 0x0A, 0x28, 0x27, 0x1D, 0x37, 0xC7, 0x75, 0x0F, 0xA3, 0x62, 0x1B, 0xD4, 0x15, 0xD6, 0x57,
    0x1D, 0xE1, 0x36, 0xF9, 0x5F, 0x2C, 0xC7, 0x33, 0xE0, 0x2C, 0xD7, 0x0F, 0xA3, 0x1C, 0xF7, 0x1C,
    0xE5, 0xB6, 0x8A, 0x3F, 0x95, 0x7E, 0x2A, 0xFC, 0xE4, 0xBD, 0x15, 0x7D, 0xAF, 0x5D, 0xBD, 0xE7,
    0x75, 0xD6, 0x16, 0xB1, 0x88, 0xC5, 0x70, 0xB0, 0x4E, 0x78, 0x9E, 0x16, 0xFB, 0x93, 0xCB, 0xC6,
    0x15, 0xF9, 0x8D, 0x39, 0xB5, 0xC9, 0x7D, 0x6B, 0x4D, 0x72, 0xEB, 0x91, 0x57, 0x4C, 0x1D, 0x72,
    0x1C, 0xAC, 0x8B, 0xD5, 0x8C, 0xD2, 0xF3, 0xE3, 0x34, 0x9E, 0xAE, 0x9F, 0xB3, 0x9C, 0x9C, 0xFD,
    0xD1, 0x9C, 0xFC, 0xD6, 0x72, 0xB2, 0xD5, 0xD9, 0xA8, 0xBA, 0xE3, 0x00, 0x04, 0xAB, 0x68, 0xC2,
    0x62, 0x4E, 0x5B, 0x45, 0xCA, 0xE3, 0x4B, 0x11, 0xEE, 0x75, 0xE8, 0x55, 0x27, 0xEB, 0x4F, 0x59,
    0x57, 0x72, 0x25, 0xA8, 0xE4, 0x30, 0x3B, 0x9B, 0x4B, 0x39, 0x93, 0x5B, 0xD6, 0x97, 0x3C, 0xB5,
    0x5B, 0x72, 0xB1, 0x58, 0x93, 0x9B, 0xE5, 0x62, 0xAE, 0xDA, 0x67, 0xE1, 0xD4, 0xCE, 0xC9, 0xED,
    0xC3, 0x6C, 0xAE, 0xDB, 0x77, 0xBB, 0x98, 0x3E, 0xE3, 0x6E, 0x9F, 0x15, 0x7E, 0xB0, 0x0D, 0x68,
    0x7A, 0x85, 0x13, 0xC0, 0xA8, 0xA9, 0x1B, 0x58, 0xA7, 0x14, 0xDD, 0x1F, 0x42, 0xE3, 0xAF, 0x56,
    0x28, 0x3C, 0x79, 0xA8, 0x71, 0xF6, 0x1A, 0x52, 0x0E, 0x1F, 0x00, 0x61, 0x50, 0xF1, 0xD4, 0x8C,
    0x39, 0xDB, 0x74, 0x9C, 0xDE, 0xDF, 0x47, 0x4A, 0x2C, 0x3E, 0x8E, 0xF3, 0xDC, 0xDE, 0x5E, 0x10,
    0xF8, 0x05, 0x2E, 0x38, 0xA3, 0x3C, 0xCD, 0x4D, 0x1D, 0xE5, 0xAD, 0xDB, 0xC4, 0xC5, 0xAD, 0x42,
    0x53, 0x2C, 0x8A, 0xA9, 0x5C, 0xE4, 0xA5, 0x5F, 0xE4, 0xA3, 0x9F, 0x4D, 0x27, 0x84, 0x5E, 0x5F,
    0x68, 0xA2, 0x96, 0x40, 0x17, 0xB5, 0x86, 0xD9, 0xA2, 0xD8, 0xEA, 0xB4, 0x67, 0x53, 0x92, 0xAF,
    0x52, 0xB7, 0xE8, 0xF0, 0x4B, 0xF2, 0xD7, 0x73, 0x30, 0x6D, 0x61, 0xDC, 0x4E, 0xAA, 0xAB, 0x6A,
    0x96, 0x36, 0x8B, 0x74, 0xDB, 0x00, 0xB8, 0xB9, 0xD3, 0x57, 0x87, 0x50, 0xAB, 0x11, 0x7C, 0xA3,
    0xC6, 0xE9, 0xB0, 0x24, 0x01, 0x95, 0xD4, 0x92, 0x7F, 0xAC, 0x02, 0xDD, 0xA9, 0x6E, 0xD2, 0x42,
    0x6A, 0x89, 0x54, 0x4A, 0x2E, 0xAA, 0x92, 0x72, 0xDA, 0x60, 0x7E, 0xDA, 0x34, 0x58, 0x32, 0x82,
    0xA5, 0xCB, 0x12, 0x81, 0x46, 0x34, 0xD1, 0xFD, 0x6A, 0x83, 0x65, 0x61, 0xBF, 0x52, 0x39, 0x56,
    0x57, 0xAB, 0xBD, 0x2F, 0xDF, 0x1B, 0xAB, 0xAE, 0x5A, 0x94, 0xFD, 0x5E, 0x5D, 0xE9, 0x4A, 0x25,
    0xB7, 0xCD, 0xE2, 0x64, 0x6B, 0xDF, 0xF7, 0xF7, 0x66, 0xDF, 0xDF, 0x69, 0xD2, 0xEE, 0x52, 0x2B,
    0xB6, 0x63, 0x68, 0xCE, 0x64, 0x93, 0xAC, 0x47, 0xA8, 0xE5, 0xBC, 0x5F, 0x29, 0x0F, 0xC0, 0x27,
    0x2B, 0xAB, 0xB3, 0x8F, 0xBD, 0x84, 0x43, 0xEA, 0x8E, 0xF3, 0x37, 0x64, 0x8F, 0x8E, 0x3F, 0x21,
    0xA3, 0x30, 0x28, 0x3E, 0xEB, 0x34, 0x0A, 0x81, 0xDB, 0x20, 0xE3, 0x67, 0x43, 0x11, 0x06, 0x63,
    0xC1, 0x56, 0xE6, 0x9D, 0x2D, 0x71, 0x9E, 0x92, 0x19, 0x65, 0x1A, 0xF1, 0x16, 0x86, 0x64, 0x7E,
    0x48, 0x19, 0x3E, 0x34, 0xFE, 0x7C, 0x33, 0xB5, 0xCD, 0x5B, 0xF6, 0xF2, 0xB8, 0x6E, 0x46, 0x19,
    0x84, 0xD9, 0x5C, 0x17, 0xED, 0x8E, 0x63, 0xC9, 0x49, 0xC6, 0x9D, 0x9B, 0x0B, 0xF7, 0x05, 0xD0,
    0x24, 0xC3, 0x78, 0x6A, 0x7C, 0x6B, 0x26, 0x98, 0x66, 0x73, 0xA2, 0xD9, 0x4A, 0xB3, 0x6E, 0x38,
    0x2E, 0xA7, 0xEE, 0x32, 0x80, 0x89, 0x5D, 0x57, 0xE7, 0x74, 0x8C, 0x8E, 0x9E, 0xBD, 0xDB, 0xC2,
    0xFD, 0xE8, 0xD6, 0xED, 0xFF, 0xA3, 0xE0, 0x0C, 0xC8, 0x15, 0x78, 0x2E, 0x49, 0x70, 0xD0, 0xBD,
    0xD3, 0xEA, 0xD7, 0x76, 0x21, 0xC2, 0x56, 0xCD, 0x82, 0x88, 0xD0, 0x87, 0xF1, 0x99, 0x26, 0x7A,
    0x8E, 0x5D, 0xCC, 0x79, 0xE7, 0x74, 0xF9, 0xD5, 0xFB, 0x6C, 0x12, 0x2F, 0xA9, 0xCC, 0x45, 0x49,
    0x2B, 0xE9, 0x50, 0xC5, 0x40, 0x70, 0xA8, 0xE8, 0x38, 0xB8, 0xAD, 0xF8, 0x65, 0x74, 0x9B, 0x7F,
    0x13, 0xC5, 0x7A, 0x68, 0x51, 0x2E, 0x01, 0xE7, 0xB2, 0x6A, 0xF2, 0xF9, 0xE8, 0xC1, 0xBB, 0x47,
    0x0F, 0xAA, 0x91, 0x6D, 0x1D, 0xC6, 0xE6, 0xAD, 0x18, 0x86, 0xC0, 0xA8, 0xCE, 0x0E, 0x9A, 0x68,
    0x0B, 0x2D, 0x4B, 0x5E, 0x48, 0x8B, 0x94, 0xB4, 0xB4, 0x70, 0x53, 0xC4, 0x6E, 0x86, 0xEA, 0x8E,
    0x8B, 0x27, 0xD7, 0x24, 0xE5, 0xF6, 0xDE, 0x2B, 0x95, 0x94, 0xF8, 0x4B, 0xAE, 0x54, 0xDE, 0xE7,
    0xBE, 0xC6, 0xAB, 0x60, 0x9B, 0x4F, 0x19, 0x6B, 0x37, 0xE6, 0x84, 0x1B, 0x1D, 0x51, 0x0E, 0x0D,
    0xC9, 0x21, 0xF5, 0x86, 0x50, 0xB6, 0x40, 0x48, 0xE7, 0x65, 0xC7, 0xDA, 0x7E, 0xBF, 0x6A, 0x6D,
    0x17, 0xB0, 0x61, 0x60, 0x22, 0x02, 0x5B, 0xDC, 0xB4, 0xEA, 0x00, 0x69, 0xAF, 0xFC, 0x40, 0xFB,
    0xA4, 0xB9, 0x66, 0x9E, 0x85, 0x1E, 0x68, 0x62, 0xF2, 0x8D, 0x6F, 0x45, 0x74, 0x8C, 0xA8, 0x1E,
    0x7D, 0xF8, 0xD1, 0xEE, 0xC3, 0xF7, 0xA7, 0xBF, 0x87, 0x5C, 0x52, 0xC6, 0xE3, 0xCA, 0x7D, 0x59,
    0xF2, 0xDC, 0xE2, 0x38, 0x67, 0xF7, 0xD3, 0x86, 0x63, 0xFF, 0xC2, 0xA0, 0x40, 0x9A, 0xA8, 0x49,
    0xAD, 0xB6, 0x02, 0xEB, 0xEC, 0xF2, 0xBD, 0xEA, 0x33, 0x25, 0x97, 0x7D, 0x05, 0xFA, 0x41, 0xB3,
    0x84, 0x51, 0xD3, 0x94, 0x3D, 0x42, 0x9A, 0xC0, 0x56, 0xA5, 0x62, 0xEF, 0x20, 0xD5, 0xE6, 0xC4,
    0x17, 0xC5, 0x72, 0xCD, 0x44, 0x71, 0x71, 0xA3, 0xE9, 0x20, 0x0C, 0x97, 0x9D, 0xF9, 0x76, 0x3D,
    0xB9, 0x9D, 0xD6, 0xF5, 0x48, 0x24, 0x92, 0xBE, 0x68, 0xD5, 0x80, 0x5D, 0xBC, 0xBB, 0x11, 0x86,
    0x04, 0x8E, 0x56, 0x00, 0x9F, 0xF4, 0x07, 0xB3, 0xEE, 0xE1, 0x1C, 0xF8, 0xCA, 0x78, 0x93, 0x5F,
    0x19, 0x40, 0x1F, 0x73, 0x1E, 0xDA, 0x9C, 0x15, 0xDC, 0x76, 0xEB, 0x4F, 0x4B, 0xF0, 0x9B, 0x6D,
    0x4A, 0xF0, 0x9A, 0x12, 0xBC, 0x6B, 0xB9, 0x41, 0x7A, 0xE1, 0x9C, 0xBE, 0xC7, 0x37, 0x49, 0xAB,
    0x3D, 0xB2, 0xD7, 0x4D, 0x37, 0x84, 0x41, 0xDA, 0xF4, 0x7A, 0xA7, 0x3B, 0x46, 0x76, 0xCC, 0xB7,
    0x25, 0x1C, 0xCA, 0xF8, 0x69, 0x7C, 0xC3, 0x69, 0x7C, 0x8F, 0xB1, 0x80, 0x7D, 0xEB, 0xE7, 0xAA,
    0xF7, 0x53, 0xD5, 0x1F, 0x46, 0xDF, 0x3E, 0x91, 0x05, 0xFC, 0x0C, 0x70, 0xF8, 0xBD, 0x60, 0x71,
    0x4A, 0x75, 0xB1, 0x9D, 0xEB, 0xB3, 0x74, 0x6F, 0x4C, 0x3F, 0xCC, 0x1E, 0xB8, 0x75, 0x71, 0x01,
    0xB7, 0xEF, 0xB3, 0x80, 0x9F, 0x5B, 0xD2, 0x25, 0xEC, 0xFD, 0xCB, 0x52, 0xF1, 0x1B, 0x85, 0xD9,
    0x5B, 0xA8, 0xDD, 0x84, 0x82, 0x29, 0xEA, 0x5B, 0xE9, 0x6A, 0xEB, 0xD2, 0xA8, 0x8B, 0xF5, 0x6F,
    0xE0, 0xB8, 0x22, 0xE3, 0x00, 0x8D, 0xBC, 0x06, 0xF6, 0x8D, 0xC8, 0xE2, 0xDE, 0x69, 0xBB, 0xED,
    0xB8, 0x94, 0x35, 0x6E, 0xE2, 0x3D, 0x83, 0x84, 0xE7, 0x8A, 0x8E, 0x28, 0xB9, 0xA0, 0x64, 0x44,
    0xD3, 0x9A, 0xE9, 0x6A, 0x3B, 0xED, 0x33, 0xD5, 0x86, 0x54, 0xDC, 0xB3, 0x4C, 0xF5, 0xAB, 0x25,
    0xDB, 0x80, 0xEA, 0xC7, 0x5B, 0xBE, 0xDA, 0xC3, 0x2F, 0x6E, 0x01, 0xC2, 0x5B, 0xFC, 0xB6, 0x4C,
    0xE4, 0xC3, 0x05, 0x68, 0xDA, 0xEE, 0x17, 0x33, 0xD0, 0xD5, 0xE1, 0xDD, 0x09, 0x20, 0x2A, 0x83,
    0x0D, 0xBF, 0x1B, 0x64, 0x1B, 0x1C, 0x07, 0xE4, 0x2B, 0x1C, 0x7B, 0xB8, 0x05, 0x99, 0x26, 0xD6,
    0x74, 0xCA, 0xD1, 0x60, 0x39, 0xB3, 0xAB, 0x2D, 0xD8, 0xA1, 0x3E, 0x45, 0xB1, 0x1D, 0x03, 0x09,
    0x38, 0x19, 0x67, 0x7C, 0x85, 0x75, 0x60, 0xC7, 0xF8, 0x57, 0xDC, 0xD8, 0xE7, 0x1C, 0xBA, 0xDE,
    0xB1, 0xB6, 0x02, 0x95, 0xD1, 0xAD, 0x2A, 0x50, 0x2F, 0xAF, 0xD6, 0xAD, 0x57, 0xA2, 0xAE, 0x8B,
    0x76, 0xEB, 0xA1, 0xE4, 0x12, 0xFA, 0x9C, 0x3F, 0xBB, 0xBE, 0x44, 0x2E, 0x8E, 0xD0, 0x9A, 0xE9,
    0x62, 0x32, 0xBD, 0x99, 0x32, 0x9A, 0x39, 0xD4, 0x66, 0x16, 0x53, 0xB4, 0x57, 0x02, 0xEA, 0x82,
    0x27, 0xE6, 0x87, 0x79, 0x61, 0x3E, 0x98, 0x07, 0xCB, 0x3E, 0x3B, 0xF0, 0x2A, 0x5E, 0x35, 0x97,
    0xDC, 0x68, 0xEE, 0x7A, 0xF3, 0x37, 0x74, 0xAD, 0x19, 0x26, 0xAF, 0x97, 0xFD, 0x4A, 0xF5, 0x2F,
    0x66, 0x99, 0xBA, 0xB1, 0x18, 0x91, 0x2F, 0x87, 0x08, 0xAC, 0x8D, 0x02, 0x5B, 0x15, 0xCF, 0x7E,
    0xB9, 0xA0, 0x71, 0x55, 0xF4, 0xFF, 0xD5, 0xC0, 0x78, 0xCA, 0xFB, 0xAD, 0xE3, 0x06, 0x94, 0xDC,
    0xEE, 0xB3, 0x3E, 0x37, 0x63, 0xCE, 0x08, 0xCF, 0x08, 0x33, 0x90, 0x39, 0x2C, 0x66, 0xAA, 0x39,
    0x99, 0x11, 0x48, 0xBD, 0xA1, 0xBD, 0x45, 0x54, 0x23, 0x0C, 0xA9, 0xB2, 0x4B, 0xA6, 0x8B, 0x66,
    0x18, 0x51, 0x6C, 0x66, 0xCA, 0x75, 0xEF, 0xED, 0x25, 0x93, 0xB3, 0x96, 0x71, 0xB4, 0x6D, 0xEE,
    0x36, 0x47, 0x54, 0x76, 0xDD, 0x79, 0x0C, 0xFD, 0x68, 0xAC, 0x91, 0xD8, 0xDB, 0xC6, 0x5F, 0x8C,
    0xE9, 0x4A, 0x6E, 0x23, 0x20, 0x7F, 0xD7, 0xFD, 0xE1, 0x35, 0x11, 0x82, 0x11, 0xFA, 0x6B, 0x6E,
    0x8C, 0x22, 0x14, 0xDD, 0x4E, 0xA8, 0x58, 0xC1, 0x76, 0xEF, 0x34, 0xE1, 0x3D, 0x9D, 0xA6, 0x62,
    0x15, 0x21, 0x55, 0x4E, 0x92, 0xFE, 0xE4, 0x3A, 0x64, 0x4C, 0x0F, 0xA1, 0xE1, 0xFB, 0x21, 0xC2,
    0x69, 0x5A, 0xC7, 0x05, 0xC8, 0xD8, 0x03, 0xC7, 0x7B, 0xFC, 0x81, 0x6C, 0x4D, 0x6B, 0xE0, 0xF9,
    0x7B, 0x17, 0x6F, 0xCA, 0x59, 0x05, 0x92, 0x4A, 0xDD, 0x82, 0xFF, 0x64, 0x2D, 0x39, 0x5B, 0x00,
    0xFD, 0xB1, 0x04, 0x9C, 0x0C, 0xC0, 0xE2, 0x57, 0xDB, 0x8C, 0x16, 0x69, 0x35, 0x4B, 0xC3, 0x64,
    0x3A, 0x4A, 0x1B, 0x6D, 0x1D, 0xA6, 0x95, 0x9A, 0xD1, 0x08, 0x93, 0x8E, 0x9B, 0x51, 0xCA, 0x21,
    0x48, 0xA3, 0xB5, 0xFC, 0xEA, 0xF4, 0x44, 0x45, 0x41, 0xA5, 0x2A, 0xE3, 0xDB, 0x72, 0xB4, 0xE2,
    0x66, 0xB7, 0x0B, 0x6B, 0xE8, 0x98, 0xAD, 0xF9, 0x2A, 0x81, 0xC6, 0x25, 0x0F, 0xD0, 0x4C, 0x70,
    0x9B, 0x6E, 0x20, 0x2E, 0xB6, 0x7C, 0xAC, 0xE7, 0xAD, 0x22, 0xB7, 0x3F, 0x17, 0x51, 0x05, 0x4F,
    0xA4, 0x5C, 0xD3, 0xF3, 0x10, 0x5D, 0x5F, 0x29, 0x73, 0x8D, 0x56, 0x0C, 0x81, 0xB4, 0xC8, 0xE0,
    0x51, 0xD6, 0xE7, 0x5A, 0x1F, 0x74, 0xFC, 0xF6, 0x66, 0x53, 0x2C, 0x10, 0xC5, 0xC1, 0x4A, 0x8B,
    0x6B, 0xCB, 0xE9, 0x06, 0xCE, 0xE4, 0xBD, 0x3F, 0x97, 0xD8, 0xD8, 0xB5, 0xBF, 0xFC, 0x9A, 0xAC,
    0x76, 0xBA, 0x52, 0x62, 0x38, 0x4B, 0x0F, 0xB3, 0x85, 0xD8, 0xA4, 0x82, 0x8D, 0xAD, 0x70, 0x7D,
    0x99, 0x40, 0xBA, 0x4D, 0x0A, 0x95, 0x2C, 0xF2, 0xE1, 0xD3, 0xF8, 0x17, 0x5C, 0xE4, 0x97, 0x00,
    0x26, 0x82, 0x47, 0x84, 0x89, 0x21, 0x12, 0x44, 0x24, 0x8A, 0x48, 0x18, 0x91, 0x38, 0x22, 0x81,
    0xD4, 0xC7, 0x66, 0x46, 0x33, 0x89, 0x25, 0x12, 0x4C, 0x24, 0x9A, 0x48, 0x38, 0x91, 0x78, 0x22,
    0x01, 0x45, 0x22, 0x8A, 0x84, 0x34, 0x31, 0xC5, 0x11, 0xAA, 0x51, 0xDD, 0xB1, 0x6A, 0x5B, 0x0E,
    0xB6, 0x2F, 0xB3, 0x45, 0x66, 0x45, 0x69, 0x21, 0x70, 0xF0, 0x43, 0x65, 0x65, 0xFC, 0x83, 0xCB,
    0x56, 0xA4, 0x01, 0x4E, 0x84, 0x13, 0xE2, 0xC4, 0x38, 0x41, 0x4E, 0x94, 0x13, 0x66, 0xF0, 0x54,
    0x45, 0x3A, 0xA1, 0x4E, 0xAC, 0x13, 0x6C, 0xA3, 0x6D, 0xB8, 0x4F, 0xB9, 0xD9, 0x1C, 0x24, 0x67,
    0x14, 0xBC, 0x4F, 0x92, 0x13, 0xAA, 0x39, 0xA3, 0x5D, 0x5D, 0x76, 0x03, 0x1A, 0x1D, 0xE4, 0x8C,
    0x08, 0x3A, 0x30, 0x86, 0x1B, 0xB2, 0x17, 0xFD, 0x06, 0xE8, 0x95, 0x38, 0xAE, 0x98, 0x51, 0x19,
    0xD0, 0x7C, 0x42, 0x62, 0xE9, 0xC6, 0x44, 0x93, 0x1C, 0x13, 0x4F, 0x72, 0x48, 0x44, 0xA7, 0x62,
    0x48, 0x4C, 0xC7, 0x42, 0xE9, 0xD1, 0x41, 0x19, 0x75, 0xA0, 0xE9, 0x90, 0xC8, 0xF6, 0x78, 0xDA,
    0xD8, 0x0A, 0xB1, 0xD1, 0x95, 0x03, 0xC6, 0x97, 0x11, 0x9D, 0x11, 0x26, 0xB9, 0x89, 0xF1, 0x23,
    0x92, 0xEB, 0x4E, 0x19, 0x4A, 0x84, 0x92, 0xD0, 0xF1, 0x47, 0xDC, 0xE0, 0x36, 0xCF, 0x91, 0xF0,
    0x73, 0xC1, 0xD8, 0xB5, 0x62, 0xD7, 0xB2, 0x0E, 0x83, 0xA3, 0xD6, 0x68, 0x74, 0x3C, 0x2C, 0x86,
    0x8F, 0x83, 0x91, 0x7B, 0x84, 0x74, 0x8F, 0xC2, 0x08, 0x2E, 0xC8, 0x13, 0xC2, 0x12, 0x5D, 0xAC,
    0x36, 0x6B, 0xBA, 0x74, 0xCC, 0xA8, 0x90, 0x94, 0x95, 0x9C, 0xD3, 0x61, 0x4B, 0x73, 0x7E, 0xCA,
    0x70, 0xEE, 0xED, 0x1C, 0x83, 0x72, 0x6C, 0x9F, 0x20, 0xAD, 0x81, 0xBB, 0x78, 0xBF, 0x47, 0xE5,
    0x54, 0x02, 0x15, 0xE9, 0x9E, 0x06, 0xED, 0x86, 0x04, 0x07, 0x69, 0x37, 0x68, 0x6F, 0x60, 0xAF,
    0x60, 0x44, 0x61, 0xCA, 0xD9, 0x0A, 0xD9, 0x66, 0xC9, 0x9C, 0x8F, 0x27, 0xDF, 0x86, 0x84, 0x92,
    0x9C, 0x9A, 0x8D, 0x61, 0x30, 0x1D, 0xA5, 0xE9, 0x2E, 0x86, 0x9F, 0xB5, 0xDB, 0xD8, 0x66, 0x23,
    0x32, 0x0D, 0x27, 0xC7, 0xB9, 0xE3, 0x9C, 0x71, 0x39, 0x3E, 0x5D, 0xEB, 0x52, 0x13, 0xD0, 0xF2,
    0xD6, 0xF5, 0xD6, 0x14, 0x3B, 0xB9, 0xEB, 0x93, 0xF3, 0x3B, 0x63, 0xC3, 0x66, 0xA9, 0xC8, 0xC5,
    0xF1, 0x77, 0x8B, 0xE3, 0x9B, 0x93, 0x63, 0x6A, 0x8F, 0x9D, 0x96, 0x49, 0x87, 0xE9, 0xB2, 0x12,
    0xE9, 0x7A, 0x45, 0x6A, 0xC3, 0xCD, 0x17, 0x0B, 0x32, 0xBC, 0x2E, 0xC9, 0x47, 0xA9, 0x8F, 0xFB,
    0x33, 0xD9, 0x3A, 0x91, 0xA2, 0xE0, 0xEF, 0xB4, 0xA7, 0x52, 0xEB, 0x8F, 0xCD, 0xB9, 0x2C, 0x87,
    0x5A, 0x31, 0x5E, 0xA8, 0xC7, 0xF7, 0x5B, 0x24, 0x97, 0x77, 0xC3, 0xB4, 0xA6, 0xDE, 0xBF, 0x1C,
    0x77, 0x7B, 0x39, 0xFE, 0x8D, 0xBD, 0x1C, 0x4F, 0x4D, 0xC5, 0xE3, 0xE3, 0x1B, 0x7E, 0xB0, 0x5F,
    0x79, 0x77, 0xDE, 0x37, 0x90, 0xCC, 0x26, 0xC5, 0xBD, 0x6B, 0xBB, 0xAC, 0xF4, 0x94, 0x73, 0xF8,
    0xE2, 0x8C, 0xEA, 0x7F, 0x46, 0x78, 0xF9, 0x41, 0xB1, 0x78, 0x72, 0xCB, 0x4A, 0xA0, 0xF6, 0x3E,
    0xA3, 0xA4, 0x9A, 0x53, 0x3E, 0x90, 0x59, 0x3F, 0xF7, 0xCE, 0xDE, 0x51, 0x7E, 0x4D, 0xB4, 0x38,
    0xA3, 0xDC, 0x6E, 0xAF, 0xA8, 0xC6, 0x6C, 0x41, 0x17, 0xCF, 0x85, 0x31, 0x9B, 0xAD, 0x5F, 0x90,
    0x50, 0x1A, 0x55, 0xF3, 0x3E, 0x08, 0x80, 0xF5, 0xBD, 0x72, 0xA3, 0x50, 0x31, 0x1E, 0xA9, 0x73,
    0xBC, 0x21, 0x5A, 0x87, 0x88, 0x30, 0x54, 0x2D, 0x9A, 0x3E, 0xB4, 0x02, 0x13, 0x73, 0x22, 0xAC,
    0xB7, 0x17, 0x3C, 0x47, 0xF6, 0xC0, 0xCD, 0x57, 0xA1, 0xF1, 0x06, 0x44, 0x47, 0x78, 0x52, 0x4F,
    0xBD, 0x45, 0x36, 0x63, 0x1F, 0x85, 0xB8, 0x73, 0xC0, 0xE6, 0xC7, 0x7C, 0x2D, 0x47, 0xB7, 0xE5,
    0x75, 0xCE, 0x3A, 0xF9, 0xD1, 0x28, 0x70, 0xF1, 0x4A, 0xF8, 0xAB, 0xBA, 0x89, 0xC1, 0x5E, 0xAC,
    0x2B, 0x7B, 0xB2, 0x79, 0xD8, 0xBB, 0x93, 0xBB, 0x6F, 0x76, 0xF9, 0x5D, 0x3D, 0x9C, 0x80, 0x46,
    0x00, 0xBE, 0x87, 0xEF, 0x7D, 0xC4, 0xF1, 0x37, 0xBD, 0xBE, 0x0F, 0xC7, 0x11, 0xE5, 0x3B, 0x33,
    0x0E, 0x71, 0xD1, 0x26, 0xF7, 0xC4, 0xE2, 0xFF, 0x08, 0xE2, 0x7A, 0x6E, 0x02, 0x90, 0xCF, 0x7B,
    0x03, 0x3F, 0x1C, 0x25, 0x2C, 0xD6, 0x92, 0x7A, 0x02, 0x51, 0x7D, 0x1E, 0xC0, 0xAD, 0xDA, 0xE0,
    0xD9, 0x49, 0xB8, 0xEC, 0xE1, 0xD9, 0xDA, 0x35, 0x0B, 0xF0, 0xFC, 0xE9, 0xA3, 0x71, 0x6F, 0x2D,
    0xD2, 0xF4, 0x68, 0x1C, 0xA3, 0xF9, 0x54, 0x5F, 0x78, 0x34, 0x4E, 0x84, 0x12, 0xA2, 0xC4, 0x28,
    0x41, 0x4A, 0x94, 0x12, 0x26, 0xE3, 0x84, 0x04, 0x2A, 0x91, 0x4A, 0xA8, 0x12, 0xAB, 0x04, 0x2B,
    0xD1, 0x4A, 0xB8, 0x12, 0x2F, 0x03, 0x06, 0x23, 0x06, 0x43, 0x06, 0x63, 0x06, 0x83, 0x06, 0xA3,
    0x96, 0xB0, 0x25, 0x6E, 0xC7, 0x05, 0xE1, 0x63, 0xD5, 0xC2, 0x0F, 0x1D, 0x50, 0xFC, 0xE6, 0xF8,
    0x2C, 0x7B, 0x6E, 0x9F, 0xB3, 0xC5, 0x3E, 0x12, 0x43, 0x83, 0x28, 0x8A, 0x10, 0x46, 0x88, 0x23,
    0x0C, 0xA4, 0x79, 0x69, 0x28, 0x8D, 0x65, 0x82, 0xA9, 0x69, 0x85, 0x13, 0x21, 0x09, 0x6B, 0x88,
    0x68, 0x42, 0x1A, 0x48, 0x32, 0x9A, 0xB6, 0x8D, 0xB2, 0x5A, 0x3F, 0x00, 0xDB, 0x80, 0x25, 0x93,
    0xFE, 0x20, 0x67, 0x7D, 0xEB, 0x98, 0xD0, 0x5D, 0x1F, 0xEB, 0xBE, 0xCC, 0xDE, 0xC3, 0xDB, 0xD5,
    0x96, 0x42, 0x69, 0xD8, 0xBC, 0x29, 0xFE, 0x56, 0x22, 0x4C, 0xFB, 0x77, 0xDC, 0xAE, 0x8A, 0x61,
    0x9F, 0x50, 0x58, 0xAD, 0x43, 0xDD, 0x44, 0xE3, 0x72, 0x48, 0xBE, 0xC7, 0x0F, 0x7C, 0xBB, 0x56,
    0xAF, 0x47, 0x0F, 0xEC, 0xB2, 0xDD, 0xB1, 0x45, 0xD6, 0xDB, 0x92, 0x4D, 0x41, 0x85, 0xF4, 0x0A,
    0x8B, 0xB9, 0xA8, 0x93, 0xE4, 0x1F, 0x1E, 0xF2, 0xD7, 0x97, 0x96, 0x20, 0xBC, 0xDB, 0xB6, 0x3F,
    0x45, 0x88, 0x66, 0xB4, 0x55, 0x77, 0x07, 0x27, 0xE3, 0x9A, 0xF0, 0xB4, 0xF3, 0xBE, 0x9B, 0xD2,
    0x33, 0x41, 0x72, 0xDF, 0x47, 0x74, 0x87, 0x3A, 0xDF, 0x02, 0x6E, 0x93, 0x20, 0xF9, 0x58, 0x3D,
    0xDC, 0xEE, 0xED, 0x19, 0x81, 0x23, 0xFC, 0xF6, 0xC7, 0xE2, 0x5B, 0x72, 0xD6, 0xE1, 0xB2, 0xF8,
    0xDC, 0x96, 0xBC, 0x63, 0xD2, 0xC7, 0x8A, 0x2F, 0x5C, 0x88, 0xEF, 0x03, 0xAF, 0x82, 0x86, 0xDA,
    0x7B, 0x79, 0x49, 0x9C, 0x4F, 0xA1, 0xFA, 0xFD, 0xBE, 0x0A, 0x00, 0x9C, 0xD5, 0x9F, 0x12, 0xC8,
    0x47, 0x56, 0x9E, 0x70, 0x04, 0xDC, 0x2F, 0x19, 0x81, 0xBC, 0xFE, 0x34, 0x2E, 0x19, 0xE4, 0xE4,
    0xB9, 0xD8, 0x0D, 0xB1, 0x45, 0x89, 0x6B, 0x6A, 0x25, 0xAE, 0xB3, 0x79, 0x78, 0xA2, 0x9B, 0x02,
    0xCB, 0x56, 0x05, 0x96, 0x5B, 0xF5, 0xE4, 0x76, 0x1D, 0xE0, 0x66, 0x25, 0xAE, 0x98, 0xD0, 0xF5,
    0xE9, 0xF1, 0x33, 0xF8, 0x13, 0x3D, 0x0C, 0xD2, 0x10, 0xC1, 0x1E, 0x5D, 0x8B, 0x66, 0x52, 0x6C,
    0x15, 0xAD, 0xDA, 0x3C, 0x3D, 0x6B, 0xA0, 0x69, 0xBF, 0x9F, 0x5C, 0x76, 0x76, 0x87, 0xF0, 0x0B,
    0xE2, 0x7C, 0xFA, 0x88, 0x09, 0x2A, 0xB6, 0xD5, 0x18, 0x58, 0x5B, 0x4D, 0x14, 0x06, 0xA7, 0xEA,
    0x33, 0x3D, 0x72, 0xB4, 0x62, 0x7F, 0xE4, 0x08, 0xAC, 0x2F, 0x6F, 0x80, 0xF8, 0x15, 0x87, 0x47,
    0xDD, 0xFA, 0x19, 0x25, 0x6D, 0xC9, 0xF9, 0x2D, 0xDE, 0x01, 0x5E, 0x7A, 0xE9, 0x1F, 0xC4, 0x99,
    0xB3, 0xE9, 0x94, 0xFE, 0xB0, 0xF6, 0x7A, 0x63, 0x92, 0x9F, 0x92, 0x11, 0x85, 0xE4, 0xAA, 0x09,
    0x8D, 0xF8, 0x01, 0x80, 0x39, 0x1B, 0xF7, 0x3F, 0xA1, 0xED, 0x18, 0xF7, 0x86, 0xE4, 0xD9, 0xDD,
    0x6B, 0xCB, 0x09, 0x77, 0xF0, 0x32, 0xB2, 0x31, 0x1B, 0x91, 0xCD, 0xC5, 0x00, 0xA4, 0xC7, 0xBE,
    0xD3, 0x83, 0xB1, 0x57, 0x4A, 0x0C, 0x9F, 0x04, 0x80, 0x3C, 0xED, 0xAB, 0x3F, 0x96, 0x43, 0x87,
    0x5C, 0xDC, 0x5E, 0x30, 0xBD, 0xE5, 0xAC, 0x61, 0xF0, 0x55, 0xFB, 0x34, 0x55, 0x8C, 0xD7, 0x98,
    0xA1, 0x95, 0xBA, 0x5E, 0xE4, 0xAA, 0xE2, 0x5C, 0x3E, 0xEF, 0x7A, 0x49, 0x04, 0x5E, 0xF0, 0x6D,
    0x5A, 0x03, 0x28, 0xAF, 0x98, 0xE6, 0xCB, 0x38, 0x57, 0xB7, 0x14, 0xF3, 0xF1, 0xF9, 0x80, 0x6A,
    0x0E, 0x23, 0xD0, 0x45, 0xB6, 0xC8, 0x57, 0x37, 0x6B, 0x73, 0x3B, 0x6B, 0xAF, 0x2D, 0xC1, 0x7C,
    0x72, 0xA3, 0x79, 0x3E, 0xED, 0x9E, 0xAB, 0xD6, 0xCA, 0x36, 0xDB, 0xDB, 0x07, 0xDF, 0xE3, 0x04,
    0x5F, 0xE2, 0x07, 0x03, 0x08, 0x23, 0x08, 0x43, 0x08, 0x63, 0x08, 0x83, 0x08, 0xA3, 0x08, 0xC3,
    0x08, 0xE3, 0x98, 0x40, 0x26, 0x92, 0x09, 0x65, 0x62, 0x99, 0x60, 0xC2, 0x68, 0xC2, 0x70, 0x5E,
    0x0F, 0x32, 0x76, 0x75, 0x9D, 0xCA, 0x60, 0x54, 0x12, 0xDC, 0x32, 0x6D, 0x9E, 0x92, 0x86, 0xB4,
    0x8D, 0x4E, 0x57, 0xB8, 0xA4, 0x5E, 0x00, 0x00, 0x4D, 0xE0, 0x86, 0xA3, 0x23, 0xFE, 0x7F, 0x8F,
    0x8D, 0xB8, 0x7C, 0xC3, 0x5E, 0x73, 0xED, 0xE5, 0xB7, 0xBE, 0x6B, 0xBE, 0x23, 0xD5, 0x5F, 0x36,
    0xAA, 0x87, 0xE9, 0x00, 0x0F, 0xF2, 0xD9, 0xAC, 0xD5, 0x62, 0x97, 0x8D, 0x86, 0xA3, 0xBC, 0x65,
    0xDB, 0x70, 0x28, 0x75, 0x50, 0x3B, 0xC2, 0x6F, 0x22, 0xE6, 0x88, 0x6A, 0x43, 0x65, 0x89, 0x0E,
    0x14, 0x37, 0x47, 0x74, 0x44, 0xD3, 0xEA, 0x80, 0x04, 0x35, 0x75, 0x4E, 0xA6, 0x3B, 0xBC, 0x6E,
    0xA3, 0x5B, 0x74, 0xF0, 0xE5, 0xDF, 0xB3, 0xB0, 0x83, 0xAF, 0xFC, 0x9A, 0x5F, 0x19, 0xE5, 0xE7,
    0x7F, 0x0E, 0xFC, 0xAE, 0x1D, 0x74, 0x91, 0x5D, 0x0F, 0x68, 0x3E, 0x32, 0xDA, 0x81, 0xA6, 0xD4,
    0xC1, 0xA6, 0x63, 0x1D, 0x2C, 0xE8, 0x56, 0x3B, 0x98, 0xD1, 0x19, 0x70, 0x8E, 0x68, 0x8C, 0x79,
    0x6A, 0xDE, 0xA5, 0x0A, 0x3B, 0xF4, 0x76, 0xD0, 0x22, 0x18, 0x84, 0x67, 0xED, 0x1F, 0xD2, 0x87,
    0x06, 0x27, 0x31, 0x29, 0x12, 0x11, 0xFF, 0x8B, 0x49, 0x26, 0x7C, 0x6B, 0x4E, 0x45, 0xF1, 0x82,
    0x0B, 0xA3, 0x9C, 0xF1, 0x2C, 0x1A, 0x50, 0x99, 0x62, 0xBC, 0xBD, 0x28, 0xD2, 0x58, 0xC8, 0x84,
    0xB6, 0x58, 0x3D, 0x11, 0xE0, 0x64, 0xBE, 0x71, 0x6E, 0x02, 0xEB, 0x05, 0x6E, 0x6B, 0xF8, 0xC5,
    0xE9, 0xDC, 0x2C, 0x7C, 0x45, 0xA8, 0x66, 0x7E, 0x57, 0x7C, 0x46, 0x76, 0xB5, 0xEA, 0x13, 0x6E,
    0x62, 0x13, 0x69, 0x1C, 0xEA, 0x6E, 0x54, 0xF2, 0xCC, 0xB3, 0x7C, 0x41, 0x67, 0xF9, 0xCB, 0x2D,
    0x1F, 0xE5, 0x26, 0x3D, 0x70, 0xBF, 0x9F, 0x86, 0xAD, 0x8A, 0x80, 0x9B, 0x7D, 0x9F, 0x2E, 0x8D,
    0x2F, 0x24, 0x6B, 0xA9, 0xB8, 0x04, 0xCE, 0x07, 0xCE, 0x8E, 0x75, 0x46, 0x7B, 0xCC, 0xC0, 0x0A,
    0x29, 0x3F, 0x49, 0x2B, 0x95, 0x78, 0x43, 0x63, 0x4F, 0xCC, 0x11, 0x40, 0x78, 0x67, 0xB5, 0x9F,
    0x9F, 0xF6, 0xE7, 0xCA, 0x4A, 0xC3, 0x5E, 0x7C, 0x90, 0x87, 0xBF, 0x8C, 0x55, 0x25, 0x75, 0x64,
    0x6B, 0x1A, 0x77, 0xC2, 0xE9, 0x06, 0x76, 0x2A, 0xA0, 0xD2, 0x1F, 0x1B, 0xD9, 0xDF, 0x95, 0x03,
    0x0F, 0xB0, 0xE2, 0x74, 0x68, 0x01, 0x85, 0xD6, 0x29, 0x9B, 0x63, 0x76, 0x7B, 0x01, 0x75, 0xB2,
    0x48, 0x77, 0xC5, 0xD3, 0x72, 0x29, 0xAD, 0xAD, 0xEF, 0x47, 0x00, 0xAC, 0x7A, 0xA9, 0xFD, 0x7E,
    0x5A, 0x16, 0x1D, 0x2D, 0xEE, 0x55, 0x1A, 0x96, 0x8B, 0x7F, 0x24, 0x90, 0x72, 0x6F, 0xD8, 0x40,
    0x00, 0x9F, 0xD5, 0x2F, 0xA2, 0xF3, 0xB3, 0x94, 0x83, 0x69, 0x7D, 0xB2, 0xAD, 0xBE, 0x9C, 0xB5,
    0x50, 0x31, 0x67, 0xED, 0x6C, 0x3F, 0x1F, 0x8F, 0xF1, 0xCF, 0xD9, 0xCE, 0xF9, 0xBA, 0xD1, 0xDE,
    0x3B, 0xBB, 0xEB, 0xE3, 0x74, 0x76, 0x2B, 0x92, 0x23, 0x42, 0xD2, 0x3A, 0x67, 0x6A, 0x5C, 0xD7,
    0x78, 0x00, 0xBF, 0x6A, 0xFD, 0x07, 0x9B, 0xCD, 0x72, 0xA7, 0x0F, 0xE5, 0x28, 0xE4, 0xFA, 0x09,
    0x61, 0xA6, 0xF4, 0xA6, 0x12, 0xDC, 0x7E, 0xF3, 0x58, 0x8F, 0xBD, 0x01, 0xB0, 0xC7, 0x62, 0x1F,
    0x2E, 0xF0, 0x1B, 0xB2, 0x05, 0x61, 0xB1, 0x73, 0xAF, 0x75, 0xEE, 0x3B, 0x9B, 0x56, 0xDF, 0xB5,
    0x65, 0x62, 0x3F, 0x93, 0x22, 0x4C, 0x19, 0x3B, 0x5D, 0x20, 0x9F, 0x50, 0x41, 0x12, 0xEC, 0xF1,
    0xF9, 0x58, 0x90, 0x84, 0xEF, 0xBB, 0x05, 0x7E, 0x28, 0x47, 0xE8, 0x99, 0x10, 0xB8, 0xBE, 0xAB,
    0x95, 0x26, 0xC5, 0x3E, 0xC9, 0xC3, 0xE1, 0xEB, 0x40, 0xF3, 0x4D, 0x6A, 0xFB, 0xEF, 0xE0, 0xB6,
    0x3E, 0xC0, 0x93, 0x2B, 0x82, 0x26, 0x0E, 0xDF, 0x62, 0x8B, 0x62, 0xFF, 0x65, 0x73, 0xC1, 0x94,
    0xED, 0xAE, 0xE8, 0x4E, 0x3E, 0xC5, 0x75, 0xC4, 0x76, 0xA8, 0x8D, 0x93, 0xA4, 0xB7, 0xA3, 0xE3,
    0x7B, 0xF8, 0x10, 0xB0, 0xDD, 0xC4, 0x69, 0xC3, 0x77, 0xB1, 0x86, 0xEF, 0x64, 0x11, 0x0D, 0x7B,
    0xD0, 0xB8, 0x77, 0x0D, 0xB1, 0xF9, 0xDE, 0x47, 0x14, 0x63, 0x00, 0xDC, 0xBC, 0x6A, 0x9E, 0xF9,
    0x38, 0x65, 0x17, 0xAF, 0x1A, 0xDB, 0x7E, 0x1E, 0x0F, 0x16, 0x1D, 0xA5, 0x6E, 0x0D, 0x35, 0x50,
    0x2C, 0x4F, 0xC1, 0x2A, 0x62, 0xE9, 0xF8, 0x9E, 0xC2, 0x7B, 0xD8, 0x15, 0x4D, 0x6F, 0x1A, 0xB1,
    0x7B, 0xCC, 0xA4, 0xED, 0x89, 0xD6, 0xA6, 0x92, 0xCC, 0x34, 0x37, 0x75, 0x9B, 0xE9, 0x8A, 0xBD,
    0xC9, 0x5F, 0x2A, 0xF8, 0xA7, 0x6C, 0xC2, 0x70, 0xD0, 0x0F, 0x37, 0xF6, 0x03, 0x61, 0x83, 0x05,
    0x25, 0xFD, 0x3F, 0x74, 0x96, 0x31, 0xAC, 0xE6, 0x38, 0x15, 0x85, 0x4F, 0x6C, 0xCD, 0x46, 0x4B,
    0x0A, 0xD3, 0x40, 0x31, 0x14, 0x69, 0xA8, 0x58, 0x44, 0xFA, 0xCA, 0x91, 0xB6, 0xA4, 0xA1, 0xD8,
    0x8E, 0x82, 0x5E, 0xF4, 0x25, 0x4A, 0xC4, 0x16, 0xB4, 0x4B, 0xDF, 0xBE, 0x06, 0x6A, 0x4A, 0x58,
    0x5B, 0xF3, 0x7A, 0x29, 0x12, 0x25, 0x4D, 0xA4, 0x1D, 0x41, 0x89, 0xB5, 0x04, 0x94, 0xD1, 0x73,
    0x72, 0x88, 0xAF, 0x6F, 0xFE, 0x61, 0x46, 0xEC, 0xD5, 0x7B, 0x3E, 0xC7, 0x49, 0x73, 0xCF, 0x77,
    0xAD, 0xF8, 0x47, 0x29, 0xB7, 0x8A, 0xF8, 0x2C, 0x32, 0x1D, 0x22, 0xE1, 0x04, 0x9A, 0x3F, 0xC0,
    0x1F, 0x97, 0xE5, 0x8E, 0x8C, 0x96, 0xBF, 0x64, 0x93, 0x31, 0x6C, 0xE0, 0x73, 0x42, 0x58, 0x30,
    0x71, 0x31, 0x9C, 0xE1, 0x39, 0x5A, 0x02, 0x7D, 0x86, 0x3B, 0x00, 0x77, 0x49, 0x16, 0x19, 0x76,
    0x11, 0xBF, 0x55, 0x49, 0x22, 0xD3, 0x25, 0xBD, 0x48, 0x79, 0x1F, 0x2E, 0xF1, 0x9B, 0xEC, 0xA6,
    0x24, 0xC2, 0x15, 0x3E, 0xA1, 0x61, 0x2C, 0xAF, 0x2D, 0x47, 0xB8, 0x8C, 0xEE, 0x04, 0x5A, 0x96,
    0x07, 0x68, 0xF8, 0x77, 0x2E, 0x00, 0x06, 0x9E, 0x00, 0xD0, 0xFC, 0x71, 0x44, 0xAD, 0xEF, 0xCB,
    0x56, 0x3A, 0xB7, 0x04, 0x3A, 0x7E, 0xC9, 0x11, 0x81, 0xFF, 0x21, 0xEC, 0xD9, 0x65, 0x0F, 0x97,
    0x2D, 0x7F, 0x83, 0x21, 0x59, 0x96, 0x56, 0x0C, 0x57, 0x4C, 0x8B, 0xE1, 0x88, 0x10, 0x2D, 0x01,
    0x7E, 0xB0, 0x76, 0x47, 0x59, 0x4B, 0x8A, 0xB0, 0x0C, 0xA5, 0xC3, 0x34, 0x2D, 0x80, 0x23, 0x01,
    0x18, 0xBE, 0x85, 0x56, 0xB7, 0x55, 0x1D, 0x8E, 0xAA, 0x9E, 0x1F, 0xEA, 0xA0, 0x8A, 0x09, 0xE4,
    0xE6, 0x98, 0xBF, 0x46, 0x60, 0xEA, 0xB8, 0x67, 0xB4, 0x27, 0x30, 0x7D, 0xBE, 0xA3, 0x2B, 0x70,
    0xFB, 0x24, 0xC4, 0xC8, 0x58, 0xF5, 0x44, 0xD5, 0x15, 0xE8, 0x77, 0x34, 0x27, 0x50, 0x98, 0x9B,
    0x03, 0x28, 0x68, 0x6C, 0xFE, 0x5F, 0x5D, 0x61, 0x77, 0x00, 0xD3, 0x8A, 0xB6, 0x68, 0x58, 0xD0,
    0x25, 0x00, 0x8C, 0x70, 0x1F, 0x69, 0xBF, 0x56, 0xF5, 0xB1, 0xE8, 0x82, 0x30, 0x03, 0x98, 0x36,
    0xC3, 0xDA, 0x2A, 0x73, 0xD1, 0x96, 0x42, 0x17, 0x78, 0xFD, 0x84, 0xBB, 0xDA, 0x04, 0x94, 0x8E,
    0x64, 0x3D, 0x74, 0x7D, 0x35, 0x02, 0x7F, 0xFE, 0x8C, 0xF3, 0xF0, 0xAF, 0xCD, 0x73, 0xF4, 0x5C,
    0x0C, 0xF5, 0x1C, 0x4C, 0x3B, 0xEC, 0x89, 0x10, 0x61, 0x0F, 0x30, 0xA2, 0xCD, 0xE0, 0x8C, 0x2E,
    0x43, 0x46, 0xD9, 0x10, 0x70, 0xBB, 0x29, 0xEB, 0x26, 0x67, 0x26, 0xD9, 0x13, 0x18, 0x92, 0x3B,
    0x2E, 0xFF, 0x2E, 0x1C, 0x3F, 0x2D, 0x94, 0x99, 0x61, 0xF8, 0x5B, 0x7E, 0x85, 0xBB, 0x7E, 0x82,
    0xD7, 0x0F, 0x3F, 0xCC, 0x5F, 0x3F, 0xBC, 0x7B, 0x93, 0xDF, 0xFB, 0x97, 0xF4, 0xF0, 0x2D, 0xE3,
    0xC3, 0x5B, 0x8E, 0xEA, 0xE4, 0x34, 0x7F, 0x77, 0x91, 0x05, 0xB8, 0x17, 0x09, 0x24, 0x47, 0x4C,
    0x2C, 0x34, 0xBA, 0xA3, 0x29, 0x4F, 0x60, 0x6B, 0x8C, 0x61, 0xC7, 0x09, 0xC7, 0xFB, 0x9C, 0x67,
    0x0C, 0x19, 0x7A, 0x46, 0x33, 0x42, 0x92, 0x91, 0x59, 0x02, 0x0D, 0x17, 0x19, 0x9B, 0xA5, 0xF6,
    0x30, 0x24, 0xF1, 0xEE, 0xD4, 0xF1, 0xF1, 0x92, 0x5C, 0x7D, 0x4B, 0x20, 0xA4, 0x3A, 0xCE, 0xEE,
    0x84, 0x91, 0xF6, 0xA7, 0xA5, 0x70, 0x6E, 0xA5, 0xFD, 0x50, 0x4E, 0x46, 0xD9, 0xEA, 0x28, 0x77,
    0xF8, 0x5D, 0xBD, 0x4F, 0x60, 0xC2, 0x8E, 0x42, 0x39, 0x2C, 0x86, 0xB1, 0xC9, 0x68, 0x38, 0x5F,
    0x7F, 0x1D, 0x61, 0x76, 0x18, 0x8E, 0xDD, 0x89, 0x3E, 0xC3, 0x4A, 0x2F, 0xD3, 0x06, 0xBF, 0x95,
    0x91, 0xFE, 0x5A, 0x22, 0x92, 0x64, 0x42, 0x20, 0xDF, 0x42, 0xBD, 0x96, 0x8B, 0xC3, 0x7C, 0xDB,
    0x35, 0xDC, 0x74, 0xDA, 0x6F, 0x33, 0x14, 0x8E, 0x65, 0x82, 0xB2, 0x31, 0x5C, 0xA0, 0x68, 0xC0,
    0xF9, 0x26, 0x53, 0x4A, 0xC1, 0x00, 0x3F, 0xBE, 0xB9, 0x4C, 0xEB, 0x34, 0x56, 0x2C, 0x96, 0xE4,
    0x5C, 0xA9, 0x38, 0xF2, 0x54, 0x28, 0xFD, 0xCC, 0x5D, 0x99, 0x0C, 0xD1, 0xAD, 0x8A, 0xA4, 0x4F,
    0x3E, 0x2A, 0x91, 0x6E, 0xE6, 0x03, 0x88, 0xCD, 0x0F, 0x1E, 0x2E, 0x3D, 0x70, 0xF8, 0xF8, 0x27,
    0xA5, 0x01, 0xDA, 0x1B, 0xC6, 0x65, 0x4E, 0x65, 0xD1, 0x71, 0xFE, 0x8B, 0xA2, 0x18, 0xC8, 0xAC,
    0x24, 0xC2, 0x7B, 0x10, 0x93, 0x79, 0x9C, 0x99, 0xEF, 0xE1, 0xAE, 0x66, 0x37, 0x1B, 0xD0, 0x84,
    0x84, 0xA3, 0xB4, 0xE5, 0xB8, 0x22, 0x78, 0x9D, 0x93, 0x27, 0x8A, 0x89, 0x32, 0x50, 0x69, 0xAE,
    0xDF, 0x74, 0x3C, 0x52, 0x42, 0xE5, 0x53, 0xA0, 0x25, 0xE7, 0x7E, 0x77, 0x2B, 0x26, 0x72, 0x0C,
    0xE4, 0x6A, 0xF8, 0x39, 0x4D, 0xE1, 0xD0, 0x65, 0x4B, 0x9B, 0x06, 0xA2, 0xDF, 0x2C, 0xDB, 0x64,
    0x33, 0x7C, 0xB2, 0xA7, 0xCD, 0x2E, 0x61, 0x5A, 0xEC, 0xD1, 0x6C, 0x3E, 0x22, 0xC4, 0x36, 0x03,
    0xF5, 0x03, 0x55, 0xB3, 0x33, 0x16, 0xBE, 0xE9, 0x67, 0xE0, 0xEC, 0x76, 0x0C, 0x0B, 0x47, 0x46,
    0xB7, 0x21, 0x8C, 0x7E, 0x0E, 0xD1, 0x27, 0xC3, 0x6D, 0x98, 0xFD, 0xC2, 0xD4, 0x92, 0x44, 0x4F,
    0xBE, 0x90, 0xCC, 0x68, 0xF9, 0xF3, 0xF3, 0x57, 0x4B, 0x58, 0x51, 0xCA, 0xC8, 0x94, 0x65, 0xF0,
    0x0D, 0xB9, 0x3E, 0xDC, 0x52, 0xE7, 0x26, 0x83, 0xEC, 0xB2, 0x3A, 0xF9, 0x97, 0x49, 0xAA, 0x1B,
    0xB6, 0xCB, 0xED, 0xE2, 0x12, 0x34, 0xB4, 0x4F, 0xB2, 0x53, 0xE7, 0xC5, 0x4D, 0xEB, 0xED, 0xC2,
    0x52, 0x46, 0x2A, 0x4E, 0x26, 0xAA, 0x98, 0xCA, 0x4E, 0x1D, 0xAB, 0x9B, 0xC5, 0x3D, 0x7D, 0xD1,
    0x70, 0x2C, 0x3B, 0xF3, 0xEF, 0x6C, 0x09, 0x5C, 0x3B, 0xFB, 0xAD, 0x38, 0x43, 0x5C, 0xAE, 0x3B,
    0x00, 0x4B, 0x74, 0xDF, 0xE4, 0xD2, 0xD0, 0x44, 0xF2, 0x1B, 0x86, 0x54, 0xCF, 0xE8, 0x5F, 0xC9,
    0x19, 0xF8, 0xF8, 0x6B, 0xD6, 0xEB, 0x33, 0xAF, 0x59, 0xA7, 0x54, 0x54, 0xCF, 0x99, 0xBC, 0xD7,
    0xBC, 0x9A, 0xF1, 0xD6, 0x57, 0x35, 0xE9, 0x8F, 0x38, 0x4B, 0x4E, 0xCF, 0x51, 0x52, 0x1A, 0x4A,
    0xB2, 0x87, 0x5A, 0xD6, 0x7C, 0xF6, 0xAC, 0xE9, 0xEC, 0x51, 0xB3, 0xC9, 0xE8, 0x2E, 0xED, 0xAA,
    0x3E, 0x89, 0xCE, 0x66, 0x73, 0x59, 0x32, 0x25, 0xB7, 0xC3, 0x10, 0x97, 0x6E, 0x92, 0x67, 0xED,
    0x93, 0xA4, 0x59, 0x87, 0x24, 0x59, 0x96, 0x61, 0xD5, 0xB6, 0xA3, 0xAA, 0xC6, 0x08, 0x55, 0xBE,
    0x3A, 0x44, 0x0C, 0xB3, 0xA8, 0x65, 0x12, 0x05, 0x47, 0x11, 0xB3, 0x35, 0x21, 0x76, 0xD9, 0x73,
    0x76, 0xC7, 0x6B, 0x8E, 0x5D, 0x6E, 0x08, 0x53, 0x3F, 0xFD, 0xB2, 0xD8, 0x13, 0xCD, 0x2F, 0xEC,
    0xD1, 0x84, 0xD4, 0xE6, 0x8E, 0xA9, 0x2B, 0xC7, 0xCF, 0x5D, 0xCB, 0xEA, 0x76, 0xF8, 0xC5, 0x6D,
    0x98, 0x62, 0x9F, 0x10, 0xE2, 0x50, 0x16, 0x9F, 0xC0, 0x58, 0xF0, 0xCD, 0x7E, 0x01, 0xC7, 0x29,
    0x36, 0x44, 0x88, 0x86, 0xE0, 0x9B, 0xE7, 0xCB, 0xF1, 0xF9, 0xC4, 0xF0, 0xCE, 0x66, 0x48, 0x68,
    0xBD, 0x25, 0x5D, 0x02, 0x3E, 0xED, 0x63, 0xE5, 0x06, 0x7F, 0x00, 0x7A, 0x1F, 0x11, 0x8E, 0x07,
    0x1C, 0x89, 0x40, 0x74, 0xCC, 0xE8, 0x78, 0xA2, 0x63, 0xC4, 0x34, 0x03, 0x61, 0x11, 0x1B, 0x46,
    0x61, 0xE6, 0xB8, 0x82, 0x50, 0x9B, 0x6E, 0xDB, 0x73, 0x2F, 0xB6, 0xE1, 0x8C, 0xE1, 0x9F, 0xB9,
    0x39, 0x01, 0x53, 0x46, 0xF3, 0xB7, 0xD3, 0x1C, 0x3A, 0x8D, 0x67, 0xDA, 0xAC, 0xF6, 0x0D, 0xBF,
    0xBC, 0x6D, 0xE4, 0x73, 0x46, 0xBD, 0x87, 0xE7, 0xF0, 0x8F, 0x1D, 0xF5, 0x2A, 0x1E, 0xFD, 0xCB,
    0xA6, 0x43, 0xC2, 0xC0, 0x04, 0x38, 0xB1, 0x8E, 0xE9, 0xD5, 0xF8, 0xB0, 0x2E, 0xD6, 0x6B, 0xD9,
    0x72, 0x75, 0x05, 0x89, 0x39, 0x2E, 0xBB, 0xF4, 0x05, 0x8C, 0x7C, 0x6F, 0xE2, 0x10, 0x4B, 0x00,
    0xAE, 0x85, 0xD3, 0x0B, 0x47, 0x84, 0xCB, 0x4E, 0x71, 0xD0, 0xE1, 0xE8, 0xCF, 0x96, 0x47, 0xE5,
    0xDB, 0x58, 0xDE, 0x40, 0x8A, 0xAB, 0x3C, 0x8A, 0x53, 0x1C, 0x19, 0x0F, 0x1A, 0x78, 0xC0, 0xC0,
    0xCD, 0xE2, 0x0B, 0x28, 0x8A, 0x90, 0x51, 0x49, 0x58, 0xEE, 0x50, 0x10, 0xFD, 0x7E, 0x73, 0x70,
    0xDB, 0x8D, 0xA1, 0x4F, 0x37, 0x85, 0x21, 0xDD, 0x10, 0x7C, 0xBA, 0x19, 0xF8, 0xF5, 0x46, 0xE0,
    0x17, 0x8D, 0x8D, 0xE9, 0xBD, 0x8B, 0x9A, 0x1F, 0x21, 0x6A, 0x7C, 0x30, 0x6A, 0x7A, 0x70, 0xD6,
    0xF0, 0x20, 0x34, 0x7B, 0x43, 0x68, 0x99, 0xF3, 0x76, 0x36, 0x3F, 0xDC, 0xA6, 0xE6, 0x93, 0x2E,
    0xA9, 0xEB, 0x19, 0x1F, 0x0E, 0x5A, 0xDD, 0x8E, 0xBB, 0xBC, 0xF2, 0x0B, 0xB1, 0x2A, 0x97, 0x7B,
    0xFF, 0x78, 0xFF, 0x7F, 0xEB, 0x07, 0xF8, 0x84, 0xBF, 0xE3, 0xF8, 0x19, 0xE1, 0x19, 0x18, 0x03,
    0xF1, 0x43, 0x9E, 0x5C, 0x2C, 0x61, 0xB8, 0x86, 0xC5, 0x96, 0x50, 0x63, 0x88, 0xF6, 0xC0, 0x65,
    0x19, 0xDB, 0x8C, 0xCB, 0xCA, 0xF7, 0xF6, 0xFA, 0xE3, 0x2C, 0xDA, 0x70, 0x74, 0x7B, 0xFD, 0x15,
    0x53, 0x74, 0xB3, 0x2C, 0x54, 0xFB, 0x64, 0x59, 0x98, 0x0E, 0xA9, 0x3D, 0x0B, 0x51, 0x9F, 0xBA,
    0x03, 0xFE, 0xD2, 0xB5, 0x63, 0xF6, 0x2B, 0xFC, 0x62, 0xF8, 0xD6, 0x6B, 0x7B, 0x93, 0x6A, 0xD0,
    0x36, 0x95, 0xC9, 0xEF, 0xB3, 0x88, 0xE5, 0xA6, 0xBA, 0x88, 0x36, 0xFA, 0xFA, 0x09, 0x4F, 0x45,
    0x8E, 0xFF, 0xB6, 0x6B, 0x05, 0x90, 0x96, 0x5C, 0x67, 0x78, 0x66, 0xA6, 0xBB, 0xB7, 0xD9, 0xA1,
    0xB3, 0x48, 0x49, 0x37, 0x98, 0x00, 0xD2, 0x94, 0x0E, 0x40, 0xCB, 0x26, 0x33, 0x69, 0x10, 0x14,
    0x29, 0xB2, 0x50, 0xC8, 0xA2, 0xA8, 0xC0, 0x02, 0xB4, 0x24, 0x9D, 0xA9, 0x20, 0x08, 0x3C, 0x14,
    0x00, 0x45, 0xB0, 0x1E, 0xA4, 0x80, 0xA0, 0x79, 0x33, 0x69, 0x10, 0x14, 0x99, 0xA6, 0x80, 0x22,
    0x93, 0x46, 0xA2, 0x40, 0x26, 0xC9, 0xB4, 0x3B, 0xB1, 0x73, 0xE7, 0xEF, 0xF9, 0xBE, 0xEF, 0xDE,
    0xD3, 0x79, 0xD7, 0x13, 0x8B, 0x3C, 0xFB, 0x76, 0x75, 0x9E, 0xFB, 0x9F, 0xB9, 0xBB, 0x73, 0xE7,
    0x9C, 0xF3, 0x9F, 0xFF, 0x7C, 0xFF, 0xF7, 0xFF, 0xE7, 0x97, 0xBA, 0x1A, 0x91, 0xF6, 0x42, 0x53,
    0xCE, 0x6D, 0x0D, 0x59, 0x57, 0x3C, 0xDE, 0xF1, 0xDB, 0x1F, 0xA5, 0xC8, 0x69, 0x4D, 0xF2, 0x1B,
    0x35, 0xC6, 0x26, 0x52, 0x13, 0x9B, 0xE8, 0xDD, 0x9D, 0x85, 0xCF, 0x7F, 0x62, 0x7C, 0xFE, 0x3D,
    0x36, 0xCD, 0x6B, 0x6C, 0x8C, 0xBE, 0xD1, 0x41, 0x85, 0xD5, 0xF4, 0x67, 0x68, 0x52, 0x33, 0xAC,
    0x56, 0x8E, 0x25, 0x87, 0x4D, 0xB1, 0x91, 0x03, 0x0E, 0x0D, 0xE0, 0x0F, 0x25, 0x42, 0x17, 0xC9,
    0xCC, 0xA6, 0xB1, 0x3A, 0x36, 0x03, 0xDF, 0x45, 0xE3, 0x40, 0x6F, 0x03, 0x16, 0x9B, 0x3B, 0x9B,
    0x9A, 0x9B, 0xFD, 0x90, 0x9A, 0x51, 0x18, 0xED, 0x2F, 0xF6, 0xD6, 0xD2, 0x73, 0x46, 0xE6, 0xC6,
    0x02, 0x8F, 0x09, 0x6F, 0xB9, 0xC0, 0x53, 0x6E, 0x5D, 0x27, 0x6E, 0xAD, 0x1A, 0x2C, 0x94, 0x49,
    0xA4, 0x13, 0xC4, 0x08, 0x41, 0xE4, 0x82, 0x21, 0x37, 0xC3, 0xD5, 0x0C, 0x24, 0x27, 0xB6, 0x37,
    0x96, 0x32, 0xB8, 0x06, 0x56, 0x99, 0xD7, 0x95, 0x9B, 0xC0, 0x87, 0xD8, 0x5B, 0x77, 0x07, 0xAA,
    0x1C, 0xA2, 0xC6, 0x16, 0x3D, 0x60, 0x87, 0xF4, 0x2A, 0x83, 0x70, 0x42, 0x2E, 0x22, 0xF5, 0x82,
    0xAA, 0xCD, 0x47, 0x08, 0xD2, 0xB8, 0x9D, 0xE0, 0xDC, 0xE5, 0xF3, 0x64, 0x99, 0xE6, 0x05, 0xBB,
    0xB0, 0x72, 0x8F, 0xBF, 0x10, 0x95, 0x8D, 0x8A, 0xB4, 0x82, 0x4D, 0x9F, 0x74, 0xF1, 0x98, 0xD7,
    0xD1, 0x6C, 0x52, 0x47, 0x33, 0xD0, 0x9B, 0xC8, 0x97, 0x39, 0x74, 0x53, 0xD0, 0xC5, 0xDF, 0xE2,
    0x43, 0x8E, 0xB9, 0xC8, 0xD9, 0x6C, 0x30, 0x15, 0xBA, 0x6A, 0x3A, 0x2C, 0x6E, 0xF8, 0x8C, 0x2E,
    0xF9, 0x4F, 0xDC, 0xBA, 0x22, 0x94, 0x57, 0xCA, 0x2B, 0x25, 0x48, 0x5E, 0xE1, 0x64, 0x32, 0x60,
    0x46, 0xF1, 0x5D, 0xCC, 0x21, 0xA2, 0xE3, 0x08, 0xB5, 0xF9, 0x8E, 0x0F, 0x98, 0x33, 0x07, 0xC7,
    0x28, 0x90, 0x93, 0xB5, 0x96, 0x31, 0xE0, 0xC0, 0x10, 0x70, 0x54, 0x04, 0xA8, 0x00, 0x50, 0x54,
    0x41, 0xE1, 0x5F, 0x31, 0x52, 0x0E, 0x90, 0x8A, 0xFD, 0x14, 0xFA, 0x29, 0xF2, 0x53, 0xE0, 0xA7,
    0xB8, 0xAF, 0x80, 0x6C, 0x15, 0xF5, 0x91, 0x37, 0x2A, 0xE6, 0x53, 0xC8, 0xC7, 0x88, 0xCF, 0x23,
    0xA7, 0x43, 0xE0, 0x3A, 0x48, 0xFB, 0xCA, 0x8D, 0xE6, 0x3F, 0x04, 0xF4, 0x51, 0x84, 0x9B, 0x7A,
    0x5D, 0x5D, 0x09, 0xBE, 0x36, 0x36, 0x22, 0x06, 0xDC, 0x32, 0x04, 0x64, 0x04, 0xC8, 0x00, 0x90,
    0xF1, 0x9F, 0xC2, 0x3F, 0x5B, 0x89, 0x64, 0x4B, 0x5A, 0xC5, 0xC8, 0x0F, 0x81, 0x1F, 0x9C, 0x8D,
    0x29, 0xEC, 0xE3, 0x16, 0xBC, 0xED, 0x77, 0x60, 0xC5, 0x0D, 0x58, 0x50, 0x57, 0xB9, 0x69, 0xF7,
    0x1D, 0x6C, 0x3E, 0x5E, 0x8A, 0xFD, 0x18, 0xF9, 0xCD, 0xF4, 0x37, 0x25, 0x5D, 0x8D, 0x5C, 0xCB,
    0x4A, 0x2E, 0x8C, 0xF6, 0xB6, 0x8C, 0xF5, 0x66, 0xB2, 0x61, 0x2F, 0xB1, 0x3F, 0x18, 0xE3, 0x8D,
    0x8A, 0xF0, 0xE8, 0x03, 0x57, 0x32, 0xEB, 0x15, 0xD9, 0x29, 0xAE, 0x53, 0x54, 0x27, 0x72, 0xAB,
    0x88, 0x8E, 0x0C, 0xC8, 0x93, 0xD8, 0x6D, 0xD2, 0x07, 0x24, 0xAF, 0x24, 0xAE, 0x0C, 0x60, 0xC0,
    0x69, 0xBC, 0x79, 0xC1, 0xBE, 0xF2, 0xA1, 0xB0, 0x92, 0x6A, 0x2A, 0xFA, 0x18, 0xBA, 0x62, 0x4C,
    0x47, 0x30, 0x64, 0x44, 0xC7, 0x80, 0x8E, 0xF1, 0x1C, 0x81, 0x90, 0x28, 0xC8, 0x60, 0x8E, 0xB1,
    0x1C, 0x43, 0x39, 0x46, 0x72, 0xBB, 0x40, 0xEE, 0xF8, 0x18, 0x06, 0x64, 0xB6, 0xA5, 0x44, 0x87,
    0x37, 0x6E, 0xBC, 0x18, 0x9C, 0xBE, 0x7E, 0x15, 0xD6, 0xC0, 0xBA, 0x64, 0xC4, 0x82, 0x42, 0x21,
    0xD1, 0x92, 0x4C, 0xFC, 0x77, 0x45, 0x82, 0x17, 0x56, 0xAB, 0xBC, 0x42, 0x85, 0xAD, 0x12, 0xD3,
    0xE1, 0x68, 0xC3, 0x69, 0x03, 0x14, 0x4C, 0x47, 0x09, 0x7E, 0xE5, 0x75, 0x8E, 0x3A, 0x0F, 0x42,
    0xE2, 0xFE, 0x66, 0xF2, 0xE0, 0x4F, 0x38, 0x82, 0x62, 0xBC, 0xCF, 0x0D, 0xCB, 0x87, 0x43, 0xFF,
    0xA5, 0xF2, 0x14, 0xB4, 0x63, 0x72, 0x7A, 0x21, 0x01, 0x73, 0x23, 0x49, 0x7D, 0xBF, 0x57, 0xE2,
    0x19, 0xF7, 0x17, 0x04, 0xC5, 0xB3, 0xB0, 0xFB, 0xFC, 0xFD, 0x81, 0xA4, 0xAD, 0x13, 0x3C, 0x11,
    0xFC, 0x39, 0xAE, 0x17, 0x1F, 0x86, 0x95, 0x78, 0xD4, 0xFD, 0x05, 0x27, 0x01, 0xFC, 0xFC, 0xF3,
    0x80, 0xF9, 0x8F, 0x98, 0x37, 0xAB, 0x21, 0x18, 0x0F, 0xDC, 0xEF, 0x95, 0xF8, 0xE1, 0x2A, 0x2A,
    0xA2, 0x5B, 0x66, 0x76, 0xD2, 0x8F, 0xAC, 0xA2, 0xBC, 0xF4, 0x30, 0xAC, 0xC4, 0x55, 0xCF, 0x2B,
    0xAD, 0x86, 0xE8, 0xF6, 0x9B, 0x23, 0x22, 0xC7, 0xCB, 0xEF, 0xF3, 0x4A, 0xE4, 0x0B, 0x70, 0xB2,
    0x4B, 0x9D, 0xD7, 0x2F, 0xCA, 0x74, 0xBA, 0xEE, 0xF4, 0xF2, 0xC4, 0x3E, 0xC5, 0x90, 0xD8, 0x14,
    0x9A, 0x8D, 0xC9, 0x92, 0x0F, 0xAE, 0xD3, 0xBE, 0xE8, 0x8A, 0xB6, 0x6A, 0x5D, 0xDF, 0x7F, 0x71,
    0x1A, 0xB3, 0x51, 0x0C, 0x46, 0x2E, 0xC5, 0xFB, 0x14, 0xA2, 0xEF, 0x99, 0x5E, 0x45, 0x8B, 0xC8,
    0x79, 0x63, 0x15, 0xB1, 0x8C, 0x24, 0x3A, 0x5C, 0xD3, 0xF5, 0x42, 0x3E, 0x38, 0x84, 0x99, 0xB3,
    0xA4, 0xAB, 0x89, 0xE1, 0x6A, 0xA2, 0xE3, 0xE3, 0x35, 0xE3, 0x88, 0x87, 0xAC, 0x75, 0x4B, 0x50,
    0xF4, 0x12, 0xFC, 0xCA, 0xEB, 0xFC, 0x98, 0xB4, 0x56, 0xC1, 0xBB, 0xF6, 0x50, 0x8D, 0xBF, 0x8E,
    0x56, 0x41, 0x1E, 0xA7, 0xE4, 0x1B, 0x01, 0x34, 0x1F, 0x79, 0x88, 0x56, 0x21, 0x25, 0x23, 0xEC,
    0x21, 0x06, 0xDD, 0xF1, 0xDF, 0xCE, 0x7F, 0x15, 0x82, 0xF0, 0xC6, 0x8D, 0x5F, 0xA0, 0xC5, 0xDC,
    0xFA, 0xFD, 0x4D, 0x27, 0x6D, 0x1E, 0x1F, 0xD7, 0xC1, 0x37, 0x5E, 0x98, 0x07, 0x13, 0xB1, 0x98,
    0x95, 0x49, 0xA7, 0x05, 0xF3, 0xC9, 0x5C, 0x59, 0xDD, 0xC4, 0xBA, 0x41, 0x18, 0xE4, 0x54, 0x85,
    0xCE, 0xB2, 0x2F, 0x4C, 0x2F, 0xAE, 0x3E, 0xB4, 0xF2, 0x15, 0x3E, 0xFB, 0x9C, 0x05, 0x7C, 0x76,
    0x89, 0x79, 0x43, 0xE2, 0x6D, 0x0C, 0x91, 0x90, 0x8A, 0xA4, 0x87, 0x36, 0xDB, 0x46, 0xCA, 0x34,
    0xDA, 0x8C, 0x9B, 0x78, 0xC6, 0x53, 0x03, 0xE3, 0x15, 0x6E, 0x50, 0x40, 0x61, 0x36, 0xE1, 0x9C,
    0xA1, 0xA9, 0x01, 0x94, 0x69, 0xBB, 0x4B, 0xB1, 0x65, 0xF5, 0x46, 0xEB, 0x51, 0xD4, 0x8D, 0xD3,
    0x8D, 0x99, 0xD6, 0x24, 0xE5, 0x0D, 0x27, 0x0C, 0x55, 0x67, 0x6A, 0x72, 0x36, 0x67, 0x5E, 0x1B,
    0x6B, 0x10, 0xA1, 0x54, 0xFC, 0x5D, 0x64, 0x1B, 0xEB, 0xAC, 0xC4, 0x22, 0x94, 0x56, 0x02, 0xB6,
    0x42, 0xE2, 0xDC, 0xBC, 0x71, 0x4B, 0xD1, 0x6D, 0xE6, 0x0A, 0x3A, 0x4F, 0x6C, 0x29, 0xA1, 0xFF,
    0xE5, 0x28, 0x40, 0x23, 0x92, 0xE1, 0x9A, 0xEF, 0x06, 0x86, 0xF4, 0xD8, 0x75, 0xE4, 0xC6, 0x46,
    0xA7, 0x9C, 0xE2, 0x33, 0x5B, 0x5E, 0x1A, 0xDD, 0x10, 0xEE, 0xA0, 0x77, 0x24, 0x14, 0x64, 0xC2,
    0xBF, 0x7C, 0x53, 0x03, 0x1B, 0x5C, 0x77, 0x9F, 0x36, 0x03, 0x8E, 0x02, 0x12, 0x1E, 0x7A, 0x09,
    0xE6, 0x93, 0x9E, 0xC9, 0x9E, 0x0E, 0x69, 0xC8, 0xCB, 0xF5, 0x2E, 0xC1, 0x2A, 0x55, 0xF8, 0xC4,
    0x2A, 0xB9, 0x4D, 0x61, 0x88, 0x9E, 0x2A, 0x4A, 0x20, 0x31, 0x65, 0x31, 0x24, 0x66, 0x43, 0x31,
    0xA4, 0x66, 0x63, 0x3E, 0xC1, 0x66, 0x99, 0x86, 0x07, 0x5A, 0x32, 0xC7, 0xF8, 0xF5, 0x5B, 0xC8,
    0x06, 0xC9, 0x2C, 0x5E, 0xA6, 0x91, 0x34, 0x86, 0x0C, 0x93, 0x13, 0xF9, 0xD8, 0x38, 0x43, 0xEC,
    0x9D, 0xB0, 0xB6, 0x72, 0xA2, 0x6E, 0x20, 0x8C, 0xC2, 0x3D, 0xF6, 0xFE, 0x82, 0x1F, 0x8E, 0x48,
    0x96, 0x21, 0x66, 0x14, 0xCB, 0x82, 0x60, 0x66, 0xD6, 0xD0, 0x57, 0x0E, 0x9D, 0x45, 0xD6, 0x1A,
    0x96, 0x13, 0x62, 0xCA, 0x91, 0x33, 0xA4, 0x37, 0xD0, 0xD2, 0x37, 0xEE, 0xB7, 0x98, 0x56, 0x84,
    0xFD, 0x47, 0x48, 0x8A, 0xA7, 0x8A, 0xB9, 0x0D, 0x01, 0x07, 0xE7, 0xD9, 0x70, 0x86, 0x4F, 0x79,
    0x3B, 0x3D, 0x6F, 0x95, 0x39, 0xB9, 0x40, 0xBA, 0x45, 0xBE, 0x27, 0x95, 0x45, 0x13, 0x2C, 0x74,
    0x4E, 0x91, 0x07, 0x2B, 0x6A, 0xD8, 0x8E, 0x80, 0x89, 0x11, 0xF6, 0xEA, 0x0A, 0xB1, 0x8D, 0x52,
    0x88, 0x62, 0x30, 0x24, 0xEE, 0x4D, 0x0A, 0x0D, 0xAD, 0x94, 0x28, 0x43, 0xFB, 0x19, 0x42, 0xFB,
    0xD7, 0x91, 0xAB, 0x63, 0x52, 0x81, 0xAA, 0xF5, 0x90, 0x51, 0x58, 0x89, 0x97, 0x60, 0x2B, 0x34,
    0xC6, 0x5D, 0xC3, 0x84, 0x2B, 0x44, 0xD5, 0x02, 0x8A, 0xEA, 0x6C, 0x8E, 0x10, 0x1F, 0xDB, 0x48,
    0xD5, 0x92, 0xEC, 0x93, 0xEE, 0x47, 0x93, 0x8E, 0xEB, 0xB6, 0x79, 0x4B, 0x8D, 0x36, 0x02, 0xCF,
    0xAD, 0x9A, 0x49, 0x0E, 0x1D, 0x0F, 0x9E, 0xBE, 0x1A, 0xFB, 0xD2, 0xC0, 0x28, 0xEC, 0x63, 0x83,
    0x5A, 0xB7, 0xD4, 0x1C, 0x71, 0x87, 0xBB, 0x77, 0x09, 0xD0, 0xA4, 0x13, 0xE1, 0xB8, 0xE0, 0x30,
    0x47, 0xAB, 0xD1, 0x7C, 0xB5, 0x08, 0x26, 0x46, 0x35, 0xD2, 0xB7, 0x60, 0xB9, 0xF9, 0x5C, 0xCD,
    0xFB, 0x42, 0xE0, 0xF7, 0xAC, 0x44, 0xF3, 0xAE, 0xB5, 0xCC, 0xD6, 0x5A, 0xC7, 0x4C, 0x6D, 0x35,
    0xA0, 0xE1, 0xC8, 0x62, 0x91, 0x23, 0xD2, 0xA7, 0x11, 0x0D, 0xC3, 0x7A, 0xE8, 0xDE, 0x07, 0x29,
    0x73, 0xE8, 0x9E, 0x3B, 0x41, 0x92, 0xB0, 0xB8, 0xB5, 0x0F, 0x5F, 0x33, 0xCC, 0x8D, 0x43, 0xF3,
    0xEA, 0x6F, 0x74, 0x40, 0xC3, 0xAC, 0x0B, 0xC5, 0x3A, 0xEB, 0x42, 0xF6, 0x87, 0x94, 0x75, 0x19,
    0x59, 0x0C, 0x2C, 0x4F, 0xCD, 0x51, 0x99, 0xE2, 0x2D, 0x47, 0x65, 0x96, 0xEF, 0x39, 0x95, 0x22,
    0x15, 0x8C, 0x8E, 0x53, 0xCC, 0x82, 0x22, 0x83, 0x63, 0xC9, 0xBF, 0x20, 0xFC, 0x20, 0xD7, 0xD1,
    0xE3, 0xA4, 0xA7, 0x2B, 0x86, 0xAB, 0xCE, 0xC2, 0x6D, 0x40, 0xEA, 0xFB, 0xE8, 0x22, 0x65, 0x48,
    0x1A, 0xEE, 0x1F, 0x22, 0x71, 0x30, 0x42, 0x44, 0x83, 0xFC, 0x6F, 0x09, 0x29, 0xBF, 0x60, 0xF5,
    0xBD, 0x64, 0x47, 0xCA, 0x6F, 0xCA, 0x8E, 0x8C, 0xC8, 0x8E, 0xF4, 0x30, 0xF3, 0x7A, 0xE7, 0x88,
    0xC9, 0x1A, 0x33, 0xF4, 0x52, 0xA0, 0x8F, 0x57, 0x21, 0x9A, 0x27, 0x61, 0x10, 0x33, 0xDD, 0x20,
    0x13, 0xB0, 0x37, 0x6E, 0xD0, 0x50, 0xAC, 0xA6, 0x2C, 0xDD, 0x76, 0x3F, 0x3E, 0x9D, 0x69, 0x7B,
    0x10, 0x55, 0xC9, 0x09, 0x71, 0x3E, 0x10, 0x07, 0xD3, 0xB9, 0x3F, 0x8A, 0x8E, 0x88, 0x07, 0xD1,
    0x94, 0xE0, 0xDB, 0x4C, 0x34, 0xB0, 0x26, 0xD0, 0x33, 0x1E, 0x1F, 0xAF, 0x1D, 0x1D, 0x0C, 0x94,
    0x7E, 0x3F, 0xF5, 0xD2, 0xC1, 0x61, 0x07, 0x44, 0xCA, 0x00, 0x62, 0x41, 0x5E, 0xD2, 0x05, 0x93,
    0x0F, 0x7D, 0x5F, 0x40, 0xA5, 0xBD, 0x15, 0x99, 0xA7, 0x74, 0xFB, 0x7F, 0x5E, 0x7C, 0xD2, 0x34,
    0xF8, 0xED, 0x8E, 0x9E, 0x99, 0x38, 0x06, 0x7F, 0x40, 0x19, 0xAE, 0x64, 0x44, 0x19, 0xD3, 0x9F,
    0x0A, 0x9A, 0xD3, 0x05, 0x83, 0xCC, 0xE6, 0x5D, 0x7D, 0x48, 0x3E, 0x63, 0xE9, 0x13, 0xF1, 0x88,
    0x46, 0x94, 0xE3, 0x1D, 0xB2, 0x8B, 0x8A, 0xCC, 0xB2, 0xF8, 0x80, 0x4A, 0xB1, 0xDA, 0x77, 0xC5,
    0xF1, 0xF8, 0xEB, 0x2A, 0xCB, 0x16, 0xDE, 0x06, 0x3A, 0x7D, 0x06, 0xE8, 0xC5, 0x14, 0xA3, 0xF9,
    0x5A, 0x83, 0x98, 0x07, 0xE4, 0x2F, 0xB2, 0xD0, 0xF0, 0xCA, 0xDD, 0x2C, 0xFC, 0xD2, 0xC2, 0x45,
    0xF0, 0xC5, 0x4A, 0xF6, 0x11, 0x6C, 0x9E, 0x37, 0x8C, 0x9B, 0x5C, 0x92, 0xC0, 0xB2, 0x96, 0x79,
    0x89, 0x9F, 0x59, 0x1B, 0x99, 0xAF, 0x24, 0xE9, 0x73, 0x1E, 0x18, 0xE2, 0x91, 0xCB, 0x72, 0x74,
    0xD1, 0x78, 0xE0, 0x48, 0x16, 0x3A, 0x12, 0xAF, 0x3E, 0x2D, 0xA0, 0xFB, 0xD0, 0x37, 0x98, 0xCF,
    0x24, 0x17, 0x14, 0x1D, 0xBE, 0x1E, 0x02, 0xDB, 0x01, 0xBA, 0xF9, 0xC4, 0x32, 0x67, 0x00, 0xB1,
    0x85, 0x98, 0x75, 0x8C, 0x22, 0x37, 0x4E, 0x87, 0xF3, 0x83, 0x5C, 0x40, 0xBA, 0x3E, 0x95, 0xFB,
    0x7F, 0x2D, 0x84, 0xEE, 0xA5, 0x07, 0x5D, 0x52, 0x03, 0x2F, 0x69, 0x81, 0x97, 0x94, 0xC0, 0xEB,
    0xE1, 0xAB, 0x7A, 0x08, 0xC5, 0xC7, 0xE8, 0x4B, 0xD9, 0x72, 0x30, 0xA7, 0x4F, 0xB0, 0x64, 0x83,
    0x0F, 0x54, 0xB1, 0x43, 0x80, 0xE1, 0xF9, 0xD3, 0x37, 0xEE, 0x62, 0x5A, 0x1D, 0x63, 0x0F, 0x7F,
    0x76, 0x78, 0x3B, 0xB8, 0xA8, 0x2C, 0x54, 0xC1, 0x24, 0x61, 0x80, 0x4A, 0x47, 0xE7, 0x1A, 0x7A,
    0x5E, 0xDE, 0x57, 0x16, 0x4A, 0x9F, 0x9D, 0xDA, 0xEE, 0x2C, 0x2B, 0x31, 0x01, 0x90, 0xA0, 0x0B,
    0x73, 0x84, 0x6D, 0xEA, 0xC8, 0xDD, 0x5A, 0x6E, 0x23, 0xDD, 0x28, 0x31, 0x56, 0x3B, 0x80, 0xE2,
    0x7C, 0xEB, 0x0D, 0xA7, 0x0F, 0xAB, 0x9D, 0x61, 0xE3, 0x91, 0xE1, 0x6B, 0xCE, 0x30, 0x0D, 0xE5,
    0x08, 0xC6, 0x69, 0x8D, 0xD4, 0xD8, 0x02, 0xE2, 0x5D, 0x0C, 0x78, 0x55, 0x3E, 0xA0, 0x1F, 0x16,
    0x2D, 0xA0, 0x1F, 0xDD, 0x58, 0xCB, 0x9B, 0x76, 0xB7, 0x5D, 0x9A, 0xFD, 0x0D, 0xA6, 0x5E, 0x8B,
    0xD8, 0xFE, 0xC8, 0xFE, 0x85, 0x19, 0xE0, 0xC5, 0xE8, 0x7D, 0x6F, 0xC5, 0xD7, 0xFE, 0xA0, 0xF6,
    0x65, 0x60, 0xF6, 0x0B, 0x46, 0x2B, 0xB6, 0xD9, 0xDD, 0x2F, 0x0D, 0x8F, 0xBB, 0xD3, 0x85, 0x75,
    0x1A, 0x4E, 0x2E, 0x90, 0x9B, 0x2D, 0xC6, 0xC0, 0xB5, 0xA3, 0x9C, 0x38, 0xE6, 0x81, 0x03, 0xEE,
    0x10, 0x2E, 0x71, 0xD3, 0x33, 0x57, 0x37, 0x28, 0x9D, 0x90, 0xB3, 0xE6, 0xA4, 0x01, 0xF8, 0x7E,
    0x48, 0x8D, 0x7D, 0x24, 0xC7, 0xC6, 0x55, 0x15, 0x63, 0x1E, 0x29, 0x6B, 0x2E, 0x25, 0xCD, 0x97,
    0x32, 0x96, 0x5C, 0x28, 0xB7, 0x82, 0x26, 0xC2, 0x00, 0x24, 0x2E, 0xD9, 0x48, 0x34, 0x43, 0xF2,
    0x69, 0xEF, 0x64, 0xB5, 0xAE, 0xFE, 0x3F, 0x99, 0x0E, 0x3D, 0xB8, 0x54, 0x7F, 0xE0, 0x8B, 0x31,
    0x58, 0x79, 0xC0, 0xA6, 0x29, 0x09, 0x03, 0xE6, 0x0B, 0x0E, 0x54, 0x6D, 0xB0, 0x2F, 0xBA, 0x60,
    0x9D, 0x81, 0x2F, 0xB6, 0x60, 0x85, 0x81, 0x2F, 0xB2, 0x60, 0x6D, 0x81, 0x2F, 0xAE, 0x30, 0xD9,
    0x1A, 0xFA, 0xF1, 0x8D, 0x8A, 0x09, 0xF6, 0x95, 0x04, 0x80, 0x2F, 0x5F, 0x40, 0xB1, 0x2B, 0x20,
    0x40, 0x5E, 0x8B, 0x78, 0xCB, 0xCD, 0xEA, 0x67, 0x44, 0x77, 0x15, 0xAE, 0xC9, 0x3F, 0xCF, 0xF7,
    0x79, 0xB8, 0xCF, 0x93, 0x7D, 0x1D, 0xEB, 0x83, 0x60, 0xF1, 0x40, 0x7F, 0x7F, 0x9A, 0x6F, 0xB5,
    0xCE, 0xF1, 0xD7, 0x99, 0x4A, 0x9A, 0xF8, 0xA2, 0x83, 0x7B, 0x9D, 0xDA, 0x77, 0xFB, 0x62, 0xCF,
    0x9B, 0xEB, 0x82, 0x85, 0x54, 0x4D, 0x3E, 0xB2, 0x69, 0xEA, 0x95, 0x42, 0xA3, 0x1D, 0x9F, 0x7A,
    0x4C, 0xDF, 0x44, 0x10, 0xD2, 0x7F, 0x74, 0x7C, 0x3E, 0x26, 0x08, 0x3D, 0x1D, 0xA9, 0x89, 0xB9,
    0x20, 0xC5, 0x4B, 0x7A, 0x04, 0xAB, 0x89, 0x18, 0xEE, 0x41, 0xCA, 0x7F, 0xE9, 0x4A, 0x3C, 0x5C,
    0x54, 0x4E, 0xE8, 0xFD, 0x24, 0x18, 0x9C, 0x98, 0xCF, 0xAD, 0xE7, 0x06, 0x22, 0x9D, 0xBA, 0x41,
    0x8C, 0xF8, 0x9F, 0x01, 0x77, 0x53, 0xBE, 0x9F, 0x50, 0x7E, 0xAE, 0x07, 0xFD, 0xB2, 0x0B, 0x08,
    0x2A, 0xE6, 0xD0, 0x61, 0xF9, 0x0A, 0x51, 0x1F, 0x44, 0xFA, 0xD2, 0xC7, 0x27, 0x1F, 0xE2, 0x54,
    0x19, 0x7F, 0xE8, 0x3D, 0x36, 0xC7, 0xEB, 0xCD, 0x5B, 0xEE, 0x85, 0x14, 0xFB, 0x22, 0x24, 0xCE,
    0x82, 0x47, 0x29, 0x05, 0x79, 0xA6, 0x41, 0x6A, 0xDE, 0x90, 0x8B, 0xB6, 0x8E, 0x48, 0x4B, 0xD6,
    0x22, 0x7E, 0x2C, 0x5A, 0x12, 0x36, 0xC5, 0x8F, 0x60, 0x5E, 0x80, 0x95, 0xA6, 0x4B, 0x0C, 0xF1,
    0x63, 0x66, 0x13, 0xDC, 0xEE, 0xE7, 0x88, 0x1F, 0x9B, 0x17, 0xE6, 0xD4, 0xE1, 0x17, 0xE2, 0xC7,
    0x78, 0x46, 0xFC, 0x98, 0x8C, 0x4E, 0x0E, 0x69, 0x8F, 0xF8, 0xB1, 0x68, 0x33, 0x27, 0x9B, 0x12,
    0xF1, 0xE3, 0x82, 0xF8, 0xF1, 0xAB, 0x19, 0xF1, 0xE3, 0x9D, 0x11, 0xF1, 0xA3, 0xB1, 0x0A, 0xCE,
    0x5A, 0xC4, 0x8F, 0x3B, 0x82, 0xC5, 0x8A, 0x75, 0xC6, 0x8F, 0x1B, 0x1A, 0x47, 0xFA, 0xF1, 0x31,
    0xB8, 0x6E, 0x4B, 0xA5, 0x41, 0xF0, 0xF2, 0x6A, 0x25, 0x9C, 0x27, 0x8B, 0x3F, 0xB4, 0xAC, 0x3D,
    0x92, 0xFD, 0x04, 0xE2, 0xCF, 0x60, 0xFE, 0xD3, 0x3E, 0x6E, 0x4C, 0xE1, 0x1D, 0x53, 0x40, 0x54,
    0x01, 0xCA, 0x70, 0x82, 0xB8, 0xF1, 0x4B, 0x73, 0x59, 0x95, 0x4F, 0x9C, 0xF8, 0xEB, 0x7B, 0x4E,
    0x7C, 0xF0, 0x9C, 0x13, 0x88, 0x2F, 0x0D, 0x21, 0x71, 0x33, 0x9E, 0x2A, 0x5F, 0x48, 0x01, 0x64,
    0x85, 0x82, 0x59, 0xE9, 0x93, 0xB0, 0x16, 0xD2, 0xB9, 0x6C, 0x37, 0x23, 0x87, 0xF3, 0x73, 0x71,
    0xEA, 0xBF, 0x73, 0x3F, 0x64, 0xF8, 0x2D, 0x80, 0x6D, 0x33, 0xC8, 0x53, 0xDC, 0x7E, 0x60, 0xA0,
    0x69, 0xD3, 0xA7, 0xF0, 0xFB, 0x39, 0x08, 0x42, 0x06, 0x5F, 0xF2, 0xFA, 0x82, 0x77, 0x39, 0x05,
    0x47, 0x63, 0xD2, 0x9F, 0x2F, 0xD0, 0xEC, 0xD3, 0xEF, 0xFC, 0x52, 0x08, 0x62, 0xAC, 0xE9, 0x15,
    0xF3, 0xA1, 0x89, 0xDB, 0xA8, 0x7F, 0x80, 0x40, 0xFE, 0xF1, 0xD1, 0x09, 0x18, 0x33, 0xBF, 0x6E,
    0xFA, 0xBC, 0x76, 0xC8, 0x9E, 0xD6, 0x2E, 0x44, 0xB8, 0x7C, 0x4E, 0x4A, 0x7C, 0x04, 0x61, 0x13,
    0xA8, 0x03, 0x64, 0xCF, 0xC1, 0x4F, 0x0D, 0x2B, 0x6A, 0x09, 0x76, 0xD5, 0xB3, 0x0B, 0x13, 0xC9,
    0xD7, 0x0E, 0x79, 0x8B, 0x62, 0x55, 0x45, 0xA9, 0x60, 0xC8, 0xC9, 0x0C, 0x99, 0xEE, 0xE5, 0x25,
    0x29, 0x19, 0x6F, 0xC3, 0x3A, 0xE4, 0x58, 0x0D, 0xF8, 0xFA, 0x4E, 0xA1, 0xF9, 0x5E, 0x36, 0x7D,
    0x0A, 0xD9, 0xB9, 0x29, 0x02, 0x9C, 0xCA, 0x55, 0x3D, 0xF2, 0xA3, 0xF4, 0x6E, 0xEF, 0xB0, 0xBE,
    0x74, 0x26, 0x0E, 0xCD, 0x3B, 0x56, 0xD8, 0x18, 0x09, 0x64, 0xE9, 0x76, 0x35, 0x0E, 0x2A, 0xC5,
    0xB7, 0x69, 0x80, 0x88, 0xC5, 0x00, 0x4A, 0xD5, 0xE9, 0x2C, 0x0B, 0x61, 0xBD, 0x73, 0x7C, 0x27,
    0x73, 0x8A, 0x9F, 0x80, 0xE3, 0x03, 0x34, 0xD1, 0x57, 0xBD, 0x63, 0x83, 0x58, 0x1D, 0x9B, 0xA1,
    0x75, 0xF5, 0x4E, 0x71, 0xD5, 0x89, 0xB0, 0x87, 0x2A, 0xDD, 0x23, 0x3D, 0x38, 0xA5, 0xB1, 0xD4,
    0xB5, 0xF7, 0x27, 0xD6, 0xBB, 0x2F, 0xA9, 0x31, 0x12, 0xB8, 0x0B, 0xA3, 0x79, 0x06, 0x20, 0xE2,
    0x72, 0x1E, 0xD7, 0x2F, 0x9C, 0xAE, 0xC8, 0x9B, 0x36, 0x36, 0x90, 0x45, 0xA2, 0x30, 0xE2, 0x15,
    0xF7, 0x77, 0x13, 0x2B, 0x4F, 0xFD, 0x50, 0x3D, 0xD0, 0x0E, 0x94, 0x03, 0xDD, 0x40, 0x35, 0xD0,
    0x0C, 0x14, 0x23, 0x67, 0x22, 0xAD, 0x40, 0x29, 0xD0, 0x09, 0x54, 0x02, 0x8D, 0x40, 0x07, 0x34,
    0x20, 0xDA, 0x0F, 0xCD, 0x87, 0xD6, 0x13, 0xF3, 0xD8, 0xBE, 0x2A, 0x17, 0x9A, 0xCE, 0x7D, 0x2B,
    0xEC, 0xFB, 0x9D, 0x03, 0x78, 0x7B, 0x6D, 0x09, 0x9A, 0x7F, 0x5A, 0x9D, 0x8F, 0x55, 0xCF, 0x33,
    0xE9, 0x7C, 0xE7, 0x64, 0xC3, 0x37, 0xDD, 0x6F, 0xE0, 0x41, 0x46, 0xF6, 0xC6, 0x4F, 0xC1, 0x28,
    0x41, 0xDE, 0xB8, 0x82, 0xB2, 0x35, 0x6F, 0xF6, 0xC2, 0xE8, 0x0C, 0xFD, 0x24, 0x8A, 0x18, 0xAA,
    0x91, 0x96, 0x40, 0x1D, 0xA4, 0x36, 0xD1, 0x06, 0x60, 0x01, 0xBF, 0x59, 0xAD, 0xBF, 0xC2, 0x7D,
    0x06, 0x4C, 0x9C, 0x6A, 0xCA, 0x0F, 0xE7, 0xC9, 0x69, 0xFA, 0x3E, 0x07, 0x4E, 0x91, 0x33, 0xF4,
    0x7D, 0xB2, 0x5F, 0x4E, 0x4E, 0x45, 0x87, 0x9C, 0x19, 0x27, 0x46, 0x0F, 0x66, 0x5B, 0x82, 0x84,
    0x5B, 0x8C, 0x32, 0x75, 0x7F, 0x8F, 0x04, 0x97, 0xBF, 0x9D, 0x62, 0xC5, 0xCB, 0xA4, 0xD3, 0x79,
    0x57, 0x95, 0x18, 0x23, 0x46, 0xA4, 0x14, 0x6F, 0x64, 0x62, 0x96, 0x6D, 0x43, 0xE6, 0x7D, 0xA5,
    0xBC, 0x98, 0xC5, 0x8A, 0x69, 0x5B, 0x60, 0x42, 0x4D, 0xCB, 0xB7, 0xC9, 0x25, 0x05, 0xD5, 0xEF,
    0x17, 0x50, 0xE7, 0xBC, 0x3E, 0xBF, 0x62, 0x45, 0x5F, 0xC8, 0x62, 0x03, 0x51, 0x9A, 0x36, 0x7D,
    0x77, 0x0B, 0x8D, 0xB1, 0x1C, 0xE9, 0x7A, 0xF0, 0xE3, 0x8B, 0x5A, 0xDE, 0x19, 0xDC, 0xE2, 0xE1,
    0x10, 0x4F, 0x62, 0x5C, 0x8F, 0xD9, 0xD1, 0x09, 0x6B, 0xA8, 0xC0, 0xC7, 0x1F, 0x3B, 0x27, 0x65,
    0x5D, 0xE2, 0x9B, 0x69, 0x4B, 0x84, 0x6F, 0xCC, 0x44, 0x46, 0x96, 0x9C, 0x6D, 0x64, 0xBC, 0x08,
    0xA4, 0x84, 0x34, 0xC0, 0xC7, 0xC6, 0x88, 0xA4, 0xC6, 0xEC, 0x83, 0xF5, 0x90, 0x0D, 0x99, 0xB9,
    0x75, 0x98, 0x28, 0xB0, 0x68, 0xA4, 0x36, 0x11, 0x66, 0x62, 0x04, 0x93, 0x0E, 0x0E, 0xC8, 0xA5,
    0x09, 0x27, 0xDA, 0x66, 0x45, 0x4F, 0x29, 0x7D, 0x8D, 0x41, 0xC8, 0x84, 0x57, 0x44, 0xAD, 0x31,
    0xE7, 0x80, 0x6D, 0x17, 0xDB, 0xD4, 0xA0, 0x4C, 0x66, 0x56, 0x1A, 0xFF, 0x6C, 0x60, 0x29, 0x3D,
    0x7B, 0x8F, 0xEC, 0x8D, 0xA1, 0xB2, 0x6A, 0x46, 0xEA, 0x2F, 0xB6, 0x3B, 0xEE, 0xF3, 0x2E, 0x97,
    0x74, 0xB3, 0xC6, 0x01, 0xEE, 0xE3, 0x33, 0x71, 0xC7, 0x1B, 0x53, 0x78, 0xCA, 0x98, 0x20, 0x8B,
    0xE0, 0x55, 0x1A, 0xD3, 0xD3, 0xC1, 0xC5, 0xD4, 0x0C, 0xF0, 0x8A, 0x99, 0x0B, 0x30, 0xF6, 0x93,
    0x78, 0x0C, 0xF0, 0x77, 0x14, 0xDC, 0xFC, 0x56, 0xB4, 0x72, 0x33, 0x3C, 0x22, 0x7F, 0x9E, 0xF0,
    0xAE, 0xE7, 0xB7, 0x3B, 0xF6, 0x4C, 0xF2, 0xDC, 0x79, 0xEE, 0xFC, 0x54, 0x70, 0xFB, 0x62, 0x56,
    0x89, 0xB1, 0xD0, 0x8B, 0xBC, 0x0A, 0x9A, 0x40, 0x7E, 0xEE, 0x6F, 0xC8, 0xEB, 0x8F, 0x79, 0xE7,
    0xA2, 0x8F, 0x68, 0x3C, 0xD7, 0xDA, 0x54, 0xF2, 0xE4, 0xC4, 0x4A, 0xCF, 0x92, 0x49, 0x92, 0x43,
    0x32, 0x8D, 0xB8, 0x8B, 0xFA, 0x0B, 0xAA, 0x31, 0xD9, 0x06, 0xFD, 0x59, 0x00, 0x0E, 0x14, 0x4D,
    0x69, 0xE7, 0xC6, 0x1B, 0x77, 0x41, 0x54, 0x86, 0xF5, 0x39, 0x29, 0xEB, 0x92, 0x43, 0xE7, 0x90,
    0x85, 0x16, 0xCB, 0x2D, 0x24, 0x3A, 0x43, 0x50, 0x6A, 0x27, 0xAC, 0xC5, 0xAE, 0xAF, 0xC3, 0x31,
    0x94, 0x06, 0x7B, 0x08, 0xEE, 0x49, 0x31, 0x7F, 0x5A, 0x25, 0x2B, 0xBC, 0x95, 0x26, 0xE6, 0xFF,
    0x0F, 0x57, 0xB0, 0xCD, 0x32, 0x37, 0x57, 0x78, 0x9F, 0xAA, 0x2B, 0x6A, 0xEC, 0xA8, 0x16, 0x63,
    0xDD, 0xDE, 0x9A, 0x83, 0xC7, 0x39, 0x59, 0xCE, 0x75, 0x95, 0xDE, 0x19, 0xF7, 0x22, 0xE4, 0xF6,
    0xEF, 0xF6, 0xA9, 0x03, 0xF2, 0xB5, 0x0D, 0x1D, 0x7C, 0x1F, 0x2C, 0xE9, 0xE0, 0x60, 0xC7, 0x4D,
    0x23, 0x2A, 0x19, 0x88, 0xA0, 0xBF, 0x0A, 0xBB, 0x87, 0x4E, 0x9F, 0xFB, 0x37, 0x2F, 0xAB, 0xB6,
    0xE0, 0xC7, 0xCA, 0xDC, 0x70, 0xA2, 0xF3, 0xBF, 0x85, 0x0E, 0x59, 0xC8, 0xAF, 0x0F, 0x1D, 0xD4,
    0xAC, 0xDE, 0x1F, 0xE1, 0x84, 0x10, 0xC6, 0x50, 0xD6, 0x15, 0xC6, 0x5B, 0x9E, 0xB8, 0x89, 0x17,
    0xC1, 0x1C, 0x42, 0xBE, 0xED, 0xBA, 0x7B, 0x46, 0x3F, 0x3C, 0x2D, 0x61, 0x2B, 0xE2, 0x75, 0xDA,
    0xCB, 0x6B, 0xE9, 0x29, 0xEE, 0x48, 0x39, 0x40, 0x16, 0x2B, 0x49, 0x82, 0xA7, 0x1C, 0x76, 0x4A,
    0x79, 0xEA, 0x3A, 0x81, 0xE0, 0x2C, 0x21, 0xF9, 0x36, 0x08, 0x62, 0xE1, 0xAE, 0xD2, 0x2D, 0x2A,
    0x15, 0xE0, 0xD5, 0x4A, 0x39, 0x55, 0x62, 0x4F, 0x99, 0xE6, 0xD1, 0xDE, 0x33, 0x13, 0xC2, 0xE7,
    0xEB, 0x13, 0x16, 0x22, 0xE0, 0xD4, 0x6D, 0xBD, 0x2E, 0xF9, 0xA8, 0x4F, 0x34, 0x70, 0x4D, 0xB8,
    0x24, 0x4F, 0xF8, 0x03, 0x8B, 0x1C, 0xF8, 0x69, 0x9F, 0x1A, 0xCC, 0xA5, 0x18, 0x23, 0x1C, 0xA5,
    0xC6, 0x83, 0x13, 0xD1, 0x91, 0x13, 0x3C, 0x9B, 0xF0, 0x39, 0xBB, 0x96, 0x79, 0x08, 0x32, 0x48,
    0xE5, 0x1C, 0x8A, 0xCF, 0xDD, 0xA4, 0x7E, 0x1A, 0xC9, 0xAC, 0xBA, 0xB5, 0xE0, 0xC3, 0xCC, 0x98,
    0xF1, 0x17, 0xC5, 0xB4, 0x3B, 0xDD, 0xCB, 0xC0, 0xAC, 0xB9, 0xE2, 0x0B, 0xC9, 0xBD, 0x0F, 0x85,
    0x33, 0x3B, 0x62, 0x59, 0xE0, 0x94, 0x2E, 0xD1, 0x90, 0x58, 0x58, 0x26, 0xF4, 0x08, 0x9A, 0x69,
    0x3E, 0x90, 0x5E, 0x6E, 0x48, 0x25, 0xDB, 0xE0, 0xA4, 0x19, 0x82, 0xA3, 0x62, 0xE0, 0xD8, 0x3C,
    0x0D, 0xC5, 0x2E, 0x33, 0x2A, 0x87, 0xFB, 0xD7, 0x10, 0xCC, 0xC2, 0x40, 0xFC, 0x75, 0x3B, 0xF8,
    0x35, 0x9A, 0x6D, 0xA4, 0x12, 0x77, 0x68, 0x46, 0xA0, 0xC2, 0xDE, 0x15, 0x8F, 0x6F, 0xD9, 0x5C,
    0x96, 0x59, 0x1F, 0xD0, 0xFF, 0xCC, 0x2C, 0x68, 0xD0, 0x2C, 0x1C, 0x17, 0x5D, 0x15, 0x1B, 0x9D,
    0x4B, 0xA0, 0x81, 0x0F, 0xD1, 0x51, 0x84, 0x72, 0x3C, 0xFE, 0x34, 0x53, 0x87, 0x37, 0xB4, 0x4F,
    0x36, 0x04, 0x8C, 0x86, 0x0E, 0x4E, 0xA7, 0x10, 0x7A, 0xD1, 0xC4, 0x26, 0xD3, 0xC9, 0xA4, 0x1C,
    0x17, 0x7E, 0x1A, 0xED, 0xDE, 0xA0, 0x46, 0x67, 0x26, 0xFE, 0x0C, 0x45, 0x97, 0x6A, 0xA9, 0x9F,
    0xC3, 0x4A, 0xE3, 0x80, 0x3B, 0xB5, 0xF6, 0xAC, 0x5A, 0xEA, 0xF0, 0x2D, 0x10, 0xB0, 0xD5, 0x39,
    0xB1, 0x0F, 0x4C, 0x28, 0xAC, 0x86, 0x78, 0x69, 0x61, 0x0E, 0xB1, 0x8E, 0xEC, 0xDF, 0x60, 0x44,
    0x35, 0x53, 0xE2, 0x4E, 0xCC, 0x84, 0xA5, 0xB3, 0x52, 0xE2, 0x44, 0xA4, 0x78, 0x0B, 0xB7, 0x0C,
    0x08, 0x4D, 0xE6, 0xEF, 0x14, 0x5D, 0x62, 0x53, 0xD5, 0x46, 0xD6, 0xFF, 0x17, 0x95, 0x94, 0x01,
    0x84, 0x26, 0xC9, 0x15, 0xC7, 0x7F, 0x5F, 0xD7, 0x66, 0xDA, 0x6D, 0x73, 0x75, 0x70, 0x5C, 0x4C,
    0x6E, 0x2B, 0x58, 0x24, 0xEC, 0x4C, 0x11, 0x17, 0x06, 0xFD, 0x4D, 0xB5, 0x0D, 0x20, 0xB0, 0x08,
    0x10, 0xDC, 0x21, 0x48, 0x20, 0x73, 0x08, 0x16, 0xDF, 0x7E, 0xDD, 0xBB, 0x0B, 0x08, 0x6E, 0x70,
    0x00, 0xDC, 0x01, 0x38, 0x70, 0x58, 0x0C, 0x66, 0xA6, 0x6B, 0x37, 0x01, 0x82, 0x6B, 0x12, 0x02,
    0xE4, 0xDA, 0x66, 0xE3, 0x5C, 0x40, 0xE5, 0xAE, 0x43, 0x6F, 0xB6, 0xBF, 0x7E, 0xA9, 0xD2, 0x66,
    0x6F, 0x57, 0x40, 0x5E, 0x55, 0xD5, 0xAB, 0x7A, 0xEF, 0xFF, 0xAA, 0xFF, 0x55, 0xEF, 0xE9, 0x2D,
    0x48, 0x43, 0xDB, 0x61, 0x07, 0xB2, 0x1D, 0x58, 0x70, 0xC9, 0xA4, 0xA4, 0x2A, 0x76, 0xD8, 0x8E,
    0x4B, 0xA0, 0xEE, 0x90, 0xA0, 0x24, 0xE8, 0x6F, 0x47, 0xFB, 0x78, 0xDA, 0x72, 0xA1, 0xC6, 0xA2,
    0x32, 0x22, 0x38, 0x99, 0x78, 0x64, 0xFA, 0xA8, 0xA5, 0x8A, 0x83, 0x5A, 0x92, 0x2D, 0x49, 0x9A,
    0x65, 0x5E, 0xE6, 0x9B, 0xBC, 0xB3, 0xA1, 0xDC, 0xAE, 0x46, 0x27, 0xC1, 0x8A, 0xCF, 0x67, 0x8E,
    0x69, 0x2B, 0x69, 0xA4, 0x39, 0xC6, 0x34, 0x5B, 0x5C, 0x27, 0x55, 0x1A, 0x69, 0x6D, 0xBB, 0x39,
    0x7C, 0x13, 0x54, 0x67, 0xAB, 0x92, 0x23, 0x56, 0x33, 0x5A, 0xBC, 0xCD, 0x7D, 0xA9, 0xBA, 0x52,
    0xF9, 0xB5, 0x6E, 0x9C, 0x50, 0x8C, 0x60, 0x2B, 0x07, 0xAD, 0x97, 0x2A, 0x93, 0x87, 0xD1, 0xB2,
    0xD3, 0x13, 0xA6, 0x77, 0x1D, 0x5B, 0x76, 0x10, 0x09, 0xBA, 0xDB, 0xA3, 0xFD, 0x22, 0xC4, 0xD8,
    0x42, 0x50, 0x3B, 0x34, 0x1A, 0xC3, 0x21, 0x6B, 0x4A, 0x8C, 0xAE, 0xAC, 0xE6, 0x50, 0xB3, 0x36,
    0x94, 0x87, 0x94, 0x6B, 0x22, 0x33, 0xE4, 0xE1, 0x4C, 0xFB, 0x54, 0x1A, 0x3B, 0xD4, 0x7D, 0xB6,
    0x2B, 0x06, 0x6C, 0x75, 0x01, 0xB0, 0x05, 0x01, 0xA9, 0x6E, 0xCA, 0x3B, 0x9B, 0x7B, 0xAF, 0xDD,
    0x81, 0xBA, 0x53, 0x32, 0x6A, 0x99, 0x6C, 0xB3, 0x5B, 0xB3, 0x8E, 0x97, 0xE4, 0x66, 0x36, 0x44,
    0x86, 0xB8, 0xE0, 0x82, 0xF1, 0x79, 0x67, 0x06, 0x3B, 0xEE, 0x05, 0xD5, 0xDB, 0xE6, 0x88, 0xEC,
    0x53, 0x3D, 0xB8, 0xD1, 0x85, 0xED, 0x9D, 0x7B, 0xAC, 0x71, 0x68, 0xAF, 0x7A, 0x30, 0x3E, 0x61,
    0x55, 0xAF, 0xFD, 0x96, 0x53, 0x6C, 0x85, 0xEB, 0x70, 0x81, 0x62, 0x02, 0x49, 0xDE, 0xD4, 0xA3,
    0x49, 0xBC, 0x9A, 0xD1, 0x01, 0x57, 0x41, 0x20, 0xB8, 0xBE, 0xEE, 0x32, 0xAF, 0xFC, 0x01, 0x25,
    0x71, 0xDD, 0x9F, 0x11, 0xA8, 0x77, 0xED, 0x44, 0x49, 0x7A, 0xB4, 0xBB, 0x3C, 0xE2, 0x83, 0x6C,
    0x28, 0x26, 0x1D, 0x5B, 0xDC, 0x05, 0xE5, 0x4D, 0x34, 0x43, 0xE1, 0x5D, 0xF3, 0x88, 0x40, 0x60,
    0xE6, 0x10, 0x4E, 0x57, 0x7D, 0xD6, 0xD9, 0x9D, 0x9B, 0xEA, 0xB1, 0x8D, 0xF9, 0xD4, 0x5C, 0x27,
    0x59, 0x5C, 0xB4, 0x28, 0x9F, 0x37, 0x4E, 0xAA, 0x5A, 0x80, 0x0D, 0x9C, 0xC1, 0x70, 0x83, 0xE0,
    0xEE, 0x87, 0xF6, 0x45, 0x5F, 0x4B, 0x63, 0xC6, 0x88, 0xC5, 0xC2, 0x31, 0xAC, 0xA1, 0x5C, 0xF9,
    0xB2, 0x08, 0xA5, 0x0D, 0x56, 0xBA, 0x7C, 0xC6, 0x34, 0xAE, 0x73, 0xBD, 0xEB, 0xA2, 0xAE, 0x76,
    0xED, 0x13, 0x89, 0x3D, 0x2E, 0x5E, 0x4D, 0xE5, 0xE6, 0x95, 0x54, 0xBE, 0xFE, 0x04, 0xE9, 0x5A,
    0xEA, 0x59, 0xBE, 0xE3, 0x92, 0x8B, 0x76, 0x6C, 0xBB, 0xDC, 0x1B, 0xD6, 0x4C, 0x4C, 0x3F, 0x94,
    0xC1, 0xF5, 0xE6, 0x70, 0x5D, 0x96, 0x1B, 0x23, 0xBD, 0x95, 0x50, 0x66, 0x7D, 0x99, 0xA5, 0xA2,
    0xB8, 0xCE, 0x1B, 0x07, 0xDF, 0xD7, 0xE5, 0xA1, 0x5E, 0xD7, 0xD6, 0xBD, 0xD8, 0xD9, 0x87, 0xC3,
    0x05, 0x93, 0x53, 0x83, 0xFB, 0xA2, 0x37, 0xE2, 0xB5, 0x50, 0x4C, 0x60, 0x7A, 0xA8, 0x03, 0xC8,
    0x88, 0x9A, 0x27, 0x8A, 0x7E, 0xC6, 0x36, 0x8E, 0xB7, 0x63, 0xBB, 0xC9, 0x8F, 0xCE, 0x39, 0xBF,
    0xCC, 0x86, 0x5A, 0x82, 0x13, 0x5F, 0xCC, 0xD0, 0x36, 0xB9, 0x0C, 0x5A, 0x26, 0x77, 0x7F, 0x2A,
    0x29, 0x23, 0x20, 0x1F, 0x0A, 0xCC, 0xFC, 0x5B, 0xD6, 0xF5, 0x44, 0xD0, 0x3D, 0x56, 0xA4, 0x71,
    0xCB, 0xA8, 0xAC, 0x24, 0x79, 0xB5, 0xEA, 0xB5, 0x24, 0xF1, 0xAF, 0xA9, 0x86, 0x45, 0x16, 0x34,
    0xEE, 0x15, 0x35, 0x93, 0x4D, 0xCA, 0x17, 0xF2, 0x49, 0x75, 0x78, 0x32, 0x53, 0xE6, 0x03, 0xAD,
    0xEC, 0x5A, 0x99, 0x25, 0xF9, 0x16, 0x1C, 0xBC, 0xB5, 0x64, 0x82, 0x11, 0x54, 0x80, 0xBC, 0x03,
    0xDD, 0x80, 0x05, 0xD6, 0xC0, 0x04, 0x59, 0x00, 0xD5, 0x83, 0xF6, 0x60, 0x80, 0x63, 0xE0, 0x1C,
    0x56, 0xC3, 0x62, 0x2E, 0x3C, 0xE8, 0x0A, 0xDC, 0x62, 0xE6, 0x3D, 0x5E, 0x8A, 0xAA, 0x58, 0xFC,
    0x98, 0x8A, 0x05, 0xC1, 0x06, 0x60, 0x64, 0x39, 0x16, 0xD5, 0xB1, 0x1C, 0x8C, 0x61, 0x39, 0x7A,
    0x39, 0x84, 0x81, 0x85, 0x0F, 0xB9, 0x67, 0x61, 0x84, 0x7D, 0x0D, 0x91, 0x3E, 0x8F, 0xEA, 0xFF,
    0x17, 0xB1, 0x5E, 0x10, 0xCB, 0xD5, 0xC0, 0x54, 0xC6, 0x67, 0xB1, 0x29, 0x5F, 0x57, 0x67, 0xDC,
    0x20, 0x1C, 0xAC, 0x62, 0x7E, 0x7B, 0x27, 0x9D, 0x4B, 0x4F, 0x38, 0x1B, 0xD9, 0xDD, 0xE2, 0x56,
    0x49, 0x19, 0xBB, 0x93, 0xB1, 0x96, 0x61, 0xEF, 0xE9, 0x60, 0x65, 0x77, 0x74, 0x70, 0xE3, 0x0E,
    0xDF, 0xD3, 0x7F, 0x18, 0x72, 0xF1, 0x2B, 0x21, 0x4B, 0x55, 0xD6, 0xD4, 0xBA, 0xE3, 0x1A, 0x1B,
    0x35, 0xE6, 0x5E, 0xC7, 0x56, 0xF4, 0x2A, 0xA8, 0x3E, 0xF7, 0xAE, 0x3A, 0x02, 0x8A, 0xFF, 0x37,
    0x3B, 0xD7, 0x3F, 0xFB, 0xD4, 0x4A, 0x38, 0xB8, 0xAA, 0x37, 0x20, 0x06, 0x4D, 0xCB, 0x90, 0x11,
    0x48, 0xC0, 0x70, 0x35, 0xBE, 0xFB, 0xB1, 0x1C, 0xB3, 0x29, 0x39, 0x2B, 0x69, 0x27, 0x99, 0x28,
    0x39, 0xE2, 0x77, 0x7C, 0x4E, 0xE0, 0xCE, 0x55, 0x32, 0x57, 0x12, 0x42, 0x21, 0xD2, 0x1B, 0x11,
    0x5F, 0xBA, 0x19, 0xCE, 0x58, 0x5C, 0x11, 0xB6, 0x1A, 0xBF, 0xF5, 0xB9, 0xFC, 0xBC, 0xD1, 0x22,
    0xAC, 0xCD, 0x8E, 0x23, 0x15, 0x58, 0x05, 0x20, 0x0D, 0x60, 0xFF, 0x19, 0x6F, 0xB4, 0x72, 0x7A,
    0x6F, 0xD8, 0x97, 0xB1, 0xE1, 0xE4, 0xD4, 0xCE, 0xBC, 0xFB, 0xFC, 0x44, 0x26, 0x4F, 0xDB, 0x03,
    0x5C, 0xA3, 0x72, 0x12, 0x6A, 0x19, 0xDE, 0xE1, 0x14, 0xC8, 0xD0, 0xDE, 0xF5, 0x1A, 0xCD, 0x9B,
    0xBC, 0x9B, 0x18, 0xD0, 0x56, 0xB0, 0x37, 0x03, 0xC5, 0x08, 0xD8, 0x1E, 0x98, 0x92, 0x4E, 0xFB,
    0x64, 0x4F, 0xFE, 0x84, 0x03, 0xD5, 0x9B, 0xAE, 0xE4, 0x3D, 0xEE, 0xE2, 0x2A, 0xC3, 0x4A, 0x22,
    0xA7, 0x60, 0x65, 0xDC, 0xAE, 0xA6, 0x47, 0xD3, 0xDD, 0x6C, 0x46, 0x09, 0x71, 0x66, 0x02, 0xCA,
    0xD2, 0x4D, 0x3A, 0xE8, 0xE0, 0xA6, 0xCD, 0xFA, 0xAD, 0x6B, 0x10, 0x63, 0x30, 0x3D, 0xC5, 0xF3,
    0x84, 0xA0, 0x6D, 0xE0, 0x39, 0x60, 0x9E, 0x01, 0x27, 0x1D, 0xAC, 0x92, 0x25, 0x1B, 0x01, 0x4E,
    0xAF, 0x28, 0xED, 0x80, 0xFD, 0x97, 0x94, 0xC6, 0xD7, 0x29, 0x25, 0xDC, 0x42, 0x8B, 0x8A, 0x3A,
    0x05, 0x87, 0xE4, 0x41, 0x7D, 0x4E, 0x02, 0x15, 0x25, 0xE9, 0xF4, 0x37, 0x7F, 0x00, 0x70, 0x7E,
    0xEB, 0x4D, 0xD2, 0x3B, 0x1D, 0xE5, 0x24, 0x02, 0x1F, 0xAA, 0x26, 0x71, 0xE8, 0x33, 0x1F, 0xE3,
    0x56, 0x9E, 0xFE, 0x03, 0x50, 0x9E, 0x18, 0x48, 0x5E, 0x71, 0x04, 0xAC, 0x00, 0xB0, 0x58, 0xAF,
    0x62, 0x2B, 0x9A, 0x96, 0x11, 0x53, 0x39, 0xEF, 0x3A, 0xE7, 0x4D, 0xC3, 0x5B, 0xF0, 0x28, 0xF5,
    0x83, 0x9F, 0xF4, 0xF6, 0x93, 0x8E, 0x8F, 0x51, 0x7F, 0xA3, 0xF8, 0xA8, 0xBA, 0x9E, 0x93, 0xCD,
    0x26, 0xA4, 0x6A, 0x70, 0x45, 0x58, 0x97, 0xAA, 0x5B, 0x6F, 0x72, 0x5F, 0x6E, 0x74, 0x3F, 0xA5,
    0x6A, 0xD0, 0x43, 0xDB, 0x14, 0x5E, 0x57, 0x96, 0x7A, 0x48, 0x25, 0xA8, 0x1B, 0x16, 0x39, 0x03,
    0xC8, 0x7D, 0xFD, 0x31, 0xEC, 0x2D, 0xFF, 0x10, 0x99, 0xC8, 0x92, 0x3A, 0x85, 0x7D, 0x91, 0x67,
    0x5C, 0xC9, 0x87, 0x00, 0x99, 0xBF, 0xAC, 0x80, 0x13, 0xEF, 0xE4, 0x9F, 0x9F, 0xC9, 0xBC, 0x14,
    0x71, 0x0F, 0xB5, 0xC8, 0x0E, 0xE0, 0xED, 0x5F, 0x40, 0xDA, 0xC4, 0x6D, 0x9B, 0xE6, 0x49, 0x92,
    0x4C, 0x4B, 0x05, 0xBF, 0x6A, 0xE7, 0x4A, 0xF6, 0xE5, 0x39, 0xB0, 0x41, 0x24, 0x2E, 0xF2, 0x90,
    0xFF, 0xE3, 0x97, 0xC9, 0xEF, 0x4D, 0xF2, 0xC8, 0x4C, 0x49, 0x5A, 0xF4, 0xBC, 0x94, 0x55, 0x9B,
    0x02, 0x48, 0xA7, 0xF4, 0xCB, 0xE7, 0x67, 0xDC, 0xD7, 0xC9, 0xDE, 0x8C, 0x00, 0x85, 0x5F, 0x60,
    0x00, 0x70, 0x93, 0x45, 0x5C, 0xB3, 0xE8, 0x7C, 0x64, 0x11, 0xDB, 0xB5, 0xB2, 0x70, 0xBB, 0xD2,
    0x8B, 0xDD, 0xF4, 0x00, 0x64, 0x33, 0x4B, 0x5C, 0xB7, 0xE8, 0x23, 0xBE, 0x93, 0x76, 0x52, 0xFF,
    0x1E, 0xF5, 0xE3, 0xC1, 0xDE, 0x0E, 0x4E, 0xA5, 0xEE, 0x8A, 0xDE, 0x8A, 0x14, 0xDF, 0x8C, 0x99,
    0xA0, 0x3F, 0xF2, 0xCE, 0x34, 0xDB, 0x4B, 0xE6, 0x86, 0x69, 0x55, 0xED, 0x8A, 0xAA, 0x9D, 0xB1,
    0x81, 0x55, 0x50, 0xC3, 0x2A, 0xC0, 0xEA, 0xD4, 0xF5, 0x45, 0xA7, 0x7D, 0x6C, 0x8D, 0x69, 0x6C,
    0x65, 0x7F, 0x6D, 0xFA, 0x95, 0x34, 0xC5, 0x9F, 0x83, 0xBD, 0x3D, 0xBA, 0x6C, 0xDC, 0x66, 0xC3,
    0x56, 0x85, 0x3A, 0xEF, 0xDD, 0xFB, 0xBE, 0xD8, 0xB1, 0xAA, 0x68, 0xEF, 0x0F, 0x27, 0xB7, 0x83,
    0x5D, 0xBE, 0x94, 0xF7, 0xDB, 0xA2, 0xBB, 0xD0, 0xFE, 0xC2, 0xFD, 0xD1, 0x2D, 0x94, 0xAF, 0x91,
    0x49, 0xA5, 0xBF, 0x6C, 0xDC, 0x1E, 0x5B, 0xB8, 0x80, 0x09, 0xCE, 0x55, 0xB5, 0xB5, 0xD8, 0x91,
    0x15, 0xC0, 0x6F, 0xC8, 0x77, 0xD1, 0x06, 0x53, 0xEA, 0xED, 0x98, 0x3F, 0x1D, 0xCC, 0x83, 0x74,
    0xDA, 0xB1, 0x0A, 0x5B, 0xD5, 0x6F, 0xF3, 0xCE, 0x99, 0xBF, 0xE8, 0x17, 0x13, 0xBF, 0x42, 0xC7,
    0x90, 0x81, 0x2C, 0xA0, 0x62, 0x7F, 0x31, 0xE6, 0xF3, 0x54, 0xF4, 0x93, 0xF6, 0x93, 0x7E, 0x3C,
    0x9A, 0x07, 0x83, 0xFD, 0x59, 0x8C, 0xFA, 0x97, 0x53, 0xF3, 0xFE, 0x9F, 0xEE, 0x9F, 0xD1, 0xA6,
    0x94, 0xEB, 0xBF, 0x4F, 0x97, 0x98, 0x87, 0xE1, 0x82, 0x48, 0xF0, 0x9C, 0xC8, 0x6F, 0xC2, 0x15,
    0x7E, 0x64, 0x1B, 0x1F, 0x88, 0x0B, 0xFD, 0x44, 0x9A, 0x49, 0xDF, 0x9F, 0xD9, 0xFF, 0xAA, 0xB3,
    0x12, 0x8A, 0xFF, 0x74, 0xBA, 0x43, 0x7B, 0x74, 0x83, 0xAD, 0xB0, 0xE0, 0xE0, 0xC7, 0xA0, 0xBA,
    0xC2, 0xD7, 0x62, 0xBC, 0xA9, 0x2C, 0x0E, 0xC7, 0x16, 0x37, 0xC5, 0x04, 0x3D, 0x18, 0xDE, 0x7F,
    0x12, 0x1F, 0x3A, 0x14, 0x4F, 0xBA, 0xFC, 0xAF, 0x4D, 0x2E, 0xA8, 0x09, 0x15, 0xC8, 0x3D, 0x7B,
    0xBD, 0x41, 0x8F, 0x75, 0xC3, 0xEE, 0xAB, 0x8A, 0xD6, 0x83, 0x63, 0x19, 0x6D, 0xC3, 0x4F, 0xBF,
    0xF4, 0xB4, 0xBF, 0xFF, 0x9A, 0x6D, 0x44, 0xFF, 0x17, 0x45, 0xCC, 0x81, 0x05, 0x03, 0x41, 0x10,
    0x05, 0xD0, 0x7F, 0x16, 0x41, 0xB0, 0x25, 0x6C, 0x09, 0x57, 0xC2, 0x84, 0x14, 0x96, 0xEB, 0x6C,
    0x0F, 0x80, 0xC0, 0x95, 0x70, 0x25, 0x0C, 0x16, 0x8B, 0x49, 0x7E, 0xE6, 0x0B, 0x0E, 0x1E, 0xE0,
    0xA1, 0x3B, 0x80, 0x1B, 0x23, 0xAD, 0x93, 0xD2, 0x2D, 0x2D, 0x87, 0x6D, 0x00, 0xB0, 0xEE, 0xB2,
    0x49, 0xD4, 0xBF, 0x87, 0x6C, 0xA7, 0x34, 0x97, 0x5D, 0x82, 0x23, 0x29, 0x9C, 0x57, 0xF7, 0x91,
    0xAB, 0x4B, 0x3B, 0xBF, 0x29, 0xF7, 0x0E, 0x2C, 0x7C, 0xBC, 0x16, 0x2F, 0x84, 0x3D, 0xE3, 0x1E,
    0xB0, 0x77, 0xB4, 0x89, 0xCA, 0x61, 0x8E, 0xC2, 0xED, 0x07, 0xD4, 0x5B, 0x01, 0xC4, 0x25, 0x57,
    0x96, 0xBE, 0x55, 0xB5, 0xF9, 0x2B, 0xD3, 0x85, 0x5A, 0xC4, 0xCA, 0x76, 0xB3, 0xB5, 0x08, 0x92,
    0x8C, 0xB8, 0xB0, 0x58, 0xCC, 0xE6, 0xD6, 0x24, 0x2C, 0x04, 0x09, 0x2C, 0x58, 0xCC, 0x62, 0x31,
    0x1B, 0x68, 0x58, 0x2C, 0x32, 0x5D, 0xB5, 0x13, 0x0C, 0x16, 0xF9, 0xB1, 0xC0, 0x60, 0x7B, 0x69,
    0x4C, 0xFF, 0x90, 0x01, 0x40, 0x27, 0x55, 0xE9, 0xA0, 0x11, 0xA4, 0x32, 0x03, 0x18, 0xA8, 0x31,
    0x9D, 0xEC, 0x9A, 0xA0, 0xEF, 0x24, 0x35, 0x93, 0xFB, 0x77, 0x6E, 0xD5, 0xD9, 0xF3, 0x7D, 0xF7,
    0xBD, 0xB7, 0xEF, 0xCF, 0x74, 0x22, 0x46, 0xDA, 0xF4, 0x54, 0xE7, 0x7D, 0xE7, 0xFA, 0xAB, 0xEA,
    0xDE, 0x73, 0xBE, 0x73, 0xEE, 0xB9, 0xE7, 0xDE, 0xF7, 0x62, 0xCC, 0xB7, 0x0C, 0x2E, 0xD7, 0x03,
    0xBB, 0x19, 0x68, 0x03, 0xB0, 0x58, 0x81, 0xA6, 0x6B, 0x81, 0x27, 0xBC, 0x8D, 0x4B, 0xF4, 0x9A,
    0x89, 0x93, 0xA9, 0x56, 0xD3, 0x8C, 0xA6, 0x8A, 0xA6, 0x1E, 0x4D, 0xBD, 0xC7, 0xC7, 0x5A, 0x53,
    0xB3, 0x83, 0x26, 0x14, 0xDA, 0x9D, 0x5D, 0x80, 0xCE, 0x57, 0x93, 0xA2, 0xC8, 0x98, 0x10, 0x43,
    0xD5, 0x8A, 0xC3, 0x54, 0x6B, 0xCF, 0x32, 0x36, 0x2D, 0x90, 0xFD, 0x03, 0x33, 0xE9, 0xCD, 0x35,
    0x93, 0x4B, 0x6B, 0xDE, 0x52, 0x34, 0x26, 0x9A, 0x42, 0x4C, 0x16, 0x4D, 0x27, 0x22, 0xD1, 0x0C,
    0x8A, 0xC1, 0x40, 0xF3, 0xA7, 0xA0, 0xF9, 0xB8, 0x29, 0x0E, 0xB7, 0x05, 0xED, 0x77, 0x80, 0x97,
    0xCC, 0xD3, 0x86, 0xD7, 0x23, 0xA7, 0x73, 0xA3, 0xE8, 0x8D, 0x25, 0xBA, 0x42, 0xCA, 0x3D, 0x3E,
    0x5F, 0x6E, 0xE5, 0x6C, 0x5E, 0xAB, 0xD6, 0x72, 0x32, 0xDF, 0xAF, 0x63, 0xDE, 0x1B, 0x68, 0x65,
    0x80, 0x43, 0x30, 0x7C, 0xAD, 0x35, 0x96, 0xFA, 0xDB, 0x2D, 0xC7, 0xCB, 0xFB, 0xFF, 0xEC, 0x62,
    0xDC, 0x0C, 0xEC, 0x88, 0x83, 0x3E, 0xE0, 0xA1, 0x8F, 0x03, 0xE2, 0x96, 0x6A, 0x35, 0x8C, 0xB9,
    0xF4, 0x99, 0xB4, 0x4E, 0xC2, 0x95, 0x55, 0x4D, 0x89, 0x8E, 0x6E, 0x7E, 0xC6, 0xF0, 0x3A, 0x05,
    0x94, 0x01, 0x58, 0x13, 0x9D, 0x07, 0x0A, 0x3C, 0x5E, 0x84, 0xE4, 0xFC, 0x2F, 0x63, 0xB2, 0xBE,
    0xC8, 0x24, 0xB0, 0x47, 0x2F, 0x97, 0x5A, 0xD3, 0x2C, 0x0C, 0x25, 0x0F, 0x74, 0xC7, 0x38, 0x03,
    0x3B, 0xE2, 0x30, 0x1D, 0xD8, 0xFB, 0x22, 0x93, 0x86, 0x4C, 0x1A, 0x70, 0x78, 0xC0, 0x41, 0xD0,
    0xA7, 0x00, 0xF5, 0xAA, 0x84, 0x7E, 0x07, 0x95, 0xD5, 0x66, 0xEC, 0x8C, 0xB1, 0xEA, 0x09, 0x3D,
    0xD4, 0x6A, 0xAF, 0x51, 0x2C, 0x57, 0xED, 0x0B, 0x4A, 0xD1, 0xB1, 0x47, 0x2A, 0x88, 0x04, 0xE2,
    0x72, 0x51, 0x91, 0x84, 0x1D, 0x90, 0x7F, 0xFF, 0x67, 0x3E, 0x1F, 0x80, 0xF9, 0x02, 0xB3, 0x0A,
    0x0E, 0xA5, 0xFE, 0xCA, 0xE5, 0xC3, 0x37, 0xBD, 0x81, 0x6B, 0x95, 0xBD, 0xEC, 0xEC, 0x15, 0x9A,
    0x2A, 0xB3, 0xEA, 0x29, 0x4A, 0x4A, 0x28, 0x23, 0xCC, 0x8C, 0x4A, 0xBC, 0xFA, 0x5F, 0xA9, 0x0F,
    0x0A, 0xE6, 0x7A, 0x46, 0xE3, 0xC4, 0x03, 0x36, 0xAA, 0xA1, 0x23, 0xD5, 0x12, 0x61, 0x30, 0x6C,
    0xB5, 0xB8, 0x5F, 0xC8, 0xCC, 0x87, 0x94, 0x47, 0xE7, 0x1B, 0x78, 0xD0, 0xF6, 0xAA, 0x92, 0xEB,
    0xD5, 0x30, 0x37, 0x2A, 0x0F, 0x6E, 0xBB, 0x1A, 0xD5, 0x76, 0xBC, 0x7B, 0xF9, 0x06, 0xE9, 0xF0,
    0x4A, 0x82, 0x87, 0x37, 0xE0, 0x0B, 0x98, 0xCB, 0x0F, 0x0C, 0xB6, 0x4B, 0xF2, 0x80, 0xE3, 0x87,
    0x46, 0xD1, 0xC8, 0x61, 0x4C, 0x4C, 0xF3, 0xD3, 0xEB, 0xF0, 0x2D, 0x23, 0xB6, 0x10, 0x98, 0xB4,
    0x68, 0x77, 0x61, 0x37, 0xB9, 0xDC, 0x88, 0x3F, 0xDD, 0x16, 0xB6, 0x1E, 0x30, 0xB1, 0x76, 0xE3,
    0x53, 0x01, 0x6A, 0x40, 0x15, 0x38, 0x3E, 0x81, 0x5A, 0x50, 0x8D, 0x14, 0x09, 0x2E, 0x01, 0xF9,
    0x25, 0xE1, 0x00, 0xB2, 0xB2, 0x03, 0xEA, 0x43, 0x85, 0xA8, 0x11, 0x55, 0xA2, 0x4E, 0x54, 0x0A,
    0x2F, 0x83, 0x2F, 0x0B, 0x38, 0x7E, 0xE8, 0x00, 0xE0, 0xB5, 0x04, 0x50, 0x99, 0xFA, 0xC1, 0xCA,
    0x50, 0x85, 0xC7, 0x00, 0x0E, 0x7E, 0x72, 0xD0, 0xC3, 0x61, 0xF4, 0x0E, 0x31, 0x37, 0xDC, 0xDB,
    0x76, 0x43, 0x66, 0x37, 0x31, 0x22, 0x67, 0x9F, 0xEC, 0x1B, 0x9B, 0xC1, 0xF5, 0x36, 0x9E, 0xC6,
    0xB5, 0xEE, 0x1B, 0xF0, 0x73, 0x6A, 0x64, 0xA9, 0x91, 0x45, 0x74, 0x86, 0x38, 0x0E, 0x50, 0x0D,
    0xCA, 0x2D, 0xFB, 0x86, 0x2F, 0xE8, 0x3F, 0x8D, 0xA4, 0x52, 0x24, 0x42, 0xDB, 0x59, 0xA7, 0xBE,
    0x40, 0xCF, 0xB1, 0xD6, 0xF7, 0xFA, 0xD4, 0x60, 0xDF, 0xB6, 0xDF, 0x35, 0x5C, 0xDB, 0x04, 0x36,
    0x3A, 0xB5, 0x81, 0xB1, 0xF4, 0xB6, 0x9A, 0xA0, 0x0F, 0xE7, 0x6D, 0xD4, 0x46, 0x21, 0xAD, 0xFD,
    0xF9, 0xA2, 0x8D, 0x7A, 0x33, 0x4E, 0x66, 0x25, 0xB8, 0x0B, 0xDA, 0x18, 0xAB, 0x5D, 0xD6, 0x30,
    0xB5, 0xC8, 0xB9, 0xCE, 0x65, 0xC6, 0x2A, 0xAE, 0x57, 0xCF, 0xAE, 0x9F, 0x9D, 0x5D, 0xA7, 0xEF,
    0xE8, 0x43, 0x2B, 0xA7, 0x57, 0xE5, 0x14, 0xCC, 0x1D, 0x28, 0x3B, 0xC8, 0x40, 0x49, 0x02, 0x01,
    0xE0, 0x10, 0xB0, 0x77, 0xA7, 0x93, 0x4D, 0xA5, 0xE0, 0x9A, 0x28, 0x67, 0xA7, 0x09, 0xE9, 0xC3,
    0x7F, 0x90, 0xA9, 0x8E, 0x20, 0x57, 0xC6, 0x1A, 0x44, 0x7D, 0x51, 0x66, 0xA2, 0xB6, 0x29, 0x28,
    0x51, 0x35, 0xD8, 0x52, 0x7A, 0x6C, 0x50, 0x8F, 0xAA, 0xEC, 0x7C, 0x01, 0x99, 0xCB, 0xD4, 0x89,
    0x47, 0xEE, 0x4C, 0x6A, 0xCA, 0xCC, 0x2C, 0xA8, 0xF6, 0x26, 0xD4, 0x97, 0x88, 0x4A, 0xFF, 0x35,
    0x7D, 0x21, 0x98, 0x5B, 0x8A, 0x4B, 0x8A, 0x83, 0x14, 0x08, 0xB0, 0xC7, 0xAE, 0x06, 0xD6, 0x4B,
    0x4B, 0x1C, 0x15, 0x5F, 0x50, 0x24, 0x9B, 0xB0, 0xE2, 0x90, 0x2D, 0x81, 0xBD, 0x22, 0x3C, 0xD8,
    0xCD, 0x8C, 0x85, 0xA9, 0x10, 0x44, 0x28, 0x50, 0x80, 0x4E, 0xE2, 0x20, 0xB3, 0x22, 0x29, 0x53,
    0x3A, 0x01, 0x98, 0x1D, 0x14, 0x42, 0x51, 0x24, 0xBF, 0x57, 0x01, 0x68, 0xEC, 0x08, 0x64, 0xB2,
    0x3D, 0x62, 0x1E, 0x9D, 0x8B, 0xF8, 0x5A, 0xDF, 0xB8, 0x2A, 0xD7, 0x5D, 0xCA, 0xA6, 0x83, 0x30,
    0x85, 0x46, 0xDB, 0xAA, 0xC8, 0x17, 0x72, 0x5E, 0x78, 0x52, 0x5E, 0x4D, 0x64, 0xBC, 0x19, 0x49,
    0xB8, 0x33, 0x10, 0x9F, 0xAC, 0x14, 0xB2, 0x40, 0x74, 0x14, 0x08, 0x5E, 0x08, 0x79, 0x57, 0x28,
    0x6E, 0x4B, 0x4F, 0xB5, 0x64, 0x64, 0x56, 0x1D, 0x66, 0xA6, 0x55, 0xE7, 0x21, 0xE8, 0xCD, 0x42,
    0x30, 0x22, 0xC8, 0x2D, 0x65, 0x86, 0x28, 0x92, 0x5D, 0xFF, 0x04, 0x30, 0x39, 0x47, 0xC0, 0x43,
    0x47, 0xE6, 0x61, 0x26, 0xF3, 0x66, 0x04, 0x1E, 0x5B, 0x06, 0xC3, 0x2E, 0x9D, 0xFD, 0x04, 0xDD,
    0x34, 0xB2, 0xC2, 0xB0, 0x4A, 0xFE, 0x17, 0x86, 0x81, 0xD0, 0x3A, 0x82, 0x18, 0x88, 0x5A, 0x0C,
    0x84, 0x53, 0x01, 0x1F, 0x08, 0xD7, 0x5B, 0x46, 0x90, 0xAF, 0x3F, 0x5F, 0x21, 0xDC, 0xFB, 0x11,
    0x42, 0xA0, 0x5A, 0xF7, 0xAB, 0x08, 0x31, 0xDC, 0xF3, 0xD0, 0x57, 0x64, 0xB4, 0x0B, 0x04, 0x63,
    0x4F, 0x22, 0x44, 0x26, 0x1E, 0x22, 0xC7, 0x04, 0x9E, 0x55, 0x30, 0xAF, 0x24, 0x8F, 0x25, 0x55,
    0xE2, 0x4E, 0x40, 0xE9, 0x56, 0x81, 0xB3, 0x0B, 0xC2, 0xCE, 0xCF, 0x41, 0x34, 0xF3, 0x6B, 0x10,
    0x75, 0x32, 0x1D, 0xD3, 0xEF, 0xC1, 0xD7, 0x20, 0x6B, 0x2E, 0x02, 0x51, 0xA8, 0x28, 0x10, 0x43,
    0x33, 0x86, 0xA5, 0xFB, 0x65, 0x32, 0x03, 0x38, 0x9A, 0x0D, 0x97, 0x25, 0x5F, 0x44, 0xBA, 0xAA,
    0xF4, 0x10, 0xA1, 0x9E, 0x31, 0x5C, 0x74, 0x23, 0x9D, 0xDA, 0x19, 0x88, 0x8D, 0xEC, 0x56, 0x12,
    0x21, 0xC0, 0x3B, 0xC5, 0x04, 0x81, 0x4E, 0x71, 0x09, 0xD1, 0xAC, 0x80, 0x6F, 0x25, 0xC2, 0xDD,
    0x7B, 0x1E, 0x62, 0x48, 0x4F, 0x48, 0x7A, 0xA2, 0x8B, 0x14, 0x97, 0xFA, 0x23, 0x3F, 0xDC, 0x4C,
    0x01, 0x26, 0xE6, 0x7B, 0x72, 0x7A, 0x22, 0x1F, 0x32, 0x23, 0x32, 0xC0, 0xF6, 0x22, 0x79, 0x05,
    0x01, 0x01, 0x3F, 0x14, 0xF4, 0x03, 0x85, 0xF3, 0x7B, 0x51, 0x6E, 0x10, 0x78, 0x15, 0xD4, 0x56,
    0x91, 0xD4, 0xD6, 0x10, 0xFF, 0xDF, 0x51, 0xA0, 0x68, 0x16, 0xF6, 0x67, 0x3D, 0xFB, 0x73, 0x10,
    0x87, 0x8E, 0x3A, 0xAF, 0xB1, 0xA0, 0x17, 0x22, 0x1C, 0x17, 0x14, 0x5E, 0x8F, 0x43, 0xA9, 0x19,
    0x8F, 0x85, 0xED, 0x93, 0x68, 0x29, 0x1C, 0x00, 0x74, 0x2D, 0x14, 0x36, 0x50, 0xB8, 0x48, 0x21,
    0x14, 0xD9, 0x9E, 0xC2, 0x44, 0xE8, 0xE7, 0x1B, 0x44, 0xFD, 0x29, 0x85, 0x4D, 0x33, 0xC1, 0xBD,
    0x4E, 0x21, 0x39, 0x44, 0xB6, 0x72, 0xED, 0x28, 0x44, 0xE0, 0xEA, 0x2A, 0x89, 0x7A, 0x4E, 0xE9,
    0x76, 0xA4, 0x70, 0x63, 0x5A, 0x24, 0x69, 0x70, 0x26, 0x34, 0xBF, 0x88, 0x89, 0x8C, 0x24, 0x06,
    0xE9, 0x0B, 0x11, 0x04, 0x24, 0x84, 0x4A, 0x6D, 0x25, 0x64, 0x39, 0xD2, 0xE3, 0x39, 0x4C, 0x64,
    0x45, 0x93, 0xF0, 0x50, 0x62, 0x02, 0x99, 0x42, 0x99, 0x38, 0x81, 0xC2, 0x05, 0xBA, 0x89, 0x18,
    0x07, 0x9C, 0xA7, 0xBC, 0x23, 0xE3, 0x45, 0x04, 0xC3, 0x7A, 0x97, 0xE9, 0x52, 0x11, 0x5C, 0x14,
    0x82, 0xE8, 0x1F, 0x68, 0x82, 0xC2, 0x5D, 0x63, 0x20, 0x66, 0xA2, 0x20, 0xF7, 0x55, 0xD0, 0x27,
    0xEE, 0x3C, 0x2E, 0xD3, 0x1E, 0x03, 0x7D, 0x16, 0x72, 0xB8, 0x6C, 0x29, 0xE9, 0x2A, 0x1B, 0x8E,
    0x8A, 0xDD, 0x00, 0x4D, 0x1A, 0xA1, 0x26, 0x48, 0x55, 0xA8, 0x20, 0x99, 0xB1, 0xC7, 0xD4, 0x56,
    0x4D, 0x14, 0x99, 0xB3, 0xA1, 0x49, 0xBD, 0xC1, 0xD1, 0x43, 0x60, 0xB1, 0x3B, 0x41, 0x9F, 0xF3,
    0x47, 0xAB, 0x58, 0x2C, 0xE8, 0x99, 0x83, 0xC4, 0x6A, 0xBA, 0xF3, 0xC0, 0x6E, 0xA4, 0x8E, 0x92,
    0x6B, 0x2A, 0x47, 0x5B, 0x77, 0xA3, 0xC6, 0x34, 0x6E, 0x4E, 0x0A, 0x59, 0x10, 0x27, 0xB9, 0x24,
    0x59, 0xF9, 0x34, 0x7E, 0xCD, 0xE5, 0x02, 0x21, 0x9C, 0x46, 0x77, 0x7B, 0xD9, 0x26, 0x29, 0x98,
    0x4A, 0x88, 0x3C, 0xCE, 0x25, 0x84, 0x52, 0x2A, 0x94, 0xBC, 0xA9, 0x21, 0xDD, 0x44, 0x99, 0x89,
    0x90, 0xFA, 0x1A, 0x12, 0x99, 0x50, 0x3F, 0xA5, 0xF4, 0x49, 0x25, 0xC8, 0x3E, 0x6D, 0xC8, 0xBA,
    0xDD, 0xC4, 0x78, 0x6B, 0x27, 0xE3, 0x4E, 0x06, 0xC8, 0xE7, 0x1F, 0xA9, 0x4D, 0x5A, 0x15, 0xB3,
    0xB3, 0xB3, 0xBE, 0x42, 0xBA, 0xCF, 0xB5, 0xCB, 0x4E, 0xF4, 0xF6, 0x38, 0x6C, 0xFF, 0x8E, 0x0C,
    0xAE, 0x3D, 0x06, 0x4C, 0xDA, 0xA7, 0x6B, 0x4D, 0xEA, 0x95, 0xFF, 0x57, 0xE4, 0x65, 0xE7, 0x6B,
    0xF0, 0x5D, 0x4F, 0x1A, 0x90, 0x63, 0x6A, 0xCC, 0xAE, 0x25, 0xC3, 0xDD, 0x3C, 0x18, 0x52, 0x3E,
    0xFC, 0x2C, 0xCD, 0xF7, 0x55, 0xDE, 0xA7, 0x0F, 0x73, 0x5A, 0xBB, 0x6B, 0x30, 0x4A, 0x2C, 0x07,
    0x07, 0x59, 0x9F, 0xC8, 0xCB, 0x91, 0xBA, 0xBE, 0x2B, 0xD5, 0xC6, 0x40, 0xC0, 0x3F, 0xF4, 0xB7,
    0xA2, 0xA1, 0x76, 0xB9, 0xA5, 0xDC, 0x58, 0x4E, 0x0D, 0xB3, 0x52, 0x25, 0x98, 0xEE, 0xA8, 0xBD,
    0x3A, 0x94, 0x35, 0x99, 0xAA, 0xEC, 0x36, 0xD3, 0x6D, 0x39, 0x1A, 0x82, 0xB0, 0xDA, 0x5A, 0xD4,
    0x81, 0x1E, 0x35, 0xB9, 0x1A, 0x09, 0x2E, 0xDF, 0x06, 0xC5, 0x11, 0x10, 0x76, 0x15, 0xD3, 0x92,
    0x42, 0x97, 0xDC, 0x64, 0xB2, 0x30, 0x35, 0x1D, 0xB2, 0x3A, 0xE3, 0xCA, 0x79, 0xC2, 0x25, 0x80,
    0x6D, 0x15, 0xD4, 0xC6, 0x41, 0x0D, 0xCD, 0x50, 0xE5, 0x57, 0x4A, 0xD2, 0xF9, 0x10, 0x61, 0x45,
    0xAF, 0xC9, 0xFC, 0xF4, 0x4F, 0x62, 0x65, 0x35, 0x4F, 0x1A, 0x5E, 0x83, 0xF9, 0x37, 0x08, 0x31,
    0x9E, 0xE2, 0xC5, 0x09, 0xA2, 0xE3, 0x24, 0x81, 0xC2, 0x0F, 0xBE, 0x1E, 0x7D, 0xFB, 0x1E, 0xFD,
    0x9A, 0x0D, 0x31, 0xBF, 0xED, 0x04, 0x13, 0x17, 0x3B, 0x48, 0x22, 0x0F, 0x4C, 0x53, 0xC5, 0xC2,
    0x2C, 0x55, 0x78, 0xED, 0x09, 0xA2, 0x80, 0x28, 0x93, 0xA8, 0xE6, 0x62, 0xE3, 0x7C, 0x2B, 0x57,
    0x88, 0x91, 0xF9, 0xC9, 0x8E, 0x29, 0x3D, 0xB5, 0x49, 0xA4, 0x9C, 0xD1, 0x51, 0x0B, 0xB3, 0xA6,
    0x35, 0x8C, 0x44, 0x9E, 0x14, 0x01, 0xC2, 0xDE, 0xF1, 0x10, 0x03, 0xF9, 0x54, 0xD1, 0xD6, 0xEA,
    0x4C, 0x07, 0xBF, 0x6D, 0xC8, 0xF2, 0xBC, 0x90, 0x57, 0x0A, 0x91, 0xA3, 0x06, 0x97, 0x28, 0x99,
    0xD1, 0xD0, 0x34, 0xA8, 0x1F, 0x85, 0x39, 0xED, 0x86, 0x6B, 0x38, 0x68, 0xDF, 0x18, 0xD0, 0x68,
    0xB4, 0xC1, 0x69, 0x61, 0x61, 0x37, 0xAC, 0x71, 0xF7, 0x74, 0x02, 0x0B, 0xD4, 0x7B, 0x3F, 0xD4,
    0x9F, 0xA5, 0x46, 0x6C, 0x3E, 0x45, 0xA3, 0x7B, 0x23, 0xBA, 0x77, 0x59, 0x8E, 0xBD, 0x1C, 0x87,
    0x1F, 0xB1, 0x51, 0xAD, 0xC2, 0x28, 0x94, 0x52, 0x36, 0x1A, 0x25, 0x85, 0x44, 0x36, 0xB6, 0x42,
    0x16, 0x26, 0x61, 0x6D, 0x30, 0x62, 0xF2, 0x35, 0x97, 0x09, 0x36, 0x16, 0x51, 0x23, 0x84, 0xFB,
    0x67, 0xF9, 0x40, 0x4A, 0x8C, 0x3E, 0xC8, 0xBC, 0x55, 0x54, 0x43, 0x10, 0x1F, 0xDB, 0x5E, 0x20,
    0xC5, 0x70, 0xC1, 0x7D, 0x50, 0xA9, 0x15, 0xBE, 0xA2, 0xD4, 0xA2, 0xD3, 0x28, 0x52, 0xA9, 0x55,
    0x1F, 0x4A, 0xAD, 0xA3, 0x8E, 0x9A, 0x40, 0x61, 0xBF, 0xA2, 0xD4, 0x72, 0x33, 0xA2, 0xAA, 0x66,
    0x95, 0x1A, 0x20, 0xC0, 0xD8, 0xC4, 0xCC, 0xB8, 0xA6, 0x9C, 0xD7, 0xE3, 0x51, 0x61, 0xB1, 0xC3,
    0x4D, 0xA3, 0xB1, 0xA1, 0xC4, 0x7C, 0x8A, 0x35, 0x1E, 0x88, 0x4D, 0x04, 0xBA, 0x40, 0x5C, 0x88,
    0x1E, 0xD8, 0x29, 0xDA, 0x84, 0x61, 0x50, 0x74, 0x0B, 0xDA, 0x9D, 0xE7, 0x64, 0x9A, 0x39, 0x97,
    0x46, 0xD6, 0x23, 0x08, 0x15, 0xED, 0x4A, 0xFB, 0xD4, 0x4E, 0x32, 0xF9, 0x08, 0xA3, 0x5B, 0xE1,
    0xE2, 0x77, 0xD6, 0x72, 0x5D, 0x86, 0xAD, 0x14, 0x0F, 0x26, 0xAC, 0xFF, 0x5A, 0x84, 0xB1, 0x36,
    0x85, 0xB9, 0xD5, 0x1F, 0x40, 0x58, 0x71, 0xA1, 0x36, 0x1D, 0x48, 0xD8, 0x5E, 0x18, 0xD6, 0x52,
    0xC0, 0x88, 0x84, 0x75, 0x45, 0x14, 0xE1, 0x7F, 0xF4, 0xB9, 0x47, 0xA8, 0x36, 0x7C, 0x71, 0x07,
    0x99, 0x91, 0xDA, 0xD4, 0x75, 0x0D, 0xA5, 0x7E, 0x39, 0x2C, 0x34, 0x97, 0xBD, 0xDD, 0xFD, 0x7A,
    0x55, 0x0B, 0x52, 0xC2, 0xE1, 0xAC, 0xC3, 0x54, 0xFB, 0x32, 0x6A, 0xD6, 0x66, 0x6B, 0x67, 0x65,
    0x9D, 0x47, 0x5C, 0x13, 0x8F, 0xB8, 0x5A, 0x45, 0x25, 0x41, 0x91, 0x61, 0x4B, 0x6B, 0xE1, 0x18,
    0xA2, 0x4F, 0x78, 0x54, 0x3E, 0x1D, 0x61, 0x47, 0xC4, 0xDD, 0x5B, 0xC4, 0x08, 0x23, 0xF2, 0xC0,
    0x4C, 0xBB, 0xA8, 0xEB, 0x5A, 0xC5, 0x4C, 0xCE, 0xDF, 0xF4, 0x4C, 0x27, 0x5C, 0x7F, 0x14, 0x9C,
    0x80, 0x9A, 0x84, 0x1D, 0x8E, 0xA3, 0xDA, 0xB7, 0x81, 0x3C, 0xF1, 0x50, 0x44, 0x92, 0x82, 0x49,
    0x34, 0xE6, 0x18, 0x37, 0x20, 0xB2, 0x0A, 0x98, 0x04, 0xD6, 0x17, 0xF1, 0x8B, 0x35, 0xB1, 0x7F,
    0xA0, 0x01, 0xF0, 0x0D, 0xF1, 0x4F, 0x69, 0x23, 0x66, 0xF2, 0x33, 0x06, 0x3D, 0x93, 0x06, 0x6E,
    0xC3, 0xC2, 0x6C, 0x18, 0x10, 0x0E, 0x8D, 0xF0, 0x48, 0x42, 0x53, 0xCA, 0xCC, 0x72, 0x1F, 0x29,
    0xA6, 0x5A, 0x55, 0xD8, 0xA5, 0xC1, 0x69, 0x92, 0x0D, 0x6E, 0xC9, 0xA4, 0x6D, 0xA2, 0xF3, 0xAC,
    0xF5, 0x3B, 0x5F, 0x40, 0x0C, 0x10, 0x6E, 0x19, 0x90, 0xAE, 0x9D, 0xC7, 0x76, 0x01, 0x85, 0xC3,
    0x5C, 0x45, 0x76, 0x50, 0x47, 0x54, 0xE3, 0xA1, 0x89, 0x55, 0x4C, 0xB5, 0xEE, 0xCC, 0x10, 0xDC,
    0x0E, 0xF4, 0xE2, 0xAF, 0xD4, 0x28, 0x89, 0x4E, 0x02, 0x0F, 0x8B, 0x24, 0x3A, 0xE1, 0x84, 0x28,
    0x23, 0x83, 0xB3, 0xF6, 0x8C, 0x54, 0x37, 0xB1, 0xF0, 0x96, 0x96, 0x6B, 0x57, 0xEA, 0xE5, 0xF3,
    0x70, 0xB4, 0x59, 0xC6, 0x62, 0xC8, 0xDE, 0x8E, 0x0F, 0x0A, 0x6A, 0x1A, 0xCB, 0x0C, 0x4E, 0x82,
    0x26, 0x12, 0x49, 0x5F, 0x96, 0xD1, 0x42, 0x34, 0x0B, 0x3D, 0xEE, 0xA6, 0x94, 0x82, 0xDB, 0x72,
    0x63, 0x9C, 0x70, 0x42, 0xCA, 0x9C, 0xCE, 0x20, 0xFD, 0x20, 0xE1, 0x51, 0xDC, 0xCA, 0xBE, 0x99,
    0x32, 0x97, 0x24, 0x41, 0x43, 0x93, 0x28, 0xD6, 0x0B, 0xE7, 0x22, 0x17, 0x45, 0x20, 0x66, 0x8B,
    0x79, 0xF6, 0xEC, 0xFA, 0xAB, 0x67, 0xA7, 0x4E, 0x96, 0x41, 0xE6, 0x2B, 0x72, 0x6A, 0xB7, 0x36,
    0xAD, 0xE7, 0xC5, 0x86, 0xF1, 0xCB, 0x0D, 0x06, 0x54, 0x5C, 0x5B, 0x6B, 0x2E, 0xAD, 0xC7, 0xD8,
    0x04, 0xE8, 0xDE, 0xC4, 0xB4, 0x50, 0x72, 0xAB, 0x49, 0xCC, 0xE4, 0xEE, 0x57, 0x66, 0x15, 0x22,
    0xFA, 0x66, 0xA0, 0xCE, 0x44, 0x0F, 0x6E, 0xFF, 0xFB, 0xEC, 0xEC, 0xEF, 0x95, 0xDD, 0x41, 0x3E,
    0x11, 0x79, 0x5F, 0xC4, 0x34, 0xF2, 0x4A, 0xB7, 0xBE, 0x20, 0x77, 0xA1, 0x81, 0xF3, 0x89, 0xDC,
    0xE3, 0xC6, 0x8E, 0xE7, 0x6E, 0xDE, 0x31, 0x3D, 0x4C, 0xE0, 0x86, 0x19, 0x30, 0xD1, 0x7C, 0xDC,
    0xC0, 0x78, 0x7C, 0x05, 0x9C, 0xF3, 0x95, 0xC4, 0x7A, 0x4E, 0x7B, 0xF1, 0xE4, 0x71, 0x23, 0xB0,
    0x41, 0xF3, 0xB1, 0xCD, 0x25, 0x03, 0xE9, 0x95, 0xE4, 0x81, 0xA4, 0x48, 0xB1, 0x6F, 0x74, 0x22,
    0x87, 0x85, 0x84, 0xD7, 0x91, 0x39, 0xF2, 0xC7, 0x30, 0x67, 0xF8, 0x52, 0x73, 0xCC, 0xD7, 0x30,
    0x67, 0xD8, 0x9B, 0x03, 0x64, 0xC3, 0x1C, 0x87, 0x56, 0x0A, 0xAE, 0xA3, 0xF0, 0xC2, 0xF5, 0xFB,
    0x8D, 0xB0, 0x6F, 0x2C, 0xA6, 0xE1, 0x82, 0x6F, 0x89, 0xEE, 0x87, 0xAC, 0x93, 0x60, 0xC9, 0x0E,
    0xAF, 0x11, 0x5F, 0xDB, 0x1D, 0x90, 0x1E, 0xA7, 0x66, 0x91, 0x9E, 0x18, 0x14, 0x43, 0x25, 0xE6,
    0x70, 0x48, 0x90, 0x71, 0x91, 0x3B, 0xC6, 0x54, 0x36, 0x17, 0xD2, 0x1F, 0x8E, 0x2B, 0xEA, 0x0D,
    0xD8, 0x05, 0x8C, 0x9B, 0x4E, 0x82, 0xCF, 0x53, 0x6D, 0x6F, 0x4E, 0x74, 0x13, 0xC8, 0xA0, 0xAB,
    0x10, 0xAF, 0x38, 0x67, 0xCE, 0x87, 0xFB, 0x6D, 0x1A, 0x3A, 0x15, 0x18, 0x68, 0xCC, 0xBB, 0x46,
    0x97, 0x1A, 0x9C, 0xA2, 0x60, 0x10, 0xBD, 0xD2, 0x2F, 0xA9, 0xE1, 0x64, 0x6B, 0x77, 0x0D, 0x81,
    0x43, 0xD0, 0x85, 0xC5, 0xFA, 0x83, 0x37, 0xAB, 0xAD, 0x10, 0xBE, 0x59, 0x0A, 0x1A, 0x74, 0xC7,
    0xAE, 0x51, 0x0A, 0x0D, 0x46, 0x03, 0x03, 0x23, 0xCD, 0xB1, 0x06, 0xE4, 0x81, 0x0A, 0x1B, 0x28,
    0x5A, 0xD0, 0xE0, 0xB1, 0x0A, 0x06, 0x46, 0x98, 0xFD, 0x28, 0x55, 0x7C, 0x72, 0xB7, 0x84, 0xEE,
    0x34, 0x87, 0xA6, 0xD0, 0x8C, 0xAF, 0xFE, 0xA2, 0x81, 0xAA, 0x52, 0x4D, 0xAA, 0x48, 0xF5, 0xA8,
    0x1A, 0xD5, 0x22, 0x50, 0x1D, 0x44, 0xD5, 0x46, 0x35, 0xA8, 0x02, 0x86, 0x9F, 0x11, 0x12, 0x6D,
    0x3A, 0xD3, 0x39, 0x41, 0x2F, 0x66, 0xE0, 0xA0, 0xD2, 0xA2, 0xB8, 0x88, 0xD0, 0x35, 0x63, 0x6C,
    0xE5, 0x9E, 0x39, 0xEC, 0x15, 0xB2, 0x45, 0xF2, 0x2E, 0x22, 0x17, 0x81, 0x8C, 0x0E, 0x39, 0x54,
    0x1F, 0x44, 0xF8, 0x95, 0xB9, 0xE1, 0x2F, 0x99, 0x1B, 0x1C, 0x94, 0x07, 0x62, 0x76, 0xB1, 0xB3,
    0x81, 0x89, 0x63, 0xF8, 0x70, 0x08, 0xB0, 0x95, 0x4F, 0x73, 0x33, 0x4A, 0x0A, 0xAE, 0x4A, 0x9F,
    0xF6, 0x20, 0x88, 0x15, 0xCC, 0x34, 0x1B, 0xAA, 0x0D, 0x74, 0x60, 0x4A, 0x70, 0x5E, 0x01, 0x39,
    0xD3, 0x4A, 0xD9, 0x25, 0x5B, 0x96, 0x45, 0x48, 0x63, 0x4D, 0x64, 0xC3, 0x2E, 0x2E, 0x70, 0x3C,
    0xEB, 0x15, 0xD0, 0x70, 0xB4, 0xB1, 0x3B, 0x6A, 0x74, 0xF7, 0xB9, 0x86, 0x79, 0xED, 0x61, 0x80,
    0x35, 0xB3, 0x1A, 0xCB, 0xC6, 0x68, 0x04, 0x8D, 0x8C, 0x0D, 0x7D, 0xB0, 0xC0, 0x70, 0x7D, 0x9A,
    0x54, 0x19, 0x37, 0x4C, 0xF5, 0x0A, 0x96, 0x74, 0x2C, 0xCB, 0x35, 0x01, 0xD4, 0xCF, 0xAA, 0xF7,
    0x9C, 0xCB, 0xC7, 0xD2, 0x42, 0x77, 0x2C, 0x7F, 0x86, 0x57, 0x76, 0xB3, 0x85, 0x80, 0x99, 0x91,
    0x8B, 0x23, 0x6E, 0xD8, 0xED, 0x45, 0x31, 0x50, 0xA2, 0x80, 0x90, 0xA9, 0xD8, 0x45, 0x8F, 0x0A,
    0xA6, 0x01, 0x0A, 0x38, 0x9C, 0x82, 0xF7, 0x28, 0x1C, 0x43, 0x07, 0xBD, 0x2C, 0xAC, 0x2B, 0x24,
    0x95, 0x1E, 0x0E, 0x42, 0x26, 0x15, 0xA0, 0x1E, 0xAE, 0x29, 0x84, 0x3E, 0xAB, 0x57, 0x38, 0x10,
    0x8A, 0x32, 0xA8, 0x3D, 0x85, 0xCC, 0xB0, 0x6C, 0x50, 0x8B, 0xB0, 0x0B, 0x5D, 0x0D, 0xC4, 0x65,
    0xB2, 0x8F, 0xD7, 0xCF, 0x7A, 0x9E, 0x0E, 0x64, 0xF2, 0x73, 0x31, 0xC5, 0xC6, 0x34, 0xA2, 0x60,
    0x3D, 0x8B, 0x02, 0xCD, 0x15, 0xDD, 0x54, 0x46, 0xED, 0x94, 0x55, 0x01, 0xA1, 0x0E, 0x07, 0x58,
    0xF4, 0x86, 0x55, 0x86, 0x41, 0x9A, 0xFD, 0x9D, 0xDC, 0x9F, 0x2B, 0xB9, 0x27, 0x93, 0xB9, 0x99,
    0xDF, 0x48, 0xAB, 0xB7, 0xDA, 0xF3, 0x2A, 0x1C, 0x25, 0x60, 0x4D, 0x6F, 0x34, 0xA2, 0x37, 0x78,
    0xF4, 0xB4, 0x62, 0xEC, 0x05, 0x47, 0xA1, 0x1F, 0xCB, 0xAA, 0x86, 0x7D, 0x80, 0x1D, 0x9E, 0xF6,
    0x86, 0xB8, 0x99, 0x1A, 0x85, 0xD9, 0x2E, 0x0A, 0xCE, 0x1F, 0x60, 0xC6, 0x39, 0xC9, 0xA4, 0x8F,
    0x28, 0xA8, 0x29, 0x6A, 0x93, 0xFE, 0x15, 0x69, 0xD1, 0xAB, 0x2E, 0xD5, 0x36, 0xA0, 0x6C, 0x03,
    0xB9, 0xC9, 0xB2, 0xAB, 0xE7, 0x64, 0x0D, 0xE9, 0xA6, 0xE3, 0x4B, 0x33, 0xA6, 0xC3, 0xA4, 0x84,
    0x77, 0x18, 0x43, 0xDA, 0x26, 0x30, 0x93, 0x62, 0x3A, 0xFD, 0x46, 0xB6, 0x94, 0x8E, 0xC9, 0x17,
    0xA0, 0xB7, 0x0A, 0x6D, 0xBD, 0xA0, 0x8A, 0xC1, 0x97, 0xA4, 0x19, 0x43, 0xFE, 0x12, 0xAC, 0xCA,
    0x86, 0x9E, 0x3B, 0xC7, 0xEE, 0xA5, 0x68, 0xBE, 0x53, 0x46, 0x66, 0x3B, 0x44, 0x05, 0x02, 0x02,
    0x49, 0x4E, 0x16, 0xCC, 0x00, 0x4E, 0x59, 0x1D, 0x18, 0xFC, 0x83, 0xA8, 0x5E, 0x35, 0x68, 0xDD,
    0x47, 0x2B, 0x5F, 0xE5, 0x97, 0x81, 0x27, 0xB7, 0x14, 0xDC, 0x46, 0xAF, 0xB6, 0x8A, 0x87, 0x03,
    0x1D, 0x9E, 0x5D, 0x32, 0xEB, 0xB3, 0xEB, 0x3C, 0x25, 0x5F, 0xC4, 0xFD, 0xCF, 0x70, 0x40, 0xAA,
    0xF1, 0x58, 0xA2, 0xA6, 0xAB, 0x01, 0x0D, 0xD6, 0x17, 0x7B, 0xD0, 0x7A, 0x07, 0x0C, 0x59, 0x98,
    0x9B, 0x7C, 0xA8, 0xBD, 0x34, 0xA1, 0x5E, 0xC0, 0xD1, 0x74, 0xCC, 0x51, 0xBE, 0x19, 0xEE, 0x88,
    0xB7, 0xC6, 0x17, 0xB1, 0x5E, 0xF4, 0x9F, 0x6F, 0xBC, 0xF3, 0x6E, 0x96, 0xA9, 0xFB, 0x85, 0xB4,
    0xA8, 0x99, 0x76, 0xD9, 0x11, 0x9F, 0x3F, 0xD7, 0xCF, 0x2C, 0x63, 0x31, 0x77, 0x53, 0x33, 0xBB,
    0x73, 0x69, 0x2B, 0xC4, 0xF5, 0xBF, 0x18, 0x18, 0x9E, 0xFD, 0x84, 0xD9, 0x7B, 0xC5, 0xEE, 0x36,
    0xD4, 0x1F, 0x89, 0x76, 0xF7, 0x71, 0xB4, 0x46, 0x5E, 0x8F, 0xF6, 0xF5, 0xF8, 0x9C, 0x91, 0x3B,
    0xA1, 0xCB, 0xE7, 0xA7, 0xCD, 0xF0, 0x5E, 0xD0, 0xC1, 0xFF, 0x5A, 0xE5, 0x6F, 0xB7, 0x74, 0x5A,
    0xF1, 0x79, 0x92, 0x02, 0x1B, 0xD3, 0x46, 0x89, 0xF2, 0x7B, 0xFF, 0x93, 0xA4, 0x7D, 0x2F, 0x9A,
    0x27, 0x4C, 0xB6, 0xB9, 0xF7, 0x56, 0xF3, 0x37, 0xCD, 0x8B, 0xD1, 0xDD, 0xD9, 0xCC, 0xE2, 0xEE,
    0xF8, 0xEE, 0x75, 0x29, 0x7C, 0x27, 0xD3, 0xF0, 0xDD, 0x74, 0x96, 0x36, 0x98, 0x4E, 0xCC, 0x09,
    0x6C, 0x3A, 0xB9, 0x0E, 0xC6, 0x4E, 0x51, 0x85, 0x66, 0x9B, 0xE6, 0x41, 0x5F, 0x48, 0x31, 0xEB,
    0x07, 0xEB, 0x67, 0xF2, 0x94, 0x67, 0x4D, 0xC9, 0x9A, 0xB3, 0xA6, 0xF7, 0xFE, 0x8E, 0x9F, 0x5A,
    0x3F, 0x76, 0x19, 0x3E, 0x52, 0xDB, 0x65, 0xD3, 0xA8, 0x6D, 0xE1, 0xE8, 0xCB, 0xD7, 0x1D, 0xA8,
    0xB4, 0x62, 0x52, 0xF8, 0x60, 0x6D, 0xEA, 0xD0, 0x95, 0xAE, 0xD0, 0x28, 0xAF, 0xE9, 0x08, 0xED,
    0x15, 0xD9, 0x36, 0xC3, 0x4A, 0x9D, 0x2B, 0x20, 0x68, 0x1A, 0x30, 0x6F, 0x7D, 0xB5, 0x2A, 0xB8,
    0xF5, 0x71, 0x14, 0x58, 0xB7, 0x4A, 0xF9, 0x54, 0x16, 0x25, 0x0C, 0x94, 0xDD, 0x32, 0xAA, 0xEC,
    0x5A, 0x28, 0xB3, 0x5B, 0xD5, 0xF3, 0x3B, 0x7C, 0xC6, 0xD0, 0xE1, 0x7A, 0x88, 0x83, 0x67, 0x83,
    0xB1, 0xE0, 0x4C, 0x66, 0x2B, 0x85, 0xE8, 0x04, 0x2A, 0x3F, 0xD6, 0x4E, 0xEB, 0x77, 0x4C, 0xB9,
    0x36, 0xF8, 0xA6, 0xC1, 0x19, 0x05, 0x7E, 0xCB, 0x19, 0x00, 0x4A, 0x51, 0x03, 0x2F, 0xD9, 0xDF,
    0x08, 0xC8, 0x93, 0x5E, 0x55, 0xEA, 0x6E, 0xEB, 0x74, 0x72, 0x28, 0xE9, 0x1B, 0xA8, 0xC4, 0xE5,
    0x3E, 0xC3, 0xFA, 0x25, 0x48, 0x53, 0x27, 0x8A, 0xEA, 0x85, 0xB7, 0x98, 0xE9, 0x62, 0xB1, 0x11,
    0x91, 0xE0, 0x62, 0x89, 0x70, 0x0E, 0x78, 0xBC, 0xF0, 0x35, 0x11, 0x51, 0x5E, 0xCE, 0xF5, 0x82,
    0xC3, 0xA2, 0xC6, 0x2B, 0x22, 0x98, 0x9F, 0xB4, 0xC8, 0xB8, 0x43, 0xA7, 0x76, 0xF3, 0x70, 0xED,
    0xBE, 0xE7, 0x0F, 0x5D, 0xA6, 0x67, 0x8C, 0x41, 0x5E, 0x79, 0x56, 0x13, 0x96, 0xFE, 0xA7, 0xE3,
    0x63, 0xB7, 0xF6, 0x17, 0x58, 0xF3, 0x7A, 0xF5, 0xF9, 0x54, 0x4B, 0x6B, 0x0A, 0x81, 0x4A, 0x2A,
    0x66, 0xA7, 0xA2, 0x44, 0xE1, 0x0F, 0xB5, 0x3C, 0x08, 0xAE, 0xEF, 0x7D, 0xF2, 0x19, 0xC4, 0xFB,
    0x9F, 0x7D, 0xAA, 0xDA, 0x34, 0x6F, 0xC8, 0x1D, 0x84, 0x43, 0x2D, 0xFF, 0xA1, 0xC2, 0xD5, 0xA2,
    0x0A, 0x3D, 0x75, 0xAD, 0xDA, 0x90, 0xD7, 0x54, 0xD1, 0x3A, 0x3C, 0x25, 0xA1, 0x5C, 0x6A, 0xC1,
    0xEE, 0xC8, 0x57, 0x32, 0x5D, 0x86, 0x57, 0x6E, 0xA8, 0x71, 0xE6, 0xF2, 0xF5, 0x0E, 0xE9, 0xD1,
    0xA6, 0xF4, 0xB3, 0x03, 0x1C, 0x75, 0x91, 0x89, 0x01, 0x20, 0x3D, 0x48, 0x07, 0x20, 0x89, 0x64,
    0x70, 0x49, 0xCE, 0x94, 0xCA, 0x39, 0x99, 0xDE, 0x79, 0x12, 0x0E, 0x8D, 0xDD, 0x98, 0x63, 0x55,
    0x46, 0x50, 0x9C, 0x60, 0x61, 0xEE, 0xD4, 0xD4, 0x1C, 0xE7, 0xCC, 0x15, 0x98, 0xA3, 0x3B, 0xD3,
    0x54, 0x46, 0x91, 0xC8, 0x02, 0x11, 0x66, 0x5F, 0x80, 0x72, 0x55, 0xA8, 0x31, 0x72, 0xC3, 0x3C,
    0x39, 0x19, 0x7B, 0x5F, 0x5A, 0x35, 0x3E, 0x62, 0x79, 0x6D, 0x31, 0xDB, 0xDB, 0x9B, 0xCA, 0xDF,
    0x7F, 0xA5, 0x0D, 0xB7, 0x0E, 0x18, 0x44, 0x87, 0x1E, 0x59, 0x65, 0x2A, 0x6C, 0x87, 0x58, 0x02,
    0xF0, 0xDB, 0xF3, 0x0B, 0xB1, 0x74, 0x58, 0x0B, 0x74, 0x20, 0x37, 0x57, 0x12, 0xD5, 0x58, 0x09,
    0x49, 0xE7, 0x2B, 0xD2, 0x79, 0xCE, 0x5F, 0x16, 0x3A, 0xB7, 0x85, 0x5B, 0x2F, 0x0C, 0x8E, 0xAE,
    0x4C, 0x75, 0xF1, 0x98, 0x03, 0xB8, 0xE0, 0xEF, 0x0D, 0x32, 0x94, 0xB1, 0xB0, 0x2B, 0xF5, 0x8D,
    0xCE, 0xA3, 0xE2, 0x5C, 0x07, 0xC5, 0xC9, 0xCE, 0x4A, 0xC4, 0x39, 0x8B, 0x02, 0x1A, 0x21, 0xBF,
    0x6E, 0x81, 0xBD, 0x01, 0xA2, 0x99, 0x89, 0xC2, 0x85, 0xF3, 0x01, 0x27, 0xE1, 0x80, 0x06, 0x01,
    0xD1, 0x61, 0x6D, 0x1E, 0x34, 0xF7, 0x59, 0x0D, 0xAF, 0xBA, 0x67, 0x4D, 0xF0, 0xFB, 0x3F, 0x57,
    0x81, 0xEC, 0x95, 0x12, 0x25, 0xA3, 0x1A, 0xBB, 0x09, 0x13, 0x43, 0x4C, 0x25, 0x0B, 0x8D, 0xCB,
    0x87, 0x97, 0xC0, 0x43, 0x27, 0x83, 0x58, 0x19, 0xAD, 0xE0, 0x9A, 0x0B, 0x99, 0x65, 0x71, 0x2A,
    0x5A, 0x99, 0xE8, 0x7A, 0xE9, 0x95, 0x0F, 0x4C, 0x40, 0xB8, 0x3F, 0x4F, 0x4B, 0x18, 0xFD, 0x52,
    0x07, 0xDE, 0x55, 0x1A, 0x57, 0x2C, 0x37, 0x9E, 0x0F, 0x59, 0xCF, 0x87, 0xB0, 0xBB, 0x66, 0x1C,
    0xE0, 0xA1, 0x3F, 0x73, 0x53, 0xBD, 0x30, 0x16, 0x10, 0x26, 0x29, 0x0B, 0x3C, 0xCB, 0x9F, 0x4A,
    0x3D, 0xC3, 0x6A, 0xA5, 0x9B, 0x0A, 0xA4, 0x62, 0x6F, 0x1A, 0xB2, 0x5A, 0xAC, 0x39, 0xB7, 0xB8,
    0x05, 0x39, 0xAF, 0x16, 0x10, 0x51, 0x7B, 0x90, 0xD2, 0x4C, 0x20, 0xA8, 0x1B, 0x81, 0xD2, 0x13,
    0x99, 0x5E, 0x37, 0x60, 0x17, 0x81, 0x2E, 0x10, 0x3D, 0x71, 0x26, 0x8E, 0xC0, 0xE1, 0x40, 0xEB,
    0x73, 0x05, 0xAB, 0xE5, 0x7A, 0x01, 0xCA, 0x44, 0x6C, 0x8F, 0xD3, 0xD3, 0x15, 0x9F, 0x68, 0xA7,
    0x28, 0x29, 0xD8, 0x17, 0xC5, 0x44, 0x41, 0x15, 0x48, 0xF6, 0x51, 0x9D, 0x48, 0x95, 0x1A, 0x15,
    0x81, 0x4B, 0xD9, 0x4B, 0xA8, 0xA8, 0x5E, 0x90, 0x22, 0x15, 0x1D, 0xCA, 0x09, 0x18, 0xD1, 0xB8,
    0x50, 0xB1, 0x66, 0xD2, 0xDB, 0x05, 0x7C, 0xF5, 0x8E, 0x7C, 0xB5, 0x10, 0x05, 0x69, 0x0B, 0x3B,
    0x51, 0x6E, 0x10, 0x0B, 0xB7, 0x3C, 0x8D, 0x6F, 0x16, 0xD3, 0x04, 0xEB, 0x55, 0x8B, 0x7A, 0x1B,
    0xEE, 0x33, 0x1F, 0xA4, 0xB5, 0xE4, 0xF2, 0x80, 0xD8, 0x79, 0x90, 0x46, 0x87, 0x88, 0xCA, 0x92,
    0xB0, 0xB2, 0x40, 0x34, 0x49, 0xD8, 0xD1, 0xAC, 0xB0, 0xB1, 0x14, 0xC5, 0xD0, 0x48, 0x8B, 0xCC,
    0x38, 0x60, 0xEF, 0x14, 0xFF, 0x4A, 0x91, 0x0F, 0xE5, 0x32, 0x7F, 0xC9, 0xD7, 0x88, 0xD3, 0x9E,
    0xA0, 0xC7, 0xAB, 0x7B, 0x8A, 0xCE, 0xBE, 0x0C, 0x9B, 0xB7, 0x2A, 0x3E, 0x61, 0x86, 0x88, 0x97,
    0xB1, 0x46, 0x7B, 0x73, 0xD2, 0xC2, 0xC3, 0x0F, 0x2B, 0xD5, 0x9F, 0x43, 0x15, 0x0F, 0x4D, 0x00,
    0x79, 0x00, 0x40, 0xED, 0x72, 0x02, 0x98, 0x74, 0x9D, 0x48, 0x7E, 0xD3, 0x74, 0xA2, 0xA3, 0x7C,
    0x7B, 0xD3, 0x51, 0x8A, 0x55, 0x47, 0xD1, 0xEC, 0x87, 0xFC, 0x53, 0x07, 0x94, 0xD9, 0x0B, 0x8E,
    0x80, 0x7C, 0x3A, 0xB5, 0xAD, 0x84, 0xD9, 0x69, 0x98, 0xF7, 0x0E, 0xEF, 0x26, 0x72, 0x0A, 0x78,
    0xA7, 0x55, 0x90, 0x3E, 0x95, 0x34, 0x58, 0x8B, 0xD5, 0x6B, 0xCF, 0xF6, 0xCC, 0x95, 0xC3, 0x48,
    0xD3, 0x64, 0x3C, 0xCC, 0x17, 0x88, 0xB6, 0x1B, 0xE1, 0x68, 0x26, 0x4C, 0xA6, 0x35, 0x78, 0x18,
    0xF3, 0x25, 0xF0, 0xAE, 0x0A, 0xDC, 0x6D, 0x96, 0x12, 0x77, 0x2D, 0xFC, 0x0F, 0x51, 0xC7, 0x0A,
    0x8E, 0x77, 0xA1, 0x59, 0x75, 0x61, 0x90, 0x6D, 0x58, 0x9F, 0xB4, 0xF2, 0x2B, 0xF9, 0x4C, 0x62,
    0xAD, 0xC1, 0x74, 0x5B, 0xE6, 0xEC, 0x86, 0xF9, 0xBE, 0xB2, 0xFA, 0xC7, 0x1C, 0xFD, 0x07, 0x86,
    0xD7, 0x42, 0xCC, 0x03, 0x45, 0x76, 0x7C, 0x84, 0x43, 0x8F, 0x40, 0xF4, 0x14, 0x4C, 0x5C, 0x71,
    0x07, 0xD7, 0x2A, 0x85, 0x5B, 0x35, 0x01, 0xAF, 0x72, 0x1E, 0x36, 0x9E, 0x01, 0x1A, 0xF0, 0x0C,
    0xCF, 0x91, 0x34, 0x9C, 0xDD, 0x84, 0x8A, 0x78, 0x54, 0x18, 0x12, 0xB0, 0xCC, 0x1D, 0x46, 0x28,
    0x96, 0x56, 0x6F, 0x66, 0xFF, 0x13, 0x7D, 0xFE, 0x4A, 0xE8, 0x04, 0x31, 0x6B, 0x81, 0xBE, 0x38,
    0xCA, 0xBA, 0xC5, 0xAA, 0x38, 0x33, 0xF7, 0x4E, 0x95, 0xB0, 0x36, 0x16, 0x99, 0x90, 0xC2, 0x1A,
    0x8F, 0x0C, 0x56, 0x07, 0xE9, 0x1B, 0xAF, 0xD8, 0xAA, 0xF1, 0xE7, 0xA0, 0xA0, 0xF9, 0x1D, 0xA2,
    0xCE, 0x7E, 0x22, 0x8F, 0xE9, 0x4C, 0xBB, 0x2D, 0x5B, 0x21, 0xCA, 0x57, 0x40, 0x41, 0x79, 0xB9,
    0xC5, 0x58, 0x1D, 0x7A, 0x97, 0x94, 0x96, 0x31, 0x06, 0x46, 0x40, 0xFF, 0xE8, 0x1D, 0x7D, 0xA3,
    0x67, 0xF4, 0x0B, 0xB4, 0xFC, 0x34, 0x8B, 0xF6, 0xE7, 0xB5, 0xB7, 0x11, 0x7D, 0xA1, 0x27, 0x8D,
    0x45, 0xCC, 0x2E, 0x9C, 0x22, 0x62, 0x0B, 0x5D, 0xC0, 0x71, 0xE5, 0xA4, 0xFE, 0xC8, 0x5A, 0xE6,
    0xFF, 0x03, 0x58, 0x49, 0x00, 0x2E, 0x09, 0xAB, 0xBA, 0x5E, 0x09, 0x7C, 0x5E, 0x55, 0x54, 0x50,
    0x46, 0xBA, 0x1F, 0xCB, 0xF1, 0x2F, 0xF0, 0x90, 0xBC, 0x86, 0x19, 0x2C, 0x40, 0x9F, 0x52, 0x66,
    0xFB, 0x4B, 0x1C, 0xB5, 0xAB, 0xC5, 0x38, 0x80, 0x78, 0x47, 0xF8, 0x5D, 0xD3, 0xBB, 0x1B, 0x2B,
    0x8F, 0x3B, 0x3C, 0xE8, 0x41, 0x79, 0x00, 0x21, 0xD8, 0x71, 0x67, 0x48, 0x5E, 0xC3, 0x9C, 0x0B,
    0x57, 0xB3, 0x62, 0x27, 0x36, 0xAE, 0x99, 0xC5, 0xCA, 0xBC, 0x5F, 0xC5, 0x52, 0xB0, 0xE2, 0xC9,
    0xBB, 0xD0, 0x5F, 0x64, 0xC4, 0xA4, 0xC0, 0x8C, 0xF8, 0x4F, 0xE0, 0xB7, 0x05, 0xBB, 0x6D, 0x05,
    0x9E, 0x16, 0xD8, 0x45, 0x3B, 0x70, 0x3E, 0xC1, 0x02, 0x72, 0xBD, 0x01, 0x23, 0x78, 0x84, 0x80,
    0xEF, 0x22, 0xB0, 0x9E, 0xFB, 0x6E, 0xA2, 0x92, 0xC9, 0xC1, 0xD2, 0xCA, 0x78, 0x45, 0x8C, 0xFC,
    0xC2, 0xA9, 0x4E, 0xEB, 0xE5, 0xD6, 0x5C, 0x3A, 0x35, 0x2E, 0xE5, 0xB8, 0xC3, 0x01, 0x08, 0x53,
    0x39, 0xBE, 0x2E, 0xFC, 0x06, 0xEB, 0x7C, 0xDB, 0xAE, 0xF8, 0x01, 0x27, 0x3F, 0x68, 0xE3, 0xFA,
    0x26, 0xFB, 0xC7, 0xC2, 0x52, 0xEE, 0xBF, 0xBC, 0xA3, 0x39, 0x29, 0xB9, 0x70, 0xFF, 0x4E, 0xA0,
    0xE3, 0x33, 0xD1, 0x59, 0x96, 0x4B, 0x27, 0x2D, 0xBF, 0xA3, 0x2F, 0xE4, 0x03, 0x39, 0xD4, 0x27,
    0xCD, 0x52, 0x29, 0xB7, 0x81, 0x50, 0x2B, 0x80, 0xE0, 0x66, 0x49, 0xDC, 0xF2, 0xDC, 0x24, 0x6D,
    0x27, 0x39, 0x65, 0x98, 0x0B, 0x72, 0x26, 0xDA, 0x35, 0x6D, 0xB8, 0x12, 0x7D, 0x5C, 0x16, 0x2A,
    0x6C, 0xCC, 0xA1, 0x4B, 0xBE, 0xB3, 0x33, 0x32, 0xBA, 0xC8, 0x2D, 0x52, 0x1F, 0xA2, 0x1B, 0x33,
    0xF3, 0x1B, 0xDC, 0x10, 0x72, 0xCB, 0x5A, 0x09, 0x4F, 0xC2, 0x6C, 0x8F, 0xE3, 0xFA, 0x1E, 0xBB,
    0xDB, 0x16, 0x3F, 0xB1, 0xD8, 0x1D, 0x03, 0x79, 0x43, 0x36, 0x00, 0x5B, 0xD2, 0xE3, 0x00, 0x37,
    0x70, 0x37, 0xA8, 0xC5, 0x39, 0x86, 0xFB, 0x47, 0x70, 0x05, 0xF5, 0x4F, 0x6E, 0xEC, 0x1C, 0x64,
    0x95, 0xD3, 0xA1, 0xF1, 0xD9, 0x5A, 0xFB, 0x7C, 0x2B, 0x78, 0xC8, 0x96, 0x53, 0x15, 0x9F, 0x4A,
    0x03, 0x96, 0xCD, 0x49, 0x37, 0xDB, 0xAA, 0x6E, 0xBD, 0xA6, 0x16, 0x33, 0xB4, 0xEE, 0x03, 0x4C,
    0xDB, 0x25, 0x69, 0xD8, 0xF4, 0x18, 0xA9, 0x03, 0x87, 0x68, 0xA7, 0xEB, 0xB1, 0xF6, 0x0A, 0x0A,
    0x4B, 0x9D, 0xFC, 0x28, 0xC8, 0xB8, 0x9C, 0x83, 0xA9, 0x32, 0x82, 0x07, 0xF8, 0x00, 0x4A, 0x61,
    0x3E, 0xDA, 0xDF, 0xFE, 0xB4, 0x16, 0x5F, 0x6E, 0x6D, 0x39, 0x37, 0x5A, 0x15, 0xB9, 0x09, 0x1F,
    0xB4, 0x0F, 0x81, 0xA4, 0xA1, 0x6C, 0x31, 0x1D, 0x77, 0xBF, 0x21, 0xCE, 0x1F, 0x94, 0x46, 0x22,
    0x7D, 0x80, 0x5E, 0xD1, 0x2D, 0xFA, 0x55, 0xC3, 0x7F, 0xCA, 0xFD, 0x5C, 0x89, 0xE8, 0xA0, 0x5B,
    0xF8, 0xC4, 0xCA, 0xA7, 0x0F, 0x6E, 0xA2, 0xAB, 0x5E, 0x31, 0xF9, 0x80, 0x75, 0xCC, 0x93, 0xB3,
    0xF4, 0x99, 0x52, 0xA8, 0x0D, 0xC7, 0x55, 0x61, 0xCB, 0x09, 0x44, 0x25, 0x8E, 0x14, 0x40, 0x65,
    0x54, 0x62, 0x60, 0x4C, 0xB2, 0xD9, 0x3C, 0x6E, 0x47, 0xEA, 0xEA, 0xB0, 0x9D, 0x98, 0x39, 0xC0,
    0x40, 0xC1, 0xFE, 0xE1, 0xA4, 0x19, 0x62, 0x70, 0x13, 0x17, 0x80, 0x6E, 0xA4, 0x76, 0x03, 0x44,
    0xE9, 0x29, 0xAA, 0x89, 0x4E, 0xAA, 0x47, 0x11, 0x68, 0xFC, 0x8E, 0xE0, 0x90, 0xC8, 0xFE, 0x50,
    0x30, 0xB8, 0xCB, 0x55, 0x68, 0xE7, 0x85, 0x0A, 0xF3, 0xC4, 0xB5, 0x62, 0x53, 0x4D, 0x6E, 0xC5,
    0x42, 0x0A, 0xE4, 0xDB, 0x4C, 0x7E, 0x1C, 0x58, 0x1A, 0xCA, 0x04, 0xD6, 0xB0, 0x2D, 0x3A, 0x91,
    0xEF, 0x6A, 0x9F, 0x1D, 0x4A, 0x55, 0x65, 0xF1, 0x8A, 0x22, 0x17, 0xB4, 0x5D, 0x41, 0x8E, 0xE5,
    0x0C, 0x0C, 0xC2, 0x9C, 0x4A, 0x31, 0x6D, 0x4E, 0x64, 0x51, 0xDC, 0xB0, 0xD4, 0x97, 0x6B, 0xB1,
    0x62, 0xF2, 0x14, 0x1B, 0x17, 0xBB, 0x95, 0x6B, 0x5D, 0x74, 0x1E, 0xF7, 0x50, 0xED, 0x5E, 0xF5,
    0x6E, 0x62, 0x51, 0xC9, 0xB5, 0x3D, 0x7B, 0x13, 0x0C, 0x88, 0xC2, 0x63, 0xB4, 0xD8, 0xED, 0xE7,
    0x2B, 0x13, 0x32, 0x01, 0x43, 0x2B, 0xBC, 0xB4, 0xA5, 0xCA, 0x4F, 0x47, 0x44, 0xC2, 0x9C, 0x01,
    0xED, 0xD7, 0xAC, 0x6A, 0x8A, 0x35, 0xED, 0x0B, 0xF0, 0x8D, 0x94, 0xD6, 0xC8, 0x95, 0x84, 0x6E,
    0x64, 0x7E, 0x60, 0xB6, 0x40, 0xCA, 0xE3, 0x28, 0xB0, 0x33, 0xB9, 0x3C, 0xE9, 0xF1, 0x96, 0xE1,
    0xF5, 0x30, 0x37, 0xBA, 0x5C, 0xD4, 0x8B, 0xED, 0xF0, 0x05, 0xC9, 0x80, 0x71, 0x2B, 0x06, 0xDA,
    0xAD, 0x87, 0xBC, 0x7F, 0xC7, 0x40, 0xE3, 0xE3, 0x30, 0x78, 0xFA, 0x8E, 0x62, 0x33, 0x2F, 0x68,
    0xCB, 0x7C, 0xD0, 0xE5, 0x70, 0x3D, 0xA2, 0x3B, 0x88, 0x87, 0xC4, 0xCC, 0xDF, 0x82, 0x19, 0x56,
    0xBB, 0x2C, 0xCD, 0xE9, 0x29, 0x7A, 0x69, 0x06, 0x1C, 0x88, 0x69, 0x44, 0xC8, 0x17, 0x0D, 0x92,
    0x14, 0xB1, 0x4A, 0x8D, 0x4B, 0x58, 0x48, 0xB1, 0x00, 0x73, 0x6F, 0x7E, 0x40, 0x64, 0xE6, 0x66,
    0x56, 0x3E, 0x25, 0x72, 0x05, 0x40, 0x9E, 0x39, 0xDE, 0xD4, 0xE2, 0x10, 0xEE, 0xF8, 0xFF, 0x95,
    0x01, 0x66, 0xC4, 0x02, 0x05, 0xD1, 0x5C, 0x09, 0x22, 0xA4, 0x8B, 0x18, 0x5C, 0x66, 0x8C, 0x78,
    0x6E, 0x74, 0x0A, 0x41, 0xA7, 0x4E, 0x7E, 0x7D, 0x06, 0x14, 0xA6, 0xBA, 0x94, 0xEC, 0x8A, 0x8D,
    0x88, 0x84, 0xB7, 0xA6, 0x94, 0x57, 0xC9, 0x46, 0x44, 0xF5, 0x94, 0xEA, 0x27, 0xFE, 0x5B, 0xD0,
    0x6A, 0x7C, 0xAA, 0xA2, 0x50, 0x47, 0x61, 0x27, 0x84, 0x4D, 0x10, 0x6A, 0x29, 0x2C, 0x6D, 0xD4,
    0x9D, 0x47, 0x7D, 0x15, 0x03, 0x44, 0xF0, 0x97, 0x0A, 0x34, 0xA7, 0x5F, 0xDC, 0x43, 0xED, 0xF4,
    0x9D, 0x0C, 0x4A, 0x17, 0xA4, 0xCC, 0x7A, 0x33, 0x2C, 0x4D, 0xF0, 0x98, 0x5D, 0x91, 0xFA, 0x9D,
    0x8E, 0x6A, 0x37, 0xC5, 0x30, 0x6C, 0xDD, 0x06, 0x0A, 0xBA, 0x25, 0x97, 0x7B, 0x51, 0xA3, 0xCA,
    0xB9, 0xA0, 0x88, 0x6A, 0x54, 0x71, 0xC0, 0xB2, 0x8A, 0x2A, 0x7B, 0x31, 0x6A, 0x75, 0x83, 0xDF,
    0xB0, 0x61, 0x28, 0x7E, 0x55, 0xF5, 0x11, 0xF7, 0x05, 0xB2, 0x1E, 0x7E, 0xB8, 0x61, 0x86, 0xBB,
    0x70, 0x02, 0x79, 0xC1, 0x81, 0x04, 0x17, 0x6F, 0x05, 0xD6, 0x44, 0x36, 0x28, 0xB8, 0xCF, 0x27,
    0xB7, 0x38, 0x59, 0xBA, 0xC5, 0x85, 0x4E, 0x74, 0x04, 0x3B, 0x78, 0xD4, 0x66, 0x93, 0x9B, 0x31,
    0x48, 0x3A, 0x4E, 0x29, 0x31, 0xC4, 0x55, 0x8C, 0x20, 0x3D, 0x0C, 0x3D, 0x2C, 0x23, 0x9D, 0xCC,
    0xD8, 0x9D, 0xE1, 0x30, 0x05, 0x4B, 0x0E, 0xB2, 0xE9, 0x1B, 0xAC, 0x7B, 0xDF, 0x2E, 0x46, 0x15,
    0x28, 0xC6, 0x55, 0x14, 0x9E, 0xE9, 0xFD, 0xFF, 0xCA, 0xBB, 0x7A, 0x20, 0xBB, 0xAD, 0xEB, 0x7C,
    0xF1, 0xA0, 0x11, 0x34, 0xC2, 0x8C, 0xA1, 0x22, 0x89, 0x35, 0x62, 0x92, 0xE7, 0x22, 0x4D, 0x22,
    0x4F, 0xD0, 0xA4, 0x70, 0xB1, 0x22, 0xE0, 0xA8, 0x50, 0x69, 0x15, 0x56, 0x95, 0x42, 0x29, 0x58,
    0x24, 0x51, 0xC1, 0x36, 0x05, 0x25, 0x40, 0xD1, 0x4C, 0x52, 0xB8, 0x30, 0x0B, 0x4F, 0x6A, 0xB6,
    0x4E, 0x0A, 0xA6, 0x50, 0xE1, 0x62, 0x49, 0x80, 0xD1, 0x4C, 0x58, 0xB0, 0xD0, 0x1B, 0xB1, 0x70,
    0xE1, 0x22, 0xB0, 0xE5, 0x91, 0x66, 0xE2, 0x42, 0x90, 0x05, 0x45, 0x10, 0x79, 0x81, 0x93, 0xFD,
    0xCE, 0x77, 0xF6, 0xED, 0x7D, 0xBB, 0xDC, 0xE5, 0x52, 0xE4, 0x92, 0x8F, 0x0A, 0x46, 0xEF, 0x9C,
    0xFB, 0x9E, 0x96, 0xFB, 0x80, 0x73, 0x2F, 0x2E, 0xCE, 0xCF, 0xF7, 0x9D, 0x4D, 0x89, 0x8A, 0xCA,
    0x88, 0x91, 0xCA, 0x99, 0x6A, 0x28, 0xB8, 0x3E, 0xAE, 0x51, 0x79, 0xA2, 0xA9, 0x08, 0xB1, 0xBA,
    0x4D, 0x20, 0xC1, 0xAF, 0x3A, 0x55, 0x9F, 0xB5, 0xDC, 0xEA, 0x6B, 0x2A, 0x17, 0xA8, 0x7C, 0xA2,
    0xF2, 0xAA, 0x96, 0x63, 0x88, 0x3D, 0x7E, 0xFE, 0x0A, 0xE4, 0x39, 0x2D, 0x0F, 0xCB, 0x04, 0xA8,
    0xD2, 0x5B, 0xB3, 0x2B, 0x9A, 0x2E, 0x16, 0x37, 0x01, 0x90, 0xB1, 0x18, 0x22, 0x17, 0x49, 0xD2,
    0xE1, 0x9C, 0x32, 0xBD, 0x1D, 0x97, 0x35, 0x64, 0xE5, 0x20, 0x27, 0x95, 0x5E, 0xE5, 0xA0, 0xB2,
    0x0F, 0xA8, 0x47, 0x2D, 0x37, 0x46, 0x95, 0x8E, 0x87, 0x71, 0x6D, 0x66, 0xF7, 0x7E, 0x08, 0xA8,
    0x8B, 0xAD, 0xA8, 0x5E, 0xDA, 0xF9, 0x1D, 0x73, 0x10, 0x49, 0x47, 0xA5, 0x93, 0xBA, 0x20, 0xCC,
    0x66, 0xC1, 0xFB, 0x20, 0x11, 0x12, 0x3A, 0xA0, 0x80, 0xDA, 0xC5, 0xAF, 0x8A, 0x44, 0x3D, 0x9E,
    0x84, 0x80, 0xBA, 0xE5, 0xEF, 0x3C, 0x54, 0xF5, 0x53, 0xA8, 0xCF, 0x75, 0x79, 0x55, 0x9F, 0x8E,
    0xD9, 0x88, 0x0C, 0x70, 0x47, 0x40, 0x5D, 0xAD, 0x80, 0xBA, 0x99, 0x80, 0xBA, 0x91, 0x80, 0xBA,
    0x0E, 0x0A, 0xAB, 0x13, 0x55, 0x82, 0x00, 0x50, 0xB7, 0xDA, 0x3C, 0xA3, 0x30, 0xB0, 0x5A, 0xF4,
    0xAA, 0x92, 0xCE, 0xA0, 0xF9, 0xAA, 0x8A, 0x80, 0x5C, 0x70, 0x85, 0x2C, 0x9A, 0xDA, 0xC5, 0x3E,
    0x73, 0x7B, 0xE2, 0x2F, 0x61, 0x60, 0xF5, 0xAD, 0x56, 0x1B, 0x1B, 0x77, 0xFD, 0x88, 0xB6, 0x27,
    0x8F, 0xED, 0xC9, 0xBB, 0xBF, 0x77, 0x6F, 0xF5, 0xBA, 0x73, 0xC3, 0xD0, 0xA5, 0x21, 0x6B, 0x9D,
    0xC7, 0xFD, 0xE0, 0x02, 0xE6, 0x11, 0x42, 0x03, 0x0A, 0xF7, 0xA6, 0xFC, 0xF8, 0xF1, 0x14, 0x04,
    0xCD, 0xE7, 0x69, 0x64, 0xD6, 0xD7, 0xE2, 0x34, 0xB1, 0xDB, 0x70, 0x6C, 0xEC, 0xF6, 0xCD, 0x31,
    0x4F, 0xEF, 0xC2, 0xF3, 0xFB, 0xFD, 0xC7, 0x5A, 0x22, 0x17, 0xC5, 0x3C, 0x49, 0x80, 0x79, 0x9A,
    0x9C, 0xA2, 0x86, 0x55, 0x7E, 0xE7, 0x94, 0x98, 0xA7, 0x47, 0x97, 0x9C, 0x7C, 0x0D, 0x0B, 0xF7,
    0xE3, 0x0F, 0x11, 0x7F, 0xDF, 0x16, 0x24, 0x27, 0xEF, 0x86, 0xC9, 0xC9, 0x11, 0xB2, 0xDE, 0x81,
    0x2C, 0x77, 0xEE, 0x9B, 0x9C, 0xE4, 0xBA, 0x84, 0x64, 0xDA, 0x49, 0x65, 0x61, 0x28, 0x7B, 0x93,
    0xE9, 0x71, 0x08, 0x27, 0xC3, 0x59, 0x9F, 0x31, 0xC2, 0xDD, 0x5D, 0x61, 0xE6, 0x28, 0xEE, 0xA2,
    0x46, 0x56, 0x05, 0x6B, 0x2C, 0x9B, 0x2B, 0x63, 0x26, 0x0C, 0x2B, 0x3D, 0xD6, 0x25, 0x37, 0xA6,
    0x60, 0x77, 0x7A, 0xEC, 0x7E, 0x56, 0x1E, 0xC5, 0x6E, 0x2D, 0xF5, 0x94, 0x72, 0xC8, 0x87, 0xBF,
    0xB2, 0x13, 0x43, 0xB5, 0x4A, 0x64, 0xC2, 0xEB, 0x14, 0xA1, 0xDA, 0x29, 0x19, 0x1A, 0xFE, 0x58,
    0x86, 0x46, 0x67, 0x1C, 0x09, 0xDC, 0xB2, 0xFE, 0x30, 0x43, 0x63, 0x61, 0x12, 0x57, 0xB4, 0x27,
    0xC9, 0x8B, 0x08, 0xFF, 0x6B, 0x10, 0x44, 0xE1, 0x8A, 0x6C, 0x7D, 0xD8, 0x6A, 0xA0, 0x6D, 0xCC,
    0x06, 0x8B, 0x3B, 0xCD, 0xE4, 0x98, 0x41, 0x40, 0x0C, 0xC8, 0xAF, 0x9D, 0xF0, 0x8A, 0x67, 0x77,
    0x29, 0x99, 0xDC, 0xA5, 0xD4, 0xEB, 0xEB, 0x07, 0x3A, 0x73, 0xFA, 0x04, 0x92, 0x76, 0xD9, 0x17,
    0x5D, 0xDE, 0x67, 0x43, 0xD1, 0xC3, 0xE9, 0xCF, 0x3C, 0x5E, 0xD5, 0x2A, 0x1B, 0xAB, 0x36, 0x1B,
    0x9A, 0x76, 0x3D, 0xA7, 0xB4, 0xCC, 0x42, 0x91, 0x9E, 0x1A, 0xE4, 0x9C, 0xFB, 0xDA, 0x7D, 0x2B,
    0xD0, 0xF9, 0x12, 0xA2, 0xF3, 0xED, 0x26, 0xB6, 0x63, 0x56, 0x19, 0x44, 0x17, 0x6E, 0xF7, 0xC8,
    0x20, 0xC4, 0xCE, 0x5C, 0xEC, 0xF4, 0x99, 0xB2, 0x90, 0x69, 0x81, 0x9A, 0x68, 0x2A, 0xA8, 0x89,
    0x8A, 0x5F, 0x7E, 0x84, 0x9A, 0xE8, 0x2F, 0x51, 0x1B, 0xFD, 0x60, 0xAC, 0xDE, 0x1B, 0xBE, 0xEF,
    0x9A, 0x9B, 0xA3, 0xB8, 0x52, 0x6B, 0xA2, 0x72, 0xAF, 0x9A, 0x68, 0x73, 0x62, 0x4D, 0x34, 0xDF,
    0xAF, 0x89, 0xDE, 0x42, 0x4D, 0x34, 0x59, 0xD7, 0x44, 0x73, 0xAB, 0x89, 0x2E, 0xD4, 0xF9, 0xFB,
    0xAD, 0x6D, 0x3B, 0x25, 0x75, 0x5E, 0x53, 0x2F, 0x5B, 0xEA, 0xCC, 0xF4, 0x79, 0x2A, 0xF7, 0x03,
    0x17, 0x1C, 0x0F, 0x4F, 0x52, 0x28, 0x02, 0x92, 0xC2, 0x4B, 0x87, 0x49, 0x0A, 0x8B, 0x7D, 0x92,
    0xC2, 0x1D, 0x23, 0x29, 0xD0, 0x74, 0xF6, 0x20, 0x1F, 0xCC, 0x9A, 0xEE, 0xD5, 0x01, 0x33, 0x8B,
    0xCF, 0x9A, 0xDA, 0x3D, 0x5C, 0x85, 0xF7, 0x5F, 0xAD, 0xC2, 0x7B, 0xBD, 0x74, 0x6E, 0xC9, 0x6D,
    0x18, 0x16, 0x78, 0x26, 0xC7, 0x3F, 0x21, 0xD5, 0x72, 0xCB, 0x11, 0xFA, 0x96, 0x6A, 0x58, 0x85,
    0x9C, 0xD0, 0x25, 0x55, 0x66, 0xAA, 0xE6, 0x87, 0xA6, 0x4A, 0xC6, 0xC2, 0x15, 0x62, 0xE1, 0x97,
    0x2D, 0x16, 0xFE, 0x14, 0xB1, 0x70, 0xEB, 0x12, 0xBF, 0x2C, 0x19, 0x0B, 0x67, 0x93, 0xEE, 0x04,
    0xC3, 0x3A, 0x16, 0x16, 0x8D, 0x85, 0xF1, 0x28, 0x94, 0xB6, 0x2D, 0xFA, 0xEA, 0xB6, 0xC6, 0xC2,
    0xB5, 0xC5, 0xC2, 0x6A, 0xA7, 0xB8, 0xB5, 0x2F, 0xE3, 0xF7, 0x67, 0x6B, 0x71, 0x3E, 0x70, 0x3A,
    0xD5, 0x9C, 0x98, 0x15, 0xAC, 0x22, 0xA4, 0x3E, 0xB1, 0xA3, 0x61, 0xF9, 0xFC, 0x79, 0xF6, 0xA1,
    0xC7, 0xAC, 0x2C, 0x7F, 0x88, 0xFA, 0xC2, 0xA5, 0x42, 0x37, 0xB3, 0xDD, 0xB7, 0xD5, 0x9C, 0xDE,
    0xAB, 0x39, 0xEF, 0x90, 0x61, 0x2D, 0x9D, 0x9A, 0x53, 0x6A, 0x28, 0x61, 0x30, 0x4A, 0xD5, 0xFC,
    0x4E, 0x5A, 0x9A, 0xB3, 0x83, 0xBA, 0x29, 0x3D, 0xD4, 0xAD, 0xCF, 0x46, 0x98, 0xF3, 0x27, 0x1F,
    0x7A, 0x87, 0x6A, 0xEA, 0xBF, 0xCC, 0x50, 0x19, 0x78, 0x7B, 0x64, 0xBE, 0xB9, 0x86, 0xA7, 0xA2,
    0x84, 0xF7, 0x09, 0x45, 0xDD, 0x04, 0x29, 0xF2, 0xE5, 0x74, 0x6E, 0x76, 0x85, 0x8F, 0xA7, 0x0B,
    0xBB, 0xBF, 0x88, 0xFD, 0x30, 0xBA, 0xC4, 0xFF, 0x1E, 0x30, 0xCF, 0xAF, 0x3A, 0x97, 0xDD, 0x51,
    0xB2, 0xAF, 0x18, 0xAC, 0x6D, 0xF9, 0x05, 0x22, 0xBE, 0x2F, 0x50, 0x97, 0xFE, 0xF4, 0xC3, 0xFE,
    0x85, 0xE2, 0x57, 0x3F, 0xF1, 0x3B, 0xC5, 0xAD, 0x57, 0xE7, 0xA1, 0x68, 0x11, 0x77, 0xB4, 0x4E,
    0x6A, 0x1A, 0x40, 0x57, 0x52, 0x6D, 0x2B, 0x09, 0xD0, 0x26, 0x5B, 0x49, 0xD7, 0x1B, 0xAE, 0xA4,
    0x65, 0x19, 0x8B, 0xFC, 0x46, 0x23, 0x70, 0xF9, 0xF8, 0x09, 0x70, 0x3D, 0x2C, 0x93, 0xD3, 0x21,
    0x93, 0x73, 0x38, 0xE9, 0x5A, 0x52, 0x18, 0x8D, 0xDE, 0xE1, 0xD2, 0x1C, 0x0A, 0xA0, 0xE1, 0x02,
    0x0A, 0x92, 0x29, 0x19, 0x93, 0x29, 0xC3, 0x03, 0x26, 0x53, 0x0A, 0x65, 0x78, 0xAD, 0xA0, 0x12,
    0xE9, 0x2B, 0xA0, 0xFE, 0xA5, 0xBF, 0x8E, 0x2A, 0x5F, 0xDE, 0x23, 0x2A, 0x7D, 0x3B, 0xAE, 0x7D,
    0x32, 0x3B, 0xAF, 0xE8, 0xC2, 0x68, 0x80, 0xE2, 0x3D, 0x97, 0xF9, 0x74, 0xA5, 0x4A, 0xF7, 0x33,
    0x54, 0x27, 0x58, 0x24, 0xA1, 0xA2, 0xC1, 0xBE, 0x22, 0xDC, 0xB8, 0xB7, 0x8D, 0x88, 0x79, 0x65,
    0x8D, 0x54, 0x91, 0x02, 0x1E, 0x0C, 0x67, 0x45, 0xA5, 0x18, 0x2C, 0x62, 0x34, 0x05, 0x45, 0x3A,
    0x28, 0x2B, 0xC7, 0x2E, 0xA6, 0x02, 0xA9, 0xB2, 0x4A, 0xFA, 0x5C, 0x76, 0xF3, 0xBE, 0xB8, 0x36,
    0x14, 0xFD, 0xB5, 0x17, 0xFB, 0xA2, 0x83, 0x5F, 0xF8, 0x11, 0xBC, 0x85, 0x9B, 0xBD, 0xC1, 0xB7,
    0x45, 0x05, 0xE2, 0x62, 0xF9, 0x11, 0x82, 0x98, 0xD4, 0x3F, 0xB3, 0x90, 0x78, 0xFA, 0x13, 0x94,
    0x38, 0x77, 0xE1, 0x7F, 0x0E, 0x0A, 0xA9, 0x72, 0x0E, 0x50, 0xB9, 0x7F, 0x5B, 0x23, 0x92, 0x91,
    0x97, 0xB8, 0x78, 0x2A, 0x44, 0xF2, 0xE2, 0x64, 0xC6, 0x07, 0xB8, 0xF2, 0x6F, 0x7E, 0x63, 0x02,
    0x03, 0x19, 0x1F, 0x33, 0x19, 0x1F, 0x0F, 0x8A, 0x48, 0x76, 0xC3, 0x23, 0x84, 0x47, 0x3C, 0x67,
    0xF0, 0x08, 0xEE, 0xFA, 0x6F, 0xDB, 0xB7, 0x58, 0x39, 0xCD, 0xEF, 0x8B, 0xB8, 0x0B, 0xCB, 0x68,
    0xB4, 0xA3, 0x04, 0x03, 0x72, 0x42, 0x1A, 0x67, 0xAC, 0x90, 0xEB, 0xCE, 0x78, 0x21, 0xD7, 0x9C,
    0x19, 0x76, 0x17, 0x7B, 0x8E, 0xB9, 0x8D, 0x06, 0xF7, 0x5E, 0x9B, 0x77, 0x6D, 0x97, 0xB5, 0x89,
    0xD7, 0x46, 0x5E, 0xF3, 0x44, 0xD6, 0x86, 0x5E, 0x9B, 0xDA, 0x8C, 0xCD, 0x01, 0x3D, 0x3F, 0x33,
    0xB8, 0xA3, 0xC9, 0x39, 0x70, 0x1C, 0x18, 0xD1, 0xC6, 0xD1, 0xF0, 0xC2, 0xE0, 0x85, 0x83, 0xA8,
    0xE1, 0x4A, 0x46, 0x8B, 0x8A, 0x4A, 0x10, 0x3E, 0xA8, 0x69, 0x54, 0xAE, 0x74, 0x15, 0xB5, 0xBD,
    0x22, 0xF3, 0x2C, 0x94, 0x51, 0x9B, 0xAA, 0x2C, 0x9D, 0x5A, 0x95, 0x66, 0xA5, 0x5D, 0x69, 0x58,
    0x02, 0x4F, 0x9C, 0x9A, 0xD6, 0x19, 0xF4, 0xC4, 0x30, 0x5C, 0x74, 0xD2, 0x83, 0x41, 0x3A, 0xDB,
    0xE5, 0xA4, 0xDE, 0x06, 0x59, 0x30, 0xE0, 0x05, 0x66, 0x23, 0x2F, 0x10, 0x6F, 0xF5, 0x72, 0x2C,
    0xAF, 0x14, 0xB4, 0x72, 0x30, 0x80, 0xF5, 0x4A, 0x2F, 0xB3, 0xE9, 0x70, 0xCF, 0x69, 0x1E, 0x87,
    0x24, 0x1B, 0xC2, 0x57, 0x08, 0xC0, 0x8C, 0x67, 0x0E, 0x6A, 0xFA, 0xC1, 0x91, 0x0E, 0x22, 0x32,
    0x83, 0x8F, 0xFA, 0xC1, 0x33, 0x64, 0x02, 0x78, 0x1E, 0xF1, 0xFD, 0x7D, 0xEA, 0x6D, 0xC0, 0x73,
    0x54, 0x66, 0x00, 0xB5, 0x9D, 0x91, 0x45, 0x0A, 0x21, 0xC7, 0xE0, 0x7F, 0x1A, 0xCF, 0x81, 0x9E,
    0x20, 0x8E, 0x3F, 0x22, 0xC4, 0xEF, 0x9F, 0x45, 0xE7, 0x5A, 0xEF, 0xE8, 0x97, 0x45, 0x48, 0x7B,
    0x1A, 0xB0, 0x43, 0x2A, 0x70, 0x06, 0xCA, 0xA9, 0x62, 0xD3, 0x0E, 0x44, 0x94, 0xD2, 0xC1, 0x05,
    0xC6, 0x32, 0xD1, 0x72, 0x20, 0x4A, 0xC9, 0x44, 0x83, 0x28, 0x86, 0x67, 0xA5, 0x40, 0x1A, 0xB8,
    0xD7, 0x09, 0x26, 0x11, 0xF4, 0x0C, 0x78, 0x54, 0x9D, 0xDE, 0x12, 0xE0, 0x2E, 0x1C, 0xC6, 0x24,
    0x40, 0x1A, 0xDF, 0xC5, 0xAC, 0x5E, 0xB2, 0xB8, 0x20, 0x4C, 0xD7, 0x5C, 0xD4, 0xA9, 0x4B, 0x78,
    0x89, 0x8D, 0x2A, 0xA5, 0x6F, 0x60, 0xBE, 0x13, 0x99, 0x1C, 0xE0, 0x40, 0x9F, 0xAB, 0xD9, 0x8A,
    0x56, 0x2D, 0x29, 0x2D, 0xF6, 0x38, 0x9C, 0x59, 0xBB, 0xF4, 0xFA, 0xBE, 0x18, 0x13, 0x55, 0x43,
    0x3A, 0x2B, 0xEC, 0x35, 0x9B, 0x22, 0x69, 0x1B, 0xF0, 0x3E, 0xA8, 0x62, 0x3C, 0x45, 0xF4, 0x67,
    0xA1, 0x52, 0x51, 0x5A, 0x79, 0xE6, 0x95, 0x93, 0xB4, 0x1C, 0x1D, 0xE2, 0x7E, 0xA5, 0x13, 0x28,
    0x96, 0x19, 0xF5, 0x09, 0x59, 0x38, 0x27, 0x9F, 0xC8, 0xD4, 0x68, 0xE0, 0xC6, 0x0A, 0xF4, 0xEB,
    0x40, 0x20, 0x45, 0xB6, 0x6C, 0x96, 0x1D, 0x02, 0x2B, 0xC1, 0x9D, 0x17, 0x7B, 0x71, 0xF1, 0x94,
    0xF5, 0xA8, 0x98, 0xE2, 0x01, 0x81, 0x88, 0x43, 0x6A, 0x54, 0x3A, 0x91, 0x7B, 0x69, 0x6E, 0xE0,
    0xD1, 0x85, 0x98, 0x7D, 0x4F, 0x7E, 0x40, 0x89, 0xAC, 0x8A, 0xC0, 0x63, 0x18, 0xB4, 0x47, 0x8D,
    0x2F, 0x04, 0x68, 0xC6, 0xAB, 0x72, 0x55, 0x13, 0xA8, 0x13, 0x2A, 0xBC, 0x96, 0xEB, 0x3C, 0x3D,
    0xD3, 0x29, 0x6C, 0xE6, 0x73, 0x7A, 0xA6, 0x93, 0x37, 0x99, 0x8F, 0xCA, 0x74, 0x9A, 0xC8, 0x74,
    0xAA, 0x13, 0xEC, 0xF7, 0xB3, 0xAC, 0x99, 0x4E, 0xD1, 0xAC, 0x19, 0xC9, 0x9D, 0xC0, 0xB9, 0x56,
    0xF9, 0xC2, 0xF5, 0x83, 0xB6, 0x03, 0x79, 0xF7, 0xE0, 0x80, 0xA5, 0x56, 0xDA, 0xB8, 0x6D, 0xDA,
    0xAC, 0xAD, 0xBA, 0xAA, 0x2E, 0x64, 0x26, 0x60, 0x09, 0xBF, 0x34, 0x37, 0x2F, 0x3F, 0xAB, 0xDD,
    0x33, 0x45, 0xE9, 0x96, 0xF4, 0x67, 0x4F, 0xC7, 0xB6, 0x8A, 0x1F, 0x94, 0x6D, 0x35, 0x9E, 0x9E,
    0x6D, 0x55, 0x9A, 0xC4, 0xBA, 0x08, 0xE2, 0x2A, 0x6B, 0x80, 0x13, 0xC4, 0x55, 0xBB, 0x26, 0x1F,
    0x16, 0x7C, 0x55, 0x6F, 0x80, 0xAF, 0xDC, 0xF1, 0xE0, 0x2B, 0xF9, 0xE3, 0x10, 0x7C, 0x65, 0xAE,
    0xF5, 0x3B, 0xF7, 0x7A, 0xC6, 0x6D, 0xE6, 0x19, 0x07, 0xAA, 0x56, 0x15, 0xC9, 0x4F, 0xBA, 0x4D,
    0xFB, 0x3D, 0x19, 0x4B, 0x19, 0xA1, 0x38, 0x5D, 0xC7, 0xBA, 0xB5, 0x61, 0x06, 0x10, 0x5B, 0x3B,
    0x78, 0x39, 0x5A, 0xA2, 0x97, 0x92, 0x14, 0x28, 0x30, 0xA0, 0x3C, 0x09, 0x50, 0x2A, 0xB5, 0x8A,
    0x24, 0xF5, 0x26, 0xCB, 0xE6, 0xD8, 0x64, 0x90, 0x99, 0x1E, 0x32, 0x16, 0xD6, 0xC1, 0xD4, 0xF7,
    0xBB, 0xE2, 0x9E, 0x2F, 0x2B, 0xEC, 0xD0, 0x48, 0xA7, 0xEA, 0xF5, 0xAE, 0x9C, 0x94, 0x0D, 0x10,
    0xED, 0x82, 0xE6, 0x66, 0xD8, 0x1B, 0x3E, 0xF0, 0xF0, 0x59, 0x06, 0xE7, 0x8A, 0xFF, 0xEE, 0xAD,
    0x50, 0x59, 0xB0, 0x1A, 0x52, 0xDB, 0x1C, 0x65, 0xF3, 0x66, 0xEA, 0xF1, 0x10, 0x16, 0x05, 0xA2,
    0x50, 0xD1, 0x41, 0xCC, 0x6A, 0x82, 0xF2, 0x91, 0x99, 0xA1, 0x10, 0x0D, 0x39, 0x21, 0x37, 0xCD,
    0x90, 0xDD, 0xC7, 0x0C, 0x2D, 0xA5, 0xAE, 0xFB, 0xAC, 0x93, 0xD9, 0xE5, 0xFE, 0x2D, 0xC1, 0x0E,
    0x80, 0xB5, 0x41, 0x0B, 0xC8, 0x8D, 0x79, 0x6D, 0x81, 0x71, 0xDF, 0x02, 0x9F, 0xDD, 0xC3, 0x02,
    0x2A, 0x26, 0x9E, 0x0C, 0xC5, 0x09, 0x16, 0x10, 0x5A, 0x60, 0xDB, 0x69, 0x70, 0x96, 0x06, 0xEB,
    0xC3, 0x96, 0x29, 0x19, 0x55, 0xDA, 0x51, 0xAD, 0xA8, 0x5A, 0x53, 0x8F, 0x0F, 0x0B, 0x47, 0xDC,
    0xD4, 0x18, 0xA0, 0xA6, 0xFC, 0x81, 0x8C, 0xFB, 0xC3, 0x88, 0x29, 0x91, 0x2F, 0x45, 0x3A, 0xE8,
    0xCF, 0xF7, 0x74, 0x85, 0xE6, 0x77, 0x48, 0x4E, 0x24, 0xF3, 0x9E, 0x1E, 0x9D, 0x4F, 0xA7, 0xA4,
    0x5B, 0x42, 0xFB, 0x04, 0xCC, 0x6B, 0x22, 0x37, 0xFA, 0x40, 0x8F, 0xAA, 0x99, 0xEC, 0xD3, 0xC7,
    0x26, 0x63, 0x6A, 0x96, 0xB1, 0x02, 0xDD, 0x51, 0x57, 0x1D, 0x73, 0x8C, 0x8A, 0xA1, 0x2F, 0xD7,
    0x29, 0x30, 0xE8, 0x38, 0xD0, 0x11, 0x4B, 0xEE, 0xFA, 0x33, 0xF0, 0x3E, 0xAF, 0x5A, 0x2B, 0x2B,
    0x31, 0x1D, 0x32, 0x41, 0x5D, 0x65, 0xBA, 0x80, 0x0E, 0x33, 0x33, 0xFB, 0xBA, 0xB4, 0xCF, 0xB9,
    0xB8, 0x7B, 0x8A, 0x04, 0x22, 0x3C, 0x9E, 0x2C, 0x86, 0x70, 0x6B, 0x68, 0x88, 0x90, 0x0B, 0x9A,
    0x98, 0x86, 0xCD, 0x55, 0x2E, 0x83, 0x6C, 0x7B, 0xC6, 0x52, 0xD7, 0x23, 0xC4, 0x3D, 0xFE, 0x57,
    0x6D, 0xB8, 0xC7, 0x7C, 0xDA, 0x28, 0xF0, 0xE4, 0x96, 0x15, 0xB1, 0xC9, 0x7C, 0x05, 0xDF, 0xFB,
    0x3D, 0x0D, 0xE1, 0x2B, 0xE9, 0x29, 0x61, 0xA5, 0xD9, 0xC2, 0xF2, 0x64, 0x86, 0x4C, 0xA7, 0x1C,
    0xD2, 0x17, 0x4B, 0x9C, 0xC3, 0x79, 0xB5, 0xD8, 0x2B, 0xC8, 0x67, 0x8D, 0x97, 0xD4, 0x56, 0xBB,
    0x90, 0x5E, 0x71, 0x61, 0xCC, 0xA6, 0x9B, 0xAD, 0x46, 0xD8, 0x6A, 0xD1, 0x43, 0xC6, 0xBD, 0x3E,
    0x0A, 0x7E, 0xAD, 0xF2, 0x37, 0xB0, 0x5B, 0x72, 0x3B, 0x4C, 0x87, 0x9B, 0xAD, 0x7A, 0x84, 0x6A,
    0x7F, 0x51, 0x57, 0x80, 0xFC, 0xBD, 0x3C, 0x61, 0x8D, 0x60, 0x79, 0x24, 0xFE, 0xC7, 0xE0, 0x15,
    0x8E, 0x58, 0x1E, 0x5F, 0x43, 0xFC, 0xEF, 0x9E, 0xB8, 0x73, 0x77, 0xC6, 0x92, 0x43, 0x03, 0x8D,
    0xAF, 0x50, 0x49, 0x41, 0x1E, 0x32, 0xB9, 0x85, 0xC4, 0xDA, 0x2D, 0x7D, 0x28, 0x8C, 0xFF, 0x61,
    0x7B, 0x57, 0xA2, 0xB6, 0xFF, 0x3B, 0xD6, 0x5F, 0x20, 0x75, 0xA5, 0xC8, 0x71, 0xCF, 0xB0, 0xDC,
    0xBA, 0xD3, 0xD0, 0x59, 0x04, 0x09, 0xE9, 0x35, 0x14, 0x82, 0x86, 0x68, 0xA3, 0x7D, 0x5A, 0xA9,
    0xFC, 0xC8, 0x23, 0x6D, 0x8C, 0x66, 0xB2, 0xA7, 0x48, 0x9E, 0xB2, 0x36, 0x46, 0xB1, 0xCA, 0x0A,
    0xDB, 0x41, 0xDB, 0x60, 0x73, 0x68, 0x0F, 0x70, 0x2A, 0xD6, 0x2A, 0xC5, 0xE6, 0xCD, 0x04, 0x33,
    0x26, 0x6F, 0xAE, 0x21, 0x2A, 0x5F, 0xE2, 0xD7, 0xD7, 0x8D, 0xDD, 0x34, 0xFE, 0xE0, 0xA6, 0x89,
    0xA4, 0x3C, 0x15, 0x3A, 0x85, 0xBB, 0x60, 0xA4, 0x0E, 0x28, 0xB3, 0x99, 0xAF, 0xE3, 0x57, 0xF7,
    0x29, 0x30, 0x03, 0xCD, 0xA0, 0x64, 0xB5, 0xC2, 0x17, 0xBD, 0x4E, 0x63, 0xD1, 0xCA, 0x0A, 0xEB,
    0xEB, 0x87, 0xD2, 0x42, 0xBD, 0x2A, 0x35, 0x3E, 0x14, 0x1C, 0x3E, 0xA5, 0x72, 0x99, 0x6D, 0xFF,
    0xF3, 0x09, 0x4A, 0x20, 0x8D, 0x44, 0xE4, 0x12, 0xAC, 0x01, 0x05, 0x38, 0xBA, 0x73, 0x2B, 0x4C,
    0xF4, 0xBF, 0xEB, 0xDE, 0x85, 0xA0, 0x10, 0x3F, 0xC3, 0x80, 0xEF, 0x1F, 0x7E, 0x66, 0x19, 0x44,
    0x7C, 0x34, 0x66, 0x6D, 0x7E, 0x7B, 0x2A, 0xBA, 0x66, 0x21, 0xC5, 0x8D, 0x39, 0x9E, 0xAB, 0xF7,
    0x7C, 0x3A, 0x55, 0xA9, 0xCF, 0xC7, 0xE2, 0x47, 0xB3, 0x74, 0x4B, 0xD1, 0xA2, 0xA0, 0x5C, 0xE6,
    0x0E, 0x09, 0xF1, 0x1C, 0x6E, 0xE5, 0xEF, 0xE3, 0xD6, 0xDD, 0x45, 0xFE, 0x13, 0x15, 0xE0, 0x8B,
    0xD8, 0x1C, 0x8D, 0x58, 0xF4, 0x44, 0x2D, 0xF0, 0x82, 0xAE, 0xC2, 0x05, 0x2A, 0xC5, 0x5F, 0xD3,
    0x77, 0x16, 0x31, 0x0B, 0x90, 0x6A, 0x65, 0x98, 0xAC, 0x21, 0xDC, 0x77, 0x8B, 0x92, 0xCA, 0x85,
    0xEA, 0x3C, 0xD5, 0xDB, 0xEE, 0xCC, 0x6C, 0x75, 0xAE, 0xE3, 0xBE, 0xC4, 0xAF, 0xB4, 0x1D, 0x03,
    0x42, 0xBF, 0xFA, 0xAF, 0x20, 0xDC, 0x19, 0x76, 0xE5, 0x74, 0xEC, 0xD7, 0x6B, 0x16, 0xD8, 0xE1,
    0xA0, 0xAA, 0xFF, 0xD1, 0x3E, 0xB9, 0xD1, 0xDB, 0x40, 0xF7, 0x61, 0x26, 0x04, 0x4E, 0x3A, 0xBE,
    0x7D, 0xFD, 0x99, 0x08, 0xB4, 0x22, 0xD4, 0x8A, 0xBA, 0x7B, 0x9F, 0x9A, 0xA7, 0xC0, 0xC7, 0xD2,
    0xE6, 0xB1, 0x75, 0x74, 0xB8, 0xB3, 0x2A, 0x66, 0xF0, 0x36, 0xB2, 0x13, 0xBC, 0x69, 0x0C, 0x46,
    0x59, 0xA9, 0x2A, 0x06, 0xE3, 0xB1, 0xAA, 0x89, 0x12, 0x81, 0xC2, 0xEE, 0xCC, 0xEC, 0x7B, 0xAB,
    0xAB, 0x79, 0xAD, 0x8E, 0x12, 0x32, 0x2C, 0x3A, 0x4C, 0x26, 0x55, 0x96, 0x60, 0xE2, 0x64, 0xA7,
    0xD8, 0x57, 0x8E, 0x2B, 0x66, 0x84, 0xB9, 0xE8, 0x69, 0x3A, 0x5A, 0xCC, 0xE8, 0xA5, 0x25, 0x3B,
    0xB8, 0xE8, 0x32, 0x15, 0xA3, 0x43, 0xF4, 0x08, 0x2F, 0x09, 0x97, 0xA1, 0x22, 0x81, 0x48, 0x47,
    0x7A, 0xC5, 0x7C, 0xD0, 0x17, 0xB8, 0xB8, 0x73, 0xA3, 0x7B, 0xC0, 0xBE, 0x48, 0xBA, 0xF2, 0x4C,
    0xA5, 0x54, 0x59, 0x97, 0xB0, 0x2F, 0x52, 0x7A, 0xBF, 0xBE, 0x48, 0x0D, 0x2F, 0x7B, 0xD2, 0x9B,
    0x3B, 0xDA, 0xE8, 0x8B, 0xF4, 0x4B, 0x9C, 0x3A, 0x26, 0x2F, 0x92, 0x81, 0x7D, 0x91, 0x84, 0x7D,
    0x91, 0x84, 0x7D, 0x91, 0x18, 0x48, 0x47, 0x63, 0x48, 0x34, 0x48, 0x57, 0xA1, 0x5B, 0xF9, 0x92,
    0x3B, 0x33, 0xAA, 0xDE, 0x5D, 0x52, 0xF5, 0x7A, 0x50, 0xF5, 0xAE, 0xD2, 0x07, 0x83, 0x08, 0x5D,
    0xFB, 0xB8, 0xDF, 0xD2, 0x4E, 0x47, 0x98, 0x6C, 0x6C, 0x8C, 0xCD, 0xF1, 0x4B, 0x32, 0xF6, 0x41,
    0x62, 0x91, 0x81, 0x1A, 0x97, 0xE4, 0x29, 0xF3, 0xDE, 0xED, 0x7D, 0xF3, 0xDE, 0xD3, 0xFE, 0x92,
    0x4C, 0x37, 0xA3, 0x6E, 0x86, 0x9B, 0x98, 0x46, 0x72, 0x6C, 0x98, 0x3A, 0x3A, 0x85, 0x25, 0xEB,
    0xB3, 0xB2, 0x64, 0x71, 0xB8, 0x82, 0xF0, 0x5D, 0x79, 0x3D, 0x6A, 0x06, 0xCB, 0x5F, 0x9B, 0xDA,
    0x78, 0xA2, 0xFA, 0xA3, 0x2B, 0xD3, 0x0A, 0x96, 0x58, 0xB9, 0x67, 0xC1, 0xAC, 0xF4, 0xCE, 0x1D,
    0x03, 0xBC, 0xDA, 0x8A, 0x98, 0x25, 0x12, 0xE9, 0x19, 0xB2, 0xAC, 0xF1, 0x42, 0x61, 0xAC, 0xCB,
    0xD4, 0x20, 0x17, 0x19, 0x24, 0x62, 0x16, 0x84, 0x2C, 0x88, 0x58, 0x10, 0xB0, 0x20, 0x5E, 0x41,
    0xB8, 0x82, 0x68, 0x85, 0x84, 0x9A, 0xA2, 0x47, 0xA8, 0xB2, 0x10, 0x31, 0x6C, 0x7B, 0x75, 0xE0,
    0x0A, 0xE4, 0xB8, 0x3D, 0xF1, 0xFA, 0x2D, 0xE7, 0x03, 0x4F, 0x34, 0x3C, 0xEA, 0xDF, 0x7F, 0xA8,
    0x3E, 0x6A, 0x62, 0x7D, 0xD4, 0x22, 0xEB, 0xA3, 0x36, 0xC4, 0xB3, 0x94, 0xC8, 0xA9, 0x8C, 0x07,
    0x7D, 0xD4, 0xBE, 0xD0, 0xC1, 0x4F, 0x7D, 0xFE, 0xF1, 0xD1, 0x3E, 0x6A, 0x0A, 0xEB, 0x4A, 0x67,
    0xD1, 0xD5, 0x2E, 0x89, 0x4C, 0x1B, 0x7D, 0xD4, 0x22, 0xED, 0xA3, 0xA6, 0xED, 0xD3, 0xD8, 0x47,
    0x8D, 0xED, 0xD3, 0xB0, 0x35, 0x7E, 0x77, 0xFA, 0x6B, 0xB9, 0x51, 0x7D, 0x8D, 0x47, 0xD0, 0xAF,
    0x05, 0xA4, 0x09, 0xF6, 0x51, 0xC3, 0xC0, 0x85, 0x2D, 0x5F, 0x99, 0xCC, 0x0B, 0x96, 0x1F, 0x03,
    0xD8, 0x00, 0x25, 0x48, 0x9C, 0xF4, 0xE3, 0xA6, 0x15, 0x8F, 0xA4, 0x15, 0xF7, 0x4A, 0x2B, 0xBE,
    0xBA, 0x0A, 0xAB, 0xF6, 0x45, 0x08, 0x2B, 0x89, 0x06, 0xF5, 0xD8, 0xF0, 0x3A, 0x05, 0x0F, 0x02,
    0xF7, 0xE1, 0x69, 0x58, 0x0D, 0x84, 0x53, 0x9A, 0x5F, 0xC9, 0x52, 0x24, 0x8E, 0xCA, 0xED, 0x04,
    0xF0, 0xD0, 0xE6, 0x9F, 0x98, 0xF0, 0xBE, 0x5F, 0xBF, 0xC5, 0xAD, 0xEF, 0xA7, 0xBB, 0xE8, 0x17,
    0xA5, 0x8B, 0xC7, 0xD4, 0xF0, 0x9E, 0xDC, 0x16, 0x1A, 0x9B, 0xFC, 0xB3, 0xEF, 0x82, 0x71, 0x21,
    0xD2, 0xED, 0x60, 0x52, 0x7E, 0x00, 0x38, 0x63, 0x78, 0x37, 0xE3, 0x1D, 0xFE, 0xDF, 0xE5, 0xA7,
    0xCE, 0x9C, 0x4A, 0xD9, 0xC9, 0xC6, 0x62, 0x45, 0x81, 0xB7, 0x8F, 0xC9, 0x92, 0xB1, 0x98, 0xE3,
    0xB5, 0xC0, 0x60, 0xB2, 0xE8, 0x84, 0xC5, 0x25, 0xB1, 0x41, 0xCC, 0x01, 0x16, 0x2C, 0x82, 0x4F,
    0x6C, 0xFB, 0x9F, 0x0B, 0x4F, 0xB0, 0xFA, 0x48, 0xCA, 0x4B, 0xEC, 0x24, 0x2A, 0xAC, 0x1E, 0xCF,
    0x31, 0x07, 0x38, 0x43, 0x21, 0xC3, 0x4A, 0x3B, 0xAD, 0xB0, 0xA2, 0xB4, 0xE8, 0x49, 0x5B, 0xF6,
    0x18, 0xC4, 0xDE, 0xDC, 0x63, 0xCD, 0x0C, 0x19, 0xDC, 0x72, 0x39, 0xA2, 0xFB, 0x6D, 0x53, 0xEB,
    0x73, 0xA2, 0x35, 0x8F, 0x62, 0x59, 0x27, 0xB4, 0x5B, 0x51, 0x37, 0xDA, 0x33, 0x9F, 0xB6, 0xCB,
    0x74, 0xE0, 0x12, 0x69, 0x14, 0xF9, 0xA7, 0xEF, 0x16, 0x92, 0xC8, 0x0A, 0x19, 0x17, 0x54, 0x34,
    0x4A, 0x24, 0x16, 0xD8, 0xD4, 0xC4, 0x27, 0x34, 0x53, 0xD5, 0xC3, 0x50, 0x24, 0xCF, 0x65, 0xF3,
    0x65, 0x07, 0x45, 0x86, 0xDA, 0x9E, 0x7A, 0x8E, 0xE9, 0xF4, 0x1D, 0x45, 0x32, 0xC0, 0x47, 0xFC,
    0x44, 0xE6, 0x37, 0xD1, 0xAD, 0xE9, 0x2B, 0x6E, 0xE3, 0x65, 0xC3, 0x54, 0x6A, 0xC9, 0x10, 0x26,
    0x53, 0xB6, 0xC8, 0x9F, 0x42, 0xF6, 0x97, 0x98, 0x6E, 0x3E, 0xBE, 0x43, 0xF9, 0xF6, 0x34, 0xFD,
    0xCD, 0xEA, 0x17, 0x5D, 0xDE, 0xEE, 0xEC, 0xBD, 0x7A, 0x3C, 0x88, 0xF0, 0x83, 0x8F, 0x9C, 0x78,
    0xC8, 0x74, 0x45, 0xCE, 0x67, 0x38, 0x9A, 0x39, 0x27, 0x03, 0xAE, 0x37, 0xAD, 0x71, 0x42, 0xDF,
    0x71, 0x90, 0xCF, 0xD0, 0x54, 0x90, 0x41, 0xD7, 0xA3, 0x4D, 0xA9, 0x73, 0x5A, 0x37, 0x90, 0xA5,
    0x16, 0x1F, 0x9D, 0x80, 0x8F, 0xAE, 0x2C, 0x0B, 0xEF, 0x1A, 0x2D, 0x44, 0x36, 0x3D, 0x07, 0xF8,
    0x47, 0xF9, 0x7C, 0x75, 0xB6, 0x06, 0x59, 0x46, 0x61, 0xB0, 0xF4, 0x49, 0x3E, 0xE3, 0xFD, 0x2A,
    0xEB, 0x00, 0x93, 0xCB, 0xC6, 0x1D, 0x97, 0xF9, 0xEF, 0x59, 0xD8, 0x8F, 0x24, 0x44, 0x04, 0xEC,
    0xE7, 0x9C, 0x2B, 0xD5, 0xA3, 0x58, 0x15, 0x6D, 0xD5, 0x4A, 0x59, 0xFC, 0xE7, 0x84, 0xC7, 0xAF,
    0x71, 0xE0, 0xFE, 0x2C, 0xD2, 0xF2, 0x63, 0xA2, 0x48, 0x3C, 0x3E, 0x49, 0xD3, 0xF1, 0xC8, 0x76,
    0xB3, 0x85, 0x57, 0xFE, 0x4E, 0x34, 0x3A, 0x79, 0x6F, 0xD2, 0x57, 0xB5, 0x37, 0x0E, 0x8E, 0x87,
    0xB6, 0x0A, 0xEC, 0xE2, 0xEC, 0xFA, 0x85, 0x8E, 0x96, 0xE2, 0x73, 0x82, 0x4F, 0x88, 0x5A, 0xBB,
    0xF2, 0xFF, 0x23, 0xBB, 0x91, 0xD7, 0xD7, 0xAD, 0x67, 0x83, 0x04, 0x9A, 0x9F, 0x6F, 0x7F, 0x56,
    0x03, 0x73, 0x89, 0x25, 0x8E, 0xA8, 0x26, 0xF3, 0x1C, 0x6D, 0xAE, 0xEF, 0x27, 0xD6, 0x60, 0x3B,
    0x5D, 0x15, 0x40, 0x4D, 0x36, 0x2D, 0x85, 0xBE, 0xB5, 0xC3, 0xB0, 0xAB, 0xAE, 0x12, 0x9C, 0x32,
    0xA8, 0x34, 0x88, 0x5C, 0xE2, 0x0E, 0x42, 0x93, 0xDA, 0x8E, 0x39, 0x81, 0xDE, 0x4A, 0x7E, 0x56,
    0x12, 0xF5, 0xFC, 0x1F, 0xAF, 0x50, 0x64, 0x10, 0xF9, 0xE0, 0xD0, 0xAC, 0x88, 0x38, 0x48, 0xB4,
    0x2B, 0x62, 0xF8, 0xD6, 0xBA, 0x4A, 0x25, 0xEE, 0xC5, 0x7D, 0x5B, 0x7B, 0x97, 0xF4, 0x08, 0xBE,
    0xF3, 0x1A, 0xEE, 0xE4, 0x75, 0x75, 0x88, 0x70, 0x9D, 0xBD, 0x32, 0x9F, 0x2E, 0x17, 0x06, 0xAB,
    0xEC, 0x0F, 0x38, 0x7E, 0xD9, 0xA4, 0x72, 0x36, 0xB9, 0x6C, 0xF1, 0x49, 0xA1, 0x1B, 0x7F, 0xD3,
    0xB2, 0xB9, 0x18, 0x6E, 0x69, 0xF6, 0x66, 0x26, 0xDA, 0x31, 0x9F, 0x2F, 0x82, 0x13, 0xC0, 0xF5,
    0xFB, 0xD2, 0xCF, 0x1C, 0x8F, 0x17, 0xF4, 0x77, 0xFD, 0x02, 0x17, 0xFC, 0x09, 0xCF, 0x67, 0x72,
    0x0B, 0xFF, 0x52, 0x33, 0xB8, 0x58, 0x7F, 0x21, 0x38, 0xAE, 0xC8, 0x59, 0xA4, 0x01, 0x18, 0x82,
    0x05, 0xF0, 0x99, 0x59, 0x1F, 0xB5, 0xBF, 0x4E, 0x48, 0xF6, 0x9A, 0x3A, 0x34, 0x0C, 0xAE, 0x0E,
    0x17, 0x1A, 0xF3, 0xD2, 0x49, 0xBD, 0x06, 0xCF, 0x2B, 0x82, 0x0E, 0xFD, 0xC3, 0xEC, 0x29, 0xF4,
    0xAC, 0xA5, 0x3B, 0xA3, 0x37, 0xDE, 0x78, 0x9D, 0x2E, 0xC2, 0x40, 0xD5, 0xB3, 0xAD, 0xEA, 0x95,
    0xA7, 0xAE, 0x85, 0x38, 0x2E, 0x61, 0xB3, 0x18, 0x78, 0xF6, 0xB4, 0x53, 0xF7, 0xB7, 0x1B, 0x8E,
    0x2C, 0x42, 0x9A, 0xF5, 0x3B, 0x77, 0x61, 0x71, 0xF9, 0xA9, 0x33, 0x62, 0x34, 0x26, 0x1D, 0x30,
    0x48, 0x03, 0x05, 0xDE, 0x3E, 0x1E, 0x4B, 0x3E, 0xEB, 0x5E, 0x54, 0x76, 0x00, 0x28, 0xB3, 0x40,
    0x3D, 0xED, 0x8F, 0x9F, 0x2D, 0x2D, 0x10, 0xE3, 0xB1, 0x7D, 0x0D, 0xB7, 0xB3, 0xB6, 0xE0, 0x19,
    0x53, 0xE0, 0x6D, 0x70, 0x9C, 0x5D, 0x03, 0x2B, 0xB2, 0x6E, 0x58, 0xB6, 0x48, 0xE4, 0x6F, 0xC4,
    0xB1, 0x89, 0x28, 0xA6, 0xB6, 0xEA, 0x17, 0x38, 0x9D, 0x41, 0x93, 0x5A, 0x5E, 0xF9, 0xAB, 0x9E,
    0x4E, 0x41, 0xEE, 0x03, 0x3B, 0x68, 0x31, 0xA9, 0x82, 0x3C, 0x62, 0x87, 0x90, 0xBF, 0x1A, 0xD8,
    0x21, 0x9D, 0x61, 0x87, 0xFC, 0x9E, 0x76, 0x48, 0x49, 0xFF, 0x42, 0x48, 0x9E, 0x4E, 0xEB, 0xF8,
    0xC6, 0xAE, 0xB4, 0xC2, 0x45, 0xEA, 0xFE, 0x2B, 0x2A, 0x78, 0x91, 0xE9, 0xFE, 0x45, 0xAE, 0xF2,
    0x1E, 0x5F, 0x69, 0x68, 0x72, 0x40, 0x30, 0x4F, 0xBF, 0x22, 0xB6, 0xCF, 0x12, 0xC7, 0xAF, 0x08,
    0x1E, 0x67, 0x61, 0x2C, 0xFE, 0xAD, 0xC6, 0xEA, 0x5D, 0xCD, 0x22, 0x7D, 0x20, 0x1C, 0x6B, 0x16,
    0xE3, 0x82, 0x0B, 0x8F, 0x2D, 0xEB, 0x75, 0x7A, 0xB2, 0x63, 0x70, 0x96, 0x4D, 0x6F, 0xDC, 0x1F,
    0xBE, 0xF1, 0x86, 0xB9, 0x60, 0x50, 0x1A, 0x43, 0x03, 0x7C, 0xFE, 0xF3, 0xA7, 0xF6, 0xAF, 0x52,
    0xE1, 0xC1, 0xCE, 0x28, 0xDD, 0x2E, 0x6B, 0xFB, 0xFB, 0x1E, 0xD8, 0xBA, 0xB5, 0xC5, 0x0A, 0x20,
    0x9E, 0xE8, 0xBB, 0x1B, 0x64, 0xE9, 0xBB, 0x0B, 0x4F, 0xEF, 0x64, 0x30, 0x62, 0x60, 0xFC, 0x40,
    0xC9, 0x4F, 0xB6, 0x7F, 0x4A, 0xDC, 0x8B, 0xEE, 0x0F, 0xA0, 0x1A, 0xC7, 0xB4, 0x92, 0x36, 0xE9,
    0x4D, 0xE7, 0x6C, 0xD2, 0x2A, 0x0F, 0xB1, 0x3E, 0xE5, 0xAC, 0xAD, 0x1F, 0xA3, 0x2B, 0x4F, 0xE1,
    0xCC, 0xB8, 0x82, 0xF9, 0x6F, 0x79, 0x97, 0xDB, 0x05, 0xAF, 0x6F, 0xCA, 0xC8, 0x78, 0xD7, 0xB3,
    0xB8, 0xEE, 0xA6, 0xC3, 0xD3, 0xC4, 0x79, 0x72, 0x36, 0x51, 0x36, 0x53, 0x36, 0x55, 0x36, 0x57,
    0x36, 0x59, 0x36, 0x5B, 0x36, 0x5D, 0x9C, 0x2F, 0x4E, 0x18, 0x95, 0x85, 0x61, 0xE1, 0xB9, 0x15,
    0x23, 0xD5, 0x66, 0xDF, 0xC0, 0xD6, 0xD9, 0xC4, 0xD9, 0xCC, 0xD9, 0xD4, 0xD9, 0xDC, 0xD9, 0xE4,
    0x71, 0xF6, 0xC2, 0xE9, 0xBB, 0x8C, 0xEC, 0x56, 0xEC, 0xB3, 0xDE, 0x70, 0x90, 0x36, 0x76, 0x57,
    0x16, 0x66, 0x81, 0x2D, 0x83, 0xA8, 0xC1, 0x9A, 0xF5, 0x3B, 0x7A, 0x97, 0x94, 0x14, 0x78, 0x8B,
    0xE3, 0xAC, 0xDB, 0xF1, 0x6D, 0xC7, 0x5F, 0x50, 0xE3, 0x5A, 0x81, 0xB4, 0xDF, 0x9F, 0x75, 0x2A,
    0x59, 0xDC, 0x6F, 0x0F, 0x64, 0xD6, 0x9E, 0xC8, 0xD7, 0x96, 0x15, 0x6B, 0x9D, 0x9D, 0xAA, 0xBC,
    0x3F, 0xCC, 0xD7, 0xAE, 0xCA, 0xE2, 0xEE, 0x44, 0x9C, 0xC6, 0x48, 0x32, 0x69, 0x8C, 0xD7, 0x08,
    0xCD, 0xAF, 0x48, 0x02, 0x97, 0xAA, 0x7E, 0x96, 0x83, 0xB4, 0xB7, 0x75, 0x08, 0x32, 0x02, 0x07,
    0x83, 0x7D, 0xB2, 0xB8, 0xFC, 0xBC, 0x3B, 0x7A, 0x7C, 0xFB, 0x3A, 0xD2, 0xBB, 0x65, 0xFB, 0x8E,
    0xA3, 0x47, 0x47, 0xC9, 0x4F, 0x82, 0xE3, 0xB1, 0x76, 0x14, 0xDC, 0xA2, 0xDE, 0x01, 0x4E, 0x65,
    0xC4, 0xDD, 0x19, 0x72, 0x19, 0xAF, 0x1C, 0x4A, 0x9D, 0x2D, 0x91, 0xDF, 0x18, 0x4F, 0x8E, 0x37,
    0xDB, 0xC3, 0xF5, 0x1A, 0x68, 0x8B, 0x4F, 0xA4, 0x5E, 0x8A, 0x94, 0xD1, 0xCF, 0x97, 0x86, 0xA0,
    0x38, 0xEF, 0x16, 0xED, 0xAE, 0x4B, 0xFB, 0x51, 0x33, 0x42, 0x99, 0xF2, 0x6D, 0xDC, 0x93, 0xC0,
    0x9A, 0x17, 0xF7, 0xC2, 0x9A, 0xA7, 0x1B, 0x58, 0x73, 0xD8, 0xB1, 0xE1, 0xD2, 0xA5, 0x85, 0x43,
    0xD5, 0x50, 0xB1, 0x8B, 0x2F, 0x73, 0xF9, 0x6C, 0x26, 0x6C, 0x6E, 0x75, 0xE3, 0xA2, 0x09, 0xA7,
    0x95, 0x0A, 0xEE, 0xDE, 0x1C, 0x9E, 0xEE, 0x50, 0x35, 0xB8, 0x61, 0x8E, 0xC1, 0x9A, 0xDB, 0x94,
    0x72, 0x63, 0x51, 0x12, 0xC0, 0x67, 0xDE, 0xB9, 0xE7, 0xB2, 0x9B, 0x58, 0x8D, 0x39, 0x9E, 0x77,
    0xCD, 0x1C, 0xE1, 0x8C, 0xBC, 0xB5, 0x67, 0xAA, 0x5A, 0x60, 0xCD, 0x79, 0x5B, 0x6F, 0x48, 0x3E,
    0xB2, 0x0E, 0x8A, 0x6C, 0x4D, 0xF7, 0x0D, 0x2D, 0xEC, 0x0F, 0x5B, 0x98, 0xD4, 0x3C, 0xAA, 0xF6,
    0xC0, 0xC2, 0xC5, 0xA3, 0xF8, 0xA3, 0x36, 0x47, 0xC1, 0xF9, 0x99, 0x82, 0xF3, 0x13, 0x7F, 0x4D,
    0x0D, 0xA6, 0x49, 0x1A, 0x9A, 0x47, 0xBF, 0x87, 0xA7, 0x40, 0xE9, 0x54, 0x28, 0xA1, 0xDC, 0xC0,
    0xF9, 0x4B, 0x82, 0xF3, 0xB3, 0x7B, 0x36, 0xAA, 0xFD, 0x3F, 0xDD, 0x9A, 0x01, 0xA4, 0x26, 0xD7,
    0xD9, 0xC7, 0x7F, 0x33, 0x63, 0xEF, 0x2B, 0x3B, 0x64, 0xE2, 0x13, 0x7C, 0xDF, 0x7E, 0x18, 0x25,
    0xC8, 0xA6, 0x49, 0x06, 0xA0, 0xD8, 0xEE, 0x8C, 0x16, 0x00, 0x10, 0x40, 0x61, 0xB1, 0x48, 0x0B,
    0x0B, 0x41, 0x90, 0x64, 0x46, 0x83, 0xA2, 0x70, 0x01, 0x28, 0xBA, 0x28, 0xD2, 0x42, 0x83, 0x96,
    0xE2, 0x66, 0x67, 0x08, 0x00, 0x32, 0x0A, 0x45, 0xD1, 0x53, 0xA9, 0x40, 0xD0, 0xA3, 0x3B, 0x6D,
    0x26, 0xCD, 0x99, 0xF7, 0xA9, 0xE7, 0x3C, 0xDC, 0x53, 0xA9, 0xDA, 0x45, 0xEE, 0xCE, 0xBD, 0xF7,
    0xE1, 0xFE, 0x9F, 0xFB, 0xCE, 0xEB, 0xBD, 0xE7, 0x99, 0xDF, 0xFF, 0xCC, 0x39, 0xCF, 0x3D, 0xF7,
    0x02, 0x37, 0x1F, 0x02, 0x50, 0xAF, 0x00, 0xB4, 0x01, 0x80, 0xD1, 0x92, 0xC4, 0x94, 0x5B, 0x2A,
    0x64, 0x03, 0xA8, 0xBE, 0x38, 0x02, 0xD4, 0x9F, 0x0A, 0x40, 0xFB, 0x71, 0x4C, 0xE3, 0xFB, 0x31,
    0x49, 0x2E, 0x1D, 0x14, 0x5B, 0x26, 0x03, 0x1C, 0x44, 0x34, 0x55, 0x22, 0x32, 0x41, 0xE3, 0xD0,
    0xD4, 0x4E, 0x31, 0xC9, 0xC0, 0x38, 0x93, 0x09, 0xF4, 0x8E, 0x62, 0x83, 0xD6, 0x53, 0x86, 0x98,
    0x46, 0x19, 0x0A, 0x11, 0x44, 0x26, 0x4D, 0x5F, 0x8F, 0xC6, 0x52, 0x3F, 0x59, 0x99, 0x13, 0xA4,
    0x57, 0x4D, 0x07, 0x71, 0xD8, 0x89, 0x5E, 0xA4, 0xCB, 0xE5, 0x7D, 0xA1, 0x0C, 0x85, 0x50, 0x2F,
    0xC5, 0x91, 0xD6, 0x17, 0x1B, 0xBD, 0x3B, 0x04, 0xC6, 0xA9, 0x0C, 0x88, 0x49, 0xB5, 0xAA, 0x2C,
    0x2A, 0x9E, 0x71, 0x6A, 0x3C, 0xED, 0x3C, 0xFA, 0x17, 0x6A, 0x11, 0xF1, 0x85, 0xFC, 0xF4, 0xD8,
    0x91, 0xE2, 0x2E, 0xC0, 0x38, 0x00, 0x72, 0x2E, 0x2D, 0x16, 0xF7, 0xB1, 0xB1, 0x01, 0x28, 0x3F,
    0xE9, 0x00, 0xF2, 0x9A, 0x18, 0xEF, 0x46, 0xCD, 0x1D, 0x00, 0xC5, 0x64, 0xAF, 0x06, 0x52, 0x5C,
    0x7A, 0x0F, 0xCA, 0x05, 0x68, 0xDE, 0x01, 0x5E, 0x53, 0x61, 0x05, 0x0E, 0x0E, 0xA8, 0x30, 0x49,
    0x71, 0x11, 0xFC, 0x73, 0x0F, 0x40, 0x65, 0x78, 0x9A, 0xC5, 0xF0, 0xCC, 0x00, 0x79, 0x04, 0x61,
    0xC5, 0x40, 0xFE, 0x41, 0xB2, 0x01, 0x2A, 0x4B, 0x6D, 0xB4, 0x8C, 0x63, 0x3D, 0x01, 0xF9, 0x5A,
    0x3A, 0x4D, 0xA7, 0xF9, 0xC3, 0x2B, 0xC4, 0x9F, 0xBC, 0x03, 0xEA, 0x19, 0xE8, 0x1D, 0x64, 0x32,
    0x11, 0x3F, 0x41, 0xE5, 0x80, 0x57, 0x0C, 0x8E, 0x55, 0x0E, 0xB2, 0x41, 0x1E, 0x04, 0x0E, 0xBE,
    0x85, 0x6A, 0xAA, 0x87, 0x0B, 0x75, 0xC7, 0x66, 0x37, 0x32, 0x58, 0x9A, 0x93, 0x47, 0x5A, 0x06,
    0x46, 0x34, 0x6A, 0xF6, 0xCB, 0xEB, 0xE9, 0xCE, 0x29, 0x50, 0x04, 0x15, 0x01, 0x33, 0x87, 0xC6,
    0x01, 0xC5, 0x0A, 0xF0, 0xE6, 0x9E, 0xEE, 0x30, 0x02, 0x50, 0x7C, 0x35, 0xC5, 0xF4, 0xC7, 0x98,
    0xA8, 0x6C, 0xD0, 0x8F, 0xA2, 0xE2, 0x2D, 0x39, 0x33, 0xE9, 0xBA, 0x3E, 0x42, 0xF7, 0x81, 0xF2,
    0x08, 0x54, 0x0F, 0x80, 0x1B, 0x77, 0x01, 0xCE, 0x80, 0x62, 0x56, 0x19, 0x80, 0xBC, 0xDB, 0xD3,
    0xA9, 0xD2, 0xBD, 0x06, 0xD0, 0x1A, 0x25, 0x11, 0x0F, 0xE4, 0x6E, 0x34, 0xC3, 0xB8, 0xD6, 0xDE,
    0xFC, 0x1F, 0xF7, 0x40, 0x3E, 0xF3, 0xE4, 0x22, 0x33, 0x87, 0xCF, 0x65, 0xE0, 0x26, 0x6F, 0x02,
    0xB0, 0xA7, 0x23, 0xFB, 0xE3, 0xDE, 0xBF, 0xA3, 0xDA, 0xD7, 0x81, 0x27, 0x75, 0x5E, 0x4F, 0xDF,
    0x1C, 0xA4, 0xF0, 0xFC, 0x06, 0x60, 0xC9, 0x7C, 0xF4, 0xF1, 0x81, 0x03, 0x18, 0x15, 0x21, 0xB4,
    0x86, 0xE7, 0xE4, 0x21, 0xD7, 0xAA, 0x39, 0xC8, 0x87, 0x6C, 0xA0, 0x98, 0x8A, 0x89, 0xC2, 0xD7,
    0x13, 0xF1, 0x63, 0x99, 0x6C, 0xF6, 0x81, 0xFD, 0x9B, 0x83, 0x5D, 0xDD, 0xD9, 0xBF, 0x39, 0x78,
    0x6A, 0x77, 0xF6, 0x6F, 0x0E, 0x76, 0x34, 0x69, 0xFF, 0xE6, 0xE0, 0x09, 0x4E, 0xED, 0xDD, 0x1C,
    0xEC, 0xE0, 0xCD, 0xFE, 0xCD, 0xC1, 0x7E, 0x8E, 0xEC, 0xC8, 0x79, 0xFF, 0xAE, 0xE0, 0x89, 0xE8,
    0xF7, 0xED, 0x0A, 0x44, 0x44, 0x1C, 0xA3, 0x88, 0xCC, 0x94, 0x1B, 0xD5, 0x44, 0x19, 0x54, 0xAB,
    0x80, 0xE9, 0x0D, 0x30, 0x1F, 0x9A, 0xB5, 0x70, 0xD0, 0x2C, 0xAA, 0xAD, 0x2F, 0x67, 0x68, 0x23,
    0x45, 0xD3, 0xD1, 0x55, 0xAA, 0x73, 0x35, 0x80, 0x4C, 0x75, 0xA7, 0x8A, 0x8D, 0xF4, 0x22, 0xCA,
    0xFE, 0x23, 0xD4, 0x88, 0x40, 0x21, 0x10, 0xE8, 0x45, 0x24, 0xC4, 0x61, 0x57, 0xCE, 0x23, 0x35,
    0x20, 0x95, 0x8F, 0xBA, 0x44, 0xF5, 0xE9, 0x7A, 0xA9, 0xEE, 0xC8, 0x9C, 0x6F, 0xB5, 0x2F, 0xD7,
    0x6A, 0xA9, 0x7C, 0xE3, 0x5B, 0xD7, 0xBB, 0xF6, 0xF7, 0x32, 0x8C, 0x12, 0x90, 0x63, 0x67, 0x56,
    0x4E, 0xBC, 0x20, 0x53, 0xE6, 0xC6, 0xA9, 0x74, 0xAD, 0x6B, 0xE7, 0x5A, 0x8E, 0xE4, 0x92, 0x50,
    0xE7, 0x8B, 0x6D, 0x34, 0x87, 0xA0, 0xD9, 0x5E, 0x03, 0xB7, 0xD2, 0xCE, 0x9B, 0x3D, 0x76, 0x00,
    0x6F, 0xCC, 0x69, 0x95, 0xBF, 0x03, 0xC0, 0x5B, 0x51, 0xEF, 0x91, 0xE2, 0xD2, 0x50, 0xEC, 0x07,
    0xB2, 0x2F, 0x1C, 0x7C, 0xEA, 0xE0, 0x30, 0x99, 0xE7, 0x6F, 0x03, 0x1F, 0x62, 0xF1, 0x4D, 0xF0,
    0xCB, 0x4E, 0x4F, 0x80, 0xEA, 0xF8, 0xE0, 0x7C, 0x85, 0x7D, 0x34, 0x2E, 0xC0, 0xC3, 0x9B, 0x03,
    0x00, 0x97, 0x90, 0x4B, 0xB9, 0x56, 0xD0, 0xC8, 0x06, 0xBD, 0xBE, 0xF4, 0x8D, 0x23, 0x45, 0xC2,
    0xA2, 0x5C, 0x50, 0x30, 0x28, 0x19, 0x14, 0x0D, 0xCA, 0x06, 0x85, 0x83, 0xD2, 0x41, 0x8E, 0x36,
    0xB0, 0x01, 0x42, 0x09, 0xA1, 0x88, 0x50, 0x46, 0x28, 0xA4, 0x48, 0x29, 0x1D, 0x64, 0x66, 0x02,
    0x70, 0x90, 0xB4, 0x98, 0xB5, 0x03, 0x40, 0x00, 0xE0, 0x47, 0x1D, 0xF6, 0xA3, 0xA0, 0x10, 0x17,
    0xCB, 0xF0, 0x40, 0xF3, 0xF1, 0x02, 0xF4, 0x59, 0x00, 0x3E, 0xE0, 0x83, 0xCB, 0x07, 0x14, 0xFE,
    0x17, 0x10, 0xE2, 0x7B, 0xD5, 0x06, 0xAD, 0x83, 0x47, 0xC0, 0x43, 0xBB, 0x9D, 0x5C, 0xF7, 0x1E,
    0xF1, 0x54, 0x7F, 0xF0, 0xB4, 0xDF, 0x5B, 0xD9, 0x08, 0xDF, 0xDC, 0x04, 0xD4, 0x82, 0xA1, 0xF1,
    0x09, 0xE9, 0xE1, 0xC8, 0xF9, 0xE2, 0x46, 0x39, 0x47, 0xB2, 0xC3, 0xD5, 0x24, 0x7B, 0x02, 0xD4,
    0xB3, 0x75, 0xFD, 0x55, 0xB0, 0xF9, 0x43, 0x33, 0x41, 0x7E, 0x7A, 0xE1, 0x64, 0x6D, 0x64, 0xF8,
    0xC8, 0x03, 0xFC, 0x6E, 0x49, 0xBF, 0x2F, 0x1A, 0xF2, 0x57, 0x01, 0xB8, 0x73, 0xB5, 0x67, 0xEE,
    0x49, 0x07, 0xBD, 0x87, 0xB3, 0x05, 0xBE, 0xE5, 0xE1, 0x30, 0xC3, 0xEB, 0x76, 0x5B, 0xBC, 0xCC,
    0xC5, 0x33, 0xCE, 0xB7, 0x83, 0xB5, 0x1F, 0x40, 0x23, 0x47, 0x1D, 0xB9, 0x5E, 0x00, 0xB8, 0xDA,
    0x5C, 0xEF, 0xE7, 0x1D, 0x07, 0xF9, 0x79, 0x47, 0x2D, 0x02, 0x77, 0xC7, 0xA0, 0x97, 0x4E, 0xB1,
    0x40, 0x26, 0x22, 0xD6, 0xC8, 0x35, 0x82, 0x8D, 0x64, 0x0D, 0xED, 0x05, 0xAD, 0xC2, 0x3B, 0xF0,
    0xDC, 0xA1, 0x21, 0x7A, 0xC2, 0x8C, 0xBD, 0xE0, 0x86, 0xE9, 0x26, 0x20, 0xB3, 0xF5, 0x4A, 0x6F,
    0x38, 0x5B, 0x28, 0xBE, 0x6B, 0x3D, 0x12, 0xF7, 0x20, 0x11, 0xF5, 0x8C, 0xE2, 0x95, 0xA6, 0xB2,
    0xA4, 0xB2, 0xAF, 0x48, 0xB1, 0x59, 0x6C, 0x31, 0x6F, 0xED, 0x8B, 0xDE, 0x29, 0x33, 0x18, 0xAD,
    0x28, 0xFB, 0x1A, 0xC8, 0xA4, 0x23, 0x17, 0x22, 0xAB, 0x5E, 0x16, 0xC6, 0xB8, 0xB1, 0x2F, 0xB4,
    0x67, 0xDC, 0x39, 0x83, 0x85, 0x72, 0xA6, 0x82, 0xE7, 0xAD, 0x8D, 0xEB, 0x1A, 0x19, 0x5A, 0x6D,
    0xA2, 0xC9, 0x85, 0x42, 0x28, 0x8E, 0x14, 0x9B, 0xD6, 0x5E, 0x86, 0x68, 0xE3, 0xAA, 0x20, 0x6B,
    0x4F, 0xE3, 0x3F, 0xAC, 0xC4, 0x1F, 0xA4, 0xBB, 0xA8, 0x12, 0x93, 0x87, 0xE6, 0x5A, 0xB5, 0x46,
    0x0F, 0xCD, 0xBB, 0x7A, 0xA0, 0x75, 0xF4, 0x5E, 0xB5, 0x1E, 0xB0, 0xB8, 0xD1, 0xFD, 0x7F, 0xAC,
    0xFD, 0xE4, 0x89, 0xB5, 0xFF, 0x3D, 0xD6, 0x6E, 0x4D, 0x3E, 0x34, 0x1D, 0xED, 0x44, 0x3F, 0xA9,
    0x36, 0x9D, 0xFD, 0x01, 0x09, 0xAC, 0x88, 0x83, 0xFC, 0x40, 0xE2, 0x6D, 0xC8, 0xA4, 0x85, 0xF7,
    0x3E, 0x97, 0x81, 0x76, 0x29, 0x04, 0xEA, 0x50, 0x6D, 0x50, 0x05, 0xBB, 0xDF, 0x66, 0x55, 0x6D,
    0x97, 0xA8, 0x5E, 0xB5, 0xF7, 0x50, 0x47, 0x6D, 0xD6, 0xD1, 0x43, 0xBB, 0xF4, 0x4A, 0xC0, 0xAB,
    0x8A, 0x6B, 0x55, 0xA7, 0x66, 0xA5, 0x90, 0xAE, 0x0A, 0x94, 0x47, 0x0E, 0x42, 0xB3, 0x92, 0xC9,
    0x67, 0x32, 0xDB, 0x02, 0x07, 0xD9, 0xAF, 0xAC, 0xC4, 0xB4, 0x9F, 0x1C, 0x02, 0x28, 0xE6, 0xF4,
    0xBD, 0x5D, 0x2F, 0x65, 0x80, 0x51, 0x16, 0x8A, 0xA3, 0x3E, 0x78, 0xA1, 0x10, 0x1A, 0x5F, 0x08,
    0xAD, 0xCF, 0x85, 0x7E, 0xCE, 0x85, 0x71, 0x2A, 0x04, 0x49, 0x32, 0x95, 0x1B, 0x32, 0x55, 0x81,
    0x71, 0xD6, 0x75, 0xC2, 0xF7, 0x93, 0xAD, 0xAD, 0xB9, 0xFC, 0x85, 0x14, 0x10, 0xEC, 0x80, 0xD3,
    0xCC, 0xB1, 0xEF, 0x08, 0x80, 0xED, 0x08, 0xA0, 0x2E, 0x00, 0x5B, 0xD4, 0xFF, 0xB1, 0x62, 0x26,
    0x80, 0xD7, 0xD3, 0xA6, 0xC7, 0xCB, 0x58, 0x5C, 0x42, 0xB8, 0xCD, 0x6C, 0x1B, 0x37, 0xFC, 0x56,
    0xA5, 0xB0, 0xE9, 0x65, 0x95, 0x9B, 0x58, 0x5C, 0x10, 0xE5, 0x26, 0xAA, 0x0C, 0xA0, 0xC5, 0x02,
    0xE5, 0x06, 0x60, 0x8D, 0xF6, 0x23, 0x00, 0x5E, 0x19, 0x00, 0x46, 0x07, 0x64, 0x12, 0x6B, 0xFC,
    0x6A, 0x05, 0xAA, 0x3F, 0x07, 0xA0, 0x19, 0x36, 0xE0, 0x36, 0xB7, 0x2F, 0x2D, 0x60, 0x9E, 0x03,
    0xE8, 0x3B, 0xB0, 0x63, 0x04, 0xB1, 0xC5, 0xD8, 0xFA, 0x79, 0x3B, 0x61, 0x69, 0x1D, 0x20, 0x5E,
    0xB1, 0x2C, 0x50, 0x3E, 0x0E, 0x50, 0x4F, 0x01, 0x5A, 0xDE, 0xBB, 0x50, 0xFC, 0x87, 0x99, 0xB4,
    0x33, 0x44, 0xEE, 0xB9, 0x00, 0xD0, 0x4E, 0x00, 0x07, 0x1F, 0xF1, 0x9F, 0x5E, 0x65, 0xFC, 0xB9,
    0x4A, 0xE5, 0x55, 0x02, 0x46, 0xDF, 0x96, 0x5F, 0x4A, 0x07, 0xF0, 0x70, 0x47, 0xFC, 0x94, 0x3E,
    0x9D, 0x51, 0xE9, 0x5E, 0x04, 0x2C, 0xF1, 0xBA, 0xF9, 0x02, 0xC0, 0xF3, 0xD7, 0xE1, 0x19, 0xC8,
    0x4E, 0x41, 0xDF, 0x83, 0xBB, 0x67, 0xC0, 0x8B, 0x01, 0xC8, 0xA3, 0x29, 0x9D, 0x8A, 0x3D, 0x25,
    0x7B, 0x3A, 0x71, 0xCC, 0x67, 0x28, 0x44, 0x26, 0xEC, 0x3A, 0xAF, 0xDB, 0x1E, 0xC3, 0x75, 0xA0,
    0xFF, 0x12, 0x03, 0xB9, 0xFC, 0x6C, 0xA2, 0x14, 0xE9, 0xA8, 0x7F, 0x7D, 0x84, 0x97, 0xB3, 0x87,
    0x00, 0x7B, 0x31, 0xDF, 0x81, 0xEA, 0x0E, 0x5D, 0xC9, 0x53, 0xB1, 0xDD, 0xAD, 0x7B, 0xE1, 0x5E,
    0xD4, 0x3C, 0x90, 0x8A, 0x47, 0x81, 0x01, 0xE3, 0x54, 0x39, 0xC8, 0x36, 0xDA, 0x00, 0xF9, 0x29,
    0xFD, 0x66, 0x97, 0x8F, 0xD1, 0x86, 0x76, 0x33, 0x1F, 0x42, 0x34, 0x22, 0x0B, 0xD1, 0x89, 0x8F,
    0x7D, 0xB4, 0x42, 0xE6, 0xE8, 0x85, 0x74, 0x66, 0x06, 0xE6, 0x06, 0x66, 0x07, 0xE6, 0x07, 0x66,
    0x08, 0xE6, 0x08, 0x66, 0x09, 0xE6, 0x09, 0x66, 0x0A, 0xE6, 0x0A, 0x66, 0x0B, 0xAD, 0x27, 0x93,
    0x09, 0x33, 0x06, 0x73, 0xC6, 0xAC, 0xC1, 0xBC, 0xC1, 0xCC, 0x49, 0xEE, 0x40, 0x00, 0x28, 0x8E,
    0x69, 0x6F, 0xD3, 0x51, 0x61, 0xEC, 0x80, 0x7C, 0xE1, 0x05, 0x88, 0x77, 0x68, 0x6C, 0x28, 0xE5,
    0x7D, 0xE9, 0x18, 0xE5, 0x1F, 0xA2, 0x26, 0x84, 0x36, 0xBA, 0xF0, 0x6E, 0xB4, 0x21, 0x44, 0x1F,
    0x5C, 0x34, 0xA2, 0x33, 0x27, 0x90, 0xA4, 0x66, 0x86, 0xB9, 0x61, 0x76, 0xA8, 0x1F, 0x33, 0xD1,
    0x90, 0xE4, 0xC8, 0x73, 0x90, 0x0E, 0xF1, 0xE8, 0x5D, 0xC2, 0x0D, 0xC5, 0x86, 0xF2, 0xA6, 0xEF,
    0x94, 0x37, 0x27, 0xC3, 0xD5, 0xE3, 0xDD, 0x0C, 0x36, 0xDF, 0x13, 0x68, 0x85, 0x02, 0x8C, 0x51,
    0xAB, 0xE9, 0x59, 0xF3, 0xE6, 0x96, 0x25, 0x99, 0x49, 0x67, 0xF2, 0x76, 0x28, 0x0F, 0x95, 0xB9,
    0x70, 0xC7, 0xB0, 0xBF, 0x45, 0xC4, 0x7E, 0x8F, 0x2B, 0x86, 0x3D, 0x75, 0x6A, 0xFF, 0xF4, 0x00,
    0x7F, 0x8B, 0x5A, 0xCC, 0x00, 0x4D, 0x97, 0xDA, 0xF7, 0xEF, 0xF0, 0xAC, 0xE1, 0xDB, 0x51, 0xBF,
    0x9D, 0xF5, 0xDB, 0x61, 0xBF, 0x9D, 0xF6, 0x57, 0x2E, 0x1E, 0xF7, 0x47, 0xDC, 0x5C, 0x41, 0xDC,
    0x87, 0xB5, 0xEA, 0xA0, 0x16, 0x39, 0xBF, 0xAB, 0xA5, 0x76, 0x00, 0x3C, 0x73, 0xC4, 0x80, 0xD2,
    0x04, 0xAE, 0x28, 0xCD, 0xAF, 0x9D, 0x52, 0x51, 0x79, 0x4B, 0x4B, 0x7A, 0x65, 0xEF, 0xED, 0xC3,
    0x37, 0x45, 0xB6, 0x02, 0x14, 0x21, 0xAA, 0x15, 0x10, 0xD2, 0x75, 0x91, 0xA5, 0x92, 0x30, 0x8A,
    0x2F, 0x25, 0x1C, 0x8E, 0xD0, 0x77, 0xA5, 0xA2, 0x8F, 0x34, 0x25, 0x29, 0x47, 0xEA, 0x55, 0xEB,
    0x6F, 0x16, 0xF2, 0x88, 0xB5, 0x38, 0x57, 0x47, 0xB1, 0xD2, 0x3B, 0x0E, 0x8B, 0xDA, 0x53, 0x7A,
    0x64, 0xA2, 0x4A, 0x4A, 0xED, 0x54, 0xDB, 0x09, 0x99, 0x19, 0x07, 0xFA, 0x25, 0x17, 0x45, 0x29,
    0x41, 0xF9, 0x46, 0xAE, 0xB7, 0x7E, 0xC1, 0x79, 0x34, 0x5D, 0x5A, 0x17, 0xFA, 0xA4, 0x76, 0x9D,
    0x5B, 0x1D, 0x34, 0x32, 0x34, 0xBE, 0x95, 0x4E, 0x31, 0xD1, 0xBA, 0x42, 0x7B, 0x8C, 0xE2, 0xA8,
    0xA4, 0x36, 0x64, 0x3A, 0x04, 0x64, 0x28, 0x03, 0xDA, 0x01, 0x65, 0x42, 0xB5, 0xE6, 0x42, 0xB5,
    0x14, 0x42, 0xED, 0x8B, 0x23, 0x8D, 0xAF, 0x36, 0xEA, 0x2F, 0xC7, 0xED, 0xD5, 0x4A, 0x44, 0x42,
    0x2E, 0x3F, 0x96, 0x53, 0x52, 0xD4, 0x43, 0x1C, 0x5B, 0xC5, 0xA9, 0xCC, 0x76, 0x0D, 0xE0, 0xBE,
    0x59, 0x97, 0xFE, 0x71, 0x3F, 0xAF, 0xD3, 0x5F, 0xBB, 0x72, 0x97, 0xFE, 0x69, 0x3F, 0x1F, 0x48,
    0x71, 0xC9, 0x08, 0xE7, 0x1B, 0x50, 0xFD, 0x55, 0xA5, 0x01, 0x3B, 0xB2, 0xCC, 0x97, 0x58, 0xBA,
    0xCA, 0x00, 0x5C, 0x20, 0xE5, 0xAC, 0x4B, 0x0F, 0x3E, 0x40, 0xEB, 0x2D, 0xCB, 0x5C, 0x2E, 0x80,
    0x7E, 0x70, 0xB3, 0xB7, 0x5B, 0xD1, 0x2A, 0xB0, 0x0C, 0x34, 0x96, 0xA1, 0xC7, 0x70, 0x3E, 0x22,
    0x02, 0x5D, 0x03, 0x11, 0xE9, 0xF7, 0x57, 0x22, 0xD4, 0xDA, 0x1B, 0x50, 0x99, 0x2C, 0x1F, 0xB1,
    0xEC, 0x88, 0x70, 0x8F, 0x10, 0xF1, 0x6E, 0x60, 0x68, 0x53, 0x36, 0xC8, 0x10, 0x31, 0x6B, 0x36,
    0xD0, 0x18, 0xE4, 0x94, 0x0D, 0x37, 0x18, 0x70, 0x30, 0xE4, 0x60, 0xD0, 0x31, 0xEC, 0x70, 0x0E,
    0xDE, 0xD0, 0xA7, 0xD9, 0x65, 0xD3, 0x99, 0x4C, 0x54, 0x8B, 0xE3, 0xC1, 0x43, 0xE5, 0xB5, 0xC6,
    0xD6, 0xDA, 0x3C, 0xD5, 0x1B, 0x1D, 0x9C, 0x7D, 0x5B, 0x86, 0xE6, 0xF1, 0xA2, 0x06, 0xE8, 0x7A,
    0x67, 0xCB, 0x1D, 0xFD, 0x4A, 0xF4, 0x80, 0x68, 0x02, 0xD1, 0x05, 0xA2, 0x0D, 0x44, 0x1F, 0xCC,
    0x08, 0x73, 0xC2, 0xAC, 0x30, 0x2F, 0xCC, 0x0C, 0xA2, 0x1B, 0x98, 0x1D, 0x70, 0x8F, 0x34, 0x27,
    0x34, 0x0B, 0x16, 0x32, 0x11, 0xFD, 0x68, 0xBC, 0xF9, 0x91, 0x07, 0xF3, 0x81, 0xDB, 0xD7, 0xCA,
    0x8F, 0x22, 0xFD, 0xEE, 0x43, 0x21, 0xD8, 0x9D, 0xAB, 0x1F, 0x75, 0xF4, 0x23, 0x0B, 0xCF, 0xDA,
    0x0F, 0xEE, 0x83, 0x55, 0x6A, 0xB9, 0xFA, 0xC4, 0x72, 0x56, 0x63, 0xF1, 0x8E, 0xF9, 0x92, 0x3B,
    0xF3, 0xA5, 0x98, 0xCC, 0x8F, 0x7C, 0xB8, 0x56, 0xBE, 0xD8, 0x8F, 0xA5, 0x7E, 0x0F, 0xE0, 0xF9,
    0xBB, 0x00, 0x9C, 0x01, 0x14, 0x4E, 0xDD, 0x39, 0x74, 0x5A, 0x69, 0xC9, 0xB3, 0x76, 0xE7, 0x26,
    0x2F, 0x01, 0x30, 0x7E, 0xB9, 0x00, 0x64, 0x22, 0x4E, 0xDD, 0x28, 0x3E, 0x97, 0x49, 0xDD, 0x38,
    0xE9, 0xD2, 0xD3, 0x71, 0xAD, 0xDC, 0x18, 0x07, 0x0F, 0x79, 0xBC, 0x5C, 0x8A, 0xFC, 0xC4, 0x53,
    0xE5, 0x9B, 0x56, 0xC7, 0x33, 0x77, 0x00, 0x50, 0xE2, 0x00, 0x4A, 0x1C, 0xB8, 0x86, 0xC4, 0x53,
    0x34, 0x40, 0x6A, 0x7F, 0x50, 0x8A, 0xE9, 0x75, 0x7A, 0x3F, 0x9D, 0x74, 0xEF, 0xE6, 0x4A, 0xAA,
    0x38, 0xD5, 0x37, 0xFE, 0x7B, 0xEB, 0x96, 0x0E, 0x6C, 0x8C, 0x69, 0x5A, 0x6F, 0xB1, 0x7D, 0x26,
    0x1D, 0xE4, 0xDC, 0x06, 0x48, 0xD1, 0x4B, 0x68, 0x24, 0xB4, 0xB2, 0xD6, 0xB2, 0x16, 0xD2, 0x65,
    0x42, 0x26, 0x83, 0xFA, 0x20, 0x53, 0xB5, 0xA8, 0x36, 0x4E, 0xAD, 0xE8, 0x27, 0x35, 0x48, 0x80,
    0xF6, 0xF1, 0x06, 0xD4, 0xB2, 0x00, 0x95, 0x38, 0xA0, 0x94, 0x29, 0x62, 0x4E, 0xE7, 0x29, 0x87,
    0xA8, 0xA5, 0x81, 0x0A, 0x24, 0x5D, 0x01, 0x1A, 0xD5, 0x42, 0x64, 0x88, 0x3A, 0x91, 0x7A, 0xD2,
    0xF9, 0xBF, 0x9E, 0x0E, 0x7C, 0x8D, 0x83, 0xA3, 0x1D, 0x0A, 0x59, 0x19, 0x7D, 0xF6, 0x20, 0x20,
    0x0A, 0x3A, 0x17, 0x1D, 0x5D, 0x2B, 0xCF, 0xA5, 0x5C, 0x20, 0x13, 0x9B, 0x25, 0xCD, 0xAC, 0x1A,
    0x69, 0x89, 0x74, 0xC0, 0x28, 0xE9, 0xB7, 0xA1, 0x36, 0xA4, 0x11, 0x5B, 0x1F, 0xD5, 0xE0, 0x0E,
    0x00, 0x02, 0xBC, 0x56, 0x04, 0x60, 0xAC, 0x56, 0x55, 0x71, 0x51, 0x3B, 0xBB, 0x89, 0xCB, 0x41,
    0xEF, 0x29, 0x67, 0xC8, 0x0E, 0xDC, 0x9A, 0xC8, 0xAD, 0x9F, 0x94, 0xDB, 0xA8, 0xDA, 0xF5, 0x93,
    0x96, 0xDF, 0xA4, 0x76, 0xDF, 0x6E, 0xBB, 0xFA, 0x13, 0x40, 0x66, 0xD7, 0xCF, 0x9E, 0xD4, 0xEE,
    0xEF, 0xCF, 0xFC, 0xA9, 0x0F, 0x56, 0xDE, 0xE6, 0x72, 0xCE, 0x5B, 0xDB, 0x6D, 0x6D, 0xAF, 0xB5,
    0x9D, 0xD6, 0xF6, 0x59, 0x38, 0xE1, 0x87, 0x58, 0x5C, 0x42, 0xE6, 0x87, 0xB5, 0x02, 0x6A, 0x39,
    0xFE, 0xC7, 0xE9, 0xCA, 0x65, 0xE5, 0xFC, 0x2F, 0xBD, 0x96, 0x47, 0x70, 0xED, 0x4A, 0x11, 0x86,
    0x3F, 0x49, 0xB7, 0xAC, 0x87, 0xB5, 0x18, 0x72, 0x06, 0x6D, 0xC8, 0x49, 0x4B, 0x92, 0xFD, 0x66,
    0xC8, 0x39, 0xEC, 0x37, 0xE4, 0xCC, 0x9E, 0x64, 0x5B, 0xE2, 0x2D, 0x89, 0x5E, 0x93, 0xD3, 0x86,
    0x9C, 0xB3, 0xAF, 0x35, 0xE4, 0x0C, 0x22, 0x6F, 0x45, 0xCE, 0x30, 0xBE, 0xA5, 0x07, 0xBA, 0xC5,
    0x48, 0xCD, 0x19, 0xCD, 0xF1, 0x39, 0x1C, 0xC2, 0xF6, 0xB5, 0xA5, 0x6F, 0x82, 0xBB, 0xDB, 0xDD,
    0x7F, 0xB9, 0xBA, 0x54, 0xC9, 0xA0, 0xC5, 0xAD, 0x9E, 0xCD, 0x46, 0x8B, 0x88, 0xAF, 0x03, 0xDA,
    0x15, 0xC6, 0x70, 0xEC, 0x03, 0xBA, 0x70, 0xB4, 0x5A, 0xA2, 0xB9, 0xCD, 0xA6, 0x95, 0x68, 0x7D,
    0xFD, 0x5F, 0x37, 0x72, 0xB9, 0xB9, 0x9A, 0x8E, 0xB7, 0xC0, 0x53, 0x4A, 0x30, 0x53, 0xFD, 0xFB,
    0xC2, 0xDA, 0x96, 0x72, 0x27, 0xEA, 0xB8, 0x2C, 0x15, 0x7A, 0x28, 0xE0, 0x9C, 0xD4, 0x51, 0x58,
    0x4A, 0x83, 0x06, 0xED, 0xD6, 0x4F, 0x69, 0x49, 0xC7, 0x62, 0x52, 0xAB, 0x1F, 0x3C, 0x63, 0xE6,
    0x0A, 0x7B, 0xC2, 0xA7, 0xFE, 0xEB, 0xAE, 0xE6, 0x53, 0x40, 0xDA, 0x94, 0x4E, 0xBB, 0xB6, 0x9F,
    0x1B, 0xCF, 0x19, 0xC7, 0x54, 0xA6, 0xB0, 0x18, 0x0A, 0xEE, 0xC1, 0x39, 0x53, 0xEA, 0xF2, 0xBE,
    0xB0, 0xAA, 0x29, 0x8D, 0x46, 0x73, 0x42, 0xF0, 0x5C, 0xBD, 0x21, 0xA2, 0x2B, 0xAD, 0x6E, 0xD2,
    0x90, 0x69, 0x52, 0x5E, 0x4D, 0xE5, 0xF2, 0xE2, 0x93, 0x91, 0x31, 0x75, 0x99, 0xCB, 0xBB, 0xC2,
    0x96, 0xCD, 0x09, 0x57, 0xF9, 0x14, 0x3D, 0xFF, 0xDF, 0x2F, 0xEB, 0x42, 0xFE, 0x7A, 0xED, 0xC7,
    0x52, 0xD1, 0x9E, 0x29, 0x9D, 0xEE, 0xB4, 0x93, 0xBE, 0x75, 0x62, 0xE7, 0xD7, 0xCE, 0xC6, 0x27,
    0x03, 0x67, 0xAB, 0xF7, 0x18, 0x4F, 0x65, 0x4E, 0x08, 0xB9, 0x31, 0x09, 0x6B, 0xBB, 0x7B, 0xC0,
    0x41, 0xC0, 0x0C, 0x24, 0x12, 0x30, 0x01, 0xF8, 0x80, 0x01, 0x54, 0x7F, 0x71, 0x4E, 0x2B, 0x95,
    0x58, 0x3D, 0xBF, 0x53, 0xCC, 0xFE, 0x63, 0xBA, 0x57, 0x42, 0xDE, 0x01, 0x6A, 0x41, 0x0F, 0x54,
    0x01, 0x7A, 0x81, 0xDD, 0xA0, 0x01, 0x6A, 0x13, 0x00, 0x70, 0x1E, 0x70, 0x35, 0xC0, 0x6F, 0x30,
    0x06, 0xB8, 0x0D, 0x7A, 0x16, 0xBB, 0xF5, 0xC2, 0x87, 0xB1, 0x71, 0xCB, 0xA6, 0x85, 0x71, 0x3F,
    0x06, 0xA6, 0x0E, 0xD8, 0x4F, 0xFB, 0x7B, 0x41, 0x7D, 0xF3, 0x5B, 0x67, 0x90, 0x49, 0x8B, 0xA1,
    0xFE, 0xED, 0x47, 0x27, 0xB8, 0x21, 0xB7, 0xCF, 0x06, 0x94, 0x05, 0x28, 0x17, 0xEA, 0x2D, 0xA9,
    0x23, 0x4D, 0xA0, 0x0E, 0xE0, 0xC6, 0x80, 0xD3, 0x83, 0x3D, 0x28, 0xE4, 0xA5, 0x62, 0xA9, 0xE4,
    0xF5, 0xD2, 0x93, 0x0F, 0x1F, 0x6B, 0x4D, 0x94, 0x00, 0xD2, 0x61, 0xFB, 0xC7, 0x8B, 0x48, 0x17,
    0x98, 0x75, 0x51, 0x76, 0x2E, 0x4D, 0x39, 0xED, 0x65, 0x16, 0x91, 0x59, 0xFB, 0xD2, 0x3D, 0x73,
    0xDD, 0x73, 0xDB, 0x41, 0x3B, 0x41, 0x2B, 0x1D, 0x6D, 0xFC, 0x47, 0xB4, 0xAB, 0xD7, 0xB4, 0x32,
    0xD0, 0x8A, 0xA1, 0x1D, 0xA0, 0x35, 0xF0, 0x29, 0xA2, 0xA9, 0x4E, 0x3B, 0x3D, 0x68, 0xA7, 0x3A,
    0xD5, 0xA1, 0x8D, 0x76, 0x88, 0xD5, 0x03, 0xD2, 0x2D, 0xBB, 0xE5, 0xAE, 0xB4, 0xD4, 0x24, 0xBE,
    0x76, 0x89, 0xD8, 0x5C, 0x5A, 0x97, 0x8A, 0x2D, 0x64, 0x7D, 0xAA, 0x2C, 0x2D, 0xA9, 0x3F, 0x46,
    0x10, 0x8E, 0xE1, 0xAE, 0x0D, 0xD1, 0x12, 0x19, 0xD7, 0xAA, 0xE7, 0xD7, 0xA7, 0xA8, 0x22, 0xAA,
    0x13, 0x8A, 0xB5, 0x3E, 0x2D, 0x25, 0xCB, 0xCE, 0xB4, 0x1C, 0x12, 0xAC, 0x45, 0x62, 0x00, 0x82,
    0x64, 0x3D, 0xC1, 0x66, 0xE6, 0x18, 0xC0, 0x9C, 0xFA, 0x8A, 0xB8, 0xCB, 0xFC, 0x71, 0x31, 0x91,
    0x8A, 0x99, 0xB3, 0x61, 0xA8, 0xA5, 0xA9, 0xA4, 0xAB, 0xD5, 0xAF, 0x7E, 0xE1, 0x2B, 0xDB, 0x16,
    0x4E, 0xCB, 0x9B, 0xBF, 0x32, 0xA8, 0x6E, 0xCA, 0x5D, 0x3E, 0x56, 0x85, 0x53, 0x3F, 0xF2, 0xF9,
    0x00, 0x47, 0xAA, 0x2F, 0x7F, 0x3C, 0x86, 0xDD, 0xEA, 0x77, 0xD5, 0x37, 0x5C, 0xE1, 0xC8, 0xFA,
    0xD2, 0xEA, 0xEF, 0x38, 0xE5, 0x50, 0x4D, 0xDC, 0xF5, 0x54, 0x94, 0xB6, 0x7E, 0x8A, 0x2B, 0x2D,
    0x67, 0x94, 0x76, 0xCE, 0x9D, 0x6E, 0x12, 0x87, 0xFA, 0x87, 0xCF, 0xAE, 0x0B, 0x59, 0x47, 0x26,
    0xFD, 0xD2, 0x17, 0xF0, 0x12, 0xB8, 0xAB, 0xD9, 0xF6, 0xBB, 0xD3, 0xF2, 0x4E, 0xD7, 0x3B, 0x8D,
    0xEF, 0xF4, 0xBE, 0xD3, 0xFE, 0x8E, 0x02, 0x3B, 0x22, 0xEC, 0xE8, 0xB0, 0x23, 0xC5, 0xAE, 0x1A,
    0x89, 0x74, 0x5B, 0x41, 0x0A, 0x19, 0xB6, 0x9A, 0x54, 0x5F, 0xF6, 0x5B, 0x59, 0xEA, 0xC4, 0x6F,
    0x95, 0x91, 0xC4, 0x6F, 0xC5, 0x99, 0x52, 0xBF, 0xD1, 0xE7, 0xC2, 0xA7, 0x7E, 0x23, 0xD1, 0x35,
    0x9F, 0xF9, 0x8D, 0x4A, 0xBF, 0xF4, 0xD9, 0xB8, 0x11, 0xEA, 0xCB, 0xBE, 0x70, 0x1B, 0xAD, 0x6E,
    0xF2, 0xAA, 0xDF, 0xCA, 0x35, 0xD7, 0xCD, 0x56, 0xB1, 0x7A, 0xDE, 0x8A, 0xC6, 0xDE, 0x29, 0xEC,
    0x43, 0x6B, 0x11, 0x9B, 0x89, 0xC9, 0x66, 0x0A, 0x8F, 0x72, 0x54, 0x16, 0x0D, 0xF7, 0x07, 0xF6,
    0x79, 0x3E, 0xED, 0x57, 0x04, 0xF9, 0x8E, 0x64, 0xF2, 0x0C, 0x9F, 0xCD, 0xE5, 0x50, 0x78, 0xDD,
    0x2B, 0x57, 0x37, 0x95, 0x15, 0x74, 0xE2, 0xB9, 0x7F, 0xF2, 0xAE, 0xC5, 0x2F, 0x39, 0x0D, 0x9E,
    0x6A, 0x0C, 0xBE, 0x7A, 0x0C, 0xDE, 0xDA, 0x05, 0xFF, 0xD6, 0x86, 0x08, 0x31, 0xAB, 0x98, 0x9B,
    0x26, 0x2A, 0x2B, 0xD9, 0x18, 0xE2, 0x0A, 0x17, 0x22, 0xF7, 0x1B, 0xF6, 0xA1, 0xEE, 0xA8, 0x1D,
    0xD5, 0x88, 0xF2, 0x64, 0x13, 0x08, 0xD4, 0x86, 0xD2, 0xB2, 0xD7, 0x84, 0x02, 0xEA, 0x1F, 0x09,
    0xF5, 0x35, 0xB1, 0xD5, 0x28, 0x56, 0x85, 0xAC, 0x93, 0x72, 0x48, 0x3E, 0x52, 0x3F, 0xDA, 0x53,
    0xDA, 0xF3, 0x95, 0xDB, 0x03, 0x96, 0x02, 0x82, 0xA7, 0xF2, 0xC1, 0xF7, 0x07, 0x33, 0x2B, 0xEF,
    0xAF, 0x08, 0x2B, 0xFF, 0x0B, 0x69, 0x42, 0x44, 0x6D, 0x43, 0x4C, 0xD5, 0x85, 0x28, 0xE5, 0x42,
    0x5C, 0x36, 0x84, 0x48, 0xDE, 0x97, 0x9E, 0x52, 0x38, 0xCA, 0x23, 0x0E, 0x1E, 0xC2, 0xA0, 0x0C,
    0x85, 0xA5, 0x82, 0x13, 0x12, 0x4F, 0xE6, 0x50, 0x3D, 0xDA, 0xD2, 0x82, 0x10, 0xA8, 0x9B, 0x20,
    0x8F, 0xB2, 0x14, 0x1D, 0x59, 0x4F, 0xEA, 0x60, 0x00, 0x0F, 0x67, 0x50, 0x83, 0xBE, 0xF4, 0x28,
    0xBB, 0x40, 0xDD, 0x20, 0xA4, 0x31, 0xCF, 0x92, 0xF5, 0x10, 0xB8, 0x75, 0xD1, 0xA5, 0x4D, 0x32,
    0x94, 0xAE, 0xE8, 0xF0, 0x95, 0xD3, 0x96, 0xBA, 0x74, 0x02, 0xD5, 0xEB, 0x7F, 0x3E, 0x82, 0xEA,
    0xCA, 0x1E, 0x32, 0xD7, 0x1A, 0xF2, 0x5F, 0xCC, 0xFE, 0x0C, 0xE5, 0xDA, 0x6B, 0x42, 0x39, 0xEA,
    0xD0, 0xCE, 0x85, 0xFC, 0x48, 0xC8, 0xFF, 0xF4, 0x4F, 0x77, 0x06, 0xD5, 0x0F, 0x3D, 0x20, 0xF7,
    0x6A, 0x21, 0xF7, 0x52, 0x35, 0x54, 0xBF, 0x90, 0x67, 0xF4, 0xD4, 0x8F, 0x92, 0xC7, 0x0C, 0x1C,
    0x20, 0x38, 0xE0, 0x5E, 0x00, 0xFB, 0xEC, 0x19, 0x5A, 0xAB, 0x3B, 0xC4, 0x4A, 0x9F, 0xAC, 0xD0,
    0x05, 0xD8, 0x54, 0x4C, 0x00, 0x62, 0x02, 0x48, 0xA7, 0x44, 0xC8, 0x7C, 0x32, 0x91, 0x8D, 0xA1,
    0xF9, 0x61, 0xA9, 0x3C, 0x1D, 0xC8, 0xFA, 0xD4, 0x91, 0x75, 0x01, 0x36, 0xEB, 0xD8, 0x5A, 0xB9,
    0x0C, 0xA6, 0x5E, 0x3B, 0x6A, 0xA7, 0x07, 0xB4, 0xD3, 0x2E, 0xDE, 0x71, 0xD7, 0x53, 0x72, 0x99,
    0xA9, 0x7E, 0x26, 0x56, 0x37, 0xDA, 0xB5, 0xEA, 0xCD, 0xAE, 0xD6, 0x3F, 0x18, 0xAE, 0xE8, 0x1F,
    0x38, 0xEA, 0x8F, 0x3A, 0xDA, 0xBA, 0xA7, 0x6D, 0x2D, 0x22, 0x20, 0x1E, 0xA4, 0x27, 0x99, 0xE2,
    0xD0, 0xCD, 0x1C, 0xA4, 0x3D, 0x8B, 0x15, 0x3D, 0x54, 0x03, 0xE8, 0x71, 0x59, 0xE3, 0x59, 0x56,
    0x86, 0xDE, 0x92, 0x7B, 0x71, 0xE7, 0x23, 0x8E, 0x4E, 0xD2, 0x71, 0xF9, 0xBA, 0xB1, 0xC5, 0x0C,
    0x6D, 0x9F, 0x89, 0x57, 0xE2, 0xAB, 0xE6, 0xEA, 0x21, 0x87, 0xB7, 0xE7, 0x0A, 0x28, 0x03, 0x0A,
    0x78, 0x08, 0x70, 0x00, 0x7C, 0x0E, 0x70, 0x90, 0xB8, 0x38, 0xD3, 0x73, 0xFB, 0xDF, 0x2E, 0x47,
    0x80, 0x67, 0xA9, 0x2C, 0x13, 0xC8, 0x7E, 0x00, 0xC5, 0xEB, 0x1B, 0x54, 0x66, 0x79, 0x48, 0xDA,
    0x73, 0x80, 0xE3, 0x68, 0xC9, 0xC3, 0x1E, 0xD1, 0x4A, 0xB3, 0x5E, 0x9B, 0xC0, 0x98, 0x11, 0xA8,
    0x94, 0x8A, 0xF3, 0xF6, 0x67, 0xF5, 0xB2, 0x96, 0x83, 0x44, 0x87, 0x5B, 0x11, 0xED, 0xA4, 0x0B,
    0x24, 0x1D, 0x46, 0x82, 0x65, 0x6E, 0x8A, 0x6B, 0x7F, 0x06, 0x50, 0x3C, 0x8A, 0x2B, 0x0A, 0x08,
    0x49, 0xB4, 0x89, 0x6B, 0x05, 0x7B, 0xC5, 0xA3, 0xCD, 0x0D, 0x6A, 0x0F, 0xFD, 0x8D, 0xB2, 0xAF,
    0x9F, 0x5E, 0xD9, 0xF2, 0xE6, 0xD6, 0xEA, 0xDF, 0x48, 0xB3, 0xFF, 0xBE, 0x0F, 0x98, 0xBB, 0xBE,
    0xFB, 0x03, 0x70, 0x4F, 0x0B, 0x0F, 0x34, 0x70, 0x36, 0xC0, 0xDF, 0x1D, 0xD9, 0x38, 0x91, 0x5F,
    0x78, 0x32, 0x77, 0x4E, 0xDE, 0x7B, 0xD2, 0xFE, 0x21, 0xE4, 0xCD, 0xCB, 0x09, 0x96, 0xBC, 0x2B,
    0x30, 0xEF, 0xB6, 0x45, 0xDF, 0x18, 0xC0, 0x18, 0xCB, 0x09, 0x2C, 0x62, 0xE9, 0x01, 0x1C, 0x2F,
    0x1C, 0x62, 0x8D, 0x81, 0xB1, 0xBF, 0x2A, 0x80, 0x33, 0x58, 0x74, 0xDD, 0x26, 0x6C, 0xB6, 0x09,
    0x7D, 0x40, 0xFA, 0x5F, 0x09, 0x0F, 0x17, 0x2A, 0x11, 0xE9, 0x02, 0x6C, 0x19, 0x50, 0xAD, 0xD0,
    0x68, 0x83, 0x36, 0x1A, 0x74, 0x48, 0xB0, 0xFD, 0xB0, 0x98, 0x2E, 0x93, 0x25, 0x01, 0xE9, 0x08,
    0x64, 0xC3, 0x65, 0xAD, 0x45, 0x80, 0xEA, 0x2F, 0xEB, 0x2A, 0x03, 0xAA, 0x00, 0xDD, 0x04, 0xC0,
    0x3A, 0x53, 0xCB, 0xDA, 0x52, 0x39, 0x25, 0x6D, 0x2A, 0x11, 0x53, 0x35, 0xC7, 0xD4, 0x32, 0xF3,
    0x2E, 0x12, 0x19, 0x88, 0x16, 0x07, 0xDC, 0xBE, 0x89, 0x23, 0xAE, 0xEE, 0xE2, 0x90, 0x93, 0x6E,
    0x19, 0x73, 0x17, 0x62, 0x97, 0x41, 0xF7, 0x15, 0x61, 0x19, 0x75, 0x4F, 0xF0, 0x2C, 0xC3, 0x4E,
    0xB9, 0x38, 0xEE, 0xCA, 0x2E, 0x0E, 0x3C, 0xDD, 0xC4, 0x91, 0xF7, 0x00, 0xF8, 0x17, 0x65, 0x94,
    0x01, 0xA4, 0x1D, 0x47, 0x17, 0xC7, 0x7F, 0x77, 0xE7, 0xFB, 0x2C, 0x19, 0x3A, 0x81, 0x14, 0x82,
    0x85, 0xA2, 0x2D, 0x0C, 0x40, 0x20, 0x99, 0xD5, 0x20, 0x80, 0x16, 0x2D, 0x80, 0x16, 0x80, 0xE2,
    0x01, 0x40, 0x72, 0x67, 0x93, 0x02, 0x82, 0x06, 0x00, 0x10, 0x14, 0x08, 0x14, 0x45, 0xD5, 0x7B,
    0x77, 0x37, 0x7D, 0x80, 0xC2, 0x14, 0x50, 0x45, 0x07, 0x69, 0x5B, 0x09, 0xB2, 0xA9, 0x7D, 0xC9,
    0x26, 0x66, 0x67, 0xBA, 0x3B, 0x7B, 0xAF, 0x4B, 0x32, 0xE7, 0xFC, 0xC7, 0xEC, 0x9A, 0x99, 0x71,
    0xCE, 0xF9, 0xCD, 0xA0, 0x47, 0x98, 0x76, 0x88, 0xDE, 0xA0, 0x9C, 0x69, 0xAA, 0xCE, 0x34, 0xD9,
    0x6A, 0xD3, 0x58, 0x4C, 0x6D, 0x69, 0x67, 0x8B, 0x58, 0x02, 0x46, 0x0C, 0xE8, 0xFB, 0x1E, 0x99,
    0x6A, 0x00, 0x44, 0x3F, 0x9B, 0x87, 0x4D, 0xDD, 0xBA, 0xAA, 0x53, 0x5D, 0xD5, 0xE9, 0x65, 0x1D,
    0xB3, 0xFD, 0xA0, 0x3D, 0x7C, 0x0C, 0xB4, 0x20, 0x22, 0xA8, 0x09, 0x4C, 0x80, 0x29, 0x20, 0x5E,
    0x8C, 0x54, 0x3F, 0x0F, 0x98, 0x47, 0x91, 0x36, 0x25, 0x28, 0x7B, 0x90, 0x1E, 0x94, 0x9B, 0xD5,
    0xC1, 0xA5, 0x86, 0x22, 0xA5, 0x5A, 0xA4, 0x84, 0xE8, 0xA1, 0xF4, 0x20, 0x3B, 0x50, 0xC9, 0xF3,
    0xBF, 0xAB, 0x01, 0x38, 0xEA, 0x54, 0x0C, 0xC4, 0xCA, 0x63, 0x23, 0xC7, 0xB6, 0x69, 0xA1, 0xFA,
    0x07, 0x76, 0x20, 0x86, 0xFD, 0xD6, 0x69, 0x40, 0xFF, 0x39, 0xE5, 0x78, 0x0C, 0x86, 0xB5, 0x6F,
    0x67, 0x05, 0xAA, 0xF3, 0x81, 0x32, 0x35, 0x00, 0xC8, 0x94, 0xBC, 0x4A, 0xC9, 0x29, 0xAA, 0xE6,
    0x3D, 0xB6, 0xEB, 0x39, 0xA2, 0x07, 0xE9, 0xA0, 0x6A, 0xE0, 0xC6, 0xBB, 0xBF, 0x0C, 0xC0, 0xC9,
    0x48, 0x31, 0xB6, 0x94, 0x3E, 0x67, 0x31, 0x4B, 0x0E, 0x01, 0x91, 0x96, 0x6C, 0x0D, 0x98, 0x9B,
    0x13, 0x3B, 0x12, 0x4B, 0x1F, 0x09, 0xD8, 0x9B, 0x03, 0xD5, 0x7A, 0xE6, 0xBA, 0xF6, 0x75, 0xBB,
    0xCF, 0xBE, 0x6E, 0x66, 0x5B, 0x6B, 0xD0, 0x99, 0xBA, 0x7A, 0x99, 0x28, 0x53, 0x84, 0x22, 0x80,
    0xEC, 0xC1, 0x34, 0x79, 0x68, 0x1C, 0x7C, 0xC8, 0xDA, 0xBE, 0x87, 0x7E, 0x71, 0x93, 0x1A, 0x93,
    0xEA, 0xA2, 0x43, 0x64, 0x37, 0xC1, 0x8C, 0xA0, 0x53, 0x67, 0xF2, 0x39, 0x36, 0xD1, 0xA6, 0x9C,
    0xC8, 0x1D, 0x45, 0x4F, 0xE9, 0x50, 0x1D, 0x55, 0x8D, 0x61, 0xF1, 0x2D, 0x9C, 0xC1, 0xE9, 0xC1,
    0x6F, 0xE7, 0x40, 0xAB, 0x86, 0xD2, 0xE7, 0x6F, 0x5D, 0x2F, 0xB3, 0xCB, 0xD9, 0x1D, 0xA5, 0x5F,
    0x7A, 0x99, 0xD7, 0x2F, 0xDE, 0xA0, 0xF3, 0xEC, 0x53, 0x36, 0x03, 0x57, 0xDD, 0x32, 0x3C, 0xF9,
    0x7D, 0x44, 0xC7, 0x80, 0xF2, 0x81, 0xEA, 0x71, 0x40, 0xDF, 0x1B, 0x17, 0x76, 0x66, 0xF5, 0x59,
    0xDB, 0xF2, 0x25, 0x67, 0x22, 0x82, 0x1E, 0xD8, 0x4C, 0xF1, 0xC0, 0x5E, 0xAD, 0x0F, 0xEC, 0xED,
    0xEB, 0xD4, 0x66, 0x8B, 0xB4, 0x9B, 0x80, 0x5D, 0xD6, 0xDF, 0x77, 0xC8, 0x78, 0xA8, 0x72, 0xB3,
    0x69, 0x3B, 0x95, 0x3A, 0x74, 0x83, 0xC9, 0x71, 0x58, 0xD8, 0x65, 0x9F, 0x20, 0x30, 0xAF, 0x29,
    0x46, 0xD6, 0xE0, 0xD1, 0x91, 0xCD, 0x64, 0x3B, 0x31, 0x2A, 0x57, 0xF4, 0xCA, 0x81, 0xEE, 0x72,
    0x2E, 0x89, 0x99, 0x91, 0xFC, 0x19, 0x0B, 0xA4, 0x57, 0x98, 0x94, 0x56, 0x2C, 0xDB, 0x91, 0xF2,
    0x22, 0xA1, 0xBC, 0xA5, 0x74, 0x96, 0x3C, 0x57, 0x8E, 0x90, 0xFC, 0x5A, 0x0E, 0x26, 0x2E, 0x2F,
    0x08, 0xCE, 0xE3, 0x28, 0x7B, 0x74, 0xAA, 0x59, 0xDB, 0x47, 0x10, 0x11, 0x13, 0x2A, 0x60, 0xC2,
    0x66, 0x0A, 0xE5, 0xBF, 0xE3, 0xCC, 0x98, 0x7D, 0xF4, 0x26, 0xA5, 0x44, 0xE9, 0x8F, 0xB9, 0xBB,
    0x54, 0x6F, 0x52, 0xAA, 0x33, 0xEB, 0x3D, 0x08, 0xBF, 0x4A, 0x3E, 0xAD, 0x33, 0x33, 0x94, 0xEB,
    0x21, 0x59, 0xF9, 0xA0, 0x81, 0x28, 0x1D, 0x26, 0x72, 0x44, 0x3D, 0x51, 0x3D, 0x61, 0xC9, 0x20,
    0xCA, 0x51, 0xA5, 0xC1, 0xFC, 0x3A, 0x19, 0x5A, 0x8B, 0xCD, 0xBE, 0x33, 0x04, 0xFD, 0x4D, 0xBF,
    0xD2, 0x5D, 0xA6, 0xE4, 0xE5, 0x81, 0x6D, 0xCC, 0x0A, 0x72, 0xF1, 0x16, 0xC8, 0xCB, 0xAF, 0x7C,
    0x67, 0xDE, 0x66, 0x7B, 0xF7, 0x16, 0xDB, 0xD3, 0x91, 0xED, 0x5B, 0x2B, 0xD5, 0x13, 0xF1, 0x5D,
    0xB6, 0xED, 0x88, 0x78, 0x9D, 0x8E, 0xD5, 0xAD, 0x17, 0xE5, 0x9E, 0xEA, 0xAF, 0x85, 0xED, 0x09,
    0xC4, 0x08, 0xCA, 0x83, 0xAD, 0x29, 0xC7, 0xB5, 0x2C, 0x1F, 0x00, 0x7C, 0xB5, 0x07, 0xFB, 0xFD,
    0x0B, 0x6C, 0xE2, 0xEB, 0xA7, 0x7B, 0xB0, 0x8B, 0x9A, 0x2B, 0x9F, 0xD9, 0xD1, 0xF6, 0xFF, 0xFF,
    0x62, 0xCF, 0xFC, 0x95, 0xCF, 0x69, 0x13, 0x6D, 0xCC, 0x78, 0x6F, 0x17, 0x0E, 0x85, 0xCF, 0x78,
    0x67, 0x36, 0x4D, 0xC6, 0xF3, 0xCE, 0x91, 0xF0, 0x65, 0x7C, 0xC4, 0xFB, 0x2C, 0xE3, 0x2D, 0x33,
    0xDB, 0xC2, 0xEF, 0xFD, 0x58, 0xA5, 0xC3, 0x25, 0xB9, 0xBD, 0x6C, 0x2B, 0x33, 0xDE, 0xB4, 0xD3,
    0x1C, 0x54, 0x40, 0x75, 0x01, 0x7D, 0x77, 0xC4, 0x14, 0x03, 0x56, 0xF4, 0x59, 0x66, 0x91, 0x7A,
    0x81, 0x4A, 0x89, 0xDC, 0xDA, 0x46, 0xFC, 0xED, 0xD5, 0x79, 0xAF, 0x3F, 0xF5, 0xA6, 0xAD, 0xED,
    0x13, 0x2C, 0xB3, 0x7B, 0x73, 0xCB, 0xA9, 0xB8, 0x4E, 0x70, 0xE2, 0xD5, 0x38, 0x6F, 0xA5, 0x9B,
    0xC9, 0x30, 0x7B, 0xB0, 0x9B, 0x30, 0xEF, 0xA2, 0xEF, 0xBB, 0x15, 0xF5, 0x62, 0x90, 0x9D, 0x0C,
    0xDA, 0xB3, 0xFD, 0xC9, 0x61, 0xFC, 0xCA, 0x6A, 0x35, 0xCB, 0x74, 0x5C, 0x7B, 0xD5, 0x63, 0xCF,
    0xDF, 0xD4, 0x86, 0x44, 0x11, 0xD1, 0x5F, 0x76, 0xD7, 0xA4, 0xBF, 0x2C, 0x3D, 0x27, 0x5E, 0x26,
    0x67, 0xBE, 0xED, 0xCE, 0xAA, 0xFA, 0xEC, 0x06, 0x7A, 0xC8, 0xAC, 0x7C, 0x47, 0x1E, 0x89, 0x9E,
    0xE3, 0xBB, 0xFA, 0x7C, 0x40, 0xC5, 0x80, 0x72, 0x81, 0xEA, 0x18, 0xCE, 0xF1, 0xA6, 0x8A, 0xF5,
    0xA6, 0x6E, 0x1E, 0xA2, 0xFB, 0x65, 0x55, 0xD9, 0x23, 0x3D, 0xEA, 0x71, 0x50, 0xBF, 0x04, 0xF5,
    0xFC, 0x5A, 0x15, 0xD0, 0x01, 0x33, 0x61, 0x0C, 0x5B, 0xDD, 0xEC, 0xD4, 0x6F, 0xA7, 0x62, 0xE2,
    0xA1, 0xEE, 0xC5, 0x6C, 0xA5, 0x97, 0x4E, 0x75, 0x8B, 0x55, 0x8D, 0xAE, 0x0D, 0xB3, 0xFD, 0xA8,
    0xFD, 0xC9, 0xB3, 0x8B, 0x88, 0x7A, 0x99, 0x4E, 0x9A, 0x79, 0x17, 0xDD, 0x54, 0xF7, 0x46, 0x5D,
    0xEB, 0x7B, 0x83, 0x59, 0xCE, 0xCB, 0x9D, 0xC5, 0x94, 0x7E, 0xC7, 0x56, 0xBA, 0x78, 0xF9, 0x4C,
    0x75, 0xD6, 0xE9, 0x67, 0xFB, 0xE7, 0xA4, 0x5F, 0x73, 0x5E, 0xDD, 0x0D, 0xE8, 0x4F, 0x8E, 0x4F,
    0x8A, 0x15, 0x17, 0xDC, 0x11, 0x91, 0xA2, 0x6D, 0x6B, 0xEC, 0x1F, 0x0E, 0x5B, 0xF6, 0xEC, 0x44,
    0xCF, 0x34, 0x2B, 0x48, 0x4F, 0x50, 0x6E, 0x33, 0x56, 0x4D, 0x31, 0x5A, 0x44, 0x1A, 0x0E, 0x09,
    0xC8, 0x90, 0x9B, 0x89, 0x63, 0x9D, 0x9C, 0x3C, 0xEF, 0x64, 0x8F, 0x08, 0x90, 0x40, 0x77, 0xD7,
    0x55, 0x77, 0xBD, 0xAA, 0xF5, 0x3A, 0xE5, 0x41, 0x0E, 0xDF, 0x2F, 0xC8, 0x55, 0x07, 0x34, 0x74,
    0x83, 0xAE, 0x31, 0x64, 0x9F, 0xB8, 0xF4, 0x80, 0xFF, 0x00, 0x7D, 0xD6, 0x01, 0xA4, 0x26, 0x59,
    0x7A, 0xFF, 0xF1, 0x6F, 0x55, 0xFD, 0xB7, 0xCB, 0x7F, 0x0B, 0x07, 0x40, 0x12, 0xA6, 0x02, 0x58,
    0x92, 0xED, 0x0A, 0x59, 0xB2, 0xE4, 0xF6, 0x3D, 0x95, 0x2C, 0x82, 0xA0, 0x03, 0x40, 0xC8, 0x02,
    0x24, 0x03, 0x0D, 0x8B, 0xA0, 0xA7, 0xAB, 0x66, 0x1B, 0x83, 0x41, 0x5F, 0x0B, 0x80, 0x64, 0x10,
    0x68, 0xB0, 0x30, 0xB1, 0xCD, 0xCE, 0xCC, 0x39, 0x3D, 0x43, 0x1A, 0x83, 0x5B, 0xB3, 0xC1, 0x62,
    0x91, 0x92, 0xD1, 0x82, 0x60, 0xCE, 0xF4, 0xAD, 0x98, 0x9A, 0xF4, 0xA9, 0xFA, 0xE5, 0x9C, 0x7A,
    0xEF, 0xED, 0xDE, 0x46, 0xF2, 0xDC, 0xF7, 0xFD, 0x3C, 0xA7, 0x0E, 0xD7, 0x7B, 0x9E, 0x7A, 0xDE,
    0xB7, 0xCE, 0x81, 0xB7, 0x7B, 0x68, 0xB4, 0xC3, 0xF0, 0x85, 0xA3, 0xDC, 0x39, 0xA7, 0x5E, 0xB9,
    0x83, 0x09, 0x40, 0x37, 0x25, 0xAC, 0xCF, 0x3C, 0x93, 0xA2, 0xFD, 0x4C, 0x5A, 0xAD, 0x17, 0x4F,
    0xAC, 0xDF, 0xF9, 0xB0, 0x9B, 0x36, 0x30, 0xFF, 0x15, 0x0D, 0x95, 0xF6, 0x4F, 0xC0, 0x69, 0x83,
    0x6A, 0x3D, 0x4B, 0x2C, 0x89, 0x3A, 0x00, 0x4D, 0x28, 0x67, 0x4C, 0xA8, 0x3C, 0xF7, 0xFE, 0xFB,
    0xE7, 0x1E, 0x49, 0x1E, 0xAA, 0x4B, 0xA0, 0x7E, 0x94, 0x70, 0xEA, 0x69, 0xA4, 0x80, 0x95, 0x0D,
    0xE8, 0x1F, 0xFE, 0x34, 0x54, 0xFB, 0x1F, 0xFE, 0x22, 0x34, 0xF1, 0xEC, 0x2A, 0x98, 0xF0, 0xC3,
    0xAB, 0xB9, 0x0B, 0xFF, 0x3C, 0x63, 0xA7, 0x17, 0x13, 0xD6, 0x5F, 0x79, 0xDC, 0xD3, 0x2F, 0x13,
    0x9F, 0xFE, 0xA6, 0xC7, 0x3D, 0xBC, 0x04, 0x65, 0xDC, 0xFB, 0x7F, 0x93, 0xB8, 0xFC, 0x7E, 0x8B,
    0xBD, 0x3C, 0xEB, 0xB0, 0xFB, 0xD9, 0x39, 0xED, 0xF6, 0xE4, 0x01, 0xCD, 0x16, 0x36, 0x4A, 0x29,
    0x82, 0xD3, 0x05, 0xBC, 0x98, 0x80, 0x2B, 0x0F, 0xC5, 0x97, 0x99, 0x9F, 0xF5, 0x00, 0xB7, 0xFE,
    0x09, 0x4A, 0x69, 0xC6, 0xEC, 0x2E, 0x30, 0xCC, 0x55, 0x28, 0xD4, 0x57, 0xA1, 0xDA, 0xA8, 0x42,
    0xB3, 0x52, 0xCD, 0x26, 0x50, 0x5E, 0x74, 0x33, 0x60, 0x6F, 0xEE, 0x46, 0x5A, 0x81, 0x6C, 0x9F,
    0xD0, 0xE8, 0x46, 0x77, 0xD9, 0x6B, 0x14, 0xB8, 0x71, 0x4B, 0x3C, 0x8D, 0x30, 0x7C, 0x1A, 0x3B,
    0xEC, 0xAF, 0xD6, 0x73, 0xBA, 0xAB, 0xE5, 0x01, 0x46, 0xE1, 0x63, 0x2A, 0xBD, 0x3C, 0x96, 0xB1,
    0xC0, 0xAD, 0xC7, 0x80, 0x52, 0x4C, 0xB8, 0xA4, 0xA7, 0xDE, 0xE9, 0x3C, 0xCD, 0x96, 0x35, 0x91,
    0x6E, 0xCC, 0xB6, 0x7D, 0x16, 0x68, 0xD7, 0x84, 0x91, 0xD4, 0x1F, 0x02, 0x36, 0x70, 0x63, 0x27,
    0xED, 0x87, 0x1B, 0xE0, 0x7C, 0x02, 0xBD, 0xB6, 0xD0, 0x98, 0x2C, 0xD5, 0x1F, 0x26, 0x18, 0xB4,
    0x1E, 0x46, 0xB8, 0x29, 0x1E, 0xA4, 0x1E, 0xEA, 0xDD, 0x79, 0x68, 0x83, 0x4D, 0x5A, 0xDF, 0x25,
    0x35, 0xBE, 0x45, 0xF2, 0xF5, 0x3F, 0x57, 0x87, 0x92, 0xA6, 0x1B, 0x9B, 0x08, 0x60, 0x92, 0x6F,
    0xCE, 0x9B, 0x00, 0xD0, 0x1E, 0xDA, 0x29, 0x3B, 0x8C, 0x59, 0x65, 0xEA, 0xFD, 0xD4, 0x70, 0x69,
    0xB9, 0x16, 0xC0, 0x1C, 0x9E, 0x1D, 0x7E, 0x48, 0xF3, 0x62, 0xE9, 0x66, 0x9C, 0xA2, 0x66, 0xEE,
    0x49, 0x0A, 0x98, 0xF5, 0x30, 0xC8, 0x25, 0xBD, 0xFE, 0x73, 0xA6, 0xF5, 0xBA, 0x3C, 0x34, 0x13,
    0xDD, 0xBB, 0xD1, 0x78, 0xEC, 0x4F, 0x0F, 0x7F, 0xB4, 0xB6, 0xC9, 0x7A, 0xE9, 0x46, 0xAC, 0xC9,
    0x0E, 0x36, 0xD8, 0x11, 0xF7, 0x4D, 0xB0, 0x11, 0xF7, 0xEB, 0xD0, 0x2E, 0xD4, 0xE3, 0xEB, 0xCF,
    0xAC, 0x34, 0x35, 0x9A, 0x2A, 0xCD, 0x49, 0x86, 0xC0, 0x46, 0x36, 0x82, 0x5B, 0xB3, 0x8A, 0x87,
    0x5B, 0x91, 0xDC, 0xF6, 0x62, 0xC5, 0x1E, 0xBD, 0xEB, 0x0E, 0xCB, 0x75, 0x78, 0x18, 0x28, 0x57,
    0xFB, 0x59, 0x78, 0x63, 0xBE, 0x0A, 0xE6, 0xE5, 0x4C, 0x15, 0x6A, 0x4D, 0xD4, 0xA1, 0x92, 0xA7,
    0x99, 0xCB, 0xEC, 0x54, 0x24, 0xCD, 0x44, 0xD2, 0x45, 0xDC, 0x88, 0x22, 0x76, 0xA4, 0x90, 0x76,
    0x4E, 0xE1, 0xA4, 0x99, 0x23, 0xD2, 0xDA, 0x97, 0xA2, 0x3F, 0xDD, 0x49, 0x93, 0x2B, 0x03, 0xBA,
    0x50, 0xC7, 0xEE, 0xD5, 0xC8, 0x1E, 0x23, 0x3B, 0xD7, 0x9B, 0x53, 0x6E, 0xB3, 0x9D, 0x6A, 0x49,
    0x9D, 0xA6, 0x34, 0x32, 0x51, 0xFD, 0x60, 0x66, 0x06, 0xDF, 0x06, 0xB1, 0xD7, 0x13, 0xCE, 0x0F,
    0x93, 0x10, 0xA0, 0x7F, 0xD1, 0xBB, 0x42, 0x23, 0x48, 0xB1, 0xDC, 0x71, 0x33, 0x68, 0x1F, 0xAB,
    0x0D, 0xBB, 0x52, 0x08, 0xAA, 0x88, 0xD9, 0x6F, 0x46, 0xA5, 0xC6, 0x52, 0x50, 0x47, 0x90, 0xAF,
    0x76, 0x68, 0x56, 0xE3, 0x07, 0x5F, 0x6D, 0x79, 0xD4, 0x7A, 0x3B, 0xD6, 0x79, 0x6E, 0x73, 0xDE,
    0xE1, 0x34, 0x53, 0x49, 0x8A, 0xC7, 0xA8, 0xD0, 0x4F, 0x93, 0x48, 0x7B, 0x0F, 0x80, 0xA4, 0x00,
    0x80, 0xD9, 0x5D, 0xBC, 0x2E, 0xD1, 0x6C, 0x9C, 0x2A, 0xAC, 0x77, 0x4E, 0x65, 0x55, 0xA7, 0x81,
    0x0D, 0xD5, 0xC6, 0xAD, 0xFD, 0x28, 0x2F, 0xD2, 0xC9, 0xE7, 0x9A, 0x56, 0x3E, 0x69, 0x27, 0xAC,
    0xEF, 0x02, 0x9B, 0x99, 0x18, 0x9E, 0xCA, 0xB3, 0xD7, 0x23, 0x4E, 0x1B, 0x08, 0x90, 0x96, 0x84,
    0x07, 0xBD, 0x97, 0xFB, 0x98, 0x2F, 0xFE, 0x4C, 0xD0, 0x6E, 0x14, 0x42, 0x3D, 0xB5, 0x28, 0x8F,
    0xCA, 0x8B, 0xA3, 0x28, 0xE7, 0xBF, 0xDB, 0xBB, 0xB1, 0xDA, 0xF3, 0x5D, 0xF2, 0xEE, 0xB8, 0x01,
    0xA1, 0x1B, 0x1D, 0x83, 0xE6, 0x4E, 0x3F, 0x7E, 0xBE, 0xE5, 0x32, 0x1A, 0xBD, 0xAF, 0x05, 0x80,
    0xC7, 0xFC, 0x1D, 0xD8, 0xD8, 0x4C, 0x2E, 0x74, 0xD1, 0x4C, 0x6E, 0xAE, 0x83, 0x99, 0xDB, 0xBE,
    0x0E, 0xDD, 0xDC, 0x51, 0x07, 0x3B, 0x5B, 0xAA, 0xE4, 0x3B, 0x49, 0x17, 0x3E, 0x4A, 0x2A, 0x44,
    0xAC, 0x52, 0xF8, 0xE1, 0xB0, 0xBA, 0xBA, 0xBA, 0x0A, 0x54, 0xDF, 0x7C, 0x79, 0x35, 0x73, 0x9A,
    0xB1, 0x87, 0x95, 0x1E, 0x6A, 0xA4, 0xD4, 0x8F, 0x44, 0xB2, 0xCC, 0xEE, 0xE5, 0x9E, 0xDC, 0xCA,
    0x2D, 0x19, 0x8B, 0x08, 0x45, 0x2C, 0xD6, 0xE4, 0xC2, 0x02, 0xFC, 0x55, 0xFA, 0x3B, 0x62, 0x50,
    0xEC, 0x06, 0x6D, 0xDD, 0x7D, 0xCE, 0x4F, 0xEF, 0xB3, 0xFF, 0xED, 0x4D, 0x77, 0xFF, 0x0E, 0xF6,
    0xBE, 0xD5, 0x9E, 0xDE, 0x11, 0x6E, 0xB9, 0x00, 0x46, 0x33, 0x30, 0x4C, 0x14, 0x92, 0x28, 0x33,
    0xA0, 0x31, 0xD3, 0x53, 0x2B, 0x31, 0x48, 0xA7, 0x85, 0x35, 0xB1, 0x12, 0xED, 0x52, 0xED, 0xA7,
    0xCE, 0x0C, 0x53, 0x15, 0x71, 0xBE, 0x8E, 0xC8, 0x37, 0x19, 0x93, 0x18, 0xCD, 0x9A, 0x47, 0x0B,
    0xCE, 0xDB, 0x80, 0x9D, 0x14, 0x68, 0xA5, 0x97, 0x73, 0xAD, 0xBF, 0xDC, 0x7B, 0x5E, 0x85, 0x95,
    0x7C, 0x66, 0x04, 0x78, 0xFB, 0x22, 0xD1, 0x1C, 0x17, 0xC3, 0x73, 0xE7, 0x29, 0x85, 0xF1, 0x34,
    0x31, 0x6B, 0x02, 0x66, 0xC4, 0xCE, 0xD9, 0xC1, 0x63, 0x7A, 0x34, 0x1E, 0x45, 0x6B, 0x05, 0x27,
    0x2D, 0xAF, 0x9F, 0x6B, 0x0A, 0xE0, 0x0E, 0xAB, 0x1D, 0x7E, 0xDB, 0x8F, 0x28, 0x05, 0x2B, 0x5C,
    0xEB, 0x8B, 0x05, 0xEC, 0x5C, 0x05, 0x30, 0xFB, 0xBD, 0x64, 0x29, 0x5D, 0x00, 0xBF, 0x9B, 0x91,
    0x3A, 0xCD, 0xD7, 0xB6, 0xA1, 0x8A, 0xD0, 0x05, 0x13, 0x92, 0x73, 0xE7, 0xC1, 0x4E, 0xAE, 0x4F,
    0x3E, 0xDD, 0x48, 0x3E, 0x5B, 0x93, 0xC3, 0xE5, 0x9C, 0x74, 0xF2, 0x87, 0x89, 0x4E, 0x29, 0xAE,
    0x45, 0x76, 0x82, 0x42, 0xDD, 0xF1, 0x21, 0x66, 0x49, 0xEE, 0x4D, 0x84, 0x6A, 0xAB, 0xB6, 0x64,
    0xAC, 0x94, 0xE5, 0xB8, 0xCB, 0xA3, 0x22, 0x4E, 0xDE, 0x46, 0x80, 0x5B, 0x17, 0xB4, 0x92, 0xF6,
    0x2E, 0xB1, 0x75, 0xBD, 0xFA, 0x68, 0x11, 0xF1, 0xBC, 0x48, 0xDC, 0x29, 0xC5, 0x13, 0xAA, 0xFD,
    0x7B, 0x50, 0x29, 0x66, 0x66, 0x30, 0x3B, 0x14, 0x8A, 0x3F, 0xA1, 0x96, 0x22, 0xD5, 0xA3, 0x63,
    0x6E, 0xCB, 0x73, 0x0B, 0x34, 0x0A, 0x50, 0xFF, 0x63, 0x82, 0x2E, 0x63, 0xE7, 0x6B, 0x6A, 0xED,
    0x19, 0x01, 0xF0, 0xDD, 0x43, 0x3E, 0x3E, 0xAC, 0xE6, 0xEC, 0xEF, 0xC9, 0x27, 0xF9, 0xB6, 0x5B,
    0x93, 0x55, 0x7F, 0x66, 0x01, 0x58, 0xCC, 0x98, 0x24, 0x18, 0x9F, 0x2C, 0xE7, 0x26, 0xA7, 0xCA,
    0x1F, 0xA9, 0x3E, 0x25, 0xD3, 0xE7, 0x64, 0x2E, 0x31, 0xEF, 0x6F, 0xFC, 0xF0, 0x01, 0xE6, 0xB6,
    0xE1, 0x8F, 0xEE, 0x70, 0x7E, 0x56, 0xF7, 0x3F, 0xF8, 0xE5, 0xBB, 0xEB, 0x3B, 0x86, 0xF6, 0x0B,
    0x5D, 0xFC, 0x72, 0x03, 0x20, 0x1C, 0x32, 0x1F, 0x96, 0x53, 0x96, 0xCA, 0x67, 0x29, 0xFB, 0xC4,
    0xEF, 0xC0, 0x4B, 0x8A, 0x17, 0x63, 0x99, 0x5E, 0x57, 0x7D, 0x71, 0x05, 0xDF, 0x80, 0x83, 0x73,
    0xB8, 0x0D, 0x86, 0xAA, 0xF5, 0xD5, 0x2F, 0x26, 0xF3, 0x75, 0x78, 0x6B, 0x0E, 0x67, 0xD3, 0x93,
    0x9F, 0xF4, 0xF7, 0xE1, 0xEC, 0x78, 0xA5, 0xC1, 0x42, 0x75, 0x2C, 0x4F, 0xDA, 0x8E, 0x3E, 0xCB,
    0x43, 0x17, 0x86, 0x00, 0x76, 0x6E, 0x97, 0xEB, 0xDF, 0xE6, 0x49, 0x06, 0x6F, 0x56, 0x70, 0xC9,
    0x37, 0xE7, 0xD5, 0x3B, 0x0F, 0xFA, 0x0B, 0x41, 0x21, 0xAD, 0x50, 0x6A, 0xEF, 0xA1, 0x12, 0x24,
    0xF7, 0xC3, 0xED, 0x30, 0x66, 0xEB, 0xC3, 0xE6, 0x50, 0xF2, 0xAF, 0x84, 0x72, 0x4E, 0x54, 0xD3,
    0x4D, 0x7D, 0xF7, 0x74, 0x71, 0x6A, 0x97, 0xD5, 0x7B, 0x2B, 0x7A, 0xF4, 0xE7, 0x4B, 0xB5, 0x9B,
    0x32, 0x34, 0x31, 0x61, 0x42, 0x5B, 0x7E, 0x60, 0xC3, 0x6D, 0xB0, 0xD3, 0x1D, 0x70, 0xFE, 0xEC,
    0x1A, 0xF9, 0x77, 0xB4, 0x6A, 0x7C, 0xA2, 0x45, 0xE3, 0x32, 0x78, 0x37, 0x06, 0x37, 0x3A, 0x1F,
    0xD4, 0xDB, 0xA7, 0x41, 0xD8, 0x17, 0xB3, 0x30, 0x2F, 0xBF, 0x10, 0xB5, 0x7E, 0xB3, 0x83, 0xD3,
    0x0A, 0xE6, 0x39, 0xD0, 0x8C, 0x47, 0x5F, 0x5E, 0xF7, 0xF9, 0x71, 0xA6, 0xDC, 0xB3, 0x95, 0xB2,
    0xCD, 0xA1, 0x39, 0xEC, 0x0E, 0xAD, 0xFA, 0xA4, 0xD3, 0x98, 0xDC, 0x5D, 0xB2, 0x8C, 0x83, 0x87,
    0x6A, 0xB5, 0xC9, 0x26, 0x24, 0xAD, 0x52, 0xF4, 0x27, 0xB1, 0x63, 0x37, 0x83, 0xA3, 0x0B, 0x6F,
    0xCC, 0x57, 0x2B, 0x26, 0xD0, 0x04, 0xCC, 0x82, 0x99, 0x31, 0x2B, 0x8A, 0x0C, 0x42, 0x1B, 0x4E,
    0xFD, 0xE9, 0xF7, 0xDF, 0x49, 0x3D, 0xC3, 0x73, 0xCD, 0x38, 0x6C, 0xE0, 0x63, 0xDA, 0x95, 0x48,
    0xB7, 0xB2, 0xD2, 0x2D, 0x90, 0xE7, 0x28, 0x34, 0x0F, 0x92, 0xF6, 0xCC, 0x46, 0xA3, 0x05, 0x27,
    0x29, 0x2A, 0xD3, 0x68, 0x82, 0x76, 0x07, 0xEC, 0x4A, 0xE3, 0x6D, 0xC0, 0x64, 0xBA, 0x31, 0x61,
    0xC7, 0x76, 0x61, 0xE8, 0x9B, 0xFD, 0xAF, 0x45, 0xA1, 0x57, 0x07, 0x30, 0x8A, 0x39, 0x51, 0x66,
    0xDC, 0x7E, 0x73, 0x08, 0xFD, 0xE6, 0x59, 0x40, 0xEF, 0x3D, 0x0C, 0xD5, 0xDE, 0x3C, 0xCC, 0x8D,
    0xC8, 0xA7, 0x3F, 0x53, 0x4E, 0x5D, 0x30, 0x60, 0xA7, 0xB7, 0x12, 0xFE, 0xF6, 0x4D, 0x37, 0x0E,
    0xC6, 0x84, 0xC6, 0xBF, 0xCF, 0xA3, 0x0F, 0x13, 0x3E, 0xB4, 0x58, 0x1F, 0x2C, 0x76, 0x0A, 0xE7,
    0xB4, 0x2F, 0xE6, 0x07, 0x34, 0x9A, 0x6E, 0x0E, 0xA1, 0x9D, 0x2E, 0xA0, 0xF6, 0x47, 0x37, 0x32,
    0x7D, 0xE2, 0x16, 0x00, 0xE3, 0x77, 0xA0, 0xFB, 0x74, 0x03, 0xF7, 0x2C, 0x82, 0xDE, 0xCF, 0x3C,
    0xCA, 0xDC, 0x5D, 0x29, 0x64, 0x16, 0x94, 0x22, 0xB8, 0x4C, 0xB5, 0xDB, 0x40, 0xB5, 0xD9, 0x99,
    0x3A, 0xDA, 0x89, 0x26, 0xB7, 0xC4, 0x44, 0x97, 0x58, 0x95, 0x58, 0x34, 0xD2, 0x86, 0x44, 0xF7,
    0xB5, 0x7A, 0xEC, 0x0B, 0x81, 0xFD, 0xF7, 0xCC, 0xAF, 0x54, 0xE6, 0xED, 0x52, 0x38, 0x3F, 0x7C,
    0x0B, 0x7C, 0xE7, 0xF1, 0xF5, 0xD7, 0xB9, 0xD9, 0xEF, 0x45, 0x6C, 0x28, 0x22, 0xCE, 0x27, 0x34,
    0x16, 0x6B, 0x26, 0x14, 0xF2, 0x50, 0x68, 0x02, 0xAE, 0x0F, 0x8D, 0x23, 0xB4, 0xA7, 0x47, 0xAE,
    0x00, 0x2B, 0x0F, 0xB5, 0x26, 0xC0, 0xCD, 0x9D, 0x73, 0x36, 0xFC, 0xF1, 0x57, 0x5F, 0xD9, 0xF9,
    0x4F, 0x1E, 0xDD, 0xB5, 0xDE, 0xDE, 0x7D, 0xCB, 0xF5, 0xED, 0x57, 0x43, 0xC4, 0x48, 0x17, 0x98,
    0xEE, 0x3E, 0x74, 0xAF, 0x1E, 0x68, 0x6F, 0x6C, 0x04, 0x8A, 0x99, 0xF5, 0x41, 0xA9, 0x62, 0xFD,
    0xB8, 0xDA, 0xCB, 0xE5, 0xA3, 0x6A, 0x2B, 0xC3, 0x93, 0x2A, 0x16, 0xB9, 0x42, 0xA0, 0xC9, 0x98,
    0xF5, 0x15, 0x4B, 0x26, 0x24, 0xDA, 0xFF, 0xEB, 0x81, 0x66, 0x24, 0xF9, 0x03, 0xEE, 0xED, 0x40,
    0x23, 0x68, 0xF3, 0x65, 0x97, 0x18, 0xA9, 0xD4, 0x93, 0x00, 0x9A, 0x2D, 0xD1, 0xAE, 0x50, 0x68,
    0x06, 0xB7, 0xDF, 0x94, 0x5B, 0x8B, 0x3C, 0xD7, 0x27, 0xE5, 0x13, 0x2E, 0x33, 0x4C, 0xAF, 0x3E,
    0x2D, 0x24, 0xBA, 0xBD, 0xBF, 0xDE, 0x42, 0x4B, 0x4D, 0x20, 0xCD, 0x99, 0x09, 0xCC, 0x69, 0xCD,
    0xFF, 0x3F, 0xF1, 0xED, 0x06, 0xAD, 0x56, 0xE8, 0xF6, 0xFF, 0x47, 0xA1, 0xF0, 0x11, 0x9D, 0xB4,
    0x62, 0x07, 0xF5, 0xFC, 0xBE, 0x0B, 0xD0, 0xCA, 0x83, 0x93, 0xAF, 0x97, 0x0F, 0x8F, 0xAD, 0x53,
    0xA3, 0x09, 0x89, 0x76, 0x46, 0xBD, 0xF5, 0x85, 0x18, 0xC6, 0x52, 0x88, 0x4A, 0x75, 0x4C, 0x68,
    0x4E, 0xEC, 0x50, 0x7C, 0x02, 0x60, 0xE4, 0x93, 0xDD, 0xA3, 0x63, 0x49, 0x77, 0xB3, 0xC3, 0xBF,
    0x1D, 0x2A, 0xC5, 0x68, 0xB3, 0x6B, 0x9B, 0xDD, 0x0A, 0x97, 0x14, 0x16, 0xEE, 0x89, 0x01, 0x10,
    0x2E, 0xF9, 0x80, 0xBD, 0x81, 0x77, 0xD8, 0xDD, 0xBB, 0x4B, 0x44, 0xFA, 0x6A, 0x0F, 0x95, 0x52,
    0x4C, 0xED, 0xDE, 0xED, 0xEA, 0xBB, 0xCD, 0x8C, 0x2B, 0x65, 0x5A, 0x3A, 0x14, 0x4A, 0x80, 0x3C,
    0x7D, 0x72, 0xFF, 0xF9, 0x08, 0x83, 0x76, 0xAE, 0xBF, 0x14, 0x14, 0x8F, 0xE1, 0xB7, 0x37, 0x12,
    0xCE, 0xDF, 0xCC, 0xB5, 0xE6, 0x23, 0x3B, 0xED, 0xC7, 0xE5, 0x1A, 0xDD, 0x08, 0x74, 0x63, 0x34,
    0x33, 0xF0, 0x09, 0xB1, 0x0E, 0xC7, 0x59, 0x67, 0xAD, 0x22, 0xD4, 0xA1, 0x5C, 0xCA, 0x08, 0x66,
    0xAA, 0x16, 0x76, 0xB0, 0xBE, 0x0A, 0x08, 0x86, 0xFE, 0x94, 0x45, 0x9D, 0x73, 0xB1, 0xD3, 0xCC,
    0xA8, 0xAF, 0x36, 0x4C, 0xCA, 0x63, 0x15, 0x31, 0x53, 0xCA, 0xCD, 0x8A, 0xF1, 0x29, 0x9B, 0x85,
    0x36, 0xE7, 0x36, 0xD0, 0xA5, 0xDC, 0x77, 0x01, 0x9B, 0xB3, 0x9D, 0xB1, 0x7D, 0xCE, 0x13, 0x3F,
    0x20, 0xDF, 0x63, 0x0F, 0x94, 0xC2, 0x5D, 0x67, 0x9C, 0x74, 0x01, 0x83, 0xB4, 0x41, 0x1D, 0x6B,
    0xF5, 0x1C, 0x87, 0x1C, 0xCC, 0x8A, 0x4B, 0x2E, 0x0C, 0xC9, 0x90, 0xC7, 0xED, 0x61, 0x17, 0xD0,
    0x88, 0x9D, 0x4B, 0x81, 0x9D, 0x9A, 0x98, 0xF4, 0x43, 0xC0, 0x48, 0xEA, 0x69, 0x75, 0xD4, 0xAE,
    0x91, 0x6C, 0x9F, 0xB0, 0x52, 0xB8, 0xB1, 0x7C, 0xBD, 0x91, 0xE0, 0xB4, 0x1C, 0xAE, 0x1C, 0xF1,
    0xC1, 0x07, 0xD9, 0xAF, 0x43, 0xA2, 0x7C, 0xB9, 0x24, 0x3B, 0x69, 0xA2, 0xD4, 0x7F, 0x24, 0xCD,
    0xCB, 0xCF, 0x2E, 0x3D, 0xF6, 0x5F, 0x9F, 0x25, 0xF5, 0xDE, 0xE7, 0x8F, 0x7C, 0xA1, 0xE6, 0xD1,
    0xDD, 0xB1, 0xDA, 0xCD, 0x5D, 0xA8, 0x36, 0x63, 0xA0, 0x8E, 0xA6, 0x85, 0x26, 0xB6, 0xB7, 0xB3,
    0xB7, 0xBF, 0x9F, 0x85, 0x1B, 0xEB, 0xC3, 0xEA, 0x95, 0x7F, 0x4B, 0xB9, 0x41, 0xA4, 0x10, 0xAC,
    0xA0, 0xBE, 0x3C, 0x6D, 0x90, 0xE1, 0x5A, 0x77, 0x08, 0xC5, 0xCF, 0xC6, 0x64, 0xF9, 0xA5, 0x4F,
    0x56, 0xBF, 0x3E, 0xFC, 0x3C, 0x69, 0xA5, 0xF9, 0x70, 0x3B, 0x0E, 0x38, 0xEA, 0x39, 0xCE, 0x86,
    0x37, 0xF7, 0xED, 0xE4, 0x5A, 0xA8, 0xC7, 0x2C, 0xB9, 0xD8, 0x36, 0x74, 0xCB, 0x51, 0xD0, 0x08,
    0x56, 0x5A, 0x92, 0xB3, 0xD9, 0x92, 0x53, 0x25, 0x18, 0x7C, 0xD6, 0x1D, 0xEA, 0xE4, 0x58, 0xEF,
    0xC9, 0xBE, 0x8B, 0xFC, 0xC1, 0xCD, 0xAA, 0xF6, 0x1E, 0xEA, 0xCF, 0x47, 0xA0, 0xB9, 0xEC, 0x93,
    0xE6, 0x11, 0xD9, 0x1F, 0x67, 0xE1, 0xED, 0x3E, 0xD1, 0x6A, 0x87, 0x42, 0xCF, 0x05, 0xCD, 0x86,
    0x85, 0x36, 0x70, 0x0E, 0x76, 0xCA, 0x6A, 0xE4, 0x7B, 0x47, 0xBD, 0x6F, 0x74, 0xE1, 0x4D, 0x05,
    0x81, 0x42, 0x94, 0xE1, 0x58, 0x49, 0xD2, 0x86, 0x66, 0x06, 0x23, 0x4D, 0x50, 0xE8, 0x5B, 0xDE,
    0x08, 0x2B, 0x69, 0x3A, 0xF4, 0xD7, 0xFE, 0x0F, 0x63, 0x00, 0x02, 0xA6, 0x1F, 0x0C, 0xDC, 0x7F,
    0x18, 0xF8, 0xED, 0x18, 0x74, 0xF4, 0x18, 0x6C, 0xF4, 0x18, 0x2A, 0xF4, 0x18, 0xB6, 0xE8, 0x31,
    0x7C, 0xD0, 0x65, 0xF8, 0x60, 0xC3, 0x08, 0x42, 0x16, 0x4C, 0x1F, 0x36, 0x30, 0x7D, 0xF8, 0xC0,
    0xF4, 0xE9, 0x02, 0xD3, 0xE7, 0x03, 0x4C, 0xFF, 0x19, 0x98, 0xFE, 0x31, 0x30, 0xFD, 0x61, 0x65,
    0xFA, 0xC2, 0xC7, 0xFD, 0x43, 0xC7, 0xFE, 0x4F, 0x85, 0x45, 0xFD, 0x07, 0x06, 0xF9, 0x03, 0x00,
    0xAC, 0x54, 0x01, 0x84, 0x24, 0x47, 0x14, 0x7D, 0x5D, 0x7D, 0xB6, 0x8F, 0x4A, 0x52, 0x41, 0x70,
    0x24, 0xB7, 0x7D, 0x08, 0x36, 0xCC, 0xEC, 0x00, 0x40, 0xF7, 0x4C, 0x07, 0x04, 0x21, 0x02, 0x00,
    0x08, 0x80, 0xC0, 0xC2, 0x91, 0x60, 0x2F, 0xDD, 0x04, 0x87, 0x83, 0x01, 0x00, 0x04, 0x01, 0x0B,
    0x37, 0x08, 0x39, 0x6C, 0xD2, 0x9D, 0x2C, 0x20, 0xD0, 0xB9, 0x03, 0x04, 0xE9, 0xB8, 0x10, 0x12,
    0xC9, 0x16, 0x3B, 0xA4, 0x25, 0xD3, 0xDD, 0x99, 0x7A, 0x5F, 0xC9, 0xF4, 0x26, 0xE7, 0xCE, 0xDA,
    0x67, 0xB7, 0xDE, 0xF8, 0xBF, 0xFE, 0xFF, 0xEF, 0xD7, 0xEF, 0x2A, 0x78, 0x04, 0x56, 0x78, 0xD6,
    0x90, 0x54, 0x07, 0x22, 0xAF, 0x85, 0x07, 0x41, 0xE5, 0xD9, 0xDB, 0x55, 0x8F, 0xDD, 0x38, 0xE6,
    0x19, 0xE1, 0x2D, 0x20, 0x07, 0x86, 0x0C, 0x43, 0xA5, 0x86, 0x2A, 0xEC, 0x1B, 0x7D, 0xCF, 0x9A,
    0xF4, 0xEE, 0x7E, 0x9A, 0x24, 0xE9, 0xF4, 0x20, 0xBD, 0x89, 0x14, 0x57, 0xF9, 0xDB, 0x41, 0x78,
    0x59, 0x4A, 0xEC, 0xA5, 0x0C, 0xD9, 0x65, 0xD9, 0xDE, 0x3E, 0x6A, 0xB5, 0x1F, 0xE7, 0x21, 0x0E,
    0x70, 0x35, 0x61, 0x49, 0x7A, 0x7B, 0x92, 0x26, 0xAF, 0xA4, 0x89, 0x49, 0xBF, 0x88, 0xEE, 0xD9,
    0xB0, 0xAF, 0xB7, 0x5D, 0x63, 0x28, 0x50, 0x02, 0x73, 0xEC, 0x9E, 0x76, 0x58, 0x53, 0x02, 0xCB,
    0xAB, 0x4E, 0x64, 0xE7, 0xF5, 0xFF, 0xCB, 0xF6, 0x76, 0xD5, 0x4B, 0x8C, 0xC4, 0xF9, 0x3C, 0x2F,
    0x7E, 0xDA, 0x2F, 0x5D, 0x4D, 0xF6, 0x6D, 0x38, 0x2C, 0x1A, 0xAE, 0x3C, 0xBC, 0xC5, 0x6F, 0xAD,
    0x53, 0xDC, 0xE6, 0x00, 0xCC, 0xD7, 0x00, 0xA0, 0x67, 0x05, 0x80, 0xF0, 0x41, 0xE3, 0xD6, 0x6F,
    0x9D, 0x37, 0x68, 0xE8, 0xB0, 0x74, 0x64, 0x9A, 0xD1, 0xAA, 0x85, 0x03, 0x1D, 0xA0, 0x03, 0xCF,
    0x73, 0x58, 0x9A, 0x3E, 0xE3, 0xA9, 0xD5, 0xF4, 0x3A, 0x4B, 0x34, 0xB8, 0xB5, 0x7C, 0x68, 0x81,
    0x70, 0x5D, 0xD6, 0x40, 0xA0, 0xFE, 0xAE, 0x00, 0xE8, 0xA7, 0x85, 0xDB, 0xF2, 0x80, 0xC9, 0x0C,
    0x13, 0x4F, 0x99, 0x2B, 0x61, 0xDE, 0x1B, 0xAC, 0x41, 0xB3, 0x2F, 0xC1, 0x72, 0xCF, 0x36, 0xCB,
    0xD0, 0x0E, 0xB8, 0xBE, 0xC6, 0x35, 0x05, 0xBD, 0x19, 0x77, 0xD6, 0x8C, 0x5A, 0xD3, 0xF4, 0xD5,
    0x8B, 0x39, 0x12, 0x3A, 0xA6, 0x74, 0x18, 0x3A, 0xDE, 0xA5, 0xE3, 0x49, 0xE1, 0x1C, 0x7F, 0x56,
    0x40, 0xD8, 0xB0, 0xA3, 0xE1, 0xC8, 0x3A, 0x3B, 0x3B, 0x45, 0xCE, 0x54, 0x8A, 0x69, 0xF1, 0xFE,
    0xBF, 0x37, 0x2D, 0xA2, 0xD6, 0x98, 0x5A, 0x3F, 0xA1, 0xB9, 0x7D, 0x9E, 0xD9, 0x3A, 0x73, 0xD0,
    0x38, 0x73, 0xF8, 0x4D, 0xEB, 0xD6, 0xFB, 0xCE, 0xAC, 0xB9, 0xDB, 0x70, 0x77, 0xDC, 0xCE, 0x00,
    0x2C, 0x7E, 0xE9, 0x38, 0xF1, 0x02, 0xBE, 0xFE, 0x3E, 0x2E, 0xC1, 0x50, 0x08, 0x69, 0xD6, 0x60,
    0x0E, 0xEC, 0x75, 0x40, 0x02, 0xE4, 0x05, 0xD0, 0x02, 0xC3, 0x08, 0x5B, 0x63, 0x58, 0xF1, 0x6B,
    0x37, 0x05, 0x03, 0x8C, 0xF4, 0x91, 0x82, 0x48, 0x84, 0x6E, 0x60, 0x17, 0x8F, 0x84, 0xAC, 0xC9,
    0xF8, 0x31, 0x68, 0xEA, 0xAD, 0x98, 0x5F, 0x57, 0xDB, 0x6A, 0xE3, 0x0A, 0x40, 0xE2, 0x24, 0x30,
    0xAC, 0x2C, 0x00, 0x0B, 0xB3, 0x06, 0x54, 0x03, 0x93, 0x31, 0x6C, 0x07, 0x6A, 0x09, 0x20, 0xB2,
    0x00, 0xB7, 0xC0, 0x6C, 0x9C, 0x22, 0xB7, 0x2C, 0xFE, 0x00, 0xF0, 0xE5, 0x8F, 0x00, 0x2E, 0x7E,
    0xC8, 0x10, 0x3C, 0x7D, 0x52, 0x21, 0x3C, 0x7B, 0x5C, 0x41, 0x7D, 0x5A, 0xD7, 0x7C, 0x25, 0x9E,
    0xBD, 0x84, 0x67, 0xDF, 0xD7, 0x50, 0x67, 0xDB, 0x08, 0xB8, 0x30, 0x26, 0xC0, 0x47, 0x2E, 0xD5,
    0xE2, 0x77, 0x9F, 0xDE, 0xB8, 0x0E, 0xB4, 0x85, 0x1B, 0x33, 0x76, 0x40, 0xF9, 0x5C, 0x76, 0x61,
    0xC1, 0xB6, 0x83, 0x8B, 0x86, 0x07, 0x16, 0x3E, 0xEE, 0x81, 0xA8, 0x43, 0x54, 0xC5, 0x6B, 0xE4,
    0x4B, 0x98, 0x2C, 0x28, 0xFF, 0xFB, 0x5A, 0x2C, 0x71, 0x8C, 0xAD, 0x5D, 0x75, 0x58, 0xF3, 0x31,
    0x9C, 0xFD, 0x64, 0xF9, 0x5A, 0xA8, 0x8B, 0x9A, 0x35, 0x47, 0x27, 0x41, 0x1C, 0xFD, 0x0C, 0x7E,
    0x6A, 0x72, 0xB9, 0x97, 0xAF, 0x5B, 0x70, 0x7C, 0x1B, 0x69, 0x6B, 0x0E, 0xE8, 0x82, 0xB3, 0x36,
    0xE0, 0xCF, 0x7D, 0xC9, 0x31, 0x15, 0x4A, 0x20, 0x74, 0x13, 0x50, 0x5B, 0x3A, 0x14, 0x4A, 0x48,
    0xD3, 0x8F, 0x79, 0x65, 0xF6, 0xD9, 0xC7, 0xE2, 0x9C, 0xA4, 0x86, 0x5A, 0x2E, 0x44, 0x45, 0x0A,
    0x32, 0xA1, 0x72, 0x49, 0xE3, 0xD0, 0x3B, 0xEA, 0xB3, 0x23, 0x5E, 0x04, 0x84, 0x16, 0x30, 0x05,
    0x07, 0x1A, 0x03, 0xF2, 0x5A, 0xF1, 0x67, 0x02, 0xCA, 0x71, 0xF9, 0x75, 0x46, 0x8A, 0x0A, 0xDC,
    0x05, 0x94, 0x90, 0x11, 0x8A, 0xEE, 0x17, 0x6C, 0xF8, 0x3B, 0x16, 0x51, 0xE7, 0x9A, 0x35, 0x87,
    0x92, 0xD6, 0xB2, 0x05, 0x65, 0xD1, 0x87, 0x37, 0x41, 0xBC, 0x2A, 0x34, 0x17, 0x2A, 0x1B, 0x92,
    0x1C, 0x4C, 0x70, 0x1E, 0x57, 0x4C, 0xF6, 0x76, 0x76, 0xC7, 0x11, 0xCB, 0xEA, 0x77, 0x58, 0x48,
    0x47, 0x05, 0x44, 0x84, 0x97, 0x24, 0x02, 0x3D, 0x1D, 0x02, 0x98, 0x82, 0xDF, 0xE1, 0x31, 0x10,
    0xD5, 0x50, 0x96, 0x97, 0x32, 0xAE, 0x9D, 0x02, 0x99, 0xFA, 0xDE, 0x20, 0xD5, 0x04, 0x22, 0x35,
    0x18, 0x48, 0xB1, 0xB8, 0x16, 0xEF, 0x59, 0x47, 0x77, 0xA6, 0x72, 0x2D, 0x26, 0x09, 0x10, 0x14,
    0x48, 0xA6, 0x32, 0x80, 0x97, 0x01, 0xE5, 0xC7, 0x81, 0x09, 0xC9, 0x8F, 0xCA, 0x50, 0x9A, 0x93,
    0x05, 0x43, 0x83, 0x13, 0x14, 0xAC, 0x81, 0x53, 0x3E, 0x7D, 0x91, 0x65, 0x0D, 0xD6, 0x0A, 0xE4,
    0x58, 0xDE, 0x80, 0xA0, 0x13, 0x8A, 0xD6, 0xC2, 0x8B, 0x5F, 0x4F, 0xB6, 0xF8, 0x5C, 0x0D, 0xC4,
    0xC6, 0x34, 0x20, 0xCA, 0xF1, 0x6E, 0x2C, 0x0A, 0xE1, 0xE8, 0xAF, 0x13, 0xEE, 0x47, 0x29, 0xFB,
    0x5D, 0xBF, 0x84, 0xDA, 0x40, 0x90, 0x60, 0x84, 0xA0, 0xE0, 0xD8, 0x79, 0x29, 0xE3, 0x53, 0x20,
    0x9D, 0x03, 0x8F, 0x0C, 0x02, 0xAB, 0xAB, 0xD0, 0xEA, 0x46, 0x5B, 0x6D, 0x8D, 0xD5, 0xA7, 0xE9,
    0x4A, 0xA7, 0xB7, 0x56, 0xFA, 0x16, 0x56, 0x1A, 0xD7, 0xF5, 0x4F, 0xD4, 0x42, 0x81, 0x97, 0x97,
    0x67, 0xF8, 0xD0, 0x75, 0xF0, 0xD0, 0x62, 0x20, 0x7A, 0x60, 0xF7, 0xEB, 0x45, 0xD8, 0x8E, 0x23,
    0xB4, 0xE5, 0xFE, 0x13, 0x7F, 0x2F, 0xC5, 0x0D, 0xDF, 0xB7, 0x0F, 0xB7, 0x42, 0xC4, 0x07, 0x7B,
    0xB8, 0xCE, 0x3E, 0x26, 0x2B, 0x3D, 0x39, 0x5C, 0xE9, 0x63, 0x63, 0x75, 0x1B, 0x59, 0x6D, 0x95,
    0xD5, 0x15, 0xAC, 0x29, 0x70, 0x1C, 0x03, 0xF3, 0x54, 0x9E, 0x20, 0x6D, 0x79, 0xB7, 0x39, 0x67,
    0x47, 0xE8, 0xD8, 0x01, 0xE7, 0x9C, 0x67, 0x9C, 0xB3, 0xEB, 0x59, 0x49, 0xCF, 0x90, 0x39, 0xC7,
    0x55, 0x09, 0xE9, 0xB9, 0x83, 0xF4, 0x2C, 0x73, 0xD6, 0x56, 0xE6, 0x5C, 0x66, 0x32, 0xE7, 0x96,
    0xFD, 0xF2, 0x5F, 0x6D, 0xD8, 0x33, 0xE7, 0x6C, 0xFF, 0x19, 0xF9, 0xF1, 0x4C, 0x4D, 0x3F, 0x03,
    0x00, 0xBD, 0xD6, 0x01, 0xA4, 0x6C, 0xD7, 0xBD, 0xC7, 0xF1, 0xCF, 0xDE, 0xFB, 0x25, 0xF3, 0x64,
    0xBF, 0xDC, 0xF5, 0x90, 0xE7, 0xF1, 0xF2, 0x64, 0x00, 0x82, 0xE4, 0x6C, 0x28, 0x42, 0x67, 0xCE,
    0x6C, 0x0D, 0x00, 0x14, 0x5A, 0x28, 0x00, 0x50, 0xB8, 0x45, 0x11, 0x9C, 0xE4, 0x6C, 0x05, 0x80,
    0x5E, 0x00, 0xA0, 0x41, 0x41, 0xC0, 0xC5, 0x2D, 0x69, 0x4D, 0xEF, 0x6C, 0x29, 0x0A, 0x30, 0x0D,
    0x40, 0x61, 0x47, 0x5B, 0x00, 0x77, 0x4B, 0x87, 0x4C, 0xD2, 0x39, 0xB3, 0x3A, 0x7F, 0xD7, 0x76,
    0x8E, 0x71, 0xCF, 0x95, 0x40, 0x96, 0xF9, 0x7F, 0x67, 0xAF, 0xB5, 0xFE, 0xF3, 0xFB, 0xFD, 0xCF,
    0x5A, 0xCB, 0x3E, 0xCB, 0x66, 0xAF, 0xCC, 0xB9, 0xF5, 0x68, 0xB6, 0xA5, 0x18, 0xF1, 0x29, 0x16,
    0x58, 0xE2, 0x12, 0x2B, 0x11, 0xCD, 0x7E, 0x55, 0x1E, 0x7F, 0xB6, 0xAA, 0xC7, 0x22, 0xA7, 0xAD,
    0xA7, 0x4D, 0xEF, 0xE9, 0xAA, 0x75, 0xB3, 0xE2, 0xB0, 0x52, 0x9C, 0xA2, 0xDC, 0xAD, 0x54, 0x63,
    0xA3, 0xDE, 0xA6, 0x2E, 0x75, 0xD5, 0xF0, 0x11, 0xD7, 0x3B, 0x9B, 0x9C, 0xC7, 0x88, 0xFF, 0xF9,
    0xC9, 0x4F, 0x47, 0xCA, 0x7B, 0xE3, 0x3A, 0xE7, 0x88, 0x97, 0xE6, 0xC5, 0xDC, 0xA4, 0x87, 0x47,
    0x94, 0x03, 0x55, 0xCF, 0xAC, 0xBF, 0xF5, 0x79, 0x38, 0xB2, 0x1A, 0xB9, 0x1C, 0xF9, 0xC3, 0xC8,
    0x97, 0xA3, 0xE2, 0x14, 0xD5, 0xE7, 0xA7, 0xF8, 0xEC, 0xD6, 0xE7, 0xE1, 0xC9, 0xE7, 0xA2, 0x1C,
    0x2D, 0x4E, 0x71, 0x75, 0x8A, 0xDD, 0x29, 0xC6, 0x72, 0x2C, 0x87, 0x72, 0xFC, 0xDF, 0x7F, 0xDC,
    0xFA, 0x24, 0xBC, 0x85, 0x25, 0xFE, 0x13, 0xBC, 0xFA, 0x49, 0x5B, 0x62, 0x93, 0xF7, 0xA9, 0x55,
    0x7F, 0x5D, 0x6C, 0x1E, 0xB2, 0x6A, 0xCD, 0x0E, 0x1C, 0x28, 0x0E, 0xCF, 0x8B, 0x3A, 0x9A, 0xF5,
    0xA4, 0x5F, 0x4B, 0xB8, 0xAC, 0xFA, 0xD0, 0x58, 0x97, 0xDB, 0x77, 0x28, 0x47, 0xC3, 0x42, 0x4C,
    0x8F, 0xEF, 0x91, 0x5A, 0x8F, 0xDF, 0xE3, 0x92, 0xC7, 0x1F, 0xB0, 0x17, 0xBD, 0x72, 0xE4, 0xF1,
    0x22, 0x32, 0xE2, 0x6B, 0x8E, 0xF1, 0x5D, 0x4B, 0x8A, 0x21, 0xD9, 0x53, 0xF5, 0xF5, 0xFB, 0x03,
    0xB3, 0xAE, 0xFA, 0x6B, 0x58, 0x90, 0xB1, 0xE0, 0x29, 0xC5, 0x8E, 0xBC, 0x35, 0xEF, 0x55, 0x9F,
    0xE7, 0x67, 0x47, 0xEA, 0xEE, 0xCD, 0xFC, 0x88, 0x57, 0x01, 0x60, 0xEA, 0x26, 0x82, 0x1D, 0xAC,
    0x7A, 0xC1, 0x2D, 0x6C, 0x46, 0x78, 0x16, 0x2C, 0xFF, 0xBC, 0x47, 0xF5, 0xA7, 0x03, 0xEA, 0x1F,
    0xDD, 0x20, 0xC9, 0x78, 0xD7, 0x06, 0x0B, 0xAB, 0x8E, 0x5F, 0x5A, 0xF5, 0x8C, 0xE6, 0x83, 0x62,
    0x2B, 0x8D, 0xAA, 0x5E, 0xBD, 0x33, 0xEB, 0x54, 0x07, 0x49, 0xF0, 0x01, 0xC5, 0xD1, 0x02, 0xD9,
    0x2A, 0x9F, 0x5A, 0xBB, 0x09, 0xF6, 0x4D, 0xF0, 0x1B, 0x65, 0xE6, 0x7A, 0xAB, 0xB8, 0x21, 0xA4,
    0xBE, 0xDF, 0xAF, 0xC9, 0xB6, 0xCA, 0x6C, 0x06, 0xB1, 0xAD, 0x39, 0x13, 0x65, 0xF6, 0x13, 0x77,
    0x9A, 0x4E, 0x73, 0xD0, 0xB4, 0xD2, 0x89, 0xD4, 0x39, 0x58, 0x65, 0x28, 0x73, 0x07, 0xB9, 0x17,
    0x1C, 0xE0, 0x7A, 0x84, 0xBC, 0x15, 0x39, 0x2D, 0xEA, 0x23, 0x34, 0x7B, 0xC4, 0xE4, 0xC7, 0x8A,
    0xDC, 0x97, 0x63, 0x08, 0x54, 0xA3, 0x74, 0x08, 0xAE, 0x76, 0xEA, 0xB0, 0xCF, 0x79, 0x2B, 0xD8,
    0x03, 0xE2, 0x39, 0x77, 0xCF, 0x19, 0x38, 0x06, 0x6E, 0x9C, 0xB7, 0xB7, 0x61, 0xF1, 0x62, 0xE4,
    0xF8, 0x45, 0xE0, 0x78, 0x5F, 0xCA, 0x24, 0x60, 0xDE, 0x62, 0x05, 0x6B, 0xD8, 0xA3, 0x1A, 0x31,
    0x1B, 0x90, 0xFA, 0x17, 0x67, 0x94, 0xDF, 0x2E, 0xA3, 0xBA, 0x2F, 0xE3, 0xB7, 0xF0, 0xA1, 0x2C,
    0x9F, 0x08, 0x07, 0xD8, 0xA2, 0xE8, 0x51, 0x06, 0xAA, 0x2E, 0x00, 0xB5, 0xA2, 0xF3, 0xC0, 0xBC,
    0xF7, 0xBA, 0x1F, 0x8E, 0xFE, 0x9F, 0x9D, 0x77, 0x58, 0x7B, 0x8F, 0xA5, 0x1F, 0xD0, 0xF8, 0x05,
    0xA9, 0x1D, 0xA9, 0xFB, 0x81, 0xEA, 0x2F, 0x3D, 0xE5, 0x97, 0x3D, 0xBE, 0xEA, 0xB0, 0x99, 0xCC,
    0x35, 0xF0, 0x80, 0xEA, 0xA8, 0xCC, 0xE6, 0x79, 0x7B, 0xFA, 0x2C, 0xCB, 0xDD, 0x47, 0xC5, 0xF8,
    0x81, 0xD5, 0xE8, 0xC9, 0x13, 0xA9, 0xF7, 0xC1, 0xE9, 0x79, 0xF0, 0x64, 0x69, 0xBF, 0x2E, 0xC6,
    0xF9, 0xB3, 0xED, 0xE9, 0xF3, 0x3C, 0x9F, 0xAA, 0x17, 0x46, 0x68, 0x60, 0x01, 0x3B, 0xA4, 0x31,
    0xD0, 0x4F, 0x4F, 0xCD, 0x02, 0x8B, 0x07, 0xD8, 0xD5, 0x94, 0x63, 0xD5, 0xA9, 0xFA, 0xAA, 0x97,
    0xDA, 0xB2, 0xD7, 0x28, 0x9E, 0x1F, 0x33, 0x39, 0x40, 0xD5, 0x01, 0x7F, 0x2C, 0xF7, 0xDF, 0xCF,
    0x47, 0xC4, 0x77, 0xC1, 0x78, 0xC2, 0xBF, 0x02, 0xB9, 0x0F, 0x38, 0xE1, 0x70, 0x42, 0x15, 0xB3,
    0x29, 0xB0, 0xDA, 0xF3, 0xF4, 0xB8, 0x67, 0xF3, 0x65, 0xE0, 0xB3, 0x40, 0xFC, 0xF6, 0x78, 0x42,
    0x75, 0x73, 0x42, 0x0A, 0xAC, 0x42, 0x6F, 0xF1, 0x5D, 0xCD, 0x29, 0x3E, 0x46, 0xB5, 0x43, 0x7D,
    0x40, 0xBA, 0x42, 0x73, 0x81, 0x65, 0xC2, 0x55, 0xEA, 0xD8, 0xCF, 0x7A, 0xC6, 0x6A, 0x2B, 0xDE,
    0xE6, 0xAA, 0xDE, 0x4E, 0xDD, 0x5B, 0x4B, 0xAD, 0x85, 0x86, 0x4B, 0x97, 0xCC, 0xBD, 0xCD, 0x6B,
    0x2E, 0x59, 0x99, 0xB3, 0x94, 0x3A, 0x6B, 0x75, 0x24, 0x57, 0xDB, 0x62, 0x8C, 0x8D, 0x1A, 0x18,
    0x43, 0x6A, 0x9F, 0xBA, 0x50, 0xC6, 0x65, 0x83, 0xF9, 0x12, 0xE9, 0x80, 0x7A, 0x87, 0x6A, 0x84,
    0xE2, 0x11, 0xCD, 0x8E, 0xCD, 0x9E, 0x2F, 0x46, 0xE5, 0x40, 0x75, 0x1E, 0x5B, 0x66, 0x67, 0x51,
    0x4F, 0xD1, 0x73, 0x1E, 0xE9, 0x3C, 0x3A, 0x52, 0x4B, 0xE2, 0xAD, 0xC4, 0xEA, 0x86, 0xD5, 0x9E,
    0xD7, 0xBA, 0xA9, 0x88, 0x7A, 0x3F, 0x15, 0x36, 0xDB, 0x41, 0xE7, 0x85, 0xED, 0x15, 0xDE, 0xB0,
    0xEA, 0x65, 0xD7, 0x27, 0xB4, 0xF1, 0xA4, 0x69, 0x7D, 0x24, 0x70, 0x3E, 0x11, 0xC9, 0x5E, 0xDC,
    0xBA, 0xC9, 0x28, 0x1D, 0x26, 0xF3, 0x6A, 0x04, 0x28, 0xF3, 0x23, 0x65, 0xD7, 0xE4, 0xDC, 0x36,
    0xDD, 0x87, 0xAE, 0xF3, 0x51, 0xBC, 0xF5, 0x76, 0x00, 0x3F, 0xA7, 0x68, 0x53, 0xFE, 0x5A, 0xDD,
    0xAD, 0x3E, 0xC9, 0xDF, 0xE4, 0xF6, 0x89, 0x3A, 0x1F, 0xB4, 0xFC, 0x5F, 0x07, 0x78, 0x35, 0x6F,
    0x55, 0xA1, 0xD0, 0xDD, 0x55, 0x18, 0x00, 0x34, 0x1D, 0xFC, 0x6E, 0x0B, 0x06, 0x28, 0x7A, 0x98,
    0xB5, 0xF0, 0x3A, 0xF8, 0x2F, 0xC0, 0xED, 0xC8, 0x7F, 0x9C, 0xBD, 0x53, 0xDD, 0xD3, 0xCE, 0x73,
    0x5A, 0x28, 0x46, 0x98, 0x6D, 0x61, 0xDE, 0x9E, 0xE5, 0x4C, 0xC3, 0xF0, 0x21, 0x14, 0xBB, 0x73,
    0x9D, 0xDB, 0x61, 0xD5, 0x16, 0xB4, 0x5E, 0x5E, 0xCF, 0xFD, 0xB3, 0xF7, 0x8C, 0x2F, 0xC0, 0x01,
    0xAA, 0xF1, 0x3C, 0x67, 0x1A, 0x46, 0xEA, 0xCF, 0x14, 0xA6, 0xE1, 0x33, 0xE5, 0x69, 0x58, 0xD0,
    0x8B, 0xDA, 0xC3, 0x0E, 0x6F, 0xE6, 0x96, 0x59, 0x1E, 0x88, 0x4D, 0x66, 0xF3, 0x35, 0x9A, 0x23,
    0x3C, 0x6D, 0xE1, 0x7A, 0x0B, 0x75, 0xEE, 0x88, 0x89, 0xE7, 0x63, 0x37, 0x50, 0xE4, 0x3D, 0xB1,
    0xDD, 0x9D, 0x10, 0x0A, 0x02, 0xB8, 0xBE, 0xBD, 0x2D, 0x74, 0xDC, 0x51, 0x0B, 0x79, 0x65, 0x58,
    0x85, 0xED, 0x16, 0xDE, 0x9C, 0xB4, 0xA7, 0xAA, 0x42, 0xBA, 0xC5, 0x66, 0x1F, 0xFD, 0x23, 0xE6,
    0xD1, 0xAF, 0x23, 0xDD, 0xE6, 0xEF, 0xF0, 0x7B, 0xF0, 0x72, 0x47, 0xBC, 0x03, 0x16, 0xE0, 0x0A,
    0xEC, 0x9A, 0x0E, 0x5F, 0x85, 0x5E, 0x99, 0x43, 0x6A, 0x7E, 0x23, 0x1E, 0x7B, 0x6C, 0x9E, 0x75,
    0xD1, 0x4F, 0xD8, 0x74, 0x73, 0x51, 0xF3, 0x12, 0xCD, 0x7E, 0x81, 0x62, 0x73, 0x80, 0x3A, 0xB7,
    0x90, 0xF7, 0x28, 0xBF, 0xC8, 0x03, 0x55, 0x5F, 0xE7, 0x60, 0x54, 0x5E, 0x77, 0x8A, 0x56, 0x72,
    0xDF, 0xA2, 0x3F, 0x00, 0x17, 0x98, 0x6E, 0x7E, 0x57, 0x5C, 0xEF, 0x7C, 0x2A, 0x96, 0x71, 0xC4,
    0x3C, 0x07, 0x6D, 0x82, 0x66, 0xB9, 0x43, 0xFD, 0x9B, 0x1B, 0xA4, 0x76, 0xD3, 0x91, 0xC2, 0xC5,
    0x45, 0x7D, 0xC4, 0x65, 0x7E, 0x34, 0x2D, 0x52, 0xF4, 0x95, 0x79, 0xC4, 0xEA, 0x9B, 0xE0, 0xD3,
    0xF7, 0xB7, 0xF8, 0x71, 0xD5, 0x43, 0xDD, 0x09, 0xB6, 0x00, 0x91, 0x3A, 0xDD, 0x95, 0x14, 0xC7,
    0xF6, 0xEE, 0xD9, 0xC2, 0xFC, 0x4E, 0x91, 0x4B, 0xB0, 0xB8, 0x87, 0x97, 0x6E, 0xF3, 0x53, 0x07,
    0xB3, 0x01, 0x8A, 0x1B, 0xD3, 0x96, 0x30, 0x3B, 0x31, 0xAC, 0x06, 0xC1, 0x0C, 0x1E, 0x6E, 0x4D,
    0xA6, 0x1C, 0xEE, 0x38, 0x5D, 0xDC, 0x55, 0xBC, 0x87, 0xCD, 0x9D, 0xFC, 0x35, 0x94, 0x3B, 0x98,
    0x6F, 0x85, 0x7E, 0x1B, 0xDC, 0x01, 0xFF, 0x0D, 0x3E, 0x05, 0xE3, 0xF9, 0x5F, 0x9D, 0x5A, 0xD5,
    0x68, 0x4E, 0xEA, 0x2D, 0x99, 0x47, 0xA2, 0x0B, 0x46, 0x96, 0xCA, 0x81, 0x85, 0xAA, 0x0F, 0xA6,
    0x36, 0x38, 0x17, 0x5C, 0xE2, 0xD2, 0x1A, 0x73, 0x23, 0xD2, 0xAF, 0x06, 0xCC, 0xFE, 0xD6, 0xA3,
    0xC8, 0x1D, 0x5C, 0xDF, 0xBA, 0xB8, 0x02, 0x8F, 0x01, 0x40, 0x01, 0x66, 0x3D, 0x42, 0x7A, 0x75,
    0x27, 0x1D, 0x79, 0x0B, 0xFF, 0x1C, 0x51, 0x0D, 0x07, 0x91, 0xB8, 0x14, 0x89, 0x17, 0x98, 0x9B,
    0x63, 0x29, 0x61, 0x1D, 0x34, 0x06, 0xCB, 0x21, 0x58, 0xF5, 0x1A, 0x52, 0x67, 0xC9, 0x9C, 0x35,
    0x4B, 0xE5, 0x8E, 0xF5, 0xD9, 0xCA, 0x44, 0x22, 0x66, 0x9D, 0x97, 0x9D, 0x87, 0x81, 0x10, 0xFB,
    0x36, 0xE7, 0xE1, 0x9E, 0xDD, 0xEB, 0x4C, 0x3A, 0xA1, 0x09, 0xA1, 0x3F, 0x79, 0x01, 0xA6, 0xE1,
    0x1C, 0xBC, 0xEF, 0x9C, 0x94, 0x23, 0x58, 0x7F, 0xEB, 0x73, 0x72, 0x5E, 0x31, 0xEB, 0x49, 0x27,
    0x34, 0x6F, 0xD7, 0x7C, 0x70, 0x6F, 0x25, 0x4B, 0x1A, 0x0D, 0x97, 0x52, 0xEB, 0x4A, 0xDD, 0xDB,
    0xAB, 0xFA, 0x62, 0x54, 0x0D, 0xD5, 0xA0, 0x18, 0xAB, 0x9E, 0x7D, 0xDD, 0x73, 0x95, 0x5A, 0x96,
    0x0D, 0x9A, 0x25, 0xD2, 0xFA, 0xEE, 0xFD, 0x02, 0x80, 0xB8, 0xC6, 0x0B, 0xDC, 0xFE, 0x13, 0x10,
    0x00, 0x14, 0x2D, 0x77, 0x2F, 0x03, 0xEB, 0x49, 0x2F, 0x94, 0xAD, 0xC3, 0x63, 0x57, 0xF7, 0xC2,
    0x57, 0x54, 0x60, 0x16, 0xB5, 0xA4, 0xCE, 0x5E, 0xE2, 0x4A, 0x54, 0x2A, 0x6A, 0x36, 0xA9, 0x47,
    0xC0, 0x1B, 0xBC, 0xB2, 0xE4, 0xB2, 0x61, 0x91, 0x42, 0xAA, 0xB3, 0x9B, 0xF5, 0x71, 0x4B, 0x8A,
    0xEB, 0xD2, 0xAC, 0xB7, 0x8B, 0x0B, 0xD4, 0x9C, 0xC5, 0x25, 0x17, 0x0B, 0xD2, 0x9E, 0x34, 0x32,
    0x1B, 0xFD, 0x1B, 0xAD, 0x8D, 0x01, 0x66, 0xF4, 0x40, 0x14, 0x80, 0xBF, 0xCD, 0xDA, 0x5D, 0xBF,
    0x61, 0xE7, 0x00, 0x7F, 0xD9, 0xDE, 0x20, 0x00, 0x51, 0xAB, 0x93, 0x13, 0xF4, 0x0A, 0xBD, 0x41,
    0x0B, 0x05, 0x2C, 0x13, 0x7A, 0xA1, 0xA2, 0x08, 0x6A, 0xA7, 0x47, 0x98, 0x23, 0x84, 0x1E, 0x60,
    0x83, 0x20, 0xD5, 0xC9, 0x4C, 0x5F, 0xB3, 0x5A, 0x1A, 0x5A, 0x2D, 0x7D, 0xF3, 0x7D, 0x0F, 0x3E,
    0xE3, 0xB1, 0x40, 0x7F, 0xF7, 0xB2, 0xC3, 0x26, 0x9A, 0xC1, 0x06, 0xD3, 0xE5, 0x15, 0x0B, 0x40,
    0xBF, 0x5B, 0x8A, 0x5E, 0x6C, 0xC5, 0x20, 0x0E, 0xA2, 0x11, 0xB5, 0xA8, 0xCA, 0xA3, 0x2B, 0x51,
    0x71, 0x74, 0x4D, 0x76, 0x38, 0x61, 0x13, 0xC1, 0x0C, 0x60, 0x03, 0x98, 0x0E, 0xF2, 0x8A, 0x8F,
    0x99, 0xD5, 0xA2, 0x0B, 0xE0, 0x52, 0x40, 0xA7, 0xE7, 0x2D, 0x3A, 0x22, 0xAB, 0x44, 0x16, 0xBF,
    0x5F, 0xEA, 0x61, 0x76, 0x89, 0xED, 0x75, 0x24, 0xF5, 0x26, 0xCE, 0x52, 0x6B, 0x03, 0xC9, 0xDB,
    0x9E, 0x3D, 0xA6, 0x61, 0x32, 0x5F, 0x1F, 0xDF, 0xA1, 0xC9, 0x03, 0xFA, 0xFF, 0x18, 0xE2, 0x4E,
    0x42, 0x29, 0xA1, 0xFA, 0x83, 0xE3, 0xC5, 0x0F, 0xB9, 0x2A, 0x4D, 0x6A, 0x8C, 0xEA, 0xB6, 0xF3,
    0xBE, 0x10, 0x56, 0x5D, 0xA1, 0x9B, 0x22, 0xAF, 0x8A, 0x3D, 0x67, 0x1D, 0xE6, 0x91, 0x73, 0x38,
    0x85, 0x1B, 0xA8, 0x85, 0xCC, 0xD7, 0xB9, 0x77, 0x69, 0xE4, 0xC9, 0xEF, 0xE7, 0xBE, 0x9E, 0xA0,
    0x7C, 0xED, 0xC6, 0xFA, 0xE2, 0xDD, 0xAD, 0xBF, 0x9F, 0x7B, 0x84, 0xCC, 0xB3, 0xE4, 0x9F, 0x62,
    0x3D, 0xE5, 0x4E, 0xBB, 0xF6, 0x3A, 0xB5, 0xE9, 0x0D, 0xD2, 0x24, 0xD9, 0x4F, 0xE9, 0x62, 0xF2,
    0x77, 0xC9, 0x1A, 0x5E, 0x01, 0xAD, 0x92, 0x81, 0x89, 0xD6, 0x40, 0x10, 0x85, 0x77, 0xFF, 0x28,
    0x11, 0x16, 0x48, 0x09, 0x76, 0x60, 0x4A, 0xD8, 0x74, 0x72, 0x05, 0x28, 0x58, 0x42, 0x02, 0x16,
    0xA0, 0x1D, 0x58, 0xCA, 0xED, 0x75, 0x90, 0x0E, 0xFC, 0x3B, 0x30, 0xC0, 0x01, 0x01, 0x36, 0x19,
    0xE7, 0xCD, 0x4B, 0xFE, 0x09, 0x28, 0x00, 0x72, 0xC3, 0x83, 0x19, 0x89, 0xEC, 0xFD, 0xDF, 0x7B,
    0x2F, 0x84, 0x90, 0x76, 0x48, 0x67, 0x94, 0xA2, 0x0A, 0x21, 0x8A, 0xBC, 0x08, 0x8E, 0xA6, 0xF6,
    0x2A, 0xFC, 0x97, 0x15, 0xD2, 0xE9, 0x5E, 0x21, 0x9D, 0x8F, 0x0B, 0xA4, 0xD3, 0x2F, 0x50, 0x08,
    0x37, 0xC1, 0xE8, 0x95, 0xCE, 0x23, 0x8E, 0x73, 0xC8, 0xB3, 0x3D, 0x5C, 0x20, 0x9D, 0xE7, 0x02,
    0x5D, 0x0F, 0x29, 0x10, 0x8E, 0x09, 0x3A, 0x8E, 0xC1, 0x8E, 0x81, 0x47, 0x14, 0xC8, 0xFE, 0x04,
    0x74, 0x3D, 0x9A, 0x1D, 0xC2, 0xB1, 0x41, 0x3A, 0x6D, 0x85, 0x8E, 0x9F, 0x8C, 0x5F, 0xFA, 0xAE,
    0x5B, 0x54, 0x7A, 0xE4, 0xAF, 0x73, 0xEE, 0x8B, 0x61, 0x4E, 0xA3, 0x3D, 0x9C, 0x37, 0x08, 0x30,
    0x77, 0x88, 0x93, 0xF6, 0x16, 0x67, 0x96, 0xEF, 0x00, 0x16, 0xF9, 0x5D, 0xF1, 0x7A, 0xC6, 0xBF,
    0xDA, 0xFA, 0x01, 0xDF, 0x3A, 0x3D, 0x75, 0xF0, 0x28, 0x8D, 0x88, 0xFA, 0x58, 0x5E, 0xE2, 0xF3,
    0x9D, 0x26, 0xCC, 0xB4, 0xA0, 0x84, 0xF7, 0xE3, 0x6C, 0x94, 0xA3, 0x31, 0xE2, 0x94, 0x89, 0x6B,
    0x00, 0x78, 0x14, 0xA3, 0xBD, 0x71, 0x35, 0xB6, 0x06, 0xE0, 0x44, 0x01, 0x0C, 0x56, 0x5B, 0x0D,
    0x36, 0xD5, 0x2F, 0x86, 0x2A, 0x15, 0x1F, 0xA2, 0xFC, 0x20, 0xA3, 0x41, 0x12, 0x11, 0x2B, 0x3F,
    0xD1, 0x6C, 0xDA, 0x48, 0x32, 0xE7, 0x52, 0xB0, 0xCF, 0xD5, 0x3E, 0xCB, 0x6A, 0x11, 0xFF, 0x7A,
    0xB5, 0x80, 0x91, 0x62, 0x5A, 0x91, 0x21, 0x92, 0xCD, 0x8B, 0x11, 0xE5, 0xBB, 0x05, 0x3B, 0xCE,
    0x24, 0x2A, 0x57, 0x22, 0x21, 0x11, 0x51, 0xA2, 0x0C, 0x58, 0x64, 0x28, 0xCD, 0x81, 0xB2, 0x5F,
    0xD6, 0xD0, 0x12, 0x25, 0x55, 0x5B, 0x1D, 0x89, 0x3A, 0x12, 0x25, 0x12, 0xDD, 0xFE, 0x97, 0x48,
    0x95, 0x98, 0xD6, 0x94, 0xE5, 0x27, 0x03, 0x2B, 0x9A, 0xD9, 0x6A, 0x99, 0x7D, 0xDB, 0xF2, 0x13,
    0x63, 0x53, 0x25, 0x4B, 0xCE, 0xC3, 0xF3, 0xFC, 0x3C, 0xC2, 0xD0, 0x7B, 0x8A, 0x8F, 0x20, 0x9D,
    0x3C, 0x9F, 0xF0, 0xCE, 0xAF, 0xF2, 0x2B, 0x32, 0x57, 0xD5, 0x91, 0xA9, 0xA7, 0x7B, 0x24, 0xAB,
    0xCB, 0x33, 0x56, 0xD1, 0x1B, 0x46, 0x0C, 0x5F, 0x3C, 0x6C, 0xA8, 0x35, 0x77, 0xDC, 0x20, 0xC8,
    0xAB, 0x4D, 0x9B, 0xDC, 0x29, 0x96, 0xDB, 0xDB, 0xED, 0xF5, 0x66, 0xBF, 0xDD, 0x35, 0xAF, 0x42,
    0x79, 0xB4, 0xE1, 0xE5, 0x51, 0x88, 0xA6, 0x7E, 0xEA, 0xAD, 0x13, 0x50, 0x66, 0x2D, 0xBC, 0x19,
    0x5E, 0x0E, 0xEF, 0x07, 0xA6, 0xFC, 0xC3, 0xAB, 0xE9, 0x2F, 0xAF, 0x94, 0x15, 0x97, 0x37, 0xC6,
    0x4B, 0xE3, 0xBD, 0x81, 0x43, 0xDB, 0xE9, 0x55, 0xCB, 0xDA, 0x78, 0x81, 0x6E, 0x67, 0x87, 0xBC,
    0x46, 0x50, 0x7A, 0x7B, 0xAF, 0xFE, 0x00, 0x62, 0x40, 0x00, 0x76, 0x00, 0x89, 0x63, 0x6C, 0x84,
    0x40, 0x0C, 0x03, 0x41, 0x1C, 0x13, 0x7C, 0x09, 0x2A, 0xC1, 0x25, 0x98, 0x9C, 0x22, 0xE8, 0x04,
    0x35, 0xC6, 0x8C, 0x3F, 0x27, 0xF9, 0x19, 0xBA, 0x20, 0x52, 0xE0, 0xC0, 0x81, 0x9E, 0xE3, 0x24,
    0x47, 0x1B, 0xDC, 0x4A, 0xB3, 0xFB, 0xA2, 0xD8, 0xA2, 0x7A, 0xA2, 0x00, 0x6B, 0x06, 0x52, 0x90,
    0xEF, 0x3D, 0x85, 0xA7, 0xDA, 0x2B, 0x66, 0xC7, 0x6C, 0x31, 0x8F, 0xEE, 0x42, 0x41, 0x46, 0xF3,
    0x8D, 0x82, 0x06, 0x9D, 0xD7, 0xAE, 0xBE, 0x21, 0xAE, 0x31, 0x2B, 0x76, 0x21, 0x47, 0x83, 0x29,
    0x69, 0x80, 0x77, 0xF2, 0x03, 0x9C, 0x95, 0x7C, 0x73, 0xBA, 0x92, 0x0F, 0xE0, 0x28, 0x64, 0x03,
    0x6E, 0x17, 0x8A, 0x1D, 0x27, 0xFF, 0xE2, 0xC7, 0x39, 0x32, 0xC8, 0x23, 0xB3, 0x56, 0x18, 0x85,
    0x0C, 0x95, 0xA9, 0x96, 0x9D, 0x56, 0xB3, 0xB3, 0x8C, 0x16, 0x60, 0xA8, 0xFF, 0x07, 0xF3, 0x17,
    0xAA, 0x3F, 0x19, 0x41, 0x04, 0x00,
};

static const EpdGlyph charein_16_bolditalicGlyphs[] = {
    { 0, 0, 0, 0, 0, 0, 0 }, // U+0000
    { 0, 0, 0, 0, 0, 0, 0 }, // U+0001
    { 0, 0, 0, 0, 0, 0, 0 }, // U+0002
    { 0, 0, 0, 0, 0, 0, 0 }, // U+0003
    { 0, 0, 0, 0, 0, 0, 0 }, // U+0004
    { 0, 0, 0, 0, 0, 0, 0 }, // U+0005
    { 0, 0, 0, 0, 0, 0, 0 }, // U+0006
    { 0, 0, 0, 0, 0, 0, 0 }, // U+0007
    { 0, 0, 0, 0, 0, 0, 0 }, // U+0008
    { 0, 0, 0, 0, 0, 0, 0 }, // U+0009
    { 0, 0, 0, 0, 0, 0, 0 }, // U+000A
    { 0, 0, 0, 0, 0, 0, 0 }, // U+000B
    { 0, 0, 0, 0, 0, 0, 0 }, // U+000C
    { 0, 0, 0, 0, 0, 0, 0 }, // U+000D
    { 0, 0, 0, 0, 0, 0, 0 }, // U+000E
    { 0, 0, 0, 0, 0, 0, 0 }, // U+000F
    { 0, 0, 0, 0, 0, 0, 0 }, // U+0010
    { 0, 0, 0, 0, 0, 0, 0 }, // U+0011
    { 0, 0, 0, 0, 0, 0, 0 }, // U+0012
    { 0, 0, 0, 0, 0, 0, 0 }, // U+0013
    { 0, 0, 0, 0, 0, 0, 0 }, // U+0014
    { 0, 0, 0, 0, 0, 0, 0 }, // U+0015
    { 0, 0, 0, 0, 0, 0, 0 }, // U+0016
    { 0, 0, 0, 0, 0, 0, 0 }, // U+0017
    { 0, 0, 0, 0, 0, 0, 0 }, // U+0018
    { 0, 0, 0, 0, 0, 0, 0 }, // U+0019
    { 0, 0, 0, 0, 0, 0, 0 }, // U+001A
    { 0, 0, 0, 0, 0, 0, 0 }, // U+001B
    { 0, 0, 0, 0, 0, 0, 0 }, // U+001C
    { 0, 0, 0, 0, 0, 0, 0 }, // U+001D
    { 0, 0, 0, 0, 0, 0, 0 }, // U+001E
    { 0, 0, 0, 0, 0, 0, 0 }, // U+001F
    { 0, 0, 138, 0, 0, 0, 0 }, // U+0020
    { 10, 23, 203, 2, 23, 58, 0 }, // !
    { 11, 10, 200, 3, 23, 28, 58 }, // "
    { 21, 24, 395, 2, 24, 126, 86 }, // #
    { 20, 28, 319, 0, 24, 140, 212 }, // $
    { 27, 24, 480, 2, 23, 162, 352 }, // %
    { 24, 24, 397, 0, 23, 144, 514 }, // &
    { 5, 10, 93, 3, 23, 13, 658 }, // '
    { 14, 28, 226, 2, 23, 98, 671 }, // (
    { 14, 28, 226, -2, 23, 98, 769 }, // )
    { 14, 13, 267, 3, 23, 46, 867 }, // *
    { 21, 20, 533, 6, 20, 105, 913 }, // +
    { 9, 11, 171, -2, 5, 25, 1018 }, // ,
    { 11, 3, 186, 0, 9, 9, 1043 }, // -
    { 7, 5, 170, 0, 5, 9, 1052 }, // .
    { 17, 25, 267, 0, 22, 107, 1061 }, // /
    { 19, 24, 319, 1, 23, 114, 1168 }, // 0
    { 14, 23, 319, 2, 23, 81, 1282 }, // 1
    { 21, 23, 319, -1, 23, 121, 1363 }, // 2
    { 19, 24, 319, 0, 23, 114, 1484 }, // 3
    { 19, 24, 319, 0, 22, 114, 1598 }, // 4
    { 20, 23, 319, 0, 22, 115, 1712 }, // 5
    { 18, 25, 319, 1, 24, 113, 1827 }, // 6
    { 21, 23, 319, 1, 22, 121, 1940 }, // 7
    { 19, 24, 319, 0, 23, 114, 2061 }, // 8
    { 19, 25, 319, 1, 23, 119, 2175 }, // 9
    { 9, 16, 170, 0, 16, 36, 2294 }, // :
    { 11, 22, 170, -2, 16, 61, 2330 }, // ;
    { 21, 18, 533, 6, 19, 95, 2391 }, // <
    { 21, 8, 533, 6, 14, 42, 2486 }, // =
    { 21, 18, 533, 6, 19, 95, 2528 }, // >
    { 14, 23, 285, 3, 23, 81, 2623 }, // ?
    { 28, 28, 499, 1, 23, 196, 2704 }, // @
    { 25, 23, 381, -2, 23, 144, 2900 }, // A
    { 22, 22, 346, -1, 22, 121, 3044 }, // B
    { 22, 24, 358, 1, 23, 132, 3165 }, // C
    { 24, 22, 380, -1, 22, 132, 3297 }, // D
    { 22, 22, 320, -1, 22, 121, 3429 }, // E
    { 22, 22, 297, -1, 22, 121, 3550 }, // F
    { 23, 24, 389, 1, 23, 138, 3671 }, // G
    { 28, 22, 409, -1, 22, 154, 3809 }, // H
    { 15, 22, 190, -1, 22, 83, 3963 }, // I
    { 20, 23, 272, -1, 22, 115, 4046 }, // J
    { 26, 23, 372, -1, 22, 150, 4161 }, // K
    { 19, 22, 299, -1, 22, 105, 4311 }, // L
    { 33, 22, 482, -1, 22, 182, 4416 }, // M
    { 28, 22, 401, -1, 22, 154, 4598 }, // N
    { 24, 24, 401, 1, 23, 144, 4752 }, // O
    { 22, 22, 324, -1, 22, 121, 4896 }, // P
    { 25, 28, 401, 1, 23, 175, 5017 }, // Q
    { 23, 23, 364, -1, 22, 133, 5192 }, // R
    { 20, 24, 300, -1, 23, 120, 5325 }, // S
    { 21, 22, 335, 2, 22, 116, 5445 }, // T
    { 24, 23, 399, 3, 22, 138, 5561 }, // U
    { 24, 23, 365, 2, 22, 138, 5699 }, // V
    { 33, 23, 517, 2, 22, 190, 5837 }, // W
    { 26, 22, 360, -2, 22, 143, 6027 }, // X
    { 23, 22, 363, 2, 22, 127, 6170 }, // Y
    { 23, 22, 322, -1, 22, 127, 6297 }, // Z
    { 16, 27, 239, 1, 23, 108, 6424 }, // [
    { 17, 25, 264, 0, 22, 107, 6532 }, // <backslash>
    { 16, 27, 239, -2, 23, 108, 6639 }, // ]
    { 13, 6, 181, 1, 24, 20, 6747 }, // ^
    { 13, 3, 182, -3, -2, 10, 6767 }, // _
    { 10, 6, 226, 2, 24, 15, 6777 }, // `
    { 18, 16, 303, 1, 16, 72, 6792 }, // a
    { 17, 23, 284, 0, 23, 98, 6864 }, // b
    { 14, 16, 256, 1, 16, 56, 6962 }, // c
    { 18, 23, 302, 1, 23, 104, 7018 }, // d
    { 15, 16, 256, 1, 16, 60, 7122 }, // e
    { 21, 30, 193, -5, 23, 158, 7182 }, // f
    { 20, 23, 259, -2, 16, 115, 7340 }, // g
    { 19, 23, 301, 0, 23, 110, 7455 }, // h
    { 11, 24, 165, 0, 24, 66, 7565 }, // i
    { 16, 31, 170, -5, 24, 124, 7631 }, // j
    { 18, 23, 293, 0, 23, 104, 7755 }, // k
    { 10, 23, 163, 1, 23, 58, 7859 }, // l
    { 28, 16, 441, 0, 16, 112, 7917 }, // m
    { 19, 16, 308, 0, 16, 76, 8029 }, // n
    { 17, 16, 295, 1, 16, 68, 8105 }, // o
    { 21, 23, 288, -4, 16, 121, 8173 }, // p
    { 17, 23, 304, 1, 16, 98, 8294 }, // q
    { 16, 16, 223, 0, 16, 64, 8392 }, // r
    { 14, 16, 221, -1, 16, 56, 8456 }, // s
    { 12, 20, 184, 1, 20, 60, 8512 }, // t
    { 19, 17, 306, 0, 17, 81, 8572 }, // u
    { 17, 16, 271, 0, 16, 68, 8653 }, // v
    { 25, 16, 400, 0, 16, 100, 8721 }, // w
    { 21, 16, 307, -1, 16, 84, 8821 }, // x
    { 22, 23, 290, -3, 16, 127, 8905 }, // y
    { 18, 18, 262, -1, 17, 81, 9032 }, // z
    { 16, 27, 264, 1, 23, 108, 9113 }, // {
    { 3, 34, 212, 5, 26, 26, 9221 }, // |
    { 17, 27, 264, -1, 23, 115, 9247 }, // }
    { 23, 7, 444, 2, 13, 41, 9362 }, // ~
    { 0, 0, 0, 0, 0, 0, 9403 }, // U+007F
    { 0, 0, 0, 0, 0, 0, 0 }, // U+0080
    { 0, 0, 0, 0, 0, 0, 0 }, // U+0081
    { 0, 0, 0, 0, 0, 0, 0 }, // U+0082
    { 0, 0, 0, 0, 0, 0, 0 }, // U+0083
    { 0, 0, 0, 0, 0, 0, 0 }, // U+0084
    { 0, 0, 0, 0, 0, 0, 0 }, // U+0085
    { 0, 0, 0, 0, 0, 0, 0 }, // U+0086
    { 0, 0, 0, 0, 0, 0, 0 }, // U+0087
    { 0, 0, 0, 0, 0, 0, 0 }, // U+0088
    { 0, 0, 0, 0, 0, 0, 0 }, // U+0089
    { 0, 0, 0, 0, 0, 0, 0 }, // U+008A
    { 0, 0, 0, 0, 0, 0, 0 }, // U+008B
    { 0, 0, 0, 0, 0, 0, 0 }, // U+008C
    { 0, 0, 0, 0, 0, 0, 0 }, // U+008D
    { 0, 0, 0, 0, 0, 0, 0 }, // U+008E
    { 0, 0, 0, 0, 0, 0, 0 }, // U+008F
    { 0, 0, 0, 0, 0, 0, 0 }, // U+0090
    { 0, 0, 0, 0, 0, 0, 0 }, // U+0091
    { 0, 0, 0, 0, 0, 0, 0 }, // U+0092
    { 0, 0, 0, 0, 0, 0, 0 }, // U+0093
    { 0, 0, 0, 0, 0, 0, 0 }, // U+0094
    { 0, 0, 0, 0, 0, 0, 0 }, // U+0095
    { 0, 0, 0, 0, 0, 0, 0 }, // U+0096
    { 0, 0, 0, 0, 0, 0, 0 }, // U+0097
    { 0, 0, 0, 0, 0, 0, 0 }, // U+0098
    { 0, 0, 0, 0, 0, 0, 0 }, // U+0099
    { 0, 0, 0, 0, 0, 0, 0 }, // U+009A
    { 0, 0, 0, 0, 0, 0, 0 }, // U+009B
    { 0, 0, 0, 0, 0, 0, 0 }, // U+009C
    { 0, 0, 0, 0, 0, 0, 0 }, // U+009D
    { 0, 0, 0, 0, 0, 0, 0 }, // U+009E
    { 0, 0, 0, 0, 0, 0, 0 }, // U+009F
    { 0, 0, 134, 0, 0, 0, 0 }, // U+00A0
    { 10, 23, 181, 0, 16, 58, 0 }, // U+00A1
    { 18, 23, 319, 1, 19, 104, 58 }, // U+00A2
    { 22, 23, 319, -1, 23, 127, 162 }, // U+00A3
    { 19, 18, 325, 1, 23, 86, 289 }, // U+00A4
    { 23, 22, 319, 0, 22, 127, 375 }, // U+00A5
    { 3, 30, 184, 4, 23, 23, 502 }, // U+00A6
    { 18, 28, 288, 0, 23, 126, 525 }, // U+00A7
    { 13, 4, 186, 2, 23, 13, 651 }, // U+00A8
    { 27, 25, 446, 1, 24, 169, 664 }, // U+00A9
    { 13, 14, 197, 1, 23, 46, 833 }, // U+00AA
    { 16, 16, 220, 0, 16, 64, 879 }, // U+00AB
    { 19, 8, 331, 1, 14, 38, 943 }, // U+00AC
    { 0, 0, 0, 0, 0, 0, 981 }, // U+00AD
    { 27, 25, 446, 1, 24, 169, 981 }, // U+00AE
    { 12, 3, 181, 2, 22, 9, 1150 }, // U+00AF
    { 8, 7, 171, 1, 23, 14, 1159 }, // U+00B0
    { 21, 20, 533, 6, 20, 105, 1173 }, // U+00B1
    { 14, 14, 208, 1, 27, 49, 1278 }, // U+00B2
    { 13, 14, 208, 2, 26, 46, 1327 }, // U+00B3
    { 10, 6, 171, 4, 24, 15, 1373 }, // U+00B4
    { 20, 23, 311, -1, 16, 115, 1388 }, // U+00B5
    { 17, 24, 285, 1, 22, 102, 1503 }, // U+00B6
    { 5, 4, 100, 1, 13, 5, 1605 }, // U+00B7
    { 8, 8, 131, -2, 1, 16, 1610 }, // U+00B8
    { 9, 15, 208, 4, 27, 34, 1626 }, // U+00B9
    { 12, 14, 191, 1, 23, 42, 1660 }, // U+00BA
    { 16, 16, 220, -2, 16, 64, 1702 }, // U+00BB
    { 26, 24, 484, 2, 23, 156, 1766 }, // U+00BC
    { 27, 23, 484, 2, 23, 156, 1922 }, // U+00BD
    { 28, 24, 484, 1, 23, 168, 2078 }, // U+00BE
    { 14, 22, 278, 0, 16, 77, 2246 }, // U+00BF
    { 25, 31, 381, -2, 31, 194, 2323 }, // U+00C0
    { 25, 31, 381, -2, 31, 194, 2517 }, // U+00C1
    { 25, 31, 381, -2, 31, 194, 2711 }, // U+00C2
    { 25, 30, 381, -2, 30, 188, 2905 }, // U+00C3
    { 25, 30, 381, -2, 30, 188, 3093 }, // U+00C4
    { 25, 33, 381, -2, 33, 207, 3281 }, // U+00C5
    { 36, 22, 522, -2, 22, 198, 3488 }, // U+00C6
    { 22, 30, 358, 1, 23, 165, 3686 }, // U+00C7
    { 22, 31, 320, -1, 31, 171, 3851 }, // U+00C8
    { 22, 31, 320, -1, 31, 171, 4022 }, // U+00C9
    { 22, 31, 320, -1, 31, 171, 4193 }, // U+00CA
    { 22, 30, 320, -1, 30, 165, 4364 }, // U+00CB
    { 15, 31, 190, -1, 31, 117, 4529 }, // U+00CC
    { 16, 31, 190, -1, 31, 124, 4646 }, // U+00CD
    { 16, 31, 190, -1, 31, 124, 4770 }, // U+00CE
    { 17, 30, 190, -1, 30, 128, 4894 }, // U+00CF
    { 24, 22, 380, -1, 22, 132, 5022 }, // U+00D0
    { 28, 30, 401, -1, 30, 210, 5154 }, // U+00D1
    { 24, 32, 401, 1, 31, 192, 5364 }, // U+00D2
    { 24, 32, 401, 1, 31, 192, 5556 }, // U+00D3
    { 24, 32, 401, 1, 31, 192, 5748 }, // U+00D4
    { 24, 31, 401, 1, 30, 186, 5940 }, // U+00D5
    { 24, 31, 401, 1, 30, 186, 6126 }, // U+00D6
    { 19, 19, 533, 7, 19, 91, 6312 }, // U+00D7
    { 24, 29, 401, 1, 25, 174, 6403 }, // U+00D8
    { 24, 32, 399, 3, 31, 192, 6577 }, // U+00D9
    { 24, 32, 399, 3, 31, 192, 6769 }, // U+00DA
    { 24, 32, 399, 3, 31, 192, 6961 }, // U+00DB
    { 24, 31, 399, 3, 30, 186, 7153 }, // U+00DC
    { 23, 31, 363, 2, 31, 179, 7339 }, // U+00DD
    { 21, 22, 324, -1, 22, 116, 7518 }, // U+00DE
    { 26, 30, 319, -6, 23, 195, 7634 }, // U+00DF
    { 18, 24, 303, 1, 24, 108, 7829 }, // U+00E0
    { 18, 24, 303, 1, 24, 108, 7937 }, // U+00E1
    { 18, 24, 303, 1, 24, 108, 8045 }, // U+00E2
    { 18, 23, 303, 1, 23, 104, 8153 }, // U+00E3
    { 18, 23, 303, 1, 23, 104, 8257 }, // U+00E4
    { 18, 26, 303, 1, 26, 117, 8361 }, // U+00E5
    { 25, 16, 419, 1, 16, 100, 8478 }, // U+00E6
    { 14, 23, 256, 1, 16, 81, 8578 }, // U+00E7
    { 15, 24, 256, 1, 24, 90, 8659 }, // U+00E8
    { 16, 24, 256, 1, 24, 96, 8749 }, // U+00E9
    { 16, 24, 256, 1, 24, 96, 8845 }, // U+00EA
    { 16, 23, 256, 1, 23, 92, 8941 }, // U+00EB
    { 11, 24, 165, 0, 24, 66, 9033 }, // U+00EC
    { 13, 24, 165, 0, 24, 78, 9099 }, // U+00ED
    { 13, 24, 165, 0, 24, 78, 9177 }, // U+00EE
    { 14, 23, 165, 0, 23, 81, 9255 }, // U+00EF
    { 17, 24, 292, 1, 24, 102, 9336 }, // U+00F0
    { 19, 23, 308, 0, 23, 110, 9438 }, // U+00F1
    { 17, 24, 295, 1, 24, 102, 9548 }, // U+00F2
    { 17, 24, 295, 1, 24, 102, 9650 }, // U+00F3
    { 17, 24, 295, 1, 24, 102, 9752 }, // U+00F4
    { 17, 23, 295, 1, 23, 98, 9854 }, // U+00F5
    { 17, 23, 295, 1, 23, 98, 9952 }, // U+00F6
    { 21, 14, 533, 6, 17, 74, 10050 }, // U+00F7
    { 17, 22, 295, 1, 19, 94, 10124 }, // U+00F8
    { 19, 24, 306, 0, 24, 114, 10218 }, // U+00F9
    { 19, 24, 306, 0, 24, 114, 10332 }, // U+00FA
    { 19, 24, 306, 0, 24, 114, 10446 }, // U+00FB
    { 19, 23, 306, 0, 23, 110, 10560 }, // U+00FC
    { 22, 31, 290, -3, 24, 171, 10670 }, // U+00FD
    { 21, 30, 288, -4, 23, 158, 10841 }, // U+00FE
    { 22, 30, 290, -3, 23, 165, 10999 }, // U+00FF
    { 25, 29, 381, -2, 29, 182, 0 }, // U+0100
    { 18, 22, 303, 1, 22, 99, 182 }, // U+0101
    { 25, 30, 381, -2, 30, 188, 281 }, // U+0102
    { 18, 24, 303, 1, 24, 108, 469 }, // U+0103
    { 25, 30, 381, -2, 23, 188, 577 }, // U+0104
    { 18, 23, 303, 1, 16, 104, 765 }, // U+0105
    { 22, 32, 358, 1, 31, 176, 869 }, // U+0106
    { 16, 24, 256, 1, 24, 96, 1045 }, // U+0107
    { 22, 32, 358, 1, 31, 176, 1141 }, // U+0108
    { 16, 24, 256, 1, 24, 96, 1317 }, // U+0109
    { 22, 32, 358, 1, 31, 176, 1413 }, // U+010A
    { 14, 24, 256, 1, 24, 84, 1589 }, // U+010B
    { 22, 32, 358, 1, 31, 176, 1673 }, // U+010C
    { 17, 24, 256, 1, 24, 102, 1849 }, // U+010D
    { 24, 31, 380, -1, 31, 186, 1951 }, // U+010E
    { 24, 23, 367, 1, 23, 138, 2137 }, // U+010F
    { 24, 22, 380, -1, 22, 132, 2275 }, // U+0110
    { 20, 23, 302, 1, 23, 115, 2407 }, // U+0111
    { 22, 29, 320, -1, 29, 160, 2522 }, // U+0112
    { 16, 22, 256, 1, 22, 88, 2682 }, // U+0113
    { 22, 30, 320, -1, 30, 165, 2770 }, // U+0114
    { 16, 24, 256, 1, 24, 96, 2935 }, // U+0115
    { 22, 31, 320, -1, 31, 171, 3031 }, // U+0116
    { 15, 24, 256, 1, 24, 90, 3202 }, // U+0117
    { 22, 29, 320, -1, 22, 160, 3292 }, // U+0118
    { 15, 23, 256, 1, 16, 87, 3452 }, // U+0119
    { 22, 31, 320, -1, 31, 171, 3539 }, // U+011A
    { 17, 24, 256, 1, 24, 102, 3710 }, // U+011B
    { 23, 32, 389, 1, 31, 184, 3812 }, // U+011C
    { 20, 31, 259, -2, 24, 155, 3996 }, // U+011D
    { 23, 31, 389, 1, 30, 179, 4151 }, // U+011E
    { 20, 31, 259, -2, 24, 155, 4330 }, // U+011F
    { 23, 32, 389, 1, 31, 184, 4485 }, // U+0120
    { 20, 31, 259, -2, 24, 155, 4669 }, // U+0121
    { 23, 32, 389, 1, 23, 184, 4824 }, // U+0122
    { 20, 32, 259, -2, 25, 160, 5008 }, // U+0123
    { 28, 31, 409, -1, 31, 217, 5168 }, // U+0124
    { 19, 31, 301, 0, 31, 148, 5385 }, // U+0125
    { 28, 22, 409, -1, 22, 154, 5533 }, // U+0126
    { 19, 23, 301, 0, 23, 110, 5687 }, // U+0127
    { 17, 30, 190, -1, 30, 128, 5797 }, // U+0128
    { 14, 23, 165, 0, 23, 81, 5925 }, // U+0129
    { 15, 29, 190, -1, 29, 109, 6006 }, // U+012A
    { 12, 22, 165, 0, 22, 66, 6115 }, // U+012B
    { 16, 30, 190, -1, 30, 120, 6181 }, // U+012C
    { 14, 24, 165, 0, 24, 84, 6301 }, // U+012D
    { 15, 29, 190, -1, 22, 109, 6385 }, // U+012E
    { 11, 31, 165, 0, 24, 86, 6494 }, // U+012F
    { 15, 31, 190, -1, 31, 117, 6580 }, // U+0130
    { 11, 17, 165, 0, 17, 47, 6697 }, // U+0131
    { 31, 23, 462, -1, 22, 179, 6744 }, // U+0132
    { 21, 31, 335, 0, 24, 163, 6923 }, // U+0133
    { 21, 32, 272, -1, 31, 168, 7086 }, // U+0134
    { 18, 32, 170, -5, 24, 144, 7254 }, // U+0135
    { 26, 31, 372, -1, 22, 202, 7398 }, // U+0136
    { 18, 32, 293, 0, 23, 144, 7600 }, // U+0137
    { 18, 18, 287, 0, 17, 81, 7744 }, // U+0138
    { 19, 31, 299, -1, 31, 148, 7825 }, // U+0139
    { 14, 32, 163, 1, 32, 112, 7973 }, // U+013A
    { 19, 31, 299, -1, 22, 148, 8085 }, // U+013B
    { 12, 32, 163, -1, 23, 96, 8233 }, // U+013C
    { 21, 23, 299, -1, 23, 121, 8329 }, // U+013D
    { 15, 23, 221, 1, 23, 87, 8450 }, // U+013E
    { 24, 22, 370, -1, 22, 132, 8537 }, // U+013F
    { 14, 23, 234, 1, 23, 81, 8669 }, // U+0140
    { 19, 22, 299, -1, 22, 105, 8750 }, // U+0141
    { 14, 23, 168, -1, 23, 81, 8855 }, // U+0142
    { 28, 31, 401, -1, 31, 217, 8936 }, // U+0143
    { 19, 24, 308, 0, 24, 114, 9153 }, // U+0144
    { 28, 31, 401, -1, 22, 217, 9267 }, // U+0145
    { 19, 25, 308, 0, 16, 119, 9484 }, // U+0146
    { 28, 31, 401, -1, 31, 217, 9603 }, // U+0147
    { 19, 24, 308, 0, 24, 114, 9820 }, // U+0148
    { 26, 30, 409, -1, 23, 195, 9934 }, // U+014A
    { 18, 23, 300, 0, 16, 104, 10129 }, // U+014B
    { 24, 30, 401, 1, 29, 180, 10233 }, // U+014C
    { 17, 22, 295, 1, 22, 94, 10413 }, // U+014D
    { 24, 31, 401, 1, 30, 186, 10507 }, // U+014E
    { 17, 24, 295, 1, 24, 102, 10693 }, // U+014F
    { 25, 32, 401, 1, 31, 200, 10795 }, // U+0150
    { 21, 24, 295, 1, 24, 126, 10995 }, // U+0151
    { 35, 24, 558, 1, 23, 210, 11121 }, // U+0152
    { 25, 16, 420, 1, 16, 100, 11331 }, // U+0153
    { 23, 32, 364, -1, 31, 184, 11431 }, // U+0154
    { 16, 24, 223, 0, 24, 96, 11615 }, // U+0155
    { 23, 31, 364, -1, 22, 179, 11711 }, // U+0156
    { 18, 25, 223, -2, 16, 113, 11890 }, // U+0157
    { 23, 32, 364, -1, 31, 184, 12003 }, // U+0158
    { 16, 24, 223, 0, 24, 96, 12187 }, // U+0159
    { 20, 32, 300, -1, 31, 160, 12283 }, // U+015A
    { 16, 24, 221, -1, 24, 96, 12443 }, // U+015B
    { 20, 32, 300, -1, 31, 160, 12539 }, // U+015C
    { 16, 24, 221, -1, 24, 96, 12699 }, // U+015D
    { 20, 30, 300, -1, 23, 150, 12795 }, // U+015E
    { 14, 23, 221, -1, 16, 81, 12945 }, // U+015F
    { 21, 32, 300, -1, 31, 168, 13026 }, // U+0160
    { 17, 24, 221, -1, 24, 102, 13194 }, // U+0161
    { 21, 29, 335, 2, 22, 153, 13296 }, // U+0162
    { 13, 27, 184, 0, 20, 88, 13449 }, // U+0163
    { 21, 31, 335, 2, 31, 163, 13537 }, // U+0164
    { 15, 23, 210, 1, 23, 87, 13700 }, // U+0165
    { 21, 22, 335, 2, 22, 116, 13787 }, // U+0166
    { 13, 20, 184, 0, 20, 65, 13903 }, // U+0167
    { 24, 31, 399, 3, 30, 186, 13968 }, // U+0168
    { 19, 23, 306, 0, 23, 110, 14154 }, // U+0169
    { 24, 30, 399, 3, 29, 180, 14264 }, // U+016A
    { 19, 22, 306, 0, 22, 105, 14444 }, // U+016B
    { 24, 31, 399, 3, 30, 186, 14549 }, // U+016C
    { 19, 24, 306, 0, 24, 114, 14735 }, // U+016D
    { 24, 34, 399, 3, 33, 204, 14849 }, // U+016E
    { 19, 26, 306, 0, 26, 124, 15053 }, // U+016F
    { 24, 32, 399, 3, 31, 192, 15177 }, // U+0170
    { 23, 24, 306, 0, 24, 138, 15369 }, // U+0171
    { 24, 29, 399, 3, 22, 174, 15507 }, // U+0172
    { 19, 24, 306, 0, 17, 114, 15681 }, // U+0173
    { 33, 32, 517, 2, 31, 264, 15795 }, // U+0174
    { 25, 24, 400, 0, 24, 150, 16059 }, // U+0175
    { 23, 31, 363, 2, 31, 179, 16209 }, // U+0176
    { 22, 31, 290, -3, 24, 171, 16388 }, // U+0177
    { 23, 30, 363, 2, 30, 173, 16559 }, // U+0178
    { 23, 31, 322, -1, 31, 179, 16732 }, // U+0179
    { 18, 25, 262, -1, 24, 113, 16911 }, // U+017A
    { 23, 31, 322, -1, 31, 179, 17024 }, // U+017B
    { 18, 25, 262, -1, 24, 113, 17203 }, // U+017C
    { 23, 31, 322, -1, 31, 179, 17316 }, // U+017D
    { 18, 25, 262, -1, 24, 113, 17495 }, // U+017E
    { 21, 30, 193, -5, 23, 158, 17608 }, // U+017F
    { 28, 28, 430, 1, 27, 196, 0 }, // U+01A0
    { 21, 19, 346, 1, 19, 100, 196 }, // U+01A1
    { 29, 29, 467, 3, 28, 211, 296 }, // U+01AF
    { 24, 21, 364, 0, 21, 126, 507 }, // U+01B0
    { 46, 31, 702, -1, 31, 357, 633 }, // U+01C4
    { 41, 25, 642, -1, 24, 257, 990 }, // U+01C5
    { 35, 25, 564, 1, 24, 219, 1247 }, // U+01C6
    { 38, 23, 570, -1, 22, 219, 1466 }, // U+01C7
    { 30, 31, 468, -1, 24, 233, 1685 }, // U+01C8
    { 20, 31, 333, 1, 24, 155, 1918 }, // U+01C9
    { 44, 23, 673, -1, 22, 253, 2073 }, // U+01CA
    { 37, 31, 571, -1, 24, 287, 2326 }, // U+01CB
    { 30, 31, 478, 0, 24, 233, 2613 }, // U+01CC
    { 25, 31, 381, -2, 31, 194, 2846 }, // U+01CD
    { 18, 24, 303, 1, 24, 108, 3040 }, // U+01CE
    { 17, 31, 190, -1, 31, 132, 3148 }, // U+01CF
    { 14, 24, 165, 0, 24, 84, 3280 }, // U+01D0
    { 24, 32, 401, 1, 31, 192, 3364 }, // U+01D1
    { 17, 24, 295, 1, 24, 102, 3556 }, // U+01D2
    { 24, 32, 399, 3, 31, 192, 3658 }, // U+01D3
    { 19, 24, 306, 0, 24, 114, 3850 }, // U+01D4
    { 24, 37, 399, 3, 36, 222, 3964 }, // U+01D5
    { 20, 30, 306, 0, 30, 150, 4186 }, // U+01D6
    { 24, 39, 399, 3, 38, 234, 4336 }, // U+01D7
    { 19, 32, 306, 0, 32, 152, 4570 }, // U+01D8
    { 24, 39, 399, 3, 38, 234, 4722 }, // U+01D9
    { 20, 32, 306, 0, 32, 160, 4956 }, // U+01DA
    { 24, 39, 399, 3, 38, 234, 5116 }, // U+01DB
    { 19, 32, 306, 0, 32, 152, 5350 }, // U+01DC
    { 15, 16, 256, 0, 16, 60, 5502 }, // U+01DD
    { 25, 36, 381, -2, 36, 225, 5562 }, // U+01DE
    { 19, 29, 303, 1, 29, 138, 5787 }, // U+01DF
    { 25, 35, 381, -2, 35, 219, 5925 }, // U+01E0
    { 19, 29, 303, 1, 29, 138, 6144 }, // U+01E1
    { 36, 29, 522, -2, 29, 261, 6282 }, // U+01E2
    { 25, 22, 419, 1, 22, 138, 6543 }, // U+01E3
    { 23, 24, 389, 1, 23, 138, 6681 }, // U+01E4
    { 20, 23, 289, -1, 16, 115, 6819 }, // U+01E5
    { 23, 32, 389, 1, 31, 184, 6934 }, // U+01E6
    { 20, 31, 259, -2, 24, 155, 7118 }, // U+01E7
    { 26, 32, 372, -1, 31, 208, 7273 }, // U+01E8
    { 19, 32, 293, 0, 32, 152, 7481 }, // U+01E9
    { 24, 30, 401, 1, 23, 180, 7633 }, // U+01EA
    { 17, 23, 295, 1, 16, 98, 7813 }, // U+01EB
    { 24, 36, 401, 1, 29, 216, 7911 }, // U+01EC
    { 17, 29, 295, 1, 22, 124, 8127 }, // U+01ED
    { 24, 38, 328, -3, 31, 228, 8251 }, // U+01EE
    { 21, 31, 275, -2, 24, 163, 8479 }, // U+01EF
    { 19, 32, 170, -5, 24, 152, 8642 }, // U+01F0
    { 46, 22, 702, -1, 22, 253, 8794 }, // U+01F1
    { 41, 23, 642, -1, 22, 236, 9047 }, // U+01F2
    { 35, 24, 564, 1, 23, 210, 9283 }, // U+01F3
    { 23, 32, 389, 1, 31, 184, 9493 }, // U+01F4
    { 20, 31, 259, -2, 24, 155, 9677 }, // U+01F5
    { 36, 23, 581, -2, 22, 207, 9832 }, // U+01F6
    { 24, 30, 330, -3, 23, 180, 10039 }, // U+01F7
    { 28, 31, 401, -1, 31, 217, 10219 }, // U+01F8
    { 19, 24, 308, 0, 24, 114, 10436 }, // U+01F9
    { 25, 40, 381, -2, 40, 250, 10550 }, // U+01FA
    { 18, 34, 303, 1, 34, 153, 10800 }, // U+01FB
    { 36, 31, 522, -2, 31, 279, 10953 }, // U+01FC
    { 25, 24, 419, 1, 24, 150, 11232 }, // U+01FD
    { 24, 35, 401, 1, 31, 210, 11382 }, // U+01FE
    { 17, 27, 295, 1, 24, 115, 11592 }, // U+01FF
    { 25, 31, 381, -2, 31, 194, 11707 }, // U+0200
    { 18, 24, 303, 1, 24, 108, 11901 }, // U+0201
    { 25, 30, 381, -2, 30, 188, 12009 }, // U+0202
    { 18, 23, 303, 1, 23, 104, 12197 }, // U+0203
    { 22, 31, 320, -1, 31, 171, 12301 }, // U+0204
    { 17, 24, 256, 1, 24, 102, 12472 }, // U+0205
    { 22, 30, 320, -1, 30, 165, 12574 }, // U+0206
    { 15, 23, 256, 1, 23, 87, 12739 }, // U+0207
    { 17, 31, 190, -1, 31, 132, 12826 }, // U+0208
    { 16, 24, 165, -2, 24, 96, 12958 }, // U+0209
    { 15, 30, 190, -1, 30, 113, 13054 }, // U+020A
    { 13, 23, 165, 0, 23, 75, 13167 }, // U+020B
    { 24, 32, 401, 1, 31, 192, 13242 }, // U+020C
    { 17, 24, 295, 1, 24, 102, 13434 }, // U+020D
    { 24, 31, 401, 1, 30, 186, 13536 }, // U+020E
    { 17, 23, 295, 1, 23, 98, 13722 }, // U+020F
    { 23, 32, 364, -1, 31, 184, 13820 }, // U+0210
    { 16, 24, 223, 0, 24, 96, 14004 }, // U+0211
    { 23, 31, 364, -1, 30, 179, 14100 }, // U+0212
    { 16, 23, 223, 0, 23, 92, 14279 }, // U+0213
    { 24, 32, 399, 3, 31, 192, 14371 }, // U+0214
    { 19, 24, 306, 0, 24, 114, 14563 }, // U+0215
    { 24, 31, 399, 3, 30, 186, 14677 }, // U+0216
    { 19, 23, 306, 0, 23, 110, 14863 }, // U+0217
    { 20, 32, 300, -1, 23, 160, 14973 }, // U+0218
    { 14, 25, 221, -1, 16, 88, 15133 }, // U+0219
    { 21, 31, 335, 2, 22, 163, 15221 }, // U+021A
    { 13, 29, 184, 0, 20, 95, 15384 }, // U+021B
    { 19, 28, 298, -1, 23, 133, 15479 }, // U+021C
    { 16, 24, 227, -2, 16, 96, 15612 }, // U+021D
    { 28, 31, 409, -1, 31, 217, 15708 }, // U+021E
    { 20, 32, 301, 0, 32, 160, 15925 }, // U+021F
    { 9, 6, 0, -12, 24, 14, 0 }, // U+0300
    { 9, 6, 0, -10, 24, 14, 14 }, // U+0301
    { 12, 6, 0, -13, 24, 18, 28 }, // U+0302
    { 13, 4, 0, -13, 23, 13, 46 }, // U+0303
    { 13, 3, 0, -13, 22, 10, 59 }, // U+0304
    { 24, 3, 0, -18, 26, 18, 69 }, // U+0305
    { 12, 6, 0, -12, 24, 18, 87 }, // U+0306
    { 5, 5, 0, -9, 24, 7, 105 }, // U+0307
    { 13, 4, 0, -13, 23, 13, 112 }, // U+0308
    { 6, 7, 0, -9, 25, 11, 125 }, // U+0309
    { 10, 8, 0, -11, 26, 20, 136 }, // U+030A
    { 17, 6, 0, -13, 24, 26, 156 }, // U+030B
    { 12, 6, 0, -12, 24, 18, 182 }, // U+030C
    { 5, 6, 0, -9, 24, 8, 200 }, // U+030D
    { 9, 6, 0, -11, 24, 14, 208 }, // U+030E
    { 16, 6, 0, -16, 24, 24, 222 }, // U+030F
    { 12, 10, 0, -12, 28, 30, 246 }, // U+0310
    { 12, 6, 0, -13, 23, 18, 276 }, // U+0311
    { 7, 7, 0, -10, 25, 13, 294 }, // U+0312
    { 7, 7, 0, -10, 25, 13, 307 }, // U+0313
    { 7, 11, 0, -10, 28, 20, 320 }, // U+0314
    { 6, 7, 82, 2, 28, 11, 340 }, // U+0315
    { 10, 6, 0, -17, -2, 15, 351 }, // U+0316
    { 10, 6, 0, -17, -2, 15, 366 }, // U+0317
    { 7, 6, 0, -15, -2, 11, 381 }, // U+0318
    { 6, 6, 0, -15, -2, 9, 392 }, // U+0319
    { 8, 8, 147, 3, 23, 16, 401 }, // U+031A
    { 7, 10, 62, -3, 21, 18, 417 }, // U+031B
    { 5, 7, 0, -14, -2, 9, 435 }, // U+031C
    { 8, 5, 0, -16, -1, 10, 444 }, // U+031D
    { 7, 5, 0, -15, -2, 9, 454 }, // U+031E
    { 8, 6, 0, -16, -2, 12, 463 }, // U+031F
    { 9, 2, 0, -16, -2, 5, 475 }, // U+0320
    { 11, 8, 0, -11, 1, 22, 480 }, // U+0321
    { 10, 9, 0, -4, 1, 23, 502 }, // U+0322
    { 6, 5, 0, -15, -2, 8, 525 }, // U+0323
    { 12, 4, 0, -18, -3, 12, 533 }, // U+0324
    { 10, 8, 0, -17, -2, 20, 545 }, // U+0325
    { 6, 7, 0, -15, -2, 11, 565 }, // U+0326
    { 8, 8, 0, -15, 1, 16, 576 }, // U+0327
    { 7, 7, 0, -14, 0, 13, 592 }, // U+0328
    { 4, 6, 0, -14, -2, 6, 605 }, // U+0329
    { 10, 5, 0, -17, -2, 13, 611 }, // U+032A
    { 12, 6, 0, -18, -2, 18, 624 }, // U+032B
    { 12, 6, 0, -17, -1, 18, 642 }, // U+032C
    { 13, 7, 0, -19, -2, 23, 660 }, // U+032D
    { 11, 6, 0, -17, -1, 17, 683 }, // U+032E
    { 12, 6, 0, -18, -2, 18, 700 }, // U+032F
    { 13, 4, 0, -18, -3, 13, 718 }, // U+0330
    { 13, 3, 0, -18, -2, 10, 731 }, // U+0331
    { 24, 3, 0, -24, -2, 18, 741 }, // U+0332
    { 25, 7, 0, -25, -3, 44, 759 }, // U+0333
    { 14, 4, 0, -16, 10, 14, 803 }, // U+0334
    { 12, 2, 0, -15, 9, 6, 817 }, // U+0335
    { 20, 2, 0, -19, 9, 10, 823 }, // U+0336
    { 16, 23, 0, -17, 19, 92, 833 }, // U+0337
    { 18, 27, 0, -18, 21, 122, 925 }, // U+0338
    { 6, 7, 0, -15, -2, 11, 1047 }, // U+0339
    { 10, 5, 0, -17, -2, 13, 1058 }, // U+033A
    { 12, 7, 0, -18, -2, 21, 1071 }, // U+033B
    { 12, 4, 0, -18, -2, 12, 1092 }, // U+033C
    { 11, 6, 0, -12, 24, 17, 1104 }, // U+033D
    { 8, 13, 0, -10, 30, 26, 1121 }, // U+033E
    { 25, 7, 0, -19, 26, 44, 1147 }, // U+033F
    { 10, 6, 0, -12, 23, 15, 1191 }, // U+0346
    { 16, 7, 0, -20, -3, 28, 1206 }, // U+0347
    { 9, 6, 0, -16, -2, 14, 1234 }, // U+0348
    { 8, 8, 0, -15, -2, 16, 1248 }, // U+0349
    { 15, 8, 0, -14, 25, 30, 1264 }, // U+034A
    { 14, 8, 0, -13, 26, 28, 1294 }, // U+034B
    { 16, 9, 0, -14, 26, 36, 1322 }, // U+034C
    { 11, 5, 0, -17, -1, 14, 1358 }, // U+034D
    { 6, 7, 0, -15, -2, 11, 1372 }, // U+034E
    { 0, 0, 0, 0, 0, 0, 1383 }, // U+034F
    { 15, 11, 0, -13, 30, 42, 1383 }, // U+0350
    { 6, 8, 0, -9, 27, 12, 1425 }, // U+0351
    { 11, 9, 0, -12, 26, 25, 1437 }, // U+0352
    { 8, 8, 0, -16, -2, 16, 1462 }, // U+0353
    { 15, 11, 0, -20, -2, 42, 1478 }, // U+0354
    { 15, 11, 0, -19, -1, 42, 1520 }, // U+0355
    { 27, 13, 0, -25, -1, 88, 1562 }, // U+0356
    { 5, 8, 0, -9, 27, 10, 1650 }, // U+0357
    { 6, 5, 86, 1, 24, 8, 1660 }, // U+0358
    { 10, 9, 0, -17, -1, 23, 1668 }, // U+0359
    { 16, 8, 0, -20, -2, 32, 1691 }, // U+035A
    { 7, 7, 0, -10, 25, 13, 1723 }, // U+035B
    { 26, 6, 0, -16, -8, 39, 1736 }, // U+035C
    { 26, 7, 0, -8, 33, 46, 1775 }, // U+035D
    { 24, 3, 0, -8, 30, 18, 1821 }, // U+035E
    { 24, 3, 0, -16, -10, 18, 1839 }, // U+035F
    { 31, 7, 0, -12, 32, 55, 1857 }, // U+0360
    { 25, 6, 0, -9, 31, 38, 1912 }, // U+0361
    { 31, 11, 0, -19, -7, 86, 1950 }, // U+0362
    { 12, 9, 0, -13, 27, 27, 2036 }, // U+0363
    { 9, 9, 0, -11, 27, 21, 2063 }, // U+0364
    { 7, 14, 0, -10, 32, 25, 2084 }, // U+0365
    { 11, 9, 0, -12, 27, 25, 2109 }, // U+0366
    { 12, 11, 0, -12, 28, 33, 2134 }, // U+0367
    { 9, 11, 0, -11, 28, 25, 2167 }, // U+0368
    { 12, 14, 0, -13, 32, 42, 2192 }, // U+0369
    { 12, 14, 0, -13, 32, 42, 2234 }, // U+036A
    { 17, 10, 0, -15, 28, 43, 2276 }, // U+036B
    { 10, 10, 0, -11, 27, 25, 2319 }, // U+036C
    { 8, 11, 0, -10, 29, 22, 2344 }, // U+036D
    { 11, 9, 0, -11, 27, 25, 2366 }, // U+036E
    { 13, 10, 0, -13, 28, 33, 2391 }, // U+036F
    { 23, 24, 333, -2, 24, 138, 0 }, // U+03BB
    { 22, 31, 320, -1, 31, 171, 0 }, // U+0400
    { 22, 30, 320, -1, 30, 165, 171 }, // U+0401
    { 23, 24, 400, 1, 23, 138, 336 }, // U+0402
    { 22, 31, 302, -1, 31, 171, 474 }, // U+0403
    { 22, 24, 357, 1, 23, 132, 645 }, // U+0404
    { 20, 24, 300, -1, 23, 120, 777 }, // U+0405
    { 15, 22, 190, -1, 22, 83, 897 }, // U+0406
    { 17, 30, 190, -1, 30, 128, 980 }, // U+0407
    { 20, 23, 272, -1, 22, 115, 1108 }, // U+0408
    { 34, 24, 508, -3, 23, 204, 1223 }, // U+0409
    { 32, 23, 513, -1, 23, 184, 1427 }, // U+040A
    { 22, 23, 401, 1, 23, 127, 1611 }, // U+040B
    { 26, 31, 361, -1, 31, 202, 1738 }, // U+040C
    { 28, 31, 400, -1, 31, 217, 1940 }, // U+040D
    { 25, 33, 388, 2, 32, 207, 2157 }, // U+040E
    { 28, 30, 407, -1, 23, 210, 2364 }, // U+040F
    { 25, 23, 381, -2, 23, 144, 2574 }, // U+0410
    { 21, 23, 338, -1, 23, 121, 2718 }, // U+0411
    { 22, 23, 346, -1, 23, 127, 2839 }, // U+0412
    { 22, 23, 302, -1, 23, 127, 2966 }, // U+0413
    { 29, 30, 395, -3, 23, 218, 3093 }, // U+0414
    { 22, 23, 320, -1, 23, 127, 3311 }, // U+0415
    { 36, 23, 514, -2, 23, 207, 3438 }, // U+0416
    { 20, 24, 301, -1, 23, 120, 3645 }, // U+0417
    { 28, 23, 400, -1, 23, 161, 3765 }, // U+0418
    { 28, 32, 400, -1, 32, 224, 3926 }, // U+0419
    { 26, 23, 361, -1, 23, 150, 4150 }, // U+041A
    { 28, 24, 390, -2, 23, 168, 4300 }, // U+041B
    { 33, 23, 482, -1, 23, 190, 4468 }, // U+041C
    { 28, 23, 409, -1, 23, 161, 4658 }, // U+041D
    { 24, 24, 401, 1, 23, 144, 4819 }, // U+041E
    { 28, 23, 407, -1, 23, 161, 4963 }, // U+041F
    { 22, 23, 324, -1, 23, 127, 5124 }, // U+0420
    { 22, 24, 358, 1, 23, 132, 5251 }, // U+0421
    { 21, 23, 335, 2, 23, 121, 5383 }, // U+0422
    { 25, 24, 388, 2, 23, 150, 5504 }, // U+0423
    { 27, 23, 456, 1, 23, 156, 5654 }, // U+0424
    { 26, 23, 360, -2, 23, 150, 5810 }, // U+0425
    { 28, 30, 407, -1, 23, 210, 5960 }, // U+0426
    { 22, 23, 359, 2, 23, 127, 6170 }, // U+0427
    { 36, 23, 537, -1, 23, 207, 6297 }, // U+0428
    { 36, 30, 537, -1, 23, 270, 6504 }, // U+0429
    { 21, 23, 377, 1, 23, 121, 6774 }, // U+042A
    { 34, 23, 487, -1, 23, 196, 6895 }, // U+042B
    { 20, 23, 324, -1, 23, 115, 7091 }, // U+042C
    { 22, 24, 358, 0, 23, 132, 7206 }, // U+042D
    { 35, 24, 544, -1, 23, 210, 7338 }, // U+042E
    { 27, 24, 375, -2, 23, 162, 7548 }, // U+042F
    { 18, 18, 303, 1, 17, 81, 7710 }, // U+0430
    { 20, 25, 300, 0, 24, 125, 7791 }, // U+0431
    { 18, 18, 294, 0, 17, 81, 7916 }, // U+0432
    { 16, 18, 248, 0, 17, 72, 7997 }, // U+0433
    { 17, 26, 285, 0, 25, 111, 8069 }, // U+0434
    { 15, 18, 256, 1, 17, 68, 8180 }, // U+0435
    { 31, 18, 511, 0, 17, 140, 8248 }, // U+0436
    { 16, 18, 256, -1, 17, 72, 8388 }, // U+0437
    { 19, 18, 306, 0, 17, 86, 8460 }, // U+0438
    { 19, 25, 306, 0, 24, 119, 8546 }, // U+0439
    { 18, 18, 287, 0, 17, 81, 8665 }, // U+043A
    { 23, 17, 330, -2, 16, 98, 8746 }, // U+043B
    { 27, 18, 392, -2, 17, 122, 8844 }, // U+043C
    { 19, 18, 307, 0, 17, 86, 8966 }, // U+043D
    { 17, 18, 295, 1, 17, 77, 9052 }, // U+043E
    { 19, 18, 308, 0, 17, 86, 9129 }, // U+043F
    { 21, 25, 288, -4, 17, 132, 9215 }, // U+0440
    { 14, 18, 256, 1, 17, 63, 9347 }, // U+0441
    { 28, 18, 441, 0, 17, 126, 9410 }, // U+0442
    { 22, 25, 290, -3, 17, 138, 9536 }, // U+0443
    { 25, 33, 411, 0, 25, 207, 9674 }, // U+0444
    { 21, 18, 307, -1, 17, 95, 9881 }, // U+0445
    { 19, 25, 306, 0, 17, 119, 9976 }, // U+0446
    { 17, 18, 267, 0, 17, 77, 10095 }, // U+0447
    { 27, 18, 435, 0, 17, 122, 10172 }, // U+0448
    { 27, 25, 435, 0, 17, 169, 10294 }, // U+0449
    { 18, 18, 301, 0, 17, 81, 10463 }, // U+044A
    { 24, 18, 375, 0, 17, 108, 10544 }, // U+044B
    { 15, 18, 253, 0, 17, 68, 10652 }, // U+044C
    { 17, 18, 265, -1, 17, 77, 10720 }, // U+044D
    { 26, 18, 416, -1, 17, 117, 10797 }, // U+044E
    { 20, 18, 275, -3, 17, 90, 10914 }, // U+044F
    { 15, 25, 256, 1, 24, 94, 11004 }, // U+0450
    { 16, 24, 256, 1, 23, 96, 11098 }, // U+0451
    { 19, 31, 315, 0, 25, 148, 11194 }, // U+0452
    { 16, 25, 248, 0, 24, 100, 11342 }, // U+0453
    { 17, 18, 265, 0, 17, 77, 11442 }, // U+0454
    { 14, 18, 221, -1, 17, 63, 11519 }, // U+0455
    { 11, 24, 165, 0, 24, 66, 11582 }, // U+0456
    { 14, 23, 165, 0, 23, 81, 11648 }, // U+0457
    { 16, 31, 170, -5, 24, 124, 11729 }, // U+0458
    { 25, 18, 377, -2, 17, 113, 11853 }, // U+0459
    { 24, 18, 395, 0, 17, 108, 11966 }, // U+045A
    { 19, 26, 301, 0, 25, 124, 12074 }, // U+045B
    { 18, 25, 287, 0, 24, 113, 12198 }, // U+045C
    { 19, 25, 306, 0, 24, 119, 12311 }, // U+045D
    { 22, 32, 290, -3, 24, 176, 12430 }, // U+045E
    { 19, 25, 306, 0, 17, 119, 12606 }, // U+045F
    { 22, 23, 383, 1, 23, 127, 12725 }, // U+0462
    { 23, 18, 382, 0, 17, 104, 12852 }, // U+0463
    { 24, 24, 408, 1, 23, 144, 12956 }, // U+0472
    { 19, 18, 311, 0, 17, 86, 13100 }, // U+0473
    { 27, 25, 390, 2, 24, 169, 13186 }, // U+0474
    { 22, 17, 321, 0, 17, 94, 13355 }, // U+0475
    { 28, 38, 400, -1, 32, 266, 13449 }, // U+048A
    { 19, 29, 306, 0, 24, 138, 13715 }, // U+048B
    { 20, 26, 324, -1, 26, 130, 13853 }, // U+048C
    { 15, 20, 253, 0, 19, 75, 13983 }, // U+048D
    { 22, 23, 297, -1, 23, 127, 14058 }, // U+048E
    { 21, 25, 288, -4, 17, 132, 14185 }, // U+048F
    { 21, 27, 276, -1, 27, 142, 14317 }, // U+0490
    { 15, 20, 214, 0, 20, 75, 14459 }, // U+0491
    { 22, 23, 302, -1, 23, 127, 14534 }, // U+0492
    { 16, 18, 248, 0, 17, 72, 14661 }, // U+0493
    { 21, 30, 343, -1, 23, 158, 14733 }, // U+0494
    { 16, 24, 267, 1, 17, 96, 14891 }, // U+0495
    { 36, 30, 514, -2, 23, 270, 14987 }, // U+0496
    { 31, 25, 511, 0, 17, 194, 15257 }, // U+0497
    { 20, 30, 301, -1, 23, 150, 15451 }, // U+0498
    { 16, 24, 256, -1, 17, 96, 15601 }, // U+0499
    { 26, 30, 361, -1, 23, 195, 15697 }, // U+049A
    { 18, 25, 287, 0, 17, 113, 15892 }, // U+049B
    { 27, 23, 387, -1, 23, 156, 16005 }, // U+049C
    { 20, 18, 312, 0, 17, 90, 16161 }, // U+049D
    { 26, 23, 361, -1, 23, 150, 16251 }, // U+049E
    { 18, 26, 287, 0, 25, 117, 16401 }, // U+049F
    { 27, 23, 421, 2, 23, 156, 16518 }, // U+04A0
    { 20, 18, 340, 1, 17, 90, 16674 }, // U+04A1
    { 28, 30, 409, -1, 23, 210, 16764 }, // U+04A2
    { 19, 25, 307, 0, 17, 119, 16974 }, // U+04A3
    { 33, 23, 470, -1, 23, 190, 17093 }, // U+04A4
    { 23, 18, 370, 0, 17, 104, 17283 }, // U+04A5
    { 33, 30, 521, -1, 23, 248, 17387 }, // U+04A6
    { 26, 24, 431, 0, 17, 156, 17635 }, // U+04A7
    { 26, 24, 411, 1, 23, 156, 17791 }, // U+04A8
    { 21, 18, 353, 0, 17, 95, 17947 }, // U+04A9
    { 22, 30, 358, 1, 23, 165, 18042 }, // U+04AA
    { 14, 24, 256, 1, 17, 84, 18207 }, // U+04AB
    { 21, 30, 335, 2, 23, 158, 18291 }, // U+04AC
    { 28, 25, 441, 0, 17, 175, 18449 }, // U+04AD
    { 23, 23, 363, 2, 23, 133, 18624 }, // U+04AE
    { 19, 25, 290, 0, 18, 119, 18757 }, // U+04AF
    { 23, 23, 363, 2, 23, 133, 18876 }, // U+04B0
    { 19, 24, 290, 0, 17, 114, 19009 }, // U+04B1
    { 26, 30, 360, -2, 23, 195, 19123 }, // U+04B2
    { 21, 25, 307, -1, 17, 132, 19318 }, // U+04B3
    { 30, 30, 485, 2, 23, 225, 19450 }, // U+04B4
    { 19, 31, 306, 0, 23, 148, 19675 }, // U+04B5
    { 22, 30, 359, 2, 23, 165, 19823 }, // U+04B6
    { 17, 24, 267, 0, 17, 102, 19988 }, // U+04B7
    { 22, 23, 365, 2, 23, 127, 20090 }, // U+04B8
    { 19, 18, 293, 0, 17, 86, 20217 }, // U+04B9
    { 22, 23, 356, -1, 23, 127, 20303 }, // U+04BA
    { 19, 23, 301, 0, 23, 110, 20430 }, // U+04BB
    { 28, 24, 439, 0, 23, 168, 20540 }, // U+04BC
    { 20, 18, 328, 0, 17, 90, 20708 }, // U+04BD
    { 28, 30, 439, 0, 23, 210, 20798 }, // U+04BE
    { 20, 25, 328, 0, 17, 125, 21008 }, // U+04BF
    { 15, 22, 190, -1, 22, 83, 21133 }, // U+04C0
    { 36, 32, 514, -2, 32, 288, 21216 }, // U+04C1
    { 31, 25, 511, 0, 24, 194, 21504 }, // U+04C2
    { 26, 30, 361, -1, 23, 195, 21698 }, // U+04C3
    { 18, 24, 287, 0, 17, 108, 21893 }, // U+04C4
    { 28, 29, 390, -2, 23, 203, 22001 }, // U+04C5
    { 23, 21, 330, -2, 16, 121, 22204 }, // U+04C6
    { 28, 30, 409, -1, 23, 210, 22325 }, // U+04C7
    { 18, 24, 303, 0, 17, 108, 22535 }, // U+04C8
    { 28, 29, 383, -1, 23, 203, 22643 }, // U+04C9
    { 19, 22, 307, 0, 17, 105, 22846 }, // U+04CA
    { 22, 30, 359, 2, 23, 165, 22951 }, // U+04CB
    { 16, 22, 267, 0, 17, 88, 23116 }, // U+04CC
    { 33, 29, 475, -1, 23, 240, 23204 }, // U+04CD
    { 27, 22, 392, -2, 17, 149, 23444 }, // U+04CE
    { 15, 24, 180, -1, 24, 90, 23593 }, // U+04CF
    { 25, 32, 381, -2, 32, 200, 23683 }, // U+04D0
    { 18, 25, 303, 1, 24, 113, 23883 }, // U+04D1
    { 25, 30, 381, -2, 30, 188, 23996 }, // U+04D2
    { 18, 24, 303, 1, 23, 108, 24184 }, // U+04D3
    { 36, 22, 522, -2, 22, 198, 24292 }, // U+04D4
    { 25, 16, 419, 1, 16, 100, 24490 }, // U+04D5
    { 22, 32, 320, -1, 32, 176, 24590 }, // U+04D6
    { 16, 25, 256, 1, 24, 100, 24766 }, // U+04D7
    { 22, 24, 362, 1, 23, 132, 24866 }, // U+04D8
    { 15, 16, 256, 0, 16, 60, 24998 }, // U+04D9
    { 22, 31, 362, 1, 30, 171, 25058 }, // U+04DA
    { 16, 23, 256, 0, 23, 92, 25229 }, // U+04DB
    { 36, 30, 514, -2, 30, 270, 25321 }, // U+04DC
    { 31, 24, 511, 0, 23, 186, 25591 }, // U+04DD
    { 20, 31, 301, -1, 30, 155, 25777 }, // U+04DE
    { 17, 24, 256, -1, 23, 102, 25932 }, // U+04DF
    { 22, 24, 328, 0, 23, 132, 26034 }, // U+04E0
    { 21, 24, 275, -2, 17, 126, 26166 }, // U+04E1
    { 28, 29, 400, -1, 29, 203, 26292 }, // U+04E2
    { 19, 23, 306, 0, 22, 110, 26495 }, // U+04E3
    { 28, 30, 400, -1, 30, 210, 26605 }, // U+04E4
    { 19, 24, 306, 0, 23, 114, 26815 }, // U+04E5
    { 24, 31, 401, 1, 30, 186, 26929 }, // U+04E6
    { 17, 24, 295, 1, 23, 102, 27115 }, // U+04E7
    { 24, 24, 401, 1, 23, 144, 27217 }, // U+04E8
    { 17, 16, 295, 1, 16, 68, 27361 }, // U+04E9
    { 24, 31, 401, 1, 30, 186, 27429 }, // U+04EA
    { 17, 23, 295, 1, 23, 98, 27615 }, // U+04EB
    { 22, 31, 358, 0, 30, 171, 27713 }, // U+04EC
    { 17, 24, 265, -1, 23, 102, 27884 }, // U+04ED
    { 25, 30, 388, 2, 29, 188, 27986 }, // U+04EE
    { 22, 30, 290, -3, 22, 165, 28174 }, // U+04EF
    { 25, 31, 388, 2, 30, 194, 28339 }, // U+04F0
    { 22, 31, 290, -3, 23, 171, 28533 }, // U+04F1
    { 25, 32, 388, 2, 31, 200, 28704 }, // U+04F2
    { 25, 32, 290, -3, 24, 200, 28904 }, // U+04F3
    { 22, 30, 359, 2, 30, 165, 29104 }, // U+04F4
    { 17, 24, 267, 0, 23, 102, 29269 }, // U+04F5
    { 22, 30, 302, -1, 23, 165, 29371 }, // U+04F6
    { 16, 25, 248, 0, 17, 100, 29536 }, // U+04F7
    { 34, 30, 487, -1, 30, 255, 29636 }, // U+04F8
    { 24, 24, 375, 0, 23, 144, 29891 }, // U+04F9
    { 22, 31, 302, -1, 23, 171, 30035 }, // U+04FA
    { 16, 25, 248, 0, 17, 100, 30206 }, // U+04FB
    { 26, 30, 360, -2, 23, 195, 30306 }, // U+04FC
    { 21, 24, 307, -1, 17, 126, 30501 }, // U+04FD
    { 26, 23, 360, -2, 23, 150, 30627 }, // U+04FE
    { 21, 18, 307, -1, 17, 95, 30777 }, // U+04FF
    { 25, 30, 381, -2, 23, 188, 0 }, // U+1EA0
    { 18, 23, 303, 1, 16, 104, 188 }, // U+1EA1
    { 25, 32, 381, -2, 32, 200, 292 }, // U+1EA2
    { 18, 25, 303, 1, 25, 113, 492 }, // U+1EA3
    { 25, 37, 381, -2, 37, 232, 605 }, // U+1EA4
    { 18, 31, 303, 1, 31, 140, 837 }, // U+1EA5
    { 25, 37, 381, -2, 37, 232, 977 }, // U+1EA6
    { 18, 31, 303, 1, 31, 140, 1209 }, // U+1EA7
    { 25, 38, 381, -2, 38, 238, 1349 }, // U+1EA8
    { 18, 32, 303, 1, 32, 144, 1587 }, // U+1EA9
    { 25, 36, 381, -2, 36, 225, 1731 }, // U+1EAA
    { 19, 30, 303, 1, 30, 143, 1956 }, // U+1EAB
    { 25, 38, 381, -2, 31, 238, 2099 }, // U+1EAC
    { 18, 31, 303, 1, 24, 140, 2337 }, // U+1EAD
    { 25, 37, 381, -2, 37, 232, 2477 }, // U+1EAE
    { 18, 31, 303, 1, 31, 140, 2709 }, // U+1EAF
    { 25, 37, 381, -2, 37, 232, 2849 }, // U+1EB0
    { 18, 31, 303, 1, 31, 140, 3081 }, // U+1EB1
    { 25, 38, 381, -2, 38, 238, 3221 }, // U+1EB2
    { 18, 32, 303, 1, 32, 144, 3459 }, // U+1EB3
    { 25, 36, 381, -2, 36, 225, 3603 }, // U+1EB4
    { 19, 30, 303, 1, 30, 143, 3828 }, // U+1EB5
    { 25, 37, 381, -2, 30, 232, 3971 }, // U+1EB6
    { 18, 31, 303, 1, 24, 140, 4203 }, // U+1EB7
    { 22, 29, 320, -1, 22, 160, 4343 }, // U+1EB8
    { 15, 23, 256, 1, 16, 87, 4503 }, // U+1EB9
    { 22, 32, 320, -1, 32, 176, 4590 }, // U+1EBA
    { 15, 25, 256, 1, 25, 94, 4766 }, // U+1EBB
    { 22, 30, 320, -1, 30, 165, 4860 }, // U+1EBC
    { 17, 23, 256, 1, 23, 98, 5025 }, // U+1EBD
    { 22, 37, 320, -1, 37, 204, 5123 }, // U+1EBE
    { 16, 31, 256, 1, 31, 124, 5327 }, // U+1EBF
    { 22, 37, 320, -1, 37, 204, 5451 }, // U+1EC0
    { 16, 31, 256, 1, 31, 124, 5655 }, // U+1EC1
    { 22, 38, 320, -1, 38, 209, 5779 }, // U+1EC2
    { 16, 32, 256, 1, 32, 128, 5988 }, // U+1EC3
    { 22, 36, 320, -1, 36, 198, 6116 }, // U+1EC4
    { 17, 30, 256, 1, 30, 128, 6314 }, // U+1EC5
    { 22, 38, 320, -1, 31, 209, 6442 }, // U+1EC6
    { 16, 31, 256, 1, 24, 124, 6651 }, // U+1EC7
    { 15, 32, 190, -1, 32, 120, 6775 }, // U+1EC8
    { 11, 25, 165, 0, 25, 69, 6895 }, // U+1EC9
    { 15, 29, 190, -1, 22, 109, 6964 }, // U+1ECA
    { 11, 31, 165, 0, 24, 86, 7073 }, // U+1ECB
    { 24, 30, 401, 1, 23, 180, 7159 }, // U+1ECC
    { 17, 23, 295, 1, 16, 98, 7339 }, // U+1ECD
    { 24, 33, 401, 1, 32, 198, 7437 }, // U+1ECE
    { 17, 25, 295, 1, 25, 107, 7635 }, // U+1ECF
    { 24, 38, 401, 1, 37, 228, 7742 }, // U+1ED0
    { 17, 31, 295, 1, 31, 132, 7970 }, // U+1ED1
    { 24, 38, 401, 1, 37, 228, 8102 }, // U+1ED2
    { 17, 31, 295, 1, 31, 132, 8330 }, // U+1ED3
    { 24, 39, 401, 1, 38, 234, 8462 }, // U+1ED4
    { 17, 32, 295, 1, 32, 136, 8696 }, // U+1ED5
    { 24, 37, 401, 1, 36, 222, 8832 }, // U+1ED6
    { 18, 30, 295, 1, 30, 135, 9054 }, // U+1ED7
    { 24, 38, 401, 1, 31, 228, 9189 }, // U+1ED8
    { 17, 31, 295, 1, 24, 132, 9417 }, // U+1ED9
    { 28, 32, 430, 1, 31, 224, 9549 }, // U+1EDA
    { 21, 24, 346, 1, 24, 126, 9773 }, // U+1EDB
    { 28, 32, 430, 1, 31, 224, 9899 }, // U+1EDC
    { 21, 24, 346, 1, 24, 126, 10123 }, // U+1EDD
    { 28, 33, 430, 1, 32, 231, 10249 }, // U+1EDE
    { 21, 25, 346, 1, 25, 132, 10480 }, // U+1EDF
    { 28, 31, 430, 1, 30, 217, 10612 }, // U+1EE0
    { 21, 23, 346, 1, 23, 121, 10829 }, // U+1EE1
    { 28, 34, 430, 1, 27, 238, 10950 }, // U+1EE2
    { 21, 26, 346, 1, 19, 137, 11188 }, // U+1EE3
    { 24, 29, 399, 3, 22, 174, 11325 }, // U+1EE4
    { 19, 24, 306, 0, 17, 114, 11499 }, // U+1EE5
    { 24, 33, 399, 3, 32, 198, 11613 }, // U+1EE6
    { 19, 25, 306, 0, 25, 119, 11811 }, // U+1EE7
    { 29, 32, 467, 3, 31, 232, 11930 }, // U+1EE8
    { 24, 24, 364, 0, 24, 144, 12162 }, // U+1EE9
    { 29, 32, 467, 3, 31, 232, 12306 }, // U+1EEA
    { 24, 24, 364, 0, 24, 144, 12538 }, // U+1EEB
    { 29, 33, 467, 3, 32, 240, 12682 }, // U+1EEC
    { 24, 25, 364, 0, 25, 150, 12922 }, // U+1EED
    { 29, 31, 467, 3, 30, 225, 13072 }, // U+1EEE
    { 24, 23, 364, 0, 23, 138, 13297 }, // U+1EEF
    { 29, 35, 467, 3, 28, 254, 13435 }, // U+1EF0
    { 24, 28, 364, 0, 21, 168, 13689 }, // U+1EF1
    { 23, 31, 363, 2, 31, 179, 13857 }, // U+1EF2
    { 22, 31, 290, -3, 24, 171, 14036 }, // U+1EF3
    { 23, 29, 363, 2, 22, 167, 14207 }, // U+1EF4
    { 22, 23, 290, -3, 16, 127, 14374 }, // U+1EF5
    { 23, 32, 363, 2, 32, 184, 14501 }, // U+1EF6
    { 22, 32, 290, -3, 25, 176, 14685 }, // U+1EF7
    { 23, 30, 363, 2, 30, 173, 14861 }, // U+1EF8
    { 22, 30, 290, -3, 23, 165, 15034 }, // U+1EF9
    { 0, 0, 267, 0, 0, 0, 0 }, // U+2000
    { 0, 0, 533, 0, 0, 0, 0 }, // U+2001
    { 0, 0, 267, 0, 0, 0, 0 }, // U+2002
    { 0, 0, 533, 0, 0, 0, 0 }, // U+2003
    { 0, 0, 171, 0, 0, 0, 0 }, // U+2004
    { 0, 0, 128, 0, 0, 0, 0 }, // U+2005
    { 0, 0, 85, 0, 0, 0, 0 }, // U+2006
    { 0, 0, 319, 0, 0, 0, 0 }, // U+2007
    { 0, 0, 170, 0, 0, 0, 0 }, // U+2008
    { 0, 0, 107, 0, 0, 0, 0 }, // U+2009
    { 0, 0, 11, 0, 0, 0, 0 }, // U+200A
    { 0, 0, 0, 0, 0, 0, 0 }, // U+200B
    { 0, 0, 0, 0, 0, 0, 0 }, // U+200C
    { 0, 0, 0, 0, 0, 0, 0 }, // U+200D
    { 0, 0, 0, 0, 0, 0, 0 }, // U+200E
    { 0, 0, 0, 0, 0, 0, 0 }, // U+200F
    { 11, 3, 186, 0, 9, 9, 0 }, // U+2010
    { 11, 3, 186, 0, 9, 9, 9 }, // U+2011
    { 20, 3, 319, 0, 9, 15, 18 }, // U+2012
    { 18, 3, 267, -1, 9, 14, 33 }, // U+2013
    { 35, 3, 533, -1, 9, 27, 47 }, // U+2014
    { 34, 3, 518, -1, 9, 26, 74 }, // U+2015
    { 11, 34, 275, 3, 26, 94, 100 }, // U+2016
    { 25, 7, 365, -4, -3, 44, 194 }, // U+2017
    { 9, 10, 147, 2, 24, 23, 238 }, // U+2018
    { 8, 10, 147, 3, 24, 20, 261 }, // U+2019
    { 8, 11, 147, -1, 4, 22, 281 }, // U+201A
    { 6, 11, 147, 3, 23, 17, 303 }, // U+201B
    { 16, 10, 268, 2, 24, 40, 320 }, // U+201C
    { 15, 10, 268, 3, 24, 38, 360 }, // U+201D
    { 15, 11, 268, -1, 4, 42, 398 }, // U+201E
    { 14, 11, 268, 3, 23, 39, 440 }, // U+201F
    { 18, 30, 267, 1, 25, 135, 479 }, // U+2020
    { 21, 32, 278, -2, 25, 168, 614 }, // U+2021
    { 8, 7, 160, 1, 14, 14, 782 }, // U+2022
    { 14, 14, 256, 1, 15, 49, 796 }, // U+2023
    { 7, 5, 170, 0, 5, 9, 845 }, // U+2024
    { 18, 5, 348, 0, 5, 23, 854 }, // U+2025
    { 28, 5, 533, 1, 5, 35, 877 }, // U+2026
    { 5, 4, 100, 1, 13, 5, 912 }, // U+2027
    { 0, 0, 0, 0, 0, 0, 917 }, // U+2028
    { 0, 0, 0, 0, 0, 0, 917 }, // U+2029
    { 0, 0, 0, 0, 0, 0, 917 }, // U+202A
    { 0, 0, 0, 0, 0, 0, 917 }, // U+202B
    { 0, 0, 0, 0, 0, 0, 917 }, // U+202C
    { 0, 0, 0, 0, 0, 0, 917 }, // U+202D
    { 0, 0, 0, 0, 0, 0, 917 }, // U+202E
    { 0, 0, 107, 0, 0, 0, 917 }, // U+202F
    { 39, 24, 670, 2, 23, 234, 917 }, // U+2030
    { 52, 24, 878, 2, 23, 312, 1151 }, // U+2031
    { 10, 10, 181, 2, 23, 25, 1463 }, // U+2032
    { 16, 10, 290, 2, 23, 40, 1488 }, // U+2033
    { 23, 10, 399, 2, 23, 58, 1528 }, // U+2034
    { 10, 10, 181, 2, 23, 25, 1586 }, // U+2035
    { 16, 10, 290, 2, 23, 40, 1611 }, // U+2036
    { 23, 10, 399, 2, 23, 58, 1651 }, // U+2037
    { 9, 5, 138, 0, 1, 12, 1709 }, // U+2038
    { 10, 16, 124, 0, 16, 40, 1721 }, // U+2039
    { 10, 16, 124, -2, 16, 40, 1761 }, // U+203A
    { 22, 19, 408, 2, 18, 105, 1801 }, // U+203B
    { 18, 23, 338, 2, 23, 104, 1906 }, // U+203C
    { 15, 23, 285, 3, 23, 87, 2010 }, // U+203D
    { 21, 3, 291, 2, 27, 16, 2097 }, // U+203E
    { 12, 6, 169, -3, -2, 18, 2113 }, // U+203F
    { 12, 6, 169, 1, 23, 18, 2131 }, // U+2040
    { 13, 23, 254, 2, 16, 75, 2149 }, // U+2041
    { 30, 24, 538, 1, 23, 180, 2224 }, // U+2042
    { 22, 23, 276, -2, 23, 127, 2404 }, // U+2044
    { 18, 23, 298, 1, 16, 104, 2531 }, // U+204A
    { 21, 6, 533, 6, 13, 32, 2635 }, // U+2053
    { 30, 10, 509, 2, 23, 75, 2667 }, // U+2057
    { 0, 0, 0, 0, 0, 0, 2742 }, // U+2060
    { 0, 0, 0, 0, 0, 0, 2742 }, // U+2061
    { 0, 0, 0, 0, 0, 0, 2742 }, // U+2062
    { 0, 0, 0, 0, 0, 0, 2742 }, // U+2063
    { 0, 0, 0, 0, 0, 0, 2742 }, // U+2064
    { 0, 0, 0, 0, 0, 0, 2742 }, // U+2066
    { 0, 0, 0, 0, 0, 0, 2742 }, // U+2067
    { 0, 0, 0, 0, 0, 0, 2742 }, // U+2068
    { 0, 0, 0, 0, 0, 0, 2742 }, // U+2069
    { 0, 0, 0, 0, 0, 0, 2742 }, // U+206A
    { 0, 0, 0, 0, 0, 0, 2742 }, // U+206B
    { 0, 0, 0, 0, 0, 0, 2742 }, // U+206C
    { 0, 0, 0, 0, 0, 0, 2742 }, // U+206D
    { 0, 0, 0, 0, 0, 0, 2742 }, // U+206E
    { 0, 0, 0, 0, 0, 0, 2742 }, // U+206F
    { 13, 15, 208, 2, 27, 49, 0 }, // U+2070
    { 7, 15, 107, 2, 27, 27, 49 }, // U+2071
    { 13, 15, 208, 2, 27, 49, 76 }, // U+2074
    { 13, 14, 208, 2, 26, 46, 125 }, // U+2075
    { 13, 16, 208, 2, 27, 52, 171 }, // U+2076
    { 14, 14, 208, 2, 26, 49, 223 }, // U+2077
    { 13, 15, 208, 2, 27, 49, 272 }, // U+2078
    { 13, 15, 208, 2, 26, 49, 321 }, // U+2079
    { 9, 9, 140, 2, 24, 21, 370 }, // U+207A
    { 7, 3, 111, 2, 20, 6, 391 }, // U+207B
    { 9, 5, 140, 2, 22, 12, 397 }, // U+207C
    { 9, 17, 147, 3, 27, 39, 409 }, // U+207D
    { 10, 17, 147, 0, 27, 43, 448 }, // U+207E
    { 13, 10, 200, 2, 22, 33, 491 }, // U+207F
    { 13, 15, 208, -2, 7, 49, 524 }, // U+2080
    { 10, 15, 208, -1, 7, 38, 573 }, // U+2081
    { 14, 13, 208, -3, 6, 46, 611 }, // U+2082
    { 13, 14, 208, -2, 7, 46, 657 }, // U+2083
    { 12, 15, 208, -2, 7, 45, 703 }, // U+2084
    { 13, 15, 208, -2, 7, 49, 748 }, // U+2085
    { 12, 16, 208, -2, 7, 48, 797 }, // U+2086
    { 14, 14, 208, -2, 6, 49, 845 }, // U+2087
    { 13, 15, 208, -2, 7, 49, 894 }, // U+2088
    { 13, 15, 208, -2, 6, 49, 943 }, // U+2089
    { 9, 9, 140, -2, 4, 21, 992 }, // U+208A
    { 7, 3, 111, -2, 1, 6, 1013 }, // U+208B
    { 9, 6, 140, -2, 3, 14, 1019 }, // U+208C
    { 10, 17, 147, -1, 8, 43, 1033 }, // U+208D
    { 10, 17, 147, -4, 8, 43, 1076 }, // U+208E
    { 13, 11, 195, -2, 3, 36, 1119 }, // U+2090
    { 10, 11, 175, -2, 3, 28, 1155 }, // U+2091
    { 12, 11, 195, 0, 3, 33, 1183 }, // U+2092
    { 14, 10, 204, -3, 3, 35, 1216 }, // U+2093
    { 10, 11, 170, -2, 3, 28, 1251 }, // U+2094
    { 13, 15, 196, -2, 7, 49, 1279 }, // U+2095
    { 12, 15, 185, -2, 7, 45, 1328 }, // U+2096
    { 7, 15, 104, -2, 7, 27, 1373 }, // U+2097
    { 18, 10, 284, -2, 3, 45, 1400 }, // U+2098
    { 13, 10, 198, -2, 2, 33, 1445 }, // U+2099
    { 14, 15, 175, -5, 2, 53, 1478 }, // U+209A
    { 10, 11, 141, -3, 3, 28, 1531 }, // U+209B
    { 9, 13, 135, -2, 5, 30, 1559 }, // U+209C
    { 19, 23, 319, 0, 23, 110, 0 }, // U+20A0
    { 19, 28, 319, 1, 24, 133, 110 }, // U+20A1
    { 19, 24, 319, 1, 23, 114, 243 }, // U+20A2
    { 22, 22, 319, -1, 22, 121, 357 }, // U+20A3
    { 22, 23, 319, -1, 23, 127, 478 }, // U+20A4
    { 21, 21, 319, 0, 19, 111, 605 }, // U+20A5
    { 22, 22, 319, -1, 22, 121, 716 }, // U+20A6
    { 38, 22, 600, -1, 22, 209, 837 }, // U+20A7
    { 34, 23, 533, -1, 22, 196, 1046 }, // U+20A8
    { 22, 23, 319, -1, 22, 127, 1242 }, // U+20A9
    { 16, 15, 267, 0, 15, 60, 1369 }, // U+20AA
    { 20, 27, 302, 1, 23, 135, 1429 }, // U+20AB
    { 22, 24, 319, -1, 23, 132, 1564 }, // U+20AC
    { 22, 23, 319, -1, 22, 127, 1696 }, // U+20AD
    { 20, 22, 319, 1, 22, 110, 1823 }, // U+20AE
    { 25, 22, 405, 0, 17, 138, 1933 }, // U+20AF
    { 12, 23, 237, 1, 23, 69, 2071 }, // U+20B0
    { 22, 22, 319, 0, 22, 121, 2140 }, // U+20B1
    { 19, 28, 319, 1, 24, 133, 2261 }, // U+20B2
    { 21, 23, 319, -1, 23, 121, 2394 }, // U+20B3
    { 20, 24, 319, 0, 23, 120, 2515 }, // U+20B4
    { 19, 28, 319, 1, 24, 133, 2635 }, // U+20B5
    { 19, 23, 319, 2, 23, 110, 2768 }, // U+20B6
    { 20, 23, 319, 0, 23, 115, 2878 }, // U+20B7
    { 20, 22, 319, 1, 22, 110, 2993 }, // U+20B8
    { 18, 23, 319, 3, 23, 104, 3103 }, // U+20B9
    { 19, 22, 319, 0, 22, 105, 3207 }, // U+20BA
    { 24, 25, 405, 1, 24, 150, 3312 }, // U+20BB
    { 29, 25, 475, -1, 25, 182, 3462 }, // U+20BC
    { 22, 22, 319, -1, 22, 121, 3644 }, // U+20BD
    { 22, 25, 319, -1, 25, 138, 3765 }, // U+20BE
    { 21, 28, 319, -2, 25, 147, 3903 }, // U+20BF
    { 21, 23, 319, -1, 23, 121, 4050 }, // U+20C0
    { 12, 24, 212, 0, 24, 72, 0 }, // U+2113
    { 29, 12, 533, 2, 16, 87, 0 }, // U+2190
    { 12, 29, 267, 2, 23, 87, 87 }, // U+2191
    { 29, 12, 533, 2, 16, 87, 174 }, // U+2192
    { 12, 29, 267, 2, 23, 87, 261 }, // U+2193
    { 29, 12, 533, 2, 16, 87, 348 }, // U+2194
    { 12, 29, 267, 2, 23, 87, 435 }, // U+2195
    { 23, 22, 533, 5, 21, 127, 522 }, // U+2196
    { 23, 22, 533, 5, 21, 127, 649 }, // U+2197
    { 23, 22, 533, 5, 21, 127, 776 }, // U+2198
    { 23, 22, 533, 5, 21, 127, 903 }, // U+2199
    { 28, 14, 513, 2, 17, 98, 1030 }, // U+219A
    { 28, 14, 513, 2, 17, 98, 1128 }, // U+219B
    { 17, 31, 267, 0, 23, 132, 1226 }, // U+21A8
    { 29, 14, 533, 2, 17, 102, 1358 }, // U+21AE
    { 26, 19, 432, 0, 21, 124, 1460 }, // U+21B6
    { 26, 19, 432, 1, 21, 124, 1584 }, // U+21B7
    { 26, 19, 432, 1, 19, 124, 1708 }, // U+21BA
    { 26, 19, 432, 0, 19, 124, 1832 }, // U+21BB
    { 31, 15, 526, 1, 17, 117, 1956 }, // U+21D0
    { 16, 31, 267, 0, 24, 124, 2073 }, // U+21D1
    { 31, 15, 526, 1, 17, 117, 2197 }, // U+21D2
    { 16, 31, 267, 0, 24, 124, 2314 }, // U+21D3
    { 31, 15, 533, 1, 17, 117, 2438 }, // U+21D4
    { 16, 31, 267, 0, 24, 124, 2555 }, // U+21D5
    { 16, 24, 275, 0, 23, 96, 0 }, // U+2202
    { 15, 22, 299, 2, 22, 83, 96 }, // U+2203
    { 15, 30, 299, 2, 26, 113, 179 }, // U+2204
    { 27, 27, 533, 3, 25, 183, 292 }, // U+2205
    { 21, 24, 341, 0, 24, 126, 475 }, // U+2206
    { 25, 22, 397, 0, 22, 138, 601 }, // U+220F
    { 22, 22, 305, -1, 22, 121, 739 }, // U+2211
    { 21, 3, 533, 6, 12, 16, 860 }, // U+2212
    { 20, 19, 513, 6, 19, 95, 876 }, // U+2213
    { 17, 25, 267, 0, 22, 107, 971 }, // U+2215
    { 5, 4, 100, 1, 13, 5, 1078 }, // U+2219
    { 19, 23, 307, 0, 23, 110, 1083 }, // U+221A
    { 23, 9, 533, 5, 14, 52, 1193 }, // U+221E
    { 17, 19, 268, 0, 17, 81, 1245 }, // U+2221
    { 11, 35, 275, 3, 27, 97, 1326 }, // U+2225
    { 19, 35, 275, -1, 27, 167, 1423 }, // U+2226
    { 17, 15, 310, 1, 18, 64, 1590 }, // U+2227
    { 17, 15, 310, 2, 18, 64, 1654 }, // U+2228
    { 15, 32, 251, 0, 25, 120, 1718 }, // U+222B
    { 17, 14, 533, 8, 16, 60, 1838 }, // U+2234
    { 17, 14, 533, 8, 16, 60, 1898 }, // U+2235
    { 21, 6, 533, 6, 13, 32, 1958 }, // U+223C
    { 21, 11, 533, 6, 15, 58, 1990 }, // U+2248
    { 21, 18, 533, 6, 24, 95, 2048 }, // U+225F
    { 21, 16, 533, 6, 18, 84, 2143 }, // U+2260
    { 21, 11, 533, 6, 16, 58, 2227 }, // U+2261
    { 21, 19, 533, 6, 20, 100, 2285 }, // U+2262
    { 21, 19, 533, 6, 19, 100, 2385 }, // U+2264
    { 21, 19, 533, 6, 19, 100, 2485 }, // U+2265
    { 21, 24, 533, 6, 22, 126, 2585 }, // U+226E
    { 21, 24, 533, 6, 22, 126, 2711 }, // U+226F
    { 21, 19, 533, 6, 19, 100, 2837 }, // U+2282
    { 21, 19, 533, 6, 19, 100, 2937 }, // U+2283
    { 21, 25, 533, 6, 22, 132, 3037 }, // U+2284
    { 21, 25, 533, 6, 22, 132, 3169 }, // U+2285
    { 21, 23, 533, 6, 23, 121, 3301 }, // U+2286
    { 21, 23, 533, 6, 23, 121, 3422 }, // U+2287
    { 17, 18, 310, 2, 17, 77, 3543 }, // U+22BB
    { 17, 19, 310, 2, 22, 81, 3620 }, // U+22BC
    { 16, 19, 310, 3, 22, 76, 3701 }, // U+22BD
    { 8, 22, 165, 1, 22, 44, 0 }, // U+2669
    { 13, 22, 240, 1, 22, 72, 44 }, // U+266A
    { 19, 25, 342, 1, 23, 119, 116 }, // U+266B
    { 19, 25, 342, 1, 23, 119, 235 }, // U+266C
    { 11, 26, 208, 1, 23, 72, 354 }, // U+266D
    { 10, 21, 190, 1, 14, 53, 426 }, // U+266E
    { 11, 29, 228, 2, 25, 80, 479 }, // U+266F
    { 33, 30, 387, -5, 23, 248, 0 }, // U+FB00
    { 28, 31, 358, -5, 24, 217, 248 }, // U+FB01
    { 27, 30, 356, -5, 23, 203, 465 }, // U+FB02
    { 40, 31, 552, -5, 24, 310, 668 }, // U+FB03
    { 39, 30, 549, -5, 23, 293, 978 }, // U+FB04
    { 32, 32, 513, 0, 28, 256, 0 }, // U+FFFD
};

static const EpdUnicodeInterval charein_16_bolditalicIntervals[] = {
    { 0x0, 0x148, 0x0 },
    { 0x14A, 0x17F, 0x149 },
    { 0x1A0, 0x1A1, 0x17F },
    { 0x1AF, 0x1B0, 0x181 },
    { 0x1C4, 0x21F, 0x183 },
    { 0x300, 0x33F, 0x1DF },
    { 0x346, 0x36F, 0x21F },
    { 0x3BB, 0x3BB, 0x249 },
    { 0x400, 0x45F, 0x24A },
    { 0x462, 0x463, 0x2AA },
    { 0x472, 0x475, 0x2AC },
    { 0x48A, 0x4FF, 0x2B0 },
    { 0x1EA0, 0x1EF9, 0x326 },
    { 0x2000, 0x2042, 0x380 },
    { 0x2044, 0x2044, 0x3C3 },
    { 0x204A, 0x204A, 0x3C4 },
    { 0x2053, 0x2053, 0x3C5 },
    { 0x2057, 0x2057, 0x3C6 },
    { 0x2060, 0x2064, 0x3C7 },
    { 0x2066, 0x2071, 0x3CC },
    { 0x2074, 0x208E, 0x3D8 },
    { 0x2090, 0x209C, 0x3F3 },
    { 0x20A0, 0x20C0, 0x400 },
    { 0x2113, 0x2113, 0x421 },
    { 0x2190, 0x219B, 0x422 },
    { 0x21A8, 0x21A8, 0x42E },
    { 0x21AE, 0x21AE, 0x42F },
    { 0x21B6, 0x21B7, 0x430 },
    { 0x21BA, 0x21BB, 0x432 },
    { 0x21D0, 0x21D5, 0x434 },
    { 0x2202, 0x2206, 0x43A },
    { 0x220F, 0x220F, 0x43F },
    { 0x2211, 0x2213, 0x440 },
    { 0x2215, 0x2215, 0x443 },
    { 0x2219, 0x221A, 0x444 },
    { 0x221E, 0x221E, 0x446 },
    { 0x2221, 0x2221, 0x447 },
    { 0x2225, 0x2228, 0x448 },
    { 0x222B, 0x222B, 0x44C },
    { 0x2234, 0x2235, 0x44D },
    { 0x223C, 0x223C, 0x44F },
    { 0x2248, 0x2248, 0x450 },
    { 0x225F, 0x2262, 0x451 },
    { 0x2264, 0x2265, 0x455 },
    { 0x226E, 0x226F, 0x457 },
    { 0x2282, 0x2287, 0x459 },
    { 0x22BB, 0x22BD, 0x45F },
    { 0x2669, 0x266F, 0x462 },
    { 0xFB00, 0xFB04, 0x469 },
    { 0xFFFD, 0xFFFD, 0x46E },
};

static const EpdFontGroup charein_16_bolditalicGroups[] = {
    { 0, 4394, 10143, 128, 0 },
    { 4394, 3671, 11997, 128, 128 },
    { 8065, 4994, 18878, 127, 256 },
    { 13059, 4842, 16952, 96, 383 },
    { 17901, 1500, 2646, 106, 479 },
    { 19401, 97, 144, 1, 585 },
    { 19498, 9360, 32736, 220, 586 },
    { 28858, 2382, 16344, 90, 806 },
    { 31240, 1398, 2956, 86, 896 },
    { 32638, 988, 1871, 42, 982 },
    { 33626, 2222, 4451, 33, 1024 },
    { 35848, 72, 72, 1, 1057 },
    { 35920, 977, 2804, 24, 1058 },
    { 36897, 1442, 4198, 40, 1082 },
    { 38339, 242, 610, 7, 1122 },
    { 38581, 434, 1307, 5, 1129 },
    { 39015, 143, 256, 1, 1134 },
};

static const uint16_t charein_16_bolditalicKernLeftCodepoints[] = {
    0x0022, 0x0027, 0x0028, 0x002C, 0x002E, 0x0041, 0x0044, 0x0046, 0x004B, 0x004C, 0x004F, 0x0050,
    0x0051, 0x0052, 0x0054, 0x0055, 0x0056, 0x0057, 0x0058, 0x0059, 0x005B, 0x0061, 0x0062, 0x0063,
    0x0065, 0x0066, 0x0067, 0x0068, 0x006B, 0x006D, 0x006E, 0x006F, 0x0070, 0x0071, 0x0072, 0x0073,
    0x0074, 0x0075, 0x0076, 0x0077, 0x0078, 0x0079, 0x007A, 0x007B, 0x00C0, 0x00C1, 0x00C2, 0x00C3,
    0x00C4, 0x00C5, 0x00D0, 0x00D2, 0x00D3, 0x00D4, 0x00D5, 0x00D6, 0x00D9, 0x00DA, 0x00DB, 0x00DC,
    0x00DD, 0x00DE, 0x00E0, 0x00E1, 0x00E2, 0x00E3, 0x00E4, 0x00E5, 0x00E6, 0x00E7, 0x00EE, 0x00EF,
    0x00F1, 0x00F2, 0x00F3, 0x00F4, 0x00F5, 0x00F6, 0x00F8, 0x00F9, 0x00FA, 0x00FB, 0x00FC, 0x00FD,
    0x00FE, 0x00FF, 0x0100, 0x0101, 0x0102, 0x0103, 0x0104, 0x0105, 0x0107, 0x0109, 0x010B, 0x010D,
    0x010E, 0x010F, 0x0110, 0x0119, 0x011D, 0x011F, 0x0121, 0x0123, 0x0125, 0x0127, 0x0129, 0x012B,
    0x012D, 0x0136, 0x0137, 0x0138, 0x0139, 0x013B, 0x013D, 0x013E, 0x0141, 0x0144, 0x0146, 0x0148,
    0x014B, 0x014C, 0x014D, 0x014E, 0x014F, 0x0150, 0x0151, 0x0153, 0x0154, 0x0155, 0x0156, 0x0157,
    0x0158, 0x0159, 0x015B, 0x015D, 0x015F, 0x0161, 0x0162, 0x0163, 0x0164, 0x0165, 0x0166, 0x0167,
    0x0168, 0x0169, 0x016A, 0x016B, 0x016C, 0x016D, 0x016E, 0x016F, 0x0170, 0x0171, 0x0172, 0x0173,
    0x0174, 0x0175, 0x0176, 0x0177, 0x0178, 0x017A, 0x017C, 0x017E, 0x017F, 0x01A0, 0x01A1, 0x01AF,
    0x01B0, 0x01C5, 0x01C6, 0x01C9, 0x01CD, 0x01CE, 0x01D0, 0x01D1, 0x01D2, 0x01D3, 0x01D4, 0x01D5,
    0x01D6, 0x01D7, 0x01D8, 0x01D9, 0x01DA, 0x01DB, 0x01DC, 0x01DD, 0x01DE, 0x01DF, 0x01E0, 0x01E1,
    0x01E5, 0x01E7, 0x01E8, 0x01E9, 0x01EA, 0x01EB, 0x01EC, 0x01ED, 0x01EF, 0x01F2, 0x01F3, 0x01F5,
    0x01F6, 0x01F7, 0x01F9, 0x01FA, 0x01FB, 0x0200, 0x0201, 0x0202, 0x0203, 0x020B, 0x020C, 0x020D,
    0x020E, 0x020F, 0x0210, 0x0211, 0x0212, 0x0213, 0x0214, 0x0215, 0x0216, 0x0217, 0x0219, 0x021A,
    0x021B, 0x021D, 0x021F, 0x0403, 0x0409, 0x040E, 0x0410, 0x0413, 0x041E, 0x0420, 0x0422, 0x0423,
    0x0424, 0x0425, 0x042A, 0x042C, 0x042D, 0x042E, 0x0430, 0x0433, 0x0434, 0x0435, 0x0436, 0x0437,
    0x0438, 0x0439, 0x043A, 0x043B, 0x043C, 0x043D, 0x043E, 0x043F, 0x0440, 0x0441, 0x0442, 0x0443,
    0x0444, 0x0445, 0x0446, 0x0447, 0x0448, 0x0449, 0x044A, 0x044C, 0x044D, 0x044E, 0x0452, 0x0453,
    0x0454, 0x0455, 0x0457, 0x0459, 0x045A, 0x045B, 0x045C, 0x045D, 0x045E, 0x045F, 0x0472, 0x0473,
    0x0475, 0x048B, 0x048C, 0x048D, 0x048E, 0x0490, 0x0491, 0x0492, 0x0493, 0x0495, 0x0497, 0x0499,
    0x049B, 0x049D, 0x049F, 0x04A1, 0x04A3, 0x04A5, 0x04A7, 0x04AB, 0x04AC, 0x04AD, 0x04AE, 0x04AF,
    0x04B0, 0x04B1, 0x04B2, 0x04B3, 0x04B5, 0x04B7, 0x04B9, 0x04BB, 0x04BC, 0x04BD, 0x04BE, 0x04BF,
    0x04C2, 0x04C4, 0x04C6, 0x04C8, 0x04CA, 0x04CC, 0x04CE, 0x04D0, 0x04D1, 0x04D2, 0x04D3, 0x04D5,
    0x04D8, 0x04D9, 0x04DA, 0x04DB, 0x04DD, 0x04E1, 0x04E3, 0x04E5, 0x04E6, 0x04E7, 0x04E8, 0x04E9,
    0x04EA, 0x04EB, 0x04EC, 0x04ED, 0x04EE, 0x04EF, 0x04F0, 0x04F1, 0x04F2, 0x04F3, 0x04F5, 0x04F6,
    0x04F7, 0x04FA, 0x04FB, 0x04FC, 0x04FD, 0x04FE, 0x04FF, 0x1EA0, 0x1EA1, 0x1EA2, 0x1EA3, 0x1EA4,
    0x1EA5, 0x1EA6, 0x1EA7, 0x1EA8, 0x1EA9, 0x1EAA, 0x1EAB, 0x1EAC, 0x1EAD, 0x1EAE, 0x1EAF, 0x1EB0,
    0x1EB1, 0x1EB2, 0x1EB3, 0x1EB4, 0x1EB5, 0x1EB6, 0x1EB7, 0x1EB9, 0x1ECC, 0x1ECD, 0x1ECE, 0x1ECF,
    0x1ED0, 0x1ED1, 0x1ED2, 0x1ED3, 0x1ED4, 0x1ED5, 0x1ED6, 0x1ED7, 0x1ED8, 0x1ED9, 0x1EE4, 0x1EE5,
    0x1EE6, 0x1EE7, 0x1EF2, 0x1EF3, 0x1EF4, 0x1EF5, 0x1EF6, 0x1EF7, 0x1EF8, 0x1EF9, 0x2018, 0x2019,
    0x201A, 0x201C, 0x201D, 0x201E, 0x2026, 0xFB00,
};

static const uint8_t charein_16_bolditalicKernLeftClassIds[] = {
      1,   1,   2,   3,   3,   4,   5,   6,   7,   8,   5,   6,   5,   9,  10,  11,
     12,  13,   7,  12,   2,  14,  15,  16,  16,  17,  18,  14,  19,  14,  14,  15,
     15,  18,  20,  16,  16,  14,  21,  21,  19,  21,  16,   2,   4,   4,   4,   4,
      4,   4,   5,   5,   5,   5,   5,   5,  11,  11,  11,  11,  12,   5,  14,  14,
     14,  14,  14,  14,  16,  16,  22,  22,  14,  23,  23,  23,  23,  23,  16,  14,
     14,  14,  14,  21,  15,  21,   4,  14,   4,  14,   4,  14,  16,  16,  16,  16,
      5,  24,   5,  16,  18,  18,  18,  18,  14,  14,  22,  22,  22,   7,  19,  16,
      8,   8,  25,  26,   8,  14,  18,  14,  18,   5,  23,   5,  23,   5,  23,  16,
      9,  20,   9,  20,   9,  20,  16,  16,  18,  16,  10,  18,  10,  27,  10,  16,
     11,  14,  11,  14,  11,  14,  11,  14,  11,  14,  11,  18,  13,  21,  12,  21,
     12,  16,  16,  16,  17,   5,  28,  10,  28,  16,  16,  18,   4,  14,  22,   5,
     23,  11,  14,  11,  14,  11,  14,  11,  14,  11,  14,  15,   4,  14,   4,  14,
     18,  18,   7,  19,   5,  15,   5,  23,  18,  16,  16,  18,   5,   6,  14,   4,
     14,   4,  14,   4,  14,  22,   5,  23,   5,  23,   9,  20,   9,  20,  11,  14,
     11,  14,  18,  10,  18,  18,  14,  10,   9,  12,   4,  10,   5,   6,  10,  12,
      5,   7,   9,   9,   5,   5,  14,  16,  16,  16,  16,  14,  16,  16,  16,  16,
     16,  16,  15,  16,  15,  16,  16,  21,  15,  19,  16,  16,  16,  16,  29,  29,
     15,  15,  14,  16,  16,  16,  17,  29,  29,  14,  16,  16,  21,  16,   5,  15,
     16,  16,   9,  29,   6,  10,  16,  10,  16,  16,  16,  14,  16,  16,  16,  16,
     16,  16,  29,  16,  10,  16,  12,  21,  12,  21,   7,  19,  16,  16,  16,  14,
      5,  16,   5,  16,  16,  16,  16,  16,  16,  16,  16,   4,  14,   4,  14,  16,
      5,  15,   5,  23,  16,  18,  16,  16,   5,  23,   5,  15,   5,  23,   5,  23,
     12,  21,  12,  21,  12,  21,  16,  10,  16,  10,  16,   7,  19,   7,  19,   4,
     14,   4,  14,   4,  14,   4,  14,   4,  14,   4,  14,   4,  14,   4,  14,   4,
     14,   4,  14,   4,  14,   4,  14,  16,   5,  15,   5,  23,   5,  23,   5,  23,
      5,  23,   5,  23,   5,  23,  11,  18,  11,  14,  12,  21,  12,  18,  12,  21,
     12,  21,   1,   1,   3,   1,   1,   3,   3,  17,
};

static const uint16_t charein_16_bolditalicKernRightCodepoints[] = {
    0x0022, 0x0027, 0x0029, 0x002C, 0x002E, 0x003A, 0x003B, 0x0041, 0x0043, 0x0047, 0x004F, 0x0051,
    0x0054, 0x0055, 0x0056, 0x0057, 0x0058, 0x0059, 0x005D, 0x0061, 0x0062, 0x0063, 0x0064, 0x0065,
    0x0066, 0x0067, 0x0068, 0x006A, 0x006B, 0x006C, 0x006D, 0x006E, 0x006F, 0x0070, 0x0071, 0x0072,
    0x0073, 0x0074, 0x0075, 0x0076, 0x0077, 0x0078, 0x0079, 0x007A, 0x007D, 0x00C0, 0x00C1, 0x00C2,
    0x00C3, 0x00C4, 0x00C5, 0x00C6, 0x00C7, 0x00D2, 0x00D3, 0x00D4, 0x00D5, 0x00D6, 0x00D9, 0x00DA,
    0x00DB, 0x00DC, 0x00DD, 0x00E0, 0x00E1, 0x00E2, 0x00E3, 0x00E4, 0x00E5, 0x00E6, 0x00E7, 0x00E8,
    0x00E9, 0x00EA, 0x00EB, 0x00EE, 0x00EF, 0x00F0, 0x00F1, 0x00F2, 0x00F3, 0x00F4, 0x00F5, 0x00F6,
    0x00F8, 0x00F9, 0x00FA, 0x00FB, 0x00FC, 0x00FD, 0x00FE, 0x00FF, 0x0100, 0x0101, 0x0102, 0x0103,
    0x0104, 0x0105, 0x0106, 0x0107, 0x0108, 0x0109, 0x010A, 0x010B, 0x010C, 0x010D, 0x010F, 0x0111,
    0x0113, 0x0115, 0x0117, 0x0119, 0x011B, 0x011C, 0x011D, 0x011E, 0x011F, 0x0120, 0x0121, 0x0122,
    0x0123, 0x0125, 0x0127, 0x0129, 0x012B, 0x012D, 0x0135, 0x0137, 0x0138, 0x013A, 0x013C, 0x013E,
    0x0140, 0x0142, 0x0144, 0x0146, 0x0148, 0x014B, 0x014C, 0x014D, 0x014E, 0x014F, 0x0150, 0x0151,
    0x0152, 0x0153, 0x0155, 0x0157, 0x0159, 0x015B, 0x015D, 0x015F, 0x0161, 0x0162, 0x0163, 0x0164,
    0x0165, 0x0166, 0x0168, 0x0169, 0x016A, 0x016B, 0x016C, 0x016D, 0x016E, 0x016F, 0x0170, 0x0171,
    0x0172, 0x0173, 0x0174, 0x0175, 0x0176, 0x0177, 0x0178, 0x017A, 0x017C, 0x017E, 0x017F, 0x01A0,
    0x01A1, 0x01AF, 0x01B0, 0x01C6, 0x01C9, 0x01CC, 0x01CD, 0x01CE, 0x01D0, 0x01D1, 0x01D2, 0x01D3,
    0x01D4, 0x01D5, 0x01D6, 0x01D7, 0x01D8, 0x01D9, 0x01DA, 0x01DB, 0x01DC, 0x01DD, 0x01DE, 0x01DF,
    0x01E0, 0x01E1, 0x01E2, 0x01E3, 0x01E4, 0x01E5, 0x01E6, 0x01E7, 0x01E9, 0x01EA, 0x01EB, 0x01EC,
    0x01ED, 0x01EF, 0x01F0, 0x01F3, 0x01F4, 0x01F5, 0x01F9, 0x01FA, 0x01FB, 0x01FC, 0x01FD, 0x0200,
    0x0201, 0x0202, 0x0203, 0x0205, 0x0207, 0x020B, 0x020C, 0x020D, 0x020E, 0x020F, 0x0211, 0x0213,
    0x0214, 0x0215, 0x0216, 0x0217, 0x0219, 0x021A, 0x021B, 0x021D, 0x021F, 0x0402, 0x0404, 0x040B,
    0x0410, 0x0414, 0x041B, 0x041E, 0x0421, 0x0422, 0x0424, 0x0425, 0x0430, 0x0431, 0x0432, 0x0433,
    0x0434, 0x0435, 0x0436, 0x0437, 0x0438, 0x0439, 0x043A, 0x043B, 0x043C, 0x043D, 0x043E, 0x043F,
    0x0440, 0x0441, 0x0442, 0x0443, 0x0444, 0x0445, 0x0446, 0x0447, 0x0448, 0x0449, 0x044B, 0x044C,
    0x044D, 0x044E, 0x044F, 0x0450, 0x0451, 0x0452, 0x0453, 0x0454, 0x0455, 0x0457, 0x0458, 0x0459,
    0x045A, 0x045B, 0x045C, 0x045D, 0x045E, 0x045F, 0x0472, 0x0473, 0x0474, 0x0475, 0x048B, 0x048D,
    0x048F, 0x0491, 0x0493, 0x0495, 0x0497, 0x0499, 0x049B, 0x049D, 0x049F, 0x04A1, 0x04A3, 0x04A5,
    0x04A7, 0x04A8, 0x04A9, 0x04AA, 0x04AB, 0x04AC, 0x04AD, 0x04AE, 0x04AF, 0x04B0, 0x04B1, 0x04B2,
    0x04B3, 0x04B4, 0x04B5, 0x04B7, 0x04B9, 0x04BB, 0x04C2, 0x04C4, 0x04C6, 0x04C8, 0x04CA, 0x04CC,
    0x04CE, 0x04D0, 0x04D1, 0x04D2, 0x04D3, 0x04D4, 0x04D5, 0x04D7, 0x04D8, 0x04D9, 0x04DA, 0x04DB,
    0x04DD, 0x04E1, 0x04E3, 0x04E5, 0x04E6, 0x04E7, 0x04E8, 0x04E9, 0x04EA, 0x04EB, 0x04ED, 0x04EF,
    0x04F1, 0x04F3, 0x04F5, 0x04F7, 0x04F9, 0x04FB, 0x04FC, 0x04FD, 0x04FE, 0x04FF, 0x1EA0, 0x1EA1,
    0x1EA2, 0x1EA3, 0x1EA4, 0x1EA5, 0x1EA6, 0x1EA7, 0x1EA8, 0x1EA9, 0x1EAA, 0x1EAB, 0x1EAC, 0x1EAD,
    0x1EAE, 0x1EAF, 0x1EB0, 0x1EB1, 0x1EB2, 0x1EB3, 0x1EB4, 0x1EB5, 0x1EB6, 0x1EB7, 0x1EB9, 0x1EBB,
    0x1EBD, 0x1EBF, 0x1EC1, 0x1EC3, 0x1EC5, 0x1EC7, 0x1ECC, 0x1ECD, 0x1ECE, 0x1ECF, 0x1ED0, 0x1ED1,
    0x1ED2, 0x1ED3, 0x1ED4, 0x1ED5, 0x1ED6, 0x1ED7, 0x1ED8, 0x1ED9, 0x1EE4, 0x1EE5, 0x1EE6, 0x1EE7,
    0x1EF2, 0x1EF3, 0x1EF4, 0x1EF5, 0x1EF6, 0x1EF7, 0x1EF8, 0x1EF9, 0x2018, 0x2019, 0x201A, 0x201C,
    0x201D, 0x201E, 0x2026, 0xFB00, 0xFB03, 0xFB04,
};

static const uint8_t charein_16_bolditalicKernRightClassIds[] = {
      1,   1,   2,   3,   3,   4,   4,   5,   6,   6,   6,   6,   7,   8,   9,  10,
     11,   9,   2,  12,  13,  14,  14,  14,   4,  15,  13,  16,  13,  13,  17,  17,
     14,   4,  14,  17,  12,   4,  17,  18,  18,  19,  18,  17,   2,   5,   5,   5,
      5,   5,   5,   5,   6,   6,   6,   6,   6,   6,   8,   8,   8,   8,   9,  20,
     20,  20,  20,  20,  20,  12,  14,  21,  21,  21,  21,  22,  22,  14,  17,  21,
     21,  21,  21,  21,  17,  17,  17,  17,  17,  18,  13,  18,   5,  20,   5,  20,
      5,  15,   6,  21,   6,  21,   6,  21,   6,  21,  14,  14,  21,  21,  21,  23,
     21,   6,  20,   6,  20,   6,  20,   6,  20,  13,  13,  22,  22,  22,  16,  13,
     17,  13,  13,  13,  13,  13,  17,  17,  17,   4,   6,  21,   6,  21,   6,  21,
      6,  14,  17,   4,  17,  20,  20,  15,  20,   7,   4,   7,   4,   7,   8,  17,
      8,  17,   8,  17,   8,  17,   8,  17,   8,  17,  10,  18,   9,  18,   9,  17,
     17,  17,  13,   6,  14,   8,  17,  14,  13,  17,   5,  20,  22,   6,  21,   8,
     17,   8,  17,   8,  17,   8,  17,   8,  17,  14,   5,  20,   5,  20,   5,  20,
      6,  15,   6,  20,  13,   6,  23,   6,  21,   4,  16,  14,   6,  20,  17,   5,
     20,   5,  20,   5,  20,   5,  20,  21,  21,  22,   6,  21,   6,  21,  17,  17,
      8,  17,   8,  17,  15,   7,   4,   4,  13,   7,   6,   7,   5,   5,   5,   6,
      6,   7,   6,  11,  12,  13,  17,  17,  24,  14,  17,  17,  17,  17,  17,  24,
     17,  17,  14,  17,   4,  14,  17,  18,  14,  19,  17,  17,  17,  17,  17,  17,
     17,  17,  17,  21,  21,  13,  17,  14,  12,  13,  16,  24,  17,  13,  17,  17,
     18,  17,   6,  14,   9,  18,  17,  17,  17,  17,  17,  17,  17,  17,  17,  17,
     13,  17,  17,  17,  17,   6,  14,   6,  14,   7,  17,   9,  18,   9,  18,  11,
     19,   7,  17,  17,  17,  13,  17,  17,  24,  17,  17,  17,  17,   5,  20,   5,
     20,   5,  12,  21,   6,  14,   6,  21,  17,   4,  17,  17,   6,  21,   6,  14,
      6,  21,  17,  18,  18,  18,  17,  17,  17,  17,  11,  19,  11,  19,   5,  15,
      5,  20,   5,  20,   5,  20,   5,  20,   5,  20,   5,  20,   5,  20,   5,  20,
      5,  20,   5,  20,   5,  20,  23,  21,  21,  21,  21,  21,  21,  21,   6,  14,
      6,  21,   6,  21,   6,  21,   6,  21,   6,  21,   6,  21,   8,   4,   8,  17,
      9,  18,   9,  18,   9,  18,   9,  18,   1,   1,   3,   1,   1,   3,   3,   4,
      4,   4,
};

static const uint16_t charein_16_bolditalicKernRowOffsets[] = {
        0,    10,    11,    16,    23,    27,    36,    37,    42,    45,    54,    57,    68,    79,    81,    85,
       86,    88,    90,    94,    99,   108,   109,   113,   125,   129,   141,   153,   160,   164,
};

static const uint8_t charein_16_bolditalicKernSparseCols[] = {
      2,   4,  11,  13,  14,  18,  19,  20,  22,  23,  15,   0,   6,   8,   9,  17,
      0,   5,   6,   7,   8,   9,  17,   6,   8,   9,  10,   2,   4,  11,  13,  14,
     19,  20,  22,  23,   5,   0,   6,   8,   9,  17,   6,   8,   9,   2,   4,  11,
     13,  14,  19,  20,  22,  23,   4,  13,  23,   2,   4,   5,  11,  13,  14,  16,
     19,  20,  22,  23,   2,   4,   5,  11,  13,  14,  16,  19,  20,  22,  23,   0,
     17,   0,  17,  18,  23,   0,   0,   1,   0,  15,   0,  13,  20,  22,   2,  13,
     20,  22,  23,   0,   2,  11,  13,  14,  19,  20,  22,  23,  21,   0,  17,  18,
     23,   2,   3,  11,  13,  14,  15,  16,  17,  18,  19,  20,  22,   0,   6,   8,
     17,   2,   3,  11,  13,  14,  15,  16,  17,  18,  19,  20,  22,   2,   3,  11,
     13,  14,  15,  16,  17,  18,  19,  20,  22,  11,  12,  13,  14,  19,  20,  22,
      0,  13,  17,  20,
};

static const int8_t charein_16_bolditalicKernSparseValues[] = {
     -47,  -57,  -18,  -13,  -18,   -8,  -18,  -13,  -13,  -42,   31,  -47,  -47,  -60,  -49,  -26,
     -63,  -21,  -49,  -21,  -65,  -47,  -23,   -5,  -16,  -10,  -10,  -47,  -13,   -3,   -5,   -3,
      -3,   -3,   -3,  -21,  -21,  -76,  -34,  -47,  -34,  -18,  -21,  -42,  -34,  -34,  -29,  -18,
     -26,   -8,   -9,  -13,  -26,  -31,  -16,   -5,  -16,  -42,  -26,    5,  -23,  -23,   -8,   -5,
     -12,  -12,  -23,  -42,  -26,  -23,    8,  -18,  -18,   -8,   -3,   -9,   -9,  -18,  -34,  -36,
      -3,  -21,   -8,  -13,   -5,  -10,   23,   36,   -8,   47,  -13,  -10,  -10,   -5,  -31,   -3,
      -3,   -3,  -26,  -18,  -26,   -8,   -3,   -3,   -8,   -3,   -3,  -16,   44,  -21,   -8,  -13,
     -10,  -65,  -65,  -65,  -65,  -65,  -45,  -65,  -65,  -65,  -52,  -58,  -65,  -26,  -10,  -13,
     -18,  -58,  -58,  -58,  -58,  -58,  -42,  -58,  -58,  -58,  -45,  -58,  -58,  -27,  -27,  -27,
     -27,  -27,  -27,  -27,  -27,  -27,  -27,  -27,  -27,  -23,  -18,  -23,  -23,  -23,  -23,  -23,
     -42,   -5,  -16,   -5,
};

static const EpdLigaturePair charein_16_bolditalicLigaturePairs[] = {
    { 0x00660066, 0xFB00 }, // f f -> U+FB00
    { 0x00660069, 0xFB01 }, // f i -> U+FB01
    { 0x0066006C, 0xFB02 }, // f l -> U+FB02
    { 0xFB000069, 0xFB03 }, // U+FB00 i -> U+FB03
    { 0xFB00006C, 0xFB04 }, // U+FB00 l -> U+FB04
};

static constexpr EpdFontData charein_16_bolditalic = {
    charein_16_bolditalicBitmaps,
    charein_16_bolditalicGlyphs,
    charein_16_bolditalicIntervals,
    50,
    35,
    27,
    -9,
    true,
    charein_16_bolditalicGroups,
    17,
    nullptr,
    nullptr,  // kernLeftClasses: built-in fonts use split arrays
    nullptr,  // kernRightClasses
    charein_16_bolditalicKernLeftCodepoints,
    charein_16_bolditalicKernLeftClassIds,
    charein_16_bolditalicKernRightCodepoints,
    charein_16_bolditalicKernRightClassIds,
    nullptr,  // kernMatrix: built-in fonts use sparse rows
    charein_16_bolditalicKernRowOffsets,
    charein_16_bolditalicKernSparseCols,
    charein_16_bolditalicKernSparseValues,
    426,
    450,
    29,
    24,
    charein_16_bolditalicLigaturePairs,
    5,
};
