/**
 * generated by fontconvert.py
 * name: charein_20_bolditalic
 * size: 20
 * mode: 2-bit  compressed: true
 * Command used: fontconvert.py charein_20_bolditalic 20 ../builtinFonts/source/ChareInk7/ChareInk7-BoldItalic.ttf ../builtinFonts/source/NotoSymbols/NotoSansSymbols-Regular.ttf --additional-intervals 0x03BB,0x03BB --additional-intervals 0x0410,0x0414 --additional-intervals 0x0418,0x0418 --additional-intervals 0x041B,0x041B --additional-intervals 0x041D,0x0423 --additional-intervals 0x0425,0x0425 --additional-intervals 0x0427,0x0427 --additional-intervals 0x042B,0x042C --additional-intervals 0x042E,0x0432 --additional-intervals 0x0434,0x0435 --additional-intervals 0x0437,0x0437 --additional-intervals 0x043A,0x043A --additional-intervals 0x043D,0x043E --additional-intervals 0x0440,0x0440 --additional-intervals 0x0442,0x0442 --additional-intervals 0x0446,0x0446 --additional-intervals 0x044C,0x044C --additional-intervals 0x044E,0x044E --additional-intervals 0x2113,0x2113 --additional-intervals 0x2669,0x266F --font-include-intervals 1:0x2669,0x266F --2bit --compress --pnum --darken-aa --zopfli
 */
#pragma once
#include "EpdFontData.h"

static const uint8_t charein_20_bolditalicBitmaps[54645] = {
    0xAC, 0x94, 0x01, 0xA4, 0xE5, 0x46, 0x14, 0x86, 0xFF, 0x24, 0xBC, 0x8B, 0x20, 0xE0, 0x2D, 0xBA,
    0x2A, 0x8B, 0xA2, 0x05, 0x81, 0x02, 0x74, 0x27, 0x05, 0x50, 0xEC, 0x83, 0x57, 0x14, 0xB6, 0x28,
    0xB6, 0x05, 0x28, 0x80, 0x4A, 0xBA, 0x50, 0x14, 0x5D, 0x14, 0x00, 0x8B, 0x85, 0x05, 0xA0, 0x80,
    0x6D, 0x67, 0x0A, 0x00, 0x1A, 0x28, 0x00, 0x41, 0x0B, 0x28, 0x53, 0x82, 0x6C, 0x4D, 0xF2, 0xF7,
    0xFC, 0x26, 0xEF, 0xED, 0x65, 0x5B, 0xAA, 0xF6, 0xDC, 0xC9, 0xF7, 0x9F, 0xC9, 0x9C, 0x39, 0xE7,
    0x64, 0x86, 0x8B, 0xF2, 0x09, 0xDA, 0x04, 0x97, 0xE0, 0x37, 0x30, 0x41, 0x63, 0x01, 0x23, 0x34,
    0x26, 0x30, 0xD8, 0x28, 0xD8, 0x17, 0x84, 0x8D, 0x72, 0x43, 0x99, 0xA0, 0xB1, 0xA2, 0x8C, 0xA8,
    0x22, 0xB2, 0x5D, 0x8C, 0xE8, 0x22, 0x94, 0x43, 0xC3, 0x1C, 0x4D, 0x2F, 0x7A, 0xB4, 0xA1, 0x09,
    0x6E, 0x76, 0xB3, 0x9F, 0xEC, 0x09, 0xC3, 0x64, 0x4F, 0xF0, 0xFD, 0x30, 0x12, 0x43, 0xBF, 0xC3,
    0x63, 0xC3, 0x4F, 0x48, 0x78, 0x81, 0xD5, 0x9E, 0x88, 0x1F, 0xF0, 0x14, 0x9F, 0xC2, 0xEC, 0x7D,
    0xBC, 0x6B, 0xB4, 0x35, 0x27, 0xD9, 0xE0, 0x25, 0xC9, 0x1C, 0xA8, 0x70, 0x32, 0xA9, 0x16, 0x73,
    0x4C, 0x62, 0xB5, 0x98, 0xD4, 0xB3, 0x3A, 0x41, 0x33, 0x9D, 0x66, 0x49, 0x68, 0x26, 0x9C, 0x28,
    0x5B, 0x0F, 0x29, 0xAE, 0xFD, 0xF5, 0x70, 0x7D, 0xA5, 0x94, 0x03, 0x00, 0xD5, 0xCD, 0x29, 0x13,
    0x94, 0xB2, 0x78, 0x95, 0xD2, 0x53, 0x16, 0x0E, 0xB9, 0x7C, 0xF8, 0xEB, 0xC3, 0xDF, 0xAF, 0x7B,
    0xA5, 0x0C, 0x00, 0xBA, 0xB1, 0x95, 0x38, 0x73, 0x24, 0x6A, 0xEF, 0x3F, 0xA4, 0x84, 0x7D, 0xD4,
    0x3D, 0x09, 0x50, 0x3C, 0x15, 0xA1, 0x6E, 0x25, 0xB3, 0x88, 0xBB, 0xFC, 0xCD, 0xA8, 0x4E, 0x47,
    0x60, 0x30, 0xE9, 0x51, 0x90, 0x5F, 0x53, 0xEF, 0x1E, 0x8C, 0x1E, 0x68, 0xB6, 0xA6, 0x37, 0xE9,
    0x52, 0x8B, 0x1D, 0x70, 0x6B, 0x97, 0xC5, 0xE1, 0x91, 0xC5, 0xAF, 0xF7, 0x01, 0x93, 0xF4, 0x81,
    0xC4, 0x71, 0xCB, 0x42, 0xA5, 0x6E, 0xC9, 0xFD, 0xC8, 0x1C, 0x4C, 0x4D, 0x54, 0xB7, 0x26, 0x17,
    0xB5, 0x48, 0xAE, 0xEA, 0xE1, 0xCF, 0x2C, 0xF3, 0xB0, 0xA2, 0x99, 0xAA, 0xC9, 0x49, 0x4E, 0xC1,
    0x45, 0x93, 0x3A, 0xF8, 0x88, 0x76, 0x6A, 0x02, 0x27, 0x74, 0x53, 0xF3, 0x98, 0x23, 0xDC, 0xD2,
    0x7C, 0xAB, 0xE2, 0x54, 0x12, 0x89, 0x7A, 0x2E, 0xBC, 0x7D, 0x81, 0xEC, 0x3E, 0xCE, 0xE5, 0xAB,
    0x2C, 0x2F, 0xB2, 0x3C, 0xCA, 0xF2, 0x79, 0x16, 0x34, 0xEA, 0x50, 0x97, 0x37, 0x30, 0xE9, 0xE6,
    0x50, 0xB0, 0xDA, 0x74, 0xC2, 0xA8, 0x52, 0xB5, 0x03, 0x03, 0x50, 0xAF, 0x25, 0x01, 0xAD, 0x2E,
    0xE6, 0x28, 0xB6, 0x8B, 0x15, 0xD1, 0xCC, 0x80, 0x9B, 0x2B, 0x2A, 0x56, 0xCE, 0xAE, 0x58, 0xB8,
    0xE9, 0xB4, 0x21, 0xC9, 0x09, 0x75, 0xB2, 0x58, 0x39, 0xCD, 0xDA, 0xCC, 0xC5, 0x95, 0x39, 0x6D,
    0xEC, 0xC6, 0x61, 0xB7, 0x18, 0x37, 0x0F, 0x25, 0x19, 0xBA, 0xC8, 0x90, 0x9A, 0xD5, 0xCD, 0x0D,
    0x59, 0x2D, 0x5D, 0xEC, 0x62, 0xC9, 0xA5, 0x9E, 0x15, 0x88, 0x4B, 0x74, 0xC1, 0xCB, 0x51, 0x0F,
    0xEC, 0x3B, 0x39, 0xA9, 0x20, 0xE4, 0x54, 0x6A, 0xC4, 0x99, 0x53, 0xAB, 0xAC, 0x9C, 0x2E, 0xA8,
    0xFE, 0xAC, 0x58, 0x73, 0x7C, 0x00, 0x92, 0x1C, 0x8E, 0xEA, 0xB7, 0xDC, 0x4B, 0x2A, 0x16, 0x05,
    0xAD, 0x39, 0xB4, 0x01, 0xD0, 0xB1, 0xE5, 0x7E, 0x75, 0x25, 0xB2, 0xE2, 0x99, 0x88, 0xB7, 0x9E,
    0x88, 0xBA, 0x1C, 0x09, 0x06, 0x72, 0x32, 0x29, 0x39, 0xF9, 0x08, 0x5D, 0x21, 0xDC, 0x6A, 0xDA,
    0x6C, 0x70, 0xC9, 0xB4, 0x4D, 0x59, 0xBB, 0x57, 0x3A, 0xAC, 0xD2, 0x0D, 0x8C, 0x5A, 0xA7, 0xED,
    0x54, 0x3C, 0x3F, 0x62, 0x0F, 0xED, 0xA7, 0xC2, 0x50, 0x29, 0x2D, 0x34, 0xDF, 0x4A, 0x5A, 0x64,
    0xC7, 0xAD, 0x92, 0x92, 0xB4, 0xF9, 0x5C, 0xF1, 0x17, 0x86, 0x76, 0x45, 0xC3, 0x13, 0x67, 0x67,
    0xCB, 0x16, 0x15, 0x87, 0x59, 0x35, 0x98, 0x18, 0x30, 0x58, 0x39, 0x12, 0xF0, 0x09, 0x2D, 0x37,
    0x29, 0x6A, 0xAE, 0xD0, 0xFB, 0x4A, 0x75, 0x1D, 0x51, 0x32, 0x49, 0x43, 0x43, 0xAA, 0xFC, 0x5F,
    0x24, 0x5F, 0xAA, 0x3C, 0xBF, 0x21, 0x47, 0x78, 0x8B, 0xF6, 0xA6, 0x17, 0xCF, 0x21, 0x6B, 0x83,
    0xFE, 0x1A, 0x7C, 0xB0, 0xDF, 0x48, 0x10, 0xBA, 0xC1, 0x15, 0x11, 0x4F, 0x61, 0x76, 0x37, 0x02,
    0x05, 0x67, 0x65, 0xD1, 0x45, 0xEB, 0x4A, 0x19, 0xF4, 0x09, 0xF9, 0x1C, 0x80, 0x76, 0x35, 0xE8,
    0x12, 0xE0, 0xE7, 0x63, 0xB1, 0xCC, 0x11, 0xFD, 0x11, 0x56, 0x0B, 0xCD, 0x7E, 0xBB, 0xE1, 0x38,
    0xAA, 0x03, 0x6E, 0x15, 0x96, 0x5B, 0xC4, 0x7F, 0x41, 0xB7, 0xDC, 0x14, 0x6B, 0x52, 0xC6, 0x91,
    0x3E, 0x9F, 0xB1, 0x4F, 0x37, 0xA9, 0xF1, 0x99, 0xB0, 0x0B, 0x9C, 0x6F, 0x56, 0x6A, 0xCD, 0xD5,
    0x52, 0xEE, 0x30, 0xC3, 0x6B, 0xE3, 0x30, 0x0B, 0xF1, 0x75, 0xF8, 0x5B, 0x70, 0xBE, 0xC5, 0x74,
    0xEC, 0x2D, 0xCE, 0xBE, 0x73, 0x7C, 0xFD, 0x3B, 0x55, 0xB2, 0x3B, 0x3B, 0x98, 0xD7, 0x4E, 0xCD,
    0x2D, 0x47, 0xE3, 0x1D, 0x8F, 0x19, 0xDE, 0x83, 0x0C, 0xF7, 0x04, 0xCD, 0xAB, 0x74, 0x83, 0xC2,
    0x70, 0x1A, 0x97, 0xB7, 0x2D, 0x5B, 0xF4, 0xA1, 0xDD, 0xBE, 0x64, 0xA8, 0xF9, 0x40, 0x1B, 0x7B,
    0x85, 0xFC, 0x61, 0x68, 0xBF, 0x1B, 0x01, 0xDF, 0x44, 0x80, 0xF5, 0x0A, 0xEC, 0xA7, 0x05, 0x58,
    0x4B, 0x43, 0xB6, 0x7C, 0x97, 0x28, 0x96, 0x37, 0x26, 0x9E, 0xB2, 0xF9, 0x90, 0xCB, 0xEB, 0x8F,
    0x5F, 0x5E, 0x5F, 0xF7, 0x6F, 0xB4, 0x02, 0xEA, 0x05, 0x2E, 0x81, 0x1B, 0x34, 0x92, 0x46, 0xB5,
    0xE2, 0x14, 0xD1, 0x04, 0x74, 0x7D, 0xB1, 0xA1, 0x8B, 0x70, 0x23, 0xDE, 0x01, 0x1C, 0xA9, 0x07,
    0x03, 0x09, 0xCF, 0x1D, 0xB4, 0x0D, 0x17, 0xBD, 0x8B, 0x4C, 0xF9, 0xE7, 0xE2, 0x45, 0x0F, 0xB3,
    0x2E, 0x88, 0x4E, 0x3E, 0x88, 0xE3, 0x60, 0xA1, 0xAC, 0x80, 0x25, 0x16, 0x9B, 0xF9, 0x2C, 0x70,
    0x14, 0xBD, 0x80, 0x4D, 0x28, 0x73, 0xF8, 0x22, 0x36, 0x51, 0x6C, 0xCF, 0x02, 0x07, 0x01, 0xFB,
    0x59, 0xE0, 0x2A, 0xD6, 0x39, 0xEF, 0xF4, 0x7F, 0x1A, 0xE8, 0x5F, 0x35, 0xF0, 0x1C, 0x87, 0x7D,
    0xF1, 0x44, 0x75, 0xB9, 0xE7, 0x3B, 0x08, 0xA8, 0xF8, 0x33, 0x23, 0x1A, 0xC2, 0xAF, 0x70, 0x49,
    0x43, 0xCE, 0x06, 0x46, 0x74, 0x7B, 0xC5, 0x19, 0x1D, 0x2B, 0x06, 0x63, 0x4D, 0xB1, 0x61, 0x6F,
    0x6C, 0x09, 0x63, 0x67, 0x74, 0x74, 0xBB, 0x71, 0x77, 0xE2, 0x66, 0xFB, 0x30, 0xA4, 0x21, 0x01,
    0x3E, 0x79, 0x23, 0x33, 0x17, 0x63, 0xC1, 0x68, 0xB4, 0x84, 0x22, 0x83, 0xC5, 0xD4, 0x1C, 0xAD,
    0x5A, 0x43, 0x55, 0x33, 0xC7, 0x72, 0xFA, 0xC5, 0xA6, 0x8F, 0x39, 0x59, 0x00, 0x09, 0x35, 0xB8,
    0x18, 0x8B, 0xDC, 0x7B, 0xC9, 0x11, 0x85, 0x67, 0xAF, 0xB6, 0x15, 0x20, 0x78, 0xA2, 0xB0, 0x36,
    0xF3, 0x7F, 0x26, 0x94, 0xE5, 0xC0, 0x20, 0xF8, 0x55, 0x50, 0x0A, 0xC6, 0x73, 0x14, 0x9C, 0x95,
    0x6E, 0x82, 0x1A, 0x39, 0xC7, 0xC9, 0x4A, 0xA0, 0x16, 0x1A, 0xF6, 0x02, 0x0E, 0xB4, 0x86, 0xCB,
    0x81, 0xDF, 0xAB, 0xF6, 0x9E, 0x61, 0x76, 0xC7, 0x1A, 0xD3, 0x5A, 0xCE, 0xA9, 0x97, 0xCA, 0xE0,
    0xD8, 0x6B, 0x53, 0x43, 0x1D, 0x17, 0x6A, 0x13, 0x97, 0xA5, 0xDB, 0x4D, 0x26, 0x34, 0x49, 0x33,
    0x14, 0x57, 0x0A, 0x81, 0x2A, 0xA8, 0x20, 0x14, 0x2C, 0x73, 0xBB, 0x08, 0x9F, 0xC4, 0x52, 0xA9,
    0x95, 0x75, 0xCA, 0x95, 0x7A, 0xC9, 0xB0, 0x9D, 0x2D, 0x29, 0xD5, 0xED, 0xAE, 0x82, 0xEB, 0xCD,
    0xBB, 0x1F, 0xF5, 0x0E, 0x85, 0xCE, 0x7D, 0x41, 0x95, 0x4B, 0x9A, 0x38, 0x9A, 0x25, 0x78, 0xC9,
    0x9A, 0x65, 0x81, 0x98, 0xB3, 0x7D, 0xF2, 0x4C, 0xEC, 0xA8, 0x7A, 0xA5, 0x42, 0xD4, 0xDD, 0x87,
    0xDC, 0x00, 0xA7, 0xBD, 0xB7, 0x32, 0x24, 0x74, 0x9A, 0x65, 0x69, 0xE2, 0x3F, 0x36, 0x5F, 0x9C,
    0x77, 0x78, 0x47, 0x49, 0x74, 0xA3, 0x73, 0x96, 0x5D, 0x72, 0xD5, 0x32, 0x48, 0xAB, 0x1C, 0x59,
    0x72, 0x91, 0x40, 0x65, 0xCF, 0x64, 0x41, 0xD1, 0x2B, 0x19, 0xBA, 0x68, 0x21, 0x33, 0xDC, 0xF2,
    0x77, 0xED, 0x56, 0x0F, 0xAB, 0xB9, 0x71, 0x5D, 0x1F, 0xBF, 0x2F, 0xFB, 0x08, 0x2F, 0x01, 0xD3,
    0x4D, 0x56, 0xB0, 0x16, 0x09, 0x9B, 0x34, 0xB1, 0x0C, 0xB0, 0xAF, 0x48, 0x25, 0x3D, 0xA2, 0x42,
    0x1B, 0x15, 0x2E, 0xB6, 0x49, 0x91, 0xC8, 0x41, 0xB6, 0x4D, 0x11, 0x60, 0x68, 0xB8, 0x07, 0xB6,
    0xB0, 0xD3, 0xA4, 0xC8, 0x16, 0x71, 0x60, 0x49, 0x08, 0xB6, 0x55, 0x21, 0x84, 0x8C, 0x1A, 0x95,
    0xA6, 0x15, 0xBB, 0x72, 0x61, 0x5A, 0xB6, 0x10, 0xC0, 0x2E, 0x44, 0xDB, 0xDC, 0x68, 0x36, 0x22,
    0x79, 0x33, 0xE7, 0x9C, 0x21, 0x1F, 0x9F, 0x9E, 0x9E, 0xE4, 0x18, 0xC8, 0xDB, 0xEF, 0xDD, 0x33,
    0xCB, 0x47, 0x72, 0xE6, 0xFE, 0xCC, 0xBD, 0x67, 0x86, 0xFC, 0xE8, 0xAD, 0xD6, 0xC3, 0x72, 0x18,
    0x8A, 0x62, 0x2F, 0xD1, 0x68, 0x4D, 0x99, 0x55, 0x17, 0xAB, 0x42, 0xB1, 0xF5, 0x7D, 0x6A, 0x36,
    0x6B, 0x78, 0xEC, 0x0C, 0x32, 0xE3, 0x79, 0x25, 0x3B, 0x76, 0xF2, 0x23, 0x64, 0x4A, 0x59, 0xAC,
    0x18, 0xAD, 0x7B, 0x66, 0xE0, 0x35, 0xEF, 0x5B, 0x17, 0x0E, 0xFF, 0x79, 0x90, 0xC5, 0x82, 0xEE,
    0xDD, 0x74, 0xB6, 0x26, 0xB1, 0x3E, 0x78, 0xFC, 0x6C, 0x75, 0x66, 0x75, 0xBE, 0x32, 0x96, 0x69,
    0x4C, 0xCA, 0x95, 0x72, 0xD9, 0xBB, 0xAD, 0x8E, 0xD2, 0x43, 0xB6, 0x13, 0x25, 0x95, 0xB7, 0x83,
    0x94, 0x91, 0xDE, 0x7C, 0xCC, 0x52, 0x6F, 0xD6, 0x08, 0x6A, 0x81, 0xA8, 0xA0, 0xA9, 0x26, 0xB1,
    0x1E, 0x08, 0xE6, 0x23, 0x14, 0x82, 0xD2, 0x13, 0xAA, 0x49, 0x60, 0xF6, 0x58, 0x80, 0x4B, 0x9C,
    0x68, 0xDF, 0xDF, 0xBC, 0xDC, 0x5A, 0x2F, 0x3F, 0xC9, 0x09, 0x00, 0x99, 0xFD, 0x08, 0xE3, 0x0E,
    0x72, 0x6C, 0x86, 0x49, 0xDA, 0xA3, 0x3E, 0x05, 0x03, 0xC8, 0x17, 0x34, 0x2C, 0x26, 0x9E, 0x5B,
    0x2F, 0xC5, 0x23, 0x30, 0x66, 0x31, 0x55, 0x70, 0xA3, 0xEF, 0x41, 0x5E, 0xFD, 0xBC, 0x34, 0xEE,
    0x9D, 0xB6, 0x90, 0x99, 0x4D, 0x8A, 0x20, 0x75, 0x10, 0x03, 0x47, 0xB3, 0x9B, 0xB7, 0x55, 0xF7,
    0xEC, 0x16, 0x36, 0xF8, 0x89, 0x0D, 0x74, 0xF7, 0x0A, 0x09, 0x3A, 0x68, 0x53, 0x61, 0x43, 0x65,
    0xF5, 0xD9, 0xC6, 0x6A, 0x41, 0xDC, 0xE3, 0x22, 0xF3, 0xED, 0x67, 0xCB, 0x51, 0xD2, 0xCD, 0x88,
    0xA9, 0x8A, 0x39, 0x29, 0x48, 0xF9, 0xB1, 0x5C, 0xD1, 0x68, 0x3D, 0xE2, 0x48, 0x45, 0x96, 0xA3,
    0x7A, 0x33, 0x68, 0x73, 0x7D, 0xCE, 0x1C, 0x01, 0x0B, 0x2C, 0x72, 0x84, 0xD3, 0xC2, 0x32, 0x7E,
    0x9E, 0xE9, 0xF8, 0x93, 0x17, 0x1F, 0xD8, 0xDC, 0x8A, 0x8E, 0x64, 0xEE, 0xA3, 0xF7, 0x14, 0x0F,
    0x0A, 0x05, 0x91, 0x03, 0x31, 0x03, 0x25, 0x20, 0x85, 0x2E, 0xC1, 0x4D, 0xFB, 0xAD, 0x44, 0x20,
    0x68, 0x0B, 0x48, 0xF4, 0xA9, 0x00, 0xBB, 0x76, 0xAB, 0xFE, 0xE6, 0xAD, 0x14, 0x1C, 0x3A, 0x51,
    0x35, 0xE1, 0x3B, 0x4A, 0x2F, 0x3C, 0x0B, 0xEA, 0xD1, 0xCA, 0xD5, 0xCC, 0x2B, 0x8A, 0x15, 0x9D,
    0xF3, 0xDA, 0x4A, 0xE0, 0xA2, 0xB7, 0x27, 0x82, 0x79, 0xF6, 0xDC, 0xCE, 0x1C, 0xA2, 0x33, 0x72,
    0xD8, 0xCA, 0x7E, 0x88, 0x21, 0x16, 0x0A, 0x81, 0x54, 0xD3, 0x31, 0x3B, 0x04, 0x1E, 0x92, 0xB0,
    0xD9, 0x80, 0xE8, 0x29, 0x6C, 0xA2, 0xBD, 0x4C, 0x77, 0x30, 0xB1, 0xE1, 0x2D, 0x96, 0x04, 0xAD,
    0x27, 0x18, 0x96, 0xA7, 0xB8, 0x14, 0x71, 0x92, 0x5A, 0x87, 0x0C, 0x50, 0x9A, 0xA6, 0x49, 0x64,
    0x15, 0x0D, 0x3D, 0xF5, 0x38, 0x2A, 0xF6, 0x8A, 0xF2, 0x99, 0x78, 0x1E, 0xFA, 0x63, 0x3E, 0xF3,
    0x50, 0x65, 0xBF, 0xE1, 0xCA, 0x90, 0x2A, 0x2D, 0xDE, 0x10, 0x05, 0x40, 0x09, 0xBC, 0x16, 0xC8,
    0x0A, 0x01, 0x0A, 0x41, 0xA9, 0xBF, 0x55, 0xCA, 0xF1, 0xD5, 0x1A, 0x60, 0x20, 0xBB, 0xB0, 0xE5,
    0xBE, 0x61, 0x74, 0x57, 0xCB, 0xAA, 0x11, 0xDD, 0xFE, 0xD3, 0x96, 0xE6, 0xEB, 0x43, 0x8A, 0xDC,
    0x98, 0xFC, 0x78, 0xA8, 0x00, 0xED, 0x02, 0x99, 0xEA, 0x58, 0x15, 0x29, 0xBF, 0xD7, 0x7F, 0x54,
    0x22, 0xE4, 0xFC, 0x2F, 0x47, 0xB7, 0x7D, 0x15, 0xAC, 0xF0, 0x0C, 0xC2, 0x3F, 0xE2, 0x83, 0x51,
    0x74, 0x38, 0x78, 0xE3, 0xE7, 0xB2, 0xC6, 0x44, 0xB5, 0xF9, 0xEA, 0x53, 0x61, 0x61, 0xAF, 0x5B,
    0xE0, 0x22, 0x5C, 0x8B, 0xB1, 0xE8, 0x77, 0xE0, 0x31, 0xDD, 0xE9, 0xF6, 0x9F, 0x6C, 0x52, 0x08,
    0xD9, 0x12, 0x7F, 0x67, 0xFD, 0x9E, 0xBD, 0xB8, 0x08, 0xD6, 0xDA, 0x65, 0x48, 0xDC, 0x4B, 0x80,
    0x51, 0x24, 0xE7, 0x4F, 0xF6, 0x8B, 0xBF, 0xA2, 0x5B, 0x0C, 0x90, 0x49, 0x4B, 0x28, 0xAD, 0xA1,
    0xC2, 0xBF, 0x90, 0x29, 0x8E, 0x87, 0x86, 0xAB, 0x43, 0x85, 0x2C, 0x81, 0x4B, 0x00, 0x17, 0x82,
    0x49, 0xB7, 0x33, 0xB9, 0xDD, 0xAD, 0x84, 0xAD, 0x9C, 0xDC, 0xFF, 0xF4, 0x61, 0x4F, 0x2C, 0x34,
    0x35, 0xB6, 0x5B, 0x9D, 0x04, 0xA1, 0xCE, 0x3F, 0xC0, 0x4F, 0x7D, 0x9D, 0xA0, 0x7E, 0xBE, 0x29,
    0x6E, 0xBF, 0xAE, 0xD6, 0xDF, 0xFE, 0x5D, 0xD0, 0x42, 0x37, 0xA9, 0x05, 0xBD, 0xA5, 0x91, 0xF4,
    0xD3, 0x61, 0xE2, 0x8D, 0xC3, 0xF5, 0x71, 0x9C, 0x39, 0x21, 0x31, 0xC2, 0xA3, 0x55, 0x7A, 0xF7,
    0x2A, 0xFE, 0x3A, 0x54, 0xEB, 0xD0, 0x95, 0xAA, 0xCE, 0xEA, 0xC3, 0x0D, 0xDE, 0x3E, 0x8C, 0x59,
    0xEC, 0x4A, 0x44, 0x2B, 0x33, 0x5B, 0xB1, 0x3B, 0x61, 0x4D, 0x35, 0x9D, 0xAD, 0x6B, 0x47, 0x2C,
    0x5B, 0xFB, 0xD0, 0x51, 0xD5, 0x5D, 0x27, 0x4C, 0x98, 0x27, 0x0A, 0x67, 0x05, 0xB3, 0xF9, 0x38,
    0xD8, 0xD6, 0x6A, 0x15, 0x8C, 0x64, 0x45, 0xE7, 0x93, 0xF6, 0x48, 0x24, 0xC0, 0x77, 0xAE, 0xA2,
    0x51, 0x0B, 0x1B, 0xAD, 0x76, 0x6D, 0x96, 0xE0, 0x7F, 0xF5, 0x07, 0x9D, 0xB2, 0x13, 0x12, 0x4D,
    0x61, 0x91, 0x5C, 0xD5, 0x43, 0xF4, 0x5C, 0x27, 0xED, 0xC6, 0xE5, 0xB2, 0x39, 0xFC, 0xAA, 0x70,
    0x6C, 0x93, 0xC4, 0x85, 0x0A, 0x2D, 0xCE, 0xDC, 0x5F, 0xC4, 0xE4, 0x37, 0x62, 0xF9, 0x74, 0xAF,
    0x79, 0x23, 0x1D, 0x53, 0x24, 0xFD, 0x65, 0x3D, 0xFB, 0xDC, 0x23, 0x45, 0x2D, 0x67, 0x5F, 0x8C,
    0x21, 0x49, 0x57, 0xF3, 0x69, 0x2E, 0xC7, 0xC4, 0x9A, 0x3C, 0x34, 0xAA, 0x3E, 0x9C, 0xCE, 0x46,
    0x17, 0x6A, 0x6A, 0xE1, 0x4F, 0xB3, 0x43, 0xA3, 0x9C, 0x4E, 0x73, 0xDB, 0x95, 0x3E, 0x8C, 0x13,
    0x8D, 0x6A, 0x0C, 0x8D, 0xB3, 0x57, 0x63, 0x38, 0x8F, 0x6C, 0xB8, 0x3E, 0x53, 0xA3, 0xED, 0xF2,
    0x81, 0x0D, 0xEB, 0x8A, 0xCE, 0x85, 0x46, 0x62, 0x5D, 0x55, 0x57, 0x7D, 0x35, 0x9F, 0xAD, 0xB1,
    0x70, 0x41, 0x61, 0x8F, 0xEC, 0x3D, 0x6C, 0xB3, 0xE5, 0xB6, 0x3A, 0xD0, 0x70, 0x7F, 0xB6, 0x89,
    0x04, 0x72, 0xBE, 0xF8, 0xBB, 0x3A, 0xFB, 0x85, 0x96, 0x7C, 0x1B, 0xFD, 0x25, 0xCA, 0x8F, 0x87,
    0xA2, 0xF1, 0x8E, 0x28, 0x2B, 0xB3, 0x7A, 0x62, 0xCF, 0x43, 0xB8, 0xF7, 0x32, 0x58, 0x68, 0x33,
    0xCA, 0x6C, 0x8D, 0xD6, 0x7C, 0x20, 0xC0, 0xF9, 0xC2, 0x3C, 0x62, 0x05, 0x54, 0xA0, 0x10, 0xCD,
    0x1A, 0x75, 0xB9, 0x15, 0x22, 0x61, 0x26, 0x84, 0xC9, 0x7A, 0x60, 0xF5, 0x5B, 0x45, 0xA1, 0xFB,
    0x40, 0x88, 0x95, 0x84, 0x46, 0x0A, 0xC4, 0xD0, 0x89, 0xF9, 0x22, 0x16, 0x51, 0x70, 0x69, 0xA1,
    0xC4, 0x08, 0x6C, 0xCD, 0xE4, 0xFB, 0x5F, 0xBE, 0xD9, 0xCE, 0x52, 0xB0, 0x9A, 0x55, 0xCD, 0xAA,
    0x45, 0x95, 0xB1, 0x5C, 0xA5, 0x17, 0xC9, 0xE6, 0x24, 0x1E, 0xDE, 0x8E, 0x1A, 0xB8, 0x82, 0x50,
    0xDC, 0xB8, 0xB0, 0xC7, 0xCE, 0x56, 0x0C, 0x78, 0xDE, 0x30, 0x76, 0x43, 0xC0, 0x5E, 0x85, 0x3D,
    0x7F, 0x8A, 0xD1, 0x18, 0x36, 0x89, 0x00, 0x08, 0xB9, 0x24, 0x40, 0x4B, 0x02, 0x00, 0x40, 0x15,
    0x30, 0x40, 0x77, 0x61, 0x1E, 0x00, 0x2A, 0x94, 0x22, 0xC3, 0xF6, 0xB0, 0x70, 0xC1, 0x7A, 0xF0,
    0xAD, 0x9D, 0x65, 0x0A, 0x66, 0x74, 0xFE, 0x8F, 0xAD, 0x35, 0x18, 0x6B, 0x6E, 0x3D, 0xE0, 0x6C,
    0x23, 0x34, 0x38, 0xC5, 0x6A, 0x25, 0xC0, 0xFF, 0x9C, 0xA0, 0xF5, 0x4C, 0xB2, 0x36, 0x61, 0xF0,
    0x18, 0x0A, 0x68, 0x30, 0x8E, 0x5B, 0x18, 0xE6, 0xB3, 0x47, 0x36, 0x8B, 0x4F, 0xF4, 0x04, 0xA5,
    0x8C, 0x3B, 0xE4, 0x1E, 0x27, 0xA8, 0x22, 0xDF, 0xCE, 0xF4, 0xB5, 0x13, 0xB1, 0xCF, 0x3C, 0x2D,
    0x95, 0x4D, 0x34, 0x70, 0x36, 0xA2, 0xCB, 0x00, 0xD0, 0x24, 0x00, 0xAB, 0x4B, 0x3A, 0x6C, 0x3C,
    0xE2, 0x1A, 0x4B, 0x70, 0x82, 0x56, 0xB0, 0x33, 0xEE, 0x2F, 0x02, 0x39, 0x72, 0xE1, 0x75, 0x89,
    0xEA, 0xF5, 0x79, 0xC6, 0xAD, 0x01, 0xC8, 0x0C, 0xA9, 0xA7, 0x6E, 0xB9, 0x0F, 0xC3, 0x5C, 0x38,
    0x25, 0x9D, 0x45, 0x66, 0xAD, 0x70, 0x7C, 0x11, 0x69, 0x87, 0xCE, 0x79, 0x22, 0xA4, 0x66, 0x77,
    0xE0, 0xA5, 0xB8, 0x60, 0x6B, 0x57, 0x61, 0x61, 0x62, 0xFF, 0x50, 0x14, 0x9E, 0x52, 0xAD, 0xEA,
    0x69, 0x49, 0x68, 0x98, 0x08, 0x79, 0x6E, 0x2A, 0xD4, 0x84, 0x20, 0xEA, 0x5A, 0xE8, 0xBE, 0xE1,
    0x49, 0x48, 0x2F, 0x15, 0xC4, 0x01, 0x23, 0xC7, 0xB5, 0xF0, 0x1A, 0xFB, 0x11, 0xF5, 0xA9, 0x89,
    0xA5, 0xC9, 0x4C, 0x68, 0x43, 0x6D, 0x9B, 0xF0, 0xAB, 0x32, 0xC9, 0x5B, 0xA9, 0x2B, 0x64, 0xED,
    0x04, 0xDE, 0x63, 0x22, 0xD4, 0x0A, 0x11, 0xD0, 0x48, 0x4F, 0xBA, 0x4C, 0x00, 0x2D, 0x1F, 0x3C,
    0x9C, 0x35, 0x40, 0x2F, 0x98, 0xA4, 0x22, 0x17, 0x38, 0x00, 0x91, 0x5C, 0xEA, 0x25, 0x38, 0x8F,
    0x1C, 0x61, 0x3A, 0x72, 0x80, 0xE1, 0x0C, 0x74, 0x9C, 0x0F, 0x00, 0x33, 0x01, 0xCE, 0x2D, 0xEC,
    0x81, 0xEB, 0x38, 0xE6, 0x12, 0xB0, 0x62, 0x7B, 0x95, 0xEB, 0x6B, 0xC0, 0xFC, 0x69, 0xCF, 0x7F,
    0xAD, 0xA6, 0x46, 0x55, 0x4D, 0xA5, 0x5A, 0x11, 0x6C, 0xDB, 0xE0, 0x9E, 0xFD, 0xCF, 0x9B, 0x6F,
    0xAD, 0x8A, 0xC5, 0x08, 0x4B, 0x54, 0xC5, 0x47, 0xA0, 0x2A, 0x8F, 0x26, 0x19, 0x62, 0x8C, 0x20,
    0x4B, 0x4B, 0x95, 0x5C, 0xBE, 0xCA, 0xFB, 0x6B, 0x1A, 0x1D, 0x55, 0x91, 0x0E, 0x8D, 0xE0, 0xBB,
    0x8F, 0xFA, 0x83, 0x2A, 0x84, 0xD2, 0x38, 0xF8, 0x72, 0x25, 0x40, 0x95, 0x5A, 0xCB, 0xD0, 0x9B,
    0x41, 0xEC, 0x6F, 0x5D, 0xB1, 0x5C, 0xEA, 0xA0, 0xD8, 0xBC, 0x40, 0xC5, 0xEF, 0x75, 0xD5, 0x97,
    0x56, 0x19, 0x29, 0x97, 0xDF, 0x10, 0x7A, 0xE5, 0xA2, 0xA2, 0x76, 0x9E, 0xB5, 0xEE, 0x06, 0x3A,
    0x1C, 0xE3, 0x8A, 0x3A, 0x20, 0xE7, 0x70, 0xC0, 0x09, 0x4A, 0x04, 0x1C, 0x55, 0x11, 0x95, 0x4D,
    0x85, 0xAB, 0xD0, 0xCD, 0xC2, 0x36, 0xA2, 0x05, 0x0C, 0x4C, 0xE1, 0xC2, 0xB4, 0xBE, 0x38, 0x22,
    0xEF, 0x25, 0x6C, 0x80, 0xB8, 0x27, 0xAE, 0x13, 0xED, 0x16, 0x32, 0x48, 0xC5, 0x43, 0x69, 0x16,
    0x58, 0x6F, 0x1F, 0x6E, 0xC5, 0x22, 0xB0, 0xA8, 0x4F, 0xF8, 0x08, 0x18, 0xE7, 0x9C, 0x36, 0x2C,
    0x74, 0x7C, 0xCC, 0xF1, 0x27, 0x35, 0x14, 0x91, 0x17, 0x77, 0x9C, 0xBD, 0x22, 0x7B, 0x95, 0x9A,
    0x79, 0xEA, 0x29, 0x61, 0x83, 0xF9, 0x79, 0x60, 0x43, 0x9E, 0x74, 0x6A, 0xD0, 0xEA, 0x72, 0x2A,
    0xAD, 0xC2, 0x86, 0x1C, 0x8B, 0x86, 0x06, 0x97, 0xA8, 0x21, 0x22, 0xA5, 0x86, 0x92, 0xF6, 0x83,
    0x07, 0xAF, 0xC9, 0xC5, 0xBA, 0xC5, 0x3E, 0x0D, 0xE3, 0x3C, 0x54, 0xCC, 0xEE, 0x0D, 0x19, 0x58,
    0x56, 0x90, 0xBB, 0xD5, 0xB0, 0x58, 0x18, 0x6E, 0x8E, 0xFD, 0x05, 0x7B, 0x16, 0xEA, 0xDF, 0xFA,
    0xCA, 0x85, 0xD6, 0x87, 0xE6, 0xF7, 0x86, 0x8C, 0x40, 0x01, 0xE5, 0xA5, 0x38, 0x84, 0x14, 0x96,
    0xB2, 0xE7, 0xE3, 0x16, 0x91, 0x46, 0xA6, 0xC1, 0xE4, 0x12, 0x87, 0xDD, 0x21, 0x75, 0x2C, 0x51,
    0xDD, 0xB6, 0x15, 0xB5, 0x65, 0x36, 0x89, 0x7B, 0xF6, 0xBC, 0xE6, 0x78, 0x24, 0xB4, 0x88, 0xD9,
    0x61, 0xE3, 0xA7, 0xEA, 0x50, 0xBA, 0xAB, 0xBF, 0x03, 0x14, 0xD7, 0x52, 0xBA, 0x40, 0xDD, 0xAB,
    0xEF, 0xFF, 0xCB, 0x14, 0x49, 0x04, 0x54, 0xFC, 0x6E, 0x43, 0xD5, 0xCB, 0x8E, 0x7A, 0x57, 0x5D,
    0x2A, 0xC8, 0xAC, 0x06, 0xB0, 0x73, 0xD7, 0xB1, 0x9F, 0xF6, 0x67, 0x46, 0xCD, 0x44, 0x91, 0x1F,
    0x69, 0xE4, 0x5A, 0x7E, 0xB1, 0x4E, 0xBD, 0x6F, 0x66, 0x1B, 0xA2, 0x06, 0xD7, 0x0F, 0xED, 0x7B,
    0xE8, 0x91, 0x01, 0x0B, 0x6C, 0x27, 0x76, 0x9D, 0x58, 0xCF, 0xBE, 0x53, 0xAB, 0x69, 0xF7, 0x62,
    0x56, 0xAE, 0x70, 0x23, 0xF1, 0x3F, 0x68, 0xA0, 0xD4, 0xDE, 0x33, 0x99, 0xE4, 0x9F, 0x67, 0x59,
    0xC1, 0xC6, 0x88, 0xC3, 0xF1, 0xFF, 0x85, 0x99, 0x57, 0xFF, 0xED, 0x4C, 0x5C, 0xAB, 0x55, 0x96,
    0x29, 0x8C, 0x38, 0xC3, 0x81, 0x40, 0x28, 0x06, 0xE3, 0x60, 0x2A, 0xC3, 0x3A, 0x32, 0x02, 0x96,
    0xF7, 0xB3, 0x86, 0xE7, 0x84, 0x9C, 0xD3, 0x7F, 0x19, 0xA2, 0xA9, 0xB0, 0xEF, 0xD2, 0x5D, 0x99,
    0x59, 0x0D, 0x3C, 0x05, 0xD4, 0x93, 0x9F, 0xEF, 0x28, 0xA4, 0x36, 0x79, 0x4F, 0x53, 0x0E, 0x4D,
    0x49, 0x19, 0x58, 0xF6, 0x85, 0x86, 0xD2, 0x6F, 0x97, 0x1A, 0x89, 0x9C, 0x9D, 0x47, 0x59, 0x53,
    0x5E, 0x39, 0xBA, 0x94, 0x8C, 0xBA, 0x48, 0x93, 0x4D, 0x72, 0x39, 0x9B, 0xCC, 0xE4, 0x16, 0x33,
    0xEB, 0x93, 0x67, 0x41, 0x9C, 0x20, 0xB3, 0x11, 0xB9, 0xBC, 0x1D, 0x0D, 0x3F, 0x92, 0x83, 0x9E,
    0x01, 0x41, 0x76, 0x10, 0x75, 0x6C, 0xDE, 0x61, 0xD3, 0x81, 0x76, 0x88, 0x06, 0xE2, 0xA0, 0xA4,
    0xE8, 0x60, 0x02, 0x79, 0x86, 0xD0, 0x81, 0x0C, 0x67, 0xE9, 0x91, 0x54, 0x1E, 0x9B, 0xDC, 0x34,
    0x96, 0x23, 0xB7, 0x7E, 0xB4, 0xA3, 0x66, 0x1F, 0xA1, 0x99, 0x2D, 0xF0, 0xF7, 0x4F, 0xD1, 0xCC,
    0x67, 0xAC, 0x5B, 0x1F, 0xAD, 0x6A, 0x4E, 0xA9, 0x55, 0x0B, 0x9B, 0xAD, 0xCF, 0x67, 0x3D, 0x22,
    0xF3, 0x6E, 0x2E, 0x3D, 0x9B, 0xE5, 0x54, 0xCD, 0xD5, 0xE8, 0xB6, 0x66, 0x3B, 0x88, 0x4C, 0x8E,
    0xD5, 0x62, 0x9D, 0x4D, 0x6A, 0x1A, 0xA9, 0x27, 0x9A, 0xA5, 0x99, 0xCC, 0xEE, 0x86, 0xC2, 0x16,
    0xD9, 0xBE, 0xED, 0x73, 0x9B, 0xE5, 0x00, 0x3C, 0xDA, 0x9A, 0xB0, 0xA2, 0x51, 0x73, 0x94, 0x13,
    0xE0, 0x57, 0xC5, 0xFC, 0x0B, 0xF6, 0xA3, 0xE0, 0x8B, 0x6F, 0xD8, 0x87, 0xAC, 0x0D, 0xA9, 0x31,
    0x41, 0xA3, 0x79, 0x5E, 0xD1, 0x44, 0x17, 0xA4, 0x8A, 0xE6, 0xAF, 0x1A, 0x77, 0x50, 0x3B, 0x1E,
    0xC2, 0xED, 0x66, 0x50, 0x42, 0x16, 0x44, 0x43, 0x46, 0x2B, 0x3C, 0x4D, 0xD6, 0x93, 0x0E, 0x9D,
    0x99, 0x7E, 0x46, 0x36, 0xA6, 0xAD, 0x31, 0xB3, 0x91, 0x1A, 0x36, 0x3D, 0xB0, 0xAC, 0x59, 0x2B,
    0x23, 0xDB, 0xCF, 0x11, 0xB8, 0x18, 0x6C, 0x8E, 0xC8, 0xB5, 0x0E, 0x8D, 0x30, 0x52, 0x34, 0x8A,
    0xF9, 0x6C, 0x3F, 0x43, 0xA3, 0xF4, 0x27, 0xFB, 0x8D, 0x35, 0x5C, 0xFF, 0xD8, 0x27, 0xF4, 0xE7,
    0xC8, 0xAD, 0x72, 0x36, 0xAA, 0xAD, 0x51, 0xA2, 0x81, 0xBB, 0xE7, 0xAA, 0x74, 0x68, 0x2C, 0x7A,
    0x32, 0x95, 0x2A, 0xE8, 0xE1, 0xDD, 0xD8, 0x48, 0xD0, 0x78, 0x01, 0xB1, 0x10, 0xD4, 0xD3, 0xCD,
    0xDC, 0xA4, 0x06, 0x47, 0x1A, 0x4B, 0x8A, 0xDC, 0xAB, 0x65, 0xD7, 0x96, 0xC3, 0x86, 0x8C, 0xE3,
    0xB5, 0xFA, 0xB4, 0x25, 0x63, 0xED, 0xBD, 0xB1, 0x2C, 0xF2, 0x58, 0xB9, 0x73, 0xF7, 0x3A, 0xA7,
    0x4A, 0xA4, 0xD8, 0xC0, 0x2E, 0xA8, 0x2D, 0x5C, 0x85, 0x6E, 0x11, 0xB6, 0x33, 0xB1, 0xB1, 0x03,
    0xE2, 0x7A, 0x62, 0x69, 0xE2, 0xAF, 0xD5, 0x86, 0xAB, 0x66, 0x71, 0x3B, 0x0B, 0xCD, 0xA3, 0x29,
    0x56, 0xBE, 0x88, 0xF6, 0xA1, 0x1F, 0xF4, 0xAD, 0x87, 0x1A, 0xDA, 0x67, 0x6F, 0xE9, 0x2E, 0x8F,
    0x5D, 0x18, 0xA9, 0x53, 0x1F, 0xD4, 0xD3, 0x26, 0xA6, 0x2A, 0xEB, 0x63, 0xC1, 0x4A, 0xD6, 0xDA,
    0xAA, 0xDE, 0xF1, 0x2A, 0x44, 0xB7, 0xF8, 0x9C, 0xF9, 0xC3, 0xDA, 0x42, 0xD0, 0xED, 0xE0, 0x39,
    0xE7, 0xB9, 0xF0, 0x6E, 0xC4, 0x4D, 0x6B, 0x52, 0x25, 0x8B, 0x43, 0xE2, 0xE8, 0x0A, 0x4B, 0xCD,
    0x8B, 0xF1, 0xF7, 0xEC, 0xEF, 0x39, 0x35, 0x7B, 0xF5, 0x96, 0xD4, 0xFE, 0xB9, 0x19, 0xFE, 0x05,
    0x5E, 0xAC, 0x6A, 0xB3, 0xC3, 0xBE, 0xB6, 0x40, 0x8C, 0x2E, 0x40, 0xF1, 0x2E, 0xDC, 0xE9, 0x14,
    0x37, 0x02, 0xD1, 0xC5, 0x6E, 0xA3, 0x4A, 0x8C, 0x03, 0x6A, 0x88, 0xAD, 0x8C, 0xB4, 0x1B, 0x33,
    0x68, 0x10, 0x50, 0x0D, 0x98, 0x09, 0xB9, 0xF8, 0x00, 0x22, 0x83, 0x01, 0x4B, 0xE1, 0x50, 0x6D,
    0xB8, 0xEA, 0xF9, 0x06, 0x31, 0xDB, 0x5D, 0x2E, 0x2C, 0xAC, 0x21, 0x96, 0x32, 0x06, 0xFA, 0x2E,
    0x4D, 0x2E, 0x55, 0xC1, 0xF7, 0x18, 0x0A, 0x6E, 0x4B, 0xD7, 0x69, 0x85, 0x30, 0xC6, 0x73, 0x96,
    0x44, 0xE1, 0x11, 0x6B, 0xD3, 0x69, 0x53, 0xF8, 0xF2, 0x2D, 0x15, 0x56, 0x5E, 0xB6, 0x3D, 0x35,
    0xF9, 0x3A, 0x1A, 0xB6, 0x9E, 0xE6, 0xE8, 0xDD, 0xF9, 0x58, 0x57, 0x12, 0x92, 0x64, 0xAD, 0xC5,
    0x88, 0x56, 0xCB, 0xE9, 0xFC, 0x33, 0x92, 0x87, 0x27, 0x32, 0xCE, 0xE2, 0x9A, 0x32, 0x3A, 0x5E,
    0xF6, 0x13, 0x76, 0x3B, 0x6A, 0xC7, 0x44, 0xB6, 0x63, 0xC6, 0xE9, 0x81, 0x4D, 0xAE, 0xF0, 0x7F,
    0x59, 0xE1, 0x2D, 0x97, 0x03, 0xA3, 0x5B, 0x1E, 0x59, 0xC3, 0xF4, 0xCF, 0x0C, 0xA6, 0x47, 0x74,
    0x40, 0xE4, 0x7C, 0xA1, 0xE8, 0x86, 0x50, 0x4F, 0xF1, 0x14, 0x09, 0x1B, 0x27, 0xCA, 0x6D, 0xC3,
    0x86, 0xEC, 0x23, 0x0D, 0x05, 0xAD, 0x35, 0xF4, 0x6F, 0x0D, 0x90, 0x0F, 0xF5, 0x69, 0x22, 0xB2,
    0x62, 0x2D, 0xD1, 0xB2, 0xAB, 0xC5, 0x7A, 0x2D, 0xC7, 0xE2, 0x58, 0x7D, 0x11, 0x00, 0x3B, 0xC3,
    0xC6, 0x9E, 0x93, 0x55, 0xB0, 0x70, 0x13, 0x27, 0x99, 0x35, 0xDB, 0xE9, 0x85, 0xE3, 0xC6, 0x42,
    0xB5, 0xD7, 0x6B, 0xE5, 0x0C, 0x99, 0x77, 0x57, 0x50, 0x7B, 0xB7, 0x26, 0xF7, 0x94, 0x3A, 0x37,
    0x15, 0x60, 0x46, 0x65, 0x03, 0xB5, 0x89, 0xEB, 0x8C, 0x42, 0x50, 0x0E, 0xD8, 0x02, 0x02, 0xC0,
    0xB0, 0xD5, 0x80, 0xB1, 0x21, 0x4E, 0xDC, 0x72, 0xD8, 0x81, 0xD5, 0x24, 0xBE, 0x64, 0x9C, 0x8B,
    0x7E, 0xCE, 0x85, 0xA0, 0x7C, 0xF6, 0x9A, 0xFD, 0xF8, 0xA1, 0xAF, 0xFA, 0xE0, 0x8E, 0x6C, 0x02,
    0xC5, 0x69, 0xB2, 0xB1, 0x6A, 0xE0, 0x8C, 0xD1, 0xD5, 0xB9, 0xD5, 0xF9, 0xF8, 0x35, 0xD8, 0xED,
    0xF2, 0xF1, 0x81, 0x74, 0xFD, 0xEE, 0x6C, 0xEB, 0x77, 0x27, 0x5D, 0x80, 0x1B, 0x8B, 0x3E, 0x40,
    0x2A, 0x78, 0xC8, 0xE0, 0x3B, 0x52, 0x44, 0x31, 0x0D, 0x94, 0x8F, 0x0D, 0xEF, 0xC0, 0x90, 0x0F,
    0x17, 0x75, 0x95, 0xCF, 0xEA, 0x24, 0xF7, 0xC2, 0x62, 0x8A, 0x69, 0x77, 0x54, 0x77, 0x95, 0x16,
    0x99, 0xC2, 0x2E, 0xE0, 0xA0, 0xAE, 0x5C, 0x2F, 0xF2, 0xDE, 0x76, 0x62, 0x23, 0x4A, 0x8F, 0x42,
    0xC6, 0x4F, 0x43, 0x0B, 0x24, 0x31, 0x1D, 0x9C, 0x4C, 0xA6, 0x38, 0x6B, 0x61, 0x22, 0x9C, 0x03,
    0xAE, 0xC2, 0x74, 0x11, 0xE6, 0xF3, 0x01, 0x71, 0x8C, 0x4C, 0x49, 0x9B, 0x59, 0x85, 0x75, 0x27,
    0x55, 0x80, 0xB5, 0xDD, 0x76, 0xEA, 0xE7, 0xAB, 0x07, 0x91, 0x7A, 0x68, 0xAD, 0x18, 0xE4, 0x1E,
    0xD4, 0x86, 0xF7, 0x43, 0x79, 0x4E, 0xDC, 0x52, 0xEF, 0x7A, 0x40, 0x2F, 0x1B, 0xA4, 0xDF, 0xBE,
    0x33, 0x50, 0x13, 0xD3, 0x2D, 0xF6, 0x17, 0x61, 0x31, 0xCB, 0x25, 0xD5, 0x24, 0x0F, 0xB9, 0x51,
    0x18, 0x09, 0x61, 0x12, 0x09, 0x22, 0xD4, 0x01, 0x66, 0x91, 0x74, 0xE5, 0x33, 0x71, 0x2D, 0x7D,
    0x24, 0x96, 0x91, 0x70, 0xB6, 0x7D, 0x0C, 0xEC, 0x2E, 0x62, 0x1D, 0xF1, 0x42, 0x38, 0x13, 0x33,
    0xF3, 0x11, 0xC7, 0xC3, 0x16, 0xAF, 0x5C, 0x2D, 0x6C, 0x88, 0xC9, 0x03, 0x02, 0xF4, 0x4C, 0x8D,
    0x77, 0x45, 0x33, 0x57, 0xF3, 0x05, 0xFB, 0x10, 0x35, 0xEF, 0x4E, 0xFB, 0x9C, 0x0E, 0xC4, 0x6E,
    0xA1, 0x93, 0xEE, 0x0E, 0x8B, 0xC6, 0x9E, 0xEA, 0x1B, 0x6A, 0x4A, 0xB7, 0x35, 0x61, 0x84, 0xE0,
    0x7C, 0xF0, 0xB5, 0x54, 0x3B, 0x21, 0x20, 0x70, 0xF9, 0xC2, 0x66, 0x86, 0xA6, 0x68, 0x2E, 0x6E,
    0x5F, 0x7A, 0x36, 0xCB, 0x8F, 0xAD, 0xAB, 0x46, 0x36, 0xAB, 0xDF, 0x58, 0xDF, 0x2A, 0xD3, 0xB5,
    0x1F, 0x58, 0xAF, 0xEA, 0x31, 0x05, 0x4E, 0xFE, 0x01, 0x87, 0x6B, 0xFF, 0x6D, 0xDF, 0xB2, 0x9F,
    0x53, 0x51, 0xFB, 0xD8, 0xC2, 0x2F, 0x4D, 0xA5, 0xF7, 0x28, 0x66, 0x35, 0xE7, 0xBD, 0x89, 0x25,
    0x98, 0x94, 0x77, 0x01, 0x0E, 0xCD, 0x56, 0x9E, 0xAE, 0x98, 0x85, 0xBA, 0xAD, 0xA9, 0xBC, 0x21,
    0x1D, 0xED, 0x42, 0xCD, 0x38, 0xE7, 0x04, 0x87, 0x79, 0x57, 0x79, 0x35, 0xA7, 0x9D, 0x9B, 0xDC,
    0x79, 0x25, 0xEC, 0xCA, 0xD7, 0xDB, 0x52, 0x64, 0x24, 0xCB, 0xDD, 0x1B, 0x61, 0xB2, 0xBC, 0x92,
    0xDA, 0x8F, 0x74, 0xB1, 0xDC, 0x8C, 0x47, 0x39, 0x31, 0x15, 0xE1, 0x36, 0xE2, 0xE0, 0x72, 0x51,
    0x6A, 0xEF, 0x6E, 0xB3, 0xF2, 0x27, 0x06, 0x44, 0x90, 0xAA, 0x6F, 0x68, 0xA1, 0x86, 0x74, 0xD0,
    0x78, 0xB7, 0x86, 0x50, 0x25, 0x49, 0xE7, 0xD4, 0x00, 0x31, 0x42, 0xDD, 0x59, 0x57, 0x6D, 0xAB,
    0x17, 0x28, 0xA2, 0x06, 0xEC, 0xED, 0x63, 0x78, 0x48, 0xCF, 0xCC, 0x30, 0x46, 0x3D, 0x0C, 0x54,
    0x1A, 0x72, 0xE4, 0x0D, 0xB8, 0x5D, 0x9C, 0xB6, 0xF7, 0x83, 0x4A, 0xDF, 0x20, 0x63, 0x33, 0x91,
    0xD6, 0xBD, 0xC1, 0x54, 0xEF, 0x14, 0x4B, 0xC4, 0x7B, 0xF6, 0xAC, 0xBE, 0x07, 0x86, 0x6B, 0x4A,
    0x01, 0xE2, 0x22, 0x2A, 0xAF, 0xF9, 0x1C, 0x4B, 0x8A, 0x97, 0xA1, 0xE9, 0xFF, 0x72, 0x45, 0x4C,
    0x61, 0xA4, 0xB0, 0x17, 0xF0, 0x2F, 0x16, 0x0D, 0xEB, 0x69, 0x1C, 0xA7, 0x8D, 0x42, 0xE9, 0xB6,
    0x2F, 0x8E, 0x6C, 0xDD, 0x77, 0x3E, 0x84, 0x3E, 0xE2, 0x24, 0xDC, 0x0B, 0xB1, 0xF0, 0xB4, 0x4F,
    0x8B, 0x0D, 0x7B, 0xE1, 0x6E, 0x32, 0xA1, 0x72, 0xA2, 0xB2, 0xE1, 0x8E, 0x32, 0xA9, 0x29, 0x45,
    0xEC, 0x4F, 0x87, 0x83, 0x46, 0x50, 0x72, 0x02, 0x64, 0xE1, 0xB6, 0xC5, 0xC0, 0x4D, 0xD7, 0xB2,
    0x83, 0x8B, 0x00, 0x1A, 0x1A, 0xCE, 0x80, 0x42, 0xEA, 0x18, 0x67, 0xEC, 0x4E, 0xBC, 0xE5, 0x8C,
    0xE6, 0xF6, 0x33, 0xFA, 0xED, 0x0C, 0x57, 0x2B, 0xD5, 0xE9, 0x0C, 0x13, 0xF1, 0x30, 0x9E, 0x91,
    0xAC, 0x3C, 0xE3, 0xBC, 0x5C, 0x38, 0x0D, 0xB3, 0x15, 0x18, 0x01, 0x99, 0xE0, 0xC1, 0xAB, 0x50,
    0x2C, 0x2E, 0x31, 0xD2, 0x9B, 0xEF, 0xC3, 0xC9, 0x55, 0xC5, 0x67, 0xBD, 0x0F, 0x77, 0x7C, 0x15,
    0xED, 0x0B, 0x5F, 0x40, 0xAB, 0x95, 0xBB, 0x7F, 0x9F, 0x2E, 0x9E, 0x3D, 0x60, 0x70, 0xD5, 0x5A,
    0x18, 0xC8, 0xD7, 0x8E, 0xB2, 0xD2, 0xDE, 0x85, 0x9E, 0x1E, 0x28, 0x36, 0x26, 0x7A, 0x58, 0x81,
    0xB0, 0x50, 0xB6, 0x87, 0x53, 0x0B, 0xE5, 0x4F, 0xCD, 0x39, 0x5D, 0xE0, 0xF7, 0x17, 0x9D, 0xB6,
    0x7B, 0x57, 0x94, 0xA5, 0x4E, 0xED, 0x6F, 0xB9, 0xF7, 0x36, 0x8C, 0x2F, 0xBE, 0xF7, 0xC5, 0x7C,
    0x1C, 0x46, 0x4D, 0xEA, 0x53, 0x5F, 0xB7, 0xFC, 0x6D, 0x36, 0x55, 0x5A, 0xA4, 0xD8, 0x6D, 0x2A,
    0xD1, 0xDC, 0x30, 0x6C, 0x46, 0xB1, 0xDE, 0x66, 0x58, 0xFF, 0x7B, 0xF8, 0xEE, 0x0F, 0x5F, 0xB3,
    0xE6, 0x60, 0x79, 0xED, 0x0E, 0x1A, 0x97, 0x9D, 0x27, 0x6B, 0xBB, 0x6C, 0xAE, 0x86, 0x62, 0xC8,
    0x47, 0xD7, 0xA4, 0xBE, 0xD2, 0xFB, 0x28, 0x8B, 0x03, 0xE9, 0x69, 0x70, 0x6B, 0xE7, 0xF5, 0xEC,
    0xBA, 0x46, 0xEE, 0x28, 0x46, 0xDA, 0xED, 0xCE, 0xBF, 0x28, 0x35, 0x19, 0x78, 0x94, 0x71, 0x43,
    0x5C, 0x1C, 0x9F, 0x6F, 0xB9, 0x60, 0x03, 0x88, 0x9F, 0xF8, 0x5C, 0xBC, 0x5C, 0xA0, 0x4A, 0x35,
    0xEB, 0x85, 0xD6, 0xF8, 0x7C, 0xA7, 0x0C, 0x32, 0x94, 0x55, 0x49, 0x7F, 0x25, 0x5D, 0xF8, 0x78,
    0x3D, 0xC0, 0xD7, 0xCE, 0x7B, 0x6B, 0xCF, 0xDF, 0x41, 0x27, 0x36, 0x27, 0xB6, 0x96, 0x61, 0x0C,
    0x2F, 0x36, 0x27, 0x74, 0xFF, 0x3A, 0x19, 0xB7, 0xD4, 0x59, 0x77, 0x89, 0xCE, 0x3E, 0xE7, 0x4D,
    0x1A, 0x77, 0xED, 0x4D, 0x1A, 0xDC, 0xC2, 0x3E, 0xE1, 0x2C, 0x33, 0x3D, 0x91, 0x6F, 0x0D, 0x0F,
    0x43, 0xB9, 0xC4, 0xEA, 0xCE, 0xD4, 0x65, 0xFF, 0xEC, 0xAA, 0x51, 0x22, 0xC9, 0xF0, 0xA9, 0x52,
    0x13, 0xE4, 0xFE, 0x56, 0x4F, 0xB1, 0x80, 0xEC, 0x96, 0xB3, 0x58, 0x36, 0x4D, 0x37, 0x53, 0x97,
    0x35, 0xD5, 0xF6, 0xC9, 0xBA, 0xD3, 0xD9, 0x17, 0xA1, 0x83, 0xDE, 0x37, 0x42, 0x8E, 0xD7, 0x22,
    0xC2, 0x19, 0x16, 0x85, 0x03, 0x96, 0x47, 0x0D, 0x37, 0xD0, 0xBE, 0x84, 0x5B, 0x5E, 0xDB, 0x25,
    0xD4, 0xBB, 0x6A, 0x52, 0x42, 0xA2, 0x09, 0xFF, 0x4D, 0xBA, 0x20, 0xD2, 0xCE, 0x05, 0xBB, 0x76,
    0xE8, 0xB2, 0x29, 0xED, 0x29, 0x53, 0x1A, 0xD8, 0x9C, 0x35, 0xEA, 0x8E, 0x13, 0xE4, 0xFB, 0xE8,
    0xD4, 0x78, 0x3F, 0xF3, 0x94, 0x37, 0x0C, 0xD3, 0xDE, 0x78, 0xC5, 0x48, 0x0F, 0x8E, 0x21, 0x2F,
    0xFF, 0x95, 0x84, 0x49, 0x23, 0x86, 0xD4, 0x26, 0x19, 0x77, 0xE4, 0x60, 0x24, 0x18, 0x03, 0x1F,
    0xD9, 0xA3, 0x9C, 0xE5, 0x79, 0x4A, 0x0F, 0x5D, 0xDA, 0x09, 0x07, 0xA3, 0x84, 0x93, 0x29, 0xE5,
    0x79, 0x1F, 0x3E, 0x89, 0x21, 0x28, 0x52, 0xAE, 0xCE, 0x5A, 0x9B, 0xDE, 0x41, 0x27, 0xE6, 0x4F,
    0x36, 0x57, 0xF0, 0x7C, 0xCD, 0x15, 0x07, 0x44, 0x82, 0x68, 0xCE, 0x8C, 0xAF, 0x16, 0x39, 0x3C,
    0x38, 0xC5, 0xC3, 0xE8, 0xBA, 0x9A, 0x32, 0x03, 0x3F, 0xC1, 0xDA, 0xA7, 0xC4, 0xC0, 0xAA, 0xC5,
    0x16, 0xD8, 0xBD, 0xE7, 0x56, 0x15, 0x7A, 0x91, 0xF8, 0x0A, 0xC4, 0x80, 0xB5, 0xF5, 0x80, 0x77,
    0xD4, 0x06, 0xD8, 0xAC, 0x0F, 0x36, 0x33, 0x68, 0xE5, 0x65, 0x33, 0x92, 0x79, 0xA5, 0xE8, 0x5A,
    0xF4, 0x63, 0xA0, 0x15, 0xF4, 0xD0, 0x52, 0x90, 0xCF, 0x15, 0xA0, 0xF4, 0x79, 0xA3, 0xD9, 0xC8,
    0x13, 0x05, 0x26, 0xE0, 0x55, 0x32, 0x9E, 0x66, 0xA3, 0x36, 0x40, 0x31, 0x12, 0xDB, 0xE0, 0x97,
    0x4F, 0xAE, 0x58, 0x5D, 0xBA, 0x41, 0x1D, 0x4B, 0xF9, 0x01, 0xF2, 0xEB, 0xB0, 0x0A, 0x16, 0x42,
    0x21, 0x28, 0xE7, 0x23, 0x54, 0x82, 0x9D, 0xF3, 0x1C, 0xC7, 0xD7, 0x6E, 0xE3, 0x13, 0xA8, 0x14,
    0xB3, 0xF3, 0x3F, 0x8A, 0x3C, 0xE7, 0xBD, 0x45, 0x7A, 0x7B, 0xC1, 0x70, 0x78, 0xC5, 0x24, 0xD7,
    0x1D, 0xF5, 0xB6, 0x93, 0x38, 0x28, 0x57, 0xD8, 0x84, 0xDC, 0xBE, 0x6D, 0x3F, 0x06, 0x4F, 0x62,
    0x25, 0x76, 0x33, 0xC1, 0x26, 0xC1, 0x28, 0x40, 0xAA, 0x00, 0x88, 0x49, 0x8C, 0x85, 0x76, 0xC4,
    0x5B, 0x4F, 0x65, 0x15, 0x6F, 0x9A, 0xD0, 0x67, 0x69, 0x99, 0x2E, 0x47, 0x5F, 0xE4, 0x71, 0x4C,
    0xE8, 0x6D, 0x7F, 0x03, 0x71, 0x4D, 0x4D, 0xCF, 0xE2, 0x4A, 0xC4, 0xA5, 0xD7, 0x96, 0x04, 0x9C,
    0x29, 0x60, 0xB0, 0xC2, 0xCA, 0x7A, 0xDF, 0x12, 0x37, 0xF9, 0xB0, 0xD5, 0x5E, 0x9B, 0x56, 0xCC,
    0xF1, 0x19, 0xEA, 0xD7, 0x1A, 0x78, 0x48, 0x49, 0x59, 0xF2, 0xB0, 0xC3, 0x7A, 0x94, 0xC5, 0xAD,
    0x09, 0x07, 0x11, 0xEA, 0x9E, 0x2B, 0xE1, 0x6A, 0xE7, 0xFE, 0x13, 0x32, 0xEC, 0x93, 0x36, 0x7B,
    0x6C, 0x48, 0xF8, 0x09, 0x43, 0x0A, 0x83, 0x3B, 0x43, 0xEE, 0x79, 0xA6, 0x09, 0x9F, 0xD4, 0xEA,
    0x60, 0x9D, 0x38, 0x91, 0x8E, 0x9F, 0x15, 0x9F, 0x62, 0xC1, 0xA7, 0x9C, 0xB7, 0x3C, 0xB3, 0xFE,
    0x71, 0x85, 0xDD, 0xC5, 0x35, 0xC8, 0x62, 0x7F, 0x11, 0x36, 0x1B, 0xF9, 0xE7, 0x45, 0x1F, 0xB4,
    0x55, 0xFB, 0xF4, 0x73, 0xE7, 0xF1, 0x5D, 0x1B, 0xCD, 0xC6, 0x16, 0xC3, 0xE8, 0xF7, 0xDE, 0xD5,
    0x75, 0x76, 0xE8, 0x0E, 0xD9, 0x6C, 0xD9, 0x13, 0xDA, 0x29, 0x38, 0xA8, 0x32, 0xCB, 0x6D, 0x42,
    0x17, 0xAA, 0x91, 0x8A, 0x2D, 0xA7, 0x1D, 0x34, 0xB5, 0x70, 0x4C, 0x7F, 0xBD, 0xF1, 0x73, 0xF7,
    0x31, 0xB2, 0x4F, 0xF8, 0x03, 0x5D, 0x6C, 0xE2, 0x15, 0x12, 0xC7, 0x42, 0x78, 0x20, 0x17, 0x57,
    0x62, 0x55, 0x90, 0x5F, 0x7B, 0xA9, 0x5F, 0x42, 0x3D, 0xDE, 0x2C, 0x84, 0x5D, 0x14, 0x27, 0x8B,
    0x71, 0xF4, 0xA5, 0x74, 0x46, 0x04, 0x4F, 0xE2, 0xE0, 0xE2, 0xDF, 0x85, 0xD7, 0xD2, 0x51, 0xF3,
    0x52, 0x2F, 0x22, 0x5E, 0x48, 0xAA, 0xD7, 0x5D, 0x16, 0x5F, 0x54, 0x5A, 0xBE, 0x8A, 0xDE, 0x11,
    0x6E, 0x58, 0x22, 0x8D, 0x41, 0x56, 0x90, 0x03, 0x93, 0xFA, 0x7F, 0xAE, 0x65, 0x70, 0xF3, 0x0F,
    0xFC, 0x97, 0xB5, 0x07, 0x2E, 0xF2, 0xAB, 0x76, 0x7C, 0x8D, 0x34, 0xA3, 0xCC, 0xCD, 0x79, 0xC8,
    0x72, 0x46, 0xB7, 0xE8, 0xB8, 0x5C, 0x32, 0x43, 0xB7, 0x30, 0x4F, 0xF0, 0x81, 0xF5, 0xE8, 0xD0,
    0xA6, 0xB7, 0x83, 0x74, 0xE6, 0x43, 0x22, 0x2B, 0x94, 0x98, 0x90, 0x1A, 0xDF, 0x48, 0xDA, 0xA5,
    0xB0, 0x39, 0x7C, 0xC4, 0xCA, 0xF1, 0x71, 0x13, 0x6C, 0x62, 0xFC, 0xDC, 0xE2, 0xEF, 0x6C, 0x0F,
    0xAF, 0x05, 0xE5, 0xB9, 0x3C, 0x5E, 0xED, 0x2F, 0xDD, 0x6A, 0x95, 0x59, 0x01, 0xAF, 0x23, 0xF9,
    0x86, 0xB4, 0x18, 0x3E, 0xF7, 0x43, 0xD7, 0xCB, 0x69, 0x7B, 0x58, 0xFD, 0xD0, 0x0C, 0x8F, 0x04,
    0x7E, 0x65, 0xF6, 0x11, 0xF6, 0x7C, 0xEC, 0x6C, 0x33, 0x1F, 0x4D, 0xA2, 0x86, 0xA7, 0xDC, 0xB7,
    0x54, 0xED, 0x44, 0xB8, 0x33, 0xB2, 0x31, 0x06, 0xD6, 0x4E, 0x1E, 0x47, 0xEF, 0x3A, 0x5E, 0xAC,
    0xC8, 0x7C, 0x22, 0x0D, 0x38, 0xCE, 0x6A, 0xAA, 0xCA, 0x5A, 0xA1, 0xC1, 0xB1, 0x79, 0x55, 0x15,
    0x68, 0xA6, 0xE3, 0xED, 0xA8, 0xE3, 0x50, 0x51, 0xC7, 0x6D, 0xFA, 0x7B, 0x1D, 0x37, 0xF3, 0x3A,
    0xEE, 0x94, 0x81, 0x55, 0x3E, 0xEE, 0x3E, 0x09, 0xF2, 0x25, 0xFB, 0xB5, 0x99, 0x28, 0x74, 0xF7,
    0x4D, 0xCA, 0x93, 0x19, 0xCD, 0xE2, 0x29, 0xFB, 0x68, 0x22, 0x7C, 0x76, 0x42, 0x73, 0xFC, 0x70,
    0x7A, 0x68, 0x86, 0xEC, 0x93, 0x64, 0x33, 0x9D, 0xE3, 0x30, 0x5A, 0x8F, 0x31, 0xB4, 0xF3, 0xD7,
    0x0D, 0x23, 0x99, 0x39, 0x8C, 0x49, 0x63, 0x90, 0xD0, 0x4E, 0x7F, 0x7C, 0x14, 0xD5, 0x4E, 0xDC,
    0xF4, 0xEE, 0x37, 0x6B, 0x34, 0x64, 0x18, 0x5D, 0xB1, 0x42, 0x6E, 0xEF, 0x9E, 0xA2, 0xED, 0x28,
    0x5B, 0x8F, 0xAD, 0x97, 0x20, 0x73, 0xAB, 0xF5, 0x92, 0x65, 0x68, 0x17, 0x2B, 0xA4, 0x86, 0xE1,
    0x26, 0x6E, 0xFF, 0x61, 0x0D, 0x83, 0xE0, 0x49, 0xB7, 0xB7, 0x0D, 0x06, 0xBD, 0xF2, 0x2C, 0x3E,
    0x70, 0xC9, 0x29, 0x89, 0x3A, 0x79, 0x51, 0x6A, 0xCF, 0xF2, 0x45, 0x38, 0x12, 0x89, 0xDB, 0x12,
    0x9C, 0xDA, 0xD2, 0x7C, 0xB4, 0xA5, 0x9E, 0xE0, 0xB7, 0x80, 0x01, 0x90, 0x08, 0x14, 0xF2, 0xF0,
    0x29, 0xE0, 0xBC, 0x41, 0x83, 0xE3, 0xA2, 0x4D, 0xC8, 0xDB, 0xA8, 0x68, 0x72, 0xA9, 0xFC, 0x08,
    0xA8, 0xF7, 0xB7, 0x3F, 0xD9, 0xBB, 0x56, 0x91, 0x6F, 0xDC, 0xA8, 0x5C, 0xD0, 0xE4, 0x58, 0xB2,
    0x0E, 0xA0, 0xEA, 0x1E, 0x41, 0xEE, 0xC5, 0xB7, 0xAB, 0xDA, 0x03, 0x37, 0x5D, 0xC5, 0x4D, 0x8F,
    0x31, 0x9F, 0x92, 0xB1, 0x65, 0x18, 0x06, 0xA4, 0x42, 0x4B, 0x71, 0xA5, 0xA0, 0x3A, 0x32, 0x94,
    0x23, 0x4F, 0x75, 0x1E, 0x0D, 0x71, 0x53, 0xF0, 0x05, 0xAC, 0xAB, 0x8D, 0xDA, 0x2E, 0x50, 0xE5,
    0xC5, 0x97, 0xAD, 0xDF, 0xCB, 0xFC, 0xF9, 0x9A, 0x6C, 0xF6, 0xA2, 0x5E, 0x58, 0x7C, 0x63, 0x5B,
    0x92, 0x73, 0xAA, 0xB9, 0x8B, 0xA9, 0x5C, 0xD9, 0x27, 0x36, 0xBF, 0x14, 0x57, 0x76, 0x1F, 0x41,
    0xA4, 0xC1, 0xF8, 0xF3, 0xA9, 0xD9, 0x1F, 0x36, 0xDF, 0xFC, 0x16, 0x42, 0x7D, 0x6B, 0x92, 0xBC,
    0x91, 0x1F, 0x77, 0xEA, 0x84, 0xB3, 0xB9, 0x0D, 0x0A, 0xFF, 0x75, 0x0E, 0x2F, 0x84, 0x62, 0x6D,
    0xDB, 0x7F, 0x29, 0x1A, 0xD5, 0x70, 0x07, 0x65, 0x47, 0xF4, 0xA9, 0xB7, 0x4B, 0x8D, 0x25, 0x5A,
    0x5D, 0x35, 0x05, 0x5E, 0x68, 0xC7, 0x17, 0xF3, 0x6A, 0x07, 0xD2, 0x57, 0xF5, 0x39, 0xCA, 0x6E,
    0x3B, 0xEA, 0x39, 0x9F, 0x36, 0xE2, 0xC0, 0x11, 0x8A, 0xB8, 0xCD, 0xE2, 0xE2, 0x6E, 0xAC, 0xD9,
    0xEA, 0xF8, 0xFB, 0xE1, 0xAB, 0x30, 0xD2, 0x99, 0xBF, 0x0D, 0x7F, 0x15, 0x1F, 0x52, 0x04, 0x7A,
    0x28, 0xF7, 0x49, 0x13, 0x6D, 0xDC, 0x10, 0x9F, 0x54, 0xEB, 0xD3, 0xA1, 0x34, 0xCC, 0x92, 0xE7,
    0xFA, 0xBE, 0xCA, 0xE5, 0x13, 0x2E, 0x05, 0x48, 0xC4, 0x50, 0x66, 0x47, 0x83, 0x1C, 0xBE, 0x69,
    0x9D, 0x92, 0xDD, 0x31, 0xDF, 0x51, 0xD6, 0x0C, 0x82, 0x8B, 0x2D, 0xF7, 0xDD, 0x5E, 0x5D, 0x8F,
    0x1F, 0xAF, 0x79, 0x75, 0xB6, 0xE9, 0x0F, 0xAA, 0xB5, 0x35, 0xFF, 0x0F, 0x85, 0xC1, 0x51, 0xA9,
    0x2D, 0xE8, 0xF4, 0x75, 0x52, 0xD3, 0xBF, 0xC2, 0x57, 0x1E, 0x4B, 0xF6, 0x62, 0x20, 0xF1, 0xC3,
    0x5B, 0xF1, 0x7D, 0xDB, 0x91, 0xDB, 0xFC, 0x41, 0x76, 0x41, 0x26, 0x41, 0xBA, 0x29, 0x31, 0x10,
    0x32, 0xEE, 0x7F, 0xFA, 0x33, 0xD5, 0xCB, 0x27, 0xC8, 0x72, 0x84, 0x9A, 0xAE, 0x83, 0xD4, 0xB4,
    0xD0, 0xA3, 0x0D, 0x3D, 0xA4, 0x18, 0x29, 0x7B, 0xCA, 0x06, 0x52, 0x95, 0x49, 0x75, 0x68, 0xDC,
    0xE9, 0x8B, 0x5E, 0xA1, 0x3D, 0x3D, 0xBE, 0x1F, 0x6C, 0xD0, 0x86, 0x3F, 0x1B, 0xD5, 0x2E, 0xD6,
    0xA7, 0xCC, 0xC2, 0xB9, 0x85, 0x81, 0xE4, 0x41, 0xFB, 0x35, 0x60, 0x18, 0x6E, 0x3A, 0x07, 0xAC,
    0xC2, 0xB0, 0x03, 0xF6, 0xCE, 0x9A, 0x2C, 0x0C, 0xAE, 0xC7, 0x76, 0x5F, 0x18, 0xEA, 0x0F, 0x03,
    0xE2, 0xCD, 0xCE, 0x9F, 0x07, 0x74, 0xCD, 0x85, 0xFD, 0xD7, 0x27, 0xD6, 0x61, 0xE9, 0xF8, 0xD1,
    0x6F, 0xED, 0xDD, 0x25, 0xA0, 0xBD, 0x6F, 0xEF, 0x79, 0xE0, 0xBB, 0xF6, 0x83, 0x11, 0xF8, 0x67,
    0x66, 0x1D, 0x30, 0x61, 0x20, 0x60, 0xD5, 0xA6, 0x47, 0x30, 0x09, 0x34, 0x50, 0x16, 0x01, 0xF6,
    0x7B, 0x8D, 0xA6, 0x1E, 0x30, 0xDD, 0x9F, 0x72, 0x8B, 0x98, 0xDE, 0x42, 0xEA, 0x1B, 0x4E, 0xE8,
    0xDA, 0xB8, 0x71, 0xDF, 0x62, 0x05, 0x6D, 0xBF, 0x5E, 0x0B, 0xA4, 0xA5, 0x8F, 0xFD, 0x25, 0xB4,
    0xE5, 0xF5, 0xE4, 0x7A, 0x7A, 0xBA, 0xF7, 0x19, 0x04, 0x59, 0xB7, 0xAE, 0x74, 0x8A, 0xE3, 0xFA,
    0xE5, 0x62, 0xE6, 0xAE, 0xF6, 0xB7, 0x27, 0xE6, 0xB4, 0x9F, 0x0E, 0xA8, 0xB6, 0xE8, 0x67, 0xF9,
    0xDB, 0x00, 0xDC, 0x81, 0x65, 0x8A, 0x9D, 0x50, 0xE3, 0x18, 0x5D, 0x18, 0xD6, 0xDD, 0x1A, 0x3B,
    0x66, 0x1D, 0xC3, 0xD1, 0xE2, 0x03, 0xC1, 0xD7, 0xF5, 0x32, 0x17, 0x59, 0xB5, 0x89, 0x08, 0xC1,
    0xB1, 0xAA, 0xD4, 0x72, 0x4A, 0xBA, 0x8A, 0x9F, 0xE7, 0x33, 0x71, 0x2D, 0x3C, 0xD1, 0xE4, 0xA8,
    0xCC, 0x5C, 0xDC, 0x33, 0xD4, 0xF8, 0xA0, 0x75, 0xC4, 0x0B, 0xE1, 0xF6, 0x22, 0xF2, 0xBC, 0x3F,
    0x7F, 0x3A, 0xA6, 0x3F, 0xF5, 0xBA, 0x25, 0x1B, 0x31, 0xA7, 0x03, 0x45, 0xAD, 0x23, 0x51, 0xE9,
    0x94, 0x3B, 0xDD, 0xFB, 0x3A, 0xBD, 0x8D, 0xBD, 0x38, 0xDD, 0x5D, 0x6C, 0x68, 0x27, 0xD6, 0xFB,
    0x77, 0x03, 0x93, 0xBF, 0xC6, 0x17, 0x7B, 0x0B, 0xEE, 0xE8, 0xB6, 0xB6, 0xB2, 0x34, 0x1A, 0xF2,
    0x66, 0x6B, 0xA1, 0x30, 0x8F, 0xE9, 0x53, 0x8F, 0xE9, 0x8D, 0xE7, 0x28, 0xFA, 0xFE, 0xEB, 0x4A,
    0x9D, 0x9F, 0x48, 0x53, 0xE9, 0xD7, 0x76, 0x1C, 0x1C, 0xBE, 0xE4, 0x9D, 0xCD, 0xA0, 0xEF, 0xC5,
    0x04, 0x5E, 0xE7, 0x7A, 0x7E, 0xBB, 0xFC, 0xDF, 0x2E, 0x5A, 0x68, 0xFE, 0x2B, 0x6D, 0xBC, 0x89,
    0x46, 0xE0, 0xE5, 0x5A, 0x6C, 0x4E, 0x67, 0x3D, 0x57, 0xF8, 0x1C, 0xE7, 0x3E, 0x34, 0x33, 0xEA,
    0xF8, 0xE1, 0xAE, 0x61, 0xD4, 0x6F, 0x3A, 0xF4, 0xF8, 0xE9, 0x25, 0xAB, 0x28, 0xA0, 0xDC, 0xA2,
    0xA5, 0x0D, 0x87, 0x89, 0x41, 0xEF, 0x7B, 0x29, 0xAA, 0x1E, 0xCB, 0x61, 0x6D, 0xD3, 0x0E, 0xBA,
    0xB1, 0xCE, 0xF9, 0xB4, 0xAC, 0x24, 0x0F, 0xDD, 0x3A, 0x75, 0x7E, 0x53, 0xEA, 0x9C, 0xF5, 0xF1,
    0x3E, 0x73, 0x4F, 0xB8, 0x75, 0xFB, 0xFF, 0xF6, 0x0F, 0x33, 0x85, 0x9A, 0xAE, 0xD0, 0xFA, 0xA9,
    0xD5, 0x2A, 0x3C, 0x8A, 0x91, 0x1B, 0x52, 0xE6, 0x90, 0xAC, 0xB5, 0xA3, 0xF7, 0x99, 0xF2, 0x2C,
    0xA9, 0xF8, 0xB0, 0xE7, 0x57, 0xB3, 0xCD, 0xC9, 0x23, 0x4C, 0xF5, 0xBB, 0x2F, 0x76, 0x73, 0xDC,
    0xE6, 0x05, 0xC8, 0x63, 0xB7, 0x99, 0xED, 0xAB, 0xA8, 0x7B, 0x22, 0x00, 0x9A, 0x4D, 0xEB, 0xE1,
    0xDD, 0xF3, 0x3A, 0x24, 0x06, 0x30, 0xF3, 0x26, 0x35, 0x0C, 0xC0, 0x35, 0x25, 0x9E, 0xB2, 0x92,
    0xFC, 0x5C, 0x72, 0xF3, 0xB6, 0xAD, 0x45, 0x9F, 0xDF, 0x8E, 0x2F, 0xBB, 0x6F, 0x2F, 0x91, 0xFF,
    0x2F, 0xB4, 0x95, 0x31, 0xAC, 0xE5, 0x46, 0x15, 0x86, 0x3F, 0x7B, 0xD8, 0x58, 0xDA, 0x91, 0x98,
    0x14, 0x84, 0x66, 0x0B, 0xD7, 0x50, 0x30, 0xBD, 0xB4, 0xC9, 0x18, 0xE8, 0xA5, 0x57, 0xEC, 0xA5,
    0xD9, 0x82, 0x3A, 0xD5, 0xF6, 0xD2, 0x6A, 0xED, 0x8E, 0x76, 0x7B, 0x5A, 0xFA, 0xB4, 0x14, 0xB0,
    0x76, 0xE8, 0x25, 0xAE, 0x42, 0xAF, 0x18, 0x14, 0x40, 0xA9, 0x32, 0x91, 0x46, 0x8A, 0x1F, 0x8C,
    0xFD, 0x73, 0x3D, 0xBE, 0x57, 0xFB, 0x82, 0x22, 0x80, 0x20, 0xE6, 0xD9, 0xDF, 0x7F, 0xDE, 0x8C,
    0x7D, 0x8E, 0x7C, 0xE6, 0xD7, 0x5C, 0xEA, 0xD7, 0xB8, 0x05, 0xBF, 0x12, 0x36, 0x82, 0xF6, 0xC0,
    0x2D, 0xFB, 0xE4, 0x31, 0xDC, 0x40, 0x3B, 0xE0, 0x3B, 0x42, 0x47, 0xDF, 0x31, 0x82, 0xA8, 0x44,
    0x2D, 0x8C, 0x68, 0x84, 0x15, 0x4E, 0xB4, 0xC2, 0x6B, 0x4F, 0xD0, 0x6F, 0x8C, 0x17, 0x66, 0x42,
    0xE2, 0x9D, 0x0E, 0xA0, 0x9D, 0x00, 0xFC, 0x03, 0x86, 0x01, 0xB0, 0xDA, 0x3A, 0x2A, 0x49, 0x0B,
    0x56, 0xFA, 0x68, 0x21, 0x6C, 0x63, 0x13, 0x51, 0xDA, 0x4C, 0x34, 0x9A, 0xD6, 0x26, 0x5A, 0x75,
    0xB9, 0x99, 0x9D, 0xAA, 0x0C, 0x3E, 0xD7, 0x19, 0x42, 0x36, 0x0B, 0x84, 0xC5, 0x24, 0x08, 0xC9,
    0x44, 0xE8, 0x63, 0x53, 0x68, 0xE3, 0x3E, 0xE3, 0xE6, 0x1F, 0x12, 0x16, 0x37, 0xBF, 0xC2, 0x67,
    0x77, 0x7E, 0x83, 0xDB, 0xDA, 0x69, 0xC5, 0xEA, 0xA3, 0x8F, 0x33, 0xB5, 0xF4, 0x45, 0x86, 0x5E,
    0x5A, 0xE0, 0x1D, 0x7D, 0x0E, 0xD0, 0x03, 0x30, 0x3E, 0xE0, 0x56, 0x08, 0xEF, 0xFC, 0x0A, 0xA0,
    0x92, 0xCE, 0x80, 0x93, 0x12, 0x7B, 0xDD, 0xB0, 0x00, 0x9A, 0x7D, 0x86, 0x5A, 0x53, 0x9B, 0xA0,
    0x11, 0xEE, 0x0C, 0x4E, 0x3C, 0x02, 0xDA, 0x15, 0x80, 0x90, 0x1F, 0x4A, 0xBF, 0x14, 0x19, 0x0F,
    0x51, 0x3A, 0x24, 0x96, 0x25, 0x49, 0xF1, 0x26, 0x7C, 0x5F, 0x7F, 0x3E, 0xDD, 0x95, 0xCC, 0x00,
    0xE6, 0x26, 0x03, 0x94, 0x3A, 0x00, 0x6E, 0x3D, 0xE4, 0x5A, 0x20, 0x16, 0x39, 0x1E, 0xB4, 0x92,
    0x94, 0x09, 0xDF, 0x24, 0xDF, 0x01, 0x78, 0xF7, 0x7D, 0x80, 0x97, 0xA1, 0x83, 0x2A, 0xBB, 0xF3,
    0x8B, 0xB5, 0x89, 0xE6, 0xEF, 0xD2, 0x17, 0x13, 0xFA, 0xDB, 0x0B, 0x41, 0x18, 0xEA, 0x15, 0x56,
    0xE8, 0x61, 0x01, 0x4F, 0x1D, 0xC1, 0x0D, 0x66, 0xE7, 0x64, 0x66, 0xB0, 0x37, 0x96, 0x99, 0x63,
    0xB5, 0x3C, 0xD9, 0x95, 0xB7, 0x6E, 0x19, 0x74, 0xFF, 0x42, 0x98, 0xAF, 0xA4, 0x4F, 0xA7, 0xBD,
    0x8A, 0x89, 0x01, 0x20, 0x3F, 0x05, 0x28, 0x80, 0x20, 0x9D, 0xBD, 0xD4, 0xDD, 0xF4, 0xB1, 0xEE,
    0xBB, 0x47, 0xBA, 0x07, 0x2D, 0x54, 0x9A, 0x60, 0xCC, 0x18, 0x75, 0xA5, 0x85, 0x6E, 0x03, 0xC2,
    0x8A, 0xCF, 0x80, 0x17, 0x7D, 0x04, 0x9C, 0xD0, 0xB9, 0xE8, 0x4F, 0x35, 0xC0, 0x7B, 0x3F, 0xD7,
    0x2F, 0x74, 0x2A, 0x79, 0x7F, 0x2F, 0x15, 0xD5, 0xAE, 0xD4, 0xD2, 0x7C, 0xDD, 0xC8, 0x09, 0x00,
    0xA9, 0x08, 0xE3, 0x06, 0xA0, 0x7D, 0xE4, 0xB7, 0x7A, 0x3A, 0xE9, 0xFE, 0xF4, 0xEC, 0xC1, 0x36,
    0xA1, 0x58, 0xA4, 0xBA, 0x6A, 0x7D, 0xA4, 0xC3, 0xDC, 0xF4, 0x9A, 0xF6, 0x89, 0x3E, 0x3B, 0x96,
    0xA5, 0xEE, 0x81, 0xA6, 0x7F, 0x1E, 0xC0, 0x37, 0x4F, 0x57, 0xA3, 0x5E, 0x83, 0x57, 0x69, 0xC0,
    0xFD, 0xB8, 0xD0, 0x68, 0xB0, 0x09, 0xB7, 0x61, 0x23, 0xED, 0xBA, 0xD3, 0x5F, 0x38, 0xE3, 0x05,
    0xD0, 0x5E, 0xBF, 0x3E, 0x03, 0x46, 0x1A, 0x00, 0x29, 0x95, 0xC2, 0x2B, 0xB4, 0xAB, 0x04, 0x7D,
    0xF4, 0x1A, 0x2A, 0x4D, 0x56, 0x93, 0xD1, 0x60, 0x34, 0x35, 0xEA, 0x2E, 0xB4, 0xC2, 0x68, 0xB0,
    0xEA, 0x1A, 0x71, 0x59, 0x72, 0x1B, 0x8D, 0x62, 0x58, 0x30, 0xDA, 0x34, 0x83, 0x54, 0xFA, 0x5E,
    0x32, 0xDB, 0x12, 0x33, 0x6A, 0x2A, 0xC5, 0x66, 0xA0, 0x56, 0xC4, 0x4F, 0x5C, 0x18, 0x2E, 0x9C,
    0x0B, 0x27, 0xC2, 0x5E, 0x81, 0xFE, 0xB3, 0x76, 0x83, 0x51, 0x4A, 0xF0, 0x44, 0x1A, 0x80, 0x47,
    0x1D, 0xD0, 0x0E, 0x76, 0xEE, 0xA3, 0x5F, 0xC6, 0x18, 0xF2, 0x7E, 0xEF, 0x71, 0x3B, 0xD9, 0x19,
    0xA8, 0xEE, 0x80, 0x07, 0xFB, 0x44, 0x90, 0xB6, 0x63, 0xE2, 0x75, 0x35, 0xCE, 0x80, 0x4B, 0x60,
    0x97, 0xDB, 0xA1, 0x31, 0x02, 0x2B, 0x80, 0x1F, 0x30, 0x11, 0x9E, 0xD1, 0xCC, 0x34, 0x67, 0xBC,
    0x96, 0x3A, 0xE2, 0x86, 0x5A, 0xDA, 0xC8, 0x78, 0xDC, 0xF6, 0xE3, 0x8D, 0xA7, 0x7C, 0x40, 0x48,
    0xBC, 0xE2, 0x47, 0x97, 0x70, 0x9C, 0xF9, 0x80, 0x96, 0xDF, 0xA0, 0xE9, 0x12, 0xB8, 0xEE, 0xD7,
    0x95, 0x06, 0xC0, 0x0D, 0xA9, 0x56, 0x07, 0xD8, 0x21, 0x19, 0x51, 0x82, 0x78, 0x0D, 0xA6, 0xDB,
    0xCC, 0xDB, 0x67, 0x6E, 0x6F, 0x75, 0x2F, 0xAF, 0x79, 0xDE, 0x66, 0x3E, 0x6A, 0x95, 0xD0, 0xE9,
    0x52, 0xFD, 0x25, 0x6E, 0x32, 0xD2, 0xC6, 0x82, 0x99, 0xE9, 0xB5, 0x98, 0x48, 0x9D, 0xE0, 0x19,
    0xF6, 0x0C, 0x6F, 0xB8, 0x7E, 0x53, 0x98, 0xA0, 0xDA, 0x38, 0xBE, 0xB2, 0x4D, 0x40, 0xA5, 0xCF,
    0x9F, 0x6B, 0x02, 0xF0, 0xD2, 0x0A, 0x14, 0x7B, 0x0C, 0x47, 0xF0, 0x06, 0x1A, 0x6D, 0xE0, 0xFF,
    0x9A, 0x41, 0x75, 0xA6, 0x5E, 0x4D, 0xC6, 0x64, 0xB3, 0x60, 0xD3, 0x05, 0x2E, 0x36, 0xE9, 0x02,
    0x1B, 0x2F, 0x70, 0x11, 0xBB, 0xC3, 0x2C, 0xE3, 0x97, 0xC3, 0xB1, 0xB3, 0x8F, 0xB8, 0xE3, 0xD6,
    0xE8, 0xB4, 0x23, 0x02, 0x3D, 0x19, 0xB2, 0x49, 0x98, 0xE4, 0x66, 0x5C, 0x0C, 0xFB, 0x8E, 0x8E,
    0x1D, 0xFA, 0xC9, 0x46, 0x2D, 0x9B, 0xB1, 0xB9, 0x8D, 0xB4, 0xA9, 0x9F, 0x09, 0xB3, 0x26, 0xC2,
    0x59, 0xC3, 0x11, 0xF9, 0x38, 0x4E, 0xFB, 0x0B, 0x67, 0xEC, 0xE2, 0x67, 0x4C, 0x76, 0x91, 0x3A,
    0xDB, 0x08, 0xAB, 0x59, 0xE0, 0x4D, 0x39, 0xB4, 0xC9, 0xBC, 0x77, 0xBA, 0x8C, 0x67, 0xBD, 0x24,
    0xAD, 0x07, 0x01, 0x78, 0xFF, 0x3F, 0xE1, 0xFF, 0x6C, 0x93, 0xD3, 0xE9, 0xAE, 0xD8, 0xE4, 0x13,
    0x49, 0x43, 0xB1, 0x49, 0x2F, 0xC5, 0x62, 0x13, 0x1F, 0xFB, 0xA5, 0xD8, 0xC4, 0x47, 0x97, 0x8B,
    0x4D, 0x7C, 0xB4, 0xB9, 0xD8, 0xC4, 0xC7, 0x26, 0xEF, 0x36, 0xD9, 0x67, 0xD2, 0x6E, 0x93, 0xFD,
    0x99, 0x19, 0x5B, 0x82, 0xBE, 0xDB, 0x6D, 0x82, 0xD7, 0x5A, 0x6C, 0x82, 0xFF, 0x52, 0xC3, 0xB1,
    0x54, 0x7A, 0x31, 0xEC, 0x6F, 0xF9, 0x58, 0x6C, 0xE2, 0xA3, 0x8B, 0xB8, 0x92, 0xD9, 0x2D, 0xC5,
    0x26, 0x7B, 0x89, 0x62, 0x13, 0x1F, 0x4D, 0xB1, 0xC9, 0xEF, 0xA4, 0x5A, 0x71, 0xC1, 0xFC, 0x49,
    0x62, 0xFC, 0x6A, 0xB7, 0xC9, 0xE9, 0x44, 0xF5, 0xFC, 0x5B, 0xDA, 0xA4, 0x74, 0x27, 0x1C, 0x9D,
    0xCE, 0xDC, 0xE1, 0x56, 0x82, 0xBA, 0xDF, 0xBA, 0x29, 0x99, 0x29, 0xD6, 0xE7, 0xCB, 0xB5, 0x98,
    0xE9, 0xD5, 0x8B, 0xC9, 0x8B, 0x66, 0x01, 0xAA, 0x04, 0xFF, 0xBD, 0x8C, 0xDA, 0xC7, 0x7C, 0x95,
    0xF7, 0x4E, 0x3F, 0xBB, 0x3F, 0x9D, 0xBA, 0x6F, 0x91, 0xEC, 0xDF, 0x8E, 0xE2, 0x9D, 0x53, 0xF7,
    0xF5, 0x7A, 0x37, 0x3F, 0xAC, 0xE0, 0xFF, 0xA2, 0x81, 0x71, 0xEA, 0x27, 0xC6, 0x21, 0x9C, 0xE9,
    0x4B, 0xAB, 0xE8, 0x77, 0xA8, 0x83, 0xBA, 0x34, 0x2D, 0x03, 0x7E, 0x06, 0x34, 0x40, 0x73, 0xFC,
    0xF7, 0x98, 0x4A, 0x78, 0xEC, 0x7A, 0xEA, 0x4B, 0xCB, 0x76, 0xAC, 0x1C, 0xC3, 0x2A, 0x41, 0xFF,
    0xCB, 0x0D, 0x54, 0x6B, 0xCF, 0x21, 0x58, 0x51, 0xA9, 0xC9, 0x35, 0xC3, 0x8B, 0x19, 0x9C, 0x3A,
    0xF8, 0xEE, 0x18, 0x4B, 0x8D, 0xDB, 0x82, 0xC9, 0x3C, 0xDE, 0xA3, 0x30, 0xB9, 0x74, 0x81, 0x9F,
    0x09, 0x7F, 0x54, 0x87, 0xD5, 0x02, 0x7C, 0x0F, 0xC0, 0x24, 0x5C, 0x26, 0x64, 0xB4, 0x18, 0xCD,
    0x76, 0xC3, 0x47, 0xFA, 0x0E, 0xEA, 0x72, 0x56, 0x53, 0xCE, 0x6B, 0x2E, 0xD2, 0x35, 0x45, 0xB0,
    0x82, 0x46, 0xB8, 0x0D, 0x6C, 0x91, 0xFD, 0x6E, 0x57, 0x70, 0xC7, 0x0F, 0xA3, 0xCB, 0x45, 0xDA,
    0x4C, 0x58, 0xC0, 0x17, 0xD9, 0xEF, 0x3E, 0x41, 0x48, 0x8C, 0x11, 0x42, 0x2C, 0xD2, 0x47, 0x34,
    0x73, 0x09, 0x6B, 0xCD, 0x67, 0x94, 0x9C, 0x3E, 0x99, 0xD0, 0x26, 0xFD, 0x61, 0xA8, 0xA4, 0x3C,
    0x8A, 0x5A, 0x9A, 0x43, 0xC6, 0x2C, 0x1F, 0xF2, 0x78, 0xC0, 0x24, 0x80, 0xC3, 0x28, 0xE0, 0x0E,
    0x69, 0x0F, 0x09, 0x5F, 0x97, 0x78, 0xAC, 0x4D, 0x45, 0x78, 0x22, 0xA9, 0xAB, 0xB5, 0xD3, 0x49,
    0xCF, 0xEF, 0x09, 0xDA, 0x9A, 0x48, 0x5F, 0x38, 0x16, 0xEA, 0x5F, 0x72, 0x2C, 0x0C, 0x85, 0x6D,
    0x61, 0x53, 0xC8, 0x58, 0x58, 0x7D, 0xB8, 0x13, 0xFE, 0x1F, 0xAC, 0xEE, 0xF0, 0x43, 0x3F, 0x8D,
    0xE7, 0x7E, 0xF2, 0x03, 0x4F, 0xD9, 0xAF, 0x97, 0xF0, 0xA6, 0x43, 0x33, 0x8A, 0xB8, 0xFD, 0xFA,
    0x41, 0x7F, 0x0E, 0x1A, 0xCA, 0xC7, 0xBF, 0xCB, 0x93, 0xC5, 0x2A, 0xB9, 0x63, 0xA9, 0x9D, 0xD9,
    0xB7, 0x7C, 0xBA, 0x5E, 0xFD, 0xC0, 0xD8, 0x21, 0x8E, 0xAB, 0xDA, 0x30, 0x1B, 0x52, 0x39, 0x95,
    0x00, 0xAC, 0x26, 0xC2, 0xA7, 0x09, 0x99, 0x7C, 0xF9, 0x5B, 0x9B, 0xA5, 0xDE, 0x5C, 0xAA, 0x57,
    0x17, 0x4D, 0x3E, 0x6E, 0x9B, 0x6C, 0x72, 0xB3, 0x59, 0xFB, 0x01, 0xAD, 0xD7, 0x9F, 0x54, 0x18,
    0xA5, 0x69, 0xBF, 0x59, 0xEB, 0x05, 0xFA, 0x2A, 0x43, 0xE8, 0x36, 0x08, 0x93, 0xC0, 0x9F, 0xC7,
    0x81, 0x36, 0x86, 0x09, 0x97, 0xC2, 0x8C, 0xCB, 0x3E, 0x62, 0xD7, 0x36, 0x61, 0x56, 0xB7, 0xD0,
    0x64, 0xB7, 0xDB, 0x2F, 0x44, 0x42, 0x1C, 0x27, 0xC6, 0x8F, 0x05, 0x2A, 0x3F, 0x22, 0x36, 0x61,
    0x63, 0x7B, 0xC6, 0x9D, 0xC3, 0x3F, 0xDA, 0xB7, 0x7E, 0xD8, 0xC9, 0x91, 0xAC, 0x5C, 0x6D, 0xEF,
    0x8C, 0xE1, 0x1C, 0x98, 0xE4, 0x06, 0xDD, 0x1C, 0x92, 0x49, 0xE1, 0x00, 0x27, 0x84, 0x30, 0x65,
    0x20, 0x17, 0x1B, 0xB0, 0x10, 0x10, 0x4C, 0x8A, 0x66, 0x82, 0xCD, 0x25, 0x24, 0x17, 0x77, 0x01,
    0xE9, 0x44, 0xA4, 0x4C, 0xB0, 0x27, 0xDD, 0xCE, 0x05, 0x4B, 0x78, 0xC1, 0x6A, 0xED, 0x8B, 0x2E,
    0x6D, 0x91, 0x4B, 0x63, 0xD0, 0x82, 0x04, 0x1B, 0x9C, 0x61, 0xBD, 0xC8, 0x7B, 0x5B, 0xAE, 0x87,
    0xDF, 0xF7, 0x3D, 0xAF, 0xC7, 0x33, 0xA3, 0x85, 0x0D, 0x56, 0xF7, 0xD3, 0xCD, 0xAF, 0xD4, 0xFD,
    0xBE, 0xEA, 0xEE, 0x6A, 0xD7, 0xF7, 0x5E, 0xFD, 0x7B, 0xF5, 0x5C, 0x0E, 0xBC, 0xDC, 0x47, 0x17,
    0x34, 0x2E, 0xBC, 0xE1, 0xDD, 0x89, 0xD5, 0x55, 0x46, 0x66, 0xA5, 0x3E, 0xBA, 0x6F, 0xFD, 0xE3,
    0x64, 0x6D, 0x5E, 0x69, 0xA6, 0xD3, 0x0F, 0x9A, 0xE1, 0x08, 0x43, 0x47, 0x57, 0x3A, 0x28, 0xCB,
    0x49, 0xAC, 0x19, 0x98, 0x41, 0x59, 0x0C, 0xD3, 0x88, 0x2B, 0xB3, 0xAB, 0x61, 0xCC, 0x56, 0x23,
    0x32, 0x98, 0xBE, 0x7F, 0x84, 0x4C, 0xE7, 0xB2, 0x55, 0x4D, 0x77, 0x89, 0xDA, 0xD5, 0x1F, 0xCB,
    0xD3, 0x7C, 0xC2, 0xE8, 0x91, 0xA9, 0xBA, 0x3A, 0x59, 0x38, 0xD5, 0xE7, 0x9F, 0x22, 0xD3, 0xBB,
    0xEA, 0x67, 0x98, 0x1F, 0xA3, 0x7B, 0x50, 0x2A, 0x97, 0xAD, 0xEC, 0x02, 0x76, 0xD5, 0xB5, 0x18,
    0x2B, 0xF0, 0x68, 0xEB, 0x80, 0xCC, 0x47, 0x70, 0x15, 0x5B, 0x2D, 0xAB, 0x19, 0xB4, 0x3F, 0xD9,
    0x55, 0xA0, 0x19, 0xB4, 0xAC, 0x65, 0x12, 0xF8, 0x6E, 0x65, 0xAD, 0x16, 0x4B, 0x8F, 0xF6, 0xA1,
    0x7F, 0xF7, 0x89, 0x2B, 0x40, 0xA5, 0x1A, 0x68, 0x1F, 0xFC, 0x15, 0x15, 0x27, 0xC7, 0x8C, 0x36,
    0x95, 0x76, 0x0F, 0x54, 0x03, 0xB3, 0xD4, 0xBB, 0x35, 0xBC, 0xB3, 0xCC, 0x6A, 0x99, 0x7C, 0x41,
    0x7D, 0x81, 0x96, 0xD3, 0x2E, 0x84, 0xB2, 0x4E, 0xB4, 0xEC, 0xE3, 0x11, 0x99, 0x08, 0x57, 0x40,
    0x36, 0xCB, 0x35, 0x3F, 0x95, 0x90, 0xA5, 0xAD, 0x6C, 0x17, 0xFA, 0x41, 0x64, 0x6A, 0x86, 0xBE,
    0xF5, 0xC3, 0xA3, 0x67, 0x4F, 0x3B, 0xD7, 0x73, 0x2E, 0x8C, 0xEE, 0x3B, 0x6A, 0x64, 0x5A, 0x59,
    0x60, 0x8D, 0xED, 0xC3, 0xCA, 0x45, 0xD2, 0x95, 0xB3, 0xB5, 0x9E, 0xBF, 0xC2, 0x72, 0x28, 0x02,
    0x17, 0xAB, 0x58, 0x50, 0x56, 0xE9, 0x56, 0x6A, 0x08, 0x6D, 0x86, 0x06, 0x0B, 0x53, 0x29, 0x92,
    0x50, 0xB6, 0x12, 0x59, 0x51, 0xB6, 0x16, 0x89, 0x36, 0xC5, 0x1D, 0x5E, 0xEA, 0x03, 0xF3, 0x4D,
    0x9D, 0xF6, 0xB0, 0x3A, 0x82, 0x41, 0xBE, 0x14, 0x11, 0x7D, 0x22, 0x9F, 0xF3, 0x08, 0x2B, 0x5C,
    0x9E, 0x62, 0x6B, 0xE7, 0xCC, 0x52, 0x91, 0x9D, 0xC3, 0xFA, 0xCF, 0xBA, 0xF7, 0x1F, 0x09, 0xB4,
    0xC2, 0xB7, 0xFB, 0x11, 0x65, 0x51, 0x38, 0x5A, 0x86, 0x65, 0xB7, 0x8C, 0xBA, 0xC9, 0xA1, 0x77,
    0x7E, 0xDC, 0xCA, 0xCA, 0x96, 0x91, 0xE0, 0x75, 0x2E, 0xF5, 0xB2, 0xBA, 0xA8, 0x5B, 0x87, 0x52,
    0x9E, 0xE4, 0xEA, 0xFC, 0x38, 0xF6, 0xE1, 0x88, 0x4C, 0x3D, 0xE4, 0x53, 0x82, 0xED, 0x5D, 0x35,
    0xA0, 0x11, 0x56, 0xE7, 0x55, 0x3B, 0xE5, 0x10, 0xB3, 0x88, 0xB2, 0xF9, 0x94, 0x47, 0x94, 0x2D,
    0xB8, 0x08, 0x79, 0x57, 0x32, 0xB3, 0x72, 0xEE, 0x20, 0xDF, 0x72, 0xD2, 0xB2, 0x24, 0x47, 0xBE,
    0x15, 0xCA, 0x32, 0xC3, 0xF4, 0xAD, 0xA0, 0xF2, 0x3B, 0xDC, 0xBF, 0xD9, 0xC6, 0x22, 0x97, 0x89,
    0x82, 0x1F, 0xF1, 0x03, 0x8B, 0x20, 0xFD, 0x8D, 0x0A, 0xAD, 0x1E, 0x3D, 0x30, 0x53, 0xF1, 0xDD,
    0x99, 0x2E, 0x39, 0x4D, 0x2D, 0xD1, 0x76, 0x26, 0x95, 0x04, 0xEC, 0x95, 0x6C, 0x0F, 0xDA, 0x45,
    0x0E, 0xDD, 0xB7, 0x5C, 0xAF, 0xEB, 0xD1, 0x26, 0xBA, 0xEB, 0xF6, 0x51, 0xAE, 0x3E, 0x5E, 0x64,
    0x68, 0xE4, 0x07, 0xD2, 0x16, 0x58, 0xFA, 0x7A, 0xB9, 0x9A, 0xB3, 0x75, 0xA4, 0x6C, 0x05, 0xA8,
    0x01, 0x89, 0x60, 0x85, 0x6A, 0x81, 0xB8, 0xFA, 0xB1, 0x45, 0xC5, 0x50, 0x06, 0xC0, 0xCD, 0x7D,
    0x4D, 0x2A, 0x85, 0x58, 0x19, 0x7A, 0xC3, 0xCE, 0x2A, 0x10, 0x09, 0xBC, 0xBE, 0x6D, 0x80, 0x0D,
    0x4B, 0xC3, 0x5A, 0x04, 0xD7, 0xF5, 0x9F, 0xCA, 0xA8, 0xD8, 0xFD, 0x2B, 0x51, 0x7E, 0x0A, 0x42,
    0x99, 0x04, 0x60, 0x2E, 0x0E, 0x58, 0xAD, 0xDC, 0xCB, 0xD5, 0x51, 0x2D, 0xC0, 0xAD, 0xA1, 0x62,
    0x2F, 0xEC, 0xAB, 0xF2, 0x9F, 0xCF, 0xFA, 0x88, 0xBF, 0xA9, 0xAD, 0xA0, 0x84, 0xE7, 0xBA, 0xEA,
    0x9A, 0x84, 0xBF, 0xC1, 0x90, 0x7E, 0xD6, 0x9A, 0x75, 0xDD, 0x24, 0x71, 0x19, 0x80, 0x85, 0x72,
    0xA9, 0xE5, 0x49, 0x27, 0x49, 0x09, 0xC7, 0x1D, 0xCF, 0x1A, 0xCB, 0xD9, 0x82, 0x15, 0xF0, 0x50,
    0xBC, 0x57, 0x7E, 0xA0, 0x00, 0x84, 0x0B, 0xC1, 0x31, 0xF7, 0x66, 0xDB, 0x4F, 0xDD, 0x49, 0x30,
    0xBA, 0x9A, 0xDE, 0xE6, 0x60, 0xC8, 0x0C, 0xEC, 0x9E, 0x47, 0xA0, 0xFC, 0xD9, 0x0A, 0x3D, 0xE3,
    0x45, 0x1C, 0x07, 0x5F, 0xFF, 0xA6, 0xF7, 0xBB, 0x96, 0xFE, 0x58, 0x0E, 0xE2, 0x92, 0x1E, 0x06,
    0xEA, 0x63, 0xBB, 0xDA, 0x1E, 0xC5, 0xAA, 0x96, 0x73, 0xD1, 0x39, 0xDD, 0x8E, 0xD7, 0x4B, 0x82,
    0x27, 0x0E, 0x42, 0x03, 0xA6, 0xB5, 0xEF, 0xCB, 0x15, 0x9F, 0xFF, 0x44, 0x06, 0xA0, 0x03, 0xBA,
    0x9F, 0xB8, 0x3F, 0xB8, 0xB5, 0x9F, 0x21, 0x63, 0xA6, 0x01, 0x80, 0x7A, 0xC1, 0x68, 0xB5, 0x79,
    0xAC, 0x07, 0xD6, 0xAD, 0x07, 0x7A, 0xB7, 0xE3, 0x03, 0x62, 0x1B, 0x81, 0xCD, 0x27, 0xB3, 0xD9,
    0xE9, 0x6A, 0x0D, 0xF1, 0x66, 0xDB, 0xF3, 0x22, 0x48, 0xE3, 0x91, 0x07, 0x71, 0x2D, 0xBF, 0x55,
    0x2A, 0x83, 0x19, 0x41, 0x2B, 0xD6, 0x3C, 0xA8, 0xB5, 0x7B, 0x5E, 0x44, 0x2B, 0x35, 0x43, 0x3C,
    0xD7, 0x3C, 0x8C, 0x53, 0xC8, 0x43, 0x71, 0x96, 0xAA, 0xA4, 0x04, 0x99, 0x7C, 0xDC, 0x48, 0x7B,
    0xE6, 0x65, 0xF2, 0x11, 0xAE, 0x20, 0xB6, 0xA3, 0x5B, 0xBE, 0xB7, 0xE5, 0xBD, 0xED, 0xA2, 0x4B,
    0x64, 0x90, 0x54, 0x7F, 0x36, 0xAF, 0x16, 0x30, 0xC6, 0x6A, 0x31, 0xF9, 0xEC, 0xAF, 0x90, 0xC7,
    0xCE, 0x6F, 0xCA, 0x90, 0x2F, 0x99, 0x5F, 0xF8, 0xD7, 0x77, 0xFE, 0x52, 0x46, 0xBA, 0xFA, 0x7E,
    0xC1, 0xE4, 0x8E, 0x24, 0xE3, 0x0B, 0x9E, 0xC5, 0x80, 0x7C, 0xF6, 0x1E, 0x1B, 0xBB, 0xD0, 0xCF,
    0x33, 0x6D, 0x59, 0x4A, 0x70, 0x8C, 0xF5, 0x23, 0x0F, 0x0F, 0x4B, 0xB8, 0x0F, 0xD7, 0x7C, 0xA1,
    0x71, 0xD8, 0x77, 0xE5, 0xD9, 0xB3, 0x5E, 0x23, 0x6E, 0x6A, 0x5F, 0x9A, 0xED, 0xC8, 0xA3, 0x8A,
    0x3B, 0xCF, 0x5A, 0x52, 0xA4, 0x9F, 0x24, 0x12, 0x35, 0xEA, 0xEA, 0xBA, 0x88, 0xDD, 0x58, 0xB9,
    0xA0, 0xE9, 0xCA, 0x19, 0x2D, 0x5E, 0x4E, 0x17, 0x99, 0x14, 0x94, 0xD2, 0x06, 0xF0, 0xAD, 0x8A,
    0xD1, 0x7A, 0x5F, 0x93, 0x4E, 0xA1, 0x7E, 0x42, 0x4F, 0x90, 0x85, 0x30, 0xFF, 0x9F, 0x80, 0x9E,
    0xB5, 0xE2, 0x7F, 0x97, 0x88, 0x8B, 0xE5, 0x51, 0x2F, 0xAD, 0xA0, 0x9A, 0x15, 0x0B, 0x7A, 0x4A,
    0xA5, 0xC1, 0xE1, 0xD5, 0x35, 0xF3, 0x7E, 0xCB, 0x40, 0x75, 0x4A, 0x08, 0xB1, 0xFE, 0x07, 0x9B,
    0xB4, 0x25, 0x3C, 0x21, 0xAC, 0x80, 0x5A, 0x00, 0x17, 0x02, 0x5B, 0x30, 0xFB, 0x6B, 0x6B, 0x98,
    0x89, 0x10, 0x5E, 0xF5, 0xF8, 0xE0, 0xAE, 0x00, 0x06, 0x73, 0xF7, 0x5E, 0x54, 0xB1, 0x4C, 0x27,
    0x5F, 0xEF, 0x55, 0x5F, 0xE5, 0x7C, 0x03, 0xE2, 0xCE, 0x16, 0x57, 0x7F, 0x18, 0xD1, 0x41, 0xCA,
    0x85, 0x30, 0xBB, 0x8B, 0xC2, 0xA4, 0xBE, 0xAE, 0x42, 0x2E, 0x57, 0xAB, 0xCE, 0x20, 0x87, 0x7E,
    0x43, 0xA1, 0xC6, 0x97, 0xA1, 0xC4, 0xC0, 0x09, 0xD5, 0xA8, 0x20, 0x62, 0x30, 0xA8, 0x7A, 0xEF,
    0x74, 0x03, 0x06, 0x59, 0xA3, 0x90, 0xB0, 0x9D, 0xD1, 0xDE, 0xAC, 0x10, 0x5F, 0x6E, 0x9D, 0xDF,
    0x6D, 0x61, 0x6C, 0xDF, 0xC2, 0xF4, 0x3D, 0xA8, 0x38, 0xD9, 0xE1, 0x9E, 0xFC, 0xE2, 0xD9, 0x8F,
    0x93, 0x13, 0x4D, 0x06, 0xAB, 0x3B, 0xAF, 0x0D, 0x24, 0x07, 0xA8, 0x08, 0x3E, 0x59, 0x53, 0x1E,
    0x4E, 0x1C, 0x94, 0xE4, 0xBE, 0xF8, 0x57, 0xDB, 0x2E, 0x74, 0xD1, 0x8C, 0xA2, 0xF5, 0xA6, 0x86,
    0xD0, 0x3D, 0x5F, 0x14, 0x24, 0x8F, 0x74, 0xCE, 0x12, 0x37, 0x5B, 0xFD, 0x1B, 0xD0, 0x51, 0x2E,
    0xAB, 0xEB, 0x5B, 0xA5, 0x76, 0x91, 0x41, 0xA9, 0xFD, 0xE9, 0x01, 0x74, 0x1F, 0xE0, 0x3D, 0x3C,
    0x70, 0xE7, 0xF4, 0x2B, 0x6E, 0x17, 0x44, 0x18, 0xAA, 0xC8, 0x71, 0x03, 0x46, 0xFB, 0x6D, 0xB5,
    0x06, 0xDB, 0xD9, 0x44, 0x5F, 0xE0, 0x6C, 0x81, 0x09, 0x42, 0xB5, 0x7F, 0x9B, 0x55, 0x40, 0xE0,
    0x6F, 0xB6, 0x63, 0xBE, 0x42, 0x55, 0x08, 0x68, 0x6B, 0xB3, 0x59, 0x45, 0xE1, 0x4C, 0xD4, 0x2A,
    0x9A, 0x44, 0x01, 0xED, 0xA8, 0xD4, 0x79, 0x7F, 0xCC, 0x41, 0x7C, 0xD4, 0x73, 0x4F, 0x3E, 0x6F,
    0x1D, 0x8C, 0x04, 0x61, 0xC9, 0x22, 0x22, 0x5F, 0xFE, 0x5B, 0x16, 0xE3, 0x51, 0xE2, 0xFA, 0x23,
    0x03, 0x29, 0x37, 0x5A, 0x8F, 0xCB, 0x5F, 0xEC, 0xDB, 0xD0, 0x46, 0x3F, 0xF7, 0x9B, 0xB8, 0x48,
    0x37, 0xBA, 0x22, 0x22, 0xB2, 0x59, 0x2C, 0x7A, 0x2B, 0x37, 0xDE, 0xFC, 0xA6, 0x28, 0x66, 0x65,
    0x59, 0xC5, 0x42, 0x34, 0x48, 0x54, 0x6E, 0xB2, 0x86, 0xAC, 0x62, 0x9E, 0x36, 0x5A, 0xA3, 0x5B,
    0xBE, 0x72, 0x7C, 0x4D, 0x26, 0xA9, 0x14, 0x2B, 0xA2, 0xA4, 0x5E, 0x54, 0x8C, 0x9A, 0x51, 0x2B,
    0x4A, 0x2A, 0x67, 0xCB, 0x66, 0x65, 0xD2, 0x51, 0x52, 0x43, 0x6A, 0x47, 0x49, 0x25, 0xA9, 0x20,
    0x25, 0xF5, 0xA4, 0xA2, 0xD4, 0xF4, 0x5C, 0x39, 0x94, 0xA5, 0xA2, 0x90, 0x64, 0x2B, 0x4F, 0x0D,
    0x25, 0x80, 0xF1, 0x07, 0xBB, 0x85, 0xFA, 0x44, 0xAC, 0xA5, 0xE5, 0x94, 0x20, 0x03, 0x98, 0xE7,
    0x78, 0x5F, 0xB1, 0x74, 0x2B, 0xEF, 0x0B, 0x11, 0x65, 0x0B, 0x22, 0x75, 0x00, 0xE2, 0xBF, 0x98,
    0x19, 0x76, 0xCC, 0x64, 0xBA, 0xF3, 0xAE, 0xBC, 0xD3, 0xE6, 0xB8, 0x36, 0x43, 0x4B, 0x4D, 0x82,
    0xF6, 0xD0, 0xA8, 0x54, 0x8C, 0xE8, 0x48, 0xC0, 0x46, 0xA0, 0x97, 0xE6, 0xA1, 0x99, 0xCC, 0x78,
    0xEB, 0xDF, 0x10, 0x34, 0xB7, 0xAA, 0xFA, 0x55, 0xCD, 0xFB, 0xD9, 0xBB, 0x32, 0xD2, 0x8B, 0x56,
    0xF6, 0x0A, 0xE1, 0x98, 0x3F, 0x09, 0xFD, 0x50, 0xD9, 0xF2, 0xF2, 0x79, 0xB7, 0x3B, 0xBB, 0xB6,
    0x55, 0xD8, 0xBD, 0x91, 0x3F, 0xC6, 0x64, 0xF5, 0xFF, 0x4A, 0x5E, 0xA2, 0xEE, 0x05, 0x96, 0x23,
    0x73, 0x47, 0xAB, 0x7E, 0x98, 0x60, 0x6A, 0x1B, 0xD0, 0x22, 0x01, 0x19, 0x9C, 0x17, 0xA8, 0x17,
    0xF8, 0x88, 0x57, 0x38, 0x5C, 0x39, 0x46, 0xC0, 0x84, 0xCC, 0xBC, 0x67, 0x22, 0x32, 0x85, 0x74,
    0xD1, 0x75, 0xA3, 0x4E, 0x00, 0x5E, 0x5C, 0x3F, 0xAA, 0xE7, 0x55, 0xF3, 0x80, 0x42, 0x15, 0x2B,
    0x09, 0x32, 0x68, 0xA6, 0x94, 0x41, 0x33, 0x75, 0xCC, 0xE5, 0x5F, 0x34, 0xD3, 0x2C, 0x99, 0xFC,
    0x37, 0xFC, 0xCF, 0xD9, 0xC9, 0x17, 0xD2, 0xF2, 0x0E, 0x8D, 0x88, 0x43, 0xC6, 0xEF, 0x99, 0x46,
    0x33, 0x7A, 0xF5, 0x0A, 0x86, 0xEA, 0x35, 0xB3, 0x2A, 0xD3, 0xAB, 0x2B, 0x60, 0x0D, 0x38, 0xCB,
    0x96, 0xB9, 0x68, 0xE6, 0x37, 0xE5, 0x63, 0x4C, 0x4A, 0xBC, 0x58, 0x37, 0x33, 0x03, 0xA6, 0x67,
    0x4F, 0x86, 0xB6, 0x0D, 0x86, 0xB6, 0xE9, 0x92, 0xD9, 0xCC, 0xF5, 0x4A, 0x54, 0x6F, 0x20, 0x96,
    0xE7, 0xA8, 0xC1, 0xBD, 0xF7, 0xAD, 0x18, 0xFF, 0xD8, 0x09, 0xF8, 0xEA, 0x4D, 0x2D, 0xE8, 0x2F,
    0x2D, 0x9A, 0x4A, 0xBB, 0x4B, 0x1F, 0x49, 0xCB, 0x27, 0x3A, 0x93, 0xCD, 0x97, 0xDB, 0x9F, 0xB6,
    0x82, 0x89, 0x24, 0x6C, 0x59, 0xC5, 0xC1, 0x8B, 0x23, 0x26, 0x62, 0xB7, 0x12, 0xFB, 0x08, 0x0C,
    0x72, 0x20, 0xFE, 0x0F, 0x6C, 0x84, 0x1E, 0xB7, 0x07, 0xA2, 0x1E, 0x7C, 0xDF, 0x47, 0xA2, 0x2C,
    0x9A, 0x45, 0xDD, 0x7E, 0x05, 0x45, 0x2D, 0xAA, 0x97, 0x55, 0x9A, 0xFA, 0x77, 0xF0, 0xE9, 0xD1,
    0xFC, 0x4B, 0x21, 0x93, 0xA9, 0xD3, 0xBE, 0xA0, 0x9E, 0xBB, 0xFF, 0x43, 0xF7, 0x72, 0x92, 0xB3,
    0x25, 0x2B, 0xC3, 0x46, 0x4E, 0xBB, 0xE1, 0xCB, 0xEB, 0xA3, 0x7B, 0xB7, 0x76, 0xFC, 0x76, 0x6B,
    0xF6, 0x19, 0x81, 0x28, 0x0F, 0x56, 0x0B, 0xD0, 0x7F, 0x72, 0x8E, 0xF2, 0xAD, 0x6E, 0x8F, 0xF2,
    0x75, 0xED, 0xAD, 0xFD, 0x8E, 0x68, 0x5F, 0x33, 0xE7, 0x57, 0x8B, 0xF6, 0x0D, 0x2F, 0x44, 0xFB,
    0x8A, 0x2F, 0xA3, 0x7D, 0xE5, 0x57, 0x45, 0xFB, 0x6E, 0xC7, 0x71, 0x72, 0x5D, 0xE0, 0xA6, 0x57,
    0x06, 0xE0, 0xDF, 0xC9, 0x08, 0x0C, 0x98, 0x19, 0xB3, 0x3D, 0xEA, 0xF7, 0xE1, 0xAB, 0x51, 0xBF,
    0x5B, 0x3B, 0xFE, 0x96, 0x8A, 0x3F, 0xF4, 0x2A, 0x63, 0xA3, 0x1E, 0xE0, 0x82, 0xDD, 0xC6, 0x98,
    0x45, 0x04, 0xA1, 0x7A, 0x44, 0x1D, 0x9A, 0x21, 0x47, 0x38, 0x45, 0x77, 0x20, 0x59, 0xE4, 0x39,
    0x1D, 0xFA, 0x48, 0x0B, 0xEF, 0xDF, 0x1D, 0xCB, 0x4E, 0xEA, 0x9D, 0x5E, 0xA4, 0x51, 0x2B, 0x8C,
    0x7A, 0x29, 0xBA, 0xA3, 0x49, 0x37, 0x1C, 0x7A, 0x91, 0x66, 0xA8, 0x46, 0xBD, 0x94, 0x0F, 0x7A,
    0xA9, 0x07, 0x68, 0x97, 0x5F, 0x53, 0xF9, 0xDB, 0x0C, 0x60, 0xB8, 0xF3, 0x0D, 0xA8, 0x7A, 0x46,
    0xCB, 0xFC, 0xD0, 0x4F, 0xA4, 0x2E, 0x83, 0xA9, 0x12, 0xAC, 0x65, 0x18, 0x40, 0x2A, 0x65, 0x46,
    0xCB, 0xD4, 0xC2, 0x96, 0xF1, 0xC2, 0x96, 0xE9, 0x45, 0xB0, 0x3E, 0xCA, 0x73, 0xB4, 0x4C, 0x2E,
    0x95, 0x04, 0x2D, 0x9E, 0xB6, 0x0F, 0x8D, 0xB8, 0x2A, 0xB2, 0x65, 0xFC, 0xC4, 0x96, 0xE9, 0x46,
    0xB6, 0x8C, 0x0C, 0x68, 0x91, 0x4C, 0x5A, 0x60, 0x9E, 0xD8, 0x32, 0x55, 0x64, 0xCB, 0x34, 0x33,
    0x5B, 0xC6, 0x8F, 0x68, 0x99, 0x45, 0x06, 0xB4, 0xCC, 0x2A, 0x2D, 0x5A, 0x46, 0x04, 0x75, 0x77,
    0x12, 0x51, 0xB7, 0x97, 0x19, 0x2D, 0x53, 0xCB, 0x84, 0x96, 0x29, 0xAD, 0x65, 0x72, 0x6D, 0x99,
    0x51, 0x91, 0x2D, 0x53, 0x6E, 0x30, 0x43, 0xE5, 0x7B, 0x68, 0x19, 0x6F, 0xA3, 0xBE, 0x1A, 0x88,
    0x59, 0x4B, 0xB4, 0x04, 0x33, 0x13, 0xCB, 0x64, 0xF8, 0x92, 0x47, 0xE0, 0xFA, 0x99, 0x58, 0x45,
    0xE2, 0x45, 0x88, 0xAE, 0x09, 0xAF, 0xF7, 0xAA, 0xD5, 0x43, 0xDA, 0xF1, 0x8E, 0x3A, 0x2B, 0x0F,
    0x57, 0x38, 0x82, 0xB8, 0x82, 0x4C, 0x1B, 0x2E, 0xC4, 0x7A, 0xB6, 0x9E, 0xCF, 0x3D, 0xAC, 0xF3,
    0xDC, 0xC4, 0x12, 0x07, 0x90, 0x2F, 0x14, 0xBB, 0x2B, 0xB7, 0x8B, 0xFD, 0x40, 0x76, 0xD6, 0x43,
    0x89, 0x3C, 0xD3, 0x53, 0x8B, 0x12, 0x63, 0xAF, 0xCD, 0x84, 0x7E, 0x77, 0x2E, 0x68, 0x4E, 0xA2,
    0xDA, 0x2A, 0x11, 0x8B, 0x15, 0xA8, 0x74, 0x0E, 0x5C, 0x51, 0xAD, 0x36, 0x09, 0x3C, 0xB8, 0x5A,
    0x86, 0x8C, 0x83, 0x30, 0xF5, 0x62, 0xB1, 0xC2, 0x08, 0xA5, 0xC5, 0xEC, 0xF2, 0xE8, 0xC9, 0xCB,
    0xBA, 0x67, 0x91, 0x58, 0x25, 0x62, 0x63, 0xD8, 0xC7, 0xD3, 0x0A, 0x97, 0x8B, 0x15, 0x9B, 0x4F,
    0x66, 0xBC, 0xB5, 0xE3, 0x3B, 0x90, 0x4A, 0x15, 0x58, 0x19, 0x7A, 0x99, 0x80, 0xF2, 0x1C, 0x98,
    0xA7, 0x72, 0x61, 0x3C, 0x21, 0x8F, 0x8A, 0xF5, 0xD5, 0xAD, 0xB7, 0xF6, 0x3B, 0x52, 0x6E, 0x41,
    0xFA, 0x32, 0x31, 0x80, 0x5B, 0x09, 0x3D, 0x53, 0xA2, 0xD6, 0x9A, 0x89, 0x1D, 0xBF, 0xFB, 0xD0,
    0x7D, 0x45, 0xBA, 0x1D, 0xCF, 0xF5, 0x48, 0xF4, 0x13, 0x51, 0x88, 0x76, 0xF6, 0x9B, 0x94, 0xB1,
    0x7C, 0x9D, 0x42, 0xE1, 0x97, 0x08, 0x38, 0x27, 0x1C, 0xD7, 0xEA, 0x44, 0x86, 0x1D, 0xEF, 0xC9,
    0x67, 0xED, 0x76, 0xDE, 0xDF, 0x39, 0x81, 0x6D, 0x60, 0xCF, 0x52, 0x38, 0x59, 0xEC, 0xA1, 0x25,
    0xBF, 0x28, 0xAE, 0xCA, 0x5F, 0x0D, 0x70, 0x91, 0xC1, 0x9A, 0xD1, 0x01, 0xFF, 0x7C, 0x55, 0x2C,
    0xE5, 0x83, 0x85, 0xAC, 0x64, 0x32, 0xB4, 0x78, 0xBD, 0xD1, 0x93, 0xE4, 0x88, 0xD1, 0x10, 0xC5,
    0xBF, 0xC6, 0x09, 0xF7, 0xAB, 0xE1, 0x70, 0x1A, 0x9D, 0x0F, 0xE5, 0x63, 0xAB, 0x4E, 0x0E, 0x64,
    0x87, 0x19, 0x77, 0x40, 0x98, 0xE2, 0xA8, 0x84, 0x80, 0xCD, 0xFF, 0xDB, 0xD6, 0x04, 0x57, 0xFE,
    0x73, 0x55, 0x18, 0x7A, 0x69, 0x15, 0x2A, 0x19, 0xB4, 0x16, 0xAD, 0xB8, 0x94, 0xA0, 0x3C, 0xE8,
    0x35, 0x6D, 0x00, 0x76, 0x06, 0xB5, 0x80, 0x5B, 0x93, 0x40, 0xCD, 0xAF, 0x7B, 0x18, 0xA2, 0x41,
    0xEF, 0x80, 0xBA, 0x5D, 0xAC, 0x65, 0x82, 0xED, 0xD1, 0xBB, 0x04, 0x94, 0x51, 0xF9, 0x41, 0x05,
    0xF0, 0x58, 0x7E, 0xD1, 0x3A, 0x94, 0x18, 0x0E, 0xA0, 0x35, 0x12, 0x70, 0xEF, 0x25, 0x38, 0x9A,
    0x0F, 0xAF, 0xB0, 0xA6, 0xCB, 0xC5, 0xC9, 0xBE, 0x89, 0x44, 0xBF, 0x10, 0xFB, 0x89, 0xA8, 0x6C,
    0x11, 0xED, 0xB8, 0xBA, 0x9A, 0xCF, 0x8C, 0x68, 0x51, 0x25, 0x7C, 0x57, 0x16, 0xC5, 0xE0, 0x65,
    0x56, 0x6C, 0xE5, 0xDF, 0xDE, 0x56, 0xCC, 0x84, 0x36, 0xCE, 0x81, 0xA5, 0x14, 0x3B, 0x72, 0x28,
    0xA7, 0x42, 0xAE, 0xC0, 0x5C, 0x16, 0xE0, 0x05, 0xFC, 0xEA, 0xD5, 0x75, 0x8C, 0x2D, 0xB8, 0x4A,
    0x26, 0xD0, 0x41, 0x01, 0x1F, 0xB5, 0xD9, 0x15, 0xCB, 0xE0, 0x15, 0x17, 0x3F, 0x35, 0xC0, 0x6E,
    0x54, 0xEC, 0xE6, 0xFE, 0xEA, 0x67, 0xA5, 0xDB, 0x8F, 0xDD, 0xA8, 0xE8, 0x45, 0x82, 0xD2, 0xB6,
    0x18, 0xC3, 0xE0, 0x1E, 0xB5, 0x4A, 0x7F, 0x30, 0x63, 0xB4, 0xC0, 0x3C, 0x01, 0xDE, 0x2A, 0x22,
    0xB0, 0xFB, 0xF9, 0x04, 0x34, 0xAB, 0x99, 0x53, 0x87, 0x59, 0xC0, 0x92, 0x0F, 0xF8, 0x7E, 0x3C,
    0xBA, 0x5D, 0xB7, 0xEE, 0x81, 0x32, 0x5A, 0x85, 0xC5, 0xE9, 0x8D, 0x9C, 0xD3, 0x9D, 0xF7, 0xD0,
    0x4C, 0xDA, 0x9D, 0x4A, 0x11, 0xB4, 0x74, 0xB9, 0x49, 0x99, 0x0A, 0x09, 0x78, 0x9A, 0xA1, 0xC5,
    0x0B, 0x4D, 0xC1, 0x67, 0x97, 0x92, 0xEA, 0x5D, 0xAD, 0x2A, 0x79, 0xD3, 0xB6, 0x89, 0x38, 0xF7,
    0x44, 0xB9, 0x1C, 0xB2, 0xDB, 0x5E, 0x0B, 0x1E, 0x65, 0x88, 0x0C, 0x71, 0xF5, 0xF2, 0xF9, 0x87,
    0x7C, 0x8C, 0xE6, 0x22, 0xA9, 0x91, 0xAB, 0xBB, 0x1F, 0xB2, 0xF7, 0xA8, 0xCB, 0x40, 0x0D, 0xC0,
    0x45, 0xA5, 0x35, 0x84, 0x40, 0x3D, 0xA8, 0x24, 0x81, 0xF4, 0x6F, 0x22, 0x7F, 0x0F, 0x5A, 0xF6,
    0xB4, 0x48, 0xC2, 0xE2, 0x20, 0x30, 0xB9, 0x92, 0xEE, 0x82, 0x1F, 0x34, 0x1E, 0x54, 0x8F, 0x37,
    0x8F, 0x79, 0x11, 0xDD, 0x4F, 0x74, 0xF4, 0x7D, 0x1F, 0x4F, 0x49, 0xA9, 0xCD, 0x97, 0x46, 0x82,
    0xCB, 0xC6, 0xFC, 0xBC, 0xE6, 0xDF, 0x3C, 0xE6, 0x4D, 0xA8, 0xAE, 0xDA, 0x63, 0xB4, 0x73, 0xE0,
    0xF9, 0x1A, 0x4A, 0x7C, 0xC3, 0x5F, 0x6F, 0x32, 0x7F, 0x4D, 0x98, 0x26, 0xEB, 0xC4, 0xD5, 0x2B,
    0xE8, 0xC2, 0x56, 0xEB, 0xD6, 0x6E, 0xD2, 0x5D, 0x55, 0x71, 0x2D, 0x07, 0xDD, 0x5F, 0x55, 0x2A,
    0xC7, 0x5A, 0xEF, 0x88, 0x7F, 0xDE, 0x63, 0x2C, 0x47, 0x94, 0xBF, 0xDE, 0x40, 0x8D, 0xEE, 0x6E,
    0xE2, 0x91, 0xB2, 0x48, 0xF2, 0xDC, 0x78, 0x20, 0x1C, 0x1C, 0x6B, 0x59, 0xEA, 0xE8, 0xB0, 0x0F,
    0xAC, 0x56, 0xB0, 0x09, 0x75, 0x24, 0x19, 0x1F, 0xAB, 0xA4, 0x5C, 0x64, 0x6E, 0x22, 0x63, 0xB8,
    0xCA, 0x67, 0xED, 0x93, 0x56, 0x8E, 0x45, 0x41, 0x79, 0xE8, 0xBA, 0xA2, 0x38, 0x73, 0xEA, 0xF7,
    0x13, 0xB1, 0xDB, 0xF0, 0x9F, 0xFA, 0x59, 0xB3, 0xF9, 0xB4, 0xD1, 0xD4, 0x2D, 0xDC, 0xE4, 0x63,
    0x21, 0x1A, 0x2D, 0x56, 0x9E, 0xF2, 0x63, 0x09, 0x25, 0x1E, 0x59, 0x5B, 0x75, 0xA5, 0xC9, 0xD0,
    0xC1, 0xEF, 0x3F, 0x71, 0xF7, 0xD1, 0x00, 0x77, 0x7F, 0x64, 0x71, 0xE8, 0x4A, 0xCD, 0xD6, 0x89,
    0x4C, 0x17, 0x19, 0x65, 0xD4, 0x45, 0x63, 0xA8, 0xC4, 0xFD, 0xBA, 0xAB, 0x5F, 0xBA, 0x75, 0xB2,
    0x68, 0xB5, 0xE4, 0x60, 0x22, 0x6C, 0x1F, 0x2F, 0xC3, 0x26, 0x8A, 0xA1, 0xDB, 0xF8, 0x2A, 0x79,
    0x09, 0x8D, 0x7C, 0x90, 0xF8, 0x48, 0x63, 0x26, 0x12, 0x78, 0x86, 0xD4, 0xE5, 0x83, 0x8A, 0x8F,
    0x2D, 0xE0, 0x6B, 0x9B, 0xC0, 0x3E, 0xD8, 0x89, 0xE7, 0x7F, 0x40, 0xF4, 0x3F, 0xDA, 0x59, 0x3C,
    0x3B, 0xE4, 0x9A, 0x76, 0x1F, 0xA8, 0x78, 0xE1, 0x56, 0x5E, 0x44, 0x27, 0x38, 0x26, 0x7D, 0x24,
    0x18, 0x1F, 0xCA, 0xB4, 0xAE, 0x54, 0x25, 0xFD, 0xD4, 0x4D, 0x4E, 0x06, 0x3F, 0xEB, 0xA9, 0xDC,
    0xB9, 0x14, 0x27, 0x53, 0x95, 0x32, 0x19, 0x1B, 0x0D, 0x97, 0xFB, 0x55, 0x56, 0xE7, 0xB5, 0x58,
    0x67, 0x86, 0xA5, 0xF8, 0x0D, 0x15, 0xA3, 0x3E, 0x1A, 0x37, 0x76, 0xD1, 0x35, 0xA3, 0x2A, 0x73,
    0xDD, 0x94, 0x11, 0x55, 0x66, 0x81, 0x32, 0x38, 0x84, 0x6D, 0x5B, 0x31, 0x63, 0xD8, 0xA4, 0x7D,
    0xB9, 0x51, 0x82, 0x70, 0x89, 0xAB, 0x85, 0xF4, 0x7E, 0x79, 0xFC, 0x72, 0xCD, 0x56, 0x70, 0x89,
    0x71, 0x73, 0xE4, 0xE7, 0xEA, 0x30, 0x6F, 0xB4, 0xCA, 0x25, 0x8F, 0xAE, 0x1E, 0x2F, 0xEB, 0x2F,
    0x8D, 0x5A, 0xB6, 0xE8, 0x6E, 0xAA, 0x5C, 0xD5, 0x50, 0xDC, 0x31, 0x50, 0xF2, 0x1B, 0xFE, 0x7A,
    0x4E, 0x67, 0xA6, 0x46, 0x95, 0x5C, 0x49, 0x16, 0x6C, 0x1D, 0xE8, 0x3A, 0xF0, 0x75, 0x20, 0xEC,
    0xC0, 0xD8, 0x81, 0x32, 0x39, 0x93, 0x34, 0x59, 0x93, 0x36, 0xE4, 0xE8, 0x40, 0xDC, 0x81, 0xB9,
    0x03, 0x75, 0x07, 0xEE, 0x24, 0x6F, 0xEC, 0x49, 0xBF, 0x1C, 0x79, 0x4C, 0xA8, 0xC6, 0xAF, 0x81,
    0xFD, 0xB5, 0x9B, 0x2D, 0xEC, 0xDE, 0xDB, 0xD1, 0xEB, 0xA7, 0xEE, 0xBB, 0x32, 0x39, 0xD9, 0xDE,
    0x1F, 0xC8, 0x88, 0x32, 0x76, 0xE4, 0xC8, 0xDE, 0xC1, 0x15, 0x6A, 0x6E, 0x5C, 0xC3, 0xDE, 0xC9,
    0x61, 0xB8, 0x35, 0x91, 0x6F, 0x8F, 0x77, 0xE1, 0x7C, 0x12, 0x9D, 0x06, 0x70, 0xDE, 0xFF, 0xF2,
    0x3E, 0x6F, 0x49, 0x1E, 0x1B, 0x11, 0x59, 0x1C, 0xBC, 0xD8, 0x44, 0xEF, 0xA6, 0x6B, 0xBF, 0xF1,
    0xFA, 0x51, 0x58, 0x57, 0xC8, 0x5E, 0x86, 0x8B, 0xF4, 0xD7, 0x22, 0xEA, 0xE3, 0x67, 0xD5, 0xEC,
    0x87, 0x3C, 0x7E, 0xD3, 0x75, 0x17, 0x53, 0xB6, 0x54, 0xB1, 0x48, 0xDA, 0xAE, 0xFA, 0xD6, 0xBC,
    0x7E, 0xE7, 0x2C, 0x7D, 0xF3, 0xB6, 0x7F, 0x3C, 0xC0, 0xA9, 0x1C, 0x2F, 0x2A, 0xE7, 0x26, 0x70,
    0xDB, 0xA5, 0x06, 0x49, 0xFC, 0x61, 0xEB, 0x25, 0xF8, 0xC2, 0xB3, 0x77, 0x8E, 0x3A, 0x25, 0xFC,
    0x3E, 0x3B, 0xDC, 0x7D, 0xEB, 0x4A, 0x5A, 0x09, 0xCF, 0xC2, 0x2F, 0x75, 0x52, 0x7E, 0x38, 0xA5,
    0x17, 0xB8, 0x30, 0x95, 0xD2, 0xD6, 0x49, 0xA5, 0x8F, 0x87, 0xEC, 0x16, 0x95, 0xFD, 0xA2, 0x05,
    0xFA, 0x79, 0x97, 0x09, 0x6B, 0xD6, 0xAA, 0xD2, 0x47, 0x7D, 0x75, 0xB3, 0x6E, 0x52, 0xB0, 0x7F,
    0xA1, 0x96, 0x20, 0xC5, 0x6D, 0xD2, 0x5D, 0x46, 0xA3, 0xEB, 0x29, 0x53, 0x2F, 0x3C, 0x95, 0x03,
    0xD6, 0xCA, 0xD6, 0xE5, 0xA3, 0x3A, 0xD3, 0x65, 0xA8, 0x66, 0xF7, 0xFA, 0x04, 0x8B, 0x6E, 0xC3,
    0xEE, 0x7B, 0xF2, 0x5F, 0x22, 0x4E, 0x34, 0x0D, 0x8F, 0x21, 0x33, 0x91, 0x5C, 0x37, 0x51, 0x0B,
    0xE4, 0x15, 0x32, 0x14, 0xFA, 0xDA, 0x97, 0xDA, 0xF3, 0xAB, 0x4E, 0x38, 0xFA, 0xB1, 0xE2, 0x05,
    0xC2, 0xF6, 0x5A, 0x5C, 0x07, 0xF2, 0xFD, 0xA2, 0x4B, 0x4A, 0x1F, 0x7F, 0x0F, 0xCD, 0x17, 0x11,
    0x9B, 0x9C, 0xF7, 0x41, 0xBF, 0xDA, 0x81, 0x31, 0xC8, 0xE1, 0x38, 0x2E, 0xD6, 0xC5, 0xE3, 0xC4,
    0x26, 0x3D, 0xE4, 0x57, 0xDC, 0x4C, 0x5E, 0x80, 0x6B, 0x5F, 0x8D, 0x01, 0xDD, 0xCF, 0x9E, 0x96,
    0xB7, 0x27, 0x95, 0x03, 0x9A, 0x60, 0xA8, 0x93, 0xCA, 0x8D, 0x52, 0xAE, 0x52, 0xF3, 0x1D, 0x64,
    0xAF, 0xF6, 0x0F, 0xB0, 0x7F, 0x6B, 0xF6, 0x5F, 0x54, 0x9D, 0x57, 0x2D, 0x5F, 0xBF, 0xC6, 0xF2,
    0xEF, 0x1B, 0x8B, 0x8F, 0x0E, 0x0D, 0xB8, 0xF8, 0x35, 0xF2, 0xA5, 0x02, 0x17, 0xAE, 0x7A, 0xAB,
    0x3D, 0xC0, 0x71, 0x03, 0xF9, 0x1B, 0x43, 0x18, 0xDD, 0x9E, 0x3D, 0x62, 0x8C, 0xFF, 0x07, 0xAB,
    0x9E, 0xE7, 0xBB, 0x08, 0x8F, 0x33, 0xDE, 0x40, 0xE6, 0xF5, 0x98, 0x5B, 0x9F, 0x57, 0x26, 0xA2,
    0xAE, 0xA5, 0x8E, 0xBE, 0x2A, 0xD4, 0xD3, 0x99, 0xEC, 0x8D, 0x63, 0xBE, 0x3A, 0xDF, 0xF2, 0x38,
    0x17, 0xEE, 0x16, 0x5D, 0x29, 0xF9, 0x0D, 0x7F, 0xBD, 0xD9, 0xFC, 0x6D, 0x66, 0x2E, 0x56, 0x40,
    0x99, 0xEC, 0x93, 0xFD, 0xF6, 0xF5, 0x9F, 0xC6, 0x3D, 0xA5, 0xAF, 0x5B, 0xC3, 0x1F, 0x41, 0xF6,
    0x98, 0x0B, 0x23, 0x4C, 0xB3, 0xBC, 0x6C, 0x1A, 0x0F, 0xD3, 0x74, 0x30, 0x8D, 0xA8, 0x69, 0xB2,
    0x2F, 0xD4, 0x28, 0xC5, 0xA7, 0x2A, 0xAB, 0x9F, 0xA9, 0x69, 0x9A, 0xBF, 0x57, 0xD3, 0x74, 0x30,
    0x4D, 0x54, 0xD3, 0xFC, 0xCF, 0xA2, 0xA6, 0xF9, 0x62, 0x6A, 0x92, 0xEB, 0xE5, 0xAA, 0xA6, 0x91,
    0xD0, 0x2D, 0xB8, 0xF1, 0x32, 0x9D, 0x4C, 0x93, 0x43, 0x8B, 0xEA, 0xDF, 0xD5, 0x34, 0x3C, 0xB5,
    0xE9, 0x39, 0xBB, 0x42, 0xEE, 0x6B, 0xB7, 0x0C, 0x90, 0xD3, 0x11, 0xD5, 0x6F, 0xE4, 0x85, 0x53,
    0x9F, 0x7E, 0xDC, 0x3D, 0x00, 0x6B, 0xE5, 0xA7, 0x78, 0x26, 0x1B, 0x8E, 0x31, 0x1E, 0x1C, 0x15,
    0x95, 0xE3, 0x63, 0x5D, 0x9B, 0xAF, 0x19, 0x22, 0x92, 0xB9, 0xBD, 0x02, 0x64, 0x8B, 0x39, 0xDA,
    0x61, 0x8E, 0x76, 0xC7, 0x1C, 0x9D, 0xF8, 0xB4, 0xAF, 0xBE, 0x9A, 0xA8, 0x2F, 0x7F, 0x9E, 0xA0,
    0xD1, 0xEA, 0xB9, 0xCC, 0x6F, 0xF9, 0xD4, 0xCB, 0xF2, 0xB7, 0x35, 0x36, 0x3F, 0x85, 0xAC, 0x5A,
    0xE9, 0xA3, 0x16, 0x7D, 0x6D, 0xBF, 0xCD, 0xC0, 0x79, 0x02, 0xB2, 0x84, 0x36, 0x4D, 0x82, 0x7A,
    0x50, 0x89, 0xF3, 0xF7, 0xE2, 0x6E, 0x22, 0xFF, 0x6E, 0x56, 0x2E, 0x16, 0xC2, 0xC0, 0xED, 0xCF,
    0x2F, 0x04, 0x26, 0x17, 0x10, 0xEF, 0x82, 0x1E, 0x5B, 0x6E, 0x86, 0x9B, 0xC7, 0xDC, 0xB7, 0xD5,
    0x00, 0x1F, 0x18, 0x27, 0xD5, 0xBB, 0xD9, 0xA4, 0x7D, 0xE3, 0xDB, 0xF3, 0x19, 0xE1, 0x1B, 0x68,
    0x79, 0xEB, 0xFC, 0x47, 0x1C, 0x30, 0x27, 0xC2, 0xC1, 0x3E, 0x4E, 0xB7, 0xA9, 0x5E, 0x80, 0x4C,
    0x8E, 0x03, 0x9F, 0xAF, 0x49, 0xBF, 0xB3, 0x0D, 0xAA, 0x56, 0x1F, 0x0F, 0x1F, 0xF0, 0x5C, 0xA7,
    0xD8, 0x6D, 0xE7, 0x47, 0x3C, 0x19, 0x86, 0x68, 0x9A, 0x8C, 0x8A, 0x0B, 0xEB, 0x6B, 0x22, 0x83,
    0xA1, 0x75, 0x2C, 0x12, 0x6A, 0x5D, 0xAB, 0x08, 0x4C, 0xF5, 0x02, 0x14, 0x6F, 0x87, 0xD8, 0x3B,
    0x0E, 0xBF, 0xE3, 0xB9, 0x8F, 0x60, 0xE8, 0x88, 0xC9, 0xE8, 0x45, 0xD3, 0x66, 0x39, 0x05, 0xC0,
    0x0F, 0xFA, 0xC3, 0x4B, 0x4F, 0xEB, 0x41, 0xB6, 0x4D, 0x54, 0xF4, 0x43, 0xC7, 0x00, 0xE6, 0x3F,
    0xB3, 0x78, 0x6F, 0xB5, 0x74, 0x76, 0x75, 0x2F, 0x33, 0xB0, 0xC4, 0xBF, 0x91, 0xEE, 0xA3, 0xC0,
    0xF7, 0xCC, 0x2D, 0xDA, 0x21, 0x80, 0x2B, 0x00, 0x85, 0x01, 0xAC, 0xF0, 0x04, 0x75, 0x02, 0x34,
    0x2B, 0x21, 0x62, 0x9B, 0xC3, 0x4D, 0x13, 0x9F, 0x5D, 0xD6, 0xBA, 0x3F, 0xE1, 0x29, 0x4E, 0x84,
    0x26, 0x7B, 0x04, 0x43, 0xF4, 0x2D, 0x33, 0xA0, 0x57, 0x18, 0x15, 0x2E, 0x00, 0x38, 0xDD, 0xBC,
    0xED, 0x70, 0x82, 0xA0, 0xDF, 0x33, 0x1E, 0xE3, 0x4A, 0x74, 0x25, 0xEB, 0x42, 0x0A, 0x3E, 0x2A,
    0x04, 0xAD, 0xA0, 0x66, 0xAD, 0x8D, 0xC8, 0x02, 0x2A, 0xEF, 0xDB, 0x7D, 0x7B, 0xC0, 0x02, 0xE8,
    0x66, 0x40, 0xFF, 0x52, 0xD4, 0x5F, 0x81, 0xAE, 0x37, 0x81, 0x65, 0x5D, 0x13, 0xD8, 0xB9, 0xBA,
    0x91, 0xE6, 0x47, 0x79, 0xE2, 0xF1, 0x3D, 0xCB, 0x9D, 0xD3, 0x6D, 0xF7, 0xFA, 0x5F, 0xED, 0x5D,
    0x31, 0xD0, 0x24, 0x47, 0x75, 0x7E, 0xB3, 0xA3, 0xFB, 0xA7, 0xD0, 0x54, 0x79, 0x08, 0x2C, 0xA9,
    0x38, 0x95, 0x19, 0x02, 0x07, 0x20, 0x28, 0x26, 0x75, 0x60, 0xD4, 0x23, 0x1C, 0x38, 0x70, 0xE0,
    0x0B, 0x74, 0x26, 0x20, 0x10, 0x81, 0x03, 0x7C, 0x04, 0x97, 0x57, 0x81, 0x66, 0x0C, 0x81, 0x03,
    0x27, 0x17, 0xD8, 0xA4, 0x56, 0x70, 0xB8, 0x90, 0x28, 0xD7, 0xA5, 0x04, 0x42, 0x33, 0x12, 0x01,
    0x81, 0x03, 0xD6, 0xC2, 0x94, 0x43, 0x46, 0x42, 0x2A, 0x57, 0xD9, 0xC1, 0x8D, 0x61, 0x64, 0xCD,
    0x71, 0x3D, 0xF3, 0xBC, 0xEF, 0xFB, 0x7A, 0xFF, 0xFE, 0x57, 0x7B, 0x3F, 0xE7, 0x32, 0x58, 0xFA,
    0xB9, 0xBB, 0xAE, 0xDD, 0xF7, 0xF5, 0xFD, 0x3B, 0xDB, 0xD3, 0xFD, 0xBE, 0xD7, 0xDD, 0xAF, 0x5F,
    0x4F, 0xEF, 0x89, 0x48, 0x72, 0xF5, 0xEA, 0xD5, 0x7A, 0x87, 0x99, 0xAA, 0xF6, 0x3B, 0xCC, 0xCF,
    0x60, 0x2B, 0xF7, 0x4B, 0xB8, 0x90, 0x58, 0x04, 0x74, 0x01, 0x1B, 0xAD, 0x81, 0xA1, 0x98, 0x0D,
    0x8B, 0x95, 0x34, 0x60, 0x1E, 0xB0, 0x54, 0xDD, 0x1A, 0xBA, 0x5F, 0xEA, 0x60, 0xD8, 0xBC, 0x4D,
    0xD4, 0xD7, 0x75, 0xC4, 0xD7, 0x5A, 0x60, 0xAA, 0x02, 0x2C, 0x16, 0xD1, 0xC9, 0xBE, 0xE6, 0xA5,
    0x9B, 0x71, 0x37, 0x55, 0xC3, 0x6E, 0x87, 0x7E, 0x87, 0xFA, 0x1F, 0xAF, 0x74, 0x1E, 0x5F, 0x13,
    0xB7, 0xC3, 0x4C, 0x45, 0xDC, 0x82, 0xAF, 0x49, 0xB5, 0xE2, 0x6B, 0x52, 0xD9, 0xDF, 0x26, 0xBB,
    0xB3, 0x48, 0x37, 0xB2, 0xE2, 0xDA, 0x03, 0x33, 0xAB, 0x4B, 0xA9, 0x37, 0x1A, 0x5D, 0xAD, 0xC2,
    0x7E, 0x8F, 0x22, 0xB8, 0x8D, 0xC9, 0x49, 0x12, 0x55, 0x1D, 0xE5, 0xDC, 0x74, 0xE9, 0xA6, 0x08,
    0xAE, 0x19, 0x82, 0x2E, 0xDD, 0x92, 0xEF, 0xA4, 0x8E, 0x99, 0xB6, 0xA9, 0xF6, 0xB9, 0xD6, 0x78,
    0x49, 0x81, 0x57, 0xB5, 0x48, 0xB1, 0x5A, 0x55, 0x8B, 0xC5, 0x24, 0x9B, 0x55, 0xED, 0xE4, 0x24,
    0x8E, 0x72, 0x8E, 0xB2, 0xD9, 0xBD, 0x66, 0xD3, 0x83, 0xF3, 0xE9, 0x4E, 0x96, 0xDA, 0xE9, 0x9D,
    0x57, 0xED, 0x26, 0xEA, 0x13, 0x5D, 0x2B, 0xDD, 0xCA, 0xE5, 0x76, 0x73, 0x53, 0x2C, 0x5D, 0x91,
    0xA4, 0x36, 0x9C, 0x24, 0xEF, 0xAD, 0x3E, 0xB3, 0x14, 0xA0, 0xC1, 0x8B, 0x23, 0x2B, 0xDF, 0x5E,
    0x81, 0x9D, 0xFA, 0xC0, 0xDA, 0x00, 0x3C, 0x59, 0x1F, 0x66, 0x96, 0x9F, 0x35, 0x85, 0x89, 0x93,
    0xCD, 0xB8, 0x93, 0x75, 0x36, 0xEC, 0xE4, 0xB6, 0xEA, 0x51, 0xFD, 0xDA, 0x1A, 0xB3, 0x80, 0xDA,
    0xE1, 0x42, 0x32, 0xFE, 0x70, 0x30, 0x44, 0x5B, 0x66, 0x83, 0xB7, 0xC4, 0xAA, 0x25, 0x36, 0x04,
    0x59, 0x03, 0xEA, 0x1E, 0x6F, 0x13, 0x3B, 0x25, 0x56, 0xF3, 0x05, 0xE0, 0x0C, 0x4D, 0xC9, 0x06,
    0x68, 0x1E, 0xFA, 0x77, 0xAC, 0x23, 0xA4, 0x26, 0xB1, 0xDE, 0xA4, 0xAF, 0x9C, 0xE5, 0x6C, 0xEA,
    0x6A, 0x50, 0x49, 0xE6, 0x32, 0x42, 0x49, 0x9E, 0x1D, 0x95, 0x44, 0x32, 0xD3, 0x85, 0x9A, 0x1A,
    0x0E, 0xCC, 0xF5, 0x95, 0x1A, 0x5F, 0x86, 0x41, 0x54, 0xE0, 0x2B, 0xD1, 0x3B, 0xD2, 0x78, 0x31,
    0x0D, 0xE4, 0x33, 0x08, 0xCA, 0x27, 0xF0, 0x9A, 0x8F, 0x89, 0x8E, 0x06, 0xA9, 0xF6, 0x06, 0x85,
    0xB6, 0x56, 0x6D, 0xD8, 0x18, 0x99, 0x8C, 0xB7, 0x6C, 0x08, 0x1D, 0x41, 0x67, 0xC2, 0x74, 0x5F,
    0x80, 0xFD, 0x2C, 0xF8, 0x5E, 0xE2, 0x51, 0x58, 0xEA, 0xAD, 0x68, 0x83, 0x42, 0x6B, 0xC9, 0x66,
    0xD8, 0x43, 0x31, 0x4B, 0xA2, 0x8B, 0x54, 0x93, 0x48, 0xC3, 0x11, 0x38, 0x53, 0x5D, 0xAD, 0x29,
    0x97, 0x5F, 0x16, 0xA6, 0x85, 0x86, 0x1D, 0x7B, 0x81, 0x5B, 0x59, 0x15, 0x1A, 0xB0, 0x69, 0xC2,
    0x43, 0x55, 0x5B, 0xF9, 0x40, 0x3A, 0xF9, 0x2E, 0xCD, 0x01, 0xE6, 0xA7, 0x03, 0x6E, 0x31, 0x5A,
    0x57, 0xD7, 0x41, 0x52, 0x6D, 0x5D, 0x6F, 0x05, 0x7E, 0x4C, 0xA4, 0x5C, 0xD8, 0xE0, 0x28, 0x1B,
    0xB4, 0xB3, 0x9B, 0x20, 0xC7, 0xBD, 0x6C, 0xED, 0x2F, 0x49, 0x6F, 0x32, 0xEB, 0xED, 0x9A, 0xAA,
    0xB7, 0xEB, 0xB5, 0x95, 0x4A, 0x6F, 0xAD, 0xB8, 0xC9, 0x04, 0x0E, 0x5A, 0xAB, 0xFF, 0x4D, 0x61,
    0x7A, 0xA2, 0x06, 0xE8, 0xC8, 0x76, 0x4C, 0x6C, 0x08, 0x6F, 0xF6, 0xFE, 0x62, 0xD0, 0x7D, 0x53,
    0xAD, 0x2D, 0xAB, 0x18, 0xA4, 0x93, 0xB8, 0xF6, 0xC1, 0xE7, 0x95, 0x55, 0x34, 0x52, 0x2A, 0xFB,
    0xB4, 0xB9, 0x3D, 0x89, 0xE8, 0x9F, 0x79, 0x49, 0x7D, 0xBA, 0x48, 0x31, 0x8A, 0x1E, 0x12, 0x49,
    0x1E, 0x41, 0x23, 0x58, 0x04, 0x89, 0xE0, 0x10, 0x14, 0x82, 0x41, 0xE7, 0x21, 0x48, 0x1F, 0xD9,
    0x23, 0x79, 0xE0, 0x0E, 0xD4, 0x81, 0x39, 0x10, 0x07, 0xDE, 0x40, 0x1B, 0x58, 0x23, 0x69, 0xE0,
    0x2C, 0xA6, 0x0E, 0x32, 0x61, 0x4F, 0xDC, 0x1C, 0x40, 0xA2, 0xE4, 0xE8, 0x45, 0x39, 0x4E, 0x0F,
    0x38, 0x73, 0x89, 0xDF, 0xF7, 0xC7, 0xCC, 0x44, 0xAE, 0xFC, 0x27, 0x3E, 0x88, 0xE9, 0x23, 0xA4,
    0xEF, 0x79, 0x49, 0xAE, 0xEC, 0x40, 0xA5, 0x18, 0xAC, 0xB0, 0xBE, 0x31, 0xC6, 0xDC, 0x5B, 0xD0,
    0x65, 0x79, 0xD7, 0x1B, 0x14, 0xD4, 0x49, 0x1E, 0x06, 0x54, 0x6D, 0x1F, 0x7C, 0xDE, 0x36, 0xDE,
    0x86, 0x2B, 0x51, 0xD1, 0x7A, 0x27, 0xBF, 0xB5, 0x88, 0x75, 0xBA, 0xF9, 0xD4, 0x49, 0x2C, 0xB5,
    0x87, 0x5E, 0x2E, 0xE4, 0x18, 0xFA, 0x84, 0x91, 0x6A, 0x05, 0xF7, 0x29, 0x87, 0xFA, 0xB1, 0x1C,
    0x41, 0xE3, 0x0C, 0x6E, 0x25, 0x5B, 0x55, 0x48, 0xE4, 0x02, 0x4C, 0x82, 0xEA, 0x44, 0x07, 0x39,
    0x4E, 0x4E, 0x55, 0x5F, 0x02, 0x92, 0xE3, 0x4B, 0x7A, 0xE7, 0x96, 0x4E, 0x1C, 0xA2, 0xBB, 0x15,
    0x88, 0x79, 0xD7, 0xA8, 0x35, 0xCA, 0x37, 0xD6, 0x54, 0xBC, 0xB7, 0xBB, 0xFC, 0x88, 0xA1, 0x2B,
    0x21, 0xE2, 0xDA, 0x2C, 0x60, 0xAE, 0x2D, 0x91, 0xDF, 0x85, 0x32, 0xF7, 0xB8, 0x09, 0x08, 0xDF,
    0x01, 0x38, 0x80, 0xC3, 0x0C, 0x4E, 0x8A, 0x59, 0x22, 0xD4, 0x00, 0x42, 0x0D, 0x2B, 0x85, 0xC1,
    0x20, 0xDF, 0xCD, 0xB4, 0x05, 0x9D, 0xF0, 0x35, 0x41, 0x51, 0x2D, 0xB0, 0x5B, 0xEC, 0x16, 0xEF,
    0x5D, 0xD7, 0x81, 0x4E, 0x9A, 0xD5, 0xDE, 0x60, 0x6F, 0xCF, 0xD7, 0x7D, 0x69, 0x0D, 0xAB, 0xD4,
    0x57, 0x23, 0x5A, 0x3C, 0xBB, 0xC1, 0xF4, 0xD3, 0x4D, 0xAE, 0x27, 0x23, 0x5D, 0x4B, 0xD4, 0x30,
    0x49, 0xAD, 0xC4, 0xB7, 0x3C, 0xF1, 0xED, 0x99, 0xFA, 0xDC, 0xC2, 0x16, 0xFE, 0x51, 0x7B, 0x5A,
    0x03, 0xB0, 0x08, 0xE8, 0x3C, 0xAA, 0x23, 0x3A, 0x64, 0x5A, 0x63, 0x64, 0xDF, 0x0F, 0x0C, 0xB9,
    0x61, 0xB1, 0xD2, 0xAC, 0x2A, 0x4F, 0x74, 0x3B, 0x5C, 0x0D, 0x67, 0x1A, 0x4D, 0x37, 0xD9, 0x47,
    0x67, 0x70, 0x14, 0xB7, 0x47, 0x0E, 0x04, 0x30, 0xA5, 0x9D, 0x20, 0xAD, 0xCE, 0x67, 0x3A, 0xA2,
    0x51, 0x9D, 0x4E, 0xAF, 0xB2, 0x1A, 0x3A, 0x9B, 0x8A, 0xBD, 0x43, 0x3D, 0x2F, 0xD7, 0x27, 0x37,
    0x3F, 0x44, 0x9E, 0xED, 0xFE, 0xC3, 0x1E, 0x37, 0x3A, 0x5E, 0xBA, 0xAE, 0x57, 0xEB, 0x0F, 0x99,
    0x67, 0xF4, 0x52, 0xB9, 0xAC, 0x5E, 0xC8, 0xB2, 0xC1, 0x33, 0x04, 0xF3, 0x5C, 0x49, 0x71, 0xA0,
    0x6C, 0x38, 0x85, 0x72, 0x07, 0xDB, 0x40, 0x2F, 0xA0, 0x0F, 0x24, 0x9F, 0x72, 0x5C, 0x10, 0xC8,
    0x70, 0x20, 0x38, 0xF0, 0x1B, 0xE8, 0x0D, 0xEC, 0x56, 0x24, 0xD5, 0x11, 0x48, 0x2D, 0x19, 0x8D,
    0x40, 0x5E, 0x49, 0x6B, 0x60, 0x35, 0x90, 0x1A, 0x38, 0x0D, 0x94, 0x06, 0x46, 0x03, 0xA1, 0x81,
    0xCF, 0x18, 0xD4, 0x08, 0x31, 0x8D, 0x9C, 0x70, 0xFF, 0x88, 0x06, 0xE8, 0xF7, 0x01, 0xCC, 0x08,
    0xAE, 0xBE, 0xE0, 0xC9, 0xDF, 0x4C, 0x98, 0x68, 0x01, 0xA3, 0x19, 0x80, 0x81, 0xF1, 0x4F, 0x0F,
    0x25, 0x40, 0x3A, 0x82, 0xC0, 0x6C, 0x04, 0x7F, 0xF9, 0x28, 0xC6, 0x4B, 0x11, 0xF5, 0x18, 0xB4,
    0x54, 0xEA, 0xD5, 0xA6, 0x07, 0xA5, 0x95, 0xC1, 0x6A, 0x6B, 0x18, 0x23, 0xDD, 0x19, 0xF8, 0x0F,
    0x4E, 0x05, 0xCF, 0xD4, 0x20, 0xDC, 0xD5, 0xE0, 0xBC, 0xA3, 0x83, 0xA8, 0x7B, 0x78, 0x52, 0x7F,
    0xF5, 0xCA, 0xF7, 0x56, 0x51, 0x4B, 0x01, 0x16, 0xDE, 0xA8, 0x85, 0xAC, 0x41, 0x9E, 0x9C, 0x9F,
    0xA0, 0xB2, 0x84, 0x2B, 0x5C, 0xB0, 0xEC, 0xC6, 0xC6, 0x4A, 0xEE, 0x9D, 0x59, 0x57, 0xBD, 0x93,
    0xB9, 0xC2, 0xC2, 0x56, 0x6B, 0x75, 0x05, 0x82, 0xDD, 0x62, 0x37, 0x71, 0xB8, 0xBC, 0xD1, 0x77,
    0xD8, 0xF7, 0x82, 0xFC, 0x38, 0xE4, 0x60, 0x75, 0xCE, 0x06, 0x6B, 0x40, 0x35, 0x60, 0xDC, 0xDE,
    0xDA, 0xB8, 0xAD, 0xA8, 0xDA, 0x7C, 0x3A, 0x6E, 0x9F, 0xDC, 0x90, 0x33, 0xF1, 0x8A, 0x64, 0x44,
    0xB8, 0x22, 0x99, 0xA4, 0x68, 0x39, 0x87, 0x9D, 0x89, 0x55, 0xD8, 0xD7, 0x62, 0xA4, 0xE2, 0x64,
    0x7D, 0x90, 0xE9, 0x4B, 0x07, 0x29, 0x6A, 0x49, 0x47, 0xA9, 0xE0, 0xE6, 0xBF, 0xB6, 0x93, 0xCB,
    0x89, 0x07, 0x4D, 0x70, 0x76, 0x50, 0xF1, 0x72, 0xBD, 0x90, 0x54, 0x86, 0x94, 0x2C, 0x80, 0x54,
    0x01, 0x99, 0xD6, 0xFC, 0x57, 0x00, 0x41, 0xFA, 0x3E, 0xE1, 0x61, 0xE8, 0x90, 0xB2, 0x31, 0xEB,
    0xCD, 0x2D, 0x57, 0xE8, 0x5E, 0xE4, 0x2B, 0x3E, 0x38, 0xBF, 0x63, 0x82, 0x4C, 0x70, 0x09, 0x2A,
    0xC1, 0x24, 0x88, 0x04, 0x8F, 0xA0, 0x11, 0x2C, 0x82, 0x44, 0x70, 0x08, 0x0A, 0xC1, 0x20, 0x08,
    0x04, 0x7F, 0xA0, 0x0F, 0xEC, 0x81, 0x3C, 0x70, 0x07, 0xEA, 0xC0, 0x1C, 0x88, 0x7B, 0xA0, 0x54,
    0x1D, 0x02, 0x2B, 0x52, 0x1E, 0xAC, 0xBC, 0x3C, 0xE4, 0x86, 0x90, 0xFA, 0xC7, 0x00, 0xFA, 0xAA,
    0xC1, 0x46, 0x17, 0xDE, 0x71, 0xF8, 0xD0, 0xF4, 0xBE, 0x0D, 0x43, 0x58, 0x32, 0xEF, 0xEB, 0x5B,
    0x98, 0x22, 0x2B, 0x13, 0xAE, 0xAF, 0x77, 0xE2, 0x2E, 0xB4, 0xB4, 0x13, 0xD9, 0x1A, 0x86, 0xC8,
    0x4B, 0x35, 0xBA, 0x15, 0x1C, 0x32, 0x7A, 0xE7, 0xD2, 0xFD, 0x70, 0x39, 0x33, 0x91, 0x57, 0x3A,
    0x18, 0x14, 0xFB, 0xD0, 0xDE, 0x03, 0x3D, 0x44, 0xCE, 0x56, 0xD8, 0x66, 0x49, 0xD4, 0xB4, 0x91,
    0xC1, 0x0F, 0xBC, 0x4D, 0xD7, 0x75, 0x0B, 0x59, 0x5F, 0xE0, 0x21, 0xF2, 0x89, 0x2B, 0x44, 0x96,
    0x23, 0x89, 0x7A, 0x60, 0x16, 0xEC, 0xB0, 0x78, 0x5F, 0x81, 0x6E, 0xAB, 0xB5, 0xA1, 0x4A, 0xD3,
    0xC7, 0x85, 0x59, 0x4C, 0xC9, 0xB5, 0x9B, 0xC0, 0x4E, 0xC1, 0x7F, 0x11, 0xFC, 0xBD, 0x6E, 0x95,
    0x6A, 0xB1, 0xD2, 0x06, 0x49, 0x3D, 0x22, 0x83, 0xC0, 0xC6, 0xFE, 0xE6, 0xB9, 0xE4, 0xC9, 0x66,
    0x7A, 0x8E, 0xD9, 0x64, 0x34, 0xEE, 0x70, 0x84, 0xA3, 0x49, 0x1B, 0x11, 0xE2, 0x4A, 0x6C, 0x3C,
    0xB1, 0x0B, 0xA8, 0x3B, 0xDC, 0xF9, 0x57, 0x42, 0x3B, 0xD6, 0xB3, 0x88, 0xB2, 0x88, 0xAD, 0x21,
    0xCA, 0xEC, 0xBC, 0x21, 0xCA, 0x01, 0xBA, 0x85, 0x31, 0xDF, 0xCA, 0xDE, 0x2B, 0xEC, 0x27, 0x54,
    0x17, 0x9A, 0xC3, 0xDA, 0x14, 0xF7, 0x74, 0x30, 0xD2, 0xB8, 0x3A, 0x95, 0x27, 0xF7, 0x81, 0x3E,
    0x37, 0x87, 0x9A, 0xD0, 0x28, 0x57, 0x83, 0x62, 0x55, 0x83, 0x6A, 0x80, 0xA6, 0xBB, 0xD6, 0xF5,
    0xE8, 0x2C, 0xC7, 0xB1, 0x3E, 0x49, 0x5E, 0xA9, 0xA9, 0x34, 0x23, 0x25, 0x55, 0x40, 0xA1, 0xDF,
    0xD2, 0x9F, 0x5A, 0x9B, 0x61, 0xE9, 0x8D, 0x07, 0xE8, 0x44, 0x18, 0x03, 0x64, 0xDA, 0x1A, 0xE4,
    0x0A, 0x27, 0x19, 0xB6, 0xE5, 0x96, 0x0E, 0xE3, 0x7A, 0x70, 0x8F, 0x59, 0x95, 0x14, 0x52, 0xB2,
    0x05, 0x90, 0x53, 0xAF, 0x05, 0xBB, 0x68, 0xA3, 0xDA, 0xC2, 0x1E, 0xA0, 0x9E, 0x35, 0x53, 0xB8,
    0xF7, 0xE8, 0xE8, 0x6E, 0x46, 0x77, 0x6B, 0x4C, 0x9F, 0x04, 0x2E, 0x01, 0x52, 0x53, 0x50, 0xF0,
    0xA1, 0xF5, 0xDD, 0x8E, 0xE6, 0x84, 0x56, 0x56, 0x66, 0x8C, 0x96, 0x7E, 0x5F, 0x04, 0x16, 0xF5,
    0x05, 0xD9, 0x8C, 0x1C, 0xF2, 0xD2, 0xC1, 0xD0, 0x49, 0xD1, 0x03, 0xDF, 0xE5, 0xEA, 0xAD, 0x52,
    0x0D, 0x75, 0x9A, 0x81, 0x89, 0xFD, 0xF9, 0x91, 0x41, 0x71, 0xDF, 0x07, 0x1B, 0x3F, 0x06, 0x75,
    0x3E, 0x18, 0x6C, 0xAF, 0xF7, 0xDC, 0x18, 0xA1, 0xC6, 0xBC, 0x84, 0xDD, 0x9F, 0x87, 0xC0, 0xA0,
    0x62, 0x72, 0x2D, 0x51, 0xFB, 0x80, 0xC3, 0x07, 0xB0, 0x27, 0x56, 0x72, 0x9C, 0x1E, 0x19, 0x96,
    0x54, 0x2D, 0xA0, 0xDB, 0x02, 0x74, 0x8C, 0x80, 0x3F, 0xC6, 0x4B, 0x62, 0x7A, 0x28, 0xEC, 0xEB,
    0xA1, 0xB4, 0x87, 0xE3, 0x54, 0x0E, 0xC4, 0x6E, 0x22, 0xEA, 0x4C, 0xEC, 0x02, 0xA6, 0x13, 0x31,
    0x1F, 0x62, 0x6F, 0xE4, 0xDA, 0x8A, 0x18, 0x97, 0x5C, 0x9F, 0x3E, 0xEB, 0xDD, 0x86, 0x49, 0xAF,
    0x89, 0xDB, 0x62, 0xB4, 0xBA, 0x63, 0x70, 0xED, 0x43, 0x32, 0x9C, 0x5D, 0x0D, 0x88, 0xAA, 0xF2,
    0x7E, 0xDB, 0xA0, 0xD3, 0xA0, 0x0A, 0xD1, 0x9F, 0x4D, 0xC0, 0xCD, 0x9A, 0x7B, 0xD6, 0x6C, 0x4E,
    0x99, 0x29, 0xB6, 0xB2, 0x9E, 0xB3, 0x40, 0x45, 0x34, 0xCF, 0x87, 0x0C, 0x7D, 0x6A, 0xB9, 0xD4,
    0xE8, 0x15, 0x6A, 0xB8, 0x62, 0xF0, 0x90, 0xA6, 0x93, 0x20, 0x83, 0x5D, 0xF1, 0x81, 0x19, 0x78,
    0xD7, 0x0D, 0x33, 0x24, 0x3D, 0xE8, 0x55, 0x4E, 0x43, 0x88, 0x92, 0x33, 0x43, 0x6B, 0x4B, 0x98,
    0xB1, 0x34, 0xEC, 0x33, 0x5B, 0x78, 0xDB, 0x57, 0xBF, 0xA4, 0xF4, 0xB7, 0x59, 0xC4, 0x3E, 0x92,
    0x18, 0x42, 0x89, 0xF0, 0xBA, 0x63, 0x06, 0xD6, 0x1D, 0xCC, 0x9A, 0xD6, 0xC6, 0x8C, 0x86, 0xED,
    0xF8, 0xE3, 0xBA, 0x3F, 0xA5, 0xEF, 0x49, 0xD2, 0xAD, 0x57, 0x44, 0x55, 0xFB, 0x4A, 0x75, 0x8E,
    0x99, 0x7D, 0xFC, 0x5E, 0x3D, 0x9D, 0x31, 0xFA, 0x62, 0x74, 0xC5, 0x6A, 0x7A, 0x62, 0x66, 0xB0,
    0x55, 0x74, 0xC4, 0xAE, 0xC3, 0x43, 0xC3, 0x06, 0x88, 0x9A, 0x4C, 0x55, 0x6B, 0x18, 0x02, 0x79,
    0x81, 0x84, 0xBE, 0x4B, 0xC8, 0xEA, 0x70, 0xC3, 0x00, 0xD2, 0xDC, 0xF8, 0xE6, 0x8E, 0x6A, 0x0D,
    0x33, 0xED, 0x45, 0xF5, 0xAE, 0x0E, 0xA2, 0x6A, 0xD1, 0x58, 0xAB, 0xDC, 0x90, 0xE0, 0xB5, 0xD1,
    0x7E, 0xA3, 0xDB, 0xD4, 0x64, 0x9F, 0x86, 0x57, 0xBB, 0x7B, 0x65, 0x5A, 0x67, 0xDA, 0x32, 0x30,
    0x59, 0x9C, 0x7D, 0xAD, 0xF6, 0x2A, 0x17, 0x7B, 0x55, 0xDE, 0x5E, 0x6E, 0xF7, 0x5A, 0x3F, 0xE9,
    0x66, 0x71, 0xBA, 0xEE, 0x64, 0x89, 0xF8, 0x4B, 0xF2, 0xF2, 0xFF, 0x95, 0xFA, 0x4E, 0x91, 0xA6,
    0x98, 0x79, 0x4A, 0xDF, 0xBD, 0x7A, 0x55, 0x97, 0x2B, 0xBF, 0x9B, 0xD4, 0x5F, 0xB3, 0x38, 0xDD,
    0x19, 0x2A, 0x37, 0x1D, 0xA8, 0x2C, 0x0E, 0xA9, 0x64, 0x7D, 0xCF, 0xC8, 0x35, 0x52, 0x39, 0x7F,
    0xF4, 0x54, 0x1A, 0xC0, 0x95, 0x29, 0x4D, 0x85, 0x77, 0x5E, 0x14, 0x01, 0x9F, 0xE2, 0xAC, 0x0A,
    0xF2, 0xC7, 0xD2, 0xD4, 0x72, 0x5E, 0x02, 0xFB, 0x41, 0x9A, 0x01, 0x5C, 0xA1, 0xE2, 0x28, 0xC9,
    0x3B, 0xFB, 0x3B, 0xFB, 0x38, 0x29, 0xA2, 0x24, 0x4B, 0x64, 0x86, 0x14, 0x1F, 0xEA, 0x0D, 0x6C,
    0x90, 0x8A, 0x20, 0xDD, 0xF1, 0xCE, 0x19, 0xA4, 0x91, 0x08, 0x06, 0x0F, 0x6F, 0xFE, 0xA4, 0xDE,
    0xA9, 0x05, 0x64, 0xED, 0xA5, 0x74, 0x75, 0x29, 0xA9, 0x4E, 0x2F, 0x0A, 0x2D, 0xD7, 0x42, 0xE9,
    0x5F, 0x97, 0xEE, 0x78, 0x0E, 0x78, 0xFC, 0x25, 0x91, 0xA7, 0xAD, 0x10, 0x35, 0x71, 0x4B, 0x07,
    0xC1, 0x98, 0xCB, 0x3D, 0xED, 0x34, 0x0A, 0x12, 0x5F, 0x87, 0xBE, 0x5B, 0x44, 0xB1, 0x4A, 0xD8,
    0xE8, 0xAB, 0xFC, 0x5E, 0x38, 0x8A, 0x6C, 0x27, 0x56, 0x15, 0xA9, 0x68, 0x0A, 0x53, 0xA0, 0xC0,
    0x66, 0xE6, 0x2B, 0xB2, 0x51, 0x1D, 0x29, 0x52, 0xD5, 0xE1, 0x3E, 0x5A, 0x87, 0xA0, 0xCE, 0x75,
    0x14, 0x08, 0x28, 0x1C, 0xFA, 0x86, 0xBA, 0x63, 0x55, 0xA1, 0x6B, 0xAA, 0xBA, 0xA0, 0x90, 0x20,
    0x4A, 0xA5, 0x7E, 0x83, 0x70, 0x1F, 0xD8, 0x60, 0xF6, 0xD0, 0x2F, 0xD5, 0x1B, 0xEF, 0x03, 0xDD,
    0x42, 0xA9, 0x10, 0xA8, 0x72, 0xCA, 0xF7, 0x70, 0x0F, 0x65, 0x42, 0x97, 0xAA, 0xA3, 0x69, 0xD2,
    0x14, 0x09, 0x3D, 0xA6, 0xA7, 0xEF, 0x16, 0x3A, 0xE4, 0xFC, 0x15, 0xDE, 0x2B, 0xD5, 0x57, 0x79,
    0xBE, 0x1D, 0xDE, 0x19, 0x34, 0x57, 0xA9, 0x42, 0x6F, 0x50, 0x5B, 0x52, 0xCB, 0x63, 0x92, 0xF5,
    0x52, 0x49, 0xB6, 0x95, 0x67, 0xCD, 0x19, 0xF2, 0x92, 0xAE, 0x5F, 0x9E, 0x82, 0xFE, 0xD0, 0x27,
    0xCB, 0xF9, 0x22, 0xAB, 0x2E, 0xEF, 0xE5, 0xD9, 0xDD, 0xFB, 0x1B, 0xF9, 0x20, 0x3E, 0x9B, 0xF3,
    0xC9, 0x2A, 0x9E, 0x58, 0xBD, 0xAB, 0xF9, 0xFF, 0x59, 0x7D, 0x17, 0x50, 0x19, 0xDC, 0xF0, 0xC0,
    0x44, 0x6A, 0x57, 0xE4, 0x31, 0x2E, 0xB8, 0xAD, 0x77, 0xE2, 0xEE, 0x56, 0xA4, 0x40, 0xA5, 0x38,
    0x61, 0x8E, 0x18, 0xD6, 0x16, 0xBE, 0x2C, 0x9F, 0x8F, 0x91, 0xE8, 0x4B, 0x37, 0x1E, 0xD7, 0x51,
    0x75, 0xEC, 0x4C, 0x9F, 0xDB, 0xB3, 0xA3, 0x66, 0x16, 0x1F, 0x6D, 0xC3, 0x18, 0x09, 0xA7, 0x3B,
    0x0C, 0x90, 0x7E, 0xE3, 0x96, 0xCE, 0xA9, 0x16, 0x3A, 0x6D, 0x16, 0xC9, 0x06, 0x0B, 0xA2, 0x3A,
    0xC6, 0xE4, 0x12, 0xD1, 0xDB, 0xD2, 0x69, 0x1D, 0xED, 0x29, 0x9B, 0xAC, 0x7E, 0x9E, 0x7D, 0x9D,
    0x82, 0xFF, 0xDC, 0x0C, 0xBF, 0x13, 0xFD, 0xD6, 0x8C, 0xEB, 0x69, 0x28, 0x69, 0x67, 0x59, 0x9B,
    0x5F, 0xA7, 0xA4, 0xC3, 0x59, 0xC4, 0x67, 0x6E, 0xD5, 0x0A, 0x4A, 0xDA, 0xBB, 0x02, 0x1C, 0x51,
    0x63, 0x8E, 0xED, 0x6B, 0xB4, 0xC6, 0x7D, 0xE3, 0x94, 0x1A, 0xFD, 0x81, 0xE8, 0x0B, 0x46, 0x67,
    0x10, 0x15, 0x67, 0xC3, 0xA3, 0x3B, 0x18, 0x9D, 0x02, 0xE4, 0xA0, 0x8C, 0xE0, 0x16, 0xC4, 0x9C,
    0xA0, 0x50, 0xE4, 0x50, 0x28, 0x14, 0x84, 0x42, 0x71, 0x6F, 0x16, 0x15, 0x73, 0xD4, 0x57, 0x86,
    0x9C, 0x97, 0xE8, 0x1E, 0x5C, 0x3B, 0xF5, 0x0F, 0xF4, 0xD4, 0x41, 0x50, 0x16, 0xA5, 0x93, 0x28,
    0x7D, 0x31, 0x1D, 0x13, 0xE5, 0xD7, 0x74, 0xDC, 0xA8, 0xE8, 0x04, 0xBD, 0x7E, 0x51, 0xFF, 0x86,
    0x43, 0x8E, 0xFE, 0x50, 0x55, 0x5B, 0xE4, 0x5E, 0x37, 0x55, 0x30, 0x9D, 0x60, 0x55, 0x01, 0x0B,
    0x5D, 0xD1, 0x2B, 0x53, 0x44, 0x56, 0xAD, 0x0E, 0x06, 0x39, 0x00, 0xFF, 0xE2, 0x67, 0xE1, 0xCA,
    0xE3, 0x44, 0xDB, 0x16, 0x79, 0x59, 0x76, 0xF6, 0x2D, 0xD7, 0x57, 0x81, 0xFF, 0xB5, 0x48, 0xA7,
    0x43, 0xA1, 0x1E, 0x5B, 0xD4, 0xCE, 0x9F, 0xAE, 0x0D, 0x0C, 0x66, 0xC2, 0x84, 0x62, 0x9B, 0x09,
    0xC3, 0x45, 0x37, 0x62, 0xC4, 0x00, 0x5D, 0x11, 0x06, 0xA3, 0xDA, 0x4A, 0x28, 0x57, 0x94, 0x50,
    0x2D, 0x84, 0x50, 0xD0, 0x1E, 0x36, 0xAC, 0x7B, 0x67, 0x05, 0x39, 0x55, 0x0E, 0x3D, 0x53, 0xBE,
    0x62, 0x2E, 0x2B, 0xD8, 0xE2, 0x00, 0xD5, 0x04, 0x70, 0x83, 0xC9, 0x1B, 0x0D, 0x27, 0x7F, 0xAD,
    0x63, 0xB0, 0x37, 0x55, 0x5E, 0xA1, 0xED, 0xBE, 0x6D, 0x57, 0x00, 0x6E, 0x01, 0x74, 0x2A, 0x20,
    0x14, 0x90, 0x2D, 0xB8, 0xAA, 0x1C, 0x1D, 0xB7, 0x09, 0xB0, 0x7C, 0x5C, 0xA1, 0xA9, 0xC3, 0x94,
    0xAA, 0x6A, 0x04, 0x29, 0x61, 0x5A, 0xC1, 0x72, 0xC0, 0x30, 0x40, 0x22, 0x90, 0x62, 0x1A, 0x48,
    0x84, 0x50, 0x87, 0xE3, 0x80, 0x7D, 0x5C, 0xA2, 0xEA, 0x74, 0xBC, 0xAA, 0x4C, 0x00, 0xB4, 0xC2,
    0xC7, 0x5B, 0x9A, 0x60, 0x4F, 0xAB, 0xEB, 0x33, 0x42, 0xAE, 0xB5, 0x01, 0x6E, 0xDE, 0xF4, 0xB8,
    0x4F, 0xF7, 0x96, 0xA2, 0xBF, 0x72, 0x0A, 0xBD, 0xAE, 0xCA, 0xB5, 0xE8, 0x7E, 0x89, 0xEB, 0xCE,
    0x59, 0x64, 0x8C, 0xDA, 0xEE, 0x17, 0x19, 0xEB, 0x71, 0xB4, 0xB7, 0xB3, 0xB2, 0x1A, 0xDD, 0xEE,
    0x9F, 0x4C, 0x92, 0xEF, 0x41, 0xA6, 0x41, 0xB6, 0xA7, 0x32, 0x8B, 0x4B, 0x90, 0xE3, 0x85, 0x08,
    0x25, 0xC6, 0x37, 0x98, 0x6E, 0x90, 0xD1, 0x87, 0x8D, 0xB2, 0x19, 0x71, 0x5B, 0x48, 0x1D, 0x20,
    0x7B, 0xD2, 0x0B, 0x8D, 0x9C, 0x2E, 0x7F, 0x3F, 0x96, 0x31, 0x50, 0x10, 0xB7, 0x73, 0xDD, 0xD9,
    0x27, 0x7D, 0x2B, 0xD5, 0x37, 0x55, 0xF5, 0x14, 0x4F, 0xF4, 0x4E, 0xFD, 0x82, 0x7E, 0x07, 0x1A,
    0x0E, 0x7D, 0x50, 0xBA, 0x09, 0xAA, 0x4E, 0xE8, 0x98, 0xED, 0x1F, 0xA9, 0xD9, 0x96, 0x9E, 0x0D,
    0x6C, 0x46, 0xE0, 0xEB, 0xC1, 0xD5, 0xFC, 0x51, 0x68, 0xDA, 0x3F, 0x78, 0x36, 0x4E, 0xC7, 0x80,
    0xC3, 0xD9, 0x7F, 0x97, 0xBA, 0xDF, 0x49, 0xEA, 0x3C, 0x70, 0x75, 0xC1, 0xF5, 0xA4, 0x81, 0xE0,
    0xF9, 0x0E, 0x20, 0x88, 0x44, 0x24, 0x60, 0x80, 0x35, 0x90, 0x74, 0x9D, 0x48, 0x91, 0x8E, 0xD2,
    0x04, 0x74, 0x2A, 0xF2, 0x17, 0xFA, 0x9E, 0x94, 0xFA, 0xF7, 0x18, 0x74, 0x73, 0xD5, 0xDA, 0x70,
    0xA3, 0xB4, 0x43, 0xB9, 0xFC, 0x77, 0x72, 0x9C, 0x36, 0x9E, 0x58, 0x28, 0xB1, 0xD4, 0xC3, 0x7F,
    0x4B, 0x13, 0xD0, 0x13, 0xB2, 0xE9, 0x30, 0x5E, 0xF9, 0x47, 0x04, 0xB9, 0x26, 0x30, 0x26, 0x6E,
    0xF7, 0x48, 0x90, 0xE7, 0xD3, 0xEA, 0x8E, 0x68, 0x6D, 0x26, 0xF9, 0x84, 0x11, 0x6A, 0x7E, 0x87,
    0x0D, 0x34, 0xE3, 0x4E, 0x3A, 0x93, 0x83, 0x9A, 0xEE, 0x7F, 0xB2, 0x56, 0xFD, 0x46, 0x7F, 0x3C,
    0xFF, 0x9E, 0xA4, 0x8A, 0x99, 0x0B, 0x66, 0xC6, 0x7C, 0x06, 0xA5, 0xE6, 0x90, 0x85, 0x36, 0xB3,
    0xC9, 0xCA, 0xDB, 0x6D, 0xED, 0xC6, 0xD5, 0x92, 0xAB, 0xDD, 0x16, 0x63, 0x89, 0xB7, 0xE2, 0xDD,
    0x2C, 0x3A, 0x7D, 0x7F, 0x27, 0x1B, 0x9D, 0xBB, 0x49, 0x4A, 0x68, 0x36, 0xB9, 0x29, 0x07, 0x29,
    0x9F, 0xCE, 0xD4, 0x76, 0x8D, 0x92, 0x8A, 0xD8, 0xCC, 0x31, 0xAC, 0xD4, 0x41, 0xBD, 0xFC, 0xFA,
    0xE6, 0xA6, 0x3C, 0x5E, 0x9F, 0xD8, 0xBA, 0xD3, 0x2A, 0x9F, 0xEA, 0x5C, 0xE9, 0x98, 0xEB, 0x64,
    0x2D, 0xBA, 0x6D, 0x6D, 0x71, 0x6F, 0xF4, 0x89, 0x6E, 0x5D, 0x6D, 0xC3, 0x5D, 0x07, 0xB3, 0x59,
    0x4C, 0xFE, 0xD0, 0x9B, 0xBC, 0x3D, 0xA2, 0x2D, 0x7D, 0x6C, 0x4B, 0xF7, 0x81, 0xB6, 0x94, 0x6B,
    0xAE, 0xB2, 0xB5, 0xB6, 0xBC, 0x31, 0x3A, 0x9F, 0xE8, 0x6D, 0xEC, 0x78, 0x6A, 0x8B, 0xB6, 0x98,
    0x0A, 0xE9, 0xCC, 0x9D, 0xB4, 0x12, 0x53, 0x4A, 0x43, 0x5C, 0xE2, 0x40, 0xA3, 0xFE, 0x74, 0xB1,
    0x94, 0x93, 0x99, 0x11, 0x1F, 0xD6, 0xE7, 0x2F, 0xB9, 0x9E, 0xD4, 0xB5, 0xFE, 0x4D, 0x97, 0x5C,
    0xF5, 0x07, 0x97, 0x5C, 0x7A, 0xFE, 0x92, 0xCB, 0x9B, 0x59, 0x27, 0x78, 0xFE, 0x3F, 0xF5, 0x78,
    0xFE, 0x6A, 0xB6, 0xDB, 0x66, 0x93, 0xC9, 0x7C, 0xB4, 0xAD, 0xCA, 0x6E, 0x54, 0x4B, 0x94, 0xC3,
    0x3E, 0x34, 0x0E, 0xAB, 0xA0, 0x0A, 0x39, 0x0F, 0x73, 0xA8, 0x48, 0xD0, 0x69, 0xA3, 0x83, 0xFE,
    0xB2, 0x2D, 0xA7, 0x11, 0x66, 0xF4, 0x41, 0x88, 0x83, 0x98, 0x29, 0x60, 0x8F, 0x61, 0x7C, 0xD1,
    0x28, 0x06, 0x91, 0xE4, 0xFE, 0xEB, 0x33, 0x88, 0xB8, 0x3E, 0x83, 0xEA, 0x31, 0x5A, 0x54, 0xF7,
    0xBA, 0xCF, 0x7C, 0xB2, 0x13, 0xAB, 0x42, 0xD3, 0x22, 0x25, 0x57, 0x6A, 0xBF, 0x83, 0xFA, 0x3F,
    0x4A, 0x09, 0x4A, 0xCE, 0xC2, 0x7D, 0x63, 0x7D, 0x82, 0xA1, 0x75, 0x71, 0xF8, 0x29, 0xB6, 0x26,
    0x3F, 0x11, 0xD6, 0x21, 0x37, 0xE4, 0x69, 0xDD, 0xDA, 0x34, 0x92, 0x68, 0x5C, 0x7B, 0xDC, 0x77,
    0xFD, 0xE1, 0xF6, 0xEF, 0x99, 0xDC, 0x75, 0x23, 0xDF, 0x3A, 0x92, 0x37, 0xDD, 0xE2, 0x71, 0xBA,
    0xCD, 0x51, 0x91, 0xED, 0x57, 0x32, 0xBD, 0x8D, 0x55, 0x25, 0xB6, 0xAB, 0x2F, 0xC7, 0x58, 0x6F,
    0x36, 0x33, 0x28, 0xE6, 0xD6, 0xA0, 0xA6, 0x85, 0x15, 0x2E, 0x06, 0x41, 0xAC, 0xE2, 0x2F, 0x25,
    0x24, 0x37, 0x12, 0x06, 0xB0, 0xD5, 0xF5, 0x00, 0x6D, 0xE5, 0xB3, 0xAA, 0x2F, 0xD1, 0xA5, 0x4B,
    0x16, 0x7A, 0x71, 0x1E, 0xC4, 0xA5, 0x13, 0x98, 0xB3, 0xB5, 0x07, 0x87, 0xF5, 0xC3, 0xFD, 0x7F,
    0xB0, 0x17, 0xD5, 0x75, 0x7F, 0x77, 0xE2, 0x7C, 0x3F, 0xE2, 0xBB, 0x12, 0x88, 0x34, 0x26, 0xED,
    0xEE, 0xA4, 0x12, 0x5C, 0x12, 0xF2, 0x51, 0x8C, 0xCD, 0x5B, 0xA3, 0xA8, 0x25, 0x00, 0xF8, 0x7C,
    0x7A, 0x2D, 0x7C, 0xA1, 0x4B, 0x31, 0x97, 0xEA, 0xCB, 0x31, 0x69, 0xBC, 0x35, 0xCF, 0x3B, 0xF3,
    0xF3, 0x1A, 0x73, 0xEF, 0x3A, 0xD3, 0xEF, 0x6A, 0x65, 0xF8, 0x7B, 0x76, 0x0F, 0x88, 0xD8, 0x3D,
    0xD2, 0x73, 0xBB, 0xC7, 0x61, 0x0C, 0xC3, 0x45, 0x11, 0x9E, 0x31, 0xDD, 0x89, 0xE5, 0xFA, 0x69,
    0xF7, 0x98, 0x0F, 0xBB, 0x47, 0xC4, 0xD0, 0x45, 0x42, 0x5D, 0x22, 0x26, 0x01, 0xD9, 0x55, 0xA8,
    0x6A, 0x62, 0x7F, 0x80, 0x59, 0xC0, 0xA0, 0xEE, 0xB0, 0x0E, 0xEA, 0xA9, 0x77, 0x07, 0xC7, 0x15,
    0x58, 0x06, 0xAC, 0x0C, 0x8B, 0x9E, 0xBA, 0xA7, 0xF2, 0x89, 0x3E, 0xA2, 0x65, 0x83, 0xFE, 0x43,
    0x57, 0x3A, 0x65, 0x20, 0x74, 0xA7, 0x3D, 0x07, 0x20, 0x01, 0xF6, 0x6A, 0x69, 0x8F, 0xC3, 0x6F,
    0x7B, 0xAC, 0xAA, 0xEA, 0x54, 0xDB, 0xAE, 0xCF, 0xB4, 0xD6, 0x6D, 0xAE, 0xD2, 0xF5, 0x3B, 0x51,
    0xD5, 0x1F, 0xC9, 0x58, 0x05, 0x9B, 0xF8, 0xE7, 0x83, 0xE9, 0x1B, 0xB2, 0x86, 0x93, 0x0F, 0xDB,
    0x6E, 0xED, 0xAB, 0xA8, 0x1B, 0x64, 0xC3, 0x78, 0x26, 0xFC, 0xF9, 0xCF, 0xFF, 0x46, 0x63, 0xD5,
    0xC9, 0x4B, 0xBB, 0x37, 0xB5, 0x3C, 0x40, 0xDC, 0x7F, 0x5C, 0x3F, 0xB1, 0x5A, 0xB8, 0xDA, 0xAA,
    0x62, 0x36, 0xB1, 0x0A, 0xFD, 0x06, 0xA7, 0x76, 0x99, 0xB7, 0x0C, 0x84, 0x0D, 0x19, 0x87, 0x07,
    0x25, 0x22, 0x1D, 0x72, 0xEF, 0xF8, 0xDE, 0xA7, 0x76, 0xE2, 0x6E, 0x08, 0xC7, 0x89, 0x6A, 0x8B,
    0x21, 0xD0, 0xD2, 0xD1, 0x24, 0x4E, 0x82, 0x0E, 0xCD, 0x8D, 0xB3, 0x79, 0xB4, 0xEF, 0x30, 0xA7,
    0xC7, 0x69, 0x3D, 0x0C, 0xB8, 0xC7, 0x89, 0x75, 0x4E, 0x55, 0xE7, 0x98, 0xB9, 0x64, 0x0D, 0x7B,
    0xC1, 0xF8, 0x53, 0xC5, 0xDA, 0x0A, 0x35, 0x42, 0x06, 0xA3, 0x71, 0xC9, 0x5D, 0x9F, 0x2D, 0xD6,
    0x5B, 0x29, 0xA2, 0x0C, 0x23, 0x32, 0xD3, 0x3E, 0xE3, 0x91, 0xC9, 0xB4, 0xF1, 0xD2, 0x0C, 0x56,
    0x19, 0xA7, 0x58, 0x1D, 0x14, 0xE6, 0xD9, 0x5A, 0xDB, 0x6D, 0x54, 0x69, 0xB5, 0xB7, 0x4C, 0xAE,
    0xBD, 0x65, 0x4A, 0x9F, 0xEA, 0x5B, 0x96, 0xA9, 0xE6, 0x8D, 0xFE, 0x42, 0x5B, 0xAC, 0xE6, 0xF4,
    0x6E, 0xE8, 0x77, 0x9D, 0x86, 0x0E, 0xE7, 0xF6, 0x99, 0x8A, 0xD6, 0x30, 0x90, 0x06, 0xE9, 0x2C,
    0xB3, 0xF0, 0x30, 0x5E, 0x06, 0x6D, 0x60, 0x7C, 0x0F, 0x99, 0xC4, 0x32, 0x4F, 0xE9, 0x3B, 0xD8,
    0xF4, 0x63, 0x61, 0xCD, 0xC4, 0x0C, 0x6A, 0x1A, 0xA7, 0x22, 0xAE, 0x4F, 0x20, 0x79, 0xC8, 0x8F,
    0x26, 0x46, 0x7B, 0xA5, 0x1F, 0x3B, 0x1C, 0x85, 0x1C, 0x77, 0x51, 0xF5, 0xCF, 0xEA, 0x7F, 0xA9,
    0xB2, 0xBF, 0xF6, 0x5F, 0x83, 0xDC, 0xA8, 0x22, 0xB8, 0x31, 0x43, 0x6E, 0x43, 0xA0, 0xC3, 0x5E,
    0x67, 0x8E, 0x3B, 0xC6, 0x17, 0x22, 0x43, 0x0C, 0x0E, 0xC5, 0xF8, 0x10, 0x5E, 0xB3, 0x98, 0x1A,
    0x71, 0xB2, 0xA5, 0x1B, 0xA5, 0xF3, 0x9F, 0xC3, 0xF8, 0xEC, 0x77, 0xB2, 0xD1, 0x29, 0x3C, 0x65,
    0xF5, 0x88, 0x44, 0x39, 0x3F, 0x45, 0x3F, 0x24, 0xEE, 0x80, 0x72, 0x68, 0x8F, 0x63, 0xFD, 0x61,
    0x17, 0xE9, 0x02, 0xA6, 0x33, 0x31, 0xAE, 0x75, 0x3F, 0x71, 0x81, 0x48, 0x3F, 0xDE, 0xDC, 0x0E,
    0x87, 0x7B, 0x3C, 0xF2, 0x67, 0xD6, 0x28, 0x19, 0xD4, 0x53, 0xF5, 0x26, 0x57, 0xA8, 0x63, 0xDF,
    0x9E, 0xE4, 0x8A, 0x5C, 0xDA, 0x37, 0xB5, 0xAB, 0x91, 0x59, 0x36, 0x0B, 0x3F, 0xD2, 0x22, 0x34,
    0xFF, 0xD4, 0xB5, 0x6B, 0xB4, 0x3F, 0x38, 0xF0, 0x6C, 0x8C, 0x3F, 0x1A, 0x55, 0xCE, 0x37, 0x48,
    0x95, 0x62, 0x87, 0x5D, 0x6B, 0xA1, 0x28, 0xF7, 0xBA, 0x1A, 0x07, 0x77, 0x3D, 0x6C, 0x6F, 0x82,
    0xDC, 0x86, 0xC1, 0x86, 0xE9, 0x82, 0x99, 0xD6, 0xB5, 0x1A, 0x34, 0xE6, 0xBA, 0x1A, 0xCE, 0x8D,
    0x91, 0xF4, 0x84, 0xFE, 0xEA, 0xD4, 0x33, 0xB9, 0xA5, 0xDE, 0x70, 0x4A, 0x74, 0x21, 0x83, 0xCD,
    0x2A, 0x1B, 0xBB, 0xB8, 0x52, 0xEA, 0x08, 0xC8, 0x1D, 0x4E, 0xC6, 0xA5, 0x96, 0xD3, 0x20, 0x68,
    0x4E, 0x64, 0x27, 0x04, 0xD6, 0xB0, 0xDE, 0x10, 0x06, 0x3D, 0x0D, 0x82, 0x56, 0xC0, 0xD1, 0x8A,
    0x00, 0xEE, 0xE3, 0xB9, 0x21, 0x9A, 0x6B, 0x88, 0xB2, 0x1B, 0x60, 0x6F, 0x5F, 0x05, 0xEE, 0xA3,
    0xB8, 0x74, 0x27, 0x5A, 0x60, 0xA1, 0xF5, 0x89, 0xBE, 0x67, 0xC8, 0x78, 0x74, 0x40, 0xDE, 0x8B,
    0xFE, 0x33, 0xF1, 0xC0, 0x87, 0xCB, 0x5B, 0xC7, 0x20, 0xCD, 0xB6, 0xA1, 0xA7, 0x39, 0xEA, 0x00,
    0x54, 0xED, 0x89, 0xFC, 0x5A, 0xAE, 0x03, 0x4E, 0xFC, 0x24, 0x16, 0x2A, 0xF5, 0x8D, 0xF6, 0x0E,
    0x6E, 0xC6, 0x65, 0x93, 0x66, 0x69, 0xBD, 0x69, 0x79, 0x15, 0x93, 0x93, 0xE8, 0x20, 0x61, 0x9F,
    0x75, 0x7B, 0x10, 0x09, 0xC7, 0x0B, 0x9C, 0xB6, 0xB9, 0xBD, 0xEA, 0x43, 0x4E, 0xC3, 0x06, 0x42,
    0x79, 0xCC, 0xA9, 0x3F, 0x3E, 0xDD, 0x17, 0x7C, 0x2F, 0x28, 0x1E, 0xD3, 0x9A, 0xFE, 0x9B, 0x9A,
    0xD2, 0xE0, 0x3C, 0x2B, 0xE3, 0xDF, 0xA1, 0xA5, 0x38, 0xC1, 0x83, 0x2E, 0x16, 0x2C, 0x92, 0x6D,
    0x23, 0x9E, 0x9F, 0xF0, 0xA4, 0x0D, 0xAF, 0x9B, 0x0C, 0x9B, 0x7D, 0x20, 0x74, 0xC8, 0x75, 0x0B,
    0x7D, 0x6F, 0xB8, 0xAF, 0xCD, 0x21, 0x49, 0x67, 0xAC, 0xA2, 0xF0, 0xB7, 0x6A, 0xFF, 0xBB, 0x03,
    0xD6, 0xC4, 0x1E, 0x83, 0xF1, 0x2E, 0x6B, 0xD8, 0x3B, 0x15, 0xE2, 0x4A, 0x6C, 0x16, 0x62, 0xE7,
    0x81, 0xAD, 0x46, 0xC4, 0xF7, 0x81, 0x95, 0xA2, 0x78, 0x71, 0x7B, 0x5C, 0xE9, 0x12, 0x75, 0x9E,
    0xA8, 0x33, 0xAA, 0xB0, 0x09, 0x26, 0x94, 0x9A, 0xE9, 0x28, 0x8A, 0x85, 0xE9, 0x55, 0x2A, 0xA8,
    0x4F, 0x87, 0xC1, 0x68, 0xCE, 0x74, 0x0C, 0xCD, 0xA9, 0xCF, 0x34, 0x4F, 0x2E, 0x7F, 0x07, 0x40,
    0x35, 0x51, 0x39, 0xB9, 0xC9, 0xFB, 0x1C, 0xF7, 0xD9, 0x28, 0x5B, 0x8A, 0x41, 0x62, 0x82, 0x06,
    0xB6, 0x85, 0x4A, 0x0A, 0x8E, 0x0B, 0x35, 0x3B, 0x2D, 0x57, 0x93, 0x16, 0xF2, 0x36, 0x69, 0xF9,
    0x06, 0xB2, 0x9B, 0xCD, 0x7A, 0xBB, 0xD9, 0x2A, 0xD9, 0x4D, 0x3B, 0x89, 0xBE, 0xB1, 0x9A, 0x24,
    0xE5, 0xCD, 0x64, 0xED, 0xD1, 0x41, 0x4A, 0xE5, 0x42, 0x16, 0xD6, 0xA8, 0xB4, 0x45, 0xB2, 0x23,
    0x1F, 0x97, 0xA4, 0x36, 0x9C, 0x25, 0xEB, 0x0D, 0xBD, 0x14, 0xC0, 0x25, 0xCC, 0x77, 0xFA, 0x6D,
    0x15, 0xD2, 0xE7, 0x81, 0x95, 0x0E, 0xC0, 0xCD, 0xFA, 0x88, 0xED, 0x5D, 0x9A, 0xA0, 0xB6, 0x19,
    0x4A, 0xF3, 0x52, 0xD5, 0x22, 0xFA, 0x1C, 0x46, 0x29, 0x2E, 0xC2, 0x74, 0xA4, 0x53, 0x71, 0x01,
    0x99, 0x8F, 0xA9, 0xAB, 0x0B, 0x2E, 0xBE, 0x7A, 0x37, 0x73, 0x95, 0xAB, 0x86, 0xA5, 0x7E, 0x31,
    0xEC, 0x8D, 0xD1, 0x07, 0xDA, 0xC7, 0xB3, 0x57, 0x71, 0x5B, 0xEE, 0x88, 0x2E, 0x8F, 0x2C, 0xC0,
    0x3E, 0x31, 0x55, 0x48, 0x82, 0x73, 0x0B, 0x24, 0xC7, 0x8A, 0xFA, 0x26, 0x1B, 0xCB, 0x27, 0x88,
    0x86, 0xC2, 0xE2, 0x42, 0x54, 0x5C, 0x3E, 0xCA, 0x7A, 0xCE, 0x58, 0x10, 0x4C, 0x22, 0xD8, 0x04,
    0x8D, 0x22, 0x58, 0x45, 0x30, 0x0B, 0xA1, 0x5D, 0x08, 0x0D, 0x23, 0x6E, 0x83, 0xE1, 0x5F, 0x0D,
    0x81, 0xC6, 0x61, 0x60, 0x8D, 0xA1, 0x79, 0x04, 0xFB, 0x08, 0x06, 0x12, 0x2C, 0x24, 0x98, 0x48,
    0xB0, 0x91, 0x60, 0x24, 0xB4, 0x12, 0x9A, 0x49, 0xE0, 0x35, 0x34, 0x94, 0xCB, 0xF0, 0x4E, 0x55,
    0x17, 0xA8, 0x63, 0x55, 0x55, 0xF5, 0x24, 0xD8, 0xC2, 0x43, 0x98, 0xA7, 0x13, 0xB5, 0x75, 0xB5,
    0x27, 0xCD, 0x96, 0x9D, 0xC9, 0xB4, 0x0E, 0x92, 0x4D, 0x24, 0xDB, 0xB2, 0x63, 0x4A, 0x9B, 0xD8,
    0x92, 0xCD, 0x20, 0x64, 0xCF, 0x7A, 0x3A, 0xCA, 0x9E, 0xF8, 0x7C, 0x34, 0xFA, 0xF6, 0x67, 0x5B,
    0x02, 0xFD, 0xF5, 0x2E, 0x1B, 0x2C, 0xC0, 0x34, 0xA6, 0xFB, 0x6C, 0xCF, 0x2C, 0x8F, 0xBC, 0xD0,
    0x14, 0x56, 0x71, 0x6D, 0xB0, 0x82, 0x25, 0x66, 0xBD, 0xB8, 0x9A, 0x59, 0x14, 0xC3, 0x6B, 0x21,
    0x68, 0x19, 0xF6, 0xD1, 0x33, 0xC1, 0x38, 0x26, 0xA3, 0x98, 0xF6, 0x61, 0xEE, 0x1A, 0x4D, 0xC4,
    0xB2, 0xA0, 0x02, 0xAD, 0x4C, 0x56, 0x1A, 0x0A, 0x8E, 0xC7, 0x44, 0xE5, 0x2C, 0x50, 0xD9, 0x4F,
    0xA0, 0xA7, 0x78, 0x32, 0x1E, 0x3A, 0xBD, 0x21, 0xF2, 0x57, 0xE0, 0x1B, 0xFA, 0x28, 0x55, 0xB7,
    0xAA, 0x93, 0x31, 0x7E, 0x77, 0x29, 0xFC, 0x46, 0xFB, 0x42, 0xA7, 0x62, 0x49, 0xB5, 0x2E, 0xCC,
    0x76, 0x30, 0xBD, 0xF7, 0x85, 0x2F, 0x17, 0x43, 0xE7, 0xE1, 0x22, 0x3D, 0xA7, 0x23, 0xF0, 0xBA,
    0xB6, 0x70, 0x8D, 0x74, 0x26, 0xD7, 0x77, 0x04, 0xB8, 0x0A, 0xD0, 0xA2, 0x66, 0x8F, 0xED, 0xD0,
    0xDC, 0x97, 0xCF, 0xED, 0xD0, 0x74, 0xE9, 0xDD, 0x2C, 0x9D, 0x4A, 0xEA, 0x6D, 0x7F, 0x40, 0xDB,
    0xD2, 0x17, 0xAB, 0x55, 0x5D, 0x87, 0x9D, 0xF4, 0x9D, 0x99, 0xB9, 0xEA, 0xB6, 0xD4, 0x19, 0x56,
    0x99, 0x1C, 0x8D, 0x16, 0x04, 0xAE, 0x85, 0x11, 0x44, 0x3F, 0xD8, 0x15, 0x6A, 0x66, 0xE2, 0x3E,
    0x74, 0xB6, 0x00, 0x24, 0x1F, 0xCE, 0x3B, 0x55, 0xF8, 0x4E, 0x40, 0xAD, 0xF1, 0xD8, 0x56, 0x07,
    0xEB, 0xC3, 0xC6, 0x08, 0x50, 0x94, 0x01, 0xD1, 0xC0, 0xCB, 0x00, 0x34, 0xEB, 0x21, 0xF6, 0xA7,
    0xA8, 0xF3, 0x19, 0xA7, 0x0E, 0x4E, 0xB0, 0x61, 0x5B, 0xD0, 0xA4, 0x9E, 0xD3, 0x68, 0x2E, 0xC0,
    0x05, 0x95, 0x36, 0xED, 0xC1, 0x4A, 0xAC, 0x64, 0x76, 0x88, 0xD1, 0x10, 0xA1, 0x22, 0x20, 0x9F,
    0x61, 0x20, 0xA2, 0xFB, 0xC0, 0xE1, 0xA7, 0x42, 0xC3, 0x66, 0x75, 0xC0, 0x16, 0x8F, 0x34, 0x64,
    0xFA, 0x9E, 0x74, 0x6A, 0xF7, 0xD7, 0xD6, 0x50, 0x3A, 0x6D, 0x63, 0x0F, 0xE7, 0x06, 0x71, 0x35,
    0xB3, 0x2C, 0xB4, 0x0B, 0x95, 0x66, 0xD0, 0xC6, 0x71, 0x13, 0xF9, 0x70, 0x5C, 0x38, 0x69, 0x1F,
    0xB7, 0x3D, 0x28, 0xA7, 0x77, 0xD5, 0x7F, 0x16, 0x96, 0xA4, 0x7A, 0xDB, 0x84, 0x75, 0x2D, 0xBF,
    0x69, 0xCF, 0x3E, 0xAF, 0xD1, 0x53, 0x70, 0xD5, 0x90, 0xB3, 0xE5, 0x02, 0x71, 0xBF, 0x20, 0xEA,
    0x43, 0x48, 0xC5, 0x79, 0xC7, 0x2B, 0x0E, 0x63, 0xC2, 0x42, 0x8C, 0x16, 0x5C, 0xF4, 0xC4, 0x8E,
    0x90, 0xCE, 0x01, 0x5B, 0xD9, 0x2F, 0x8C, 0xBE, 0x2A, 0x72, 0x4B, 0xFF, 0x56, 0xEB, 0x54, 0xB5,
    0xD3, 0x7E, 0xD3, 0x69, 0x88, 0x07, 0x42, 0x8E, 0x4D, 0x6B, 0x9D, 0xF8, 0xD3, 0x87, 0x4F, 0x15,
    0xA2, 0x49, 0xE7, 0x7B, 0xE9, 0x94, 0xC3, 0xE9, 0xB1, 0xFF, 0xCD, 0xC1, 0xD6, 0x39, 0x65, 0x2B,
    0xC7, 0x89, 0xF6, 0x16, 0x8B, 0x8F, 0x32, 0x81, 0x4C, 0xA7, 0x18, 0xBE, 0xA0, 0xDD, 0x0D, 0x90,
    0xF1, 0x07, 0x59, 0x44, 0xF7, 0xC1, 0x83, 0xB6, 0xE1, 0x8A, 0xE6, 0x4D, 0x35, 0x08, 0x4B, 0x55,
    0x0C, 0x8A, 0xC0, 0xFC, 0x34, 0x66, 0x5E, 0x3F, 0xEA, 0xE8, 0x16, 0x06, 0x5C, 0x25, 0x9F, 0x32,
    0x2F, 0xA9, 0x2F, 0x47, 0x49, 0xB5, 0xEB, 0x43, 0x9C, 0x1A, 0xF5, 0x69, 0xA6, 0x8F, 0xA2, 0x8F,
    0x1F, 0x07, 0xBC, 0x32, 0x05, 0x14, 0x04, 0xB7, 0x02, 0x74, 0x3A, 0xC3, 0x63, 0xCE, 0x2F, 0x96,
    0xBD, 0xC4, 0x14, 0x7E, 0x9C, 0x26, 0x0F, 0x5E, 0x0A, 0x18, 0x85, 0x17, 0xC0, 0xFA, 0x28, 0x9F,
    0x16, 0x57, 0xDC, 0x3A, 0x59, 0x09, 0x0B, 0xEC, 0x1A, 0xBB, 0x4C, 0xB4, 0x9B, 0x6E, 0x89, 0xBF,
    0x89, 0x47, 0x47, 0x99, 0x74, 0xB1, 0x5A, 0x3A, 0x18, 0x9E, 0x92, 0x07, 0xCD, 0x26, 0xA4, 0x54,
    0x2A, 0x5E, 0x9B, 0x11, 0x12, 0x9D, 0xD0, 0x35, 0x77, 0x50, 0x8C, 0x20, 0xA8, 0x24, 0x54, 0x83,
    0x24, 0x3A, 0x18, 0xC0, 0x45, 0x1A, 0x50, 0x37, 0xB7, 0xC2, 0x85, 0x70, 0xAA, 0xD4, 0xA8, 0x6A,
    0x1D, 0x1F, 0x88, 0x0A, 0xBD, 0x22, 0x87, 0x12, 0xD5, 0x2A, 0x17, 0x4C, 0x80, 0xCA, 0x28, 0xE6,
    0x10, 0x25, 0x3B, 0x3E, 0x18, 0x8E, 0x9A, 0xDB, 0x4D, 0xCC, 0x6C, 0xFB, 0x66, 0x10, 0xED, 0xAB,
    0x5E, 0x74, 0xFB, 0x31, 0xD4, 0x24, 0x90, 0xEE, 0xB4, 0x0E, 0x3B, 0x02, 0x19, 0x4D, 0x7E, 0xA5,
    0x8B, 0x4A, 0x7F, 0x77, 0x9B, 0x69, 0xEB, 0x86, 0x54, 0xEB, 0xA6, 0xCF, 0x54, 0xDC, 0xB6, 0xF0,
    0x52, 0x29, 0x1E, 0x8D, 0xB2, 0xC6, 0x5F, 0xBB, 0x11, 0xCF, 0x4E, 0x90, 0xFF, 0x10, 0x54, 0x88,
    0xFA, 0x68, 0x7E, 0x36, 0x43, 0x1D, 0x19, 0x9C, 0x74, 0x8F, 0xF5, 0x99, 0xB9, 0x49, 0x0F, 0x01,
    0x6F, 0x69, 0xF0, 0x20, 0xE1, 0x67, 0xF2, 0xF0, 0xF1, 0xC6, 0xC2, 0x93, 0x99, 0x9D, 0x1A, 0x29,
    0x87, 0x64, 0xFD, 0x08, 0x29, 0x7B, 0xE0, 0x74, 0xDE, 0x51, 0xE7, 0x55, 0x9C, 0x35, 0x0D, 0x66,
    0x82, 0x07, 0xA4, 0x67, 0xE1, 0xF1, 0xEB, 0x53, 0x3C, 0xE4, 0x83, 0xD6, 0x7E, 0x98, 0x2C, 0x5C,
    0xC7, 0x2C, 0xD0, 0x9A, 0x18, 0x4E, 0x37, 0x2F, 0x15, 0xBA, 0x08, 0x93, 0xDE, 0xE6, 0xCB, 0xDE,
    0xB8, 0x98, 0x38, 0xA2, 0xC6, 0xE3, 0xFD, 0x9B, 0x78, 0xBC, 0x5F, 0xCE, 0x1E, 0xEF, 0x9F, 0x0E,
    0x8E, 0xF7, 0xB7, 0x60, 0x77, 0x7D, 0x08, 0x46, 0xC7, 0xD4, 0x9B, 0x3E, 0xC2, 0x0F, 0x1E, 0xEA,
    0x9F, 0x7E, 0xF0, 0x94, 0x7F, 0xA5, 0x50, 0xF2, 0xB9, 0xA7, 0xFC, 0x25, 0x50, 0x4D, 0xAE, 0x49,
    0x36, 0xD9, 0x26, 0xDD, 0xE4, 0x9B, 0x84, 0x93, 0x71, 0x52, 0x4E, 0xCE, 0x49, 0x3A, 0x59, 0xA7,
    0xDA, 0xC1, 0xBB, 0x80, 0x78, 0x01, 0xF3, 0xA4, 0x9E, 0xDC, 0x93, 0xFC, 0xD0, 0x07, 0x0B, 0xB5,
    0xE4, 0x4B, 0x42, 0xF5, 0xDE, 0x97, 0xF4, 0xA7, 0x2F, 0xCC, 0x6E, 0x9B, 0x69, 0x9F, 0x4F, 0xAE,
    0xB7, 0x48, 0xEA, 0xE8, 0x10, 0x72, 0x19, 0x9B, 0xDA, 0x96, 0x96, 0xE3, 0x33, 0x52, 0xA8, 0x9C,
    0xDC, 0x38, 0xEF, 0x09, 0x8A, 0xFB, 0x3F, 0x89, 0xF9, 0xBF, 0x7A, 0x20, 0xF3, 0xF8, 0x99, 0x8E,
    0x00, 0x19, 0xE1, 0x05, 0x7D, 0xE7, 0xF8, 0xF1, 0x51, 0x09, 0xCE, 0x29, 0x61, 0x73, 0x87, 0xA0,
    0xFD, 0x99, 0xC2, 0xC4, 0x11, 0x38, 0x53, 0x7D, 0xA7, 0x6B, 0xA3, 0xF6, 0x04, 0x45, 0x86, 0xAD,
    0xCA, 0x6C, 0x39, 0x7D, 0x62, 0x9C, 0x6E, 0x02, 0x2C, 0x4B, 0xDB, 0x92, 0xE2, 0xCE, 0xD5, 0xA3,
    0xBD, 0xE9, 0x7B, 0xEE, 0x81, 0xB7, 0x10, 0xB0, 0xED, 0xE3, 0xE7, 0x36, 0x54, 0x3E, 0xBD, 0x13,
    0xDF, 0x9B, 0x8D, 0x8F, 0x49, 0x52, 0xEC, 0xFA, 0xBF, 0x68, 0xD4, 0x7E, 0xDD, 0xAA, 0xF1, 0x5A,
    0xCD, 0x42, 0xC3, 0x3D, 0x8A, 0x31, 0xF8, 0xAB, 0x9F, 0x31, 0xD3, 0x70, 0xDA, 0x9E, 0x0E, 0x2B,
    0x97, 0xCC, 0x1D, 0xC5, 0x93, 0xAB, 0x1E, 0xD7, 0x15, 0x63, 0xFC, 0x1D, 0xB9, 0x6C, 0x55, 0x46,
    0xA7, 0x17, 0xAA, 0x77, 0x3E, 0xE7, 0x37, 0xE4, 0x1E, 0x28, 0x2B, 0x90, 0x1C, 0x8A, 0x80, 0xB0,
    0xE2, 0x2B, 0xF4, 0xC3, 0x9E, 0xE2, 0xE4, 0x66, 0x63, 0x7F, 0xEE, 0x44, 0xDC, 0xE8, 0x4D, 0x84,
    0xDB, 0x96, 0xAA, 0xAB, 0x34, 0x14, 0xEF, 0x3E, 0x7F, 0x4F, 0x12, 0xB3, 0x63, 0x12, 0x29, 0xAA,
    0xE5, 0x1E, 0xCF, 0x7B, 0xF8, 0xE4, 0x25, 0x71, 0xEB, 0xAD, 0x41, 0x2A, 0xD5, 0x2D, 0x23, 0x0F,
    0xF2, 0xF2, 0x79, 0xAA, 0xAE, 0x0E, 0x54, 0x0D, 0x28, 0x46, 0x47, 0x55, 0x37, 0x76, 0xBB, 0x7C,
    0xB8, 0xFF, 0x13, 0xD0, 0xD0, 0x80, 0xF6, 0x7B, 0x48, 0xAE, 0x76, 0xCB, 0xD5, 0xFA, 0xB7, 0xA7,
    0xEA, 0x7F, 0x3D, 0x56, 0xF5, 0xFD, 0xBB, 0xCA, 0x27, 0xCF, 0xEB, 0x2A, 0x78, 0x8C, 0xC3, 0xA9,
    0x7A, 0x8A, 0xA7, 0xF4, 0xA7, 0xCF, 0xEF, 0x9D, 0x76, 0xB9, 0x57, 0x57, 0xF9, 0xEA, 0x4E, 0xDC,
    0x3E, 0xE8, 0x2A, 0xCF, 0xD4, 0xC2, 0x94, 0x40, 0x76, 0xDB, 0xA2, 0x45, 0x53, 0x96, 0x46, 0x50,
    0x02, 0x6D, 0xBE, 0x78, 0x8E, 0xED, 0xFE, 0xBC, 0x54, 0xAD, 0xDC, 0x37, 0x39, 0x9E, 0x8D, 0x9A,
    0xF6, 0x78, 0xC9, 0x0A, 0x79, 0x61, 0xA1, 0xF2, 0x0A, 0xCF, 0x46, 0x14, 0x33, 0xB1, 0x9C, 0x42,
    0x80, 0x76, 0xA4, 0x02, 0xDD, 0x48, 0x0D, 0x02, 0x31, 0x96, 0x53, 0x79, 0xCD, 0x56, 0x72, 0xC3,
    0xAE, 0xE7, 0x7E, 0x39, 0x03, 0xA9, 0x01, 0x65, 0x87, 0x2D, 0x38, 0x4D, 0x42, 0x70, 0x75, 0xA3,
    0x64, 0x35, 0x55, 0xD2, 0x0A, 0xF4, 0x50, 0x36, 0x30, 0x5B, 0x88, 0x85, 0x3F, 0x83, 0x0B, 0x4D,
    0xD9, 0x29, 0x1F, 0x25, 0x2F, 0xB5, 0x87, 0x05, 0x17, 0xBA, 0x76, 0x0A, 0xAD, 0x30, 0xC8, 0x46,
    0x63, 0x94, 0x30, 0xF8, 0x87, 0x25, 0xCC, 0x64, 0xDF, 0xFB, 0x13, 0x8B, 0xDE, 0xC1, 0x6C, 0xA6,
    0xC6, 0xE6, 0xE4, 0x6D, 0x36, 0xCB, 0x71, 0xC2, 0x83, 0x3F, 0x92, 0x74, 0x63, 0x98, 0xE5, 0x75,
    0x54, 0x93, 0xC3, 0xD7, 0xB4, 0xC7, 0xD9, 0x9D, 0x83, 0x43, 0x8F, 0x90, 0x35, 0x76, 0x5A, 0x85,
    0xA7, 0x54, 0xF2, 0x5F, 0x7B, 0xE8, 0x31, 0xBE, 0x66, 0x86, 0x62, 0x53, 0x9D, 0x1E, 0x73, 0x6B,
    0xA7, 0xF3, 0xD7, 0xD1, 0x5B, 0x7C, 0xA6, 0x8B, 0xDD, 0xF4, 0x5A, 0xCD, 0x69, 0xD3, 0x8E, 0xC8,
    0x87, 0x0E, 0xD5, 0x06, 0xE4, 0xC4, 0xA8, 0x2A, 0x47, 0xE9, 0x11, 0xD3, 0xF0, 0x5B, 0x12, 0xC8,
    0x0D, 0xE4, 0x85, 0x66, 0x57, 0x6A, 0xF6, 0xEB, 0x74, 0x94, 0xA2, 0x26, 0xBA, 0x10, 0x51, 0x7A,
    0x8D, 0x3B, 0x6C, 0x5F, 0xF6, 0xA1, 0x59, 0xE3, 0xC1, 0xF3, 0x15, 0xB9, 0x0D, 0xB4, 0x8F, 0xD8,
    0xFE, 0x02, 0xDC, 0xA0, 0x67, 0x4D, 0x6F, 0xE2, 0xA4, 0xB0, 0xEA, 0x6F, 0xF9, 0x4B, 0x57, 0x1C,
    0x5A, 0x3D, 0xBE, 0xBD, 0xBD, 0x88, 0xCC, 0xCB, 0xE5, 0x1A, 0xB0, 0x39, 0x0D, 0x9E, 0x79, 0x60,
    0xD5, 0x12, 0x9D, 0xFC, 0x00, 0xF8, 0x0D, 0x79, 0x15, 0xF8, 0x03, 0xF1, 0xC0, 0xD7, 0x36, 0x33,
    0xD0, 0xC1, 0xF1, 0x86, 0xD3, 0xCD, 0xB6, 0xCD, 0x8F, 0x2C, 0x02, 0xE9, 0x4A, 0x7C, 0x44, 0x03,
    0x43, 0xE5, 0x66, 0xAE, 0x7A, 0xFC, 0xB8, 0xF3, 0x4E, 0xE6, 0xBD, 0xC9, 0x22, 0x48, 0x57, 0x5B,
    0x47, 0xE2, 0x21, 0x3C, 0x06, 0x5C, 0x6F, 0x5C, 0x48, 0x4B, 0x89, 0x01, 0xBB, 0x0A, 0xEE, 0xAE,
    0x42, 0x27, 0x52, 0x68, 0x08, 0x64, 0xAE, 0xFB, 0xE3, 0x88, 0x25, 0xDB, 0xD2, 0xBA, 0x91, 0x73,
    0x1E, 0x67, 0x8A, 0x7E, 0x33, 0x3F, 0xB2, 0x8C, 0xA8, 0x88, 0x66, 0x28, 0xF8, 0x8C, 0x50, 0x85,
    0x5B, 0x6E, 0x3B, 0xCF, 0x98, 0xB1, 0x15, 0x3A, 0x67, 0xA8, 0x6E, 0x5B, 0x4C, 0x78, 0x86, 0xDF,
    0xB5, 0x87, 0x93, 0x46, 0xB0, 0x88, 0x60, 0x12, 0x42, 0x9B, 0x10, 0x1A, 0x85, 0xD0, 0x2A, 0x04,
    0xD6, 0x60, 0xD0, 0x02, 0x60, 0x18, 0x42, 0xCB, 0x10, 0x9A, 0x46, 0xB0, 0x8D, 0x60, 0x1C, 0xC1,
    0x3A, 0x82, 0x79, 0xC0, 0x2C, 0x22, 0xD0, 0x42, 0x82, 0x89, 0x08, 0x6D, 0x44, 0x68, 0x24, 0x12,
    0xAC, 0x04, 0x66, 0xF2, 0x30, 0xF1, 0x79, 0x7D, 0x04, 0x48, 0x55, 0x13, 0x7F, 0x10, 0xE3, 0xB6,
    0x61, 0xEA, 0x3C, 0x44, 0x7D, 0x35, 0xA0, 0x07, 0xE2, 0x2E, 0x17, 0xA6, 0x87, 0x67, 0x3E, 0xEE,
    0x2B, 0xD1, 0x75, 0x77, 0x26, 0x44, 0x8F, 0xFE, 0xEB, 0x91, 0x4E, 0x71, 0xCD, 0x1C, 0xFF, 0x73,
    0x8A, 0x90, 0x74, 0x24, 0xC6, 0xC3, 0xAB, 0x61, 0xEA, 0x0B, 0xA9, 0x7A, 0x7F, 0xD9, 0x67, 0xBB,
    0x37, 0x34, 0x8E, 0x25, 0x5A, 0xEF, 0x15, 0x05, 0x3B, 0x3F, 0x27, 0x75, 0x6A, 0x4D, 0x46, 0xDC,
    0xA6, 0x53, 0x43, 0x64, 0x9F, 0xD2, 0x77, 0xA5, 0xD4, 0xFA, 0x52, 0x77, 0x07, 0x86, 0xE3, 0x2C,
    0x00, 0x63, 0xB6, 0x33, 0x48, 0xA3, 0xAD, 0xE8, 0x16, 0x66, 0xA5, 0xDA, 0x26, 0xDA, 0xEF, 0xB3,
    0xA9, 0xD6, 0x66, 0x74, 0x1B, 0x55, 0x44, 0x6A, 0x12, 0x98, 0x69, 0x1F, 0xBA, 0x62, 0x6E, 0x59,
    0x8F, 0xC6, 0x58, 0xF1, 0xD5, 0x8C, 0x6C, 0xF5, 0xBE, 0xF6, 0x61, 0xE9, 0xEA, 0x7E, 0xA1, 0xDB,
    0x6E, 0x40, 0xB6, 0x7B, 0x5B, 0xB7, 0x61, 0xBC, 0xD3, 0xD7, 0xF5, 0x6D, 0x6D, 0x2D, 0xFB, 0xDF,
    0xFA, 0xD7, 0xFA, 0x73, 0x85, 0x3A, 0xDE, 0xD7, 0xDD, 0x7B, 0x65, 0xDD, 0x57, 0x51, 0xF5, 0xCC,
    0xFA, 0x98, 0x9D, 0xF7, 0xEE, 0x54, 0xA3, 0xE3, 0xD9, 0x6C, 0x47, 0x0B, 0x73, 0xD8, 0xC8, 0xE9,
    0x43, 0x36, 0x04, 0xE0, 0xD8, 0x46, 0x15, 0x66, 0x69, 0xB7, 0x02, 0x88, 0x01, 0x80, 0x18, 0x03,
    0x9D, 0x68, 0xD4, 0xE1, 0xFC, 0x70, 0x24, 0x4B, 0x87, 0x40, 0xD4, 0x18, 0x58, 0x0A, 0xD7, 0x87,
    0x8D, 0xB4, 0x0E, 0x3F, 0xEF, 0xCF, 0x00, 0x1B, 0x4F, 0x51, 0x76, 0xB5, 0x1C, 0xA5, 0x3F, 0xC4,
    0x35, 0x37, 0x9E, 0xD6, 0x3E, 0xE9, 0xA4, 0xF4, 0x0A, 0xE3, 0x2C, 0xD7, 0x5B, 0xDA, 0xE3, 0x79,
    0x40, 0x3C, 0x39, 0x50, 0xE7, 0xEB, 0x0E, 0x2B, 0x6D, 0x33, 0xBF, 0x43, 0xA7, 0x6D, 0xBA, 0xC3,
    0x6D, 0xA3, 0x6D, 0x3E, 0x25, 0xBA, 0x35, 0x6D, 0x8F, 0x89, 0xFE, 0xCB, 0x0E, 0x5D, 0x9F, 0xE8,
    0xCF, 0x77, 0xD8, 0xB4, 0xA2, 0xFF, 0x7E, 0x57, 0x7B, 0x35, 0x7B, 0xFB, 0xA5, 0xBE, 0xB1, 0xEC,
    0x50, 0xDF, 0xD4, 0x1F, 0xCD, 0x86, 0x6F, 0xE8, 0x8F, 0x47, 0xC3, 0x2F, 0xAA, 0xF6, 0x86, 0x89,
    0x62, 0x34, 0xF0, 0x61, 0x3B, 0x6B, 0x4E, 0x34, 0xFC, 0xF0, 0xBB, 0x4E, 0x86, 0x5B, 0xB6, 0x53,
    0x7B, 0xD1, 0x96, 0x4A, 0x78, 0x1E, 0x40, 0xA5, 0x81, 0x02, 0xC0, 0x46, 0x89, 0x3C, 0x48, 0x1D,
    0x4E, 0x52, 0xC7, 0xA3, 0xD4, 0xF2, 0x9A, 0xE4, 0xE3, 0x3D, 0x2D, 0xB2, 0x6F, 0x60, 0x8E, 0xC4,
    0x27, 0xF5, 0xBD, 0xFA, 0x49, 0x7D, 0x57, 0x44, 0xC3, 0xE8, 0xA5, 0x13, 0x57, 0xD6, 0x9D, 0xC7,
    0x08, 0xC3, 0x7E, 0xC8, 0xBB, 0xC3, 0x84, 0xAA, 0x35, 0x01, 0xBB, 0x85, 0xA6, 0x2A, 0xC0, 0x3F,
    0x5F, 0x0C, 0x73, 0xBD, 0x35, 0x93, 0x1D, 0x1D, 0x03, 0xF6, 0xA1, 0x9A, 0x64, 0x41, 0x57, 0x21,
    0xFA, 0x80, 0x73, 0xC0, 0xE9, 0x3E, 0x47, 0x89, 0xEE, 0x7D, 0xA4, 0x28, 0x23, 0x32, 0xBE, 0x83,
    0xDB, 0x69, 0x44, 0xA6, 0xD3, 0x92, 0xA6, 0x03, 0x1F, 0xB1, 0xBC, 0xBB, 0x00, 0x9B, 0xD0, 0x9F,
    0x95, 0x9D, 0x99, 0xE1, 0xD9, 0xE3, 0xF4, 0x19, 0x91, 0xC7, 0x6B, 0x91, 0xA7, 0x79, 0x84, 0x5E,
    0x34, 0x3C, 0xEB, 0x74, 0xCD, 0x4C, 0x7E, 0xA1, 0xB9, 0xEA, 0x60, 0x38, 0x53, 0x31, 0x95, 0xA7,
    0x62, 0x4A, 0x9F, 0xAD, 0x86, 0xC5, 0x52, 0x78, 0xE0, 0x5A, 0xCE, 0x40, 0xA5, 0x71, 0xE7, 0xDA,
    0x0C, 0x6C, 0x88, 0xF6, 0xA1, 0xE6, 0x6D, 0x40, 0x21, 0xAE, 0xA1, 0xFA, 0x3E, 0x28, 0x66, 0x8E,
    0xCD, 0x02, 0x0E, 0xE1, 0xF3, 0xFE, 0x60, 0xDF, 0xB8, 0x50, 0xC8, 0xBA, 0xF2, 0xB4, 0x06, 0x6E,
    0x95, 0x36, 0x6F, 0xF2, 0xF2, 0x2E, 0xDC, 0xA5, 0x61, 0xE9, 0x0C, 0xC7, 0xDF, 0xF3, 0x11, 0xBB,
    0x72, 0x4B, 0xFB, 0x71, 0x63, 0xE9, 0x0D, 0x9B, 0xA9, 0x3A, 0x40, 0x37, 0x16, 0xB3, 0x61, 0xDE,
    0xA6, 0x47, 0xB1, 0xC2, 0x87, 0xD9, 0xEE, 0x62, 0x0A, 0x3C, 0x1E, 0x9C, 0x30, 0xAC, 0xF4, 0xCC,
    0x43, 0x3E, 0x68, 0xD1, 0x39, 0xFF, 0xB5, 0x55, 0xB8, 0x99, 0x25, 0xC9, 0x4D, 0xAE, 0x52, 0x18,
    0x78, 0x29, 0x4C, 0x63, 0x93, 0x41, 0xAE, 0x83, 0x94, 0xBB, 0x97, 0x99, 0x66, 0x6F, 0x56, 0x69,
    0xA0, 0x3E, 0xCE, 0x66, 0x61, 0x87, 0xD3, 0xAE, 0x88, 0xC1, 0xFF, 0x73, 0xAE, 0x68, 0xCF, 0xBF,
    0x62, 0xBB, 0xBF, 0xA2, 0xA9, 0xE9, 0x6A, 0xF0, 0x0A, 0xE5, 0x50, 0xAC, 0xB8, 0x22, 0x59, 0xED,
    0x0A, 0x6B, 0x4B, 0xC3, 0x6A, 0x76, 0x04, 0x25, 0x60, 0x44, 0x8A, 0x66, 0x9A, 0x43, 0x56, 0x4A,
    0x5D, 0x50, 0x15, 0xD0, 0xC4, 0xF1, 0x11, 0xA0, 0x4F, 0x89, 0x24, 0x5F, 0x95, 0x67, 0x45, 0x4A,
    0x4C, 0x62, 0x9D, 0xAE, 0x78, 0x58, 0x5F, 0xB5, 0xCE, 0xB4, 0xD3, 0x45, 0xF2, 0x31, 0xDB, 0x59,
    0x40, 0x31, 0x63, 0x0F, 0x66, 0x15, 0xAB, 0xC3, 0x0A, 0x13, 0x79, 0xA9, 0x08, 0x76, 0x6A, 0xB2,
    0xEB, 0xC1, 0xAD, 0x7C, 0xC5, 0x42, 0xBF, 0xD9, 0x62, 0x5E, 0x5C, 0xA6, 0xE6, 0xA3, 0x25, 0x2A,
    0x89, 0xFE, 0x93, 0x74, 0xA6, 0xEB, 0xFF, 0xA4, 0x8E, 0x7D, 0xD8, 0xC0, 0x69, 0x46, 0x9B, 0x8F,
    0xF3, 0x2D, 0xFE, 0x57, 0xBA, 0xF6, 0x9E, 0xE4, 0x6E, 0xB4, 0x3D, 0x0E, 0x87, 0x26, 0x5A, 0x87,
    0xC5, 0xE7, 0x41, 0x7A, 0xB0, 0xD9, 0x5D, 0x58, 0x26, 0x65, 0x7B, 0x46, 0x4A, 0xF8, 0x34, 0xA6,
    0x0B, 0xCC, 0x6E, 0x78, 0x68, 0x47, 0x4D, 0xF1, 0x38, 0x59, 0xD2, 0xC6, 0x27, 0x76, 0x2A, 0x36,
    0xB4, 0xD0, 0x30, 0x7C, 0x07, 0xCA, 0xEB, 0x07, 0x98, 0xD6, 0x64, 0x85, 0x22, 0x54, 0xBA, 0x76,
    0x3F, 0x5F, 0x3A, 0xF5, 0x61, 0x93, 0x34, 0x9E, 0x38, 0xAF, 0x2F, 0x2A, 0xA1, 0xB1, 0x76, 0x4D,
    0x78, 0xF8, 0x0B, 0xF5, 0xCE, 0x08, 0xC5, 0xDA, 0x18, 0x54, 0xBE, 0xEC, 0x39, 0x8F, 0xE3, 0xC2,
    0x11, 0xA0, 0x01, 0x06, 0x76, 0xE8, 0xED, 0xC1, 0x36, 0xE1, 0x3D, 0xA1, 0x05, 0xF7, 0x00, 0xDC,
    0x14, 0x10, 0x67, 0xE4, 0x23, 0x58, 0x01, 0x65, 0x80, 0x05, 0x50, 0xF9, 0xB3, 0xE0, 0x02, 0xCC,
    0xA7, 0x10, 0xEB, 0xD7, 0x11, 0x74, 0x20, 0xF4, 0x71, 0x30, 0xFA, 0x03, 0x76, 0x39, 0xF7, 0xA3,
    0x85, 0xED, 0x9E, 0x09, 0xB8, 0xD0, 0xB1, 0x7A, 0x05, 0x8B, 0xFA, 0x1F, 0x8C, 0x58, 0x31, 0xAC,
    0xE5, 0x56, 0x11, 0x1D, 0xDB, 0xEC, 0x37, 0xC4, 0xC5, 0x6D, 0x20, 0x48, 0xDB, 0xB8, 0x0F, 0x48,
    0xEE, 0x2B, 0xBB, 0xAF, 0xE9, 0x43, 0x41, 0xB5, 0x29, 0xD2, 0x03, 0x92, 0xDD, 0x57, 0xDB, 0x57,
    0x29, 0x16, 0x94, 0x4D, 0x43, 0x2F, 0x05, 0x5D, 0x23, 0x7A, 0xC9, 0xA1, 0xA5, 0x31, 0x88, 0x0A,
    0x8A, 0x98, 0xC4, 0x48, 0xCE, 0xEE, 0xB5, 0x0F, 0x3E, 0xC3, 0x78, 0x9E, 0xF5, 0x85, 0x04, 0x13,
    0xE7, 0xCF, 0x19, 0xAF, 0xEF, 0xDC, 0xB9, 0x73, 0xE6, 0x1D, 0x3F, 0x3D, 0x51, 0xCB, 0x0F, 0x11,
    0xB5, 0x80, 0x51, 0xD4, 0x1A, 0x2C, 0xFF, 0x15, 0x7C, 0xF8, 0x56, 0x02, 0x41, 0x09, 0xAC, 0x12,
    0x4E, 0xD0, 0x03, 0x90, 0x7A, 0x96, 0x02, 0x73, 0x85, 0xA9, 0x1D, 0x25, 0xA0, 0xCB, 0xB1, 0xC4,
    0x41, 0xDA, 0x5D, 0x24, 0x1E, 0x10, 0xC1, 0x26, 0xD2, 0x22, 0x49, 0xCE, 0x85, 0x4C, 0x53, 0x62,
    0x12, 0xA9, 0x31, 0xE8, 0x76, 0x12, 0x4E, 0x50, 0xA3, 0x13, 0x8D, 0x5A, 0x88, 0x81, 0xC3, 0x40,
    0xBF, 0x1B, 0x88, 0x49, 0xC1, 0x20, 0xB8, 0x03, 0x5D, 0xAA, 0xA0, 0xB1, 0xAD, 0xA4, 0x75, 0x70,
    0x88, 0xFE, 0x93, 0x2E, 0x55, 0x80, 0x4D, 0x03, 0x2D, 0x85, 0x05, 0xB2, 0x6C, 0x5D, 0x70, 0x95,
    0xD2, 0x69, 0x1A, 0x29, 0xAF, 0xFD, 0x32, 0x6C, 0x25, 0x9F, 0xD5, 0x83, 0xB2, 0x48, 0x3B, 0xBA,
    0xDA, 0xCB, 0xDF, 0xC8, 0x73, 0x8B, 0x83, 0x70, 0x15, 0xB3, 0xDA, 0x2E, 0x4F, 0x6F, 0x0A, 0x2C,
    0x27, 0xC4, 0x9F, 0x4E, 0x57, 0x03, 0xDB, 0xE9, 0xE2, 0xDA, 0xEE, 0xD5, 0x9C, 0x63, 0x0A, 0x08,
    0x63, 0x81, 0xA1, 0x42, 0x1C, 0x02, 0x98, 0x59, 0xEA, 0xE3, 0x74, 0x49, 0xDA, 0xC4, 0xD2, 0xE8,
    0x58, 0x4A, 0xAF, 0x4E, 0xE2, 0x26, 0x95, 0x3A, 0x2D, 0x34, 0xAE, 0xA7, 0x13, 0x46, 0xF5, 0x41,
    0xC7, 0x87, 0xF9, 0x7F, 0xBF, 0xE9, 0xD1, 0xB8, 0x77, 0x8D, 0x02, 0xA3, 0x56, 0xAC, 0x04, 0x03,
    0x5A, 0xD6, 0xD3, 0x5B, 0x79, 0x58, 0x33, 0x5F, 0x08, 0xBB, 0x81, 0x0C, 0x30, 0x94, 0x03, 0x9D,
    0xDF, 0x1B, 0xEC, 0xA6, 0x21, 0x85, 0x9D, 0x23, 0x69, 0x81, 0xA5, 0x00, 0x16, 0x47, 0xDF, 0x1C,
    0xF2, 0x82, 0x39, 0x3F, 0xDE, 0x8B, 0x24, 0xC2, 0x9E, 0x85, 0x14, 0x36, 0xD1, 0xC2, 0xC2, 0xD6,
    0x2F, 0xA2, 0xA8, 0x7E, 0x8F, 0xF1, 0x9A, 0x0C, 0x70, 0x47, 0xE5, 0x63, 0x23, 0x33, 0x13, 0x51,
    0x47, 0x34, 0x9E, 0x68, 0x36, 0x5A, 0xA4, 0x27, 0xAA, 0x88, 0xE2, 0x44, 0xC4, 0x72, 0x18, 0xB1,
    0x29, 0x8E, 0x44, 0x44, 0xCB, 0xAC, 0xC1, 0xDA, 0x89, 0x1A, 0xCD, 0x2E, 0x44, 0x07, 0x73, 0x12,
    0xB5, 0xBB, 0xA3, 0x74, 0xA2, 0xE3, 0x42, 0xE5, 0x7E, 0xA1, 0x90, 0x6E, 0xC8, 0x56, 0xB4, 0xAB,
    0x22, 0xF6, 0x7E, 0x21, 0xAA, 0x31, 0xE6, 0x18, 0x89, 0x02, 0x8E, 0x88, 0xAB, 0x73, 0x48, 0xD6,
    0x61, 0xF0, 0x24, 0x6A, 0xAF, 0x5E, 0xCB, 0xC3, 0xD8, 0x15, 0x5D, 0x84, 0xCB, 0x0F, 0xE6, 0x47,
    0xF7, 0x6A, 0xAD, 0xF5, 0xBB, 0x17, 0xF9, 0x94, 0x1B, 0xEE, 0xFA, 0x21, 0xC2, 0xB7, 0x9B, 0x12,
    0x8A, 0xAF, 0x67, 0xF9, 0x04, 0x53, 0x46, 0xAA, 0x72, 0x56, 0xB2, 0x69, 0xC7, 0xCE, 0x8B, 0x7E,
    0x38, 0x2F, 0xF3, 0x1D, 0xFB, 0xD7, 0x95, 0xD0, 0x9E, 0xF1, 0xD2, 0xAD, 0x83, 0xFA, 0x83, 0x97,
    0x48, 0xBD, 0xF3, 0x12, 0x69, 0x12, 0x2F, 0x9E, 0x9B, 0xD7, 0xCD, 0x6F, 0x12, 0x37, 0x8D, 0x0B,
    0xAC, 0xDF, 0x3B, 0xFD, 0x11, 0xB1, 0xFD, 0x9A, 0x1D, 0x00, 0xC0, 0xBE, 0x61, 0x6F, 0x30, 0xF3,
    0xA0, 0xDD, 0xD3, 0x1B, 0xB9, 0xDB, 0x8B, 0x4E, 0x7E, 0x74, 0x0B, 0xC3, 0x92, 0x1D, 0xB7, 0xB0,
    0xDA, 0xAA, 0xED, 0xDE, 0x99, 0xBD, 0x59, 0x6E, 0x61, 0x0E, 0xED, 0x84, 0x1B, 0xE0, 0x50, 0xC3,
    0x74, 0x8F, 0xC8, 0xCE, 0xFF, 0xB2, 0x16, 0xC0, 0x67, 0xA7, 0x8F, 0x00, 0xB0, 0x68, 0x88, 0xC1,
    0xC2, 0x59, 0x5E, 0xE0, 0xBB, 0xDF, 0x71, 0x5A, 0x41, 0x1B, 0x75, 0x4A, 0x23, 0x85, 0x44, 0xA7,
    0x51, 0x43, 0x95, 0x1C, 0xD1, 0xBB, 0x19, 0x16, 0xCE, 0x62, 0x76, 0x50, 0x29, 0x58, 0xAA, 0x2A,
    0x61, 0xCE, 0x4F, 0xEF, 0xA2, 0x33, 0xCC, 0xD9, 0x2E, 0x12, 0xC9, 0x54, 0x5A, 0x74, 0xC1, 0x7D,
    0xAE, 0x35, 0x64, 0x26, 0x29, 0x2D, 0x64, 0x26, 0x9F, 0x6B, 0x95, 0xDA, 0x45, 0xC3, 0x4E, 0x74,
    0x6D, 0xF0, 0x09, 0xD7, 0xB0, 0x85, 0x58, 0x98, 0x33, 0x8C, 0xBB, 0x85, 0x2C, 0xC0, 0x32, 0x49,
    0xAD, 0xE1, 0x6C, 0x99, 0x74, 0xFE, 0xB9, 0x19, 0x33, 0xD9, 0x48, 0x57, 0x26, 0xBD, 0x36, 0xEB,
    0x2A, 0x2F, 0xBB, 0x87, 0x0D, 0x84, 0x63, 0x55, 0xAE, 0x22, 0xBD, 0x6A, 0x8C, 0x66, 0xAA, 0x16,
    0x55, 0x1D, 0xC1, 0xAA, 0x99, 0xC2, 0xA2, 0x90, 0xFB, 0x30, 0x93, 0x86, 0x8B, 0x0E, 0x35, 0x33,
    0x35, 0x33, 0x43, 0x42, 0x66, 0x92, 0x76, 0x92, 0x0C, 0xFF, 0xFA, 0x94, 0x35, 0x59, 0x9B, 0x23,
    0x54, 0xA4, 0x82, 0x85, 0x8C, 0x86, 0x47, 0xE8, 0x56, 0x4F, 0xD9, 0xEE, 0xFC, 0x85, 0xA5, 0xDA,
    0x9C, 0xBD, 0x2A, 0x35, 0x0F, 0xEE, 0x8A, 0xE3, 0xC6, 0x5C, 0x0E, 0x88, 0xF3, 0x26, 0x48, 0xCE,
    0x1A, 0x3F, 0xC0, 0xCE, 0x19, 0xB3, 0x3B, 0x63, 0x9C, 0xBA, 0x07, 0x5F, 0x2F, 0x87, 0x72, 0xBE,
    0xD8, 0xCA, 0xB0, 0x57, 0xC7, 0xC5, 0x55, 0x05, 0x7C, 0x9D, 0x2E, 0xA6, 0x1A, 0x00, 0xEB, 0xC5,
    0x53, 0xFF, 0x1E, 0x98, 0x2E, 0x96, 0x20, 0xBF, 0x44, 0x77, 0x71, 0x84, 0xA1, 0x38, 0x9C, 0xA1,
    0x38, 0x87, 0xCD, 0xF9, 0x69, 0xCF, 0xFF, 0x9C, 0x9D, 0x0F, 0xA8, 0x64, 0xCE, 0x4D, 0x81, 0x1B,
    0x33, 0x21, 0x3D, 0x78, 0x91, 0x66, 0x79, 0x72, 0x56, 0x24, 0x8E, 0xFD, 0x74, 0x71, 0x92, 0x43,
    0xFA, 0xC5, 0x18, 0xA1, 0xA0, 0xD5, 0xCB, 0xC5, 0x47, 0xFD, 0x6E, 0x0A, 0x0C, 0x94, 0x98, 0x1E,
    0x47, 0x9C, 0x8D, 0x0B, 0xD1, 0x66, 0x1B, 0x13, 0x05, 0x83, 0x8B, 0x87, 0x12, 0x25, 0x69, 0x33,
    0xFB, 0x52, 0x3E, 0xEA, 0x3C, 0xF8, 0xFE, 0x05, 0xB2, 0xCF, 0xFD, 0xDE, 0x13, 0x92, 0x63, 0x8A,
    0x39, 0xB7, 0xBB, 0x70, 0x99, 0x4C, 0xF8, 0xFA, 0x55, 0x8A, 0x23, 0xAC, 0x8A, 0x23, 0x67, 0x35,
    0x4E, 0x17, 0xF6, 0x77, 0x0C, 0x99, 0x20, 0x85, 0x8A, 0x67, 0x1E, 0xD2, 0xF0, 0x24, 0xBE, 0xAD,
    0xE2, 0x5C, 0xB7, 0xFD, 0x2D, 0xC6, 0x93, 0xAC, 0x6A, 0xE6, 0x5D, 0x50, 0x0B, 0xF7, 0xB0, 0x8B,
    0x04, 0xE2, 0x40, 0xAA, 0x98, 0x20, 0x60, 0x68, 0x01, 0x2C, 0x4C, 0x58, 0xA2, 0x8B, 0xFF, 0x80,
    0xF6, 0x77, 0x2C, 0x21, 0x90, 0x5F, 0xA1, 0x33, 0x71, 0x44, 0x57, 0x72, 0xE9, 0x41, 0xA6, 0x30,
    0xB1, 0xCC, 0x26, 0x31, 0xEC, 0x27, 0x92, 0xD4, 0x2A, 0xFE, 0x81, 0x60, 0x50, 0x51, 0xAC, 0x77,
    0x7B, 0x7B, 0xC4, 0x95, 0x8F, 0x91, 0x21, 0xC7, 0xED, 0xF2, 0x81, 0x9E, 0x89, 0xA5, 0x63, 0x8C,
    0xA3, 0xE2, 0x8D, 0xF4, 0xC4, 0x99, 0xCF, 0xF4, 0x9B, 0x54, 0x49, 0x9A, 0xE5, 0x04, 0x19, 0xCE,
    0x25, 0xEF, 0x5E, 0x07, 0x3E, 0x5C, 0x62, 0x21, 0x37, 0x98, 0xA4, 0x41, 0xC4, 0xFA, 0x7B, 0xE8,
    0x94, 0x07, 0xA8, 0x45, 0xE8, 0x58, 0xA7, 0x16, 0x7F, 0x3E, 0x4A, 0xB0, 0x85, 0x2F, 0x29, 0xB8,
    0x49, 0x5E, 0x39, 0x2F, 0x3F, 0x74, 0xA9, 0x5B, 0x44, 0xC9, 0x3C, 0xE4, 0x8E, 0x3F, 0xC4, 0xA1,
    0x8F, 0x7E, 0x8C, 0xD7, 0xDA, 0xE5, 0x4B, 0x35, 0xEE, 0x38, 0x33, 0x5C, 0xDB, 0x7B, 0xD9, 0xDF,
    0x9D, 0xEC, 0xB8, 0xBF, 0x3D, 0x47, 0x97, 0x89, 0x3B, 0x2E, 0x0D, 0xF7, 0x49, 0x95, 0x4C, 0x71,
    0xDC, 0x98, 0xF7, 0x8E, 0x3B, 0xC5, 0x58, 0x89, 0xC5, 0x09, 0xAF, 0x6F, 0xB8, 0x81, 0x91, 0x4C,
    0x7C, 0x28, 0xD6, 0x52, 0xB8, 0xB7, 0x68, 0x29, 0x3E, 0x14, 0xDC, 0x5E, 0x71, 0xFA, 0xA8, 0x23,
    0xE6, 0xDE, 0x59, 0x6A, 0x07, 0x6E, 0xCF, 0xFD, 0x8A, 0xD4, 0x0F, 0xDC, 0x52, 0x3F, 0x13, 0x5B,
    0x1C, 0xAE, 0xE3, 0x96, 0x2B, 0x06, 0x4D, 0xAD, 0x9A, 0x86, 0x81, 0x29, 0x3E, 0xC4, 0xBB, 0x2F,
    0xE2, 0x82, 0xAF, 0xB8, 0x2D, 0x68, 0xFF, 0x04, 0x30, 0x1A, 0x9E, 0xB5, 0xFD, 0x66, 0xD9, 0x17,
    0x9D, 0x3C, 0x2C, 0xFA, 0xED, 0x4B, 0xB4, 0x4C, 0x10, 0xB1, 0x3C, 0x43, 0xC6, 0x40, 0x66, 0x3A,
    0xA5, 0x6B, 0x89, 0x7C, 0xBD, 0x21, 0xEF, 0xBC, 0xF7, 0xFD, 0xD5, 0xD5, 0xE9, 0x4F, 0x61, 0xA8,
    0x02, 0xD8, 0x71, 0x45, 0xC7, 0xD5, 0xEF, 0x5A, 0x55, 0x46, 0xD1, 0x7E, 0xF5, 0xBA, 0x49, 0x44,
    0x17, 0x47, 0xB5, 0xA3, 0x06, 0x8A, 0x36, 0xF6, 0x58, 0xD1, 0x7A, 0x75, 0xB8, 0x27, 0x4A, 0xF6,
    0xB1, 0x54, 0x94, 0x04, 0x8B, 0xF5, 0x56, 0x91, 0x76, 0x56, 0x30, 0x5B, 0x5F, 0x33, 0x4C, 0xD6,
    0xD5, 0x1C, 0xA3, 0xF5, 0x94, 0xE8, 0x3F, 0x1D, 0x65, 0xB9, 0xA0, 0x9D, 0x68, 0xB0, 0x6E, 0x16,
    0x10, 0xB3, 0xD2, 0x51, 0x95, 0x2E, 0x14, 0x1C, 0xD5, 0x8B, 0x81, 0x9F, 0xB7, 0xF3, 0xF3, 0x2F,
    0x06, 0x05, 0xE0, 0xED, 0xF2, 0x05, 0xA6, 0x27, 0x6F, 0x25, 0xDB, 0x25, 0x8B, 0xBB, 0x14, 0xE8,
    0x6A, 0x24, 0xEA, 0xA9, 0x39, 0x69, 0xCD, 0x6D, 0xFC, 0x37, 0xBA, 0x8C, 0x8A, 0xE8, 0x92, 0x44,
    0xC3, 0xC3, 0x7D, 0xAE, 0x1A, 0x14, 0x77, 0x4A, 0x0E, 0x33, 0xE4, 0x9A, 0x48, 0x29, 0x68, 0xCD,
    0x31, 0xD1, 0x40, 0x57, 0xA2, 0x63, 0xA2, 0x0A, 0x9A, 0x88, 0x8E, 0xE2, 0x6B, 0xEE, 0xD0, 0x44,
    0x61, 0x57, 0x1D, 0xAB, 0x13, 0xF3, 0x91, 0x9A, 0xFC, 0x59, 0x22, 0xCF, 0xD7, 0x6F, 0x4F, 0x9A,
    0xEF, 0x00, 0x13, 0xB5, 0x50, 0x57, 0x63, 0x65, 0x86, 0xEC, 0xED, 0xD5, 0xA2, 0x7A, 0x53, 0xD7,
    0x2C, 0xEA, 0xB4, 0x47, 0xF2, 0xBA, 0x1F, 0x1F, 0xDD, 0xA9, 0xA0, 0x94, 0xAA, 0x60, 0xD8, 0xB7,
    0x62, 0x66, 0xE3, 0x8E, 0xE0, 0x46, 0xC0, 0xB3, 0xE8, 0x05, 0xA7, 0xE9, 0xE3, 0xA3, 0xBB, 0x64,
    0x02, 0xA4, 0xC3, 0x85, 0x02, 0xC3, 0x23, 0xCA, 0xC8, 0x44, 0xBD, 0xB9, 0x58, 0xF0, 0x40, 0xAB,
    0xCB, 0x05, 0x16, 0x69, 0x97, 0x47, 0xB4, 0x6A, 0x64, 0xF2, 0x81, 0xA4, 0x91, 0x89, 0x46, 0x9F,
    0xA4, 0x9F, 0x2D, 0xAA, 0x8E, 0x96, 0x1A, 0x69, 0x22, 0x12, 0xF6, 0x9A, 0x42, 0x7C, 0x49, 0x07,
    0x65, 0x5C, 0xC9, 0xC7, 0xCA, 0xA8, 0xC2, 0xA8, 0x91, 0xCA, 0x47, 0x2A, 0xF0, 0x17, 0x8F, 0x9A,
    0x2D, 0xC7, 0x37, 0x18, 0x2E, 0x09, 0x59, 0x05, 0xEF, 0xD1, 0x5D, 0x22, 0xB2, 0x48, 0x04, 0xC4,
    0x23, 0xB6, 0xD6, 0x84, 0x84, 0x51, 0x03, 0xC8, 0x4B, 0x93, 0x92, 0x59, 0x02, 0x15, 0x74, 0x2C,
    0x19, 0x45, 0x46, 0xFB, 0x19, 0x55, 0xE8, 0x94, 0xC3, 0x12, 0x49, 0xFA, 0x51, 0xDB, 0xA2, 0x2F,
    0x93, 0x24, 0x71, 0xE4, 0x61, 0x19, 0x65, 0x48, 0xA7, 0xE3, 0x81, 0x7E, 0x8C, 0xBF, 0x89, 0x60,
    0x13, 0x7C, 0xC5, 0xA2, 0x23, 0xA0, 0xB3, 0x06, 0x60, 0xD2, 0xC8, 0xEA, 0xE1, 0xB2, 0x67, 0xE2,
    0xE2, 0xD6, 0x5B, 0xE8, 0x02, 0xE3, 0x12, 0xE3, 0xCC, 0x15, 0x58, 0x6E, 0x78, 0x76, 0x0E, 0xF9,
    0xBC, 0x33, 0xC8, 0x3C, 0xCE, 0xDF, 0x9D, 0xBD, 0x3B, 0x77, 0x37, 0xE6, 0x5E, 0x3D, 0x78, 0x6B,
    0xE0, 0xAC, 0x55, 0x80, 0x73, 0x46, 0xEC, 0x8C, 0xD5, 0x87, 0xF3, 0x75, 0xFA, 0x07, 0x5B, 0x75,
    0x72, 0xAE, 0x38, 0xEF, 0xCE, 0x54, 0x9B, 0x9C, 0x27, 0x62, 0x67, 0xA9, 0xDD, 0x9C, 0x23, 0x76,
    0xCA, 0x19, 0x8A, 0x8B, 0xF3, 0x43, 0x6C, 0xEC, 0x90, 0x6F, 0xE7, 0x46, 0x30, 0x3B, 0x33, 0x8A,
    0x8D, 0x97, 0x0C, 0x93, 0xB3, 0x92, 0x63, 0xBC, 0x38, 0x21, 0xE7, 0xBE, 0x4F, 0x81, 0xC1, 0xF9,
    0x28, 0x20, 0x6E, 0xE5, 0x0D, 0x57, 0xBB, 0x43, 0xED, 0xA2, 0xE3, 0xD5, 0xE1, 0x2F, 0x9A, 0x99,
    0xCE, 0x1B, 0x2C, 0xCF, 0xA5, 0xCA, 0xC5, 0xCA, 0xE5, 0xCA, 0x2D, 0xDF, 0x7C, 0x23, 0x78, 0xEA,
    0x1B, 0xEA, 0x1C, 0xDD, 0x9F, 0xF3, 0xB5, 0xFF, 0x97, 0x65, 0x6F, 0x44, 0x3E, 0xF8, 0xEC, 0xE9,
    0x8D, 0x64, 0x31, 0xC9, 0x4F, 0xF8, 0x86, 0xD3, 0xEF, 0x67, 0xA0, 0x8D, 0x2D, 0x56, 0xF9, 0x44,
    0x11, 0x3B, 0x9C, 0x03, 0x05, 0x14, 0x15, 0xD8, 0x88, 0x40, 0x34, 0x39, 0x1A, 0x4A, 0xAA, 0xF9,
    0x4C, 0xD5, 0xAB, 0xD0, 0xB1, 0xC7, 0x15, 0x24, 0x40, 0x3B, 0x1C, 0x9E, 0x21, 0x2E, 0xAA, 0x0F,
    0x6A, 0x01, 0xFB, 0xDC, 0xEC, 0xBC, 0x14, 0x25, 0x72, 0x5F, 0x92, 0x76, 0x45, 0x2A, 0x75, 0x1B,
    0x3F, 0xFB, 0x01, 0x4A, 0x4B, 0xDC, 0x88, 0x58, 0x44, 0x4C, 0x3F, 0x0D, 0x4A, 0xB7, 0x00, 0x29,
    0x24, 0x45, 0x3D, 0xD6, 0x3A, 0x09, 0xED, 0x3C, 0x51, 0xE3, 0x2D, 0x68, 0x17, 0x47, 0xCE, 0x46,
    0x34, 0x2E, 0xF2, 0xEE, 0xEA, 0xA3, 0x4E, 0x8F, 0xA1, 0xCD, 0xD1, 0xB5, 0x20, 0xF7, 0x8F, 0xE4,
    0xCF, 0x24, 0xE3, 0x8A, 0xEC, 0x90, 0x46, 0x73, 0xC0, 0x32, 0xF4, 0x7F, 0x3C, 0xFC, 0xBB, 0xEE,
    0xFD, 0x47, 0xB3, 0x80, 0xF1, 0x19, 0x39, 0x6E, 0x7E, 0xFF, 0x4E, 0x63, 0x6B, 0xBE, 0xB7, 0xC2,
    0x80, 0xE1, 0xFE, 0x9E, 0x2B, 0xCC, 0x57, 0xE6, 0x6B, 0x60, 0xD2, 0x65, 0xDF, 0x62, 0xD6, 0x65,
    0x7F, 0x85, 0x7A, 0xFC, 0x01, 0x8B, 0x2E, 0x1B, 0xD4, 0x17, 0x10, 0xF5, 0x61, 0x17, 0xAC, 0x5C,
    0x96, 0xD8, 0x4B, 0xEE, 0x06, 0xD0, 0x47, 0x40, 0xE7, 0x10, 0x7F, 0xFF, 0x22, 0x26, 0x5D, 0x66,
    0x6A, 0x4C, 0x8D, 0xD6, 0x65, 0x64, 0x8B, 0xCB, 0xA4, 0xE1, 0xBD, 0x95, 0x3B, 0x2B, 0x11, 0x5A,
    0x38, 0x46, 0xF5, 0xF6, 0xA3, 0xDE, 0xEB, 0x1E, 0x07, 0x0B, 0x4E, 0x97, 0x17, 0x69, 0xC7, 0x82,
    0x4B, 0xE7, 0x9A, 0x0B, 0x96, 0x7E, 0xA4, 0x50, 0x40, 0xEB, 0xDA, 0xF5, 0xEF, 0xEA, 0xBF, 0x98,
    0xDD, 0xED, 0xC5, 0x1B, 0xBD, 0x0D, 0xCC, 0x3C, 0x2F, 0x55, 0x62, 0xAF, 0x74, 0xDE, 0x4A, 0x0C,
    0x05, 0x28, 0xBD, 0x7A, 0xD9, 0x54, 0x35, 0xBB, 0x84, 0x83, 0x65, 0x87, 0x9D, 0x7F, 0xF5, 0x88,
    0x1C, 0xA9, 0xB8, 0x32, 0xE4, 0xDF, 0xED, 0xF1, 0xB7, 0xD7, 0x6F, 0xDD, 0xD4, 0xB6, 0x44, 0xB9,
    0xAC, 0x11, 0xF1, 0xDD, 0x97, 0xDC, 0x04, 0x29, 0xC3, 0xD1, 0x60, 0x92, 0x97, 0x43, 0x7E, 0x6E,
    0x9F, 0xE9, 0x8F, 0x16, 0xE5, 0xFA, 0xEF, 0x76, 0xAE, 0x00, 0x52, 0x93, 0x2C, 0x3B, 0xDF, 0xFA,
    0x4B, 0x77, 0x65, 0xB7, 0x24, 0xB5, 0xB0, 0x93, 0x6C, 0xAF, 0x4D, 0x2D, 0x82, 0x31, 0x21, 0x05,
    0x10, 0xC4, 0xDE, 0x9A, 0x04, 0x41, 0xE0, 0x61, 0xDE, 0x0E, 0xA0, 0x01, 0x98, 0x45, 0x03, 0xC0,
    0x52, 0x65, 0x83, 0x45, 0xA0, 0x91, 0x80, 0x20, 0x83, 0x19, 0x6C, 0x0F, 0x3A, 0x80, 0x85, 0xA4,
    0xFE, 0x2C, 0x2C, 0x60, 0x8B, 0x18, 0x00, 0x53, 0xA4, 0x13, 0x58, 0xA4, 0x48, 0x75, 0x52, 0x2F,
    0x5D, 0x55, 0x27, 0x7D, 0xCE, 0xF7, 0xDD, 0x72, 0xFF, 0xF7, 0x7E, 0x6D, 0x8D, 0x8E, 0xED, 0xEE,
    0xF7, 0xAE, 0xEE, 0xFB, 0xDD, 0xF7, 0xFA, 0xEF, 0xAA, 0xAA, 0x73, 0xCE, 0xBD, 0xF7, 0xDC, 0xEF,
    0x9C, 0xF3, 0x3B, 0x51, 0xB6, 0x26, 0x35, 0xD9, 0x14, 0xD3, 0x4E, 0xA4, 0x75, 0xD2, 0xEE, 0x3A,
    0xAB, 0x96, 0x9B, 0x1C, 0xC3, 0xC8, 0x5E, 0x4F, 0xA5, 0x17, 0xDC, 0x8E, 0xD8, 0x27, 0x54, 0xD0,
    0x40, 0xB7, 0x8E, 0x9B, 0x0E, 0xFB, 0xCC, 0x7A, 0xB8, 0x71, 0x05, 0x7B, 0xC7, 0x1E, 0xB2, 0x87,
    0x46, 0x42, 0xEF, 0x77, 0xBA, 0x2A, 0xF4, 0x8D, 0xF6, 0xD0, 0x32, 0x74, 0x1E, 0xDF, 0xFC, 0x3D,
    0xB9, 0xB2, 0xF5, 0x5F, 0x8E, 0xE8, 0xED, 0xB0, 0xDE, 0xE1, 0x0D, 0xED, 0x44, 0x96, 0x48, 0x37,
    0xD0, 0xF8, 0x1A, 0xC1, 0x35, 0xAD, 0xE9, 0x7A, 0xE1, 0xDC, 0x77, 0xCD, 0x29, 0xD6, 0xEE, 0xA9,
    0x0C, 0xFA, 0x12, 0xBD, 0x76, 0xA4, 0x37, 0x42, 0xD7, 0x1A, 0xD9, 0x44, 0x0B, 0x2F, 0x42, 0x17,
    0x58, 0x26, 0x0A, 0x0C, 0x9D, 0x47, 0x97, 0x29, 0x9D, 0x24, 0xA4, 0x01, 0x0B, 0x99, 0xCC, 0xB5,
    0x89, 0x67, 0x9D, 0x13, 0x57, 0xF5, 0xE0, 0x58, 0xC1, 0xB2, 0xFA, 0x7D, 0xD6, 0xD1, 0x01, 0x8A,
    0x66, 0xDD, 0xF5, 0xF5, 0xDA, 0x81, 0xBB, 0x8E, 0xF8, 0x5B, 0x30, 0xD7, 0x8E, 0xC4, 0xB5, 0x23,
    0x6F, 0x0D, 0x61, 0x76, 0x0B, 0x59, 0xEB, 0x2D, 0x50, 0x93, 0xC1, 0xBC, 0xEB, 0x40, 0x59, 0x07,
    0xC6, 0xDA, 0x8B, 0x03, 0x6E, 0xC0, 0x40, 0x57, 0x07, 0xB6, 0x5A, 0x02, 0x92, 0xAB, 0x26, 0x55,
    0x4D, 0x82, 0x3A, 0xE0, 0x16, 0x78, 0x6A, 0xA0, 0xCC, 0x81, 0xA5, 0x0E, 0x24, 0x75, 0xE0, 0xA8,
    0x03, 0x45, 0x6D, 0xCF, 0xD3, 0x2D, 0x11, 0x41, 0x4D, 0x7E, 0x9A, 0xAF, 0x47, 0x76, 0x1A, 0x8B,
    0x55, 0xA9, 0xDA, 0xAC, 0x1B, 0x55, 0xE7, 0x2F, 0x4C, 0x9F, 0x2F, 0x16, 0x8A, 0x0B, 0xD7, 0x04,
    0xBB, 0x74, 0xDA, 0x8C, 0xBF, 0x3B, 0x08, 0xDE, 0xDA, 0x68, 0xF3, 0xC9, 0xA4, 0xD1, 0x17, 0xE2,
    0x8C, 0xB1, 0x06, 0x61, 0x7D, 0x2C, 0x37, 0xED, 0xE1, 0xB6, 0x82, 0xAD, 0x6E, 0xAC, 0x37, 0xAE,
    0xBA, 0x05, 0x55, 0x0D, 0xA6, 0xDA, 0x88, 0x6A, 0xED, 0xB1, 0xBE, 0x37, 0x93, 0xB1, 0xD4, 0x83,
    0x91, 0xD4, 0x2D, 0x39, 0x6A, 0xCE, 0x2C, 0x32, 0xD4, 0xC9, 0x85, 0xF2, 0x86, 0xC6, 0x94, 0x36,
    0xAD, 0x2D, 0xC4, 0x64, 0x0D, 0xE5, 0xAF, 0x16, 0xC3, 0x8E, 0x1A, 0xF7, 0xD4, 0x78, 0x65, 0xAF,
    0x81, 0x25, 0xEB, 0x46, 0x23, 0x2D, 0x3D, 0x05, 0x24, 0x39, 0x1D, 0x5C, 0xC8, 0x40, 0x4C, 0x03,
    0xCB, 0x89, 0x9A, 0x1F, 0xE9, 0x1C, 0xDA, 0x86, 0x07, 0x04, 0x1D, 0x4D, 0x32, 0xBA, 0x27, 0x91,
    0x74, 0xC4, 0x7C, 0x85, 0x86, 0x80, 0x20, 0xA1, 0x49, 0x41, 0xD7, 0x81, 0x80, 0x0E, 0xF4, 0x33,
    0x35, 0x1B, 0xA8, 0xE7, 0x40, 0x3C, 0x07, 0xB2, 0x39, 0xC2, 0xD5, 0x6E, 0x0B, 0xC2, 0x79, 0x08,
    0x74, 0x33, 0xC9, 0xE6, 0x88, 0x6A, 0x06, 0xD1, 0x1C, 0xD3, 0xCC, 0x4D, 0xAD, 0x94, 0x9D, 0x3F,
    0x56, 0xFA, 0xBF, 0x46, 0x9D, 0x34, 0xC5, 0x0B, 0xD0, 0xBF, 0x8B, 0x03, 0x41, 0xC8, 0xE9, 0x4B,
    0x95, 0x2B, 0xA7, 0x96, 0xD8, 0xB9, 0x47, 0x59, 0x5C, 0x19, 0x45, 0xFB, 0xE1, 0x47, 0x72, 0x4C,
    0xA4, 0x3F, 0xD8, 0x5D, 0x53, 0xFE, 0x69, 0xAD, 0xAF, 0x6D, 0xE7, 0xC7, 0xAE, 0xEF, 0xC2, 0x52,
    0x0C, 0x32, 0x19, 0x54, 0x32, 0x89, 0x64, 0x1F, 0xFD, 0x01, 0x85, 0x0C, 0x02, 0x19, 0xF4, 0x31,
    0xC8, 0x63, 0x52, 0xC7, 0x24, 0x8E, 0x93, 0x27, 0x4F, 0x9E, 0x3C, 0xC6, 0x8E, 0x27, 0x03, 0xD0,
    0x54, 0x7C, 0x78, 0xF9, 0xFB, 0xD6, 0x9D, 0x6F, 0xE4, 0xD4, 0x37, 0xC5, 0x7C, 0x4B, 0xCD, 0x14,
    0x0A, 0xB5, 0xAD, 0x08, 0xB3, 0x15, 0x21, 0x80, 0x64, 0x7A, 0x49, 0x62, 0xDD, 0x68, 0x77, 0x16,
    0xF3, 0xED, 0xCB, 0xCB, 0x8F, 0xEC, 0xBD, 0x95, 0x4C, 0x0C, 0xFD, 0x7C, 0x56, 0x36, 0x75, 0x71,
    0xD4, 0x87, 0xF6, 0x46, 0xA4, 0x35, 0x13, 0x7B, 0xFE, 0xC6, 0xD7, 0x65, 0x4C, 0xD9, 0xBF, 0x71,
    0x16, 0x66, 0xED, 0x0F, 0x4E, 0xA3, 0x58, 0x69, 0x88, 0xBF, 0x00, 0x41, 0x8A, 0x80, 0xC7, 0x8B,
    0xCE, 0xCB, 0x2E, 0x9B, 0xB9, 0x15, 0x3E, 0x7E, 0x6D, 0x96, 0x77, 0x67, 0x79, 0x71, 0x64, 0x28,
    0x10, 0x50, 0x78, 0x59, 0x2C, 0x53, 0xD8, 0xA0, 0xE8, 0xD7, 0x37, 0x66, 0x5A, 0xEB, 0x3B, 0x64,
    0x8B, 0x3F, 0xB3, 0xA7, 0x81, 0x87, 0x83, 0x37, 0xA4, 0x87, 0xF3, 0x6F, 0x1B, 0x3D, 0x9B, 0x85,
    0xA6, 0x39, 0x2A, 0x40, 0x8D, 0xB6, 0x1C, 0xBE, 0x2E, 0x1B, 0xBC, 0xB3, 0x41, 0x04, 0x29, 0x3F,
    0x72, 0xAE, 0x18, 0x0E, 0x7A, 0xEA, 0x99, 0xD4, 0xD3, 0xCF, 0x16, 0x3F, 0xD8, 0xEE, 0xD3, 0xEE,
    0x61, 0x71, 0x81, 0x83, 0x3D, 0xBE, 0x3B, 0xD6, 0xF7, 0x47, 0x81, 0xA4, 0x00, 0x92, 0xC6, 0x87,
    0x3E, 0xB5, 0xC9, 0x0C, 0x2C, 0x37, 0xE0, 0x21, 0x38, 0x8B, 0xBE, 0x0F, 0x2F, 0xF3, 0xFA, 0xAC,
    0xF0, 0xCE, 0x0A, 0x13, 0xEB, 0xB1, 0x10, 0x30, 0xD5, 0x60, 0xC5, 0x07, 0x23, 0xED, 0x34, 0x63,
    0x44, 0x93, 0xFF, 0xD3, 0x3B, 0x63, 0x8B, 0x0F, 0x1E, 0xEB, 0x01, 0x66, 0xD3, 0xD3, 0x8C, 0xDE,
    0xF7, 0xD7, 0x32, 0x1A, 0x69, 0x51, 0x0E, 0xAE, 0x9B, 0xCB, 0xD6, 0x35, 0xCB, 0xF7, 0x4C, 0xC2,
    0x51, 0xF7, 0x48, 0xF4, 0xA0, 0x21, 0x93, 0x93, 0x2B, 0xA5, 0x06, 0x8E, 0x32, 0x96, 0x5B, 0x22,
    0xBD, 0xDE, 0xE8, 0xE8, 0xA7, 0x54, 0x9C, 0x57, 0x9A, 0xDC, 0xCF, 0x95, 0x9E, 0x41, 0xE4, 0x48,
    0xD2, 0xE1, 0x01, 0x2D, 0xF8, 0xA5, 0x3B, 0x69, 0x2F, 0x2F, 0x42, 0x67, 0x18, 0x48, 0xF7, 0xF3,
    0x7C, 0xC3, 0x99, 0xAA, 0xA9, 0xC9, 0xAC, 0xE0, 0xC0, 0xFE, 0x13, 0x1E, 0xE2, 0x3F, 0x94, 0x63,
    0xF4, 0x7B, 0xF7, 0x73, 0xF7, 0x27, 0xEE, 0xB4, 0xDD, 0x66, 0x22, 0xE8, 0xDE, 0xE5, 0xE5, 0xA5,
    0xBD, 0xA4, 0x08, 0x1E, 0x5A, 0x60, 0xFF, 0x9B, 0xBB, 0xDE, 0xAA, 0xB6, 0x30, 0xAA, 0x7F, 0xB0,
    0x09, 0x20, 0xA3, 0x9F, 0x03, 0xF0, 0x97, 0xFC, 0xC8, 0x2B, 0x1B, 0x28, 0x24, 0x72, 0x48, 0x24,
    0x91, 0xC8, 0x22, 0x81, 0x46, 0x72, 0xE0, 0x91, 0x1C, 0x88, 0x24, 0x9A, 0x31, 0xA9, 0x24, 0x72,
    0x49, 0x24, 0x93, 0xC8, 0x26, 0x81, 0x4E, 0x02, 0xCC, 0x01, 0xC8, 0x28, 0x91, 0x52, 0x22, 0xA7,
    0x44, 0x52, 0xC9, 0x81, 0x55, 0x72, 0xA4, 0x95, 0xC8, 0x2B, 0x9D, 0xB7, 0x3C, 0x20, 0x2C, 0xEF,
    0x9C, 0xC9, 0x01, 0x53, 0x09, 0xD8, 0x5E, 0xC3, 0x3D, 0x38, 0xFF, 0x1B, 0xB4, 0x3B, 0x8B, 0x3B,
    0x63, 0x72, 0x31, 0x0B, 0x2F, 0x63, 0x0C, 0xDD, 0x10, 0x3E, 0xF2, 0x96, 0x5A, 0x1C, 0xDA, 0x4B,
    0x61, 0x5C, 0x28, 0x46, 0x76, 0x07, 0x1D, 0x9F, 0x8E, 0x07, 0xF7, 0xB5, 0x5A, 0x22, 0xD6, 0x86,
    0x68, 0xDC, 0xD3, 0x7B, 0x7D, 0xA9, 0xDE, 0x3D, 0xA9, 0x4D, 0x55, 0x8C, 0xB1, 0x17, 0xA9, 0xC3,
    0xD8, 0x34, 0xE3, 0x69, 0x72, 0x5F, 0xE9, 0x98, 0xB9, 0x96, 0x0F, 0xC5, 0xB1, 0x15, 0x1B, 0xD8,
    0x4E, 0xB0, 0x9C, 0x7E, 0x75, 0xDE, 0x51, 0x47, 0xCA, 0x26, 0xE1, 0xE9, 0x8D, 0x83, 0xEA, 0x48,
    0xF3, 0xD5, 0x0D, 0x3D, 0x11, 0xE3, 0x9D, 0x44, 0x42, 0x42, 0x13, 0x4E, 0xB6, 0x54, 0xAF, 0x3C,
    0xFF, 0x78, 0x09, 0x2F, 0x2E, 0xE3, 0xC1, 0xC6, 0x39, 0xC6, 0x33, 0xFE, 0xEB, 0xE5, 0x0F, 0x65,
    0x48, 0x27, 0x06, 0xC8, 0x77, 0xBA, 0x44, 0x86, 0xC8, 0x51, 0x3A, 0xDA, 0x58, 0x05, 0x9D, 0x33,
    0x12, 0x9F, 0xAA, 0xA5, 0x32, 0xF7, 0x21, 0x57, 0x1D, 0x4D, 0x18, 0x17, 0xB6, 0x31, 0x1B, 0xDB,
    0xA8, 0xE3, 0x4C, 0x9E, 0xE9, 0x16, 0xF6, 0xE4, 0x49, 0x37, 0xE8, 0x96, 0xE7, 0x32, 0x88, 0x2D,
    0x1A, 0x1F, 0x21, 0x29, 0x7A, 0x9D, 0xC4, 0x0E, 0xF8, 0xEA, 0x06, 0x0E, 0xEF, 0x13, 0xA7, 0xA6,
    0x20, 0x5F, 0x91, 0x46, 0x17, 0xD1, 0x4D, 0xB8, 0x94, 0xB9, 0x5C, 0x9C, 0x12, 0x9F, 0x43, 0xB1,
    0x9A, 0x49, 0xB6, 0xE5, 0x82, 0x8D, 0xDC, 0x2F, 0xD8, 0xC7, 0x65, 0xAA, 0x16, 0x04, 0xEB, 0xD4,
    0x1E, 0xD7, 0x6E, 0xD3, 0xB7, 0x57, 0x5F, 0xC5, 0x6C, 0x50, 0x1F, 0x5B, 0x71, 0x42, 0xA0, 0xDC,
    0x8F, 0x40, 0xF5, 0x4A, 0xFE, 0xB1, 0x9B, 0x74, 0x98, 0x8E, 0xCD, 0xE4, 0x2C, 0x47, 0xD8, 0x2F,
    0x16, 0x1E, 0x1D, 0xD4, 0x3E, 0xE5, 0x0B, 0xA5, 0x0E, 0xE5, 0x57, 0xAA, 0x8C, 0x83, 0x6C, 0xC6,
    0x2F, 0xEA, 0xA6, 0xFF, 0x00, 0x36, 0x9A, 0x7C, 0x02, 0x24, 0xE9, 0x50, 0x08, 0x66, 0x6A, 0xB7,
    0xE9, 0x14, 0x71, 0x99, 0xCA, 0x7C, 0x31, 0x16, 0xD5, 0xB0, 0xD1, 0xDF, 0xA9, 0xA5, 0xAB, 0xA3,
    0x3E, 0x23, 0x87, 0x2B, 0x9B, 0xE0, 0xD9, 0x65, 0xA3, 0x89, 0x98, 0x2B, 0x1B, 0x70, 0x03, 0x36,
    0x0B, 0xB0, 0x23, 0xCA, 0x62, 0x33, 0xC3, 0xC9, 0x6C, 0x46, 0x10, 0xA3, 0x5D, 0x0B, 0xD8, 0x2A,
    0x22, 0x31, 0x6E, 0x71, 0xF6, 0x5C, 0x0D, 0xD1, 0xAF, 0xEE, 0xDB, 0x8F, 0xE4, 0x23, 0x64, 0x63,
    0x31, 0xE9, 0x22, 0x3C, 0xAE, 0x37, 0x86, 0x76, 0xC5, 0x3D, 0x3D, 0x16, 0x3B, 0xA3, 0x3A, 0xEB,
    0x40, 0x48, 0xC3, 0xF5, 0xFB, 0x5B, 0x9A, 0x9D, 0xA5, 0x56, 0x18, 0x24, 0x32, 0x76, 0x57, 0x17,
    0x6A, 0x57, 0x8D, 0xDD, 0xBF, 0x56, 0x28, 0xC4, 0xED, 0x00, 0xAB, 0x1E, 0x0D, 0x90, 0x17, 0x78,
    0xB0, 0x17, 0x97, 0xA7, 0xF6, 0xDE, 0xB4, 0x10, 0x2F, 0xB6, 0x9B, 0x34, 0x9C, 0x65, 0x84, 0x09,
    0x40, 0xBE, 0x18, 0x14, 0xF4, 0xFF, 0x88, 0xB4, 0x1A, 0x55, 0xAE, 0x2C, 0xA2, 0x57, 0x1F, 0x84,
    0xA9, 0x75, 0xD2, 0x12, 0x4A, 0xF9, 0xBB, 0xCB, 0x66, 0x45, 0x3E, 0xF2, 0x68, 0xD2, 0x96, 0x5E,
    0x6D, 0xEB, 0x47, 0x7A, 0x19, 0x8F, 0xAB, 0xDC, 0xE7, 0x9B, 0x69, 0xDC, 0xE4, 0x42, 0xB1, 0x69,
    0x73, 0x4C, 0x9D, 0x1E, 0x87, 0x85, 0x72, 0x94, 0x36, 0x8A, 0xB8, 0x21, 0x3E, 0x8B, 0x53, 0xFE,
    0xF5, 0xB0, 0xF6, 0x5B, 0x65, 0x11, 0x08, 0x52, 0x12, 0xFD, 0x8A, 0x6D, 0xEA, 0xEB, 0x5B, 0x84,
    0x6F, 0xD3, 0xD9, 0x0E, 0x01, 0xE5, 0xE8, 0x10, 0x34, 0x53, 0xD8, 0x24, 0x12, 0x19, 0xE2, 0x66,
    0x08, 0x68, 0xB3, 0xC5, 0x79, 0x03, 0x14, 0x9A, 0x6D, 0x39, 0x06, 0x85, 0xFC, 0xB5, 0x7C, 0xA9,
    0xEF, 0xCC, 0xDC, 0x28, 0x03, 0x99, 0x00, 0x23, 0x21, 0x93, 0x56, 0x21, 0x17, 0x9B, 0xCF, 0x76,
    0xE0, 0xF3, 0x6B, 0x87, 0x74, 0x54, 0xBB, 0x51, 0x02, 0xBD, 0xA5, 0xD4, 0xDE, 0x6A, 0x00, 0x72,
    0x26, 0xC4, 0x4E, 0x1B, 0xBD, 0x9B, 0x09, 0x4C, 0xC5, 0xB3, 0x65, 0x82, 0x90, 0x6E, 0x15, 0xF2,
    0x59, 0x7A, 0x35, 0xDE, 0x43, 0x00, 0xA6, 0xBC, 0xB4, 0x2A, 0x2C, 0x6C, 0x89, 0xFF, 0xDE, 0xCD,
    0xF8, 0xEF, 0xC8, 0xDA, 0x7E, 0x76, 0x9A, 0x40, 0x1C, 0x52, 0x09, 0xB3, 0x25, 0x83, 0x18, 0xB6,
    0x72, 0x84, 0x1C, 0xBA, 0x63, 0x64, 0xD5, 0xCC, 0x84, 0xC5, 0xA2, 0x7D, 0xB3, 0x55, 0x9A, 0x8E,
    0x2F, 0xB2, 0xE3, 0x7D, 0xB9, 0xAA, 0x1F, 0xCA, 0xE7, 0xFA, 0xEE, 0xA6, 0x29, 0xC5, 0x6E, 0xB2,
    0x38, 0x9D, 0x09, 0xF8, 0x60, 0xB9, 0x82, 0x16, 0xAB, 0xD3, 0x55, 0xDD, 0xA6, 0xE5, 0x68, 0xF8,
    0x2F, 0x3C, 0x00, 0xFC, 0x52, 0x20, 0x89, 0x7F, 0x58, 0xB8, 0xCD, 0x8D, 0xC4, 0x21, 0xFA, 0xD9,
    0x42, 0x29, 0xB8, 0x7F, 0xB7, 0x18, 0x6E, 0x9E, 0x11, 0x3C, 0xB5, 0x17, 0xA6, 0x27, 0x1A, 0xEA,
    0x34, 0x83, 0x9A, 0x06, 0x8B, 0xE4, 0x21, 0x62, 0x28, 0x93, 0x1A, 0x27, 0x02, 0xDE, 0x40, 0x33,
    0xE6, 0x1F, 0xCA, 0x73, 0xF7, 0x72, 0x7A, 0x5A, 0x34, 0x2F, 0x17, 0xA9, 0x15, 0x0F, 0x41, 0x10,
    0x0F, 0x6C, 0x71, 0x41, 0xA3, 0xF4, 0xF2, 0x39, 0xB5, 0xB7, 0x58, 0x4D, 0x76, 0x07, 0x88, 0x2E,
    0x48, 0xAE, 0xDB, 0x22, 0xB9, 0x7D, 0x62, 0xE3, 0x47, 0x52, 0xC3, 0x04, 0x5C, 0x00, 0x33, 0xC7,
    0x18, 0xCA, 0xD5, 0x45, 0x71, 0x50, 0x7F, 0x0A, 0x73, 0x48, 0xF8, 0xFC, 0x8E, 0xD9, 0xD5, 0x01,
    0x39, 0x62, 0x85, 0x8C, 0x0A, 0xDE, 0x60, 0xC0, 0xA2, 0xF7, 0xAF, 0x5B, 0xA5, 0xE5, 0x00, 0xBF,
    0x9A, 0x7F, 0xCF, 0x7C, 0xCE, 0x3E, 0xB8, 0x9E, 0xFB, 0x4F, 0x99, 0x80, 0x0F, 0x04, 0x14, 0xD2,
    0xCC, 0x06, 0xD5, 0xA2, 0xB0, 0xD9, 0xC3, 0x54, 0x6B, 0x2E, 0x0A, 0x8B, 0xF9, 0xC6, 0x7E, 0xB1,
    0xDB, 0xF9, 0xD9, 0xC9, 0xF4, 0x73, 0x85, 0x46, 0x2C, 0x08, 0x5C, 0xD2, 0x53, 0xF9, 0xEC, 0x56,
    0xC6, 0x06, 0x39, 0x39, 0xB2, 0x11, 0x58, 0x1C, 0x03, 0x7F, 0x00, 0x6C, 0x00, 0xAE, 0x4B, 0x88,
    0xFF, 0x09, 0x6C, 0xA4, 0x85, 0xB6, 0xAF, 0xFE, 0x3F, 0xA3, 0x84, 0x12, 0x45, 0x09, 0x67, 0xD6,
    0xB2, 0xA0, 0x94, 0x25, 0x83, 0x5E, 0xF0, 0x1A, 0xF7, 0x41, 0x92, 0xFE, 0x73, 0x48, 0x7A, 0x09,
    0xAF, 0x53, 0x0C, 0x30, 0xF5, 0x6F, 0x99, 0x49, 0xC0, 0x5A, 0x60, 0xE7, 0x75, 0x70, 0x83, 0x71,
    0x78, 0x0F, 0x16, 0x05, 0x03, 0x03, 0x9E, 0x6F, 0x5F, 0xDB, 0x46, 0xEE, 0x6C, 0x04, 0x62, 0x86,
    0x70, 0xF3, 0x57, 0x8B, 0xF8, 0x2D, 0xB6, 0xA9, 0x7B, 0xCE, 0x7D, 0x04, 0xDA, 0x2E, 0x5D, 0xF0,
    0xC9, 0x82, 0x0C, 0x5D, 0x73, 0xC4, 0x36, 0x85, 0x0F, 0x82, 0x7E, 0x62, 0x8D, 0x07, 0x8F, 0x96,
    0x37, 0xDB, 0x81, 0xAE, 0x7F, 0x7A, 0x16, 0x6B, 0xF5, 0x71, 0x6C, 0x9B, 0xCA, 0x4D, 0x3A, 0x7A,
    0x37, 0x95, 0x8F, 0x61, 0x6E, 0x76, 0x35, 0x60, 0x17, 0xFB, 0x66, 0xCB, 0xE8, 0x15, 0xFE, 0x39,
    0x0A, 0xF4, 0x57, 0xAB, 0xC1, 0xCD, 0x7F, 0x0E, 0xB1, 0xAF, 0xAD, 0x06, 0x72, 0x1F, 0x7B, 0x2A,
    0x2B, 0x5E, 0x53, 0xC2, 0x05, 0xF6, 0x03, 0xDD, 0x10, 0x1C, 0xB8, 0xDF, 0x08, 0x73, 0x19, 0xEC,
    0xB1, 0x0B, 0xE6, 0xFD, 0x95, 0x28, 0x6F, 0x03, 0x4F, 0xBA, 0x60, 0xF7, 0x91, 0x15, 0xF2, 0xE9,
    0x56, 0xFB, 0xB8, 0xF3, 0xD2, 0x36, 0x98, 0x2E, 0x22, 0x0B, 0xC5, 0xD3, 0xE3, 0x21, 0xE6, 0x9D,
    0x73, 0xF6, 0x47, 0xCB, 0xD4, 0x02, 0x47, 0xFF, 0x97, 0x0B, 0x2C, 0x12, 0xC1, 0xA4, 0xF0, 0xE1,
    0x9A, 0xFB, 0xD5, 0x69, 0x03, 0x1D, 0xF8, 0x3D, 0xBD, 0xEC, 0xE6, 0x7C, 0xAB, 0x46, 0xFA, 0xAC,
    0x53, 0xE3, 0xB0, 0xBB, 0xF8, 0x17, 0x82, 0x63, 0xEA, 0x83, 0xA7, 0xEA, 0x60, 0x0E, 0x20, 0x75,
    0x67, 0xF3, 0x53, 0xAB, 0x29, 0x33, 0x2A, 0xB7, 0xE6, 0xAE, 0x27, 0x43, 0xC4, 0xC8, 0xF0, 0x3E,
    0xCD, 0x4A, 0x85, 0x22, 0x96, 0x85, 0xBD, 0x73, 0x2D, 0x4D, 0x7A, 0xEF, 0xA7, 0xD2, 0xC7, 0x4C,
    0xFB, 0x0D, 0x38, 0xB4, 0x06, 0xD5, 0x64, 0x0A, 0x0A, 0x55, 0x80, 0xCC, 0x88, 0x5B, 0xED, 0xDA,
    0x5E, 0xFE, 0x5E, 0x3F, 0x9F, 0x73, 0xF6, 0x76, 0x54, 0xC7, 0xD7, 0xCB, 0xB9, 0x62, 0xBA, 0xAD,
    0xF4, 0x7B, 0xCA, 0xE2, 0x17, 0xD6, 0xA7, 0xEC, 0xDB, 0xBD, 0xCF, 0xE8, 0x11, 0xB8, 0xBD, 0x2F,
    0xD0, 0x6F, 0xA1, 0x0F, 0x2E, 0x01, 0x64, 0x83, 0xDE, 0xA3, 0x9F, 0x43, 0x1F, 0x78, 0xEC, 0xCE,
    0x7A, 0x32, 0x48, 0x47, 0xEB, 0x5B, 0x93, 0xCB, 0xEE, 0x6B, 0x7E, 0x23, 0x83, 0xBF, 0x3C, 0xD9,
    0x3B, 0xF6, 0x36, 0xAE, 0x91, 0xF4, 0xFC, 0x56, 0x56, 0x74, 0xDD, 0x55, 0x74, 0x51, 0x65, 0x68,
    0x54, 0x18, 0x1A, 0xD5, 0xC5, 0x46, 0x65, 0xA1, 0x51, 0x55, 0xD6, 0xA8, 0x28, 0x1B, 0xBF, 0xF6,
    0x22, 0xAE, 0xBB, 0x22, 0xAE, 0xA8, 0x86, 0xCB, 0xCB, 0x7C, 0x66, 0x18, 0x0A, 0x25, 0x30, 0x81,
    0xCF, 0x0D, 0x25, 0x1A, 0x0E, 0xFB, 0x50, 0xFA, 0xEB, 0xA5, 0x5B, 0x51, 0xE5, 0x56, 0x54, 0xB8,
    0x15, 0xD5, 0x6D, 0x45, 0x65, 0x5B, 0x51, 0xD5, 0x56, 0x54, 0xB4, 0x15, 0xD5, 0x6C, 0x45, 0x25,
    0x5B, 0x51, 0xC5, 0x56, 0x54, 0xB0, 0x15, 0xD5, 0x6B, 0x45, 0xE5, 0x5A, 0x51, 0xB5, 0x56, 0x54,
    0xAC, 0x15, 0xD5, 0x6A, 0x45, 0xA5, 0x5A, 0x51, 0xA5, 0x56, 0x54, 0xA8, 0x15, 0xD5, 0x69, 0x45,
    0x65, 0x5A, 0x71, 0x95, 0x56, 0x5C, 0xA4, 0x15, 0xD5, 0x68, 0x45, 0xCD, 0x1F, 0x4F, 0x64, 0x94,
    0x02, 0x31, 0xAF, 0xE3, 0x5D, 0x7B, 0x38, 0x8D, 0xD8, 0x4E, 0xEE, 0x8E, 0x34, 0x31, 0xF9, 0x1C,
    0x23, 0xF1, 0x1C, 0xC4, 0x20, 0x0B, 0x01, 0x8B, 0xB8, 0x3A, 0x18, 0x6B, 0x4D, 0x3A, 0xBB, 0x5B,
    0xC0, 0x9D, 0x78, 0xB1, 0x35, 0x6E, 0x3D, 0x1D, 0x43, 0xA0, 0xC9, 0x23, 0x41, 0x44, 0x40, 0xB8,
    0x82, 0x05, 0x7A, 0x30, 0x50, 0xED, 0x3C, 0xD1, 0xE0, 0xF3, 0xA8, 0x00, 0x83, 0x6C, 0xE3, 0xF1,
    0x00, 0x2D, 0xC2, 0x60, 0x6D, 0x0B, 0x61, 0xA8, 0x43, 0xC7, 0xF6, 0x64, 0x14, 0x98, 0x29, 0x3A,
    0x93, 0x2F, 0x2F, 0x2F, 0x6D, 0x15, 0x23, 0xD3, 0xAE, 0xE3, 0x7D, 0xA3, 0x18, 0x58, 0xAE, 0x86,
    0xEB, 0xA2, 0x60, 0x0D, 0xD7, 0x65, 0xC9, 0x1A, 0xEB, 0xAD, 0xB8, 0xC6, 0x42, 0x30, 0x61, 0x89,
    0x35, 0x77, 0xD6, 0x93, 0x76, 0xEF, 0xC6, 0x7D, 0xB5, 0xB5, 0xD7, 0x08, 0x86, 0x26, 0x43, 0x28,
    0x3F, 0x04, 0xDB, 0x88, 0x71, 0x9D, 0x9A, 0xFA, 0x26, 0xBB, 0x4E, 0x21, 0xCE, 0x28, 0x21, 0x97,
    0xCA, 0xFF, 0xCA, 0x62, 0x6A, 0xE9, 0x19, 0xD5, 0xC1, 0xD8, 0xF9, 0xF3, 0x25, 0x80, 0xEF, 0x29,
    0xDB, 0xFA, 0x5D, 0xC9, 0xC4, 0x9E, 0x47, 0x3C, 0x8C, 0x87, 0xA1, 0x90, 0x4A, 0xE4, 0x29, 0x4E,
    0x83, 0x43, 0x0A, 0x74, 0x07, 0xC1, 0x03, 0xEF, 0xB2, 0x35, 0x9C, 0xF1, 0x73, 0x33, 0x41, 0xB6,
    0xDD, 0xB8, 0x3B, 0x16, 0x19, 0x90, 0x59, 0x0A, 0xA8, 0xB4, 0x49, 0x30, 0x41, 0xCC, 0x2C, 0xBA,
    0xD1, 0xE4, 0xA3, 0x43, 0xC5, 0x8C, 0xC5, 0xFF, 0x25, 0xBC, 0x91, 0xB6, 0x81, 0x35, 0x7E, 0x28,
    0x83, 0x99, 0x5C, 0x26, 0xB5, 0x61, 0xB5, 0x5E, 0xE3, 0xA8, 0x5A, 0xF8, 0xCB, 0x6B, 0x5C, 0xCC,
    0x40, 0x87, 0x8B, 0x6A, 0x8F, 0x88, 0xB5, 0x86, 0xD8, 0x4D, 0xC1, 0x64, 0xAE, 0xE1, 0x00, 0xD1,
    0xC8, 0xF3, 0xB0, 0x28, 0x1D, 0x63, 0x8C, 0x5B, 0x36, 0x71, 0x50, 0xAC, 0xA7, 0xA5, 0x2E, 0xD0,
    0xEE, 0xB5, 0xCA, 0x48, 0xD4, 0x7B, 0xD0, 0x4F, 0x44, 0xAB, 0x6A, 0x60, 0xDC, 0xE2, 0x22, 0xB7,
    0x30, 0x88, 0x4A, 0xDB, 0x42, 0x4D, 0x14, 0x0B, 0xA2, 0xA2, 0x6A, 0x28, 0x96, 0x42, 0x45, 0x75,
    0x50, 0x2C, 0x82, 0x8A, 0xEA, 0xD6, 0x58, 0xFE, 0x14, 0x55, 0xAB, 0xB1, 0xF0, 0x29, 0xAA, 0x51,
    0x63, 0xC9, 0x53, 0x54, 0x99, 0xC6, 0x62, 0xA7, 0xA8, 0x1E, 0x8D, 0x65, 0x4E, 0x51, 0x15, 0x5A,
    0x28, 0x70, 0xDA, 0xAB, 0x9B, 0x42, 0x69, 0x53, 0xA8, 0x6B, 0x0A, 0xC5, 0x66, 0x1C, 0x24, 0x12,
    0x95, 0x98, 0x85, 0x5A, 0x26, 0x0C, 0x58, 0x05, 0xC3, 0x93, 0x48, 0xBB, 0x6F, 0x2C, 0x09, 0x89,
    0x0C, 0x06, 0xBD, 0x58, 0x1C, 0xC3, 0xE3, 0x6E, 0xDC, 0x50, 0x27, 0x84, 0x1A, 0x21, 0xF8, 0x6F,
    0xA8, 0x0D, 0x42, 0x5D, 0x10, 0x6A, 0x82, 0x50, 0x0F, 0x84, 0x5A, 0xA0, 0x2C, 0x2A, 0xCE, 0x88,
    0xFF, 0xA0, 0xEE, 0x07, 0x35, 0x3F, 0x71, 0x7E, 0x08, 0xEA, 0x7C, 0x50, 0xE3, 0x83, 0xFA, 0x1E,
    0xD4, 0xF6, 0xA0, 0xAE, 0x07, 0x9C, 0x00, 0x5A, 0xDE, 0x02, 0xFD, 0x10, 0x1B, 0x19, 0x36, 0xAD,
    0x38, 0x77, 0x33, 0x6C, 0x4E, 0x7D, 0x08, 0x9E, 0x03, 0x2F, 0x82, 0x73, 0x83, 0x8F, 0xE9, 0xFD,
    0xE2, 0x53, 0x79, 0xD1, 0x77, 0x86, 0x65, 0xED, 0x0D, 0xBD, 0x0B, 0xF8, 0x03, 0x60, 0xBD, 0xE0,
    0xF2, 0xBF, 0x9E, 0x78, 0xBB, 0x70, 0xFD, 0xDB, 0x1B, 0x64, 0xB7, 0xF7, 0x7F, 0x0C, 0xAE, 0x23,
    0x88, 0x9E, 0x36, 0x85, 0xC7, 0x61, 0xF6, 0x17, 0x8E, 0x7E, 0xAC, 0x60, 0xB6, 0x76, 0xC1, 0xD0,
    0x6C, 0x28, 0xA5, 0x49, 0x96, 0x52, 0x8F, 0x54, 0x63, 0xDE, 0x3B, 0x97, 0xF5, 0xB9, 0x9E, 0x59,
    0xFB, 0x42, 0xFB, 0xA1, 0x54, 0xEF, 0xF5, 0xAA, 0x43, 0xC5, 0x1C, 0xF4, 0xFA, 0xC6, 0x55, 0x0B,
    0xA1, 0x9D, 0x77, 0xE7, 0x62, 0xB7, 0x37, 0x72, 0xEB, 0x62, 0xD7, 0x2E, 0x76, 0xEF, 0x62, 0x5E,
    0x28, 0x72, 0xF3, 0xE0, 0xEA, 0xFD, 0x96, 0xC2, 0xF0, 0x77, 0x61, 0xF8, 0x78, 0x5D, 0xC4, 0x82,
    0x4A, 0x03, 0x0F, 0x04, 0x0E, 0x2E, 0x1D, 0xEF, 0x4C, 0x4D, 0x0F, 0xDC, 0xDE, 0x89, 0xF0, 0x7C,
    0xD4, 0xC4, 0xBD, 0x3A, 0x65, 0x7E, 0x3E, 0x4D, 0x99, 0x5F, 0x0E, 0x5C, 0x5E, 0x73, 0x0A, 0xA4,
    0x9C, 0xCC, 0x25, 0xF8, 0xDC, 0x8F, 0x81, 0x78, 0x27, 0x03, 0xDD, 0x82, 0x50, 0xA7, 0x6E, 0x72,
    0x73, 0x8F, 0x56, 0xE4, 0x3F, 0xDB, 0xF6, 0x0D, 0x42, 0xBD, 0x13, 0xB1, 0x49, 0x24, 0x5F, 0x19,
    0xA1, 0x9E, 0x4A, 0x21, 0xAD, 0x7E, 0x7C, 0x2B, 0x34, 0x7E, 0xED, 0x8A, 0x05, 0x84, 0xBA, 0x1F,
    0x41, 0xA8, 0x37, 0x03, 0x08, 0x75, 0x39, 0x1A, 0x91, 0x7E, 0x90, 0xDA, 0x30, 0xDD, 0x40, 0xA8,
    0x17, 0x0B, 0x08, 0xF5, 0x6A, 0x02, 0xA1, 0xEE, 0x07, 0x23, 0xD4, 0x67, 0x70, 0x6D, 0xB2, 0x4A,
    0x6D, 0x84, 0xBA, 0x88, 0xDD, 0xBB, 0x91, 0x05, 0xEE, 0x28, 0x59, 0x92, 0x52, 0x50, 0x14, 0x9D,
    0x93, 0x50, 0x4F, 0x95, 0x50, 0x1F, 0x78, 0xF4, 0xAE, 0x61, 0xC5, 0x93, 0xBD, 0xF2, 0x7B, 0x9F,
    0xC7, 0x3B, 0x57, 0xB1, 0x57, 0xA1, 0x02, 0x77, 0xDA, 0x39, 0x05, 0xB5, 0x46, 0x17, 0x3E, 0x2C,
    0xA6, 0x3C, 0x2C, 0xA7, 0x6B, 0x6C, 0x86, 0x7F, 0x06, 0x69, 0xAB, 0x2D, 0x7D, 0x6E, 0x2B, 0xBB,
    0xCC, 0xD7, 0x49, 0x73, 0x6F, 0xA4, 0x79, 0x63, 0xA4, 0xB9, 0x28, 0x69, 0x7E, 0x78, 0xA1, 0x36,
    0x93, 0xFD, 0x97, 0xF6, 0xC5, 0x2F, 0x95, 0x34, 0xAF, 0x7E, 0xAA, 0xA4, 0x79, 0x63, 0xA4, 0xF9,
    0xA2, 0xA4, 0xF9, 0x7F, 0xCF, 0x4A, 0x9A, 0xBF, 0x18, 0x2B, 0x9D, 0xAF, 0xBD, 0x5F, 0x8C, 0x80,
    0x9D, 0x4D, 0x38, 0xE3, 0x49, 0xB9, 0x56, 0x2A, 0xA6, 0xA8, 0xFF, 0xD0, 0x03, 0x58, 0x09, 0xEA,
    0x09, 0xEE, 0xC2, 0xF5, 0x7D, 0x70, 0x3A, 0xE0, 0xB9, 0xD7, 0x3D, 0x25, 0x98, 0x65, 0x67, 0xBF,
    0x08, 0xE5, 0x90, 0x0D, 0x37, 0x8F, 0x4C, 0x58, 0x72, 0xCB, 0x0C, 0xF8, 0xBA, 0xE8, 0x6F, 0xED,
    0xCE, 0xBA, 0x3A, 0x5F, 0xEB, 0x45, 0xBB, 0x41, 0x2D, 0x4E, 0xA6, 0x20, 0xA7, 0x66, 0x29, 0xCD,
    0xE0, 0x0E, 0xC8, 0x61, 0xAE, 0xF4, 0x72, 0x43, 0x3A, 0xBF, 0xB9, 0x3B, 0x22, 0x0E, 0x73, 0x10,
    0xFC, 0x4C, 0x3D, 0xAD, 0xD4, 0x13, 0xF4, 0xBD, 0x3A, 0xC3, 0x74, 0x84, 0x05, 0x65, 0x3D, 0x30,
    0xA9, 0xDD, 0xBD, 0xDB, 0xEC, 0x59, 0x35, 0x33, 0x5E, 0x22, 0x6C, 0xD9, 0xAE, 0x02, 0x77, 0xDA,
    0x37, 0x47, 0x5D, 0x2D, 0x74, 0x6E, 0x2C, 0x2E, 0x7B, 0x39, 0xFE, 0xD4, 0x1D, 0xDA, 0x37, 0x55,
    0xFF, 0x9C, 0xFD, 0xC5, 0x92, 0x4A, 0x98, 0xFB, 0x61, 0xEA, 0xEF, 0x33, 0xBF, 0x9A, 0xF3, 0x2D,
    0x9A, 0xF7, 0xDE, 0xDD, 0x98, 0xF6, 0xDE, 0xAE, 0x4F, 0x50, 0x8E, 0xF8, 0xF2, 0x21, 0xCE, 0xCB,
    0xF9, 0x0C, 0x98, 0xC0, 0x08, 0x5B, 0xEA, 0xBF, 0x02, 0xBD, 0x2C, 0xBD, 0x1B, 0x20, 0x1D, 0xCD,
    0x29, 0xC8, 0x46, 0x3B, 0x4D, 0xE6, 0xA6, 0x84, 0xB6, 0x18, 0x14, 0x44, 0x00, 0x76, 0x4A, 0x93,
    0xCB, 0xE6, 0x68, 0x0A, 0xAB, 0x14, 0x36, 0x57, 0xB5, 0xA6, 0x4E, 0xDF, 0xC6, 0x79, 0x0D, 0x61,
    0x5D, 0xFE, 0xA0, 0x36, 0x93, 0xF0, 0xB5, 0x59, 0x48, 0x87, 0x13, 0x89, 0x10, 0xEC, 0x5B, 0x6F,
    0xBE, 0xD8, 0x70, 0x66, 0x22, 0xAC, 0xAE, 0xE8, 0x53, 0x65, 0x58, 0xA6, 0x7C, 0xD5, 0xEB, 0xAA,
    0x0B, 0x52, 0x8A, 0x3A, 0x2B, 0x19, 0xAC, 0xAF, 0x1B, 0xAB, 0x45, 0x9D, 0x69, 0x3B, 0xD5, 0x5A,
    0x44, 0xEA, 0x66, 0x78, 0x34, 0xE1, 0xD6, 0x82, 0xE2, 0x86, 0x66, 0xB4, 0x0C, 0x7F, 0x65, 0x89,
    0x6B, 0xAF, 0xCC, 0x9D, 0x33, 0x4A, 0x05, 0x04, 0x4A, 0xA1, 0x46, 0xB9, 0x8A, 0xDE, 0xCB, 0x3E,
    0xDE, 0xC8, 0x33, 0x1C, 0xD6, 0xD9, 0x7F, 0xCB, 0xFA, 0xC1, 0x58, 0x9B, 0x41, 0x5F, 0xA9, 0x32,
    0x3A, 0x41, 0x8F, 0xBE, 0xF2, 0x54, 0x4C, 0x2A, 0x38, 0x0B, 0xB7, 0x7A, 0xF3, 0x6B, 0x45, 0x6F,
    0x27, 0x61, 0xB8, 0x06, 0xEE, 0x1C, 0xC8, 0xC6, 0x74, 0x4D, 0x64, 0x9F, 0xD0, 0x6A, 0xA2, 0x0A,
    0x49, 0x0D, 0xCE, 0xF3, 0xDD, 0xD4, 0xAB, 0x3E, 0x85, 0x5E, 0xCB, 0x3E, 0x22, 0x33, 0xE6, 0x70,
    0xBA, 0x66, 0x8B, 0xCB, 0x07, 0xB7, 0xE8, 0x86, 0xFF, 0x63, 0xDD, 0x19, 0xDF, 0x3F, 0xD5, 0x26,
    0x94, 0x69, 0xBA, 0x84, 0x2A, 0x55, 0x93, 0xA6, 0x48, 0xD3, 0xA3, 0xA9, 0xD1, 0xB4, 0xA8, 0x4A,
    0x84, 0x0E, 0x1B, 0xFA, 0x77, 0x54, 0xA0, 0xE9, 0xCF, 0xD4, 0x67, 0xDA, 0x33, 0xE5, 0x99, 0xEE,
    0x0A, 0x3E, 0x45, 0x1B, 0x2B, 0xAE, 0xEA, 0xF3, 0x49, 0x8D, 0x06, 0xC5, 0x2A, 0xC6, 0xBC, 0x4A,
    0x1E, 0x59, 0xDF, 0x50, 0x29, 0x51, 0x3B, 0x1F, 0x54, 0x89, 0x8B, 0xBE, 0xFF, 0x5B, 0xFB, 0xAD,
    0x06, 0x95, 0x7D, 0x13, 0x5C, 0x33, 0xEA, 0xF2, 0xDB, 0xCC, 0xE5, 0xA6, 0x04, 0x6E, 0x61, 0x84,
    0xDC, 0x9F, 0x1B, 0x9D, 0xD7, 0x37, 0xBA, 0x1E, 0x8F, 0x99, 0xAE, 0xDC, 0x3C, 0xAE, 0x90, 0xEC,
    0x50, 0x12, 0xCF, 0x2E, 0x2A, 0xD6, 0x3F, 0x95, 0x01, 0x31, 0x72, 0xEB, 0xF1, 0x46, 0xEC, 0xCF,
    0x06, 0x44, 0x8B, 0xB8, 0x7F, 0x75, 0x28, 0x74, 0xC9, 0xB4, 0xDF, 0x98, 0x96, 0xAE, 0x9F, 0x47,
    0x68, 0x96, 0x94, 0x36, 0x29, 0x30, 0xC4, 0x75, 0x0F, 0x22, 0x23, 0xD8, 0xAB, 0x62, 0xCA, 0xCC,
    0x9E, 0x16, 0x57, 0xAA, 0x92, 0xEE, 0xE1, 0x2C, 0x1D, 0x2B, 0x09, 0x1D, 0x54, 0x84, 0x37, 0xC1,
    0x62, 0x4B, 0xF5, 0xA4, 0x24, 0x08, 0xAD, 0x83, 0x6A, 0xA0, 0x99, 0x02, 0x9D, 0x63, 0x57, 0x0A,
    0xD4, 0x81, 0x0E, 0x2A, 0x61, 0xE9, 0x0D, 0xF4, 0x01, 0x75, 0x40, 0x1B, 0xBC, 0x0F, 0x55, 0x11,
    0x82, 0x7E, 0x16, 0x7A, 0xB6, 0xA0, 0xB2, 0x3E, 0x7F, 0x26, 0x32, 0x15, 0x73, 0x3E, 0x17, 0xC7,
    0xC3, 0x5C, 0x39, 0x37, 0x7F, 0xC7, 0xB9, 0xCF, 0x28, 0x74, 0x13, 0xB9, 0xC8, 0xA8, 0xE2, 0x36,
    0x61, 0xF3, 0x40, 0xC7, 0xBF, 0xAD, 0x89, 0x18, 0x34, 0x37, 0xFF, 0x6E, 0x10, 0x6C, 0xB5, 0xE0,
    0xAF, 0xB7, 0xBF, 0x99, 0x89, 0xB3, 0x12, 0x31, 0x51, 0xC6, 0x82, 0x74, 0xD9, 0x9C, 0x30, 0x3C,
    0x1D, 0x2A, 0xD2, 0xFE, 0xC2, 0x74, 0xAA, 0xA6, 0x4F, 0x73, 0x82, 0x5A, 0xCA, 0xE0, 0x86, 0x0A,
    0xF8, 0x30, 0x98, 0xD2, 0x6D, 0xFF, 0x2A, 0x89, 0x6C, 0x4A, 0x56, 0xFA, 0xF0, 0xD8, 0xC5, 0xB1,
    0x89, 0xEB, 0xB5, 0x1B, 0x53, 0x81, 0x31, 0xFD, 0x9B, 0x05, 0x57, 0x9A, 0xBA, 0x1C, 0xDE, 0xB0,
    0x2F, 0x94, 0x38, 0xEF, 0x8E, 0x2E, 0x86, 0x81, 0xCE, 0x17, 0x11, 0xF2, 0x79, 0x42, 0xB6, 0xC5,
    0x1B, 0x0E, 0xAE, 0x8A, 0xDC, 0xD1, 0x5B, 0x6E, 0x07, 0xE1, 0x2C, 0x5A, 0xF0, 0x86, 0x6B, 0x10,
    0x5C, 0x22, 0x1F, 0x0A, 0x84, 0x46, 0x91, 0xA9, 0x53, 0xFA, 0xC0, 0xBD, 0xB1, 0x76, 0x90, 0xCE,
    0x60, 0x66, 0x70, 0x92, 0x52, 0xFC, 0x49, 0xD8, 0xBB, 0x64, 0x86, 0x7F, 0x04, 0x4A, 0xCE, 0x5C,
    0x57, 0x30, 0x71, 0x4D, 0xB4, 0x1E, 0x9C, 0x73, 0x65, 0x9E, 0x11, 0xA5, 0xB6, 0x1D, 0x52, 0xD7,
    0x6D, 0xC4, 0x08, 0x67, 0xC3, 0xF0, 0xF5, 0xB3, 0x54, 0xC6, 0x40, 0xCA, 0xA0, 0x27, 0x1E, 0x03,
    0x9A, 0x12, 0x33, 0x45, 0x78, 0x35, 0xB6, 0x60, 0xAB, 0x6C, 0x60, 0x23, 0x1F, 0xD2, 0x06, 0x44,
    0x7A, 0xE0, 0x0A, 0x6B, 0x7E, 0x04, 0xD6, 0x60, 0x83, 0x7D, 0x23, 0xCB, 0x0D, 0x5C, 0xDB, 0x0C,
    0xC4, 0xBA, 0x0D, 0x34, 0x91, 0x99, 0xF2, 0x26, 0x2C, 0xEF, 0x0C, 0x2C, 0x01, 0x5B, 0x5B, 0xC6,
    0x33, 0x79, 0x6E, 0x91, 0x1A, 0x2D, 0x81, 0x56, 0x04, 0x53, 0x6B, 0x6A, 0xC4, 0xD9, 0x5C, 0x7A,
    0xAF, 0x44, 0x92, 0x5F, 0x5D, 0xB7, 0x54, 0x02, 0x4F, 0xF6, 0x20, 0x1A, 0x38, 0xAF, 0x86, 0x7C,
    0x81, 0x88, 0x63, 0xE5, 0xDF, 0x6F, 0xBF, 0x29, 0x73, 0x37, 0x79, 0x79, 0x21, 0xCB, 0x1F, 0x9B,
    0xCB, 0x67, 0x01, 0x7E, 0x91, 0x6C, 0x76, 0xB2, 0x1C, 0xDA, 0x68, 0x8F, 0x8A, 0xB6, 0xA7, 0xD6,
    0x02, 0xA5, 0xAF, 0xF8, 0x26, 0x21, 0x8F, 0xEE, 0x4C, 0xBE, 0x77, 0xE0, 0xE6, 0x8A, 0x7D, 0xAA,
    0x8B, 0x61, 0x47, 0xDC, 0x5C, 0x57, 0xEB, 0xC7, 0x26, 0x57, 0xD5, 0x98, 0xEA, 0x65, 0x3C, 0xD5,
    0x6F, 0xB7, 0x8A, 0x29, 0x62, 0xE6, 0x1E, 0x0E, 0x48, 0xBB, 0x2E, 0xA7, 0x72, 0x74, 0x55, 0x9B,
    0x8E, 0xEE, 0x07, 0xEE, 0x30, 0xAA, 0x3F, 0xFB, 0xE9, 0x6F, 0x53, 0xC5, 0x81, 0xFA, 0xF0, 0x38,
    0x42, 0xC2, 0xC9, 0x33, 0x51, 0x61, 0x77, 0x3F, 0x48, 0xDF, 0x61, 0x75, 0x1E, 0x8B, 0x05, 0x74,
    0x64, 0x22, 0xA4, 0xDB, 0xAA, 0xF6, 0xD6, 0x17, 0x9C, 0x27, 0x8B, 0x6B, 0xEC, 0x0E, 0xF0, 0xB4,
    0xB0, 0x9F, 0x5B, 0x26, 0xE6, 0x62, 0xB4, 0xE6, 0x76, 0xB0, 0x07, 0x6E, 0xBD, 0x5E, 0xB3, 0xCF,
    0xA6, 0x37, 0xF2, 0xAB, 0x5C, 0x4E, 0x63, 0xC4, 0x9E, 0x53, 0x9E, 0x2F, 0x7C, 0x20, 0xA6, 0x33,
    0xE3, 0x0A, 0x3D, 0x2A, 0xE6, 0x8B, 0xD6, 0xFD, 0xD8, 0x98, 0x12, 0x64, 0xE2, 0xDC, 0x7D, 0x05,
    0x4B, 0x83, 0x70, 0x1D, 0xDC, 0x0E, 0x54, 0x75, 0xD9, 0xC3, 0xDA, 0xB7, 0xC8, 0xAE, 0xC6, 0x58,
    0x4F, 0xD6, 0x7F, 0xEA, 0xEE, 0xD7, 0x6F, 0xA0, 0x1D, 0x3C, 0xF8, 0x19, 0xAC, 0x60, 0xE7, 0xE6,
    0x6A, 0xB8, 0x62, 0x58, 0x59, 0x04, 0xC1, 0x46, 0x88, 0x30, 0xD9, 0x00, 0xAB, 0x71, 0x6C, 0x89,
    0x99, 0x7B, 0x5C, 0x36, 0x44, 0x1E, 0xD1, 0xEF, 0x65, 0x3C, 0x74, 0xF3, 0x06, 0xC5, 0x7D, 0x2D,
    0x96, 0x16, 0x5C, 0x4C, 0x1F, 0xE5, 0x49, 0x64, 0x80, 0x44, 0x26, 0x3D, 0xF6, 0x23, 0xC6, 0x82,
    0xC4, 0x45, 0x40, 0x35, 0x68, 0xC6, 0x86, 0x82, 0x25, 0xB2, 0x0C, 0xF6, 0x6C, 0x7E, 0x63, 0x32,
    0xAF, 0x60, 0x6D, 0x84, 0xDF, 0x75, 0xFF, 0x49, 0x7D, 0xBE, 0x10, 0x1C, 0xA7, 0xCE, 0xC8, 0xE4,
    0x33, 0x00, 0xD7, 0xB3, 0x10, 0x86, 0x5B, 0xE2, 0x98, 0xD5, 0xEF, 0x9E, 0x32, 0x0E, 0xF6, 0x52,
    0x7A, 0x7F, 0x19, 0x34, 0xE3, 0x70, 0x70, 0x72, 0xAC, 0x8E, 0x4E, 0xFA, 0x6F, 0x84, 0x73, 0xDC,
    0xCA, 0x94, 0x0F, 0x14, 0xCA, 0x64, 0xD8, 0xDC, 0x36, 0x78, 0x98, 0x70, 0x57, 0xFB, 0x4C, 0x57,
    0x85, 0x54, 0xEA, 0x46, 0xF3, 0xF0, 0x7C, 0x6F, 0x71, 0x14, 0xFB, 0xB6, 0x63, 0x69, 0x61, 0x55,
    0x51, 0x6B, 0x5A, 0x26, 0x1C, 0xA7, 0xF6, 0x86, 0xA0, 0x55, 0xFB, 0x10, 0x37, 0xE8, 0x18, 0xDA,
    0x84, 0x5D, 0x15, 0x62, 0xDA, 0x2D, 0x01, 0xD5, 0xF3, 0x8F, 0xE5, 0xCB, 0x87, 0xB3, 0xEF, 0x33,
    0x39, 0xE6, 0x93, 0xD7, 0x68, 0x58, 0x3E, 0x7A, 0x73, 0x14, 0xC7, 0xA6, 0x2E, 0xA4, 0x2E, 0xC6,
    0x0F, 0x5C, 0x21, 0x4A, 0x71, 0x28, 0x90, 0x4C, 0x20, 0x8F, 0xB0, 0x13, 0x09, 0x67, 0x38, 0x1E,
    0x90, 0x09, 0x31, 0xC8, 0x04, 0x18, 0x23, 0x48, 0x00, 0xD8, 0x6E, 0x6F, 0x90, 0x4F, 0xB1, 0xF4,
    0x1F, 0xCA, 0xB3, 0x90, 0xE3, 0xBD, 0xC3, 0xF9, 0x96, 0x8F, 0x7C, 0x94, 0x33, 0x90, 0x00, 0x18,
    0xE8, 0x2D, 0xFB, 0x38, 0xDE, 0x86, 0x7D, 0x16, 0x19, 0x64, 0x19, 0x38, 0x55, 0xB0, 0xD2, 0x5C,
    0x0E, 0xAC, 0x4C, 0x13, 0xDD, 0xD5, 0x25, 0x78, 0x66, 0x6A, 0x73, 0x60, 0x97, 0x5C, 0xFF, 0xB6,
    0xC6, 0x96, 0x5D, 0x7E, 0xED, 0xDB, 0x1A, 0x37, 0x8C, 0xDE, 0x7F, 0xD9, 0x7D, 0xC1, 0x6F, 0xD8,
    0x48, 0x65, 0xAB, 0x8D, 0x18, 0x8B, 0x5A, 0xBA, 0xC4, 0x54, 0x01, 0x46, 0x30, 0xBF, 0x85, 0xEF,
    0x09, 0x02, 0xF3, 0x4F, 0x69, 0xBC, 0x6A, 0x15, 0x30, 0x6F, 0x6F, 0xE4, 0x5C, 0x37, 0x25, 0x7A,
    0x32, 0x69, 0x55, 0x1F, 0x62, 0xA7, 0x96, 0xCD, 0xFA, 0xC5, 0xFA, 0xCF, 0xAC, 0xDF, 0xB5, 0x25,
    0x73, 0xF0, 0xE7, 0x28, 0xF2, 0x4A, 0xF6, 0x52, 0x8A, 0x12, 0x2F, 0x26, 0x4B, 0xC8, 0x85, 0x2F,
    0x34, 0xE8, 0xE7, 0x7E, 0x07, 0x15, 0x04, 0xB0, 0xBA, 0x6B, 0xFD, 0xB0, 0xCF, 0x9F, 0x22, 0xFA,
    0x26, 0xCF, 0xE8, 0xBB, 0xF1, 0x2A, 0x31, 0xA3, 0x5D, 0x6C, 0xD8, 0x87, 0x2F, 0xD0, 0xEE, 0xE4,
    0xF1, 0x6E, 0x2A, 0x57, 0xA7, 0x65, 0x04, 0x8F, 0xB9, 0x28, 0x34, 0x2A, 0xAE, 0x4E, 0x2F, 0xB5,
    0xE8, 0x0B, 0xCC, 0xDA, 0x5D, 0xC0, 0x0E, 0x23, 0xCE, 0x64, 0xA4, 0x12, 0x8A, 0x8D, 0x4C, 0x1E,
    0xC2, 0x9D, 0x16, 0x82, 0xFF, 0x1B, 0x39, 0xBA, 0xEF, 0xA7, 0x9C, 0x2F, 0xEC, 0xF0, 0x23, 0xA9,
    0x1A, 0x08, 0x9C, 0x99, 0x91, 0x03, 0xF5, 0xD7, 0xCC, 0x7C, 0x23, 0x3F, 0x07, 0xC1, 0x7F, 0xDF,
    0xB9, 0xF8, 0xBB, 0x14, 0x51, 0x2A, 0xD1, 0xC2, 0xB0, 0x43, 0x62, 0x81, 0xFC, 0x34, 0xC4, 0xAB,
    0x51, 0x30, 0xC1, 0x2F, 0x54, 0x8C, 0x8A, 0x26, 0x02, 0x8F, 0x75, 0x7E, 0x9B, 0x2C, 0x44, 0x16,
    0x0C, 0x48, 0xE1, 0xBA, 0x7B, 0x8D, 0x90, 0x78, 0x0A, 0x5E, 0xA7, 0xBD, 0x7D, 0x48, 0x73, 0xE3,
    0x26, 0xB9, 0x70, 0x3E, 0x35, 0x18, 0x40, 0x2E, 0x4C, 0x15, 0x8C, 0xB2, 0xE7, 0x73, 0x0C, 0xA0,
    0xA6, 0x04, 0x03, 0x6D, 0x43, 0x18, 0xF4, 0x46, 0xEE, 0x5E, 0x7E, 0x2C, 0xA0, 0x77, 0x71, 0x09,
    0xA6, 0x07, 0x86, 0xDC, 0x40, 0x92, 0xBC, 0x1C, 0x90, 0x55, 0x6B, 0x6C, 0x00, 0x85, 0x60, 0x20,
    0x08, 0xD1, 0x9C, 0x79, 0xF6, 0xDF, 0x97, 0xE7, 0x2E, 0xE9, 0xB6, 0x0B, 0xE3, 0xB4, 0x2A, 0x91,
    0x79, 0x1F, 0x9C, 0x1C, 0x28, 0x9B, 0xD6, 0xB8, 0xEF, 0xCD, 0x04, 0x9C, 0xC3, 0x6C, 0x21, 0xD5,
    0x26, 0xD4, 0xF2, 0x47, 0xF5, 0x92, 0x1F, 0x98, 0x26, 0xE0, 0xD2, 0xA7, 0x12, 0xA0, 0x26, 0x7D,
    0x78, 0x13, 0xCA, 0x0D, 0x5A, 0x39, 0x5F, 0x6C, 0x69, 0xBB, 0x60, 0x73, 0x25, 0x20, 0x0C, 0xC9,
    0x84, 0xBE, 0x90, 0x41, 0xC1, 0xA6, 0x8D, 0x3E, 0xB4, 0x6D, 0x3F, 0x6A, 0x32, 0xB6, 0x39, 0xF7,
    0x2A, 0x2C, 0x12, 0x6D, 0xE4, 0xD9, 0x48, 0xB5, 0xA9, 0x47, 0x8E, 0x1D, 0xDA, 0xF6, 0xE7, 0x08,
    0x36, 0x32, 0x6F, 0x24, 0xDF, 0x02, 0xF7, 0xE6, 0xB7, 0x3F, 0x74, 0xDE, 0x62, 0xF4, 0x0A, 0xA5,
    0x4A, 0x12, 0x44, 0xE6, 0xFF, 0x01, 0x75, 0x95, 0x01, 0xA4, 0x27, 0xD7, 0xF5, 0xC7, 0x3F, 0x33,
    0xB3, 0xFB, 0x86, 0x9D, 0x7F, 0x72, 0x17, 0xD9, 0xBF, 0x7F, 0xB2, 0x7F, 0xBD, 0x41, 0x11, 0x92,
    0xEC, 0x40, 0xB0, 0x78, 0xEF, 0x77, 0xA7, 0x81, 0xA2, 0xF0, 0xB0, 0xAF, 0x4A, 0xD1, 0x42, 0x49,
    0xC0, 0x03, 0x58, 0xBC, 0xDD, 0x3B, 0x49, 0x80, 0x16, 0x16, 0x00, 0xE8, 0xA2, 0xAD, 0xAA, 0x52,
    0x08, 0x16, 0xBF, 0xDD, 0x7B, 0x93, 0x00, 0x8A, 0x4E, 0x14, 0x00, 0xA6, 0xB2, 0xA5, 0x28, 0xBD,
    0xDA, 0x91, 0xCE, 0xCA, 0x9D, 0x39, 0x9D, 0xEB, 0xF7, 0xAE, 0x6E, 0x36, 0x72, 0xE6, 0x9E, 0x39,
    0xE7, 0x9D, 0xDF, 0x79, 0xE7, 0x7C, 0xDD, 0xDF, 0xF7, 0x77, 0x8E, 0xF6, 0x98, 0x80, 0x89, 0x18,
    0xA1, 0x91, 0x1E, 0x19, 0xD1, 0x13, 0xC5, 0x42, 0x35, 0xA1, 0x62, 0xFA, 0x40, 0x62, 0x29, 0x63,
    0x23, 0x29, 0x6C, 0x3B, 0x68, 0x04, 0xB4, 0xF4, 0x58, 0xF1, 0x88, 0x1B, 0xAB, 0x45, 0x07, 0x35,
    0x35, 0xB3, 0xF1, 0x55, 0xC4, 0xF5, 0x8A, 0x4A, 0xA6, 0x1D, 0x4A, 0x24, 0xD2, 0x7E, 0x5F, 0x02,
    0x27, 0xB8, 0x94, 0x2B, 0xD1, 0x6D, 0x2A, 0x22, 0xF3, 0xE6, 0x27, 0x19, 0xDC, 0xC1, 0x7A, 0xB9,
    0xB4, 0x17, 0x94, 0xE1, 0x1E, 0xD5, 0x68, 0x51, 0xDE, 0x0C, 0xB6, 0x37, 0x22, 0x28, 0x99, 0x29,
    0xE5, 0x41, 0x8A, 0x04, 0x33, 0xD9, 0xC9, 0x04, 0x35, 0x28, 0x5F, 0x87, 0xCD, 0x46, 0x3B, 0xB5,
    0x49, 0x63, 0xF2, 0x53, 0xAC, 0x89, 0x18, 0xC3, 0x7D, 0xC3, 0x1B, 0x06, 0x56, 0x9A, 0x09, 0xD5,
    0xA3, 0x40, 0x03, 0x57, 0x28, 0x65, 0x50, 0x12, 0xCC, 0x47, 0xF3, 0x13, 0x62, 0x4C, 0x67, 0x8E,
    0x55, 0x90, 0xF3, 0xC1, 0x48, 0xD7, 0xCC, 0x50, 0x46, 0x4C, 0x4F, 0xB3, 0x22, 0x1E, 0xBD, 0x56,
    0x32, 0x60, 0x97, 0x46, 0x3C, 0x32, 0xB5, 0x2B, 0x95, 0x74, 0x36, 0xA0, 0xE6, 0x42, 0x3A, 0x4C,
    0x5F, 0x4D, 0xE0, 0xBA, 0x66, 0x32, 0xBE, 0x1D, 0xDA, 0x20, 0xBD, 0xFA, 0x6A, 0xA5, 0x91, 0x48,
    0x25, 0x61, 0x53, 0x8F, 0xF2, 0xAA, 0xD7, 0x7D, 0xDB, 0xB5, 0x18, 0x0C, 0x3B, 0x94, 0xDF, 0xE0,
    0xCD, 0xEA, 0x83, 0x49, 0xBF, 0x1B, 0xDA, 0x2A, 0x1D, 0x53, 0x8D, 0xBB, 0x7A, 0xD0, 0x1B, 0x66,
    0x48, 0xE8, 0xC1, 0x44, 0x25, 0x60, 0x44, 0x89, 0xA7, 0x91, 0x0F, 0x65, 0x04, 0x19, 0xCD, 0x0C,
    0x7A, 0xAA, 0x17, 0x28, 0x22, 0xB6, 0x43, 0xF9, 0x94, 0x0E, 0xF6, 0xA0, 0xC9, 0xBF, 0xD0, 0x9F,
    0x7E, 0xEB, 0x9D, 0xD1, 0x46, 0x0A, 0x91, 0xAE, 0x16, 0xF1, 0x4A, 0x64, 0x6C, 0xC7, 0x36, 0x18,
    0xEA, 0x94, 0x1F, 0xDE, 0xA3, 0x78, 0xC0, 0xAB, 0xC5, 0xD2, 0x84, 0xB6, 0x37, 0xB8, 0xD9, 0x45,
    0x3B, 0xEB, 0xB1, 0x4E, 0xB7, 0xB9, 0x9A, 0x95, 0x58, 0xCE, 0x6A, 0xB4, 0xDD, 0xC7, 0x40, 0x1D,
    0xF5, 0x16, 0xB1, 0x51, 0xE6, 0x95, 0x85, 0x27, 0x58, 0x4C, 0xAF, 0xC6, 0x6A, 0xE2, 0x61, 0x15,
    0x51, 0x82, 0x96, 0xF4, 0xC6, 0x41, 0xA4, 0x09, 0x98, 0x9E, 0xDB, 0xA4, 0xB7, 0x1B, 0x71, 0x33,
    0x66, 0x41, 0x49, 0x57, 0x88, 0xA7, 0x0D, 0x94, 0xF1, 0x45, 0x4E, 0xAD, 0x99, 0x53, 0xAF, 0xB2,
    0xE3, 0xE4, 0xC6, 0xDE, 0x44, 0x13, 0x99, 0x99, 0x08, 0xD7, 0xD0, 0xB4, 0x98, 0x3B, 0x29, 0x72,
    0xC1, 0x9E, 0x99, 0x1B, 0x67, 0x9D, 0x4B, 0x64, 0xF1, 0xD4, 0x9E, 0xA6, 0x47, 0x75, 0x28, 0xD2,
    0xD1, 0x70, 0x8B, 0x72, 0xA1, 0x11, 0x54, 0x3E, 0xEC, 0xE0, 0x18, 0x02, 0xD5, 0x40, 0xDB, 0xB1,
    0x87, 0x07, 0xC0, 0xF5, 0x6A, 0xD2, 0xC1, 0x74, 0x8F, 0x98, 0x98, 0x58, 0x3B, 0xEB, 0x75, 0xCF,
    0x7B, 0xB0, 0x27, 0x95, 0x7F, 0xD6, 0x19, 0xF1, 0xDB, 0xB9, 0x71, 0x86, 0x95, 0xDE, 0x49, 0x57,
    0x0D, 0x54, 0xA9, 0x19, 0x47, 0x3D, 0x29, 0x2D, 0x7E, 0x2D, 0xAD, 0x0C, 0x54, 0x23, 0xD5, 0xB0,
    0xE1, 0x3A, 0xB5, 0x12, 0x9C, 0x04, 0xA8, 0x92, 0x8E, 0x50, 0x0F, 0xD0, 0xF8, 0xAA, 0x53, 0x5E,
    0xFB, 0xC4, 0x5C, 0xD5, 0xDB, 0x68, 0xB1, 0xB2, 0x60, 0x64, 0xA2, 0x91, 0xC3, 0x57, 0xA9, 0x7A,
    0x12, 0x36, 0x5A, 0xC0, 0xF0, 0x12, 0x06, 0x8B, 0x29, 0xA5, 0x33, 0x3F, 0x90, 0xAE, 0x15, 0x41,
    0xC9, 0x42, 0x21, 0x23, 0x6D, 0xEF, 0x06, 0x09, 0x12, 0xDC, 0xD8, 0xF6, 0x6A, 0xC8, 0xDC, 0x6F,
    0x97, 0xA4, 0xC9, 0x4F, 0x31, 0xAE, 0xA6, 0xD4, 0x46, 0xE6, 0xF6, 0xD3, 0x68, 0x88, 0x8F, 0xD9,
    0x47, 0xE2, 0x52, 0xCE, 0xF6, 0x97, 0xC1, 0x88, 0x6F, 0x16, 0x9A, 0xC9, 0x44, 0xB3, 0x98, 0x85,
    0x58, 0xCD, 0x7A, 0x74, 0x3C, 0x84, 0x19, 0x26, 0x08, 0x14, 0xCF, 0x28, 0xC5, 0x97, 0xA9, 0xD3,
    0x88, 0x1E, 0x7E, 0xE6, 0xBC, 0x08, 0x6E, 0x82, 0x48, 0xBD, 0x05, 0x3C, 0x06, 0x1C, 0x48, 0x81,
    0xFC, 0x03, 0x2B, 0x9D, 0x9E, 0x69, 0x7C, 0x22, 0xB9, 0xEA, 0x75, 0x22, 0x39, 0x3B, 0xAE, 0x9E,
    0x9D, 0xB5, 0x22, 0x46, 0xD6, 0x13, 0x76, 0xC7, 0x1C, 0x5F, 0x70, 0xB1, 0x67, 0x7F, 0x6D, 0xE3,
    0xD8, 0x8E, 0x22, 0xEC, 0x95, 0x9F, 0xE2, 0x46, 0xFF, 0xD8, 0x7E, 0x16, 0x44, 0x64, 0x74, 0xFF,
    0x14, 0xDF, 0xF6, 0x0E, 0xD3, 0xD7, 0xB3, 0x19, 0xF4, 0xA8, 0x83, 0xF3, 0x6A, 0x15, 0xEA, 0xCB,
    0xDF, 0x50, 0x21, 0x03, 0x5C, 0xFB, 0x2D, 0x98, 0x15, 0x44, 0x28, 0x45, 0xFA, 0x3A, 0x3A, 0xAF,
    0x83, 0x19, 0x8D, 0x57, 0xE1, 0x7D, 0xCA, 0x87, 0x33, 0xD5, 0x10, 0x51, 0x3E, 0xD2, 0xF6, 0xF2,
    0x3D, 0xC1, 0xCA, 0xE6, 0x49, 0xA0, 0x96, 0x1E, 0xF4, 0x0A, 0x22, 0xBE, 0x92, 0x74, 0x23, 0x12,
    0xD4, 0xA4, 0x43, 0xDB, 0x57, 0x61, 0x47, 0x19, 0xDE, 0x80, 0x87, 0x85, 0xD0, 0xD6, 0x32, 0xEE,
    0xB5, 0xC8, 0xBC, 0x6B, 0x36, 0x07, 0xE9, 0x8C, 0x48, 0xCC, 0x33, 0x6A, 0xF3, 0x93, 0x84, 0x4B,
    0x3B, 0xDA, 0x4B, 0xAB, 0x0E, 0x36, 0x66, 0xAB, 0x0F, 0x76, 0xE6, 0x5B, 0x24, 0xD7, 0xC9, 0xFF,
    0xEF, 0x0E, 0x76, 0xC8, 0x43, 0xF2, 0xFE, 0xE5, 0x90, 0xAC, 0x25, 0x70, 0xBC, 0x05, 0x37, 0x26,
    0x9D, 0x9D, 0x3A, 0x91, 0x39, 0xE9, 0xE6, 0x6F, 0x72, 0x6A, 0x9E, 0x87, 0x12, 0x00, 0x5E, 0x07,
    0x78, 0x0C, 0xB0, 0x00, 0xD5, 0x0C, 0xD4, 0x01, 0x50, 0x03, 0xD0, 0xF6, 0x80, 0xCD, 0x1F, 0x96,
    0x91, 0x03, 0x27, 0x51, 0x23, 0xD0, 0x7A, 0xC0, 0x00, 0xAC, 0x40, 0x11, 0x81, 0x6A, 0x02, 0x9A,
    0x11, 0xD0, 0x1E, 0x30, 0x1D, 0xE0, 0x00, 0xE2, 0xD7, 0x6B, 0xFB, 0x5C, 0xDB, 0x00, 0xBC, 0xC4,
    0xA5, 0x94, 0x00, 0x54, 0x23, 0xB9, 0x45, 0x2A, 0x93, 0xEB, 0xF0, 0x84, 0x5C, 0x29, 0x95, 0xCA,
    0xB5, 0x12, 0xD0, 0x0C, 0x06, 0x43, 0x86, 0x93, 0xF0, 0x64, 0x40, 0x34, 0x87, 0x44, 0x4F, 0x6E,
    0x8B, 0x05, 0x60, 0x79, 0x2E, 0x31, 0x90, 0xA1, 0xA3, 0x9E, 0x6B, 0x6A, 0x21, 0x37, 0x2D, 0xE7,
    0x9C, 0x98, 0x9B, 0xEA, 0xE7, 0x9A, 0xDE, 0x07, 0xE0, 0xFF, 0x81, 0x2C, 0x57, 0x50, 0x83, 0x0A,
    0xC5, 0xCC, 0xA3, 0xED, 0x09, 0x6F, 0x8E, 0xD6, 0x3F, 0xE6, 0x35, 0x5E, 0x6B, 0x69, 0x77, 0xEC,
    0x4E, 0x38, 0xD9, 0x9D, 0xED, 0x6D, 0x62, 0x48, 0x2C, 0xCE, 0xCE, 0xEE, 0x34, 0x07, 0x22, 0xCC,
    0x0A, 0x3E, 0x56, 0x10, 0x34, 0x84, 0x5B, 0x14, 0x61, 0x77, 0xF6, 0xC3, 0xD1, 0x88, 0x0C, 0x9B,
    0x7A, 0x5E, 0xB9, 0x4A, 0x2D, 0x36, 0xA4, 0xBC, 0x6D, 0xDE, 0xEF, 0x6F, 0xC3, 0xB1, 0x0A, 0xC6,
    0xD7, 0xB3, 0x50, 0xC8, 0x0C, 0x6E, 0x04, 0x19, 0x48, 0xA4, 0xD7, 0x5F, 0x44, 0xDC, 0x07, 0x02,
    0x80, 0x06, 0xA1, 0x9A, 0x69, 0x02, 0x6A, 0x24, 0x9D, 0x40, 0x3D, 0xA5, 0x48, 0x3A, 0x29, 0x88,
    0xED, 0x79, 0x04, 0x40, 0x2D, 0x92, 0x64, 0x6D, 0x5E, 0x20, 0x27, 0xDF, 0x22, 0x6D, 0x26, 0xF7,
    0x0B, 0x56, 0x89, 0x74, 0x5A, 0x84, 0xF6, 0x77, 0x0E, 0x43, 0xCB, 0x2E, 0x0D, 0xE4, 0xED, 0x79,
    0x63, 0x7B, 0x54, 0x2E, 0x3C, 0xA7, 0xD7, 0xC4, 0x37, 0x69, 0x3E, 0xA6, 0xD7, 0x90, 0x88, 0xEE,
    0xD3, 0x7A, 0xCB, 0x1B, 0xEE, 0x5E, 0xE3, 0xF7, 0xCA, 0xC7, 0x74, 0x7A, 0x2B, 0xBD, 0x88, 0x77,
    0xF2, 0xDC, 0xEC, 0xD6, 0xD0, 0xC2, 0x2D, 0x78, 0x9B, 0x4B, 0xA9, 0x3A, 0x40, 0x79, 0x70, 0xAE,
    0x1A, 0x6A, 0x59, 0xB5, 0xD7, 0x22, 0x82, 0x51, 0x12, 0xD9, 0x6B, 0x19, 0x61, 0x07, 0xF0, 0x16,
    0x64, 0x51, 0x64, 0x8E, 0x68, 0xC0, 0x75, 0x9A, 0x5A, 0xC2, 0x3D, 0xD2, 0x95, 0x63, 0x1A, 0x09,
    0x5C, 0xE0, 0x7A, 0xD8, 0x67, 0x56, 0x1C, 0xBC, 0x3B, 0x50, 0x68, 0x19, 0x78, 0xD9, 0xCA, 0xDA,
    0x3D, 0x59, 0x4A, 0x91, 0x38, 0xD2, 0xC8, 0xD8, 0xDD, 0xE1, 0x46, 0x91, 0xFA, 0xBC, 0xEC, 0x44,
    0x7E, 0xB3, 0xCE, 0x38, 0x99, 0x07, 0x4A, 0x19, 0xC8, 0x72, 0x44, 0xD5, 0xB5, 0x87, 0xEF, 0x77,
    0xBC, 0x46, 0xD5, 0x03, 0xE0, 0xAB, 0xA0, 0xE3, 0x9B, 0x7F, 0xAB, 0x7D, 0xE3, 0x9B, 0x5E, 0x75,
    0x8A, 0xEF, 0x02, 0x98, 0x01, 0xA8, 0xA5, 0x03, 0x6E, 0xAE, 0x00, 0xED, 0x0C, 0xE0, 0xC6, 0x4C,
    0xE2, 0x3A, 0x42, 0x29, 0x3D, 0x45, 0x0A, 0x9D, 0x4F, 0xA0, 0x17, 0x60, 0xD7, 0x01, 0xD7, 0x01,
    0xA0, 0x98, 0xD5, 0xD4, 0x3E, 0x3C, 0xE6, 0x2E, 0x8F, 0x78, 0x8C, 0xF1, 0xDA, 0xD3, 0x3D, 0x37,
    0xDE, 0xF2, 0x68, 0x9B, 0x8C, 0xFA, 0x7C, 0x7A, 0xC5, 0x84, 0x53, 0xCC, 0xCC, 0x41, 0x03, 0xA8,
    0x81, 0x57, 0x4A, 0xEE, 0x29, 0x6F, 0x6C, 0xAF, 0xD6, 0xD4, 0x4D, 0x2D, 0x18, 0xE9, 0x9E, 0x68,
    0x7F, 0xBB, 0xEE, 0xC8, 0xA4, 0x87, 0x62, 0x0F, 0xD8, 0xD4, 0xFF, 0x19, 0x34, 0x6B, 0x47, 0x02,
    0x85, 0x19, 0x81, 0xFB, 0x5D, 0x42, 0xBF, 0x85, 0xE1, 0x3C, 0xA3, 0x87, 0x52, 0x1E, 0x00, 0x4D,
    0x04, 0xF8, 0x3F, 0x00, 0x52, 0x06, 0xF6, 0x29, 0x1C, 0xA6, 0x37, 0x47, 0xD2, 0x91, 0x6A, 0x01,
    0xB4, 0x01, 0x28, 0x27, 0x28, 0xDC, 0x00, 0xE7, 0xCF, 0xF5, 0x21, 0xF5, 0x61, 0xE4, 0x9B, 0xB2,
    0xCB, 0x8E, 0xCD, 0xFE, 0xBF, 0x7B, 0xDA, 0xD4, 0x85, 0x7F, 0x79, 0x70, 0x4F, 0xA1, 0xFC, 0x7C,
    0x4C, 0xDD, 0x1E, 0x50, 0xF9, 0x70, 0xE8, 0xD8, 0x74, 0x1F, 0x43, 0xC2, 0xA5, 0x38, 0x06, 0x28,
    0xE2, 0x77, 0x0E, 0xD4, 0x3A, 0x7F, 0x7A, 0x8C, 0x82, 0xD4, 0xF7, 0x2E, 0xEA, 0x80, 0x2B, 0x50,
    0xF7, 0x47, 0xA9, 0x7F, 0xA0, 0xF2, 0x66, 0x84, 0x72, 0xA0, 0x1C, 0xDF, 0x01, 0x2A, 0x0F, 0x01,
    0xA0, 0xEC, 0xE0, 0xA7, 0xD0, 0x0C, 0x6A, 0x3A, 0x8A, 0x5C, 0x6C, 0xCF, 0x5C, 0x07, 0x33, 0x58,
    0xAE, 0xA3, 0x7B, 0x3B, 0xBA, 0xE0, 0x82, 0x0D, 0xAD, 0x07, 0x52, 0xBF, 0x1D, 0x9C, 0xF0, 0xF6,
    0x5B, 0x27, 0xF6, 0x47, 0xAB, 0xF9, 0x22, 0x26, 0x0A, 0x7C, 0xD5, 0xD5, 0x5F, 0x8C, 0xCD, 0x67,
    0xA1, 0xF9, 0x20, 0x00, 0x5C, 0x25, 0x2D, 0xE9, 0xBF, 0x48, 0x5A, 0x4A, 0x69, 0x51, 0x4B, 0x5A,
    0xD5, 0x92, 0x96, 0xF5, 0x42, 0x5A, 0xD7, 0x69, 0x61, 0x2F, 0x69, 0x65, 0x4B, 0x5A, 0xDA, 0x92,
    0xD6, 0x76, 0xB3, 0x50, 0x4C, 0x54, 0x81, 0xDA, 0xA3, 0xA4, 0xD3, 0x82, 0x59, 0x20, 0x5E, 0x06,
    0xB3, 0xE4, 0xDF, 0x8F, 0x3A, 0x50, 0x8E, 0xC2, 0xA1, 0xE5, 0x57, 0xF0, 0xBF, 0x6E, 0xE1, 0x72,
    0x2E, 0x04, 0x8A, 0x83, 0xD3, 0x81, 0x4E, 0xF6, 0x29, 0xC0, 0xF9, 0xC1, 0x66, 0x79, 0x07, 0x00,
    0xFE, 0x67, 0x05, 0x00, 0x67, 0x9F, 0x91, 0x8A, 0xE5, 0x45, 0x37, 0xD6, 0xB9, 0x84, 0x4B, 0x66,
    0x82, 0x72, 0x33, 0x29, 0x07, 0xCE, 0x4E, 0x81, 0x17, 0x16, 0x9D, 0x97, 0x4B, 0xFB, 0xE2, 0x02,
    0xCC, 0x71, 0xB2, 0x5C, 0xA7, 0x70, 0x89, 0x52, 0xB0, 0xA7, 0x3D, 0x80, 0xAB, 0x42, 0x02, 0x9C,
    0xDC, 0xF3, 0xA1, 0x79, 0xC6, 0x8F, 0x25, 0x09, 0xBA, 0x87, 0x9B, 0xE9, 0xF6, 0xD8, 0x01, 0x5C,
    0x93, 0xB5, 0xE3, 0x0A, 0x59, 0x12, 0x09, 0x52, 0x84, 0x64, 0x37, 0x8F, 0x0C, 0x69, 0xA4, 0xCA,
    0x63, 0x51, 0xCB, 0xAF, 0x81, 0xF3, 0x15, 0x9B, 0xFA, 0x81, 0xE3, 0x36, 0x00, 0xBC, 0xCC, 0x0B,
    0x52, 0x90, 0xA5, 0x1E, 0xC9, 0xDE, 0x4A, 0x96, 0xF3, 0x29, 0x7B, 0xA5, 0xF4, 0x69, 0x5B, 0x27,
    0x39, 0x9F, 0x9D, 0x5C, 0x4A, 0xFC, 0xAF, 0xC7, 0xA5, 0xB4, 0xD3, 0x37, 0xCA, 0xB8, 0x5C, 0xBA,
    0x59, 0xC8, 0x1F, 0x0E, 0x2F, 0x0C, 0xEC, 0xB1, 0x58, 0xAD, 0xAF, 0x43, 0xEB, 0xD5, 0x68, 0x7C,
    0xEB, 0x4D, 0xBF, 0x3D, 0x9D, 0xE9, 0x2D, 0xB6, 0x73, 0x9B, 0xAE, 0x98, 0xCF, 0x56, 0xB4, 0xC8,
    0x54, 0x2F, 0xF6, 0x01, 0x76, 0xAC, 0xBE, 0x8C, 0xEA, 0x93, 0xD8, 0x7E, 0x14, 0xCD, 0x4F, 0x82,
    0x93, 0x4E, 0x4E, 0x11, 0xAE, 0x08, 0x77, 0xDD, 0xBB, 0xB3, 0x91, 0x21, 0x71, 0x7F, 0x2E, 0x37,
    0xA6, 0x31, 0x03, 0xDC, 0x9C, 0x5C, 0x68, 0x82, 0x0A, 0x6A, 0x54, 0x83, 0x4E, 0xD5, 0x53, 0xFD,
    0x9F, 0x9B, 0xE5, 0xE8, 0x94, 0xF3, 0x99, 0x72, 0x11, 0x9A, 0x60, 0xBC, 0x4E, 0xF1, 0x43, 0x6F,
    0x6F, 0x3B, 0xE3, 0xDD, 0xD6, 0xDF, 0x75, 0x0E, 0xD3, 0x2F, 0xB4, 0x7F, 0x9E, 0x68, 0xF2, 0x97,
    0xF9, 0x1E, 0x98, 0xB9, 0x09, 0x6F, 0x4E, 0x2A, 0xD4, 0x5B, 0xCD, 0x26, 0xA4, 0x95, 0x9A, 0x90,
    0x6F, 0x3A, 0x98, 0x7E, 0xAB, 0xD3, 0xB5, 0xDE, 0x62, 0x3E, 0x11, 0x5A, 0x91, 0xD8, 0xAC, 0x66,
    0xE4, 0xE8, 0x01, 0x12, 0xEB, 0xAF, 0xA2, 0x1A, 0xA3, 0xF1, 0x98, 0x1E, 0xC7, 0xE1, 0x5C, 0x71,
    0xDC, 0xB5, 0xEF, 0x4E, 0x97, 0xA0, 0xB9, 0x19, 0x40, 0x02, 0xA8, 0xA4, 0x23, 0xA8, 0x01, 0xB4,
    0xE7, 0x5C, 0x7C, 0xB9, 0x38, 0xDF, 0x84, 0x54, 0x3E, 0x5D, 0x8E, 0xED, 0xD2, 0xC5, 0xA4, 0x47,
    0x10, 0x1C, 0x2B, 0xB6, 0x5C, 0x30, 0xBF, 0x58, 0x5E, 0x57, 0xAB, 0x8C, 0x07, 0x9A, 0x80, 0x12,
    0x60, 0x05, 0x16, 0x28, 0x22, 0x94, 0x11, 0xAA, 0x45, 0xFA, 0x4A, 0x64, 0xA8, 0x97, 0x0C, 0x5D,
    0x67, 0xE8, 0x3E, 0xD5, 0x4E, 0xD0, 0x4D, 0xEF, 0x92, 0xFE, 0xDE, 0x60, 0x47, 0x4E, 0xAF, 0xD3,
    0x71, 0xFE, 0xE5, 0xAA, 0x22, 0x4E, 0xC4, 0xAD, 0xA8, 0xC5, 0x4C, 0x42, 0x5A, 0xF2, 0x9B, 0x3F,
    0x98, 0x6E, 0x41, 0x7B, 0x5B, 0x46, 0x5A, 0xEF, 0xB6, 0xF7, 0x16, 0xAD, 0x66, 0x4C, 0x9F, 0xDE,
    0xB6, 0x88, 0x75, 0x60, 0x8B, 0x36, 0xA1, 0x97, 0x2A, 0xD6, 0xD2, 0x03, 0xB0, 0x55, 0x8B, 0xE7,
    0xB2, 0xA8, 0xE5, 0x42, 0xA5, 0x45, 0x4F, 0xEB, 0x39, 0x5C, 0x8A, 0xE9, 0xB0, 0xE0, 0xE0, 0x7D,
    0x28, 0x1E, 0x52, 0x05, 0x54, 0x40, 0xC4, 0xFF, 0xE1, 0xAF, 0x9D, 0xF6, 0xB4, 0x5F, 0xCF, 0x11,
    0x90, 0x23, 0x9C, 0x60, 0x9E, 0x72, 0x3E, 0x6E, 0xCD, 0x43, 0x3B, 0x54, 0x93, 0x1E, 0xAA, 0x59,
    0xF9, 0x6A, 0x6E, 0xA9, 0xE2, 0x09, 0x65, 0x9C, 0x29, 0x25, 0x50, 0x88, 0xDF, 0x14, 0x8A, 0x25,
    0x4F, 0x69, 0x1C, 0x95, 0x7C, 0x28, 0x1D, 0xFA, 0x8F, 0x7F, 0x02, 0x25, 0x79, 0xD6, 0x57, 0x73,
    0x7A, 0xC5, 0xFC, 0xA7, 0x5E, 0xE1, 0xD6, 0xB1, 0x80, 0x09, 0xE6, 0xEF, 0xB4, 0x5E, 0x4F, 0xFC,
    0x07, 0x3D, 0xCE, 0xB1, 0x15, 0xC2, 0x30, 0x10, 0x03, 0x50, 0xE1, 0x2B, 0x28, 0x5C, 0x84, 0x0D,
    0x18, 0x21, 0x23, 0x24, 0x1D, 0x53, 0xF1, 0xC8, 0x3A, 0x4C, 0x41, 0xDE, 0xA3, 0xA4, 0xF1, 0x08,
    0x6C, 0x80, 0x8B, 0x14, 0x2E, 0x8C, 0x45, 0xCE, 0x77, 0x0F, 0x37, 0xBF, 0xB0, 0x64, 0x0B, 0xF0,
    0x73, 0xE3, 0xAC, 0x08, 0x99, 0xD4, 0xC8, 0x31, 0xAB, 0x43, 0x8B, 0x45, 0x8D, 0x55, 0xAA, 0x2A,
    0x9B, 0x89, 0x93, 0xB4, 0x2E, 0x82, 0x7B, 0xA0, 0x89, 0xBF, 0xB3, 0xBB, 0xF8, 0xFD, 0xDA, 0x15,
    0x37, 0xBA, 0x03, 0x53, 0x77, 0xE2, 0xDB, 0x87, 0xE4, 0x2E, 0xCD, 0xC0, 0xCF, 0x66, 0xB5, 0x57,
    0xB1, 0xF8, 0xA5, 0xAA, 0x67, 0x4A, 0x77, 0xAA, 0xE6, 0xA3, 0xC8, 0x57, 0x65, 0x0E, 0x0D, 0x57,
    0x08, 0x13, 0x08, 0xE2, 0xC8, 0x15, 0x0C, 0x5C, 0x06, 0xEE, 0x91, 0x27, 0x97, 0xB1, 0xE9, 0x4F,
    0xDC, 0x6B, 0xFA, 0x54, 0xB1, 0x65, 0x77, 0xE0, 0x07, 0xEC, 0x7A, 0x3F, 0xAC, 0xE5, 0xC6, 0x75,
    0x3E, 0x79, 0xE9, 0x7D, 0xF7, 0x07, 0xB1, 0xA0, 0x1B, 0x4B, 0x3F, 0x68, 0x13, 0xD0, 0x6D, 0x94,
    0x82, 0x6D, 0xAA, 0x90, 0x4E, 0x8A, 0x14, 0x6E, 0xB6, 0xD8, 0x85, 0x0B, 0x17, 0xAA, 0x2D, 0x19,
    0xD8, 0x1E, 0x88, 0x41, 0xDA, 0x2A, 0x5D, 0x78, 0x03, 0x18, 0x6E, 0x5C, 0x64, 0x0B, 0x05, 0xF0,
    0x3E, 0x17, 0x4A, 0xE9, 0xC2, 0x11, 0x29, 0x3B, 0x40, 0xDA, 0x0B, 0xC7, 0x4E, 0x1B, 0xDA, 0x51,
    0x5C, 0x38, 0x85, 0x18, 0x87, 0x4A, 0xB8, 0xBB, 0x43, 0x7E, 0x99, 0xF3, 0x7D, 0x87, 0xEF, 0xDD,
    0xCD, 0xC3, 0x93, 0xE5, 0xC2, 0x41, 0xA2, 0x88, 0x78, 0x9A, 0xEF, 0x13, 0xC1, 0x9D, 0x39, 0xFF,
    0x66, 0xE6, 0xCC, 0x99, 0x9B, 0xEC, 0xCF, 0x61, 0x25, 0x64, 0x68, 0x04, 0x03, 0x5F, 0x62, 0xE2,
    0xDB, 0x36, 0x10, 0xF2, 0x8D, 0x90, 0xF4, 0x1D, 0xA1, 0x38, 0x11, 0xCE, 0x9E, 0xCF, 0x3D, 0x88,
    0xCF, 0xFD, 0xA4, 0x06, 0x80, 0xB0, 0x43, 0x82, 0x29, 0x29, 0x16, 0x42, 0x3E, 0x27, 0xA9, 0xC1,
    0x14, 0x7B, 0x1E, 0x1D, 0x34, 0xDC, 0x49, 0x30, 0x64, 0x13, 0xE1, 0x18, 0xE1, 0x88, 0x21, 0x8F,
    0x90, 0xA3, 0x2B, 0xC6, 0x38, 0x18, 0x00, 0x87, 0xC1, 0xE0, 0x41, 0x1B, 0xA1, 0x44, 0x52, 0x45,
    0xA8, 0xB6, 0xA4, 0x8A, 0x22, 0xD5, 0x6B, 0x52, 0x1B, 0x48, 0x58, 0x01, 0x45, 0x7F, 0xAD, 0x49,
    0xFA, 0x25, 0xBE, 0x69, 0x12, 0xCC, 0x51, 0x7A, 0x8A, 0x92, 0x60, 0x87, 0x97, 0xF1, 0xEC, 0xF2,
    0xFB, 0x5B, 0x02, 0x7B, 0x1C, 0x68, 0x0B, 0x3D, 0xE9, 0x9A, 0xF4, 0x8D, 0xC9, 0x94, 0x62, 0x30,
    0x99, 0xFE, 0xE4, 0x0C, 0x32, 0x24, 0xB4, 0xD3, 0x0F, 0x92, 0x3F, 0x7E, 0xD1, 0x0E, 0x9F, 0x5C,
    0xBB, 0xDC, 0xA1, 0x26, 0x1A, 0x0F, 0xAB, 0x63, 0x88, 0x38, 0xD6, 0x6B, 0x16, 0xB1, 0x3C, 0xD5,
    0xC1, 0xB0, 0x1A, 0x22, 0x5A, 0xDF, 0x5D, 0x2B, 0x8C, 0x23, 0x99, 0x0E, 0x9F, 0x4B, 0xB0, 0xA4,
    0xF7, 0x4C, 0x00, 0x1B, 0x92, 0x38, 0x3D, 0xDC, 0xCC, 0xCE, 0x78, 0x4E, 0x45, 0x0E, 0xEA, 0x50,
    0xB8, 0x99, 0xD2, 0x6B, 0x0A, 0xC8, 0x14, 0x15, 0x3A, 0xD3, 0x3E, 0x29, 0xE2, 0x7F, 0xF9, 0xFE,
    0xDF, 0xD5, 0xBB, 0xC6, 0x91, 0xA6, 0x31, 0x13, 0xF0, 0x5D, 0x45, 0xA4, 0x2D, 0x92, 0x72, 0x33,
    0x63, 0xD0, 0x04, 0xFC, 0xAF, 0x9F, 0x93, 0xBB, 0xC0, 0xE3, 0x03, 0xBB, 0xC6, 0x54, 0xA3, 0x11,
    0x2E, 0x92, 0xEC, 0x0F, 0x04, 0xFB, 0x93, 0x05, 0x42, 0xB1, 0x11, 0x6A, 0x41, 0xCF, 0x97, 0xEE,
    0xAE, 0x23, 0xF4, 0xC5, 0x4C, 0xA8, 0x9B, 0x8F, 0x1F, 0x07, 0x47, 0x87, 0x25, 0x49, 0x0D, 0x66,
    0xF6, 0x18, 0x9D, 0x9D, 0x11, 0x38, 0x1D, 0x2F, 0x1E, 0x1B, 0x70, 0x18, 0x02, 0xB5, 0xDC, 0x41,
    0xBA, 0x12, 0x38, 0x50, 0x49, 0xA0, 0xD2, 0x3B, 0x48, 0xF5, 0xE4, 0x66, 0x1C, 0x10, 0xFA, 0x85,
    0x80, 0x59, 0x30, 0x9D, 0xC1, 0x2B, 0x78, 0x6A, 0xA0, 0x00, 0x13, 0xE8, 0x79, 0xC0, 0xB6, 0x87,
    0x09, 0x50, 0xBA, 0x2A, 0x4F, 0xD3, 0x3E, 0x50, 0xC0, 0x7C, 0xE1, 0xB0, 0xF9, 0xCC, 0xAE, 0xF3,
    0x29, 0xC5, 0x68, 0x60, 0x2A, 0x44, 0xB8, 0x12, 0xFA, 0xA6, 0x7C, 0x57, 0x12, 0x01, 0x8C, 0x43,
    0xC5, 0x37, 0x9E, 0x3E, 0x78, 0xD0, 0xB8, 0x44, 0x1F, 0x05, 0x74, 0x6A, 0x92, 0x06, 0xEB, 0xC5,
    0x3C, 0x56, 0x1B, 0x2C, 0x66, 0x0F, 0x93, 0xA8, 0x40, 0x67, 0xDE, 0xC9, 0xA2, 0x9A, 0xD5, 0x74,
    0x35, 0x44, 0x0E, 0x6C, 0x66, 0xBC, 0x57, 0xFF, 0x4A, 0x7A, 0xDD, 0xB9, 0x2F, 0x2B, 0x63, 0x31,
    0x69, 0x00, 0x34, 0xD1, 0x1D, 0xF3, 0x5D, 0x05, 0x56, 0x0A, 0xC5, 0x11, 0x64, 0xC1, 0x8D, 0x90,
    0x46, 0xC9, 0xDB, 0xC5, 0x86, 0x55, 0x40, 0x44, 0xD8, 0x08, 0xAD, 0xF4, 0xAC, 0x25, 0x5B, 0x89,
    0xCD, 0x7B, 0x1E, 0x0D, 0x7D, 0x9D, 0x29, 0x6D, 0x00, 0x06, 0xFC, 0xE9, 0xEC, 0xDB, 0x9C, 0x60,
    0x03, 0x27, 0xF9, 0x48, 0xC7, 0x14, 0x13, 0xA1, 0x9C, 0xA8, 0x6A, 0x35, 0x26, 0x29, 0x46, 0x03,
    0x33, 0x69, 0x3D, 0x26, 0x39, 0x1A, 0x0B, 0xCA, 0xD6, 0xE2, 0x5B, 0x7A, 0x1D, 0xA0, 0x9E, 0xEF,
    0x5C, 0x5A, 0x6B, 0x6F, 0x27, 0x35, 0x77, 0xF0, 0xF4, 0x1E, 0x3B, 0x51, 0x93, 0xEA, 0xE3, 0x51,
    0x93, 0x8C, 0xFD, 0xB1, 0x51, 0xA0, 0xD1, 0x55, 0x85, 0x9A, 0xC4, 0x9B, 0x12, 0xF2, 0x9A, 0x1A,
    0x3A, 0x8E, 0xD6, 0x50, 0xD3, 0x06, 0x05, 0x14, 0xC5, 0x3D, 0x1B, 0xE7, 0x65, 0x3C, 0x6D, 0x18,
    0x3F, 0x6A, 0xFC, 0x39, 0xCE, 0x07, 0x5B, 0x3F, 0x82, 0x4D, 0x9E, 0x6A, 0xCD, 0xCD, 0xBC, 0x6C,
    0x8B, 0x90, 0x6D, 0x51, 0xAC, 0x31, 0x59, 0x92, 0x5B, 0x1F, 0x6A, 0xA3, 0x96, 0x4A, 0x69, 0x20,
    0xB5, 0xD2, 0x4B, 0x8A, 0x49, 0x33, 0x69, 0xA5, 0x56, 0xCA, 0x49, 0x3B, 0xA9, 0x27, 0xD5, 0xD4,
    0x4A, 0x43, 0x69, 0xA7, 0x56, 0x4A, 0x4A, 0x41, 0xB5, 0xD2, 0x53, 0x8A, 0x4A, 0xD3, 0xF3, 0xC1,
    0xA5, 0xAC, 0x14, 0x55, 0xCB, 0x81, 0x01, 0x07, 0x8D, 0x71, 0xBA, 0x75, 0x02, 0xFF, 0x0E, 0xE6,
    0x71, 0x4A, 0x90, 0x3D, 0x5E, 0xEA, 0x68, 0x90, 0x6A, 0xA0, 0x2D, 0xEA, 0xE1, 0x28, 0xC8, 0xD1,
    0x18, 0x70, 0xF0, 0x76, 0xE0, 0x38, 0xFD, 0xCF, 0x41, 0x4F, 0x2A, 0x66, 0x1F, 0x4A, 0xF2, 0xF4,
    0xF2, 0xD1, 0xBE, 0x06, 0xD8, 0x73, 0x4F, 0xFD, 0xDA, 0xC3, 0xE1, 0x53, 0x52, 0x89, 0xE0, 0x73,
    0xD0, 0x69, 0xEB, 0xF4, 0xB8, 0xB8, 0xA4, 0x5C, 0x21, 0xFC, 0x53, 0x8B, 0x70, 0x4C, 0x37, 0x68,
    0x39, 0xA5, 0x3B, 0xAD, 0x46, 0x5F, 0x69, 0x4D, 0xCA, 0x4C, 0xD3, 0x56, 0xD4, 0x87, 0x6B, 0x23,
    0xFD, 0xA5, 0xA6, 0x55, 0xDF, 0x44, 0xA5, 0x2A, 0x18, 0x05, 0x37, 0x4B, 0x2D, 0x5F, 0xE6, 0xEB,
    0xDC, 0xE8, 0x61, 0x8B, 0xD4, 0xBE, 0x31, 0xC1, 0xCC, 0xDE, 0x47, 0x9C, 0x48, 0x4B, 0x51, 0x5F,
    0xC1, 0xF8, 0x6D, 0x31, 0x19, 0x8D, 0x3D, 0xA4, 0x4D, 0x35, 0x9A, 0xFD, 0x63, 0x27, 0xE5, 0x58,
    0x0F, 0xA6, 0x5A, 0x8D, 0xA4, 0x9D, 0xFB, 0xCE, 0x54, 0xEB, 0xD7, 0xA4, 0xDF, 0x60, 0x6B, 0xC0,
    0x01, 0x51, 0x41, 0x84, 0x24, 0xC5, 0xFA, 0x30, 0xF6, 0xD5, 0x6A, 0xE6, 0xD9, 0xF4, 0xAF, 0xD0,
    0x90, 0x46, 0x03, 0x5E, 0xD0, 0x88, 0x7A, 0x5E, 0xBD, 0xBC, 0x7C, 0xF4, 0xC6, 0xA5, 0x4D, 0x54,
    0xDB, 0x81, 0x00, 0x74, 0x64, 0x63, 0xAF, 0x29, 0x8C, 0x99, 0x11, 0x6C, 0x4C, 0xBB, 0x81, 0xDC,
    0x49, 0xE9, 0xE9, 0x51, 0x05, 0x51, 0x86, 0x51, 0x71, 0xC4, 0xAF, 0xE9, 0x46, 0x7E, 0x4D, 0xC6,
    0xAF, 0x19, 0x50, 0x54, 0xAA, 0x02, 0xDE, 0x57, 0xF0, 0xD5, 0x1C, 0x8E, 0x3B, 0xF9, 0xF6, 0x7D,
    0x4C, 0x62, 0x21, 0xC1, 0x22, 0x46, 0x07, 0x56, 0xB0, 0xD8, 0x32, 0xD5, 0xAB, 0x8D, 0x6B, 0x6C,
    0xBD, 0x31, 0x0E, 0x31, 0x91, 0x85, 0x9B, 0xAC, 0x0D, 0x14, 0xAC, 0x8D, 0x36, 0x59, 0xC8, 0xFA,
    0xB0, 0xAB, 0x81, 0xC5, 0xD5, 0xC8, 0x22, 0x88, 0x15, 0x38, 0x1D, 0x6D, 0x71, 0xC3, 0x3F, 0x00,
    0x16, 0x6C, 0x6F, 0x29, 0x82, 0x9C, 0x3D, 0x8B, 0xD3, 0x9B, 0x91, 0xD6, 0x48, 0x24, 0x0C, 0x42,
    0xDB, 0xE7, 0xC7, 0x02, 0x96, 0xA1, 0x55, 0x43, 0x19, 0xD1, 0x82, 0xA1, 0xDA, 0x88, 0x4D, 0x2D,
    0x34, 0x31, 0xFF, 0xE6, 0x6C, 0xA2, 0x78, 0x0C, 0x9A, 0x3A, 0x77, 0xD1, 0x18, 0x3E, 0x03, 0xE3,
    0x4B, 0xE1, 0x2B, 0x0C, 0x66, 0xDF, 0x2D, 0xC1, 0xAA, 0x1C, 0xB8, 0x26, 0x8E, 0xD6, 0x05, 0x15,
    0x10, 0x0E, 0x49, 0xEB, 0xD8, 0x2F, 0xB2, 0x2E, 0x66, 0x59, 0x14, 0x93, 0xE6, 0xB3, 0x30, 0x49,
    0x1D, 0x19, 0xBC, 0x25, 0xD8, 0xC5, 0x9D, 0x1E, 0xF7, 0xBE, 0x8C, 0x0F, 0x6D, 0xF5, 0xFF, 0x10,
    0xC0, 0x15, 0xBE, 0xF8, 0x14, 0x93, 0x93, 0x7A, 0x76, 0x02, 0x27, 0x9E, 0x9A, 0x73, 0x3C, 0x91,
    0x72, 0x21, 0xD8, 0x24, 0x70, 0xB2, 0x0A, 0xCE, 0x1F, 0x06, 0xDD, 0x6B, 0x31, 0xD8, 0x12, 0x04,
    0xAD, 0x9C, 0x47, 0x80, 0x64, 0x2C, 0x8C, 0xA4, 0x58, 0xEC, 0x7F, 0x14, 0x68, 0xFD, 0x07, 0x4E,
    0x70, 0x0C, 0x1C, 0xF1, 0xB0, 0x26, 0x8F, 0x69, 0x89, 0x2C, 0x78, 0x7A, 0x9A, 0xCF, 0x22, 0x43,
    0x31, 0x39, 0xA9, 0x07, 0x8F, 0xB0, 0xBE, 0x13, 0xF9, 0xC6, 0xBE, 0xA2, 0xBD, 0x1E, 0x9C, 0x60,
    0x72, 0xA2, 0x90, 0x36, 0xDD, 0x83, 0x2F, 0x70, 0x35, 0x7C, 0x89, 0x2B, 0x9C, 0x04, 0x8B, 0x55,
    0x12, 0x9F, 0x00, 0x6D, 0x70, 0xD5, 0xFB, 0x45, 0xC6, 0xB0, 0x56, 0xBB, 0xAE, 0x3C, 0x25, 0x52,
    0xC1, 0x53, 0x97, 0x02, 0xDF, 0xD6, 0x0A, 0x9C, 0x63, 0x3B, 0x23, 0xE7, 0xCF, 0x71, 0x71, 0x52,
    0x6C, 0x42, 0x4D, 0xA2, 0xB3, 0x5C, 0x4B, 0x7D, 0xBA, 0x9D, 0x83, 0x93, 0x03, 0x9C, 0x30, 0xCB,
    0xBE, 0xF9, 0x70, 0x52, 0xBF, 0x74, 0x79, 0xF9, 0x36, 0xE7, 0x74, 0x01, 0x2C, 0x46, 0x46, 0x12,
    0xB3, 0xB3, 0x92, 0x04, 0x4C, 0xA6, 0x13, 0x09, 0x75, 0xA2, 0x67, 0x6D, 0xFD, 0xF0, 0x79, 0x3D,
    0xEF, 0xB9, 0xEF, 0xA4, 0x58, 0x83, 0x93, 0x0C, 0x18, 0x69, 0xE7, 0xC2, 0x49, 0x57, 0xFF, 0x1B,
    0x4E, 0x14, 0x1D, 0x3F, 0xD6, 0x59, 0x20, 0x43, 0x26, 0x62, 0xBB, 0x2B, 0x93, 0xB4, 0x5A, 0x99,
    0x57, 0xB5, 0x61, 0xA0, 0x8A, 0x35, 0x60, 0x81, 0x69, 0x64, 0xD9, 0xC9, 0x68, 0x21, 0xCA, 0xD4,
    0x85, 0x73, 0x9D, 0x52, 0xD2, 0xAC, 0x26, 0x53, 0x2D, 0x49, 0x9D, 0x48, 0x76, 0xD9, 0xF9, 0x02,
    0x2B, 0x77, 0xF7, 0xAE, 0x36, 0xB7, 0xEE, 0x84, 0x06, 0x73, 0x13, 0xD6, 0xA7, 0x74, 0x32, 0x6C,
    0xC7, 0xEC, 0x44, 0x9C, 0x0A, 0xB9, 0xF6, 0x69, 0xEF, 0x61, 0x10, 0x88, 0x96, 0x8F, 0xFF, 0xC6,
    0xA7, 0xE6, 0x12, 0x85, 0x75, 0xC7, 0x97, 0x81, 0xFB, 0xC9, 0x97, 0xA2, 0xAF, 0x5B, 0x3B, 0x34,
    0x98, 0xC8, 0xCC, 0x21, 0xB4, 0xE0, 0x96, 0x93, 0xF5, 0xDE, 0x59, 0x9A, 0xC4, 0xC3, 0x83, 0xF2,
    0x9A, 0x53, 0x0A, 0x7A, 0x78, 0xCC, 0x56, 0x86, 0xEE, 0x94, 0x07, 0x4D, 0x2C, 0xFB, 0xDC, 0x3C,
    0x54, 0x53, 0x0E, 0x84, 0x9E, 0x62, 0xF6, 0x2B, 0x3C, 0xA7, 0x5B, 0x5D, 0x82, 0x85, 0x48, 0xCF,
    0xEC, 0xDB, 0xB9, 0x27, 0x13, 0x8A, 0x7C, 0x0F, 0xA1, 0x55, 0x98, 0x2F, 0x54, 0xEE, 0x64, 0xBD,
    0x9B, 0x68, 0xAD, 0x94, 0x07, 0x9A, 0x17, 0x7B, 0x9D, 0xBD, 0xB7, 0x41, 0xC6, 0x78, 0x9B, 0xA0,
    0x49, 0x7B, 0x71, 0x79, 0xF9, 0x3D, 0x4E, 0xDA, 0x1C, 0x08, 0x0C, 0xA6, 0xA3, 0x11, 0x79, 0x46,
    0x73, 0x55, 0xBE, 0x4A, 0x49, 0x02, 0x63, 0xE8, 0x8C, 0xB4, 0x5A, 0xBF, 0x14, 0x67, 0x8C, 0x0D,
    0x2C, 0x1E, 0xE3, 0x4C, 0x84, 0xAF, 0x49, 0xB7, 0x2F, 0x5A, 0x0D, 0xFF, 0x25, 0x63, 0xC3, 0x89,
    0x77, 0x51, 0x92, 0xF0, 0x94, 0xC9, 0x2E, 0x34, 0x70, 0x4E, 0x12, 0xD4, 0x05, 0x09, 0xE3, 0xAC,
    0x25, 0xD1, 0xA4, 0x15, 0x31, 0x35, 0x4B, 0x89, 0xCC, 0x2E, 0xAE, 0x65, 0x3F, 0x5A, 0xAE, 0x6F,
    0x41, 0x07, 0x3D, 0xD3, 0x15, 0xA1, 0xB7, 0x64, 0x26, 0x26, 0xBF, 0x7A, 0xAE, 0x67, 0x68, 0xB3,
    0x13, 0xC7, 0x64, 0x73, 0x4C, 0x57, 0x27, 0x87, 0xB0, 0xBF, 0xF9, 0xDE, 0xF5, 0x8A, 0x78, 0x29,
    0x2C, 0x20, 0xAC, 0x1C, 0x6B, 0xEF, 0xAF, 0x77, 0x7F, 0x42, 0x98, 0xC1, 0x4F, 0x61, 0x8E, 0x85,
    0x63, 0xF5, 0xDC, 0xF3, 0xF7, 0x5F, 0x4B, 0xB2, 0xFE, 0x17, 0x42, 0xBC, 0x87, 0x49, 0x85, 0x15,
    0x57, 0x20, 0x21, 0x16, 0xAB, 0x56, 0xAF, 0x2A, 0xD0, 0x26, 0xDC, 0x84, 0x99, 0x37, 0x3B, 0xE2,
    0x57, 0x97, 0x3D, 0xBD, 0xD5, 0xD1, 0x8A, 0x47, 0xC8, 0x38, 0xC5, 0x2A, 0x6B, 0x55, 0x41, 0x82,
    0xD6, 0x6E, 0xC6, 0x7E, 0x92, 0x02, 0xBE, 0x02, 0x1C, 0xE5, 0xA1, 0x47, 0x2D, 0x36, 0x4B, 0xCC,
    0xC2, 0x8E, 0xFB, 0xF9, 0xBD, 0x04, 0x87, 0x29, 0x08, 0xEC, 0x39, 0xD3, 0x99, 0x38, 0x5B, 0xE8,
    0xAC, 0x6C, 0xA6, 0xAB, 0xB2, 0x89, 0x70, 0x78, 0x7C, 0x5B, 0x2A, 0x89, 0xAD, 0x23, 0x80, 0xF1,
    0xF4, 0xCF, 0xBD, 0x62, 0x22, 0xC7, 0x60, 0x60, 0xF1, 0x62, 0x14, 0x93, 0x6F, 0x8A, 0x26, 0x99,
    0x20, 0x11, 0xB0, 0xA3, 0x52, 0x1B, 0x63, 0xB5, 0x69, 0x6B, 0x5D, 0x19, 0x4C, 0x75, 0xB0, 0x8F,
    0x23, 0xD8, 0x7C, 0xBE, 0x83, 0xF5, 0x4D, 0xED, 0x4B, 0x40, 0x47, 0x78, 0xDF, 0x0F, 0xD3, 0x6E,
    0xB8, 0x4D, 0x60, 0x4A, 0xDB, 0x41, 0x8D, 0x27, 0x24, 0xAE, 0xB0, 0x91, 0x22, 0x28, 0xFB, 0x10,
    0x20, 0x78, 0x06, 0x62, 0x02, 0xC6, 0xD1, 0x0D, 0xEC, 0xC5, 0x51, 0x0B, 0x62, 0x8E, 0xAF, 0x23,
    0x78, 0x35, 0x45, 0x10, 0x0C, 0xBE, 0xD3, 0xAB, 0xA2, 0x50, 0xE0, 0x24, 0x39, 0xB9, 0xD1, 0x1C,
    0x0C, 0x42, 0x92, 0x12, 0xF8, 0x7F, 0x2D, 0x81, 0x96, 0xB3, 0xB1, 0x66, 0x26, 0x92, 0x54, 0x91,
    0x56, 0xE8, 0x91, 0x5C, 0xE0, 0xC3, 0x77, 0xB8, 0x60, 0x51, 0x5A, 0x50, 0x95, 0x4F, 0x58, 0x5D,
    0x60, 0xCF, 0xD4, 0x64, 0x3F, 0xBD, 0xCE, 0xC5, 0x94, 0xAD, 0x9B, 0x89, 0xC8, 0x68, 0x79, 0x15,
    0x14, 0xA9, 0x02, 0xE7, 0xF0, 0x15, 0xDB, 0xF5, 0x49, 0xE1, 0xBA, 0x78, 0xCA, 0x6E, 0x2C, 0x5B,
    0x5D, 0x23, 0xB3, 0x90, 0xB3, 0x7C, 0xD9, 0xD5, 0x2B, 0xE6, 0x5D, 0xB5, 0x72, 0xBA, 0xD2, 0x6E,
    0xBC, 0x52, 0xF0, 0xB4, 0xB3, 0x7E, 0xD8, 0xD5, 0x44, 0xE7, 0x9A, 0x1E, 0xA0, 0x0A, 0x82, 0xF6,
    0x10, 0x3F, 0x8A, 0x87, 0x9D, 0x95, 0xF4, 0x03, 0x3B, 0xB9, 0xAA, 0xD1, 0x61, 0xE0, 0x86, 0xC5,
    0x19, 0xEE, 0x9E, 0x28, 0xB7, 0x07, 0x0F, 0xBE, 0x44, 0x06, 0xE9, 0x4D, 0x03, 0xC8, 0xD9, 0x16,
    0x43, 0x4C, 0x2E, 0xED, 0x33, 0x3A, 0xC1, 0x66, 0xF4, 0xAC, 0x2D, 0x81, 0x62, 0x52, 0x29, 0xB3,
    0x0E, 0xA5, 0x30, 0x46, 0x95, 0x39, 0x33, 0x8D, 0x70, 0x72, 0xBE, 0x2B, 0x16, 0x65, 0xF9, 0x0A,
    0xD9, 0xE1, 0xF1, 0x27, 0xAC, 0xFC, 0xFA, 0x86, 0xAF, 0xD3, 0x6F, 0x9B, 0x24, 0x53, 0x7A, 0x79,
    0xF9, 0x84, 0x0B, 0x72, 0x89, 0x90, 0xF1, 0x3B, 0x5B, 0x23, 0xB0, 0x1D, 0x80, 0x35, 0x33, 0x5E,
    0x01, 0x16, 0x1B, 0x85, 0xF1, 0xE2, 0x43, 0xE3, 0x49, 0xF5, 0x6B, 0xC4, 0xC5, 0x3D, 0x81, 0x89,
    0x59, 0x9F, 0xFE, 0xBF, 0xA2, 0xAB, 0xDA, 0x98, 0x1E, 0x93, 0xD7, 0x6B, 0x6C, 0x76, 0x1E, 0x52,
    0xEC, 0xC5, 0xED, 0x3A, 0x64, 0xAB, 0xF3, 0xA1, 0x0D, 0x79, 0x10, 0x6F, 0x4F, 0xFD, 0x52, 0xCE,
    0xE2, 0xF5, 0x84, 0xB9, 0x1F, 0xC5, 0xAB, 0x15, 0xCF, 0xD1, 0x89, 0x17, 0xD4, 0x41, 0xCF, 0x5D,
    0x29, 0xC2, 0xC7, 0xA3, 0x40, 0x46, 0xFE, 0x27, 0xFC, 0xFD, 0x55, 0x02, 0xFC, 0x16, 0xDE, 0x73,
    0x5E, 0x5B, 0xAE, 0x86, 0x45, 0xC3, 0x86, 0x68, 0xFC, 0x3E, 0xF8, 0x4A, 0x6B, 0x99, 0xDD, 0xE6,
    0x6E, 0x8A, 0x2A, 0x56, 0xF0, 0x24, 0xA3, 0xA0, 0xC6, 0x2A, 0x45, 0x92, 0xDB, 0x00, 0xBD, 0xCE,
    0xAF, 0xC6, 0x2F, 0x6C, 0x41, 0x42, 0x93, 0x59, 0xD0, 0xF5, 0x4C, 0x13, 0xE7, 0x14, 0x38, 0xE7,
    0x9A, 0xAE, 0x8D, 0x4B, 0xAB, 0x95, 0x5C, 0xBB, 0xFE, 0x17, 0x2C, 0x70, 0xCA, 0x99, 0x49, 0x45,
    0xA5, 0x05, 0xBB, 0x3E, 0x69, 0x45, 0x1E, 0x04, 0x9D, 0x5E, 0x32, 0x08, 0xCE, 0xFC, 0xAD, 0xB9,
    0x73, 0xC0, 0x70, 0x56, 0x38, 0xC1, 0x28, 0x78, 0xCA, 0xA2, 0xEA, 0x43, 0x9F, 0xCB, 0x18, 0xCF,
    0x57, 0x96, 0x76, 0x11, 0x04, 0xCA, 0xD3, 0x2E, 0x4C, 0x1A, 0xFB, 0x85, 0xF1, 0x85, 0xD9, 0x80,
    0xAB, 0xED, 0x89, 0x2B, 0x6A, 0x3D, 0xEA, 0x18, 0xBD, 0xA4, 0x66, 0xE1, 0x16, 0x4A, 0x80, 0xDD,
    0xF4, 0xAF, 0x3E, 0xF9, 0x34, 0xF7, 0x76, 0x62, 0xCF, 0xBB, 0xD7, 0x87, 0x95, 0xC2, 0xF3, 0x97,
    0xA4, 0x4C, 0x44, 0x9A, 0xAF, 0x91, 0xA4, 0xF8, 0xE5, 0xE2, 0xF1, 0x8E, 0xD1, 0x83, 0x77, 0x4B,
    0x3E, 0xE6, 0x23, 0x3B, 0x7F, 0x6A, 0xE7, 0x4F, 0x4F, 0xD6, 0x22, 0xD7, 0x55, 0xC1, 0xFB, 0xFB,
    0xC2, 0x47, 0x03, 0x1B, 0x59, 0xCF, 0xF7, 0xF0, 0x83, 0xB6, 0x70, 0x2F, 0xB9, 0x39, 0xA9, 0x36,
    0x27, 0x1A, 0x2D, 0x5F, 0xE8, 0x03, 0xEE, 0xE8, 0x4E, 0x98, 0x64, 0x89, 0x68, 0xC7, 0xAE, 0x98,
    0x68, 0x69, 0x5F, 0xC7, 0x44, 0x32, 0x38, 0x69, 0x87, 0x54, 0xA4, 0xEF, 0xF6, 0xCD, 0xDA, 0xF7,
    0xBA, 0xD4, 0xC8, 0x20, 0x71, 0x44, 0x32, 0x5D, 0x5B, 0x70, 0x4C, 0xC6, 0x4F, 0x57, 0x4C, 0x3C,
    0xCA, 0xE5, 0x93, 0x2F, 0x80, 0xD5, 0xCA, 0xB5, 0xCF, 0x8F, 0x6C, 0x25, 0xC9, 0x96, 0x5C, 0xF4,
    0x78, 0xCC, 0x43, 0x1B, 0x43, 0xDE, 0xFE, 0x01, 0x89, 0x1F, 0xDB, 0xB4, 0x29, 0xAB, 0x6D, 0xE4,
    0x7E, 0x6B, 0x07, 0xF6, 0x61, 0xD4, 0x46, 0x62, 0xA3, 0xA9, 0x47, 0xCA, 0xAD, 0x22, 0xB5, 0xF6,
    0x40, 0xCA, 0x36, 0xBB, 0xA6, 0x05, 0xBF, 0xCA, 0x80, 0x13, 0xEF, 0x0E, 0x48, 0x47, 0x76, 0x4E,
    0x1A, 0x0D, 0x43, 0x7A, 0xDC, 0x22, 0x05, 0x03, 0x2D, 0x0F, 0x98, 0x0E, 0x78, 0x67, 0x63, 0x92,
    0x81, 0x39, 0x43, 0xBD, 0x92, 0xF6, 0x4B, 0xB1, 0xD1, 0xAE, 0xC5, 0xD2, 0x2F, 0x65, 0x20, 0x2D,
    0x97, 0x36, 0xD4, 0x33, 0x8D, 0x5C, 0xCD, 0x75, 0x68, 0x27, 0x1D, 0x4F, 0xA6, 0x3A, 0x60, 0xE8,
    0x67, 0x52, 0x13, 0x1B, 0x13, 0xA9, 0xED, 0xBB, 0xA4, 0xED, 0x58, 0x62, 0x93, 0xB9, 0xFB, 0x53,
    0x81, 0x20, 0x83, 0xDB, 0x14, 0x9C, 0xAF, 0xE9, 0x24, 0xEB, 0xF3, 0x84, 0x40, 0xB3, 0xBF, 0x8C,
    0x9F, 0x46, 0x63, 0xDF, 0xC5, 0x4F, 0x19, 0x21, 0x47, 0xD8, 0x06, 0x44, 0x9A, 0x6D, 0xA4, 0x34,
    0xDC, 0xBD, 0x3B, 0xCC, 0x6A, 0xB4, 0xBE, 0x04, 0x23, 0x23, 0x09, 0xFD, 0x5E, 0xDD, 0x72, 0xEC,
    0x9D, 0x3E, 0xF2, 0xD8, 0xEB, 0x84, 0x5D, 0x9C, 0x9F, 0x7F, 0x3B, 0x11, 0x25, 0xAE, 0xE3, 0x0B,
    0xC4, 0x52, 0xBA, 0xDF, 0xE5, 0xB1, 0xF7, 0x15, 0x7C, 0x18, 0x8B, 0x82, 0xDB, 0x3D, 0x4E, 0xA4,
    0x0A, 0x58, 0xAE, 0x89, 0x05, 0xEC, 0x7D, 0x5F, 0xC5, 0xF7, 0xCD, 0x14, 0x9B, 0x6E, 0x87, 0x4A,
    0xAD, 0x7E, 0x9D, 0x34, 0x8E, 0x2F, 0x55, 0x0F, 0x20, 0xE7, 0xBB, 0x0A, 0xFB, 0x79, 0xBD, 0x29,
    0xFC, 0x5B, 0xCA, 0x56, 0xB0, 0x3A, 0x4E, 0xAC, 0x37, 0x61, 0xBB, 0x0A, 0xFB, 0x20, 0x84, 0xB0,
    0x23, 0x96, 0x68, 0x0C, 0xAD, 0x3F, 0x30, 0x22, 0x88, 0x1C, 0x87, 0xEF, 0xFB, 0x20, 0xC4, 0x62,
    0xF4, 0xAA, 0x6C, 0x9A, 0x31, 0x34, 0xD9, 0xDD, 0x7E, 0x1F, 0xCB, 0x3D, 0x5C, 0xDF, 0x2C, 0x47,
    0x05, 0x8F, 0xDF, 0x54, 0x1D, 0x55, 0xC6, 0xD7, 0x55, 0x9C, 0x9C, 0x7F, 0x96, 0xD2, 0xB2, 0xE6,
    0x41, 0xFC, 0x98, 0x35, 0x8F, 0xEC, 0xDC, 0xF9, 0xB7, 0xFB, 0xFC, 0xF6, 0x9A, 0x07, 0xBB, 0x38,
    0xF7, 0xF9, 0x2D, 0xCE, 0xEF, 0x7E, 0x93, 0xF3, 0xD9, 0x85, 0xE2, 0xF5, 0x16, 0xE7, 0x3F, 0x65,
    0x45, 0x78, 0xF7, 0xF9, 0x7C, 0x45, 0x68, 0x84, 0xFB, 0x72, 0xB9, 0x54, 0x96, 0xAD, 0x30, 0x55,
    0x38, 0x19, 0x64, 0x98, 0x28, 0x37, 0x54, 0x65, 0xF7, 0xB3, 0x67, 0x1F, 0x28, 0xE8, 0x0E, 0x8B,
    0x97, 0xA7, 0xFD, 0x20, 0x6E, 0xE0, 0x77, 0x05, 0x39, 0xFD, 0x42, 0x4B, 0x96, 0xB8, 0x40, 0x48,
    0x68, 0xE2, 0x13, 0xE1, 0x29, 0xDD, 0x7B, 0xFF, 0xD6, 0x53, 0xE1, 0x47, 0x1E, 0x0E, 0x3F, 0xFC,
    0x88, 0x4B, 0xE3, 0xB4, 0xE7, 0xD5, 0x4D, 0x29, 0x95, 0xB0, 0xE9, 0xD2, 0xF8, 0x64, 0xE7, 0x94,
    0x0A, 0xBA, 0x34, 0x0E, 0xBA, 0x34, 0x9E, 0x0C, 0xE8, 0x3E, 0xBF, 0x34, 0xCE, 0x47, 0xDA, 0x54,
    0x86, 0xBC, 0x79, 0x69, 0x2C, 0xC0, 0x2E, 0xD8, 0x6F, 0x04, 0x7E, 0xB9, 0xF2, 0xDF, 0xA5, 0x81,
    0x5A, 0x72, 0x17, 0x22, 0xF0, 0x27, 0x05, 0x57, 0x82, 0x59, 0xAE, 0x59, 0xCD, 0x8A, 0x55, 0x1E,
    0x8F, 0xA8, 0x82, 0xD2, 0xCD, 0x3B, 0x0A, 0xD3, 0x42, 0xB1, 0x59, 0x0A, 0xAA, 0xD1, 0x4A, 0x21,
    0x0B, 0x2F, 0xD7, 0xF2, 0xD9, 0x2E, 0xD7, 0xBA, 0x7C, 0xAA, 0x6D, 0xF2, 0x15, 0x53, 0xCB, 0x8C,
    0x7D, 0xFA, 0x9D, 0xDF, 0xF3, 0x9D, 0x9F, 0xED, 0xCE, 0xE0, 0x28, 0x78, 0x1D, 0x3F, 0xBD, 0x71,
    0x2B, 0xF9, 0x7F, 0xAB, 0xAE, 0xCA, 0x27, 0xA6, 0xAF, 0x8F, 0x7D, 0x04, 0xCC, 0x7A, 0x03, 0xE8,
    0x8D, 0xCC, 0xAD, 0xC3, 0x9C, 0x0D, 0x9F, 0x1A, 0xAA, 0x26, 0xF4, 0x5D, 0x6C, 0x0F, 0x41, 0xB7,
    0x60, 0x62, 0xCE, 0x6A, 0xD1, 0x6A, 0x09, 0x1C, 0xC6, 0xD8, 0x46, 0x1E, 0x8D, 0x9C, 0x91, 0x14,
    0xE0, 0x6D, 0x6B, 0xD4, 0x1F, 0xAA, 0x3A, 0xCD, 0x35, 0x92, 0xA3, 0x91, 0x29, 0x92, 0x9C, 0x6B,
    0x77, 0xBD, 0x19, 0xC9, 0x22, 0x59, 0x2D, 0xEE, 0x32, 0x8C, 0x46, 0xF8, 0x59, 0x24, 0x25, 0x4C,
    0xFB, 0x7A, 0xB3, 0xA0, 0x2F, 0xF9, 0x57, 0x6D, 0x2A, 0x91, 0x59, 0x90, 0xF4, 0xBC, 0x55, 0xEB,
    0x11, 0x9B, 0xB3, 0x8C, 0xAB, 0x32, 0xC2, 0x10, 0xB8, 0xDF, 0x2F, 0xDA, 0x3D, 0xEE, 0xC8, 0x16,
    0x4A, 0x41, 0xCE, 0x08, 0x03, 0xF8, 0x1E, 0x13, 0x15, 0xCB, 0xE2, 0x69, 0xBA, 0x2B, 0xA2, 0xCA,
    0xD9, 0xC0, 0x78, 0x94, 0xED, 0x29, 0x45, 0xF0, 0xAA, 0x52, 0x3B, 0x79, 0xB1, 0x69, 0x0F, 0xB0,
    0x1F, 0xA3, 0x11, 0xF9, 0x40, 0x83, 0xA5, 0x9C, 0xE3, 0xF6, 0x50, 0x1C, 0xF9, 0x64, 0xD8, 0xE5,
    0x10, 0xFA, 0x64, 0x3E, 0x7F, 0x43, 0x73, 0xEF, 0xE5, 0x56, 0x77, 0xCE, 0xE8, 0x13, 0xC1, 0x03,
    0xA3, 0x9F, 0xD8, 0xB3, 0x49, 0xD7, 0x06, 0x49, 0xE1, 0x73, 0xA6, 0x5C, 0xBD, 0xC7, 0x76, 0xD6,
    0x5A, 0x9C, 0xE2, 0xA4, 0x3D, 0xFA, 0x95, 0x48, 0xEE, 0xDA, 0x89, 0x18, 0xF0, 0x64, 0xC3, 0xC9,
    0xA7, 0x15, 0x76, 0x12, 0x3E, 0xA5, 0x2C, 0x7D, 0x7E, 0x13, 0x83, 0xC1, 0x49, 0xBB, 0x93, 0xFA,
    0x8A, 0x74, 0x3B, 0x69, 0x76, 0xC2, 0xD6, 0x2C, 0x4A, 0xA3, 0x7E, 0x21, 0xDA, 0xB4, 0x45, 0x0C,
    0x0C, 0x84, 0x08, 0xDF, 0x00, 0x78, 0xCE, 0x60, 0x5E, 0x72, 0x5E, 0xF6, 0xCD, 0x54, 0xF6, 0x3D,
    0x12, 0xA8, 0x5D, 0x2B, 0xE8, 0x17, 0xAA, 0x88, 0xD9, 0x0B, 0xC7, 0x02, 0x15, 0x8E, 0x09, 0x5D,
    0xCB, 0xBD, 0x8C, 0xFB, 0x16, 0x81, 0xE9, 0xF2, 0x73, 0x26, 0x7A, 0xCF, 0x68, 0xB8, 0xDF, 0xE6,
    0x57, 0x16, 0x0A, 0xA1, 0xB4, 0xE7, 0x97, 0x25, 0x8D, 0x42, 0xE0, 0x59, 0xF7, 0x2F, 0xA2, 0x2E,
    0x51, 0xA5, 0xCE, 0x42, 0xE3, 0x17, 0x5A, 0x26, 0x07, 0xE3, 0x3F, 0x01, 0x42, 0x04, 0xF9, 0xBB,
    0x44, 0x63, 0x82, 0x5D, 0x0B, 0x39, 0x2A, 0x5E, 0x5C, 0x57, 0xBE, 0xA8, 0x8D, 0x0F, 0xCE, 0xA5,
    0xBC, 0x0C, 0x21, 0x0B, 0xF0, 0x85, 0xEB, 0xCF, 0x17, 0x32, 0x82, 0xDC, 0x4F, 0x2E, 0x9D, 0x64,
    0x15, 0x29, 0xA6, 0xE1, 0xC8, 0x7D, 0x38, 0xF1, 0x83, 0x73, 0x97, 0x45, 0x0A, 0x4A, 0x16, 0xC6,
    0x8F, 0x8F, 0xEF, 0xDC, 0x33, 0x06, 0xE7, 0x3E, 0x34, 0xE3, 0x4B, 0xC3, 0x29, 0xC4, 0x7C, 0xB8,
    0xE4, 0xCC, 0x2B, 0x6C, 0x34, 0xF4, 0xB9, 0xEA, 0x0A, 0xB7, 0x16, 0x0F, 0xBE, 0x6C, 0xEF, 0x71,
    0xF5, 0x9C, 0x73, 0x0B, 0x95, 0x33, 0xDB, 0xD6, 0xFF, 0x8D, 0xB6, 0xCD, 0xFE, 0x77, 0xDB, 0x36,
    0xFB, 0x38, 0xB6, 0xD5, 0x93, 0x9E, 0x71, 0xD5, 0x9E, 0xFD, 0xC9, 0xD7, 0x6B, 0x9E, 0x85, 0x8F,
    0xC1, 0x97, 0x33, 0x3E, 0x0B, 0xF7, 0x1A, 0x74, 0x6A, 0x89, 0x90, 0x97, 0xBB, 0xBD, 0x1E, 0x1A,
    0x61, 0xA2, 0xE9, 0xCA, 0x91, 0x50, 0x0D, 0xD5, 0x46, 0xA0, 0xAD, 0xEA, 0x8E, 0xA6, 0x79, 0xED,
    0x96, 0xFC, 0x06, 0x78, 0x24, 0xD8, 0x0C, 0x9E, 0x3E, 0xC4, 0x60, 0x36, 0xC8, 0xC0, 0xDA, 0xF5,
    0xD9, 0xEF, 0x49, 0x64, 0x57, 0x02, 0x64, 0x59, 0xB8, 0x51, 0x83, 0xEC, 0xB9, 0xB8, 0xB7, 0x0C,
    0x32, 0x1A, 0x90, 0xEE, 0xAE, 0x36, 0x96, 0x95, 0xDB, 0xED, 0x4D, 0x04, 0xDD, 0x8A, 0x9D, 0x08,
    0xEF, 0xFB, 0x7E, 0x10, 0x0B, 0xD1, 0x96, 0x1D, 0xD4, 0x9C, 0xFF, 0xBD, 0xB5, 0xB6, 0x27, 0x90,
    0x8E, 0x5A, 0x62, 0xDD, 0x27, 0x6C, 0x3C, 0x1A, 0x9D, 0x7A, 0xA3, 0xB8, 0xCC, 0x9C, 0x0E, 0xDE,
    0x50, 0x46, 0x51, 0x0A, 0x72, 0xFE, 0x7B, 0x34, 0x95, 0x32, 0x3D, 0x24, 0x6D, 0x20, 0x8F, 0xC2,
    0x4B, 0x84, 0x9D, 0x2A, 0x13, 0x10, 0x2D, 0xD0, 0xC9, 0xA2, 0x54, 0xC9, 0x23, 0xD0, 0xFA, 0xF3,
    0x00, 0xBC, 0xA6, 0xC1, 0x3E, 0x68, 0xAF, 0xA9, 0x47, 0x9F, 0xF5, 0xA0, 0xE0, 0xE3, 0xFC, 0xDA,
    0x63, 0xAF, 0xC6, 0x55, 0xE8, 0xB5, 0x6B, 0xEA, 0xF4, 0x80, 0x45, 0x93, 0xDA, 0x2E, 0xB2, 0xC6,
    0x57, 0x30, 0x2B, 0xD6, 0x78, 0x5C, 0x1F, 0x48, 0x1F, 0x89, 0xBA, 0xF9, 0xDC, 0x74, 0x32, 0x9B,
    0xFA, 0xBD, 0x3D, 0x55, 0x1D, 0x6F, 0x4D, 0x55, 0x65, 0x12, 0x37, 0x87, 0x9B, 0xC2, 0xCD, 0xE0,
    0x26, 0x30, 0x2A, 0x8F, 0x12, 0xA4, 0xB6, 0xEB, 0xE9, 0x20, 0x55, 0x35, 0xC7, 0x35, 0xDF, 0x2A,
    0xB8, 0x7A, 0xAE, 0x9A, 0xA9, 0xD5, 0xE3, 0x24, 0x95, 0x12, 0x42, 0xA7, 0x93, 0x68, 0xA3, 0x3D,
    0x01, 0x1D, 0x55, 0xD1, 0x01, 0xBB, 0x61, 0x02, 0x38, 0x68, 0xA0, 0x81, 0xDA, 0xB4, 0x0D, 0x6B,
    0xE0, 0xBD, 0xEC, 0xFA, 0xEE, 0x59, 0xFA, 0xBE, 0xBE, 0x00, 0xDB, 0x0B, 0xB0, 0x6A, 0xAA, 0x38,
    0x04, 0xE6, 0x63, 0x37, 0x8F, 0x32, 0xB2, 0x97, 0x0C, 0xE5, 0xA6, 0xA9, 0x06, 0xC6, 0x89, 0x81,
    0x45, 0xF2, 0xC0, 0x51, 0x25, 0x8A, 0x01, 0x75, 0x1E, 0x59, 0xDD, 0xEC, 0x65, 0xB9, 0xBB, 0x5E,
    0x25, 0x7F, 0xF9, 0x89, 0x6F, 0xD6, 0xAE, 0x9C, 0x3B, 0x28, 0xA7, 0x82, 0x74, 0x19, 0x98, 0x0C,
    0xBF, 0x8A, 0xED, 0x51, 0x8E, 0x53, 0xBB, 0x49, 0x86, 0x6A, 0x53, 0x1A, 0xBE, 0x5F, 0x72, 0x9E,
    0x6C, 0x24, 0x16, 0x73, 0x35, 0x23, 0xE9, 0x2D, 0xCE, 0xCA, 0x51, 0xDF, 0xF1, 0x23, 0x65, 0x21,
    0x9C, 0x9D, 0xD4, 0xB8, 0xE7, 0x0C, 0x6D, 0x57, 0x52, 0xC6, 0x61, 0xD8, 0x69, 0x07, 0xA7, 0x05,
    0x40, 0xD5, 0x21, 0x3A, 0x5F, 0xD3, 0x49, 0x56, 0x29, 0x61, 0x63, 0xBA, 0x54, 0xA4, 0x2A, 0x39,
    0x90, 0x66, 0x46, 0x83, 0xD3, 0x31, 0x52, 0x5A, 0x4E, 0x21, 0x40, 0x5B, 0x16, 0xCA, 0x2B, 0x74,
    0xDE, 0x65, 0x27, 0x6D, 0xA4, 0x57, 0xBF, 0x68, 0xB3, 0x11, 0x48, 0x95, 0x8B, 0x27, 0x47, 0xDE,
    0xE5, 0x8E, 0xA5, 0x45, 0x0D, 0xD4, 0x84, 0x44, 0xB4, 0xE4, 0x69, 0x59, 0xCF, 0x1B, 0xDF, 0x16,
    0xF2, 0x40, 0xE8, 0x05, 0x0D, 0xC5, 0x7D, 0x6B, 0x44, 0x17, 0x7F, 0x9C, 0x5F, 0xD6, 0x1B, 0x65,
    0x52, 0xED, 0x66, 0xD4, 0x0E, 0x22, 0x52, 0x6B, 0xFB, 0x70, 0xA2, 0xCC, 0xFB, 0x9A, 0xB0, 0xCA,
    0xCD, 0x28, 0x37, 0x62, 0x02, 0xEE, 0xBF, 0xF8, 0x7B, 0xDF, 0xD3, 0x99, 0x87, 0x80, 0x48, 0xE5,
    0xE4, 0x80, 0x8D, 0x0E, 0xB4, 0xE0, 0x57, 0x00, 0x56, 0x60, 0x5C, 0xB2, 0x43, 0x11, 0x2C, 0x5A,
    0x7A, 0x53, 0xB9, 0x56, 0x76, 0xC3, 0xEC, 0x33, 0xD0, 0x25, 0x6D, 0x8C, 0x50, 0x2E, 0xCA, 0x6E,
    0xE5, 0x82, 0x2F, 0x5B, 0x95, 0x80, 0xF1, 0xA2, 0xF9, 0xDF, 0x88, 0xBC, 0x7A, 0xF6, 0xDB, 0xC6,
    0x7B, 0xD6, 0xF4, 0x88, 0xAB, 0xC1, 0x91, 0x46, 0xA8, 0xB7, 0x2F, 0xB2, 0x18, 0x71, 0x34, 0xCD,
    0x87, 0xD8, 0xC6, 0xBF, 0x1C, 0x0D, 0xA7, 0xB1, 0x6D, 0x4C, 0x05, 0x85, 0x2B, 0x36, 0x6B, 0xCB,
    0xCD, 0x2E, 0x83, 0xAA, 0x95, 0x77, 0x41, 0x81, 0x3F, 0x3C, 0x3C, 0x6F, 0x17, 0x6B, 0x5B, 0x12,
    0x7A, 0x5C, 0x2B, 0x7B, 0x8F, 0xA7, 0x3F, 0xE4, 0x0E, 0x14, 0x52, 0x6C, 0x15, 0x1E, 0x25, 0xAF,
    0x76, 0xFB, 0x71, 0xAF, 0x74, 0x03, 0x5D, 0xD7, 0xC6, 0xAF, 0x8E, 0xF3, 0xBA, 0x3D, 0x78, 0xC6,
    0x1B, 0x35, 0x9F, 0x74, 0x7E, 0xEB, 0x4C, 0x0D, 0xB2, 0xA5, 0x35, 0xA7, 0x1C, 0xFF, 0x03, 0x60,
    0x86, 0xBD, 0x94, 0x30, 0x38, 0x1D, 0xB9, 0xF4, 0x74, 0xDC, 0xE4, 0xCD, 0x83, 0x5C, 0x7A, 0x52,
    0x6E, 0xFF, 0x11, 0x46, 0x13, 0xDF, 0xA0, 0x9F, 0x99, 0x4D, 0x63, 0x72, 0xA0, 0x43, 0xAF, 0x21,
    0xEA, 0x7F, 0x9E, 0xD9, 0xAE, 0x76, 0xBA, 0xA1, 0x18, 0xD2, 0x2C, 0xBE, 0xB1, 0x0F, 0x59, 0x75,
    0x38, 0x3B, 0x4A, 0x5D, 0xBC, 0xBD, 0xCF, 0x60, 0x39, 0x75, 0xDD, 0x7F, 0xF4, 0x5D, 0x80, 0xF2,
    0x2C, 0x07, 0xF6, 0x7E, 0x60, 0xB5, 0x35, 0xB6, 0x3C, 0x62, 0xD2, 0xD0, 0x5B, 0x8C, 0xA0, 0xD4,
    0x2C, 0xB8, 0xD6, 0x4C, 0xB4, 0x5B, 0x96, 0xFA, 0x3F, 0xD7, 0x6F, 0xBE, 0x53, 0x72, 0x29, 0x6C,
    0xD4, 0xF6, 0x56, 0x11, 0xB7, 0xE8, 0x90, 0x63, 0xE8, 0x9B, 0x94, 0x13, 0x02, 0x4C, 0xB1, 0xB1,
    0x9A, 0x28, 0x4F, 0x24, 0xC9, 0x7D, 0xBF, 0x56, 0xC9, 0xC0, 0x7B, 0x67, 0xFB, 0xF8, 0x14, 0x1D,
    0x97, 0x35, 0xD5, 0xEA, 0x8B, 0xA1, 0xD7, 0xDF, 0x4E, 0xF6, 0x9D, 0x91, 0x29, 0x51, 0x6D, 0x41,
    0x0B, 0xBB, 0x7F, 0x64, 0x66, 0xA3, 0x0D, 0x3E, 0x43, 0xC7, 0x36, 0x91, 0x21, 0xEA, 0x93, 0xEB,
    0x4C, 0x66, 0x43, 0x37, 0x71, 0xBA, 0x3D, 0xA2, 0x11, 0x94, 0xA7, 0x9F, 0xBC, 0x64, 0xA0, 0xB0,
    0xF4, 0x55, 0xD5, 0x7B, 0xF4, 0xB9, 0x42, 0x13, 0xFA, 0x24, 0x53, 0x24, 0xDF, 0xE9, 0x67, 0x9A,
    0x2C, 0x28, 0x1C, 0x6C, 0xD8, 0x8A, 0xDE, 0x2B, 0x6D, 0xEA, 0xF1, 0x8A, 0xF5, 0xC5, 0xA8, 0xCC,
    0xBD, 0x6D, 0x5A, 0x9A, 0xA9, 0x67, 0x8B, 0xF9, 0xBC, 0xB5, 0x8F, 0xA1, 0x08, 0x5D, 0xCC, 0x7D,
    0x6D, 0xA0, 0x2F, 0x43, 0xCA, 0xD4, 0xC2, 0xC2, 0xE5, 0x08, 0xAC, 0x72, 0xE2, 0xB5, 0x0F, 0xD3,
    0x7B, 0x7E, 0x0D, 0x75, 0x64, 0xD6, 0x3B, 0xF7, 0x53, 0xD2, 0x0F, 0xF5, 0x7C, 0x40, 0x57, 0x2F,
    0x19, 0x62, 0xF8, 0x14, 0x9B, 0x55, 0x10, 0x56, 0xEE, 0xE5, 0x6D, 0x94, 0x02, 0x36, 0x63, 0xCD,
    0x0C, 0xFD, 0xA6, 0x3D, 0x47, 0xCD, 0x67, 0x63, 0x93, 0x8E, 0x56, 0xF0, 0x1B, 0xE3, 0xC0, 0x95,
    0x95, 0x11, 0xAC, 0x90, 0xF8, 0x0E, 0x92, 0x5C, 0x77, 0x72, 0xE8, 0x78, 0x55, 0x25, 0x9B, 0x3C,
    0x50, 0x6C, 0x62, 0x4A, 0x4D, 0xD9, 0x90, 0xF1, 0x6C, 0xD6, 0xB4, 0x58, 0xF3, 0xA5, 0x42, 0x86,
    0x14, 0xAF, 0xAF, 0xC5, 0xC0, 0x4B, 0xB6, 0x35, 0x0F, 0x65, 0x93, 0xE3, 0xAD, 0xAD, 0x08, 0xD9,
    0xF8, 0xFB, 0x51, 0xCA, 0x6F, 0x6E, 0xF6, 0x83, 0xD3, 0xDF, 0x4B, 0x32, 0x7C, 0x73, 0xAD, 0x7D,
    0x5B, 0xFA, 0x56, 0x68, 0x9D, 0x71, 0x56, 0x9D, 0x2D, 0x80, 0xE7, 0x2C, 0x47, 0xF5, 0xAF, 0x62,
    0xC5, 0x5A, 0x1B, 0xFB, 0x4C, 0x64, 0x81, 0xEC, 0x8F, 0x92, 0xA6, 0x9C, 0xDB, 0x9F, 0x47, 0xF6,
    0x83, 0x62, 0xAC, 0xA7, 0xFE, 0x14, 0x25, 0x5B, 0x22, 0x0E, 0x18, 0x30, 0xE7, 0x53, 0xBD, 0x21,
    0x6A, 0xD3, 0x6E, 0xFD, 0xA9, 0x46, 0x88, 0xAC, 0x84, 0x45, 0xF3, 0x98, 0xDA, 0x12, 0x12, 0x92,
    0xD4, 0x6F, 0x7E, 0x1B, 0xAF, 0x97, 0xA7, 0xE0, 0x9D, 0x22, 0xA2, 0xFD, 0xDF, 0xAF, 0xB7, 0x84,
    0x2E, 0x64, 0x10, 0x9B, 0xD3, 0x52, 0xCD, 0x32, 0x73, 0x10, 0x23, 0x22, 0xC5, 0x16, 0x89, 0x59,
    0xE7, 0xF0, 0x1D, 0x4C, 0x7B, 0x00, 0xD6, 0xA1, 0xB2, 0xA6, 0xF6, 0xA6, 0x5F, 0x5A, 0x0B, 0x9C,
    0xFE, 0x64, 0x7B, 0x16, 0x00, 0xFF, 0x11, 0xF5, 0x1B, 0xE6, 0xC2, 0x8B, 0xC7, 0xFE, 0xAB, 0xDC,
    0xCB, 0xC7, 0xBD, 0x2D, 0x9D, 0x13, 0xAC, 0x1D, 0x2F, 0xAC, 0xCE, 0x73, 0x3A, 0x70, 0xFA, 0x65,
    0xFE, 0xD7, 0xF1, 0xAF, 0x39, 0x5A, 0xF5, 0x35, 0xD1, 0x5F, 0x71, 0xF5, 0xB7, 0xD9, 0x5F, 0xB9,
    0xDA, 0x5F, 0x15, 0xEC, 0xAF, 0x3E, 0xFF, 0x5B, 0x18, 0x54, 0x21, 0xC3, 0xFC, 0x99, 0x7A, 0xEB,
    0x11, 0xFE, 0x5C, 0xBF, 0xE4, 0x3A, 0x62, 0xAD, 0xE2, 0x70, 0x6F, 0x34, 0x8C, 0x26, 0xCE, 0x88,
    0xA4, 0x3A, 0x1D, 0x6C, 0x2F, 0x1F, 0x8F, 0x43, 0x6C, 0xA7, 0xB2, 0x89, 0xED, 0xD3, 0x77, 0x39,
    0x23, 0x96, 0x9B, 0x3F, 0xB2, 0xFC, 0x9F, 0x23, 0x3F, 0x4B, 0x73, 0x2F, 0x35, 0x17, 0xB6, 0x20,
    0x4D, 0xB5, 0xE5, 0xFA, 0x4B, 0x85, 0xC9, 0xEE, 0x88, 0x31, 0x15, 0x1F, 0x4C, 0x51, 0xA4, 0xFA,
    0x47, 0x26, 0x52, 0xDD, 0xD8, 0x62, 0xDB, 0x5B, 0xB0, 0xBD, 0xB7, 0xB2, 0xF0, 0x14, 0x58, 0x75,
    0xD2, 0x62, 0xCE, 0x42, 0xA4, 0xEA, 0x2B, 0x2A, 0x88, 0x54, 0x21, 0xB6, 0x5B, 0xC1, 0x9F, 0xDD,
    0x44, 0x79, 0x4F, 0x55, 0xC8, 0xF0, 0xA3, 0xC9, 0x66, 0xE5, 0x07, 0x63, 0x14, 0x0C, 0xE8, 0x6C,
    0xAA, 0xC2, 0x36, 0x93, 0x6A, 0xA1, 0x3D, 0xBA, 0xFD, 0x02, 0xA2, 0xE1, 0xF6, 0xCD, 0x3E, 0xFF,
    0x30, 0xC2, 0xB3, 0x8E, 0xC7, 0x21, 0xEB, 0x9C, 0x38, 0x5A, 0x70, 0x2F, 0x29, 0xED, 0x99, 0xCF,
    0x2A, 0x95, 0x15, 0x53, 0xF6, 0x22, 0x8E, 0x99, 0xB6, 0xED, 0xD3, 0x91, 0x9B, 0xB5, 0x55, 0x83,
    0x13, 0x62, 0x41, 0x6C, 0x1B, 0xA1, 0xD9, 0xCF, 0x90, 0x16, 0x4C, 0x2E, 0x0E, 0x34, 0x60, 0x52,
    0xFF, 0x9D, 0xEE, 0x41, 0x5B, 0xEE, 0x71, 0x79, 0xD2, 0xEB, 0x02, 0x91, 0x79, 0x4A, 0x89, 0x25,
    0x79, 0x29, 0x4E, 0xE7, 0xD4, 0x6E, 0x4C, 0x0E, 0x97, 0x97, 0x4D, 0xAC, 0x52, 0x98, 0x1D, 0xF8,
    0x89, 0x93, 0x3E, 0x12, 0xD5, 0x67, 0x37, 0x23, 0xE6, 0xCE, 0x55, 0x65, 0x9E, 0xCC, 0xAF, 0x74,
    0xC6, 0x82, 0xA4, 0xC6, 0x54, 0xEE, 0xC4, 0xCA, 0xB0, 0x1C, 0xB2, 0xD5, 0x52, 0xDC, 0xCE, 0x68,
    0x99, 0x85, 0xD5, 0xFF, 0x1E, 0xFA, 0xC9, 0x64, 0xAC, 0x9F, 0x2F, 0x4C, 0xBB, 0x42, 0x8D, 0xC9,
    0x48, 0x16, 0x2A, 0x9C, 0x78, 0x28, 0x5D, 0x2A, 0xBC, 0x17, 0xED, 0xF1, 0xFF, 0xF2, 0xD8, 0x1D,
    0x77, 0xC4, 0x6F, 0x8D, 0xC5, 0x16, 0xC9, 0x67, 0x5B, 0x0C, 0x45, 0xC8, 0xF0, 0xCB, 0xA9, 0x45,
    0x57, 0x2C, 0x07, 0xA8, 0xF0, 0x39, 0x59, 0xDE, 0xC0, 0x35, 0x89, 0x79, 0x83, 0xF6, 0x6A, 0xDB,
    0x9D, 0x5E, 0xB3, 0x5A, 0x9C, 0xE9, 0x2C, 0xD0, 0xAF, 0xAF, 0x4C, 0x0A, 0x5B, 0xB4, 0x26, 0xAE,
    0x5D, 0xDA, 0x50, 0x05, 0x83, 0xBD, 0xCF, 0x18, 0xB0, 0x11, 0x7E, 0xF5, 0x7D, 0xD5, 0x81, 0x10,
    0xE1, 0x28, 0xC8, 0x61, 0xAB, 0xBA, 0xEA, 0xAA, 0x8D, 0x41, 0x0E, 0x8B, 0x0A, 0x63, 0x66, 0x70,
    0x83, 0x8A, 0xBB, 0x9B, 0x8A, 0xAB, 0x0F, 0x05, 0xB0, 0x91, 0x33, 0x3F, 0xB8, 0x7C, 0x65, 0x5F,
    0xAC, 0xB5, 0x94, 0x7A, 0xCD, 0xB8, 0x5E, 0x2C, 0x9B, 0x35, 0x33, 0xF2, 0xC6, 0xDE, 0x27, 0x46,
    0xA7, 0x02, 0x6E, 0xC5, 0xEC, 0xAD, 0x0E, 0x6A, 0x99, 0xFA, 0x2E, 0xD6, 0x72, 0x5F, 0xED, 0x74,
    0xE0, 0xEF, 0x67, 0xDF, 0x4E, 0xAA, 0xCD, 0x5A, 0xCD, 0x16, 0xEE, 0xCF, 0xA6, 0x53, 0x81, 0x9B,
    0xDB, 0x06, 0x6F, 0xC8, 0x5E, 0x7A, 0x1C, 0x27, 0xCC, 0x5D, 0x9B, 0xAB, 0x3A, 0xF1, 0x77, 0x6F,
    0x52, 0xD1, 0x03, 0xF0, 0x67, 0x36, 0x51, 0x43, 0x66, 0xED, 0xC8, 0x56, 0x89, 0x56, 0x93, 0x53,
    0xB6, 0xE2, 0x85, 0x3F, 0xCE, 0x58, 0x86, 0x5C, 0xB5, 0x71, 0xC6, 0xAE, 0xFF, 0x75, 0xD2, 0xB6,
    0xC1, 0xCC, 0xDE, 0x2F, 0x66, 0x75, 0x84, 0xAF, 0x32, 0xDD, 0x0B, 0xE6, 0x0B, 0xCC, 0xFB, 0x16,
    0xF6, 0x66, 0x78, 0xB8, 0xE8, 0x4A, 0xC7, 0xAC, 0x28, 0x7B, 0xA7, 0x3D, 0xDE, 0xE2, 0x46, 0xBF,
    0x72, 0xBA, 0xF4, 0x13, 0x01, 0x93, 0x69, 0x76, 0x05, 0xA3, 0x41, 0x8A, 0x93, 0xC1, 0xC1, 0x93,
    0x22, 0x07, 0xF7, 0x28, 0xF3, 0x44, 0x73, 0x59, 0x46, 0x1F, 0x46, 0x96, 0x48, 0x6A, 0x42, 0xBD,
    0x18, 0x34, 0x18, 0x35, 0x7A, 0xC3, 0xD1, 0xB9, 0x78, 0xAF, 0x4F, 0xCE, 0xEF, 0x4F, 0x16, 0x02,
    0x63, 0xD8, 0x44, 0x21, 0xE0, 0x1C, 0x6A, 0xE0, 0xE4, 0xE0, 0x37, 0xF6, 0x4A, 0xA7, 0x99, 0xA5,
    0x70, 0x2B, 0x31, 0xBD, 0x67, 0xE6, 0x53, 0xED, 0x29, 0x0A, 0x51, 0x35, 0x9C, 0xAD, 0x55, 0xD0,
    0x28, 0x3E, 0x86, 0xA6, 0xCB, 0xAC, 0x41, 0xD4, 0x74, 0xA6, 0xDA, 0x10, 0x9B, 0xDC, 0x5C, 0x5F,
    0x59, 0x14, 0xA0, 0x2B, 0xED, 0x42, 0x3E, 0x07, 0x4C, 0x6B, 0x8B, 0xA4, 0x57, 0xA3, 0x15, 0xD3,
    0x77, 0x42, 0xB5, 0x24, 0x0F, 0xED, 0xEC, 0xFD, 0x0C, 0xC8, 0xB1, 0xD1, 0x92, 0xB2, 0x29, 0xA2,
    0x2D, 0xF1, 0xC5, 0xF8, 0x25, 0xD6, 0x0C, 0xCB, 0xD1, 0xC8, 0x9C, 0x61, 0x8C, 0x24, 0xA5, 0x8B,
    0x73, 0x34, 0x5C, 0xA3, 0x2D, 0xEA, 0xE8, 0xEE, 0x46, 0x24, 0xA7, 0xA5, 0xF8, 0xDE, 0x5C, 0xCC,
    0xF7, 0x26, 0x33, 0xDF, 0x9B, 0xDC, 0x7A, 0x2F, 0x52, 0xD1, 0xDD, 0x7A, 0xDF, 0xCE, 0xFE, 0xBE,
    0x9F, 0xFC, 0x3D, 0x26, 0x7F, 0x8F, 0xF9, 0x07, 0x7A, 0x0F, 0x2C, 0x7A, 0xDF, 0xEE, 0xFB, 0x09,
    0x57, 0x70, 0xBB, 0x1B, 0x62, 0x95, 0xE4, 0xC4, 0x55, 0x08, 0x98, 0x88, 0x3A, 0x5C, 0xC8, 0x50,
    0xB2, 0x75, 0x38, 0xA0, 0x23, 0x66, 0x48, 0x68, 0xCA, 0xA3, 0x17, 0xF0, 0x8B, 0x60, 0x58, 0x6C,
    0xE5, 0x4C, 0x44, 0xED, 0xF7, 0x0C, 0xED, 0x28, 0xF4, 0xEA, 0xC0, 0xF5, 0x8F, 0xB2, 0x93, 0x73,
    0xE4, 0x02, 0x47, 0x0C, 0x44, 0x4B, 0x57, 0xDD, 0xD3, 0x8E, 0x03, 0x21, 0x8E, 0x4E, 0xE4, 0xE8,
    0x1C, 0x8F, 0x6D, 0x53, 0x05, 0xAD, 0xCE, 0x0A, 0x93, 0xF6, 0x27, 0x52, 0xAE, 0xBF, 0x71, 0xA7,
    0x34, 0x11, 0x73, 0xBD, 0xF6, 0x6D, 0x54, 0x80, 0x89, 0xD8, 0x5E, 0xE1, 0x48, 0x4C, 0xD5, 0x13,
    0x03, 0x9D, 0x03, 0xDF, 0x40, 0x0A, 0x64, 0x5E, 0x62, 0x37, 0xDF, 0xC5, 0x93, 0xC6, 0xAF, 0x9D,
    0x18, 0xE6, 0x0A, 0x85, 0x36, 0x54, 0x16, 0x09, 0xA9, 0x25, 0x84, 0x19, 0x4E, 0x19, 0x86, 0x2A,
    0x1A, 0x72, 0xCC, 0xD1, 0xF1, 0x3A, 0xAA, 0x40, 0x42, 0xAC, 0x36, 0x39, 0x2D, 0xCE, 0xE7, 0xD6,
    0xB0, 0xE5, 0x92, 0x82, 0x49, 0xF3, 0x98, 0xC8, 0x2B, 0x2B, 0xD8, 0xCB, 0xD8, 0x8F, 0xA1, 0x45,
    0x12, 0xE6, 0x28, 0x26, 0x97, 0xA6, 0x28, 0x66, 0x61, 0xA9, 0xBF, 0x8D, 0xB0, 0xD2, 0x4B, 0x0C,
    0x60, 0x1C, 0xF1, 0x9E, 0xAA, 0x05, 0x9C, 0x70, 0x12, 0xCF, 0xC4, 0xFD, 0x4B, 0xBC, 0x71, 0x5E,
    0x5F, 0xA7, 0x3D, 0xE5, 0x4F, 0x61, 0x15, 0x84, 0xF5, 0x39, 0x52, 0xAF, 0xD3, 0x8E, 0x7E, 0x7C,
    0x96, 0xFA, 0x21, 0x1A, 0xBD, 0xB1, 0xC2, 0xE5, 0xD1, 0xB4, 0xB4, 0x84, 0x6F, 0x8C, 0x27, 0xCE,
    0xA1, 0x36, 0x6B, 0x62, 0x44, 0x65, 0x17, 0x2D, 0xBF, 0x0E, 0x85, 0xE5, 0x39, 0xCF, 0x35, 0x87,
    0xD5, 0x41, 0x85, 0xC1, 0xC5, 0xB8, 0x09, 0xA5, 0x4C, 0x5C, 0xF3, 0x13, 0x86, 0x68, 0x72, 0x91,
    0x04, 0xDE, 0x8D, 0xBC, 0x35, 0x1B, 0xF4, 0xFF, 0x38, 0xDA, 0x1C, 0x86, 0x55, 0x2B, 0xBE, 0x1A,
    0x21, 0x29, 0x10, 0x54, 0xAF, 0x9D, 0x99, 0x39, 0x3F, 0x71, 0x37, 0xDB, 0xC2, 0x7B, 0x95, 0x27,
    0xF5, 0x18, 0x6F, 0xE4, 0x49, 0xD7, 0xD9, 0xD2, 0xF1, 0x2C, 0x5B, 0x2A, 0x7E, 0x9B, 0x6C, 0x09,
    0x4B, 0x24, 0xC7, 0xDB, 0xB2, 0xA5, 0xE3, 0xFB, 0xD4, 0x8B, 0x8A, 0xD4, 0x6A, 0xA5, 0xFE, 0x48,
    0x45, 0xC9, 0x6B, 0x5A, 0xF2, 0x87, 0x54, 0xFD, 0xF3, 0xF1, 0xBF, 0x77, 0xA6, 0x97, 0x9E, 0x58,
    0xE4, 0xDA, 0x1C, 0xB7, 0xF8, 0xB1, 0x5D, 0xB4, 0x0A, 0x16, 0x98, 0xFC, 0x11, 0xFB, 0xBE, 0x4F,
    0x2D, 0xD6, 0xB6, 0xB3, 0x05, 0x64, 0x3F, 0x59, 0x38, 0xAA, 0xE5, 0xAA, 0x6C, 0x1A, 0x1F, 0xD8,
    0x26, 0xED, 0x33, 0x1A, 0x5C, 0xE1, 0x9C, 0x79, 0xDB, 0xA9, 0x6D, 0x2C, 0x8C, 0xFF, 0x65, 0xF0,
    0x24, 0x44, 0x19, 0xB6, 0xD2, 0xF3, 0xFD, 0x34, 0x9E, 0xC6, 0x08, 0xBC, 0x7C, 0x94, 0x5E, 0x76,
    0x35, 0x26, 0x85, 0x5E, 0x24, 0x29, 0x03, 0x5A, 0xC7, 0x56, 0xAE, 0x72, 0xBE, 0xB8, 0xA5, 0x4E,
    0x92, 0xAB, 0x55, 0x8E, 0x1F, 0xD8, 0x1A, 0xAC, 0xF7, 0x3A, 0xB3, 0x69, 0x11, 0x3B, 0x92, 0xE8,
    0xA8, 0xF6, 0xC2, 0x2A, 0xB7, 0x18, 0xA9, 0xB8, 0x88, 0xE9, 0x7D, 0x3F, 0xB1, 0xC8, 0xC0, 0x84,
    0x2E, 0xC6, 0x38, 0x96, 0xCC, 0xC8, 0x96, 0x61, 0x29, 0x30, 0xB2, 0x98, 0xB0, 0x01, 0xD3, 0x5F,
    0x17, 0x40, 0x81, 0x35, 0xB2, 0xCC, 0x0A, 0x17, 0x63, 0x8D, 0xCE, 0x52, 0x81, 0xAF, 0x30, 0x20,
    0x3E, 0x09, 0xEA, 0x3C, 0x92, 0x3A, 0x39, 0x23, 0xCA, 0x82, 0xE7, 0xE6, 0xAD, 0xDE, 0x70, 0x2B,
    0x69, 0x1D, 0x93, 0xB0, 0x93, 0xC7, 0xDC, 0x85, 0xE7, 0xBD, 0xFC, 0x5B, 0xFF, 0x8C, 0x6D, 0x62,
    0x6D, 0xCB, 0x94, 0xF9, 0x6B, 0xE9, 0x0B, 0x81, 0xF3, 0x33, 0xB6, 0x58, 0xD9, 0x32, 0xD7, 0xF9,
    0x3A, 0x17, 0x18, 0xD3, 0xA7, 0x88, 0xED, 0xBC, 0xB7, 0x9B, 0xB5, 0xE5, 0x4A, 0x3D, 0x2D, 0xAB,
    0xB0, 0x37, 0xBC, 0xF6, 0xFB, 0x53, 0x15, 0x1D, 0x58, 0x5F, 0xF4, 0x0C, 0xC9, 0x77, 0x23, 0x03,
    0x2C, 0xD6, 0x74, 0x35, 0x6B, 0x93, 0x68, 0x6A, 0xC5, 0xB1, 0xFF, 0xDA, 0xEB, 0x1C, 0x47, 0x2E,
    0x5A, 0x26, 0x9C, 0xF5, 0x7F, 0xC0, 0xDF, 0x72, 0xD1, 0xA2, 0x68, 0x42, 0x9F, 0x21, 0xEF, 0x61,
    0xAA, 0x55, 0x1D, 0x99, 0x6B, 0xD5, 0x47, 0x96, 0x76, 0x52, 0x3A, 0xD2, 0x13, 0xDB, 0x45, 0xC2,
    0xB5, 0x33, 0x46, 0x8A, 0x3D, 0x19, 0x22, 0xC1, 0xCF, 0x71, 0xFA, 0xBC, 0xFD, 0x76, 0xF3, 0x3D,
    0x3C, 0x9F, 0xAC, 0x3F, 0x26, 0x74, 0xBD, 0x55, 0x20, 0xC1, 0x34, 0xDE, 0xD2, 0x79, 0xCA, 0x4D,
    0xA1, 0x4D, 0x62, 0xAF, 0x6B, 0x9C, 0x35, 0xA3, 0x76, 0x12, 0xCA, 0x47, 0xE1, 0x24, 0x19, 0xC5,
    0xA2, 0x4C, 0x14, 0x88, 0xD2, 0x50, 0x14, 0xCA, 0x41, 0x21, 0x4C, 0x82, 0xD1, 0x86, 0x1F, 0x38,
    0x36, 0x07, 0xE6, 0xA8, 0x5E, 0x06, 0x7E, 0x48, 0x0B, 0x72, 0x72, 0xA7, 0x2C, 0xFD, 0x1C, 0x82,
    0x19, 0x22, 0xA3, 0x8E, 0xD9, 0xEC, 0x1B, 0xD3, 0x71, 0x9F, 0xE3, 0xCE, 0xDD, 0x69, 0x6C, 0xD3,
    0x07, 0xAF, 0xF3, 0x9B, 0x02, 0x67, 0xBF, 0x01, 0x0F, 0x16, 0x47, 0xED, 0x62, 0xAD, 0xD5, 0xC4,
    0x98, 0xC9, 0xF5, 0x5D, 0xA9, 0xC2, 0xF4, 0x6C, 0xC3, 0xF2, 0xDF, 0xBC, 0x71, 0x6F, 0xFF, 0x4D,
    0x7A, 0x7A, 0x9F, 0x6E, 0x1B, 0xB4, 0x40, 0xF7, 0x14, 0x37, 0x70, 0x51, 0x2E, 0xB7, 0x0A, 0x1C,
    0xB5, 0x9D, 0x73, 0x0E, 0xDA, 0x60, 0x54, 0x62, 0x18, 0x5B, 0x91, 0x23, 0xBA, 0x8C, 0x41, 0xE1,
    0xE5, 0xDB, 0x62, 0x63, 0x2A, 0x64, 0xF1, 0x0F, 0x23, 0xCC, 0xE5, 0x36, 0x91, 0xAD, 0xDF, 0x6F,
    0xE8, 0xF6, 0x2B, 0x83, 0x25, 0x12, 0x5E, 0x3F, 0xCF, 0x95, 0xCE, 0x04, 0xBD, 0xED, 0xA4, 0x94,
    0xD5, 0xB7, 0x56, 0xEE, 0xB1, 0x16, 0x82, 0x2F, 0xE3, 0xC3, 0x23, 0x7E, 0x14, 0xBB, 0x69, 0x81,
    0xD4, 0xFA, 0x36, 0xC2, 0xAC, 0x98, 0x8F, 0x57, 0x24, 0x2E, 0x3C, 0x2C, 0x3D, 0xBE, 0x9F, 0xB5,
    0x81, 0xB5, 0x68, 0xEB, 0xC8, 0xFB, 0xFB, 0xCF, 0xF6, 0xBE, 0x1F, 0xC8, 0x8E, 0xAC, 0x3A, 0xFF,
    0xF6, 0x7B, 0x3F, 0x6D, 0xFF, 0xD0, 0xB3, 0xDD, 0x04, 0xB0, 0x94, 0xA5, 0xC2, 0x4D, 0x48, 0x61,
    0x17, 0x9D, 0x38, 0x74, 0xD1, 0xCD, 0x6E, 0x48, 0xB0, 0x1B, 0x20, 0x08, 0x36, 0x20, 0x21, 0xA0,
    0xE4, 0x40, 0x79, 0xD5, 0x9A, 0x6E, 0xA0, 0x0A, 0x07, 0x04, 0xA8, 0x5C, 0xD8, 0x04, 0x24, 0x0E,
    0x70, 0x79, 0x35, 0x1B, 0xC8, 0x21, 0xC1, 0xA2, 0x6E, 0x56, 0xC1, 0x06, 0x1B, 0xF0, 0x30, 0x10,
    0x11, 0xD0, 0x80, 0x70, 0x95, 0x21, 0xD8, 0xC6, 0xB4, 0x70, 0x4B, 0xDB, 0xDD, 0xC7, 0x73, 0xBE,
    0xEF, 0x9E, 0x79, 0xF7, 0xE9, 0xE9, 0x69, 0x34, 0xEC, 0xAC, 0x76, 0xB4, 0x4C, 0xD7, 0xEA, 0x9E,
    0xB3, 0x6F, 0x9E, 0x34, 0xDD, 0x7D, 0xCF, 0xFD, 0x77, 0xCE, 0x77, 0xBE, 0x63, 0xDB, 0x58, 0x78,
    0x3B, 0xBD, 0xA9, 0x5B, 0xAA, 0x58, 0x24, 0xBF, 0xF6, 0x11, 0x14, 0x88, 0x5A, 0x18, 0xF7, 0xFB,
    0x11, 0x40, 0x51, 0x24, 0xA2, 0x49, 0x66, 0xE2, 0x04, 0x46, 0x88, 0x7C, 0x40, 0xC7, 0xD4, 0x9D,
    0x8A, 0x48, 0x77, 0x88, 0x5F, 0xAD, 0x4A, 0x7D, 0x23, 0x52, 0xD5, 0x33, 0xB6, 0x46, 0x97, 0x0A,
    0x64, 0x65, 0x30, 0x7A, 0xB7, 0x9A, 0x2D, 0x2E, 0x1E, 0x73, 0x9A, 0xC6, 0x2F, 0x23, 0x64, 0xC7,
    0xE2, 0xFB, 0xEF, 0x91, 0x8B, 0x6A, 0x31, 0xB8, 0x49, 0xE3, 0x93, 0x4B, 0xEF, 0xD2, 0xAC, 0xD8,
    0xF2, 0x13, 0xFE, 0x74, 0xF7, 0xE2, 0x8D, 0xF2, 0x4E, 0x79, 0xAB, 0xBC, 0x57, 0xDC, 0xAC, 0xC3,
    0xDD, 0xBA, 0xA5, 0x4D, 0x26, 0x70, 0xB6, 0xA2, 0xD7, 0xF5, 0x8E, 0x79, 0xCB, 0xBC, 0x67, 0xDE,
    0x34, 0xEF, 0x9A, 0xB7, 0xED, 0x70, 0xDF, 0x0E, 0x37, 0xEE, 0x70, 0xE7, 0x0E, 0xB7, 0xEE, 0x70,
    0xEF, 0xBC, 0x79, 0xDE, 0x3D, 0x6E, 0xDF, 0x16, 0x3B, 0x0E, 0x99, 0x05, 0x41, 0x56, 0x68, 0x17,
    0x37, 0x99, 0xC3, 0x61, 0x30, 0x9D, 0x16, 0x6D, 0xE7, 0x5B, 0xF3, 0xCC, 0x0F, 0x3C, 0xAE, 0x20,
    0xDF, 0xFE, 0x6D, 0x3A, 0xD7, 0xE9, 0x67, 0xFF, 0xB6, 0x0C, 0x44, 0x66, 0xC3, 0xCB, 0x3C, 0x2D,
    0xF4, 0x0E, 0x60, 0x00, 0xE9, 0x51, 0x5B, 0x1D, 0xB6, 0xFA, 0x6B, 0x49, 0xA5, 0x91, 0x8D, 0xDA,
    0xE6, 0x63, 0xC2, 0x76, 0x76, 0x9C, 0x11, 0xD0, 0x59, 0xDA, 0x66, 0xA3, 0x9E, 0xA1, 0xED, 0x80,
    0xEA, 0x8D, 0x31, 0xB5, 0x81, 0xCB, 0x49, 0xC7, 0x56, 0xF7, 0x6C, 0xB6, 0xED, 0x34, 0xDC, 0xBC,
    0x16, 0xA9, 0xFD, 0xA2, 0x36, 0xEC, 0x31, 0x26, 0x29, 0xF2, 0x8B, 0xF5, 0x48, 0x83, 0xE2, 0x3B,
    0x48, 0x7A, 0x33, 0xA7, 0xF7, 0xCA, 0x57, 0x4C, 0x47, 0xF9, 0x35, 0x99, 0xE8, 0x8F, 0x2C, 0xD4,
    0x0B, 0x2E, 0x3C, 0x8A, 0x32, 0x84, 0x0C, 0x8F, 0xC0, 0xAD, 0xE0, 0xE1, 0xD9, 0xDA, 0x34, 0xC5,
    0x0E, 0x92, 0xBB, 0x57, 0x8C, 0x3F, 0x25, 0x68, 0x71, 0x0B, 0xAB, 0x56, 0x53, 0x32, 0x13, 0x78,
    0xFF, 0x53, 0x22, 0x2B, 0x1B, 0xCE, 0xCD, 0xCE, 0x11, 0xF4, 0x18, 0x1D, 0x14, 0xE1, 0x60, 0xE2,
    0x51, 0x26, 0x6B, 0x75, 0x56, 0x6C, 0xCA, 0xD6, 0x01, 0xE6, 0x2F, 0x4D, 0x6A, 0x10, 0x00, 0x3C,
    0x9A, 0xD8, 0x7E, 0x35, 0x61, 0x44, 0x6B, 0xB4, 0x0F, 0x33, 0x29, 0x9E, 0x41, 0xFC, 0x57, 0x8F,
    0x81, 0x79, 0xBB, 0x14, 0x57, 0x36, 0xB1, 0xA6, 0x3B, 0x25, 0x23, 0xE7, 0x8B, 0xD5, 0xE6, 0xE1,
    0x57, 0x3C, 0xC5, 0x4D, 0xFC, 0x4F, 0x75, 0xCD, 0xEF, 0xB2, 0xEB, 0xC2, 0xF5, 0x8B, 0xD2, 0x89,
    0x74, 0xDC, 0xC7, 0x86, 0xCE, 0x3E, 0x6E, 0x5C, 0x43, 0x47, 0x41, 0x36, 0x1D, 0xED, 0x54, 0x17,
    0xF9, 0x54, 0xE7, 0x22, 0x89, 0xF4, 0xD1, 0x0D, 0x17, 0x77, 0x8B, 0x21, 0x19, 0xE3, 0x39, 0x1B,
    0x13, 0xD1, 0x3F, 0xAA, 0xEB, 0x67, 0xCE, 0x2E, 0xBA, 0x2C, 0xB8, 0x6F, 0x96, 0xCE, 0xDD, 0xC4,
    0x3E, 0x72, 0x8D, 0x4D, 0xC0, 0xD2, 0xFE, 0x70, 0x4A, 0xA7, 0x67, 0xC6, 0xFE, 0xCC, 0x3C, 0x41,
    0x64, 0x23, 0xFF, 0xE4, 0xF8, 0x13, 0xBB, 0x7C, 0x16, 0x9F, 0xF8, 0xD5, 0xDB, 0x54, 0x9B, 0xB4,
    0x47, 0xC7, 0x70, 0x06, 0x12, 0x4D, 0xCB, 0x07, 0xFE, 0x74, 0xE7, 0xC2, 0x6A, 0xAB, 0xF6, 0xC4,
    0xF4, 0x51, 0x8B, 0xCA, 0x5B, 0x53, 0x69, 0x83, 0xB9, 0xD1, 0xA0, 0x87, 0xC9, 0xA6, 0x99, 0xED,
    0x68, 0x93, 0x8D, 0xD6, 0xE4, 0x0F, 0x38, 0x03, 0xCC, 0x05, 0xE0, 0x3C, 0x08, 0xDE, 0x37, 0x0B,
    0xF1, 0x29, 0x86, 0x1F, 0x88, 0x47, 0x2E, 0xF2, 0x5C, 0xE8, 0x72, 0x29, 0x8C, 0xC9, 0x81, 0xDE,
    0xB0, 0xF0, 0x14, 0x9B, 0x79, 0x59, 0xD7, 0x90, 0x8B, 0x99, 0x73, 0x44, 0x3C, 0x94, 0x3C, 0x24,
    0x77, 0x75, 0x47, 0xC7, 0x2F, 0x65, 0xDE, 0xC8, 0xDD, 0x42, 0xEF, 0xA1, 0x12, 0x4E, 0x68, 0x9E,
    0xC5, 0x45, 0x22, 0xC1, 0x01, 0x67, 0xE6, 0x6E, 0x3F, 0xF2, 0xA7, 0xBB, 0xA5, 0x49, 0x5D, 0x3E,
    0x0E, 0x65, 0xDC, 0xC7, 0x52, 0x64, 0xE3, 0x85, 0x55, 0x77, 0x28, 0xF3, 0x31, 0x7F, 0x01, 0x36,
    0xD6, 0x97, 0x6F, 0xA9, 0x5D, 0x48, 0x5B, 0xFB, 0x58, 0x68, 0x0E, 0x52, 0x93, 0x01, 0x33, 0x5E,
    0x74, 0xA3, 0xD0, 0xAD, 0x8B, 0xF6, 0xB1, 0xEE, 0x5E, 0xB4, 0x9F, 0xF5, 0xD9, 0xF0, 0x5B, 0x33,
    0xE9, 0x6E, 0xEA, 0x13, 0x72, 0x27, 0x0C, 0xB9, 0xA4, 0x6C, 0x21, 0xB1, 0x4F, 0xAE, 0x1C, 0x77,
    0xC1, 0x9F, 0xF5, 0x79, 0xC4, 0x32, 0xA8, 0x23, 0xEF, 0x26, 0x57, 0x6D, 0x11, 0x79, 0x5E, 0x7F,
    0x28, 0x32, 0x63, 0x0F, 0x53, 0x60, 0x03, 0xC8, 0xFD, 0x6F, 0x20, 0x79, 0xF8, 0x6D, 0xD3, 0x99,
    0x31, 0x17, 0x3B, 0xB7, 0x66, 0x23, 0xE6, 0x44, 0x6E, 0xA2, 0x71, 0xA0, 0x63, 0x80, 0x60, 0x13,
    0x47, 0xBB, 0x5A, 0x21, 0xC4, 0x5F, 0x99, 0x5B, 0x61, 0x51, 0x07, 0xFB, 0x18, 0xDF, 0xCE, 0x50,
    0x45, 0x82, 0x76, 0x76, 0x9B, 0x29, 0x5B, 0xA9, 0xCC, 0x4A, 0x4C, 0xD6, 0xB5, 0x4F, 0xF0, 0xFD,
    0xB1, 0x9E, 0x0E, 0xA7, 0x88, 0x44, 0x27, 0x18, 0x5B, 0x91, 0xB4, 0xA7, 0x73, 0x4C, 0x9C, 0xFF,
    0x2A, 0xD7, 0x94, 0xA2, 0x19, 0x87, 0x80, 0x7E, 0xB3, 0xDD, 0x28, 0x0B, 0xD5, 0xED, 0x44, 0x66,
    0xC8, 0x59, 0x4B, 0xE0, 0x69, 0xB9, 0xB0, 0x93, 0x79, 0x87, 0xD7, 0x59, 0x72, 0xB9, 0xF3, 0xEE,
    0x39, 0x50, 0x6C, 0x5A, 0x1D, 0x69, 0xFC, 0x81, 0xC3, 0xC6, 0xA7, 0xC9, 0xF6, 0x67, 0x2D, 0x78,
    0x81, 0x09, 0xE5, 0xE8, 0x74, 0xB4, 0xA8, 0x88, 0x98, 0x4C, 0x20, 0xEB, 0x75, 0xC6, 0xCF, 0xFF,
    0x60, 0xA3, 0xB9, 0xE7, 0xBD, 0xF3, 0x91, 0xF6, 0x5C, 0x7F, 0x7A, 0xAE, 0xB4, 0x33, 0xD4, 0xA3,
    0x9F, 0xF9, 0xBA, 0xF6, 0x28, 0xBB, 0xAD, 0x66, 0xCB, 0xBB, 0x6E, 0x36, 0x1B, 0x63, 0x3C, 0x66,
    0xC4, 0x77, 0xD2, 0x40, 0x67, 0xBE, 0x06, 0x26, 0x19, 0xBC, 0x56, 0xBE, 0x00, 0xC3, 0x98, 0xC2,
    0xB5, 0x5C, 0xCE, 0x3B, 0x79, 0xDA, 0x65, 0x55, 0x0F, 0x4A, 0x8B, 0xA5, 0x44, 0x89, 0xBD, 0x9B,
    0xD5, 0xB9, 0xDB, 0xB9, 0x57, 0x9C, 0x74, 0x48, 0xED, 0x96, 0xBB, 0x3E, 0xE4, 0x20, 0x77, 0x3C,
    0xD5, 0x96, 0x23, 0xB2, 0xA6, 0x31, 0x1E, 0x25, 0xCF, 0x67, 0x10, 0xE6, 0x79, 0x10, 0xFC, 0x0C,
    0x01, 0x7B, 0x21, 0x02, 0x8E, 0x0C, 0x44, 0x5D, 0x00, 0x94, 0x4A, 0x49, 0x32, 0x51, 0xCF, 0x2E,
    0xAA, 0x77, 0x99, 0x16, 0xC2, 0x43, 0xB4, 0x81, 0xC6, 0x0D, 0x07, 0xC5, 0x5E, 0xD4, 0xB9, 0xC2,
    0x41, 0x26, 0x94, 0x2D, 0x64, 0x24, 0xEB, 0x64, 0xE6, 0x19, 0x3F, 0x9D, 0x39, 0xA3, 0x63, 0x43,
    0x06, 0xBF, 0x08, 0xE0, 0x40, 0x15, 0xB2, 0x11, 0x75, 0x59, 0x19, 0x88, 0x01, 0x29, 0x7B, 0xFA,
    0x3E, 0xEA, 0x0E, 0x61, 0x14, 0x27, 0x81, 0xAC, 0xB0, 0x5D, 0xDF, 0x9E, 0xF6, 0xCB, 0x81, 0x3D,
    0x9A, 0x09, 0x5D, 0xD3, 0xDC, 0xEB, 0x71, 0xE5, 0x64, 0xDA, 0x14, 0x45, 0xCD, 0x5B, 0x4F, 0xED,
    0x86, 0xEF, 0x79, 0x0C, 0x5B, 0x83, 0xBD, 0x63, 0x2A, 0x4C, 0xC3, 0x2F, 0xC7, 0xD0, 0x19, 0x50,
    0x2D, 0x7D, 0xF2, 0xA9, 0xC1, 0xF3, 0x12, 0x2E, 0x0D, 0xEB, 0x4C, 0x1C, 0x64, 0x2E, 0x59, 0xEF,
    0x56, 0x2A, 0x11, 0x09, 0x5E, 0x03, 0x62, 0x25, 0xB2, 0x16, 0x5E, 0x8D, 0xF0, 0xA3, 0x46, 0x66,
    0x97, 0xCA, 0x5B, 0xD2, 0x80, 0x89, 0x22, 0x43, 0x1A, 0x15, 0xEC, 0x81, 0x72, 0x86, 0xD4, 0xA6,
    0x86, 0x04, 0x12, 0x89, 0xA8, 0xA5, 0xD9, 0x98, 0xBA, 0x78, 0x8B, 0xC0, 0x2C, 0xF1, 0x67, 0xB1,
    0xB4, 0x1C, 0x44, 0xB3, 0x1F, 0xC2, 0x2D, 0x9F, 0x7A, 0x1B, 0x0F, 0xC2, 0x04, 0x5B, 0x92, 0x7B,
    0x3D, 0x47, 0x28, 0x4A, 0xDD, 0xD3, 0x89, 0xCF, 0x13, 0x2F, 0xFB, 0x1F, 0xF9, 0xDC, 0x53, 0x2A,
    0xFF, 0x0F, 0x68, 0x10, 0xA9, 0x6A, 0x6D, 0xFF, 0x4B, 0xC6, 0x5C, 0x9E, 0x17, 0xD1, 0x53, 0xF1,
    0x24, 0x03, 0x0E, 0xBD, 0x3D, 0x69, 0x2E, 0x78, 0x50, 0xC8, 0x70, 0x48, 0xC6, 0x10, 0x53, 0xA5,
    0x1C, 0xF0, 0xAB, 0xB0, 0x85, 0x99, 0x9C, 0x6D, 0x73, 0x6D, 0x71, 0x61, 0x12, 0x64, 0x29, 0x4C,
    0x4D, 0xC4, 0x49, 0x94, 0xAB, 0x27, 0xD8, 0x37, 0x40, 0x9A, 0x52, 0x41, 0xA9, 0x2B, 0xF1, 0xE1,
    0x78, 0xF7, 0x71, 0x28, 0x4B, 0x03, 0x25, 0x31, 0xCD, 0x43, 0xAD, 0xB8, 0xF3, 0x8A, 0x7A, 0x7F,
    0x09, 0x54, 0x6C, 0xBC, 0x22, 0x86, 0x1D, 0x9D, 0x9D, 0x4F, 0x68, 0x1D, 0xBD, 0xB2, 0x1C, 0x2C,
    0xE9, 0xB5, 0xF3, 0x4A, 0xE2, 0x95, 0x29, 0x5B, 0x5B, 0x86, 0x6C, 0xE3, 0x95, 0x92, 0xB7, 0x9E,
    0x8A, 0x4D, 0x65, 0x32, 0x9B, 0x32, 0x9A, 0x32, 0x98, 0xD2, 0x53, 0x59, 0xD9, 0x74, 0xC8, 0xAE,
    0xE1, 0xDA, 0x6B, 0x4A, 0x65, 0x4A, 0xC1, 0x81, 0x34, 0x63, 0x53, 0x58, 0xC3, 0x57, 0x31, 0x32,
    0x79, 0x93, 0x5B, 0x84, 0xB7, 0x26, 0x1D, 0xF0, 0x73, 0xAC, 0x7E, 0xBC, 0x78, 0xD0, 0xC3, 0x66,
    0x87, 0xFB, 0x2C, 0xBB, 0x0C, 0xF0, 0xAF, 0x3E, 0xAF, 0x20, 0x6A, 0x6E, 0x37, 0x66, 0x88, 0xFB,
    0x23, 0x84, 0xF4, 0x14, 0x1D, 0xFB, 0xDE, 0xFC, 0xE0, 0x14, 0x45, 0x80, 0x73, 0x4F, 0x67, 0x0A,
    0xBF, 0x0C, 0xF9, 0x37, 0xD3, 0x41, 0x84, 0x47, 0xB9, 0xD9, 0x25, 0x36, 0xA3, 0xE7, 0xA6, 0xBC,
    0xEC, 0x95, 0xE7, 0x7A, 0x95, 0xB6, 0x83, 0x42, 0xDF, 0x16, 0xE1, 0xE1, 0x7B, 0xFF, 0x85, 0x43,
    0x19, 0xC2, 0x5E, 0x61, 0xC6, 0x38, 0x3F, 0x71, 0x38, 0x7D, 0x4F, 0x96, 0x75, 0x6D, 0x87, 0x47,
    0x4B, 0x14, 0x5F, 0x4A, 0x6F, 0x1C, 0x77, 0x9D, 0x47, 0x74, 0x6F, 0x65, 0x8C, 0xC7, 0x96, 0x31,
    0x0E, 0xC3, 0x94, 0x35, 0x94, 0xFC, 0x57, 0x42, 0x90, 0xA4, 0x7C, 0x8D, 0xCA, 0x72, 0x8E, 0x55,
    0x49, 0x25, 0x19, 0x98, 0x28, 0x2E, 0x79, 0xEB, 0x15, 0xD8, 0x33, 0xF3, 0x7A, 0xBD, 0x32, 0x58,
    0xA2, 0x78, 0xEB, 0x0F, 0xB4, 0x52, 0x78, 0x65, 0xB2, 0x8C, 0xF1, 0xDE, 0x8E, 0xAA, 0xC1, 0x2D,
    0x63, 0x9C, 0xFE, 0xBD, 0xCC, 0xEE, 0x92, 0x48, 0x63, 0x89, 0xE2, 0xED, 0x46, 0xE1, 0x85, 0x3E,
    0xB5, 0x1D, 0x1B, 0xAE, 0xF9, 0x41, 0xB8, 0x75, 0xDC, 0x51, 0xF2, 0xE8, 0x12, 0xF8, 0xF9, 0xA1,
    0x4B, 0x91, 0x68, 0x5B, 0x7D, 0x0A, 0x3C, 0x43, 0xA3, 0xC5, 0x9B, 0x30, 0xA1, 0xF3, 0x7C, 0x1D,
    0x5E, 0x51, 0xCD, 0xD5, 0xB4, 0x0B, 0x56, 0xD3, 0xF5, 0x9E, 0xD5, 0xB4, 0x3A, 0xED, 0xD5, 0x74,
    0xD0, 0xFD, 0xD1, 0xCD, 0xCE, 0xF8, 0xC0, 0xCC, 0xAF, 0x3C, 0x6F, 0x58, 0x99, 0x96, 0x3D, 0xB3,
    0xE8, 0xF7, 0x64, 0xBE, 0x11, 0x72, 0x19, 0x8A, 0x93, 0x67, 0xBE, 0xED, 0x85, 0x13, 0xFF, 0x4B,
    0x00, 0x27, 0x4E, 0xDF, 0x75, 0x38, 0xF1, 0xA5, 0x57, 0xC2, 0xD3, 0xE2, 0x27, 0xEA, 0xF9, 0x15,
    0x57, 0x8A, 0x8C, 0x6C, 0x5C, 0x1D, 0xB8, 0x79, 0xB7, 0x7D, 0xBD, 0x3F, 0x3D, 0x25, 0x5F, 0xEF,
    0xBB, 0x95, 0x53, 0xFA, 0x8D, 0xDB, 0x18, 0x9B, 0x9F, 0x79, 0x53, 0x1A, 0x38, 0xEA, 0xF0, 0x32,
    0xE3, 0xED, 0x9C, 0xD2, 0x89, 0x39, 0xA5, 0x5F, 0xF6, 0x4E, 0x61, 0x1E, 0xCF, 0xD3, 0x77, 0x92,
    0x53, 0xFA, 0xE4, 0x80, 0x07, 0x0B, 0x02, 0x0F, 0x92, 0x17, 0x66, 0x08, 0x46, 0x64, 0x3F, 0xF3,
    0x30, 0xE0, 0xC1, 0x01, 0xC4, 0xE8, 0xBC, 0x1F, 0xE0, 0x65, 0x02, 0x0F, 0x3E, 0x76, 0x22, 0xE0,
    0x01, 0xC7, 0x44, 0x38, 0x0B, 0x24, 0x5B, 0x22, 0x6D, 0x15, 0x62, 0x7F, 0x50, 0xAF, 0x0D, 0x9D,
    0x94, 0x53, 0x38, 0xE9, 0x4E, 0x0E, 0xB1, 0x3F, 0x03, 0xBC, 0x51, 0x89, 0x4A, 0x1C, 0x95, 0x32,
    0x40, 0xA4, 0x00, 0xB7, 0x77, 0x22, 0x68, 0xEE, 0xDF, 0x70, 0xCF, 0x72, 0x10, 0xEC, 0xF8, 0x67,
    0xB4, 0x7F, 0x8E, 0x73, 0xCD, 0xE4, 0xFB, 0x20, 0x1A, 0xD2, 0xFD, 0x31, 0xBC, 0xDC, 0x26, 0xC0,
    0x1C, 0xD6, 0xEE, 0xBC, 0xC7, 0xE0, 0x75, 0x7A, 0xC0, 0x7A, 0x4A, 0x71, 0xE1, 0x9A, 0xA8, 0xE7,
    0xF0, 0xB1, 0xDE, 0xE3, 0xB1, 0xC3, 0xE1, 0x32, 0x18, 0x86, 0xC3, 0xF7, 0xB8, 0xD7, 0xAB, 0xDA,
    0xA8, 0x57, 0xD5, 0xED, 0x78, 0x55, 0x3F, 0x7C, 0xA5, 0x96, 0x6F, 0x81, 0x3F, 0x0D, 0xCD, 0x1E,
    0xAF, 0x2A, 0x21, 0xF1, 0x6E, 0xAF, 0x57, 0x95, 0x6F, 0xEF, 0x45, 0x58, 0xA1, 0x7E, 0x93, 0xC2,
    0x18, 0xAB, 0xF5, 0x1E, 0x5A, 0x9E, 0x3E, 0xD6, 0x78, 0x6D, 0x49, 0x03, 0x71, 0xB1, 0xDA, 0x3B,
    0x33, 0x4F, 0xDB, 0x33, 0xF3, 0xA0, 0x82, 0xFC, 0xED, 0xA2, 0x1A, 0x93, 0x5B, 0x2A, 0x15, 0xD8,
    0xC5, 0x4E, 0x14, 0xF0, 0x61, 0x43, 0x60, 0xA7, 0x0B, 0xE1, 0x73, 0x14, 0xA4, 0xA7, 0x08, 0xC7,
    0xF7, 0xE1, 0xDB, 0xD3, 0x7F, 0x85, 0xAC, 0x25, 0x85, 0x0A, 0x33, 0xF5, 0x79, 0x97, 0xCF, 0x88,
    0xA3, 0x87, 0x14, 0x4B, 0xBF, 0x7E, 0xC6, 0x22, 0x64, 0xFD, 0xE6, 0x1C, 0x1B, 0x21, 0x70, 0x85,
    0xC9, 0x07, 0x8D, 0xBA, 0x88, 0x67, 0x9D, 0x42, 0xBE, 0xAF, 0x18, 0xB5, 0xD7, 0x16, 0xB2, 0xD6,
    0xA6, 0x71, 0x5F, 0xF4, 0x56, 0x2B, 0x77, 0x98, 0x6F, 0x1D, 0xCB, 0xCF, 0xF4, 0xF7, 0xF3, 0x3C,
    0x53, 0xF6, 0xF0, 0x5D, 0x21, 0x8E, 0x0B, 0xE0, 0x0D, 0xD6, 0xD7, 0x7C, 0xD3, 0x0C, 0xAE, 0x1C,
    0xF2, 0x61, 0x7B, 0x81, 0xE0, 0xEB, 0xA3, 0x7B, 0x7D, 0x66, 0xAF, 0x5D, 0x7C, 0x09, 0xD3, 0x30,
    0x42, 0x12, 0xAD, 0x3B, 0xE7, 0xD2, 0x7A, 0xD7, 0xB8, 0xB4, 0x8A, 0x40, 0x0F, 0x52, 0xEB, 0x02,
    0x7D, 0x39, 0x6F, 0xF4, 0x45, 0xA0, 0x47, 0x53, 0xA0, 0x8F, 0xC1, 0x77, 0x42, 0x7D, 0xD8, 0x4D,
    0xB9, 0x63, 0x9A, 0xDD, 0x19, 0x04, 0x6F, 0xFF, 0xCF, 0xC9, 0xC1, 0xDB, 0x59, 0x00, 0xDE, 0x9E,
    0x8E, 0x7C, 0x97, 0x47, 0x79, 0x23, 0xE3, 0xEE, 0x3B, 0x59, 0x4E, 0xA6, 0x45, 0x9B, 0x77, 0x39,
    0xEF, 0xBE, 0xA3, 0xD5, 0xDA, 0xB4, 0xA5, 0x7B, 0x7A, 0x38, 0xCE, 0xF2, 0x23, 0x8E, 0xB3, 0x55,
    0xC0, 0x71, 0x36, 0x3D, 0x94, 0xE3, 0x0C, 0x2D, 0x6E, 0x2D, 0x20, 0xD8, 0x4D, 0x28, 0x32, 0x88,
    0xBF, 0x2D, 0x21, 0x6A, 0x09, 0x57, 0xE5, 0xA8, 0x80, 0x38, 0x3D, 0x74, 0xFC, 0x27, 0x1F, 0x03,
    0x1D, 0x7F, 0xED, 0x8E, 0x67, 0x2A, 0x74, 0x8B, 0x9E, 0x66, 0xCD, 0x3E, 0x45, 0x87, 0xC5, 0x37,
    0x91, 0x8C, 0xD5, 0xD2, 0xD1, 0x79, 0xCE, 0xA4, 0x25, 0x93, 0x29, 0x66, 0xF5, 0xA5, 0x29, 0xC9,
    0x91, 0x32, 0x98, 0x9D, 0xF7, 0xA6, 0x74, 0x7B, 0x95, 0xA4, 0xB5, 0x97, 0x5A, 0x9D, 0x19, 0x3F,
    0x7F, 0x52, 0x05, 0x47, 0x58, 0xB6, 0x74, 0xAB, 0x56, 0x68, 0xA1, 0x4F, 0x18, 0x40, 0xE6, 0x56,
    0xB5, 0xEB, 0x2A, 0x0D, 0x83, 0x23, 0x04, 0xBB, 0x0D, 0x86, 0xCD, 0xD7, 0xCE, 0xF6, 0x1C, 0x4B,
    0x2A, 0xDD, 0x97, 0xE2, 0x01, 0x76, 0xDB, 0x4D, 0x49, 0x97, 0x55, 0x6A, 0x0F, 0x63, 0xDA, 0x44,
    0xFA, 0x18, 0xBF, 0x18, 0x73, 0x82, 0x57, 0x5E, 0x57, 0x7B, 0xC5, 0xE3, 0x0D, 0xBE, 0x2E, 0xC7,
    0x6D, 0xBA, 0xE6, 0x57, 0xF2, 0xB5, 0xB7, 0x79, 0xA3, 0xF2, 0x8F, 0xB6, 0xF2, 0xDF, 0x94, 0x0A,
    0x8A, 0x2D, 0x44, 0xA9, 0x29, 0x99, 0x88, 0xCD, 0x04, 0xA9, 0x74, 0xDE, 0xA5, 0x24, 0x3D, 0x94,
    0x31, 0x93, 0x91, 0x7D, 0x98, 0x97, 0x13, 0xED, 0x21, 0x4F, 0xC5, 0x2B, 0x5C, 0x70, 0xA4, 0x2F,
    0x63, 0x1F, 0x0E, 0xBB, 0x45, 0xEB, 0xF1, 0x67, 0x2F, 0x9F, 0x59, 0x77, 0x9F, 0x84, 0x73, 0xF0,
    0xFF, 0x43, 0x29, 0x65, 0xCD, 0x35, 0xE0, 0xBB, 0x58, 0x95, 0x56, 0x42, 0x6C, 0xBC, 0x54, 0x7F,
    0x8D, 0xC5, 0xA0, 0xD2, 0x68, 0xC0, 0x5C, 0x3B, 0x27, 0x6F, 0xFE, 0x68, 0xFC, 0x1B, 0x17, 0xC9,
    0x9B, 0xB7, 0x31, 0x86, 0x7F, 0xF8, 0x46, 0x87, 0x49, 0xFE, 0x87, 0x2D, 0x44, 0xDD, 0xA8, 0xB8,
    0xC6, 0xC8, 0xA6, 0xED, 0xB8, 0xB8, 0x7B, 0xAE, 0x01, 0x6B, 0x9F, 0x19, 0x6F, 0x9E, 0x6E, 0x61,
    0xFB, 0x3A, 0xBE, 0x56, 0x77, 0x7F, 0xEE, 0xB2, 0x71, 0xCC, 0xC7, 0xD4, 0xE5, 0xC3, 0x98, 0xCA,
    0x7C, 0x28, 0x08, 0x8C, 0xEC, 0x11, 0x97, 0x2F, 0x09, 0xC0, 0xD7, 0xEB, 0x4B, 0xBB, 0xE3, 0x78,
    0x0A, 0xC6, 0xB1, 0x6E, 0x1F, 0xE9, 0x5A, 0x93, 0x3E, 0x18, 0xC7, 0x2F, 0xCC, 0x3C, 0xAC, 0x48,
    0xC4, 0x38, 0xFB, 0xEB, 0x76, 0xEA, 0xBF, 0x8D, 0xAE, 0x78, 0x55, 0xEE, 0x7F, 0xC3, 0x86, 0x2F,
    0x6D, 0x3A, 0xDE, 0x8C, 0xE3, 0xAA, 0x2E, 0x7C, 0xBF, 0xCD, 0xCE, 0x77, 0xD7, 0xB8, 0x4D, 0x1A,
    0x92, 0x9A, 0x92, 0x6D, 0xC6, 0x71, 0xB6, 0x19, 0xC7, 0xC5, 0xC3, 0xC7, 0x71, 0x3D, 0x3C, 0xFE,
    0x38, 0xBE, 0xFC, 0x28, 0x46, 0xBC, 0xAB, 0x85, 0x85, 0x16, 0x19, 0x90, 0x5F, 0xD4, 0x0F, 0x06,
    0x15, 0x39, 0xDF, 0xA6, 0x22, 0xB3, 0x6F, 0xCD, 0xD4, 0xF2, 0x41, 0x97, 0x8B, 0x52, 0x87, 0x2C,
    0xDC, 0xE2, 0x03, 0x9C, 0xE0, 0xDA, 0x72, 0xC8, 0x66, 0x4F, 0x2C, 0x34, 0xC7, 0xEB, 0x86, 0xBB,
    0xF0, 0xF9, 0x19, 0x14, 0xD2, 0x0D, 0x73, 0x96, 0x6B, 0x74, 0xA7, 0x4C, 0x9A, 0xCD, 0x91, 0xB5,
    0x40, 0x5C, 0x49, 0x97, 0x37, 0xBA, 0x59, 0xBF, 0x2F, 0x6B, 0xD4, 0x63, 0x48, 0xDB, 0xB2, 0xCA,
    0x2B, 0xC5, 0x1D, 0x34, 0x1F, 0x70, 0xA5, 0xCB, 0x47, 0x0E, 0x75, 0x55, 0x6C, 0x7D, 0xF2, 0x2B,
    0x7A, 0x3D, 0x78, 0xD7, 0x97, 0xF4, 0x89, 0x9D, 0x79, 0xF2, 0x96, 0xCA, 0xEF, 0x38, 0x04, 0x23,
    0xDB, 0x17, 0x2E, 0xAC, 0x2B, 0x81, 0x3E, 0xA3, 0xF2, 0x86, 0x39, 0x7D, 0xFC, 0x5E, 0x30, 0xF6,
    0x1B, 0x41, 0xB8, 0xA8, 0x47, 0x7F, 0xB0, 0xCD, 0x67, 0x2A, 0x2E, 0x15, 0xAF, 0x30, 0x42, 0x6A,
    0xBB, 0x3D, 0x1E, 0x2D, 0x5A, 0x07, 0x4A, 0xAE, 0x48, 0xEE, 0xA2, 0x2F, 0x06, 0xEC, 0x93, 0x4D,
    0xB1, 0x0A, 0x51, 0x99, 0x20, 0x9A, 0x9B, 0x8B, 0xEE, 0x27, 0xDB, 0xFC, 0xDB, 0xBA, 0xAD, 0x69,
    0x3F, 0xA5, 0x4B, 0xCC, 0xB5, 0xE6, 0xE5, 0x43, 0x51, 0xC7, 0xEE, 0xB5, 0x58, 0xAA, 0xC9, 0xB9,
    0x0F, 0xAE, 0xE4, 0x39, 0xF2, 0xA9, 0xC5, 0x3D, 0x44, 0xDA, 0x42, 0x48, 0xC3, 0x7E, 0xF7, 0xC6,
    0xC9, 0x5F, 0xCF, 0x34, 0xDB, 0xB1, 0xEC, 0x21, 0xFC, 0xC1, 0x35, 0x9D, 0x96, 0x15, 0x0E, 0x09,
    0xAB, 0x46, 0xDD, 0xC3, 0x02, 0xB7, 0x8B, 0x47, 0x31, 0x46, 0x32, 0x5A, 0x56, 0x0C, 0x36, 0x08,
    0x21, 0x9D, 0xCD, 0x16, 0x73, 0xDE, 0xEA, 0x58, 0xE6, 0xBC, 0x96, 0x0A, 0x86, 0x80, 0x15, 0xB8,
    0xD8, 0x4B, 0x67, 0x53, 0x99, 0xA2, 0xD7, 0x43, 0x99, 0xF3, 0x52, 0xA3, 0xB3, 0xC9, 0x66, 0xA3,
    0xB3, 0x01, 0xFA, 0x66, 0x97, 0xC5, 0x26, 0xA4, 0xB3, 0xA9, 0x87, 0x87, 0x92, 0xA7, 0xCD, 0xBB,
    0x74, 0x36, 0x3C, 0x08, 0x3F, 0x53, 0xCB, 0x75, 0xE3, 0x4C, 0xEB, 0x4C, 0xD9, 0x4F, 0x67, 0x53,
    0x07, 0x10, 0xD6, 0x13, 0xD1, 0xD9, 0x38, 0x1F, 0xE3, 0x95, 0x3E, 0xC8, 0x4A, 0xCA, 0x2C, 0x2B,
    0x49, 0x47, 0xE8, 0x6E, 0x72, 0x12, 0x5C, 0x49, 0x3B, 0xC9, 0x49, 0x41, 0x56, 0xD2, 0x29, 0x24,
    0x27, 0x71, 0x4B, 0x30, 0x85, 0x07, 0x07, 0xF3, 0x1D, 0xF9, 0x31, 0x62, 0x62, 0xCB, 0xA1, 0x54,
    0x41, 0x7C, 0xC0, 0x1D, 0x11, 0x2D, 0xBE, 0x74, 0xEF, 0x4A, 0x61, 0x06, 0xE3, 0x43, 0x80, 0x2D,
    0xD4, 0xE2, 0xA8, 0x07, 0x02, 0xB3, 0x91, 0x8D, 0xE1, 0xC8, 0x86, 0x74, 0x71, 0xDE, 0x70, 0x21,
    0x4D, 0x01, 0x1B, 0x52, 0x60, 0x49, 0x01, 0x11, 0x5F, 0x60, 0x4D, 0x81, 0x3D, 0x05, 0xF6, 0x13,
    0xA8, 0x01, 0x0D, 0x63, 0xC0, 0x8E, 0x14, 0xF0, 0x23, 0x05, 0x0C, 0x49, 0x81, 0x75, 0x05, 0x66,
    0x15, 0xF0, 0x24, 0x05, 0x36, 0x16, 0x70, 0x25, 0x05, 0xE6, 0xB5, 0x31, 0xB0, 0x80, 0x9C, 0xD1,
    0x05, 0xAC, 0x8C, 0xA1, 0x6A, 0x31, 0xD2, 0xCB, 0x58, 0xD3, 0x00, 0xFC, 0x86, 0xBC, 0x04, 0x77,
    0xF0, 0xB5, 0x86, 0xB6, 0x91, 0x56, 0x34, 0x8E, 0xB4, 0xA0, 0x75, 0xA4, 0xDE, 0x3C, 0x2E, 0x9A,
    0x7D, 0x98, 0x81, 0x98, 0x85, 0x98, 0x89, 0x98, 0x8D, 0x98, 0x91, 0x98, 0x95, 0x98, 0x99, 0x98,
    0x9D, 0x98, 0xA1, 0x98, 0xA5, 0x98, 0xA9, 0x98, 0xAD, 0x58, 0x26, 0x1B, 0x53, 0xD9, 0x02, 0x8A,
    0x45, 0x8B, 0xEB, 0xFA, 0x99, 0x34, 0xA3, 0x4A, 0x28, 0x06, 0x9D, 0x28, 0x61, 0xF1, 0xA1, 0xB0,
    0xFA, 0x50, 0x50, 0x7E, 0x28, 0xA8, 0x3F, 0x64, 0x05, 0x88, 0xA8, 0x36, 0xA6, 0x5A, 0x09, 0x22,
    0xF6, 0x35, 0x21, 0xE2, 0x54, 0x73, 0xFE, 0x3A, 0x9C, 0xBB, 0xE6, 0x97, 0x38, 0x83, 0xE0, 0xB6,
    0x6D, 0x02, 0x28, 0x49, 0xCF, 0x97, 0xCD, 0xA4, 0x29, 0x99, 0xA9, 0x22, 0xB8, 0x6D, 0xC4, 0x0D,
    0xF6, 0x57, 0xA8, 0x16, 0x84, 0xF8, 0x50, 0x65, 0x35, 0x22, 0xA8, 0x74, 0x0A, 0x59, 0x68, 0xDC,
    0x6E, 0x4E, 0xBA, 0x50, 0xE5, 0x7D, 0x62, 0x4D, 0xBF, 0x26, 0x77, 0x60, 0xF5, 0x60, 0xAE, 0x12,
    0x58, 0xBD, 0xA9, 0x1C, 0x4B, 0x66, 0x4A, 0x0F, 0xD6, 0x89, 0xF1, 0x6F, 0xCD, 0x1E, 0xD6, 0xD4,
    0x7C, 0xA6, 0x5C, 0x5E, 0xBF, 0x2C, 0x83, 0x57, 0x45, 0xEC, 0xAB, 0x8B, 0xA0, 0xF8, 0xE4, 0x85,
    0x1B, 0x05, 0xA3, 0x36, 0x70, 0xDC, 0xD5, 0xF2, 0xBF, 0x1C, 0x85, 0x22, 0x46, 0x05, 0xFB, 0x33,
    0xCA, 0xC9, 0x3B, 0x95, 0x3A, 0x2F, 0x9B, 0x98, 0x5E, 0xD1, 0x8A, 0x64, 0x32, 0xF0, 0xE4, 0x0C,
    0x8C, 0xE3, 0x20, 0xC2, 0x05, 0xAF, 0x5A, 0xAB, 0x81, 0x1C, 0x5D, 0xE0, 0x99, 0xF5, 0x47, 0x67,
    0xD3, 0xA1, 0x4A, 0x57, 0x93, 0xCB, 0x26, 0x2F, 0x67, 0x66, 0xFF, 0x65, 0x13, 0xF3, 0xFF, 0xB2,
    0xA9, 0xEE, 0x98, 0xDD, 0x8E, 0x30, 0xD2, 0x46, 0x1A, 0x83, 0x74, 0x47, 0x29, 0x6D, 0x98, 0xE6,
    0x04, 0x5B, 0x0D, 0x9C, 0x6B, 0x91, 0xAD, 0xC9, 0xD2, 0x50, 0x4E, 0x16, 0xB6, 0xE6, 0xF5, 0x41,
    0x2F, 0xB3, 0x81, 0x32, 0x16, 0xAF, 0xE4, 0x73, 0x91, 0xCE, 0x34, 0xBF, 0x48, 0xA4, 0xF5, 0x4F,
    0xE9, 0x4D, 0x24, 0xD3, 0x67, 0x60, 0x0E, 0x44, 0x4A, 0xD3, 0x90, 0x96, 0x90, 0x07, 0x78, 0x7B,
    0xB4, 0x3F, 0x62, 0x9F, 0x9C, 0xD9, 0x90, 0x05, 0x95, 0x6D, 0xEA, 0xFF, 0xC3, 0xBF, 0x61, 0xFF,
    0xE5, 0xE1, 0x7F, 0xB3, 0x6F, 0xCB, 0x59, 0x5B, 0x55, 0x40, 0x19, 0x99, 0x4F, 0xAA, 0xC8, 0x91,
    0xD2, 0xF3, 0x3B, 0x9E, 0x13, 0x2A, 0x17, 0x3F, 0x06, 0x72, 0x01, 0x8F, 0xB0, 0xFE, 0xB3, 0x5F,
    0x10, 0x6E, 0x60, 0xB9, 0x73, 0x01, 0xB9, 0x5C, 0xF7, 0x21, 0x07, 0x10, 0xAF, 0x7C, 0xE5, 0x35,
    0x5B, 0x47, 0x7B, 0x23, 0x4C, 0xAE, 0x18, 0x48, 0xBF, 0xF4, 0xAD, 0xE0, 0xF0, 0x5E, 0x9B, 0xB7,
    0xB4, 0x6E, 0x59, 0x30, 0x0F, 0xF6, 0x9E, 0xBF, 0x8D, 0xFC, 0x11, 0xF9, 0x4F, 0xA9, 0xB4, 0x38,
    0xE9, 0xEB, 0xA2, 0x8E, 0x1F, 0x8D, 0xFC, 0xE8, 0x37, 0x80, 0xF3, 0xD3, 0xFF, 0x37, 0x51, 0x0F,
    0xE9, 0xAC, 0xA2, 0xCF, 0xA6, 0x58, 0x2A, 0x15, 0x2B, 0x4D, 0xF0, 0xC1, 0x89, 0x56, 0x11, 0xC7,
    0xD9, 0xA4, 0xDB, 0x0D, 0xD1, 0xFE, 0x1F, 0x13, 0x41, 0x1E, 0x03, 0xFA, 0x6A, 0xA9, 0x29, 0x88,
    0xB1, 0xB7, 0x41, 0x5F, 0xF4, 0x11, 0xA8, 0xFD, 0xAB, 0xC5, 0x29, 0x93, 0x7B, 0xCE, 0xEF, 0x1E,
    0xB9, 0xA7, 0x40, 0xA0, 0x4B, 0x06, 0x44, 0xEB, 0x41, 0xEE, 0x39, 0x7F, 0xBA, 0xDE, 0x26, 0xF7,
    0xC4, 0x6D, 0xFC, 0x77, 0xE8, 0x4F, 0x5A, 0x76, 0xA1, 0x88, 0x21, 0xFE, 0x22, 0x0D, 0xC3, 0xED,
    0xA9, 0x14, 0xC6, 0x78, 0x72, 0x4A, 0x99, 0xA3, 0xCD, 0x83, 0x99, 0xA3, 0x53, 0x24, 0x55, 0x2A,
    0xB2, 0x95, 0x39, 0x9A, 0x1E, 0x79, 0x58, 0xA2, 0xC1, 0x5C, 0x67, 0xD1, 0xE8, 0x57, 0xFB, 0xE5,
    0x5B, 0x58, 0xE6, 0x3A, 0x7A, 0x58, 0x4E, 0x9B, 0xAA, 0xF4, 0xF8, 0x18, 0xD0, 0xA9, 0x50, 0x95,
    0x46, 0x37, 0x0D, 0x3E, 0x2F, 0x05, 0x85, 0xB7, 0xB4, 0x70, 0x56, 0x89, 0x29, 0x96, 0x13, 0xC5,
    0x68, 0xDE, 0xC3, 0x70, 0x4F, 0x04, 0x41, 0x17, 0xEA, 0xFE, 0x5C, 0xDB, 0xE2, 0x31, 0x72, 0x6D,
    0xDD, 0xBB, 0x9F, 0x6B, 0xFB, 0x21, 0x7E, 0x2E, 0xF3, 0x60, 0xB9, 0xB6, 0xBD, 0xE5, 0xDA, 0x56,
    0xA1, 0x03, 0x88, 0xAE, 0x3F, 0x5E, 0xD9, 0x91, 0xD2, 0x7A, 0x25, 0xDD, 0x45, 0x10, 0x54, 0x5E,
    0xF9, 0x07, 0x2F, 0xDD, 0xC7, 0x18, 0x75, 0xD4, 0x3F, 0xB5, 0x48, 0x53, 0x8A, 0x34, 0x94, 0xE4,
    0x95, 0x8E, 0x18, 0x15, 0xE6, 0xCE, 0x03, 0x4B, 0x09, 0x3B, 0xD9, 0xCC, 0x37, 0xF7, 0xA4, 0x40,
    0xE8, 0xBF, 0x54, 0x96, 0x3E, 0xF2, 0xB5, 0x92, 0xD0, 0xA7, 0x66, 0xDC, 0xCE, 0x40, 0x68, 0x50,
    0x56, 0x5B, 0xB4, 0x74, 0x32, 0x7A, 0x39, 0x50, 0x3E, 0x80, 0x33, 0x8C, 0xBC, 0x5C, 0x50, 0xF2,
    0x80, 0x06, 0xB9, 0xA6, 0xB4, 0xA5, 0x86, 0x92, 0xE4, 0xB6, 0x66, 0x2B, 0x26, 0x59, 0xD5, 0xF7,
    0x62, 0xE1, 0x2E, 0x4B, 0x83, 0xF4, 0x38, 0xB2, 0x53, 0xBF, 0xEA, 0x83, 0xF6, 0x25, 0xD0, 0x51,
    0x28, 0x2C, 0xD1, 0xD0, 0x0D, 0x50, 0x20, 0xAB, 0x86, 0x3B, 0xAB, 0xD5, 0xE8, 0x70, 0x6A, 0x1E,
    0x54, 0x48, 0xD6, 0x6D, 0xC0, 0x94, 0x2B, 0xA9, 0xD7, 0x96, 0x6C, 0x82, 0x5F, 0x55, 0x50, 0x38,
    0x88, 0xD9, 0xE0, 0x93, 0xB6, 0xF2, 0xED, 0x0E, 0x83, 0x75, 0xB0, 0x58, 0x2E, 0x1F, 0x10, 0x55,
    0xB0, 0x80, 0xE2, 0x95, 0x06, 0xC1, 0xD9, 0xD9, 0xC4, 0xC9, 0x3A, 0x30, 0x79, 0x74, 0x07, 0x2E,
    0x7C, 0x07, 0xC6, 0xBE, 0x03, 0x5F, 0xD8, 0xD7, 0x81, 0x8D, 0xFE, 0xDE, 0xCF, 0x89, 0xFC, 0xF3,
    0x8B, 0x7E, 0xC1, 0x1A, 0xFC, 0xDA, 0xD0, 0x3D, 0xE1, 0x0E, 0xBC, 0xE9, 0x3B, 0x30, 0x7F, 0x42,
    0x1D, 0x78, 0xE9, 0x40, 0xEE, 0x1F, 0xF8, 0x6D, 0xB2, 0x89, 0x93, 0x75, 0xE0, 0x8B, 0xDB, 0x1D,
    0x78, 0x4E, 0xC2, 0x4B, 0x85, 0x37, 0x3B, 0xDB, 0x1D, 0x99, 0x92, 0x4C, 0x94, 0x76, 0x9A, 0xE5,
    0xF4, 0x4E, 0x65, 0xD8, 0x51, 0x7A, 0x53, 0xBA, 0xF7, 0x34, 0x87, 0x7C, 0x7C, 0x44, 0x0E, 0xF9,
    0x14, 0xDE, 0xE9, 0xAA, 0xA3, 0x18, 0xEC, 0xC9, 0x82, 0xC7, 0x59, 0x79, 0xFF, 0x65, 0x01, 0xF1,
    0x67, 0x41, 0xC2, 0xCE, 0x4B, 0x22, 0xF7, 0xAE, 0xA8, 0xCD, 0x70, 0x2D, 0x4F, 0x45, 0xBA, 0x54,
    0x95, 0x59, 0xB5, 0xAC, 0xCD, 0xE6, 0xE5, 0x8C, 0xBD, 0x69, 0x93, 0x4F, 0x4B, 0xE5, 0x4F, 0x53,
    0x6D, 0x5C, 0x8E, 0xD8, 0xA6, 0x56, 0xD4, 0x3A, 0x57, 0xBA, 0x7A, 0x5C, 0x0E, 0xAA, 0x71, 0xA1,
    0x8E, 0xA0, 0x49, 0x6F, 0x8B, 0xB2, 0x01, 0xED, 0x4C, 0xB3, 0x04, 0x41, 0x68, 0x06, 0xA2, 0xE5,
    0x57, 0x36, 0x7C, 0xAA, 0xE8, 0x6E, 0xD3, 0x38, 0xA2, 0xA9, 0xF1, 0x2B, 0xA9, 0x71, 0xAA, 0x1A,
    0x8B, 0x2A, 0xCD, 0x3A, 0xC4, 0x1E, 0xA4, 0xA6, 0xF1, 0x2B, 0xE5, 0x68, 0x5F, 0xA9, 0x07, 0xFB,
    0x01, 0x77, 0xC9, 0xF3, 0x95, 0x2B, 0x9F, 0x23, 0x84, 0x89, 0x57, 0x13, 0x68, 0x66, 0xE7, 0xD5,
    0xCE, 0x21, 0x2C, 0x88, 0x35, 0x89, 0xDB, 0xD5, 0xE6, 0x5D, 0x2D, 0xC8, 0x34, 0x7C, 0xC5, 0x19,
    0x6B, 0x5C, 0x84, 0x76, 0x81, 0x76, 0xF7, 0xBA, 0xA0, 0x43, 0xFC, 0x22, 0xB2, 0x3E, 0x04, 0xAD,
    0xA5, 0x56, 0xAD, 0x4F, 0x97, 0x22, 0xA0, 0x3E, 0x5D, 0x8A, 0x80, 0x27, 0x44, 0xD9, 0x5C, 0x3F,
    0x11, 0xCA, 0x66, 0xC8, 0x36, 0x8C, 0xC5, 0xD6, 0x6B, 0x73, 0xF7, 0x85, 0xA2, 0xDA, 0x12, 0xE6,
    0xED, 0x3B, 0x21, 0x59, 0x82, 0xB6, 0x55, 0xDD, 0x9F, 0x90, 0x2C, 0x81, 0x2D, 0x13, 0xA9, 0xBF,
    0xDE, 0xD8, 0x1A, 0xB4, 0xE0, 0x12, 0x54, 0xDE, 0xD9, 0xDC, 0xD0, 0xAD, 0x9D, 0x78, 0x59, 0x1D,
    0x40, 0x28, 0x59, 0x25, 0x84, 0x8F, 0x43, 0xBE, 0xC9, 0x1F, 0x88, 0xCC, 0x5E, 0x7C, 0x04, 0x7E,
    0x8C, 0x9F, 0xD0, 0x03, 0x82, 0xCE, 0x23, 0x15, 0xFD, 0x67, 0xB3, 0x19, 0x71, 0x30, 0xA0, 0x1B,
    0x6F, 0x0F, 0xE8, 0xC3, 0xAF, 0xF5, 0xD8, 0x9D, 0x3E, 0xDF, 0x95, 0x2A, 0xE2, 0x0E, 0x5D, 0xB9,
    0xEA, 0x50, 0x9C, 0x39, 0xF9, 0x05, 0x3A, 0xEF, 0x9B, 0x62, 0x55, 0xA2, 0xBD, 0x68, 0xD1, 0x79,
    0x4C, 0xD4, 0xBE, 0xCD, 0x65, 0xEA, 0x79, 0x8A, 0x18, 0xA2, 0x64, 0x57, 0xD6, 0xEC, 0xCA, 0x99,
    0x7D, 0x38, 0x6D, 0x75, 0x65, 0x04, 0x00, 0x31, 0xFD, 0xEB, 0x14, 0xC0, 0xAB, 0x5E, 0xBD, 0x4E,
    0x2E, 0x05, 0x9D, 0xAD, 0xF5, 0xBF, 0x35, 0x12, 0xA8, 0x1A, 0x40, 0x56, 0x5F, 0xFF, 0x27, 0x1D,
    0x3B, 0x6F, 0xFE, 0x4A, 0x87, 0xCF, 0x37, 0x7F, 0xAC, 0xED, 0x0B, 0xB7, 0x75, 0x10, 0x25, 0x6F,
    0xE8, 0x5C, 0xFF, 0x05, 0xCB, 0x19, 0x73, 0x91, 0x55, 0xDE, 0x7E, 0x01, 0xF1, 0x14, 0xAC, 0x9A,
    0x65, 0xA6, 0xED, 0xAD, 0x5C, 0x5B, 0x9F, 0x46, 0x97, 0x0F, 0x2F, 0x6B, 0x2B, 0x74, 0xD2, 0xB7,
    0xC8, 0xA7, 0x32, 0xFE, 0x02, 0x13, 0x97, 0x7C, 0x61, 0x00, 0x19, 0x1E, 0x79, 0x98, 0xA1, 0xA8,
    0xEF, 0x39, 0xDE, 0x41, 0x05, 0x81, 0xB7, 0x34, 0xC5, 0xF0, 0x2E, 0xAD, 0xA3, 0xDD, 0xA2, 0x98,
    0x41, 0x8E, 0x46, 0x6B, 0x55, 0xA2, 0x89, 0x71, 0xDA, 0x3B, 0xD4, 0x12, 0x1B, 0x6A, 0x01, 0x57,
    0x34, 0xFD, 0x56, 0x53, 0x54, 0xCB, 0x75, 0x11, 0x79, 0x53, 0x64, 0xF0, 0xE2, 0xD0, 0xA2, 0x2B,
    0x1C, 0x4A, 0x31, 0x4B, 0xB3, 0xDD, 0x49, 0x70, 0x63, 0x6B, 0x95, 0x09, 0xD1, 0x8E, 0x61, 0x2A,
    0xAC, 0xBA, 0x39, 0xCB, 0x7B, 0x84, 0xBE, 0x10, 0xDA, 0xFC, 0x36, 0x70, 0xCD, 0x0B, 0xA2, 0x45,
    0xA5, 0x8D, 0xF0, 0x1F, 0xFA, 0x67, 0xBD, 0xD4, 0x76, 0x77, 0x92, 0xAB, 0xFE, 0x88, 0x04, 0xB7,
    0x34, 0x4C, 0x70, 0x73, 0xB5, 0x5C, 0xDF, 0x0E, 0xCA, 0xE3, 0xD4, 0x16, 0xE9, 0x3F, 0xDE, 0x66,
    0xD2, 0xB0, 0xF0, 0xFB, 0x0A, 0xDE, 0x1F, 0xA0, 0x55, 0xBB, 0x6C, 0x8E, 0x30, 0x53, 0xF7, 0xC8,
    0x7C, 0x40, 0x0D, 0x8A, 0x2E, 0x61, 0x38, 0x23, 0x5F, 0xA7, 0x52, 0xE0, 0x93, 0x26, 0x87, 0x13,
    0x7B, 0xC8, 0x67, 0x91, 0x83, 0x83, 0x57, 0xA5, 0x4F, 0x84, 0x57, 0xBF, 0xF0, 0x4A, 0xB7, 0x39,
    0xA5, 0x50, 0xE1, 0x86, 0x70, 0xBF, 0x12, 0x7E, 0x99, 0xCA, 0x64, 0x0A, 0x36, 0x8C, 0x95, 0xDF,
    0x87, 0x81, 0x9D, 0x0F, 0xE7, 0x79, 0x3E, 0xD5, 0x6F, 0x44, 0x0C, 0x75, 0x43, 0x77, 0x97, 0x39,
    0xC0, 0xCD, 0xDD, 0x4C, 0xD2, 0x41, 0xAE, 0x33, 0xE6, 0x22, 0xF3, 0x3F, 0x57, 0xCF, 0x84, 0xDC,
    0x96, 0x2A, 0x1D, 0x97, 0xDE, 0xF3, 0x33, 0xAA, 0xE8, 0xB3, 0x41, 0xA7, 0xAA, 0x2E, 0xEF, 0x15,
    0x04, 0xB5, 0x56, 0x00, 0x80, 0x66, 0x88, 0xFE, 0x52, 0x21, 0xEE, 0xF7, 0x31, 0x0F, 0xC7, 0xC2,
    0x92, 0x2F, 0xB5, 0xDC, 0x7F, 0x60, 0x1B, 0x1B, 0x51, 0xAC, 0x28, 0x32, 0x15, 0xAD, 0x77, 0xFE,
    0xE3, 0x8C, 0x20, 0xB3, 0xD5, 0xB0, 0x5D, 0x9B, 0x3B, 0x8F, 0x41, 0xCF, 0xF7, 0x69, 0x77, 0x65,
    0xBE, 0xBB, 0x9E, 0xF1, 0xDD, 0xF5, 0xDB, 0xE3, 0xBB, 0x6B, 0x83, 0xE7, 0x68, 0x4D, 0xD9, 0x89,
    0x38, 0x95, 0x47, 0x2F, 0x8C, 0x22, 0x50, 0xE6, 0x60, 0xF7, 0x71, 0xC6, 0xBB, 0xBD, 0x6C, 0x28,
    0xB6, 0x6E, 0x5C, 0xB6, 0x44, 0x1D, 0x00, 0xDF, 0xCC, 0x9F, 0x16, 0xF9, 0x1D, 0xB5, 0x74, 0x6C,
    0x2E, 0xC8, 0x3D, 0x26, 0xD9, 0xB3, 0x51, 0x83, 0x30, 0xCA, 0xFB, 0x75, 0x08, 0x01, 0x8E, 0xB5,
    0xC1, 0xFA, 0x92, 0xB0, 0x71, 0xBE, 0x21, 0xD9, 0xFC, 0x6C, 0x4D, 0x3E, 0x05, 0x38, 0x60, 0x4B,
    0x0F, 0x1F, 0xB8, 0x91, 0x0C, 0x7E, 0xCF, 0xB3, 0x72, 0x8F, 0x14, 0xC6, 0x6C, 0x02, 0x7C, 0x15,
    0xAF, 0xBC, 0x8D, 0x3A, 0xD3, 0xCB, 0x76, 0xD9, 0x9A, 0x6E, 0xC5, 0xCC, 0xC3, 0x82, 0xE6, 0x61,
    0xCA, 0x50, 0xB0, 0x34, 0x1C, 0x7F, 0x9D, 0x83, 0x36, 0x9F, 0x5C, 0x01, 0x54, 0x0E, 0x6B, 0x5E,
    0x49, 0x17, 0x5D, 0xA7, 0x96, 0x75, 0xCB, 0xB5, 0x69, 0xD6, 0xB1, 0xE9, 0x64, 0xDD, 0xBA, 0x41,
    0x67, 0x45, 0xC7, 0x77, 0xE9, 0xFB, 0x99, 0x69, 0xF7, 0x4C, 0x02, 0xF6, 0x1A, 0x5B, 0x6C, 0x7A,
    0x7F, 0x46, 0xA8, 0xED, 0x94, 0x40, 0x13, 0x21, 0x4F, 0x38, 0x15, 0x67, 0x00, 0x2D, 0x3A, 0x3D,
    0x2C, 0x97, 0x07, 0xB3, 0x82, 0xE1, 0xB2, 0xE8, 0xA9, 0x32, 0x5C, 0x16, 0xF3, 0x17, 0x3C, 0x19,
    0x48, 0x13, 0x2A, 0x61, 0x00, 0x30, 0x54, 0xA2, 0x9D, 0x8C, 0xC0, 0x44, 0x42, 0x70, 0x5F, 0xE8,
    0x95, 0x91, 0xD9, 0xA6, 0xF7, 0xE2, 0xC4, 0x89, 0xF9, 0xB2, 0x41, 0xFF, 0xBC, 0x31, 0xEC, 0x41,
    0xFF, 0x8C, 0xDA, 0xA6, 0x62, 0x94, 0x41, 0x29, 0xE8, 0x45, 0x33, 0xB8, 0x97, 0x71, 0x9A, 0xD4,
    0x36, 0x83, 0x92, 0x92, 0x54, 0x0C, 0x37, 0xC8, 0x36, 0x1D, 0x83, 0xFD, 0x60, 0x6F, 0x51, 0x3E,
    0x9B, 0x80, 0x05, 0x6A, 0xCF, 0x30, 0xDE, 0x69, 0x54, 0x01, 0x8D, 0x1F, 0xA3, 0x0A, 0x68, 0x7A,
    0x92, 0x2A, 0xA0, 0xB2, 0xB7, 0x0A, 0xE8, 0xF2, 0x98, 0x2A, 0xA0, 0x85, 0x5B, 0xF5, 0xB9, 0x2A,
    0xC8, 0x0E, 0x0D, 0xAA, 0x80, 0x66, 0x50, 0x10, 0x8C, 0x19, 0xAC, 0x0A, 0x28, 0xB7, 0xE5, 0x50,
    0x48, 0x0C, 0xB7, 0xDA, 0x93, 0xC3, 0x17, 0xAE, 0xEF, 0x53, 0xE8, 0xD6, 0xB2, 0xBF, 0xF4, 0x74,
    0xF0, 0x0F, 0x0B, 0xF9, 0x87, 0xFF, 0x7D, 0x0C, 0x9C, 0x6E, 0xC1, 0xC3, 0x5A, 0x44, 0xA2, 0xB4,
    0x27, 0xB5, 0x75, 0xED, 0x29, 0x2A, 0xEE, 0x59, 0x9D, 0x42, 0x71, 0x4F, 0xFE, 0x4D, 0xBA, 0xA8,
    0x4C, 0x31, 0xD8, 0xC0, 0xEE, 0xE4, 0xC1, 0xEE, 0x0C, 0xE7, 0x8C, 0x55, 0x30, 0x67, 0x50, 0x4A,
    0xEB, 0x95, 0x70, 0xCE, 0x30, 0x28, 0x0A, 0x11, 0x4A, 0x04, 0x28, 0x11, 0x9F, 0x44, 0x08, 0x0A,
    0x01, 0x28, 0x84, 0x9F, 0x10, 0x7C, 0x42, 0xE8, 0x09, 0x81, 0x27, 0x84, 0x9D, 0x10, 0x74, 0xB2,
    0xF2, 0x2D, 0xC3, 0x59, 0x8C, 0x65, 0x31, 0x90, 0xC5, 0x28, 0x16, 0x43, 0x58, 0x56, 0xA7, 0x61,
    0xDA, 0xCC, 0x1C, 0xDB, 0xFC, 0x55, 0x01, 0x49, 0xD2, 0xDA, 0x9E, 0xC7, 0x5C, 0x80, 0x23, 0xDA,
    0x35, 0x43, 0xA6, 0xEF, 0x9E, 0x3D, 0x6C, 0x99, 0xC1, 0x31, 0xF6, 0x00, 0x33, 0x80, 0x3D, 0x1C,
    0x5F, 0xEF, 0x33, 0x34, 0x83, 0xE3, 0x20, 0x6B, 0x76, 0xCB, 0x54, 0x6A, 0xF5, 0x43, 0x07, 0x35,
    0x5E, 0xC7, 0x23, 0x65, 0x07, 0xBF, 0xBD, 0xDE, 0x37, 0x67, 0x44, 0x0F, 0x9F, 0x33, 0xCE, 0x28,
    0x7B, 0xF6, 0xCC, 0x5C, 0x4D, 0x83, 0x9F, 0x85, 0xCF, 0x96, 0x57, 0xE1, 0x73, 0x8D, 0x36, 0x3D,
    0x3C, 0xED, 0xA5, 0xE3, 0x32, 0xF3, 0x1C, 0x79, 0x51, 0x85, 0x81, 0xF2, 0x2E, 0x3C, 0x2A, 0xD5,
    0x45, 0x78, 0x38, 0x9A, 0x28, 0x46, 0x3B, 0xEF, 0x19, 0x1B, 0xCA, 0x65, 0x75, 0x43, 0x96, 0xDA,
    0x64, 0xD2, 0x62, 0xE1, 0xCE, 0x46, 0x38, 0x22, 0x71, 0xDA, 0x83, 0x1B, 0x12, 0x94, 0xAD, 0x60,
    0x6C, 0x8D, 0xA5, 0x40, 0x23, 0x1D, 0x3C, 0x90, 0xA4, 0x66, 0x28, 0xEF, 0xD3, 0xB5, 0xB8, 0x9D,
    0x3D, 0xA9, 0x4D, 0xC2, 0xE7, 0xF6, 0x44, 0x97, 0xB1, 0x9E, 0xD7, 0x57, 0x46, 0x98, 0x15, 0x24,
    0x66, 0xA6, 0xC0, 0x3E, 0xBE, 0xD3, 0xAA, 0xD6, 0x41, 0x29, 0xEB, 0xF8, 0xF1, 0xAA, 0x5A, 0xC7,
    0x9B, 0xAA, 0xD6, 0xAB, 0xED, 0xAA, 0xD6, 0xCB, 0x4D, 0x55, 0xEB, 0x38, 0xA8, 0x6A, 0x3D, 0xF9,
    0x52, 0xD6, 0xF5, 0x98, 0x8E, 0x50, 0xB3, 0xA0, 0xAA, 0x75, 0x97, 0x8F, 0xF5, 0x51, 0x55, 0xEB,
    0x49, 0x1A, 0x79, 0xB0, 0xAA, 0x75, 0x7B, 0x54, 0xD5, 0xBA, 0xDE, 0x5F, 0xD5, 0x5A, 0x4D, 0x8F,
    0x2A, 0xD7, 0xD8, 0x68, 0x53, 0xD5, 0xBA, 0x96, 0x79, 0x05, 0x88, 0x58, 0x50, 0xD5, 0xBA, 0x60,
    0x55, 0x6B, 0xAA, 0x76, 0xC9, 0x6E, 0xE2, 0x97, 0x05, 0x7E, 0xC2, 0x4C, 0xDF, 0x70, 0x19, 0xDD,
    0x66, 0xD0, 0x13, 0xF7, 0x74, 0xB3, 0xFE, 0xB7, 0x9E, 0xF5, 0xBF, 0xDE, 0x61, 0x92, 0x9D, 0xC2,
    0xB7, 0x11, 0xCE, 0x88, 0x3C, 0x8D, 0xF3, 0xF8, 0x41, 0x2F, 0x3F, 0x9B, 0x0B, 0xF5, 0xF4, 0xA2,
    0x5F, 0x6F, 0xEA, 0xBD, 0x6C, 0xA9, 0x0F, 0x4B, 0x1E, 0x26, 0x46, 0x6E, 0x37, 0x79, 0x58, 0x1B,
    0x4B, 0x99, 0xDD, 0x8F, 0xD2, 0x09, 0x3D, 0x07, 0x77, 0xD1, 0xDF, 0x15, 0x9B, 0xB0, 0xA7, 0xEA,
    0x86, 0xA7, 0x49, 0x69, 0x56, 0x0D, 0xE4, 0x3A, 0xA5, 0x03, 0xFF, 0x5E, 0x58, 0xF2, 0x96, 0x37,
    0xF3, 0xA8, 0xEB, 0x99, 0x83, 0xED, 0xF3, 0x43, 0xE6, 0x65, 0xEE, 0x6D, 0xAA, 0xF6, 0x7F, 0x5F,
    0x28, 0x2D, 0x6C, 0x1B, 0x7B, 0x99, 0x78, 0x99, 0xC1, 0x55, 0x0F, 0xD6, 0x95, 0x56, 0x65, 0xFD,
    0x4B, 0x4A, 0x7F, 0x16, 0x5F, 0x8A, 0x95, 0xA8, 0x72, 0x90, 0x09, 0xA0, 0x6D, 0x98, 0xDC, 0xCD,
    0xDF, 0xE3, 0x19, 0x08, 0x29, 0xE5, 0x37, 0x07, 0xA4, 0xA5, 0xA9, 0xF0, 0x96, 0x62, 0xF1, 0x15,
    0xCD, 0x26, 0xCE, 0x8B, 0xD9, 0xC8, 0x1B, 0xCD, 0xFD, 0xEE, 0xA8, 0x36, 0xAA, 0xDD, 0xB5, 0xCA,
    0x22, 0xE6, 0x8A, 0x7B, 0xBD, 0x94, 0x19, 0x88, 0x7E, 0x93, 0x56, 0xC6, 0x24, 0xDD, 0x2A, 0x63,
    0x92, 0x68, 0xD4, 0x70, 0x4F, 0x19, 0x93, 0x33, 0x57, 0x6E, 0x2A, 0xC8, 0x56, 0x2C, 0x09, 0x28,
    0x70, 0xBE, 0xF4, 0xDF, 0x57, 0xFD, 0x5E, 0xE8, 0xD3, 0xD2, 0x04, 0x9F, 0xBB, 0xEF, 0xB9, 0x4F,
    0x3A, 0xBB, 0xCE, 0xFB, 0x3F, 0x2F, 0x92, 0xB5, 0x7E, 0x2D, 0x07, 0xA6, 0x3E, 0x1F, 0xD8, 0xF2,
    0x13, 0xFB, 0x29, 0xAF, 0xB3, 0xDA, 0xFF, 0x91, 0xE0, 0x6A, 0x03, 0xDD, 0xB2, 0x09, 0x0F, 0x5F,
    0xDA, 0x06, 0x53, 0x51, 0x71, 0x77, 0xC7, 0x43, 0xA5, 0xE9, 0x22, 0x62, 0x33, 0xC8, 0x42, 0x7E,
    0x2E, 0x16, 0xA6, 0x8D, 0x01, 0x22, 0x35, 0x8E, 0xB5, 0x6C, 0x36, 0x1D, 0xFC, 0xC5, 0x39, 0x75,
    0x70, 0x34, 0x95, 0x50, 0x19, 0xA4, 0xAC, 0x0D, 0x85, 0x5B, 0x02, 0x9E, 0xCF, 0xE9, 0xAD, 0x16,
    0x31, 0xF4, 0x9E, 0xEA, 0xA3, 0x1D, 0x40, 0xE4, 0xEE, 0xE7, 0xA1, 0xC3, 0x8D, 0xDE, 0x2D, 0xA0,
    0xAF, 0xA8, 0x0F, 0xFC, 0xAB, 0x87, 0x31, 0xF7, 0x96, 0xD8, 0x85, 0x7C, 0xD8, 0x0C, 0x41, 0x6E,
    0x1F, 0xED, 0xB7, 0x42, 0xD7, 0xF7, 0xB0, 0x12, 0xEE, 0x9D, 0xF5, 0x2F, 0xA4, 0x3C, 0x45, 0x61,
    0x32, 0xCF, 0x7B, 0xEA, 0x09, 0xBA, 0x17, 0xB6, 0xA0, 0x7A, 0x8C, 0x9C, 0x51, 0x39, 0x38, 0xA8,
    0x5B, 0x90, 0x29, 0xC7, 0x7C, 0x6D, 0x81, 0xDE, 0xF8, 0x33, 0xCE, 0x55, 0x40, 0x45, 0xE4, 0xE7,
    0x56, 0x89, 0x00, 0x5C, 0xF9, 0xA9, 0x0C, 0xE9, 0x08, 0xDA, 0x93, 0x36, 0x99, 0x80, 0xC8, 0xAB,
    0xD2, 0x71, 0x25, 0xEC, 0x65, 0x86, 0x99, 0xA4, 0xD7, 0x6D, 0xEA, 0x48, 0x06, 0xE6, 0x74, 0xAA,
    0x67, 0xE6, 0x70, 0x90, 0x08, 0x24, 0xD7, 0x5F, 0xAF, 0xD2, 0x4F, 0xF0, 0x79, 0x47, 0x59, 0x1E,
    0xCA, 0xFF, 0xA8, 0x7B, 0x55, 0x97, 0x5D, 0xD9, 0x93, 0xDE, 0x20, 0x1F, 0xD5, 0x1B, 0x56, 0xB6,
    0x6A, 0x03, 0xF2, 0xAA, 0x9A, 0x95, 0xFC, 0x50, 0x5F, 0xEA, 0x02, 0x8E, 0xD9, 0x35, 0x68, 0xC8,
    0xC8, 0xC9, 0x65, 0xD9, 0x24, 0x82, 0x95, 0x00, 0x0B, 0x01, 0x44, 0x06, 0x63, 0xFD, 0xC3, 0x14,
    0x30, 0x38, 0x1D, 0xB7, 0x08, 0xEC, 0x67, 0xAB, 0x48, 0x06, 0x88, 0x55, 0x4F, 0xC2, 0x2C, 0xD2,
    0x54, 0x50, 0x6C, 0xE3, 0x2B, 0x97, 0x1D, 0x44, 0x4C, 0xCE, 0xA4, 0x15, 0x4F, 0x43, 0x89, 0x3F,
    0x02, 0x79, 0xD1, 0xE0, 0x5C, 0x5C, 0x36, 0x84, 0x56, 0xF3, 0x0C, 0x94, 0x55, 0xAC, 0x18, 0x58,
    0xED, 0x22, 0x3E, 0x41, 0x28, 0x5D, 0x0F, 0x78, 0x50, 0xB0, 0x99, 0x72, 0x51, 0x14, 0x13, 0xCF,
    0xCA, 0xFD, 0x83, 0x57, 0x67, 0xBA, 0x82, 0x20, 0x68, 0x7C, 0x5F, 0xE4, 0xF4, 0xF8, 0x97, 0x3A,
    0x07, 0xFE, 0x9D, 0x36, 0x6A, 0x4F, 0xDF, 0xE9, 0xFC, 0x76, 0xD1, 0xCA, 0x46, 0xBC, 0x37, 0x04,
    0xD4, 0xB4, 0xFB, 0x7B, 0x1C, 0xBB, 0x9C, 0xAD, 0x58, 0x23, 0x6E, 0x2E, 0x4A, 0x31, 0x34, 0xD3,
    0x82, 0x29, 0x2E, 0xCB, 0xD6, 0x01, 0x68, 0x5E, 0x61, 0x08, 0x45, 0x61, 0x8C, 0x78, 0x3C, 0x5E,
    0x0C, 0xE8, 0x44, 0x13, 0x5D, 0x49, 0xC1, 0x27, 0x6D, 0x6B, 0xA6, 0xB4, 0xC0, 0x75, 0x87, 0x24,
    0x36, 0xAB, 0xDE, 0x98, 0x4F, 0x56, 0xA9, 0x32, 0x13, 0x9F, 0xDD, 0x50, 0x25, 0xA0, 0xCF, 0xBD,
    0x2F, 0x13, 0x6F, 0xBA, 0xF5, 0x6C, 0x56, 0x9E, 0x90, 0xCD, 0x98, 0xF1, 0x62, 0xFD, 0xA8, 0x44,
    0xA1, 0xA0, 0xDF, 0x4A, 0x87, 0xF9, 0x3D, 0x55, 0xB6, 0x8C, 0x54, 0x0F, 0x4E, 0x1F, 0x45, 0xAF,
    0x06, 0xCD, 0x35, 0x19, 0x88, 0x36, 0x96, 0x7B, 0xA8, 0x6A, 0x2F, 0x5D, 0x3A, 0x47, 0xB2, 0xE6,
    0x99, 0xA3, 0x57, 0x76, 0xB0, 0x3E, 0x99, 0xD4, 0xCD, 0xD0, 0x73, 0x85, 0x59, 0xCA, 0x14, 0x3A,
    0x87, 0xC9, 0xD4, 0x89, 0x69, 0x24, 0x19, 0x63, 0x71, 0x44, 0xAD, 0xC3, 0x9F, 0x08, 0x91, 0x8C,
    0x4B, 0xB0, 0x04, 0xB6, 0x6E, 0x70, 0xFB, 0xAF, 0xF7, 0x65, 0x67, 0xAC, 0xDA, 0x85, 0x26, 0x58,
    0xAE, 0x26, 0xCE, 0x4D, 0x68, 0xB2, 0x21, 0x99, 0xF8, 0x83, 0x9D, 0xEB, 0x3D, 0xEB, 0x3E, 0xBB,
    0xEA, 0x8D, 0x17, 0x22, 0x62, 0x02, 0x82, 0xF9, 0xA8, 0xA4, 0xF3, 0xFA, 0x22, 0xD0, 0x9D, 0x54,
    0xE5, 0xDA, 0xF4, 0x2F, 0xBB, 0xB4, 0x38, 0x0F, 0x7E, 0x9D, 0xB9, 0xE0, 0x57, 0x5A, 0xAD, 0xCC,
    0x8D, 0xD8, 0x66, 0x43, 0xB0, 0x7D, 0x08, 0xB4, 0xED, 0x9F, 0x66, 0xF6, 0x37, 0x70, 0x9D, 0x07,
    0xBF, 0xE8, 0x66, 0x1F, 0x9C, 0xE3, 0xD0, 0x35, 0x8A, 0x7D, 0x13, 0x69, 0x0F, 0x1B, 0x8A, 0xD7,
    0x8B, 0xCE, 0xED, 0x5E, 0x4F, 0x11, 0x3F, 0x49, 0x76, 0xC4, 0x4F, 0x12, 0x07, 0xFC, 0x24, 0xC3,
    0x43, 0xF9, 0x49, 0x6E, 0xD8, 0x21, 0xBE, 0xF4, 0xA7, 0x1B, 0x14, 0x74, 0x59, 0xB3, 0xE5, 0x27,
    0xFC, 0xE9, 0xEE, 0x45, 0x76, 0x12, 0xD2, 0x93, 0x30, 0x5B, 0x9F, 0x04, 0x25, 0x8E, 0x8E, 0xC6,
    0x11, 0xED, 0xA0, 0x2D, 0x49, 0x4A, 0xB8, 0x09, 0xE5, 0xC3, 0x10, 0x3A, 0xCC, 0xAC, 0x18, 0x32,
    0x95, 0xD8, 0x63, 0xC1, 0x3B, 0x8D, 0x36, 0x67, 0x8B, 0x27, 0x2B, 0x19, 0x91, 0x5C, 0xA3, 0xF0,
    0xBF, 0x41, 0xB9, 0xEF, 0x18, 0xB8, 0x86, 0x0E, 0xC1, 0xD1, 0x44, 0xAA, 0xA2, 0x37, 0x86, 0x39,
    0x08, 0x78, 0x65, 0x41, 0xE0, 0x4E, 0x92, 0xE6, 0x9C, 0x1C, 0x16, 0xA5, 0x5B, 0x4C, 0x00, 0xEC,
    0x21, 0x90, 0x39, 0xD1, 0x77, 0x83, 0xAC, 0x7A, 0x1A, 0x6D, 0xCF, 0xE7, 0x9B, 0xD8, 0x5B, 0x21,
    0xA2, 0x98, 0xE3, 0x38, 0x14, 0x2B, 0x16, 0xAB, 0xF6, 0x45, 0xEE, 0x4A, 0x9C, 0xA1, 0xC8, 0x39,
    0x39, 0x53, 0x8C, 0x10, 0x82, 0x73, 0xC9, 0x82, 0xAC, 0xB1, 0x29, 0xF8, 0xF3, 0x09, 0x3D, 0xA9,
    0x2D, 0x8B, 0xCC, 0x68, 0x39, 0xCD, 0x78, 0x3F, 0x8A, 0xBA, 0xD0, 0x6A, 0x44, 0x2B, 0x91, 0x3B,
    0x75, 0x67, 0xD5, 0xEF, 0xF3, 0xB7, 0x85, 0x87, 0x90, 0x4B, 0x37, 0x47, 0xA0, 0x55, 0xF2, 0x0D,
    0xA0, 0x3E, 0xEB, 0xB1, 0x7E, 0x2F, 0x3C, 0xA9, 0xB3, 0xB3, 0x7D, 0x65, 0x15, 0xD4, 0xFA, 0x2A,
    0x27, 0x9A, 0x96, 0xF4, 0x01, 0x68, 0x7F, 0x4A, 0xF1, 0x40, 0x1F, 0x5F, 0xCA, 0x3A, 0x4C, 0x01,
    0xD8, 0x11, 0x8B, 0x0A, 0x22, 0x63, 0xB1, 0xE4, 0x92, 0x2E, 0xDD, 0x9A, 0x7D, 0x5E, 0x4E, 0x84,
    0xF8, 0xCB, 0x77, 0x2C, 0xE3, 0xBC, 0xB0, 0x5A, 0x3F, 0x56, 0x72, 0xDB, 0xA6, 0x61, 0xA3, 0x3B,
    0x0D, 0xEB, 0x60, 0x3F, 0xDE, 0x75, 0xE9, 0x30, 0x8A, 0x7D, 0xF1, 0xE0, 0xE0, 0xBB, 0xDB, 0xE4,
    0xA4, 0x50, 0x80, 0x13, 0xAA, 0xE7, 0x80, 0xE9, 0x13, 0x4A, 0x3D, 0xF0, 0x79, 0x16, 0xC6, 0x52,
    0xAA, 0xE1, 0x59, 0x82, 0xF7, 0x02, 0x72, 0x52, 0x28, 0x46, 0x4E, 0xDA, 0x24, 0x5E, 0xA9, 0xF2,
    0xDF, 0xFB, 0x53, 0x30, 0x61, 0x93, 0x98, 0x02, 0xA9, 0x24, 0x63, 0x4C, 0xAC, 0x74, 0xCE, 0xD4,
    0xB8, 0x6C, 0xD6, 0xBF, 0x46, 0xEF, 0xEA, 0x11, 0x39, 0xA9, 0x29, 0xAD, 0xB1, 0x94, 0x56, 0x9E,
    0x9C, 0x74, 0x36, 0x72, 0xD2, 0x21, 0x20, 0x27, 0x0D, 0x58, 0x4A, 0x19, 0xC5, 0x7E, 0x46, 0xA6,
    0xC2, 0x38, 0x49, 0xD7, 0x1B, 0xE5, 0x78, 0x74, 0xF3, 0x19, 0x63, 0x5C, 0x0F, 0x5C, 0xA7, 0x3E,
    0x28, 0xA2, 0x47, 0x3F, 0x2A, 0x28, 0x83, 0x12, 0x2A, 0xAB, 0xD1, 0xFF, 0x68, 0xD1, 0xB9, 0xEF,
    0x9D, 0x5B, 0xC5, 0x09, 0xAC, 0x22, 0x2F, 0x34, 0x12, 0x20, 0x0D, 0xFD, 0x31, 0x65, 0x6F, 0x2D,
    0x3F, 0xC9, 0x8B, 0xB4, 0x79, 0x4A, 0xEC, 0x64, 0xC6, 0x2C, 0x0D, 0x3F, 0x57, 0x03, 0xF9, 0x15,
    0x69, 0x21, 0x2B, 0xE2, 0xB3, 0xCD, 0x1D, 0xF7, 0xDA, 0x31, 0xEE, 0x38, 0xCF, 0x2E, 0xBE, 0x10,
    0x5B, 0x5D, 0xFD, 0xEA, 0xD3, 0xA7, 0xEC, 0xAD, 0x8A, 0x91, 0xC9, 0x99, 0x67, 0x0B, 0x19, 0xA0,
    0xE3, 0xB3, 0xCC, 0x43, 0x10, 0x52, 0x29, 0x12, 0xFF, 0x5D, 0x74, 0x63, 0x02, 0x28, 0x24, 0x64,
    0x3E, 0x53, 0x96, 0x13, 0x65, 0x3D, 0x52, 0x0A, 0x65, 0x05, 0x99, 0x4A, 0x01, 0x99, 0x09, 0x4F,
    0x38, 0xB9, 0x97, 0xC6, 0x2A, 0x5E, 0x8F, 0x94, 0x32, 0xA8, 0xCA, 0xF5, 0x7B, 0xF2, 0xEC, 0xE2,
    0xC2, 0x65, 0x26, 0x21, 0x8C, 0x01, 0x8B, 0x3A, 0xBF, 0x33, 0xC4, 0xA4, 0xF8, 0xE2, 0x3C, 0xCA,
    0xBC, 0x2F, 0x8C, 0x82, 0x7F, 0xB3, 0x55, 0x3D, 0x2F, 0xFC, 0x1A, 0xBE, 0xE4, 0x7A, 0x1E, 0xAC,
    0xEA, 0xFC, 0xE9, 0xCE, 0x75, 0x56, 0x6A, 0xE6, 0xE2, 0x7A, 0xF6, 0x06, 0x04, 0x1F, 0x8C, 0x0F,
    0xCA, 0x7C, 0xB4, 0x95, 0x1F, 0x77, 0x8B, 0xA3, 0x38, 0xED, 0x6E, 0xBF, 0xC5, 0x0F, 0xF4, 0x5B,
    0xEA, 0xFB, 0x2D, 0xDF, 0xD7, 0x6F, 0x82, 0xAB, 0x12, 0x93, 0xD3, 0xE1, 0x42, 0x75, 0x4D, 0x0A,
    0x19, 0x4E, 0xB7, 0xDF, 0xA2, 0x63, 0xFB, 0x0D, 0x83, 0x60, 0x21, 0xBC, 0x7F, 0x4C, 0x5B, 0x3D,
    0x9E, 0x8B, 0xB9, 0xF1, 0xD5, 0xD1, 0xBB, 0x4F, 0xC3, 0x77, 0x8F, 0xDD, 0x4E, 0x89, 0xB6, 0xBE,
    0x77, 0xE5, 0x0B, 0x9A, 0xE0, 0x80, 0x77, 0x3F, 0x3C, 0xEA, 0xDD, 0xA7, 0xF6, 0xEE, 0xE7, 0xCD,
    0xBB, 0xE7, 0x3B, 0x3F, 0xC5, 0x31, 0xF8, 0xBE, 0xEF, 0xCB, 0xD3, 0x1F, 0x83, 0x67, 0xCE, 0x0E,
    0xA2, 0x09, 0xC1, 0xEF, 0xA5, 0x44, 0x84, 0xF2, 0x3E, 0x17, 0x08, 0x3C, 0xCB, 0x31, 0x41, 0x91,
    0x0F, 0x93, 0x21, 0xC3, 0xCA, 0x51, 0xB0, 0x7B, 0x8B, 0x6B, 0x7E, 0x63, 0x2E, 0x8D, 0x0A, 0xA0,
    0x1E, 0xE8, 0xFE, 0xAB, 0x79, 0xBC, 0xB9, 0x15, 0x04, 0xE2, 0xA7, 0x2D, 0x31, 0x6F, 0x89, 0x89,
    0x9B, 0x49, 0x2F, 0x46, 0xEC, 0x31, 0x77, 0x48, 0x08, 0x2C, 0xF3, 0xC3, 0x12, 0x5A, 0x31, 0x7B,
    0x31, 0x07, 0xCE, 0x7B, 0x4D, 0xF3, 0x06, 0xBF, 0x95, 0xB7, 0xA2, 0x02, 0xDC, 0xE1, 0x2D, 0xD6,
    0x63, 0xD4, 0x8C, 0xC0, 0xD1, 0x6F, 0xA6, 0x35, 0x17, 0xEF, 0xE0, 0xE0, 0x74, 0x76, 0x0A, 0x38,
    0x3A, 0xC2, 0xD6, 0xF0, 0xCF, 0x76, 0x5E, 0xB6, 0x5E, 0xAE, 0xDD, 0x71, 0x57, 0x4E, 0x40, 0xCC,
    0x64, 0xF2, 0x59, 0x91, 0xCF, 0xBA, 0xCF, 0xCB, 0xB7, 0x58, 0xFB, 0x6D, 0x76, 0x1C, 0x37, 0x23,
    0xEB, 0x1A, 0xA4, 0x1D, 0x0F, 0x4F, 0x79, 0xCB, 0xB1, 0x44, 0x34, 0xE2, 0x3A, 0x12, 0xD6, 0x62,
    0x58, 0x4E, 0xF8, 0xB5, 0xDD, 0x6A, 0xE4, 0x3E, 0x24, 0xED, 0x08, 0xF9, 0x67, 0x16, 0x9C, 0x8C,
    0x8C, 0x3C, 0xD7, 0x93, 0x78, 0x4C, 0xD5, 0x76, 0x40, 0x36, 0x93, 0x0E, 0x32, 0xE5, 0x5D, 0x13,
    0x1B, 0x1A, 0x80, 0xB1, 0xE2, 0x89, 0x72, 0xC5, 0x1C, 0xD8, 0x75, 0xDA, 0x11, 0x2E, 0xE9, 0x0B,
    0xC4, 0xEC, 0x14, 0xB9, 0xE9, 0x21, 0x79, 0x18, 0x32, 0xA8, 0x0E, 0xB4, 0x13, 0xBC, 0xA7, 0xF3,
    0xE2, 0x40, 0xBB, 0x1E, 0xC9, 0x85, 0xF7, 0x46, 0x9A, 0x27, 0x72, 0x41, 0x49, 0x0F, 0xE4, 0x5E,
    0xEF, 0xE3, 0xB9, 0xDD, 0xB9, 0xD2, 0x65, 0x15, 0xBD, 0xB9, 0x65, 0x6B, 0xEF, 0x2D, 0x90, 0xFC,
    0xDC, 0xBE, 0x77, 0xEC, 0x75, 0x6E, 0x8F, 0x2E, 0xAF, 0x88, 0x5E, 0x47, 0xC1, 0x39, 0x9C, 0xF8,
    0x4A, 0x6E, 0xD8, 0x7F, 0x40, 0x98, 0xD1, 0xC4, 0x10, 0x69, 0xDD, 0x26, 0x13, 0x11, 0xC8, 0x79,
    0xCB, 0x44, 0xF0, 0x5B, 0xE7, 0xF6, 0x48, 0xEF, 0x72, 0xDC, 0x7B, 0x88, 0x8C, 0x7F, 0x7F, 0xB9,
    0xCA, 0x15, 0xDD, 0xE3, 0x28, 0x74, 0xDA, 0x32, 0xDD, 0x66, 0xF6, 0x3E, 0xFD, 0x8E, 0x28, 0xA1,
    0x72, 0xA7, 0x2F, 0xCE, 0xED, 0x31, 0xAF, 0xF4, 0xE9, 0x09, 0x98, 0x30, 0xF4, 0x84, 0x89, 0xBA,
    0xC1, 0x87, 0x59, 0xB1, 0x7A, 0xF4, 0xC0, 0x7E, 0x7A, 0x51, 0x98, 0xBB, 0xD9, 0xE0, 0xD1, 0xA0,
    0xC3, 0x4C, 0x01, 0x79, 0x15, 0xCB, 0x45, 0xB3, 0xE5, 0x27, 0xFC, 0xE9, 0x9E, 0xEB, 0x4C, 0xD4,
    0xCD, 0xB7, 0xC8, 0x7F, 0xF9, 0xD8, 0x75, 0x2A, 0x96, 0x26, 0x1A, 0x75, 0xC4, 0x9C, 0x91, 0x7A,
    0x1F, 0x15, 0x6D, 0x38, 0xE4, 0x43, 0x59, 0x52, 0x44, 0x14, 0x6E, 0xDE, 0x45, 0xC2, 0x86, 0x80,
    0xD8, 0xFD, 0x65, 0x2E, 0x26, 0xB7, 0x70, 0x0F, 0x2B, 0x1E, 0x3C, 0xB3, 0x16, 0xC2, 0x43, 0x8B,
    0x07, 0xF7, 0xBC, 0xD3, 0xFF, 0x6F, 0xC5, 0x83, 0x75, 0x4E, 0x1E, 0xD3, 0xA3, 0x32, 0x17, 0xB3,
    0x81, 0x37, 0x6E, 0x1D, 0xDD, 0x99, 0x04, 0x8D, 0x71, 0x99, 0xB7, 0x64, 0x68, 0xDB, 0xB9, 0x56,
    0xBD, 0x41, 0x3B, 0x2D, 0xFA, 0xED, 0x18, 0x01, 0x37, 0x35, 0x1D, 0x4D, 0xB5, 0x48, 0xB8, 0xB3,
    0x68, 0xF8, 0xC9, 0x2E, 0x66, 0x60, 0xB9, 0xAB, 0x07, 0x07, 0xFF, 0xEA, 0x41, 0xC7, 0xB5, 0xB6,
    0x78, 0x0C, 0x57, 0xA3, 0xF5, 0x91, 0x07, 0x43, 0x2C, 0x5A, 0xCC, 0xC4, 0x54, 0x36, 0x96, 0x60,
    0x49, 0xB5, 0x41, 0x63, 0x56, 0x43, 0xD5, 0x0A, 0xE2, 0x41, 0xAD, 0x18, 0xF6, 0x81, 0x05, 0x41,
    0x95, 0xD6, 0xA0, 0x94, 0x07, 0x32, 0x9A, 0x0A, 0xBA, 0x1A, 0xAF, 0x26, 0x52, 0xC1, 0xA2, 0x58,
    0x61, 0x29, 0x9F, 0x68, 0x61, 0x00, 0x6D, 0xD0, 0xCA, 0x4C, 0x65, 0x99, 0xA5, 0x72, 0xA3, 0xC2,
    0xCA, 0x98, 0xF7, 0x2E, 0x3D, 0xAD, 0x2E, 0xF5, 0x60, 0x35, 0x41, 0xA0, 0xCC, 0x1E, 0xAD, 0x9C,
    0xEC, 0x29, 0x17, 0x32, 0x78, 0x9A, 0x92, 0xBB, 0x37, 0xA5, 0xFD, 0x88, 0x4F, 0xD7, 0x42, 0xEC,
    0x58, 0x1A, 0xA8, 0xD7, 0xA9, 0x62, 0x93, 0x93, 0x42, 0x4A, 0x53, 0xFA, 0x4D, 0x50, 0x4D, 0xB9,
    0x86, 0xE4, 0xE7, 0xF6, 0xBD, 0x7D, 0x57, 0x50, 0x2D, 0x51, 0x9B, 0x2A, 0x27, 0x29, 0x79, 0x91,
    0x73, 0x0A, 0xF0, 0x39, 0x07, 0x81, 0x84, 0x39, 0xCE, 0x44, 0xA8, 0xA6, 0x13, 0x4B, 0xFA, 0x67,
    0x1E, 0x89, 0x4D, 0x89, 0xD7, 0x01, 0x4A, 0xE3, 0x7C, 0xC0, 0x94, 0xD2, 0x1F, 0x4A, 0x54, 0x7D,
    0x2A, 0x3B, 0x56, 0xEB, 0xAE, 0x21, 0x4B, 0x45, 0xE6, 0xA2, 0xFC, 0x93, 0xB4, 0x2A, 0xEB, 0x8E,
    0x7D, 0x21, 0xBF, 0x90, 0xF5, 0xC7, 0x14, 0x91, 0xFC, 0x03, 0x79, 0x1B, 0x78, 0x70, 0x9C, 0xC5,
    0x6B, 0x8D, 0x19, 0x09, 0x0B, 0x42, 0x5D, 0xBC, 0xFE, 0xFE, 0x2A, 0x82, 0x93, 0x50, 0x70, 0xCF,
    0xCA, 0xE1, 0x1B, 0xB9, 0x9C, 0xE8, 0x61, 0x8C, 0xE3, 0xFC, 0x77, 0x23, 0x57, 0xD0, 0x81, 0xC2,
    0xB3, 0xF8, 0x55, 0x41, 0x07, 0xEE, 0xCE, 0x31, 0xD9, 0x63, 0x97, 0xD2, 0x59, 0xEC, 0x2D, 0xA5,
    0x63, 0x05, 0xCA, 0xAB, 0x7C, 0x00, 0x23, 0x24, 0x51, 0x6D, 0xB5, 0x96, 0xD2, 0xF9, 0x3E, 0x67,
    0x39, 0x92, 0x79, 0x7C, 0x50, 0xE1, 0x72, 0xE3, 0x4A, 0x5F, 0x6F, 0xBA, 0xE6, 0xFE, 0x62, 0xC9,
    0x22, 0x0C, 0x83, 0x0E, 0xF5, 0xE2, 0x4F, 0x86, 0x2F, 0xAA, 0x22, 0x5F, 0x14, 0x13, 0xBA, 0x84,
    0x7B, 0x0E, 0x28, 0x8B, 0x30, 0xD1, 0xF2, 0x78, 0xA5, 0x81, 0xF8, 0x10, 0x1D, 0x1F, 0x06, 0xC4,
    0x21, 0x0C, 0xDE, 0x7A, 0x9B, 0xC8, 0x0D, 0xFD, 0xE7, 0x8B, 0x95, 0x0C, 0xDA, 0xAD, 0x89, 0xCC,
    0xFA, 0x85, 0xE8, 0xA6, 0xA2, 0x15, 0x5A, 0x8C, 0xC1, 0x6C, 0xED, 0x22, 0xF9, 0x15, 0xF8, 0xA2,
    0x44, 0x1E, 0xCA, 0x17, 0x55, 0x04, 0x03, 0x20, 0x31, 0x62, 0xC8, 0x2E, 0xD8, 0x4E, 0xD7, 0xB9,
    0xA2, 0x9B, 0xA3, 0x31, 0x9B, 0x95, 0x2F, 0x6A, 0x48, 0x44, 0xF9, 0xA2, 0x10, 0xD0, 0x11, 0x66,
    0x10, 0xE0, 0xE9, 0x7C, 0x9E, 0x58, 0x0B, 0xEE, 0x75, 0x63, 0xAF, 0xD9, 0x16, 0x0D, 0x84, 0x54,
    0x7C, 0x30, 0xDE, 0xC4, 0x68, 0xBF, 0x96, 0x8F, 0x74, 0xDA, 0x76, 0xC2, 0xD5, 0xC9, 0xEC, 0xC4,
    0x89, 0xF4, 0xA6, 0xB4, 0x2C, 0x7E, 0x5B, 0xCB, 0x4F, 0x5F, 0x0C, 0xB0, 0x19, 0xA6, 0xD8, 0x9A,
    0x4F, 0xEB, 0x32, 0xAA, 0xB7, 0x5D, 0x3B, 0x19, 0x8E, 0x86, 0xF7, 0x11, 0x51, 0x74, 0xBE, 0x6D,
    0x27, 0x99, 0x65, 0x8A, 0x96, 0xDD, 0x03, 0xBC, 0x62, 0x97, 0xE5, 0x27, 0xEE, 0x25, 0xF9, 0xF5,
    0x2E, 0xAF, 0xD8, 0x7E, 0x1A, 0xB0, 0x75, 0x09, 0x73, 0xEA, 0x48, 0x03, 0xF6, 0x7B, 0xD2, 0x80,
    0x3D, 0xD0, 0xAD, 0x95, 0x77, 0xC4, 0x36, 0x47, 0xE2, 0x13, 0x37, 0xE5, 0x37, 0xD5, 0x1E, 0x1A,
    0xB0, 0xE8, 0x41, 0x1A, 0xB0, 0x81, 0x34, 0x60, 0xD3, 0xC3, 0x68, 0xC0, 0x6E, 0x38, 0xF7, 0x7F,
    0xED, 0x9C, 0x31, 0xAC, 0xE4, 0xC6, 0x79, 0xC7, 0xFF, 0x24, 0x75, 0x22, 0x20, 0x16, 0x74, 0x21,
    0x5F, 0x61, 0x03, 0xD9, 0x36, 0x49, 0x11, 0xF6, 0x80, 0x75, 0x64, 0xA0, 0x1E, 0xBA, 0x46, 0xF5,
    0xA5, 0x50, 0x61, 0xC8, 0x85, 0x7A, 0x40, 0x0A, 0x89, 0xA8, 0x48, 0x19, 0x25, 0x45, 0xD2, 0x5E,
    0xA1, 0x14, 0x72, 0x0A, 0xB5, 0x2A, 0x1C, 0x93, 0xAE, 0x52, 0xA8, 0x08, 0xE1, 0xF4, 0x10, 0x11,
    0xDB, 0x4D, 0xAE, 0xF0, 0x44, 0x47, 0x23, 0x54, 0x42, 0xF2, 0x0B, 0xE6, 0xFF, 0x7D, 0x9C, 0x7D,
    0x7C, 0xB7, 0x3E, 0x1F, 0x9E, 0x1F, 0xA4, 0x77, 0x7B, 0xFB, 0x61, 0x77, 0x7E, 0xC4, 0x3E, 0x0E,
    0x67, 0x38, 0xDF, 0xEF, 0xB8, 0x9C, 0x59, 0xE2, 0x00, 0x20, 0x13, 0x30, 0x72, 0x63, 0x69, 0xAC,
    0xA5, 0x22, 0x45, 0x1A, 0x8F, 0x58, 0xA4, 0xF3, 0x4C, 0x8C, 0x99, 0xF1, 0x20, 0xD2, 0xB3, 0xDA,
    0x53, 0x19, 0x58, 0xED, 0x3F, 0x95, 0xF2, 0x0B, 0x71, 0xAC, 0xD6, 0x90, 0x89, 0x80, 0xCC, 0x17,
    0xC8, 0xE8, 0xAB, 0xCD, 0x68, 0x27, 0xB6, 0x26, 0xE2, 0xD9, 0x8A, 0xC8, 0x0C, 0x40, 0xFE, 0xEB,
    0xA7, 0xED, 0xCC, 0x6A, 0x28, 0x67, 0x20, 0x15, 0xA0, 0x5C, 0x58, 0x0D, 0xC5, 0xCA, 0x6A, 0x28,
    0xFC, 0x67, 0xA3, 0x6F, 0x19, 0x68, 0x9D, 0x76, 0x5C, 0x3A, 0x32, 0x95, 0xDE, 0x7F, 0xFE, 0x49,
    0x2D, 0xAB, 0xEF, 0xF0, 0xBC, 0x11, 0x7F, 0x38, 0x7E, 0xAE, 0x88, 0xA4, 0x21, 0x63, 0xE9, 0x76,
    0x8C, 0x94, 0x61, 0xBF, 0x7B, 0x9F, 0xF2, 0x43, 0x91, 0x01, 0x99, 0x88, 0x74, 0x28, 0x97, 0x4C,
    0x3A, 0x88, 0x4B, 0xA5, 0x49, 0xA4, 0xCB, 0xA4, 0xE2, 0x0B, 0x39, 0x5F, 0xC5, 0x82, 0x7C, 0xF5,
    0x27, 0x94, 0x2F, 0xBE, 0xD4, 0x93, 0x2F, 0x66, 0xB4, 0x23, 0x4A, 0x2D, 0xA7, 0x63, 0x59, 0x8F,
    0xA8, 0x27, 0x88, 0x43, 0x39, 0x27, 0xE2, 0x70, 0x90, 0x56, 0xBE, 0xF9, 0x99, 0x6F, 0x44, 0xE6,
    0x48, 0xD6, 0x42, 0x7A, 0xFC, 0xA0, 0x89, 0x3F, 0xC5, 0x89, 0x48, 0x1D, 0x13, 0x39, 0x33, 0x2F,
    0x8B, 0x95, 0xFA, 0x89, 0xFE, 0x75, 0x1F, 0x91, 0xF4, 0x64, 0xF2, 0xD4, 0x29, 0x7F, 0xA5, 0x8C,
    0xDE, 0x56, 0x22, 0xEF, 0x95, 0x6D, 0xA5, 0x9C, 0x14, 0x70, 0x8A, 0x88, 0xDC, 0xC7, 0x2B, 0x64,
    0xD4, 0x61, 0xA4, 0x0F, 0xFF, 0xEA, 0xCB, 0x99, 0x5A, 0xBC, 0xC7, 0xED, 0x68, 0xE6, 0xC9, 0x73,
    0x70, 0x0A, 0xF8, 0x78, 0xC0, 0xF2, 0x2D, 0x84, 0xB8, 0x5B, 0x0E, 0xDD, 0x33, 0xD6, 0x7B, 0xD5,
    0x13, 0x63, 0xAE, 0xE9, 0xF2, 0xAD, 0x30, 0xCC, 0x9A, 0x78, 0x25, 0xF0, 0xFA, 0x63, 0x25, 0xDE,
    0xAD, 0xF4, 0x73, 0xE9, 0xCD, 0x02, 0x47, 0x1E, 0x64, 0x24, 0xEB, 0xAF, 0x66, 0x52, 0xDE, 0xA6,
    0x93, 0xC9, 0x1C, 0x09, 0x77, 0x73, 0x68, 0x5F, 0x65, 0x8B, 0x34, 0x4C, 0x97, 0x72, 0xF2, 0x25,
    0x1B, 0x8E, 0xC5, 0xF1, 0x6C, 0x1A, 0x76, 0x8A, 0x7F, 0xE4, 0xF9, 0x2C, 0x08, 0xB1, 0xED, 0x3E,
    0xF3, 0x3C, 0x56, 0xBF, 0xFB, 0x2A, 0x5E, 0x3A, 0xE7, 0x6B, 0xD5, 0x4D, 0xD9, 0x21, 0x5A, 0x71,
    0x18, 0xEE, 0xA2, 0x75, 0x6F, 0x42, 0x43, 0x1A, 0x63, 0x6F, 0x1C, 0x95, 0xF5, 0x1C, 0xB2, 0xBF,
    0x93, 0x12, 0x07, 0xA7, 0xD4, 0xE3, 0xDC, 0xDC, 0xBA, 0x8B, 0x75, 0x6A, 0x86, 0x49, 0x54, 0x2E,
    0xDA, 0xFD, 0xEA, 0xF8, 0x0F, 0xBF, 0xE6, 0x48, 0xA6, 0xBA, 0xFB, 0xCF, 0xCF, 0xC2, 0x3A, 0xDC,
    0xAB, 0x94, 0xED, 0x44, 0x44, 0xF3, 0xAC, 0x1C, 0x95, 0x88, 0x8C, 0xA9, 0x53, 0x96, 0x8D, 0xF2,
    0x47, 0x0A, 0x7C, 0x68, 0xFC, 0x31, 0xFE, 0x28, 0xFB, 0x2E, 0xF6, 0x51, 0x1B, 0xF6, 0xF5, 0x83,
    0xCA, 0x97, 0x45, 0x03, 0xE0, 0xB5, 0xB2, 0x0A, 0xAE, 0xA5, 0xCC, 0x50, 0xDE, 0xB0, 0xAC, 0x58,
    0xE2, 0x2C, 0x1C, 0x8C, 0x1E, 0xE2, 0xAF, 0xF4, 0xD6, 0x2C, 0x72, 0x9A, 0xDB, 0x27, 0x4C, 0x9A,
    0x68, 0x72, 0x93, 0xE1, 0xB0, 0x32, 0xC7, 0x4D, 0xFC, 0x18, 0xFB, 0xF8, 0xA3, 0x9C, 0xBB, 0x38,
    0xF7, 0x9A, 0x3F, 0x6C, 0xF5, 0xC0, 0xEF, 0xF8, 0x3B, 0x1E, 0x46, 0x1C, 0xF0, 0x11, 0xAB, 0x7C,
    0xA1, 0xCE, 0x59, 0x9C, 0x81, 0x67, 0x77, 0xC0, 0x93, 0xCB, 0x3C, 0xF1, 0x26, 0x06, 0x9D, 0xC1,
    0xEC, 0xF2, 0x96, 0xE6, 0x13, 0x0F, 0x11, 0x51, 0xAC, 0x11, 0x99, 0xAF, 0x17, 0x4D, 0xF6, 0x65,
    0x30, 0xA3, 0xD4, 0x6A, 0xFF, 0xA8, 0x15, 0x5A, 0x99, 0xCD, 0xC7, 0x41, 0xEB, 0xAF, 0xB8, 0xF8,
    0x7B, 0xA3, 0xF9, 0xC4, 0x03, 0x60, 0x04, 0x4A, 0xC4, 0x0E, 0x28, 0xAB, 0x74, 0xF0, 0xBB, 0x14,
    0x1D, 0x4F, 0xBD, 0xF2, 0x55, 0x17, 0x26, 0x73, 0xC0, 0x99, 0xCE, 0x27, 0x2E, 0xD6, 0x7D, 0x9B,
    0xF3, 0x89, 0x1B, 0x58, 0x77, 0xD6, 0xF3, 0x89, 0x8B, 0x7D, 0xDF, 0xFE, 0x7C, 0xE2, 0x06, 0x0E,
    0x9E, 0xD3, 0x7C, 0xE2, 0xE2, 0xDC, 0xB7, 0x33, 0x9F, 0x38, 0x03, 0xCF, 0x2E, 0x9E, 0xDC, 0x89,
    0xF9, 0xC4, 0x8B, 0x1B, 0x74, 0x26, 0xF3, 0x89, 0x92, 0x07, 0xDA, 0x70, 0x4F, 0xBE, 0x79, 0xF7,
    0xD1, 0x0C, 0xDF, 0x5A, 0x36, 0x29, 0x46, 0x44, 0x1E, 0x0E, 0xB1, 0x0C, 0x1E, 0x89, 0x5A, 0x91,
    0x48, 0x67, 0x48, 0x9C, 0xCF, 0x66, 0xE7, 0x0F, 0x97, 0x49, 0x97, 0x31, 0x6F, 0x4D, 0x3E, 0x78,
    0x88, 0x18, 0x38, 0x7E, 0xEF, 0xD6, 0x1D, 0x73, 0x5C, 0x78, 0xAC, 0x28, 0x1A, 0x1A, 0x50, 0x7A,
    0x98, 0xD0, 0x8A, 0x7A, 0x06, 0xFE, 0xBC, 0xA2, 0x45, 0x65, 0x45, 0xA9, 0x5A, 0xD0, 0x31, 0xD9,
    0x70, 0x5F, 0xFE, 0xF7, 0xA7, 0xFF, 0xB2, 0x42, 0x7C, 0x18, 0x96, 0x17, 0xB1, 0x80, 0x12, 0xEC,
    0x3A, 0x0F, 0x35, 0xF9, 0xAA, 0x00, 0xAF, 0x7F, 0xCA, 0x4C, 0x56, 0x3E, 0x91, 0x3D, 0x4A, 0x57,
    0x3B, 0x48, 0x57, 0x8E, 0x89, 0x54, 0xE5, 0x98, 0x79, 0xD9, 0xF3, 0x35, 0x96, 0xA1, 0x98, 0x73,
    0x69, 0xCA, 0x45, 0x16, 0x94, 0x7E, 0xB7, 0x5A, 0x7E, 0x0D, 0x9F, 0x2C, 0x2D, 0xBE, 0xE7, 0x8B,
    0xA1, 0x9D, 0x90, 0x0E, 0xF5, 0x8C, 0x62, 0x28, 0x67, 0x48, 0x5F, 0xC8, 0xE7, 0x3E, 0xF9, 0x32,
    0x79, 0x71, 0x1B, 0xE0, 0xF5, 0x4F, 0xF0, 0x4C, 0xD4, 0x80, 0x2A, 0x1F, 0x49, 0x6F, 0x05, 0xD8,
    0xC9, 0xFA, 0xD4, 0xEF, 0x8A, 0xE9, 0x53, 0x47, 0xFC, 0x8A, 0xD8, 0x7E, 0x54, 0xCC, 0x7B, 0xA2,
    0x05, 0x63, 0xD4, 0x0A, 0x4E, 0xB1, 0xD7, 0xF6, 0xDC, 0xF2, 0x1F, 0x49, 0x05, 0xE4, 0xFE, 0xCB,
    0x39, 0xFF, 0x72, 0x00, 0x5E, 0x7F, 0xA7, 0xF7, 0xCA, 0x77, 0x60, 0x4D, 0xC4, 0xBC, 0x5A, 0x0D,
    0xBE, 0xE8, 0xA1, 0xF1, 0x5D, 0x25, 0x9C, 0x37, 0x50, 0x2E, 0x61, 0xCF, 0xD6, 0x47, 0x0D, 0xAF,
    0xBD, 0x02, 0x20, 0xEB, 0xDA, 0x19, 0x40, 0x8E, 0xC3, 0xBE, 0x87, 0x67, 0x9D, 0xB5, 0xBA, 0xCB,
    0x1B, 0xC4, 0x32, 0x15, 0x40, 0xCA, 0x4F, 0xF2, 0xBF, 0x91, 0x09, 0x78, 0x80, 0xF2, 0x39, 0x83,
    0xC0, 0xA4, 0x69, 0xD6, 0x34, 0x6D, 0x9A, 0x37, 0x26, 0x0E, 0xCC, 0x1C, 0x98, 0x3A, 0x30, 0x77,
    0x60, 0xF2, 0xC0, 0xEC, 0x69, 0xFA, 0x34, 0x7F, 0x9A, 0x40, 0xCD, 0x20, 0xCB, 0x01, 0xCC, 0x21,
    0x98, 0x44, 0x30, 0x8B, 0x60, 0x1A, 0x35, 0x8F, 0x9A, 0xC8, 0xAB, 0x99, 0xBC, 0xA7, 0x68, 0x9B,
    0x2B, 0x5F, 0x25, 0xA9, 0x22, 0x97, 0xEA, 0x38, 0x5B, 0x83, 0x0D, 0xFC, 0xB2, 0x5B, 0x81, 0xE1,
    0x02, 0xA2, 0xE6, 0x26, 0x2C, 0x1F, 0x16, 0x8A, 0xFA, 0x2B, 0xD6, 0x93, 0x64, 0xD6, 0xA5, 0x43,
    0x2E, 0x6C, 0x0D, 0x68, 0xCF, 0xD8, 0x84, 0x10, 0xA2, 0x3D, 0x6B, 0xC2, 0x52, 0x56, 0x21, 0x61,
    0x0A, 0x18, 0xF1, 0x83, 0x74, 0x09, 0x57, 0x3A, 0x8D, 0xB0, 0x7B, 0x17, 0x6E, 0x8C, 0xE4, 0xB7,
    0xCE, 0x27, 0x2C, 0x9F, 0x80, 0x6C, 0xF2, 0xC3, 0x78, 0x18, 0xA2, 0xE5, 0x2E, 0x5A, 0xF4, 0xA6,
    0x82, 0xBA, 0x84, 0x47, 0x46, 0xC4, 0x11, 0xED, 0x4C, 0xE4, 0xB2, 0xBB, 0x57, 0x29, 0x06, 0x22,
    0x7E, 0x7C, 0xB1, 0xE8, 0xB4, 0x45, 0xD1, 0x6A, 0x4A, 0x68, 0x47, 0x23, 0x19, 0xB7, 0x03, 0xA7,
    0xAA, 0x52, 0xA7, 0x03, 0x11, 0xDC, 0xA1, 0x3A, 0x34, 0x87, 0xE2, 0xD0, 0x1B, 0x6A, 0x43, 0x6B,
    0xBE, 0xCB, 0x6F, 0x0B, 0x5D, 0x00, 0xD1, 0xCA, 0xBA, 0xFC, 0xA1, 0xAB, 0x1F, 0xA4, 0x22, 0x73,
    0x57, 0x97, 0x3E, 0x7E, 0xB4, 0x5B, 0xF8, 0xF8, 0x31, 0x4E, 0x3B, 0x72, 0x71, 0x04, 0x68, 0x07,
    0x20, 0xF9, 0x9F, 0x11, 0x48, 0xBE, 0x1E, 0x01, 0xF0, 0xFE, 0xC9, 0x77, 0x07, 0x75, 0x05, 0x60,
    0x0A, 0xB7, 0x4F, 0x0E, 0x2F, 0x81, 0x28, 0xD1, 0x27, 0x78, 0xCC, 0x3B, 0xFC, 0xD8, 0x85, 0x35,
    0x8A, 0x48, 0xB8, 0x47, 0x32, 0x14, 0xEB, 0xA9, 0x05, 0x8A, 0xD3, 0x6A, 0x5C, 0xD4, 0xA8, 0x80,
    0x62, 0x4C, 0x7A, 0x40, 0xE4, 0x51, 0xE7, 0x47, 0x59, 0x80, 0xB4, 0x6B, 0x17, 0x20, 0xAF, 0xB2,
    0x01, 0xC7, 0x38, 0x8B, 0xAF, 0x9F, 0xDB, 0x17, 0xE0, 0x32, 0x8B, 0xBC, 0xF9, 0xA5, 0xE2, 0x4E,
    0x4E, 0x39, 0x53, 0x6F, 0xE8, 0xE1, 0xDF, 0xFD, 0xF8, 0xFF, 0x5D, 0x07, 0xDC, 0x3B, 0x50, 0xF3,
    0x0A, 0x88, 0xE7, 0x6D, 0x3A, 0x95, 0x76, 0xBE, 0x68, 0xAE, 0x49, 0xE1, 0x58, 0x78, 0x21, 0x1E,
    0x72, 0xD4, 0x59, 0x50, 0x05, 0x8A, 0x40, 0x0D, 0x38, 0x80, 0x5A, 0xA4, 0xBE, 0xC8, 0x38, 0x72,
    0x5A, 0xC0, 0x8A, 0x83, 0x80, 0xD9, 0xB6, 0xA2, 0x5C, 0x34, 0xCF, 0x5A, 0x30, 0xD5, 0x4C, 0x34,
    0xD3, 0x7C, 0x6C, 0xE7, 0xBE, 0x7C, 0x53, 0x81, 0xDE, 0xB0, 0xE0, 0x42, 0xD9, 0xE1, 0xAB, 0x06,
    0xC5, 0x3B, 0x1D, 0xDE, 0x38, 0x74, 0x3C, 0x85, 0x78, 0xE1, 0x09, 0xB0, 0xFF, 0x99, 0x75, 0xFF,
    0x8D, 0xC7, 0xF8, 0xA1, 0x38, 0x88, 0x38, 0x7C, 0x2E, 0x03, 0x62, 0xE9, 0xB9, 0x5A, 0x94, 0x84,
    0x77, 0x83, 0x94, 0xC9, 0x02, 0xF2, 0xED, 0xBD, 0xEA, 0xE2, 0x4A, 0x31, 0xEB, 0xBB, 0xE4, 0x3B,
    0x45, 0xB9, 0x0A, 0x0A, 0xF1, 0x49, 0x18, 0x11, 0x7D, 0x76, 0x07, 0x07, 0xE5, 0x54, 0xC4, 0xBE,
    0x56, 0xBA, 0xE2, 0x6A, 0x63, 0xD9, 0x6A, 0x7F, 0xD0, 0xA4, 0xEB, 0xB9, 0x57, 0xE1, 0x9D, 0x09,
    0x3F, 0xDF, 0x45, 0xF4, 0x1E, 0xE2, 0x76, 0x46, 0x29, 0x33, 0x0A, 0x99, 0x80, 0x7A, 0xD4, 0x65,
    0x3D, 0xD9, 0xDE, 0x03, 0xA2, 0x93, 0x43, 0xDB, 0x20, 0xDB, 0x0F, 0x6F, 0x93, 0xCB, 0x07, 0x5D,
    0x2E, 0xD2, 0x25, 0xB2, 0x00, 0xEF, 0x57, 0xB8, 0x1A, 0x39, 0xAF, 0x9B, 0x3A, 0xD1, 0xE2, 0xDB,
    0x85, 0x99, 0xC1, 0xFD, 0xCF, 0x4C, 0x5F, 0x19, 0xA9, 0xBA, 0xCE, 0xB2, 0x13, 0x19, 0x32, 0xE9,
    0xD9, 0xFF, 0x58, 0x9C, 0x0E, 0x5C, 0x3B, 0x03, 0xE2, 0x2B, 0xAF, 0xE0, 0x67, 0x45, 0x58, 0x72,
    0xAC, 0x72, 0xE9, 0x38, 0xF4, 0x07, 0xA9, 0x3C, 0xBB, 0x52, 0xA0, 0x5C, 0x95, 0xF5, 0xA2, 0x6C,
    0x67, 0xB2, 0x91, 0x23, 0x59, 0x9F, 0x2C, 0x84, 0x87, 0x47, 0xB9, 0x71, 0x85, 0x30, 0x41, 0xB3,
    0x52, 0x26, 0xBF, 0xC9, 0xB6, 0xCB, 0x85, 0x5D, 0x44, 0x29, 0x3C, 0x2C, 0x87, 0xB7, 0x10, 0xF8,
    0xFE, 0x70, 0x9F, 0x48, 0xA6, 0x54, 0x9C, 0x9D, 0x4E, 0x75, 0xE5, 0xF4, 0xF0, 0x83, 0x7F, 0xC6,
    0x73, 0xA3, 0x36, 0xEE, 0x57, 0x40, 0x03, 0xB1, 0xB1, 0x0E, 0x97, 0x25, 0xFE, 0x55, 0xC7, 0x41,
    0x26, 0xA0, 0x1D, 0x39, 0x3E, 0x7D, 0x2E, 0x3E, 0x53, 0x99, 0x34, 0xB9, 0x78, 0x3D, 0x0F, 0xAB,
    0x2F, 0xCB, 0x19, 0x89, 0x2F, 0xFD, 0x76, 0xCD, 0xB2, 0x9D, 0xBC, 0xB7, 0xED, 0xE4, 0x4F, 0xA1,
    0x1D, 0x91, 0x8B, 0xF7, 0xF1, 0xB0, 0xFA, 0xB2, 0x9C, 0xFD, 0xAB, 0x1E, 0xFD, 0xD9, 0xCA, 0x80,
    0x83, 0x68, 0xE6, 0x65, 0x05, 0x20, 0x32, 0xF8, 0xC6, 0x3F, 0xC3, 0xC9, 0x38, 0x34, 0xEC, 0xE2,
    0x00, 0xD0, 0xA6, 0x50, 0xD6, 0x2C, 0x8B, 0xEB, 0x46, 0xF3, 0x58, 0xBC, 0xCD, 0x53, 0x7E, 0xAD,
    0x44, 0x78, 0x02, 0x7F, 0x50, 0xD6, 0xD7, 0x9E, 0xC0, 0x1F, 0x8D, 0x0E, 0x21, 0x5E, 0x65, 0xA3,
    0xDA, 0x9E, 0x83, 0xE8, 0x7C, 0xF9, 0x74, 0x04, 0x10, 0x7D, 0xEC, 0x10, 0xE6, 0x50, 0x35, 0x73,
    0x32, 0xDB, 0xC0, 0xED, 0x87, 0xED, 0x6E, 0xB9, 0x74, 0xED, 0xC9, 0x19, 0x48, 0x4F, 0x24, 0xC6,
    0xF0, 0xE4, 0xCC, 0x62, 0xA7, 0xBD, 0x7F, 0x72, 0x26, 0xDC, 0x3F, 0x7F, 0xBF, 0x22, 0x22, 0xB3,
    0x8B, 0xA3, 0xC7, 0xEA, 0x93, 0x56, 0x7F, 0xB2, 0x7F, 0xF2, 0x6B, 0x81, 0x3D, 0xF9, 0x45, 0xCD,
    0x2E, 0x36, 0x59, 0x94, 0x9D, 0xA6, 0x20, 0x24, 0x80, 0xA7, 0x82, 0x62, 0xD1, 0xC9, 0x19, 0x07,
    0x98, 0xE3, 0x37, 0x5E, 0x5F, 0xFA, 0x4E, 0xD8, 0x40, 0xAE, 0xD3, 0x7A, 0xED, 0xE0, 0xC7, 0x0B,
    0x10, 0x2F, 0xBE, 0x42, 0x36, 0xA2, 0xBD, 0x8B, 0xF6, 0x7D, 0x5F, 0x81, 0xB6, 0x51, 0xCA, 0x60,
    0x9C, 0x94, 0xF5, 0xA2, 0xCC, 0x44, 0x89, 0x13, 0x4F, 0xD0, 0xDC, 0x92, 0x7D, 0x17, 0xFB, 0xDA,
    0x2A, 0xB8, 0x07, 0x19, 0xA1, 0x8D, 0xB1, 0x4B, 0xDB, 0x42, 0x5B, 0x58, 0x67, 0x8B, 0xC7, 0x73,
    0xB0, 0x2F, 0x3C, 0x49, 0x53, 0x4F, 0xCA, 0x79, 0x56, 0x4E, 0x8B, 0x12, 0xB3, 0x22, 0x1D, 0x95,
    0x45, 0xA7, 0x7C, 0x0B, 0xFB, 0x27, 0x6A, 0xFE, 0x14, 0xB7, 0x65, 0xE1, 0xC5, 0x42, 0x94, 0x63,
    0x48, 0x85, 0x25, 0xE2, 0xE1, 0x7C, 0xBC, 0xE4, 0x15, 0xD4, 0xF3, 0x81, 0x0D, 0xBF, 0x96, 0xE7,
    0xE0, 0x62, 0xF4, 0x10, 0xEF, 0xD1, 0x95, 0x05, 0xF6, 0x23, 0xF4, 0x13, 0x4A, 0x64, 0x33, 0x92,
    0xD8, 0x1D, 0x04, 0x9E, 0x27, 0x7E, 0xD7, 0xBE, 0x15, 0xF7, 0x2E, 0xEE, 0x7D, 0x0F, 0xC8, 0x66,
    0x8C, 0xBE, 0xC1, 0x7F, 0x1A, 0x6C, 0xE0, 0x63, 0xE7, 0x0F, 0x93, 0xF4, 0xC9, 0x84, 0x63, 0x9C,
    0x83, 0x6F, 0x77, 0xC0, 0x97, 0xCB, 0x7C, 0xF2, 0xE6, 0x06, 0x9D, 0xC1, 0x2C, 0xF4, 0xB8, 0x36,
    0x92, 0x89, 0x92, 0x29, 0x08, 0x0B, 0x95, 0x26, 0xA7, 0xCE, 0x33, 0x12, 0x01, 0x1D, 0x41, 0x3E,
    0xDA, 0x3A, 0x6C, 0xD1, 0xD8, 0x06, 0xC0, 0x0D, 0x9A, 0x98, 0x8B, 0xB3, 0x5C, 0xE5, 0xCE, 0x5C,
    0x3C, 0x0C, 0x26, 0x63, 0xD9, 0x99, 0x8D, 0x6D, 0xA3, 0x3A, 0xAE, 0x62, 0x3E, 0xCA, 0xBC, 0x09,
    0xE9, 0x36, 0x23, 0x1B, 0x6C, 0x4A, 0x62, 0x73, 0x12, 0x9B, 0x94, 0xD8, 0xAC, 0xC4, 0xA6, 0x25,
    0x36, 0x2F, 0x21, 0xBB, 0x0D, 0x5F, 0x75, 0x53, 0x33, 0xB8, 0x19, 0xE4, 0x0C, 0x76, 0x06, 0x3D,
    0x83, 0x9F, 0x41, 0xD0, 0x60, 0x68, 0x50, 0x14, 0xA9, 0xB5, 0x17, 0x24, 0x0D, 0x96, 0x06, 0x4D,
    0xF7, 0x9E, 0x2E, 0xD0, 0x11, 0x24, 0x72, 0x82, 0xCD, 0x5B, 0x9B, 0x61, 0x99, 0x36, 0x9B, 0x35,
    0x8D, 0x7D, 0xF8, 0xE9, 0x7E, 0xD0, 0xBF, 0x3A, 0x2F, 0x9C, 0x57, 0x34, 0x16, 0xF9, 0xA5, 0x38,
    0x2A, 0x27, 0xCE, 0x3B, 0xB7, 0x64, 0x03, 0xA5, 0xCB, 0x3B, 0x5A, 0xD7, 0xAA, 0x76, 0x02, 0x7A,
    0x47, 0x91, 0xFC, 0x49, 0xA8, 0x79, 0xA8, 0x15, 0x74, 0x8F, 0xF0, 0xA7, 0xA4, 0xF6, 0x99, 0x7E,
    0xE6, 0x1F, 0x05, 0x9C, 0x40, 0x03, 0x1D, 0xA8, 0x60, 0x07, 0x73, 0x50, 0x25, 0x3C, 0x65, 0x61,
    0x72, 0x5D, 0x27, 0xAF, 0x38, 0xC9, 0x4E, 0x30, 0x7C, 0x73, 0x2A, 0x54, 0xBE, 0x98, 0x50, 0x91,
    0xA0, 0x10, 0x33, 0xF4, 0x0F, 0x0B, 0x75, 0x11, 0x2A, 0x9E, 0x82, 0x4E, 0x56, 0x37, 0x0C, 0x30,
    0xF3, 0x67, 0x83, 0xAB, 0x02, 0x01, 0x3A, 0xB0, 0x2F, 0xA5, 0x50, 0x88, 0x37, 0x7F, 0xF2, 0x27,
    0x83, 0x6D, 0xFC, 0x9B, 0x6D, 0x44, 0xD9, 0x80, 0xFD, 0x94, 0x00, 0xAB, 0x99, 0x15, 0x3B, 0x33,
    0x2B, 0x19, 0xCC, 0xA3, 0xA4, 0xC7, 0x8B, 0x98, 0x75, 0xB9, 0x54, 0xA9, 0x26, 0x29, 0x97, 0xD4,
    0x90, 0xFD, 0x07, 0x11, 0xFF, 0xED, 0xFE, 0x11, 0xBE, 0xEA, 0xD9, 0x47, 0xF8, 0xE2, 0x01, 0x2F,
    0x99, 0x60, 0x51, 0x45, 0xB4, 0x43, 0xDE, 0x68, 0x87, 0x97, 0x0F, 0xEC, 0x8A, 0x25, 0x8B, 0x9E,
    0xED, 0x5F, 0xCA, 0x48, 0x9D, 0xFE, 0x02, 0x45, 0xA3, 0x3A, 0xA9, 0x3C, 0xE4, 0x8B, 0xE8, 0x74,
    0xD1, 0xA9, 0xE8, 0xD3, 0x0E, 0x80, 0x2C, 0x87, 0xE3, 0xD3, 0x84, 0xF9, 0x2F, 0xB4, 0x7B, 0x28,
    0x06, 0xEC, 0xE2, 0x25, 0x13, 0x28, 0x2C, 0xBF, 0xE2, 0x06, 0x72, 0x5C, 0xE4, 0x78, 0x6E, 0x2C,
    0xC6, 0x44, 0xC2, 0x46, 0xF3, 0xCC, 0xC6, 0x6E, 0xE7, 0x97, 0x5B, 0xA5, 0xEB, 0x51, 0x56, 0x84,
    0xF4, 0x8A, 0x61, 0x87, 0xDE, 0x76, 0x61, 0x29, 0xE2, 0x12, 0x91, 0x71, 0xE3, 0x3D, 0x59, 0x80,
    0x47, 0x8B, 0x2E, 0x1E, 0xE6, 0x33, 0xD8, 0x7E, 0x3E, 0x29, 0x0F, 0xA3, 0xD9, 0xE4, 0x10, 0x33,
    0x83, 0xFA, 0xC0, 0x83, 0xB2, 0x03, 0xCA, 0x01, 0xA9, 0x67, 0xDD, 0x23, 0xF3, 0x6C, 0x3B, 0xBD,
    0x7F, 0x13, 0xFA, 0x69, 0x04, 0x40, 0xF5, 0x80, 0xC8, 0xF2, 0x1E, 0x8B, 0xFE, 0xD4, 0x9B, 0x88,
    0xDA, 0x41, 0xCE, 0x40, 0xB2, 0x2A, 0xD3, 0x85, 0x64, 0x77, 0x02, 0x17, 0x36, 0x4B, 0x89, 0xDA,
    0x01, 0x38, 0x48, 0x17, 0xAB, 0x4B, 0x6B, 0x2B, 0xCC, 0x99, 0xC8, 0x0C, 0xFA, 0x69, 0xE7, 0xFB,
    0xFE, 0x27, 0x78, 0x6E, 0xCC, 0x7B, 0x2D, 0x52, 0xA9, 0x76, 0xDC, 0x3E, 0x8F, 0x16, 0x1C, 0x9F,
    0x75, 0x8D, 0x5A, 0xC7, 0x26, 0x06, 0x88, 0x13, 0x5F, 0x0E, 0x3F, 0x91, 0x2E, 0x92, 0x3E, 0x66,
    0x6F, 0x12, 0x7B, 0x35, 0x2C, 0xAB, 0x44, 0x9A, 0x54, 0xFC, 0xF1, 0x32, 0x41, 0x26, 0xC8, 0xF5,
    0xB5, 0xFA, 0xD7, 0x61, 0xF1, 0xAF, 0x62, 0xF6, 0xAF, 0xF2, 0xEA, 0x6B, 0x52, 0x21, 0x12, 0x19,
    0x5F, 0x2B, 0xD7, 0x56, 0xA6, 0x0F, 0x0F, 0xE2, 0x4F, 0x2C, 0x95, 0xC5, 0x37, 0xFA, 0x7E, 0xC5,
    0x49, 0xE4, 0x33, 0xA1, 0x37, 0x36, 0x87, 0x89, 0x09, 0x9E, 0x43, 0x69, 0x9F, 0x64, 0xC3, 0xC9,
    0x5B, 0x24, 0xDE, 0x21, 0x91, 0x5F, 0x2A, 0xA3, 0xBC, 0xDF, 0xDD, 0x1E, 0x45, 0xAB, 0xED, 0xEF,
    0x94, 0xC9, 0x60, 0xEC, 0xB0, 0x8F, 0x57, 0xD4, 0xAB, 0x82, 0xE3, 0xB2, 0xCC, 0x94, 0x89, 0x96,
    0x3C, 0x9E, 0x8F, 0x77, 0xDB, 0x87, 0xE1, 0xF4, 0x9A, 0xE7, 0x1D, 0x76, 0x29, 0xCC, 0xC6, 0xFC,
    0x61, 0x2D, 0xCA, 0x55, 0xBF, 0x76, 0x75, 0x49, 0x66, 0x51, 0x7F, 0x86, 0x48, 0x04, 0xFA, 0x6C,
    0x45, 0xAC, 0x97, 0xEB, 0x83, 0x43, 0x24, 0xD2, 0xD8, 0x65, 0x86, 0x5B, 0x1A, 0x52, 0x85, 0xAD,
    0xCD, 0x11, 0x17, 0xB6, 0xBE, 0x5E, 0x61, 0x9E, 0x24, 0xF3, 0x66, 0x0A, 0x1D, 0xA1, 0x2B, 0xB5,
    0x33, 0x5B, 0xFE, 0x4F, 0x3A, 0xF3, 0x45, 0x04, 0x66, 0x8C, 0x4C, 0x30, 0x67, 0xA4, 0x42, 0xB0,
    0x06, 0xE6, 0xCD, 0x00, 0x98, 0x39, 0x3D, 0x10, 0xDC, 0x41, 0xB0, 0x07, 0xC1, 0x1F, 0xA8, 0x41,
    0xDC, 0xDA, 0x1C, 0x3A, 0x5A, 0x74, 0xF4, 0xE8, 0x68, 0xD2, 0xD1, 0xA5, 0x60, 0xD1, 0x6E, 0x8B,
    0x46, 0x8D, 0x80, 0x39, 0xE5, 0x80, 0xA3, 0x55, 0x47, 0xAF, 0x82, 0x59, 0x3B, 0xB7, 0xF6, 0x57,
    0xAD, 0x1A, 0xBB, 0xA7, 0xA5, 0x53, 0x63, 0x2E, 0x6F, 0x5B, 0x43, 0xB9, 0x78, 0xCA, 0x90, 0x4B,
    0xC3, 0xBE, 0xF1, 0xDB, 0x35, 0x73, 0x4A, 0xEE, 0xD2, 0x84, 0x23, 0x7D, 0xE0, 0xBC, 0xAC, 0xBC,
    0x31, 0x90, 0xA7, 0x13, 0x68, 0xDC, 0x6F, 0x07, 0xFC, 0x44, 0x7A, 0x3E, 0xB1, 0x45, 0xEB, 0x26,
    0x40, 0xBD, 0x03, 0x68, 0x5E, 0x63, 0xAC, 0xE0, 0xD5, 0x4B, 0x05, 0x80, 0xFA, 0x07, 0x33, 0x10,
    0xE6, 0x20, 0xCC, 0x42, 0x98, 0x87, 0xA0, 0x80, 0x3B, 0xD2, 0x46, 0x98, 0x8F, 0x80, 0x1A, 0x09,
    0xA8, 0x93, 0x80, 0x59, 0x89, 0x53, 0x5E, 0xA6, 0xD3, 0x75, 0x2F, 0x2D, 0x93, 0x85, 0x66, 0xBC,
    0x87, 0x99, 0x29, 0xB4, 0x90, 0x03, 0x3E, 0xAB, 0x99, 0x4C, 0xA8, 0x99, 0x89, 0xA2, 0xB9, 0x0D,
    0x33, 0x2F, 0x66, 0xAE, 0xE1, 0x7B, 0xC4, 0x38, 0x90, 0x90, 0x11, 0xC9, 0xAC, 0xED, 0xE4, 0xC2,
    0x33, 0x06, 0xCD, 0x44, 0xDB, 0xA9, 0x91, 0x99, 0x3B, 0x33, 0x33, 0x91, 0x04, 0x9F, 0xF2, 0xAF,
    0xFA, 0x6D, 0xEB, 0xCB, 0x6D, 0x2B, 0xCA, 0x3B, 0x75, 0x94, 0xE7, 0xAB, 0x8E, 0x46, 0xCB, 0xE6,
    0x68, 0x32, 0x6C, 0x8E, 0x26, 0xFD, 0xE6, 0x68, 0xD2, 0xE1, 0x36, 0x1C, 0xBD, 0x38, 0xCA, 0xB3,
    0xE0, 0x9C, 0x6B, 0x22, 0x93, 0xFF, 0xB6, 0xBD, 0xFF, 0x61, 0x52, 0xA6, 0x8E, 0xAE, 0xA2, 0xE8,
    0x72, 0xF1, 0xFC, 0xC8, 0x5C, 0xFD, 0x02, 0xEA, 0xE8, 0x84, 0x73, 0x71, 0x35, 0x32, 0xB6, 0x7D,
    0x5E, 0x99, 0xB4, 0x4B, 0xAD, 0x5E, 0x66, 0x22, 0xB3, 0x7A, 0x79, 0x88, 0x65, 0x54, 0x2F, 0xDF,
    0x42, 0xD1, 0xA8, 0x97, 0xAC, 0x1C, 0x6C, 0xBC, 0x0D, 0x2F, 0x2F, 0x5E, 0xE6, 0x63, 0xCC, 0xBA,
    0xF5, 0x9A, 0xF6, 0x3A, 0xBC, 0xF2, 0xB1, 0xEF, 0xC2, 0xD0, 0xAE, 0xB9, 0x00, 0x59, 0x97, 0x8F,
    0xEA, 0x21, 0x82, 0x7F, 0xE7, 0xE2, 0x21, 0xE8, 0x1C, 0x43, 0x9D, 0x33, 0xBF, 0xA0, 0x71, 0xEB,
    0xCE, 0x5D, 0x9C, 0x7B, 0x91, 0x88, 0x58, 0x73, 0xBF, 0x40, 0x92, 0x9D, 0xD8, 0x4A, 0x64, 0x5F,
    0xE3, 0xFA, 0xA4, 0x21, 0x17, 0xE5, 0x79, 0xDA, 0x7B, 0x3A, 0xF2, 0x5E, 0x59, 0x3A, 0xE3, 0xA8,
    0xAC, 0xA7, 0xDD, 0xE7, 0xDC, 0x6F, 0x17, 0xC5, 0xF5, 0x8A, 0x21, 0x7D, 0x04, 0xDD, 0x63, 0xB4,
    0x83, 0x32, 0x9B, 0x7E, 0xFF, 0xDA, 0x15, 0x5A, 0x91, 0xAE, 0x16, 0xE9, 0x36, 0xDE, 0x97, 0xDF,
    0x55, 0xF7, 0xE5, 0x37, 0xDE, 0x79, 0xF5, 0x59, 0x46, 0x1D, 0xA8, 0x76, 0x56, 0xB3, 0x38, 0x3B,
    0x54, 0xC1, 0xDA, 0x81, 0x92, 0x46, 0xA6, 0x72, 0x22, 0x20, 0xDF, 0x59, 0x34, 0xFB, 0x9F, 0x4F,
    0x9A, 0x7B, 0x71, 0xC6, 0x6E, 0xF7, 0x4F, 0x55, 0x56, 0x28, 0x67, 0xE3, 0x64, 0x1C, 0x8D, 0x8E,
    0x88, 0x94, 0xE1, 0x4E, 0x31, 0x09, 0xEC, 0x8D, 0xFB, 0x19, 0xCE, 0x23, 0xF9, 0xB5, 0x35, 0x27,
    0x47, 0xEE, 0xFF, 0x13, 0x8C, 0xCE, 0x38, 0xEC, 0x1B, 0x2E, 0x97, 0xFD, 0x6A, 0x0E, 0xEA, 0x4E,
    0x99, 0x39, 0x9C, 0x88, 0x3F, 0x03, 0xDE, 0xA8, 0x80, 0x1F, 0x4A, 0x87, 0x62, 0x01, 0xC4, 0x1E,
    0x2F, 0x78, 0x5F, 0x1C, 0xDA, 0x45, 0x13, 0x2A, 0x03, 0x8D, 0xD1, 0x16, 0x8B, 0x39, 0xB1, 0xE9,
    0x45, 0x6A, 0xBF, 0x48, 0xE6, 0x33, 0xB9, 0x1E, 0x26, 0x52, 0x34, 0xA3, 0x99, 0xD4, 0x83, 0x76,
    0x43, 0x3A, 0x3B, 0x83, 0xC6, 0x08, 0xE5, 0x6A, 0x03, 0x32, 0x93, 0x51, 0x18, 0x38, 0x67, 0x1C,
    0x76, 0x8F, 0x20, 0x50, 0x7B, 0x1E, 0x9F, 0x65, 0x45, 0xAD, 0x51, 0x76, 0xF5, 0xE8, 0x59, 0xFF,
    0x52, 0x77, 0x6F, 0xAD, 0x95, 0xDA, 0x8E, 0x5E, 0x5A, 0x1A, 0x32, 0xA9, 0x5E, 0x35, 0x4F, 0x9E,
    0x1F, 0xD9, 0xA0, 0x3C, 0x6C, 0xD6, 0xCC, 0x7B, 0x16, 0x53, 0xD8, 0xEF, 0xDC, 0x3C, 0x29, 0x1A,
    0xF5, 0xA4, 0xED, 0xD5, 0x13, 0x71, 0xF4, 0xC4, 0x93, 0x9E, 0xF8, 0xCF, 0x6D, 0xAE, 0x7C, 0x35,
    0x0E, 0x8B, 0xB2, 0x2E, 0x95, 0x7F, 0x6D, 0x7C, 0xD3, 0x88, 0x65, 0xFF, 0xCF, 0x2C, 0xAF, 0xAC,
    0x9E, 0x02, 0x7F, 0x82, 0x57, 0xFA, 0xBA, 0x15, 0xA6, 0x23, 0xD1, 0x32, 0x91, 0xF1, 0x68, 0x2D,
    0xFF, 0xBD, 0x31, 0x71, 0xFB, 0x6F, 0x86, 0x8F, 0x14, 0xF8, 0x99, 0xF1, 0x0B, 0x5C, 0xAE, 0x5F,
    0x8C, 0xD7, 0xF4, 0x78, 0xF8, 0x50, 0x8F, 0xF7, 0x9B, 0x69, 0x5B, 0x7D, 0xE6, 0x68, 0x65, 0xDA,
    0xA0, 0x8B, 0x16, 0xEC, 0xE3, 0x15, 0xF7, 0x2F, 0x1B, 0x23, 0xA7, 0x43, 0x9B, 0xEE, 0xFE, 0xCF,
    0x37, 0x57, 0x0B, 0x0F, 0xD0, 0x65, 0x13, 0xAE, 0xC5, 0xC5, 0xB7, 0xFF, 0x07, 0xD5, 0x57, 0x01,
    0xC4, 0x26, 0xC7, 0x19, 0x7E, 0x76, 0x27, 0xF9, 0xB7, 0xB2, 0x6A, 0x52, 0x5A, 0x7A, 0xD5, 0xDA,
    0x02, 0x24, 0xE8, 0x16, 0x50, 0x24, 0xFF, 0x6C, 0x1A, 0x52, 0x1C, 0x0A, 0x00, 0x50, 0x04, 0x55,
    0x28, 0x00, 0x34, 0xD9, 0x95, 0xA0, 0x48, 0xC9, 0x0F, 0x50, 0xD0, 0x1F, 0x41, 0x0E, 0x14, 0x4A,
    0xE1, 0xF2, 0xEF, 0xDC, 0x1D, 0x02, 0xE8, 0xF6, 0x50, 0x80, 0x8E, 0xD3, 0x42, 0xA0, 0xC3, 0x2D,
    0xB6, 0x35, 0xBB, 0x4F, 0xE7, 0x9D, 0xF9, 0xF6, 0xFB, 0xBF, 0xAF, 0x9F, 0x00, 0xA0, 0xEF, 0x7D,
    0xFB, 0xBC, 0xEF, 0xCC, 0xBE, 0xCF, 0x33, 0xB3, 0x9E, 0x71, 0x73, 0x67, 0x48, 0xC8, 0xD3, 0x93,
    0x18, 0xB9, 0x81, 0x5C, 0xF1, 0x35, 0x73, 0x31, 0xF6, 0xD4, 0xE7, 0x34, 0x0A, 0x6E, 0x79, 0xD2,
    0x67, 0xEC, 0x13, 0x8E, 0x82, 0xCE, 0x70, 0x8F, 0x70, 0x52, 0xF6, 0xF7, 0xE5, 0x78, 0x2C, 0x97,
    0x86, 0xC7, 0x68, 0x8F, 0xD5, 0x66, 0x2E, 0x4B, 0xA1, 0xA1, 0xB5, 0xFF, 0x6F, 0x8F, 0x66, 0x8A,
    0xB0, 0xE7, 0x26, 0xE7, 0x05, 0x5F, 0x13, 0x86, 0x29, 0x7C, 0x9F, 0xB3, 0x1B, 0x73, 0x9E, 0x80,
    0x5B, 0xD4, 0x1E, 0x7D, 0x57, 0x04, 0x54, 0x1E, 0x7A, 0x8A, 0xDA, 0x30, 0x03, 0xFA, 0x15, 0xFD,
    0x26, 0x68, 0x02, 0xB4, 0x03, 0x46, 0x28, 0xDA, 0x8A, 0xB6, 0xE6, 0x14, 0x11, 0x26, 0x35, 0x8D,
    0x40, 0x80, 0x9A, 0xD1, 0x4E, 0xD8, 0x44, 0xE8, 0xD0, 0x56, 0xA7, 0xDF, 0xDE, 0xD6, 0x61, 0x84,
    0x88, 0xCF, 0xA2, 0x9C, 0xDB, 0x8A, 0x5B, 0x1D, 0xCC, 0xD6, 0xAF, 0x63, 0xE0, 0xED, 0x8A, 0x15,
    0x77, 0xE8, 0xE5, 0x93, 0x7C, 0xE9, 0x01, 0x69, 0xF8, 0x3E, 0x6A, 0x5F, 0xAC, 0xE8, 0xBB, 0x98,
    0x02, 0xCC, 0x50, 0x79, 0x6C, 0xD0, 0x53, 0x19, 0x62, 0x97, 0x5A, 0xE2, 0x84, 0xEC, 0x78, 0xD5,
    0xB4, 0xFD, 0x26, 0x20, 0x95, 0x09, 0x15, 0x3B, 0xED, 0xCA, 0x15, 0x18, 0xD1, 0x38, 0x15, 0xA7,
    0xE7, 0x8A, 0x96, 0xA1, 0xE6, 0xC4, 0x90, 0x2A, 0x98, 0x23, 0x79, 0x84, 0x76, 0x48, 0x6A, 0x33,
    0x46, 0xB4, 0x93, 0x0A, 0x69, 0x01, 0xDC, 0xE2, 0x9B, 0x38, 0x11, 0xA8, 0x69, 0xB9, 0x08, 0x24,
    0x81, 0xC8, 0xB5, 0xD5, 0x0C, 0xD3, 0x65, 0x81, 0xA9, 0x88, 0x02, 0x43, 0x9C, 0xB8, 0x8B, 0x3A,
    0xD5, 0x82, 0x0D, 0xCD, 0x41, 0xA0, 0xB8, 0xC5, 0x03, 0xE8, 0x50, 0x70, 0x30, 0x5B, 0x75, 0xD8,
    0xDF, 0x18, 0x34, 0x07, 0x7E, 0xD6, 0x7C, 0x85, 0x2D, 0xB6, 0x67, 0xB8, 0x83, 0xB6, 0xE8, 0xA1,
    0x5D, 0xDE, 0x88, 0xF6, 0xC5, 0x86, 0xD2, 0xE3, 0x1A, 0x00, 0x5E, 0xC1, 0x31, 0x7E, 0x9C, 0x70,
    0x16, 0x50, 0x41, 0xB0, 0x4E, 0xA8, 0xD7, 0x84, 0xB9, 0x9E, 0x13, 0xFA, 0x84, 0x13, 0x50, 0xCE,
    0xB5, 0xFD, 0x10, 0x0D, 0xFF, 0xF6, 0x47, 0xDA, 0x9E, 0x33, 0xE9, 0x1B, 0x7E, 0xD5, 0x73, 0xA8,
    0xFE, 0xD1, 0x16, 0x42, 0x30, 0x90, 0xE8, 0x13, 0x32, 0x63, 0x07, 0xA0, 0x4C, 0xA8, 0x12, 0x56,
    0x07, 0x4C, 0x0B, 0x66, 0x5C, 0x4F, 0x16, 0xCF, 0xB8, 0x24, 0xF4, 0x27, 0xE8, 0x12, 0x4E, 0x82,
    0x8D, 0xBD, 0xC7, 0x76, 0x48, 0x08, 0x1C, 0x17, 0xBF, 0x4E, 0xF8, 0x36, 0x0E, 0xF1, 0x7A, 0x4E,
    0x3E, 0xA1, 0xCA, 0xA9, 0x4E, 0xF2, 0x68, 0x42, 0x4E, 0x87, 0x91, 0xC7, 0xBE, 0xDC, 0x71, 0xA5,
    0x41, 0xDB, 0x6F, 0xCB, 0xFE, 0xF4, 0x7B, 0x1B, 0xD0, 0xCB, 0xE1, 0xB6, 0x18, 0xE9, 0xC9, 0x09,
    0x2D, 0x7F, 0xDF, 0x13, 0xA8, 0x6E, 0x4C, 0xF1, 0xA7, 0xFB, 0x6F, 0x06, 0x4F, 0x53, 0x99, 0x93,
    0xCA, 0xA9, 0x3E, 0x4F, 0x6B, 0x4A, 0x55, 0xC8, 0x69, 0xCE, 0xC9, 0xA7, 0x2D, 0x2B, 0x97, 0xC8,
    0xEF, 0x3E, 0xE5, 0x80, 0x96, 0x4B, 0x4F, 0x17, 0xD3, 0xDC, 0xD3, 0xA3, 0xDA, 0x7E, 0xFE, 0x1E,
    0x3B, 0x60, 0x68, 0x86, 0xEF, 0x02, 0x80, 0x19, 0x04, 0xD1, 0xE7, 0x44, 0x7B, 0x92, 0x8A, 0x7D,
    0x94, 0x10, 0x5F, 0xE4, 0xF4, 0x93, 0x9C, 0x7E, 0x28, 0xA0, 0x36, 0xC8, 0x01, 0xA7, 0x8B, 0xCA,
    0x63, 0xFA, 0xC5, 0x22, 0x0E, 0x1B, 0x5A, 0xB5, 0xE5, 0x96, 0x6B, 0x01, 0xE3, 0x04, 0x36, 0x01,
    0x3A, 0x81, 0x4D, 0x80, 0x4E, 0x60, 0x13, 0xA0, 0xDD, 0x2B, 0xB7, 0xBF, 0x75, 0x3B, 0xC3, 0xED,
    0x2A, 0x49, 0xEF, 0xAA, 0x33, 0x9E, 0x21, 0xFF, 0x31, 0xFE, 0xAA, 0xBB, 0xEA, 0x80, 0xF7, 0x61,
    0x3C, 0x14, 0xC1, 0x80, 0x9A, 0x36, 0xA2, 0xDE, 0x31, 0xCF, 0xE4, 0xB7, 0xB9, 0xB3, 0xB8, 0x01,
    0x1E, 0x20, 0x26, 0x1D, 0x00, 0x5A, 0xE8, 0x60, 0x36, 0x28, 0x59, 0x76, 0x33, 0x8C, 0x85, 0x87,
    0xE1, 0x7D, 0xB1, 0xBF, 0x3A, 0x36, 0x97, 0x91, 0xFE, 0x06, 0x50, 0xDE, 0xB4, 0x43, 0x6F, 0xC7,
    0xA9, 0xB7, 0xED, 0x00, 0x3C, 0xC2, 0x7D, 0x34, 0x74, 0xFB, 0x59, 0x03, 0x46, 0x2E, 0xFB, 0x01,
    0x43, 0xC9, 0x2A, 0x1C, 0x4D, 0x56, 0x41, 0x6D, 0x40, 0xC8, 0x03, 0xBD, 0xC4, 0x81, 0x9A, 0x0F,
    0x03, 0xAF, 0x88, 0xFA, 0xC0, 0x6F, 0xBD, 0xDA, 0x76, 0x3E, 0x8C, 0x53, 0xDB, 0xCE, 0x87, 0x99,
    0xAA, 0x75, 0xE7, 0xA3, 0xB7, 0x75, 0x48, 0xFC, 0x3C, 0xD0, 0x41, 0xF8, 0xFB, 0x60, 0x69, 0xEC,
    0xAB, 0x00, 0x5E, 0xED, 0xE2, 0xA0, 0xF5, 0xA6, 0xE4, 0x82, 0x82, 0x01, 0xC6, 0x1A, 0x17, 0x34,
    0x37, 0xD4, 0x24, 0x8C, 0xE7, 0xC7, 0xB3, 0xF9, 0x6B, 0x2A, 0x86, 0x38, 0x59, 0x3B, 0x76, 0x1C,
    0x46, 0xDB, 0x5B, 0xC5, 0xB9, 0x79, 0x4A, 0xD0, 0x32, 0x32, 0xF0, 0x1D, 0x18, 0xB5, 0x82, 0x71,
    0xC2, 0x4C, 0x00, 0x42, 0x15, 0xC0, 0x67, 0x1B, 0xFA, 0x09, 0x50, 0x73, 0x1D, 0xC0, 0x2F, 0x03,
    0x46, 0x0B, 0xD4, 0x4E, 0x2F, 0xE0, 0x27, 0x79, 0xD0, 0x58, 0x3D, 0x17, 0x7C, 0x18, 0x40, 0x0B,
    0x18, 0x68, 0x5F, 0x52, 0xDE, 0x0E, 0x40, 0x90, 0xAF, 0x8D, 0x83, 0x92, 0xC2, 0x8F, 0x83, 0x6A,
    0xD5, 0x8B, 0xA2, 0xF0, 0xE3, 0x40, 0x87, 0x7A, 0xA9, 0x82, 0xF0, 0x51, 0x2F, 0xAD, 0x57, 0x41,
    0xCF, 0xC2, 0x87, 0x22, 0x6D, 0x49, 0x3A, 0xE1, 0xA3, 0xE0, 0x06, 0x8C, 0x44, 0x8E, 0xEF, 0xDD,
    0x00, 0x57, 0xF1, 0x39, 0xB5, 0xE4, 0xD2, 0x96, 0x0B, 0x6B, 0x2E, 0xEC, 0xB9, 0xB0, 0xE8, 0xC2,
    0xA6, 0x0B, 0xAB, 0x2E, 0xEC, 0xBA, 0xB0, 0xEC, 0xC2, 0xB6, 0x0B, 0xEB, 0x2E, 0xEC, 0xBB, 0xB0,
    0x10, 0xC5, 0xB9, 0x8D, 0xC0, 0xB8, 0x9E, 0x5B, 0x59, 0x91, 0xDD, 0x99, 0x9D, 0xCD, 0x3C, 0xDA,
    0x33, 0x4B, 0xCD, 0x64, 0xA6, 0x33, 0x5B, 0xC7, 0xC1, 0xB8, 0x33, 0x6B, 0x85, 0x78, 0x6A, 0xEF,
    0x73, 0xC2, 0xB8, 0x53, 0x8B, 0xE3, 0xA4, 0x71, 0xA7, 0x36, 0x3F, 0x5B, 0x65, 0xE2, 0xC4, 0xEA,
    0x67, 0x01, 0xFD, 0x99, 0xDD, 0xBF, 0x15, 0xFF, 0x4F, 0x2D, 0x17, 0xF1, 0xE1, 0xD4, 0xF6, 0x2A,
    0x14, 0xE7, 0xD6, 0x27, 0x07, 0x4E, 0xED, 0x57, 0x9B, 0x0E, 0x67, 0x47, 0xA0, 0x20, 0xFD, 0xF9,
    0x31, 0xE8, 0x39, 0x9C, 0x1F, 0x85, 0xAB, 0xCF, 0x00, 0x94, 0x37, 0x68, 0x03, 0xFA, 0x00, 0x06,
    0x70, 0x2E, 0xE9, 0x14, 0x87, 0x9A, 0xD0, 0x01, 0xAD, 0x87, 0x99, 0xD0, 0x0F, 0xF8, 0x55, 0x6A,
    0x2B, 0x6E, 0x63, 0xA3, 0x5E, 0x63, 0xAB, 0x21, 0x18, 0xCC, 0x06, 0xCE, 0x63, 0x88, 0x04, 0x7A,
    0xC5, 0x8F, 0x38, 0xD5, 0x8C, 0x4C, 0x1D, 0xAA, 0x0D, 0xED, 0xAC, 0x43, 0xA4, 0x36, 0x3E, 0x92,
    0xCD, 0x14, 0xE9, 0x6F, 0x76, 0x07, 0x81, 0xF7, 0x21, 0x1A, 0x5B, 0x45, 0x24, 0x19, 0xCD, 0x21,
    0x29, 0xB5, 0x84, 0x88, 0x89, 0x66, 0xD2, 0x1B, 0x17, 0x24, 0x49, 0x7A, 0x88, 0xEA, 0x3B, 0xB4,
    0x10, 0x61, 0xC5, 0x0E, 0xAD, 0xD7, 0xF2, 0xE9, 0x49, 0xBE, 0x5E, 0x20, 0x2B, 0x58, 0xED, 0x91,
    0x16, 0x79, 0x6D, 0x00, 0x5E, 0xEB, 0xD0, 0x7B, 0x30, 0xA0, 0x5F, 0xD1, 0x12, 0x9A, 0x50, 0x1C,
    0x0A, 0x5A, 0x8C, 0x2E, 0x72, 0xA1, 0x67, 0xA8, 0x80, 0xE2, 0xF3, 0xD7, 0xBA, 0xAB, 0x21, 0x36,
    0x9A, 0x25, 0xAD, 0x1F, 0x9B, 0x0D, 0xD1, 0x52, 0xB3, 0xD3, 0xAC, 0x68, 0x65, 0x71, 0x1B, 0x49,
    0xA3, 0x8F, 0x34, 0xE3, 0x65, 0xD1, 0x25, 0x52, 0xAB, 0x10, 0xC9, 0xE5, 0x16, 0xE9, 0x78, 0x24,
    0x02, 0xC5, 0x0D, 0x92, 0x86, 0x5E, 0xB1, 0x7F, 0x46, 0x52, 0xD2, 0x1C, 0x92, 0xD8, 0x43, 0x5A,
    0x88, 0xDE, 0x53, 0x4E, 0x48, 0x92, 0xF4, 0x48, 0xAA, 0x66, 0x46, 0x12, 0x6E, 0x02, 0x92, 0x76,
    0x1D, 0x20, 0xF2, 0xA2, 0x9D, 0x57, 0x20, 0xD2, 0x22, 0x78, 0x13, 0x08, 0x50, 0x44, 0xFD, 0x97,
    0xA1, 0x79, 0x68, 0xAF, 0x95, 0x0F, 0x58, 0x80, 0x15, 0xE5, 0x82, 0xDA, 0xA3, 0x11, 0x77, 0x0A,
    0x42, 0xAD, 0xD0, 0x0B, 0x8C, 0xC7, 0x68, 0x0F, 0x3F, 0x93, 0x3F, 0xD6, 0xA3, 0x9E, 0xA1, 0x16,
    0x94, 0x41, 0x74, 0xF0, 0x85, 0x50, 0xD1, 0x03, 0xA6, 0x83, 0xB1, 0x68, 0x27, 0x34, 0xB1, 0x69,
    0x16, 0xAF, 0xEB, 0x55, 0x54, 0xAA, 0x20, 0x75, 0x16, 0x22, 0x54, 0x10, 0xBA, 0x9E, 0xA4, 0xFD,
    0x0E, 0xC7, 0x78, 0x45, 0xC6, 0xB7, 0xF8, 0x0D, 0x68, 0xA3, 0x34, 0x0B, 0xBA, 0xC8, 0xE9, 0x9F,
    0xD0, 0xC9, 0xA2, 0x8E, 0x4F, 0x38, 0x44, 0x9A, 0xF9, 0xD9, 0x0A, 0x11, 0x68, 0x67, 0x00, 0x14,
    0x3D, 0xA0, 0xFF, 0x98, 0x80, 0x9A, 0xDB, 0xBF, 0x2F, 0x77, 0xD0, 0xAB, 0xE6, 0x0B, 0x0E, 0x9A,
    0x8A, 0xEF, 0xD2, 0x6A, 0xD6, 0x54, 0x31, 0xAD, 0x86, 0x1F, 0x71, 0x50, 0x33, 0xFF, 0x35, 0xDD,
    0x01, 0xD5, 0xA6, 0x85, 0xDD, 0xCC, 0x2A, 0x00, 0x18, 0x9F, 0x0C, 0x42, 0xA7, 0x9E, 0x7B, 0x0B,
    0xBD, 0xB4, 0xA1, 0x71, 0xE8, 0x9D, 0x09, 0xF5, 0x0C, 0x76, 0x6D, 0x88, 0x3D, 0x6F, 0x21, 0xF6,
    0x7B, 0x00, 0xC5, 0x80, 0x74, 0x62, 0xE5, 0x30, 0x34, 0x01, 0xE3, 0x04, 0x13, 0x4A, 0x7A, 0x8C,
    0xAB, 0x8A, 0xC8, 0xA0, 0xE8, 0x12, 0x4E, 0xE0, 0xAC, 0x68, 0x41, 0x5F, 0x1D, 0xB0, 0x03, 0xA7,
    0x8A, 0x00, 0x6D, 0x9D, 0x71, 0x45, 0xC1, 0xAE, 0x0E, 0x11, 0x91, 0x51, 0xCF, 0x28, 0x57, 0x68,
    0x8F, 0x32, 0xEC, 0xE8, 0xC4, 0x0E, 0x6D, 0x51, 0x7A, 0x41, 0x15, 0x71, 0xC0, 0x69, 0x5C, 0x0D,
    0x78, 0x20, 0x3E, 0x83, 0x36, 0x6D, 0x64, 0xC2, 0x18, 0x14, 0x7D, 0xC6, 0x34, 0xE3, 0x0E, 0x6F,
    0xAF, 0x3A, 0xE9, 0x44, 0xF1, 0x08, 0xC0, 0xC8, 0x19, 0x35, 0x49, 0xB4, 0x5E, 0xAE, 0x69, 0x57,
    0xD0, 0x8D, 0xCF, 0x17, 0xFA, 0xF1, 0xCB, 0x30, 0x7A, 0xF3, 0x69, 0x04, 0xE8, 0xC0, 0x03, 0x34,
    0xFF, 0xE6, 0x84, 0xF6, 0x25, 0x2D, 0x5A, 0xB2, 0x83, 0xE1, 0x8A, 0x08, 0xB3, 0x80, 0x8D, 0xB0,
    0x8A, 0xDE, 0x04, 0x80, 0xD8, 0x61, 0x13, 0x78, 0x8C, 0x43, 0x14, 0xB7, 0xFB, 0xBF, 0x11, 0x35,
    0x01, 0xB4, 0x3B, 0xE4, 0x61, 0x2D, 0x7C, 0x39, 0xEC, 0x30, 0x94, 0xB0, 0x87, 0xD4, 0xA7, 0x34,
    0x2C, 0x50, 0x53, 0x40, 0x6D, 0x57, 0xB4, 0x03, 0xDF, 0x19, 0xD1, 0x33, 0x56, 0x9C, 0x51, 0x71,
    0x00, 0xDA, 0x80, 0x82, 0xEC, 0x2A, 0x8A, 0xCB, 0x74, 0xAD, 0x6B, 0xBD, 0x41, 0xE5, 0x3F, 0x80,
    0xF2, 0xBF, 0xCC, 0x9A, 0x1F, 0x00, 0x08, 0x40, 0x31, 0x23, 0xCE, 0x01, 0xCA, 0x21, 0x6A, 0x01,
    0x5A, 0xC8, 0x00, 0xCC, 0x7D, 0x0B, 0x16, 0xA0, 0x3C, 0x6D, 0xB1, 0x40, 0xD3, 0xE5, 0x96, 0x3E,
    0x66, 0xDA, 0xF4, 0x94, 0x2F, 0x1D, 0xD4, 0x0B, 0x1F, 0x5B, 0xC4, 0x96, 0xC7, 0xB1, 0xE5, 0x1A,
    0x06, 0x2D, 0xAE, 0xA3, 0xE6, 0xE3, 0x44, 0x02, 0xBE, 0x81, 0x3D, 0x7E, 0x94, 0x53, 0x92, 0xB8,
    0xAC, 0xCC, 0x5E, 0xDC, 0x1A, 0x95, 0x5D, 0xAD, 0xD7, 0x1F, 0x34, 0x4B, 0xAA, 0x14, 0x7F, 0x37,
    0xFA, 0x54, 0x15, 0x7C, 0xC1, 0x09, 0x39, 0xBE, 0x85, 0x3D, 0xFE, 0x9C, 0x09, 0x80, 0x7A, 0xE9,
    0x91, 0xA3, 0x79, 0xB1, 0xEE, 0xC2, 0x96, 0xFF, 0x5B, 0x4D, 0xD7, 0xDD, 0xAF, 0x0B, 0x2B, 0xFD,
    0x7E, 0x87, 0x6A, 0x01, 0x50, 0xCF, 0x32, 0x14, 0xA8, 0xFC, 0xE9, 0xDB, 0xF6, 0xA7, 0xFE, 0x43,
    0xB4, 0x6A, 0xBA, 0x43, 0xEF, 0x9F, 0x73, 0x18, 0x5F, 0x3C, 0x63, 0xD7, 0xAE, 0x9F, 0x12, 0x26,
    0xFC, 0x61, 0x43, 0xBD, 0x35, 0x01, 0xCD, 0xDA, 0x2E, 0x40, 0xF9, 0x0B, 0x1C, 0x40, 0xBF, 0x0D,
    0xA0, 0x79, 0x0B, 0x40, 0xDF, 0x0E, 0xC0, 0x9D, 0xE9, 0x50, 0x6E, 0x8D, 0x87, 0x5A, 0x5B, 0x87,
    0x72, 0xD5, 0xB1, 0x0A, 0x4D, 0xAC, 0x42, 0x1D, 0xAB, 0x45, 0xBB, 0xFC, 0xB7, 0x76, 0x82, 0x1C,
    0x9F, 0x27, 0x2C, 0x03, 0xB0, 0x6F, 0x27, 0xDB, 0x00, 0xC0, 0x74, 0x29, 0xAD, 0xB9, 0x63, 0x49,
    0xA9, 0xCE, 0x1D, 0xCD, 0xA1, 0x03, 0x27, 0x1D, 0x6A, 0xCE, 0x1D, 0xEE, 0xB4, 0xA3, 0x4F, 0x88,
    0x70, 0xDA, 0xA1, 0x73, 0x47, 0x3B, 0xE0, 0xB2, 0xC3, 0xE7, 0x8E, 0xE9, 0xB4, 0x63, 0x4C, 0x58,
    0x5C, 0x76, 0x1C, 0xB7, 0x78, 0x87, 0x3C, 0xC9, 0x18, 0x53, 0x23, 0x68, 0xDB, 0x84, 0xE6, 0x1E,
    0x3B, 0x63, 0x01, 0xE6, 0x63, 0x25, 0x92, 0xC5, 0x26, 0xB4, 0x72, 0x4D, 0xA2, 0x61, 0xC7, 0xEC,
    0xD0, 0xF9, 0xFF, 0xE4, 0x9A, 0x84, 0xAD, 0xCB, 0xDE, 0xDE, 0x63, 0x9F, 0x70, 0x1C, 0x04, 0x89,
    0x23, 0x96, 0x5B, 0x12, 0x5B, 0x4F, 0x24, 0x13, 0xD6, 0x17, 0xC2, 0x12, 0xAF, 0x97, 0x94, 0x7E,
    0xD7, 0x90, 0x0B, 0x6A, 0xD7, 0xFF, 0x73, 0xE4, 0x7F, 0x38, 0x3D, 0x46, 0x31, 0x92, 0xB8, 0x05,
    0xAE, 0x38, 0xA3, 0x43, 0x8A, 0xFD, 0xC6, 0x7D, 0x63, 0xBF, 0x73, 0x4B, 0x0E, 0x87, 0x5B, 0xF7,
    0x13, 0xDA, 0xC3, 0x85, 0xA5, 0x69, 0x0F, 0x37, 0x6F, 0xC3, 0xFD, 0xEE, 0x35, 0xEB, 0x7E, 0xFB,
    0xF6, 0xCB, 0x7E, 0xFF, 0xD2, 0xED, 0x37, 0x30, 0xED, 0xE1, 0x0E, 0x2E, 0xB9, 0xDF, 0xC2, 0x6A,
    0x3D, 0xDC, 0xC3, 0xB1, 0xDE, 0x6F, 0xE2, 0xAB, 0x1B, 0xE0, 0xBF, 0x85, 0x96, 0x31, 0xCC, 0xE5,
    0x38, 0x11, 0x80, 0xBF, 0xC4, 0x77, 0x1B, 0x69, 0x23, 0xE1, 0xE6, 0x56, 0x42, 0x5B, 0x10, 0x7A,
    0x21, 0xDC, 0x4B, 0x70, 0x4E, 0x4F, 0x71, 0x7F, 0xC1, 0xD1, 0xF7, 0x20, 0xFD, 0x35, 0x12, 0x60,
    0x8B, 0xF6, 0x1A, 0x6A, 0x9A, 0x6D, 0x28, 0x80, 0xE6, 0x1A, 0x0A, 0x8A, 0x65, 0x6D, 0xA0, 0xA0,
    0xA0, 0x20, 0x70, 0xBD, 0x64, 0x0E, 0xC4, 0x95, 0x6B, 0x89, 0xEC, 0xC9, 0xA7, 0x73, 0x32, 0xFC,
    0x7E, 0xC9, 0xD3, 0xD3, 0xBF, 0x02, 0x61, 0xCF, 0xCC, 0xB3, 0xA3, 0x4C, 0x32, 0x99, 0xCC, 0x7C,
    0x2F, 0x00, 0x8C, 0xE2, 0xB1, 0x2F, 0x72, 0xB7, 0xAB, 0xDA, 0xA6, 0x5E, 0xFB, 0x5D, 0xE7, 0x7E,
    0x37, 0xA9, 0xDF, 0x6D, 0x54, 0xBB, 0x8B, 0x6A, 0x0B, 0x51, 0xD5, 0xE0, 0x87, 0x2A, 0x7E, 0x2C,
    0xE2, 0x75, 0x16, 0x6F, 0x52, 0xF0, 0x36, 0xDA, 0x18, 0x30, 0x9F, 0x6E, 0x0C, 0x92, 0xE0, 0x3D,
    0xE8, 0x8A, 0xDA, 0xD4, 0xD6, 0x15, 0x80, 0x27, 0xAB, 0xAC, 0x53, 0xD6, 0x59, 0xA7, 0x29, 0x99,
    0x68, 0xDB, 0xF4, 0xCE, 0xBB, 0x9F, 0xDB, 0xED, 0xE9, 0x0C, 0xDD, 0x2F, 0x60, 0x2C, 0x60, 0x56,
    0x08, 0x99, 0x5E, 0x32, 0xA3, 0x24, 0xEC, 0xEB, 0x84, 0xDC, 0x2F, 0xAA, 0xDA, 0xA8, 0xF3, 0xE1,
    0x13, 0x44, 0xAA, 0x88, 0x14, 0x10, 0x0E, 0xDD, 0xA1, 0xDF, 0xA0, 0xAF, 0xA0, 0x2A, 0xC7, 0xB0,
    0x22, 0xE0, 0x9A, 0x09, 0x1C, 0xA7, 0xC0, 0x06, 0x74, 0x15, 0xE8, 0x45, 0x3C, 0xDD, 0xF7, 0x42,
    0x06, 0x74, 0x01, 0x86, 0x7A, 0x33, 0x3C, 0x45, 0xAF, 0xD8, 0x79, 0x4A, 0xB8, 0xE8, 0x22, 0x56,
    0x76, 0x18, 0x65, 0x01, 0xE8, 0x7F, 0x0B, 0xA1, 0x30, 0xEE, 0x60, 0x13, 0xC8, 0x71, 0xC3, 0x71,
    0x85, 0x49, 0xC4, 0xDB, 0xDD, 0x65, 0xBB, 0xE8, 0xE2, 0xE2, 0x50, 0x2F, 0x19, 0x7A, 0xF8, 0x75,
    0x71, 0x2C, 0xEE, 0x12, 0xBB, 0x59, 0xF4, 0x1B, 0x99, 0x7B, 0x29, 0xF0, 0x2E, 0xC7, 0x18, 0x44,
    0x24, 0x8E, 0x22, 0xE2, 0x75, 0x64, 0x47, 0xCF, 0xAA, 0xF2, 0x2E, 0x63, 0x06, 0xA6, 0x05, 0xB0,
    0x1E, 0x10, 0x8E, 0x47, 0x63, 0x58, 0x01, 0x9D, 0x00, 0x1B, 0x1F, 0x1D, 0x2F, 0x8F, 0x8E, 0x87,
    0x99, 0xEB, 0x18, 0x24, 0x83, 0xFD, 0x6C, 0x03, 0x41, 0xE8, 0x36, 0xA4, 0x79, 0x08, 0xEA, 0xB2,
    0x92, 0x16, 0xBB, 0xBC, 0xCE, 0x60, 0x5B, 0x3A, 0x44, 0x12, 0xE3, 0xEA, 0x2A, 0x53, 0xD2, 0x1B,
    0x36, 0xAA, 0x9B, 0xA9, 0xD8, 0xA8, 0x57, 0xA6, 0xD5, 0x2D, 0x28, 0xD9, 0xB9, 0x3D, 0x01, 0x93,
    0x44, 0xE4, 0xE3, 0xB5, 0x15, 0x4A, 0x2B, 0x92, 0xA9, 0x15, 0xC9, 0xD2, 0x89, 0x5D, 0xDA, 0xAF,
    0xDA, 0x6D, 0x56, 0xDB, 0x54, 0x4C, 0x1D, 0x45, 0x56, 0x42, 0xC8, 0xE0, 0x22, 0x9D, 0x1C, 0xC9,
    0x76, 0x89, 0x41, 0x8E, 0x4C, 0xBE, 0xCF, 0x39, 0xDE, 0xBB, 0xAC, 0xBF, 0x0D, 0xDF, 0x82, 0x1F,
    0x61, 0x65, 0x75, 0x92, 0x59, 0xE9, 0x32, 0xFD, 0x83, 0x24, 0x00, 0x2B, 0x38, 0x21, 0xEC, 0xC7,
    0xBA, 0x5A, 0x29, 0x00, 0x10, 0x24, 0x8B, 0x64, 0xBA, 0x97, 0xE8, 0x82, 0xF5, 0x6C, 0xF4, 0x85,
    0x21, 0xA3, 0x13, 0x53, 0xC4, 0xC4, 0x76, 0xCC, 0xCE, 0x38, 0x08, 0x20, 0x17, 0xD9, 0x2F, 0x6B,
    0x07, 0x16, 0x4C, 0x6C, 0x7E, 0x5D, 0x85, 0x57, 0x10, 0x22, 0x63, 0x46, 0xAD, 0x2D, 0x5F, 0xDD,
    0x55, 0xFA, 0x8B, 0xA8, 0x07, 0xB9, 0x5C, 0x77, 0xBC, 0x5E, 0xDA, 0x7A, 0x1C, 0x54, 0x86, 0x15,
    0x17, 0xD9, 0xE0, 0xF9, 0xE6, 0x92, 0x15, 0x29, 0x4A, 0x3E, 0x2A, 0x6A, 0x1B, 0xCA, 0x50, 0xC6,
    0x75, 0x5C, 0x75, 0x3E, 0xE6, 0x94, 0x74, 0x32, 0x69, 0x5A, 0x4C, 0x3C, 0xDB, 0x40, 0xAC, 0x37,
    0x5F, 0x5C, 0x5B, 0x0F, 0xF7, 0x71, 0xEE, 0x2F, 0x3E, 0x2D, 0xA3, 0xAA, 0x9A, 0xA4, 0x36, 0xBB,
    0x3C, 0xE8, 0xD9, 0x76, 0xD2, 0xDA, 0x6E, 0x1E, 0x8B, 0xCC, 0x7A, 0x7D, 0xD0, 0x2C, 0xB3, 0x59,
    0x64, 0xB6, 0xD1, 0x79, 0xC1, 0xFC, 0xA3, 0x32, 0x9E, 0xAD, 0xD7, 0xCC, 0x58, 0x95, 0xD4, 0x41,
    0x2A, 0x43, 0x61, 0x5C, 0xD1, 0xB9, 0xC9, 0x94, 0x31, 0x09, 0xB3, 0x60, 0x63, 0x13, 0x17, 0x09,
    0x1E, 0x99, 0x91, 0xD9, 0x4A, 0x79, 0xF6, 0xE1, 0x1D, 0x00, 0x3C, 0x91, 0x0D, 0xEC, 0xBF, 0xC4,
    0x13, 0x7C, 0x88, 0xC8, 0xEC, 0x22, 0x0E, 0x17, 0x81, 0xD0, 0x8C, 0xCC, 0xA0, 0x04, 0x18, 0x2B,
    0x60, 0x12, 0x20, 0xFE, 0xEC, 0x21, 0x9B, 0x9E, 0xD2, 0x09, 0x06, 0xBD, 0xFF, 0xFA, 0x15, 0x56,
    0x64, 0x6B, 0xA6, 0x72, 0x8C, 0x51, 0x56, 0x08, 0x2F, 0x36, 0xFA, 0xBD, 0x17, 0xFA, 0xAD, 0x13,
    0xA8, 0xCD, 0xA0, 0xB6, 0xB3, 0x1F, 0x9F, 0x4A, 0x04, 0x2D, 0x1E, 0xDE, 0x31, 0x2B, 0x30, 0x9E,
    0x9D, 0xF9, 0x4E, 0x5B, 0xD9, 0x59, 0xAF, 0x38, 0x6F, 0x12, 0xF6, 0xAF, 0x32, 0xA3, 0xA5, 0x70,
    0x3E, 0x30, 0xFC, 0xF2, 0x68, 0x48, 0x5D, 0xC1, 0x56, 0x90, 0x82, 0x92, 0x15, 0x2D, 0x19, 0xFB,
    0x97, 0x8C, 0xB4, 0x7C, 0x4E, 0x69, 0xCA, 0x66, 0xB1, 0x22, 0x7B, 0x0B, 0xEC, 0xE8, 0x31, 0xE7,
    0x21, 0x00, 0x72, 0xEA, 0xAF, 0x6E, 0x10, 0x99, 0xB1, 0x57, 0x88, 0xBC, 0x4D, 0x12, 0x69, 0xDC,
    0x11, 0x49, 0x80, 0x2B, 0xB7, 0x28, 0xAF, 0x66, 0x2C, 0x18, 0x74, 0x6E, 0xA1, 0xC6, 0x16, 0x2A,
    0x4C, 0xB2, 0x02, 0xDF, 0x05, 0xA0, 0xFF, 0x0D, 0x84, 0xF5, 0x20, 0xC9, 0x42, 0x27, 0x67, 0xE0,
    0x19, 0x8C, 0xC8, 0x6C, 0xBF, 0x08, 0xC9, 0x45, 0xBD, 0x86, 0xC6, 0xD7, 0xA6, 0x73, 0xD3, 0xB6,
    0x3F, 0x28, 0x38, 0xFD, 0x5D, 0x18, 0xA4, 0xC0, 0xB3, 0xFF, 0x46, 0x12, 0x41, 0xFB, 0x83, 0x24,
    0x2B, 0x30, 0xA5, 0xFF, 0x47, 0x92, 0x00, 0x0D, 0x0E, 0xA0, 0x0A, 0x47, 0x0C, 0x6F, 0x93, 0xA4,
    0xF1, 0xDC, 0x7E, 0x56, 0x11, 0xA4, 0xDF, 0x68, 0xE0, 0x10, 0xB5, 0xB1, 0x2B, 0x51, 0xB5, 0x6B,
    0x04, 0x71, 0xE2, 0x1B, 0x3F, 0xC6, 0x35, 0x14, 0xB3, 0xE8, 0xDA, 0x6A, 0xD5, 0x45, 0x55, 0x9B,
    0x36, 0x70, 0x4F, 0xAB, 0x8B, 0x83, 0xEC, 0x37, 0x6C, 0x98, 0x76, 0xFE, 0x7D, 0x1E, 0xCA, 0x70,
    0xD4, 0xF8, 0x59, 0xDF, 0xA7, 0x56, 0x9B, 0x86, 0x6A, 0x8A, 0x29, 0x5A, 0x24, 0x77, 0x21, 0x2C,
    0x10, 0x3C, 0xFD, 0x7E, 0x14, 0x47, 0x58, 0x18, 0x76, 0x08, 0x09, 0x7E, 0x78, 0xA3, 0xC6, 0xC1,
    0x0B, 0x5E, 0x42, 0x39, 0x41, 0xD0, 0x78, 0x91, 0x51, 0x09, 0xB5, 0x1C, 0x74, 0x08, 0xBB, 0x6C,
    0x80, 0x96, 0x6D, 0xBA, 0x16, 0xA3, 0x95, 0x62, 0x65, 0x05, 0xE0, 0x77, 0x8C, 0x17, 0x6A, 0xEC,
    0xF4, 0xF5, 0xA4, 0x86, 0x7E, 0x9B, 0x1A, 0x57, 0x79, 0x4C, 0x8D, 0xF1, 0xA0, 0xC6, 0x4F, 0xC0,
    0xC5, 0xE6, 0xA9, 0xCA, 0xFF, 0xA4, 0x86, 0x5A, 0x4F, 0x6A, 0xE8, 0x2B, 0x35, 0xB6, 0x0B, 0x35,
    0x16, 0x36, 0xAE, 0x99, 0xC9, 0x9D, 0xB8, 0x3C, 0x94, 0x0B, 0x25, 0xA2, 0x3D, 0x67, 0xF0, 0xD6,
    0x87, 0xD9, 0xCD, 0x42, 0x20, 0xCC, 0x81, 0xB6, 0xB2, 0x7F, 0x92, 0xAF, 0x6A, 0x09, 0x85, 0xBB,
    0x33, 0xAD, 0xA6, 0xD0, 0x6D, 0x3B, 0x43, 0x0E, 0xE8, 0x45, 0xB0, 0x7F, 0xD8, 0xB1, 0x2F, 0x5A,
    0x3A, 0x3C, 0xE1, 0x67, 0x20, 0x40, 0x98, 0xBF, 0x82, 0xF3, 0xEF, 0x63, 0xFF, 0xD6, 0x48, 0xB1,
    0xC0, 0x1D, 0xA7, 0xEF, 0x0E, 0xE2, 0x62, 0x63, 0xCE, 0xD8, 0x28, 0x95, 0xC6, 0xD5, 0x2C, 0xE3,
    0xDA, 0xDE, 0xDE, 0xA1, 0x53, 0x6A, 0x71, 0x98, 0xC5, 0x79, 0xFD, 0x66, 0x6B, 0x6D, 0x75, 0x14,
    0x5F, 0x98, 0x8D, 0x57, 0x12, 0xC3, 0xC2, 0xFD, 0xA7, 0xB2, 0xA0, 0xFF, 0xFD, 0x49, 0x64, 0x38,
    0xE1, 0x70, 0xD4, 0x34, 0xFD, 0xC6, 0xB9, 0xD5, 0x02, 0x5F, 0xFB, 0xA6, 0xF3, 0xD8, 0x97, 0xF6,
    0xF7, 0xD8, 0x3C, 0x09, 0x53, 0x1C, 0xAF, 0xF8, 0x2E, 0x8C, 0x9F, 0x0B, 0x66, 0x0E, 0xF3, 0x37,
    0x70, 0x1E, 0x6C, 0xE4, 0xC9, 0xA5, 0xAE, 0x1A, 0xE9, 0xB0, 0x71, 0xC7, 0xFE, 0xB4, 0x62, 0xFF,
    0x9C, 0xD0, 0x32, 0x5F, 0x22, 0xEF, 0x1B, 0xA6, 0xC5, 0xB7, 0x28, 0x1E, 0x7D, 0x0D, 0x74, 0x5B,
    0x48, 0xBD, 0xC8, 0xAA, 0xE4, 0x3B, 0x45, 0xD5, 0x93, 0xBF, 0x59, 0x5F, 0x67, 0xD2, 0x8D, 0xBE,
    0x8F, 0xF9, 0x5B, 0x9E, 0x04, 0x8F, 0x16, 0xDE, 0xBA, 0x0E, 0xF4, 0x75, 0xCC, 0xAA, 0xDA, 0xAA,
    0xAA, 0x94, 0xE1, 0xCB, 0x9C, 0x46, 0x89, 0xE8, 0x8B, 0xB6, 0x38, 0x32, 0xD3, 0x27, 0x05, 0xF3,
    0xC7, 0x8A, 0x8D, 0x2D, 0xC6, 0x50, 0xED, 0x6C, 0xFE, 0xF9, 0x7C, 0xB7, 0x5B, 0x5F, 0x55, 0x9B,
    0x65, 0x38, 0xEF, 0x3C, 0x25, 0xB3, 0x5C, 0x3F, 0x7A, 0xC2, 0x1C, 0x5E, 0x9B, 0xF2, 0x7C, 0x73,
    0xED, 0xBD, 0x8A, 0x88, 0x2C, 0x4A, 0x3E, 0xD8, 0xA7, 0xA4, 0xB6, 0xB1, 0x4C, 0x69, 0x28, 0x3A,
    0xB7, 0xDC, 0x3F, 0xD8, 0xD8, 0xFC, 0x6C, 0x6C, 0x2B, 0xEB, 0x75, 0x6A, 0x94, 0x9F, 0x16, 0x1B,
    0x03, 0x6D, 0x2F, 0xD8, 0xE8, 0x66, 0xF9, 0x41, 0xDB, 0x4B, 0x01, 0x78, 0x3E, 0x7F, 0xBF, 0x84,
    0x18, 0x44, 0x92, 0x96, 0x29, 0xEB, 0xA3, 0x86, 0x96, 0xE6, 0x71, 0xAB, 0x24, 0x77, 0xDC, 0x7F,
    0x16, 0x04, 0xA9, 0xAF, 0x08, 0xEB, 0x99, 0xFE, 0x2F, 0x37, 0xB8, 0xDF, 0xC3, 0xCC, 0x94, 0x6D,
    0xA4, 0xA5, 0x07, 0x13, 0xCD, 0x82, 0x3D, 0x8C, 0x8D, 0x38, 0x6F, 0x23, 0x61, 0x76, 0x1E, 0x41,
    0x40, 0xBA, 0x0A, 0xF2, 0x51, 0xA6, 0x13, 0xF1, 0xF4, 0xDB, 0xDD, 0xF9, 0xBE, 0x6F, 0xC6, 0x4A,
    0x84, 0x67, 0x1F, 0x9E, 0x18, 0x71, 0x6B, 0xFF, 0x79, 0x1D, 0x72, 0x1D, 0xF3, 0xD7, 0xC7, 0x82,
    0xDA, 0xE9, 0x24, 0x62, 0x33, 0x7A, 0xFD, 0xF1, 0x50, 0xEA, 0x90, 0x5F, 0x7D, 0x90, 0xAC, 0xCC,
    0xDD, 0xDD, 0xA5, 0x9D, 0x2F, 0x1D, 0x33, 0x14, 0x9C, 0xE4, 0xFB, 0x37, 0x77, 0xFA, 0xF8, 0xAB,
    0x4D, 0x97, 0x7E, 0x3C, 0xC4, 0xE3, 0xFC, 0xEC, 0x5E, 0x47, 0xB3, 0xD3, 0xC1, 0x7F, 0x00, 0x8D,
    0x98, 0x01, 0xA4, 0x25, 0x59, 0x7A, 0xC7, 0xFF, 0x55, 0xE5, 0x75, 0xC9, 0x54, 0x38, 0x8B, 0xF4,
    0x76, 0xF4, 0x84, 0x1B, 0xC0, 0x88, 0x8D, 0x03, 0x10, 0x6B, 0xE7, 0x9D, 0xDA, 0x04, 0xC1, 0x62,
    0x1E, 0x99, 0x37, 0x4D, 0x16, 0x0D, 0xB0, 0x66, 0xF1, 0x20, 0x58, 0xF4, 0x76, 0xD5, 0xCE, 0x60,
    0xB1, 0x98, 0x87, 0x49, 0x02, 0x48, 0xC4, 0x24, 0x76, 0x06, 0x06, 0x16, 0xF0, 0x7A, 0xAA, 0x26,
    0x8D, 0xC1, 0x20, 0xB5, 0x92, 0x49, 0x30, 0x98, 0x92, 0x9E, 0xB6, 0x92, 0x46, 0x9F, 0xDE, 0xA9,
    0xCE, 0x9C, 0xDE, 0x39, 0x55, 0xFF, 0xD4, 0xF7, 0x9D, 0x7A, 0xB7, 0x6F, 0x77, 0x86, 0xEC, 0xB9,
    0xEF, 0xFD, 0x7F, 0xDF, 0xBD, 0xF7, 0xDC, 0x53, 0xE7, 0xFB, 0xEA, 0xFB, 0xCE, 0x39, 0xF7, 0x02,
    0x57, 0xDE, 0x01, 0x90, 0x93, 0x13, 0xB0, 0x23, 0x23, 0xD0, 0x4D, 0x79, 0x44, 0xCE, 0x36, 0x8B,
    0x28, 0x17, 0x20, 0xC0, 0x44, 0xE0, 0x04, 0x76, 0x02, 0x00, 0xE7, 0x45, 0x9B, 0x51, 0xB4, 0xFB,
    0x67, 0x92, 0x91, 0x49, 0xFB, 0xB3, 0xC7, 0xAF, 0x05, 0xF6, 0xD6, 0x63, 0x55, 0xE7, 0x31, 0x75,
    0x83, 0x1B, 0xE1, 0x9D, 0x5F, 0x15, 0x2E, 0x34, 0xC3, 0x77, 0x60, 0xC8, 0xFE, 0x02, 0x05, 0xD3,
    0x55, 0xC8, 0x00, 0x64, 0xFC, 0x64, 0x12, 0xAD, 0xBD, 0xCC, 0x01, 0xAB, 0x16, 0x04, 0x54, 0x8B,
    0x1E, 0xC5, 0x82, 0xAA, 0x47, 0x39, 0xC3, 0xF4, 0xD2, 0x9F, 0xAD, 0x6A, 0x0D, 0xA0, 0xFA, 0xB8,
    0x07, 0x60, 0x5E, 0x69, 0x45, 0x0D, 0x80, 0xAC, 0x93, 0xD7, 0x2D, 0x39, 0x23, 0x23, 0xBB, 0x05,
    0x15, 0x2F, 0x6E, 0xCF, 0xB0, 0xF1, 0xE2, 0x4E, 0x44, 0xE3, 0xC3, 0x93, 0x08, 0x0E, 0xD3, 0xE3,
    0x58, 0xF0, 0xC3, 0x47, 0x8F, 0x62, 0xC9, 0xFC, 0xD7, 0x8F, 0x82, 0x59, 0x8A, 0x7B, 0x23, 0xCC,
    0x5C, 0xDC, 0x1D, 0x60, 0x63, 0xF9, 0x51, 0x0F, 0x17, 0xCD, 0xC7, 0xAB, 0x06, 0xF3, 0x56, 0x0B,
    0x37, 0xC9, 0xC0, 0x8D, 0xB7, 0x56, 0xF4, 0xF8, 0x58, 0xF4, 0xE5, 0x97, 0x45, 0x6F, 0xDD, 0x92,
    0x38, 0x5C, 0x5C, 0xAC, 0x3A, 0x85, 0xB0, 0x6B, 0x5D, 0x98, 0x26, 0x5B, 0xDB, 0xF9, 0x91, 0x77,
    0x30, 0xFC, 0xB5, 0x6F, 0x50, 0xF1, 0xDE, 0xD8, 0xA1, 0xE0, 0xBD, 0x81, 0x00, 0xF9, 0x60, 0x01,
    0xAC, 0xFA, 0x6B, 0xB8, 0xD4, 0xDB, 0x8C, 0x61, 0xAD, 0xA8, 0x0C, 0x0C, 0xC8, 0xC0, 0xC0, 0x4B,
    0x2F, 0x41, 0xDB, 0x75, 0xB9, 0x25, 0x15, 0x39, 0x02, 0x0D, 0xB9, 0xA0, 0xE0, 0xB4, 0x9B, 0x61,
    0x58, 0x67, 0x33, 0x5C, 0x44, 0x16, 0xD1, 0x79, 0x51, 0xF6, 0xAB, 0x16, 0x6C, 0x91, 0x85, 0x92,
    0x00, 0xDE, 0x31, 0x0B, 0x24, 0x20, 0x51, 0xD4, 0xAA, 0xBA, 0xA4, 0xE1, 0xFA, 0x62, 0x5B, 0x37,
    0x35, 0xE4, 0xD0, 0xF8, 0x62, 0xD3, 0x9F, 0xB5, 0x8D, 0x2F, 0x17, 0xF1, 0xA8, 0x8A, 0xE2, 0x91,
    0x99, 0x20, 0x5E, 0x7B, 0x48, 0x04, 0xFC, 0xEA, 0x51, 0xDC, 0x89, 0x47, 0xB3, 0x1D, 0x1D, 0x2A,
    0xBA, 0x41, 0x3C, 0x62, 0x4F, 0x09, 0xF0, 0xC7, 0x8B, 0x4E, 0x6D, 0xD6, 0x69, 0x0E, 0x00, 0xFE,
    0xF2, 0x6D, 0x00, 0x8E, 0x24, 0xE3, 0x25, 0x32, 0x3E, 0x39, 0x3D, 0x0B, 0x00, 0x27, 0xC8, 0xC8,
    0xF4, 0x30, 0xFE, 0x12, 0x59, 0x42, 0xCE, 0x11, 0x2F, 0x9C, 0xA3, 0xD0, 0x21, 0x56, 0xF4, 0x00,
    0xB2, 0x1B, 0xFC, 0xE4, 0x14, 0x28, 0xA9, 0xB7, 0xBA, 0x12, 0x68, 0x34, 0x6A, 0x75, 0x8D, 0xA2,
    0x47, 0x37, 0x79, 0xFA, 0xAA, 0xA6, 0x2B, 0x53, 0x64, 0x39, 0x63, 0xA5, 0x3A, 0x0F, 0x37, 0x27,
    0xC4, 0x43, 0x34, 0x09, 0x5D, 0x50, 0x70, 0x4A, 0xF0, 0xA2, 0xDF, 0xE4, 0x93, 0x1A, 0x9A, 0x8F,
    0xE3, 0x1E, 0xDA, 0xB4, 0x30, 0xC4, 0x59, 0x4D, 0x35, 0xD2, 0x6B, 0x20, 0x5D, 0x58, 0xC1, 0x41,
    0xA2, 0x5B, 0xB0, 0xDD, 0x4D, 0x32, 0x35, 0x98, 0x11, 0x30, 0x0B, 0x8E, 0x00, 0xD8, 0xAF, 0xB9,
    0xFC, 0x55, 0xCE, 0xA7, 0x27, 0x1A, 0x30, 0xFA, 0x3D, 0x20, 0x72, 0x30, 0x8B, 0xC7, 0xCF, 0x77,
    0xD9, 0x02, 0x22, 0x68, 0x13, 0x44, 0x51, 0x2D, 0x0A, 0x13, 0x15, 0x52, 0x95, 0xFB, 0x82, 0xCC,
    0xF9, 0x50, 0x02, 0x6F, 0xF7, 0xB7, 0xE1, 0x00, 0xDA, 0xB2, 0x73, 0x45, 0xD1, 0x2B, 0x4C, 0xAD,
    0x38, 0x06, 0x7E, 0x70, 0xA5, 0xBE, 0x12, 0x61, 0xE7, 0x6E, 0xEC, 0xBC, 0x84, 0xE0, 0x4B, 0x4E,
    0xB8, 0xC6, 0x87, 0x7C, 0x18, 0x50, 0xF0, 0x7B, 0x74, 0x11, 0xE5, 0x5C, 0xCD, 0x5D, 0x40, 0x15,
    0xAB, 0x27, 0x5F, 0xAD, 0x98, 0xAA, 0xAF, 0x3E, 0x9B, 0x60, 0xBC, 0xE1, 0x5B, 0x5E, 0x61, 0x14,
    0x71, 0xC5, 0xCE, 0xCB, 0x03, 0xBB, 0x71, 0xC5, 0x08, 0x3B, 0xCA, 0x03, 0x6E, 0x90, 0x07, 0x5C,
    0xDF, 0xF5, 0xAE, 0x87, 0xFB, 0x90, 0x8A, 0xBB, 0x8A, 0xE6, 0x5F, 0xD8, 0x37, 0x1F, 0xA1, 0x7B,
    0xBF, 0x6B, 0x1D, 0xD1, 0xC5, 0xAE, 0x96, 0x5B, 0x38, 0x01, 0x57, 0xCE, 0x51, 0x8C, 0x69, 0xA6,
    0xAD, 0x22, 0xE7, 0x02, 0xC3, 0xB8, 0x01, 0x1D, 0x71, 0x85, 0x9F, 0x63, 0xC7, 0x1A, 0x5D, 0xBD,
    0xA2, 0x45, 0x07, 0x58, 0xF6, 0xA0, 0x60, 0x10, 0x38, 0x8E, 0x58, 0x04, 0x3E, 0x61, 0xCA, 0x66,
    0x1C, 0x75, 0x0F, 0xE7, 0x1B, 0xCB, 0xAB, 0x1A, 0x25, 0xC6, 0x0D, 0xE8, 0x4A, 0x16, 0x11, 0x60,
    0xC1, 0x22, 0xE0, 0x88, 0x37, 0xF8, 0xE9, 0xFC, 0x5C, 0x97, 0x6C, 0x41, 0xF7, 0xC0, 0x23, 0x9F,
    0xE1, 0xB8, 0x22, 0x2A, 0x8A, 0x88, 0x1D, 0x47, 0x81, 0x49, 0xA8, 0x38, 0xA0, 0x08, 0x28, 0xD9,
    0xA3, 0x0C, 0x7A, 0x07, 0x77, 0x4F, 0x90, 0xAF, 0xA0, 0xFC, 0x6F, 0x68, 0x35, 0xD1, 0x66, 0x68,
    0x53, 0x9B, 0xC3, 0x66, 0x97, 0xFC, 0x77, 0x86, 0x64, 0xCA, 0xA7, 0xDD, 0xBC, 0xB7, 0x5B, 0x43,
    0xF0, 0xA9, 0x9D, 0x73, 0xEB, 0x5F, 0x57, 0x2C, 0x16, 0xB5, 0x2B, 0xA2, 0x62, 0x39, 0x3F, 0xB5,
    0x25, 0x49, 0xAE, 0xD7, 0x30, 0x62, 0x37, 0x5C, 0x4A, 0x29, 0x45, 0x89, 0x1D, 0xB9, 0x38, 0xCE,
    0xC9, 0xEE, 0xE6, 0x57, 0xBB, 0x3F, 0x5B, 0xB0, 0x93, 0xA5, 0xC5, 0x06, 0x30, 0x5F, 0x60, 0x23,
    0x9A, 0xC9, 0x4D, 0x39, 0x11, 0x56, 0x3B, 0xE7, 0xE8, 0x7C, 0x41, 0x40, 0x3A, 0xB0, 0x75, 0x5E,
    0xBC, 0x81, 0x93, 0xF9, 0x37, 0x3E, 0xA3, 0x57, 0x7B, 0x40, 0x37, 0x82, 0x11, 0x68, 0x9E, 0x9C,
    0x00, 0x1C, 0xE1, 0x08, 0x74, 0x5E, 0x6B, 0x05, 0x86, 0x7D, 0xB2, 0x57, 0x16, 0xF4, 0xE0, 0x66,
    0x83, 0x93, 0x74, 0x45, 0xC6, 0xFE, 0x77, 0xE0, 0x82, 0x74, 0x95, 0x8D, 0xC7, 0xF5, 0x36, 0x64,
    0xEC, 0xC5, 0xCF, 0xBA, 0xEB, 0xED, 0x94, 0x27, 0xBB, 0x65, 0x6B, 0xFD, 0x35, 0x7E, 0x2E, 0xF6,
    0x03, 0xB6, 0x6E, 0x20, 0x29, 0x9F, 0x95, 0xD6, 0xAA, 0x8D, 0x8E, 0xAF, 0x5C, 0xA6, 0xBA, 0xAC,
    0x2B, 0xAF, 0xD7, 0x1A, 0xDB, 0xA5, 0x7E, 0x1A, 0x66, 0x9F, 0xCC, 0x33, 0xEE, 0xC3, 0x9F, 0xF3,
    0x43, 0x72, 0x1F, 0x6F, 0xCB, 0xFA, 0x69, 0x88, 0xDB, 0xCD, 0xAC, 0x2B, 0x35, 0x35, 0xD8, 0xA5,
    0x9A, 0x5B, 0x7C, 0x6B, 0x64, 0xEF, 0x6E, 0x66, 0xCA, 0x3C, 0x43, 0x09, 0x2A, 0x48, 0x2F, 0xB4,
    0x11, 0x45, 0xB4, 0xAB, 0x39, 0x8B, 0xFB, 0x55, 0x90, 0xEA, 0x88, 0x95, 0x74, 0x0B, 0xE5, 0xA0,
    0x9B, 0xD5, 0x56, 0xC7, 0x8E, 0xD4, 0x15, 0x44, 0xCC, 0x25, 0xED, 0x13, 0xAD, 0xAE, 0xC2, 0x0B,
    0x50, 0xC8, 0x5B, 0x6E, 0xAA, 0xD4, 0xD7, 0x00, 0xC8, 0xCA, 0x5D, 0xAF, 0x58, 0x24, 0xBE, 0xB2,
    0x34, 0x68, 0xE6, 0x53, 0xEF, 0x8A, 0xA6, 0x1D, 0x47, 0x09, 0xDE, 0x1F, 0xE6, 0x1C, 0x24, 0xB8,
    0x1C, 0xB2, 0x19, 0xEC, 0x57, 0x82, 0xBE, 0x10, 0x53, 0xDE, 0xED, 0xA6, 0x22, 0x82, 0xED, 0x8B,
    0xFC, 0x2F, 0x34, 0xCB, 0x5F, 0xCC, 0x39, 0x25, 0x38, 0xB0, 0x7C, 0x44, 0x46, 0x35, 0x2B, 0xFA,
    0x66, 0x5B, 0x09, 0xD7, 0x30, 0x5E, 0xF9, 0x47, 0xC0, 0xB1, 0x77, 0x6D, 0xB3, 0x08, 0xFA, 0x66,
    0xB9, 0x36, 0xD7, 0x5D, 0xBF, 0xD3, 0x51, 0x7A, 0x33, 0x26, 0x0C, 0x45, 0xCC, 0xD9, 0xDB, 0xBE,
    0x98, 0x0B, 0xE9, 0x9B, 0x50, 0xE7, 0x73, 0xC9, 0xBE, 0x41, 0xBE, 0x18, 0x0E, 0x5D, 0xC2, 0x8C,
    0x86, 0xD2, 0xA6, 0x0D, 0xD7, 0xD8, 0xBC, 0xFF, 0xE5, 0x7C, 0x92, 0xB1, 0xD9, 0xDD, 0xF3, 0xF8,
    0x26, 0x79, 0xC6, 0xC7, 0x27, 0xCF, 0x76, 0x01, 0xA3, 0xD1, 0x8C, 0x09, 0x1A, 0x1A, 0x7A, 0xC3,
    0x3A, 0x01, 0x2B, 0xC6, 0x84, 0xA1, 0x5A, 0x04, 0x7D, 0x15, 0x0F, 0x50, 0x97, 0x61, 0x45, 0x87,
    0xD2, 0x3F, 0xC5, 0xEF, 0x21, 0xAB, 0x53, 0xDA, 0xBA, 0x55, 0xBC, 0x48, 0x70, 0x0E, 0xD9, 0xA5,
    0x5C, 0xF9, 0xC9, 0x2A, 0xE6, 0xC3, 0xFF, 0x5F, 0x7A, 0x15, 0x5C, 0x0A, 0xC9, 0xBD, 0x44, 0xDD,
    0x43, 0x7E, 0x2E, 0x7A, 0x3D, 0x3D, 0x71, 0x0C, 0x82, 0x3F, 0x4A, 0x40, 0x33, 0x29, 0xB4, 0x30,
    0xE4, 0x43, 0xE3, 0x1E, 0xBB, 0x6D, 0x3D, 0xC8, 0x44, 0x05, 0xBD, 0x0C, 0xF5, 0x4F, 0x82, 0x8C,
    0x14, 0x98, 0x04, 0x17, 0x53, 0x34, 0xC6, 0x92, 0xB5, 0x64, 0x6F, 0xC9, 0x7D, 0x36, 0x6A, 0x6D,
    0x03, 0x36, 0x8A, 0x05, 0xB7, 0x21, 0x48, 0x9D, 0xA3, 0x9B, 0xE4, 0xF5, 0x3D, 0x3C, 0xDC, 0x86,
    0xA0, 0x2F, 0x36, 0x2B, 0x9A, 0x90, 0x71, 0x92, 0xCF, 0x95, 0xF4, 0x80, 0x65, 0xC7, 0xE9, 0x42,
    0xAF, 0xCA, 0x80, 0x9C, 0xD1, 0x71, 0x90, 0x95, 0x25, 0x6D, 0x91, 0x87, 0xCD, 0x6E, 0x13, 0x5B,
    0xD1, 0x02, 0x57, 0x4F, 0x4F, 0x4F, 0xB1, 0x25, 0xD1, 0xF9, 0xF6, 0xF6, 0xCA, 0x8C, 0xDC, 0x92,
    0xDC, 0xEA, 0x35, 0x50, 0xAE, 0x90, 0xC5, 0xD4, 0xCB, 0x4A, 0x29, 0x28, 0x08, 0x81, 0xCC, 0xB9,
    0x94, 0xA2, 0x81, 0xEC, 0x04, 0x2E, 0xEE, 0xAB, 0x78, 0x8F, 0xD3, 0xB4, 0x6F, 0x42, 0xC2, 0xB6,
    0x47, 0x97, 0xC2, 0xC8, 0x14, 0xC6, 0xD7, 0x78, 0xFF, 0xB4, 0xDE, 0x07, 0x13, 0x09, 0xDA, 0xF3,
    0x76, 0xC2, 0x1D, 0x75, 0x1E, 0xB3, 0x94, 0x19, 0x10, 0x35, 0x68, 0xF9, 0x0A, 0x43, 0x14, 0x2B,
    0x4A, 0x0E, 0x55, 0xDC, 0x4F, 0x1A, 0x56, 0x3D, 0x43, 0xF6, 0xBA, 0x5C, 0xB6, 0x61, 0x6C, 0x38,
    0x5F, 0xE2, 0x45, 0x7E, 0xFE, 0x22, 0x7F, 0x2E, 0x93, 0x2F, 0x67, 0x08, 0x76, 0x41, 0x3E, 0x0E,
    0x37, 0xEA, 0x6D, 0x61, 0xBF, 0x62, 0x11, 0xD7, 0x60, 0xE6, 0x2A, 0x2A, 0xEC, 0x24, 0x88, 0xCD,
    0xB0, 0x62, 0x17, 0x75, 0x64, 0xCB, 0x05, 0x8A, 0xA8, 0x2A, 0x6D, 0xDC, 0x70, 0xBD, 0x23, 0xFF,
    0xFB, 0xBD, 0x73, 0x34, 0x5F, 0x68, 0x4A, 0x74, 0x8F, 0x12, 0x46, 0x8E, 0xEA, 0xD1, 0xB6, 0xDE,
    0xBA, 0x20, 0xE8, 0xAD, 0x4E, 0xBA, 0x97, 0x18, 0xE6, 0x2B, 0x28, 0x68, 0x25, 0x51, 0xAE, 0x71,
    0x28, 0xF8, 0x09, 0x3A, 0x46, 0x90, 0x8A, 0x86, 0xD0, 0x6C, 0x7D, 0x7B, 0xBB, 0x1E, 0xDC, 0x86,
    0xFB, 0x67, 0xF3, 0x6B, 0x2B, 0x5A, 0x1B, 0xB1, 0xC0, 0xD5, 0x2E, 0x62, 0x46, 0x23, 0x79, 0x12,
    0xF1, 0x41, 0xC2, 0x0F, 0x24, 0x68, 0x92, 0xE5, 0xCD, 0x23, 0x9F, 0x62, 0x3F, 0x09, 0xC8, 0x51,
    0xB1, 0x88, 0x96, 0xF4, 0x82, 0x86, 0xC3, 0xB9, 0x3C, 0xE1, 0x67, 0x7E, 0xC5, 0x6F, 0xD2, 0x11,
    0xE7, 0x4D, 0x12, 0x58, 0x99, 0xFA, 0x5B, 0x8D, 0x40, 0x4E, 0xD6, 0xA9, 0x28, 0xF4, 0xD3, 0x9F,
    0x2A, 0x60, 0x36, 0x2C, 0xCF, 0x60, 0x16, 0xCD, 0x9A, 0xE5, 0x04, 0x3A, 0xB4, 0xDF, 0x43, 0xDB,
    0xEF, 0x27, 0x64, 0x31, 0xB1, 0x1A, 0x12, 0x5D, 0x72, 0x97, 0xB3, 0xB2, 0xF9, 0x5B, 0xCD, 0x89,
    0x62, 0x2C, 0xFF, 0x63, 0x92, 0x4E, 0x30, 0x7D, 0x7A, 0xC3, 0xA2, 0x51, 0x3A, 0xB8, 0x5A, 0xF8,
    0x63, 0xD8, 0x56, 0x18, 0x61, 0x7B, 0x61, 0x48, 0xCC, 0x7D, 0x7A, 0xBD, 0xB8, 0xE4, 0xA8, 0xFD,
    0x77, 0xBF, 0xEA, 0xE1, 0x4A, 0xD6, 0x3F, 0x6A, 0x56, 0xEE, 0xCA, 0xC1, 0xEF, 0x6A, 0xDC, 0xF9,
    0x0E, 0xFC, 0xB8, 0x6B, 0xB3, 0x70, 0x01, 0xEF, 0xDD, 0x58, 0x8E, 0x4B, 0x3E, 0x1E, 0xFB, 0x0F,
    0xBA, 0x9A, 0xEC, 0x5F, 0xA8, 0x5F, 0x38, 0xCF, 0x1E, 0x49, 0x28, 0x75, 0x48, 0x6D, 0xC5, 0xB0,
    0xB1, 0x4F, 0xAC, 0x36, 0x9A, 0x3A, 0xF1, 0x85, 0xCB, 0x53, 0x9D, 0x09, 0x80, 0xFB, 0x03, 0xE0,
    0x78, 0xFD, 0xBF, 0xBD, 0xFD, 0xBB, 0x6F, 0x01, 0xEE, 0x4F, 0x00, 0xFB, 0x57, 0xD0, 0xA3, 0x77,
    0xE5, 0x75, 0x8E, 0xC8, 0xBC, 0xFA, 0x80, 0x7F, 0x98, 0x81, 0x2F, 0xCE, 0x90, 0x7F, 0x65, 0xEA,
    0x82, 0xA6, 0xAF, 0xEE, 0x94, 0x83, 0xF9, 0x56, 0xE1, 0xFF, 0xF8, 0x77, 0x0B, 0xFF, 0x92, 0xCE,
    0x20, 0x9F, 0xF6, 0xFF, 0xFA, 0x41, 0x33, 0xA4, 0xD0, 0x7D, 0x03, 0x20, 0xF9, 0x04, 0x8A, 0xB4,
    0xED, 0x7C, 0x4A, 0xE9, 0xC3, 0xB6, 0xD1, 0x82, 0xA9, 0xED, 0x8C, 0xAB, 0x37, 0x79, 0x7A, 0x93,
    0xAF, 0xA6, 0x4C, 0x8A, 0x1B, 0xB6, 0x65, 0x49, 0xB1, 0xE0, 0xEA, 0xD9, 0x72, 0x7A, 0xB6, 0x3C,
    0xDF, 0xC5, 0x45, 0x50, 0xBF, 0x83, 0x14, 0xEC, 0x05, 0x67, 0xBA, 0xDD, 0x91, 0x21, 0x55, 0x76,
    0x2B, 0x78, 0xAC, 0xFE, 0xD3, 0x43, 0x31, 0x2A, 0x0E, 0x17, 0x4B, 0xE4, 0x82, 0xE7, 0x4F, 0xD0,
    0xDF, 0xE7, 0xBF, 0x09, 0xC8, 0xE5, 0x00, 0xD2, 0xF9, 0x5C, 0x51, 0x8C, 0x87, 0x31, 0xDE, 0xD0,
    0xF1, 0x1C, 0x69, 0x45, 0x5E, 0x41, 0x45, 0x49, 0xE6, 0x2B, 0xEC, 0x62, 0xB1, 0x00, 0x4D, 0x70,
    0x02, 0xFA, 0x63, 0xCC, 0x72, 0xBD, 0x63, 0x44, 0x89, 0xC0, 0x45, 0x16, 0xC5, 0xD3, 0x0B, 0xF9,
    0xF0, 0x8C, 0x08, 0x88, 0x5F, 0xE1, 0x00, 0x41, 0xEF, 0x71, 0x33, 0xE5, 0x8F, 0xDE, 0x7B, 0x57,
    0x36, 0xF5, 0x2F, 0x48, 0xD9, 0xD0, 0xEF, 0x25, 0x48, 0x2D, 0x37, 0xBE, 0x1C, 0x38, 0xAC, 0xA8,
    0xFA, 0x15, 0x6E, 0x32, 0x3D, 0xF5, 0x2B, 0xEA, 0x4F, 0x56, 0xEC, 0xA2, 0x79, 0x63, 0x85, 0xE1,
    0xEE, 0x4F, 0xD9, 0xA2, 0xE4, 0xFB, 0x05, 0x6B, 0xE4, 0x64, 0x49, 0x68, 0xB0, 0x04, 0x15, 0xF9,
    0xB9, 0xBA, 0xF0, 0xB6, 0x28, 0x2E, 0x54, 0x11, 0x13, 0x42, 0x02, 0x32, 0xD6, 0xFB, 0x08, 0xED,
    0xE3, 0x65, 0x9E, 0x81, 0xBB, 0xC4, 0x70, 0x58, 0xD9, 0x8A, 0x62, 0xE9, 0xBC, 0x20, 0x36, 0x02,
    0x13, 0x9C, 0xC2, 0x2B, 0xDC, 0xE8, 0x26, 0x1C, 0x9D, 0x76, 0xF7, 0x9B, 0xF9, 0xC4, 0x50, 0x5A,
    0xD8, 0x80, 0x82, 0x69, 0x4D, 0x9F, 0x61, 0x22, 0x8E, 0x6E, 0xCE, 0xA7, 0x37, 0x97, 0xE7, 0xBB,
    0xB8, 0x41, 0xB7, 0xB1, 0xAE, 0x57, 0xA8, 0x8F, 0x90, 0xA8, 0x17, 0xC4, 0x35, 0xD6, 0x78, 0x91,
    0xE7, 0x0D, 0x3D, 0x1A, 0x86, 0x0D, 0x40, 0xF6, 0xDE, 0x09, 0x56, 0xED, 0xC8, 0xFA, 0xE9, 0x86,
    0x3A, 0x83, 0x11, 0xD8, 0xA5, 0x2D, 0xCE, 0x0E, 0x70, 0xCB, 0x8A, 0x1E, 0x76, 0x85, 0x6B, 0xF5,
    0xD9, 0xD1, 0xFE, 0x2B, 0x63, 0x17, 0x53, 0x40, 0xC2, 0xB6, 0xFC, 0xF5, 0x1B, 0xAE, 0x9E, 0x7E,
    0x9F, 0xFC, 0x6B, 0x4D, 0xC2, 0xA0, 0x31, 0x92, 0x40, 0x74, 0x94, 0x56, 0xAB, 0x12, 0x37, 0xD6,
    0x0E, 0xA7, 0xA7, 0xA8, 0x18, 0x0E, 0xE2, 0x66, 0x09, 0x98, 0x51, 0xB1, 0x1B, 0xD3, 0x95, 0x07,
    0xD8, 0x19, 0x70, 0x3A, 0x01, 0x81, 0x49, 0x2E, 0x96, 0x1C, 0x4A, 0xB6, 0xC8, 0x98, 0x72, 0xD2,
    0x6E, 0x31, 0x7E, 0xFD, 0xED, 0xC3, 0xFC, 0x2C, 0x46, 0xD5, 0x41, 0x9D, 0x5C, 0x0E, 0x7E, 0xED,
    0x78, 0xB8, 0xA0, 0xE2, 0x5B, 0x6F, 0xCC, 0xB0, 0xD1, 0x7C, 0x37, 0xA2, 0xF1, 0xBB, 0x2C, 0x82,
    0x83, 0xCD, 0xA2, 0x1C, 0xC0, 0xB2, 0x58, 0x12, 0xC7, 0x99, 0x9C, 0x25, 0x5F, 0xD6, 0x80, 0xDC,
    0xD2, 0x0D, 0xEE, 0x42, 0x33, 0x31, 0xAE, 0x1A, 0x10, 0x74, 0xE7, 0x9B, 0x20, 0xE7, 0x79, 0x2F,
    0x9A, 0xAB, 0x16, 0x49, 0x47, 0xC0, 0x25, 0x9D, 0xCA, 0x5E, 0x7E, 0xED, 0xA8, 0x7A, 0xF9, 0x6D,
    0xC0, 0xF4, 0x0E, 0x66, 0x36, 0x6D, 0x83, 0x8A, 0xA6, 0xED, 0x50, 0xF0, 0x61, 0x4D, 0x80, 0xFC,
    0xE1, 0xFE, 0xD7, 0x8E, 0x3C, 0x1D, 0xBD, 0x8F, 0xA1, 0x8B, 0xE7, 0x41, 0x12, 0x46, 0xD5, 0x77,
    0xD2, 0x12, 0xBD, 0x3E, 0x50, 0xC5, 0x2A, 0xCA, 0x84, 0xDC, 0x5E, 0xD3, 0x37, 0xED, 0x66, 0x6A,
    0x26, 0xA0, 0xF3, 0x92, 0x65, 0xF4, 0xBC, 0xD4, 0x94, 0x23, 0x49, 0x6F, 0xF0, 0x57, 0xBC, 0x7F,
    0x52, 0xF0, 0x2E, 0x7B, 0x5C, 0xEA, 0x9B, 0x9A, 0x2F, 0x7F, 0xBE, 0x6A, 0xC5, 0x8A, 0x35, 0x0C,
    0x0D, 0x71, 0xA9, 0x8B, 0x59, 0xA4, 0x26, 0x77, 0x32, 0xCD, 0x68, 0x67, 0xD5, 0xFF, 0x73, 0xD9,
    0x74, 0x22, 0x72, 0xCB, 0xFB, 0xAB, 0x5A, 0x12, 0xF4, 0x46, 0x17, 0x3C, 0xBC, 0x2B, 0x82, 0xEB,
    0x8A, 0x92, 0x9C, 0xB7, 0x72, 0x6B, 0x91, 0x73, 0x92, 0xCD, 0xB5, 0x5A, 0x4D, 0xBD, 0x16, 0x04,
    0x32, 0xB0, 0xDC, 0xE9, 0xA7, 0x88, 0xFB, 0x1F, 0x23, 0x9A, 0x45, 0xE1, 0x58, 0x27, 0x78, 0x81,
    0xE1, 0x22, 0x28, 0x78, 0x79, 0x92, 0x99, 0x05, 0xBB, 0xED, 0xCC, 0xC1, 0x54, 0x82, 0x96, 0x3E,
    0x75, 0x9A, 0x04, 0xE8, 0x02, 0xCC, 0x47, 0xFF, 0x29, 0x13, 0x77, 0x64, 0x74, 0x13, 0xBE, 0x3D,
    0xC5, 0x5B, 0xCE, 0xE3, 0xDB, 0x7E, 0xBA, 0xD5, 0x0D, 0x70, 0xA3, 0xFF, 0x80, 0x2D, 0xCC, 0xFF,
    0x78, 0xEA, 0xA9, 0x44, 0x87, 0x2E, 0x1F, 0xA8, 0x3B, 0xD5, 0xDD, 0x5F, 0x6A, 0xC5, 0xA6, 0x44,
    0xDF, 0x70, 0x74, 0x2A, 0xAD, 0xC6, 0x33, 0x2D, 0xBD, 0x88, 0x1D, 0xA5, 0xC1, 0x26, 0xB8, 0x7E,
    0x17, 0x71, 0x70, 0x3E, 0x50, 0x34, 0xE2, 0xE7, 0x7C, 0x79, 0x3E, 0xD0, 0xD4, 0x52, 0x77, 0xBD,
    0xA2, 0xDB, 0xE3, 0xB7, 0x5B, 0xC1, 0x37, 0x14, 0x6C, 0x0F, 0xA1, 0x31, 0x93, 0x45, 0x20, 0x45,
    0x25, 0xEE, 0xA1, 0xFE, 0xD1, 0x97, 0xA2, 0x63, 0x25, 0x2A, 0xEB, 0x88, 0x06, 0x9C, 0xF3, 0xE6,
    0x68, 0xBF, 0x3B, 0x50, 0xAD, 0xFE, 0x7D, 0xF1, 0x6B, 0x44, 0x4B, 0x9D, 0x47, 0x23, 0xD7, 0xE8,
    0xB4, 0xA0, 0xC9, 0x5A, 0xB5, 0xD5, 0xF1, 0xC7, 0x7D, 0xC7, 0xED, 0x4E, 0x3A, 0x55, 0x9B, 0xEE,
    0xD4, 0x22, 0x6A, 0xF8, 0x54, 0x2B, 0x75, 0xA0, 0x4C, 0xCB, 0x25, 0xF5, 0x49, 0x52, 0x2B, 0xA3,
    0x3A, 0xB5, 0x93, 0x66, 0x69, 0x50, 0x8E, 0x47, 0x62, 0x8F, 0x1F, 0x88, 0x3E, 0xD0, 0xD3, 0x5B,
    0xDA, 0x5C, 0x97, 0x34, 0xCE, 0x4B, 0x32, 0xAD, 0x9F, 0x46, 0x88, 0x77, 0x61, 0x3B, 0x69, 0x1F,
    0xEB, 0xCA, 0xF3, 0x0D, 0x1D, 0xB2, 0xA4, 0xEE, 0x01, 0xDA, 0xBD, 0xFB, 0x3B, 0xD9, 0x68, 0x7F,
    0x61, 0x67, 0x18, 0x59, 0x1E, 0x60, 0x74, 0x7B, 0xB5, 0xAA, 0x6E, 0x82, 0xA4, 0x8C, 0x47, 0x13,
    0xD0, 0x0D, 0xE8, 0x26, 0xB0, 0xD5, 0xAF, 0x94, 0x90, 0x6C, 0x8F, 0x00, 0x1F, 0x6B, 0xD9, 0x89,
    0xF7, 0x99, 0x4E, 0x01, 0x47, 0xD0, 0x96, 0x73, 0x52, 0x1A, 0x46, 0xA5, 0xBB, 0x3B, 0x2B, 0x9B,
    0x37, 0x16, 0x65, 0xB7, 0x3D, 0xE7, 0x97, 0x1B, 0xB5, 0x8D, 0xE8, 0x94, 0x33, 0x9C, 0x92, 0xB5,
    0x49, 0xEC, 0xD1, 0x28, 0x07, 0x59, 0xA7, 0xB3, 0x33, 0x8E, 0x7A, 0x60, 0x46, 0xB7, 0x72, 0x58,
    0x69, 0x57, 0xF6, 0x12, 0xDA, 0x01, 0x5D, 0xFF, 0xA3, 0x95, 0x3D, 0xBA, 0x8F, 0x23, 0x7E, 0xE1,
    0x5A, 0x90, 0x4B, 0x15, 0x1B, 0x20, 0x8D, 0xBB, 0x31, 0xC0, 0xF0, 0xAE, 0x0E, 0xE7, 0xF8, 0xC6,
    0xFA, 0x90, 0x48, 0xF7, 0x01, 0xD3, 0x3E, 0xB3, 0x24, 0xC4, 0x1B, 0xFD, 0xC6, 0x19, 0x65, 0xAB,
    0xE5, 0xF6, 0x9B, 0xAE, 0xD6, 0x62, 0xE4, 0xB2, 0xD5, 0xDD, 0xB4, 0x95, 0x63, 0x9B, 0xEA, 0xFE,
    0x5C, 0x21, 0x2D, 0x6B, 0x15, 0x3A, 0x9F, 0xD4, 0x6C, 0x9B, 0x78, 0x85, 0x41, 0x29, 0xFE, 0xF6,
    0xC2, 0x92, 0xDB, 0x38, 0x6E, 0xEC, 0x2A, 0x0D, 0x09, 0xC1, 0x9C, 0xBA, 0x71, 0x8A, 0xD9, 0xEB,
    0xF9, 0x6C, 0x51, 0x77, 0x5D, 0x9F, 0xCD, 0x70, 0x12, 0xF7, 0x36, 0x9F, 0xB1, 0x9B, 0x90, 0x51,
    0x7A, 0x99, 0x80, 0x62, 0x56, 0x43, 0xFF, 0x92, 0xB1, 0x0B, 0x28, 0x03, 0x2A, 0xED, 0x5F, 0xAD,
    0xC6, 0x82, 0x66, 0x84, 0x99, 0x50, 0x11, 0x1C, 0x64, 0xC8, 0x52, 0x07, 0x57, 0x23, 0x67, 0x8B,
    0x9D, 0x18, 0x52, 0x3B, 0xD6, 0xA3, 0x62, 0x49, 0x48, 0xA0, 0x2B, 0x9A, 0xBD, 0xB1, 0x20, 0xED,
    0xBB, 0xBB, 0x19, 0x68, 0x7A, 0x18, 0xEA, 0xF7, 0x43, 0x31, 0x24, 0xC7, 0x59, 0x8B, 0x11, 0x20,
    0xA1, 0x34, 0x4B, 0x13, 0x80, 0x5A, 0x12, 0xBE, 0x9B, 0x52, 0x18, 0xE6, 0xAD, 0xA6, 0x6D, 0xD4,
    0xE5, 0xE1, 0x1C, 0x0A, 0xD9, 0x61, 0xF9, 0x95, 0x06, 0x82, 0xBE, 0xA2, 0xD7, 0xE0, 0x2B, 0x06,
    0x74, 0x41, 0x6F, 0x89, 0x0B, 0xC8, 0x13, 0x8A, 0x4B, 0xB4, 0x68, 0x26, 0xAD, 0xF2, 0x4E, 0x9D,
    0x00, 0x65, 0x7A, 0xFA, 0xB6, 0x21, 0x74, 0x45, 0x5F, 0xB4, 0x6E, 0xCD, 0x5C, 0xD2, 0xA7, 0xAA,
    0xAE, 0x15, 0x23, 0x70, 0xD4, 0xCC, 0x69, 0x45, 0x0D, 0x50, 0x4C, 0xAA, 0x24, 0xFD, 0x1E, 0x57,
    0x9F, 0xFB, 0xD6, 0x38, 0x88, 0xDE, 0xE0, 0xFD, 0x54, 0xE6, 0xEC, 0xF7, 0x48, 0xFB, 0x6E, 0x10,
    0x94, 0xBF, 0x9C, 0x04, 0xD5, 0x03, 0x45, 0x47, 0xAE, 0x94, 0x2B, 0x4A, 0x84, 0xF8, 0xE6, 0x8A,
    0x9C, 0x9F, 0xFD, 0xF4, 0x5F, 0x83, 0x44, 0xEF, 0x7B, 0x77, 0x27, 0xEC, 0xA2, 0x35, 0x77, 0xBD,
    0xEC, 0x27, 0x82, 0xCE, 0x1F, 0x9B, 0x37, 0x3D, 0x38, 0x1E, 0xEF, 0xBE, 0x7B, 0x92, 0x71, 0xF8,
    0xB1, 0x85, 0xF8, 0x7C, 0x61, 0x21, 0x4E, 0x45, 0x27, 0x68, 0xE3, 0xB1, 0x22, 0x24, 0x4C, 0xB7,
    0x9E, 0x5F, 0xEE, 0xF4, 0xD9, 0x1E, 0xF9, 0x25, 0x7A, 0xE0, 0x2A, 0x20, 0xB8, 0x9D, 0x5C, 0x59,
    0xB4, 0x76, 0x30, 0x43, 0xF2, 0x22, 0x8B, 0x80, 0x0D, 0x28, 0xF7, 0x3F, 0x04, 0x37, 0x82, 0x80,
    0x4E, 0xA0, 0xAE, 0x98, 0x8F, 0x46, 0xC5, 0xCF, 0x06, 0xC1, 0xEE, 0xAD, 0x5E, 0x60, 0x5F, 0x51,
    0xB8, 0x9B, 0x2B, 0xAC, 0xC6, 0x55, 0xB1, 0x68, 0xD1, 0xEC, 0xD8, 0x0B, 0x74, 0x29, 0xE4, 0x98,
    0xD1, 0x23, 0x4B, 0x37, 0x35, 0xE7, 0x20, 0x28, 0xD8, 0x6F, 0xC8, 0x39, 0x08, 0x0A, 0xDD, 0x8F,
    0x5B, 0xC9, 0xAF, 0x8A, 0x7F, 0xC3, 0x31, 0x45, 0xAE, 0x4D, 0x08, 0x02, 0x74, 0x8B, 0x2E, 0x9E,
    0x86, 0x2D, 0xEC, 0x8C, 0x92, 0x3D, 0x6C, 0x4C, 0xF9, 0xF0, 0x2C, 0x24, 0xC0, 0xBD, 0x64, 0x87,
    0x49, 0xD9, 0xD1, 0x10, 0x19, 0x1F, 0xFF, 0x90, 0x9B, 0x7F, 0xA3, 0xFA, 0xA7, 0x3B, 0x75, 0xBC,
    0x2D, 0x8A, 0x70, 0x47, 0x34, 0x0B, 0x51, 0x90, 0x4F, 0x8A, 0xC2, 0x2B, 0xF2, 0xBF, 0x7F, 0x47,
    0xA0, 0x47, 0x47, 0x41, 0xC3, 0x6D, 0xFD, 0xA4, 0x14, 0xE2, 0x02, 0xA7, 0x6E, 0x0A, 0x0A, 0xF6,
    0x02, 0xAD, 0x94, 0x16, 0x56, 0x62, 0x5A, 0x6B, 0x82, 0x5D, 0xFF, 0xFA, 0xAD, 0x2C, 0xBB, 0xC4,
    0x70, 0xF0, 0x0C, 0x97, 0xD0, 0xBB, 0x22, 0xC8, 0x03, 0xD4, 0xB1, 0x09, 0xB0, 0x0B, 0x4A, 0x2F,
    0xE1, 0x19, 0xEC, 0x8A, 0x5C, 0x5D, 0xD9, 0xFF, 0x16, 0x80, 0x53, 0x3C, 0xDF, 0xD4, 0x5B, 0xBF,
    0xE1, 0xD0, 0x77, 0x0E, 0xF8, 0x5F, 0x1D, 0xC3, 0x01, 0x06, 0x03, 0x31, 0x10, 0x40, 0xD1, 0xBF,
    0x19, 0x40, 0x90, 0x2B, 0xF4, 0x06, 0x39, 0xC1, 0xB6, 0xBD, 0x59, 0x73, 0xB0, 0xA5, 0x03, 0x40,
    0x61, 0x8F, 0x90, 0x23, 0x04, 0x83, 0xA8, 0xAC, 0xE9, 0xE8, 0xE3, 0xC1, 0x03, 0x70, 0x45, 0xFC,
    0x24, 0x7F, 0x3A, 0x45, 0x06, 0x35, 0xDE, 0xE3, 0x2E, 0x9D, 0x23, 0xAE, 0xFF, 0x93, 0x29, 0xCA,
    0xCC, 0xBA, 0xCD, 0xD2, 0x92, 0x15, 0x92, 0xD5, 0xB8, 0xC7, 0x03, 0x31, 0x43, 0xBE, 0x03, 0x71,
    0x8D, 0x8D, 0xE4, 0x3C, 0xD3, 0x62, 0xC8, 0xDA, 0x7A, 0xB9, 0x44, 0xDF, 0x5E, 0xDA, 0x7A, 0x39,
    0xB7, 0x7A, 0x41, 0x36, 0x7E, 0xC5, 0x55, 0x01, 0x64, 0x25, 0x47, 0x18, 0xFE, 0xF6, 0xED, 0xC9,
    0xD2, 0x87, 0x39, 0x50, 0xA5, 0x95, 0x2D, 0xA0, 0xEA, 0x2E, 0x0B, 0x45, 0xD1, 0x64, 0x96, 0x02,
    0xA0, 0x00, 0x28, 0xC0, 0x01, 0x00, 0x20, 0xB8, 0xF4, 0x2D, 0x45, 0x11, 0x5C, 0x50, 0x00, 0x14,
    0x00, 0x50, 0x14, 0xA1, 0x69, 0x77, 0xAE, 0x0F, 0x45, 0x71, 0xAB, 0x50, 0x14, 0x59, 0x6D, 0xAB,
    0x80, 0xAE, 0x5A, 0xBA, 0x75, 0xFB, 0x32, 0x7D, 0xF3, 0xFD, 0x33, 0xF3, 0xF2, 0x36, 0x77, 0x11,
    0xBD, 0x46, 0x7E, 0x32, 0xFF, 0x9F, 0xFD, 0xDF, 0xFC, 0xF3, 0xCF, 0xF7, 0x7D, 0x33, 0x83, 0x4B,
    0x36, 0x6B, 0x42, 0xB4, 0x68, 0x7D, 0x30, 0xBF, 0x80, 0xB7, 0x3A, 0x7C, 0xCA, 0xFF, 0x89, 0xBF,
    0xB2, 0xDE, 0x9A, 0x17, 0x45, 0xC5, 0x00, 0x6F, 0x89, 0x8D, 0x85, 0x59, 0x6F, 0x52, 0x10, 0x59,
    0x4C, 0xA3, 0xF4, 0xFE, 0xB5, 0x0A, 0xC8, 0x1B, 0x40, 0x77, 0xC0, 0xA2, 0x07, 0xEA, 0x01, 0xB0,
    0x23, 0x66, 0xF6, 0x02, 0xE9, 0xF9, 0x39, 0xB2, 0x67, 0xCF, 0x4A, 0xF5, 0xE4, 0x07, 0xA3, 0xD4,
    0xD2, 0x14, 0x6A, 0xD9, 0xEE, 0xAB, 0xA7, 0xDD, 0x03, 0x65, 0x5A, 0x28, 0x83, 0x5B, 0xFB, 0x9B,
    0xD8, 0x61, 0x8C, 0xEA, 0xEB, 0xB7, 0xB7, 0x63, 0xCB, 0xEB, 0x91, 0x0A, 0xF0, 0xDB, 0x2A, 0x00,
    0xDB, 0xBF, 0x1C, 0x7E, 0x1C, 0x21, 0xD8, 0x7D, 0x8F, 0xD4, 0x6D, 0xEE, 0xFA, 0x0D, 0x65, 0x4E,
    0x1C, 0xBA, 0x0E, 0x65, 0x87, 0xB6, 0x43, 0xDD, 0xA1, 0xEF, 0x58, 0x48, 0xEC, 0x8A, 0xAC, 0x90,
    0x1D, 0xC7, 0x54, 0xD1, 0x72, 0xCE, 0x54, 0x53, 0x87, 0x51, 0x53, 0x75, 0x23, 0x9B, 0xE2, 0xC0,
    0x4D, 0x71, 0xA4, 0xA6, 0x6E, 0x82, 0x54, 0x31, 0x04, 0xA4, 0x44, 0x53, 0x44, 0x2A, 0xD6, 0x63,
    0x29, 0xFE, 0x89, 0xA6, 0x8E, 0xA2, 0xA6, 0xEE, 0xBF, 0x82, 0xA6, 0x6E, 0x13, 0xA9, 0x7B, 0xA0,
    0xE9, 0x8A, 0xCE, 0x0A, 0xDB, 0xB5, 0xFD, 0x8D, 0x1F, 0xFF, 0xB6, 0x95, 0x73, 0x63, 0xE1, 0xD4,
    0x90, 0xDB, 0xA4, 0x03, 0xA0, 0xB4, 0xA1, 0x2E, 0x9E, 0x74, 0xCE, 0xA5, 0xCB, 0x91, 0xAE, 0xB5,
    0xCE, 0x25, 0x9D, 0x24, 0x7B, 0xC5, 0xE4, 0x59, 0xCA, 0xE4, 0x7B, 0xB0, 0xA0, 0x49, 0x12, 0x92,
    0x84, 0x24, 0xF1, 0xEA, 0xC9, 0x0F, 0xC4, 0x45, 0x49, 0x92, 0x9F, 0xD1, 0x6F, 0xC4, 0x8D, 0x6F,
    0x72, 0x5B, 0x33, 0x7B, 0xEE, 0x3E, 0xE6, 0x83, 0x76, 0x4E, 0x95, 0xB6, 0x97, 0x5A, 0xAC, 0xA9,
    0xFE, 0x22, 0x67, 0x7A, 0x69, 0x58, 0x78, 0x6E, 0x98, 0x52, 0x25, 0x17, 0xCD, 0xA5, 0x85, 0x03,
    0xA6, 0xF0, 0x16, 0x53, 0xB1, 0x1F, 0xA6, 0x62, 0x3B, 0xFF, 0x35, 0x35, 0xD9, 0x04, 0xB6, 0x3E,
    0xDE, 0x1A, 0x7C, 0x0F, 0x25, 0xB9, 0x27, 0x49, 0x25, 0x49, 0x55, 0x31, 0x99, 0x99, 0x08, 0x48,
    0x80, 0xE7, 0x9E, 0x80, 0xA5, 0x2A, 0x4B, 0x3D, 0xAC, 0x08, 0x24, 0xEA, 0x3F, 0xE9, 0x32, 0xAF,
    0x9D, 0x42, 0x5C, 0x32, 0x5C, 0xBF, 0xA1, 0xFF, 0x13, 0xC4, 0x43, 0x49, 0x9D, 0x4A, 0xAA, 0x63,
    0x6A, 0x26, 0x52, 0x4C, 0x1B, 0x1B, 0x65, 0x2A, 0xA2, 0x15, 0x09, 0x3B, 0x95, 0x14, 0x76, 0xD6,
    0x51, 0xDE, 0x8B, 0xDE, 0xB9, 0xE7, 0x72, 0x7E, 0x6D, 0x43, 0x27, 0xED, 0x17, 0x25, 0x5E, 0x6E,
    0x72, 0xCA, 0x0D, 0x58, 0xC5, 0x5D, 0x2E, 0x69, 0xEB, 0xAF, 0x81, 0xB9, 0xF1, 0x4F, 0x8E, 0xC3,
    0x32, 0x77, 0xA5, 0x8A, 0xCB, 0x8F, 0x55, 0x7D, 0x25, 0x28, 0x7A, 0x48, 0x99, 0xC4, 0x56, 0xAE,
    0x0C, 0xE1, 0x65, 0x19, 0x5E, 0xEE, 0x42, 0x09, 0xE6, 0x4D, 0x01, 0xB1, 0xF2, 0x00, 0xDE, 0x1E,
    0x60, 0x6A, 0x6F, 0x87, 0xE0, 0x2C, 0x04, 0xA3, 0x54, 0xC4, 0xAC, 0x4F, 0x85, 0x9C, 0xB4, 0xC3,
    0xA2, 0x97, 0x8A, 0xFE, 0xCE, 0x57, 0xC6, 0x35, 0x1A, 0x3B, 0xBC, 0x1A, 0xB8, 0x32, 0x6E, 0xC2,
    0xCA, 0x95, 0x61, 0x9F, 0x2C, 0x83, 0x62, 0x90, 0x32, 0xA9, 0x2D, 0x59, 0x26, 0x74, 0x1F, 0x80,
    0x9B, 0xC1, 0x9B, 0x96, 0xBD, 0x88, 0xB8, 0x8C, 0xCB, 0xD8, 0xD6, 0xB5, 0x62, 0x3B, 0x8A, 0xC7,
    0xB5, 0xA3, 0xEA, 0x33, 0xB2, 0xE3, 0x54, 0xB2, 0xA7, 0xF7, 0x9C, 0x5E, 0xB4, 0x72, 0x1B, 0xD1,
    0x0E, 0x80, 0x5E, 0x3B, 0x49, 0x7E, 0xA9, 0xD3, 0x2A, 0x56, 0xBB, 0xF1, 0xD8, 0xE9, 0xD4, 0x00,
    0x83, 0x76, 0x88, 0x3E, 0xD6, 0xEE, 0x58, 0xEF, 0xEB, 0xDC, 0xD1, 0xA2, 0x0F, 0xE2, 0x8A, 0xF3,
    0xFA, 0x34, 0xF6, 0xC3, 0x51, 0x28, 0x64, 0xB7, 0xB1, 0xF3, 0x77, 0xB1, 0x6D, 0x64, 0xB0, 0xBA,
    0x3C, 0x62, 0xDB, 0xF6, 0x01, 0x2F, 0x93, 0x23, 0x09, 0x6B, 0x83, 0x51, 0x7B, 0xA1, 0x24, 0xFD,
    0x7A, 0xE0, 0x32, 0x64, 0x84, 0x52, 0xC9, 0x1C, 0x25, 0x37, 0x78, 0x84, 0x3E, 0xF1, 0x8F, 0x50,
    0xE5, 0x78, 0x29, 0x7A, 0x27, 0x98, 0x64, 0x40, 0x46, 0x1A, 0xEA, 0x65, 0x07, 0xAE, 0x81, 0xF9,
    0xF7, 0x2D, 0xBC, 0x56, 0x3E, 0x32, 0xFE, 0x6E, 0x44, 0x3A, 0x6D, 0x12, 0x3B, 0xF6, 0x82, 0x84,
    0x69, 0x6B, 0x7B, 0x52, 0x73, 0x92, 0xF1, 0x49, 0xEB, 0xE5, 0x65, 0x28, 0x2A, 0x72, 0xCC, 0x4A,
    0x69, 0x27, 0x4A, 0xC0, 0x00, 0x50, 0x43, 0x8F, 0xFD, 0x01, 0xD8, 0xF7, 0xD4, 0x1F, 0x20, 0x25,
    0x60, 0x85, 0xF7, 0x39, 0xB2, 0xE8, 0x1D, 0xC2, 0x6A, 0xED, 0x07, 0xFE, 0x9F, 0x7E, 0xD7, 0x89,
    0x5F, 0x72, 0xE2, 0xC3, 0xF4, 0x0F, 0xB9, 0x73, 0x7E, 0xB1, 0xF4, 0x73, 0x6B, 0xCB, 0xCD, 0x2D,
    0xEE, 0xC5, 0x07, 0x59, 0xF2, 0x85, 0x96, 0xD4, 0xF6, 0xC4, 0x79, 0x65, 0xED, 0x4A, 0xDE, 0xE2,
    0x1D, 0x5B, 0xC9, 0x5B, 0xA0, 0x5A, 0x20, 0x6B, 0xD7, 0xF1, 0x40, 0x91, 0xF2, 0x70, 0x14, 0x22,
    0x0F, 0xC1, 0x47, 0xF9, 0xAA, 0xAA, 0x72, 0x29, 0x12, 0x36, 0x10, 0x2B, 0x83, 0x9E, 0xBE, 0xD9,
    0xF2, 0x7B, 0xDE, 0x17, 0xDE, 0xAB, 0x4F, 0x1B, 0x69, 0x71, 0x69, 0xE8, 0xD3, 0x9F, 0xCD, 0x21,
    0x88, 0xE4, 0x31, 0xC1, 0x82, 0xB5, 0x5D, 0x7C, 0x61, 0xFD, 0x75, 0x11, 0xF5, 0x31, 0x7D, 0xBE,
    0x04, 0xC5, 0xED, 0xDF, 0x79, 0x2C, 0x12, 0x5B, 0x4B, 0x1B, 0xF6, 0xB3, 0x91, 0xFE, 0x27, 0xF3,
    0x7E, 0x58, 0x97, 0x7D, 0x7C, 0x18, 0xFB, 0x8A, 0x7D, 0x4E, 0xFA, 0x8F, 0xFB, 0xE2, 0x3E, 0xE7,
    0x26, 0xEE, 0x9B, 0x4B, 0xE6, 0x11, 0x17, 0xC1, 0x69, 0x04, 0xB2, 0x0E, 0x48, 0xDD, 0x99, 0x5F,
    0x01, 0x79, 0xEB, 0x7A, 0xFA, 0xFD, 0x75, 0x5B, 0x0A, 0x41, 0x83, 0x27, 0xA8, 0xA2, 0xBF, 0x77,
    0xF9, 0xE6, 0xA1, 0xC2, 0xA5, 0x67, 0x4B, 0x9F, 0x5F, 0x58, 0x11, 0xD9, 0x8F, 0xCF, 0x8D, 0xF0,
    0xFD, 0x2B, 0x3D, 0xF9, 0xA7, 0x7F, 0xDA, 0x79, 0x9D, 0x0C, 0x13, 0xBD, 0x40, 0x74, 0xB2, 0xE5,
    0x8B, 0xA0, 0xB7, 0xA8, 0x3F, 0xF4, 0x7E, 0xF1, 0x33, 0xAF, 0x4F, 0xED, 0xF5, 0x9A, 0x1B, 0x40,
    0x35, 0x40, 0xD6, 0x03, 0x8B, 0xD2, 0x75, 0xF4, 0xF9, 0xC7, 0x2B, 0xD6, 0xF0, 0xB4, 0xCC, 0x02,
    0x2D, 0xD1, 0xBE, 0x0A, 0x41, 0x36, 0x86, 0xA8, 0x68, 0x83, 0xCE, 0xAC, 0x78, 0x22, 0x40, 0x5B,
    0x61, 0x11, 0xA2, 0x74, 0x15, 0x92, 0x79, 0x17, 0xA2, 0x45, 0x15, 0xA3, 0x32, 0x56, 0x8B, 0xD9,
    0xCD, 0x0C, 0xD4, 0xB1, 0x9E, 0x8A, 0xD1, 0x66, 0x35, 0xE8, 0x76, 0xDA, 0x95, 0x74, 0x3A, 0xB5,
    0x47, 0x6E, 0x18, 0x29, 0x13, 0x40, 0xEE, 0x04, 0x75, 0x6E, 0x80, 0xE2, 0xB8, 0x05, 0xB4, 0x9C,
    0xE0, 0xD1, 0x9D, 0x85, 0x6F, 0x91, 0x0E, 0xA8, 0xA1, 0xD6, 0x83, 0xC9, 0xD7, 0x43, 0xA3, 0x4F,
    0xF1, 0x75, 0x77, 0x76, 0x8A, 0xD3, 0xE1, 0x9D, 0xF5, 0xF0, 0x05, 0xD6, 0x03, 0xEE, 0x60, 0x98,
    0xDA, 0x6E, 0x8C, 0x74, 0x13, 0xB1, 0x1F, 0x10, 0xCC, 0x96, 0x11, 0xFF, 0x36, 0x46, 0x1B, 0x54,
    0x17, 0x26, 0x44, 0xAA, 0x0F, 0xD1, 0x2C, 0xA6, 0x93, 0x18, 0xA9, 0x61, 0x33, 0x23, 0x54, 0xB9,
    0x88, 0xF5, 0xBA, 0xCD, 0x6A, 0xA1, 0x83, 0xF1, 0x6A, 0x57, 0xBB, 0x53, 0x26, 0x1E, 0xE1, 0xAE,
    0x40, 0x24, 0x83, 0xE4, 0x92, 0xAC, 0x92, 0xDF, 0xF9, 0x7A, 0xA8, 0xC8, 0x79, 0x32, 0xE0, 0x1B,
    0xD1, 0x81, 0x28, 0x22, 0x3F, 0x6E, 0xBC, 0x4A, 0x52, 0x1B, 0x51, 0x19, 0xAF, 0x9E, 0x8A, 0xDD,
    0xA8, 0x3F, 0xD9, 0x74, 0xD1, 0x7A, 0x2A, 0x12, 0x1B, 0xC0, 0x99, 0x07, 0x2A, 0x02, 0x76, 0xAB,
    0xA8, 0xF1, 0x85, 0xC9, 0xBB, 0x40, 0xC5, 0xA2, 0x0A, 0x54, 0x2C, 0xCA, 0x10, 0x15, 0x21, 0x3B,
    0x6C, 0x66, 0xA0, 0x0E, 0x54, 0x40, 0x45, 0x2A, 0xE2, 0x6A, 0x3C, 0x15, 0xA4, 0x22, 0x76, 0x15,
    0x3B, 0xBD, 0xCD, 0x53, 0x71, 0x07, 0x54, 0xFC, 0x0B, 0xD5, 0x58, 0x01, 0x87, 0x25, 0xD9, 0x15,
    0xFE, 0xAA, 0xCA, 0x4E, 0x85, 0x22, 0x77, 0x01, 0xD8, 0x44, 0x0D, 0x20, 0x59, 0x89, 0x82, 0x20,
    0xD8, 0x79, 0x55, 0x04, 0x10, 0xE4, 0x77, 0x24, 0xD0, 0x10, 0x2C, 0xA6, 0xBB, 0xEA, 0x27, 0x0C,
    0x61, 0x01, 0x04, 0x90, 0x00, 0x03, 0x22, 0xA1, 0x7B, 0xAA, 0x76, 0x07, 0x41, 0x90, 0x8A, 0x00,
    0x82, 0xAD, 0xB5, 0xB3, 0x10, 0x98, 0x4B, 0x8A, 0xBD, 0x9B, 0xDC, 0x7A, 0x27, 0xEF, 0x7C, 0xA7,
    0xEC, 0xAB, 0xA7, 0xFB, 0xF5, 0xF6, 0xEC, 0x80, 0x3D, 0xBA, 0xBF, 0xAF, 0xDE, 0xBB, 0xE7, 0x9C,
    0xF3, 0xDD, 0x53, 0xE7, 0x96, 0xAE, 0x06, 0xED, 0x42, 0x1A, 0xA4, 0x22, 0x33, 0xB0, 0x24, 0x0B,
    0x00, 0xD4, 0x0D, 0x00, 0x37, 0x00, 0xC8, 0x26, 0x05, 0x0F, 0x20, 0x99, 0x15, 0x22, 0x00, 0xAC,
    0x50, 0xA8, 0x77, 0x2F, 0x1F, 0x2F, 0x99, 0x74, 0x7F, 0x8A, 0x45, 0x44, 0x19, 0x4B, 0x8F, 0x3C,
    0xD6, 0x13, 0xB2, 0xD8, 0x0E, 0x87, 0xAB, 0xFE, 0x00, 0x41, 0x1A, 0x14, 0xB3, 0x00, 0xCE, 0xAF,
    0x80, 0x72, 0x3A, 0x40, 0x35, 0xB4, 0x40, 0xDD, 0xD5, 0x0D, 0x7A, 0x94, 0x1D, 0x16, 0x14, 0x43,
    0x16, 0x90, 0xCC, 0xE5, 0x08, 0x54, 0x7B, 0x40, 0x0E, 0x36, 0x1D, 0x01, 0x80, 0x7B, 0x33, 0xE8,
    0x35, 0xCC, 0xE0, 0x8D, 0x13, 0xDC, 0x2E, 0xFE, 0x08, 0x00, 0x8A, 0x41, 0x57, 0x3B, 0x00, 0x25,
    0xDB, 0x74, 0x5B, 0x64, 0xA2, 0x90, 0x11, 0x5E, 0x1F, 0xA0, 0xF8, 0xFB, 0x01, 0x1C, 0xE1, 0x57,
    0x07, 0xA8, 0x34, 0xFD, 0x4E, 0xE1, 0xA9, 0x42, 0xBC, 0x2D, 0x32, 0x1B, 0xDD, 0x84, 0x62, 0x38,
    0x80, 0xEB, 0x0E, 0x50, 0xE2, 0x00, 0xB5, 0xC2, 0x4E, 0xE1, 0x5A, 0x21, 0x1E, 0x20, 0x99, 0x6F,
    0x8B, 0x74, 0x14, 0xD7, 0x00, 0xA8, 0x00, 0x60, 0xA7, 0xF0, 0x3D, 0x9C, 0x1A, 0x7A, 0x99, 0xF0,
    0x5B, 0xD5, 0x2F, 0xB2, 0xE7, 0x7D, 0x94, 0x57, 0x49, 0xFF, 0xB9, 0x07, 0xF2, 0x08, 0xA4, 0x32,
    0x02, 0xDA, 0x7F, 0xB4, 0x1D, 0xD0, 0xD2, 0x7F, 0x00, 0xDD, 0x12, 0xF1, 0x1C, 0x83, 0x03, 0x04,
    0xE4, 0xAC, 0x34, 0x3C, 0x05, 0x4B, 0xD6, 0xA8, 0xAD, 0x1D, 0x0B, 0x1C, 0x4B, 0xA7, 0x01, 0xAE,
    0xD3, 0xF2, 0xF9, 0x74, 0x70, 0xFD, 0x40, 0xAB, 0x0D, 0xC8, 0x78, 0x51, 0x63, 0xBD, 0x88, 0xEB,
    0x45, 0x36, 0xAF, 0x17, 0xC5, 0xB8, 0x5E, 0x94, 0x9D, 0x5E, 0xEC, 0xAC, 0x7E, 0x3E, 0x54, 0x56,
    0xBF, 0xE8, 0x9C, 0xD5, 0x77, 0x8D, 0xEB, 0x58, 0xB6, 0xD2, 0xC5, 0x06, 0xC0, 0x13, 0xA4, 0xFE,
    0x05, 0x2C, 0xE7, 0x12, 0x00, 0xFA, 0xD5, 0xF4, 0x1D, 0x6C, 0x3B, 0x9C, 0xE7, 0x5A, 0x4B, 0x6A,
    0xAA, 0x9B, 0xFE, 0xB0, 0xE5, 0x09, 0x48, 0xE7, 0x42, 0x44, 0x4C, 0xE6, 0x05, 0xEF, 0x71, 0x3A,
    0xE0, 0xAC, 0xFD, 0xC0, 0xE8, 0x03, 0xA3, 0x9D, 0x51, 0x6F, 0x24, 0x8D, 0x62, 0x2A, 0x0C, 0xCF,
    0x8C, 0x0A, 0x66, 0x84, 0x6B, 0xBD, 0x52, 0x59, 0xCD, 0x50, 0xA9, 0x2E, 0x2A, 0x3D, 0x35, 0x0A,
    0xF9, 0x5E, 0xC9, 0x67, 0xC2, 0x83, 0x96, 0x6A, 0x9A, 0x6C, 0x80, 0xC6, 0x17, 0x1D, 0xC9, 0x01,
    0xAD, 0x8E, 0x8D, 0xED, 0xE7, 0x09, 0x50, 0x05, 0xE0, 0x1A, 0xD0, 0xF8, 0x19, 0x28, 0x16, 0x24,
    0x1E, 0x38, 0xA4, 0xC9, 0x38, 0x75, 0xBC, 0x31, 0xA9, 0x74, 0x9C, 0x50, 0x19, 0x1C, 0x25, 0x8E,
    0x95, 0x52, 0xEB, 0x6B, 0x51, 0xF3, 0x3D, 0x29, 0x54, 0x24, 0x79, 0x05, 0xF9, 0x0A, 0x49, 0xBF,
    0x58, 0x9D, 0x32, 0x00, 0xF5, 0x08, 0xB8, 0xF9, 0x3B, 0xC6, 0x01, 0xE8, 0x3D, 0x50, 0x46, 0x3C,
    0x92, 0x05, 0x49, 0x2F, 0x4D, 0x2B, 0x32, 0x95, 0x22, 0x11, 0x8E, 0xDB, 0x35, 0x9A, 0x8D, 0xFC,
    0x81, 0x06, 0x38, 0x8F, 0x5C, 0x46, 0xA5, 0x4C, 0xBF, 0x99, 0x90, 0xE8, 0xFA, 0x08, 0x68, 0xD0,
    0x00, 0xF4, 0x11, 0x6A, 0xF5, 0x9E, 0x54, 0x09, 0xC9, 0x49, 0x67, 0xB4, 0xDE, 0xEA, 0x51, 0xA9,
    0xB0, 0x4F, 0xA5, 0x34, 0x9B, 0x00, 0x09, 0xE6, 0xE1, 0x8F, 0x1E, 0x4C, 0xF2, 0x07, 0xA0, 0x5D,
    0x90, 0x46, 0x40, 0x66, 0x64, 0x01, 0x99, 0x4C, 0x4A, 0x9A, 0xB1, 0x98, 0xE9, 0xE1, 0x3C, 0x5A,
    0x93, 0xD9, 0x1B, 0x29, 0xCA, 0x84, 0xDE, 0xF8, 0x94, 0x88, 0xD2, 0x9C, 0x12, 0xEE, 0xB5, 0x6C,
    0x34, 0x9A, 0x1E, 0x46, 0x67, 0x2A, 0x70, 0xED, 0x4D, 0x28, 0x7D, 0x06, 0xB3, 0x6A, 0x50, 0xAC,
    0xA9, 0x52, 0x14, 0x92, 0x48, 0xB7, 0xA0, 0x98, 0x7B, 0x45, 0x37, 0x6D, 0x1C, 0xBB, 0xE3, 0x49,
    0x5B, 0x98, 0xC8, 0xDC, 0x67, 0x3A, 0xDA, 0xE9, 0xDA, 0x38, 0xB6, 0x0A, 0xD8, 0x6F, 0x1C, 0x99,
    0xB7, 0xB0, 0xBC, 0xE3, 0xB7, 0x11, 0xD0, 0x1C, 0x05, 0xFC, 0x91, 0x58, 0x75, 0xED, 0xD0, 0x8F,
    0xED, 0x50, 0x75, 0x38, 0x96, 0xC4, 0x73, 0x23, 0x6F, 0x34, 0x12, 0xD3, 0x81, 0x94, 0xAD, 0x64,
    0xFE, 0x79, 0x43, 0x2A, 0x2C, 0xC6, 0x01, 0x45, 0x00, 0xBE, 0x6F, 0x4F, 0xA8, 0x9F, 0x02, 0x8F,
    0xAF, 0x00, 0x3E, 0x2B, 0x95, 0xB8, 0xB9, 0x0F, 0xED, 0x59, 0xF6, 0xDC, 0xE4, 0x79, 0xDB, 0xFD,
    0x44, 0xE1, 0x09, 0xEB, 0x2C, 0x56, 0xA7, 0xCE, 0x8C, 0x7E, 0x61, 0x43, 0xFA, 0xB7, 0x86, 0xF4,
    0xA9, 0xD5, 0x16, 0x52, 0xBA, 0x27, 0x21, 0x1A, 0x5D, 0x1B, 0xFD, 0x1C, 0x7C, 0x6E, 0xE8, 0xAF,
    0x93, 0x19, 0xA5, 0xF8, 0xFA, 0xA3, 0x3D, 0xFA, 0x8F, 0xE2, 0x25, 0xAA, 0x97, 0x01, 0x97, 0x81,
    0x47, 0xA5, 0x9E, 0xD9, 0xAF, 0x72, 0xA5, 0xC0, 0x47, 0x5D, 0xF5, 0x14, 0xEE, 0xA5, 0xC7, 0x93,
    0xBA, 0xE9, 0xB1, 0x4F, 0xA2, 0x93, 0x80, 0x4A, 0xFC, 0x9A, 0x4C, 0x25, 0x42, 0xAD, 0xA4, 0x94,
    0xDD, 0xB1, 0x74, 0x32, 0x1F, 0x47, 0xC3, 0x0D, 0x5A, 0xFE, 0x75, 0x73, 0x54, 0xC9, 0x11, 0x4E,
    0x78, 0xBA, 0xB2, 0xCF, 0x3C, 0x5D, 0xAE, 0x99, 0xE5, 0x09, 0xB3, 0x94, 0xCC, 0xE2, 0x98, 0xA5,
    0x68, 0x34, 0x4B, 0xDE, 0x69, 0x96, 0xAC, 0x43, 0xD9, 0x21, 0x1F, 0xC0, 0x67, 0x5D, 0xA7, 0x20,
    0x2C, 0x00, 0x98, 0x92, 0x1E, 0xD5, 0xF0, 0x5D, 0xFA, 0x3D, 0xFC, 0x14, 0x1E, 0x6F, 0x8D, 0x8F,
    0x89, 0x51, 0xF1, 0xCB, 0xA0, 0x28, 0x13, 0xB1, 0x53, 0x5C, 0xD4, 0xC7, 0x05, 0x22, 0xFD, 0x6B,
    0xA2, 0x28, 0xFE, 0x95, 0xF8, 0xE9, 0xBF, 0x14, 0xE5, 0x97, 0x8A, 0x0B, 0x73, 0xCE, 0x8A, 0xF5,
    0xA8, 0xD8, 0x6A, 0x95, 0x44, 0x14, 0x73, 0x62, 0x49, 0xAC, 0x59, 0xFD, 0x27, 0x44, 0xBC, 0x3D,
    0xE2, 0x37, 0x00, 0x20, 0x9C, 0x8A, 0x0E, 0x1C, 0x3C, 0x64, 0x5F, 0x4E, 0x40, 0xF1, 0x4F, 0x0F,
    0xB8, 0x4F, 0x54, 0x7E, 0x17, 0x81, 0x1A, 0x37, 0xC0, 0xD5, 0x81, 0x10, 0x0F, 0x90, 0x44, 0x94,
    0x5D, 0x36, 0xC3, 0x0D, 0x99, 0x47, 0x31, 0x15, 0x23, 0x32, 0xEF, 0x06, 0xA4, 0xA1, 0xEA, 0x80,
    0x58, 0x03, 0x58, 0xAE, 0x00, 0xB4, 0x3F, 0x06, 0xF0, 0x3E, 0x6A, 0x68, 0x68, 0xD5, 0x70, 0xB6,
    0x06, 0xE2, 0x88, 0x74, 0x46, 0x3E, 0x21, 0xF3, 0xD0, 0x0C, 0x23, 0x92, 0xC0, 0x25, 0xCD, 0x0B,
    0xDC, 0x30, 0xA4, 0xE6, 0x58, 0x57, 0x3C, 0x4A, 0xAE, 0x8B, 0x50, 0x39, 0x33, 0x80, 0xFC, 0x73,
    0x8F, 0x55, 0xA4, 0xF6, 0x87, 0xFA, 0x37, 0x8F, 0x32, 0xBC, 0xD3, 0xE8, 0xB5, 0xD7, 0xCD, 0x04,
    0xA0, 0x78, 0x3D, 0x03, 0x2E, 0xF3, 0x40, 0x09, 0xA6, 0x63, 0xE6, 0xDB, 0xD0, 0x9E, 0x42, 0x7F,
    0x2F, 0xC8, 0xD7, 0xB0, 0x3F, 0x07, 0xCB, 0x29, 0xC4, 0x13, 0x48, 0x08, 0x01, 0x48, 0x12, 0x15,
    0xF6, 0xC9, 0x01, 0x6A, 0x19, 0x15, 0x3A, 0xC0, 0x31, 0xC0, 0xEC, 0x05, 0x80, 0x74, 0xBD, 0x31,
    0x04, 0x7E, 0xB4, 0x85, 0xFB, 0xAD, 0x6A, 0x90, 0x86, 0x7E, 0x44, 0xBE, 0x97, 0x09, 0x4E, 0x08,
    0xFC, 0xC8, 0x85, 0xFB, 0x57, 0x71, 0xC6, 0x1E, 0xAE, 0xEA, 0xDD, 0x54, 0xF6, 0x00, 0xA6, 0x52,
    0x24, 0xA0, 0x98, 0xDA, 0x2F, 0x7A, 0xF9, 0xAF, 0x8C, 0xD7, 0x48, 0x7A, 0x11, 0xFC, 0x1E, 0x78,
    0x24, 0x33, 0x1A, 0xD0, 0x1E, 0x1E, 0x70, 0x6A, 0x89, 0x2C, 0x6B, 0xC0, 0x8C, 0x9C, 0x01, 0xFF,
    0x3E, 0x1B, 0x90, 0xEE, 0x49, 0x45, 0xDE, 0x91, 0xB3, 0x81, 0xB4, 0x7E, 0x2A, 0x89, 0xF8, 0xD0,
    0xE8, 0xF9, 0x09, 0xAD, 0xE6, 0x81, 0x53, 0xBB, 0xFB, 0x6F, 0x06, 0x6C, 0xEC, 0xE1, 0x01, 0xEF,
    0x12, 0x31, 0x13, 0x33, 0x23, 0x37, 0x92, 0xEA, 0xE6, 0x6C, 0x5C, 0x4D, 0xF1, 0xC9, 0x62, 0x3B,
    0xB1, 0xA8, 0x6A, 0x38, 0x5B, 0xA8, 0xB4, 0x2D, 0xB7, 0xC4, 0x24, 0x1A, 0x79, 0x12, 0x9A, 0x87,
    0xEF, 0xE8, 0xBC, 0xE7, 0x1B, 0xBA, 0xFC, 0xD0, 0xA8, 0xC5, 0xC9, 0x2E, 0xCE, 0xC5, 0xDD, 0x6E,
    0xCB, 0x19, 0x4F, 0x2E, 0x01, 0x58, 0xCE, 0x8B, 0x58, 0xEE, 0xE8, 0x73, 0xD1, 0xE0, 0x8C, 0xE5,
    0x54, 0x9D, 0x0A, 0xA9, 0x97, 0x67, 0x00, 0x2A, 0x79, 0x05, 0xE0, 0x3D, 0x09, 0xD0, 0x29, 0xFB,
    0x8A, 0xA3, 0xB8, 0xE7, 0x66, 0xA4, 0xA1, 0xD7, 0x33, 0x6C, 0xE8, 0x42, 0xEC, 0x46, 0xF5, 0xFB,
    0xC6, 0x32, 0x59, 0xFD, 0x82, 0xE1, 0x96, 0xCC, 0x62, 0x47, 0x73, 0x63, 0x21, 0x3C, 0x7A, 0x48,
    0xE7, 0x61, 0x76, 0x63, 0xD4, 0x87, 0xB5, 0xDE, 0x64, 0x89, 0xA4, 0xB3, 0x7A, 0x56, 0x97, 0x42,
    0x59, 0x77, 0x26, 0x97, 0x32, 0x9A, 0xFB, 0xB4, 0xA1, 0x8A, 0xFB, 0x7B, 0x8F, 0x92, 0x72, 0x09,
    0x16, 0xBE, 0x26, 0x3B, 0x6A, 0xEC, 0x4D, 0xF1, 0x5F, 0x88, 0x78, 0xA0, 0xCE, 0x9F, 0x9D, 0xFC,
    0x59, 0x14, 0x88, 0xC9, 0xCC, 0xD9, 0xCF, 0x7C, 0x31, 0x29, 0x7D, 0xD6, 0x2B, 0xE5, 0xAF, 0x59,
    0xCB, 0x59, 0x5F, 0xFA, 0xC5, 0x74, 0x75, 0x54, 0x24, 0xF6, 0xD5, 0x25, 0xF5, 0x77, 0x9A, 0xAB,
    0x9F, 0x10, 0x94, 0x90, 0xCC, 0x4A, 0x73, 0xE6, 0xB9, 0xC7, 0xDF, 0x4D, 0xD6, 0xD3, 0xC1, 0x5A,
    0xB0, 0x6E, 0x99, 0xBB, 0x43, 0xD5, 0xEF, 0x95, 0xEA, 0x94, 0x1B, 0xBC, 0xB4, 0x4E, 0x5C, 0x33,
    0x95, 0xE6, 0x4A, 0x27, 0xE6, 0xA2, 0x2E, 0xA3, 0xE9, 0x78, 0x4A, 0x68, 0x3F, 0x32, 0xDA, 0x19,
    0x5D, 0xDA, 0x4A, 0xB4, 0x87, 0x5F, 0x60, 0x7B, 0x52, 0x4F, 0xCD, 0x9A, 0x20, 0xE9, 0x17, 0x26,
    0xC8, 0xE5, 0xF5, 0x60, 0x5B, 0x21, 0x71, 0x63, 0xFC, 0x38, 0x31, 0x57, 0x25, 0x0D, 0x73, 0xB1,
    0x05, 0x11, 0x4E, 0x29, 0x24, 0xBA, 0x98, 0xFA, 0x0B, 0xD5, 0x9B, 0xFD, 0x4F, 0x46, 0x25, 0x8A,
    0xC6, 0x05, 0x6F, 0x6A, 0xC1, 0xAF, 0x52, 0x61, 0x6C, 0x2B, 0x17, 0x60, 0x43, 0xA8, 0xEB, 0xCF,
    0xB8, 0x04, 0x2D, 0x9E, 0x34, 0xDC, 0x93, 0xD8, 0x75, 0x33, 0xBB, 0xB9, 0x22, 0x23, 0x9C, 0x90,
    0x5A, 0xB6, 0x3D, 0xB9, 0xEB, 0x90, 0xB8, 0x8E, 0x54, 0x11, 0x51, 0x1B, 0xED, 0xBE, 0x99, 0x6A,
    0x6C, 0xE3, 0xDC, 0x40, 0x2A, 0xC6, 0x6D, 0x85, 0x64, 0xBF, 0xBA, 0x7E, 0x61, 0x8B, 0xA6, 0x05,
    0xBD, 0x11, 0xAD, 0xE5, 0x4B, 0x35, 0x49, 0x56, 0xDD, 0xB6, 0x94, 0xAF, 0x29, 0xE2, 0xEA, 0x77,
    0x5A, 0xAD, 0x3B, 0x29, 0xFA, 0xCD, 0xE4, 0x56, 0xEA, 0xB6, 0xD2, 0xAF, 0xB6, 0x15, 0x0A, 0xD6,
    0x7B, 0xA7, 0x1F, 0xA8, 0x65, 0x0F, 0xD2, 0x04, 0xB3, 0xC7, 0x46, 0x4F, 0xB7, 0xCD, 0x4F, 0xC3,
    0x1D, 0x4D, 0x76, 0x1D, 0x9B, 0x5C, 0x5B, 0x0B, 0xAE, 0xAC, 0xC9, 0x11, 0xFC, 0x7E, 0x06, 0x2A,
    0x1B, 0xBF, 0xDA, 0x1A, 0xB5, 0xD3, 0xEF, 0x49, 0x15, 0x48, 0x3B, 0xA3, 0x48, 0x52, 0x7F, 0xD4,
    0xF4, 0x47, 0x45, 0x7F, 0xB8, 0xC1, 0x0D, 0x6C, 0x72, 0x65, 0x4D, 0xDE, 0x59, 0x93, 0x4D, 0x4F,
    0xBD, 0x6C, 0x9B, 0x9C, 0x1B, 0xD1, 0xDF, 0xF2, 0x5B, 0xEE, 0xD3, 0x7F, 0x72, 0xA5, 0xB8, 0xA3,
    0x49, 0x15, 0xB6, 0x2D, 0x10, 0x73, 0x94, 0x11, 0x1C, 0xD7, 0x99, 0xFE, 0xFF, 0x88, 0xE6, 0xDF,
    0x9A, 0x7F, 0xC5, 0xE4, 0xD6, 0xDD, 0xC8, 0x34, 0x49, 0x60, 0xD2, 0xCC, 0x93, 0xF2, 0x91, 0xE4,
    0x06, 0x52, 0xD5, 0x90, 0x6A, 0x2B, 0x78, 0x0D, 0xC6, 0x05, 0x6B, 0x9A, 0x67, 0xD3, 0xF2, 0x09,
    0x49, 0x34, 0x7F, 0x6D, 0x5A, 0x77, 0xC7, 0x5D, 0x09, 0x77, 0x9D, 0xE5, 0xCE, 0x68, 0x1D, 0xB0,
    0xB5, 0x13, 0x36, 0x7C, 0xC9, 0x7E, 0x3B, 0x98, 0xC5, 0x74, 0xDC, 0xF0, 0xDB, 0x8F, 0x7E, 0x67,
    0x34, 0x6E, 0x25, 0xAD, 0x47, 0x6D, 0x3D, 0x78, 0x58, 0x27, 0x64, 0x9D, 0x97, 0x7B, 0xAC, 0x15,
    0x7A, 0x6E, 0x68, 0xC4, 0xBA, 0xF7, 0x75, 0x3E, 0xC9, 0xC5, 0xE9, 0xE9, 0x78, 0x71, 0xA2, 0xAB,
    0x7C, 0xBB, 0xD3, 0x51, 0x9D, 0x9C, 0xB8, 0x78, 0x3C, 0x8D, 0x3C, 0x9B, 0x54, 0xF6, 0xF5, 0xB9,
    0x7D, 0xF8, 0x56, 0x4A, 0x0E, 0x80, 0xE3, 0xFD, 0xCF, 0x27, 0x9B, 0x6C, 0x15, 0x9E, 0x06, 0xD6,
    0x88, 0x3A, 0x32, 0xB8, 0x59, 0x8F, 0x87, 0x3A, 0x54, 0x8D, 0xB3, 0x10, 0x62, 0xD5, 0xE8, 0x58,
    0xD4, 0x6C, 0xF0, 0x8D, 0x4A, 0x09, 0x14, 0xB6, 0x04, 0xC5, 0xDE, 0x2B, 0xD6, 0x9B, 0xFF, 0x41,
    0x1C, 0xAD, 0xD6, 0xEA, 0xCD, 0x16, 0x7B, 0x39, 0xB1, 0x13, 0xC9, 0x0A, 0xD2, 0xF0, 0x05, 0x44,
    0xA7, 0x7D, 0x5C, 0x5F, 0x4B, 0xDC, 0x4B, 0x85, 0x8F, 0x83, 0xAA, 0x8A, 0x2A, 0xF0, 0x6A, 0x7D,
    0x9B, 0x89, 0xA8, 0xBA, 0x34, 0xAC, 0x2F, 0x4C, 0x23, 0xDF, 0x7C, 0xDC, 0x60, 0x90, 0xC4, 0xBA,
    0x59, 0xDF, 0x9A, 0x5E, 0xFC, 0x1A, 0xC0, 0xFB, 0xAC, 0x0B, 0xD9, 0xE0, 0xD6, 0xAE, 0xA0, 0x79,
    0xE9, 0x8D, 0xAA, 0xB3, 0x73, 0xC4, 0x63, 0xA4, 0x39, 0xD7, 0x9F, 0x74, 0x46, 0x31, 0xDA, 0x12,
    0x4B, 0x37, 0xF6, 0xEE, 0x46, 0x41, 0xBC, 0xEF, 0x11, 0xAB, 0x4C, 0x7B, 0xCF, 0x43, 0xF6, 0x1F,
    0x7F, 0x3C, 0xBC, 0x32, 0x10, 0x1B, 0xA8, 0x18, 0x00, 0xFF, 0x07, 0xBD, 0x91, 0x81, 0x66, 0xC3,
    0x50, 0x18, 0x85, 0x4F, 0x7A, 0x51, 0x14, 0x19, 0x06, 0x36, 0x14, 0x0A, 0x40, 0x9E, 0x60, 0x49,
    0xD8, 0xAB, 0x0C, 0x80, 0xBD, 0x40, 0xAD, 0x79, 0x84, 0xBE, 0xC7, 0x00, 0x86, 0xB1, 0x71, 0x6F,
    0xBB, 0x17, 0xB8, 0x6F, 0xB0, 0xA2, 0x00, 0x34, 0x08, 0xFE, 0x91, 0xE4, 0xEC, 0xFF, 0x9B, 0xB2,
    0xA2, 0x1B, 0x9B, 0x5A, 0x9C, 0xEF, 0x83, 0x1C, 0xF7, 0x5C, 0x2E, 0x5C, 0x85, 0x71, 0xF8, 0x5B,
    0x26, 0x0C, 0x05, 0x83, 0x67, 0x45, 0x82, 0x3D, 0xBC, 0x20, 0x5B, 0xC2, 0x0E, 0xB4, 0xDF, 0x03,
    0x51, 0x69, 0x94, 0x56, 0xA1, 0x11, 0x94, 0x88, 0xF1, 0x7B, 0x8D, 0xF1, 0x9B, 0xB2, 0x12, 0xED,
    0x19, 0xCF, 0x47, 0x3C, 0x29, 0xF5, 0xC0, 0x2A, 0x4E, 0xB8, 0xB6, 0x15, 0xE8, 0x0C, 0x48, 0xD8,
    0x90, 0x2D, 0xD9, 0xD4, 0xF0, 0x5D, 0x9A, 0xAE, 0xC5, 0x44, 0x31, 0xA9, 0x1D, 0xD9, 0xEB, 0x49,
    0xEC, 0x4B, 0x73, 0x09, 0x75, 0x84, 0x39, 0x9C, 0xD9, 0x5E, 0x92, 0xC7, 0xE0, 0x28, 0x29, 0x43,
    0xCA, 0xA6, 0x30, 0xD7, 0x7A, 0xD3, 0x94, 0x91, 0x44, 0xCA, 0x8A, 0x1D, 0x46, 0x82, 0x45, 0x03,
    0x00, 0x57, 0x25, 0xF0, 0xDB, 0x3B, 0x27, 0x32, 0xAC, 0xA8, 0xEF, 0xA9, 0xDE, 0xD1, 0x4C, 0x6E,
    0xAC, 0xB3, 0x85, 0x7A, 0xFB, 0x0F, 0x77, 0xBE, 0x53, 0xE4, 0x1C, 0xF8, 0x06, 0x64, 0x0F, 0xDE,
    0xB2, 0x6C, 0xC1, 0x20, 0x5F, 0x94, 0xE2, 0x08, 0x99, 0xB4, 0x90, 0x69, 0x0D, 0x59, 0x54, 0xF8,
    0xE8, 0x00, 0xD6, 0x4A, 0x05, 0x74, 0x00, 0x0E, 0xCF, 0x9D, 0x5B, 0x92, 0x1C, 0xD3, 0x7C, 0xC4,
    0x3C, 0x63, 0xC1, 0x7D, 0xFA, 0xAC, 0x88, 0x59, 0x8E, 0x53, 0x49, 0x98, 0x4F, 0x8F, 0x6A, 0x9B,
    0xEC, 0x06, 0xD9, 0x05, 0x32, 0x1C, 0x32, 0x03, 0x30, 0xC7, 0xA8, 0x9A, 0xC3, 0x85, 0x6F, 0x59,
    0xBA, 0xE0, 0xA3, 0xDB, 0x31, 0xEA, 0x43, 0x45, 0xBF, 0xA7, 0x83, 0xEF, 0x5F, 0xE1, 0x4F, 0xF6,
    0x1F, 0xA2, 0x5B, 0x33, 0x3A, 0xED, 0x2D, 0x86, 0x7E, 0xF0, 0x6C, 0xE1, 0x9B, 0x39, 0x5E, 0xC2,
    0x4F, 0x3B, 0x33, 0x05, 0xF8, 0x04, 0xB4, 0x95, 0x21, 0x88, 0xDC, 0x4C, 0x1C, 0xC5, 0x27, 0x1B,
    0xF8, 0xF6, 0x83, 0x88, 0xF8, 0x42, 0xC9, 0xE9, 0x8A, 0xC6, 0xD6, 0x4D, 0x4A, 0x3D, 0xF5, 0xDE,
    0x53, 0xAF, 0x36, 0x70, 0x1E, 0xCE, 0x7B, 0x75, 0x15, 0xE7, 0x45, 0x9B, 0x29, 0x15, 0x15, 0x67,
    0xCE, 0xD7, 0x6C, 0x6D, 0xCF, 0x0C, 0xDC, 0x52, 0x22, 0x92, 0x7D, 0x4D, 0xDE, 0x3C, 0xFE, 0x93,
    0x85, 0xB5, 0x1D, 0x73, 0xBF, 0x61, 0x77, 0xE7, 0xE6, 0xFF, 0xDE, 0xCB, 0x8B, 0x5B, 0x56, 0x85,
    0xCE, 0x35, 0xE7, 0x95, 0xDC, 0x01, 0x47, 0x07, 0x84, 0x85, 0x0A, 0x20, 0x96, 0xC0, 0xD3, 0x82,
    0xE5, 0x82, 0x75, 0xC2, 0x7A, 0xF2, 0xB1, 0x3D, 0x0D, 0x61, 0xC1, 0x76, 0xAC, 0x7B, 0x1F, 0xDF,
    0x2E, 0xE4, 0x7C, 0x74, 0x0E, 0xC7, 0x74, 0xC0, 0x8A, 0x81, 0x88, 0xE8, 0x76, 0x44, 0x7E, 0x58,
    0x26, 0x2C, 0xF0, 0xB4, 0x60, 0xBF, 0x10, 0x3F, 0x2C, 0xD1, 0xAD, 0xF8, 0x09, 0xEB, 0xE2, 0x11,
    0xD8, 0xE2, 0xEF, 0xFB, 0x07, 0xDC, 0xDF, 0x39, 0xC7, 0x9F, 0xD4, 0xE0, 0x59, 0xFB, 0x15, 0xCF,
    0xC2, 0xCE, 0x09, 0x2B, 0x38, 0xD7, 0xCC, 0x86, 0xED, 0x44, 0xAC, 0x2F, 0xD1, 0x0B, 0xCF, 0x19,
    0xE7, 0x05, 0x47, 0x62, 0x63, 0xC8, 0x9F, 0x1C, 0x4E, 0x86, 0x43, 0x24, 0x7A, 0x43, 0x7E, 0x0F,
    0xC2, 0xD3, 0xC5, 0xEC, 0x54, 0x89, 0xDF, 0x2B, 0x6C, 0xF6, 0x2C, 0x83, 0x0D, 0xBC, 0x43, 0xEF,
    0xF6, 0x58, 0xE9, 0x75, 0x09, 0xF7, 0xAE, 0xE2, 0x6D, 0xFC, 0x8F, 0xD9, 0xE1, 0xE3, 0x98, 0x7C,
    0x18, 0x1D, 0x10, 0x2F, 0x2D, 0x71, 0x1E, 0xBD, 0x43, 0x9A, 0xB7, 0x1E, 0x9D, 0x6B, 0x8F, 0x44,
    0x59, 0x78, 0x90, 0x81, 0xBF, 0x20, 0xFB, 0x5E, 0x78, 0xAD, 0x92, 0xC0, 0x51, 0x0F, 0x09, 0xDA,
    0xA9, 0xF9, 0x86, 0xA0, 0xAB, 0x1F, 0x74, 0xF1, 0xB4, 0x20, 0x48, 0x13, 0xC9, 0x2E, 0x37, 0xC8,
    0xAC, 0x01, 0x66, 0x95, 0x19, 0x25, 0x9B, 0x86, 0xB3, 0x4C, 0x6A, 0x67, 0x59, 0xD4, 0x4E, 0x32,
    0xC8, 0x4F, 0xF2, 0x24, 0xC3, 0x28, 0x3F, 0x0E, 0x27, 0xC1, 0x10, 0x65, 0x0B, 0x08, 0x33, 0x21,
    0x59, 0xA2, 0x2B, 0xBB, 0x02, 0x82, 0x1D, 0x25, 0xF6, 0x2B, 0x84, 0x64, 0x45, 0x89, 0x70, 0xC3,
    0x69, 0x4A, 0x3C, 0x47, 0x4E, 0xB3, 0x03, 0x62, 0x3A, 0x15, 0xE8, 0xD3, 0x19, 0xAF, 0xEE, 0x92,
    0x01, 0x1A, 0xAB, 0xE7, 0xDF, 0xFF, 0x4B, 0x38, 0x2E, 0x7F, 0xCB, 0xEC, 0x50, 0xF8, 0x04, 0x83,
    0x24, 0xA0, 0xE8, 0x26, 0xF9, 0x46, 0xF0, 0xF7, 0x83, 0xEC, 0x01, 0x8E, 0x49, 0x70, 0x7B, 0x5A,
    0xFE, 0x20, 0xA4, 0x67, 0xE5, 0x05, 0x7A, 0x52, 0x6E, 0x09, 0x3E, 0x52, 0x23, 0x5E, 0x71, 0x4F,
    0x40, 0x5C, 0xAD, 0xA3, 0xE0, 0x0B, 0x48, 0xF0, 0x1A, 0x12, 0xBC, 0x36, 0xC1, 0xCF, 0x12, 0x1C,
    0xB3, 0x93, 0xE0, 0x93, 0x04, 0xF7, 0xD4, 0x39, 0x43, 0x97, 0xE4, 0xAD, 0x28, 0xAF, 0x60, 0x88,
    0xD2, 0x19, 0x19, 0x24, 0xB8, 0xA2, 0x21, 0x79, 0x9B, 0x59, 0xF2, 0x52, 0xE7, 0x90, 0xA0, 0x24,
    0x78, 0xC1, 0x75, 0xC1, 0xCB, 0x7F, 0x2C, 0xB8, 0x4A, 0x6A, 0x2E, 0xE6, 0x4D, 0x4D, 0x7D, 0x47,
    0x97, 0x8B, 0xEA, 0x27, 0x42, 0xAE, 0xAA, 0x67, 0x84, 0x94, 0xF8, 0xD8, 0x8E, 0x78, 0xD4, 0x20,
    0x4D, 0xF0, 0xD1, 0x7F, 0x40, 0x97, 0x1F, 0x5A, 0x9E, 0x66, 0x95, 0x75, 0x59, 0x5A, 0x97, 0xB5,
    0x95, 0x8B, 0x6B, 0xF7, 0xC5, 0xAA, 0xAB, 0x2F, 0x86, 0x59, 0x06, 0x71, 0x4D, 0x32, 0x49, 0x1B,
    0x2B, 0xB0, 0x6C, 0x16, 0x43, 0x3F, 0x6E, 0x4A, 0x6C, 0x38, 0x59, 0x8D, 0x51, 0xBE, 0x5C, 0x64,
    0x88, 0x56, 0x65, 0xE6, 0x9B, 0x36, 0x47, 0xAB, 0x33, 0xDE, 0x4A, 0x85, 0x26, 0xC7, 0x54, 0x69,
    0xBA, 0x78, 0x63, 0x1B, 0xAB, 0x35, 0x5E, 0x44, 0x1B, 0xC5, 0x50, 0xD5, 0x46, 0x8D, 0xAD, 0xDC,
    0x2A, 0xB8, 0x3B, 0x53, 0xAA, 0xC2, 0xC3, 0x93, 0x15, 0xDC, 0x9E, 0x41, 0x57, 0xC5, 0xED, 0x70,
    0xDE, 0x94, 0xDC, 0x9B, 0x2E, 0xD7, 0x9C, 0x19, 0x4F, 0xCF, 0x65, 0xFE, 0x4D, 0x35, 0xE5, 0x00,
    0x7C, 0x95, 0xC3, 0xB9, 0xEE, 0x14, 0x84, 0x42, 0x85, 0x97, 0x2B, 0xEF, 0x4A, 0xE9, 0x59, 0x28,
    0xFE, 0x43, 0xC8, 0xA1, 0xB8, 0x78, 0x7B, 0x31, 0x8C, 0x39, 0x14, 0x5D, 0x7E, 0x83, 0x3D, 0xC2,
    0xE5, 0x77, 0x58, 0x85, 0xCD, 0x5B, 0xAC, 0x46, 0x0E, 0x05, 0x95, 0x55, 0x28, 0xB4, 0x51, 0x28,
    0xA8, 0xAC, 0x85, 0xA2, 0x9D, 0x2C, 0x14, 0x2A, 0xBC, 0xEB, 0xA1, 0x18, 0x37, 0xA1, 0xC0, 0x29,
    0x87, 0x82, 0xD6, 0x5B, 0x28, 0x10, 0x2D, 0x14, 0x96, 0x03, 0x2B, 0x43, 0x85, 0xC2, 0xAC, 0x4F,
    0x1B, 0x59, 0x0F, 0xCB, 0x81, 0x85, 0xA2, 0xDC, 0x84, 0x42, 0xD6, 0x37, 0xB6, 0xB1, 0x50, 0xF0,
    0xDF, 0x69, 0x43, 0xEB, 0x2D, 0x14, 0xD2, 0x83, 0xA1, 0xE0, 0xA6, 0xB3, 0x50, 0xD4, 0xF8, 0x1C,
    0x2C, 0x14, 0x15, 0x10, 0x2C, 0x14, 0xE5, 0xDF, 0x0D, 0x54, 0xA2, 0x00, 0x00, 0x55, 0xD1, 0xB1,
    0x4D, 0x05, 0x31, 0x0C, 0xC6, 0xF1, 0xA7, 0x77, 0x25, 0x85, 0x47, 0x60, 0x04, 0x46, 0xB0, 0x2B,
    0xD6, 0x60, 0x14, 0x46, 0x62, 0x84, 0x9C, 0x44, 0x49, 0x03, 0x1B, 0x30, 0x42, 0x90, 0xAE, 0xBC,
    0xBB, 0x3F, 0x36, 0x9F, 0x12, 0x71, 0x2E, 0xA2, 0x4F, 0xD1, 0x4F, 0x49, 0xEC, 0xDC, 0xAE, 0xB5,
    0x7C, 0xCE, 0x68, 0xDB, 0x8C, 0x7E, 0xCC, 0x08, 0x31, 0x28, 0x0C, 0x6C, 0x30, 0xB0, 0x9F, 0x6F,
    0x03, 0xF3, 0x1C, 0x2D, 0x44, 0xF7, 0xB6, 0x99, 0xB0, 0xFD, 0x70, 0x2C, 0xC2, 0xFE, 0x05, 0x77,
    0x61, 0x56, 0xB8, 0x11, 0x45, 0x59, 0x1B, 0x41, 0x61, 0x63, 0x75, 0x82, 0xC2, 0xCE, 0xF7, 0x6B,
    0x82, 0xC2, 0x70, 0xC2, 0x1D, 0x22, 0x29, 0x70, 0x2E, 0x24, 0x36, 0x80, 0xFD, 0x81, 0xC4, 0x4E,
    0xC5, 0x47, 0x12, 0x37, 0x80, 0xEE, 0x80, 0x76, 0x3B, 0x70, 0xC8, 0xBE, 0x53, 0x76, 0x01, 0xF8,
    0x80, 0xBA, 0x0E, 0xE0, 0x85, 0x3A, 0xB7, 0x30, 0x9E, 0x54, 0x9D, 0xE1, 0xEA, 0xAE, 0x70, 0x2B,
    0xAA, 0x47, 0x34, 0x8A, 0x0A, 0x17, 0x15, 0x16, 0x15, 0x16, 0x4D, 0xBC, 0x3F, 0x89, 0x26, 0xEE,
    0x26, 0x9A, 0xB8, 0x9B, 0x68, 0x62, 0x0D, 0x47, 0xB8, 0x89, 0x5E, 0xA7, 0x6E, 0xDB, 0xFF, 0x1F,
    0x9A, 0x15, 0x7F, 0xEB, 0x2F,
};

static const EpdGlyph charein_20_bolditalicGlyphs[] = {
    { 0, 0, 0, 0, 0, 0, 0 }, // U+0000
    { 0, 0, 0, 0, 0, 0, 0 }, // U+0001
    { 0, 0, 0, 0, 0, 0, 0 }, // U+0002
    { 0, 0, 0, 0, 0, 0, 0 }, // U+0003
    { 0, 0, 0, 0, 0, 0, 0 }, // U+0004
    { 0, 0, 0, 0, 0, 0, 0 }, // U+0005
    { 0, 0, 0, 0, 0, 0, 0 }, // U+0006
    { 0, 0, 0, 0, 0, 0, 0 }, // U+0007
    { 0, 0, 0, 0, 0, 0, 0 }, // U+0008
    { 0, 0, 0, 0, 0, 0, 0 }, // U+0009
    { 0, 0, 0, 0, 0, 0, 0 }, // U+000A
    { 0, 0, 0, 0, 0, 0, 0 }, // U+000B
    { 0, 0, 0, 0, 0, 0, 0 }, // U+000C
    { 0, 0, 0, 0, 0, 0, 0 }, // U+000D
    { 0, 0, 0, 0, 0, 0, 0 }, // U+000E
    { 0, 0, 0, 0, 0, 0, 0 }, // U+000F
    { 0, 0, 0, 0, 0, 0, 0 }, // U+0010
    { 0, 0, 0, 0, 0, 0, 0 }, // U+0011
    { 0, 0, 0, 0, 0, 0, 0 }, // U+0012
    { 0, 0, 0, 0, 0, 0, 0 }, // U+0013
    { 0, 0, 0, 0, 0, 0, 0 }, // U+0014
    { 0, 0, 0, 0, 0, 0, 0 }, // U+0015
    { 0, 0, 0, 0, 0, 0, 0 }, // U+0016
    { 0, 0, 0, 0, 0, 0, 0 }, // U+0017
    { 0, 0, 0, 0, 0, 0, 0 }, // U+0018
    { 0, 0, 0, 0, 0, 0, 0 }, // U+0019
    { 0, 0, 0, 0, 0, 0, 0 }, // U+001A
    { 0, 0, 0, 0, 0, 0, 0 }, // U+001B
    { 0, 0, 0, 0, 0, 0, 0 }, // U+001C
    { 0, 0, 0, 0, 0, 0, 0 }, // U+001D
    { 0, 0, 0, 0, 0, 0, 0 }, // U+001E
    { 0, 0, 0, 0, 0, 0, 0 }, // U+001F
    { 0, 0, 173, 0, 0, 0, 0 }, // U+0020
    { 12, 31, 253, 3, 30, 93, 0 }, // !
    { 14, 13, 251, 4, 31, 46, 93 }, // "
    { 27, 31, 494, 2, 30, 210, 139 }, // #
    { 25, 37, 399, 0, 32, 232, 349 }, // $
    { 35, 31, 600, 2, 30, 272, 581 }, // %
    { 30, 31, 497, 0, 30, 233, 853 }, // &
    { 6, 13, 117, 4, 31, 20, 1086 }, // '
    { 18, 37, 283, 2, 31, 167, 1106 }, // (
    { 18, 37, 283, -3, 31, 167, 1273 }, // )
    { 18, 17, 333, 4, 31, 77, 1440 }, // *
    { 26, 26, 667, 8, 26, 169, 1517 }, // +
    { 12, 14, 214, -3, 6, 42, 1686 }, // ,
    { 13, 5, 232, 1, 13, 17, 1728 }, // -
    { 8, 8, 212, 1, 7, 16, 1745 }, // .
    { 22, 33, 334, 0, 29, 182, 1761 }, // /
    { 24, 31, 399, 1, 30, 186, 1943 }, // 0
    { 17, 29, 399, 3, 29, 124, 2129 }, // 1
    { 26, 30, 399, -1, 30, 195, 2253 }, // 2
    { 25, 31, 399, 0, 30, 194, 2448 }, // 3
    { 24, 31, 399, 0, 29, 186, 2642 }, // 4
    { 25, 30, 399, 0, 29, 188, 2828 }, // 5
    { 23, 32, 399, 1, 31, 184, 3016 }, // 6
    { 27, 30, 399, 1, 29, 203, 3200 }, // 7
    { 25, 31, 399, 0, 30, 194, 3403 }, // 8
    { 25, 32, 399, 1, 30, 200, 3597 }, // 9
    { 10, 22, 212, 1, 21, 55, 3797 }, // :
    { 14, 29, 212, -3, 21, 102, 3852 }, // ;
    { 26, 23, 667, 8, 24, 150, 3954 }, // <
    { 26, 11, 667, 8, 19, 72, 4104 }, // =
    { 26, 23, 667, 8, 24, 150, 4176 }, // >
    { 18, 31, 357, 4, 30, 140, 4326 }, // ?
    { 35, 38, 624, 2, 30, 333, 4466 }, // @
    { 32, 29, 477, -3, 29, 232, 4799 }, // A
    { 27, 29, 433, -1, 29, 196, 5031 }, // B
    { 27, 31, 448, 2, 30, 210, 5227 }, // C
    { 31, 29, 475, -1, 29, 225, 5437 }, // D
    { 28, 29, 400, -1, 29, 203, 5662 }, // E
    { 27, 29, 371, -1, 29, 196, 5865 }, // F
    { 29, 31, 487, 2, 30, 225, 6061 }, // G
    { 35, 29, 511, -1, 29, 254, 6286 }, // H
    { 18, 29, 237, -1, 29, 131, 6540 }, // I
    { 25, 30, 340, -1, 29, 188, 6671 }, // J
    { 32, 30, 466, -1, 29, 240, 6859 }, // K
    { 24, 29, 373, -1, 29, 174, 7099 }, // L
    { 41, 29, 603, -1, 29, 298, 7273 }, // M
    { 35, 29, 502, -1, 29, 254, 7571 }, // N
    { 29, 31, 501, 2, 30, 225, 7825 }, // O
    { 27, 29, 405, -1, 29, 196, 8050 }, // P
    { 32, 37, 501, 1, 30, 296, 8246 }, // Q
    { 29, 30, 455, -1, 29, 218, 8542 }, // R
    { 25, 31, 375, -1, 30, 194, 8760 }, // S
    { 28, 29, 419, 2, 29, 203, 8954 }, // T
    { 31, 30, 499, 3, 29, 233, 9157 }, // U
    { 29, 30, 457, 3, 29, 218, 9390 }, // V
    { 41, 30, 646, 3, 29, 308, 9608 }, // W
    { 33, 29, 450, -2, 29, 240, 9916 }, // X
    { 29, 29, 454, 3, 29, 211, 10156 }, // Y
    { 28, 29, 403, -1, 29, 203, 10367 }, // Z
    { 19, 36, 299, 2, 30, 171, 10570 }, // [
    { 21, 33, 329, 0, 29, 174, 10741 }, // <backslash>
    { 19, 36, 299, -2, 30, 171, 10915 }, // ]
    { 15, 7, 227, 2, 30, 27, 11086 }, // ^
    { 16, 3, 228, -4, -4, 12, 11113 }, // _
    { 12, 8, 283, 3, 31, 24, 11125 }, // `
    { 23, 22, 379, 1, 21, 127, 11149 }, // a
    { 22, 33, 355, 0, 32, 182, 11276 }, // b
    { 18, 22, 321, 1, 21, 99, 11458 }, // c
    { 23, 33, 377, 1, 32, 190, 11557 }, // d
    { 19, 22, 320, 1, 21, 105, 11747 }, // e
    { 27, 41, 241, -6, 32, 277, 11852 }, // f
    { 25, 30, 324, -2, 21, 188, 12129 }, // g
    { 24, 33, 377, 0, 32, 198, 12317 }, // h
    { 12, 33, 207, 1, 32, 99, 12515 }, // i
    { 20, 41, 212, -6, 32, 205, 12614 }, // j
    { 23, 33, 367, 0, 32, 190, 12819 }, // k
    { 12, 33, 204, 1, 32, 99, 13009 }, // l
    { 35, 22, 551, 0, 21, 193, 13108 }, // m
    { 24, 22, 385, 1, 21, 132, 13301 }, // n
    { 21, 22, 369, 1, 21, 116, 13433 }, // o
    { 27, 30, 361, -5, 21, 203, 13549 }, // p
    { 22, 30, 380, 1, 21, 165, 13752 }, // q
    { 20, 21, 279, 0, 21, 105, 13917 }, // r
    { 18, 22, 277, -1, 21, 99, 14022 }, // s
    { 16, 26, 230, 1, 25, 104, 14121 }, // t
    { 24, 23, 383, 1, 22, 138, 14225 }, // u
    { 22, 23, 339, 0, 21, 127, 14363 }, // v
    { 32, 22, 501, 0, 21, 176, 14490 }, // w
    { 26, 22, 384, -1, 21, 143, 14666 }, // x
    { 29, 30, 362, -4, 21, 218, 14809 }, // y
    { 22, 24, 328, -1, 22, 132, 15027 }, // z
    { 21, 35, 330, 1, 30, 184, 15159 }, // {
    { 5, 45, 265, 6, 34, 57, 15343 }, // |
    { 21, 35, 330, -1, 30, 184, 15400 }, // }
    { 29, 8, 555, 3, 17, 58, 15584 }, // ~
    { 0, 0, 0, 0, 0, 0, 15642 }, // U+007F
    { 0, 0, 0, 0, 0, 0, 0 }, // U+0080
    { 0, 0, 0, 0, 0, 0, 0 }, // U+0081
    { 0, 0, 0, 0, 0, 0, 0 }, // U+0082
    { 0, 0, 0, 0, 0, 0, 0 }, // U+0083
    { 0, 0, 0, 0, 0, 0, 0 }, // U+0084
    { 0, 0, 0, 0, 0, 0, 0 }, // U+0085
    { 0, 0, 0, 0, 0, 0, 0 }, // U+0086
    { 0, 0, 0, 0, 0, 0, 0 }, // U+0087
    { 0, 0, 0, 0, 0, 0, 0 }, // U+0088
    { 0, 0, 0, 0, 0, 0, 0 }, // U+0089
    { 0, 0, 0, 0, 0, 0, 0 }, // U+008A
    { 0, 0, 0, 0, 0, 0, 0 }, // U+008B
    { 0, 0, 0, 0, 0, 0, 0 }, // U+008C
    { 0, 0, 0, 0, 0, 0, 0 }, // U+008D
    { 0, 0, 0, 0, 0, 0, 0 }, // U+008E
    { 0, 0, 0, 0, 0, 0, 0 }, // U+008F
    { 0, 0, 0, 0, 0, 0, 0 }, // U+0090
    { 0, 0, 0, 0, 0, 0, 0 }, // U+0091
    { 0, 0, 0, 0, 0, 0, 0 }, // U+0092
    { 0, 0, 0, 0, 0, 0, 0 }, // U+0093
    { 0, 0, 0, 0, 0, 0, 0 }, // U+0094
    { 0, 0, 0, 0, 0, 0, 0 }, // U+0095
    { 0, 0, 0, 0, 0, 0, 0 }, // U+0096
    { 0, 0, 0, 0, 0, 0, 0 }, // U+0097
    { 0, 0, 0, 0, 0, 0, 0 }, // U+0098
    { 0, 0, 0, 0, 0, 0, 0 }, // U+0099
    { 0, 0, 0, 0, 0, 0, 0 }, // U+009A
    { 0, 0, 0, 0, 0, 0, 0 }, // U+009B
    { 0, 0, 0, 0, 0, 0, 0 }, // U+009C
    { 0, 0, 0, 0, 0, 0, 0 }, // U+009D
    { 0, 0, 0, 0, 0, 0, 0 }, // U+009E
    { 0, 0, 0, 0, 0, 0, 0 }, // U+009F
    { 0, 0, 167, 0, 0, 0, 0 }, // U+00A0
    { 12, 31, 227, 0, 21, 93, 0 }, // U+00A1
    { 23, 30, 399, 1, 25, 173, 93 }, // U+00A2
    { 27, 30, 399, -1, 30, 203, 266 }, // U+00A3
    { 24, 24, 407, 1, 30, 144, 469 }, // U+00A4
    { 29, 29, 399, 1, 29, 211, 613 }, // U+00A5
    { 3, 40, 230, 6, 32, 30, 824 }, // U+00A6
    { 23, 37, 361, 0, 31, 213, 854 }, // U+00A7
    { 15, 6, 232, 3, 31, 23, 1067 }, // U+00A8
    { 33, 34, 558, 2, 32, 281, 1090 }, // U+00A9
    { 17, 17, 246, 1, 30, 73, 1371 }, // U+00AA
    { 20, 20, 275, 0, 20, 100, 1444 }, // U+00AB
    { 24, 10, 413, 1, 18, 60, 1544 }, // U+00AC
    { 0, 0, 0, 0, 0, 0, 1604 }, // U+00AD
    { 33, 34, 558, 2, 32, 281, 1604 }, // U+00AE
    { 16, 3, 227, 2, 28, 12, 1885 }, // U+00AF
    { 10, 11, 213, 2, 32, 28, 1897 }, // U+00B0
    { 26, 26, 667, 8, 26, 169, 1925 }, // U+00B1
    { 18, 18, 259, 1, 34, 81, 2094 }, // U+00B2
    { 17, 20, 259, 2, 35, 85, 2175 }, // U+00B3
    { 12, 8, 214, 6, 31, 24, 2260 }, // U+00B4
    { 26, 29, 389, -2, 20, 189, 2284 }, // U+00B5
    { 21, 32, 357, 2, 29, 168, 2473 }, // U+00B6
    { 6, 5, 125, 1, 17, 8, 2641 }, // U+00B7
    { 11, 11, 164, -3, 1, 31, 2649 }, // U+00B8
    { 11, 19, 259, 5, 35, 53, 2680 }, // U+00B9
    { 16, 17, 239, 1, 30, 68, 2733 }, // U+00BA
    { 19, 20, 275, -2, 20, 95, 2801 }, // U+00BB
    { 33, 32, 605, 3, 31, 264, 2896 }, // U+00BC
    { 33, 30, 605, 3, 30, 248, 3160 }, // U+00BD
    { 34, 33, 605, 2, 32, 281, 3408 }, // U+00BE
    { 18, 31, 348, 0, 21, 140, 3689 }, // U+00BF
    { 32, 40, 477, -3, 40, 320, 3829 }, // U+00C0
    { 32, 40, 477, -3, 40, 320, 4149 }, // U+00C1
    { 32, 39, 477, -3, 39, 312, 4469 }, // U+00C2
    { 32, 39, 477, -3, 39, 312, 4781 }, // U+00C3
    { 32, 40, 477, -3, 40, 320, 5093 }, // U+00C4
    { 32, 42, 477, -3, 42, 336, 5413 }, // U+00C5
    { 46, 29, 652, -3, 29, 334, 5749 }, // U+00C6
    { 27, 40, 448, 2, 30, 270, 6083 }, // U+00C7
    { 28, 40, 400, -1, 40, 280, 6353 }, // U+00C8
    { 28, 40, 400, -1, 40, 280, 6633 }, // U+00C9
    { 28, 39, 400, -1, 39, 273, 6913 }, // U+00CA
    { 28, 40, 400, -1, 40, 280, 7186 }, // U+00CB
    { 18, 40, 237, -1, 40, 180, 7466 }, // U+00CC
    { 20, 40, 237, -1, 40, 200, 7646 }, // U+00CD
    { 20, 39, 237, -1, 39, 195, 7846 }, // U+00CE
    { 21, 40, 237, -1, 40, 210, 8041 }, // U+00CF
    { 31, 29, 475, -1, 29, 225, 8251 }, // U+00D0
    { 35, 39, 502, -1, 39, 342, 8476 }, // U+00D1
    { 29, 41, 501, 2, 40, 298, 8818 }, // U+00D2
    { 29, 41, 501, 2, 40, 298, 9116 }, // U+00D3
    { 29, 40, 501, 2, 39, 290, 9414 }, // U+00D4
    { 29, 40, 501, 2, 39, 290, 9704 }, // U+00D5
    { 29, 41, 501, 2, 40, 298, 9994 }, // U+00D6
    { 24, 23, 667, 9, 24, 138, 10292 }, // U+00D7
    { 29, 37, 501, 2, 33, 269, 10430 }, // U+00D8
    { 31, 41, 499, 3, 40, 318, 10699 }, // U+00D9
    { 31, 41, 499, 3, 40, 318, 11017 }, // U+00DA
    { 31, 40, 499, 3, 39, 310, 11335 }, // U+00DB
    { 31, 41, 499, 3, 40, 318, 11645 }, // U+00DC
    { 29, 40, 454, 3, 40, 290, 11963 }, // U+00DD
    { 26, 29, 405, -1, 29, 189, 12253 }, // U+00DE
    { 32, 41, 399, -7, 32, 328, 12442 }, // U+00DF
    { 23, 32, 379, 1, 31, 184, 12770 }, // U+00E0
    { 23, 32, 379, 1, 31, 184, 12954 }, // U+00E1
    { 23, 31, 379, 1, 30, 179, 13138 }, // U+00E2
    { 23, 31, 379, 1, 30, 179, 13317 }, // U+00E3
    { 23, 32, 379, 1, 31, 184, 13496 }, // U+00E4
    { 23, 35, 379, 1, 34, 202, 13680 }, // U+00E5
    { 32, 22, 524, 1, 21, 176, 13882 }, // U+00E6
    { 18, 31, 321, 1, 21, 140, 14058 }, // U+00E7
    { 19, 32, 320, 1, 31, 152, 14198 }, // U+00E8
    { 20, 32, 320, 1, 31, 160, 14350 }, // U+00E9
    { 20, 31, 320, 1, 30, 155, 14510 }, // U+00EA
    { 21, 32, 320, 1, 31, 168, 14665 }, // U+00EB
    { 13, 32, 207, 1, 31, 104, 14833 }, // U+00EC
    { 16, 32, 207, 1, 31, 128, 14937 }, // U+00ED
    { 15, 31, 207, 1, 30, 117, 15065 }, // U+00EE
    { 16, 32, 207, 1, 31, 128, 15182 }, // U+00EF
    { 22, 32, 365, 1, 31, 176, 15310 }, // U+00F0
    { 24, 31, 385, 1, 30, 186, 15486 }, // U+00F1
    { 21, 32, 369, 1, 31, 168, 15672 }, // U+00F2
    { 21, 32, 369, 1, 31, 168, 15840 }, // U+00F3
    { 21, 31, 369, 1, 30, 163, 16008 }, // U+00F4
    { 22, 31, 369, 1, 30, 171, 16171 }, // U+00F5
    { 22, 32, 369, 1, 31, 176, 16342 }, // U+00F6
    { 26, 19, 667, 8, 22, 124, 16518 }, // U+00F7
    { 21, 28, 369, 1, 24, 147, 16642 }, // U+00F8
    { 24, 32, 383, 1, 31, 192, 16789 }, // U+00F9
    { 24, 32, 383, 1, 31, 192, 16981 }, // U+00FA
    { 24, 31, 383, 1, 30, 186, 17173 }, // U+00FB
    { 24, 32, 383, 1, 31, 192, 17359 }, // U+00FC
    { 29, 40, 362, -4, 31, 290, 17551 }, // U+00FD
    { 27, 41, 361, -5, 32, 277, 17841 }, // U+00FE
    { 29, 40, 362, -4, 31, 290, 18118 }, // U+00FF
    { 32, 37, 477, -3, 37, 296, 0 }, // U+0100
    { 23, 29, 379, 1, 28, 167, 296 }, // U+0101
    { 32, 39, 477, -3, 39, 312, 463 }, // U+0102
    { 23, 31, 379, 1, 30, 179, 775 }, // U+0103
    { 32, 38, 477, -3, 29, 304, 954 }, // U+0104
    { 23, 30, 379, 1, 21, 173, 1258 }, // U+0105
    { 27, 41, 448, 2, 40, 277, 1431 }, // U+0106
    { 21, 32, 321, 1, 31, 168, 1708 }, // U+0107
    { 27, 40, 448, 2, 39, 270, 1876 }, // U+0108
    { 20, 31, 321, 1, 30, 155, 2146 }, // U+0109
    { 27, 41, 448, 2, 40, 277, 2301 }, // U+010A
    { 18, 32, 321, 1, 31, 144, 2578 }, // U+010B
    { 27, 40, 448, 2, 39, 270, 2722 }, // U+010C
    { 22, 31, 321, 1, 30, 171, 2992 }, // U+010D
    { 31, 39, 475, -1, 39, 303, 3163 }, // U+010E
    { 31, 32, 459, 1, 31, 248, 3466 }, // U+010F
    { 31, 29, 475, -1, 29, 225, 3714 }, // U+0110
    { 26, 33, 377, 1, 32, 215, 3939 }, // U+0111
    { 28, 37, 400, -1, 37, 259, 4154 }, // U+0112
    { 21, 29, 320, 1, 28, 153, 4413 }, // U+0113
    { 28, 39, 400, -1, 39, 273, 4566 }, // U+0114
    { 21, 31, 320, 1, 30, 163, 4839 }, // U+0115
    { 28, 40, 400, -1, 40, 280, 5002 }, // U+0116
    { 19, 32, 320, 1, 31, 152, 5282 }, // U+0117
    { 28, 38, 400, -1, 29, 266, 5434 }, // U+0118
    { 19, 30, 320, 1, 21, 143, 5700 }, // U+0119
    { 28, 39, 400, -1, 39, 273, 5843 }, // U+011A
    { 22, 31, 320, 1, 30, 171, 6116 }, // U+011B
    { 29, 40, 487, 2, 39, 290, 6287 }, // U+011C
    { 25, 39, 324, -2, 30, 244, 6577 }, // U+011D
    { 29, 40, 487, 2, 39, 290, 6821 }, // U+011E
    { 25, 39, 324, -2, 30, 244, 7111 }, // U+011F
    { 29, 41, 487, 2, 40, 298, 7355 }, // U+0120
    { 25, 40, 324, -2, 31, 250, 7653 }, // U+0121
    { 29, 42, 487, 2, 30, 305, 7903 }, // U+0122
    { 25, 41, 324, -2, 32, 257, 8208 }, // U+0123
    { 35, 39, 511, -1, 39, 342, 8465 }, // U+0124
    { 24, 41, 377, 0, 40, 246, 8807 }, // U+0125
    { 35, 29, 511, -1, 29, 254, 9053 }, // U+0126
    { 24, 33, 377, 0, 32, 198, 9307 }, // U+0127
    { 21, 39, 237, -1, 39, 205, 9505 }, // U+0128
    { 17, 31, 207, 1, 30, 132, 9710 }, // U+0129
    { 19, 38, 237, -1, 38, 181, 9842 }, // U+012A
    { 14, 30, 207, 1, 29, 105, 10023 }, // U+012B
    { 20, 39, 237, -1, 39, 195, 10128 }, // U+012C
    { 16, 31, 207, 1, 30, 124, 10323 }, // U+012D
    { 18, 38, 237, -1, 29, 171, 10447 }, // U+012E
    { 12, 41, 207, 1, 32, 123, 10618 }, // U+012F
    { 18, 40, 237, -1, 40, 180, 10741 }, // U+0130
    { 12, 23, 207, 1, 22, 69, 10921 }, // U+0131
    { 39, 30, 577, -1, 29, 293, 10990 }, // U+0132
    { 26, 41, 419, 1, 32, 267, 11283 }, // U+0133
    { 27, 40, 340, -1, 39, 270, 11550 }, // U+0134
    { 22, 40, 212, -6, 30, 220, 11820 }, // U+0135
    { 32, 41, 466, -1, 29, 328, 12040 }, // U+0136
    { 23, 44, 367, 0, 32, 253, 12368 }, // U+0137
    { 23, 23, 359, 0, 22, 133, 12621 }, // U+0138
    { 24, 40, 373, -1, 40, 240, 12754 }, // U+0139
    { 18, 42, 204, 1, 41, 189, 12994 }, // U+013A
    { 24, 41, 373, -1, 29, 246, 13183 }, // U+013B
    { 14, 44, 204, -1, 32, 154, 13429 }, // U+013C
    { 26, 31, 373, -1, 31, 202, 13583 }, // U+013D
    { 19, 32, 276, 1, 31, 152, 13785 }, // U+013E
    { 30, 29, 462, -1, 29, 218, 13937 }, // U+013F
    { 18, 33, 293, 1, 32, 149, 14155 }, // U+0140
    { 24, 29, 373, -1, 29, 174, 14304 }, // U+0141
    { 17, 33, 211, -1, 32, 141, 14478 }, // U+0142
    { 35, 40, 502, -1, 40, 350, 14619 }, // U+0143
    { 24, 32, 385, 1, 31, 192, 14969 }, // U+0144
    { 35, 41, 502, -1, 29, 359, 15161 }, // U+0145
    { 24, 33, 385, 1, 21, 198, 15520 }, // U+0146
    { 35, 39, 502, -1, 39, 342, 15718 }, // U+0147
    { 24, 31, 385, 1, 30, 186, 16060 }, // U+0148
    { 32, 39, 511, -1, 30, 312, 16246 }, // U+014A
    { 22, 30, 375, 0, 21, 165, 16558 }, // U+014B
    { 29, 38, 501, 2, 37, 276, 16723 }, // U+014C
    { 22, 29, 369, 1, 28, 160, 16999 }, // U+014D
    { 29, 40, 501, 2, 39, 290, 17159 }, // U+014E
    { 22, 31, 369, 1, 30, 171, 17449 }, // U+014F
    { 31, 41, 501, 2, 40, 318, 17620 }, // U+0150
    { 27, 32, 369, 1, 31, 216, 17938 }, // U+0151
    { 44, 31, 698, 2, 30, 341, 18154 }, // U+0152
    { 32, 22, 525, 1, 21, 176, 18495 }, // U+0153
    { 29, 41, 455, -1, 40, 298, 18671 }, // U+0154
    { 20, 31, 279, 0, 31, 155, 18969 }, // U+0155
    { 29, 41, 455, -1, 29, 298, 19124 }, // U+0156
    { 22, 33, 279, -2, 21, 182, 19422 }, // U+0157
    { 29, 40, 455, -1, 39, 290, 19604 }, // U+0158
    { 20, 30, 279, 0, 30, 150, 19894 }, // U+0159
    { 25, 41, 375, -1, 40, 257, 20044 }, // U+015A
    { 20, 32, 277, -1, 31, 160, 20301 }, // U+015B
    { 25, 40, 375, -1, 39, 250, 20461 }, // U+015C
    { 20, 31, 277, -1, 30, 155, 20711 }, // U+015D
    { 25, 40, 375, -1, 30, 250, 20866 }, // U+015E
    { 18, 31, 277, -1, 21, 140, 21116 }, // U+015F
    { 26, 40, 375, -1, 39, 260, 21256 }, // U+0160
    { 22, 31, 277, -1, 30, 171, 21516 }, // U+0161
    { 28, 39, 419, 2, 29, 273, 21687 }, // U+0162
    { 17, 35, 230, 0, 25, 149, 21960 }, // U+0163
    { 28, 39, 419, 2, 39, 273, 22109 }, // U+0164
    { 20, 32, 263, 1, 31, 160, 22382 }, // U+0165
    { 28, 29, 419, 2, 29, 203, 22542 }, // U+0166
    { 17, 26, 230, 0, 25, 111, 22745 }, // U+0167
    { 31, 40, 499, 3, 39, 310, 22856 }, // U+0168
    { 24, 31, 383, 1, 30, 186, 23166 }, // U+0169
    { 31, 38, 499, 3, 37, 295, 23352 }, // U+016A
    { 24, 29, 383, 1, 28, 174, 23647 }, // U+016B
    { 31, 40, 499, 3, 39, 310, 23821 }, // U+016C
    { 24, 31, 383, 1, 30, 186, 24131 }, // U+016D
    { 31, 43, 499, 3, 42, 334, 24317 }, // U+016E
    { 24, 35, 383, 1, 34, 210, 24651 }, // U+016F
    { 31, 41, 499, 3, 40, 318, 24861 }, // U+0170
    { 28, 32, 383, 1, 31, 224, 25179 }, // U+0171
    { 31, 38, 499, 3, 29, 295, 25403 }, // U+0172
    { 24, 31, 383, 1, 22, 186, 25698 }, // U+0173
    { 41, 40, 646, 3, 39, 410, 25884 }, // U+0174
    { 32, 31, 501, 0, 30, 248, 26294 }, // U+0175
    { 29, 39, 454, 3, 39, 283, 26542 }, // U+0176
    { 29, 39, 362, -4, 30, 283, 26825 }, // U+0177
    { 29, 40, 454, 3, 40, 290, 27108 }, // U+0178
    { 28, 40, 403, -1, 40, 280, 27398 }, // U+0179
    { 22, 33, 328, -1, 31, 182, 27678 }, // U+017A
    { 28, 40, 403, -1, 40, 280, 27860 }, // U+017B
    { 22, 33, 328, -1, 31, 182, 28140 }, // U+017C
    { 28, 39, 403, -1, 39, 273, 28322 }, // U+017D
    { 22, 32, 328, -1, 30, 176, 28595 }, // U+017E
    { 27, 41, 241, -6, 32, 277, 28771 }, // U+017F
    { 35, 36, 538, 2, 35, 315, 0 }, // U+01A0
    { 27, 26, 433, 1, 25, 176, 315 }, // U+01A1
    { 37, 38, 584, 3, 37, 352, 491 }, // U+01AF
    { 29, 29, 455, 1, 28, 211, 843 }, // U+01B0
    { 58, 39, 878, -1, 39, 566, 1054 }, // U+01C4
    { 52, 32, 803, -1, 30, 416, 1620 }, // U+01C5
    { 45, 34, 705, 1, 32, 383, 2036 }, // U+01C6
    { 48, 30, 713, -1, 29, 360, 2419 }, // U+01C7
    { 38, 41, 585, -1, 32, 390, 2779 }, // U+01C8
    { 25, 41, 416, 1, 32, 257, 3169 }, // U+01C9
    { 56, 30, 842, -1, 29, 420, 3426 }, // U+01CA
    { 46, 41, 714, -1, 32, 472, 3846 }, // U+01CB
    { 37, 41, 597, 1, 32, 380, 4318 }, // U+01CC
    { 32, 39, 477, -3, 39, 312, 4698 }, // U+01CD
    { 24, 31, 379, 1, 30, 186, 5010 }, // U+01CE
    { 21, 39, 237, -1, 39, 205, 5196 }, // U+01CF
    { 17, 31, 207, 1, 30, 132, 5401 }, // U+01D0
    { 29, 40, 501, 2, 39, 290, 5533 }, // U+01D1
    { 22, 31, 369, 1, 30, 171, 5823 }, // U+01D2
    { 31, 40, 499, 3, 39, 310, 5994 }, // U+01D3
    { 24, 31, 383, 1, 30, 186, 6304 }, // U+01D4
    { 31, 47, 499, 3, 46, 365, 6490 }, // U+01D5
    { 24, 39, 383, 1, 38, 234, 6855 }, // U+01D6
    { 31, 50, 499, 3, 49, 388, 7089 }, // U+01D7
    { 24, 42, 383, 1, 41, 252, 7477 }, // U+01D8
    { 31, 49, 499, 3, 48, 380, 7729 }, // U+01D9
    { 24, 41, 383, 1, 40, 246, 8109 }, // U+01DA
    { 31, 50, 499, 3, 49, 388, 8355 }, // U+01DB
    { 24, 42, 383, 1, 41, 252, 8743 }, // U+01DC
    { 19, 22, 320, 0, 21, 105, 8995 }, // U+01DD
    { 32, 46, 477, -3, 46, 368, 9100 }, // U+01DE
    { 25, 38, 379, 1, 37, 238, 9468 }, // U+01DF
    { 32, 45, 477, -3, 45, 360, 9706 }, // U+01E0
    { 25, 38, 379, 1, 37, 238, 10066 }, // U+01E1
    { 46, 37, 652, -3, 37, 426, 10304 }, // U+01E2
    { 32, 29, 524, 1, 28, 232, 10730 }, // U+01E3
    { 29, 31, 487, 2, 30, 225, 10962 }, // U+01E4
    { 27, 30, 361, -2, 21, 203, 11187 }, // U+01E5
    { 29, 40, 487, 2, 39, 290, 11390 }, // U+01E6
    { 25, 39, 324, -2, 30, 244, 11680 }, // U+01E7
    { 32, 40, 466, -1, 39, 320, 11924 }, // U+01E8
    { 25, 41, 367, 0, 40, 257, 12244 }, // U+01E9
    { 29, 39, 501, 2, 30, 283, 12501 }, // U+01EA
    { 21, 30, 369, 1, 21, 158, 12784 }, // U+01EB
    { 29, 46, 501, 2, 37, 334, 12942 }, // U+01EC
    { 22, 38, 369, 1, 29, 209, 13276 }, // U+01ED
    { 29, 48, 410, -3, 39, 348, 13485 }, // U+01EE
    { 27, 39, 343, -3, 30, 264, 13833 }, // U+01EF
    { 24, 40, 212, -6, 30, 240, 14097 }, // U+01F0
    { 58, 29, 878, -1, 29, 421, 14337 }, // U+01F1
    { 52, 31, 803, -1, 29, 403, 14758 }, // U+01F2
    { 44, 34, 705, 1, 32, 374, 15161 }, // U+01F3
    { 29, 41, 487, 2, 40, 298, 15535 }, // U+01F4
    { 25, 40, 324, -2, 31, 250, 15833 }, // U+01F5
    { 45, 30, 726, -2, 29, 338, 16083 }, // U+01F6
    { 31, 39, 413, -4, 30, 303, 16421 }, // U+01F7
    { 35, 40, 502, -1, 40, 350, 16724 }, // U+01F8
    { 24, 32, 385, 1, 31, 192, 17074 }, // U+01F9
    { 32, 51, 477, -3, 51, 408, 17266 }, // U+01FA
    { 24, 44, 379, 1, 43, 264, 17674 }, // U+01FB
    { 46, 40, 652, -3, 40, 460, 17938 }, // U+01FC
    { 32, 32, 524, 1, 31, 256, 18398 }, // U+01FD
    { 29, 44, 501, 2, 40, 319, 18654 }, // U+01FE
    { 21, 35, 369, 1, 31, 184, 18973 }, // U+01FF
    { 32, 40, 477, -3, 40, 320, 19157 }, // U+0200
    { 24, 32, 379, 1, 31, 192, 19477 }, // U+0201
    { 32, 40, 477, -3, 40, 320, 19669 }, // U+0202
    { 23, 32, 379, 1, 31, 184, 19989 }, // U+0203
    { 28, 40, 400, -1, 40, 280, 20173 }, // U+0204
    { 22, 32, 320, 1, 31, 176, 20453 }, // U+0205
    { 28, 40, 400, -1, 40, 280, 20629 }, // U+0206
    { 20, 32, 320, 1, 31, 160, 20909 }, // U+0207
    { 21, 40, 237, -1, 40, 210, 21069 }, // U+0208
    { 21, 32, 207, -3, 31, 168, 21279 }, // U+0209
    { 19, 40, 237, -1, 40, 190, 21447 }, // U+020A
    { 15, 32, 207, 1, 31, 120, 21637 }, // U+020B
    { 29, 41, 501, 2, 40, 298, 21757 }, // U+020C
    { 22, 32, 369, 1, 31, 176, 22055 }, // U+020D
    { 29, 41, 501, 2, 40, 298, 22231 }, // U+020E
    { 21, 32, 369, 1, 31, 168, 22529 }, // U+020F
    { 29, 41, 455, -1, 40, 298, 22697 }, // U+0210
    { 20, 31, 279, 0, 31, 155, 22995 }, // U+0211
    { 29, 41, 455, -1, 40, 298, 23150 }, // U+0212
    { 20, 31, 279, 0, 31, 155, 23448 }, // U+0213
    { 31, 41, 499, 3, 40, 318, 23603 }, // U+0214
    { 24, 32, 383, 1, 31, 192, 23921 }, // U+0215
    { 31, 41, 499, 3, 40, 318, 24113 }, // U+0216
    { 24, 32, 383, 1, 31, 192, 24431 }, // U+0217
    { 25, 42, 375, -1, 30, 263, 24623 }, // U+0218
    { 18, 33, 277, -1, 21, 149, 24886 }, // U+0219
    { 28, 41, 419, 2, 29, 287, 25035 }, // U+021A
    { 17, 37, 230, 0, 25, 158, 25322 }, // U+021B
    { 24, 37, 372, -1, 30, 222, 25480 }, // U+021C
    { 20, 31, 284, -2, 21, 155, 25702 }, // U+021D
    { 35, 39, 511, -1, 39, 342, 25857 }, // U+021E
    { 25, 41, 377, 0, 40, 257, 26199 }, // U+021F
    { 12, 8, 0, -16, 31, 24, 0 }, // U+0300
    { 12, 8, 0, -13, 31, 24, 24 }, // U+0301
    { 16, 7, 0, -17, 30, 28, 48 }, // U+0302
    { 17, 5, 0, -17, 30, 22, 76 }, // U+0303
    { 16, 3, 0, -16, 28, 12, 98 }, // U+0304
    { 30, 3, 0, -22, 33, 23, 110 }, // U+0305
    { 14, 7, 0, -15, 30, 25, 133 }, // U+0306
    { 7, 6, 0, -12, 31, 11, 158 }, // U+0307
    { 16, 6, 0, -16, 31, 24, 169 }, // U+0308
    { 9, 9, 0, -12, 32, 21, 193 }, // U+0309
    { 11, 11, 0, -13, 34, 31, 214 }, // U+030A
    { 22, 8, 0, -17, 31, 44, 245 }, // U+030B
    { 15, 7, 0, -15, 30, 27, 289 }, // U+030C
    { 5, 8, 0, -11, 31, 10, 316 }, // U+030D
    { 11, 8, 0, -14, 31, 22, 326 }, // U+030E
    { 21, 8, 0, -21, 31, 42, 348 }, // U+030F
    { 14, 12, 0, -15, 35, 42, 390 }, // U+0310
    { 14, 8, 0, -16, 31, 28, 432 }, // U+0311
    { 8, 9, 0, -12, 32, 18, 460 }, // U+0312
    { 8, 9, 0, -12, 32, 18, 478 }, // U+0313
    { 8, 14, 0, -12, 37, 28, 496 }, // U+0314
    { 9, 9, 103, 2, 36, 21, 524 }, // U+0315
    { 12, 8, 0, -21, -2, 24, 545 }, // U+0316
    { 12, 8, 0, -21, -2, 24, 569 }, // U+0317
    { 8, 9, 0, -19, -2, 18, 593 }, // U+0318
    { 8, 9, 0, -19, -2, 18, 611 }, // U+0319
    { 10, 10, 184, 4, 30, 25, 629 }, // U+031A
    { 9, 12, 77, -3, 27, 27, 654 }, // U+031B
    { 7, 10, 0, -18, -2, 18, 681 }, // U+031C
    { 9, 6, 0, -20, -2, 14, 699 }, // U+031D
    { 9, 7, 0, -19, -3, 16, 713 }, // U+031E
    { 9, 9, 0, -20, -2, 21, 729 }, // U+031F
    { 11, 3, 0, -20, -3, 9, 750 }, // U+0320
    { 14, 11, 0, -14, 1, 39, 759 }, // U+0321
    { 13, 11, 0, -5, 1, 36, 798 }, // U+0322
    { 6, 6, 0, -18, -4, 9, 834 }, // U+0323
    { 16, 6, 0, -23, -3, 24, 843 }, // U+0324
    { 12, 11, 0, -21, -2, 33, 867 }, // U+0325
    { 8, 9, 0, -19, -3, 18, 900 }, // U+0326
    { 10, 11, 0, -19, 1, 28, 918 }, // U+0327
    { 9, 9, 0, -18, 0, 21, 946 }, // U+0328
    { 6, 8, 0, -18, -2, 12, 967 }, // U+0329
    { 12, 7, 0, -21, -2, 21, 979 }, // U+032A
    { 15, 8, 0, -22, -2, 30, 1000 }, // U+032B
    { 15, 7, 0, -22, -3, 27, 1030 }, // U+032C
    { 15, 8, 0, -23, -3, 30, 1057 }, // U+032D
    { 14, 7, 0, -21, -2, 25, 1087 }, // U+032E
    { 15, 8, 0, -23, -2, 30, 1112 }, // U+032F
    { 16, 5, 0, -23, -4, 20, 1142 }, // U+0330
    { 16, 3, 0, -22, -4, 12, 1162 }, // U+0331
    { 30, 3, 0, -30, -4, 23, 1174 }, // U+0332
    { 31, 9, 0, -31, -4, 70, 1197 }, // U+0333
    { 17, 5, 0, -20, 13, 22, 1267 }, // U+0334
    { 15, 3, 0, -19, 12, 12, 1289 }, // U+0335
    { 26, 3, 0, -25, 12, 20, 1301 }, // U+0336
    { 20, 28, 0, -22, 24, 140, 1321 }, // U+0337
    { 22, 35, 0, -23, 27, 193, 1461 }, // U+0338
    { 7, 10, 0, -19, -2, 18, 1654 }, // U+0339
    { 12, 7, 0, -21, -2, 21, 1672 }, // U+033A
    { 15, 10, 0, -23, -2, 38, 1693 }, // U+033B
    { 15, 5, 0, -23, -3, 19, 1731 }, // U+033C
    { 14, 8, 0, -15, 31, 28, 1750 }, // U+033D
    { 9, 16, 0, -12, 38, 36, 1778 }, // U+033E
    { 32, 9, 0, -24, 34, 72, 1814 }, // U+033F
    { 13, 7, 0, -15, 29, 23, 1886 }, // U+0346
    { 19, 9, 0, -25, -4, 43, 1909 }, // U+0347
    { 10, 8, 0, -20, -2, 20, 1952 }, // U+0348
    { 10, 10, 0, -19, -2, 25, 1972 }, // U+0349
    { 18, 11, 0, -17, 33, 50, 1997 }, // U+034A
    { 17, 11, 0, -16, 35, 47, 2047 }, // U+034B
    { 20, 11, 0, -18, 33, 55, 2094 }, // U+034C
    { 15, 6, 0, -22, -1, 23, 2149 }, // U+034D
    { 8, 9, 0, -19, -3, 18, 2172 }, // U+034E
    { 0, 0, 0, 0, 0, 0, 2190 }, // U+034F
    { 20, 14, 0, -17, 38, 70, 2190 }, // U+0350
    { 7, 11, 0, -11, 34, 20, 2260 }, // U+0351
    { 15, 11, 0, -16, 34, 42, 2280 }, // U+0352
    { 10, 10, 0, -20, -3, 25, 2322 }, // U+0353
    { 19, 14, 0, -26, -2, 67, 2347 }, // U+0354
    { 19, 14, 0, -24, -1, 67, 2414 }, // U+0355
    { 35, 17, 0, -32, 1, 149, 2481 }, // U+0356
    { 7, 11, 0, -12, 34, 20, 2630 }, // U+0357
    { 7, 6, 107, 2, 31, 11, 2650 }, // U+0358
    { 12, 13, 0, -21, -1, 39, 2661 }, // U+0359
    { 20, 11, 0, -25, -2, 55, 2700 }, // U+035A
    { 9, 9, 0, -13, 32, 21, 2755 }, // U+035B
    { 33, 8, 0, -21, -10, 66, 2776 }, // U+035C
    { 32, 9, 0, -10, 42, 72, 2842 }, // U+035D
    { 30, 3, 0, -10, 39, 23, 2914 }, // U+035E
    { 30, 3, 0, -20, -14, 23, 2937 }, // U+035F
    { 40, 8, 0, -15, 41, 80, 2960 }, // U+0360
    { 33, 8, 0, -12, 41, 66, 3040 }, // U+0361
    { 39, 14, 0, -24, -9, 137, 3106 }, // U+0362
    { 15, 12, 0, -16, 35, 45, 3243 }, // U+0363
    { 12, 12, 0, -14, 35, 36, 3288 }, // U+0364
    { 8, 19, 0, -12, 42, 38, 3324 }, // U+0365
    { 14, 13, 0, -15, 36, 46, 3362 }, // U+0366
    { 15, 13, 0, -16, 36, 49, 3408 }, // U+0367
    { 12, 13, 0, -14, 36, 39, 3457 }, // U+0368
    { 15, 19, 0, -16, 42, 72, 3496 }, // U+0369
    { 15, 18, 0, -16, 41, 68, 3568 }, // U+036A
    { 21, 14, 0, -19, 37, 74, 3636 }, // U+036B
    { 12, 12, 0, -13, 35, 36, 3710 }, // U+036C
    { 10, 15, 0, -12, 38, 38, 3746 }, // U+036D
    { 14, 12, 0, -14, 35, 42, 3784 }, // U+036E
    { 17, 12, 0, -17, 35, 51, 3826 }, // U+036F
    { 29, 33, 417, -2, 32, 240, 0 }, // U+03BB
    { 28, 40, 400, -1, 40, 280, 0 }, // U+0400
    { 28, 40, 400, -1, 40, 280, 280 }, // U+0401
    { 29, 30, 500, 1, 29, 218, 560 }, // U+0402
    { 28, 40, 378, -1, 40, 280, 778 }, // U+0403
    { 27, 31, 446, 2, 30, 210, 1058 }, // U+0404
    { 25, 31, 375, -1, 30, 194, 1268 }, // U+0405
    { 18, 29, 237, -1, 29, 131, 1462 }, // U+0406
    { 21, 40, 237, -1, 40, 210, 1593 }, // U+0407
    { 25, 30, 340, -1, 29, 188, 1803 }, // U+0408
    { 42, 30, 635, -3, 29, 315, 1991 }, // U+0409
    { 40, 29, 642, -1, 29, 290, 2306 }, // U+040A
    { 29, 29, 501, 1, 29, 211, 2596 }, // U+040B
    { 33, 40, 451, -1, 40, 330, 2807 }, // U+040C
    { 35, 40, 500, -1, 40, 350, 3137 }, // U+040D
    { 32, 41, 485, 2, 40, 328, 3487 }, // U+040E
    { 35, 38, 510, -1, 29, 333, 3815 }, // U+040F
    { 32, 30, 477, -3, 30, 240, 4148 }, // U+0410
    { 28, 29, 423, -2, 29, 203, 4388 }, // U+0411
    { 27, 29, 433, -1, 29, 196, 4591 }, // U+0412
    { 28, 29, 378, -1, 29, 203, 4787 }, // U+0413
    { 38, 38, 494, -4, 29, 361, 4990 }, // U+0414
    { 28, 29, 400, -1, 29, 203, 5351 }, // U+0415
    { 46, 30, 643, -2, 30, 345, 5554 }, // U+0416
    { 25, 31, 376, -1, 30, 194, 5899 }, // U+0417
    { 35, 29, 500, -1, 29, 254, 6093 }, // U+0418
    { 35, 40, 500, -1, 40, 350, 6347 }, // U+0419
    { 33, 30, 451, -1, 30, 248, 6697 }, // U+041A
    { 36, 30, 487, -3, 29, 270, 6945 }, // U+041B
    { 41, 29, 603, -1, 29, 298, 7215 }, // U+041C
    { 35, 29, 511, -1, 29, 254, 7513 }, // U+041D
    { 29, 31, 501, 2, 30, 225, 7767 }, // U+041E
    { 35, 29, 510, -1, 29, 254, 7992 }, // U+041F
    { 27, 29, 405, -1, 29, 196, 8246 }, // U+0420
    { 27, 31, 448, 2, 30, 210, 8442 }, // U+0421
    { 28, 29, 419, 2, 29, 203, 8652 }, // U+0422
    { 32, 30, 485, 2, 29, 240, 8855 }, // U+0423
    { 35, 29, 571, 1, 29, 254, 9095 }, // U+0424
    { 33, 29, 450, -2, 29, 240, 9349 }, // U+0425
    { 35, 38, 510, -1, 29, 333, 9589 }, // U+0426
    { 28, 29, 449, 3, 29, 203, 9922 }, // U+0427
    { 46, 29, 671, -1, 29, 334, 10125 }, // U+0428
    { 46, 38, 671, -1, 29, 437, 10459 }, // U+0429
    { 27, 29, 471, 1, 29, 196, 10896 }, // U+042A
    { 42, 29, 609, -1, 29, 305, 11092 }, // U+042B
    { 26, 29, 405, -1, 29, 189, 11397 }, // U+042C
    { 28, 31, 447, 0, 30, 217, 11586 }, // U+042D
    { 44, 31, 680, -1, 30, 341, 11803 }, // U+042E
    { 34, 30, 469, -2, 29, 255, 12144 }, // U+042F
    { 23, 23, 379, 1, 22, 133, 12399 }, // U+0430
    { 25, 31, 375, 1, 30, 194, 12532 }, // U+0431
    { 22, 23, 367, 1, 22, 127, 12726 }, // U+0432
    { 20, 23, 311, 0, 22, 115, 12853 }, // U+0433
    { 21, 33, 357, 1, 32, 174, 12968 }, // U+0434
    { 19, 23, 320, 1, 22, 110, 13142 }, // U+0435
    { 40, 22, 639, 0, 21, 220, 13252 }, // U+0436
    { 20, 23, 320, -1, 22, 115, 13472 }, // U+0437
    { 24, 23, 383, 1, 22, 138, 13587 }, // U+0438
    { 24, 32, 383, 1, 31, 192, 13725 }, // U+0439
    { 23, 23, 359, 0, 22, 133, 13917 }, // U+043A
    { 29, 22, 413, -3, 21, 160, 14050 }, // U+043B
    { 35, 22, 491, -3, 21, 193, 14210 }, // U+043C
    { 25, 23, 384, 0, 22, 144, 14403 }, // U+043D
    { 21, 23, 369, 1, 22, 121, 14547 }, // U+043E
    { 24, 23, 385, 1, 22, 138, 14668 }, // U+043F
    { 27, 31, 361, -5, 21, 210, 14806 }, // U+0440
    { 18, 22, 321, 1, 21, 99, 15016 }, // U+0441
    { 35, 22, 551, 0, 21, 193, 15115 }, // U+0442
    { 29, 31, 362, -4, 21, 225, 15308 }, // U+0443
    { 31, 42, 513, 1, 32, 326, 15533 }, // U+0444
    { 26, 22, 384, -1, 21, 143, 15859 }, // U+0445
    { 24, 31, 383, 1, 22, 186, 16002 }, // U+0446
    { 21, 22, 333, 0, 21, 116, 16188 }, // U+0447
    { 35, 23, 544, 0, 22, 202, 16304 }, // U+0448
    { 35, 31, 544, 0, 22, 272, 16506 }, // U+0449
    { 23, 22, 376, 0, 21, 127, 16778 }, // U+044A
    { 30, 23, 469, 0, 22, 173, 16905 }, // U+044B
    { 19, 23, 316, 0, 22, 110, 17078 }, // U+044C
    { 21, 23, 331, -1, 22, 121, 17188 }, // U+044D
    { 34, 23, 521, -2, 22, 196, 17309 }, // U+044E
    { 25, 22, 344, -3, 21, 138, 17505 }, // U+044F
    { 19, 32, 320, 1, 31, 152, 17643 }, // U+0450
    { 21, 32, 320, 1, 31, 168, 17795 }, // U+0451
    { 24, 40, 394, 0, 32, 240, 17963 }, // U+0452
    { 20, 32, 311, 0, 31, 160, 18203 }, // U+0453
    { 21, 23, 331, 1, 22, 121, 18363 }, // U+0454
    { 18, 23, 277, -1, 22, 104, 18484 }, // U+0455
    { 12, 33, 207, 1, 32, 99, 18588 }, // U+0456
    { 16, 32, 207, 1, 31, 128, 18687 }, // U+0457
    { 20, 41, 212, -6, 32, 205, 18815 }, // U+0458
    { 32, 23, 471, -3, 22, 184, 19020 }, // U+0459
    { 30, 23, 494, 0, 22, 173, 19204 }, // U+045A
    { 24, 33, 377, 0, 32, 198, 19377 }, // U+045B
    { 23, 32, 359, 0, 31, 184, 19575 }, // U+045C
    { 24, 32, 383, 1, 31, 192, 19759 }, // U+045D
    { 29, 41, 362, -4, 31, 298, 19951 }, // U+045E
    { 24, 31, 383, 1, 22, 186, 20249 }, // U+045F
    { 27, 30, 479, 2, 30, 203, 20435 }, // U+0462
    { 29, 23, 478, 0, 22, 167, 20638 }, // U+0463
    { 30, 31, 510, 2, 30, 233, 20805 }, // U+0472
    { 24, 23, 389, 0, 22, 138, 21038 }, // U+0473
    { 33, 31, 488, 3, 30, 256, 21176 }, // U+0474
    { 28, 22, 401, 0, 22, 154, 21432 }, // U+0475
    { 35, 47, 500, -1, 40, 412, 21586 }, // U+048A
    { 24, 37, 383, 1, 30, 222, 21998 }, // U+048B
    { 26, 32, 405, -1, 32, 208, 22220 }, // U+048C
    { 19, 26, 316, 0, 25, 124, 22428 }, // U+048D
    { 27, 29, 371, -1, 29, 196, 22552 }, // U+048E
    { 27, 31, 361, -5, 21, 210, 22748 }, // U+048F
    { 27, 34, 345, -1, 34, 230, 22958 }, // U+0490
    { 17, 25, 267, 1, 25, 107, 23188 }, // U+0491
    { 28, 29, 378, -1, 29, 203, 23295 }, // U+0492
    { 20, 23, 311, 0, 22, 115, 23498 }, // U+0493
    { 27, 38, 429, -1, 29, 257, 23613 }, // U+0494
    { 20, 30, 333, 1, 21, 150, 23870 }, // U+0495
    { 46, 39, 643, -2, 30, 449, 24020 }, // U+0496
    { 40, 30, 639, 0, 21, 300, 24469 }, // U+0497
    { 25, 39, 376, -1, 30, 244, 24769 }, // U+0498
    { 20, 31, 320, -1, 22, 155, 25013 }, // U+0499
    { 33, 39, 451, -1, 30, 322, 25168 }, // U+049A
    { 23, 31, 359, 0, 22, 179, 25490 }, // U+049B
    { 35, 30, 484, -1, 30, 263, 25669 }, // U+049C
    { 25, 23, 390, 0, 22, 144, 25932 }, // U+049D
    { 33, 30, 451, -1, 30, 248, 26076 }, // U+049E
    { 23, 33, 359, 0, 32, 190, 26324 }, // U+049F
    { 34, 30, 526, 2, 30, 255, 26514 }, // U+04A0
    { 26, 23, 425, 1, 22, 150, 26769 }, // U+04A1
    { 35, 38, 511, -1, 29, 333, 26919 }, // U+04A2
    { 25, 31, 384, 0, 22, 194, 27252 }, // U+04A3
    { 41, 29, 588, -1, 29, 298, 27446 }, // U+04A4
    { 30, 23, 463, 0, 22, 173, 27744 }, // U+04A5
    { 41, 38, 651, -1, 29, 390, 27917 }, // U+04A6
    { 32, 30, 539, 1, 21, 240, 28307 }, // U+04A7
    { 33, 31, 514, 1, 30, 256, 28547 }, // U+04A8
    { 26, 23, 441, 1, 22, 150, 28803 }, // U+04A9
    { 27, 39, 448, 2, 30, 264, 28953 }, // U+04AA
    { 18, 30, 321, 1, 21, 135, 29217 }, // U+04AB
    { 28, 38, 419, 2, 29, 266, 29352 }, // U+04AC
    { 35, 30, 551, 0, 21, 263, 29618 }, // U+04AD
    { 29, 29, 454, 3, 29, 211, 29881 }, // U+04AE
    { 25, 31, 362, 0, 22, 194, 30092 }, // U+04AF
    { 29, 29, 454, 3, 29, 211, 30286 }, // U+04B0
    { 25, 31, 362, 0, 22, 194, 30497 }, // U+04B1
    { 33, 38, 450, -2, 29, 314, 30691 }, // U+04B2
    { 26, 31, 384, -1, 21, 202, 31005 }, // U+04B3
    { 39, 38, 606, 2, 29, 371, 31207 }, // U+04B4
    { 24, 37, 383, 1, 28, 222, 31578 }, // U+04B5
    { 28, 38, 449, 3, 29, 266, 31800 }, // U+04B6
    { 21, 31, 333, 0, 21, 163, 32066 }, // U+04B7
    { 28, 28, 456, 3, 28, 196, 32229 }, // U+04B8
    { 24, 22, 366, 0, 21, 132, 32425 }, // U+04B9
    { 27, 29, 445, -1, 29, 196, 32557 }, // U+04BA
    { 24, 33, 377, 0, 32, 198, 32753 }, // U+04BB
    { 35, 30, 549, 0, 29, 263, 32951 }, // U+04BC
    { 26, 23, 410, 0, 22, 150, 33214 }, // U+04BD
    { 35, 38, 549, 0, 29, 333, 33364 }, // U+04BE
    { 26, 31, 410, 0, 22, 202, 33697 }, // U+04BF
    { 18, 29, 237, -1, 29, 131, 33899 }, // U+04C0
    { 46, 40, 643, -2, 40, 460, 34030 }, // U+04C1
    { 40, 32, 639, 0, 31, 320, 34490 }, // U+04C2
    { 33, 39, 451, -1, 30, 322, 34810 }, // U+04C3
    { 23, 31, 359, 0, 22, 179, 35132 }, // U+04C4
    { 36, 36, 487, -3, 29, 324, 35311 }, // U+04C5
    { 29, 28, 413, -3, 21, 203, 35635 }, // U+04C6
    { 35, 38, 511, -1, 29, 333, 35838 }, // U+04C7
    { 23, 31, 379, 0, 22, 179, 36171 }, // U+04C8
    { 35, 36, 479, -1, 29, 315, 36350 }, // U+04C9
    { 25, 29, 384, 0, 22, 182, 36665 }, // U+04CA
    { 28, 38, 449, 3, 29, 266, 36847 }, // U+04CB
    { 20, 29, 333, 0, 22, 145, 37113 }, // U+04CC
    { 41, 36, 593, -1, 29, 369, 37258 }, // U+04CD
    { 35, 28, 491, -3, 21, 245, 37627 }, // U+04CE
    { 18, 31, 225, -1, 31, 140, 37872 }, // U+04CF
    { 32, 40, 477, -3, 40, 320, 38012 }, // U+04D0
    { 23, 32, 379, 1, 31, 184, 38332 }, // U+04D1
    { 32, 40, 477, -3, 40, 320, 38516 }, // U+04D2
    { 23, 32, 379, 1, 31, 184, 38836 }, // U+04D3
    { 46, 29, 652, -3, 29, 334, 39020 }, // U+04D4
    { 32, 22, 524, 1, 21, 176, 39354 }, // U+04D5
    { 28, 40, 400, -1, 40, 280, 39530 }, // U+04D6
    { 20, 32, 320, 1, 31, 160, 39810 }, // U+04D7
    { 28, 30, 453, 1, 29, 210, 39970 }, // U+04D8
    { 19, 22, 320, 0, 21, 105, 40180 }, // U+04D9
    { 28, 41, 453, 1, 40, 287, 40285 }, // U+04DA
    { 20, 32, 320, 0, 31, 160, 40572 }, // U+04DB
    { 46, 40, 643, -2, 40, 460, 40732 }, // U+04DC
    { 40, 32, 639, 0, 31, 320, 41192 }, // U+04DD
    { 25, 41, 376, -1, 40, 257, 41512 }, // U+04DE
    { 22, 32, 320, -1, 31, 176, 41769 }, // U+04DF
    { 27, 30, 410, 0, 29, 203, 41945 }, // U+04E0
    { 27, 31, 343, -3, 22, 210, 42148 }, // U+04E1
    { 35, 37, 500, -1, 37, 324, 42358 }, // U+04E2
    { 24, 29, 383, 1, 28, 174, 42682 }, // U+04E3
    { 35, 40, 500, -1, 40, 350, 42856 }, // U+04E4
    { 24, 32, 383, 1, 31, 192, 43206 }, // U+04E5
    { 29, 41, 501, 2, 40, 298, 43398 }, // U+04E6
    { 22, 32, 369, 1, 31, 176, 43696 }, // U+04E7
    { 29, 31, 501, 2, 30, 225, 43872 }, // U+04E8
    { 21, 22, 369, 1, 21, 116, 44097 }, // U+04E9
    { 29, 41, 501, 2, 40, 298, 44213 }, // U+04EA
    { 22, 32, 369, 1, 31, 176, 44511 }, // U+04EB
    { 28, 41, 447, 0, 40, 287, 44687 }, // U+04EC
    { 22, 32, 331, -1, 31, 176, 44974 }, // U+04ED
    { 32, 38, 485, 2, 37, 304, 45150 }, // U+04EE
    { 29, 38, 362, -4, 28, 276, 45454 }, // U+04EF
    { 32, 41, 485, 2, 40, 328, 45730 }, // U+04F0
    { 29, 41, 362, -4, 31, 298, 46058 }, // U+04F1
    { 32, 41, 485, 2, 40, 328, 46356 }, // U+04F2
    { 31, 41, 362, -4, 31, 318, 46684 }, // U+04F3
    { 28, 40, 449, 3, 40, 280, 47002 }, // U+04F4
    { 21, 32, 333, 0, 31, 168, 47282 }, // U+04F5
    { 28, 38, 378, -1, 29, 266, 47450 }, // U+04F6
    { 20, 31, 311, 0, 22, 155, 47716 }, // U+04F7
    { 42, 40, 609, -1, 40, 420, 47871 }, // U+04F8
    { 30, 32, 469, 0, 31, 240, 48291 }, // U+04F9
    { 28, 39, 378, -1, 29, 273, 48531 }, // U+04FA
    { 20, 32, 311, 0, 22, 160, 48804 }, // U+04FB
    { 33, 38, 450, -2, 29, 314, 48964 }, // U+04FC
    { 26, 30, 384, -1, 21, 195, 49278 }, // U+04FD
    { 33, 29, 450, -2, 29, 240, 49473 }, // U+04FE
    { 26, 22, 384, -1, 21, 143, 49713 }, // U+04FF
    { 32, 39, 477, -3, 29, 312, 0 }, // U+1EA0
    { 23, 31, 379, 1, 21, 179, 312 }, // U+1EA1
    { 32, 41, 477, -3, 41, 328, 491 }, // U+1EA2
    { 23, 33, 379, 1, 32, 190, 819 }, // U+1EA3
    { 32, 48, 477, -3, 48, 384, 1009 }, // U+1EA4
    { 23, 41, 379, 1, 40, 236, 1393 }, // U+1EA5
    { 32, 48, 477, -3, 48, 384, 1629 }, // U+1EA6
    { 23, 41, 379, 1, 40, 236, 2013 }, // U+1EA7
    { 32, 49, 477, -3, 49, 392, 2249 }, // U+1EA8
    { 23, 42, 379, 1, 41, 242, 2641 }, // U+1EA9
    { 32, 47, 477, -3, 47, 376, 2883 }, // U+1EAA
    { 24, 40, 379, 1, 39, 240, 3259 }, // U+1EAB
    { 32, 49, 477, -3, 39, 392, 3499 }, // U+1EAC
    { 23, 40, 379, 1, 30, 230, 3891 }, // U+1EAD
    { 32, 48, 477, -3, 48, 384, 4121 }, // U+1EAE
    { 23, 41, 379, 1, 40, 236, 4505 }, // U+1EAF
    { 32, 48, 477, -3, 48, 384, 4741 }, // U+1EB0
    { 23, 41, 379, 1, 40, 236, 5125 }, // U+1EB1
    { 32, 49, 477, -3, 49, 392, 5361 }, // U+1EB2
    { 23, 42, 379, 1, 41, 242, 5753 }, // U+1EB3
    { 32, 47, 477, -3, 47, 376, 5995 }, // U+1EB4
    { 24, 40, 379, 1, 39, 240, 6371 }, // U+1EB5
    { 32, 49, 477, -3, 39, 392, 6611 }, // U+1EB6
    { 23, 40, 379, 1, 30, 230, 7003 }, // U+1EB7
    { 28, 39, 400, -1, 29, 273, 7233 }, // U+1EB8
    { 19, 31, 320, 1, 21, 148, 7506 }, // U+1EB9
    { 28, 41, 400, -1, 41, 287, 7654 }, // U+1EBA
    { 19, 33, 320, 1, 32, 157, 7941 }, // U+1EBB
    { 28, 39, 400, -1, 39, 273, 8098 }, // U+1EBC
    { 21, 31, 320, 1, 30, 163, 8371 }, // U+1EBD
    { 28, 48, 400, -1, 48, 336, 8534 }, // U+1EBE
    { 21, 41, 320, 1, 40, 216, 8870 }, // U+1EBF
    { 28, 48, 400, -1, 48, 336, 9086 }, // U+1EC0
    { 20, 41, 320, 1, 40, 205, 9422 }, // U+1EC1
    { 28, 49, 400, -1, 49, 343, 9627 }, // U+1EC2
    { 20, 42, 320, 1, 41, 210, 9970 }, // U+1EC3
    { 28, 47, 400, -1, 47, 329, 10180 }, // U+1EC4
    { 22, 40, 320, 1, 39, 220, 10509 }, // U+1EC5
    { 28, 49, 400, -1, 39, 343, 10729 }, // U+1EC6
    { 20, 40, 320, 1, 30, 200, 11072 }, // U+1EC7
    { 18, 41, 237, -1, 41, 185, 11272 }, // U+1EC8
    { 13, 33, 207, 1, 32, 108, 11457 }, // U+1EC9
    { 18, 39, 237, -1, 29, 176, 11565 }, // U+1ECA
    { 13, 42, 207, 0, 32, 137, 11741 }, // U+1ECB
    { 29, 40, 501, 2, 30, 290, 11878 }, // U+1ECC
    { 21, 31, 369, 1, 21, 163, 12168 }, // U+1ECD
    { 29, 42, 501, 2, 41, 305, 12331 }, // U+1ECE
    { 21, 33, 369, 1, 32, 174, 12636 }, // U+1ECF
    { 29, 49, 501, 2, 48, 356, 12810 }, // U+1ED0
    { 22, 41, 369, 1, 40, 226, 13166 }, // U+1ED1
    { 29, 49, 501, 2, 48, 356, 13392 }, // U+1ED2
    { 21, 41, 369, 1, 40, 216, 13748 }, // U+1ED3
    { 29, 50, 501, 2, 49, 363, 13964 }, // U+1ED4
    { 21, 42, 369, 1, 41, 221, 14327 }, // U+1ED5
    { 29, 48, 501, 2, 47, 348, 14548 }, // U+1ED6
    { 23, 40, 369, 1, 39, 230, 14896 }, // U+1ED7
    { 29, 49, 501, 2, 39, 356, 15126 }, // U+1ED8
    { 21, 40, 369, 1, 30, 210, 15482 }, // U+1ED9
    { 35, 41, 538, 2, 40, 359, 15692 }, // U+1EDA
    { 27, 32, 433, 1, 31, 216, 16051 }, // U+1EDB
    { 35, 41, 538, 2, 40, 359, 16267 }, // U+1EDC
    { 27, 32, 433, 1, 31, 216, 16626 }, // U+1EDD
    { 35, 42, 538, 2, 41, 368, 16842 }, // U+1EDE
    { 27, 33, 433, 1, 32, 223, 17210 }, // U+1EDF
    { 35, 40, 538, 2, 39, 350, 17433 }, // U+1EE0
    { 27, 31, 433, 1, 30, 210, 17783 }, // U+1EE1
    { 35, 45, 538, 2, 35, 394, 17993 }, // U+1EE2
    { 27, 35, 433, 1, 25, 237, 18387 }, // U+1EE3
    { 31, 39, 499, 3, 29, 303, 18624 }, // U+1EE4
    { 24, 32, 383, 1, 22, 192, 18927 }, // U+1EE5
    { 31, 42, 499, 3, 41, 326, 19119 }, // U+1EE6
    { 24, 33, 383, 1, 32, 198, 19445 }, // U+1EE7
    { 37, 41, 584, 3, 40, 380, 19643 }, // U+1EE8
    { 29, 32, 455, 1, 31, 232, 20023 }, // U+1EE9
    { 37, 41, 584, 3, 40, 380, 20255 }, // U+1EEA
    { 29, 32, 455, 1, 31, 232, 20635 }, // U+1EEB
    { 37, 42, 584, 3, 41, 389, 20867 }, // U+1EEC
    { 29, 33, 455, 1, 32, 240, 21256 }, // U+1EED
    { 37, 40, 584, 3, 39, 370, 21496 }, // U+1EEE
    { 29, 31, 455, 1, 30, 225, 21866 }, // U+1EEF
    { 37, 47, 584, 3, 37, 435, 22091 }, // U+1EF0
    { 29, 38, 455, 1, 28, 276, 22526 }, // U+1EF1
    { 29, 40, 454, 3, 40, 290, 22802 }, // U+1EF2
    { 29, 40, 362, -4, 31, 290, 23092 }, // U+1EF3
    { 29, 39, 454, 3, 29, 283, 23382 }, // U+1EF4
    { 29, 31, 362, -4, 21, 225, 23665 }, // U+1EF5
    { 29, 41, 454, 3, 41, 298, 23890 }, // U+1EF6
    { 29, 41, 362, -4, 32, 298, 24188 }, // U+1EF7
    { 29, 39, 454, 3, 39, 283, 24486 }, // U+1EF8
    { 29, 39, 362, -4, 30, 283, 24769 }, // U+1EF9
    { 0, 0, 333, 0, 0, 0, 0 }, // U+2000
    { 0, 0, 667, 0, 0, 0, 0 }, // U+2001
    { 0, 0, 333, 0, 0, 0, 0 }, // U+2002
    { 0, 0, 667, 0, 0, 0, 0 }, // U+2003
    { 0, 0, 214, 0, 0, 0, 0 }, // U+2004
    { 0, 0, 161, 0, 0, 0, 0 }, // U+2005
    { 0, 0, 107, 0, 0, 0, 0 }, // U+2006
    { 0, 0, 399, 0, 0, 0, 0 }, // U+2007
    { 0, 0, 212, 0, 0, 0, 0 }, // U+2008
    { 0, 0, 133, 0, 0, 0, 0 }, // U+2009
    { 0, 0, 13, 0, 0, 0, 0 }, // U+200A
    { 0, 0, 0, 0, 0, 0, 0 }, // U+200B
    { 0, 0, 0, 0, 0, 0, 0 }, // U+200C
    { 0, 0, 0, 0, 0, 0, 0 }, // U+200D
    { 0, 0, 0, 0, 0, 0, 0 }, // U+200E
    { 0, 0, 0, 0, 0, 0, 0 }, // U+200F
    { 13, 5, 232, 1, 13, 17, 0 }, // U+2010
    { 13, 5, 232, 1, 13, 17, 17 }, // U+2011
    { 25, 4, 399, 0, 12, 25, 34 }, // U+2012
    { 23, 4, 333, -1, 12, 23, 59 }, // U+2013
    { 44, 4, 667, -1, 12, 44, 82 }, // U+2014
    { 44, 4, 648, -2, 12, 44, 126 }, // U+2015
    { 14, 45, 343, 4, 34, 158, 170 }, // U+2016
    { 32, 9, 456, -5, -4, 72, 328 }, // U+2017
    { 10, 13, 184, 3, 31, 33, 400 }, // U+2018
    { 10, 13, 184, 4, 31, 33, 433 }, // U+2019
    { 10, 13, 184, -1, 5, 33, 466 }, // U+201A
    { 8, 14, 183, 4, 30, 28, 499 }, // U+201B
    { 20, 13, 335, 3, 31, 65, 527 }, // U+201C
    { 19, 13, 335, 4, 31, 62, 592 }, // U+201D
    { 19, 13, 335, -1, 5, 62, 654 }, // U+201E
    { 17, 14, 335, 4, 30, 60, 716 }, // U+201F
    { 23, 39, 333, 1, 33, 225, 776 }, // U+2020
    { 26, 41, 347, -2, 33, 267, 1001 }, // U+2021
    { 11, 10, 200, 1, 20, 28, 1268 }, // U+2022
    { 18, 17, 321, 1, 19, 77, 1296 }, // U+2023
    { 8, 8, 212, 1, 7, 16, 1373 }, // U+2024
    { 22, 8, 435, 1, 7, 44, 1389 }, // U+2025
    { 36, 8, 667, 1, 7, 72, 1433 }, // U+2026
    { 6, 5, 125, 1, 17, 8, 1505 }, // U+2027
    { 0, 0, 0, 0, 0, 0, 1513 }, // U+2028
    { 0, 0, 0, 0, 0, 0, 1513 }, // U+2029
    { 0, 0, 0, 0, 0, 0, 1513 }, // U+202A
    { 0, 0, 0, 0, 0, 0, 1513 }, // U+202B
    { 0, 0, 0, 0, 0, 0, 1513 }, // U+202C
    { 0, 0, 0, 0, 0, 0, 1513 }, // U+202D
    { 0, 0, 0, 0, 0, 0, 1513 }, // U+202E
    { 0, 0, 133, 0, 0, 0, 1513 }, // U+202F
    { 50, 31, 837, 2, 30, 388, 1513 }, // U+2030
    { 66, 31, 1098, 2, 30, 512, 1901 }, // U+2031
    { 12, 13, 226, 3, 30, 39, 2413 }, // U+2032
    { 20, 13, 363, 3, 30, 65, 2452 }, // U+2033
    { 29, 13, 499, 3, 30, 95, 2517 }, // U+2034
    { 12, 13, 226, 3, 30, 39, 2612 }, // U+2035
    { 20, 13, 363, 3, 30, 65, 2651 }, // U+2036
    { 29, 13, 499, 3, 30, 95, 2716 }, // U+2037
    { 11, 6, 172, 0, 1, 17, 2811 }, // U+2038
    { 12, 20, 155, 0, 20, 60, 2828 }, // U+2039
    { 12, 20, 155, -2, 20, 60, 2888 }, // U+203A
    { 27, 25, 510, 3, 24, 169, 2948 }, // U+203B
    { 22, 31, 423, 3, 30, 171, 3117 }, // U+203C
    { 18, 31, 357, 4, 30, 140, 3288 }, // U+203D
    { 26, 3, 363, 3, 35, 20, 3428 }, // U+203E
    { 14, 7, 211, -3, -4, 25, 3448 }, // U+203F
    { 14, 8, 211, 2, 31, 28, 3473 }, // U+2040
    { 16, 29, 317, 3, 20, 116, 3501 }, // U+2041
    { 37, 31, 672, 2, 31, 287, 3617 }, // U+2042
    { 28, 30, 345, -2, 30, 210, 3904 }, // U+2044
    { 22, 29, 373, 2, 20, 160, 4114 }, // U+204A
    { 26, 7, 667, 8, 16, 46, 4274 }, // U+2053
    { 38, 13, 636, 3, 30, 124, 4320 }, // U+2057
    { 0, 0, 0, 0, 0, 0, 4444 }, // U+2060
    { 0, 0, 0, 0, 0, 0, 4444 }, // U+2061
    { 0, 0, 0, 0, 0, 0, 4444 }, // U+2062
    { 0, 0, 0, 0, 0, 0, 4444 }, // U+2063
    { 0, 0, 0, 0, 0, 0, 4444 }, // U+2064
    { 0, 0, 0, 0, 0, 0, 4444 }, // U+2066
    { 0, 0, 0, 0, 0, 0, 4444 }, // U+2067
    { 0, 0, 0, 0, 0, 0, 4444 }, // U+2068
    { 0, 0, 0, 0, 0, 0, 4444 }, // U+2069
    { 0, 0, 0, 0, 0, 0, 4444 }, // U+206A
    { 0, 0, 0, 0, 0, 0, 4444 }, // U+206B
    { 0, 0, 0, 0, 0, 0, 4444 }, // U+206C
    { 0, 0, 0, 0, 0, 0, 4444 }, // U+206D
    { 0, 0, 0, 0, 0, 0, 4444 }, // U+206E
    { 0, 0, 0, 0, 0, 0, 4444 }, // U+206F
    { 16, 20, 259, 3, 35, 80, 0 }, // U+2070
    { 8, 20, 134, 3, 35, 40, 80 }, // U+2071
    { 15, 19, 259, 3, 35, 72, 120 }, // U+2074
    { 17, 18, 259, 2, 34, 77, 192 }, // U+2075
    { 15, 19, 259, 3, 34, 72, 269 }, // U+2076
    { 17, 19, 259, 3, 34, 81, 341 }, // U+2077
    { 17, 20, 259, 2, 35, 85, 422 }, // U+2078
    { 16, 21, 259, 3, 35, 84, 507 }, // U+2079
    { 11, 12, 175, 3, 31, 33, 591 }, // U+207A
    { 9, 3, 139, 3, 26, 7, 624 }, // U+207B
    { 11, 7, 175, 3, 29, 20, 631 }, // U+207C
    { 12, 22, 184, 4, 36, 66, 651 }, // U+207D
    { 11, 22, 184, 1, 36, 61, 717 }, // U+207E
    { 16, 13, 250, 2, 29, 52, 778 }, // U+207F
    { 16, 20, 259, -2, 10, 80, 830 }, // U+2080
    { 12, 19, 259, -1, 9, 57, 910 }, // U+2081
    { 18, 18, 259, -4, 9, 81, 967 }, // U+2082
    { 17, 19, 259, -3, 9, 81, 1048 }, // U+2083
    { 16, 19, 259, -3, 9, 76, 1129 }, // U+2084
    { 17, 19, 259, -3, 9, 81, 1205 }, // U+2085
    { 15, 19, 259, -2, 9, 72, 1286 }, // U+2086
    { 18, 19, 259, -2, 9, 86, 1358 }, // U+2087
    { 16, 20, 259, -3, 10, 80, 1444 }, // U+2088
    { 16, 21, 259, -2, 9, 84, 1524 }, // U+2089
    { 11, 12, 175, -2, 6, 33, 1608 }, // U+208A
    { 8, 3, 139, -2, 1, 6, 1641 }, // U+208B
    { 12, 8, 175, -3, 4, 24, 1647 }, // U+208C
    { 12, 22, 184, -1, 10, 66, 1671 }, // U+208D
    { 12, 22, 184, -4, 11, 66, 1737 }, // U+208E
    { 15, 15, 243, -2, 5, 57, 1803 }, // U+2090
    { 13, 15, 218, -2, 5, 49, 1860 }, // U+2091
    { 15, 15, 244, 0, 4, 57, 1909 }, // U+2092
    { 18, 14, 256, -4, 4, 63, 1966 }, // U+2093
    { 13, 14, 212, -3, 3, 46, 2029 }, // U+2094
    { 16, 19, 245, -3, 9, 76, 2075 }, // U+2095
    { 16, 19, 231, -3, 9, 76, 2151 }, // U+2096
    { 8, 19, 130, -2, 9, 38, 2227 }, // U+2097
    { 23, 14, 355, -3, 3, 81, 2265 }, // U+2098
    { 16, 13, 247, -2, 3, 52, 2346 }, // U+2099
    { 18, 20, 219, -6, 4, 90, 2398 }, // U+209A
    { 12, 15, 176, -3, 4, 45, 2488 }, // U+209B
    { 11, 17, 169, -2, 6, 47, 2533 }, // U+209C
    { 23, 30, 399, 1, 30, 173, 0 }, // U+20A0
    { 24, 37, 399, 1, 32, 222, 173 }, // U+20A1
    { 24, 31, 399, 1, 30, 186, 395 }, // U+20A2
    { 27, 29, 399, -1, 29, 196, 581 }, // U+20A3
    { 27, 30, 399, -1, 30, 203, 777 }, // U+20A4
    { 26, 28, 399, 0, 25, 182, 980 }, // U+20A5
    { 27, 29, 399, -1, 29, 196, 1162 }, // U+20A6
    { 48, 30, 751, -1, 29, 360, 1358 }, // U+20A7
    { 43, 30, 667, -1, 29, 323, 1718 }, // U+20A8
    { 28, 30, 399, -1, 29, 210, 2041 }, // U+20A9
    { 20, 19, 334, 0, 19, 95, 2251 }, // U+20AA
    { 26, 38, 377, 1, 32, 247, 2346 }, // U+20AB
    { 27, 31, 399, -1, 30, 210, 2593 }, // U+20AC
    { 28, 30, 399, -1, 29, 210, 2803 }, // U+20AD
    { 25, 29, 399, 2, 29, 182, 3013 }, // U+20AE
    { 30, 29, 507, 1, 22, 218, 3195 }, // U+20AF
    { 15, 29, 296, 1, 30, 109, 3413 }, // U+20B0
    { 27, 29, 399, 0, 29, 196, 3522 }, // U+20B1
    { 25, 36, 399, 1, 32, 225, 3718 }, // U+20B2
    { 27, 29, 399, -2, 29, 196, 3943 }, // U+20B3
    { 25, 31, 399, 0, 30, 194, 4139 }, // U+20B4
    { 24, 37, 399, 1, 32, 222, 4333 }, // U+20B5
    { 23, 30, 399, 3, 29, 173, 4555 }, // U+20B6
    { 25, 30, 399, 0, 30, 188, 4728 }, // U+20B7
    { 26, 29, 399, 1, 29, 189, 4916 }, // U+20B8
    { 22, 29, 399, 4, 28, 160, 5105 }, // U+20B9
    { 24, 29, 399, 0, 29, 174, 5265 }, // U+20BA
    { 30, 33, 507, 2, 32, 248, 5439 }, // U+20BB
    { 36, 32, 594, -1, 32, 288, 5687 }, // U+20BC
    { 27, 29, 399, -1, 29, 196, 5975 }, // U+20BD
    { 28, 32, 399, -1, 32, 224, 6171 }, // U+20BE
    { 26, 37, 399, -2, 32, 241, 6395 }, // U+20BF
    { 26, 30, 399, -1, 30, 195, 6636 }, // U+20C0
    { 15, 30, 265, 1, 29, 113, 0 }, // U+2113
    { 38, 15, 667, 2, 20, 143, 0 }, // U+2190
    { 15, 37, 333, 3, 30, 139, 143 }, // U+2191
    { 38, 15, 667, 2, 20, 143, 282 }, // U+2192
    { 15, 37, 333, 3, 30, 139, 425 }, // U+2193
    { 38, 15, 667, 2, 20, 143, 564 }, // U+2194
    { 15, 37, 333, 3, 30, 139, 707 }, // U+2195
    { 28, 29, 667, 7, 27, 203, 846 }, // U+2196
    { 28, 29, 667, 7, 27, 203, 1049 }, // U+2197
    { 28, 29, 667, 7, 27, 203, 1252 }, // U+2198
    { 28, 29, 667, 7, 27, 203, 1455 }, // U+2199
    { 36, 18, 642, 2, 21, 162, 1658 }, // U+219A
    { 36, 17, 642, 2, 21, 153, 1820 }, // U+219B
    { 21, 39, 333, 0, 29, 205, 1973 }, // U+21A8
    { 38, 17, 667, 2, 21, 162, 2178 }, // U+21AE
    { 32, 25, 540, 0, 27, 200, 2340 }, // U+21B6
    { 32, 25, 540, 2, 27, 200, 2540 }, // U+21B7
    { 32, 24, 540, 2, 23, 192, 2740 }, // U+21BA
    { 32, 24, 540, 0, 23, 192, 2932 }, // U+21BB
    { 40, 20, 658, 1, 23, 200, 3124 }, // U+21D0
    { 19, 39, 333, 1, 31, 186, 3324 }, // U+21D1
    { 40, 20, 658, 1, 23, 200, 3510 }, // U+21D2
    { 19, 39, 333, 1, 31, 186, 3710 }, // U+21D3
    { 40, 20, 667, 1, 23, 200, 3896 }, // U+21D4
    { 19, 39, 333, 1, 31, 186, 4096 }, // U+21D5
    { 20, 31, 344, 1, 30, 155, 0 }, // U+2202
    { 18, 28, 374, 3, 28, 126, 155 }, // U+2203
    { 18, 38, 374, 3, 33, 171, 281 }, // U+2204
    { 34, 35, 667, 4, 32, 298, 452 }, // U+2205
    { 27, 31, 426, 0, 31, 210, 750 }, // U+2206
    { 31, 29, 497, 0, 29, 225, 960 }, // U+220F
    { 27, 29, 382, -1, 29, 196, 1185 }, // U+2211
    { 26, 3, 667, 8, 14, 20, 1381 }, // U+2212
    { 25, 25, 642, 8, 24, 157, 1401 }, // U+2213
    { 22, 33, 334, 0, 29, 182, 1558 }, // U+2215
    { 6, 5, 125, 1, 17, 8, 1740 }, // U+2219
    { 25, 29, 384, 0, 29, 182, 1748 }, // U+221A
    { 28, 12, 667, 7, 19, 84, 1930 }, // U+221E
    { 21, 24, 336, 0, 22, 126, 2014 }, // U+2221
    { 14, 44, 343, 4, 33, 154, 2140 }, // U+2225
    { 24, 44, 343, -1, 33, 264, 2294 }, // U+2226
    { 20, 19, 387, 2, 23, 95, 2558 }, // U+2227
    { 21, 19, 387, 3, 23, 100, 2653 }, // U+2228
    { 19, 41, 314, 0, 32, 195, 2753 }, // U+222B
    { 20, 18, 667, 11, 21, 90, 2948 }, // U+2234
    { 20, 18, 667, 11, 21, 90, 3038 }, // U+2235
    { 26, 7, 667, 8, 16, 46, 3128 }, // U+223C
    { 26, 14, 667, 8, 19, 91, 3174 }, // U+2248
    { 26, 22, 667, 8, 29, 143, 3265 }, // U+225F
    { 26, 20, 667, 8, 22, 130, 3408 }, // U+2260
    { 26, 14, 667, 8, 20, 91, 3538 }, // U+2261
    { 26, 24, 667, 8, 25, 156, 3629 }, // U+2262
    { 26, 24, 667, 8, 24, 156, 3785 }, // U+2264
    { 26, 24, 667, 8, 24, 156, 3941 }, // U+2265
    { 26, 29, 667, 8, 27, 189, 4097 }, // U+226E
    { 26, 29, 667, 8, 27, 189, 4286 }, // U+226F
    { 26, 24, 667, 8, 24, 156, 4475 }, // U+2282
    { 26, 24, 667, 8, 24, 156, 4631 }, // U+2283
    { 26, 31, 667, 8, 27, 202, 4787 }, // U+2284
    { 26, 31, 667, 8, 27, 202, 4989 }, // U+2285
    { 26, 29, 667, 8, 29, 189, 5191 }, // U+2286
    { 26, 29, 667, 8, 29, 189, 5380 }, // U+2287
    { 22, 23, 387, 2, 22, 127, 5569 }, // U+22BB
    { 20, 24, 387, 3, 27, 120, 5696 }, // U+22BC
    { 21, 24, 387, 4, 27, 126, 5816 }, // U+22BD
    { 9, 27, 207, 2, 27, 61, 0 }, // U+2669
    { 15, 27, 301, 2, 27, 102, 61 }, // U+266A
    { 23, 30, 427, 2, 28, 173, 163 }, // U+266B
    { 23, 30, 427, 2, 28, 173, 336 }, // U+266C
    { 13, 34, 260, 2, 30, 111, 509 }, // U+266D
    { 12, 27, 238, 1, 18, 81, 620 }, // U+266E
    { 14, 37, 285, 2, 31, 130, 701 }, // U+266F
    { 42, 41, 483, -6, 32, 431, 0 }, // U+FB00
    { 35, 41, 448, -6, 32, 359, 431 }, // U+FB01
    { 34, 41, 445, -6, 32, 349, 790 }, // U+FB02
    { 50, 41, 690, -6, 32, 513, 1139 }, // U+FB03
    { 50, 41, 687, -6, 32, 513, 1652 }, // U+FB04
    { 41, 41, 642, 0, 36, 421, 0 }, // U+FFFD
};

static const EpdUnicodeInterval charein_20_bolditalicIntervals[] = {
    { 0x0, 0x148, 0x0 },
    { 0x14A, 0x17F, 0x149 },
    { 0x1A0, 0x1A1, 0x17F },
    { 0x1AF, 0x1B0, 0x181 },
    { 0x1C4, 0x21F, 0x183 },
    { 0x300, 0x33F, 0x1DF },
    { 0x346, 0x36F, 0x21F },
    { 0x3BB, 0x3BB, 0x249 },
    { 0x400, 0x45F, 0x24A },
    { 0x462, 0x463, 0x2AA },
    { 0x472, 0x475, 0x2AC },
    { 0x48A, 0x4FF, 0x2B0 },
    { 0x1EA0, 0x1EF9, 0x326 },
    { 0x2000, 0x2042, 0x380 },
    { 0x2044, 0x2044, 0x3C3 },
    { 0x204A, 0x204A, 0x3C4 },
    { 0x2053, 0x2053, 0x3C5 },
    { 0x2057, 0x2057, 0x3C6 },
    { 0x2060, 0x2064, 0x3C7 },
    { 0x2066, 0x2071, 0x3CC },
    { 0x2074, 0x208E, 0x3D8 },
    { 0x2090, 0x209C, 0x3F3 },
    { 0x20A0, 0x20C0, 0x400 },
    { 0x2113, 0x2113, 0x421 },
    { 0x2190, 0x219B, 0x422 },
    { 0x21A8, 0x21A8, 0x42E },
    { 0x21AE, 0x21AE, 0x42F },
    { 0x21B6, 0x21B7, 0x430 },
    { 0x21BA, 0x21BB, 0x432 },
    { 0x21D0, 0x21D5, 0x434 },
    { 0x2202, 0x2206, 0x43A },
    { 0x220F, 0x220F, 0x43F },
    { 0x2211, 0x2213, 0x440 },
    { 0x2215, 0x2215, 0x443 },
    { 0x2219, 0x221A, 0x444 },
    { 0x221E, 0x221E, 0x446 },
    { 0x2221, 0x2221, 0x447 },
    { 0x2225, 0x2228, 0x448 },
    { 0x222B, 0x222B, 0x44C },
    { 0x2234, 0x2235, 0x44D },
    { 0x223C, 0x223C, 0x44F },
    { 0x2248, 0x2248, 0x450 },
    { 0x225F, 0x2262, 0x451 },
    { 0x2264, 0x2265, 0x455 },
    { 0x226E, 0x226F, 0x457 },
    { 0x2282, 0x2287, 0x459 },
    { 0x22BB, 0x22BD, 0x45F },
    { 0x2669, 0x266F, 0x462 },
    { 0xFB00, 0xFB04, 0x469 },
    { 0xFFFD, 0xFFFD, 0x46E },
};

static const EpdFontGroup charein_20_bolditalicGroups[] = {
    { 0, 6193, 16624, 128, 0 },
    { 6193, 5149, 19388, 128, 128 },
    { 11342, 6782, 30515, 127, 256 },
    { 18124, 6794, 27748, 96, 383 },
    { 24918, 2091, 4172, 106, 479 },
    { 27009, 136, 264, 1, 585 },
    { 27145, 13367, 52098, 220, 586 },
    { 40512, 3261, 26357, 90, 806 },
    { 43773, 1918, 4694, 86, 896 },
    { 45691, 1380, 2745, 42, 982 },
    { 47071, 3191, 7125, 33, 1024 },
    { 50262, 95, 120, 1, 1057 },
    { 50357, 1204, 4394, 24, 1058 },
    { 51561, 1906, 6348, 40, 1082 },
    { 53467, 299, 914, 7, 1122 },
    { 53766, 695, 2255, 5, 1129 },
    { 54461, 184, 451, 1, 1134 },
};

static const uint16_t charein_20_bolditalicKernLeftCodepoints[] = {
    0x0022, 0x0027, 0x0028, 0x002C, 0x002E, 0x0041, 0x0044, 0x0046, 0x004B, 0x004C, 0x004F, 0x0050,
    0x0051, 0x0052, 0x0054, 0x0055, 0x0056, 0x0057, 0x0058, 0x0059, 0x005B, 0x0061, 0x0062, 0x0063,
    0x0065, 0x0066, 0x0067, 0x0068, 0x006B, 0x006D, 0x006E, 0x006F, 0x0070, 0x0071, 0x0072, 0x0073,
    0x0074, 0x0075, 0x0076, 0x0077, 0x0078, 0x0079, 0x007A, 0x007B, 0x00C0, 0x00C1, 0x00C2, 0x00C3,
    0x00C4, 0x00C5, 0x00D0, 0x00D2, 0x00D3, 0x00D4, 0x00D5, 0x00D6, 0x00D9, 0x00DA, 0x00DB, 0x00DC,
    0x00DD, 0x00DE, 0x00E0, 0x00E1, 0x00E2, 0x00E3, 0x00E4, 0x00E5, 0x00E6, 0x00E7, 0x00EE, 0x00EF,
    0x00F1, 0x00F2, 0x00F3, 0x00F4, 0x00F5, 0x00F6, 0x00F8, 0x00F9, 0x00FA, 0x00FB, 0x00FC, 0x00FD,
    0x00FE, 0x00FF, 0x0100, 0x0101, 0x0102, 0x0103, 0x0104, 0x0105, 0x0107, 0x0109, 0x010B, 0x010D,
    0x010E, 0x010F, 0x0110, 0x0119, 0x011D, 0x011F, 0x0121, 0x0123, 0x0125, 0x0127, 0x0129, 0x012B,
    0x012D, 0x0136, 0x0137, 0x0138, 0x0139, 0x013B, 0x013D, 0x013E, 0x0141, 0x0144, 0x0146, 0x0148,
    0x014B, 0x014C, 0x014D, 0x014E, 0x014F, 0x0150, 0x0151, 0x0153, 0x0154, 0x0155, 0x0156, 0x0157,
    0x0158, 0x0159, 0x015B, 0x015D, 0x015F, 0x0161, 0x0162, 0x0163, 0x0164, 0x0165, 0x0166, 0x0167,
    0x0168, 0x0169, 0x016A, 0x016B, 0x016C, 0x016D, 0x016E, 0x016F, 0x0170, 0x0171, 0x0172, 0x0173,
    0x0174, 0x0175, 0x0176, 0x0177, 0x0178, 0x017A, 0x017C, 0x017E, 0x017F, 0x01A0, 0x01A1, 0x01AF,
    0x01B0, 0x01C5, 0x01C6, 0x01C9, 0x01CD, 0x01CE, 0x01D0, 0x01D1, 0x01D2, 0x01D3, 0x01D4, 0x01D5,
    0x01D6, 0x01D7, 0x01D8, 0x01D9, 0x01DA, 0x01DB, 0x01DC, 0x01DD, 0x01DE, 0x01DF, 0x01E0, 0x01E1,
    0x01E5, 0x01E7, 0x01E8, 0x01E9, 0x01EA, 0x01EB, 0x01EC, 0x01ED, 0x01EF, 0x01F2, 0x01F3, 0x01F5,
    0x01F6, 0x01F7, 0x01F9, 0x01FA, 0x01FB, 0x0200, 0x0201, 0x0202, 0x0203, 0x020B, 0x020C, 0x020D,
    0x020E, 0x020F, 0x0210, 0x0211, 0x0212, 0x0213, 0x0214, 0x0215, 0x0216, 0x0217, 0x0219, 0x021A,
    0x021B, 0x021D, 0x021F, 0x0403, 0x0409, 0x040E, 0x0410, 0x0413, 0x041E, 0x0420, 0x0422, 0x0423,
    0x0424, 0x0425, 0x042A, 0x042C, 0x042D, 0x042E, 0x0430, 0x0433, 0x0434, 0x0435, 0x0436, 0x0437,
    0x0438, 0x0439, 0x043A, 0x043B, 0x043C, 0x043D, 0x043E, 0x043F, 0x0440, 0x0441, 0x0442, 0x0443,
    0x0444, 0x0445, 0x0446, 0x0447, 0x0448, 0x0449, 0x044A, 0x044C, 0x044D, 0x044E, 0x0452, 0x0453,
    0x0454, 0x0455, 0x0457, 0x0459, 0x045A, 0x045B, 0x045C, 0x045D, 0x045E, 0x045F, 0x0472, 0x0473,
    0x0475, 0x048B, 0x048C, 0x048D, 0x048E, 0x0490, 0x0491, 0x0492, 0x0493, 0x0495, 0x0497, 0x0499,
    0x049B, 0x049D, 0x049F, 0x04A1, 0x04A3, 0x04A5, 0x04A7, 0x04AB, 0x04AC, 0x04AD, 0x04AE, 0x04AF,
    0x04B0, 0x04B1, 0x04B2, 0x04B3, 0x04B5, 0x04B7, 0x04B9, 0x04BB, 0x04BC, 0x04BD, 0x04BE, 0x04BF,
    0x04C2, 0x04C4, 0x04C6, 0x04C8, 0x04CA, 0x04CC, 0x04CE, 0x04D0, 0x04D1, 0x04D2, 0x04D3, 0x04D5,
    0x04D8, 0x04D9, 0x04DA, 0x04DB, 0x04DD, 0x04E1, 0x04E3, 0x04E5, 0x04E6, 0x04E7, 0x04E8, 0x04E9,
    0x04EA, 0x04EB, 0x04EC, 0x04ED, 0x04EE, 0x04EF, 0x04F0, 0x04F1, 0x04F2, 0x04F3, 0x04F5, 0x04F6,
    0x04F7, 0x04FA, 0x04FB, 0x04FC, 0x04FD, 0x04FE, 0x04FF, 0x1EA0, 0x1EA1, 0x1EA2, 0x1EA3, 0x1EA4,
    0x1EA5, 0x1EA6, 0x1EA7, 0x1EA8, 0x1EA9, 0x1EAA, 0x1EAB, 0x1EAC, 0x1EAD, 0x1EAE, 0x1EAF, 0x1EB0,
    0x1EB1, 0x1EB2, 0x1EB3, 0x1EB4, 0x1EB5, 0x1EB6, 0x1EB7, 0x1EB9, 0x1ECC, 0x1ECD, 0x1ECE, 0x1ECF,
    0x1ED0, 0x1ED1, 0x1ED2, 0x1ED3, 0x1ED4, 0x1ED5, 0x1ED6, 0x1ED7, 0x1ED8, 0x1ED9, 0x1EE4, 0x1EE5,
    0x1EE6, 0x1EE7, 0x1EF2, 0x1EF3, 0x1EF4, 0x1EF5, 0x1EF6, 0x1EF7, 0x1EF8, 0x1EF9, 0x2018, 0x2019,
    0x201A, 0x201C, 0x201D, 0x201E, 0x2026, 0xFB00,
};

static const uint8_t charein_20_bolditalicKernLeftClassIds[] = {
      1,   1,   2,   3,   3,   4,   5,   6,   7,   8,   5,   6,   5,   9,  10,  11,
     12,  13,   7,  12,   2,  14,  15,  16,  16,  17,  18,  14,  19,  14,  14,  15,
     15,  18,  20,  16,  16,  14,  21,  21,  19,  21,  16,   2,   4,   4,   4,   4,
      4,   4,   5,   5,   5,   5,   5,   5,  11,  11,  11,  11,  12,   5,  14,  14,
     14,  14,  14,  14,  16,  16,  22,  22,  14,  23,  23,  23,  23,  23,  16,  14,
     14,  14,  14,  21,  15,  21,   4,  14,   4,  14,   4,  14,  16,  16,  16,  16,
      5,  24,   5,  16,  18,  18,  18,  18,  14,  14,  22,  22,  22,   7,  19,  16,
      8,   8,  25,  26,   8,  14,  18,  14,  18,   5,  23,   5,  23,   5,  23,  16,
      9,  20,   9,  20,   9,  20,  16,  16,  18,  16,  10,  18,  10,  27,  10,  16,
     11,  14,  11,  14,  11,  14,  11,  14,  11,  14,  11,  18,  13,  21,  12,  21,
     12,  16,  16,  16,  17,   5,  28,  10,  28,  16,  16,  18,   4,  14,  22,   5,
     23,  11,  14,  11,  14,  11,  14,  11,  14,  11,  14,  15,   4,  14,   4,  14,
     18,  18,   7,  19,   5,  15,   5,  23,  18,  16,  16,  18,   5,   6,  14,   4,
     14,   4,  14,   4,  14,  22,   5,  23,   5,  23,   9,  20,   9,  20,  11,  14,
     11,  14,  18,  10,  18,  18,  14,  10,   9,  12,   4,  10,   5,   6,  10,  12,
      5,   7,   9,   9,   5,   5,  14,  16,  16,  16,  16,  14,  16,  16,  16,  16,
     16,  16,  15,  16,  15,  16,  16,  21,  15,  19,  16,  16,  16,  16,  29,  29,
     15,  15,  14,  16,  16,  16,  17,  29,  29,  14,  16,  16,  21,  16,   5,  15,
     16,  16,   9,  29,   6,  10,  16,  10,  16,  16,  16,  14,  16,  16,  16,  16,
     16,  16,  29,  16,  10,  16,  12,  21,  12,  21,   7,  19,  16,  16,  16,  14,
      5,  16,   5,  16,  16,  16,  16,  16,  16,  16,  16,   4,  14,   4,  14,  16,
      5,  15,   5,  23,  16,  18,  16,  16,   5,  23,   5,  15,   5,  23,   5,  23,
     12,  21,  12,  21,  12,  21,  16,  10,  16,  10,  16,   7,  19,   7,  19,   4,
     14,   4,  14,   4,  14,   4,  14,   4,  14,   4,  14,   4,  14,   4,  14,   4,
     14,   4,  14,   4,  14,   4,  14,  16,   5,  15,   5,  23,   5,  23,   5,  23,
      5,  23,   5,  23,   5,  23,  11,  18,  11,  14,  12,  21,  12,  18,  12,  21,
     12,  21,   1,   1,   3,   1,   1,   3,   3,  17,
};

static const uint16_t charein_20_bolditalicKernRightCodepoints[] = {
    0x0022, 0x0027, 0x0029, 0x002C, 0x002E, 0x003A, 0x003B, 0x0041, 0x0043, 0x0047, 0x004F, 0x0051,
    0x0054, 0x0055, 0x0056, 0x0057, 0x0058, 0x0059, 0x005D, 0x0061, 0x0062, 0x0063, 0x0064, 0x0065,
    0x0066, 0x0067, 0x0068, 0x006A, 0x006B, 0x006C, 0x006D, 0x006E, 0x006F, 0x0070, 0x0071, 0x0072,
    0x0073, 0x0074, 0x0075, 0x0076, 0x0077, 0x0078, 0x0079, 0x007A, 0x007D, 0x00C0, 0x00C1, 0x00C2,
    0x00C3, 0x00C4, 0x00C5, 0x00C6, 0x00C7, 0x00D2, 0x00D3, 0x00D4, 0x00D5, 0x00D6, 0x00D9, 0x00DA,
    0x00DB, 0x00DC, 0x00DD, 0x00E0, 0x00E1, 0x00E2, 0x00E3, 0x00E4, 0x00E5, 0x00E6, 0x00E7, 0x00E8,
    0x00E9, 0x00EA, 0x00EB, 0x00EE, 0x00EF, 0x00F0, 0x00F1, 0x00F2, 0x00F3, 0x00F4, 0x00F5, 0x00F6,
    0x00F8, 0x00F9, 0x00FA, 0x00FB, 0x00FC, 0x00FD, 0x00FE, 0x00FF, 0x0100, 0x0101, 0x0102, 0x0103,
    0x0104, 0x0105, 0x0106, 0x0107, 0x0108, 0x0109, 0x010A, 0x010B, 0x010C, 0x010D, 0x010F, 0x0111,
    0x0113, 0x0115, 0x0117, 0x0119, 0x011B, 0x011C, 0x011D, 0x011E, 0x011F, 0x0120, 0x0121, 0x0122,
    0x0123, 0x0125, 0x0127, 0x0129, 0x012B, 0x012D, 0x0135, 0x0137, 0x0138, 0x013A, 0x013C, 0x013E,
    0x0140, 0x0142, 0x0144, 0x0146, 0x0148, 0x014B, 0x014C, 0x014D, 0x014E, 0x014F, 0x0150, 0x0151,
    0x0152, 0x0153, 0x0155, 0x0157, 0x0159, 0x015B, 0x015D, 0x015F, 0x0161, 0x0162, 0x0163, 0x0164,
    0x0165, 0x0166, 0x0168, 0x0169, 0x016A, 0x016B, 0x016C, 0x016D, 0x016E, 0x016F, 0x0170, 0x0171,
    0x0172, 0x0173, 0x0174, 0x0175, 0x0176, 0x0177, 0x0178, 0x017A, 0x017C, 0x017E, 0x017F, 0x01A0,
    0x01A1, 0x01AF, 0x01B0, 0x01C6, 0x01C9, 0x01CC, 0x01CD, 0x01CE, 0x01D0, 0x01D1, 0x01D2, 0x01D3,
    0x01D4, 0x01D5, 0x01D6, 0x01D7, 0x01D8, 0x01D9, 0x01DA, 0x01DB, 0x01DC, 0x01DD, 0x01DE, 0x01DF,
    0x01E0, 0x01E1, 0x01E2, 0x01E3, 0x01E4, 0x01E5, 0x01E6, 0x01E7, 0x01E9, 0x01EA, 0x01EB, 0x01EC,
    0x01ED, 0x01EF, 0x01F0, 0x01F3, 0x01F4, 0x01F5, 0x01F9, 0x01FA, 0x01FB, 0x01FC, 0x01FD, 0x0200,
    0x0201, 0x0202, 0x0203, 0x0205, 0x0207, 0x020B, 0x020C, 0x020D, 0x020E, 0x020F, 0x0211, 0x0213,
    0x0214, 0x0215, 0x0216, 0x0217, 0x0219, 0x021A, 0x021B, 0x021D, 0x021F, 0x0402, 0x0404, 0x040B,
    0x0410, 0x0414, 0x041B, 0x041E, 0x0421, 0x0422, 0x0424, 0x0425, 0x0430, 0x0431, 0x0432, 0x0433,
    0x0434, 0x0435, 0x0436, 0x0437, 0x0438, 0x0439, 0x043A, 0x043B, 0x043C, 0x043D, 0x043E, 0x043F,
    0x0440, 0x0441, 0x0442, 0x0443, 0x0444, 0x0445, 0x0446, 0x0447, 0x0448, 0x0449, 0x044B, 0x044C,
    0x044D, 0x044E, 0x044F, 0x0450, 0x0451, 0x0452, 0x0453, 0x0454, 0x0455, 0x0457, 0x0458, 0x0459,
    0x045A, 0x045B, 0x045C, 0x045D, 0x045E, 0x045F, 0x0472, 0x0473, 0x0474, 0x0475, 0x048B, 0x048D,
    0x048F, 0x0491, 0x0493, 0x0495, 0x0497, 0x0499, 0x049B, 0x049D, 0x049F, 0x04A1, 0x04A3, 0x04A5,
    0x04A7, 0x04A8, 0x04A9, 0x04AA, 0x04AB, 0x04AC, 0x04AD, 0x04AE, 0x04AF, 0x04B0, 0x04B1, 0x04B2,
    0x04B3, 0x04B4, 0x04B5, 0x04B7, 0x04B9, 0x04BB, 0x04C2, 0x04C4, 0x04C6, 0x04C8, 0x04CA, 0x04CC,
    0x04CE, 0x04D0, 0x04D1, 0x04D2, 0x04D3, 0x04D4, 0x04D5, 0x04D7, 0x04D8, 0x04D9, 0x04DA, 0x04DB,
    0x04DD, 0x04E1, 0x04E3, 0x04E5, 0x04E6, 0x04E7, 0x04E8, 0x04E9, 0x04EA, 0x04EB, 0x04ED, 0x04EF,
    0x04F1, 0x04F3, 0x04F5, 0x04F7, 0x04F9, 0x04FB, 0x04FC, 0x04FD, 0x04FE, 0x04FF, 0x1EA0, 0x1EA1,
    0x1EA2, 0x1EA3, 0x1EA4, 0x1EA5, 0x1EA6, 0x1EA7, 0x1EA8, 0x1EA9, 0x1EAA, 0x1EAB, 0x1EAC, 0x1EAD,
    0x1EAE, 0x1EAF, 0x1EB0, 0x1EB1, 0x1EB2, 0x1EB3, 0x1EB4, 0x1EB5, 0x1EB6, 0x1EB7, 0x1EB9, 0x1EBB,
    0x1EBD, 0x1EBF, 0x1EC1, 0x1EC3, 0x1EC5, 0x1EC7, 0x1ECC, 0x1ECD, 0x1ECE, 0x1ECF, 0x1ED0, 0x1ED1,
    0x1ED2, 0x1ED3, 0x1ED4, 0x1ED5, 0x1ED6, 0x1ED7, 0x1ED8, 0x1ED9, 0x1EE4, 0x1EE5, 0x1EE6, 0x1EE7,
    0x1EF2, 0x1EF3, 0x1EF4, 0x1EF5, 0x1EF6, 0x1EF7, 0x1EF8, 0x1EF9, 0x2018, 0x2019, 0x201A, 0x201C,
    0x201D, 0x201E, 0x2026, 0xFB00, 0xFB03, 0xFB04,
};

static const uint8_t charein_20_bolditalicKernRightClassIds[] = {
      1,   1,   2,   3,   3,   4,   4,   5,   6,   6,   6,   6,   7,   8,   9,  10,
     11,   9,   2,  12,  13,  14,  14,  14,   4,  15,  13,  16,  13,  13,  17,  17,
     14,   4,  14,  17,  12,   4,  17,  18,  18,  19,  18,  17,   2,   5,   5,   5,
      5,   5,   5,   5,   6,   6,   6,   6,   6,   6,   8,   8,   8,   8,   9,  20,
     20,  20,  20,  20,  20,  12,  14,  21,  21,  21,  21,  22,  22,  14,  17,  21,
     21,  21,  21,  21,  17,  17,  17,  17,  17,  18,  13,  18,   5,  20,   5,  20,
      5,  15,   6,  21,   6,  21,   6,  21,   6,  21,  14,  14,  21,  21,  21,  23,
     21,   6,  20,   6,  20,   6,  20,   6,  20,  13,  13,  22,  22,  22,  16,  13,
     17,  13,  13,  13,  13,  13,  17,  17,  17,   4,   6,  21,   6,  21,   6,  21,
      6,  14,  17,   4,  17,  20,  20,  15,  20,   7,   4,   7,   4,   7,   8,  17,
      8,  17,   8,  17,   8,  17,   8,  17,   8,  17,  10,  18,   9,  18,   9,  17,
     17,  17,  13,   6,  14,   8,  17,  14,  13,  17,   5,  20,  22,   6,  21,   8,
     17,   8,  17,   8,  17,   8,  17,   8,  17,  14,   5,  20,   5,  20,   5,  20,
      6,  15,   6,  20,  13,   6,  23,   6,  21,   4,  16,  14,   6,  20,  17,   5,
     20,   5,  20,   5,  20,   5,  20,  21,  21,  22,   6,  21,   6,  21,  17,  17,
      8,  17,   8,  17,  15,   7,   4,   4,  13,   7,   6,   7,   5,   5,   5,   6,
      6,   7,   6,  11,  12,  13,  17,  17,  24,  14,  17,  17,  17,  17,  17,  24,
     17,  17,  14,  17,   4,  14,  17,  18,  14,  19,  17,  17,  17,  17,  17,  17,
     17,  17,  17,  21,  21,  13,  17,  14,  12,  13,  16,  24,  17,  13,  17,  17,
     18,  17,   6,  14,   9,  18,  17,  17,  17,  17,  17,  17,  17,  17,  17,  17,
     13,  17,  17,  17,  17,   6,  14,   6,  14,   7,  17,   9,  18,   9,  18,  11,
     19,   7,  17,  17,  17,  13,  17,  17,  24,  17,  17,  17,  17,   5,  20,   5,
     20,   5,  12,  21,   6,  14,   6,  21,  17,   4,  17,  17,   6,  21,   6,  14,
      6,  21,  17,  18,  18,  18,  17,  17,  17,  17,  11,  19,  11,  19,   5,  15,
      5,  20,   5,  20,   5,  20,   5,  20,   5,  20,   5,  20,   5,  20,   5,  20,
      5,  20,   5,  20,   5,  20,  23,  21,  21,  21,  21,  21,  21,  21,   6,  14,
      6,  21,   6,  21,   6,  21,   6,  21,   6,  21,   6,  21,   8,   4,   8,  17,
      9,  18,   9,  18,   9,  18,   9,  18,   1,   1,   3,   1,   1,   3,   3,   4,
      4,   4,
};

static const uint16_t charein_20_bolditalicKernRowOffsets[] = {
        0,    10,    11,    16,    23,    27,    36,    37,    42,    45,    54,    57,    68,    79,    81,    85,
       86,    88,    90,    94,    99,   108,   109,   113,   125,   129,   141,   153,   160,   164,
};

static const uint8_t charein_20_bolditalicKernSparseCols[] = {
      2,   4,  11,  13,  14,  18,  19,  20,  22,  23,  15,   0,   6,   8,   9,  17,
      0,   5,   6,   7,   8,   9,  17,   6,   8,   9,  10,   2,   4,  11,  13,  14,
     19,  20,  22,  23,   5,   0,   6,   8,   9,  17,   6,   8,   9,   2,   4,  11,
     13,  14,  19,  20,  22,  23,   4,  13,  23,   2,   4,   5,  11,  13,  14,  16,
     19,  20,  22,  23,   2,   4,   5,  11,  13,  14,  16,  19,  20,  22,  23,   0,
     17,   0,  17,  18,  23,   0,   0,   1,   0,  15,   0,  13,  20,  22,   2,  13,
     20,  22,  23,   0,   2,  11,  13,  14,  19,  20,  22,  23,  21,   0,  17,  18,
     23,   2,   3,  11,  13,  14,  15,  16,  17,  18,  19,  20,  22,   0,   6,   8,
     17,   2,   3,  11,  13,  14,  15,  16,  17,  18,  19,  20,  22,   2,   3,  11,
     13,  14,  15,  16,  17,  18,  19,  20,  22,  11,  12,  13,  14,  19,  20,  22,
      0,  13,  17,  20,
};

static const int8_t charein_20_bolditalicKernSparseValues[] = {
     -59,  -72,  -23,  -16,  -23,  -10,  -23,  -16,  -16,  -52,   39,  -59,  -59,  -75,  -62,  -33,
     -78,  -26,  -62,  -26,  -81,  -59,  -29,   -7,  -20,  -13,  -13,  -59,  -16,   -3,   -7,   -3,
      -3,   -3,   -3,  -26,  -26,  -94,  -42,  -59,  -42,  -23,  -26,  -52,  -42,  -42,  -36,  -23,
     -33,  -10,  -11,  -16,  -33,  -39,  -20,   -7,  -20,  -52,  -33,    7,  -29,  -29,  -10,   -7,
     -15,  -15,  -29,  -52,  -33,  -29,   10,  -23,  -23,  -10,   -3,  -11,  -11,  -23,  -42,  -46,
      -3,  -26,  -10,  -16,   -7,  -13,   29,   46,  -10,   59,  -16,  -13,  -13,   -7,  -39,   -3,
      -3,   -3,  -33,  -23,  -33,  -10,   -3,   -3,  -10,   -3,   -3,  -20,   55,  -26,  -10,  -16,
     -13,  -82,  -82,  -82,  -82,  -82,  -56,  -82,  -82,  -82,  -65,  -72,  -82,  -33,  -13,  -16,
     -23,  -72,  -72,  -72,  -72,  -72,  -52,  -72,  -72,  -72,  -56,  -72,  -72,  -34,  -34,  -34,
     -34,  -34,  -34,  -34,  -34,  -34,  -34,  -34,  -34,  -29,  -23,  -29,  -29,  -29,  -29,  -29,
     -52,   -7,  -20,   -7,
};

static const EpdLigaturePair charein_20_bolditalicLigaturePairs[] = {
    { 0x00660066, 0xFB00 }, // f f -> U+FB00
    { 0x00660069, 0xFB01 }, // f i -> U+FB01
    { 0x0066006C, 0xFB02 }, // f l -> U+FB02
    { 0xFB000069, 0xFB03 }, // U+FB00 i -> U+FB03
    { 0xFB00006C, 0xFB04 }, // U+FB00 l -> U+FB04
};

static constexpr EpdFontData charein_20_bolditalic = {
    charein_20_bolditalicBitmaps,
    charein_20_bolditalicGlyphs,
    charein_20_bolditalicIntervals,
    50,
    44,
    34,
    -11,
    true,
    charein_20_bolditalicGroups,
    17,
    nullptr,
    nullptr,  // kernLeftClasses: built-in fonts use split arrays
    nullptr,  // kernRightClasses
    charein_20_bolditalicKernLeftCodepoints,
    charein_20_bolditalicKernLeftClassIds,
    charein_20_bolditalicKernRightCodepoints,
    charein_20_bolditalicKernRightClassIds,
    nullptr,  // kernMatrix: built-in fonts use sparse rows
    charein_20_bolditalicKernRowOffsets,
    charein_20_bolditalicKernSparseCols,
    charein_20_bolditalicKernSparseValues,
    426,
    450,
    29,
    24,
    charein_20_bolditalicLigaturePairs,
    5,
};
