/**
 * generated by fontconvert.py
 * name: charein_10_bold
 * size: 10
 * mode: 2-bit  compressed: true
 * Command used: fontconvert.py charein_10_bold 10 ../builtinFonts/source/ChareInk7/ChareInk7-Bold.ttf ../builtinFonts/source/NotoSymbols/NotoSansSymbols-Regular.ttf --additional-intervals 0x03BB,0x03BB --additional-intervals 0x0410,0x0414 --additional-intervals 0x0418,0x0418 --additional-intervals 0x041B,0x041B --additional-intervals 0x041D,0x0423 --additional-intervals 0x0425,0x0425 --additional-intervals 0x0427,0x0427 --additional-intervals 0x042B,0x042C --additional-intervals 0x042E,0x0432 --additional-intervals 0x0434,0x0435 --additional-intervals 0x0437,0x0437 --additional-intervals 0x043A,0x043A --additional-intervals 0x043D,0x043E --additional-intervals 0x0440,0x0440 --additional-intervals 0x0442,0x0442 --additional-intervals 0x0446,0x0446 --additional-intervals 0x044C,0x044C --additional-intervals 0x044E,0x044E --additional-intervals 0x2113,0x2113 --additional-intervals 0x2669,0x266F --font-include-intervals 1:0x2669,0x266F --2bit --compress --pnum --darken-aa --zopfli
 */
#pragma once
#include "EpdFontData.h"

static const uint8_t charein_10_boldBitmaps[19922] = {
    0x95, 0x57, 0x01, 0x84, 0x1F, 0x49, 0xD6, 0xFF, 0x75, 0x57, 0x36, 0xBD, 0xD4, 0xF7, 0xE5, 0x2D,
    0xC4, 0xB7, 0xCC, 0x66, 0xFA, 0xC3, 0xE1, 0x90, 0x4D, 0xC1, 0x21, 0xE8, 0x99, 0xEA, 0xDB, 0xC5,
    0xE1, 0xB0, 0xC1, 0x66, 0x17, 0x71, 0xB2, 0x00, 0x38, 0x66, 0x8F, 0x20, 0x98, 0xA4, 0xEB, 0x6E,
    0x01, 0x07, 0x81, 0xBD, 0xC3, 0x22, 0x70, 0xE0, 0xB0, 0x37, 0x77, 0xBB, 0xE7, 0xC2, 0xCD, 0x4C,
    0x57, 0x26, 0x80, 0xE5, 0x52, 0xD9, 0xCB, 0x5E, 0x10, 0xA4, 0x76, 0x93, 0x24, 0x38, 0x27, 0x75,
    0x3B, 0xBD, 0x97, 0x5E, 0xDB, 0xDD, 0x75, 0xAF, 0x7A, 0x66, 0x33, 0x23, 0x99, 0xCB, 0xBA, 0x7F,
    0xBD, 0xDF, 0xFB, 0x57, 0xBD, 0xF7, 0xEA, 0xBD, 0xEA, 0xDF, 0xAB, 0xFF, 0xE8, 0x51, 0xD0, 0x35,
    0x0F, 0xA4, 0xA1, 0x70, 0x02, 0x8B, 0xF8, 0x5F, 0x1E, 0x40, 0xB2, 0x2B, 0x54, 0xD5, 0xD2, 0x52,
    0xB5, 0x54, 0x55, 0xD5, 0xF1, 0xE3, 0xC7, 0xBF, 0xFF, 0x32, 0x00, 0x80, 0x24, 0x70, 0x84, 0x80,
    0x57, 0x38, 0xAA, 0x3A, 0x0E, 0x9C, 0xAC, 0xA0, 0x63, 0x74, 0x2F, 0x7C, 0xF5, 0x55, 0x0D, 0x1F,
    0x90, 0xDD, 0x70, 0x88, 0x31, 0x9A, 0xFF, 0xFB, 0xF5, 0x67, 0x28, 0x5E, 0xAF, 0x21, 0x77, 0xC3,
    0x8F, 0x1D, 0x01, 0x5E, 0x7C, 0x11, 0xC0, 0x1A, 0xB2, 0x78, 0xA9, 0x8C, 0xBE, 0xFA, 0xBD, 0x5F,
    0x5F, 0xF3, 0xE3, 0xDA, 0xA5, 0x18, 0xD0, 0x7C, 0x0D, 0x15, 0x6D, 0xCE, 0xB3, 0x3F, 0x87, 0x4B,
    0x1F, 0x75, 0xE1, 0x0F, 0x21, 0x7C, 0x14, 0xC6, 0x68, 0xDB, 0x89, 0xE3, 0x67, 0x39, 0x05, 0xD9,
    0xE1, 0x1C, 0x4E, 0xAC, 0x23, 0xA0, 0x5A, 0xCE, 0x2D, 0x56, 0x95, 0x30, 0xAC, 0x24, 0x58, 0x1D,
    0x03, 0xAA, 0x13, 0x55, 0x6B, 0x96, 0xAB, 0x9F, 0x3D, 0xF6, 0xD4, 0xDF, 0xBD, 0x11, 0xF0, 0xDA,
    0x35, 0x1B, 0x20, 0xDE, 0x63, 0x45, 0x82, 0xD5, 0x31, 0xC1, 0xB6, 0x2A, 0x7B, 0xEC, 0x39, 0x57,
    0x6B, 0xB2, 0x68, 0x20, 0x1F, 0xB2, 0xEB, 0x6A, 0x0F, 0xB2, 0x8C, 0x4F, 0x3B, 0xC8, 0x6F, 0x38,
    0x3E, 0xFE, 0x72, 0x90, 0x31, 0xF7, 0x4A, 0x6D, 0x59, 0x4D, 0xDB, 0x46, 0x8B, 0x08, 0x0D, 0x86,
    0x6D, 0x4D, 0x19, 0x1F, 0xDD, 0x13, 0x93, 0x1C, 0xAA, 0xD5, 0xD5, 0xEA, 0xE4, 0xC9, 0xEF, 0xA1,
    0x2F, 0x3A, 0x32, 0x0A, 0xCB, 0xB8, 0x80, 0x75, 0x0C, 0x4F, 0xC6, 0x3A, 0x56, 0xD9, 0xA6, 0x40,
    0x75, 0xE1, 0xD1, 0x5F, 0x80, 0x36, 0x85, 0xCB, 0x43, 0xD6, 0xA1, 0x67, 0xE7, 0xFE, 0xD1, 0x67,
    0x5D, 0x1E, 0x84, 0x53, 0xE6, 0x02, 0x50, 0x23, 0xB7, 0x49, 0xFE, 0x78, 0x1D, 0x17, 0x5B, 0xE4,
    0x35, 0xE8, 0x1C, 0x16, 0x2B, 0xBC, 0xCC, 0x84, 0x27, 0xC6, 0xFE, 0xE7, 0x60, 0xC4, 0x18, 0xED,
    0xD1, 0x9F, 0x9C, 0x3E, 0xD0, 0xC7, 0x47, 0xB3, 0xCA, 0x0A, 0x2B, 0xEA, 0x45, 0x9C, 0x07, 0xD0,
    0x74, 0x4D, 0xB7, 0xD4, 0xB6, 0x4B, 0xC0, 0xC7, 0x40, 0x40, 0xEE, 0x20, 0x2C, 0x24, 0x40, 0x40,
    0x6A, 0xE1, 0x4C, 0xB1, 0x4F, 0x47, 0x10, 0x26, 0xD9, 0x16, 0x81, 0x0A, 0x69, 0x63, 0x00, 0x98,
    0xAC, 0xE2, 0x61, 0xA0, 0x9F, 0xF7, 0xAA, 0x1E, 0x34, 0x46, 0x8D, 0x4D, 0x96, 0x86, 0xF5, 0xAE,
    0x8C, 0x6C, 0x67, 0x2F, 0xF3, 0xC9, 0x91, 0xD9, 0x00, 0x35, 0xA0, 0x1D, 0x90, 0x3D, 0x57, 0x0E,
    0x8F, 0xF5, 0xDC, 0x6F, 0x53, 0x5E, 0x0E, 0x5A, 0xF4, 0x3A, 0x1B, 0x14, 0x66, 0x87, 0xE8, 0x51,
    0x04, 0x90, 0x85, 0x06, 0xFA, 0x43, 0xC2, 0x1D, 0x29, 0x7F, 0xFB, 0xA1, 0x8E, 0x13, 0x4B, 0x0A,
    0xFE, 0xA0, 0xD3, 0xF9, 0xA0, 0x38, 0x2C, 0x1F, 0x20, 0x03, 0xA2, 0xC1, 0x99, 0x0E, 0xBC, 0xC4,
    0x78, 0x0C, 0xE3, 0x32, 0x86, 0xE4, 0xFD, 0x20, 0x14, 0xB1, 0x86, 0x08, 0x29, 0xA0, 0x0C, 0xD0,
    0x01, 0x8F, 0x83, 0xB8, 0x1B, 0xE4, 0xB5, 0x50, 0x8A, 0xB0, 0x24, 0x42, 0x13, 0xA7, 0xA3, 0x6F,
    0x77, 0x1C, 0xF0, 0x44, 0xCA, 0x38, 0xB0, 0x2C, 0x02, 0x3B, 0x52, 0x72, 0xA1, 0xD8, 0x1D, 0x92,
    0x29, 0x2D, 0x30, 0x1D, 0xC2, 0xC6, 0x9C, 0xB9, 0x57, 0x67, 0x7C, 0x31, 0xD5, 0x58, 0x08, 0x98,
    0x4E, 0x09, 0x0F, 0xB2, 0x50, 0x35, 0x74, 0xE3, 0x74, 0xEC, 0xB9, 0x6E, 0x83, 0xE9, 0x5B, 0x42,
    0x36, 0x4A, 0x33, 0xEC, 0xB0, 0x11, 0xE3, 0x30, 0x4B, 0x1F, 0xB2, 0xE0, 0x79, 0x8F, 0xB4, 0xA0,
    0x1A, 0x6A, 0x26, 0xB7, 0x47, 0x16, 0xB0, 0xDF, 0xC6, 0xF1, 0xF2, 0x61, 0xC7, 0x7B, 0x55, 0xBD,
    0xAE, 0x59, 0xFB, 0x9E, 0xA2, 0x17, 0xD1, 0x97, 0xBF, 0xE3, 0xEA, 0xE3, 0x45, 0x6C, 0x2E, 0xE3,
    0xA2, 0xC6, 0x3A, 0x3D, 0xE8, 0x99, 0x8A, 0x14, 0x7C, 0x2B, 0xA8, 0x1F, 0x0E, 0x1A, 0xC3, 0x5E,
    0x3B, 0xDC, 0x26, 0x31, 0x51, 0xE3, 0x08, 0x30, 0x45, 0x1D, 0x0A, 0x9F, 0x35, 0xB5, 0xEC, 0xB0,
    0xD3, 0xF8, 0xF9, 0x8B, 0xEA, 0x74, 0x2F, 0xB8, 0xE0, 0xFC, 0x79, 0xF6, 0x9E, 0x64, 0x06, 0x50,
    0x06, 0x05, 0xD3, 0xBA, 0xC9, 0xB3, 0x4B, 0x40, 0x07, 0x60, 0xB3, 0x06, 0x0E, 0xF7, 0x60, 0x83,
    0xDB, 0x5D, 0x15, 0x16, 0xBB, 0x9F, 0xF9, 0x16, 0x9E, 0x3E, 0x8D, 0xA7, 0xD7, 0x97, 0x52, 0x24,
    0x90, 0x52, 0xCD, 0x89, 0xE6, 0x84, 0xF3, 0xBE, 0x15, 0x03, 0x79, 0x0F, 0xD9, 0x34, 0xCF, 0xD0,
    0xED, 0xEE, 0x93, 0x23, 0x74, 0x63, 0x96, 0xC9, 0x55, 0xD2, 0xF3, 0xC9, 0xC1, 0xBA, 0xB4, 0x68,
    0x91, 0xF7, 0xC8, 0x2D, 0xB2, 0xB9, 0x9E, 0x60, 0x4F, 0x48, 0x1A, 0x32, 0x3A, 0xA0, 0xFD, 0xD5,
    0x00, 0xD1, 0xA1, 0x04, 0x59, 0x14, 0x46, 0x65, 0xD3, 0xB6, 0x5D, 0x92, 0xB7, 0xBF, 0x70, 0xAB,
    0x4A, 0xDC, 0x70, 0x57, 0x96, 0x8B, 0xAB, 0xBE, 0x5F, 0x95, 0x57, 0x5D, 0xB7, 0x2E, 0xB7, 0x6C,
    0xBF, 0x4E, 0xEF, 0xD9, 0x2B, 0xEB, 0xF4, 0xE3, 0x7A, 0x75, 0xB9, 0xF9, 0x10, 0x4B, 0xEA, 0x76,
    0x0F, 0x95, 0x65, 0x75, 0xDA, 0x7B, 0x08, 0xF9, 0x98, 0x6D, 0x00, 0x2A, 0x25, 0x9D, 0x3F, 0x65,
    0xA2, 0xC1, 0x02, 0x9A, 0x0D, 0x8D, 0x07, 0xFE, 0x14, 0x80, 0x6D, 0xE6, 0xE4, 0x0B, 0xE6, 0xF5,
    0x2A, 0x17, 0xB5, 0x23, 0x8A, 0x18, 0x21, 0xDF, 0x6F, 0x40, 0xD0, 0x66, 0x91, 0x83, 0x97, 0x50,
    0xBA, 0x68, 0xDB, 0xAE, 0x8D, 0x1E, 0xE5, 0x83, 0x11, 0xE4, 0x5A, 0x46, 0xB3, 0x8B, 0x0D, 0xD0,
    0xA7, 0x3D, 0x28, 0x76, 0xA0, 0xBF, 0x45, 0x5E, 0x6B, 0x43, 0x4E, 0xCD, 0x48, 0xF3, 0xF2, 0x41,
    0x44, 0x1B, 0x7B, 0x40, 0x4D, 0x75, 0x3E, 0xAD, 0x18, 0x19, 0xA4, 0x21, 0x5B, 0x18, 0x6D, 0xF2,
    0x5A, 0xD7, 0x80, 0x06, 0xD0, 0x30, 0x78, 0x3E, 0x23, 0xD9, 0x4B, 0xF6, 0xA7, 0xB8, 0x7C, 0x3A,
    0x6B, 0xD2, 0xBE, 0x96, 0x73, 0xA7, 0x3C, 0x9C, 0xD3, 0x92, 0x23, 0x4F, 0xAE, 0x08, 0xE4, 0x44,
    0xB7, 0x8B, 0x7E, 0x6F, 0xCE, 0xF6, 0xD9, 0xCF, 0x71, 0xF7, 0x23, 0x78, 0x1F, 0x63, 0x2C, 0xEF,
    0x5F, 0x20, 0xFB, 0x2A, 0x59, 0x90, 0xF5, 0xBB, 0x12, 0x3D, 0x7D, 0xE6, 0x67, 0x8B, 0x24, 0x4B,
    0x2C, 0xE5, 0xFD, 0xB3, 0x6D, 0x8C, 0x6D, 0x1C, 0xE8, 0xFE, 0x2A, 0xB9, 0xE3, 0xE4, 0x5E, 0x21,
    0xC7, 0xF5, 0x42, 0x92, 0x18, 0xE8, 0xB3, 0x30, 0xCF, 0xB1, 0x23, 0xE5, 0x3D, 0xB4, 0x43, 0xE2,
    0x94, 0x4F, 0x78, 0xC6, 0xCA, 0x20, 0x6C, 0x69, 0x85, 0xD5, 0x06, 0xD8, 0x7B, 0xA2, 0xD8, 0x6B,
    0x66, 0x4D, 0xD7, 0xC4, 0x76, 0x62, 0x3F, 0x71, 0x1C, 0x59, 0x7E, 0x22, 0xCB, 0xFB, 0xEA, 0x76,
    0x50, 0x53, 0xE9, 0x8B, 0x74, 0xEA, 0xF0, 0x0C, 0x62, 0x2A, 0xF8, 0xF6, 0x33, 0xF6, 0x14, 0x9F,
    0xF6, 0xB5, 0x43, 0x79, 0x8F, 0xDC, 0x41, 0xA3, 0xF4, 0xED, 0x90, 0xC5, 0x0E, 0x8D, 0x83, 0x32,
    0x07, 0xCA, 0x3B, 0xCA, 0x7C, 0xAC, 0xEA, 0x2B, 0x1A, 0x1B, 0x23, 0x1A, 0x26, 0x67, 0xD0, 0x9C,
    0xB6, 0xAC, 0xC9, 0xBD, 0x0A, 0x72, 0xE7, 0x41, 0x37, 0x02, 0xE8, 0xAF, 0x16, 0x74, 0x87, 0x11,
    0x1D, 0xE8, 0x76, 0x5A, 0xF7, 0x6C, 0x1F, 0xD8, 0x3F, 0x31, 0x34, 0x4A, 0xAF, 0x1C, 0x1F, 0x81,
    0x8F, 0xC2, 0x3C, 0xB0, 0xE5, 0x3F, 0xC9, 0x8B, 0x9C, 0x94, 0x85, 0xC9, 0xE7, 0x16, 0xB4, 0x3D,
    0xDA, 0xBE, 0x1C, 0x10, 0x1D, 0xB1, 0xB2, 0x34, 0xE5, 0x8F, 0x2C, 0x35, 0xE2, 0x8E, 0x25, 0x2D,
    0x2E, 0xB3, 0xFA, 0xD1, 0x59, 0x4B, 0xEA, 0x3A, 0xB3, 0x44, 0x7F, 0x49, 0xEA, 0x1F, 0xAC, 0xE4,
    0xC0, 0x4A, 0xCC, 0xAA, 0x2B, 0x6D, 0xF9, 0x5A, 0xE0, 0xB2, 0x9F, 0x87, 0xD8, 0xB7, 0x81, 0xB8,
    0xFA, 0xE1, 0x8E, 0x06, 0x78, 0x9A, 0x18, 0x2D, 0x43, 0x5B, 0x4F, 0xA5, 0xF3, 0x44, 0xC1, 0x93,
    0xE8, 0x3D, 0xE5, 0xA3, 0x27, 0x44, 0x46, 0xC3, 0xD0, 0xE9, 0x09, 0x7D, 0xEB, 0xA5, 0xC7, 0x4A,
    0x8F, 0x7C, 0x6C, 0x6A, 0xE9, 0x99, 0x2C, 0x2B, 0x82, 0x36, 0xA2, 0xD7, 0x75, 0x3E, 0xE8, 0x3A,
    0x1B, 0x1A, 0x64, 0xF3, 0xF7, 0xBC, 0x66, 0x7B, 0xF2, 0x73, 0x9C, 0xE7, 0x78, 0x03, 0xD5, 0x23,
    0x5D, 0x7E, 0x7A, 0x30, 0xEC, 0xBB, 0xFC, 0x7A, 0x17, 0xBC, 0xFE, 0x94, 0xED, 0x31, 0x80, 0x6E,
    0x82, 0xD7, 0x7B, 0x60, 0x82, 0xE6, 0x9B, 0xF2, 0x5F, 0xD4, 0x1D, 0x94, 0x4D, 0x17, 0x59, 0x06,
    0xD1, 0x2B, 0x8B, 0x76, 0x02, 0x64, 0x00, 0x0A, 0x86, 0x98, 0x7E, 0x03, 0xA4, 0x1F, 0x61, 0xC7,
    0xE7, 0x98, 0x52, 0xDD, 0x7D, 0x67, 0x68, 0x76, 0xCF, 0x90, 0x7A, 0xB6, 0xBF, 0x5F, 0xCD, 0xBE,
    0x9E, 0xC9, 0x21, 0x67, 0x4A, 0x1E, 0x04, 0x55, 0x07, 0x0D, 0x3E, 0xC3, 0x4B, 0xDA, 0xA3, 0x9C,
    0x50, 0x44, 0xAE, 0x13, 0x40, 0xDD, 0x0F, 0x44, 0x7F, 0x5E, 0x74, 0xAB, 0x22, 0x5C, 0x5C, 0x71,
    0x6A, 0x9A, 0xDF, 0x74, 0xBE, 0x6E, 0xCE, 0x98, 0xA0, 0x0B, 0x86, 0x30, 0xD0, 0xC0, 0x77, 0xA2,
    0xAD, 0x21, 0xA2, 0x47, 0x3B, 0xD0, 0xA0, 0xEE, 0x15, 0xF7, 0xC8, 0xE6, 0xEE, 0x39, 0xB0, 0x09,
    0xD2, 0x09, 0x5B, 0x04, 0x61, 0xF8, 0xAF, 0x03, 0xD0, 0xF4, 0x88, 0x1D, 0xF5, 0x8D, 0x97, 0xBC,
    0x57, 0x58, 0x72, 0x85, 0x29, 0x82, 0xAC, 0x45, 0x20, 0xE4, 0xFD, 0x22, 0x53, 0x75, 0x1C, 0x18,
    0x2A, 0x60, 0xF3, 0x3C, 0xA0, 0xD7, 0x18, 0x01, 0x50, 0x89, 0x6D, 0x3B, 0x23, 0x06, 0x95, 0x47,
    0x28, 0xAB, 0xEB, 0x55, 0x94, 0x56, 0xDB, 0x93, 0x6C, 0x6C, 0xEC, 0xB9, 0x44, 0x96, 0x5B, 0x83,
    0xF4, 0x8F, 0x7D, 0x80, 0x08, 0x77, 0x83, 0x87, 0xF8, 0xF2, 0xDA, 0x3F, 0x1D, 0xC4, 0xE3, 0xAD,
    0x7F, 0x59, 0xE4, 0xDF, 0x98, 0x68, 0x81, 0x58, 0x47, 0xC3, 0x1A, 0x6D, 0x9D, 0x74, 0x03, 0xAE,
    0x02, 0x0D, 0xA0, 0xC2, 0x32, 0xBE, 0xFD, 0xA9, 0x18, 0x19, 0x4E, 0x40, 0xF4, 0x15, 0x9F, 0x24,
    0x00, 0xD1, 0x01, 0xDA, 0x02, 0x8A, 0xA1, 0x3D, 0x12, 0x8D, 0xD8, 0xDE, 0xF9, 0x1B, 0x2A, 0xEB,
    0x16, 0xAA, 0x6E, 0x4C, 0xDC, 0x8A, 0x21, 0x06, 0x1D, 0x56, 0x5C, 0x69, 0xC8, 0x11, 0x8A, 0xF0,
    0x2A, 0x44, 0x97, 0xF6, 0x7F, 0x0C, 0x4C, 0x01, 0x68, 0xEC, 0x6E, 0x0E, 0xF3, 0x14, 0x1C, 0x10,
    0x3B, 0xE8, 0x38, 0x2E, 0xBF, 0x35, 0x56, 0x62, 0xA8, 0x8A, 0x00, 0xF2, 0xA9, 0x94, 0xAE, 0xD1,
    0x3E, 0x79, 0xA1, 0x38, 0x44, 0x7E, 0x51, 0xD9, 0x13, 0xFA, 0xFD, 0x8B, 0x4D, 0x9C, 0xF4, 0xA0,
    0xDF, 0x5C, 0xC6, 0xF3, 0x86, 0x1E, 0x8E, 0x9E, 0x0A, 0x00, 0xB3, 0x57, 0x01, 0x8B, 0x00, 0x01,
    0xC2, 0x40, 0x58, 0xC0, 0x03, 0x01, 0x38, 0x09, 0x30, 0xC3, 0x47, 0x00, 0x39, 0x3B, 0xF2, 0x1D,
    0xC7, 0x5A, 0xD3, 0x1F, 0xED, 0xF1, 0xDC, 0xC1, 0x11, 0xA7, 0xC8, 0xAA, 0x50, 0x75, 0xFC, 0x70,
    0x88, 0xC3, 0xE9, 0x37, 0x3B, 0x8C, 0x50, 0x28, 0xEC, 0xE1, 0x68, 0xD4, 0x65, 0xAF, 0x5F, 0x0F,
    0x2F, 0x88, 0x80, 0x95, 0xC0, 0x2F, 0xA3, 0x5A, 0x84, 0x66, 0x16, 0x1D, 0xBB, 0xF2, 0xEE, 0x58,
    0x5A, 0xB4, 0x16, 0xF4, 0x44, 0x1E, 0x79, 0xBA, 0x35, 0x90, 0x9D, 0xC8, 0xB6, 0x64, 0x1B, 0xB2,
    0x7A, 0xD6, 0x1B, 0x64, 0x07, 0xBA, 0x1D, 0x28, 0xBD, 0x20, 0xD4, 0xF2, 0xEF, 0x4E, 0xBD, 0xC7,
    0x79, 0xBC, 0x06, 0x9A, 0x59, 0xF4, 0xCC, 0x1A, 0x7D, 0xB5, 0x96, 0xC7, 0x4B, 0xC8, 0xD6, 0x01,
    0x39, 0x00, 0xD8, 0x43, 0x16, 0x87, 0xF9, 0xE7, 0xAB, 0xCC, 0x00, 0x8D, 0x01, 0xCD, 0x3E, 0xE8,
    0x9A, 0xC1, 0x3F, 0x99, 0x32, 0x8E, 0x28, 0xFA, 0x58, 0xE7, 0xB1, 0xA6, 0xDB, 0x5E, 0xF1, 0xF9,
    0xF2, 0xAE, 0x89, 0x7D, 0x73, 0xFA, 0xD4, 0x5E, 0x81, 0xFB, 0x57, 0xF2, 0xE8, 0xD1, 0xD4, 0xF9,
    0x1D, 0x5B, 0x6C, 0xD5, 0x3B, 0x27, 0x6E, 0x78, 0xEB, 0x4D, 0x9E, 0x1C, 0x20, 0xA5, 0x43, 0xDB,
    0x23, 0x8F, 0x13, 0xDD, 0xE9, 0x98, 0x02, 0x2D, 0x92, 0xA8, 0x4F, 0x9C, 0x8C, 0xB5, 0xB0, 0x90,
    0x37, 0x21, 0xA3, 0x2B, 0xDB, 0xF4, 0x96, 0x75, 0x11, 0x83, 0xCE, 0x3A, 0x75, 0xDB, 0xCB, 0x09,
    0xA5, 0x05, 0x5A, 0x06, 0xED, 0xC7, 0x27, 0x01, 0x94, 0x1E, 0xE2, 0x2A, 0xC3, 0x8E, 0x8C, 0x8D,
    0x67, 0x50, 0xDA, 0x09, 0xED, 0x76, 0x34, 0xD2, 0x92, 0x95, 0x16, 0x00, 0xA4, 0x6D, 0x2C, 0x3D,
    0x35, 0x9A, 0xD4, 0xB0, 0x01, 0x57, 0x00, 0x30, 0x53, 0xC5, 0x80, 0x83, 0x46, 0xBF, 0x16, 0x26,
    0xDF, 0xD4, 0x07, 0x9E, 0xE4, 0xDA, 0xC4, 0xA7, 0x08, 0xFC, 0x6D, 0x41, 0xD7, 0xC1, 0x0D, 0x63,
    0x44, 0x9E, 0xDF, 0x71, 0xE9, 0x94, 0x6C, 0xEF, 0xA0, 0x6E, 0x8C, 0x68, 0x43, 0xAC, 0x17, 0xE6,
    0xFA, 0x07, 0x8F, 0xD2, 0xB5, 0xFD, 0xC2, 0x65, 0xDF, 0xA2, 0x8D, 0x31, 0xDA, 0x72, 0x8B, 0x2F,
    0x42, 0x69, 0x06, 0x72, 0xAC, 0xE4, 0xC1, 0xCA, 0xB2, 0x97, 0x9F, 0x4F, 0xF7, 0x0B, 0x5C, 0xA6,
    0xFD, 0x4E, 0x32, 0x46, 0x34, 0xDB, 0xA9, 0x9B, 0x86, 0x1E, 0x06, 0xEE, 0xBB, 0xC6, 0xD8, 0x60,
    0x73, 0x47, 0x78, 0xCE, 0x16, 0xB6, 0xB3, 0x77, 0xE1, 0x7A, 0xE0, 0x5C, 0x74, 0x75, 0xFF, 0x85,
    0x63, 0xD9, 0x24, 0x2E, 0x77, 0xAB, 0xA3, 0x68, 0x9E, 0x74, 0x53, 0x39, 0xB4, 0x1D, 0x52, 0x47,
    0xE5, 0xFD, 0xBD, 0xAB, 0xA4, 0x9F, 0xBE, 0x4A, 0x76, 0x98, 0x3B, 0x55, 0x8C, 0x03, 0x80, 0x7D,
    0xC8, 0x46, 0xB0, 0x03, 0x0B, 0x9F, 0xD8, 0xF6, 0x91, 0x2D, 0xA3, 0xA5, 0x5B, 0xF6, 0xE9, 0xEB,
    0x62, 0xE7, 0xE4, 0x11, 0xEA, 0x83, 0x5A, 0x8B, 0x5A, 0xBF, 0x06, 0x1D, 0x40, 0x13, 0xB2, 0x68,
    0xDE, 0x55, 0xF6, 0x5D, 0x32, 0x17, 0x1A, 0xE8, 0x1E, 0xC2, 0xCA, 0xD4, 0xC7, 0x58, 0xDE, 0x7C,
    0x8A, 0xD3, 0xA9, 0x18, 0x17, 0xEC, 0x3A, 0xDA, 0x6B, 0x89, 0x96, 0xE7, 0x20, 0x8E, 0x10, 0x63,
    0x34, 0xF1, 0xCB, 0xB8, 0x62, 0xAF, 0x90, 0x5D, 0x23, 0x1B, 0xE4, 0xE7, 0x4E, 0x7C, 0x69, 0xC5,
    0xB6, 0xE1, 0xDB, 0x8F, 0x08, 0x4C, 0xC0, 0x2A, 0xA2, 0x1F, 0x94, 0x6F, 0x98, 0x7B, 0x53, 0xFE,
    0x62, 0x92, 0xDC, 0xD9, 0x48, 0xAC, 0xDA, 0x23, 0x90, 0xB7, 0xD4, 0x4F, 0x21, 0xBE, 0xA1, 0x75,
    0x88, 0x89, 0x7A, 0xE4, 0xA3, 0xEC, 0x90, 0x0D, 0x45, 0x00, 0x7A, 0x11, 0x10, 0xEF, 0x0E, 0x6A,
    0xAB, 0xE3, 0x37, 0x89, 0x22, 0xB2, 0x0B, 0x60, 0x89, 0x10, 0x8F, 0x8C, 0x7C, 0xC3, 0x9D, 0x28,
    0x42, 0x7C, 0x63, 0x9C, 0x0B, 0xAF, 0xEF, 0x14, 0x2E, 0xE6, 0xC2, 0xF9, 0x63, 0x93, 0xED, 0x14,
    0xDE, 0x04, 0xAA, 0x59, 0xCE, 0xA1, 0x0A, 0x68, 0x2C, 0x34, 0xA0, 0xA3, 0x5B, 0x5A, 0xB1, 0x27,
    0xB5, 0xF9, 0xFF, 0x16, 0x18, 0xBF, 0xFD, 0x57, 0xCA, 0x79, 0x6D, 0x43, 0xF3, 0x56, 0x68, 0x62,
    0x80, 0xB2, 0x98, 0x6A, 0xF4, 0xC8, 0xBA, 0x3D, 0xC9, 0x03, 0x0A, 0x0F, 0x5D, 0x63, 0xC1, 0xF1,
    0x7C, 0x9F, 0xAB, 0x07, 0x46, 0xA4, 0xD4, 0xC0, 0x3B, 0xE1, 0xE0, 0x4F, 0x5B, 0xA3, 0xB4, 0x10,
    0x1E, 0x22, 0xEC, 0x09, 0x27, 0x41, 0x0F, 0x68, 0x83, 0x91, 0xE7, 0xFB, 0x5C, 0x1E, 0xE4, 0xD0,
    0x1A, 0xBC, 0x04, 0x00, 0x38, 0x24, 0x27, 0x7E, 0x15, 0x3F, 0x1B, 0xBB, 0x73, 0x68, 0x2D, 0x2F,
    0xF1, 0x6F, 0xAD, 0x97, 0x01, 0x84, 0x65, 0xD7, 0x19, 0xC7, 0x7F, 0xF7, 0x9E, 0x74, 0x6F, 0xF5,
    0x26, 0x73, 0x96, 0x5A, 0xCA, 0xEE, 0xEE, 0x0D, 0x00, 0x9D, 0x99, 0xBB, 0x74, 0xC9, 0xD0, 0xFB,
    0xF6, 0xDC, 0x74, 0x11, 0x94, 0x24, 0xC8, 0x28, 0xDA, 0x36, 0x05, 0x00, 0x9D, 0x45, 0xCA, 0x60,
    0x92, 0x7B, 0x59, 0x14, 0x85, 0x42, 0x40, 0x55, 0x0A, 0x00, 0x95, 0x6D, 0x2D, 0x79, 0x78, 0x33,
    0xEF, 0x9B, 0x2C, 0x16, 0x8B, 0xBD, 0xD9, 0x74, 0x05, 0x8B, 0x9C, 0x64, 0x77, 0x77, 0x55, 0x53,
    0x39, 0xB2, 0x37, 0x9B, 0x97, 0xE6, 0xBE, 0x77, 0x7A, 0xEE, 0x9B, 0xC9, 0x8E, 0x49, 0x37, 0xC9,
    0x64, 0xCD, 0x39, 0xDF, 0xFF, 0xBB, 0xDF, 0xFD, 0xBE, 0xFF, 0xF7, 0xFF, 0xCE, 0x7B, 0xF7, 0xF2,
    0x66, 0x96, 0x31, 0x18, 0x96, 0x81, 0x27, 0x39, 0xC9, 0xA9, 0x10, 0xE5, 0x98, 0x2F, 0x77, 0x99,
    0xC3, 0xF7, 0xE1, 0x44, 0x6F, 0xB1, 0xB7, 0xFA, 0x3F, 0xCE, 0x9C, 0xB8, 0xF8, 0xDA, 0x89, 0xF3,
    0x9B, 0x27, 0xD8, 0xB1, 0x10, 0x9B, 0x5F, 0x5D, 0x0C, 0xF9, 0x50, 0x9D, 0xD3, 0xE6, 0xFC, 0xDC,
    0x31, 0x1B, 0x45, 0xED, 0x6B, 0xCA, 0x15, 0xCA, 0xB1, 0x63, 0xB9, 0xB7, 0xC9, 0xA7, 0x65, 0x1F,
    0x5B, 0x12, 0x41, 0x97, 0x18, 0x3F, 0x0B, 0x06, 0xB0, 0x42, 0xCA, 0xA9, 0xF1, 0xDF, 0x48, 0xEE,
    0xB6, 0xA4, 0x9C, 0x61, 0x81, 0x45, 0x9E, 0xE2, 0xC4, 0xFC, 0x9A, 0x86, 0x6A, 0xF2, 0x4E, 0xCB,
    0x82, 0xFF, 0x68, 0xCE, 0x3B, 0x4A, 0x84, 0x77, 0x55, 0x93, 0x4B, 0x56, 0x6A, 0x59, 0x22, 0xB5,
    0x05, 0xCA, 0x5D, 0xA2, 0x9A, 0x78, 0x39, 0x36, 0xBB, 0x01, 0x63, 0x01, 0x53, 0x53, 0xF9, 0x70,
    0x5F, 0xBD, 0x0E, 0xA6, 0xDC, 0x45, 0x4D, 0xEC, 0x1D, 0xF2, 0xE5, 0x82, 0xBD, 0x38, 0xF6, 0xB5,
    0xBE, 0x29, 0x79, 0x24, 0x06, 0xC9, 0x85, 0x74, 0x42, 0xE2, 0xCB, 0x53, 0xB9, 0x14, 0xCA, 0x16,
    0xB1, 0x3D, 0x1B, 0xDB, 0xFC, 0xA6, 0x68, 0x4F, 0xEC, 0x21, 0x97, 0x1F, 0xA5, 0x52, 0x24, 0x32,
    0xD0, 0x92, 0xCF, 0x00, 0x86, 0x1B, 0xDD, 0xE6, 0x70, 0x03, 0x00, 0xB2, 0x19, 0x30, 0xFD, 0xA5,
    0x45, 0x09, 0xEB, 0x68, 0xE5, 0xC3, 0xA7, 0xC8, 0xFE, 0xFC, 0x1C, 0x67, 0xCE, 0xAA, 0x73, 0xE5,
    0xE9, 0x51, 0xFC, 0x33, 0x39, 0xDF, 0x81, 0x9C, 0x9F, 0xC0, 0x4E, 0x74, 0x7A, 0x14, 0x45, 0x72,
    0x66, 0xA0, 0xCE, 0xD5, 0x8B, 0xF9, 0x73, 0xCF, 0xB1, 0x90, 0xFA, 0xE7, 0x51, 0x35, 0x05, 0x4C,
    0x8E, 0x58, 0xC8, 0x7D, 0x09, 0x00, 0xB9, 0x2B, 0x2E, 0x31, 0x5C, 0x1E, 0x0E, 0x87, 0x9B, 0x43,
    0xB3, 0x69, 0xA6, 0xF1, 0x75, 0x51, 0x57, 0x6A, 0xFD, 0x02, 0x79, 0xCE, 0xE0, 0x55, 0x46, 0x23,
    0x5E, 0xDD, 0x20, 0x37, 0x84, 0x4C, 0xC8, 0x87, 0x2A, 0x80, 0xF1, 0xBE, 0x3C, 0xB6, 0xFA, 0x8B,
    0x12, 0xD4, 0x1E, 0x88, 0x78, 0xE4, 0x59, 0xC7, 0x5D, 0x38, 0xEB, 0x72, 0x95, 0x70, 0x66, 0x59,
    0xAB, 0xF2, 0xF4, 0xB2, 0x8E, 0xE5, 0xFC, 0xF2, 0x00, 0x39, 0x9F, 0x4F, 0x08, 0xD1, 0x26, 0x72,
    0x7A, 0x39, 0x0F, 0x67, 0x3D, 0xAB, 0xC3, 0x59, 0xC7, 0x7F, 0xFC, 0x8C, 0x85, 0x63, 0xFC, 0xE6,
    0x91, 0x67, 0x05, 0xDF, 0xAD, 0xBE, 0x04, 0x86, 0x7B, 0xF5, 0xB6, 0x5C, 0xAF, 0x2B, 0x80, 0x27,
    0xF7, 0xC3, 0xF7, 0x4F, 0xE7, 0xD7, 0xAB, 0xFB, 0xF3, 0xBB, 0x6B, 0x75, 0x75, 0xB5, 0xEC, 0xEB,
    0xA9, 0x2D, 0x36, 0x8A, 0x82, 0x82, 0x61, 0xE4, 0x92, 0x7A, 0x69, 0x61, 0x3C, 0x3B, 0xF6, 0xD2,
    0xF1, 0x90, 0x5B, 0x09, 0x99, 0xA4, 0x65, 0xF0, 0xF4, 0x60, 0x7D, 0x23, 0xB3, 0xB1, 0x4D, 0x5D,
    0x56, 0x17, 0x9C, 0x4D, 0x9A, 0x47, 0x9A, 0xD1, 0xFF, 0x32, 0xBE, 0xFB, 0xE9, 0x07, 0xED, 0x0A,
    0xAC, 0xC3, 0x08, 0xBA, 0x79, 0x90, 0xF8, 0x36, 0xFF, 0x6F, 0x63, 0x1E, 0x48, 0xF5, 0x40, 0xC6,
    0x73, 0x1F, 0xE2, 0xFC, 0x81, 0x1C, 0x79, 0x20, 0xC4, 0x8F, 0xB2, 0x48, 0xC2, 0x71, 0x9E, 0xE4,
    0x29, 0xB4, 0xA8, 0xB0, 0x4D, 0x0D, 0xB0, 0xC6, 0x9B, 0x68, 0xF6, 0x76, 0xD5, 0x68, 0x57, 0x14,
    0xC3, 0xA5, 0xF0, 0xA8, 0x96, 0x8A, 0x22, 0xB5, 0xA6, 0x73, 0x8E, 0x8D, 0x75, 0x06, 0x03, 0xB2,
    0x0C, 0x7D, 0xAD, 0x4E, 0xAF, 0x8A, 0xBE, 0x26, 0x21, 0x0E, 0x99, 0x62, 0x9D, 0x50, 0x3D, 0x2E,
    0x14, 0xFC, 0x58, 0x78, 0x05, 0x25, 0xD8, 0xE0, 0x62, 0x09, 0x4E, 0xD5, 0xC1, 0x69, 0x82, 0x3B,
    0xD9, 0xBB, 0x22, 0xA9, 0x73, 0x77, 0x31, 0xAB, 0xC1, 0x3E, 0xD3, 0x57, 0xDE, 0xAD, 0x49, 0xCE,
    0x5D, 0xA8, 0xD1, 0x89, 0x77, 0x2C, 0x92, 0x08, 0x2B, 0xA8, 0x9A, 0xDF, 0xF6, 0x0E, 0x8E, 0x92,
    0xF7, 0x7A, 0x3F, 0xFC, 0x7A, 0xBD, 0x95, 0xAA, 0x56, 0xF2, 0xF7, 0x5B, 0x36, 0x6F, 0x3F, 0xFC,
    0xC0, 0xA1, 0xE4, 0x59, 0x47, 0x52, 0xAA, 0x06, 0x4D, 0x5A, 0xB2, 0xC8, 0xD2, 0x51, 0x56, 0x68,
    0x4F, 0xE3, 0x62, 0xEF, 0x28, 0x59, 0x7D, 0x11, 0x80, 0xAC, 0x0D, 0xA5, 0xC1, 0x88, 0x33, 0x14,
    0x05, 0x0E, 0x86, 0x91, 0x90, 0xB8, 0xA0, 0x1C, 0x8D, 0x52, 0x60, 0xB0, 0x00, 0x2B, 0x1B, 0x45,
    0x22, 0xA6, 0x7D, 0x45, 0x4B, 0x84, 0xFD, 0x89, 0x10, 0xCB, 0xBB, 0x82, 0xBA, 0x70, 0x41, 0xD0,
    0xCA, 0xB7, 0x9C, 0x44, 0x09, 0x45, 0xEF, 0xC2, 0x49, 0x85, 0x21, 0x74, 0x73, 0x0B, 0x01, 0x70,
    0xA6, 0xB7, 0xB8, 0x25, 0xB3, 0x98, 0x92, 0x2D, 0xD8, 0x84, 0xAD, 0x44, 0xAA, 0x54, 0xF2, 0x8F,
    0x25, 0x99, 0x01, 0x40, 0x0B, 0x74, 0x40, 0x0E, 0x24, 0x02, 0x00, 0x59, 0x0D, 0xB9, 0x80, 0x69,
    0xA0, 0xB2, 0xF0, 0x96, 0x83, 0xFB, 0x2D, 0xD1, 0x87, 0x1D, 0xF1, 0x76, 0x87, 0x92, 0x29, 0x89,
    0xF7, 0xA4, 0xAF, 0x57, 0x68, 0x4C, 0x7D, 0x8A, 0x5C, 0x06, 0x64, 0x8D, 0x97, 0x71, 0xFB, 0x50,
    0x54, 0x05, 0xE8, 0x06, 0x96, 0x38, 0x0C, 0xCD, 0xBD, 0xDE, 0xCF, 0x1D, 0xD8, 0xF5, 0xC3, 0xD1,
    0xDC, 0x5A, 0x27, 0xBA, 0xEA, 0x00, 0x0E, 0x45, 0x2F, 0x72, 0x13, 0xE2, 0xB6, 0x03, 0x77, 0x09,
    0x38, 0xC4, 0xCF, 0xFD, 0x7B, 0x0B, 0x17, 0x2F, 0xEE, 0x5C, 0x73, 0x39, 0x1C, 0xED, 0x50, 0xE8,
    0x88, 0xFC, 0x8D, 0x0D, 0xA2, 0xF7, 0x65, 0x11, 0x75, 0x4D, 0x20, 0x7D, 0x41, 0x1A, 0x16, 0x74,
    0x70, 0x8B, 0x7A, 0xBB, 0x61, 0x45, 0xFB, 0x06, 0xEF, 0xA5, 0x89, 0x44, 0x0B, 0x2A, 0xB8, 0x1F,
    0xA4, 0xA5, 0x16, 0xAD, 0x09, 0x6E, 0x99, 0xEC, 0xC6, 0x5A, 0x50, 0xF2, 0x9E, 0x7C, 0x56, 0xC6,
    0xB3, 0xB5, 0x3A, 0x75, 0x69, 0xAD, 0x25, 0xA9, 0x4D, 0x1D, 0x97, 0xA6, 0x04, 0x03, 0x54, 0xEC,
    0xFD, 0x60, 0xF4, 0xF9, 0x4C, 0x92, 0x39, 0x2F, 0x9E, 0xBD, 0x5C, 0xF7, 0x7D, 0xA8, 0x12, 0x94,
    0x03, 0x76, 0xA1, 0x2D, 0xBB, 0x4B, 0x35, 0xA8, 0x16, 0x46, 0xA0, 0x01, 0xC6, 0x7E, 0x9A, 0xDD,
    0x79, 0x55, 0xCB, 0x92, 0x16, 0xB4, 0xD8, 0x5D, 0xF3, 0x56, 0xDF, 0xB0, 0xF3, 0x4C, 0xAA, 0x45,
    0x07, 0xCB, 0xEE, 0xBC, 0xDC, 0x1F, 0x09, 0x50, 0x16, 0x6D, 0xC9, 0x4B, 0xD6, 0x1F, 0xAB, 0xBD,
    0x02, 0x5F, 0xC7, 0xB7, 0x44, 0x6D, 0xDB, 0xC7, 0x68, 0x57, 0x97, 0x6D, 0x72, 0xCB, 0xA9, 0xB7,
    0x1B, 0x78, 0x8C, 0xE9, 0x23, 0x2A, 0xB2, 0x3A, 0xB6, 0x30, 0xEE, 0xB2, 0xDB, 0xBA, 0x79, 0xD4,
    0xCE, 0xEC, 0xB8, 0x03, 0x36, 0xA2, 0x4E, 0x59, 0xCD, 0xB7, 0x33, 0x75, 0x93, 0xBB, 0x62, 0x78,
    0xA9, 0xF8, 0x76, 0xE6, 0xA8, 0xE8, 0x36, 0xD7, 0x0B, 0xBE, 0x55, 0x73, 0xEC, 0x5B, 0xB2, 0xBB,
    0xBE, 0x57, 0x96, 0x90, 0xB3, 0xBA, 0x49, 0x9C, 0x6E, 0x54, 0xDB, 0xC3, 0xFB, 0x73, 0x93, 0xEC,
    0xCE, 0x4E, 0xBC, 0x93, 0xD7, 0x76, 0xCE, 0xBB, 0xE3, 0xE9, 0xFB, 0x00, 0x30, 0x7F, 0x81, 0xBB,
    0x13, 0xBE, 0x5C, 0x63, 0xA7, 0xBB, 0xAC, 0x3D, 0xD2, 0xEA, 0x0E, 0xAB, 0x67, 0x01, 0xE3, 0x00,
    0x23, 0x56, 0x67, 0x8D, 0xD5, 0xDA, 0x59, 0xAD, 0x26, 0x56, 0xC7, 0x53, 0xAB, 0xF1, 0x01, 0x55,
    0x80, 0xB1, 0x59, 0xA9, 0xED, 0xD8, 0xA6, 0x16, 0x80, 0x0D, 0xA0, 0x02, 0xB4, 0x40, 0xB4, 0x93,
    0x62, 0x6D, 0x42, 0x3C, 0xAD, 0xCA, 0x34, 0x4C, 0xCF, 0x44, 0x39, 0x53, 0xAB, 0x89, 0x29, 0xE3,
    0xCE, 0x94, 0x51, 0x57, 0x11, 0xCD, 0xAF, 0xF3, 0xFB, 0x90, 0xEF, 0xEB, 0x81, 0x67, 0x03, 0xBF,
    0x26, 0x9F, 0xC0, 0x43, 0xD1, 0x0E, 0x94, 0x83, 0xB4, 0x3C, 0x1C, 0x4D, 0x6D, 0x21, 0x73, 0x30,
    0x18, 0xC1, 0xFA, 0xD2, 0xE1, 0x68, 0xF6, 0xDF, 0xE5, 0x3F, 0xE6, 0xF1, 0xE1, 0xE8, 0x6D, 0x0C,
    0xA0, 0x7B, 0x0D, 0xD6, 0x8B, 0x43, 0xD1, 0x3C, 0x43, 0xC2, 0x22, 0xA7, 0x48, 0x59, 0x21, 0x16,
    0x0B, 0x6F, 0xD5, 0x60, 0x80, 0xAA, 0x24, 0xFA, 0xB0, 0x21, 0xA9, 0x2F, 0x85, 0xEA, 0x52, 0xA8,
    0xA6, 0xEC, 0xAD, 0x48, 0x58, 0xFB, 0xA2, 0xEE, 0x35, 0x7A, 0xAD, 0x4C, 0xF2, 0x30, 0xF3, 0x99,
    0x30, 0xF3, 0x93, 0xCE, 0x3C, 0x7B, 0xBD, 0xAB, 0xD4, 0x76, 0x67, 0x7E, 0x1E, 0x66, 0x3E, 0x1F,
    0x66, 0x7E, 0x14, 0x66, 0x4E, 0x94, 0xD3, 0xFD, 0x1B, 0x18, 0xF8, 0xEA, 0xE3, 0x09, 0x09, 0x10,
    0x01, 0xFB, 0xDE, 0x8D, 0x4C, 0x20, 0xB6, 0x00, 0x8C, 0x3B, 0xDD, 0xE5, 0xB7, 0x93, 0xDB, 0x5A,
    0xE2, 0xE6, 0x1B, 0x20, 0x3D, 0xD2, 0x46, 0x49, 0xFF, 0xD3, 0x1C, 0xCF, 0xD6, 0xA0, 0x9A, 0xEC,
    0x89, 0x46, 0x1D, 0x28, 0x0B, 0x9A, 0xC3, 0xD1, 0xD4, 0x16, 0x72, 0x07, 0xC5, 0x10, 0x2E, 0x15,
    0x87, 0xA3, 0x39, 0x2A, 0xA0, 0xDB, 0xDA, 0x7B, 0x96, 0x87, 0xA1, 0x19, 0x39, 0x50, 0x01, 0x5A,
    0x60, 0x09, 0x00, 0xBC, 0x33, 0x6E, 0xAD, 0xC9, 0x6A, 0xDD, 0x68, 0x12, 0xB7, 0x84, 0x6A, 0x0B,
    0xA2, 0xEE, 0x12, 0xCC, 0x1C, 0x54, 0x02, 0x26, 0x20, 0xAF, 0xBF, 0x82, 0x06, 0x7C, 0xCB, 0xB8,
    0x83, 0xEC, 0x36, 0xE8, 0x26, 0xC0, 0x3B, 0xF4, 0xDD, 0x69, 0x88, 0xC7, 0x01, 0x66, 0x0F, 0xFD,
    0xFD, 0xF5, 0x6E, 0xA7, 0xFE, 0xCF, 0x39, 0x7F, 0xDE, 0x07, 0x40, 0xEE, 0x88, 0x3E, 0x9F, 0xA2,
    0x02, 0x2F, 0x15, 0x83, 0x9E, 0xA3, 0x42, 0xBF, 0xED, 0xD0, 0x97, 0x2D, 0xFA, 0x8A, 0x0B, 0xE8,
    0xC2, 0xBD, 0x2F, 0xB5, 0x8C, 0x45, 0x8B, 0xB6, 0xFA, 0x8A, 0xEA, 0xD1, 0xE4, 0xEF, 0xBD, 0x21,
    0xE3, 0xCF, 0x66, 0xA4, 0x35, 0xA9, 0x25, 0x9E, 0xC0, 0x12, 0xC0, 0x11, 0x5F, 0xE7, 0x6F, 0x58,
    0x73, 0xCE, 0x7D, 0x4F, 0x39, 0xD6, 0x5C, 0xFA, 0x85, 0x33, 0xCA, 0x55, 0x73, 0x33, 0xBE, 0xCD,
    0x6E, 0x4D, 0x49, 0x84, 0x4C, 0x38, 0x0B, 0xED, 0xC1, 0xF8, 0x1D, 0xB1, 0x47, 0x5D, 0x2B, 0xF5,
    0x39, 0x39, 0x10, 0x1F, 0x54, 0x2B, 0x0B, 0x55, 0xFD, 0x04, 0x07, 0xD2, 0x4F, 0xFF, 0x20, 0xFA,
    0x6A, 0x13, 0x3C, 0x70, 0x40, 0x7D, 0xA6, 0xA8, 0xF7, 0x51, 0xE7, 0x4A, 0x75, 0xB5, 0x8F, 0x39,
    0x7A, 0xA0, 0xC6, 0xC4, 0xE7, 0x36, 0x5F, 0xFB, 0x7C, 0x62, 0x52, 0x3B, 0x22, 0xB1, 0x5B, 0xD1,
    0xD8, 0xCF, 0xF4, 0xBD, 0x3B, 0x2F, 0x99, 0xC4, 0x52, 0xCD, 0xE1, 0x30, 0x6F, 0xCE, 0x7E, 0x97,
    0xD9, 0x6A, 0x12, 0xF9, 0x32, 0xFD, 0x77, 0x93, 0x5F, 0x08, 0x1A, 0xD6, 0x40, 0x35, 0x37, 0x03,
    0x79, 0x8D, 0xFE, 0xF4, 0x62, 0xEC, 0xFF, 0xC4, 0x0A, 0x18, 0xE6, 0x5F, 0x7E, 0xC9, 0x0C, 0x20,
    0x11, 0x82, 0x40, 0x34, 0x81, 0x65, 0x80, 0xD8, 0x97, 0xFA, 0xA6, 0xCD, 0xC3, 0xF0, 0xB8, 0xAD,
    0xFC, 0xA4, 0x5A, 0x7D, 0x71, 0x4F, 0xE1, 0xCE, 0x30, 0xF6, 0x96, 0x44, 0xD0, 0x82, 0x81, 0xF6,
    0x60, 0xFC, 0x19, 0x91, 0x47, 0xDD, 0xAC, 0xD3, 0x0B, 0x72, 0x10, 0x7E, 0x72, 0x59, 0xF4, 0x95,
    0xDE, 0xC3, 0x81, 0xF4, 0x87, 0xCC, 0xC8, 0x4B, 0xD5, 0x40, 0x2A, 0x95, 0xE8, 0xAF, 0xEC, 0x6A,
    0xC2, 0x30, 0xEA, 0x12, 0xAB, 0xF9, 0xBA, 0xBA, 0x72, 0xA4, 0x1D, 0x7A, 0x40, 0xA1, 0x01, 0x62,
    0x47, 0xE6, 0x50, 0x5F, 0x63, 0xD9, 0x8C, 0x41, 0x86, 0x31, 0xBD, 0x87, 0x03, 0xF1, 0x81, 0x78,
    0x72, 0x3A, 0xF5, 0x8E, 0xAA, 0xC6, 0x8B, 0x7A, 0xDF, 0x46, 0x89, 0x8B, 0xFD, 0x44, 0xDF, 0xED,
    0xF2, 0xBA, 0x33, 0x4C, 0x2B, 0xB6, 0xE6, 0x36, 0x35, 0x74, 0x79, 0x39, 0xD1, 0xF7, 0x42, 0xB5,
    0x06, 0x88, 0x26, 0xE7, 0x51, 0x6B, 0x0D, 0x11, 0x00, 0x70, 0xFC, 0xAA, 0x63, 0xEC, 0x3B, 0xF4,
    0x76, 0x80, 0x4C, 0x03, 0x36, 0xFF, 0x0F, 0x59, 0xC8, 0x57, 0xF7, 0x7D, 0xA9, 0x1A, 0x94, 0x83,
    0x0E, 0x32, 0x80, 0xA0, 0x18, 0x74, 0xF7, 0xCF, 0xDB, 0x0A, 0x71, 0xC8, 0xEC, 0xCE, 0x53, 0xCD,
    0xEE, 0xDF, 0x6F, 0xC3, 0x83, 0xF1, 0xC7, 0xE0, 0xCB, 0xF8, 0x9E, 0xA8, 0xB7, 0xED, 0x81, 0xF8,
    0x10, 0x4F, 0xFE, 0x9A, 0xAC, 0x09, 0x1C, 0x48, 0x5F, 0x5D, 0x6E, 0xD2, 0x77, 0x5D, 0xF0, 0x07,
    0xE4, 0x73, 0x12, 0x30, 0xC0, 0x32, 0x0F, 0xD7, 0xFC, 0xBF, 0xF4, 0xD5, 0x55, 0xF6, 0xD7, 0x9E,
    0x86, 0xF3, 0xB1, 0xB7, 0xBD, 0xDC, 0x85, 0xCE, 0xA4, 0xD3, 0xEA, 0xA9, 0xAD, 0x6A, 0x71, 0xAB,
    0x3A, 0xBD, 0x65, 0xEC, 0x34, 0x97, 0x5E, 0x2E, 0xF1, 0xF5, 0x02, 0x3C, 0x01, 0xB1, 0x05, 0x35,
    0x01, 0x36, 0x01, 0x5D, 0x02, 0x70, 0x5C, 0x46, 0x8C, 0x2F, 0x77, 0x68, 0xF9, 0x06, 0xF8, 0x29,
    0x6A, 0xEA, 0xEB, 0xB9, 0x40, 0xE2, 0x20, 0xAB, 0xA1, 0xE0, 0xBB, 0xF7, 0x1B, 0x60, 0x2C, 0x70,
    0xBF, 0x41, 0x89, 0xFB, 0xCE, 0xFD, 0xEA, 0x1D, 0x87, 0xBA, 0x1F, 0x10, 0xAE, 0xF0, 0x18, 0xF3,
    0xF7, 0xBF, 0x14, 0xFE, 0x13, 0xBF, 0x26, 0x23, 0x2D, 0x17, 0xB5, 0xB8, 0xE4, 0x83, 0x46, 0x7D,
    0x22, 0xF1, 0x67, 0x75, 0xE4, 0x4B, 0x3C, 0x6C, 0x41, 0x31, 0xB7, 0x57, 0x28, 0x1C, 0x95, 0x60,
    0xFA, 0x51, 0x8C, 0x05, 0xFD, 0xD0, 0xAE, 0x39, 0xED, 0x3B, 0xBD, 0x3D, 0xD3, 0x32, 0xD6, 0x52,
    0x69, 0x31, 0x73, 0xDB, 0x0A, 0x13, 0xF5, 0x7B, 0xAD, 0xF6, 0xF5, 0x43, 0x66, 0xDE, 0x30, 0x6E,
    0xD9, 0xF7, 0x0A, 0x7C, 0xF7, 0xE9, 0xFF, 0x03, 0xAD, 0x98, 0x31, 0x6C, 0x1D, 0xC7, 0x99, 0xC7,
    0x7F, 0xBB, 0xC3, 0x78, 0x0D, 0x6C, 0x92, 0x8F, 0x4D, 0x2A, 0xC7, 0xDE, 0x03, 0xEE, 0x4A, 0x49,
    0x7B, 0x45, 0x0A, 0x1D, 0x40, 0x6A, 0x06, 0x76, 0x0F, 0xB0, 0x71, 0x52, 0xB8, 0xF0, 0xF5, 0x38,
    0x1C, 0x55, 0xB8, 0x60, 0x41, 0x6B, 0x17, 0x51, 0x80, 0x5C, 0x99, 0x26, 0xD5, 0x21, 0xF0, 0xF5,
    0xCD, 0xA9, 0x10, 0x70, 0x02, 0x8E, 0xD6, 0x8E, 0xA4, 0x22, 0x85, 0x70, 0xA7, 0x91, 0xE3, 0x9C,
    0x0A, 0xDD, 0x21, 0x73, 0x89, 0xA4, 0x14, 0x29, 0x34, 0x96, 0xD6, 0xD1, 0xDA, 0xDE, 0xB7, 0x93,
    0x21, 0xF9, 0xE8, 0x50, 0xA2, 0x28, 0x3E, 0x92, 0x9A, 0xFD, 0x7E, 0xCB, 0x79, 0xB3, 0xB3, 0xF3,
    0xFF, 0xCF, 0xF7, 0xDE, 0xEC, 0xF0, 0x3D, 0x80, 0x3C, 0x8E, 0x3C, 0x57, 0xAA, 0x16, 0x6A, 0x0B,
    0xDA, 0x41, 0xE3, 0xE1, 0x3F, 0x02, 0x3C, 0xED, 0xC9, 0x7E, 0x3F, 0x92, 0xDF, 0x18, 0x51, 0x76,
    0x46, 0x11, 0x23, 0xE5, 0x2F, 0x1B, 0x04, 0xDD, 0xBE, 0x43, 0x6D, 0x57, 0xA9, 0x5C, 0xB4, 0x5D,
    0x0F, 0x48, 0x74, 0xDF, 0x79, 0xDF, 0x00, 0xC0, 0x1B, 0xB1, 0xAD, 0x3F, 0xF1, 0xFA, 0xBD, 0xF0,
    0x1D, 0x15, 0x58, 0x0F, 0xE5, 0x37, 0x41, 0xAB, 0xD0, 0xEC, 0x84, 0x8E, 0x7D, 0xF5, 0x87, 0x19,
    0xED, 0x32, 0xB8, 0x1F, 0xC1, 0x97, 0x01, 0xB4, 0x7B, 0x4D, 0x1E, 0x4C, 0x99, 0xDB, 0xE2, 0xE7,
    0x6D, 0x1E, 0x61, 0x79, 0x21, 0x1B, 0xA7, 0x93, 0x13, 0xE0, 0x6D, 0xE0, 0x9C, 0x01, 0xF1, 0x90,
    0x2D, 0x20, 0xA8, 0x5A, 0x4A, 0x90, 0x35, 0x8A, 0x1E, 0x0C, 0x00, 0x6C, 0x42, 0x36, 0x82, 0xF2,
    0x20, 0xF3, 0xA6, 0x7A, 0x32, 0xF9, 0xB4, 0xDE, 0x96, 0xA1, 0x6C, 0xC5, 0x16, 0xAD, 0x6E, 0x73,
    0xA3, 0x0D, 0x68, 0xA0, 0x01, 0xB4, 0x99, 0x93, 0xDA, 0x2B, 0x5B, 0xEC, 0xF4, 0xCB, 0xA7, 0x0F,
    0x5B, 0xD2, 0x7D, 0x28, 0x8B, 0x58, 0xB4, 0xA1, 0x07, 0xC8, 0xA2, 0x29, 0xFF, 0xE4, 0xEA, 0xCB,
    0xC9, 0x89, 0xD7, 0xD0, 0xEC, 0x84, 0x86, 0xBA, 0x45, 0xBE, 0xBC, 0x92, 0xC7, 0x5F, 0x00, 0xBB,
    0xF6, 0xAB, 0x00, 0xAB, 0xD7, 0xE0, 0xEA, 0xCA, 0xE9, 0x3D, 0x4C, 0x64, 0x11, 0x75, 0xBF, 0x2D,
    0x2F, 0xBB, 0x85, 0x3D, 0x14, 0x16, 0x4A, 0x07, 0xCA, 0x02, 0x9C, 0xDE, 0xC3, 0x0A, 0x7C, 0x0A,
    0x9B, 0x00, 0x0B, 0x7B, 0xB8, 0xB6, 0x02, 0xAB, 0x03, 0x54, 0x01, 0x4A, 0x77, 0x6A, 0x0F, 0x69,
    0xFA, 0x29, 0x09, 0x59, 0x84, 0x69, 0x71, 0x0F, 0x61, 0x03, 0x3E, 0x9E, 0x2F, 0x0B, 0xB1, 0x00,
    0x74, 0xB1, 0xA7, 0x7A, 0x14, 0x11, 0x57, 0x5B, 0x71, 0xE2, 0xC5, 0x15, 0x41, 0x9C, 0xEA, 0xE7,
    0x0C, 0x7B, 0xF5, 0xDD, 0x76, 0xF1, 0x3B, 0xFD, 0x1E, 0xC6, 0x9D, 0xFB, 0x60, 0xAB, 0xA7, 0x1C,
    0x03, 0xEC, 0xE0, 0x13, 0x2E, 0x8B, 0x23, 0xF2, 0x68, 0x4C, 0xC2, 0x23, 0x9A, 0x91, 0x66, 0x1F,
    0xDA, 0x24, 0xEE, 0x8E, 0x54, 0x71, 0x46, 0x31, 0x44, 0xF3, 0x2A, 0xED, 0x18, 0xDF, 0x1B, 0xAA,
    0x87, 0xAF, 0xD0, 0xCE, 0xB6, 0x48, 0xDA, 0x40, 0x42, 0x47, 0xCB, 0x0F, 0x66, 0x1C, 0x47, 0x1B,
    0x28, 0x62, 0x60, 0xAF, 0x74, 0x71, 0x56, 0x3D, 0xFC, 0x58, 0xEC, 0x59, 0xB1, 0x88, 0xF5, 0xF3,
    0x88, 0x5E, 0x7E, 0xEB, 0x77, 0x5A, 0x4A, 0xB1, 0x92, 0xA2, 0x7A, 0xF8, 0x61, 0x17, 0x23, 0x90,
    0x2E, 0x65, 0x7B, 0x8F, 0xA4, 0x3C, 0x1A, 0xB9, 0xEF, 0x6B, 0x15, 0x74, 0xDE, 0x37, 0x71, 0x68,
    0xDE, 0x5F, 0xFB, 0x6B, 0xEE, 0x1F, 0x5E, 0xCB, 0xA3, 0xCF, 0x59, 0x53, 0xC6, 0xE7, 0xF7, 0x2C,
    0xD1, 0x9C, 0x40, 0x2E, 0xC3, 0x14, 0x99, 0x55, 0x3F, 0xB7, 0x59, 0x64, 0x41, 0x45, 0x80, 0x55,
    0xD0, 0xE9, 0x7C, 0xA2, 0x09, 0x6E, 0xCE, 0x3F, 0xE0, 0x0B, 0xCA, 0x1D, 0x6F, 0xF0, 0xDC, 0x52,
    0x18, 0xCA, 0x9F, 0xA1, 0x86, 0xBD, 0xC1, 0xDD, 0xCE, 0xE0, 0xA1, 0xD9, 0x1B, 0x5F, 0x43, 0x6D,
    0xE6, 0x83, 0x53, 0xC2, 0xDB, 0x70, 0x06, 0xCE, 0xB5, 0x88, 0x03, 0xD4, 0x4D, 0x9F, 0x3F, 0xB3,
    0x44, 0x43, 0x73, 0xEC, 0xA9, 0x95, 0x97, 0xED, 0xDE, 0xBA, 0x59, 0x38, 0x93, 0x94, 0x01, 0xA4,
    0x87, 0x0B, 0x9B, 0xB0, 0x71, 0x16, 0x00, 0xEA, 0x98, 0xD6, 0xE2, 0x07, 0xB6, 0x0C, 0xCA, 0x56,
    0x56, 0x59, 0xDD, 0xC2, 0x5F, 0xD7, 0x6E, 0x1C, 0x34, 0x95, 0xD3, 0x46, 0x52, 0xBB, 0xA4, 0xEB,
    0x92, 0xFA, 0x89, 0x4D, 0x6B, 0xD7, 0x52, 0x47, 0xC3, 0x2C, 0xE9, 0xA2, 0xEE, 0x98, 0xF2, 0x3D,
    0x0B, 0xA9, 0x3E, 0xC9, 0xEF, 0xFA, 0xF4, 0x68, 0xD7, 0x6A, 0x3B, 0xEA, 0xDB, 0xAE, 0x8C, 0x46,
    0x59, 0xCA, 0xCF, 0x29, 0xA3, 0xAB, 0xBA, 0x41, 0xE7, 0xE3, 0x25, 0x46, 0x9D, 0xF5, 0xF5, 0x7D,
    0x5F, 0x4E, 0xB0, 0xBC, 0x04, 0x7F, 0xFF, 0x3D, 0x58, 0xDD, 0xDC, 0xB5, 0x05, 0xA7, 0xB7, 0x74,
    0x60, 0x87, 0x3B, 0xB6, 0x2B, 0x00, 0xE5, 0xA0, 0xF0, 0xA0, 0xEC, 0xEB, 0x71, 0xB5, 0x01, 0x23,
    0x6C, 0x02, 0x27, 0xB2, 0x74, 0x1A, 0xE9, 0xBD, 0x52, 0x38, 0x28, 0x03, 0x30, 0x9F, 0x56, 0x06,
    0xBC, 0x09, 0x1B, 0x10, 0x60, 0x06, 0x9B, 0x27, 0x71, 0x76, 0xD8, 0xA7, 0xAA, 0x1B, 0xEB, 0xA9,
    0xF2, 0x45, 0x2F, 0x4E, 0x85, 0x03, 0xC4, 0x18, 0xE4, 0xB7, 0x3F, 0x39, 0xD0, 0xBE, 0xDD, 0x7F,
    0xFB, 0x3E, 0x15, 0x40, 0x06, 0xA8, 0x56, 0x60, 0xA5, 0x9A, 0x9B, 0x0F, 0x50, 0x27, 0xD4, 0x7E,
    0x9E, 0x8C, 0xA8, 0x18, 0x53, 0xBD, 0x49, 0x68, 0x93, 0xEC, 0x1E, 0xA0, 0x08, 0xBA, 0xAD, 0xC7,
    0xE8, 0xF7, 0xFB, 0xE9, 0x62, 0x9C, 0xAA, 0x87, 0x3F, 0xE9, 0x17, 0xF5, 0x53, 0x59, 0xE8, 0x12,
    0x92, 0x88, 0x23, 0x7C, 0xF8, 0x39, 0xC8, 0xED, 0x80, 0xC4, 0x11, 0xB9, 0x91, 0xB0, 0xB3, 0xC4,
    0xA7, 0x07, 0xA8, 0xEC, 0x44, 0xF7, 0x34, 0xB6, 0xA0, 0x7F, 0xF5, 0x68, 0xD8, 0xCD, 0x4A, 0xF5,
    0x40, 0xDC, 0xCB, 0x8E, 0x2A, 0x39, 0x04, 0xAA, 0x7B, 0xFC, 0xC3, 0x8C, 0x65, 0x00, 0xF2, 0x40,
    0x15, 0x50, 0x87, 0x44, 0x35, 0x01, 0xBA, 0x87, 0xA3, 0xC7, 0xD5, 0xE1, 0x07, 0x6B, 0x00, 0xA5,
    0x6D, 0xAC, 0xBC, 0x70, 0x34, 0xC3, 0xDA, 0x9B, 0x57, 0x7E, 0xB8, 0xBA, 0x51, 0x85, 0xA3, 0xC7,
    0x31, 0x4B, 0xFE, 0xCC, 0x47, 0x1B, 0xB5, 0xCF, 0x0E, 0x1D, 0xEB, 0xD5, 0xF7, 0x17, 0x7C, 0x1F,
    0x59, 0x96, 0x00, 0x65, 0xEA, 0x5D, 0xDA, 0xC3, 0x3D, 0x95, 0xBC, 0xCD, 0xB9, 0x65, 0xF1, 0x00,
    0x45, 0x6A, 0x29, 0xDA, 0xA3, 0xDD, 0x1D, 0xE6, 0x48, 0xC5, 0x50, 0x3D, 0xC8, 0xBA, 0x5F, 0x88,
    0x43, 0xB3, 0xD0, 0xE9, 0xDF, 0xB6, 0x4F, 0x61, 0xE7, 0x74, 0x9D, 0xCA, 0x7F, 0x3D, 0x26, 0xE5,
    0xCE, 0x53, 0xDA, 0x0B, 0x88, 0xD5, 0x94, 0xF6, 0x1C, 0x7B, 0xA5, 0xB4, 0xEB, 0x34, 0x37, 0x22,
    0xA9, 0xFD, 0x95, 0x34, 0x83, 0x06, 0x12, 0x5C, 0x80, 0x33, 0x2B, 0xA0, 0xAF, 0x41, 0xE5, 0x00,
    0xA8, 0x2C, 0xDA, 0xB3, 0x15, 0x08, 0xE7, 0x81, 0x2C, 0xF6, 0x34, 0x8E, 0xBA, 0x7D, 0x69, 0xFC,
    0x63, 0xDD, 0x5E, 0xAD, 0xCD, 0x35, 0xCD, 0xA7, 0x33, 0x9A, 0x1E, 0x46, 0xD4, 0x44, 0x71, 0x07,
    0x29, 0x2C, 0x00, 0x64, 0x5B, 0x14, 0x23, 0xBC, 0x22, 0x06, 0x2E, 0xF6, 0xCC, 0x3C, 0x4D, 0x4B,
    0x37, 0xEA, 0x50, 0xF9, 0xCA, 0x88, 0x3B, 0x8B, 0xB8, 0x0D, 0xE4, 0x6E, 0x40, 0x7E, 0x63, 0x91,
    0xDF, 0x25, 0xA2, 0x43, 0xEE, 0x6F, 0xBF, 0x1E, 0x52, 0xFB, 0x88, 0xB8, 0x29, 0xA1, 0xA9, 0x7C,
    0xED, 0xBA, 0xB1, 0xEA, 0xD9, 0x2B, 0xD2, 0x26, 0x2C, 0xE4, 0x89, 0xD2, 0xC0, 0x12, 0xEC, 0x5F,
    0x30, 0xDF, 0x72, 0x6B, 0x42, 0x6E, 0x84, 0xF4, 0xD7, 0x22, 0x77, 0x40, 0x1E, 0x27, 0xE2, 0xB6,
    0x96, 0xDB, 0x5D, 0x4C, 0xB7, 0x7A, 0xEA, 0xBB, 0x33, 0xBA, 0xB0, 0xEF, 0x91, 0x75, 0x01, 0xD0,
    0x80, 0x00, 0x67, 0x80, 0x65, 0x80, 0xBF, 0xA3, 0xFB, 0x62, 0x4A, 0xFD, 0x63, 0xE2, 0x5F, 0x76,
    0xC7, 0x9A, 0x12, 0x91, 0x5D, 0xDF, 0xBF, 0x0E, 0x49, 0x67, 0xF8, 0x76, 0x9C, 0xC2, 0x22, 0x16,
    0x0D, 0x3D, 0x40, 0x37, 0x52, 0x3D, 0x40, 0xDC, 0x61, 0xF1, 0x66, 0x4A, 0x45, 0x8A, 0xB4, 0x0B,
    0x77, 0x71, 0xC6, 0xB5, 0x6C, 0x2C, 0xBC, 0x18, 0x78, 0xCB, 0x36, 0x56, 0x0E, 0x39, 0x2A, 0xD7,
    0x0D, 0xC7, 0x1B, 0x16, 0x00, 0xB6, 0xE0, 0x3A, 0x7C, 0x0F, 0x56, 0x60, 0xED, 0x48, 0x05, 0x80,
    0xED, 0x7A, 0x6E, 0x4B, 0xB3, 0x04, 0xF4, 0xDD, 0x18, 0xD6, 0x87, 0x20, 0xCE, 0x8B, 0x73, 0x2F,
    0x93, 0x5C, 0xDA, 0x2F, 0x59, 0xDE, 0x31, 0xCD, 0x1D, 0x24, 0xC5, 0x7F, 0x23, 0xFF, 0x85, 0xD8,
    0x43, 0xA3, 0x72, 0x24, 0xB1, 0x6E, 0x24, 0x4D, 0x08, 0xC4, 0x1D, 0xE0, 0x4A, 0xA2, 0x4F, 0x84,
    0x04, 0x69, 0x66, 0x24, 0x91, 0x1D, 0x92, 0x12, 0x49, 0x2A, 0xCD, 0x84, 0xE6, 0xE0, 0xC8, 0x37,
    0x9C, 0xDC, 0x0A, 0x72, 0xD3, 0x1D, 0xD4, 0x7A, 0x2E, 0x77, 0xF7, 0x91, 0x19, 0x12, 0x10, 0x47,
    0xE3, 0x78, 0x7C, 0x20, 0x77, 0x6F, 0xBC, 0xF0, 0x4C, 0x7C, 0x82, 0x9A, 0x50, 0x3D, 0x45, 0xA0,
    0x0E, 0xFC, 0xED, 0xBE, 0x4B, 0x45, 0x4F, 0x3D, 0x71, 0xF0, 0xCB, 0x23, 0x00, 0x74, 0x41, 0xC6,
    0xAA, 0x7F, 0xA3, 0x97, 0x11, 0x2F, 0x53, 0xA2, 0x4B, 0x68, 0xEB, 0xA5, 0x72, 0x5E, 0x24, 0x78,
    0x51, 0x83, 0x97, 0x7C, 0xE6, 0x85, 0x98, 0x68, 0x12, 0xDA, 0x57, 0x46, 0x7C, 0xE7, 0x4B, 0x4F,
    0xEE, 0xA1, 0x0C, 0x50, 0xB5, 0xB0, 0x01, 0x00, 0x6F, 0xDD, 0x0E, 0x74, 0x47, 0x6E, 0x07, 0x33,
    0x9A, 0xA7, 0xD1, 0x9C, 0x4A, 0x7B, 0xAF, 0x94, 0x16, 0xC4, 0x41, 0x96, 0x28, 0x5A, 0x58, 0x3A,
    0x8E, 0x87, 0x43, 0x56, 0xD8, 0x59, 0x60, 0x19, 0x0E, 0x7C, 0xC9, 0x13, 0x77, 0xEA, 0x9C, 0xA9,
    0x1B, 0x81, 0xEC, 0xA9, 0x85, 0xD8, 0x82, 0x3E, 0x41, 0xCE, 0x3E, 0x8B, 0xD4, 0x31, 0x5A, 0xF9,
    0xAA, 0xF2, 0xE2, 0xCA, 0x20, 0x4E, 0x1D, 0x49, 0xE5, 0x55, 0xE8, 0x46, 0x15, 0x20, 0x91, 0x5F,
    0x0E, 0xA8, 0x5B, 0x89, 0x68, 0xC9, 0xA2, 0x79, 0xEB, 0x76, 0x9F, 0xA4, 0xE5, 0xC6, 0x4C, 0xEC,
    0x75, 0xB1, 0x97, 0xF6, 0x47, 0x65, 0x2F, 0x35, 0xE1, 0x12, 0xA4, 0xF8, 0x98, 0x7E, 0x8B, 0xA9,
    0xA7, 0x69, 0x01, 0x88, 0x13, 0xCF, 0x95, 0xF5, 0x81, 0x7C, 0xD6, 0x98, 0x32, 0x39, 0xAA, 0xAC,
    0x0A, 0xBA, 0x55, 0x83, 0x36, 0xF9, 0xA8, 0x4D, 0x36, 0x36, 0x64, 0x3B, 0x7F, 0x77, 0x5E, 0xA7,
    0xF6, 0xED, 0xEB, 0xA9, 0x9F, 0x4F, 0xFD, 0x5B, 0xEA, 0x01, 0xA0, 0x8C, 0x61, 0xDF, 0x17, 0xAF,
    0x56, 0xFE, 0x18, 0xEA, 0x76, 0xD4, 0xCC, 0x1A, 0xAE, 0xEF, 0x46, 0xAA, 0xA7, 0x96, 0xD4, 0x9E,
    0xAE, 0xB2, 0xBC, 0x04, 0x17, 0xBF, 0x3B, 0xFF, 0x4F, 0x39, 0xBC, 0x16, 0x0F, 0x19, 0x46, 0x19,
    0xA7, 0x3E, 0xB3, 0xC4, 0x85, 0x6D, 0x00, 0x14, 0x37, 0x3D, 0x72, 0xDB, 0xA3, 0xEB, 0x96, 0x7E,
    0xE3, 0xD4, 0x36, 0x58, 0xAD, 0x92, 0x5A, 0xDE, 0x0F, 0xE5, 0x65, 0xBB, 0x90, 0x87, 0xEE, 0x69,
    0x8C, 0xA8, 0x29, 0x7E, 0xFD, 0xEF, 0x88, 0xAF, 0x82, 0x50, 0xDB, 0x32, 0x64, 0xE8, 0xB6, 0x08,
    0x17, 0xD1, 0x46, 0x85, 0x2B, 0x68, 0x54, 0x0C, 0x34, 0xA8, 0x2F, 0x77, 0xEA, 0xF3, 0x76, 0x48,
    0xFA, 0x41, 0xB5, 0x95, 0x2D, 0xD3, 0x59, 0xBC, 0xA4, 0xB3, 0xFA, 0xEA, 0x3F, 0xBF, 0xFC, 0xA0,
    0xA5, 0xFB, 0x4D, 0x8C, 0x6D, 0x1E, 0xDF, 0x9D, 0x90, 0xFB, 0x8F, 0xD7, 0xDB, 0xFA, 0xDD, 0x49,
    0xAC, 0x66, 0x2C, 0x5D, 0x43, 0x8C, 0xBE, 0x61, 0xF6, 0xBE, 0x69, 0x18, 0x41, 0x33, 0x41, 0xFD,
    0x6E, 0x04, 0xB9, 0xF7, 0xF8, 0x7F, 0x7C, 0x1E, 0xDF, 0x9B, 0xE7, 0x2E, 0x0F, 0x50, 0xCC, 0x9F,
    0x09, 0x2B, 0x7C, 0xFB, 0x83, 0x84, 0x3C, 0x9A, 0x10, 0xD7, 0x25, 0xF4, 0x9C, 0x06, 0xF9, 0x6C,
    0x9C, 0xEF, 0xAE, 0xFB, 0x77, 0xD6, 0x66, 0xDF, 0xEE, 0x5A, 0x8E, 0x08, 0x68, 0x98, 0xA1, 0xDC,
    0xEE, 0x52, 0xB1, 0xDD, 0x63, 0x5B, 0x45, 0x2B, 0xF7, 0xEC, 0x8B, 0x0F, 0x6C, 0x4B, 0x37, 0x9C,
    0x4E, 0x6B, 0xAF, 0xE8, 0x39, 0x25, 0x70, 0x0E, 0x58, 0x5E, 0x40, 0x18, 0x00, 0x2A, 0x43, 0x65,
    0x51, 0x2D, 0x02, 0x4B, 0x00, 0x90, 0xBB, 0x00, 0xCF, 0x1C, 0x74, 0x16, 0xF4, 0xE9, 0x33, 0xF2,
    0x8E, 0x18, 0xF9, 0x67, 0x8A, 0x91, 0x7C, 0x58, 0x28, 0x23, 0x07, 0xF7, 0xFE, 0x3C, 0x7A, 0x79,
    0x14, 0x6A, 0x13, 0x34, 0x41, 0xB7, 0xCB, 0xDA, 0x53, 0x4D, 0x14, 0xD1, 0xD2, 0x05, 0xA4, 0xFF,
    0x91, 0x1A, 0x36, 0x54, 0xBF, 0xA9, 0xC2, 0xA5, 0x75, 0x57, 0x4F, 0xBC, 0xF0, 0x06, 0x94, 0x91,
    0xFA, 0x5F, 0x8D, 0x56, 0x46, 0xBF, 0x8B, 0x0E, 0xC8, 0x44, 0x16, 0xDB, 0x8B, 0xB5, 0xBD, 0x28,
    0xED, 0xC7, 0x0D, 0x7A, 0x00, 0xD8, 0xFB, 0x41, 0xCF, 0x16, 0x3F, 0x75, 0xC7, 0x95, 0xCB, 0x07,
    0x8A, 0x91, 0x34, 0xC1, 0x34, 0xCD, 0x45, 0xE4, 0x8E, 0x37, 0x97, 0xF3, 0xA0, 0xA1, 0x34, 0x94,
    0x30, 0x2D, 0x36, 0x1D, 0x0F, 0x23, 0x9C, 0x85, 0x33, 0xA8, 0x01, 0x00, 0x28, 0x2E, 0x5B, 0xF5,
    0xA7, 0x96, 0x08, 0xD7, 0x8F, 0x9D, 0xCF, 0x7D, 0x6F, 0xDF, 0x42, 0x06, 0x62, 0x8C, 0xED, 0x57,
    0xCD, 0x07, 0x6D, 0xD0, 0x45, 0x42, 0xB5, 0x68, 0x38, 0x92, 0xCE, 0xA0, 0xA2, 0x87, 0xEF, 0x02,
    0xD2, 0x82, 0xB2, 0xBB, 0x34, 0x06, 0x00, 0x65, 0x4B, 0x2B, 0xB6, 0x89, 0xD5, 0xE7, 0x62, 0x9F,
    0x3B, 0xA6, 0x62, 0x96, 0xD9, 0x6C, 0x60, 0x85, 0x8D, 0x32, 0x00, 0x80, 0xBA, 0xE1, 0xC9, 0x9E,
    0x3D, 0xBF, 0x61, 0x9D, 0xCA, 0x93, 0x40, 0x95, 0x02, 0xF5, 0x7F, 0xC8, 0xFF, 0xD2, 0x44, 0xAA,
    0xCF, 0x11, 0xFB, 0xB2, 0x98, 0x28, 0x66, 0xCF, 0x6B, 0x25, 0xD6, 0x74, 0xFE, 0xED, 0x98, 0x12,
    0x07, 0xB2, 0x66, 0xED, 0xA0, 0x56, 0x03, 0x49, 0xEB, 0xC0, 0x3C, 0xBB, 0xBD, 0xDA, 0xD7, 0xC5,
    0x04, 0x80, 0xFE, 0x15, 0x3C, 0x1A, 0xD8, 0x2B, 0xDD, 0x28, 0x63, 0xFD, 0xA0, 0x78, 0x20, 0x36,
    0x77, 0xAF, 0xC0, 0x6E, 0x53, 0x3A, 0x65, 0x8B, 0xA0, 0xDA, 0x7C, 0x5A, 0x87, 0x66, 0x00, 0x20,
    0x9B, 0x5D, 0x44, 0x7D, 0xE2, 0xC8, 0x98, 0x6F, 0xEC, 0x76, 0x8B, 0xEE, 0xD6, 0x88, 0xD8, 0x57,
    0x10, 0x67, 0xA8, 0x59, 0x6C, 0x01, 0x48, 0x75, 0xE0, 0xB5, 0xF9, 0x51, 0x31, 0x90, 0xBD, 0xBF,
    0x06, 0x27, 0xF1, 0xB3, 0xFC, 0x26, 0x5C, 0xF9, 0x21, 0xAC, 0x6E, 0x40, 0x15, 0x5E, 0x8B, 0xA7,
    0x8C, 0x65, 0x54, 0x7B, 0x85, 0xEC, 0xAE, 0x87, 0xAE, 0x85, 0xA5, 0x13, 0xE6, 0x49, 0x3C, 0xAC,
    0x5E, 0x85, 0xF3, 0xE7, 0xE1, 0xEC, 0x55, 0x10, 0xFF, 0xDA, 0x72, 0x86, 0x36, 0xF0, 0xCC, 0xC2,
    0xDD, 0xC4, 0xEF, 0x13, 0x8D, 0x39, 0xB9, 0xCF, 0xE2, 0x96, 0xA7, 0xBA, 0xE3, 0xB9, 0x50, 0x1B,
    0xC2, 0xC6, 0xE9, 0xFD, 0x9D, 0x13, 0x68, 0xB4, 0xC9, 0x86, 0xA4, 0x71, 0xD3, 0x1F, 0xDB, 0xD3,
    0xA9, 0xB4, 0x95, 0x85, 0x12, 0x10, 0x03, 0xC5, 0x00, 0x98, 0x63, 0x69, 0x93, 0x5B, 0x50, 0x2D,
    0x14, 0x3F, 0x03, 0x35, 0xB2, 0xBF, 0x68, 0x00, 0xA2, 0x05, 0xB2, 0xA7, 0x0E, 0x50, 0x36, 0x30,
    0x2F, 0x31, 0xD4, 0x79, 0xA4, 0xB6, 0xDA, 0x6C, 0x52, 0x59, 0x6D, 0xCF, 0x23, 0xB6, 0xB1, 0x1F,
    0x21, 0xAE, 0x73, 0x57, 0x28, 0xFD, 0x33, 0x1F, 0x50, 0xE1, 0x0F, 0xC1, 0xA3, 0x9E, 0xDC, 0xFA,
    0xC2, 0xA1, 0x9E, 0xDD, 0xFC, 0xB3, 0x25, 0xFF, 0xA6, 0x8D, 0x16, 0xA2, 0x89, 0x2D, 0x44, 0x3A,
    0x03, 0x91, 0x06, 0xB8, 0x8E, 0x06, 0x56, 0xB8, 0x00, 0xE4, 0x23, 0xA0, 0x66, 0x40, 0xF9, 0x09,
    0x20, 0x65, 0x3B, 0x97, 0xF4, 0x63, 0xED, 0x9B, 0x76, 0x2C, 0xDB, 0xEA, 0xA7, 0x53, 0x89, 0xDC,
    0x8A, 0x92, 0x4E, 0xDD, 0xF7, 0x29, 0xEF, 0xD5, 0xFF, 0x84, 0xFA, 0x46, 0xB6, 0x50, 0x93, 0x0C,
    0xE4, 0xB3, 0xB2, 0x27, 0x1B, 0x8B, 0x00, 0x83, 0x0A, 0x00, 0xA0, 0x5B, 0x68, 0x2C, 0xFC, 0x39,
    0x90, 0xF9, 0xAB, 0xF3, 0x19, 0xE8, 0xB0, 0xEE, 0xAA, 0x56, 0x9C, 0x50, 0x84, 0xB3, 0xA8, 0x7E,
    0x85, 0x6C, 0xBC, 0x0A, 0x53, 0xD8, 0xED, 0xAB, 0x13, 0x75, 0xFB, 0x02, 0x0E, 0x62, 0x0F, 0x1D,
    0x44, 0x93, 0xFF, 0xD1, 0xEE, 0xBE, 0xDD, 0xF1, 0x49, 0x5C, 0xB7, 0x5B, 0x62, 0xAF, 0x88, 0x0D,
    0xC5, 0xFF, 0x3B, 0xF5, 0xC4, 0xE6, 0xCF, 0xDA, 0x2C, 0x9A, 0xF9, 0x56, 0xB4, 0xB2, 0x13, 0x1F,
    0xB1, 0x12, 0x68, 0x2C, 0x1A, 0x00, 0xB2, 0xD0, 0xA3, 0xBE, 0x18, 0xC8, 0x7C, 0x00, 0x38, 0xBD,
    0x25, 0x40, 0x79, 0xC4, 0x53, 0x1B, 0x36, 0x00, 0x74, 0x9C, 0x5D, 0xF8, 0xF1, 0x6C, 0x45, 0x8D,
    0x2B, 0x45, 0xD8, 0x69, 0xB7, 0x68, 0x43, 0x47, 0x36, 0xA2, 0x06, 0x8A, 0xB0, 0x24, 0xFE, 0x9D,
    0xDA, 0x9E, 0xD3, 0xBF, 0xBC, 0xD4, 0xC4, 0x09, 0x31, 0xD4, 0x2D, 0xD7, 0xC9, 0x3C, 0x80, 0x8E,
    0x6E, 0x75, 0xDD, 0x9E, 0xD7, 0xED, 0xDF, 0x74, 0x30, 0xDB, 0xED, 0x8F, 0x38, 0xAF, 0x6D, 0x68,
    0x7E, 0x1C, 0x9A, 0x18, 0x00, 0x2E, 0x80, 0x86, 0xB3, 0xC0, 0xF1, 0xE5, 0x7A, 0x18, 0xA1, 0x07,
    0x16, 0x95, 0x4B, 0x3B, 0x5E, 0xDA, 0xF0, 0x88, 0x06, 0x7D, 0x6C, 0x39, 0x29, 0xDA, 0xF2, 0x0E,
    0x6A, 0x96, 0xAE, 0x2E, 0x26, 0xD7, 0x98, 0xFC, 0xB1, 0x55, 0xBF, 0x6E, 0xC5, 0x92, 0xE2, 0xC8,
    0xDF, 0x23, 0xFE, 0x02, 0xBD, 0x98, 0x01, 0xA4, 0x1F, 0x5B, 0x7E, 0xC7, 0x3F, 0x33, 0x27, 0x7D,
    0xB3, 0x3A, 0xED, 0x3B, 0x41, 0x4B, 0xDB, 0x3C, 0x3B, 0x0F, 0xD0, 0xD6, 0x4D, 0x66, 0x11, 0x9A,
    0x72, 0x6F, 0xCE, 0xB4, 0xC1, 0xA2, 0xB4, 0xC1, 0xA6, 0x41, 0x10, 0x00, 0x60, 0x6F, 0xA0, 0x64,
    0xB9, 0x2F, 0x33, 0x76, 0xB1, 0x28, 0xFA, 0x8A, 0x82, 0xC5, 0x06, 0x45, 0x3D, 0xD8, 0x20, 0xF4,
    0xE2, 0xE6, 0xCE, 0x49, 0x53, 0x16, 0x41, 0x26, 0x6F, 0x37, 0x82, 0x87, 0x9C, 0xEE, 0x4B, 0x12,
    0x28, 0x39, 0xDD, 0xFC, 0xB7, 0x3B, 0x79, 0x39, 0x33, 0xA7, 0xE7, 0xCC, 0xFC, 0xFD, 0xDD, 0xF7,
    0x92, 0xBC, 0xDC, 0xE4, 0xDE, 0xD7, 0x73, 0xCF, 0xF7, 0xFB, 0x9B, 0x7B, 0x66, 0xE6, 0xFC, 0xBE,
    0xFF, 0x33, 0x67, 0x7E, 0xF3, 0x3B, 0x07, 0x28, 0x2B, 0xA0, 0xD6, 0x80, 0x8A, 0x24, 0x34, 0x9B,
    0xBD, 0xD0, 0xE9, 0x50, 0x7F, 0xB7, 0xC9, 0x8D, 0x7C, 0x4A, 0xA1, 0x45, 0x8F, 0x6A, 0x22, 0x55,
    0xA9, 0x0B, 0x94, 0x38, 0x6A, 0x92, 0xF9, 0x68, 0x6E, 0x8B, 0x67, 0xE3, 0x75, 0x96, 0x70, 0x87,
    0x21, 0xDC, 0xDB, 0x40, 0xD9, 0x03, 0x64, 0x9A, 0xD0, 0x08, 0x99, 0x4D, 0x7D, 0x73, 0x4D, 0x3E,
    0xB1, 0x5D, 0xD9, 0xF8, 0x46, 0x31, 0x52, 0xB3, 0xBB, 0x82, 0x62, 0xA0, 0x6C, 0x1C, 0xE1, 0x3C,
    0xE1, 0x3A, 0x80, 0x32, 0xB2, 0xD2, 0x91, 0x0C, 0x90, 0xCC, 0xD4, 0x3A, 0xF9, 0x45, 0x57, 0x9A,
    0xEC, 0x73, 0x2D, 0x75, 0x7A, 0xA7, 0x0A, 0x34, 0x10, 0xC8, 0x46, 0xD2, 0x5F, 0x43, 0x9D, 0xD0,
    0x64, 0x36, 0x6B, 0x48, 0xC7, 0x4D, 0xA0, 0xEE, 0x01, 0x52, 0x0B, 0x62, 0x31, 0x83, 0xEF, 0x1C,
    0xD3, 0x3B, 0xA6, 0xBD, 0xE5, 0xB5, 0xD4, 0xB1, 0x4B, 0xF7, 0x6A, 0xF8, 0x01, 0x31, 0x44, 0x81,
    0xAB, 0x22, 0xBF, 0xAB, 0x01, 0xC4, 0x03, 0x00, 0xD2, 0x11, 0x00, 0x1C, 0xCB, 0xD2, 0xFA, 0x05,
    0xDE, 0xF7, 0xC5, 0x63, 0xCF, 0xF3, 0x0B, 0xBD, 0xEC, 0x4A, 0x6D, 0x73, 0x2B, 0x3B, 0x69, 0x22,
    0x75, 0x99, 0x45, 0xE9, 0x20, 0x6E, 0x41, 0xCD, 0x64, 0xC6, 0x68, 0xFA, 0xD4, 0x4D, 0xFF, 0x89,
    0xC5, 0x64, 0x72, 0x4B, 0xBC, 0x52, 0xEA, 0x3F, 0x88, 0xF7, 0xA9, 0x66, 0x3D, 0xF6, 0x52, 0xB3,
    0x25, 0x1F, 0x79, 0xFC, 0xB9, 0x9D, 0xD9, 0x83, 0x03, 0x58, 0x97, 0x93, 0xBF, 0x62, 0x9D, 0xE8,
    0x4F, 0xF6, 0xC4, 0x2B, 0x85, 0x25, 0xDE, 0x07, 0x53, 0x2F, 0xDE, 0x37, 0xB1, 0xCF, 0xDF, 0xD4,
    0x55, 0x34, 0xA6, 0x9D, 0xFC, 0xFD, 0xF3, 0xD2, 0x5F, 0xFF, 0x65, 0x7F, 0x4C, 0xFE, 0x7E, 0xA8,
    0x63, 0x2F, 0xAD, 0xD0, 0xD1, 0xDF, 0x78, 0x5E, 0xCF, 0xFE, 0x34, 0xC9, 0x4E, 0xF6, 0xC3, 0x8E,
    0xDC, 0x89, 0x27, 0x1A, 0x1C, 0x9E, 0xC8, 0xBB, 0x13, 0x43, 0xE2, 0x5D, 0xE9, 0xAD, 0x7C, 0xEC,
    0x4E, 0x5C, 0xB0, 0x65, 0xE3, 0x8E, 0xCB, 0x4E, 0xE1, 0xFE, 0x28, 0xCA, 0x76, 0xD4, 0x44, 0x1E,
    0x22, 0x4F, 0xF3, 0xC9, 0x65, 0xF6, 0xA4, 0xBA, 0xEB, 0xA4, 0xB9, 0x5C, 0xF8, 0xA1, 0xBC, 0xB7,
    0x9D, 0xF5, 0x7E, 0xD3, 0xF7, 0xAD, 0x23, 0xF5, 0xB6, 0x78, 0x08, 0xF5, 0xC7, 0xB2, 0x03, 0x55,
    0xED, 0x9B, 0x91, 0xDD, 0xB7, 0xAE, 0x46, 0x3E, 0x6E, 0x67, 0xBE, 0x42, 0xF1, 0xE8, 0xA3, 0x2F,
    0x1C, 0xAD, 0x1F, 0x5A, 0x03, 0x20, 0xAB, 0xD6, 0x51, 0xEA, 0xD0, 0xBB, 0x9C, 0x6E, 0x61, 0x49,
    0x14, 0x4D, 0x20, 0x1F, 0xA9, 0x78, 0x99, 0xBE, 0x15, 0xE9, 0xF8, 0x92, 0x42, 0x8F, 0x45, 0x13,
    0x3A, 0x2C, 0x1A, 0x60, 0x26, 0x40, 0x96, 0x40, 0xB1, 0x03, 0xE4, 0x96, 0x63, 0xFA, 0x34, 0xB5,
    0x56, 0x48, 0x7D, 0x22, 0x80, 0x25, 0x36, 0x91, 0x37, 0x7D, 0xB0, 0xEA, 0xB5, 0x28, 0x3A, 0x45,
    0xDB, 0x2B, 0x20, 0xE2, 0x34, 0xAC, 0xAD, 0x83, 0xDA, 0x86, 0xA2, 0xA3, 0xB5, 0xD2, 0xC5, 0x71,
    0x59, 0xBC, 0xB7, 0x88, 0x03, 0xE3, 0x30, 0x28, 0xE4, 0x38, 0x9B, 0x76, 0x36, 0x4A, 0x4F, 0xA6,
    0xE8, 0x26, 0x23, 0xED, 0x64, 0x44, 0x3F, 0x99, 0x74, 0x98, 0x0C, 0xDE, 0xC4, 0x11, 0xA2, 0x36,
    0x36, 0x1A, 0x65, 0xE2, 0x18, 0x55, 0xD2, 0xC4, 0x41, 0x32, 0xB9, 0x99, 0x47, 0x09, 0x59, 0x45,
    0x77, 0xA5, 0x8E, 0xDE, 0x64, 0x35, 0x39, 0x9B, 0x7D, 0x4D, 0xAE, 0x8A, 0x26, 0x7A, 0xF2, 0x4D,
    0x74, 0x14, 0x8E, 0xA5, 0x8D, 0x2C, 0xFA, 0xC8, 0xE9, 0x10, 0x19, 0x3F, 0x71, 0x3D, 0xB1, 0x0A,
    0x1C, 0x3C, 0x04, 0x0E, 0x0E, 0x02, 0x03, 0x14, 0xD5, 0xC4, 0x2C, 0x07, 0x6E, 0x39, 0x72, 0xE4,
    0x16, 0x20, 0x8D, 0x2C, 0xEC, 0x7C, 0xB4, 0x2A, 0xC7, 0x6E, 0xDB, 0xD4, 0xB6, 0xDE, 0x15, 0x56,
    0xDE, 0x74, 0xC2, 0x4A, 0x3D, 0x44, 0xBA, 0xF1, 0x6A, 0x2A, 0xE2, 0xD9, 0xFA, 0x99, 0x3F, 0xB3,
    0xEA, 0x2A, 0x52, 0xFA, 0x8B, 0x0E, 0xC4, 0x6F, 0x1B, 0x48, 0x46, 0x00, 0xB0, 0xD7, 0xE1, 0x86,
    0x05, 0xD5, 0xC1, 0xAC, 0x6C, 0xB6, 0xA5, 0x9E, 0xDB, 0x6A, 0x03, 0xFF, 0x6E, 0xE1, 0xD9, 0x82,
    0xE4, 0x57, 0x8E, 0xF4, 0xA6, 0x43, 0xE8, 0x81, 0xCC, 0x7B, 0xF2, 0x7F, 0xA9, 0x91, 0xA8, 0xE6,
    0xDB, 0x94, 0x7A, 0x83, 0xA2, 0xF3, 0xBA, 0x5D, 0xC8, 0x33, 0x5A, 0xDC, 0xA9, 0x52, 0x0F, 0x0E,
    0xE0, 0x3D, 0xDF, 0x94, 0x3F, 0x35, 0xEA, 0x8C, 0xFD, 0x1D, 0x61, 0xD9, 0xB4, 0xF9, 0x0B, 0xAB,
    0x82, 0xAA, 0xA9, 0x2A, 0xBF, 0x28, 0x3E, 0x1F, 0x60, 0x7B, 0x7D, 0xA3, 0x2F, 0xAC, 0xEC, 0xA0,
    0x75, 0xC5, 0x43, 0xD9, 0xBD, 0xEA, 0xAF, 0x30, 0xAD, 0x5B, 0x97, 0x14, 0x1B, 0xE4, 0x0E, 0xB1,
    0x1C, 0x22, 0x0A, 0x8B, 0x78, 0x4D, 0x2D, 0x46, 0x00, 0xB8, 0xBC, 0x0E, 0xA7, 0xB7, 0x41, 0xDA,
    0x39, 0x14, 0x03, 0x6C, 0xF6, 0x31, 0x4A, 0x57, 0xB9, 0x91, 0x5D, 0x8C, 0xDB, 0x31, 0x80, 0xC7,
    0x48, 0x1E, 0x43, 0x7A, 0x4D, 0x32, 0xD9, 0xF8, 0x7F, 0x6C, 0x8F, 0xE7, 0x63, 0x58, 0x9F, 0xA2,
    0x7A, 0xD9, 0x23, 0xFE, 0xC3, 0xA4, 0x4F, 0x34, 0xBE, 0xA2, 0x05, 0x62, 0xB8, 0x96, 0x4F, 0xE2,
    0x3B, 0xAE, 0x18, 0x6A, 0x76, 0xE7, 0x1A, 0x8E, 0x43, 0x4B, 0x68, 0x9F, 0x83, 0x79, 0xFC, 0x81,
    0xB0, 0xD1, 0x43, 0x61, 0x97, 0xEF, 0x1A, 0xB4, 0x4E, 0xBA, 0xF2, 0x61, 0xF6, 0x50, 0xEA, 0xB4,
    0xFB, 0x1A, 0xE8, 0x88, 0xBC, 0x13, 0x3A, 0xB3, 0xA2, 0x99, 0xA2, 0x77, 0xDD, 0x23, 0xB4, 0x25,
    0x79, 0xD6, 0x41, 0xAB, 0x41, 0x01, 0x40, 0x88, 0xDF, 0xB4, 0xB7, 0xA6, 0x38, 0xFD, 0xE6, 0xF8,
    0xDD, 0x0E, 0xF0, 0xC9, 0xBF, 0xB1, 0x2A, 0x3B, 0xEB, 0xE0, 0x76, 0xE7, 0xB1, 0x82, 0x83, 0xEB,
    0xF3, 0x96, 0xF4, 0x93, 0xAB, 0xB0, 0x2C, 0xE2, 0xAE, 0x45, 0x3C, 0xB3, 0x93, 0x85, 0x77, 0xD0,
    0xCB, 0x9F, 0x02, 0x0E, 0x44, 0x0F, 0x79, 0x03, 0x47, 0x0E, 0x5F, 0x33, 0x7C, 0x0C, 0x62, 0xF9,
    0x7C, 0x4E, 0x03, 0x1F, 0x1E, 0x82, 0xEE, 0xEB, 0x6B, 0xB0, 0xBE, 0x03, 0xA5, 0x05, 0x69, 0x20,
    0xA9, 0x0E, 0x5D, 0x77, 0xDA, 0x5C, 0x25, 0xFD, 0x95, 0x01, 0xAF, 0xA1, 0xAE, 0xE0, 0x8F, 0x0F,
    0x41, 0xF7, 0x29, 0x60, 0x17, 0x50, 0x15, 0x64, 0x1D, 0x70, 0xF6, 0xD0, 0x75, 0x27, 0x0D, 0x08,
    0x0B, 0x89, 0x03, 0x4A, 0x20, 0x3D, 0xB8, 0xEE, 0x72, 0xE4, 0x07, 0x9B, 0x9A, 0xCC, 0x22, 0x2C,
    0xE9, 0xA2, 0xF6, 0x7D, 0x7D, 0x7E, 0xA1, 0x84, 0x55, 0xC2, 0xC8, 0x07, 0x5A, 0x8C, 0x24, 0x3E,
    0x38, 0xFE, 0xE4, 0x5F, 0x61, 0x59, 0x12, 0xDB, 0x93, 0x2E, 0xDC, 0x1C, 0x02, 0xE1, 0xC0, 0xA1,
    0x0F, 0x90, 0xBE, 0x03, 0x80, 0xFC, 0xC7, 0x5A, 0xDE, 0xEE, 0x02, 0xC3, 0xFE, 0xC2, 0xE0, 0xB9,
    0xB3, 0xA4, 0xDE, 0xB1, 0x2A, 0xB2, 0x9A, 0xB5, 0x48, 0x0E, 0x5D, 0x1B, 0x97, 0xC1, 0xC1, 0x0E,
    0xFB, 0xD5, 0x36, 0x17, 0x3F, 0xF0, 0x95, 0x12, 0xBD, 0x39, 0x12, 0x7F, 0x6F, 0x8B, 0xE4, 0x81,
    0x5E, 0x43, 0xDC, 0xD1, 0x90, 0xFF, 0x9D, 0xEE, 0x78, 0x5F, 0x06, 0x5A, 0x93, 0x37, 0x3B, 0x4E,
    0x45, 0xB7, 0xDE, 0xEB, 0x2E, 0xD1, 0x52, 0x23, 0x02, 0xFD, 0x6E, 0x5E, 0x49, 0x2D, 0x25, 0x81,
    0x4E, 0x50, 0xDC, 0xDB, 0x0C, 0xF2, 0xBC, 0x07, 0x40, 0x79, 0xF8, 0xC3, 0x73, 0x7B, 0x7A, 0x2F,
    0x4D, 0xB9, 0xF9, 0xBC, 0x57, 0xB9, 0xD9, 0x21, 0x33, 0xBB, 0x49, 0xEB, 0x47, 0xF9, 0xE4, 0xD1,
    0xF7, 0x54, 0x66, 0xA8, 0x27, 0x58, 0xD4, 0xCF, 0xC6, 0xEF, 0x17, 0xA6, 0xEE, 0x29, 0x7D, 0x98,
    0x5C, 0x17, 0x74, 0x6E, 0x85, 0x2E, 0xB4, 0xD0, 0xAA, 0x01, 0x55, 0x05, 0x00, 0x35, 0xBE, 0x9F,
    0x12, 0x8B, 0xE0, 0x57, 0xFD, 0xC8, 0xBB, 0x42, 0x5F, 0xEC, 0x72, 0x2B, 0x75, 0x3A, 0x5E, 0xD4,
    0x94, 0xBE, 0x4A, 0x43, 0xB7, 0x0F, 0x16, 0x61, 0x00, 0x94, 0x88, 0xB5, 0x0C, 0xCF, 0xCD, 0x57,
    0x42, 0x93, 0xFF, 0x92, 0xDC, 0x77, 0x45, 0xB8, 0x39, 0x75, 0xDE, 0xFB, 0xF6, 0xEF, 0xFB, 0xF2,
    0x33, 0x93, 0x8F, 0x00, 0xB0, 0x7E, 0x1C, 0x4E, 0xEC, 0x80, 0xB4, 0x90, 0x19, 0x00, 0xF6, 0xAD,
    0xA1, 0x91, 0xE1, 0xBC, 0xD4, 0x7B, 0x35, 0xE4, 0xAB, 0xCF, 0xE6, 0x00, 0xF0, 0x06, 0x49, 0x6D,
    0x94, 0x74, 0x05, 0xA7, 0x92, 0xC5, 0x1E, 0x49, 0x76, 0x0B, 0x36, 0x2C, 0x94, 0x06, 0xA4, 0x5E,
    0xBE, 0xA3, 0xCA, 0x16, 0xA6, 0xA8, 0x42, 0xD6, 0x86, 0xEC, 0x2E, 0x23, 0xEF, 0x5A, 0xE4, 0x2F,
    0x34, 0xF2, 0x41, 0x80, 0xEF, 0x90, 0x9F, 0xC5, 0xFF, 0xFB, 0xD0, 0xEE, 0x90, 0xDD, 0x18, 0xA0,
    0x28, 0x4C, 0xD9, 0xB5, 0xAE, 0x58, 0xA4, 0xD5, 0x55, 0x44, 0x4C, 0x17, 0x5E, 0x68, 0x68, 0x81,
    0x3F, 0x83, 0x22, 0x1E, 0x6A, 0x90, 0x7B, 0x71, 0x6B, 0x44, 0xDE, 0xB4, 0xC1, 0x6A, 0xE4, 0x1D,
    0x90, 0x4F, 0x41, 0xFA, 0xE8, 0xA3, 0x43, 0xDE, 0x8E, 0xED, 0x0B, 0xCA, 0xBB, 0x03, 0xAD, 0xF5,
    0xD5, 0x41, 0xBE, 0xBD, 0x24, 0x1D, 0x08, 0x1D, 0xF0, 0x9F, 0x01, 0x8E, 0xFD, 0x7C, 0x80, 0x35,
    0x39, 0xBC, 0x0F, 0xC7, 0xA1, 0x38, 0xBB, 0x4C, 0x00, 0xF0, 0x23, 0x7B, 0xCB, 0x61, 0x6B, 0xCA,
    0xBD, 0x4D, 0xCE, 0x55, 0xBC, 0xB3, 0xBE, 0xD4, 0x58, 0xF8, 0x6D, 0x07, 0xB5, 0x06, 0x55, 0x2D,
    0x67, 0x96, 0xAF, 0x02, 0x82, 0x1D, 0x58, 0x63, 0x27, 0xC0, 0xB2, 0x26, 0x0C, 0x47, 0x32, 0x0D,
    0x12, 0x28, 0x2D, 0xFC, 0xC9, 0x00, 0xD4, 0x80, 0x9A, 0xE2, 0x44, 0xC4, 0x91, 0x80, 0x2B, 0xA8,
    0xA6, 0xA5, 0x9E, 0xD7, 0x99, 0x4F, 0x16, 0x51, 0x13, 0xD3, 0x74, 0x6B, 0x56, 0xD3, 0x4D, 0xF9,
    0x5E, 0xF9, 0x85, 0xF2, 0x66, 0x5D, 0xE8, 0x53, 0x12, 0xD6, 0xA1, 0x6D, 0x38, 0x66, 0x49, 0x1C,
    0xC4, 0x7A, 0x0A, 0xB7, 0x93, 0xF6, 0x21, 0xAB, 0x54, 0x3F, 0xD5, 0xF9, 0x88, 0xCC, 0x74, 0x76,
    0x07, 0x31, 0x82, 0x63, 0x2E, 0xC9, 0x0E, 0x99, 0x83, 0xAF, 0xA9, 0x3D, 0x97, 0x16, 0x0C, 0x86,
    0xBA, 0xF9, 0xFF, 0x5B, 0x17, 0x46, 0x03, 0x44, 0x47, 0x40, 0xBC, 0x04, 0xBE, 0xA9, 0x05, 0x21,
    0x40, 0xEE, 0x00, 0x58, 0xF1, 0xA1, 0x2D, 0x08, 0x01, 0x60, 0x03, 0x18, 0x40, 0x2C, 0x20, 0xAF,
    0x0E, 0x1C, 0x72, 0xC8, 0x34, 0x85, 0x46, 0xC1, 0xE2, 0x5D, 0x42, 0x4E, 0xEB, 0xCA, 0x11, 0x0A,
    0x93, 0x2D, 0x88, 0x03, 0x65, 0xF7, 0xF2, 0x66, 0x13, 0xB9, 0x6E, 0xA4, 0xF7, 0xB6, 0x6C, 0xE4,
    0xA3, 0xF3, 0x91, 0x3B, 0xF1, 0x7A, 0xAE, 0x0A, 0x93, 0x0C, 0xBB, 0xB4, 0x8E, 0x72, 0x41, 0x7E,
    0xBB, 0xA7, 0xF6, 0x1E, 0xF9, 0xBC, 0xAD, 0x64, 0x17, 0xA5, 0xAF, 0x80, 0xD4, 0x75, 0x80, 0x43,
    0xDE, 0xEC, 0x91, 0xB7, 0x0C, 0xF2, 0x8E, 0x46, 0x7A, 0x90, 0x7D, 0xF4, 0xFC, 0xE5, 0xC0, 0x54,
    0x74, 0xD0, 0xF6, 0xCC, 0x65, 0x0B, 0xA8, 0x81, 0x42, 0x43, 0x6A, 0x00, 0xA6, 0xE5, 0xE4, 0xB4,
    0xBA, 0x73, 0x18, 0x39, 0x06, 0xB4, 0x01, 0x4A, 0x9B, 0xB8, 0xA6, 0x8B, 0x2B, 0xBA, 0xB8, 0x9E,
    0x8B, 0xAB, 0x39, 0x89, 0x0F, 0xA8, 0x03, 0x54, 0x0C, 0xA5, 0x26, 0xAE, 0xE1, 0x84, 0x99, 0x9F,
    0x03, 0x37, 0x00, 0xB9, 0x5A, 0x9E, 0xD1, 0xFA, 0xA8, 0x2D, 0x40, 0x0F, 0x01, 0x37, 0x5E, 0x42,
    0xA1, 0x07, 0xC2, 0xA2, 0xAC, 0x82, 0xEB, 0x90, 0xF6, 0x90, 0x1B, 0x28, 0x00, 0xA5, 0xE1, 0x1F,
    0x0C, 0x5C, 0xBB, 0x36, 0xDB, 0x52, 0x1F, 0xCE, 0x77, 0x5F, 0x34, 0x48, 0x8D, 0xAA, 0xE8, 0x61,
    0x40, 0x3C, 0x40, 0x9C, 0xA9, 0xC4, 0x6D, 0x18, 0xE0, 0xE8, 0xDB, 0x7C, 0xFD, 0xD9, 0x62, 0x99,
    0xAE, 0x09, 0x03, 0xC8, 0x6F, 0x22, 0x05, 0x38, 0x01, 0xB4, 0x90, 0xF4, 0x90, 0xE9, 0xB7, 0x4F,
    0x01, 0x56, 0x32, 0x1D, 0x08, 0xBB, 0x7C, 0x47, 0x12, 0xCD, 0xE6, 0x8B, 0x26, 0xC6, 0xEB, 0x18,
    0xB7, 0x0B, 0x5D, 0x5A, 0xD5, 0xFC, 0x45, 0xAF, 0xAA, 0x5F, 0x3B, 0xF5, 0x57, 0x9F, 0xBA, 0x5A,
    0xDC, 0x74, 0xEA, 0x6F, 0x12, 0xA7, 0xFE, 0x36, 0x75, 0xEA, 0xBF, 0x45, 0x5F, 0xF4, 0xC2, 0x4A,
    0x2B, 0x3B, 0x11, 0xAE, 0x17, 0x4F, 0x7B, 0x32, 0x20, 0x01, 0x10, 0x1D, 0xD2, 0x50, 0x56, 0x6C,
    0x7F, 0x08, 0x97, 0x52, 0x6F, 0x62, 0x58, 0xFF, 0x91, 0x53, 0xF9, 0x50, 0xFF, 0xFE, 0x6E, 0xBD,
    0xB6, 0x5B, 0x7F, 0x67, 0x57, 0x99, 0xA1, 0xD4, 0x31, 0xAC, 0x67, 0xBE, 0x79, 0x1F, 0x8E, 0x00,
    0x40, 0x29, 0x2B, 0xCA, 0x7F, 0xD2, 0x64, 0x9F, 0x5B, 0xB8, 0xBE, 0x75, 0xE0, 0x07, 0xBA, 0x7E,
    0x02, 0x54, 0xD9, 0x20, 0x6F, 0x1B, 0x92, 0x65, 0xE2, 0x9A, 0xB4, 0x86, 0xFC, 0x49, 0x8C, 0x57,
    0x8E, 0xA4, 0x72, 0x70, 0xCC, 0x91, 0x8E, 0x73, 0x76, 0x5C, 0x2C, 0x21, 0xFD, 0x40, 0xD6, 0xFB,
    0x0A, 0x98, 0xFD, 0x2E, 0x2C, 0xE8, 0x93, 0x87, 0x95, 0x5C, 0x26, 0x23, 0xD9, 0x4F, 0x9A, 0x3C,
    0xDD, 0x77, 0xBE, 0x0B, 0x3B, 0x1B, 0xB4, 0xAA, 0x2A, 0xFE, 0x51, 0xA7, 0x9D, 0x05, 0x5A, 0x3F,
    0x84, 0x6D, 0x25, 0xA9, 0x8F, 0x4B, 0x8D, 0xD4, 0x66, 0x59, 0xBD, 0x91, 0xF7, 0xCC, 0xD4, 0x92,
    0x4B, 0x2D, 0x43, 0x2D, 0x1E, 0x5D, 0x6C, 0xBD, 0xDF, 0x28, 0x50, 0x17, 0x75, 0xFE, 0x73, 0x93,
    0xD8, 0x6D, 0x80, 0xB6, 0x13, 0xFF, 0xDB, 0xE7, 0xDA, 0x85, 0x57, 0xAC, 0xF0, 0x63, 0x71, 0xEF,
    0x7B, 0x45, 0xBC, 0x85, 0xDC, 0x20, 0x9E, 0x7F, 0x7F, 0x19, 0x04, 0x7C, 0x25, 0x3E, 0xD5, 0xA2,
    0x32, 0xC0, 0xDB, 0xBA, 0x03, 0x12, 0x8F, 0xB8, 0xAF, 0xB3, 0x44, 0x43, 0x05, 0xA4, 0xBE, 0x92,
    0x9F, 0x99, 0x52, 0x58, 0x35, 0xAF, 0x34, 0xCE, 0x9D, 0xAD, 0x41, 0x41, 0x7C, 0x32, 0x8F, 0xB6,
    0x53, 0x6F, 0x80, 0x8D, 0x12, 0xB5, 0x19, 0x45, 0x32, 0x89, 0x4C, 0xBD, 0xA5, 0xFE, 0x18, 0x55,
    0xBD, 0xA1, 0xD6, 0x4D, 0xB8, 0x32, 0x3C, 0xE6, 0x5A, 0x35, 0xC5, 0xED, 0x2E, 0x31, 0x0B, 0x80,
    0x32, 0x0A, 0x40, 0xBD, 0xBA, 0x26, 0xD1, 0x5D, 0x61, 0x4F, 0x6D, 0x5D, 0xFB, 0x00, 0xDE, 0xB4,
    0x8D, 0x02, 0xA5, 0xF9, 0xC1, 0x75, 0xB3, 0x06, 0x90, 0xEB, 0x5A, 0xCB, 0xAF, 0xFC, 0xD5, 0x3D,
    0x80, 0xFC, 0xB1, 0x9E, 0x37, 0xA4, 0x17, 0x0E, 0xD6, 0xBE, 0x7D, 0xE0, 0x44, 0x69, 0x7B, 0x83,
    0x5D, 0x15, 0x5F, 0x84, 0xF4, 0xAE, 0xDD, 0xF7, 0xC6, 0x49, 0x61, 0x61, 0x63, 0x0B, 0x2E, 0xFD,
    0xDE, 0xE1, 0x24, 0x6B, 0xF3, 0x24, 0xB8, 0xAF, 0x45, 0xD5, 0x25, 0xB0, 0x5F, 0x19, 0x1B, 0xE5,
    0xF2, 0x8D, 0xFB, 0xF9, 0xEA, 0x8D, 0x9B, 0x32, 0x18, 0xF9, 0x38, 0x26, 0x26, 0x6D, 0x80, 0x5A,
    0xA2, 0x46, 0x7E, 0xEA, 0x96, 0x79, 0xF5, 0xDE, 0x9C, 0xBA, 0xDE, 0x93, 0x57, 0xE7, 0xAE, 0xDF,
    0x8A, 0xCE, 0xCA, 0x8B, 0x3A, 0x6C, 0x26, 0x01, 0xEF, 0xFD, 0xDA, 0x96, 0x2F, 0x6C, 0xE6, 0xAD,
    0xF8, 0x8D, 0x15, 0x96, 0xBD, 0x35, 0xB3, 0x94, 0x23, 0xB3, 0xC3, 0x86, 0xE4, 0xBF, 0x0C, 0xA9,
    0xBE, 0x06, 0x70, 0x60, 0x0D, 0x80, 0x70, 0xC8, 0x8B, 0x7C, 0x20, 0x20, 0x99, 0x3F, 0x5E, 0xBA,
    0x7D, 0xAA, 0x0B, 0xAF, 0xE5, 0x7D, 0x2D, 0x35, 0x7B, 0x6B, 0xA1, 0x69, 0x7B, 0x56, 0xB3, 0xE2,
    0xBE, 0x25, 0xFD, 0x1F, 0x07, 0xEB, 0x27, 0x0E, 0xBC, 0x0D, 0x10, 0xBB, 0xA8, 0x55, 0x43, 0x98,
    0xE7, 0xC4, 0x89, 0xFE, 0xB6, 0x4B, 0xFE, 0xD5, 0x2C, 0x39, 0xB5, 0x05, 0xF3, 0xE4, 0x3F, 0xB0,
    0xA6, 0xD5, 0x70, 0x3F, 0xEE, 0x10, 0xCD, 0xB5, 0x77, 0xDA, 0x8A, 0x88, 0xDF, 0x87, 0xC7, 0xB6,
    0xAC, 0xAC, 0xC2, 0xAA, 0xE6, 0xA8, 0x32, 0x14, 0x23, 0x99, 0xD7, 0xB4, 0x16, 0xB9, 0x38, 0x29,
    0xFA, 0xCB, 0x62, 0xB1, 0x25, 0xEC, 0x95, 0xCD, 0x6E, 0xF9, 0x7C, 0x01, 0x07, 0x03, 0x7C, 0x00,
    0x97, 0xA1, 0x22, 0xF7, 0x94, 0x3F, 0xA9, 0x94, 0xA8, 0xD4, 0x5F, 0xA3, 0x2C, 0x72, 0x24, 0xF1,
    0xCD, 0xA5, 0x52, 0x5F, 0x92, 0xCD, 0x47, 0x35, 0x6A, 0x29, 0x13, 0x61, 0x11, 0x0B, 0xB8, 0x44,
    0x62, 0x48, 0xC0, 0x7B, 0xDF, 0x3C, 0xAF, 0x2F, 0x34, 0x56, 0x65, 0x01, 0xA2, 0x41, 0xC1, 0x1B,
    0xD1, 0x56, 0x08, 0x6F, 0x58, 0x95, 0xD3, 0xCB, 0x76, 0x09, 0x1C, 0x07, 0x8E, 0x82, 0xD0, 0x79,
    0x8C, 0x0C, 0xBE, 0xF8, 0xE5, 0x57, 0xA2, 0xC5, 0x98, 0x0D, 0x00, 0x59, 0x4C, 0xDA, 0x8D, 0xD0,
    0x09, 0x85, 0x27, 0xFC, 0xAA, 0xCB, 0x99, 0x0D, 0xBF, 0xF0, 0xA8, 0x58, 0x90, 0x59, 0x64, 0x87,
    0xAA, 0x52, 0xDF, 0x64, 0x0F, 0x2C, 0xA2, 0x47, 0xB8, 0x89, 0x2D, 0xD2, 0xA0, 0x9A, 0x74, 0xA0,
    0x34, 0xFC, 0x25, 0x00, 0xE5, 0xC8, 0x47, 0x75, 0xF8, 0x85, 0xFA, 0x43, 0xA9, 0x29, 0x1B, 0x5A,
    0xB2, 0x91, 0xFC, 0x67, 0x1A, 0xD9, 0xC5, 0x3A, 0xA7, 0x31, 0x23, 0xD9, 0x02, 0xD5, 0x70, 0x92,
    0x97, 0xD7, 0xE1, 0xB9, 0x01, 0x98, 0x32, 0xD3, 0x98, 0x97, 0xC6, 0xCC, 0xF2, 0x25, 0x78, 0x6F,
    0xE5, 0xBD, 0xF3, 0x2F, 0xB5, 0xC7, 0xEB, 0xE3, 0x7D, 0xAB, 0x0D, 0xB5, 0x17, 0xCB, 0x0D, 0xB5,
    0x3F, 0x7F, 0xCD, 0xA2, 0x37, 0x2E, 0x6C, 0xDF, 0x98, 0xEB, 0x8D, 0xB4, 0xCF, 0x7C, 0xF3, 0x7F,
    0x75, 0x92, 0x01, 0x84, 0x23, 0x57, 0x18, 0xC7, 0x7F, 0xC9, 0xC4, 0xEE, 0xDE, 0x25, 0xC9, 0x04,
    0x4D, 0x1D, 0xC9, 0x65, 0x96, 0x5E, 0x29, 0x72, 0x99, 0x2D, 0x8B, 0x54, 0x27, 0x99, 0x07, 0x80,
    0x1E, 0x8B, 0x3B, 0xD0, 0x96, 0x43, 0x51, 0xD0, 0xA6, 0x6C, 0x7B, 0x29, 0xB3, 0x9B, 0x47, 0x01,
    0x20, 0x00, 0x50, 0x16, 0x28, 0xA0, 0x7B, 0x35, 0xF6, 0xA6, 0x24, 0x9B, 0x51, 0x28, 0x14, 0x0F,
    0x05, 0xD5, 0xF2, 0x70, 0x05, 0xE0, 0xB5, 0xD2, 0x76, 0xAF, 0xE6, 0x32, 0x9D, 0x99, 0xDD, 0xB5,
    0x41, 0xEF, 0xFF, 0xFF, 0xE4, 0x7D, 0xBE, 0x97, 0xEF, 0xFF, 0xBE, 0xEF, 0xFB, 0x26, 0x60, 0x8A,
    0x23, 0xCB, 0x1A, 0x63, 0x19, 0x3B, 0x1E, 0x62, 0x6B, 0xC7, 0x0C, 0xA3, 0xC8, 0x03, 0xFF, 0xC1,
    0x59, 0x02, 0x90, 0xAE, 0x5B, 0x0F, 0x01, 0xA6, 0x69, 0x1A, 0xB7, 0x1E, 0x3D, 0x12, 0xCD, 0xCA,
    0xB8, 0x33, 0xF0, 0x1C, 0x03, 0xC1, 0x22, 0x08, 0xBC, 0xE4, 0x38, 0xF0, 0xC0, 0x15, 0x7E, 0xFC,
    0x46, 0x6C, 0x53, 0xA7, 0x02, 0xB8, 0xF2, 0x4C, 0x69, 0xFD, 0x54, 0xF9, 0x12, 0x4A, 0x26, 0xB2,
    0xFE, 0xBC, 0xB0, 0x7F, 0xD4, 0xC3, 0x2E, 0x91, 0x37, 0x8C, 0x1C, 0x63, 0xEB, 0x1C, 0x9F, 0xC5,
    0x97, 0x5C, 0x05, 0xBC, 0x9C, 0xE2, 0x3A, 0xD2, 0xFA, 0x41, 0x5B, 0xB2, 0xFD, 0xF3, 0x93, 0x5F,
    0xDF, 0x09, 0x72, 0x71, 0xC8, 0x0A, 0x09, 0xC6, 0x1D, 0x2A, 0x3B, 0x83, 0xD3, 0xF5, 0x11, 0xF3,
    0xF3, 0x7A, 0x70, 0x40, 0xB0, 0x4E, 0xCC, 0xA9, 0x77, 0x9B, 0x24, 0xE9, 0x85, 0x22, 0x62, 0x8D,
    0x2B, 0xAC, 0xD8, 0x52, 0xB6, 0x76, 0x65, 0x44, 0x7D, 0x71, 0xB7, 0x7E, 0xB2, 0x08, 0x4F, 0xC0,
    0x57, 0x2D, 0x45, 0x4E, 0xD9, 0xC7, 0xC7, 0x17, 0x16, 0xB7, 0xF1, 0x68, 0x42, 0xEF, 0xF0, 0xF1,
    0xD8, 0xE3, 0x16, 0x0D, 0xFC, 0xB8, 0x05, 0xD9, 0x6F, 0x97, 0x06, 0xD0, 0xE0, 0xDA, 0x5B, 0xAA,
    0x96, 0x60, 0x97, 0xFD, 0xE6, 0xFE, 0x64, 0x7F, 0x69, 0xFC, 0x78, 0x9F, 0x8C, 0x87, 0xA3, 0xC4,
    0x36, 0xDE, 0x66, 0xBB, 0x37, 0x0D, 0xE6, 0x95, 0x4D, 0xC4, 0x80, 0x01, 0x3E, 0x55, 0x59, 0x15,
    0x29, 0x50, 0xA1, 0xC7, 0x84, 0x89, 0xC8, 0xEF, 0x75, 0x06, 0x48, 0xF5, 0xEF, 0xC5, 0xB9, 0x57,
    0xFB, 0xEE, 0xC1, 0xB3, 0xDF, 0x8E, 0x93, 0x4A, 0xF3, 0x7A, 0x18, 0x25, 0x91, 0x55, 0x6F, 0xBC,
    0xE0, 0xB0, 0x77, 0x33, 0xD9, 0x9B, 0xE6, 0xFF, 0x77, 0x0F, 0x49, 0xB6, 0x87, 0x57, 0xFB, 0x59,
    0xC6, 0xB3, 0x8B, 0xCD, 0x8C, 0xF4, 0x6A, 0x73, 0x00, 0xA5, 0x18, 0x4B, 0x50, 0x85, 0x3A, 0xF4,
    0x60, 0x0F, 0x74, 0x11, 0x93, 0x6C, 0x5F, 0xC7, 0xF6, 0x61, 0x17, 0x40, 0x50, 0xDE, 0xF8, 0x73,
    0x07, 0x06, 0x30, 0x06, 0x0D, 0x31, 0x65, 0x89, 0x05, 0xD5, 0x8D, 0x94, 0x31, 0x05, 0xC2, 0x5E,
    0xAD, 0x13, 0x21, 0x84, 0xCE, 0x90, 0xEA, 0x96, 0x80, 0x69, 0xF2, 0xF9, 0x07, 0xE3, 0xDA, 0xB8,
    0x36, 0x4D, 0xF2, 0x6A, 0xFC, 0x8B, 0x6F, 0xBE, 0x86, 0x61, 0x58, 0x55, 0x55, 0x75, 0x3F, 0xDA,
    0xF1, 0x0E, 0x27, 0x5E, 0x6F, 0x72, 0xF0, 0xAA, 0x5E, 0x96, 0xFA, 0xDF, 0x4C, 0x47, 0x88, 0x22,
    0x94, 0xF5, 0x70, 0xE3, 0x5C, 0x7F, 0x3E, 0x2D, 0x31, 0x8D, 0xB9, 0xA4, 0xE4, 0x2D, 0x9C, 0xBF,
    0xE2, 0x2F, 0x52, 0x61, 0x49, 0x2E, 0x71, 0xEA, 0x7F, 0x78, 0x96, 0xE4, 0xDB, 0x2E, 0x30, 0x55,
    0xA7, 0xF1, 0x32, 0x9E, 0xAA, 0xC7, 0x6A, 0xA9, 0x28, 0xD1, 0xC4, 0x4F, 0xDE, 0x7C, 0x08, 0xF7,
    0xE6, 0x83, 0xC1, 0xE0, 0x04, 0xDA, 0x33, 0xF8, 0x44, 0x50, 0x56, 0x9C, 0xE3, 0x0A, 0x66, 0xD0,
    0x19, 0x8C, 0xC7, 0x5E, 0x05, 0x6C, 0x3D, 0x8C, 0xC6, 0xBD, 0x27, 0x3F, 0x55, 0xD5, 0x76, 0x0C,
    0xEF, 0xC6, 0x0E, 0xBE, 0x7C, 0x3B, 0x06, 0x98, 0xE1, 0xCA, 0xAA, 0x22, 0x24, 0x3B, 0xE1, 0x18,
    0x4A, 0x33, 0x20, 0x82, 0x2D, 0x0D, 0x6D, 0xC9, 0x96, 0x2A, 0x5D, 0xE4, 0x61, 0x01, 0x40, 0x13,
    0xC0, 0x10, 0xC1, 0x73, 0xB6, 0x9E, 0x97, 0xDF, 0x83, 0xF6, 0x57, 0x75, 0xD8, 0xFA, 0x65, 0x9B,
    0x52, 0x54, 0xB3, 0x38, 0xE6, 0x4E, 0x59, 0x0A, 0x76, 0x91, 0x8F, 0x83, 0x5A, 0x2D, 0x68, 0x46,
    0x49, 0x04, 0x96, 0x7C, 0xFD, 0x60, 0x14, 0x95, 0x65, 0x43, 0xEF, 0x1C, 0x00, 0xEE, 0xB7, 0xE2,
    0xEC, 0x6F, 0xA5, 0x8D, 0x7E, 0xFA, 0x87, 0xF2, 0x53, 0x09, 0xD4, 0xE8, 0xE1, 0xCB, 0xB6, 0xD8,
    0x66, 0x17, 0xD8, 0x19, 0xCD, 0x28, 0xCD, 0xAB, 0xD9, 0xCE, 0x35, 0x9F, 0xA6, 0x2F, 0x68, 0x02,
    0x95, 0x91, 0x80, 0xB9, 0x9D, 0xC5, 0x0C, 0xCB, 0x74, 0xCD, 0x35, 0xF0, 0x37, 0x66, 0xBE, 0xE9,
    0x53, 0xCE, 0xB2, 0xEB, 0xDD, 0xF7, 0xD3, 0xD9, 0x64, 0x8F, 0x76, 0xAA, 0x9A, 0x50, 0xA1, 0x40,
    0xA1, 0x59, 0xA8, 0xFB, 0xF9, 0x3B, 0xC5, 0x8B, 0xC0, 0x1D, 0x00, 0x47, 0x02, 0x44, 0xCB, 0xEC,
    0x76, 0x9D, 0x29, 0x3D, 0x5A, 0x00, 0x55, 0x05, 0xF4, 0x00, 0x47, 0x1F, 0x99, 0x7B, 0xC6, 0x31,
    0xA1, 0xF9, 0xDE, 0xF4, 0xA3, 0x62, 0xA6, 0xE1, 0xF4, 0xE2, 0xCB, 0x83, 0xE1, 0x6B, 0xCE, 0x0A,
    0x1A, 0x19, 0xA1, 0x4B, 0x9F, 0xC6, 0x15, 0x7D, 0x51, 0xE4, 0x44, 0xA1, 0xB7, 0xF2, 0xE6, 0x73,
    0xD7, 0x40, 0xBF, 0x4F, 0xB7, 0x7B, 0x65, 0x76, 0x66, 0x29, 0x50, 0x35, 0xA3, 0xD0, 0xDB, 0xF5,
    0x18, 0x55, 0x72, 0x15, 0x3E, 0x2A, 0xAD, 0x08, 0xDD, 0xD5, 0x51, 0x68, 0x0A, 0x9E, 0xAF, 0xFA,
    0xF3, 0x5B, 0x30, 0x82, 0x6E, 0x66, 0x1F, 0xE3, 0xBC, 0x2C, 0xD2, 0x1B, 0x57, 0xE6, 0xBB, 0x02,
    0x58, 0xFE, 0x63, 0x8E, 0x5E, 0xAC, 0x06, 0x93, 0xF0, 0xD2, 0xE6, 0x49, 0x02, 0xE7, 0x6A, 0xA4,
    0x3C, 0x72, 0x9E, 0x53, 0xA1, 0xC3, 0x34, 0x1E, 0xE2, 0x15, 0xEC, 0x0B, 0x5B, 0x2E, 0x02, 0x6F,
    0xEF, 0xFE, 0x5E, 0x63, 0x66, 0xC7, 0xDB, 0xB2, 0xC4, 0x62, 0x72, 0xFF, 0x24, 0xF3, 0xE2, 0xBB,
    0x26, 0x4A, 0xFE, 0x03, 0x93, 0x72, 0x60, 0x60, 0xD8, 0xFF, 0x80, 0x81, 0xE1, 0xCF, 0x17, 0x06,
    0x86, 0x8A, 0x1A, 0x06, 0x06, 0x06, 0x1B, 0x20, 0xB6, 0x03, 0xE2, 0xFD, 0x40, 0xFC, 0xBF, 0x81,
    0x81, 0xE9, 0xFF, 0x01, 0x06, 0xE6, 0xCF, 0x17, 0x18, 0xB8, 0x1F, 0x7E, 0x60, 0xE0, 0x3F, 0xF0,
    0xC1, 0x41, 0xBF, 0x61, 0xC7, 0x17, 0x7B, 0x06, 0xFB, 0x2F, 0xFB, 0x18, 0xE4, 0x3F, 0x00, 0x00,
    0xB5, 0x7A, 0x0D, 0x88, 0x1E, 0xC7, 0x79, 0xFF, 0xEF, 0xDD, 0xB5, 0xB3, 0x90, 0xFD, 0x47, 0x63,
    0xF8, 0xB7, 0xE0, 0x92, 0x44, 0xEB, 0x42, 0x80, 0x12, 0x24, 0x6D, 0x01, 0x03, 0x02, 0x5E, 0xDD,
    0x6C, 0x6D, 0xA8, 0x81, 0x02, 0x36, 0x50, 0x35, 0x80, 0x01, 0x05, 0x28, 0xDF, 0xA5, 0x67, 0xC0,
    0xA5, 0x97, 0x72, 0xBA, 0x59, 0x6C, 0x20, 0x2D, 0x06, 0x2C, 0x3E, 0x9A, 0xF2, 0x9D, 0x00, 0x05,
    0x4A, 0xF8, 0xC8, 0x01, 0x0A, 0x51, 0xE0, 0x74, 0x3B, 0xA7, 0x03, 0x04, 0x5C, 0x41, 0x9B, 0x08,
    0x59, 0x80, 0x49, 0x6F, 0x1C, 0xD9, 0x11, 0xE0, 0x36, 0x1E, 0x49, 0x6B, 0x7B, 0x55, 0xCF, 0xEE,
    0xD3, 0xE7, 0xD9, 0x7D, 0xEF, 0x74, 0x2F, 0x3A, 0xE9, 0x3E, 0x1C, 0x3F, 0xEF, 0xFC, 0x7E, 0xEF,
    0xEC, 0xEC, 0xCE, 0x3C, 0xCF, 0xEE, 0x7C, 0x3F, 0xBB, 0x00, 0xE2, 0x1A, 0x71, 0x03, 0xAC, 0x01,
    0x0A, 0xA3, 0x54, 0xD4, 0xA9, 0x5B, 0x17, 0x95, 0x3D, 0xAD, 0x2C, 0x94, 0x75, 0x12, 0xC8, 0xA9,
    0x5F, 0x0D, 0x11, 0x49, 0x51, 0x12, 0x6E, 0x5D, 0xA8, 0x88, 0x24, 0xFB, 0xA6, 0x4B, 0xEE, 0xF8,
    0xF8, 0x5A, 0x0D, 0x1C, 0x35, 0x3B, 0x4B, 0x40, 0xD3, 0x2D, 0xC3, 0x87, 0x29, 0x5E, 0x0B, 0x7F,
    0x04, 0x74, 0x55, 0x01, 0x22, 0x8F, 0x3E, 0x69, 0x11, 0x76, 0x7F, 0xDD, 0x4E, 0x2C, 0xA1, 0x97,
    0x9B, 0x94, 0xDE, 0x2D, 0x31, 0x9A, 0xAD, 0x6A, 0x68, 0xE0, 0xF2, 0xAE, 0xDA, 0x5E, 0xD5, 0x67,
    0x54, 0x7D, 0x52, 0xD5, 0x27, 0xF8, 0xCC, 0xFE, 0xC1, 0xA1, 0x0A, 0xC0, 0x62, 0x5F, 0xC4, 0x0F,
    0x2F, 0x58, 0x55, 0xC7, 0x36, 0x2F, 0xE3, 0x52, 0x03, 0x18, 0x40, 0x35, 0x76, 0xE3, 0x05, 0x90,
    0xD9, 0xD8, 0x2A, 0x17, 0xDB, 0xB8, 0xBB, 0x60, 0x25, 0x4F, 0x44, 0x4E, 0xBD, 0xE7, 0x73, 0x78,
    0x8D, 0x55, 0x6D, 0x91, 0x37, 0x50, 0x24, 0x89, 0x1C, 0x7B, 0x2E, 0x69, 0x97, 0xE2, 0x66, 0x39,
    0xF6, 0x2B, 0x17, 0xEA, 0xBC, 0x67, 0x25, 0xD9, 0x87, 0xAA, 0xDE, 0xEF, 0x97, 0x39, 0x31, 0x60,
    0x6D, 0x1A, 0xAE, 0x2E, 0x4D, 0x01, 0x1C, 0x70, 0xE5, 0x84, 0x1A, 0x98, 0x1A, 0x79, 0xB9, 0x6F,
    0xF8, 0x7E, 0x5E, 0x5E, 0xCE, 0x8B, 0x2B, 0x1A, 0x57, 0x3B, 0x98, 0x06, 0x11, 0x51, 0x00, 0xCE,
    0xA9, 0x1A, 0x98, 0x2A, 0x3B, 0x4F, 0x54, 0x33, 0xDD, 0x6E, 0xE5, 0xB0, 0xC3, 0xB2, 0xB2, 0x15,
    0x96, 0x84, 0x2E, 0x33, 0x2D, 0x79, 0x65, 0x7B, 0xAA, 0xD5, 0xED, 0x60, 0x8A, 0x8A, 0x58, 0x29,
    0xEB, 0x54, 0x75, 0x6E, 0x99, 0xB2, 0x79, 0xCA, 0xA9, 0x54, 0x44, 0xB7, 0x1B, 0xF5, 0xD1, 0xA2,
    0x0D, 0x92, 0xD6, 0x09, 0xF5, 0x3B, 0x24, 0x69, 0xF9, 0xED, 0x96, 0x0B, 0xA0, 0x9A, 0xA8, 0x47,
    0xD3, 0x9F, 0x81, 0xEF, 0x4E, 0xE2, 0x27, 0xDD, 0x37, 0x80, 0x0E, 0x40, 0x5F, 0x95, 0x43, 0xED,
    0x52, 0xE2, 0xD1, 0xC5, 0xF3, 0xE8, 0xE3, 0x26, 0xA1, 0x4F, 0x08, 0x83, 0xB4, 0x40, 0xC4, 0x48,
    0x6B, 0xE0, 0x24, 0x76, 0xC5, 0x84, 0xCC, 0x65, 0x1F, 0x6A, 0xAF, 0xEA, 0x9F, 0x3B, 0x55, 0x7B,
    0x70, 0x93, 0x82, 0xBA, 0x69, 0xA1, 0x3E, 0x29, 0xA5, 0x22, 0xA0, 0xB6, 0x6B, 0x3E, 0x96, 0xF4,
    0x00, 0x55, 0xAF, 0x33, 0x74, 0xC1, 0x79, 0x3C, 0x44, 0x96, 0x19, 0x86, 0x91, 0x59, 0x60, 0xE2,
    0xF6, 0x94, 0xA9, 0xB9, 0x02, 0xB2, 0x46, 0xD5, 0xA9, 0x63, 0xEB, 0x19, 0x86, 0x41, 0x4E, 0xDD,
    0x7C, 0xDF, 0xA9, 0xED, 0x77, 0x9C, 0x22, 0x4E, 0x0F, 0x0C, 0xCF, 0xA8, 0x07, 0x78, 0xC9, 0x83,
    0xE9, 0x69, 0xE0, 0xAA, 0x06, 0xA6, 0x67, 0x80, 0xAC, 0x85, 0x08, 0x85, 0xBC, 0xCB, 0x5C, 0xEC,
    0x52, 0x9F, 0xD8, 0xB8, 0x55, 0x65, 0x14, 0x32, 0xA0, 0x5F, 0x00, 0x0C, 0x2B, 0xD7, 0x2D, 0x20,
    0xA6, 0xA8, 0x1A, 0x48, 0x2C, 0xE2, 0xED, 0x02, 0xAA, 0xE7, 0x68, 0x3B, 0xD8, 0xD0, 0x67, 0x2E,
    0x65, 0x1B, 0x62, 0x7F, 0x28, 0xB8, 0xC4, 0x1B, 0x79, 0xC0, 0xCA, 0x03, 0xB1, 0x7D, 0x84, 0xAC,
    0x04, 0x72, 0x0B, 0xE8, 0x1A, 0x30, 0x1E, 0x78, 0xC0, 0xB8, 0xD3, 0x22, 0xE2, 0xE7, 0x11, 0xDB,
    0x0E, 0x31, 0x67, 0x49, 0xCF, 0x1B, 0x28, 0xE8, 0xE2, 0x24, 0x5F, 0x78, 0x0E, 0x59, 0x4D, 0xB6,
    0x6A, 0x2A, 0x92, 0xE7, 0xB5, 0xCC, 0x98, 0x32, 0x9E, 0x61, 0x00, 0x8A, 0x1C, 0xD4, 0xEF, 0x24,
    0xDD, 0x30, 0xF4, 0x1E, 0xF0, 0xF1, 0x7B, 0x1D, 0x2A, 0x72, 0x8C, 0x46, 0xE2, 0x9C, 0x56, 0xCD,
    0xAE, 0x5B, 0xE7, 0x67, 0xDF, 0x42, 0x49, 0xFA, 0x2D, 0x92, 0xEB, 0x4B, 0x7E, 0xA6, 0x23, 0x24,
    0xCE, 0x69, 0x15, 0xB5, 0x87, 0xEF, 0xA8, 0x63, 0x8B, 0x3E, 0xC7, 0xF1, 0xA9, 0xAA, 0x77, 0xB1,
    0xCC, 0x58, 0x63, 0x5C, 0x61, 0x34, 0x0C, 0xAF, 0xEA, 0x88, 0x11, 0x4B, 0xA7, 0xB1, 0x6C, 0x07,
    0x91, 0xEB, 0x11, 0x85, 0x06, 0x58, 0xF6, 0xC0, 0x54, 0x70, 0xA4, 0x41, 0xC9, 0xBC, 0x4C, 0x1B,
    0x3D, 0xE8, 0x57, 0xF4, 0x32, 0xE1, 0x4F, 0xBD, 0x49, 0xFF, 0x05, 0xF0, 0x46, 0x01, 0xB8, 0x32,
    0xF0, 0xB2, 0x59, 0x60, 0xCE, 0x29, 0x0C, 0xDC, 0x32, 0x57, 0x55, 0x05, 0x4C, 0x82, 0xD1, 0x25,
    0xE2, 0xC6, 0x28, 0x8B, 0xD4, 0x99, 0xC4, 0x23, 0xB3, 0x55, 0xDC, 0x82, 0xDE, 0xA6, 0x0D, 0x42,
    0x4A, 0xA5, 0xBE, 0xE0, 0xA7, 0x71, 0x33, 0x8D, 0x5A, 0xC4, 0x1E, 0x69, 0x3D, 0xA1, 0x02, 0xAF,
    0x7B, 0xCE, 0xF6, 0x1C, 0xC2, 0x12, 0xC2, 0x72, 0x14, 0x56, 0x5E, 0xF7, 0x39, 0x95, 0xC7, 0x6E,
    0x90, 0x67, 0xA7, 0x40, 0x58, 0x61, 0x2B, 0xCF, 0x01, 0x79, 0xF3, 0xA5, 0x1A, 0xF7, 0x71, 0x3B,
    0xDA, 0xA3, 0xEA, 0x4A, 0xF7, 0xC7, 0x32, 0x63, 0x89, 0x71, 0x39, 0x75, 0x4B, 0xAC, 0x93, 0x6A,
    0xE5, 0x4C, 0xA1, 0x43, 0xD5, 0xA2, 0x6A, 0xB3, 0x00, 0x3E, 0x66, 0xB2, 0x6A, 0x3D, 0xDA, 0xB6,
    0xCA, 0xC4, 0x4C, 0x3A, 0xFE, 0xB1, 0x55, 0xF9, 0x3B, 0x99, 0x55, 0xD9, 0x0D, 0x26, 0xF5, 0x5F,
    0x4C, 0x69, 0x60, 0x4A, 0x84, 0xE2, 0x96, 0x29, 0xF2, 0xB9, 0xAD, 0x3E, 0xF0, 0xD4, 0x56, 0x21,
    0xEF, 0x95, 0x4B, 0x1E, 0xEF, 0x46, 0x44, 0x5E, 0x7D, 0xF4, 0xBD, 0xFD, 0xBA, 0x51, 0x23, 0x79,
    0x60, 0x5A, 0xC4, 0x0F, 0x17, 0x4B, 0xE5, 0x52, 0x97, 0xDB, 0xD8, 0x6B, 0xEE, 0xB8, 0xBA, 0x60,
    0x60, 0x22, 0x18, 0xE3, 0x9C, 0xC6, 0xE7, 0x1A, 0xB9, 0x26, 0x7A, 0x68, 0x4A, 0x2C, 0xB6, 0x30,
    0x44, 0xA2, 0xCF, 0x1F, 0xA9, 0xDB, 0x72, 0x57, 0x97, 0xAE, 0xA3, 0xDE, 0x0B, 0x7B, 0xBA, 0x8D,
    0x16, 0x8C, 0xC7, 0xBF, 0x0E, 0x63, 0xD7, 0xAB, 0x31, 0x87, 0x6A, 0x68, 0x6D, 0x3C, 0x03, 0x75,
    0x17, 0xCA, 0xD4, 0x25, 0x65, 0x66, 0xE3, 0x52, 0x97, 0x80, 0x2E, 0x30, 0x37, 0x63, 0xE9, 0x72,
    0x82, 0xCC, 0x26, 0x7C, 0x4D, 0x5A, 0xCA, 0xB5, 0x92, 0x87, 0x88, 0xCA, 0xC6, 0xA4, 0xA5, 0xD7,
    0x49, 0xB9, 0xAA, 0xE3, 0x02, 0x1A, 0x78, 0x2A, 0x0C, 0x10, 0x93, 0x3B, 0xF6, 0x70, 0x06, 0x45,
    0x4C, 0x71, 0x80, 0x74, 0xDF, 0x06, 0xEA, 0x6E, 0x57, 0x21, 0x7F, 0xAB, 0xCD, 0x4B, 0xFD, 0x12,
    0xD7, 0x97, 0x8E, 0x5A, 0xB5, 0x87, 0x86, 0x13, 0xEA, 0x66, 0x30, 0x72, 0x71, 0x0B, 0x24, 0x0F,
    0x67, 0x05, 0x54, 0x41, 0xFB, 0xCC, 0xA9, 0x22, 0xF5, 0x67, 0x10, 0xB7, 0xAC, 0xB1, 0xF3, 0x40,
    0x65, 0x01, 0xBD, 0x33, 0xC8, 0xC9, 0x00, 0xD7, 0x22, 0xE6, 0x36, 0x98, 0x96, 0x15, 0x32, 0x3E,
    0x41, 0xD7, 0xC8, 0x1F, 0x7B, 0x30, 0xC5, 0x84, 0x81, 0x05, 0xC6, 0x49, 0xC6, 0x09, 0xD3, 0x12,
    0xEB, 0x1F, 0x06, 0xB0, 0x79, 0xB8, 0xAA, 0x4C, 0x89, 0xCA, 0x88, 0x16, 0xC5, 0x90, 0x3D, 0xD0,
    0x0C, 0xD6, 0xFF, 0x90, 0x3E, 0xA6, 0x32, 0x73, 0xE6, 0x2F, 0xBA, 0xA1, 0x56, 0xC3, 0x71, 0x99,
    0x4B, 0x08, 0x30, 0xC4, 0x52, 0x7E, 0x15, 0x65, 0x82, 0x45, 0x0F, 0xAC, 0x06, 0x4E, 0x06, 0x8E,
    0x4B, 0x39, 0xF5, 0x69, 0x00, 0x3C, 0xC3, 0x31, 0x20, 0xA0, 0x0E, 0xE8, 0x16, 0x2D, 0x82, 0x72,
    0x08, 0x89, 0x7F, 0x84, 0xD4, 0x4B, 0x7A, 0x4A, 0x3D, 0x4C, 0x00, 0x05, 0x55, 0x23, 0xAB, 0x99,
    0x94, 0xDD, 0x43, 0xE4, 0x98, 0x7E, 0x17, 0xE4, 0xB0, 0x12, 0xD2, 0xF3, 0x24, 0x69, 0xEF, 0x75,
    0x59, 0x6D, 0xC8, 0x51, 0x30, 0x61, 0xBE, 0xDD, 0xCF, 0x4F, 0x45, 0x15, 0x43, 0xEF, 0x41, 0x05,
    0xCE, 0x09, 0xCE, 0x88, 0x9C, 0x4A, 0xAC, 0x7C, 0xAF, 0xC1, 0x12, 0xAE, 0xE2, 0x45, 0x68, 0x00,
    0x79, 0x01, 0x64, 0x25, 0x88, 0x2C, 0xC7, 0x05, 0x43, 0x6F, 0x59, 0x82, 0xC6, 0x32, 0x3A, 0x5C,
    0x7C, 0xBD, 0x19, 0xF2, 0x98, 0x36, 0x61, 0xCE, 0x3F, 0xD4, 0xFF, 0x26, 0x6B, 0x9E, 0x1E, 0xDD,
    0x30, 0xA6, 0x19, 0xEE, 0x87, 0x2D, 0x34, 0xD4, 0x4D, 0xE6, 0x52, 0xD1, 0xC0, 0x1F, 0x0B, 0xCF,
    0x52, 0xC6, 0xB3, 0x75, 0xC0, 0x38, 0xE9, 0x75, 0xC8, 0x3E, 0xCC, 0xB9, 0x04, 0x13, 0xA4, 0x34,
    0x99, 0x17, 0xE3, 0x7E, 0xD1, 0x26, 0x3E, 0x2F, 0x05, 0x31, 0x63, 0xD2, 0xB1, 0x7E, 0x51, 0x58,
    0x2D, 0x96, 0x93, 0x90, 0x97, 0x51, 0x3B, 0xA6, 0x27, 0x0C, 0xBE, 0xF5, 0x9A, 0x0A, 0x6A, 0xBE,
    0x46, 0x65, 0xFE, 0x63, 0xA7, 0x5F, 0xF6, 0x7F, 0x1C, 0x7B, 0xE4, 0x3E, 0xFD, 0xC2, 0x73, 0xDC,
    0xC4, 0x12, 0x34, 0x35, 0xD9, 0x9D, 0x0E, 0x38, 0x85, 0xAA, 0x49, 0xA8, 0xCE, 0x4A, 0x2C, 0x50,
    0xA1, 0xDF, 0x77, 0x26, 0x6A, 0x0C, 0xC2, 0xCA, 0x4E, 0xD0, 0x08, 0xF9, 0x4B, 0x8D, 0xBA, 0xED,
    0x23, 0x2A, 0x2B, 0x2A, 0xB3, 0xF7, 0xBD, 0xDA, 0xF4, 0x6A, 0xCB, 0x29, 0xAA, 0xD5, 0xF5, 0x46,
    0x6D, 0xB4, 0x1C, 0xB2, 0xDB, 0xBE, 0x92, 0xB3, 0x3E, 0xB3, 0x5E, 0x49, 0xC0, 0xDE, 0x90, 0x59,
    0x54, 0x1E, 0x29, 0x51, 0x31, 0x99, 0x35, 0x80, 0x89, 0xA0, 0x0E, 0x88, 0x6C, 0x40, 0x2C, 0x28,
    0x03, 0x54, 0x21, 0xAD, 0xA8, 0x43, 0x8B, 0xAC, 0xF0, 0x48, 0x0A, 0x87, 0xB8, 0x88, 0xA8, 0x50,
    0xEF, 0xBB, 0x9C, 0x6D, 0x65, 0x9B, 0xA8, 0x35, 0x00, 0x07, 0x3D, 0x3C, 0x77, 0xF5, 0xD1, 0x95,
    0x88, 0xDC, 0xF3, 0xC0, 0xF3, 0xA0, 0x0B, 0x81, 0x40, 0xD7, 0xEF, 0x11, 0xFE, 0xFF, 0xE6, 0xFD,
    0x0D, 0x4C, 0xEE, 0x3C, 0xB0, 0x00, 0x11, 0x30, 0x91, 0x8A, 0x8A, 0x3F, 0xFF, 0xDC, 0x41, 0x6D,
    0xDE, 0xF7, 0xC8, 0x5E, 0x61, 0xF5, 0x94, 0x05, 0x53, 0xA4, 0x1D, 0x16, 0xF2, 0xF2, 0xAC, 0xB2,
    0x2F, 0x2A, 0x8B, 0xBC, 0x88, 0x7A, 0xE0, 0x82, 0x7D, 0x2E, 0xAD, 0xDF, 0x48, 0xEB, 0x1F, 0x64,
    0x56, 0x96, 0xDA, 0xF7, 0xC8, 0x66, 0xD6, 0x40, 0xD9, 0x0A, 0xEA, 0x1A, 0x41, 0x6D, 0xF1, 0xFF,
    0xFF, 0x68, 0xA8, 0x86, 0x51, 0x33, 0xAC, 0x19, 0xAE, 0x41, 0x51, 0x20, 0xBE, 0xDF, 0x20, 0x76,
    0x0D, 0x50, 0xD5, 0x60, 0x39, 0x7C, 0x5E, 0x7C, 0x87, 0xFF, 0x7B, 0xB6, 0x8D, 0x18, 0xFF, 0x0C,
    0x75, 0x03, 0x50, 0x3D, 0x83, 0x18, 0xDB, 0x16, 0xEA, 0xBA, 0x07, 0x3F, 0x5B, 0x54, 0x9E, 0x8A,
    0x98, 0xC8, 0xA2, 0xA9, 0x00, 0xBF, 0xF2, 0x18, 0x7E, 0xE9, 0x56, 0x40, 0xAC, 0xAB, 0x8A, 0xC9,
    0x1A, 0x9B, 0xF0, 0xF0, 0xAA, 0x1A, 0xE5, 0xF9, 0xD7, 0xE4, 0xFE, 0x44, 0xD0, 0xFE, 0xC4, 0xDA,
    0x3F, 0xFA, 0x13, 0x0B, 0x0F, 0xFC, 0x89, 0xFC, 0x8E, 0x3F, 0xC1, 0x75, 0x67, 0x6E, 0xBC, 0x1B,
    0xAA, 0x07, 0x62, 0x63, 0x05, 0x65, 0x57, 0x46, 0x50, 0xCF, 0xFF, 0xEB, 0xBB, 0xC7, 0x72, 0x4E,
    0xAE, 0xE1, 0x3A, 0xE7, 0x9A, 0xCF, 0x8B, 0xA0, 0xD1, 0x19, 0xAC, 0x8F, 0x81, 0xE3, 0x79, 0x19,
    0x76, 0x5A, 0x04, 0x95, 0xD9, 0x46, 0x07, 0x65, 0xC3, 0xBE, 0xE0, 0x73, 0x52, 0x50, 0x19, 0xBD,
    0x54, 0x9A, 0x4F, 0xDA, 0xC5, 0x2F, 0x3A, 0x65, 0x49, 0x59, 0xA3, 0xAC, 0x96, 0x20, 0x91, 0x4E,
    0x5D, 0x6F, 0x15, 0xD5, 0xBB, 0xAD, 0xA5, 0x6A, 0x00, 0xA9, 0xBA, 0x22, 0xBD, 0x5B, 0xE7, 0x6F,
    0x7B, 0x1D, 0x3B, 0x8D, 0x62, 0xBE, 0xE6, 0x57, 0x23, 0xAA, 0x89, 0x9A, 0x7B, 0xE1, 0x4D, 0x17,
    0x5E, 0x44, 0xC0, 0xDE, 0x30, 0x09, 0x48, 0x09, 0x74, 0x9F, 0xF2, 0x72, 0x49, 0xD9, 0x55, 0x65,
    0x7D, 0xF2, 0x41, 0x1D, 0x3F, 0xB0, 0xD1, 0x17, 0x25, 0x08, 0xE8, 0x81, 0x8B, 0xC0, 0x14, 0x78,
    0x11, 0x67, 0x3D, 0x4C, 0x0D, 0x5D, 0x40, 0x24, 0xBA, 0x04, 0x68, 0x07, 0xA4, 0x8F, 0x10, 0x11,
    0x95, 0x6A, 0xFB, 0xAE, 0xD7, 0x7F, 0xF5, 0x41, 0xAB, 0x53, 0x17, 0x4C, 0xEA, 0xBA, 0x1D, 0xC8,
    0xB1, 0xA4, 0xAB, 0xF7, 0xEF, 0x7A, 0xB9, 0x6E, 0x6F, 0x3E, 0xE4, 0x2D, 0xE8, 0x4E, 0xC8, 0x37,
    0x9C, 0xBA, 0x63, 0x63, 0x12, 0x8B, 0x40, 0xE0, 0x67, 0x95, 0xBC, 0x6A, 0x4F, 0x26, 0x9E, 0x5E,
    0xED, 0xAA, 0x07, 0x07, 0x3C, 0x34, 0xDB, 0x41, 0x1E, 0x2C, 0xA0, 0x18, 0xB1, 0xA0, 0x30, 0x5F,
    0x50, 0x76, 0x2D, 0x8C, 0xDD, 0x4D, 0xBD, 0xD7, 0x26, 0xD4, 0x62, 0x32, 0x84, 0x48, 0x6E, 0xB8,
    0xFA, 0x9C, 0x8C, 0xCF, 0x36, 0x42, 0x66, 0x39, 0xBF, 0x7A, 0x32, 0x0D, 0x97, 0x70, 0xD1, 0xE4,
    0x8F, 0x9E, 0x03, 0x2C, 0x03, 0xBD, 0x21, 0xF4, 0xE7, 0x44, 0xB8, 0xDF, 0xE2, 0xB7, 0x2D, 0xDE,
    0x62, 0x1B, 0xA8, 0x89, 0x1E, 0x76, 0x51, 0xAB, 0x25, 0x3C, 0x5C, 0x57, 0xD4, 0x56, 0x3E, 0xA5,
    0xCC, 0x4E, 0xB8, 0x00, 0x8C, 0xA0, 0x32, 0xA8, 0x2D, 0x1F, 0xD4, 0xE6, 0x88, 0xEC, 0xFA, 0xBD,
    0x50, 0xD1, 0x3B, 0x54, 0x79, 0x64, 0xBB, 0x43, 0x05, 0x95, 0x7C, 0x89, 0xDA, 0x6C, 0x38, 0x64,
    0xD7, 0x65, 0x44, 0xC9, 0x5B, 0x5C, 0x34, 0xC5, 0x9B, 0x8A, 0xFB, 0xA6, 0x43, 0xE2, 0x63, 0xF2,
    0xCC, 0x1C, 0xE7, 0x14, 0x4E, 0xE7, 0xB3, 0xC6, 0x57, 0x75, 0xB6, 0xF9, 0x59, 0xAB, 0xB6, 0xEA,
    0xA0, 0x6E, 0x58, 0xD6, 0x6C, 0x57, 0xF8, 0xDF, 0x30, 0x56, 0x38, 0x6D, 0x2D, 0xBF, 0xF9, 0x69,
    0x2B, 0xD7, 0xA0, 0x22, 0xDE, 0x9C, 0xAF, 0x21, 0xF6, 0x23, 0x26, 0x1C, 0x87, 0x09, 0x40, 0x58,
    0x43, 0xC4, 0xC7, 0xDF, 0xF4, 0x1D, 0xF4, 0xDB, 0x54, 0x24, 0x96, 0x15, 0xC8, 0x53, 0xC5, 0x19,
    0xB0, 0x1C, 0x38, 0xFE, 0x24, 0x9B, 0x56, 0x5D, 0x17, 0x06, 0x0E, 0x75, 0x7D, 0x54, 0x00, 0xC6,
    0x02, 0x8B, 0x0C, 0xC5, 0x20, 0x2A, 0x90, 0x49, 0x7C, 0xDB, 0x41, 0x51, 0x98, 0xF5, 0x41, 0xBD,
    0x2F, 0x2A, 0x7F, 0x15, 0xD2, 0x98, 0xC4, 0x42, 0x98, 0x12, 0xF8, 0x5B, 0x00, 0xAA, 0x80, 0x2E,
    0xD0, 0x21, 0x72, 0x18, 0xE5, 0xE9, 0x83, 0xF0, 0x84, 0x6A, 0xF5, 0x3B, 0xEE, 0xCF, 0x5E, 0xE3,
    0x35, 0xB1, 0xAE, 0xDF, 0x31, 0xB0, 0xE0, 0xD5, 0xAC, 0xE7, 0xB3, 0x29, 0x15, 0xF9, 0xEB, 0x85,
    0x8E, 0x0B, 0xFD, 0x16, 0x74, 0x03, 0xD5, 0x73, 0x96, 0xF2, 0x8D, 0xDC, 0xBE, 0xA1, 0xCA, 0x8B,
    0x06, 0xBA, 0x45, 0x6A, 0x95, 0x4D, 0x2D, 0x00, 0x8E, 0x19, 0x8E, 0xCF, 0xFF, 0x4C, 0x7B, 0x2E,
    0x83, 0xD6, 0x60, 0x1E, 0x25, 0xF2, 0xC8, 0x3C, 0xE2, 0x27, 0x84, 0xAC, 0x07, 0x5A, 0x04, 0x5C,
    0x01, 0xCB, 0x64, 0x2D, 0x09, 0xD8, 0xEF, 0xD7, 0xAE, 0xFA, 0xDE, 0x99, 0x71, 0x0C, 0x44, 0xD3,
    0x03, 0xF0, 0x57, 0x85, 0xAA, 0x56, 0x62, 0x46, 0x28, 0x2F, 0x99, 0xB2, 0xF2, 0x97, 0x8E, 0x63,
    0x64, 0x3B, 0x23, 0x83, 0x61, 0x07, 0x6E, 0xE3, 0xC5, 0x30, 0x02, 0x49, 0xAF, 0xDA, 0x21, 0xA2,
    0x56, 0x62, 0x46, 0x28, 0x2F, 0x07, 0xE2, 0x36, 0x6E, 0xE4, 0xE2, 0x0E, 0xFB, 0xD6, 0xCF, 0x86,
    0xD4, 0x4F, 0x33, 0xAB, 0x9F, 0x8E, 0x71, 0xF5, 0x31, 0x64, 0x76, 0x1C, 0xE6, 0x10, 0xED, 0x8C,
    0x01, 0x25, 0xB0, 0x84, 0x41, 0x8E, 0x32, 0xCE, 0x4F, 0x3C, 0x10, 0x05, 0x00, 0x2B, 0x8C, 0xB4,
    0x64, 0xC2, 0x91, 0xE6, 0x94, 0x49, 0x51, 0x24, 0x37, 0x5D, 0x72, 0xCD, 0x71, 0xAD, 0x01, 0x47,
    0x1E, 0x06, 0x0F, 0x3D, 0x30, 0x69, 0x00, 0xA7, 0x19, 0xDF, 0x02, 0x12, 0xB2, 0x43, 0x79, 0x44,
    0x1D, 0x9A, 0xFE, 0x1C, 0x7C, 0x77, 0x1A, 0xCF, 0x75, 0xCF, 0x00, 0xD4, 0x03, 0xFD, 0x05, 0x37,
    0x73, 0xC6, 0x34, 0x23, 0x12, 0x8F, 0x7E, 0xD1, 0x25, 0xD4, 0x17, 0x3A, 0x20, 0xF5, 0x20, 0xC2,
    0x2F, 0xBE, 0x40, 0x42, 0x2E, 0xF9, 0x2C, 0x24, 0x4E, 0x42, 0xFA, 0x59, 0xD0, 0xE4, 0x76, 0xF7,
    0x4F, 0xF5, 0x9E, 0xFD, 0xD3, 0x3A, 0xE3, 0xF6, 0xED, 0xA0, 0x8B, 0x3E, 0xF0, 0x31, 0x23, 0x9E,
    0xED, 0x9F, 0xD4, 0xEE, 0xFE, 0x69, 0x36, 0x61, 0x95, 0xE3, 0x84, 0xD5, 0x9B, 0x87, 0xBD, 0xB9,
    0xD0, 0x73, 0x3C, 0x2F, 0x66, 0x13, 0xD6, 0x4F, 0x7F, 0x02, 0x53, 0x56, 0x6E, 0xF2, 0xB1, 0x55,
    0x36, 0xBE, 0xC6, 0xE5, 0x27, 0x05, 0xDB, 0x91, 0x02, 0xB1, 0x57, 0x4C, 0xED, 0xB7, 0xA5, 0x8F,
    0x9D, 0x02, 0x10, 0xA6, 0x4C, 0xEB, 0x52, 0x87, 0x66, 0x95, 0x49, 0x7B, 0xA6, 0xDC, 0x31, 0x29,
    0x3B, 0x23, 0xF2, 0xB9, 0xCB, 0xCB, 0x7F, 0x92, 0xCE, 0x76, 0x49, 0x6D, 0xD4, 0x48, 0xEE, 0x58,
    0xC4, 0x0F, 0x4A, 0x44, 0x04, 0x40, 0xD0, 0x33, 0xD6, 0x18, 0xCB, 0xB3, 0x5D, 0xF4, 0xD2, 0x74,
    0x77, 0x17, 0xFD, 0xDD, 0x7F, 0xFF, 0xEE, 0x7F, 0x98, 0x56, 0x87, 0x71, 0x87, 0xAC, 0x18, 0x7A,
    0xB6, 0x8B, 0xFE, 0x98, 0x77, 0xD1, 0x5B, 0x8F, 0xED, 0xA2, 0x33, 0x97, 0xB5, 0x26, 0xE8, 0x0E,
    0xC0, 0x94, 0x71, 0x19, 0x98, 0x78, 0x46, 0x39, 0xB9, 0xE7, 0x11, 0xDF, 0x6B, 0x10, 0x39, 0xBF,
    0xCF, 0x02, 0x84, 0xC6, 0x46, 0xB7, 0xC5, 0xF1, 0xFF, 0x7E, 0xD4, 0x58, 0xF2, 0xBA, 0x2A, 0xE5,
    0x1A, 0x20, 0x66, 0x28, 0x00, 0x27, 0xF1, 0xF5, 0x72, 0x5C, 0x17, 0x53, 0x77, 0xBC, 0xB5, 0xF2,
    0x38, 0xC2, 0x50, 0x8B, 0x0B, 0xF5, 0x13, 0x47, 0xF3, 0x27, 0xEE, 0x51, 0x7F, 0xC3, 0xC7, 0xDB,
    0x61, 0xD4, 0xF3, 0xAB, 0x9A, 0xD3, 0x2E, 0xCD, 0xED, 0x51, 0xA3, 0xB7, 0x2E, 0x81, 0x17, 0x0F,
    0xE0, 0xD5, 0x83, 0xDC, 0x13, 0xC3, 0x30, 0xB4, 0x60, 0x8C, 0xFF, 0x27, 0xA7, 0xDF, 0x68, 0xA1,
    0x88, 0xF3, 0x6E, 0x88, 0xF2, 0x92, 0x01, 0x54, 0xCD, 0xA3, 0x0E, 0x88, 0x25, 0xE0, 0x4A, 0x45,
    0xAD, 0xBA, 0xF5, 0x9A, 0x12, 0x0D, 0x38, 0xC0, 0x99, 0x1B, 0x5B, 0x0E, 0x15, 0xD9, 0xEC, 0x96,
    0x14, 0xB5, 0xDF, 0x58, 0xBA, 0x8F, 0xC7, 0x89, 0x68, 0xFF, 0xD2, 0x76, 0xC6, 0xE4, 0x55, 0x35,
    0x3C, 0xA2, 0x6C, 0xBE, 0x9C, 0x7D, 0x3D, 0x65, 0x73, 0x8F, 0x4A, 0xCF, 0x7B, 0xBD, 0xB8, 0xD1,
    0x55, 0x21, 0x9F, 0x6D, 0xD2, 0xD7, 0x81, 0xA4, 0x45, 0x4C, 0xE5, 0x6C, 0xF4, 0x77, 0xD9, 0xC6,
    0x8E, 0xFB, 0x69, 0x98, 0x8C, 0x64, 0xB1, 0x7E, 0xAD, 0xCD, 0x36, 0xDA, 0xEA, 0x5E, 0x8B, 0x1D,
    0x3F, 0x51, 0x4C, 0x05, 0x80, 0xAF, 0xC2, 0x27, 0x25, 0x92, 0x0F, 0xAC, 0x06, 0x4E, 0x67, 0x5C,
    0x65, 0xC1, 0x80, 0x7E, 0xE8, 0xA9, 0x38, 0xEC, 0x1A, 0x5D, 0xB2, 0x09, 0xC5, 0x23, 0x1D, 0xDE,
    0xD9, 0x85, 0xB3, 0xC0, 0x29, 0x4C, 0xCE, 0x21, 0x0E, 0x60, 0x91, 0xB5, 0xFE, 0xE2, 0xD3, 0xD6,
    0xFA, 0xF0, 0xC0, 0x9B, 0xC0, 0x12, 0x52, 0xFF, 0xE5, 0x1C, 0xC2, 0x31, 0x03, 0x3B, 0x58, 0x95,
    0xE9, 0x3A, 0xBB, 0x26, 0x3D, 0xF0, 0x37, 0x50, 0x5B, 0x05, 0xE7, 0x9F, 0x1F, 0xF2, 0x79, 0xD2,
    0x19, 0x86, 0x7C, 0x40, 0x31, 0x12, 0x46, 0xCC, 0xBA, 0xC5, 0xC7, 0x90, 0x07, 0xB5, 0x3D, 0x7D,
    0x53, 0x6D, 0x2F, 0xF1, 0xB5, 0x7E, 0x04, 0x59, 0x46, 0xCD, 0xF1, 0x86, 0x11, 0x18, 0xEB, 0x0C,
    0x5D, 0x64, 0x6C, 0x21, 0xE7, 0x09, 0xC0, 0xF3, 0x52, 0x16, 0x32, 0x4B, 0x85, 0xFA, 0xFD, 0x16,
    0xEB, 0x1A, 0xAA, 0x9F, 0x51, 0x72, 0xDC, 0x31, 0x1A, 0x1E, 0x01, 0x44, 0x9F, 0xB1, 0xC3, 0xFD,
    0xB9, 0xF1, 0xFE, 0xAA, 0xE0, 0x91, 0x7D, 0xB0, 0xF7, 0xFE, 0xF0, 0xC4, 0xFB, 0x7B, 0xE2, 0xD2,
    0x45, 0xA6, 0xC4, 0xB9, 0xFB, 0xDC, 0x7F, 0x6A, 0x23, 0xB2, 0x84, 0xA6, 0x8F, 0xA9, 0xF0, 0xEB,
    0xC9, 0x3B, 0x58, 0x5D, 0x57, 0x00, 0x46, 0x3A, 0xC7, 0x54, 0xB5, 0x3B, 0xB4, 0x5E, 0x09, 0xE9,
    0x92, 0x49, 0x59, 0xA6, 0xC4, 0x03, 0xBD, 0x54, 0x3A, 0x59, 0x56, 0x89, 0xAF, 0x71, 0x49, 0x79,
    0x7D, 0xBF, 0xD5, 0xEE, 0xB7, 0xED, 0x3F, 0x94, 0x51, 0xEB, 0x11, 0x51, 0xCD, 0xE0, 0xFF, 0xFF,
    0x0D, 0x88, 0xDA, 0x75, 0x86, 0x2E, 0x14, 0x29, 0x7F, 0x6C, 0xDF, 0x1D, 0x30, 0xE7, 0xB5, 0x39,
    0xEC, 0x66, 0x09, 0x48, 0x18, 0x11, 0x63, 0x62, 0xB9, 0x1C, 0x62, 0xC5, 0x89, 0x1F, 0xB4, 0x5F,
    0x16, 0x7A, 0x53, 0x08, 0x23, 0x11, 0x31, 0xB1, 0x09, 0x72, 0xF8, 0x38, 0xB1, 0x1D, 0x10, 0x43,
    0xA4, 0x54, 0x59, 0x7D, 0xFF, 0x1D, 0x6B, 0xF9, 0xD6, 0xD3, 0x34, 0x1B, 0xA2, 0x06, 0x9C, 0x2F,
    0xB7, 0xCC, 0x75, 0xF6, 0x38, 0x53, 0x29, 0x7C, 0xBD, 0x15, 0xB6, 0xDD, 0xC0, 0x66, 0x60, 0x3D,
    0xCF, 0x2E, 0x67, 0x36, 0x2D, 0x35, 0x1A, 0x22, 0x2B, 0x03, 0x8F, 0xDD, 0xC8, 0x0B, 0x51, 0xB9,
    0xBB, 0xCC, 0x24, 0x80, 0x37, 0x24, 0x90, 0xFA, 0xDD, 0x25, 0x6A, 0x98, 0xBA, 0x75, 0x39, 0xCC,
    0x0B, 0xA6, 0xCC, 0xF2, 0x25, 0xCA, 0xF2, 0xD2, 0x6A, 0x9C, 0x34, 0xCB, 0x99, 0x0F, 0x05, 0xEB,
    0xD8, 0x99, 0x09, 0x25, 0xC2, 0x88, 0x1E, 0x32, 0xA5, 0x2E, 0x77, 0xD2, 0x9E, 0x02, 0xF4, 0x5B,
    0x5C, 0x8F, 0xE2, 0xA9, 0x80, 0x8E, 0x99, 0x4C, 0xE2, 0x35, 0x74, 0xE2, 0xCD, 0x98, 0x96, 0xBF,
    0xCD, 0x67, 0xD5, 0xB5, 0x10, 0x90, 0x38, 0xD9, 0x07, 0x75, 0xE6, 0xB3, 0x12, 0x39, 0xF5, 0x98,
    0x88, 0x15, 0xBF, 0xED, 0x90, 0xBF, 0xF3, 0x49, 0xA1, 0xD5, 0xBB, 0xD6, 0xE4, 0xAF, 0xCE, 0xF0,
    0xAE, 0xD5, 0xD9, 0xB6, 0xCD, 0xDE, 0x95, 0x6D, 0x65, 0x7F, 0x09, 0x15, 0xD9, 0xE3, 0x7A, 0x3E,
    0x11, 0x5B, 0x00, 0x0E, 0x78, 0x96, 0x91, 0xD5, 0x10, 0x99, 0x50, 0x99, 0xDE, 0x75, 0xC3, 0x6E,
    0xB5, 0xD6, 0x80, 0x91, 0x20, 0x05, 0xE4, 0xF6, 0x05, 0x45, 0xB2, 0xEA, 0xC0, 0x14, 0x38, 0x01,
    0x9C, 0x1C, 0x17, 0x77, 0x38, 0x9E, 0xF7, 0xD4, 0x8F, 0x4B, 0xCB, 0x88, 0x81, 0x11, 0x4F, 0xDC,
    0x04, 0x77, 0x48, 0xA5, 0xFB, 0x03, 0x09, 0x10, 0x83, 0xBC, 0xF6, 0x79, 0xAD, 0x4A, 0x55, 0x2B,
    0x24, 0xFE, 0x34, 0xE2, 0x76, 0x0A, 0x04, 0x0F, 0x54, 0x0E, 0xD0, 0xA3, 0x1F, 0x6B, 0x1E, 0x16,
    0xA0, 0x46, 0x96, 0x8F, 0xA5, 0x1E, 0x9A, 0xDA, 0x1A, 0x54, 0xDD, 0x22, 0x91, 0xC5, 0xC6, 0x03,
    0x87, 0xE8, 0x0B, 0x39, 0x2F, 0x28, 0x80, 0x0A, 0xF3, 0xA6, 0x56, 0x85, 0x3C, 0x8E, 0x47, 0x3A,
    0x9D, 0x42, 0xEC, 0xA7, 0x88, 0xDA, 0xA5, 0x99, 0xCE, 0x1A, 0x19, 0x51, 0xF9, 0xEC, 0xE2, 0x2D,
    0xCC, 0xEB, 0xAC, 0xF7, 0xD1, 0xD9, 0x20, 0xB9, 0x3F, 0xD3, 0x39, 0xE8, 0x2B, 0x07, 0x9D, 0x39,
    0x85, 0x79, 0x9D, 0x92, 0xFE, 0xD3, 0xF2, 0xD8, 0xEE, 0x5D, 0x20, 0x65, 0x4C, 0x18, 0x18, 0xF0,
    0xF4, 0xDD, 0x3B, 0x70, 0x0E, 0xF8, 0x06, 0x07, 0xA2, 0x9E, 0x5A, 0x7E, 0x1F, 0x99, 0x59, 0xDF,
    0x9F, 0xE4, 0xD9, 0xBD, 0xFF, 0x86, 0xB2, 0xE8, 0x71, 0x58, 0xE2, 0x86, 0x45, 0x44, 0x2D, 0x80,
    0x44, 0x08, 0x03, 0x2D, 0x09, 0x9D, 0x25, 0xDA, 0x0E, 0x0F, 0x1E, 0x5C, 0xF7, 0x77, 0xEE, 0x6F,
    0xFA, 0x78, 0x9F, 0x5F, 0xD2, 0x24, 0x3E, 0x27, 0x0A, 0x00, 0x96, 0x19, 0xDF, 0x62, 0xFC, 0xBF,
    0x27, 0xFB, 0x96, 0xCD, 0x53, 0x7C, 0xCB, 0x8F, 0xDD, 0xFC, 0xEA, 0xD3, 0x1D, 0x0D, 0x40, 0x0E,
    0x28, 0x20, 0x1D, 0xD5, 0xE5, 0x35, 0xAB, 0xB0, 0xEA, 0xF6, 0xE2, 0x23, 0xDC, 0xAD, 0x2C, 0xAB,
    0xB3, 0x11, 0xFD, 0xCC, 0x22, 0x59, 0x9C, 0x21, 0xB7, 0x80, 0x80, 0xBC, 0xF9, 0x9C, 0x78, 0xE6,
    0x53, 0xBF, 0x69, 0x25, 0xD0, 0x50, 0xFC, 0xB7, 0x87, 0x10, 0x49, 0x9B, 0xAD, 0x02, 0x90, 0x7D,
    0xB8, 0x67, 0xE9, 0xF9, 0x7E, 0x3B, 0x0E, 0x7A, 0x6E, 0x58, 0x2E, 0xEE, 0x8B, 0xAA, 0x67, 0x4B,
    0x2C, 0x50, 0x31, 0xD4, 0x5E, 0x6C, 0xF9, 0x71, 0xCF, 0xB6, 0xF1, 0xB4, 0x7D, 0x5B, 0x3F, 0xEE,
    0xDB, 0x60, 0x5A, 0xE4, 0xF1, 0xA7, 0x15, 0x8C, 0xB2, 0xB9, 0xBD, 0x28, 0x8F, 0x6E, 0x59, 0x17,
    0xCA, 0xE5, 0x44, 0xE4, 0x26, 0xD5, 0xF9, 0xF3, 0x05, 0xCC, 0xAE, 0x77, 0x5B, 0xDB, 0x71, 0x2F,
    0xF0, 0x7D, 0x28, 0xD9, 0xD0, 0xC4, 0x44, 0x35, 0x50, 0x75, 0xF8, 0x4E, 0x1A, 0x10, 0x16, 0x16,
    0x8B, 0x26, 0x28, 0x7B, 0xAF, 0x55, 0xD6, 0xC8, 0x73, 0x68, 0x01, 0x81, 0xB4, 0x23, 0x08, 0xF4,
    0x8F, 0xEA, 0x71, 0x1C, 0xCD, 0x5B, 0x64, 0x2F, 0xF1, 0xB6, 0x45, 0xA7, 0x4E, 0xD9, 0x85, 0xCC,
    0xA6, 0x7E, 0x21, 0x67, 0x52, 0x44, 0xE4, 0x61, 0xFE, 0xF5, 0xFC, 0x6B, 0x7B, 0x95, 0x09, 0x29,
    0x8F, 0x17, 0x90, 0xF6, 0x7F, 0xE9, 0x11, 0xC9, 0x25, 0x30, 0x3D, 0xC6, 0x29, 0x07, 0xF1, 0x5E,
    0xFA, 0xB3, 0xB4, 0xC3, 0x1A, 0x5B, 0xD1, 0xB2, 0x15, 0x6C, 0x49, 0xAD, 0xD9, 0xBC, 0x39, 0x0B,
    0x7A, 0x5C, 0x82, 0xA6, 0x1A, 0x8A, 0x8A, 0xB1, 0xCE, 0x9D, 0xE0, 0xA0, 0xCF, 0x0B, 0xC6, 0x8F,
    0x31, 0xD2, 0x9B, 0x9E, 0x99, 0x37, 0x98, 0xE3, 0xA8, 0x07, 0x91, 0xAF, 0x6A, 0x29, 0xF9, 0xCC,
    0x33, 0x00, 0x56, 0xB4, 0xE4, 0xCF, 0x99, 0xB2, 0x16, 0x38, 0xA6, 0xBF, 0xF7, 0xE9, 0x6B, 0x3A,
    0xF0, 0xBF, 0x1C, 0xEF, 0x2C, 0xB7, 0x73, 0xAB, 0xEA, 0x61, 0x5D, 0xE5, 0x80, 0x84, 0x91, 0xD6,
    0x40, 0x66, 0x11, 0xF7, 0x3B, 0xBB, 0x09, 0xDE, 0xCD, 0x67, 0x9B, 0xC4, 0x0B, 0x1E, 0x75, 0x03,
    0xAA, 0x1F, 0xC2, 0xB6, 0x55, 0x9B, 0x3E, 0xB3, 0xA1, 0xF2, 0x0B, 0x80, 0x06, 0x98, 0xAF, 0x42,
    0x35, 0x00, 0x0E, 0xF5, 0xFE, 0xF2, 0x0A, 0xA3, 0xD9, 0x79, 0x7F, 0x99, 0xB7, 0xF2, 0xFE, 0x72,
    0x36, 0x18, 0x78, 0x20, 0xAA, 0x9F, 0xE6, 0xFE, 0xFD, 0xF9, 0xE0, 0xFE, 0x5D, 0x41, 0x15, 0xCF,
    0xEF, 0xE8, 0x8E, 0xBE, 0xFA, 0x89, 0x7D, 0x15, 0x62, 0x0F, 0x08, 0xE6, 0xEF, 0xF9, 0xC0, 0x15,
    0x10, 0xA3, 0x12, 0x7B, 0x70, 0x95, 0x11, 0x80, 0xA8, 0x19, 0x07, 0x74, 0xE0, 0xC8, 0x76, 0xE4,
    0xCD, 0x37, 0x3B, 0xCE, 0x43, 0x00, 0xCE, 0xCD, 0xC6, 0x37, 0xCF, 0xB8, 0x74, 0xF8, 0x55, 0x58,
    0x5C, 0x02, 0x0A, 0xC0, 0xB7, 0x21, 0x83, 0x94, 0x3A, 0xD2, 0xFB, 0x36, 0x72, 0x98, 0x90, 0x07,
    0x3A, 0x00, 0x7E, 0x06, 0x87, 0x03, 0xC6, 0xC4, 0xD4, 0x22, 0x05, 0x87, 0xDD, 0x57, 0xCE, 0x56,
    0x75, 0x93, 0xF9, 0x57, 0xCE, 0xAF, 0xCC, 0xBF, 0x72, 0xFE, 0xFD, 0xFC, 0x2B, 0xE7, 0x26, 0xB3,
    0x8B, 0x6F, 0x79, 0xD3, 0xC8, 0x2B, 0xE7, 0x80, 0x99, 0xDA, 0x89, 0xDB, 0xE9, 0xD4, 0x51, 0xB1,
    0xAF, 0x5F, 0xFF, 0xEA, 0x2F, 0xFC, 0x09, 0x3D, 0xFA, 0xF5, 0xF3, 0x57, 0xB7, 0x5A, 0xF6, 0xEB,
    0xF7, 0x8F, 0xDC, 0x03, 0x70, 0x6C, 0x4A, 0xAD, 0xEC, 0x7E, 0xBF, 0xAC, 0x66, 0x4B, 0xFD, 0x65,
    0x44, 0x4D, 0xC0, 0xC4, 0x5F, 0x01, 0x8C, 0xA8, 0xC2, 0xB1, 0xBF, 0xF5, 0x98, 0x4C, 0xA0, 0xB6,
    0xAC, 0x7A, 0xC5, 0xC6, 0x84, 0x43, 0xBC, 0x70, 0x02, 0x2B, 0x6D, 0x07, 0xE5, 0x62, 0xC4, 0x9C,
    0x1C, 0xD3, 0x80, 0xF4, 0x87, 0x96, 0x3D, 0xBE, 0xCC, 0x10, 0x39, 0x84, 0x0D, 0x09, 0x51, 0xC0,
    0x84, 0x6E, 0x2D, 0x63, 0xB2, 0x6D, 0x4F, 0x21, 0xBE, 0x61, 0x81, 0xF4, 0x55, 0x5B, 0xE3, 0x84,
    0x62, 0x3A, 0x25, 0xDE, 0x9C, 0xB3, 0x8A, 0x6A, 0x10, 0xD9, 0x7A, 0x62, 0x95, 0x45, 0xCC, 0xF4,
    0xF5, 0xB4, 0x50, 0x56, 0x29, 0x30, 0x9D, 0x41, 0x76, 0x6B, 0x91, 0x35, 0x13, 0x25, 0x94, 0xBB,
    0x7C, 0xF1, 0xA1, 0xBC, 0x21, 0x58, 0x43, 0xE2, 0xD6, 0x27, 0xE2, 0x16, 0xB8, 0xFB, 0xD1, 0x5F,
    0xEB, 0xC4, 0xC1, 0x0C, 0xF0, 0xD0, 0x3F, 0xEB, 0xFF, 0x3E, 0x73, 0xA6, 0xE5, 0x21, 0x34, 0xB9,
    0xE9, 0xE3, 0xC1, 0x3B, 0x77, 0xA4, 0xAF, 0x47, 0x26, 0x93, 0x22, 0xBD, 0x5E, 0xA7, 0x6F, 0xD7,
    0x11, 0x15, 0x07, 0xFB, 0x98, 0xA9, 0x46, 0xFE, 0xA3, 0x80, 0x29, 0x34, 0x5E, 0x90, 0x64, 0x8C,
    0x9B, 0x00, 0x86, 0x33, 0x44, 0x4E, 0x97, 0x59, 0xAD, 0x8B, 0xCC, 0xEA, 0x52, 0xDC, 0x9F, 0x1A,
    0xE9, 0xA7, 0xF2, 0x28, 0x1C, 0xF2, 0x1E, 0x3F, 0x90, 0xB9, 0xDA, 0x23, 0xF6, 0x18, 0xCB, 0xFE,
    0x5E, 0xA3, 0x59, 0x4F, 0xEC, 0x78, 0x78, 0x8B, 0x7B, 0x3C, 0xAD, 0xE6, 0x8E, 0xAB, 0x54, 0xA5,
    0x65, 0xF6, 0xAE, 0x65, 0x86, 0xC8, 0xE1, 0x6C, 0x60, 0x49, 0x36, 0xDD, 0xEE, 0x64, 0x24, 0x13,
    0xD3, 0x9C, 0x7C, 0x85, 0x53, 0xD2, 0xF4, 0xCC, 0xB0, 0x37, 0xC5, 0x18, 0xDB, 0x91, 0x63, 0xCF,
    0x4B, 0x00, 0xD4, 0x3B, 0x43, 0xD3, 0x7D, 0xA5, 0xC4, 0x8E, 0x1C, 0xDE, 0xD3, 0x71, 0x46, 0x41,
    0xE7, 0xC2, 0xA3, 0x1C, 0xF8, 0x56, 0x33, 0x27, 0x62, 0xC8, 0x7F, 0x8B, 0x53, 0x13, 0x6E, 0xE7,
    0x69, 0x81, 0xE7, 0xF3, 0x06, 0x78, 0xB6, 0x07, 0xA0, 0xF1, 0x0C, 0x74, 0xB9, 0xC0, 0x58, 0x87,
    0x2E, 0x0C, 0xCC, 0x50, 0xA1, 0x11, 0x39, 0x68, 0x6A, 0x35, 0x35, 0x9A, 0xDC, 0x34, 0xB6, 0x67,
    0x15, 0x30, 0x05, 0xAA, 0x12, 0xDF, 0x14, 0x8B, 0x00, 0x09, 0x67, 0x11, 0xD6, 0xA2, 0xF6, 0x2A,
    0xD7, 0xD3, 0x8F, 0x6D, 0x3A, 0xAB, 0x24, 0xDA, 0xAD, 0xAC, 0x2F, 0xFF, 0x5D, 0x1C, 0x4B, 0x4C,
    0x0D, 0xC0, 0x6B, 0x22, 0x96, 0x23, 0x7B, 0xC5, 0x21, 0xB2, 0x76, 0x6E, 0xC7, 0x09, 0xFB, 0x07,
    0xB1, 0x29, 0x72, 0x1E, 0xF1, 0xFD, 0x16, 0xFC, 0x7F, 0x7C, 0x9B, 0x96, 0xF7, 0xB7, 0xE9, 0xB8,
    0x1F, 0x0F, 0xC5, 0x9B, 0x35, 0x77, 0x09, 0x66, 0x0C, 0x72, 0xE0, 0xCB, 0x5B, 0xC9, 0x13, 0x75,
    0xA6, 0x48, 0x5D, 0x5A, 0x67, 0xA3, 0x9E, 0x76, 0x28, 0x9B, 0x28, 0x98, 0xF3, 0x7F, 0xB3, 0xAB,
    0x47, 0xDB, 0xB8, 0x95, 0xF3, 0x7C, 0xF7, 0x8E, 0xAF, 0x2F, 0x91, 0x8F, 0x8E, 0xF6, 0xBB, 0x7B,
    0x1C, 0xED, 0xD4, 0x9B, 0xF3, 0x3B, 0x8E, 0xF6, 0xBB, 0x52, 0xF8, 0x13, 0x6F, 0xF0, 0xF8, 0x4A,
    0xF7, 0xBB, 0xC1, 0x03, 0x6D, 0x88, 0x7F, 0xED, 0x91, 0xDC, 0xF1, 0x88, 0x37, 0x1C, 0xF6, 0xC8,
    0xB1, 0xBF, 0xEE, 0xC8, 0x14, 0x74, 0x56, 0x32, 0x8F, 0x72, 0xE0, 0x2B, 0xCA, 0x41, 0x2A, 0xC2,
    0xBC, 0x1C, 0xFF, 0xC3, 0x4E, 0x96, 0x94, 0xFC, 0xE4, 0x7C, 0x81, 0x41, 0x8E, 0xF1, 0x96, 0x67,
    0xAC, 0x99, 0x85, 0xD9, 0xA7, 0xA6, 0xA7, 0xFF, 0x20, 0x56, 0xCD, 0xD7, 0xCC, 0xB1, 0xAD, 0x92,
    0xCA, 0xE2, 0xB6, 0x09, 0x7D, 0xA1, 0xC4, 0xE5, 0xE9, 0x97, 0x7F, 0x56, 0xE7, 0x32, 0xA0, 0x33,
    0x88, 0x9A, 0x16, 0xE9, 0xDB, 0x73, 0xB6, 0x81, 0x8D, 0x03, 0x5B, 0xC7, 0xF0, 0x60, 0xFB, 0xC0,
    0x06, 0x82, 0x2D, 0x7C, 0xF4, 0xE6, 0xE6, 0x22, 0x63, 0x0A, 0x31, 0x53, 0xEC, 0x14, 0x43, 0xF7,
    0x5A, 0x0A, 0x34, 0x57, 0x30, 0x69, 0x03, 0xE0, 0xAF, 0x60, 0xAF, 0x1C, 0xF7, 0x1B, 0x2F, 0x5E,
    0x16, 0xA4, 0x77, 0x84, 0x31, 0x93, 0x03, 0x56, 0x9D, 0x47, 0xF8, 0xE0, 0x35, 0x00, 0xCB, 0xC0,
    0x94, 0xC3, 0xDE, 0xD7, 0xC3, 0xAF, 0xED, 0xF3, 0x7A, 0xD8, 0x03, 0xAB, 0x12, 0x46, 0x19, 0x16,
    0x54, 0x6A, 0xAB, 0x06, 0x3F, 0x3C, 0x8B, 0x79, 0xF9, 0x03, 0x7D, 0x9B, 0x35, 0xCC, 0xA3, 0xEB,
    0x1A, 0xF2, 0xBF, 0x57, 0x0E, 0xFD, 0xFD, 0xC0, 0x21, 0x5E, 0xC2, 0x54, 0x41, 0x02, 0x4E, 0xE1,
    0x99, 0x53, 0x58, 0x98, 0x42, 0x7B, 0xF6, 0x21, 0x1F, 0xF0, 0x4E, 0x06, 0xAB, 0x78, 0x61, 0x15,
    0xED, 0x2A, 0xA8, 0xC6, 0x9F, 0xE0, 0x38, 0x8E, 0xA5, 0x42, 0xA6, 0x01, 0x40, 0x39, 0x20, 0x65,
    0xA8, 0x1A, 0xB3, 0xF1, 0xE8, 0x89, 0xCE, 0xA5, 0xD8, 0xD3, 0x4B, 0x2D, 0x10, 0x80, 0xAB, 0xC2,
    0x59, 0x83, 0x1D, 0xC5, 0x19, 0x2B, 0x3E, 0x8D, 0x38, 0x5C, 0x01, 0x7A, 0x0F, 0x18, 0x0B, 0x45,
    0x84, 0x67, 0xCD, 0x47, 0x1C, 0x9F, 0x29, 0xB6, 0xAC, 0xB8, 0xA8, 0x90, 0xC3, 0x0C, 0x1E, 0x2D,
    0x56, 0x92, 0x5D, 0xAB, 0xD3, 0xBB, 0x65, 0x2C, 0xB3, 0xBD, 0x7B, 0x96, 0x8A, 0xF8, 0x93, 0x32,
    0x7D, 0xB5, 0x1E, 0x3D, 0x58, 0xFF, 0x07, 0xB5, 0xD6, 0x01, 0xA4, 0x1C, 0xDB, 0x1D, 0xC7, 0xF1,
    0xEF, 0xCC, 0xB9, 0xED, 0xA8, 0x91, 0x7B, 0x2E, 0xA5, 0x90, 0xCA, 0xA0, 0x68, 0x61, 0x3B, 0x41,
    0x54, 0x70, 0x93, 0x19, 0x82, 0x00, 0x5A, 0x28, 0x08, 0x02, 0x00, 0x58, 0x08, 0x2E, 0xBD, 0xB9,
    0x33, 0x04, 0x05, 0x52, 0x50, 0x40, 0xB4, 0xA0, 0x40, 0x89, 0x0A, 0x0D, 0xEE, 0xCD, 0xFE, 0x93,
    0x20, 0x28, 0x32, 0x50, 0x10, 0xF4, 0xB4, 0x49, 0x1A, 0xA0, 0x39, 0x92, 0x8D, 0xEE, 0x7D, 0x99,
    0xBD, 0xF3, 0xFE, 0xBB, 0xF3, 0xAE, 0x95, 0xF5, 0x5E, 0xDE, 0xE6, 0xDC, 0x5D, 0x7B, 0xCE, 0x39,
    0x73, 0xCF, 0x9C, 0x9D, 0xFF, 0xC7, 0xCC, 0xFE, 0xC6, 0x25, 0xAB, 0x21, 0x17, 0x28, 0x1A, 0xA8,
    0x1C, 0xFC, 0xDD, 0xC3, 0xFB, 0x31, 0xD1, 0x7F, 0x5A, 0xE2, 0xC7, 0x2D, 0x46, 0xA6, 0x24, 0x5D,
    0x47, 0xFA, 0xC7, 0x0A, 0x4B, 0x51, 0x5F, 0x20, 0x97, 0x2B, 0x64, 0x4D, 0x27, 0xA3, 0x31, 0x00,
    0x00, 0x16, 0xC8, 0x6A, 0xB0, 0x25, 0x3F, 0xEC, 0xEA, 0xFC, 0x4F, 0xAE, 0xB8, 0xE6, 0x7F, 0x60,
    0x3C, 0x43, 0x9F, 0x7E, 0xF4, 0x85, 0xF1, 0xD5, 0xBC, 0x15, 0xDD, 0x38, 0x7B, 0x39, 0x05, 0x00,
    0xF6, 0xA0, 0x85, 0x87, 0x00, 0xFD, 0x77, 0x0B, 0x81, 0x9F, 0x08, 0xA4, 0x25, 0x6C, 0x03, 0xC0,
    0x59, 0x6D, 0x2D, 0xD1, 0xFF, 0xE0, 0x2E, 0xEC, 0xC2, 0x45, 0xD8, 0x59, 0x15, 0x37, 0x06, 0xA3,
    0xDD, 0x0A, 0x0C, 0x58, 0x08, 0x8E, 0x3D, 0xB8, 0xBD, 0xB5, 0xC8, 0x52, 0x21, 0x13, 0x0E, 0xC0,
    0x43, 0x4B, 0xDC, 0x61, 0x9E, 0x97, 0xF6, 0x9A, 0xC0, 0x8A, 0xC4, 0x31, 0x30, 0x05, 0x72, 0x20,
    0x91, 0x4D, 0x10, 0x55, 0x98, 0x3A, 0xA2, 0x09, 0x0C, 0xC2, 0x88, 0x79, 0x0D, 0x57, 0x05, 0x8C,
    0x40, 0x0A, 0x6C, 0x13, 0xCE, 0x5C, 0xE5, 0x19, 0x5F, 0x86, 0x8B, 0x61, 0xD2, 0x6E, 0x8F, 0xE8,
    0x99, 0x07, 0x36, 0x22, 0x34, 0x1F, 0x64, 0xBB, 0x2A, 0x21, 0xC0, 0x16, 0xE0, 0x09, 0x48, 0x6C,
    0x90, 0x8B, 0x45, 0x80, 0x97, 0x23, 0xF3, 0xD7, 0x1D, 0x68, 0x2E, 0xC1, 0x07, 0xDF, 0x13, 0x61,
    0xAD, 0x91, 0x89, 0x7C, 0x99, 0xC6, 0x92, 0xFC, 0xBE, 0x56, 0x34, 0x3B, 0x04, 0x45, 0xE6, 0x4E,
    0xB3, 0x12, 0x31, 0x3C, 0x32, 0x61, 0xC4, 0xE5, 0xC8, 0xDC, 0x5D, 0xF9, 0x4E, 0x86, 0x47, 0x26,
    0x44, 0xBA, 0x88, 0x4C, 0xBD, 0x11, 0x61, 0x1F, 0x99, 0x2D, 0xBE, 0xD8, 0x16, 0xE0, 0x09, 0x8B,
    0xCC, 0xA7, 0xB4, 0x80, 0xD4, 0x8C, 0xBA, 0x69, 0xF6, 0xFA, 0xB6, 0x95, 0x81, 0x15, 0xAC, 0xB8,
    0x6F, 0x5A, 0xE7, 0xEC, 0x3F, 0xDD, 0x7C, 0x25, 0xB5, 0x62, 0xB5, 0x65, 0xAF, 0x6F, 0x8E, 0xD4,
    0x05, 0x00, 0x57, 0xE0, 0x2A, 0x3A, 0xC6, 0x5D, 0x69, 0x5F, 0xB8, 0x5C, 0xAF, 0x1C, 0x8F, 0xAB,
    0x6E, 0x52, 0xFD, 0xF6, 0x37, 0x15, 0x14, 0x90, 0xD7, 0xD8, 0xD7, 0x0F, 0xE3, 0xCE, 0x01, 0x00,
    0xFB, 0x70, 0x34, 0x1F, 0x81, 0x03, 0xF8, 0x08, 0xE7, 0x61, 0x00, 0xBF, 0x00, 0xBE, 0x1C, 0x70,
    0x04, 0x1D, 0xFC, 0x01, 0x76, 0xE1, 0x12, 0xEC, 0xAC, 0xC4, 0x88, 0x8F, 0xEF, 0x27, 0x37, 0x05,
    0x42, 0x2A, 0x9A, 0x71, 0x93, 0x56, 0x02, 0xC0, 0x4A, 0xB5, 0x30, 0x0E, 0xDB, 0x50, 0x94, 0xEC,
    0x41, 0x05, 0x5D, 0x1D, 0xBF, 0x14, 0xF3, 0xD8, 0x05, 0x94, 0x26, 0x99, 0xAD, 0x52, 0xC0, 0x18,
    0x4E, 0x88, 0x3A, 0xCC, 0x8B, 0x3A, 0xBD, 0x23, 0x2B, 0x4A, 0x8C, 0x53, 0x3C, 0x1C, 0x41, 0x76,
    0x56, 0x89, 0x42, 0x12, 0x4F, 0xD4, 0xC2, 0x85, 0x10, 0x09, 0x15, 0x8B, 0xE7, 0xBE, 0x7B, 0x56,
    0x0C, 0x47, 0xF0, 0x16, 0x7E, 0xDD, 0xFF, 0x06, 0x02, 0x3C, 0x3B, 0xF1, 0xD4, 0x25, 0x99, 0xC0,
    0x59, 0x25, 0xE6, 0xB8, 0x49, 0x87, 0x35, 0x04, 0x18, 0x08, 0x2F, 0xBD, 0x9C, 0xC4, 0x80, 0xEA,
    0x4B, 0xC1, 0xB4, 0xCD, 0xB6, 0xDF, 0x72, 0x46, 0x0C, 0x30, 0x6A, 0xB3, 0x57, 0xB6, 0xF9, 0xB6,
    0x4F, 0xE6, 0x46, 0x2D, 0x58, 0xB9, 0xE0, 0x7E, 0xD4, 0x98, 0x3A, 0x01, 0x52, 0xA9, 0xC4, 0x2E,
    0x7D, 0xAA, 0xC9, 0xF7, 0x5D, 0x01, 0x12, 0xDD, 0x97, 0x48, 0x2A, 0x56, 0x3B, 0xDF, 0x79, 0x1D,
    0x80, 0xB4, 0xD6, 0x3D, 0x35, 0xC3, 0x09, 0xF1, 0xB4, 0x2A, 0x53, 0xA7, 0xD7, 0x10, 0xE3, 0x8B,
    0xDA, 0x4C, 0x8A, 0x32, 0x6E, 0x8B, 0x32, 0x6A, 0x2B, 0xA2, 0xF9, 0x3C, 0xFF, 0x5B, 0xD7, 0x67,
    0xE7, 0x75, 0x9F, 0xD3, 0xFD, 0x35, 0xF9, 0x04, 0x00, 0x00, 0x8C, 0x40, 0xDA, 0xCC, 0xE7, 0xB8,
    0xAB, 0xED, 0x1B, 0x9F, 0xD7, 0x6D, 0xC1, 0xB4, 0xE2, 0x51, 0xDF, 0xF4, 0x58, 0x57, 0x74, 0x5D,
    0xCF, 0x2E, 0x6E, 0xF0, 0xC1, 0x7C, 0x84, 0xFE, 0xBB, 0xD6, 0xC3, 0x96, 0x07, 0x23, 0x60, 0x4A,
    0x00, 0xCE, 0x6A, 0x3B, 0x80, 0x0E, 0x6E, 0xC0, 0x00, 0x2E, 0x03, 0xAB, 0xE2, 0x6E, 0x03, 0x2D,
    0x18, 0x07, 0x69, 0x09, 0xD6, 0x41, 0xE6, 0x15, 0x7B, 0x08, 0x7B, 0x83, 0xB5, 0xC8, 0x4C, 0xD3,
    0xBF, 0xC8, 0x78, 0x00, 0x23, 0xE8, 0xCA, 0xF8, 0x8D, 0x98, 0x27, 0x6E, 0x65, 0xA2, 0x0A, 0x29,
    0x00, 0x2B, 0x10, 0xB9, 0x4D, 0x10, 0x55, 0x68, 0xC6, 0x70, 0x08, 0x59, 0x18, 0x31, 0x75, 0x4B,
    0xCF, 0xB4, 0x5E, 0x95, 0x19, 0xFE, 0x8C, 0xC3, 0xA4, 0xC5, 0x3D, 0xF8, 0xDB, 0x04, 0x60, 0x13,
    0xC2, 0xF8, 0xD8, 0x25, 0xB9, 0x40, 0x80, 0x2D, 0xC0, 0x13, 0x90, 0xD8, 0x20, 0xD7, 0x52, 0x80,
    0x61, 0x1F, 0xB4, 0x76, 0x5E, 0x62, 0x5C, 0x25, 0xD8, 0xB2, 0x10, 0xC0, 0x88, 0x62, 0x8D, 0x68,
    0xF5, 0xEB, 0xB5, 0x32, 0xDE, 0xA2, 0x9E, 0x09, 0x33, 0x18, 0x33, 0x21, 0x33, 0x2A, 0x6A, 0xEE,
    0x8F, 0xFA, 0xB5, 0xF9, 0xD9, 0x99, 0x9B, 0x19, 0x9C, 0xB9, 0xBC, 0xA7, 0x9B, 0x06, 0x6C, 0x03,
    0xC5, 0x75, 0xE1, 0x61, 0xEA, 0x20, 0x99, 0x71, 0xEE, 0xAB, 0xAA, 0xC9, 0xEB, 0xAE, 0x2E, 0x38,
    0x41, 0xA9, 0xA7, 0x1D, 0x35, 0xA3, 0x68, 0xF4, 0x3C, 0x0B, 0xB6, 0x3A, 0xA1, 0x42, 0xA1, 0x99,
    0x28, 0x34, 0x72, 0xEB, 0x87, 0x1A, 0x01, 0xE3, 0xD1, 0xDD, 0x89, 0x90, 0x85, 0x42, 0xD3, 0x06,
    0xD8, 0xF6, 0xC0, 0x96, 0x57, 0xAD, 0x51, 0x2D, 0x66, 0x13, 0xB7, 0x15, 0xE0, 0x36, 0xD0, 0x01,
    0x37, 0x80, 0x81, 0xAA, 0x2F, 0x87, 0xAA, 0x8B, 0x7B, 0x6A, 0xFD, 0xCB, 0x44, 0xAD, 0xB0, 0x19,
    0x6B, 0x3C, 0x71, 0x24, 0xC3, 0x67, 0x02, 0x41, 0x46, 0xE5, 0xC1, 0x06, 0x79, 0x00, 0x40, 0x22,
    0x40, 0xDA, 0x9C, 0x1E, 0x91, 0x84, 0x7A, 0x01, 0x60, 0x17, 0x38, 0xE8, 0xE7, 0x51, 0x6B, 0xDB,
    0xFC, 0x55, 0xF2, 0xCA, 0x4A, 0xDC, 0x7C, 0xA6, 0xCB, 0xAC, 0xA7, 0x8D, 0x91, 0xC4, 0x9B, 0x3A,
    0x3E, 0x19, 0x42, 0xB5, 0x10, 0xF6, 0x1C, 0x99, 0xCF, 0xE7, 0xE5, 0x90, 0xD1, 0xD3, 0x16, 0x2B,
    0x9F, 0xE9, 0xDD, 0x14, 0x33, 0x5D, 0x80, 0xF8, 0x25, 0x50, 0xF4, 0x33, 0x00, 0xB6, 0x81, 0x6D,
    0x0F, 0x5B, 0x0E, 0x8C, 0x80, 0x01, 0x58, 0x83, 0xB5, 0x00, 0x7E, 0x57, 0xC3, 0xCF, 0x4B, 0xD8,
    0x06, 0x7E, 0x0A, 0x40, 0x88, 0x79, 0x3F, 0xAF, 0x89, 0xDA, 0x42, 0x30, 0xAE, 0x70, 0x58, 0x22,
    0x07, 0x3A, 0xA8, 0xF0, 0xAB, 0x26, 0x77, 0xC9, 0xCB, 0x99, 0xE1, 0x79, 0xA9, 0xC3, 0x14, 0x1D,
    0x3C, 0x33, 0xD2, 0x67, 0x06, 0xC5, 0x92, 0xF8, 0xA4, 0x66, 0xCE, 0xED, 0xBD, 0x91, 0x07, 0xF3,
    0xCE, 0x63, 0x9F, 0x8E, 0xB9, 0x62, 0xC6, 0xC0, 0x45, 0x85, 0xBA, 0xD1, 0xD3, 0x4E, 0xAC, 0x4C,
    0x57, 0x84, 0xEE, 0xA3, 0xD0, 0x0A, 0x85, 0x66, 0xB5, 0x42, 0x63, 0xB7, 0x7E, 0xA8, 0x3A, 0x89,
    0xDA, 0xD8, 0x73, 0xA0, 0xC8, 0xF4, 0x4E, 0x20, 0xD4, 0xF6, 0xEF, 0x27, 0xD5, 0x6E, 0x39, 0xD5,
    0x1A, 0x51, 0xAD, 0x61, 0xFD, 0x5A, 0x4E, 0x53, 0x5B, 0x08, 0xFC, 0xEC, 0x89, 0xC7, 0xAA, 0xFA,
    0x9C, 0xF6, 0xAD, 0x2F, 0x56, 0xAB, 0xB5, 0xB8, 0x57, 0x08, 0xFF, 0x9D, 0xA8, 0x95, 0x4D, 0x59,
    0xA7, 0xBF, 0xF2, 0xF1, 0xBF, 0xDE, 0x8F, 0x41, 0x8D, 0x84, 0x18, 0x41, 0x8D, 0xB0, 0x29, 0xE3,
    0xF2, 0x4B, 0x4A, 0x4E, 0x8F, 0x88, 0x3D, 0x98, 0x50, 0x38, 0x00, 0x64, 0x40, 0x5E, 0xF6, 0x33,
    0xA7, 0x3F, 0x35, 0xA0, 0x00, 0x94, 0x01, 0xD0, 0xF9, 0xC2, 0x0F, 0x9B, 0xAC, 0xB6, 0x8D, 0x55,
    0xDB, 0x00, 0x33, 0xDE, 0xD5, 0x3D, 0x0F, 0xE0, 0xC4, 0x43, 0x25, 0x50, 0x08, 0xE4, 0xF5, 0x52,
    0x6F, 0xA0, 0x1B, 0x63, 0x1A, 0x8C, 0x87, 0x16, 0x32, 0x80, 0xEE, 0x5D, 0x37, 0x94, 0x43, 0x2B,
    0xF7, 0xAD, 0xF8, 0xE4, 0xDF, 0x8D, 0x79, 0x27, 0xF1, 0xFF, 0xEB, 0xA8, 0x2B, 0xE9, 0xE0, 0x11,
    0xEC, 0xCE, 0xDB, 0x2D, 0x76, 0x3D, 0x95, 0x50, 0x9C, 0xAD, 0x34, 0x00, 0x00, 0x16, 0xC8, 0x4B,
    0xB0, 0xAC, 0x5E, 0xDF, 0x57, 0x4F, 0xC6, 0x05, 0xFE, 0x93, 0xDF, 0xF2, 0x8F, 0x05, 0x2C, 0x70,
    0x0E, 0xE0, 0xAC, 0xB6, 0xA5, 0x7F, 0x84, 0x43, 0x6E, 0x0E, 0x00, 0x27, 0xB7, 0x88, 0xFF, 0xE1,
    0x80, 0xB5, 0xA0, 0xE2, 0xC9, 0x9F, 0x93, 0xA1, 0x40, 0x08, 0xE7, 0x6B, 0x95, 0x92, 0x01, 0x64,
    0x24, 0x67, 0x14, 0xC7, 0x7F, 0x33, 0x9F, 0x76, 0xD4, 0xB8, 0xF9, 0x82, 0xB6, 0xD0, 0xBB, 0x4C,
    0x11, 0x28, 0x7B, 0x3B, 0xB4, 0xA1, 0x83, 0x99, 0x9D, 0xA9, 0x02, 0x8A, 0x04, 0x02, 0x40, 0xD0,
    0x03, 0xD0, 0xC3, 0x21, 0x34, 0xDB, 0x19, 0x0A, 0x80, 0x02, 0xA0, 0xB8, 0x00, 0x00, 0x0D, 0x0E,
    0x39, 0xE2, 0xF6, 0x35, 0xA1, 0x10, 0x64, 0x34, 0x38, 0x5A, 0x7A, 0x73, 0x0E, 0xC5, 0xC1, 0xD7,
    0x66, 0x74, 0x53, 0x5D, 0x99, 0x7E, 0xDF, 0xCD, 0x66, 0x9D, 0x1E, 0xE8, 0xDB, 0xBF, 0xF7, 0xDE,
    0xFE, 0x76, 0xDE, 0xFB, 0x2F, 0xF3, 0xA0, 0xEA, 0xAA, 0xEE, 0x26, 0x33, 0xEB, 0x7B, 0x2B, 0xA0,
    0xEF, 0xAF, 0xAC, 0x00, 0xD7, 0xBB, 0x90, 0x21, 0x0F, 0xA4, 0x70, 0x7D, 0x3B, 0xE4, 0x83, 0x0D,
    0xB3, 0xF7, 0x7F, 0x3E, 0xCB, 0x8D, 0xDD, 0xCE, 0xCE, 0xCE, 0xF6, 0xEB, 0xBD, 0x5F, 0x46, 0x64,
    0xA4, 0x54, 0x14, 0xAC, 0x93, 0xCF, 0x0A, 0x1D, 0x65, 0x07, 0x79, 0x55, 0xB9, 0x42, 0x62, 0x61,
    0x45, 0x4A, 0x86, 0xC6, 0x2F, 0xFD, 0x52, 0x74, 0x50, 0x67, 0x11, 0xE9, 0x1D, 0xAA, 0x44, 0x8A,
    0x58, 0xD6, 0xC3, 0x32, 0x8F, 0xA9, 0x8A, 0xBA, 0x48, 0x44, 0xAB, 0x3A, 0x0A, 0xCA, 0x6C, 0x9D,
    0x83, 0x4D, 0x72, 0xED, 0x60, 0xE5, 0xA0, 0x38, 0x18, 0x71, 0x90, 0x02, 0x24, 0xBA, 0xB6, 0x53,
    0x96, 0xDB, 0x0D, 0x16, 0xDA, 0x6D, 0x76, 0x27, 0x6B, 0xD0, 0xC1, 0x15, 0x1C, 0x72, 0xF7, 0x63,
    0xA9, 0x9E, 0x19, 0x9B, 0x6D, 0xBF, 0x84, 0x83, 0x3A, 0x27, 0x07, 0xAD, 0xEE, 0xE3, 0xF4, 0x21,
    0x6F, 0x0E, 0x7E, 0xF4, 0x9F, 0xC1, 0xEE, 0x8D, 0x9D, 0x03, 0x5C, 0x23, 0xAE, 0x8B, 0xA6, 0x6A,
    0x8B, 0x26, 0xAE, 0x81, 0x0C, 0x0A, 0xA1, 0x58, 0x50, 0xF4, 0x75, 0x71, 0x4D, 0xD1, 0x32, 0xC1,
    0xED, 0xCF, 0x67, 0xB3, 0x3C, 0xA7, 0x9B, 0xF9, 0x0B, 0x2B, 0xDB, 0x8C, 0x39, 0xF2, 0xDB, 0x82,
    0x85, 0x32, 0xAF, 0xD2, 0xAB, 0xAF, 0xD9, 0x7E, 0x16, 0x76, 0x6E, 0x33, 0xE3, 0x63, 0xAF, 0x01,
    0xB2, 0x89, 0x12, 0x60, 0x3F, 0x09, 0x4A, 0x5C, 0x89, 0xC0, 0x95, 0x11, 0x40, 0x36, 0x4E, 0x7B,
    0xFA, 0x72, 0x92, 0x5D, 0xBE, 0x3C, 0x7D, 0x29, 0xFA, 0xEF, 0xA7, 0xA7, 0x17, 0xA7, 0x2D, 0x9F,
    0x9F, 0x7D, 0xFB, 0xFB, 0x89, 0x21, 0x0C, 0x5D, 0x21, 0x1A, 0xCA, 0x28, 0x70, 0xBF, 0xB1, 0xA9,
    0xDC, 0x93, 0x18, 0x7A, 0x66, 0xE5, 0xD2, 0x68, 0x65, 0xB5, 0x32, 0x5B, 0xD9, 0xAD, 0x0C, 0x57,
    0x96, 0x2B, 0xD3, 0xD9, 0xD2, 0xF6, 0x64, 0xDE, 0x0C, 0xC6, 0x2F, 0x4E, 0xCC, 0x60, 0x7D, 0xF9,
    0xA3, 0x33, 0x5F, 0x36, 0xD1, 0x4D, 0x33, 0x0A, 0x96, 0xCF, 0x6C, 0xAA, 0x61, 0x6A, 0xF9, 0x27,
    0x66, 0xA5, 0x32, 0xA1, 0xD1, 0x92, 0x94, 0x13, 0xF6, 0x50, 0x7F, 0x9A, 0x70, 0x6E, 0xF4, 0x79,
    0x93, 0x6C, 0xD5, 0x93, 0x84, 0xBD, 0xCC, 0x92, 0x3F, 0xBA, 0x70, 0x7E, 0xD9, 0xE9, 0xF3, 0x5F,
    0xDB, 0x64, 0xEB, 0x3B, 0x99, 0x24, 0xB1, 0xC5, 0x39, 0x53, 0x2A, 0x92, 0x5A, 0x8B, 0x6A, 0x30,
    0xD3, 0x09, 0x55, 0x51, 0x26, 0x0F, 0x45, 0x9F, 0x89, 0xBA, 0x68, 0x31, 0x96, 0x24, 0x16, 0x55,
    0x75, 0xF2, 0xF0, 0xDC, 0xC2, 0xD3, 0x56, 0x5D, 0x3C, 0x37, 0x16, 0x3F, 0x8A, 0xF9, 0xB4, 0x7C,
    0x2E, 0x4A, 0x82, 0x5A, 0x33, 0xE1, 0x98, 0x05, 0xC7, 0xB6, 0x6A, 0xC2, 0x5A, 0x89, 0x61, 0x9F,
    0x9C, 0x18, 0x2D, 0xA1, 0x68, 0x89, 0x6D, 0x9F, 0x61, 0xD8, 0xCD, 0x6E, 0x1D, 0x3F, 0xC9, 0xE3,
    0x69, 0x17, 0x9C, 0x36, 0xD3, 0x7E, 0xBA, 0x98, 0x16, 0xFB, 0x7D, 0xAE, 0x9E, 0x8A, 0xFE, 0xAC,
    0x1D, 0x67, 0x47, 0x47, 0x4F, 0xC6, 0xBB, 0xD9, 0x3B, 0x49, 0x20, 0xC5, 0x56, 0xEB, 0xA4, 0x9B,
    0x22, 0xB4, 0x12, 0x4B, 0xC6, 0x4A, 0xD6, 0x95, 0xDC, 0x52, 0xB5, 0x15, 0x90, 0x84, 0xEE, 0x19,
    0x9B, 0xC3, 0x6B, 0x8A, 0xAF, 0x24, 0x9F, 0xB7, 0x6F, 0xCD, 0x8D, 0x37, 0x37, 0xFC, 0xD3, 0xD2,
    0x0B, 0xD7, 0x60, 0x9C, 0x86, 0xF0, 0x3A, 0xFC, 0x85, 0xCB, 0x2E, 0xAA, 0xBE, 0x97, 0xF7, 0x76,
    0x76, 0xCA, 0xFA, 0xDD, 0x36, 0x7D, 0x6C, 0x92, 0x26, 0x69, 0x1E, 0x9B, 0x26, 0x2D, 0x21, 0xC2,
    0x9E, 0x3D, 0x29, 0x87, 0x18, 0xAF, 0x51, 0xA2, 0xEA, 0xB0, 0xD4, 0x75, 0x2C, 0xA3, 0x26, 0x35,
    0x87, 0x0F, 0x4C, 0x06, 0x6B, 0x00, 0x8F, 0x6E, 0xD2, 0xFA, 0x27, 0x02, 0xF1, 0x33, 0x9B, 0xF8,
    0x12, 0xF0, 0x7F, 0x03, 0x82, 0x73, 0xE0, 0xE4, 0xED, 0xDB, 0xF8, 0x0D, 0x77, 0xD9, 0xF8, 0xC9,
    0xBF, 0xBD, 0xFB, 0xCD, 0x0F, 0x5F, 0xFC, 0x62, 0xDE, 0xBF, 0xE7, 0xDD, 0xDB, 0x0E, 0xEE, 0xF3,
    0x35, 0x3A, 0xF3, 0x2E, 0x25, 0x1A, 0x79, 0x3F, 0x0B, 0x43, 0x6C, 0xC0, 0x03, 0x68, 0xF1, 0x05,
    0x55, 0xA3, 0xE1, 0x0E, 0xA4, 0x70, 0xE8, 0x98, 0x12, 0x82, 0xD2, 0xB1, 0x91, 0x63, 0x18, 0xE8,
    0x7B, 0x63, 0xD5, 0x79, 0xC6, 0x78, 0x66, 0xDB, 0x33, 0x78, 0x76, 0x70, 0x50, 0xE3, 0xA4, 0xAC,
    0xE4, 0x75, 0x7D, 0xD0, 0x52, 0xCF, 0xFA, 0xEF, 0xA5, 0x09, 0xAE, 0x71, 0xE1, 0x5E, 0xFF, 0x95,
    0x7D, 0xFF, 0x7F, 0x2D, 0xEC, 0x01, 0xBC, 0x30, 0xF6, 0x02, 0xCE, 0xDC, 0x09, 0xE8, 0xD2, 0xDE,
    0xC0, 0x98, 0x7F, 0x01, 0x7D, 0x90, 0xE5, 0x81, 0x9C, 0x40, 0x00, 0x85, 0xDF, 0xF9, 0xED, 0x12,
    0x77, 0x27, 0xFF, 0x62, 0x48, 0x5C, 0x1F, 0x07, 0x1D, 0xC4, 0x8B, 0x88, 0x7B, 0xB2, 0x82, 0x95,
    0x70, 0x25, 0x6C, 0x1A, 0x88, 0xCB, 0x9C, 0x0E, 0x25, 0x6C, 0x09, 0x53, 0xC2, 0xB9, 0x1B, 0x70,
    0xAE, 0x3C, 0xC1, 0x47, 0x3E, 0x4D, 0x91, 0x3E, 0x85, 0x95, 0xC9, 0x27, 0xA9, 0x29, 0x13, 0x26,
    0x80, 0x00, 0xCE, 0x8A, 0x22, 0xE0, 0x23, 0x26, 0x9A, 0x26, 0xB4, 0xD2, 0xA9, 0xD2, 0xF5, 0x92,
    0x9C, 0x43, 0x29, 0xD5, 0x3E, 0x77, 0xE6, 0x3A, 0xAE, 0xC3, 0x1D, 0x80, 0x0F, 0xEB, 0xBA, 0x59,
    0xF2, 0x75, 0xD5, 0x30, 0xB2, 0x17, 0x44, 0x38, 0x22, 0x98, 0x8E, 0x65, 0x65, 0x63, 0xC9, 0x39,
    0x39, 0x5B, 0x23, 0xDE, 0x42, 0x35, 0x26, 0x4D, 0xF1, 0x5E, 0x9C, 0xC6, 0x31, 0x64, 0x33, 0xD2,
    0x70, 0x6F, 0xEB, 0x23, 0xA5, 0xBE, 0x3F, 0x16, 0x4D, 0x7D, 0x24, 0x7B, 0x22, 0x4C, 0x61, 0xD1,
    0xD2, 0x67, 0x41, 0x0C, 0xE8, 0x71, 0x11, 0x45, 0x48, 0x95, 0xB7, 0x87, 0xF4, 0x2A, 0x4B, 0x5B,
    0xB2, 0x07, 0x4C, 0x75, 0x3B, 0x17, 0x53, 0xED, 0x41, 0x5B, 0x22, 0xD2, 0xD6, 0xD0, 0xE6, 0xB5,
    0xC5, 0xB9, 0x3C, 0x2D, 0xBD, 0x17, 0x08, 0x67, 0x40, 0x07, 0x34, 0x97, 0x1C, 0x46, 0x8B, 0xB3,
    0x2E, 0xED, 0x93, 0xF9, 0x3E, 0x81, 0x37, 0xF8, 0x8E, 0xBD, 0x6B, 0x14, 0xD5, 0x35, 0x45, 0x9F,
    0x04, 0x21, 0x1A, 0x54, 0x5B, 0x6C, 0xEE, 0x91, 0x73, 0x87, 0x9F, 0xA4, 0xCF, 0x7A, 0x6F, 0x13,
    0xA5, 0xB6, 0x11, 0x04, 0x67, 0x9D, 0x12, 0x6D, 0xB5, 0x03, 0x0D, 0x85, 0x5E, 0x58, 0x97, 0x73,
    0x1A, 0x8D, 0x8B, 0x34, 0xD4, 0xD6, 0x34, 0xDA, 0xBC, 0x3D, 0x30, 0x96, 0x59, 0x94, 0x96, 0x58,
    0x18, 0xFA, 0x40, 0xCE, 0xC2, 0x59, 0x66, 0xD1, 0x30, 0xA0, 0x7B, 0x2D, 0x28, 0xE2, 0x4D, 0xA7,
    0xEE, 0x15, 0xD1, 0x82, 0xE7, 0x90, 0xDE, 0xD3, 0x07, 0xCF, 0x3B, 0xB3, 0x6C, 0xC7, 0xE3, 0xCC,
    0x16, 0x3C, 0x74, 0xC5, 0x3F, 0x0D, 0x13, 0x96, 0x10, 0xA2, 0x4F, 0x74, 0xF4, 0x69, 0xE9, 0x5D,
    0x89, 0x72, 0x46, 0x80, 0xCD, 0xDA, 0xC4, 0x32, 0x7D, 0x61, 0x92, 0x9A, 0xEA, 0xF3, 0xAD, 0xDA,
    0xDE, 0x44, 0x4B, 0x4E, 0x0F, 0x88, 0x99, 0xA8, 0xEE, 0x0D, 0xC0, 0x07, 0xE5, 0x44, 0xE9, 0x87,
    0x9D, 0xF4, 0x02, 0xCC, 0xDD, 0xB1, 0x1E, 0x6E, 0x7F, 0x84, 0xF3, 0xF0, 0xC1, 0x4C, 0x25, 0xD6,
    0x5D, 0xC5, 0x01, 0xFA, 0xD2, 0x3D, 0x86, 0x00, 0xCE, 0x3A, 0x49, 0xBC, 0x9E, 0x1A, 0xE1, 0x9A,
    0xA3, 0x3F, 0x8C, 0x5E, 0x4F, 0x90, 0x34, 0x33, 0xA5, 0xD7, 0x23, 0x74, 0x68, 0x53, 0xA7, 0x45,
    0xBA, 0x8A, 0x90, 0xB0, 0xEB, 0xA5, 0x5A, 0x00, 0x3B, 0x79, 0x3C, 0xF0, 0x55, 0x45, 0x71, 0x3B,
    0x0C, 0xC8, 0x84, 0x58, 0x94, 0x9B, 0xB4, 0x60, 0x01, 0x65, 0x91, 0x05, 0x90, 0xEC, 0x48, 0x1D,
    0xC6, 0x7F, 0x33, 0x79, 0xDC, 0x1C, 0xE4, 0xED, 0x36, 0xAE, 0x73, 0xDB, 0xB8, 0xCE, 0xDB, 0x3C,
    0xDC, 0x66, 0xA6, 0x83, 0xBB, 0xB3, 0x45, 0xF9, 0x5E, 0xB9, 0x60, 0xE7, 0x3E, 0x93, 0x20, 0x25,
    0xB8, 0x96, 0x63, 0x65, 0xB8, 0x4C, 0xD5, 0x3B, 0xBF, 0x65, 0xD3, 0xB8, 0x43, 0xD0, 0xF3, 0xBB,
    0xC6, 0x1D, 0x02, 0x95, 0xBD, 0xCB, 0x52, 0x9D, 0xFC, 0xE9, 0xBC, 0x5D, 0xF4, 0x6A, 0x7E, 0xDF,
    0x37, 0xDF, 0x5F, 0xE2, 0x43, 0x49, 0xD5, 0xB5, 0xD6, 0x0C, 0xF3, 0x19, 0x5C, 0x52, 0xB4, 0x97,
    0xCC, 0xD7, 0x16, 0x9B, 0x6B, 0xF3, 0xCD, 0x23, 0x7A, 0xF7, 0xF8, 0x48, 0x2A, 0xE6, 0x67, 0xB0,
    0x79, 0x9C, 0xCD, 0x53, 0x98, 0x2B, 0x0A, 0x61, 0x74, 0x06, 0x52, 0xC5, 0x7F, 0xA9, 0xF5, 0x87,
    0x6B, 0xB3, 0x59, 0x2F, 0x9E, 0x5E, 0xFB, 0xC7, 0xE3, 0xCF, 0xC7, 0x7F, 0x1A, 0x7F, 0x33, 0xED,
    0x77, 0xC9, 0x6E, 0xBA, 0xAB, 0xB9, 0xF2, 0x1C, 0x5D, 0x5F, 0xAA, 0xF6, 0xEA, 0x58, 0xDC, 0xBA,
    0x63, 0xCD, 0x82, 0xB8, 0xF8, 0xD7, 0x95, 0xCE, 0x57, 0x86, 0x33, 0x16, 0xE0, 0x03, 0x93, 0x95,
    0x97, 0xCA, 0xCF, 0x57, 0x7E, 0xCA, 0x62, 0xCA, 0x7C, 0x7A, 0x86, 0x9E, 0xAE, 0x62, 0x5F, 0x0D,
    0xA4, 0x32, 0xD2, 0xA9, 0xBD, 0x37, 0xC4, 0x6E, 0x3D, 0x76, 0x77, 0x8E, 0x1D, 0x46, 0x4A, 0xBD,
    0x97, 0xFE, 0x77, 0x38, 0x40, 0xD7, 0x98, 0x16, 0x92, 0x9A, 0x6E, 0x67, 0x50, 0x2F, 0xA2, 0xEA,
    0x29, 0x51, 0xD5, 0xEF, 0xDC, 0x67, 0x2F, 0xFD, 0x4F, 0x70, 0x44, 0x16, 0x95, 0x62, 0xA4, 0x0B,
    0x40, 0x04, 0xAC, 0x71, 0x5A, 0xED, 0xC9, 0xC4, 0x73, 0x6C, 0x16, 0x34, 0x0F, 0x32, 0xD3, 0xF0,
    0x1F, 0x34, 0x3D, 0x94, 0x9F, 0x92, 0x04, 0x65, 0xCB, 0x8C, 0x35, 0xE0, 0x54, 0xA0, 0xC8, 0x25,
    0xB1, 0x0B, 0xED, 0xA6, 0xBA, 0x9A, 0x6E, 0x34, 0xD3, 0x42, 0xE4, 0x58, 0xB7, 0x18, 0x9B, 0x93,
    0x61, 0xBB, 0x1D, 0xC7, 0x7E, 0x1C, 0xF9, 0xF1, 0xD0, 0x1F, 0xC3, 0x4B, 0xEA, 0x0B, 0xC9, 0x01,
    0x7D, 0x63, 0x75, 0x06, 0xA8, 0x2F, 0x37, 0x75, 0x70, 0xDB, 0x9E, 0x74, 0x91, 0xED, 0x46, 0xD9,
    0x6E, 0x7F, 0x79, 0x89, 0xFA, 0xD2, 0x7E, 0xED, 0xC7, 0xEA, 0x1B, 0x7F, 0xAB, 0xDB, 0x23, 0x4A,
    0xBE, 0x54, 0x17, 0x56, 0x95, 0x83, 0x3A, 0xA9, 0x95, 0x1D, 0xD4, 0x23, 0xDF, 0x7B, 0xD9, 0x06,
    0x6F, 0xDC, 0x25, 0x89, 0x43, 0xF6, 0x7D, 0x51, 0x53, 0x88, 0x2B, 0xA4, 0xA4, 0x3F, 0x73, 0x0D,
    0xA8, 0x2F, 0xF9, 0xDE, 0xED, 0xA1, 0x0F, 0x24, 0x57, 0x5F, 0x6A, 0xE2, 0x6B, 0xAD, 0xFA, 0x86,
    0x53, 0x6F, 0xB6, 0x4A, 0x52, 0x55, 0xA6, 0xEA, 0xD6, 0x52, 0x35, 0xA8, 0xAF, 0x54, 0x91, 0xA0,
    0xBE, 0x5C, 0x93, 0xD9, 0xB0, 0x73, 0x54, 0xD9, 0xB0, 0xBF, 0x16, 0xDB, 0xA4, 0x2C, 0x5E, 0xB6,
    0x9D, 0x17, 0x55, 0x72, 0x6B, 0x87, 0x9C, 0x66, 0x98, 0x6E, 0xAE, 0x33, 0x4D, 0x8E, 0x32, 0x35,
    0x47, 0x11, 0x11, 0xB2, 0xEC, 0x73, 0x6C, 0x9C, 0xFF, 0xC9, 0x3E, 0xA3, 0x7F, 0xBB, 0xDF, 0x9F,
    0x87, 0xF8, 0xCB, 0x07, 0x1A, 0x7D, 0xA9, 0x22, 0xCA, 0x1D, 0x51, 0xEA, 0x00, 0x0A, 0x7F, 0xC6,
    0x65, 0xAF, 0x3F, 0x63, 0xB5, 0x76, 0xC6, 0x89, 0x77, 0xFD, 0x17, 0x6F, 0x3D, 0xE3, 0xC4, 0x1F,
    0xAA, 0x13, 0xE2, 0x18, 0xEC, 0x40, 0xEC, 0x81, 0x20, 0x23, 0x96, 0x7B, 0xB5, 0x0C, 0xC4, 0xA3,
    0x7E, 0xE3, 0x49, 0x72, 0x8F, 0xC1, 0x93, 0xFD, 0x97, 0x4C, 0x1A, 0xF4, 0x43, 0x8F, 0x96, 0x96,
    0x51, 0x23, 0x29, 0x80, 0x0A, 0xF9, 0x4E, 0x5B, 0xAF, 0x86, 0xB8, 0x4B, 0x31, 0x1F, 0xCD, 0xF1,
    0x51, 0x3E, 0xAC, 0xA2, 0x3C, 0xAA, 0x86, 0xE9, 0xC8, 0xD1, 0x7F, 0x72, 0xF4, 0xAF, 0xC3, 0x48,
    0x2C, 0x0F, 0xD8, 0x83, 0xBE, 0xDF, 0xCF, 0xFB, 0xBD, 0x7E, 0xBF, 0x3F, 0x4E, 0x7E, 0xD1, 0x25,
    0x79, 0xA3, 0x53, 0xA7, 0x9F, 0x65, 0xF5, 0x8B, 0xD0, 0x2F, 0x25, 0x59, 0x20, 0xD2, 0x65, 0xF2,
    0x41, 0xBD, 0x6D, 0xF5, 0xCB, 0xAC, 0x7E, 0x5E, 0x18, 0x55, 0xC9, 0x9B, 0x5A, 0x71, 0x52, 0x88,
    0x5C, 0x55, 0x6C, 0xAF, 0x96, 0x6A, 0xB5, 0x8C, 0x59, 0x7E, 0x8C, 0xAC, 0x24, 0x03, 0x71, 0x91,
    0xE4, 0xA7, 0x14, 0x0C, 0x3A, 0x46, 0xBB, 0xB0, 0x84, 0x22, 0x8D, 0xA4, 0x84, 0x33, 0x60, 0x68,
    0x19, 0x48, 0x8A, 0xFA, 0xA8, 0xE3, 0xC8, 0xE4, 0x1C, 0x78, 0xC2, 0x14, 0x56, 0x41, 0x6E, 0xCA,
    0xCC, 0x3E, 0xD5, 0x7F, 0xC2, 0x5E, 0xF1, 0xE1, 0xCF, 0xFC, 0xE6, 0xF6, 0x0F, 0xCF, 0xCC, 0xDB,
    0x3D, 0x1C, 0xE5, 0x40, 0x8F, 0x64, 0x50, 0x45, 0xAB, 0xE8, 0xF4, 0xF0, 0xFB, 0xD8, 0xC0, 0xE1,
    0x58, 0xDD, 0xE5, 0x52, 0xF5, 0xBA, 0xC7, 0xAC, 0x1D, 0x5F, 0x47, 0xB1, 0xCE, 0x04, 0x0A, 0xC9,
    0x51, 0x37, 0x56, 0xFD, 0x07, 0x0F, 0x59, 0x52, 0xFD, 0xD3, 0x16, 0x65, 0x0F, 0xF3, 0x8D, 0x7B,
    0x28, 0xB1, 0xA8, 0x92, 0xD0, 0xFB, 0x8F, 0x74, 0x09, 0x45, 0x03, 0x8C, 0xA1, 0x70, 0x51, 0xDB,
    0xA8, 0x9B, 0x9E, 0x92, 0x8C, 0x9F, 0x62, 0xC6, 0x0F, 0x9D, 0x8F, 0x09, 0x2C, 0xC6, 0xAF, 0x9E,
    0x6F, 0x74, 0xF3, 0x71, 0x63, 0xC6, 0x4D, 0x32, 0x0E, 0xD3, 0x26, 0xEC, 0x84, 0x4D, 0xC6, 0xF4,
    0xCC, 0x0E, 0x9E, 0x0C, 0x04, 0x6E, 0xCD, 0x07, 0x3F, 0xB0, 0xD1, 0x77, 0x6C, 0x26, 0xF2, 0x80,
    0xD7, 0xD4, 0x71, 0x54, 0x85, 0xB0, 0xB1, 0xD5, 0x8C, 0xF1, 0x33, 0xDA, 0x22, 0x92, 0xB8, 0x43,
    0x6F, 0xDB, 0x8D, 0xC8, 0x8D, 0xA3, 0x8A, 0x51, 0x25, 0x52, 0x6F, 0x49, 0x39, 0xEA, 0x08, 0x21,
    0xFB, 0xE9, 0xCB, 0x0D, 0xEF, 0x35, 0x38, 0x33, 0x70, 0xC9, 0xB5, 0x6E, 0x24, 0xEF, 0x65, 0x02,
    0xE2, 0xE2, 0xAE, 0xD6, 0x9F, 0xBD, 0xD4, 0x4C, 0xCE, 0x59, 0x4C, 0x1E, 0xE8, 0x27, 0xFC, 0x37,
    0xCB, 0xC9, 0x03, 0xCD, 0xE4, 0xD2, 0x30, 0x8D, 0xDB, 0x7A, 0x20, 0x8E, 0x09, 0x3D, 0x10, 0x5D,
    0x5B, 0xC6, 0x37, 0x1E, 0x92, 0x89, 0xE8, 0x3F, 0xFE, 0x2A, 0x84, 0x3B, 0xE0, 0xE2, 0x6B, 0xF7,
    0xE3, 0x1F, 0x75, 0x43, 0xA9, 0xD5, 0xCF, 0x9A, 0x84, 0x0B, 0x0C, 0x4F, 0x31, 0x29, 0xC9, 0xAF,
    0x50, 0x92, 0x87, 0x26, 0xB1, 0x07, 0x6F, 0xFE, 0xBC, 0x33, 0xEF, 0x76, 0xE6, 0x7F, 0xAC, 0xB5,
    0x94, 0xEB, 0xFF, 0xA0, 0x10, 0xB9, 0xD7, 0xD6, 0x16, 0xF0, 0xBF, 0x1F, 0x9C, 0xFF, 0xA7, 0x20,
    0x92, 0x52, 0xA4, 0x7E, 0xA3, 0x67, 0xE0, 0x09, 0x81, 0xB6, 0x0F, 0xA3, 0x0A, 0xC9, 0xD1, 0x8E,
    0xA8, 0x26, 0x6A, 0xFA, 0x0E, 0x1D, 0x64, 0x15, 0xF1, 0x7B, 0x4D, 0x4B, 0x54, 0x11, 0xFD, 0xDD,
    0x46, 0x92, 0xC6, 0xB7, 0xD9, 0x4C, 0xF2, 0x4F, 0x34, 0x98, 0x8A, 0xDB, 0x2B, 0x13, 0x1D, 0x32,
    0x8B, 0xAA, 0x9D, 0xE8, 0xB6, 0x2A, 0x92, 0x5C, 0x3B, 0x60, 0x56, 0x03, 0xF3, 0x06, 0x30, 0x22,
    0x0D, 0xB1, 0x48, 0x07, 0xF5, 0xA0, 0x80, 0x0A, 0x95, 0x52, 0xE5, 0x31, 0xC8, 0x2F, 0x6F, 0x05,
    0x91, 0x96, 0x68, 0xBF, 0x6B, 0x18, 0xFA, 0xF7, 0xBE, 0x17, 0x76, 0x00, 0xB2, 0x34, 0x87, 0x44,
    0x82, 0xC5, 0x2D, 0xC0, 0x03, 0x7B, 0xBB, 0x14, 0x18, 0x49, 0xDA, 0x0F, 0x1C, 0xD4, 0x97, 0x5E,
    0xC9, 0xD0, 0x5D, 0x3A, 0x23, 0xB2, 0x97, 0x6A, 0x62, 0x7B, 0xA9, 0xCA, 0x55, 0x7A, 0x65, 0x6C,
    0x35, 0xC1, 0x12, 0xAE, 0x1C, 0x95, 0x86, 0x26, 0x72, 0xBD, 0x55, 0xF3, 0xDE, 0x96, 0xD4, 0xBD,
    0xE5, 0xBD, 0x11, 0x55, 0x85, 0xBC, 0x57, 0x5F, 0xDB, 0x28, 0xDB, 0x2A, 0xBB, 0x54, 0xD6, 0x9C,
    0xF4, 0x1D, 0xF5, 0x8D, 0xA6, 0x10, 0xAB, 0x4B, 0x94, 0xA5, 0x0F, 0x3F, 0x4D, 0xF5, 0x4F, 0xC8,
    0x3C, 0x3C, 0x28, 0xE5, 0x49, 0xA1, 0xD5, 0xC4, 0xD2, 0xE9, 0xCB, 0x6F, 0x31, 0x4F, 0xFA, 0xFE,
    0xF2, 0x49, 0xDF, 0xFC, 0xE2, 0x93, 0x6C, 0xCF, 0x83, 0xF2, 0x25, 0x18, 0x48, 0x38, 0x55, 0xE5,
    0x1B, 0xA3, 0x72, 0xB3, 0x90, 0x2E, 0xC0, 0x33, 0xE0, 0xAF, 0x3D, 0x22, 0x65, 0x72, 0x63, 0xAD,
    0xBF, 0xE4, 0xB5, 0x3D, 0xC9, 0x97, 0x1A, 0xFD, 0x0D, 0xA7, 0xA5, 0xD4, 0x3F, 0x0B, 0xE5, 0xAE,
    0xB6, 0x59, 0xEF, 0x5F, 0x6E, 0x45, 0xEA, 0x7B, 0x85, 0xFD, 0x03, 0x52, 0x86, 0x52, 0xAA, 0xDF,
    0x54, 0x86, 0x6A, 0x97, 0x95, 0x87, 0x03, 0x76, 0x39, 0xDD, 0xB0, 0xD2, 0x65, 0x15, 0x89, 0xE3,
    0x08, 0x80, 0x48, 0x13, 0xF8, 0x27, 0x63, 0xA8, 0x61, 0xB8, 0xCB, 0xEC, 0xCB, 0xCC, 0xCB, 0xCE,
    0xCB, 0xCD, 0xC3, 0xAF, 0xC3, 0x6F, 0xC2, 0x5F, 0xC0, 0x7F, 0x81, 0xBF, 0x81, 0x9F, 0xD3, 0x3E,
    0x46, 0xF9, 0x03, 0x03, 0x03, 0x00, 0x8C, 0xD1, 0x0D, 0x87, 0x65, 0x75, 0x1C, 0x07, 0xF0, 0xCF,
    0x39, 0x47, 0xF3, 0x67, 0xCF, 0xCC, 0xDC, 0xAC, 0xB0, 0xA8, 0xBD, 0x2B, 0xD1, 0xA8, 0x9D, 0xB9,
    0x2C, 0xEA, 0xAA, 0xAD, 0x7B, 0x7A, 0x03, 0x99, 0x57, 0x90, 0x7D, 0x09, 0x83, 0xB0, 0x18, 0x77,
    0x0F, 0x85, 0xA8, 0xD8, 0x97, 0x30, 0x2F, 0x61, 0x35, 0x9B, 0x12, 0xC3, 0x89, 0x3C, 0x65, 0xCB,
    0x25, 0xE4, 0xD9, 0x91, 0x10, 0x06, 0x27, 0x0E, 0x96, 0x2E, 0xDB, 0xFE, 0xE6, 0x38, 0x2E, 0xB9,
    0xB4, 0xBF, 0xFB, 0xBF, 0x9C, 0xFF, 0xF7, 0x7C, 0x9F, 0x8E, 0x9F, 0x1B, 0xC8, 0x7B, 0xCC, 0x2A,
    0x3C, 0x7B, 0x3E, 0xEB, 0x65, 0x35, 0x62, 0x0E, 0x90, 0xD5, 0x45, 0x9B, 0xBA, 0x49, 0xBF, 0x7F,
    0xF9, 0xD6, 0x93, 0x3B, 0xBF, 0xE6, 0xCD, 0xF6, 0x1F, 0x1E, 0xC2, 0x12, 0x52, 0x7B, 0x65, 0x84,
    0x9D, 0x7E, 0xC4, 0xCE, 0x64, 0xF5, 0x76, 0xE9, 0xF5, 0x9F, 0xDE, 0xF9, 0xE5, 0xE8, 0xC9, 0xFE,
    0x5F, 0x65, 0x57, 0xB4, 0x45, 0xE3, 0x86, 0x87, 0x91, 0xBE, 0x8C, 0x46, 0xA9, 0x1D, 0x1B, 0xED,
    0xF4, 0x81, 0x71, 0xE0, 0x6C, 0x6B, 0xA3, 0x2D, 0x46, 0x58, 0x62, 0xD1, 0xB3, 0xF8, 0x84, 0x9B,
    0x2B, 0x76, 0x1F, 0x73, 0xED, 0x90, 0xA2, 0xAC, 0xC8, 0x57, 0x78, 0x8C, 0x43, 0x6C, 0x00, 0xDC,
    0x02, 0xD1, 0xC2, 0x83, 0x4E, 0xFE, 0x7B, 0x37, 0xA8, 0xEF, 0x37, 0xB2, 0x3F, 0x6A, 0xE9, 0x33,
    0x6E, 0xE2, 0x3E, 0x59, 0x4B, 0xAA, 0xC7, 0xEB, 0x28, 0xE4, 0xD3, 0x2D, 0xAE, 0x03, 0xF0, 0x11,
    0xF9, 0x6F, 0x35, 0xDF, 0x36, 0x1C, 0xAE, 0xE4, 0x5F, 0xB6, 0xB2, 0x7F, 0x3A, 0xCA, 0x1E, 0xF7,
    0x46, 0xF9, 0x7F, 0x9D, 0xE3, 0x9A, 0xA5, 0x5A, 0x39, 0x65, 0xEF, 0x94, 0xD7, 0x3A, 0x66, 0x3F,
    0xB3, 0xB8, 0xE0, 0x41, 0xCD, 0x1B, 0xC6, 0x79, 0x25, 0x6B, 0xE4, 0x7D, 0x51, 0x3B, 0x92, 0x86,
    0x7D, 0x76, 0xCB, 0xEA, 0x90, 0xFC, 0xCF, 0x39, 0x0E, 0x4E, 0xE0, 0xD8, 0x38, 0x7F, 0x57, 0x64,
    0x3F, 0x3E, 0xA5, 0xA8, 0xCB, 0xD5, 0x15, 0xD9, 0x44, 0xD9, 0x7A, 0xD5, 0x05, 0xF3, 0xAC, 0x06,
    0xBC, 0x4C, 0x2F, 0x5B, 0x2B, 0x9E, 0x9F, 0x1F, 0x5C, 0x3B, 0xB7, 0x7B, 0x5E, 0x7B, 0x64, 0x3C,
    0x76, 0xBF, 0xA9, 0xF6, 0xCF, 0xAB, 0xF4, 0x9D, 0xE2, 0x42, 0xBE, 0xE6, 0x69, 0x80, 0x22, 0xBE,
    0xDF, 0x14, 0x2B, 0x8F, 0xE5, 0xFD, 0xDE, 0xD2, 0x51, 0x75, 0x7B, 0x67, 0x5C, 0x6B, 0xB7, 0xD3,
    0xA7, 0x76, 0x35, 0xAB, 0xBC, 0xDD, 0x9C, 0x91, 0x41, 0xFE, 0xAC, 0x76, 0x94, 0x75, 0x4E, 0xDC,
    0xB6, 0xB2, 0x97, 0x35, 0xCA, 0xBC, 0x96, 0xF2, 0x2F, 0x14, 0xF9, 0x57, 0x8A, 0xEB, 0x97, 0x2C,
    0x7B, 0xCA, 0x0E, 0xC7, 0x03, 0x7D, 0x52, 0x7D, 0x6F, 0x6E, 0xCF, 0x89, 0xA4, 0x55, 0x54, 0x2B,
    0x79, 0xDD, 0x78, 0xBD, 0x69, 0xDC, 0xA9, 0x79, 0xEF, 0x73, 0xA6, 0x17, 0x4C, 0x5A, 0x5E, 0x12,
    0xFF, 0x78, 0x0E, 0x2C, 0xDE, 0x05, 0x27, 0xB8, 0xA1, 0x09, 0x6D, 0x78, 0x84, 0x57, 0x78, 0x86,
    0xB7, 0x63, 0x52, 0x37, 0x64, 0x46, 0x76, 0x74, 0x88, 0x2E, 0xD1, 0x29, 0xBA, 0x45, 0xC7, 0xE8,
    0x1A, 0x9D, 0x07, 0x01, 0x28, 0xC1, 0x29, 0x14, 0xF1, 0xAD, 0xA6, 0xE0, 0x2E, 0x98, 0xD9, 0xE0,
    0x4E, 0x6D, 0xF8, 0xC0, 0x2D, 0x7A, 0xF9, 0xA5, 0xE2, 0x63, 0x93, 0x54, 0x4D, 0x53, 0xF3, 0x7E,
    0x6A, 0xDF, 0x4C, 0xF7, 0x52, 0xF2, 0xBF, 0xC7, 0x38, 0x73, 0x30, 0xA9, 0x2C, 0x62, 0xA9, 0xE0,
    0x83, 0x01, 0x02, 0x1F, 0x8E, 0x78, 0x70, 0x36, 0x7C, 0xE4, 0x99, 0x17, 0x09, 0x7A, 0x37, 0x9D,
    0x2D, 0xD2, 0x6A, 0x92, 0xEA, 0xB2, 0x54, 0x7C, 0xCD, 0x9A, 0x47, 0x00, 0xA5, 0x39, 0x4E, 0xC3,
    0xB9, 0x88, 0x14, 0x53, 0x91, 0x7E, 0x17, 0x13, 0xB3, 0x48, 0x1F, 0xF0, 0x81, 0x33, 0xF2, 0xFF,
    0x1D, 0x01, 0xBF, 0x13, 0xB6, 0x1D, 0x00, 0x8D, 0xD3, 0x3F, 0x68, 0x24, 0x7D, 0x1D, 0xC7, 0xF1,
    0xD7, 0xCC, 0xC4, 0x1B, 0x75, 0x6E, 0x77, 0xC0, 0x4A, 0xB8, 0x5C, 0xB6, 0xF0, 0xB1, 0x10, 0xF6,
    0xDC, 0x20, 0x0B, 0xCF, 0xA2, 0xAB, 0x19, 0x9E, 0x56, 0x94, 0xA7, 0xAF, 0xEC, 0x11, 0xF2, 0x80,
    0x29, 0x52, 0x44, 0x33, 0x7D, 0x21, 0x69, 0xAC, 0x14, 0x49, 0x69, 0x39, 0xC8, 0x15, 0x57, 0x9C,
    0xC9, 0xEF, 0xB4, 0xC7, 0xE1, 0xC0, 0x7E, 0x8A, 0x94, 0x07, 0x37, 0xCA, 0x82, 0x2B, 0x24, 0x19,
    0x7F, 0x71, 0x20, 0x87, 0xB9, 0x3B, 0x38, 0xF2, 0x7B, 0x4F, 0xBE, 0x7F, 0x3E, 0xDF, 0xDF, 0x77,
    0x3F, 0xEC, 0x4E, 0x71, 0xE3, 0x51, 0x5E, 0x4B, 0x02, 0x1D, 0x0D, 0x4D, 0xB6, 0xED, 0x67, 0x5F,
    0xF4, 0x3F, 0xD6, 0x9F, 0x24, 0xFD, 0x71, 0xDA, 0xBD, 0xC8, 0xC2, 0x3A, 0xAF, 0x9F, 0xCD, 0xE4,
    0x5B, 0x97, 0x43, 0x2B, 0x7D, 0x78, 0x4E, 0xDF, 0x2B, 0x46, 0x19, 0x20, 0x0D, 0xB2, 0x3A, 0xA6,
    0xCA, 0xBB, 0x63, 0xAF, 0xF5, 0xC3, 0xD6, 0x0F, 0x5A, 0x7F, 0xBE, 0x9B, 0x4A, 0x5E, 0xB7, 0xE9,
    0x5F, 0xDB, 0xEC, 0x8B, 0x36, 0x4F, 0xDB, 0xE9, 0xFF, 0xA6, 0xD6, 0x2C, 0x01, 0xB0, 0xB8, 0x9D,
    0x48, 0x36, 0xF9, 0xB5, 0xBC, 0xB2, 0x11, 0xE3, 0x37, 0x56, 0xF2, 0x9F, 0xDA, 0x37, 0xCD, 0x34,
    0x56, 0x59, 0x7D, 0xAE, 0x4F, 0xEB, 0xF3, 0x34, 0xA4, 0x75, 0x53, 0x48, 0xEB, 0xFD, 0xA7, 0x32,
    0xAB, 0xA5, 0xC2, 0xA4, 0x33, 0x91, 0x07, 0x47, 0x8A, 0x4D, 0xDE, 0x9A, 0x2F, 0x6E, 0x01, 0x12,
    0x14, 0x28, 0xB1, 0xA8, 0xF9, 0x51, 0xE0, 0x57, 0x2D, 0xAF, 0x7B, 0xC9, 0xAB, 0x8D, 0xAC, 0xDA,
    0xCA, 0x9D, 0x98, 0xF8, 0x89, 0x5D, 0x0B, 0x4B, 0x65, 0xB5, 0xAF, 0x0C, 0xC3, 0x30, 0x84, 0xC3,
    0x61, 0xD8, 0x96, 0x21, 0x6F, 0x8B, 0x90, 0x85, 0x4F, 0xA4, 0x3D, 0xBC, 0x5A, 0x6C, 0x0F, 0x86,
    0x9B, 0x83, 0x7F, 0xFC, 0xBA, 0x6C, 0x9F, 0x15, 0xFD, 0xD3, 0x6C, 0x2B, 0xB9, 0xE6, 0x92, 0x53,
    0x6E, 0xA4, 0xD1, 0x5C, 0xBF, 0x53, 0x76, 0x7B, 0x8B, 0xF0, 0xFD, 0x83, 0xDF, 0xFD, 0xE6, 0x74,
    0xB8, 0xBD, 0x5B, 0x04, 0xF1, 0x3F, 0x00, 0xDF, 0xC6, 0xFC, 0x9E, 0xB1, 0xF7, 0x2E, 0x1F, 0xFB,
    0x9E, 0xD3, 0x4B, 0x5B, 0x59, 0x50, 0x50, 0x32, 0x67, 0x45, 0x43, 0x37, 0x7E, 0x11, 0x4A, 0xF6,
    0x58, 0x73, 0x4C, 0xCF, 0xFA, 0x64, 0x4D, 0x89, 0xC7, 0xE3, 0x15, 0x3E, 0xC3, 0xBE, 0x79, 0xE4,
    0xD0, 0x2F, 0xE4, 0xD5, 0x99, 0x2C, 0x04, 0x49, 0x1B, 0xF8, 0x57, 0xCD, 0xE7, 0x38, 0xC0, 0x14,
    0xDF, 0x60, 0xD6, 0xCE, 0xDA, 0xD5, 0xF1, 0xF3, 0xA6, 0x29, 0xC3, 0xEA, 0x8E, 0xBB, 0xF8, 0xAE,
    0x26, 0xA5, 0x64, 0x97, 0x23, 0x49, 0x1F, 0xED, 0xCA, 0x7E, 0xAE, 0xC8, 0xEC, 0x66, 0x96, 0x69,
    0x35, 0x0C, 0xBD, 0xAC, 0xEA, 0x8F, 0x3F, 0xFD, 0x2F, 0x7B, 0xD5, 0xF9, 0x30, 0x6F, 0x23, 0xD7,
    0x91, 0x5E, 0xF6, 0xB7, 0xC8, 0xDF, 0x63, 0xED, 0x26, 0xF2, 0xCF, 0xB1, 0x5F, 0x46, 0x0E, 0x22,
    0xDF, 0xF9, 0xC8, 0xBC, 0x5E, 0xB2, 0x95, 0xFD, 0x41, 0x3E, 0x35, 0x2D, 0x4C, 0xB2, 0x7A, 0x9D,
    0x86, 0xA5, 0xB6, 0xD1, 0xC7, 0xB3, 0xD2, 0xAE, 0xB3, 0x10, 0x8B, 0x65, 0x11, 0x05, 0xB2, 0x37,
    0x51, 0x4C, 0x0F, 0x66, 0xC1, 0xE7, 0xC1, 0x57, 0x34, 0x34, 0xF4, 0x1F, 0x3F, 0x1D, 0x1D, 0xAD,
    0xEF, 0x06, 0xA7, 0xB5, 0xEF, 0xE1, 0x05, 0xD7, 0x1C, 0x01, 0xB0, 0xD6, 0xFF, 0x25, 0xD9, 0xC6,
    0xE7, 0x7D, 0x00, 0xC0, 0x11, 0xD7, 0xBC, 0xF0, 0xA4, 0x13, 0x5F, 0xA3, 0xDF, 0x87, 0x36, 0xBF,
    0x05, 0xB0, 0xD8, 0x26, 0x61, 0x73, 0x38, 0x54, 0x95, 0x3F, 0xF9, 0xE6, 0xD9, 0x83, 0xFE, 0x0C,
    0xDF, 0xAA, 0x48, 0xF1, 0x75, 0xEC, 0xE0, 0x31, 0xE3, 0x8F, 0x0B, 0xE0, 0x61, 0xBE, 0x8B, 0xE3,
    0xB1, 0x56, 0xD4, 0xEC, 0xE1, 0x78, 0xD4, 0xC4, 0xD4, 0x14, 0x3B, 0x0F, 0x66, 0x3E, 0x16, 0x53,
    0xE0, 0xE9, 0x58, 0x4B, 0x3B, 0xF2, 0x7A, 0x8C, 0x5F, 0x92, 0x74, 0xA3, 0x76, 0x86, 0x15, 0x00,
    0x15, 0x87, 0xC1, 0x93, 0xAD, 0x47, 0xFF, 0xE1, 0xA2, 0xE2, 0x06, 0xC5, 0x16, 0x8B, 0x2B, 0x9C,
    0xD6, 0x24, 0x91, 0x77, 0x7B, 0x2A, 0xDC, 0x56, 0x14, 0x51, 0xEF, 0xC9, 0x15, 0x0E, 0x6B, 0x66,
    0x41, 0x11, 0xEF, 0xB8, 0xE5, 0xB2, 0xE2, 0xEC, 0xBD, 0xCF, 0x56, 0xA1, 0x23, 0x79, 0x55, 0x4B,
    0xDF, 0xD6, 0x8A, 0x8D, 0xE4, 0x92, 0xC5, 0x1F, 0xD9, 0x4C, 0xB8, 0xF8, 0x25, 0x8F, 0xAE, 0x71,
    0xDA, 0xD2, 0x5C, 0x54, 0xBA, 0x3C, 0x24, 0x61, 0xDC, 0x0C, 0x34, 0xCE, 0xB4, 0x2E, 0x62, 0x31,
    0xFF, 0x77, 0xCD, 0xA2, 0xA5, 0xB8, 0x60, 0x9A, 0x07, 0x8F, 0xE3, 0xFE, 0xC5, 0x95, 0xE4, 0x96,
    0xC3, 0x9E, 0x4D, 0x83, 0x16, 0x35, 0xC9, 0x30, 0xD4, 0xE5, 0x19, 0x73, 0x2C, 0xD1, 0x3C, 0x60,
    0x89, 0x35, 0xCA, 0x8A, 0x34, 0x6A, 0xE1, 0x72, 0x68, 0x49, 0x5E, 0x62, 0x8A, 0x1C, 0x59, 0xFD,
    0xFF, 0xE4, 0x28, 0x71, 0x12, 0xB5, 0x1D, 0xE0, 0x6B, 0x98, 0x18, 0xF7, 0x1D, 0x99, 0xEB, 0x2C,
    0x93, 0xA0, 0x89, 0xF2, 0xA6, 0xA0, 0x99, 0x44, 0xE6, 0x2C, 0x97, 0xAC, 0x7B, 0xCA, 0x96, 0x2C,
    0x6A, 0x73, 0x24, 0xE0, 0x33, 0x2C, 0xE3, 0x7D, 0x3D, 0xE9, 0x35, 0xD9, 0x6F, 0xC9, 0x73, 0xA6,
    0x59, 0x6D, 0x1E, 0x59, 0x46, 0x9A, 0x48, 0xC8, 0x65, 0x75, 0x29, 0x1F, 0x77, 0x7B, 0x86, 0x1D,
    0xA4, 0xA3, 0x4F, 0x6B, 0x1C, 0x3D, 0xF0, 0xF8, 0xD5, 0x07, 0x3C, 0xC2, 0xE5, 0xBD, 0xDF, 0x6E,
    0xF4, 0xAB, 0xFC, 0x90, 0xDF, 0xEA, 0x7D, 0xAF, 0xEF, 0x66, 0xBF, 0xF4, 0x65, 0xA3, 0x5B, 0x25,
    0x61, 0x9E, 0x85, 0x69, 0x5E, 0x15, 0xA5, 0xEC, 0x67, 0xE3, 0x2B, 0x4B, 0x03, 0xC3, 0xD0, 0xDF,
    0x3F, 0xF5, 0x6C, 0x63, 0x37, 0x6A, 0x44, 0xE5, 0x34, 0x17, 0x9D, 0xAD, 0xD2, 0x70, 0xA4, 0x3B,
    0x77, 0x3E, 0x6A, 0x62, 0x10, 0xD3, 0x75, 0x1A, 0x62, 0x2B, 0x0A, 0xC6, 0x0B, 0xD3, 0x37, 0x6C,
    0x69, 0xFC, 0x17, 0x63, 0x64, 0x60, 0x6E, 0x40, 0x87, 0xD2, 0x0D, 0xFB, 0x1D, 0xFE, 0x33, 0xEC,
    0x61, 0x00, 0xCB, 0x1D, 0x60, 0xFE, 0xC0, 0xFC, 0x83, 0x79, 0x0F, 0x73, 0x2F, 0x18, 0xF6, 0x48,
    0xCF, 0x80, 0xC8, 0x31, 0x30, 0x48, 0x32, 0x48, 0xFF, 0x65, 0xFA, 0x3F, 0x97, 0xF9, 0x01, 0x2F,
    0x73, 0x03, 0x26, 0x5A, 0xAB, 0xDF, 0xFC, 0xF7, 0xBF, 0xF3, 0x9F, 0xFF, 0x4C, 0x1F, 0x76, 0x30,
    0xA0, 0x2A, 0x6E, 0xFB, 0xCB, 0xFC, 0xFF, 0x2D, 0xF3, 0x13, 0x9C, 0x8A, 0x1B, 0x18, 0x2E, 0xA0,
    0xC1, 0xF7, 0x17, 0x3E, 0x7E, 0xB9, 0xF0, 0xE5, 0xE2, 0x87, 0xCB, 0x17, 0xEE, 0x33, 0xFC, 0x60,
    0x98, 0xC0, 0xA0, 0xC0, 0x60, 0x22, 0x62, 0xFA, 0xC3, 0xFE, 0x87, 0x9D, 0x85, 0x09, 0x04, 0x56,
    0x58, 0x03, 0x79, 0x16, 0x16, 0x0C, 0x16, 0x0C, 0x02, 0x22, 0x13, 0x34, 0x20, 0xF0, 0x4F, 0xFD,
    0x9F, 0xFF, 0x1F, 0xFE, 0x80, 0xD9, 0x5A, 0x7F, 0xF6, 0xFF, 0xF9, 0xFF, 0x60, 0x07, 0x4C, 0x86,
    0x01, 0x00, 0x8D, 0x50, 0xB5, 0xA1, 0xC2, 0x40, 0x18, 0xFE, 0x9F, 0xE2, 0x30, 0x42, 0x46, 0xC8,
    0x02, 0xC8, 0xB1, 0x00, 0x4E, 0x9D, 0x49, 0x22, 0x1B, 0x31, 0x41, 0xBC, 0xC3, 0xB5, 0xCE, 0x08,
    0xB8, 0xCB, 0x29, 0x52, 0x21, 0xD1, 0xB3, 0x4F, 0xC1, 0xCE, 0x5F, 0xE0, 0x27, 0x68, 0xD9, 0x10,
    0xF3, 0x8A, 0x11, 0x48, 0x39, 0x32, 0xD0, 0x4F, 0x0E, 0x40, 0xC7, 0x78, 0x05, 0xD2, 0x44, 0x2F,
    0x89, 0xE9, 0xEB, 0x8F, 0xD4, 0xA7, 0xE7, 0xEC, 0x3D, 0x9E, 0x51, 0x9C, 0x02, 0xDF, 0x01, 0x36,
    0x42, 0xBE, 0x42, 0xB7, 0xD8, 0x36, 0xA7, 0x42, 0x94, 0x09, 0xD1, 0xA3, 0x2F, 0x5F, 0x7B, 0x47,
    0x09, 0xF4, 0x06, 0xA2, 0x78, 0x14, 0xF2, 0x1E, 0xEB, 0xFA, 0x29, 0x87, 0xA4, 0xF1, 0x6B, 0x2C,
    0x75, 0x60, 0x30, 0x3C, 0xCB, 0x93, 0x81, 0x6F, 0x1A, 0xC8, 0x86, 0x90, 0x5F, 0x8C, 0x66, 0x44,
    0x24, 0x61, 0x93, 0x39, 0xC1, 0x17, 0x96, 0xAA, 0x6E, 0xF1, 0x15, 0xED, 0xD3, 0x2F, 0xB2, 0x58,
    0xBC, 0x25, 0x76, 0x18, 0xBF, 0xC6, 0x0B, 0xBB, 0xF0, 0xC6, 0xD8, 0xAE, 0x7C, 0x3F, 0xC9, 0x4A,
    0xD3, 0x78, 0x6B, 0xDA, 0xE7, 0xFC, 0xAC, 0xBD, 0xB2, 0x8D, 0x04, 0x3F, 0x01, 0x2D, 0x89, 0xD5,
    0x11, 0x02, 0x60, 0x0C, 0x83, 0x83, 0xBC, 0x77, 0x20, 0x74, 0x5D, 0x96, 0x40, 0x17, 0xF8, 0xA7,
    0xC0, 0xDD, 0xFD, 0x23, 0xBD, 0xA3, 0x12, 0xD5, 0x7F, 0x9A, 0x09, 0x22, 0xA1, 0xC6, 0xD0, 0x18,
    0xBD, 0xBD, 0xB1, 0xF5, 0xCD, 0xE2, 0x4E, 0x38, 0x36, 0x0E, 0x15, 0x5F, 0x62, 0xAF, 0x0E, 0x74,
    0xDE, 0x1A, 0xF0, 0x1E, 0x60, 0xFD, 0xE1, 0xA3, 0xE0, 0xC6, 0x59, 0x35, 0x5E, 0x14, 0x09, 0xE8,
    0x2A, 0x0B, 0x49, 0x31, 0x3B, 0x1B, 0x6B, 0x93, 0x62, 0xD4, 0xAA, 0x9B, 0xD8, 0x4A, 0x50, 0xDD,
    0xFF, 0x03,
};

static const EpdGlyph charein_10_boldGlyphs[] = {
    { 0, 0, 0, 0, 0, 0, 0 }, // U+0000
    { 0, 0, 0, 0, 0, 0, 0 }, // U+0001
    { 0, 0, 0, 0, 0, 0, 0 }, // U+0002
    { 0, 0, 0, 0, 0, 0, 0 }, // U+0003
    { 0, 0, 0, 0, 0, 0, 0 }, // U+0004
    { 0, 0, 0, 0, 0, 0, 0 }, // U+0005
    { 0, 0, 0, 0, 0, 0, 0 }, // U+0006
    { 0, 0, 0, 0, 0, 0, 0 }, // U+0007
    { 0, 0, 0, 0, 0, 0, 0 }, // U+0008
    { 0, 0, 0, 0, 0, 0, 0 }, // U+0009
    { 0, 0, 0, 0, 0, 0, 0 }, // U+000A
    { 0, 0, 0, 0, 0, 0, 0 }, // U+000B
    { 0, 0, 0, 0, 0, 0, 0 }, // U+000C
    { 0, 0, 0, 0, 0, 0, 0 }, // U+000D
    { 0, 0, 0, 0, 0, 0, 0 }, // U+000E
    { 0, 0, 0, 0, 0, 0, 0 }, // U+000F
    { 0, 0, 0, 0, 0, 0, 0 }, // U+0010
    { 0, 0, 0, 0, 0, 0, 0 }, // U+0011
    { 0, 0, 0, 0, 0, 0, 0 }, // U+0012
    { 0, 0, 0, 0, 0, 0, 0 }, // U+0013
    { 0, 0, 0, 0, 0, 0, 0 }, // U+0014
    { 0, 0, 0, 0, 0, 0, 0 }, // U+0015
    { 0, 0, 0, 0, 0, 0, 0 }, // U+0016
    { 0, 0, 0, 0, 0, 0, 0 }, // U+0017
    { 0, 0, 0, 0, 0, 0, 0 }, // U+0018
    { 0, 0, 0, 0, 0, 0, 0 }, // U+0019
    { 0, 0, 0, 0, 0, 0, 0 }, // U+001A
    { 0, 0, 0, 0, 0, 0, 0 }, // U+001B
    { 0, 0, 0, 0, 0, 0, 0 }, // U+001C
    { 0, 0, 0, 0, 0, 0, 0 }, // U+001D
    { 0, 0, 0, 0, 0, 0, 0 }, // U+001E
    { 0, 0, 0, 0, 0, 0, 0 }, // U+001F
    { 0, 0, 86, 0, 0, 0, 0 }, // U+0020
    { 5, 15, 113, 1, 15, 19, 0 }, // !
    { 8, 7, 131, 0, 16, 14, 19 }, // "
    { 14, 17, 247, 1, 17, 60, 33 }, // #
    { 11, 19, 196, 1, 16, 53, 93 }, // $
    { 19, 15, 298, 0, 15, 72, 146 }, // %
    { 16, 15, 245, 0, 15, 60, 218 }, // &
    { 4, 7, 59, 0, 16, 7, 278 }, // '
    { 7, 19, 131, 1, 16, 34, 285 }, // (
    { 7, 19, 131, 0, 16, 34, 319 }, // )
    { 9, 9, 167, 1, 16, 21, 353 }, // *
    { 13, 14, 333, 4, 14, 46, 374 }, // +
    { 6, 7, 106, 0, 3, 11, 420 }, // ,
    { 7, 3, 109, 0, 7, 6, 431 }, // -
    { 4, 4, 106, 1, 4, 4, 437 }, // .
    { 11, 17, 167, 0, 15, 47, 441 }, // /
    { 12, 15, 196, 0, 15, 45, 488 }, // 0
    { 9, 15, 196, 1, 15, 34, 533 }, // 1
    { 12, 15, 196, 0, 15, 45, 567 }, // 2
    { 12, 15, 196, 0, 15, 45, 612 }, // 3
    { 12, 15, 196, 0, 15, 45, 657 }, // 4
    { 12, 15, 196, 0, 15, 45, 702 }, // 5
    { 12, 15, 196, 0, 15, 45, 747 }, // 6
    { 11, 15, 196, 1, 15, 42, 792 }, // 7
    { 12, 15, 196, 0, 15, 45, 834 }, // 8
    { 12, 15, 196, 0, 15, 45, 879 }, // 9
    { 4, 11, 106, 1, 11, 11, 924 }, // :
    { 6, 15, 106, 0, 11, 23, 935 }, // ;
    { 13, 12, 333, 4, 12, 39, 958 }, // <
    { 13, 7, 333, 4, 10, 23, 997 }, // =
    { 13, 12, 333, 4, 12, 39, 1020 }, // >
    { 10, 15, 174, 0, 15, 38, 1059 }, // ?
    { 18, 19, 312, 1, 15, 86, 1097 }, // @
    { 15, 15, 229, 0, 15, 57, 1183 }, // A
    { 13, 15, 213, 0, 15, 49, 1240 }, // B
    { 13, 15, 212, 0, 15, 49, 1289 }, // C
    { 15, 15, 241, 0, 15, 57, 1338 }, // D
    { 12, 15, 199, 0, 15, 45, 1395 }, // E
    { 12, 15, 186, 0, 15, 45, 1440 }, // F
    { 15, 15, 239, 0, 15, 57, 1485 }, // G
    { 16, 15, 256, 0, 15, 60, 1542 }, // H
    { 8, 15, 120, 0, 15, 30, 1602 }, // I
    { 11, 15, 171, 0, 15, 42, 1632 }, // J
    { 15, 15, 227, 0, 15, 57, 1674 }, // K
    { 12, 15, 185, 0, 15, 45, 1731 }, // L
    { 19, 15, 301, 0, 15, 72, 1776 }, // M
    { 16, 15, 248, 0, 15, 60, 1848 }, // N
    { 16, 15, 252, 0, 15, 60, 1908 }, // O
    { 13, 15, 204, 0, 15, 49, 1968 }, // P
    { 16, 19, 252, 0, 15, 76, 2017 }, // Q
    { 15, 15, 235, 0, 15, 57, 2093 }, // R
    { 11, 15, 179, 0, 15, 42, 2150 }, // S
    { 13, 15, 203, 0, 15, 49, 2192 }, // T
    { 15, 15, 243, 0, 15, 57, 2241 }, // U
    { 15, 15, 235, 0, 15, 57, 2298 }, // V
    { 21, 15, 322, 0, 15, 79, 2355 }, // W
    { 14, 15, 224, 0, 15, 53, 2434 }, // X
    { 14, 15, 221, 0, 15, 53, 2487 }, // Y
    { 12, 15, 194, 0, 15, 45, 2540 }, // Z
    { 7, 19, 183, 4, 16, 34, 2585 }, // [
    { 11, 17, 165, 0, 15, 47, 2619 }, // <backslash>
    { 7, 19, 196, 0, 16, 34, 2666 }, // ]
    { 8, 4, 113, 0, 16, 8, 2700 }, // ^
    { 8, 3, 113, 0, -1, 6, 2708 }, // _
    { 6, 4, 125, 0, 16, 6, 2714 }, // `
    { 12, 11, 184, 0, 11, 33, 2720 }, // a
    { 12, 16, 199, 0, 16, 48, 2753 }, // b
    { 10, 11, 167, 0, 11, 28, 2801 }, // c
    { 13, 16, 203, 0, 16, 52, 2829 }, // d
    { 11, 11, 176, 0, 11, 31, 2881 }, // e
    { 9, 16, 116, 0, 16, 36, 2912 }, // f
    { 12, 16, 185, 0, 11, 48, 2948 }, // g
    { 13, 16, 209, 0, 16, 52, 2996 }, // h
    { 7, 16, 111, 0, 16, 28, 3048 }, // i
    { 8, 21, 108, -2, 16, 42, 3076 }, // j
    { 13, 16, 197, 0, 16, 52, 3118 }, // k
    { 7, 16, 111, 0, 16, 28, 3170 }, // l
    { 19, 11, 302, 0, 11, 53, 3198 }, // m
    { 13, 11, 208, 0, 11, 36, 3251 }, // n
    { 12, 11, 195, 0, 11, 33, 3287 }, // o
    { 12, 16, 201, 0, 11, 48, 3320 }, // p
    { 13, 16, 201, 0, 11, 52, 3368 }, // q
    { 9, 11, 144, 0, 11, 25, 3420 }, // r
    { 9, 11, 148, 0, 11, 25, 3445 }, // s
    { 8, 14, 125, 0, 14, 28, 3470 }, // t
    { 13, 11, 207, 0, 11, 36, 3498 }, // u
    { 12, 11, 189, 0, 11, 33, 3534 }, // v
    { 18, 11, 280, 0, 11, 50, 3567 }, // w
    { 12, 11, 182, 0, 11, 33, 3617 }, // x
    { 12, 16, 189, 0, 11, 48, 3650 }, // y
    { 10, 11, 164, 0, 11, 28, 3698 }, // z
    { 9, 19, 165, 0, 15, 43, 3726 }, // {
    { 3, 24, 133, 3, 18, 18, 3769 }, // |
    { 9, 19, 165, 1, 15, 43, 3787 }, // }
    { 15, 5, 278, 1, 9, 19, 3830 }, // ~
    { 0, 0, 0, 0, 0, 0, 3849 }, // U+007F
    { 0, 0, 0, 0, 0, 0, 0 }, // U+0080
    { 0, 0, 0, 0, 0, 0, 0 }, // U+0081
    { 0, 0, 0, 0, 0, 0, 0 }, // U+0082
    { 0, 0, 0, 0, 0, 0, 0 }, // U+0083
    { 0, 0, 0, 0, 0, 0, 0 }, // U+0084
    { 0, 0, 0, 0, 0, 0, 0 }, // U+0085
    { 0, 0, 0, 0, 0, 0, 0 }, // U+0086
    { 0, 0, 0, 0, 0, 0, 0 }, // U+0087
    { 0, 0, 0, 0, 0, 0, 0 }, // U+0088
    { 0, 0, 0, 0, 0, 0, 0 }, // U+0089
    { 0, 0, 0, 0, 0, 0, 0 }, // U+008A
    { 0, 0, 0, 0, 0, 0, 0 }, // U+008B
    { 0, 0, 0, 0, 0, 0, 0 }, // U+008C
    { 0, 0, 0, 0, 0, 0, 0 }, // U+008D
    { 0, 0, 0, 0, 0, 0, 0 }, // U+008E
    { 0, 0, 0, 0, 0, 0, 0 }, // U+008F
    { 0, 0, 0, 0, 0, 0, 0 }, // U+0090
    { 0, 0, 0, 0, 0, 0, 0 }, // U+0091
    { 0, 0, 0, 0, 0, 0, 0 }, // U+0092
    { 0, 0, 0, 0, 0, 0, 0 }, // U+0093
    { 0, 0, 0, 0, 0, 0, 0 }, // U+0094
    { 0, 0, 0, 0, 0, 0, 0 }, // U+0095
    { 0, 0, 0, 0, 0, 0, 0 }, // U+0096
    { 0, 0, 0, 0, 0, 0, 0 }, // U+0097
    { 0, 0, 0, 0, 0, 0, 0 }, // U+0098
    { 0, 0, 0, 0, 0, 0, 0 }, // U+0099
    { 0, 0, 0, 0, 0, 0, 0 }, // U+009A
    { 0, 0, 0, 0, 0, 0, 0 }, // U+009B
    { 0, 0, 0, 0, 0, 0, 0 }, // U+009C
    { 0, 0, 0, 0, 0, 0, 0 }, // U+009D
    { 0, 0, 0, 0, 0, 0, 0 }, // U+009E
    { 0, 0, 0, 0, 0, 0, 0 }, // U+009F
    { 0, 0, 81, 0, 0, 0, 0 }, // U+00A0
    { 5, 16, 113, 1, 11, 20, 0 }, // U+00A1
    { 10, 17, 196, 1, 14, 43, 20 }, // U+00A2
    { 12, 15, 196, 0, 15, 45, 63 }, // U+00A3
    { 13, 13, 203, 0, 16, 43, 108 }, // U+00A4
    { 14, 15, 212, 0, 15, 53, 151 }, // U+00A5
    { 2, 21, 115, 3, 16, 11, 204 }, // U+00A6
    { 10, 20, 167, 0, 16, 50, 215 }, // U+00A7
    { 8, 3, 116, 0, 16, 6, 265 }, // U+00A8
    { 17, 19, 279, 0, 17, 81, 271 }, // U+00A9
    { 8, 8, 120, 0, 15, 16, 352 }, // U+00AA
    { 10, 11, 150, 0, 11, 28, 368 }, // U+00AB
    { 13, 7, 207, 0, 10, 23, 396 }, // U+00AC
    { 0, 0, 0, 0, 0, 0, 419 }, // U+00AD
    { 17, 19, 279, 0, 17, 81, 419 }, // U+00AE
    { 8, 3, 113, 0, 16, 6, 500 }, // U+00AF
    { 5, 7, 107, 1, 17, 9, 506 }, // U+00B0
    { 13, 13, 333, 4, 13, 43, 515 }, // U+00B1
    { 8, 10, 127, 0, 17, 20, 558 }, // U+00B2
    { 8, 9, 127, 0, 17, 18, 578 }, // U+00B3
    { 6, 4, 125, 2, 16, 6, 596 }, // U+00B4
    { 12, 16, 194, 1, 11, 48, 602 }, // U+00B5
    { 11, 17, 173, 0, 15, 47, 650 }, // U+00B6
    { 4, 3, 63, 0, 9, 3, 697 }, // U+00B7
    { 6, 7, 82, 0, 1, 11, 700 }, // U+00B8
    { 6, 10, 127, 1, 18, 15, 711 }, // U+00B9
    { 8, 8, 127, 0, 15, 16, 726 }, // U+00BA
    { 9, 11, 150, 0, 11, 25, 742 }, // U+00BB
    { 19, 16, 302, 0, 16, 76, 767 }, // U+00BC
    { 19, 17, 302, 0, 16, 81, 843 }, // U+00BD
    { 19, 17, 302, 0, 17, 81, 924 }, // U+00BE
    { 10, 16, 174, 1, 11, 40, 1005 }, // U+00BF
    { 15, 21, 229, 0, 21, 79, 1045 }, // U+00C0
    { 15, 21, 229, 0, 21, 79, 1124 }, // U+00C1
    { 15, 21, 229, 0, 21, 79, 1203 }, // U+00C2
    { 15, 20, 229, 0, 20, 75, 1282 }, // U+00C3
    { 15, 21, 229, 0, 21, 79, 1357 }, // U+00C4
    { 15, 23, 229, 0, 23, 87, 1436 }, // U+00C5
    { 20, 15, 323, 0, 15, 75, 1523 }, // U+00C6
    { 13, 21, 212, 0, 15, 69, 1598 }, // U+00C7
    { 12, 21, 199, 0, 21, 63, 1667 }, // U+00C8
    { 12, 21, 199, 0, 21, 63, 1730 }, // U+00C9
    { 12, 21, 199, 0, 21, 63, 1793 }, // U+00CA
    { 12, 21, 199, 0, 21, 63, 1856 }, // U+00CB
    { 8, 21, 120, 0, 21, 42, 1919 }, // U+00CC
    { 8, 21, 120, 0, 21, 42, 1961 }, // U+00CD
    { 8, 21, 120, 0, 21, 42, 2003 }, // U+00CE
    { 8, 21, 120, 0, 21, 42, 2045 }, // U+00CF
    { 15, 15, 241, 0, 15, 57, 2087 }, // U+00D0
    { 16, 20, 248, 0, 20, 80, 2144 }, // U+00D1
    { 16, 21, 252, 0, 21, 84, 2224 }, // U+00D2
    { 16, 21, 252, 0, 21, 84, 2308 }, // U+00D3
    { 16, 21, 252, 0, 21, 84, 2392 }, // U+00D4
    { 16, 20, 252, 0, 20, 80, 2476 }, // U+00D5
    { 16, 21, 252, 0, 21, 84, 2556 }, // U+00D6
    { 13, 12, 333, 4, 12, 39, 2640 }, // U+00D7
    { 16, 19, 252, 0, 17, 76, 2679 }, // U+00D8
    { 15, 21, 243, 0, 21, 79, 2755 }, // U+00D9
    { 15, 21, 243, 0, 21, 79, 2834 }, // U+00DA
    { 15, 21, 243, 0, 21, 79, 2913 }, // U+00DB
    { 15, 21, 243, 0, 21, 79, 2992 }, // U+00DC
    { 14, 21, 221, 0, 21, 74, 3071 }, // U+00DD
    { 13, 15, 205, 0, 15, 49, 3145 }, // U+00DE
    { 14, 18, 226, 0, 18, 63, 3194 }, // U+00DF
    { 12, 16, 184, 0, 16, 48, 3257 }, // U+00E0
    { 12, 16, 184, 0, 16, 48, 3305 }, // U+00E1
    { 12, 16, 184, 0, 16, 48, 3353 }, // U+00E2
    { 12, 16, 184, 0, 16, 48, 3401 }, // U+00E3
    { 12, 16, 184, 0, 16, 48, 3449 }, // U+00E4
    { 12, 19, 184, 0, 19, 57, 3497 }, // U+00E5
    { 16, 11, 257, 0, 11, 44, 3554 }, // U+00E6
    { 10, 17, 167, 0, 11, 43, 3598 }, // U+00E7
    { 11, 16, 176, 0, 16, 44, 3641 }, // U+00E8
    { 11, 16, 176, 0, 16, 44, 3685 }, // U+00E9
    { 11, 16, 176, 0, 16, 44, 3729 }, // U+00EA
    { 11, 16, 176, 0, 16, 44, 3773 }, // U+00EB
    { 7, 16, 111, 0, 16, 28, 3817 }, // U+00EC
    { 7, 16, 111, 0, 16, 28, 3845 }, // U+00ED
    { 9, 16, 111, -1, 16, 36, 3873 }, // U+00EE
    { 9, 16, 111, -1, 16, 36, 3909 }, // U+00EF
    { 12, 18, 193, 0, 18, 54, 3945 }, // U+00F0
    { 13, 16, 208, 0, 16, 52, 3999 }, // U+00F1
    { 12, 16, 195, 0, 16, 48, 4051 }, // U+00F2
    { 12, 16, 195, 0, 16, 48, 4099 }, // U+00F3
    { 12, 16, 195, 0, 16, 48, 4147 }, // U+00F4
    { 12, 16, 195, 0, 16, 48, 4195 }, // U+00F5
    { 12, 16, 195, 0, 16, 48, 4243 }, // U+00F6
    { 13, 10, 333, 4, 12, 33, 4291 }, // U+00F7
    { 12, 15, 195, 0, 13, 45, 4324 }, // U+00F8
    { 13, 16, 207, 0, 16, 52, 4369 }, // U+00F9
    { 13, 16, 207, 0, 16, 52, 4421 }, // U+00FA
    { 13, 16, 207, 0, 16, 52, 4473 }, // U+00FB
    { 13, 16, 207, 0, 16, 52, 4525 }, // U+00FC
    { 12, 21, 189, 0, 16, 63, 4577 }, // U+00FD
    { 12, 21, 201, 0, 16, 63, 4640 }, // U+00FE
    { 12, 21, 189, 0, 16, 63, 4703 }, // U+00FF
    { 15, 20, 229, 0, 20, 75, 0 }, // U+0100
    { 12, 16, 184, 0, 16, 48, 75 }, // U+0101
    { 15, 21, 229, 0, 21, 79, 123 }, // U+0102
    { 12, 17, 184, 0, 17, 51, 202 }, // U+0103
    { 15, 20, 229, 0, 15, 75, 253 }, // U+0104
    { 12, 16, 184, 0, 11, 48, 328 }, // U+0105
    { 13, 21, 212, 0, 21, 69, 376 }, // U+0106
    { 10, 16, 167, 0, 16, 40, 445 }, // U+0107
    { 13, 21, 212, 0, 21, 69, 485 }, // U+0108
    { 10, 16, 167, 0, 16, 40, 554 }, // U+0109
    { 13, 21, 212, 0, 21, 69, 594 }, // U+010A
    { 10, 16, 167, 0, 16, 40, 663 }, // U+010B
    { 13, 21, 212, 0, 21, 69, 703 }, // U+010C
    { 10, 16, 167, 0, 16, 40, 772 }, // U+010D
    { 15, 21, 241, 0, 21, 79, 812 }, // U+010E
    { 15, 16, 227, 0, 16, 60, 891 }, // U+010F
    { 15, 15, 241, 0, 15, 57, 951 }, // U+0110
    { 13, 16, 203, 0, 16, 52, 1008 }, // U+0111
    { 12, 20, 199, 0, 20, 60, 1060 }, // U+0112
    { 11, 16, 176, 0, 16, 44, 1120 }, // U+0113
    { 12, 21, 199, 0, 21, 63, 1164 }, // U+0114
    { 11, 17, 176, 0, 17, 47, 1227 }, // U+0115
    { 12, 21, 199, 0, 21, 63, 1274 }, // U+0116
    { 11, 16, 176, 0, 16, 44, 1337 }, // U+0117
    { 12, 20, 199, 0, 15, 60, 1381 }, // U+0118
    { 11, 16, 176, 0, 11, 44, 1441 }, // U+0119
    { 12, 21, 199, 0, 21, 63, 1485 }, // U+011A
    { 11, 16, 176, 0, 16, 44, 1548 }, // U+011B
    { 15, 21, 239, 0, 21, 79, 1592 }, // U+011C
    { 12, 21, 185, 0, 16, 63, 1671 }, // U+011D
    { 15, 21, 239, 0, 21, 79, 1734 }, // U+011E
    { 12, 22, 185, 0, 17, 66, 1813 }, // U+011F
    { 15, 21, 239, 0, 21, 79, 1879 }, // U+0120
    { 12, 21, 185, 0, 16, 63, 1958 }, // U+0121
    { 15, 22, 239, 0, 15, 83, 2021 }, // U+0122
    { 12, 22, 185, 0, 17, 66, 2104 }, // U+0123
    { 16, 21, 256, 0, 21, 84, 2170 }, // U+0124
    { 14, 21, 209, -1, 21, 74, 2254 }, // U+0125
    { 16, 15, 256, 0, 15, 60, 2328 }, // U+0126
    { 13, 16, 209, 0, 16, 52, 2388 }, // U+0127
    { 8, 20, 120, 0, 20, 40, 2440 }, // U+0128
    { 9, 16, 111, -1, 16, 36, 2480 }, // U+0129
    { 8, 20, 120, 0, 20, 40, 2516 }, // U+012A
    { 7, 15, 111, 0, 15, 27, 2556 }, // U+012B
    { 8, 21, 120, 0, 21, 42, 2583 }, // U+012C
    { 7, 17, 111, 0, 17, 30, 2625 }, // U+012D
    { 8, 20, 120, 0, 15, 40, 2655 }, // U+012E
    { 7, 21, 111, 0, 16, 37, 2695 }, // U+012F
    { 8, 21, 120, 0, 21, 42, 2732 }, // U+0130
    { 7, 11, 111, 0, 11, 20, 2774 }, // U+0131
    { 18, 15, 290, 0, 15, 68, 2794 }, // U+0132
    { 13, 21, 219, 0, 16, 69, 2862 }, // U+0133
    { 11, 21, 171, 0, 21, 58, 2931 }, // U+0134
    { 9, 21, 108, -2, 16, 48, 2989 }, // U+0135
    { 15, 22, 227, 0, 15, 83, 3037 }, // U+0136
    { 13, 23, 197, 0, 16, 75, 3120 }, // U+0137
    { 13, 11, 197, 0, 11, 36, 3195 }, // U+0138
    { 12, 21, 185, 0, 21, 63, 3231 }, // U+0139
    { 7, 21, 111, 0, 21, 37, 3294 }, // U+013A
    { 12, 22, 185, 0, 15, 66, 3331 }, // U+013B
    { 7, 23, 111, 0, 16, 41, 3397 }, // U+013C
    { 12, 16, 185, 0, 16, 48, 3438 }, // U+013D
    { 9, 16, 131, 0, 16, 36, 3486 }, // U+013E
    { 15, 15, 231, 0, 15, 57, 3522 }, // U+013F
    { 10, 16, 157, 0, 16, 40, 3579 }, // U+0140
    { 12, 15, 185, 0, 15, 45, 3619 }, // U+0141
    { 9, 16, 111, -1, 16, 36, 3664 }, // U+0142
    { 16, 21, 248, 0, 21, 84, 3700 }, // U+0143
    { 13, 16, 208, 0, 16, 52, 3784 }, // U+0144
    { 16, 22, 248, 0, 15, 88, 3836 }, // U+0145
    { 13, 18, 208, 0, 11, 59, 3924 }, // U+0146
    { 16, 21, 248, 0, 21, 84, 3983 }, // U+0147
    { 13, 16, 208, 0, 16, 52, 4067 }, // U+0148
    { 15, 20, 253, 0, 15, 75, 4119 }, // U+014A
    { 12, 16, 208, 0, 11, 48, 4194 }, // U+014B
    { 16, 20, 252, 0, 20, 80, 4242 }, // U+014C
    { 12, 16, 195, 0, 16, 48, 4322 }, // U+014D
    { 16, 21, 252, 0, 21, 84, 4370 }, // U+014E
    { 12, 17, 195, 0, 17, 51, 4454 }, // U+014F
    { 16, 21, 252, 0, 21, 84, 4505 }, // U+0150
    { 12, 16, 195, 0, 16, 48, 4589 }, // U+0151
    { 21, 15, 337, 0, 15, 79, 4637 }, // U+0152
    { 18, 11, 289, 0, 11, 50, 4716 }, // U+0153
    { 15, 21, 235, 0, 21, 79, 4766 }, // U+0154
    { 9, 16, 144, 0, 16, 36, 4845 }, // U+0155
    { 15, 22, 235, 0, 15, 83, 4881 }, // U+0156
    { 9, 18, 144, 0, 11, 41, 4964 }, // U+0157
    { 15, 21, 235, 0, 21, 79, 5005 }, // U+0158
    { 9, 16, 144, 0, 16, 36, 5084 }, // U+0159
    { 11, 21, 179, 0, 21, 58, 5120 }, // U+015A
    { 9, 16, 148, 0, 16, 36, 5178 }, // U+015B
    { 11, 21, 179, 0, 21, 58, 5214 }, // U+015C
    { 9, 16, 148, 0, 16, 36, 5272 }, // U+015D
    { 11, 21, 179, 0, 15, 58, 5308 }, // U+015E
    { 9, 17, 148, 0, 11, 39, 5366 }, // U+015F
    { 11, 21, 179, 0, 21, 58, 5405 }, // U+0160
    { 9, 16, 148, 0, 16, 36, 5463 }, // U+0161
    { 13, 21, 203, 0, 15, 69, 5499 }, // U+0162
    { 8, 20, 125, 0, 14, 40, 5568 }, // U+0163
    { 13, 21, 203, 0, 21, 69, 5608 }, // U+0164
    { 9, 16, 125, 0, 16, 36, 5677 }, // U+0165
    { 13, 15, 203, 0, 15, 49, 5713 }, // U+0166
    { 8, 14, 125, 0, 14, 28, 5762 }, // U+0167
    { 15, 20, 243, 0, 20, 75, 5790 }, // U+0168
    { 13, 16, 207, 0, 16, 52, 5865 }, // U+0169
    { 15, 20, 243, 0, 20, 75, 5917 }, // U+016A
    { 13, 16, 207, 0, 16, 52, 5992 }, // U+016B
    { 15, 21, 243, 0, 21, 79, 6044 }, // U+016C
    { 13, 17, 207, 0, 17, 56, 6123 }, // U+016D
    { 15, 23, 243, 0, 23, 87, 6179 }, // U+016E
    { 13, 19, 207, 0, 19, 62, 6266 }, // U+016F
    { 15, 21, 243, 0, 21, 79, 6328 }, // U+0170
    { 13, 16, 207, 0, 16, 52, 6407 }, // U+0171
    { 15, 20, 243, 0, 15, 75, 6459 }, // U+0172
    { 13, 16, 207, 0, 11, 52, 6534 }, // U+0173
    { 21, 21, 322, 0, 21, 111, 6586 }, // U+0174
    { 18, 16, 280, 0, 16, 72, 6697 }, // U+0175
    { 14, 21, 221, 0, 21, 74, 6769 }, // U+0176
    { 12, 21, 189, 0, 16, 63, 6843 }, // U+0177
    { 14, 21, 221, 0, 21, 74, 6906 }, // U+0178
    { 12, 21, 194, 0, 21, 63, 6980 }, // U+0179
    { 10, 16, 164, 0, 16, 40, 7043 }, // U+017A
    { 12, 21, 194, 0, 21, 63, 7083 }, // U+017B
    { 10, 16, 164, 0, 16, 40, 7146 }, // U+017C
    { 12, 21, 194, 0, 21, 63, 7186 }, // U+017D
    { 10, 16, 164, 0, 16, 40, 7249 }, // U+017E
    { 9, 16, 116, 0, 16, 36, 7289 }, // U+017F
    { 18, 19, 275, 0, 19, 86, 0 }, // U+01A0
    { 14, 14, 225, 0, 14, 49, 86 }, // U+01A1
    { 18, 20, 281, 0, 20, 90, 135 }, // U+01AF
    { 15, 15, 231, 0, 15, 57, 225 }, // U+01B0
    { 27, 21, 435, 0, 21, 142, 282 }, // U+01C4
    { 25, 16, 405, 0, 16, 100, 424 }, // U+01C5
    { 23, 16, 367, 0, 16, 92, 524 }, // U+01C6
    { 22, 15, 355, 0, 15, 83, 616 }, // U+01C7
    { 17, 21, 293, 0, 16, 90, 699 }, // U+01C8
    { 13, 21, 219, 0, 16, 69, 789 }, // U+01C9
    { 26, 15, 419, 0, 15, 98, 858 }, // U+01CA
    { 21, 21, 356, 0, 16, 111, 956 }, // U+01CB
    { 19, 21, 316, 0, 16, 100, 1067 }, // U+01CC
    { 15, 21, 229, 0, 21, 79, 1167 }, // U+01CD
    { 12, 16, 184, 0, 16, 48, 1246 }, // U+01CE
    { 8, 21, 120, 0, 21, 42, 1294 }, // U+01CF
    { 9, 16, 111, -1, 16, 36, 1336 }, // U+01D0
    { 16, 21, 252, 0, 21, 84, 1372 }, // U+01D1
    { 12, 16, 195, 0, 16, 48, 1456 }, // U+01D2
    { 15, 21, 243, 0, 21, 79, 1504 }, // U+01D3
    { 13, 16, 207, 0, 16, 52, 1583 }, // U+01D4
    { 15, 24, 243, 0, 24, 90, 1635 }, // U+01D5
    { 13, 20, 207, 0, 20, 65, 1725 }, // U+01D6
    { 15, 25, 243, 0, 25, 94, 1790 }, // U+01D7
    { 13, 21, 207, 0, 21, 69, 1884 }, // U+01D8
    { 15, 25, 243, 0, 25, 94, 1953 }, // U+01D9
    { 13, 21, 207, 0, 21, 69, 2047 }, // U+01DA
    { 15, 25, 243, 0, 25, 94, 2116 }, // U+01DB
    { 13, 21, 207, 0, 21, 69, 2210 }, // U+01DC
    { 11, 11, 176, 0, 11, 31, 2279 }, // U+01DD
    { 15, 24, 229, 0, 24, 90, 2310 }, // U+01DE
    { 12, 20, 184, 0, 20, 60, 2400 }, // U+01DF
    { 15, 24, 229, 0, 24, 90, 2460 }, // U+01E0
    { 12, 20, 184, 0, 20, 60, 2550 }, // U+01E1
    { 20, 20, 323, 0, 20, 100, 2610 }, // U+01E2
    { 16, 16, 257, 0, 16, 64, 2710 }, // U+01E3
    { 15, 15, 239, 0, 15, 57, 2774 }, // U+01E4
    { 12, 16, 185, 0, 11, 48, 2831 }, // U+01E5
    { 15, 21, 239, 0, 21, 79, 2879 }, // U+01E6
    { 12, 21, 185, 0, 16, 63, 2958 }, // U+01E7
    { 15, 21, 227, 0, 21, 79, 3021 }, // U+01E8
    { 13, 21, 197, 0, 21, 69, 3100 }, // U+01E9
    { 16, 20, 252, 0, 15, 80, 3169 }, // U+01EA
    { 12, 16, 195, 0, 11, 48, 3249 }, // U+01EB
    { 16, 25, 252, 0, 20, 100, 3297 }, // U+01EC
    { 12, 20, 195, 0, 15, 60, 3397 }, // U+01ED
    { 13, 26, 217, 0, 21, 85, 3457 }, // U+01EE
    { 12, 21, 187, 0, 16, 63, 3542 }, // U+01EF
    { 9, 21, 108, -2, 16, 48, 3605 }, // U+01F0
    { 27, 15, 435, 0, 15, 102, 3653 }, // U+01F1
    { 25, 15, 405, 0, 15, 94, 3755 }, // U+01F2
    { 23, 16, 367, 0, 16, 92, 3849 }, // U+01F3
    { 15, 21, 239, 0, 21, 79, 3941 }, // U+01F4
    { 12, 21, 185, 0, 16, 63, 4020 }, // U+01F5
    { 21, 15, 350, 0, 15, 79, 4083 }, // U+01F6
    { 13, 20, 210, 0, 15, 65, 4162 }, // U+01F7
    { 16, 21, 248, 0, 21, 84, 4227 }, // U+01F8
    { 13, 16, 208, 0, 16, 52, 4311 }, // U+01F9
    { 15, 26, 229, 0, 26, 98, 4363 }, // U+01FA
    { 12, 22, 184, 0, 22, 66, 4461 }, // U+01FB
    { 20, 21, 323, 0, 21, 105, 4527 }, // U+01FC
    { 16, 16, 257, 0, 16, 64, 4632 }, // U+01FD
    { 16, 23, 252, 0, 21, 92, 4696 }, // U+01FE
    { 12, 18, 195, 0, 16, 54, 4788 }, // U+01FF
    { 15, 21, 229, 0, 21, 79, 4842 }, // U+0200
    { 13, 16, 184, -1, 16, 52, 4921 }, // U+0201
    { 15, 21, 229, 0, 21, 79, 4973 }, // U+0202
    { 12, 17, 184, 0, 17, 51, 5052 }, // U+0203
    { 12, 21, 199, 0, 21, 63, 5103 }, // U+0204
    { 12, 16, 176, -1, 16, 48, 5166 }, // U+0205
    { 12, 21, 199, 0, 21, 63, 5214 }, // U+0206
    { 11, 17, 176, 0, 17, 47, 5277 }, // U+0207
    { 11, 21, 120, -3, 21, 58, 5324 }, // U+0208
    { 11, 16, 111, -3, 16, 44, 5382 }, // U+0209
    { 8, 21, 120, 0, 21, 42, 5426 }, // U+020A
    { 7, 17, 111, 0, 17, 30, 5468 }, // U+020B
    { 16, 21, 252, 0, 21, 84, 5498 }, // U+020C
    { 12, 16, 195, 0, 16, 48, 5582 }, // U+020D
    { 16, 21, 252, 0, 21, 84, 5630 }, // U+020E
    { 12, 17, 195, 0, 17, 51, 5714 }, // U+020F
    { 15, 21, 235, 0, 21, 79, 5765 }, // U+0210
    { 10, 16, 144, -1, 16, 40, 5844 }, // U+0211
    { 15, 21, 235, 0, 21, 79, 5884 }, // U+0212
    { 9, 17, 144, 0, 17, 39, 5963 }, // U+0213
    { 15, 21, 243, 0, 21, 79, 6002 }, // U+0214
    { 13, 16, 207, 0, 16, 52, 6081 }, // U+0215
    { 15, 21, 243, 0, 21, 79, 6133 }, // U+0216
    { 13, 17, 207, 0, 17, 56, 6212 }, // U+0217
    { 11, 22, 179, 0, 15, 61, 6268 }, // U+0218
    { 9, 18, 148, 0, 11, 41, 6329 }, // U+0219
    { 13, 22, 203, 0, 15, 72, 6370 }, // U+021A
    { 8, 21, 125, 0, 14, 42, 6442 }, // U+021B
    { 11, 20, 183, 0, 15, 55, 6484 }, // U+021C
    { 10, 16, 159, 0, 11, 40, 6539 }, // U+021D
    { 16, 21, 256, 0, 21, 84, 6579 }, // U+021E
    { 13, 21, 209, 0, 21, 69, 6663 }, // U+021F
    { 6, 4, 0, -10, 16, 6, 0 }, // U+0300
    { 7, 4, 0, -9, 16, 7, 6 }, // U+0301
    { 8, 4, 0, -10, 16, 8, 13 }, // U+0302
    { 8, 4, 0, -10, 16, 8, 21 }, // U+0303
    { 8, 3, 0, -10, 16, 6, 29 }, // U+0304
    { 13, 3, 0, -13, 18, 10, 35 }, // U+0305
    { 8, 5, 0, -10, 17, 10, 45 }, // U+0306
    { 4, 3, 0, -8, 16, 3, 55 }, // U+0307
    { 8, 3, 0, -10, 16, 6, 58 }, // U+0308
    { 5, 7, 0, -9, 18, 9, 64 }, // U+0309
    { 6, 7, 0, -9, 19, 11, 73 }, // U+030A
    { 11, 4, 0, -11, 16, 11, 84 }, // U+030B
    { 8, 4, 0, -10, 16, 8, 95 }, // U+030C
    { 2, 4, 0, -7, 16, 2, 103 }, // U+030D
    { 5, 4, 0, -9, 16, 5, 105 }, // U+030E
    { 10, 4, 0, -12, 16, 10, 110 }, // U+030F
    { 8, 6, 0, -10, 18, 12, 120 }, // U+0310
    { 8, 5, 0, -10, 17, 10, 132 }, // U+0311
    { 4, 5, 0, -8, 17, 5, 142 }, // U+0312
    { 4, 6, 0, -8, 18, 6, 147 }, // U+0313
    { 4, 8, 0, -8, 19, 8, 153 }, // U+0314
    { 4, 6, 51, 0, 20, 6, 161 }, // U+0315
    { 6, 4, 0, -9, -1, 6, 167 }, // U+0316
    { 6, 4, 0, -9, -1, 6, 173 }, // U+0317
    { 4, 4, 0, -8, -2, 4, 179 }, // U+0318
    { 4, 4, 0, -8, -2, 4, 183 }, // U+0319
    { 6, 6, 100, 0, 16, 9, 187 }, // U+031A
    { 5, 7, 24, -3, 15, 9, 196 }, // U+031B
    { 4, 7, 0, -8, 0, 7, 205 }, // U+031C
    { 5, 4, 0, -9, -1, 5, 212 }, // U+031D
    { 5, 5, 0, -9, -1, 7, 217 }, // U+031E
    { 5, 4, 0, -9, -2, 5, 224 }, // U+031F
    { 6, 3, 0, -9, -1, 5, 229 }, // U+0320
    { 7, 6, 0, -7, 1, 11, 234 }, // U+0321
    { 7, 5, 0, -3, 0, 9, 245 }, // U+0322
    { 4, 3, 0, -8, -2, 3, 254 }, // U+0323
    { 8, 3, 0, -10, -2, 6, 257 }, // U+0324
    { 6, 7, 0, -9, -1, 11, 263 }, // U+0325
    { 4, 6, 0, -8, -1, 6, 274 }, // U+0326
    { 5, 7, 0, -8, 1, 9, 280 }, // U+0327
    { 5, 6, 0, -8, 1, 8, 289 }, // U+0328
    { 2, 4, 0, -7, -1, 2, 297 }, // U+0329
    { 6, 5, 0, -9, 0, 8, 299 }, // U+032A
    { 8, 5, 0, -10, -1, 10, 307 }, // U+032B
    { 8, 4, 0, -10, -1, 8, 317 }, // U+032C
    { 8, 5, 0, -10, 0, 10, 325 }, // U+032D
    { 8, 5, 0, -10, 0, 10, 335 }, // U+032E
    { 8, 5, 0, -10, -1, 10, 345 }, // U+032F
    { 8, 4, 0, -10, -1, 8, 355 }, // U+0330
    { 8, 3, 0, -10, -1, 6, 363 }, // U+0331
    { 15, 3, 0, -14, -1, 12, 369 }, // U+0332
    { 15, 6, 0, -14, -1, 23, 381 }, // U+0333
    { 8, 4, 0, -10, 7, 8, 404 }, // U+0334
    { 8, 3, 0, -10, 7, 6, 412 }, // U+0335
    { 13, 3, 0, -13, 7, 10, 418 }, // U+0336
    { 9, 15, 0, -11, 13, 34, 428 }, // U+0337
    { 9, 18, 0, -11, 14, 41, 462 }, // U+0338
    { 4, 7, 0, -8, 0, 7, 503 }, // U+0339
    { 6, 5, 0, -9, 0, 8, 510 }, // U+033A
    { 7, 7, 0, -10, 0, 13, 518 }, // U+033B
    { 8, 4, 0, -10, -1, 8, 531 }, // U+033C
    { 7, 4, 0, -10, 16, 7, 539 }, // U+033D
    { 4, 8, 0, -8, 19, 8, 546 }, // U+033E
    { 15, 6, 0, -14, 19, 23, 554 }, // U+033F
    { 6, 4, 0, -9, 15, 6, 577 }, // U+0346
    { 9, 6, 0, -11, -1, 14, 583 }, // U+0347
    { 5, 4, 0, -9, -1, 5, 597 }, // U+0348
    { 5, 6, 0, -9, 0, 8, 602 }, // U+0349
    { 10, 5, 0, -11, 16, 13, 610 }, // U+034A
    { 8, 7, 0, -10, 19, 14, 623 }, // U+034B
    { 10, 6, 0, -11, 17, 15, 637 }, // U+034C
    { 8, 4, 0, -10, -1, 8, 652 }, // U+034D
    { 4, 5, 0, -8, -1, 5, 660 }, // U+034E
    { 0, 0, 0, 0, 0, 0, 665 }, // U+034F
    { 10, 7, 0, -11, 19, 18, 665 }, // U+0350
    { 4, 6, 0, -8, 17, 6, 683 }, // U+0351
    { 8, 7, 0, -10, 19, 14, 689 }, // U+0352
    { 6, 6, 0, -9, -1, 9, 703 }, // U+0353
    { 10, 7, 0, -11, -1, 18, 712 }, // U+0354
    { 10, 8, 0, -11, 0, 20, 730 }, // U+0355
    { 18, 9, 0, -15, 1, 41, 750 }, // U+0356
    { 4, 6, 0, -8, 17, 6, 791 }, // U+0357
    { 3, 3, 54, 0, 16, 3, 797 }, // U+0358
    { 7, 7, 0, -10, 0, 13, 800 }, // U+0359
    { 10, 7, 0, -11, -1, 18, 813 }, // U+035A
    { 5, 5, 0, -9, 17, 7, 831 }, // U+035B
    { 20, 4, 0, -10, -6, 20, 838 }, // U+035C
    { 20, 5, 0, -10, 20, 25, 858 }, // U+035D
    { 16, 3, 0, -8, 21, 12, 883 }, // U+035E
    { 16, 3, 0, -8, -6, 12, 895 }, // U+035F
    { 20, 5, 0, -10, 22, 25, 907 }, // U+0360
    { 20, 5, 0, -10, 22, 25, 932 }, // U+0361
    { 20, 7, 0, -10, -5, 35, 957 }, // U+0362
    { 7, 8, 0, -10, 20, 14, 992 }, // U+0363
    { 7, 8, 0, -10, 20, 14, 1006 }, // U+0364
    { 5, 10, 0, -9, 22, 13, 1020 }, // U+0365
    { 7, 8, 0, -10, 19, 14, 1033 }, // U+0366
    { 9, 6, 0, -11, 19, 14, 1047 }, // U+0367
    { 7, 8, 0, -10, 20, 14, 1061 }, // U+0368
    { 8, 10, 0, -10, 22, 20, 1075 }, // U+0369
    { 9, 10, 0, -11, 22, 23, 1095 }, // U+036A
    { 11, 7, 0, -12, 19, 20, 1118 }, // U+036B
    { 6, 7, 0, -9, 19, 11, 1138 }, // U+036C
    { 5, 9, 0, -9, 21, 12, 1149 }, // U+036D
    { 8, 7, 0, -10, 19, 14, 1161 }, // U+036E
    { 8, 6, 0, -10, 18, 12, 1175 }, // U+036F
    { 15, 15, 232, 0, 15, 57, 0 }, // U+03BB
    { 12, 21, 199, 0, 21, 63, 0 }, // U+0400
    { 12, 21, 199, 0, 21, 63, 63 }, // U+0401
    { 16, 14, 254, 0, 14, 56, 126 }, // U+0402
    { 12, 21, 189, 0, 21, 63, 182 }, // U+0403
    { 13, 14, 215, 0, 14, 46, 245 }, // U+0404
    { 11, 14, 179, 0, 14, 39, 291 }, // U+0405
    { 8, 15, 120, 0, 15, 30, 330 }, // U+0406
    { 8, 21, 120, 0, 21, 42, 360 }, // U+0407
    { 11, 15, 171, 0, 15, 42, 402 }, // U+0408
    { 20, 14, 327, 0, 14, 70, 444 }, // U+0409
    { 20, 14, 321, 0, 14, 70, 514 }, // U+040A
    { 16, 14, 260, 0, 14, 56, 584 }, // U+040B
    { 15, 21, 227, 0, 21, 79, 640 }, // U+040C
    { 16, 21, 250, 0, 21, 84, 719 }, // U+040D
    { 16, 19, 243, 0, 19, 76, 803 }, // U+040E
    { 16, 18, 255, 0, 14, 72, 879 }, // U+040F
    { 15, 14, 229, 0, 14, 53, 951 }, // U+0410
    { 13, 14, 206, 0, 14, 46, 1004 }, // U+0411
    { 13, 14, 213, 0, 14, 46, 1050 }, // U+0412
    { 12, 14, 189, 0, 14, 42, 1096 }, // U+0413
    { 15, 18, 247, 0, 14, 68, 1138 }, // U+0414
    { 12, 15, 199, 0, 15, 45, 1206 }, // U+0415
    { 21, 14, 321, 0, 14, 74, 1251 }, // U+0416
    { 12, 14, 188, 0, 14, 42, 1325 }, // U+0417
    { 16, 14, 250, 0, 14, 56, 1367 }, // U+0418
    { 16, 19, 250, 0, 19, 76, 1423 }, // U+0419
    { 15, 14, 227, 0, 14, 53, 1499 }, // U+041A
    { 15, 14, 248, 0, 14, 53, 1552 }, // U+041B
    { 19, 14, 301, 0, 14, 67, 1605 }, // U+041C
    { 16, 14, 256, 0, 14, 56, 1672 }, // U+041D
    { 16, 14, 252, 0, 14, 56, 1728 }, // U+041E
    { 16, 14, 255, 0, 14, 56, 1784 }, // U+041F
    { 13, 14, 204, 0, 14, 46, 1840 }, // U+0420
    { 13, 14, 212, 0, 14, 46, 1886 }, // U+0421
    { 13, 14, 203, 0, 14, 46, 1932 }, // U+0422
    { 16, 14, 243, 0, 14, 56, 1978 }, // U+0423
    { 18, 14, 285, 0, 14, 63, 2034 }, // U+0424
    { 14, 14, 224, 0, 14, 49, 2097 }, // U+0425
    { 16, 18, 255, 0, 14, 72, 2146 }, // U+0426
    { 14, 14, 232, 0, 14, 49, 2218 }, // U+0427
    { 21, 14, 336, 0, 14, 74, 2267 }, // U+0428
    { 21, 18, 336, 0, 14, 95, 2341 }, // U+0429
    { 15, 14, 235, 0, 14, 53, 2436 }, // U+042A
    { 19, 14, 305, 0, 14, 67, 2489 }, // U+042B
    { 13, 14, 206, 0, 14, 46, 2556 }, // U+042C
    { 13, 14, 215, 0, 14, 46, 2602 }, // U+042D
    { 21, 14, 338, 0, 14, 74, 2648 }, // U+042E
    { 15, 14, 235, 0, 14, 53, 2722 }, // U+042F
    { 12, 11, 184, 0, 11, 33, 2775 }, // U+0430
    { 12, 15, 187, 0, 15, 45, 2808 }, // U+0431
    { 11, 10, 180, 0, 10, 28, 2853 }, // U+0432
    { 10, 10, 160, 0, 10, 25, 2881 }, // U+0433
    { 13, 13, 203, 0, 10, 43, 2906 }, // U+0434
    { 11, 11, 176, 0, 11, 31, 2949 }, // U+0435
    { 17, 11, 262, 0, 11, 47, 2980 }, // U+0436
    { 10, 11, 160, 0, 11, 28, 3027 }, // U+0437
    { 13, 10, 215, 0, 10, 33, 3055 }, // U+0438
    { 13, 15, 215, 0, 15, 49, 3088 }, // U+0439
    { 13, 11, 197, 0, 11, 36, 3137 }, // U+043A
    { 13, 10, 213, 0, 10, 33, 3173 }, // U+043B
    { 16, 10, 252, 0, 10, 40, 3206 }, // U+043C
    { 13, 10, 213, 0, 10, 33, 3246 }, // U+043D
    { 12, 11, 195, 0, 11, 33, 3279 }, // U+043E
    { 13, 10, 204, 0, 10, 33, 3312 }, // U+043F
    { 12, 16, 201, 0, 11, 48, 3345 }, // U+0440
    { 10, 11, 167, 0, 11, 28, 3393 }, // U+0441
    { 11, 10, 168, 0, 10, 28, 3421 }, // U+0442
    { 12, 16, 189, 0, 10, 48, 3449 }, // U+0443
    { 16, 20, 254, 0, 16, 80, 3497 }, // U+0444
    { 12, 10, 182, 0, 10, 30, 3577 }, // U+0445
    { 13, 13, 204, 0, 10, 43, 3607 }, // U+0446
    { 12, 10, 196, 0, 10, 30, 3650 }, // U+0447
    { 19, 10, 295, 0, 10, 48, 3680 }, // U+0448
    { 19, 13, 295, 0, 10, 62, 3728 }, // U+0449
    { 12, 10, 199, 0, 10, 30, 3790 }, // U+044A
    { 16, 10, 261, 0, 10, 40, 3820 }, // U+044B
    { 11, 10, 174, 0, 10, 28, 3860 }, // U+044C
    { 10, 11, 166, 0, 11, 28, 3888 }, // U+044D
    { 16, 10, 259, 0, 10, 40, 3916 }, // U+044E
    { 13, 10, 188, -1, 10, 33, 3956 }, // U+044F
    { 11, 16, 176, 0, 16, 44, 3989 }, // U+0450
    { 11, 16, 176, 0, 16, 44, 4033 }, // U+0451
    { 13, 20, 204, 0, 16, 65, 4077 }, // U+0452
    { 10, 16, 160, 0, 16, 40, 4142 }, // U+0453
    { 10, 11, 166, 0, 11, 28, 4182 }, // U+0454
    { 9, 11, 148, 0, 11, 25, 4210 }, // U+0455
    { 7, 16, 111, 0, 16, 28, 4235 }, // U+0456
    { 9, 16, 111, -1, 16, 36, 4263 }, // U+0457
    { 8, 21, 108, -2, 16, 42, 4299 }, // U+0458
    { 17, 10, 275, 0, 10, 43, 4341 }, // U+0459
    { 17, 10, 272, 0, 10, 43, 4384 }, // U+045A
    { 13, 16, 209, 0, 16, 52, 4427 }, // U+045B
    { 13, 16, 197, 0, 16, 52, 4479 }, // U+045C
    { 13, 16, 215, 0, 16, 52, 4531 }, // U+045D
    { 12, 21, 189, 0, 15, 63, 4583 }, // U+045E
    { 13, 13, 204, 0, 10, 43, 4646 }, // U+045F
    { 15, 14, 239, 0, 14, 53, 4689 }, // U+0462
    { 12, 10, 188, 0, 10, 30, 4742 }, // U+0463
    { 16, 14, 252, 0, 14, 56, 4772 }, // U+0472
    { 12, 11, 195, 0, 11, 33, 4828 }, // U+0473
    { 18, 15, 275, 0, 15, 68, 4861 }, // U+0474
    { 14, 10, 227, 0, 10, 35, 4929 }, // U+0475
    { 16, 23, 250, 0, 19, 92, 4964 }, // U+048A
    { 13, 18, 215, 0, 15, 59, 5056 }, // U+048B
    { 13, 16, 206, 0, 16, 52, 5115 }, // U+048C
    { 11, 12, 174, 0, 12, 33, 5167 }, // U+048D
    { 13, 14, 204, 0, 14, 46, 5200 }, // U+048E
    { 13, 16, 201, 0, 11, 52, 5246 }, // U+048F
    { 11, 17, 173, 0, 17, 47, 5298 }, // U+0490
    { 9, 12, 144, 0, 12, 27, 5345 }, // U+0491
    { 12, 14, 189, 0, 14, 42, 5372 }, // U+0492
    { 10, 10, 160, 0, 10, 25, 5414 }, // U+0493
    { 13, 19, 213, 0, 14, 62, 5439 }, // U+0494
    { 11, 15, 179, 0, 10, 42, 5501 }, // U+0495
    { 21, 18, 321, 0, 14, 95, 5543 }, // U+0496
    { 17, 13, 262, 0, 10, 56, 5638 }, // U+0497
    { 12, 19, 188, 0, 14, 57, 5694 }, // U+0498
    { 10, 16, 160, 0, 11, 40, 5751 }, // U+0499
    { 15, 18, 227, 0, 14, 68, 5791 }, // U+049A
    { 13, 13, 197, 0, 10, 43, 5859 }, // U+049B
    { 15, 14, 239, 0, 14, 53, 5902 }, // U+049C
    { 13, 11, 205, 0, 11, 36, 5955 }, // U+049D
    { 15, 14, 227, 0, 14, 53, 5991 }, // U+049E
    { 13, 16, 197, 0, 16, 52, 6044 }, // U+049F
    { 17, 14, 263, 0, 14, 60, 6096 }, // U+04A0
    { 14, 11, 224, 0, 11, 39, 6156 }, // U+04A1
    { 16, 18, 256, 0, 14, 72, 6195 }, // U+04A2
    { 13, 13, 213, 0, 10, 43, 6267 }, // U+04A3
    { 19, 14, 296, 0, 14, 67, 6310 }, // U+04A4
    { 15, 10, 242, 0, 10, 38, 6377 }, // U+04A5
    { 21, 19, 332, 0, 14, 100, 6415 }, // U+04A6
    { 17, 15, 278, 0, 10, 64, 6515 }, // U+04A7
    { 17, 15, 273, 0, 15, 64, 6579 }, // U+04A8
    { 14, 11, 222, 0, 11, 39, 6643 }, // U+04A9
    { 13, 19, 212, 0, 14, 62, 6682 }, // U+04AA
    { 10, 16, 167, 0, 11, 40, 6744 }, // U+04AB
    { 13, 18, 203, 0, 14, 59, 6784 }, // U+04AC
    { 11, 13, 168, 0, 10, 36, 6843 }, // U+04AD
    { 14, 14, 221, 0, 14, 49, 6879 }, // U+04AE
    { 13, 15, 202, 0, 10, 49, 6928 }, // U+04AF
    { 14, 14, 221, 0, 14, 49, 6977 }, // U+04B0
    { 13, 15, 202, 0, 10, 49, 7026 }, // U+04B1
    { 14, 18, 224, 0, 14, 63, 7075 }, // U+04B2
    { 12, 13, 182, 0, 10, 39, 7138 }, // U+04B3
    { 19, 18, 302, 0, 14, 86, 7177 }, // U+04B4
    { 16, 13, 247, 0, 10, 52, 7263 }, // U+04B5
    { 14, 18, 232, 0, 14, 63, 7315 }, // U+04B6
    { 12, 13, 196, 0, 10, 39, 7378 }, // U+04B7
    { 15, 14, 235, 0, 14, 53, 7417 }, // U+04B8
    { 12, 10, 198, 0, 10, 30, 7470 }, // U+04B9
    { 14, 14, 225, 0, 14, 49, 7500 }, // U+04BA
    { 13, 16, 209, 0, 16, 52, 7549 }, // U+04BB
    { 18, 14, 274, -1, 14, 63, 7601 }, // U+04BC
    { 14, 11, 220, 0, 11, 39, 7664 }, // U+04BD
    { 19, 18, 264, -2, 14, 86, 7703 }, // U+04BE
    { 14, 14, 222, 0, 11, 49, 7789 }, // U+04BF
    { 8, 15, 120, 0, 15, 30, 7838 }, // U+04C0
    { 21, 19, 321, 0, 19, 100, 7868 }, // U+04C1
    { 17, 15, 262, 0, 15, 64, 7968 }, // U+04C2
    { 15, 19, 226, 0, 14, 72, 8032 }, // U+04C3
    { 12, 16, 190, 0, 11, 48, 8104 }, // U+04C4
    { 15, 17, 248, 0, 14, 64, 8152 }, // U+04C5
    { 13, 13, 213, 0, 10, 43, 8216 }, // U+04C6
    { 16, 19, 256, 0, 14, 76, 8259 }, // U+04C7
    { 13, 15, 213, 0, 10, 49, 8335 }, // U+04C8
    { 16, 18, 256, 0, 14, 72, 8384 }, // U+04C9
    { 13, 13, 213, 0, 10, 43, 8456 }, // U+04CA
    { 14, 18, 232, 0, 14, 63, 8499 }, // U+04CB
    { 12, 13, 196, 0, 10, 39, 8562 }, // U+04CC
    { 19, 18, 301, 0, 14, 86, 8601 }, // U+04CD
    { 16, 13, 252, 0, 10, 52, 8687 }, // U+04CE
    { 7, 15, 111, 0, 15, 27, 8739 }, // U+04CF
    { 15, 19, 229, 0, 19, 72, 8766 }, // U+04D0
    { 12, 15, 184, 0, 15, 45, 8838 }, // U+04D1
    { 15, 21, 229, 0, 21, 79, 8883 }, // U+04D2
    { 12, 16, 184, 0, 16, 48, 8962 }, // U+04D3
    { 20, 15, 323, 0, 15, 75, 9010 }, // U+04D4
    { 16, 11, 257, 0, 11, 44, 9085 }, // U+04D5
    { 12, 19, 199, 0, 19, 57, 9129 }, // U+04D6
    { 11, 15, 176, 0, 15, 42, 9186 }, // U+04D7
    { 14, 14, 226, 0, 14, 49, 9228 }, // U+04D8
    { 11, 11, 176, 0, 11, 31, 9277 }, // U+04D9
    { 14, 21, 226, 0, 21, 74, 9308 }, // U+04DA
    { 11, 16, 176, 0, 16, 44, 9382 }, // U+04DB
    { 21, 21, 321, 0, 21, 111, 9426 }, // U+04DC
    { 17, 16, 262, 0, 16, 68, 9537 }, // U+04DD
    { 12, 21, 188, 0, 21, 63, 9605 }, // U+04DE
    { 10, 16, 160, 0, 16, 40, 9668 }, // U+04DF
    { 13, 14, 210, 0, 14, 46, 9708 }, // U+04E0
    { 12, 16, 187, 0, 11, 48, 9754 }, // U+04E1
    { 16, 20, 250, 0, 20, 80, 9802 }, // U+04E2
    { 13, 16, 215, 0, 16, 52, 9882 }, // U+04E3
    { 16, 21, 250, 0, 21, 84, 9934 }, // U+04E4
    { 13, 16, 215, 0, 16, 52, 10018 }, // U+04E5
    { 16, 21, 252, 0, 21, 84, 10070 }, // U+04E6
    { 12, 16, 195, 0, 16, 48, 10154 }, // U+04E7
    { 16, 15, 252, 0, 15, 60, 10202 }, // U+04E8
    { 12, 11, 195, 0, 11, 33, 10262 }, // U+04E9
    { 16, 21, 252, 0, 21, 84, 10295 }, // U+04EA
    { 12, 16, 195, 0, 16, 48, 10379 }, // U+04EB
    { 13, 21, 215, 0, 21, 69, 10427 }, // U+04EC
    { 10, 16, 166, 0, 16, 40, 10496 }, // U+04ED
    { 16, 20, 243, 0, 20, 80, 10536 }, // U+04EE
    { 12, 22, 189, 0, 16, 66, 10616 }, // U+04EF
    { 16, 21, 243, 0, 21, 84, 10682 }, // U+04F0
    { 12, 22, 189, 0, 16, 66, 10766 }, // U+04F1
    { 16, 21, 243, 0, 21, 84, 10832 }, // U+04F2
    { 13, 22, 189, 0, 16, 72, 10916 }, // U+04F3
    { 14, 21, 232, 0, 21, 74, 10988 }, // U+04F4
    { 12, 16, 196, 0, 16, 48, 11062 }, // U+04F5
    { 12, 18, 189, 0, 14, 54, 11110 }, // U+04F6
    { 10, 13, 160, 0, 10, 33, 11164 }, // U+04F7
    { 19, 21, 305, 0, 21, 100, 11197 }, // U+04F8
    { 16, 16, 261, 0, 16, 64, 11297 }, // U+04F9
    { 12, 19, 189, 0, 14, 57, 11361 }, // U+04FA
    { 10, 15, 160, 0, 10, 38, 11418 }, // U+04FB
    { 14, 19, 224, 0, 14, 67, 11456 }, // U+04FC
    { 12, 15, 182, 0, 10, 45, 11523 }, // U+04FD
    { 14, 14, 224, 0, 14, 49, 11568 }, // U+04FE
    { 12, 10, 182, 0, 10, 30, 11617 }, // U+04FF
    { 15, 20, 229, 0, 15, 75, 0 }, // U+1EA0
    { 12, 16, 184, 0, 11, 48, 75 }, // U+1EA1
    { 15, 22, 229, 0, 22, 83, 123 }, // U+1EA2
    { 12, 18, 184, 0, 18, 54, 206 }, // U+1EA3
    { 15, 25, 229, 0, 25, 94, 260 }, // U+1EA4
    { 12, 21, 184, 0, 21, 63, 354 }, // U+1EA5
    { 15, 25, 229, 0, 25, 94, 417 }, // U+1EA6
    { 12, 21, 184, 0, 21, 63, 511 }, // U+1EA7
    { 15, 26, 229, 0, 26, 98, 574 }, // U+1EA8
    { 12, 22, 184, 0, 22, 66, 672 }, // U+1EA9
    { 15, 24, 229, 0, 24, 90, 738 }, // U+1EAA
    { 12, 20, 184, 0, 20, 60, 828 }, // U+1EAB
    { 15, 26, 229, 0, 21, 98, 888 }, // U+1EAC
    { 12, 21, 184, 0, 16, 63, 986 }, // U+1EAD
    { 15, 25, 229, 0, 25, 94, 1049 }, // U+1EAE
    { 12, 21, 184, 0, 21, 63, 1143 }, // U+1EAF
    { 15, 25, 229, 0, 25, 94, 1206 }, // U+1EB0
    { 12, 21, 184, 0, 21, 63, 1300 }, // U+1EB1
    { 15, 26, 229, 0, 26, 98, 1363 }, // U+1EB2
    { 12, 22, 184, 0, 22, 66, 1461 }, // U+1EB3
    { 15, 24, 229, 0, 24, 90, 1527 }, // U+1EB4
    { 12, 20, 184, 0, 20, 60, 1617 }, // U+1EB5
    { 15, 26, 229, 0, 21, 98, 1677 }, // U+1EB6
    { 12, 22, 184, 0, 17, 66, 1775 }, // U+1EB7
    { 12, 20, 199, 0, 15, 60, 1841 }, // U+1EB8
    { 11, 16, 176, 0, 11, 44, 1901 }, // U+1EB9
    { 12, 22, 199, 0, 22, 66, 1945 }, // U+1EBA
    { 11, 18, 176, 0, 18, 50, 2011 }, // U+1EBB
    { 12, 20, 199, 0, 20, 60, 2061 }, // U+1EBC
    { 11, 16, 176, 0, 16, 44, 2121 }, // U+1EBD
    { 12, 25, 199, 0, 25, 75, 2165 }, // U+1EBE
    { 11, 21, 176, 0, 21, 58, 2240 }, // U+1EBF
    { 12, 25, 199, 0, 25, 75, 2298 }, // U+1EC0
    { 11, 21, 176, 0, 21, 58, 2373 }, // U+1EC1
    { 12, 26, 199, 0, 26, 78, 2431 }, // U+1EC2
    { 11, 22, 176, 0, 22, 61, 2509 }, // U+1EC3
    { 12, 24, 199, 0, 24, 72, 2570 }, // U+1EC4
    { 11, 20, 176, 0, 20, 55, 2642 }, // U+1EC5
    { 12, 26, 199, 0, 21, 78, 2697 }, // U+1EC6
    { 11, 21, 176, 0, 16, 58, 2775 }, // U+1EC7
    { 8, 22, 120, 0, 22, 44, 2833 }, // U+1EC8
    { 7, 18, 111, 0, 18, 32, 2877 }, // U+1EC9
    { 8, 20, 120, 0, 15, 40, 2909 }, // U+1ECA
    { 7, 21, 111, 0, 16, 37, 2949 }, // U+1ECB
    { 16, 20, 252, 0, 15, 80, 2986 }, // U+1ECC
    { 12, 16, 195, 0, 11, 48, 3066 }, // U+1ECD
    { 16, 22, 252, 0, 22, 88, 3114 }, // U+1ECE
    { 12, 18, 195, 0, 18, 54, 3202 }, // U+1ECF
    { 16, 25, 252, 0, 25, 100, 3256 }, // U+1ED0
    { 12, 21, 195, 0, 21, 63, 3356 }, // U+1ED1
    { 16, 25, 252, 0, 25, 100, 3419 }, // U+1ED2
    { 12, 21, 195, 0, 21, 63, 3519 }, // U+1ED3
    { 16, 26, 252, 0, 26, 104, 3582 }, // U+1ED4
    { 12, 22, 195, 0, 22, 66, 3686 }, // U+1ED5
    { 16, 24, 252, 0, 24, 96, 3752 }, // U+1ED6
    { 12, 20, 195, 0, 20, 60, 3848 }, // U+1ED7
    { 16, 26, 252, 0, 21, 104, 3908 }, // U+1ED8
    { 12, 21, 195, 0, 16, 63, 4012 }, // U+1ED9
    { 18, 21, 275, 0, 21, 95, 4075 }, // U+1EDA
    { 14, 16, 225, 0, 16, 56, 4170 }, // U+1EDB
    { 18, 21, 275, 0, 21, 95, 4226 }, // U+1EDC
    { 14, 16, 225, 0, 16, 56, 4321 }, // U+1EDD
    { 18, 22, 275, 0, 22, 99, 4377 }, // U+1EDE
    { 14, 18, 225, 0, 18, 63, 4476 }, // U+1EDF
    { 18, 20, 275, 0, 20, 90, 4539 }, // U+1EE0
    { 14, 16, 225, 0, 16, 56, 4629 }, // U+1EE1
    { 18, 24, 275, 0, 19, 108, 4685 }, // U+1EE2
    { 14, 19, 225, 0, 14, 67, 4793 }, // U+1EE3
    { 15, 20, 243, 0, 15, 75, 4860 }, // U+1EE4
    { 13, 16, 207, 0, 11, 52, 4935 }, // U+1EE5
    { 15, 22, 243, 0, 22, 83, 4987 }, // U+1EE6
    { 13, 18, 207, 0, 18, 59, 5070 }, // U+1EE7
    { 18, 21, 281, 0, 21, 95, 5129 }, // U+1EE8
    { 15, 16, 231, 0, 16, 60, 5224 }, // U+1EE9
    { 18, 21, 281, 0, 21, 95, 5284 }, // U+1EEA
    { 15, 16, 231, 0, 16, 60, 5379 }, // U+1EEB
    { 18, 22, 281, 0, 22, 99, 5439 }, // U+1EEC
    { 15, 18, 231, 0, 18, 68, 5538 }, // U+1EED
    { 18, 20, 281, 0, 20, 90, 5606 }, // U+1EEE
    { 15, 16, 231, 0, 16, 60, 5696 }, // U+1EEF
    { 18, 25, 281, 0, 20, 113, 5756 }, // U+1EF0
    { 15, 20, 231, 0, 15, 75, 5869 }, // U+1EF1
    { 14, 21, 221, 0, 21, 74, 5944 }, // U+1EF2
    { 12, 21, 189, 0, 16, 63, 6018 }, // U+1EF3
    { 14, 20, 221, 0, 15, 70, 6081 }, // U+1EF4
    { 12, 16, 189, 0, 11, 48, 6151 }, // U+1EF5
    { 14, 22, 221, 0, 22, 77, 6199 }, // U+1EF6
    { 12, 23, 189, 0, 18, 69, 6276 }, // U+1EF7
    { 14, 20, 221, 0, 20, 70, 6345 }, // U+1EF8
    { 12, 21, 189, 0, 16, 63, 6415 }, // U+1EF9
    { 0, 0, 167, 0, 0, 0, 0 }, // U+2000
    { 0, 0, 333, 0, 0, 0, 0 }, // U+2001
    { 0, 0, 167, 0, 0, 0, 0 }, // U+2002
    { 0, 0, 333, 0, 0, 0, 0 }, // U+2003
    { 0, 0, 107, 0, 0, 0, 0 }, // U+2004
    { 0, 0, 80, 0, 0, 0, 0 }, // U+2005
    { 0, 0, 53, 0, 0, 0, 0 }, // U+2006
    { 0, 0, 196, 0, 0, 0, 0 }, // U+2007
    { 0, 0, 106, 0, 0, 0, 0 }, // U+2008
    { 0, 0, 67, 0, 0, 0, 0 }, // U+2009
    { 0, 0, 7, 0, 0, 0, 0 }, // U+200A
    { 0, 0, 0, 0, 0, 0, 0 }, // U+200B
    { 0, 0, 0, 0, 0, 0, 0 }, // U+200C
    { 0, 0, 0, 0, 0, 0, 0 }, // U+200D
    { 0, 0, 0, 0, 0, 0, 0 }, // U+200E
    { 0, 0, 0, 0, 0, 0, 0 }, // U+200F
    { 7, 3, 109, 0, 7, 6, 0 }, // U+2010
    { 7, 3, 109, 0, 7, 6, 6 }, // U+2011
    { 12, 3, 196, 0, 7, 9, 12 }, // U+2012
    { 11, 3, 167, 0, 7, 9, 21 }, // U+2013
    { 21, 3, 333, 0, 7, 16, 30 }, // U+2014
    { 22, 3, 324, -1, 7, 17, 46 }, // U+2015
    { 7, 24, 172, 2, 18, 42, 63 }, // U+2016
    { 15, 6, 227, 0, -1, 23, 105 }, // U+2017
    { 5, 7, 92, 0, 15, 9, 128 }, // U+2018
    { 4, 7, 92, 1, 15, 7, 137 }, // U+2019
    { 4, 8, 92, 1, 3, 8, 144 }, // U+201A
    { 5, 7, 92, 0, 15, 9, 152 }, // U+201B
    { 10, 7, 168, 0, 15, 18, 161 }, // U+201C
    { 9, 7, 167, 1, 15, 16, 179 }, // U+201D
    { 9, 8, 167, 1, 3, 18, 195 }, // U+201E
    { 10, 7, 167, 0, 15, 18, 213 }, // U+201F
    { 11, 19, 167, 0, 17, 53, 231 }, // U+2020
    { 11, 20, 167, 0, 17, 55, 284 }, // U+2021
    { 6, 5, 100, 0, 10, 8, 339 }, // U+2022
    { 10, 9, 160, 0, 10, 23, 347 }, // U+2023
    { 4, 4, 106, 1, 4, 4, 370 }, // U+2024
    { 11, 4, 217, 1, 4, 11, 374 }, // U+2025
    { 19, 4, 333, 1, 4, 19, 385 }, // U+2026
    { 4, 3, 63, 0, 9, 3, 404 }, // U+2027
    { 0, 0, 0, 0, 0, 0, 407 }, // U+2028
    { 0, 0, 0, 0, 0, 0, 407 }, // U+2029
    { 0, 0, 0, 0, 0, 0, 407 }, // U+202A
    { 0, 0, 0, 0, 0, 0, 407 }, // U+202B
    { 0, 0, 0, 0, 0, 0, 407 }, // U+202C
    { 0, 0, 0, 0, 0, 0, 407 }, // U+202D
    { 0, 0, 0, 0, 0, 0, 407 }, // U+202E
    { 0, 0, 67, 0, 0, 0, 407 }, // U+202F
    { 26, 15, 419, 0, 15, 98, 407 }, // U+2030
    { 34, 15, 549, 0, 15, 128, 505 }, // U+2031
    { 6, 6, 95, 0, 15, 9, 633 }, // U+2032
    { 11, 6, 163, 0, 15, 17, 642 }, // U+2033
    { 15, 6, 231, 0, 15, 23, 659 }, // U+2034
    { 6, 6, 95, 0, 15, 9, 682 }, // U+2035
    { 11, 6, 163, 0, 15, 17, 691 }, // U+2036
    { 15, 6, 231, 0, 15, 23, 708 }, // U+2037
    { 6, 3, 86, 0, 0, 5, 731 }, // U+2038
    { 6, 11, 84, 0, 11, 17, 736 }, // U+2039
    { 6, 11, 84, 0, 11, 17, 753 }, // U+203A
    { 12, 12, 254, 2, 12, 36, 770 }, // U+203B
    { 10, 15, 197, 1, 15, 38, 806 }, // U+203C
    { 10, 15, 174, 0, 15, 38, 844 }, // U+203D
    { 14, 3, 189, -1, 19, 11, 882 }, // U+203E
    { 7, 4, 104, 0, -1, 7, 893 }, // U+203F
    { 7, 4, 104, 0, 16, 7, 900 }, // U+2040
    { 8, 16, 136, 0, 11, 32, 907 }, // U+2041
    { 19, 17, 338, 1, 16, 81, 939 }, // U+2042
    { 11, 16, 172, 0, 16, 44, 1020 }, // U+2044
    { 10, 16, 189, 1, 11, 40, 1064 }, // U+204A
    { 13, 4, 333, 4, 8, 13, 1104 }, // U+2053
    { 19, 6, 300, 0, 15, 29, 1117 }, // U+2057
    { 0, 0, 0, 0, 0, 0, 1146 }, // U+2060
    { 0, 0, 0, 0, 0, 0, 1146 }, // U+2061
    { 0, 0, 0, 0, 0, 0, 1146 }, // U+2062
    { 0, 0, 0, 0, 0, 0, 1146 }, // U+2063
    { 0, 0, 0, 0, 0, 0, 1146 }, // U+2064
    { 0, 0, 0, 0, 0, 0, 1146 }, // U+2066
    { 0, 0, 0, 0, 0, 0, 1146 }, // U+2067
    { 0, 0, 0, 0, 0, 0, 1146 }, // U+2068
    { 0, 0, 0, 0, 0, 0, 1146 }, // U+2069
    { 0, 0, 0, 0, 0, 0, 1146 }, // U+206A
    { 0, 0, 0, 0, 0, 0, 1146 }, // U+206B
    { 0, 0, 0, 0, 0, 0, 1146 }, // U+206C
    { 0, 0, 0, 0, 0, 0, 1146 }, // U+206D
    { 0, 0, 0, 0, 0, 0, 1146 }, // U+206E
    { 0, 0, 0, 0, 0, 0, 1146 }, // U+206F
    { 8, 9, 126, 0, 17, 18, 0 }, // U+2070
    { 5, 10, 73, 0, 18, 13, 18 }, // U+2071
    { 8, 10, 127, 0, 18, 20, 31 }, // U+2074
    { 8, 9, 127, 0, 17, 18, 51 }, // U+2075
    { 8, 9, 127, 0, 17, 18, 69 }, // U+2076
    { 8, 10, 127, 0, 17, 20, 87 }, // U+2077
    { 8, 9, 127, 0, 17, 18, 107 }, // U+2078
    { 8, 9, 127, 0, 17, 18, 125 }, // U+2079
    { 6, 5, 95, 0, 15, 8, 143 }, // U+207A
    { 5, 2, 76, 0, 13, 3, 151 }, // U+207B
    { 6, 3, 95, 0, 14, 5, 154 }, // U+207C
    { 5, 11, 85, 0, 18, 14, 159 }, // U+207D
    { 5, 11, 85, 0, 18, 14, 173 }, // U+207E
    { 9, 6, 132, 0, 15, 14, 187 }, // U+207F
    { 8, 9, 127, 0, 4, 18, 201 }, // U+2080
    { 6, 10, 127, 1, 5, 15, 219 }, // U+2081
    { 8, 10, 127, 0, 5, 20, 234 }, // U+2082
    { 8, 9, 127, 0, 5, 18, 254 }, // U+2083
    { 8, 10, 127, 0, 5, 20, 272 }, // U+2084
    { 8, 9, 127, 0, 4, 18, 292 }, // U+2085
    { 8, 9, 127, 0, 4, 18, 310 }, // U+2086
    { 8, 9, 127, 0, 4, 18, 328 }, // U+2087
    { 8, 9, 127, 0, 4, 18, 346 }, // U+2088
    { 8, 9, 127, 0, 4, 18, 364 }, // U+2089
    { 6, 6, 95, 0, 3, 9, 382 }, // U+208A
    { 5, 2, 76, 0, 1, 3, 391 }, // U+208B
    { 6, 4, 95, 0, 2, 6, 394 }, // U+208C
    { 5, 11, 85, 0, 5, 14, 400 }, // U+208D
    { 5, 11, 85, 0, 5, 14, 414 }, // U+208E
    { 8, 7, 120, 0, 2, 14, 428 }, // U+2090
    { 7, 7, 115, 0, 2, 13, 442 }, // U+2091
    { 8, 7, 127, 0, 2, 14, 455 }, // U+2092
    { 8, 6, 118, 0, 1, 12, 469 }, // U+2093
    { 7, 7, 115, 0, 2, 13, 481 }, // U+2094
    { 9, 9, 137, 0, 4, 21, 494 }, // U+2095
    { 8, 10, 127, 0, 5, 20, 515 }, // U+2096
    { 5, 10, 75, 0, 5, 13, 535 }, // U+2097
    { 12, 6, 198, 0, 1, 18, 548 }, // U+2098
    { 8, 6, 138, 0, 1, 12, 566 }, // U+2099
    { 8, 9, 132, 0, 1, 18, 578 }, // U+209A
    { 6, 7, 100, 0, 2, 11, 596 }, // U+209B
    { 6, 9, 80, 0, 4, 14, 607 }, // U+209C
    { 12, 15, 196, 0, 15, 45, 0 }, // U+20A0
    { 11, 18, 196, 1, 16, 50, 45 }, // U+20A1
    { 11, 15, 196, 1, 15, 42, 95 }, // U+20A2
    { 12, 15, 196, 0, 15, 45, 137 }, // U+20A3
    { 12, 15, 196, 0, 15, 45, 182 }, // U+20A4
    { 13, 15, 196, 0, 13, 49, 227 }, // U+20A5
    { 12, 15, 196, 0, 15, 45, 276 }, // U+20A6
    { 24, 15, 377, 0, 15, 90, 321 }, // U+20A7
    { 22, 15, 345, 0, 15, 83, 411 }, // U+20A8
    { 13, 15, 196, 0, 15, 49, 494 }, // U+20A9
    { 10, 11, 167, 0, 11, 28, 543 }, // U+20AA
    { 13, 19, 203, 0, 16, 62, 571 }, // U+20AB
    { 13, 15, 196, -1, 15, 49, 633 }, // U+20AC
    { 12, 15, 196, 0, 15, 45, 682 }, // U+20AD
    { 12, 15, 196, 0, 15, 45, 727 }, // U+20AE
    { 16, 15, 253, 0, 12, 60, 772 }, // U+20AF
    { 8, 16, 148, 0, 15, 32, 832 }, // U+20B0
    { 13, 15, 196, 0, 15, 49, 864 }, // U+20B1
    { 12, 18, 196, 0, 16, 54, 913 }, // U+20B2
    { 12, 15, 196, 0, 15, 45, 967 }, // U+20B3
    { 11, 15, 196, 1, 15, 42, 1012 }, // U+20B4
    { 11, 18, 196, 1, 16, 50, 1054 }, // U+20B5
    { 12, 16, 196, 0, 16, 48, 1104 }, // U+20B6
    { 12, 15, 196, 0, 15, 45, 1152 }, // U+20B7
    { 12, 15, 196, 0, 15, 45, 1197 }, // U+20B8
    { 11, 15, 196, 1, 14, 42, 1242 }, // U+20B9
    { 12, 15, 196, 0, 15, 45, 1284 }, // U+20BA
    { 17, 16, 253, -1, 16, 68, 1329 }, // U+20BB
    { 19, 17, 297, 0, 17, 81, 1397 }, // U+20BC
    { 12, 15, 196, 0, 15, 45, 1478 }, // U+20BD
    { 12, 17, 196, 0, 17, 51, 1523 }, // U+20BE
    { 12, 21, 196, 0, 18, 63, 1574 }, // U+20BF
    { 11, 15, 196, 1, 15, 42, 1637 }, // U+20C0
    { 8, 15, 132, 0, 14, 30, 0 }, // U+2113
    { 19, 7, 333, 1, 10, 34, 0 }, // U+2190
    { 8, 19, 167, 1, 15, 38, 34 }, // U+2191
    { 19, 7, 333, 1, 10, 34, 72 }, // U+2192
    { 8, 19, 167, 1, 15, 38, 106 }, // U+2193
    { 19, 7, 333, 1, 10, 34, 144 }, // U+2194
    { 8, 19, 167, 1, 15, 38, 178 }, // U+2195
    { 15, 15, 333, 3, 14, 57, 216 }, // U+2196
    { 15, 15, 333, 3, 14, 57, 273 }, // U+2197
    { 15, 15, 333, 3, 14, 57, 330 }, // U+2198
    { 15, 15, 333, 3, 14, 57, 387 }, // U+2199
    { 18, 9, 321, 1, 11, 41, 444 }, // U+219A
    { 18, 9, 321, 1, 11, 41, 485 }, // U+219B
    { 11, 21, 167, 0, 15, 58, 526 }, // U+21A8
    { 19, 9, 333, 1, 11, 43, 584 }, // U+21AE
    { 16, 12, 270, 0, 13, 48, 627 }, // U+21B6
    { 16, 12, 270, 1, 13, 48, 675 }, // U+21B7
    { 16, 12, 270, 1, 12, 48, 723 }, // U+21BA
    { 16, 12, 270, 0, 12, 48, 771 }, // U+21BB
    { 21, 11, 329, 0, 12, 58, 819 }, // U+21D0
    { 10, 20, 167, 0, 16, 50, 877 }, // U+21D1
    { 21, 11, 329, 0, 12, 58, 927 }, // U+21D2
    { 10, 20, 167, 0, 16, 50, 985 }, // U+21D3
    { 21, 11, 333, 0, 12, 58, 1035 }, // U+21D4
    { 10, 20, 167, 0, 16, 50, 1093 }, // U+21D5
    { 11, 15, 172, 0, 14, 42, 0 }, // U+2202
    { 10, 15, 187, 1, 14, 38, 42 }, // U+2203
    { 10, 20, 187, 1, 17, 50, 80 }, // U+2204
    { 17, 18, 333, 2, 17, 77, 130 }, // U+2205
    { 14, 15, 213, 0, 15, 53, 207 }, // U+2206
    { 16, 14, 248, 0, 14, 56, 260 }, // U+220F
    { 12, 15, 194, 0, 15, 45, 316 }, // U+2211
    { 13, 2, 333, 4, 7, 7, 361 }, // U+2212
    { 13, 12, 321, 4, 12, 39, 368 }, // U+2213
    { 11, 17, 167, 0, 15, 47, 407 }, // U+2215
    { 4, 3, 63, 0, 9, 3, 454 }, // U+2219
    { 13, 15, 192, 0, 15, 49, 457 }, // U+221A
    { 15, 6, 333, 3, 9, 23, 506 }, // U+221E
    { 11, 12, 168, 0, 11, 33, 529 }, // U+2221
    { 7, 22, 172, 2, 17, 39, 562 }, // U+2225
    { 13, 22, 172, -1, 17, 72, 601 }, // U+2226
    { 10, 9, 194, 1, 11, 23, 673 }, // U+2227
    { 10, 9, 194, 1, 11, 23, 696 }, // U+2228
    { 10, 21, 157, 0, 16, 53, 719 }, // U+222B
    { 11, 9, 333, 5, 10, 25, 772 }, // U+2234
    { 11, 9, 333, 5, 10, 25, 797 }, // U+2235
    { 13, 4, 333, 4, 8, 13, 822 }, // U+223C
    { 13, 8, 333, 4, 10, 26, 835 }, // U+2248
    { 13, 12, 333, 4, 15, 39, 861 }, // U+225F
    { 13, 11, 333, 4, 12, 36, 900 }, // U+2260
    { 13, 8, 333, 4, 10, 26, 936 }, // U+2261
    { 13, 13, 333, 4, 13, 43, 962 }, // U+2262
    { 13, 13, 333, 4, 12, 43, 1005 }, // U+2264
    { 13, 13, 333, 4, 12, 43, 1048 }, // U+2265
    { 13, 15, 333, 4, 14, 49, 1091 }, // U+226E
    { 13, 15, 333, 4, 14, 49, 1140 }, // U+226F
    { 13, 13, 333, 4, 12, 43, 1189 }, // U+2282
    { 13, 13, 333, 4, 12, 43, 1232 }, // U+2283
    { 13, 16, 333, 4, 14, 52, 1275 }, // U+2284
    { 13, 16, 333, 4, 14, 52, 1327 }, // U+2285
    { 13, 15, 333, 4, 14, 49, 1379 }, // U+2286
    { 13, 15, 333, 4, 14, 49, 1428 }, // U+2287
    { 10, 13, 194, 1, 12, 33, 1477 }, // U+22BB
    { 10, 12, 194, 1, 13, 30, 1510 }, // U+22BC
    { 10, 12, 194, 1, 13, 30, 1540 }, // U+22BD
    { 5, 14, 103, 1, 14, 18, 0 }, // U+2669
    { 8, 14, 150, 1, 14, 28, 18 }, // U+266A
    { 12, 15, 214, 1, 14, 45, 46 }, // U+266B
    { 12, 15, 214, 1, 14, 45, 91 }, // U+266C
    { 7, 17, 130, 1, 15, 30, 136 }, // U+266D
    { 7, 14, 119, 0, 9, 25, 166 }, // U+266E
    { 7, 18, 142, 1, 15, 32, 191 }, // U+266F
    { 17, 16, 231, 0, 16, 68, 0 }, // U+FB00
    { 14, 16, 227, 0, 16, 56, 68 }, // U+FB01
    { 14, 16, 227, 0, 16, 56, 124 }, // U+FB02
    { 21, 16, 342, 0, 16, 84, 180 }, // U+FB03
    { 21, 16, 342, 0, 16, 84, 264 }, // U+FB04
    { 21, 21, 321, 0, 18, 111, 0 }, // U+FFFD
};

static const EpdUnicodeInterval charein_10_boldIntervals[] = {
    { 0x0, 0x148, 0x0 },
    { 0x14A, 0x17F, 0x149 },
    { 0x1A0, 0x1A1, 0x17F },
    { 0x1AF, 0x1B0, 0x181 },
    { 0x1C4, 0x21F, 0x183 },
    { 0x300, 0x33F, 0x1DF },
    { 0x346, 0x36F, 0x21F },
    { 0x3BB, 0x3BB, 0x249 },
    { 0x400, 0x45F, 0x24A },
    { 0x462, 0x463, 0x2AA },
    { 0x472, 0x475, 0x2AC },
    { 0x48A, 0x4FF, 0x2B0 },
    { 0x1EA0, 0x1EF9, 0x326 },
    { 0x2000, 0x2042, 0x380 },
    { 0x2044, 0x2044, 0x3C3 },
    { 0x204A, 0x204A, 0x3C4 },
    { 0x2053, 0x2053, 0x3C5 },
    { 0x2057, 0x2057, 0x3C6 },
    { 0x2060, 0x2064, 0x3C7 },
    { 0x2066, 0x2071, 0x3CC },
    { 0x2074, 0x208E, 0x3D8 },
    { 0x2090, 0x209C, 0x3F3 },
    { 0x20A0, 0x20C0, 0x400 },
    { 0x2113, 0x2113, 0x421 },
    { 0x2190, 0x219B, 0x422 },
    { 0x21A8, 0x21A8, 0x42E },
    { 0x21AE, 0x21AE, 0x42F },
    { 0x21B6, 0x21B7, 0x430 },
    { 0x21BA, 0x21BB, 0x432 },
    { 0x21D0, 0x21D5, 0x434 },
    { 0x2202, 0x2206, 0x43A },
    { 0x220F, 0x220F, 0x43F },
    { 0x2211, 0x2213, 0x440 },
    { 0x2215, 0x2215, 0x443 },
    { 0x2219, 0x221A, 0x444 },
    { 0x221E, 0x221E, 0x446 },
    { 0x2221, 0x2221, 0x447 },
    { 0x2225, 0x2228, 0x448 },
    { 0x222B, 0x222B, 0x44C },
    { 0x2234, 0x2235, 0x44D },
    { 0x223C, 0x223C, 0x44F },
    { 0x2248, 0x2248, 0x450 },
    { 0x225F, 0x2262, 0x451 },
    { 0x2264, 0x2265, 0x455 },
    { 0x226E, 0x226F, 0x457 },
    { 0x2282, 0x2287, 0x459 },
    { 0x22BB, 0x22BD, 0x45F },
    { 0x2669, 0x266F, 0x462 },
    { 0xFB00, 0xFB04, 0x469 },
    { 0xFFFD, 0xFFFD, 0x46E },
};

static const EpdFontGroup charein_10_boldGroups[] = {
    { 0, 2226, 4233, 128, 0 },
    { 2226, 1958, 5146, 128, 128 },
    { 4184, 2428, 8075, 127, 256 },
    { 6612, 2508, 7272, 96, 383 },
    { 9120, 836, 1358, 106, 479 },
    { 9956, 60, 60, 1, 585 },
    { 10016, 4487, 12704, 220, 586 },
    { 14503, 1269, 6839, 90, 806 },
    { 15772, 744, 1272, 86, 896 },
    { 16516, 405, 701, 42, 982 },
    { 16921, 1181, 1785, 33, 1024 },
    { 18102, 32, 30, 1, 1057 },
    { 18134, 545, 1227, 24, 1058 },
    { 18679, 844, 1845, 40, 1082 },
    { 19523, 143, 244, 7, 1122 },
    { 19666, 171, 400, 5, 1129 },
    { 19837, 85, 126, 1, 1134 },
};

static const uint16_t charein_10_boldKernLeftCodepoints[] = {
    0x0022, 0x0027, 0x0028, 0x002C, 0x002E, 0x0041, 0x0044, 0x0046, 0x004B, 0x004C, 0x004F, 0x0050,
    0x0051, 0x0052, 0x0054, 0x0055, 0x0056, 0x0057, 0x0058, 0x0059, 0x005B, 0x0061, 0x0062, 0x0063,
    0x0065, 0x0066, 0x0067, 0x0068, 0x006B, 0x006D, 0x006E, 0x006F, 0x0070, 0x0071, 0x0072, 0x0073,
    0x0074, 0x0075, 0x0076, 0x0077, 0x0078, 0x0079, 0x007A, 0x007B, 0x00C0, 0x00C1, 0x00C2, 0x00C3,
    0x00C4, 0x00C5, 0x00D0, 0x00D2, 0x00D3, 0x00D4, 0x00D5, 0x00D6, 0x00D9, 0x00DA, 0x00DB, 0x00DC,
    0x00DD, 0x00DE, 0x00E0, 0x00E1, 0x00E2, 0x00E3, 0x00E4, 0x00E5, 0x00E6, 0x00E7, 0x00E8, 0x00E9,
    0x00EA, 0x00EB, 0x00EE, 0x00EF, 0x00F1, 0x00F2, 0x00F3, 0x00F4, 0x00F5, 0x00F6, 0x00F8, 0x00F9,
    0x00FA, 0x00FB, 0x00FC, 0x00FD, 0x00FE, 0x00FF, 0x0100, 0x0101, 0x0102, 0x0103, 0x0104, 0x0105,
    0x0107, 0x0109, 0x010B, 0x010D, 0x010E, 0x010F, 0x0110, 0x0113, 0x0115, 0x0117, 0x0119, 0x011B,
    0x011D, 0x011F, 0x0121, 0x0123, 0x0125, 0x0127, 0x0129, 0x012B, 0x012D, 0x0136, 0x0137, 0x0138,
    0x0139, 0x013B, 0x013D, 0x013E, 0x0141, 0x0144, 0x0146, 0x0148, 0x014B, 0x014C, 0x014D, 0x014E,
    0x014F, 0x0150, 0x0151, 0x0153, 0x0154, 0x0155, 0x0156, 0x0157, 0x0158, 0x0159, 0x015B, 0x015D,
    0x015F, 0x0161, 0x0162, 0x0163, 0x0164, 0x0166, 0x0167, 0x0168, 0x0169, 0x016A, 0x016B, 0x016C,
    0x016D, 0x016E, 0x016F, 0x0170, 0x0171, 0x0172, 0x0173, 0x0174, 0x0175, 0x0176, 0x0177, 0x0178,
    0x017A, 0x017C, 0x017E, 0x017F, 0x01A0, 0x01A1, 0x01AF, 0x01B0, 0x01C5, 0x01C6, 0x01C9, 0x01CD,
    0x01CE, 0x01D0, 0x01D1, 0x01D2, 0x01D3, 0x01D4, 0x01D5, 0x01D6, 0x01D7, 0x01D8, 0x01D9, 0x01DA,
    0x01DB, 0x01DC, 0x01DD, 0x01DE, 0x01DF, 0x01E0, 0x01E1, 0x01E3, 0x01E5, 0x01E7, 0x01E8, 0x01E9,
    0x01EA, 0x01EB, 0x01EC, 0x01ED, 0x01EF, 0x01F2, 0x01F3, 0x01F5, 0x01F6, 0x01F7, 0x01F9, 0x01FA,
    0x01FB, 0x01FD, 0x0200, 0x0201, 0x0202, 0x0203, 0x0205, 0x0207, 0x020B, 0x020C, 0x020D, 0x020E,
    0x020F, 0x0210, 0x0211, 0x0212, 0x0213, 0x0214, 0x0215, 0x0216, 0x0217, 0x0219, 0x021A, 0x021B,
    0x021D, 0x021F, 0x0403, 0x0409, 0x040E, 0x0410, 0x0413, 0x041E, 0x0420, 0x0422, 0x0423, 0x0424,
    0x0425, 0x042A, 0x042C, 0x042D, 0x042E, 0x0430, 0x0433, 0x0434, 0x0435, 0x0436, 0x0437, 0x0438,
    0x0439, 0x043A, 0x043B, 0x043C, 0x043D, 0x043E, 0x043F, 0x0440, 0x0441, 0x0442, 0x0443, 0x0444,
    0x0445, 0x0446, 0x0447, 0x0448, 0x0449, 0x044A, 0x044C, 0x044D, 0x044E, 0x0450, 0x0451, 0x0452,
    0x0453, 0x0454, 0x0455, 0x0457, 0x0459, 0x045A, 0x045B, 0x045C, 0x045D, 0x045E, 0x045F, 0x0472,
    0x0473, 0x0475, 0x048B, 0x048C, 0x048D, 0x048E, 0x0490, 0x0491, 0x0492, 0x0493, 0x0495, 0x0497,
    0x0499, 0x049B, 0x049D, 0x049F, 0x04A1, 0x04A3, 0x04A5, 0x04A7, 0x04AB, 0x04AC, 0x04AD, 0x04AE,
    0x04AF, 0x04B0, 0x04B1, 0x04B2, 0x04B3, 0x04B5, 0x04B7, 0x04B9, 0x04BB, 0x04BC, 0x04BD, 0x04BE,
    0x04BF, 0x04C2, 0x04C4, 0x04C6, 0x04C8, 0x04CA, 0x04CC, 0x04CE, 0x04D0, 0x04D1, 0x04D2, 0x04D3,
    0x04D5, 0x04D7, 0x04D8, 0x04D9, 0x04DA, 0x04DB, 0x04DD, 0x04E1, 0x04E3, 0x04E5, 0x04E6, 0x04E7,
    0x04E8, 0x04E9, 0x04EA, 0x04EB, 0x04EC, 0x04ED, 0x04EE, 0x04EF, 0x04F0, 0x04F1, 0x04F2, 0x04F3,
    0x04F5, 0x04F6, 0x04F7, 0x04FA, 0x04FB, 0x04FC, 0x04FD, 0x04FE, 0x04FF, 0x1EA0, 0x1EA1, 0x1EA2,
    0x1EA3, 0x1EA4, 0x1EA5, 0x1EA6, 0x1EA7, 0x1EA8, 0x1EA9, 0x1EAA, 0x1EAB, 0x1EAC, 0x1EAD, 0x1EAE,
    0x1EAF, 0x1EB0, 0x1EB1, 0x1EB2, 0x1EB3, 0x1EB4, 0x1EB5, 0x1EB6, 0x1EB7, 0x1EB9, 0x1EBB, 0x1EBD,
    0x1EBF, 0x1EC1, 0x1EC3, 0x1EC5, 0x1EC7, 0x1ECC, 0x1ECD, 0x1ECE, 0x1ECF, 0x1ED0, 0x1ED1, 0x1ED2,
    0x1ED3, 0x1ED4, 0x1ED5, 0x1ED6, 0x1ED7, 0x1ED8, 0x1ED9, 0x1EE4, 0x1EE5, 0x1EE6, 0x1EE7, 0x1EF2,
    0x1EF3, 0x1EF4, 0x1EF5, 0x1EF6, 0x1EF7, 0x1EF8, 0x1EF9, 0x2018, 0x2019, 0x201A, 0x201C, 0x201D,
    0x201E, 0x2026, 0xFB00,
};

static const uint8_t charein_10_boldKernLeftClassIds[] = {
      1,   1,   2,   3,   3,   4,   5,   6,   7,   8,   5,   6,   5,   9,  10,  11,
     12,  13,   7,  12,   2,  14,  15,  16,  17,  18,  19,  14,  20,  14,  14,  15,
     15,  19,  21,  16,  16,  14,  22,  22,  20,  22,  16,   2,   4,   4,   4,   4,
      4,   4,   5,   5,   5,   5,   5,   5,  11,  11,  11,  11,  12,   5,  14,  14,
     14,  14,  14,  14,  17,  16,  17,  17,  17,  17,  23,  23,  14,  15,  15,  15,
     15,  15,  16,  14,  14,  14,  14,  22,  15,  22,   4,  14,   4,  14,   4,  14,
     16,  16,  16,  16,   5,  24,   5,  17,  17,  17,  17,  17,  19,  19,  19,  19,
     14,  14,  23,  23,  23,   7,  20,  16,   8,   8,  25,  26,   8,  14,  19,  14,
     19,   5,  15,   5,  15,   5,  15,  17,   9,  21,   9,  21,   9,  21,  16,  16,
     19,  16,  10,  19,  10,  10,  16,  11,  14,  11,  14,  11,  14,  11,  14,  11,
     14,  11,  19,  13,  22,  12,  22,  12,  16,  16,  16,  18,   5,  27,  10,  27,
     16,  16,  19,   4,  14,  23,   5,  15,  11,  14,  11,  14,  11,  14,  11,  14,
     11,  14,  15,   4,  14,   4,  14,  17,  19,  19,   7,  20,   5,  15,   5,  15,
     19,  16,  16,  19,   5,   6,  14,   4,  14,  17,   4,  14,   4,  14,  17,  17,
     23,   5,  15,   5,  15,   9,  21,   9,  21,  11,  14,  11,  14,  19,  10,  19,
     19,  14,  10,   9,  12,   4,  10,   5,   6,  10,  12,   5,   7,   9,   9,   5,
      5,  14,  16,  16,  17,  16,  14,  16,  16,  16,  16,  16,  16,  15,  16,  15,
     16,  16,  22,  15,  20,  16,  16,  16,  16,  28,  28,  15,  15,  17,  17,  14,
     16,  16,  16,  18,  28,  28,  14,  16,  16,  22,  16,   5,  15,  16,  16,   9,
     28,   6,  10,  16,  10,  16,  16,  16,  14,  16,  16,  16,  16,  16,  16,  28,
     16,  10,  16,  12,  22,  12,  22,   7,  20,  16,  16,  16,  14,   5,  17,   5,
     17,  16,  16,  16,  16,  16,  16,  16,   4,  14,   4,  14,  17,  17,   5,  15,
      5,  15,  16,  19,  16,  16,   5,  15,   5,  15,   5,  15,   5,  15,  12,  22,
     12,  22,  12,  22,  16,  10,  16,  10,  16,   7,  20,   7,  20,   4,  14,   4,
     14,   4,  14,   4,  14,   4,  14,   4,  14,   4,  14,   4,  14,   4,  14,   4,
     14,   4,  14,   4,  14,  17,  17,  17,  17,  17,  17,  17,  17,   5,  15,   5,
     15,   5,  15,   5,  15,   5,  15,   5,  15,   5,  15,  11,  19,  11,  14,  12,
     22,  12,  19,  12,  22,  12,  22,   1,   1,   3,   1,   1,   3,   3,  18,
};

static const uint16_t charein_10_boldKernRightCodepoints[] = {
    0x0022, 0x0027, 0x0029, 0x002C, 0x002E, 0x003A, 0x003B, 0x0041, 0x0043, 0x0047, 0x004F, 0x0051,
    0x0053, 0x0054, 0x0055, 0x0056, 0x0057, 0x0058, 0x0059, 0x005D, 0x0061, 0x0062, 0x0063, 0x0064,
    0x0065, 0x0066, 0x0067, 0x0068, 0x006A, 0x006B, 0x006C, 0x006D, 0x006E, 0x006F, 0x0070, 0x0071,
    0x0072, 0x0073, 0x0074, 0x0075, 0x0076, 0x0077, 0x0078, 0x0079, 0x007A, 0x007D, 0x00C0, 0x00C1,
    0x00C2, 0x00C3, 0x00C4, 0x00C5, 0x00C6, 0x00C7, 0x00D2, 0x00D3, 0x00D4, 0x00D5, 0x00D6, 0x00D9,
    0x00DA, 0x00DB, 0x00DC, 0x00DD, 0x00E0, 0x00E1, 0x00E2, 0x00E3, 0x00E4, 0x00E5, 0x00E6, 0x00E7,
    0x00E8, 0x00E9, 0x00EA, 0x00EB, 0x00EE, 0x00EF, 0x00F0, 0x00F1, 0x00F2, 0x00F3, 0x00F4, 0x00F5,
    0x00F6, 0x00F8, 0x00F9, 0x00FA, 0x00FB, 0x00FC, 0x00FD, 0x00FE, 0x00FF, 0x0100, 0x0101, 0x0102,
    0x0103, 0x0104, 0x0105, 0x0106, 0x0107, 0x0108, 0x0109, 0x010A, 0x010B, 0x010C, 0x010D, 0x010F,
    0x0111, 0x0113, 0x0115, 0x0117, 0x0119, 0x011B, 0x011C, 0x011D, 0x011E, 0x011F, 0x0120, 0x0121,
    0x0122, 0x0123, 0x0125, 0x0127, 0x0129, 0x012B, 0x012D, 0x0135, 0x0137, 0x0138, 0x013A, 0x013C,
    0x013E, 0x0140, 0x0142, 0x0144, 0x0146, 0x0148, 0x014B, 0x014C, 0x014D, 0x014E, 0x014F, 0x0150,
    0x0151, 0x0152, 0x0153, 0x0155, 0x0157, 0x0159, 0x015A, 0x015B, 0x015C, 0x015D, 0x015E, 0x015F,
    0x0160, 0x0161, 0x0162, 0x0163, 0x0164, 0x0165, 0x0166, 0x0168, 0x0169, 0x016A, 0x016B, 0x016C,
    0x016D, 0x016E, 0x016F, 0x0170, 0x0171, 0x0172, 0x0173, 0x0174, 0x0175, 0x0176, 0x0177, 0x0178,
    0x017A, 0x017C, 0x017E, 0x017F, 0x01A0, 0x01A1, 0x01AF, 0x01B0, 0x01C6, 0x01C9, 0x01CC, 0x01CD,
    0x01CE, 0x01D0, 0x01D1, 0x01D2, 0x01D3, 0x01D4, 0x01D5, 0x01D6, 0x01D7, 0x01D8, 0x01D9, 0x01DA,
    0x01DB, 0x01DC, 0x01DD, 0x01DE, 0x01DF, 0x01E0, 0x01E1, 0x01E2, 0x01E3, 0x01E4, 0x01E5, 0x01E6,
    0x01E7, 0x01E9, 0x01EA, 0x01EB, 0x01EC, 0x01ED, 0x01EF, 0x01F0, 0x01F3, 0x01F4, 0x01F5, 0x01F9,
    0x01FA, 0x01FB, 0x01FC, 0x01FD, 0x0200, 0x0201, 0x0202, 0x0203, 0x0205, 0x0207, 0x020B, 0x020C,
    0x020D, 0x020E, 0x020F, 0x0211, 0x0213, 0x0214, 0x0215, 0x0216, 0x0217, 0x0218, 0x0219, 0x021A,
    0x021B, 0x021D, 0x021F, 0x0402, 0x0404, 0x0405, 0x040B, 0x0410, 0x0414, 0x041B, 0x041E, 0x0421,
    0x0422, 0x0424, 0x0425, 0x0430, 0x0431, 0x0432, 0x0433, 0x0434, 0x0435, 0x0436, 0x0437, 0x0438,
    0x0439, 0x043A, 0x043B, 0x043C, 0x043D, 0x043E, 0x043F, 0x0440, 0x0441, 0x0442, 0x0443, 0x0444,
    0x0445, 0x0446, 0x0447, 0x0448, 0x0449, 0x044B, 0x044C, 0x044D, 0x044E, 0x044F, 0x0450, 0x0451,
    0x0452, 0x0453, 0x0454, 0x0455, 0x0457, 0x0458, 0x0459, 0x045A, 0x045B, 0x045C, 0x045D, 0x045E,
    0x045F, 0x0472, 0x0473, 0x0474, 0x0475, 0x048B, 0x048D, 0x048F, 0x0491, 0x0493, 0x0495, 0x0497,
    0x0499, 0x049B, 0x049D, 0x049F, 0x04A1, 0x04A3, 0x04A5, 0x04A7, 0x04A8, 0x04A9, 0x04AA, 0x04AB,
    0x04AC, 0x04AD, 0x04AE, 0x04AF, 0x04B0, 0x04B1, 0x04B2, 0x04B3, 0x04B4, 0x04B5, 0x04B7, 0x04B9,
    0x04BB, 0x04C2, 0x04C4, 0x04C6, 0x04C8, 0x04CA, 0x04CC, 0x04CE, 0x04D0, 0x04D1, 0x04D2, 0x04D3,
    0x04D4, 0x04D5, 0x04D7, 0x04D8, 0x04D9, 0x04DA, 0x04DB, 0x04DD, 0x04E1, 0x04E3, 0x04E5, 0x04E6,
    0x04E7, 0x04E8, 0x04E9, 0x04EA, 0x04EB, 0x04ED, 0x04EF, 0x04F1, 0x04F3, 0x04F5, 0x04F7, 0x04F9,
    0x04FB, 0x04FC, 0x04FD, 0x04FE, 0x04FF, 0x1EA0, 0x1EA1, 0x1EA2, 0x1EA3, 0x1EA4, 0x1EA5, 0x1EA6,
    0x1EA7, 0x1EA8, 0x1EA9, 0x1EAA, 0x1EAB, 0x1EAC, 0x1EAD, 0x1EAE, 0x1EAF, 0x1EB0, 0x1EB1, 0x1EB2,
    0x1EB3, 0x1EB4, 0x1EB5, 0x1EB6, 0x1EB7, 0x1EB9, 0x1EBB, 0x1EBD, 0x1EBF, 0x1EC1, 0x1EC3, 0x1EC5,
    0x1EC7, 0x1ECC, 0x1ECD, 0x1ECE, 0x1ECF, 0x1ED0, 0x1ED1, 0x1ED2, 0x1ED3, 0x1ED4, 0x1ED5, 0x1ED6,
    0x1ED7, 0x1ED8, 0x1ED9, 0x1EE4, 0x1EE5, 0x1EE6, 0x1EE7, 0x1EF2, 0x1EF3, 0x1EF4, 0x1EF5, 0x1EF6,
    0x1EF7, 0x1EF8, 0x1EF9, 0x2018, 0x2019, 0x201A, 0x201C, 0x201D, 0x201E, 0x2026, 0xFB00, 0xFB03,
    0xFB04,
};

static const uint8_t charein_10_boldKernRightClassIds[] = {
      1,   1,   2,   3,   3,   4,   4,   5,   6,   6,   6,   6,   7,   8,   9,  10,
     11,  12,  10,   2,  13,  14,  15,  15,  15,   4,  16,  14,  17,  14,  14,  18,
     18,  15,  19,  15,  18,  13,   4,  18,  20,  20,  21,  22,  18,   2,   5,   5,
      5,   5,   5,   5,   5,   6,   6,   6,   6,   6,   6,   9,   9,   9,   9,  10,
     23,  23,  23,  23,  23,  23,  13,  15,  24,  24,  24,  24,  25,  25,  15,  18,
     24,  24,  24,  24,  24,  18,  18,  18,  18,  18,  22,  26,  22,   5,  23,   5,
     23,   5,  16,   6,  24,   6,  24,   6,  24,   6,  24,  15,  15,  24,  24,  24,
     27,  24,   6,  23,   6,  23,   6,  23,   6,  23,  14,  14,  25,  25,  25,  17,
     14,  18,  14,  26,  14,  14,  14,  18,  18,  18,  19,   6,  24,   6,  24,   6,
     24,   6,  15,  18,  19,  18,   7,  23,   7,  23,   7,  16,   7,  23,   8,   4,
      8,   4,   8,   9,  18,   9,  18,   9,  18,   9,  18,   9,  18,   9,  18,  11,
     20,  10,  22,  10,  18,  18,  18,  14,   6,  15,   9,  18,  15,  14,  18,   5,
     23,  25,   6,  24,   9,  18,   9,  18,   9,  18,   9,  18,   9,  18,  15,   5,
     23,   5,  23,   5,  23,   6,  16,   6,  23,  14,   6,  27,   6,  24,  19,  17,
     15,   6,  23,  18,   5,  23,   5,  23,   5,  23,   5,  23,  24,  24,  25,   6,
     24,   6,  24,  18,  18,   9,  18,   9,  18,   7,  16,   8,   4,  19,  14,   8,
      6,   7,   8,   5,   5,   5,   6,   6,   8,   6,  12,  13,  14,  18,  18,  28,
     15,  18,  18,  18,  18,  18,  28,  18,  18,  15,  18,  19,  15,  18,  22,  15,
     21,  18,  18,  18,  18,  18,  18,  18,  18,  18,  24,  24,  14,  18,  15,  13,
     14,  17,  28,  18,  14,  18,  18,  22,  18,   6,  15,  10,  20,  18,  18,  18,
     18,  18,  18,  18,  18,  18,  18,  14,  18,  18,  18,  18,   6,  15,   6,  15,
      8,  18,  10,  22,  10,  22,  12,  21,   8,  18,  18,  18,  14,  18,  18,  28,
     18,  18,  18,  18,   5,  23,   5,  23,   5,  13,  24,   6,  15,   6,  24,  18,
     19,  18,  18,   6,  24,   6,  15,   6,  24,  18,  22,  22,  22,  18,  18,  18,
     18,  12,  21,  12,  21,   5,  16,   5,  23,   5,  23,   5,  23,   5,  23,   5,
     23,   5,  23,   5,  23,   5,  23,   5,  23,   5,  23,   5,  23,  27,  24,  24,
     24,  24,  24,  24,  24,   6,  15,   6,  24,   6,  24,   6,  24,   6,  24,   6,
     24,   6,  24,   9,  19,   9,  18,  10,  22,  10,  22,  10,  22,  10,  22,   1,
      1,   3,   1,   1,   3,   3,   4,   4,   4,
};

static const uint16_t charein_10_boldKernRowOffsets[] = {
        0,     9,    10,    16,    24,    28,    37,    38,    44,    47,    58,    61,    74,    87,    90,    95,
       97,    98,   100,   102,   106,   108,   117,   118,   132,   137,   151,   159,   165,
};

static const uint8_t charein_10_boldKernSparseCols[] = {
      2,   4,  12,  14,  15,  22,  23,  26,  27,  16,   0,   7,   9,  10,  19,  21,
      0,   5,   7,   8,   9,  10,  19,  21,   4,   9,  10,  11,   2,   4,  12,  14,
     15,  22,  23,  26,  27,   5,   0,   7,   9,  10,  19,  21,   7,   9,  10,   2,
      4,  12,  14,  15,  17,  18,  22,  23,  26,  27,   4,  14,  27,   2,   4,   5,
      6,  12,  14,  15,  17,  18,  22,  23,  26,  27,   2,   4,   5,   6,  12,  14,
     15,  17,  18,  22,  23,  26,  27,   0,  19,  21,   0,  19,  20,  21,  27,  13,
     25,   0,   0,   1,   0,  16,   0,  14,  23,  26,   2,  27,   0,   2,  12,  14,
     15,  22,  23,  26,  27,  24,   2,   3,  12,  14,  15,  16,  17,  18,  19,  20,
     21,  22,  23,  26,   0,   7,   9,  19,  21,   2,   3,  12,  14,  15,  16,  17,
     18,  19,  20,  21,  22,  23,  26,  12,  13,  14,  15,  22,  23,  25,  26,   0,
     14,  19,  21,  23,  26,
};

static const int8_t charein_10_boldKernSparseValues[] = {
     -33,  -29,   -5,   -7,   -5,   -5,   -7,   -7,  -33,   33,  -33,  -29,  -31,  -28,  -28,  -28,
     -29,   -8,  -26,  -10,  -31,  -23,  -16,  -16,   -5,   -7,   -3,   -7,  -36,  -18,   -3,   -3,
      -3,   -3,   -3,   -3,  -26,   -8,  -36,  -16,  -21,  -13,   -8,   -8,  -15,  -16,  -15,  -24,
     -21,   -8,  -11,   -8,   -2,   -3,   -4,   -6,  -11,  -24,  -10,   -3,  -11,  -29,  -31,   -7,
      -5,  -20,  -20,  -20,   -8,  -10,  -10,  -10,  -20,  -39,  -26,  -23,   -3,   -2,  -11,  -11,
     -11,   -5,   -7,   -6,   -6,  -11,  -31,  -10,  -10,  -10,   -3,   -5,   -3,   -3,   -8,   -2,
      -5,   -2,   29,   24,   -7,   26,   -7,   -5,   -5,   -5,  -20,  -21,   -5,  -26,   -5,   -5,
      -7,   -5,   -5,   -5,  -21,   21,  -24,  -24,  -24,  -24,  -24,  -24,  -24,  -24,  -24,  -24,
     -24,  -24,  -24,  -24,  -16,   -7,   -7,   -8,   -8,  -20,  -20,  -20,  -20,  -20,  -20,  -20,
     -20,  -20,  -20,  -20,  -20,  -20,  -20,  -11,   -5,  -11,  -11,  -11,  -11,   -5,  -11,  -31,
      -7,  -20,  -20,   -7,   -7,
};

static const EpdLigaturePair charein_10_boldLigaturePairs[] = {
    { 0x00660066, 0xFB00 }, // f f -> U+FB00
    { 0x00660069, 0xFB01 }, // f i -> U+FB01
    { 0x0066006C, 0xFB02 }, // f l -> U+FB02
    { 0xFB000069, 0xFB03 }, // U+FB00 i -> U+FB03
    { 0xFB00006C, 0xFB04 }, // U+FB00 l -> U+FB04
};

static constexpr EpdFontData charein_10_bold = {
    charein_10_boldBitmaps,
    charein_10_boldGlyphs,
    charein_10_boldIntervals,
    50,
    22,
    17,
    -6,
    true,
    charein_10_boldGroups,
    17,
    nullptr,
    nullptr,  // kernLeftClasses: built-in fonts use split arrays
    nullptr,  // kernRightClasses
    charein_10_boldKernLeftCodepoints,
    charein_10_boldKernLeftClassIds,
    charein_10_boldKernRightCodepoints,
    charein_10_boldKernRightClassIds,
    nullptr,  // kernMatrix: built-in fonts use sparse rows
    charein_10_boldKernRowOffsets,
    charein_10_boldKernSparseCols,
    charein_10_boldKernSparseValues,
    447,
    457,
    28,
    28,
    charein_10_boldLigaturePairs,
    5,
};
