/**
 * generated by fontconvert.py
 * name: charein_9_bolditalic
 * size: 9
 * mode: 2-bit  compressed: true
 * Command used: fontconvert.py charein_9_bolditalic 9 ../builtinFonts/source/ChareInk7/ChareInk7-BoldItalic.ttf ../builtinFonts/source/NotoSymbols/NotoSansSymbols-Regular.ttf --additional-intervals 0x03BB,0x03BB --additional-intervals 0x0410,0x0414 --additional-intervals 0x0418,0x0418 --additional-intervals 0x041B,0x041B --additional-intervals 0x041D,0x0423 --additional-intervals 0x0425,0x0425 --additional-intervals 0x0427,0x0427 --additional-intervals 0x042B,0x042C --additional-intervals 0x042E,0x0432 --additional-intervals 0x0434,0x0435 --additional-intervals 0x0437,0x0437 --additional-intervals 0x043A,0x043A --additional-intervals 0x043D,0x043E --additional-intervals 0x0440,0x0440 --additional-intervals 0x0442,0x0442 --additional-intervals 0x0446,0x0446 --additional-intervals 0x044C,0x044C --additional-intervals 0x044E,0x044E --additional-intervals 0x2113,0x2113 --additional-intervals 0x2669,0x266F --font-include-intervals 1:0x2669,0x266F --2bit --compress --pnum --darken-aa --zopfli
 */
#pragma once
#include "EpdFontData.h"

static const uint8_t charein_9_bolditalicBitmaps[20047] = {
    0x85, 0x96, 0x0B, 0x8B, 0x1D, 0x47, 0x7A, 0x86, 0x9F, 0xEE, 0x32, 0xAA, 0x4D, 0x6A, 0xAD, 0x32,
    0xB0, 0x80, 0x89, 0xE4, 0xED, 0x00, 0x06, 0x96, 0x44, 0x56, 0x99, 0x20, 0xC2, 0x04, 0xCE, 0x39,
    0xD5, 0xB0, 0xDC, 0x0D, 0x49, 0xFE, 0x81, 0xF3, 0x07, 0xC2, 0x88, 0x45, 0x80, 0x03, 0x33, 0xD3,
    0xBD, 0x88, 0x60, 0x60, 0xB9, 0x98, 0x4B, 0xB8, 0x87, 0xF8, 0x1F, 0x48, 0x10, 0x03, 0x82, 0x9C,
    0xD1, 0x29, 0x5B, 0x21, 0x02, 0xBC, 0xA0, 0xCA, 0x2A, 0x66, 0x43, 0x1C, 0x50, 0x2D, 0x5A, 0xD0,
    0x82, 0x03, 0x2E, 0x59, 0xED, 0xA4, 0x8C, 0xFA, 0x9C, 0x4A, 0x75, 0x9F, 0xD1, 0x60, 0x61, 0x87,
    0x54, 0xBD, 0x6F, 0x0D, 0xDD, 0xDF, 0xE5, 0xAD, 0xAF, 0xEA, 0x9B, 0x99, 0x16, 0x4E, 0x07, 0xED,
    0xCA, 0xEC, 0x75, 0xAB, 0xB9, 0xC8, 0xAB, 0xFC, 0x10, 0x58, 0x70, 0xB7, 0xF0, 0xCA, 0x62, 0x71,
    0xB4, 0x78, 0xEF, 0xE0, 0xC6, 0xDB, 0xD7, 0xDF, 0xFE, 0x2B, 0x5E, 0xFF, 0x11, 0x57, 0x0E, 0x38,
    0xB8, 0xC6, 0xF5, 0xDB, 0xDC, 0x0E, 0x36, 0xE7, 0xEA, 0x57, 0xAE, 0xBE, 0xD7, 0x8B, 0x9B, 0x6D,
    0xCE, 0xA3, 0xD2, 0xE8, 0x12, 0x7B, 0x99, 0xCB, 0x57, 0x26, 0x2F, 0x00, 0x01, 0x97, 0x52, 0x95,
    0xD7, 0x62, 0xBB, 0x50, 0xBF, 0x3C, 0xD0, 0xBF, 0x44, 0xFF, 0x27, 0x2A, 0xBB, 0x2A, 0x47, 0x6C,
    0x7C, 0xED, 0x4F, 0xE2, 0xC1, 0xCF, 0xE2, 0x8D, 0x7F, 0x0C, 0x77, 0x73, 0xDF, 0x25, 0x70, 0x13,
    0x54, 0xC4, 0x5F, 0x3D, 0x12, 0xFD, 0x62, 0xA1, 0xB8, 0xB3, 0xB8, 0xCC, 0x47, 0x47, 0xD7, 0x18,
    0xEE, 0x3C, 0x1E, 0xEE, 0x7C, 0xF5, 0xE0, 0xC8, 0xDE, 0x5F, 0x2E, 0xB9, 0xB8, 0x58, 0xB2, 0x38,
    0x5A, 0x72, 0xFB, 0xBD, 0x45, 0xE5, 0xDF, 0xBB, 0x53, 0x3C, 0xA3, 0xC6, 0x38, 0x3A, 0x47, 0xFD,
    0xDF, 0x11, 0xF9, 0xF1, 0x80, 0x9A, 0xF8, 0x30, 0x22, 0xB2, 0x43, 0x6C, 0xFF, 0xE8, 0x83, 0x66,
    0xB4, 0xDE, 0xDA, 0x86, 0xB5, 0x59, 0x33, 0xEA, 0xC4, 0xA9, 0x88, 0xD8, 0x77, 0xB7, 0x34, 0xA9,
    0x04, 0xC1, 0x54, 0xE2, 0xC1, 0xDB, 0x6F, 0x63, 0x48, 0x22, 0x28, 0xA7, 0x5B, 0xC3, 0x8A, 0x25,
    0x47, 0xAC, 0xCB, 0x1C, 0xE7, 0xF5, 0x88, 0x15, 0xDA, 0x55, 0xAD, 0x08, 0x55, 0x62, 0xC1, 0xAA,
    0x4C, 0x83, 0x9D, 0x7F, 0x2E, 0x67, 0xA7, 0xA1, 0x8E, 0xC2, 0xEB, 0xF6, 0x94, 0xBF, 0x04, 0xEA,
    0x5E, 0xB8, 0x9F, 0xFD, 0xFD, 0xC9, 0x69, 0xDD, 0x5F, 0x8C, 0x6F, 0xDD, 0x00, 0x7E, 0xF8, 0x5D,
    0x76, 0x39, 0xB7, 0xBC, 0xF1, 0xFD, 0x36, 0x11, 0x54, 0x54, 0xA1, 0x72, 0xA2, 0xBF, 0xCA, 0x1F,
    0x02, 0x36, 0x76, 0x71, 0x79, 0x77, 0x49, 0xE5, 0x11, 0x0E, 0xD9, 0xA2, 0xE1, 0x32, 0x2C, 0xE0,
    0x3A, 0x04, 0x6A, 0x87, 0xE8, 0x51, 0x70, 0x11, 0xAE, 0xC0, 0x01, 0xDC, 0x86, 0x0F, 0x80, 0x2E,
    0xD4, 0x5F, 0x27, 0xE9, 0x47, 0xED, 0xD6, 0xA6, 0x3F, 0xB5, 0x6C, 0x2D, 0x63, 0xC1, 0x49, 0x35,
    0x9E, 0xD4, 0xC3, 0x89, 0x88, 0x56, 0x79, 0xF3, 0x6E, 0xAB, 0x46, 0xE8, 0xF4, 0xEE, 0xF7, 0xEF,
    0x72, 0xCA, 0x38, 0xCF, 0x54, 0x4D, 0xE5, 0x94, 0x29, 0xE3, 0x66, 0x4B, 0x97, 0xEA, 0x61, 0x57,
    0x9C, 0x0B, 0xA0, 0x83, 0x2D, 0x55, 0x42, 0x46, 0x1A, 0xC7, 0x09, 0x75, 0x7A, 0x5D, 0xFB, 0x85,
    0xCD, 0x63, 0x97, 0x13, 0x9B, 0x20, 0x1F, 0x27, 0xED, 0x46, 0xD5, 0x8F, 0xD4, 0x03, 0xCA, 0x93,
    0x5B, 0xDE, 0x09, 0x88, 0x58, 0x70, 0x20, 0xE2, 0xA8, 0xFC, 0xA9, 0xE9, 0x4D, 0x02, 0x12, 0x62,
    0x40, 0x47, 0x6C, 0x24, 0xC7, 0xFA, 0x59, 0x50, 0xF7, 0xBD, 0x51, 0xAE, 0xBB, 0xF5, 0xBB, 0x4D,
    0x4E, 0xE8, 0x7E, 0x42, 0xD3, 0x62, 0xE0, 0x0F, 0x10, 0x79, 0x9C, 0xE0, 0x90, 0x0E, 0xE5, 0xD0,
    0xBB, 0x56, 0x67, 0x8F, 0x8C, 0x88, 0x09, 0x6F, 0x4E, 0x69, 0xDD, 0xAE, 0x6B, 0xE7, 0xB4, 0x70,
    0x21, 0x61, 0x3F, 0xA8, 0x12, 0x22, 0xA0, 0x1D, 0x26, 0x3B, 0xFB, 0xEB, 0x68, 0xEB, 0x74, 0x52,
    0xCD, 0xA8, 0x07, 0x2B, 0xA2, 0x79, 0xD7, 0xC9, 0x1D, 0x2A, 0xE7, 0x92, 0x28, 0xA3, 0x39, 0xE6,
    0x55, 0x12, 0x88, 0xC8, 0x24, 0x31, 0x49, 0x63, 0x81, 0x23, 0x78, 0xF1, 0x5A, 0x7D, 0xEB, 0xF5,
    0x8F, 0x00, 0x36, 0x41, 0x3C, 0x4D, 0xCA, 0x8D, 0x7A, 0x42, 0xD2, 0xCF, 0xA2, 0xC8, 0xBD, 0xCE,
    0xDE, 0xAA, 0xB8, 0x16, 0xC3, 0x58, 0x0F, 0x6B, 0x11, 0xED, 0x5F, 0x38, 0xBD, 0x9B, 0x3D, 0xBF,
    0x9A, 0xCE, 0xA4, 0x99, 0x2E, 0x60, 0x46, 0x3F, 0x36, 0x5F, 0x8C, 0x32, 0x0F, 0x67, 0x67, 0xD8,
    0x21, 0x12, 0xB6, 0xE7, 0x27, 0x93, 0x44, 0xE3, 0x74, 0xCF, 0xD9, 0x58, 0x72, 0xB7, 0x90, 0x54,
    0x8D, 0x24, 0x00, 0xF8, 0x6E, 0x67, 0xD4, 0xC0, 0x21, 0xA8, 0x40, 0xB5, 0x05, 0xD3, 0xC3, 0x11,
    0xF3, 0x23, 0x74, 0x2D, 0xD4, 0x09, 0xB8, 0xD4, 0xC2, 0x59, 0xBF, 0x9D, 0x8F, 0xF3, 0xE7, 0x39,
    0xCB, 0xEA, 0x85, 0x6B, 0xE3, 0xA1, 0xA8, 0x82, 0x6E, 0xE7, 0x17, 0x5D, 0x3B, 0xE7, 0xFA, 0x1B,
    0xF6, 0x43, 0x6E, 0x31, 0xB6, 0x5D, 0x69, 0xF7, 0xBA, 0x76, 0x34, 0x3D, 0x16, 0xB6, 0xC8, 0x70,
    0xD6, 0x7A, 0xC0, 0x55, 0xB0, 0xF3, 0x4A, 0xB3, 0xA3, 0xDA, 0xCA, 0x20, 0x1D, 0x77, 0x1A, 0xB8,
    0xB2, 0x94, 0xCF, 0xFF, 0xFC, 0xC8, 0x1C, 0x5E, 0xFC, 0xE8, 0xA8, 0xD1, 0x31, 0x99, 0x8B, 0x71,
    0xB8, 0x5A, 0xB8, 0xBC, 0x3C, 0x0C, 0x8B, 0xC5, 0x9D, 0x71, 0xBC, 0x7D, 0xD4, 0x1D, 0xBA, 0x15,
    0xAF, 0x4C, 0xBA, 0xAF, 0x89, 0xE1, 0x42, 0x60, 0xB3, 0x63, 0x3F, 0x56, 0xC0, 0x0E, 0xAA, 0x0C,
    0xA2, 0x50, 0x16, 0xEA, 0x5B, 0x2D, 0xA6, 0xC8, 0xAF, 0x74, 0xCF, 0x26, 0x3B, 0x92, 0x76, 0x75,
    0xD4, 0x4E, 0x78, 0xE5, 0xB5, 0x53, 0xC1, 0x46, 0x33, 0xCA, 0xBC, 0x83, 0xB1, 0xEB, 0x19, 0x9B,
    0x62, 0x6F, 0xFA, 0x2A, 0x59, 0xEA, 0xE1, 0x14, 0x91, 0x13, 0xE2, 0xE9, 0x06, 0x11, 0x6D, 0x2B,
    0x83, 0x69, 0xA5, 0xB7, 0x28, 0x67, 0xD1, 0xFF, 0x32, 0xD2, 0xE5, 0x00, 0x97, 0x76, 0x2D, 0x3B,
    0xE5, 0x44, 0x14, 0x4E, 0x79, 0xD1, 0xEB, 0xBE, 0xC2, 0xB4, 0x60, 0xF9, 0x36, 0x7F, 0x50, 0xF8,
    0x06, 0x4D, 0x7F, 0x05, 0xF5, 0xDB, 0x23, 0xAA, 0xFC, 0x5B, 0x64, 0xFE, 0x06, 0xC6, 0x43, 0xC7,
    0x28, 0x03, 0x49, 0xC4, 0xAA, 0xB0, 0x1E, 0x44, 0x7C, 0x69, 0x06, 0xE5, 0xE5, 0xB4, 0xC3, 0xA2,
    0xA9, 0x3F, 0x99, 0xF4, 0x3E, 0x40, 0xE4, 0xEC, 0x18, 0x55, 0x5F, 0xE2, 0x5A, 0x12, 0x54, 0xE9,
    0x80, 0x7A, 0xB8, 0x81, 0xC8, 0x11, 0xF1, 0xF5, 0x6D, 0x44, 0xBC, 0x8D, 0x0C, 0x20, 0xFD, 0x45,
    0x94, 0xFF, 0x31, 0xFA, 0xB3, 0xBF, 0x2E, 0x71, 0x23, 0x32, 0xE7, 0x12, 0xA3, 0x0B, 0x55, 0x5B,
    0x58, 0xE2, 0x28, 0x71, 0xD7, 0x10, 0xC3, 0xF5, 0x7D, 0x6C, 0x2C, 0x0C, 0x71, 0x8E, 0x55, 0x1E,
    0xB4, 0x83, 0x2E, 0x01, 0xAA, 0xC4, 0xDD, 0x7D, 0xC7, 0x8B, 0x41, 0x38, 0x15, 0x84, 0xD3, 0xAE,
    0x6A, 0xCF, 0xEB, 0x23, 0x07, 0x8B, 0x6D, 0x0B, 0xE7, 0xD9, 0xB8, 0x13, 0xD4, 0x70, 0x7A, 0x56,
    0xDF, 0x2F, 0x26, 0x41, 0x46, 0x0A, 0x12, 0xA4, 0x2A, 0x15, 0xCD, 0x7A, 0x60, 0x2A, 0x12, 0x91,
    0x67, 0x49, 0x31, 0x2D, 0x32, 0x14, 0xD1, 0xB2, 0x28, 0x5F, 0x74, 0x55, 0x11, 0x40, 0x97, 0xA5,
    0x88, 0x6F, 0x06, 0xC4, 0x9C, 0x63, 0xC2, 0x14, 0x4D, 0x09, 0x17, 0xF1, 0x0C, 0x73, 0x04, 0xCA,
    0x31, 0xFB, 0x42, 0xB3, 0xFB, 0xAE, 0xE1, 0x0C, 0x4D, 0xBF, 0x30, 0x2C, 0x2C, 0xC7, 0xA7, 0xD8,
    0x29, 0xE7, 0xAD, 0x91, 0x51, 0x7B, 0x46, 0x03, 0xE9, 0x88, 0xEA, 0x9B, 0x81, 0xFA, 0xB9, 0x9F,
    0xB4, 0x0A, 0x1D, 0xE2, 0x79, 0x40, 0x3E, 0x8E, 0xA8, 0x5F, 0x25, 0x94, 0x1B, 0xD1, 0xEE, 0x2E,
    0xDD, 0x60, 0xFC, 0x64, 0xDF, 0xFE, 0x9F, 0x7B, 0x91, 0xFE, 0x8A, 0x72, 0x0B, 0xFD, 0xD9, 0x7B,
    0x5D, 0x1E, 0x64, 0xA6, 0x19, 0xC9, 0xD8, 0x30, 0x2D, 0x9E, 0xDC, 0x66, 0x57, 0xE5, 0x3E, 0xBB,
    0x3A, 0xDF, 0xCB, 0x4E, 0x7C, 0x79, 0xFF, 0x51, 0x2F, 0x1E, 0x3D, 0xB8, 0xD5, 0x8A, 0x4F, 0x1F,
    0x19, 0xC4, 0xA7, 0x3B, 0x8B, 0xBC, 0x3F, 0x5A, 0xD4, 0xBD, 0xB4, 0x42, 0xDF, 0x8C, 0x45, 0xEE,
    0xD9, 0xE3, 0xE2, 0xB7, 0x15, 0x19, 0x32, 0x23, 0x64, 0x12, 0xE4, 0x7E, 0xA0, 0xCA, 0x2E, 0x96,
    0xCD, 0xFE, 0x26, 0x22, 0x1E, 0x7F, 0x35, 0x2D, 0xFF, 0x13, 0x10, 0xFF, 0x9A, 0x3D, 0xC2, 0x65,
    0x87, 0x74, 0x9D, 0x43, 0x39, 0xEB, 0xD0, 0xBD, 0xE9, 0xE9, 0xA2, 0xEE, 0xA1, 0xD9, 0xC2, 0xD6,
    0xB6, 0x22, 0x6A, 0xA7, 0xBD, 0x0C, 0x8D, 0x13, 0xD1, 0xF4, 0x22, 0x5A, 0x26, 0xCA, 0x42, 0x15,
    0x2C, 0xDA, 0x59, 0x4C, 0xDF, 0xF4, 0x16, 0xF5, 0x9B, 0xB1, 0xA8, 0x78, 0x64, 0x4E, 0x30, 0x76,
    0x85, 0xA6, 0x27, 0xE9, 0xBE, 0x4A, 0x4D, 0x5F, 0x0F, 0xA6, 0x9D, 0x23, 0x9F, 0x8E, 0x88, 0x1C,
    0xCE, 0x7B, 0x45, 0xB9, 0xF3, 0x7E, 0x39, 0xD3, 0x33, 0x7B, 0x3D, 0x27, 0x83, 0x9E, 0xF4, 0xDA,
    0xFF, 0x4F, 0x2F, 0x82, 0x18, 0x80, 0xF1, 0x27, 0xD0, 0x0D, 0x00, 0x22, 0x6F, 0x27, 0xFD, 0x96,
    0xB1, 0x71, 0x8C, 0xDA, 0x15, 0x7D, 0x57, 0x0F, 0x53, 0x96, 0xD3, 0x59, 0x5B, 0x3C, 0x8B, 0x88,
    0x30, 0x22, 0x0B, 0x95, 0x3F, 0x9D, 0x33, 0x76, 0xA9, 0x09, 0x98, 0xD2, 0x69, 0x27, 0x22, 0xBE,
    0x55, 0x2E, 0x44, 0x06, 0x44, 0xA2, 0x9C, 0x3C, 0x36, 0x22, 0xD3, 0x2B, 0xD5, 0x78, 0x85, 0xB4,
    0xA8, 0xE3, 0xEA, 0x1D, 0xDF, 0xEC, 0xE8, 0x72, 0xE6, 0xCE, 0x89, 0x26, 0x1E, 0x6B, 0x3E, 0x5C,
    0xFF, 0x1E, 0x8C, 0x9C, 0x73, 0xFF, 0xDB, 0x51, 0x18, 0x41, 0x9C, 0x51, 0x16, 0xDA, 0xB1, 0x30,
    0xD9, 0xA9, 0xB6, 0xBE, 0xB0, 0x2D, 0xA4, 0xE9, 0x35, 0xA6, 0x6D, 0xB0, 0x5C, 0x2D, 0x5C, 0x16,
    0x2E, 0x58, 0x15, 0x9E, 0xB0, 0xC6, 0x32, 0x60, 0xDE, 0x0F, 0xC8, 0xDC, 0xB2, 0x89, 0x5D, 0x68,
    0xFA, 0xA6, 0xC4, 0x18, 0xB4, 0x5B, 0x14, 0xAE, 0x0B, 0xA7, 0x3E, 0x8B, 0xC8, 0x87, 0x0E, 0xF9,
    0x45, 0x8F, 0xC8, 0x20, 0x76, 0x85, 0x23, 0xD4, 0x69, 0xAF, 0xBF, 0x29, 0x1B, 0x1C, 0x1B, 0xB7,
    0x15, 0x41, 0xFF, 0x7C, 0x27, 0x9D, 0xBE, 0xB7, 0x2B, 0xDA, 0xF7, 0xB2, 0x46, 0x7F, 0x9A, 0x0D,
    0xFA, 0x41, 0xB7, 0x44, 0x7F, 0x69, 0xD7, 0xE8, 0xAD, 0x19, 0x50, 0xA3, 0x89, 0xA8, 0x64, 0x02,
    0x2A, 0x36, 0x0E, 0x19, 0x74, 0x4F, 0x89, 0x01, 0x95, 0x0F, 0x47, 0x46, 0xE5, 0x38, 0x6D, 0xC0,
    0x2E, 0x0B, 0x13, 0x34, 0x11, 0xB4, 0x83, 0xC6, 0x83, 0x8D, 0xF0, 0x3C, 0x22, 0x9E, 0xEE, 0xBB,
    0xDE, 0xB4, 0x77, 0xC9, 0xA5, 0x0B, 0x37, 0x43, 0xF6, 0xDA, 0x59, 0x94, 0x5B, 0x23, 0xC3, 0x80,
    0x78, 0x16, 0x10, 0xCF, 0x1D, 0x75, 0x06, 0x76, 0xDF, 0x3D, 0x31, 0x51, 0xD8, 0xEC, 0x28, 0xF6,
    0xEC, 0xC4, 0x67, 0x5D, 0x2F, 0x5C, 0x87, 0xE8, 0xC7, 0xBD, 0x41, 0x05, 0x68, 0x1C, 0x58, 0x60,
    0x0B, 0x75, 0x7A, 0x05, 0x19, 0x7F, 0x8C, 0x76, 0x6F, 0x61, 0xFF, 0xEE, 0x88, 0x2E, 0x8F, 0x88,
    0xDC, 0x0A, 0xFF, 0xE2, 0x1F, 0x77, 0x41, 0x8F, 0x6E, 0x69, 0xC0, 0xCC, 0x58, 0xCD, 0x58, 0xC2,
    0x11, 0xAC, 0x67, 0xDD, 0x1C, 0x00, 0x22, 0xDC, 0x80, 0x05, 0xBC, 0x01, 0x1A, 0x64, 0x8B, 0x70,
    0xE0, 0x67, 0xC3, 0xB5, 0xD9, 0xF0, 0x2A, 0x28, 0x10, 0x3D, 0xB5, 0x83, 0x5E, 0xE4, 0xFE, 0xA5,
    0xD4, 0xF6, 0xE5, 0xBC, 0x05, 0x09, 0x06, 0x88, 0x54, 0x91, 0x3A, 0xB2, 0x09, 0x00, 0xCA, 0x5F,
    0x8D, 0x1F, 0x7D, 0xD4, 0x8D, 0xF0, 0x26, 0xC7, 0x98, 0x56, 0x38, 0x72, 0x94, 0x8F, 0x63, 0x73,
    0x33, 0x58, 0xE1, 0x57, 0xD2, 0x9D, 0x28, 0x77, 0xAC, 0x27, 0x58, 0xFB, 0x6F, 0xFA, 0x8B, 0xC1,
    0x78, 0xCC, 0xB7, 0x0B, 0xC9, 0x34, 0x9F, 0x3B, 0x23, 0xBD, 0x15, 0xC1, 0xCA, 0xB0, 0x52, 0xBE,
    0x78, 0xAE, 0x9B, 0xFE, 0xEE, 0x09, 0x66, 0xA0, 0xCA, 0xA8, 0xDC, 0x37, 0xEF, 0x9C, 0xED, 0xE5,
    0x78, 0x0F, 0x81, 0x6D, 0xD0, 0x09, 0x2E, 0x8C, 0x5C, 0x48, 0x90, 0xA8, 0x06, 0xEA, 0x58, 0xE5,
    0xA8, 0x9E, 0xEC, 0x75, 0xC3, 0x4A, 0xFA, 0x63, 0xE5, 0x0A, 0x66, 0xDD, 0x7F, 0x2F, 0xBA, 0xEC,
    0x90, 0x0F, 0x7A, 0x5D, 0x1E, 0x4D, 0x6B, 0xB7, 0x74, 0x3D, 0xC7, 0x70, 0x22, 0xDA, 0xB3, 0x54,
    0xEC, 0x40, 0x64, 0x50, 0x7F, 0x0B, 0xBA, 0x05, 0x03, 0xE4, 0x01, 0x3A, 0xC0, 0x32, 0xAB, 0xB3,
    0x64, 0xD6, 0x67, 0x7D, 0xC6, 0x11, 0x48, 0x40, 0x84, 0x3F, 0x0D, 0xB0, 0x71, 0x7B, 0xB7, 0x2A,
    0x8F, 0xF2, 0x49, 0xD0, 0xF7, 0x82, 0x7E, 0xDF, 0xEB, 0x07, 0x4E, 0x64, 0x84, 0x47, 0x0C, 0xE8,
    0xDC, 0xAE, 0x8C, 0x5F, 0x8B, 0xB8, 0x2E, 0xA5, 0x2A, 0xA7, 0xB7, 0x5C, 0x8A, 0x98, 0x80, 0x3C,
    0xFF, 0xC3, 0x9C, 0xBD, 0x9E, 0x0E, 0x2E, 0x1A, 0x11, 0x8C, 0x2C, 0x3E, 0x7E, 0x35, 0x17, 0xB0,
    0xD6, 0xFF, 0xBC, 0x56, 0x83, 0xF0, 0x32, 0x08, 0x0F, 0x60, 0xDC, 0xA1, 0xD3, 0x7D, 0xD3, 0x9A,
    0xB3, 0xAF, 0x67, 0xFB, 0xA1, 0xF1, 0xA8, 0x1E, 0xED, 0xA6, 0x75, 0x3F, 0x0E, 0x61, 0x03, 0x16,
    0xCE, 0x4F, 0x6E, 0x3D, 0x63, 0x84, 0x04, 0x91, 0x3A, 0xD0, 0x39, 0x4E, 0xE0, 0x52, 0x60, 0x8A,
    0x3E, 0xBF, 0x92, 0xF7, 0x83, 0xFE, 0x87, 0xD8, 0x1C, 0x05, 0x13, 0xB1, 0x05, 0x89, 0xD5, 0x9A,
    0xE3, 0x25, 0x6B, 0xF3, 0xDA, 0xA8, 0xE3, 0xA5, 0xF0, 0xC7, 0x41, 0x7A, 0xE5, 0xB4, 0xD3, 0x2F,
    0xED, 0x60, 0xC5, 0xC9, 0x87, 0xD6, 0x77, 0x5F, 0x7E, 0x1E, 0xF5, 0x93, 0x34, 0x96, 0x2B, 0x18,
    0x8D, 0xF4, 0xC9, 0xAA, 0x8F, 0x07, 0xAB, 0x3F, 0x89, 0x2B, 0x7D, 0x2F, 0x1E, 0xEB, 0x9B, 0x71,
    0xDD, 0xFC, 0xF4, 0xE9, 0xDA, 0xD4, 0x5B, 0xF3, 0x28, 0x98, 0x1C, 0xF5, 0xC3, 0xD8, 0xFC, 0x74,
    0x2A, 0xD5, 0x4A, 0x6F, 0x95, 0x5B, 0x95, 0x1E, 0x29, 0x75, 0xEA, 0x54, 0xE5, 0x56, 0x7D, 0xEE,
    0x8B, 0xC9, 0x8A, 0xB8, 0x12, 0xF1, 0x44, 0xC4, 0x63, 0xE9, 0x8B, 0xD5, 0x1E, 0xA2, 0x12, 0x2A,
    0x0F, 0xF5, 0x76, 0x5D, 0x17, 0xCB, 0xDE, 0x1E, 0x4E, 0xA4, 0x5F, 0x2B, 0x97, 0xD4, 0xC3, 0xA0,
    0x73, 0x7B, 0xFE, 0xC9, 0x9B, 0x23, 0x85, 0xF2, 0x49, 0x2C, 0xB2, 0x53, 0x3B, 0x08, 0x7F, 0x2C,
    0x5F, 0xB4, 0x83, 0xE9, 0x75, 0x3E, 0xEF, 0x71, 0xAA, 0xEC, 0x0F, 0x1F, 0xB5, 0x87, 0xB9, 0xD7,
    0xBF, 0x6E, 0x9B, 0xFE, 0x7B, 0xFA, 0x9E, 0x8C, 0x78, 0xD0, 0xAB, 0xFB, 0xA8, 0xF9, 0x16, 0xD9,
    0x82, 0x65, 0x61, 0x58, 0x2C, 0x69, 0x06, 0x84, 0x53, 0xCE, 0xEE, 0x9A, 0x7E, 0x7F, 0x1A, 0x76,
    0x7F, 0x1F, 0x77, 0x4C, 0xE8, 0x3E, 0x1E, 0x9A, 0x4F, 0x8A, 0x7A, 0xA9, 0x31, 0xEC, 0x6B, 0x5C,
    0xCD, 0x35, 0xDA, 0xCD, 0x7F, 0x35, 0x5F, 0x0C, 0x1B, 0x11, 0x6E, 0xDD, 0x2C, 0xD6, 0xD2, 0x25,
    0x4E, 0x7F, 0xDA, 0xAA, 0x47, 0xA8, 0x11, 0x35, 0xA0, 0xE6, 0x7B, 0x3C, 0xAC, 0x7F, 0x1E, 0x37,
    0xE5, 0xEC, 0x8C, 0xF6, 0xB1, 0x69, 0x7C, 0x68, 0xBA, 0xC7, 0xAE, 0xF9, 0xA7, 0x27, 0xAD, 0x7E,
    0xF6, 0x25, 0xFA, 0xE1, 0x88, 0xBE, 0x37, 0xA0, 0x45, 0x40, 0x46, 0x83, 0x4A, 0x19, 0x76, 0xFF,
    0x01, 0x5D, 0x0F, 0x96, 0x3D, 0x37, 0x2D, 0x7F, 0xF6, 0xC8, 0xD1, 0xFD, 0xE2, 0x77, 0xAC, 0x44,
    0x42, 0x45, 0xDD, 0x5F, 0x48, 0xA6, 0x65, 0x5C, 0xC2, 0x7A, 0x0D, 0xC7, 0x03, 0xD8, 0x58, 0xE8,
    0x0B, 0x1D, 0x98, 0xB3, 0x86, 0x5F, 0xC2, 0xB5, 0x04, 0x9B, 0xC9, 0xD4, 0x03, 0xB4, 0x62, 0x17,
    0x2F, 0xDA, 0x68, 0xB4, 0xD3, 0xA6, 0xE5, 0x18, 0x12, 0xE2, 0x99, 0xD7, 0x9F, 0x04, 0xF3, 0xB5,
    0x5B, 0xE5, 0xF6, 0x07, 0x80, 0x0A, 0xD8, 0x96, 0xA3, 0x17, 0x9D, 0x35, 0x50, 0x45, 0xA4, 0xC7,
    0x42, 0xE3, 0x10, 0x33, 0xA4, 0x43, 0xED, 0xE1, 0x11, 0x23, 0xC0, 0x9B, 0x07, 0xDF, 0x37, 0xD8,
    0x32, 0xC7, 0xCD, 0x30, 0x2F, 0xD0, 0x80, 0x8C, 0x98, 0x97, 0x34, 0xEA, 0x88, 0x0C, 0x67, 0x7B,
    0x04, 0x68, 0xBE, 0xA9, 0xFD, 0xB1, 0xC9, 0xEE, 0x7A, 0xBD, 0x03, 0xE0, 0x7F, 0x01, 0xA5, 0x97,
    0x01, 0x64, 0x65, 0x57, 0x1A, 0xC7, 0x7F, 0xF7, 0x9E, 0xCC, 0x9C, 0x36, 0x67, 0x92, 0x13, 0xCC,
    0xEA, 0xD0, 0x4C, 0x6E, 0x51, 0x14, 0x79, 0xB9, 0x41, 0xD6, 0x3E, 0xDC, 0xF7, 0xCE, 0xB5, 0x05,
    0x76, 0xD1, 0x01, 0x00, 0xDD, 0x62, 0x01, 0xB6, 0x0D, 0x8A, 0xE2, 0x25, 0xEF, 0x74, 0x07, 0xC5,
    0xA2, 0x05, 0x16, 0xB0, 0x05, 0x00, 0xF6, 0x95, 0x58, 0x59, 0xDE, 0xF6, 0x9D, 0xCE, 0x2C, 0x05,
    0xAB, 0xB7, 0xBA, 0x6B, 0x51, 0x76, 0xEE, 0x74, 0xBA, 0xA0, 0xCB, 0x9C, 0xCE, 0xDC, 0xDA, 0x5B,
    0x73, 0xF3, 0xCE, 0x9E, 0xC9, 0xEB, 0xB4, 0x0D, 0x43, 0xB2, 0xC9, 0xBD, 0xDF, 0x3F, 0x37, 0x37,
    0xDF, 0xFF, 0xFC, 0xFE, 0x27, 0x5F, 0x38, 0xF2, 0xA4, 0xD3, 0x95, 0x74, 0x20, 0x51, 0x68, 0x32,
    0xB6, 0x18, 0x32, 0xE4, 0x43, 0x8E, 0x98, 0x82, 0x04, 0x05, 0xB3, 0x56, 0xCE, 0xFB, 0xFA, 0x6F,
    0x3B, 0x66, 0x9D, 0xE1, 0x26, 0x83, 0x82, 0x41, 0xDF, 0x0E, 0xFB, 0x55, 0xF6, 0x27, 0x27, 0x83,
    0x65, 0x02, 0x1E, 0x92, 0x00, 0xEA, 0x8E, 0x25, 0x53, 0x25, 0x06, 0xD8, 0x03, 0xA6, 0x40, 0x07,
    0x32, 0x34, 0x24, 0x2D, 0x24, 0x0D, 0xA4, 0x1E, 0xA4, 0x83, 0x3C, 0x74, 0x98, 0x28, 0x60, 0x9B,
    0xF5, 0xEB, 0xF3, 0x5D, 0xF5, 0xFB, 0x6A, 0x95, 0xFA, 0x0A, 0xBB, 0xB1, 0x56, 0x78, 0x5F, 0xFD,
    0xBC, 0xDA, 0x08, 0x93, 0x1D, 0x36, 0x01, 0xD3, 0x86, 0x4A, 0x57, 0xA6, 0x94, 0xF5, 0x1E, 0xC2,
    0xB7, 0x88, 0x07, 0x1E, 0xF3, 0xE8, 0x88, 0x24, 0x94, 0x30, 0x87, 0x59, 0xE4, 0x10, 0x2B, 0xEA,
    0x38, 0x27, 0x8D, 0xD2, 0x01, 0x76, 0xBF, 0xBB, 0xF8, 0xD1, 0xB7, 0x33, 0x2F, 0xBE, 0xF6, 0xD2,
    0x79, 0x55, 0xAF, 0xC9, 0x96, 0x34, 0x94, 0xEA, 0xBE, 0xCB, 0x54, 0x6D, 0x44, 0x65, 0x94, 0xCB,
    0xEF, 0xA3, 0xBB, 0x88, 0x65, 0xCD, 0x30, 0xC9, 0x39, 0xD8, 0x63, 0xD6, 0x00, 0xF4, 0xFB, 0xD3,
    0x69, 0x51, 0x90, 0xB5, 0xF0, 0xED, 0xF3, 0x56, 0x58, 0xEA, 0x55, 0x79, 0xB4, 0xB3, 0x9E, 0xBF,
    0xBA, 0xFE, 0xD2, 0x68, 0x75, 0x65, 0xFB, 0x90, 0xE5, 0xED, 0x96, 0xCB, 0xDB, 0x0D, 0x32, 0x3E,
    0x97, 0x77, 0x46, 0xCB, 0x2B, 0xEB, 0xC3, 0xD5, 0x2B, 0x2B, 0x6A, 0xDE, 0x17, 0x25, 0x9E, 0x46,
    0x39, 0xF2, 0x23, 0x00, 0x20, 0x9D, 0xEB, 0xDE, 0xC6, 0x66, 0xAF, 0xE8, 0x15, 0xEA, 0x43, 0x30,
    0x5D, 0x72, 0xDB, 0x8A, 0x77, 0xD1, 0x71, 0xAC, 0x87, 0x4C, 0x3D, 0x7F, 0xF6, 0x8C, 0x3C, 0xC5,
    0x01, 0xD7, 0xFB, 0xAC, 0x16, 0x8C, 0x43, 0x07, 0xEB, 0x70, 0x65, 0x51, 0x27, 0xB6, 0x00, 0x3B,
    0xEB, 0xB3, 0x66, 0xFD, 0xA5, 0xC1, 0x68, 0x65, 0xBB, 0x28, 0x96, 0xA3, 0x2E, 0x6F, 0x1B, 0x2F,
    0xB7, 0x8B, 0xC3, 0xE5, 0x9D, 0xA2, 0x58, 0x59, 0x2F, 0x06, 0x57, 0x56, 0x82, 0x6E, 0x85, 0x3D,
    0xB9, 0x85, 0x59, 0x07, 0xBA, 0xFC, 0xA9, 0xDB, 0x8E, 0x77, 0x56, 0x12, 0xA9, 0x27, 0x35, 0x0E,
    0xA1, 0xE4, 0xFA, 0xC9, 0x9F, 0x01, 0xC0, 0xA2, 0x97, 0xCE, 0x51, 0xAF, 0x70, 0x59, 0x43, 0x06,
    0x05, 0x49, 0x8D, 0xFE, 0x05, 0x66, 0x0E, 0xA0, 0xDA, 0x8D, 0xE2, 0x4A, 0xC1, 0xA1, 0xF4, 0x8C,
    0xD6, 0xDE, 0xF2, 0xDE, 0x58, 0xAC, 0xF0, 0xDA, 0x0D, 0x48, 0xFD, 0x48, 0xF8, 0xA9, 0xA8, 0x3B,
    0x51, 0xB5, 0xD2, 0x35, 0xEA, 0x23, 0xAF, 0x6F, 0x79, 0x7D, 0xFB, 0x6B, 0x7D, 0xBF, 0xDB, 0x68,
    0x9A, 0x4D, 0x28, 0x60, 0x0A, 0x6F, 0x81, 0x0C, 0x3E, 0x7B, 0xE0, 0xCC, 0x8F, 0x2A, 0xBE, 0xCA,
    0x07, 0x8E, 0xF4, 0x69, 0x05, 0x8C, 0x0A, 0x81, 0x44, 0xB9, 0xD4, 0x99, 0x12, 0x20, 0x73, 0xCF,
    0x39, 0x69, 0x55, 0xA9, 0x89, 0x37, 0x33, 0x2B, 0x5A, 0xDD, 0xEB, 0x6D, 0x6D, 0x6E, 0xF6, 0xFA,
    0xAA, 0x86, 0x71, 0xB3, 0x5A, 0xA0, 0x7B, 0xA8, 0x77, 0x11, 0x9F, 0x20, 0xEE, 0x58, 0xF1, 0x49,
    0xA9, 0x5F, 0x67, 0xA3, 0xA0, 0xF0, 0x7C, 0xE0, 0x58, 0x10, 0x98, 0x08, 0x97, 0x38, 0xE1, 0x44,
    0x29, 0xED, 0x2A, 0xAA, 0xDC, 0x44, 0x33, 0x41, 0x27, 0xD5, 0x5B, 0xE3, 0x9B, 0x6F, 0x37, 0x68,
    0x39, 0x61, 0x73, 0xDD, 0xB3, 0xBB, 0xEB, 0xA9, 0x42, 0x27, 0x6C, 0x52, 0x29, 0x52, 0x07, 0x89,
    0xA5, 0x84, 0xE7, 0x1D, 0xF5, 0x73, 0x2E, 0x8D, 0xEB, 0x25, 0xD2, 0xAE, 0xA0, 0xCA, 0x3E, 0x1A,
    0x8F, 0x4E, 0x3F, 0x6E, 0xC7, 0xEF, 0xBC, 0x3A, 0x60, 0x65, 0xA9, 0xA0, 0x4F, 0xC1, 0x04, 0x9F,
    0xC6, 0xBD, 0xCA, 0xB2, 0xB7, 0xBE, 0xCA, 0xAC, 0x5D, 0xE2, 0x27, 0x37, 0x96, 0x6B, 0x76, 0x8B,
    0x11, 0x35, 0x07, 0xC2, 0xEA, 0x48, 0x4D, 0xFC, 0x3A, 0x37, 0x0E, 0x76, 0x5E, 0xFC, 0xDA, 0xD7,
    0x87, 0xB3, 0x9B, 0xB7, 0x5A, 0x94, 0x3A, 0x60, 0xFD, 0xFA, 0x84, 0x9D, 0x98, 0x5D, 0xC7, 0x6C,
    0x47, 0x1D, 0x5D, 0xD5, 0x71, 0xF6, 0x16, 0x18, 0xD8, 0x02, 0x60, 0x13, 0xFA, 0x88, 0x86, 0xCC,
    0x61, 0x60, 0x0A, 0xDD, 0xB3, 0x74, 0x19, 0xFB, 0x43, 0xB2, 0x06, 0x00, 0x52, 0x0F, 0x49, 0xC7,
    0x62, 0x41, 0x02, 0x0C, 0x81, 0x39, 0x24, 0x01, 0x44, 0x94, 0x8C, 0xD2, 0x7F, 0x2C, 0xC9, 0x33,
    0xCB, 0x50, 0x5B, 0x66, 0xC1, 0xD1, 0x6A, 0x97, 0x7A, 0xED, 0x44, 0xA5, 0x2A, 0xED, 0x54, 0x6D,
    0x7C, 0xDE, 0x01, 0x80, 0xA8, 0x40, 0xBB, 0x05, 0x63, 0xED, 0x02, 0xAC, 0x1C, 0x98, 0x59, 0x92,
    0x7B, 0x8E, 0xA4, 0x2C, 0xCF, 0xCF, 0xF9, 0xF5, 0x0B, 0xA4, 0xF7, 0x2B, 0xD2, 0x04, 0x80, 0xF3,
    0x73, 0xAC, 0x25, 0x7D, 0xE0, 0x8F, 0x45, 0x59, 0x5E, 0x8C, 0xB5, 0x5C, 0xC2, 0xD0, 0xC1, 0xA4,
    0x82, 0x0F, 0x1C, 0x8C, 0x4B, 0x78, 0xE6, 0x22, 0xB3, 0x0A, 0xB1, 0x83, 0x9A, 0x0B, 0x07, 0xBA,
    0x13, 0x0E, 0x4C, 0x07, 0x30, 0xED, 0x0A, 0x48, 0x9A, 0xB6, 0x0F, 0xE2, 0x6E, 0x68, 0x40, 0x7F,
    0xF4, 0xCD, 0x01, 0xD1, 0xEE, 0x77, 0x61, 0x4F, 0x78, 0xA0, 0x15, 0x7E, 0x19, 0x51, 0x8B, 0x7A,
    0x15, 0xE5, 0xD4, 0xBF, 0x5F, 0xC7, 0x78, 0x13, 0x8E, 0xE0, 0xF9, 0x79, 0xC9, 0x5C, 0x39, 0xE1,
    0x85, 0x53, 0x95, 0xB0, 0xDA, 0x26, 0xE4, 0x25, 0x18, 0x7E, 0xAC, 0x67, 0xA2, 0xAE, 0x93, 0xD9,
    0x4D, 0xD4, 0x97, 0x23, 0x92, 0xF0, 0x25, 0x5C, 0x03, 0x36, 0x81, 0x1C, 0xD0, 0xC0, 0x11, 0x3F,
    0x5C, 0x39, 0x90, 0x39, 0x48, 0x6B, 0x60, 0x0D, 0x11, 0x77, 0x4D, 0xA7, 0x2C, 0x9D, 0x2C, 0x69,
    0x21, 0x69, 0xFB, 0xA4, 0xCD, 0x9B, 0x88, 0xE0, 0x11, 0xDF, 0x4C, 0x10, 0x7E, 0x82, 0xAC, 0x41,
    0x56, 0xAB, 0xA8, 0x6A, 0x03, 0xFD, 0x8F, 0xDF, 0x2C, 0x8E, 0x41, 0x00, 0x86, 0x40, 0x07, 0xA2,
    0x86, 0x84, 0xF3, 0xB3, 0x52, 0x0F, 0xB2, 0x85, 0x8D, 0x02, 0xAE, 0x2E, 0x9D, 0x9F, 0xF3, 0xEC,
    0xB3, 0x90, 0xE7, 0x0B, 0x2D, 0x2D, 0x01, 0x9C, 0x9F, 0x05, 0xA2, 0x26, 0x6D, 0xA1, 0x07, 0x09,
    0x22, 0x44, 0x02, 0xB1, 0x68, 0x23, 0x22, 0x12, 0x10, 0x7E, 0x51, 0xC8, 0x1A, 0x55, 0xA1, 0x1C,
    0xDA, 0x31, 0x6E, 0x01, 0x90, 0xC7, 0x2F, 0x03, 0x58, 0xFB, 0x7F, 0x16, 0xE6, 0x30, 0x2B, 0xD3,
    0xCF, 0x5C, 0x42, 0x79, 0xF6, 0x55, 0xC9, 0xDB, 0x56, 0xDC, 0xAB, 0x63, 0x51, 0x96, 0x70, 0xF6,
    0x38, 0x64, 0xF8, 0x16, 0xBA, 0x37, 0x1C, 0x5D, 0x6C, 0xB4, 0xC2, 0x27, 0x51, 0x69, 0x23, 0x7C,
    0x1E, 0x6E, 0x7A, 0xF1, 0xE4, 0xAE, 0x55, 0x25, 0x2B, 0xED, 0x54, 0x65, 0xD0, 0xB7, 0x3A, 0xC6,
    0xE1, 0x3D, 0xE0, 0x7D, 0x0B, 0x62, 0xE6, 0xE0, 0xD2, 0x25, 0x00, 0x40, 0x1C, 0x89, 0x00, 0x81,
    0x0E, 0x02, 0x2D, 0x04, 0xDB, 0x90, 0x04, 0xE7, 0x49, 0x1F, 0xDD, 0xF5, 0x88, 0x7B, 0x0F, 0x1E,
    0x7F, 0xF9, 0x6F, 0x8D, 0xF8, 0x34, 0x54, 0x08, 0x17, 0x1C, 0xD2, 0x8D, 0x1D, 0xCA, 0x19, 0x87,
    0xB6, 0xB9, 0x65, 0xEC, 0xB5, 0x05, 0x00, 0x5D, 0x82, 0xAA, 0x20, 0xF1, 0xC0, 0x55, 0xC8, 0x8E,
    0xE0, 0xC8, 0x94, 0xC2, 0x6B, 0xA7, 0x2B, 0x59, 0x67, 0x2E, 0xEE, 0xD0, 0x0A, 0x6F, 0x88, 0x42,
    0x46, 0xA9, 0xDA, 0xA0, 0x9D, 0x21, 0xB7, 0x99, 0x35, 0xA8, 0xBB, 0x1D, 0x49, 0xA8, 0x00, 0x80,
    0x1C, 0xD8, 0x5F, 0xB0, 0x92, 0xF2, 0x02, 0xAC, 0x16, 0x44, 0x07, 0x7A, 0x03, 0x96, 0x2E, 0x9D,
    0x9F, 0x93, 0xFE, 0xB6, 0x64, 0x35, 0xC0, 0xD5, 0xAB, 0x00, 0xE7, 0xE7, 0x5C, 0xBE, 0x0C, 0xFA,
    0x95, 0xF2, 0x58, 0x70, 0x21, 0xD6, 0x6B, 0xBC, 0xD8, 0x67, 0xB2, 0x9A, 0x3A, 0xF1, 0x3B, 0xE8,
    0xE0, 0x90, 0xF4, 0x5F, 0x28, 0x61, 0x37, 0xA9, 0x77, 0xD9, 0x01, 0x20, 0x01, 0xA4, 0x23, 0x0B,
    0x65, 0x0C, 0x78, 0x8C, 0xAC, 0x74, 0x15, 0xEA, 0xEC, 0xD6, 0x43, 0x9F, 0xDF, 0xBC, 0xED, 0x8D,
    0xBA, 0xE9, 0x4D, 0x16, 0x03, 0x06, 0x31, 0x60, 0x1A, 0x03, 0x62, 0x6C, 0xFE, 0x38, 0x2A, 0x06,
    0xE8, 0x50, 0xB1, 0x05, 0x2C, 0x01, 0x00, 0x0C, 0x81, 0xBC, 0x04, 0x51, 0x01, 0x37, 0x30, 0xAD,
    0x79, 0xBC, 0x5D, 0x1B, 0x55, 0x46, 0x91, 0x59, 0x1D, 0xDB, 0x19, 0x86, 0xAD, 0xA8, 0x41, 0x54,
    0xC1, 0x30, 0x6A, 0x9F, 0x29, 0x86, 0x86, 0xFC, 0x9D, 0x1A, 0x19, 0x4A, 0x00, 0x60, 0x04, 0x49,
    0xBB, 0x60, 0x5D, 0xE2, 0xFC, 0x2C, 0x51, 0x83, 0xF6, 0x30, 0x18, 0xC1, 0xDA, 0xD5, 0xF3, 0x73,
    0xAE, 0x5D, 0x83, 0xE1, 0x10, 0x06, 0x83, 0x27, 0x67, 0xCF, 0x05, 0x7F, 0xBF, 0x06, 0x84, 0x07,
    0x5D, 0xC2, 0x12, 0xCC, 0x9A, 0x50, 0x69, 0x67, 0x50, 0x6E, 0x8A, 0xAC, 0x1B, 0xC4, 0xC3, 0x1A,
    0xF1, 0xC8, 0x91, 0x06, 0x60, 0xCE, 0xC9, 0xFF, 0xB8, 0x1B, 0x10, 0x51, 0xD9, 0x9C, 0xC8, 0xB3,
    0xDF, 0xF7, 0x08, 0x2D, 0xC9, 0xB7, 0xF3, 0xD8, 0x37, 0x08, 0xFF, 0x44, 0xFB, 0xC8, 0x2F, 0x3A,
    0x54, 0xA8, 0x50, 0x15, 0x64, 0x51, 0xE3, 0x16, 0xC0, 0xD4, 0x11, 0xD6, 0x21, 0xEA, 0x11, 0xCA,
    0x8D, 0xD0, 0x31, 0x58, 0xBF, 0xD3, 0x92, 0xFD, 0xAA, 0x24, 0xDB, 0x82, 0xDC, 0x94, 0x98, 0xE8,
    0x36, 0xB2, 0x61, 0xB8, 0xD6, 0x31, 0x3C, 0xEC, 0x18, 0xB5, 0x0D, 0x53, 0x53, 0xD1, 0x02, 0x1E,
    0x4C, 0x15, 0x05, 0xF0, 0x1A, 0x74, 0x60, 0x40, 0x3A, 0x80, 0xE0, 0xE5, 0x3D, 0x9F, 0xDD, 0xAC,
    0x8D, 0xA8, 0x86, 0xD2, 0xED, 0x2B, 0xB7, 0xA7, 0x1F, 0x97, 0x31, 0x7F, 0xD7, 0x5F, 0x35, 0xD1,
    0x4D, 0xEA, 0x91, 0x35, 0x1B, 0x9C, 0x6E, 0xD6, 0x0E, 0x53, 0xE3, 0xFD, 0xE9, 0xCE, 0xE1, 0x4B,
    0x7C, 0x5E, 0xC3, 0x19, 0x98, 0x07, 0x6F, 0xD2, 0x75, 0x1C, 0x1C, 0x9C, 0xC9, 0x2C, 0x2B, 0xAE,
    0x4F, 0xE8, 0xEF, 0xD2, 0xF7, 0x64, 0xEE, 0x74, 0x7F, 0x78, 0xE4, 0xD5, 0x3F, 0xDB, 0x36, 0x7B,
    0xD9, 0xB7, 0x46, 0x7E, 0xEC, 0x87, 0x2A, 0xD8, 0x3D, 0x55, 0x11, 0x0D, 0x6B, 0x51, 0x13, 0x33,
    0xFB, 0xAA, 0xD6, 0x5F, 0xCC, 0x49, 0x02, 0xB1, 0x93, 0xFD, 0x12, 0x03, 0x43, 0xD8, 0x5B, 0x94,
    0xC0, 0x64, 0xE8, 0x96, 0xC4, 0x91, 0xC6, 0xF2, 0xE0, 0xD1, 0x15, 0x00, 0x16, 0xE1, 0xA1, 0x83,
    0x0C, 0x80, 0x39, 0xF2, 0x13, 0xAB, 0x63, 0x6A, 0x5E, 0x9A, 0x23, 0xC6, 0x96, 0x3D, 0xD8, 0x17,
    0xE5, 0x62, 0x39, 0x89, 0x45, 0x56, 0x64, 0x96, 0xFE, 0x19, 0xCC, 0x06, 0x82, 0x15, 0xB7, 0xDD,
    0xA9, 0xCE, 0xE4, 0xD3, 0x4A, 0x3C, 0xF4, 0xE9, 0x17, 0x35, 0x9C, 0x8E, 0xBD, 0x86, 0x41, 0xBB,
    0xA4, 0x86, 0xDC, 0xBD, 0xE1, 0xB4, 0xCD, 0xCA, 0x9C, 0x1C, 0xC3, 0x10, 0xF3, 0x7E, 0x5E, 0xC5,
    0xF6, 0x34, 0x69, 0xA5, 0x7D, 0x7A, 0x57, 0x78, 0xDD, 0x16, 0xC5, 0xD3, 0x7B, 0xBD, 0x9E, 0x31,
    0xBD, 0x1E, 0x3C, 0xBD, 0x9B, 0xB6, 0xA4, 0x73, 0xCF, 0xD8, 0xCA, 0x50, 0xA6, 0x31, 0x3E, 0x38,
    0xF5, 0x79, 0x95, 0xBD, 0x5C, 0x1B, 0xE1, 0x87, 0xA2, 0xDE, 0x8B, 0xA5, 0xDC, 0x50, 0x3B, 0xF3,
    0x06, 0xAA, 0x85, 0xBF, 0x6C, 0x27, 0x77, 0x2A, 0x00, 0xC8, 0xEF, 0xD4, 0x79, 0xF0, 0xFA, 0x33,
    0x1F, 0xFF, 0x70, 0xB9, 0xA8, 0x8D, 0xAC, 0xCC, 0xB1, 0x73, 0x4F, 0xFF, 0x75, 0xAA, 0x5B, 0xDE,
    0x23, 0x69, 0xA2, 0x1F, 0x14, 0x40, 0x12, 0xCA, 0x63, 0xAC, 0x3F, 0xC6, 0xFA, 0x7D, 0xE1, 0xF7,
    0x64, 0xF5, 0x03, 0x16, 0x8B, 0xA8, 0xD1, 0x8E, 0xC1, 0x19, 0xCC, 0xB9, 0x65, 0xE6, 0x92, 0xBB,
    0xF5, 0xE9, 0xCE, 0xE9, 0x76, 0xFA, 0x87, 0x0A, 0xCE, 0xC0, 0xAC, 0xEB, 0xF4, 0x81, 0xC7, 0xFB,
    0x33, 0x99, 0xB7, 0x88, 0x3A, 0xF9, 0x99, 0x13, 0x00, 0x38, 0xD9, 0xAB, 0xBE, 0x1B, 0xE6, 0x2B,
    0xDE, 0xE4, 0x7E, 0xF8, 0x33, 0xBF, 0xFF, 0xD0, 0x8F, 0x3F, 0xAE, 0xC6, 0xEF, 0x46, 0x0E, 0x59,
    0x4B, 0x1F, 0x5E, 0xF8, 0xFE, 0x24, 0xD8, 0x07, 0x65, 0x81, 0xF1, 0x47, 0x4D, 0x76, 0xCB, 0xEB,
    0x9B, 0x71, 0xAA, 0xF5, 0x62, 0xAA, 0xC3, 0xC5, 0xFC, 0x67, 0xFF, 0xC9, 0xBE, 0x6A, 0xE0, 0x06,
    0xA9, 0x47, 0x55, 0x6C, 0x70, 0xBA, 0x59, 0x3B, 0x4C, 0x85, 0xF7, 0xA7, 0x3B, 0x27, 0x13, 0xDA,
    0x96, 0xA6, 0x81, 0x33, 0x60, 0x79, 0x06, 0xD8, 0x07, 0x5A, 0x10, 0x0E, 0x00, 0xE5, 0xB5, 0xBD,
    0xDC, 0xE6, 0x25, 0xDD, 0x00, 0xA6, 0x53, 0xD8, 0x6B, 0xC0, 0x3C, 0x39, 0xEF, 0x1C, 0xE4, 0x65,
    0x14, 0x30, 0x80, 0x9D, 0x16, 0x66, 0x1E, 0x8C, 0x85, 0xE4, 0x43, 0xD2, 0x23, 0x98, 0x42, 0x77,
    0x5C, 0xA1, 0x49, 0x8E, 0xA6, 0xA9, 0x1F, 0x8A, 0xC5, 0xE4, 0xEB, 0x7D, 0x59, 0x4D, 0x95, 0x6B,
    0xD5, 0x67, 0xB5, 0x0E, 0xA5, 0xB6, 0xC4, 0x8A, 0xA4, 0xE0, 0x61, 0x63, 0x03, 0x8C, 0x59, 0x3C,
    0xE1, 0x42, 0x9B, 0xF8, 0x1F, 0xAD, 0xD9, 0x01, 0x84, 0x65, 0x59, 0x62, 0xC6, 0xF1, 0xFF, 0xBD,
    0xA7, 0xA6, 0xEF, 0x66, 0xCE, 0x76, 0x9D, 0xC2, 0x88, 0x48, 0x75, 0xCF, 0x5D, 0x11, 0x44, 0xB6,
    0x7A, 0x4E, 0x63, 0x44, 0x91, 0xAA, 0x7B, 0x2E, 0x0B, 0x18, 0x32, 0x0D, 0x00, 0x18, 0x00, 0x88,
    0x5E, 0x0C, 0x82, 0x7E, 0xF5, 0xCE, 0x1A, 0x0C, 0x59, 0xEC, 0x40, 0x00, 0x92, 0x26, 0xC1, 0x66,
    0x60, 0x0A, 0x13, 0x46, 0xF6, 0xF5, 0xBC, 0xD3, 0x3D, 0x21, 0x24, 0x92, 0x39, 0x99, 0x9E, 0x91,
    0x30, 0x98, 0x33, 0x66, 0x19, 0xCC, 0x32, 0x67, 0x77, 0x6E, 0xEB, 0xDB, 0xDB, 0xF7, 0xBD, 0x93,
    0x53, 0xAF, 0x1E, 0x2F, 0x3D, 0xD9, 0x52, 0xAF, 0x5E, 0x8D, 0x3A, 0xDF, 0x01, 0xDE, 0xF9, 0x7D,
    0xF7, 0x76, 0xBD, 0x73, 0xCF, 0xAD, 0xA6, 0x4C, 0x81, 0xE2, 0xED, 0xB7, 0x00, 0xA0, 0x01, 0xE6,
    0x50, 0x24, 0x10, 0x39, 0x55, 0x8E, 0x7A, 0xA7, 0x45, 0xD7, 0x96, 0x46, 0x59, 0xA6, 0xC9, 0xD1,
    0x2B, 0x57, 0x46, 0xE5, 0x84, 0x97, 0x5E, 0x39, 0x19, 0x4C, 0xD4, 0x03, 0xA9, 0x07, 0x00, 0x52,
    0xAC, 0xBE, 0x88, 0xF5, 0x1B, 0xC1, 0x08, 0xDF, 0x54, 0xEE, 0x48, 0xBA, 0x91, 0x3A, 0x19, 0xC6,
    0x7C, 0xAC, 0xBE, 0xEA, 0x00, 0x28, 0xDC, 0x5D, 0xF0, 0x1E, 0x92, 0x85, 0x17, 0xB8, 0x14, 0xBB,
    0xB3, 0xC5, 0xF1, 0xCB, 0xBC, 0x7E, 0x8C, 0x71, 0xEB, 0xF9, 0x1B, 0x3A, 0x94, 0x2D, 0x6C, 0x03,
    0x2F, 0x02, 0xCA, 0xAF, 0x21, 0x95, 0x16, 0x09, 0x0A, 0x54, 0x00, 0x00, 0xA0, 0x06, 0xC6, 0x40,
    0x07, 0xB4, 0xB0, 0x3B, 0x6F, 0x99, 0x4B, 0x27, 0xA2, 0x70, 0xD2, 0x0B, 0xAB, 0x6C, 0x81, 0x6E,
    0xC1, 0xC0, 0x2A, 0x7C, 0x2F, 0xE7, 0x3A, 0xB5, 0xDD, 0x43, 0xFE, 0xF2, 0x0E, 0x45, 0xFA, 0x25,
    0x60, 0x11, 0x01, 0x65, 0x39, 0x00, 0x28, 0x12, 0x32, 0xD9, 0xFA, 0x15, 0x0C, 0x34, 0x30, 0x3A,
    0x1D, 0x02, 0x53, 0xA3, 0x7A, 0x20, 0x47, 0xCC, 0x40, 0xBD, 0x0A, 0x5B, 0xC5, 0xE6, 0xA8, 0x69,
    0xF9, 0x85, 0x2B, 0x3F, 0xF2, 0x6B, 0x88, 0xAF, 0x01, 0xDD, 0x32, 0x00, 0x6C, 0xAE, 0x5E, 0x07,
    0x03, 0x2F, 0x01, 0x9C, 0x0F, 0xCB, 0xAA, 0x45, 0x7C, 0x06, 0xE5, 0x00, 0xDC, 0xDA, 0x1C, 0x8D,
    0x91, 0xA9, 0xC3, 0xAC, 0x21, 0x56, 0x3F, 0xB2, 0xAC, 0x44, 0xAA, 0xF4, 0x04, 0x86, 0xDB, 0x8E,
    0xA1, 0x0A, 0xF4, 0x22, 0x16, 0x39, 0x65, 0x27, 0xE2, 0x33, 0x3F, 0x41, 0xFA, 0xCA, 0xAB, 0xDC,
    0xC8, 0xA0, 0x1E, 0x0C, 0x8C, 0xD3, 0x5B, 0x70, 0x65, 0x88, 0x5C, 0x79, 0x12, 0xE0, 0xB7, 0x8E,
    0xE2, 0xB1, 0xA5, 0x8C, 0x59, 0x8E, 0xC8, 0x2F, 0x23, 0xF9, 0x17, 0x0C, 0x23, 0x02, 0x4D, 0xE5,
    0x19, 0x49, 0x77, 0x1A, 0xE5, 0x30, 0xE6, 0x7F, 0xC8, 0xBF, 0x67, 0x67, 0x9A, 0x3A, 0xBD, 0x71,
    0x9E, 0x99, 0xD3, 0x03, 0x39, 0x26, 0xC1, 0xEF, 0x3F, 0x5A, 0xDB, 0x44, 0xCF, 0xE1, 0x0F, 0xFF,
    0x11, 0x00, 0x91, 0x52, 0xB6, 0xA5, 0xCD, 0x7E, 0x4B, 0x0F, 0x45, 0xBF, 0x4F, 0xD9, 0xBD, 0x8E,
    0x48, 0x11, 0xF1, 0xE8, 0x18, 0x11, 0x8F, 0xA9, 0x02, 0x54, 0x7E, 0x1B, 0xE9, 0x5F, 0x44, 0x7D,
    0xF2, 0x97, 0xD9, 0x1F, 0x10, 0x29, 0x00, 0x00, 0x73, 0xAA, 0x0F, 0xAD, 0x52, 0xCE, 0xE8, 0xD6,
    0xCC, 0x18, 0x5B, 0x46, 0x70, 0x24, 0xDA, 0xE5, 0x2D, 0x06, 0xF8, 0x7E, 0x05, 0x57, 0xAF, 0x82,
    0xEA, 0xA1, 0x68, 0x2F, 0xC5, 0xD2, 0xEE, 0x14, 0x2E, 0x14, 0x1F, 0x39, 0xA6, 0xAC, 0xE7, 0x5B,
    0x10, 0x11, 0xCA, 0x00, 0x5C, 0xD2, 0xDE, 0x83, 0x06, 0x6E, 0xAC, 0x05, 0x6F, 0x8C, 0x88, 0xE5,
    0x4E, 0x75, 0xBD, 0x85, 0xDA, 0xAD, 0x21, 0xE1, 0x11, 0x96, 0x2A, 0xCF, 0x1D, 0x6C, 0x3F, 0x0F,
    0xEA, 0x0E, 0x54, 0x11, 0x8A, 0x76, 0xE3, 0x16, 0xC5, 0xE7, 0x81, 0xA7, 0x96, 0xF1, 0x1A, 0x3A,
    0x13, 0x28, 0xE7, 0x20, 0x7F, 0x06, 0x5B, 0x05, 0xC8, 0x64, 0x79, 0xFF, 0x15, 0x2F, 0x3A, 0xE1,
    0x64, 0x10, 0x4E, 0xB9, 0xA2, 0x5D, 0x7D, 0x6B, 0x53, 0x30, 0x98, 0xD6, 0x70, 0xFA, 0x53, 0xBB,
    0x23, 0x64, 0x77, 0xEF, 0xF4, 0x5B, 0x5B, 0x67, 0xCE, 0x15, 0x21, 0x00, 0x45, 0x1A, 0xAA, 0x2F,
    0x83, 0xFA, 0x20, 0xA8, 0x37, 0xBD, 0xFA, 0xD0, 0x89, 0x84, 0x58, 0x5C, 0x9D, 0x4A, 0x6D, 0xA3,
    0xFD, 0x44, 0xC4, 0x89, 0x08, 0x46, 0x3A, 0x35, 0x03, 0x80, 0xAA, 0xB4, 0x54, 0x02, 0xC4, 0x0C,
    0xB8, 0x05, 0xB0, 0x79, 0x8B, 0x76, 0x87, 0x70, 0x93, 0x18, 0x30, 0x16, 0xB8, 0x60, 0x97, 0xD7,
    0x80, 0x7E, 0x99, 0x9D, 0xCB, 0xF5, 0xD8, 0x06, 0x0D, 0x8A, 0x0B, 0x97, 0xD8, 0x14, 0x04, 0x38,
    0x04, 0x8E, 0x80, 0x6B, 0xC0, 0xEB, 0x00, 0x00, 0x50, 0xB5, 0x5C, 0x07, 0xDD, 0x52, 0x5F, 0xB0,
    0x0B, 0x0D, 0x40, 0x6A, 0x41, 0x3C, 0x74, 0x50, 0xD0, 0x52, 0xA5, 0x9F, 0x26, 0xCB, 0xC0, 0x00,
    0x03, 0x3D, 0xF4, 0x45, 0x4F, 0xD1, 0x97, 0x1D, 0x27, 0x7B, 0x1E, 0x22, 0xA5, 0x3C, 0x45, 0x71,
    0x32, 0x55, 0x81, 0x2A, 0xE4, 0x49, 0x7A, 0xE9, 0xC9, 0xEB, 0x39, 0x54, 0x9E, 0x18, 0xF7, 0xD3,
    0x8E, 0x62, 0xA0, 0x1A, 0xD8, 0x56, 0x00, 0xBB, 0x11, 0x1D, 0xA8, 0x3C, 0xD2, 0xA1, 0xF2, 0x48,
    0x5E, 0x9D, 0x3C, 0xD6, 0xA3, 0x16, 0x41, 0x57, 0xB9, 0x89, 0x6F, 0x16, 0x4F, 0xF6, 0x89, 0xFA,
    0x97, 0x89, 0xEC, 0xBE, 0xC5, 0xCB, 0x94, 0x12, 0x65, 0x5F, 0xF6, 0x17, 0xE3, 0x33, 0xB9, 0xBB,
    0x20, 0xCD, 0x40, 0xFD, 0xF1, 0x39, 0x24, 0xFF, 0xF0, 0x9A, 0x98, 0xBA, 0xE2, 0x39, 0x00, 0xB1,
    0xC0, 0x19, 0xA0, 0xA7, 0x38, 0x41, 0x33, 0xB4, 0x1C, 0x0B, 0x2A, 0x43, 0x2C, 0x10, 0xD4, 0x5F,
    0xFF, 0x59, 0x0F, 0xA0, 0xDD, 0x6D, 0xA7, 0x6C, 0xDD, 0x6A, 0x34, 0x86, 0x06, 0x73, 0x57, 0x7B,
    0x92, 0xE5, 0xED, 0x16, 0x2E, 0xB8, 0xE2, 0x00, 0x67, 0xAE, 0x08, 0xA5, 0x0B, 0xC5, 0x7D, 0x47,
    0x6A, 0x79, 0xE1, 0x62, 0xEB, 0x6E, 0xB1, 0x77, 0xF5, 0xFA, 0x9E, 0x8A, 0x67, 0xAD, 0xBD, 0xFE,
    0x4A, 0x15, 0x5C, 0x83, 0x83, 0x16, 0xED, 0x00, 0x84, 0xAF, 0x82, 0xF0, 0x67, 0x2D, 0x7B, 0x95,
    0x7D, 0xFE, 0x89, 0x31, 0xC0, 0x1F, 0x40, 0x03, 0x87, 0xB0, 0x75, 0xB1, 0xE6, 0x67, 0xB4, 0x9D,
    0x76, 0x0C, 0xD4, 0x8E, 0x3C, 0x59, 0x7A, 0x74, 0x5B, 0xE4, 0x89, 0xB2, 0xC3, 0x20, 0xE2, 0xE9,
    0xD4, 0x90, 0xA7, 0x23, 0xAA, 0xD0, 0x4E, 0x90, 0x3E, 0x0C, 0xC8, 0xFB, 0xA1, 0x47, 0x3D, 0x78,
    0x1C, 0x19, 0x3F, 0xC9, 0xBE, 0xF0, 0x87, 0x55, 0x30, 0x79, 0x06, 0x00, 0x7D, 0x7F, 0xB8, 0xFD,
    0x60, 0x50, 0x76, 0xA8, 0xDB, 0x5E, 0xD3, 0xE9, 0x22, 0x9A, 0x32, 0x36, 0x22, 0x9A, 0xBF, 0x8F,
    0xFA, 0xA1, 0xA7, 0x72, 0x48, 0x5B, 0x24, 0x8A, 0xDF, 0xB1, 0x9B, 0xD6, 0x73, 0xB2, 0xB5, 0x48,
    0xE6, 0xC8, 0x5A, 0x8E, 0x03, 0xB5, 0x0A, 0xB5, 0xE5, 0x40, 0xC3, 0x81, 0x81, 0xD1, 0x3D, 0x30,
    0x1D, 0xA0, 0x1C, 0xC6, 0x13, 0x23, 0xC0, 0x74, 0x31, 0x0C, 0xAB, 0x43, 0xD0, 0x64, 0x31, 0x06,
    0xE8, 0x21, 0x52, 0x06, 0xC6, 0x8E, 0x06, 0x44, 0x7A, 0x67, 0x60, 0x50, 0x9E, 0x41, 0x43, 0x7F,
    0x87, 0xE2, 0x49, 0x47, 0xF9, 0xD4, 0x23, 0x92, 0xCD, 0x71, 0x88, 0xA7, 0x81, 0x7C, 0x66, 0x46,
    0x7E, 0xD4, 0x23, 0xDD, 0x90, 0x91, 0xF7, 0x19, 0x77, 0xDA, 0x03, 0xD0, 0x00, 0x06, 0xD8, 0x06,
    0xF6, 0x01, 0x60, 0x37, 0xA0, 0x3D, 0xD2, 0xB1, 0xFC, 0x6A, 0xBE, 0x19, 0xD4, 0xDF, 0xC5, 0xFA,
    0x4E, 0xD0, 0x11, 0x93, 0x47, 0x4F, 0x33, 0x61, 0x74, 0xC8, 0x44, 0xEF, 0x0C, 0x2A, 0x02, 0x95,
    0x43, 0x3A, 0x4A, 0x87, 0x02, 0x40, 0x3F, 0x88, 0xB7, 0x7F, 0x1A, 0xEB, 0xBF, 0xD8, 0xD1, 0x07,
    0x98, 0x77, 0x31, 0x1D, 0xCD, 0xC0, 0xE8, 0xE8, 0xE6, 0xC4, 0x84, 0x89, 0xB2, 0x00, 0xE4, 0x8E,
    0x03, 0xC2, 0x53, 0x2C, 0x3A, 0xCE, 0xCE, 0xFC, 0x67, 0xAF, 0xFC, 0x9E, 0x74, 0x07, 0xEA, 0x93,
    0xBF, 0x1A, 0xA7, 0x0E, 0x05, 0x06, 0x7A, 0x0A, 0x4B, 0x6E, 0xF8, 0xC3, 0xD5, 0xE6, 0xB1, 0x18,
    0x96, 0xBA, 0x45, 0x83, 0x06, 0x03, 0xCD, 0x62, 0x1C, 0xDD, 0xC5, 0xF8, 0x8B, 0x10, 0x50, 0x44,
    0xCA, 0x0E, 0x8E, 0x29, 0x1D, 0xC0, 0x95, 0xFE, 0xF9, 0xBE, 0xE8, 0xCA, 0xE5, 0x71, 0xAE, 0xF2,
    0xD2, 0x49, 0xA7, 0x9C, 0xB2, 0xCA, 0xD6, 0x3F, 0x57, 0x1D, 0x68, 0x0C, 0x8A, 0x7D, 0x00, 0x54,
    0x96, 0xFE, 0x16, 0x66, 0x7B, 0x30, 0xEC, 0x43, 0x0F, 0x59, 0xA3, 0xEC, 0xC8, 0xD2, 0x2A, 0x99,
    0x24, 0x9B, 0x64, 0x94, 0xAC, 0x92, 0x59, 0x76, 0xBF, 0x74, 0xBB, 0x5F, 0xB5, 0xD5, 0x67, 0xC8,
    0xFF, 0x58, 0xEF, 0x72, 0x98, 0x01, 0x03, 0xDF, 0x46, 0xE2, 0x49, 0xCE, 0x40, 0xCE, 0xB8, 0x67,
    0xAF, 0xA2, 0xD5, 0x79, 0xF7, 0xEC, 0xB7, 0x6D, 0x99, 0xAC, 0x98, 0x21, 0x23, 0x26, 0xF2, 0xC3,
    0x67, 0xEF, 0xD9, 0x95, 0x81, 0x2B, 0x3D, 0xF4, 0x14, 0x1D, 0xE5, 0xAF, 0x11, 0x09, 0x31, 0x50,
    0x07, 0x8C, 0x67, 0xD7, 0xB1, 0xB4, 0x2C, 0xEA, 0x57, 0xC8, 0x0E, 0x00, 0x40, 0x3A, 0xA0, 0xB6,
    0xC0, 0x1D, 0x80, 0x16, 0xC4, 0x4C, 0x24, 0x48, 0x0C, 0x90, 0xE8, 0x21, 0xD9, 0x8E, 0x22, 0xB9,
    0x48, 0xF9, 0xF4, 0xF3, 0x88, 0xF8, 0xE2, 0x37, 0x27, 0xD3, 0xE3, 0x80, 0xF8, 0xAF, 0xE4, 0x11,
    0x2E, 0x39, 0x2A, 0x37, 0x76, 0x48, 0x67, 0x1C, 0xCA, 0x6A, 0xCB, 0x38, 0x66, 0x04, 0xDE, 0x42,
    0x44, 0xB2, 0x78, 0x08, 0xA0, 0x3F, 0x0B, 0x3A, 0x45, 0xF5, 0x30, 0xD6, 0x3F, 0x8A, 0x5A, 0x04,
    0x53, 0x79, 0x23, 0x5D, 0xA3, 0xDC, 0x28, 0x6F, 0xF0, 0xAA, 0xFF, 0xAE, 0x48, 0x00, 0x0D, 0x60,
    0x00, 0x14, 0xC0, 0x3E, 0xC0, 0xF9, 0x0D, 0x96, 0x5F, 0x1D, 0x4F, 0x91, 0x67, 0x00, 0x28, 0xEF,
    0x3B, 0x28, 0x9E, 0x5A, 0x60, 0x0E, 0xF0, 0x02, 0x7C, 0x47, 0x3D, 0x63, 0x64, 0xEC, 0x30, 0xED,
    0xB9, 0xAD, 0xAA, 0xD9, 0xD4, 0x91, 0x1E, 0x76, 0x0B, 0x32, 0xFF, 0x14, 0x3D, 0x43, 0xD9, 0x2D,
    0xDE, 0x6F, 0x56, 0xEF, 0x55, 0x41, 0xC4, 0xCA, 0x8B, 0x28, 0x5D, 0x15, 0x94, 0x93, 0x7E, 0xDC,
    0x2D, 0x37, 0x37, 0xF1, 0xAA, 0x45, 0x26, 0xA8, 0x7A, 0xCE, 0x56, 0xDC, 0x44, 0x59, 0x6A, 0x30,
    0xA8, 0x09, 0x2A, 0x80, 0x4A, 0x2D, 0xCF, 0xBF, 0x0D, 0x00, 0xF5, 0x0C, 0x66, 0xA6, 0x15, 0x51,
    0x39, 0xE5, 0xAB, 0x50, 0x3B, 0x11, 0xB5, 0x15, 0xD1, 0x90, 0x43, 0x95, 0x23, 0x83, 0xC9, 0x92,
    0x41, 0xDB, 0xDA, 0x1A, 0xE4, 0xE7, 0x03, 0x45, 0xF2, 0x94, 0x29, 0x02, 0x40, 0x91, 0x5A, 0xF9,
    0xA9, 0xCF, 0xA6, 0x11, 0x27, 0x7B, 0xF5, 0x91, 0x88, 0xA3, 0xCA, 0x67, 0xD6, 0xDC, 0x46, 0xF6,
    0x00, 0xB0, 0x2D, 0x40, 0x4A, 0xA8, 0x06, 0xE0, 0xD6, 0xA5, 0x58, 0xDA, 0x1D, 0xFC, 0x8F, 0x89,
    0x9E, 0xB1, 0x5D, 0xDB, 0xA7, 0xEB, 0x11, 0xBF, 0xE9, 0x50, 0xAF, 0x58, 0xB6, 0xB6, 0x36, 0xB7,
    0x9F, 0xBB, 0x02, 0xBA, 0x6E, 0xB9, 0xD7, 0x50, 0x84, 0xC8, 0x52, 0x27, 0xF3, 0x64, 0x9F, 0x5C,
    0x80, 0x26, 0x27, 0x57, 0x20, 0x77, 0x20, 0x97, 0x20, 0xB7, 0x40, 0xF6, 0x90, 0xCD, 0x94, 0x6C,
    0x56, 0x7B, 0x75, 0xE2, 0x76, 0x92, 0x2C, 0x47, 0x38, 0xB1, 0x8F, 0x39, 0xD1, 0x23, 0xD9, 0x4F,
    0x79, 0xA6, 0x0A, 0x81, 0xAC, 0x7A, 0xCF, 0x49, 0x0B, 0x30, 0x68, 0x77, 0x8D, 0xDC, 0xC4, 0x1D,
    0xE4, 0x2E, 0xC9, 0x1E, 0x64, 0xF5, 0x9D, 0xD4, 0x53, 0xCC, 0x65, 0x94, 0x9F, 0xCE, 0xFA, 0x5A,
    0xC4, 0xDE, 0x88, 0x5F, 0x77, 0x8D, 0x48, 0x7E, 0x24, 0x9E, 0x30, 0x92, 0x7E, 0xAB, 0x51, 0x7E,
    0xDF, 0xE8, 0x47, 0x9D, 0xEC, 0xA7, 0x16, 0x00, 0x5E, 0x02, 0xEE, 0x41, 0x19, 0xA0, 0x20, 0x4B,
    0x33, 0x18, 0xC6, 0x2D, 0x43, 0xED, 0x18, 0x94, 0x2B, 0xFA, 0xDA, 0x95, 0x9D, 0x41, 0xC4, 0x7B,
    0x88, 0x14, 0x10, 0xDF, 0x44, 0x44, 0x18, 0xA8, 0x72, 0xA4, 0xBF, 0x87, 0x72, 0x86, 0x71, 0x5F,
    0x07, 0xAE, 0x40, 0xDD, 0xD2, 0x40, 0x04, 0xB8, 0xFD, 0x59, 0x7B, 0x3B, 0x59, 0xF5, 0xDF, 0x6D,
    0x6D, 0x57, 0x9B, 0xDA, 0x21, 0xDC, 0x81, 0xC9, 0x25, 0x10, 0x80, 0xF7, 0x80, 0x01, 0xD8, 0x07,
    0x02, 0x00, 0xEC, 0x3E, 0xF6, 0xBB, 0x29, 0x88, 0x47, 0xBE, 0x0A, 0xAC, 0x36, 0xBA, 0x96, 0x1A,
    0x34, 0xB0, 0x60, 0xEF, 0xC1, 0x35, 0x38, 0x06, 0x80, 0x6D, 0x09, 0xF2, 0x1E, 0x88, 0x0E, 0x8A,
    0x5B, 0x1B, 0xF7, 0x11, 0x6F, 0x5A, 0xF1, 0x35, 0xC5, 0x70, 0xFE, 0x15, 0x03, 0x70, 0x08, 0x03,
    0x22, 0x50, 0x80, 0xEE, 0x8B, 0xFE, 0x48, 0xC4, 0x1B, 0x79, 0x03, 0xAF, 0x02, 0xA2, 0xA7, 0x48,
    0x16, 0x13, 0xA9, 0xFA, 0xAD, 0x62, 0xD8, 0xA3, 0x3F, 0x28, 0x63, 0xF3, 0x8A, 0xAF, 0xE7, 0x80,
    0xA5, 0x5A, 0xFD, 0xB1, 0x8B, 0x84, 0xF8, 0xD0, 0xCA, 0x7F, 0x45, 0x7A, 0x44, 0x07, 0x33, 0x30,
    0x1C, 0x68, 0x0E, 0x0E, 0xA9, 0x3B, 0x28, 0x23, 0xB2, 0xE7, 0xC5, 0x03, 0x5E, 0xD8, 0xBA, 0x00,
    0x61, 0x5A, 0x9E, 0x2E, 0xFE, 0xB4, 0x75, 0xCE, 0xFA, 0x17, 0xA9, 0x7D, 0x13, 0x5E, 0x87, 0x11,
    0xDC, 0x40, 0xF4, 0xE7, 0x37, 0x2F, 0x2D, 0x22, 0x8F, 0x08, 0x91, 0xDA, 0x01, 0x70, 0xF5, 0xD9,
    0x37, 0xF1, 0x6C, 0x93, 0x71, 0xB2, 0x4E, 0xE6, 0xC9, 0x3E, 0xA2, 0x67, 0xD1, 0x00, 0x13, 0xA1,
    0xEA, 0xC9, 0x25, 0xC8, 0x2D, 0xC8, 0x35, 0xC8, 0x3D, 0xC8, 0x45, 0x20, 0x44, 0x9E, 0x3A, 0xCC,
    0xF9, 0x1D, 0xC6, 0x29, 0xF1, 0xDE, 0x91, 0x22, 0x8E, 0x14, 0x77, 0x27, 0xBF, 0x07, 0x03, 0xCB,
    0xAC, 0x9E, 0xED, 0xE5, 0xFF, 0x3D, 0x40, 0xE4, 0x98, 0x01, 0x4A, 0x7B, 0x1A, 0x11, 0x81, 0x9C,
    0x65, 0x7F, 0x84, 0x93, 0xCE, 0xCC, 0x6B, 0x7B, 0x7A, 0x44, 0x36, 0x18, 0x1A, 0xCC, 0x7B, 0x3A,
    0x7C, 0x9F, 0xAB, 0x28, 0x5B, 0xD9, 0xF7, 0x01, 0xEE, 0x1E, 0xC3, 0x3F, 0x7B, 0x30, 0x16, 0x9E,
    0x63, 0xE3, 0x0E, 0x19, 0x43, 0x5A, 0x14, 0xE2, 0x3F, 0x91, 0x0E, 0x33, 0xA7, 0xB6, 0x2C, 0xCF,
    0x2E, 0xAB, 0xA3, 0x6B, 0xE6, 0xD1, 0xE1, 0x4C, 0xC4, 0x24, 0xCF, 0xD9, 0xC8, 0xB3, 0x17, 0x34,
    0x1D, 0x56, 0x17, 0xC4, 0xF3, 0x79, 0x8D, 0x3F, 0x1F, 0x60, 0xE7, 0x16, 0x00, 0xA6, 0x37, 0x51,
    0x39, 0x65, 0x73, 0xDA, 0x1C, 0xF2, 0x27, 0xD0, 0x6D, 0x8D, 0xE1, 0xA5, 0x9C, 0xC3, 0x9C, 0x03,
    0x9A, 0x9C, 0x23, 0x26, 0x18, 0x3A, 0xF4, 0x9B, 0x81, 0x2A, 0xB5, 0x70, 0xF4, 0xC7, 0x7C, 0x1A,
    0x00, 0x60, 0x7C, 0xBF, 0xAB, 0x1F, 0x44, 0xF5, 0x46, 0x7E, 0x68, 0x85, 0xD3, 0x87, 0x56, 0xB3,
    0x78, 0x68, 0x99, 0xE9, 0xAF, 0xEA, 0xAF, 0x3A, 0xCC, 0x0C, 0xFE, 0xF4, 0xE7, 0x97, 0xD3, 0x52,
    0xB7, 0x16, 0x05, 0xF0, 0x27, 0x57, 0x61, 0x6F, 0x0F, 0x54, 0x84, 0xA2, 0xBD, 0x1C, 0xBB, 0xB3,
    0xC3, 0xF1, 0x4D, 0xDE, 0x3D, 0xC6, 0xB8, 0xB5, 0xFC, 0xE2, 0x2E, 0x54, 0x13, 0xD8, 0xBE, 0x06,
    0x57, 0xF7, 0x59, 0x76, 0xD8, 0xDC, 0x97, 0x9E, 0x1B, 0xC7, 0xBC, 0xFC, 0x63, 0xF6, 0x03, 0xB5,
    0x5D, 0xEF, 0xFA, 0xC5, 0x47, 0x11, 0xF5, 0xEF, 0x9E, 0xE6, 0x25, 0x72, 0xFF, 0xCD, 0xED, 0xB2,
    0x6C, 0xA9, 0x7F, 0xE6, 0x68, 0x4C, 0x4B, 0x7C, 0x17, 0x4E, 0x75, 0x32, 0x4F, 0xF6, 0xC9, 0x05,
    0xC8, 0x0D, 0xC8, 0x15, 0xC8, 0x1D, 0xC8, 0x25, 0xC8, 0x2D, 0xC8, 0x35, 0x36, 0x37, 0x6F, 0x02,
    0x1E, 0xCA, 0x8F, 0xA1, 0x18, 0xD6, 0xBA, 0xE3, 0xAB, 0xFF, 0xBA, 0xF0, 0x00, 0x68, 0x80, 0xA9,
    0x85, 0xE2, 0x0B, 0x07, 0x45, 0xDB, 0x32, 0x8D, 0x23, 0x35, 0xD4, 0x6E, 0x26, 0x82, 0xFA, 0xC9,
    0xBC, 0x72, 0xEA, 0x83, 0x79, 0x2E, 0xF6, 0x41, 0x52, 0xF9, 0x26, 0x25, 0x8D, 0xFA, 0x70, 0x7C,
    0x88, 0xFA, 0xDA, 0x4C, 0x50, 0x33, 0xDD, 0x21, 0x07, 0x1D, 0x91, 0xBD, 0x0E, 0xC8, 0x58, 0x3B,
    0xAA, 0xA0, 0x2C, 0xF9, 0x33, 0x80, 0x88, 0xA0, 0x3A, 0x38, 0x38, 0x00, 0xE0, 0x76, 0xF9, 0x93,
    0x38, 0x95, 0xF7, 0x3B, 0xAD, 0x7C, 0xAC, 0x6B, 0x1F, 0xEA, 0xF1, 0x17, 0xAE, 0xFE, 0xC5, 0x97,
    0xAD, 0xFA, 0xE6, 0x6B, 0xD4, 0xC3, 0x01, 0xF5, 0x41, 0x87, 0x12, 0x01, 0xA4, 0x03, 0x1D, 0xE0,
    0xBD, 0x08, 0xED, 0x0E, 0xD3, 0x2E, 0xF9, 0x5C, 0x1E, 0xE9, 0x26, 0x54, 0xA1, 0x43, 0x7C, 0x13,
    0x10, 0x4F, 0x1D, 0x65, 0x02, 0xE6, 0xFF, 0x7F, 0x03, 0x11, 0x39, 0xF5, 0x1C, 0x10, 0x1D, 0xA8,
    0x09, 0xDC, 0xB8, 0x01, 0x80, 0x8C, 0xCA, 0x5E, 0xE9, 0x75, 0xCB, 0x70, 0x08, 0x93, 0x09, 0x8C,
    0x3A, 0x30, 0x31, 0xC7, 0xE7, 0x38, 0xD0, 0x6D, 0x0E, 0x70, 0x08, 0x2F, 0xF7, 0x30, 0x8D, 0x60,
    0x2C, 0xF0, 0x83, 0x1F, 0xC0, 0x30, 0x9C, 0x7E, 0x66, 0x67, 0x07, 0x60, 0xF3, 0x4E, 0x00, 0x34,
    0xCF, 0x9C, 0x49, 0xCA, 0x94, 0x9C, 0xF8, 0x64, 0x6C, 0x85, 0x1B, 0x23, 0xEC, 0x00, 0xA2, 0x03,
    0x19, 0xA0, 0x76, 0x60, 0x80, 0x19, 0x94, 0xFD, 0x16, 0x55, 0x7C, 0x11, 0xE5, 0x6E, 0x60, 0xFE,
    0xE6, 0x0E, 0xE3, 0x34, 0x7C, 0xEB, 0x2D, 0xA4, 0x15, 0xF3, 0xB8, 0x6D, 0xA2, 0x56, 0x4E, 0xE9,
    0x96, 0x11, 0xF4, 0xB9, 0x94, 0x57, 0x0F, 0x82, 0x7E, 0xE4, 0x9A, 0xD4, 0x7E, 0x0F, 0xE0, 0x2D,
    0x28, 0xE3, 0x69, 0x68, 0x81, 0x4B, 0xD8, 0xDB, 0xA0, 0xA1, 0x06, 0xD6, 0xB3, 0x9F, 0x3D, 0x92,
    0x6C, 0xEE, 0x2E, 0x5F, 0x2F, 0xD6, 0x43, 0x99, 0x83, 0x48, 0x20, 0xFF, 0x0D, 0x94, 0x85, 0x1A,
    0xD0, 0x80, 0x59, 0xA6, 0x59, 0x66, 0x04, 0xDC, 0x01, 0x26, 0xAB, 0xB7, 0x5D, 0x22, 0xFC, 0x51,
    0x80, 0xE9, 0xB2, 0xCF, 0xFF, 0x02, 0xBD, 0x97, 0x01, 0xA4, 0x5D, 0xD9, 0x7A, 0xC7, 0x7F, 0x7B,
    0xAF, 0x74, 0xF6, 0x4C, 0xD6, 0x7B, 0x59, 0x29, 0x53, 0x1E, 0x33, 0x33, 0x7B, 0x50, 0xC4, 0x6B,
    0x26, 0xAB, 0x40, 0x83, 0x7B, 0xF7, 0xDA, 0xFA, 0x30, 0x18, 0xBC, 0xC1, 0xAB, 0xA2, 0x68, 0x29,
    0x80, 0x36, 0xC1, 0x20, 0x2A, 0xF7, 0x9E, 0x6D, 0x42, 0x83, 0x87, 0x09, 0x00, 0x30, 0xA1, 0x45,
    0x0D, 0xED, 0xA4, 0xA4, 0x04, 0x27, 0x73, 0x56, 0x32, 0x65, 0x68, 0x31, 0x6B, 0x26, 0xEF, 0x99,
    0x32, 0x98, 0x95, 0x49, 0xEB, 0x21, 0xD5, 0x59, 0x2F, 0xB3, 0xD3, 0xAC, 0xF7, 0xB2, 0xCF, 0x59,
    0xDD, 0x9F, 0x73, 0x43, 0xAB, 0x5E, 0xEF, 0xE4, 0xCA, 0xAB, 0xBB, 0xBE, 0xFF, 0xBE, 0x70, 0xD6,
    0xEF, 0xDB, 0xE7, 0xAC, 0xEF, 0xFF, 0xAD, 0x0F, 0xE8, 0x00, 0x56, 0xFD, 0x56, 0xDA, 0xB5, 0x81,
    0xB5, 0x7B, 0x17, 0x95, 0xCC, 0x84, 0x09, 0x4D, 0xA2, 0xF5, 0x2A, 0x61, 0x87, 0x59, 0x1C, 0x22,
    0x34, 0x22, 0x3A, 0xE2, 0x30, 0x1E, 0x87, 0x1D, 0x68, 0x07, 0x07, 0xFA, 0xEE, 0x04, 0x55, 0x09,
    0x00, 0xAF, 0x00, 0x8E, 0xAA, 0x2C, 0x7A, 0xFD, 0xC5, 0x17, 0xB4, 0x3F, 0xD8, 0xE0, 0x54, 0xA6,
    0x53, 0x89, 0xFD, 0x39, 0xF6, 0x9A, 0x48, 0x27, 0x9F, 0x3D, 0x07, 0x3A, 0x03, 0x60, 0x01, 0x9C,
    0x7F, 0x22, 0xCA, 0xBB, 0xEC, 0x1E, 0x0D, 0xC6, 0x9B, 0x77, 0x99, 0xE5, 0xA6, 0x48, 0x9A, 0x31,
    0x06, 0x6C, 0xDF, 0x82, 0xE3, 0x8C, 0xC8, 0xAE, 0xC8, 0x0E, 0xEC, 0x6F, 0x65, 0x09, 0x8E, 0x11,
    0xEC, 0xE5, 0x08, 0x4D, 0xE9, 0x01, 0x1A, 0x0F, 0x26, 0x80, 0x0E, 0x50, 0xFB, 0xC5, 0xAD, 0xC7,
    0x7D, 0x7B, 0x7B, 0xC2, 0x5C, 0x4A, 0x73, 0x56, 0x11, 0xAB, 0x22, 0xAE, 0x09, 0x38, 0xED, 0x25,
    0x23, 0xBA, 0xC5, 0xBF, 0xD0, 0xDE, 0x1F, 0x01, 0xA8, 0x42, 0x04, 0xE0, 0x91, 0x07, 0x60, 0x05,
    0x00, 0x2F, 0xD2, 0x94, 0x5F, 0xE0, 0x4A, 0x66, 0x3A, 0xE7, 0x77, 0xFF, 0x30, 0x31, 0x35, 0xF1,
    0x82, 0x89, 0x64, 0x95, 0xCE, 0x5B, 0x5F, 0xCD, 0x0F, 0x16, 0xD4, 0xA3, 0x4A, 0x4C, 0xA8, 0x34,
    0xFF, 0x8D, 0xC8, 0x43, 0x47, 0xE4, 0xD1, 0x7A, 0x54, 0xD4, 0xC1, 0xD1, 0x37, 0xC1, 0xF8, 0xB5,
    0xF2, 0xF3, 0xFF, 0x75, 0x56, 0xDE, 0xDC, 0x9E, 0x9A, 0x87, 0x7F, 0x34, 0x2C, 0xCA, 0x15, 0x53,
    0xCA, 0x20, 0x84, 0x57, 0x5F, 0x45, 0x08, 0xE6, 0x06, 0x42, 0x68, 0x12, 0x42, 0xE0, 0x18, 0x42,
    0x58, 0x7D, 0x28, 0x84, 0x07, 0x9F, 0xAF, 0x65, 0xCF, 0x6F, 0x3E, 0xCD, 0xF2, 0x78, 0x70, 0x2F,
    0x21, 0x04, 0xB3, 0x25, 0x58, 0x10, 0xC2, 0xDE, 0x45, 0x84, 0x96, 0x77, 0x98, 0x09, 0x6A, 0xB3,
    0xC3, 0x4C, 0xD0, 0x5F, 0x47, 0x80, 0xAA, 0x07, 0x9E, 0x9B, 0x10, 0xCD, 0xC6, 0x00, 0xB9, 0x59,
    0x43, 0x35, 0xAA, 0x11, 0xEA, 0x24, 0xA8, 0x92, 0x16, 0x05, 0xFD, 0xB3, 0x9F, 0x7F, 0xBE, 0xA1,
    0xBD, 0x74, 0x2F, 0x4E, 0x38, 0xF5, 0xD5, 0x8C, 0xE9, 0x9A, 0xA0, 0x3D, 0x7B, 0xDA, 0xB7, 0xBD,
    0x68, 0xB7, 0xC3, 0x9E, 0xF1, 0xD3, 0x2E, 0xCE, 0x7D, 0xB1, 0x39, 0x8D, 0xB9, 0xFF, 0xF8, 0xEB,
    0x04, 0xD0, 0x83, 0x2A, 0x03, 0x25, 0xB1, 0x86, 0x76, 0x60, 0x02, 0xDB, 0x93, 0xC1, 0x52, 0x65,
    0x70, 0xD4, 0xA3, 0xA8, 0x4A, 0x4F, 0x74, 0x1F, 0xD1, 0x9B, 0x34, 0x91, 0x7E, 0xA2, 0x09, 0xAF,
    0xC7, 0x89, 0x79, 0xFB, 0xBB, 0x19, 0xF3, 0xD3, 0xBF, 0x78, 0x94, 0x58, 0x94, 0x87, 0x65, 0x00,
    0x50, 0x7E, 0xDE, 0x58, 0x47, 0xD6, 0x28, 0xCF, 0x04, 0x90, 0x41, 0x36, 0xB5, 0xBE, 0x1E, 0x59,
    0xC8, 0x51, 0x35, 0x22, 0x6D, 0x3F, 0x8B, 0xA5, 0x89, 0x22, 0xE1, 0xB4, 0x43, 0xFB, 0x9D, 0x6E,
    0xDE, 0xEC, 0x42, 0xC7, 0xA2, 0x8C, 0x17, 0x01, 0x96, 0x00, 0x09, 0xB0, 0x51, 0xA4, 0xE7, 0xA5,
    0xB8, 0xFB, 0x3B, 0x71, 0xD1, 0x84, 0x5D, 0xED, 0x31, 0x5E, 0xBE, 0x36, 0xF3, 0x97, 0x53, 0xDB,
    0x67, 0x4B, 0xB6, 0xD5, 0xE8, 0xEA, 0xD4, 0xCD, 0x4B, 0xA5, 0xFD, 0xBF, 0x8A, 0xEE, 0x4E, 0xA0,
    0xF1, 0x98, 0xBE, 0xDE, 0x08, 0x5B, 0xAD, 0x55, 0xA1, 0x24, 0x0A, 0x13, 0xAE, 0xA7, 0x90, 0x71,
    0x50, 0x86, 0x11, 0x29, 0x04, 0x9F, 0x70, 0xD4, 0x8F, 0xEF, 0x26, 0x79, 0xCB, 0x7B, 0x0F, 0x12,
    0x37, 0xE7, 0xC7, 0xA3, 0xC8, 0x12, 0xF5, 0x69, 0x09, 0x4C, 0x28, 0x5F, 0xBC, 0xBC, 0xB5, 0x5F,
    0xDC, 0xBE, 0x95, 0xD1, 0xDE, 0x7D, 0x74, 0x5B, 0xDE, 0xC2, 0x5E, 0xBA, 0x1F, 0x59, 0x24, 0xF3,
    0x4E, 0x19, 0x00, 0x68, 0xBC, 0x70, 0x8C, 0x17, 0x4C, 0x23, 0x9A, 0xD9, 0x42, 0x10, 0xC6, 0xB9,
    0x41, 0x10, 0xAB, 0x5E, 0x08, 0x16, 0x01, 0x58, 0x64, 0x7F, 0x87, 0x6C, 0xDF, 0xC9, 0xEE, 0xBE,
    0x93, 0xCD, 0xFD, 0x9E, 0xEC, 0x3D, 0x2C, 0x65, 0xEB, 0x59, 0x01, 0x46, 0x00, 0x12, 0x80, 0xF3,
    0x88, 0x02, 0xA0, 0x07, 0xC0, 0xF8, 0x27, 0xFF, 0x01, 0x00, 0xF6, 0xCB, 0x78, 0x0E, 0x5B, 0xD2,
    0x0A, 0x73, 0x27, 0xB9, 0xB9, 0x94, 0x52, 0x27, 0xB5, 0xD4, 0x49, 0x31, 0xED, 0x49, 0x35, 0x2D,
    0xE9, 0xCC, 0x2C, 0x7B, 0xE6, 0x1F, 0x27, 0x96, 0x26, 0x67, 0x80, 0x04, 0xD4, 0x11, 0x58, 0x78,
    0x60, 0x1F, 0x20, 0x5C, 0xDD, 0xD6, 0xD7, 0x02, 0x78, 0x11, 0xE8, 0x80, 0x0D, 0x54, 0x05, 0x54,
    0x81, 0xA6, 0x80, 0xF9, 0xA0, 0xC7, 0xB6, 0x03, 0x9D, 0x19, 0x58, 0x15, 0x4F, 0x36, 0xBE, 0x4E,
    0xC6, 0xAB, 0xA0, 0x83, 0xF1, 0x3A, 0xBA, 0x64, 0x27, 0x2E, 0x5C, 0xA0, 0x8B, 0xB4, 0x03, 0x40,
    0x49, 0xCD, 0xBD, 0xD4, 0x5E, 0x8A, 0x4E, 0x85, 0xAE, 0xF1, 0xFB, 0xDA, 0xEF, 0x19, 0x59, 0xCE,
    0xFD, 0xC4, 0xDC, 0x1F, 0x2B, 0x1F, 0x85, 0xB7, 0x12, 0x9A, 0x1C, 0xCE, 0x09, 0x59, 0x99, 0x2A,
    0x53, 0x4B, 0xA1, 0x1E, 0xAC, 0x26, 0xA2, 0x03, 0xDB, 0x13, 0xB0, 0xC8, 0x73, 0x2D, 0x9A, 0x1B,
    0x4D, 0x04, 0xEB, 0xE7, 0x82, 0x1C, 0xDA, 0xDE, 0x62, 0x71, 0x74, 0xB8, 0xAB, 0x36, 0xA0, 0x9B,
    0x9E, 0xE6, 0x3F, 0x40, 0x65, 0xE0, 0x2D, 0x68, 0xD7, 0xB0, 0x76, 0xBD, 0x54, 0xA2, 0x09, 0x4D,
    0x14, 0xF7, 0x14, 0xF3, 0x74, 0x48, 0x34, 0x73, 0xE8, 0x28, 0xC6, 0x29, 0xBE, 0x29, 0xB6, 0x29,
    0xAE, 0x29, 0xA6, 0x49, 0x4A, 0xAC, 0x3C, 0x0E, 0xA0, 0x2A, 0xB3, 0x6D, 0x86, 0xF9, 0x4B, 0x75,
    0x2A, 0xC9, 0x59, 0x53, 0x69, 0xAF, 0x09, 0x9D, 0xF1, 0xEE, 0x1C, 0x3A, 0xC3, 0xE9, 0x57, 0x40,
    0x7C, 0xC1, 0x24, 0xA8, 0x7A, 0x5C, 0x76, 0xC2, 0x1A, 0xE6, 0xE8, 0xE7, 0x40, 0x5C, 0x52, 0x4C,
    0x52, 0x3C, 0x52, 0x2C, 0x52, 0x1C, 0xB2, 0x9B, 0x43, 0xFC, 0xD1, 0x31, 0x8A, 0x3B, 0x6E, 0xCD,
    0xF1, 0xFA, 0x75, 0x5C, 0xC4, 0x0E, 0xC0, 0xE2, 0xD6, 0xD8, 0xDE, 0x4E, 0xB3, 0x2B, 0xCE, 0xA6,
    0x68, 0x55, 0x74, 0x33, 0x4E, 0x7B, 0x21, 0xAE, 0xFE, 0x5D, 0xEC, 0xD0, 0x16, 0xF8, 0xAD, 0x1F,
    0xC1, 0xF7, 0xBE, 0x07, 0x5D, 0x07, 0xBB, 0xBB, 0x70, 0xEC, 0x18, 0xC0, 0xD1, 0xE9, 0xC0, 0x6A,
    0x02, 0xB8, 0x76, 0x8D, 0x9C, 0x19, 0x47, 0xE0, 0xF0, 0x4C, 0x10, 0x6A, 0x07, 0x4C, 0xA0, 0xC2,
    0x33, 0xCE, 0xE8, 0x3C, 0x52, 0xC7, 0x91, 0x13, 0x4F, 0x99, 0xD4, 0x09, 0x03, 0x66, 0x09, 0x2A,
    0x3D, 0xF3, 0xAF, 0x68, 0xE7, 0x02, 0x36, 0x61, 0xFC, 0xD3, 0x25, 0x24, 0x5C, 0x0B, 0x18, 0x0F,
    0x95, 0x24, 0x75, 0xEA, 0xD9, 0x25, 0xF5, 0xDB, 0xB0, 0x07, 0xB6, 0xA7, 0x7E, 0xBA, 0xA4, 0x9A,
    0x35, 0x9D, 0xE3, 0xED, 0x76, 0x40, 0x0A, 0x79, 0x30, 0xA5, 0x77, 0x96, 0xE5, 0x2E, 0xCB, 0x8C,
    0x0D, 0x48, 0xB3, 0x81, 0x3F, 0x78, 0x0B, 0x86, 0x81, 0xFA, 0x41, 0x42, 0x82, 0xBE, 0x07, 0x8E,
    0x6E, 0x0B, 0x6E, 0xCD, 0xF7, 0xFF, 0x86, 0xEB, 0x6F, 0x33, 0x4D, 0x72, 0xD8, 0xE1, 0x50, 0x7F,
    0x80, 0xF7, 0xAF, 0x6E, 0x53, 0x79, 0x1E, 0x70, 0x07, 0xE8, 0x63, 0x3C, 0x83, 0x34, 0x34, 0x98,
    0x01, 0xD3, 0x7F, 0xBB, 0x34, 0xEA, 0x12, 0x81, 0xEA, 0xFD, 0x2B, 0x00, 0x00, 0xD8, 0x52, 0x3C,
    0xE8, 0x8D, 0xF2, 0x60, 0x26, 0x51, 0x37, 0x01, 0x2C, 0xA7, 0x1D, 0xA8, 0xC6, 0x7C, 0x16, 0xD4,
    0xDD, 0x32, 0x82, 0xB9, 0xF5, 0xF0, 0x3A, 0x62, 0xCE, 0xE7, 0x61, 0x4F, 0x25, 0x20, 0xAB, 0x74,
    0x1C, 0x15, 0x55, 0x3C, 0x81, 0xF6, 0xFA, 0xDF, 0xFE, 0x1C, 0x97, 0x5C, 0x59, 0x83, 0x29, 0x03,
    0x00, 0x00, 0xE5, 0x71, 0xD2, 0x9F, 0xE7, 0x3C, 0x9B, 0x4E, 0x76, 0xCD, 0xC7, 0xA9, 0xD3, 0x65,
    0xD8, 0xD3, 0x41, 0x3A, 0xFB, 0xC9, 0x39, 0xAE, 0xB9, 0xD5, 0xFD, 0x68, 0xBE, 0xDA, 0x80, 0x2E,
    0x03, 0x1F, 0xBE, 0x11, 0xD4, 0xA8, 0xBC, 0x8E, 0xCA, 0x1B, 0x5F, 0xF5, 0xB6, 0x07, 0x87, 0x44,
    0x89, 0x0E, 0xD7, 0x3B, 0x2D, 0x1D, 0xC7, 0xD1, 0xFA, 0x7D, 0xF4, 0x78, 0x93, 0xAA, 0xFC, 0x2B,
    0x2C, 0x4A, 0xFD, 0xCB, 0x51, 0xDD, 0x1D, 0x9B, 0xCF, 0x92, 0xBA, 0x17, 0xAB, 0x32, 0x90, 0xA8,
    0x32, 0x4D, 0x19, 0x5A, 0x9D, 0x56, 0x65, 0xED, 0xAA, 0xDC, 0x5E, 0x8E, 0xCD, 0xA6, 0xA7, 0xF9,
    0xC1, 0x80, 0xFA, 0x12, 0xAA, 0x09, 0x78, 0xEB, 0x80, 0xF8, 0xE6, 0xFF, 0x4D, 0xC4, 0xF1, 0xBF,
    0x88, 0x29, 0xB1, 0xF0, 0xB8, 0x1E, 0xA8, 0xCA, 0xD4, 0xFC, 0x2C, 0x9A, 0x8F, 0xA2, 0xB9, 0x1C,
    0xCC, 0x27, 0x5E, 0x15, 0x54, 0x40, 0x8D, 0x98, 0xD2, 0x77, 0x36, 0x2C, 0x55, 0x5A, 0xAA, 0xE8,
    0xB4, 0x37, 0x6B, 0x50, 0xEF, 0x78, 0xEA, 0xAF, 0x7B, 0x58, 0x03, 0x3F, 0x42, 0x95, 0x0F, 0x26,
    0x26, 0x13, 0x98, 0x2C, 0xE4, 0x8B, 0x54, 0xBF, 0x18, 0xA9, 0x1F, 0x07, 0x69, 0x1E, 0x73, 0x78,
    0xD4, 0xE3, 0xC8, 0xFC, 0x43, 0xA2, 0x3F, 0x93, 0xA6, 0x3D, 0x61, 0xFC, 0x87, 0x2C, 0x46, 0x1B,
    0x00, 0xE9, 0x4A, 0x4E, 0xBA, 0xD2, 0x4B, 0x11, 0xE9, 0x13, 0x9E, 0x83, 0x2B, 0xC5, 0xE5, 0x68,
    0xDE, 0x4B, 0xED, 0xC5, 0x68, 0x13, 0x6E, 0x5E, 0x99, 0x6E, 0xC9, 0xDE, 0x2E, 0x4B, 0x7B, 0x72,
    0x32, 0xE9, 0xC8, 0xFD, 0xE3, 0x05, 0xE0, 0xAC, 0x50, 0x01, 0xD7, 0xF3, 0xAB, 0xFA, 0x48, 0x3C,
    0xE8, 0x23, 0x13, 0x44, 0x6A, 0x8F, 0xFA, 0x09, 0x75, 0x46, 0xBE, 0x09, 0x8E, 0xBF, 0x0F, 0xC0,
    0xB3, 0xCC, 0xA0, 0x2E, 0x09, 0xE0, 0x69, 0xB3, 0x51, 0xBF, 0xFF, 0x3F, 0x8F, 0x40, 0x29, 0x69,
    0x8E, 0x58, 0x45, 0xE3, 0x6B, 0xEF, 0xA8, 0x87, 0x09, 0xEA, 0x04, 0xDA, 0x83, 0x1D, 0xC0, 0x65,
    0xF8, 0xCD, 0xCD, 0x01, 0xD6, 0x0D, 0xF2, 0xFC, 0x0D, 0x1C, 0x8E, 0x0F, 0x71, 0x4C, 0xB8, 0x37,
    0x12, 0x7A, 0xD3, 0x83, 0x5C, 0xAA, 0xCD, 0x12, 0x9A, 0x04, 0x00, 0xE5, 0x03, 0xD4, 0x3F, 0x15,
    0x9A, 0x30, 0x51, 0x5F, 0x8A, 0xD0, 0x0E, 0xB0, 0x0F, 0x94, 0x00, 0x7F, 0x9A, 0x80, 0x8C, 0xC4,
    0x2B, 0xD5, 0x88, 0x53, 0x09, 0xF7, 0xC7, 0x1E, 0x23, 0x18, 0xE9, 0x9C, 0x01, 0x21, 0xC3, 0x0A,
    0x59, 0x0E, 0x59, 0x1D, 0xEC, 0xC1, 0x12, 0x59, 0x13, 0x64, 0x48, 0xD4, 0x91, 0x85, 0xA7, 0xE3,
    0xFF, 0x69, 0x6E, 0x00, 0x84, 0x00, 0x08, 0x01, 0x7E, 0xBD, 0x73, 0x03, 0x00, 0xA2, 0x54, 0x23,
    0x3C, 0xB3, 0xB9, 0x01, 0x00, 0x4C, 0x0F, 0x0E, 0x18, 0x81, 0xFE, 0xE8, 0x3E, 0xC0, 0x15, 0x54,
    0xC2, 0x04, 0x5E, 0xE7, 0xA9, 0xAC, 0x40, 0x97, 0x1F, 0x16, 0xA8, 0xA6, 0x2A, 0x43, 0x95, 0xEB,
    0x11, 0xEA, 0xB1, 0x4E, 0x50, 0x27, 0x95, 0x2C, 0x6A, 0xAB, 0x45, 0xC0, 0x2A, 0xEA, 0xD8, 0xD1,
    0x44, 0x1D, 0x76, 0x11, 0xDF, 0xBF, 0x88, 0xF1, 0x72, 0xFB, 0x15, 0xCD, 0xB3, 0xEA, 0x3B, 0x89,
    0x55, 0xAA, 0x4B, 0x4F, 0xBD, 0x29, 0x03, 0xAB, 0x1F, 0x47, 0x66, 0x10, 0xD3, 0x1C, 0x59, 0x47,
    0x46, 0x13, 0xAA, 0x64, 0x7D, 0x9D, 0x56, 0xA8, 0x07, 0x13, 0xEA, 0xFE, 0x88, 0x2A, 0x81, 0xA6,
    0x80, 0xCE, 0xA0, 0x03, 0x18, 0xBF, 0x8D, 0x76, 0x80, 0x55, 0x02, 0x00, 0x50, 0x41, 0x64, 0x04,
    0xB8, 0x08, 0x70, 0x8C, 0xED, 0x14, 0x42, 0x61, 0x12, 0xC9, 0xC8, 0x68, 0xB0, 0x9D, 0x3E, 0x64,
    0x30, 0xD8, 0x4E, 0x1E, 0x32, 0x16, 0x6C, 0xA7, 0x0E, 0x19, 0x0A, 0x90, 0x99, 0x00, 0x19, 0x09,
    0x90, 0x89, 0x00, 0x19, 0x08, 0xE0, 0x0A, 0x64, 0xB8, 0x09, 0xBA, 0xDF, 0xDE, 0xF6, 0x6D, 0x49,
    0xE6, 0x4E, 0x9A, 0x8B, 0x77, 0xDB, 0xD8, 0x9D, 0x34, 0x76, 0x3F, 0xDF, 0xEE, 0x97, 0xE6, 0xE0,
    0xDA, 0x5B, 0x27, 0x68, 0x22, 0xBC, 0x0A, 0x1C, 0xEF, 0xA1, 0xF3, 0x70, 0x2D, 0xC0, 0xDF, 0x7B,
    0x58, 0xF4, 0xF0, 0xFC, 0xD1, 0xFB, 0x27, 0xA7, 0x40, 0x8A, 0x42, 0x92, 0x69, 0x02, 0xAF, 0x5C,
    0xE3, 0xEC, 0x79, 0xCE, 0x26, 0x5A, 0xCF, 0xE1, 0x8D, 0x14, 0x00, 0x50, 0x11, 0xC0, 0x78, 0x80,
    0x0E, 0x80, 0x93, 0xBF, 0xA6, 0xA6, 0xCA, 0x73, 0x40, 0xDB, 0xC3, 0x3E, 0x10, 0x9F, 0xAE, 0xB9,
    0x02, 0x60, 0x81, 0x7D, 0xA8, 0x7E, 0x0E, 0xD5, 0x1B, 0x9E, 0xB6, 0xF4, 0xAC, 0x9D, 0xF8, 0x6F,
    0x30, 0xA1, 0xC4, 0xF6, 0xF6, 0x37, 0xC9, 0x5E, 0xFA, 0x28, 0x39, 0x7D, 0x29, 0xB9, 0xB6, 0x49,
    0x6E, 0x57, 0x47, 0xB7, 0x34, 0xDE, 0x25, 0x3B, 0x58, 0xF1, 0xE5, 0xBB, 0x13, 0xA6, 0x04, 0xCE,
    0x00, 0xC7, 0x00, 0x18, 0x50, 0x11, 0xE3, 0xD9, 0x05, 0x42, 0x55, 0xBC, 0x98, 0xF0, 0x0F, 0x93,
    0xB3, 0xA9, 0xFB, 0xBD, 0xB4, 0xFF, 0x4D, 0x5A, 0x7C, 0x1C, 0x16, 0xEF, 0x8A, 0x09, 0xB7, 0x99,
    0xB3, 0xF0, 0x1A, 0x70, 0xFA, 0x65, 0x70, 0x0E, 0xDA, 0xF7, 0x3C, 0xF5, 0x57, 0x11, 0x4E, 0x9E,
    0x3C, 0xEA, 0x8F, 0x67, 0x0C, 0x52, 0x65, 0xDF, 0x24, 0x6E, 0x5C, 0xE0, 0xF0, 0x5F, 0xEB, 0xFB,
    0x3D, 0x3C, 0xF6, 0xD4, 0x43, 0x00, 0x38, 0x2A, 0x94, 0x36, 0x70, 0xFD, 0x1A, 0xC3, 0x6B, 0x87,
    0x12, 0xAB, 0x5B, 0x1E, 0x49, 0xAE, 0x9A, 0x26, 0x38, 0x73, 0x06, 0xAA, 0x4A, 0x6A, 0xDA, 0x33,
    0xE9, 0x81, 0xA9, 0xE9, 0xC9, 0x50, 0xE5, 0xB3, 0xD4, 0xE3, 0xDB, 0xA8, 0x92, 0x50, 0x0F, 0xAF,
    0xA1, 0xD2, 0x35, 0x9A, 0x08, 0x4D, 0x38, 0x81, 0x0E, 0xAF, 0x62, 0x7E, 0xFA, 0x67, 0x2C, 0xCA,
    0xC4, 0x8E, 0x38, 0x99, 0xBC, 0x6D, 0x75, 0x37, 0x02, 0x6C, 0x68, 0x3E, 0x19, 0xCC, 0x4C, 0xB2,
    0xBD, 0x5B, 0xB3, 0x18, 0xD8, 0x83, 0x7D, 0xD5, 0xBB, 0x16, 0x93, 0xA1, 0xFE, 0x6B, 0x30, 0x4B,
    0x38, 0xF5, 0x5D, 0x80, 0x23, 0x43, 0x59, 0xF4, 0xD5, 0x67, 0xBE, 0x66, 0x38, 0x94, 0x78, 0xEA,
    0x14, 0x9D, 0xC3, 0xBE, 0x37, 0xA8, 0x3B, 0x81, 0xFE, 0xAD, 0x6F, 0x3F, 0xFD, 0xEE, 0xEC, 0x20,
    0xEF, 0xF5, 0xAE, 0xAF, 0xE5, 0xBD, 0xA8, 0x27, 0x9E, 0xDB, 0x7E, 0x6A, 0xA4, 0x4E, 0xB2, 0xE4,
    0x53, 0x11, 0xF5, 0x4B, 0xEA, 0x35, 0x9C, 0xA1, 0xBA, 0xEF, 0x55, 0xEF, 0x81, 0x6F, 0x8F, 0x68,
    0xC6, 0xD7, 0x4F, 0xBF, 0xF6, 0xFC, 0xAF, 0x18, 0xB0, 0xE3, 0x55, 0xAA, 0x87, 0x19, 0x96, 0x37,
    0xA1, 0x35, 0x50, 0x55, 0x47, 0xBD, 0xA2, 0x48, 0xFF, 0xB7, 0xE7, 0x7A, 0xFD, 0xCF, 0x81, 0x94,
    0x0E, 0x9F, 0xB3, 0xAB, 0x1B, 0xA0, 0xFF, 0x0E, 0xBE, 0xD3, 0x00, 0x1C, 0x19, 0x8A, 0x1D, 0xB8,
    0x1B, 0xAB, 0xE1, 0xCA, 0xA1, 0xC4, 0x2A, 0x04, 0xEA, 0x07, 0x23, 0x4C, 0x13, 0xB4, 0xED, 0xC1,
    0x69, 0x5C, 0xC3, 0xB4, 0xE8, 0x99, 0x5A, 0xCF, 0x64, 0x7C, 0x95, 0x5B, 0x5F, 0x8F, 0xC2, 0xBC,
    0x89, 0x2A, 0x11, 0x39, 0xBD, 0x2A, 0x4E, 0x34, 0x73, 0xE8, 0x70, 0x13, 0xE1, 0x2F, 0x72, 0x1B,
    0xC7, 0xEB, 0xB2, 0x8B, 0xB3, 0x34, 0x97, 0x3D, 0x70, 0xEE, 0xCB, 0xFE, 0x5C, 0x19, 0xCC, 0xE7,
    0x7D, 0x3B, 0x60, 0xC1, 0x41, 0x07, 0xBB, 0x70, 0x11, 0x96, 0x40, 0x25, 0xA7, 0xF1, 0x6F, 0xE1,
    0xE5, 0xE3, 0x00, 0x47, 0x86, 0x56, 0x1B, 0x9A, 0x37, 0x79, 0xA1, 0xE6, 0x50, 0x62, 0xFD, 0xCE,
    0x40, 0x73, 0x2F, 0x52, 0xFF, 0xE7, 0x88, 0x9C, 0x30, 0x19, 0x4B, 0x8F, 0x3A, 0x92, 0x6E, 0x3D,
    0x46, 0x76, 0xBB, 0x7E, 0xFD, 0xF0, 0xD9, 0xB8, 0x96, 0x26, 0xB5, 0x84, 0xDF, 0x7D, 0x19, 0xE0,
    0xC8, 0x50, 0x6C, 0xE0, 0x1F, 0x92, 0x78, 0xCC, 0xA1, 0x44, 0x9B, 0xAB, 0xBC, 0xAF, 0xD2, 0xEB,
    0x4D, 0x38, 0xDD, 0x44, 0x54, 0x46, 0xA6, 0x1F, 0x97, 0x68, 0xF2, 0xB1, 0x6A, 0x3A, 0x4D, 0xDE,
    0xA9, 0x53, 0xF7, 0x66, 0x68, 0x37, 0x00, 0x24, 0xEA, 0x11, 0xCE, 0x53, 0x7B, 0x00, 0x0A, 0xEA,
    0x93, 0x41, 0x7F, 0x8C, 0x0E, 0xA8, 0x11, 0xD6, 0x48, 0x42, 0x56, 0xBC, 0xA6, 0x1D, 0x01, 0xF4,
    0x80, 0xF1, 0xA8, 0x81, 0x13, 0x00, 0x2C, 0x4A, 0xE1, 0xC6, 0xBE, 0x21, 0xED, 0x19, 0xAE, 0x2E,
    0x5F, 0x80, 0x09, 0x9E, 0x44, 0x95, 0x41, 0xF6, 0xAE, 0x13, 0xA8, 0x83, 0x68, 0x12, 0xB8, 0x09,
    0x00, 0xB4, 0x07, 0xE3, 0x91, 0xCD, 0x0E, 0x76, 0x03, 0xE5, 0xB5, 0x77, 0x9B, 0x76, 0xD8, 0x16,
    0xA5, 0xDB, 0x16, 0xE5, 0x0D, 0x1B, 0x61, 0x97, 0x8E, 0xEF, 0xF2, 0x36, 0x50, 0x95, 0xD8, 0x7C,
    0x3A, 0x69, 0xA6, 0xE3, 0x4C, 0x30, 0x09, 0xC3, 0x04, 0x56, 0xBE, 0xBE, 0x9F, 0x24, 0x67, 0x95,
    0x85, 0xA4, 0x23, 0x76, 0xA8, 0xD6, 0xD8, 0xC0, 0x05, 0x00, 0x9A, 0x0D, 0x27, 0xAC, 0xFF, 0x8E,
    0xF1, 0xB4, 0x03, 0x4E, 0x92, 0xD3, 0xEB, 0xFF, 0x76, 0x8D, 0x96, 0xB3, 0x25, 0xCF, 0x3F, 0x01,
    0xEA, 0x5B, 0x01, 0x78, 0xE4, 0x81, 0x15, 0xC0, 0x8B, 0xD0, 0x94, 0x1F, 0x8B, 0xB9, 0x6C, 0x81,
    0x19, 0x72, 0x95, 0xB7, 0x77, 0x34, 0xB9, 0x41, 0x8B, 0x99, 0xCE, 0x92, 0x94, 0x48, 0x13, 0x69,
    0xE2, 0x2C, 0x3A, 0x88, 0xE1, 0x78, 0xE3, 0x31, 0x22, 0x8B, 0xBC, 0x1A, 0x01, 0xE4, 0xEC, 0xD9,
    0x84, 0xF1, 0x2F, 0x25, 0x6C, 0xA4, 0x39, 0x30, 0x25, 0x69, 0xA1, 0x46, 0xDA, 0x86, 0xDC, 0x77,
    0x6C, 0x13, 0x9D, 0x0E, 0x9D, 0x74, 0x0E, 0xBF, 0x9C, 0xAF, 0x3C, 0x7A, 0xFC, 0x2F, 0x45, 0x91,
    0x01, 0x84, 0xE4, 0x56, 0x18, 0xC7, 0x7F, 0x33, 0x39, 0x37, 0xD7, 0xCD, 0xCC, 0x64, 0x68, 0xCB,
    0x72, 0xBB, 0x97, 0xC5, 0x62, 0x91, 0xDD, 0x04, 0x73, 0x6D, 0x96, 0x37, 0xC9, 0x3B, 0x00, 0x0E,
    0x05, 0x50, 0x30, 0x00, 0x5A, 0xDA, 0x9C, 0x46, 0x6F, 0x5B, 0x7B, 0x9B, 0x07, 0xA0, 0xD0, 0x81,
    0x82, 0x2A, 0x4B, 0x0B, 0x80, 0xF4, 0x3A, 0xE5, 0xDA, 0x5E, 0xED, 0x03, 0xAA, 0x0A, 0xD1, 0xA2,
    0x80, 0xBE, 0x9A, 0x52, 0x14, 0xDE, 0xF5, 0x06, 0x53, 0x66, 0x37, 0x9D, 0xD8, 0xB0, 0xEF, 0xE3,
    0x8B, 0xFC, 0xBF, 0xE4, 0xEF, 0xFB, 0xFF, 0xDE, 0x94, 0x35, 0x05, 0x3D, 0xD5, 0x51, 0xAE, 0xF6,
    0xD5, 0x09, 0x8E, 0xF5, 0x56, 0x42, 0x78, 0x9F, 0xBC, 0xB1, 0x82, 0xF4, 0x0A, 0xEA, 0xBA, 0xAE,
    0x00, 0x46, 0x94, 0xE3, 0xBC, 0x4C, 0x35, 0x04, 0x89, 0x98, 0x97, 0xAB, 0xD5, 0x7C, 0x7E, 0xC4,
    0x9B, 0xD2, 0x25, 0x60, 0x9F, 0x50, 0x7E, 0xA8, 0xFF, 0xD4, 0x0B, 0x55, 0x00, 0xA8, 0x99, 0xB3,
    0xB0, 0xDE, 0x2F, 0xD5, 0xE4, 0x88, 0x79, 0x9E, 0x98, 0x50, 0x45, 0x59, 0x56, 0x7E, 0xA0, 0xBE,
    0x91, 0x0B, 0x7E, 0x47, 0x08, 0xD2, 0x14, 0xEF, 0x53, 0xDD, 0xFD, 0xD5, 0x74, 0xA5, 0xAF, 0x7F,
    0x58, 0x5E, 0x9B, 0xF6, 0x96, 0x87, 0x62, 0xEF, 0x4E, 0x67, 0x18, 0x9F, 0x4D, 0x48, 0xD3, 0xE1,
    0x18, 0x3F, 0x3D, 0xCB, 0xC6, 0x87, 0xB7, 0x98, 0x9C, 0xF5, 0x73, 0xF6, 0x79, 0x42, 0x28, 0xBB,
    0x1A, 0xE5, 0x18, 0x4F, 0x4F, 0xE8, 0xF4, 0x92, 0xC1, 0x9D, 0x51, 0x94, 0x64, 0xD3, 0x54, 0x77,
    0x74, 0x57, 0x6D, 0x0A, 0xF0, 0x09, 0xA5, 0x43, 0x9F, 0x08, 0x18, 0xC6, 0x91, 0xE0, 0x16, 0x7D,
    0x2E, 0x80, 0x42, 0xEE, 0xB0, 0xDD, 0xBE, 0x1D, 0xB0, 0x4F, 0xAD, 0x80, 0x1D, 0x82, 0x20, 0x4E,
    0x6D, 0xA8, 0x33, 0x4A, 0x8C, 0x5E, 0x54, 0x85, 0xA2, 0xC9, 0x16, 0x04, 0x49, 0xB2, 0x01, 0xA0,
    0x8F, 0x4D, 0x66, 0x1E, 0xE9, 0x54, 0x02, 0x49, 0x3A, 0xC8, 0x19, 0x30, 0xC4, 0x53, 0x8E, 0xBA,
    0x00, 0xB6, 0x08, 0x10, 0xA4, 0x0A, 0xA2, 0xAC, 0x3C, 0x4F, 0x6D, 0x54, 0x66, 0xE7, 0x30, 0x1A,
    0x7D, 0x19, 0xFF, 0x33, 0xBE, 0xB2, 0x23, 0x39, 0x9F, 0x37, 0xB9, 0x37, 0x28, 0x97, 0x42, 0x34,
    0x7A, 0x8B, 0xAE, 0x4D, 0xB9, 0x81, 0xBB, 0x86, 0x8B, 0x35, 0xA4, 0x75, 0x6D, 0xE1, 0xE6, 0x09,
    0x37, 0xC0, 0xC3, 0x87, 0x8F, 0x97, 0x50, 0xAC, 0x1B, 0xE5, 0x12, 0xA0, 0x23, 0x71, 0x14, 0x2E,
    0x0C, 0x40, 0x40, 0x09, 0x06, 0x47, 0xD3, 0x83, 0x21, 0x04, 0x90, 0xC3, 0x14, 0x00, 0x18, 0x43,
    0x09, 0x15, 0x37, 0xE3, 0x56, 0xEB, 0x54, 0xD7, 0x1E, 0x37, 0x1A, 0x10, 0x0C, 0xFA, 0x27, 0x44,
    0x59, 0x54, 0x16, 0x06, 0xFC, 0xCB, 0x83, 0xFE, 0xB8, 0x9F, 0xAE, 0xC1, 0x7F, 0x7E, 0xFF, 0x0B,
    0x10, 0xD6, 0xD3, 0xBE, 0xFA, 0xB8, 0x72, 0xE4, 0x90, 0x80, 0x5D, 0x9A, 0xBE, 0xD7, 0x2C, 0xBC,
    0xA4, 0x3D, 0x45, 0xBB, 0xFC, 0xEB, 0x6F, 0xA5, 0x36, 0x3B, 0x9F, 0xCE, 0xFC, 0x5A, 0xC3, 0x75,
    0x2A, 0x05, 0x04, 0xD5, 0x81, 0x8E, 0xF5, 0x7D, 0x5D, 0xC8, 0x77, 0xA5, 0x43, 0x53, 0x44, 0xF8,
    0x0B, 0x1E, 0xAF, 0xE9, 0xB5, 0xDB, 0xE2, 0xFE, 0xC4, 0xF1, 0x1A, 0x87, 0x56, 0x01, 0x42, 0x33,
    0x8D, 0x8A, 0xEA, 0xBA, 0xD3, 0x20, 0x2C, 0xEC, 0xDE, 0x1E, 0x3B, 0x93, 0x83, 0x7D, 0xE0, 0x18,
    0x6E, 0xFF, 0x05, 0xAE, 0xE2, 0xAE, 0x72, 0x2B, 0x72, 0x40, 0x9C, 0x9B, 0xDC, 0x37, 0x27, 0xE5,
    0xE7, 0x91, 0xA7, 0x3C, 0xF9, 0x80, 0x0B, 0x04, 0x35, 0x0F, 0xA0, 0xAB, 0xF8, 0x8E, 0x23, 0xC9,
    0x47, 0xD0, 0xBD, 0xFE, 0x07, 0x80, 0x67, 0xAD, 0x85, 0xE4, 0x3D, 0x42, 0xC5, 0x0C, 0x00, 0x09,
    0x0D, 0xA1, 0x04, 0x27, 0xA3, 0xF3, 0xCC, 0x89, 0xE0, 0xF6, 0xCF, 0xDB, 0x70, 0xF4, 0xB0, 0x8F,
    0x3B, 0x3B, 0x78, 0x85, 0x7D, 0x22, 0x07, 0x00, 0x38, 0xDC, 0x1A, 0xC6, 0xE5, 0x6A, 0x0E, 0x0E,
    0xAF, 0x8E, 0x26, 0x66, 0x8B, 0x5D, 0x8D, 0x74, 0xFF, 0x50, 0x93, 0xFF, 0xAA, 0xC8, 0x56, 0xE3,
    0x7F, 0x75, 0x78, 0x21, 0x81, 0x9D, 0xF4, 0xC9, 0xCE, 0x08, 0x6E, 0x4D, 0xE0, 0xD4, 0xDF, 0x70,
    0xEA, 0xD6, 0x57, 0xEC, 0xC1, 0x76, 0xF2, 0xD9, 0xDB, 0x4B, 0xAF, 0xAE, 0x15, 0xEF, 0x7C, 0xD5,
    0xF2, 0xBB, 0xB9, 0x78, 0x00, 0xBA, 0x9B, 0xD9, 0x74, 0xF7, 0xEE, 0x65, 0x57, 0x47, 0x84, 0x57,
    0x00, 0xC0, 0xFB, 0x57, 0xD2, 0xDD, 0x80, 0x4F, 0x24, 0xA7, 0x8D, 0x29, 0x20, 0xDB, 0x2C, 0xE0,
    0xAA, 0x7A, 0x73, 0x2C, 0xE0, 0x56, 0xC0, 0x8F, 0x00, 0x0A, 0xDF, 0x4E, 0x8C, 0xAD, 0x5E, 0xE8,
    0x97, 0xBA, 0xB0, 0xCD, 0xE4, 0xD0, 0x26, 0xFA, 0x84, 0xF8, 0x3C, 0x55, 0xB0, 0x85, 0x07, 0x24,
    0xEC, 0x12, 0x20, 0x10, 0x24, 0x78, 0xD5, 0xC4, 0xE6, 0x65, 0x69, 0xBF, 0x35, 0xCD, 0x1C, 0x9E,
    0x97, 0xB1, 0xCD, 0x4D, 0x69, 0x9E, 0x56, 0x67, 0x4B, 0x70, 0x4D, 0x30, 0x8B, 0xD9, 0xD4, 0x2C,
    0x94, 0xBC, 0xC6, 0x29, 0xA2, 0xB7, 0xBA, 0x77, 0x22, 0xF2, 0x78, 0xF3, 0x55, 0xB8, 0x86, 0x6D,
    0x0E, 0x09, 0x48, 0x8D, 0xB0, 0xB9, 0x2D, 0xCD, 0xD7, 0xD5, 0x8B, 0xE5, 0xD9, 0xDF, 0xFA, 0xE8,
    0xFB, 0x4A, 0x3C, 0xD5, 0xF1, 0x4B, 0x1D, 0x2F, 0xF4, 0xA3, 0xDF, 0x0C, 0x50, 0x68, 0x41, 0x4E,
    0x89, 0x05, 0x06, 0x14, 0x4A, 0x34, 0x96, 0xE4, 0xA4, 0xC0, 0x24, 0x1E, 0xC6, 0x5E, 0xE6, 0x55,
    0x9E, 0xF2, 0xF0, 0xEE, 0x39, 0xD6, 0xA9, 0x1C, 0xED, 0x18, 0xB1, 0x82, 0xFF, 0x01, 0xE3, 0xFF,
    0xC0, 0xC0, 0x60, 0xBF, 0x83, 0x81, 0x41, 0xC7, 0x86, 0x81, 0x81, 0x01, 0x84, 0xF5, 0x80, 0x58,
    0x1F, 0x88, 0xED, 0x81, 0xF8, 0x3F, 0x03, 0x03, 0xE3, 0x7F, 0x07, 0x06, 0xE6, 0xEF, 0x0D, 0x0C,
    0xDC, 0x87, 0x0F, 0x30, 0xF0, 0x37, 0x1F, 0x6E, 0xB0, 0x67, 0x7A, 0x7D, 0xA0, 0x96, 0xE1, 0xBF,
    0x03, 0x00, 0xB5, 0x9A, 0x0B, 0xA8, 0x1D, 0x47, 0x9A, 0xDF, 0x7F, 0xDD, 0xA5, 0x71, 0x8F, 0xA7,
    0xB0, 0x4A, 0x3C, 0x12, 0x66, 0x33, 0x96, 0x7B, 0x00, 0x03, 0x49, 0x90, 0xD4, 0x0B, 0x88, 0xA0,
    0x81, 0xAB, 0x53, 0x6D, 0x0B, 0xE2, 0xC0, 0x90, 0x68, 0xC2, 0x2B, 0x40, 0x80, 0x31, 0x64, 0x79,
    0x87, 0x5C, 0x93, 0x98, 0xC4, 0xB0, 0xBA, 0xA7, 0x5B, 0x52, 0x88, 0x00, 0x01, 0xE3, 0xF0, 0x5A,
    0x20, 0xC0, 0x9A, 0x77, 0x08, 0x90, 0x15, 0x89, 0x00, 0xC1, 0x9C, 0x73, 0x4F, 0x49, 0x1A, 0x62,
    0x92, 0x09, 0x71, 0xCF, 0x28, 0x89, 0x01, 0x41, 0x54, 0x96, 0xB2, 0x78, 0xC1, 0x0B, 0x2A, 0x49,
    0x2D, 0xBB, 0x66, 0x5C, 0xE7, 0xD4, 0x56, 0x9F, 0x73, 0x5F, 0xB2, 0x65, 0x5F, 0xE9, 0xCA, 0x7B,
    0x55, 0xFF, 0x4F, 0xC0, 0xE9, 0xAA, 0xEF, 0xEB, 0xFA, 0xEA, 0x7B, 0x56, 0x03, 0x50, 0x01, 0xA5,
    0x81, 0xDC, 0x02, 0x47, 0x00, 0x10, 0x31, 0x1A, 0x82, 0x6C, 0x09, 0x45, 0x8D, 0x87, 0xCC, 0x9F,
    0x22, 0xEF, 0x4F, 0x22, 0xA2, 0x43, 0xB8, 0x2B, 0x4B, 0x14, 0x16, 0x64, 0x77, 0x18, 0xD5, 0x1D,
    0xA7, 0x89, 0x01, 0x5E, 0x7E, 0x19, 0xAA, 0x6A, 0x85, 0x43, 0x87, 0x00, 0x0E, 0xBC, 0x56, 0x95,
    0xB0, 0xB6, 0xB9, 0xC6, 0xA9, 0xC9, 0x29, 0x8E, 0x84, 0x23, 0xB0, 0x58, 0x40, 0x8C, 0x26, 0xF3,
    0xAA, 0xCB, 0x5D, 0x61, 0x85, 0x2B, 0x3A, 0xE1, 0xA4, 0x11, 0x56, 0x99, 0xB2, 0xD7, 0xE8, 0xE0,
    0x01, 0x80, 0x73, 0x40, 0x00, 0xD1, 0x41, 0xB6, 0x97, 0x7F, 0xD1, 0x12, 0x44, 0x9B, 0x79, 0x41,
    0xDE, 0x43, 0xEE, 0x40, 0x6C, 0xC3, 0x42, 0xD1, 0x81, 0x34, 0xA0, 0x12, 0x66, 0x3D, 0x20, 0x63,
    0xCD, 0xE6, 0x8F, 0x8C, 0x70, 0xC2, 0x28, 0x23, 0xDA, 0xB2, 0x05, 0x4D, 0x42, 0x34, 0x68, 0xD8,
    0xC2, 0xF7, 0xA9, 0xEA, 0x63, 0xA8, 0xEE, 0x1C, 0x79, 0xEC, 0xA1, 0xF2, 0x99, 0x1F, 0x0B, 0x7B,
    0xAC, 0xB0, 0xAF, 0x16, 0x0E, 0xB1, 0x80, 0xD8, 0x51, 0xF6, 0xE4, 0xFE, 0x18, 0x7E, 0x2D, 0xEF,
    0x47, 0xD2, 0x96, 0xB1, 0x16, 0xB1, 0x25, 0x30, 0x0C, 0x4F, 0xE6, 0xC9, 0x7B, 0x84, 0xDB, 0x1A,
    0x85, 0x45, 0x76, 0x48, 0x83, 0x32, 0x34, 0x9E, 0xEC, 0x7C, 0x2B, 0xEE, 0xD9, 0x34, 0xA8, 0x6B,
    0xE0, 0xD9, 0x27, 0x52, 0x2E, 0x9E, 0xF2, 0xC3, 0x6A, 0x94, 0xED, 0x5A, 0xC5, 0x9A, 0x66, 0x63,
    0x8A, 0xEE, 0x41, 0xC5, 0x58, 0x23, 0x7E, 0x13, 0x40, 0x5C, 0xF7, 0x20, 0x6E, 0xF4, 0x50, 0x5C,
    0x74, 0x20, 0xCF, 0x44, 0x8B, 0x12, 0x0F, 0x03, 0xAA, 0xB0, 0x81, 0xE3, 0xB2, 0x9B, 0xB3, 0xA6,
    0x4C, 0x38, 0xF6, 0x9E, 0xBA, 0x1E, 0xB4, 0x53, 0x1F, 0x3A, 0xDD, 0xC6, 0xD8, 0x8A, 0xF8, 0xA7,
    0x73, 0x98, 0x17, 0x0E, 0x42, 0x61, 0xC1, 0xCB, 0x8E, 0xCC, 0x4B, 0x43, 0xDE, 0xAB, 0xE1, 0xD7,
    0xF8, 0xA1, 0x13, 0x8F, 0x7F, 0x7E, 0xA1, 0x17, 0xAE, 0x7C, 0xD3, 0x17, 0xB6, 0xCA, 0x7B, 0xD9,
    0x69, 0xE1, 0x94, 0xD1, 0x65, 0xD7, 0x3C, 0x8C, 0x0B, 0xAA, 0x84, 0x35, 0xFD, 0x1A, 0xA7, 0xC6,
    0xAF, 0xC2, 0x14, 0x98, 0x47, 0x88, 0xC3, 0xAB, 0x96, 0x83, 0xB6, 0xDB, 0xBC, 0x2F, 0xDB, 0xDC,
    0x55, 0xB5, 0x70, 0x9A, 0x01, 0x7A, 0x11, 0x0D, 0x00, 0xA8, 0x2D, 0x9D, 0x78, 0xA0, 0xDE, 0xD2,
    0xF4, 0x05, 0x9F, 0xCD, 0x55, 0x20, 0x1C, 0x3D, 0x89, 0x5F, 0x23, 0xEB, 0xAF, 0x90, 0x3F, 0xB4,
    0x88, 0xD8, 0x26, 0x74, 0x88, 0x7B, 0x8E, 0xE2, 0x6E, 0x8F, 0x34, 0x01, 0x65, 0xA6, 0x34, 0xBD,
    0x36, 0x00, 0x20, 0x3A, 0x20, 0xEF, 0xB7, 0x0F, 0x10, 0xDF, 0xDB, 0x39, 0xBB, 0x97, 0x23, 0xD9,
    0x3C, 0x9F, 0x43, 0xC8, 0x7B, 0xF0, 0xD2, 0x91, 0xF5, 0x95, 0x23, 0x77, 0x5F, 0x3A, 0xC4, 0xA3,
    0x7B, 0xC3, 0xE2, 0x97, 0x12, 0x99, 0x4B, 0x43, 0xD1, 0x2B, 0x83, 0xEC, 0x96, 0xFB, 0x5C, 0x1A,
    0x1A, 0x17, 0x1D, 0x1C, 0xFE, 0x01, 0x94, 0xAF, 0x82, 0x72, 0x6C, 0xFF, 0xCD, 0xBC, 0x76, 0xAA,
    0x53, 0xAD, 0xB2, 0x25, 0x85, 0x5B, 0x43, 0xB8, 0x9E, 0xFC, 0x77, 0x96, 0x2C, 0x1A, 0x88, 0x35,
    0x6C, 0xAE, 0xC4, 0x38, 0xE5, 0x20, 0x76, 0xD0, 0xC0, 0xC0, 0x25, 0xB6, 0xCC, 0x09, 0x10, 0xF0,
    0xE0, 0x33, 0x4F, 0xD6, 0xE7, 0x3D, 0xB9, 0x1B, 0x34, 0xBD, 0x4B, 0x6C, 0x61, 0x29, 0xAC, 0xEC,
    0xB6, 0x05, 0x49, 0xA4, 0x89, 0xD1, 0x41, 0x65, 0x00, 0xC5, 0x36, 0x79, 0x0D, 0x80, 0x11, 0x10,
    0x21, 0x4B, 0x10, 0x09, 0xF2, 0x3E, 0xA8, 0xB2, 0x66, 0x54, 0xB6, 0x34, 0xD1, 0xD0, 0x2B, 0x93,
    0x3B, 0x65, 0x44, 0x37, 0x2C, 0x26, 0xAD, 0x76, 0x55, 0x28, 0x62, 0xAC, 0x09, 0x92, 0x25, 0x7C,
    0x46, 0xEE, 0x21, 0x8F, 0x16, 0xF1, 0x60, 0xCE, 0x52, 0x47, 0x56, 0x53, 0x24, 0xC8, 0x6E, 0x8A,
    0xBA, 0x11, 0x98, 0xC5, 0x0E, 0x11, 0xE7, 0x10, 0x9A, 0x7A, 0xD0, 0x29, 0xBE, 0x4C, 0x56, 0xA8,
    0xEB, 0xBC, 0x9F, 0x22, 0xA2, 0x4F, 0xF3, 0x66, 0xC3, 0xBC, 0xBA, 0xB0, 0x55, 0x2D, 0x3B, 0x8D,
    0xBA, 0x3E, 0xA7, 0x89, 0xF6, 0xA0, 0x56, 0x1B, 0x0D, 0x99, 0xDB, 0x84, 0xCC, 0x4E, 0x40, 0x98,
    0xB0, 0x45, 0x8A, 0xD6, 0x83, 0x7A, 0xA3, 0x07, 0x95, 0x3B, 0x38, 0x21, 0x1C, 0xAC, 0x0D, 0xC4,
    0x0B, 0xCB, 0xE0, 0x4C, 0x28, 0x63, 0xB4, 0x68, 0x72, 0xCF, 0x39, 0xE8, 0xB9, 0x0A, 0x57, 0xB8,
    0x92, 0xC8, 0x81, 0xDC, 0x97, 0xF0, 0xBA, 0x6F, 0x6A, 0x19, 0xD4, 0xF5, 0x58, 0x67, 0x27, 0xD4,
    0xC5, 0xEB, 0xF0, 0x5A, 0x79, 0xB9, 0x86, 0xB2, 0x52, 0x80, 0x6A, 0x36, 0x00, 0x19, 0x7B, 0xA0,
    0x8A, 0x01, 0xD8, 0x1C, 0x37, 0x90, 0xF9, 0xA9, 0x86, 0xC2, 0x85, 0xAA, 0x45, 0x99, 0xA0, 0x0C,
    0xF1, 0xA7, 0x51, 0xF6, 0x30, 0xEB, 0xC5, 0x9F, 0xCF, 0x85, 0x19, 0xE7, 0x4C, 0xC9, 0x7B, 0x1A,
    0xC3, 0xD2, 0xDE, 0x20, 0xAC, 0xE1, 0xD7, 0x44, 0x3F, 0x2A, 0xBB, 0x6A, 0xF1, 0x1D, 0x9C, 0xD5,
    0xCC, 0xBE, 0x0F, 0xF9, 0x03, 0x03, 0x44, 0x00, 0xBE, 0x23, 0x2B, 0x38, 0x98, 0x61, 0xEA, 0x18,
    0x91, 0x17, 0x7A, 0xE4, 0x19, 0x87, 0x12, 0x03, 0x2C, 0xAF, 0x15, 0x1D, 0xC7, 0xA5, 0x19, 0x3C,
    0x11, 0xA7, 0x12, 0xAE, 0xAA, 0xF6, 0x3D, 0x57, 0xB6, 0xD1, 0xE8, 0x76, 0x93, 0x68, 0x45, 0xA4,
    0x0C, 0x44, 0xB4, 0x25, 0xD2, 0x18, 0x62, 0x1D, 0x4D, 0x16, 0xCF, 0x47, 0x93, 0xDF, 0xBF, 0x79,
    0xBF, 0x15, 0xF7, 0x7F, 0x7D, 0xA7, 0x15, 0x77, 0x3E, 0x5A, 0xAF, 0xC5, 0xAF, 0xA3, 0xA6, 0xF8,
    0x70, 0xAE, 0x91, 0x37, 0xBD, 0x46, 0x5D, 0x74, 0x63, 0x9A, 0x47, 0xF7, 0xA2, 0x19, 0xCC, 0xAC,
    0x26, 0x3C, 0x69, 0x66, 0x7E, 0x30, 0xB3, 0x3E, 0x77, 0x88, 0x18, 0x77, 0x6C, 0xED, 0x29, 0x66,
    0xE6, 0x67, 0x3D, 0x94, 0x1E, 0xE6, 0xBA, 0x15, 0x83, 0x85, 0x9B, 0xC2, 0x95, 0x46, 0x38, 0xBD,
    0xE3, 0xBC, 0xA4, 0xD5, 0x28, 0xA3, 0x29, 0x4D, 0xD5, 0x6A, 0xE4, 0x27, 0x81, 0x6C, 0x69, 0x1E,
    0x71, 0x2F, 0xD3, 0x6C, 0x60, 0x9A, 0x7F, 0xCD, 0xB6, 0xED, 0x96, 0x6D, 0x77, 0x4B, 0x87, 0xBE,
    0xC3, 0xB4, 0x9F, 0xF5, 0x4B, 0x3B, 0x22, 0x34, 0x09, 0x65, 0xCB, 0x8E, 0xCF, 0xD4, 0x2B, 0x9B,
    0x8C, 0xF6, 0x6B, 0xB6, 0xD2, 0x78, 0xE0, 0x47, 0x8B, 0x9A, 0x85, 0xFC, 0x7A, 0x84, 0x7B, 0x02,
    0xAF, 0x50, 0xB5, 0xC7, 0x51, 0xF6, 0x1C, 0x59, 0xFC, 0xFF, 0x34, 0x31, 0x72, 0x6D, 0xAC, 0x70,
    0x53, 0xC5, 0xCF, 0x26, 0x2F, 0x43, 0x60, 0x85, 0xA5, 0x59, 0x40, 0xDE, 0x83, 0x70, 0xBB, 0xD0,
    0xE1, 0x60, 0xCE, 0x8E, 0x22, 0xD6, 0x64, 0x73, 0x98, 0xC5, 0xBE, 0xB8, 0xEB, 0xA7, 0xEA, 0x46,
    0xAF, 0xF5, 0x19, 0xA7, 0xB5, 0x18, 0x60, 0x37, 0x75, 0xD1, 0x85, 0xEA, 0xEC, 0x6F, 0x7B, 0x19,
    0x63, 0x4B, 0x69, 0x60, 0xE6, 0x90, 0xF1, 0xE7, 0x81, 0x20, 0x0D, 0xD3, 0x12, 0xF4, 0x69, 0x56,
    0xD1, 0xCD, 0x26, 0x18, 0xA8, 0xEC, 0xF2, 0x99, 0xFC, 0xA1, 0x27, 0x4D, 0xA5, 0xAC, 0xA7, 0xC4,
    0xA4, 0xED, 0x17, 0x77, 0xAA, 0x14, 0x0E, 0xC8, 0x1C, 0x80, 0x05, 0xE8, 0x68, 0x1E, 0xC5, 0xB6,
    0x34, 0x73, 0xCA, 0x36, 0x50, 0xD5, 0x09, 0x99, 0x47, 0xE7, 0x3D, 0xBA, 0x70, 0x54, 0xD1, 0x21,
    0xEF, 0x39, 0xB6, 0x1C, 0xC6, 0x96, 0x36, 0x06, 0x05, 0xCE, 0x16, 0xD1, 0x30, 0x57, 0xDD, 0x26,
    0x84, 0xC1, 0x02, 0xF0, 0xCA, 0x04, 0xB2, 0x5E, 0xB5, 0x81, 0xDC, 0x0D, 0x6B, 0x09, 0x57, 0xBD,
    0xE1, 0x13, 0x1D, 0xD6, 0x12, 0x56, 0x0B, 0x47, 0xB1, 0xA4, 0xB2, 0x1B, 0x27, 0x9A, 0xE6, 0x14,
    0x76, 0x10, 0x2A, 0xFA, 0xEF, 0x78, 0x35, 0x20, 0x5F, 0x52, 0x7A, 0x00, 0xAE, 0x6C, 0xD1, 0x2A,
    0x76, 0x9C, 0x6E, 0x60, 0x6D, 0x0C, 0xA7, 0xA6, 0x40, 0x00, 0xB6, 0x0E, 0x62, 0xE6, 0xAB, 0xE5,
    0x21, 0x4C, 0x5C, 0x12, 0x56, 0x07, 0x51, 0xC7, 0xA5, 0xBD, 0x57, 0x0B, 0xE6, 0x14, 0x8E, 0x40,
    0x61, 0xF1, 0xC8, 0x2E, 0xF3, 0x28, 0x93, 0x47, 0xAB, 0x4C, 0x7A, 0x2A, 0x11, 0xA7, 0xD3, 0x3C,
    0xAB, 0xAB, 0xBA, 0xB0, 0xCD, 0x32, 0x8C, 0xE8, 0x21, 0x8E, 0x68, 0x9A, 0x78, 0x6B, 0xD0, 0x58,
    0xCB, 0x7C, 0x4F, 0x0E, 0x14, 0x6D, 0x9A, 0x94, 0xA6, 0xA4, 0x09, 0x49, 0x7E, 0xD9, 0x6D, 0xAA,
    0xFF, 0x16, 0x66, 0xB1, 0xCB, 0xA3, 0x45, 0xFE, 0xFB, 0x80, 0x42, 0x73, 0x98, 0xAA, 0x86, 0x72,
    0x85, 0x59, 0xAC, 0x41, 0x03, 0x23, 0x7E, 0x4C, 0xE0, 0x6A, 0xDE, 0xE3, 0x4B, 0x43, 0x33, 0x07,
    0x11, 0xEB, 0x59, 0x47, 0xB6, 0x90, 0x77, 0x3D, 0x84, 0xAA, 0x9E, 0x82, 0x6F, 0xD0, 0x64, 0x7E,
    0x8E, 0x26, 0xEF, 0x03, 0x1A, 0x11, 0x97, 0xF4, 0x73, 0x4F, 0x83, 0x48, 0xCF, 0xCD, 0x29, 0x92,
    0x0D, 0x07, 0x64, 0x17, 0x44, 0x4F, 0xD9, 0x35, 0xAA, 0xA3, 0xE9, 0xE5, 0x02, 0x90, 0x71, 0x8E,
    0xFE, 0x13, 0xC7, 0x66, 0x61, 0x09, 0xB2, 0x1B, 0xF4, 0xC0, 0x38, 0x41, 0x45, 0x83, 0x5E, 0x6F,
    0x07, 0x0E, 0x59, 0xBF, 0xF2, 0x0A, 0xCA, 0x34, 0x44, 0x11, 0x0D, 0x9B, 0x14, 0xF7, 0x9C, 0xBA,
    0x38, 0xBC, 0xCE, 0xA8, 0xE8, 0xC6, 0xD2, 0x6C, 0xA8, 0x61, 0xE8, 0xEA, 0x57, 0xEA, 0xCB, 0x1E,
    0x0E, 0x51, 0x85, 0x3C, 0xDA, 0xA2, 0xE5, 0xF0, 0xAC, 0xAE, 0x3E, 0xB6, 0x3A, 0x77, 0x69, 0x6C,
    0xE4, 0x6E, 0x22, 0xD2, 0xB0, 0x1B, 0x32, 0x3D, 0x59, 0x4B, 0x0F, 0xB3, 0x4E, 0xA4, 0x75, 0x6E,
    0xB8, 0xAA, 0xE8, 0xF4, 0xAC, 0x1E, 0x17, 0xDD, 0xA6, 0xB0, 0x63, 0x61, 0x75, 0x69, 0xE4, 0x9C,
    0x6C, 0x41, 0xF1, 0x8B, 0x36, 0x53, 0x2D, 0x1A, 0xE1, 0xA9, 0x5A, 0x26, 0x10, 0xBE, 0x4F, 0x38,
    0x87, 0xB6, 0xF0, 0x36, 0x22, 0xC0, 0x18, 0x34, 0xA8, 0x36, 0x8B, 0x46, 0xDE, 0xEE, 0xCA, 0x34,
    0x77, 0xB9, 0xC2, 0x34, 0x0D, 0x69, 0xC6, 0x83, 0x48, 0x28, 0xCF, 0x20, 0xF0, 0x47, 0xAD, 0x52,
    0x03, 0x5F, 0x3D, 0xA7, 0x79, 0x9F, 0x0D, 0xD8, 0x10, 0xB5, 0x2E, 0x51, 0x1E, 0xE9, 0xD6, 0xCA,
    0xEE, 0xF4, 0xE4, 0xDC, 0x1F, 0xBB, 0x77, 0xC6, 0x13, 0xD7, 0x32, 0xFA, 0xD2, 0x82, 0x8E, 0x16,
    0x36, 0xBE, 0xE8, 0x60, 0xFA, 0x45, 0x77, 0xE4, 0xF5, 0x87, 0x8F, 0xAC, 0x9D, 0xDE, 0xBB, 0xF7,
    0xD0, 0xE8, 0x33, 0x5D, 0x24, 0x8B, 0xAD, 0xBC, 0x6C, 0x0F, 0x0B, 0x8B, 0x32, 0x44, 0x28, 0xCD,
    0x11, 0x69, 0x4E, 0x2A, 0x73, 0xAA, 0xAA, 0x2B, 0x8F, 0x34, 0x34, 0xD7, 0x7B, 0x75, 0xC1, 0xA9,
    0x33, 0xAE, 0x12, 0x76, 0x78, 0x39, 0x69, 0x46, 0x89, 0xF9, 0xEC, 0x2F, 0xAA, 0xCF, 0x3C, 0xEF,
    0x1E, 0x61, 0xF2, 0x01, 0xBA, 0x85, 0x7D, 0x9E, 0xAC, 0x6E, 0xB8, 0xF5, 0xCB, 0xAE, 0xFC, 0x47,
    0x47, 0xAA, 0x35, 0xF4, 0x55, 0x74, 0xCF, 0x28, 0xB0, 0x31, 0xFE, 0xC3, 0x89, 0xB6, 0x13, 0xD5,
    0xD2, 0x44, 0xCB, 0x89, 0xAA, 0xE6, 0x58, 0x05, 0x6B, 0x7A, 0x85, 0xF7, 0x46, 0x70, 0x65, 0x03,
    0xDC, 0x04, 0x6D, 0x26, 0xB5, 0xAE, 0x9B, 0x96, 0x58, 0x07, 0xD0, 0x17, 0x06, 0x72, 0x29, 0x40,
    0xF3, 0x91, 0x87, 0x5F, 0xFE, 0xBF, 0x1E, 0xBE, 0x5C, 0x38, 0xB2, 0x8F, 0x1F, 0x3A, 0xF4, 0xCD,
    0x7B, 0x9F, 0xA3, 0xC5, 0x8D, 0x05, 0xD2, 0x30, 0x3B, 0xDF, 0x97, 0x6F, 0xBA, 0x52, 0x24, 0x81,
    0x9C, 0x8E, 0xC3, 0x59, 0x1D, 0x0D, 0xFA, 0xFD, 0xD5, 0xA4, 0xF0, 0x59, 0x64, 0xD8, 0xE4, 0xE4,
    0xE0, 0x84, 0x1B, 0x09, 0x97, 0x0C, 0x70, 0xA3, 0xB0, 0x83, 0xB8, 0x15, 0xD2, 0x53, 0xDD, 0xB1,
    0x55, 0x74, 0xEA, 0x96, 0x2B, 0x97, 0x2F, 0xA3, 0xB7, 0x5F, 0x66, 0x98, 0xAB, 0xFC, 0x0F, 0x62,
    0x9F, 0xCF, 0x27, 0xB9, 0x1B, 0xE5, 0xAB, 0xD9, 0x49, 0x4B, 0xDD, 0x44, 0x1A, 0x2F, 0x6F, 0x59,
    0x15, 0x6B, 0xD5, 0x92, 0x46, 0x59, 0x13, 0x1D, 0xCC, 0x28, 0x62, 0x5B, 0x9E, 0x45, 0xC3, 0x08,
    0x36, 0x56, 0x43, 0xB0, 0x52, 0x56, 0x73, 0xFF, 0xB6, 0x53, 0x9F, 0xFA, 0x50, 0x5E, 0xB4, 0xA1,
    0x2A, 0x3A, 0xAF, 0xE5, 0xF5, 0x5E, 0xA7, 0x23, 0x34, 0x52, 0x37, 0xDD, 0x46, 0x3A, 0x92, 0x93,
    0xF2, 0xCC, 0x83, 0x49, 0x95, 0xCF, 0x0B, 0xA7, 0xDA, 0x1F, 0xF8, 0xAA, 0x25, 0x9C, 0x86, 0xC9,
    0x04, 0x36, 0x7A, 0xD0, 0x2E, 0xA1, 0x4B, 0x30, 0x50, 0xD5, 0x09, 0xC0, 0x69, 0x38, 0xE9, 0x61,
    0xE6, 0x58, 0xE9, 0x84, 0x3F, 0x02, 0xF5, 0x64, 0x0E, 0x97, 0xC5, 0xD8, 0xCA, 0xDB, 0x9F, 0xDA,
    0xF2, 0xF2, 0x4D, 0xA7, 0x13, 0x9F, 0x6D, 0x5E, 0xD3, 0xF2, 0x2D, 0x3B, 0xAE, 0x94, 0xD1, 0xBA,
    0xAA, 0x55, 0xF4, 0x30, 0x5A, 0xAD, 0xC7, 0x64, 0x69, 0xA5, 0x00, 0xBC, 0x64, 0x4F, 0xA0, 0xFA,
    0x19, 0xCC, 0x6F, 0x43, 0xB3, 0x27, 0x76, 0xCD, 0x6A, 0x7E, 0x72, 0xC7, 0xD0, 0x5C, 0xFE, 0x0B,
    0x46, 0xC2, 0x53, 0x9A, 0x0F, 0x9A, 0x1B, 0x4E, 0x5D, 0x78, 0x62, 0xF7, 0x56, 0x47, 0xA1, 0xFC,
    0xAC, 0xA7, 0x00, 0x59, 0x23, 0xE1, 0xFB, 0xAC, 0x5F, 0x36, 0xD5, 0x59, 0x53, 0xA9, 0x56, 0x97,
    0xB5, 0xAE, 0x28, 0x23, 0x5B, 0x3B, 0x35, 0xFA, 0x00, 0x6D, 0xA4, 0x81, 0xD9, 0x45, 0x17, 0xCA,
    0x33, 0x36, 0x94, 0x45, 0xE7, 0xAB, 0xBD, 0xFB, 0x93, 0x36, 0x6D, 0xDC, 0xFC, 0xA9, 0xAD, 0x6E,
    0x7F, 0x31, 0xFF, 0xB6, 0xE7, 0xC6, 0x7B, 0x9E, 0x83, 0xDC, 0x80, 0xD8, 0x42, 0x4E, 0xD3, 0xF3,
    0x5F, 0x7A, 0xEE, 0xAE, 0x0A, 0xBA, 0xD8, 0x26, 0xFB, 0x2D, 0x7E, 0xEB, 0xE4, 0x0D, 0x57, 0xDC,
    0xB3, 0x59, 0xAC, 0xD7, 0x4D, 0x65, 0xD6, 0xDB, 0xC6, 0x94, 0x49, 0xA3, 0x15, 0x65, 0x5D, 0xCD,
    0x2B, 0x74, 0x55, 0x31, 0x2A, 0x9B, 0x84, 0x31, 0x5A, 0xEB, 0x0F, 0x54, 0xD2, 0xCA, 0xBA, 0x61,
    0x7D, 0xA9, 0xEF, 0x0A, 0xAA, 0x39, 0x7A, 0x78, 0xA2, 0x4E, 0x43, 0x6B, 0x94, 0xA7, 0x58, 0xA0,
    0x7E, 0x6A, 0x5E, 0x59, 0x66, 0xBC, 0x59, 0x74, 0x14, 0x0E, 0xD9, 0x9D, 0x4A, 0xE6, 0xD5, 0xA0,
    0x7B, 0x5E, 0x72, 0x95, 0x95, 0x0F, 0x7E, 0xE7, 0x13, 0xEB, 0x20, 0x3E, 0xEB, 0xA6, 0x45, 0x34,
    0x13, 0xF9, 0x91, 0x09, 0x6A, 0x89, 0x64, 0x4E, 0x97, 0x3E, 0xB5, 0xB3, 0x4F, 0x62, 0x4D, 0x15,
    0x18, 0x4E, 0x5C, 0x48, 0x23, 0xEB, 0x3D, 0x4D, 0x9F, 0xFD, 0xDE, 0x89, 0xBB, 0x4E, 0xDE, 0x7C,
    0xA0, 0xDF, 0x98, 0xD3, 0x22, 0x1C, 0x04, 0x28, 0x81, 0x7D, 0x3C, 0x44, 0xF6, 0x9B, 0x4E, 0x3C,
    0x72, 0xF9, 0x5D, 0x0B, 0xFB, 0x3F, 0x2C, 0x2D, 0x65, 0x47, 0xD1, 0x31, 0x8B, 0x94, 0xFF, 0x07,
    0x75, 0xBF, 0x53, 0x9F, 0xB9, 0xF2, 0x0D, 0x5F, 0xE1, 0x35, 0x7E, 0x94, 0xF5, 0xA7, 0x73, 0x77,
    0x4E, 0xB8, 0x89, 0x34, 0x94, 0x35, 0x1B, 0x48, 0xC7, 0xCB, 0x40, 0x5E, 0xA3, 0x0C, 0x1A, 0xAE,
    0x02, 0xFB, 0x39, 0xBF, 0x59, 0x57, 0x7C, 0x62, 0xCB, 0xBA, 0xD3, 0xD0, 0x04, 0xA6, 0x30, 0x59,
    0x09, 0x20, 0x91, 0x0B, 0xD8, 0x44, 0x7C, 0xD4, 0xCA, 0x0F, 0x91, 0x1D, 0xA2, 0x87, 0x39, 0x68,
    0x86, 0x62, 0x7A, 0x44, 0xD9, 0x23, 0xBA, 0xC2, 0x8A, 0x0E, 0x20, 0xA9, 0xCA, 0xA8, 0x36, 0x29,
    0x89, 0x0A, 0xCD, 0x08, 0xFD, 0x41, 0xD5, 0x1D, 0x3F, 0xAE, 0xF5, 0xF1, 0xE3, 0xDF, 0xF4, 0x2B,
    0xB2, 0x45, 0x99, 0x81, 0x02, 0xC0, 0x3A, 0xCC, 0x40, 0xB3, 0x6B, 0xAA, 0x93, 0xE5, 0x08, 0xE0,
    0xC1, 0x91, 0x5B, 0x1A, 0xC3, 0x18, 0xC8, 0x03, 0xA8, 0x84, 0xE3, 0x09, 0xA7, 0x3C, 0x5C, 0x89,
    0x96, 0x07, 0x8F, 0x3D, 0x77, 0x5D, 0xC8, 0x6E, 0xB9, 0xA0, 0x6F, 0x3C, 0xE8, 0x35, 0x33, 0xB3,
    0x7E, 0xDB, 0xB1, 0xFE, 0x1F, 0x2C, 0xE5, 0xC5, 0x84, 0xB7, 0x3A, 0x2A, 0x19, 0x6B, 0x1D, 0x7F,
    0x6D, 0x92, 0xD5, 0xD9, 0x91, 0xBA, 0xD4, 0x6D, 0x24, 0x25, 0x4F, 0xC4, 0x82, 0xEC, 0x03, 0x2A,
    0xCB, 0x32, 0xCB, 0x44, 0x07, 0x54, 0x34, 0xEA, 0xD3, 0x21, 0x20, 0x95, 0x83, 0x13, 0xDD, 0xF2,
    0x59, 0xA7, 0x95, 0x39, 0x97, 0x5C, 0x8F, 0xEC, 0xA1, 0xA5, 0xB0, 0xA8, 0x96, 0x35, 0x80, 0x7D,
    0xDC, 0xEA, 0xDB, 0xB0, 0x8A, 0x2B, 0x72, 0x7F, 0x0F, 0xCD, 0xE1, 0x43, 0xA0, 0x5E, 0x05, 0xE9,
    0x00, 0x38, 0xA8, 0xD3, 0xD9, 0x87, 0xCB, 0x3B, 0xE0, 0x96, 0xA3, 0x85, 0x68, 0x41, 0x43, 0x15,
    0xE7, 0xAC, 0x8D, 0xD7, 0x78, 0x7D, 0xFA, 0xC3, 0xED, 0x64, 0xA6, 0x26, 0xA8, 0xA1, 0x13, 0x61,
    0xF2, 0xBE, 0x34, 0xF9, 0x32, 0x99, 0x5F, 0x50, 0x45, 0xCB, 0x4B, 0x2D, 0xCB, 0xEA, 0x56, 0x5D,
    0x36, 0x94, 0x67, 0x0D, 0x95, 0x5A, 0xA0, 0xD5, 0x2F, 0x8C, 0x2E, 0x7F, 0x6A, 0x46, 0x95, 0x32,
    0x1B, 0xE5, 0xCF, 0xEB, 0x89, 0x9C, 0xC3, 0x8F, 0x12, 0xA6, 0xA5, 0x19, 0x6A, 0x06, 0xD5, 0x89,
    0x55, 0x49, 0x10, 0xDF, 0x72, 0xFA, 0x4F, 0xA2, 0xD3, 0xC8, 0x04, 0xD5, 0x6D, 0x97, 0x04, 0xEA,
    0x37, 0x81, 0x3C, 0x76, 0x30, 0x6B, 0xE5, 0xAD, 0x94, 0xA2, 0xF5, 0x3A, 0xF3, 0xCD, 0x3D, 0xBF,
    0xA9, 0xFB, 0xA9, 0x70, 0xD3, 0x24, 0x7F, 0xD9, 0x0E, 0x2B, 0xC2, 0x1F, 0xCD, 0x5C, 0x11, 0xCA,
    0xB6, 0x3C, 0xA7, 0xCC, 0x1A, 0xCA, 0x5C, 0x4D, 0x70, 0xC8, 0x1B, 0x06, 0x79, 0xAB, 0xA5, 0xF8,
    0x0C, 0x44, 0x4C, 0x98, 0x27, 0x04, 0x56, 0x35, 0xBA, 0x83, 0x19, 0x0D, 0x7F, 0xF6, 0x66, 0xAC,
    0xD5, 0xA5, 0x7F, 0x87, 0xFA, 0x05, 0xA8, 0xBF, 0x4C, 0xF0, 0x20, 0x5D, 0x82, 0xDD, 0xAD, 0x0F,
    0xA0, 0x6D, 0x41, 0xDC, 0x35, 0x90, 0x7D, 0xBD, 0x10, 0x24, 0x64, 0x1E, 0x82, 0xE8, 0xC9, 0xBC,
    0x72, 0xE4, 0xBD, 0x4E, 0xC4, 0x7D, 0x31, 0x14, 0x82, 0xB7, 0x2C, 0x22, 0xBE, 0xD5, 0x3D, 0xBD,
    0x10, 0xEC, 0xA3, 0x03, 0x32, 0x0B, 0x08, 0x03, 0x48, 0xE0, 0xED, 0x9F, 0xE1, 0x0C, 0xB3, 0x1A,
    0xC8, 0xEA, 0x6F, 0x51, 0x56, 0x80, 0x2B, 0x64, 0x86, 0xBC, 0xE6, 0xEF, 0xC0, 0x14, 0x19, 0x4D,
    0x36, 0xAF, 0x57, 0x06, 0x91, 0x7F, 0x73, 0x1E, 0x28, 0x0D, 0x31, 0x30, 0x48, 0xD0, 0x52, 0x3E,
    0xCD, 0x25, 0x3E, 0xB5, 0x72, 0x7A, 0xA4, 0x11, 0x8F, 0xE6, 0xAB, 0x02, 0xDF, 0xDA, 0xAF, 0x55,
    0x4E, 0x4F, 0x0F, 0xB9, 0xFF, 0xD3, 0xCB, 0x3B, 0xCB, 0x90, 0x7B, 0xB1, 0x56, 0xE7, 0xB7, 0x43,
    0x2E, 0x79, 0x0D, 0x45, 0x82, 0xA2, 0x88, 0x71, 0x6F, 0xBD, 0xF4, 0x6C, 0xFD, 0x0C, 0x01, 0x92,
    0xF5, 0x05, 0xD5, 0xEA, 0x0D, 0x6A, 0xAA, 0xBD, 0x6E, 0xE1, 0xC9, 0xD6, 0x26, 0xBE, 0xA8, 0xB7,
    0x8B, 0xB0, 0x2A, 0x9A, 0x9D, 0x45, 0xF7, 0x96, 0x1A, 0xB3, 0x7E, 0xDB, 0x05, 0xB2, 0x74, 0x81,
    0xB3, 0x68, 0xF4, 0x93, 0x2E, 0xF0, 0xC9, 0xF6, 0xCE, 0xF7, 0x76, 0xDB, 0x3B, 0x2E, 0x24, 0x8C,
    0xF6, 0xB4, 0x77, 0x56, 0x95, 0xEC, 0xAC, 0x1F, 0x01, 0x13, 0xC8, 0x3C, 0xDF, 0xFB, 0xA7, 0x96,
    0x62, 0x51, 0xA3, 0x63, 0xA7, 0xAE, 0x77, 0xAA, 0x6D, 0xD5, 0x9C, 0x64, 0x03, 0x95, 0x32, 0x2B,
    0x4D, 0x8E, 0x56, 0x8A, 0xA8, 0x60, 0x42, 0x65, 0x81, 0xEF, 0xBA, 0x4F, 0xB2, 0x5D, 0x89, 0xB1,
    0x97, 0x5A, 0x00, 0x50, 0xFD, 0x5A, 0x69, 0x4F, 0x87, 0x73, 0xBF, 0x4C, 0xD9, 0xE8, 0xF4, 0x89,
    0x6C, 0x74, 0xFC, 0xE5, 0x56, 0x36, 0x7A, 0xEA, 0xF3, 0x94, 0x8D, 0x6E, 0xDE, 0xBB, 0xF7, 0xE5,
    0x2A, 0x1B, 0x05, 0xDE, 0x01, 0xB8, 0xBA, 0x53, 0xF5, 0xB4, 0xCF, 0xDA, 0x8A, 0x19, 0x26, 0x9E,
    0x84, 0x77, 0x91, 0x16, 0xD8, 0x27, 0xAF, 0xCD, 0x0D, 0x74, 0x64, 0x1D, 0x55, 0x7B, 0xF0, 0x26,
    0xA6, 0x4A, 0x28, 0xDA, 0x84, 0x3A, 0x81, 0x97, 0xEA, 0xF7, 0x67, 0x97, 0x5C, 0x79, 0xF6, 0x4A,
    0xF5, 0x2A, 0xD5, 0x7B, 0x68, 0xB7, 0xF4, 0xC5, 0x1B, 0x47, 0x26, 0xDA, 0x4D, 0x94, 0xE1, 0x30,
    0x1C, 0x87, 0xA3, 0xF0, 0xFA, 0xB0, 0xEA, 0x26, 0x41, 0x44, 0xC2, 0xC7, 0xAF, 0xF0, 0xBB, 0xFF,
    0x45, 0xF6, 0xF9, 0x5F, 0x92, 0x3F, 0xF2, 0x2B, 0x4E, 0xD1, 0x21, 0x3E, 0x0D, 0x14, 0xC9, 0xFC,
    0xE4, 0x1D, 0x8D, 0xFA, 0xEF, 0x55, 0xDD, 0x38, 0xE5, 0xD6, 0xDB, 0x49, 0xF5, 0x66, 0x28, 0xFF,
    0xD5, 0xBF, 0xAD, 0x7E, 0x89, 0x5E, 0xA0, 0x03, 0xA3, 0xC8, 0xF8, 0xCE, 0x3F, 0x98, 0x9C, 0xED,
    0x27, 0xC2, 0xEE, 0x91, 0xFF, 0x3D, 0x19, 0xD7, 0xC8, 0xFD, 0x55, 0xF2, 0xC7, 0xDB, 0xF2, 0x9B,
    0x5D, 0xF9, 0xBB, 0x5D, 0xF9, 0xB3, 0xF7, 0xD1, 0x16, 0xD9, 0x51, 0x18, 0x9A, 0x40, 0xF9, 0xBF,
    0x7F, 0xA6, 0x2E, 0x39, 0x95, 0xC4, 0x3F, 0x36, 0x88, 0xBF, 0x0A, 0x25, 0xA7, 0xB7, 0x43, 0x49,
    0x13, 0x2F, 0x84, 0x6B, 0x73, 0x19, 0x5C, 0x38, 0xFA, 0xFA, 0xCF, 0xC2, 0x1A, 0x99, 0x7F, 0x77,
    0xC9, 0x20, 0xDF, 0xDE, 0xA0, 0x47, 0x8E, 0xE2, 0x13, 0xBF, 0x62, 0xD0, 0x8D, 0xD1, 0x5E, 0x9B,
    0x04, 0xFE, 0x5E, 0x1F, 0xF9, 0x97, 0x0F, 0x86, 0xDF, 0x0D, 0x22, 0x92, 0x50, 0x53, 0xDC, 0x37,
    0xC8, 0x8F, 0xFF, 0x2F, 0xF2, 0xE6, 0x1C, 0x75, 0xBD, 0xA7, 0x48, 0x0E, 0xAE, 0x65, 0x9E, 0xCD,
    0x21, 0x10, 0x9E, 0xDE, 0xFF, 0x79, 0xFC, 0x4F, 0xBE, 0xB1, 0xFF, 0xF3, 0xF4, 0x8E, 0xC0, 0xDF,
    0xAC, 0x3F, 0x98, 0x9D, 0x77, 0xE5, 0x05, 0x57, 0x2D, 0x3D, 0xDB, 0x13, 0xD9, 0xBF, 0xF4, 0x88,
    0x96, 0x62, 0x39, 0x5E, 0x5E, 0x76, 0x79, 0x03, 0x61, 0xB0, 0xC5, 0x80, 0x3F, 0x35, 0xB0, 0x3F,
    0xF9, 0x5C, 0xED, 0xA7, 0xE6, 0x7A, 0x34, 0xE5, 0x85, 0xCF, 0x4D, 0xF9, 0xE6, 0x03, 0x53, 0x09,
    0x57, 0x6B, 0x61, 0xD1, 0xB1, 0x43, 0x4B, 0xC3, 0x38, 0x61, 0xAA, 0x7E, 0xC5, 0xA4, 0xF0, 0xC3,
    0x52, 0x73, 0x08, 0xDB, 0x6D, 0xFB, 0xCC, 0xCB, 0x8E, 0xBC, 0x57, 0x86, 0xDC, 0x0D, 0x6D, 0xFB,
    0xA1, 0xBD, 0x2F, 0x5C, 0x79, 0xBE, 0x17, 0xB6, 0xAA, 0x43, 0xD1, 0x55, 0x04, 0x69, 0x34, 0x41,
    0x25, 0xE2, 0x9B, 0xCF, 0xE3, 0x8D, 0x1E, 0x10, 0x0E, 0x90, 0x1D, 0xFC, 0x8D, 0xA6, 0x86, 0x6A,
    0x59, 0xA9, 0xB0, 0x1E, 0x1D, 0xA9, 0x56, 0x21, 0xA5, 0xDB, 0x54, 0x22, 0xB6, 0xBA, 0xB8, 0xEB,
    0x12, 0x73, 0x9F, 0x6C, 0xDF, 0x6F, 0x24, 0x4C, 0xD4, 0xF9, 0x6D, 0xC7, 0x67, 0xA1, 0x34, 0x88,
    0x39, 0x00, 0x48, 0x03, 0x9B, 0x90, 0xB8, 0x5A, 0xD9, 0x4D, 0x7D, 0x52, 0x46, 0x48, 0xDB, 0x15,
    0x74, 0x61, 0x83, 0x4E, 0x9A, 0xD4, 0xEA, 0x37, 0x5E, 0xAB, 0x5B, 0x7D, 0x82, 0x2B, 0xDF, 0x8A,
    0x46, 0xDE, 0x8A, 0xAF, 0x33, 0x8B, 0x96, 0xAB, 0x14, 0xBF, 0xF5, 0xE5, 0xD9, 0x4D, 0x5D, 0xE9,
    0x91, 0xD6, 0x1B, 0xE3, 0xD1, 0xC6, 0x78, 0x3A, 0xD2, 0xBE, 0x6C, 0x1E, 0x17, 0x31, 0x3C, 0x5B,
    0x93, 0xEB, 0x28, 0x55, 0x7B, 0x0C, 0xF5, 0x78, 0xD5, 0xE4, 0xE2, 0x18, 0xF0, 0x0A, 0x70, 0x6C,
    0xA7, 0xF1, 0xF1, 0xB4, 0xDA, 0x29, 0x63, 0x5C, 0xA0, 0xFF, 0x33, 0xAA, 0x27, 0xDB, 0x36, 0xE0,
    0xB2, 0x05, 0x9E, 0xAB, 0x4B, 0x56, 0x24, 0xE8, 0x39, 0x64, 0x01, 0x58, 0xDB, 0xC2, 0x29, 0xF6,
    0x96, 0x63, 0x7E, 0xAB, 0x1C, 0x73, 0x7B, 0xCA, 0xB1, 0x07, 0xA9, 0x1C, 0x5B, 0x4C, 0xAA, 0xDC,
    0xB3, 0x64, 0x9E, 0xDB, 0x84, 0xAD, 0x32, 0x22, 0x76, 0xCA, 0x68, 0xA4, 0x99, 0x24, 0x1B, 0x18,
    0x42, 0x72, 0xB7, 0xB4, 0x8B, 0x2C, 0xB2, 0x23, 0xC7, 0x8E, 0x0C, 0x09, 0x6A, 0x01, 0x7F, 0xC0,
    0xFB, 0xF1, 0x8D, 0x90, 0x16, 0x96, 0x1F, 0x9A, 0x94, 0x7F, 0x8B, 0xFB, 0x88, 0x05, 0x22, 0x20,
    0x3C, 0xC2, 0x6D, 0x0F, 0x4B, 0x11, 0xBE, 0xB2, 0x7A, 0x9F, 0x56, 0xB7, 0x4B, 0x93, 0xCE, 0x22,
    0xCC, 0xA2, 0x7F, 0xBE, 0xD5, 0x03, 0x4D, 0x34, 0x7B, 0x57, 0x87, 0x03, 0x35, 0xF1, 0xA0, 0x6A,
    0x41, 0xD5, 0x20, 0x49, 0x78, 0xE6, 0xCA, 0xF0, 0x2B, 0x05, 0x18, 0x4D, 0xFC, 0x7D, 0x34, 0xD7,
    0xC2, 0xB5, 0x06, 0x17, 0xDE, 0xDD, 0xE0, 0x1F, 0xFB, 0x1F, 0x4F, 0xC8, 0x7B, 0x02, 0xC2, 0xAD,
    0x88, 0x4F, 0x24, 0xF3, 0x14, 0x36, 0xEF, 0x91, 0x9D, 0x70, 0x0C, 0xE7, 0x0A, 0x35, 0x90, 0x59,
    0x8C, 0x61, 0xA7, 0x4F, 0x76, 0x6D, 0x6F, 0xD0, 0x88, 0x3D, 0x00, 0xAC, 0x5F, 0xEF, 0xAB, 0x54,
    0x87, 0x5E, 0xDC, 0xB7, 0x0E, 0x3D, 0x50, 0xFF, 0x70, 0x65, 0x8B, 0xDB, 0xB0, 0xDF, 0x54, 0xCB,
    0x1E, 0x41, 0x77, 0xBC, 0x02, 0xC7, 0x97, 0xE3, 0x24, 0x40, 0xF3, 0x30, 0x9A, 0xD2, 0x2C, 0x56,
    0xDC, 0xFE, 0x79, 0x40, 0xAF, 0x25, 0xFC, 0xC4, 0xA3, 0xFF, 0xB8, 0xA7, 0x8C, 0x0E, 0xFE, 0x6B,
    0xC2, 0xA3, 0x84, 0x4F, 0x2D, 0xC8, 0x04, 0xED, 0x51, 0x2D, 0xB3, 0x33, 0xCB, 0x9A, 0xE0, 0xDF,
    0x74, 0xFA, 0x97, 0xA6, 0x8C, 0x86, 0xFB, 0x26, 0xBB, 0xD3, 0xAE, 0xAA, 0x34, 0x11, 0x0D, 0x04,
    0x56, 0x58, 0x2C, 0xC8, 0x62, 0x24, 0x9F, 0xEB, 0x5A, 0xEC, 0xB9, 0xC4, 0x5B, 0x65, 0x10, 0x63,
    0x54, 0xB7, 0x49, 0xF3, 0x45, 0x6C, 0x7F, 0xE4, 0x96, 0x75, 0xC7, 0xCE, 0x4D, 0x65, 0xEC, 0xD4,
    0x3D, 0x57, 0x5E, 0x5C, 0xE5, 0x81, 0x3B, 0xDE, 0xD2, 0x4C, 0xB6, 0xEA, 0x8E, 0x99, 0xAD, 0x52,
    0xDF, 0x6D, 0x9C, 0x4E, 0xC0, 0xA4, 0x61, 0xF3, 0xDA, 0x9C, 0x4D, 0x1D, 0xE3, 0x22, 0xDF, 0xCE,
    0x74, 0x03, 0x64, 0x81, 0x43, 0xC4, 0xFA, 0x1A, 0x4D, 0xEC, 0x91, 0xB1, 0xA6, 0xE8, 0xD7, 0x4E,
    0x9C, 0x9B, 0x4C, 0x36, 0xAE, 0x3D, 0x0E, 0xFF, 0x3A, 0xF6, 0x55, 0xAC, 0x97, 0x27, 0xEF, 0xD5,
    0xBC, 0x9F, 0x30, 0xEB, 0x9E, 0x7B, 0x45, 0x15, 0x6B, 0x72, 0x07, 0x79, 0x97, 0x60, 0x20, 0xAB,
    0xD9, 0x87, 0xC3, 0x51, 0x38, 0xB6, 0x1C, 0x3F, 0x7E, 0x9E, 0x7B, 0x5C, 0x5E, 0x7B, 0x19, 0xA0,
    0x7A, 0x15, 0x9E, 0xB8, 0x41, 0xE4, 0xAF, 0x23, 0x79, 0x72, 0x35, 0xE0, 0xCC, 0xCA, 0x52, 0x00,
    0x0E, 0xD0, 0xC1, 0xFB, 0x7A, 0xF2, 0x72, 0x35, 0x19, 0xEC, 0x57, 0x82, 0xBF, 0x0D, 0x48, 0xA3,
    0x51, 0xA6, 0xAA, 0x9B, 0xBE, 0x6C, 0xA1, 0xAC, 0xA1, 0x02, 0xA6, 0x3B, 0x2F, 0xB9, 0x9B, 0xC0,
    0x1C, 0xA5, 0x3A, 0x87, 0x76, 0xE8, 0xC0, 0x86, 0x66, 0xA2, 0xEA, 0x89, 0x6A, 0x59, 0x8D, 0x0A,
    0x11, 0x00, 0x9E, 0xE3, 0xA6, 0xA8, 0x8E, 0xA6, 0x69, 0x37, 0x89, 0x6E, 0xA5, 0xB7, 0xA2, 0x86,
    0xC3, 0x3C, 0x63, 0xCB, 0xAF, 0x03, 0xD1, 0x2E, 0x9F, 0xE7, 0x87, 0x1C, 0xE4, 0xA2, 0x48, 0xEE,
    0x44, 0xEA, 0x44, 0x56, 0x6F, 0x4D, 0x05, 0xB0, 0xB1, 0x47, 0xBB, 0xDF, 0x92, 0x2D, 0x98, 0xC9,
    0x4E, 0x02, 0x3D, 0xA2, 0xE8, 0x81, 0x67, 0x14, 0xC3, 0x7E, 0xF5, 0x06, 0xA3, 0xEC, 0xCA, 0x6E,
    0x48, 0x18, 0x3C, 0x80, 0x63, 0x75, 0x90, 0x11, 0xED, 0xB7, 0x37, 0x2A, 0x57, 0x45, 0x58, 0x47,
    0x5E, 0x3F, 0xB7, 0x8F, 0x9A, 0xF5, 0xB0, 0x09, 0xF4, 0x5B, 0xFC, 0x3A, 0xF8, 0x5B, 0x7F, 0xBF,
    0x6D, 0x76, 0x7C, 0x54, 0xB3, 0xA7, 0xDF, 0xB6, 0x89, 0x88, 0x46, 0x74, 0x14, 0x20, 0xE1, 0x59,
    0xAE, 0xF4, 0x6E, 0xDF, 0xD9, 0xB9, 0xD2, 0x0B, 0x1A, 0x79, 0xD1, 0x8F, 0x28, 0x6F, 0x3D, 0x98,
    0xD5, 0xCB, 0x2B, 0x3D, 0x56, 0x6A, 0x43, 0x01, 0x1C, 0xE3, 0x39, 0xFA, 0xB6, 0x71, 0x6B, 0x06,
    0xBC, 0x0B, 0xF0, 0xFE, 0xF2, 0x14, 0x4F, 0xD9, 0x35, 0xDE, 0x9E, 0x7C, 0x6F, 0x80, 0xDC, 0xB1,
    0xDC, 0x1E, 0x70, 0x7F, 0x08, 0x7D, 0xB7, 0x63, 0x4B, 0x07, 0xBC, 0x6D, 0xE7, 0xE4, 0x11, 0x26,
    0x57, 0xD0, 0x06, 0xD8, 0xEF, 0x7A, 0xA0, 0x6D, 0x93, 0xA9, 0xB9, 0x25, 0xA8, 0x5F, 0x8C, 0xEB,
    0x95, 0x2B, 0x78, 0xCF, 0xD5, 0xAB, 0xC0, 0x33, 0x30, 0xAE, 0x62, 0x34, 0x20, 0x17, 0xC2, 0x80,
    0x0A, 0x03, 0xD5, 0x01, 0x60, 0x12, 0xD6, 0x20, 0xEB, 0xFD, 0x29, 0x10, 0x9F, 0xC4, 0x1E, 0xD4,
    0xF5, 0xC7, 0x57, 0xA1, 0x8A, 0xEE, 0x1D, 0xD8, 0x10, 0x0E, 0xF0, 0xC2, 0xFD, 0x00, 0x61, 0x85,
    0x3D, 0x8C, 0x34, 0xF2, 0xCF, 0xFF, 0x05, 0xDA, 0xE9, 0x38, 0x87, 0xF8, 0xA5, 0x93, 0x1F, 0x7B,
    0x9F, 0x82, 0xA5, 0xD7, 0xC5, 0x87, 0x6E, 0x24, 0x63, 0xBB, 0x21, 0x3B, 0x12, 0xD3, 0x23, 0x09,
    0x57, 0xF4, 0xEC, 0x33, 0xAB, 0xEE, 0x2E, 0x40, 0x0A, 0x50, 0xFF, 0x10, 0xA4, 0x7F, 0xA1, 0xCF,
    0x8D, 0xB0, 0x75, 0xF6, 0xC0, 0x30, 0xDB, 0xBF, 0x0B, 0xC9, 0x6C, 0xB0, 0xA3, 0x09, 0x87, 0xD1,
    0x1C, 0x5A, 0xF5, 0x9D, 0xDA, 0x6D, 0xE8, 0x18, 0xEB, 0x86, 0xE1, 0xDF, 0x14, 0x8D, 0xA7, 0xBA,
    0x64, 0x91, 0x0B, 0x28, 0xE6, 0x8C, 0x34, 0xEF, 0x96, 0xED, 0x32, 0x72, 0xB6, 0x2A, 0xD6, 0xBA,
    0x62, 0x72, 0x9A, 0x89, 0xA7, 0xEA, 0xE0, 0x87, 0x3F, 0x84, 0xD3, 0xA7, 0x57, 0xD8, 0xFD, 0x3B,
    0x18, 0xA7, 0x4B, 0x75, 0xEA, 0xE4, 0x15, 0x97, 0x5A, 0x80, 0xFD, 0x18, 0xAF, 0x38, 0xAF, 0xF8,
    0x6E, 0x53, 0xF8, 0x6B, 0x8D, 0x31, 0x99, 0xB5, 0xAC, 0x0E, 0x68, 0xF6, 0x89, 0x05, 0xE0, 0xA0,
    0x81, 0x86, 0xD7, 0x5F, 0xE7, 0xDC, 0x39, 0xD6, 0xD6, 0x00, 0x00, 0x9E, 0xB9, 0x34, 0xB7, 0x36,
    0x7F, 0xE0, 0x70, 0x0E, 0xF6, 0x2F, 0xCD, 0x8B, 0x18, 0x91, 0x71, 0x81, 0xA2, 0xE7, 0xB0, 0x30,
    0xBC, 0xA2, 0xE0, 0x90, 0x76, 0x90, 0x05, 0x20, 0xF0, 0xB7, 0x09, 0xAB, 0x7F, 0x79, 0xCF, 0x54,
    0x76, 0x94, 0x0B, 0x00, 0x20, 0xFE, 0x19, 0xE2, 0x7F, 0x44, 0x8A, 0x2E, 0x90, 0x5F, 0xB4, 0x50,
    0xB6, 0x30, 0x06, 0x62, 0x07, 0xFF, 0xCC, 0x01, 0x7E, 0x89, 0xA3, 0x59, 0x8F, 0x16, 0x0E, 0xFD,
    0x73, 0x83, 0x5A, 0x00, 0x22, 0x76, 0x90, 0xFF, 0xA7, 0xF6, 0xBB, 0xFC, 0xF8, 0x82, 0xD8, 0x03,
    0xFB, 0x37, 0x5D, 0xB3, 0xF3, 0x2D, 0x88, 0x5B, 0xDD, 0x16, 0x01, 0xBE, 0x53, 0x29, 0x56, 0x3E,
    0xA5, 0x7F, 0x36, 0x59, 0x5E, 0x7A, 0x09, 0xD4, 0xD9, 0x7A, 0x89, 0xDD, 0xBF, 0x03, 0x7D, 0x5D,
    0x31, 0x28, 0xFC, 0xE1, 0xAE, 0xC2, 0xBF, 0xFD, 0xB2, 0x8D, 0x72, 0x0E, 0xCB, 0x64, 0x55, 0x99,
    0xC4, 0xC0, 0x96, 0x66, 0x2B, 0x6D, 0x8D, 0x3B, 0xBD, 0xDA, 0x2D, 0x26, 0x55, 0x5B, 0xEE, 0x32,
    0x49, 0xA8, 0x77, 0x56, 0xD5, 0xD1, 0x8D, 0x0B, 0x97, 0xDC, 0xD5, 0xB0, 0xEA, 0x3A, 0xD2, 0xF3,
    0xD4, 0xD7, 0x39, 0x20, 0xA7, 0x27, 0x5F, 0x67, 0x1F, 0xC6, 0xDF, 0xE4, 0x5B, 0x0E, 0x72, 0x3F,
    0x8E, 0xB5, 0xD9, 0xAE, 0xE1, 0xEC, 0x73, 0x99, 0x84, 0x9E, 0xC3, 0xDF, 0xFD, 0x8F, 0x2F, 0xF4,
    0xC9, 0x1B, 0x3A, 0x02, 0xBC, 0xC8, 0x0D, 0xC0, 0x6A, 0x03, 0x46, 0xA3, 0x15, 0x0E, 0x1D, 0x7A,
    0x31, 0x79, 0x5E, 0x7B, 0x0D, 0xB4, 0x1E, 0xFE, 0x7F, 0x71, 0xB9, 0x00, 0xC4, 0x5D, 0x87, 0xBA,
    0x6D, 0x39, 0x51, 0xC2, 0x91, 0x23, 0x07, 0x97, 0x8B, 0xF7, 0xDF, 0x46, 0x3C, 0x74, 0xA8, 0x8F,
    0x2D, 0xC7, 0x5F, 0x7B, 0x31, 0xB9, 0xDE, 0x7E, 0x1B, 0xBC, 0x87, 0xBE, 0xDF, 0x91, 0x09, 0x38,
    0x50, 0x51, 0x9A, 0xDF, 0x30, 0xC3, 0xE7, 0xAB, 0x37, 0x0D, 0x00, 0xFB, 0xDC, 0xAF, 0x16, 0x07,
    0xF8, 0xDC, 0xEF, 0xC9, 0xA2, 0x77, 0x6F, 0x67, 0xBB, 0xA1, 0xE8, 0xD1, 0x30, 0x81, 0x70, 0x34,
    0xD5, 0x73, 0x94, 0x2D, 0x87, 0x19, 0xC6, 0x31, 0x00, 0x96, 0xE1, 0x63, 0xB5, 0x31, 0x43, 0x14,
    0x79, 0xE2, 0x55, 0x79, 0xF1, 0xAF, 0x54, 0x38, 0x7A, 0x14, 0xB4, 0x86, 0x13, 0x27, 0xD8, 0xFE,
    0x7B, 0xD6, 0x2B, 0xDC, 0x83, 0xB4, 0xF4, 0x39, 0x09, 0xBC, 0x03, 0xA7, 0xED, 0x4A, 0xB9, 0x7F,
    0xC0, 0xB7, 0xB4, 0xF9, 0x13, 0xAB, 0x00, 0xC7, 0xF8, 0xFE, 0x49, 0xB4, 0xA3, 0x6A, 0x9F, 0xB1,
    0xE9, 0xD2, 0xEF, 0x36, 0x5D, 0xEC, 0x18, 0xD0, 0x5B, 0x38, 0x0D, 0xAA, 0x07, 0xA0, 0x30, 0x27,
    0x28, 0x5D, 0x84, 0xDF, 0xDF, 0x86, 0xD9, 0x76, 0xE3, 0xA5, 0x85, 0x99, 0xE1, 0x27, 0x9F, 0x5A,
    0x9A, 0x9B, 0x8E, 0x51, 0xE6, 0x76, 0xAB, 0x80, 0x7C, 0xC7, 0x18, 0x9E, 0x94, 0x61, 0x34, 0xC8,
    0xE0, 0xA1, 0x74, 0xE4, 0x31, 0xAE, 0x64, 0x68, 0x1C, 0xD9, 0xE7, 0x7B, 0x64, 0x48, 0xBB, 0xFC,
    0x64, 0xA3, 0xA7, 0xA6, 0x88, 0x0E, 0x9A, 0xAF, 0x37, 0x7A, 0xFE, 0x0A, 0xAD, 0xD7, 0x01, 0xA4,
    0x25, 0xD7, 0x19, 0x07, 0xF0, 0xDF, 0xCC, 0x79, 0xD9, 0xD9, 0xEC, 0xEC, 0xEE, 0x3C, 0xB2, 0x74,
    0x25, 0xC9, 0xDE, 0x20, 0x48, 0x91, 0x1D, 0x08, 0x4D, 0x6D, 0xF6, 0xCE, 0xA4, 0x41, 0x51, 0x08,
    0x0A, 0x40, 0xA1, 0x28, 0x5A, 0x09, 0x16, 0xA1, 0xDD, 0x7D, 0x23, 0x41, 0x00, 0x59, 0x14, 0xA0,
    0xBA, 0x00, 0xB4, 0xF4, 0x22, 0x28, 0x5E, 0xBC, 0x93, 0xB4, 0x14, 0xD0, 0x41, 0x4A, 0x09, 0x32,
    0x11, 0x28, 0x0D, 0x19, 0x7A, 0x2B, 0xC3, 0xDE, 0xDD, 0xDB, 0x19, 0x1A, 0xB7, 0x28, 0x2F, 0xF3,
    0xDE, 0x65, 0xBE, 0x03, 0xCC, 0x7C, 0x3F, 0xC7, 0xFF, 0x8F, 0x61, 0x89, 0xC7, 0x24, 0x5B, 0xC2,
    0x96, 0x6C, 0x4B, 0xF1, 0x87, 0x5A, 0xB9, 0x68, 0x2C, 0x8B, 0xC6, 0xC9, 0x36, 0x1A, 0x8A, 0x98,
    0xF6, 0x45, 0x0C, 0x6D, 0xDE, 0x16, 0x31, 0xEF, 0xAA, 0xBE, 0xDC, 0x00, 0x28, 0xB0, 0xA8, 0x29,
    0xB0, 0xED, 0xB3, 0x2F, 0xFA, 0xC5, 0xBB, 0x5D, 0x15, 0xDA, 0x65, 0x16, 0xEF, 0xE5, 0xF1, 0x6E,
    0x31, 0x3D, 0x55, 0xF5, 0x49, 0xF1, 0xCF, 0x35, 0x90, 0x46, 0xA1, 0x13, 0x5A, 0x5C, 0xC2, 0xAD,
    0x86, 0xA7, 0x6A, 0xAE, 0xE0, 0x3A, 0x38, 0x33, 0x28, 0x6F, 0x5C, 0x69, 0xA5, 0x51, 0xCE, 0x93,
    0x9C, 0xCE, 0x49, 0x3A, 0xB2, 0x9E, 0xA2, 0xE6, 0x45, 0x94, 0x38, 0x69, 0x24, 0x5F, 0x44, 0x49,
    0x5D, 0x9F, 0xD9, 0x01, 0x83, 0x74, 0x3D, 0x81, 0x0E, 0x28, 0xA2, 0xAA, 0xD3, 0xF7, 0x4E, 0x07,
    0xF5, 0xD8, 0xA0, 0x44, 0x5A, 0xEF, 0x13, 0xF4, 0x2B, 0x2A, 0xF2, 0x48, 0x3D, 0x07, 0x04, 0x8B,
    0xC8, 0xD3, 0x91, 0xBC, 0xE6, 0x32, 0x0E, 0xEC, 0x0D, 0x96, 0x36, 0xF2, 0x9E, 0x4E, 0x68, 0x04,
    0x98, 0x63, 0xBB, 0x76, 0xC8, 0x76, 0x25, 0xF9, 0x61, 0x83, 0xFD, 0x99, 0x9E, 0xBE, 0xE8, 0x97,
    0x83, 0xBA, 0x9E, 0xA5, 0x99, 0xBF, 0x7D, 0x46, 0xA9, 0x76, 0x8A, 0x99, 0x05, 0xDB, 0x05, 0xBC,
    0x91, 0xFC, 0xE3, 0x01, 0x6D, 0xCB, 0xB6, 0xE1, 0x1A, 0x38, 0x7F, 0xC0, 0x9F, 0xF9, 0xB5, 0x0F,
    0x5E, 0x76, 0x67, 0xA5, 0x8A, 0x98, 0x17, 0xF0, 0xE4, 0xE3, 0x6E, 0x5F, 0xA0, 0x5D, 0xC0, 0x9F,
    0xF9, 0xC4, 0xEA, 0xCE, 0x0E, 0x74, 0xA6, 0x80, 0x27, 0x7F, 0x9E, 0x71, 0x53, 0x33, 0x02, 0xFE,
    0xD4, 0x81, 0xD5, 0xEE, 0xB2, 0x66, 0x04, 0xFC, 0xBD, 0x46, 0x12, 0xF7, 0x63, 0xDA, 0x05, 0xFC,
    0xFE, 0x8F, 0x67, 0x6A, 0x98, 0xA9, 0x98, 0x1F, 0xF4, 0xC3, 0x83, 0xF9, 0xA6, 0x5D, 0xDC, 0xC3,
    0x76, 0x1B, 0x6D, 0xF2, 0xC6, 0x26, 0xAB, 0x0D, 0x24, 0xC3, 0x2B, 0xD2, 0xF5, 0x1D, 0x61, 0xDB,
    0x0B, 0xFF, 0x5E, 0x09, 0xFD, 0x4A, 0xD6, 0x91, 0xB5, 0x57, 0xE5, 0xED, 0x0D, 0xC5, 0xDF, 0x7E,
    0xE1, 0x68, 0xBB, 0x93, 0xE8, 0xB1, 0x46, 0x8F, 0xC7, 0xB2, 0xBF, 0x36, 0xC5, 0xB8, 0xA9, 0xAC,
    0xAB, 0x47, 0x8E, 0x1A, 0x77, 0xB9, 0x17, 0xEA, 0x6A, 0xA1, 0x18, 0x00, 0x79, 0xAD, 0x68, 0xA6,
    0x93, 0x07, 0x84, 0x81, 0xE4, 0x65, 0x74, 0x24, 0x11, 0xCE, 0x0E, 0x5A, 0xF0, 0xBD, 0x5A, 0xCE,
    0xB3, 0xBC, 0xC0, 0xA9, 0x9C, 0x0B, 0x3F, 0xE0, 0xE6, 0x23, 0x9E, 0x3F, 0x3C, 0xDF, 0xDE, 0xE1,
    0x41, 0xF8, 0x49, 0xE4, 0xF4, 0x8D, 0xDC, 0x40, 0x85, 0x81, 0xB4, 0x21, 0xED, 0xC9, 0x06, 0x6E,
    0xBC, 0xCA, 0xB5, 0x83, 0xB3, 0x0B, 0x90, 0x76, 0xF2, 0xD6, 0x4D, 0x0E, 0xA9, 0xD8, 0x36, 0xE1,
    0x4F, 0xF1, 0x74, 0x50, 0x81, 0x22, 0x4E, 0x10, 0xBC, 0xB0, 0x4F, 0x50, 0xD2, 0xB3, 0x61, 0x41,
    0x32, 0x07, 0x04, 0xC9, 0x86, 0xE4, 0xF7, 0xF8, 0x00, 0x11, 0xF5, 0xFE, 0x60, 0x17, 0x28, 0xA3,
    0xD0, 0xB8, 0xCA, 0x65, 0xCC, 0xB1, 0x25, 0xAF, 0x51, 0x3C, 0xE4, 0xFA, 0xDB, 0xB0, 0x3F, 0xD3,
    0xCF, 0x9E, 0x4F, 0xBE, 0xEA, 0x92, 0xA4, 0x9E, 0xA3, 0x99, 0xB1, 0x7D, 0x7E, 0x8D, 0x77, 0x8A,
    0xB9, 0x95, 0x7E, 0x92, 0x5B, 0xB5, 0xEF, 0xF0, 0x1C, 0x2F, 0x42, 0xD8, 0x8E, 0x22, 0x36, 0x0C,
    0x92, 0x61, 0x14, 0x09, 0xFD, 0x7F, 0x9F, 0x6C, 0x4A, 0xAC, 0x3C, 0x2A, 0xA2, 0xA3, 0x41, 0xDA,
    0x85, 0x3B, 0x56, 0x69, 0x4C, 0x6B, 0xCA, 0xF8, 0x66, 0x2C, 0x9A, 0x45, 0x5D, 0x2A, 0x55, 0x96,
    0xAA, 0x07, 0x65, 0xFB, 0xED, 0xBF, 0x04, 0x5C, 0xA5, 0xA4, 0x20, 0xB4, 0x59, 0x17, 0x5A, 0xFE,
    0xFF, 0x67, 0xE1, 0x6D, 0xC7, 0xE3, 0x58, 0x3C, 0xE2, 0x51, 0x55, 0x87, 0xBE, 0x88, 0xC5, 0xF8,
    0xCE, 0x22, 0x86, 0xBE, 0x6C, 0x42, 0x5F, 0x99, 0x26, 0x1B, 0x27, 0xEF, 0x2A, 0x45, 0xAC, 0x94,
    0xCD, 0xA2, 0xA9, 0xE4, 0x9F, 0x6F, 0x24, 0xDB, 0x16, 0x80, 0x3B, 0xD8, 0xE0, 0x6D, 0x92, 0x6D,
    0x9D, 0x7F, 0xDA, 0x2E, 0x5E, 0xEF, 0xAB, 0xD0, 0x2F, 0x43, 0x7F, 0x2F, 0xF4, 0x77, 0xB3, 0x76,
    0x39, 0xBE, 0xFB, 0xA6, 0x7C, 0x00, 0x84, 0x66, 0x22, 0x67, 0x0D, 0x7E, 0x4A, 0xF2, 0x25, 0x7E,
    0x8E, 0x15, 0x22, 0x9C, 0x1D, 0x54, 0xD4, 0x6E, 0x46, 0xA1, 0x76, 0x85, 0xCB, 0x9C, 0xCE, 0xC9,
    0x51, 0xD6, 0x1C, 0xE3, 0x3E, 0x06, 0xC2, 0x86, 0xE2, 0x06, 0x07, 0x4F, 0x9C, 0xDD, 0x81, 0xA4,
    0x97, 0x75, 0x13, 0xE8, 0x80, 0xB2, 0x71, 0x12, 0x93, 0xCF, 0xBB, 0xD3, 0x41, 0x59, 0x43, 0xDE,
    0x92, 0xAC, 0x71, 0x7D, 0xAF, 0xA0, 0x81, 0x0F, 0x4D, 0x20, 0xF5, 0x0C, 0x10, 0x78, 0x84, 0xDF,
    0xE0, 0x15, 0x3C, 0x80, 0xFD, 0xC1, 0x2E, 0xD4, 0xAE, 0x46, 0x17, 0xA2, 0x9C, 0x2B, 0x30, 0xC7,
    0x56, 0xD7, 0xB2, 0x87, 0xB5, 0xCB, 0x2F, 0xED, 0xD7, 0xF4, 0xE2, 0x35, 0x5F, 0xF5, 0x5E, 0xAB,
    0xE7, 0x68, 0x66, 0x6C, 0x9F, 0x5F, 0xAA, 0x9D, 0x62, 0x76, 0xC1, 0xC0, 0x12, 0x1E, 0x2D, 0x49,
    0xBB, 0x93, 0x5A, 0xE2, 0xA4, 0x1E, 0x75, 0xC5, 0xC4, 0x7B, 0xDF, 0xE8, 0xDB, 0x18, 0x81, 0xBD,
    0x49, 0x68, 0x22, 0x9A, 0x8C, 0x26, 0xA4, 0x49, 0x69, 0x62, 0x9A, 0x9C, 0x26, 0xA8, 0x49, 0xFA,
    0x0D, 0xB5, 0x21, 0xEB, 0x28, 0x1A, 0x5E, 0x7D, 0x0E, 0x95, 0x64, 0x7B, 0x34, 0x02, 0x3F, 0xB5,
    0x78, 0xFD, 0xB1, 0x2A, 0x0C, 0x46, 0xA3, 0x11, 0xE9, 0x6E, 0xD6, 0x19, 0x99, 0x46, 0xE7, 0x0E,
    0x6A, 0x01, 0x45, 0x9C, 0x68, 0xFD, 0xA8, 0x72, 0xB8, 0x37, 0x5A, 0x43, 0xDA, 0x63, 0x83, 0x62,
    0x2E, 0xED, 0x01, 0xD2, 0x01, 0x5E, 0x81, 0x6E, 0x89, 0x38, 0xF9, 0xEC, 0xCD, 0xB7, 0xC0, 0xAD,
    0x86, 0xAC, 0xE6, 0x59, 0x5C, 0x9F, 0x69, 0xBC, 0xF0, 0x0E, 0x6E, 0x3C, 0x5E, 0x72, 0x78, 0xB8,
    0x5F, 0xD9, 0xF1, 0x5B, 0xC2, 0x6F, 0x23, 0x66, 0x8A, 0x58, 0xC2, 0x7E, 0x31, 0x00, 0xAC, 0x60,
    0x80, 0x35, 0x67, 0xD1, 0x81, 0xAC, 0xA6, 0x88, 0xE4, 0x0D, 0xD5, 0x50, 0x4D, 0xE5, 0x6C, 0xC6,
    0xA9, 0xC7, 0xB1, 0x68, 0x0A, 0x65, 0xBD, 0x50, 0xB9, 0xA9, 0x72, 0x5B, 0xE5, 0x55, 0xCB, 0x71,
    0xEE, 0x39, 0x56, 0x59, 0x2B, 0xDF, 0xEB, 0x64, 0xDB, 0x1A, 0x40, 0xD2, 0x91, 0xF6, 0x24, 0x1D,
    0x47, 0x1F, 0xAD, 0x17, 0x1F, 0xF7, 0xC5, 0xBB, 0xFD, 0xE2, 0xF5, 0xAE, 0x0C, 0x5D, 0x35, 0x76,
    0x32, 0x8F, 0x53, 0x2D, 0x4F, 0xBE, 0x5C, 0xFC, 0xEF, 0x9F, 0x47, 0x2B, 0x44, 0x92, 0xFB, 0x84,
    0x15, 0xC9, 0x8A, 0x34, 0x12, 0x6A, 0x9C, 0x03, 0x94, 0x37, 0xAE, 0x44, 0x69, 0x74, 0x89, 0x8B,
    0x7C, 0x3B, 0x8E, 0xE3, 0x92, 0x64, 0xA8, 0xA2, 0x2C, 0x56, 0xD1, 0x13, 0x42, 0x1C, 0x01, 0x5F,
    0x4F, 0xDB, 0xDF, 0x37, 0x1E, 0x1F, 0x4E, 0x47, 0x6F, 0x42, 0x98, 0x14, 0x26, 0x86, 0xC9, 0x61,
    0x82, 0xB8, 0x67, 0x3A, 0x1C, 0x33, 0x59, 0x4C, 0x18, 0x93, 0x06, 0xF7, 0x09, 0x5F, 0x47, 0xC5,
    0x67, 0xAD, 0x97, 0xF2, 0x96, 0x34, 0x1E, 0x7D, 0xF4, 0xB0, 0x5E, 0x7C, 0xBC, 0x31, 0x92, 0x8C,
    0x26, 0x23, 0xCA, 0xA8, 0x52, 0xE5, 0xD1, 0xE8, 0xB2, 0x3C, 0xFA, 0xBB, 0x9D, 0xEC, 0xB6, 0x92,
    0xB2, 0xFE, 0x86, 0xE6, 0x8D, 0xBD, 0xD1, 0xEE, 0x63, 0xC8, 0xA2, 0x0F, 0x8B, 0x56, 0xFE, 0xA3,
    0x79, 0xB4, 0xE4, 0x3E, 0xB2, 0x15, 0x92, 0x55, 0x49, 0x3A, 0xD1, 0x82, 0xC9, 0x67, 0x6F, 0xBE,
    0xBC, 0xE6, 0x66, 0x24, 0xBC, 0x17, 0x5D, 0x2D, 0x5A, 0x97, 0x67, 0x5E, 0xDF, 0xA5, 0x27, 0x4B,
    0x6E, 0x6D, 0xAA, 0xE8, 0x8D, 0x37, 0xF6, 0x2B, 0xBB, 0x7B, 0x2B, 0x26, 0x9F, 0x7E, 0xD6, 0x32,
    0x53, 0x44, 0x09, 0x13, 0xC6, 0x7E, 0x45, 0x00, 0x92, 0x16, 0xA1, 0x47, 0xD2, 0x81, 0x2C, 0x52,
    0x9C, 0x85, 0x0A, 0x42, 0x43, 0x1E, 0x09, 0x11, 0x70, 0x8C, 0x7B, 0xC8, 0x1B, 0xD4, 0x4E, 0xD6,
    0xDB, 0xB6, 0x88, 0x95, 0x3C, 0x1E, 0xCB, 0xBA, 0xB5, 0xF0, 0xAF, 0x4E, 0x78, 0x18, 0xA5, 0x5B,
    0x3C, 0xC6, 0x06, 0x1B, 0x92, 0x81, 0x74, 0x4D, 0x58, 0xB3, 0x78, 0x8C, 0x8B, 0x28, 0x51, 0x44,
    0x92, 0x1E, 0xE4, 0x7D, 0xD1, 0x5C, 0x18, 0xCA, 0xDA, 0xE6, 0x36, 0xC7, 0xC7, 0xDC, 0x5D, 0x53,
    0xF5, 0x54, 0x2D, 0x55, 0xA4, 0xAC, 0x29, 0x71, 0x9B, 0x97, 0x07, 0x4E, 0x7A, 0xAA, 0xC6, 0xD9,
    0x0D, 0x80, 0x10, 0xC9, 0x5A, 0x42, 0x3C, 0x8B, 0xA1, 0x53, 0xBD, 0xD3, 0x93, 0xF4, 0xA4, 0x0D,
    0x57, 0x5B, 0x9E, 0x68, 0xC9, 0x6A, 0x2E, 0xC1, 0x39, 0x7C, 0x49, 0x4F, 0xF8, 0x23, 0xDE, 0x22,
    0x89, 0x24, 0xCD, 0xB9, 0xEE, 0xC9, 0x77, 0x2F, 0xF2, 0xBB, 0x35, 0x4D, 0x7D, 0x3E, 0x57, 0xF1,
    0x17, 0xBE, 0xBF, 0x81, 0x73, 0x79, 0xFE, 0x03, 0x8D, 0x91, 0x01, 0x64, 0x24, 0x57, 0x1C, 0xC6,
    0x7F, 0xBB, 0x8F, 0x8C, 0x33, 0xC9, 0xBE, 0x43, 0xA1, 0x24, 0x99, 0xA0, 0x28, 0x36, 0x99, 0x2B,
    0xA9, 0x6E, 0x79, 0x9B, 0xF7, 0x08, 0x0A, 0xA5, 0x07, 0x40, 0xD1, 0xA0, 0x00, 0x7A, 0xAB, 0x0E,
    0xC1, 0x24, 0xF3, 0xAE, 0x57, 0x50, 0x48, 0x00, 0x80, 0x2B, 0x00, 0x55, 0xA2, 0xAE, 0xAC, 0x73,
    0xDD, 0x7D, 0xED, 0xA2, 0x08, 0xDD, 0x69, 0x8B, 0x43, 0xD1, 0xE9, 0x1D, 0x0A, 0xE8, 0xEB, 0x65,
    0x5D, 0xA3, 0x2E, 0x99, 0xBE, 0x99, 0xB1, 0x0A, 0x70, 0x7F, 0x9F, 0x6F, 0xE6, 0x7D, 0xF8, 0x7D,
    0xF8, 0x40, 0xFB, 0xDC, 0xB7, 0x3E, 0xAD, 0x5E, 0x56, 0xD5, 0x4B, 0x5D, 0x5D, 0xE6, 0xD5, 0x42,
    0x57, 0xE1, 0xC8, 0xFF, 0xF7, 0x69, 0x6D, 0xA7, 0xA7, 0xFE, 0x95, 0x2F, 0xA9, 0xAA, 0x4B, 0x68,
    0x2F, 0xD0, 0x3C, 0x00, 0x26, 0x32, 0xEB, 0x0C, 0x38, 0x26, 0x47, 0x11, 0x5B, 0xE9, 0xA4, 0x13,
    0x36, 0xA6, 0xCF, 0x16, 0xB1, 0x49, 0x5C, 0x62, 0x85, 0x91, 0xF4, 0xB9, 0x4D, 0x82, 0x46, 0xB3,
    0xCB, 0x80, 0x0D, 0x3A, 0x60, 0x6C, 0xB4, 0x6F, 0xD7, 0x7B, 0x0C, 0xFA, 0x1C, 0x6B, 0x72, 0x8D,
    0xDA, 0x21, 0xBE, 0xEF, 0xE4, 0xBC, 0x90, 0xE7, 0x4E, 0x7C, 0xE6, 0x62, 0x61, 0xFA, 0x1B, 0x6C,
    0xDD, 0x24, 0x7E, 0xCF, 0x26, 0x73, 0x97, 0x9C, 0x38, 0xB1, 0x6F, 0x65, 0x44, 0x08, 0x6F, 0x6F,
    0x91, 0x48, 0xA3, 0x53, 0xAB, 0x03, 0x4F, 0xD5, 0x84, 0x8D, 0x1E, 0x9D, 0x0E, 0x00, 0xAB, 0x30,
    0x04, 0x55, 0xEB, 0xC6, 0xDB, 0xA7, 0x7A, 0xEE, 0x37, 0x3E, 0x2D, 0xF0, 0x04, 0x75, 0x1B, 0x89,
    0x12, 0x51, 0x20, 0x5C, 0x23, 0x83, 0x80, 0x88, 0xE6, 0x04, 0xC4, 0x16, 0x69, 0x89, 0xE9, 0x7E,
    0xF1, 0xA6, 0x7C, 0x71, 0xDD, 0x7D, 0xFF, 0x63, 0x36, 0x60, 0xB8, 0x04, 0x0E, 0xB8, 0xF1, 0x96,
    0xCD, 0xE7, 0xFE, 0xF5, 0x6F, 0x2C, 0x9E, 0x4E, 0x50, 0x09, 0x0E, 0x20, 0x45, 0xBB, 0xDC, 0x69,
    0x97, 0x9A, 0x9B, 0x30, 0x04, 0x5D, 0xA0, 0xAF, 0xD0, 0x15, 0xDA, 0xA3, 0xE1, 0x56, 0x08, 0x27,
    0xC3, 0xA1, 0x28, 0x27, 0xC2, 0x07, 0xDF, 0xE9, 0x78, 0x69, 0xB4, 0x58, 0xA4, 0x6E, 0xAF, 0xFE,
    0x23, 0x53, 0xB1, 0xEF, 0x38, 0xD8, 0xC9, 0x84, 0x01, 0xA5, 0x7A, 0xC0, 0x58, 0xF5, 0x81, 0x45,
    0x36, 0x02, 0xFC, 0xF8, 0xB7, 0x32, 0x29, 0xBE, 0xBD, 0xF8, 0x6E, 0x7C, 0xE4, 0xF5, 0xF9, 0x61,
    0xE6, 0x3D, 0xEB, 0x8B, 0xA3, 0xE0, 0xBB, 0xFE, 0x51, 0xE9, 0x29, 0xFD, 0xBF, 0x3F, 0xFB, 0xAE,
    0xF3, 0xCF, 0x7F, 0x29, 0x23, 0x5E, 0xFC, 0xF1, 0xA7, 0x5B, 0x43, 0xDB, 0x29, 0x2D, 0x73, 0x49,
    0x5D, 0x72, 0x97, 0xE4, 0x25, 0x7B, 0x49, 0x4F, 0x6D, 0xCB, 0xFF, 0xA7, 0x68, 0x1A, 0x9E, 0x3F,
    0x2D, 0x9B, 0x8E, 0x8B, 0x1F, 0xCA, 0xA6, 0x25, 0x7C, 0x9B, 0x9E, 0x8B, 0x59, 0xD1, 0x34, 0x3D,
    0x9B, 0xB9, 0xA6, 0x6B, 0x36, 0x37, 0x4D, 0x5B, 0xE7, 0x8A, 0xA8, 0x90, 0x45, 0x62, 0x35, 0x8A,
    0x03, 0xC4, 0x13, 0x27, 0x7F, 0x77, 0xF2, 0x81, 0x4D, 0x53, 0x94, 0xE2, 0xF0, 0x21, 0xD1, 0x93,
    0x1F, 0x43, 0x14, 0x56, 0x7C, 0x70, 0xC7, 0xE8, 0xBD, 0x3D, 0x54, 0x96, 0x71, 0x70, 0x70, 0x40,
    0x46, 0x4E, 0x8A, 0xB4, 0xC2, 0x61, 0xB3, 0xC7, 0xE4, 0xC7, 0xA4, 0xE1, 0x79, 0x62, 0xC5, 0xCC,
    0x71, 0x2F, 0x24, 0x75, 0x34, 0x09, 0x99, 0x0E, 0xE1, 0x89, 0x11, 0xB3, 0x3A, 0xBE, 0x67, 0xB7,
    0x79, 0x87, 0xA7, 0xB6, 0xEB, 0x22, 0x23, 0x51, 0x8C, 0x59, 0x30, 0x46, 0xD1, 0x67, 0x8D, 0x1E,
    0x31, 0x71, 0xA0, 0x89, 0x42, 0x38, 0x69, 0x36, 0x51, 0x9C, 0xB1, 0x22, 0x05, 0xF1, 0x47, 0x1F,
    0x20, 0xE6, 0x19, 0xFC, 0xED, 0xD9, 0xC9, 0xBF, 0x46, 0x6B, 0xCD, 0x66, 0xB5, 0x8D, 0xF8, 0xD5,
    0x21, 0x33, 0x4F, 0xF6, 0xF8, 0x90, 0x91, 0x7A, 0x03, 0xF1, 0xBD, 0x97, 0xCF, 0x16, 0x72, 0xE6,
    0x6B, 0xDD, 0x2F, 0xE4, 0xBE, 0x93, 0xC2, 0xF5, 0x22, 0xBB, 0x16, 0xB1, 0x1A, 0x01, 0xA8, 0x84,
    0x49, 0x6A, 0x82, 0x27, 0x8B, 0xF1, 0xE4, 0x62, 0xFA, 0xD5, 0x5F, 0xF1, 0x54, 0x5E, 0xC9, 0x4B,
    0x59, 0x48, 0xB6, 0x01, 0xC5, 0x04, 0x85, 0xAE, 0xAE, 0x81, 0xAD, 0xD7, 0x46, 0x83, 0xC1, 0x59,
    0xEA, 0x92, 0xF2, 0xEE, 0x99, 0xDD, 0x62, 0x95, 0x3E, 0xBB, 0x8C, 0x28, 0x71, 0x5D, 0x27, 0x4C,
    0x84, 0x34, 0x3D, 0xD7, 0x77, 0xBB, 0x5F, 0x8E, 0x6E, 0xD1, 0x5C, 0xB3, 0x57, 0xB7, 0xB6, 0x77,
    0x7F, 0x02, 0xF6, 0x26, 0x40, 0xD7, 0x02, 0xF2, 0x2E, 0x74, 0x7A, 0x03, 0x83, 0xF8, 0x9C, 0x12,
    0x61, 0x83, 0x3D, 0x3A, 0x1A, 0x9E, 0x98, 0xA3, 0x71, 0xF2, 0x09, 0x2B, 0xAE, 0x7B, 0xC6, 0xB6,
    0x8F, 0x33, 0xFA, 0xA3, 0x78, 0x1D, 0xDA, 0x8B, 0x80, 0x35, 0x60, 0x00, 0xF8, 0x96, 0x1A, 0x19,
    0xE8, 0xD1, 0x46, 0x67, 0x6D, 0x9B, 0x68, 0x23, 0x54, 0x1B, 0x91, 0x57, 0xE5, 0xB4, 0x2A, 0x16,
    0xC2, 0x79, 0xE1, 0x88, 0x2C, 0xB1, 0x41, 0x52, 0x6B, 0x13, 0xB6, 0x41, 0x35, 0x3A, 0x84, 0x87,
    0xAC, 0x9C, 0x76, 0xD0, 0xD7, 0x1F, 0x32, 0x8A, 0xAF, 0x00, 0xEA, 0x7D, 0xCF, 0xEB, 0x81, 0x9B,
    0x85, 0xEF, 0x10, 0x26, 0x1E, 0xD6, 0x1B, 0x8F, 0x39, 0x08, 0xC7, 0x7F, 0x35, 0x91, 0x81, 0x66,
    0x34, 0x57, 0x14, 0xC7, 0x7F, 0x3B, 0xD3, 0xEC, 0x48, 0x26, 0xD9, 0x5B, 0x08, 0x42, 0xB2, 0x03,
    0x68, 0xD4, 0xCE, 0x4E, 0x4B, 0xB1, 0x38, 0xBB, 0x3B, 0x6F, 0xD0, 0x3E, 0x42, 0x01, 0x55, 0x0A,
    0x2C, 0xA6, 0x6C, 0xB2, 0xF7, 0x11, 0xFA, 0x08, 0xAB, 0x80, 0x42, 0x37, 0x5C, 0x6C, 0x35, 0x4D,
    0x2E, 0x7D, 0x80, 0x5E, 0xFA, 0x02, 0x97, 0x02, 0x5A, 0x1C, 0xE9, 0x96, 0xC1, 0xA4, 0xF9, 0x26,
    0x5F, 0x7C, 0x7E, 0x70, 0xFC, 0xCF, 0x81, 0xDF, 0xFF, 0x24, 0x07, 0x23, 0x52, 0x4A, 0xD9, 0xCC,
    0xF7, 0xE2, 0x9A, 0x46, 0x0B, 0x3B, 0x1A, 0xB1, 0x16, 0x99, 0xAD, 0x6E, 0x01, 0xA1, 0x4B, 0x5B,
    0xE3, 0x64, 0xF7, 0xD8, 0xA1, 0x83, 0x88, 0x35, 0xDD, 0x19, 0x97, 0x54, 0xCA, 0x9E, 0x46, 0x75,
    0x63, 0x81, 0xFB, 0xD4, 0x8F, 0x58, 0x1E, 0x44, 0x9A, 0x1E, 0x71, 0x45, 0xA8, 0x5E, 0xF8, 0xA2,
    0x84, 0x06, 0x94, 0xD4, 0x93, 0xD7, 0x8C, 0x41, 0xE0, 0x63, 0xC8, 0x0E, 0x63, 0x99, 0x4C, 0xAA,
    0xA6, 0xD0, 0xA6, 0x53, 0x71, 0xAE, 0x0A, 0x7D, 0x32, 0x97, 0xA9, 0x94, 0x73, 0x29, 0x5A, 0x34,
    0xB3, 0x73, 0x20, 0xE3, 0x84, 0x8D, 0x3F, 0xE5, 0x94, 0x0D, 0x4B, 0x0F, 0x1B, 0x3B, 0x88, 0x59,
    0x3D, 0x62, 0x82, 0x30, 0x7B, 0x8F, 0x60, 0xC8, 0xEB, 0xC4, 0x13, 0x88, 0x83, 0x90, 0xF8, 0xD4,
    0xBF, 0xEE, 0x1B, 0x36, 0x87, 0x45, 0x23, 0x6E, 0xA6, 0x2B, 0xDD, 0xB5, 0x99, 0x96, 0x22, 0xE2,
    0x44, 0x45, 0xDD, 0x2E, 0x56, 0x76, 0xB0, 0x35, 0xB1, 0xBF, 0xEC, 0xC9, 0x6C, 0x5E, 0x2F, 0x43,
    0xF2, 0x6C, 0xCC, 0x89, 0x61, 0xCA, 0x3E, 0x0D, 0xC5, 0xD9, 0xA6, 0x83, 0x3E, 0x29, 0x98, 0x26,
    0x2D, 0x73, 0x4A, 0x59, 0x17, 0x91, 0xE3, 0x7E, 0xEA, 0xD2, 0x6E, 0x2C, 0xCB, 0xFF, 0x71, 0x28,
    0x5F, 0xA7, 0x2F, 0x64, 0x90, 0x83, 0x69, 0x61, 0x0E, 0x25, 0xB2, 0xA6, 0x0A, 0xF0, 0x4D, 0xF6,
    0xC3, 0x15, 0xCB, 0xB8, 0xDF, 0xAB, 0x68, 0xE3, 0xB4, 0xB2, 0xCB, 0x97, 0xCF, 0x84, 0xDD, 0x20,
    0xA4, 0xD6, 0x30, 0xC1, 0x91, 0x74, 0xB9, 0x31, 0x26, 0x6F, 0xC7, 0xF7, 0xBD, 0xAD, 0x14, 0x31,
    0x8F, 0xAF, 0x85, 0xED, 0x65, 0xD1, 0x1E, 0x69, 0xE6, 0x6F, 0xA8, 0x39, 0xE6, 0x94, 0xC7, 0xFA,
    0x92, 0x6B, 0xE0, 0x37, 0xBE, 0xB5, 0xE7, 0xFC, 0x54, 0x9F, 0xC3, 0x57, 0xA9, 0xFD, 0x60, 0xBE,
    0xEA, 0x99, 0x31, 0xE6, 0x88, 0xCC, 0x26, 0x7E, 0xE0, 0x93, 0x9E, 0xD4, 0x66, 0x8C, 0x70, 0xE4,
    0x07, 0xD9, 0x39, 0x55, 0xBD, 0x8B, 0x8B, 0x36, 0xF7, 0x12, 0x7F, 0xF5, 0x07, 0x34, 0x2C, 0xEB,
    0x3C, 0xBE, 0xBE, 0xD5, 0xB9, 0x46, 0x2B, 0x3B, 0x1C, 0x92, 0xFF, 0x4C, 0x1A, 0x49, 0x02, 0x9F,
    0x28, 0xEB, 0x1B, 0x2A, 0xFB, 0x63, 0x48, 0xC2, 0xC6, 0xFF, 0x6B, 0xBF, 0xE7, 0x82, 0x29, 0x13,
    0x16, 0x71, 0xA1, 0x33, 0x75, 0xAA, 0x51, 0xDB, 0x61, 0x6D, 0xEA, 0x1C, 0x73, 0x6D, 0xFE, 0x29,
    0x7C, 0xE5, 0x45, 0x67, 0x37, 0x17, 0xE5, 0x44, 0x64, 0xB6, 0xDA, 0xFD, 0xF2, 0xF0, 0xB7, 0x97,
    0xFF, 0x42, 0xF3, 0xE4, 0xDD, 0x5F, 0xFE, 0xEE, 0x4F, 0xFF, 0xF4, 0x7B, 0xFC, 0x6E, 0xBB, 0x78,
    0x2B, 0x5E, 0xB5, 0xCD, 0x9F, 0x49, 0xFF, 0x20, 0xFB, 0x92, 0xDC, 0x60, 0x4A, 0xCC, 0x96, 0x31,
    0x2C, 0x60, 0x18, 0xAE, 0xB6, 0xA6, 0x4E, 0xC3, 0xE7, 0xE1, 0xD3, 0xFA, 0x23, 0x2E, 0x79, 0xB0,
    0x6F, 0x5A, 0x77, 0xDC, 0xF2, 0x0E, 0x3D, 0x93, 0x55, 0xB0, 0x24, 0x49, 0x15, 0x86, 0xBF, 0xAA,
    0xDC, 0x98, 0x82, 0xC8, 0xBD, 0xF7, 0xE0, 0x7A, 0x63, 0x6B, 0xF0, 0x95, 0x9E, 0xAD, 0xC1, 0xAD,
    0xBB, 0xB2, 0x70, 0x77, 0x78, 0x46, 0x9F, 0x71, 0x19, 0x69, 0x29, 0x66, 0x9F, 0x70, 0x9E, 0xE0,
    0x91, 0x79, 0xC2, 0x65, 0x5D, 0xFB, 0x4E, 0x27, 0xEE, 0x50, 0xB8, 0x43, 0xE2, 0x0E, 0x79, 0x67,
    0x13, 0xB6, 0x86, 0x5B, 0xDD, 0x49, 0x55, 0x74, 0xC4, 0x46, 0x9C, 0xEF, 0x3F, 0xE9, 0x7A, 0x4E,
    0x12, 0x6B, 0xFD, 0x05, 0x5B, 0x50, 0x4D, 0x60, 0x1A, 0xBB, 0xE5, 0x74, 0xB4, 0x5C, 0x5E, 0x3A,
    0xBD, 0x99, 0xB2, 0xB5, 0x3A, 0x5A, 0x0E, 0x6C, 0xE2, 0x8F, 0xA6, 0xEE, 0x8D, 0x3A, 0x7A, 0xD4,
    0x1B, 0x29, 0xDA, 0x64, 0xD3, 0x65, 0xBF, 0xFA, 0x87, 0xBC, 0xEF, 0x1F, 0xC5, 0xE5, 0x9F, 0x2E,
    0x1F, 0xCF, 0xA4, 0xB7, 0x77, 0x30, 0xFD, 0x2C, 0x93, 0x5F, 0x52, 0xFE, 0xD2, 0x17, 0xFF, 0x70,
    0xF2, 0xBF, 0x46, 0xC5, 0xBA, 0x1F, 0x9B, 0x9D, 0x65, 0x18, 0x7F, 0x61, 0x99, 0x35, 0x23, 0xA9,
    0x47, 0x05, 0x94, 0x30, 0x99, 0xFB, 0x49, 0x71, 0xF5, 0x74, 0xC2, 0x64, 0x4C, 0x39, 0x76, 0xC5,
    0x09, 0x27, 0x87, 0x4D, 0xDA, 0x8F, 0x8F, 0xD1, 0xD2, 0xE9, 0xBA, 0xA7, 0xA2, 0x3B, 0x42, 0xD2,
    0x42, 0x1E, 0x3D, 0x2A, 0x80, 0xF2, 0x60, 0x62, 0x43, 0xE6, 0x21, 0x73, 0xA0, 0x1B, 0x10, 0x0B,
    0xA6, 0x03, 0x92, 0x08, 0xFA, 0x37, 0x35, 0x85, 0xAE, 0x28, 0x81, 0x19, 0x64, 0x31, 0x40, 0x47,
    0xCF, 0xB6, 0x9C, 0x06, 0x48, 0x3D, 0x28, 0x3B, 0xAC, 0xD9, 0x61, 0x7A, 0x60, 0x07, 0x2E, 0x3D,
    0xF7, 0x5F, 0x6F, 0xE6, 0x7E, 0xBC, 0x08, 0xE3, 0x5E, 0x97, 0xFE, 0x44, 0xF0, 0x27, 0xBC, 0xBF,
    0xF1, 0xC0, 0xDD, 0x76, 0xFE, 0x0F, 0x6B, 0xDF, 0x3E, 0x06, 0xC4, 0x2F, 0xAC, 0xF2, 0x39, 0x2A,
    0x5C, 0x82, 0xEA, 0x8E, 0x91, 0x75, 0x23, 0x4C, 0x8C, 0x56, 0x2F, 0xC6, 0x0C, 0x5E, 0xA4, 0x43,
    0x74, 0x8B, 0x64, 0x81, 0x5D, 0xE5, 0xB9, 0x32, 0xF5, 0xAC, 0xDE, 0xE9, 0xD1, 0xD1, 0x01, 0xC9,
    0x85, 0xEE, 0xA2, 0x5E, 0xC3, 0x6C, 0x0C, 0xA9, 0x2F, 0xA7, 0x83, 0x9A, 0xF8, 0x01, 0xA7, 0xFC,
    0xBC, 0x9D, 0x78, 0xE5, 0xBA, 0xB0, 0x3C, 0xAB, 0x7E, 0x7F, 0xE0, 0x67, 0x64, 0xF1, 0x8C, 0x37,
    0x95, 0x6E, 0x52, 0x2F, 0x56, 0x5B, 0xE5, 0x94, 0x13, 0xAB, 0x7E, 0xF7, 0x45, 0x97, 0x37, 0xEA,
    0xF0, 0x07, 0x76, 0xE1, 0x93, 0x4D, 0xDC, 0x5E, 0x2B, 0x89, 0xDD, 0xB0, 0xE2, 0x86, 0x61, 0x41,
    0x06, 0x49, 0x3B, 0xE5, 0xA7, 0xFA, 0xB3, 0xEA, 0x7C, 0x90, 0x17, 0xA8, 0x68, 0xC5, 0x66, 0x7F,
    0x6F, 0x32, 0xAF, 0xBF, 0xE8, 0xD3, 0x56, 0x7F, 0xC1, 0xB3, 0x94, 0xCF, 0x87, 0xF1, 0x38, 0x6F,
    0x36, 0xD3, 0xE9, 0xC2, 0x2F, 0xDE, 0xE0, 0xCC, 0x7B, 0xC4, 0x8A, 0xE8, 0x4A, 0xE4, 0x79, 0x48,
    0xF1, 0x42, 0xC4, 0xBC, 0x00, 0x13, 0x63, 0x2D, 0xA7, 0x97, 0xC8, 0x75, 0x37, 0x6F, 0xCB, 0x3F,
    0xF0, 0xE8, 0x2F, 0xBA, 0x9E, 0x06, 0xFD, 0x34, 0x8B, 0x56, 0x16, 0x60, 0xF5, 0x1F, 0x7B, 0xC3,
    0x49, 0x7B, 0xED, 0x13, 0xED, 0x75, 0x77, 0xDA, 0xBD, 0xED, 0x75, 0x1F, 0xB2, 0xD7, 0x45, 0xCB,
    0x91, 0x0E, 0x74, 0x0B, 0xF4, 0x98, 0x08, 0x69, 0x20, 0x89, 0x1E, 0xFD, 0x67, 0x4F, 0x7E, 0x95,
    0xC3, 0x28, 0x47, 0x99, 0x35, 0xCC, 0xB4, 0xDD, 0x22, 0x16, 0x63, 0x7E, 0x8A, 0xFC, 0x3D, 0x00,
    0xDB, 0x29, 0x00, 0xE8, 0x0D, 0x98, 0xE7, 0xD5, 0x74, 0xAA, 0x4A, 0xBD, 0xAA, 0x94, 0x4B, 0x59,
    0x44, 0x8B, 0x58, 0x7A, 0x5F, 0x0D, 0xBE, 0xE7, 0x2E, 0x68, 0xBB, 0x87, 0x72, 0x23, 0xD2, 0x76,
    0x0A, 0x0B, 0x47, 0xB6, 0x8E, 0x36, 0x0D, 0xF3, 0x7E, 0xCE, 0xCD, 0xA4, 0x07, 0x1E, 0x75, 0xBB,
    0x45, 0xFD, 0x1B, 0xD4, 0xB0, 0x5C, 0x8C, 0xE8, 0xF8, 0x0A, 0xF4, 0x77, 0x6B, 0xF4, 0x37, 0x2D,
    0x72, 0x55, 0x83, 0x9C, 0xF1, 0xFD, 0xB4, 0x0D, 0xAB, 0xD8, 0x5D, 0xDD, 0x3D, 0xC1, 0xB7, 0x4F,
    0xF8, 0x60, 0x38, 0x9A, 0x44, 0xD2, 0x35, 0x72, 0x9E, 0x27, 0x47, 0x54, 0xC0, 0x38, 0x1E, 0xD1,
    0x90, 0x59, 0xB4, 0xC5, 0x04, 0xA0, 0x86, 0xAC, 0x22, 0xDD, 0xC0, 0xEE, 0xC2, 0xC2, 0x71, 0x07,
    0xCE, 0x83, 0xF5, 0x94, 0xF6, 0xB0, 0xF9, 0x58, 0xF5, 0xCF, 0x37, 0x7E, 0xF8, 0xAB, 0xBF, 0x7A,
    0xE3, 0xF8, 0xDC, 0x15, 0x0D, 0x1C, 0x67, 0xCB, 0xAB, 0x50, 0x4D, 0xF6, 0xAA, 0xEC, 0x6E, 0xD9,
    0x8B, 0x95, 0x4D, 0x2D, 0xF6, 0xAE, 0x5E, 0x8E, 0x3F, 0xFC, 0xD2, 0xA3, 0x7B, 0xEC, 0x31, 0xE2,
    0x55, 0x12, 0x9B, 0xFE, 0xA4, 0x01, 0xE5, 0x5A, 0x16, 0x31, 0xA2, 0x9B, 0x8E, 0xC1, 0xCB, 0x17,
    0x02, 0xF2, 0xCD, 0x06, 0x19, 0x6E, 0x5C, 0x43, 0x5E, 0x41, 0x01, 0x18, 0x20, 0x5A, 0x40, 0x55,
    0x43, 0x66, 0xC5, 0x59, 0xF6, 0x8B, 0x91, 0xBC, 0x7F, 0x54, 0xEC, 0x5C, 0x64, 0x2E, 0xA6, 0xDC,
    0x63, 0x76, 0xE5, 0x7A, 0x76, 0x59, 0x3B, 0x79, 0xAC, 0x2F, 0x1F, 0xE5, 0x8B, 0x37, 0x7B, 0xB9,
    0xDD, 0xA5, 0xB1, 0xC6, 0x41, 0x0D, 0xAA, 0xD9, 0x26, 0x8F, 0xF4, 0xE4, 0x1E, 0xCA, 0x9E, 0x59,
    0x4F, 0x08, 0x98, 0x18, 0x19, 0x8E, 0x30, 0x78, 0xA9, 0x3B, 0x84, 0x25, 0x05, 0xFB, 0xAC, 0xCE,
    0x44, 0xD2, 0xD8, 0x64, 0x3F, 0x08, 0x9A, 0x56, 0x27, 0x2D, 0x2A, 0xAC, 0xE2, 0x3A, 0x89, 0x75,
    0x8C, 0x9D, 0x71, 0x18, 0x3E, 0x38, 0xC7, 0xCF, 0x13, 0x67, 0x9E, 0xD5, 0xE8, 0x58, 0xB1, 0x3D,
    0xD4, 0xE1, 0x34, 0xFB, 0xC9, 0x48, 0xDE, 0x3D, 0x2A, 0x76, 0x29, 0x77, 0x98, 0x5C, 0xCC, 0x64,
    0x8F, 0xE9, 0x88, 0xC9, 0x13, 0x5E, 0x5C, 0x3E, 0xC6, 0x17, 0xC7, 0x9D, 0x9C, 0x1F, 0xD2, 0x9D,
    0xB3, 0xD0, 0x00, 0xA4, 0x3F, 0xB1, 0xD9, 0x77, 0x6D, 0xFF, 0x35, 0xF2, 0xDD, 0x7E, 0xD9, 0x56,
    0x3E, 0x47, 0xBE, 0xA0, 0x30, 0x14, 0x25, 0x66, 0x46, 0xB9, 0x64, 0xB2, 0x64, 0xB6, 0xFF, 0xE2,
    0xA5, 0x69, 0x58, 0xB4, 0x2A, 0x2C, 0x75, 0x33, 0x16, 0xFB, 0x04, 0xB1, 0xE8, 0x40, 0x1A, 0x2B,
    0x16, 0x0D, 0x99, 0x3F, 0x7D, 0xCE, 0x7F, 0xF6, 0x5F, 0x7E, 0xFE, 0x39, 0x6B, 0x36, 0x3C, 0xFA,
    0xAD, 0x14, 0x31, 0x02, 0x80, 0x89, 0xEB, 0xF1, 0xFC, 0xD8, 0x63, 0xA6, 0xA3, 0xA3, 0xCB, 0xFB,
    0xD1, 0x31, 0x58, 0x0B, 0x81, 0xC4, 0x93, 0x7A, 0x64, 0x8D, 0xC4, 0xF6, 0xC8, 0x86, 0x3C, 0x06,
    0x16, 0x70, 0x8E, 0xB4, 0xC5, 0xD4, 0x68, 0x8B, 0xF2, 0x83, 0xA5, 0x01, 0xD6, 0xB0, 0xAA, 0xB7,
    0x71, 0x99, 0x86, 0x3A, 0x8D, 0xB5, 0x5A, 0x93, 0x1F, 0xD6, 0xB7, 0xF5, 0xEA, 0x59, 0x35, 0xAF,
    0x7B, 0x8F, 0x6D, 0xC5, 0x7A, 0xF9, 0x82, 0xEF, 0xA3, 0x4A, 0x3E, 0x52, 0xE5, 0xDD, 0xB0, 0x02,
    0x77, 0x58, 0x38, 0xEC, 0x89, 0x31, 0x56, 0x45, 0x8C, 0x56, 0x57, 0x0F, 0x6C, 0x84, 0xB4, 0x91,
    0x13, 0x0F, 0xB6, 0xB2, 0x39, 0xAC, 0xCD, 0x6A, 0xC3, 0xEA, 0xD2, 0xC7, 0x90, 0x03, 0xB9, 0xAD,
    0x90, 0x68, 0x51, 0x1B, 0x80, 0x04, 0xE8, 0xD7, 0x85, 0xEC, 0x37, 0x2D, 0x5C, 0xB2, 0x33, 0x81,
    0x13, 0xC7, 0x72, 0xF0, 0x23, 0x21, 0x75, 0x63, 0xA9, 0x95, 0xED, 0x45, 0xDB, 0x13, 0xDA, 0x4A,
    0x7D, 0xB3, 0xB6, 0x39, 0xD7, 0x8B, 0x2D, 0xF0, 0x62, 0xCD, 0x20, 0x25, 0xB5, 0xD4, 0x33, 0xE8,
    0xC7, 0xC5, 0x16, 0xBA, 0x05, 0xB4, 0x79, 0x4D, 0x90, 0x3A, 0xF1, 0x52, 0xA7, 0x3E, 0xAF, 0x52,
    0x6F, 0x50, 0x07, 0x1D, 0x45, 0x6C, 0xC8, 0x1C, 0x98, 0x58, 0x23, 0x16, 0x06, 0x16, 0x2D, 0xA0,
    0x3E, 0x0D, 0x0F, 0x8C, 0x15, 0xAB, 0x45, 0x9D, 0xDE, 0xF1, 0xE8, 0x3A, 0xFB, 0xE6, 0x5B, 0x2A,
    0xF9, 0xCE, 0xD5, 0xC8, 0xFB, 0x1C, 0xF2, 0xDE, 0x06, 0xA9, 0xD8, 0x52, 0x83, 0xB6, 0x3B, 0x64,
    0x76, 0x84, 0x89, 0x1D, 0x03, 0xE8, 0xAB, 0xD9, 0x75, 0x3A, 0x86, 0xE4, 0xC2, 0x7E, 0x12, 0x4C,
    0xEA, 0x8D, 0xF2, 0xA5, 0x3A, 0x68, 0x55, 0x74, 0xD9, 0xEF, 0x3A, 0xDD, 0xEC, 0x6B, 0x3B, 0x17,
    0xBB, 0x2F, 0x5F, 0xE9, 0x56, 0xD1, 0x25, 0xBF, 0x24, 0xFD, 0x07, 0xC9, 0xCB, 0xB7, 0x39, 0x3F,
    0xCF, 0x49, 0x82, 0xA0, 0xDC, 0x2E, 0xDA, 0x82, 0xDC, 0xC9, 0xBD, 0xC8, 0x9A, 0x31, 0xCA, 0x9F,
    0x80, 0x95, 0x67, 0xFB, 0xAB, 0x81, 0x81, 0xFF, 0x03, 0x63, 0xF8, 0xC2, 0xB4, 0x83, 0x59, 0x87,
    0x5B, 0x83, 0x4B, 0x83, 0xCF, 0x84, 0xD7, 0x80, 0x77, 0x01, 0xDF, 0x01, 0x7E, 0x07, 0x7E, 0x0E,
    0x7B, 0x93, 0xE0, 0x07, 0x0C, 0x0C, 0x00, 0x8D, 0xD1, 0x37, 0x90, 0xE4, 0x44, 0x18, 0xC5, 0xF1,
    0xDF, 0xB4, 0x76, 0x69, 0x38, 0x69, 0x56, 0x53, 0x45, 0x82, 0xF7, 0x9E, 0x75, 0x78, 0x0F, 0xC2,
    0xE4, 0x29, 0x2E, 0xAF, 0xBA, 0x8C, 0x0B, 0xD7, 0xAF, 0x72, 0x7C, 0x9E, 0x5C, 0x9E, 0xE0, 0x61,
    0xB2, 0x55, 0x4A, 0x26, 0xBC, 0x87, 0xAE, 0x22, 0xC2, 0x9F, 0x99, 0x0C, 0x3B, 0x7D, 0xAA, 0x4D,
    0xF0, 0xF2, 0x9F, 0xFB, 0xBF, 0xD7, 0x6A, 0x13, 0x84, 0x13, 0x58, 0x85, 0xDF, 0xE7, 0x47, 0xB7,
    0x07, 0x21, 0xC1, 0x65, 0x08, 0x4D, 0xEC, 0xEA, 0xBE, 0x3E, 0x71, 0xE3, 0xB1, 0x5B, 0x8E, 0x9E,
    0xFB, 0x48, 0xD1, 0xFC, 0xF5, 0x64, 0x04, 0x45, 0x82, 0xD5, 0x01, 0x82, 0xB5, 0xC6, 0x80, 0x09,
    0x04, 0x7F, 0x37, 0x78, 0xE5, 0x63, 0xB7, 0x1C, 0xBD, 0xF1, 0xE5, 0x3A, 0x95, 0x5D, 0xD1, 0x99,
    0x8C, 0x08, 0x27, 0x8A, 0x64, 0xD5, 0x21, 0x64, 0x2F, 0x43, 0x42, 0xCA, 0x90, 0xCB, 0xC2, 0x5F,
    0x9D, 0xFC, 0x15, 0xB2, 0x81, 0x83, 0x9E, 0xFB, 0x37, 0xB8, 0xA3, 0xE5, 0xFC, 0x44, 0xB5, 0xC1,
    0xC2, 0x25, 0x88, 0x2D, 0xA3, 0x84, 0x0D, 0x1C, 0x26, 0xA0, 0x6C, 0x8C, 0x7E, 0x6F, 0x95, 0x4F,
    0xE1, 0x2D, 0xC2, 0xDB, 0x94, 0x15, 0xCB, 0x0B, 0xBC, 0x4C, 0xE8, 0x28, 0xB1, 0x4C, 0x0E, 0xC1,
    0x71, 0x6C, 0xE0, 0xAF, 0xD8, 0x8A, 0xF8, 0x0C, 0xA3, 0x6F, 0x59, 0xD8, 0x26, 0xFE, 0xD4, 0xB0,
    0xDF, 0x12, 0x10, 0xDA, 0xAC, 0xC5, 0x0A, 0x5E, 0x27, 0xF4, 0x39, 0x54, 0xCD, 0xC3, 0x6A, 0x1E,
    0xDE, 0xD0, 0x73, 0xCF, 0x23, 0xEC, 0xCD, 0x38, 0x68, 0xB8, 0x0C, 0x26, 0x67, 0x11, 0x4E, 0x8C,
    0x59, 0x75, 0xD1, 0xB0, 0x3D, 0xF6, 0xBC, 0x4C, 0x4C, 0x3D, 0x2E, 0xEF, 0x00, 0x40, 0xD1, 0x20,
    0x96, 0x2D, 0x4B, 0x76, 0x87, 0x66, 0xF7, 0xDA, 0xE3, 0x58, 0xEC, 0x39, 0xBE, 0x08, 0xD0, 0x18,
    0x9D, 0x50, 0xCC, 0x14, 0xBF, 0x38, 0xF2, 0xB9, 0xEA, 0x53, 0x0B, 0xEF, 0xD0, 0x0F, 0x97, 0xEA,
    0x43, 0xE3, 0x2F, 0xC4, 0xEF, 0x73, 0x43, 0x38, 0x41, 0x4F, 0x16, 0xEE, 0x61, 0x72, 0x35, 0x21,
    0xDD, 0x9C, 0xAC, 0x7A, 0xF9, 0x70, 0x8B, 0x8A, 0x6E, 0xAD, 0x89, 0x5F, 0x87, 0x19, 0x17, 0x8C,
    0x00, 0xCA, 0x5F, 0xB9, 0xEF, 0xC9, 0x56, 0x92, 0x42, 0x67, 0xBD, 0x68, 0xDC, 0x5A, 0x70, 0x5D,
    0x71, 0xDD, 0xFC, 0xBE, 0xD5, 0xE4, 0xAD, 0x13, 0x5C, 0xDA, 0xA3, 0xC5, 0x41, 0x2B, 0xBE, 0x38,
    0x35, 0x76, 0xB1, 0xEB, 0x44, 0xEB, 0x8A, 0x7C, 0x37, 0xEB, 0x6E, 0x69, 0x26, 0xEE, 0x68, 0xB8,
    0x74, 0x87, 0x3A, 0x71, 0x0E, 0x16, 0x51, 0xF7, 0x43, 0xEE, 0x8E, 0x33, 0x3D, 0x43, 0x6F, 0xE1,
    0x4E, 0xD1, 0x45, 0xC6, 0xCA, 0x76, 0x6A, 0x34, 0xB8, 0xA5, 0xA5, 0xEC, 0xD9, 0x3E, 0x41, 0xB1,
    0xCE, 0x19, 0x7D, 0xAE, 0xCB, 0x7E, 0xB2, 0x2F, 0xBD, 0x64, 0x23, 0x76, 0xEA, 0xDF, 0x80, 0x8B,
    0x60, 0x8A, 0x38, 0x5F, 0xDA, 0xEC, 0x7E, 0xB8, 0x0F, 0xCA, 0x1C, 0x9A, 0xC1, 0x32, 0x80, 0x56,
    0xFE, 0x8B, 0x1B, 0xCA, 0xCA, 0x25, 0xB5, 0xFB, 0xEB, 0x66, 0x6B, 0xDC, 0x1E, 0xA9, 0xFC, 0xFB,
    0x85, 0x1E, 0xA6, 0xF6, 0xE7, 0xCC, 0x06, 0xE1, 0x04, 0x73, 0x52, 0x0E, 0x5B, 0xEC, 0x40, 0x02,
    0x16, 0xCF, 0xF6, 0x9F, 0xC0, 0xAD, 0xA5, 0x6E, 0xB5, 0xB6, 0xB4, 0x24, 0x2E, 0x67, 0x94, 0xC4,
    0x45, 0x7A, 0xA6, 0xA6, 0x62, 0x96, 0xB8, 0x3F, 0x4B, 0xDC, 0x97, 0x25, 0xCA, 0x2C, 0x61, 0x66,
    0x87, 0x65, 0xE9, 0xFF, 0xAF, 0xE2, 0xAF, 0x12, 0x7F, 0x00, 0x9D, 0xD3, 0x01, 0x84, 0x1C, 0x67,
    0x14, 0x07, 0xF0, 0xDF, 0xCC, 0xD7, 0x66, 0x72, 0x99, 0xBD, 0xDD, 0xD0, 0xA2, 0x74, 0x93, 0x3B,
    0x14, 0x87, 0x4D, 0xF7, 0xB0, 0x64, 0xC3, 0xF6, 0x76, 0x14, 0x0A, 0x00, 0x0A, 0xA2, 0x1A, 0x40,
    0x41, 0xB3, 0x2A, 0x48, 0x25, 0x75, 0x43, 0x10, 0x50, 0x0E, 0x00, 0x70, 0x28, 0x20, 0xF4, 0xD0,
    0xCA, 0x81, 0xBB, 0x4F, 0x0F, 0x41, 0xA9, 0xA1, 0x68, 0x51, 0x3A, 0x08, 0x00, 0x5D, 0xED, 0x69,
    0xB7, 0xED, 0x35, 0xD3, 0xDB, 0x8E, 0xB4, 0x92, 0x28, 0x91, 0xF5, 0xFF, 0xBC, 0xF7, 0x7F, 0xEF,
    0xBD, 0xF7, 0xF6, 0x31, 0xFF, 0x7C, 0xE1, 0xDC, 0x45, 0x42, 0x21, 0x44, 0xE9, 0x12, 0xD9, 0xCF,
    0x71, 0x78, 0x35, 0x4E, 0x42, 0xBC, 0x19, 0xE2, 0x17, 0x59, 0x71, 0xA3, 0x67, 0x72, 0x49, 0x6F,
    0x01, 0x87, 0x4D, 0x21, 0xFB, 0x0F, 0x2D, 0x7D, 0x3A, 0x02, 0x04, 0xCE, 0x59, 0xD2, 0x61, 0x61,
    0x5A, 0xB8, 0x5C, 0xB8, 0xBF, 0xCC, 0x26, 0x0F, 0x8A, 0xF4, 0x6E, 0x11, 0xB2, 0x22, 0xCB, 0x8A,
    0xEE, 0x3F, 0xF5, 0x03, 0x46, 0xAC, 0x63, 0xBB, 0xBE, 0x16, 0x1E, 0x7E, 0x58, 0x75, 0x85, 0x38,
    0xD6, 0xAB, 0x37, 0x0D, 0x36, 0x77, 0xCD, 0x36, 0xAA, 0xA4, 0xEA, 0xC7, 0x50, 0x74, 0xAA, 0xAE,
    0xCE, 0xEE, 0xC4, 0xC6, 0xE6, 0x9E, 0xD1, 0x95, 0x68, 0xAF, 0x27, 0x8D, 0xBD, 0x6A, 0xCD, 0xF8,
    0x70, 0x61, 0x1D, 0xA0, 0x83, 0x4B, 0x98, 0xE2, 0x73, 0x7C, 0x5D, 0x4A, 0xEF, 0x46, 0x21, 0xD4,
    0xB2, 0x64, 0xAE, 0xE3, 0x58, 0xDF, 0xBE, 0x91, 0x89, 0x99, 0x2D, 0x4D, 0xD3, 0xB8, 0xFE, 0x47,
    0x53, 0xF5, 0x8A, 0x35, 0xBD, 0xA2, 0xF7, 0x5C, 0xEF, 0x7A, 0xB5, 0xBD, 0x13, 0x9A, 0xA6, 0x0C,
    0xBF, 0xBF, 0x5F, 0x24, 0x27, 0x39, 0xCB, 0x77, 0x80, 0x29, 0x86, 0x45, 0x6B, 0x4F, 0x48, 0x8F,
    0xC9, 0xEB, 0x89, 0xB5, 0x38, 0x31, 0x7D, 0x77, 0xDF, 0x76, 0x73, 0x6C, 0xBB, 0x69, 0x0A, 0xD8,
    0x6E, 0x1E, 0x01, 0x5E, 0x65, 0xD0, 0x62, 0x19, 0x7C, 0xEC, 0xF3, 0x1A, 0x49, 0x25, 0x44, 0x59,
    0xA1, 0x47, 0x9F, 0x09, 0x33, 0x6A, 0x69, 0x14, 0x4A, 0x39, 0x5D, 0x06, 0x8C, 0xD9, 0x63, 0x07,
    0xB7, 0x27, 0x4C, 0xD8, 0xE4, 0x1A, 0x3B, 0xC4, 0xDB, 0x62, 0x37, 0x29, 0xB3, 0xB4, 0x08, 0x77,
    0x24, 0x47, 0xFC, 0xCA, 0x84, 0x01, 0x67, 0x0D, 0xCB, 0x03, 0x5F, 0xFE, 0xF2, 0x5D, 0x59, 0xBD,
    0x99, 0xC4, 0xBD, 0xFB, 0x77, 0xCA, 0x69, 0x6C, 0x80, 0x15, 0xFA, 0x8C, 0xA4, 0xB5, 0x74, 0x2E,
    0x7C, 0xA0, 0xDB, 0xD1, 0x5F, 0x31, 0x3A, 0xA3, 0x69, 0xA2, 0x15, 0xF3, 0xE7, 0xFC, 0x85, 0xA3,
    0xF8, 0x24, 0xBE, 0x0F, 0x47, 0xC7, 0xE1, 0xA8, 0x0A, 0x0F, 0x62, 0xF8, 0x31, 0x86, 0xDF, 0x62,
    0xF8, 0x36, 0x66, 0x47, 0x71, 0xED, 0x28, 0x5E, 0x7E, 0xBA, 0x32, 0x2A, 0x2D, 0x77, 0xEF, 0xC9,
    0xC7, 0xBA, 0x7D, 0xFD, 0xAE, 0x71, 0x6E, 0x16, 0x8A, 0x79, 0x88, 0xEB, 0xCA, 0x51, 0x12, 0x07,
    0xA1, 0x5C, 0xCD, 0xF4, 0x7A, 0xB2, 0x55, 0xE1, 0x9E, 0xE4, 0x98, 0x39, 0x18, 0x72, 0x8B, 0x9A,
    0xC7, 0x50, 0x51, 0x49, 0xFE, 0x45, 0x5C, 0x22, 0x7D, 0x8C, 0x5B, 0x85, 0x2D, 0xEC, 0x73, 0xC2,
    0x0D, 0xC0, 0x40, 0xBD, 0x95, 0xCE, 0x2F, 0x25, 0xF5, 0x29, 0x4E, 0x9D, 0x53, 0x0A, 0xB8, 0xC1,
    0x09, 0xFB, 0xCE, 0xEC, 0x24, 0xA6, 0x8F, 0xAE, 0x9A, 0xE5, 0x7F, 0x01, 0xC8, 0x1F, 0xA6, 0xC5,
    0x95, 0xEB, 0x0D, 0xC9, 0x67, 0xCF, 0xE6, 0xD7, 0xF0, 0x0A, 0x5E, 0xC6, 0x59, 0x74, 0x80, 0xF6,
    0x63, 0x78, 0xD6, 0x67, 0x03, 0x7B, 0x6D, 0xAC, 0x57, 0x30, 0x69, 0xF3, 0x59, 0x49, 0x17, 0xB4,
    0xFC, 0xFF, 0x67, 0xAC, 0x60, 0xD0, 0xF2, 0x50, 0xB5, 0xF6, 0x2D, 0xCC, 0xDB, 0x9A, 0xE5, 0xC8,
    0x3E, 0x80, 0x04, 0xDB, 0x0C, 0x6B, 0xF9, 0x31, 0x9F, 0x60, 0xB8, 0x83, 0xC3, 0x92, 0xE4, 0x11,
    0xCE, 0x3C, 0x31, 0xFB, 0x3C, 0xA6, 0x05, 0xE9, 0x32, 0x95, 0x2D, 0xB0, 0x56, 0x48, 0x0E, 0x2C,
    0xEB, 0x87, 0x15, 0x6F, 0xE0, 0xD9, 0x7B, 0x22, 0xC9, 0x57, 0x84, 0x9F, 0xC8, 0x6B, 0x49, 0xC3,
    0xF0, 0x53, 0x6E, 0x77, 0xC8, 0x4F, 0xB0, 0x5D, 0xF0, 0xD1, 0x82, 0xDD, 0xD7, 0x0B, 0x11, 0x25,
    0x40, 0x6D, 0x5D, 0xB4, 0xF5, 0x76, 0x94, 0xFE, 0x59, 0xB2, 0x56, 0x91, 0x1F, 0xB0, 0xDA, 0x2B,
    0x5C, 0x5C, 0x58, 0xF6, 0xE5, 0xC7, 0x7C, 0x3C, 0x43, 0x8D, 0x92, 0xA4, 0x69, 0xE4, 0x3B, 0x5C,
    0xC0, 0x18, 0x23, 0x6C, 0x6A, 0xED, 0x18, 0x7D, 0xE4, 0xCB, 0xFF, 0xDF, 0x34, 0x60, 0xDA, 0x54,
    0x24, 0xFB, 0xB8, 0x80, 0x1C, 0x19, 0x02, 0x32, 0xE4, 0x58, 0xC5, 0x4D, 0xD3, 0xA6, 0x06, 0xBC,
    0x84, 0xBE, 0x76, 0xCF, 0x9E, 0x0B, 0x2A, 0xE3, 0x34, 0x1A, 0x05, 0x36, 0xBB, 0x8C, 0xFA, 0x8C,
    0xC7, 0xF4, 0x67, 0xE4, 0x15, 0xA1, 0x69, 0x04, 0x00, 0xE7, 0x31, 0x6B, 0x67, 0x85, 0x05, 0xE1,
    0x3D, 0xF2, 0x9C, 0x4E, 0xC6, 0x38, 0x30, 0xCB, 0xA8, 0x73, 0x49, 0x5C, 0x15, 0x8A, 0x76, 0xE7,
    0x2A, 0x78, 0x91, 0xBB, 0x5E, 0xEC, 0xBE, 0xB6, 0x8F, 0xF3, 0x8A, 0x56, 0x67, 0x9D, 0xA0, 0x9B,
    0x6B, 0x75, 0x96, 0x2E, 0x98, 0x43, 0xD3, 0x44, 0x1C, 0x36, 0x15, 0xCC, 0x97, 0xFA, 0x0B, 0xF7,
    0x84, 0x8E, 0xBC, 0x6B, 0x35, 0x73, 0xDA, 0x35, 0x4E, 0x97, 0x4A, 0x9D, 0x36, 0x73, 0x6C, 0xD8,
    0xED, 0xAB, 0xBA, 0x69, 0xCC, 0x43, 0x19, 0xDE, 0x91, 0x7E, 0xC3, 0x0F, 0x5A, 0xC1, 0xFD, 0x0D,
    0x63, 0x60, 0x60, 0x38, 0x80, 0x0A, 0x19, 0x0F, 0xE8, 0x1F, 0xB0, 0x6F, 0xB0, 0x63, 0x00, 0xCB,
    0x5C, 0x60, 0xF8, 0xC0, 0xF0, 0x87, 0xE1, 0x2E, 0xC3, 0x29, 0x20, 0x3C, 0xC9, 0x78, 0x06, 0x26,
    0xC3, 0xC2, 0xC0, 0xF6, 0x87, 0xE1, 0xFF, 0x1B, 0x86, 0x27, 0x3C, 0x0C, 0x07, 0xD0, 0x11, 0xDB,
    0xC1, 0x3F, 0xF6, 0x87, 0xFF, 0xD8, 0x3B, 0x7D, 0xD0, 0x65, 0x40, 0x55, 0x79, 0x0C, 0xC8, 0x98,
    0xC3, 0xF0, 0x00, 0xBB, 0x4A, 0x07, 0x34, 0x67, 0xDC, 0x6F, 0xF8, 0xFE, 0xE0, 0xD0, 0x87, 0xC3,
    0x17, 0x4E, 0x3B, 0xBC, 0x65, 0xF8, 0x00, 0x34, 0xC7, 0x80, 0xC1, 0x20, 0xC1, 0xFA, 0x83, 0xFD,
    0x06, 0x93, 0x02, 0x03, 0x10, 0xDC, 0x00, 0x61, 0x33, 0x14, 0x30, 0x38, 0x08, 0x1C, 0x30, 0x01,
    0xC1, 0x0B, 0xF6, 0x1F, 0xFE, 0x7F, 0xF8, 0x09, 0x66, 0x5B, 0x7D, 0xD8, 0xFF, 0xE1, 0xDF, 0x81,
    0x12, 0x88, 0xB8, 0x03, 0x00, 0x85, 0x90, 0xB1, 0x4E, 0xC3, 0x30, 0x18, 0x84, 0x2F, 0xF1, 0x90,
    0x21, 0x83, 0x1F, 0x01, 0x54, 0xB1, 0x77, 0x63, 0x4A, 0xDC, 0x3E, 0x58, 0xAB, 0x64, 0x61, 0xE2,
    0x45, 0x78, 0x88, 0x50, 0x2C, 0x36, 0x26, 0xF2, 0x08, 0x9E, 0x99, 0x3C, 0x64, 0x30, 0xAA, 0xA9,
    0xB9, 0x83, 0x0C, 0x1D, 0x90, 0x88, 0x94, 0xDB, 0xFC, 0x7D, 0xFF, 0x1D, 0x70, 0x31, 0x09, 0xA6,
    0xD8, 0x8C, 0xF6, 0xC1, 0xDD, 0xC2, 0xEE, 0x3B, 0x60, 0x8B, 0x09, 0x28, 0xA5, 0xCC, 0x18, 0x90,
    0x81, 0x1D, 0x12, 0xE0, 0x14, 0x7D, 0xB5, 0x00, 0xC7, 0x3A, 0x02, 0xD3, 0x4F, 0x18, 0x46, 0x56,
    0x24, 0x33, 0x03, 0xB1, 0xF1, 0xB8, 0x0F, 0xEF, 0x23, 0x5E, 0x5E, 0xCB, 0xFA, 0x80, 0xF8, 0x8E,
    0xF4, 0x13, 0xDA, 0xB7, 0x8E, 0x6C, 0xA1, 0x45, 0xCE, 0x18, 0xAA, 0x84, 0x1D, 0x7F, 0x57, 0x2F,
    0xE8, 0xC9, 0x3A, 0x92, 0x72, 0x30, 0x81, 0xC8, 0x40, 0xE2, 0x19, 0xA9, 0xFE, 0x42, 0x04, 0x36,
    0x01, 0x18, 0xBC, 0x60, 0x10, 0xEB, 0x44, 0xD6, 0x33, 0x0F, 0x9D, 0xC8, 0xCA, 0x64, 0x65, 0xB2,
    0xD2, 0x2F, 0x8B, 0x1C, 0x47, 0x4E, 0x6F, 0xAE, 0x58, 0xCD, 0x8C, 0xDC, 0x7C, 0x20, 0x99, 0xBF,
    0x58, 0xE6, 0x33, 0xAA, 0xF7, 0x65, 0xE1, 0x6D, 0xEE, 0x2E, 0x92, 0xD8, 0x63, 0xAD, 0x8E, 0xC2,
    0x2F, 0xAA, 0x7C, 0x13, 0xD4, 0xBE, 0x9D, 0xE1, 0x98, 0x5E, 0xFD, 0xAD, 0xD7, 0x00, 0xCC, 0x03,
    0x73, 0xD4, 0x04, 0x37, 0x7B, 0x64, 0xE6, 0x93, 0x46, 0xB0, 0x41, 0x2B, 0xC8, 0xF5, 0x38, 0xD2,
    0xA6, 0x1D, 0xE0, 0xAA, 0xB4, 0x1A, 0xCF, 0x0B, 0x64, 0x8C, 0x9A, 0x7A, 0x23, 0x63, 0x67, 0x22,
    0x8D, 0xEA, 0x2C, 0x63, 0x90, 0x91, 0x2E, 0x19, 0xBD, 0x8C, 0xF6, 0xDA, 0x38, 0xCA, 0x48, 0x17,
    0x8D, 0x5B, 0x20, 0x33, 0xFF, 0x31, 0x7E, 0x03, 0x24, 0xC4, 0x01, 0x06, 0x80, 0x30, 0x18, 0x47,
    0xF1, 0x7F, 0x83, 0xB0, 0x43, 0xEC, 0x06, 0x75, 0xC4, 0x1D, 0xA3, 0x6B, 0x04, 0x04, 0xB1, 0x1D,
    0xA5, 0x1B, 0x34, 0x4D, 0x0C, 0x1F, 0xAF, 0x8F, 0x1E, 0xEF, 0xA7, 0xBF, 0xDD, 0x0F, 0xE6, 0x44,
    0x9C, 0x65, 0xAB, 0xD2, 0x31, 0x9A, 0x42, 0xB7, 0x53, 0xF1, 0xB1, 0xA2, 0x15, 0xA3, 0x16, 0x5E,
    0x5A, 0xA6, 0xD3, 0x12, 0x37, 0x75, 0x76, 0x34, 0xC1, 0x90, 0x32, 0x97, 0x94, 0xBE, 0xCD, 0x6F,
    0x60, 0x60, 0x60, 0xF7, 0x03, 0x1A, 0xC0, 0xF8, 0x03, 0x64, 0x68, 0x02, 0x03, 0x03, 0x00,
};

static const EpdGlyph charein_9_bolditalicGlyphs[] = {
    { 0, 0, 0, 0, 0, 0, 0 }, // U+0000
    { 0, 0, 0, 0, 0, 0, 0 }, // U+0001
    { 0, 0, 0, 0, 0, 0, 0 }, // U+0002
    { 0, 0, 0, 0, 0, 0, 0 }, // U+0003
    { 0, 0, 0, 0, 0, 0, 0 }, // U+0004
    { 0, 0, 0, 0, 0, 0, 0 }, // U+0005
    { 0, 0, 0, 0, 0, 0, 0 }, // U+0006
    { 0, 0, 0, 0, 0, 0, 0 }, // U+0007
    { 0, 0, 0, 0, 0, 0, 0 }, // U+0008
    { 0, 0, 0, 0, 0, 0, 0 }, // U+0009
    { 0, 0, 0, 0, 0, 0, 0 }, // U+000A
    { 0, 0, 0, 0, 0, 0, 0 }, // U+000B
    { 0, 0, 0, 0, 0, 0, 0 }, // U+000C
    { 0, 0, 0, 0, 0, 0, 0 }, // U+000D
    { 0, 0, 0, 0, 0, 0, 0 }, // U+000E
    { 0, 0, 0, 0, 0, 0, 0 }, // U+000F
    { 0, 0, 0, 0, 0, 0, 0 }, // U+0010
    { 0, 0, 0, 0, 0, 0, 0 }, // U+0011
    { 0, 0, 0, 0, 0, 0, 0 }, // U+0012
    { 0, 0, 0, 0, 0, 0, 0 }, // U+0013
    { 0, 0, 0, 0, 0, 0, 0 }, // U+0014
    { 0, 0, 0, 0, 0, 0, 0 }, // U+0015
    { 0, 0, 0, 0, 0, 0, 0 }, // U+0016
    { 0, 0, 0, 0, 0, 0, 0 }, // U+0017
    { 0, 0, 0, 0, 0, 0, 0 }, // U+0018
    { 0, 0, 0, 0, 0, 0, 0 }, // U+0019
    { 0, 0, 0, 0, 0, 0, 0 }, // U+001A
    { 0, 0, 0, 0, 0, 0, 0 }, // U+001B
    { 0, 0, 0, 0, 0, 0, 0 }, // U+001C
    { 0, 0, 0, 0, 0, 0, 0 }, // U+001D
    { 0, 0, 0, 0, 0, 0, 0 }, // U+001E
    { 0, 0, 0, 0, 0, 0, 0 }, // U+001F
    { 0, 0, 78, 0, 0, 0, 0 }, // U+0020
    { 6, 14, 114, 1, 14, 21, 0 }, // !
    { 7, 6, 113, 1, 15, 11, 21 }, // "
    { 12, 16, 222, 1, 15, 48, 32 }, // #
    { 12, 17, 179, 0, 15, 51, 80 }, // $
    { 16, 14, 270, 1, 14, 56, 131 }, // %
    { 14, 15, 224, 0, 14, 53, 187 }, // &
    { 4, 6, 52, 1, 15, 6, 240 }, // '
    { 8, 18, 127, 1, 15, 36, 246 }, // (
    { 8, 18, 127, -1, 15, 36, 282 }, // )
    { 8, 9, 150, 2, 15, 18, 318 }, // *
    { 13, 12, 300, 3, 12, 39, 336 }, // +
    { 6, 7, 96, -2, 3, 11, 375 }, // ,
    { 6, 3, 104, 0, 7, 5, 386 }, // -
    { 4, 3, 95, 0, 3, 3, 391 }, // .
    { 10, 16, 150, 0, 14, 40, 394 }, // /
    { 12, 14, 179, 0, 14, 42, 434 }, // 0
    { 8, 14, 179, 1, 14, 28, 476 }, // 1
    { 12, 14, 179, -1, 14, 42, 504 }, // 2
    { 11, 14, 179, 0, 14, 39, 546 }, // 3
    { 11, 15, 179, 0, 14, 42, 585 }, // 4
    { 12, 14, 179, 0, 14, 42, 627 }, // 5
    { 11, 15, 179, 0, 15, 42, 669 }, // 6
    { 13, 15, 179, 0, 14, 49, 711 }, // 7
    { 11, 14, 179, 0, 14, 39, 760 }, // 8
    { 12, 15, 179, 0, 14, 45, 799 }, // 9
    { 5, 10, 95, 0, 10, 13, 844 }, // :
    { 7, 14, 95, -2, 10, 25, 857 }, // ;
    { 13, 11, 300, 3, 11, 36, 882 }, // <
    { 13, 6, 300, 3, 9, 20, 918 }, // =
    { 13, 11, 300, 3, 11, 36, 938 }, // >
    { 9, 14, 161, 1, 14, 32, 974 }, // ?
    { 16, 18, 281, 1, 14, 72, 1006 }, // @
    { 15, 14, 214, -2, 14, 53, 1078 }, // A
    { 13, 14, 195, -1, 14, 46, 1131 }, // B
    { 14, 14, 202, 0, 14, 49, 1177 }, // C
    { 15, 14, 214, -1, 14, 53, 1226 }, // D
    { 13, 14, 180, -1, 14, 46, 1279 }, // E
    { 13, 14, 167, -1, 14, 46, 1325 }, // F
    { 14, 14, 219, 0, 14, 49, 1371 }, // G
    { 17, 14, 230, -1, 14, 60, 1420 }, // H
    { 9, 14, 107, -1, 14, 32, 1480 }, // I
    { 12, 14, 153, -1, 14, 42, 1512 }, // J
    { 15, 14, 209, -1, 14, 53, 1554 }, // K
    { 12, 14, 168, -1, 14, 42, 1607 }, // L
    { 19, 14, 271, -1, 14, 67, 1649 }, // M
    { 17, 14, 226, -1, 14, 60, 1716 }, // N
    { 14, 14, 226, 0, 14, 49, 1776 }, // O
    { 13, 14, 182, -1, 14, 46, 1825 }, // P
    { 15, 18, 226, 0, 14, 68, 1871 }, // Q
    { 14, 14, 205, -1, 14, 49, 1939 }, // R
    { 12, 14, 169, -1, 14, 42, 1988 }, // S
    { 13, 14, 188, 1, 14, 46, 2030 }, // T
    { 15, 14, 225, 1, 14, 53, 2076 }, // U
    { 14, 14, 206, 1, 14, 49, 2129 }, // V
    { 19, 14, 291, 1, 14, 67, 2178 }, // W
    { 15, 14, 202, -1, 14, 53, 2245 }, // X
    { 14, 14, 204, 1, 14, 49, 2298 }, // Y
    { 14, 14, 181, -1, 14, 49, 2347 }, // Z
    { 9, 18, 134, 1, 15, 41, 2396 }, // [
    { 10, 16, 148, 0, 14, 40, 2437 }, // <backslash>
    { 9, 18, 134, -1, 15, 41, 2477 }, // ]
    { 7, 3, 102, 1, 14, 6, 2518 }, // ^
    { 8, 2, 103, -2, -2, 4, 2524 }, // _
    { 6, 4, 127, 1, 15, 6, 2528 }, // `
    { 11, 10, 170, 0, 10, 28, 2534 }, // a
    { 10, 15, 160, 0, 15, 38, 2562 }, // b
    { 9, 10, 144, 0, 10, 23, 2600 }, // c
    { 11, 15, 170, 0, 15, 42, 2623 }, // d
    { 9, 10, 144, 0, 10, 23, 2665 }, // e
    { 13, 19, 109, -3, 15, 62, 2688 }, // f
    { 12, 14, 146, -1, 10, 42, 2750 }, // g
    { 11, 15, 169, 0, 15, 42, 2792 }, // h
    { 6, 15, 93, 0, 15, 23, 2834 }, // i
    { 9, 19, 95, -3, 15, 43, 2857 }, // j
    { 11, 15, 165, 0, 15, 42, 2900 }, // k
    { 6, 15, 92, 0, 15, 23, 2942 }, // l
    { 16, 10, 248, 0, 10, 40, 2965 }, // m
    { 11, 10, 173, 0, 10, 28, 3005 }, // n
    { 10, 10, 166, 0, 10, 25, 3033 }, // o
    { 12, 14, 162, -2, 10, 42, 3058 }, // p
    { 11, 14, 171, 0, 10, 39, 3100 }, // q
    { 9, 10, 126, 0, 10, 23, 3139 }, // r
    { 9, 10, 125, -1, 10, 23, 3162 }, // s
    { 8, 12, 103, 0, 12, 24, 3185 }, // t
    { 11, 10, 172, 0, 10, 28, 3209 }, // u
    { 10, 10, 153, 0, 10, 25, 3237 }, // v
    { 15, 10, 225, 0, 10, 38, 3262 }, // w
    { 13, 10, 173, -1, 10, 33, 3300 }, // x
    { 13, 14, 163, -2, 10, 46, 3333 }, // y
    { 11, 12, 147, -1, 11, 33, 3379 }, // z
    { 10, 18, 149, 0, 15, 45, 3412 }, // {
    { 3, 22, 119, 2, 17, 17, 3457 }, // |
    { 10, 18, 149, -1, 15, 45, 3474 }, // }
    { 14, 5, 250, 1, 9, 18, 3519 }, // ~
    { 0, 0, 0, 0, 0, 0, 3537 }, // U+007F
    { 0, 0, 0, 0, 0, 0, 0 }, // U+0080
    { 0, 0, 0, 0, 0, 0, 0 }, // U+0081
    { 0, 0, 0, 0, 0, 0, 0 }, // U+0082
    { 0, 0, 0, 0, 0, 0, 0 }, // U+0083
    { 0, 0, 0, 0, 0, 0, 0 }, // U+0084
    { 0, 0, 0, 0, 0, 0, 0 }, // U+0085
    { 0, 0, 0, 0, 0, 0, 0 }, // U+0086
    { 0, 0, 0, 0, 0, 0, 0 }, // U+0087
    { 0, 0, 0, 0, 0, 0, 0 }, // U+0088
    { 0, 0, 0, 0, 0, 0, 0 }, // U+0089
    { 0, 0, 0, 0, 0, 0, 0 }, // U+008A
    { 0, 0, 0, 0, 0, 0, 0 }, // U+008B
    { 0, 0, 0, 0, 0, 0, 0 }, // U+008C
    { 0, 0, 0, 0, 0, 0, 0 }, // U+008D
    { 0, 0, 0, 0, 0, 0, 0 }, // U+008E
    { 0, 0, 0, 0, 0, 0, 0 }, // U+008F
    { 0, 0, 0, 0, 0, 0, 0 }, // U+0090
    { 0, 0, 0, 0, 0, 0, 0 }, // U+0091
    { 0, 0, 0, 0, 0, 0, 0 }, // U+0092
    { 0, 0, 0, 0, 0, 0, 0 }, // U+0093
    { 0, 0, 0, 0, 0, 0, 0 }, // U+0094
    { 0, 0, 0, 0, 0, 0, 0 }, // U+0095
    { 0, 0, 0, 0, 0, 0, 0 }, // U+0096
    { 0, 0, 0, 0, 0, 0, 0 }, // U+0097
    { 0, 0, 0, 0, 0, 0, 0 }, // U+0098
    { 0, 0, 0, 0, 0, 0, 0 }, // U+0099
    { 0, 0, 0, 0, 0, 0, 0 }, // U+009A
    { 0, 0, 0, 0, 0, 0, 0 }, // U+009B
    { 0, 0, 0, 0, 0, 0, 0 }, // U+009C
    { 0, 0, 0, 0, 0, 0, 0 }, // U+009D
    { 0, 0, 0, 0, 0, 0, 0 }, // U+009E
    { 0, 0, 0, 0, 0, 0, 0 }, // U+009F
    { 0, 0, 75, 0, 0, 0, 0 }, // U+00A0
    { 6, 14, 102, 0, 10, 21, 0 }, // U+00A1
    { 11, 14, 179, 0, 12, 39, 21 }, // U+00A2
    { 13, 14, 179, -1, 14, 46, 60 }, // U+00A3
    { 12, 12, 183, 0, 15, 36, 106 }, // U+00A4
    { 14, 14, 179, 0, 14, 49, 142 }, // U+00A5
    { 2, 19, 104, 2, 15, 10, 191 }, // U+00A6
    { 11, 18, 162, 0, 15, 50, 201 }, // U+00A7
    { 8, 3, 104, 1, 15, 6, 251 }, // U+00A8
    { 16, 17, 251, 0, 15, 68, 257 }, // U+00A9
    { 8, 9, 111, 0, 15, 18, 325 }, // U+00AA
    { 9, 10, 124, 0, 10, 23, 343 }, // U+00AB
    { 12, 5, 186, 0, 8, 15, 366 }, // U+00AC
    { 0, 0, 0, 0, 0, 0, 381 }, // U+00AD
    { 16, 17, 251, 0, 15, 68, 381 }, // U+00AE
    { 7, 2, 102, 1, 13, 4, 449 }, // U+00AF
    { 6, 6, 96, 0, 15, 9, 453 }, // U+00B0
    { 13, 12, 300, 3, 12, 39, 462 }, // U+00B1
    { 9, 9, 117, 0, 16, 21, 501 }, // U+00B2
    { 8, 9, 117, 1, 16, 18, 522 }, // U+00B3
    { 6, 4, 96, 2, 15, 6, 540 }, // U+00B4
    { 12, 14, 175, -1, 10, 42, 546 }, // U+00B5
    { 11, 16, 161, 0, 14, 44, 588 }, // U+00B6
    { 3, 3, 56, 0, 9, 3, 632 }, // U+00B7
    { 6, 6, 74, -2, 0, 9, 635 }, // U+00B8
    { 6, 9, 117, 2, 16, 14, 644 }, // U+00B9
    { 8, 8, 108, 0, 14, 16, 658 }, // U+00BA
    { 9, 10, 124, -1, 10, 23, 674 }, // U+00BB
    { 15, 16, 272, 1, 15, 60, 697 }, // U+00BC
    { 16, 16, 272, 1, 15, 64, 757 }, // U+00BD
    { 16, 15, 272, 1, 14, 60, 821 }, // U+00BE
    { 9, 14, 157, 0, 10, 32, 881 }, // U+00BF
    { 15, 19, 214, -2, 19, 72, 913 }, // U+00C0
    { 15, 19, 214, -2, 19, 72, 985 }, // U+00C1
    { 15, 18, 214, -2, 18, 68, 1057 }, // U+00C2
    { 15, 18, 214, -2, 18, 68, 1125 }, // U+00C3
    { 15, 19, 214, -2, 19, 72, 1193 }, // U+00C4
    { 15, 20, 214, -2, 20, 75, 1265 }, // U+00C5
    { 22, 14, 293, -2, 14, 77, 1340 }, // U+00C6
    { 14, 20, 202, 0, 14, 70, 1417 }, // U+00C7
    { 13, 19, 180, -1, 19, 62, 1487 }, // U+00C8
    { 13, 19, 180, -1, 19, 62, 1549 }, // U+00C9
    { 13, 18, 180, -1, 18, 59, 1611 }, // U+00CA
    { 13, 19, 180, -1, 19, 62, 1670 }, // U+00CB
    { 9, 19, 107, -1, 19, 43, 1732 }, // U+00CC
    { 10, 19, 107, -1, 19, 48, 1775 }, // U+00CD
    { 10, 18, 107, -1, 18, 45, 1823 }, // U+00CE
    { 10, 19, 107, -1, 19, 48, 1868 }, // U+00CF
    { 15, 14, 214, -1, 14, 53, 1916 }, // U+00D0
    { 17, 18, 226, -1, 18, 77, 1969 }, // U+00D1
    { 14, 19, 226, 0, 19, 67, 2046 }, // U+00D2
    { 14, 19, 226, 0, 19, 67, 2113 }, // U+00D3
    { 14, 18, 226, 0, 18, 63, 2180 }, // U+00D4
    { 14, 18, 226, 0, 18, 63, 2243 }, // U+00D5
    { 14, 19, 226, 0, 19, 67, 2306 }, // U+00D6
    { 11, 11, 300, 4, 11, 31, 2373 }, // U+00D7
    { 14, 18, 226, 0, 16, 63, 2404 }, // U+00D8
    { 15, 19, 225, 1, 19, 72, 2467 }, // U+00D9
    { 15, 19, 225, 1, 19, 72, 2539 }, // U+00DA
    { 15, 18, 225, 1, 18, 68, 2611 }, // U+00DB
    { 15, 19, 225, 1, 19, 72, 2679 }, // U+00DC
    { 14, 19, 204, 1, 19, 67, 2751 }, // U+00DD
    { 13, 14, 182, -1, 14, 46, 2818 }, // U+00DE
    { 16, 19, 179, -4, 15, 76, 2864 }, // U+00DF
    { 11, 15, 170, 0, 15, 42, 2940 }, // U+00E0
    { 11, 15, 170, 0, 15, 42, 2982 }, // U+00E1
    { 11, 14, 170, 0, 14, 39, 3024 }, // U+00E2
    { 11, 14, 170, 0, 14, 39, 3063 }, // U+00E3
    { 11, 15, 170, 0, 15, 42, 3102 }, // U+00E4
    { 11, 16, 170, 0, 16, 44, 3144 }, // U+00E5
    { 15, 10, 236, 0, 10, 38, 3188 }, // U+00E6
    { 9, 16, 144, 0, 10, 36, 3226 }, // U+00E7
    { 9, 15, 144, 0, 15, 34, 3262 }, // U+00E8
    { 10, 15, 144, 0, 15, 38, 3296 }, // U+00E9
    { 10, 14, 144, 0, 14, 35, 3334 }, // U+00EA
    { 10, 15, 144, 0, 15, 38, 3369 }, // U+00EB
    { 7, 15, 93, 0, 15, 27, 3407 }, // U+00EC
    { 8, 15, 93, 0, 15, 30, 3434 }, // U+00ED
    { 8, 14, 93, 0, 14, 28, 3464 }, // U+00EE
    { 8, 15, 93, 0, 15, 30, 3492 }, // U+00EF
    { 11, 15, 164, 0, 15, 42, 3522 }, // U+00F0
    { 11, 14, 173, 0, 14, 39, 3564 }, // U+00F1
    { 10, 15, 166, 0, 15, 38, 3603 }, // U+00F2
    { 10, 15, 166, 0, 15, 38, 3641 }, // U+00F3
    { 10, 14, 166, 0, 14, 35, 3679 }, // U+00F4
    { 11, 14, 166, 0, 14, 39, 3714 }, // U+00F5
    { 11, 15, 166, 0, 15, 42, 3753 }, // U+00F6
    { 13, 9, 300, 3, 11, 30, 3795 }, // U+00F7
    { 10, 14, 166, 0, 12, 35, 3825 }, // U+00F8
    { 11, 15, 172, 0, 15, 42, 3860 }, // U+00F9
    { 11, 15, 172, 0, 15, 42, 3902 }, // U+00FA
    { 11, 14, 172, 0, 14, 39, 3944 }, // U+00FB
    { 11, 15, 172, 0, 15, 42, 3983 }, // U+00FC
    { 13, 19, 163, -2, 15, 62, 4025 }, // U+00FD
    { 12, 19, 162, -2, 15, 57, 4087 }, // U+00FE
    { 13, 19, 163, -2, 15, 62, 4144 }, // U+00FF
    { 15, 17, 214, -2, 17, 64, 0 }, // U+0100
    { 11, 13, 170, 0, 13, 36, 64 }, // U+0101
    { 15, 20, 214, -2, 20, 75, 100 }, // U+0102
    { 11, 16, 170, 0, 16, 44, 175 }, // U+0103
    { 15, 19, 214, -2, 14, 72, 219 }, // U+0104
    { 11, 15, 170, 0, 10, 42, 291 }, // U+0105
    { 14, 19, 202, 0, 19, 67, 333 }, // U+0106
    { 10, 15, 144, 0, 15, 38, 400 }, // U+0107
    { 14, 18, 202, 0, 18, 63, 438 }, // U+0108
    { 10, 14, 144, 0, 14, 35, 501 }, // U+0109
    { 14, 19, 202, 0, 19, 67, 536 }, // U+010A
    { 9, 15, 144, 0, 15, 34, 603 }, // U+010B
    { 14, 18, 202, 0, 18, 63, 637 }, // U+010C
    { 11, 14, 144, 0, 14, 39, 700 }, // U+010D
    { 15, 18, 214, -1, 18, 68, 739 }, // U+010E
    { 15, 15, 207, 0, 15, 57, 807 }, // U+010F
    { 15, 14, 214, -1, 14, 53, 864 }, // U+0110
    { 13, 15, 170, 0, 15, 49, 917 }, // U+0111
    { 13, 17, 180, -1, 17, 56, 966 }, // U+0112
    { 10, 13, 144, 0, 13, 33, 1022 }, // U+0113
    { 13, 20, 180, -1, 20, 65, 1055 }, // U+0114
    { 10, 16, 144, 0, 16, 40, 1120 }, // U+0115
    { 13, 19, 180, -1, 19, 62, 1160 }, // U+0116
    { 9, 15, 144, 0, 15, 34, 1222 }, // U+0117
    { 13, 19, 180, -1, 14, 62, 1256 }, // U+0118
    { 9, 14, 144, 0, 10, 32, 1318 }, // U+0119
    { 13, 18, 180, -1, 18, 59, 1350 }, // U+011A
    { 10, 14, 144, 0, 14, 35, 1409 }, // U+011B
    { 14, 18, 219, 0, 18, 63, 1444 }, // U+011C
    { 12, 18, 146, -1, 14, 54, 1507 }, // U+011D
    { 14, 20, 219, 0, 20, 70, 1561 }, // U+011E
    { 12, 20, 146, -1, 16, 60, 1631 }, // U+011F
    { 14, 19, 219, 0, 19, 67, 1691 }, // U+0120
    { 12, 19, 146, -1, 15, 57, 1758 }, // U+0121
    { 14, 20, 219, 0, 14, 70, 1815 }, // U+0122
    { 12, 20, 146, -1, 16, 60, 1885 }, // U+0123
    { 17, 18, 230, -1, 18, 77, 1945 }, // U+0124
    { 11, 19, 169, 0, 19, 53, 2022 }, // U+0125
    { 17, 14, 230, -1, 14, 60, 2075 }, // U+0126
    { 11, 15, 169, 0, 15, 42, 2135 }, // U+0127
    { 10, 18, 107, -1, 18, 45, 2177 }, // U+0128
    { 8, 14, 93, 0, 14, 28, 2222 }, // U+0129
    { 9, 18, 107, -1, 18, 41, 2250 }, // U+012A
    { 7, 14, 93, 0, 14, 25, 2291 }, // U+012B
    { 10, 20, 107, -1, 20, 50, 2316 }, // U+012C
    { 8, 16, 93, 0, 16, 32, 2366 }, // U+012D
    { 9, 19, 107, -1, 14, 43, 2398 }, // U+012E
    { 6, 20, 93, 0, 15, 30, 2441 }, // U+012F
    { 9, 19, 107, -1, 19, 43, 2471 }, // U+0130
    { 6, 10, 93, 0, 10, 15, 2514 }, // U+0131
    { 19, 14, 260, -1, 14, 67, 2529 }, // U+0132
    { 12, 19, 188, 0, 15, 57, 2596 }, // U+0133
    { 13, 18, 153, -1, 18, 59, 2653 }, // U+0134
    { 11, 18, 95, -3, 14, 50, 2712 }, // U+0135
    { 15, 20, 209, -1, 14, 75, 2762 }, // U+0136
    { 11, 21, 165, 0, 15, 58, 2837 }, // U+0137
    { 11, 10, 162, 0, 10, 28, 2895 }, // U+0138
    { 12, 19, 168, -1, 19, 57, 2923 }, // U+0139
    { 9, 19, 92, 0, 19, 43, 2980 }, // U+013A
    { 12, 20, 168, -1, 14, 60, 3023 }, // U+013B
    { 7, 21, 92, -1, 15, 37, 3083 }, // U+013C
    { 13, 15, 168, -1, 15, 49, 3120 }, // U+013D
    { 9, 15, 124, 0, 15, 34, 3169 }, // U+013E
    { 15, 14, 208, -1, 14, 53, 3203 }, // U+013F
    { 9, 15, 132, 0, 15, 34, 3256 }, // U+0140
    { 12, 14, 168, -1, 14, 42, 3290 }, // U+0141
    { 9, 15, 95, -1, 15, 34, 3332 }, // U+0142
    { 17, 19, 226, -1, 19, 81, 3366 }, // U+0143
    { 11, 15, 173, 0, 15, 42, 3447 }, // U+0144
    { 17, 20, 226, -1, 14, 85, 3489 }, // U+0145
    { 11, 16, 173, 0, 10, 44, 3574 }, // U+0146
    { 17, 18, 226, -1, 18, 77, 3618 }, // U+0147
    { 11, 14, 173, 0, 14, 39, 3695 }, // U+0148
    { 15, 18, 230, -1, 14, 68, 3734 }, // U+014A
    { 10, 14, 169, 0, 10, 35, 3802 }, // U+014B
    { 14, 17, 226, 0, 17, 60, 3837 }, // U+014C
    { 11, 13, 166, 0, 13, 36, 3897 }, // U+014D
    { 14, 20, 226, 0, 20, 70, 3933 }, // U+014E
    { 11, 16, 166, 0, 16, 44, 4003 }, // U+014F
    { 15, 19, 226, 0, 19, 72, 4047 }, // U+0150
    { 13, 15, 166, 0, 15, 49, 4119 }, // U+0151
    { 21, 14, 314, 0, 14, 74, 4168 }, // U+0152
    { 15, 10, 236, 0, 10, 38, 4242 }, // U+0153
    { 14, 19, 205, -1, 19, 67, 4280 }, // U+0154
    { 9, 15, 126, 0, 15, 34, 4347 }, // U+0155
    { 14, 20, 205, -1, 14, 70, 4381 }, // U+0156
    { 10, 16, 126, -1, 10, 40, 4451 }, // U+0157
    { 14, 18, 205, -1, 18, 63, 4491 }, // U+0158
    { 10, 14, 126, 0, 14, 35, 4554 }, // U+0159
    { 12, 19, 169, -1, 19, 57, 4589 }, // U+015A
    { 10, 15, 125, -1, 15, 38, 4646 }, // U+015B
    { 12, 18, 169, -1, 18, 54, 4684 }, // U+015C
    { 10, 14, 125, -1, 14, 35, 4738 }, // U+015D
    { 12, 20, 169, -1, 14, 60, 4773 }, // U+015E
    { 9, 16, 125, -1, 10, 36, 4833 }, // U+015F
    { 13, 18, 169, -1, 18, 59, 4869 }, // U+0160
    { 11, 14, 125, -1, 14, 39, 4928 }, // U+0161
    { 13, 20, 188, 1, 14, 65, 4967 }, // U+0162
    { 8, 18, 103, 0, 12, 36, 5032 }, // U+0163
    { 13, 18, 188, 1, 18, 59, 5068 }, // U+0164
    { 10, 15, 118, 0, 15, 38, 5127 }, // U+0165
    { 13, 14, 188, 1, 14, 46, 5165 }, // U+0166
    { 8, 12, 103, 0, 12, 24, 5211 }, // U+0167
    { 15, 18, 225, 1, 18, 68, 5235 }, // U+0168
    { 11, 14, 172, 0, 14, 39, 5303 }, // U+0169
    { 15, 17, 225, 1, 17, 64, 5342 }, // U+016A
    { 11, 13, 172, 0, 13, 36, 5406 }, // U+016B
    { 15, 20, 225, 1, 20, 75, 5442 }, // U+016C
    { 11, 16, 172, 0, 16, 44, 5517 }, // U+016D
    { 15, 20, 225, 1, 20, 75, 5561 }, // U+016E
    { 11, 16, 172, 0, 16, 44, 5636 }, // U+016F
    { 15, 19, 225, 1, 19, 72, 5680 }, // U+0170
    { 13, 15, 172, 0, 15, 49, 5752 }, // U+0171
    { 15, 19, 225, 1, 14, 72, 5801 }, // U+0172
    { 11, 15, 172, 0, 10, 42, 5873 }, // U+0173
    { 19, 18, 291, 1, 18, 86, 5915 }, // U+0174
    { 15, 14, 225, 0, 14, 53, 6001 }, // U+0175
    { 14, 18, 204, 1, 18, 63, 6054 }, // U+0176
    { 13, 18, 163, -2, 14, 59, 6117 }, // U+0177
    { 14, 19, 204, 1, 19, 67, 6176 }, // U+0178
    { 14, 19, 181, -1, 19, 67, 6243 }, // U+0179
    { 11, 16, 147, -1, 15, 44, 6310 }, // U+017A
    { 14, 19, 181, -1, 19, 67, 6354 }, // U+017B
    { 11, 16, 147, -1, 15, 44, 6421 }, // U+017C
    { 14, 18, 181, -1, 18, 63, 6465 }, // U+017D
    { 11, 15, 147, -1, 14, 42, 6528 }, // U+017E
    { 13, 19, 109, -3, 15, 62, 6570 }, // U+017F
    { 17, 17, 242, 0, 17, 73, 0 }, // U+01A0
    { 13, 12, 195, 0, 12, 39, 73 }, // U+01A1
    { 17, 18, 263, 1, 18, 77, 112 }, // U+01AF
    { 14, 14, 205, 0, 14, 49, 189 }, // U+01B0
    { 27, 18, 395, -1, 18, 122, 238 }, // U+01C4
    { 25, 15, 361, -1, 14, 94, 360 }, // U+01C5
    { 21, 16, 317, 0, 15, 84, 454 }, // U+01C6
    { 23, 14, 321, -1, 14, 81, 538 }, // U+01C7
    { 18, 19, 263, -1, 15, 86, 619 }, // U+01C8
    { 12, 19, 187, 0, 15, 57, 705 }, // U+01C9
    { 26, 14, 379, -1, 14, 91, 762 }, // U+01CA
    { 22, 19, 321, -1, 15, 105, 853 }, // U+01CB
    { 17, 19, 269, 0, 15, 81, 958 }, // U+01CC
    { 15, 18, 214, -2, 18, 68, 1039 }, // U+01CD
    { 11, 14, 170, 0, 14, 39, 1107 }, // U+01CE
    { 10, 18, 107, -1, 18, 45, 1146 }, // U+01CF
    { 8, 14, 93, 0, 14, 28, 1191 }, // U+01D0
    { 14, 18, 226, 0, 18, 63, 1219 }, // U+01D1
    { 11, 14, 166, 0, 14, 39, 1282 }, // U+01D2
    { 15, 18, 225, 1, 18, 68, 1321 }, // U+01D3
    { 11, 14, 172, 0, 14, 39, 1389 }, // U+01D4
    { 15, 21, 225, 1, 21, 79, 1428 }, // U+01D5
    { 11, 18, 172, 0, 18, 50, 1507 }, // U+01D6
    { 15, 23, 225, 1, 23, 87, 1557 }, // U+01D7
    { 11, 19, 172, 0, 19, 53, 1644 }, // U+01D8
    { 15, 22, 225, 1, 22, 83, 1697 }, // U+01D9
    { 12, 19, 172, 0, 19, 57, 1780 }, // U+01DA
    { 15, 23, 225, 1, 23, 87, 1837 }, // U+01DB
    { 11, 19, 172, 0, 19, 53, 1924 }, // U+01DC
    { 9, 10, 144, 0, 10, 23, 1977 }, // U+01DD
    { 15, 21, 214, -2, 21, 79, 2000 }, // U+01DE
    { 12, 17, 170, 0, 17, 51, 2079 }, // U+01DF
    { 15, 21, 214, -2, 21, 79, 2130 }, // U+01E0
    { 12, 17, 170, 0, 17, 51, 2209 }, // U+01E1
    { 22, 17, 293, -2, 17, 94, 2260 }, // U+01E2
    { 15, 13, 236, 0, 13, 49, 2354 }, // U+01E3
    { 14, 14, 219, 0, 14, 49, 2403 }, // U+01E4
    { 12, 14, 163, -1, 10, 42, 2452 }, // U+01E5
    { 14, 18, 219, 0, 18, 63, 2494 }, // U+01E6
    { 12, 18, 146, -1, 14, 54, 2557 }, // U+01E7
    { 15, 18, 209, -1, 18, 68, 2611 }, // U+01E8
    { 11, 19, 165, 0, 19, 53, 2679 }, // U+01E9
    { 14, 19, 226, 0, 14, 67, 2732 }, // U+01EA
    { 10, 14, 166, 0, 10, 35, 2799 }, // U+01EB
    { 14, 22, 226, 0, 17, 77, 2834 }, // U+01EC
    { 11, 18, 166, 0, 14, 50, 2911 }, // U+01ED
    { 14, 22, 185, -2, 18, 77, 2961 }, // U+01EE
    { 13, 18, 155, -2, 14, 59, 3038 }, // U+01EF
    { 11, 18, 95, -3, 14, 50, 3097 }, // U+01F0
    { 27, 14, 395, -1, 14, 95, 3147 }, // U+01F1
    { 25, 15, 361, -1, 14, 94, 3242 }, // U+01F2
    { 21, 16, 317, 0, 15, 84, 3336 }, // U+01F3
    { 14, 19, 219, 0, 19, 67, 3420 }, // U+01F4
    { 12, 19, 146, -1, 15, 57, 3487 }, // U+01F5
    { 21, 14, 327, -1, 14, 74, 3544 }, // U+01F6
    { 14, 18, 186, -2, 14, 63, 3618 }, // U+01F7
    { 17, 19, 226, -1, 19, 81, 3681 }, // U+01F8
    { 11, 15, 173, 0, 15, 42, 3762 }, // U+01F9
    { 15, 24, 214, -2, 24, 90, 3804 }, // U+01FA
    { 11, 20, 170, 0, 20, 55, 3894 }, // U+01FB
    { 22, 19, 293, -2, 19, 105, 3949 }, // U+01FC
    { 15, 15, 236, 0, 15, 57, 4054 }, // U+01FD
    { 14, 21, 226, 0, 19, 74, 4111 }, // U+01FE
    { 10, 17, 166, 0, 15, 43, 4185 }, // U+01FF
    { 15, 19, 214, -2, 19, 72, 4228 }, // U+0200
    { 11, 15, 170, 0, 15, 42, 4300 }, // U+0201
    { 15, 18, 214, -2, 18, 68, 4342 }, // U+0202
    { 11, 14, 170, 0, 14, 39, 4410 }, // U+0203
    { 13, 19, 180, -1, 19, 62, 4449 }, // U+0204
    { 10, 15, 144, 0, 15, 38, 4511 }, // U+0205
    { 13, 18, 180, -1, 18, 59, 4549 }, // U+0206
    { 10, 14, 144, 0, 14, 35, 4608 }, // U+0207
    { 10, 19, 107, -1, 19, 48, 4643 }, // U+0208
    { 10, 15, 93, -2, 15, 38, 4691 }, // U+0209
    { 10, 18, 107, -1, 18, 45, 4729 }, // U+020A
    { 8, 14, 93, 0, 14, 28, 4774 }, // U+020B
    { 14, 19, 226, 0, 19, 67, 4802 }, // U+020C
    { 11, 15, 166, 0, 15, 42, 4869 }, // U+020D
    { 14, 18, 226, 0, 18, 63, 4911 }, // U+020E
    { 10, 14, 166, 0, 14, 35, 4974 }, // U+020F
    { 14, 19, 205, -1, 19, 67, 5009 }, // U+0210
    { 10, 15, 126, 0, 15, 38, 5076 }, // U+0211
    { 14, 18, 205, -1, 18, 63, 5114 }, // U+0212
    { 9, 14, 126, 0, 14, 32, 5177 }, // U+0213
    { 15, 19, 225, 1, 19, 72, 5209 }, // U+0214
    { 11, 15, 172, 0, 15, 42, 5281 }, // U+0215
    { 15, 18, 225, 1, 18, 68, 5323 }, // U+0216
    { 11, 14, 172, 0, 14, 39, 5391 }, // U+0217
    { 12, 20, 169, -1, 14, 60, 5430 }, // U+0218
    { 9, 16, 125, -1, 10, 36, 5490 }, // U+0219
    { 13, 20, 188, 1, 14, 65, 5526 }, // U+021A
    { 8, 18, 103, 0, 12, 36, 5591 }, // U+021B
    { 12, 18, 168, -1, 14, 54, 5627 }, // U+021C
    { 9, 14, 128, -1, 10, 32, 5681 }, // U+021D
    { 17, 18, 230, -1, 18, 77, 5713 }, // U+021E
    { 12, 19, 169, 0, 19, 57, 5790 }, // U+021F
    { 6, 4, 0, -7, 15, 6, 0 }, // U+0300
    { 6, 4, 0, -6, 15, 6, 6 }, // U+0301
    { 8, 3, 0, -8, 14, 6, 12 }, // U+0302
    { 8, 3, 0, -8, 14, 6, 18 }, // U+0303
    { 8, 2, 0, -8, 13, 4, 24 }, // U+0304
    { 14, 2, 0, -10, 16, 7, 28 }, // U+0305
    { 7, 5, 0, -7, 16, 9, 35 }, // U+0306
    { 4, 3, 0, -6, 15, 3, 44 }, // U+0307
    { 7, 3, 0, -7, 15, 6, 47 }, // U+0308
    { 5, 5, 0, -6, 16, 7, 53 }, // U+0309
    { 6, 6, 0, -6, 16, 9, 60 }, // U+030A
    { 10, 4, 0, -8, 15, 10, 69 }, // U+030B
    { 7, 3, 0, -7, 14, 6, 79 }, // U+030C
    { 3, 4, 0, -5, 15, 3, 85 }, // U+030D
    { 5, 4, 0, -6, 15, 5, 88 }, // U+030E
    { 10, 4, 0, -10, 15, 10, 93 }, // U+030F
    { 7, 6, 0, -7, 17, 11, 103 }, // U+0310
    { 7, 3, 0, -8, 14, 6, 114 }, // U+0311
    { 4, 5, 0, -6, 16, 5, 120 }, // U+0312
    { 4, 6, 0, -6, 16, 6, 125 }, // U+0313
    { 4, 7, 0, -6, 17, 7, 131 }, // U+0314
    { 4, 6, 46, 1, 18, 6, 138 }, // U+0315
    { 6, 4, 0, -10, -1, 6, 144 }, // U+0316
    { 6, 4, 0, -10, -1, 6, 150 }, // U+0317
    { 4, 5, 0, -9, -1, 5, 156 }, // U+0318
    { 4, 5, 0, -9, -1, 5, 161 }, // U+0319
    { 5, 5, 83, 1, 14, 7, 166 }, // U+031A
    { 5, 7, 35, -2, 14, 9, 173 }, // U+031B
    { 4, 5, 0, -9, -2, 5, 182 }, // U+031C
    { 5, 4, 0, -9, -1, 5, 187 }, // U+031D
    { 5, 3, 0, -9, -2, 4, 192 }, // U+031E
    { 5, 5, 0, -9, -1, 7, 196 }, // U+031F
    { 5, 2, 0, -9, -2, 3, 203 }, // U+0320
    { 7, 5, 0, -7, 0, 9, 206 }, // U+0321
    { 6, 6, 0, -2, 1, 9, 215 }, // U+0322
    { 4, 3, 0, -9, -2, 3, 224 }, // U+0323
    { 8, 3, 0, -11, -1, 6, 227 }, // U+0324
    { 6, 6, 0, -10, -1, 9, 233 }, // U+0325
    { 4, 6, 0, -9, 0, 6, 242 }, // U+0326
    { 5, 6, 0, -9, 0, 8, 248 }, // U+0327
    { 5, 5, 0, -9, 0, 7, 256 }, // U+0328
    { 3, 4, 0, -8, -1, 3, 263 }, // U+0329
    { 6, 4, 0, -10, -1, 6, 266 }, // U+032A
    { 7, 5, 0, -10, -1, 9, 272 }, // U+032B
    { 7, 3, 0, -10, -2, 6, 281 }, // U+032C
    { 8, 4, 0, -11, -1, 8, 287 }, // U+032D
    { 7, 5, 0, -10, 0, 9, 295 }, // U+032E
    { 7, 3, 0, -11, -1, 6, 304 }, // U+032F
    { 8, 3, 0, -11, -2, 6, 310 }, // U+0330
    { 7, 2, 0, -10, -2, 4, 316 }, // U+0331
    { 14, 2, 0, -14, -2, 7, 320 }, // U+0332
    { 14, 5, 0, -14, -2, 18, 327 }, // U+0333
    { 8, 3, 0, -9, 6, 6, 345 }, // U+0334
    { 7, 2, 0, -9, 6, 4, 351 }, // U+0335
    { 12, 2, 0, -11, 6, 6, 355 }, // U+0336
    { 9, 13, 0, -10, 11, 30, 361 }, // U+0337
    { 11, 17, 0, -11, 13, 47, 391 }, // U+0338
    { 4, 5, 0, -9, -2, 5, 438 }, // U+0339
    { 6, 4, 0, -10, -1, 6, 443 }, // U+033A
    { 8, 5, 0, -11, -2, 10, 449 }, // U+033B
    { 8, 3, 0, -11, -2, 6, 459 }, // U+033C
    { 7, 4, 0, -7, 15, 7, 465 }, // U+033D
    { 5, 7, 0, -6, 17, 9, 472 }, // U+033E
    { 15, 5, 0, -11, 16, 19, 481 }, // U+033F
    { 6, 4, 0, -7, 14, 6, 500 }, // U+0346
    { 10, 5, 0, -12, -2, 13, 506 }, // U+0347
    { 6, 4, 0, -10, -1, 6, 519 }, // U+0348
    { 5, 5, 0, -9, 0, 7, 525 }, // U+0349
    { 9, 5, 0, -8, 15, 12, 532 }, // U+034A
    { 9, 6, 0, -8, 17, 14, 544 }, // U+034B
    { 10, 6, 0, -9, 16, 15, 558 }, // U+034C
    { 7, 3, 0, -10, 0, 6, 573 }, // U+034D
    { 4, 5, 0, -9, -1, 5, 579 }, // U+034E
    { 0, 0, 0, 0, 0, 0, 584 }, // U+034F
    { 9, 7, 0, -8, 18, 16, 584 }, // U+0350
    { 4, 5, 0, -5, 15, 5, 600 }, // U+0351
    { 7, 5, 0, -7, 16, 9, 605 }, // U+0352
    { 5, 5, 0, -9, -1, 7, 614 }, // U+0353
    { 9, 7, 0, -12, -1, 16, 621 }, // U+0354
    { 9, 7, 0, -11, 0, 16, 637 }, // U+0355
    { 17, 9, 0, -15, 1, 39, 653 }, // U+0356
    { 4, 5, 0, -6, 15, 5, 692 }, // U+0357
    { 3, 3, 48, 1, 15, 3, 697 }, // U+0358
    { 6, 7, 0, -10, 0, 11, 700 }, // U+0359
    { 10, 6, 0, -12, -1, 15, 711 }, // U+035A
    { 4, 4, 0, -6, 15, 4, 726 }, // U+035B
    { 16, 4, 0, -10, -5, 16, 730 }, // U+035C
    { 15, 4, 0, -5, 18, 15, 746 }, // U+035D
    { 14, 2, 0, -5, 18, 7, 761 }, // U+035E
    { 14, 2, 0, -9, -7, 7, 768 }, // U+035F
    { 18, 5, 0, -7, 21, 23, 775 }, // U+0360
    { 16, 4, 0, -6, 19, 16, 798 }, // U+0361
    { 18, 7, 0, -11, -4, 32, 814 }, // U+0362
    { 7, 7, 0, -7, 17, 13, 846 }, // U+0363
    { 6, 7, 0, -7, 17, 11, 859 }, // U+0364
    { 5, 9, 0, -6, 20, 12, 870 }, // U+0365
    { 7, 7, 0, -7, 17, 13, 882 }, // U+0366
    { 7, 7, 0, -7, 18, 13, 895 }, // U+0367
    { 6, 7, 0, -7, 18, 11, 908 }, // U+0368
    { 8, 10, 0, -8, 20, 20, 919 }, // U+0369
    { 7, 9, 0, -7, 20, 16, 939 }, // U+036A
    { 10, 7, 0, -9, 17, 18, 955 }, // U+036B
    { 6, 6, 0, -6, 17, 9, 973 }, // U+036C
    { 5, 8, 0, -6, 18, 10, 982 }, // U+036D
    { 7, 6, 0, -7, 17, 11, 992 }, // U+036E
    { 8, 7, 0, -8, 18, 14, 1003 }, // U+036F
    { 13, 14, 188, -1, 14, 46, 0 }, // U+03BB
    { 13, 19, 180, -1, 19, 62, 0 }, // U+0400
    { 13, 19, 180, -1, 19, 62, 62 }, // U+0401
    { 14, 13, 225, 0, 13, 46, 124 }, // U+0402
    { 13, 19, 170, -1, 19, 62, 170 }, // U+0403
    { 14, 13, 201, 0, 13, 46, 232 }, // U+0404
    { 12, 13, 169, -1, 13, 39, 278 }, // U+0405
    { 9, 14, 107, -1, 14, 32, 317 }, // U+0406
    { 10, 19, 107, -1, 19, 48, 349 }, // U+0407
    { 12, 14, 153, -1, 14, 42, 397 }, // U+0408
    { 20, 13, 286, -2, 13, 65, 439 }, // U+0409
    { 19, 13, 289, -1, 13, 62, 504 }, // U+040A
    { 14, 13, 226, 0, 13, 46, 566 }, // U+040B
    { 16, 19, 203, -1, 19, 76, 612 }, // U+040C
    { 17, 19, 225, -1, 19, 81, 688 }, // U+040D
    { 15, 18, 218, 1, 18, 68, 769 }, // U+040E
    { 17, 17, 229, -1, 13, 73, 837 }, // U+040F
    { 15, 13, 214, -2, 13, 49, 910 }, // U+0410
    { 13, 13, 190, -1, 13, 43, 959 }, // U+0411
    { 13, 13, 195, -1, 13, 43, 1002 }, // U+0412
    { 13, 13, 170, -1, 13, 43, 1045 }, // U+0413
    { 17, 17, 222, -2, 13, 73, 1088 }, // U+0414
    { 13, 13, 180, -1, 13, 43, 1161 }, // U+0415
    { 21, 13, 289, -1, 13, 69, 1204 }, // U+0416
    { 12, 13, 169, -1, 13, 39, 1273 }, // U+0417
    { 17, 13, 225, -1, 13, 56, 1312 }, // U+0418
    { 17, 18, 225, -1, 18, 77, 1368 }, // U+0419
    { 16, 13, 203, -1, 13, 52, 1445 }, // U+041A
    { 16, 13, 219, -1, 13, 52, 1497 }, // U+041B
    { 19, 13, 271, -1, 13, 62, 1549 }, // U+041C
    { 17, 13, 230, -1, 13, 56, 1611 }, // U+041D
    { 14, 13, 226, 0, 13, 46, 1667 }, // U+041E
    { 17, 13, 229, -1, 13, 56, 1713 }, // U+041F
    { 13, 13, 182, -1, 13, 43, 1769 }, // U+0420
    { 14, 13, 202, 0, 13, 46, 1812 }, // U+0421
    { 13, 13, 188, 1, 13, 43, 1858 }, // U+0422
    { 15, 13, 218, 1, 13, 49, 1901 }, // U+0423
    { 16, 13, 257, 0, 13, 52, 1950 }, // U+0424
    { 15, 13, 202, -1, 13, 49, 2002 }, // U+0425
    { 17, 17, 229, -1, 13, 73, 2051 }, // U+0426
    { 13, 13, 202, 1, 13, 43, 2124 }, // U+0427
    { 21, 13, 302, -1, 13, 69, 2167 }, // U+0428
    { 21, 17, 302, -1, 13, 90, 2236 }, // U+0429
    { 13, 13, 212, 0, 13, 43, 2326 }, // U+042A
    { 20, 13, 274, -1, 13, 65, 2369 }, // U+042B
    { 12, 13, 182, -1, 13, 39, 2434 }, // U+042C
    { 13, 13, 201, 0, 13, 43, 2473 }, // U+042D
    { 21, 13, 306, -1, 13, 69, 2516 }, // U+042E
    { 16, 13, 211, -1, 13, 52, 2585 }, // U+042F
    { 11, 10, 170, 0, 10, 28, 2637 }, // U+0430
    { 12, 14, 169, 0, 14, 42, 2665 }, // U+0431
    { 11, 10, 165, 0, 10, 28, 2707 }, // U+0432
    { 9, 10, 140, 0, 10, 23, 2735 }, // U+0433
    { 10, 15, 161, 0, 15, 38, 2758 }, // U+0434
    { 9, 10, 144, 0, 10, 23, 2796 }, // U+0435
    { 18, 10, 287, 0, 10, 45, 2819 }, // U+0436
    { 10, 10, 144, -1, 10, 25, 2864 }, // U+0437
    { 11, 10, 172, 0, 10, 28, 2889 }, // U+0438
    { 11, 14, 172, 0, 14, 39, 2917 }, // U+0439
    { 11, 10, 162, 0, 10, 28, 2956 }, // U+043A
    { 14, 10, 186, -2, 10, 35, 2984 }, // U+043B
    { 17, 9, 221, -2, 9, 39, 3019 }, // U+043C
    { 11, 10, 173, 0, 10, 28, 3058 }, // U+043D
    { 10, 10, 166, 0, 10, 25, 3086 }, // U+043E
    { 11, 10, 173, 0, 10, 28, 3111 }, // U+043F
    { 12, 14, 162, -2, 10, 42, 3139 }, // U+0440
    { 9, 10, 144, 0, 10, 23, 3181 }, // U+0441
    { 16, 10, 248, 0, 10, 40, 3204 }, // U+0442
    { 13, 14, 163, -2, 10, 46, 3244 }, // U+0443
    { 15, 20, 231, 0, 15, 75, 3290 }, // U+0444
    { 13, 10, 173, -1, 10, 33, 3365 }, // U+0445
    { 11, 14, 172, 0, 10, 39, 3398 }, // U+0446
    { 10, 10, 150, 0, 10, 25, 3437 }, // U+0447
    { 16, 10, 245, 0, 10, 40, 3462 }, // U+0448
    { 16, 14, 245, 0, 10, 56, 3502 }, // U+0449
    { 11, 10, 169, 0, 10, 28, 3558 }, // U+044A
    { 14, 10, 211, 0, 10, 35, 3586 }, // U+044B
    { 9, 10, 142, 0, 10, 23, 3621 }, // U+044C
    { 10, 10, 149, -1, 10, 25, 3644 }, // U+044D
    { 16, 10, 234, -1, 10, 40, 3669 }, // U+044E
    { 12, 10, 155, -2, 10, 30, 3709 }, // U+044F
    { 9, 15, 144, 0, 15, 34, 3739 }, // U+0450
    { 10, 15, 144, 0, 15, 38, 3773 }, // U+0451
    { 11, 18, 177, 0, 14, 50, 3811 }, // U+0452
    { 9, 15, 140, 0, 15, 34, 3861 }, // U+0453
    { 10, 10, 149, 0, 10, 25, 3895 }, // U+0454
    { 9, 10, 125, -1, 10, 23, 3920 }, // U+0455
    { 6, 15, 93, 0, 15, 23, 3943 }, // U+0456
    { 8, 15, 93, 0, 15, 30, 3966 }, // U+0457
    { 9, 19, 95, -3, 15, 43, 3996 }, // U+0458
    { 15, 10, 212, -2, 10, 38, 4039 }, // U+0459
    { 14, 10, 222, 0, 10, 35, 4077 }, // U+045A
    { 11, 15, 169, 0, 15, 42, 4112 }, // U+045B
    { 11, 15, 162, 0, 15, 42, 4154 }, // U+045C
    { 11, 15, 172, 0, 15, 42, 4196 }, // U+045D
    { 13, 18, 163, -2, 14, 59, 4238 }, // U+045E
    { 11, 14, 172, 0, 10, 39, 4297 }, // U+045F
    { 13, 13, 215, 0, 13, 43, 4336 }, // U+0462
    { 14, 10, 215, 0, 10, 35, 4379 }, // U+0463
    { 15, 13, 230, 0, 13, 49, 4414 }, // U+0472
    { 11, 10, 175, 0, 10, 28, 4463 }, // U+0473
    { 16, 14, 220, 1, 14, 56, 4491 }, // U+0474
    { 13, 10, 180, 0, 10, 33, 4547 }, // U+0475
    { 17, 21, 225, -1, 18, 90, 4580 }, // U+048A
    { 11, 17, 172, 0, 14, 47, 4670 }, // U+048B
    { 12, 15, 182, -1, 15, 45, 4717 }, // U+048C
    { 9, 11, 142, 0, 11, 25, 4762 }, // U+048D
    { 13, 13, 167, -1, 13, 43, 4787 }, // U+048E
    { 12, 14, 162, -2, 10, 42, 4830 }, // U+048F
    { 13, 16, 155, -1, 16, 52, 4872 }, // U+0490
    { 9, 11, 120, 0, 11, 25, 4924 }, // U+0491
    { 13, 13, 170, -1, 13, 43, 4949 }, // U+0492
    { 9, 10, 140, 0, 10, 23, 4992 }, // U+0493
    { 13, 17, 193, -1, 13, 56, 5015 }, // U+0494
    { 10, 14, 150, 0, 9, 35, 5071 }, // U+0495
    { 21, 17, 289, -1, 13, 90, 5106 }, // U+0496
    { 18, 15, 287, 0, 11, 68, 5196 }, // U+0497
    { 12, 18, 169, -1, 13, 54, 5264 }, // U+0498
    { 10, 15, 144, -1, 10, 38, 5318 }, // U+0499
    { 16, 17, 203, -1, 13, 68, 5356 }, // U+049A
    { 11, 14, 162, 0, 10, 39, 5424 }, // U+049B
    { 16, 13, 218, -1, 13, 52, 5463 }, // U+049C
    { 12, 10, 175, 0, 10, 30, 5515 }, // U+049D
    { 16, 13, 203, -1, 13, 52, 5545 }, // U+049E
    { 11, 15, 162, 0, 15, 42, 5597 }, // U+049F
    { 16, 13, 237, 1, 13, 52, 5639 }, // U+04A0
    { 13, 10, 191, 0, 10, 33, 5691 }, // U+04A1
    { 17, 17, 230, -1, 13, 73, 5724 }, // U+04A2
    { 11, 14, 173, 0, 10, 39, 5797 }, // U+04A3
    { 19, 13, 265, -1, 13, 62, 5836 }, // U+04A4
    { 14, 10, 208, 0, 10, 35, 5898 }, // U+04A5
    { 19, 17, 293, -1, 13, 81, 5933 }, // U+04A6
    { 15, 15, 242, 0, 10, 57, 6014 }, // U+04A7
    { 16, 14, 231, 0, 14, 56, 6071 }, // U+04A8
    { 12, 10, 198, 0, 10, 30, 6127 }, // U+04A9
    { 14, 18, 202, 0, 13, 63, 6157 }, // U+04AA
    { 9, 15, 144, 0, 10, 34, 6220 }, // U+04AB
    { 13, 17, 188, 1, 13, 56, 6254 }, // U+04AC
    { 16, 14, 248, 0, 10, 56, 6310 }, // U+04AD
    { 14, 13, 204, 1, 13, 46, 6366 }, // U+04AE
    { 11, 14, 163, 0, 10, 39, 6412 }, // U+04AF
    { 14, 13, 204, 1, 13, 46, 6451 }, // U+04B0
    { 11, 15, 163, 0, 10, 42, 6497 }, // U+04B1
    { 15, 17, 202, -1, 13, 64, 6539 }, // U+04B2
    { 13, 14, 173, -1, 10, 46, 6603 }, // U+04B3
    { 18, 17, 273, 1, 13, 77, 6649 }, // U+04B4
    { 11, 17, 172, 0, 13, 47, 6726 }, // U+04B5
    { 13, 17, 202, 1, 13, 56, 6773 }, // U+04B6
    { 10, 14, 150, 0, 10, 35, 6829 }, // U+04B7
    { 13, 13, 205, 1, 13, 43, 6864 }, // U+04B8
    { 11, 10, 165, 0, 10, 28, 6907 }, // U+04B9
    { 13, 13, 200, -1, 13, 43, 6935 }, // U+04BA
    { 11, 15, 169, 0, 15, 42, 6978 }, // U+04BB
    { 16, 13, 247, 0, 13, 52, 7020 }, // U+04BC
    { 12, 10, 185, 0, 10, 30, 7072 }, // U+04BD
    { 16, 17, 247, 0, 13, 68, 7102 }, // U+04BE
    { 12, 14, 185, 0, 10, 42, 7170 }, // U+04BF
    { 9, 14, 107, -1, 14, 32, 7212 }, // U+04C0
    { 21, 18, 289, -1, 18, 95, 7244 }, // U+04C1
    { 18, 14, 287, 0, 14, 63, 7339 }, // U+04C2
    { 16, 18, 203, -1, 13, 72, 7402 }, // U+04C3
    { 11, 15, 162, 0, 10, 42, 7474 }, // U+04C4
    { 16, 16, 219, -1, 13, 64, 7516 }, // U+04C5
    { 14, 13, 186, -2, 10, 46, 7580 }, // U+04C6
    { 17, 18, 230, -1, 13, 77, 7626 }, // U+04C7
    { 11, 15, 170, 0, 10, 42, 7703 }, // U+04C8
    { 17, 16, 216, -1, 13, 68, 7745 }, // U+04C9
    { 11, 13, 173, 0, 10, 36, 7813 }, // U+04CA
    { 13, 17, 202, 1, 13, 56, 7849 }, // U+04CB
    { 9, 13, 150, 0, 10, 30, 7905 }, // U+04CC
    { 19, 16, 267, -1, 13, 76, 7935 }, // U+04CD
    { 17, 12, 221, -2, 9, 51, 8011 }, // U+04CE
    { 9, 14, 101, -1, 14, 32, 8062 }, // U+04CF
    { 15, 18, 214, -2, 18, 68, 8094 }, // U+04D0
    { 11, 14, 170, 0, 14, 39, 8162 }, // U+04D1
    { 15, 19, 214, -2, 19, 72, 8201 }, // U+04D2
    { 11, 15, 170, 0, 15, 42, 8273 }, // U+04D3
    { 22, 14, 293, -2, 14, 77, 8315 }, // U+04D4
    { 15, 10, 236, 0, 10, 38, 8392 }, // U+04D5
    { 13, 18, 180, -1, 18, 59, 8430 }, // U+04D6
    { 10, 14, 144, 0, 14, 35, 8489 }, // U+04D7
    { 13, 13, 204, 0, 13, 43, 8524 }, // U+04D8
    { 9, 10, 144, 0, 10, 23, 8567 }, // U+04D9
    { 13, 19, 204, 0, 19, 62, 8590 }, // U+04DA
    { 9, 15, 144, 0, 15, 34, 8652 }, // U+04DB
    { 21, 19, 289, -1, 19, 100, 8686 }, // U+04DC
    { 18, 15, 287, 0, 15, 68, 8786 }, // U+04DD
    { 12, 19, 169, -1, 19, 57, 8854 }, // U+04DE
    { 11, 15, 144, -1, 15, 42, 8911 }, // U+04DF
    { 13, 13, 185, 0, 13, 43, 8953 }, // U+04E0
    { 13, 15, 155, -2, 11, 49, 8996 }, // U+04E1
    { 17, 17, 225, -1, 17, 73, 9045 }, // U+04E2
    { 11, 13, 172, 0, 13, 36, 9118 }, // U+04E3
    { 17, 19, 225, -1, 19, 81, 9154 }, // U+04E4
    { 11, 15, 172, 0, 15, 42, 9235 }, // U+04E5
    { 14, 19, 226, 0, 19, 67, 9277 }, // U+04E6
    { 11, 15, 166, 0, 15, 42, 9344 }, // U+04E7
    { 14, 14, 226, 0, 14, 49, 9386 }, // U+04E8
    { 10, 10, 166, 0, 10, 25, 9435 }, // U+04E9
    { 14, 19, 226, 0, 19, 67, 9460 }, // U+04EA
    { 11, 15, 166, 0, 15, 42, 9527 }, // U+04EB
    { 13, 19, 201, 0, 19, 62, 9569 }, // U+04EC
    { 11, 15, 149, -1, 15, 42, 9631 }, // U+04ED
    { 15, 17, 218, 1, 17, 64, 9673 }, // U+04EE
    { 13, 17, 163, -2, 13, 56, 9737 }, // U+04EF
    { 15, 19, 218, 1, 19, 72, 9793 }, // U+04F0
    { 13, 19, 163, -2, 15, 62, 9865 }, // U+04F1
    { 15, 19, 218, 1, 19, 72, 9927 }, // U+04F2
    { 15, 19, 163, -2, 15, 72, 9999 }, // U+04F3
    { 13, 19, 202, 1, 19, 62, 10071 }, // U+04F4
    { 10, 15, 150, 0, 15, 38, 10133 }, // U+04F5
    { 13, 17, 170, -1, 13, 56, 10171 }, // U+04F6
    { 9, 14, 140, 0, 10, 32, 10227 }, // U+04F7
    { 20, 19, 274, -1, 19, 95, 10259 }, // U+04F8
    { 14, 15, 211, 0, 15, 53, 10354 }, // U+04F9
    { 13, 18, 170, -1, 13, 59, 10407 }, // U+04FA
    { 9, 14, 140, 0, 10, 32, 10466 }, // U+04FB
    { 15, 18, 202, -1, 13, 68, 10498 }, // U+04FC
    { 13, 15, 173, -1, 10, 49, 10566 }, // U+04FD
    { 15, 13, 202, -1, 13, 49, 10615 }, // U+04FE
    { 13, 10, 173, -1, 10, 33, 10664 }, // U+04FF
    { 15, 19, 214, -2, 14, 72, 0 }, // U+1EA0
    { 11, 15, 170, 0, 10, 42, 72 }, // U+1EA1
    { 15, 20, 214, -2, 20, 75, 114 }, // U+1EA2
    { 11, 16, 170, 0, 16, 44, 189 }, // U+1EA3
    { 15, 22, 214, -2, 22, 83, 233 }, // U+1EA4
    { 11, 19, 170, 0, 19, 53, 316 }, // U+1EA5
    { 15, 22, 214, -2, 22, 83, 369 }, // U+1EA6
    { 11, 19, 170, 0, 19, 53, 452 }, // U+1EA7
    { 15, 24, 214, -2, 24, 90, 505 }, // U+1EA8
    { 11, 20, 170, 0, 20, 55, 595 }, // U+1EA9
    { 15, 22, 214, -2, 22, 83, 650 }, // U+1EAA
    { 12, 18, 170, 0, 18, 54, 733 }, // U+1EAB
    { 15, 23, 214, -2, 18, 87, 787 }, // U+1EAC
    { 11, 19, 170, 0, 14, 53, 874 }, // U+1EAD
    { 15, 22, 214, -2, 22, 83, 927 }, // U+1EAE
    { 11, 19, 170, 0, 19, 53, 1010 }, // U+1EAF
    { 15, 22, 214, -2, 22, 83, 1063 }, // U+1EB0
    { 11, 19, 170, 0, 19, 53, 1146 }, // U+1EB1
    { 15, 24, 214, -2, 24, 90, 1199 }, // U+1EB2
    { 11, 20, 170, 0, 20, 55, 1289 }, // U+1EB3
    { 15, 22, 214, -2, 22, 83, 1344 }, // U+1EB4
    { 12, 18, 170, 0, 18, 54, 1427 }, // U+1EB5
    { 15, 25, 214, -2, 20, 94, 1481 }, // U+1EB6
    { 11, 21, 170, 0, 16, 58, 1575 }, // U+1EB7
    { 13, 19, 180, -1, 14, 62, 1633 }, // U+1EB8
    { 9, 15, 144, 0, 10, 34, 1695 }, // U+1EB9
    { 13, 20, 180, -1, 20, 65, 1729 }, // U+1EBA
    { 9, 16, 144, 0, 16, 36, 1794 }, // U+1EBB
    { 13, 18, 180, -1, 18, 59, 1830 }, // U+1EBC
    { 10, 14, 144, 0, 14, 35, 1889 }, // U+1EBD
    { 13, 22, 180, -1, 22, 72, 1924 }, // U+1EBE
    { 10, 19, 144, 0, 19, 48, 1996 }, // U+1EBF
    { 13, 22, 180, -1, 22, 72, 2044 }, // U+1EC0
    { 10, 19, 144, 0, 19, 48, 2116 }, // U+1EC1
    { 13, 24, 180, -1, 24, 78, 2164 }, // U+1EC2
    { 10, 20, 144, 0, 20, 50, 2242 }, // U+1EC3
    { 13, 22, 180, -1, 22, 72, 2292 }, // U+1EC4
    { 11, 18, 144, 0, 18, 50, 2364 }, // U+1EC5
    { 13, 23, 180, -1, 18, 75, 2414 }, // U+1EC6
    { 10, 19, 144, 0, 14, 48, 2489 }, // U+1EC7
    { 9, 20, 107, -1, 20, 45, 2537 }, // U+1EC8
    { 7, 16, 93, 0, 16, 28, 2582 }, // U+1EC9
    { 9, 19, 107, -1, 14, 43, 2610 }, // U+1ECA
    { 6, 20, 93, 0, 15, 30, 2653 }, // U+1ECB
    { 14, 19, 226, 0, 14, 67, 2683 }, // U+1ECC
    { 10, 15, 166, 0, 10, 38, 2750 }, // U+1ECD
    { 14, 20, 226, 0, 20, 70, 2788 }, // U+1ECE
    { 10, 16, 166, 0, 16, 40, 2858 }, // U+1ECF
    { 14, 22, 226, 0, 22, 77, 2898 }, // U+1ED0
    { 11, 19, 166, 0, 19, 53, 2975 }, // U+1ED1
    { 14, 22, 226, 0, 22, 77, 3028 }, // U+1ED2
    { 10, 19, 166, 0, 19, 48, 3105 }, // U+1ED3
    { 14, 24, 226, 0, 24, 84, 3153 }, // U+1ED4
    { 10, 20, 166, 0, 20, 50, 3237 }, // U+1ED5
    { 14, 22, 226, 0, 22, 77, 3287 }, // U+1ED6
    { 11, 18, 166, 0, 18, 50, 3364 }, // U+1ED7
    { 14, 23, 226, 0, 18, 81, 3414 }, // U+1ED8
    { 10, 19, 166, 0, 14, 48, 3495 }, // U+1ED9
    { 17, 19, 242, 0, 19, 81, 3543 }, // U+1EDA
    { 13, 15, 195, 0, 15, 49, 3624 }, // U+1EDB
    { 17, 19, 242, 0, 19, 81, 3673 }, // U+1EDC
    { 13, 15, 195, 0, 15, 49, 3754 }, // U+1EDD
    { 17, 20, 242, 0, 20, 85, 3803 }, // U+1EDE
    { 13, 16, 195, 0, 16, 52, 3888 }, // U+1EDF
    { 17, 18, 242, 0, 18, 77, 3940 }, // U+1EE0
    { 13, 14, 195, 0, 14, 46, 4017 }, // U+1EE1
    { 17, 22, 242, 0, 17, 94, 4063 }, // U+1EE2
    { 13, 17, 195, 0, 12, 56, 4157 }, // U+1EE3
    { 15, 19, 225, 1, 14, 72, 4213 }, // U+1EE4
    { 11, 15, 172, 0, 10, 42, 4285 }, // U+1EE5
    { 15, 20, 225, 1, 20, 75, 4327 }, // U+1EE6
    { 11, 16, 172, 0, 16, 44, 4402 }, // U+1EE7
    { 17, 19, 263, 1, 19, 81, 4446 }, // U+1EE8
    { 14, 15, 205, 0, 15, 53, 4527 }, // U+1EE9
    { 17, 19, 263, 1, 19, 81, 4580 }, // U+1EEA
    { 14, 15, 205, 0, 15, 53, 4661 }, // U+1EEB
    { 17, 20, 263, 1, 20, 85, 4714 }, // U+1EEC
    { 14, 16, 205, 0, 16, 56, 4799 }, // U+1EED
    { 17, 18, 263, 1, 18, 77, 4855 }, // U+1EEE
    { 14, 14, 205, 0, 14, 49, 4932 }, // U+1EEF
    { 17, 23, 263, 1, 18, 98, 4981 }, // U+1EF0
    { 14, 19, 205, 0, 14, 67, 5079 }, // U+1EF1
    { 14, 19, 204, 1, 19, 67, 5146 }, // U+1EF2
    { 13, 19, 163, -2, 15, 62, 5213 }, // U+1EF3
    { 14, 19, 204, 1, 14, 67, 5275 }, // U+1EF4
    { 13, 15, 163, -2, 10, 49, 5342 }, // U+1EF5
    { 14, 20, 204, 1, 20, 70, 5391 }, // U+1EF6
    { 13, 20, 163, -2, 16, 65, 5461 }, // U+1EF7
    { 14, 18, 204, 1, 18, 63, 5526 }, // U+1EF8
    { 13, 18, 163, -2, 14, 59, 5589 }, // U+1EF9
    { 0, 0, 150, 0, 0, 0, 0 }, // U+2000
    { 0, 0, 300, 0, 0, 0, 0 }, // U+2001
    { 0, 0, 150, 0, 0, 0, 0 }, // U+2002
    { 0, 0, 300, 0, 0, 0, 0 }, // U+2003
    { 0, 0, 96, 0, 0, 0, 0 }, // U+2004
    { 0, 0, 72, 0, 0, 0, 0 }, // U+2005
    { 0, 0, 48, 0, 0, 0, 0 }, // U+2006
    { 0, 0, 179, 0, 0, 0, 0 }, // U+2007
    { 0, 0, 95, 0, 0, 0, 0 }, // U+2008
    { 0, 0, 60, 0, 0, 0, 0 }, // U+2009
    { 0, 0, 6, 0, 0, 0, 0 }, // U+200A
    { 0, 0, 0, 0, 0, 0, 0 }, // U+200B
    { 0, 0, 0, 0, 0, 0, 0 }, // U+200C
    { 0, 0, 0, 0, 0, 0, 0 }, // U+200D
    { 0, 0, 0, 0, 0, 0, 0 }, // U+200E
    { 0, 0, 0, 0, 0, 0, 0 }, // U+200F
    { 6, 3, 104, 0, 7, 5, 0 }, // U+2010
    { 6, 3, 104, 0, 7, 5, 5 }, // U+2011
    { 11, 2, 179, 0, 6, 6, 10 }, // U+2012
    { 11, 2, 150, -1, 6, 6, 16 }, // U+2013
    { 21, 2, 300, -1, 6, 11, 22 }, // U+2014
    { 20, 2, 292, -1, 6, 10, 33 }, // U+2015
    { 6, 22, 155, 2, 17, 33, 43 }, // U+2016
    { 15, 5, 205, -3, -2, 19, 76 }, // U+2017
    { 5, 7, 83, 1, 16, 9, 95 }, // U+2018
    { 5, 7, 83, 1, 15, 9, 104 }, // U+2019
    { 5, 7, 83, -1, 3, 9, 113 }, // U+201A
    { 5, 7, 82, 1, 14, 9, 122 }, // U+201B
    { 10, 7, 151, 1, 16, 18, 131 }, // U+201C
    { 10, 7, 151, 1, 15, 18, 149 }, // U+201D
    { 9, 7, 151, -1, 3, 16, 167 }, // U+201E
    { 9, 7, 151, 1, 14, 16, 183 }, // U+201F
    { 11, 19, 150, 0, 16, 53, 199 }, // U+2020
    { 12, 21, 156, -1, 16, 63, 252 }, // U+2021
    { 6, 5, 90, 0, 10, 8, 315 }, // U+2022
    { 9, 8, 144, 0, 9, 18, 323 }, // U+2023
    { 4, 3, 95, 0, 3, 3, 341 }, // U+2024
    { 10, 3, 196, 0, 3, 8, 344 }, // U+2025
    { 17, 3, 300, 0, 3, 13, 352 }, // U+2026
    { 3, 3, 56, 0, 9, 3, 365 }, // U+2027
    { 0, 0, 0, 0, 0, 0, 368 }, // U+2028
    { 0, 0, 0, 0, 0, 0, 368 }, // U+2029
    { 0, 0, 0, 0, 0, 0, 368 }, // U+202A
    { 0, 0, 0, 0, 0, 0, 368 }, // U+202B
    { 0, 0, 0, 0, 0, 0, 368 }, // U+202C
    { 0, 0, 0, 0, 0, 0, 368 }, // U+202D
    { 0, 0, 0, 0, 0, 0, 368 }, // U+202E
    { 0, 0, 60, 0, 0, 0, 368 }, // U+202F
    { 23, 14, 377, 1, 14, 81, 368 }, // U+2030
    { 30, 14, 494, 1, 14, 105, 449 }, // U+2031
    { 6, 6, 102, 1, 14, 9, 554 }, // U+2032
    { 10, 6, 163, 1, 14, 15, 563 }, // U+2033
    { 14, 6, 225, 1, 14, 21, 578 }, // U+2034
    { 6, 6, 102, 1, 14, 9, 599 }, // U+2035
    { 10, 6, 163, 1, 14, 15, 608 }, // U+2036
    { 14, 6, 225, 1, 14, 21, 623 }, // U+2037
    { 5, 3, 77, 0, 0, 4, 644 }, // U+2038
    { 6, 10, 70, 0, 10, 15, 648 }, // U+2039
    { 6, 10, 70, -1, 10, 15, 663 }, // U+203A
    { 13, 11, 229, 1, 11, 36, 678 }, // U+203B
    { 11, 14, 190, 1, 14, 39, 714 }, // U+203C
    { 8, 14, 161, 2, 14, 28, 753 }, // U+203D
    { 12, 2, 163, 1, 17, 6, 781 }, // U+203E
    { 7, 4, 95, -2, 0, 7, 787 }, // U+203F
    { 7, 3, 95, 1, 15, 6, 794 }, // U+2040
    { 8, 14, 143, 1, 10, 28, 800 }, // U+2041
    { 17, 16, 302, 1, 15, 68, 828 }, // U+2042
    { 13, 14, 155, -1, 14, 46, 896 }, // U+2044
    { 10, 14, 168, 1, 10, 35, 942 }, // U+204A
    { 13, 4, 300, 3, 8, 13, 977 }, // U+2053
    { 18, 6, 286, 1, 14, 27, 990 }, // U+2057
    { 0, 0, 0, 0, 0, 0, 1017 }, // U+2060
    { 0, 0, 0, 0, 0, 0, 1017 }, // U+2061
    { 0, 0, 0, 0, 0, 0, 1017 }, // U+2062
    { 0, 0, 0, 0, 0, 0, 1017 }, // U+2063
    { 0, 0, 0, 0, 0, 0, 1017 }, // U+2064
    { 0, 0, 0, 0, 0, 0, 1017 }, // U+2066
    { 0, 0, 0, 0, 0, 0, 1017 }, // U+2067
    { 0, 0, 0, 0, 0, 0, 1017 }, // U+2068
    { 0, 0, 0, 0, 0, 0, 1017 }, // U+2069
    { 0, 0, 0, 0, 0, 0, 1017 }, // U+206A
    { 0, 0, 0, 0, 0, 0, 1017 }, // U+206B
    { 0, 0, 0, 0, 0, 0, 1017 }, // U+206C
    { 0, 0, 0, 0, 0, 0, 1017 }, // U+206D
    { 0, 0, 0, 0, 0, 0, 1017 }, // U+206E
    { 0, 0, 0, 0, 0, 0, 1017 }, // U+206F
    { 8, 9, 117, 1, 16, 18, 0 }, // U+2070
    { 4, 9, 60, 1, 17, 9, 18 }, // U+2071
    { 8, 10, 117, 1, 17, 20, 27 }, // U+2074
    { 8, 8, 117, 1, 15, 16, 47 }, // U+2075
    { 8, 10, 117, 1, 17, 20, 63 }, // U+2076
    { 9, 9, 117, 1, 15, 21, 83 }, // U+2077
    { 8, 9, 117, 1, 16, 18, 104 }, // U+2078
    { 8, 10, 117, 1, 16, 20, 122 }, // U+2079
    { 6, 5, 79, 1, 14, 8, 142 }, // U+207A
    { 5, 1, 63, 1, 12, 2, 150 }, // U+207B
    { 6, 3, 79, 1, 13, 5, 152 }, // U+207C
    { 6, 10, 83, 1, 16, 15, 157 }, // U+207D
    { 6, 10, 83, 0, 16, 15, 172 }, // U+207E
    { 8, 6, 113, 1, 14, 12, 187 }, // U+207F
    { 8, 8, 117, -1, 4, 16, 199 }, // U+2080
    { 6, 8, 117, -1, 4, 12, 215 }, // U+2081
    { 8, 9, 117, -2, 4, 18, 227 }, // U+2082
    { 8, 8, 117, -2, 4, 16, 245 }, // U+2083
    { 8, 9, 117, -2, 4, 18, 261 }, // U+2084
    { 9, 8, 117, -2, 4, 18, 279 }, // U+2085
    { 7, 9, 117, -1, 4, 16, 297 }, // U+2086
    { 8, 8, 117, -1, 3, 16, 313 }, // U+2087
    { 8, 8, 117, -2, 4, 16, 329 }, // U+2088
    { 8, 9, 117, -1, 4, 18, 345 }, // U+2089
    { 5, 6, 79, -1, 3, 8, 363 }, // U+208A
    { 4, 2, 63, -1, 1, 2, 371 }, // U+208B
    { 5, 4, 79, -1, 2, 5, 373 }, // U+208C
    { 6, 10, 83, -1, 5, 15, 378 }, // U+208D
    { 6, 10, 83, -2, 5, 15, 393 }, // U+208E
    { 7, 6, 109, -1, 2, 11, 408 }, // U+2090
    { 6, 6, 98, -1, 2, 9, 419 }, // U+2091
    { 7, 6, 110, 0, 2, 11, 428 }, // U+2092
    { 9, 6, 115, -2, 2, 14, 439 }, // U+2093
    { 6, 6, 96, -1, 2, 9, 453 }, // U+2094
    { 7, 9, 110, -1, 5, 16, 462 }, // U+2095
    { 8, 9, 104, -2, 5, 18, 478 }, // U+2096
    { 4, 9, 59, -1, 5, 9, 496 }, // U+2097
    { 11, 6, 160, -1, 2, 17, 505 }, // U+2098
    { 7, 6, 111, -1, 2, 11, 522 }, // U+2099
    { 9, 8, 98, -3, 1, 18, 533 }, // U+209A
    { 6, 6, 79, -2, 2, 9, 551 }, // U+209B
    { 5, 8, 76, -1, 3, 10, 560 }, // U+209C
    { 11, 14, 179, 0, 14, 39, 0 }, // U+20A0
    { 12, 17, 179, 0, 15, 51, 39 }, // U+20A1
    { 12, 14, 179, 0, 14, 42, 90 }, // U+20A2
    { 13, 14, 179, -1, 14, 46, 132 }, // U+20A3
    { 13, 14, 179, -1, 14, 46, 178 }, // U+20A4
    { 12, 13, 179, 0, 12, 39, 224 }, // U+20A5
    { 13, 14, 179, -1, 14, 46, 263 }, // U+20A6
    { 23, 14, 338, -1, 14, 81, 309 }, // U+20A7
    { 20, 14, 300, -1, 14, 70, 390 }, // U+20A8
    { 13, 14, 179, -1, 14, 46, 460 }, // U+20A9
    { 10, 10, 150, 0, 10, 25, 506 }, // U+20AA
    { 13, 18, 170, 0, 15, 59, 531 }, // U+20AB
    { 13, 14, 179, -1, 14, 46, 590 }, // U+20AC
    { 13, 14, 179, -1, 14, 46, 636 }, // U+20AD
    { 11, 14, 179, 1, 14, 39, 682 }, // U+20AE
    { 14, 14, 228, 0, 11, 49, 721 }, // U+20AF
    { 7, 14, 133, 0, 14, 25, 770 }, // U+20B0
    { 13, 14, 179, 0, 14, 46, 795 }, // U+20B1
    { 12, 17, 179, 0, 15, 51, 841 }, // U+20B2
    { 13, 14, 179, -1, 14, 46, 892 }, // U+20B3
    { 12, 14, 179, 0, 14, 42, 938 }, // U+20B4
    { 12, 17, 179, 0, 15, 51, 980 }, // U+20B5
    { 11, 15, 179, 1, 15, 42, 1031 }, // U+20B6
    { 12, 14, 179, 0, 14, 42, 1073 }, // U+20B7
    { 12, 14, 179, 0, 14, 42, 1115 }, // U+20B8
    { 11, 14, 179, 1, 13, 39, 1157 }, // U+20B9
    { 11, 14, 179, 0, 14, 39, 1196 }, // U+20BA
    { 14, 15, 228, 1, 15, 53, 1235 }, // U+20BB
    { 17, 15, 267, -1, 15, 64, 1288 }, // U+20BC
    { 13, 14, 179, -1, 14, 46, 1352 }, // U+20BD
    { 13, 15, 179, -1, 15, 49, 1398 }, // U+20BE
    { 12, 18, 179, -1, 15, 54, 1447 }, // U+20BF
    { 13, 14, 179, -1, 14, 46, 1501 }, // U+20C0
    { 7, 14, 119, 0, 13, 25, 0 }, // U+2113
    { 17, 7, 300, 1, 9, 30, 0 }, // U+2190
    { 7, 17, 150, 1, 14, 30, 30 }, // U+2191
    { 17, 7, 300, 1, 9, 30, 60 }, // U+2192
    { 7, 17, 150, 1, 14, 30, 90 }, // U+2193
    { 17, 7, 300, 1, 9, 30, 120 }, // U+2194
    { 7, 17, 150, 1, 14, 30, 150 }, // U+2195
    { 13, 13, 300, 3, 12, 43, 180 }, // U+2196
    { 13, 13, 300, 3, 12, 43, 223 }, // U+2197
    { 13, 13, 300, 3, 12, 43, 266 }, // U+2198
    { 13, 13, 300, 3, 12, 43, 309 }, // U+2199
    { 17, 8, 289, 1, 9, 34, 352 }, // U+219A
    { 17, 9, 289, 1, 10, 39, 386 }, // U+219B
    { 10, 19, 150, 0, 14, 48, 425 }, // U+21A8
    { 17, 8, 300, 1, 9, 34, 473 }, // U+21AE
    { 15, 11, 243, 0, 12, 42, 507 }, // U+21B6
    { 16, 11, 243, 0, 12, 44, 549 }, // U+21B7
    { 16, 12, 243, 0, 11, 48, 593 }, // U+21BA
    { 15, 12, 243, 0, 11, 45, 641 }, // U+21BB
    { 19, 9, 296, 0, 10, 43, 686 }, // U+21D0
    { 9, 18, 150, 0, 14, 41, 729 }, // U+21D1
    { 19, 9, 296, 0, 10, 43, 770 }, // U+21D2
    { 9, 18, 150, 0, 14, 41, 813 }, // U+21D3
    { 19, 9, 300, 0, 10, 43, 854 }, // U+21D4
    { 9, 18, 150, 0, 14, 41, 897 }, // U+21D5
    { 10, 15, 155, 0, 13, 38, 0 }, // U+2202
    { 9, 13, 168, 1, 12, 30, 38 }, // U+2203
    { 9, 18, 168, 1, 15, 41, 68 }, // U+2204
    { 15, 16, 300, 2, 15, 60, 109 }, // U+2205
    { 13, 14, 192, 0, 14, 46, 169 }, // U+2206
    { 14, 13, 224, 0, 13, 46, 215 }, // U+220F
    { 13, 14, 172, -1, 14, 46, 261 }, // U+2211
    { 13, 2, 300, 3, 6, 7, 307 }, // U+2212
    { 12, 12, 289, 3, 11, 36, 314 }, // U+2213
    { 10, 16, 150, 0, 14, 40, 350 }, // U+2215
    { 3, 3, 56, 0, 9, 3, 390 }, // U+2219
    { 11, 14, 173, 0, 14, 39, 393 }, // U+221A
    { 13, 6, 300, 3, 8, 20, 432 }, // U+221E
    { 10, 11, 151, 0, 10, 28, 452 }, // U+2221
    { 6, 20, 155, 2, 15, 30, 480 }, // U+2225
    { 11, 20, 155, -1, 15, 55, 510 }, // U+2226
    { 9, 9, 174, 1, 11, 21, 565 }, // U+2227
    { 10, 9, 174, 1, 11, 23, 586 }, // U+2228
    { 9, 19, 141, 0, 15, 43, 609 }, // U+222B
    { 10, 8, 300, 4, 9, 20, 652 }, // U+2234
    { 10, 8, 300, 4, 9, 20, 672 }, // U+2235
    { 13, 4, 300, 3, 8, 13, 692 }, // U+223C
    { 13, 8, 300, 3, 10, 26, 705 }, // U+2248
    { 13, 11, 300, 3, 14, 36, 731 }, // U+225F
    { 13, 10, 300, 3, 11, 33, 767 }, // U+2260
    { 13, 7, 300, 3, 9, 23, 800 }, // U+2261
    { 13, 11, 300, 3, 11, 36, 823 }, // U+2262
    { 13, 12, 300, 3, 11, 39, 859 }, // U+2264
    { 13, 12, 300, 3, 11, 39, 898 }, // U+2265
    { 13, 14, 300, 3, 13, 46, 937 }, // U+226E
    { 13, 14, 300, 3, 13, 46, 983 }, // U+226F
    { 13, 12, 300, 3, 11, 39, 1029 }, // U+2282
    { 13, 12, 300, 3, 11, 39, 1068 }, // U+2283
    { 13, 15, 300, 3, 13, 49, 1107 }, // U+2284
    { 13, 15, 300, 3, 13, 49, 1156 }, // U+2285
    { 13, 14, 300, 3, 13, 46, 1205 }, // U+2286
    { 13, 14, 300, 3, 13, 46, 1251 }, // U+2287
    { 10, 12, 174, 1, 11, 30, 1297 }, // U+22BB
    { 10, 11, 174, 1, 12, 28, 1327 }, // U+22BC
    { 10, 11, 174, 1, 12, 28, 1355 }, // U+22BD
    { 5, 13, 93, 0, 13, 17, 0 }, // U+2669
    { 8, 13, 135, 0, 13, 26, 17 }, // U+266A
    { 12, 14, 192, 0, 13, 42, 43 }, // U+266B
    { 12, 14, 192, 0, 13, 42, 85 }, // U+266C
    { 6, 16, 117, 1, 14, 24, 127 }, // U+266D
    { 6, 12, 107, 0, 8, 18, 151 }, // U+266E
    { 6, 17, 128, 1, 14, 26, 169 }, // U+266F
    { 20, 19, 218, -3, 15, 95, 0 }, // U+FB00
    { 16, 19, 202, -3, 15, 76, 95 }, // U+FB01
    { 16, 19, 200, -3, 15, 76, 171 }, // U+FB02
    { 23, 19, 311, -3, 15, 110, 247 }, // U+FB03
    { 23, 19, 309, -3, 15, 110, 357 }, // U+FB04
    { 19, 19, 289, 0, 17, 91, 0 }, // U+FFFD
};

static const EpdUnicodeInterval charein_9_bolditalicIntervals[] = {
    { 0x0, 0x148, 0x0 },
    { 0x14A, 0x17F, 0x149 },
    { 0x1A0, 0x1A1, 0x17F },
    { 0x1AF, 0x1B0, 0x181 },
    { 0x1C4, 0x21F, 0x183 },
    { 0x300, 0x33F, 0x1DF },
    { 0x346, 0x36F, 0x21F },
    { 0x3BB, 0x3BB, 0x249 },
    { 0x400, 0x45F, 0x24A },
    { 0x462, 0x463, 0x2AA },
    { 0x472, 0x475, 0x2AC },
    { 0x48A, 0x4FF, 0x2B0 },
    { 0x1EA0, 0x1EF9, 0x326 },
    { 0x2000, 0x2042, 0x380 },
    { 0x2044, 0x2044, 0x3C3 },
    { 0x204A, 0x204A, 0x3C4 },
    { 0x2053, 0x2053, 0x3C5 },
    { 0x2057, 0x2057, 0x3C6 },
    { 0x2060, 0x2064, 0x3C7 },
    { 0x2066, 0x2071, 0x3CC },
    { 0x2074, 0x208E, 0x3D8 },
    { 0x2090, 0x209C, 0x3F3 },
    { 0x20A0, 0x20C0, 0x400 },
    { 0x2113, 0x2113, 0x421 },
    { 0x2190, 0x219B, 0x422 },
    { 0x21A8, 0x21A8, 0x42E },
    { 0x21AE, 0x21AE, 0x42F },
    { 0x21B6, 0x21B7, 0x430 },
    { 0x21BA, 0x21BB, 0x432 },
    { 0x21D0, 0x21D5, 0x434 },
    { 0x2202, 0x2206, 0x43A },
    { 0x220F, 0x220F, 0x43F },
    { 0x2211, 0x2213, 0x440 },
    { 0x2215, 0x2215, 0x443 },
    { 0x2219, 0x221A, 0x444 },
    { 0x221E, 0x221E, 0x446 },
    { 0x2221, 0x2221, 0x447 },
    { 0x2225, 0x2228, 0x448 },
    { 0x222B, 0x222B, 0x44C },
    { 0x2234, 0x2235, 0x44D },
    { 0x223C, 0x223C, 0x44F },
    { 0x2248, 0x2248, 0x450 },
    { 0x225F, 0x2262, 0x451 },
    { 0x2264, 0x2265, 0x455 },
    { 0x226E, 0x226F, 0x457 },
    { 0x2282, 0x2287, 0x459 },
    { 0x22BB, 0x22BD, 0x45F },
    { 0x2669, 0x266F, 0x462 },
    { 0xFB00, 0xFB04, 0x469 },
    { 0xFFFD, 0xFFFD, 0x46E },
};

static const EpdFontGroup charein_9_bolditalicGroups[] = {
    { 0, 2254, 3978, 128, 0 },
    { 2254, 1895, 4704, 128, 128 },
    { 4149, 2465, 7494, 127, 256 },
    { 6614, 2504, 6454, 96, 383 },
    { 9118, 784, 1191, 106, 479 },
    { 9902, 52, 56, 1, 585 },
    { 9954, 4586, 12004, 220, 586 },
    { 14540, 1324, 6462, 90, 806 },
    { 15864, 740, 1170, 86, 896 },
    { 16604, 490, 649, 42, 982 },
    { 17094, 1171, 1722, 33, 1024 },
    { 18265, 30, 28, 1, 1057 },
    { 18295, 499, 1078, 24, 1058 },
    { 18794, 774, 1661, 40, 1082 },
    { 19568, 133, 226, 7, 1122 },
    { 19701, 259, 475, 5, 1129 },
    { 19960, 87, 95, 1, 1134 },
};

static const uint16_t charein_9_bolditalicKernLeftCodepoints[] = {
    0x0022, 0x0027, 0x0028, 0x002C, 0x002E, 0x0041, 0x0044, 0x0046, 0x004B, 0x004C, 0x004F, 0x0050,
    0x0051, 0x0052, 0x0054, 0x0055, 0x0056, 0x0057, 0x0058, 0x0059, 0x005B, 0x0061, 0x0062, 0x0063,
    0x0065, 0x0066, 0x0067, 0x0068, 0x006B, 0x006D, 0x006E, 0x006F, 0x0070, 0x0071, 0x0072, 0x0073,
    0x0074, 0x0075, 0x0076, 0x0077, 0x0078, 0x0079, 0x007A, 0x007B, 0x00C0, 0x00C1, 0x00C2, 0x00C3,
    0x00C4, 0x00C5, 0x00D0, 0x00D2, 0x00D3, 0x00D4, 0x00D5, 0x00D6, 0x00D9, 0x00DA, 0x00DB, 0x00DC,
    0x00DD, 0x00DE, 0x00E0, 0x00E1, 0x00E2, 0x00E3, 0x00E4, 0x00E5, 0x00E6, 0x00E7, 0x00EE, 0x00EF,
    0x00F1, 0x00F2, 0x00F3, 0x00F4, 0x00F5, 0x00F6, 0x00F8, 0x00F9, 0x00FA, 0x00FB, 0x00FC, 0x00FD,
    0x00FE, 0x00FF, 0x0100, 0x0101, 0x0102, 0x0103, 0x0104, 0x0105, 0x0107, 0x0109, 0x010B, 0x010D,
    0x010E, 0x010F, 0x0110, 0x0119, 0x011D, 0x011F, 0x0121, 0x0123, 0x0125, 0x0127, 0x0129, 0x012B,
    0x012D, 0x0136, 0x0137, 0x0138, 0x0139, 0x013B, 0x013D, 0x013E, 0x0141, 0x0144, 0x0146, 0x0148,
    0x014B, 0x014C, 0x014D, 0x014E, 0x014F, 0x0150, 0x0151, 0x0153, 0x0154, 0x0155, 0x0156, 0x0157,
    0x0158, 0x0159, 0x015B, 0x015D, 0x015F, 0x0161, 0x0162, 0x0163, 0x0164, 0x0165, 0x0166, 0x0167,
    0x0168, 0x0169, 0x016A, 0x016B, 0x016C, 0x016D, 0x016E, 0x016F, 0x0170, 0x0171, 0x0172, 0x0173,
    0x0174, 0x0175, 0x0176, 0x0177, 0x0178, 0x017A, 0x017C, 0x017E, 0x017F, 0x01A0, 0x01A1, 0x01AF,
    0x01B0, 0x01C5, 0x01C6, 0x01C9, 0x01CD, 0x01CE, 0x01D0, 0x01D1, 0x01D2, 0x01D3, 0x01D4, 0x01D5,
    0x01D6, 0x01D7, 0x01D8, 0x01D9, 0x01DA, 0x01DB, 0x01DC, 0x01DD, 0x01DE, 0x01DF, 0x01E0, 0x01E1,
    0x01E5, 0x01E7, 0x01E8, 0x01E9, 0x01EA, 0x01EB, 0x01EC, 0x01ED, 0x01EF, 0x01F2, 0x01F3, 0x01F5,
    0x01F6, 0x01F7, 0x01F9, 0x01FA, 0x01FB, 0x0200, 0x0201, 0x0202, 0x0203, 0x020B, 0x020C, 0x020D,
    0x020E, 0x020F, 0x0210, 0x0211, 0x0212, 0x0213, 0x0214, 0x0215, 0x0216, 0x0217, 0x0219, 0x021A,
    0x021B, 0x021D, 0x021F, 0x0403, 0x0409, 0x040E, 0x0410, 0x0413, 0x041E, 0x0420, 0x0422, 0x0423,
    0x0424, 0x0425, 0x042A, 0x042C, 0x042D, 0x042E, 0x0430, 0x0433, 0x0434, 0x0435, 0x0436, 0x0437,
    0x0438, 0x0439, 0x043A, 0x043B, 0x043C, 0x043D, 0x043E, 0x043F, 0x0440, 0x0441, 0x0442, 0x0443,
    0x0444, 0x0445, 0x0446, 0x0447, 0x0448, 0x0449, 0x044A, 0x044C, 0x044D, 0x044E, 0x0452, 0x0453,
    0x0454, 0x0455, 0x0457, 0x0459, 0x045A, 0x045B, 0x045C, 0x045D, 0x045E, 0x045F, 0x0472, 0x0473,
    0x0475, 0x048B, 0x048C, 0x048D, 0x048E, 0x0490, 0x0491, 0x0492, 0x0493, 0x0495, 0x0497, 0x0499,
    0x049B, 0x049D, 0x049F, 0x04A1, 0x04A3, 0x04A5, 0x04A7, 0x04AB, 0x04AC, 0x04AD, 0x04AE, 0x04AF,
    0x04B0, 0x04B1, 0x04B2, 0x04B3, 0x04B5, 0x04B7, 0x04B9, 0x04BB, 0x04BC, 0x04BD, 0x04BE, 0x04BF,
    0x04C2, 0x04C4, 0x04C6, 0x04C8, 0x04CA, 0x04CC, 0x04CE, 0x04D0, 0x04D1, 0x04D2, 0x04D3, 0x04D5,
    0x04D8, 0x04D9, 0x04DA, 0x04DB, 0x04DD, 0x04E1, 0x04E3, 0x04E5, 0x04E6, 0x04E7, 0x04E8, 0x04E9,
    0x04EA, 0x04EB, 0x04EC, 0x04ED, 0x04EE, 0x04EF, 0x04F0, 0x04F1, 0x04F2, 0x04F3, 0x04F5, 0x04F6,
    0x04F7, 0x04FA, 0x04FB, 0x04FC, 0x04FD, 0x04FE, 0x04FF, 0x1EA0, 0x1EA1, 0x1EA2, 0x1EA3, 0x1EA4,
    0x1EA5, 0x1EA6, 0x1EA7, 0x1EA8, 0x1EA9, 0x1EAA, 0x1EAB, 0x1EAC, 0x1EAD, 0x1EAE, 0x1EAF, 0x1EB0,
    0x1EB1, 0x1EB2, 0x1EB3, 0x1EB4, 0x1EB5, 0x1EB6, 0x1EB7, 0x1EB9, 0x1ECC, 0x1ECD, 0x1ECE, 0x1ECF,
    0x1ED0, 0x1ED1, 0x1ED2, 0x1ED3, 0x1ED4, 0x1ED5, 0x1ED6, 0x1ED7, 0x1ED8, 0x1ED9, 0x1EE4, 0x1EE5,
    0x1EE6, 0x1EE7, 0x1EF2, 0x1EF3, 0x1EF4, 0x1EF5, 0x1EF6, 0x1EF7, 0x1EF8, 0x1EF9, 0x2018, 0x2019,
    0x201A, 0x201C, 0x201D, 0x201E, 0x2026, 0xFB00,
};

static const uint8_t charein_9_bolditalicKernLeftClassIds[] = {
      1,   1,   2,   3,   3,   4,   5,   6,   7,   8,   5,   6,   5,   9,  10,  11,
     12,  13,   7,  12,   2,  14,  15,  16,  16,  17,  18,  14,  19,  14,  14,  15,
     15,  18,  20,  16,  16,  14,  21,  21,  19,  21,  16,   2,   4,   4,   4,   4,
      4,   4,   5,   5,   5,   5,   5,   5,  11,  11,  11,  11,  12,   5,  14,  14,
     14,  14,  14,  14,  16,  16,  22,  22,  14,  23,  23,  23,  23,  23,  16,  14,
     14,  14,  14,  21,  15,  21,   4,  14,   4,  14,   4,  14,  16,  16,  16,  16,
      5,  24,   5,  16,  18,  18,  18,  18,  14,  14,  22,  22,  22,   7,  19,  16,
      8,   8,  25,  26,   8,  14,  18,  14,  18,   5,  23,   5,  23,   5,  23,  16,
      9,  20,   9,  20,   9,  20,  16,  16,  18,  16,  10,  18,  10,  27,  10,  16,
     11,  14,  11,  14,  11,  14,  11,  14,  11,  14,  11,  18,  13,  21,  12,  21,
     12,  16,  16,  16,  17,   5,  28,  10,  28,  16,  16,  18,   4,  14,  22,   5,
     23,  11,  14,  11,  14,  11,  14,  11,  14,  11,  14,  15,   4,  14,   4,  14,
     18,  18,   7,  19,   5,  15,   5,  23,  18,  16,  16,  18,   5,   6,  14,   4,
     14,   4,  14,   4,  14,  22,   5,  23,   5,  23,   9,  20,   9,  20,  11,  14,
     11,  14,  18,  10,  18,  18,  14,  10,   9,  12,   4,  10,   5,   6,  10,  12,
      5,   7,   9,   9,   5,   5,  14,  16,  16,  16,  16,  14,  16,  16,  16,  16,
     16,  16,  15,  16,  15,  16,  16,  21,  15,  19,  16,  16,  16,  16,  29,  29,
     15,  15,  14,  16,  16,  16,  17,  29,  29,  14,  16,  16,  21,  16,   5,  15,
     16,  16,   9,  29,   6,  10,  16,  10,  16,  16,  16,  14,  16,  16,  16,  16,
     16,  16,  29,  16,  10,  16,  12,  21,  12,  21,   7,  19,  16,  16,  16,  14,
      5,  16,   5,  16,  16,  16,  16,  16,  16,  16,  16,   4,  14,   4,  14,  16,
      5,  15,   5,  23,  16,  18,  16,  16,   5,  23,   5,  15,   5,  23,   5,  23,
     12,  21,  12,  21,  12,  21,  16,  10,  16,  10,  16,   7,  19,   7,  19,   4,
     14,   4,  14,   4,  14,   4,  14,   4,  14,   4,  14,   4,  14,   4,  14,   4,
     14,   4,  14,   4,  14,   4,  14,  16,   5,  15,   5,  23,   5,  23,   5,  23,
      5,  23,   5,  23,   5,  23,  11,  18,  11,  14,  12,  21,  12,  18,  12,  21,
     12,  21,   1,   1,   3,   1,   1,   3,   3,  17,
};

static const uint16_t charein_9_bolditalicKernRightCodepoints[] = {
    0x0022, 0x0027, 0x0029, 0x002C, 0x002E, 0x003A, 0x003B, 0x0041, 0x0043, 0x0047, 0x004F, 0x0051,
    0x0054, 0x0055, 0x0056, 0x0057, 0x0058, 0x0059, 0x005D, 0x0061, 0x0062, 0x0063, 0x0064, 0x0065,
    0x0066, 0x0067, 0x0068, 0x006A, 0x006B, 0x006C, 0x006D, 0x006E, 0x006F, 0x0070, 0x0071, 0x0072,
    0x0073, 0x0074, 0x0075, 0x0076, 0x0077, 0x0078, 0x0079, 0x007A, 0x007D, 0x00C0, 0x00C1, 0x00C2,
    0x00C3, 0x00C4, 0x00C5, 0x00C6, 0x00C7, 0x00D2, 0x00D3, 0x00D4, 0x00D5, 0x00D6, 0x00D9, 0x00DA,
    0x00DB, 0x00DC, 0x00DD, 0x00E0, 0x00E1, 0x00E2, 0x00E3, 0x00E4, 0x00E5, 0x00E6, 0x00E7, 0x00E8,
    0x00E9, 0x00EA, 0x00EB, 0x00EE, 0x00EF, 0x00F0, 0x00F1, 0x00F2, 0x00F3, 0x00F4, 0x00F5, 0x00F6,
    0x00F8, 0x00F9, 0x00FA, 0x00FB, 0x00FC, 0x00FD, 0x00FE, 0x00FF, 0x0100, 0x0101, 0x0102, 0x0103,
    0x0104, 0x0105, 0x0106, 0x0107, 0x0108, 0x0109, 0x010A, 0x010B, 0x010C, 0x010D, 0x010F, 0x0111,
    0x0113, 0x0115, 0x0117, 0x0119, 0x011B, 0x011C, 0x011D, 0x011E, 0x011F, 0x0120, 0x0121, 0x0122,
    0x0123, 0x0125, 0x0127, 0x0129, 0x012B, 0x012D, 0x0135, 0x0137, 0x0138, 0x013A, 0x013C, 0x013E,
    0x0140, 0x0142, 0x0144, 0x0146, 0x0148, 0x014B, 0x014C, 0x014D, 0x014E, 0x014F, 0x0150, 0x0151,
    0x0152, 0x0153, 0x0155, 0x0157, 0x0159, 0x015B, 0x015D, 0x015F, 0x0161, 0x0162, 0x0163, 0x0164,
    0x0165, 0x0166, 0x0168, 0x0169, 0x016A, 0x016B, 0x016C, 0x016D, 0x016E, 0x016F, 0x0170, 0x0171,
    0x0172, 0x0173, 0x0174, 0x0175, 0x0176, 0x0177, 0x0178, 0x017A, 0x017C, 0x017E, 0x017F, 0x01A0,
    0x01A1, 0x01AF, 0x01B0, 0x01C6, 0x01C9, 0x01CC, 0x01CD, 0x01CE, 0x01D0, 0x01D1, 0x01D2, 0x01D3,
    0x01D4, 0x01D5, 0x01D6, 0x01D7, 0x01D8, 0x01D9, 0x01DA, 0x01DB, 0x01DC, 0x01DD, 0x01DE, 0x01DF,
    0x01E0, 0x01E1, 0x01E2, 0x01E3, 0x01E4, 0x01E5, 0x01E6, 0x01E7, 0x01E9, 0x01EA, 0x01EB, 0x01EC,
    0x01ED, 0x01EF, 0x01F0, 0x01F3, 0x01F4, 0x01F5, 0x01F9, 0x01FA, 0x01FB, 0x01FC, 0x01FD, 0x0200,
    0x0201, 0x0202, 0x0203, 0x0205, 0x0207, 0x020B, 0x020C, 0x020D, 0x020E, 0x020F, 0x0211, 0x0213,
    0x0214, 0x0215, 0x0216, 0x0217, 0x0219, 0x021A, 0x021B, 0x021D, 0x021F, 0x0402, 0x0404, 0x040B,
    0x0410, 0x0414, 0x041B, 0x041E, 0x0421, 0x0422, 0x0424, 0x0425, 0x0430, 0x0431, 0x0432, 0x0433,
    0x0434, 0x0435, 0x0436, 0x0437, 0x0438, 0x0439, 0x043A, 0x043B, 0x043C, 0x043D, 0x043E, 0x043F,
    0x0440, 0x0441, 0x0442, 0x0443, 0x0444, 0x0445, 0x0446, 0x0447, 0x0448, 0x0449, 0x044B, 0x044C,
    0x044D, 0x044E, 0x044F, 0x0450, 0x0451, 0x0452, 0x0453, 0x0454, 0x0455, 0x0457, 0x0458, 0x0459,
    0x045A, 0x045B, 0x045C, 0x045D, 0x045E, 0x045F, 0x0472, 0x0473, 0x0474, 0x0475, 0x048B, 0x048D,
    0x048F, 0x0491, 0x0493, 0x0495, 0x0497, 0x0499, 0x049B, 0x049D, 0x049F, 0x04A1, 0x04A3, 0x04A5,
    0x04A7, 0x04A8, 0x04A9, 0x04AA, 0x04AB, 0x04AC, 0x04AD, 0x04AE, 0x04AF, 0x04B0, 0x04B1, 0x04B2,
    0x04B3, 0x04B4, 0x04B5, 0x04B7, 0x04B9, 0x04BB, 0x04C2, 0x04C4, 0x04C6, 0x04C8, 0x04CA, 0x04CC,
    0x04CE, 0x04D0, 0x04D1, 0x04D2, 0x04D3, 0x04D4, 0x04D5, 0x04D7, 0x04D8, 0x04D9, 0x04DA, 0x04DB,
    0x04DD, 0x04E1, 0x04E3, 0x04E5, 0x04E6, 0x04E7, 0x04E8, 0x04E9, 0x04EA, 0x04EB, 0x04ED, 0x04EF,
    0x04F1, 0x04F3, 0x04F5, 0x04F7, 0x04F9, 0x04FB, 0x04FC, 0x04FD, 0x04FE, 0x04FF, 0x1EA0, 0x1EA1,
    0x1EA2, 0x1EA3, 0x1EA4, 0x1EA5, 0x1EA6, 0x1EA7, 0x1EA8, 0x1EA9, 0x1EAA, 0x1EAB, 0x1EAC, 0x1EAD,
    0x1EAE, 0x1EAF, 0x1EB0, 0x1EB1, 0x1EB2, 0x1EB3, 0x1EB4, 0x1EB5, 0x1EB6, 0x1EB7, 0x1EB9, 0x1EBB,
    0x1EBD, 0x1EBF, 0x1EC1, 0x1EC3, 0x1EC5, 0x1EC7, 0x1ECC, 0x1ECD, 0x1ECE, 0x1ECF, 0x1ED0, 0x1ED1,
    0x1ED2, 0x1ED3, 0x1ED4, 0x1ED5, 0x1ED6, 0x1ED7, 0x1ED8, 0x1ED9, 0x1EE4, 0x1EE5, 0x1EE6, 0x1EE7,
    0x1EF2, 0x1EF3, 0x1EF4, 0x1EF5, 0x1EF6, 0x1EF7, 0x1EF8, 0x1EF9, 0x2018, 0x2019, 0x201A, 0x201C,
    0x201D, 0x201E, 0x2026, 0xFB00, 0xFB03, 0xFB04,
};

static const uint8_t charein_9_bolditalicKernRightClassIds[] = {
      1,   1,   2,   3,   3,   4,   4,   5,   6,   6,   6,   6,   7,   8,   9,  10,
     11,   9,   2,  12,  13,  14,  14,  14,   4,  15,  13,  16,  13,  13,  17,  17,
     14,   4,  14,  17,  12,   4,  17,  18,  18,  19,  18,  17,   2,   5,   5,   5,
      5,   5,   5,   5,   6,   6,   6,   6,   6,   6,   8,   8,   8,   8,   9,  20,
     20,  20,  20,  20,  20,  12,  14,  21,  21,  21,  21,  22,  22,  14,  17,  21,
     21,  21,  21,  21,  17,  17,  17,  17,  17,  18,  13,  18,   5,  20,   5,  20,
      5,  15,   6,  21,   6,  21,   6,  21,   6,  21,  14,  14,  21,  21,  21,  23,
     21,   6,  20,   6,  20,   6,  20,   6,  20,  13,  13,  22,  22,  22,  16,  13,
     17,  13,  13,  13,  13,  13,  17,  17,  17,   4,   6,  21,   6,  21,   6,  21,
      6,  14,  17,   4,  17,  20,  20,  15,  20,   7,   4,   7,   4,   7,   8,  17,
      8,  17,   8,  17,   8,  17,   8,  17,   8,  17,  10,  18,   9,  18,   9,  17,
     17,  17,  13,   6,  14,   8,  17,  14,  13,  17,   5,  20,  22,   6,  21,   8,
     17,   8,  17,   8,  17,   8,  17,   8,  17,  14,   5,  20,   5,  20,   5,  20,
      6,  15,   6,  20,  13,   6,  23,   6,  21,   4,  16,  14,   6,  20,  17,   5,
     20,   5,  20,   5,  20,   5,  20,  21,  21,  22,   6,  21,   6,  21,  17,  17,
      8,  17,   8,  17,  15,   7,   4,   4,  13,   7,   6,   7,   5,   5,   5,   6,
      6,   7,   6,  11,  12,  13,  17,  17,  24,  14,  17,  17,  17,  17,  17,  24,
     17,  17,  14,  17,   4,  14,  17,  18,  14,  19,  17,  17,  17,  17,  17,  17,
     17,  17,  17,  21,  21,  13,  17,  14,  12,  13,  16,  24,  17,  13,  17,  17,
     18,  17,   6,  14,   9,  18,  17,  17,  17,  17,  17,  17,  17,  17,  17,  17,
     13,  17,  17,  17,  17,   6,  14,   6,  14,   7,  17,   9,  18,   9,  18,  11,
     19,   7,  17,  17,  17,  13,  17,  17,  24,  17,  17,  17,  17,   5,  20,   5,
     20,   5,  12,  21,   6,  14,   6,  21,  17,   4,  17,  17,   6,  21,   6,  14,
      6,  21,  17,  18,  18,  18,  17,  17,  17,  17,  11,  19,  11,  19,   5,  15,
      5,  20,   5,  20,   5,  20,   5,  20,   5,  20,   5,  20,   5,  20,   5,  20,
      5,  20,   5,  20,   5,  20,  23,  21,  21,  21,  21,  21,  21,  21,   6,  14,
      6,  21,   6,  21,   6,  21,   6,  21,   6,  21,   6,  21,   8,   4,   8,  17,
      9,  18,   9,  18,   9,  18,   9,  18,   1,   1,   3,   1,   1,   3,   3,   4,
      4,   4,
};

static const uint16_t charein_9_bolditalicKernRowOffsets[] = {
        0,    10,    11,    16,    23,    27,    36,    37,    42,    45,    54,    57,    68,    79,    81,    85,
       86,    88,    90,    94,    99,   108,   109,   113,   125,   129,   141,   153,   160,   164,
};

static const uint8_t charein_9_bolditalicKernSparseCols[] = {
      2,   4,  11,  13,  14,  18,  19,  20,  22,  23,  15,   0,   6,   8,   9,  17,
      0,   5,   6,   7,   8,   9,  17,   6,   8,   9,  10,   2,   4,  11,  13,  14,
     19,  20,  22,  23,   5,   0,   6,   8,   9,  17,   6,   8,   9,   2,   4,  11,
     13,  14,  19,  20,  22,  23,   4,  13,  23,   2,   4,   5,  11,  13,  14,  16,
     19,  20,  22,  23,   2,   4,   5,  11,  13,  14,  16,  19,  20,  22,  23,   0,
     17,   0,  17,  18,  23,   0,   0,   1,   0,  15,   0,  13,  20,  22,   2,  13,
     20,  22,  23,   0,   2,  11,  13,  14,  19,  20,  22,  23,  21,   0,  17,  18,
     23,   2,   3,  11,  13,  14,  15,  16,  17,  18,  19,  20,  22,   0,   6,   8,
     17,   2,   3,  11,  13,  14,  15,  16,  17,  18,  19,  20,  22,   2,   3,  11,
     13,  14,  15,  16,  17,  18,  19,  20,  22,  11,  12,  13,  14,  19,  20,  22,
      0,  13,  17,  20,
};

static const int8_t charein_9_bolditalicKernSparseValues[] = {
     -26,  -32,  -10,   -7,  -10,   -4,  -10,   -7,   -7,  -23,   18,  -26,  -26,  -34,  -28,  -15,
     -35,  -12,  -28,  -12,  -37,  -26,  -13,   -3,   -9,   -6,   -6,  -26,   -7,   -1,   -3,   -1,
      -1,   -1,   -1,  -12,  -12,  -42,  -19,  -26,  -19,  -10,  -12,  -23,  -19,  -19,  -16,  -10,
     -15,   -4,   -5,   -7,  -15,  -18,   -9,   -3,   -9,  -23,  -15,    3,  -13,  -13,   -4,   -3,
      -7,   -7,  -13,  -23,  -15,  -13,    4,  -10,  -10,   -4,   -1,   -5,   -5,  -10,  -19,  -21,
      -1,  -12,   -4,   -7,   -3,   -6,   13,   21,   -4,   26,   -7,   -6,   -6,   -3,  -18,   -1,
      -1,   -1,  -15,  -10,  -15,   -4,   -1,   -1,   -4,   -1,   -1,   -9,   25,  -12,   -4,   -7,
      -6,  -37,  -37,  -37,  -37,  -37,  -25,  -37,  -37,  -37,  -29,  -32,  -37,  -15,   -6,   -7,
     -10,  -32,  -32,  -32,  -32,  -32,  -24,  -32,  -32,  -32,  -25,  -32,  -32,  -15,  -15,  -15,
     -15,  -15,  -15,  -15,  -15,  -15,  -15,  -15,  -15,  -13,  -10,  -13,  -13,  -13,  -13,  -13,
     -23,   -3,   -9,   -3,
};

static const EpdLigaturePair charein_9_bolditalicLigaturePairs[] = {
    { 0x00660066, 0xFB00 }, // f f -> U+FB00
    { 0x00660069, 0xFB01 }, // f i -> U+FB01
    { 0x0066006C, 0xFB02 }, // f l -> U+FB02
    { 0xFB000069, 0xFB03 }, // U+FB00 i -> U+FB03
    { 0xFB00006C, 0xFB04 }, // U+FB00 l -> U+FB04
};

static constexpr EpdFontData charein_9_bolditalic = {
    charein_9_bolditalicBitmaps,
    charein_9_bolditalicGlyphs,
    charein_9_bolditalicIntervals,
    50,
    20,
    16,
    -5,
    true,
    charein_9_bolditalicGroups,
    17,
    nullptr,
    nullptr,  // kernLeftClasses: built-in fonts use split arrays
    nullptr,  // kernRightClasses
    charein_9_bolditalicKernLeftCodepoints,
    charein_9_bolditalicKernLeftClassIds,
    charein_9_bolditalicKernRightCodepoints,
    charein_9_bolditalicKernRightClassIds,
    nullptr,  // kernMatrix: built-in fonts use sparse rows
    charein_9_bolditalicKernRowOffsets,
    charein_9_bolditalicKernSparseCols,
    charein_9_bolditalicKernSparseValues,
    426,
    450,
    29,
    24,
    charein_9_bolditalicLigaturePairs,
    5,
};
