/**
 * generated by fontconvert.py
 * name: charein_9_regular
 * size: 9
 * mode: 2-bit  compressed: true
 * Command used: fontconvert.py charein_9_regular 9 ../builtinFonts/source/ChareInk7/ChareInk7-Regular.ttf ../builtinFonts/source/NotoSymbols/NotoSansSymbols-Regular.ttf ../builtinFonts/source/NotoSansCJKsc/NotoSansCJKsc-Regular.otf --additional-intervals 0x03BB,0x03BB --additional-intervals 0x0410,0x0414 --additional-intervals 0x0418,0x0418 --additional-intervals 0x041B,0x041B --additional-intervals 0x041D,0x0423 --additional-intervals 0x0425,0x0425 --additional-intervals 0x0427,0x0427 --additional-intervals 0x042B,0x042C --additional-intervals 0x042E,0x0432 --additional-intervals 0x0434,0x0435 --additional-intervals 0x0437,0x0437 --additional-intervals 0x043A,0x043A --additional-intervals 0x043D,0x043E --additional-intervals 0x0440,0x0440 --additional-intervals 0x0442,0x0442 --additional-intervals 0x0446,0x0446 --additional-intervals 0x044C,0x044C --additional-intervals 0x044E,0x044E --additional-intervals 0x2113,0x2113 --additional-intervals 0x2669,0x266F --additional-intervals 0x4F1A,0x4F1A --additional-intervals 0x53BB,0x53BB --additional-intervals 0x5458,0x5458 --additional-intervals 0x59DA,0x59DA --additional-intervals 0x5B98,0x5B98 --additional-intervals 0x5BA4,0x5BA4 --additional-intervals 0x5E26,0x5E26 --additional-intervals 0x6211,0x6211 --additional-intervals 0x62C9,0x62C9 --additional-intervals 0x653E,0x653E --additional-intervals 0x6746,0x677F --additional-intervals 0x7532,0x7532 --additional-intervals 0x7684,0x7684 --additional-intervals 0x8BAE,0x8BAE --additional-intervals 0x8BF7,0x8BF7 --additional-intervals 0x91CA,0x91CA --font-include-intervals 1:0x2669,0x266F --font-include-intervals 2:0x4F1A,0x4F1A --font-include-intervals 2:0x53BB,0x53BB --font-include-intervals 2:0x5458,0x5458 --font-include-intervals 2:0x59DA,0x59DA --font-include-intervals 2:0x5B98,0x5B98 --font-include-intervals 2:0x5BA4,0x5BA4 --font-include-intervals 2:0x5E26,0x5E26 --font-include-intervals 2:0x6211,0x6211 --font-include-intervals 2:0x62C9,0x62C9 --font-include-intervals 2:0x653E,0x653E --font-include-intervals 2:0x6746,0x677F --font-include-intervals 2:0x7532,0x7532 --font-include-intervals 2:0x7684,0x7684 --font-include-intervals 2:0x8BAE,0x8BAE --font-include-intervals 2:0x8BF7,0x8BF7 --font-include-intervals 2:0x91CA,0x91CA --2bit --compress --pnum --darken-aa --zopfli
 */
#pragma once
#include "EpdFontData.h"

static const uint8_t charein_9_regularBitmaps[20163] = {
    0x7D, 0x94, 0x01, 0x84, 0x64, 0xC9, 0xFD, 0xC7, 0x3F, 0x5D, 0xF5, 0xFF, 0xDF, 0xCB, 0x6D, 0x75,
    0x77, 0x2D, 0x0E, 0xCB, 0xF5, 0xBE, 0xB7, 0x08, 0x56, 0xCC, 0x74, 0x0F, 0x06, 0x2D, 0x5E, 0x77,
    0x57, 0xB2, 0x01, 0x39, 0xE1, 0x04, 0x00, 0x1C, 0x82, 0x20, 0xC9, 0x36, 0x26, 0x4C, 0xA4, 0x6F,
    0x5F, 0xB1, 0x08, 0x49, 0x64, 0x0F, 0x00, 0xB0, 0x04, 0x00, 0x5A, 0xB2, 0x18, 0x6E, 0x2E, 0xAF,
    0xEE, 0x16, 0x87, 0x4D, 0xE2, 0x09, 0xC0, 0xC5, 0xE5, 0x45, 0x0E, 0x70, 0xA8, 0xBB, 0x3C, 0xF4,
    0x65, 0x7B, 0xBA, 0x52, 0xEF, 0xED, 0x64, 0x76, 0x76, 0x6F, 0x77, 0xFB, 0xFB, 0xFD, 0x56, 0x57,
    0x55, 0x7D, 0xEB, 0xF7, 0xEB, 0xFA, 0xFD, 0x68, 0xDF, 0x34, 0x8D, 0xF7, 0xEB, 0xF5, 0x7A, 0x79,
    0x95, 0xC6, 0x1F, 0x56, 0xD3, 0xFA, 0xB0, 0x3A, 0x70, 0x07, 0xEE, 0x86, 0xE5, 0x1B, 0xD7, 0xB8,
    0x39, 0xE5, 0xF0, 0x80, 0x83, 0x25, 0xF7, 0xEF, 0x2F, 0x42, 0xE0, 0x43, 0xD7, 0xFB, 0xC8, 0xCA,
    0xBB, 0x26, 0x84, 0x6D, 0x72, 0x85, 0xE1, 0x80, 0x7E, 0x9F, 0xD1, 0x4D, 0x6E, 0x7E, 0x13, 0x1C,
    0x2A, 0x30, 0xFB, 0x98, 0xA3, 0x87, 0x3C, 0x78, 0xC8, 0x89, 0xE3, 0x8E, 0x63, 0xD2, 0x20, 0x02,
    0xFC, 0xC3, 0xF0, 0xB1, 0x75, 0x0F, 0x6D, 0xF5, 0xB1, 0xF1, 0x9F, 0x52, 0x6E, 0xC0, 0xB5, 0xD4,
    0x4E, 0xDA, 0xE9, 0x3A, 0xE1, 0xE8, 0x70, 0xC0, 0x72, 0xBA, 0x17, 0x75, 0x18, 0xE7, 0x7F, 0x68,
    0xF2, 0xF5, 0xA3, 0x91, 0x7E, 0xF8, 0xBB, 0x21, 0xC9, 0x50, 0x33, 0x18, 0x68, 0xF6, 0xE2, 0xF7,
    0xE1, 0x70, 0xC8, 0x7D, 0x35, 0xC2, 0x89, 0x46, 0x9C, 0x81, 0xD6, 0x30, 0x4C, 0x2C, 0xA9, 0xB4,
    0x68, 0x65, 0x50, 0x9F, 0x82, 0x6C, 0xBE, 0x65, 0xF4, 0x66, 0x62, 0xF2, 0x79, 0x9F, 0x5C, 0xFF,
    0x98, 0x55, 0xE2, 0xC9, 0x85, 0x67, 0x22, 0xB7, 0x24, 0x67, 0x0B, 0x77, 0x38, 0x3D, 0x3C, 0x38,
    0xB8, 0xC1, 0x7B, 0x89, 0xBD, 0x4E, 0xCE, 0x11, 0x6B, 0xFC, 0x05, 0xD6, 0x71, 0x9D, 0x73, 0x1D,
    0x65, 0x79, 0xEF, 0x1D, 0xC6, 0x24, 0x56, 0xB8, 0x5E, 0x8D, 0x7F, 0x06, 0xB5, 0x70, 0xD2, 0x8E,
    0x79, 0x07, 0x90, 0x46, 0xDA, 0xDF, 0x5F, 0xFB, 0xE0, 0xB4, 0x67, 0x06, 0xF5, 0xDE, 0xFA, 0xEA,
    0x55, 0xFA, 0xF0, 0xBC, 0xDA, 0x82, 0xD1, 0xE7, 0xC5, 0x1A, 0x2F, 0x92, 0x2B, 0x7B, 0x6F, 0x2F,
    0xAA, 0xA3, 0xED, 0x03, 0x70, 0x48, 0x4B, 0x02, 0x43, 0x18, 0xC1, 0x14, 0x96, 0x50, 0xD3, 0x73,
    0x48, 0x83, 0x82, 0x01, 0xEC, 0xC1, 0x21, 0xAC, 0xC1, 0x82, 0x38, 0x6B, 0x9F, 0x9C, 0x4A, 0x97,
    0x8B, 0x3A, 0xEF, 0xF9, 0x1C, 0xBF, 0xEA, 0x18, 0x27, 0xED, 0x52, 0xD4, 0xF1, 0x28, 0x1A, 0xA2,
    0xED, 0xB5, 0xAA, 0xA8, 0x7E, 0x58, 0x89, 0xAF, 0x41, 0x56, 0x8B, 0x5D, 0xB2, 0x23, 0x55, 0x6E,
    0x26, 0xAB, 0x99, 0xA8, 0x89, 0x94, 0x15, 0xD2, 0xA1, 0x61, 0x06, 0x4D, 0x9C, 0xDE, 0xD0, 0x2C,
    0x17, 0xC1, 0x47, 0x3E, 0x71, 0xE6, 0xD2, 0x8D, 0xCE, 0x3D, 0x86, 0x1D, 0x24, 0xAE, 0xBD, 0xD5,
    0xF3, 0x6F, 0xC4, 0x94, 0xB2, 0x9A, 0x2B, 0xAB, 0xCE, 0x40, 0x19, 0x32, 0xC3, 0xC2, 0xF0, 0xD8,
    0x88, 0x47, 0x26, 0x79, 0xCB, 0x0C, 0x95, 0xC9, 0x95, 0x29, 0x82, 0x8F, 0x47, 0x97, 0x39, 0x09,
    0x2E, 0x72, 0x0F, 0x3A, 0x32, 0xD9, 0xF1, 0x86, 0x72, 0xC8, 0x36, 0x20, 0xF8, 0x9B, 0x97, 0x63,
    0x4E, 0x8C, 0xA8, 0xDB, 0x4B, 0xC3, 0xCE, 0x39, 0x0F, 0xCC, 0x13, 0xB7, 0x12, 0x75, 0xF7, 0xE0,
    0x96, 0xFB, 0xA2, 0xD2, 0x89, 0x13, 0x3B, 0x42, 0xA8, 0x42, 0x70, 0x95, 0xB4, 0x56, 0x71, 0xEE,
    0x9E, 0x82, 0x87, 0x1A, 0xD9, 0x55, 0x58, 0x43, 0x0A, 0x39, 0xC8, 0x1D, 0xF1, 0x4A, 0xBC, 0x38,
    0x13, 0xD5, 0x3C, 0x5E, 0xBF, 0x6B, 0x93, 0xB8, 0x53, 0xDA, 0x3C, 0xA9, 0xA7, 0x3D, 0x3F, 0x6D,
    0xEB, 0xD8, 0x16, 0x31, 0x6E, 0x8A, 0xCE, 0x99, 0x8B, 0x2A, 0xEE, 0x5C, 0x64, 0xCC, 0x92, 0x58,
    0x93, 0x1A, 0xD1, 0x55, 0x43, 0xC1, 0xBB, 0xA8, 0x9A, 0x07, 0xDB, 0x23, 0x80, 0xD8, 0xCF, 0xFD,
    0xC5, 0x75, 0xB8, 0x68, 0x31, 0x08, 0xE0, 0x36, 0xAD, 0xA7, 0xD7, 0x3E, 0xC7, 0xC2, 0x8A, 0x6E,
    0x09, 0x85, 0x01, 0xB1, 0x01, 0xDE, 0x34, 0x00, 0x8B, 0x10, 0xB8, 0xFC, 0x69, 0xD7, 0x37, 0x80,
    0xF9, 0xB9, 0x8D, 0xAC, 0x02, 0xFE, 0x04, 0x68, 0xD3, 0x6D, 0x14, 0xA6, 0x8B, 0xF3, 0x0B, 0x00,
    0x20, 0x6B, 0xF2, 0x59, 0x9E, 0xA1, 0x23, 0xC6, 0xC4, 0x1A, 0x49, 0x23, 0x4D, 0x0F, 0x48, 0x9C,
    0x74, 0xBC, 0xB9, 0x83, 0x8D, 0x88, 0xE5, 0xE1, 0x70, 0x08, 0xA3, 0x3D, 0xF9, 0xB8, 0x3F, 0x4D,
    0xB3, 0xD7, 0x97, 0xB9, 0xBE, 0xB2, 0x7E, 0x30, 0x7C, 0x7D, 0xED, 0xAF, 0xF7, 0xD7, 0x7E, 0x2F,
    0x2A, 0xBF, 0x79, 0x74, 0x72, 0xBA, 0x9E, 0x2E, 0x6E, 0xDB, 0xFD, 0x2E, 0x13, 0x88, 0xCF, 0x5E,
    0xAB, 0x98, 0x7C, 0x05, 0xED, 0xC6, 0x1C, 0x28, 0x80, 0xD2, 0xC0, 0x27, 0x96, 0xDE, 0x43, 0x87,
    0x78, 0x58, 0x21, 0xBF, 0xE3, 0x49, 0x82, 0x67, 0x48, 0xC3, 0x80, 0x15, 0x23, 0x72, 0xA6, 0x8C,
    0x09, 0x04, 0x57, 0x04, 0xA3, 0x93, 0x4A, 0xF7, 0xBC, 0xA6, 0xA3, 0xA8, 0x75, 0xE2, 0x74, 0xB0,
    0xBA, 0xD7, 0x68, 0x4E, 0x35, 0x2B, 0xCD, 0x49, 0x3C, 0x2D, 0x82, 0xA5, 0xD8, 0xC8, 0x7A, 0x4F,
    0x9B, 0xFE, 0x98, 0xFE, 0x0C, 0x72, 0x58, 0x75, 0xCC, 0x61, 0x06, 0x13, 0xFA, 0xDA, 0x8C, 0xA2,
    0x21, 0xDA, 0x5A, 0x73, 0xBC, 0x8F, 0x26, 0x8F, 0xCA, 0xA2, 0x3A, 0x98, 0x28, 0x7B, 0xAE, 0x76,
    0x7E, 0x7E, 0x36, 0xEB, 0xBC, 0x5D, 0x82, 0xE0, 0x35, 0x6B, 0xCD, 0x52, 0x83, 0x96, 0xA6, 0x65,
    0x88, 0x63, 0x47, 0xD0, 0xBC, 0xA1, 0x99, 0x46, 0x16, 0x61, 0x53, 0xB6, 0xCE, 0xCE, 0xCC, 0xDB,
    0x2F, 0x31, 0xB7, 0x2C, 0xEA, 0xA8, 0x2D, 0xB2, 0xDE, 0x47, 0x9B, 0x01, 0x63, 0x5E, 0x67, 0x06,
    0xE4, 0xC0, 0xAA, 0x53, 0xB0, 0x39, 0x63, 0x66, 0xEC, 0x33, 0xA1, 0xF5, 0xEC, 0x47, 0xEF, 0x8C,
    0xF8, 0x84, 0x78, 0xB5, 0xA8, 0x35, 0x2F, 0x40, 0x08, 0xE8, 0x97, 0xA0, 0xA8, 0x5B, 0xBC, 0xFC,
    0xB4, 0x17, 0x1C, 0x33, 0x5E, 0xCC, 0x9C, 0xF5, 0x13, 0x36, 0x14, 0x15, 0xC5, 0x3F, 0x77, 0x68,
    0xD6, 0x51, 0x15, 0xBA, 0xFB, 0x1F, 0x05, 0x3D, 0x8A, 0xCA, 0xA3, 0xCE, 0xA2, 0x26, 0x51, 0xDA,
    0xA2, 0xA5, 0x43, 0x0B, 0x8F, 0xA6, 0xFB, 0xC5, 0x94, 0xD1, 0xCE, 0x2B, 0xB8, 0xEC, 0x4A, 0xE6,
    0x63, 0xF9, 0x4A, 0xD7, 0x0B, 0x68, 0x27, 0xB6, 0x0C, 0x6B, 0x79, 0xC2, 0xC0, 0x27, 0xC7, 0xF4,
    0xFD, 0x30, 0x0E, 0x27, 0x83, 0x38, 0xE4, 0xA3, 0x76, 0x98, 0xC6, 0x61, 0x7C, 0x10, 0x07, 0xBD,
    0x6C, 0x87, 0x3A, 0x0E, 0xCA, 0x1D, 0x33, 0x90, 0x6E, 0x45, 0x79, 0xF7, 0x6E, 0xA0, 0x34, 0x0B,
    0xA7, 0x9D, 0x42, 0xD7, 0x2A, 0x86, 0x50, 0xF4, 0x4F, 0xA3, 0x66, 0x51, 0x59, 0x94, 0xFE, 0x0D,
    0x7D, 0xF9, 0x88, 0xBE, 0x78, 0x4C, 0x9F, 0x10, 0x55, 0x44, 0x2D, 0x28, 0xAD, 0x86, 0xB2, 0x46,
    0x56, 0x2B, 0x34, 0x19, 0x63, 0xB4, 0x99, 0xA1, 0x5C, 0x4E, 0x1B, 0xB6, 0x53, 0x37, 0x6F, 0xF7,
    0xDA, 0xB3, 0xE8, 0xE9, 0xBC, 0xED, 0x9D, 0xB2, 0x6D, 0x71, 0xDD, 0xB5, 0xBE, 0xE9, 0xE8, 0x5B,
    0x26, 0x4E, 0xEF, 0xD0, 0x70, 0xB9, 0xEF, 0x4F, 0x33, 0x68, 0xC6, 0x28, 0x3B, 0x23, 0xF9, 0x5F,
    0x86, 0xAA, 0x55, 0x3B, 0x9F, 0xC7, 0xBD, 0x09, 0xDA, 0x6A, 0x3B, 0x41, 0xFE, 0x67, 0x0B, 0xB7,
    0xDF, 0x03, 0x6D, 0x40, 0x55, 0x20, 0x82, 0x29, 0x82, 0x21, 0xA6, 0x43, 0xE3, 0xA3, 0x9A, 0xEE,
    0xBB, 0x53, 0xE2, 0xD0, 0x01, 0xB4, 0x72, 0x68, 0x51, 0x3D, 0xDD, 0xE7, 0x84, 0xA2, 0x9A, 0x18,
    0x19, 0x4C, 0x16, 0xDF, 0x20, 0x5C, 0xDE, 0x8B, 0x79, 0x59, 0x58, 0xF4, 0xA6, 0x8D, 0xC7, 0xC4,
    0x91, 0xB8, 0xA5, 0x6C, 0x79, 0xAC, 0x59, 0x6C, 0x08, 0x61, 0xEB, 0x57, 0xA3, 0x7A, 0xD5, 0x67,
    0xF5, 0x7F, 0xAC, 0x78, 0x19, 0x63, 0xC0, 0xA2, 0x8E, 0x95, 0x66, 0x88, 0xE6, 0xCA, 0x2B, 0x34,
    0xEC, 0xA4, 0x4C, 0x1F, 0x59, 0x4D, 0x21, 0x54, 0x04, 0x57, 0xD8, 0x39, 0x03, 0x32, 0x46, 0x68,
    0xA6, 0x28, 0x7B, 0xD8, 0xFE, 0x06, 0xA4, 0xAB, 0x11, 0x75, 0x45, 0xEF, 0x0B, 0x07, 0x5F, 0x5A,
    0x78, 0xDF, 0x40, 0x01, 0xCC, 0x81, 0x7D, 0x08, 0xD6, 0x67, 0xF5, 0x8C, 0x46, 0x9A, 0x71, 0x6F,
    0x23, 0xD1, 0x62, 0x9B, 0xA0, 0xE5, 0x69, 0x4C, 0x72, 0x2B, 0x1D, 0xA0, 0x7E, 0xA5, 0x63, 0x8A,
    0xBF, 0xEA, 0x11, 0xF2, 0x2F, 0xEA, 0x27, 0xC8, 0xCF, 0x93, 0x13, 0xC4, 0x56, 0x36, 0x44, 0xAF,
    0x07, 0x2F, 0xDA, 0x81, 0x9A, 0xF2, 0xC3, 0x9D, 0x66, 0xA9, 0x5C, 0x2D, 0xFF, 0xE6, 0x7A, 0xFF,
    0x36, 0xEC, 0x60, 0xD5, 0xA5, 0x08, 0x88, 0x47, 0x4E, 0xDE, 0xAA, 0x86, 0x3D, 0xBF, 0xC7, 0x26,
    0xDC, 0x0A, 0xC1, 0x85, 0x31, 0x53, 0xCD, 0x5A, 0xD9, 0x4A, 0x7E, 0xE4, 0xC4, 0xBF, 0x0C, 0x01,
    0x4E, 0x21, 0x7F, 0x86, 0x22, 0xD8, 0x45, 0xF0, 0x53, 0xE1, 0xA7, 0xD2, 0x5D, 0xD5, 0x96, 0x0C,
    0xE6, 0x9D, 0xAD, 0x41, 0x78, 0xA4, 0x43, 0xDB, 0x83, 0x8C, 0xC3, 0x19, 0x47, 0x45, 0x68, 0x4A,
    0xF7, 0x80, 0x57, 0xA1, 0x74, 0x35, 0x2C, 0x61, 0x0A, 0x7D, 0x18, 0x82, 0x04, 0x61, 0xC1, 0xC1,
    0x1A, 0x0E, 0x60, 0x0F, 0x06, 0xA0, 0x40, 0x1A, 0x84, 0x03, 0xBB, 0xA8, 0x79, 0x25, 0x16, 0xF5,
    0x15, 0x32, 0xFB, 0xED, 0xAA, 0x5E, 0x87, 0xE6, 0x6D, 0x1A, 0x72, 0x14, 0x6A, 0xCB, 0x2C, 0x23,
    0xD7, 0xA0, 0x11, 0x81, 0x89, 0x6E, 0xE7, 0xC7, 0x71, 0x9C, 0x90, 0x7D, 0x52, 0xFD, 0x0C, 0xEE,
    0x40, 0xCA, 0x39, 0xB3, 0x40, 0x9A, 0xB8, 0x54, 0xD4, 0x69, 0xCF, 0xA7, 0x74, 0xEC, 0xD5, 0xA9,
    0xA8, 0x52, 0x65, 0xB3, 0x33, 0xE4, 0x19, 0xBA, 0xBB, 0x7E, 0xF9, 0xCF, 0x37, 0x32, 0xFB, 0x2E,
    0xC9, 0x0E, 0x94, 0x6B, 0x29, 0xCF, 0x29, 0x82, 0xD3, 0xD2, 0xE5, 0x1D, 0x8F, 0x3B, 0xAE, 0xBA,
    0xF9, 0x24, 0x71, 0xEA, 0x71, 0x23, 0xB7, 0x0C, 0x35, 0xB9, 0x32, 0x79, 0x62, 0x8B, 0x60, 0x8F,
    0x2F, 0x42, 0x09, 0xDB, 0x86, 0xDA, 0xCA, 0x9F, 0x2A, 0x74, 0x44, 0xE1, 0x35, 0xCF, 0xA2, 0x74,
    0x49, 0xA8, 0xC7, 0x9A, 0x5C, 0x9B, 0x5C, 0x33, 0x4E, 0x49, 0x36, 0x48, 0x50, 0x9F, 0xA1, 0x82,
    0xC9, 0x95, 0x3B, 0x16, 0x6D, 0xAE, 0x99, 0x42, 0x6F, 0x78, 0xFE, 0x75, 0xA5, 0xC9, 0xA4, 0x4B,
    0x23, 0x45, 0x64, 0x75, 0x99, 0xE5, 0xBD, 0x8D, 0x46, 0x03, 0x00, 0x93, 0x08, 0xFD, 0x0C, 0x0A,
    0x87, 0x8F, 0x00, 0x40, 0x78, 0xE1, 0xF9, 0x3A, 0xEA, 0x9F, 0xBB, 0x3B, 0x31, 0x61, 0xCB, 0xF4,
    0x82, 0x59, 0x9D, 0x2A, 0xD2, 0x11, 0xE9, 0x21, 0xA9, 0x27, 0xDB, 0x90, 0xCE, 0xE2, 0x26, 0xB1,
    0x9C, 0xE5, 0x5D, 0x3F, 0xE1, 0x36, 0xFA, 0x25, 0x28, 0x5D, 0x51, 0xDE, 0xAE, 0x27, 0x49, 0xE5,
    0x53, 0xE9, 0x1E, 0x44, 0x1D, 0xBF, 0x48, 0xE5, 0xBD, 0x2F, 0x43, 0x51, 0x9A, 0xC9, 0xC5, 0xA3,
    0x2E, 0x53, 0xBA, 0xF2, 0x5E, 0xD3, 0xB6, 0x4C, 0xD9, 0xB6, 0x0B, 0xA2, 0x5E, 0xF5, 0x7C, 0x64,
    0x9C, 0xC4, 0x65, 0xA6, 0x6C, 0x3C, 0x2A, 0x4A, 0x26, 0x4F, 0xDA, 0x8D, 0x7F, 0xCA, 0xB8, 0x54,
    0x2E, 0xDB, 0x3D, 0x7D, 0x46, 0xE9, 0x10, 0xC1, 0x5E, 0x74, 0x73, 0x75, 0xA9, 0x9B, 0x99, 0x8C,
    0xDD, 0x7C, 0xDA, 0x74, 0x32, 0x3F, 0x9E, 0x95, 0x67, 0xD9, 0xF7, 0x52, 0x9E, 0xA2, 0xAC, 0xF4,
    0x26, 0xDF, 0x9B, 0x5E, 0x9B, 0x31, 0xA9, 0x64, 0xC3, 0x6A, 0x99, 0x2F, 0x8F, 0x8B, 0xFA, 0xFF,
    0x19, 0x92, 0x52, 0xC4, 0x8C, 0x97, 0xA1, 0x51, 0x7E, 0x9C, 0xB8, 0x3B, 0xCA, 0xA5, 0xF2, 0x79,
    0x6A, 0xE9, 0x92, 0xC7, 0x4D, 0x78, 0xCB, 0xEF, 0xB7, 0xAF, 0x33, 0x5A, 0xA2, 0xBE, 0x4F, 0xF2,
    0x5B, 0xE4, 0xDF, 0x11, 0x1B, 0x7A, 0x1E, 0x3C, 0xE1, 0xD6, 0x47, 0xDB, 0x59, 0xE2, 0xEE, 0xA7,
    0xAA, 0xAA, 0xF4, 0xA0, 0x76, 0x7A, 0xF4, 0x85, 0x53, 0x37, 0xFF, 0x68, 0x93, 0xF5, 0x2F, 0x91,
    0x7E, 0x81, 0xAC, 0xE7, 0x08, 0xB7, 0x4F, 0xB8, 0x57, 0x65, 0x0A, 0xFD, 0x03, 0xE4, 0x06, 0xE1,
    0xE9, 0x35, 0xC8, 0x53, 0xF4, 0x98, 0x91, 0x26, 0x4C, 0xEA, 0x27, 0x39, 0xB2, 0x27, 0x39, 0x7E,
    0x8D, 0xFC, 0x33, 0xF2, 0xF3, 0xD6, 0x83, 0x87, 0x1A, 0x1C, 0xC2, 0xF1, 0x3E, 0xBC, 0x0B, 0x8B,
    0xC0, 0xC1, 0x9C, 0x83, 0x15, 0x34, 0x88, 0x9A, 0xC4, 0xA1, 0x0D, 0x13, 0x49, 0x2E, 0x29, 0x02,
    0x9C, 0xCA, 0x4A, 0x3A, 0x69, 0x5B, 0x24, 0x46, 0xB3, 0x45, 0x93, 0xC4, 0x79, 0x07, 0x27, 0x3E,
    0xE3, 0xDA, 0x8D, 0xE5, 0x8B, 0x3E, 0x1F, 0xB4, 0x3E, 0x93, 0xD8, 0x16, 0xD2, 0x8A, 0x8A, 0x53,
    0x51, 0xC5, 0x08, 0x2D, 0x8C, 0x32, 0xB7, 0xF9, 0x11, 0x00, 0xD9, 0x57, 0x3D, 0x77, 0xF4, 0x5A,
    0x30, 0x00, 0xFF, 0x05, 0xA5, 0x97, 0x01, 0xA4, 0x1C, 0xDB, 0x19, 0xC7, 0x7F, 0x33, 0xE7, 0x26,
    0x93, 0x7B, 0xCF, 0xEC, 0x9E, 0x8B, 0x47, 0x43, 0x36, 0x3B, 0x41, 0xD4, 0xE5, 0xED, 0xDD, 0xDD,
    0xB2, 0x18, 0xCC, 0x66, 0xA7, 0x29, 0x82, 0x20, 0x05, 0x00, 0xE4, 0x01, 0xF5, 0xD0, 0x6E, 0x09,
    0x2E, 0xB6, 0x99, 0x23, 0x05, 0x1A, 0xDA, 0x50, 0x00, 0xB8, 0xF5, 0x0A, 0x28, 0x06, 0xA1, 0x97,
    0x97, 0xD8, 0xE3, 0x06, 0x8F, 0xB4, 0x74, 0xDE, 0x7B, 0x80, 0xE8, 0x7B, 0xD3, 0x3E, 0x28, 0x9E,
    0x1A, 0x2C, 0x96, 0xB7, 0xC9, 0xE9, 0x99, 0xE9, 0xBD, 0x49, 0x6E, 0x5C, 0xC9, 0x26, 0xF7, 0x9C,
    0xFF, 0x7F, 0x7C, 0x73, 0xBE, 0xFF, 0xF7, 0xFF, 0x8E, 0xFD, 0x30, 0x36, 0x19, 0xB3, 0xD1, 0xE9,
    0xF5, 0x7A, 0x49, 0x32, 0x1E, 0x8F, 0x13, 0xF6, 0x71, 0xF0, 0x2D, 0xD1, 0x67, 0x69, 0xF2, 0x59,
    0xBA, 0xF7, 0x27, 0x1E, 0xEE, 0xD7, 0x70, 0x81, 0x7B, 0x75, 0x87, 0x81, 0x85, 0x46, 0x43, 0x66,
    0xBC, 0xAA, 0x12, 0xC6, 0x81, 0x97, 0x18, 0xD8, 0x26, 0xD0, 0x35, 0x02, 0x68, 0xC3, 0xC4, 0x56,
    0x99, 0xAD, 0x80, 0x11, 0xBD, 0xAE, 0xCD, 0xE5, 0xBD, 0xA2, 0x4D, 0x19, 0x32, 0xFD, 0x3F, 0x5C,
    0xEC, 0x4E, 0xDC, 0xF9, 0x90, 0x0E, 0x60, 0xEF, 0xAD, 0xFA, 0xE4, 0x8A, 0x42, 0x5E, 0x37, 0xE2,
    0x49, 0x9A, 0x3D, 0x5B, 0xF1, 0x1C, 0x1E, 0x91, 0xD9, 0x15, 0x7B, 0xBC, 0x84, 0xB0, 0x4C, 0x8F,
    0x16, 0xBC, 0x0C, 0xA3, 0x65, 0xDC, 0xCB, 0xC3, 0x03, 0x26, 0xA9, 0xAA, 0xE2, 0x47, 0xD5, 0x6E,
    0xD5, 0x5A, 0xF4, 0xEE, 0xDE, 0x89, 0x4A, 0x7F, 0x49, 0x92, 0xF7, 0xF2, 0x78, 0x52, 0x42, 0xE5,
    0x16, 0x83, 0x25, 0x5E, 0x29, 0xD3, 0x00, 0x8A, 0x50, 0x2E, 0x87, 0x57, 0x67, 0x9D, 0x9D, 0x61,
    0x15, 0x86, 0xBF, 0x2E, 0x09, 0x3F, 0x29, 0xD8, 0xFC, 0xA4, 0x64, 0x73, 0xEA, 0xE2, 0xFA, 0xEC,
    0x6A, 0xD2, 0xD9, 0xA9, 0x35, 0xB5, 0xB6, 0xAE, 0xA9, 0x6B, 0x2F, 0xE9, 0x61, 0x41, 0xD1, 0x2F,
    0xA6, 0x45, 0x5E, 0x5C, 0xDB, 0xFF, 0x74, 0x5F, 0xDC, 0x40, 0xB6, 0x68, 0xF5, 0x48, 0xF6, 0x38,
    0xA8, 0x78, 0x58, 0x91, 0xDC, 0xA1, 0x95, 0xD4, 0x87, 0x2E, 0x55, 0x5F, 0x9D, 0xF0, 0x18, 0x17,
    0x4E, 0x34, 0xB7, 0xE5, 0xF0, 0x6A, 0x3C, 0xDB, 0x19, 0xC6, 0xBD, 0x70, 0xEA, 0x78, 0x3B, 0xBE,
    0xB3, 0x79, 0x7B, 0x52, 0x6E, 0x4E, 0xE3, 0x87, 0xE1, 0x30, 0x8E, 0xC3, 0xAB, 0xF1, 0xEE, 0x4E,
    0xF8, 0x78, 0x2B, 0x7F, 0xBD, 0xB9, 0x5D, 0x44, 0xE9, 0xD0, 0xD4, 0x3B, 0x4A, 0x09, 0xE1, 0x75,
    0x4E, 0xAC, 0xE5, 0xCD, 0xB3, 0xE3, 0x55, 0xE7, 0x2E, 0x99, 0x61, 0x7E, 0x65, 0x48, 0x8E, 0x09,
    0xD8, 0xF9, 0x28, 0x5B, 0x40, 0x73, 0x32, 0xE5, 0x41, 0x50, 0x32, 0xDA, 0x1E, 0x4D, 0xF3, 0x81,
    0xF6, 0x51, 0xBA, 0xCF, 0x1D, 0xF6, 0xD4, 0xE9, 0x98, 0x0D, 0xB6, 0xB3, 0xFB, 0x66, 0x1F, 0x4A,
    0xA8, 0x1A, 0x48, 0x6B, 0x26, 0x4F, 0xC9, 0x9E, 0x32, 0x77, 0x68, 0x02, 0xF7, 0x2A, 0x9F, 0xC2,
    0xD6, 0x69, 0xF0, 0x60, 0x96, 0x5C, 0xE4, 0x22, 0x0A, 0x91, 0x5E, 0x03, 0x06, 0x88, 0xD7, 0xF6,
    0xE0, 0xC1, 0x96, 0x1E, 0xE5, 0xF9, 0xC8, 0xED, 0xE1, 0x28, 0xDF, 0xD2, 0x9F, 0xEE, 0xE7, 0x66,
    0x94, 0xF7, 0x62, 0xB5, 0x2B, 0x6F, 0xC9, 0x5B, 0x6A, 0xB7, 0x17, 0xBB, 0x6C, 0x71, 0x1E, 0xF4,
    0xC7, 0x08, 0x2D, 0x08, 0x10, 0xB4, 0x1C, 0x7B, 0x8E, 0x43, 0xC7, 0x72, 0x24, 0x3C, 0xB3, 0xF8,
    0xF8, 0x8F, 0xD7, 0x17, 0x48, 0x39, 0x22, 0xEC, 0x8C, 0x88, 0x27, 0x96, 0x29, 0x23, 0x0A, 0x46,
    0x9E, 0x66, 0x74, 0x09, 0xDF, 0xFC, 0x88, 0xBA, 0xB2, 0xED, 0xD8, 0x71, 0x1C, 0x39, 0xE6, 0x8E,
    0x5F, 0x2C, 0x27, 0xDF, 0xFD, 0xFE, 0x72, 0x93, 0x68, 0x11, 0xD2, 0x63, 0xC4, 0x90, 0x82, 0x52,
    0x38, 0x4B, 0x65, 0x01, 0xA2, 0x02, 0x77, 0x1B, 0x5F, 0x5F, 0x99, 0x06, 0xB0, 0xEF, 0xEA, 0x4D,
    0x07, 0xA6, 0x23, 0xAE, 0x8C, 0xF2, 0x78, 0x38, 0x35, 0x07, 0xD1, 0x6F, 0xEF, 0xFD, 0x87, 0x20,
    0xD8, 0xA1, 0x15, 0xEE, 0xD0, 0x1B, 0x58, 0x86, 0xEC, 0x50, 0x3A, 0x6A, 0x76, 0xFC, 0xC2, 0x2F,
    0x01, 0x8D, 0xC1, 0x04, 0xA6, 0xCF, 0x8C, 0x87, 0x2C, 0x38, 0xE8, 0x8D, 0x13, 0xB5, 0x00, 0xF0,
    0x2A, 0x60, 0x09, 0x5C, 0x06, 0x3C, 0x60, 0x17, 0xB8, 0x06, 0x64, 0xC0, 0x3C, 0x85, 0x67, 0x1A,
    0xEF, 0x89, 0xC1, 0x7F, 0x52, 0x20, 0x7E, 0x5A, 0x11, 0xD8, 0x8A, 0x36, 0x0B, 0x5A, 0xCC, 0xE8,
    0x90, 0x10, 0xD3, 0xC7, 0x62, 0x0D, 0x00, 0xC2, 0x80, 0xD2, 0x90, 0x00, 0xDB, 0x67, 0xF0, 0xDA,
    0x38, 0xAA, 0xFB, 0x3C, 0xC5, 0xFB, 0xCA, 0xE0, 0x91, 0x7E, 0xB8, 0xD7, 0x9F, 0xB7, 0xF1, 0x7F,
    0x65, 0x38, 0x5E, 0x1F, 0xEA, 0xE3, 0x1D, 0x3A, 0xCD, 0xD7, 0x05, 0xA4, 0xE9, 0x99, 0x7C, 0x9A,
    0xBA, 0xBF, 0xA6, 0x70, 0xA8, 0xE1, 0x2B, 0xC7, 0x0C, 0xD8, 0x38, 0x83, 0x9F, 0xB4, 0x56, 0xE3,
    0xAF, 0x84, 0x46, 0xCC, 0xFC, 0x14, 0x99, 0x00, 0xAD, 0x24, 0x84, 0x24, 0xE9, 0xC0, 0x74, 0xB2,
    0x82, 0xD2, 0x45, 0xBE, 0x5D, 0x85, 0x08, 0x9D, 0x80, 0x24, 0x41, 0xB7, 0x48, 0x30, 0x3D, 0x12,
    0xCF, 0x58, 0xCF, 0x5A, 0x43, 0xB6, 0x14, 0x65, 0x4F, 0xA5, 0x61, 0x9F, 0x70, 0x0C, 0x09, 0xCC,
    0x1A, 0x24, 0x30, 0x86, 0x01, 0xA1, 0x4A, 0x3B, 0x4E, 0xE0, 0x64, 0x5C, 0x80, 0x4D, 0x90, 0x06,
    0xDF, 0x30, 0x48, 0x01, 0xE1, 0xC2, 0x0A, 0xF6, 0x60, 0x83, 0xCC, 0x56, 0x8A, 0x5C, 0x31, 0x55,
    0xA0, 0x44, 0x5A, 0xC3, 0xA6, 0x47, 0x01, 0x28, 0x3E, 0x52, 0xC4, 0x0E, 0x99, 0x5D, 0x02, 0xA8,
    0x94, 0x01, 0x3C, 0x84, 0xF4, 0x7D, 0x0A, 0xB7, 0x61, 0x85, 0xF7, 0x5F, 0xC4, 0x0D, 0x3C, 0xDE,
    0xA3, 0x50, 0xDC, 0x48, 0x83, 0xFB, 0xDA, 0xF3, 0xE0, 0x7D, 0xAA, 0xE0, 0x80, 0x31, 0x32, 0x25,
    0xCD, 0x4A, 0xC5, 0xE9, 0x3B, 0x2B, 0xC1, 0xAB, 0x44, 0xA1, 0xD8, 0xE0, 0x6D, 0x2A, 0x0F, 0x95,
    0x4E, 0x4C, 0x5E, 0xA5, 0xDB, 0x6F, 0x53, 0xE5, 0x79, 0x55, 0x01, 0x6F, 0x75, 0xCA, 0xAC, 0x46,
    0x79, 0x0B, 0x14, 0x89, 0x63, 0x74, 0x9C, 0x49, 0xED, 0x4A, 0x69, 0x45, 0xC3, 0xD4, 0xF1, 0x28,
    0x37, 0x6E, 0xB4, 0x75, 0x0D, 0xBF, 0xB8, 0x02, 0xDF, 0x96, 0x1C, 0xAF, 0xB9, 0xBB, 0x8F, 0x32,
    0x12, 0x55, 0x4A, 0x5A, 0x95, 0x24, 0x7C, 0xE4, 0x38, 0x76, 0x8C, 0x1C, 0xD5, 0x7D, 0x42, 0xF1,
    0x37, 0x42, 0xFF, 0x07, 0x42, 0xAC, 0x63, 0xE6, 0x38, 0x61, 0xAE, 0x15, 0x00, 0x2C, 0x80, 0x19,
    0x20, 0x01, 0x0F, 0x98, 0x97, 0x88, 0x62, 0xD6, 0xF4, 0xEC, 0xA3, 0xD2, 0x31, 0xD2, 0x24, 0x08,
    0x33, 0x3B, 0x62, 0x1D, 0xD7, 0x67, 0x75, 0xCE, 0x69, 0x1A, 0x6D, 0x5D, 0x03, 0x80, 0x57, 0x42,
    0x50, 0x40, 0x1B, 0xE0, 0x8C, 0x5E, 0x11, 0x30, 0x31, 0x50, 0x95, 0x90, 0x6E, 0x7F, 0xB8, 0x57,
    0xFD, 0x5B, 0x3D, 0x2B, 0x81, 0x33, 0xDE, 0xA9, 0xAA, 0x59, 0x9D, 0xD9, 0xE7, 0x36, 0x57, 0x63,
    0xF2, 0xB6, 0x6F, 0xC4, 0x7D, 0x58, 0xC1, 0x01, 0xFE, 0x37, 0x48, 0xA1, 0x7B, 0x94, 0x53, 0x46,
    0x1C, 0xAF, 0x2D, 0x98, 0x7F, 0x7F, 0xD4, 0x20, 0xA3, 0xCF, 0xB7, 0x7A, 0xEC, 0x7F, 0x61, 0x12,
    0xF1, 0x33, 0x33, 0x53, 0xAE, 0x41, 0xC7, 0x35, 0x88, 0x85, 0xB9, 0x96, 0x07, 0x66, 0x50, 0xBA,
    0x06, 0x26, 0x22, 0x70, 0x5A, 0xE9, 0x1A, 0xB4, 0x00, 0xE0, 0xD4, 0xE1, 0x66, 0xE5, 0xC4, 0x28,
    0xDA, 0x28, 0xB6, 0xDE, 0xC2, 0x76, 0x43, 0x99, 0x86, 0x88, 0x22, 0x06, 0x5B, 0x9C, 0x3A, 0xDC,
    0x33, 0x79, 0x1D, 0x0F, 0x37, 0x6F, 0x86, 0xFB, 0xE1, 0x5E, 0x2F, 0x87, 0x72, 0xF6, 0x3B, 0x05,
    0x9A, 0x28, 0x25, 0x06, 0xB0, 0xC6, 0xF6, 0x89, 0x15, 0xB9, 0xD4, 0x85, 0x38, 0x34, 0xFE, 0x77,
    0x29, 0x16, 0x1E, 0x41, 0x72, 0x02, 0xBE, 0xD5, 0x59, 0x89, 0xA2, 0x81, 0x4D, 0x95, 0x28, 0x95,
    0x57, 0x29, 0x16, 0x8A, 0xAA, 0x0E, 0x82, 0x42, 0xBD, 0x38, 0xCA, 0x3A, 0x19, 0x73, 0x2D, 0x0E,
    0x0B, 0x89, 0x13, 0x54, 0x6D, 0xAA, 0xAE, 0x7C, 0xD0, 0x6D, 0xD3, 0xED, 0xD2, 0x55, 0xBA, 0x1B,
    0x54, 0x5D, 0x56, 0x5D, 0xC6, 0xDD, 0xCE, 0x6E, 0xBF, 0x93, 0xCC, 0xFF, 0x51, 0x9D, 0x03, 0x95,
    0x22, 0x0A, 0xC8, 0x01, 0xE4, 0x8A, 0x71, 0x44, 0xD2, 0x78, 0xF9, 0x96, 0x81, 0xAA, 0xE3, 0x3D,
    0xF7, 0x1C, 0x10, 0x3D, 0x2B, 0xB8, 0x00, 0xD7, 0x60, 0x89, 0x6F, 0xD6, 0x10, 0x3F, 0x40, 0x54,
    0x04, 0x33, 0x5A, 0xED, 0x77, 0x8B, 0xE5, 0xD7, 0x5C, 0x7C, 0x0C, 0xAC, 0x61, 0x0B, 0xAA, 0x4B,
    0xBB, 0xBD, 0x96, 0xD8, 0xAF, 0x08, 0x3A, 0x6C, 0x85, 0xF5, 0xD3, 0xC5, 0xEF, 0xBE, 0xC6, 0xF2,
    0x85, 0x8B, 0xEE, 0xEB, 0x44, 0x09, 0x83, 0x63, 0xFD, 0xA9, 0x1B, 0xDC, 0xA2, 0xD1, 0x3B, 0x91,
    0xCB, 0x19, 0x33, 0xF8, 0xD2, 0x6A, 0xF1, 0x1C, 0x55, 0x57, 0x9E, 0xF8, 0xF0, 0x39, 0x44, 0xD7,
    0x09, 0x5E, 0xC0, 0x83, 0x06, 0x8F, 0xC0, 0x75, 0x5D, 0x70, 0x0E, 0x94, 0x46, 0x14, 0x70, 0x07,
    0x40, 0xAC, 0x68, 0xBB, 0x42, 0x99, 0x26, 0x81, 0xCE, 0xAC, 0xDE, 0x7B, 0x59, 0xEB, 0xEB, 0xBA,
    0x76, 0x13, 0xFA, 0x75, 0xAD, 0x57, 0xAC, 0x21, 0xDE, 0xAF, 0xFD, 0xC5, 0x5F, 0x68, 0xCB, 0x35,
    0xC4, 0xA0, 0x54, 0x0D, 0x78, 0xB7, 0xF8, 0xE7, 0x2C, 0x19, 0x13, 0x00, 0x03, 0x06, 0x6F, 0x7E,
    0x4D, 0x0C, 0x5A, 0x94, 0x52, 0x5F, 0xE6, 0xF4, 0xAC, 0xAF, 0x65, 0xD1, 0xCD, 0xE3, 0x04, 0xA4,
    0x91, 0x46, 0x9C, 0xD8, 0x51, 0x05, 0x89, 0x5B, 0x70, 0x7A, 0xF6, 0xFC, 0x21, 0x5B, 0x16, 0x56,
    0x04, 0x8F, 0xD9, 0x50, 0x08, 0xAB, 0x95, 0x30, 0x89, 0x5F, 0x24, 0x5E, 0x39, 0x6B, 0x50, 0xC7,
    0x4E, 0x28, 0x53, 0x37, 0x02, 0xF1, 0x2F, 0x1D, 0x0E, 0x00, 0x80, 0x6C, 0x9E, 0x0E, 0x84, 0xE9,
    0x3A, 0xF8, 0x27, 0x21, 0xCC, 0xFC, 0x0F, 0x0B, 0x1F, 0xA4, 0xC1, 0x2F, 0x61, 0x0F, 0xA0, 0x1E,
    0x9F, 0xD4, 0x49, 0xED, 0xEC, 0x3C, 0x2B, 0x07, 0x17, 0x34, 0xB6, 0xF5, 0x64, 0x39, 0x07, 0x03,
    0x98, 0x41, 0xB9, 0x86, 0xF8, 0x36, 0xDE, 0x12, 0xF1, 0x4F, 0x64, 0xF0, 0x6E, 0x71, 0xF0, 0xEF,
    0x34, 0xBC, 0x0B, 0xAC, 0x61, 0x0B, 0x4A, 0x21, 0xD5, 0x7A, 0xE2, 0x3E, 0x8E, 0x27, 0xFF, 0x43,
    0x1D, 0xAD, 0x13, 0x39, 0x5F, 0x0B, 0x8B, 0x52, 0x3A, 0x51, 0x26, 0xF9, 0x71, 0x39, 0xFB, 0x49,
    0x35, 0xFB, 0xB2, 0x1A, 0x1F, 0x96, 0x93, 0xC6, 0x47, 0x3D, 0x67, 0x87, 0x46, 0x05, 0x81, 0xC1,
    0xAF, 0x20, 0x69, 0xEA, 0x03, 0x73, 0x57, 0x9A, 0xAE, 0x78, 0x13, 0x4A, 0x98, 0xE0, 0x87, 0x05,
    0xE7, 0x21, 0x82, 0x31, 0x94, 0x6B, 0x88, 0x6F, 0xC3, 0x0A, 0xF1, 0x0D, 0x32, 0x58, 0x43, 0x0C,
    0xF2, 0x66, 0x2A, 0x6F, 0x02, 0x6B, 0x88, 0xCF, 0x41, 0xF4, 0x6A, 0x64, 0xF6, 0x66, 0xB5, 0xEB,
    0x9B, 0x48, 0xA4, 0x4A, 0x20, 0x7F, 0x87, 0xF8, 0x3B, 0xE2, 0x7B, 0xBC, 0x05, 0x54, 0x8D, 0xC0,
    0xE0, 0x1B, 0x3E, 0x87, 0xDF, 0xC0, 0x2F, 0xE1, 0x2E, 0x74, 0x8F, 0x11, 0x59, 0xA2, 0xC0, 0x74,
    0xFD, 0xB2, 0x4B, 0xF5, 0x0A, 0xEE, 0x55, 0x9A, 0xE8, 0xC5, 0x2B, 0xD9, 0xDC, 0x1C, 0x0F, 0x48,
    0x02, 0xEF, 0xD7, 0xF1, 0x7F, 0xA5, 0x97, 0x01, 0x84, 0x24, 0xD9, 0x19, 0xC7, 0x7F, 0x55, 0x6F,
    0x76, 0x6B, 0x77, 0x5E, 0x4F, 0x7F, 0x8D, 0x0D, 0xC7, 0x4D, 0xBA, 0x0E, 0x87, 0xC5, 0xCC, 0xD4,
    0x60, 0x24, 0x2D, 0x57, 0x3D, 0xFD, 0x72, 0x17, 0x82, 0x0B, 0x02, 0x07, 0x08, 0x17, 0x00, 0x92,
    0xBB, 0xC6, 0x86, 0x25, 0x9D, 0xEB, 0x92, 0x43, 0xC8, 0x91, 0x3B, 0x00, 0xC0, 0x00, 0x40, 0xA4,
    0x25, 0x8B, 0xE5, 0x36, 0xE9, 0x97, 0x5B, 0x04, 0xB9, 0x5C, 0x8A, 0x20, 0xE1, 0x44, 0xEA, 0x5C,
    0x00, 0xE7, 0xF2, 0x92, 0x74, 0x28, 0xAE, 0x77, 0x5E, 0xAA, 0x2A, 0x9D, 0xDB, 0x99, 0xDD, 0x9E,
    0xAD, 0xEB, 0x59, 0xDF, 0xFF, 0x7B, 0xDE, 0x54, 0x7D, 0xEF, 0xFB, 0xFD, 0xAB, 0xAA, 0xBC, 0x9A,
    0x0E, 0x7D, 0x4E, 0xF0, 0x8A, 0x01, 0x80, 0x7D, 0xE0, 0x18, 0x98, 0x02, 0x73, 0x03, 0x1F, 0x66,
    0x04, 0xF7, 0x2D, 0xE1, 0xFD, 0x1C, 0xF5, 0x75, 0x47, 0xE4, 0x1D, 0x5D, 0x16, 0xEC, 0x30, 0x61,
    0x97, 0x94, 0x01, 0x07, 0x78, 0xBC, 0x4D, 0x3C, 0x00, 0xA0, 0x97, 0x0C, 0x63, 0x52, 0x01, 0x21,
    0xF4, 0x24, 0x52, 0xCF, 0x6F, 0x57, 0x63, 0x42, 0xFC, 0x61, 0x1E, 0x98, 0x8C, 0xC0, 0x5A, 0x9A,
    0xD6, 0x5B, 0x97, 0xC7, 0x01, 0x9D, 0xAB, 0x74, 0x3B, 0xA8, 0x45, 0x3B, 0xF4, 0xF2, 0x90, 0x9B,
    0xC0, 0x21, 0x30, 0x06, 0x46, 0x6D, 0x94, 0x4E, 0x53, 0x9F, 0x42, 0x9C, 0x01, 0x04, 0x05, 0x51,
    0x4E, 0x17, 0x80, 0x69, 0xA9, 0x8A, 0x3D, 0x31, 0x9D, 0x03, 0x3A, 0x43, 0x48, 0x61, 0xD2, 0x28,
    0x85, 0x21, 0x24, 0x74, 0xC4, 0xEC, 0x56, 0x05, 0x55, 0x19, 0x57, 0x20, 0x81, 0x09, 0xE4, 0x00,
    0xEA, 0x01, 0x52, 0x53, 0xCE, 0x2D, 0xA9, 0x09, 0x2F, 0x12, 0x9D, 0x02, 0x10, 0xC3, 0xC8, 0x32,
    0x2B, 0x30, 0xBD, 0x0D, 0x28, 0x27, 0x04, 0x25, 0xEA, 0xE7, 0x74, 0x35, 0xED, 0x14, 0x69, 0xC4,
    0x86, 0x17, 0x02, 0xB8, 0x46, 0xB4, 0x23, 0x6A, 0xF3, 0xAE, 0xE0, 0x05, 0x4B, 0x6C, 0xB8, 0xB2,
    0x01, 0xE5, 0x5A, 0x48, 0xD4, 0x45, 0x2D, 0xC1, 0xD1, 0x4E, 0x01, 0x82, 0xDF, 0x5A, 0x78, 0xD7,
    0xC0, 0x08, 0xD8, 0x82, 0xA9, 0xCF, 0x90, 0x60, 0x81, 0x90, 0x22, 0xC4, 0x08, 0x4D, 0x98, 0x2A,
    0xB3, 0x3A, 0x57, 0xF3, 0xD5, 0xB9, 0x61, 0x5D, 0xDB, 0xAC, 0x41, 0xFF, 0x91, 0xE8, 0x03, 0xD4,
    0xFB, 0x8D, 0x6C, 0xE8, 0xAD, 0x28, 0x9B, 0x36, 0xBA, 0xDD, 0x68, 0xD2, 0xCC, 0x93, 0xC8, 0xEA,
    0xCF, 0x16, 0x17, 0x41, 0xFC, 0xB2, 0x0D, 0x62, 0x6B, 0x29, 0xCB, 0x7C, 0xD9, 0x0A, 0xD1, 0x3E,
    0x0B, 0x5E, 0x01, 0x98, 0x7A, 0x27, 0xCC, 0x84, 0xB1, 0x80, 0x28, 0x53, 0xCB, 0x9B, 0xD5, 0x04,
    0x84, 0x1B, 0xC2, 0xA0, 0xD2, 0xD4, 0x97, 0xB1, 0x07, 0x00, 0xD4, 0x92, 0xAE, 0x90, 0x6A, 0x93,
    0x46, 0x59, 0x05, 0xBE, 0xFD, 0xF9, 0x7D, 0x0B, 0xB3, 0xE8, 0x94, 0xAB, 0xA1, 0x51, 0x8A, 0xE0,
    0x14, 0x7A, 0x1B, 0x34, 0x07, 0x3A, 0x0A, 0xBD, 0x43, 0x58, 0xB6, 0x23, 0xB8, 0x05, 0x77, 0xA1,
    0x07, 0x6C, 0x86, 0xC0, 0x35, 0xA2, 0x15, 0xB1, 0x49, 0xDB, 0x08, 0x76, 0xA0, 0x0B, 0x3A, 0x6F,
    0xB1, 0x7D, 0x04, 0x63, 0x98, 0xC1, 0x31, 0x80, 0xFA, 0x26, 0xE1, 0xA7, 0xB0, 0xDC, 0xEC, 0x46,
    0x5D, 0x0B, 0xD1, 0x67, 0xDE, 0xE1, 0x16, 0x62, 0x00, 0x88, 0x81, 0x91, 0x85, 0x99, 0x03, 0xD3,
    0x83, 0xE9, 0x12, 0x55, 0xEC, 0x23, 0x66, 0x87, 0x03, 0xAE, 0x33, 0x04, 0x52, 0x60, 0xD2, 0xA4,
    0xCF, 0x52, 0x0E, 0x18, 0xB2, 0x4F, 0x42, 0x5D, 0xB3, 0x8F, 0x2A, 0x86, 0x30, 0x2D, 0xE1, 0x1D,
    0x94, 0x43, 0x4F, 0xD8, 0xE9, 0x02, 0x44, 0xBE, 0x38, 0x10, 0x52, 0x31, 0xA9, 0x70, 0xD0, 0x27,
    0x2A, 0x51, 0xA0, 0xFF, 0x8E, 0xF6, 0x26, 0xD5, 0xF6, 0x76, 0x58, 0xBF, 0x70, 0x43, 0x8D, 0x94,
    0x90, 0x3D, 0x07, 0x27, 0x63, 0x1A, 0x13, 0x70, 0x79, 0x03, 0xD0, 0xD9, 0x5E, 0x6D, 0xE2, 0x9B,
    0x19, 0xD0, 0x80, 0x00, 0xF0, 0xB4, 0x06, 0x82, 0x02, 0x2A, 0xB1, 0xA1, 0x81, 0xCB, 0x03, 0x41,
    0x00, 0x31, 0xA0, 0x0C, 0x68, 0x60, 0x0B, 0x00, 0x4E, 0x08, 0x32, 0x42, 0x07, 0x6E, 0x43, 0x2F,
    0x3C, 0xFE, 0x4A, 0x4C, 0x8B, 0x69, 0x21, 0xAC, 0x09, 0xEF, 0x91, 0xF5, 0xD1, 0xAC, 0xD1, 0x19,
    0x71, 0xCE, 0x60, 0xC6, 0xAB, 0xCF, 0xF3, 0x6C, 0x35, 0xCF, 0x88, 0x3E, 0xD7, 0x3F, 0xF2, 0xC8,
    0xBA, 0x28, 0xAB, 0x34, 0x8B, 0xB2, 0x3B, 0x67, 0x95, 0x7C, 0x7C, 0x7A, 0x16, 0x38, 0xF5, 0xBE,
    0xF8, 0xA2, 0xC0, 0x37, 0xE0, 0x35, 0xE8, 0x83, 0x2F, 0xE8, 0x43, 0x3C, 0x37, 0xB1, 0xB2, 0xFD,
    0x4A, 0x61, 0xA5, 0xFC, 0xAC, 0xE6, 0x6F, 0x97, 0xDB, 0x57, 0xBE, 0xB2, 0x04, 0x88, 0x4B, 0x65,
    0xD7, 0x47, 0x5C, 0x26, 0xDF, 0xFA, 0xEE, 0x02, 0x40, 0x5B, 0xFD, 0xE8, 0x39, 0x37, 0xCA, 0xBF,
    0x64, 0x80, 0x0A, 0xFC, 0x04, 0x4B, 0x16, 0x00, 0x12, 0x92, 0x47, 0xCF, 0xD9, 0xEC, 0xF0, 0x64,
    0x3C, 0xB2, 0x4F, 0x5E, 0x0F, 0x76, 0x7C, 0x92, 0x27, 0xD9, 0xFA, 0x0E, 0x4F, 0x5A, 0xB9, 0xC3,
    0x2E, 0x7B, 0x48, 0x26, 0x08, 0x17, 0x7B, 0xE8, 0x70, 0x93, 0x01, 0x71, 0xA6, 0x11, 0xDA, 0xAE,
    0xE5, 0x02, 0x07, 0x4B, 0x21, 0x2C, 0x5A, 0x33, 0x0A, 0x73, 0x89, 0x94, 0x95, 0xE8, 0xE5, 0x6C,
    0xFA, 0xF1, 0x29, 0x12, 0x14, 0x12, 0x38, 0x00, 0x00, 0x92, 0xB0, 0x48, 0xAE, 0x16, 0xC2, 0x1A,
    0x4D, 0x6D, 0x41, 0x50, 0xC9, 0xF2, 0xCB, 0x8C, 0xDF, 0xC0, 0x16, 0x1C, 0xC3, 0xBB, 0x04, 0xEF,
    0xD9, 0x00, 0x13, 0x78, 0xCB, 0x90, 0xF5, 0x4A, 0x99, 0xFD, 0x4F, 0x0B, 0xA6, 0x39, 0xBC, 0x13,
    0x2E, 0xA2, 0xC9, 0x4E, 0x17, 0x42, 0x17, 0x3A, 0x1E, 0x8F, 0xE2, 0x07, 0xF6, 0x0D, 0xA6, 0x1F,
    0x9D, 0x22, 0xCC, 0x10, 0x72, 0x44, 0x65, 0x88, 0x06, 0xD9, 0x05, 0x49, 0x41, 0x1E, 0x80, 0x24,
    0x20, 0x92, 0x21, 0xCA, 0x22, 0xA1, 0x43, 0x28, 0xEB, 0xA7, 0x0C, 0x00, 0x7B, 0xC0, 0x31, 0xB0,
    0x0D, 0xEC, 0x02, 0x3D, 0x78, 0xAD, 0x51, 0xFF, 0x73, 0xC5, 0x45, 0x5F, 0xD3, 0xDF, 0xA5, 0x7F,
    0x44, 0xDF, 0x11, 0x97, 0xF4, 0x87, 0xF4, 0x63, 0xFA, 0x3A, 0x9B, 0xBF, 0xE9, 0x00, 0x1C, 0x2C,
    0xE0, 0x08, 0x66, 0x60, 0x20, 0xC8, 0xE6, 0x6F, 0xB9, 0x7E, 0xB7, 0xA8, 0x97, 0x8C, 0x89, 0x1D,
    0xFD, 0x94, 0x7E, 0xBF, 0xAA, 0x37, 0xAB, 0xFA, 0x18, 0x86, 0xE0, 0xC0, 0x30, 0xCF, 0x11, 0x9E,
    0xA0, 0xB1, 0x30, 0x13, 0xDC, 0xDC, 0xBB, 0x20, 0x57, 0xB9, 0x70, 0x83, 0x84, 0xD7, 0x91, 0x0B,
    0x62, 0x6E, 0xBF, 0x70, 0xBF, 0xF3, 0xC6, 0xC7, 0x60, 0x5A, 0x3A, 0x43, 0x97, 0x18, 0xC5, 0x36,
    0x5B, 0x10, 0x99, 0xF9, 0x9F, 0x91, 0x08, 0xD9, 0x6E, 0x07, 0x25, 0xB7, 0x92, 0xB1, 0xCC, 0xE4,
    0xE4, 0x42, 0xC3, 0x08, 0xEB, 0x52, 0x9B, 0x26, 0x81, 0x26, 0x19, 0xAF, 0x1E, 0xB2, 0xA3, 0x76,
    0x9F, 0xC0, 0xEB, 0x8F, 0x63, 0xA5, 0x11, 0xE7, 0x34, 0xB7, 0xCC, 0x8B, 0x33, 0x47, 0x0E, 0x91,
    0x02, 0x31, 0x8C, 0xE0, 0x17, 0x8F, 0x99, 0xD5, 0xF6, 0xD9, 0xFF, 0xEF, 0x16, 0x7F, 0x51, 0x0B,
    0x65, 0x63, 0xFB, 0x55, 0xAB, 0x56, 0x91, 0x38, 0x00, 0xC2, 0x02, 0x22, 0x0B, 0x7D, 0xA0, 0x07,
    0x73, 0x33, 0xB2, 0x62, 0x35, 0x52, 0x68, 0x76, 0x9C, 0xA6, 0x73, 0xAF, 0xCA, 0x61, 0x95, 0x71,
    0x95, 0xF2, 0x16, 0x1D, 0xF5, 0x7B, 0x3A, 0xE1, 0x67, 0x74, 0xF0, 0x55, 0x4E, 0xAB, 0x1C, 0x31,
    0xCF, 0x04, 0xAE, 0xB2, 0x7A, 0x11, 0x0A, 0x80, 0xE9, 0xDC, 0x24, 0xAB, 0x6D, 0xEF, 0xBC, 0x94,
    0x9D, 0xBF, 0xBD, 0xB8, 0x34, 0x04, 0xA0, 0x0B, 0xC4, 0x80, 0x02, 0xB6, 0x81, 0xAD, 0x36, 0x1A,
    0xC0, 0x0C, 0x4A, 0xB8, 0x09, 0x63, 0x30, 0x8D, 0x28, 0x0A, 0x78, 0xC1, 0x42, 0x02, 0x6C, 0x5D,
    0xFE, 0xC2, 0xAF, 0x84, 0xA8, 0x97, 0x09, 0x96, 0x50, 0xD2, 0x7E, 0xE1, 0xE2, 0x90, 0xE9, 0x03,
    0x24, 0x1F, 0x21, 0x5F, 0x30, 0xA6, 0x85, 0x00, 0x02, 0x81, 0x80, 0x7C, 0x07, 0xA2, 0xC5, 0x8A,
    0xD2, 0x7C, 0x46, 0x8A, 0x47, 0x34, 0xFF, 0x71, 0x4E, 0x98, 0xF3, 0xA2, 0xE5, 0xDF, 0x19, 0xA7,
    0xE0, 0x1D, 0xBC, 0xF2, 0x6D, 0x00, 0x98, 0x17, 0xA8, 0x7C, 0x82, 0x10, 0x73, 0x80, 0x98, 0x21,
    0xDA, 0xA6, 0x28, 0x3B, 0x59, 0x65, 0x3D, 0xAF, 0x8F, 0xD5, 0xE7, 0x84, 0xB8, 0xAE, 0x6D, 0xD6,
    0x88, 0x37, 0x0F, 0x7F, 0xF3, 0xE8, 0x2C, 0xAD, 0x2A, 0xC3, 0x62, 0x12, 0xB8, 0x4A, 0xD5, 0xA4,
    0xFA, 0x33, 0xD6, 0x99, 0x7A, 0xB0, 0xFA, 0x27, 0xEA, 0x04, 0x46, 0xF6, 0xA9, 0x70, 0xC0, 0x75,
    0x45, 0xB4, 0x4D, 0x58, 0xB6, 0x43, 0xD9, 0xBE, 0x0E, 0x71, 0x02, 0xC3, 0x09, 0xB8, 0x02, 0xCC,
    0x53, 0x80, 0x67, 0x2E, 0xF8, 0x97, 0x53, 0xBF, 0xCB, 0xBA, 0x3B, 0xED, 0xE0, 0xC0, 0xFF, 0xCD,
    0x3B, 0x9D, 0x79, 0x9C, 0x30, 0xE2, 0x64, 0xC8, 0x08, 0x52, 0x12, 0x65, 0x9A, 0x61, 0x42, 0xEC,
    0xAB, 0xA1, 0xFE, 0x73, 0x35, 0x40, 0x5D, 0x72, 0xA3, 0x2E, 0x1E, 0xD4, 0xCB, 0x06, 0x75, 0x83,
    0x32, 0x5A, 0xC6, 0x79, 0x2C, 0x77, 0xEE, 0xA4, 0xCA, 0x0D, 0x52, 0x55, 0xA4, 0x13, 0xE5, 0x97,
    0x13, 0x95, 0x53, 0xCD, 0xAB, 0x74, 0xC4, 0x52, 0x76, 0xA2, 0x65, 0xB2, 0x00, 0x40, 0x0C, 0x24,
    0xC0, 0x1D, 0xC0, 0xC0, 0xD4, 0x1B, 0x44, 0x15, 0x08, 0x0E, 0x61, 0x81, 0xE0, 0x68, 0x32, 0xB2,
    0x88, 0x07, 0xD1, 0x16, 0x09, 0xF3, 0x87, 0xC7, 0xB9, 0xCB, 0x34, 0x4F, 0x0C, 0x37, 0xB8, 0x17,
    0x38, 0x95, 0xC1, 0xC1, 0x70, 0xFE, 0x20, 0xFE, 0x46, 0x9F, 0x87, 0x31, 0xCF, 0x2F, 0xDD, 0x15,
    0xE0, 0x16, 0x70, 0x0F, 0xD8, 0x05, 0x8E, 0x00, 0xB3, 0x9E, 0x01, 0x5F, 0x26, 0x41, 0xB1, 0x43,
    0x0F, 0x00, 0xF5, 0x92, 0x21, 0xF8, 0x14, 0x58, 0x02, 0xBD, 0xCB, 0x5F, 0xD9, 0xF3, 0xD7, 0x76,
    0x07, 0xE2, 0x54, 0x7E, 0x11, 0x15, 0x04, 0x8E, 0xC1, 0x81, 0x41, 0x79, 0x13, 0xD7, 0xCF, 0xD6,
    0xA6, 0x41, 0x36, 0x84, 0x51, 0x86, 0x94, 0x84, 0xDE, 0x90, 0x58, 0x22, 0x3B, 0x56, 0xB5, 0x6E,
    0x0B, 0xA3, 0x12, 0x9E, 0xE7, 0x6E, 0xE8, 0x22, 0x03, 0x52, 0xA6, 0x7B, 0x83, 0x67, 0x86, 0x24,
    0xB9, 0x5A, 0x30, 0x19, 0xA7, 0xE3, 0xDB, 0xD3, 0x82, 0x1E, 0x94, 0xA8, 0x4F, 0x88, 0x34, 0x5B,
    0xC1, 0x06, 0x6D, 0xC3, 0x4C, 0xE7, 0xDD, 0xD9, 0x60, 0x6F, 0x7D, 0xDB, 0x0D, 0xEC, 0xD9, 0x46,
    0x25, 0xA4, 0x28, 0xB7, 0xBE, 0x19, 0x55, 0x14, 0x14, 0x62, 0x09, 0xD0, 0xBA, 0x76, 0x4B, 0x09,
    0xBD, 0x0D, 0xDC, 0x3E, 0x77, 0x6D, 0xAF, 0xBE, 0xB7, 0x96, 0xB5, 0x00, 0xEF, 0x97, 0x6E, 0xB2,
    0x5B, 0x4C, 0x3A, 0x4C, 0xB6, 0x98, 0x70, 0x91, 0x2A, 0x1C, 0x87, 0x70, 0x04, 0x09, 0x68, 0xF8,
    0x35, 0x57, 0xE8, 0xD2, 0x67, 0xEA, 0xFA, 0x9C, 0x0D, 0x41, 0xBB, 0x33, 0x9E, 0x41, 0xBD, 0x69,
    0xEA, 0x17, 0xE4, 0x1E, 0xF4, 0xD8, 0x80, 0x35, 0x63, 0x76, 0x65, 0xD6, 0x2D, 0xD6, 0x03, 0x1E,
    0xEF, 0x23, 0x3E, 0x5F, 0xDB, 0xE7, 0xBC, 0xC9, 0xB9, 0x7B, 0xD8, 0x83, 0x9B, 0xCF, 0xC1, 0x87,
    0x05, 0x00, 0x00, 0xD3, 0x62, 0x64, 0x85, 0x2E, 0xC2, 0xF6, 0x13, 0xB2, 0xDB, 0xA4, 0x36, 0x1D,
    0x54, 0x3E, 0x80, 0x8A, 0xAA, 0x3E, 0xCA, 0x3A, 0x09, 0x00, 0x70, 0x10, 0xD9, 0x37, 0xB4, 0xED,
    0xAB, 0x47, 0x25, 0xCA, 0x46, 0x9F, 0x2D, 0x56, 0x1B, 0xFA, 0x53, 0xD1, 0xC4, 0x67, 0xD0, 0x8E,
    0x3A, 0xBF, 0xA1, 0x5F, 0x1E, 0x07, 0x6C, 0xAB, 0xD5, 0x57, 0xB2, 0x1D, 0xBA, 0x0D, 0x7C, 0xCD,
    0xC2, 0xD8, 0xC2, 0xA1, 0x85, 0x24, 0x7B, 0x3A, 0x78, 0x89, 0xFA, 0x19, 0xEA, 0x6A, 0x3D, 0x52,
    0xB6, 0xF3, 0xD7, 0x7D, 0x50, 0x2E, 0xCD, 0xBE, 0x35, 0xE3, 0x3F, 0x4E, 0xFD, 0xC9, 0xEA, 0x6E,
    0x3B, 0xF8, 0xD2, 0x90, 0x6D, 0xA0, 0x03, 0xEC, 0x02, 0x62, 0x59, 0x51, 0xC2, 0x47, 0xB4, 0xA2,
    0xA0, 0xA0, 0xDB, 0x48, 0xE7, 0xD0, 0x03, 0x58, 0x00, 0x6A, 0x09, 0x68, 0x01, 0xB6, 0x02, 0xF0,
    0x99, 0x8B, 0x8B, 0x21, 0x0B, 0x65, 0x0E, 0x82, 0x52, 0x21, 0xE1, 0x32, 0x42, 0xD4, 0xBD, 0x8A,
    0xFF, 0x52, 0x7F, 0x07, 0xFD, 0x13, 0xA9, 0xE8, 0x1F, 0xC8, 0x2E, 0xEA, 0x0F, 0xFA, 0x7B, 0xA8,
    0x4F, 0xA2, 0xBB, 0x84, 0x4B, 0xB5, 0xA0, 0xAA, 0x75, 0xE0, 0xC2, 0x7A, 0xA0, 0x80, 0xD0, 0x80,
    0x58, 0xD8, 0x77, 0x70, 0x34, 0x00, 0xC0, 0xBF, 0xF4, 0xDE, 0x72, 0x18, 0xD9, 0x93, 0xBE, 0xCE,
    0x73, 0xD9, 0x29, 0xAC, 0xEC, 0xFE, 0xD3, 0xEA, 0x9B, 0xBF, 0xCA, 0xA2, 0xD9, 0x0F, 0x51, 0x6E,
    0x84, 0x2A, 0x8E, 0x09, 0xED, 0x3E, 0x00, 0x13, 0xF0, 0xA8, 0xFB, 0x59, 0x80, 0xF1, 0xD6, 0x1F,
    0x30, 0x10, 0x66, 0x3A, 0xCB, 0xD5, 0x7B, 0x36, 0xFC, 0xD8, 0xE0, 0xE1, 0x1E, 0xA4, 0xE7, 0x14,
    0xFA, 0x8C, 0x57, 0x09, 0x4A, 0xD4, 0x5F, 0xD1, 0x11, 0x80, 0x7F, 0xD9, 0xED, 0x87, 0x36, 0x56,
    0x46, 0x14, 0xFA, 0xA7, 0xA8, 0xF7, 0x2B, 0xBB, 0x04, 0x0B, 0x70, 0x50, 0x80, 0x25, 0xB4, 0xBC,
    0x0B, 0x3F, 0xA2, 0x06, 0xA9, 0xFB, 0x16, 0x00, 0x36, 0xC0, 0x01, 0x62, 0x48, 0xE0, 0x16, 0x18,
    0x46, 0xDE, 0x0D, 0x42, 0x37, 0x50, 0xB6, 0x27, 0x19, 0x31, 0x1C, 0x37, 0xAB, 0x16, 0x84, 0x0E,
    0x65, 0x91, 0xEC, 0x30, 0xE6, 0x68, 0xC8, 0xAD, 0xA9, 0x5F, 0x70, 0x0D, 0x52, 0x58, 0xA0, 0x32,
    0xA0, 0x5A, 0xC8, 0xE1, 0x31, 0x87, 0x93, 0xA6, 0xB8, 0x20, 0xB2, 0x4D, 0x57, 0x45, 0xAA, 0x98,
    0x7A, 0x18, 0xC0, 0x04, 0x7A, 0xC0, 0x26, 0x08, 0x08, 0x0B, 0x82, 0x1C, 0x68, 0x47, 0x9C, 0xDF,
    0x63, 0x37, 0xA0, 0x3C, 0x73, 0x9D, 0xEE, 0x1E, 0x51, 0xD3, 0xB3, 0x9D, 0xB2, 0x54, 0xDF, 0xD7,
    0x17, 0xFE, 0x26, 0xFB, 0x2F, 0xB5, 0x98, 0x01, 0x84, 0x64, 0x47, 0x1A, 0xC7, 0x7F, 0xAF, 0x6A,
    0x66, 0xDF, 0x66, 0x6A, 0xA6, 0xBF, 0xC6, 0x61, 0xDD, 0x4D, 0xFA, 0x05, 0x9C, 0x60, 0xA6, 0x5F,
    0x8E, 0xC5, 0x70, 0xAF, 0xA7, 0xEB, 0xE4, 0x08, 0xD6, 0x5D, 0x02, 0x0B, 0x40, 0x00, 0x40, 0x32,
    0xD8, 0x9C, 0xE1, 0xFA, 0xB6, 0x9F, 0x04, 0x87, 0x84, 0x0D, 0x00, 0x81, 0x05, 0x10, 0xD0, 0xC8,
    0xB9, 0x25, 0x23, 0x5D, 0xD9, 0x45, 0xB8, 0x40, 0x27, 0xC1, 0x21, 0xC7, 0xD5, 0x71, 0x0E, 0xE4,
    0x4E, 0x71, 0xED, 0xF2, 0xD8, 0x9E, 0x79, 0x57, 0xD5, 0xB3, 0x6B, 0x76, 0x77, 0x77, 0xB3, 0xB3,
    0x73, 0x73, 0xEA, 0xFB, 0xFF, 0x95, 0x7A, 0x55, 0xDF, 0xF7, 0xEF, 0x57, 0x53, 0x5F, 0x7D, 0x6F,
    0x80, 0x00, 0x6A, 0x71, 0x0C, 0xB6, 0x98, 0xFA, 0x1D, 0x3D, 0x1B, 0x05, 0xA1, 0xA8, 0xFB, 0x48,
    0x3D, 0x20, 0x77, 0x15, 0xDA, 0x8D, 0xEE, 0x21, 0xF5, 0xD3, 0x58, 0x1F, 0xB1, 0x42, 0x41, 0x9C,
    0x0B, 0x53, 0x0F, 0x00, 0x15, 0xEC, 0xEA, 0xC3, 0x35, 0x31, 0x1F, 0x54, 0x7A, 0x5E, 0x29, 0x3F,
    0xCA, 0x42, 0xB4, 0xD8, 0xA9, 0xB4, 0x2B, 0x4C, 0xAD, 0x0F, 0x01, 0x1A, 0xC8, 0x16, 0xC0, 0x11,
    0xB0, 0x31, 0xF6, 0xC3, 0xBF, 0x08, 0x9D, 0x4A, 0x58, 0x9B, 0x08, 0xA6, 0x16, 0xD6, 0x78, 0x1C,
    0x9D, 0x25, 0x8C, 0x5D, 0x47, 0xCF, 0x76, 0xA0, 0x9D, 0x01, 0x00, 0xBB, 0xC0, 0x10, 0xD0, 0xF4,
    0xF3, 0x3F, 0x71, 0xDD, 0x7C, 0x47, 0x4F, 0xF9, 0x08, 0xF7, 0x18, 0x44, 0x3B, 0xF2, 0xBB, 0x73,
    0x00, 0x6C, 0x17, 0xC0, 0x7B, 0x80, 0x9F, 0x3B, 0x80, 0x02, 0x80, 0x55, 0xC6, 0x6D, 0x2D, 0xED,
    0xA1, 0x64, 0x73, 0x61, 0x24, 0x54, 0x1D, 0x1A, 0xA1, 0x58, 0x51, 0x41, 0x10, 0xF4, 0x2C, 0xB2,
    0x4D, 0x0A, 0x25, 0x21, 0xF2, 0x6E, 0x62, 0x3B, 0x4A, 0xCC, 0x1C, 0xA1, 0x50, 0x61, 0x43, 0x18,
    0x68, 0xD7, 0x49, 0x1E, 0xEA, 0xCE, 0xD2, 0xDB, 0x11, 0xA0, 0x32, 0x1B, 0xFB, 0xFA, 0x0B, 0xE2,
    0x38, 0x47, 0x08, 0x15, 0x69, 0x55, 0x01, 0x08, 0x22, 0xAD, 0x8B, 0xFC, 0x2B, 0x93, 0xF8, 0x83,
    0xC7, 0x3D, 0x87, 0xA5, 0x67, 0x8F, 0x30, 0xC8, 0xDD, 0x2C, 0x79, 0xB6, 0xB3, 0xA5, 0xE7, 0x19,
    0xC6, 0x7D, 0xF8, 0x52, 0xA4, 0x6B, 0x1E, 0xED, 0x4A, 0x17, 0x49, 0x6C, 0x24, 0x50, 0xED, 0xED,
    0xB6, 0x11, 0x7D, 0xDB, 0xCD, 0x2B, 0x7D, 0xFB, 0xDD, 0xF4, 0xF2, 0x73, 0xB7, 0x9F, 0x9E, 0x46,
    0x2A, 0x19, 0xA5, 0x4D, 0x8C, 0x63, 0xF3, 0xCD, 0x32, 0xFF, 0x3C, 0x6C, 0x99, 0xBB, 0xDF, 0xB7,
    0x8B, 0xE9, 0x8C, 0x62, 0x21, 0xA0, 0x67, 0xA7, 0xA7, 0xDF, 0x46, 0x8F, 0x7C, 0x9A, 0xE8, 0xAE,
    0xB1, 0xD3, 0xF6, 0xFB, 0x43, 0x80, 0x10, 0x3D, 0x05, 0x01, 0x4E, 0xA0, 0xC2, 0x31, 0x78, 0x04,
    0x7B, 0x11, 0x93, 0x88, 0x10, 0xA6, 0x6D, 0x08, 0x40, 0x82, 0x87, 0x77, 0x1C, 0x5C, 0xA7, 0x54,
    0xFE, 0x6D, 0xE5, 0x05, 0xEE, 0x59, 0xEE, 0xE5, 0x82, 0x97, 0xEC, 0x09, 0x36, 0xFD, 0xDC, 0x93,
    0xCD, 0x50, 0x8E, 0x7F, 0xD7, 0x7C, 0xC6, 0xD4, 0x0E, 0x5D, 0xD9, 0x88, 0x33, 0x44, 0x69, 0x3E,
    0xF1, 0x46, 0x48, 0xBC, 0x7E, 0xB0, 0xE4, 0xC1, 0x92, 0x8B, 0x25, 0xCB, 0xFB, 0x89, 0xF5, 0x97,
    0x89, 0xD5, 0xDD, 0xC4, 0xB4, 0x1B, 0x89, 0xC7, 0x9D, 0xBC, 0x5E, 0x67, 0x28, 0xC2, 0xB4, 0x16,
    0xB3, 0x00, 0xC8, 0x7C, 0x74, 0x7C, 0xDB, 0x27, 0xBF, 0x24, 0xB7, 0x24, 0xAF, 0x44, 0xA7, 0x17,
    0x7C, 0xF4, 0x19, 0xA9, 0x30, 0x99, 0x8F, 0x1E, 0x23, 0xE9, 0x2F, 0x23, 0xA9, 0xBB, 0x91, 0x68,
    0x13, 0x8D, 0x13, 0x0D, 0xA3, 0x83, 0x3A, 0xAA, 0x85, 0x24, 0x16, 0x94, 0x83, 0x24, 0x18, 0x3E,
    0x03, 0xE8, 0x01, 0x05, 0x00, 0x00, 0x40, 0x39, 0xAD, 0xFB, 0xF2, 0xAE, 0x7F, 0x4B, 0x08, 0x9D,
    0xA7, 0x61, 0xF8, 0xCD, 0xA2, 0x03, 0xF4, 0x80, 0x4D, 0x30, 0x2F, 0x47, 0x78, 0x80, 0xEC, 0xB6,
    0x83, 0x4F, 0x2D, 0xEC, 0x02, 0x2B, 0xC0, 0x36, 0xC7, 0xFD, 0x31, 0x30, 0xB5, 0xF0, 0x6D, 0x4D,
    0x76, 0xC7, 0xA1, 0xEE, 0xCC, 0xD0, 0xBF, 0x08, 0xE4, 0x6D, 0xA0, 0xC3, 0x9C, 0x0D, 0x46, 0x6C,
    0x52, 0xB1, 0x43, 0x9F, 0x96, 0xD6, 0x5D, 0x5C, 0x45, 0x36, 0xD1, 0x0D, 0x59, 0x00, 0x30, 0x0B,
    0x06, 0x05, 0x95, 0x80, 0xA0, 0x5A, 0x4A, 0x49, 0xFD, 0xFD, 0xC8, 0x25, 0xC5, 0xB7, 0x33, 0xDB,
    0x9D, 0x4C, 0x76, 0x9D, 0xD4, 0xAB, 0x8C, 0xBD, 0xF0, 0xE4, 0x36, 0xF6, 0x2F, 0x5D, 0xDA, 0xBA,
    0x2C, 0x3E, 0x77, 0x60, 0x9C, 0x71, 0xFA, 0xA1, 0x56, 0x04, 0x6C, 0x17, 0x82, 0x3F, 0x3E, 0x96,
    0x85, 0x85, 0x55, 0x60, 0xEA, 0x97, 0x49, 0x46, 0x28, 0x48, 0x49, 0x67, 0x80, 0x79, 0x42, 0x42,
    0x32, 0x8F, 0x25, 0xA4, 0x17, 0x14, 0xF9, 0xAF, 0x51, 0x0B, 0x98, 0x03, 0xE8, 0x43, 0xC4, 0xD4,
    0x95, 0x76, 0x4F, 0x4C, 0x4B, 0x4F, 0x0A, 0x1C, 0x53, 0x93, 0x13, 0x3A, 0x27, 0x69, 0xE8, 0x94,
    0xA9, 0x69, 0x55, 0xA1, 0xAF, 0x90, 0x2D, 0xA0, 0x01, 0xE8, 0xE7, 0xEE, 0xBA, 0x71, 0x3D, 0xFD,
    0xA8, 0x89, 0x76, 0x29, 0x21, 0x7D, 0x7C, 0x93, 0x25, 0x00, 0x82, 0x8F, 0x08, 0x00, 0xC0, 0xD9,
    0x05, 0x98, 0xB6, 0xCE, 0xAE, 0x02, 0x98, 0x2B, 0xD6, 0x5C, 0x01, 0x4E, 0x21, 0x03, 0x0F, 0x3A,
    0x42, 0x2C, 0x5C, 0x3A, 0x3F, 0x29, 0x00, 0x02, 0xBB, 0xF0, 0x09, 0xD8, 0xE7, 0x11, 0xE4, 0x27,
    0xF0, 0x1B, 0x07, 0x65, 0x0D, 0x6B, 0xE7, 0x2A, 0x28, 0xCF, 0x51, 0xFF, 0x84, 0x05, 0x74, 0x9F,
    0x47, 0xD0, 0x04, 0x38, 0x00, 0x0A, 0x40, 0xD9, 0x73, 0x15, 0xE4, 0xD0, 0x1E, 0xF6, 0x61, 0xE5,
    0x39, 0x04, 0x15, 0x73, 0xF6, 0xFA, 0x20, 0x60, 0x6A, 0x72, 0x37, 0x6E, 0xEB, 0xFD, 0xBC, 0xAE,
    0x84, 0xED, 0x1E, 0x66, 0x4E, 0xF6, 0xF1, 0x87, 0xA8, 0x88, 0xFB, 0xE9, 0x40, 0x7D, 0x33, 0x03,
    0x6B, 0x81, 0xB3, 0xA7, 0x83, 0xE2, 0x88, 0xD5, 0xAB, 0x00, 0xD2, 0xA3, 0xD3, 0x01, 0x9E, 0x9D,
    0x14, 0x1E, 0x94, 0xC1, 0x16, 0xB0, 0x0D, 0xAC, 0x70, 0x3E, 0x32, 0xB2, 0x00, 0xFE, 0x54, 0x32,
    0xD0, 0xED, 0x0C, 0xB2, 0xAB, 0x16, 0x00, 0x30, 0x6D, 0x5B, 0xA3, 0x16, 0xBA, 0x46, 0x8F, 0x94,
    0xC5, 0x54, 0xC0, 0x46, 0xB5, 0x0E, 0x55, 0xB5, 0x09, 0x7B, 0xC3, 0x05, 0xF8, 0xD8, 0x53, 0xED,
    0x62, 0x1D, 0x5D, 0x57, 0x60, 0xA8, 0xA8, 0x37, 0xA8, 0x70, 0x5B, 0x54, 0x99, 0x6B, 0xB3, 0xB6,
    0x75, 0xB4, 0x73, 0x00, 0x00, 0x4C, 0x73, 0x44, 0x55, 0xBE, 0x5F, 0x57, 0xA2, 0x1D, 0x11, 0xE9,
    0x79, 0xF9, 0x3A, 0x54, 0x42, 0x52, 0x41, 0x55, 0x3A, 0x57, 0x7E, 0xD5, 0xD6, 0x8C, 0x17, 0x68,
    0xBF, 0x8D, 0xD8, 0x0D, 0xFA, 0xBC, 0xC0, 0x00, 0xA8, 0x80, 0xD1, 0x12, 0x6D, 0x5D, 0xD1, 0x67,
    0xC0, 0x36, 0xA5, 0x6E, 0x9D, 0xD8, 0x6D, 0xB4, 0x1F, 0xC0, 0xB8, 0x49, 0xEF, 0xA2, 0x10, 0x3B,
    0x30, 0xF5, 0xC0, 0xD8, 0x42, 0xC8, 0x1B, 0xB4, 0x25, 0xFF, 0x3B, 0x26, 0x2E, 0xD1, 0xB3, 0xB6,
    0x0D, 0x95, 0x72, 0xBB, 0xB9, 0x35, 0x0D, 0xD8, 0x2E, 0x4C, 0x26, 0xB0, 0xEB, 0x40, 0x2C, 0xAC,
    0xC2, 0xA9, 0xA3, 0x46, 0x3C, 0x18, 0xF5, 0x91, 0xFC, 0x9F, 0xB7, 0xBE, 0x2F, 0x54, 0x62, 0x2B,
    0xA1, 0xDF, 0x5B, 0x8A, 0x00, 0x93, 0x44, 0xD8, 0xCA, 0xB8, 0x7D, 0x95, 0x6A, 0x8C, 0x81, 0x41,
    0x1A, 0x00, 0xB2, 0xCF, 0x1F, 0xBE, 0x84, 0xC6, 0x7F, 0x3B, 0x42, 0x98, 0x20, 0xCC, 0x10, 0x5D,
    0x23, 0x86, 0xE4, 0x1D, 0xA9, 0x40, 0x0E, 0x41, 0x4A, 0x10, 0xA9, 0x59, 0xBE, 0x41, 0x15, 0x10,
    0x1A, 0xC6, 0x7E, 0xFC, 0x40, 0x1E, 0x0F, 0xBC, 0x45, 0xB2, 0x1E, 0xF7, 0xAD, 0xF0, 0x3D, 0x43,
    0x6F, 0x93, 0xDE, 0x65, 0x7A, 0x81, 0xA2, 0xA1, 0x37, 0x88, 0x83, 0xF4, 0x4C, 0x3D, 0x7D, 0x2F,
    0x9C, 0xF5, 0xE2, 0x40, 0x03, 0x6B, 0x40, 0x07, 0xC8, 0xFD, 0x0F, 0xDE, 0x1C, 0x47, 0x70, 0x19,
    0xF6, 0x60, 0x02, 0x43, 0x68, 0x03, 0x5C, 0x7D, 0x03, 0x80, 0xF3, 0x8A, 0x2E, 0xAD, 0x05, 0x00,
    0x78, 0x1E, 0x25, 0xA0, 0x5F, 0xB5, 0xD9, 0xBF, 0xE0, 0x00, 0xBA, 0x0C, 0xDB, 0xF9, 0xB0, 0x0D,
    0x3B, 0xF8, 0x1D, 0xED, 0xBA, 0x06, 0x5E, 0x84, 0x1D, 0x68, 0xA0, 0xAD, 0xD1, 0x01, 0x1A, 0x38,
    0x80, 0x51, 0xE4, 0x7D, 0xE6, 0x07, 0x2A, 0xEC, 0x1A, 0x67, 0x8E, 0xB8, 0x78, 0x01, 0xF3, 0xE2,
    0xC9, 0xF6, 0x0F, 0x5B, 0x17, 0xED, 0xB2, 0xE1, 0x95, 0x2D, 0xD8, 0x23, 0xF3, 0x64, 0x9F, 0x81,
    0xA9, 0xD1, 0x0E, 0x3D, 0xEB, 0x6A, 0x77, 0x2B, 0x77, 0xA3, 0x82, 0xA2, 0x89, 0x0B, 0xCD, 0x8B,
    0xBA, 0x49, 0xAB, 0x54, 0x50, 0x81, 0xC7, 0x9B, 0x7F, 0xC7, 0x5D, 0xFF, 0xBF, 0x14, 0xDB, 0x91,
    0x81, 0x38, 0x92, 0x98, 0x0A, 0xCE, 0xA7, 0xCC, 0x86, 0x63, 0xD2, 0x27, 0x74, 0xA6, 0x32, 0x1B,
    0x80, 0x2C, 0x80, 0x9E, 0x81, 0x00, 0x2B, 0x67, 0x3F, 0x9C, 0x5C, 0x84, 0x01, 0x34, 0x28, 0xF7,
    0x7C, 0x87, 0x33, 0x1E, 0x2A, 0x8F, 0x20, 0x3C, 0x4C, 0x2A, 0x44, 0xCA, 0x82, 0xB4, 0x2D, 0xA9,
    0xF7, 0x24, 0xB2, 0x5E, 0xC8, 0xEF, 0xB8, 0xB1, 0xCF, 0x5A, 0xFB, 0x76, 0x39, 0x2B, 0x7D, 0x90,
    0x7A, 0x2E, 0x34, 0x4B, 0x0B, 0x69, 0xB1, 0x9E, 0x89, 0xA9, 0xA5, 0x40, 0x2A, 0x24, 0x20, 0x35,
    0xC2, 0x89, 0x4D, 0x67, 0x00, 0x10, 0x80, 0x11, 0x20, 0x40, 0xC6, 0xB2, 0x60, 0x17, 0x67, 0x10,
    0x6F, 0x96, 0x45, 0xF5, 0xFA, 0x41, 0xC4, 0x20, 0xA2, 0x88, 0x90, 0xF7, 0x49, 0x05, 0x7A, 0x2A,
    0xCF, 0xD7, 0x69, 0x23, 0xC6, 0x11, 0x43, 0xA6, 0xB5, 0xA0, 0x20, 0x77, 0xA8, 0x00, 0x15, 0xC0,
    0x78, 0x6A, 0xCB, 0xE3, 0x1B, 0x52, 0x3D, 0x6C, 0xDA, 0x4D, 0x6F, 0xCC, 0xC1, 0x42, 0x7E, 0x2F,
    0x25, 0xEE, 0x00, 0xDB, 0xC0, 0x1F, 0x2D, 0xDC, 0xAE, 0xE1, 0xEB, 0x88, 0xF1, 0xFF, 0x56, 0x2A,
    0xB3, 0x01, 0x03, 0x98, 0xA3, 0x6A, 0x54, 0x20, 0xDF, 0x64, 0x6D, 0x3D, 0xB1, 0x3A, 0x45, 0xE5,
    0x0C, 0x00, 0x68, 0x07, 0x48, 0x0D, 0x54, 0x00, 0xDD, 0x73, 0xBB, 0xA7, 0x78, 0x03, 0x54, 0x80,
    0xDC, 0x41, 0xE7, 0x39, 0xEF, 0x2B, 0x80, 0xCC, 0x43, 0x3E, 0x83, 0x0E, 0xC0, 0x1A, 0x4C, 0xBF,
    0xBB, 0x97, 0xD9, 0xC6, 0xF4, 0xF9, 0x6B, 0x3D, 0x50, 0x5F, 0xB8, 0x4A, 0xBF, 0xEA, 0x46, 0xD1,
    0xCF, 0x68, 0x53, 0xBB, 0x2A, 0x26, 0x99, 0xDD, 0x49, 0xEE, 0x4A, 0x2F, 0x56, 0x5C, 0x41, 0x1E,
    0xE7, 0x9A, 0xA9, 0x67, 0x03, 0x00, 0x60, 0x15, 0x4A, 0x18, 0x81, 0x07, 0x55, 0xEB, 0x16, 0x91,
    0x28, 0xC4, 0x55, 0x3F, 0xF5, 0xA3, 0x9F, 0x85, 0xD1, 0x57, 0x61, 0x70, 0xDB, 0x0F, 0x97, 0x49,
    0x4D, 0x0E, 0x79, 0x19, 0x80, 0xF5, 0x4B, 0x50, 0xEE, 0x82, 0xB9, 0x61, 0xC9, 0xBE, 0x76, 0xD0,
    0x3D, 0xFB, 0x4E, 0x55, 0x3B, 0xEC, 0x0E, 0x90, 0xD7, 0xE3, 0x44, 0x07, 0xA8, 0x16, 0x79, 0xCD,
    0x45, 0xE9, 0x44, 0x9B, 0x3A, 0x73, 0x27, 0xF5, 0x53, 0x91, 0x65, 0x5C, 0xFE, 0x9F, 0x39, 0x7D,
    0xE0, 0x1F, 0x8E, 0xCC, 0xD6, 0xC0, 0xD9, 0x83, 0xEA, 0x86, 0x8D, 0x0D, 0x56, 0xB2, 0x67, 0xFF,
    0x31, 0x5C, 0xDE, 0xA3, 0x3A, 0xA0, 0xEC, 0xA3, 0x7F, 0x6F, 0xB1, 0x76, 0xDC, 0x06, 0x61, 0x22,
    0xEC, 0x09, 0x88, 0xB6, 0xC9, 0xDA, 0xC4, 0xC9, 0x40, 0xF8, 0x91, 0xB0, 0x13, 0x6D, 0xDC, 0x36,
    0xC1, 0xB3, 0x68, 0xE8, 0x57, 0xE4, 0x57, 0x00, 0xF4, 0x82, 0x8E, 0x50, 0x19, 0x5B, 0xE5, 0x75,
    0xAA, 0x0D, 0xA1, 0x5A, 0x5A, 0xA1, 0xEA, 0xFC, 0x08, 0x6E, 0xA1, 0x3F, 0x42, 0x29, 0x0B, 0x9C,
    0x3E, 0x84, 0x6A, 0x58, 0x5B, 0x63, 0x25, 0x7B, 0xB6, 0xFF, 0x37, 0x6F, 0x72, 0xD0, 0xB0, 0x5B,
    0x61, 0x0C, 0x64, 0xA4, 0x88, 0xE1, 0xD9, 0x16, 0xA7, 0xA5, 0x5F, 0x31, 0x67, 0xBB, 0x22, 0x37,
    0x00, 0x2A, 0xA0, 0x9E, 0x36, 0x79, 0xC1, 0x4F, 0xEC, 0x3B, 0xBE, 0x7E, 0x89, 0x1F, 0xFC, 0xE0,
    0x1C, 0xD6, 0xFE, 0xA6, 0xED, 0x42, 0x49, 0xF9, 0xE8, 0x33, 0xB7, 0xF6, 0x02, 0xC8, 0x0D, 0x8B,
    0xFE, 0xB3, 0x83, 0x49, 0x80, 0x6E, 0xF7, 0xCC, 0xF7, 0xF6, 0x27, 0x81, 0x83, 0x86, 0x72, 0x3B,
    0xEE, 0xDB, 0x29, 0x3E, 0x37, 0x7B, 0x16, 0xFE, 0x30, 0x83, 0xA4, 0x1E, 0xCE, 0x1C, 0x54, 0x2D,
    0x30, 0x86, 0x95, 0xEC, 0xD9, 0x11, 0x2F, 0xBF, 0x02, 0xD5, 0x01, 0x14, 0x7D, 0xA2, 0x42, 0x0B,
    0xD6, 0x32, 0x6E, 0x2D, 0xA2, 0x3D, 0x42, 0x40, 0x98, 0x23, 0x84, 0x63, 0xE4, 0x0E, 0x69, 0x41,
    0x8C, 0x43, 0xD4, 0xEC, 0x64, 0x9C, 0x5B, 0x8C, 0x67, 0xA5, 0x9D, 0x2C, 0x7F, 0x6A, 0x7F, 0x1B,
    0xFD, 0x1A, 0x2C, 0x0F, 0x65, 0xD9, 0xDA, 0xFC, 0x2B, 0xF2, 0xFA, 0x51, 0x2B, 0xE7, 0x70, 0x0B,
    0xF4, 0x47, 0xA0, 0x32, 0x0B, 0x70, 0xE6, 0xA0, 0x26, 0x6C, 0x6D, 0x75, 0x57, 0xA0, 0x3F, 0x98,
    0x1E, 0x16, 0xBF, 0xEC, 0x71, 0xD2, 0xA6, 0xB3, 0x27, 0xED, 0xE3, 0x59, 0xBF, 0xC7, 0xAE, 0x4D,
    0x18, 0x1D, 0x50, 0xF4, 0xD1, 0xEF, 0xD9, 0x67, 0x7F, 0x14, 0xFE, 0xF8, 0xA1, 0x7D, 0x3C, 0x73,
    0xD0, 0xEC, 0x90, 0x3C, 0x87, 0x8C, 0x67, 0x46, 0xD4, 0xAD, 0x2D, 0xD2, 0x16, 0xBB, 0x2A, 0xAB,
    0x07, 0x30, 0xAC, 0x91, 0x06, 0xD5, 0x5A, 0x4A, 0x47, 0xEE, 0xF6, 0x74, 0xB2, 0x7D, 0x61, 0xD8,
    0x00, 0xE0, 0x21, 0xC0, 0x2B, 0x70, 0x13, 0x2C, 0xD2, 0x54, 0x5B, 0x3B, 0x97, 0x06, 0x94, 0x33,
    0x3D, 0x67, 0xB4, 0x57, 0xED, 0xED, 0x8F, 0x3D, 0xE8, 0x3A, 0x77, 0x38, 0x65, 0xA1, 0x6D, 0x17,
    0x61, 0xB4, 0xE9, 0x47, 0xEB, 0x8C, 0x56, 0x18, 0xF1, 0x34, 0x8B, 0x12, 0x00, 0xAE, 0xC1, 0x01,
    0xAC, 0xC3, 0x65, 0xB0, 0xAC, 0xD2, 0xA1, 0xC7, 0x38, 0xF4, 0x78, 0xB0, 0x09, 0x26, 0x80, 0x41,
    0x6A, 0x55, 0xE7, 0xAC, 0x50, 0x1E, 0x32, 0x12, 0x7B, 0xAC, 0x92, 0xDC, 0x21, 0x96, 0xDF, 0xA1,
    0x8E, 0x30, 0xF7, 0xAB, 0xC8, 0xC4, 0xB1, 0x5F, 0x92, 0x35, 0x94, 0x8E, 0x97, 0xA1, 0x0C, 0xD7,
    0xAA, 0x37, 0x07, 0x54, 0xEC, 0x67, 0xC1, 0xCC, 0x2F, 0x56, 0x6C, 0xC7, 0x56, 0x11, 0x72, 0xB7,
    0x4D, 0x17, 0x6C, 0xC4, 0x24, 0xC0, 0xEE, 0x83, 0xFF, 0xB7, 0x79, 0x4A, 0x3E, 0x68, 0x5B, 0xE4,
    0x29, 0x2D, 0xAD, 0xB9, 0xA0, 0xD0, 0x37, 0xC8, 0x16, 0x70, 0x8B, 0xB7, 0xE0, 0x3A, 0xF4, 0xEE,
    0x5B, 0x31, 0xB5, 0xC5, 0x49, 0x6D, 0x31, 0x7B, 0xD0, 0xA6, 0x37, 0x9A, 0xFF, 0x02, 0x4D, 0x90,
    0x81, 0x87, 0x24, 0x47, 0x14, 0xC6, 0x7F, 0x3D, 0x9B, 0xBD, 0xDE, 0x99, 0xA9, 0xDB, 0x69, 0x08,
    0x2B, 0x37, 0xB9, 0x19, 0x31, 0x68, 0xEC, 0xCD, 0x94, 0x5C, 0x91, 0x3A, 0x66, 0xAE, 0x0B, 0x87,
    0x20, 0x64, 0x01, 0x01, 0x4C, 0x08, 0x02, 0x92, 0x1E, 0x06, 0x83, 0x66, 0xEB, 0x4F, 0x68, 0x80,
    0x25, 0x61, 0xFE, 0x84, 0xC6, 0x62, 0xC5, 0x9E, 0x29, 0x82, 0xC8, 0x42, 0x06, 0x20, 0x40, 0x23,
    0x40, 0xA0, 0x9D, 0xC1, 0x8A, 0x9B, 0xED, 0x74, 0x19, 0x97, 0xEC, 0xF7, 0xD5, 0xAB, 0x2A, 0x9F,
    0xF7, 0x9E, 0xEF, 0xBD, 0x0B, 0xEE, 0x99, 0xD1, 0xA5, 0x45, 0xCF, 0x8E, 0xB9, 0xA6, 0x65, 0xBA,
    0xDB, 0x4F, 0x2B, 0xA5, 0x27, 0x5F, 0x7D, 0xBB, 0xBB, 0x7C, 0xBF, 0xA9, 0xF7, 0xE0, 0xE6, 0xEB,
    0xED, 0xC4, 0x32, 0x9D, 0xD2, 0xC4, 0x54, 0x7F, 0xFF, 0xB3, 0x90, 0x4C, 0x58, 0xB8, 0xB5, 0x5B,
    0xB8, 0x09, 0x47, 0xBF, 0xDA, 0xDE, 0x1F, 0xF6, 0xF9, 0x0C, 0x55, 0x30, 0x3C, 0x3B, 0x5F, 0xF6,
    0xCA, 0xD0, 0xE5, 0x79, 0x7E, 0x75, 0x75, 0x55, 0x95, 0xDC, 0xEF, 0x98, 0x4D, 0x09, 0xBB, 0xB4,
    0xE9, 0xF1, 0xBB, 0xEF, 0x63, 0x13, 0x5B, 0x96, 0x26, 0x22, 0x4E, 0xB3, 0xA9, 0xCE, 0x84, 0x62,
    0x7A, 0x5B, 0xA4, 0xF1, 0x49, 0xB1, 0x53, 0xA9, 0x19, 0x92, 0xD1, 0x34, 0xB4, 0x81, 0x09, 0x5D,
    0xCF, 0x68, 0x84, 0xC8, 0xC4, 0x7C, 0x9E, 0xCD, 0x13, 0xC7, 0x81, 0x86, 0xDB, 0x5B, 0x11, 0xAF,
    0xE9, 0x4B, 0xD9, 0x67, 0xB4, 0x7F, 0x18, 0x45, 0xA3, 0xD1, 0xC3, 0x28, 0x71, 0x81, 0x0D, 0x9A,
    0x78, 0x67, 0x37, 0x78, 0xA4, 0x9E, 0xBC, 0x74, 0x8F, 0x3C, 0xFF, 0x6F, 0x57, 0x67, 0x22, 0x8E,
    0x46, 0x8C, 0x98, 0x10, 0xF2, 0x16, 0x38, 0x43, 0xA2, 0x48, 0x68, 0x3C, 0x27, 0x4E, 0xBA, 0xC8,
    0x44, 0x7C, 0x7E, 0xF6, 0xF2, 0xA7, 0xF1, 0x8E, 0xFF, 0xC6, 0x09, 0x4C, 0xD7, 0x3D, 0xAF, 0xB4,
    0x06, 0x70, 0x8F, 0x86, 0xF8, 0xB0, 0xA3, 0xDA, 0xF9, 0x00, 0xF0, 0xAF, 0x57, 0x37, 0xFB, 0xBA,
    0x7E, 0x4F, 0x00, 0x47, 0xD0, 0x06, 0x01, 0x0A, 0x52, 0x70, 0xB4, 0xEC, 0x63, 0x8D, 0x08, 0x0F,
    0x5A, 0xC6, 0xAB, 0x1D, 0xAF, 0x12, 0x83, 0x84, 0x39, 0x38, 0x02, 0x9F, 0x4C, 0x08, 0x4F, 0x41,
    0xC0, 0x08, 0x24, 0x48, 0x21, 0xE4, 0xD0, 0x4A, 0x97, 0xB8, 0xCD, 0xD6, 0xE6, 0x36, 0xDF, 0x6C,
    0xC7, 0xBB, 0xCF, 0xBE, 0x5C, 0xB8, 0x01, 0x03, 0x16, 0xEE, 0x44, 0x4A, 0x7D, 0x1E, 0x0F, 0x1F,
    0x1B, 0x3A, 0x8C, 0x55, 0xEF, 0xA1, 0xDE, 0xDF, 0xDD, 0xDD, 0x25, 0xF6, 0x63, 0x87, 0xA7, 0x65,
    0x9E, 0xFC, 0xF9, 0xDB, 0xFD, 0x09, 0xAC, 0xBD, 0x67, 0x10, 0x00, 0x49, 0xB3, 0x88, 0x8D, 0xF5,
    0xF7, 0xA5, 0x05, 0x88, 0x92, 0xFB, 0x28, 0x42, 0x67, 0x4A, 0x01, 0x2B, 0x78, 0xF2, 0x17, 0x74,
    0x2D, 0xCF, 0x4C, 0x77, 0xCB, 0x77, 0x70, 0xA2, 0x64, 0x8C, 0x5F, 0xC7, 0xD7, 0x51, 0x8F, 0x37,
    0x59, 0xF6, 0xC6, 0x9B, 0x7E, 0xCB, 0xD8, 0xF0, 0x0A, 0x5A, 0x3E, 0xD7, 0xE1, 0xC1, 0x0C, 0x82,
    0x1D, 0x84, 0x8E, 0xB1, 0x79, 0x96, 0xFB, 0x52, 0x08, 0x80, 0x23, 0x7B, 0x43, 0xDB, 0x3D, 0x29,
    0x45, 0x4E, 0xF7, 0x1B, 0xC9, 0x0F, 0x52, 0x4E, 0x4C, 0x7A, 0x96, 0x93, 0x0B, 0x80, 0x61, 0x2C,
    0x14, 0x54, 0x15, 0xB4, 0x69, 0x9B, 0x5F, 0xDC, 0x31, 0x5F, 0x98, 0x88, 0xC1, 0x8F, 0xC8, 0x77,
    0x2E, 0x2D, 0x5D, 0x73, 0x37, 0xFF, 0xA1, 0xBC, 0x15, 0x1F, 0x19, 0x08, 0x66, 0xB0, 0x6A, 0xD5,
    0xB5, 0xBD, 0x80, 0xE3, 0xF1, 0xC5, 0xF1, 0x4D, 0xB0, 0x79, 0x30, 0x97, 0x75, 0xBD, 0xF5, 0x81,
    0x47, 0x58, 0x1B, 0xF2, 0x38, 0xDC, 0xB7, 0xEC, 0x9C, 0xC1, 0x1E, 0x0F, 0x7C, 0xC1, 0x0B, 0x13,
    0xDC, 0xF8, 0x06, 0x80, 0x01, 0xB8, 0x01, 0x3F, 0x65, 0xB3, 0xBD, 0xBA, 0xC2, 0xFF, 0x3E, 0x68,
    0x86, 0x8E, 0x8D, 0xCB, 0x56, 0x19, 0xAF, 0x55, 0x39, 0x2E, 0x3E, 0x31, 0x0B, 0xF7, 0x8F, 0x2B,
    0x29, 0xCC, 0xC4, 0x2A, 0x96, 0xAA, 0xC1, 0xAA, 0x63, 0x75, 0x2A, 0x95, 0x54, 0x3A, 0xED, 0x58,
    0x58, 0x15, 0xB1, 0xF4, 0x3C, 0x4F, 0x4F, 0xAF, 0x7D, 0xF6, 0x9A, 0x82, 0x25, 0x13, 0x0B, 0x14,
    0xA4, 0x9D, 0x4A, 0xA5, 0x1E, 0xBA, 0x18, 0x5C, 0x6B, 0x34, 0x49, 0xA9, 0x53, 0x2D, 0x3D, 0xB3,
    0xEB, 0xF1, 0xDF, 0xAE, 0xBF, 0xDC, 0xF6, 0x65, 0x79, 0x38, 0xB3, 0x55, 0xF5, 0xDA, 0xC5, 0x1C,
    0xF8, 0x0A, 0x10, 0xBC, 0x36, 0x7D, 0x0E, 0x3C, 0x35, 0x7A, 0x79, 0x3E, 0x14, 0x17, 0xA7, 0x36,
    0xB4, 0x47, 0xBC, 0x28, 0x9E, 0xE6, 0xCD, 0x6B, 0xC5, 0x76, 0xBA, 0xFB, 0x17, 0x63, 0x00, 0x82,
    0x7A, 0x20, 0xFE, 0x7E, 0x80, 0x81, 0x61, 0xC1, 0x05, 0x20, 0xE3, 0x01, 0x10, 0x6F, 0x00, 0xE2,
    0x1F, 0x0C, 0x0C, 0x4C, 0x7F, 0x18, 0x18, 0x98, 0xCF, 0x32, 0x30, 0x70, 0x7B, 0x33, 0x30, 0xF0,
    0x33, 0x33, 0x30, 0xE8, 0x32, 0xB7, 0x33, 0xD8, 0x30, 0xDE, 0x67, 0xD8, 0xC2, 0xB0, 0x8F, 0x01,
    0x00, 0xAD, 0x9A, 0x07, 0x6C, 0xDC, 0xC8, 0x7A, 0xC7, 0x7F, 0xE4, 0xF8, 0x1E, 0x93, 0xA3, 0xA4,
    0x49, 0xAF, 0x3A, 0x32, 0xBD, 0x4A, 0x5A, 0x21, 0x78, 0x45, 0xC8, 0xA3, 0xBC, 0x3C, 0x3B, 0xBD,
    0x57, 0xF4, 0x14, 0xD4, 0xF4, 0x64, 0xD3, 0x17, 0xC8, 0x9E, 0xC9, 0x3B, 0xA7, 0x37, 0x3F, 0x94,
    0xF4, 0x76, 0x0D, 0x25, 0x5D, 0xE9, 0x42, 0x9E, 0xCF, 0x1C, 0xDB, 0xE9, 0x95, 0x57, 0xD0, 0x52,
    0xE7, 0x4A, 0x7A, 0x9B, 0x33, 0x16, 0x78, 0x8B, 0xE7, 0xDD, 0x9D, 0x7C, 0x83, 0x15, 0x21, 0xB9,
    0x48, 0x5E, 0xE9, 0xDE, 0xF2, 0xFF, 0xFF, 0x3C, 0x1C, 0x7E, 0xFC, 0xBE, 0xD1, 0xF4, 0xF9, 0x68,
    0x40, 0x19, 0x62, 0x07, 0x43, 0x38, 0x07, 0x50, 0x79, 0xA7, 0xD9, 0xD3, 0x0C, 0x34, 0x68, 0x55,
    0x06, 0xF8, 0x20, 0xC3, 0x2D, 0x1F, 0xA0, 0xD9, 0x11, 0x54, 0x7E, 0xA2, 0x3E, 0xB3, 0x4C, 0x7E,
    0xA4, 0x8E, 0x22, 0xE0, 0x14, 0x6F, 0x79, 0x6F, 0x78, 0xD9, 0x19, 0x9E, 0x17, 0x46, 0x0E, 0xA2,
    0x5B, 0x13, 0x22, 0xEF, 0x89, 0xC6, 0x79, 0x1D, 0xB9, 0xC4, 0x44, 0x4E, 0x1D, 0x61, 0x4A, 0x3A,
    0x7D, 0x0C, 0x80, 0x1C, 0x76, 0xC1, 0x42, 0x09, 0xD0, 0x78, 0xAB, 0x11, 0x3C, 0xA9, 0xF9, 0x22,
    0x0D, 0xF7, 0x45, 0xD3, 0x42, 0x35, 0x51, 0xED, 0x86, 0x66, 0x65, 0x93, 0xF7, 0x2A, 0x40, 0x50,
    0x79, 0x16, 0x09, 0xC9, 0x91, 0x7C, 0x79, 0x4A, 0x33, 0x89, 0x7D, 0x99, 0x2B, 0x53, 0xC4, 0xA6,
    0x88, 0xCA, 0x3E, 0xE4, 0x96, 0x64, 0x0E, 0x55, 0x4D, 0x6A, 0x06, 0x2A, 0x60, 0x98, 0x96, 0xFD,
    0x29, 0x95, 0xD5, 0xDC, 0xFF, 0xAA, 0xEC, 0xDE, 0x9E, 0x73, 0xC0, 0x89, 0x3A, 0x91, 0x37, 0xEC,
    0x72, 0x7F, 0x14, 0xEC, 0x2D, 0x30, 0xA6, 0x6A, 0x51, 0xDE, 0x1B, 0x18, 0x14, 0xDC, 0x23, 0xF6,
    0xFA, 0x13, 0x44, 0x2F, 0x2F, 0x79, 0xB2, 0x48, 0x0C, 0xB6, 0x50, 0x86, 0x56, 0x44, 0x64, 0x44,
    0xDC, 0x2E, 0x0B, 0x5D, 0x3F, 0x17, 0xF9, 0x19, 0xD5, 0x0B, 0xBE, 0x44, 0x33, 0xE2, 0x5E, 0x51,
    0x4D, 0xD0, 0x7E, 0x9A, 0x87, 0xDB, 0xB4, 0x16, 0x91, 0x98, 0x4E, 0xA4, 0x41, 0xE4, 0xE1, 0xDD,
    0x09, 0xDE, 0x5B, 0xAC, 0xB3, 0xB4, 0xEE, 0x49, 0x70, 0x2C, 0x28, 0x4D, 0x85, 0x9F, 0xC3, 0x38,
    0x07, 0xA7, 0xEF, 0x60, 0x3A, 0xAD, 0x5A, 0x00, 0x94, 0x01, 0x5D, 0x43, 0x01, 0xBC, 0x0F, 0x00,
    0x54, 0x6D, 0x85, 0xE6, 0xFF, 0xD0, 0x71, 0x1D, 0x7A, 0x06, 0x3A, 0x01, 0xFD, 0x88, 0x70, 0x22,
    0xDC, 0x12, 0x6A, 0xC9, 0x53, 0x06, 0x1D, 0x59, 0x34, 0xA1, 0x02, 0xFA, 0x00, 0xE0, 0x80, 0xAB,
    0x80, 0x06, 0xA2, 0x03, 0x5B, 0xD6, 0x1B, 0xCD, 0x16, 0x9A, 0xF3, 0xC2, 0x6B, 0xE8, 0xF8, 0x7F,
    0xC5, 0xDE, 0x37, 0xA3, 0xD7, 0x24, 0x6F, 0x47, 0xE8, 0x84, 0x46, 0xC8, 0x82, 0x41, 0x1F, 0x80,
    0x3D, 0x0B, 0x4F, 0x3E, 0x09, 0xBD, 0x1A, 0x00, 0x6F, 0x2B, 0xA3, 0x59, 0x23, 0xAD, 0x37, 0x50,
    0x66, 0x87, 0xD8, 0x0D, 0xC0, 0x59, 0x78, 0xCE, 0x40, 0xBF, 0x86, 0x1E, 0xB0, 0x06, 0xAC, 0x2F,
    0xCA, 0x99, 0xDA, 0xE0, 0xBB, 0x31, 0x9A, 0xE5, 0xAF, 0x2A, 0xB4, 0x62, 0xB0, 0xA5, 0x39, 0xE4,
    0x26, 0x70, 0x1E, 0xA8, 0x80, 0xFF, 0x2A, 0xE1, 0xA6, 0x21, 0x16, 0xAA, 0x0B, 0x16, 0xE5, 0x1D,
    0x0F, 0x33, 0x66, 0x95, 0x11, 0xEB, 0x14, 0xEC, 0xB0, 0x85, 0xC7, 0x9B, 0xCA, 0x1B, 0xCD, 0x02,
    0x04, 0xCC, 0xD1, 0xAA, 0xD5, 0x38, 0xCD, 0x58, 0x10, 0x12, 0xB1, 0x6D, 0x7C, 0x59, 0xF9, 0x52,
    0x27, 0x56, 0x47, 0x2E, 0xE4, 0x88, 0x94, 0x36, 0xF5, 0xB5, 0x8E, 0x44, 0xE1, 0xAA, 0x66, 0xA4,
    0xD9, 0x97, 0xCC, 0xCA, 0xD7, 0xCB, 0x0D, 0x9D, 0x45, 0x17, 0xDC, 0xDB, 0xA2, 0x23, 0x4F, 0x0A,
    0xAD, 0xB0, 0x5D, 0x30, 0x32, 0x5B, 0xC4, 0x42, 0x55, 0x1E, 0x54, 0xB4, 0xF7, 0x4C, 0xD1, 0xC6,
    0xA1, 0x4C, 0x2B, 0x4F, 0x0D, 0x98, 0x25, 0xA7, 0x84, 0x6B, 0x7A, 0xDA, 0x2B, 0xDF, 0x79, 0xC1,
    0x7E, 0x4F, 0x19, 0xDD, 0xB0, 0x2D, 0xDC, 0xB0, 0x06, 0x9E, 0x7E, 0xA5, 0x86, 0xB7, 0xFE, 0x1B,
    0xD0, 0x9B, 0x03, 0xEF, 0xFE, 0x2F, 0x43, 0x74, 0xEB, 0xD5, 0x16, 0x75, 0xC3, 0x3A, 0xD2, 0x27,
    0xEC, 0x3E, 0x3A, 0xB6, 0x05, 0x73, 0x79, 0xD7, 0xE4, 0x33, 0xA4, 0xE3, 0xBF, 0x59, 0x99, 0x6D,
    0x65, 0x10, 0x68, 0xA2, 0x19, 0x24, 0x86, 0xC8, 0x7E, 0x44, 0x64, 0x07, 0xB1, 0x1D, 0xA6, 0x46,
    0xAC, 0x9C, 0xB9, 0xEF, 0xBC, 0xDE, 0x42, 0x2B, 0xEC, 0x95, 0x67, 0xEE, 0x83, 0x67, 0x18, 0x03,
    0x8B, 0x26, 0x18, 0x64, 0xDC, 0xC1, 0xBD, 0x03, 0x3E, 0x29, 0xB4, 0xC2, 0x36, 0x23, 0x32, 0x19,
    0xB7, 0xCB, 0x8C, 0xE7, 0xF0, 0xA6, 0x31, 0x91, 0xD7, 0x46, 0x4D, 0xD6, 0xAC, 0xDA, 0x5F, 0x75,
    0xC9, 0x70, 0x65, 0xBC, 0x36, 0x5C, 0x09, 0x57, 0xB1, 0x31, 0x5C, 0xD9, 0x7C, 0xF3, 0x70, 0x25,
    0xDF, 0x1E, 0xAE, 0xE8, 0x27, 0x87, 0x2B, 0x69, 0x3B, 0x5C, 0x91, 0x89, 0xAD, 0xB9, 0x7C, 0xD9,
    0x57, 0xED, 0x31, 0xB3, 0x96, 0xF7, 0xF7, 0xCB, 0x25, 0xE8, 0xD3, 0x58, 0x54, 0x3B, 0x0A, 0xF7,
    0x6C, 0x91, 0xD6, 0x05, 0x89, 0x29, 0x50, 0x66, 0x24, 0x2C, 0x84, 0xE1, 0x3E, 0xE4, 0x87, 0xE7,
    0x89, 0xE4, 0x06, 0xFD, 0xCA, 0xFB, 0xD3, 0x8D, 0x1F, 0xDB, 0x98, 0x26, 0x74, 0x18, 0xDB, 0x75,
    0x76, 0x17, 0x90, 0xB4, 0x61, 0x04, 0x70, 0x88, 0xCA, 0x0A, 0x27, 0xCA, 0x6E, 0xE8, 0x72, 0x65,
    0xAB, 0x9B, 0xE8, 0x47, 0xB0, 0x48, 0x6C, 0x1D, 0x99, 0xE8, 0xBD, 0x9F, 0xBA, 0xD1, 0xBA, 0x1D,
    0xAD, 0x30, 0xE2, 0x38, 0x28, 0x5F, 0x9E, 0x65, 0x72, 0xA0, 0x37, 0x86, 0xC4, 0x10, 0x7B, 0x5F,
    0xEB, 0xE4, 0x86, 0xDB, 0x4D, 0xCC, 0xB8, 0x48, 0xCC, 0x55, 0x99, 0x5A, 0x47, 0xE1, 0xDF, 0x70,
    0x2F, 0xF9, 0x56, 0x9E, 0x97, 0x41, 0x2F, 0xE8, 0x37, 0xD7, 0xE7, 0x9A, 0x41, 0x6A, 0xAC, 0x7A,
    0xD5, 0x70, 0x5B, 0xCC, 0xC3, 0x2E, 0x34, 0x44, 0x7F, 0x5B, 0xAB, 0xCB, 0x46, 0xC7, 0x6E, 0x9D,
    0x89, 0x57, 0xFE, 0x4C, 0xF3, 0x0E, 0x69, 0x0B, 0xB1, 0x90, 0x40, 0x23, 0x93, 0xBA, 0x66, 0xFF,
    0x0E, 0x7C, 0xC6, 0x24, 0xF5, 0x93, 0x78, 0xB2, 0x0F, 0x1D, 0x62, 0x5F, 0xFD, 0xDB, 0xBC, 0x1F,
    0xAA, 0x3A, 0x34, 0x9C, 0x3B, 0xA5, 0x10, 0xB7, 0xDE, 0xBE, 0x61, 0x03, 0x40, 0xE2, 0x00, 0x82,
    0x60, 0x00, 0xB0, 0xED, 0xE7, 0x58, 0x47, 0xEB, 0x60, 0x01, 0x6F, 0x71, 0x23, 0xDC, 0x16, 0x2E,
    0xC7, 0x69, 0x82, 0xDC, 0x4D, 0xFD, 0xB8, 0xB2, 0xE9, 0x4C, 0x83, 0xBB, 0x83, 0x73, 0x61, 0x62,
    0xC2, 0x84, 0x28, 0xF7, 0x47, 0xA8, 0xAC, 0x6B, 0xFC, 0xE7, 0xCE, 0x2A, 0x8B, 0x26, 0xE0, 0xD8,
    0xB9, 0x55, 0xD9, 0xC6, 0xD7, 0xBD, 0x19, 0x32, 0x87, 0x0C, 0x70, 0x1F, 0xC1, 0x3E, 0x14, 0x01,
    0x7E, 0xBA, 0x48, 0xBC, 0x0F, 0xFB, 0x92, 0xFF, 0x1D, 0xA9, 0x11, 0x9D, 0xC6, 0xE6, 0x13, 0x34,
    0xBF, 0x9B, 0x87, 0xC9, 0x49, 0x19, 0xAD, 0x8C, 0x18, 0x4B, 0x4C, 0x6C, 0x75, 0x6A, 0x62, 0xA7,
    0xBD, 0x89, 0xDC, 0x22, 0x15, 0xF2, 0x16, 0x4F, 0x83, 0x5E, 0xF0, 0xB4, 0x78, 0x37, 0xF2, 0xF3,
    0xB4, 0x1D, 0xEB, 0x52, 0xEE, 0x83, 0x54, 0x66, 0x4C, 0x33, 0x8E, 0x6D, 0x48, 0xA4, 0x75, 0xC8,
    0xCC, 0x19, 0xCF, 0x94, 0x4F, 0xA7, 0x6C, 0xE6, 0x14, 0x1A, 0x34, 0x91, 0xA7, 0xF7, 0x85, 0x21,
    0x3D, 0xD4, 0x14, 0x3D, 0xF2, 0xBF, 0x6F, 0xA1, 0x8C, 0xBD, 0xD1, 0x73, 0x36, 0xE1, 0x53, 0x66,
    0xF4, 0xD3, 0x72, 0x24, 0x23, 0x3D, 0x6E, 0x87, 0x91, 0x15, 0xEC, 0xC4, 0x61, 0xBF, 0xB0, 0x96,
    0x96, 0x6A, 0x46, 0x35, 0x23, 0xD3, 0x64, 0x69, 0x99, 0xE5, 0xE4, 0x73, 0x49, 0x98, 0x4C, 0x99,
    0x4C, 0x5A, 0x62, 0x4E, 0xE3, 0x33, 0x95, 0xC5, 0x19, 0xDD, 0xD5, 0xD4, 0x52, 0xC3, 0xF1, 0x13,
    0x46, 0xA0, 0x2E, 0x98, 0x80, 0xD8, 0x24, 0xB1, 0x59, 0x8D, 0x4D, 0xE5, 0xDB, 0x31, 0x93, 0x96,
    0x1D, 0xC3, 0x27, 0xC4, 0x53, 0xB4, 0xA6, 0x48, 0xCB, 0x22, 0x91, 0xE6, 0xAC, 0x87, 0xDD, 0x38,
    0xCC, 0xE3, 0x3A, 0x99, 0xF3, 0x31, 0xC4, 0xCC, 0xAA, 0x2B, 0xE6, 0x9D, 0x59, 0xCF, 0xA8, 0x6C,
    0x9B, 0xE8, 0x9F, 0x9E, 0x04, 0xDF, 0xA2, 0xFE, 0xC9, 0x91, 0x7E, 0x65, 0x41, 0x96, 0x65, 0x4C,
    0xE5, 0x79, 0xCF, 0x7D, 0x47, 0x31, 0xD8, 0x7C, 0x9F, 0x4D, 0x0A, 0x35, 0x66, 0xEB, 0x7D, 0xF4,
    0x60, 0xAB, 0x9A, 0x54, 0x3F, 0x30, 0xCD, 0x70, 0x99, 0x72, 0xD9, 0x8A, 0xCB, 0xB6, 0x5D, 0xD6,
    0xBA, 0xBC, 0x74, 0x92, 0x23, 0xF9, 0x80, 0xFA, 0xD3, 0x52, 0x5D, 0x2C, 0x99, 0x01, 0x9C, 0xA4,
    0x19, 0xD5, 0xCD, 0x8F, 0xB8, 0x6C, 0xCD, 0x66, 0xEB, 0x64, 0x03, 0x72, 0x47, 0x16, 0xBC, 0x86,
    0x1A, 0x68, 0x2E, 0xBB, 0xD4, 0x4F, 0xA2, 0xEB, 0x36, 0xE0, 0x71, 0x1B, 0x07, 0x58, 0xF5, 0xA8,
    0xBD, 0x1D, 0xD9, 0x69, 0x3A, 0x69, 0xE8, 0x9B, 0xBC, 0xEC, 0x93, 0x9B, 0xDF, 0x24, 0x33, 0x7F,
    0xCB, 0xFA, 0xCB, 0xC2, 0xDF, 0xF9, 0x42, 0xD6, 0xDF, 0xAE, 0x59, 0x3F, 0xAF, 0x69, 0xD6, 0xFB,
    0xA6, 0x09, 0x7E, 0xED, 0x02, 0xB9, 0x0F, 0x72, 0x01, 0xC9, 0x8F, 0x67, 0xE8, 0xB4, 0x2E, 0xC2,
    0x1E, 0xD3, 0x8E, 0x22, 0x27, 0x90, 0x84, 0xDC, 0xE6, 0x69, 0x1D, 0x5A, 0xC1, 0x4B, 0x69, 0xCD,
    0xBD, 0xA8, 0xAE, 0xB8, 0x6F, 0x6E, 0xE8, 0x25, 0x26, 0x8B, 0x5C, 0x46, 0x87, 0xD8, 0x66, 0x89,
    0x09, 0x8D, 0xC5, 0x01, 0x1A, 0x43, 0xB0, 0xAF, 0x29, 0x04, 0x11, 0xA3, 0xAE, 0xCE, 0x77, 0x21,
    0x8F, 0x50, 0xA1, 0x29, 0xCD, 0x53, 0x2F, 0x9B, 0x47, 0x6D, 0x19, 0x59, 0x8E, 0x22, 0x9D, 0xE2,
    0x3F, 0xD7, 0x6D, 0xC6, 0x26, 0x2C, 0xC9, 0x09, 0xE9, 0x0F, 0xA3, 0xFE, 0x0A, 0xF5, 0xEF, 0x44,
    0x63, 0x70, 0x60, 0xC1, 0xF0, 0xF1, 0x35, 0x15, 0x7C, 0x00, 0xF0, 0x26, 0x08, 0x49, 0xF4, 0x82,
    0x89, 0x9F, 0x92, 0xEB, 0xE0, 0x34, 0xA9, 0x0B, 0x2D, 0xFD, 0xEB, 0x80, 0x21, 0x2D, 0x79, 0x26,
    0x3C, 0x0B, 0x3A, 0x68, 0x0E, 0x59, 0x19, 0x9A, 0x2B, 0x6D, 0x9E, 0x92, 0xFE, 0x3C, 0x6A, 0x4C,
    0xE4, 0x50, 0x13, 0xD2, 0x5D, 0xD6, 0x35, 0xF3, 0x9E, 0xAD, 0xAE, 0x1C, 0x53, 0x0F, 0xDE, 0x81,
    0x60, 0x5B, 0x50, 0xFD, 0xA6, 0x95, 0xC6, 0x5A, 0x20, 0xF5, 0x25, 0x69, 0x87, 0x9E, 0x6D, 0x7E,
    0xF3, 0xDF, 0x26, 0x59, 0xF2, 0xB8, 0x3D, 0x8E, 0x8D, 0xF7, 0x93, 0x65, 0x74, 0x80, 0x11, 0xB0,
    0x01, 0xAC, 0xFB, 0x31, 0x61, 0x73, 0x26, 0xF0, 0xA5, 0xEC, 0x3C, 0x94, 0x71, 0x01, 0xD7, 0x9D,
    0xF6, 0x75, 0x65, 0x9A, 0x3A, 0x63, 0x93, 0xC0, 0x7C, 0x22, 0xFF, 0x6A, 0x61, 0xFA, 0x4D, 0xC2,
    0x5F, 0x0F, 0x69, 0x9A, 0x59, 0x23, 0x3A, 0x64, 0x08, 0x44, 0xA1, 0x1B, 0x68, 0x69, 0x9D, 0x69,
    0x79, 0x46, 0xDF, 0x32, 0x18, 0xF1, 0xD5, 0x19, 0xE8, 0x80, 0xC4, 0x07, 0xF9, 0x45, 0x6B, 0x0C,
    0x0A, 0xC2, 0xEA, 0xFA, 0xC4, 0x4C, 0xB4, 0x45, 0x7D, 0x4D, 0x99, 0x6C, 0x33, 0x6E, 0x85, 0x36,
    0x9F, 0x49, 0xD3, 0x87, 0x74, 0xA8, 0x15, 0xA9, 0xF5, 0xA0, 0x93, 0xF8, 0x56, 0xA7, 0xE5, 0x56,
    0x1A, 0x20, 0x09, 0x29, 0x65, 0xFA, 0x23, 0x21, 0xB1, 0x99, 0x96, 0x93, 0x5E, 0xFB, 0x10, 0xE8,
    0x1A, 0xD5, 0xC2, 0x77, 0x00, 0x9C, 0x3C, 0x38, 0x01, 0xAD, 0x03, 0xE0, 0xC1, 0xCA, 0xD7, 0xBA,
    0xCE, 0xE7, 0xA7, 0x84, 0x44, 0x53, 0xE6, 0x17, 0xDB, 0xD0, 0x3B, 0xD9, 0xCB, 0xF8, 0xDD, 0x00,
    0x9C, 0xA0, 0x79, 0xC2, 0xA2, 0x0C, 0x39, 0x8C, 0xE1, 0x03, 0x90, 0x7E, 0xAF, 0x6A, 0xE0, 0x3E,
    0x93, 0x4B, 0x3C, 0x47, 0x27, 0x14, 0x8A, 0x9D, 0x50, 0x58, 0x2A, 0x17, 0x12, 0x45, 0xCC, 0x9A,
    0x42, 0x79, 0xD2, 0x49, 0xB1, 0x51, 0x7C, 0xC8, 0x2E, 0xBD, 0x56, 0x4D, 0x18, 0x0D, 0x8A, 0xC1,
    0x4E, 0xDF, 0x6A, 0xBA, 0xA2, 0xF6, 0xE8, 0xDD, 0xBD, 0x02, 0x1A, 0x28, 0xE4, 0x07, 0x90, 0x9A,
    0xD4, 0xA8, 0x3B, 0xAE, 0xDC, 0x11, 0x2E, 0x00, 0x62, 0x17, 0x3B, 0xEE, 0xBD, 0xEC, 0x77, 0x9A,
    0x4B, 0xA4, 0xDE, 0x11, 0xDD, 0x34, 0x0B, 0x5E, 0xF6, 0x65, 0x7C, 0xF9, 0x46, 0x1B, 0x5F, 0x36,
    0x4E, 0x5D, 0x34, 0xEE, 0xB6, 0xF4, 0x86, 0xA9, 0xF6, 0x75, 0x73, 0x65, 0x82, 0xB4, 0x47, 0x20,
    0xB9, 0xF7, 0x75, 0x26, 0x9D, 0x43, 0xD2, 0x0B, 0x4A, 0xBA, 0xB9, 0xE2, 0xCD, 0x37, 0xC3, 0xA5,
    0x45, 0x65, 0xD9, 0x20, 0xF3, 0x26, 0x9C, 0x36, 0xB3, 0x58, 0xD0, 0x1E, 0x45, 0x30, 0xF5, 0x10,
    0xE4, 0x30, 0x02, 0x0B, 0x70, 0xF2, 0x74, 0x15, 0x95, 0xA8, 0x16, 0xC6, 0xB0, 0x01, 0x3C, 0x68,
    0xE6, 0x83, 0xE4, 0x0B, 0x49, 0x52, 0xA2, 0x09, 0x70, 0x8A, 0x71, 0x7F, 0xD2, 0xA0, 0x9C, 0xC0,
    0x20, 0x00, 0x48, 0xE7, 0x80, 0x03, 0xEF, 0x5B, 0xAC, 0xB3, 0x7C, 0x91, 0xFB, 0x22, 0xF0, 0x16,
    0xDC, 0x63, 0xC2, 0xA3, 0xE7, 0xC5, 0x90, 0x3E, 0x4F, 0xEA, 0xC7, 0xF4, 0x2C, 0x69, 0x89, 0x9F,
    0xF0, 0xF7, 0x5F, 0x1B, 0x12, 0x62, 0x22, 0xBD, 0x68, 0xD2, 0x8B, 0xAD, 0xC8, 0xBE, 0x2F, 0x09,
    0x87, 0x10, 0x33, 0x42, 0x93, 0xB3, 0x29, 0xCF, 0x0B, 0x12, 0xD3, 0x1F, 0x27, 0xE6, 0x92, 0xD6,
    0xA6, 0x88, 0x6F, 0x9B, 0x02, 0x65, 0x42, 0xFE, 0xD1, 0x1D, 0xA6, 0x9A, 0xA1, 0x45, 0x53, 0x19,
    0x59, 0xE4, 0xAA, 0x17, 0xED, 0xA8, 0x6F, 0x8B, 0xB0, 0xDA, 0x99, 0x3C, 0x2D, 0x93, 0x19, 0xBF,
    0x52, 0xC6, 0xE3, 0xAA, 0x7C, 0x78, 0x98, 0xB3, 0x82, 0x66, 0x1D, 0x5D, 0x7F, 0x02, 0x89, 0xD9,
    0x46, 0x99, 0x01, 0xB1, 0x7D, 0x92, 0xC8, 0x19, 0x78, 0x5D, 0xF8, 0x87, 0x35, 0xF4, 0x59, 0x70,
    0x0B, 0x9A, 0x72, 0xBA, 0xAB, 0xBE, 0x31, 0x4B, 0xD0, 0x6B, 0xA4, 0x9F, 0x87, 0xFA, 0x07, 0xD4,
    0x44, 0x94, 0x41, 0xF0, 0x45, 0xF5, 0xC1, 0xF1, 0xC0, 0x3C, 0xF8, 0x78, 0xB0, 0x7A, 0xD2, 0x31,
    0x23, 0xAE, 0x21, 0x01, 0xD6, 0x88, 0x2E, 0x2C, 0x96, 0x33, 0x78, 0xEE, 0x81, 0x8D, 0xFA, 0x09,
    0xB0, 0x0D, 0x4F, 0x02, 0x1A, 0xBC, 0x5B, 0x6A, 0x2F, 0xF3, 0xDE, 0x90, 0x81, 0x3F, 0x7E, 0x6A,
    0xBA, 0x7B, 0xCF, 0xBD, 0xE2, 0xB4, 0x6E, 0xB5, 0x64, 0x46, 0xE6, 0xE8, 0x9E, 0xBB, 0x5B, 0x9B,
    0xEC, 0xE1, 0xDA, 0xF4, 0x51, 0x36, 0xEB, 0x99, 0xDC, 0x93, 0xA9, 0xC3, 0xB5, 0x09, 0x4A, 0x62,
    0x83, 0x32, 0x4D, 0xA8, 0x16, 0x4E, 0x46, 0xD3, 0xC2, 0x2A, 0xAB, 0xCD, 0x2C, 0xE3, 0xE8, 0xD5,
    0x1C, 0x3D, 0xB5, 0x7E, 0xF5, 0x81, 0xEA, 0xF4, 0x3E, 0x2F, 0x87, 0x89, 0x45, 0x2E, 0x1A, 0xDB,
    0xBD, 0x78, 0xFC, 0xE1, 0x79, 0xBF, 0x3B, 0x18, 0x8F, 0x9A, 0x76, 0x1F, 0xC2, 0x72, 0x44, 0x6A,
    0x92, 0x39, 0xD2, 0xF9, 0x74, 0x5C, 0x07, 0xE5, 0xB0, 0xAC, 0x4A, 0x5D, 0x18, 0x1D, 0xD0, 0xF6,
    0x17, 0x4B, 0x41, 0x52, 0x93, 0xA3, 0x26, 0xBC, 0xE1, 0x63, 0x2B, 0x90, 0x04, 0x11, 0x07, 0x11,
    0x75, 0x02, 0x96, 0xDE, 0x27, 0x1D, 0xBC, 0xDA, 0x91, 0x25, 0xCF, 0xC1, 0x6C, 0x43, 0x38, 0xD4,
    0x70, 0xBF, 0x7D, 0x16, 0x06, 0x9B, 0x9E, 0x7C, 0x5C, 0xED, 0x09, 0xD3, 0xEE, 0xB8, 0xEA, 0xC2,
    0x7E, 0x97, 0xCA, 0xF6, 0x01, 0x0D, 0x24, 0x80, 0x0A, 0x7C, 0xC0, 0xEC, 0x05, 0x82, 0x01, 0x6C,
    0x43, 0x38, 0xEC, 0xA2, 0xF9, 0x2F, 0xF4, 0x8E, 0x41, 0x7F, 0x6A, 0x8D, 0x7E, 0x3B, 0xE8, 0xF3,
    0xC2, 0xA9, 0xB0, 0x1F, 0x18, 0xF2, 0x5A, 0x79, 0x1E, 0xBC, 0xED, 0x07, 0xFD, 0x32, 0x58, 0xFF,
    0x01, 0x97, 0x69, 0x97, 0xFD, 0x1A, 0xD9, 0xEF, 0x92, 0x8F, 0xC9, 0xAE, 0x92, 0x35, 0x64, 0xBF,
    0x5A, 0x8B, 0xF5, 0xAA, 0xBD, 0xD4, 0x95, 0x9F, 0xEA, 0xD5, 0xE5, 0x8E, 0xDB, 0x77, 0x4C, 0xD3,
    0x51, 0x9D, 0xA5, 0x32, 0xE2, 0xDE, 0x91, 0x7D, 0xC8, 0x7D, 0xCA, 0xEE, 0x67, 0x89, 0x75, 0x6E,
    0xD5, 0x59, 0xF7, 0x09, 0xE0, 0xB6, 0x85, 0x83, 0xC5, 0x2C, 0xE0, 0x6B, 0xB8, 0x65, 0xC1, 0x8D,
    0x85, 0x85, 0x70, 0x4B, 0xA8, 0x65, 0xEE, 0x49, 0x9C, 0xB4, 0x6A, 0xE3, 0x66, 0xCF, 0x5C, 0xFF,
    0xEF, 0x8B, 0x37, 0x4B, 0xF5, 0x97, 0xA8, 0x39, 0xEA, 0x2F, 0x6B, 0x75, 0xB3, 0x55, 0xC6, 0x69,
    0x77, 0xE9, 0x4C, 0x47, 0x70, 0x12, 0x21, 0x81, 0x4F, 0x06, 0x9E, 0xB0, 0xFF, 0x84, 0x11, 0xAC,
    0xC3, 0x8A, 0xBC, 0xE7, 0x35, 0x5A, 0x0B, 0xD3, 0x25, 0xFD, 0xC8, 0xFB, 0xBE, 0xCE, 0x78, 0x45,
    0xF8, 0x72, 0x29, 0xE6, 0x10, 0xDB, 0x64, 0x1C, 0x32, 0xD8, 0xAF, 0xBC, 0x2F, 0xD1, 0x14, 0xDC,
    0x2B, 0xFA, 0x93, 0x90, 0xD2, 0xA5, 0x08, 0x65, 0x44, 0xC4, 0x56, 0x44, 0xE4, 0x0E, 0x45, 0xF5,
    0x8A, 0xBF, 0x60, 0x01, 0xD5, 0x76, 0x03, 0xA2, 0x07, 0xA1, 0x41, 0x2B, 0xEF, 0xBA, 0xB5, 0x55,
    0x38, 0x17, 0xDE, 0x34, 0x99, 0x0C, 0xA4, 0x6E, 0x7D, 0x95, 0xA5, 0xC9, 0x01, 0xC2, 0xB8, 0x85,
    0xB4, 0x26, 0x9A, 0xC1, 0x63, 0xA0, 0x2C, 0xE8, 0xFA, 0x12, 0xBD, 0xF8, 0x45, 0xB3, 0x2B, 0xFA,
    0x45, 0x5A, 0xBB, 0x91, 0x5E, 0xB0, 0x10, 0xEE, 0xA6, 0xD7, 0x5D, 0x2F, 0xB9, 0x69, 0xF5, 0xC5,
    0x77, 0x19, 0x65, 0xFD, 0x87, 0x04, 0x47, 0x62, 0x21, 0xAC, 0x2B, 0x85, 0x1B, 0x0D, 0xF7, 0x17,
    0xBF, 0xD1, 0xD5, 0x7D, 0xB9, 0xD5, 0xBD, 0x97, 0x62, 0x3F, 0x59, 0x32, 0xBC, 0x40, 0x02, 0xAA,
    0xA4, 0x7F, 0x64, 0x3F, 0x0E, 0xC3, 0xA3, 0xFB, 0xF1, 0x9F, 0x2A, 0x93, 0xC5, 0xF8, 0x7B, 0x33,
    0xCA, 0xB1, 0x5C, 0x38, 0xA2, 0xA6, 0x17, 0x76, 0xB8, 0xA8, 0x80, 0x13, 0xF6, 0xF2, 0x5D, 0x1B,
    0xE3, 0x8D, 0xEF, 0xB1, 0xA3, 0xD9, 0x4B, 0xEB, 0x56, 0xAA, 0x2C, 0x7A, 0x17, 0xCC, 0xBB, 0x42,
    0x74, 0x88, 0x7D, 0xFD, 0x2B, 0x17, 0x9E, 0x6D, 0x2E, 0x8C, 0xB3, 0xC8, 0xE8, 0x58, 0x56, 0xDD,
    0x32, 0x91, 0x4E, 0xF9, 0x37, 0xC4, 0x53, 0x98, 0xC0, 0x18, 0xF6, 0x02, 0xF8, 0x5D, 0x12, 0x1F,
    0x0C, 0x6E, 0x2D, 0x0C, 0x9A, 0x43, 0x83, 0x3D, 0x3F, 0xBE, 0xD7, 0xE0, 0xA5, 0x38, 0x18, 0xD4,
    0x2A, 0x18, 0x54, 0x47, 0x0C, 0xF6, 0x7C, 0xCB, 0x1E, 0x0B, 0xA8, 0xF9, 0xB2, 0x81, 0x0F, 0xE8,
    0x41, 0x0A, 0x09, 0xA8, 0x13, 0xCE, 0x0D, 0xC4, 0x16, 0x04, 0x4F, 0x7A, 0xFF, 0xCF, 0xD3, 0xD7,
    0xDD, 0xF3, 0xEE, 0x65, 0xF7, 0xBC, 0x8D, 0x5C, 0xF4, 0x40, 0x6A, 0x69, 0x00, 0x20, 0x70, 0x03,
    0x58, 0x09, 0x6C, 0xE6, 0xF3, 0x67, 0xFE, 0x6A, 0xF8, 0xA5, 0x7F, 0x36, 0x54, 0xE6, 0x0E, 0x68,
    0x3F, 0x87, 0x7C, 0x51, 0x9C, 0x25, 0x83, 0x29, 0x47, 0x8B, 0x7F, 0xC2, 0xB9, 0x85, 0xE8, 0xA0,
    0xF8, 0x87, 0x66, 0xD7, 0x3B, 0x7C, 0x65, 0x30, 0x1B, 0x4F, 0xF7, 0x59, 0x0F, 0xE0, 0x5C, 0x30,
    0x7B, 0xB0, 0x23, 0xFB, 0x76, 0x93, 0x7F, 0xBB, 0x49, 0x6F, 0x1B, 0xBE, 0x3D, 0x00, 0x65, 0xD0,
    0xAE, 0x6A, 0xD1, 0x10, 0x90, 0xD7, 0xDA, 0x3B, 0xFD, 0xB8, 0xD3, 0xDC, 0x8D, 0xEA, 0xC5, 0x79,
    0x37, 0xD3, 0x05, 0x1C, 0x6E, 0x48, 0x8F, 0xDB, 0x93, 0x46, 0xBE, 0x3E, 0x27, 0x96, 0x8A, 0xF3,
    0x8C, 0x86, 0x23, 0x8A, 0x37, 0xEF, 0xB3, 0x9B, 0x7B, 0x3F, 0x63, 0x02, 0x81, 0x5C, 0x05, 0x0A,
    0xA0, 0xC7, 0x39, 0xB4, 0xD9, 0x20, 0xF2, 0xF6, 0x7D, 0x7A, 0xAD, 0x73, 0xEE, 0x96, 0x19, 0xBE,
    0x6A, 0x8A, 0x4F, 0xF6, 0x53, 0x65, 0x08, 0x68, 0xC1, 0xAD, 0xD3, 0x7F, 0x2D, 0x58, 0x44, 0xFF,
    0x64, 0xB0, 0x78, 0xB5, 0xB3, 0xD8, 0xBB, 0xDB, 0xE2, 0x2E, 0xD0, 0x63, 0x05, 0xFD, 0xEE, 0x29,
    0xB1, 0x6F, 0x17, 0x19, 0x1B, 0x07, 0xFC, 0x10, 0x4E, 0xF4, 0xE0, 0xD0, 0x90, 0xC2, 0x43, 0x27,
    0x7E, 0x8E, 0x01, 0x80, 0xB5, 0x60, 0x6F, 0x65, 0xBD, 0x0B, 0x3B, 0x01, 0xEF, 0x91, 0x85, 0x1D,
    0x6E, 0x19, 0x68, 0x85, 0xFD, 0x72, 0xE9, 0xF5, 0x5C, 0x66, 0x5B, 0x59, 0xB4, 0x74, 0x5C, 0x2F,
    0x36, 0xE6, 0xFA, 0x11, 0xF4, 0x04, 0xFD, 0x1C, 0x5A, 0x4B, 0x8E, 0xD3, 0x4C, 0x34, 0x45, 0xD5,
    0x6E, 0x81, 0x60, 0x13, 0xC4, 0xA5, 0x25, 0xAA, 0xAB, 0x6E, 0x91, 0xCD, 0xDE, 0x4C, 0x6E, 0xC9,
    0x26, 0x64, 0x39, 0x59, 0x62, 0xAA, 0x27, 0x2C, 0x04, 0xA0, 0x0C, 0x67, 0x8A, 0x26, 0xB7, 0x10,
    0x1B, 0x50, 0x25, 0xAC, 0xD1, 0x45, 0x47, 0x02, 0x42, 0x74, 0x44, 0xF0, 0xA8, 0x55, 0xD1, 0x22,
    0x40, 0x32, 0x85, 0x1D, 0xD8, 0x83, 0xFA, 0xF4, 0x2B, 0x99, 0x06, 0x02, 0x33, 0x60, 0x04, 0x89,
    0xE5, 0xD8, 0x95, 0xAC, 0x0E, 0x83, 0x85, 0xD8, 0x90, 0xD6, 0x5C, 0xE2, 0x0C, 0x8B, 0xA6, 0x03,
    0x5A, 0x50, 0x35, 0x24, 0xC7, 0xBB, 0x39, 0xDC, 0x59, 0xDB, 0x07, 0x0F, 0xF5, 0x68, 0x86, 0xF2,
    0xA8, 0x31, 0xCA, 0x04, 0xBB, 0xAA, 0x3C, 0x69, 0xA8, 0x6F, 0xC1, 0x46, 0xB0, 0x7D, 0x96, 0x30,
    0x3D, 0x90, 0x02, 0x2B, 0xC0, 0xCE, 0x32, 0xF1, 0xA8, 0xC3, 0xC6, 0x4B, 0x39, 0x3E, 0x80, 0xDC,
    0x18, 0x80, 0xE8, 0x45, 0x03, 0xD7, 0x85, 0x15, 0xC0, 0xD9, 0x3E, 0x53, 0x41, 0xE8, 0xB1, 0xAB,
    0xAB, 0xA8, 0x31, 0x27, 0x07, 0x28, 0xA3, 0x1B, 0x86, 0xF8, 0xC5, 0x16, 0xCA, 0x12, 0x78, 0x63,
    0x1E, 0x33, 0xD6, 0xD6, 0x00, 0xE0, 0x01, 0x4E, 0x49, 0xBD, 0xAF, 0x89, 0xA7, 0xA1, 0x8D, 0x46,
    0x71, 0x49, 0x5A, 0x00, 0xAB, 0xC5, 0x0A, 0x14, 0xC5, 0x3A, 0x0C, 0xFA, 0x53, 0xB0, 0x92, 0x8A,
    0xFD, 0x74, 0x05, 0x55, 0x17, 0x90, 0x52, 0x50, 0xAF, 0x8A, 0x30, 0x1B, 0x14, 0x91, 0xF1, 0x91,
    0xF7, 0x26, 0x9D, 0xCC, 0xC5, 0xDE, 0x8F, 0x84, 0x90, 0x97, 0x41, 0x18, 0xF2, 0xC4, 0x51, 0xF0,
    0x14, 0x5C, 0xC9, 0x33, 0x63, 0x7A, 0xCF, 0xFB, 0x1A, 0x50, 0x3F, 0x82, 0x52, 0x30, 0x3D, 0xC5,
    0xC7, 0x71, 0x20, 0x5D, 0xE3, 0xE1, 0x87, 0x89, 0x27, 0x0F, 0x08, 0xC0, 0x24, 0xBE, 0xDC, 0x8D,
    0xED, 0x47, 0x30, 0x3C, 0xD8, 0x84, 0xD0, 0xAB, 0xBC, 0x1F, 0xD1, 0x2B, 0x38, 0xBF, 0xCB, 0x6E,
    0x8F, 0xAB, 0x32, 0x63, 0xC7, 0xBE, 0xCE, 0xC7, 0x0C, 0xB6, 0x40, 0x43, 0x5A, 0x93, 0x98, 0x60,
    0x27, 0x84, 0xEB, 0xD8, 0xCC, 0x48, 0xC7, 0x48, 0x3B, 0x48, 0x33, 0x74, 0xAD, 0xB0, 0xAC, 0x4D,
    0x60, 0x6B, 0x93, 0x47, 0x1E, 0x01, 0x00, 0x4E, 0x76, 0x21, 0x7A, 0x0B, 0x7D, 0x38, 0x77, 0x0E,
    0x80, 0xF7, 0xE4, 0x24, 0x1B, 0xBD, 0x6C, 0x21, 0x10, 0x4E, 0x75, 0x70, 0x92, 0x2E, 0xD3, 0x05,
    0xBA, 0x4E, 0x73, 0x6E, 0xEA, 0x62, 0x4A, 0xF7, 0x3D, 0x38, 0xF5, 0xBD, 0xEB, 0x7B, 0xBB, 0xA3,
    0xEA, 0x9D, 0x35, 0xD8, 0x01, 0x5F, 0xA2, 0x2C, 0x38, 0x18, 0x0F, 0x19, 0x5F, 0x8D, 0xDC, 0x6E,
    0xF8, 0x70, 0x45, 0xDF, 0x1B, 0xC1, 0x9B, 0x53, 0xB6, 0x37, 0x60, 0x40, 0x64, 0x89, 0xAE, 0x41,
    0x5A, 0x2F, 0xD6, 0xAF, 0xF7, 0x51, 0x66, 0x3F, 0x31, 0xA3, 0x9C, 0x3C, 0xAC, 0xBB, 0x0E, 0xBE,
    0xFC, 0x8B, 0x80, 0xB3, 0x7F, 0xFA, 0x4E, 0xBD, 0x81, 0x25, 0xA2, 0x43, 0xD6, 0xC2, 0xEB, 0x0E,
    0xE0, 0x0D, 0xB9, 0x23, 0x44, 0xE2, 0x65, 0x0B, 0x57, 0x2F, 0xE5, 0xD4, 0x59, 0x70, 0x77, 0x3A,
    0x3D, 0xCB, 0x67, 0x45, 0x40, 0x6B, 0xD2, 0xAE, 0x3D, 0x4F, 0x8E, 0xB5, 0xDF, 0xE5, 0xA0, 0xEC,
    0x1C, 0x54, 0xDE, 0x2F, 0x9C, 0xC8, 0xFD, 0x2E, 0xD2, 0xDC, 0xE8, 0x52, 0x97, 0x79, 0xD0, 0x5D,
    0xBC, 0x73, 0xC4, 0x6A, 0xE5, 0xDD, 0x28, 0x0E, 0x56, 0x77, 0x3B, 0xAB, 0x77, 0xFF, 0x29, 0x67,
    0xF5, 0x72, 0xD7, 0x9F, 0x72, 0xB2, 0xD3, 0xBB, 0xFE, 0xFF, 0xCD, 0x92, 0x9F, 0xA8, 0x80, 0xA2,
    0x08, 0x00, 0xE0, 0x01, 0x61, 0x68, 0xEE, 0xEA, 0x82, 0x67, 0xF9, 0x30, 0xAA, 0x7D, 0x09, 0xC0,
    0xE9, 0xC2, 0x8E, 0xEC, 0xED, 0x1D, 0xD6, 0xE8, 0xD9, 0xBD, 0x77, 0x35, 0x9A, 0x72, 0x96, 0x32,
    0xBC, 0xE9, 0x61, 0xC8, 0x7B, 0xB0, 0x3B, 0x5A, 0xF8, 0x29, 0xCB, 0xB3, 0x97, 0x63, 0xCF, 0x45,
    0xB7, 0x9C, 0xFA, 0x53, 0x99, 0x7A, 0x4E, 0x5D, 0x8E, 0xF8, 0x86, 0x51, 0x2F, 0x1A, 0xBA, 0x6A,
    0x5C, 0xF2, 0xF4, 0x71, 0x57, 0x3C, 0x1F, 0x38, 0x61, 0x63, 0xB2, 0xE4, 0x7F, 0x0A, 0x49, 0x5A,
    0xE8, 0xD0, 0x85, 0xDA, 0x0E, 0x63, 0x74, 0x49, 0x1D, 0xCB, 0x05, 0x14, 0x3B, 0xC2, 0x82, 0xA3,
    0xBF, 0xB3, 0x7C, 0x9B, 0x05, 0x88, 0x5E, 0xB1, 0x44, 0xCF, 0xB7, 0x1C, 0xFD, 0x2D, 0xF3, 0xE5,
    0x65, 0xA9, 0x78, 0xA1, 0x85, 0x77, 0x04, 0x14, 0x2D, 0xBD, 0xFA, 0xDE, 0xD8, 0xA1, 0x09, 0x7F,
    0xCE, 0xAD, 0xBA, 0x5A, 0xE6, 0xB8, 0x3A, 0xF6, 0x14, 0x21, 0x97, 0x2D, 0x28, 0x48, 0xC6, 0xC7,
    0x1E, 0x57, 0x13, 0x43, 0x6C, 0x88, 0xDA, 0x20, 0xFB, 0x65, 0xB0, 0xCC, 0x77, 0x04, 0xCB, 0x2F,
    0x1C, 0x1C, 0xAB, 0xB5, 0x77, 0x54, 0xF0, 0xCF, 0xC1, 0x72, 0xBA, 0xB0, 0xAC, 0x7C, 0xF3, 0x85,
    0xA6, 0xB3, 0x46, 0xEE, 0x89, 0x3B, 0x6B, 0xD7, 0x7A, 0xED, 0xFF, 0x03, 0xAD, 0xD5, 0x01, 0x84,
    0x24, 0xD9, 0x1D, 0xC7, 0xF1, 0x4F, 0x55, 0xCD, 0x4D, 0xDD, 0x4D, 0xCD, 0xF4, 0x1B, 0x84, 0x44,
    0x6C, 0xB6, 0x17, 0x21, 0x43, 0x76, 0x67, 0x06, 0x4B, 0x46, 0xD4, 0xCE, 0x56, 0x02, 0x41, 0x82,
    0x03, 0x00, 0x0C, 0x82, 0x05, 0x72, 0x58, 0x0C, 0x66, 0xB7, 0x2B, 0x07, 0x88, 0x60, 0x00, 0x90,
    0xD0, 0x38, 0xC0, 0x89, 0xC1, 0x22, 0xDC, 0xCA, 0x96, 0x1C, 0x10, 0x87, 0xC9, 0x05, 0xB0, 0x17,
    0x2A, 0x17, 0x08, 0x56, 0x52, 0x68, 0x0C, 0xD7, 0x37, 0x9D, 0x5A, 0x6E, 0x35, 0x3B, 0xD9, 0x74,
    0xBF, 0xDE, 0x31, 0xEF, 0xCF, 0xAB, 0xA9, 0xAE, 0xF7, 0xFD, 0xD6, 0xEB, 0xDF, 0xFF, 0xB5, 0x3B,
    0x38, 0xC4, 0x08, 0xCF, 0x2A, 0x9E, 0xD7, 0x92, 0x4F, 0x1B, 0xE9, 0xA7, 0xE7, 0xB2, 0x9F, 0x74,
    0xF2, 0x59, 0x67, 0x60, 0x62, 0xCB, 0x89, 0x1B, 0x4A, 0x07, 0x76, 0xCD, 0xCC, 0x1A, 0x00, 0x77,
    0xF4, 0x45, 0x31, 0x75, 0x6F, 0xA8, 0x0C, 0x04, 0xE9, 0xCC, 0x5E, 0xE8, 0xE7, 0x8E, 0x83, 0x72,
    0xCF, 0xF0, 0xF9, 0x39, 0xA0, 0xA3, 0xE5, 0x3B, 0xF8, 0x11, 0x72, 0x6C, 0x62, 0x0D, 0x58, 0xD5,
    0x24, 0x19, 0x4B, 0x1F, 0xF2, 0x01, 0x0D, 0x58, 0xE8, 0x92, 0x35, 0x14, 0x0D, 0xBB, 0xB8, 0x8B,
    0x43, 0x7C, 0x52, 0x49, 0x3E, 0x6F, 0x24, 0xAA, 0x95, 0x3D, 0x60, 0x97, 0xA7, 0x92, 0x56, 0x72,
    0x2A, 0xEB, 0xE4, 0x27, 0xB6, 0x06, 0x8B, 0x85, 0x92, 0x73, 0x4C, 0x50, 0x62, 0xE3, 0x5A, 0x85,
    0x02, 0x45, 0x43, 0xC7, 0x38, 0x42, 0x08, 0xFC, 0x18, 0xDF, 0xC6, 0x16, 0xDE, 0xC5, 0xDA, 0x35,
    0x8A, 0x9D, 0xCA, 0x1E, 0xB2, 0x4F, 0x43, 0x4D, 0xCC, 0x66, 0x79, 0x7F, 0x5B, 0x7A, 0x79, 0x2E,
    0x5D, 0xAF, 0xAE, 0xD5, 0x69, 0xFD, 0x43, 0xDF, 0xBB, 0x44, 0x9C, 0x4D, 0x84, 0x41, 0x64, 0x47,
    0x5D, 0x11, 0x89, 0x68, 0xB0, 0x79, 0xC0, 0xB9, 0x45, 0x52, 0xD5, 0x92, 0xA6, 0xD1, 0xCB, 0xB0,
    0xE6, 0x7A, 0x02, 0xCE, 0xE6, 0xBA, 0xC1, 0xA6, 0x6C, 0x12, 0x19, 0xF0, 0xF5, 0x08, 0xA1, 0x98,
    0x80, 0x6F, 0x5F, 0x11, 0x8A, 0x0C, 0xB8, 0x08, 0xB1, 0xC8, 0x80, 0x9B, 0xBB, 0xC5, 0x04, 0x3C,
    0xC2, 0x29, 0x26, 0xE0, 0x31, 0x36, 0x11, 0xF4, 0xB8, 0x70, 0xCF, 0x25, 0xE2, 0xC2, 0x3D, 0x9A,
    0x75, 0xC1, 0x59, 0xF0, 0x41, 0x20, 0x64, 0xD5, 0xCB, 0x31, 0xAB, 0xBE, 0x99, 0x10, 0x7C, 0x2B,
    0x38, 0xE8, 0xC7, 0x68, 0x76, 0x01, 0x38, 0xE6, 0xA1, 0x6C, 0x6A, 0x10, 0x94, 0x45, 0x55, 0xE6,
    0xF5, 0x68, 0x56, 0x1F, 0x53, 0x52, 0x32, 0x4C, 0xEB, 0xFC, 0x12, 0xA0, 0xA3, 0xE3, 0x88, 0x2F,
    0xD8, 0x64, 0x9F, 0x5B, 0x88, 0x20, 0x26, 0x63, 0xE9, 0x03, 0xEE, 0x72, 0x0A, 0x2C, 0xE0, 0xA6,
    0xA7, 0xF5, 0xC6, 0xA8, 0x22, 0x8E, 0x52, 0xFC, 0xCD, 0xE6, 0xA3, 0xA5, 0xD6, 0x57, 0xB0, 0xC7,
    0x31, 0x63, 0xA6, 0x92, 0x7F, 0xCB, 0x7E, 0x26, 0x89, 0x61, 0xC1, 0x4D, 0x1E, 0xD1, 0x32, 0x96,
    0x4E, 0x64, 0x1F, 0x1B, 0x14, 0x8B, 0xD1, 0x59, 0x2D, 0x6B, 0x79, 0xC2, 0xCE, 0xEA, 0xE8, 0x50,
    0xC9, 0x1B, 0xCE, 0xE2, 0xD0, 0xF0, 0x82, 0x5F, 0x70, 0x97, 0x7D, 0xB6, 0x57, 0x15, 0x38, 0x95,
    0xFE, 0x91, 0xBB, 0x8C, 0xA9, 0x22, 0x1D, 0xAA, 0x2A, 0xFF, 0xAA, 0x5E, 0x7B, 0x6F, 0x75, 0x7A,
    0xFA, 0xA1, 0xAD, 0x3F, 0x21, 0x8E, 0x1B, 0x8F, 0xBB, 0xDA, 0x2C, 0x91, 0x44, 0xF3, 0xDE, 0x59,
    0x77, 0xB3, 0x4E, 0xEB, 0x75, 0xEF, 0x60, 0xD4, 0x06, 0xFF, 0xFB, 0x6F, 0xD4, 0x7E, 0xD7, 0x0F,
    0xEA, 0xCC, 0x26, 0xD8, 0xB3, 0xF7, 0xFA, 0xFD, 0xE6, 0xFF, 0x3D, 0x0B, 0xAF, 0xAE, 0xBC, 0x71,
    0x05, 0x08, 0x02, 0xCF, 0x5A, 0xD9, 0xF9, 0x89, 0x60, 0x68, 0x57, 0xA8, 0xEE, 0x29, 0x9A, 0x52,
    0xD6, 0x9C, 0x7C, 0x53, 0x2F, 0xE7, 0x2F, 0xFF, 0xF7, 0xF2, 0x5E, 0x30, 0xD4, 0x7F, 0x96, 0xFE,
    0x19, 0x00, 0x01, 0x81, 0xEC, 0x6B, 0xA1, 0xA8, 0xCB, 0xFE, 0x81, 0xB4, 0x3D, 0x49, 0xBA, 0x7E,
    0xF4, 0x93, 0xFE, 0x72, 0x58, 0xD4, 0xFD, 0x2D, 0xE6, 0x7B, 0xE0, 0x3D, 0xFC, 0xB0, 0x26, 0xAB,
    0xD8, 0xC0, 0x1A, 0x58, 0xDD, 0x64, 0x2C, 0xF9, 0xF8, 0x55, 0x0A, 0xB1, 0xD8, 0xA5, 0x25, 0x6B,
    0x09, 0x15, 0x37, 0x30, 0xC4, 0xFD, 0x86, 0xAE, 0xA5, 0xDA, 0x5E, 0xDD, 0x03, 0x43, 0xEE, 0xD1,
    0xD1, 0x3B, 0x5D, 0xC8, 0xFE, 0xAE, 0xC8, 0x97, 0x10, 0x3A, 0xC3, 0x53, 0x0C, 0x91, 0x57, 0xD7,
    0x29, 0x54, 0xD4, 0xFD, 0x15, 0x4F, 0xF8, 0x65, 0x8C, 0x10, 0xEC, 0x55, 0xA4, 0x35, 0x1B, 0x78,
    0x17, 0x5C, 0x9F, 0xD8, 0x91, 0xE4, 0x5F, 0xEC, 0x70, 0xC4, 0xFB, 0x1C, 0xC5, 0xB8, 0x6D, 0x6F,
    0xF3, 0x9F, 0x33, 0x7E, 0x5A, 0x5F, 0xAB, 0x53, 0xFA, 0xEB, 0x6A, 0xEB, 0x19, 0xA2, 0x6C, 0x22,
    0x0C, 0xE2, 0x3B, 0x2A, 0x5E, 0x84, 0x8E, 0x0E, 0x48, 0xDA, 0x4E, 0xFE, 0xF9, 0xD4, 0x20, 0x9D,
    0xE2, 0x76, 0x0F, 0x38, 0xE8, 0x41, 0x5D, 0x0F, 0xAC, 0x7B, 0x70, 0x7D, 0x4F, 0x7E, 0x55, 0x4A,
    0x7E, 0x55, 0xEA, 0x1D, 0xF6, 0x38, 0xA1, 0x2D, 0x39, 0xCC, 0xBE, 0xDE, 0x08, 0xC5, 0x6F, 0xCB,
    0x6C, 0xF2, 0x66, 0x89, 0x89, 0xCE, 0x49, 0x0F, 0x2D, 0xFA, 0x4A, 0x56, 0x07, 0xA7, 0x14, 0x8D,
    0xB4, 0xE5, 0x78, 0x09, 0xF0, 0xFC, 0x48, 0xE9, 0x6C, 0xF4, 0xE0, 0xB5, 0xA8, 0xB7, 0x5E, 0x70,
    0xA4, 0x2C, 0xC1, 0x7F, 0x70, 0xAB, 0xF3, 0xFC, 0xCB, 0x29, 0x6F, 0xC7, 0xCD, 0xBF, 0xAC, 0x36,
    0x1F, 0x2F, 0x47, 0xA4, 0x23, 0x8D, 0x25, 0x2E, 0x0E, 0x9D, 0x25, 0xF1, 0xF3, 0xB8, 0x8D, 0xDA,
    0xFB, 0x4D, 0x30, 0x10, 0x6C, 0x78, 0x73, 0x0D, 0xF4, 0xA5, 0xA8, 0x36, 0x7B, 0xF4, 0x01, 0xB3,
    0xF3, 0x2B, 0xE8, 0xDD, 0xBC, 0x79, 0x5C, 0x34, 0x37, 0xB3, 0xD7, 0x47, 0xC8, 0x9A, 0xFC, 0xAB,
    0x09, 0xE0, 0x49, 0x3F, 0xDE, 0xF4, 0x0B, 0xB2, 0xBA, 0xC9, 0x47, 0x7C, 0xC6, 0x0E, 0xFB, 0x60,
    0x29, 0x97, 0xA4, 0xBD, 0x90, 0xFF, 0x75, 0x6A, 0xE0, 0x12, 0x5B, 0x3D, 0xFB, 0x8B, 0x60, 0x50,
    0xF6, 0x8C, 0xB3, 0xA0, 0xA8, 0x97, 0x66, 0xA7, 0x08, 0x35, 0x87, 0x87, 0x9C, 0xDD, 0x47, 0xD6,
    0xD3, 0xFF, 0xE2, 0x71, 0xF1, 0xC2, 0xCD, 0xB4, 0xED, 0xAB, 0xB9, 0x52, 0xBD, 0x85, 0x57, 0x1A,
    0x26, 0x2E, 0x9C, 0x24, 0x53, 0x85, 0x4B, 0xC9, 0xEA, 0x1E, 0x49, 0xA5, 0x9F, 0x63, 0x72, 0xC8,
    0xED, 0x48, 0x8F, 0xF9, 0xF7, 0x71, 0x61, 0xA3, 0x77, 0x59, 0x7B, 0xCB, 0x3D, 0x79, 0x80, 0xDF,
    0xE3, 0x06, 0xF6, 0x0F, 0x11, 0xE9, 0xB3, 0x73, 0xEB, 0xC2, 0xF3, 0x7F, 0x4C, 0x79, 0x3B, 0x8F,
    0x74, 0xD2, 0x58, 0xDF, 0x7B, 0x1C, 0xCF, 0xE7, 0x82, 0x64, 0x01, 0x3F, 0xBE, 0x43, 0x80, 0xF8,
    0xFD, 0x00, 0x50, 0xE2, 0x00, 0x7A, 0x84, 0xA4, 0xE3, 0x36, 0x6B, 0x66, 0xCD, 0x6C, 0xD7, 0x41,
    0x70, 0x56, 0xD4, 0xE7, 0xD9, 0x9F, 0x9B, 0xF4, 0x9F, 0x95, 0x19, 0x4F, 0x29, 0x99, 0x0F, 0xE9,
    0xAC, 0x9E, 0x1F, 0xCA, 0x07, 0x30, 0xFB, 0x79, 0x77, 0x27, 0x6D, 0x86, 0x59, 0x15, 0x32, 0xC5,
    0x6F, 0x64, 0x9F, 0xC9, 0x5E, 0x48, 0x26, 0x74, 0xB4, 0x34, 0xD2, 0xC6, 0x27, 0x3C, 0x12, 0x81,
    0x98, 0x9B, 0x96, 0xCB, 0xAD, 0x1F, 0x3C, 0x2A, 0xF8, 0x3E, 0x7F, 0x60, 0x8B, 0x1D, 0xB6, 0x89,
    0x22, 0x7E, 0x24, 0xF9, 0x1D, 0x07, 0x1C, 0x21, 0xEE, 0xBD, 0x8C, 0xEB, 0xEC, 0x57, 0x35, 0x71,
    0xC4, 0x57, 0xC7, 0x7C, 0x1C, 0xEB, 0xBF, 0x8D, 0x91, 0x01, 0x84, 0xE4, 0x56, 0x18, 0xC7, 0x7F,
    0x99, 0x77, 0xBA, 0x25, 0x73, 0x93, 0x45, 0x15, 0x64, 0x5D, 0xB1, 0x18, 0x64, 0x76, 0x1F, 0x52,
    0x0D, 0x92, 0xE6, 0x39, 0x14, 0x8A, 0x2D, 0x00, 0x45, 0x17, 0x00, 0x6D, 0x85, 0x0E, 0x37, 0x98,
    0x9D, 0xBE, 0x5B, 0x55, 0x28, 0x7A, 0x00, 0xC0, 0x2D, 0x00, 0x20, 0x7A, 0xA3, 0x46, 0x55, 0xEF,
    0x71, 0x40, 0xEB, 0x2A, 0x14, 0x00, 0x97, 0x16, 0x00, 0xF5, 0xEC, 0x4D, 0x6B, 0x91, 0xDB, 0xE9,
    0x7B, 0x99, 0xA8, 0x2B, 0xD0, 0xEF, 0xFD, 0xFD, 0x5F, 0xBE, 0x7F, 0x5E, 0x7E, 0x79, 0x7C, 0x65,
    0x53, 0x36, 0x4F, 0x77, 0xDB, 0xDD, 0xAE, 0xDD, 0xB9, 0xEA, 0x4A, 0x67, 0xB7, 0x1F, 0xE9, 0xBA,
    0xF9, 0xBF, 0xCB, 0x9D, 0x37, 0x00, 0xFD, 0x3E, 0x4E, 0xE5, 0x45, 0xB1, 0xE9, 0xE2, 0xA9, 0xD4,
    0xF8, 0xAD, 0x52, 0xC5, 0x4A, 0xA6, 0x63, 0x60, 0x1C, 0xA7, 0x52, 0x56, 0xAB, 0x8B, 0x22, 0xDF,
    0xAC, 0xBB, 0x2E, 0x4E, 0xA6, 0x53, 0x59, 0x69, 0x0D, 0x9B, 0x8D, 0xEB, 0x62, 0xDF, 0x29, 0x55,
    0xE4, 0xAB, 0x0B, 0x59, 0xA5, 0x72, 0x1C, 0x73, 0x07, 0xA0, 0x81, 0xD6, 0xFB, 0x5B, 0x97, 0x3C,
    0x3D, 0x35, 0xC7, 0x97, 0x43, 0x82, 0xF5, 0x3E, 0xA8, 0xE9, 0xA5, 0x7B, 0x29, 0xEF, 0x43, 0x6E,
    0x58, 0x7D, 0x62, 0x8E, 0xBF, 0x1E, 0x3E, 0x09, 0xEC, 0x7F, 0x50, 0xCE, 0xFF, 0x85, 0x03, 0xA7,
    0x94, 0xE6, 0x4B, 0x53, 0x9A, 0x53, 0x75, 0x08, 0x05, 0x94, 0x0D, 0xE5, 0x2B, 0xCA, 0x1D, 0xA5,
    0xA5, 0x04, 0x09, 0xF3, 0x6E, 0x3D, 0x17, 0xBA, 0x0B, 0xCD, 0xFA, 0xC0, 0x24, 0x41, 0x33, 0xE1,
    0x7D, 0x61, 0x4F, 0xC9, 0x47, 0x6D, 0x04, 0xCB, 0x3C, 0x32, 0x21, 0x90, 0xD5, 0x77, 0x81, 0x79,
    0x3A, 0x05, 0xAA, 0x4C, 0xF6, 0xDE, 0xFA, 0xE4, 0xDD, 0x17, 0x66, 0x45, 0xFE, 0x64, 0xF1, 0xFB,
    0x6F, 0x2A, 0xFA, 0xA5, 0xFA, 0xEE, 0x99, 0x61, 0x5C, 0x7F, 0x71, 0x69, 0x98, 0xD6, 0x0F, 0x9C,
    0xCB, 0xFE, 0xB9, 0xF5, 0x79, 0x60, 0x32, 0x77, 0x46, 0xA8, 0x7B, 0xE6, 0x27, 0x7A, 0xE6, 0x00,
    0x1D, 0xA8, 0x03, 0x76, 0xE0, 0x0E, 0xE0, 0xD1, 0xB6, 0x27, 0x7F, 0x98, 0xF4, 0xE8, 0x5F, 0x27,
    0x3D, 0xFB, 0xF9, 0xA4, 0x87, 0x3F, 0x8F, 0x90, 0xFB, 0xAE, 0xED, 0xDF, 0x79, 0xBE, 0x3B, 0xD9,
    0xFF, 0x60, 0xB4, 0x15, 0x3A, 0xD2, 0x11, 0x09, 0x29, 0xE7, 0x88, 0x6F, 0x89, 0x1E, 0x13, 0x15,
    0xCC, 0x32, 0xB2, 0x9A, 0xAA, 0x71, 0xC9, 0x2C, 0x7A, 0x5C, 0x44, 0xF9, 0x26, 0x59, 0xD8, 0xF4,
    0xDA, 0x9C, 0x3F, 0x54, 0x73, 0x96, 0x9C, 0x10, 0x21, 0x54, 0xA0, 0xE6, 0x96, 0xE5, 0x96, 0x93,
    0x25, 0xD1, 0x0C, 0x71, 0x46, 0x70, 0x9F, 0xF9, 0x4B, 0xB3, 0xFC, 0xBB, 0x3D, 0x59, 0xDA, 0x68,
    0x96, 0x89, 0xB3, 0x24, 0xB8, 0xFF, 0xE6, 0x8C, 0xF7, 0xF8, 0x43, 0x0B, 0x42, 0x8E, 0xC8, 0x59,
    0xB3, 0x76, 0x1E, 0x13, 0x22, 0xB8, 0x22, 0x25, 0x61, 0x42, 0x48, 0xA8, 0x26, 0xFD, 0x0D, 0xAE,
    0x78, 0x54, 0xBF, 0xB3, 0xBE, 0xB1, 0xB3, 0x97, 0x26, 0x8C, 0x78, 0xD0, 0xD9, 0xEE, 0xAF, 0xED,
    0xF7, 0x9D, 0x0D, 0xCF, 0x38, 0x7A, 0x62, 0xE6, 0x37, 0xB6, 0xB5, 0x12, 0xB0, 0x8B, 0xED, 0x8F,
    0x6E, 0x6D, 0xEC, 0xC2, 0x2E, 0xEA, 0x79, 0x9D, 0xD6, 0x69, 0x25, 0x0F, 0x0F, 0xC1, 0x27, 0xF7,
    0xB6, 0xE4, 0x05, 0x6F, 0xBF, 0x60, 0xB4, 0xD7, 0x9F, 0x8C, 0x3A, 0x46, 0x0D, 0x23, 0xE3, 0xB5,
    0x2F, 0xD1, 0xF8, 0xA4, 0xDC, 0xDD, 0x9A, 0xF3, 0xAB, 0xA6, 0xD4, 0xA5, 0x6E, 0x5A, 0x75, 0xC8,
    0x5D, 0x62, 0xA6, 0x48, 0x6A, 0x9A, 0xC0, 0x08, 0x2D, 0x54, 0xA8, 0x27, 0x26, 0x6E, 0xB3, 0x4A,
    0xA6, 0xEC, 0xCB, 0x00, 0x81, 0xB7, 0xE3, 0x9F, 0x81, 0x72, 0xE5, 0x5B, 0x05, 0x1C, 0x54, 0xC0,
    0x24, 0x57, 0x88, 0xAF, 0xEE, 0xB4, 0x08, 0x4D, 0xC3, 0x0F, 0x9F, 0xCD, 0xBE, 0x51, 0xC5, 0x26,
    0xFA, 0x9C, 0x91, 0x0E, 0x6A, 0x8E, 0xEA, 0x83, 0x4F, 0x49, 0xD2, 0x30, 0x66, 0xA8, 0xFE, 0x42,
    0x42, 0x11, 0xC2, 0x18, 0x32, 0xA8, 0xA0, 0x25, 0x78, 0x2D, 0x9B, 0x82, 0xF4, 0x19, 0xBB, 0x9D,
    0x76, 0x6A, 0x84, 0x76, 0x57, 0xC2, 0xE9, 0xC0, 0x09, 0xAF, 0xF0, 0x35, 0x45, 0x5E, 0x6F, 0x3C,
    0x0A, 0x28, 0x6F, 0x3F, 0xA6, 0x0A, 0x5F, 0x01, 0xF8, 0xD9, 0x65, 0x6E, 0x78, 0x37, 0x6E, 0x7A,
    0x36, 0x59, 0x5C, 0x9B, 0xF4, 0xFA, 0x99, 0x3A, 0x7F, 0xF8, 0x01, 0xFF, 0x00, 0x65, 0x90, 0x25,
    0x7C, 0x1D, 0x41, 0x10, 0xC6, 0xBF, 0x70, 0xB2, 0xEF, 0xC2, 0xCC, 0x71, 0xE1, 0x64, 0xC4, 0xF6,
    0xD7, 0x0D, 0x9F, 0x37, 0x05, 0x2F, 0xE2, 0x0A, 0x6A, 0xCB, 0xE1, 0xAC, 0x57, 0xE7, 0xD5, 0xF3,
    0x6A, 0xCB, 0xDC, 0x5B, 0xAF, 0xC6, 0xAB, 0xD5, 0x65, 0x6E, 0x65, 0xE6, 0xC2, 0xF0, 0x2D, 0xC3,
    0xC0, 0x7F, 0x94, 0x33, 0xDE, 0x92, 0xD7, 0xDE, 0x78, 0x6D, 0xC9, 0x78, 0xE5, 0x60, 0xD0, 0xB1,
    0x66, 0x44, 0x5B, 0x00, 0x62, 0x55, 0x54, 0x71, 0x20, 0x52, 0xCC, 0x7F, 0x23, 0x4A, 0x4B, 0x57,
    0xBE, 0x13, 0x08, 0x2B, 0x0C, 0x0B, 0x6D, 0xED, 0x8C, 0xAB, 0xE4, 0x41, 0x68, 0x6C, 0xB2, 0xB7,
    0xDE, 0x58, 0xAD, 0x6D, 0xB3, 0xCB, 0xFF, 0x67, 0x04, 0xAE, 0x08, 0x55, 0xA9, 0x42, 0x82, 0x31,
    0x28, 0x27, 0x8E, 0x69, 0xB1, 0x3C, 0xCC, 0xD6, 0xCB, 0x1F, 0x3B, 0xCC, 0x25, 0xB9, 0x29, 0x22,
    0xDE, 0x37, 0xC3, 0xCF, 0x60, 0x2B, 0xC2, 0x10, 0x12, 0x69, 0xB9, 0x8C, 0x0F, 0x79, 0x00, 0xF2,
    0x50, 0x8B, 0x01, 0x68, 0x90, 0x34, 0x2B, 0x43, 0xCB, 0xA9, 0x16, 0xAB, 0x89, 0xAA, 0x13, 0xA9,
    0x64, 0x75, 0x33, 0x4A, 0x24, 0x2A, 0xDA, 0xD6, 0x2B, 0x71, 0xEE, 0xAD, 0xB8, 0xDA, 0x0F, 0x2E,
    0xC9, 0x97, 0x30, 0x89, 0xAA, 0xE3, 0xD6, 0x9F, 0xF5, 0x3B, 0xF2, 0x23, 0x04, 0x8F, 0x50, 0x87,
    0xB1, 0x8E, 0xDD, 0xDF, 0xFD, 0x4C, 0x1E, 0xBE, 0x2E, 0xC0, 0x1F, 0xA4, 0x8F, 0xAC, 0x32, 0xD6,
    0xC5, 0xE4, 0x02, 0xE0, 0x42, 0xD6, 0xB2, 0xFF, 0x63, 0xE2, 0x10, 0xF0, 0x2D, 0x3F, 0xBB, 0xEF,
    0x0D, 0x91, 0x2A, 0xF0, 0x2C, 0xB8, 0x32, 0x54, 0xA1, 0x09, 0x03, 0x68, 0xD9, 0xC7, 0xD3, 0x34,
    0xC3, 0xF3, 0xDF, 0x8B, 0x1C, 0x86, 0xB8, 0xCF, 0x91, 0xC0, 0x59, 0x33, 0x5B, 0xA0, 0xF1, 0x10,
    0xEA, 0xF7, 0xD1, 0x06, 0x51, 0x8D, 0x0F, 0x1D, 0xB7, 0x5D, 0x67, 0x5A, 0x8C, 0x4A, 0x24, 0x67,
    0xF8, 0xA6, 0x50, 0x02, 0x70, 0x75, 0xA0, 0xE9, 0x80, 0xF0, 0x3E, 0xC4, 0x09, 0x57, 0xB2, 0x66,
    0xCF, 0x73, 0x65, 0xE5, 0x28, 0xBE, 0x29, 0x7B, 0xE8, 0x96, 0xE1, 0x4C, 0x1D, 0x54, 0x4E, 0x6B,
    0xAB, 0xDC, 0xCD, 0xF2, 0x62, 0x68, 0x4E, 0x4B, 0xE8, 0x0B, 0xCF, 0xBF, 0xCF, 0xA6, 0x29, 0x23,
    0x6E, 0x44, 0xCB, 0x13, 0x69, 0x0B, 0xB4, 0xB4, 0x85, 0xE3, 0x22, 0xAD, 0xBD, 0x3A, 0xB8, 0xD1,
    0xDF, 0x75, 0xB8, 0x8C, 0x15, 0x77, 0x89, 0xD7, 0xEE, 0xC3, 0x8C, 0xED, 0xEB, 0xD6, 0xE6, 0xA7,
    0x60, 0xBC, 0x7C, 0x3D, 0xEC, 0x6B, 0xCF, 0xC4, 0x89, 0xB1, 0x86, 0xA4, 0x89, 0xA1, 0x54, 0x5A,
    0x9B, 0x42, 0xB4, 0xEC, 0x0C, 0xD6, 0x30, 0x91, 0x92, 0x5B, 0x42, 0x9D, 0xBB, 0xEE, 0x26, 0x00,
    0x8C, 0x61, 0x07, 0xE6, 0xB0, 0x0D, 0x61, 0x0F, 0x6D, 0x94, 0x45, 0x90, 0x1B, 0x47, 0x1B, 0x40,
    0x9F, 0xD4, 0x7F, 0xD5, 0xD8, 0x3B, 0xBB, 0xEA, 0x9F, 0x59, 0x52, 0x18, 0xB5, 0xD6, 0x98, 0x95,
    0x78, 0xD6, 0x3B, 0x61, 0x4E, 0xF6, 0x7E, 0xDA, 0x7B, 0x05, 0x14, 0x36, 0x28, 0x51, 0x57, 0x7C,
    0x09, 0x33, 0xF3, 0x35, 0x3C, 0x66, 0xB6, 0x3E, 0x57, 0x6E, 0x41, 0x85, 0x39, 0xE9, 0x53, 0x18,
    0xE6, 0x60, 0xB6, 0x76, 0x3B, 0x3D, 0x8B, 0xA1, 0xAA, 0x37, 0x6F, 0x9A, 0xB9, 0x5B, 0x8D, 0x51,
    0xEA, 0x23, 0x2E, 0xD2, 0x80, 0x45, 0xB0, 0xD8, 0xD9, 0x46, 0x3A, 0x5A, 0x4B, 0xD1, 0x6B, 0x4D,
    0xD1, 0x19, 0xD6, 0x1A, 0x52, 0x48, 0xA3, 0x82, 0xCB, 0x28, 0x19, 0x3A, 0x36, 0x38, 0x9C, 0xEA,
    0xA5, 0xD1, 0xD0, 0xA9, 0x51, 0x7C, 0x19, 0xAD, 0xC7, 0x69, 0x7D, 0x4A, 0xEB, 0x6B, 0x6E, 0x48,
    0x59, 0xDE, 0xA4, 0xDE, 0x8C, 0xF4, 0xD3, 0xCD, 0xB0, 0x9B, 0xF6, 0x39, 0x3B, 0x60, 0x98, 0x9B,
    0x90, 0x97, 0x97, 0x54, 0xD3, 0x1C, 0x22, 0x8A, 0xA1, 0x05, 0x2B, 0x56, 0xD9, 0x15, 0x83, 0x7F,
    0x6E, 0xD5, 0x88, 0x73, 0x22, 0x5D, 0x6B, 0x06, 0x3B, 0x52, 0x5C, 0xD6, 0x76, 0x99, 0x4E, 0x52,
    0x9D, 0x34, 0x75, 0x12, 0xE9, 0x04, 0x4F, 0xDB, 0xCD, 0x7A, 0x86, 0xE1, 0x0C, 0xDA, 0xA6, 0x90,
    0x65, 0x4A, 0x3C, 0x77, 0x2B, 0xC1, 0x33, 0xEC, 0xA6, 0x6D, 0x08, 0x12, 0x4A, 0xF8, 0x70, 0xDE,
    0x20, 0x24, 0x20, 0xED, 0xEF, 0xA4, 0xB1, 0xB9, 0xDB, 0x58, 0x65, 0x1B, 0x2D, 0xDB, 0xB8, 0xC6,
    0x36, 0x9A, 0xB6, 0x91, 0xE5, 0x2C, 0x4B, 0x6D, 0xE7, 0xE0, 0x9E, 0x01, 0x98, 0x03, 0xCB, 0x55,
    0xA6, 0x11, 0x9D, 0x88, 0x16, 0x19, 0x10, 0xF1, 0xD5, 0xFB, 0x53, 0xE9, 0x6F, 0x4C, 0x04, 0x06,
    0xA4, 0x5F, 0x4B, 0x7F, 0x20, 0xFD, 0x4A, 0x86, 0x8B, 0xD2, 0x19, 0x07, 0x2A, 0xFA, 0x26, 0x28,
    0xA9, 0x57, 0x73, 0x7D, 0xE1, 0x55, 0x74, 0xFB, 0x7B, 0x25, 0xF5, 0x66, 0xA9, 0x7F, 0x52, 0xFA,
    0x12, 0x9D, 0xE8, 0x9E, 0x0E, 0x6D, 0x09, 0x5D, 0xE8, 0x79, 0x31, 0xE4, 0xF5, 0xEF, 0x72, 0x05,
    0xFD, 0xFF, 0x5A, 0x47, 0x02, 0x97, 0x4D, 0xB5, 0x62, 0xBC, 0x94, 0xCC, 0xAA, 0x63, 0x2A, 0x6A,
    0xF7, 0xDB, 0x52, 0xD1, 0xA7, 0xEF, 0x36, 0xD5, 0x5E, 0xD1, 0x52, 0xA9, 0x32, 0x46, 0x25, 0x30,
    0x75, 0x9F, 0x21, 0x4A, 0x2A, 0xEA, 0xE5, 0x33, 0xA4, 0x5E, 0xD8, 0xBF, 0xC6, 0x74, 0xF2, 0x81,
    0xF4, 0xA2, 0x03, 0xD1, 0xA2, 0x28, 0x5A, 0x11, 0x2D, 0xDA, 0x72, 0x44, 0xE3, 0xFB, 0x51, 0xE7,
    0x0E, 0xD4, 0x5E, 0x33, 0xDE, 0x03, 0x77, 0x8A, 0x3E, 0x5F, 0x74, 0x60, 0xB4, 0x32, 0xA1, 0x4A,
    0xFA, 0x14, 0x40, 0x67, 0xAF, 0x6C, 0x5C, 0x29, 0xEB, 0x4E, 0x91, 0xF5, 0x33, 0xFC, 0x43, 0xD6,
    0x3F, 0x28, 0xEB, 0x9D, 0x10, 0x4E, 0xA0, 0x84, 0x4E, 0xCF, 0xBB, 0xE8, 0x44, 0x2B, 0x89, 0x27,
    0x58, 0x31, 0x41, 0x6B, 0x22, 0x5C, 0x0F, 0x24, 0x3C, 0xBC, 0x07, 0xA8, 0x3A, 0xA1, 0x7E, 0x80,
    0x3D, 0x35, 0xE5, 0xD7, 0xC5, 0xCC, 0x09, 0xF3, 0x5D, 0x4A, 0x34, 0xDE, 0x78, 0xFB, 0xA8, 0x32,
    0x7E, 0xB1, 0xFE, 0xEF, 0x0B, 0xF8, 0x62, 0x9D, 0xDB, 0xB2, 0x41, 0x65, 0xCA, 0x01, 0xE5, 0x01,
    0xCA, 0x27, 0x50, 0x6E, 0x52, 0xB6, 0x74, 0x5C, 0x56, 0x6E, 0x51, 0x8E, 0x29, 0x57, 0x29, 0xEB,
    0x64, 0x50, 0x49, 0x67, 0xCD, 0x1E, 0xBF, 0x63, 0xCD, 0xB4, 0xD9, 0x4C, 0x23, 0xD2, 0x3F, 0xB3,
    0x09, 0x76, 0xC1, 0x21, 0x94, 0xA3, 0xAF, 0x47, 0x31, 0x23, 0x4C, 0xC1, 0xB3, 0x01, 0x35, 0x0E,
    0x18, 0x08, 0x12, 0x8A, 0x3E, 0xF8, 0x9F, 0x65, 0x02, 0x4D, 0x0B, 0x36, 0x05, 0xC9, 0x58, 0x2E,
    0x87, 0xBB, 0xF7, 0x25, 0xDF, 0x47, 0x0F, 0xAD, 0xF9, 0x34, 0x8A, 0x77, 0xD5, 0xBB, 0x10, 0x31,
    0xF9, 0x8D, 0xA2, 0xBA, 0xC1, 0x11, 0xC1, 0x48, 0x30, 0xA2, 0xA4, 0x20, 0x74, 0x4B, 0x69, 0x75,
    0xD1, 0x82, 0xDA, 0x9F, 0xFF, 0xCF, 0xFF, 0x69, 0x30, 0xD2, 0x1E, 0xA3, 0xA4, 0x93, 0x92, 0x12,
    0x3F, 0x8C, 0x69, 0x9B, 0x52, 0x15, 0x7D, 0x80, 0x12, 0xB3, 0xB4, 0x05, 0x22, 0x0A, 0xCE, 0x84,
    0x57, 0x49, 0x39, 0x92, 0x38, 0x92, 0x46, 0xC4, 0x35, 0x11, 0x1B, 0x3C, 0x4B, 0xB3, 0x15, 0x0B,
    0xBB, 0x8D, 0x05, 0x12, 0x2F, 0x90, 0xCA, 0x02, 0x09, 0xD7, 0x89, 0x2F, 0x46, 0x44, 0x4E, 0x13,
    0xB6, 0x40, 0x2F, 0xA7, 0xF8, 0x02, 0xEA, 0x62, 0x94, 0xCE, 0x0F, 0x69, 0x5F, 0x90, 0x78, 0xE7,
    0x8B, 0x55, 0x94, 0x06, 0x76, 0x97, 0x3A, 0xE0, 0xD7, 0x35, 0xAE, 0xB2, 0x48, 0x73, 0x84, 0x86,
    0x2A, 0xCE, 0x19, 0xD5, 0xCB, 0x3D, 0x0C, 0xAD, 0x02, 0x2B, 0x54, 0xCE, 0x50, 0x48, 0x38, 0x0E,
    0xC7, 0x4C, 0x0C, 0x63, 0xA3, 0xAD, 0x1C, 0x63, 0xE3, 0x63, 0xEE, 0x8E, 0x8F, 0x61, 0xC5, 0x31,
    0x6C, 0xC9, 0xC9, 0x03, 0x71, 0xCE, 0xDD, 0x3E, 0x2B, 0xDC, 0x60, 0x0B, 0x4E, 0x38, 0x06, 0xCF,
    0xDC, 0x23, 0x28, 0x6F, 0x98, 0xC2, 0xB9, 0xC4, 0xFB, 0x0F, 0x58, 0x41, 0x79, 0x38, 0x29, 0x3A,
    0xA3, 0x4F, 0x97, 0x0A, 0x32, 0x88, 0xCC, 0x83, 0x6A, 0x17, 0x3D, 0x4E, 0xDE, 0x4E, 0xD8, 0xA5,
    0x68, 0x87, 0x7B, 0xB6, 0xF6, 0x46, 0x37, 0x7E, 0x53, 0x7C, 0xE2, 0xC4, 0x3D, 0x03, 0xF8, 0xC5,
    0xF6, 0xF1, 0x7B, 0xD4, 0x38, 0xCE, 0xC9, 0xFF, 0xB2, 0xDC, 0x1C, 0x80, 0x3D, 0x14, 0x2D, 0x0E,
    0x42, 0xC9, 0x03, 0x64, 0x79, 0x0A, 0x2D, 0xA8, 0x1B, 0xBC, 0x2C, 0xA1, 0x21, 0x38, 0x9B, 0x60,
    0x0C, 0xFD, 0x36, 0x9D, 0x5D, 0x5C, 0x62, 0x69, 0x27, 0x7F, 0x7E, 0x28, 0x49, 0x83, 0x24, 0x0B,
    0x12, 0x1B, 0x9C, 0x26, 0xC1, 0x39, 0x89, 0xCF, 0xBD, 0x11, 0xF8, 0x00, 0xF8, 0x0A, 0x70, 0x6E,
    0x8C, 0xBA, 0x73, 0x49, 0x40, 0x20, 0x21, 0x05, 0x09, 0xFF, 0xE4, 0xBF, 0x9D, 0xAB, 0x8D, 0x7E,
    0xC9, 0x51, 0xBF, 0xE5, 0xDF, 0x28, 0x01, 0x95, 0xFD, 0x99, 0x82, 0x9B, 0x78, 0x44, 0x80, 0x11,
    0x00, 0x0B, 0x84, 0x63, 0x40, 0xE3, 0x2B, 0x01, 0x6B, 0x2D, 0x4A, 0xEC, 0x35, 0xF8, 0x5E, 0x62,
    0x34, 0x76, 0x30, 0x57, 0x89, 0x0A, 0x56, 0x33, 0x98, 0x2B, 0xC6, 0x86, 0x49, 0x2E, 0x33, 0x25,
    0x13, 0x78, 0x11, 0x98, 0xF6, 0x38, 0x3A, 0xE8, 0xEA, 0x42, 0xA6, 0x99, 0xA6, 0x68, 0x75, 0x28,
    0x3E, 0x7D, 0xE6, 0x72, 0x78, 0x86, 0x2D, 0x3C, 0x0B, 0xCE, 0x86, 0xDF, 0xA6, 0x95, 0x67, 0xA3,
    0x38, 0x87, 0x29, 0xC8, 0x99, 0x07, 0x9A, 0x28, 0x4C, 0x9A, 0x27, 0x7F, 0x9B, 0xBF, 0x62, 0x6A,
    0x03, 0x9E, 0xBC, 0x11, 0x6D, 0xB4, 0x92, 0x29, 0x34, 0x7A, 0xA6, 0xBB, 0x1C, 0xAB, 0x83, 0xBC,
    0xA3, 0xC9, 0xC2, 0x85, 0x11, 0x0A, 0xAE, 0x1B, 0x9A, 0x6C, 0x1E, 0x69, 0xCC, 0x9F, 0x63, 0x68,
    0x41, 0x9C, 0x33, 0x5A, 0x27, 0xD5, 0x92, 0xF9, 0x5C, 0xE0, 0xA4, 0x67, 0x9F, 0x6E, 0xBB, 0x3D,
    0x3F, 0x03, 0x63, 0xF8, 0xC0, 0xB4, 0x83, 0x59, 0x87, 0x5D, 0x83, 0x4B, 0x83, 0xCF, 0x84, 0xD7,
    0x80, 0x77, 0x01, 0xDF, 0x01, 0x7E, 0x07, 0x7E, 0x0E, 0x7B, 0x93, 0xF0, 0x07, 0x0C, 0x0C, 0x00,
    0x85, 0xD1, 0x25, 0x90, 0xED, 0x56, 0x00, 0x80, 0xE1, 0x2F, 0x27, 0xF7, 0x35, 0x9D, 0x97, 0xDC,
    0xBB, 0x64, 0xCA, 0xCC, 0xF0, 0x98, 0x69, 0x53, 0x70, 0xF5, 0x33, 0xF5, 0x6A, 0x5D, 0x57, 0x2E,
    0x6F, 0x7C, 0xD9, 0x9B, 0x7A, 0x55, 0x66, 0x88, 0xAD, 0x4B, 0x99, 0xDB, 0xCC, 0x54, 0x95, 0x97,
    0x5C, 0xE9, 0xE5, 0x2C, 0x98, 0xC5, 0xC3, 0xF8, 0xFF, 0x07, 0x40, 0x58, 0xC2, 0x11, 0xF8, 0xBF,
    0x0B, 0xF5, 0x02, 0x84, 0x16, 0x86, 0x11, 0xCA, 0xAC, 0x1E, 0x6A, 0x86, 0x96, 0x1E, 0x9C, 0x3C,
    0x39, 0x31, 0xF6, 0x78, 0x5A, 0xEE, 0x8C, 0x80, 0xB4, 0x85, 0x23, 0x1B, 0x10, 0x1C, 0x2D, 0x37,
    0x31, 0x09, 0xC1, 0x6E, 0x1B, 0xEF, 0x7C, 0xF2, 0xE4, 0xC4, 0x83, 0x2F, 0x0F, 0xB5, 0x79, 0x9D,
    0xD6, 0x9B, 0x27, 0x49, 0x5B, 0x47, 0x6C, 0x41, 0x16, 0x22, 0x24, 0xB4, 0x11, 0x32, 0x9C, 0xEC,
    0x3C, 0xC9, 0x4E, 0xC8, 0x14, 0x3E, 0x6A, 0xB8, 0x32, 0xC5, 0xD9, 0x8A, 0xEB, 0x5B, 0x8A, 0x29,
    0x7A, 0xB7, 0x20, 0xAB, 0x48, 0x5A, 0x4C, 0x61, 0x6B, 0x00, 0xF2, 0x52, 0xF2, 0x7F, 0x25, 0x7F,
    0x0A, 0x6F, 0x11, 0x3E, 0x26, 0x2F, 0x78, 0xA8, 0xC7, 0xCB, 0x84, 0x9A, 0x1C, 0x0F, 0xE1, 0x65,
    0xC0, 0x4B, 0x98, 0xC2, 0x4E, 0x6C, 0x41, 0xF6, 0x0C, 0xC9, 0xAF, 0xF4, 0x66, 0xC9, 0xFE, 0x2A,
    0x59, 0xAC, 0x08, 0x08, 0x95, 0xE8, 0xF2, 0x30, 0x5E, 0x27, 0x34, 0x62, 0xB7, 0x78, 0x98, 0xE2,
    0x75, 0x1E, 0x68, 0xB8, 0xF8, 0x38, 0x0B, 0x6B, 0x7C, 0x54, 0x72, 0x1B, 0xB8, 0x86, 0xB0, 0x34,
    0xE0, 0x88, 0x9B, 0x88, 0x8F, 0x62, 0xC1, 0xCB, 0x84, 0xB6, 0xC1, 0x48, 0x0D, 0xC0, 0x26, 0x5F,
    0xFA, 0x44, 0xB4, 0xF8, 0x40, 0x5C, 0xCC, 0x25, 0x0B, 0x9C, 0xCA, 0x1A, 0x26, 0x7B, 0x00, 0x2F,
    0x48, 0x96, 0xA4, 0x6B, 0xD2, 0x7F, 0x1C, 0xFE, 0x5E, 0xF1, 0xAD, 0xDE, 0x27, 0x34, 0x9B, 0xA9,
    0xF8, 0x52, 0xFF, 0x07, 0xD9, 0xEF, 0x71, 0x41, 0x58, 0xE2, 0x05, 0xA2, 0xB8, 0x01, 0x77, 0x45,
    0xF3, 0x99, 0xD6, 0x11, 0x2F, 0x6F, 0x7D, 0x51, 0x5A, 0x77, 0x5F, 0xF4, 0x73, 0x68, 0xB9, 0x21,
    0x01, 0xC8, 0xFF, 0xE5, 0xF2, 0x8D, 0x95, 0x56, 0x1B, 0x6A, 0xC7, 0xD2, 0xD2, 0xA9, 0x94, 0xFB,
    0xD2, 0xFB, 0xBA, 0x7C, 0x8A, 0xF7, 0x96, 0xB8, 0xB5, 0x41, 0x85, 0x8F, 0x2A, 0xD9, 0x8B, 0xAF,
    0xEB, 0xEB, 0xBB, 0x4F, 0xE6, 0x98, 0x34, 0xE6, 0xF2, 0x98, 0x93, 0xE5, 0xB0, 0xB3, 0x25, 0xB7,
    0xCE, 0x31, 0xD4, 0x72, 0x08, 0x3D, 0x0C, 0x35, 0xDC, 0xFA, 0xBE, 0x6E, 0x2E, 0xAE, 0xD9, 0x58,
    0x9B, 0x3A, 0x27, 0x73, 0x93, 0xBE, 0xBC, 0x9A, 0x92, 0x6C, 0x9E, 0x56, 0x49, 0xDE, 0x30, 0xBB,
    0x44, 0x3A, 0xC9, 0xBA, 0x5F, 0x97, 0x4B, 0xA7, 0x42, 0xE5, 0x98, 0x46, 0x6B, 0x2A, 0xAB, 0xE5,
    0xFF, 0x01, 0x05, 0xBC, 0x8D, 0xAC, 0xBB, 0xDA, 0xDA, 0x15, 0xB8, 0x0C, 0x79, 0xEC, 0x5A, 0x83,
    0x9B, 0x00, 0x54, 0xE2, 0x2B, 0x4E, 0xC9, 0x0B, 0xB7, 0x0C, 0xB9, 0x32, 0x54, 0xCE, 0xF4, 0xAB,
    0xC3, 0x85, 0xFD, 0x13, 0x6A, 0x78, 0xDB, 0x62, 0xC7, 0x2C, 0x11, 0x96, 0xE8, 0x48, 0xB1, 0x5B,
    0x61, 0x0E, 0x1A, 0xE0, 0xD0, 0xB5, 0x0E, 0x04, 0xCE, 0x0C, 0xEA, 0x23, 0x43, 0x06, 0x03, 0xD9,
    0x43, 0x22, 0xAA, 0xA5, 0x50, 0xF3, 0x76, 0x17, 0xB3, 0xA8, 0xB8, 0x12, 0x15, 0x97, 0xA3, 0x22,
    0x8F, 0x0A, 0x6B, 0xE6, 0xB8, 0x49, 0xB3, 0xFF, 0x2D, 0xF6, 0x57, 0x5C, 0x05, 0x8D, 0xD3, 0x3F,
    0x6C, 0x1B, 0xE5, 0x1F, 0x06, 0xF0, 0xCF, 0xDD, 0xDB, 0x5F, 0xEF, 0x97, 0x9E, 0xFF, 0x44, 0x88,
    0x01, 0xA9, 0x47, 0xDD, 0x31, 0x83, 0x8B, 0x33, 0x58, 0xE2, 0x2A, 0xA5, 0xF1, 0x89, 0x15, 0x21,
    0xB1, 0xC3, 0xD0, 0x91, 0x2D, 0x16, 0xCA, 0x50, 0xD4, 0xA0, 0x9C, 0x60, 0xE8, 0x84, 0x94, 0x7D,
    0xCA, 0xC0, 0x8E, 0x07, 0x50, 0x33, 0xA0, 0xF6, 0x04, 0x03, 0x03, 0xCB, 0x6D, 0x4C, 0x48, 0x1E,
    0xB2, 0x63, 0x41, 0x84, 0x22, 0x28, 0x39, 0x6C, 0x4E, 0x2E, 0x91, 0xC5, 0x50, 0xF9, 0x79, 0xFD,
    0xFD, 0xF7, 0x3C, 0xF7, 0xDE, 0xF3, 0xEA, 0xDE, 0xF4, 0xC2, 0xAD, 0x3B, 0x84, 0x42, 0x5C, 0xB5,
    0x48, 0x7E, 0xAD, 0x46, 0xEF, 0x56, 0x7B, 0xA1, 0x7A, 0x14, 0xAA, 0xAF, 0x93, 0xE2, 0xB0, 0x6F,
    0xEF, 0x9E, 0xFE, 0x05, 0x3C, 0x6F, 0x0A, 0xC9, 0xBF, 0x68, 0xCB, 0xCD, 0x0E, 0x10, 0xB8, 0x65,
    0x55, 0x8E, 0x0A, 0x93, 0xC2, 0xDB, 0x85, 0xA7, 0xAB, 0x69, 0xF4, 0x43, 0x11, 0x3F, 0x29, 0x42,
    0x52, 0x24, 0x49, 0xD1, 0xFB, 0x87, 0x3F, 0x64, 0xCC, 0x5D, 0x1C, 0x9C, 0x3F, 0x0C, 0xE7, 0x07,
    0x75, 0x4F, 0xA8, 0x76, 0xF4, 0x4E, 0x77, 0x0D, 0x77, 0x4F, 0x4D, 0x77, 0xEA, 0xA8, 0xCA, 0xAA,
    0x50, 0x74, 0x96, 0x83, 0xCE, 0x69, 0x6E, 0x67, 0x3A, 0x33, 0xBE, 0x5F, 0x99, 0xF5, 0xC5, 0x55,
    0xBF, 0x1E, 0xC8, 0x9F, 0x5F, 0xDA, 0x06, 0xE8, 0xE0, 0x1E, 0x26, 0xF8, 0x0A, 0x3F, 0x96, 0xE2,
    0x27, 0x95, 0x10, 0xE6, 0x92, 0x68, 0xA1, 0xE3, 0x42, 0xE6, 0xCC, 0xD8, 0x9E, 0xA9, 0x7D, 0x4D,
    0xD3, 0x38, 0xF8, 0xA3, 0xA9, 0xFB, 0xC5, 0x40, 0xBF, 0xE8, 0xBF, 0xD2, 0x3A, 0xA8, 0x8F, 0x4F,
    0x26, 0xCD, 0x62, 0x64, 0xD6, 0x2F, 0xA7, 0x49, 0xB5, 0x1D, 0x16, 0x5C, 0xF0, 0x2D, 0x97, 0xA2,
    0x85, 0x50, 0x4B, 0xCB, 0xF1, 0x40, 0xFE, 0x40, 0x7E, 0xDC, 0x5C, 0x4E, 0x9A, 0x06, 0x1C, 0x37,
    0x57, 0x80, 0xD7, 0x19, 0x6A, 0xB1, 0x6A, 0xAE, 0x73, 0x6F, 0xA0, 0x12, 0x4A, 0x09, 0x3D, 0x32,
    0x72, 0xA6, 0xCC, 0x45, 0x95, 0x50, 0x48, 0xE9, 0xD2, 0x1E, 0xD7, 0x8C, 0x12, 0x47, 0x7B, 0x2C,
    0xB1, 0xCB, 0x43, 0x4E, 0xA8, 0x8E, 0x54, 0xBD, 0xA8, 0x4C, 0xE2, 0x22, 0x7C, 0xCE, 0xF7, 0xFC,
    0xCE, 0x1E, 0x43, 0x6E, 0x18, 0x95, 0xCF, 0x7C, 0xF3, 0xDB, 0x4F, 0x65, 0xFD, 0x56, 0x54, 0x9D,
    0x3E, 0xFD, 0xAC, 0x9C, 0x54, 0x0D, 0xB0, 0x45, 0xC6, 0x58, 0x3C, 0x5F, 0x21, 0x7C, 0xA4, 0xD7,
    0x91, 0x6D, 0x19, 0xDF, 0xD4, 0x34, 0x95, 0x2D, 0xB3, 0xFA, 0xD5, 0x7E, 0x69, 0xD7, 0x26, 0x7A,
    0x55, 0xDA, 0x2F, 0xD2, 0x81, 0xF4, 0x53, 0xE9, 0xCF, 0xFA, 0xEF, 0x19, 0x74, 0x1D, 0x77, 0xDD,
    0xDE, 0x64, 0x52, 0x8A, 0x17, 0xC2, 0x4C, 0x9A, 0xEB, 0x65, 0xB2, 0x9E, 0x3C, 0x35, 0x0D, 0xC5,
    0x22, 0x54, 0x27, 0x51, 0x39, 0x0B, 0xE5, 0x38, 0x31, 0xEC, 0xE9, 0x74, 0xF4, 0x86, 0x92, 0xB1,
    0xB0, 0x10, 0xCF, 0xC1, 0x88, 0xC7, 0xCC, 0xAF, 0xA1, 0xA6, 0x16, 0xBD, 0x44, 0xB5, 0x42, 0xBC,
    0xC6, 0xE3, 0xC2, 0x3E, 0xCE, 0x78, 0xC1, 0x21, 0x60, 0x68, 0xBE, 0x1F, 0x2F, 0xEE, 0x45, 0xF3,
    0x25, 0x96, 0xC9, 0xB2, 0x04, 0x1C, 0xF2, 0x82, 0x33, 0x37, 0x4F, 0x22, 0x93, 0xAB, 0x0F, 0x4C,
    0xD3, 0xBF, 0x00, 0xA4, 0xE7, 0x71, 0x71, 0xFF, 0xA0, 0x21, 0xFA, 0xD2, 0xE6, 0xDC, 0x00, 0xAF,
    0xE1, 0x7F, 0xF8, 0x7F, 0xBB, 0xD6, 0x1F, 0x02, 0xB0, 0x59, 0xEF, 0xE0, 0xB0, 0xED, 0xA5, 0x05,
    0x6F, 0x22, 0x6F, 0x39, 0x49, 0x49, 0x6F, 0x43, 0xD3, 0x46, 0x1B, 0xF9, 0x16, 0x86, 0x6D, 0x1D,
    0xEA, 0x36, 0xEE, 0x61, 0xD1, 0x72, 0xFA, 0xC8, 0x00, 0x44, 0x38, 0x66, 0x74, 0x2E, 0xBD, 0xE4,
    0x01, 0x46, 0x27, 0x78, 0x5E, 0x12, 0x5F, 0x21, 0x41, 0xAB, 0x83, 0x6D, 0x4C, 0x0A, 0x6E, 0x5E,
    0x61, 0x25, 0x30, 0x20, 0x7A, 0x66, 0xC5, 0x1F, 0xCD, 0x19, 0xFF, 0xA7, 0xA7, 0x8A, 0xE8, 0x3B,
    0xC2, 0x2F, 0xA4, 0x73, 0x51, 0xC3, 0xE8, 0x0B, 0x8E, 0x3A, 0xA4, 0x2F, 0x70, 0x5C, 0xF0, 0xF1,
    0x25, 0xA7, 0xB7, 0x0B, 0x15, 0x4A, 0x80, 0xB9, 0xBB, 0x2A, 0xFB, 0xEF, 0x54, 0xE2, 0x3F, 0x4B,
    0x06, 0x35, 0xE9, 0x33, 0xBA, 0xFD, 0xC2, 0x9D, 0x4B, 0x2B, 0x5D, 0x7A, 0xC1, 0x27, 0x53, 0xCC,
    0x51, 0x12, 0x35, 0x8D, 0xF4, 0x84, 0x2E, 0x72, 0x8C, 0xB1, 0xAB, 0x8D, 0x39, 0x32, 0xA4, 0x05,
    0xF1, 0xCB, 0xF3, 0xAB, 0x89, 0xCE, 0xD6, 0x13, 0x24, 0x08, 0xDA, 0x98, 0xA2, 0x8B, 0x47, 0x4B,
    0xDE, 0x1C, 0x70, 0x03, 0x99, 0x76, 0x9F, 0x99, 0xAE, 0x5A, 0x1E, 0x57, 0xC6, 0x81, 0xDD, 0x1E,
    0xE3, 0x8C, 0x3C, 0x27, 0x9B, 0x92, 0xD6, 0x84, 0x25, 0x2F, 0x00, 0xD8, 0xC6, 0xB4, 0x7D, 0x56,
    0x7C, 0x49, 0xF8, 0x90, 0x34, 0xA5, 0x93, 0x90, 0x07, 0xA6, 0x09, 0xF3, 0x54, 0x54, 0x75, 0x85,
    0xA2, 0xDD, 0xB3, 0x0B, 0x58, 0xFB, 0xCA, 0xD6, 0xBE, 0xAE, 0x79, 0x1A, 0xA2, 0x7F, 0xCD, 0x13,
    0x4C, 0x36, 0xFD, 0xE9, 0xAE, 0xFD, 0x5D, 0xF3, 0xD6, 0xC3, 0x51, 0xFB, 0x3E, 0x1B, 0xBA, 0xF7,
    0xA3, 0xA2, 0xBD, 0x6B, 0x7B, 0x7D, 0x59, 0x77, 0xF3, 0xAE, 0x35, 0x4D, 0x65, 0xFD, 0x1F, 0xD5,
    0xAB, 0x7E, 0x32, 0x5E, 0x71, 0x3A, 0x1D, 0xC3, 0x9E, 0xA5, 0x6A, 0xA9, 0x3D, 0x89, 0xCA, 0x96,
    0x70, 0x1A, 0x97, 0xD3, 0x50, 0xE4, 0xE9, 0x6A, 0xD4, 0xCD, 0xA4, 0xB9, 0x30, 0x5D, 0x49, 0xD4,
    0xFE, 0x06, 0x7D, 0xD8, 0x61, 0x6C, 0x14, 0x67, 0x7A, 0x07, 0xF0, 0xFF, 0x3B, 0x6F, 0x60, 0x92,
    0x0E, 0x3B, 0xE3, 0x9C, 0x30, 0x9C, 0xC4, 0x1A, 0xBB, 0xD1, 0x55, 0x6A, 0xAB, 0x35, 0x98, 0xC8,
    0x89, 0xD6, 0xDC, 0x9A, 0x99, 0x06, 0xA9, 0xF9, 0x10, 0xA9, 0xB7, 0xED, 0x31, 0x20, 0x95, 0xEB,
    0xC1, 0x87, 0x7E, 0x6B, 0xEF, 0x6E, 0xA0, 0x4E, 0x4B, 0x24, 0x72, 0x1E, 0xB8, 0xAA, 0x69, 0x15,
    0xB5, 0x41, 0x95, 0xF8, 0x76, 0x1F, 0xA8, 0xD4, 0x53, 0x55, 0xBE, 0xDC, 0x34, 0x09, 0x3A, 0xA2,
    0x4B, 0xE2, 0x67, 0xBD, 0x49, 0x49, 0x62, 0x08, 0x2F, 0x18, 0x42, 0x75, 0x00, 0x79, 0x09, 0xF8,
    0xDA, 0xBB, 0x3A, 0xE4, 0x6D, 0x30, 0xD7, 0x4D, 0xB2, 0xEB, 0xE9, 0xF3, 0xCE, 0xDA, 0x66, 0xE3,
    0xA4, 0xC7, 0xE2, 0x9F, 0xF6, 0x9D, 0xD9, 0x79, 0xFC, 0xCE, 0xB3, 0xCF, 0x3C, 0xEF, 0x8C, 0x01,
    0xD0, 0xE7, 0x5F, 0x82, 0xB6, 0x52, 0x98, 0xEE, 0x40, 0xB1, 0x47, 0xC1, 0xA0, 0x8D, 0xEB, 0x78,
    0x87, 0x5F, 0x6F, 0x8B, 0xB3, 0xCB, 0x7B, 0x1E, 0xC0, 0xDA, 0x36, 0xF2, 0x79, 0xDC, 0x5E, 0x07,
    0x5A, 0xFD, 0x7F, 0x6D, 0xA3, 0x1D, 0x36, 0xDB, 0xE1, 0x13, 0x66, 0x18, 0x9F, 0xFF, 0xE4, 0xBF,
    0xF3, 0x9B, 0x1F, 0x42, 0x7F, 0xF9, 0x27, 0xA3, 0x55, 0xD3, 0x78, 0x3F, 0xBD, 0xA5, 0xA7, 0x4D,
    0x53, 0xCD, 0x44, 0x1F, 0x42, 0x03, 0x18, 0xC1, 0xC8, 0xFE, 0xAF, 0x9B, 0x30, 0x1B, 0x4D, 0x46,
    0xEC, 0x2B, 0xEB, 0xBE, 0x47, 0x82, 0xA8, 0x8F, 0x46, 0xED, 0x4B, 0x85, 0x26, 0x37, 0x9F, 0x14,
    0xEF, 0xB7, 0x9B, 0x29, 0xB3, 0x48, 0x13, 0xDD, 0xED, 0x11, 0x30, 0x04, 0x00, 0xA7, 0x01, 0x88,
    0x36, 0xE3, 0x9E, 0x67, 0xB6, 0x4A, 0x05, 0xB4, 0xF9, 0xE5, 0xDD, 0x8B, 0x27, 0xD3, 0x70, 0x32,
    0xFF, 0xD8, 0xFC, 0x36, 0x96, 0xFF, 0xAD, 0x89, 0xE3, 0x38, 0x1A, 0xCC, 0xF3, 0x5C, 0xC1, 0x4D,
    0x01, 0x04, 0x42, 0x01, 0x35, 0xBC, 0x0C, 0x18, 0x8C, 0x43, 0xF2, 0x0E, 0xB8, 0xF9, 0xBF, 0xEE,
    0x24, 0x1B, 0x31, 0x02, 0x12, 0xE0, 0x3E, 0x6B, 0x4F, 0x7E, 0x7A, 0x12, 0x1E, 0x7F, 0x24, 0x5D,
    0xB5, 0xE3, 0x77, 0x79, 0xC7, 0xB1, 0x90, 0x77, 0x18, 0xB8, 0x51, 0x11, 0x94, 0x80, 0x0A, 0x34,
    0x70, 0xA8, 0x1B, 0xB9, 0x06, 0x49, 0x7F, 0x3C, 0x55, 0x1C, 0x1B, 0x79, 0xBF, 0x88, 0x64, 0x11,
    0xDE, 0x0E, 0x17, 0xE0, 0xC5, 0xF1, 0xCB, 0xF0, 0x80, 0x89, 0xA5, 0x77, 0x76, 0xDB, 0xFD, 0x7F,
    0x41, 0x9E, 0xB7, 0xE1, 0xC7, 0xF1, 0x61, 0x94, 0x44, 0x5A, 0x41, 0xC9, 0xA1, 0x65, 0x64, 0x01,
    0x6F, 0x7B, 0x60, 0x70, 0x47, 0x04, 0xD1, 0xF6, 0x5A, 0x98, 0x54, 0x98, 0x8C, 0xAA, 0x80, 0xC3,
    0xAF, 0x87, 0xBE, 0x06, 0x19, 0x95, 0x46, 0xE1, 0xC2, 0x22, 0x4A, 0xA3, 0xF5, 0x4D, 0x7B, 0xFE,
    0x7E, 0x54, 0x4F, 0x76, 0xCE, 0x3D, 0x4E, 0x7E, 0xF5, 0xC3, 0xAF, 0x47, 0xA5, 0xEA, 0x77, 0xB6,
    0x63, 0xDD, 0x28, 0xEF, 0xAD, 0x8C, 0x0C, 0xEC, 0x40, 0x2D, 0x79, 0x2D, 0x4C, 0xB7, 0xBC, 0xF4,
    0xE1, 0x63, 0xCA, 0xFD, 0xCF, 0x6F, 0x8D, 0x66, 0x8E, 0xA9, 0x8C, 0x42, 0xB6, 0xAB, 0xA3, 0x7D,
    0x5E, 0x39, 0x1B, 0x1D, 0x19, 0x17, 0xBA, 0x9A, 0x4C, 0x78, 0x14, 0x1A, 0xAC, 0xC5, 0x9A, 0x08,
    0x82, 0x00, 0x40, 0x03, 0x53, 0xF6, 0x8C, 0x4E, 0xC5, 0xF1, 0xDE, 0x28, 0x03, 0x64, 0xF4, 0x6F,
    0x71, 0xFC, 0xCD, 0xC8, 0x2D, 0xF2, 0x00, 0x64, 0x4B, 0x14, 0xC3, 0xE3, 0x71, 0xDD, 0x0E, 0xD1,
    0x7D, 0xC7, 0xDB, 0x5A, 0x76, 0x58, 0xED, 0xC2, 0xDB, 0x0E, 0x75, 0xB7, 0x49, 0x80, 0xBF, 0x2B,
    0x27, 0x05, 0x20, 0x14, 0x90, 0xDB, 0x64, 0xDF, 0x8B, 0xE3, 0x3D, 0xA9, 0x01, 0x64, 0xBA, 0x2F,
    0xCF, 0x3B, 0x10, 0xDF, 0xDD, 0x5D, 0x07, 0x0E, 0xB9, 0x29, 0x84, 0x76, 0x34, 0x3C, 0x7B, 0x98,
    0x77, 0x92, 0x13, 0x51, 0xCC, 0x6A, 0xCD, 0xEE, 0xCB, 0xBB, 0x30, 0x68, 0xB3, 0x66, 0x87, 0x5D,
    0xE2, 0xDD, 0x97, 0xE3, 0xC8, 0x86, 0x22, 0xAE, 0xA8, 0xF5, 0x80, 0x4E, 0x2A, 0xE8, 0x9F, 0x3B,
    0xF5, 0x6C, 0xBD, 0xFB, 0x95, 0xD9, 0x61, 0x17, 0xD8, 0xEA, 0xB1, 0xB5, 0x31, 0x1C, 0x9F, 0x8A,
    0x55, 0x05, 0x19, 0x54, 0xC5, 0xBE, 0x73, 0xF2, 0x7C, 0x11, 0x0E, 0x65, 0xFE, 0xE7, 0xF9, 0xB6,
    0xA5, 0x03, 0x20, 0x5B, 0x29, 0x86, 0xDF, 0x07, 0xF0, 0xBD, 0xAB, 0x15, 0x6C, 0xED, 0x78, 0x01,
    0xD6, 0x57, 0x5D, 0x49, 0xA8, 0xBA, 0x22, 0x65, 0x80, 0xE2, 0xB7, 0xF5, 0x3F, 0xBB, 0xF7, 0x78,
    0x1D, 0x55, 0x79, 0x34, 0x62, 0x9A, 0x29, 0xC2, 0xBB, 0xE7, 0xB1, 0x29, 0xFF, 0xC7, 0x0F, 0x11,
    0x9E, 0x16, 0x2D, 0xF4, 0x55, 0x1D, 0xD3, 0x87, 0xAA, 0x67, 0x46, 0x50, 0xDD, 0x71, 0x28, 0xC1,
    0x58, 0x6B, 0x3C, 0x0B, 0x16, 0xD2, 0x40, 0xAF, 0x8D, 0x20, 0x22, 0x27, 0x75, 0x22, 0x48, 0x92,
    0xC4, 0x38, 0x16, 0xA4, 0xD8, 0xF8, 0x5E, 0x9E, 0xEB, 0xB0, 0x1D, 0xC7, 0x75, 0x49, 0x7D, 0x0E,
    0x24, 0x8D, 0xBA, 0x4C, 0xD5, 0x83, 0xFC, 0xAF, 0x6A, 0x80, 0x4D, 0xAD, 0x8A, 0x8F, 0x90, 0x18,
    0x49, 0xE5, 0x12, 0x53, 0x2A, 0x5B, 0x2A, 0xCC, 0x83, 0x55, 0xC8, 0x46, 0xFC, 0x4C, 0x7D, 0xEB,
    0xF3, 0x3C, 0xAB, 0x07, 0x00, 0x00, 0xA9, 0xCD, 0xBB, 0xE6, 0xB0, 0xC8, 0x64, 0x8A, 0xFE, 0x1F,
    0x3D, 0x19, 0xF1, 0x9C, 0x67, 0x72, 0x23, 0xA3, 0x60, 0x8F, 0x92, 0xD1, 0xA0, 0x4C, 0xE5, 0xF1,
    0xD0, 0x8D, 0x64, 0xFE, 0xD3, 0xA7, 0x20, 0x77, 0xBE, 0xF4, 0x02, 0xF3, 0xC4, 0xBB, 0x4C, 0xD4,
    0x86, 0x2B, 0xD1, 0x82, 0xE7, 0xE2, 0x34, 0x02, 0xD7, 0x69, 0x63, 0xC0, 0xE5, 0x2B, 0xB1, 0xE6,
    0x85, 0xAE, 0x9A, 0x58, 0x6C, 0x09, 0x63, 0x93, 0x0E, 0xA8, 0x02, 0xBE, 0xFC, 0xA0, 0x78, 0xCE,
    0x3C, 0xD4, 0xFC, 0x2D, 0x30, 0x61, 0xCE, 0x08, 0xC5, 0x48, 0x6D, 0x31, 0xF1, 0xBD, 0xBA, 0xBB,
    0xC8, 0xB3, 0xF2, 0xEF, 0xF0, 0x70, 0xDD, 0x15, 0xA6, 0xA6, 0x98, 0xC4, 0x32, 0x64, 0xC1, 0x17,
    0x38, 0x01, 0x1C, 0x2B, 0xC2, 0xF7, 0xDB, 0xF0, 0x93, 0x39, 0x41, 0x01, 0x36, 0x3C, 0x38, 0x3C,
    0x23, 0x2E, 0x70, 0x3C, 0xA9, 0xF7, 0x71, 0x9A, 0x4C, 0x09, 0x70, 0xDB, 0x65, 0xC0, 0xBF, 0x53,
    0x01, 0x87, 0x0F, 0x73, 0x55, 0x53, 0xFD, 0xBB, 0x89, 0xC3, 0x3B, 0xD4, 0x67, 0x81, 0x82, 0xB4,
    0xB8, 0x29, 0x94, 0x93, 0x03, 0x11, 0x76, 0x01, 0x29, 0x96, 0x2B, 0xAA, 0xC9, 0x05, 0x22, 0x1A,
    0xBF, 0x3C, 0xA9, 0xC2, 0xC5, 0x5B, 0x4F, 0xD0, 0xC6, 0xDB, 0x2F, 0x36, 0x49, 0xEA, 0xE4, 0x56,
    0x2A, 0xCD, 0xE8, 0xBF, 0x44, 0xEE, 0x7C, 0xCD, 0x83, 0xF7, 0x2E, 0x67, 0xBC, 0x34, 0xE3, 0x57,
    0x30, 0x4C, 0xDE, 0x21, 0x8C, 0x91, 0x34, 0xD8, 0xC6, 0x1F, 0xE2, 0x00, 0xDE, 0x02, 0xB3, 0x63,
    0x1C, 0x62, 0xBA, 0x15, 0xA4, 0x62, 0x46, 0xF1, 0x9E, 0x06, 0x50, 0xC7, 0x09, 0x08, 0xC0, 0x20,
    0xB0, 0x1C, 0x66, 0x1C, 0x83, 0xFE, 0x7B, 0xFB, 0x52, 0x9E, 0x7D, 0x5B, 0x44, 0x30, 0x90, 0xE4,
    0x2C, 0x20, 0x80, 0xEC, 0xF0, 0x5E, 0xF9, 0x19, 0xEF, 0xF5, 0xEE, 0xF2, 0xDE, 0x92, 0x19, 0x86,
    0xAA, 0x19, 0x38, 0x6A, 0x82, 0xB7, 0xA4, 0x43, 0x06, 0x5B, 0x6C, 0x80, 0x16, 0xE3, 0x29, 0xE6,
    0x75, 0x00, 0x27, 0x86, 0xBA, 0x13, 0x8F, 0x04, 0x65, 0x91, 0x62, 0x54, 0x97, 0xB0, 0xC3, 0x6C,
    0xBC, 0xC4, 0x48, 0xB2, 0x18, 0xC6, 0x5D, 0x60, 0x82, 0x6B, 0x8C, 0x7F, 0x96, 0x19, 0x26, 0xAD,
    0xD4, 0x98, 0xE5, 0x00, 0x29, 0xC5, 0x27, 0x4D, 0x4C, 0xD3, 0x72, 0x26, 0x82, 0x12, 0x33, 0x60,
    0x08, 0x48, 0x45, 0x0A, 0xC0, 0xA1, 0x78, 0x17, 0x93, 0xB7, 0x19, 0x5D, 0xC6, 0x86, 0x4B, 0x4C,
    0xD8, 0x66, 0x24, 0x15, 0xDC, 0x29, 0xC3, 0x35, 0x57, 0xCB, 0xF0, 0x16, 0x66, 0xAF, 0xC1, 0xBF,
    0x76, 0xF1, 0x1A, 0x36, 0xBF, 0x41, 0x3F, 0xC4, 0xF6, 0x06, 0x95, 0x71, 0x70, 0x9A, 0xCA, 0x43,
    0x8F, 0x34, 0xD3, 0xF2, 0x88, 0xD3, 0x8C, 0x98, 0xF3, 0x18, 0x18, 0x71, 0xAE, 0x23, 0x30, 0xE2,
    0x6F, 0x21, 0xA2, 0xA5, 0xAF, 0xD6, 0x72, 0x81, 0x0B, 0x1D, 0xB3, 0xF6, 0x3A, 0x9A, 0xAB, 0x70,
    0xF8, 0x9C, 0x71, 0x14, 0x23, 0x0B, 0x0C, 0xE3, 0xB6, 0x19, 0xFF, 0xA3, 0x5A, 0x19, 0xA5, 0x2B,
    0xD5, 0x32, 0x6A, 0x8A, 0x99, 0x50, 0x13, 0x65, 0x8C, 0x28, 0x53, 0x1E, 0x85, 0xD2, 0xCC, 0x2C,
    0x31, 0x57, 0xA3, 0xC0, 0xE0, 0x82, 0xED, 0x66, 0xCB, 0x7D, 0x82, 0x99, 0xCA, 0x49, 0x50, 0xFF,
    0xDE, 0x34, 0xEC, 0x60, 0x33, 0x36, 0x5E, 0xC2, 0x21, 0x48, 0x82, 0xE1, 0xC8, 0xD0, 0x70, 0x17,
    0x18, 0xEF, 0x8E, 0x2D, 0xCC, 0x73, 0x5C, 0xA2, 0xC3, 0xC4, 0xC3, 0x31, 0xCB, 0x01, 0xCB, 0xC3,
    0x16, 0xD1, 0xC3, 0x56, 0x05, 0xA4, 0x6B, 0x56, 0x3A, 0x43, 0x06, 0xF4, 0x73, 0x2F, 0x59, 0xEA,
    0x39, 0xDE, 0x67, 0x11, 0x30, 0xFE, 0xA2, 0x86, 0x58, 0xC8, 0x5E, 0xC3, 0x20, 0x65, 0x83, 0x6A,
    0xBC, 0xFF, 0x47, 0x7F, 0xA8, 0xD1, 0x6D, 0xFF, 0xAE, 0x66, 0xBE, 0xDF, 0x7B, 0x44, 0x11, 0xA0,
    0x87, 0x41, 0xC3, 0xF0, 0xDC, 0x6D, 0xF8, 0x5E, 0xBA, 0x4D, 0x66, 0x6F, 0xCE, 0x69, 0x0A, 0x7E,
    0x92, 0x02, 0xB5, 0x83, 0x1A, 0x58, 0x48, 0x5E, 0x85, 0xAB, 0x92, 0xC1, 0x28, 0x44, 0x22, 0xCD,
    0xD7, 0x30, 0x84, 0xBA, 0xB0, 0x2D, 0x52, 0x5C, 0x8E, 0xFF, 0xDC, 0x4E, 0xB7, 0xDC, 0x8B, 0xDD,
    0x66, 0xF7, 0x76, 0x87, 0x38, 0x01, 0x17, 0x30, 0xF0, 0xEE, 0xC3, 0x85, 0xD9, 0xBF, 0x8F, 0x67,
    0x35, 0x99, 0x9B, 0xA2, 0x62, 0x9D, 0x16, 0x42, 0x5B, 0x98, 0x93, 0x70, 0x3F, 0xC3, 0x67, 0xF0,
    0xEF, 0x1E, 0x9D, 0xC1, 0x80, 0xF1, 0x9E, 0x42, 0xCD, 0x0C, 0x7A, 0x98, 0x30, 0xAF, 0x7A, 0x18,
    0x32, 0xA6, 0x27, 0x00, 0xE3, 0xE4, 0x40, 0x1D, 0xFF, 0xBC, 0x12, 0xBE, 0x17, 0x0E, 0xBF, 0x97,
    0x57, 0xD3, 0x29, 0x0E, 0x6F, 0x87, 0x8E, 0x45, 0x2E, 0x94, 0x99, 0x8E, 0xEF, 0x72, 0xE6, 0x3C,
    0x17, 0xA5, 0xBB, 0x3B, 0x9F, 0xE3, 0xF0, 0xCE, 0x19, 0x0E, 0x0F, 0x17, 0x43, 0x16, 0x58, 0x56,
    0x87, 0x57, 0xC0, 0x32, 0x45, 0xCF, 0xD9, 0x3D, 0xA7, 0xC3, 0x5C, 0x90, 0xDE, 0x30, 0xF7, 0x5B,
    0xA4, 0x1C, 0xFD, 0x38, 0x29, 0xB9, 0xC0, 0xB8, 0xED, 0x47, 0x49, 0x79, 0xEF, 0xFF, 0xC5, 0x11,
    0xF2, 0xAF, 0xDC, 0x3A, 0x42, 0x15, 0xF5, 0x9C, 0xA0, 0xAA, 0xF2, 0x1C, 0x4A, 0x94, 0x6F, 0xFB,
    0x41, 0x45, 0x32, 0x87, 0x64, 0x8A, 0x0B, 0xC6, 0x8D, 0x30, 0xDB, 0xC8, 0x81, 0xDF, 0xC3, 0x9F,
    0x02, 0xEA, 0x21, 0x30, 0x03, 0x96, 0x8A, 0x65, 0x3C, 0x8E, 0x6C, 0x5E, 0x38, 0xBC, 0x81, 0x76,
    0x3E, 0x56, 0xD0, 0xF2, 0x57, 0x29, 0x94, 0x6C, 0x57, 0xC0, 0xE1, 0x03, 0x28, 0xFF, 0x3D, 0xD9,
    0x50, 0x65, 0x25, 0x6E, 0x72, 0x78, 0xFC, 0x13, 0x8D, 0x2C, 0xB5, 0x9B, 0x02, 0x59, 0x60, 0x3F,
    0x9E, 0x03, 0x29, 0x76, 0x41, 0x10, 0x84, 0x65, 0x32, 0xE2, 0xC2, 0x6C, 0xF1, 0xBB, 0xCF, 0x52,
    0x84, 0x1D, 0x99, 0x72, 0x61, 0x32, 0x92, 0x2C, 0x46, 0x1E, 0x39, 0xE6, 0xB6, 0x36, 0xE5, 0x26,
    0x78, 0x3F, 0xFF, 0x05, 0xFC, 0xB7, 0xBF, 0x99, 0x62, 0xD8, 0xEE, 0x18, 0xB3, 0x1C, 0xB0, 0x08,
    0x26, 0xB1, 0x64, 0x0C, 0x19, 0x41, 0x4E, 0xAE, 0x91, 0x22, 0x8E, 0x40, 0x48, 0x01, 0x12, 0xD4,
    0x43, 0xB8, 0xC8, 0x6C, 0xB8, 0xCD, 0xC8, 0x9B, 0xB6, 0x63, 0x9A, 0xDD, 0x73, 0x75, 0xB7, 0x2D,
    0x34, 0xBC, 0x1B, 0x8E, 0x81, 0xFF, 0x8E, 0x34, 0x18, 0x20, 0xB9, 0x80, 0x2A, 0xB9, 0x87, 0x30,
    0x42, 0x41, 0x05, 0x7D, 0xB4, 0xD9, 0x07, 0xA8, 0xE6, 0x71, 0x3C, 0x23, 0x15, 0x9A, 0x0A, 0x06,
    0xD3, 0xC0, 0x10, 0xC8, 0x2E, 0xE5, 0x0A, 0x95, 0x1E, 0x42, 0xDB, 0xD6, 0x37, 0xDE, 0x8E, 0x9F,
    0xAD, 0x4B, 0x8D, 0x2A, 0xE4, 0x42, 0x52, 0x85, 0x3B, 0x3F, 0x3A, 0x0A, 0xFF, 0x46, 0x6D, 0x82,
    0x2F, 0xD8, 0x72, 0x86, 0x8A, 0x0A, 0x34, 0x26, 0x94, 0xAB, 0x90, 0x28, 0x49, 0x80, 0xF2, 0x0C,
    0x33, 0x78, 0x98, 0x79, 0x75, 0x30, 0xC5, 0xAC, 0x76, 0x0D, 0x1A, 0x11, 0xEA, 0x80, 0x06, 0x80,
    0xAC, 0x5B, 0xF2, 0x7A, 0xE3, 0x65, 0x5E, 0x58, 0x1C, 0x02, 0xD0, 0x03, 0xEF, 0x48, 0x05, 0xDF,
    0xF0, 0x7D, 0xE1, 0xFA, 0xD8, 0x53, 0x5C, 0x1F, 0x3F, 0x4D, 0x81, 0xC3, 0x07, 0x0D, 0x1C, 0x93,
    0x7C, 0x1F, 0x5B, 0xD3, 0x24, 0xD0, 0x35, 0x24, 0x42, 0x03, 0x09, 0xE0, 0xDA, 0x63, 0x5D, 0x40,
    0xF6, 0x62, 0xB7, 0x79, 0x00, 0xE0, 0xC1, 0x5F, 0x66, 0x8A, 0xE3, 0x79, 0xFD, 0x93, 0xC7, 0x23,
    0x0F, 0x93, 0x84, 0x00, 0x77, 0x0C, 0x7C, 0xF9, 0x6E, 0x15, 0xA5, 0xE0, 0x0F, 0x36, 0xA3, 0x32,
    0xEE, 0x7B, 0x54, 0x5B, 0xF0, 0x1D, 0x33, 0x51, 0xF7, 0x51, 0x1F, 0x82, 0x0F, 0xE0, 0x84, 0x8C,
    0x00, 0x2D, 0xFF, 0xC1, 0xF2, 0x5C, 0xCA, 0x1C, 0x55, 0xFD, 0xF7, 0x64, 0x9A, 0x86, 0xF9, 0xCE,
    0xB4, 0x4F, 0xE8, 0x3F, 0xCB, 0x8D, 0xA3, 0xF9, 0xBB, 0x94, 0xC6, 0x21, 0xB8, 0x6D, 0xC6, 0xFF,
    0xC8, 0x5E, 0x8A, 0xB7, 0xA0, 0x50, 0xD3, 0xD0, 0x48, 0x34, 0x4C, 0xDF, 0x90, 0x46, 0x36, 0xC2,
    0x83, 0x6A, 0xC2, 0x0C, 0x67, 0x4C, 0xA0, 0x51, 0x87, 0x88, 0x40, 0x5C, 0x93, 0x82, 0x7C, 0x4B,
    0xC5, 0x32, 0xCE, 0x1D, 0xA4, 0x33, 0xC9, 0x69, 0xBF, 0x64, 0x00, 0x39, 0xAD, 0x98, 0x0F, 0x8E,
    0xC7, 0x70, 0x4D, 0x98, 0x47, 0xDE, 0x3C, 0x76, 0xC0, 0x3F, 0x8B, 0xD3, 0x18, 0x26, 0xC7, 0x76,
    0x33, 0xCF, 0x16, 0xCD, 0x66, 0x70, 0x37, 0xAB, 0xA1, 0x2E, 0x28, 0x03, 0x17, 0x8D, 0x81, 0xB1,
    0x8D, 0x51, 0x81, 0xD6, 0xC4, 0x40, 0xBA, 0xB4, 0x8A, 0x33, 0x79, 0xDE, 0x2D, 0xDB, 0xFE, 0x39,
    0x26, 0xCC, 0x19, 0xA1, 0xC2, 0x9C, 0xA4, 0x79, 0x26, 0x8E, 0x64, 0xCB, 0x26, 0xB1, 0x9D, 0x81,
    0x2B, 0xE7, 0x54, 0x1C, 0x95, 0x2E, 0xE7, 0xB9, 0xAA, 0x28, 0x08, 0x55, 0x65, 0x68, 0x64, 0xF5,
    0x32, 0x1B, 0xE4, 0x80, 0x12, 0xBB, 0x18, 0xA4, 0x16, 0xD5, 0x43, 0x98, 0x33, 0x1B, 0xE6, 0x18,
    0x47, 0xEF, 0x9E, 0x8B, 0xA4, 0xE1, 0x50, 0xB2, 0xC5, 0x43, 0xEF, 0x43, 0xA6, 0x74, 0x9D, 0x29,
    0x2B, 0xA6, 0x6A, 0x49, 0x2C, 0x7D, 0xF7, 0x03, 0x5C, 0xE0, 0x02, 0x2E, 0x16, 0x0C, 0x3B, 0x80,
    0x20, 0x1C, 0xB3, 0x68, 0x66, 0xBF, 0x25, 0xD3, 0xBC, 0x50, 0x65, 0x37, 0x79, 0x29, 0xCF, 0x72,
    0xE5, 0xD0, 0x8B, 0x2D, 0x25, 0x69, 0x4A, 0x2B, 0xF7, 0xD6, 0x82, 0x56, 0xDE, 0xA7, 0x99, 0x56,
    0xFE, 0x35, 0x66, 0xF8, 0x1C, 0x33, 0x46, 0xD9, 0x47, 0x74, 0x80, 0x8F, 0xE0, 0xE4, 0x64, 0x18,
    0x11, 0x4C, 0x22, 0x28, 0xB1, 0x19, 0x0A, 0x73, 0xDD, 0x4D, 0x0E, 0x01, 0xCC, 0xC9, 0x93, 0x11,
    0xC8, 0x26, 0x87, 0x6C, 0x5E, 0x16, 0x99, 0x0D, 0xB7, 0x19, 0xA9, 0x2D, 0x86, 0x71, 0xDB, 0xBC,
    0xD7, 0xBB, 0x7E, 0x6F, 0x0F, 0x95, 0xDE, 0x30, 0x22, 0xAA, 0x90, 0x01, 0xAA, 0x96, 0x11, 0x0B,
    0x98, 0x6C, 0x05, 0x03, 0x9A, 0x5C, 0xCE, 0x3D, 0xFA, 0x00, 0x20, 0xE9, 0xAE, 0x0B, 0x51, 0x71,
    0xA7, 0x5A, 0x0C, 0x57, 0x2A, 0x16, 0x6E, 0x7C, 0x6A, 0x2F, 0x5C, 0x24, 0xEE, 0x12, 0x3C, 0xEC,
    0xEE, 0x80, 0xB3, 0x08, 0x74, 0x4B, 0xBE, 0x76, 0xA0, 0x28, 0xF9, 0x67, 0xBB, 0x25, 0x3F, 0xBE,
    0x52, 0xF2, 0x50, 0x00, 0xA0, 0x0B, 0x6C, 0xB3, 0xD4, 0x27, 0x3F, 0x3D, 0xD6, 0x93, 0x7B, 0xC3,
    0xC8, 0x96, 0xA5, 0xC3, 0xB8, 0x1F, 0x31, 0xFE, 0x2D, 0x66, 0x9D, 0x66, 0x6A, 0x96, 0x51, 0x4B,
    0x9F, 0x05, 0x05, 0xB7, 0x6C, 0xDA, 0x6F, 0x9E, 0x3C, 0x79, 0xA2, 0x1B, 0x59, 0x46, 0x4C, 0x00,
    0x00, 0xA1, 0x5D, 0xE4, 0x3A, 0xB1, 0x81, 0x7B, 0x47, 0x2A, 0x0C, 0xBA, 0x2F, 0x44, 0x78, 0x50,
    0x74, 0x00, 0x78, 0x79, 0x04, 0x31, 0xF5, 0xD4, 0x27, 0x08, 0x17, 0x92, 0x49, 0xF3, 0x3B, 0x3C,
    0xB5, 0x63, 0x82, 0x4F, 0x75, 0xE9, 0x14, 0x90, 0x00, 0x98, 0x48, 0x0C, 0x1C, 0x9D, 0xD4, 0x10,
    0x44, 0x59, 0x80, 0x07, 0xA4, 0x71, 0x00, 0x01, 0x00, 0xD8, 0xDF, 0xBB, 0x0E, 0xF6, 0xAC, 0x9C,
    0x6E, 0x0E, 0x20, 0x78, 0x89, 0xBA, 0x67, 0x2E, 0xEC, 0x99, 0x07, 0x94, 0x04, 0xB4, 0x03, 0x89,
    0x63, 0x1E, 0x8E, 0xE3, 0x5D, 0x90, 0xF6, 0xFE, 0x1E, 0x48, 0xBE, 0x74, 0x35, 0xD5, 0xFD, 0xF6,
    0x91, 0x51, 0x10, 0x14, 0x3E, 0x0F, 0x57, 0x0E, 0x13, 0x76, 0x52, 0x95, 0x4A, 0x52, 0x4A, 0x15,
    0xB8, 0x9A, 0xF1, 0x0C, 0xE3, 0xCF, 0x33, 0x03, 0xE7, 0x98, 0xB1, 0x37, 0x98, 0x03, 0xC4, 0x6C,
    0xB3, 0x08, 0x9A, 0x9B, 0x63, 0xF2, 0x9C, 0x51, 0x60, 0x52, 0x44, 0xA0, 0x95, 0x85, 0xEA, 0xA2,
    0x9D, 0xF3, 0x05, 0xBE, 0x53, 0xDD, 0x30, 0x17, 0xD8, 0x19, 0x30, 0x8E, 0x62, 0xA4, 0x0A, 0xB8,
    0xEE, 0x4D, 0xB0, 0x5B, 0x79, 0xED, 0x12, 0x94, 0x7F, 0x63, 0x40, 0x50, 0xF9, 0x67, 0x15, 0xBB,
    0x50, 0xD5, 0xB8, 0x0E, 0x55, 0xD5, 0xDE, 0xBD, 0x4E, 0x38, 0x04, 0x65, 0x98, 0x8B, 0x3C, 0x1D,
    0x5C, 0x49, 0xA7, 0x22, 0x1C, 0xC1, 0xFA, 0x9E, 0xE4, 0xAC, 0x89, 0x5F, 0x89, 0xA3, 0xA0, 0xFB,
    0x2C, 0x94, 0x3C, 0x08, 0xA1, 0x92, 0x01, 0xC0, 0x24, 0x35, 0x9B, 0xD8, 0x09, 0x60, 0x28, 0xD9,
    0xBF, 0xDC, 0x22, 0x17, 0xE3, 0x7A, 0x4F, 0xEA, 0x0E, 0x27, 0x45, 0xEA, 0x0E, 0xC3, 0xA3, 0x64,
    0x30, 0xDD, 0xD1, 0xBD, 0x8F, 0x48, 0x70, 0x02, 0x0C, 0x40, 0x0E, 0xA3, 0x3C, 0x4B, 0x60, 0xF1,
    0xC1, 0x45, 0x33, 0x98, 0x73, 0xA8, 0xE1, 0x7D, 0x70, 0x54, 0xD5, 0x87, 0x54, 0x59, 0x09, 0xD2,
    0x98, 0x0A, 0xBC, 0x0E, 0xD5, 0x10, 0x7C, 0x84, 0xC3, 0x28, 0xBD, 0x87, 0x36, 0x6A, 0x0A, 0x77,
    0x30, 0xA1, 0xE4, 0x79, 0x8C, 0x28, 0xEF, 0x49, 0xDB, 0xEA, 0x25, 0x71, 0xAB, 0x77, 0x14, 0x2E,
    0x16, 0xC5, 0x9F, 0xF2, 0xD4, 0x09, 0x11, 0xA0, 0x1C, 0x62, 0x60, 0x2C, 0x09, 0x47, 0x8E, 0x39,
    0x43, 0x76, 0xA6, 0x8E, 0x2A, 0x83, 0x23, 0x33, 0x6E, 0x8B, 0xF1, 0xAE, 0x33, 0xA5, 0xFF, 0x60,
    0x2A, 0x8A, 0xA9, 0x5A, 0x46, 0x2C, 0xE8, 0x61, 0xD0, 0xF6, 0x83, 0x35, 0x71, 0x84, 0x14, 0x80,
    0x53, 0xC0, 0x77, 0xF5, 0x70, 0x1A, 0xF1, 0x6B, 0x70, 0x08, 0x0B, 0x08, 0xDB, 0x2E, 0xF1, 0x32,
    0xBB, 0x15, 0x90, 0xD4, 0x89, 0xEB, 0xEE, 0xC7, 0xB6, 0xCB, 0x2F, 0xF8, 0x15, 0x1D, 0xCC, 0x57,
    0xAA, 0x7A, 0xF3, 0x1B, 0xD5, 0x44, 0x6F, 0x21, 0x63, 0xF4, 0xE3, 0xCD, 0x06, 0xA9, 0x47, 0x67,
    0x76, 0x1E, 0xE1, 0xD9, 0x79, 0x82, 0x1C, 0x1A, 0x76, 0x98, 0x97, 0x25, 0x39, 0x4D, 0xC5, 0xCB,
    0x76, 0xC4, 0xB9, 0x5F, 0xBE, 0x39, 0x8E, 0x39, 0xBC, 0xFD, 0x1D, 0x04, 0x8F, 0xC3, 0x67, 0x1E,
    0x87, 0xCF, 0x02, 0x0E, 0x9F, 0xF9, 0x70, 0xB5, 0xF6, 0xE1, 0x19, 0x5D, 0x42, 0x30, 0xCF, 0x05,
    0xE7, 0xBF, 0x15, 0xC7, 0x1C, 0x1E, 0xD0, 0x8F, 0x33, 0xEA, 0xD1, 0x66, 0xDE, 0x56, 0x3C, 0xB5,
    0x98, 0x23, 0xC3, 0xB1, 0xC8, 0x94, 0xC9, 0x61, 0xC3, 0xAF, 0x6A, 0x96, 0x4C, 0xDF, 0x45, 0x4E,
    0x4E, 0x75, 0x36, 0xDA, 0x30, 0x37, 0x3A, 0x4B, 0x8E, 0x19, 0xB9, 0xC0, 0xCD, 0x32, 0x53, 0xDA,
    0xED, 0x18, 0x95, 0x79, 0xEF, 0x2B, 0x05, 0xFF, 0x32, 0x2E, 0x52, 0x45, 0x61, 0x36, 0xAD, 0x2A,
    0x3C, 0x8F, 0x44, 0x61, 0x8B, 0xED, 0x98, 0xA7, 0x01, 0x25, 0x0D, 0xF3, 0xBD, 0x08, 0x98, 0x6D,
    0x01, 0xB8, 0x10, 0x31, 0x84, 0xA1, 0x22, 0xE3, 0x3D, 0x84, 0x39, 0xB3, 0x61, 0x2E, 0x49, 0xE0,
    0x68, 0x46, 0x1A, 0xBE, 0x56, 0xDD, 0x76, 0xF2, 0x4C, 0xDD, 0xBB, 0xC1, 0x43, 0xFF, 0x67, 0x4C,
    0x59, 0x31, 0x55, 0x4B, 0x62, 0xE9, 0xB3, 0xA0, 0xE0, 0xF2, 0x2B, 0xA7, 0xEA, 0x78, 0x9F, 0xD3,
    0xD9, 0x7B, 0xDB, 0x5D, 0x5C, 0x60, 0x5C, 0x93, 0x76, 0xC8, 0xC9, 0x01, 0x38, 0x39, 0x8C, 0x24,
    0xCB, 0x5D, 0x9B, 0xFB, 0x7B, 0xDF, 0x7D, 0xB6, 0x1E, 0x5C, 0x2B, 0xD5, 0xE0, 0xBF, 0xC5, 0x0C,
    0x53, 0xB9, 0x86, 0xC7, 0xA8, 0x52, 0xC3, 0x36, 0xAA, 0xD5, 0x38, 0x40, 0xB5, 0x36, 0x24, 0x28,
    0xAB, 0x8D, 0x88, 0x69, 0x5D, 0x4B, 0xC4, 0x99, 0x74, 0xAB, 0xC1, 0x11, 0xAC, 0xE1, 0xA0, 0xAE,
    0x0D, 0x2F, 0x53, 0x0B, 0x31, 0x22, 0xC5, 0x06, 0x7B, 0x0F, 0x52, 0x3C, 0x31, 0x3B, 0x45, 0x78,
    0x13, 0x76, 0xB8, 0x72, 0xC6, 0xBE, 0x83, 0xE0, 0xDA, 0x68, 0x09, 0xA5, 0x73, 0xCC, 0x30, 0x31,
    0x4F, 0x33, 0x1C, 0x9E, 0xCB, 0x56, 0x90, 0x29, 0x8D, 0x88, 0x86, 0x62, 0x9A, 0xC4, 0x9C, 0x47,
    0x60, 0xF0, 0xD7, 0xC5, 0x03, 0x39, 0x08, 0x0E, 0x89, 0x65, 0xA6, 0x6D, 0xE4, 0x0E, 0xAF, 0x38,
    0x1B, 0x2F, 0xF1, 0x50, 0xD2, 0xD2, 0x6D, 0x94, 0xF6, 0xFE, 0xE7, 0xBD, 0x39, 0x1D, 0x7C, 0xD2,
    0x20, 0xED, 0x5F, 0x67, 0xB6, 0x34, 0x98, 0xED, 0x96, 0x47, 0x2D, 0x8F, 0x34, 0x1A, 0x6F, 0x6A,
    0xA7, 0xD1, 0x98, 0xA1, 0xFB, 0xA1, 0x84, 0x8D, 0xFC, 0x85, 0xA6, 0x10, 0xBF, 0xC2, 0x4D, 0x01,
    0x06, 0x61, 0x2E, 0x34, 0x1C, 0x25, 0x2F, 0x41, 0x1A, 0xAF, 0x03, 0xD9, 0xDE, 0x7A, 0x35, 0xF2,
    0x6E, 0xBC, 0x3A, 0xCB, 0xB7, 0x97, 0x46, 0x99, 0xF2, 0x6C, 0xAA, 0x86, 0xEE, 0x2F, 0x86, 0x43,
    0x16, 0xAC, 0x82, 0x40, 0xAB, 0x7B, 0x5D, 0x3F, 0x77, 0x86, 0xA5, 0x35, 0x45, 0xE6, 0x00, 0xBC,
    0x9F, 0x44, 0xC0, 0xC0, 0x41, 0x05, 0x1C, 0x4A, 0x8A, 0x05, 0x63, 0xDC, 0x5E, 0xFB, 0x41, 0x5A,
    0xB4, 0xCD, 0xF5, 0x48, 0x10, 0x01, 0x00, 0xE4, 0xDF, 0xAC, 0x0D, 0xE0, 0x7A, 0xAE, 0x9B, 0x06,
    0x72, 0xE7, 0x51, 0xAA, 0xC8, 0xA3, 0xA4, 0xD7, 0x0B, 0xE0, 0x18, 0x90, 0xF4, 0xDE, 0xA0, 0x15,
    0x0D, 0xB9, 0x18, 0x4A, 0x1E, 0x42, 0x46, 0x99, 0x67, 0x71, 0x57, 0x0F, 0x19, 0xAF, 0xBB, 0xAD,
    0xDB, 0x7D, 0x06, 0x6D, 0xF7, 0x69, 0x65, 0x2D, 0x78, 0x2A, 0xDB, 0xCA, 0xBF, 0x3C, 0x73, 0x8D,
    0x8D, 0x1C, 0x15, 0x3D, 0x5B, 0xA6, 0xF0, 0xBB, 0x7C, 0xD9, 0x10, 0x78, 0xF9, 0xFF, 0x59, 0x0D,
    0x06, 0xFF, 0xCA, 0xB6, 0xB4, 0x03, 0xC6, 0xD6, 0xEE, 0x0E, 0xBB, 0x0E, 0x7A, 0xBA, 0x8A, 0x04,
    0x1A, 0xCC, 0xAF, 0x7B, 0xA2, 0x7A, 0x69, 0xE9, 0x30, 0xC7, 0x1E, 0x36, 0xD8, 0x5D, 0x3E, 0xF7,
    0x0B, 0xED, 0xE4, 0x79, 0x07, 0xCE, 0xE5, 0xF8, 0x4F, 0xE0, 0x10, 0x4A, 0x4B, 0xF0, 0xB6, 0x95,
    0xE1, 0xC0, 0xD2, 0x30, 0xC5, 0x43, 0x00, 0x7D, 0x75, 0xE5, 0xDE, 0xAC, 0x66, 0xA9, 0xDA, 0x66,
    0x39, 0xC9, 0x95, 0xB3, 0x78, 0x2A, 0xD6, 0x0E, 0xDD, 0x4C, 0x95, 0x9C, 0x9E, 0x9E, 0x26, 0x79,
    0xAB, 0xD9, 0x4C, 0xBD, 0x96, 0x24, 0x04, 0x77, 0x98, 0xD2, 0x3B, 0xAE, 0xC2, 0x30, 0x79, 0x86,
    0xEB, 0x3E, 0x48, 0xF0, 0x9B, 0x34, 0x5C, 0xB3, 0x01, 0x36, 0x33, 0xC6, 0x4B, 0xC5, 0x19, 0x92,
    0x06, 0xD3, 0xC0, 0x31, 0xC1, 0xE1, 0xEF, 0x47, 0x66, 0xF8, 0x66, 0x2C, 0xEC, 0x4C, 0xD9, 0x67,
    0x12, 0xAD, 0x20, 0x2F, 0x12, 0x73, 0x37, 0x55, 0x70, 0x8B, 0x3B, 0xA8, 0x6B, 0x8C, 0x7F, 0x86,
    0x4F, 0x70, 0xA0, 0xC1, 0x65, 0x3B, 0x46, 0x3C, 0xDC, 0x66, 0x79, 0xD8, 0x22, 0xBE, 0x14, 0x41,
    0xBD, 0x34, 0x57, 0x95, 0xFC, 0x85, 0x06, 0x49, 0xCD, 0x78, 0x0B, 0x4C, 0x30, 0xCF, 0xF8, 0x67,
    0x99, 0x61, 0xFA, 0xF9, 0xCF, 0xE9, 0x31, 0x7B, 0x89, 0x1F, 0x20, 0xD1, 0x20, 0x7B, 0x6C, 0x64,
    0x49, 0x18, 0x95, 0x09, 0x42, 0xAE, 0x11, 0xA1, 0x3F, 0x5A, 0x69, 0x96, 0x91, 0x63, 0x17, 0x48,
    0xC7, 0xAE, 0x97, 0x61, 0x87, 0xD9, 0x78, 0x89, 0x91, 0xDA, 0x62, 0x18, 0xAF, 0xC5, 0x04, 0xD7,
    0x79, 0x21, 0x0D, 0xCE, 0xF1, 0xE7, 0xB6, 0x90, 0x82, 0xDA, 0xCE, 0x44, 0x07, 0x19, 0x7C, 0x85,
    0xD9, 0xEF, 0x90, 0x46, 0x66, 0x31, 0x8E, 0xBD, 0x7B, 0x15, 0xE9, 0x9A, 0x18, 0x4B, 0xE1, 0xC3,
    0x36, 0x33, 0x76, 0x98, 0x19, 0xAD, 0x20, 0x6C, 0x33, 0xDC, 0x8B, 0x2B, 0x90, 0xA4, 0x87, 0xEB,
    0x72, 0x96, 0x02, 0xE3, 0xFD, 0x0A, 0xE0, 0x35, 0x2A, 0xCF, 0xD3, 0xCD, 0x6F, 0xCE, 0xED, 0x8D,
    0xB6, 0x93, 0x09, 0x70, 0x90, 0x26, 0x86, 0xF1, 0x08, 0x8D, 0x9F, 0x86, 0x43, 0x81, 0x66, 0x06,
    0x99, 0xC6, 0xE2, 0xEB, 0x91, 0x73, 0x5E, 0x07, 0x46, 0xFC, 0x9D, 0xCD, 0x7D, 0xFA, 0x60, 0x9D,
    0x77, 0x0C, 0x64, 0x4C, 0xC5, 0x52, 0xCD, 0xEC, 0xED, 0x65, 0x86, 0xB0, 0x6D, 0x32, 0xC8, 0xA6,
    0x65, 0xC6, 0x4C, 0x19, 0xF7, 0x97, 0xC9, 0xA9, 0xBA, 0xB7, 0x90, 0x64, 0xF0, 0xE7, 0x99, 0x2D,
    0x67, 0x99, 0xED, 0xC4, 0x1C, 0xB4, 0x7C, 0x85, 0x19, 0x71, 0x96, 0x49, 0x98, 0x49, 0x8D, 0x68,
    0x68, 0xE9, 0x0F, 0x15, 0xA0, 0x20, 0x62, 0xA4, 0x66, 0xF0, 0xAA, 0x7D, 0x60, 0xFB, 0x2A, 0x3F,
    0xB0, 0x79, 0x80, 0x54, 0x9E, 0x80, 0x34, 0xFF, 0xED, 0xC2, 0x6D, 0x5D, 0x95, 0xA9, 0x77, 0xFD,
    0xAA, 0x43, 0xFE, 0xDB, 0x33, 0x42, 0x95, 0xA7, 0x67, 0xA0, 0xAB, 0x8C, 0x19, 0x69, 0x3E, 0xBF,
    0x36, 0xEB, 0x9B, 0xF6, 0x3C, 0x80, 0x0A, 0xDC, 0x1F, 0x33, 0xB2, 0xC3, 0x00, 0xE8, 0xC9, 0x3D,
    0x37, 0x32, 0x72, 0xC8, 0xB5, 0x99, 0xF2, 0x1C, 0xDA, 0x78, 0xC9, 0x73, 0x52, 0x49, 0xBF, 0x21,
    0x53, 0x57, 0xFB, 0x1C, 0x99, 0x17, 0xC3, 0x34, 0x98, 0xFF, 0xF6, 0x9E, 0x68, 0xF3, 0x1B, 0xEB,
    0x64, 0xB4, 0x83, 0x98, 0xBF, 0xA4, 0xB2, 0xC4, 0xA3, 0x54, 0x91, 0xF6, 0xCC, 0x5D, 0xA6, 0xCA,
    0x9C, 0xB7, 0xAB, 0xF3, 0x9B, 0xDC, 0x68, 0x6D, 0xE4, 0xD5, 0x7F, 0x61, 0x11, 0xF4, 0xC0, 0x20,
    0xCF, 0x3E, 0x38, 0xCD, 0xB9, 0x97, 0x06, 0xD2, 0x9E, 0x8C, 0x34, 0xFC, 0x64, 0xE8, 0xDD, 0xE3,
    0xC3, 0x82, 0x79, 0x28, 0xED, 0x9F, 0xC3, 0x05, 0xAE, 0x1C, 0xCC, 0xD2, 0x63, 0x0C, 0xB6, 0x7D,
    0x69, 0x39, 0x6E, 0x25, 0x20, 0x5A, 0xB3, 0x12, 0x5E, 0xFC, 0x98, 0xEB, 0x2B, 0xFF, 0x84, 0xDF,
    0x1D, 0x27, 0x84, 0x1D, 0xDE, 0xBA, 0x54, 0x98, 0xF6, 0xC9, 0xE1, 0x03, 0x3E, 0x2D, 0x77, 0x81,
    0x87, 0xDE, 0x3C, 0xE3, 0x9F, 0x65, 0x06, 0x6C, 0x01, 0x8F, 0xD9, 0xE2, 0xDF, 0x46, 0x3C, 0x7C,
    0xD8, 0x22, 0x7A, 0x98, 0x22, 0x20, 0xED, 0x5F, 0x09, 0xEF, 0x57, 0x98, 0x81, 0x01, 0xA6, 0xE2,
    0x73, 0xDA, 0x6B, 0x1E, 0x9F, 0x42, 0xD5, 0x4D, 0x1D, 0x32, 0x92, 0xE4, 0xCD, 0x0F, 0x1A, 0x5A,
    0xFE, 0x6F, 0x93, 0xB4, 0xD7, 0xB6, 0x4D, 0xE8, 0x5D, 0x0F, 0x18, 0x78, 0x2B, 0x00, 0xC6, 0x68,
    0xA0, 0x84, 0x03, 0x54, 0x09, 0xF8, 0xAA, 0xAD, 0x4A, 0xAE, 0xFB, 0x6C, 0x93, 0x9D, 0xA4, 0x4D,
    0xC4, 0xA7, 0x91, 0xEE, 0x46, 0x66, 0x78, 0xC7, 0x1A, 0x9E, 0x3D, 0x15, 0xB3, 0xD7, 0xE0, 0xD9,
    0x6B, 0xF0, 0xEC, 0x19, 0xA9, 0xF8, 0xC3, 0xD2, 0xDC, 0xD9, 0x43, 0x6E, 0xEB, 0x86, 0x24, 0x6F,
    0x9E, 0xBF, 0x5F, 0xFF, 0xEC, 0x15, 0x17, 0x03, 0x8D, 0xE6, 0x0B, 0x18, 0x6B, 0x4C, 0x5F, 0xC7,
    0x81, 0x69, 0x6A, 0xE3, 0xE1, 0x66, 0xDA, 0x82, 0x68, 0xEE, 0xEC, 0x40, 0xCC, 0x04, 0xDF, 0x48,
    0xC5, 0xBB, 0xAF, 0x49, 0x23, 0xDE, 0x1A, 0x42, 0x3D, 0xE6, 0x2F, 0x81, 0xDB, 0x58, 0xCB, 0xB8,
    0xA8, 0x2E, 0xFF, 0xDC, 0xDB, 0x7B, 0xFC, 0xD0, 0xEA, 0x6D, 0x76, 0xCC, 0xDB, 0x4F, 0xD7, 0x5D,
    0x0C, 0xC1, 0x05, 0x56, 0xFF, 0x88, 0xF4, 0x21, 0x40, 0x52, 0x89, 0x49, 0x2B, 0xC0, 0xA6, 0x5D,
    0xE3, 0x31, 0x26, 0xDB, 0x61, 0x9E, 0x26, 0xEB, 0x32, 0x19, 0x25, 0x25, 0xCD, 0xF8, 0xC4, 0xAC,
    0x2B, 0xCB, 0x68, 0xB2, 0xED, 0xCB, 0xE8, 0xE9, 0x6F, 0xB9, 0x3B, 0x91, 0xAC, 0x93, 0x67, 0x18,
    0x14, 0x78, 0x05, 0x7C, 0x18, 0x02, 0x3C, 0xBD, 0x0B, 0x9B, 0x91, 0xC0, 0x6B, 0x03, 0x10, 0x75,
    0x06, 0x80, 0x87, 0x00, 0x91, 0xFB, 0x83, 0xE7, 0x9E, 0x20, 0x67, 0xF6, 0x07, 0x4D, 0xC2, 0xD1,
    0xE9, 0xA6, 0x5D, 0xBE, 0x9F, 0x44, 0x7F, 0xA4, 0x38, 0xDD, 0x64, 0x82, 0xE5, 0x3F, 0xC0, 0x57,
    0x2B, 0x4C, 0xAD, 0xCA, 0x6C, 0xCE, 0x96, 0x2F, 0x4A, 0x49, 0x70, 0x6E, 0x04, 0x06, 0x4E, 0x7B,
    0x9C, 0xEB, 0xE9, 0x83, 0x85, 0xC1, 0x54, 0x7E, 0x83, 0x5C, 0x03, 0x9E, 0xF7, 0x7E, 0x3B, 0x7F,
    0xD8, 0xA3, 0xE1, 0x36, 0x8B, 0x07, 0x1C, 0x7E, 0x07, 0x91, 0xE7, 0xAC, 0x43, 0x1C, 0x9E, 0x99,
    0x9C, 0xB1, 0x35, 0x4B, 0xB0, 0x5B, 0xB8, 0xCA, 0x1D, 0x52, 0xB2, 0x4B, 0xCF, 0xF0, 0xAC, 0xA5,
    0xC3, 0x43, 0x69, 0xF8, 0x9D, 0x4C, 0x55, 0x18, 0x01, 0xD1, 0x7A, 0x00, 0x00, 0xD6, 0xBE, 0xDE,
    0xCF, 0xFD, 0x56, 0x4D, 0x72, 0xF8, 0x0B, 0x03, 0x92, 0xAA, 0x57, 0xBC, 0x00, 0xEB, 0x6E, 0xC8,
    0x36, 0x4A, 0xF3, 0xA2, 0x8D, 0xFE, 0xDB, 0xDE, 0x3E, 0xC5, 0x4F, 0x3F, 0x7F, 0x64, 0x1C, 0x03,
    0x03, 0xD9, 0xEE, 0xBF, 0x17, 0x79, 0x77, 0xC2, 0x9C, 0x4A, 0x57, 0x78, 0x58, 0x53, 0x4C, 0xA2,
    0x78, 0x06, 0x7D, 0x8A, 0xFF, 0xC0, 0x08, 0x3B, 0x5C, 0xE6, 0x04, 0xFE, 0x0F, 0x63, 0xFC, 0xC3,
    0x7F, 0x81, 0x39, 0xD7, 0xF2, 0x01, 0x37, 0xC3, 0x06, 0x06, 0x7E, 0x86, 0x0F, 0x60, 0x5C, 0xFF,
    0xFF, 0x3F, 0x88, 0xC6, 0x8B, 0xF7, 0x1F, 0xFF, 0xCB, 0xC0, 0xF0, 0xE7, 0x03, 0x73, 0xEE, 0x17,
    0x6E, 0x06, 0xA0, 0x00, 0x10, 0x01, 0xB5, 0x7D, 0x00, 0xCA, 0x60, 0x45, 0xFB, 0x0F, 0xFF, 0x65,
    0xF8, 0xF7, 0x81, 0x39, 0xEF, 0x03, 0x37, 0x4C, 0xA4, 0xFE, 0x03, 0x4E, 0xC5, 0x40, 0xA3, 0x19,
    0xF7, 0x72, 0xBF, 0x76, 0x60, 0xE6, 0x30, 0xE8, 0x6E, 0x00, 0xB9, 0x0B, 0x64, 0x21, 0x98, 0x00,
    0xD9, 0x01, 0x71, 0x1B, 0x3F, 0x31, 0x04, 0xD0, 0x20, 0xFB, 0x07, 0x40, 0x0F, 0xBE, 0x67, 0x00,
    0xFA, 0xF0, 0x3F, 0x03, 0xD0, 0x28, 0x24, 0x59, 0x90, 0x51, 0xFC, 0xA4, 0x19, 0x05, 0x00, 0x62,
    0x80, 0x80, 0x0D, 0x80, 0x82, 0xE0, 0xAA, 0x00, 0xA1, 0x18, 0x00, 0xC3, 0xE8, 0x87, 0x5B, 0x88,
    0x35, 0x80, 0x26, 0x64, 0xA0, 0xC9, 0xD6, 0x82, 0x47, 0x5A, 0xE0, 0x16, 0x65, 0x09, 0xAE, 0xBB,
    0xFD, 0xF7, 0x1C, 0x60, 0xDA, 0x01, 0x3B, 0x01, 0xFB, 0xF3, 0x1F, 0x6E, 0x55, 0xC4, 0x34, 0xED,
    0xDE, 0xEC, 0x92, 0xEE, 0xC7, 0x41, 0x9D, 0xFE, 0x3F, 0xE5, 0x8A, 0xAC, 0x52, 0x79, 0xA3, 0x50,
    0x6E, 0xA5, 0x70, 0x60, 0x22, 0x55, 0x60, 0xE5, 0xC1, 0x5C, 0x1C, 0xAC, 0x8E, 0xC0, 0xA4, 0x02,
    0x38, 0xC1, 0x08,
};

static const EpdGlyph charein_9_regularGlyphs[] = {
    { 0, 0, 0, 0, 0, 0, 0 }, // U+0000
    { 0, 0, 0, 0, 0, 0, 0 }, // U+0001
    { 0, 0, 0, 0, 0, 0, 0 }, // U+0002
    { 0, 0, 0, 0, 0, 0, 0 }, // U+0003
    { 0, 0, 0, 0, 0, 0, 0 }, // U+0004
    { 0, 0, 0, 0, 0, 0, 0 }, // U+0005
    { 0, 0, 0, 0, 0, 0, 0 }, // U+0006
    { 0, 0, 0, 0, 0, 0, 0 }, // U+0007
    { 0, 0, 0, 0, 0, 0, 0 }, // U+0008
    { 0, 0, 0, 0, 0, 0, 0 }, // U+0009
    { 0, 0, 0, 0, 0, 0, 0 }, // U+000A
    { 0, 0, 0, 0, 0, 0, 0 }, // U+000B
    { 0, 0, 0, 0, 0, 0, 0 }, // U+000C
    { 0, 0, 0, 0, 0, 0, 0 }, // U+000D
    { 0, 0, 0, 0, 0, 0, 0 }, // U+000E
    { 0, 0, 0, 0, 0, 0, 0 }, // U+000F
    { 0, 0, 0, 0, 0, 0, 0 }, // U+0010
    { 0, 0, 0, 0, 0, 0, 0 }, // U+0011
    { 0, 0, 0, 0, 0, 0, 0 }, // U+0012
    { 0, 0, 0, 0, 0, 0, 0 }, // U+0013
    { 0, 0, 0, 0, 0, 0, 0 }, // U+0014
    { 0, 0, 0, 0, 0, 0, 0 }, // U+0015
    { 0, 0, 0, 0, 0, 0, 0 }, // U+0016
    { 0, 0, 0, 0, 0, 0, 0 }, // U+0017
    { 0, 0, 0, 0, 0, 0, 0 }, // U+0018
    { 0, 0, 0, 0, 0, 0, 0 }, // U+0019
    { 0, 0, 0, 0, 0, 0, 0 }, // U+001A
    { 0, 0, 0, 0, 0, 0, 0 }, // U+001B
    { 0, 0, 0, 0, 0, 0, 0 }, // U+001C
    { 0, 0, 0, 0, 0, 0, 0 }, // U+001D
    { 0, 0, 0, 0, 0, 0, 0 }, // U+001E
    { 0, 0, 0, 0, 0, 0, 0 }, // U+001F
    { 0, 0, 73, 0, 0, 0, 0 }, // U+0020
    { 3, 14, 101, 2, 14, 11, 0 }, // !
    { 6, 6, 100, 0, 15, 9, 11 }, // "
    { 12, 15, 223, 1, 15, 45, 20 }, // #
    { 9, 17, 169, 1, 15, 39, 65 }, // $
    { 16, 14, 258, 0, 14, 56, 104 }, // %
    { 13, 14, 210, 0, 14, 46, 160 }, // &
    { 3, 6, 51, 0, 15, 5, 206 }, // '
    { 6, 17, 113, 1, 14, 26, 211 }, // (
    { 7, 17, 113, 0, 14, 30, 237 }, // )
    { 8, 9, 150, 1, 15, 18, 267 }, // *
    { 13, 12, 300, 3, 12, 39, 285 }, // +
    { 4, 7, 84, 0, 3, 7, 324 }, // ,
    { 6, 1, 96, 0, 5, 2, 331 }, // -
    { 3, 3, 84, 1, 3, 3, 333 }, // .
    { 10, 16, 147, 0, 14, 40, 336 }, // /
    { 10, 14, 169, 0, 14, 35, 376 }, // 0
    { 8, 14, 169, 1, 14, 28, 411 }, // 1
    { 10, 14, 169, 0, 14, 35, 439 }, // 2
    { 10, 14, 169, 0, 14, 35, 474 }, // 3
    { 10, 14, 169, 0, 14, 35, 509 }, // 4
    { 10, 14, 169, 0, 14, 35, 544 }, // 5
    { 10, 14, 169, 0, 14, 35, 579 }, // 6
    { 10, 14, 169, 1, 14, 35, 614 }, // 7
    { 10, 14, 169, 0, 14, 35, 649 }, // 8
    { 10, 14, 169, 0, 14, 35, 684 }, // 9
    { 3, 10, 84, 1, 10, 8, 719 }, // :
    { 4, 14, 84, 0, 10, 14, 727 }, // ;
    { 13, 11, 300, 3, 11, 36, 741 }, // <
    { 13, 5, 300, 3, 9, 17, 777 }, // =
    { 13, 11, 300, 3, 11, 36, 794 }, // >
    { 8, 14, 146, 0, 14, 28, 830 }, // ?
    { 16, 17, 281, 1, 14, 68, 858 }, // @
    { 13, 14, 202, 0, 14, 46, 926 }, // A
    { 11, 14, 181, 0, 14, 39, 972 }, // B
    { 12, 14, 188, 0, 14, 42, 1011 }, // C
    { 13, 14, 209, 0, 14, 46, 1053 }, // D
    { 11, 14, 175, 0, 14, 39, 1099 }, // E
    { 10, 14, 162, 0, 14, 35, 1138 }, // F
    { 13, 14, 208, 0, 14, 46, 1173 }, // G
    { 14, 14, 223, 0, 14, 49, 1219 }, // H
    { 6, 14, 99, 0, 14, 21, 1268 }, // I
    { 9, 14, 145, 0, 14, 32, 1289 }, // J
    { 13, 14, 191, 0, 14, 46, 1321 }, // K
    { 10, 14, 159, 0, 14, 35, 1367 }, // L
    { 17, 14, 263, 0, 14, 60, 1402 }, // M
    { 14, 14, 216, 0, 14, 49, 1462 }, // N
    { 14, 14, 219, 0, 14, 49, 1511 }, // O
    { 11, 14, 174, 0, 14, 39, 1560 }, // P
    { 14, 17, 222, 0, 14, 60, 1599 }, // Q
    { 13, 14, 195, 0, 14, 46, 1659 }, // R
    { 10, 14, 156, 0, 14, 35, 1705 }, // S
    { 12, 14, 180, 0, 14, 42, 1740 }, // T
    { 14, 14, 214, 0, 14, 49, 1782 }, // U
    { 13, 14, 200, 0, 14, 46, 1831 }, // V
    { 18, 14, 279, 0, 14, 63, 1877 }, // W
    { 12, 14, 190, 0, 14, 42, 1940 }, // X
    { 12, 14, 188, 0, 14, 42, 1982 }, // Y
    { 11, 14, 173, 0, 14, 39, 2024 }, // Z
    { 6, 17, 127, 2, 15, 26, 2063 }, // [
    { 10, 16, 147, 0, 14, 40, 2089 }, // <backslash>
    { 6, 17, 127, 0, 15, 26, 2129 }, // ]
    { 7, 4, 98, 0, 15, 7, 2155 }, // ^
    { 7, 1, 100, 0, -2, 2, 2162 }, // _
    { 5, 4, 105, 0, 15, 5, 2164 }, // `
    { 10, 10, 153, 0, 10, 25, 2169 }, // a
    { 10, 15, 167, 0, 15, 38, 2194 }, // b
    { 9, 10, 140, 0, 10, 23, 2232 }, // c
    { 11, 15, 169, 0, 15, 42, 2255 }, // d
    { 9, 10, 147, 0, 10, 23, 2297 }, // e
    { 8, 15, 98, 0, 15, 30, 2320 }, // f
    { 10, 14, 157, 0, 10, 35, 2350 }, // g
    { 11, 15, 172, 0, 15, 42, 2385 }, // h
    { 6, 15, 91, 0, 15, 23, 2427 }, // i
    { 7, 19, 88, -2, 15, 34, 2450 }, // j
    { 10, 15, 160, 0, 15, 38, 2484 }, // k
    { 6, 15, 89, 0, 15, 23, 2522 }, // l
    { 16, 10, 255, 0, 10, 40, 2545 }, // m
    { 11, 10, 170, 0, 10, 28, 2585 }, // n
    { 10, 10, 163, 0, 10, 25, 2613 }, // o
    { 10, 14, 168, 0, 10, 35, 2638 }, // p
    { 11, 14, 165, 0, 10, 39, 2673 }, // q
    { 8, 10, 117, 0, 10, 20, 2712 }, // r
    { 7, 10, 119, 0, 10, 18, 2732 }, // s
    { 7, 13, 102, 0, 13, 23, 2750 }, // t
    { 11, 10, 171, 0, 10, 28, 2773 }, // u
    { 10, 10, 159, 0, 10, 25, 2801 }, // v
    { 15, 10, 235, 0, 10, 38, 2826 }, // w
    { 10, 10, 153, 0, 10, 25, 2864 }, // x
    { 10, 14, 159, 0, 10, 35, 2889 }, // y
    { 9, 10, 139, 0, 10, 23, 2924 }, // z
    { 7, 17, 146, 1, 14, 30, 2947 }, // {
    { 2, 22, 106, 2, 17, 11, 2977 }, // |
    { 8, 17, 146, 1, 14, 34, 2988 }, // }
    { 14, 4, 250, 1, 8, 14, 3022 }, // ~
    { 0, 0, 0, 0, 0, 0, 3036 }, // U+007F
    { 0, 0, 0, 0, 0, 0, 0 }, // U+0080
    { 0, 0, 0, 0, 0, 0, 0 }, // U+0081
    { 0, 0, 0, 0, 0, 0, 0 }, // U+0082
    { 0, 0, 0, 0, 0, 0, 0 }, // U+0083
    { 0, 0, 0, 0, 0, 0, 0 }, // U+0084
    { 0, 0, 0, 0, 0, 0, 0 }, // U+0085
    { 0, 0, 0, 0, 0, 0, 0 }, // U+0086
    { 0, 0, 0, 0, 0, 0, 0 }, // U+0087
    { 0, 0, 0, 0, 0, 0, 0 }, // U+0088
    { 0, 0, 0, 0, 0, 0, 0 }, // U+0089
    { 0, 0, 0, 0, 0, 0, 0 }, // U+008A
    { 0, 0, 0, 0, 0, 0, 0 }, // U+008B
    { 0, 0, 0, 0, 0, 0, 0 }, // U+008C
    { 0, 0, 0, 0, 0, 0, 0 }, // U+008D
    { 0, 0, 0, 0, 0, 0, 0 }, // U+008E
    { 0, 0, 0, 0, 0, 0, 0 }, // U+008F
    { 0, 0, 0, 0, 0, 0, 0 }, // U+0090
    { 0, 0, 0, 0, 0, 0, 0 }, // U+0091
    { 0, 0, 0, 0, 0, 0, 0 }, // U+0092
    { 0, 0, 0, 0, 0, 0, 0 }, // U+0093
    { 0, 0, 0, 0, 0, 0, 0 }, // U+0094
    { 0, 0, 0, 0, 0, 0, 0 }, // U+0095
    { 0, 0, 0, 0, 0, 0, 0 }, // U+0096
    { 0, 0, 0, 0, 0, 0, 0 }, // U+0097
    { 0, 0, 0, 0, 0, 0, 0 }, // U+0098
    { 0, 0, 0, 0, 0, 0, 0 }, // U+0099
    { 0, 0, 0, 0, 0, 0, 0 }, // U+009A
    { 0, 0, 0, 0, 0, 0, 0 }, // U+009B
    { 0, 0, 0, 0, 0, 0, 0 }, // U+009C
    { 0, 0, 0, 0, 0, 0, 0 }, // U+009D
    { 0, 0, 0, 0, 0, 0, 0 }, // U+009E
    { 0, 0, 0, 0, 0, 0, 0 }, // U+009F
    { 0, 0, 73, 0, 0, 0, 0 }, // U+00A0
    { 4, 14, 101, 1, 10, 14, 0 }, // U+00A1
    { 9, 14, 169, 1, 12, 32, 14 }, // U+00A2
    { 10, 15, 169, 0, 15, 38, 46 }, // U+00A3
    { 12, 13, 183, 0, 15, 39, 84 }, // U+00A4
    { 12, 14, 179, 0, 14, 42, 123 }, // U+00A5
    { 2, 19, 104, 2, 15, 10, 165 }, // U+00A6
    { 8, 17, 150, 1, 15, 34, 175 }, // U+00A7
    { 7, 3, 95, 0, 15, 6, 209 }, // U+00A8
    { 16, 16, 251, 0, 15, 64, 215 }, // U+00A9
    { 7, 8, 102, 0, 14, 14, 279 }, // U+00AA
    { 9, 10, 133, 0, 10, 23, 293 }, // U+00AB
    { 12, 5, 186, 0, 8, 15, 316 }, // U+00AC
    { 0, 0, 0, 0, 0, 0, 331 }, // U+00AD
    { 16, 16, 251, 0, 15, 64, 331 }, // U+00AE
    { 7, 1, 100, 0, 13, 2, 395 }, // U+00AF
    { 6, 5, 96, 0, 15, 8, 397 }, // U+00B0
    { 13, 12, 300, 3, 12, 39, 405 }, // U+00B1
    { 7, 9, 110, 0, 16, 16, 444 }, // U+00B2
    { 7, 9, 110, 0, 16, 16, 460 }, // U+00B3
    { 5, 4, 105, 2, 15, 5, 476 }, // U+00B4
    { 10, 14, 164, 1, 10, 35, 481 }, // U+00B5
    { 9, 16, 146, 0, 14, 36, 516 }, // U+00B6
    { 3, 3, 56, 0, 9, 3, 552 }, // U+00B7
    { 5, 5, 69, 0, 0, 7, 555 }, // U+00B8
    { 6, 9, 110, 0, 16, 14, 562 }, // U+00B9
    { 7, 8, 107, 0, 14, 14, 576 }, // U+00BA
    { 8, 10, 133, 0, 10, 20, 590 }, // U+00BB
    { 16, 15, 263, 0, 15, 60, 610 }, // U+00BC
    { 16, 15, 263, 0, 14, 60, 670 }, // U+00BD
    { 16, 15, 263, 0, 15, 60, 730 }, // U+00BE
    { 8, 14, 146, 1, 10, 28, 790 }, // U+00BF
    { 13, 19, 202, 0, 19, 62, 818 }, // U+00C0
    { 13, 19, 202, 0, 19, 62, 880 }, // U+00C1
    { 13, 19, 202, 0, 19, 62, 942 }, // U+00C2
    { 13, 18, 202, 0, 18, 59, 1004 }, // U+00C3
    { 13, 18, 202, 0, 18, 59, 1063 }, // U+00C4
    { 13, 20, 202, 0, 20, 65, 1122 }, // U+00C5
    { 18, 14, 280, 0, 14, 63, 1187 }, // U+00C6
    { 12, 19, 188, 0, 14, 57, 1250 }, // U+00C7
    { 11, 19, 175, 0, 19, 53, 1307 }, // U+00C8
    { 11, 19, 175, 0, 19, 53, 1360 }, // U+00C9
    { 11, 19, 175, 0, 19, 53, 1413 }, // U+00CA
    { 11, 18, 175, 0, 18, 50, 1466 }, // U+00CB
    { 6, 19, 99, 0, 19, 29, 1516 }, // U+00CC
    { 6, 19, 99, 0, 19, 29, 1545 }, // U+00CD
    { 7, 19, 99, 0, 19, 34, 1574 }, // U+00CE
    { 7, 18, 99, 0, 18, 32, 1608 }, // U+00CF
    { 13, 14, 209, 0, 14, 46, 1640 }, // U+00D0
    { 14, 18, 216, 0, 18, 63, 1686 }, // U+00D1
    { 14, 19, 219, 0, 19, 67, 1749 }, // U+00D2
    { 14, 19, 219, 0, 19, 67, 1816 }, // U+00D3
    { 14, 19, 219, 0, 19, 67, 1883 }, // U+00D4
    { 14, 18, 219, 0, 18, 63, 1950 }, // U+00D5
    { 14, 18, 219, 0, 18, 63, 2013 }, // U+00D6
    { 11, 11, 300, 4, 11, 31, 2076 }, // U+00D7
    { 14, 18, 219, 0, 16, 63, 2107 }, // U+00D8
    { 14, 19, 214, 0, 19, 67, 2170 }, // U+00D9
    { 14, 19, 214, 0, 19, 67, 2237 }, // U+00DA
    { 14, 19, 214, 0, 19, 67, 2304 }, // U+00DB
    { 14, 18, 214, 0, 18, 63, 2371 }, // U+00DC
    { 12, 19, 188, 0, 19, 57, 2434 }, // U+00DD
    { 11, 14, 173, 0, 14, 39, 2491 }, // U+00DE
    { 12, 15, 188, 0, 15, 45, 2530 }, // U+00DF
    { 10, 15, 153, 0, 15, 38, 2575 }, // U+00E0
    { 10, 15, 153, 0, 15, 38, 2613 }, // U+00E1
    { 10, 15, 153, 0, 15, 38, 2651 }, // U+00E2
    { 10, 14, 153, 0, 14, 35, 2689 }, // U+00E3
    { 10, 15, 153, 0, 15, 38, 2724 }, // U+00E4
    { 10, 16, 153, 0, 16, 40, 2762 }, // U+00E5
    { 14, 10, 216, 0, 10, 35, 2802 }, // U+00E6
    { 9, 15, 140, 0, 10, 34, 2837 }, // U+00E7
    { 9, 15, 147, 0, 15, 34, 2871 }, // U+00E8
    { 9, 15, 147, 0, 15, 34, 2905 }, // U+00E9
    { 9, 15, 147, 0, 15, 34, 2939 }, // U+00EA
    { 9, 15, 147, 0, 15, 34, 2973 }, // U+00EB
    { 6, 15, 91, 0, 15, 23, 3007 }, // U+00EC
    { 6, 15, 91, 0, 15, 23, 3030 }, // U+00ED
    { 7, 15, 91, -1, 15, 27, 3053 }, // U+00EE
    { 7, 15, 91, -1, 15, 27, 3080 }, // U+00EF
    { 10, 15, 162, 0, 15, 38, 3107 }, // U+00F0
    { 11, 14, 170, 0, 14, 39, 3145 }, // U+00F1
    { 10, 15, 163, 0, 15, 38, 3184 }, // U+00F2
    { 10, 15, 163, 0, 15, 38, 3222 }, // U+00F3
    { 10, 15, 163, 0, 15, 38, 3260 }, // U+00F4
    { 10, 14, 163, 0, 14, 35, 3298 }, // U+00F5
    { 10, 15, 163, 0, 15, 38, 3333 }, // U+00F6
    { 13, 9, 300, 3, 11, 30, 3371 }, // U+00F7
    { 10, 14, 163, 0, 12, 35, 3401 }, // U+00F8
    { 11, 15, 171, 0, 15, 42, 3436 }, // U+00F9
    { 11, 15, 171, 0, 15, 42, 3478 }, // U+00FA
    { 11, 15, 171, 0, 15, 42, 3520 }, // U+00FB
    { 11, 15, 171, 0, 15, 42, 3562 }, // U+00FC
    { 10, 19, 159, 0, 15, 48, 3604 }, // U+00FD
    { 10, 19, 168, 0, 15, 48, 3652 }, // U+00FE
    { 10, 19, 159, 0, 15, 48, 3700 }, // U+00FF
    { 13, 17, 202, 0, 17, 56, 0 }, // U+0100
    { 10, 13, 153, 0, 13, 33, 56 }, // U+0101
    { 13, 18, 202, 0, 18, 59, 89 }, // U+0102
    { 10, 15, 153, 0, 15, 38, 148 }, // U+0103
    { 13, 18, 202, 0, 14, 59, 186 }, // U+0104
    { 10, 14, 153, 0, 10, 35, 245 }, // U+0105
    { 12, 19, 188, 0, 19, 57, 280 }, // U+0106
    { 9, 15, 140, 0, 15, 34, 337 }, // U+0107
    { 12, 19, 188, 0, 19, 57, 371 }, // U+0108
    { 9, 15, 140, 0, 15, 34, 428 }, // U+0109
    { 12, 18, 188, 0, 18, 54, 462 }, // U+010A
    { 9, 15, 140, 0, 15, 34, 516 }, // U+010B
    { 12, 19, 188, 0, 19, 57, 550 }, // U+010C
    { 9, 15, 140, 0, 15, 34, 607 }, // U+010D
    { 13, 19, 209, 0, 19, 62, 641 }, // U+010E
    { 12, 15, 185, 0, 15, 45, 703 }, // U+010F
    { 13, 14, 209, 0, 14, 46, 748 }, // U+0110
    { 11, 15, 169, 0, 15, 42, 794 }, // U+0111
    { 11, 17, 175, 0, 17, 47, 836 }, // U+0112
    { 9, 13, 147, 0, 13, 30, 883 }, // U+0113
    { 11, 18, 175, 0, 18, 50, 913 }, // U+0114
    { 9, 15, 147, 0, 15, 34, 963 }, // U+0115
    { 11, 18, 175, 0, 18, 50, 997 }, // U+0116
    { 9, 15, 147, 0, 15, 34, 1047 }, // U+0117
    { 11, 18, 175, 0, 14, 50, 1081 }, // U+0118
    { 9, 14, 147, 0, 10, 32, 1131 }, // U+0119
    { 11, 19, 175, 0, 19, 53, 1163 }, // U+011A
    { 9, 15, 147, 0, 15, 34, 1216 }, // U+011B
    { 13, 19, 208, 0, 19, 62, 1250 }, // U+011C
    { 10, 19, 157, 0, 15, 48, 1312 }, // U+011D
    { 13, 18, 208, 0, 18, 59, 1360 }, // U+011E
    { 10, 19, 157, 0, 15, 48, 1419 }, // U+011F
    { 13, 18, 208, 0, 18, 59, 1467 }, // U+0120
    { 10, 19, 157, 0, 15, 48, 1526 }, // U+0121
    { 13, 20, 208, 0, 14, 65, 1574 }, // U+0122
    { 10, 20, 157, 0, 16, 50, 1639 }, // U+0123
    { 14, 19, 223, 0, 19, 67, 1689 }, // U+0124
    { 12, 19, 172, -1, 19, 57, 1756 }, // U+0125
    { 14, 14, 223, 0, 14, 49, 1813 }, // U+0126
    { 11, 15, 172, 0, 15, 42, 1862 }, // U+0127
    { 8, 18, 99, -1, 18, 36, 1904 }, // U+0128
    { 8, 14, 91, -1, 14, 28, 1940 }, // U+0129
    { 6, 18, 99, 0, 18, 27, 1968 }, // U+012A
    { 6, 14, 91, 0, 14, 21, 1995 }, // U+012B
    { 6, 18, 99, 0, 18, 27, 2016 }, // U+012C
    { 6, 15, 91, 0, 15, 23, 2043 }, // U+012D
    { 6, 18, 99, 0, 14, 27, 2066 }, // U+012E
    { 6, 19, 91, 0, 15, 29, 2093 }, // U+012F
    { 6, 18, 99, 0, 18, 27, 2122 }, // U+0130
    { 6, 10, 91, 0, 10, 15, 2149 }, // U+0131
    { 15, 14, 244, 0, 14, 53, 2164 }, // U+0132
    { 10, 19, 179, 0, 15, 48, 2217 }, // U+0133
    { 10, 19, 145, 0, 19, 48, 2265 }, // U+0134
    { 8, 19, 88, -2, 15, 38, 2313 }, // U+0135
    { 13, 20, 191, 0, 14, 65, 2351 }, // U+0136
    { 10, 21, 160, 0, 15, 53, 2416 }, // U+0137
    { 10, 10, 159, 0, 10, 25, 2469 }, // U+0138
    { 10, 19, 159, 0, 19, 48, 2494 }, // U+0139
    { 6, 19, 89, 0, 19, 29, 2542 }, // U+013A
    { 10, 20, 159, 0, 14, 50, 2571 }, // U+013B
    { 6, 21, 89, 0, 15, 32, 2621 }, // U+013C
    { 10, 15, 159, 0, 15, 38, 2653 }, // U+013D
    { 7, 15, 101, 0, 15, 27, 2691 }, // U+013E
    { 13, 14, 201, 0, 14, 46, 2718 }, // U+013F
    { 9, 15, 131, 0, 15, 34, 2764 }, // U+0140
    { 10, 14, 159, 0, 14, 35, 2798 }, // U+0141
    { 7, 15, 89, -1, 15, 27, 2833 }, // U+0142
    { 14, 19, 216, 0, 19, 67, 2860 }, // U+0143
    { 11, 15, 170, 0, 15, 42, 2927 }, // U+0144
    { 14, 20, 216, 0, 14, 70, 2969 }, // U+0145
    { 11, 16, 170, 0, 10, 44, 3039 }, // U+0146
    { 14, 19, 216, 0, 19, 67, 3083 }, // U+0147
    { 11, 15, 170, 0, 15, 42, 3150 }, // U+0148
    { 13, 18, 218, 0, 14, 59, 3192 }, // U+014A
    { 10, 14, 170, 0, 10, 35, 3251 }, // U+014B
    { 14, 17, 219, 0, 17, 60, 3286 }, // U+014C
    { 10, 13, 163, 0, 13, 33, 3346 }, // U+014D
    { 14, 18, 219, 0, 18, 63, 3379 }, // U+014E
    { 10, 15, 163, 0, 15, 38, 3442 }, // U+014F
    { 14, 19, 219, 0, 19, 67, 3480 }, // U+0150
    { 10, 15, 163, 0, 15, 38, 3547 }, // U+0151
    { 19, 14, 300, 0, 14, 67, 3585 }, // U+0152
    { 15, 10, 246, 0, 10, 38, 3652 }, // U+0153
    { 13, 19, 195, 0, 19, 62, 3690 }, // U+0154
    { 8, 15, 117, 0, 15, 30, 3752 }, // U+0155
    { 13, 20, 195, 0, 14, 65, 3782 }, // U+0156
    { 8, 16, 117, 0, 10, 32, 3847 }, // U+0157
    { 13, 19, 195, 0, 19, 62, 3879 }, // U+0158
    { 8, 15, 117, 0, 15, 30, 3941 }, // U+0159
    { 10, 19, 156, 0, 19, 48, 3971 }, // U+015A
    { 7, 15, 119, 0, 15, 27, 4019 }, // U+015B
    { 10, 19, 156, 0, 19, 48, 4046 }, // U+015C
    { 8, 15, 119, 0, 15, 30, 4094 }, // U+015D
    { 10, 19, 156, 0, 14, 48, 4124 }, // U+015E
    { 7, 15, 119, 0, 10, 27, 4172 }, // U+015F
    { 10, 19, 156, 0, 19, 48, 4199 }, // U+0160
    { 8, 15, 119, 0, 15, 30, 4247 }, // U+0161
    { 12, 19, 180, 0, 14, 57, 4277 }, // U+0162
    { 7, 18, 102, 0, 13, 32, 4334 }, // U+0163
    { 12, 19, 180, 0, 19, 57, 4366 }, // U+0164
    { 7, 15, 102, 0, 15, 27, 4423 }, // U+0165
    { 12, 14, 180, 0, 14, 42, 4450 }, // U+0166
    { 7, 13, 102, 0, 13, 23, 4492 }, // U+0167
    { 14, 18, 214, 0, 18, 63, 4515 }, // U+0168
    { 11, 14, 171, 0, 14, 39, 4578 }, // U+0169
    { 14, 17, 214, 0, 17, 60, 4617 }, // U+016A
    { 11, 13, 171, 0, 13, 36, 4677 }, // U+016B
    { 14, 18, 214, 0, 18, 63, 4713 }, // U+016C
    { 11, 15, 171, 0, 15, 42, 4776 }, // U+016D
    { 14, 20, 214, 0, 20, 70, 4818 }, // U+016E
    { 11, 16, 171, 0, 16, 44, 4888 }, // U+016F
    { 14, 19, 214, 0, 19, 67, 4932 }, // U+0170
    { 11, 15, 171, 0, 15, 42, 4999 }, // U+0171
    { 14, 18, 214, 0, 14, 63, 5041 }, // U+0172
    { 11, 14, 171, 0, 10, 39, 5104 }, // U+0173
    { 18, 19, 279, 0, 19, 86, 5143 }, // U+0174
    { 15, 15, 235, 0, 15, 57, 5229 }, // U+0175
    { 12, 19, 188, 0, 19, 57, 5286 }, // U+0176
    { 10, 19, 159, 0, 15, 48, 5343 }, // U+0177
    { 12, 18, 188, 0, 18, 54, 5391 }, // U+0178
    { 11, 19, 173, 0, 19, 53, 5445 }, // U+0179
    { 9, 15, 139, 0, 15, 34, 5498 }, // U+017A
    { 11, 18, 173, 0, 18, 50, 5532 }, // U+017B
    { 9, 15, 139, 0, 15, 34, 5582 }, // U+017C
    { 11, 19, 173, 0, 19, 53, 5616 }, // U+017D
    { 9, 15, 139, 0, 15, 34, 5669 }, // U+017E
    { 8, 15, 98, 0, 15, 30, 5703 }, // U+017F
    { 16, 18, 243, 0, 18, 72, 0 }, // U+01A0
    { 12, 13, 189, 0, 13, 39, 72 }, // U+01A1
    { 16, 18, 248, 0, 18, 72, 111 }, // U+01AF
    { 13, 14, 194, 0, 14, 46, 183 }, // U+01B0
    { 24, 19, 381, 0, 19, 114, 229 }, // U+01C4
    { 22, 15, 347, 0, 15, 83, 343 }, // U+01C5
    { 19, 15, 308, 0, 15, 72, 426 }, // U+01C6
    { 19, 14, 305, 0, 14, 67, 498 }, // U+01C7
    { 15, 19, 247, 0, 15, 72, 565 }, // U+01C8
    { 10, 19, 177, 0, 15, 48, 637 }, // U+01C9
    { 23, 14, 362, 0, 14, 81, 685 }, // U+01CA
    { 18, 19, 304, 0, 15, 86, 766 }, // U+01CB
    { 16, 19, 258, -1, 15, 76, 852 }, // U+01CC
    { 13, 19, 202, 0, 19, 62, 928 }, // U+01CD
    { 10, 15, 153, 0, 15, 38, 990 }, // U+01CE
    { 7, 19, 99, 0, 19, 34, 1028 }, // U+01CF
    { 7, 15, 91, -1, 15, 27, 1062 }, // U+01D0
    { 14, 19, 219, 0, 19, 67, 1089 }, // U+01D1
    { 10, 15, 163, 0, 15, 38, 1156 }, // U+01D2
    { 14, 19, 214, 0, 19, 67, 1194 }, // U+01D3
    { 11, 15, 171, 0, 15, 42, 1261 }, // U+01D4
    { 14, 21, 214, 0, 21, 74, 1303 }, // U+01D5
    { 11, 17, 171, 0, 17, 47, 1377 }, // U+01D6
    { 14, 22, 214, 0, 22, 77, 1424 }, // U+01D7
    { 11, 19, 171, 0, 19, 53, 1501 }, // U+01D8
    { 14, 22, 214, 0, 22, 77, 1554 }, // U+01D9
    { 11, 19, 171, 0, 19, 53, 1631 }, // U+01DA
    { 14, 22, 214, 0, 22, 77, 1684 }, // U+01DB
    { 11, 19, 171, 0, 19, 53, 1761 }, // U+01DC
    { 9, 10, 147, 0, 10, 23, 1814 }, // U+01DD
    { 13, 21, 202, 0, 21, 69, 1837 }, // U+01DE
    { 10, 17, 153, 0, 17, 43, 1906 }, // U+01DF
    { 13, 21, 202, 0, 21, 69, 1949 }, // U+01E0
    { 10, 17, 153, 0, 17, 43, 2018 }, // U+01E1
    { 18, 17, 280, 0, 17, 77, 2061 }, // U+01E2
    { 14, 13, 216, 0, 13, 46, 2138 }, // U+01E3
    { 13, 14, 208, 0, 14, 46, 2184 }, // U+01E4
    { 10, 14, 157, 0, 10, 35, 2230 }, // U+01E5
    { 13, 19, 208, 0, 19, 62, 2265 }, // U+01E6
    { 10, 19, 157, 0, 15, 48, 2327 }, // U+01E7
    { 13, 19, 191, 0, 19, 62, 2375 }, // U+01E8
    { 10, 19, 160, 0, 19, 48, 2437 }, // U+01E9
    { 14, 18, 219, 0, 14, 63, 2485 }, // U+01EA
    { 10, 14, 163, 0, 10, 35, 2548 }, // U+01EB
    { 14, 21, 219, 0, 17, 74, 2583 }, // U+01EC
    { 10, 18, 163, 0, 14, 45, 2657 }, // U+01ED
    { 11, 23, 183, 0, 19, 64, 2702 }, // U+01EE
    { 10, 19, 157, 0, 15, 48, 2766 }, // U+01EF
    { 8, 19, 88, -2, 15, 38, 2814 }, // U+01F0
    { 24, 14, 381, 0, 14, 84, 2852 }, // U+01F1
    { 22, 14, 347, 0, 14, 77, 2936 }, // U+01F2
    { 19, 15, 308, 0, 15, 72, 3013 }, // U+01F3
    { 13, 19, 208, 0, 19, 62, 3085 }, // U+01F4
    { 10, 19, 157, 0, 15, 48, 3147 }, // U+01F5
    { 18, 14, 304, 0, 14, 63, 3195 }, // U+01F6
    { 11, 18, 175, 0, 14, 50, 3258 }, // U+01F7
    { 14, 19, 216, 0, 19, 67, 3308 }, // U+01F8
    { 11, 15, 170, 0, 15, 42, 3375 }, // U+01F9
    { 13, 24, 202, 0, 24, 78, 3417 }, // U+01FA
    { 10, 20, 153, 0, 20, 50, 3495 }, // U+01FB
    { 18, 19, 280, 0, 19, 86, 3545 }, // U+01FC
    { 14, 15, 216, 0, 15, 53, 3631 }, // U+01FD
    { 14, 21, 219, 0, 19, 74, 3684 }, // U+01FE
    { 10, 17, 163, 0, 15, 43, 3758 }, // U+01FF
    { 13, 19, 202, 0, 19, 62, 3801 }, // U+0200
    { 11, 15, 153, -1, 15, 42, 3863 }, // U+0201
    { 13, 18, 202, 0, 18, 59, 3905 }, // U+0202
    { 10, 14, 153, 0, 14, 35, 3964 }, // U+0203
    { 11, 19, 175, 0, 19, 53, 3999 }, // U+0204
    { 9, 15, 147, 0, 15, 34, 4052 }, // U+0205
    { 11, 18, 175, 0, 18, 50, 4086 }, // U+0206
    { 9, 14, 147, 0, 14, 32, 4136 }, // U+0207
    { 9, 19, 99, -2, 19, 43, 4168 }, // U+0208
    { 9, 15, 91, -2, 15, 34, 4211 }, // U+0209
    { 6, 18, 99, 0, 18, 27, 4245 }, // U+020A
    { 6, 14, 91, 0, 14, 21, 4272 }, // U+020B
    { 14, 19, 219, 0, 19, 67, 4293 }, // U+020C
    { 10, 15, 163, 0, 15, 38, 4360 }, // U+020D
    { 14, 18, 219, 0, 18, 63, 4398 }, // U+020E
    { 10, 14, 163, 0, 14, 35, 4461 }, // U+020F
    { 13, 19, 195, 0, 19, 62, 4496 }, // U+0210
    { 9, 15, 117, -1, 15, 34, 4558 }, // U+0211
    { 13, 18, 195, 0, 18, 59, 4592 }, // U+0212
    { 8, 14, 117, 0, 14, 28, 4651 }, // U+0213
    { 14, 19, 214, 0, 19, 67, 4679 }, // U+0214
    { 11, 15, 171, 0, 15, 42, 4746 }, // U+0215
    { 14, 18, 214, 0, 18, 63, 4788 }, // U+0216
    { 11, 14, 171, 0, 14, 39, 4851 }, // U+0217
    { 10, 20, 156, 0, 14, 50, 4890 }, // U+0218
    { 7, 16, 119, 0, 10, 28, 4940 }, // U+0219
    { 12, 20, 180, 0, 14, 60, 4968 }, // U+021A
    { 7, 19, 102, 0, 13, 34, 5028 }, // U+021B
    { 10, 17, 160, 0, 14, 43, 5062 }, // U+021C
    { 8, 15, 127, 0, 10, 30, 5105 }, // U+021D
    { 14, 19, 223, 0, 19, 67, 5135 }, // U+021E
    { 11, 19, 172, 0, 19, 53, 5202 }, // U+021F
    { 5, 4, 0, -8, 15, 5, 0 }, // U+0300
    { 5, 4, 0, -7, 15, 5, 5 }, // U+0301
    { 7, 4, 0, -9, 15, 7, 10 }, // U+0302
    { 8, 2, 0, -9, 14, 4, 17 }, // U+0303
    { 8, 1, 0, -9, 13, 2, 21 }, // U+0304
    { 12, 1, 0, -11, 15, 3, 23 }, // U+0305
    { 6, 4, 0, -8, 15, 6, 26 }, // U+0306
    { 3, 3, 0, -7, 15, 3, 32 }, // U+0307
    { 7, 3, 0, -9, 15, 6, 35 }, // U+0308
    { 4, 5, 0, -7, 16, 5, 41 }, // U+0309
    { 6, 5, 0, -8, 16, 8, 46 }, // U+030A
    { 9, 4, 0, -9, 15, 9, 54 }, // U+030B
    { 7, 4, 0, -9, 15, 7, 63 }, // U+030C
    { 2, 3, 0, -6, 14, 2, 70 }, // U+030D
    { 4, 3, 0, -7, 14, 3, 72 }, // U+030E
    { 9, 4, 0, -10, 15, 9, 75 }, // U+030F
    { 6, 5, 0, -8, 16, 8, 84 }, // U+0310
    { 6, 3, 0, -8, 14, 5, 92 }, // U+0311
    { 4, 5, 0, -7, 16, 5, 97 }, // U+0312
    { 4, 5, 0, -7, 16, 5, 102 }, // U+0313
    { 4, 6, 0, -7, 17, 6, 107 }, // U+0314
    { 3, 5, 38, 0, 18, 4, 113 }, // U+0315
    { 6, 4, 0, -8, -1, 6, 117 }, // U+0316
    { 6, 4, 0, -8, -1, 6, 123 }, // U+0317
    { 4, 4, 0, -7, -1, 4, 129 }, // U+0318
    { 4, 4, 0, -7, -1, 4, 133 }, // U+0319
    { 5, 5, 90, 0, 14, 7, 137 }, // U+031A
    { 4, 7, 26, -2, 14, 7, 144 }, // U+031B
    { 3, 4, 0, -7, -1, 3, 151 }, // U+031C
    { 4, 3, 0, -7, -1, 3, 154 }, // U+031D
    { 4, 3, 0, -7, -2, 3, 157 }, // U+031E
    { 4, 4, 0, -7, -1, 4, 160 }, // U+031F
    { 5, 1, 0, -8, -2, 2, 164 }, // U+0320
    { 5, 6, 0, -5, 1, 8, 166 }, // U+0321
    { 6, 6, 0, -2, 2, 9, 174 }, // U+0322
    { 3, 3, 0, -7, -1, 3, 183 }, // U+0323
    { 7, 3, 0, -9, -1, 6, 186 }, // U+0324
    { 6, 5, 0, -8, -1, 8, 192 }, // U+0325
    { 4, 5, 0, -7, -1, 5, 200 }, // U+0326
    { 5, 5, 0, -7, 0, 7, 205 }, // U+0327
    { 5, 5, 0, -7, 1, 7, 212 }, // U+0328
    { 2, 3, 0, -6, -2, 2, 219 }, // U+0329
    { 5, 3, 0, -8, -1, 4, 221 }, // U+032A
    { 7, 5, 0, -9, -1, 9, 225 }, // U+032B
    { 7, 4, 0, -9, -1, 7, 234 }, // U+032C
    { 7, 5, 0, -9, 0, 9, 241 }, // U+032D
    { 6, 4, 0, -8, 0, 6, 250 }, // U+032E
    { 6, 3, 0, -8, -1, 5, 256 }, // U+032F
    { 8, 2, 0, -9, -2, 4, 261 }, // U+0330
    { 8, 1, 0, -9, -2, 2, 265 }, // U+0331
    { 14, 1, 0, -12, -2, 4, 267 }, // U+0332
    { 14, 3, 0, -12, -2, 11, 271 }, // U+0333
    { 8, 2, 0, -9, 6, 4, 282 }, // U+0334
    { 8, 1, 0, -9, 5, 2, 286 }, // U+0335
    { 11, 1, 0, -11, 5, 3, 288 }, // U+0336
    { 9, 13, 0, -10, 11, 30, 291 }, // U+0337
    { 9, 16, 0, -10, 13, 36, 321 }, // U+0338
    { 3, 4, 0, -7, -1, 3, 357 }, // U+0339
    { 5, 3, 0, -8, -1, 4, 360 }, // U+033A
    { 6, 4, 0, -8, -1, 6, 364 }, // U+033B
    { 7, 2, 0, -9, -2, 4, 370 }, // U+033C
    { 6, 4, 0, -8, 15, 6, 374 }, // U+033D
    { 3, 7, 0, -7, 17, 6, 380 }, // U+033E
    { 14, 3, 0, -12, 15, 11, 386 }, // U+033F
    { 5, 3, 0, -8, 13, 4, 397 }, // U+0346
    { 8, 3, 0, -9, -2, 6, 401 }, // U+0347
    { 4, 3, 0, -7, -2, 3, 407 }, // U+0348
    { 5, 5, 0, -8, 0, 7, 410 }, // U+0349
    { 8, 4, 0, -9, 15, 8, 417 }, // U+034A
    { 8, 5, 0, -9, 16, 10, 425 }, // U+034B
    { 10, 6, 0, -10, 16, 15, 435 }, // U+034C
    { 7, 3, 0, -9, -1, 6, 450 }, // U+034D
    { 4, 5, 0, -7, -1, 5, 456 }, // U+034E
    { 0, 0, 0, 0, 0, 0, 461 }, // U+034F
    { 9, 7, 0, -10, 18, 16, 461 }, // U+0350
    { 3, 5, 0, -7, 15, 4, 477 }, // U+0351
    { 6, 4, 0, -8, 15, 6, 481 }, // U+0352
    { 4, 4, 0, -7, -1, 4, 487 }, // U+0353
    { 9, 7, 0, -10, -1, 16, 491 }, // U+0354
    { 9, 7, 0, -10, 0, 16, 507 }, // U+0355
    { 16, 9, 0, -13, 1, 36, 523 }, // U+0356
    { 3, 5, 0, -7, 15, 4, 559 }, // U+0357
    { 3, 3, 41, 0, 15, 3, 563 }, // U+0358
    { 6, 7, 0, -8, 0, 11, 566 }, // U+0359
    { 9, 5, 0, -10, -1, 12, 577 }, // U+035A
    { 4, 5, 0, -7, 16, 5, 589 }, // U+035B
    { 16, 3, 0, -8, -5, 12, 594 }, // U+035C
    { 16, 3, 0, -8, 18, 12, 606 }, // U+035D
    { 14, 1, 0, -7, 18, 4, 618 }, // U+035E
    { 14, 1, 0, -7, -7, 4, 622 }, // U+035F
    { 18, 5, 0, -9, 20, 23, 626 }, // U+0360
    { 16, 3, 0, -8, 19, 12, 649 }, // U+0361
    { 18, 7, 0, -9, -4, 32, 661 }, // U+0362
    { 7, 6, 0, -9, 17, 11, 693 }, // U+0363
    { 6, 6, 0, -8, 17, 9, 704 }, // U+0364
    { 4, 8, 0, -7, 19, 8, 713 }, // U+0365
    { 7, 6, 0, -9, 17, 11, 721 }, // U+0366
    { 7, 7, 0, -9, 18, 13, 732 }, // U+0367
    { 5, 6, 0, -8, 17, 8, 745 }, // U+0368
    { 7, 9, 0, -9, 20, 16, 753 }, // U+0369
    { 7, 8, 0, -9, 19, 14, 769 }, // U+036A
    { 11, 6, 0, -11, 17, 17, 783 }, // U+036B
    { 5, 6, 0, -8, 17, 8, 800 }, // U+036C
    { 5, 8, 0, -8, 19, 10, 808 }, // U+036D
    { 7, 6, 0, -9, 17, 11, 818 }, // U+036E
    { 7, 6, 0, -9, 17, 11, 829 }, // U+036F
    { 13, 14, 194, 0, 14, 46, 0 }, // U+03BB
    { 11, 19, 175, 0, 19, 53, 0 }, // U+0400
    { 11, 18, 175, 0, 18, 50, 53 }, // U+0401
    { 13, 13, 216, 0, 13, 43, 103 }, // U+0402
    { 10, 19, 158, 0, 19, 48, 146 }, // U+0403
    { 12, 13, 187, 0, 13, 39, 194 }, // U+0404
    { 10, 13, 158, 0, 13, 33, 233 }, // U+0405
    { 6, 14, 99, 0, 14, 21, 266 }, // U+0406
    { 7, 18, 99, 0, 18, 32, 287 }, // U+0407
    { 9, 14, 145, 0, 14, 32, 319 }, // U+0408
    { 18, 13, 283, 0, 13, 59, 351 }, // U+0409
    { 17, 13, 278, 0, 13, 56, 410 }, // U+040A
    { 14, 13, 219, 0, 13, 46, 466 }, // U+040B
    { 13, 19, 192, 0, 19, 62, 512 }, // U+040C
    { 13, 19, 214, 0, 19, 62, 574 }, // U+040D
    { 14, 18, 209, 0, 18, 63, 636 }, // U+040E
    { 14, 17, 218, 0, 13, 60, 699 }, // U+040F
    { 13, 13, 202, 0, 13, 43, 759 }, // U+0410
    { 11, 13, 174, 0, 13, 36, 802 }, // U+0411
    { 11, 13, 181, 0, 13, 36, 838 }, // U+0412
    { 10, 13, 158, 0, 13, 33, 874 }, // U+0413
    { 13, 17, 213, 0, 13, 56, 907 }, // U+0414
    { 11, 13, 175, 0, 13, 36, 963 }, // U+0415
    { 17, 13, 267, 0, 13, 56, 999 }, // U+0416
    { 10, 13, 164, 0, 13, 33, 1055 }, // U+0417
    { 13, 13, 214, 0, 13, 43, 1088 }, // U+0418
    { 13, 18, 214, 0, 18, 59, 1131 }, // U+0419
    { 13, 13, 192, 0, 13, 43, 1190 }, // U+041A
    { 14, 13, 217, 0, 13, 46, 1233 }, // U+041B
    { 16, 13, 262, 0, 13, 52, 1279 }, // U+041C
    { 14, 13, 223, 0, 13, 46, 1331 }, // U+041D
    { 14, 13, 219, 0, 13, 46, 1377 }, // U+041E
    { 14, 13, 218, 0, 13, 46, 1423 }, // U+041F
    { 11, 13, 172, 0, 13, 36, 1469 }, // U+0420
    { 12, 13, 188, 0, 13, 39, 1505 }, // U+0421
    { 12, 13, 180, 0, 13, 39, 1544 }, // U+0422
    { 14, 13, 209, 0, 13, 46, 1583 }, // U+0423
    { 15, 13, 246, 0, 13, 49, 1629 }, // U+0424
    { 12, 13, 190, 0, 13, 39, 1678 }, // U+0425
    { 14, 17, 218, 0, 13, 60, 1717 }, // U+0426
    { 12, 13, 197, 0, 13, 39, 1777 }, // U+0427
    { 18, 13, 291, 0, 13, 59, 1816 }, // U+0428
    { 18, 17, 290, 0, 13, 77, 1875 }, // U+0429
    { 12, 13, 201, 0, 13, 39, 1952 }, // U+042A
    { 16, 13, 250, 0, 13, 52, 1991 }, // U+042B
    { 11, 13, 174, 0, 13, 36, 2043 }, // U+042C
    { 12, 13, 187, 0, 13, 39, 2079 }, // U+042D
    { 18, 13, 293, 0, 13, 59, 2118 }, // U+042E
    { 12, 13, 194, 0, 13, 39, 2177 }, // U+042F
    { 10, 10, 154, 0, 10, 25, 2216 }, // U+0430
    { 10, 14, 160, 0, 14, 35, 2241 }, // U+0431
    { 9, 9, 151, 0, 9, 21, 2276 }, // U+0432
    { 8, 9, 132, 0, 9, 18, 2297 }, // U+0433
    { 11, 12, 172, 0, 9, 33, 2315 }, // U+0434
    { 9, 10, 147, 0, 10, 23, 2348 }, // U+0435
    { 14, 10, 209, 0, 10, 35, 2371 }, // U+0436
    { 8, 10, 133, 0, 10, 20, 2406 }, // U+0437
    { 11, 9, 181, 0, 9, 25, 2426 }, // U+0438
    { 11, 14, 181, 0, 14, 39, 2451 }, // U+0439
    { 10, 10, 159, 0, 10, 25, 2490 }, // U+043A
    { 11, 9, 176, 0, 9, 25, 2515 }, // U+043B
    { 13, 9, 213, 0, 9, 30, 2540 }, // U+043C
    { 11, 9, 179, 0, 9, 25, 2570 }, // U+043D
    { 10, 10, 163, 0, 10, 25, 2595 }, // U+043E
    { 11, 9, 169, 0, 9, 25, 2620 }, // U+043F
    { 10, 13, 168, 0, 9, 33, 2645 }, // U+0440
    { 9, 10, 141, 0, 10, 23, 2678 }, // U+0441
    { 9, 9, 147, 0, 9, 21, 2701 }, // U+0442
    { 10, 14, 159, 0, 9, 35, 2722 }, // U+0443
    { 14, 18, 218, 0, 14, 63, 2757 }, // U+0444
    { 10, 9, 153, 0, 9, 23, 2820 }, // U+0445
    { 11, 12, 169, 0, 9, 33, 2843 }, // U+0446
    { 10, 9, 158, 0, 9, 23, 2876 }, // U+0447
    { 15, 9, 241, 0, 9, 34, 2899 }, // U+0448
    { 15, 12, 241, 0, 9, 45, 2933 }, // U+0449
    { 10, 9, 168, 0, 9, 23, 2978 }, // U+044A
    { 13, 9, 206, 0, 9, 30, 3001 }, // U+044B
    { 9, 9, 144, 0, 9, 21, 3031 }, // U+044C
    { 9, 10, 138, 0, 10, 23, 3052 }, // U+044D
    { 14, 10, 222, 0, 10, 35, 3075 }, // U+044E
    { 10, 10, 154, 0, 10, 25, 3110 }, // U+044F
    { 9, 15, 147, 0, 15, 34, 3135 }, // U+0450
    { 9, 15, 147, 0, 15, 34, 3169 }, // U+0451
    { 11, 17, 172, 0, 14, 47, 3203 }, // U+0452
    { 8, 15, 132, 0, 15, 30, 3250 }, // U+0453
    { 9, 10, 137, 0, 10, 23, 3280 }, // U+0454
    { 8, 10, 122, 0, 10, 20, 3303 }, // U+0455
    { 6, 15, 91, 0, 15, 23, 3323 }, // U+0456
    { 7, 15, 91, -1, 15, 27, 3346 }, // U+0457
    { 7, 19, 88, -2, 15, 34, 3373 }, // U+0458
    { 14, 9, 229, 0, 9, 32, 3407 }, // U+0459
    { 15, 9, 233, 0, 9, 34, 3439 }, // U+045A
    { 11, 14, 172, 0, 14, 39, 3473 }, // U+045B
    { 10, 15, 159, 0, 15, 38, 3512 }, // U+045C
    { 11, 15, 181, 0, 15, 42, 3550 }, // U+045D
    { 10, 19, 159, 0, 14, 48, 3592 }, // U+045E
    { 11, 13, 169, 0, 9, 36, 3640 }, // U+045F
    { 13, 13, 204, 0, 13, 43, 3676 }, // U+0462
    { 10, 10, 156, 0, 10, 25, 3719 }, // U+0463
    { 14, 13, 217, 0, 13, 46, 3744 }, // U+0472
    { 10, 10, 160, 0, 10, 25, 3790 }, // U+0473
    { 15, 14, 234, 0, 14, 53, 3815 }, // U+0474
    { 12, 9, 181, 0, 9, 27, 3868 }, // U+0475
    { 13, 21, 214, 0, 18, 69, 3895 }, // U+048A
    { 11, 17, 181, 0, 14, 47, 3964 }, // U+048B
    { 11, 15, 174, 0, 15, 42, 4011 }, // U+048C
    { 9, 11, 144, 0, 11, 25, 4053 }, // U+048D
    { 11, 13, 174, 0, 13, 36, 4078 }, // U+048E
    { 10, 13, 168, 0, 9, 33, 4114 }, // U+048F
    { 9, 16, 144, 0, 16, 36, 4147 }, // U+0490
    { 8, 11, 120, 0, 11, 22, 4183 }, // U+0491
    { 10, 13, 158, 0, 13, 33, 4205 }, // U+0492
    { 8, 9, 132, 0, 9, 18, 4238 }, // U+0493
    { 11, 17, 182, 0, 13, 47, 4256 }, // U+0494
    { 10, 13, 156, 0, 9, 33, 4303 }, // U+0495
    { 17, 18, 267, 0, 13, 77, 4336 }, // U+0496
    { 14, 14, 209, 0, 10, 49, 4413 }, // U+0497
    { 10, 16, 164, 0, 13, 40, 4462 }, // U+0498
    { 8, 13, 133, 0, 10, 26, 4502 }, // U+0499
    { 13, 17, 193, 0, 13, 56, 4528 }, // U+049A
    { 10, 14, 159, 0, 10, 35, 4584 }, // U+049B
    { 13, 13, 196, 0, 13, 43, 4619 }, // U+049C
    { 11, 10, 162, 0, 10, 28, 4662 }, // U+049D
    { 13, 13, 192, 0, 13, 43, 4690 }, // U+049E
    { 10, 14, 159, 0, 14, 35, 4733 }, // U+049F
    { 14, 13, 223, 0, 13, 46, 4768 }, // U+04A0
    { 12, 10, 184, 0, 10, 30, 4814 }, // U+04A1
    { 14, 17, 223, 0, 13, 60, 4844 }, // U+04A2
    { 11, 12, 179, 0, 9, 33, 4904 }, // U+04A3
    { 16, 13, 253, 0, 13, 52, 4937 }, // U+04A4
    { 13, 9, 206, 0, 9, 30, 4989 }, // U+04A5
    { 18, 17, 293, 0, 13, 77, 5019 }, // U+04A6
    { 14, 13, 230, 0, 9, 46, 5096 }, // U+04A7
    { 15, 14, 239, 0, 14, 53, 5142 }, // U+04A8
    { 12, 10, 181, 0, 10, 30, 5195 }, // U+04A9
    { 12, 16, 188, 0, 13, 48, 5225 }, // U+04AA
    { 9, 13, 140, 0, 10, 30, 5273 }, // U+04AB
    { 12, 17, 180, 0, 13, 51, 5303 }, // U+04AC
    { 9, 12, 147, 0, 9, 27, 5354 }, // U+04AD
    { 12, 13, 188, 0, 13, 39, 5381 }, // U+04AE
    { 11, 14, 170, 0, 10, 39, 5420 }, // U+04AF
    { 12, 13, 188, 0, 13, 39, 5459 }, // U+04B0
    { 11, 14, 170, 0, 10, 39, 5498 }, // U+04B1
    { 12, 17, 190, 0, 13, 51, 5537 }, // U+04B2
    { 10, 12, 153, 0, 9, 30, 5588 }, // U+04B3
    { 15, 17, 246, 0, 13, 64, 5618 }, // U+04B4
    { 12, 12, 193, 0, 9, 36, 5682 }, // U+04B5
    { 12, 17, 197, 0, 13, 51, 5718 }, // U+04B6
    { 10, 12, 158, 0, 9, 30, 5769 }, // U+04B7
    { 12, 13, 197, 0, 13, 39, 5799 }, // U+04B8
    { 11, 9, 167, 0, 9, 25, 5838 }, // U+04B9
    { 12, 13, 191, 0, 13, 39, 5863 }, // U+04BA
    { 11, 15, 172, 0, 15, 42, 5902 }, // U+04BB
    { 16, 13, 238, -1, 13, 52, 5944 }, // U+04BC
    { 11, 10, 181, 0, 10, 28, 5996 }, // U+04BD
    { 16, 17, 238, -1, 13, 68, 6024 }, // U+04BE
    { 11, 13, 181, 0, 10, 36, 6092 }, // U+04BF
    { 6, 14, 99, 0, 14, 21, 6128 }, // U+04C0
    { 17, 18, 267, 0, 18, 77, 6149 }, // U+04C1
    { 14, 14, 209, 0, 14, 49, 6226 }, // U+04C2
    { 12, 17, 192, 0, 13, 51, 6275 }, // U+04C3
    { 10, 14, 159, 0, 10, 35, 6326 }, // U+04C4
    { 14, 16, 217, 0, 13, 56, 6361 }, // U+04C5
    { 11, 13, 176, 0, 10, 36, 6417 }, // U+04C6
    { 14, 17, 223, 0, 13, 60, 6453 }, // U+04C7
    { 11, 13, 179, 0, 9, 36, 6513 }, // U+04C8
    { 14, 16, 223, 0, 13, 56, 6549 }, // U+04C9
    { 11, 12, 179, 0, 9, 33, 6605 }, // U+04CA
    { 12, 17, 197, 0, 13, 51, 6638 }, // U+04CB
    { 10, 12, 158, 0, 9, 30, 6689 }, // U+04CC
    { 16, 16, 262, 0, 13, 64, 6719 }, // U+04CD
    { 13, 12, 213, 0, 9, 39, 6783 }, // U+04CE
    { 6, 14, 89, 0, 14, 21, 6822 }, // U+04CF
    { 13, 18, 202, 0, 18, 59, 6843 }, // U+04D0
    { 10, 14, 154, 0, 14, 35, 6902 }, // U+04D1
    { 13, 18, 202, 0, 18, 59, 6937 }, // U+04D2
    { 10, 15, 154, 0, 15, 38, 6996 }, // U+04D3
    { 18, 14, 280, 0, 14, 63, 7034 }, // U+04D4
    { 14, 10, 216, 0, 10, 35, 7097 }, // U+04D5
    { 11, 18, 175, 0, 18, 50, 7132 }, // U+04D6
    { 9, 14, 147, 0, 14, 32, 7182 }, // U+04D7
    { 12, 13, 199, 0, 13, 39, 7214 }, // U+04D8
    { 9, 10, 147, 0, 10, 23, 7253 }, // U+04D9
    { 12, 18, 199, 0, 18, 54, 7276 }, // U+04DA
    { 9, 15, 147, 0, 15, 34, 7330 }, // U+04DB
    { 17, 18, 267, 0, 18, 77, 7364 }, // U+04DC
    { 14, 15, 209, 0, 15, 53, 7441 }, // U+04DD
    { 10, 18, 164, 0, 18, 45, 7494 }, // U+04DE
    { 8, 15, 133, 0, 15, 30, 7539 }, // U+04DF
    { 11, 13, 174, 0, 13, 36, 7569 }, // U+04E0
    { 10, 14, 157, 0, 10, 35, 7605 }, // U+04E1
    { 13, 17, 214, 0, 17, 56, 7640 }, // U+04E2
    { 11, 13, 181, 0, 13, 36, 7696 }, // U+04E3
    { 13, 18, 214, 0, 18, 59, 7732 }, // U+04E4
    { 11, 15, 181, 0, 15, 42, 7791 }, // U+04E5
    { 14, 18, 219, 0, 18, 63, 7833 }, // U+04E6
    { 10, 15, 163, 0, 15, 38, 7896 }, // U+04E7
    { 14, 14, 219, 0, 14, 49, 7934 }, // U+04E8
    { 10, 10, 163, 0, 10, 25, 7983 }, // U+04E9
    { 14, 18, 219, 0, 18, 63, 8008 }, // U+04EA
    { 10, 15, 163, 0, 15, 38, 8071 }, // U+04EB
    { 12, 18, 187, 0, 18, 54, 8109 }, // U+04EC
    { 9, 15, 138, 0, 15, 34, 8163 }, // U+04ED
    { 14, 17, 209, 0, 17, 60, 8197 }, // U+04EE
    { 10, 18, 159, 0, 13, 45, 8257 }, // U+04EF
    { 14, 18, 209, 0, 18, 63, 8302 }, // U+04F0
    { 10, 20, 159, 0, 15, 50, 8365 }, // U+04F1
    { 14, 19, 209, 0, 19, 67, 8415 }, // U+04F2
    { 10, 20, 159, 0, 15, 50, 8482 }, // U+04F3
    { 12, 18, 197, 0, 18, 54, 8532 }, // U+04F4
    { 10, 15, 158, 0, 15, 38, 8586 }, // U+04F5
    { 10, 17, 158, 0, 13, 43, 8624 }, // U+04F6
    { 8, 13, 132, 0, 9, 26, 8667 }, // U+04F7
    { 16, 18, 250, 0, 18, 72, 8693 }, // U+04F8
    { 13, 15, 206, 0, 15, 49, 8765 }, // U+04F9
    { 10, 17, 158, 0, 13, 43, 8814 }, // U+04FA
    { 8, 13, 132, 0, 9, 26, 8857 }, // U+04FB
    { 12, 17, 188, 0, 13, 51, 8883 }, // U+04FC
    { 10, 13, 153, 0, 9, 33, 8934 }, // U+04FD
    { 12, 13, 190, 0, 13, 39, 8967 }, // U+04FE
    { 10, 9, 153, 0, 9, 23, 9006 }, // U+04FF
    { 13, 18, 202, 0, 14, 59, 0 }, // U+1EA0
    { 10, 14, 153, 0, 10, 35, 59 }, // U+1EA1
    { 13, 20, 202, 0, 20, 65, 94 }, // U+1EA2
    { 10, 16, 153, 0, 16, 40, 159 }, // U+1EA3
    { 13, 22, 202, 0, 22, 72, 199 }, // U+1EA4
    { 10, 19, 153, 0, 19, 48, 271 }, // U+1EA5
    { 13, 22, 202, 0, 22, 72, 319 }, // U+1EA6
    { 10, 19, 153, 0, 19, 48, 391 }, // U+1EA7
    { 13, 24, 202, 0, 24, 78, 439 }, // U+1EA8
    { 10, 20, 153, 0, 20, 50, 517 }, // U+1EA9
    { 13, 22, 202, 0, 22, 72, 567 }, // U+1EAA
    { 10, 18, 153, 0, 18, 45, 639 }, // U+1EAB
    { 13, 23, 202, 0, 19, 75, 684 }, // U+1EAC
    { 10, 19, 153, 0, 15, 48, 759 }, // U+1EAD
    { 13, 22, 202, 0, 22, 72, 807 }, // U+1EAE
    { 10, 19, 153, 0, 19, 48, 879 }, // U+1EAF
    { 13, 22, 202, 0, 22, 72, 927 }, // U+1EB0
    { 10, 19, 153, 0, 19, 48, 999 }, // U+1EB1
    { 13, 24, 202, 0, 24, 78, 1047 }, // U+1EB2
    { 10, 20, 153, 0, 20, 50, 1125 }, // U+1EB3
    { 13, 22, 202, 0, 22, 72, 1175 }, // U+1EB4
    { 10, 18, 153, 0, 18, 45, 1247 }, // U+1EB5
    { 13, 22, 202, 0, 18, 72, 1292 }, // U+1EB6
    { 10, 19, 153, 0, 15, 48, 1364 }, // U+1EB7
    { 11, 18, 175, 0, 14, 50, 1412 }, // U+1EB8
    { 9, 14, 147, 0, 10, 32, 1462 }, // U+1EB9
    { 11, 20, 175, 0, 20, 55, 1494 }, // U+1EBA
    { 9, 16, 147, 0, 16, 36, 1549 }, // U+1EBB
    { 11, 18, 175, 0, 18, 50, 1585 }, // U+1EBC
    { 9, 14, 147, 0, 14, 32, 1635 }, // U+1EBD
    { 11, 22, 175, 0, 22, 61, 1667 }, // U+1EBE
    { 9, 19, 147, 0, 19, 43, 1728 }, // U+1EBF
    { 11, 22, 175, 0, 22, 61, 1771 }, // U+1EC0
    { 9, 19, 147, 0, 19, 43, 1832 }, // U+1EC1
    { 11, 24, 175, 0, 24, 66, 1875 }, // U+1EC2
    { 9, 20, 147, 0, 20, 45, 1941 }, // U+1EC3
    { 11, 22, 175, 0, 22, 61, 1986 }, // U+1EC4
    { 9, 18, 147, 0, 18, 41, 2047 }, // U+1EC5
    { 11, 23, 175, 0, 19, 64, 2088 }, // U+1EC6
    { 9, 19, 147, 0, 15, 43, 2152 }, // U+1EC7
    { 6, 20, 99, 0, 20, 30, 2195 }, // U+1EC8
    { 6, 16, 91, 0, 16, 24, 2225 }, // U+1EC9
    { 6, 18, 99, 0, 14, 27, 2249 }, // U+1ECA
    { 6, 19, 91, 0, 15, 29, 2276 }, // U+1ECB
    { 14, 18, 219, 0, 14, 63, 2305 }, // U+1ECC
    { 10, 14, 163, 0, 10, 35, 2368 }, // U+1ECD
    { 14, 20, 219, 0, 20, 70, 2403 }, // U+1ECE
    { 10, 16, 163, 0, 16, 40, 2473 }, // U+1ECF
    { 14, 22, 219, 0, 22, 77, 2513 }, // U+1ED0
    { 10, 19, 163, 0, 19, 48, 2590 }, // U+1ED1
    { 14, 22, 219, 0, 22, 77, 2638 }, // U+1ED2
    { 10, 19, 163, 0, 19, 48, 2715 }, // U+1ED3
    { 14, 24, 219, 0, 24, 84, 2763 }, // U+1ED4
    { 10, 20, 163, 0, 20, 50, 2847 }, // U+1ED5
    { 14, 22, 219, 0, 22, 77, 2897 }, // U+1ED6
    { 10, 18, 163, 0, 18, 45, 2974 }, // U+1ED7
    { 14, 23, 219, 0, 19, 81, 3019 }, // U+1ED8
    { 10, 19, 163, 0, 15, 48, 3100 }, // U+1ED9
    { 16, 19, 243, 0, 19, 76, 3148 }, // U+1EDA
    { 12, 15, 189, 0, 15, 45, 3224 }, // U+1EDB
    { 16, 19, 243, 0, 19, 76, 3269 }, // U+1EDC
    { 12, 15, 189, 0, 15, 45, 3345 }, // U+1EDD
    { 16, 20, 243, 0, 20, 80, 3390 }, // U+1EDE
    { 12, 16, 189, 0, 16, 48, 3470 }, // U+1EDF
    { 16, 18, 243, 0, 18, 72, 3518 }, // U+1EE0
    { 12, 14, 189, 0, 14, 42, 3590 }, // U+1EE1
    { 16, 22, 243, 0, 18, 88, 3632 }, // U+1EE2
    { 12, 17, 189, 0, 13, 51, 3720 }, // U+1EE3
    { 14, 18, 214, 0, 14, 63, 3771 }, // U+1EE4
    { 11, 14, 171, 0, 10, 39, 3834 }, // U+1EE5
    { 14, 20, 214, 0, 20, 70, 3873 }, // U+1EE6
    { 11, 16, 171, 0, 16, 44, 3943 }, // U+1EE7
    { 16, 19, 248, 0, 19, 76, 3987 }, // U+1EE8
    { 13, 15, 194, 0, 15, 49, 4063 }, // U+1EE9
    { 16, 19, 248, 0, 19, 76, 4112 }, // U+1EEA
    { 13, 15, 194, 0, 15, 49, 4188 }, // U+1EEB
    { 16, 20, 248, 0, 20, 80, 4237 }, // U+1EEC
    { 13, 16, 194, 0, 16, 52, 4317 }, // U+1EED
    { 16, 18, 248, 0, 18, 72, 4369 }, // U+1EEE
    { 13, 14, 194, 0, 14, 46, 4441 }, // U+1EEF
    { 16, 22, 248, 0, 18, 88, 4487 }, // U+1EF0
    { 13, 18, 194, 0, 14, 59, 4575 }, // U+1EF1
    { 12, 19, 188, 0, 19, 57, 4634 }, // U+1EF2
    { 10, 19, 159, 0, 15, 48, 4691 }, // U+1EF3
    { 12, 18, 188, 0, 14, 54, 4739 }, // U+1EF4
    { 10, 14, 159, 0, 10, 35, 4793 }, // U+1EF5
    { 12, 20, 188, 0, 20, 60, 4828 }, // U+1EF6
    { 10, 20, 159, 0, 16, 50, 4888 }, // U+1EF7
    { 12, 18, 188, 0, 18, 54, 4938 }, // U+1EF8
    { 10, 18, 159, 0, 14, 45, 4992 }, // U+1EF9
    { 0, 0, 150, 0, 0, 0, 0 }, // U+2000
    { 0, 0, 300, 0, 0, 0, 0 }, // U+2001
    { 0, 0, 150, 0, 0, 0, 0 }, // U+2002
    { 0, 0, 300, 0, 0, 0, 0 }, // U+2003
    { 0, 0, 96, 0, 0, 0, 0 }, // U+2004
    { 0, 0, 72, 0, 0, 0, 0 }, // U+2005
    { 0, 0, 48, 0, 0, 0, 0 }, // U+2006
    { 0, 0, 169, 0, 0, 0, 0 }, // U+2007
    { 0, 0, 84, 0, 0, 0, 0 }, // U+2008
    { 0, 0, 60, 0, 0, 0, 0 }, // U+2009
    { 0, 0, 6, 0, 0, 0, 0 }, // U+200A
    { 0, 0, 0, 0, 0, 0, 0 }, // U+200B
    { 0, 0, 0, 0, 0, 0, 0 }, // U+200C
    { 0, 0, 0, 0, 0, 0, 0 }, // U+200D
    { 0, 0, 0, 0, 0, 0, 0 }, // U+200E
    { 0, 0, 0, 0, 0, 0, 0 }, // U+200F
    { 6, 1, 96, 0, 5, 2, 0 }, // U+2010
    { 6, 1, 96, 0, 5, 2, 2 }, // U+2011
    { 11, 1, 169, 0, 5, 3, 4 }, // U+2012
    { 10, 1, 150, 0, 5, 3, 7 }, // U+2013
    { 19, 1, 300, 0, 5, 5, 10 }, // U+2014
    { 20, 1, 292, -1, 5, 5, 15 }, // U+2015
    { 6, 22, 155, 2, 17, 33, 20 }, // U+2016
    { 13, 3, 201, 0, -2, 10, 53 }, // U+2017
    { 4, 6, 74, 0, 15, 6, 63 }, // U+2018
    { 3, 6, 74, 1, 15, 5, 69 }, // U+2019
    { 3, 7, 74, 1, 3, 6, 74 }, // U+201A
    { 4, 6, 74, 0, 15, 6, 80 }, // U+201B
    { 8, 6, 136, 0, 15, 12, 86 }, // U+201C
    { 7, 6, 136, 1, 15, 11, 98 }, // U+201D
    { 7, 7, 136, 1, 3, 13, 109 }, // U+201E
    { 8, 6, 136, 0, 15, 12, 122 }, // U+201F
    { 10, 18, 150, 0, 16, 45, 134 }, // U+2020
    { 10, 18, 150, 0, 15, 45, 179 }, // U+2021
    { 6, 5, 90, 0, 10, 8, 224 }, // U+2022
    { 9, 8, 144, 0, 9, 18, 232 }, // U+2023
    { 3, 3, 87, 1, 3, 3, 250 }, // U+2024
    { 10, 3, 187, 1, 3, 8, 253 }, // U+2025
    { 17, 3, 300, 1, 3, 13, 261 }, // U+2026
    { 3, 3, 56, 0, 9, 3, 274 }, // U+2027
    { 0, 0, 0, 0, 0, 0, 277 }, // U+2028
    { 0, 0, 0, 0, 0, 0, 277 }, // U+2029
    { 0, 0, 0, 0, 0, 0, 277 }, // U+202A
    { 0, 0, 0, 0, 0, 0, 277 }, // U+202B
    { 0, 0, 0, 0, 0, 0, 277 }, // U+202C
    { 0, 0, 0, 0, 0, 0, 277 }, // U+202D
    { 0, 0, 0, 0, 0, 0, 277 }, // U+202E
    { 0, 0, 60, 0, 0, 0, 277 }, // U+202F
    { 21, 14, 340, 0, 14, 74, 277 }, // U+2030
    { 28, 14, 446, 0, 14, 98, 351 }, // U+2031
    { 5, 6, 75, 0, 14, 8, 449 }, // U+2032
    { 9, 6, 128, 0, 14, 14, 457 }, // U+2033
    { 12, 6, 181, 0, 14, 18, 471 }, // U+2034
    { 5, 6, 75, 0, 14, 8, 489 }, // U+2035
    { 9, 6, 128, 0, 14, 14, 497 }, // U+2036
    { 12, 6, 181, 0, 14, 18, 511 }, // U+2037
    { 5, 3, 77, 0, 0, 4, 529 }, // U+2038
    { 5, 10, 73, 0, 10, 13, 533 }, // U+2039
    { 5, 10, 73, 0, 10, 13, 546 }, // U+203A
    { 11, 12, 227, 2, 11, 33, 559 }, // U+203B
    { 7, 14, 171, 2, 14, 25, 592 }, // U+203C
    { 9, 14, 146, 0, 14, 32, 617 }, // U+203D
    { 12, 1, 163, -1, 16, 3, 649 }, // U+203E
    { 6, 3, 89, 0, -1, 5, 652 }, // U+203F
    { 6, 3, 89, 0, 14, 5, 657 }, // U+2040
    { 8, 14, 135, 0, 10, 28, 662 }, // U+2041
    { 17, 16, 303, 1, 15, 68, 690 }, // U+2042
    { 10, 15, 152, 0, 15, 38, 758 }, // U+2044
    { 9, 14, 167, 1, 10, 32, 796 }, // U+204A
    { 13, 4, 300, 3, 8, 13, 828 }, // U+2053
    { 15, 6, 233, 0, 14, 23, 841 }, // U+2057
    { 0, 0, 0, 0, 0, 0, 864 }, // U+2060
    { 0, 0, 0, 0, 0, 0, 864 }, // U+2061
    { 0, 0, 0, 0, 0, 0, 864 }, // U+2062
    { 0, 0, 0, 0, 0, 0, 864 }, // U+2063
    { 0, 0, 0, 0, 0, 0, 864 }, // U+2064
    { 0, 0, 0, 0, 0, 0, 864 }, // U+2066
    { 0, 0, 0, 0, 0, 0, 864 }, // U+2067
    { 0, 0, 0, 0, 0, 0, 864 }, // U+2068
    { 0, 0, 0, 0, 0, 0, 864 }, // U+2069
    { 0, 0, 0, 0, 0, 0, 864 }, // U+206A
    { 0, 0, 0, 0, 0, 0, 864 }, // U+206B
    { 0, 0, 0, 0, 0, 0, 864 }, // U+206C
    { 0, 0, 0, 0, 0, 0, 864 }, // U+206D
    { 0, 0, 0, 0, 0, 0, 864 }, // U+206E
    { 0, 0, 0, 0, 0, 0, 864 }, // U+206F
    { 7, 9, 110, 0, 16, 16, 0 }, // U+2070
    { 4, 10, 61, 0, 17, 10, 16 }, // U+2071
    { 7, 10, 110, 0, 17, 18, 26 }, // U+2074
    { 7, 8, 110, 0, 15, 14, 44 }, // U+2075
    { 7, 9, 110, 0, 16, 16, 58 }, // U+2076
    { 7, 8, 110, 0, 16, 14, 74 }, // U+2077
    { 7, 9, 110, 0, 16, 16, 88 }, // U+2078
    { 7, 9, 110, 0, 16, 16, 104 }, // U+2079
    { 5, 4, 73, 0, 14, 5, 120 }, // U+207A
    { 4, 1, 62, 0, 12, 1, 125 }, // U+207B
    { 6, 3, 86, 0, 13, 5, 126 }, // U+207C
    { 5, 10, 73, 0, 16, 13, 131 }, // U+207D
    { 4, 10, 73, 0, 16, 10, 144 }, // U+207E
    { 7, 6, 112, 0, 14, 11, 154 }, // U+207F
    { 7, 8, 110, 0, 4, 14, 165 }, // U+2080
    { 6, 8, 110, 0, 4, 12, 179 }, // U+2081
    { 7, 8, 110, 0, 4, 14, 191 }, // U+2082
    { 7, 8, 110, 0, 4, 14, 205 }, // U+2083
    { 7, 9, 110, 0, 4, 16, 219 }, // U+2084
    { 7, 8, 110, 0, 4, 14, 235 }, // U+2085
    { 7, 8, 110, 0, 4, 14, 249 }, // U+2086
    { 7, 8, 110, 0, 4, 14, 263 }, // U+2087
    { 7, 8, 110, 0, 4, 14, 277 }, // U+2088
    { 7, 8, 110, 0, 4, 14, 291 }, // U+2089
    { 5, 5, 73, 0, 3, 7, 305 }, // U+208A
    { 4, 2, 62, 0, 1, 2, 312 }, // U+208B
    { 6, 4, 86, 0, 2, 6, 314 }, // U+208C
    { 5, 11, 73, 0, 5, 14, 320 }, // U+208D
    { 4, 11, 73, 0, 5, 11, 334 }, // U+208E
    { 7, 6, 100, 0, 2, 11, 345 }, // U+2090
    { 6, 6, 97, 0, 2, 9, 356 }, // U+2091
    { 7, 6, 108, 0, 1, 11, 365 }, // U+2092
    { 7, 6, 101, 0, 2, 11, 376 }, // U+2093
    { 6, 6, 97, 0, 1, 9, 387 }, // U+2094
    { 7, 9, 116, 0, 5, 16, 396 }, // U+2095
    { 7, 9, 107, 0, 5, 16, 412 }, // U+2096
    { 4, 9, 63, 0, 5, 9, 428 }, // U+2097
    { 11, 6, 170, 0, 1, 17, 437 }, // U+2098
    { 7, 6, 115, 0, 1, 11, 454 }, // U+2099
    { 7, 8, 115, 0, 1, 14, 465 }, // U+209A
    { 5, 6, 85, 0, 2, 8, 479 }, // U+209B
    { 5, 8, 70, 0, 4, 10, 487 }, // U+209C
    { 10, 14, 169, 0, 14, 35, 0 }, // U+20A0
    { 11, 17, 169, 0, 15, 47, 35 }, // U+20A1
    { 10, 14, 169, 0, 14, 35, 82 }, // U+20A2
    { 10, 14, 169, 0, 14, 35, 117 }, // U+20A3
    { 10, 14, 169, 0, 14, 35, 152 }, // U+20A4
    { 11, 14, 169, 0, 12, 39, 187 }, // U+20A5
    { 10, 14, 169, 0, 14, 35, 226 }, // U+20A6
    { 20, 14, 314, 0, 14, 70, 261 }, // U+20A7
    { 17, 14, 276, 0, 14, 60, 331 }, // U+20A8
    { 11, 14, 169, 0, 14, 39, 391 }, // U+20A9
    { 10, 10, 150, 0, 10, 25, 430 }, // U+20AA
    { 11, 17, 169, 0, 15, 47, 455 }, // U+20AB
    { 11, 14, 169, -1, 14, 39, 502 }, // U+20AC
    { 11, 14, 169, 0, 14, 39, 541 }, // U+20AD
    { 10, 14, 169, 0, 14, 35, 580 }, // U+20AE
    { 14, 14, 228, 0, 11, 49, 615 }, // U+20AF
    { 7, 14, 133, 0, 14, 25, 664 }, // U+20B0
    { 11, 14, 169, 0, 14, 39, 689 }, // U+20B1
    { 11, 17, 169, 0, 15, 47, 728 }, // U+20B2
    { 11, 14, 169, 0, 14, 39, 775 }, // U+20B3
    { 9, 14, 169, 1, 14, 32, 814 }, // U+20B4
    { 10, 17, 169, 0, 15, 43, 846 }, // U+20B5
    { 9, 14, 169, 1, 14, 32, 889 }, // U+20B6
    { 10, 14, 169, 0, 14, 35, 921 }, // U+20B7
    { 10, 14, 169, 0, 14, 35, 956 }, // U+20B8
    { 9, 14, 169, 1, 13, 32, 991 }, // U+20B9
    { 10, 14, 169, 0, 14, 35, 1023 }, // U+20BA
    { 13, 15, 213, 0, 15, 49, 1058 }, // U+20BB
    { 17, 16, 276, 0, 16, 68, 1107 }, // U+20BC
    { 10, 14, 169, 0, 14, 35, 1175 }, // U+20BD
    { 10, 15, 169, 0, 15, 38, 1210 }, // U+20BE
    { 10, 18, 169, 0, 15, 45, 1248 }, // U+20BF
    { 11, 14, 169, 0, 14, 39, 1293 }, // U+20C0
    { 7, 14, 119, 0, 13, 25, 0 }, // U+2113
    { 17, 7, 300, 1, 9, 30, 0 }, // U+2190
    { 7, 17, 150, 1, 14, 30, 30 }, // U+2191
    { 17, 7, 300, 1, 9, 30, 60 }, // U+2192
    { 7, 17, 150, 1, 14, 30, 90 }, // U+2193
    { 17, 7, 300, 1, 9, 30, 120 }, // U+2194
    { 7, 17, 150, 1, 14, 30, 150 }, // U+2195
    { 13, 13, 300, 3, 12, 43, 180 }, // U+2196
    { 13, 13, 300, 3, 12, 43, 223 }, // U+2197
    { 13, 13, 300, 3, 12, 43, 266 }, // U+2198
    { 13, 13, 300, 3, 12, 43, 309 }, // U+2199
    { 17, 8, 289, 1, 9, 34, 352 }, // U+219A
    { 17, 9, 289, 1, 10, 39, 386 }, // U+219B
    { 10, 19, 150, 0, 14, 48, 425 }, // U+21A8
    { 17, 8, 300, 1, 9, 34, 473 }, // U+21AE
    { 15, 11, 243, 0, 12, 42, 507 }, // U+21B6
    { 16, 11, 243, 0, 12, 44, 549 }, // U+21B7
    { 16, 12, 243, 0, 11, 48, 593 }, // U+21BA
    { 15, 12, 243, 0, 11, 45, 641 }, // U+21BB
    { 19, 9, 296, 0, 10, 43, 686 }, // U+21D0
    { 9, 18, 150, 0, 14, 41, 729 }, // U+21D1
    { 19, 9, 296, 0, 10, 43, 770 }, // U+21D2
    { 9, 18, 150, 0, 14, 41, 813 }, // U+21D3
    { 19, 9, 300, 0, 10, 43, 854 }, // U+21D4
    { 9, 18, 150, 0, 14, 41, 897 }, // U+21D5
    { 10, 15, 155, 0, 13, 38, 0 }, // U+2202
    { 9, 13, 168, 1, 12, 30, 38 }, // U+2203
    { 9, 18, 168, 1, 15, 41, 68 }, // U+2204
    { 15, 16, 300, 2, 15, 60, 109 }, // U+2205
    { 13, 14, 192, 0, 14, 46, 169 }, // U+2206
    { 14, 13, 224, 0, 13, 46, 215 }, // U+220F
    { 11, 14, 175, 0, 14, 39, 261 }, // U+2211
    { 13, 2, 300, 3, 6, 7, 300 }, // U+2212
    { 12, 12, 289, 3, 11, 36, 307 }, // U+2213
    { 10, 16, 147, 0, 14, 40, 343 }, // U+2215
    { 3, 3, 56, 0, 9, 3, 383 }, // U+2219
    { 11, 14, 173, 0, 14, 39, 386 }, // U+221A
    { 13, 6, 300, 3, 8, 20, 425 }, // U+221E
    { 10, 11, 151, 0, 10, 28, 445 }, // U+2221
    { 6, 20, 155, 2, 15, 30, 473 }, // U+2225
    { 10, 20, 155, 0, 15, 50, 503 }, // U+2226
    { 9, 9, 174, 1, 11, 21, 553 }, // U+2227
    { 9, 9, 174, 1, 11, 21, 574 }, // U+2228
    { 9, 19, 141, 0, 15, 43, 595 }, // U+222B
    { 10, 8, 300, 4, 9, 20, 638 }, // U+2234
    { 10, 8, 300, 4, 9, 20, 658 }, // U+2235
    { 13, 4, 300, 3, 8, 13, 678 }, // U+223C
    { 13, 8, 300, 3, 10, 26, 691 }, // U+2248
    { 13, 11, 300, 3, 14, 36, 717 }, // U+225F
    { 13, 11, 300, 3, 12, 36, 753 }, // U+2260
    { 13, 7, 300, 3, 9, 23, 789 }, // U+2261
    { 13, 11, 300, 3, 11, 36, 812 }, // U+2262
    { 13, 12, 300, 3, 11, 39, 848 }, // U+2264
    { 13, 12, 300, 3, 11, 39, 887 }, // U+2265
    { 13, 14, 300, 3, 13, 46, 926 }, // U+226E
    { 13, 14, 300, 3, 13, 46, 972 }, // U+226F
    { 13, 12, 300, 3, 11, 39, 1018 }, // U+2282
    { 13, 12, 300, 3, 11, 39, 1057 }, // U+2283
    { 13, 15, 300, 3, 13, 49, 1096 }, // U+2284
    { 13, 15, 300, 3, 13, 49, 1145 }, // U+2285
    { 13, 14, 300, 3, 13, 46, 1194 }, // U+2286
    { 13, 14, 300, 3, 13, 46, 1240 }, // U+2287
    { 9, 12, 174, 1, 11, 27, 1286 }, // U+22BB
    { 9, 11, 174, 1, 12, 25, 1313 }, // U+22BC
    { 9, 11, 174, 1, 12, 25, 1338 }, // U+22BD
    { 5, 13, 93, 0, 13, 17, 0 }, // U+2669
    { 8, 13, 135, 0, 13, 26, 17 }, // U+266A
    { 12, 14, 192, 0, 13, 42, 43 }, // U+266B
    { 12, 14, 192, 0, 13, 42, 85 }, // U+266C
    { 6, 16, 117, 1, 14, 24, 127 }, // U+266D
    { 6, 12, 107, 0, 8, 18, 151 }, // U+266E
    { 6, 17, 128, 1, 14, 26, 169 }, // U+266F
    { 19, 19, 300, 0, 17, 91, 195 }, // U+4F1A
    { 18, 19, 300, 0, 17, 86, 286 }, // U+53BB
    { 17, 18, 300, 1, 16, 77, 372 }, // U+5458
    { 19, 19, 300, 0, 17, 91, 449 }, // U+59DA
    { 17, 19, 300, 1, 17, 81, 540 }, // U+5B98
    { 17, 18, 300, 1, 17, 77, 621 }, // U+5BA4
    { 18, 19, 300, 0, 17, 86, 698 }, // U+5E26
    { 19, 19, 300, 0, 17, 91, 784 }, // U+6211
    { 19, 19, 300, 0, 17, 91, 875 }, // U+62C9
    { 19, 19, 300, 0, 17, 91, 966 }, // U+653E
    { 19, 19, 300, 0, 17, 91, 1057 }, // U+6746
    { 19, 19, 300, 0, 17, 91, 1148 }, // U+6747
    { 19, 19, 300, 0, 17, 91, 1239 }, // U+6748
    { 18, 19, 300, 0, 17, 86, 1330 }, // U+6749
    { 18, 19, 300, 0, 17, 86, 1416 }, // U+674A
    { 19, 19, 300, 0, 17, 91, 1502 }, // U+674B
    { 19, 19, 300, 0, 17, 91, 1593 }, // U+674C
    { 18, 19, 300, 0, 17, 86, 1684 }, // U+674D
    { 19, 19, 300, 0, 17, 91, 1770 }, // U+674E
    { 19, 19, 300, 0, 17, 91, 1861 }, // U+674F
    { 18, 19, 300, 0, 17, 86, 1952 }, // U+6750
    { 19, 19, 300, 0, 17, 91, 2038 }, // U+6751
    { 18, 19, 300, 0, 17, 86, 2129 }, // U+6752
    { 18, 19, 300, 0, 17, 86, 2215 }, // U+6753
    { 18, 19, 300, 0, 17, 86, 2301 }, // U+6754
    { 19, 19, 300, 0, 17, 91, 2387 }, // U+6755
    { 19, 19, 300, 0, 17, 91, 2478 }, // U+6756
    { 19, 19, 300, 0, 17, 91, 2569 }, // U+6757
    { 19, 18, 300, 0, 16, 86, 2660 }, // U+6758
    { 19, 19, 300, 0, 17, 91, 2746 }, // U+6759
    { 18, 19, 300, 0, 17, 86, 2837 }, // U+675A
    { 18, 19, 300, 0, 17, 86, 2923 }, // U+675B
    { 18, 19, 300, 0, 17, 86, 3009 }, // U+675C
    { 19, 19, 300, 0, 17, 91, 3095 }, // U+675D
    { 19, 19, 300, 0, 17, 91, 3186 }, // U+675E
    { 19, 19, 300, 0, 17, 91, 3277 }, // U+675F
    { 18, 19, 300, 0, 17, 86, 3368 }, // U+6760
    { 19, 19, 300, 0, 17, 91, 3454 }, // U+6761
    { 19, 19, 300, 0, 17, 91, 3545 }, // U+6762
    { 18, 19, 300, 0, 17, 86, 3636 }, // U+6763
    { 18, 19, 300, 0, 17, 86, 3722 }, // U+6764
    { 19, 19, 300, 0, 17, 91, 3808 }, // U+6765
    { 19, 19, 300, 0, 17, 91, 3899 }, // U+6766
    { 19, 19, 300, 0, 17, 91, 3990 }, // U+6767
    { 18, 19, 300, 0, 17, 86, 4081 }, // U+6768
    { 18, 19, 300, 0, 17, 86, 4167 }, // U+6769
    { 18, 19, 300, 0, 17, 86, 4253 }, // U+676A
    { 19, 19, 300, 0, 17, 91, 4339 }, // U+676B
    { 19, 19, 300, 0, 17, 91, 4430 }, // U+676C
    { 19, 19, 300, 0, 17, 91, 4521 }, // U+676D
    { 18, 19, 300, 0, 17, 86, 4612 }, // U+676E
    { 19, 19, 300, 0, 17, 91, 4698 }, // U+676F
    { 18, 19, 300, 0, 17, 86, 4789 }, // U+6770
    { 19, 19, 300, 0, 17, 91, 4875 }, // U+6771
    { 19, 18, 300, 0, 16, 86, 4966 }, // U+6772
    { 19, 19, 300, 0, 17, 91, 5052 }, // U+6773
    { 19, 19, 300, 0, 17, 91, 5143 }, // U+6774
    { 19, 19, 300, 0, 17, 91, 5234 }, // U+6775
    { 19, 19, 300, 0, 17, 91, 5325 }, // U+6776
    { 19, 19, 300, 0, 17, 91, 5416 }, // U+6777
    { 18, 19, 300, 0, 17, 86, 5507 }, // U+6778
    { 19, 19, 300, 0, 17, 91, 5593 }, // U+6779
    { 19, 19, 300, 0, 17, 91, 5684 }, // U+677A
    { 19, 19, 300, 0, 17, 91, 5775 }, // U+677B
    { 19, 19, 300, 0, 17, 91, 5866 }, // U+677C
    { 18, 19, 300, 0, 17, 86, 5957 }, // U+677D
    { 18, 19, 300, 0, 17, 86, 6043 }, // U+677E
    { 19, 19, 300, 0, 17, 91, 6129 }, // U+677F
    { 15, 18, 300, 2, 16, 68, 6220 }, // U+7532
    { 17, 19, 300, 1, 17, 81, 6288 }, // U+7684
    { 19, 19, 300, 0, 17, 91, 6369 }, // U+8BAE
    { 18, 19, 300, 0, 17, 86, 6460 }, // U+8BF7
    { 19, 19, 300, 0, 17, 91, 6546 }, // U+91CA
    { 14, 15, 196, 0, 15, 53, 0 }, // U+FB00
    { 12, 15, 189, 0, 15, 45, 53 }, // U+FB01
    { 12, 15, 187, 0, 15, 45, 98 }, // U+FB02
    { 18, 15, 287, 0, 15, 68, 143 }, // U+FB03
    { 18, 15, 285, 0, 15, 68, 211 }, // U+FB04
    { 19, 19, 289, 0, 17, 91, 0 }, // U+FFFD
};

static const EpdUnicodeInterval charein_9_regularIntervals[] = {
    { 0x0, 0x148, 0x0 },
    { 0x14A, 0x17F, 0x149 },
    { 0x1A0, 0x1A1, 0x17F },
    { 0x1AF, 0x1B0, 0x181 },
    { 0x1C4, 0x21F, 0x183 },
    { 0x300, 0x33F, 0x1DF },
    { 0x346, 0x36F, 0x21F },
    { 0x3BB, 0x3BB, 0x249 },
    { 0x400, 0x45F, 0x24A },
    { 0x462, 0x463, 0x2AA },
    { 0x472, 0x475, 0x2AC },
    { 0x48A, 0x4FF, 0x2B0 },
    { 0x1EA0, 0x1EF9, 0x326 },
    { 0x2000, 0x2042, 0x380 },
    { 0x2044, 0x2044, 0x3C3 },
    { 0x204A, 0x204A, 0x3C4 },
    { 0x2053, 0x2053, 0x3C5 },
    { 0x2057, 0x2057, 0x3C6 },
    { 0x2060, 0x2064, 0x3C7 },
    { 0x2066, 0x2071, 0x3CC },
    { 0x2074, 0x208E, 0x3D8 },
    { 0x2090, 0x209C, 0x3F3 },
    { 0x20A0, 0x20C0, 0x400 },
    { 0x2113, 0x2113, 0x421 },
    { 0x2190, 0x219B, 0x422 },
    { 0x21A8, 0x21A8, 0x42E },
    { 0x21AE, 0x21AE, 0x42F },
    { 0x21B6, 0x21B7, 0x430 },
    { 0x21BA, 0x21BB, 0x432 },
    { 0x21D0, 0x21D5, 0x434 },
    { 0x2202, 0x2206, 0x43A },
    { 0x220F, 0x220F, 0x43F },
    { 0x2211, 0x2213, 0x440 },
    { 0x2215, 0x2215, 0x443 },
    { 0x2219, 0x221A, 0x444 },
    { 0x221E, 0x221E, 0x446 },
    { 0x2221, 0x2221, 0x447 },
    { 0x2225, 0x2228, 0x448 },
    { 0x222B, 0x222B, 0x44C },
    { 0x2234, 0x2235, 0x44D },
    { 0x223C, 0x223C, 0x44F },
    { 0x2248, 0x2248, 0x450 },
    { 0x225F, 0x2262, 0x451 },
    { 0x2264, 0x2265, 0x455 },
    { 0x226E, 0x226F, 0x457 },
    { 0x2282, 0x2287, 0x459 },
    { 0x22BB, 0x22BD, 0x45F },
    { 0x2669, 0x266F, 0x462 },
    { 0x4F1A, 0x4F1A, 0x469 },
    { 0x53BB, 0x53BB, 0x46A },
    { 0x5458, 0x5458, 0x46B },
    { 0x59DA, 0x59DA, 0x46C },
    { 0x5B98, 0x5B98, 0x46D },
    { 0x5BA4, 0x5BA4, 0x46E },
    { 0x5E26, 0x5E26, 0x46F },
    { 0x6211, 0x6211, 0x470 },
    { 0x62C9, 0x62C9, 0x471 },
    { 0x653E, 0x653E, 0x472 },
    { 0x6746, 0x677F, 0x473 },
    { 0x7532, 0x7532, 0x4AD },
    { 0x7684, 0x7684, 0x4AE },
    { 0x8BAE, 0x8BAE, 0x4AF },
    { 0x8BF7, 0x8BF7, 0x4B0 },
    { 0x91CA, 0x91CA, 0x4B1 },
    { 0xFB00, 0xFB04, 0x4B2 },
    { 0xFFFD, 0xFFFD, 0x4B7 },
};

static const EpdFontGroup charein_9_regularGroups[] = {
    { 0, 1812, 3500, 128, 0 },
    { 1812, 1585, 4295, 128, 128 },
    { 3397, 1936, 6582, 127, 256 },
    { 5333, 2025, 5955, 96, 383 },
    { 7358, 655, 991, 106, 479 },
    { 8013, 52, 56, 1, 585 },
    { 8065, 3483, 10175, 220, 586 },
    { 11548, 1051, 5768, 90, 806 },
    { 12599, 630, 1003, 86, 896 },
    { 13229, 395, 585, 42, 982 },
    { 13624, 970, 1537, 33, 1024 },
    { 14594, 30, 28, 1, 1057 },
    { 14624, 493, 1078, 24, 1058 },
    { 15117, 773, 1651, 40, 1082 },
    { 15890, 4075, 7118, 80, 1122 },
    { 19965, 114, 300, 5, 1202 },
    { 20079, 84, 95, 1, 1207 },
};

static const uint16_t charein_9_regularKernLeftCodepoints[] = {
    0x0022, 0x0027, 0x0028, 0x002C, 0x002E, 0x0041, 0x0044, 0x0046, 0x004B, 0x004C, 0x004F, 0x0050,
    0x0051, 0x0052, 0x0054, 0x0055, 0x0056, 0x0057, 0x0058, 0x0059, 0x005B, 0x0061, 0x0062, 0x0063,
    0x0065, 0x0066, 0x0067, 0x0068, 0x006B, 0x006D, 0x006E, 0x006F, 0x0070, 0x0071, 0x0072, 0x0073,
    0x0074, 0x0075, 0x0076, 0x0077, 0x0078, 0x0079, 0x007A, 0x007B, 0x00C0, 0x00C1, 0x00C2, 0x00C3,
    0x00C4, 0x00C5, 0x00D0, 0x00D2, 0x00D3, 0x00D4, 0x00D5, 0x00D6, 0x00D9, 0x00DA, 0x00DB, 0x00DC,
    0x00DD, 0x00DE, 0x00E0, 0x00E1, 0x00E2, 0x00E3, 0x00E4, 0x00E5, 0x00E6, 0x00E7, 0x00E8, 0x00E9,
    0x00EA, 0x00EB, 0x00EE, 0x00EF, 0x00F1, 0x00F2, 0x00F3, 0x00F4, 0x00F5, 0x00F6, 0x00F8, 0x00F9,
    0x00FA, 0x00FB, 0x00FC, 0x00FD, 0x00FE, 0x00FF, 0x0100, 0x0101, 0x0102, 0x0103, 0x0104, 0x0105,
    0x0107, 0x0109, 0x010B, 0x010D, 0x010E, 0x010F, 0x0110, 0x0113, 0x0115, 0x0117, 0x0119, 0x011B,
    0x011D, 0x011F, 0x0121, 0x0123, 0x0125, 0x0127, 0x0129, 0x012B, 0x012D, 0x0136, 0x0137, 0x0138,
    0x0139, 0x013B, 0x013D, 0x013E, 0x0141, 0x0144, 0x0146, 0x0148, 0x014B, 0x014C, 0x014D, 0x014E,
    0x014F, 0x0150, 0x0151, 0x0153, 0x0154, 0x0155, 0x0156, 0x0157, 0x0158, 0x0159, 0x015B, 0x015D,
    0x015F, 0x0161, 0x0162, 0x0163, 0x0164, 0x0166, 0x0167, 0x0168, 0x0169, 0x016A, 0x016B, 0x016C,
    0x016D, 0x016E, 0x016F, 0x0170, 0x0171, 0x0172, 0x0173, 0x0174, 0x0175, 0x0176, 0x0177, 0x0178,
    0x017A, 0x017C, 0x017E, 0x017F, 0x01A0, 0x01A1, 0x01AF, 0x01B0, 0x01C5, 0x01C6, 0x01C9, 0x01CD,
    0x01CE, 0x01D0, 0x01D1, 0x01D2, 0x01D3, 0x01D4, 0x01D5, 0x01D6, 0x01D7, 0x01D8, 0x01D9, 0x01DA,
    0x01DB, 0x01DC, 0x01DD, 0x01DE, 0x01DF, 0x01E0, 0x01E1, 0x01E3, 0x01E5, 0x01E7, 0x01E8, 0x01E9,
    0x01EA, 0x01EB, 0x01EC, 0x01ED, 0x01EF, 0x01F2, 0x01F3, 0x01F5, 0x01F6, 0x01F7, 0x01F9, 0x01FA,
    0x01FB, 0x01FD, 0x0200, 0x0201, 0x0202, 0x0203, 0x0205, 0x0207, 0x020B, 0x020C, 0x020D, 0x020E,
    0x020F, 0x0210, 0x0211, 0x0212, 0x0213, 0x0214, 0x0215, 0x0216, 0x0217, 0x0219, 0x021A, 0x021B,
    0x021D, 0x021F, 0x0403, 0x0409, 0x040E, 0x0410, 0x0413, 0x041E, 0x0420, 0x0422, 0x0423, 0x0424,
    0x0425, 0x042A, 0x042C, 0x042D, 0x042E, 0x0430, 0x0433, 0x0434, 0x0435, 0x0436, 0x0437, 0x0438,
    0x0439, 0x043A, 0x043B, 0x043C, 0x043D, 0x043E, 0x043F, 0x0440, 0x0441, 0x0442, 0x0443, 0x0444,
    0x0445, 0x0446, 0x0447, 0x0448, 0x0449, 0x044A, 0x044C, 0x044D, 0x044E, 0x0450, 0x0451, 0x0452,
    0x0453, 0x0454, 0x0455, 0x0457, 0x0459, 0x045A, 0x045B, 0x045C, 0x045D, 0x045E, 0x045F, 0x0472,
    0x0473, 0x0475, 0x048B, 0x048C, 0x048D, 0x048E, 0x0490, 0x0491, 0x0492, 0x0493, 0x0495, 0x0497,
    0x0499, 0x049B, 0x049D, 0x049F, 0x04A1, 0x04A3, 0x04A5, 0x04A7, 0x04AB, 0x04AC, 0x04AD, 0x04AE,
    0x04AF, 0x04B0, 0x04B1, 0x04B2, 0x04B3, 0x04B5, 0x04B7, 0x04B9, 0x04BB, 0x04BC, 0x04BD, 0x04BE,
    0x04BF, 0x04C2, 0x04C4, 0x04C6, 0x04C8, 0x04CA, 0x04CC, 0x04CE, 0x04D0, 0x04D1, 0x04D2, 0x04D3,
    0x04D5, 0x04D7, 0x04D8, 0x04D9, 0x04DA, 0x04DB, 0x04DD, 0x04E1, 0x04E3, 0x04E5, 0x04E6, 0x04E7,
    0x04E8, 0x04E9, 0x04EA, 0x04EB, 0x04EC, 0x04ED, 0x04EE, 0x04EF, 0x04F0, 0x04F1, 0x04F2, 0x04F3,
    0x04F5, 0x04F6, 0x04F7, 0x04FA, 0x04FB, 0x04FC, 0x04FD, 0x04FE, 0x04FF, 0x1EA0, 0x1EA1, 0x1EA2,
    0x1EA3, 0x1EA4, 0x1EA5, 0x1EA6, 0x1EA7, 0x1EA8, 0x1EA9, 0x1EAA, 0x1EAB, 0x1EAC, 0x1EAD, 0x1EAE,
    0x1EAF, 0x1EB0, 0x1EB1, 0x1EB2, 0x1EB3, 0x1EB4, 0x1EB5, 0x1EB6, 0x1EB7, 0x1EB9, 0x1EBB, 0x1EBD,
    0x1EBF, 0x1EC1, 0x1EC3, 0x1EC5, 0x1EC7, 0x1ECC, 0x1ECD, 0x1ECE, 0x1ECF, 0x1ED0, 0x1ED1, 0x1ED2,
    0x1ED3, 0x1ED4, 0x1ED5, 0x1ED6, 0x1ED7, 0x1ED8, 0x1ED9, 0x1EE4, 0x1EE5, 0x1EE6, 0x1EE7, 0x1EF2,
    0x1EF3, 0x1EF4, 0x1EF5, 0x1EF6, 0x1EF7, 0x1EF8, 0x1EF9, 0x2018, 0x2019, 0x201A, 0x201C, 0x201D,
    0x201E, 0x2026, 0xFB00,
};

static const uint8_t charein_9_regularKernLeftClassIds[] = {
      1,   1,   2,   3,   3,   4,   5,   6,   7,   8,   5,   6,   5,   9,  10,  11,
     12,  13,   7,  12,   2,  14,  15,  16,  17,  18,  19,  14,  20,  14,  14,  15,
     15,  19,  21,  16,  16,  14,  22,  22,  20,  22,  16,   2,   4,   4,   4,   4,
      4,   4,   5,   5,   5,   5,   5,   5,  11,  11,  11,  11,  12,   5,  14,  14,
     14,  14,  14,  14,  17,  16,  17,  17,  17,  17,  23,  23,  14,  15,  15,  15,
     15,  15,  16,  14,  14,  14,  14,  22,  15,  22,   4,  14,   4,  14,   4,  14,
     16,  16,  16,  16,   5,  24,   5,  17,  17,  17,  17,  17,  19,  19,  19,  19,
     14,  14,  23,  23,  23,   7,  20,  16,   8,   8,  25,  26,   8,  14,  19,  14,
     19,   5,  15,   5,  15,   5,  15,  17,   9,  21,   9,  21,   9,  21,  16,  16,
     19,  16,  10,  19,  10,  10,  16,  11,  14,  11,  14,  11,  14,  11,  14,  11,
     14,  11,  19,  13,  22,  12,  22,  12,  16,  16,  16,  18,   5,  27,  10,  27,
     16,  16,  19,   4,  14,  23,   5,  15,  11,  14,  11,  14,  11,  14,  11,  14,
     11,  14,  15,   4,  14,   4,  14,  17,  19,  19,   7,  20,   5,  15,   5,  15,
     19,  16,  16,  19,   5,   6,  14,   4,  14,  17,   4,  14,   4,  14,  17,  17,
     23,   5,  15,   5,  15,   9,  21,   9,  21,  11,  14,  11,  14,  19,  10,  19,
     19,  14,  10,   9,  12,   4,  10,   5,   6,  10,  12,   5,   7,   9,   9,   5,
      5,  14,  16,  16,  17,  16,  14,  16,  16,  16,  16,  16,  16,  15,  16,  15,
     16,  16,  22,  15,  20,  16,  16,  16,  16,  28,  28,  15,  15,  17,  17,  14,
     16,  16,  16,  18,  28,  28,  14,  16,  16,  22,  16,   5,  15,  16,  16,   9,
     28,   6,  10,  16,  10,  16,  16,  16,  14,  16,  16,  16,  16,  16,  16,  28,
     16,  10,  16,  12,  22,  12,  22,   7,  20,  16,  16,  16,  14,   5,  17,   5,
     17,  16,  16,  16,  16,  16,  16,  16,   4,  14,   4,  14,  17,  17,   5,  15,
      5,  15,  16,  19,  16,  16,   5,  15,   5,  15,   5,  15,   5,  15,  12,  22,
     12,  22,  12,  22,  16,  10,  16,  10,  16,   7,  20,   7,  20,   4,  14,   4,
     14,   4,  14,   4,  14,   4,  14,   4,  14,   4,  14,   4,  14,   4,  14,   4,
     14,   4,  14,   4,  14,  17,  17,  17,  17,  17,  17,  17,  17,   5,  15,   5,
     15,   5,  15,   5,  15,   5,  15,   5,  15,   5,  15,  11,  19,  11,  14,  12,
     22,  12,  19,  12,  22,  12,  22,   1,   1,   3,   1,   1,   3,   3,  18,
};

static const uint16_t charein_9_regularKernRightCodepoints[] = {
    0x0022, 0x0027, 0x0029, 0x002C, 0x002E, 0x003A, 0x003B, 0x0041, 0x0043, 0x0047, 0x004F, 0x0051,
    0x0053, 0x0054, 0x0055, 0x0056, 0x0057, 0x0058, 0x0059, 0x005D, 0x0061, 0x0062, 0x0063, 0x0064,
    0x0065, 0x0066, 0x0067, 0x0068, 0x006A, 0x006B, 0x006C, 0x006D, 0x006E, 0x006F, 0x0070, 0x0071,
    0x0072, 0x0073, 0x0074, 0x0075, 0x0076, 0x0077, 0x0078, 0x0079, 0x007A, 0x007D, 0x00C0, 0x00C1,
    0x00C2, 0x00C3, 0x00C4, 0x00C5, 0x00C6, 0x00C7, 0x00D2, 0x00D3, 0x00D4, 0x00D5, 0x00D6, 0x00D9,
    0x00DA, 0x00DB, 0x00DC, 0x00DD, 0x00E0, 0x00E1, 0x00E2, 0x00E3, 0x00E4, 0x00E5, 0x00E6, 0x00E7,
    0x00E8, 0x00E9, 0x00EA, 0x00EB, 0x00EE, 0x00EF, 0x00F0, 0x00F1, 0x00F2, 0x00F3, 0x00F4, 0x00F5,
    0x00F6, 0x00F8, 0x00F9, 0x00FA, 0x00FB, 0x00FC, 0x00FD, 0x00FE, 0x00FF, 0x0100, 0x0101, 0x0102,
    0x0103, 0x0104, 0x0105, 0x0106, 0x0107, 0x0108, 0x0109, 0x010A, 0x010B, 0x010C, 0x010D, 0x010F,
    0x0111, 0x0113, 0x0115, 0x0117, 0x0119, 0x011B, 0x011C, 0x011D, 0x011E, 0x011F, 0x0120, 0x0121,
    0x0122, 0x0123, 0x0125, 0x0127, 0x0129, 0x012B, 0x012D, 0x0135, 0x0137, 0x0138, 0x013A, 0x013C,
    0x013E, 0x0140, 0x0142, 0x0144, 0x0146, 0x0148, 0x014B, 0x014C, 0x014D, 0x014E, 0x014F, 0x0150,
    0x0151, 0x0152, 0x0153, 0x0155, 0x0157, 0x0159, 0x015A, 0x015B, 0x015C, 0x015D, 0x015E, 0x015F,
    0x0160, 0x0161, 0x0162, 0x0163, 0x0164, 0x0165, 0x0166, 0x0168, 0x0169, 0x016A, 0x016B, 0x016C,
    0x016D, 0x016E, 0x016F, 0x0170, 0x0171, 0x0172, 0x0173, 0x0174, 0x0175, 0x0176, 0x0177, 0x0178,
    0x017A, 0x017C, 0x017E, 0x017F, 0x01A0, 0x01A1, 0x01AF, 0x01B0, 0x01C6, 0x01C9, 0x01CC, 0x01CD,
    0x01CE, 0x01D0, 0x01D1, 0x01D2, 0x01D3, 0x01D4, 0x01D5, 0x01D6, 0x01D7, 0x01D8, 0x01D9, 0x01DA,
    0x01DB, 0x01DC, 0x01DD, 0x01DE, 0x01DF, 0x01E0, 0x01E1, 0x01E2, 0x01E3, 0x01E4, 0x01E5, 0x01E6,
    0x01E7, 0x01E9, 0x01EA, 0x01EB, 0x01EC, 0x01ED, 0x01EF, 0x01F0, 0x01F3, 0x01F4, 0x01F5, 0x01F9,
    0x01FA, 0x01FB, 0x01FC, 0x01FD, 0x0200, 0x0201, 0x0202, 0x0203, 0x0205, 0x0207, 0x020B, 0x020C,
    0x020D, 0x020E, 0x020F, 0x0211, 0x0213, 0x0214, 0x0215, 0x0216, 0x0217, 0x0218, 0x0219, 0x021A,
    0x021B, 0x021D, 0x021F, 0x0402, 0x0404, 0x0405, 0x040B, 0x0410, 0x0414, 0x041B, 0x041E, 0x0421,
    0x0422, 0x0424, 0x0425, 0x0430, 0x0431, 0x0432, 0x0433, 0x0434, 0x0435, 0x0436, 0x0437, 0x0438,
    0x0439, 0x043A, 0x043B, 0x043C, 0x043D, 0x043E, 0x043F, 0x0440, 0x0441, 0x0442, 0x0443, 0x0444,
    0x0445, 0x0446, 0x0447, 0x0448, 0x0449, 0x044B, 0x044C, 0x044D, 0x044E, 0x044F, 0x0450, 0x0451,
    0x0452, 0x0453, 0x0454, 0x0455, 0x0457, 0x0458, 0x0459, 0x045A, 0x045B, 0x045C, 0x045D, 0x045E,
    0x045F, 0x0472, 0x0473, 0x0474, 0x0475, 0x048B, 0x048D, 0x048F, 0x0491, 0x0493, 0x0495, 0x0497,
    0x0499, 0x049B, 0x049D, 0x049F, 0x04A1, 0x04A3, 0x04A5, 0x04A7, 0x04A8, 0x04A9, 0x04AA, 0x04AB,
    0x04AC, 0x04AD, 0x04AE, 0x04AF, 0x04B0, 0x04B1, 0x04B2, 0x04B3, 0x04B4, 0x04B5, 0x04B7, 0x04B9,
    0x04BB, 0x04C2, 0x04C4, 0x04C6, 0x04C8, 0x04CA, 0x04CC, 0x04CE, 0x04D0, 0x04D1, 0x04D2, 0x04D3,
    0x04D4, 0x04D5, 0x04D7, 0x04D8, 0x04D9, 0x04DA, 0x04DB, 0x04DD, 0x04E1, 0x04E3, 0x04E5, 0x04E6,
    0x04E7, 0x04E8, 0x04E9, 0x04EA, 0x04EB, 0x04ED, 0x04EF, 0x04F1, 0x04F3, 0x04F5, 0x04F7, 0x04F9,
    0x04FB, 0x04FC, 0x04FD, 0x04FE, 0x04FF, 0x1EA0, 0x1EA1, 0x1EA2, 0x1EA3, 0x1EA4, 0x1EA5, 0x1EA6,
    0x1EA7, 0x1EA8, 0x1EA9, 0x1EAA, 0x1EAB, 0x1EAC, 0x1EAD, 0x1EAE, 0x1EAF, 0x1EB0, 0x1EB1, 0x1EB2,
    0x1EB3, 0x1EB4, 0x1EB5, 0x1EB6, 0x1EB7, 0x1EB9, 0x1EBB, 0x1EBD, 0x1EBF, 0x1EC1, 0x1EC3, 0x1EC5,
    0x1EC7, 0x1ECC, 0x1ECD, 0x1ECE, 0x1ECF, 0x1ED0, 0x1ED1, 0x1ED2, 0x1ED3, 0x1ED4, 0x1ED5, 0x1ED6,
    0x1ED7, 0x1ED8, 0x1ED9, 0x1EE4, 0x1EE5, 0x1EE6, 0x1EE7, 0x1EF2, 0x1EF3, 0x1EF4, 0x1EF5, 0x1EF6,
    0x1EF7, 0x1EF8, 0x1EF9, 0x2018, 0x2019, 0x201A, 0x201C, 0x201D, 0x201E, 0x2026, 0xFB00, 0xFB03,
    0xFB04,
};

static const uint8_t charein_9_regularKernRightClassIds[] = {
      1,   1,   2,   3,   3,   4,   4,   5,   6,   6,   6,   6,   7,   8,   9,  10,
     11,  12,  10,   2,  13,  14,  15,  15,  15,   4,  16,  14,  17,  14,  14,  18,
     18,  15,  19,  15,  18,  13,   4,  18,  20,  20,  21,  20,  18,   2,   5,   5,
      5,   5,   5,   5,   5,   6,   6,   6,   6,   6,   6,   9,   9,   9,   9,  10,
     22,  22,  22,  22,  22,  22,  13,  15,  23,  23,  23,  23,  24,  24,  15,  18,
     23,  23,  23,  23,  23,  18,  18,  18,  18,  18,  20,  25,  20,   5,  22,   5,
     22,   5,  16,   6,  23,   6,  23,   6,  23,   6,  23,  15,  15,  23,  23,  23,
     26,  23,   6,  22,   6,  22,   6,  22,   6,  22,  14,  14,  24,  24,  24,  17,
     14,  18,  14,  25,  14,  14,  14,  18,  18,  18,  19,   6,  23,   6,  23,   6,
     23,   6,  15,  18,  19,  18,   7,  22,   7,  22,   7,  16,   7,  22,   8,   4,
      8,   4,   8,   9,  18,   9,  18,   9,  18,   9,  18,   9,  18,   9,  18,  11,
     20,  10,  20,  10,  18,  18,  18,  14,   6,  15,   9,  18,  15,  14,  18,   5,
     22,  24,   6,  23,   9,  18,   9,  18,   9,  18,   9,  18,   9,  18,  15,   5,
     22,   5,  22,   5,  22,   6,  16,   6,  22,  14,   6,  26,   6,  23,  19,  17,
     15,   6,  22,  18,   5,  22,   5,  22,   5,  22,   5,  22,  23,  23,  24,   6,
     23,   6,  23,  18,  18,   9,  18,   9,  18,   7,  16,   8,   4,  19,  14,   8,
      6,   7,   8,   5,   5,   5,   6,   6,   8,   6,  12,  13,  14,  18,  18,  27,
     15,  18,  18,  18,  18,  18,  27,  18,  18,  15,  18,  19,  15,  18,  20,  15,
     21,  18,  18,  18,  18,  18,  18,  18,  18,  18,  23,  23,  14,  18,  15,  13,
     14,  17,  27,  18,  14,  18,  18,  20,  18,   6,  15,  10,  20,  18,  18,  18,
     18,  18,  18,  18,  18,  18,  18,  14,  18,  18,  18,  18,   6,  15,   6,  15,
      8,  18,  10,  20,  10,  20,  12,  21,   8,  18,  18,  18,  14,  18,  18,  27,
     18,  18,  18,  18,   5,  22,   5,  22,   5,  13,  23,   6,  15,   6,  23,  18,
     19,  18,  18,   6,  23,   6,  15,   6,  23,  18,  20,  20,  20,  18,  18,  18,
     18,  12,  21,  12,  21,   5,  16,   5,  22,   5,  22,   5,  22,   5,  22,   5,
     22,   5,  22,   5,  22,   5,  22,   5,  22,   5,  22,   5,  22,  26,  23,  23,
     23,  23,  23,  23,  23,   6,  15,   6,  23,   6,  23,   6,  23,   6,  23,   6,
     23,   6,  23,   9,  19,   9,  18,  10,  20,  10,  20,  10,  20,  10,  20,   1,
      1,   3,   1,   1,   3,   3,   4,   4,   4,
};

static const uint16_t charein_9_regularKernRowOffsets[] = {
        0,     9,    10,    15,    22,    26,    35,    36,    41,    44,    55,    58,    71,    84,    86,    90,
       92,    93,    95,    97,   101,   103,   111,   112,   125,   129,   142,   150,   155,
};

static const uint8_t charein_9_regularKernSparseCols[] = {
      2,   4,  12,  14,  15,  21,  22,  25,  26,  16,   0,   7,   9,  10,  19,   0,
      5,   7,   8,   9,  10,  19,   4,   9,  10,  11,   2,   4,  12,  14,  15,  21,
     22,  25,  26,   5,   0,   7,   9,  10,  19,   7,   9,  10,   2,   4,  12,  14,
     15,  17,  18,  21,  22,  25,  26,   4,  14,  26,   2,   4,   5,   6,  12,  14,
     15,  17,  18,  21,  22,  25,  26,   2,   4,   5,   6,  12,  14,  15,  17,  18,
     21,  22,  25,  26,   0,  19,   0,  19,  20,  26,  13,  24,   0,   0,   1,   0,
     16,   0,  14,  22,  25,   2,  26,   2,  12,  14,  15,  21,  22,  25,  26,  23,
      2,   3,  12,  14,  15,  16,  17,  18,  19,  20,  21,  22,  25,   0,   7,   9,
     19,   2,   3,  12,  14,  15,  16,  17,  18,  19,  20,  21,  22,  25,  12,  13,
     14,  15,  21,  22,  24,  25,   0,  14,  19,  22,  25,
};

static const int8_t charein_9_regularKernSparseValues[] = {
     -29,  -34,   -4,   -9,   -7,   -4,   -9,   -9,  -37,   29,  -29,  -32,  -32,  -28,  -26,  -40,
      -7,  -23,   -9,  -28,  -21,  -15,   -4,   -6,   -3,   -6,  -32,  -16,   -3,   -3,   -3,   -3,
      -3,   -3,  -23,   -7,  -35,  -15,  -19,  -12,   -7,   -9,  -15,  -13,  -22,  -20,   -7,  -10,
      -7,   -1,   -3,   -4,   -5,  -10,  -22,   -9,   -3,  -10,  -26,  -28,   -6,   -4,  -18,  -18,
     -18,   -7,   -9,   -9,   -9,  -18,  -35,  -23,  -21,   -3,   -1,  -10,  -12,  -10,   -4,   -6,
      -5,   -6,  -12,  -28,  -12,   -9,  -10,   -4,   -3,   -7,   -1,   -4,   -1,   26,   22,   -6,
      12,   -3,   -4,   -4,   -4,  -18,  -16,  -23,   -1,   -4,   -6,   -1,   -4,   -4,  -19,   19,
     -16,  -16,  -16,  -16,  -16,  -16,  -16,  -16,  -16,  -16,  -16,  -16,  -16,  -15,  -10,  -10,
      -7,  -12,  -12,  -12,  -12,  -12,  -12,  -12,  -12,  -12,  -12,  -12,  -12,  -12,  -12,   -7,
     -12,  -12,  -12,  -12,   -7,  -12,  -29,   -7,  -18,   -6,   -6,
};

static const EpdLigaturePair charein_9_regularLigaturePairs[] = {
    { 0x00660066, 0xFB00 }, // f f -> U+FB00
    { 0x00660069, 0xFB01 }, // f i -> U+FB01
    { 0x0066006C, 0xFB02 }, // f l -> U+FB02
    { 0xFB000069, 0xFB03 }, // U+FB00 i -> U+FB03
    { 0xFB00006C, 0xFB04 }, // U+FB00 l -> U+FB04
};

static constexpr EpdFontData charein_9_regular = {
    charein_9_regularBitmaps,
    charein_9_regularGlyphs,
    charein_9_regularIntervals,
    66,
    20,
    16,
    -5,
    true,
    charein_9_regularGroups,
    17,
    nullptr,
    nullptr,  // kernLeftClasses: built-in fonts use split arrays
    nullptr,  // kernRightClasses
    charein_9_regularKernLeftCodepoints,
    charein_9_regularKernLeftClassIds,
    charein_9_regularKernRightCodepoints,
    charein_9_regularKernRightClassIds,
    nullptr,  // kernMatrix: built-in fonts use sparse rows
    charein_9_regularKernRowOffsets,
    charein_9_regularKernSparseCols,
    charein_9_regularKernSparseValues,
    447,
    457,
    28,
    27,
    charein_9_regularLigaturePairs,
    5,
};
