/**
 * generated by fontconvert.py
 * name: lexenddeca_8_bolditalic
 * size: 8
 * mode: 2-bit  compressed: true
 * Command used: fontconvert.py lexenddeca_8_bolditalic 8 ../builtinFonts/source/LexendDeca/LexendDeca-BoldItalic.ttf ../builtinFonts/source/ChareInk7/ChareInk7-BoldItalic.ttf ../builtinFonts/source/NotoSymbols/NotoSansSymbols-Regular.ttf --additional-intervals 0x03BB,0x03BB --additional-intervals 0x0410,0x0414 --additional-intervals 0x0418,0x0418 --additional-intervals 0x041B,0x041B --additional-intervals 0x041D,0x0423 --additional-intervals 0x0425,0x0425 --additional-intervals 0x0427,0x0427 --additional-intervals 0x042B,0x042C --additional-intervals 0x042E,0x0432 --additional-intervals 0x0434,0x0435 --additional-intervals 0x0437,0x0437 --additional-intervals 0x043A,0x043A --additional-intervals 0x043D,0x043E --additional-intervals 0x0440,0x0440 --additional-intervals 0x0442,0x0442 --additional-intervals 0x0446,0x0446 --additional-intervals 0x044C,0x044C --additional-intervals 0x044E,0x044E --additional-intervals 0x2113,0x2113 --additional-intervals 0x2669,0x266F --font-include-intervals 1:0x03BB,0x03BB --font-include-intervals 1:0x0410,0x0414 --font-include-intervals 1:0x0418,0x0418 --font-include-intervals 1:0x041B,0x041B --font-include-intervals 1:0x041D,0x0423 --font-include-intervals 1:0x0425,0x0425 --font-include-intervals 1:0x0427,0x0427 --font-include-intervals 1:0x042B,0x042C --font-include-intervals 1:0x042E,0x0432 --font-include-intervals 1:0x0434,0x0435 --font-include-intervals 1:0x0437,0x0437 --font-include-intervals 1:0x043A,0x043A --font-include-intervals 1:0x043D,0x043E --font-include-intervals 1:0x0440,0x0440 --font-include-intervals 1:0x0442,0x0442 --font-include-intervals 1:0x0446,0x0446 --font-include-intervals 1:0x044C,0x044C --font-include-intervals 1:0x044E,0x044E --font-include-intervals 1:0x2113,0x2113 --font-include-intervals 2:0x2669,0x266F --2bit --compress --pnum --darken-aa --zopfli
 */
#pragma once
#include "EpdFontData.h"

static const uint8_t lexenddeca_8_bolditalicBitmaps[10576] = {
    0x75, 0x96, 0x3F, 0xAC, 0xE5, 0x46, 0x15, 0xC6, 0x7F, 0xD7, 0x46, 0x71, 0x60, 0x44, 0x86, 0x82,
    0x82, 0x26, 0x3B, 0x14, 0x14, 0x20, 0x25, 0x4C, 0x4B, 0x91, 0xBD, 0xC7, 0x24, 0x05, 0x48, 0x14,
    0x49, 0xDF, 0x84, 0xBE, 0xA2, 0xA0, 0xA0, 0xD8, 0xBD, 0x76, 0x94, 0x82, 0x82, 0x22, 0xDB, 0x37,
    0xD0, 0x37, 0x0B, 0x52, 0x8A, 0x14, 0xF7, 0x3E, 0x4F, 0xD8, 0x62, 0x8B, 0x14, 0x6B, 0x91, 0x92,
    0x62, 0xA7, 0xA0, 0x43, 0x68, 0x27, 0x8A, 0x51, 0x2C, 0xED, 0xF8, 0x1E, 0xC6, 0x7E, 0xF7, 0xED,
    0xBE, 0x00, 0xD1, 0x7C, 0xDF, 0x7B, 0x4F, 0xF6, 0xF1, 0x77, 0xFE, 0xCD, 0x99, 0x79, 0x26, 0xDA,
    0xB0, 0xAD, 0xDE, 0xE1, 0x78, 0x1D, 0x78, 0x8B, 0x13, 0x47, 0x44, 0xD8, 0xDF, 0xE5, 0xDE, 0x91,
    0x8F, 0x13, 0xEC, 0x3D, 0xDC, 0x13, 0x38, 0xDE, 0xC5, 0xAA, 0xF6, 0x85, 0x6D, 0xFD, 0x45, 0xA2,
    0xF9, 0x3C, 0xD1, 0x69, 0x66, 0x28, 0xF4, 0xB6, 0x47, 0x1C, 0xDC, 0xF5, 0x40, 0x15, 0xC0, 0xCF,
    0xA0, 0x4A, 0xAD, 0x67, 0x9A, 0xAF, 0x7E, 0x49, 0xA3, 0x50, 0x6B, 0x64, 0xA7, 0x19, 0x7C, 0xE6,
    0xBB, 0x77, 0x33, 0xA2, 0x53, 0x61, 0xC4, 0x68, 0x0B, 0x09, 0x78, 0x0F, 0x4C, 0x6C, 0x46, 0x99,
    0x6C, 0xB8, 0x37, 0x0B, 0x9F, 0xCC, 0x99, 0x4F, 0xBE, 0x4C, 0x0C, 0xFF, 0xFC, 0x7B, 0xF4, 0x0F,
    0xBB, 0x89, 0xFB, 0xF7, 0x66, 0xE6, 0x4F, 0xA6, 0x3A, 0xCE, 0xC9, 0x86, 0x21, 0x0A, 0xD2, 0xE2,
    0x26, 0x18, 0x32, 0xE5, 0x39, 0xD5, 0x0C, 0x55, 0x06, 0xB3, 0x80, 0x57, 0x41, 0x64, 0xE1, 0x64,
    0x33, 0x07, 0x33, 0x23, 0xBA, 0x60, 0xCE, 0x03, 0xC2, 0x9E, 0x7B, 0x7C, 0x0C, 0x6F, 0xB0, 0xD4,
    0x93, 0x1D, 0x5D, 0x2F, 0xEC, 0xB7, 0x8C, 0x8F, 0x9C, 0x38, 0x20, 0xB8, 0x60, 0x5A, 0xE0, 0xCF,
    0x9B, 0xD4, 0x02, 0xF2, 0x75, 0xEC, 0xE1, 0x04, 0x99, 0x3A, 0x61, 0x47, 0xA4, 0x2D, 0x42, 0xB0,
    0xC5, 0xFE, 0xAD, 0x2F, 0x70, 0x8A, 0x5D, 0x70, 0x0B, 0xF2, 0x2F, 0xEA, 0xC0, 0xAE, 0x05, 0xE0,
    0x08, 0x19, 0x66, 0x44, 0x63, 0xA7, 0xA1, 0x4A, 0xD4, 0x05, 0x11, 0xC0, 0x21, 0xAD, 0xC3, 0x72,
    0xAF, 0xB8, 0x93, 0x2C, 0xB9, 0x9B, 0xEF, 0xC8, 0x5D, 0xB0, 0x01, 0x7C, 0xBB, 0xF9, 0x22, 0x43,
    0x35, 0x41, 0x13, 0x2F, 0x8F, 0x81, 0x03, 0x90, 0x59, 0x55, 0x30, 0xE3, 0xF5, 0x63, 0x01, 0xBE,
    0x0F, 0xD0, 0x8D, 0xB5, 0xCE, 0x76, 0xCC, 0xAE, 0xCF, 0xC2, 0x51, 0xC8, 0x7B, 0xF2, 0x81, 0xF9,
    0x50, 0x25, 0x69, 0xA2, 0xD7, 0xDE, 0x2C, 0xD0, 0x61, 0xCE, 0xD8, 0x05, 0x9B, 0x61, 0xC3, 0x6E,
    0x5E, 0x7D, 0xD4, 0x09, 0x51, 0x3A, 0x65, 0x50, 0xF0, 0xE3, 0x4E, 0x53, 0x91, 0x32, 0x7F, 0x9B,
    0x76, 0xEF, 0x24, 0x4C, 0xC0, 0xB7, 0x1C, 0xB7, 0xAC, 0x35, 0xCA, 0x8A, 0xB1, 0xD2, 0x5C, 0x6B,
    0xDE, 0x3D, 0x8C, 0xB8, 0x9E, 0xAE, 0x47, 0x53, 0xC1, 0x2A, 0x54, 0x25, 0xDF, 0x44, 0xD9, 0x7C,
    0x6D, 0x1F, 0x24, 0x24, 0xA2, 0xB1, 0xD1, 0xD1, 0x3D, 0x09, 0x5D, 0xE9, 0x9C, 0xCE, 0x9D, 0x4E,
    0x08, 0x17, 0x14, 0x11, 0xCD, 0x6B, 0x59, 0x46, 0x1A, 0xED, 0x1B, 0x4D, 0x55, 0xF1, 0xB8, 0x95,
    0xE9, 0x35, 0x73, 0xA3, 0x23, 0xB0, 0x50, 0xCD, 0x34, 0x11, 0xAB, 0x88, 0x06, 0x79, 0x77, 0x3C,
    0x35, 0xE3, 0xD1, 0x84, 0x93, 0xEB, 0x45, 0xB1, 0x13, 0x56, 0x53, 0x81, 0xD3, 0x11, 0xDB, 0xE3,
    0xE1, 0x3E, 0xE4, 0x22, 0xB3, 0x7D, 0xB2, 0x85, 0x7F, 0x00, 0x86, 0xA2, 0x1F, 0xED, 0xA3, 0x64,
    0x3F, 0x4C, 0xF6, 0x71, 0x34, 0xDA, 0x7B, 0x2D, 0x21, 0x8D, 0x27, 0x33, 0x2E, 0x36, 0x74, 0x8A,
    0x9B, 0x61, 0x68, 0x8B, 0x4D, 0x31, 0x90, 0x7A, 0x83, 0x8D, 0xA2, 0xC1, 0x6A, 0x4F, 0xB7, 0x09,
    0x4E, 0x5B, 0x2F, 0x68, 0x82, 0x0D, 0xAF, 0xB4, 0x00, 0x70, 0x07, 0xE1, 0x2E, 0x50, 0x47, 0x33,
    0x56, 0x3D, 0xC0, 0x7F, 0x37, 0x97, 0xA6, 0xA5, 0x2B, 0xAE, 0x5B, 0x49, 0x45, 0x9E, 0x2E, 0x62,
    0x17, 0x76, 0x0B, 0xFC, 0x18, 0xAF, 0x49, 0x34, 0x01, 0x80, 0x68, 0x18, 0x34, 0xBC, 0x06, 0x3E,
    0xE0, 0x66, 0x2A, 0x85, 0xAE, 0x6D, 0xCE, 0xAB, 0xFD, 0x19, 0xFE, 0x04, 0xCD, 0x8C, 0xDF, 0x7A,
    0xF4, 0x96, 0xB4, 0xDF, 0x93, 0xA2, 0xB0, 0x25, 0xDE, 0xF3, 0x6D, 0xB8, 0x03, 0xC2, 0x16, 0xC6,
    0x4E, 0x23, 0xFC, 0x94, 0x37, 0x21, 0x62, 0xA9, 0x3F, 0x7C, 0xFE, 0x98, 0xD7, 0x9C, 0x3E, 0xE6,
    0x0D, 0xF1, 0xBF, 0xE2, 0x67, 0xD9, 0x5B, 0x7E, 0x33, 0xEF, 0xDF, 0xE4, 0x2F, 0x73, 0xFE, 0x1D,
    0x49, 0x35, 0x91, 0xAE, 0xA4, 0x27, 0x01, 0xFC, 0x16, 0xCA, 0xA7, 0xBB, 0x35, 0x60, 0x7D, 0x00,
    0xEC, 0x66, 0xA8, 0x33, 0x98, 0x42, 0x5B, 0xE8, 0x4F, 0x20, 0x07, 0xC8, 0xC2, 0xAE, 0xB0, 0x56,
    0xC5, 0xA8, 0xB6, 0x36, 0xF8, 0x5E, 0x70, 0xA1, 0xD1, 0xD9, 0xE8, 0x62, 0x42, 0xA9, 0x65, 0xB6,
    0x9F, 0x66, 0xA7, 0xC9, 0xEB, 0xEC, 0x57, 0xCB, 0x2C, 0xD5, 0xDC, 0x69, 0x1A, 0xB4, 0xC7, 0xCF,
    0xEC, 0x54, 0x69, 0x0A, 0x6D, 0x7A, 0x03, 0x1F, 0x40, 0xB8, 0x66, 0x07, 0x48, 0xF8, 0x35, 0xA2,
    0x13, 0xB6, 0xB0, 0xD2, 0x9E, 0x46, 0x27, 0x8C, 0x9E, 0x2F, 0x7E, 0xBA, 0xBE, 0xF8, 0x0A, 0xAE,
    0x2C, 0xDF, 0x97, 0xD5, 0x0A, 0x52, 0x9D, 0x11, 0xCD, 0x14, 0x75, 0x06, 0x6D, 0x69, 0x34, 0x9B,
    0x82, 0x80, 0xDD, 0xE0, 0x74, 0xF4, 0x1A, 0x3C, 0xC8, 0x86, 0x4E, 0xC7, 0x41, 0xC3, 0x66, 0xB3,
    0xE2, 0x6B, 0x36, 0xED, 0x8D, 0x0D, 0x5C, 0x01, 0x6E, 0x8B, 0xB3, 0x6D, 0x54, 0x7B, 0x3B, 0xDD,
    0xB9, 0x8E, 0xB3, 0xD6, 0x50, 0xD8, 0x77, 0x14, 0xCF, 0x61, 0x40, 0x74, 0x79, 0x19, 0x67, 0xB2,
    0xC1, 0xC4, 0xC2, 0xD1, 0x85, 0xB5, 0x1E, 0x85, 0xAD, 0x53, 0xC5, 0x5F, 0x28, 0xED, 0x01, 0xE1,
    0x44, 0x47, 0xE6, 0xAA, 0xD0, 0x68, 0xB4, 0x1A, 0x5E, 0x0E, 0xE0, 0x4C, 0xBD, 0xCD, 0xE0, 0x35,
    0x86, 0x33, 0xC3, 0x02, 0xDD, 0xF6, 0x4B, 0x33, 0x36, 0x5C, 0xE0, 0x7B, 0xA4, 0xFD, 0x51, 0xB7,
    0x19, 0x64, 0x7C, 0xA4, 0x49, 0xBE, 0xF8, 0x1D, 0x30, 0x9F, 0xCF, 0xD8, 0xA7, 0x23, 0x56, 0x5B,
    0x9C, 0x82, 0xD7, 0x16, 0xFF, 0x30, 0x20, 0x36, 0x22, 0x4D, 0xA2, 0xAB, 0x57, 0xBF, 0x0B, 0x4D,
    0xC2, 0x44, 0xCC, 0x78, 0x53, 0x9F, 0x7E, 0x95, 0xBC, 0xE4, 0xAE, 0xA1, 0xDB, 0x76, 0x60, 0x93,
    0xC8, 0x26, 0xD5, 0xB3, 0x99, 0xED, 0x64, 0xB3, 0x4F, 0x76, 0xE9, 0x92, 0xD3, 0xE7, 0xC9, 0x77,
    0x5F, 0x45, 0xFF, 0xFE, 0x67, 0xA3, 0x58, 0x1B, 0x04, 0x1B, 0x0E, 0x85, 0x57, 0x45, 0xA2, 0x49,
    0x4D, 0x34, 0x93, 0x19, 0x4D, 0xB6, 0xC1, 0x2E, 0x85, 0x6A, 0x83, 0x1B, 0xDE, 0xEF, 0xFD, 0xFB,
    0xCF, 0x5A, 0x6F, 0x15, 0x69, 0x0A, 0x6B, 0xE5, 0xB0, 0x3B, 0x6F, 0x31, 0xE0, 0x5F, 0xD4, 0x36,
    0xD8, 0xE4, 0x47, 0xDF, 0xDB, 0x51, 0xD8, 0x18, 0x04, 0x1F, 0xA4, 0x1F, 0x5A, 0xD1, 0x33, 0x56,
    0xE7, 0xCB, 0x1E, 0x48, 0x97, 0x7E, 0x5D, 0xF6, 0xD5, 0xEC, 0x35, 0x79, 0xED, 0x6F, 0xF7, 0xEB,
    0x1B, 0x35, 0xAB, 0x77, 0x83, 0xD8, 0xA7, 0x41, 0x3E, 0xD2, 0x8B, 0x66, 0xA6, 0x2A, 0x84, 0x23,
    0xF0, 0x43, 0x1A, 0x9D, 0xB6, 0xFD, 0x72, 0x2E, 0xE9, 0xD8, 0x70, 0x72, 0x1F, 0xE4, 0x4D, 0x3B,
    0x88, 0x0B, 0x62, 0xE3, 0xC1, 0xA4, 0x53, 0x3D, 0xAD, 0xDA, 0xAA, 0x75, 0x7A, 0x6B, 0x2D, 0xDE,
    0xF5, 0x11, 0xA5, 0x19, 0x9F, 0x5F, 0xDD, 0x65, 0xFF, 0xF6, 0x24, 0x1A, 0xCD, 0xAA, 0x9D, 0x3B,
    0xCD, 0x83, 0xCE, 0xB7, 0x0F, 0xD4, 0x82, 0xDB, 0xF5, 0x76, 0xBD, 0xF8, 0x5E, 0xA4, 0x3D, 0x08,
    0x27, 0x21, 0x1F, 0xC8, 0xA7, 0x5D, 0x5E, 0xAA, 0x59, 0x4D, 0x1A, 0xF4, 0x72, 0xD4, 0x5D, 0x21,
    0x74, 0xDB, 0xCF, 0x8C, 0x14, 0x15, 0x79, 0x27, 0xE1, 0xFF, 0x10, 0x70, 0x1F, 0xF5, 0x58, 0x05,
    0xBB, 0x14, 0x66, 0x30, 0x09, 0x9A, 0x08, 0x57, 0xAC, 0x4D, 0xD8, 0x3D, 0xF0, 0xFD, 0xA1, 0x4E,
    0x42, 0x67, 0xD3, 0x01, 0x71, 0x53, 0x46, 0xE4, 0xDF, 0x33, 0x72, 0x7A, 0x9E, 0x90, 0x59, 0x23,
    0x92, 0x34, 0xE0, 0xC7, 0xA1, 0xC7, 0x87, 0x0E, 0x7C, 0xBB, 0x87, 0xDD, 0x52, 0x65, 0x8A, 0x73,
    0x3A, 0x17, 0x10, 0x6D, 0x71, 0xAB, 0xF8, 0x5C, 0x98, 0x40, 0x32, 0x9C, 0x33, 0xF5, 0xAC, 0xD8,
    0xD4, 0xB5, 0x3E, 0x48, 0x18, 0x18, 0x90, 0x9F, 0x67, 0xFC, 0xA3, 0xB4, 0xED, 0x35, 0xA3, 0x3D,
    0xF5, 0x19, 0xAA, 0xCB, 0x2D, 0x55, 0xA7, 0x97, 0x6C, 0x62, 0xA1, 0xAA, 0xD1, 0xB3, 0xD1, 0xEB,
    0xEB, 0x32, 0x20, 0xF0, 0xE2, 0x4F, 0x4D, 0xBA, 0x61, 0xA7, 0xA1, 0xB4, 0x78, 0xBB, 0x12, 0x57,
    0x34, 0x23, 0x2F, 0x66, 0xD7, 0x6E, 0x1B, 0xF3, 0x32, 0xBB, 0x69, 0xC5, 0x1E, 0xC1, 0xE3, 0x7A,
    0x1B, 0x6C, 0x68, 0xC6, 0x3A, 0xD5, 0xA9, 0x9A, 0x76, 0x33, 0x99, 0x23, 0xF7, 0x6B, 0xA5, 0x51,
    0x10, 0x38, 0xC0, 0x09, 0x8E, 0x90, 0x37, 0xCC, 0xEC, 0x26, 0xAA, 0x17, 0x93, 0x15, 0xD1, 0x11,
    0x04, 0xB4, 0xAD, 0x35, 0x98, 0xCF, 0x82, 0xFB, 0x45, 0x2C, 0xA5, 0x53, 0xCD, 0xAA, 0xF3, 0x0F,
    0x38, 0x20, 0x6D, 0x43, 0xB5, 0x64, 0xAB, 0xB3, 0xBC, 0x33, 0x95, 0x37, 0xA7, 0x3A, 0x1D, 0xEB,
    0x74, 0x65, 0x63, 0xA7, 0xA3, 0x7B, 0x16, 0x5E, 0x79, 0xF0, 0x72, 0x7A, 0xEC, 0xB3, 0xD1, 0x69,
    0xF2, 0x7F, 0x9D, 0x85, 0x59, 0x76, 0xB3, 0x54, 0xA9, 0x6B, 0xD2, 0xA0, 0xE1, 0x7C, 0x66, 0xA7,
    0xBD, 0xD5, 0xD1, 0xBF, 0xBD, 0xD6, 0xF9, 0xB8, 0xE1, 0xEA, 0x3B, 0x88, 0x6E, 0xFD, 0xE3, 0x27,
    0x2F, 0x22, 0xAC, 0xCE, 0xFF, 0xC7, 0x91, 0x14, 0x47, 0xCF, 0x43, 0xA5, 0x58, 0x0D, 0xBE, 0x8E,
    0xA2, 0x71, 0xD0, 0xF1, 0x08, 0xC3, 0xEE, 0x46, 0x61, 0xA0, 0x3E, 0xD3, 0x44, 0x24, 0x17, 0x6C,
    0x5B, 0xEB, 0x76, 0xAD, 0x60, 0x0F, 0x0C, 0xC5, 0x48, 0x15, 0x3B, 0x9E, 0xB1, 0xFD, 0x09, 0xDF,
    0x1E, 0xF1, 0xAC, 0xCD, 0xCB, 0x14, 0x97, 0x34, 0xE7, 0xEB, 0x8E, 0xBD, 0x6A, 0x22, 0xA2, 0x3D,
    0x7E, 0x81, 0x5D, 0xFB, 0x3F, 0xB9, 0xDD, 0xDC, 0x83, 0xFB, 0xA6, 0x0C, 0xC3, 0x78, 0x5A, 0x27,
    0x30, 0xD4, 0xD1, 0xA4, 0x66, 0x04, 0xD8, 0xFE, 0x73, 0x6C, 0x3D, 0x82, 0xB0, 0xE7, 0xC0, 0x11,
    0xF6, 0x74, 0xDC, 0x07, 0x20, 0x93, 0x77, 0x73, 0x35, 0xD5, 0x69, 0x5D, 0x4D, 0x34, 0xA3, 0x0D,
    0x2E, 0x28, 0x47, 0xBE, 0x56, 0xC2, 0x47, 0xD9, 0x7D, 0x14, 0xFD, 0xD0, 0x4A, 0x66, 0xC5, 0x99,
    0x75, 0x3A, 0x7C, 0x71, 0x33, 0x56, 0x0F, 0xD6, 0x4F, 0xD6, 0xE5, 0xAE, 0x8F, 0x7A, 0x84, 0x03,
    0x27, 0x32, 0xF6, 0xE1, 0xE3, 0xD9, 0xA9, 0x2E, 0xFE, 0xC3, 0xE9, 0x4A, 0x4A, 0xC9, 0xA4, 0x89,
    0xA7, 0xBD, 0x19, 0xF3, 0xC1, 0x86, 0x5C, 0x42, 0x9C, 0xCB, 0x29, 0x31, 0xDB, 0x87, 0xDF, 0x18,
    0xFF, 0xD6, 0x9B, 0xED, 0x55, 0x35, 0x9D, 0x0A, 0xEA, 0x34, 0xD8, 0x71, 0x1D, 0xBF, 0x99, 0xFA,
    0xF9, 0xD4, 0x68, 0x36, 0xA5, 0x0B, 0x61, 0xBF, 0xE1, 0xE4, 0x3E, 0xCD, 0x5E, 0x93, 0x0C, 0xBD,
    0xDC, 0xDA, 0x5C, 0xB7, 0xDB, 0x76, 0xBC, 0xDD, 0xB6, 0x67, 0xE1, 0xD6, 0xC1, 0xDA, 0xDA, 0x3F,
    0xE2, 0x14, 0xBF, 0x20, 0x3D, 0xB7, 0x3F, 0xCF, 0xB0, 0x2B, 0xEE, 0x74, 0xB4, 0x8F, 0x5A, 0xFB,
    0x0F, 0x8C, 0xC2, 0xD0, 0xBF, 0xEE, 0x7A, 0xD1, 0xED, 0xDA, 0x79, 0xAF, 0x14, 0x2C, 0x4A, 0xEE,
    0xF2, 0x25, 0xF7, 0x4B, 0x81, 0xDD, 0x07, 0xB3, 0x7F, 0x3B, 0xF9, 0xFA, 0x3A, 0xA3, 0x58, 0x32,
    0xEA, 0x6C, 0x10, 0x0D, 0xFE, 0x59, 0xC8, 0x4D, 0x5C, 0x4A, 0xAC, 0xBE, 0x3D, 0x08, 0xFB, 0x23,
    0x32, 0xE1, 0x13, 0x6E, 0x1B, 0xA1, 0x4C, 0x13, 0xF3, 0x1D, 0x1B, 0xB2, 0xB8, 0xFE, 0x38, 0x08,
    0x57, 0x7A, 0xA2, 0x7B, 0x9A, 0x91, 0x27, 0x13, 0x62, 0x12, 0xFB, 0x26, 0x60, 0xD2, 0x52, 0x7F,
    0x39, 0x55, 0x1A, 0xD1, 0x1E, 0xA5, 0xD2, 0xD6, 0x68, 0x70, 0x4F, 0xC6, 0xCE, 0x24, 0x21, 0x97,
    0x34, 0xFD, 0xEF, 0x93, 0x7B, 0x12, 0xEC, 0xD3, 0xDE, 0x2A, 0x66, 0xA1, 0x9E, 0xB7, 0xA3, 0x6D,
    0xEB, 0xA1, 0x87, 0x3D, 0x18, 0x4D, 0x56, 0x37, 0x97, 0x1D, 0x14, 0x83, 0x09, 0x3B, 0x22, 0x1A,
    0x44, 0x7B, 0xEE, 0x30, 0x90, 0xAB, 0xB4, 0x26, 0x65, 0xC2, 0xD0, 0x0E, 0xD8, 0xBE, 0xAC, 0xD6,
    0xB5, 0x6E, 0x2C, 0xBD, 0xE8, 0x99, 0x77, 0xD3, 0xF5, 0xDB, 0x3A, 0x36, 0xA3, 0x59, 0x1B, 0xDE,
    0xDF, 0xEC, 0xAA, 0x7D, 0x59, 0x75, 0x68, 0x52, 0x3D, 0x5D, 0xDB, 0x54, 0x89, 0xF3, 0x6E, 0x69,
    0xE2, 0xB5, 0x4D, 0xC7, 0xC2, 0x03, 0xDC, 0xE7, 0xA1, 0xD3, 0x30, 0x0F, 0xFC, 0x07, 0x9D, 0x96,
    0x01, 0xA4, 0x5D, 0xC9, 0x19, 0xC7, 0x7F, 0xE7, 0xCC, 0xDA, 0xD3, 0xCD, 0x69, 0x76, 0x4A, 0x0B,
    0xD5, 0xDD, 0x9C, 0xC5, 0xAA, 0x94, 0xF4, 0xCD, 0x6A, 0x83, 0xA8, 0xEC, 0x9D, 0x93, 0x0D, 0xA0,
    0x48, 0x01, 0x80, 0x2C, 0x00, 0x54, 0xD3, 0x6D, 0xB0, 0xE5, 0xE5, 0x9E, 0xD9, 0x84, 0x06, 0x41,
    0x0B, 0x00, 0xD5, 0xA2, 0x80, 0xD2, 0x58, 0x51, 0x59, 0xDE, 0xBD, 0x67, 0xB2, 0x41, 0x10, 0x64,
    0x24, 0x28, 0x20, 0xB3, 0x49, 0x81, 0xAA, 0x4C, 0xD2, 0xD3, 0x75, 0xB6, 0x99, 0xFB, 0xBE, 0xBE,
    0x7B, 0x2F, 0x7D, 0xD8, 0xE8, 0xBD, 0x9E, 0xF9, 0x7F, 0xE0, 0xFC, 0xFE, 0x73, 0xCC, 0xCC, 0xF7,
    0x7D, 0x3E, 0x15, 0xAB, 0xA8, 0x3C, 0x54, 0xAD, 0x3E, 0x58, 0x0D, 0x76, 0xB5, 0xA6, 0x00, 0x0D,
    0x48, 0x5B, 0x49, 0xD2, 0x12, 0xCD, 0x9F, 0x5B, 0x7B, 0x06, 0x7B, 0x1A, 0xFB, 0x11, 0x56, 0x9C,
    0x96, 0xB6, 0x1C, 0x29, 0x13, 0x34, 0x99, 0x6E, 0xC1, 0xF8, 0xAD, 0x32, 0x71, 0x20, 0x2D, 0x41,
    0x8B, 0x2F, 0x12, 0x07, 0x52, 0xE9, 0x1D, 0x2B, 0xA3, 0x95, 0xF8, 0x2E, 0xBC, 0x51, 0x38, 0x23,
    0xC1, 0x88, 0x6F, 0x2E, 0xB4, 0x56, 0xB7, 0xD6, 0xD0, 0x49, 0xDB, 0x4B, 0xFB, 0xCE, 0x37, 0xE8,
    0xE9, 0xB1, 0xE7, 0x32, 0xE6, 0xEE, 0x80, 0x7E, 0x1C, 0xA9, 0xC5, 0xA1, 0x04, 0xAA, 0x0C, 0x56,
    0x3C, 0x6A, 0x00, 0x2B, 0x2D, 0x2A, 0x41, 0x15, 0x81, 0xB1, 0x18, 0xCA, 0xA4, 0x96, 0x2B, 0x56,
    0x01, 0x40, 0x3B, 0xED, 0x9A, 0xD6, 0x60, 0xB1, 0x4C, 0xC0, 0x0C, 0x48, 0x56, 0xE9, 0x92, 0x1A,
    0x29, 0xC5, 0xD5, 0x92, 0x9A, 0xEB, 0x83, 0xB9, 0x9A, 0xB4, 0x04, 0x25, 0x2D, 0xC6, 0xFF, 0xB0,
    0x71, 0x9D, 0xD0, 0x8C, 0xEC, 0xEE, 0xE6, 0x3C, 0xDE, 0xC6, 0x8C, 0x14, 0x51, 0x53, 0xA3, 0xFC,
    0x5B, 0xCD, 0x17, 0xFE, 0x4C, 0x17, 0xC3, 0xA5, 0xB1, 0x0D, 0x9F, 0xA6, 0xC2, 0x7F, 0x3A, 0x9C,
    0xF7, 0xBF, 0x94, 0xFB, 0x9C, 0xED, 0x7E, 0x4F, 0x73, 0x6E, 0x58, 0xEE, 0x87, 0x19, 0xBA, 0x34,
    0xA6, 0x7F, 0xA7, 0x3E, 0x82, 0xBA, 0xEA, 0xF4, 0x7D, 0x6F, 0x4C, 0xBB, 0x77, 0x85, 0xBC, 0xC7,
    0x95, 0x09, 0xD6, 0x70, 0xFC, 0x38, 0x56, 0x72, 0x27, 0x19, 0x46, 0x8A, 0x81, 0x32, 0x15, 0x82,
    0x3E, 0xEF, 0x7F, 0x90, 0xC3, 0x8F, 0xC6, 0xF0, 0xAB, 0x5B, 0xFE, 0xA3, 0xEF, 0xBB, 0xB3, 0x9A,
    0x7A, 0xA0, 0x1B, 0xFB, 0x41, 0x47, 0x9B, 0x6E, 0x0F, 0x7D, 0xB2, 0x8E, 0xEF, 0xC0, 0x04, 0xAE,
    0x60, 0x24, 0x59, 0x49, 0xAC, 0xFC, 0xFC, 0x8C, 0x5E, 0xBC, 0x88, 0x87, 0xFA, 0x80, 0xFC, 0x6E,
    0x54, 0xFE, 0x04, 0x7D, 0xE8, 0x3D, 0x98, 0x60, 0x5C, 0xE3, 0xBF, 0xED, 0x7B, 0x3F, 0x45, 0xD1,
    0xB8, 0x39, 0x97, 0x50, 0xE9, 0x4A, 0x15, 0xF7, 0xEA, 0x90, 0xB5, 0x3F, 0xD0, 0xA8, 0xEF, 0x0C,
    0xCD, 0xDD, 0xB4, 0xDC, 0xEF, 0x65, 0xB2, 0x30, 0x81, 0xF7, 0xA1, 0x12, 0x31, 0xB2, 0xDF, 0xE5,
    0x59, 0x9F, 0xF7, 0x64, 0xCC, 0xFD, 0x90, 0xED, 0xF3, 0xB1, 0x7A, 0x31, 0xA8, 0x7F, 0xA5, 0xEA,
    0x69, 0xAA, 0x1F, 0x25, 0x7D, 0x2F, 0xBE, 0x66, 0x27, 0x27, 0x35, 0xA6, 0xD5, 0x6E, 0xCA, 0xEB,
    0xAD, 0x75, 0xB6, 0xD5, 0x68, 0x4E, 0xF0, 0x36, 0x3A, 0x9E, 0x4D, 0xB7, 0xD2, 0x67, 0xC9, 0x3A,
    0xA5, 0xDA, 0x83, 0xC3, 0x57, 0x8F, 0xA2, 0x7A, 0x91, 0x0E, 0xBC, 0xFA, 0x81, 0xB7, 0x86, 0x53,
    0x6F, 0x41, 0x0B, 0x75, 0xA8, 0xBD, 0xF6, 0x06, 0xE5, 0x77, 0xA9, 0xEE, 0x0C, 0xD4, 0xD7, 0x22,
    0xF5, 0x85, 0xDF, 0xB4, 0xD8, 0xC6, 0x91, 0xBB, 0xB6, 0x7C, 0xFE, 0x8C, 0xEA, 0xAE, 0xF8, 0xE6,
    0xBC, 0xF8, 0x09, 0x3B, 0xFF, 0xC7, 0xF3, 0x07, 0x8F, 0xED, 0x3C, 0xF9, 0xC7, 0xBE, 0x4C, 0x75,
    0x5B, 0xF9, 0xB3, 0x34, 0xED, 0xD2, 0x23, 0x4E, 0x27, 0x15, 0x75, 0xD0, 0xAE, 0x0E, 0x96, 0x22,
    0xED, 0x61, 0x9F, 0x24, 0xEC, 0xF5, 0xCF, 0x1D, 0xCD, 0x05, 0xCF, 0xC4, 0x7A, 0xC6, 0x97, 0x4E,
    0xBD, 0x90, 0xA0, 0x3F, 0x17, 0x6F, 0xD0, 0xB0, 0x03, 0x1D, 0x9C, 0x85, 0x77, 0x29, 0x47, 0xF4,
    0x88, 0x75, 0x4C, 0x5F, 0x63, 0x6E, 0xE8, 0x05, 0x9B, 0x69, 0x22, 0x70, 0x13, 0x8A, 0x7D, 0x56,
    0x30, 0x40, 0x31, 0x82, 0xCA, 0x50, 0x67, 0xD0, 0x19, 0xCC, 0x0C, 0xA6, 0x53, 0xC8, 0x96, 0xE2,
    0x20, 0x94, 0x08, 0xB5, 0x48, 0xAB, 0xBD, 0x71, 0x96, 0xC6, 0xC3, 0x31, 0x40, 0xA0, 0xF8, 0xFB,
    0x11, 0xFD, 0x33, 0x50, 0xD2, 0xA2, 0xAE, 0xB7, 0x47, 0xF2, 0x97, 0xE2, 0xA9, 0xFB, 0xA3, 0x79,
    0xAB, 0xBB, 0x1E, 0x7D, 0x3F, 0x50, 0xDF, 0xF0, 0x47, 0xF2, 0x33, 0x87, 0xF2, 0x01, 0x14, 0xF9,
    0x08, 0x5E, 0x25, 0xE2, 0x40, 0x8B, 0xB4, 0x60, 0x47, 0x80, 0x7E, 0x00, 0x4A, 0x19, 0x80, 0xFA,
    0x4B, 0xC9, 0xD0, 0x3C, 0x95, 0x11, 0xBA, 0x6B, 0x11, 0x10, 0x89, 0x2B, 0x4F, 0x00, 0x1D, 0xB5,
    0x64, 0xAC, 0xD3, 0x32, 0xB2, 0x2A, 0x66, 0x11, 0x2A, 0x11, 0x74, 0x3A, 0x85, 0xF1, 0x60, 0x59,
    0x47, 0x07, 0x58, 0xFF, 0x21, 0x56, 0x06, 0xB4, 0xAC, 0x8B, 0x99, 0x5B, 0x40, 0x06, 0x76, 0x41,
    0x0D, 0xC0, 0x31, 0x68, 0x22, 0x65, 0x04, 0x2A, 0xC9, 0xB5, 0x64, 0xED, 0x59, 0xAB, 0x59, 0xF5,
    0x2F, 0x0B, 0x6B, 0x75, 0x12, 0x7A, 0xF1, 0xF0, 0x47, 0x74, 0xE2, 0x44, 0xBB, 0x2D, 0x5F, 0x07,
    0xEC, 0xC0, 0xE5, 0x4B, 0xDB, 0xF2, 0xBB, 0xBB, 0xE4, 0xCC, 0x78, 0x7B, 0x5B, 0xFE, 0x0C, 0x74,
    0x2D, 0xDF, 0x6B, 0x81, 0x5A, 0xA2, 0x16, 0x4F, 0x86, 0x4C, 0x31, 0x52, 0x8E, 0xA8, 0x01, 0x95,
    0xD6, 0xA2, 0xDF, 0x47, 0x16, 0xA0, 0x1C, 0x9D, 0xE7, 0x33, 0xB6, 0xE5, 0x0D, 0x88, 0x2F, 0x1E,
    0xFA, 0x2D, 0xF9, 0xF2, 0xF9, 0xB2, 0x35, 0xA8, 0xA7, 0x71, 0x4B, 0xBE, 0x92, 0x81, 0x5A, 0xF6,
    0x59, 0xE7, 0x46, 0xE7, 0xB4, 0x37, 0xDE, 0x8E, 0x8D, 0xEF, 0x06, 0xE3, 0x4C, 0x6B, 0xB1, 0xE5,
    0x3E, 0x56, 0x32, 0x9D, 0x24, 0x7A, 0x69, 0xA1, 0x16, 0xD8, 0x59, 0x00, 0x50, 0xA5, 0x2A, 0xD6,
    0x43, 0x1D, 0x74, 0xD6, 0x5E, 0x2F, 0x0E, 0x42, 0xB4, 0x6F, 0xFA, 0x8B, 0xCE, 0x5C, 0x7C, 0xD6,
    0x5A, 0x2D, 0xD8, 0x4A, 0xB0, 0x4A, 0x98, 0x16, 0xFB, 0xCC, 0x59, 0x40, 0xE9, 0xA1, 0x1A, 0x81,
    0xDB, 0x00, 0xB0, 0xCE, 0x9D, 0xB6, 0x12, 0xF1, 0x3A, 0x2D, 0xBB, 0xAB, 0x0E, 0x96, 0x55, 0xF8,
    0x0E, 0xE3, 0xAD, 0xEB, 0x5B, 0x2B, 0xFB, 0x87, 0xB9, 0xC3, 0x49, 0x50, 0x19, 0xAA, 0xDF, 0x1D,
    0xCD, 0x5F, 0x0E, 0xA0, 0x17, 0xF0, 0xE6, 0xDB, 0x47, 0xF3, 0xAF, 0xCF, 0x7E, 0x34, 0x6F, 0xA3,
    0xC1, 0xDA, 0x96, 0x1D, 0x73, 0x24, 0xFF, 0xB1, 0x0A, 0x7B, 0xD1, 0x35, 0x42, 0x9D, 0xD1, 0x23,
    0x76, 0xC1, 0x6C, 0xCA, 0x7B, 0x27, 0x01, 0xC0, 0x7C, 0x15, 0x0B, 0x11, 0xBF, 0xDE, 0xAB, 0x0B,
    0xE6, 0xCE, 0xB3, 0x60, 0xAB, 0xDF, 0x06, 0xBB, 0xA3, 0x7D, 0x77, 0xCB, 0x78, 0x1B, 0xD6, 0x7B,
    0x19, 0x19, 0xF9, 0xAB, 0x38, 0x00, 0x78, 0x13, 0x4C, 0xE0, 0x75, 0x0F, 0x34, 0xCE, 0x1A, 0x67,
    0x2D, 0x73, 0xCB, 0xCC, 0x92, 0xA7, 0xE4, 0x59, 0x91, 0x17, 0xE5, 0x28, 0x75, 0xEA, 0x25, 0x5A,
    0x71, 0xF5, 0x02, 0x8A, 0x40, 0x13, 0xD9, 0x61, 0x5B, 0x5E, 0x7B, 0xBA, 0xC4, 0xAD, 0x9B, 0xDB,
    0xF2, 0xB7, 0xF7, 0xC8, 0x99, 0x61, 0xD8, 0x96, 0x2F, 0x1D, 0x58, 0x0F, 0xBF, 0x06, 0x80, 0xC3,
    0xA1, 0x26, 0xA1, 0x1F, 0x07, 0x6A, 0x69, 0x51, 0xFB, 0x50, 0xE6, 0xF5, 0xB3, 0xAB, 0x74, 0x18,
    0x55, 0x84, 0x2A, 0x51, 0xC7, 0x75, 0x85, 0x8C, 0x5A, 0x72, 0x73, 0x27, 0x9B, 0xAB, 0xE3, 0x6A,
    0x0E, 0x88, 0x56, 0xDA, 0x0E, 0xE6, 0x80, 0x89, 0x85, 0x8C, 0xEA, 0x79, 0xAE, 0xEE, 0x0C, 0xF6,
    0x5E, 0xB4, 0x0F, 0xA2, 0xBE, 0x31, 0x34, 0xE7, 0xB2, 0x21, 0xDB, 0x62, 0xB0, 0x5D, 0x9C, 0xF4,
    0x0E, 0xE0, 0x14, 0x4C, 0xC1, 0x38, 0x14, 0x40, 0xB9, 0xC8, 0x5A, 0x46, 0x7B, 0x7E, 0x98, 0xAA,
    0x34, 0x53, 0x29, 0xAB, 0x34, 0xD7, 0xB1, 0x93, 0xD0, 0x3C, 0xF3, 0x00, 0xA5, 0x43, 0x7B, 0x2C,
    0x9C, 0xDE, 0x02, 0x36, 0x0E, 0x89, 0x84, 0xB8, 0x99, 0x9C, 0xDE, 0x44, 0x12, 0x7F, 0x73, 0x9B,
    0xC9, 0x61, 0x2C, 0xFF, 0x33, 0x16, 0x29, 0x01, 0x9B, 0x61, 0xED, 0xF9, 0xC9, 0x4A, 0x66, 0x03,
    0xFC, 0xBA, 0xFC, 0x22, 0x34, 0x22, 0xC3, 0x71, 0x1D, 0x33, 0xDA, 0xE7, 0x46, 0x24, 0xCF, 0xB4,
    0x23, 0xDB, 0xD0, 0x8A, 0x48, 0xEC, 0x1E, 0x8A, 0x2B, 0xC4, 0x69, 0x09, 0xF6, 0x83, 0x76, 0x0A,
    0x7B, 0x90, 0x61, 0xFE, 0x06, 0x56, 0xD0, 0x5F, 0x51, 0x39, 0x74, 0x40, 0x45, 0x1A, 0x07, 0xC0,
    0x69, 0x58, 0x80, 0x85, 0x63, 0x00, 0xA5, 0xA0, 0xC5, 0x1B, 0x15, 0x3B, 0x89, 0xBD, 0x84, 0x3D,
    0x98, 0x17, 0x2B, 0xE3, 0x02, 0x00, 0x05, 0xC6, 0x31, 0x87, 0x0F, 0xB7, 0x80, 0x6D, 0x5B, 0x88,
    0x2F, 0x3F, 0xF1, 0x1B, 0xC9, 0x75, 0x27, 0x2D, 0x1F, 0x46, 0x60, 0x13, 0x7C, 0x8C, 0xC6, 0xD5,
    0xA1, 0xF0, 0xD0, 0xAC, 0xBB, 0x26, 0x96, 0x29, 0x33, 0xF6, 0xC8, 0x00, 0xA1, 0x4A, 0x8D, 0xFB,
    0x26, 0xAF, 0xFE, 0x5A, 0x47, 0x3B, 0x5E, 0x3E, 0xFD, 0xEA, 0x6F, 0x57, 0xDE, 0x5F, 0xCC, 0x3E,
    0xFE, 0x98, 0x57, 0x3B, 0xCF, 0x80, 0xDC, 0xA4, 0x0F, 0xEA, 0x1F, 0xA1, 0x94, 0xA8, 0x25, 0xD9,
    0x9F, 0xA6, 0xA9, 0x8A, 0x7B, 0x2A, 0xE6, 0xDA, 0xCF, 0x1B, 0x67, 0xF7, 0xD1, 0x03, 0x00, 0x93,
    0xCB, 0x48, 0xE2, 0x89, 0x07, 0xF4, 0x5F, 0x42, 0x23, 0xC9, 0x5C, 0x4B, 0x56, 0x2D, 0x35, 0xA9,
    0xE2, 0xB4, 0x0E, 0xB3, 0xD5, 0xF0, 0x0A, 0x70, 0x72, 0x9D, 0xCA, 0x2D, 0x15, 0xC0, 0xF2, 0xC1,
    0x56, 0xF0, 0xB4, 0x1C, 0x66, 0x65, 0x9A, 0x2D, 0xDF, 0x3B, 0x2C, 0xEB, 0x6F, 0x04, 0x40, 0xB5,
    0x34, 0x9E, 0x29, 0xBC, 0xB7, 0x19, 0x5E, 0xA7, 0x72, 0x11, 0xC2, 0x66, 0x72, 0x96, 0x96, 0xE4,
    0x3D, 0xB7, 0x91, 0x2C, 0xD2, 0xA0, 0xBE, 0x1C, 0x8A, 0x2F, 0x22, 0xB0, 0x01, 0xDE, 0x85, 0x0C,
    0x23, 0xC0, 0xFA, 0xFD, 0xCA, 0x48, 0x95, 0x50, 0x01, 0x80, 0xEE, 0x9F, 0x4A, 0x72, 0xFD, 0x24,
    0xEB, 0x1B, 0x0B, 0xF3, 0xF3, 0x99, 0x19, 0xB2, 0x79, 0x34, 0x68, 0x89, 0x93, 0x7D, 0x80, 0xAF,
    0x5F, 0x4B, 0xF3, 0xC9, 0x60, 0x3E, 0x48, 0x46, 0xAD, 0xEF, 0x30, 0x4E, 0xAB, 0xD0, 0x69, 0x6F,
    0xC5, 0x9B, 0x67, 0xFE, 0x6B, 0xD7, 0xB2, 0x01, 0x3E, 0xBC, 0x96, 0x4D, 0x64, 0x31, 0x1C, 0x1E,
    0x76, 0x23, 0x8C, 0x82, 0xE6, 0xB0, 0x24, 0x2C, 0xF9, 0xA0, 0x68, 0xCD, 0xF5, 0xD4, 0x3C, 0xF0,
    0xFA, 0xB1, 0xD3, 0x42, 0xBD, 0x40, 0x8D, 0xA8, 0x44, 0x15, 0xD0, 0x1E, 0x03, 0x13, 0x28, 0xFE,
    0x44, 0xF9, 0xBF, 0x01, 0xE1, 0xE5, 0x50, 0x49, 0xAE, 0xD3, 0x5C, 0xFB, 0xC9, 0x4A, 0xB3, 0x65,
    0x8B, 0x94, 0x64, 0x7B, 0x67, 0xC1, 0xC2, 0x14, 0x66, 0x00, 0x14, 0xEB, 0x3A, 0x79, 0x12, 0x61,
    0xFB, 0x7F, 0xF1, 0x5F, 0x9D, 0x98, 0x31, 0xAC, 0x1C, 0xC5, 0xDD, 0xC0, 0x7F, 0xBB, 0x83, 0x58,
    0xBE, 0x6F, 0x84, 0xC7, 0xC5, 0x57, 0x02, 0xDB, 0x7C, 0x05, 0x91, 0x1C, 0x4F, 0x43, 0x81, 0x92,
    0xE7, 0x9B, 0x0D, 0xF4, 0x4A, 0xA4, 0xA4, 0x87, 0xBE, 0x89, 0x22, 0xA5, 0x70, 0xF1, 0x7C, 0x3B,
    0xC6, 0x05, 0x25, 0x96, 0xD2, 0x0B, 0x8A, 0xF4, 0xA4, 0xA0, 0x00, 0xE9, 0xDD, 0xED, 0x04, 0x17,
    0x2E, 0x59, 0x94, 0x92, 0x82, 0x0D, 0x41, 0x4A, 0xE9, 0x09, 0x2C, 0x64, 0x91, 0xE7, 0xEE, 0x9F,
    0xBD, 0xBD, 0x7B, 0xF6, 0xF1, 0x64, 0xEE, 0x5D, 0x9E, 0x6E, 0xFE, 0x2B, 0xCB, 0x6F, 0xEF, 0xF7,
    0xFB, 0xEF, 0xCE, 0xCC, 0x7F, 0x66, 0x8E, 0x42, 0x02, 0x7A, 0x0C, 0x80, 0x6C, 0x00, 0x95, 0x40,
    0x27, 0x30, 0x09, 0xEC, 0x02, 0xE6, 0x73, 0x48, 0x8E, 0x6C, 0x0C, 0x25, 0x82, 0x16, 0xA9, 0x4C,
    0xB0, 0xDE, 0x51, 0x06, 0x00, 0x89, 0x48, 0x07, 0x00, 0xF9, 0x2A, 0x19, 0x19, 0xDC, 0x9B, 0xFD,
    0x5C, 0xC5, 0x85, 0x8A, 0x49, 0xC5, 0xA5, 0xE9, 0x6A, 0x69, 0xCB, 0x47, 0x01, 0x00, 0xF5, 0x30,
    0xA0, 0xA4, 0x82, 0x15, 0x57, 0xB2, 0x5D, 0x87, 0xEF, 0x22, 0x4D, 0xCB, 0xCD, 0x4B, 0x6C, 0xFF,
    0x35, 0x99, 0x5B, 0xC0, 0x47, 0x80, 0x00, 0x77, 0x0E, 0xA2, 0x67, 0x70, 0x1B, 0x9A, 0x8A, 0x19,
    0x70, 0x03, 0xF2, 0x04, 0xEA, 0x3E, 0x00, 0xD8, 0x81, 0x4C, 0x84, 0x62, 0x0C, 0x13, 0x6F, 0x60,
    0x03, 0x38, 0xB6, 0x51, 0x03, 0x2E, 0xBC, 0x8D, 0x93, 0x1E, 0x33, 0x46, 0x2E, 0x1E, 0x00, 0x05,
    0xD6, 0xB3, 0x84, 0xB7, 0x01, 0x32, 0xF1, 0x46, 0x5A, 0xF7, 0x46, 0x35, 0x87, 0x33, 0x48, 0xB0,
    0xFC, 0x1F, 0x9C, 0x60, 0x7E, 0x80, 0xBC, 0x07, 0xB3, 0x82, 0x6B, 0x2F, 0x5F, 0x59, 0xE6, 0xAA,
    0x4C, 0x42, 0x7E, 0x37, 0x5C, 0x62, 0xCA, 0x7A, 0x50, 0x03, 0xE4, 0xF1, 0xCA, 0x26, 0x0B, 0x0E,
    0x66, 0x00, 0x97, 0xC8, 0xCC, 0xFF, 0x82, 0x59, 0x83, 0xBA, 0xA2, 0xAC, 0x22, 0xFB, 0xBE, 0x43,
    0x3C, 0xB3, 0x4B, 0x4C, 0xD3, 0x8B, 0x2B, 0x13, 0x14, 0x1D, 0x00, 0x85, 0xF4, 0x68, 0x59, 0x63,
    0xA6, 0x81, 0x50, 0x7B, 0x13, 0x6C, 0x28, 0x43, 0xE9, 0xED, 0xF8, 0x71, 0x95, 0xC3, 0xE5, 0x6B,
    0x9C, 0x24, 0x6A, 0x89, 0x34, 0x52, 0x01, 0x3F, 0x3B, 0x81, 0xC5, 0x12, 0xCE, 0x4E, 0x20, 0xC5,
    0x7C, 0x9D, 0x30, 0x32, 0x30, 0x0E, 0x13, 0xE6, 0x2A, 0xB2, 0x18, 0xE3, 0x6C, 0x8C, 0xA5, 0xE9,
    0xA8, 0xA5, 0xA5, 0x7C, 0x1C, 0x9E, 0xE9, 0x70, 0x43, 0xE9, 0xEB, 0xFE, 0xA7, 0x1C, 0x77, 0xA0,
    0x90, 0x0A, 0x2D, 0x40, 0xE2, 0x90, 0xC3, 0xED, 0x1C, 0xD4, 0x89, 0x26, 0x01, 0x85, 0x24, 0x2D,
    0xC9, 0x04, 0xB6, 0xAD, 0x94, 0xD6, 0x4A, 0x70, 0x30, 0xB5, 0x4D, 0x4A, 0x8D, 0x6C, 0x7B, 0xBE,
    0xCB, 0xA5, 0x05, 0x80, 0x5C, 0x30, 0x12, 0xAC, 0xEA, 0x6A, 0xE9, 0x1A, 0x69, 0xCF, 0x60, 0x99,
    0xE1, 0x04, 0xB3, 0x02, 0xE0, 0xE4, 0x14, 0x17, 0x29, 0xDB, 0xA3, 0xE1, 0x55, 0xF6, 0x4D, 0x87,
    0x04, 0x66, 0x97, 0xC1, 0x8B, 0x80, 0x69, 0x31, 0xFE, 0x68, 0xF2, 0xFE, 0x90, 0x3A, 0x0C, 0x3F,
    0x0E, 0x78, 0x0B, 0x3E, 0x81, 0x06, 0xE6, 0x4F, 0x51, 0xEE, 0x1C, 0xD5, 0x4C, 0x28, 0xBD, 0x22,
    0xEB, 0x50, 0x2D, 0x2A, 0x91, 0xF5, 0xF0, 0xFA, 0x6D, 0x5C, 0x8F, 0x09, 0x47, 0xE6, 0xBC, 0x3F,
    0x32, 0x0F, 0x27, 0x7C, 0x71, 0x6A, 0x53, 0x4E, 0x73, 0xA0, 0x2A, 0x44, 0xBC, 0xE9, 0x5F, 0xD9,
    0xCE, 0x01, 0x25, 0x61, 0x0C, 0x5F, 0x63, 0x2B, 0x17, 0x1A, 0x9C, 0xAC, 0xF6, 0x27, 0x1C, 0x45,
    0xC4, 0x26, 0x5E, 0x7B, 0x15, 0xA0, 0x69, 0x94, 0x88, 0x69, 0xD7, 0xC6, 0x2F, 0x6C, 0x75, 0x66,
    0x49, 0xF6, 0xDE, 0xA6, 0x9E, 0x15, 0xEB, 0x1E, 0x15, 0x5F, 0xD0, 0x9D, 0x13, 0x6F, 0x57, 0x00,
    0x60, 0xCA, 0xAD, 0x59, 0xF5, 0x57, 0x33, 0x3F, 0x07, 0xB3, 0x53, 0x6C, 0x8F, 0x6E, 0x8F, 0x37,
    0xEF, 0x17, 0x98, 0xAB, 0x3E, 0xAF, 0xEA, 0xD0, 0x91, 0x22, 0x00, 0xC7, 0x8B, 0xAF, 0x22, 0x62,
    0x00, 0x12, 0xD0, 0x43, 0xDE, 0x02, 0x00, 0x11, 0x15, 0xD0, 0xED, 0xE4, 0x3F, 0x5A, 0xAE, 0x22,
    0x94, 0x09, 0x7E, 0x7E, 0x63, 0xD7, 0x63, 0x26, 0xE8, 0xCE, 0x04, 0xD3, 0x96, 0xC1, 0x04, 0xEB,
    0xC7, 0xA8, 0x4A, 0x11, 0xEC, 0x18, 0x6E, 0x13, 0xD5, 0x1C, 0xC7, 0x82, 0x9A, 0xC4, 0x92, 0x04,
    0xDA, 0xE3, 0x3A, 0x3E, 0x89, 0x40, 0x56, 0x6D, 0xEC, 0xBB, 0xF1, 0xF7, 0x61, 0x5B, 0x4A, 0xB4,
    0xF7, 0xA2, 0x53, 0x9B, 0x36, 0x2B, 0xBA, 0xB9, 0x6E, 0x17, 0x26, 0x24, 0x13, 0x54, 0xD4, 0xDD,
    0x18, 0xED, 0x88, 0x1C, 0x9C, 0x48, 0xD4, 0x1B, 0x95, 0x88, 0x1F, 0x63, 0xAB, 0xF2, 0x8E, 0xA9,
    0x0C, 0xB1, 0xC4, 0xB1, 0xA2, 0x68, 0xB1, 0x09, 0x97, 0x2E, 0xC1, 0x22, 0x51, 0x3D, 0x0A, 0x80,
    0x96, 0xCE, 0x48, 0x20, 0x41, 0x22, 0x1B, 0xC8, 0x07, 0xD4, 0xE6, 0x91, 0x77, 0xAD, 0x59, 0x23,
    0x2B, 0xC0, 0x9E, 0xBA, 0xE1, 0x0F, 0x1D, 0x94, 0xDE, 0x4E, 0x2E, 0xC7, 0x9C, 0x05, 0x67, 0x24,
    0x72, 0x89, 0xB9, 0x74, 0x47, 0x83, 0x5C, 0x72, 0x03, 0x3C, 0x0B, 0x04, 0xB0, 0xAD, 0x3C, 0x35,
    0x47, 0xE3, 0x6E, 0x9D, 0xBA, 0xA8, 0xFD, 0x33, 0x70, 0x47, 0x7D, 0xBF, 0x08, 0x18, 0x30, 0x11,
    0x1D, 0x00, 0xEE, 0xB0, 0xE6, 0x0C, 0x20, 0x1B, 0xF2, 0x5E, 0xC5, 0xCD, 0xA7, 0xE8, 0x74, 0xAB,
    0x83, 0x09, 0x37, 0x39, 0xA1, 0xF6, 0xB3, 0xFD, 0x0A, 0x76, 0x8C, 0x61, 0xCA, 0xCB, 0x3E, 0x23,
    0xAF, 0x6D, 0x23, 0x51, 0x8A, 0x9F, 0xBE, 0x3E, 0x11, 0xFA, 0x09, 0x12, 0x9F, 0x72, 0x8A, 0xCD,
    0x35, 0x37, 0x1D, 0x2A, 0x96, 0x12, 0x46, 0x66, 0x29, 0x15, 0xB2, 0x2A, 0x56, 0xA0, 0xBA, 0x53,
    0x1D, 0x57, 0x45, 0x3B, 0x00, 0x80, 0xF9, 0xB4, 0x37, 0xF7, 0x62, 0xF9, 0x66, 0xB4, 0x2A, 0xBA,
    0xA2, 0x73, 0xBA, 0x9D, 0x99, 0x70, 0xC7, 0x84, 0x33, 0x13, 0x28, 0x3D, 0x8E, 0x7C, 0x0D, 0x03,
    0x1B, 0x87, 0x59, 0x6D, 0x8B, 0xD4, 0x88, 0xA3, 0x59, 0x21, 0xE9, 0xBC, 0x02, 0x06, 0xAC, 0xC7,
    0x55, 0xFF, 0x5F, 0x4F, 0x7F, 0x49, 0xD8, 0x0E, 0x80, 0x9A, 0x5C, 0x82, 0x7A, 0xC7, 0x03, 0x24,
    0xD8, 0xA6, 0xBA, 0xF7, 0xA4, 0x45, 0x87, 0x6E, 0x77, 0x00, 0x81, 0x33, 0x28, 0xA2, 0x0D, 0xBA,
    0x6B, 0x30, 0x7F, 0x1B, 0x30, 0x5F, 0xB6, 0x18, 0xA9, 0x28, 0x05, 0xAC, 0x54, 0xB8, 0x0F, 0x03,
    0xCE, 0x74, 0xB8, 0x22, 0x52, 0xAB, 0x81, 0x25, 0x2B, 0x00, 0xB2, 0x9E, 0x0D, 0x15, 0x22, 0x28,
    0x0F, 0xCF, 0xDF, 0xDF, 0x9B, 0x1E, 0xF7, 0x52, 0xF9, 0x5E, 0x67, 0x9B, 0xCA, 0x25, 0x36, 0x6D,
    0xCD, 0xDC, 0xB1, 0xB0, 0x21, 0x99, 0x16, 0x28, 0x5A, 0x8A, 0x0E, 0x15, 0xB8, 0xC6, 0xF9, 0x9D,
    0x75, 0xE5, 0x56, 0xFB, 0x77, 0xFA, 0x64, 0x02, 0x37, 0xC8, 0xD3, 0x6E, 0x9B, 0x57, 0x44, 0x74,
    0x87, 0x39, 0xE7, 0x97, 0x7E, 0x7A, 0x72, 0xA6, 0x26, 0xA1, 0x96, 0xD0, 0x48, 0xE0, 0xFF, 0xF2,
    0xA4, 0xBF, 0xDE, 0x24, 0xA2, 0x5B, 0x13, 0xC6, 0x8F, 0x3F, 0x1F, 0x64, 0xB3, 0xA9, 0x33, 0xD3,
    0x71, 0x14, 0x28, 0xCE, 0xCB, 0xCC, 0x35, 0xC8, 0xFE, 0xBC, 0x1B, 0x59, 0x5D, 0xD1, 0xFD, 0x18,
    0x0B, 0x33, 0x1C, 0xB7, 0xF8, 0x0B, 0x40, 0xF1, 0x4D, 0xAF, 0xBF, 0xEA, 0xCD, 0xE7, 0xD1, 0x3C,
    0xF0, 0x3F, 0x45, 0x7E, 0xFE, 0x4F, 0x41, 0x7F, 0xD1, 0x99, 0x07, 0xC1, 0x7C, 0x86, 0xF1, 0xD3,
    0x3D, 0x15, 0xEE, 0x7C, 0x78, 0xCE, 0x61, 0x01, 0xE9, 0xC2, 0xA3, 0x7E, 0x1A, 0xCB, 0x7B, 0xD1,
    0xBE, 0x13, 0x2E, 0xA2, 0xF6, 0xDF, 0xB5, 0xA7, 0x7C, 0x1F, 0x5B, 0xE3, 0x5E, 0xBE, 0x80, 0xDA,
    0xEB, 0xEE, 0x01, 0x93, 0xA8, 0x07, 0x24, 0xD0, 0x6C, 0xBD, 0xD2, 0x39, 0x69, 0x47, 0x60, 0xFE,
    0xC1, 0x6E, 0xDA, 0xF4, 0x26, 0x35, 0x7D, 0x13, 0x7E, 0xFF, 0x64, 0x62, 0xC2, 0xAB, 0xA0, 0x12,
    0x14, 0xF7, 0x01, 0x28, 0xA6, 0xBB, 0x74, 0x6B, 0x92, 0x09, 0x66, 0x35, 0x86, 0x98, 0x50, 0x36,
    0x6F, 0x79, 0xFB, 0xD6, 0xA3, 0xCA, 0x19, 0xC1, 0x15, 0x63, 0x28, 0x61, 0x9E, 0xAD, 0x9F, 0x0E,
    0x92, 0xE9, 0x55, 0xBA, 0x6A, 0x83, 0xE2, 0x50, 0x79, 0xBB, 0x0A, 0x9C, 0x33, 0x20, 0x01, 0x1F,
    0x43, 0xD6, 0x1E, 0xC4, 0x03, 0x6A, 0x6F, 0xD4, 0x71, 0xED, 0x95, 0xDD, 0x12, 0x1C, 0xAF, 0xF6,
    0x68, 0xD7, 0xAF, 0xB3, 0xE8, 0x71, 0x1D, 0x65, 0xC5, 0x41, 0xB1, 0x09, 0x50, 0x02, 0x33, 0xE0,
    0x64, 0x21, 0x20, 0xE2, 0x59, 0x59, 0xCF, 0x50, 0xFA, 0x6C, 0xB0, 0x55, 0xDE, 0x3B, 0x54, 0xDC,
    0xC4, 0x0C, 0xD5, 0xCD, 0x9F, 0x64, 0xA2, 0x7F, 0x94, 0xC9, 0xFB, 0x53, 0x26, 0xF6, 0xD7, 0xCF,
    0xC8, 0x24, 0x4B, 0x60, 0x06, 0xD0, 0xED, 0x85, 0x34, 0xBA, 0xFD, 0x34, 0x70, 0x3E, 0x13, 0x18,
    0xD8, 0x4D, 0x6B, 0x00, 0xB0, 0x4F, 0x56, 0xE6, 0x60, 0xA2, 0x6D, 0xAD, 0x37, 0xAD, 0x63, 0x8A,
    0x50, 0x63, 0x83, 0xF3, 0x4D, 0xE5, 0x64, 0xBD, 0xBF, 0x32, 0xEF, 0x9F, 0x3C, 0x33, 0xF1, 0x66,
    0xD2, 0xCD, 0xF3, 0x7E, 0x91, 0xC7, 0xC5, 0xE6, 0xC0, 0xD6, 0x3A, 0xF1, 0x7A, 0xB8, 0xB8, 0xCD,
    0xB9, 0xB2, 0xED, 0xBB, 0x88, 0x04, 0x6E, 0x5E, 0x6A, 0x0B, 0x15, 0xC5, 0x3F, 0x5A, 0xCC, 0x7B,
    0x81, 0x17, 0x5E, 0xBC, 0x9A, 0x6D, 0xEC, 0xD1, 0xD3, 0x21, 0x7B, 0x1C, 0xD5, 0xC3, 0xEA, 0x12,
    0x9B, 0x15, 0x19, 0x46, 0xB4, 0xF4, 0xBA, 0x2F, 0x3D, 0x26, 0xD8, 0x0A, 0x5B, 0xB9, 0x0A, 0x87,
    0x93, 0xB0, 0xB9, 0xF8, 0x9A, 0x39, 0xB8, 0xE9, 0x12, 0x16, 0x50, 0x8A, 0x48, 0x28, 0x44, 0xC4,
    0x67, 0xF2, 0xEE, 0x0A, 0x23, 0x22, 0x6C, 0x76, 0x2B, 0xDE, 0xE5, 0x22, 0x7E, 0x31, 0x5D, 0x54,
    0x84, 0xA5, 0x4E, 0xCF, 0xE1, 0x44, 0x12, 0x7A, 0xB0, 0x3D, 0x64, 0x1D, 0x65, 0xE4, 0xE6, 0xEE,
    0xDC, 0x34, 0xED, 0x7D, 0xD7, 0x26, 0xCC, 0x4D, 0x58, 0x94, 0x77, 0x93, 0x95, 0xB8, 0xD1, 0x95,
    0xC1, 0x99, 0xB1, 0x9B, 0xE3, 0x04, 0x80, 0x17, 0xA1, 0x26, 0x1B, 0x20, 0x00, 0x98, 0xF7, 0x29,
    0x05, 0xBB, 0xC2, 0x6D, 0x8B, 0xD1, 0x7E, 0x95, 0x39, 0x0E, 0x98, 0x4F, 0x15, 0x24, 0xEF, 0x28,
    0x3C, 0xEA, 0x9F, 0xA1, 0x90, 0xA0, 0xA5, 0x32, 0xDD, 0x5E, 0x01, 0xAD, 0x70, 0xC0, 0x79, 0xDD,
    0x39, 0x81, 0x08, 0xBC, 0xFE, 0x47, 0x5C, 0xC4, 0x04, 0x8E, 0x15, 0x55, 0xEA, 0x8B, 0x90, 0x0B,
    0x9C, 0x5D, 0x92, 0x36, 0xDC, 0xA6, 0x18, 0xD0, 0x7E, 0xD7, 0xC5, 0x22, 0x2A, 0x9E, 0x14, 0x11,
    0xBD, 0xE9, 0xE9, 0x98, 0x4B, 0xC2, 0xA6, 0x17, 0xB2, 0x64, 0xDF, 0xE8, 0x9D, 0x74, 0x5A, 0x2A,
    0x00, 0x05, 0xE5, 0x8F, 0x4E, 0xFB, 0x5A, 0x5A, 0xF3, 0xA0, 0x32, 0x5F, 0xA3, 0x05, 0x1A, 0xFF,
    0x52, 0xE9, 0x9D, 0x50, 0x0E, 0xA0, 0x22, 0x65, 0x9A, 0xB6, 0x8A, 0x47, 0xC3, 0x5D, 0x95, 0x49,
    0x9B, 0xDF, 0x6D, 0x0F, 0x93, 0x8F, 0xA2, 0x7D, 0x04, 0x09, 0x4E, 0x51, 0xFD, 0x21, 0xD4, 0x76,
    0x0F, 0xAC, 0x3A, 0x4A, 0x3F, 0x9D, 0x5D, 0x4C, 0x42, 0xC5, 0x63, 0x13, 0xDE, 0x9D, 0x8E, 0x02,
    0x33, 0x0E, 0x27, 0xEC, 0x24, 0xD5, 0x92, 0x1A, 0x19, 0x48, 0xE4, 0x7B, 0xBB, 0x87, 0xFD, 0xC5,
    0x49, 0x43, 0xE9, 0xD1, 0x5B, 0xD8, 0xEF, 0x20, 0xC1, 0x80, 0x11, 0x4A, 0xD9, 0xDF, 0x67, 0xA0,
    0x03, 0x66, 0xDB, 0xC0, 0x3E, 0xB9, 0xFF, 0xEF, 0x6D, 0x26, 0x81, 0x39, 0x70, 0x94, 0x0B, 0xAA,
    0x69, 0x20, 0xC6, 0xEC, 0xB7, 0xAD, 0xFA, 0x1E, 0xD5, 0xE1, 0x12, 0x75, 0xDA, 0x1F, 0x87, 0x58,
    0x70, 0xE0, 0x2E, 0x02, 0x31, 0x82, 0x59, 0x5F, 0x04, 0x66, 0xBF, 0xD9, 0xAC, 0xE9, 0x2E, 0xD5,
    0x53, 0x8D, 0x6E, 0xA2, 0xC4, 0xED, 0xB2, 0x87, 0x1B, 0x78, 0x1C, 0x81, 0xD2, 0x3B, 0xEB, 0x9D,
    0x63, 0xE9, 0x58, 0x38, 0xD2, 0x9C, 0xB4, 0xC8, 0xD2, 0x2A, 0x1F, 0x44, 0xC7, 0x46, 0xBA, 0x4D,
    0x29, 0x58, 0x01, 0xB0, 0x88, 0x48, 0x97, 0x3D, 0xF4, 0x40, 0x79, 0xB7, 0xB7, 0x6F, 0x44, 0xAB,
    0x76, 0xF5, 0x77, 0x5E, 0xB4, 0xB5, 0x09, 0x4E, 0x82, 0x7D, 0x14, 0x68, 0x06, 0xA4, 0x3F, 0x1E,
    0xBB, 0x5F, 0x67, 0x0F, 0x61, 0x81, 0xDB, 0x1F, 0xE1, 0x22, 0xD6, 0x1F, 0x0F, 0xDF, 0x2F, 0xAB,
    0x87, 0xE0, 0x65, 0xE0, 0x56, 0x87, 0xF5, 0xC7, 0x62, 0x4B, 0xCF, 0x2F, 0x02, 0xBF, 0x3C, 0x82,
    0xFC, 0x7C, 0x06, 0xB6, 0x84, 0xC5, 0x12, 0xAE, 0x7F, 0x00, 0xDB, 0xDC, 0xB1, 0xFE, 0xFC, 0x58,
    0xB4, 0xC0, 0x91, 0x18, 0x4D, 0x8C, 0x2A, 0x46, 0x17, 0xA3, 0x8C, 0xD1, 0xC6, 0xA8, 0x63, 0xF2,
    0xED, 0x15, 0xEC, 0xC3, 0xB6, 0x5D, 0xFA, 0xD5, 0xFC, 0x59, 0xE9, 0x47, 0x27, 0x41, 0xAF, 0x21,
    0x92, 0x7F, 0x4D, 0xBE, 0x82, 0xE1, 0x10, 0x8A, 0x5B, 0xF0, 0x31, 0x08, 0xDC, 0x01, 0x12, 0x50,
    0x08, 0xA0, 0x35, 0x00, 0xB0, 0x04, 0x13, 0x96, 0xD9, 0x7D, 0xEB, 0xE7, 0x2A, 0x3A, 0x6A, 0x13,
    0x97, 0xB8, 0x32, 0x26, 0x9C, 0xFB, 0x6E, 0xC0, 0x2D, 0x1E, 0x47, 0xDC, 0x20, 0x1D, 0x2E, 0x4A,
    0xC0, 0xB5, 0x8D, 0xC7, 0x86, 0x1A, 0x6C, 0x35, 0x03, 0xE0, 0xE9, 0x71, 0xF5, 0xD5, 0x97, 0x00,
    0x70, 0x64, 0x83, 0x2B, 0xEE, 0x45, 0x67, 0x1E, 0x76, 0xD6, 0x7E, 0x16, 0x6C, 0xF3, 0xA8, 0x2A,
    0xFF, 0x2D, 0x98, 0x6F, 0x57, 0x98, 0x4F, 0x13, 0xE6, 0x6E, 0x04, 0x5B, 0x81, 0xB4, 0xF0, 0x79,
    0x0B, 0x40, 0x43, 0x83, 0xFB, 0x55, 0xC2, 0x3E, 0x88, 0xD3, 0x5E, 0x5E, 0x4B, 0x85, 0x5A, 0x43,
    0x9E, 0x20, 0xEF, 0x27, 0xC5, 0x93, 0x28, 0x3A, 0x78, 0x52, 0xC5, 0xB2, 0xBF, 0xB6, 0x80, 0x23,
    0xB9, 0x37, 0x7B, 0xFB, 0x6E, 0x2C, 0x3F, 0x0B, 0xE6, 0x4B, 0x6F, 0x04, 0xBD, 0x42, 0x0D, 0xD3,
    0xFC, 0x99, 0x66, 0x8E, 0x85, 0x19, 0x64, 0xFF, 0x8A, 0xA8, 0x6F, 0x7B, 0xD4, 0x57, 0xDD, 0x15,
    0xAD, 0x1F, 0x60, 0x22, 0xAF, 0x54, 0x40, 0x21, 0xA2, 0x65, 0xAD, 0x25, 0x51, 0x44, 0x4C, 0xC0,
    0x41, 0x42, 0x6D, 0xFF, 0x29, 0x51, 0xA6, 0x06, 0x90, 0xFB, 0xE9, 0xBF, 0x2A, 0x5E, 0x03, 0xD0,
    0x12, 0x8D, 0x44, 0xCA, 0x40, 0x0D, 0x2B, 0x54, 0x8F, 0x69, 0x71, 0x12, 0x9C, 0xF8, 0xFD, 0x5F,
    0xBA, 0x8E, 0x85, 0x1B, 0x8F, 0x0D, 0x94, 0xC0, 0x65, 0xF0, 0xFD, 0x9F, 0xA4, 0x8E, 0x82, 0x5F,
    0xE7, 0x87, 0x48, 0xDD, 0x62, 0x2F, 0x21, 0xFF, 0x07, 0xB5, 0x95, 0x47, 0xB0, 0xE5, 0x38, 0x15,
    0x86, 0x3F, 0xDB, 0x5D, 0xB8, 0xAB, 0x04, 0xAD, 0xB7, 0x27, 0x78, 0x76, 0x64, 0x44, 0xCE, 0xFD,
    0x64, 0xF2, 0x92, 0xB8, 0x6F, 0xF6, 0x45, 0xCE, 0xF1, 0x5E, 0x37, 0x39, 0xA7, 0x7D, 0xD5, 0xEC,
    0x37, 0xE4, 0xCC, 0xBD, 0xCF, 0x22, 0x67, 0xD0, 0x54, 0xEF, 0x88, 0x26, 0x67, 0x10, 0x60, 0xC0,
    0x03, 0xF2, 0x3D, 0x48, 0xCF, 0x75, 0x27, 0xCF, 0xBC, 0x40, 0x21, 0x4B, 0x47, 0x2F, 0xC8, 0xDF,
    0x39, 0x3A, 0xD6, 0xF9, 0xC5, 0xD2, 0x36, 0xC0, 0x88, 0x91, 0x50, 0x88, 0xB8, 0x3A, 0x0D, 0x1D,
    0x8C, 0x37, 0x9D, 0x1E, 0x2C, 0xDA, 0xA7, 0xE1, 0x2C, 0xC6, 0xD9, 0xAE, 0x6F, 0xAD, 0xEC, 0xD0,
    0x32, 0x51, 0x4A, 0x07, 0x18, 0xB8, 0x5C, 0xC8, 0xA4, 0x25, 0x98, 0x37, 0x8F, 0xB6, 0x1C, 0xB7,
    0x65, 0xD8, 0x56, 0xA1, 0x4F, 0xAF, 0x48, 0xAB, 0x26, 0x58, 0x5A, 0x80, 0x6A, 0x68, 0x3A, 0xEB,
    0x4C, 0x67, 0xB1, 0xED, 0x0A, 0xCB, 0x16, 0x4B, 0x64, 0x45, 0x64, 0x5B, 0x44, 0xE6, 0x72, 0x42,
    0x54, 0xA0, 0x97, 0x01, 0x2B, 0x1D, 0x6A, 0x06, 0x50, 0x2D, 0x18, 0x9A, 0xAB, 0x33, 0xE6, 0xC9,
    0x01, 0x53, 0x05, 0xEC, 0xF1, 0x18, 0x38, 0xAC, 0x07, 0xD6, 0xDA, 0x61, 0xC5, 0x61, 0xFE, 0xE2,
    0x00, 0x78, 0xD0, 0x83, 0x00, 0x30, 0x13, 0x00, 0xCA, 0xB3, 0x34, 0x6A, 0x19, 0x2B, 0x11, 0x94,
    0xEC, 0xF2, 0xA4, 0x45, 0x9E, 0x21, 0x33, 0xDA, 0xAD, 0xBB, 0x6A, 0x4C, 0x93, 0x71, 0xDA, 0xD3,
    0xB8, 0x14, 0x5C, 0x8B, 0xE9, 0x4C, 0x37, 0x83, 0x6D, 0x6D, 0x35, 0x82, 0x2D, 0x77, 0xDA, 0x83,
    0x95, 0x68, 0x65, 0x62, 0x2D, 0x61, 0x2D, 0x23, 0xBD, 0xB4, 0xBD, 0x04, 0x00, 0x0E, 0x0E, 0x00,
    0x6E, 0x1C, 0x13, 0x1F, 0xEB, 0x13, 0x9E, 0x26, 0xD3, 0x5B, 0x32, 0xFC, 0xED, 0x12, 0x12, 0xFB,
    0xDB, 0x12, 0x32, 0x5A, 0xFB, 0x4C, 0xB6, 0x6D, 0x7A, 0x98, 0x33, 0xB7, 0x1A, 0x33, 0x56, 0x0F,
    0x99, 0x6A, 0xC5, 0x25, 0x68, 0xB2, 0x40, 0x51, 0x00, 0xF7, 0xD7, 0xD7, 0xB7, 0xB0, 0xAD, 0x66,
    0x60, 0x53, 0x8C, 0x40, 0x04, 0xCA, 0x5D, 0x5C, 0x4B, 0x4E, 0x7C, 0x2F, 0xD8, 0xA7, 0x8C, 0xCC,
    0xAC, 0xAA, 0x90, 0x38, 0x29, 0xDB, 0xDA, 0xB3, 0xA9, 0x82, 0x6D, 0x39, 0xD2, 0xC3, 0x8E, 0xC4,
    0xBC, 0x26, 0x91, 0xE6, 0x3F, 0x5F, 0x4E, 0xB6, 0x0E, 0x54, 0x12, 0xD4, 0x40, 0x2D, 0x69, 0x59,
    0xB2, 0x83, 0x76, 0x70, 0x44, 0xB6, 0x5B, 0x9A, 0x0E, 0x22, 0x26, 0x5B, 0x2C, 0x14, 0x53, 0xB6,
    0x6F, 0xCE, 0xB1, 0x7D, 0x5D, 0x02, 0xEB, 0x64, 0x3D, 0xBD, 0x7C, 0x51, 0x00, 0x30, 0x00, 0x36,
    0x13, 0x0F, 0x49, 0x40, 0x48, 0x3C, 0x32, 0x68, 0x93, 0x4D, 0x4C, 0xB0, 0x85, 0x95, 0x20, 0x0B,
    0xA9, 0xCC, 0xA0, 0x2F, 0x67, 0x4E, 0x32, 0xBD, 0x7C, 0x79, 0x00, 0xEA, 0x6C, 0xB4, 0x03, 0xFA,
    0x0E, 0xB8, 0x0C, 0x30, 0xDD, 0xED, 0x43, 0x51, 0xDD, 0x30, 0x6A, 0x47, 0xEE, 0x6F, 0x0E, 0xCD,
    0x9B, 0x07, 0xF3, 0x0C, 0x6F, 0x95, 0xB3, 0xDA, 0x1D, 0x6A, 0xB7, 0xD2, 0xDD, 0xB6, 0xE9, 0xA2,
    0x69, 0xB1, 0xD0, 0x53, 0x45, 0xCA, 0x40, 0x1D, 0xEA, 0x41, 0x8B, 0x53, 0xA3, 0xF2, 0x69, 0xD2,
    0x51, 0xBB, 0x3C, 0xCD, 0x39, 0x10, 0xB4, 0x68, 0x57, 0x4C, 0x34, 0xFD, 0x95, 0xAE, 0x9C, 0x30,
    0x57, 0xFE, 0xD2, 0xE6, 0x43, 0xA3, 0x85, 0x3C, 0xD5, 0x52, 0xAA, 0x34, 0x55, 0xA2, 0xC5, 0xB3,
    0x2A, 0x76, 0x5A, 0x3A, 0x8E, 0x98, 0x73, 0xB2, 0xD9, 0x07, 0xB4, 0xCB, 0xF4, 0x4D, 0x66, 0x93,
    0xC9, 0x24, 0xEE, 0x17, 0xA7, 0x44, 0xFD, 0xD2, 0x98, 0x98, 0x6F, 0x0A, 0x89, 0xF8, 0x94, 0x90,
    0x78, 0x55, 0x48, 0xB4, 0x6A, 0x48, 0xAC, 0xDA, 0x27, 0x92, 0x72, 0x89, 0xA3, 0x1D, 0x90, 0x0D,
    0xA6, 0x03, 0x04, 0x60, 0x02, 0xD0, 0xDD, 0xFE, 0x6F, 0x0D, 0x37, 0x37, 0xFD, 0x11, 0x7F, 0x48,
    0x23, 0x61, 0x85, 0x79, 0x73, 0xD8, 0xE6, 0xD3, 0x1D, 0x17, 0x93, 0xCE, 0x77, 0x64, 0xA5, 0x6E,
    0x98, 0xD8, 0x26, 0xB7, 0x44, 0x9D, 0x52, 0x08, 0x55, 0x80, 0x25, 0xF7, 0xD6, 0x01, 0x87, 0x40,
    0xF5, 0xE6, 0x8E, 0x4A, 0x5A, 0x88, 0x00, 0xE4, 0xCC, 0x53, 0x45, 0x50, 0x11, 0x74, 0x04, 0xB3,
    0x85, 0xD5, 0x0A, 0xA2, 0xA5, 0x48, 0x63, 0x29, 0x04, 0x69, 0x75, 0xAE, 0x44, 0x1A, 0x07, 0x07,
    0xFC, 0x3B, 0xB0, 0x76, 0x18, 0x80, 0x72, 0x8E, 0x5A, 0xA6, 0x74, 0xBC, 0x56, 0x55, 0x2E, 0xE3,
    0x58, 0x85, 0x74, 0xA4, 0xD6, 0xE2, 0x9B, 0xBF, 0x38, 0x7E, 0xE6, 0x11, 0x8F, 0x05, 0x50, 0x92,
    0x93, 0x4F, 0x84, 0x98, 0x1D, 0x96, 0x13, 0xD5, 0x48, 0x15, 0x58, 0x7A, 0xBF, 0x43, 0x66, 0xB8,
    0x70, 0x79, 0x63, 0x82, 0x72, 0xD0, 0x74, 0xA6, 0xB5, 0xE4, 0x67, 0xC5, 0x96, 0x0D, 0x11, 0x2E,
    0x5D, 0x02, 0x3D, 0x93, 0x57, 0xEF, 0x6B, 0xB6, 0x10, 0x69, 0x6F, 0x21, 0x3B, 0x7E, 0x2F, 0x3B,
    0xEB, 0x5B, 0xC9, 0xCE, 0xC8, 0x22, 0x3B, 0x07, 0xFC, 0x33, 0xD0, 0x2F, 0x51, 0x53, 0x48, 0x77,
    0xAC, 0x3F, 0x61, 0xB5, 0xD7, 0x9F, 0xA3, 0xAC, 0x3F, 0x9D, 0x9A, 0xE0, 0x15, 0xAF, 0x60, 0x1D,
    0x68, 0x3A, 0x48, 0xC6, 0xA6, 0x4D, 0x5B, 0x8E, 0x2C, 0x5B, 0x4B, 0x5C, 0x11, 0x93, 0xF2, 0x24,
    0xE1, 0x11, 0x15, 0x7A, 0x19, 0xF2, 0xFA, 0xF9, 0xB6, 0xE4, 0xE6, 0xEA, 0x98, 0x94, 0xC7, 0x54,
    0xC1, 0xE6, 0x3E, 0xAC, 0x6A, 0xBF, 0xD6, 0xCE, 0x8A, 0xCB, 0x92, 0xA3, 0x15, 0xE8, 0xDD, 0xCD,
    0x7B, 0x68, 0x6E, 0xDA, 0x43, 0xA7, 0xC7, 0xFB, 0x60, 0x1C, 0xD8, 0x4A, 0x5C, 0x1A, 0xDD, 0x9A,
    0x94, 0x01, 0xD7, 0x63, 0x65, 0xE6, 0xE6, 0x3D, 0x5C, 0xE0, 0xF0, 0x0D, 0x34, 0x23, 0xCA, 0x01,
    0xF4, 0x7D, 0x25, 0xA2, 0xFD, 0x2E, 0x9D, 0x76, 0xD3, 0x6E, 0x0C, 0xD1, 0xBC, 0x39, 0x7F, 0x8B,
    0x7A, 0x97, 0x33, 0x7B, 0x51, 0xE5, 0xF8, 0xCC, 0x7C, 0xFB, 0x4C, 0xB9, 0x3B, 0x12, 0x68, 0x41,
    0x4B, 0xA4, 0x14, 0x0F, 0x0D, 0x70, 0x19, 0xB0, 0x0E, 0x9A, 0xF6, 0xE6, 0x54, 0xDD, 0x56, 0xAA,
    0x23, 0xC5, 0x40, 0xE5, 0xA9, 0x22, 0xC5, 0xF8, 0xFF, 0x90, 0xCC, 0xCC, 0x84, 0x8C, 0x84, 0xFF,
    0x55, 0x26, 0x01, 0xD5, 0x2D, 0x12, 0xF2, 0x7C, 0x96, 0x76, 0x04, 0xE5, 0xF7, 0xA1, 0x88, 0xE7,
    0x28, 0x81, 0x67, 0x51, 0x06, 0xF4, 0xC0, 0x25, 0x00, 0xB4, 0xE3, 0xF1, 0xB9, 0x9F, 0x5C, 0x11,
    0xC0, 0x47, 0x01, 0xD4, 0x08, 0xA0, 0x5B, 0xF6, 0x2D, 0xB9, 0xE8, 0xF6, 0x9B, 0xB4, 0x13, 0x40,
    0x3F, 0x66, 0x96, 0x04, 0x40, 0xFD, 0x4B, 0x22, 0x34, 0xBF, 0x90, 0x09, 0xD6, 0x6F, 0x1E, 0x00,
    0x91, 0x81, 0xFC, 0x8E, 0x07, 0x3D, 0x24, 0x6F, 0xD8, 0x4E, 0xCB, 0xC8, 0xD2, 0x14, 0x60, 0x81,
    0x19, 0xF8, 0x00, 0x00, 0x45, 0xFF, 0xC3, 0xB1, 0x16, 0x99, 0xAB, 0xA7, 0x4C, 0x96, 0x63, 0x11,
    0x92, 0x9D, 0x79, 0xCA, 0x80, 0xD5, 0xE3, 0x75, 0x56, 0x64, 0x6A, 0xC6, 0x7E, 0x80, 0xFB, 0x2D,
    0x49, 0xA8, 0x97, 0x77, 0x30, 0x37, 0x0E, 0x37, 0x5F, 0xEC, 0x6B, 0x6F, 0xBE, 0xF8, 0x17, 0x6F,
    0xD5, 0xFB, 0xBD, 0x7D, 0x88, 0x76, 0xEB, 0x4F, 0x1A, 0x67, 0xFD, 0x52, 0x61, 0x56, 0x46, 0x3E,
    0x2D, 0x1D, 0xEC, 0x9B, 0xA7, 0xCE, 0xE5, 0xC3, 0xDD, 0x01, 0x58, 0xFF, 0xA9, 0x92, 0xA8, 0x7E,
    0x1E, 0x9B, 0x77, 0xCF, 0xE6, 0x85, 0x1B, 0x33, 0x46, 0x73, 0x6D, 0xD4, 0x32, 0x1C, 0xEE, 0x00,
    0xB8, 0x90, 0x16, 0x19, 0x0B, 0xCD, 0xFB, 0x3B, 0xAA, 0x27, 0x9F, 0xF9, 0x43, 0x14, 0x05, 0xF5,
    0xB7, 0xDB, 0xFA, 0x0F, 0x8E, 0x9F, 0xFB, 0x93, 0x32, 0x7F, 0x44, 0x56, 0xBD, 0xB4, 0xBE, 0x3B,
    0x9F, 0xEA, 0x81, 0x71, 0xF4, 0x03, 0x7F, 0x1D, 0x4E, 0xF0, 0xD4, 0xB9, 0xF2, 0xEF, 0xA1, 0x98,
    0x46, 0x1E, 0x79, 0x5D, 0x2D, 0x51, 0x49, 0xD4, 0x8E, 0xA5, 0x37, 0xE2, 0x8D, 0x38, 0x0B, 0x4B,
    0x4F, 0xEB, 0x7B, 0xC9, 0x7B, 0xD0, 0x57, 0x50, 0x3F, 0xED, 0xCA, 0x6B, 0x2E, 0x93, 0x05, 0x2D,
    0xCE, 0x54, 0x89, 0x36, 0xF4, 0xE2, 0x37, 0x70, 0x54, 0x60, 0x05, 0x3D, 0x83, 0x1A, 0xB0, 0x81,
    0xD7, 0x7C, 0x12, 0x38, 0x0D, 0x19, 0xC0, 0xB6, 0x88, 0x2B, 0x7F, 0xE1, 0xEF, 0x9A, 0x5C, 0x56,
    0xA8, 0xF7, 0x3B, 0xF5, 0x1B, 0x5F, 0xB8, 0xEE, 0x34, 0x4A, 0x7D, 0x70, 0xB0, 0x19, 0xDF, 0x18,
    0xEF, 0xF3, 0x44, 0xA8, 0x07, 0xE5, 0xB5, 0xCB, 0x4F, 0xD6, 0x6C, 0x83, 0xBD, 0x95, 0xCB, 0xD3,
    0xB0, 0x40, 0x0D, 0x76, 0x7C, 0xC3, 0x67, 0xEF, 0x50, 0xF5, 0x0F, 0x1E, 0x0A, 0x9B, 0x08, 0xAB,
    0x43, 0xB8, 0xC7, 0xC5, 0x33, 0xAB, 0x7E, 0x51, 0xA0, 0xBE, 0xDF, 0xD6, 0x3F, 0x75, 0xC5, 0x2F,
    0xDC, 0x09, 0xAA, 0x5F, 0xA6, 0xA1, 0x67, 0x68, 0x1E, 0x72, 0xCE, 0xFB, 0x05, 0x4C, 0x87, 0xF8,
    0xE2, 0x6F, 0xC3, 0x09, 0x9E, 0x3A, 0x57, 0xFD, 0x62, 0x28, 0xFF, 0x31, 0xF2, 0x92, 0x74, 0x3E,
    0xC6, 0xE3, 0xAF, 0xB8, 0xD3, 0x6E, 0xA5, 0xDD, 0xB6, 0xB9, 0x1A, 0xCD, 0xB1, 0x6C, 0xD9, 0xC6,
    0x59, 0x3D, 0xAC, 0x54, 0x7E, 0xF1, 0xC2, 0x05, 0xCC, 0x65, 0x9A, 0x35, 0xF5, 0xFB, 0x01, 0xF4,
    0xF5, 0x34, 0x82, 0x99, 0xB1, 0x1D, 0x96, 0xDC, 0x57, 0xB0, 0x85, 0x08, 0x68, 0x8F, 0x0D, 0x7C,
    0x76, 0x04, 0x4E, 0x43, 0x06, 0x38, 0xCA, 0x45, 0x91, 0x6A, 0xE2, 0x04, 0xF2, 0xD5, 0x25, 0xE6,
    0xC0, 0x4B, 0x9E, 0x75, 0x8A, 0x3B, 0xF1, 0x56, 0x79, 0x3F, 0xE1, 0x4E, 0x5C, 0x62, 0xFE, 0x64,
    0x38, 0xF5, 0x6D, 0x7B, 0x73, 0x9E, 0x4F, 0x20, 0x9B, 0x09, 0x91, 0x2A, 0x3C, 0xB1, 0x0E, 0xA8,
    0xFC, 0x21, 0x43, 0x29, 0x11, 0x13, 0x2F, 0x16, 0xD1, 0x3C, 0x79, 0xB4, 0x32, 0xA4, 0x3F, 0x02,
    0x4C, 0x10, 0xE1, 0x93, 0x94, 0x9E, 0x22, 0xB9, 0x10, 0xAF, 0xBF, 0xDC, 0xEA, 0x5F, 0xA2, 0x04,
    0xFA, 0xEE, 0x5E, 0x29, 0x26, 0xA1, 0x99, 0x00, 0x6A, 0x8F, 0x1A, 0xA8, 0x1C, 0x97, 0xC0, 0x4A,
    0x5C, 0x4B, 0xEC, 0x65, 0x22, 0x52, 0x4E, 0x94, 0xFB, 0x53, 0x9D, 0x7D, 0x0D, 0x68, 0x8F, 0x76,
    0x00, 0xBA, 0x43, 0x3B, 0x74, 0xCB, 0x83, 0x80, 0xE7, 0x41, 0x84, 0x09, 0x9D, 0x80, 0xB2, 0x5F,
    0x3F, 0xA0, 0x12, 0x76, 0x5F, 0xC6, 0x90, 0x17, 0x37, 0x1D, 0x1A, 0x1E, 0x0B, 0xFF, 0x05, 0x1D,
    0x8C, 0x01, 0x66, 0x04, 0x31, 0x14, 0x40, 0x5F, 0xBB, 0xCB, 0x22, 0x08, 0xA0, 0x05, 0xCD, 0x0D,
    0x36, 0x80, 0x2E, 0xBE, 0xFD, 0xB9, 0x41, 0xAF, 0x52, 0x5A, 0x40, 0xCC, 0xE4, 0x06, 0xBD, 0x4B,
    0x2D, 0x82, 0x6D, 0x27, 0x47, 0xD8, 0x23, 0xF4, 0x08, 0x41, 0x30, 0xC8, 0xD4, 0x8E, 0x79, 0xF0,
    0xC0, 0x7B, 0xCF, 0x0C, 0xF8, 0x70, 0x60, 0x87, 0x4B, 0xBF, 0xBC, 0x63, 0x6E, 0x5A, 0x2F, 0x9F,
    0xFE, 0x34, 0xB6, 0xEF, 0xBF, 0x71, 0x1E, 0x1B, 0x48, 0xD6, 0x6A, 0x53, 0x5C, 0x7A, 0x8C, 0xBD,
    0xE7, 0xAC, 0x41, 0xCB, 0x53, 0x7A, 0x61, 0x8F, 0x0B, 0xAF, 0xE5, 0x23, 0x9D, 0xE1, 0x01, 0xF3,
    0x85, 0x9F, 0x90, 0x0B, 0x1B, 0xF1, 0xBA, 0x16, 0x65, 0x0F, 0x47, 0xC1, 0x0F, 0x98, 0x37, 0x60,
    0x1B, 0xE7, 0x06, 0x87, 0x70, 0x44, 0x39, 0xB3, 0x2B, 0xA6, 0x28, 0x42, 0xFC, 0xEF, 0x22, 0xCB,
    0x4F, 0xBE, 0xBA, 0xE0, 0x83, 0xE5, 0x84, 0x65, 0x75, 0x1A, 0x78, 0x4C, 0x0E, 0x41, 0x93, 0x07,
    0x24, 0x6A, 0xB3, 0x37, 0x9D, 0xB5, 0x4D, 0x75, 0xAA, 0x77, 0x93, 0xBF, 0xC0, 0x60, 0xFB, 0x81,
    0x41, 0xA2, 0x84, 0x81, 0xC1, 0x82, 0x81, 0xC1, 0x86, 0x81, 0xA1, 0x86, 0x81, 0xE1, 0x2F, 0x03,
    0xD3, 0x3F, 0x06, 0xE6, 0xF7, 0x0C, 0xDC, 0xE7, 0x19, 0xF8, 0xBD, 0x39, 0xED, 0xD9, 0xD7, 0xD7,
    0x30, 0xFD, 0x05, 0x00, 0x65, 0x93, 0x3F, 0xAC, 0x15, 0x45, 0x14, 0xC6, 0x7F, 0xBB, 0x63, 0xDC,
    0xC4, 0x15, 0x0E, 0x7D, 0x80, 0xD1, 0x1E, 0x19, 0x0A, 0x4C, 0x5E, 0xF1, 0xF6, 0x4F, 0x42, 0x69,
    0x81, 0x7D, 0xA3, 0x7D, 0x83, 0xA5, 0xC5, 0x7D, 0xEC, 0x18, 0x0A, 0x4A, 0xFA, 0xBE, 0x8F, 0x14,
    0x96, 0x0B, 0x77, 0xE0, 0x15, 0x14, 0x14, 0xAC, 0xB1, 0xA0, 0xB0, 0x70, 0x84, 0xC2, 0x92, 0x79,
    0x71, 0x13, 0xD7, 0xB8, 0xEF, 0x8E, 0x67, 0x85, 0x68, 0x82, 0xC9, 0x39, 0xA7, 0xB9, 0xDF, 0xFC,
    0xCE, 0xCC, 0x77, 0xBF, 0xC5, 0x44, 0xA8, 0x13, 0x88, 0xB6, 0xD3, 0x3E, 0xD1, 0x5E, 0x66, 0x8A,
    0xB4, 0x60, 0xF2, 0x4A, 0x1D, 0x56, 0x84, 0x91, 0xEB, 0x9C, 0x90, 0xBF, 0xCB, 0x7D, 0x9D, 0x57,
    0xE6, 0x6B, 0x45, 0xBA, 0x56, 0x26, 0x8C, 0x56, 0x9E, 0xCC, 0xAF, 0x73, 0x35, 0xAD, 0xAA, 0x93,
    0xB0, 0xC8, 0xFD, 0xB4, 0xCF, 0xBE, 0xCA, 0x0B, 0xF3, 0xA3, 0x22, 0xB5, 0x65, 0x1A, 0xCD, 0xD9,
    0x6C, 0x72, 0x34, 0x3F, 0xAE, 0x55, 0x18, 0x6B, 0x2D, 0x95, 0xDD, 0x9B, 0x87, 0x4D, 0x73, 0x60,
    0xBE, 0x52, 0xA4, 0xCB, 0x65, 0xFA, 0x60, 0xE3, 0x44, 0xCC, 0x44, 0x15, 0x74, 0x1F, 0xB2, 0x15,
    0x43, 0x02, 0xC9, 0xE7, 0x98, 0xA7, 0x09, 0x73, 0x2F, 0x51, 0xDD, 0x8A, 0x88, 0x6A, 0x44, 0x45,
    0x57, 0x55, 0x75, 0xAC, 0x9A, 0x6F, 0xC5, 0x93, 0xC4, 0x9B, 0xC9, 0xF6, 0x36, 0xE7, 0xBE, 0xD5,
    0xD3, 0x47, 0x98, 0xF0, 0x8D, 0xF6, 0xD7, 0x14, 0x7D, 0x95, 0xDD, 0x52, 0x2C, 0xF5, 0x54, 0x24,
    0x09, 0x65, 0xEA, 0x82, 0x49, 0xD9, 0x9B, 0xD7, 0xBF, 0xF4, 0xE6, 0x8D, 0xA5, 0x5A, 0x1D, 0x75,
    0xEA, 0x90, 0xD0, 0xB2, 0xF5, 0xF0, 0x2A, 0x7B, 0xBA, 0x9C, 0x10, 0xE5, 0x5E, 0x54, 0xEE, 0x15,
    0xE9, 0xB9, 0x66, 0xE1, 0xD8, 0xC1, 0x51, 0x07, 0x0F, 0x5B, 0x48, 0x2D, 0x9F, 0x4F, 0xEA, 0x83,
    0x1F, 0x79, 0x6C, 0x32, 0x55, 0xB6, 0x2B, 0xB3, 0x51, 0x7E, 0xA5, 0xFC, 0x5A, 0xF9, 0x12, 0x4C,
    0xD6, 0x1D, 0x93, 0xF8, 0x2A, 0xD8, 0xBE, 0x0E, 0x4E, 0xD9, 0x1D, 0x5B, 0x0F, 0x67, 0x39, 0x30,
    0x44, 0xCA, 0xF9, 0x11, 0x75, 0xE8, 0xB0, 0xDE, 0xF6, 0xDB, 0xDC, 0xBA, 0xC5, 0xF5, 0x2D, 0x1D,
    0x2D, 0x77, 0x75, 0xAE, 0xC8, 0x69, 0xA2, 0xCC, 0x5E, 0xF9, 0xF9, 0xFF, 0xFC, 0x28, 0x1B, 0xBF,
    0x57, 0x3E, 0xEF, 0xF3, 0xAB, 0x1C, 0x99, 0xD7, 0x22, 0x9D, 0x94, 0xA9, 0x31, 0xE9, 0xC4, 0xC4,
    0xD5, 0xBC, 0x4E, 0x55, 0xF6, 0xEF, 0x3C, 0xF5, 0x0C, 0x09, 0xDC, 0x9F, 0xE5, 0x72, 0xBD, 0x0E,
    0x17, 0xA4, 0xFF, 0xB8, 0x83, 0x96, 0xAD, 0x9A, 0x6D, 0xDE, 0xE8, 0x78, 0x28, 0x21, 0x95, 0x79,
    0xDA, 0xE7, 0x35, 0x2D, 0x47, 0x71, 0xB9, 0x59, 0xCC, 0x94, 0x69, 0xAB, 0xF7, 0xFE, 0xA1, 0x6E,
    0x26, 0xAB, 0x97, 0xD6, 0x1F, 0x2B, 0xF8, 0x07, 0xEA, 0x27, 0x91, 0xEA, 0x75, 0xC0, 0xFC, 0xD5,
    0x53, 0x1E, 0xA0, 0x58, 0x81, 0x04, 0x9F, 0x46, 0xC8, 0x01, 0x1E, 0x03, 0xF5, 0x61, 0x98, 0x8A,
    0xF9, 0x3A, 0xAC, 0xBB, 0xB7, 0x19, 0xEB, 0x02, 0xB8, 0x1E, 0x3A, 0x0F, 0xFB, 0x40, 0xF9, 0x87,
    0xC2, 0x4F, 0x13, 0xB6, 0x48, 0xE4, 0xE7, 0x07, 0xF6, 0x3F, 0xAF, 0xCE, 0x24, 0x67, 0x62, 0x67,
    0xA6, 0xB6, 0x0A, 0xAD, 0x0D, 0x5D, 0x0E, 0x1F, 0x3D, 0xF0, 0x88, 0xC7, 0xF6, 0x38, 0xD8, 0xDE,
    0x4B, 0x8E, 0xC5, 0x42, 0x47, 0x91, 0x74, 0x94, 0x89, 0x16, 0x93, 0x68, 0xB6, 0x54, 0xEE, 0xD0,
    0x5C, 0x8E, 0x68, 0x32, 0xFF, 0xC9, 0xF0, 0x82, 0x3C, 0x59, 0x66, 0xE4, 0xFE, 0xD9, 0xCC, 0x90,
    0x1F, 0x1C, 0xD0, 0xB3, 0x7A, 0x52, 0xCF, 0xFD, 0x97, 0xE3, 0x57, 0xEF, 0x72, 0xAC, 0x4A, 0xCD,
    0xB1, 0x66, 0xD4, 0x1C, 0xAA, 0x83, 0xAA, 0x3A, 0x09, 0x45, 0x5A, 0x4D, 0x2C, 0xCF, 0x16, 0x93,
    0xCC, 0xEF, 0x49, 0x47, 0xDE, 0xC6, 0x6F, 0xD1, 0xA4, 0xEA, 0x34, 0x9A, 0x58, 0x9F, 0xC6, 0x3A,
    0xC8, 0xD3, 0x24, 0x5E, 0xC2, 0xD2, 0x32, 0x24, 0x37, 0x83, 0xCD, 0x89, 0xBB, 0xD2, 0xB3, 0x5A,
    0x58, 0x9C, 0x76, 0x07, 0x63, 0x0B, 0xEE, 0x1C, 0xCE, 0x77, 0xBA, 0x76, 0xC4, 0xC4, 0x15, 0x09,
    0x2B, 0x87, 0x2A, 0x53, 0xE6, 0x20, 0x2F, 0x82, 0x13, 0xDF, 0x4A, 0xBF, 0x13, 0x46, 0xCB, 0xCE,
    0x71, 0xDC, 0x61, 0xDF, 0x4C, 0xF0, 0x89, 0x32, 0xCD, 0xA1, 0x57, 0xDA, 0xD5, 0x03, 0xDD, 0x6D,
    0xAF, 0x86, 0xEC, 0xDE, 0x7E, 0x4F, 0xA2, 0xD5, 0x37, 0x2D, 0x76, 0xA6, 0xC8, 0x7D, 0xFD, 0x2C,
    0xD8, 0xCD, 0xAB, 0xFE, 0xE4, 0xC0, 0x28, 0x5E, 0xAB, 0x71, 0xC8, 0x02, 0x50, 0x25, 0x58, 0x60,
    0x07, 0xAD, 0xEE, 0x42, 0x6E, 0xF7, 0xAD, 0xFE, 0xAA, 0x1A, 0x2D, 0xDD, 0x68, 0x69, 0x1B, 0x64,
    0xA6, 0x5C, 0xE5, 0x8E, 0x73, 0xCD, 0x38, 0xC4, 0x91, 0xDD, 0x87, 0xCD, 0x67, 0x36, 0x96, 0x07,
    0x44, 0xFC, 0x05, 0xF1, 0x38, 0x8A, 0x73, 0xB0, 0xDC, 0x10, 0x6E, 0x76, 0x74, 0x0B, 0x83, 0x06,
    0xD0, 0x06, 0x77, 0x44, 0xFB, 0x90, 0x2E, 0xD2, 0x25, 0x76, 0x8B, 0x1F, 0x07, 0xBF, 0xB6, 0xEC,
    0x4D, 0x70, 0x55, 0x70, 0x75, 0xD0, 0x2D, 0x5D, 0xD6, 0x45, 0xDB, 0x8A, 0xD1, 0x5E, 0x1A, 0x25,
    0x96, 0xE7, 0xC8, 0x83, 0x5E, 0x4D, 0x6D, 0xEA, 0xB0, 0xDB, 0xEE, 0xEF, 0xFF, 0xDD, 0x5E, 0xE7,
    0x58, 0xCE, 0xB3, 0x49, 0xCB, 0x16, 0xDD, 0x69, 0xA9, 0xC2, 0x5C, 0x3D, 0x4D, 0xFA, 0x28, 0x39,
    0x20, 0x3D, 0x02, 0x16, 0xF6, 0x13, 0xC3, 0xFE, 0x8E, 0xB7, 0x2F, 0x5E, 0xAA, 0x5B, 0xF7, 0x95,
    0xFF, 0x85, 0x3E, 0x58, 0x61, 0x4E, 0x39, 0x4E, 0xFA, 0xB1, 0x95, 0x4B, 0x63, 0x23, 0x69, 0xB8,
    0xB5, 0x59, 0x61, 0xEB, 0x77, 0x96, 0x36, 0xC2, 0xB1, 0xA5, 0xD9, 0x7F, 0xE9, 0xD4, 0xCF, 0x0B,
    0x70, 0x11, 0x2E, 0x03, 0x0C, 0x38, 0x1C, 0xDD, 0xDC, 0x36, 0x4D, 0xBB, 0x6B, 0x9B, 0x9D, 0x4D,
    0x75, 0xDC, 0xF7, 0xF5, 0x4F, 0x2F, 0x27, 0xF3, 0xFC, 0x34, 0x56, 0x2F, 0x6E, 0xA5, 0x3A, 0x9B,
    0x24, 0xDF, 0x9B, 0x28, 0x5F, 0xD5, 0x41, 0xF4, 0xE2, 0xFB, 0x67, 0x2B, 0x7F, 0x03, 0xAD, 0xD7,
    0x01, 0x84, 0x24, 0xD9, 0x1D, 0xC0, 0xE1, 0xAF, 0xAA, 0x2E, 0xD7, 0x28, 0xB6, 0x16, 0x38, 0xB8,
    0xBB, 0x02, 0x18, 0x24, 0x53, 0x87, 0xC3, 0x61, 0x6E, 0xAB, 0x92, 0x1C, 0x00, 0x01, 0x00, 0x04,
    0x00, 0x60, 0x11, 0x04, 0x7B, 0x3D, 0xB5, 0x12, 0x0E, 0x21, 0x59, 0x00, 0x40, 0x08, 0x00, 0x01,
    0xC1, 0x92, 0xE9, 0xE9, 0x47, 0xB0, 0x08, 0xB6, 0x12, 0x00, 0xB8, 0x22, 0x00, 0xD8, 0x0A, 0x1D,
    0x9A, 0x54, 0xEF, 0xCB, 0x1B, 0xD3, 0xC6, 0x2C, 0x71, 0xDD, 0xD3, 0xBB, 0xA6, 0x0A, 0x98, 0xA9,
    0xEF, 0xF7, 0x7F, 0xDE, 0xAB, 0xE9, 0x96, 0x6D, 0x29, 0x66, 0xCA, 0x99, 0x6A, 0xA6, 0x59, 0xB1,
    0x5C, 0x32, 0xB7, 0xB2, 0x74, 0x17, 0x31, 0x2A, 0x63, 0xEC, 0xAA, 0xD0, 0xF4, 0xAD, 0x3A, 0x80,
    0x06, 0x97, 0x78, 0x42, 0xBE, 0x9B, 0xAB, 0xB8, 0x6D, 0x7F, 0xBE, 0x59, 0x16, 0xD3, 0xAA, 0x98,
    0xE6, 0x62, 0xBA, 0xAE, 0xC6, 0xCB, 0x38, 0xD4, 0x6F, 0x02, 0x8A, 0x51, 0x39, 0x59, 0x0C, 0xB8,
    0x46, 0xC4, 0x2F, 0x71, 0x81, 0xC7, 0x4E, 0xA1, 0x9B, 0xA0, 0x0D, 0x8A, 0xA0, 0xE2, 0x10, 0xFE,
    0x29, 0xBE, 0xC6, 0x86, 0x67, 0x9D, 0x3C, 0x52, 0xFC, 0xAE, 0xC3, 0x49, 0x30, 0x45, 0x4F, 0x19,
    0xF8, 0x9C, 0xFA, 0x1B, 0xD6, 0x23, 0xE3, 0x60, 0x9F, 0x21, 0x75, 0x48, 0x21, 0x52, 0x89, 0x94,
    0x22, 0xB5, 0x48, 0x31, 0x52, 0x8D, 0xDB, 0x1C, 0x81, 0x62, 0xC4, 0xF4, 0x41, 0x7A, 0xBE, 0xE2,
    0x8A, 0x0B, 0x75, 0x97, 0x52, 0x52, 0xC9, 0xA1, 0xE5, 0xC8, 0x66, 0x8A, 0x1D, 0x2E, 0x38, 0x9B,
    0x64, 0x91, 0xC5, 0x9B, 0xD3, 0x79, 0x6D, 0xC7, 0x65, 0x4F, 0xD9, 0xF1, 0x29, 0x4D, 0x4F, 0x1C,
    0x79, 0xF1, 0xE2, 0x01, 0x4B, 0xB2, 0x1D, 0xE5, 0x71, 0x50, 0xBC, 0xEE, 0x39, 0xB3, 0x6F, 0xEA,
    0x4F, 0x6D, 0x6A, 0x67, 0xEB, 0x09, 0xEA, 0x5E, 0x1C, 0x53, 0xC9, 0xA1, 0x25, 0x59, 0x51, 0xC4,
    0x4E, 0xF1, 0x5D, 0x07, 0xEF, 0x7B, 0x12, 0xA0, 0xB9, 0x91, 0x0D, 0xA3, 0x07, 0x1C, 0x8C, 0x1C,
    0x65, 0x4F, 0x8D, 0x33, 0x8A, 0x57, 0x41, 0xAA, 0x62, 0x77, 0x42, 0x51, 0x27, 0x9B, 0x14, 0xC1,
    0x82, 0xFF, 0x4C, 0xD6, 0x83, 0xA6, 0x3B, 0x94, 0xF2, 0x18, 0x2F, 0xF1, 0xEC, 0xFD, 0xF9, 0x8C,
    0x9A, 0x8A, 0xE2, 0x78, 0xFE, 0x12, 0xEB, 0x8E, 0x0A, 0x17, 0xEF, 0xC7, 0xA3, 0x1A, 0xD4, 0xA3,
    0x7C, 0xB0, 0xE8, 0x8E, 0x2E, 0xB8, 0xBF, 0x09, 0x49, 0x05, 0xBD, 0x54, 0x20, 0xDB, 0x9D, 0xBA,
    0x09, 0x2F, 0x27, 0x1C, 0xCD, 0x7B, 0x77, 0xE8, 0x0F, 0xB1, 0x11, 0x1F, 0xEF, 0x75, 0xE7, 0x8E,
    0xDF, 0x88, 0x8B, 0x38, 0x97, 0x71, 0xAE, 0x82, 0xDB, 0xAB, 0x8E, 0x43, 0x13, 0x43, 0xCB, 0xED,
    0x95, 0x7E, 0x7F, 0x1D, 0x03, 0x8A, 0x41, 0x39, 0x29, 0x83, 0x3C, 0xAA, 0x62, 0x68, 0x8A, 0xF4,
    0xA8, 0x71, 0x1D, 0x87, 0x2B, 0xAE, 0x33, 0x6D, 0x54, 0xED, 0xDC, 0xFF, 0x35, 0xE5, 0xA8, 0x9A,
    0xFC, 0x68, 0x52, 0xF4, 0xB2, 0x63, 0x15, 0x6D, 0xAF, 0x0D, 0xCA, 0xDE, 0x67, 0xF8, 0x41, 0xAB,
    0x9D, 0xFD, 0x75, 0xE2, 0xE8, 0x27, 0xEF, 0xC6, 0x3C, 0x0E, 0xF9, 0xDF, 0xBB, 0x03, 0x8F, 0x95,
    0x05, 0x8A, 0x81, 0x8A, 0xC5, 0x6F, 0x69, 0x26, 0x7E, 0xFD, 0x17, 0x6E, 0x25, 0x89, 0x4A, 0x8A,
    0xBB, 0x3B, 0x71, 0x92, 0xA7, 0xE5, 0xEE, 0x4E, 0xA6, 0x3D, 0x8A, 0x05, 0xAA, 0x8E, 0x0B, 0x1A,
    0xC4, 0x20, 0xFB, 0x67, 0xB0, 0x9F, 0x4E, 0xEA, 0x90, 0x42, 0xA4, 0x12, 0x29, 0xC5, 0x15, 0x29,
    0x86, 0x36, 0xBA, 0xCD, 0xF1, 0x29, 0x5F, 0x53, 0xA7, 0x18, 0xCD, 0x94, 0x52, 0x1E, 0x30, 0xB2,
    0xA7, 0x6C, 0xB8, 0xD0, 0x3C, 0x4E, 0x6E, 0x62, 0x0F, 0xCD, 0xDE, 0x04, 0xDA, 0x40, 0x11, 0xE4,
    0xBF, 0xA0, 0x9E, 0x58, 0x6E, 0x4E, 0x9F, 0xDD, 0x1A, 0x11, 0x15, 0xBE, 0xA2, 0x25, 0x8B, 0x41,
    0xF6, 0xBC, 0x3F, 0x7E, 0xFE, 0xEA, 0xF7, 0x9A, 0xD9, 0xC5, 0x56, 0xDE, 0xA5, 0x1E, 0xDF, 0x6E,
    0x1E, 0x30, 0xFF, 0xE5, 0x46, 0x1C, 0xA1, 0x95, 0xDC, 0xC4, 0x1E, 0x98, 0xBF, 0x1C, 0xB4, 0x1B,
    0xBF, 0x7A, 0xCA, 0x83, 0x4F, 0x05, 0xB4, 0x5D, 0x52, 0xF2, 0xE7, 0x81, 0xA3, 0x0F, 0x49, 0xDB,
    0x69, 0x83, 0x4F, 0x7A, 0x9F, 0xF3, 0x91, 0x32, 0x8E, 0xE9, 0xAF, 0xCC, 0xCC, 0xB2, 0xAD, 0x7C,
    0xAB, 0xD8, 0x28, 0xA6, 0xFD, 0xB5, 0x7E, 0x2B, 0xEE, 0x50, 0x4D, 0xD5, 0x94, 0x4D, 0x45, 0x4F,
    0xDD, 0x37, 0x5D, 0x2B, 0xFD, 0x58, 0x5A, 0xB9, 0x32, 0x1F, 0xF9, 0x04, 0x65, 0xAF, 0x09, 0xEA,
    0x8E, 0x6D, 0x3E, 0x67, 0x1B, 0x28, 0xA6, 0x62, 0x5C, 0x0C, 0x65, 0xA8, 0x6E, 0x7E, 0xFA, 0xBA,
    0x6B, 0x70, 0x6E, 0xED, 0x5B, 0x9A, 0xAD, 0x2C, 0xC6, 0x6E, 0x11, 0x63, 0xA8, 0xA6, 0x66, 0x68,
    0xFA, 0x6A, 0x68, 0xA5, 0x5B, 0x15, 0x2E, 0x35, 0xA1, 0xED, 0xD7, 0x5D, 0x1B, 0xDF, 0xAA, 0xE2,
    0x46, 0x1E, 0x7B, 0xE0, 0x8A, 0x6C, 0xC6, 0x96, 0x2C, 0xF6, 0x55, 0x9C, 0x9A, 0xDF, 0x4C, 0xCB,
    0x7C, 0xB3, 0xCA, 0x6F, 0x5E, 0x45, 0xD7, 0xE9, 0x8F, 0x63, 0x5F, 0x6E, 0xA1, 0x18, 0x54, 0xA3,
    0x32, 0x90, 0xEF, 0xDF, 0x7E, 0xD9, 0x33, 0x4C, 0xE8, 0x4E, 0xA1, 0xF7, 0x6F, 0x90, 0x45, 0xF0,
    0x88, 0x43, 0xF8, 0x53, 0x6C, 0x28, 0x06, 0xD9, 0xBF, 0x29, 0x67, 0x1E, 0xFD, 0x04, 0x4E, 0x82,
    0x29, 0x3A, 0xAA, 0x9E, 0x73, 0xEA, 0x6F, 0x88, 0x03, 0xFF, 0x18, 0xEC, 0x33, 0xA4, 0x0E, 0x29,
    0x44, 0x2A, 0x91, 0x52, 0xA4, 0x16, 0x29, 0x46, 0xAA, 0xB1, 0x5F, 0x0B, 0x54, 0x3D, 0x45, 0xF8,
    0x20, 0x3D, 0x5F, 0xF2, 0x72, 0xFF, 0x49, 0x31, 0x0E, 0xA9, 0xE4, 0xD0, 0x72, 0x2C, 0x26, 0xAA,
    0x0D, 0x26, 0xFE, 0x14, 0x2C, 0x66, 0xEA, 0xEB, 0xD3, 0x79, 0x97, 0x58, 0xF7, 0x54, 0xF8, 0x31,
    0x4D, 0x47, 0x1C, 0x78, 0xD1, 0x1F, 0xBF, 0x24, 0xC5, 0xBF, 0x7A, 0x65, 0xEC, 0x54, 0x4F, 0xF0,
    0x47, 0xEF, 0xDB, 0xD4, 0x6E, 0xAD, 0x47, 0x68, 0x3A, 0x71, 0x48, 0x25, 0x07, 0x96, 0x24, 0x65,
    0xA9, 0x76, 0x3C, 0xFA, 0x0C, 0xDE, 0xFB, 0x24, 0xDC, 0x7D, 0x52, 0xCC, 0x86, 0xC1, 0xF1, 0x07,
    0xC3, 0x19, 0xC5, 0xCC, 0xE2, 0xC5, 0x15, 0x36, 0x9A, 0x38, 0xA5, 0x8A, 0x70, 0xB8, 0x62, 0x7B,
    0x57, 0x51, 0x74, 0xEA, 0x60, 0xC9, 0x17, 0xE7, 0x7C, 0x9D, 0xC5, 0xED, 0xFF, 0x83, 0xBB, 0x04,
    0xCB, 0x03, 0x8B, 0x2D, 0x5E, 0x9E, 0x8C, 0x9D, 0xB1, 0xA4, 0xE9, 0x2C, 0x0E, 0x62, 0xEF, 0x1C,
    0xF9, 0x2B, 0xBA, 0x53, 0xC0, 0x7B, 0x47, 0xFE, 0x10, 0x58, 0x46, 0xCE, 0x77, 0x27, 0x4F, 0xB6,
    0x9A, 0xC4, 0x31, 0x7B, 0xF5, 0xE7, 0x03, 0x0A, 0x70, 0xB2, 0xF2, 0xEE, 0x96, 0x39, 0x34, 0xD2,
    0xBD, 0x9D, 0x52, 0xF7, 0x6D, 0xD3, 0xB7, 0xAD, 0xEB, 0xD6, 0xAA, 0x35, 0x2F, 0xCD, 0xAB, 0x6C,
    0xDE, 0xE5, 0xDB, 0x58, 0x4E, 0xEB, 0x38, 0xDE, 0xEC, 0xAC, 0x77, 0xFF, 0xFD, 0xD4, 0xCF, 0x37,
    0xCD, 0xCF, 0xA6, 0xA6, 0x98, 0xDA, 0x9B, 0x6B, 0x5C, 0x2E, 0x86, 0xCB, 0x2A, 0xB4, 0x31, 0x34,
    0x6F, 0xC2, 0xBD, 0xC7, 0xDE, 0xFB, 0x74, 0x5D, 0x76, 0xB2, 0x63, 0x15, 0x6D, 0xB8, 0xF7, 0x22,
    0xFE, 0x41, 0x2B, 0x1B, 0x48, 0x80, 0x73, 0x13, 0xC5, 0x98, 0x80, 0x90, 0x04, 0x89, 0x90, 0x0C,
    0x09, 0x91, 0x14, 0x89, 0x91, 0x1C, 0x09, 0x92, 0x24, 0x89, 0xB2, 0xB7, 0x28, 0x3A, 0xEA, 0xC0,
    0x12, 0x5F, 0x54, 0x1D, 0x4D, 0x22, 0x77, 0x92, 0x29, 0xA1, 0x92, 0x2A, 0xB1, 0x92, 0x2B, 0xC1,
    0x92, 0x2C, 0xD1, 0x3C, 0x42, 0x33, 0xF0, 0x71, 0x38, 0xDD, 0x3E, 0xC3, 0x12, 0x4D, 0xC7, 0xE2,
    0x01, 0x76, 0xB5, 0x9F, 0x3B, 0x1F, 0x28, 0xBB, 0x49, 0x76, 0xA2, 0xDF, 0x86, 0xDB, 0x7B, 0x11,
    0x78, 0xF4, 0x00, 0xBF, 0xDD, 0xF2, 0xDF, 0xE9, 0xF4, 0xB9, 0x57, 0x13, 0x71, 0x94, 0xBD, 0xFA,
    0xC3, 0xF1, 0x26, 0x70, 0xB2, 0x59, 0x0C, 0x94, 0x13, 0x65, 0x80, 0xEA, 0x41, 0x6E, 0x31, 0x50,
    0x8D, 0xEE, 0xDE, 0xA9, 0x2E, 0x7B, 0xCA, 0x1E, 0xAC, 0xAD, 0xB5, 0x3F, 0x9D, 0x35, 0x7F, 0x9B,
    0x54, 0xDF, 0x0F, 0xCA, 0xD8, 0x29, 0xDE, 0x92, 0xCF, 0xE4, 0x1B, 0x8A, 0xE9, 0xEE, 0xB6, 0x18,
    0x81, 0x2F, 0x59, 0xD1, 0xF2, 0x31, 0xA4, 0xFA, 0xF4, 0x5D, 0xAB, 0xF9, 0x6E, 0xAA, 0x5F, 0x87,
    0xEA, 0xFB, 0xBE, 0x8A, 0xA9, 0x59, 0xB1, 0x55, 0x4C, 0x52, 0x4B, 0x15, 0x34, 0x3C, 0x39, 0x0D,
    0x2A, 0x03, 0x75, 0xA0, 0xEA, 0x0F, 0x32, 0xAF, 0xFB, 0xA6, 0x09, 0x4F, 0xEA, 0x4E, 0xD3, 0xD3,
    0x06, 0x3E, 0xD9, 0xEF, 0xF1, 0x8F, 0x4E, 0xA3, 0xF7, 0xAF, 0xD6, 0xDE, 0xE7, 0x0F, 0x98, 0xD1,
    0x7A, 0x92, 0xBF, 0x19, 0x70, 0x1A, 0xBA, 0x9A, 0xB2, 0x9B, 0xAF, 0x6A, 0xFD, 0xF1, 0xE2, 0xFF,
    0x00, 0x35, 0x8E, 0xB1, 0x4D, 0xEC, 0x40, 0x10, 0x40, 0xDF, 0x3F, 0x07, 0x96, 0xBE, 0x85, 0xA6,
    0x01, 0x74, 0xDB, 0xC1, 0x6D, 0x03, 0xF8, 0xC6, 0x44, 0x34, 0x65, 0x63, 0x97, 0x40, 0x27, 0x38,
    0x04, 0xE9, 0xE0, 0x26, 0x23, 0xC4, 0x12, 0x05, 0xE0, 0x8C, 0x80, 0x64, 0x11, 0x46, 0xE7, 0x60,
    0x61, 0xB1, 0x03, 0x34, 0x7A, 0x13, 0x3D, 0xCD, 0x1B, 0x8D, 0x1A, 0xDB, 0x59, 0x93, 0xB5, 0xC9,
    0x34, 0x0D, 0xBA, 0xEE, 0x14, 0xFF, 0x68, 0x17, 0xF2, 0x6A, 0x47, 0xCD, 0x23, 0x25, 0x1E, 0x45,
    0x28, 0xE9, 0x71, 0xE8, 0x82, 0x50, 0xD3, 0x93, 0x5F, 0x55, 0xBB, 0xC5, 0x58, 0x94, 0x07, 0x9A,
    0x06, 0xC0, 0x7B, 0x54, 0x11, 0x47, 0x79, 0x41, 0x1F, 0x70, 0x3B, 0x54, 0x71, 0x1E, 0xD9, 0xAE,
    0x5A, 0x3F, 0xB2, 0xB9, 0xC9, 0x87, 0xC2, 0x8E, 0x31, 0xCD, 0xD2, 0xF9, 0xCA, 0xA3, 0xC0, 0xBF,
    0x69, 0x13, 0xDC, 0x8F, 0xFF, 0xCE, 0xC6, 0xF5, 0x25, 0x31, 0xB1, 0xFF, 0x95, 0x98, 0x8E, 0xCB,
    0x98, 0xAF, 0xB6, 0xCE, 0xA1, 0xAA, 0x94, 0xFB, 0x3D, 0xC5, 0x98, 0x0F, 0xA0, 0x93, 0x74, 0x50,
    0xCF, 0x0A, 0xDC, 0xCD, 0x11, 0xB8, 0xFF, 0x0C, 0xC0, 0xF1, 0xFD, 0x75, 0x68, 0xF1, 0xB7, 0xED,
    0x47, 0x32, 0x9A, 0xC3, 0xE9, 0xCD, 0x98, 0xA7, 0xD3, 0x93, 0x65, 0xE3, 0xD7, 0xE9, 0xB9, 0x13,
    0x4B, 0x2F, 0x09, 0x45, 0x2F, 0x23, 0xEB, 0xB9, 0x92, 0xFA, 0xC0, 0x14, 0xC8, 0xBA, 0xC2, 0x3C,
    0x07, 0x22, 0xD7, 0x78, 0xCE, 0xC8, 0x10, 0xCB, 0x87, 0x2C, 0x64, 0x41, 0x4C, 0x39, 0x07, 0xD6,
    0xE6, 0x5A, 0xDC, 0x03, 0x11, 0x36, 0x01, 0x0A, 0x03, 0x57, 0x41, 0x03, 0xCC, 0x90, 0x8D, 0x20,
    0x06, 0x1E, 0xF8, 0x05, 0x15, 0x4E, 0xC5, 0x41, 0x05, 0x41, 0x0C, 0x7D, 0xB8, 0xBB, 0x9E, 0x76,
    0xCE, 0xE8, 0x14, 0xB0, 0x96, 0x52, 0x38, 0x43, 0x01, 0x38, 0x33, 0x25, 0x50, 0x06, 0x77, 0xDC,
    0x53, 0x42, 0x4A, 0x48, 0x09, 0xC1, 0xB9, 0xED, 0xCF, 0xBF, 0x25, 0xCF, 0x81, 0x39, 0x8B, 0xDF,
    0xD5, 0xC3, 0xD1, 0xCD, 0x8B, 0xB5, 0x1A, 0x08, 0x36, 0x64, 0x73, 0xDA, 0x68, 0x67, 0xEF, 0x36,
    0xC6, 0x23, 0x14, 0x1D, 0x6D, 0x79, 0x49, 0xDE, 0xF9, 0x02, 0xC0, 0x94, 0x45, 0xAD, 0x91, 0xE4,
    0x51, 0x4F, 0x24, 0xD2, 0x08, 0x39, 0x27, 0x63, 0x3C, 0x87, 0x1A, 0x47, 0xCE, 0x06, 0xAB, 0x2D,
    0xCA, 0x83, 0xDE, 0x39, 0xE7, 0x9F, 0x54, 0xD6, 0xB8, 0xBB, 0xEF, 0x1C, 0x93, 0x68, 0xF5, 0xF7,
    0xD1, 0xCD, 0x83, 0x25, 0x4F, 0xF3, 0x1C, 0x6A, 0x29, 0x62, 0x0E, 0x05, 0x76, 0xB1, 0x8E, 0xC1,
    0x1C, 0xBC, 0x71, 0xD0, 0x73, 0x2E, 0x72, 0xC7, 0xFB, 0x39, 0x48, 0xE4, 0x90, 0xD7, 0x38, 0x71,
    0x47, 0xC3, 0x00, 0x06, 0x6D, 0x4A, 0xA3, 0xBC, 0x5B, 0x67, 0x07, 0x32, 0x48, 0xA3, 0x57, 0x73,
    0xFF, 0x73, 0x36, 0x69, 0x85, 0x67, 0x8F, 0x78, 0x72, 0xB0, 0x86, 0x52, 0x7E, 0xD3, 0x5B, 0x69,
    0xF3, 0x30, 0x36, 0x2F, 0x5B, 0xDD, 0xE2, 0x29, 0x2A, 0x50, 0x61, 0x0F, 0x53, 0xD2, 0x5F, 0x74,
    0xA1, 0xB7, 0x9A, 0x9C, 0x9B, 0xCA, 0x8D, 0x1D, 0xB9, 0x2B, 0xF1, 0x3B, 0x01, 0x3D, 0x7D, 0x92,
    0x81, 0x86, 0x16, 0x6F, 0x18, 0xC5, 0x7F, 0x3B, 0xB3, 0xCC, 0x9F, 0xD9, 0xDD, 0xF7, 0x7F, 0x05,
    0xCD, 0x22, 0x40, 0xBC, 0x10, 0x00, 0xCF, 0x28, 0x02, 0x4B, 0x37, 0x10, 0x42, 0x17, 0xB0, 0x57,
    0xB0, 0xF3, 0xB2, 0x08, 0xA9, 0x2E, 0x21, 0x80, 0x2E, 0xA2, 0xF6, 0x7B, 0x55, 0x84, 0xB0, 0xA3,
    0x2B, 0x18, 0x60, 0xB1, 0xD8, 0x57, 0x3E, 0x0C, 0xCD, 0xF7, 0x9D, 0x9E, 0xDA, 0x8F, 0x0A, 0x32,
    0xCF, 0xEF, 0x80, 0x73, 0x9C, 0x39, 0x66, 0x00, 0xE0, 0x08, 0xE2, 0x86, 0x3D, 0xA9, 0x6F, 0xB4,
    0x25, 0xAC, 0x3F, 0x11, 0x3F, 0xF4, 0xD8, 0x23, 0xB0, 0x03, 0x18, 0xEE, 0x82, 0x9D, 0x3E, 0xC5,
    0xB4, 0x26, 0x38, 0x8D, 0x12, 0x87, 0xC0, 0x3E, 0xE0, 0x19, 0xAA, 0x1D, 0x75, 0xE1, 0x96, 0x5F,
    0x9E, 0x42, 0x3B, 0x42, 0xC8, 0x60, 0x8B, 0x33, 0x43, 0x97, 0x80, 0x30, 0x33, 0x2C, 0xCC, 0xFF,
    0x57, 0x05, 0xBF, 0xA0, 0xC9, 0xB5, 0x53, 0x76, 0xAD, 0xA7, 0xE3, 0xA8, 0xD9, 0x34, 0x79, 0x5D,
    0x5D, 0xFC, 0x59, 0x7E, 0xD2, 0x94, 0x46, 0xED, 0xD4, 0xAA, 0x1D, 0xC3, 0xCD, 0x65, 0x5E, 0x49,
    0x73, 0xB8, 0x54, 0xEE, 0xCE, 0x95, 0xE2, 0x03, 0xF5, 0x86, 0x30, 0x06, 0x1A, 0x4D, 0xB4, 0x9A,
    0x09, 0x5A, 0x08, 0x79, 0xC1, 0x7D, 0x7D, 0xA7, 0x99, 0xA8, 0x82, 0x29, 0x61, 0x80, 0xC3, 0x19,
    0x70, 0x01, 0xC4, 0xE4, 0x15, 0x5D, 0x7A, 0xDB, 0x4E, 0x5D, 0x5E, 0x42, 0x0E, 0x1F, 0x97, 0x98,
    0xC2, 0xE7, 0x8D, 0xE1, 0x41, 0x8D, 0xAB, 0x1B, 0x53, 0x0E, 0x5B, 0x5B, 0x08, 0x8B, 0xF9, 0x8E,
    0x75, 0x74, 0x29, 0x5D, 0xC6, 0x5F, 0x22, 0x41, 0x55, 0xE8, 0x16, 0xE2, 0x5C, 0x69, 0x6C, 0xDD,
    0xF7, 0x3A, 0x77, 0x8F, 0x53, 0x50, 0x6A, 0x05, 0x60, 0xEA, 0x4D, 0xD0, 0x6E, 0x61, 0x25, 0x6A,
    0x2D, 0x1E, 0xDF, 0x67, 0x50, 0xC2, 0xF3, 0x74, 0x09, 0x24, 0xE8, 0x46, 0xF0, 0xED, 0x34, 0x2A,
    0xA0, 0x91, 0xBA, 0x84, 0xA9, 0x2E, 0x43, 0x5F, 0x7F, 0x5B, 0x68, 0xAE, 0xBD, 0x4D, 0x89, 0x41,
    0x5B, 0x82, 0x32, 0xE1, 0x72, 0x22, 0x3E, 0x2F, 0xC4, 0x87, 0x33, 0xB6, 0xB7, 0x60, 0x68, 0xB7,
    0x77, 0x21, 0xE8, 0x76, 0xAB, 0xC3, 0xBF, 0xF6, 0x42, 0x82, 0x2A, 0x43, 0x9C, 0x77, 0x9F, 0x59,
    0x29, 0x5C, 0xDD, 0x21, 0xBE, 0x00, 0xF3, 0x12, 0x27, 0x0D, 0x07, 0xB1, 0xB7, 0x27, 0x2B, 0x4C,
    0x1B, 0x82, 0xD6, 0x54, 0x4A, 0x70, 0x1F, 0x38, 0x05, 0x00, 0xEA, 0xE9, 0xEF, 0xDF, 0xE4, 0xEA,
    0xBF, 0xDB, 0x7C, 0xEB, 0x1C, 0xC1, 0x70, 0x08, 0x76, 0x72, 0x8C, 0x69, 0xFD, 0x3B, 0xFF, 0x0E,
    0x78, 0x06, 0xA6, 0x32, 0xF8, 0x6D, 0x61, 0x45, 0xA3, 0x91, 0x0D, 0xB6, 0xC6, 0x32, 0x31, 0x13,
    0x7C, 0x49, 0xA1, 0x9E, 0xA9, 0x5C, 0xFD, 0xBE, 0xA7, 0xDA, 0xFB, 0xBF, 0x32, 0x88, 0x50, 0xDC,
    0x80, 0xCE, 0xA7, 0xF8, 0x66, 0x8C, 0xEA, 0xE3, 0x0C, 0x7B, 0xF9, 0x8F, 0x1D, 0x5B, 0x6A, 0x89,
    0x70, 0x6D, 0x84, 0x2F, 0x46, 0xF7, 0xCA, 0x88, 0x2F, 0x9D, 0x93, 0x33, 0xEC, 0xDE, 0x7B, 0x8C,
    0x85, 0x33, 0xE7, 0xC2, 0xA9, 0x34, 0x53, 0xEF, 0xFC, 0x75, 0x31, 0x9A, 0x69, 0x45, 0xAB, 0x0D,
    0xA6, 0x99, 0x41, 0x23, 0x21, 0xC3, 0x6A, 0x0D, 0x31, 0x39, 0x3D, 0xFC, 0x00, 0x63, 0x60, 0xFA,
    0xC3, 0xC0, 0x3F, 0x8F, 0xC1, 0x5E, 0x8F, 0x61, 0x8F, 0x0D, 0xC3, 0x8F, 0x3D, 0x4C, 0x1F, 0x3F,
    0x30, 0x7F, 0xBF, 0xC0, 0xFC, 0xBF, 0x81, 0xFD, 0x1F, 0x03, 0xF7, 0x17, 0x06, 0xFB, 0x87, 0x0C,
    0xE6, 0xFF, 0x19, 0x18, 0xFF, 0x31, 0x00, 0x00, 0x8D, 0xD0, 0xB1, 0xAA, 0x14, 0x31, 0x14, 0xC6,
    0xF1, 0xFF, 0x6C, 0xE4, 0x0E, 0x38, 0x45, 0x6C, 0xC5, 0x62, 0x5A, 0xBB, 0x63, 0x2D, 0x32, 0x59,
    0xB0, 0xF4, 0x45, 0xEC, 0xEE, 0x13, 0xEC, 0xCD, 0x60, 0xEB, 0xEB, 0x58, 0xCE, 0x3A, 0x11, 0x5F,
    0x60, 0xF0, 0x09, 0x82, 0xDC, 0x56, 0x88, 0x30, 0x45, 0x2E, 0x64, 0xEF, 0xF1, 0x6C, 0xB3, 0xB5,
    0x90, 0x1F, 0x87, 0xE4, 0x40, 0x72, 0xF2, 0xF1, 0x16, 0xA2, 0xAD, 0x84, 0xCF, 0x07, 0x2D, 0x5E,
    0x4B, 0xF8, 0x54, 0x1E, 0x5C, 0x59, 0x5C, 0x5E, 0xDC, 0xF6, 0xDD, 0xCF, 0x41, 0xF1, 0x3B, 0xC4,
    0x3F, 0x4E, 0x2F, 0xC3, 0xEF, 0xE6, 0xBF, 0x5E, 0xE4, 0x61, 0x91, 0xBD, 0xC9, 0xCF, 0x3D, 0x68,
    0x7E, 0xFF, 0x0C, 0x00, 0xBC, 0x33, 0x05, 0x0E, 0x15, 0xFA, 0x06, 0xDE, 0xC8, 0x09, 0x4E, 0x13,
    0x54, 0xC1, 0x95, 0x91, 0x7E, 0xF3, 0xB3, 0x57, 0x4D, 0xC1, 0x58, 0xDD, 0x46, 0xAB, 0x62, 0x5C,
    0x3E, 0x5B, 0xAF, 0x31, 0xA4, 0x86, 0xBF, 0xFA, 0x51, 0xF1, 0x5F, 0x76, 0xC6, 0x8F, 0x05, 0x71,
    0x85, 0x70, 0xD5, 0x67, 0xA6, 0x61, 0xE3, 0xE4, 0x13, 0x8B, 0x71, 0x5A, 0x7B, 0xDD, 0xAD, 0xD1,
    0x35, 0x38, 0x43, 0x80, 0x86, 0x6D, 0xC7, 0x44, 0xB8, 0xBE, 0x30, 0x47, 0xDD, 0x56, 0x4D, 0x30,
    0x98, 0x11, 0x98, 0xCC, 0x02, 0x5D, 0x01, 0x97, 0xFF, 0xEB, 0xD8, 0x7E, 0x9E, 0x42, 0x12, 0x20,
    0x14, 0x88, 0x46, 0x33, 0x5D, 0x05, 0x57, 0x60, 0xC8, 0x7C, 0xF6, 0x89, 0xB3, 0x1C, 0x39, 0x05,
    0x98, 0x16, 0x08, 0xD5, 0x14, 0x90, 0x0C, 0x63, 0x82, 0x97, 0x47, 0xE8, 0xEB, 0x98, 0xE5, 0x79,
    0xAD, 0x93, 0xE5, 0x65, 0x63, 0xD7, 0x25, 0xFE, 0xDD, 0xE3, 0x93, 0x66, 0xD9, 0xE2, 0x0C, 0x63,
    0xBE, 0xDD, 0x7B, 0x68, 0x47, 0x5C, 0x81, 0xDE, 0x0C, 0x1B, 0xF8, 0x04, 0x32, 0x43, 0xC0, 0xC0,
    0x8B, 0x0B, 0x48, 0x83, 0x58, 0x20, 0x24, 0x18, 0x1E, 0xB3, 0x68, 0xFE, 0x70, 0x3F, 0x03, 0xF2,
    0x2B, 0x45, 0x4D, 0xDF, 0x56, 0x70, 0x1B, 0x43, 0x12, 0x2D, 0x41, 0x0B, 0x95, 0xA8, 0x79, 0xB5,
    0x90, 0xE1, 0x35, 0xC0, 0x2B, 0xDE, 0x94, 0x3B, 0xDD, 0x64, 0x27, 0x3C, 0x71, 0xA7, 0x89, 0x31,
    0x01, 0x16, 0x91, 0x6A, 0xEA, 0xC0, 0x3F, 0x32, 0xE8, 0xCC, 0x7D, 0xE9, 0x56, 0x1B, 0x18, 0x39,
    0x72, 0xEB, 0xFE, 0x03, 0x63, 0x74, 0x60, 0x42, 0x81, 0xF2, 0x0E, 0xF6, 0x0C, 0xB6, 0x0C, 0x40,
    0xD1, 0x06, 0xA6, 0x0B, 0x4C, 0x1F, 0x98, 0x2A, 0x98, 0x62, 0x98, 0x22, 0x98, 0x42, 0xE4, 0x03,
    0x40, 0xA2, 0x20, 0xC0, 0xF4, 0x81, 0xF1, 0xFF, 0x06, 0xA6, 0x07, 0x06, 0x4C, 0x0E, 0xA8, 0xC8,
    0xF9, 0x83, 0xBD, 0xF7, 0x03, 0x7B, 0xEE, 0x03, 0x1A, 0x0C, 0xA8, 0xCA, 0xA2, 0x3F, 0x30, 0xFD,
    0x33, 0x60, 0x6A, 0xC0, 0xA2, 0x4C, 0x81, 0x21, 0x01, 0x0A, 0xD3, 0x1C, 0xAA, 0x0E, 0x14, 0x1C,
    0x48, 0x6A, 0xA8, 0x06, 0x8A, 0x19, 0x30, 0x14, 0x1D, 0xA8, 0x3F, 0x50, 0x01, 0xE4, 0x03, 0x21,
    0x90, 0x55, 0x7B, 0x40, 0xE0, 0x00, 0x43, 0x03, 0x03, 0x0F, 0x03, 0x83, 0x0C, 0x03, 0x97, 0x7C,
    0x03, 0xD7, 0x7E, 0x06, 0xFE, 0x3F, 0x0C, 0xF6, 0x32, 0x0C, 0x7A, 0x40, 0xAE, 0x9C, 0x03, 0x97,
    0xBD, 0x03, 0x37, 0x90, 0x3B, 0x87, 0xA1, 0x0E, 0xC8, 0x65, 0x60, 0xE0, 0x64, 0x60, 0x00, 0x00,
    0x45, 0xCB, 0x01, 0x06, 0x80, 0x30, 0x14, 0x80, 0xE1, 0xBF, 0x0D, 0x01, 0x3A, 0xC2, 0x00, 0x08,
    0x76, 0x83, 0xDE, 0xBA, 0x58, 0x76, 0xB0, 0xB2, 0x8E, 0xD2, 0x11, 0x86, 0x30, 0x3C, 0xE9, 0x15,
    0x0A, 0x3F, 0xF0, 0x7F, 0x10, 0x12, 0x48, 0xA6, 0x44, 0xFC, 0x05, 0xFD, 0x01, 0xA2, 0x8B, 0xB5,
    0x31, 0xEC, 0x4A, 0xC8, 0x4A, 0x4C, 0x56, 0xD7, 0x10, 0x77, 0x22, 0xBE, 0x32, 0x59, 0x30, 0x42,
    0x11, 0x33, 0x62, 0xE6, 0xFD, 0xAD, 0xF5, 0x37, 0x73, 0x23, 0x3E, 0xBF, 0xAB, 0x9F, 0xB9, 0x01,
};

static const EpdGlyph lexenddeca_8_bolditalicGlyphs[] = {
    { 0, 0, 0, 0, 0, 0, 0 }, // U+0000
    { 0, 0, 0, 0, 0, 0, 0 }, // U+0001
    { 0, 0, 0, 0, 0, 0, 0 }, // U+0002
    { 0, 0, 0, 0, 0, 0, 0 }, // U+0003
    { 0, 0, 0, 0, 0, 0, 0 }, // U+0004
    { 0, 0, 0, 0, 0, 0, 0 }, // U+0005
    { 0, 0, 0, 0, 0, 0, 0 }, // U+0006
    { 0, 0, 0, 0, 0, 0, 0 }, // U+0007
    { 0, 0, 0, 0, 0, 0, 0 }, // U+0008
    { 0, 0, 0, 0, 0, 0, 0 }, // U+0009
    { 0, 0, 0, 0, 0, 0, 0 }, // U+000A
    { 0, 0, 0, 0, 0, 0, 0 }, // U+000B
    { 0, 0, 0, 0, 0, 0, 0 }, // U+000C
    { 0, 0, 0, 0, 0, 0, 0 }, // U+000D
    { 0, 0, 0, 0, 0, 0, 0 }, // U+000E
    { 0, 0, 0, 0, 0, 0, 0 }, // U+000F
    { 0, 0, 0, 0, 0, 0, 0 }, // U+0010
    { 0, 0, 0, 0, 0, 0, 0 }, // U+0011
    { 0, 0, 0, 0, 0, 0, 0 }, // U+0012
    { 0, 0, 0, 0, 0, 0, 0 }, // U+0013
    { 0, 0, 0, 0, 0, 0, 0 }, // U+0014
    { 0, 0, 0, 0, 0, 0, 0 }, // U+0015
    { 0, 0, 0, 0, 0, 0, 0 }, // U+0016
    { 0, 0, 0, 0, 0, 0, 0 }, // U+0017
    { 0, 0, 0, 0, 0, 0, 0 }, // U+0018
    { 0, 0, 0, 0, 0, 0, 0 }, // U+0019
    { 0, 0, 0, 0, 0, 0, 0 }, // U+001A
    { 0, 0, 0, 0, 0, 0, 0 }, // U+001B
    { 0, 0, 0, 0, 0, 0, 0 }, // U+001C
    { 0, 0, 0, 0, 0, 0, 0 }, // U+001D
    { 0, 0, 0, 0, 0, 0, 0 }, // U+001E
    { 0, 0, 0, 0, 0, 0, 0 }, // U+001F
    { 0, 0, 85, 0, 0, 0, 0 }, // U+0020
    { 6, 12, 82, 1, 12, 18, 0 }, // !
    { 9, 4, 127, 2, 12, 9, 18 }, // "
    { 13, 12, 196, 1, 12, 39, 27 }, // #
    { 13, 15, 169, 0, 13, 49, 66 }, // $
    { 15, 12, 258, 2, 12, 45, 115 }, // %
    { 13, 12, 207, 1, 12, 39, 160 }, // &
    { 5, 4, 67, 2, 12, 5, 199 }, // '
    { 8, 16, 104, 1, 12, 32, 204 }, // (
    { 9, 16, 104, -1, 12, 36, 236 }, // )
    { 9, 8, 117, 1, 13, 18, 272 }, // *
    { 10, 10, 159, 1, 10, 25, 290 }, // +
    { 5, 6, 77, 0, 2, 8, 315 }, // ,
    { 7, 3, 120, 1, 6, 6, 323 }, // -
    { 4, 3, 69, 0, 3, 3, 329 }, // .
    { 14, 15, 159, -1, 12, 53, 332 }, // /
    { 12, 12, 180, 1, 12, 36, 385 }, // 0
    { 9, 12, 150, 1, 12, 27, 421 }, // 1
    { 11, 12, 146, 0, 12, 33, 448 }, // 2
    { 12, 12, 158, 0, 12, 36, 481 }, // 3
    { 11, 12, 177, 1, 12, 33, 517 }, // 4
    { 12, 12, 159, 0, 12, 36, 550 }, // 5
    { 10, 12, 154, 1, 12, 30, 586 }, // 6
    { 10, 12, 148, 1, 12, 30, 616 }, // 7
    { 10, 12, 160, 1, 12, 30, 646 }, // 8
    { 11, 12, 154, 1, 12, 33, 676 }, // 9
    { 6, 10, 69, 0, 10, 15, 709 }, // :
    { 6, 14, 78, 0, 10, 21, 724 }, // ;
    { 9, 9, 140, 1, 9, 21, 745 }, // <
    { 10, 6, 166, 1, 8, 15, 766 }, // =
    { 9, 9, 140, 1, 9, 21, 781 }, // >
    { 9, 12, 143, 2, 12, 27, 802 }, // ?
    { 17, 15, 257, 1, 12, 64, 829 }, // @
    { 13, 12, 185, -1, 12, 39, 893 }, // A
    { 12, 12, 187, 1, 12, 36, 932 }, // B
    { 13, 12, 185, 1, 12, 39, 968 }, // C
    { 13, 12, 206, 1, 12, 39, 1007 }, // D
    { 12, 12, 172, 1, 12, 36, 1046 }, // E
    { 12, 12, 165, 1, 12, 36, 1082 }, // F
    { 13, 12, 209, 1, 12, 39, 1118 }, // G
    { 14, 12, 208, 1, 12, 42, 1157 }, // H
    { 10, 12, 148, 1, 12, 30, 1199 }, // I
    { 12, 12, 177, 1, 12, 36, 1229 }, // J
    { 14, 12, 197, 1, 12, 42, 1265 }, // K
    { 10, 12, 162, 1, 12, 30, 1307 }, // L
    { 15, 12, 234, 1, 12, 45, 1337 }, // M
    { 14, 12, 215, 1, 12, 42, 1382 }, // N
    { 14, 12, 217, 1, 12, 42, 1424 }, // O
    { 12, 12, 177, 1, 12, 36, 1466 }, // P
    { 14, 14, 217, 1, 12, 49, 1502 }, // Q
    { 12, 12, 187, 1, 12, 36, 1551 }, // R
    { 12, 12, 169, 0, 12, 36, 1587 }, // S
    { 11, 12, 175, 2, 12, 33, 1623 }, // T
    { 12, 12, 204, 2, 12, 36, 1656 }, // U
    { 13, 12, 190, 2, 12, 39, 1692 }, // V
    { 18, 12, 265, 2, 12, 54, 1731 }, // W
    { 16, 12, 188, -1, 12, 48, 1785 }, // X
    { 13, 12, 184, 2, 12, 39, 1833 }, // Y
    { 12, 12, 182, 1, 12, 36, 1872 }, // Z
    { 9, 15, 112, 0, 12, 34, 1908 }, // [
    { 8, 14, 156, 2, 12, 28, 1942 }, // <backslash>
    { 9, 15, 112, 0, 12, 34, 1970 }, // ]
    { 11, 6, 158, 1, 12, 17, 2004 }, // ^
    { 11, 2, 183, 0, -1, 6, 2021 }, // _
    { 5, 4, 133, 4, 14, 5, 2027 }, // `
    { 11, 9, 176, 1, 9, 25, 2032 }, // a
    { 11, 13, 176, 1, 13, 36, 2057 }, // b
    { 10, 9, 145, 1, 9, 23, 2093 }, // c
    { 12, 13, 174, 1, 13, 39, 2116 }, // d
    { 10, 9, 156, 1, 9, 23, 2155 }, // e
    { 9, 12, 105, 1, 12, 27, 2178 }, // f
    { 13, 13, 178, 0, 9, 43, 2205 }, // g
    { 10, 13, 169, 1, 13, 33, 2248 }, // h
    { 6, 14, 85, 1, 14, 21, 2281 }, // i
    { 8, 18, 84, -1, 14, 36, 2302 }, // j
    { 12, 13, 167, 1, 13, 39, 2338 }, // k
    { 6, 13, 81, 1, 13, 20, 2377 }, // l
    { 16, 9, 257, 1, 9, 36, 2397 }, // m
    { 10, 9, 169, 1, 9, 23, 2433 }, // n
    { 11, 9, 171, 1, 9, 25, 2456 }, // o
    { 12, 13, 176, 0, 9, 39, 2481 }, // p
    { 11, 13, 176, 1, 9, 36, 2520 }, // q
    { 9, 9, 121, 1, 9, 21, 2556 }, // r
    { 10, 9, 132, 0, 9, 23, 2577 }, // s
    { 8, 12, 106, 1, 12, 24, 2600 }, // t
    { 11, 9, 171, 1, 9, 25, 2624 }, // u
    { 10, 9, 161, 2, 9, 23, 2649 }, // v
    { 14, 9, 222, 2, 9, 32, 2672 }, // w
    { 12, 9, 162, 0, 9, 27, 2704 }, // x
    { 12, 13, 165, 1, 9, 39, 2731 }, // y
    { 11, 9, 147, 0, 9, 25, 2770 }, // z
    { 8, 16, 114, 1, 12, 32, 2795 }, // {
    { 7, 16, 85, 0, 13, 28, 2827 }, // |
    { 8, 16, 114, 0, 12, 32, 2855 }, // }
    { 10, 3, 149, 1, 7, 8, 2887 }, // ~
    { 0, 0, 0, 0, 0, 0, 2895 }, // U+007F
    { 0, 0, 0, 0, 0, 0, 0 }, // U+0080
    { 0, 0, 0, 0, 0, 0, 0 }, // U+0081
    { 0, 0, 0, 0, 0, 0, 0 }, // U+0082
    { 0, 0, 0, 0, 0, 0, 0 }, // U+0083
    { 0, 0, 0, 0, 0, 0, 0 }, // U+0084
    { 0, 0, 0, 0, 0, 0, 0 }, // U+0085
    { 0, 0, 0, 0, 0, 0, 0 }, // U+0086
    { 0, 0, 0, 0, 0, 0, 0 }, // U+0087
    { 0, 0, 0, 0, 0, 0, 0 }, // U+0088
    { 0, 0, 0, 0, 0, 0, 0 }, // U+0089
    { 0, 0, 0, 0, 0, 0, 0 }, // U+008A
    { 0, 0, 0, 0, 0, 0, 0 }, // U+008B
    { 0, 0, 0, 0, 0, 0, 0 }, // U+008C
    { 0, 0, 0, 0, 0, 0, 0 }, // U+008D
    { 0, 0, 0, 0, 0, 0, 0 }, // U+008E
    { 0, 0, 0, 0, 0, 0, 0 }, // U+008F
    { 0, 0, 0, 0, 0, 0, 0 }, // U+0090
    { 0, 0, 0, 0, 0, 0, 0 }, // U+0091
    { 0, 0, 0, 0, 0, 0, 0 }, // U+0092
    { 0, 0, 0, 0, 0, 0, 0 }, // U+0093
    { 0, 0, 0, 0, 0, 0, 0 }, // U+0094
    { 0, 0, 0, 0, 0, 0, 0 }, // U+0095
    { 0, 0, 0, 0, 0, 0, 0 }, // U+0096
    { 0, 0, 0, 0, 0, 0, 0 }, // U+0097
    { 0, 0, 0, 0, 0, 0, 0 }, // U+0098
    { 0, 0, 0, 0, 0, 0, 0 }, // U+0099
    { 0, 0, 0, 0, 0, 0, 0 }, // U+009A
    { 0, 0, 0, 0, 0, 0, 0 }, // U+009B
    { 0, 0, 0, 0, 0, 0, 0 }, // U+009C
    { 0, 0, 0, 0, 0, 0, 0 }, // U+009D
    { 0, 0, 0, 0, 0, 0, 0 }, // U+009E
    { 0, 0, 0, 0, 0, 0, 0 }, // U+009F
    { 0, 0, 85, 0, 0, 0, 0 }, // U+00A0
    { 6, 13, 82, 0, 9, 20, 0 }, // U+00A1
    { 11, 12, 150, 1, 12, 33, 20 }, // U+00A2
    { 12, 13, 170, 0, 12, 39, 53 }, // U+00A3
    { 10, 9, 149, 1, 10, 23, 92 }, // U+00A4
    { 13, 12, 184, 2, 12, 39, 115 }, // U+00A5
    { 7, 16, 86, 0, 13, 28, 154 }, // U+00A6
    { 12, 14, 153, 0, 12, 42, 182 }, // U+00A7
    { 8, 3, 133, 3, 14, 6, 224 }, // U+00A8
    { 14, 12, 211, 1, 12, 42, 230 }, // U+00A9
    { 7, 6, 104, 2, 12, 11, 272 }, // U+00AA
    { 10, 8, 150, 1, 8, 20, 283 }, // U+00AB
    { 12, 5, 179, 1, 7, 15, 303 }, // U+00AC
    { 0, 0, 0, 0, 0, 0, 318 }, // U+00AD
    { 10, 8, 135, 1, 12, 20, 318 }, // U+00AE
    { 7, 2, 113, 3, 13, 4, 338 }, // U+00AF
    { 7, 5, 142, 3, 12, 9, 342 }, // U+00B0
    { 11, 10, 171, 1, 10, 28, 351 }, // U+00B1
    { 6, 8, 97, 2, 15, 12, 379 }, // U+00B2
    { 6, 7, 95, 2, 14, 11, 391 }, // U+00B3
    { 5, 4, 133, 4, 14, 5, 402 }, // U+00B4
    { 12, 12, 170, 0, 9, 36, 407 }, // U+00B5
    { 12, 12, 204, 2, 12, 36, 443 }, // U+00B6
    { 4, 4, 69, 1, 8, 4, 479 }, // U+00B7
    { 5, 4, 133, 1, 0, 5, 483 }, // U+00B8
    { 5, 7, 78, 2, 14, 9, 488 }, // U+00B9
    { 7, 5, 107, 2, 12, 9, 497 }, // U+00BA
    { 11, 8, 151, 0, 8, 22, 506 }, // U+00BB
    { 14, 13, 219, 1, 13, 46, 528 }, // U+00BC
    { 14, 13, 221, 1, 13, 46, 574 }, // U+00BD
    { 14, 12, 227, 1, 12, 42, 620 }, // U+00BE
    { 9, 12, 143, 0, 9, 27, 662 }, // U+00BF
    { 13, 16, 185, -1, 16, 52, 689 }, // U+00C0
    { 13, 16, 185, -1, 16, 52, 741 }, // U+00C1
    { 13, 16, 185, -1, 16, 52, 793 }, // U+00C2
    { 14, 15, 185, -1, 15, 53, 845 }, // U+00C3
    { 14, 16, 185, -1, 16, 56, 898 }, // U+00C4
    { 13, 15, 185, -1, 15, 49, 954 }, // U+00C5
    { 21, 12, 287, -1, 12, 63, 1003 }, // U+00C6
    { 13, 16, 185, 1, 12, 52, 1066 }, // U+00C7
    { 12, 16, 172, 1, 16, 48, 1118 }, // U+00C8
    { 12, 16, 172, 1, 16, 48, 1166 }, // U+00C9
    { 12, 16, 172, 1, 16, 48, 1214 }, // U+00CA
    { 12, 16, 172, 1, 16, 48, 1262 }, // U+00CB
    { 10, 16, 148, 1, 16, 40, 1310 }, // U+00CC
    { 10, 16, 148, 1, 16, 40, 1350 }, // U+00CD
    { 10, 16, 148, 1, 16, 40, 1390 }, // U+00CE
    { 11, 16, 148, 1, 16, 44, 1430 }, // U+00CF
    { 13, 12, 206, 1, 12, 39, 1474 }, // U+00D0
    { 14, 15, 215, 1, 15, 53, 1513 }, // U+00D1
    { 14, 16, 217, 1, 16, 56, 1566 }, // U+00D2
    { 14, 16, 217, 1, 16, 56, 1622 }, // U+00D3
    { 14, 16, 217, 1, 16, 56, 1678 }, // U+00D4
    { 14, 15, 217, 1, 15, 53, 1734 }, // U+00D5
    { 14, 16, 217, 1, 16, 56, 1787 }, // U+00D6
    { 9, 8, 142, 1, 9, 18, 1843 }, // U+00D7
    { 14, 14, 215, 1, 13, 49, 1861 }, // U+00D8
    { 12, 16, 204, 2, 16, 48, 1910 }, // U+00D9
    { 12, 16, 204, 2, 16, 48, 1958 }, // U+00DA
    { 12, 16, 204, 2, 16, 48, 2006 }, // U+00DB
    { 12, 16, 204, 2, 16, 48, 2054 }, // U+00DC
    { 13, 16, 184, 2, 16, 52, 2102 }, // U+00DD
    { 11, 12, 177, 1, 12, 33, 2154 }, // U+00DE
    { 11, 12, 178, 1, 12, 33, 2187 }, // U+00DF
    { 11, 15, 176, 1, 15, 42, 2220 }, // U+00E0
    { 11, 15, 176, 1, 15, 42, 2262 }, // U+00E1
    { 11, 14, 176, 1, 14, 39, 2304 }, // U+00E2
    { 11, 14, 176, 1, 14, 39, 2343 }, // U+00E3
    { 11, 15, 176, 1, 15, 42, 2382 }, // U+00E4
    { 11, 15, 176, 1, 15, 42, 2424 }, // U+00E5
    { 15, 9, 240, 1, 9, 34, 2466 }, // U+00E6
    { 10, 13, 145, 1, 9, 33, 2500 }, // U+00E7
    { 10, 15, 156, 1, 15, 38, 2533 }, // U+00E8
    { 10, 15, 156, 1, 15, 38, 2571 }, // U+00E9
    { 10, 14, 156, 1, 14, 35, 2609 }, // U+00EA
    { 11, 15, 156, 1, 15, 42, 2644 }, // U+00EB
    { 6, 15, 77, 1, 15, 23, 2686 }, // U+00EC
    { 6, 15, 77, 1, 15, 23, 2709 }, // U+00ED
    { 7, 14, 77, 1, 14, 25, 2732 }, // U+00EE
    { 8, 15, 77, 1, 15, 30, 2757 }, // U+00EF
    { 10, 13, 159, 1, 13, 33, 2787 }, // U+00F0
    { 11, 14, 169, 1, 14, 39, 2820 }, // U+00F1
    { 11, 15, 171, 1, 15, 42, 2859 }, // U+00F2
    { 11, 15, 171, 1, 15, 42, 2901 }, // U+00F3
    { 11, 14, 171, 1, 14, 39, 2943 }, // U+00F4
    { 11, 14, 171, 1, 14, 39, 2982 }, // U+00F5
    { 11, 15, 171, 1, 15, 42, 3021 }, // U+00F6
    { 10, 9, 159, 1, 9, 23, 3063 }, // U+00F7
    { 12, 11, 171, 0, 10, 33, 3086 }, // U+00F8
    { 11, 15, 171, 1, 15, 42, 3119 }, // U+00F9
    { 11, 15, 171, 1, 15, 42, 3161 }, // U+00FA
    { 11, 14, 171, 1, 14, 39, 3203 }, // U+00FB
    { 11, 15, 171, 1, 15, 42, 3242 }, // U+00FC
    { 12, 19, 165, 1, 15, 57, 3284 }, // U+00FD
    { 12, 17, 176, 0, 13, 51, 3341 }, // U+00FE
    { 12, 19, 165, 1, 15, 57, 3392 }, // U+00FF
    { 13, 15, 185, -1, 15, 49, 0 }, // U+0100
    { 11, 14, 176, 1, 14, 39, 49 }, // U+0101
    { 14, 17, 185, -1, 17, 60, 88 }, // U+0102
    { 11, 14, 176, 1, 14, 39, 148 }, // U+0103
    { 13, 16, 185, -1, 12, 52, 187 }, // U+0104
    { 11, 13, 176, 1, 9, 36, 239 }, // U+0105
    { 13, 16, 185, 1, 16, 52, 275 }, // U+0106
    { 10, 15, 145, 1, 15, 38, 327 }, // U+0107
    { 13, 16, 185, 1, 16, 52, 365 }, // U+0108
    { 10, 14, 145, 1, 14, 35, 417 }, // U+0109
    { 13, 16, 185, 1, 16, 52, 452 }, // U+010A
    { 10, 15, 145, 1, 15, 38, 504 }, // U+010B
    { 13, 16, 185, 1, 16, 52, 542 }, // U+010C
    { 10, 14, 145, 1, 14, 35, 594 }, // U+010D
    { 13, 16, 206, 1, 16, 52, 629 }, // U+010E
    { 16, 13, 201, 1, 13, 52, 681 }, // U+010F
    { 13, 12, 206, 1, 12, 39, 733 }, // U+0110
    { 13, 13, 174, 1, 13, 43, 772 }, // U+0111
    { 12, 15, 172, 1, 15, 45, 815 }, // U+0112
    { 10, 14, 156, 1, 14, 35, 860 }, // U+0113
    { 12, 17, 172, 1, 17, 51, 895 }, // U+0114
    { 10, 14, 156, 1, 14, 35, 946 }, // U+0115
    { 12, 16, 172, 1, 16, 48, 981 }, // U+0116
    { 10, 15, 156, 1, 15, 38, 1029 }, // U+0117
    { 12, 16, 172, 1, 12, 48, 1067 }, // U+0118
    { 10, 13, 156, 1, 9, 33, 1115 }, // U+0119
    { 12, 16, 172, 1, 16, 48, 1148 }, // U+011A
    { 10, 14, 156, 1, 14, 35, 1196 }, // U+011B
    { 13, 16, 209, 1, 16, 52, 1231 }, // U+011C
    { 12, 18, 178, 0, 14, 54, 1283 }, // U+011D
    { 13, 17, 209, 1, 17, 56, 1337 }, // U+011E
    { 12, 18, 178, 0, 14, 54, 1393 }, // U+011F
    { 13, 16, 209, 1, 16, 52, 1447 }, // U+0120
    { 12, 19, 178, 0, 15, 57, 1499 }, // U+0121
    { 13, 17, 209, 1, 12, 56, 1556 }, // U+0122
    { 12, 19, 178, 0, 15, 57, 1612 }, // U+0123
    { 14, 16, 208, 1, 16, 56, 1669 }, // U+0124
    { 11, 17, 169, 1, 17, 47, 1725 }, // U+0125
    { 15, 12, 219, 1, 12, 45, 1772 }, // U+0126
    { 10, 13, 169, 1, 13, 33, 1817 }, // U+0127
    { 11, 15, 148, 1, 15, 42, 1850 }, // U+0128
    { 8, 14, 77, 1, 14, 28, 1892 }, // U+0129
    { 10, 15, 148, 1, 15, 38, 1920 }, // U+012A
    { 7, 14, 77, 1, 14, 25, 1958 }, // U+012B
    { 10, 17, 148, 1, 17, 43, 1983 }, // U+012C
    { 8, 14, 77, 1, 14, 28, 2026 }, // U+012D
    { 10, 16, 148, 1, 12, 40, 2054 }, // U+012E
    { 8, 19, 77, -1, 15, 38, 2094 }, // U+012F
    { 10, 16, 148, 1, 16, 40, 2132 }, // U+0130
    { 5, 9, 77, 1, 9, 12, 2172 }, // U+0131
    { 21, 12, 325, 1, 12, 63, 2184 }, // U+0132
    { 12, 18, 169, 1, 14, 54, 2247 }, // U+0133
    { 12, 16, 177, 1, 16, 48, 2301 }, // U+0134
    { 10, 18, 84, -1, 14, 45, 2349 }, // U+0135
    { 14, 17, 197, 1, 12, 60, 2394 }, // U+0136
    { 12, 18, 167, 1, 13, 54, 2454 }, // U+0137
    { 12, 9, 168, 1, 9, 27, 2508 }, // U+0138
    { 10, 16, 162, 1, 16, 40, 2535 }, // U+0139
    { 7, 17, 81, 1, 17, 30, 2575 }, // U+013A
    { 10, 17, 162, 1, 12, 43, 2605 }, // U+013B
    { 7, 18, 81, 0, 13, 32, 2648 }, // U+013C
    { 11, 13, 162, 1, 13, 36, 2680 }, // U+013D
    { 10, 13, 108, 1, 13, 33, 2716 }, // U+013E
    { 10, 12, 162, 1, 12, 30, 2749 }, // U+013F
    { 9, 13, 120, 1, 13, 30, 2779 }, // U+0140
    { 10, 12, 167, 1, 12, 30, 2809 }, // U+0141
    { 7, 13, 101, 1, 13, 23, 2839 }, // U+0142
    { 14, 16, 215, 1, 16, 56, 2862 }, // U+0143
    { 10, 15, 169, 1, 15, 38, 2918 }, // U+0144
    { 14, 17, 215, 1, 12, 60, 2956 }, // U+0145
    { 10, 14, 169, 1, 9, 35, 3016 }, // U+0146
    { 14, 16, 215, 1, 16, 56, 3051 }, // U+0147
    { 11, 14, 169, 1, 14, 39, 3107 }, // U+0148
    { 13, 12, 179, -1, 12, 39, 3146 }, // U+0149
    { 14, 15, 215, 1, 12, 53, 3185 }, // U+014A
    { 10, 12, 169, 1, 9, 30, 3238 }, // U+014B
    { 14, 15, 217, 1, 15, 53, 3268 }, // U+014C
    { 11, 14, 171, 1, 14, 39, 3321 }, // U+014D
    { 14, 17, 217, 1, 17, 60, 3360 }, // U+014E
    { 11, 14, 171, 1, 14, 39, 3420 }, // U+014F
    { 14, 17, 217, 1, 17, 60, 3459 }, // U+0150
    { 11, 14, 171, 1, 14, 39, 3519 }, // U+0151
    { 19, 12, 288, 1, 12, 57, 3558 }, // U+0152
    { 17, 9, 268, 1, 9, 39, 3615 }, // U+0153
    { 12, 16, 187, 1, 16, 48, 3654 }, // U+0154
    { 9, 15, 121, 1, 15, 34, 3702 }, // U+0155
    { 12, 17, 187, 1, 12, 51, 3736 }, // U+0156
    { 10, 14, 121, 0, 9, 35, 3787 }, // U+0157
    { 12, 16, 187, 1, 16, 48, 3822 }, // U+0158
    { 10, 14, 121, 1, 14, 35, 3870 }, // U+0159
    { 12, 16, 169, 0, 16, 48, 3905 }, // U+015A
    { 10, 15, 132, 0, 15, 38, 3953 }, // U+015B
    { 12, 16, 169, 0, 16, 48, 3991 }, // U+015C
    { 10, 14, 132, 0, 14, 35, 4039 }, // U+015D
    { 12, 16, 169, 0, 12, 48, 4074 }, // U+015E
    { 10, 13, 132, 0, 9, 33, 4122 }, // U+015F
    { 12, 16, 169, 0, 16, 48, 4155 }, // U+0160
    { 10, 14, 132, 0, 14, 35, 4203 }, // U+0161
    { 11, 16, 175, 2, 12, 44, 4238 }, // U+0162
    { 9, 16, 106, 0, 12, 36, 4282 }, // U+0163
    { 11, 16, 175, 2, 16, 44, 4318 }, // U+0164
    { 11, 15, 106, 1, 15, 42, 4362 }, // U+0165
    { 11, 12, 175, 2, 12, 33, 4404 }, // U+0166
    { 8, 12, 106, 1, 12, 24, 4437 }, // U+0167
    { 12, 15, 204, 2, 15, 45, 4461 }, // U+0168
    { 11, 14, 171, 1, 14, 39, 4506 }, // U+0169
    { 12, 15, 204, 2, 15, 45, 4545 }, // U+016A
    { 11, 14, 171, 1, 14, 39, 4590 }, // U+016B
    { 12, 17, 204, 2, 17, 51, 4629 }, // U+016C
    { 11, 14, 171, 1, 14, 39, 4680 }, // U+016D
    { 12, 15, 204, 2, 15, 45, 4719 }, // U+016E
    { 11, 15, 171, 1, 15, 42, 4764 }, // U+016F
    { 13, 17, 204, 2, 17, 56, 4806 }, // U+0170
    { 11, 14, 171, 1, 14, 39, 4862 }, // U+0171
    { 12, 16, 204, 2, 12, 48, 4901 }, // U+0172
    { 11, 13, 171, 1, 9, 36, 4949 }, // U+0173
    { 18, 16, 265, 2, 16, 72, 4985 }, // U+0174
    { 15, 14, 222, 1, 14, 53, 5057 }, // U+0175
    { 13, 16, 184, 2, 16, 52, 5110 }, // U+0176
    { 12, 18, 165, 1, 14, 54, 5162 }, // U+0177
    { 13, 16, 184, 2, 16, 52, 5216 }, // U+0178
    { 12, 16, 182, 1, 16, 48, 5268 }, // U+0179
    { 11, 15, 147, 0, 15, 42, 5316 }, // U+017A
    { 12, 16, 182, 1, 16, 48, 5358 }, // U+017B
    { 11, 15, 147, 0, 15, 42, 5406 }, // U+017C
    { 12, 16, 182, 1, 16, 48, 5448 }, // U+017D
    { 11, 14, 147, 0, 14, 39, 5496 }, // U+017E
    { 15, 15, 217, 1, 15, 57, 0 }, // U+01A0
    { 12, 11, 171, 1, 11, 33, 57 }, // U+01A1
    { 15, 15, 204, 2, 15, 57, 90 }, // U+01AF
    { 13, 11, 171, 1, 11, 36, 147 }, // U+01B0
    { 25, 16, 376, 1, 16, 100, 183 }, // U+01C4
    { 23, 14, 352, 1, 14, 81, 283 }, // U+01C5
    { 21, 14, 321, 1, 14, 74, 364 }, // U+01C6
    { 22, 12, 340, 1, 12, 66, 438 }, // U+01C7
    { 17, 18, 246, 1, 14, 77, 504 }, // U+01C8
    { 11, 18, 161, 1, 14, 50, 581 }, // U+01C9
    { 26, 12, 393, 1, 12, 78, 631 }, // U+01CA
    { 20, 18, 299, 1, 14, 90, 709 }, // U+01CB
    { 17, 18, 254, 1, 14, 77, 799 }, // U+01CC
    { 13, 16, 185, -1, 16, 52, 876 }, // U+01CD
    { 11, 14, 176, 1, 14, 39, 928 }, // U+01CE
    { 10, 16, 148, 1, 16, 40, 967 }, // U+01CF
    { 8, 14, 77, 1, 14, 28, 1007 }, // U+01D0
    { 14, 16, 217, 1, 16, 56, 1035 }, // U+01D1
    { 11, 14, 171, 1, 14, 39, 1091 }, // U+01D2
    { 12, 16, 204, 2, 16, 48, 1130 }, // U+01D3
    { 11, 14, 171, 1, 14, 39, 1178 }, // U+01D4
    { 13, 16, 209, 1, 16, 52, 1217 }, // U+01E6
    { 12, 18, 178, 0, 14, 54, 1269 }, // U+01E7
    { 14, 16, 217, 1, 12, 56, 1323 }, // U+01EA
    { 11, 13, 171, 1, 9, 36, 1379 }, // U+01EB
    { 25, 12, 376, 1, 12, 75, 1415 }, // U+01F1
    { 23, 12, 352, 1, 12, 69, 1490 }, // U+01F2
    { 13, 20, 185, -1, 20, 65, 1559 }, // U+01FA
    { 11, 19, 176, 1, 19, 53, 1624 }, // U+01FB
    { 21, 16, 287, -1, 16, 84, 1677 }, // U+01FC
    { 16, 15, 240, 0, 15, 60, 1761 }, // U+01FD
    { 14, 17, 215, 1, 16, 60, 1821 }, // U+01FE
    { 12, 16, 171, 0, 15, 48, 1881 }, // U+01FF
    { 13, 16, 185, -1, 16, 52, 1929 }, // U+0200
    { 11, 14, 176, 1, 14, 39, 1981 }, // U+0201
    { 13, 16, 185, -1, 16, 52, 2020 }, // U+0202
    { 11, 14, 176, 1, 14, 39, 2072 }, // U+0203
    { 12, 16, 172, 1, 16, 48, 2111 }, // U+0204
    { 10, 14, 156, 1, 14, 35, 2159 }, // U+0205
    { 12, 16, 172, 1, 16, 48, 2194 }, // U+0206
    { 10, 14, 156, 1, 14, 35, 2242 }, // U+0207
    { 10, 16, 148, 1, 16, 40, 2277 }, // U+0208
    { 8, 14, 77, 0, 14, 28, 2317 }, // U+0209
    { 10, 16, 148, 1, 16, 40, 2345 }, // U+020A
    { 7, 14, 77, 1, 14, 25, 2385 }, // U+020B
    { 14, 16, 217, 1, 16, 56, 2410 }, // U+020C
    { 11, 14, 171, 1, 14, 39, 2466 }, // U+020D
    { 14, 16, 217, 1, 16, 56, 2505 }, // U+020E
    { 11, 14, 171, 1, 14, 39, 2561 }, // U+020F
    { 12, 16, 187, 1, 16, 48, 2600 }, // U+0210
    { 9, 14, 121, 1, 14, 32, 2648 }, // U+0211
    { 12, 16, 187, 1, 16, 48, 2680 }, // U+0212
    { 9, 14, 121, 1, 14, 32, 2728 }, // U+0213
    { 12, 16, 204, 2, 16, 48, 2760 }, // U+0214
    { 11, 14, 171, 1, 14, 39, 2808 }, // U+0215
    { 12, 16, 204, 2, 16, 48, 2847 }, // U+0216
    { 11, 14, 171, 1, 14, 39, 2895 }, // U+0217
    { 12, 17, 169, 0, 12, 51, 2934 }, // U+0218
    { 10, 14, 132, 0, 9, 35, 2985 }, // U+0219
    { 11, 17, 175, 2, 12, 47, 3020 }, // U+021A
    { 9, 17, 106, 0, 12, 39, 3067 }, // U+021B
    { 5, 4, 0, 4, 14, 5, 0 }, // U+0300
    { 5, 4, 0, 4, 14, 5, 5 }, // U+0301
    { 7, 3, 0, 3, 13, 6, 10 }, // U+0302
    { 7, 3, 0, 3, 13, 6, 16 }, // U+0303
    { 7, 2, 0, 3, 13, 4, 22 }, // U+0304
    { 7, 4, 0, 3, 14, 7, 26 }, // U+0306
    { 4, 3, 0, 5, 14, 3, 33 }, // U+0307
    { 8, 3, 0, 3, 14, 6, 36 }, // U+0308
    { 5, 5, 0, 4, 14, 7, 42 }, // U+0309
    { 5, 4, 0, 4, 14, 5, 49 }, // U+030A
    { 9, 5, 0, 2, 14, 12, 54 }, // U+030B
    { 7, 4, 0, 3, 14, 7, 66 }, // U+030C
    { 9, 5, 0, 2, 14, 12, 73 }, // U+030F
    { 7, 4, 0, 3, 13, 7, 85 }, // U+0311
    { 5, 4, 0, 4, 14, 5, 92 }, // U+0312
    { 6, 4, 0, 3, 11, 6, 97 }, // U+031B
    { 4, 3, 0, 2, -1, 3, 103 }, // U+0323
    { 8, 3, 0, 0, -1, 6, 106 }, // U+0324
    { 5, 4, 0, 1, -1, 5, 112 }, // U+0326
    { 5, 4, 0, 1, 0, 5, 117 }, // U+0327
    { 5, 5, 0, 1, 1, 7, 122 }, // U+0328
    { 8, 4, 0, 0, 0, 8, 129 }, // U+032E
    { 7, 2, 0, 0, -1, 4, 137 }, // U+0331
    { 7, 2, 0, 2, 6, 4, 141 }, // U+0335
    { 0, 0, 0, 0, 0, 0, 145 }, // U+034F
    { 12, 13, 167, -1, 13, 39, 0 }, // U+03BB
    { 13, 12, 191, -1, 12, 39, 0 }, // U+0410
    { 12, 12, 169, -1, 12, 36, 39 }, // U+0411
    { 12, 12, 173, -1, 12, 36, 75 }, // U+0412
    { 12, 12, 151, -1, 12, 36, 111 }, // U+0413
    { 16, 16, 197, -2, 12, 64, 147 }, // U+0414
    { 15, 12, 200, -1, 12, 45, 211 }, // U+0418
    { 15, 12, 195, -1, 12, 45, 256 }, // U+041B
    { 15, 12, 205, -1, 12, 45, 301 }, // U+041D
    { 13, 12, 201, 0, 12, 39, 346 }, // U+041E
    { 15, 12, 204, -1, 12, 45, 385 }, // U+041F
    { 12, 12, 162, -1, 12, 36, 430 }, // U+0420
    { 12, 12, 179, 0, 12, 36, 466 }, // U+0421
    { 11, 12, 168, 1, 12, 33, 502 }, // U+0422
    { 13, 12, 194, 1, 12, 39, 535 }, // U+0423
    { 14, 12, 180, -1, 12, 42, 574 }, // U+0425
    { 12, 12, 180, 1, 12, 36, 616 }, // U+0427
    { 18, 12, 244, -1, 12, 54, 652 }, // U+042B
    { 11, 12, 162, -1, 12, 33, 706 }, // U+042C
    { 19, 12, 272, -1, 12, 57, 739 }, // U+042E
    { 14, 12, 188, -1, 12, 42, 796 }, // U+042F
    { 10, 9, 151, 0, 9, 23, 838 }, // U+0430
    { 11, 13, 150, 0, 13, 36, 861 }, // U+0431
    { 9, 9, 147, 0, 9, 21, 897 }, // U+0432
    { 9, 14, 143, 0, 14, 32, 918 }, // U+0434
    { 8, 9, 128, 0, 9, 18, 950 }, // U+0435
    { 9, 9, 128, -1, 9, 21, 968 }, // U+0437
    { 10, 9, 144, 0, 9, 23, 989 }, // U+043A
    { 10, 9, 153, 0, 9, 23, 1012 }, // U+043D
    { 9, 9, 148, 0, 9, 21, 1035 }, // U+043E
    { 11, 13, 144, -2, 9, 36, 1056 }, // U+0440
    { 14, 9, 220, 0, 9, 32, 1092 }, // U+0442
    { 10, 13, 153, 0, 9, 33, 1124 }, // U+0446
    { 8, 9, 126, 0, 9, 18, 1157 }, // U+044C
    { 14, 9, 208, -1, 9, 32, 1175 }, // U+044E
    { 13, 16, 185, -1, 12, 52, 0 }, // U+1EA0
    { 11, 13, 176, 1, 9, 36, 52 }, // U+1EA1
    { 13, 17, 185, -1, 17, 56, 88 }, // U+1EA2
    { 11, 15, 176, 1, 15, 42, 144 }, // U+1EA3
    { 16, 19, 185, -1, 19, 76, 186 }, // U+1EA4
    { 14, 17, 176, 1, 17, 60, 262 }, // U+1EA5
    { 14, 19, 185, -1, 19, 67, 322 }, // U+1EA6
    { 12, 17, 176, 1, 17, 51, 389 }, // U+1EA7
    { 16, 19, 185, -1, 19, 76, 440 }, // U+1EA8
    { 13, 18, 176, 1, 18, 59, 516 }, // U+1EA9
    { 14, 19, 185, -1, 19, 67, 575 }, // U+1EAA
    { 11, 17, 176, 1, 17, 47, 642 }, // U+1EAB
    { 13, 20, 185, -1, 16, 65, 689 }, // U+1EAC
    { 11, 18, 176, 1, 14, 50, 754 }, // U+1EAD
    { 13, 19, 185, -1, 19, 62, 804 }, // U+1EAE
    { 11, 17, 176, 1, 17, 47, 866 }, // U+1EAF
    { 13, 19, 185, -1, 19, 62, 913 }, // U+1EB0
    { 11, 17, 176, 1, 17, 47, 975 }, // U+1EB1
    { 13, 19, 185, -1, 19, 62, 1022 }, // U+1EB2
    { 11, 18, 176, 1, 18, 50, 1084 }, // U+1EB3
    { 14, 19, 185, -1, 19, 67, 1134 }, // U+1EB4
    { 11, 17, 176, 1, 17, 47, 1201 }, // U+1EB5
    { 14, 21, 185, -1, 17, 74, 1248 }, // U+1EB6
    { 11, 18, 176, 1, 14, 50, 1322 }, // U+1EB7
    { 12, 16, 172, 1, 12, 48, 1372 }, // U+1EB8
    { 10, 13, 156, 1, 9, 33, 1420 }, // U+1EB9
    { 12, 17, 172, 1, 17, 51, 1453 }, // U+1EBA
    { 10, 15, 156, 1, 15, 38, 1504 }, // U+1EBB
    { 12, 15, 172, 1, 15, 45, 1542 }, // U+1EBC
    { 10, 14, 156, 1, 14, 35, 1587 }, // U+1EBD
    { 14, 19, 172, 1, 19, 67, 1622 }, // U+1EBE
    { 13, 17, 156, 1, 17, 56, 1689 }, // U+1EBF
    { 12, 19, 172, 1, 19, 57, 1745 }, // U+1EC0
    { 11, 17, 156, 1, 17, 47, 1802 }, // U+1EC1
    { 14, 19, 172, 1, 19, 67, 1849 }, // U+1EC2
    { 13, 18, 156, 1, 18, 59, 1916 }, // U+1EC3
    { 12, 19, 172, 1, 19, 57, 1975 }, // U+1EC4
    { 11, 17, 156, 1, 17, 47, 2032 }, // U+1EC5
    { 12, 20, 172, 1, 16, 60, 2079 }, // U+1EC6
    { 10, 18, 156, 1, 14, 45, 2139 }, // U+1EC7
    { 10, 17, 148, 1, 17, 43, 2184 }, // U+1EC8
    { 7, 15, 77, 1, 15, 27, 2227 }, // U+1EC9
    { 10, 16, 148, 1, 12, 40, 2254 }, // U+1ECA
    { 7, 18, 85, 0, 14, 32, 2294 }, // U+1ECB
    { 14, 16, 217, 1, 12, 56, 2326 }, // U+1ECC
    { 11, 13, 171, 1, 9, 36, 2382 }, // U+1ECD
    { 14, 17, 217, 1, 17, 60, 2418 }, // U+1ECE
    { 11, 15, 171, 1, 15, 42, 2478 }, // U+1ECF
    { 15, 19, 217, 1, 19, 72, 2520 }, // U+1ED0
    { 13, 17, 171, 1, 17, 56, 2592 }, // U+1ED1
    { 14, 19, 217, 1, 19, 67, 2648 }, // U+1ED2
    { 12, 17, 171, 1, 17, 51, 2715 }, // U+1ED3
    { 15, 19, 217, 1, 19, 72, 2766 }, // U+1ED4
    { 13, 18, 171, 1, 18, 59, 2838 }, // U+1ED5
    { 14, 19, 217, 1, 19, 67, 2897 }, // U+1ED6
    { 11, 17, 171, 1, 17, 47, 2964 }, // U+1ED7
    { 14, 20, 217, 1, 16, 70, 3011 }, // U+1ED8
    { 11, 18, 171, 1, 14, 50, 3081 }, // U+1ED9
    { 15, 16, 217, 1, 16, 60, 3131 }, // U+1EDA
    { 12, 15, 171, 1, 15, 45, 3191 }, // U+1EDB
    { 15, 16, 217, 1, 16, 60, 3236 }, // U+1EDC
    { 12, 15, 171, 1, 15, 45, 3296 }, // U+1EDD
    { 15, 17, 217, 1, 17, 64, 3341 }, // U+1EDE
    { 12, 15, 171, 1, 15, 45, 3405 }, // U+1EDF
    { 15, 15, 217, 1, 15, 57, 3450 }, // U+1EE0
    { 12, 14, 171, 1, 14, 42, 3507 }, // U+1EE1
    { 15, 19, 217, 1, 15, 72, 3549 }, // U+1EE2
    { 12, 15, 171, 1, 11, 45, 3621 }, // U+1EE3
    { 12, 16, 204, 2, 12, 48, 3666 }, // U+1EE4
    { 11, 13, 171, 1, 9, 36, 3714 }, // U+1EE5
    { 12, 17, 204, 2, 17, 51, 3750 }, // U+1EE6
    { 11, 15, 171, 1, 15, 42, 3801 }, // U+1EE7
    { 15, 16, 204, 2, 16, 60, 3843 }, // U+1EE8
    { 13, 15, 171, 1, 15, 49, 3903 }, // U+1EE9
    { 15, 16, 204, 2, 16, 60, 3952 }, // U+1EEA
    { 13, 15, 171, 1, 15, 49, 4012 }, // U+1EEB
    { 15, 17, 204, 2, 17, 64, 4061 }, // U+1EEC
    { 13, 15, 171, 1, 15, 49, 4125 }, // U+1EED
    { 15, 15, 204, 2, 15, 57, 4174 }, // U+1EEE
    { 13, 14, 171, 1, 14, 46, 4231 }, // U+1EEF
    { 15, 19, 204, 2, 15, 72, 4277 }, // U+1EF0
    { 13, 15, 171, 1, 11, 49, 4349 }, // U+1EF1
    { 13, 16, 184, 2, 16, 52, 4398 }, // U+1EF2
    { 12, 19, 165, 1, 15, 57, 4450 }, // U+1EF3
    { 13, 16, 184, 2, 12, 52, 4507 }, // U+1EF4
    { 12, 13, 165, 1, 9, 39, 4559 }, // U+1EF5
    { 13, 17, 184, 2, 17, 56, 4598 }, // U+1EF6
    { 12, 19, 165, 1, 15, 57, 4654 }, // U+1EF7
    { 13, 15, 184, 2, 15, 49, 4711 }, // U+1EF8
    { 12, 18, 165, 1, 14, 54, 4760 }, // U+1EF9
    { 0, 0, 147, 0, 0, 0, 0 }, // U+2007
    { 0, 0, 69, 0, 0, 0, 0 }, // U+2008
    { 0, 0, 55, 0, 0, 0, 0 }, // U+2009
    { 0, 0, 27, 0, 0, 0, 0 }, // U+200A
    { 0, 0, 0, 0, 0, 0, 0 }, // U+200B
    { 0, 0, 0, 0, 0, 0, 0 }, // U+200C
    { 0, 0, 0, 0, 0, 0, 0 }, // U+200D
    { 0, 0, 0, 0, 0, 0, 0 }, // U+200E
    { 0, 0, 0, 0, 0, 0, 0 }, // U+200F
    { 7, 3, 120, 1, 6, 6, 0 }, // U+2010
    { 10, 2, 156, 1, 6, 5, 6 }, // U+2012
    { 10, 2, 159, 1, 6, 5, 11 }, // U+2013
    { 16, 2, 249, 1, 6, 8, 16 }, // U+2014
    { 15, 2, 246, 1, 6, 8, 24 }, // U+2015
    { 5, 5, 74, 2, 13, 7, 32 }, // U+2018
    { 5, 5, 74, 2, 13, 7, 39 }, // U+2019
    { 5, 6, 77, 0, 2, 8, 46 }, // U+201A
    { 9, 6, 135, 2, 13, 14, 54 }, // U+201C
    { 9, 5, 135, 2, 13, 12, 68 }, // U+201D
    { 9, 6, 137, 0, 2, 14, 80 }, // U+201E
    { 7, 10, 117, 2, 13, 18, 94 }, // U+2020
    { 8, 10, 113, 1, 13, 20, 112 }, // U+2021
    { 6, 5, 92, 1, 8, 8, 132 }, // U+2022
    { 13, 3, 196, 0, 3, 10, 140 }, // U+2026
    { 0, 0, 0, 0, 0, 0, 150 }, // U+202A
    { 0, 0, 0, 0, 0, 0, 150 }, // U+202B
    { 0, 0, 0, 0, 0, 0, 150 }, // U+202C
    { 0, 0, 0, 0, 0, 0, 150 }, // U+202D
    { 0, 0, 0, 0, 0, 0, 150 }, // U+202E
    { 21, 12, 360, 2, 12, 63, 150 }, // U+2030
    { 9, 4, 132, 2, 12, 9, 213 }, // U+2033
    { 6, 8, 84, 1, 8, 12, 222 }, // U+2039
    { 7, 8, 84, 0, 8, 14, 234 }, // U+203A
    { 14, 12, 162, -1, 12, 42, 248 }, // U+2044
    { 0, 0, 0, 0, 0, 0, 290 }, // U+2060
    { 0, 0, 0, 0, 0, 0, 290 }, // U+2061
    { 0, 0, 0, 0, 0, 0, 290 }, // U+2062
    { 0, 0, 0, 0, 0, 0, 290 }, // U+2063
    { 0, 0, 0, 0, 0, 0, 290 }, // U+2064
    { 0, 0, 0, 0, 0, 0, 290 }, // U+2066
    { 0, 0, 0, 0, 0, 0, 290 }, // U+2067
    { 0, 0, 0, 0, 0, 0, 290 }, // U+2068
    { 0, 0, 0, 0, 0, 0, 290 }, // U+2069
    { 0, 0, 0, 0, 0, 0, 290 }, // U+206A
    { 0, 0, 0, 0, 0, 0, 290 }, // U+206B
    { 0, 0, 0, 0, 0, 0, 290 }, // U+206C
    { 0, 0, 0, 0, 0, 0, 290 }, // U+206D
    { 0, 0, 0, 0, 0, 0, 290 }, // U+206E
    { 0, 0, 0, 0, 0, 0, 290 }, // U+206F
    { 7, 8, 109, 2, 15, 14, 0 }, // U+2070
    { 7, 7, 109, 2, 14, 13, 14 }, // U+2074
    { 6, 7, 98, 2, 14, 11, 27 }, // U+2075
    { 7, 8, 101, 2, 15, 14, 38 }, // U+2076
    { 6, 7, 88, 2, 14, 11, 52 }, // U+2077
    { 7, 7, 102, 2, 14, 13, 63 }, // U+2078
    { 6, 7, 98, 2, 14, 11, 76 }, // U+2079
    { 7, 8, 109, 0, 4, 14, 87 }, // U+2080
    { 5, 7, 78, 0, 3, 9, 101 }, // U+2081
    { 6, 8, 97, 0, 4, 12, 110 }, // U+2082
    { 6, 7, 95, 0, 3, 11, 122 }, // U+2083
    { 7, 8, 109, 0, 4, 14, 133 }, // U+2084
    { 7, 7, 98, -1, 3, 13, 147 }, // U+2085
    { 7, 8, 101, 0, 4, 14, 160 }, // U+2086
    { 6, 7, 88, 0, 3, 11, 174 }, // U+2087
    { 6, 7, 102, 0, 3, 11, 185 }, // U+2088
    { 6, 7, 98, 0, 3, 11, 196 }, // U+2089
    { 13, 16, 185, 1, 14, 52, 0 }, // U+20A1
    { 13, 12, 165, 0, 12, 39, 52 }, // U+20A3
    { 12, 13, 170, 0, 12, 39, 91 }, // U+20A4
    { 15, 12, 228, 1, 12, 45, 130 }, // U+20A6
    { 13, 12, 209, 2, 12, 39, 175 }, // U+20A7
    { 19, 12, 269, 1, 12, 57, 214 }, // U+20A9
    { 11, 12, 146, 0, 12, 33, 271 }, // U+20AB
    { 13, 12, 181, 1, 12, 39, 304 }, // U+20AC
    { 15, 12, 204, 1, 12, 45, 343 }, // U+20AD
    { 13, 12, 208, 2, 12, 39, 388 }, // U+20B1
    { 13, 17, 209, 1, 14, 56, 427 }, // U+20B2
    { 13, 15, 185, 1, 13, 49, 483 }, // U+20B5
    { 11, 12, 161, 2, 12, 33, 532 }, // U+20B9
    { 11, 12, 167, 1, 12, 33, 565 }, // U+20BA
    { 13, 14, 206, 1, 14, 46, 598 }, // U+20BC
    { 13, 12, 189, 1, 12, 39, 644 }, // U+20BD
    { 12, 13, 152, 0, 13, 39, 0 }, // U+2113
    { 10, 13, 163, 1, 13, 33, 0 }, // U+2202
    { 12, 9, 171, 0, 9, 27, 33 }, // U+2205
    { 14, 13, 190, -1, 13, 46, 60 }, // U+2206
    { 14, 16, 197, 1, 12, 56, 106 }, // U+220F
    { 11, 11, 140, 0, 11, 31, 162 }, // U+2211
    { 10, 2, 155, 1, 6, 5, 193 }, // U+2212
    { 14, 15, 151, -1, 13, 53, 198 }, // U+2215
    { 5, 4, 92, 1, 7, 5, 251 }, // U+2219
    { 14, 15, 197, 1, 12, 53, 256 }, // U+221A
    { 15, 7, 242, 1, 8, 27, 309 }, // U+221E
    { 15, 15, 165, -1, 13, 57, 336 }, // U+222B
    { 10, 7, 162, 1, 8, 18, 393 }, // U+2248
    { 11, 9, 169, 1, 9, 25, 411 }, // U+2260
    { 10, 10, 167, 1, 10, 25, 436 }, // U+2264
    { 10, 10, 167, 1, 10, 25, 461 }, // U+2265
    { 5, 11, 83, 0, 11, 14, 0 }, // U+2669
    { 7, 11, 120, 0, 11, 20, 14 }, // U+266A
    { 10, 13, 171, 0, 12, 33, 34 }, // U+266B
    { 10, 13, 171, 0, 12, 33, 67 }, // U+266C
    { 5, 11, 93, 0, 10, 14, 100 }, // U+266D
    { 6, 11, 95, 0, 7, 17, 114 }, // U+266E
    { 9, 14, 148, 0, 10, 32, 131 }, // U+266F
    { 13, 14, 190, 1, 14, 46, 0 }, // U+FB01
    { 13, 13, 186, 1, 13, 43, 46 }, // U+FB02
};

static const EpdUnicodeInterval lexenddeca_8_bolditalicIntervals[] = {
    { 0x0, 0x17E, 0x0 },
    { 0x1A0, 0x1A1, 0x17F },
    { 0x1AF, 0x1B0, 0x181 },
    { 0x1C4, 0x1D4, 0x183 },
    { 0x1E6, 0x1E7, 0x194 },
    { 0x1EA, 0x1EB, 0x196 },
    { 0x1F1, 0x1F2, 0x198 },
    { 0x1FA, 0x21B, 0x19A },
    { 0x300, 0x304, 0x1BC },
    { 0x306, 0x30C, 0x1C1 },
    { 0x30F, 0x30F, 0x1C8 },
    { 0x311, 0x312, 0x1C9 },
    { 0x31B, 0x31B, 0x1CB },
    { 0x323, 0x324, 0x1CC },
    { 0x326, 0x328, 0x1CE },
    { 0x32E, 0x32E, 0x1D1 },
    { 0x331, 0x331, 0x1D2 },
    { 0x335, 0x335, 0x1D3 },
    { 0x34F, 0x34F, 0x1D4 },
    { 0x3BB, 0x3BB, 0x1D5 },
    { 0x410, 0x414, 0x1D6 },
    { 0x418, 0x418, 0x1DB },
    { 0x41B, 0x41B, 0x1DC },
    { 0x41D, 0x423, 0x1DD },
    { 0x425, 0x425, 0x1E4 },
    { 0x427, 0x427, 0x1E5 },
    { 0x42B, 0x42C, 0x1E6 },
    { 0x42E, 0x432, 0x1E8 },
    { 0x434, 0x435, 0x1ED },
    { 0x437, 0x437, 0x1EF },
    { 0x43A, 0x43A, 0x1F0 },
    { 0x43D, 0x43E, 0x1F1 },
    { 0x440, 0x440, 0x1F3 },
    { 0x442, 0x442, 0x1F4 },
    { 0x446, 0x446, 0x1F5 },
    { 0x44C, 0x44C, 0x1F6 },
    { 0x44E, 0x44E, 0x1F7 },
    { 0x1EA0, 0x1EF9, 0x1F8 },
    { 0x2007, 0x2010, 0x252 },
    { 0x2012, 0x2015, 0x25C },
    { 0x2018, 0x201A, 0x260 },
    { 0x201C, 0x201E, 0x263 },
    { 0x2020, 0x2022, 0x266 },
    { 0x2026, 0x2026, 0x269 },
    { 0x202A, 0x202E, 0x26A },
    { 0x2030, 0x2030, 0x26F },
    { 0x2033, 0x2033, 0x270 },
    { 0x2039, 0x203A, 0x271 },
    { 0x2044, 0x2044, 0x273 },
    { 0x2060, 0x2064, 0x274 },
    { 0x2066, 0x2070, 0x279 },
    { 0x2074, 0x2079, 0x284 },
    { 0x2080, 0x2089, 0x28A },
    { 0x20A1, 0x20A1, 0x294 },
    { 0x20A3, 0x20A4, 0x295 },
    { 0x20A6, 0x20A7, 0x297 },
    { 0x20A9, 0x20A9, 0x299 },
    { 0x20AB, 0x20AD, 0x29A },
    { 0x20B1, 0x20B2, 0x29D },
    { 0x20B5, 0x20B5, 0x29F },
    { 0x20B9, 0x20BA, 0x2A0 },
    { 0x20BC, 0x20BD, 0x2A2 },
    { 0x2113, 0x2113, 0x2A4 },
    { 0x2202, 0x2202, 0x2A5 },
    { 0x2205, 0x2206, 0x2A6 },
    { 0x220F, 0x220F, 0x2A8 },
    { 0x2211, 0x2212, 0x2A9 },
    { 0x2215, 0x2215, 0x2AB },
    { 0x2219, 0x221A, 0x2AC },
    { 0x221E, 0x221E, 0x2AE },
    { 0x222B, 0x222B, 0x2AF },
    { 0x2248, 0x2248, 0x2B0 },
    { 0x2260, 0x2260, 0x2B1 },
    { 0x2264, 0x2265, 0x2B2 },
    { 0x2669, 0x266F, 0x2B4 },
    { 0xFB01, 0xFB02, 0x2BB },
};

static const EpdFontGroup lexenddeca_8_bolditalicGroups[] = {
    { 0, 1774, 3277, 128, 0 },
    { 1774, 1542, 3845, 128, 128 },
    { 3316, 2021, 6166, 127, 256 },
    { 5337, 1446, 3432, 61, 383 },
    { 6783, 155, 180, 25, 444 },
    { 6938, 42, 39, 1, 469 },
    { 6980, 858, 1333, 34, 470 },
    { 7838, 1235, 5326, 90, 504 },
    { 9073, 243, 343, 49, 594 },
    { 9316, 202, 250, 17, 643 },
    { 9518, 463, 791, 16, 660 },
    { 9981, 43, 39, 1, 676 },
    { 10024, 332, 545, 15, 677 },
    { 10356, 140, 208, 7, 692 },
    { 10496, 80, 108, 2, 699 },
};

static const uint16_t lexenddeca_8_bolditalicKernLeftCodepoints[] = {
    0x0026, 0x0028, 0x002A, 0x002C, 0x002E, 0x002F, 0x0030, 0x0031, 0x0032, 0x0033, 0x0034, 0x0035,
    0x0036, 0x0037, 0x0038, 0x0039, 0x003C, 0x003E, 0x003F, 0x0040, 0x0041, 0x0042, 0x0043, 0x0044,
    0x0045, 0x0046, 0x0047, 0x0049, 0x004A, 0x004B, 0x004C, 0x004F, 0x0050, 0x0051, 0x0052, 0x0053,
    0x0054, 0x0055, 0x0056, 0x0057, 0x0058, 0x0059, 0x005A, 0x005B, 0x005C, 0x005F, 0x0061, 0x0062,
    0x0063, 0x0064, 0x0065, 0x0066, 0x0067, 0x0068, 0x0069, 0x006A, 0x006B, 0x006C, 0x006D, 0x006E,
    0x006F, 0x0070, 0x0071, 0x0072, 0x0073, 0x0074, 0x0075, 0x0076, 0x0077, 0x0078, 0x0079, 0x007A,
    0x007B, 0x007D, 0x00A1, 0x00A3, 0x00B7, 0x00BF, 0x00C0, 0x00C1, 0x00C2, 0x00C3, 0x00C4, 0x00C5,
    0x00C6, 0x00C8, 0x00C9, 0x00CA, 0x00CB, 0x00D0, 0x00D2, 0x00D3, 0x00D4, 0x00D5, 0x00D6, 0x00D8,
    0x00D9, 0x00DA, 0x00DB, 0x00DC, 0x00DD, 0x00DE, 0x00DF, 0x00E0, 0x00E1, 0x00E2, 0x00E3, 0x00E4,
    0x00E5, 0x00E7, 0x00E8, 0x00E9, 0x00EA, 0x00EB, 0x00EC, 0x00ED, 0x00EE, 0x00EF, 0x00F0, 0x00F1,
    0x00F2, 0x00F3, 0x00F4, 0x00F5, 0x00F6, 0x00F8, 0x00F9, 0x00FA, 0x00FB, 0x00FC, 0x00FD, 0x00FE,
    0x00FF, 0x0100, 0x0101, 0x0102, 0x0103, 0x0104, 0x0105, 0x0107, 0x0109, 0x010B, 0x010D, 0x010E,
    0x010F, 0x0110, 0x0111, 0x0112, 0x0113, 0x0114, 0x0115, 0x0116, 0x0117, 0x0118, 0x0119, 0x011A,
    0x011B, 0x011C, 0x011D, 0x011E, 0x011F, 0x0120, 0x0121, 0x0122, 0x0123, 0x0125, 0x0127, 0x0129,
    0x012B, 0x012D, 0x012F, 0x0131, 0x0132, 0x0133, 0x0134, 0x0135, 0x0136, 0x0137, 0x0138, 0x0139,
    0x013A, 0x013B, 0x013C, 0x013D, 0x013E, 0x013F, 0x0140, 0x0141, 0x0142, 0x0144, 0x0146, 0x0148,
    0x0149, 0x014B, 0x014C, 0x014D, 0x014E, 0x014F, 0x0150, 0x0151, 0x0152, 0x0153, 0x0154, 0x0155,
    0x0156, 0x0157, 0x0158, 0x0159, 0x015A, 0x015B, 0x015C, 0x015D, 0x015E, 0x015F, 0x0160, 0x0161,
    0x0162, 0x0163, 0x0164, 0x0165, 0x0166, 0x0167, 0x0168, 0x0169, 0x016A, 0x016B, 0x016C, 0x016D,
    0x016E, 0x016F, 0x0170, 0x0171, 0x0172, 0x0173, 0x0174, 0x0175, 0x0176, 0x0177, 0x0178, 0x0179,
    0x017A, 0x017B, 0x017C, 0x017D, 0x017E, 0x01A0, 0x01A1, 0x01AF, 0x01B0, 0x01C4, 0x01C5, 0x01C6,
    0x01C7, 0x01C8, 0x01C9, 0x01CA, 0x01CB, 0x01CC, 0x01CD, 0x01CE, 0x01D0, 0x01D1, 0x01D2, 0x01D3,
    0x01D4, 0x01E6, 0x01E7, 0x01EA, 0x01EB, 0x01F1, 0x01F2, 0x01FA, 0x01FB, 0x01FC, 0x01FE, 0x01FF,
    0x0200, 0x0201, 0x0202, 0x0203, 0x0204, 0x0205, 0x0206, 0x0207, 0x0209, 0x020B, 0x020C, 0x020D,
    0x020E, 0x020F, 0x0210, 0x0211, 0x0212, 0x0213, 0x0214, 0x0215, 0x0216, 0x0217, 0x0218, 0x0219,
    0x021A, 0x021B, 0x0410, 0x0413, 0x041E, 0x0420, 0x0422, 0x0423, 0x0425, 0x042C, 0x042E, 0x043E,
    0x0440, 0x044C, 0x044E, 0x1EA0, 0x1EA1, 0x1EA2, 0x1EA3, 0x1EA4, 0x1EA5, 0x1EA6, 0x1EA7, 0x1EA8,
    0x1EA9, 0x1EAA, 0x1EAB, 0x1EAC, 0x1EAD, 0x1EAE, 0x1EAF, 0x1EB0, 0x1EB1, 0x1EB2, 0x1EB3, 0x1EB4,
    0x1EB5, 0x1EB6, 0x1EB7, 0x1EB8, 0x1EB9, 0x1EBA, 0x1EBB, 0x1EBC, 0x1EBD, 0x1EBE, 0x1EBF, 0x1EC0,
    0x1EC1, 0x1EC2, 0x1EC3, 0x1EC4, 0x1EC5, 0x1EC6, 0x1EC7, 0x1EC9, 0x1ECB, 0x1ECC, 0x1ECD, 0x1ECE,
    0x1ECF, 0x1ED0, 0x1ED1, 0x1ED2, 0x1ED3, 0x1ED4, 0x1ED5, 0x1ED6, 0x1ED7, 0x1ED8, 0x1ED9, 0x1EDA,
    0x1EDB, 0x1EDC, 0x1EDD, 0x1EDE, 0x1EDF, 0x1EE0, 0x1EE1, 0x1EE2, 0x1EE3, 0x1EE4, 0x1EE5, 0x1EE6,
    0x1EE7, 0x1EE8, 0x1EE9, 0x1EEA, 0x1EEB, 0x1EEC, 0x1EED, 0x1EEE, 0x1EEF, 0x1EF0, 0x1EF1, 0x1EF2,
    0x1EF3, 0x1EF4, 0x1EF5, 0x1EF6, 0x1EF7, 0x1EF8, 0x1EF9, 0x2018, 0x2019, 0x201C, 0x201D, 0x2022,
    0x2206, 0x221E, 0x222B, 0xFB01, 0xFB02,
};

static const uint8_t lexenddeca_8_bolditalicKernLeftClassIds[] = {
      1,   2,   3,   4,   5,   6,   7,   8,   9,  10,  11,  12,  13,  14,  15,  16,
     17,  18,  19,  20,  21,  22,  23,  24,  25,  26,  27,  28,  29,  30,  31,  24,
     32,  33,  34,  35,  36,  37,  38,  39,  40,  41,  42,  43,  44,  45,  46,  47,
     48,  49,  50,  51,  52,  53,  54,  55,  56,  57,  53,  53,  47,  47,  58,  59,
     60,  61,  62,  63,  64,  65,  66,  67,  68,  69,  70,  71,  72,  73,  21,  21,
     21,  21,  21,  21,  25,  25,  25,  25,  25,  24,  24,  24,  24,  24,  24,  24,
     37,  37,  37,  37,  41,  74,  75,  46,  46,  46,  46,  46,  46,  48,  50,  50,
     50,  50,  54,  54,  54,  54,  76,  53,  47,  47,  47,  47,  47,  47,  62,  62,
     62,  62,  66,  47,  66,  21,  46,  21,  46,  21,  46,  48,  48,  48,  48,  24,
     77,  24,  49,  25,  50,  25,  50,  25,  50,  25,  50,  25,  50,  27,  52,  27,
     52,  27,  52,  27,  52,  53,  53,  54,  54,  54,  54,  54,  29,  55,  29,  55,
     30,  56,  56,  31,  57,  31,  57,  31,  77,  31,  57,  31,  57,  53,  53,  53,
     53,  53,  24,  47,  24,  47,  24,  47,  25,  50,  78,  59,  78,  59,  78,  59,
     35,  60,  35,  60,  35,  60,  35,  60,  36,  61,  36,  61,  36,  61,  37,  62,
     37,  62,  37,  62,  37,  62,  37,  62,  37,  62,  39,  64,  41,  66,  41,  42,
     67,  42,  67,  42,  67,  24,  47,  37,  62,  42,  67,  67,  29,  55,  57,  29,
     55,  55,  21,  46,  54,  24,  47,  37,  62,  27,  52,  24,  47,  42,  67,  21,
     46,  25,  24,  47,  21,  46,  21,  46,  25,  50,  25,  50,  54,  54,  24,  47,
     24,  47,  78,  59,  78,  59,  37,  62,  37,  62,  35,  60,  36,  61,  79,  80,
     81,  82,  80,  83,  84,  85,  81,  86,  86,  87,  86,  21,  46,  21,  46,  21,
     46,  21,  46,  21,  46,  21,  46,  21,  46,  21,  46,  21,  46,  21,  46,  21,
     46,  21,  46,  25,  50,  25,  50,  25,  50,  25,  50,  25,  50,  25,  50,  25,
     50,  25,  50,  54,  54,  24,  47,  24,  47,  24,  47,  24,  47,  24,  47,  24,
     47,  24,  47,  24,  47,  24,  47,  24,  47,  24,  47,  24,  47,  37,  62,  37,
     62,  37,  62,  37,  62,  37,  62,  37,  62,  37,  62,  41,  66,  41,  66,  41,
     66,  41,  66,  88,  89,  90,  91,  70,  92,  93,  94,  54,  57,
};

static const uint16_t lexenddeca_8_bolditalicKernRightCodepoints[] = {
    0x0021, 0x0026, 0x0029, 0x002A, 0x002C, 0x002D, 0x002E, 0x002F, 0x0030, 0x0031, 0x0032, 0x0034,
    0x0036, 0x0037, 0x0038, 0x0039, 0x003C, 0x003F, 0x0040, 0x0041, 0x0042, 0x0043, 0x0044, 0x0045,
    0x0046, 0x0047, 0x0048, 0x0049, 0x004A, 0x004B, 0x004C, 0x004D, 0x004E, 0x004F, 0x0050, 0x0051,
    0x0052, 0x0053, 0x0054, 0x0055, 0x0056, 0x0057, 0x0058, 0x0059, 0x005A, 0x005B, 0x005C, 0x005D,
    0x005F, 0x0061, 0x0062, 0x0063, 0x0064, 0x0065, 0x0066, 0x0067, 0x0068, 0x006A, 0x006B, 0x006C,
    0x006D, 0x006E, 0x006F, 0x0070, 0x0071, 0x0072, 0x0073, 0x0074, 0x0075, 0x0076, 0x0077, 0x0078,
    0x0079, 0x007A, 0x007B, 0x007D, 0x00A1, 0x00B7, 0x00BF, 0x00C0, 0x00C1, 0x00C2, 0x00C3, 0x00C4,
    0x00C5, 0x00C6, 0x00C7, 0x00C8, 0x00C9, 0x00CA, 0x00CB, 0x00D0, 0x00D1, 0x00D2, 0x00D3, 0x00D4,
    0x00D5, 0x00D6, 0x00D8, 0x00D9, 0x00DA, 0x00DB, 0x00DC, 0x00DD, 0x00DE, 0x00DF, 0x00E0, 0x00E1,
    0x00E2, 0x00E3, 0x00E4, 0x00E5, 0x00E7, 0x00E8, 0x00E9, 0x00EA, 0x00EB, 0x00F0, 0x00F1, 0x00F2,
    0x00F3, 0x00F4, 0x00F5, 0x00F6, 0x00F8, 0x00F9, 0x00FA, 0x00FB, 0x00FC, 0x00FD, 0x00FE, 0x00FF,
    0x0100, 0x0101, 0x0102, 0x0103, 0x0104, 0x0105, 0x0106, 0x0107, 0x0108, 0x0109, 0x010A, 0x010B,
    0x010C, 0x010D, 0x010E, 0x010F, 0x0110, 0x0111, 0x0112, 0x0113, 0x0114, 0x0115, 0x0116, 0x0117,
    0x0118, 0x0119, 0x011A, 0x011B, 0x011C, 0x011D, 0x011E, 0x011F, 0x0120, 0x0121, 0x0122, 0x0123,
    0x0124, 0x0125, 0x0127, 0x0134, 0x0135, 0x0136, 0x0137, 0x0138, 0x0139, 0x013A, 0x013B, 0x013C,
    0x013D, 0x013E, 0x013F, 0x0140, 0x0141, 0x0142, 0x0143, 0x0144, 0x0145, 0x0146, 0x0147, 0x0148,
    0x014A, 0x014B, 0x014C, 0x014D, 0x014E, 0x014F, 0x0150, 0x0151, 0x0152, 0x0153, 0x0154, 0x0155,
    0x0156, 0x0157, 0x0158, 0x0159, 0x015A, 0x015B, 0x015C, 0x015D, 0x015E, 0x015F, 0x0160, 0x0161,
    0x0162, 0x0163, 0x0164, 0x0165, 0x0166, 0x0167, 0x0168, 0x0169, 0x016A, 0x016B, 0x016C, 0x016D,
    0x016E, 0x016F, 0x0170, 0x0171, 0x0172, 0x0173, 0x0174, 0x0175, 0x0176, 0x0177, 0x0178, 0x0179,
    0x017A, 0x017B, 0x017C, 0x017D, 0x017E, 0x01A0, 0x01A1, 0x01AF, 0x01B0, 0x01C4, 0x01C5, 0x01C6,
    0x01C7, 0x01C8, 0x01C9, 0x01CA, 0x01CB, 0x01CC, 0x01CD, 0x01CE, 0x01D1, 0x01D2, 0x01D3, 0x01D4,
    0x01E6, 0x01E7, 0x01EA, 0x01EB, 0x01F1, 0x01F2, 0x01FA, 0x01FB, 0x01FC, 0x01FE, 0x01FF, 0x0200,
    0x0201, 0x0202, 0x0203, 0x0204, 0x0205, 0x0206, 0x0207, 0x020C, 0x020D, 0x020E, 0x020F, 0x0210,
    0x0211, 0x0212, 0x0213, 0x0214, 0x0215, 0x0216, 0x0217, 0x0218, 0x0219, 0x021A, 0x021B, 0x0410,
    0x0414, 0x041B, 0x041E, 0x0421, 0x0422, 0x0425, 0x0430, 0x0432, 0x0434, 0x0435, 0x0437, 0x043A,
    0x043D, 0x043E, 0x0442, 0x0446, 0x044C, 0x044E, 0x1EA0, 0x1EA1, 0x1EA2, 0x1EA3, 0x1EA4, 0x1EA5,
    0x1EA6, 0x1EA7, 0x1EA8, 0x1EA9, 0x1EAA, 0x1EAB, 0x1EAC, 0x1EAD, 0x1EAE, 0x1EAF, 0x1EB0, 0x1EB1,
    0x1EB2, 0x1EB3, 0x1EB4, 0x1EB5, 0x1EB6, 0x1EB7, 0x1EB8, 0x1EB9, 0x1EBA, 0x1EBB, 0x1EBC, 0x1EBD,
    0x1EBE, 0x1EBF, 0x1EC0, 0x1EC1, 0x1EC2, 0x1EC3, 0x1EC4, 0x1EC5, 0x1EC6, 0x1EC7, 0x1ECC, 0x1ECD,
    0x1ECE, 0x1ECF, 0x1ED0, 0x1ED1, 0x1ED2, 0x1ED3, 0x1ED4, 0x1ED5, 0x1ED6, 0x1ED7, 0x1ED8, 0x1ED9,
    0x1EDA, 0x1EDB, 0x1EDC, 0x1EDD, 0x1EDE, 0x1EDF, 0x1EE0, 0x1EE1, 0x1EE2, 0x1EE3, 0x1EE4, 0x1EE5,
    0x1EE6, 0x1EE7, 0x1EE8, 0x1EE9, 0x1EEA, 0x1EEB, 0x1EEC, 0x1EED, 0x1EEE, 0x1EEF, 0x1EF0, 0x1EF1,
    0x1EF2, 0x1EF3, 0x1EF4, 0x1EF5, 0x1EF6, 0x1EF7, 0x1EF8, 0x1EF9, 0x2013, 0x2014, 0x2018, 0x2019,
    0x201C, 0x201D, 0x2022, 0x2206, 0x222B, 0xFB01, 0xFB02,
};

static const uint8_t lexenddeca_8_bolditalicKernRightClassIds[] = {
      1,   2,   3,   4,   5,   6,   7,   8,   9,  10,  11,  12,  13,  14,  15,  16,
     17,  18,  19,  20,  21,  22,  21,  21,  21,  22,  21,  23,  24,  21,  21,  21,
     21,  22,  21,  22,  21,  25,  26,  27,  28,  29,  30,  31,  32,  33,  34,  35,
     36,  37,  38,  37,  37,  37,  39,  40,  38,  41,  38,  38,  42,  42,  37,  43,
     37,  42,  44,  45,  46,  47,  48,  49,  50,  51,  33,  52,  53,  54,  55,  56,
     56,  56,  56,  56,  56,  57,  22,  21,  21,  21,  21,  21,  21,  22,  22,  22,
     22,  22,  22,  27,  27,  27,  27,  58,  21,  59,  37,  37,  37,  37,  37,  37,
     37,  37,  37,  37,  37,  60,  42,  37,  37,  37,  37,  37,  37,  46,  46,  46,
     46,  50,  61,  50,  56,  37,  56,  37,  56,  37,  22,  37,  22,  37,  22,  37,
     22,  37,  21,  37,  21,  37,  21,  37,  21,  37,  21,  37,  21,  37,  21,  37,
     22,  40,  22,  40,  22,  40,  22,  40,  21,  38,  38,  24,  41,  21,  38,  38,
     21,  38,  21,  38,  21,  38,  21,  38,  21,  38,  21,  42,  21,  42,  21,  42,
     21,  42,  22,  37,  22,  37,  22,  37,  22,  37,  21,  42,  21,  42,  21,  42,
     25,  44,  25,  44,  25,  44,  25,  44,  62,  45,  62,  45,  62,  45,  27,  46,
     27,  46,  27,  46,  27,  46,  27,  46,  27,  46,  63,  48,  58,  50,  58,  32,
     51,  32,  51,  32,  51,  22,  37,  27,  46,  21,  21,  37,  21,  21,  38,  21,
     21,  42,  56,  37,  22,  37,  27,  46,  22,  40,  22,  37,  21,  21,  56,  37,
     57,  22,  37,  56,  37,  56,  37,  21,  37,  21,  37,  22,  37,  22,  37,  21,
     42,  21,  42,  27,  46,  27,  46,  25,  44,  62,  45,  64,  64,  64,  65,  65,
     66,  67,  68,  69,  70,  71,  69,  69,  69,  71,  69,  69,  69,  69,  56,  37,
     56,  37,  56,  37,  56,  37,  56,  37,  56,  37,  56,  37,  56,  37,  56,  37,
     56,  37,  56,  37,  56,  37,  21,  37,  21,  37,  21,  37,  21,  37,  21,  37,
     21,  37,  21,  37,  21,  37,  22,  37,  22,  37,  22,  37,  22,  37,  22,  37,
     22,  37,  22,  37,  22,  37,  22,  37,  22,  37,  22,  37,  22,  37,  27,  46,
     27,  46,  27,  46,  27,  46,  27,  46,  27,  46,  27,  46,  58,  50,  58,  50,
     58,  50,  58,  50,  72,  73,  74,  75,  76,  77,  78,  79,  80,  39,  39,
};

static const uint16_t lexenddeca_8_bolditalicKernRowOffsets[] = {
        0,    12,    20,    24,    36,    48,    64,    66,    67,    69,    71,    74,    76,    77,    87,    88,
       90,    91,    94,    98,   100,   128,   142,   145,   164,   171,   192,   204,   205,   232,   254,   279,
      304,   324,   339,   342,   373,   381,   411,   431,   444,   471,   476,   489,   502,   506,   522,   542,
      554,   555,   569,   594,   605,   612,   614,   618,   630,   647,   655,   675,   683,   690,   698,   722,
      742,   757,   774,   781,   797,   810,   811,   814,   817,   820,   853,   876,   899,   903,   917,   919,
      923,   925,   929,   935,   936,   937,   938,   939,   944,   951,   956,   962,   965,   966,   967,
};

static const uint8_t lexenddeca_8_bolditalicKernSparseCols[] = {
      2,  25,  27,  28,  30,  46,  47,  49,  57,  59,  61,  62,  21,  23,  36,  39,
     40,  42,  59,  60,  19,  46,  55,  59,  11,  21,  25,  27,  28,  30,  46,  47,
     49,  57,  61,  62,  11,  21,  25,  27,  28,  30,  46,  47,  49,  57,  61,  62,
      7,   8,   9,  10,  11,  12,  19,  21,  23,  36,  39,  43,  48,  55,  58,  59,
      7,  78,  16,  11,  51,   7,  78,  10,  13,  79,   7,  78,  78,   4,   6,   7,
      9,  10,  11,  12,  14,  16,  78,  78,   7,  78,   9,   9,  10,  13,  19,  23,
     55,  59,  27,  48,   3,   5,  21,  25,  26,  27,  28,  30,  33,  36,  38,  39,
     44,  45,  46,  47,  49,  57,  58,  59,  61,  62,  71,  72,  73,  74,  75,  76,
      2,   7,  25,  27,  28,  29,  30,  37,  39,  48,  57,  60,  61,  62,   2,  74,
     76,   2,   6,   7,  19,  22,  23,  25,  27,  28,  29,  30,  31,  33,  48,  51,
     55,  57,  61,  62,  23,  36,  39,  45,  46,  49,  59,   4,   6,  19,  21,  23,
     24,  25,  29,  36,  39,  41,  42,  43,  45,  46,  48,  50,  55,  56,  59,  61,
      7,  19,  22,  25,  27,  28,  30,  33,  55,  57,  61,  62,  21,   2,   4,   6,
      7,  19,  21,  23,  34,  36,  38,  39,  41,  42,  43,  45,  46,  47,  49,  50,
     51,  55,  58,  59,  73,  74,  75,  76,   5,  21,  23,  24,  26,  27,  28,  30,
     36,  41,  42,  43,  44,  45,  46,  47,  49,  57,  59,  62,  71,  72,   3,   5,
     21,  25,  26,  27,  28,  30,  33,  36,  44,  46,  47,  49,  50,  57,  59,  61,
     62,  71,  72,  73,  74,  75,  76,   4,   6,   7,  19,  23,  28,  29,  31,  33,
     36,  38,  39,  44,  45,  46,  47,  49,  55,  58,  59,  62,  73,  74,  75,  76,
      2,   6,   7,  19,  22,  23,  25,  27,  28,  29,  30,  31,  33,  35,  48,  51,
     55,  57,  61,  62,   5,  21,  23,  25,  26,  27,  30,  33,  36,  45,  57,  59,
     61,  71,  72,  29,  30,  57,   1,   4,   5,   6,   7,  19,  21,  23,  25,  27,
     28,  30,  36,  39,  41,  42,  43,  45,  46,  47,  48,  49,  50,  55,  56,  57,
     59,  61,  62,  71,  72,  19,  23,  24,  29,  30,  48,  55,  57,   1,   4,   6,
      7,  17,  18,  19,  21,  23,  24,  25,  32,  35,  36,  39,  41,  42,  43,  45,
     50,  51,  52,  53,  54,  55,  56,  59,  61,  72,  77,   1,   4,   6,   7,  19,
     21,  23,  24,  25,  32,  36,  39,  41,  42,  45,  51,  55,  59,  61,  72,  21,
     24,  26,  32,  36,  39,  45,  46,  47,  49,  51,  59,  72,   1,   4,   6,   7,
     19,  21,  23,  24,  25,  26,  32,  36,  39,  41,  42,  43,  45,  46,  47,  48,
     49,  50,  51,  55,  59,  61,  72,  21,  36,  45,  46,  59,   9,  10,  19,  23,
     25,  27,  28,  29,  30,  46,  47,  48,  49,  21,  25,  27,  28,  30,  33,  40,
     46,  57,  58,  59,  61,  62,  27,  46,  59,  60,  19,  21,  25,  26,  27,  28,
     30,  33,  45,  46,  47,  49,  55,  57,  61,  62,   2,   7,  25,  27,  28,  29,
     30,  31,  33,  38,  46,  47,  48,  49,  50,  51,  57,  58,  61,  62,  25,  27,
     28,  29,  30,  42,  49,  57,  61,  62,  74,  76,  45,  25,  27,  28,  29,  30,
     33,  39,  46,  47,  48,  49,  57,  61,  62,   2,   3,   7,  19,  25,  27,  28,
     29,  30,  31,  34,  36,  44,  46,  47,  50,  55,  57,  59,  61,  62,  73,  74,
     75,  76,   4,  19,  21,  24,  30,  33,  40,  43,  45,  55,  57,  25,  27,  30,
     33,  49,  57,  61,  25,  61,  25,  26,  40,  61,  21,  30,  33,  36,  37,  39,
     40,  43,  45,  57,  59,  60,  21,  25,  27,  28,  30,  36,  39,  40,  44,  45,
     46,  47,  49,  57,  59,  61,  62,   2,  25,  27,  30,  33,  40,  57,  61,   3,
      4,   6,   7,  19,  25,  29,  32,  36,  39,  40,  44,  46,  47,  51,  55,  59,
     61,  74,  76,  21,  25,  27,  29,  30,  48,  57,  61,   4,  36,  38,  39,  43,
     58,  59,  25,  27,  28,  30,  39,  57,  61,  62,   1,   3,   4,   6,   7,  17,
     19,  25,  29,  30,  31,  32,  35,  36,  39,  43,  44,  46,  51,  54,  55,  57,
     59,  61,   1,   4,   6,   7,  19,  25,  29,  30,  31,  32,  36,  39,  43,  44,
     46,  51,  55,  57,  59,  61,   1,  21,  25,  26,  30,  32,  33,  36,  43,  45,
     51,  53,  57,  59,  61,   1,   6,   7,  19,  25,  29,  30,  31,  32,  36,  39,
     43,  51,  55,  57,  59,  61,  25,  30,  33,  36,  57,  59,  61,   9,  10,  19,
     21,  23,  25,  27,  28,  29,  30,  36,  46,  47,  48,  49,  59,   9,  10,  19,
     23,  25,  27,  28,  29,  30,  46,  47,  48,  49,  27,   8,   9,  11,  27,  48,
     59,  27,  46,  59,   0,   3,   4,   6,   7,  19,  23,  28,  29,  31,  33,  35,
     36,  38,  39,  44,  45,  46,  47,  48,  49,  52,  53,  54,  55,  58,  59,  62,
     73,  74,  75,  76,  77,   2,   3,   7,  25,  27,  28,  29,  30,  31,  33,  35,
     38,  46,  47,  48,  49,  50,  51,  53,  57,  58,  61,  62,   2,   3,   6,   7,
     19,  22,  23,  25,  27,  28,  29,  30,  31,  33,  35,  48,  51,  53,  54,  55,
     57,  61,  62,  20,  37,  44,  60,   5,  21,  23,  25,  26,  27,  30,  33,  36,
     45,  57,  59,  61,  72,  64,  65,  63,  67,  69,  70,  65,  66,  63,  67,  69,
     70,  63,  64,  67,  68,  69,  70,  64,  65,  69,  70,  19,  23,  39,  43,  55,
     19,  23,  36,  39,  41,  55,  59,  19,  23,  39,  43,  55,  19,  23,  36,  39,
     55,  59,   8,  14,  15,   9,  11,
};

static const int8_t lexenddeca_8_bolditalicKernSparseValues[] = {
      -4,  -15,  -16,  -11,  -13,   -8,   -8,   -8,  -13,   -3,  -15,  -11,   -8,  -11,   -7,   -6,
       8,    8,   -7,    4,  -20,    2,  -20,   -7,   -7,   -5,  -27,  -32,  -21,  -32,  -21,  -11,
     -11,  -32,  -27,  -21,   -7,   -5,  -27,  -27,  -21,  -32,  -21,  -11,  -11,  -32,  -27,  -21,
     -25,  -13,   -8,   -8,  -16,  -13,  -27,  -11,  -13,  -13,  -13,   -8,   -2,  -27,   -3,   -9,
     -13,  -13,  -11,   -5,    3,   -7,   -8,   -5,   -5,  -16,  -11,   -5,   -5,  -27,  -21,  -32,
      -4,   -5,   -7,   -5,   -5,  -13,  -24,   -8,  -13,  -11,   -5,  -16,   -8,  -13,  -11,  -20,
     -11,   -4,   -2,   -1,  -20,  -13,   -5,  -13,   -5,  -20,  -11,  -21,  -27,   -5,   -5,   -3,
      -1,   -3,  -13,  -12,   -7,  -21,   -5,   -5,  -13,  -11,  -13,  -13,  -35,  -36,  -19,  -20,
      -5,  -11,   -4,   -2,   -2,   -3,   -6,   -1,   -1,   -1,   -6,   -1,   -4,   -2,    5,   11,
      11,   -8,   -5,  -11,   -5,   -4,   -4,   -8,   -8,   -1,   -9,   -9,  -12,  -13,   -3,   -7,
      -5,   -9,   -8,   -1,   -3,   -1,   -3,   -3,   -4,   -3,   -1,  -21,  -21,  -16,   -2,  -32,
      -1,    4,   -1,   -4,   -3,   -2,   -2,   -3,   -4,   -1,   -4,   -1,  -16,  -29,   -4,    4,
     -11,   -3,   -3,   -7,   -4,   -3,   -6,  -13,   -3,   -6,   -7,   -3,   -4,   11,  -19,  -13,
     -13,  -20,   -8,  -13,    8,  -13,  -13,  -13,  -11,  -11,  -11,  -13,  -11,   -5,  -11,   -5,
      11,  -20,  -13,  -13,   16,   21,   16,   21,  -24,  -12,   -8,   -3,   -4,   -1,   -1,    5,
     -12,   -2,   -2,   -1,   -1,   -3,  -11,  -11,  -11,    5,  -12,   -1,  -24,  -24,  -20,  -16,
      -5,  -22,   -5,  -20,  -20,  -32,  -27,   -5,   -1,   -6,   -1,  -11,    5,  -32,   -5,  -22,
     -20,  -16,  -16,  -32,  -27,  -32,  -27,  -34,  -27,  -21,  -17,  -20,    2,   -4,   -4,  -13,
      -3,    2,   -3,    4,   -1,    3,    4,    3,  -17,    2,   -3,    2,    8,   13,    8,   13,
      -8,   -5,  -11,   -5,   -4,   -4,   -8,   -8,   -1,   -9,   -9,  -12,  -13,   -3,   -3,   -7,
      -5,   -9,   -8,   -1,  -16,   -3,   -8,   -5,   -1,   -8,  -13,  -11,   -5,   -3,  -13,   -5,
      -5,  -16,  -16,   -4,   -4,   -4,  -15,  -27,  -27,  -27,  -16,  -13,   -8,  -21,    8,    3,
       3,    3,  -27,  -12,  -16,   -5,  -27,  -27,   -3,  -19,   -4,  -13,  -19,  -13,  -31,    3,
     -27,    8,    3,  -27,  -27,   -5,   -3,   -3,   -3,   -3,   -1,   -5,   -3,  -13,  -32,  -27,
     -21,    2,   -2,  -20,   -8,  -27,   -3,    3,  -27,   -8,  -16,   -5,   -5,   -3,   -4,   -7,
      -1,  -27,   -2,   -3,   -5,  -20,  -35,  -16,    3,  -27,   -2,   -8,  -21,  -21,  -21,  -11,
      -1,  -21,   -3,    3,  -19,   -7,   -5,   -1,   -1,   -3,  -19,  -11,   -7,    3,  -19,   -9,
      -4,   -3,  -21,   -7,   -1,   -3,   -7,   -5,   -6,  -21,   -7,  -21,  -13,  -32,  -32,  -32,
     -21,   -9,  -32,   -7,    3,   -3,  -27,  -21,  -21,   -6,   -6,  -10,   -5,   -3,   -3,   -5,
      -3,   -3,  -27,  -21,  -21,    3,  -32,   -1,   -1,   -1,   -1,   -1,  -11,  -13,  -13,  -29,
     -27,  -27,  -19,  -21,  -32,   -5,   -5,  -11,   -5,  -13,  -16,  -11,  -11,  -21,  -25,   16,
      -2,  -21,   -2,   -6,  -16,  -11,   -8,   -6,   -9,    2,    5,   -5,  -17,   -3,   -7,   -3,
     -14,   -8,   -3,   -3,   -2,   -3,    5,  -14,  -17,   -3,   -7,  -13,  -13,   -6,   -4,   -4,
     -10,   -3,  -13,   -5,   -4,   -5,   -5,   -5,   -3,   -7,  -10,   -5,  -13,   -4,   -8,   -4,
      -3,   -1,   -9,    1,   -4,   -9,   -8,   -3,    8,    8,    4,  -12,   -5,   -3,   -3,   -9,
     -11,   -1,   -3,   -3,   -1,   -3,   -9,  -12,   -3,    8,    8,   -5,   -5,   16,   15,   13,
      13,   13,   13,   11,   -5,    1,    3,    1,    1,   -5,   13,   -5,   16,   13,    8,   11,
       8,   11,   -1,   -4,   -3,   -1,   -4,   -8,    3,   -3,   -2,   -4,   -4,   -8,   -8,   -7,
     -11,   -1,   -7,   -8,   -8,   -8,   -8,   -3,    1,   -8,   -3,   -5,  -11,   -6,   -1,   -5,
      -1,   -1,   -1,   -5,   -6,   -1,   -5,   -7,   -8,   -5,   -8,   -3,   -3,   -4,   -1,   -1,
      -7,   -4,   -4,   -8,   -3,   -7,   -5,    8,   -5,   -5,   -4,   -2,    5,   -4,   -5,    5,
     -19,  -30,   -5,   -8,   -3,   -4,   -8,   -6,   -4,   -3,    5,   13,   13,   -8,   -8,   -6,
      -3,   13,   13,   -1,  -12,   -1,   -1,   -5,   -1,   -5,  -12,   -5,   -1,   -7,   -1,    5,
      -7,   -1,   -8,   -3,   -3,   -4,   -3,   -4,   -8,   -3,   -8,    2,  -11,  -11,   -5,    1,
      -7,   -3,   -7,   -3,   -5,   -5,   -6,   -4,   -3,   -1,   13,   13,   -5,   -3,   -7,   -3,
      -5,   -3,   -8,  -11,  -11,   -5,   -1,   -3,   -5,   -3,   -1,   -5,   -4,   -4,   -1,   13,
      11,   -5,   -1,   -3,   -4,   -3,   -1,   -3,   -4,   -1,   -5,  -11,   -2,   -8,   -1,   -1,
     -11,   -2,   -5,   -9,   -4,   -8,  -11,   -5,   -7,   -3,   -5,   -3,   -3,   -5,   -3,   -4,
      -3,   -5,   -7,   -3,   -3,   -3,   -3,   -3,  -11,   -3,   -3,   -3,   -3,  -11,  -13,  -13,
      -7,  -27,  -27,  -27,  -19,  -21,  -32,   -7,   -5,   -5,  -11,   -5,   -7,  -11,  -13,  -13,
     -13,  -27,  -27,  -19,  -21,  -32,   -5,   -5,  -11,   -5,   -2,  -11,   -8,   -8,   -3,   -2,
       3,   -5,   -2,   -8,    3,   -1,  -34,  -27,  -11,  -17,  -20,    2,   -4,   -4,   -5,  -14,
      -3,    2,   -3,    4,   -1,    3,    4,   -1,    3,    5,    7,   -5,  -17,    2,   -3,    2,
       8,   13,    8,   13,    1,   -7,   -5,   -3,  -13,   -6,   -4,   -4,  -10,   -3,   -1,   -9,
      -5,   -5,   -5,   -6,   -5,   -3,   -7,    3,  -10,   -5,  -13,   -4,   -8,   -4,   -5,   -8,
      -5,   -4,   -4,   -8,   -8,   -1,   -9,   -9,  -12,  -13,  -14,   -3,   -7,    3,   -5,   -5,
      -9,   -8,   -1,   18,   21,    9,   21,  -16,   -3,   -8,   -5,   -1,   -8,  -13,  -11,   -5,
      -3,  -13,   -5,   -5,  -16,  -10,  -25,  -14,   -9,  -16,  -13,   -3,   -5,   -7,   -1,  -10,
      -3,  -13,    3,  -12,   -3,  -21,  -12,  -10,  -10,   -3,   -3,  -36,  -64,  -11,  -11,  -36,
     -16,  -32,  -11,  -13,   -8,  -16,  -11,  -20,  -32,  -11,  -11,  -20,  -20,  -27,  -11,  -13,
     -20,  -11,  -13,   -8,  -11,  -11,  -21,
};

static const EpdLigaturePair lexenddeca_8_bolditalicLigaturePairs[] = {
    { 0x00660069, 0xFB01 }, // f i -> U+FB01
    { 0x0066006C, 0xFB02 }, // f l -> U+FB02
};

static constexpr EpdFontData lexenddeca_8_bolditalic = {
    lexenddeca_8_bolditalicBitmaps,
    lexenddeca_8_bolditalicGlyphs,
    lexenddeca_8_bolditalicIntervals,
    76,
    21,
    17,
    -5,
    true,
    lexenddeca_8_bolditalicGroups,
    15,
    nullptr,
    nullptr,  // kernLeftClasses: built-in fonts use split arrays
    nullptr,  // kernRightClasses
    lexenddeca_8_bolditalicKernLeftCodepoints,
    lexenddeca_8_bolditalicKernLeftClassIds,
    lexenddeca_8_bolditalicKernRightCodepoints,
    lexenddeca_8_bolditalicKernRightClassIds,
    nullptr,  // kernMatrix: built-in fonts use sparse rows
    lexenddeca_8_bolditalicKernRowOffsets,
    lexenddeca_8_bolditalicKernSparseCols,
    lexenddeca_8_bolditalicKernSparseValues,
    413,
    415,
    94,
    80,
    lexenddeca_8_bolditalicLigaturePairs,
    2,
};
