/**
 * generated by fontconvert.py
 * name: lexenddeca_20_bolditalic
 * size: 20
 * mode: 2-bit  compressed: true
 * Command used: fontconvert.py lexenddeca_20_bolditalic 20 ../builtinFonts/source/LexendDeca/LexendDeca-BoldItalic.ttf ../builtinFonts/source/ChareInk7/ChareInk7-BoldItalic.ttf ../builtinFonts/source/NotoSymbols/NotoSansSymbols-Regular.ttf --additional-intervals 0x03BB,0x03BB --additional-intervals 0x0410,0x0414 --additional-intervals 0x0418,0x0418 --additional-intervals 0x041B,0x041B --additional-intervals 0x041D,0x0423 --additional-intervals 0x0425,0x0425 --additional-intervals 0x0427,0x0427 --additional-intervals 0x042B,0x042C --additional-intervals 0x042E,0x0432 --additional-intervals 0x0434,0x0435 --additional-intervals 0x0437,0x0437 --additional-intervals 0x043A,0x043A --additional-intervals 0x043D,0x043E --additional-intervals 0x0440,0x0440 --additional-intervals 0x0442,0x0442 --additional-intervals 0x0446,0x0446 --additional-intervals 0x044C,0x044C --additional-intervals 0x044E,0x044E --additional-intervals 0x2113,0x2113 --additional-intervals 0x2669,0x266F --font-include-intervals 1:0x03BB,0x03BB --font-include-intervals 1:0x0410,0x0414 --font-include-intervals 1:0x0418,0x0418 --font-include-intervals 1:0x041B,0x041B --font-include-intervals 1:0x041D,0x0423 --font-include-intervals 1:0x0425,0x0425 --font-include-intervals 1:0x0427,0x0427 --font-include-intervals 1:0x042B,0x042C --font-include-intervals 1:0x042E,0x0432 --font-include-intervals 1:0x0434,0x0435 --font-include-intervals 1:0x0437,0x0437 --font-include-intervals 1:0x043A,0x043A --font-include-intervals 1:0x043D,0x043E --font-include-intervals 1:0x0440,0x0440 --font-include-intervals 1:0x0442,0x0442 --font-include-intervals 1:0x0446,0x0446 --font-include-intervals 1:0x044C,0x044C --font-include-intervals 1:0x044E,0x044E --font-include-intervals 1:0x2113,0x2113 --font-include-intervals 2:0x2669,0x266F --2bit --compress --pnum --darken-aa --zopfli
 */
#pragma once
#include "EpdFontData.h"

static const uint8_t lexenddeca_20_bolditalicBitmaps[33318] = {
    0x8C, 0x58, 0x2F, 0xB0, 0xE7, 0x48, 0x11, 0x9E, 0x24, 0x22, 0x70, 0x29, 0x2A, 0x06, 0x77, 0x55,
    0xC4, 0x0B, 0x88, 0x3D, 0x43, 0x4D, 0x1C, 0x12, 0x0C, 0x0A, 0x6F, 0x40, 0xAC, 0xC1, 0x27, 0x5E,
    0xAD, 0xC7, 0x9E, 0x3A, 0xEF, 0x27, 0x55, 0x27, 0xB0, 0xA1, 0xF0, 0x75, 0x11, 0xEB, 0x99, 0x2A,
    0x22, 0xE6, 0xB8, 0xC9, 0x34, 0xFD, 0x7D, 0x9D, 0x97, 0xCD, 0xEF, 0x76, 0xB9, 0xE2, 0x57, 0x3B,
    0xFD, 0xFD, 0x36, 0x99, 0xFE, 0xF7, 0x75, 0x4F, 0xCF, 0x7B, 0xCF, 0x0D, 0xB2, 0xBA, 0x91, 0x6B,
    0x71, 0x5E, 0x26, 0x5D, 0x8E, 0x6B, 0xD6, 0x15, 0x8A, 0xAE, 0xEC, 0x9C, 0x60, 0x25, 0x5D, 0x87,
    0xAE, 0xA8, 0x6B, 0xD7, 0xB5, 0xB9, 0x4A, 0x56, 0x5D, 0x8B, 0xAE, 0xC9, 0xD5, 0xE2, 0xEE, 0x4F,
    0xAB, 0xDB, 0x87, 0xF2, 0x23, 0x33, 0xA7, 0x7E, 0x57, 0x13, 0xA3, 0xAA, 0xD6, 0x72, 0x78, 0x69,
    0x24, 0xCE, 0xB9, 0x91, 0x2D, 0xE4, 0x4E, 0x56, 0x89, 0xBD, 0xA8, 0xD5, 0xBE, 0xD4, 0xB2, 0x0E,
    0xFA, 0x74, 0x19, 0x53, 0x23, 0xCE, 0xC7, 0xB6, 0x38, 0xBF, 0x77, 0xD9, 0xCD, 0x6B, 0xAF, 0xBA,
    0x70, 0xDE, 0xC8, 0xFA, 0x11, 0x6B, 0xD9, 0x3B, 0xF5, 0xEF, 0xF4, 0x3F, 0xBD, 0xC0, 0xB1, 0x6A,
    0x03, 0x7B, 0x99, 0xFC, 0x09, 0xFF, 0xF8, 0xA4, 0x0B, 0x0F, 0x37, 0x13, 0xA3, 0x0B, 0x17, 0x12,
    0x64, 0xBF, 0xCD, 0x55, 0x2F, 0xE6, 0x88, 0x34, 0xD7, 0xC9, 0x34, 0x9E, 0x34, 0xEB, 0x7C, 0xFE,
    0xD4, 0x2C, 0xD1, 0xCC, 0x3E, 0x11, 0xE6, 0x5A, 0x33, 0xB7, 0x69, 0x40, 0x1F, 0xCD, 0xAA, 0x8F,
    0xA1, 0xDC, 0x51, 0xDE, 0x66, 0xDD, 0x58, 0x5C, 0x48, 0xCE, 0x3E, 0x61, 0x25, 0xC8, 0x62, 0x30,
    0x41, 0xBE, 0x93, 0x44, 0x6D, 0x41, 0xAC, 0x9E, 0xAE, 0x2B, 0x78, 0x2A, 0xAE, 0x05, 0x88, 0xEB,
    0x21, 0xB3, 0xBE, 0xFA, 0x67, 0x0E, 0x51, 0xE1, 0x77, 0xA9, 0xDB, 0x5C, 0x90, 0xEE, 0xA8, 0x27,
    0x85, 0x3E, 0xC2, 0xAE, 0xFC, 0xCB, 0x00, 0xA5, 0x24, 0x21, 0xCB, 0x9B, 0x2D, 0xAA, 0x17, 0x84,
    0x29, 0x02, 0x87, 0xA3, 0x39, 0xAA, 0x2F, 0xC8, 0x80, 0xA5, 0xC9, 0x5E, 0xD6, 0x26, 0x36, 0x69,
    0x94, 0xA5, 0xCB, 0x6D, 0xF2, 0x32, 0x0D, 0xF2, 0xB7, 0x43, 0xC4, 0xC8, 0x3D, 0xDD, 0x93, 0x9B,
    0x9D, 0x26, 0xD9, 0x20, 0xC2, 0xD8, 0xBF, 0x94, 0xC2, 0x4C, 0xBC, 0x65, 0x17, 0x5E, 0xE0, 0x1B,
    0xBE, 0xAA, 0x2D, 0x65, 0xB8, 0x3F, 0x48, 0x9D, 0x13, 0xC9, 0xE4, 0xAA, 0x61, 0x74, 0xBE, 0xB8,
    0x4E, 0x7E, 0x2F, 0x0E, 0x54, 0xF5, 0x67, 0x2B, 0xAA, 0x10, 0xDD, 0x98, 0x5B, 0x41, 0xF1, 0x9D,
    0x4F, 0xFA, 0x05, 0x35, 0xF3, 0x47, 0x77, 0x15, 0x2B, 0xF6, 0x27, 0xFB, 0xD6, 0xC7, 0x21, 0xC3,
    0x9C, 0x3E, 0x9D, 0x53, 0x7F, 0xA5, 0x1D, 0x47, 0x14, 0x62, 0x10, 0x59, 0x43, 0x66, 0xFF, 0x94,
    0x4A, 0x22, 0x7A, 0x20, 0xEC, 0x6A, 0x6E, 0x96, 0xC8, 0xF2, 0xD4, 0x0C, 0xC1, 0xF9, 0xB3, 0xB5,
    0x2F, 0x72, 0xF4, 0x65, 0x20, 0x53, 0xFB, 0x98, 0xFB, 0xC2, 0x8A, 0xAA, 0xC3, 0x82, 0xA0, 0xDD,
    0x1C, 0xF1, 0x64, 0xCE, 0x2E, 0xC0, 0xB3, 0x43, 0x3F, 0xEC, 0x43, 0x46, 0xF1, 0xF5, 0x89, 0x4F,
    0xC8, 0xC4, 0x85, 0x03, 0xF5, 0x61, 0x87, 0x22, 0xC1, 0xC4, 0x2F, 0x53, 0x2D, 0x3B, 0xBC, 0x65,
    0xD7, 0x59, 0x33, 0x6E, 0xC6, 0xC7, 0xF7, 0x46, 0x07, 0xAB, 0x40, 0x26, 0xE3, 0xD5, 0x05, 0x99,
    0xA1, 0x1B, 0xFA, 0x0B, 0x67, 0x59, 0xA8, 0x17, 0x8A, 0xFB, 0x2D, 0xD4, 0xF8, 0xF0, 0x46, 0x3E,
    0x37, 0x14, 0x42, 0x47, 0xAB, 0x54, 0xDF, 0x81, 0xB0, 0x5E, 0xFD, 0x11, 0x54, 0x4B, 0xEE, 0xD0,
    0xAE, 0xFF, 0x10, 0x51, 0xAE, 0x06, 0x59, 0x82, 0x7C, 0x27, 0xBA, 0x0D, 0x3B, 0x0B, 0x8A, 0xD0,
    0x8B, 0x64, 0x60, 0x8B, 0x78, 0x66, 0x94, 0x41, 0x36, 0xCE, 0x0F, 0x58, 0xF4, 0xF2, 0x81, 0xCF,
    0xC7, 0xAB, 0x1B, 0x7A, 0xE2, 0xE9, 0x1A, 0xA2, 0xB0, 0xFF, 0x4E, 0x6C, 0xEC, 0x44, 0xDE, 0x7B,
    0xD9, 0x6A, 0x39, 0x1A, 0x9C, 0xC1, 0x8D, 0x3E, 0x9D, 0x12, 0xA8, 0x8C, 0x8D, 0xC9, 0x79, 0x65,
    0x69, 0x77, 0x33, 0x43, 0xFC, 0x82, 0x61, 0xDB, 0x71, 0x02, 0x4D, 0x11, 0x51, 0x63, 0xFE, 0xA0,
    0x10, 0x6C, 0x5F, 0x16, 0x17, 0x85, 0x9D, 0xE5, 0xCA, 0xB8, 0x66, 0x0F, 0x61, 0x6B, 0x67, 0x4A,
    0x2B, 0x18, 0x5B, 0x58, 0x27, 0xEC, 0x85, 0x28, 0x60, 0xED, 0x84, 0x6D, 0x8A, 0xFC, 0x2A, 0xF8,
    0x8C, 0x5B, 0x20, 0xA8, 0x41, 0x31, 0xC2, 0x4A, 0x7F, 0x47, 0xD2, 0x98, 0x37, 0x79, 0x53, 0x19,
    0x59, 0x23, 0x76, 0xB2, 0xF1, 0xFC, 0xD6, 0xF5, 0xD5, 0x63, 0x77, 0x61, 0x1D, 0x26, 0xCB, 0xC3,
    0x82, 0xEB, 0x50, 0x86, 0xD6, 0xF6, 0x98, 0x60, 0x12, 0x9F, 0x17, 0xCD, 0xEB, 0xBE, 0x16, 0xBA,
    0xDD, 0x6D, 0x6A, 0x34, 0xCB, 0x8C, 0x9F, 0x74, 0x18, 0x4D, 0x74, 0xC1, 0xA1, 0x4F, 0x9A, 0x6A,
    0x39, 0xB1, 0xFF, 0xB0, 0x20, 0x6C, 0x3F, 0x47, 0x6D, 0xB3, 0xBA, 0xD7, 0x8F, 0x8F, 0x10, 0xAA,
    0xBB, 0xFB, 0x75, 0xAF, 0xF3, 0xFC, 0xF7, 0xD8, 0x4A, 0x08, 0x07, 0x4A, 0x9B, 0x6A, 0x15, 0xEF,
    0xD5, 0x63, 0x82, 0xD1, 0x83, 0xCD, 0xB9, 0x78, 0x15, 0xFB, 0xF8, 0xC3, 0xA9, 0x15, 0xFD, 0x36,
    0x7B, 0xF7, 0xF3, 0x36, 0xFF, 0x4C, 0x9D, 0x67, 0xD8, 0x87, 0x70, 0xF5, 0x37, 0x8B, 0x4D, 0x6C,
    0x9B, 0x88, 0x36, 0x0F, 0x29, 0xDD, 0x2D, 0x07, 0x4A, 0x9C, 0x51, 0x1B, 0x6D, 0x03, 0xE5, 0x08,
    0x99, 0x3C, 0xE4, 0x41, 0x19, 0x4D, 0xDA, 0xFD, 0xA4, 0x32, 0xDE, 0xB2, 0xA2, 0xE4, 0xC1, 0x62,
    0xDF, 0x40, 0xAE, 0xB7, 0xF3, 0x79, 0xD5, 0xF7, 0x0D, 0x7A, 0x2F, 0xE9, 0xBF, 0x0A, 0x37, 0x04,
    0x1B, 0x2E, 0xE8, 0xF3, 0xA9, 0x2B, 0xB8, 0xAF, 0xFC, 0xE6, 0x7E, 0x6D, 0xDE, 0x17, 0x0A, 0x44,
    0x30, 0x21, 0x00, 0xE7, 0x29, 0x38, 0x7D, 0xD3, 0x50, 0xBC, 0x04, 0x09, 0x45, 0x72, 0x48, 0xE3,
    0xF6, 0x72, 0xE2, 0xD4, 0x2A, 0xB1, 0x61, 0x24, 0xAC, 0x0D, 0x91, 0xE5, 0xB1, 0xFE, 0x7B, 0x6E,
    0xAF, 0xB9, 0xDD, 0x8A, 0xF9, 0xBA, 0x9D, 0xE0, 0xE6, 0xD7, 0xED, 0xB4, 0xCA, 0xED, 0xDB, 0x73,
    0xBB, 0xD5, 0x91, 0xCD, 0x68, 0x28, 0xE9, 0x65, 0x7B, 0xC7, 0xED, 0x3C, 0x0B, 0xAF, 0xDB, 0xDF,
    0x62, 0x4E, 0x3F, 0x1D, 0xB3, 0x7C, 0x36, 0xE6, 0xE6, 0x93, 0x98, 0xA7, 0x97, 0x98, 0xFF, 0xFC,
    0x35, 0x01, 0x0E, 0x42, 0x99, 0xB8, 0x01, 0x9A, 0x95, 0x5D, 0x3B, 0x9D, 0x5D, 0x15, 0x23, 0x60,
    0x75, 0x33, 0x60, 0x77, 0xDA, 0x56, 0x33, 0x4A, 0x94, 0x71, 0xCC, 0x70, 0x2E, 0x74, 0xE1, 0xD4,
    0x35, 0x80, 0x15, 0xA0, 0x4E, 0x00, 0x5E, 0xDC, 0x03, 0xE6, 0x42, 0x06, 0xC3, 0xC9, 0x54, 0x25,
    0x33, 0xA6, 0x1B, 0x78, 0x7A, 0x01, 0xBA, 0x5B, 0x3D, 0x63, 0x89, 0xF0, 0x50, 0x06, 0xD9, 0x70,
    0xED, 0x5C, 0xCE, 0xBD, 0x85, 0x32, 0x00, 0x60, 0x4F, 0x48, 0x0B, 0xA3, 0xC4, 0x55, 0xF6, 0xE1,
    0xAA, 0x48, 0x86, 0x93, 0x84, 0xA3, 0x7C, 0x60, 0x6F, 0x74, 0xFE, 0x29, 0x76, 0x9B, 0xF1, 0xFE,
    0x3B, 0xB5, 0xF4, 0x95, 0x0D, 0x20, 0x08, 0xCE, 0x0F, 0x7F, 0x1F, 0x51, 0x8A, 0xF9, 0xE3, 0x61,
    0x3D, 0x8D, 0x5D, 0x13, 0x15, 0x44, 0x0D, 0x17, 0x8D, 0xB9, 0x90, 0x02, 0x96, 0x4E, 0xCE, 0x7C,
    0x8A, 0x19, 0x22, 0x20, 0xC0, 0x9B, 0xF6, 0x9A, 0xDC, 0x62, 0x37, 0x47, 0x18, 0x53, 0xA8, 0x8D,
    0xE2, 0xF6, 0xCE, 0x0B, 0xE0, 0x65, 0x9B, 0x49, 0x38, 0xBB, 0x61, 0xC8, 0x0A, 0x93, 0xAB, 0xA3,
    0x75, 0x9C, 0x8D, 0x46, 0xC6, 0xF1, 0x68, 0x08, 0x54, 0x80, 0xF1, 0x4E, 0x6C, 0x16, 0xEE, 0xE8,
    0xAC, 0x09, 0x46, 0x7B, 0x25, 0xC2, 0xED, 0xA6, 0x35, 0x98, 0x56, 0x40, 0xCA, 0x8C, 0x81, 0xE5,
    0x64, 0xB4, 0x76, 0x88, 0x0D, 0xE2, 0x2B, 0x40, 0x9D, 0x01, 0xB6, 0x56, 0x8D, 0xEE, 0xF9, 0x13,
    0x05, 0xA1, 0x38, 0xC2, 0xF1, 0xE8, 0xE8, 0x51, 0x5E, 0xA2, 0xDD, 0xCD, 0xFD, 0x07, 0x73, 0x2F,
    0x93, 0x35, 0xDB, 0x46, 0xA0, 0x9E, 0x08, 0xB7, 0xFE, 0xE7, 0x4F, 0x04, 0x23, 0xFE, 0x4E, 0x9A,
    0xF0, 0x57, 0x9E, 0x8A, 0x3A, 0xD3, 0xE8, 0x58, 0xD4, 0x68, 0xB2, 0x36, 0x89, 0xD6, 0x26, 0x9B,
    0x85, 0x3B, 0x31, 0x94, 0xD3, 0xDA, 0x24, 0x9A, 0xE5, 0xE9, 0xD9, 0x26, 0x36, 0xDD, 0x58, 0xE9,
    0x27, 0x41, 0x62, 0xAF, 0x0A, 0x5F, 0xD1, 0x7B, 0x65, 0x21, 0xB5, 0x06, 0x03, 0x01, 0xAE, 0xD2,
    0x1D, 0x75, 0x27, 0xFF, 0x86, 0x8B, 0x51, 0xBE, 0x05, 0x04, 0x69, 0x15, 0x6A, 0xC9, 0x1D, 0x49,
    0x8A, 0x3D, 0x43, 0x5A, 0xD1, 0x6A, 0xC2, 0x4F, 0x0C, 0x84, 0x7D, 0x26, 0x6C, 0x9E, 0xB0, 0x8E,
    0x06, 0x83, 0x01, 0x5D, 0x3C, 0x7F, 0x40, 0x90, 0x67, 0xD9, 0x2F, 0xA8, 0x0C, 0x68, 0x85, 0xC0,
    0xEB, 0x97, 0xD0, 0x3C, 0x80, 0x0D, 0x66, 0x8C, 0x50, 0xF9, 0x82, 0xD1, 0x2C, 0xFA, 0x53, 0x12,
    0xC0, 0xF8, 0x09, 0xB7, 0x2D, 0x4B, 0x85, 0x69, 0x7A, 0xAB, 0xCA, 0xF8, 0xA1, 0x03, 0xFC, 0xE2,
    0x35, 0x8A, 0x17, 0xD8, 0x39, 0xAA, 0x9A, 0x84, 0xB1, 0x80, 0xF6, 0x7D, 0x27, 0xBB, 0x55, 0x65,
    0x35, 0xB8, 0x6D, 0xF5, 0xEC, 0x1D, 0x46, 0xEB, 0x58, 0x95, 0x1D, 0xC0, 0xA4, 0x69, 0xEA, 0xEE,
    0x6D, 0xB0, 0x67, 0x47, 0xC8, 0xE6, 0x16, 0x1C, 0x3C, 0x5E, 0xAE, 0xF7, 0xD4, 0x82, 0xFD, 0x8B,
    0x04, 0x66, 0xBD, 0x23, 0x69, 0xB0, 0x9F, 0x3A, 0x39, 0x06, 0x59, 0x6B, 0x49, 0x28, 0xB5, 0xCA,
    0x13, 0x32, 0x64, 0x95, 0x87, 0xCA, 0x4A, 0xA2, 0xCA, 0x46, 0x65, 0x41, 0xD3, 0x06, 0x59, 0x66,
    0x59, 0x3D, 0x83, 0x85, 0x3C, 0xAD, 0xA5, 0x49, 0xE1, 0x86, 0x78, 0x0B, 0xC3, 0x7D, 0xAF, 0xD2,
    0x32, 0x0A, 0x94, 0xF2, 0x23, 0x79, 0xB2, 0x0E, 0x77, 0xA4, 0xB0, 0x7C, 0xC7, 0xEB, 0xC5, 0xEA,
    0xFA, 0x92, 0x29, 0xE7, 0xE3, 0x63, 0x0B, 0xF3, 0x7D, 0x6E, 0x39, 0xB8, 0xE5, 0x99, 0xF5, 0xF2,
    0xCA, 0x97, 0x26, 0xF8, 0xD8, 0xB2, 0xDD, 0x5B, 0xE8, 0xEE, 0x9E, 0x0B, 0x23, 0xD2, 0xA8, 0x19,
    0x5B, 0xC7, 0xF4, 0xC6, 0x2B, 0xD5, 0x25, 0x88, 0x0B, 0x19, 0xBB, 0xD5, 0xD5, 0x48, 0xE9, 0x8B,
    0x93, 0xB3, 0x96, 0x7C, 0xB5, 0x43, 0xB0, 0xF1, 0x44, 0x0A, 0x78, 0xED, 0x5A, 0xE7, 0x35, 0xC6,
    0x33, 0x48, 0x8E, 0xEA, 0x51, 0x23, 0xF5, 0x82, 0x2B, 0x68, 0x3E, 0x21, 0xC3, 0x89, 0xF4, 0x04,
    0xDC, 0x46, 0x01, 0xB7, 0x1B, 0xCC, 0x3C, 0x19, 0xCE, 0xD6, 0x0C, 0x0C, 0x8A, 0x01, 0xB2, 0x15,
    0x3A, 0x02, 0x7D, 0x75, 0xE6, 0x97, 0x31, 0x90, 0x55, 0x7A, 0xCC, 0x9D, 0xA4, 0x56, 0x32, 0x8F,
    0xD5, 0xA9, 0xF1, 0xAA, 0xF4, 0x05, 0x54, 0xA8, 0xAC, 0x54, 0x8A, 0x6B, 0x50, 0xF1, 0xED, 0x1D,
    0xE2, 0x81, 0x2E, 0x13, 0xDD, 0x6D, 0xC8, 0x76, 0x90, 0x53, 0x2D, 0xB4, 0x3F, 0xFE, 0x60, 0x07,
    0x9C, 0x14, 0xF7, 0xF4, 0x3B, 0x3E, 0x4E, 0x20, 0x2B, 0x0E, 0x16, 0x5E, 0xC9, 0xF5, 0x0F, 0xFE,
    0xBB, 0xF7, 0xCE, 0x27, 0x54, 0x41, 0x72, 0x8D, 0x7F, 0xA9, 0x46, 0xA8, 0xAB, 0xFB, 0xA5, 0xFB,
    0xEC, 0xA7, 0x4D, 0x6E, 0x28, 0x60, 0x3A, 0x08, 0xAC, 0xE3, 0x9E, 0x4B, 0x6E, 0x84, 0xD1, 0xDF,
    0xA0, 0x4C, 0x38, 0xB6, 0x3B, 0x08, 0xA0, 0x27, 0x24, 0xD8, 0xE3, 0x0C, 0x23, 0x8C, 0x3F, 0xB8,
    0xFF, 0xEB, 0xE3, 0x35, 0x7A, 0x89, 0x68, 0x1A, 0x90, 0xC0, 0xE5, 0xB0, 0x7C, 0xB4, 0x15, 0xEC,
    0xCF, 0x04, 0x9D, 0x9A, 0x9C, 0xF1, 0x58, 0x5D, 0xFF, 0xEA, 0x52, 0xFD, 0x82, 0x32, 0x58, 0x09,
    0xA6, 0xB7, 0x5B, 0xA2, 0xE5, 0x48, 0x9A, 0xAF, 0xE9, 0x7F, 0xDE, 0x5F, 0x61, 0x74, 0x14, 0xBB,
    0x3A, 0x6D, 0x8A, 0x18, 0x6F, 0x07, 0xA5, 0x70, 0x5E, 0x82, 0xD0, 0x9A, 0x4A, 0xD4, 0x82, 0x5D,
    0xEE, 0x15, 0x89, 0x77, 0xB9, 0x1B, 0xEA, 0xD1, 0x2D, 0x07, 0x4C, 0x6D, 0x27, 0xA9, 0x79, 0x40,
    0x79, 0x83, 0x16, 0x90, 0x7F, 0x32, 0x7F, 0x14, 0x99, 0x5D, 0xFC, 0xC9, 0x2D, 0xB6, 0x5F, 0xF0,
    0x96, 0xE8, 0xB0, 0x41, 0xFA, 0x44, 0xEF, 0xD7, 0x7D, 0x14, 0x3F, 0x8D, 0xF7, 0xBA, 0x9A, 0xCC,
    0xF4, 0xCA, 0xF7, 0x4C, 0x14, 0xB2, 0xC1, 0x77, 0x98, 0x9D, 0x2E, 0x42, 0xE6, 0x6B, 0xE4, 0x66,
    0x3E, 0xE5, 0xBB, 0xD3, 0x41, 0x6E, 0xF7, 0xD4, 0xED, 0xB7, 0x2B, 0xD1, 0x8F, 0x23, 0xBE, 0x63,
    0x54, 0x33, 0xD4, 0x9A, 0x7B, 0xEE, 0x88, 0x85, 0x0B, 0x5D, 0x8D, 0xAE, 0xCF, 0x18, 0x0C, 0x8D,
    0xFD, 0x28, 0xB0, 0xBE, 0xCD, 0x91, 0xF3, 0x6E, 0xCF, 0xE1, 0x0A, 0x7D, 0xB3, 0x70, 0x20, 0x33,
    0x1D, 0xEF, 0x90, 0x76, 0xA5, 0xED, 0x57, 0x7F, 0xDC, 0x9F, 0x79, 0xA1, 0xFE, 0xF6, 0x18, 0x55,
    0x90, 0xFD, 0x63, 0x1A, 0x59, 0x23, 0x34, 0xE7, 0xAD, 0xF3, 0x17, 0x29, 0xD3, 0x45, 0x34, 0xB9,
    0xB9, 0x0B, 0xC6, 0x82, 0x7E, 0xED, 0xBE, 0x24, 0x47, 0xB4, 0x10, 0xA2, 0x5A, 0xB1, 0x9C, 0x41,
    0x0D, 0xDD, 0xB7, 0x98, 0xBA, 0xAE, 0x3B, 0xBF, 0xF8, 0xA6, 0xC9, 0xF8, 0x4F, 0x90, 0x77, 0x52,
    0x6B, 0xC2, 0x91, 0x89, 0x57, 0x45, 0xE3, 0x1B, 0x58, 0xE3, 0xE2, 0x02, 0xA7, 0x6C, 0xAA, 0xCE,
    0xEA, 0x74, 0x52, 0x5A, 0x89, 0xD5, 0xD9, 0x64, 0xFE, 0x86, 0x10, 0xEB, 0xDC, 0xC5, 0x4E, 0x36,
    0x75, 0xD3, 0xE4, 0x3E, 0xF6, 0x98, 0x3C, 0x6B, 0x93, 0x86, 0x6D, 0xE4, 0x5F, 0x1E, 0xBA, 0xE8,
    0x57, 0x2F, 0xB8, 0xE4, 0xFB, 0xDD, 0x2F, 0xFE, 0xD4, 0x50, 0xDD, 0xB8, 0xCE, 0xD3, 0x9C, 0xC1,
    0x84, 0x5F, 0xD4, 0xF0, 0xC9, 0x13, 0xEB, 0x44, 0x5D, 0x74, 0x92, 0x35, 0x14, 0xA1, 0xB3, 0x73,
    0x38, 0x5C, 0x21, 0xEF, 0x60, 0xB2, 0xA0, 0x8B, 0x3C, 0x52, 0x83, 0xB1, 0x34, 0xF2, 0x28, 0xB9,
    0x5A, 0x96, 0x16, 0x5D, 0x2F, 0x37, 0x25, 0x61, 0x31, 0xB4, 0xD3, 0x64, 0x9F, 0x11, 0xD4, 0x54,
    0xCC, 0xBD, 0x80, 0x69, 0x47, 0x8E, 0x3F, 0xB8, 0x2F, 0x4D, 0x8D, 0xED, 0x7C, 0xD3, 0x68, 0x5A,
    0x55, 0xD0, 0xF7, 0xD7, 0x87, 0xC7, 0xDE, 0x28, 0x5D, 0x89, 0xFE, 0x42, 0x6E, 0x66, 0xAB, 0xEE,
    0x66, 0xD2, 0xB0, 0x13, 0x89, 0xA6, 0x66, 0xE8, 0x2F, 0x9C, 0x8B, 0xD5, 0x48, 0x92, 0x24, 0x96,
    0x2A, 0x5E, 0x57, 0xCA, 0x0E, 0x44, 0x8D, 0x89, 0x83, 0x2C, 0xC1, 0xFA, 0x54, 0x35, 0xAC, 0xB1,
    0x66, 0xA1, 0x1A, 0x3B, 0xAD, 0xB9, 0x2A, 0xDC, 0x12, 0x27, 0x78, 0xB9, 0x7F, 0x3F, 0xB0, 0xF9,
    0x6C, 0x28, 0x99, 0x26, 0x2B, 0x49, 0xC0, 0xED, 0xFA, 0x65, 0x7F, 0xD7, 0x4A, 0x01, 0xA3, 0xBE,
    0xE2, 0x1C, 0xE5, 0x0D, 0x87, 0x97, 0x9D, 0xB1, 0x40, 0x73, 0xBB, 0x41, 0x36, 0x40, 0xCD, 0xF8,
    0x72, 0x34, 0xE0, 0x48, 0x27, 0xB8, 0x37, 0xC8, 0x08, 0x15, 0x10, 0x78, 0xD9, 0xE0, 0x1B, 0xE6,
    0xE6, 0x15, 0xA2, 0xD9, 0xAA, 0x2C, 0xD0, 0x9A, 0xB0, 0x37, 0x84, 0x68, 0x9E, 0x93, 0x72, 0x80,
    0xE9, 0x88, 0xE0, 0x6A, 0xC0, 0x8A, 0x99, 0x89, 0x10, 0xAF, 0x48, 0xDF, 0x01, 0xD8, 0x08, 0xA3,
    0x59, 0x31, 0xB0, 0x64, 0x93, 0xC1, 0x6A, 0x2D, 0x6A, 0xD3, 0x53, 0xBE, 0xB7, 0xCA, 0x58, 0x49,
    0xAC, 0x8B, 0xAD, 0xD2, 0x46, 0x21, 0xF7, 0x0F, 0x4F, 0xCA, 0x90, 0x86, 0x6A, 0x05, 0x8C, 0x69,
    0xCC, 0xE4, 0xDD, 0xB5, 0x18, 0x17, 0xF5, 0x62, 0x7F, 0x05, 0xA0, 0x95, 0xFD, 0x2E, 0xBF, 0xE1,
    0x42, 0x9C, 0x85, 0xE0, 0xC2, 0xFF, 0xC4, 0xE9, 0x42, 0xD3, 0x9B, 0x51, 0x8A, 0xAF, 0xA0, 0x5F,
    0xA6, 0xFF, 0x36, 0x73, 0xFE, 0xB0, 0xB2, 0x1C, 0x45, 0x17, 0xBF, 0x33, 0x6B, 0xBD, 0x0D, 0x36,
    0x98, 0x2F, 0xF8, 0x32, 0x07, 0xEB, 0x18, 0x21, 0x86, 0x5C, 0x42, 0x33, 0x98, 0x80, 0x80, 0x84,
    0x84, 0x98, 0x3C, 0x72, 0x2E, 0x21, 0xCD, 0x18, 0x72, 0x39, 0xCF, 0x13, 0x42, 0x02, 0xE7, 0xB3,
    0xE0, 0xC0, 0x01, 0xC1, 0x5B, 0x89, 0x80, 0xF0, 0xAD, 0xC4, 0xCB, 0x08, 0xBC, 0xC6, 0x2B, 0x98,
    0x2B, 0xCF, 0x74, 0x41, 0x9F, 0x5F, 0x6D, 0xA9, 0xAF, 0xC6, 0x6F, 0xF5, 0x04, 0x01, 0x5C, 0x79,
    0xFB, 0x0C, 0x6F, 0x75, 0x7B, 0xAA, 0xAB, 0xAB, 0xEB, 0xCF, 0xE9, 0xBA, 0x7C, 0x88, 0x73, 0xF2,
    0x58, 0x8E, 0x18, 0x07, 0xDF, 0xD1, 0x5A, 0xD8, 0x47, 0xFA, 0x07, 0x7D, 0xA0, 0x99, 0xC2, 0xD0,
    0xB4, 0x4E, 0xDF, 0x33, 0x70, 0x71, 0x34, 0x9F, 0x50, 0x0C, 0xF6, 0xDD, 0xE5, 0xF6, 0x72, 0xAB,
    0x9D, 0xBE, 0x9B, 0x85, 0x07, 0x9B, 0xB5, 0x00, 0x55, 0x79, 0x09, 0x0F, 0x66, 0xAB, 0xE3, 0xF2,
    0x02, 0x2B, 0xA8, 0x92, 0x59, 0x09, 0x0E, 0xEC, 0x80, 0x4C, 0x48, 0xA6, 0xD5, 0x38, 0x1E, 0xED,
    0x7C, 0x70, 0x0A, 0x4A, 0xA9, 0x83, 0x59, 0xDF, 0x58, 0xD6, 0x65, 0x52, 0x14, 0x1D, 0xDC, 0xA8,
    0x20, 0xC1, 0x0A, 0xF1, 0x92, 0xEB, 0xE1, 0xE6, 0xD8, 0x93, 0xD7, 0xB1, 0xCE, 0x30, 0xC6, 0x80,
    0x19, 0x50, 0xD5, 0xA7, 0xB9, 0x00, 0x5C, 0x71, 0x01, 0x9C, 0xBB, 0xB2, 0xE4, 0x77, 0x1D, 0x31,
    0x89, 0x43, 0xC5, 0x5C, 0x35, 0x93, 0xEC, 0x00, 0xBC, 0x30, 0xA0, 0xA3, 0x03, 0x9C, 0xBD, 0x92,
    0x2F, 0x81, 0x39, 0xA1, 0x5F, 0x04, 0x9B, 0xD2, 0x6D, 0x00, 0xB4, 0x94, 0xCD, 0x1A, 0x04, 0xD7,
    0xCD, 0x52, 0x8A, 0xB2, 0x08, 0xD8, 0xD4, 0x22, 0x40, 0x2C, 0x25, 0x88, 0xEF, 0xEB, 0x66, 0x29,
    0x52, 0x65, 0x2C, 0x25, 0x56, 0x44, 0x80, 0xD9, 0xAE, 0xA8, 0x75, 0xC0, 0xDC, 0x10, 0xA5, 0x94,
    0x81, 0x9F, 0x57, 0x84, 0x1F, 0x27, 0xB1, 0x91, 0xDF, 0x6B, 0x6A, 0x51, 0x11, 0xC5, 0xB2, 0xB4,
    0xF5, 0xA9, 0xFF, 0xC4, 0xF0, 0x9A, 0xBB, 0xC5, 0x4B, 0xBC, 0x4C, 0x5C, 0x2C, 0x38, 0x59, 0x49,
    0x25, 0x03, 0x8A, 0x53, 0x06, 0x85, 0x35, 0x0A, 0xF3, 0x6B, 0x29, 0xDA, 0x9E, 0x2A, 0x50, 0x8B,
    0xBC, 0x4C, 0xE4, 0x25, 0x27, 0x9D, 0xB2, 0x26, 0x23, 0x5C, 0xE6, 0x60, 0x17, 0x89, 0xDC, 0xD9,
    0xAC, 0x94, 0xBB, 0x93, 0xD7, 0x98, 0x11, 0x47, 0x5E, 0x07, 0xEB, 0xAB, 0xB1, 0x3E, 0xC4, 0xBE,
    0xB9, 0xB5, 0xF5, 0xE5, 0x29, 0x23, 0x1F, 0x40, 0x51, 0x93, 0x91, 0x76, 0x5A, 0x42, 0x55, 0x72,
    0x8E, 0x19, 0x17, 0x29, 0xAB, 0xB2, 0x45, 0xDA, 0xAA, 0xC3, 0x59, 0x3B, 0x8A, 0x3C, 0xD1, 0x69,
    0xD1, 0xE6, 0x1D, 0x8A, 0x4B, 0x96, 0x97, 0x78, 0xAE, 0xC0, 0x53, 0xED, 0xB8, 0x03, 0x47, 0x6D,
    0x5E, 0x17, 0xD8, 0x6B, 0x17, 0x07, 0x43, 0xBC, 0x8D, 0x58, 0xA0, 0xC4, 0x52, 0x31, 0x8A, 0x78,
    0xF5, 0x46, 0x3C, 0xC4, 0xE2, 0x04, 0xCB, 0x32, 0x8F, 0x98, 0x72, 0xB8, 0x55, 0x0C, 0xF9, 0xCA,
    0x88, 0x61, 0x60, 0x17, 0x12, 0x02, 0xAB, 0x08, 0xA3, 0x98, 0xCA, 0x8A, 0x6A, 0xD5, 0xB8, 0x44,
    0x7D, 0x5C, 0x47, 0x75, 0xA4, 0x17, 0x17, 0xF5, 0x56, 0x64, 0x3B, 0x2C, 0x66, 0xFB, 0xDA, 0x29,
    0x46, 0xD4, 0xE4, 0x54, 0x8A, 0x71, 0x1D, 0x00, 0xC2, 0xE1, 0x80, 0xC4, 0x34, 0xAC, 0x11, 0xDC,
    0x52, 0xFE, 0x48, 0x15, 0x12, 0x21, 0x13, 0x78, 0x2D, 0x11, 0xF9, 0x90, 0x4D, 0xD8, 0x14, 0x94,
    0x62, 0x89, 0x47, 0xD0, 0x95, 0xF3, 0x3B, 0xD4, 0x53, 0xCF, 0x28, 0xA5, 0x49, 0x3B, 0x4B, 0x71,
    0x1D, 0x01, 0xDE, 0x28, 0x03, 0xA9, 0x48, 0x25, 0xB4, 0xA4, 0x9F, 0x8B, 0x59, 0x78, 0x6B, 0x45,
    0x9C, 0x27, 0x22, 0xE9, 0xFD, 0xAD, 0x36, 0x4C, 0x27, 0x64, 0xD4, 0x9B, 0x99, 0xBD, 0xB5, 0xF1,
    0xA8, 0x69, 0x3B, 0x55, 0xCF, 0x7A, 0xF8, 0x98, 0xD5, 0x77, 0xD6, 0x30, 0xF3, 0x60, 0x1D, 0x0B,
    0x98, 0x42, 0x2F, 0x88, 0xA4, 0x87, 0x5B, 0xF1, 0x2F, 0xC1, 0x40, 0xBA, 0x52, 0xA5, 0x14, 0x69,
    0x59, 0x0F, 0x6B, 0x67, 0x27, 0xD4, 0x74, 0x64, 0xEF, 0x54, 0x7C, 0x22, 0xF2, 0xDE, 0x16, 0x34,
    0x85, 0x5C, 0x48, 0xCA, 0x03, 0x61, 0xB0, 0x85, 0x60, 0x93, 0xC8, 0xAC, 0xA6, 0xD3, 0x1A, 0x67,
    0x0C, 0x4A, 0xBF, 0x8F, 0x65, 0xA6, 0x50, 0x7D, 0xC3, 0x58, 0x54, 0xF0, 0xC7, 0xD2, 0x1A, 0xB7,
    0x36, 0x59, 0x5A, 0xE3, 0xC6, 0x26, 0x4B, 0x6B, 0xDC, 0xD8, 0xE4, 0x81, 0x71, 0xFB, 0x5A, 0x2A,
    0xD8, 0x62, 0xA4, 0x8C, 0xD1, 0x78, 0x76, 0x86, 0xE5, 0xE0, 0x52, 0xF1, 0xAB, 0x92, 0x03, 0xEF,
    0x56, 0x91, 0x60, 0xCD, 0xD2, 0x5E, 0x96, 0x5E, 0xB1, 0x5A, 0xB4, 0xEB, 0xEA, 0x45, 0x42, 0xC7,
    0x25, 0x90, 0x3F, 0x55, 0x86, 0x42, 0x72, 0x96, 0xEB, 0xDC, 0xCA, 0x89, 0xAC, 0x72, 0x82, 0xB0,
    0xBA, 0xE2, 0x13, 0xED, 0xFE, 0xF4, 0x77, 0xFB, 0x56, 0x41, 0xF7, 0xD9, 0xCC, 0xFE, 0x2A, 0x9E,
    0x64, 0x36, 0xB3, 0xCF, 0xEC, 0x24, 0x0A, 0xC0, 0xCC, 0xB9, 0xE1, 0xCE, 0x16, 0x7F, 0x6A, 0xF3,
    0xEE, 0x8D, 0xD0, 0xC6, 0xE7, 0xD6, 0xFA, 0xBC, 0xE6, 0xC6, 0x7A, 0x32, 0x83, 0x73, 0xBE, 0x65,
    0x36, 0x29, 0x7B, 0xB7, 0xF8, 0x32, 0x4E, 0xA8, 0x94, 0x27, 0x29, 0x14, 0xF5, 0xB3, 0x8C, 0x9E,
    0x27, 0x36, 0xA0, 0xE2, 0x09, 0x35, 0xA3, 0x06, 0x94, 0x1C, 0x97, 0x4E, 0xA8, 0x85, 0x87, 0x1B,
    0xAC, 0x7B, 0x73, 0x9F, 0xE8, 0x48, 0x4A, 0xA0, 0x23, 0xA2, 0x07, 0xE9, 0x41, 0xB3, 0xA8, 0x9A,
    0x9B, 0x92, 0x1E, 0x2E, 0x5C, 0xA0, 0x8B, 0x93, 0x58, 0xA4, 0x97, 0x45, 0x0F, 0xC6, 0x03, 0xBA,
    0xA8, 0x28, 0xBC, 0xCD, 0x3E, 0x56, 0x84, 0x9C, 0x07, 0xFB, 0x83, 0x5D, 0xB9, 0x6D, 0xFF, 0x93,
    0x5D, 0x59, 0xFD, 0x37, 0x3C, 0x1C, 0xA4, 0x41, 0x5D, 0xBA, 0x99, 0x9D, 0xB3, 0x3A, 0x74, 0xCF,
    0x2B, 0x91, 0xF5, 0x80, 0x09, 0xF3, 0x80, 0x48, 0x0D, 0xA9, 0x64, 0x2F, 0x4D, 0x34, 0x66, 0xC8,
    0xBF, 0xBF, 0x8B, 0xBD, 0xE3, 0x01, 0x23, 0x94, 0xFC, 0x12, 0x59, 0x6A, 0x48, 0x2F, 0xB3, 0x54,
    0x4E, 0x9B, 0x05, 0x59, 0xA8, 0x2F, 0x8E, 0x16, 0x29, 0x04, 0x8B, 0xB2, 0xE7, 0x6A, 0xB2, 0x65,
    0xC7, 0xAB, 0x57, 0xF9, 0x84, 0x9D, 0xA5, 0xBB, 0x85, 0x11, 0x3F, 0x2D, 0xE9, 0x74, 0x0A, 0x47,
    0xA1, 0x93, 0x28, 0xEB, 0xE4, 0x5B, 0x23, 0xDC, 0x09, 0xC5, 0xB9, 0x78, 0xFC, 0xBC, 0x4E, 0x30,
    0x0C, 0xE7, 0x81, 0x2C, 0xE2, 0xD4, 0x29, 0x6C, 0x93, 0x6A, 0x47, 0x39, 0xCC, 0x5D, 0x96, 0x34,
    0x14, 0x15, 0xE7, 0xF0, 0x20, 0x4B, 0x9D, 0xFD, 0xE8, 0xF4, 0xC0, 0xA5, 0xC8, 0xDE, 0x14, 0x6E,
    0x04, 0x8A, 0x6A, 0x02, 0x0F, 0x54, 0xB2, 0xA0, 0x01, 0x98, 0x92, 0x52, 0x54, 0x5B, 0x45, 0xA8,
    0xDB, 0x22, 0xA7, 0x81, 0x08, 0x65, 0x61, 0xE1, 0xEC, 0xC4, 0x0C, 0x9C, 0x04, 0xCF, 0xDB, 0x94,
    0xE7, 0xFC, 0x6F, 0xA4, 0x3C, 0xFF, 0xDD, 0x2D, 0xFB, 0x3E, 0x5B, 0x56, 0xA5, 0x5A, 0xD8, 0xD8,
    0x4E, 0x5B, 0xD6, 0xD9, 0x6B, 0x6D, 0x59, 0x6B, 0xA6, 0x2D, 0x6B, 0x8C, 0x2D, 0xFB, 0xA9, 0x3D,
    0xDE, 0x32, 0xF6, 0xC8, 0x1D, 0x16, 0x5F, 0x78, 0x17, 0x44, 0x44, 0xC1, 0x59, 0x58, 0x9B, 0x97,
    0xD1, 0x09, 0x78, 0xFA, 0x1C, 0x70, 0x6D, 0xC0, 0xCF, 0x34, 0xCC, 0x0B, 0xDE, 0x1C, 0x17, 0xD4,
    0x23, 0x66, 0x0F, 0x1B, 0x61, 0x67, 0x41, 0x85, 0xC5, 0x68, 0xA9, 0x49, 0xE0, 0xB4, 0xE2, 0x5C,
    0x54, 0x2D, 0xAE, 0x42, 0x51, 0xDD, 0xD1, 0x37, 0x52, 0xC8, 0xAF, 0xEB, 0x2D, 0xDE, 0x2F, 0xBC,
    0xD0, 0x76, 0xC0, 0x72, 0xCE, 0x47, 0xBF, 0xF3, 0xBD, 0x3B, 0x98, 0x83, 0xDD, 0x84, 0x7B, 0x4C,
    0x71, 0xDC, 0xB9, 0x9B, 0xA9, 0x11, 0x2F, 0x4F, 0x8D, 0x08, 0x20, 0x74, 0x1B, 0x62, 0x9D, 0x58,
    0xE9, 0x8B, 0x82, 0xB2, 0x89, 0xAE, 0x02, 0xAD, 0xAF, 0x2A, 0x05, 0x92, 0x9B, 0x7C, 0xAE, 0x6C,
    0xC1, 0xD0, 0x8E, 0x17, 0x6C, 0x6B, 0xDF, 0x83, 0x18, 0xD9, 0xEC, 0x68, 0x6F, 0x4B, 0xDE, 0xC1,
    0xA7, 0x8D, 0x4E, 0x13, 0xA8, 0x5E, 0x2E, 0x3D, 0x30, 0xDD, 0x0F, 0xB5, 0x4F, 0x1F, 0x64, 0xB9,
    0xFE, 0x85, 0xBF, 0x22, 0xB0, 0x54, 0x86, 0x69, 0xEF, 0xED, 0xC4, 0x2B, 0x6D, 0x55, 0x94, 0xED,
    0x4A, 0x8A, 0x20, 0x69, 0x96, 0xB8, 0x2E, 0x71, 0x62, 0xDA, 0xCD, 0x79, 0x12, 0x91, 0x8E, 0x9D,
    0x2C, 0x0E, 0x47, 0xC1, 0xDC, 0x0A, 0x6E, 0xCC, 0x75, 0x75, 0x78, 0xAF, 0xE3, 0x32, 0xBD, 0xFB,
    0xE2, 0xA4, 0x02, 0xEA, 0x3B, 0xCC, 0x9E, 0x80, 0x01, 0xD7, 0x48, 0xBB, 0x1E, 0x9F, 0xDC, 0xE3,
    0x83, 0x93, 0x6B, 0x89, 0x5F, 0xF2, 0x8C, 0x29, 0xE8, 0x10, 0xC7, 0x1A, 0xF3, 0x1C, 0x65, 0xE6,
    0xB0, 0xE5, 0xFA, 0x55, 0xCF, 0xAE, 0x79, 0x2D, 0x28, 0xF3, 0x24, 0xF9, 0x4F, 0x08, 0x60, 0x4B,
    0x91, 0xF4, 0x07, 0x7A, 0x56, 0x3D, 0x8A, 0x00, 0xE9, 0xB8, 0x7D, 0x8D, 0xEC, 0x3A, 0x92, 0x7F,
    0xB2, 0x02, 0x71, 0x02, 0xAD, 0x28, 0x8B, 0x93, 0x4C, 0xAD, 0xB3, 0xDB, 0x01, 0xD3, 0x8B, 0x93,
    0x13, 0x27, 0x09, 0x72, 0x93, 0xAD, 0x22, 0xD2, 0x51, 0x7B, 0xB1, 0x4C, 0xB4, 0x62, 0x86, 0x22,
    0x26, 0x73, 0xE6, 0x88, 0x78, 0x23, 0x39, 0x28, 0x4A, 0x46, 0xE9, 0xB7, 0x83, 0x53, 0xD1, 0xBB,
    0x89, 0x5B, 0x34, 0xB8, 0x71, 0x39, 0x86, 0x6C, 0xB6, 0x0A, 0x15, 0x34, 0x0F, 0x2A, 0xEB, 0x25,
    0xBB, 0x82, 0x36, 0xF7, 0xCB, 0xDA, 0xAB, 0xD6, 0xD8, 0xBA, 0x2E, 0x81, 0x9E, 0x56, 0xAD, 0xEC,
    0x22, 0x56, 0x22, 0x84, 0x52, 0x8E, 0xA0, 0x70, 0xB7, 0x91, 0x55, 0x08, 0x35, 0xEA, 0xF6, 0x0C,
    0x0F, 0x0D, 0x46, 0x76, 0xDD, 0x87, 0xF5, 0xB0, 0xF3, 0x5A, 0x32, 0xFB, 0x7D, 0x7F, 0xEC, 0x4C,
    0x56, 0xF6, 0xBD, 0xDF, 0x6A, 0x8F, 0x26, 0xE3, 0xF2, 0xD9, 0x16, 0x3D, 0xDA, 0xAA, 0x9D, 0x51,
    0x2B, 0x4E, 0x62, 0x33, 0x44, 0x60, 0xC9, 0x3C, 0x44, 0x4D, 0x9A, 0xC7, 0xF2, 0xAC, 0x75, 0x25,
    0x21, 0x9D, 0xF5, 0x9D, 0xFC, 0xA7, 0x6C, 0x62, 0x30, 0xEB, 0x71, 0x05, 0xA3, 0x99, 0x8D, 0x78,
    0x8E, 0x5F, 0x9B, 0xD9, 0xA7, 0x18, 0xCF, 0x6F, 0xEC, 0x0D, 0x37, 0x8E, 0xAD, 0xBD, 0xB6, 0xCF,
    0xEC, 0x4B, 0xFA, 0x48, 0x5E, 0xDB, 0xC1, 0x5E, 0xD3, 0x74, 0xF2, 0x55, 0xDA, 0xDB, 0x1B, 0xFA,
    0x62, 0x14, 0x04, 0x8C, 0xB3, 0x76, 0xA3, 0x71, 0x4B, 0x3C, 0x61, 0x6D, 0x64, 0xCC, 0x14, 0x7E,
    0x33, 0x8F, 0xA3, 0x73, 0xF3, 0xB2, 0x0C, 0x1C, 0xC0, 0x41, 0x6E, 0x11, 0x9F, 0x40, 0xBE, 0x33,
    0xEA, 0x91, 0x5A, 0x10, 0x36, 0x11, 0x8E, 0x19, 0x32, 0x9F, 0x06, 0x3A, 0x92, 0x10, 0xEF, 0xC3,
    0x11, 0xBB, 0xA5, 0xB7, 0xC1, 0x81, 0x5D, 0x9D, 0x9A, 0xA6, 0x60, 0x20, 0xAC, 0xA2, 0xEA, 0x79,
    0x77, 0xBF, 0xC2, 0x5E, 0x9A, 0xFB, 0xD9, 0x4C, 0x62, 0xB1, 0x35, 0x97, 0xDE, 0xCD, 0x16, 0x47,
    0xF3, 0x14, 0xBB, 0x19, 0x9C, 0x67, 0x10, 0xF5, 0x4C, 0x68, 0x41, 0xA8, 0xAE, 0x42, 0x71, 0x60,
    0xFE, 0x84, 0x5A, 0x98, 0x39, 0x6A, 0x1F, 0x0B, 0x87, 0xA9, 0xE5, 0xCB, 0x6E, 0xDE, 0x30, 0x73,
    0x65, 0xD6, 0xD8, 0x82, 0x50, 0xCB, 0x9E, 0x09, 0x1B, 0xE9, 0x94, 0x79, 0xCF, 0xAA, 0x9A, 0x58,
    0x2E, 0x47, 0x88, 0xF4, 0xEB, 0xAC, 0x95, 0x61, 0x70, 0x54, 0x1E, 0x47, 0xFE, 0xE7, 0x49, 0xC4,
    0xBD, 0x96, 0xD7, 0x79, 0xE0, 0x30, 0x13, 0x3F, 0xB6, 0xB3, 0x45, 0x9F, 0x83, 0x38, 0xA2, 0xC4,
    0x5D, 0xBE, 0x3A, 0xFB, 0x46, 0xED, 0x80, 0x57, 0x76, 0x5F, 0xD8, 0x22, 0x51, 0xBF, 0x82, 0xB8,
    0x97, 0xF0, 0x2C, 0x02, 0x29, 0x91, 0xB1, 0x8E, 0x22, 0xCB, 0x57, 0x34, 0x95, 0xBD, 0x26, 0x25,
    0x9D, 0x98, 0x40, 0xBB, 0xE3, 0xFA, 0xB2, 0xB9, 0x64, 0x53, 0xBE, 0x82, 0x9B, 0xB2, 0x35, 0xF0,
    0x12, 0xEA, 0x85, 0x0C, 0x2A, 0x69, 0x9A, 0x53, 0xE0, 0xDE, 0xF1, 0x20, 0x64, 0x1D, 0x25, 0x45,
    0x53, 0xF2, 0xDF, 0x9C, 0x4D, 0xB7, 0x12, 0x72, 0x78, 0x74, 0x5F, 0x7C, 0x8D, 0xDE, 0xB1, 0x27,
    0xA1, 0x34, 0xCC, 0xC6, 0x6C, 0xBF, 0x66, 0x4B, 0x82, 0x2D, 0xC5, 0x66, 0x11, 0x1F, 0xB1, 0x5B,
    0xC4, 0x0E, 0x9A, 0xFB, 0x25, 0x8E, 0x8A, 0x98, 0xBC, 0x18, 0x33, 0xD2, 0x58, 0xE9, 0x9F, 0x6A,
    0x27, 0x7F, 0xCB, 0xF1, 0x12, 0x3D, 0x42, 0x54, 0x6D, 0x4D, 0x39, 0x4A, 0xC0, 0xA3, 0x26, 0x6B,
    0xB1, 0x2A, 0xC6, 0xC4, 0x48, 0x93, 0x8B, 0x64, 0xD5, 0x68, 0x8C, 0xB3, 0xC6, 0x5B, 0xD1, 0x64,
    0x95, 0xC7, 0x1D, 0x63, 0x34, 0x5C, 0x45, 0x87, 0xD7, 0xE6, 0x85, 0x8D, 0x51, 0x0B, 0x61, 0x9F,
    0xC4, 0x21, 0x46, 0x4C, 0x53, 0xD7, 0x4A, 0x58, 0x1C, 0x82, 0x51, 0x38, 0x31, 0x47, 0xE3, 0xF9,
    0xCF, 0xA6, 0x4F, 0xAE, 0xB2, 0x19, 0x11, 0x91, 0x76, 0xDB, 0xB6, 0xD7, 0xF3, 0xFE, 0x98, 0xC1,
    0x2F, 0xC2, 0xCB, 0x69, 0x62, 0x06, 0xA6, 0x59, 0x99, 0xE6, 0xB1, 0x20, 0xDF, 0xA9, 0x75, 0x4F,
    0x46, 0x56, 0x6D, 0xEB, 0x23, 0x0D, 0xD6, 0x1B, 0x0D, 0xBE, 0x7B, 0xCB, 0xC6, 0xF7, 0xDD, 0xB2,
    0x75, 0xFB, 0xC2, 0x18, 0x2B, 0x5E, 0xBB, 0xD1, 0xBA, 0xC6, 0x41, 0xBA, 0x57, 0xF1, 0x47, 0x5C,
    0xD3, 0x44, 0x73, 0x24, 0x34, 0x7E, 0x14, 0xC2, 0xD3, 0xB5, 0xC0, 0x80, 0xA5, 0x47, 0x20, 0x47,
    0x3D, 0x7F, 0x36, 0x25, 0x86, 0x3F, 0x21, 0xC1, 0xD0, 0x1E, 0xA9, 0x62, 0xD5, 0x3A, 0x6D, 0x91,
    0xEE, 0x86, 0xE4, 0xE1, 0x48, 0xA2, 0xB7, 0xD6, 0x63, 0xE5, 0xB3, 0xC3, 0x20, 0xB8, 0x4D, 0x82,
    0xAB, 0xBD, 0x80, 0x5A, 0x57, 0x18, 0x47, 0xC5, 0xBD, 0xC9, 0x4E, 0xC7, 0x1C, 0x62, 0xAE, 0xF9,
    0xC2, 0x71, 0xAF, 0xC6, 0xC1, 0x9A, 0xEA, 0xEE, 0x2F, 0xF0, 0xB3, 0xFF, 0xB8, 0xD7, 0x2A, 0x17,
    0x4F, 0xB1, 0xDD, 0x19, 0x34, 0xB6, 0xE6, 0x12, 0xF0, 0xA8, 0x40, 0x79, 0xEA, 0x44, 0xD5, 0x8C,
    0x9D, 0x49, 0x94, 0x81, 0xC4, 0x79, 0x5A, 0x09, 0xBF, 0x8B, 0xC0, 0xD6, 0xE8, 0x1A, 0xB3, 0x55,
    0xED, 0x40, 0xAA, 0xE0, 0xA8, 0xEE, 0x80, 0x36, 0xA8, 0xEF, 0x6F, 0x75, 0x2D, 0xAE, 0x0A, 0xFC,
    0xE9, 0x93, 0xD5, 0xFD, 0x56, 0xF8, 0x30, 0x01, 0xD7, 0x94, 0x8F, 0xA8, 0xF7, 0xC8, 0xFD, 0x80,
    0x1F, 0xDB, 0xDB, 0x2C, 0x48, 0x0B, 0x79, 0x50, 0x76, 0xCC, 0x4D, 0x52, 0x0B, 0x70, 0x7B, 0x32,
    0x7B, 0x9B, 0xDD, 0xBE, 0x59, 0x5C, 0x6C, 0xD8, 0xE2, 0x7B, 0xA0, 0x97, 0xDB, 0x9C, 0xA1, 0xB2,
    0x9B, 0x6E, 0xA6, 0xA2, 0xC5, 0xEE, 0xA0, 0x9A, 0xF5, 0xDC, 0x58, 0xAA, 0xA0, 0x62, 0xCC, 0xAC,
    0xB8, 0x24, 0x83, 0xFE, 0xC7, 0x3F, 0x25, 0x78, 0x8B, 0xB5, 0x76, 0xE9, 0x95, 0xE9, 0x9B, 0x82,
    0x6F, 0x30, 0x9B, 0x73, 0xD1, 0x47, 0x71, 0x39, 0xE4, 0x49, 0xC7, 0x9C, 0x80, 0xFD, 0x40, 0xEB,
    0xF9, 0x00, 0xDB, 0xF5, 0xEB, 0x8B, 0x29, 0xAC, 0x96, 0xC8, 0x40, 0x7A, 0x9D, 0xB7, 0xED, 0xF2,
    0x21, 0x64, 0x29, 0x1A, 0x4E, 0xDE, 0x6F, 0xB5, 0x0F, 0x4E, 0xA8, 0xA7, 0xD9, 0xAA, 0xFC, 0x79,
    0x7C, 0x41, 0xB2, 0x6C, 0x00, 0xEF, 0xD1, 0xA6, 0x4C, 0x9F, 0x60, 0x35, 0x7A, 0x4B, 0x61, 0x35,
    0x02, 0xB7, 0x9A, 0x83, 0xA5, 0xDA, 0x88, 0xA0, 0x5D, 0xAE, 0x4C, 0x4F, 0xA5, 0xD5, 0x98, 0x5B,
    0x4D, 0x40, 0x07, 0x0C, 0x49, 0xCB, 0x92, 0xD5, 0x28, 0xD8, 0x0E, 0x18, 0xCF, 0xC6, 0x6A, 0x0C,
    0x19, 0x9E, 0xED, 0x8A, 0x44, 0x41, 0xD4, 0x55, 0xDF, 0xD9, 0xA4, 0x72, 0xBB, 0x37, 0xA9, 0xDC,
    0x2A, 0x5B, 0x72, 0x32, 0x39, 0x2C, 0xB0, 0x0D, 0x9D, 0xC5, 0x38, 0x63, 0x14, 0xAE, 0xDC, 0xF5,
    0xAE, 0xDC, 0x1F, 0x3E, 0x0D, 0xF6, 0x76, 0x3F, 0x6F, 0x94, 0x6B, 0x52, 0x2E, 0x65, 0xA9, 0x2E,
    0x53, 0x67, 0x25, 0xE4, 0xB9, 0x84, 0xE2, 0xB2, 0x41, 0x87, 0x58, 0xF7, 0x3A, 0xE2, 0x02, 0x24,
    0xCF, 0xEF, 0x7B, 0xB4, 0x3D, 0xB8, 0x61, 0xC6, 0x90, 0x18, 0x06, 0xD3, 0xD2, 0x6D, 0x79, 0xD4,
    0xC2, 0x7C, 0x2E, 0x9D, 0x6B, 0xD9, 0xB4, 0x5D, 0xB6, 0x4B, 0xC6, 0x7B, 0x58, 0x0B, 0xDE, 0xB2,
    0x4B, 0x79, 0x4D, 0x6B, 0x07, 0x3F, 0x32, 0xC5, 0x65, 0x5A, 0x07, 0xE0, 0x4F, 0x6A, 0x35, 0x06,
    0xDD, 0xBC, 0xAB, 0xF4, 0x80, 0xC9, 0x43, 0x14, 0x3A, 0x5C, 0x8E, 0xAA, 0x6B, 0x9C, 0x29, 0x3C,
    0x65, 0x68, 0xEC, 0x24, 0x0E, 0x37, 0x83, 0x6A, 0x99, 0xC6, 0xE6, 0xBD, 0x6E, 0xFD, 0x50, 0x15,
    0x50, 0x47, 0x7F, 0x7B, 0x1A, 0xA8, 0xCC, 0xA6, 0x28, 0x04, 0x77, 0xBD, 0x7A, 0x7E, 0x9A, 0x67,
    0xDD, 0x8C, 0x46, 0xF7, 0x65, 0x5C, 0x1D, 0x67, 0xEB, 0xD0, 0xB6, 0x07, 0xB5, 0xF4, 0x09, 0xF6,
    0x5C, 0xFD, 0xE2, 0xE7, 0x1B, 0x6F, 0x21, 0x2D, 0x09, 0xB6, 0x6E, 0x02, 0x6D, 0x49, 0x5F, 0x40,
    0x65, 0x97, 0x97, 0xDE, 0xA2, 0xBF, 0x53, 0x22, 0x13, 0x60, 0x77, 0x38, 0x77, 0x19, 0x92, 0x97,
    0x90, 0x54, 0x90, 0xB3, 0x88, 0x04, 0x89, 0x2C, 0x68, 0x4D, 0xA2, 0x74, 0xA6, 0xED, 0xEA, 0x4C,
    0xA2, 0x74, 0xDC, 0xC4, 0x0C, 0xAB, 0x60, 0x5A, 0x04, 0xB6, 0x48, 0x14, 0xD9, 0x75, 0x5F, 0x71,
    0x19, 0x43, 0xD5, 0xE8, 0x8B, 0x99, 0x46, 0xCD, 0xD1, 0x68, 0xF2, 0xFC, 0xA1, 0xFF, 0x68, 0xCF,
    0x7E, 0x6E, 0x7E, 0x86, 0xC4, 0x5E, 0xDB, 0xC2, 0x47, 0x56, 0x38, 0x6B, 0xCA, 0x3C, 0x1F, 0x9F,
    0x8B, 0xA6, 0x3C, 0x30, 0x95, 0x7F, 0x46, 0xC9, 0xD1, 0x9A, 0x8C, 0x93, 0x4F, 0xF2, 0xE9, 0x16,
    0xD2, 0x2E, 0x01, 0x7E, 0xC2, 0xCA, 0x31, 0x69, 0x5C, 0xA2, 0x97, 0xE5, 0xF1, 0x0F, 0x2E, 0xFC,
    0xF0, 0x8E, 0x44, 0x8B, 0x6D, 0x69, 0xB7, 0x51, 0xFB, 0x1D, 0xFE, 0xCF, 0x62, 0xC4, 0x31, 0x69,
    0xA1, 0x91, 0x26, 0x14, 0x63, 0xF9, 0xDA, 0xF2, 0x85, 0x9D, 0x5F, 0x14, 0xE9, 0x31, 0x69, 0x5C,
    0x22, 0xF5, 0x44, 0x9A, 0xE6, 0xED, 0xF6, 0x32, 0x28, 0x66, 0xF4, 0x39, 0x99, 0x6F, 0x8B, 0x31,
    0x49, 0x98, 0x1A, 0x3B, 0x8B, 0x9A, 0x1B, 0xA7, 0xC5, 0x07, 0xA5, 0x14, 0x89, 0x32, 0x65, 0x5A,
    0xBD, 0x24, 0x5B, 0x3A, 0xBB, 0x08, 0x23, 0x69, 0xF0, 0xDE, 0x57, 0xCF, 0x84, 0x8C, 0x4B, 0x97,
    0x02, 0xAF, 0xA0, 0x54, 0x20, 0xC7, 0x24, 0xF1, 0xBE, 0xB6, 0x84, 0x38, 0x66, 0x60, 0x87, 0xCF,
    0x18, 0x5B, 0x3B, 0x4B, 0xBC, 0x86, 0xFC, 0xB2, 0x17, 0x23, 0x26, 0xF1, 0x10, 0xAB, 0x2A, 0xAA,
    0x34, 0xCC, 0x64, 0x63, 0x22, 0x56, 0x5A, 0x5C, 0x7C, 0xB6, 0x16, 0x77, 0xDD, 0x5A, 0xDC, 0x7B,
    0x4D, 0x27, 0x7D, 0xD5, 0x76, 0xCE, 0x6D, 0xC5, 0x0A, 0xA4, 0x4B, 0x4D, 0x48, 0x35, 0x4B, 0xC7,
    0x88, 0x3A, 0x6A, 0xFD, 0xD5, 0x39, 0xC5, 0x85, 0xC5, 0x93, 0x98, 0xD0, 0x35, 0x97, 0xC7, 0xAA,
    0xD5, 0x2E, 0x15, 0x11, 0xFE, 0xA8, 0x66, 0x98, 0x5A, 0xFD, 0x68, 0x63, 0x65, 0xB3, 0x1F, 0xD9,
    0x5A, 0x0C, 0x07, 0x1A, 0x28, 0x9E, 0xF6, 0x76, 0xC9, 0x52, 0xED, 0xE8, 0x98, 0x99, 0xD6, 0xEC,
    0x44, 0x39, 0xBA, 0xA2, 0x15, 0x79, 0x6A, 0xCA, 0xA7, 0xA3, 0x66, 0xCD, 0xCB, 0x13, 0xAF, 0x78,
    0x53, 0xBE, 0x16, 0x2E, 0x81, 0x27, 0x16, 0xEC, 0x7E, 0x27, 0x71, 0xC5, 0x91, 0xA6, 0xFF, 0x1D,
    0xBF, 0xF3, 0x0A, 0x9A, 0x73, 0x0A, 0x56, 0x58, 0xAC, 0x98, 0x6C, 0xB0, 0xEC, 0x04, 0xEC, 0x95,
    0xAB, 0x94, 0x21, 0x1E, 0x0B, 0x93, 0xCD, 0x0C, 0xC0, 0x94, 0xA2, 0x95, 0xA9, 0xB3, 0x7E, 0xE2,
    0xEA, 0x43, 0x97, 0xF7, 0x29, 0x9B, 0xFE, 0x51, 0xC1, 0x27, 0x1A, 0x1E, 0x64, 0x23, 0xC1, 0xA1,
    0xAA, 0xBC, 0x50, 0x70, 0x25, 0xBA, 0x32, 0xE1, 0x73, 0x86, 0x3F, 0x9A, 0x5E, 0xA6, 0x5F, 0x2C,
    0x33, 0x2E, 0x66, 0xD3, 0x3D, 0xFF, 0xF3, 0x3E, 0x07, 0x55, 0x29, 0x93, 0xEB, 0xA2, 0x48, 0x34,
    0x64, 0xE2, 0x49, 0x30, 0xAC, 0x4A, 0xF8, 0x31, 0x8D, 0xCA, 0x96, 0x5A, 0x39, 0xD3, 0x6D, 0xA7,
    0x10, 0x78, 0xF5, 0x4C, 0x06, 0xE8, 0xF7, 0xCC, 0x7C, 0xC8, 0x70, 0x43, 0x86, 0x51, 0x12, 0xC1,
    0x25, 0x73, 0xDE, 0x3D, 0xA4, 0x6C, 0xD2, 0x2B, 0xBD, 0xB1, 0xCC, 0xB2, 0xCA, 0xBC, 0xAA, 0xCC,
    0xC5, 0xFF, 0x76, 0x5F, 0xD1, 0xE5, 0x51, 0x2E, 0xDE, 0x68, 0x8B, 0xC7, 0xD6, 0xC6, 0x0C, 0x1D,
    0xE9, 0xD4, 0x26, 0x17, 0x57, 0x3A, 0xB5, 0x96, 0xE9, 0xD4, 0x36, 0x17, 0x47, 0x73, 0xD1, 0x7F,
    0x42, 0x3D, 0x40, 0x56, 0x85, 0x31, 0x6C, 0x13, 0xEF, 0xC7, 0x11, 0xB5, 0x5C, 0x37, 0x56, 0x7E,
    0x92, 0x91, 0x8F, 0xB2, 0x71, 0x82, 0xB8, 0xF6, 0x15, 0x6B, 0x5A, 0x34, 0xDE, 0xF2, 0x78, 0xFE,
    0x48, 0x66, 0x01, 0xA9, 0x01, 0x11, 0xFC, 0xC0, 0x91, 0x3F, 0x8C, 0x1F, 0x65, 0xE4, 0xA0, 0x9F,
    0xDD, 0xAB, 0xFF, 0x43, 0x74, 0x9D, 0xDE, 0xEE, 0x9D, 0x04, 0xEB, 0x2B, 0x1B, 0x73, 0xC1, 0xF7,
    0x23, 0xD5, 0xB6, 0x1F, 0x3C, 0x55, 0x77, 0x9F, 0x9B, 0x82, 0x68, 0x3D, 0x4A, 0x5A, 0x6F, 0x8F,
    0x7F, 0x95, 0xE7, 0xF9, 0x3F, 0x9D, 0x1D, 0xB5, 0x66, 0x1F, 0xD4, 0xAC, 0xCD, 0xF9, 0xE0, 0xF6,
    0xEB, 0x08, 0xA5, 0xC2, 0x0C, 0x2D, 0x06, 0xFC, 0xAE, 0x84, 0xAD, 0x35, 0xEF, 0xF6, 0x8F, 0x74,
    0x10, 0x0D, 0x4D, 0xA6, 0x0A, 0x8A, 0xFB, 0x0F, 0x22, 0x1C, 0x01, 0xAE, 0xFE, 0x4F, 0x73, 0x42,
    0x9C, 0x45, 0xFF, 0x1D, 0xCE, 0xC2, 0x70, 0x16, 0x49, 0x30, 0xAD, 0x5B, 0x67, 0xF1, 0xC4, 0x85,
    0x5C, 0xE9, 0x33, 0xE0, 0x52, 0x27, 0x87, 0x55, 0x60, 0x2B, 0xA4, 0x7B, 0x52, 0xCA, 0x62, 0x36,
    0x16, 0xCE, 0x6C, 0x12, 0x68, 0xA1, 0xCA, 0x3B, 0xEC, 0x97, 0xE2, 0x64, 0xDE, 0x1E, 0x8D, 0x80,
    0x7C, 0x54, 0x85, 0x99, 0x1F, 0x21, 0xC6, 0xC5, 0x4D, 0x97, 0x3E, 0xEF, 0xA4, 0x66, 0x41, 0xFD,
    0x2D, 0xA4, 0xAE, 0xA9, 0x45, 0x69, 0x5F, 0xEE, 0x7F, 0xD9, 0xB4, 0x0A, 0x50, 0xD6, 0xD7, 0x5C,
    0xAC, 0x7D, 0xC3, 0xBD, 0xDA, 0xB7, 0xBE, 0xAB, 0x86, 0x6B, 0x5B, 0x81, 0xC5, 0x59, 0x67, 0xE0,
    0x02, 0x9C, 0x8A, 0x43, 0x7C, 0x4C, 0x61, 0x49, 0xDE, 0xC8, 0x8E, 0x0A, 0x3B, 0xEB, 0xB1, 0xC8,
    0xAC, 0xCA, 0xE4, 0xF9, 0x6F, 0x23, 0xE2, 0x58, 0xFF, 0x89, 0x48, 0xD6, 0xD1, 0x44, 0x9F, 0x93,
    0xF5, 0xAC, 0xC2, 0xEC, 0x53, 0x1D, 0xB6, 0x2F, 0x4C, 0x74, 0x71, 0x63, 0x5F, 0x9A, 0x7D, 0xA9,
    0x3B, 0xE6, 0xD7, 0xC9, 0xDE, 0x40, 0xB9, 0x2D, 0xF4, 0x76, 0xAA, 0x8E, 0x4F, 0xB4, 0x94, 0x4A,
    0xD4, 0x9D, 0xE5, 0x89, 0x66, 0x3D, 0xF4, 0x1D, 0x36, 0x90, 0x90, 0xBB, 0xB6, 0x05, 0xC9, 0x3D,
    0xE6, 0xC0, 0x3B, 0x1D, 0x4D, 0x62, 0x9F, 0x68, 0xFA, 0x55, 0x16, 0x39, 0x29, 0x5B, 0xBF, 0x55,
    0xB0, 0x2F, 0xCB, 0x8E, 0xE9, 0x16, 0x9A, 0x14, 0xCC, 0x60, 0xDC, 0x27, 0x9B, 0x8C, 0x75, 0xA3,
    0xA1, 0x36, 0x9A, 0x59, 0xF5, 0x35, 0x5C, 0x74, 0x41, 0xFA, 0x1D, 0x1C, 0xDB, 0xE0, 0xF5, 0xA5,
    0x9E, 0xAA, 0xB8, 0xB8, 0x3A, 0xEB, 0xFD, 0xAF, 0x9D, 0x68, 0xFE, 0x19, 0x4D, 0xDC, 0x69, 0xC7,
    0xB2, 0x16, 0xDD, 0xC0, 0x35, 0xB0, 0xCE, 0x78, 0x6D, 0xD9, 0xC2, 0xC5, 0x45, 0xCB, 0x4E, 0x39,
    0x7F, 0x4B, 0x41, 0x42, 0xAB, 0xCB, 0x4D, 0x7D, 0x50, 0x8A, 0xFE, 0x5A, 0xBD, 0x7B, 0x70, 0xF9,
    0x73, 0x78, 0x04, 0x4B, 0x3A, 0x09, 0x93, 0x1D, 0xB9, 0xE6, 0xF4, 0x33, 0x30, 0xAD, 0x02, 0x9B,
    0x7D, 0x61, 0xAC, 0xEB, 0x0C, 0x9C, 0x80, 0x58, 0x94, 0xA4, 0xDB, 0xD6, 0x17, 0xE1, 0xF8, 0xF0,
    0x78, 0xA5, 0x53, 0x87, 0x3C, 0x8A, 0x36, 0xBB, 0xF0, 0x90, 0xA5, 0x47, 0x9A, 0x48, 0x51, 0x62,
    0x9C, 0xE9, 0x3D, 0xA4, 0x5F, 0x2F, 0x6C, 0xD0, 0x2C, 0x5E, 0xDF, 0x6C, 0xFF, 0x79, 0x85, 0x6C,
    0x0D, 0xAA, 0x55, 0x2A, 0xAF, 0x6D, 0x8D, 0x70, 0x29, 0xBF, 0x5E, 0xFC, 0x5D, 0x4C, 0xD2, 0xB8,
    0xF2, 0x5A, 0x49, 0xFA, 0xB9, 0xB7, 0x45, 0xFB, 0x25, 0xCF, 0x1C, 0x2C, 0xF8, 0xE8, 0x8B, 0xD1,
    0x3C, 0x76, 0xF5, 0xA1, 0x66, 0xB8, 0xC0, 0x5D, 0x72, 0xB3, 0xD0, 0xA0, 0x5A, 0x92, 0x67, 0x4C,
    0x91, 0xA2, 0x13, 0x7A, 0xEC, 0xAA, 0xC9, 0x83, 0x6E, 0x8C, 0x61, 0x9A, 0x63, 0xF6, 0x9B, 0xCF,
    0x5E, 0xC5, 0x50, 0xE3, 0x6D, 0x99, 0x81, 0xE9, 0xFD, 0x20, 0xD6, 0x92, 0xFB, 0xFF, 0x51, 0x36,
    0x1F, 0x9A, 0x3A, 0xF4, 0x8B, 0xB5, 0x7F, 0x60, 0x6B, 0xB8, 0x09, 0x3D, 0xF0, 0x91, 0x9C, 0x8D,
    0xF5, 0x3A, 0x11, 0x6D, 0x51, 0xE5, 0x74, 0x2B, 0x12, 0xBD, 0xFC, 0xFF, 0x71, 0x88, 0xE9, 0x76,
    0x31, 0xDD, 0x39, 0xA6, 0x6B, 0x1E, 0x4D, 0x27, 0x93, 0x99, 0x39, 0x75, 0xE1, 0xA2, 0x17, 0xBF,
    0xEC, 0x90, 0x95, 0x63, 0x2D, 0x0C, 0xB2, 0xC4, 0x77, 0x29, 0x05, 0xBD, 0x45, 0x61, 0xD2, 0xE0,
    0xD5, 0x66, 0xAF, 0x50, 0x4C, 0x92, 0xDD, 0xB0, 0x30, 0xC9, 0xC2, 0x69, 0x6F, 0x35, 0x6C, 0x67,
    0x8F, 0x3F, 0x71, 0x56, 0x7D, 0xCD, 0xFE, 0xE8, 0x90, 0x0F, 0xF3, 0xFD, 0xEF, 0x0E, 0x3E, 0xE2,
    0x2C, 0xAF, 0xF9, 0xBF, 0xC1, 0xCE, 0xCD, 0x52, 0x99, 0xAD, 0xED, 0xB2, 0x93, 0x6D, 0xD2, 0x1D,
    0x40, 0xE3, 0x46, 0xBB, 0xB4, 0x66, 0xA7, 0x2E, 0xDB, 0xEB, 0x53, 0x77, 0xCD, 0x26, 0xF4, 0x4F,
    0xCC, 0x56, 0x31, 0xAC, 0xE5, 0x46, 0x15, 0x3D, 0xF6, 0x84, 0x1D, 0x14, 0x0B, 0x0D, 0x05, 0x34,
    0x09, 0x92, 0x5B, 0x94, 0xC6, 0x05, 0x48, 0x54, 0x68, 0x2C, 0x28, 0x69, 0x51, 0xFA, 0xBE, 0xD9,
    0xBE, 0x40, 0x63, 0xE8, 0x8B, 0x54, 0xA9, 0x53, 0xA4, 0xC9, 0x56, 0xF4, 0x42, 0x3B, 0x23, 0xD1,
    0x4B, 0x16, 0x29, 0x29, 0x30, 0xCA, 0x76, 0x14, 0x71, 0x61, 0x84, 0x17, 0xC6, 0x73, 0xC8, 0xBD,
    0xD7, 0x7A, 0xFF, 0x6B, 0xD1, 0xF6, 0x3C, 0xFD, 0x99, 0x73, 0x9F, 0xF7, 0xCD, 0xF1, 0xB9, 0xC7,
    0xF7, 0x9D, 0xB7, 0xE8, 0x08, 0x78, 0x16, 0x04, 0x16, 0x8C, 0x2C, 0x98, 0x74, 0xCD, 0x18, 0x1B,
    0x30, 0x9C, 0x78, 0xBC, 0x3E, 0xFA, 0x02, 0x88, 0xBB, 0xAD, 0xBC, 0x01, 0xB4, 0xD5, 0x73, 0x85,
    0xD3, 0x55, 0x8C, 0xE6, 0xD9, 0x9A, 0xB8, 0x20, 0x72, 0x46, 0x24, 0x74, 0x25, 0x02, 0xB9, 0x01,
    0xAF, 0xBE, 0x02, 0x60, 0x4C, 0x40, 0xD2, 0x5D, 0x18, 0x31, 0x50, 0xEE, 0x47, 0xB2, 0x60, 0x20,
    0x79, 0x60, 0x22, 0x59, 0x91, 0x65, 0xEF, 0x49, 0x72, 0x77, 0x6C, 0x57, 0x2A, 0x81, 0x7B, 0x0D,
    0x22, 0xB6, 0x02, 0x13, 0x7F, 0x55, 0x85, 0xBD, 0x3F, 0x81, 0xD8, 0xDC, 0x01, 0xA4, 0xE6, 0x76,
    0xD9, 0xBD, 0xEC, 0x1C, 0x36, 0x20, 0xF2, 0x37, 0xDB, 0x1F, 0x11, 0xF9, 0xB7, 0xBF, 0x56, 0xA5,
    0x6C, 0x08, 0x24, 0x89, 0x41, 0x77, 0x61, 0x3E, 0x81, 0x44, 0x2E, 0x40, 0x4F, 0x11, 0xD2, 0xB1,
    0x40, 0xEA, 0x05, 0x80, 0xE3, 0x0C, 0xC8, 0x35, 0x51, 0x0E, 0x39, 0xBF, 0x03, 0x9D, 0x0A, 0x53,
    0x82, 0x06, 0x4C, 0xC6, 0x10, 0x49, 0xAE, 0x00, 0xB9, 0xBC, 0x06, 0xC0, 0x8A, 0x1F, 0x01, 0x1D,
    0x77, 0x28, 0xD5, 0x0D, 0xDB, 0x33, 0xD0, 0x8E, 0x6E, 0x50, 0x46, 0xB5, 0xD3, 0x48, 0xA0, 0x07,
    0xDE, 0x07, 0x1B, 0x1E, 0x22, 0xF1, 0x31, 0x17, 0xA5, 0x64, 0x9B, 0x93, 0x4A, 0x20, 0x67, 0x83,
    0x72, 0xC3, 0x64, 0x10, 0xDE, 0xBC, 0x10, 0xB5, 0xDF, 0x97, 0x23, 0x9F, 0xE1, 0x7E, 0xC1, 0x2D,
    0xC0, 0x06, 0x84, 0x15, 0x5E, 0xBC, 0xFB, 0x0F, 0xBF, 0xAD, 0x26, 0x82, 0x70, 0xB4, 0xF6, 0x04,
    0x8E, 0x47, 0x7B, 0xB9, 0x0D, 0x2C, 0x22, 0x45, 0x9E, 0x7A, 0xC7, 0xAD, 0x67, 0x91, 0x21, 0x70,
    0x0A, 0x9B, 0x57, 0x38, 0x26, 0xC2, 0x58, 0xCC, 0x23, 0x16, 0x53, 0xB6, 0x19, 0x14, 0x84, 0xC6,
    0x7F, 0x10, 0xF0, 0x3B, 0xBA, 0x13, 0xE8, 0x0B, 0xF0, 0xA4, 0x28, 0x0A, 0xFD, 0xC8, 0x3D, 0x72,
    0xD3, 0x37, 0xC1, 0x4C, 0xD2, 0xE9, 0x70, 0xAC, 0xBA, 0x06, 0x1E, 0xE8, 0xD9, 0x30, 0x9A, 0xE1,
    0x48, 0x62, 0x42, 0xE6, 0xC2, 0xA6, 0x04, 0x7F, 0x66, 0xD5, 0x47, 0xF5, 0xAD, 0x1A, 0x16, 0xF4,
    0x96, 0xA6, 0x64, 0x96, 0x96, 0xC9, 0x0B, 0xE6, 0xD9, 0x29, 0x08, 0x72, 0x53, 0xCC, 0xFA, 0x31,
    0x9B, 0x34, 0x58, 0xFB, 0xDB, 0x13, 0x02, 0xCA, 0x2E, 0xA8, 0xC7, 0xAD, 0x31, 0xA3, 0xE7, 0x62,
    0x68, 0xFC, 0x4A, 0x2B, 0xB8, 0xE3, 0x39, 0x0E, 0x0F, 0xDC, 0x14, 0x91, 0x2A, 0x90, 0x2B, 0x40,
    0x59, 0x27, 0xC0, 0x43, 0xE6, 0x45, 0x87, 0xC5, 0xE9, 0xDA, 0x20, 0x26, 0x8B, 0xA7, 0xE2, 0x79,
    0xD0, 0xB5, 0x20, 0x70, 0xC6, 0x48, 0xE0, 0xA3, 0x57, 0x78, 0xEF, 0xEB, 0xD5, 0x97, 0x4A, 0xD9,
    0xF1, 0x30, 0xBA, 0x67, 0x94, 0x9E, 0x2B, 0x86, 0x77, 0x28, 0x47, 0xCE, 0x98, 0x08, 0x5D, 0x51,
    0x96, 0x75, 0x3A, 0xF1, 0x8D, 0xEA, 0xD7, 0xBE, 0x46, 0xB3, 0x21, 0x3D, 0xA6, 0x56, 0xC7, 0xF5,
    0x7A, 0xC1, 0x45, 0xA9, 0x7F, 0x09, 0x15, 0xFB, 0x01, 0xE0, 0xAD, 0x4F, 0xC7, 0x66, 0xC0, 0x43,
    0xD0, 0x4C, 0xF2, 0xD4, 0xB7, 0x13, 0x29, 0x26, 0xB2, 0xBD, 0x24, 0xA5, 0xE7, 0x8E, 0x54, 0x6D,
    0x91, 0xB3, 0x70, 0x4D, 0x84, 0x67, 0x45, 0xA4, 0x9C, 0xFE, 0x3B, 0x2F, 0x01, 0x6A, 0x3B, 0xA6,
    0x21, 0x9B, 0xA2, 0x41, 0x49, 0xF4, 0xAD, 0xC0, 0x0B, 0xB3, 0x1F, 0x91, 0x0B, 0x3A, 0xEB, 0xC9,
    0x2B, 0x17, 0xC6, 0x36, 0x67, 0x9A, 0xF4, 0xCB, 0x4E, 0x9F, 0xA6, 0x61, 0x33, 0x45, 0x00, 0xF0,
    0x52, 0xDE, 0xC0, 0x5D, 0x88, 0xEB, 0x48, 0xC8, 0xF8, 0x39, 0xEE, 0xC9, 0x36, 0xCF, 0x3D, 0x56,
    0xC7, 0x32, 0x6D, 0xDD, 0x7D, 0xA7, 0x36, 0x0B, 0x22, 0x6B, 0x37, 0x8F, 0x20, 0x90, 0xD8, 0x99,
    0x3F, 0x66, 0xB9, 0xB3, 0x23, 0xEF, 0xC0, 0x50, 0x01, 0x04, 0xB9, 0xDD, 0xD6, 0x73, 0x73, 0x15,
    0x48, 0xCB, 0xC4, 0xD6, 0x35, 0xA0, 0x81, 0x24, 0x08, 0x57, 0x1D, 0x59, 0x91, 0xE0, 0xF7, 0x20,
    0xCA, 0xE2, 0x1C, 0xB6, 0x89, 0xBF, 0xDF, 0x11, 0xE7, 0xB1, 0x44, 0x39, 0x1F, 0xE7, 0x69, 0xC9,
    0xA7, 0x16, 0x71, 0xE6, 0x2E, 0x05, 0x22, 0xB4, 0x48, 0x52, 0x88, 0x86, 0xD7, 0x48, 0xE0, 0xE5,
    0x0B, 0x2E, 0x24, 0xD1, 0x55, 0xFA, 0x2A, 0x9F, 0x22, 0x57, 0x27, 0x94, 0x13, 0xB9, 0x85, 0x1D,
    0xB1, 0x0C, 0xE4, 0x3A, 0x15, 0x4C, 0x2B, 0xF2, 0x5B, 0xE4, 0x19, 0x41, 0x58, 0xFA, 0xF6, 0x4C,
    0xA9, 0x53, 0xED, 0xE2, 0x06, 0xDF, 0xE2, 0x25, 0x67, 0x3C, 0x12, 0xCE, 0xDC, 0x5A, 0x60, 0x7E,
    0xBD, 0x51, 0x4C, 0xDF, 0xD0, 0x91, 0x2D, 0x90, 0xD7, 0x44, 0xD6, 0x78, 0x4E, 0x35, 0xEF, 0xA1,
    0xE6, 0x35, 0x9C, 0x2C, 0xD3, 0xC1, 0x2D, 0xEF, 0xA4, 0x98, 0xC8, 0x6D, 0x6A, 0x79, 0xEB, 0xF5,
    0x8B, 0xFE, 0x53, 0x74, 0x05, 0xC8, 0xF0, 0x32, 0x9E, 0x25, 0x5C, 0x18, 0xB8, 0x44, 0x09, 0x67,
    0x69, 0x2A, 0x55, 0xC7, 0xB5, 0xE3, 0x1E, 0xB8, 0x78, 0xAE, 0xB1, 0xC9, 0x93, 0x14, 0x7F, 0x9A,
    0x8C, 0x46, 0xBE, 0x64, 0x8F, 0xEC, 0xB9, 0xEB, 0xF5, 0x53, 0x66, 0x38, 0x49, 0x2A, 0x94, 0xD8,
    0x24, 0x81, 0x46, 0x02, 0x7A, 0x16, 0x79, 0x97, 0xEC, 0x8E, 0x4B, 0x5F, 0x81, 0x9F, 0x00, 0xEB,
    0x9D, 0x8E, 0xBB, 0xC1, 0x96, 0x0C, 0xB2, 0xC2, 0xAA, 0x3B, 0xCB, 0x0D, 0x00, 0x20, 0x14, 0xCF,
    0x61, 0x16, 0x10, 0x76, 0xF5, 0x43, 0x21, 0xDE, 0xD0, 0x14, 0x7E, 0xFC, 0x5B, 0xFD, 0x97, 0x59,
    0x23, 0x64, 0x07, 0x46, 0x9B, 0xB6, 0x37, 0x9E, 0xEA, 0x6F, 0x5A, 0xFC, 0x3F, 0x79, 0x8E, 0x25,
    0xFC, 0x85, 0x2D, 0xAC, 0xD3, 0xAF, 0xC9, 0x61, 0x8B, 0xEE, 0xCC, 0x7E, 0xFB, 0x9D, 0x3B, 0x9A,
    0xDF, 0xFE, 0xE4, 0x59, 0x87, 0xB5, 0x0E, 0xDC, 0x43, 0xA9, 0xE1, 0x5F, 0xBA, 0x7F, 0x73, 0xC4,
    0xF9, 0x75, 0xF8, 0xBA, 0x66, 0xA4, 0x0F, 0xFF, 0xF0, 0x55, 0x45, 0x2C, 0x08, 0x07, 0xA6, 0xB7,
    0x5D, 0x5E, 0x2D, 0xCE, 0x34, 0xC4, 0xEC, 0xB6, 0xB2, 0xB1, 0x45, 0xF2, 0x8A, 0x64, 0x95, 0x85,
    0x8F, 0xDB, 0x0C, 0x4A, 0x28, 0xF3, 0x08, 0x64, 0x9D, 0xCE, 0xB1, 0xC6, 0x2D, 0xD4, 0xB4, 0x7E,
    0xB7, 0xF6, 0x74, 0x44, 0x72, 0x8B, 0x94, 0x84, 0x6D, 0xE8, 0x2C, 0x94, 0x3E, 0xB9, 0x7F, 0x9A,
    0x2F, 0x85, 0x54, 0x15, 0xB2, 0x01, 0xCF, 0x27, 0xC8, 0xEA, 0x24, 0xCC, 0x42, 0x83, 0xB5, 0x53,
    0x28, 0xBD, 0x01, 0xE0, 0xCC, 0x47, 0x6F, 0x30, 0x08, 0xBC, 0x6B, 0xE7, 0x87, 0xCF, 0x22, 0x2C,
    0x90, 0xA2, 0x79, 0x34, 0x98, 0x0C, 0xA2, 0xC0, 0x69, 0x70, 0x18, 0xEC, 0xC0, 0x8B, 0x2F, 0x81,
    0xC4, 0xB9, 0x57, 0xED, 0x5C, 0xC7, 0xC6, 0xD5, 0x6F, 0xB9, 0x60, 0x66, 0x81, 0x23, 0x10, 0x2E,
    0x20, 0xE9, 0x68, 0x69, 0x99, 0xFF, 0xFD, 0x0A, 0x24, 0xEF, 0xD5, 0xF0, 0x4A, 0xFE, 0x03, 0x92,
    0xB9, 0xC2, 0x44, 0xAF, 0xC2, 0x83, 0x4F, 0x25, 0x12, 0x2F, 0x20, 0xEE, 0xE8, 0x78, 0x8A, 0xAF,
    0xE8, 0xC8, 0x05, 0x9F, 0xB3, 0x7C, 0xAF, 0xE3, 0x12, 0xC8, 0x39, 0xB2, 0x21, 0xF3, 0xC4, 0xC4,
    0x15, 0x90, 0x87, 0x8D, 0x2F, 0xE0, 0x76, 0x8C, 0x15, 0xAC, 0x5E, 0x6C, 0xDF, 0xA2, 0xC4, 0x07,
    0x7E, 0x70, 0xB7, 0x9B, 0x2F, 0x0D, 0x58, 0xD6, 0x27, 0x58, 0xC0, 0x53, 0xE6, 0xB6, 0x53, 0x1A,
    0xF4, 0xDA, 0x14, 0x74, 0xA4, 0x9B, 0x81, 0x84, 0xDD, 0x26, 0xCE, 0x7B, 0x6E, 0xE2, 0xFC, 0xF0,
    0x8C, 0xE1, 0x54, 0xD0, 0xA3, 0x4B, 0xC7, 0x8A, 0xC4, 0xA5, 0x67, 0xF3, 0x14, 0x06, 0xF2, 0x1D,
    0x68, 0x3A, 0x21, 0xE9, 0x12, 0xA8, 0x49, 0x18, 0xB8, 0x28, 0x3C, 0x7F, 0x00, 0xD3, 0x7B, 0xE7,
    0xF9, 0x31, 0x04, 0xF6, 0xB0, 0xC5, 0x1D, 0x1A, 0x26, 0xC3, 0x4E, 0x81, 0x8B, 0x27, 0xB9, 0x46,
    0xCE, 0x41, 0x2E, 0x46, 0x62, 0xBC, 0x31, 0x0A, 0x26, 0xC3, 0x25, 0x37, 0xC5, 0x99, 0x97, 0x1E,
    0x07, 0xEB, 0x03, 0xE5, 0x7A, 0x67, 0xD8, 0x7A, 0xED, 0x8D, 0x97, 0xE3, 0x21, 0x7A, 0xAB, 0xFD,
    0x66, 0x19, 0xE2, 0x25, 0xAB, 0x17, 0xEC, 0x79, 0xEA, 0x4F, 0xA8, 0x93, 0xA9, 0x5E, 0x05, 0x77,
    0xB1, 0xE5, 0x81, 0x9E, 0xFB, 0x28, 0x38, 0x70, 0x9B, 0xA4, 0xD9, 0xA0, 0xF2, 0x04, 0x45, 0xD6,
    0x13, 0x8E, 0x2A, 0x0F, 0x98, 0x54, 0x1E, 0x00, 0x5F, 0x47, 0x46, 0x26, 0x66, 0xE6, 0x2B, 0x9E,
    0xD3, 0x8A, 0xB8, 0xA0, 0xC1, 0xA9, 0x67, 0x81, 0x9B, 0xE4, 0x79, 0xDA, 0x5F, 0x48, 0x64, 0x94,
    0xDC, 0xC0, 0xCF, 0x80, 0x4F, 0x96, 0x8E, 0x65, 0x64, 0x21, 0x4B, 0xE6, 0x12, 0x39, 0xFF, 0x82,
    0x70, 0xFA, 0xE7, 0x9B, 0x4C, 0x53, 0xA8, 0xF7, 0xDF, 0x78, 0x62, 0x3A, 0x44, 0xD2, 0x8C, 0xCC,
    0xCD, 0x51, 0x5A, 0x60, 0x1D, 0xAF, 0xB1, 0xC6, 0x7D, 0xB8, 0xE2, 0x1E, 0x6A, 0xDC, 0xBE, 0xAB,
    0x0F, 0xFD, 0x52, 0xEE, 0x13, 0x59, 0x06, 0xDE, 0x5F, 0x4A, 0x0F, 0xFC, 0x5C, 0x92, 0xBF, 0xAF,
    0x9A, 0x95, 0x1A, 0x72, 0xE1, 0x11, 0x72, 0x3C, 0x1D, 0x0B, 0xD2, 0x9D, 0x8A, 0x1D, 0x0F, 0x4B,
    0x4B, 0x69, 0x52, 0xC7, 0x6F, 0xC9, 0xE2, 0xAC, 0xCC, 0x99, 0xB8, 0xB7, 0xF6, 0x72, 0x6A, 0xF6,
    0x2C, 0xF1, 0xC2, 0x48, 0xC8, 0xF8, 0xD5, 0x5E, 0xE6, 0x6D, 0x97, 0xD4, 0x1F, 0x0B, 0x1A, 0xE0,
    0x24, 0x9F, 0x21, 0xCD, 0xC9, 0x0E, 0xB9, 0xAB, 0x22, 0x26, 0x29, 0x34, 0x5F, 0xB9, 0x58, 0x38,
    0x90, 0xB3, 0x08, 0x01, 0x12, 0xED, 0xE7, 0x1F, 0x3F, 0xE3, 0x3D, 0x5B, 0x8E, 0x36, 0x48, 0xE2,
    0x04, 0xF2, 0x09, 0x88, 0x1F, 0x92, 0xDA, 0x10, 0x3F, 0x3C, 0x8B, 0x16, 0x4A, 0xA7, 0x45, 0xAC,
    0x00, 0xC4, 0x27, 0x1E, 0x7A, 0xAF, 0x43, 0xE8, 0xA4, 0x90, 0x36, 0xC7, 0x53, 0xCB, 0x86, 0x74,
    0x00, 0x42, 0xD7, 0x29, 0x51, 0xC7, 0xDD, 0x4B, 0x21, 0x74, 0xA3, 0x51, 0x13, 0x49, 0x4C, 0x43,
    0xAC, 0x1D, 0x93, 0x10, 0xF0, 0xF0, 0x57, 0x2A, 0xAA, 0x6E, 0x3C, 0xB2, 0x8E, 0xC5, 0x22, 0x21,
    0x69, 0x74, 0x64, 0xD5, 0x4E, 0xA2, 0x14, 0x42, 0xAA, 0x85, 0xA3, 0x1E, 0x50, 0x3A, 0x21, 0xBF,
    0xBF, 0x0B, 0x03, 0xFF, 0xCF, 0x6C, 0x49, 0x76, 0xAD, 0x79, 0x5E, 0x66, 0xCB, 0x44, 0x9A, 0x2D,
    0x99, 0x34, 0x5B, 0xE2, 0xD7, 0x34, 0x5B, 0x82, 0xA3, 0xDA, 0x22, 0x37, 0x54, 0x5B, 0x94, 0xD5,
    0xD4, 0xE5, 0x5D, 0x6D, 0x81, 0xE7, 0xA2, 0xB6, 0x60, 0xAA, 0xB8, 0x3B, 0x59, 0x95, 0x0E, 0xEE,
    0xB6, 0xC5, 0x8A, 0x40, 0x48, 0x71, 0xAA, 0x2D, 0x9E, 0xC2, 0x45, 0x73, 0xE3, 0xA9, 0xE8, 0xB5,
    0x08, 0x96, 0xD2, 0xD6, 0xF3, 0xA7, 0x5C, 0x44, 0xA4, 0xE5, 0xB3, 0x4C, 0x1D, 0xD2, 0xA6, 0x22,
    0xD1, 0xF3, 0x34, 0x0B, 0x7B, 0x52, 0x44, 0x6A, 0xB1, 0xA8, 0x85, 0xDD, 0xE7, 0x5C, 0x54, 0xE4,
    0x07, 0x3D, 0x17, 0xB5, 0x70, 0x24, 0x55, 0x24, 0x22, 0x9B, 0x59, 0x48, 0x9E, 0x66, 0xE1, 0xC4,
    0xE2, 0x59, 0x42, 0x05, 0x7E, 0x28, 0x22, 0xE3, 0x09, 0xEB, 0x99, 0x5A, 0xF0, 0x90, 0x5C, 0xD1,
    0x9E, 0x83, 0x39, 0xCE, 0x25, 0x4A, 0x21, 0x74, 0xCC, 0x9B, 0x58, 0x58, 0x5D, 0x8B, 0x9B, 0xF6,
    0x1C, 0xCE, 0xB8, 0x9A, 0x85, 0x64, 0x53, 0x0B, 0x6D, 0x6C, 0xA2, 0x4D, 0x8B, 0xD0, 0x59, 0xE1,
    0x2C, 0x8C, 0x66, 0xB1, 0x50, 0x0A, 0x98, 0x3A, 0x7F, 0x87, 0x69, 0x81, 0xCD, 0x82, 0x7B, 0x6C,
    0xDE, 0x36, 0x3D, 0x55, 0x80, 0xAE, 0xE1, 0x7F, 0x5E, 0x7D, 0x15, 0x9D, 0xB2, 0x25, 0xB5, 0x58,
    0xEE, 0x2B, 0x9B, 0x28, 0x70, 0xE4, 0x67, 0x08, 0x3C, 0xB5, 0xDD, 0x3B, 0xB4, 0xF3, 0x05, 0x37,
    0xB3, 0x62, 0x58, 0x59, 0x11, 0x77, 0xFE, 0xB7, 0x9D, 0x33, 0x86, 0xB5, 0xDC, 0x2A, 0xFA, 0xF8,
    0xB3, 0x9D, 0x6F, 0x2D, 0xC5, 0x1F, 0x98, 0x02, 0x24, 0xA4, 0x25, 0x31, 0xBD, 0x20, 0x6E, 0x28,
    0xE8, 0x6C, 0x42, 0x91, 0x82, 0x86, 0x82, 0x3E, 0xA9, 0x29, 0xD8, 0x86, 0x82, 0x0A, 0x7B, 0x93,
    0x5E, 0x4A, 0xDF, 0xF7, 0xA4, 0xA0, 0x85, 0x63, 0xB4, 0x25, 0x05, 0x57, 0xD0, 0x4B, 0x06, 0xB6,
    0x4B, 0x11, 0xA3, 0x58, 0xCA, 0xDD, 0xC4, 0x3E, 0xC3, 0x9D, 0xF9, 0x8D, 0xDF, 0xF3, 0x7D, 0xC9,
    0x25, 0x54, 0x90, 0xCB, 0x3E, 0x4B, 0xCF, 0x7F, 0x5F, 0xAD, 0xED, 0x33, 0x33, 0xE7, 0xF8, 0x9C,
    0x99, 0xFF, 0xCC, 0x59, 0x49, 0x65, 0xB1, 0x15, 0x34, 0xE8, 0xC2, 0x69, 0x53, 0x71, 0xA5, 0x6A,
    0xD0, 0x59, 0xDD, 0xD6, 0xE2, 0x01, 0xC8, 0x16, 0x03, 0xFA, 0xDF, 0xEC, 0x32, 0x23, 0xBB, 0x88,
    0x61, 0x0E, 0xDA, 0xB8, 0xE0, 0xF8, 0x2D, 0x70, 0xE1, 0x60, 0x8D, 0x41, 0x3E, 0xDE, 0x03, 0x0A,
    0xA8, 0x6B, 0xAE, 0x87, 0x06, 0xA3, 0x7B, 0xCF, 0x13, 0x8F, 0x81, 0x8D, 0x63, 0x17, 0x91, 0x43,
    0x8E, 0x72, 0x24, 0x88, 0x16, 0x33, 0x8B, 0x8C, 0x86, 0xA5, 0x0C, 0x86, 0x95, 0xB4, 0x61, 0x65,
    0xF5, 0x0A, 0x11, 0x77, 0xA5, 0x13, 0x7B, 0xCC, 0x6C, 0xC3, 0x9A, 0xA8, 0x4A, 0x10, 0xA0, 0x95,
    0x86, 0x3D, 0x1E, 0x06, 0x91, 0xA9, 0xA1, 0x2C, 0xF6, 0x4A, 0x1B, 0x8A, 0xA5, 0x06, 0xB4, 0x93,
    0xE2, 0x58, 0xA8, 0xAC, 0x85, 0x2F, 0x29, 0x1A, 0x08, 0x48, 0x4B, 0x37, 0xDA, 0xF1, 0x1D, 0x20,
    0x59, 0xC1, 0x4A, 0x7C, 0xEC, 0x83, 0x95, 0x63, 0xED, 0xF6, 0xAC, 0x5E, 0x70, 0xDB, 0xD7, 0x5B,
    0x83, 0x07, 0xFB, 0x85, 0xD1, 0x20, 0x93, 0xE5, 0xCC, 0x5E, 0x82, 0xA2, 0x99, 0x7C, 0x26, 0x93,
    0x62, 0xBC, 0x09, 0xA6, 0xF8, 0x78, 0x53, 0x3C, 0xD8, 0xCD, 0x96, 0x03, 0xBE, 0xD8, 0x20, 0x3F,
    0x59, 0x18, 0x6E, 0x3E, 0xAF, 0xA1, 0x58, 0x11, 0x03, 0xEB, 0xC8, 0x9C, 0xAB, 0x7C, 0x0F, 0xF6,
    0x92, 0xD6, 0x98, 0xCC, 0xCC, 0xDC, 0x1E, 0x7B, 0x2A, 0x44, 0x17, 0x6C, 0xC5, 0x11, 0x74, 0x41,
    0x59, 0x65, 0xF3, 0x93, 0x60, 0x87, 0x07, 0xBB, 0xA9, 0x84, 0xE7, 0xDF, 0x67, 0x29, 0xD1, 0xF5,
    0x16, 0xF4, 0xFE, 0x1B, 0xD8, 0x0D, 0x60, 0x78, 0x1A, 0xF9, 0xFD, 0x8C, 0xFB, 0x1B, 0xF4, 0x83,
    0xA6, 0x43, 0xA3, 0x97, 0x64, 0x5D, 0x28, 0x3C, 0x32, 0x76, 0xF5, 0x61, 0x75, 0xB1, 0x8D, 0xBF,
    0x16, 0x85, 0x77, 0x3F, 0xB2, 0xFD, 0x8F, 0x52, 0x5C, 0x1A, 0xF4, 0x36, 0x3D, 0x39, 0xFC, 0x5B,
    0xF7, 0x47, 0x3E, 0xA6, 0x41, 0x1E, 0xF9, 0x0B, 0x3F, 0xB0, 0xF0, 0x5B, 0x5B, 0xEB, 0x50, 0xB6,
    0x2E, 0x80, 0xC6, 0xB6, 0xA5, 0x37, 0x63, 0x62, 0xFB, 0x0F, 0xBE, 0x82, 0xBB, 0x1F, 0xC4, 0x71,
    0x2E, 0x80, 0x87, 0xE3, 0x4E, 0x6E, 0x72, 0xB5, 0x93, 0xD2, 0x5B, 0x69, 0xF6, 0x3F, 0xEC, 0x3A,
    0xBA, 0x2F, 0xB3, 0xFF, 0x81, 0x61, 0x18, 0x1E, 0x04, 0xD2, 0x9B, 0xD6, 0x9D, 0xBE, 0xD5, 0xB5,
    0x4E, 0x24, 0x6E, 0xD6, 0x69, 0xE1, 0x53, 0x79, 0x89, 0x36, 0x39, 0x6D, 0x3F, 0x7C, 0xFC, 0x78,
    0x3F, 0x1A, 0x9D, 0x20, 0x2F, 0xD0, 0x11, 0xD3, 0x57, 0xDE, 0x92, 0xDF, 0x90, 0x79, 0x4B, 0x95,
    0x63, 0xE7, 0x62, 0x89, 0xBC, 0x50, 0x37, 0x32, 0xD3, 0x86, 0xCB, 0xF1, 0x24, 0xE1, 0x6A, 0xB4,
    0x78, 0xB9, 0x0D, 0x5E, 0x0C, 0x69, 0x8D, 0x81, 0xBD, 0x77, 0xA4, 0x5B, 0xF7, 0x22, 0xB6, 0x8E,
    0x03, 0xF7, 0xAB, 0xE4, 0xBF, 0x32, 0xAF, 0xB5, 0x7D, 0xBC, 0x28, 0xD2, 0x3C, 0xE2, 0x60, 0x19,
    0x18, 0x1D, 0x10, 0x9E, 0x12, 0x2B, 0xD3, 0x64, 0x40, 0x12, 0x28, 0x3B, 0x77, 0x2D, 0xF9, 0x0E,
    0xC0, 0x3B, 0x1B, 0x83, 0x99, 0xE3, 0x13, 0xB0, 0x90, 0xC5, 0x71, 0x02, 0xB9, 0xFD, 0xCE, 0x0F,
    0xCC, 0x78, 0x4F, 0x41, 0x6B, 0x15, 0xFA, 0x37, 0xBC, 0xB5, 0x00, 0x6E, 0x3D, 0xC0, 0x0F, 0x2E,
    0x4C, 0x8D, 0x05, 0xDD, 0x5B, 0xEE, 0xE0, 0x08, 0xCC, 0x0C, 0xA2, 0xC9, 0x61, 0x23, 0x1B, 0x1C,
    0x3A, 0x20, 0x44, 0x60, 0x35, 0xF0, 0xA1, 0xB2, 0x23, 0x7F, 0xE7, 0x8D, 0x9E, 0x77, 0xC8, 0x1C,
    0x50, 0x29, 0x07, 0x20, 0xD8, 0xF5, 0x63, 0x05, 0x86, 0x1D, 0xEC, 0xE9, 0xA5, 0xFB, 0xBC, 0x92,
    0x43, 0x07, 0xD8, 0xF1, 0x3D, 0xF7, 0xC6, 0xD1, 0x3D, 0xEE, 0x9C, 0xBB, 0x1A, 0x68, 0xA0, 0x41,
    0x6B, 0x3C, 0xBB, 0xD7, 0xF5, 0xF4, 0x12, 0xD8, 0x25, 0x8C, 0xBC, 0xF6, 0x88, 0x25, 0xE2, 0x9E,
    0xE0, 0xFF, 0x50, 0x5B, 0x71, 0x97, 0x2D, 0xC1, 0x63, 0xFB, 0x5F, 0x37, 0x48, 0x22, 0x4A, 0xCB,
    0x5A, 0xAC, 0xB8, 0xB8, 0x5B, 0xE1, 0x5E, 0x85, 0x5A, 0xE7, 0xA9, 0x82, 0xE5, 0x14, 0x2C, 0xA3,
    0xDA, 0x0D, 0x2F, 0xC1, 0x08, 0xF9, 0x01, 0xC2, 0xE8, 0x09, 0x66, 0x39, 0x13, 0x18, 0x14, 0x0B,
    0x78, 0xED, 0xBC, 0x05, 0xC8, 0x6F, 0x7C, 0xB1, 0x87, 0x05, 0x17, 0x4C, 0x8B, 0xDE, 0xA0, 0xB7,
    0x37, 0x71, 0xC6, 0x8D, 0x60, 0x3E, 0xD6, 0x73, 0x6B, 0xE7, 0x3B, 0x8B, 0x04, 0x3B, 0xFB, 0xD8,
    0x5C, 0x59, 0xC7, 0x4C, 0x1C, 0x5C, 0x66, 0x3D, 0x93, 0xA9, 0x83, 0x14, 0xC0, 0x10, 0xD8, 0x81,
    0x19, 0x52, 0x29, 0xBF, 0xB3, 0x66, 0x3B, 0x3B, 0x07, 0x3B, 0xB3, 0xBC, 0xDF, 0xAD, 0xEB, 0x39,
    0x7D, 0xD1, 0xDF, 0x12, 0xDE, 0x1D, 0x7E, 0x01, 0x5E, 0x82, 0xF1, 0x01, 0xAC, 0x9F, 0x24, 0x3A,
    0xAF, 0x5D, 0x5F, 0x96, 0x01, 0x27, 0x99, 0x64, 0xD8, 0x7C, 0x33, 0x89, 0xDA, 0x4E, 0xE8, 0xAB,
    0xD3, 0xF5, 0x0F, 0x2D, 0xAF, 0x7B, 0xED, 0x9A, 0x36, 0x87, 0x54, 0xDB, 0x31, 0xDA, 0x54, 0xDF,
    0x57, 0x93, 0xEE, 0x6C, 0x1C, 0xE0, 0xF7, 0x9A, 0x78, 0x3B, 0x07, 0xFC, 0x8B, 0xDE, 0x75, 0xA5,
    0x5D, 0x6B, 0xDA, 0x07, 0xA6, 0x0D, 0xD0, 0x1C, 0xD5, 0x81, 0xF6, 0x0B, 0xBE, 0x74, 0x40, 0x22,
    0xB0, 0x02, 0xD6, 0x21, 0x09, 0x90, 0x02, 0x18, 0xC1, 0xAD, 0x70, 0xFF, 0x4B, 0x37, 0xC0, 0x12,
    0xF7, 0x44, 0xE9, 0x80, 0x00, 0x60, 0x0E, 0xEC, 0xE1, 0xB3, 0xD4, 0x0B, 0x57, 0x49, 0x46, 0xC7,
    0xC5, 0x51, 0x36, 0x6F, 0x66, 0x60, 0x9A, 0x20, 0xA3, 0x9B, 0x6C, 0x73, 0x56, 0xE5, 0x9E, 0x77,
    0x71, 0xC2, 0x4E, 0x08, 0x2B, 0x42, 0x44, 0x5C, 0x01, 0x95, 0xA4, 0x52, 0xD4, 0x24, 0x80, 0xE3,
    0xA2, 0x7A, 0x34, 0xE0, 0xAC, 0xA8, 0x2A, 0xE0, 0x85, 0x3B, 0x56, 0x72, 0x28, 0xB0, 0xE1, 0x50,
    0x20, 0x6B, 0xAB, 0x7A, 0xE5, 0x12, 0x6D, 0x26, 0xEB, 0x18, 0x6F, 0xCC, 0xA0, 0x7B, 0xF1, 0x22,
    0x2A, 0xA3, 0x3A, 0x3E, 0x57, 0x87, 0x56, 0xD8, 0xF9, 0xD0, 0x6C, 0xCB, 0x1C, 0x73, 0xB6, 0x3B,
    0x62, 0xDC, 0x4D, 0x8F, 0x7C, 0x28, 0x0B, 0xF7, 0x0E, 0x4F, 0x78, 0xEC, 0xC2, 0x41, 0x42, 0x88,
    0x7C, 0x3B, 0x22, 0x0F, 0x38, 0x98, 0xB5, 0x25, 0xF4, 0x17, 0xBA, 0xBA, 0x86, 0xE7, 0xB3, 0x21,
    0xC2, 0x45, 0xA3, 0x2D, 0x76, 0x5C, 0x0C, 0x66, 0xAC, 0x4E, 0x05, 0xF4, 0x34, 0xF6, 0x64, 0xDD,
    0x1E, 0x74, 0x38, 0xF9, 0x6C, 0xBF, 0x70, 0xF1, 0xA9, 0x48, 0x62, 0x13, 0xFF, 0x51, 0xE4, 0x4D,
    0x9B, 0xFA, 0xE7, 0x4E, 0x9E, 0xC9, 0xA4, 0x17, 0x8D, 0xC6, 0x09, 0x24, 0x4B, 0x3E, 0xDE, 0x2E,
    0x3E, 0x91, 0x11, 0xAB, 0x8A, 0x15, 0x07, 0x8C, 0xA9, 0x1A, 0xC9, 0x8C, 0xC7, 0x85, 0xB6, 0xED,
    0x17, 0x88, 0x54, 0xE1, 0x47, 0xB7, 0x2E, 0xBF, 0x20, 0x7F, 0xBE, 0x89, 0x9D, 0x71, 0xC1, 0x28,
    0x35, 0xF9, 0x7D, 0x61, 0x22, 0xB5, 0xC0, 0x54, 0x09, 0xBA, 0x97, 0x9D, 0x32, 0x9C, 0x99, 0x31,
    0xF7, 0x6E, 0xF3, 0x23, 0xF1, 0x1B, 0xAB, 0x2F, 0x31, 0x2F, 0xCE, 0x99, 0xF7, 0x9F, 0x17, 0x18,
    0x6C, 0xF1, 0x44, 0x6E, 0x78, 0xB8, 0x1D, 0x06, 0x9D, 0xE1, 0x51, 0x5D, 0xFF, 0x24, 0xC8, 0x82,
    0xEB, 0x2F, 0xAB, 0x79, 0xC8, 0x99, 0xC4, 0x92, 0x1A, 0x9F, 0x48, 0xDC, 0x2A, 0xB1, 0x91, 0xC1,
    0xB1, 0x55, 0x5C, 0x3B, 0xE1, 0x93, 0x0B, 0x8A, 0x29, 0xA8, 0xA3, 0xD4, 0xB0, 0x90, 0x39, 0x40,
    0x53, 0x4F, 0x81, 0xB8, 0xE6, 0xD0, 0xB1, 0xEC, 0x0E, 0xEA, 0xFA, 0x3F, 0x11, 0x52, 0x62, 0x2C,
    0xF2, 0x0C, 0xBF, 0xC2, 0xC5, 0x4B, 0x0D, 0x3D, 0xE3, 0x36, 0xEF, 0x4A, 0x56, 0xDC, 0xF5, 0xC7,
    0x52, 0x3D, 0x58, 0x0F, 0x6E, 0x38, 0xB0, 0xD9, 0xC7, 0xCE, 0x54, 0x5F, 0x80, 0x3D, 0xB7, 0xF1,
    0xFC, 0x83, 0xFD, 0xCA, 0xF5, 0x2C, 0x3C, 0xCB, 0x7C, 0xBC, 0x55, 0x1E, 0x56, 0x87, 0x48, 0xB6,
    0xBB, 0x3B, 0x94, 0x47, 0xC5, 0xEF, 0xAB, 0x0F, 0xFB, 0x60, 0xB7, 0xD3, 0x2D, 0xAD, 0x8D, 0xA4,
    0x52, 0xFE, 0x21, 0xFB, 0x29, 0xD0, 0xDE, 0xA7, 0xF8, 0x91, 0xCC, 0x76, 0xDB, 0x4D, 0x38, 0xDD,
    0xF6, 0x60, 0xAF, 0xAD, 0x54, 0x48, 0x8E, 0x05, 0x2E, 0xEF, 0xE2, 0x39, 0xEA, 0x63, 0x0D, 0x4E,
    0xB5, 0xD7, 0x1B, 0xD6, 0xB2, 0x51, 0x94, 0x0F, 0x76, 0xCB, 0xDA, 0x9B, 0x57, 0x4F, 0x63, 0x6C,
    0xB8, 0x69, 0x5A, 0x2D, 0x0C, 0x95, 0x21, 0xB5, 0x9C, 0x7F, 0x2A, 0xB1, 0x76, 0x9F, 0xAC, 0xF7,
    0x2C, 0x1C, 0x9C, 0x60, 0x2E, 0x18, 0x93, 0x1C, 0xA7, 0x1A, 0xB4, 0xD1, 0x76, 0x12, 0x33, 0x42,
    0xEE, 0x3E, 0xE6, 0x5F, 0x25, 0xEA, 0xEA, 0x14, 0x2C, 0x1D, 0xDF, 0xCC, 0x5A, 0xB2, 0x51, 0x0E,
    0x5A, 0x21, 0x96, 0x7E, 0x81, 0x99, 0xDD, 0xC8, 0x7D, 0x7D, 0x40, 0xCC, 0x23, 0x29, 0x63, 0x97,
    0xBB, 0x71, 0x6F, 0x27, 0x71, 0xFB, 0x62, 0x78, 0x7C, 0x3B, 0x3B, 0xA0, 0x77, 0x2A, 0x11, 0xAA,
    0x0A, 0x3B, 0x91, 0x36, 0xE1, 0x4F, 0x7A, 0x0D, 0x81, 0xF2, 0xB5, 0xD3, 0x8A, 0x09, 0xAD, 0x06,
    0x68, 0xA4, 0xD7, 0x7E, 0x08, 0x07, 0xBB, 0x18, 0x53, 0x69, 0x4F, 0x17, 0x95, 0x0C, 0xC5, 0xA2,
    0xD2, 0xD6, 0x32, 0xD4, 0xEA, 0x91, 0xAA, 0x43, 0x78, 0x12, 0x41, 0xF4, 0xE2, 0x99, 0x68, 0xC1,
    0xDD, 0xE9, 0xE2, 0x4F, 0xEA, 0x03, 0x99, 0xFB, 0x3C, 0x19, 0x4D, 0x53, 0xA9, 0xEA, 0x41, 0x26,
    0xB5, 0x41, 0xFB, 0xD8, 0x6B, 0x35, 0x9C, 0x3C, 0x33, 0x5C, 0x4D, 0x29, 0x8C, 0x8E, 0xC8, 0x03,
    0x22, 0xDB, 0xA8, 0xEA, 0xFE, 0xEC, 0xA3, 0xAA, 0xB9, 0xA9, 0x71, 0x19, 0xFF, 0x5F, 0x4F, 0xE7,
    0xEB, 0x0D, 0xEC, 0x10, 0x95, 0x23, 0x86, 0x35, 0x5D, 0x46, 0x5E, 0xD2, 0xE9, 0x25, 0xE8, 0xA6,
    0x23, 0x98, 0x4C, 0x37, 0x97, 0x0F, 0x89, 0x44, 0x9B, 0xF4, 0xE5, 0x90, 0x6C, 0x2C, 0x2B, 0xB6,
    0x04, 0x6B, 0xB5, 0xD9, 0x51, 0xB1, 0xCD, 0x70, 0xD2, 0xD4, 0x49, 0x31, 0x2C, 0x70, 0x54, 0xF1,
    0x5F, 0x43, 0x74, 0x5C, 0x89, 0x5C, 0xCD, 0xDF, 0x1B, 0x0C, 0xEB, 0x13, 0x52, 0x5C, 0xD2, 0x6B,
    0x92, 0xD9, 0x50, 0xDF, 0xD5, 0x98, 0x69, 0x26, 0x7D, 0x85, 0x61, 0x38, 0x61, 0x0E, 0xDA, 0x3B,
    0x82, 0xB4, 0xF6, 0x6C, 0xD0, 0x3F, 0x1B, 0x74, 0x73, 0x41, 0xEF, 0xBA, 0x0F, 0xEF, 0xC6, 0x2C,
    0x15, 0x19, 0x82, 0x5E, 0x00, 0xE8, 0x01, 0xF0, 0x23, 0xA8, 0xC8, 0xBD, 0xCB, 0x93, 0x2E, 0x60,
    0x0D, 0x6E, 0x2B, 0x74, 0x73, 0x8B, 0xCF, 0x41, 0x37, 0xDF, 0x1B, 0xC0, 0x83, 0xFD, 0x54, 0x24,
    0xE6, 0x9D, 0xFD, 0x78, 0x4B, 0x7C, 0xEA, 0x28, 0xE4, 0x43, 0xD8, 0x84, 0xF5, 0x86, 0x4A, 0xE8,
    0xC3, 0xCD, 0xEB, 0x0F, 0x76, 0xB3, 0x95, 0x58, 0xA3, 0x70, 0x4A, 0x80, 0x76, 0x49, 0xAE, 0x46,
    0xDE, 0x75, 0x7C, 0x93, 0xCA, 0xC1, 0x98, 0x10, 0x13, 0xCF, 0xAC, 0xDC, 0x0F, 0xE3, 0x2D, 0x19,
    0xC0, 0xEA, 0xE0, 0x86, 0x1C, 0x7D, 0xBE, 0x9B, 0xF8, 0x09, 0x66, 0x22, 0x2D, 0xBF, 0x9D, 0xD1,
    0xE1, 0xEB, 0xBD, 0x70, 0x74, 0x4C, 0xB8, 0xE3, 0xFD, 0xA2, 0xF6, 0xF2, 0xAC, 0xA8, 0x7D, 0xB2,
    0x49, 0xA1, 0x3E, 0x2F, 0x6A, 0x7F, 0xFA, 0xA5, 0x45, 0xED, 0x37, 0xE7, 0x45, 0xED, 0xF3, 0x79,
    0x51, 0xFB, 0xA5, 0x74, 0x45, 0x04, 0x65, 0x75, 0x5C, 0x50, 0xDE, 0x31, 0x05, 0x77, 0xC5, 0xEC,
    0xB3, 0xE3, 0x64, 0x98, 0x3B, 0x16, 0x20, 0x1D, 0xFA, 0x6F, 0x30, 0x88, 0xA3, 0xFB, 0x2E, 0xDE,
    0x35, 0x3D, 0x30, 0xDC, 0x63, 0x10, 0x43, 0x34, 0x73, 0xCB, 0x6A, 0x5F, 0xBD, 0x85, 0xFC, 0x0E,
    0x53, 0x82, 0xA5, 0x52, 0x23, 0x47, 0x47, 0x15, 0xAB, 0x96, 0x83, 0x42, 0x90, 0x81, 0xC5, 0x8E,
    0xC5, 0x6F, 0x05, 0x9C, 0x42, 0x3D, 0x00, 0xD8, 0x6D, 0x74, 0x9A, 0x45, 0xE1, 0x22, 0xCD, 0x42,
    0xE2, 0x04, 0x3E, 0xCF, 0x6C, 0xE0, 0x1E, 0xAF, 0x2F, 0xAB, 0x48, 0x5D, 0x18, 0xA8, 0x20, 0x8D,
    0xE9, 0xD0, 0x96, 0x06, 0xB6, 0x46, 0x76, 0x56, 0x61, 0xD7, 0xE8, 0x60, 0x5E, 0x15, 0x12, 0x39,
    0x2A, 0x94, 0xE6, 0x16, 0x1C, 0x09, 0xA9, 0x67, 0xD3, 0x52, 0x7D, 0xC1, 0x45, 0x2D, 0x5B, 0x88,
    0x30, 0xBA, 0xF5, 0x43, 0x1A, 0xA9, 0x66, 0x52, 0xC9, 0x07, 0xAF, 0xD5, 0x2F, 0xEF, 0x41, 0xAF,
    0x0A, 0x54, 0xD2, 0x1E, 0xCC, 0x4F, 0xC8, 0xC4, 0x1C, 0x9D, 0x92, 0xBA, 0xD9, 0xCA, 0x58, 0x97,
    0xD8, 0x88, 0x95, 0x07, 0x1A, 0x47, 0x1F, 0x96, 0xDC, 0x7B, 0xC9, 0x8F, 0xD7, 0x80, 0xA6, 0x35,
    0x90, 0xD1, 0x3B, 0x1C, 0x88, 0x6E, 0x8C, 0x9E, 0x6E, 0xE5, 0x1E, 0x1F, 0x2C, 0xDF, 0xBE, 0x38,
    0xD0, 0xEB, 0x98, 0xE2, 0x0C, 0xFE, 0xDD, 0x7C, 0x13, 0xF9, 0x64, 0xEB, 0xD4, 0x31, 0xC1, 0x09,
    0x34, 0xCB, 0xA9, 0xF0, 0x6B, 0x7A, 0x82, 0xCA, 0x28, 0xA2, 0xBE, 0x91, 0x1E, 0xB0, 0xC9, 0xA3,
    0x8B, 0x0A, 0xC6, 0x18, 0x34, 0x62, 0x03, 0xB3, 0x8B, 0x36, 0x4E, 0xE5, 0x04, 0x62, 0x54, 0x72,
    0x90, 0x83, 0xDA, 0xAC, 0x3B, 0xAB, 0x12, 0xAE, 0x6F, 0x3B, 0xFC, 0x33, 0x99, 0x4F, 0xB7, 0x91,
    0x10, 0xA5, 0x36, 0x72, 0x77, 0xE4, 0xFB, 0xEC, 0x59, 0xE2, 0x23, 0x94, 0x5B, 0x3A, 0x1D, 0xB6,
    0xE6, 0x64, 0x19, 0x1C, 0xF6, 0x3A, 0xBF, 0x7F, 0x5D, 0xDA, 0x26, 0x3F, 0xF3, 0xEF, 0x71, 0x9F,
    0xBC, 0x14, 0xA7, 0x42, 0xBD, 0x66, 0x9C, 0xB4, 0xF8, 0xB1, 0x34, 0xD7, 0xB6, 0x4F, 0x55, 0xD1,
    0xD3, 0xF6, 0xA0, 0xEF, 0x5E, 0x61, 0xDF, 0xBE, 0xE2, 0x93, 0x57, 0xDF, 0x58, 0x0E, 0x6A, 0x0C,
    0x56, 0xF7, 0xFB, 0xA9, 0x98, 0x9A, 0x4C, 0xA0, 0xCC, 0x9F, 0x5D, 0x6F, 0x0F, 0x3C, 0x6E, 0xEB,
    0xF6, 0x0A, 0xD5, 0x6C, 0x55, 0x51, 0x0D, 0x63, 0x8C, 0x72, 0x5F, 0x33, 0x56, 0x53, 0x48, 0xCF,
    0xB5, 0x34, 0x20, 0xCE, 0x0C, 0xB3, 0x7D, 0xB1, 0x75, 0x9F, 0xBA, 0x37, 0x79, 0x95, 0x1F, 0xEC,
    0x37, 0x7C, 0xC9, 0x69, 0x77, 0x45, 0x24, 0x0D, 0xFF, 0x26, 0xA5, 0x41, 0x2C, 0x14, 0x92, 0x95,
    0x5F, 0xD2, 0x1D, 0x0C, 0x98, 0xB3, 0xBC, 0xCA, 0xB1, 0x18, 0xAF, 0x50, 0xF7, 0x57, 0x4F, 0xFF,
    0xF4, 0x24, 0xB6, 0xAC, 0x37, 0x6F, 0x89, 0x4C, 0x5B, 0x10, 0x0A, 0x55, 0xCC, 0xC1, 0x62, 0xC4,
    0x82, 0x14, 0x14, 0xA0, 0xB6, 0xE7, 0x5C, 0xE4, 0x7D, 0x23, 0x98, 0xDB, 0x44, 0xA8, 0x29, 0x4E,
    0xBC, 0x88, 0x77, 0xB8, 0x79, 0xB4, 0xDD, 0x77, 0xF7, 0x04, 0x4A, 0xA2, 0xA7, 0x1F, 0xBD, 0xAD,
    0xA9, 0x66, 0x38, 0xDF, 0x9E, 0x90, 0xF4, 0xAA, 0x57, 0xA9, 0xC1, 0xAD, 0x3E, 0xFA, 0xA3, 0x60,
    0x66, 0xDA, 0x5E, 0xE2, 0x76, 0xEB, 0xB6, 0x94, 0xCA, 0x91, 0xA5, 0xBE, 0xE4, 0xED, 0xD1, 0xCA,
    0x4E, 0x74, 0x39, 0x7D, 0x9F, 0x29, 0xE9, 0xF9, 0xE6, 0xBE, 0x17, 0xE4, 0x08, 0xE0, 0x2A, 0xF4,
    0xCC, 0x66, 0xBB, 0x42, 0x62, 0x42, 0xC9, 0xFD, 0x1B, 0xB6, 0x44, 0xBF, 0xE2, 0x4B, 0x33, 0x3D,
    0x0A, 0x41, 0x27, 0x9C, 0x57, 0xF7, 0x69, 0x92, 0x49, 0xCD, 0x5C, 0x59, 0xEB, 0x6E, 0x64, 0x15,
    0x57, 0x34, 0xE6, 0x26, 0x91, 0x41, 0xBC, 0xF0, 0x98, 0x2D, 0x6D, 0xF6, 0x30, 0x83, 0xA6, 0x89,
    0x77, 0x13, 0xA4, 0x93, 0xA9, 0x76, 0x7E, 0xEC, 0xA9, 0xCA, 0xF6, 0x2E, 0xB3, 0x74, 0xE6, 0x1F,
    0xFF, 0xD2, 0x0B, 0x3F, 0x7D, 0x84, 0xBA, 0x0B, 0x64, 0x1E, 0x9D, 0x91, 0x2B, 0x77, 0xA1, 0x5E,
    0x86, 0xEB, 0xF4, 0xD3, 0x0B, 0xC4, 0x8E, 0x95, 0x1B, 0xE3, 0x5F, 0xBB, 0x27, 0xE4, 0x59, 0xA8,
    0x99, 0x6D, 0x6F, 0x85, 0xCC, 0x89, 0x2C, 0xE6, 0x52, 0x2C, 0x6C, 0x8B, 0xC1, 0xAB, 0xED, 0xEC,
    0x5F, 0x83, 0xDD, 0x89, 0x4D, 0x82, 0x5B, 0x43, 0xE7, 0xF0, 0x20, 0xCF, 0xF3, 0xE3, 0xE7, 0xAC,
    0x21, 0xB0, 0x22, 0x94, 0x58, 0x92, 0x89, 0xE1, 0xD8, 0x55, 0x3B, 0x44, 0xC4, 0xF2, 0x34, 0x94,
    0xDB, 0x80, 0x6C, 0x85, 0x07, 0xFF, 0xB9, 0x29, 0x94, 0xB6, 0x5F, 0x49, 0x5D, 0xFE, 0xCF, 0xEC,
    0xDC, 0xDC, 0x4F, 0x50, 0xD6, 0xC2, 0x64, 0x69, 0x7B, 0x7B, 0x0E, 0xCD, 0xA2, 0x7A, 0x16, 0x93,
    0xAD, 0x76, 0xFD, 0x57, 0xB5, 0x5F, 0x12, 0xA6, 0x40, 0xDD, 0x9C, 0xA1, 0xB2, 0xCC, 0x67, 0x39,
    0xC8, 0xD9, 0x63, 0x22, 0xF2, 0x2D, 0x43, 0xAD, 0x6D, 0xFC, 0xFE, 0x7C, 0xB6, 0xBB, 0xA8, 0x97,
    0x2B, 0xE6, 0x9A, 0xB9, 0x6A, 0xE8, 0xB6, 0xED, 0xB5, 0x44, 0x3B, 0x3C, 0xD9, 0xBB, 0xED, 0x58,
    0x40, 0xC7, 0x2D, 0xA8, 0xE8, 0xDF, 0xA3, 0x2B, 0xE9, 0x5A, 0xBA, 0x9A, 0xAE, 0xA7, 0x2B, 0xEA,
    0x9A, 0xBA, 0xAA, 0xAE, 0x2B, 0xCA, 0xEE, 0x76, 0x23, 0x97, 0x23, 0x1C, 0x88, 0x08, 0x49, 0xA0,
    0x4A, 0x26, 0x5C, 0xB1, 0xFA, 0xF4, 0x8F, 0x8F, 0xCE, 0x95, 0x51, 0xDD, 0xBB, 0x48, 0xDB, 0x2A,
    0x86, 0xF0, 0xC7, 0x06, 0x2E, 0x55, 0x65, 0xBA, 0xFD, 0x53, 0xD7, 0xB7, 0xC0, 0x9B, 0xBE, 0xFD,
    0xAB, 0xD4, 0x83, 0xDE, 0x6D, 0x50, 0xF7, 0xD7, 0xF9, 0x91, 0x68, 0xEA, 0x7E, 0x62, 0x27, 0x99,
    0x59, 0xE2, 0x68, 0xC1, 0x54, 0x38, 0xE2, 0x31, 0x7F, 0xF3, 0x3F, 0x21, 0xC7, 0xB7, 0x36, 0x3F,
    0x94, 0x04, 0xA7, 0xBE, 0x93, 0xC1, 0xF2, 0x91, 0x0C, 0x55, 0x4C, 0xE5, 0x70, 0xB2, 0x56, 0xD7,
    0xA6, 0xE6, 0xB7, 0x71, 0xEC, 0x65, 0xB2, 0xB7, 0x20, 0x15, 0xBD, 0x24, 0x7E, 0x32, 0xC9, 0x4C,
    0x34, 0x93, 0x69, 0x77, 0x52, 0xF1, 0x4C, 0x3E, 0x13, 0x6C, 0x77, 0x52, 0x19, 0x4D, 0x48, 0x5E,
    0xCC, 0x89, 0x26, 0x58, 0xAA, 0x93, 0x36, 0x13, 0xB6, 0xA5, 0x28, 0xC7, 0xFD, 0x07, 0x59, 0x94,
    0x69, 0x38, 0xDA, 0xDE, 0xA3, 0x7A, 0x4D, 0x64, 0x3C, 0x8D, 0xCC, 0x5F, 0x33, 0x63, 0xFC, 0x77,
    0x25, 0x75, 0x4F, 0x3E, 0xB5, 0x1F, 0x99, 0xCF, 0xD9, 0xCB, 0x13, 0xC2, 0x53, 0x78, 0x52, 0x9D,
    0xFC, 0x65, 0x74, 0x1A, 0x39, 0xB5, 0x05, 0x3A, 0x79, 0x6E, 0xD2, 0x3C, 0x16, 0xBA, 0xC0, 0xC3,
    0xCB, 0xE8, 0x23, 0x5B, 0xF4, 0x9C, 0xC9, 0x8B, 0x42, 0x62, 0x21, 0x87, 0x44, 0xA2, 0x7E, 0x36,
    0x21, 0xD6, 0x51, 0x57, 0xF4, 0xC6, 0xB6, 0x18, 0xB1, 0xD9, 0xDB, 0x06, 0xC7, 0x31, 0xE8, 0x3B,
    0x66, 0x62, 0xBE, 0x60, 0x49, 0xEA, 0x20, 0x43, 0xF0, 0x0D, 0xFB, 0xF6, 0x4A, 0x65, 0x46, 0xF4,
    0xDB, 0xCA, 0xF9, 0x46, 0x44, 0xA2, 0x7B, 0x40, 0x76, 0x60, 0xC6, 0x6A, 0x2E, 0x66, 0xB3, 0x59,
    0x69, 0x6C, 0xBE, 0xFC, 0xC6, 0x2C, 0x23, 0x7A, 0x53, 0xBE, 0xD8, 0xCC, 0x5D, 0xCC, 0xA5, 0x3E,
    0x97, 0x7C, 0x90, 0x5E, 0x22, 0x27, 0x1A, 0x49, 0x8C, 0x91, 0x88, 0x95, 0x44, 0x85, 0x20, 0xFA,
    0xBD, 0xBB, 0x83, 0x00, 0xC8, 0x06, 0x87, 0x4E, 0x21, 0x3A, 0xFD, 0xA3, 0xA0, 0xDD, 0x52, 0x4A,
    0x9F, 0x99, 0xF7, 0xB4, 0xED, 0xDC, 0x56, 0x30, 0xE6, 0x67, 0x54, 0xD0, 0x0E, 0x6A, 0x22, 0x19,
    0xE4, 0x15, 0x60, 0x0F, 0xA2, 0x92, 0x3E, 0x40, 0xCD, 0x76, 0xC8, 0x66, 0xBF, 0x1D, 0x72, 0xBF,
    0x28, 0x01, 0xC1, 0x3D, 0xFC, 0xAD, 0x70, 0x15, 0xD8, 0xE6, 0x1C, 0x83, 0x12, 0x48, 0x16, 0x83,
    0xCB, 0x71, 0xCC, 0x46, 0xF6, 0x04, 0xE6, 0x5A, 0x33, 0xB4, 0x5B, 0x1D, 0x6D, 0xB7, 0x2A, 0x57,
    0xF3, 0x43, 0xA0, 0xE9, 0x1B, 0x19, 0x6A, 0xFB, 0x52, 0x87, 0x46, 0x6C, 0x9C, 0x75, 0x40, 0x88,
    0x36, 0xE0, 0x70, 0xFF, 0xDA, 0x40, 0xB6, 0x3B, 0x40, 0xD4, 0x77, 0x32, 0x56, 0x3E, 0x69, 0x9A,
    0x69, 0x76, 0x3C, 0x84, 0xB5, 0xB0, 0x20, 0xC3, 0xE1, 0x7C, 0x0E, 0xE4, 0x28, 0x80, 0xAE, 0xDD,
    0xE5, 0x78, 0xBD, 0xFF, 0x83, 0x6F, 0x8E, 0x58, 0x76, 0xF9, 0xDD, 0xCD, 0xCD, 0xEF, 0xAF, 0x4B,
    0x5B, 0x0F, 0x52, 0x4B, 0xD9, 0x71, 0x0D, 0xA9, 0xF0, 0x4D, 0x42, 0x64, 0x35, 0xC2, 0x74, 0x30,
    0x57, 0x62, 0xE6, 0xC8, 0x16, 0xE8, 0x87, 0x77, 0xAE, 0xB4, 0x6F, 0x49, 0x91, 0x52, 0x0F, 0x42,
    0x74, 0xFA, 0x09, 0xF4, 0x1E, 0x4F, 0x3C, 0xB3, 0x7B, 0x85, 0x9A, 0xB9, 0x9F, 0x93, 0x03, 0xB8,
    0x36, 0x35, 0x09, 0x52, 0xEB, 0x39, 0x91, 0x1E, 0xCE, 0x69, 0xD8, 0xC2, 0xD2, 0x64, 0x83, 0xA3,
    0xCD, 0xD1, 0x32, 0x59, 0xC7, 0xFF, 0xA2, 0xDD, 0x46, 0xEF, 0x15, 0x6A, 0x9B, 0xE0, 0x10, 0xCB,
    0xE0, 0xA4, 0xA7, 0x53, 0x8B, 0x7E, 0x66, 0x3F, 0xD8, 0xFD, 0xCC, 0xEE, 0xCE, 0x59, 0xE4, 0x7C,
    0xE4, 0xDC, 0xE1, 0x32, 0xD2, 0xFA, 0xD9, 0x11, 0x7A, 0xD6, 0xAA, 0x5D, 0x05, 0x1B, 0x67, 0xBE,
    0x94, 0x81, 0x4D, 0x52, 0xDB, 0xA1, 0x3E, 0x7B, 0x88, 0x3F, 0x9E, 0x68, 0x49, 0x5D, 0x10, 0xA2,
    0xB1, 0x33, 0xC2, 0x55, 0xCF, 0x56, 0xE8, 0xD3, 0x07, 0x99, 0x32, 0xCB, 0x11, 0x4F, 0x85, 0xF6,
    0x88, 0xFE, 0x0D, 0xCD, 0xC7, 0xB6, 0xB3, 0x41, 0xDE, 0x53, 0x6E, 0xF2, 0xBD, 0x98, 0x6B, 0x9A,
    0xFA, 0xED, 0xB9, 0xD4, 0x40, 0x56, 0xFF, 0x86, 0x13, 0xB4, 0x41, 0xB9, 0xC7, 0x25, 0x17, 0xD9,
    0x8A, 0xC0, 0x0A, 0x77, 0x20, 0xCF, 0xEC, 0xE6, 0xB5, 0x65, 0xDD, 0xBB, 0xB6, 0x84, 0x7D, 0xED,
    0x42, 0x07, 0x7F, 0xB0, 0xCF, 0x90, 0xE5, 0x62, 0x50, 0xC9, 0x00, 0xCC, 0x7B, 0x42, 0xBA, 0x01,
    0xF2, 0xE9, 0xF2, 0x84, 0xE7, 0x3C, 0x35, 0x79, 0x08, 0x56, 0x21, 0x07, 0x67, 0x67, 0x4F, 0xD0,
    0x6D, 0x6B, 0xD2, 0xDD, 0x2A, 0xE4, 0xB0, 0x6D, 0x10, 0xD9, 0xAD, 0x49, 0x5D, 0x84, 0x96, 0x75,
    0x60, 0x8B, 0xBE, 0xBA, 0x00, 0x0A, 0x10, 0xF6, 0x22, 0x4F, 0x77, 0x8B, 0x65, 0x70, 0x53, 0x03,
    0x95, 0xC8, 0xDB, 0x56, 0xD8, 0xFF, 0x5C, 0xDF, 0xFE, 0xB9, 0xA5, 0x2D, 0x59, 0xF7, 0x4C, 0x5D,
    0x27, 0xAD, 0x17, 0x99, 0xD3, 0xCD, 0x06, 0x67, 0x4C, 0x46, 0x7A, 0x65, 0xDA, 0x12, 0x90, 0x79,
    0xC7, 0x25, 0x12, 0x51, 0xD6, 0x6B, 0x3B, 0xBD, 0x02, 0x01, 0xAF, 0xEE, 0xD0, 0x2D, 0x6A, 0x0E,
    0x02, 0xF3, 0x77, 0x94, 0x73, 0xB8, 0xBA, 0xBE, 0xF5, 0x90, 0x2D, 0x8C, 0xB9, 0x15, 0x34, 0x4E,
    0x95, 0x98, 0xBC, 0x56, 0x1D, 0xA7, 0x60, 0x7E, 0xAB, 0x87, 0x6C, 0x66, 0x91, 0xDF, 0xED, 0x42,
    0xB6, 0xEB, 0x1D, 0xC9, 0xAF, 0x01, 0xC1, 0xBF, 0xDF, 0x76, 0xB7, 0xCB, 0x8B, 0x9E, 0xF6, 0xF9,
    0xD2, 0x77, 0x18, 0x67, 0x3E, 0x79, 0xDE, 0x8F, 0x07, 0xF0, 0x71, 0x32, 0xB2, 0x24, 0xB9, 0x06,
    0xBC, 0x13, 0x7B, 0xAD, 0xD4, 0x04, 0x83, 0x27, 0x02, 0x33, 0x0B, 0xC4, 0xF4, 0x2E, 0x55, 0x33,
    0x95, 0xC5, 0x52, 0x16, 0xB2, 0xE4, 0x54, 0x20, 0xC3, 0x7F, 0x46, 0x5B, 0x61, 0x3A, 0x71, 0xEF,
    0x3F, 0xAC, 0x06, 0xCE, 0x7B, 0xEB, 0x8D, 0xAA, 0xCB, 0xC1, 0xCB, 0x46, 0x00, 0xC6, 0xA5, 0x13,
    0x3A, 0x0B, 0x30, 0x01, 0xE3, 0x59, 0x16, 0x8B, 0xE1, 0x1C, 0xCF, 0xEA, 0x6E, 0xE7, 0xDD, 0xFD,
    0x85, 0xDF, 0x88, 0xAE, 0x26, 0x81, 0xFF, 0xFF, 0x30, 0x3C, 0x01, 0x10, 0xE1, 0x03, 0xE9, 0xD9,
    0xF3, 0xE7, 0xCD, 0x16, 0x1B, 0x1C, 0xC2, 0x0B, 0x15, 0xE2, 0x8F, 0x64, 0x9C, 0x6C, 0x91, 0xA8,
    0x76, 0x5C, 0xE2, 0x02, 0x68, 0x48, 0xF2, 0x22, 0x37, 0xD0, 0xDE, 0xA3, 0x78, 0xF4, 0x8C, 0x9F,
    0x6C, 0xA2, 0x82, 0xE6, 0xA7, 0xB0, 0x5B, 0x62, 0x21, 0xCD, 0xA2, 0x0B, 0x60, 0x6E, 0xDC, 0x46,
    0xDF, 0xC9, 0xE4, 0xCC, 0x27, 0xD0, 0xE6, 0xBB, 0x8C, 0xDA, 0x8C, 0x0C, 0xBD, 0x2D, 0xA6, 0x47,
    0x4B, 0x30, 0xA3, 0x2D, 0x9D, 0xEE, 0xD6, 0x39, 0x87, 0x68, 0xD0, 0x01, 0xC1, 0x0D, 0x00, 0xDC,
    0x7E, 0x32, 0xCD, 0x94, 0x8A, 0xD9, 0x45, 0x5F, 0x68, 0xA5, 0xC0, 0x03, 0xE5, 0x52, 0x3D, 0xD5,
    0x52, 0x3A, 0xEC, 0x0E, 0x55, 0x34, 0x96, 0x23, 0x3F, 0xFF, 0x64, 0x5E, 0x9A, 0x41, 0xF4, 0x4F,
    0xEC, 0x9A, 0x39, 0x94, 0xB5, 0x58, 0x15, 0x85, 0x0F, 0xE0, 0x5F, 0xAC, 0xD5, 0x04, 0x38, 0xCF,
    0x8A, 0x99, 0xB3, 0x18, 0x76, 0x06, 0xCB, 0x7C, 0x39, 0x57, 0x9E, 0x47, 0x9D, 0x9A, 0x41, 0x6C,
    0xE4, 0x94, 0x6B, 0x9E, 0x68, 0xEE, 0x70, 0xC9, 0xA3, 0xE7, 0x9C, 0xD2, 0x43, 0x2E, 0x01, 0x2E,
    0x29, 0x1B, 0xEE, 0xF6, 0xDD, 0x7D, 0x0E, 0x50, 0xAF, 0x5E, 0x4D, 0xCE, 0xFF, 0x50, 0xAC, 0xD7,
    0x7C, 0x8F, 0x55, 0x0C, 0xE7, 0xEC, 0xBD, 0x2F, 0x75, 0xEB, 0xFE, 0x2D, 0x22, 0x09, 0x80, 0xC9,
    0x38, 0x1A, 0x87, 0x23, 0x53, 0xE3, 0x83, 0x5B, 0x8E, 0x96, 0x2C, 0xD1, 0x91, 0x95, 0x11, 0xCA,
    0x08, 0x38, 0x88, 0xDE, 0xB7, 0x0F, 0xCC, 0xEC, 0xB6, 0xB9, 0xB1, 0x32, 0x36, 0x1E, 0x63, 0x20,
    0x26, 0x96, 0x13, 0x63, 0xC0, 0xCC, 0xCB, 0x7A, 0x32, 0x47, 0x47, 0x16, 0xA8, 0xDD, 0xC2, 0xCB,
    0xC4, 0xF9, 0x23, 0xDD, 0x2C, 0x0D, 0x78, 0x99, 0x54, 0xD0, 0xEA, 0x71, 0x64, 0x4A, 0xD6, 0x92,
    0x93, 0xAD, 0x94, 0x64, 0x27, 0x95, 0x11, 0x33, 0x6F, 0x19, 0x63, 0x0A, 0x3C, 0x24, 0x18, 0x02,
    0xFB, 0x2C, 0xD4, 0x9A, 0x61, 0x28, 0x42, 0xED, 0x29, 0x86, 0x0A, 0xB5, 0x08, 0x7F, 0xF8, 0xEC,
    0xF2, 0xF2, 0x52, 0xAB, 0x06, 0x7B, 0x5D, 0xE1, 0x15, 0x8B, 0x3C, 0x6A, 0x2B, 0x7D, 0x8C, 0x41,
    0x62, 0xE0, 0xED, 0x23, 0x0A, 0xE0, 0x6F, 0x47, 0x34, 0x00, 0xD0, 0x47, 0x61, 0x1F, 0x0A, 0x61,
    0x7D, 0x39, 0x96, 0xF8, 0x88, 0x02, 0xBD, 0x54, 0x68, 0x8F, 0x1F, 0x45, 0x78, 0x54, 0xDD, 0xF8,
    0x00, 0x09, 0x2A, 0x54, 0x60, 0x23, 0x8D, 0x97, 0x50, 0x00, 0x8E, 0x80, 0x24, 0x58, 0xC4, 0xE1,
    0x50, 0x62, 0xD6, 0x3B, 0xCF, 0xDA, 0xF3, 0x24, 0xA5, 0x22, 0x07, 0xDE, 0xC5, 0x18, 0x84, 0xFA,
    0x7D, 0xE8, 0xAB, 0x59, 0x12, 0xB3, 0xF9, 0xC3, 0x72, 0x51, 0xD3, 0xAF, 0xB6, 0x98, 0x68, 0x44,
    0xEF, 0x06, 0xD2, 0x0C, 0x6C, 0x80, 0x5A, 0x7D, 0x9E, 0x03, 0xE4, 0x02, 0x3F, 0x78, 0xCA, 0xC5,
    0xD6, 0xEC, 0x28, 0xA8, 0x45, 0x8A, 0x39, 0x09, 0xC8, 0xF1, 0x86, 0x97, 0x00, 0x96, 0x96, 0x6A,
    0x27, 0x11, 0x54, 0x90, 0xF2, 0x9D, 0x17, 0x2E, 0x1E, 0xAF, 0x80, 0x9D, 0xA4, 0x36, 0x78, 0x45,
    0x88, 0x3B, 0x10, 0x11, 0x6A, 0x32, 0x81, 0x18, 0xBF, 0x44, 0xA6, 0x80, 0x1D, 0xEB, 0x09, 0xF1,
    0xFA, 0x0E, 0x68, 0xFA, 0xE7, 0xD4, 0xC9, 0xD4, 0x9C, 0xD0, 0x3A, 0x57, 0xBB, 0x84, 0xF0, 0x44,
    0x86, 0xCF, 0x29, 0x60, 0x1D, 0xEA, 0x29, 0xF3, 0xAE, 0x07, 0x3B, 0xED, 0x94, 0xA5, 0x32, 0xC6,
    0x41, 0x0F, 0xD5, 0xF8, 0xD8, 0x8C, 0x4E, 0xE0, 0x6B, 0xE5, 0x0F, 0x54, 0xC7, 0x5E, 0xEE, 0xDD,
    0x5E, 0xC3, 0x95, 0xCA, 0xAD, 0x01, 0x2A, 0xA0, 0x83, 0xC7, 0x8C, 0x36, 0xB9, 0xA4, 0x30, 0xB2,
    0x63, 0x2F, 0x02, 0x5C, 0x89, 0x9B, 0x24, 0x09, 0xE6, 0xE7, 0xBD, 0x64, 0x41, 0x9E, 0xE4, 0xF8,
    0x55, 0x43, 0x26, 0x41, 0x57, 0x0B, 0xAB, 0xB1, 0x25, 0x1B, 0x98, 0xC7, 0x77, 0xB2, 0x36, 0x76,
    0x64, 0x13, 0x7A, 0xFA, 0x5E, 0xB8, 0xDE, 0xD7, 0x9F, 0x98, 0x03, 0xF5, 0xF1, 0x85, 0x95, 0x97,
    0x59, 0x0E, 0x63, 0xA3, 0x38, 0x5A, 0xC0, 0xF8, 0xEB, 0x23, 0x1D, 0x4E, 0xFB, 0xD7, 0x10, 0x79,
    0x95, 0x7B, 0x2B, 0x2D, 0xE2, 0xC5, 0x5A, 0x7D, 0xCE, 0x1A, 0xD2, 0x91, 0xA2, 0xD6, 0x37, 0xE5,
    0xCA, 0xF0, 0x8E, 0x8A, 0x55, 0xF3, 0xE1, 0x3D, 0x4B, 0x9A, 0x84, 0xD6, 0x53, 0xAC, 0x3E, 0x83,
    0x8F, 0xD0, 0xE6, 0xE8, 0xE5, 0x2B, 0x52, 0xA2, 0x95, 0xF7, 0x48, 0x05, 0x1D, 0x81, 0xAC, 0x87,
    0xA6, 0x42, 0xF7, 0x8B, 0xF5, 0x1E, 0x0D, 0x21, 0x51, 0xC5, 0x28, 0xD5, 0x96, 0x27, 0xCF, 0x16,
    0x96, 0x75, 0x3A, 0xA0, 0xDD, 0x7D, 0x02, 0xF6, 0x0E, 0xCB, 0xD7, 0xCC, 0xDB, 0x18, 0xA0, 0x77,
    0x94, 0x65, 0xD2, 0x47, 0x39, 0x9E, 0x50, 0xF5, 0x19, 0x8F, 0x3F, 0x25, 0xD2, 0x3F, 0x65, 0x40,
    0xE4, 0xD9, 0x37, 0x59, 0x88, 0x8A, 0x0F, 0x1D, 0x6A, 0x9D, 0x48, 0xC9, 0xB6, 0x9D, 0xC7, 0x14,
    0x06, 0x55, 0xF8, 0xB1, 0x97, 0x6C, 0x10, 0xF9, 0x8C, 0x08, 0xAF, 0x7F, 0x3E, 0x33, 0x90, 0x2D,
    0xCA, 0x12, 0x27, 0x59, 0x10, 0x6C, 0x34, 0x3D, 0xD7, 0xF3, 0x86, 0xA7, 0xF7, 0x40, 0xD8, 0x6A,
    0x16, 0x36, 0x5B, 0x19, 0xAB, 0x50, 0x91, 0xED, 0x29, 0x96, 0x8E, 0xA2, 0x72, 0x35, 0xFF, 0xB9,
    0xCD, 0x40, 0xDA, 0xEA, 0xFB, 0xAC, 0x18, 0x53, 0xAF, 0xF2, 0xAA, 0x80, 0x39, 0x9B, 0xA7, 0x6B,
    0x87, 0x93, 0x2C, 0x54, 0xE3, 0x53, 0x06, 0xE4, 0xE8, 0x84, 0xBC, 0x37, 0xD8, 0x1B, 0xCD, 0x22,
    0x18, 0x0A, 0x1F, 0x3C, 0x09, 0x67, 0x16, 0x94, 0x2B, 0xA5, 0x58, 0xB1, 0x2A, 0xE8, 0x0E, 0x2F,
    0x9E, 0xFB, 0xC5, 0x99, 0xFB, 0xFE, 0x61, 0xF7, 0xD9, 0xC7, 0x95, 0xA9, 0x85, 0xDE, 0x38, 0x1B,
    0x21, 0xDB, 0x14, 0x8F, 0x64, 0xC7, 0x75, 0x14, 0x8A, 0xD2, 0x49, 0xD3, 0x44, 0x3B, 0xB3, 0x23,
    0x1D, 0x74, 0xEA, 0xE2, 0x3C, 0xC9, 0xF6, 0xE2, 0xC0, 0x99, 0x8C, 0x8C, 0x71, 0x60, 0x82, 0x89,
    0x3A, 0x27, 0x18, 0x8F, 0x1F, 0x4E, 0x05, 0x6D, 0xAA, 0x38, 0xA4, 0x81, 0x05, 0xBA, 0x2C, 0xB0,
    0x42, 0x17, 0x94, 0x14, 0x20, 0xCC, 0x26, 0x25, 0xA5, 0x2E, 0x9D, 0x38, 0xCC, 0xE6, 0xFE, 0xB0,
    0x95, 0x67, 0xA9, 0x50, 0x8E, 0x24, 0x45, 0x6B, 0x58, 0xF4, 0xF9, 0xB6, 0xCD, 0x33, 0x2B, 0xA4,
    0x6B, 0x40, 0x7D, 0x6E, 0xA7, 0x36, 0xDB, 0x37, 0xB7, 0x64, 0xF6, 0x2D, 0xB4, 0xD0, 0xD9, 0x37,
    0xB1, 0x28, 0x63, 0x4A, 0x61, 0x37, 0x9B, 0xAA, 0x79, 0x9D, 0x86, 0x56, 0xBD, 0xD8, 0x4C, 0xF4,
    0x53, 0xEA, 0xCA, 0x3A, 0x15, 0x87, 0xD5, 0x62, 0x53, 0x52, 0xD9, 0x86, 0x16, 0xE5, 0xF7, 0xB1,
    0x7D, 0xA3, 0xC8, 0x9D, 0x4D, 0xFD, 0x75, 0xD4, 0xD8, 0x0C, 0x95, 0xA5, 0xD9, 0x9B, 0xDF, 0xE6,
    0xA9, 0x96, 0x2A, 0xFD, 0x46, 0xB1, 0x9D, 0xB7, 0x74, 0xED, 0x09, 0xB3, 0x29, 0x65, 0xC3, 0xD9,
    0x2B, 0x5B, 0x35, 0x93, 0xCD, 0x5E, 0xC6, 0x26, 0x37, 0xE5, 0x58, 0xFC, 0x95, 0x96, 0x2C, 0x6F,
    0xF8, 0xAF, 0x61, 0xF8, 0x5F, 0xE4, 0xA4, 0x00, 0x7C, 0x60, 0x09, 0x2C, 0x81, 0x15, 0x30, 0x87,
    0x9C, 0x18, 0x47, 0xF2, 0x7F, 0x95, 0x93, 0x0A, 0x27, 0x5C, 0x0D, 0x5C, 0xED, 0x33, 0xF3, 0x62,
    0xB3, 0x2E, 0x21, 0x35, 0x05, 0x42, 0xFD, 0x28, 0x63, 0x49, 0xE9, 0x2C, 0x09, 0xAA, 0x53, 0xA0,
    0xA5, 0xC0, 0x32, 0xB0, 0x25, 0x20, 0x53, 0xFF, 0x43, 0x6B, 0x74, 0xBF, 0xE4, 0x7F, 0xED, 0xE6,
    0x7C, 0x43, 0xD2, 0xF5, 0x8D, 0x95, 0xB1, 0xF1, 0xEA, 0x3A, 0x96, 0xDD, 0x6D, 0xF3, 0xDA, 0x9C,
    0xDE, 0x7D, 0x36, 0x97, 0xCD, 0xE3, 0xBD, 0x4C, 0x5B, 0x90, 0x22, 0xC2, 0x71, 0x4A, 0xD8, 0x5B,
    0xEE, 0xBE, 0x2D, 0xD3, 0x07, 0xE4, 0xD7, 0x30, 0x29, 0x46, 0x7D, 0xE8, 0x60, 0x58, 0xD5, 0x34,
    0x34, 0x0A, 0xE7, 0x15, 0x0B, 0x61, 0xC5, 0xEA, 0x4D, 0x22, 0xBD, 0x49, 0xAC, 0x57, 0x1B, 0x12,
    0x83, 0xD6, 0x9C, 0x2A, 0x74, 0x8C, 0xD2, 0x7B, 0xA2, 0xDB, 0xA1, 0x01, 0x98, 0xAD, 0x7F, 0xB3,
    0x5D, 0x31, 0xAC, 0x68, 0x14, 0x22, 0x1F, 0xBA, 0xBC, 0xFC, 0x6E, 0xA8, 0x8C, 0xC3, 0x88, 0x7B,
    0x15, 0xED, 0xE1, 0xA5, 0x39, 0xAB, 0x21, 0x62, 0xB6, 0xB2, 0x2D, 0x69, 0x83, 0xF0, 0x79, 0x2C,
    0x7A, 0xCA, 0x30, 0x46, 0x98, 0xF3, 0x60, 0xE6, 0xCC, 0x72, 0x66, 0x35, 0xA7, 0xE1, 0x4F, 0x1D,
    0xCF, 0x74, 0xF3, 0xAE, 0x86, 0x43, 0x98, 0x8A, 0x3A, 0xBC, 0x93, 0x4E, 0x67, 0xBF, 0x1A, 0x20,
    0xE9, 0x26, 0x55, 0xC7, 0x81, 0x65, 0x6B, 0x4A, 0xAF, 0xD5, 0xC1, 0xDB, 0xBA, 0x1C, 0x43, 0x31,
    0x07, 0x96, 0xCD, 0x53, 0xD8, 0x90, 0x2D, 0x27, 0xA9, 0x72, 0xED, 0x2B, 0x60, 0xA8, 0x6E, 0x4D,
    0x97, 0x84, 0x51, 0xD2, 0xE7, 0x61, 0x3C, 0x5C, 0xB9, 0x69, 0x5D, 0x1D, 0x29, 0x28, 0x4C, 0x0A,
    0xCF, 0x82, 0x7F, 0xF0, 0xFC, 0xDA, 0x2A, 0x0D, 0x75, 0x88, 0xD7, 0x81, 0x3A, 0x69, 0x65, 0xA3,
    0xC2, 0x84, 0xB3, 0x53, 0xEA, 0x57, 0xC0, 0xD6, 0xFF, 0xD4, 0x64, 0xFE, 0x39, 0x30, 0xF7, 0xA5,
    0xB2, 0xA5, 0xD2, 0xB8, 0xEA, 0x95, 0xB6, 0xD4, 0x95, 0x7A, 0x22, 0xF3, 0xAF, 0x13, 0xF0, 0x8A,
    0xF3, 0xA5, 0xAE, 0x87, 0xDD, 0x98, 0xEF, 0x72, 0xA3, 0xBA, 0xC7, 0x8D, 0xAF, 0x4A, 0x73, 0x8F,
    0x1B, 0x53, 0x38, 0x09, 0xAD, 0x48, 0x66, 0x13, 0x23, 0x2A, 0xE1, 0xD8, 0x00, 0x6A, 0x0E, 0xA8,
    0xEF, 0x87, 0x42, 0xE9, 0x98, 0x4D, 0xD0, 0xB4, 0xF6, 0x46, 0x27, 0xD5, 0xAF, 0xEB, 0xF2, 0x1C,
    0xDA, 0x72, 0x08, 0xA7, 0xBD, 0x7B, 0xFD, 0x8D, 0x5B, 0x69, 0x10, 0x73, 0x1B, 0xB6, 0xAF, 0xC0,
    0x1B, 0xF7, 0x3F, 0xF0, 0x37, 0xD6, 0x73, 0x30, 0x28, 0x4F, 0x57, 0xDA, 0xDA, 0x07, 0x56, 0xDA,
    0xE6, 0xC7, 0xAC, 0xB4, 0x5D, 0xE8, 0xEA, 0x6C, 0x44, 0x05, 0x4D, 0xD1, 0x23, 0x4F, 0x26, 0x81,
    0x83, 0x14, 0x76, 0xDC, 0xC0, 0xD7, 0xC1, 0x5C, 0xFE, 0x6C, 0x96, 0x84, 0xE7, 0x0E, 0x96, 0x51,
    0x06, 0x8A, 0x2C, 0xD4, 0x2C, 0xCE, 0x17, 0xC3, 0xF5, 0x15, 0x5A, 0xB2, 0x81, 0x90, 0x0E, 0x12,
    0x29, 0x69, 0x7D, 0xEF, 0xA0, 0x73, 0x55, 0xC7, 0x45, 0xCF, 0xC0, 0x8E, 0x2B, 0xFF, 0x0D, 0x0E,
    0xCC, 0x54, 0xC5, 0xC4, 0x2C, 0x47, 0xA2, 0x2D, 0x31, 0x6D, 0x73, 0xE7, 0x8C, 0xEC, 0x34, 0x3F,
    0x9E, 0x82, 0x02, 0xA3, 0x05, 0xB7, 0x3E, 0x5D, 0x65, 0x79, 0x56, 0x2B, 0xDD, 0x48, 0xC4, 0x5B,
    0xC9, 0x16, 0x59, 0x1D, 0x19, 0x91, 0x0D, 0x94, 0x14, 0x2D, 0x4F, 0x4C, 0x26, 0x29, 0xD8, 0x4B,
    0x2B, 0xF1, 0x7D, 0x32, 0x46, 0x18, 0xF3, 0x60, 0x48, 0x09, 0x7C, 0x03, 0x35, 0xBB, 0xFC, 0x0B,
    0x18, 0x2B, 0xEA, 0x99, 0x2B, 0x6D, 0x92, 0xCF, 0xB2, 0x0A, 0x5B, 0xC0, 0x4F, 0x30, 0xB3, 0x98,
    0x08, 0xB3, 0x26, 0x9F, 0xEC, 0xF9, 0x6B, 0x22, 0x0B, 0xFD, 0x63, 0x94, 0x8C, 0x3D, 0x0E, 0x64,
    0x42, 0xF6, 0x92, 0x91, 0x03, 0x57, 0xDB, 0x53, 0x2C, 0x91, 0xD9, 0x65, 0x7A, 0x28, 0xC5, 0x91,
    0x2C, 0xEB, 0xA7, 0x68, 0xF9, 0x07, 0x40, 0x05, 0xCB, 0x4F, 0xE0, 0x81, 0xB2, 0x4A, 0xE2, 0xEB,
    0x02, 0xB3, 0x8D, 0xF7, 0xC1, 0xCA, 0xA5, 0xF4, 0xD4, 0x91, 0x7A, 0x2F, 0x14, 0xCD, 0xD2, 0xF6,
    0x09, 0x5C, 0xAD, 0x8D, 0xFF, 0x4C, 0x7E, 0xA2, 0x8B, 0x79, 0x31, 0xC8, 0xA5, 0xF0, 0xA6, 0xEB,
    0xAC, 0x83, 0x66, 0x9B, 0xC4, 0xDB, 0x2A, 0xCB, 0x24, 0x4F, 0x79, 0xDC, 0x37, 0xB4, 0xF9, 0x44,
    0x76, 0xA5, 0xF2, 0xAF, 0x5A, 0xB3, 0xA3, 0x6F, 0xB4, 0xC0, 0x5A, 0x99, 0xC8, 0xE8, 0x37, 0x67,
    0x2F, 0xEB, 0xA7, 0x1C, 0xFE, 0xEB, 0xAB, 0xCF, 0x4F, 0x39, 0x8C, 0xEA, 0xD3, 0xB5, 0x38, 0x2B,
    0x39, 0x39, 0xE3, 0xBA, 0x84, 0x60, 0xBA, 0xFD, 0xE6, 0xF6, 0xF9, 0xFC, 0x53, 0x1E, 0x5F, 0xCD,
    0xF7, 0x98, 0x9C, 0x8E, 0x2A, 0x37, 0x2B, 0xB1, 0xDC, 0xE0, 0xAC, 0x2C, 0x8D, 0xC5, 0xA8, 0x74,
    0x3D, 0x91, 0xA2, 0x25, 0x93, 0x45, 0x94, 0xB7, 0xCC, 0xC4, 0x7E, 0xA5, 0x48, 0x97, 0xD3, 0x3B,
    0xE1, 0xE6, 0xBF, 0xD2, 0x77, 0xC6, 0xC1, 0xEE, 0x3C, 0x9E, 0x1C, 0xC7, 0x38, 0x58, 0x8E, 0xE5,
    0xD6, 0xED, 0xE9, 0x7D, 0xEA, 0x6F, 0x9D, 0x67, 0xE6, 0xFB, 0x3C, 0xD3, 0x5F, 0x9F, 0x67, 0x7E,
    0x5A, 0xE4, 0x17, 0x0F, 0xFC, 0x3D, 0xDB, 0x40, 0x67, 0xF1, 0x4E, 0x17, 0x41, 0x05, 0x2B, 0x67,
    0x2E, 0x2A, 0x46, 0x64, 0x4B, 0xD1, 0x2A, 0xD4, 0x12, 0x6F, 0xFF, 0x8B, 0xC7, 0x28, 0x0D, 0x39,
    0x70, 0xC2, 0x9C, 0x06, 0x7A, 0xA1, 0x48, 0xE0, 0xD6, 0x1B, 0x0F, 0x91, 0xB2, 0x8B, 0x6F, 0x30,
    0x51, 0xB6, 0xF4, 0xA1, 0x42, 0x9D, 0x2A, 0xF7, 0xB2, 0x02, 0x9D, 0x95, 0xB7, 0x95, 0xB5, 0x48,
    0x71, 0xA3, 0xBC, 0xEA, 0x5A, 0x79, 0xC9, 0x79, 0x79, 0x9A, 0xC7, 0xDE, 0x56, 0x5C, 0x55, 0x2D,
    0xAF, 0x1A, 0xAA, 0x49, 0x34, 0x21, 0x41, 0x4B, 0x29, 0x27, 0x29, 0xEA, 0x3B, 0x42, 0x77, 0xF9,
    0xCD, 0x80, 0x44, 0x15, 0x4F, 0x15, 0x99, 0xFD, 0xE5, 0x73, 0x0A, 0x35, 0xA7, 0x50, 0x94, 0xB0,
    0xB7, 0x43, 0x8C, 0x3E, 0xA0, 0x84, 0xDF, 0xBC, 0x6E, 0x34, 0x31, 0x4E, 0x81, 0x15, 0x87, 0x26,
    0x80, 0x1D, 0x47, 0x98, 0x03, 0x62, 0x8C, 0x47, 0x50, 0xAA, 0x02, 0x75, 0x40, 0x09, 0x09, 0xA8,
    0xC0, 0x52, 0x2A, 0x30, 0xBE, 0x95, 0xAD, 0x64, 0x2F, 0x8A, 0x99, 0xA5, 0x70, 0x59, 0x9B, 0x28,
    0x51, 0x47, 0x14, 0x28, 0x44, 0x33, 0x80, 0xF2, 0xAC, 0x3A, 0x6F, 0x39, 0xD8, 0x94, 0xCE, 0xC0,
    0x2F, 0x61, 0xB4, 0xE9, 0x36, 0x9C, 0x7F, 0x29, 0x94, 0xE8, 0x4B, 0x98, 0xDF, 0x5B, 0x1E, 0x04,
    0x16, 0x88, 0x2D, 0x11, 0xB2, 0x9E, 0x12, 0xE1, 0x64, 0xF0, 0x70, 0xA4, 0x9D, 0x7E, 0x69, 0x65,
    0xCD, 0x85, 0x58, 0x30, 0xF6, 0xC0, 0x5A, 0xA5, 0x58, 0x2B, 0xBD, 0x56, 0xF2, 0x96, 0x0E, 0xA6,
    0x36, 0xA8, 0xB7, 0xE5, 0x63, 0x0B, 0xC8, 0x96, 0x90, 0x2D, 0x22, 0x66, 0xEB, 0x06, 0x66, 0x62,
    0x07, 0x4B, 0x8F, 0x14, 0x31, 0xEB, 0xE7, 0x0B, 0xFB, 0xC4, 0xDD, 0xE8, 0xF1, 0xEE, 0x56, 0xE7,
    0xEE, 0x4E, 0xBB, 0xBB, 0xED, 0x43, 0xEE, 0x36, 0xAB, 0xBB, 0xC4, 0x43, 0xEE, 0x4A, 0xEC, 0x05,
    0x2C, 0xF4, 0xAD, 0x00, 0xC7, 0x77, 0x8B, 0x2D, 0x54, 0xC7, 0xF8, 0x39, 0xB3, 0xEF, 0xA3, 0x3B,
    0x17, 0x1B, 0x72, 0xFD, 0x73, 0xB7, 0x50, 0x94, 0xBC, 0x8E, 0xFD, 0x8D, 0x8A, 0x61, 0x03, 0xC7,
    0xA3, 0xA8, 0xDC, 0x44, 0x7D, 0xCB, 0xDA, 0x83, 0x02, 0x5E, 0xB1, 0x28, 0x66, 0x1D, 0x9B, 0x44,
    0xAC, 0xA0, 0x4D, 0x66, 0x92, 0x9C, 0xAD, 0x3D, 0x10, 0x8C, 0xED, 0x8D, 0x52, 0x1A, 0x85, 0x53,
    0xAC, 0x99, 0x33, 0xC7, 0x22, 0xD6, 0xD3, 0xE7, 0xBD, 0x60, 0x2E, 0xFA, 0x04, 0x68, 0x0E, 0x5C,
    0x31, 0xC8, 0x47, 0x07, 0xC9, 0x87, 0x72, 0x96, 0x8B, 0x1F, 0xA4, 0xFD, 0x99, 0x02, 0xEC, 0xA0,
    0xF1, 0x36, 0x49, 0xD5, 0xDF, 0xA1, 0x58, 0x77, 0x91, 0xCA, 0x38, 0x5A, 0x8D, 0xDB, 0x8E, 0xB6,
    0xD1, 0x34, 0x9A, 0xB4, 0xEF, 0x68, 0x56, 0xB0, 0xCA, 0x6E, 0x6C, 0x3B, 0x7B, 0x84, 0x1A, 0xE4,
    0x45, 0x40, 0x9B, 0x28, 0x7A, 0xC4, 0xBD, 0xDC, 0xEB, 0x0F, 0xED, 0x31, 0x77, 0xA8, 0x88, 0x09,
    0xC2, 0xBD, 0x39, 0x43, 0x63, 0xE8, 0x0B, 0xF7, 0xE6, 0x8A, 0x99, 0x62, 0x9E, 0x98, 0x25, 0x98,
    0xCD, 0x10, 0xF3, 0xC3, 0xEC, 0xA0, 0x1B, 0x66, 0x86, 0x7A, 0x41, 0x2B, 0xE8, 0xC4, 0xC9, 0x63,
    0xD5, 0x06, 0xBA, 0x60, 0x26, 0xD8, 0xA8, 0xBF, 0xBC, 0xBC, 0xAC, 0x39, 0xF7, 0x49, 0xC3, 0x2E,
    0xB3, 0xDD, 0x69, 0xF8, 0xFE, 0xAF, 0xEA, 0x3F, 0x6B, 0xA3, 0x1F, 0x88, 0x34, 0x7D, 0x1A, 0x46,
    0xF1, 0x54, 0xCE, 0xEC, 0x6B, 0x5C, 0xD7, 0xA3, 0x32, 0xA8, 0x60, 0xEF, 0xBC, 0xF0, 0x4E, 0x70,
    0x4B, 0xBC, 0x54, 0x7D, 0x02, 0x71, 0xC7, 0xDD, 0x9F, 0xF5, 0xF7, 0xB2, 0x08, 0xC0, 0xA6, 0x7B,
    0x91, 0x8B, 0xBF, 0xFF, 0xBF, 0xED, 0x78, 0xB1, 0x24, 0x4D, 0xF9, 0xF0, 0x62, 0x3A, 0x5B, 0x18,
    0xFE, 0x7D, 0x1D, 0xF6, 0xE8, 0xB9, 0x1F, 0xAC, 0xD8, 0x7D, 0xCD, 0xF0, 0x83, 0x7C, 0x6E, 0x6D,
    0x92, 0x54, 0xFB, 0x4E, 0xC5, 0x09, 0x95, 0xDC, 0x1A, 0xB8, 0x33, 0xD5, 0xE3, 0xFF, 0x88, 0xEA,
    0x34, 0x16, 0xE7, 0xC6, 0xA6, 0x68, 0xED, 0xDF, 0x50, 0xAA, 0x41, 0x7B, 0xB3, 0xD6, 0xD8, 0x3C,
    0xD0, 0x5B, 0xC5, 0xBA, 0x72, 0x62, 0x42, 0x98, 0x91, 0x00, 0x35, 0xF7, 0xD4, 0x5C, 0x5D, 0xD0,
    0x9F, 0x1E, 0x5E, 0xFC, 0x91, 0x54, 0x41, 0x2A, 0x2F, 0x8D, 0x0F, 0xC2, 0x61, 0xE6, 0x67, 0x8A,
    0xC3, 0x67, 0x48, 0xF8, 0x49, 0xD1, 0x67, 0xE1, 0xD3, 0xE5, 0xFC, 0x14, 0x68, 0x4B, 0xD4, 0x25,
    0x78, 0x1D, 0xA8, 0x8F, 0xF6, 0x6B, 0x28, 0xF6, 0x03, 0xEB, 0xDE, 0x0E, 0xAC, 0x1A, 0x9E, 0x30,
    0xED, 0x2A, 0xEC, 0x15, 0x9E, 0x2A, 0x43, 0xE7, 0x4D, 0x20, 0xF3, 0xDD, 0x74, 0xDA, 0x0E, 0xD4,
    0x26, 0x1E, 0x50, 0x35, 0x9D, 0x33, 0x99, 0x78, 0x96, 0x10, 0xD3, 0xD0, 0xCE, 0xC6, 0xB2, 0x1D,
    0x98, 0xA2, 0x76, 0x69, 0x64, 0x07, 0x4E, 0x2D, 0xB6, 0x83, 0xC5, 0x64, 0xB6, 0xB3, 0x4D, 0xED,
    0xFD, 0x60, 0x10, 0xBB, 0xD4, 0xB4, 0x4F, 0x6D, 0xAD, 0x9F, 0x16, 0x14, 0x5D, 0xBA, 0x3B, 0xE1,
    0xC6, 0xD2, 0x3A, 0xB4, 0x55, 0xFD, 0xCE, 0xDA, 0xE5, 0x41, 0x2B, 0x6A, 0x4F, 0xB4, 0xFD, 0x61,
    0x4C, 0xAF, 0xA8, 0x9D, 0x99, 0x55, 0x02, 0xFF, 0x68, 0xEF, 0x8A, 0x61, 0x6C, 0x37, 0xAA, 0xE8,
    0x3C, 0x1B, 0xF2, 0x88, 0xAC, 0xC4, 0x69, 0x51, 0x84, 0xDC, 0x50, 0x44, 0x48, 0x60, 0x7A, 0x01,
    0xB6, 0x92, 0x22, 0xBD, 0x44, 0x4F, 0x4A, 0x2A, 0x7E, 0x43, 0x41, 0x81, 0xB0, 0x43, 0x4A, 0x8A,
    0xA4, 0x97, 0x90, 0x28, 0x29, 0x29, 0x28, 0xA0, 0x40, 0xF3, 0xC2, 0x2F, 0x52, 0x50, 0x7C, 0x23,
    0x7A, 0xC5, 0x51, 0x7E, 0x97, 0xE2, 0x1B, 0x61, 0x09, 0xFF, 0x60, 0xFB, 0xC2, 0xDC, 0x33, 0xC7,
    0xF6, 0xEC, 0x5B, 0xBF, 0xEC, 0x12, 0x40, 0xBB, 0x64, 0xAD, 0xEC, 0xDC, 0xC9, 0xEE, 0xFB, 0xF6,
    0xCC, 0xBD, 0x67, 0xC6, 0x77, 0xEE, 0x3D, 0x33, 0xAF, 0xF1, 0xFF, 0xD3, 0xE0, 0x29, 0x88, 0xF3,
    0x99, 0xAC, 0x77, 0x03, 0x05, 0xDE, 0x54, 0x77, 0xD0, 0xE5, 0x45, 0x17, 0xAB, 0x68, 0x62, 0x51,
    0x07, 0xDA, 0x8D, 0xAD, 0xE3, 0x04, 0xC4, 0x5F, 0xBE, 0x00, 0xF8, 0x5D, 0xEF, 0xCC, 0xD3, 0xE3,
    0x0F, 0x6A, 0x31, 0x37, 0x5A, 0xE9, 0xA4, 0x55, 0xB3, 0x0A, 0x3B, 0xA9, 0xFF, 0xA9, 0xCC, 0x95,
    0xC6, 0x89, 0x04, 0x77, 0x50, 0x47, 0x71, 0xB8, 0xB2, 0x0C, 0xC8, 0x6F, 0xB5, 0x0C, 0x60, 0x66,
    0xA6, 0xA6, 0xF9, 0x68, 0x66, 0xE6, 0xB3, 0x05, 0x36, 0xB3, 0xE4, 0x1E, 0x35, 0xA0, 0x38, 0x6D,
    0x16, 0x4F, 0x4C, 0xD5, 0x31, 0x97, 0xCC, 0x8C, 0x15, 0x19, 0x6E, 0xEE, 0xD7, 0x9F, 0xC8, 0x09,
    0x41, 0x00, 0x7D, 0x50, 0xD4, 0xB8, 0x05, 0xE8, 0xFE, 0xE5, 0xED, 0x78, 0xF0, 0x32, 0xF2, 0xA6,
    0x8C, 0xE1, 0x3D, 0x43, 0x1A, 0xCA, 0x0D, 0xE2, 0x28, 0x09, 0x3A, 0x9A, 0x33, 0x0E, 0xA2, 0x09,
    0x94, 0xC0, 0x16, 0xD7, 0xBB, 0xCC, 0x5A, 0x41, 0x9E, 0x02, 0x09, 0xF5, 0x70, 0x14, 0xFC, 0x06,
    0x7A, 0x8A, 0x06, 0x28, 0x2A, 0x9D, 0xA1, 0x29, 0x64, 0x84, 0xB6, 0x5E, 0x2F, 0x90, 0x95, 0x7A,
    0x25, 0xC4, 0x40, 0x1D, 0xEF, 0x42, 0x3E, 0x31, 0x43, 0x22, 0xEC, 0x91, 0x4E, 0xC3, 0xD2, 0x2D,
    0x7C, 0xE2, 0x16, 0x7C, 0xE2, 0x63, 0xBF, 0xCB, 0x27, 0x56, 0x03, 0x63, 0x58, 0xA3, 0xC9, 0x61,
    0x89, 0xC6, 0xE7, 0x9C, 0x09, 0x59, 0x86, 0x7C, 0x42, 0xCE, 0x84, 0x61, 0x89, 0x65, 0x71, 0xC4,
    0x99, 0x30, 0x2C, 0xAF, 0x79, 0x6C, 0xC6, 0xA9, 0x57, 0x6D, 0xA6, 0x70, 0x81, 0x66, 0xA0, 0x97,
    0x6E, 0x59, 0x1D, 0xA5, 0x4F, 0xA9, 0x77, 0x50, 0xE7, 0xC1, 0xB6, 0x1A, 0x71, 0x9F, 0x5C, 0x3A,
    0x54, 0x04, 0xAF, 0xA3, 0x53, 0x2C, 0x33, 0xD4, 0x96, 0x49, 0x8F, 0xC9, 0xAA, 0xF2, 0x0F, 0x8A,
    0x04, 0x9D, 0x10, 0x1F, 0x6F, 0xB7, 0x52, 0x48, 0x83, 0x0A, 0x91, 0x41, 0x1F, 0xD9, 0x5B, 0x85,
    0x5E, 0x33, 0x50, 0x35, 0xB1, 0x22, 0x86, 0x78, 0xAA, 0xB5, 0x32, 0x15, 0x00, 0xAC, 0x74, 0x39,
    0xE7, 0x7E, 0xB2, 0xFB, 0x5B, 0x6D, 0xA8, 0x6B, 0x32, 0xDA, 0x85, 0x96, 0xFA, 0xDE, 0x5B, 0xA9,
    0xC9, 0xB7, 0x6B, 0xA0, 0x09, 0x4C, 0x4F, 0xDA, 0xC7, 0x5E, 0x95, 0x8E, 0x8E, 0x62, 0x81, 0x39,
    0x9B, 0x6B, 0xAF, 0xAC, 0x83, 0x84, 0x1B, 0x85, 0xF9, 0x75, 0xB7, 0x02, 0xF8, 0xE0, 0xBD, 0x8A,
    0xAB, 0xEA, 0x54, 0x30, 0x3C, 0xC7, 0xF8, 0x1C, 0x06, 0x9E, 0xB9, 0x32, 0x12, 0x18, 0xC9, 0x83,
    0x4C, 0xCE, 0x46, 0x00, 0x65, 0x7D, 0x65, 0x24, 0x90, 0xF5, 0xE8, 0xB4, 0xA6, 0x32, 0x95, 0x51,
    0x27, 0x86, 0x4A, 0xD7, 0xE2, 0x73, 0x04, 0x0E, 0xED, 0x94, 0x78, 0x67, 0xA1, 0x90, 0x56, 0x25,
    0x06, 0x03, 0x8C, 0x80, 0xF0, 0xE7, 0x19, 0x05, 0x0E, 0xB2, 0x5B, 0xB9, 0x64, 0xC8, 0xAD, 0x6A,
    0xF3, 0xFE, 0x4A, 0x9D, 0x8B, 0x40, 0x16, 0xF0, 0x5E, 0xEA, 0x5C, 0x1A, 0x45, 0x57, 0x8A, 0x37,
    0x1D, 0x32, 0xB0, 0xDA, 0xBC, 0x51, 0xE5, 0x01, 0x36, 0xE6, 0x65, 0x6B, 0xF6, 0x3F, 0x9C, 0x09,
    0xAE, 0xCC, 0x10, 0xC6, 0xFF, 0x9D, 0x73, 0x3C, 0x79, 0x31, 0x39, 0xC3, 0x99, 0x2D, 0xE4, 0xCB,
    0x10, 0x81, 0x3E, 0xB4, 0x01, 0x33, 0x90, 0x50, 0x4D, 0x06, 0xFA, 0x18, 0x8F, 0x5E, 0x1F, 0x99,
    0x74, 0x2A, 0xAD, 0x6A, 0x54, 0x3E, 0x95, 0x69, 0x47, 0x1F, 0xCD, 0x45, 0x7D, 0x8C, 0x5E, 0x1F,
    0x6D, 0xB5, 0xE8, 0xA3, 0xF6, 0xFA, 0x38, 0x5D, 0xD1, 0x47, 0x1F, 0xE8, 0x83, 0xFB, 0x9E, 0x12,
    0x74, 0x4F, 0xAB, 0x78, 0xC9, 0x23, 0x7F, 0x0D, 0xB5, 0x3E, 0xD7, 0xD0, 0x62, 0x09, 0xB6, 0xF0,
    0x7E, 0xAC, 0xD0, 0xA4, 0x67, 0x93, 0x4F, 0x8E, 0xF2, 0xA2, 0x1B, 0x66, 0x2F, 0xB9, 0x61, 0xD1,
    0x65, 0x37, 0xEC, 0xEC, 0xB1, 0x20, 0xC8, 0xE6, 0x5A, 0x16, 0x6B, 0xD9, 0x6A, 0xD9, 0x54, 0x24,
    0xC8, 0x46, 0x64, 0xF3, 0x44, 0x88, 0xC8, 0x6A, 0xA4, 0xA9, 0x71, 0x1D, 0xAE, 0x41, 0x7E, 0x8A,
    0xCF, 0x7D, 0x6A, 0xFA, 0xCE, 0xED, 0x9E, 0xEF, 0x5C, 0xEF, 0xF8, 0xCE, 0xF3, 0x9E, 0xEF, 0x3C,
    0xEC, 0x2D, 0x8A, 0x6E, 0xF5, 0x88, 0x7B, 0xA8, 0x7F, 0x5C, 0x9C, 0x95, 0xB8, 0x5D, 0x8A, 0xED,
    0x64, 0x9B, 0xB1, 0xF0, 0xD1, 0x72, 0x25, 0x68, 0x61, 0x48, 0x62, 0x02, 0xFA, 0x49, 0xB8, 0xF2,
    0x2C, 0x94, 0x1F, 0x02, 0x35, 0xCB, 0xE8, 0x7F, 0x06, 0x55, 0x71, 0x24, 0xBD, 0x36, 0x1F, 0x3F,
    0xAD, 0x6A, 0x37, 0x91, 0x46, 0x1B, 0x8D, 0x9F, 0xDA, 0x29, 0x56, 0xF5, 0x5A, 0xC8, 0xAD, 0x6E,
    0x87, 0xD7, 0x89, 0xD3, 0x08, 0x6F, 0x85, 0xDB, 0x46, 0x72, 0xD2, 0xC4, 0x46, 0x32, 0x23, 0x7F,
    0x5E, 0x9D, 0x1C, 0xBF, 0xC7, 0x5F, 0xDF, 0x57, 0x93, 0xC5, 0x88, 0x55, 0xFA, 0x46, 0x64, 0x14,
    0xCA, 0xD7, 0x4D, 0x54, 0xD4, 0x91, 0xB2, 0x76, 0xCB, 0x18, 0x6D, 0xCA, 0xF0, 0xCE, 0xB0, 0x9D,
    0xDA, 0xAE, 0xAA, 0xD5, 0x78, 0x5F, 0xDF, 0x8D, 0x95, 0x41, 0xDC, 0x30, 0x56, 0x76, 0x95, 0xAE,
    0x93, 0x85, 0x5C, 0xA1, 0x8D, 0x68, 0x21, 0x1A, 0xB3, 0x31, 0x27, 0x6E, 0x9D, 0x0C, 0x4E, 0xBB,
    0xC5, 0xEC, 0xF4, 0x6B, 0xD5, 0xD9, 0xD4, 0x00, 0xFD, 0xA9, 0xD2, 0x32, 0x9D, 0x9C, 0x9E, 0x53,
    0xF5, 0x79, 0x0B, 0x77, 0xE7, 0xD7, 0x9D, 0x33, 0x2A, 0xD1, 0xAC, 0x7D, 0x6B, 0xA1, 0xF1, 0x0B,
    0xCE, 0xC8, 0x70, 0xD1, 0x19, 0x69, 0x2F, 0xFA, 0x40, 0xF5, 0xBE, 0x0F, 0x74, 0x99, 0xAE, 0x94,
    0x53, 0x5C, 0x1F, 0xB6, 0x8C, 0x47, 0x9F, 0x84, 0x70, 0xA6, 0xD0, 0xDF, 0xCB, 0x04, 0xA1, 0x7B,
    0x5E, 0x0F, 0xE0, 0xA6, 0x6B, 0xFE, 0x61, 0x54, 0x53, 0xE4, 0xED, 0x7F, 0xDB, 0x14, 0x9F, 0x5B,
    0x27, 0x07, 0x05, 0xBF, 0xF3, 0x1B, 0xAA, 0x19, 0x0B, 0x85, 0x4C, 0x57, 0x1A, 0xB9, 0x2E, 0x55,
    0xB0, 0x52, 0xC9, 0x66, 0x67, 0x8A, 0x64, 0xF8, 0x4F, 0x9B, 0xE2, 0x56, 0xCB, 0xF1, 0xD2, 0x3D,
    0xE0, 0x1F, 0x3A, 0x45, 0x4A, 0xAB, 0x65, 0xC7, 0xD2, 0x32, 0x53, 0x5B, 0x3B, 0xD5, 0x3C, 0x55,
    0x87, 0xBC, 0x24, 0x33, 0x23, 0xD7, 0xF2, 0x5B, 0x9F, 0x11, 0x05, 0x70, 0x57, 0xEC, 0x8A, 0x59,
    0xCB, 0x49, 0xCB, 0xF1, 0xA8, 0x65, 0xA2, 0x25, 0xD3, 0x8D, 0x0C, 0xAE, 0x9C, 0x4D, 0xE1, 0x0D,
    0xA6, 0x85, 0x60, 0x0A, 0xFF, 0xA5, 0x7B, 0xFE, 0xEC, 0x1B, 0x51, 0x08, 0xB2, 0xBF, 0x38, 0x8C,
    0x40, 0x0D, 0x6A, 0x5D, 0x53, 0x2A, 0x19, 0xBD, 0xC7, 0xFC, 0x3D, 0x19, 0x6E, 0xFD, 0x88, 0x9A,
    0x1E, 0xB6, 0x5E, 0xBF, 0xF2, 0x32, 0xA1, 0x3F, 0x29, 0xBE, 0x92, 0x09, 0xE9, 0x03, 0xE4, 0xA9,
    0x88, 0xD4, 0xA1, 0xC3, 0x63, 0x7E, 0x0B, 0xB1, 0x7F, 0xF1, 0xE1, 0xC8, 0x77, 0x63, 0x0E, 0xEB,
    0x31, 0x5E, 0x52, 0x66, 0x55, 0x72, 0x99, 0xB8, 0xEB, 0x84, 0x73, 0x2B, 0x0C, 0xA3, 0x95, 0x93,
    0xBE, 0x81, 0x2A, 0x8D, 0x99, 0x4C, 0xDE, 0x72, 0x9E, 0x33, 0x3F, 0x68, 0xC5, 0xA9, 0x1A, 0x95,
    0x4F, 0x45, 0x0E, 0x98, 0x82, 0x45, 0x5E, 0x57, 0x2A, 0x62, 0x5F, 0xC9, 0x63, 0xE9, 0x90, 0x4B,
    0xFD, 0x0B, 0x66, 0xE4, 0x54, 0xFE, 0xC6, 0xCA, 0xDF, 0xA5, 0xC5, 0x36, 0x0F, 0xBC, 0xDC, 0x5B,
    0x67, 0x54, 0xCC, 0xD0, 0xA8, 0xB8, 0x67, 0xB3, 0xA2, 0x4D, 0xCA, 0xB0, 0x33, 0xAD, 0xF4, 0xED,
    0x17, 0x66, 0x98, 0x84, 0x59, 0x21, 0x54, 0x80, 0x9A, 0x4A, 0x30, 0x4F, 0x05, 0x17, 0x12, 0xAA,
    0xC7, 0x61, 0xEB, 0x95, 0x93, 0xA6, 0x3A, 0x01, 0xE8, 0x8D, 0x8A, 0x09, 0x36, 0x38, 0xA9, 0xF8,
    0xCA, 0xB9, 0x62, 0x99, 0x33, 0x9A, 0x33, 0x99, 0x9D, 0xB0, 0x77, 0x26, 0x23, 0xF8, 0x60, 0x72,
    0x73, 0xED, 0x15, 0xCD, 0x90, 0xF0, 0x66, 0xF8, 0xF2, 0x08, 0x2B, 0x19, 0x2B, 0xB1, 0x94, 0xAC,
    0xF0, 0x5F, 0x8D, 0x90, 0x64, 0x3B, 0xC2, 0xCB, 0x01, 0x2F, 0xF8, 0xCE, 0x63, 0x82, 0x97, 0x3D,
    0x6D, 0xF7, 0x16, 0x40, 0x1C, 0x83, 0xF7, 0x9D, 0xB1, 0x10, 0xDC, 0x85, 0x80, 0x64, 0xF8, 0xB4,
    0x5D, 0xF2, 0x62, 0x1D, 0xB5, 0x0D, 0x11, 0x25, 0xA3, 0xE7, 0x88, 0x64, 0xF2, 0x0C, 0xFF, 0x22,
    0x11, 0x99, 0x38, 0x69, 0x75, 0x1B, 0xD6, 0x03, 0x3C, 0xC5, 0x9B, 0x4C, 0x5A, 0x0F, 0x08, 0x7E,
    0x05, 0x5B, 0x1F, 0xFE, 0x60, 0x8E, 0xAD, 0x52, 0x1C, 0xAA, 0x1E, 0x64, 0xDA, 0x16, 0xB1, 0x13,
    0xB8, 0xE4, 0xE3, 0xC6, 0x43, 0x8A, 0x88, 0xD5, 0xFB, 0x33, 0x5B, 0xAD, 0xDB, 0xE8, 0xD6, 0x58,
    0x07, 0x24, 0x83, 0x95, 0xA5, 0x1F, 0xB3, 0x06, 0x72, 0x22, 0x86, 0x32, 0x71, 0x23, 0x31, 0xEF,
    0x73, 0x71, 0x3A, 0x2D, 0xBA, 0x42, 0x1C, 0xDF, 0xB8, 0x68, 0x8A, 0x4D, 0x80, 0x19, 0x8C, 0x03,
    0x48, 0x2B, 0x6D, 0xCE, 0x7D, 0x83, 0x2A, 0x27, 0xB8, 0x3F, 0xE8, 0xA2, 0x6B, 0x88, 0xCA, 0x48,
    0x25, 0xF8, 0x0B, 0x19, 0xA4, 0x6B, 0x39, 0xBB, 0xCB, 0xFE, 0xB2, 0xC3, 0xC8, 0xE9, 0x3B, 0x89,
    0x2E, 0x33, 0x6E, 0xCC, 0x4E, 0xB3, 0xD7, 0x78, 0x16, 0x31, 0x8D, 0x0A, 0xF2, 0x01, 0xC0, 0xB4,
    0x3E, 0x03, 0xC6, 0xB9, 0x84, 0x69, 0xAD, 0xB4, 0xD8, 0x08, 0xB8, 0xC1, 0xF4, 0x48, 0x4C, 0x4F,
    0xA8, 0x4C, 0xC0, 0xB4, 0x21, 0xA6, 0x0F, 0x32, 0x54, 0xF2, 0x47, 0x62, 0xFA, 0xE3, 0x2B, 0x98,
    0x4E, 0x14, 0x53, 0xF1, 0x19, 0xA6, 0x93, 0x7D, 0x4C, 0xA7, 0x57, 0x31, 0x0D, 0x1D, 0xB1, 0xD9,
    0xD1, 0x85, 0x59, 0x59, 0x46, 0xC8, 0x88, 0x95, 0x47, 0xD2, 0x7B, 0x53, 0x2F, 0x11, 0x5F, 0x18,
    0x1F, 0xF7, 0xE3, 0x22, 0x09, 0xD7, 0x5C, 0x6E, 0xE9, 0x38, 0x73, 0xB1, 0x4B, 0xD8, 0x00, 0x8E,
    0x61, 0xED, 0x6B, 0xE2, 0xF0, 0x59, 0x10, 0x87, 0x2F, 0xAE, 0x83, 0x73, 0x15, 0xC0, 0x59, 0x6E,
    0x3A, 0xD1, 0x1E, 0xB7, 0x2B, 0x85, 0x83, 0xF5, 0xAB, 0x65, 0xA9, 0x49, 0x8C, 0x77, 0x62, 0x3B,
    0x68, 0x8F, 0xCF, 0x39, 0x44, 0xF1, 0x57, 0x4B, 0x89, 0x6C, 0x08, 0xAC, 0x7A, 0x83, 0x0B, 0xBB,
    0x6D, 0xC0, 0x3B, 0xC3, 0x23, 0xC9, 0x15, 0xD1, 0xA8, 0x89, 0xCA, 0x86, 0x74, 0x44, 0x28, 0x4B,
    0x77, 0xB3, 0x3F, 0x3F, 0x58, 0x19, 0x63, 0x18, 0x15, 0x81, 0xC0, 0x58, 0x66, 0x05, 0xE9, 0x41,
    0x66, 0xB0, 0x23, 0x65, 0x2E, 0xE4, 0x04, 0x89, 0xC0, 0xE0, 0x54, 0x09, 0x4C, 0x69, 0x9D, 0x8C,
    0xBC, 0x8C, 0x65, 0x50, 0x99, 0x48, 0x6F, 0x41, 0x85, 0xEB, 0xB4, 0xFB, 0x95, 0x34, 0x95, 0x62,
    0xCF, 0x05, 0xBE, 0xE6, 0xF2, 0x91, 0x08, 0x4C, 0xC6, 0xFD, 0x2F, 0xCA, 0xDA, 0x43, 0xF3, 0x22,
    0x95, 0x97, 0xD8, 0x91, 0x5F, 0xD6, 0x6D, 0x9B, 0x70, 0xC8, 0x55, 0x69, 0x13, 0xC4, 0x48, 0x71,
    0xA3, 0xEB, 0x05, 0x79, 0xBE, 0x32, 0xC2, 0x13, 0x3C, 0xAB, 0x80, 0xC6, 0xD0, 0x82, 0x58, 0x45,
    0xA9, 0x3B, 0xFC, 0xA5, 0xF6, 0x1B, 0x75, 0x73, 0x45, 0xFD, 0xA9, 0x00, 0x75, 0xA9, 0x82, 0xB0,
    0xB3, 0x8E, 0x62, 0xEC, 0xD1, 0x2D, 0x2D, 0xF0, 0x6E, 0x11, 0xBB, 0xAB, 0xA4, 0xCD, 0x7C, 0xEE,
    0x8F, 0x0B, 0xC4, 0x06, 0x7D, 0x46, 0x98, 0x70, 0x44, 0x1B, 0x1A, 0xB3, 0xD9, 0x8C, 0x72, 0x78,
    0x0F, 0xEC, 0xFF, 0xA2, 0x8B, 0x45, 0xE5, 0x88, 0xB7, 0x6F, 0xCE, 0xAD, 0xDB, 0x57, 0xD9, 0xFF,
    0x76, 0x78, 0xC0, 0xC5, 0x86, 0x2C, 0x7B, 0x10, 0x27, 0xFA, 0x58, 0xC5, 0xFC, 0x68, 0x5A, 0x09,
    0x96, 0x09, 0x34, 0x10, 0xF1, 0xAC, 0xB5, 0xA7, 0xF7, 0x11, 0x1E, 0x26, 0xAA, 0xCD, 0xB7, 0xB5,
    0x92, 0x9E, 0xCC, 0x68, 0x80, 0x94, 0x64, 0xF2, 0x2B, 0x5D, 0x86, 0x1B, 0x3B, 0x01, 0x76, 0xE4,
    0x4D, 0xE9, 0xB5, 0x32, 0xA4, 0xBE, 0xD3, 0x27, 0xBF, 0xF6, 0x79, 0xC9, 0xC4, 0xF5, 0x0D, 0xA7,
    0x14, 0x62, 0x67, 0x05, 0x0F, 0xD1, 0xB3, 0xC0, 0x67, 0xC1, 0xCF, 0x02, 0x20, 0x22, 0xC8, 0x10,
    0x42, 0x86, 0x18, 0x32, 0x04, 0x91, 0x21, 0x8A, 0x9C, 0xF2, 0x50, 0x21, 0x8E, 0x0C, 0x81, 0x64,
    0x88, 0x24, 0x43, 0x28, 0x19, 0x62, 0xC9, 0x10, 0x4C, 0x86, 0x68, 0x32, 0x84, 0x93, 0x21, 0x9E,
    0x16, 0x40, 0x2D, 0x88, 0x5A, 0x20, 0x45, 0x4C, 0x6D, 0x40, 0x45, 0x54, 0x9D, 0xC3, 0xCA, 0xE5,
    0xF5, 0x5E, 0x02, 0x53, 0xBA, 0x80, 0xA3, 0x05, 0x64, 0x3C, 0x46, 0xE0, 0x5E, 0x97, 0x0D, 0x76,
    0xA8, 0xF4, 0x78, 0x83, 0x3F, 0x6B, 0x68, 0x78, 0xD6, 0x2C, 0x44, 0xDC, 0x9B, 0xDF, 0x61, 0xAB,
    0xD3, 0x3D, 0x81, 0xD7, 0xAB, 0x22, 0x81, 0x6D, 0x51, 0xC7, 0x3D, 0x78, 0xF4, 0x0A, 0x2F, 0xEA,
    0x12, 0xF5, 0x5C, 0x25, 0x39, 0xDB, 0xCF, 0xF9, 0x7A, 0x73, 0x1D, 0x60, 0xBC, 0x2C, 0x66, 0xF6,
    0x10, 0x06, 0x44, 0x9D, 0xEF, 0xCA, 0x8C, 0xBC, 0x5B, 0x70, 0xB0, 0x61, 0x3C, 0x3E, 0x5A, 0x7B,
    0xC7, 0x3A, 0xC0, 0x51, 0xF0, 0x51, 0x06, 0xA0, 0x9B, 0x7C, 0xDD, 0xA2, 0x67, 0x5A, 0x57, 0xB0,
    0xB2, 0x3E, 0x5E, 0x53, 0xAF, 0xE9, 0x80, 0x3A, 0x65, 0xC1, 0xCD, 0x40, 0x66, 0x7C, 0xE5, 0x1E,
    0x0B, 0x2F, 0x62, 0x88, 0x0A, 0x5C, 0xBB, 0x7B, 0x60, 0x7D, 0x5A, 0xFF, 0x01, 0xA3, 0x54, 0xA8,
    0xC3, 0xEA, 0x83, 0x39, 0x70, 0x93, 0xA2, 0xD4, 0x0B, 0x29, 0x4D, 0x3A, 0x4B, 0x04, 0xF0, 0x26,
    0x2A, 0x89, 0x04, 0x56, 0x81, 0x06, 0x87, 0xEB, 0x12, 0x88, 0xE8, 0x98, 0x42, 0x42, 0xBB, 0x6A,
    0x20, 0x43, 0xAD, 0x54, 0x2D, 0x55, 0x03, 0x84, 0xA0, 0x3A, 0x91, 0x52, 0x82, 0xE5, 0x11, 0xB4,
    0x8F, 0x1D, 0x0E, 0xAD, 0x79, 0x51, 0xC7, 0x50, 0x26, 0x32, 0x1D, 0xEC, 0xC6, 0xE2, 0xF5, 0xAA,
    0x02, 0x3C, 0x69, 0x5E, 0xF7, 0x5B, 0xF4, 0x95, 0x7B, 0x18, 0xFA, 0xB3, 0x4C, 0xB2, 0x4F, 0xCD,
    0xC1, 0xCE, 0x0C, 0x6F, 0xBD, 0x06, 0x11, 0x8D, 0x90, 0x05, 0xE4, 0x71, 0xA1, 0xA2, 0xCC, 0x5E,
    0xB6, 0x90, 0x1E, 0x85, 0xDF, 0xBC, 0x3C, 0x2D, 0x41, 0x49, 0xA4, 0xDE, 0x43, 0xF6, 0x90, 0xE4,
    0xB9, 0xCA, 0xEC, 0xA5, 0x20, 0x91, 0x06, 0x09, 0xF3, 0x57, 0xB3, 0xD6, 0xA1, 0x03, 0x27, 0x47,
    0xD4, 0xB1, 0xB3, 0x40, 0x65, 0xA2, 0x75, 0xEE, 0xA4, 0xC5, 0x73, 0x20, 0x4B, 0x98, 0x64, 0x32,
    0x90, 0x48, 0x05, 0x15, 0x18, 0xC8, 0x4D, 0x86, 0x38, 0xE7, 0x89, 0x3E, 0x3E, 0x41, 0x7E, 0x94,
    0xC1, 0xC0, 0xE5, 0x84, 0xA7, 0x1F, 0xF9, 0xC5, 0xEB, 0x81, 0xCD, 0x82, 0x04, 0x22, 0xAB, 0xC5,
    0x34, 0xBC, 0x7E, 0xBC, 0xAA, 0x30, 0xF3, 0xF8, 0x59, 0xB8, 0x1F, 0x39, 0xDE, 0xEA, 0x60, 0xDC,
    0xE9, 0x28, 0x7B, 0xF1, 0xBA, 0xC5, 0xDF, 0x49, 0xD7, 0x7E, 0xF5, 0xBF, 0x4A, 0xD5, 0x80, 0x1F,
    0x3A, 0xDA, 0x5B, 0x96, 0xBD, 0x2B, 0x9B, 0xB7, 0x16, 0xA6, 0xD7, 0x18, 0x44, 0x74, 0x59, 0xDE,
    0x9E, 0xC7, 0xF0, 0xC5, 0xB4, 0x19, 0xAF, 0x8A, 0x7B, 0x68, 0xB8, 0xBE, 0x1D, 0x02, 0x19, 0x41,
    0xAE, 0x7C, 0x80, 0xA2, 0xF5, 0x9F, 0x3F, 0x85, 0xEB, 0x5E, 0x7C, 0x0C, 0x19, 0x5E, 0x18, 0x23,
    0x73, 0xEF, 0xD6, 0x8F, 0xC4, 0xE5, 0x74, 0x3E, 0x91, 0xCE, 0x1C, 0xB5, 0x67, 0x09, 0x87, 0xA9,
    0x96, 0xA0, 0x6D, 0x4C, 0x2F, 0xF0, 0x80, 0xAE, 0x9C, 0x44, 0xB2, 0xCF, 0x4F, 0x30, 0x09, 0xA3,
    0x6A, 0x4C, 0x1B, 0x30, 0xA9, 0x49, 0x3C, 0xC4, 0xA0, 0x12, 0xC1, 0x2B, 0x01, 0x74, 0x7B, 0x2D,
    0x6B, 0x1F, 0x37, 0x63, 0x18, 0xFB, 0x88, 0xCF, 0x41, 0x5D, 0x47, 0x04, 0x39, 0x48, 0x4D, 0xF2,
    0xF1, 0x76, 0x7D, 0x00, 0x99, 0x00, 0x0F, 0xF3, 0x03, 0xF6, 0xDF, 0x97, 0xC6, 0xFC, 0xCC, 0xC4,
    0xAE, 0x11, 0x4D, 0x8E, 0x68, 0x56, 0xE7, 0xA3, 0x06, 0xEA, 0x73, 0x71, 0x39, 0xCA, 0x2D, 0x02,
    0x77, 0x70, 0x66, 0x80, 0x4F, 0x0B, 0x59, 0x70, 0xDD, 0x0F, 0x59, 0x05, 0xC7, 0xDE, 0x62, 0xC2,
    0x03, 0xA8, 0x20, 0x9B, 0xCF, 0x72, 0x5F, 0x79, 0xD2, 0x9D, 0x6F, 0x13, 0xDE, 0x50, 0xD5, 0xF6,
    0xA5, 0xCD, 0x17, 0xB9, 0xF2, 0x28, 0x9C, 0x75, 0xD5, 0x57, 0xC9, 0x5B, 0xC0, 0xF8, 0x58, 0x42,
    0xA2, 0xB9, 0x3D, 0x1D, 0x82, 0xA7, 0xC0, 0xE2, 0x72, 0x5B, 0x28, 0x04, 0xD6, 0x57, 0xE5, 0x81,
    0x97, 0xB4, 0xEE, 0x00, 0x93, 0x4E, 0x8D, 0x55, 0x38, 0xF9, 0x53, 0xEC, 0x3D, 0x3C, 0x08, 0xFC,
    0x9E, 0x23, 0x82, 0x87, 0x1A, 0xCF, 0xB4, 0x3C, 0xB3, 0x4A, 0x63, 0x41, 0x68, 0xE6, 0x11, 0xEE,
    0x34, 0x9A, 0xDB, 0x70, 0xE5, 0x8B, 0xD0, 0x42, 0x78, 0x8A, 0xCD, 0x77, 0xF4, 0xB7, 0x3E, 0x5F,
    0xCF, 0xED, 0xBA, 0x40, 0x36, 0x99, 0x00, 0x48, 0x74, 0x20, 0x56, 0x68, 0xAE, 0x5E, 0xAF, 0x72,
    0x9F, 0x0C, 0xFA, 0xD4, 0x7A, 0xCA, 0xAA, 0xD5, 0xBA, 0x4C, 0x47, 0x29, 0x5D, 0x9E, 0xEB, 0xBB,
    0x3A, 0x65, 0x7D, 0xC9, 0x44, 0x58, 0x7E, 0xA2, 0x31, 0x15, 0x8F, 0xD8, 0x99, 0x78, 0x07, 0xF3,
    0x82, 0xEB, 0xC4, 0x2B, 0x7A, 0x32, 0x58, 0x0F, 0x6A, 0x4B, 0x6D, 0xC5, 0xF3, 0xEF, 0x2A, 0xBD,
    0x31, 0x14, 0x78, 0xC4, 0x1D, 0x1E, 0x49, 0x13, 0x06, 0x87, 0xAD, 0x78, 0x5B, 0x33, 0xC1, 0x0B,
    0xF5, 0xCB, 0x2C, 0x23, 0xA6, 0xD5, 0xAC, 0xC7, 0x14, 0x72, 0x68, 0x1E, 0x30, 0xA0, 0x2C, 0x45,
    0xFA, 0x4F, 0x18, 0xA5, 0x09, 0x12, 0xAA, 0xFA, 0x79, 0x3D, 0x80, 0x21, 0x96, 0x53, 0x35, 0x3A,
    0x7C, 0xA4, 0xAD, 0x31, 0xEF, 0x61, 0xC8, 0xDD, 0x4D, 0x0C, 0x7C, 0x41, 0x6C, 0x96, 0xF4, 0x1E,
    0xF1, 0x2D, 0x64, 0xB5, 0x20, 0x3F, 0x64, 0x06, 0x46, 0x21, 0x9D, 0x2F, 0x96, 0x39, 0xE4, 0xCB,
    0xCE, 0xE5, 0x9D, 0xB1, 0x5D, 0xAC, 0x5D, 0x48, 0x3B, 0xD2, 0x8F, 0xB1, 0xDC, 0x00, 0x8D, 0x8B,
    0x3E, 0xCD, 0xAB, 0x2B, 0xF3, 0x94, 0xEC, 0x25, 0xDF, 0x81, 0xA4, 0x04, 0x65, 0x28, 0xEF, 0x8E,
    0x23, 0xF7, 0xC3, 0x6E, 0xC6, 0x3E, 0xF8, 0x6E, 0x04, 0x38, 0x7D, 0xA6, 0x87, 0xB1, 0x8F, 0x53,
    0x78, 0x0A, 0x13, 0xB9, 0xD7, 0x74, 0x9B, 0xAB, 0xB3, 0x82, 0x74, 0x19, 0xD2, 0x68, 0xF3, 0x0A,
    0x16, 0x74, 0xE5, 0x0E, 0x8E, 0x7A, 0xAC, 0x55, 0x47, 0x2F, 0x32, 0x15, 0x43, 0xAE, 0xA2, 0x87,
    0x46, 0x3A, 0x2F, 0xFE, 0xD7, 0x3B, 0x15, 0x77, 0x28, 0x3F, 0x10, 0xD7, 0x36, 0x05, 0xF0, 0xA7,
    0x2F, 0x83, 0x07, 0xB0, 0x29, 0x89, 0xA8, 0x88, 0x21, 0x1E, 0xA9, 0x00, 0xD9, 0x14, 0x8F, 0xE3,
    0x1E, 0xF1, 0xCB, 0xBB, 0xB3, 0x40, 0x35, 0xD5, 0xE2, 0xE8, 0x0A, 0x3D, 0xB8, 0x51, 0x8B, 0x54,
    0x35, 0xFB, 0xEF, 0xEE, 0x13, 0xDA, 0xE1, 0x3A, 0x1E, 0x66, 0x52, 0x26, 0x32, 0x44, 0xDC, 0x1A,
    0xAE, 0x67, 0x2C, 0x37, 0x2A, 0x09, 0x77, 0xF2, 0x1A, 0x4E, 0x6E, 0xBA, 0x6A, 0xE5, 0x56, 0x76,
    0x3B, 0xEB, 0xF3, 0x72, 0xC6, 0x6E, 0x31, 0x29, 0x30, 0x3A, 0xB3, 0x33, 0x8A, 0xFF, 0x8F, 0x40,
    0x81, 0x51, 0xD6, 0x20, 0x5A, 0x1F, 0x32, 0x99, 0x50, 0x67, 0x64, 0x24, 0xD3, 0x03, 0x0C, 0x2A,
    0x17, 0xD9, 0xF9, 0x40, 0x27, 0x86, 0x3F, 0x69, 0xF4, 0xE6, 0x9D, 0x36, 0x70, 0x9D, 0x5D, 0xAF,
    0x51, 0x62, 0x36, 0x43, 0xB2, 0x28, 0xDC, 0x7D, 0x7A, 0xFB, 0xCD, 0x01, 0x37, 0xDE, 0x93, 0x30,
    0xDF, 0xDE, 0x38, 0xFB, 0x24, 0xBD, 0xC0, 0x46, 0x39, 0xF3, 0x38, 0xA1, 0xE0, 0xB4, 0xDD, 0xDF,
    0x8C, 0x2F, 0x99, 0xEC, 0x1A, 0x67, 0xA7, 0x29, 0xBB, 0x5B, 0xEF, 0x12, 0xBF, 0x8A, 0x6E, 0x5C,
    0x71, 0xD2, 0x22, 0x73, 0x45, 0x8E, 0x70, 0x9B, 0x48, 0x19, 0x0E, 0x29, 0x34, 0xB9, 0x72, 0x0D,
    0xB6, 0x98, 0x41, 0xB1, 0xDF, 0xAC, 0xBB, 0xF1, 0x9E, 0x4A, 0xCD, 0x5D, 0x24, 0xC0, 0x88, 0xA4,
    0xDB, 0xEF, 0x0C, 0x4A, 0x78, 0x78, 0xF0, 0xEC, 0x53, 0xFF, 0x8E, 0xCE, 0xB9, 0x7F, 0x61, 0xF7,
    0x3E, 0xE8, 0x0F, 0xC8, 0xE4, 0xAB, 0x54, 0x88, 0x67, 0x90, 0x4E, 0x0B, 0x0E, 0xEB, 0xC8, 0x82,
    0x82, 0x79, 0xBE, 0x1E, 0xE3, 0xD0, 0x6D, 0x8E, 0x71, 0x98, 0xBD, 0x9C, 0xA0, 0x54, 0x19, 0x77,
    0x8E, 0x71, 0x18, 0x9C, 0x54, 0xDB, 0x14, 0x48, 0x99, 0x9F, 0x9F, 0x32, 0x21, 0x30, 0x8C, 0x95,
    0x52, 0xFF, 0xAD, 0xD5, 0x9F, 0xDA, 0xBD, 0x5D, 0x13, 0x82, 0x1A, 0x4D, 0xDB, 0xAC, 0xD9, 0x4F,
    0xD0, 0x02, 0xCF, 0x7D, 0xE8, 0xD6, 0x18, 0x3A, 0x68, 0x12, 0x88, 0x2E, 0x44, 0x98, 0x62, 0xDE,
    0x40, 0x58, 0xFB, 0x43, 0x27, 0xA0, 0xBA, 0x48, 0xB4, 0xF5, 0xF1, 0x08, 0x8F, 0xEA, 0x87, 0xE6,
    0xF7, 0x3B, 0x3A, 0x63, 0x46, 0x98, 0x39, 0x60, 0x2F, 0x4E, 0x4E, 0x20, 0xCF, 0xCF, 0x8C, 0x30,
    0x73, 0xC0, 0x14, 0xFC, 0xF2, 0x94, 0x4D, 0x46, 0x98, 0xDB, 0xC2, 0xC2, 0xDD, 0x61, 0x13, 0x8C,
    0x32, 0x9B, 0x5C, 0x93, 0xEB, 0x6F, 0x6F, 0x98, 0x17, 0x16, 0xD1, 0xD6, 0x02, 0x22, 0x13, 0xF9,
    0x81, 0x46, 0xDB, 0x9F, 0xBA, 0xBB, 0x9F, 0x7F, 0x75, 0x14, 0x0F, 0xEB, 0xC5, 0x8C, 0x8F, 0xEB,
    0x01, 0x0E, 0x7A, 0xAC, 0xAF, 0x5B, 0x0A, 0xAD, 0xDB, 0x07, 0x7B, 0x88, 0x8E, 0x22, 0xB8, 0xEE,
    0x1F, 0x0E, 0xCC, 0x57, 0xCD, 0x8B, 0x9E, 0x74, 0x5F, 0x74, 0x2A, 0xDF, 0x67, 0xAC, 0x0C, 0xF3,
    0x87, 0x08, 0x27, 0xD6, 0x41, 0x65, 0x22, 0xF5, 0x03, 0x2E, 0x36, 0x04, 0xB8, 0xE3, 0xE8, 0x44,
    0x93, 0xAA, 0x78, 0x6E, 0xB1, 0x59, 0x8D, 0xA9, 0xF1, 0x9A, 0x44, 0x50, 0x1C, 0x12, 0x7C, 0xDF,
    0xE0, 0x81, 0x1E, 0x06, 0x87, 0x33, 0x65, 0x32, 0x02, 0x0E, 0xEC, 0xD5, 0x63, 0x48, 0x89, 0xBC,
    0x8C, 0x47, 0xC8, 0x5F, 0x00, 0x2E, 0x16, 0x7A, 0x5B, 0x52, 0xB2, 0xC9, 0xF4, 0x05, 0x81, 0x47,
    0x09, 0x75, 0x6D, 0xB2, 0x84, 0x5C, 0xE9, 0xC4, 0x43, 0xA1, 0xB8, 0xE8, 0xBC, 0xA8, 0x4A, 0x27,
    0x9E, 0xD3, 0x79, 0xDF, 0xD2, 0xD7, 0x7E, 0x54, 0xDE, 0x4B, 0xCC, 0xBC, 0x66, 0x62, 0x95, 0xA3,
    0xC9, 0xB4, 0xC3, 0x02, 0x14, 0x65, 0xF2, 0x06, 0xDC, 0x7C, 0x49, 0xE1, 0xB9, 0xF4, 0x15, 0xB6,
    0xF6, 0xD6, 0xD2, 0x23, 0x23, 0x55, 0xE9, 0xDC, 0xD2, 0x20, 0x92, 0xFF, 0x30, 0xC5, 0xE0, 0xAA,
    0x35, 0xEB, 0x19, 0x75, 0x66, 0x52, 0x6A, 0x2C, 0x98, 0x28, 0xA2, 0xEE, 0x9D, 0x1D, 0x41, 0x8F,
    0xFB, 0x08, 0x4C, 0x84, 0x37, 0x75, 0x8D, 0x36, 0x26, 0xFA, 0xC1, 0x26, 0x52, 0x76, 0xCA, 0x3D,
    0x41, 0x4D, 0x60, 0x55, 0x6C, 0x78, 0xBF, 0xCE, 0xBA, 0xDE, 0xAA, 0xB5, 0xB7, 0x6A, 0x19, 0xD3,
    0xAA, 0xBB, 0xD6, 0x6D, 0xCE, 0x8E, 0x09, 0xA3, 0x8C, 0x02, 0xEB, 0x96, 0xC1, 0x31, 0x61, 0x55,
    0x60, 0xD5, 0x16, 0x56, 0x55, 0x46, 0x08, 0x2C, 0x0B, 0xAB, 0x96, 0xE1, 0x17, 0xCA, 0x90, 0x16,
    0xD2, 0x71, 0xFB, 0x3A, 0xAC, 0x3A, 0xC1, 0xAA, 0xCB, 0x6E, 0xDB, 0x30, 0x30, 0x5D, 0x90, 0xCE,
    0xDC, 0x42, 0xDA, 0x8F, 0x6B, 0x4E, 0x9C, 0x67, 0x13, 0x28, 0x1C, 0xD3, 0xBB, 0x6B, 0x49, 0x2C,
    0xBE, 0x0E, 0x4C, 0xAF, 0x6C, 0x79, 0xEE, 0xB9, 0xEF, 0x45, 0x7F, 0x62, 0xF0, 0x8B, 0x3E, 0x05,
    0x14, 0xCC, 0x2F, 0xB6, 0xDB, 0x26, 0x2B, 0xD7, 0x25, 0xD8, 0x36, 0x69, 0x07, 0xE5, 0x2E, 0x6B,
    0xFA, 0x67, 0xFC, 0x70, 0x32, 0x1D, 0x16, 0x92, 0x7D, 0x6D, 0xBE, 0x66, 0x6E, 0x72, 0xC1, 0x36,
    0x8A, 0x30, 0x0C, 0x42, 0x05, 0x17, 0xAB, 0x85, 0x28, 0x2C, 0xBF, 0xF1, 0x6B, 0x07, 0x25, 0xA4,
    0xF2, 0xC6, 0x85, 0x44, 0x24, 0x93, 0x02, 0xA7, 0x72, 0x2A, 0x9C, 0x89, 0x99, 0x58, 0x66, 0x1A,
    0x23, 0x05, 0x55, 0xD4, 0x55, 0x33, 0x11, 0x7E, 0x1F, 0x47, 0x21, 0xEE, 0x07, 0xE4, 0x1A, 0x51,
    0x82, 0x8D, 0xAB, 0x3A, 0x35, 0x82, 0x88, 0xFE, 0x73, 0x71, 0x9A, 0x56, 0x8C, 0xBF, 0x23, 0x4F,
    0xC8, 0x07, 0x7A, 0x57, 0xDE, 0x95, 0x0F, 0x40, 0x6A, 0x79, 0x22, 0x89, 0x3C, 0x41, 0x3C, 0xE6,
    0xD9, 0x74, 0x94, 0x0F, 0x91, 0x99, 0x93, 0x31, 0x86, 0x4E, 0x52, 0x04, 0x72, 0x66, 0x54, 0xDB,
    0x58, 0xB0, 0x6F, 0x1D, 0x07, 0xED, 0x0D, 0xA8, 0xD6, 0x87, 0xC5, 0xE5, 0xE7, 0x49, 0x34, 0xEA,
    0xA3, 0xC0, 0xE1, 0x4B, 0xC0, 0x76, 0xA9, 0xB9, 0x0C, 0xAE, 0xF0, 0x5E, 0x02, 0x3F, 0x96, 0xD9,
    0x34, 0x12, 0x2F, 0x98, 0x29, 0x60, 0xC4, 0x21, 0x08, 0xA7, 0x26, 0xC2, 0x48, 0xF3, 0xFA, 0xA5,
    0x42, 0xE4, 0x1A, 0x36, 0x15, 0x02, 0x25, 0x13, 0xC3, 0x5B, 0x6F, 0x99, 0xC3, 0x65, 0xFE, 0x58,
    0x21, 0x30, 0xFD, 0x88, 0x4A, 0x8C, 0x6F, 0x82, 0xD4, 0x49, 0xC3, 0xCD, 0x03, 0xCA, 0xAA, 0xCD,
    0xA5, 0x4E, 0x67, 0x87, 0x78, 0xFD, 0x0F, 0xAA, 0xAF, 0x0B, 0xF1, 0x87, 0xA4, 0x59, 0x29, 0x95,
    0x0A, 0xF8, 0xBE, 0x53, 0xB1, 0x63, 0xA0, 0x3F, 0x16, 0xA7, 0x60, 0x17, 0x15, 0x11, 0x0D, 0x8F,
    0x24, 0xF2, 0x64, 0x56, 0x8D, 0x26, 0x22, 0x03, 0xBF, 0xB3, 0xB2, 0x53, 0x6D, 0xC6, 0x22, 0x8D,
    0x80, 0x70, 0xE6, 0x6E, 0x34, 0x68, 0xC5, 0x54, 0x78, 0x8D, 0xF9, 0xFD, 0xDE, 0xB1, 0x8C, 0x18,
    0xA5, 0x91, 0xF4, 0x88, 0x73, 0x44, 0xA0, 0xB6, 0x03, 0xD1, 0xDC, 0xF0, 0x91, 0x10, 0x5D, 0x67,
    0xA7, 0x36, 0x22, 0x70, 0x73, 0xE5, 0xD4, 0xC6, 0x97, 0x2F, 0x9E, 0xDA, 0x58, 0x01, 0x0A, 0x6D,
    0xA1, 0xF6, 0xF1, 0x99, 0x60, 0x45, 0xDE, 0xA0, 0xED, 0x71, 0x3F, 0x89, 0xC6, 0x0B, 0x30, 0x8E,
    0x8D, 0xB6, 0xBA, 0x76, 0x16, 0x7E, 0xDB, 0x33, 0x5E, 0x1F, 0xEB, 0x73, 0x73, 0x79, 0xE6, 0xF7,
    0xF8, 0x12, 0x06, 0x02, 0x3D, 0xAF, 0x07, 0x26, 0xC0, 0x01, 0xE4, 0x3C, 0x66, 0xF7, 0xBE, 0x92,
    0x6B, 0xE6, 0xD0, 0xDA, 0x39, 0x9E, 0x03, 0x32, 0xDE, 0x39, 0xA6, 0x23, 0xD8, 0x94, 0xCF, 0xB9,
    0x01, 0x77, 0x00, 0xD0, 0xF2, 0x0D, 0x07, 0x8B, 0xE9, 0xBC, 0x0C, 0x80, 0xAE, 0x66, 0xC4, 0x1D,
    0x5B, 0xFD, 0x0C, 0xCE, 0xCF, 0xD8, 0x3D, 0x40, 0x03, 0x81, 0xC7, 0x58, 0x46, 0x44, 0xCD, 0xFB,
    0x54, 0x91, 0xD0, 0xE2, 0x5C, 0xCF, 0x93, 0x7F, 0xD3, 0x83, 0x1F, 0xA8, 0x5A, 0xC4, 0x59, 0xA1,
    0xDA, 0x6C, 0x19, 0xFD, 0x81, 0x86, 0x78, 0x07, 0xCF, 0x19, 0xCE, 0x9C, 0xF1, 0xB1, 0x34, 0x3B,
    0xAD, 0x41, 0xA6, 0x1C, 0x0D, 0xCB, 0x18, 0xDA, 0xDF, 0xD0, 0xB6, 0x31, 0xE6, 0x80, 0x1A, 0xF4,
    0x1F, 0xA2, 0x0D, 0x82, 0x4C, 0x06, 0x90, 0xD8, 0xC6, 0x16, 0x83, 0x48, 0x55, 0x72, 0xCD, 0x59,
    0x2E, 0x88, 0xFB, 0xE1, 0x1B, 0x9F, 0x46, 0xE4, 0xBE, 0x65, 0x4C, 0x11, 0x65, 0xA5, 0x1C, 0xF0,
    0x04, 0xE9, 0xC0, 0xE3, 0xB4, 0xF5, 0x71, 0x7C, 0x00, 0x19, 0x7E, 0xE7, 0xA5, 0x85, 0xE0, 0x72,
    0xD7, 0x92, 0x66, 0x08, 0x89, 0x53, 0x12, 0x78, 0x4E, 0x02, 0x78, 0x34, 0xFB, 0x17, 0x72, 0x42,
    0x2D, 0xE4, 0xE6, 0xB0, 0xD8, 0xA3, 0x97, 0x49, 0x20, 0xC9, 0x2C, 0x41, 0xD3, 0xAE, 0xBC, 0xFE,
    0x85, 0x11, 0xFF, 0x09, 0x7F, 0xE6, 0xE1, 0x3B, 0x9C, 0x61, 0xA5, 0x0C, 0xFF, 0x3C, 0x04, 0x84,
    0x38, 0x00, 0xD0, 0x19, 0x6A, 0xE7, 0xCF, 0x27, 0xDF, 0x5C, 0xFC, 0x19, 0xCD, 0x3D, 0xFB, 0xA6,
    0x5E, 0xCA, 0x4A, 0x65, 0x6D, 0xAC, 0xCA, 0x32, 0xFC, 0xC6, 0x54, 0x72, 0x07, 0x92, 0x0D, 0x77,
    0x20, 0xF8, 0xC6, 0xD4, 0x5D, 0xEE, 0x00, 0x39, 0x97, 0xB2, 0x94, 0x03, 0xBE, 0x8B, 0x22, 0x82,
    0x73, 0x45, 0x65, 0x88, 0x2C, 0xC3, 0x27, 0xDD, 0xFB, 0x75, 0x4F, 0xDD, 0xA8, 0x66, 0xA0, 0x17,
    0xFC, 0x1A, 0xBD, 0x42, 0x1F, 0xF4, 0x81, 0xB3, 0x3E, 0x6A, 0xC2, 0x63, 0xC3, 0x93, 0x8F, 0x89,
    0x2E, 0xD2, 0x97, 0x27, 0x6F, 0x03, 0xA2, 0x8D, 0x9F, 0x53, 0x1B, 0x3C, 0x60, 0x40, 0xCB, 0x7C,
    0x5C, 0x07, 0x2A, 0x78, 0x3E, 0x28, 0xD1, 0x27, 0x34, 0xF9, 0x51, 0x30, 0x6A, 0xEE, 0x22, 0x06,
    0xF8, 0xF6, 0xAD, 0xDA, 0x74, 0xD8, 0xF2, 0x45, 0x8A, 0xF5, 0xAD, 0x5D, 0x12, 0x0B, 0xDC, 0x4A,
    0xFD, 0x80, 0x01, 0xE6, 0x90, 0xCB, 0x68, 0x70, 0x1A, 0xC9, 0x26, 0x07, 0x04, 0xF5, 0x6A, 0x49,
    0x51, 0x5F, 0x87, 0x8D, 0x3D, 0xDD, 0x51, 0xEB, 0xFF, 0x13, 0x94, 0x56, 0x41, 0xCE, 0xAC, 0x44,
    0x18, 0x6C, 0x20, 0x3E, 0x16, 0xB3, 0xC0, 0xBD, 0x89, 0x73, 0x01, 0x13, 0xB6, 0xEE, 0x06, 0xDF,
    0x05, 0xDC, 0x78, 0x8F, 0x77, 0x03, 0x19, 0x6F, 0xE0, 0x4D, 0xDE, 0x11, 0x20, 0xF1, 0x02, 0x93,
    0x78, 0x01, 0x12, 0xDD, 0xB9, 0x90, 0x44, 0x12, 0xE7, 0xBD, 0x00, 0xE5, 0x54, 0x57, 0xD1, 0x4D,
    0xFE, 0xBC, 0x8D, 0x5F, 0x32, 0xD3, 0x55, 0x0D, 0xD0, 0xFD, 0x55, 0x7D, 0xFD, 0x85, 0xA0, 0xB8,
    0xAE, 0x06, 0xED, 0x01, 0x6E, 0x4F, 0x83, 0x61, 0xD6, 0x58, 0x80, 0xE0, 0x02, 0x7C, 0xC4, 0x48,
    0xC6, 0xB8, 0x87, 0x70, 0xE5, 0xB8, 0x87, 0x10, 0xC0, 0x58, 0x42, 0xA8, 0x23, 0x18, 0x7D, 0x85,
    0x0F, 0xF5, 0x11, 0x3C, 0x79, 0xCB, 0xA7, 0x62, 0xC0, 0x1A, 0x2A, 0x3E, 0xD9, 0x60, 0x0B, 0xF5,
    0xEB, 0xF7, 0x62, 0xFB, 0x8B, 0xCC, 0x7C, 0xE7, 0x1E, 0xAE, 0x78, 0xF0, 0x5D, 0x7B, 0xB8, 0x61,
    0x3C, 0xC0, 0x5D, 0xA0, 0x47, 0x20, 0xD8, 0xC2, 0x40, 0x50, 0x60, 0x15, 0xA8, 0x0E, 0x50, 0x63,
    0x79, 0x81, 0x2E, 0xC4, 0x97, 0x0D, 0x7C, 0xBC, 0xC7, 0x14, 0xFA, 0x17, 0x29, 0xB9, 0x9F, 0x1B,
    0xF6, 0xEE, 0x03, 0x10, 0x5E, 0x80, 0xB1, 0xF1, 0x3E, 0x6F, 0xF9, 0xC2, 0x91, 0x0B, 0x97, 0x11,
    0x70, 0x99, 0x5E, 0x3B, 0xD6, 0xB5, 0xBB, 0x84, 0xC0, 0x14, 0x8E, 0x28, 0x3D, 0x57, 0x71, 0xBD,
    0xB8, 0xB6, 0xE6, 0x9B, 0x5D, 0x63, 0x4F, 0x19, 0xDF, 0xE9, 0xED, 0x61, 0x00, 0x30, 0x79, 0x95,
    0xBB, 0xD6, 0xDF, 0x0E, 0xC1, 0xF8, 0x0A, 0x46, 0x17, 0x2E, 0xD8, 0x0B, 0x60, 0x8C, 0xBB, 0x67,
    0xF2, 0x2D, 0x71, 0xDC, 0x77, 0x88, 0x63, 0xEF, 0x71, 0xD8, 0x43, 0xB8, 0x72, 0xDC, 0xF8, 0xAA,
    0x8E, 0x3C, 0x5E, 0x1B, 0x40, 0x01, 0x89, 0xA7, 0x2B, 0x56, 0x5E, 0xD3, 0xF2, 0xAD, 0x72, 0x53,
    0xB6, 0x9D, 0xD6, 0x5B, 0x95, 0x0F, 0x1E, 0xCA, 0x50, 0x56, 0x2B, 0xBE, 0xFA, 0xE9, 0x6D, 0x49,
    0xDC, 0x12, 0x58, 0x0C, 0x68, 0x96, 0xB2, 0x1E, 0x69, 0x4C, 0xB8, 0x30, 0xAF, 0xA8, 0x28, 0x19,
    0x56, 0x59, 0x50, 0x08, 0x8C, 0xA1, 0x24, 0xB8, 0xE2, 0x1E, 0x2A, 0xAE, 0xD4, 0x46, 0xB0, 0x68,
    0xF3, 0x15, 0x66, 0x02, 0xBE, 0xE2, 0x0C, 0xFA, 0x9D, 0x4F, 0x4E, 0x21, 0x0C, 0x04, 0xDC, 0xA6,
    0x5E, 0x31, 0x0A, 0xB4, 0x67, 0x50, 0xF2, 0xA5, 0x2C, 0x92, 0xF2, 0xF4, 0x52, 0x49, 0x92, 0x40,
    0x4D, 0x30, 0xE0, 0x78, 0x29, 0x3A, 0xBD, 0xA2, 0xA7, 0x8C, 0xB2, 0x64, 0xB9, 0x00, 0x81, 0xC0,
    0xEA, 0x5C, 0x61, 0xF3, 0x1A, 0x55, 0xB3, 0x74, 0xDB, 0x65, 0x2E, 0x2C, 0xC0, 0x3B, 0x4D, 0x38,
    0x86, 0x87, 0x46, 0x8C, 0x2A, 0x11, 0x8F, 0xB5, 0x4B, 0xE4, 0x03, 0xE2, 0x7E, 0x5A, 0xAC, 0x71,
    0xBC, 0x61, 0x0E, 0x35, 0xA6, 0xB8, 0xF3, 0x0B, 0x1E, 0xD9, 0xE6, 0xDD, 0x36, 0x6F, 0x1A, 0xAD,
    0x9D, 0xD3, 0xED, 0x82, 0xAC, 0x0D, 0x85, 0xB2, 0x76, 0xD2, 0xBB, 0x52, 0x1D, 0x8E, 0x71, 0xD3,
    0x88, 0x2D, 0x5C, 0x98, 0xF0, 0x71, 0xAE, 0x80, 0x7B, 0xCC, 0x05, 0xCE, 0x69, 0xD0, 0xC8, 0xAC,
    0xFF, 0xF6, 0x59, 0xFE, 0x91, 0xBB, 0x2D, 0xF1, 0xE7, 0x15, 0xE1, 0x1C, 0xE5, 0x23, 0x7C, 0x7B,
    0xA2, 0x97, 0xB5, 0xC4, 0x89, 0x5E, 0xF1, 0x11, 0xF7, 0xD3, 0x55, 0xD5, 0x77, 0x7A, 0xD6, 0x72,
    0x39, 0xA4, 0xB8, 0xC2, 0x75, 0xF6, 0xBF, 0x42, 0x07, 0xE9, 0x53, 0x32, 0x4B, 0x0E, 0x4D, 0xB4,
    0x25, 0xD3, 0xD5, 0xC9, 0x99, 0xC2, 0x39, 0x3F, 0x43, 0xAB, 0xDC, 0x45, 0x17, 0xD3, 0x49, 0x94,
    0x66, 0x74, 0x05, 0x30, 0xBB, 0xB9, 0x45, 0x4F, 0x5A, 0x0A, 0x7D, 0x9C, 0xAC, 0xE3, 0xB0, 0xD4,
    0x78, 0xAA, 0x9E, 0x2A, 0x15, 0x8B, 0x4A, 0x55, 0x54, 0x65, 0x45, 0xED, 0x55, 0xF8, 0x05, 0x28,
    0x15, 0x56, 0xD3, 0x5A, 0x73, 0xA2, 0x7C, 0x74, 0x16, 0xD2, 0xE1, 0xE0, 0xA3, 0xAC, 0x68, 0xD2,
    0xC5, 0x8F, 0x12, 0xB1, 0x82, 0xF5, 0xA8, 0x9C, 0x6D, 0x30, 0xEB, 0x51, 0x5E, 0xD0, 0xC9, 0xE0,
    0xA3, 0xE9, 0x1C, 0x8D, 0x7A, 0x54, 0xF5, 0x0E, 0xA8, 0xD1, 0xEA, 0x28, 0xD5, 0xB1, 0x1A, 0x16,
    0x51, 0xD6, 0xFF, 0x1A, 0x7A, 0x16, 0x47, 0x6E, 0xD8, 0x90, 0x72, 0x96, 0xAA, 0x12, 0x95, 0xDA,
    0xBB, 0xDB, 0xFB, 0x53, 0x74, 0xA1, 0x17, 0x1C, 0x45, 0x3B, 0xAB, 0x3D, 0x87, 0x5E, 0x96, 0x1C,
    0xD4, 0xA1, 0xE8, 0x32, 0xFC, 0x39, 0xD4, 0xBA, 0xE8, 0x03, 0xA3, 0x56, 0xA3, 0xC0, 0x67, 0xCC,
    0xB6, 0x5A, 0x5E, 0xDF, 0x93, 0xD3, 0xE1, 0x9A, 0xDA, 0xF7, 0x6A, 0x09, 0xC4, 0x10, 0xAD, 0xEA,
    0x42, 0xB2, 0x59, 0x61, 0x97, 0xCD, 0x6C, 0xB2, 0x99, 0x3D, 0x2E, 0x94, 0x86, 0x2D, 0x2E, 0xB5,
    0x6D, 0x3B, 0x5C, 0x99, 0xED, 0x67, 0x26, 0x7F, 0xC5, 0x1E, 0xD9, 0x5E, 0x36, 0x17, 0xB9, 0xAB,
    0xBF, 0xED, 0x64, 0xEE, 0x05, 0x4B, 0xF2, 0x96, 0x8B, 0x3E, 0x92, 0xB5, 0x3A, 0x14, 0xC9, 0xD9,
    0x12, 0x7B, 0x36, 0x96, 0xFB, 0xC9, 0xBE, 0x86, 0x16, 0x53, 0xB6, 0x35, 0xF4, 0xB8, 0x27, 0x57,
    0x55, 0xA4, 0xC9, 0xD4, 0x3A, 0xF7, 0x31, 0x17, 0x4B, 0x96, 0x85, 0xF6, 0x6C, 0x87, 0xA3, 0xE1,
    0xE4, 0xEF, 0x92, 0x98, 0xFC, 0x2C, 0x64, 0xB6, 0xED, 0x2C, 0xC5, 0x52, 0x7C, 0x1D, 0x8A, 0x84,
    0x8B, 0x67, 0x68, 0xC6, 0x7C, 0x42, 0xBB, 0x61, 0x3E, 0xE4, 0xAD, 0xF0, 0x17, 0x46, 0x91, 0xB8,
    0x98, 0x7B, 0x66, 0xBF, 0xC7, 0xBE, 0x2B, 0x32, 0x6C, 0xCA, 0x35, 0x46, 0x3C, 0x26, 0x7B, 0x48,
    0x24, 0xC7, 0x79, 0xF1, 0x22, 0x93, 0x76, 0x2F, 0x31, 0xDB, 0x89, 0x12, 0xF8, 0x03, 0x73, 0x4D,
    0x32, 0x2A, 0xFB, 0xF9, 0x92, 0x93, 0xC6, 0xA4, 0x7E, 0xAE, 0x13, 0xFE, 0x88, 0xA4, 0xAB, 0xA4,
    0x8A, 0xEC, 0x6A, 0xB0, 0x97, 0x24, 0x74, 0x2B, 0xEA, 0x7C, 0x23, 0xA1, 0xEA, 0x2D, 0x46, 0x7D,
    0x8C, 0x0C, 0xA9, 0x35, 0x74, 0xB2, 0xAA, 0xDF, 0x49, 0x8E, 0xB6, 0xB0, 0xA9, 0xA8, 0xD4, 0x14,
    0x56, 0x12, 0xFB, 0x14, 0xBB, 0xD2, 0xEE, 0x53, 0x8D, 0x8D, 0x3F, 0xBB, 0x34, 0x80, 0x95, 0x65,
    0x93, 0x7A, 0x3C, 0x5A, 0xAC, 0x3A, 0xCF, 0xEE, 0x71, 0xC5, 0xA9, 0x5B, 0x3D, 0x5D, 0x80, 0x4D,
    0x9C, 0x33, 0x29, 0x81, 0x4F, 0xCA, 0x9A, 0xAF, 0xF8, 0xB0, 0xBF, 0x57, 0xD6, 0xFA, 0xEC, 0x98,
    0x24, 0x31, 0x69, 0xAC, 0x15, 0x86, 0xC4, 0x6A, 0x30, 0x26, 0x36, 0xBE, 0x61, 0xAD, 0x58, 0xA1,
    0x56, 0xD8, 0x32, 0x01, 0x57, 0x40, 0xC7, 0x23, 0x64, 0x13, 0x21, 0x8F, 0xED, 0xE2, 0xAE, 0x29,
    0x05, 0x36, 0x65, 0x96, 0x7C, 0xF4, 0x0D, 0x89, 0x61, 0xCB, 0x4E, 0x66, 0xA3, 0x4B, 0xB2, 0xC2,
    0x4C, 0x27, 0xA4, 0xCC, 0x6C, 0xF6, 0x0D, 0x66, 0xBE, 0x81, 0x51, 0x63, 0xD2, 0x14, 0x43, 0x59,
    0xD7, 0x66, 0xCA, 0xFA, 0x62, 0xA6, 0x3C, 0x1B, 0xC9, 0xF2, 0xBD, 0xCA, 0xCE, 0xB2, 0xAC, 0x32,
    0x58, 0x42, 0xD4, 0xF8, 0x81, 0x4E, 0xB9, 0x88, 0x5A, 0xA8, 0x72, 0xDB, 0xC4, 0xD6, 0xC3, 0x9E,
    0xB9, 0x91, 0xEC, 0x62, 0x13, 0x5D, 0x48, 0xD6, 0x3D, 0x0A, 0x28, 0xCD, 0xFE, 0xA8, 0xC8, 0x5F,
    0xC3, 0x29, 0xAE, 0x4E, 0x45, 0x65, 0xA3, 0xC0, 0x6E, 0x50, 0x9E, 0xD0, 0x6A, 0x1F, 0xA9, 0x95,
    0x37, 0x3B, 0xC8, 0x3F, 0x45, 0x46, 0xED, 0x09, 0xDD, 0x73, 0xCB, 0x4B, 0xE8, 0xB8, 0xBB, 0x4F,
    0x68, 0x48, 0x48, 0xFE, 0x5C, 0xFD, 0x35, 0x97, 0x3E, 0x38, 0xF4, 0x5C, 0x91, 0x50, 0x99, 0x90,
    0xBD, 0xE8, 0x77, 0xFB, 0xE0, 0x4F, 0x0F, 0x5B, 0x5C, 0x27, 0x74, 0x49, 0xA8, 0x79, 0x93, 0x46,
    0x89, 0x85, 0x4B, 0xDB, 0x4E, 0x69, 0x4D, 0xD4, 0x26, 0x24, 0x8D, 0x69, 0xAF, 0xF4, 0xD5, 0xD7,
    0x92, 0x8E, 0xEF, 0x68, 0x5D, 0xBF, 0x2C, 0x84, 0x93, 0xCE, 0x25, 0x99, 0x3F, 0xD8, 0x64, 0x9F,
    0x2E, 0x2E, 0x49, 0x9B, 0x47, 0x42, 0xA9, 0xB5, 0x4C, 0x09, 0xCD, 0xA9, 0x72, 0x65, 0x48, 0xC5,
    0xED, 0x71, 0x98, 0x38, 0xD4, 0x1C, 0xE6, 0xC0, 0xCD, 0xE1, 0xEE, 0x5D, 0xE4, 0xE1, 0x6E, 0x5D,
    0xBD, 0x2F, 0xAF, 0xE1, 0xCF, 0x7B, 0xCE, 0xDF, 0xF6, 0x38, 0xDF, 0xEF, 0x9C, 0xA0, 0x8A, 0x1C,
    0xB0, 0x7A, 0xE0, 0x7C, 0xC0, 0x93, 0xF3, 0x54, 0x0E, 0x6B, 0x94, 0x4D, 0x7B, 0xF0, 0xC0, 0xF9,
    0x0A, 0x13, 0xE7, 0xF3, 0x56, 0x38, 0x34, 0x18, 0x3D, 0xBC, 0xE6, 0xB9, 0x95, 0xD7, 0x3C, 0x97,
    0x7C, 0x4D, 0x70, 0x49, 0xEF, 0xC1, 0xC3, 0xDB, 0x2D, 0x5A, 0x2B, 0x9D, 0xA8, 0xED, 0x24, 0x1C,
    0x64, 0xE8, 0x80, 0xD1, 0x8D, 0x3D, 0x0E, 0x0F, 0xDD, 0x38, 0x3A, 0xF3, 0x9B, 0x1B, 0xD5, 0xEC,
    0xE6, 0xDE, 0xBB, 0x05, 0x2D, 0xAE, 0xCD, 0xC1, 0x4D, 0x68, 0x55, 0x85, 0xA6, 0xC6, 0xE3, 0x0E,
    0x9A, 0x38, 0xC4, 0x0B, 0x71, 0x7E, 0x0A, 0xD8, 0x52, 0xCE, 0x92, 0xBB, 0x72, 0x35, 0xDB, 0x03,
    0x93, 0xEA, 0x57, 0xB3, 0x03, 0x24, 0x52, 0x6E, 0x49, 0x92, 0x30, 0xB5, 0x21, 0xA6, 0x74, 0xE6,
    0x9F, 0x01, 0xAA, 0xE9, 0x2E, 0xF4, 0x82, 0xC0, 0x7B, 0x2C, 0x6E, 0x4D, 0x54, 0xBE, 0xC7, 0x6F,
    0x98, 0x73, 0x73, 0x5A, 0x6E, 0xF8, 0xDD, 0x7C, 0x8E, 0x7F, 0x0D, 0xFE, 0x79, 0xC3, 0xFF, 0xC5,
    0xE4, 0x0F, 0x15, 0xFE, 0x55, 0xCC, 0xDB, 0x4D, 0x8A, 0x7F, 0x25, 0xF3, 0x52, 0x9B, 0xD2, 0x5F,
    0xE4, 0xDF, 0xB9, 0x51, 0x31, 0x3B, 0x72, 0x96, 0x86, 0x39, 0x25, 0xA8, 0xF0, 0x0B, 0xD0, 0x49,
    0xD9, 0xEB, 0x0B, 0xC5, 0xA3, 0xE3, 0x53, 0xDF, 0x00, 0x81, 0x7C, 0xF5, 0xD9, 0xAF, 0x01, 0xCE,
    0x61, 0xB1, 0x66, 0x15, 0xC0, 0x9F, 0xDB, 0x94, 0x7B, 0x0E, 0x60, 0x0D, 0xDD, 0x8D, 0xBE, 0xE1,
    0xEE, 0xCE, 0x71, 0x79, 0x26, 0x28, 0xC7, 0x1D, 0xC0, 0x17, 0x71, 0x81, 0x3D, 0xD7, 0x02, 0xD6,
    0x5C, 0x07, 0xFD, 0xB9, 0x06, 0xC2, 0xC9, 0xFF, 0x90, 0xBC, 0x17, 0x46, 0xC2, 0xD9, 0xF3, 0xEC,
    0x77, 0x8D, 0xC7, 0xE1, 0x35, 0xD7, 0x49, 0x3E, 0x5B, 0xB0, 0xA7, 0xB1, 0xFD, 0x25, 0xBE, 0x27,
    0x6F, 0xAF, 0xE8, 0x92, 0xAF, 0x2D, 0xB2, 0xA7, 0x37, 0xD8, 0x4F, 0xE1, 0xE4, 0xE5, 0x6D, 0xCF,
    0x3E, 0xF6, 0x5B, 0xF6, 0x70, 0x58, 0xB3, 0x7F, 0x58, 0xE5, 0x5D, 0xC2, 0xF6, 0x0D, 0xCF, 0xE4,
    0x59, 0x81, 0x25, 0xF9, 0x55, 0x62, 0xB6, 0x57, 0x71, 0x1D, 0xFB, 0x64, 0x9C, 0x3C, 0x9A, 0xEC,
    0x8F, 0xD2, 0xB5, 0x37, 0x92, 0xD5, 0xD1, 0x24, 0xFC, 0x5F, 0x3B, 0x57, 0x01, 0x6B, 0x3D, 0x52,
    0x85, 0x4F, 0x6F, 0xFF, 0xFD, 0xBB, 0xD9, 0xC2, 0x16, 0x77, 0x28, 0xEE, 0xD0, 0x38, 0x4E, 0x8B,
    0xBB, 0xBB, 0xBB, 0x45, 0x70, 0xB7, 0x29, 0xEE, 0x4E, 0x3C, 0xC1, 0x89, 0x3B, 0xAE, 0xED, 0xB2,
    0x71, 0xA3, 0x81, 0xB8, 0x76, 0x25, 0x6E, 0x4D, 0xD2, 0x84, 0x4B, 0xB6, 0xED, 0x21, 0xF3, 0x9D,
    0x6F, 0x5E, 0x26, 0x37, 0xF7, 0x7F, 0xB8, 0x3C, 0xDE, 0x9E, 0x84, 0x7E, 0x53, 0x5E, 0x6F, 0x3B,
    0x72, 0xE6, 0xC8, 0x77, 0xE6, 0x5F, 0xEE, 0xB2, 0x43, 0x9B, 0x0F, 0x22, 0x42, 0x82, 0x38, 0x5D,
    0xA3, 0x47, 0xF6, 0x51, 0x7B, 0x64, 0x8B, 0xDB, 0x9F, 0x52, 0x5C, 0x6F, 0xC8, 0x25, 0x6D, 0xD9,
    0x42, 0x77, 0x28, 0x58, 0x58, 0x08, 0xE2, 0xA4, 0x03, 0x3F, 0x44, 0xC3, 0x47, 0xC9, 0x57, 0xF9,
    0x47, 0xA5, 0xD6, 0xE4, 0x24, 0xA4, 0xDA, 0x4A, 0x68, 0x2C, 0x9A, 0x9D, 0xD2, 0x4B, 0xD1, 0xC5,
    0x22, 0x08, 0x43, 0x13, 0xC9, 0xB1, 0xB2, 0x39, 0xF9, 0xE6, 0xE0, 0x60, 0x0D, 0x31, 0xA1, 0x05,
    0x9A, 0xD8, 0xE4, 0x68, 0x8E, 0x7E, 0xE9, 0x69, 0x20, 0xE9, 0x8C, 0x9A, 0x5C, 0x7B, 0x66, 0xED,
    0x52, 0xB0, 0x59, 0xA3, 0x89, 0x70, 0x03, 0x4D, 0xA6, 0xEF, 0x9B, 0x7F, 0x3C, 0x64, 0xEE, 0x55,
    0xE0, 0x6A, 0x60, 0xC0, 0x4D, 0xF3, 0xAC, 0x59, 0xB2, 0x89, 0x88, 0xD1, 0xEB, 0xA0, 0x57, 0x27,
    0xAA, 0x5D, 0x88, 0x16, 0x69, 0xD4, 0x83, 0xB0, 0x49, 0xFB, 0x43, 0xA1, 0x6B, 0x35, 0x62, 0x21,
    0x34, 0x73, 0xEC, 0x68, 0xFE, 0x9D, 0x73, 0x0E, 0x7E, 0x0D, 0x48, 0x83, 0x45, 0x49, 0xB6, 0x86,
    0xAD, 0x87, 0xCA, 0x0E, 0xBF, 0xD2, 0xB6, 0x9A, 0xF0, 0x91, 0x1B, 0xE8, 0xAC, 0xF9, 0xB6, 0x9A,
    0xBF, 0x0F, 0xCB, 0x9C, 0xF2, 0xCD, 0x47, 0x85, 0xDE, 0x2E, 0x56, 0x80, 0x9A, 0xA8, 0x86, 0x09,
    0x69, 0xA7, 0x94, 0x19, 0x59, 0x4E, 0x57, 0x52, 0x10, 0x6B, 0xA2, 0xDB, 0xAC, 0xB3, 0xBA, 0xD7,
    0x3D, 0xBA, 0x35, 0x31, 0xFD, 0x1D, 0x81, 0x85, 0xF6, 0x4C, 0x70, 0x9A, 0x6E, 0xC5, 0xCF, 0x68,
    0xED, 0x7D, 0xE4, 0x8C, 0x9F, 0x71, 0x17, 0x79, 0xC1, 0x7C, 0x30, 0x41, 0x0D, 0xF1, 0x2C, 0x9D,
    0x09, 0x91, 0x5C, 0x15, 0x66, 0xB8, 0x80, 0xE3, 0xF4, 0x38, 0xE6, 0x0C, 0x1C, 0x4B, 0xED, 0x31,
    0xE7, 0xD8, 0x54, 0x21, 0xC8, 0xBC, 0xE0, 0x7B, 0x3F, 0x8A, 0x03, 0x6D, 0x9A, 0x5A, 0xE0, 0x48,
    0x26, 0x92, 0xEE, 0x43, 0x7B, 0x46, 0x47, 0x5E, 0xCA, 0x59, 0x8E, 0x0B, 0x13, 0x18, 0xA6, 0x2E,
    0xDE, 0x38, 0xFC, 0x89, 0x29, 0xB4, 0x8E, 0x4C, 0x54, 0x98, 0xA2, 0x14, 0xBA, 0xFA, 0xE4, 0xA4,
    0x34, 0xDE, 0xA8, 0xD6, 0xD6, 0x00, 0xBA, 0xC4, 0x24, 0x84, 0xE9, 0x07, 0xF6, 0xC3, 0x66, 0x59,
    0xC6, 0x26, 0x30, 0x25, 0xAB, 0x74, 0xCC, 0x2C, 0x98, 0xE2, 0x91, 0x11, 0x31, 0x28, 0x54, 0x6F,
    0xD0, 0x59, 0x52, 0x35, 0x5F, 0xE6, 0x56, 0x1B, 0xE5, 0x95, 0x22, 0x3F, 0x16, 0xA9, 0xC7, 0x1C,
    0xB9, 0x8B, 0xBD, 0x1C, 0x73, 0x03, 0xFD, 0xDA, 0xD1, 0xCD, 0x8E, 0x47, 0xF5, 0x00, 0x5F, 0x29,
    0xC9, 0x25, 0x90, 0x33, 0x20, 0x55, 0x30, 0xF1, 0x4A, 0x25, 0xA9, 0xB5, 0xC5, 0xB5, 0xC1, 0x35,
    0x78, 0x21, 0x66, 0x0F, 0x0C, 0x88, 0x19, 0x7E, 0x2C, 0xF4, 0xCB, 0xCC, 0x0A, 0x2C, 0xB3, 0xA6,
    0x62, 0xA7, 0x81, 0x11, 0x21, 0x11, 0xC2, 0x28, 0x3F, 0xFE, 0xAC, 0x63, 0x62, 0x4F, 0x9E, 0x83,
    0xD4, 0xCF, 0x80, 0x5C, 0xD6, 0x72, 0x58, 0xE4, 0xAE, 0x96, 0xB3, 0xAA, 0x86, 0x1C, 0xB5, 0xC0,
    0xFA, 0x6F, 0xC7, 0x8C, 0x12, 0x17, 0x18, 0x13, 0x8F, 0x1D, 0x2C, 0x1A, 0x2E, 0x09, 0xE3, 0x05,
    0xF4, 0x2C, 0xBE, 0x64, 0xE6, 0xF8, 0x07, 0xBE, 0x38, 0x5C, 0x68, 0x29, 0x61, 0x7E, 0x19, 0xDA,
    0x44, 0x9F, 0x80, 0x64, 0x8D, 0xBC, 0xDF, 0x63, 0x35, 0x67, 0xAB, 0x7D, 0x9F, 0x31, 0x3B, 0x13,
    0xF3, 0xEC, 0x64, 0x97, 0x85, 0x34, 0x7B, 0x3E, 0x9D, 0x4B, 0xB3, 0xE7, 0x76, 0xE4, 0x47, 0xAA,
    0x98, 0x9B, 0x6E, 0xB9, 0x6B, 0x86, 0xC0, 0x22, 0x04, 0x26, 0x3F, 0x10, 0xF9, 0x81, 0xC7, 0xCF,
    0x8D, 0xE2, 0xD8, 0x02, 0x8B, 0x1F, 0x48, 0xFC, 0x5A, 0x7B, 0x62, 0x83, 0x05, 0x24, 0x83, 0xBF,
    0x60, 0x59, 0x77, 0x40, 0x2C, 0x20, 0x30, 0xD7, 0xB9, 0xB3, 0x78, 0x66, 0x22, 0x79, 0x3F, 0x04,
    0xEE, 0x9E, 0xD4, 0x3D, 0x96, 0x90, 0x9C, 0x1E, 0xC9, 0x27, 0xE6, 0xFC, 0x40, 0xE6, 0xB8, 0x33,
    0x19, 0xC2, 0x26, 0xE6, 0xEC, 0x13, 0xDB, 0xAD, 0xC5, 0x20, 0xBF, 0x45, 0x6D, 0x23, 0x33, 0x92,
    0xA8, 0xDB, 0x68, 0x80, 0x6C, 0x0A, 0x5A, 0xEA, 0x19, 0xC3, 0xFD, 0x4B, 0xC9, 0x45, 0xA3, 0xA4,
    0x3A, 0xD2, 0x04, 0xF8, 0x24, 0x49, 0x7D, 0xEB, 0x08, 0x29, 0x7D, 0x63, 0xF4, 0x5B, 0x12, 0xFA,
    0x15, 0xFC, 0x7E, 0x4F, 0x9E, 0xD7, 0x19, 0x18, 0x99, 0xDF, 0x92, 0xCB, 0x27, 0x95, 0xDF, 0x29,
    0x36, 0x96, 0x11, 0xF9, 0x4C, 0x7F, 0x48, 0xE3, 0xDB, 0xD0, 0x49, 0xE2, 0x93, 0xC3, 0x8F, 0x29,
    0xFC, 0x77, 0x4B, 0xD6, 0x63, 0x2C, 0x8D, 0x1B, 0x30, 0xB7, 0x37, 0x30, 0xDD, 0xE2, 0xE0, 0x1C,
    0x7E, 0x45, 0x72, 0x82, 0xE4, 0xF4, 0x25, 0x85, 0xDC, 0xFE, 0x48, 0x6A, 0xBF, 0x0F, 0x84, 0xBE,
    0x11, 0x97, 0xC4, 0x4A, 0x5B, 0xD2, 0xFA, 0x0D, 0x59, 0x7D, 0x6C, 0x40, 0x8F, 0x39, 0xE9, 0x77,
    0x32, 0xF9, 0xC4, 0x35, 0x10, 0xFA, 0x81, 0xCF, 0x87, 0x0D, 0x48, 0x74, 0x21, 0x89, 0xBF, 0x07,
    0xFA, 0x77, 0x91, 0xCB, 0x0F, 0x54, 0x3E, 0xAC, 0x41, 0x66, 0x88, 0x77, 0x04, 0x1E, 0xBF, 0x23,
    0x8D, 0x4F, 0x16, 0x9F, 0x9C, 0x09, 0x53, 0xF5, 0x39, 0x50, 0xF8, 0x64, 0xF0, 0x63, 0x02, 0x9F,
    0x0B, 0x09, 0xDD, 0xB8, 0x99, 0xD7, 0x8B, 0x66, 0x07, 0x26, 0x62, 0x2C, 0xB1, 0x97, 0x37, 0xCC,
    0x6A, 0xA5, 0x24, 0x56, 0xB7, 0xD8, 0x83, 0x76, 0xBD, 0x1C, 0x15, 0x46, 0x0B, 0x0D, 0x23, 0xB7,
    0x3C, 0x40, 0xEF, 0x81, 0xFC, 0x3E, 0x83, 0x04, 0x86, 0x02, 0x55, 0x80, 0xE0, 0xB3, 0x12, 0x00,
    0xEC, 0x86, 0xDB, 0x6C, 0xE0, 0x84, 0x55, 0x52, 0x86, 0xBB, 0x1E, 0x36, 0x50, 0x88, 0xAA, 0x1F,
    0x0B, 0x7C, 0x36, 0xA6, 0x81, 0xC4, 0x35, 0xA0, 0x54, 0x7D, 0x15, 0x38, 0xAA, 0xEB, 0x2B, 0xB5,
    0xE5, 0x6E, 0xE5, 0x81, 0xE6, 0x8A, 0xB2, 0x8D, 0xD6, 0x43, 0x69, 0xAA, 0xF7, 0xF4, 0xC9, 0x81,
    0x1E, 0x8A, 0xAB, 0x80, 0xA7, 0xEC, 0x04, 0x44, 0x11, 0x09, 0x69, 0xC1, 0x90, 0x82, 0x70, 0x5B,
    0xA6, 0x81, 0x7B, 0xE4, 0xBD, 0xD3, 0xAD, 0xF1, 0x6B, 0x89, 0xBF, 0x2D, 0x92, 0xE2, 0xD9, 0x49,
    0x60, 0x3D, 0xA2, 0xF8, 0xA2, 0x64, 0x1F, 0x6A, 0x1B, 0xD6, 0x54, 0x6B, 0x0B, 0x74, 0x2A, 0x40,
    0x14, 0xBA, 0x80, 0x66, 0xB6, 0x3A, 0xE6, 0x32, 0x56, 0xFB, 0xF3, 0x08, 0x43, 0xDA, 0x80, 0xD5,
    0xAE, 0x15, 0x51, 0x6E, 0x62, 0x74, 0x67, 0xEB, 0xD9, 0xFC, 0x60, 0xCC, 0x72, 0xCE, 0xD9, 0xCE,
    0xC3, 0x76, 0x49, 0xEB, 0x41, 0xFD, 0x20, 0x5F, 0x9D, 0x9A, 0xA9, 0x18, 0xAA, 0x85, 0x1C, 0x35,
    0x63, 0x96, 0x90, 0xCA, 0xAC, 0x41, 0x09, 0xA2, 0x78, 0xF9, 0x92, 0x92, 0xE8, 0x5C, 0xC0, 0xE0,
    0xB3, 0xEE, 0xA2, 0xBE, 0x0E, 0xC3, 0x58, 0x05, 0x3A, 0x0E, 0x24, 0x4F, 0x8B, 0xEE, 0x94, 0x74,
    0xE8, 0xA9, 0x2E, 0xF0, 0x7F, 0x09, 0x39, 0x00, 0x01, 0x8E, 0x50, 0x21, 0xF8, 0x15, 0x58, 0x47,
    0x3F, 0xB6, 0x09, 0x98, 0x02, 0x47, 0xC9, 0x81, 0x13, 0xE2, 0xF4, 0x4C, 0xD7, 0x24, 0x2C, 0x13,
    0xE7, 0x21, 0x2E, 0x0B, 0xA1, 0x5B, 0xDF, 0xD6, 0x96, 0x19, 0x6E, 0xC4, 0xA4, 0x0C, 0x98, 0x4E,
    0x49, 0xB7, 0x06, 0x85, 0xC6, 0x9C, 0xAC, 0x63, 0x41, 0x4F, 0x4A, 0xEA, 0x18, 0xF3, 0xBC, 0x46,
    0xBE, 0x45, 0xEE, 0x88, 0xED, 0x16, 0x79, 0x9D, 0x24, 0xD0, 0xF9, 0xB1, 0xD7, 0x69, 0xFE, 0x56,
    0xAF, 0xC3, 0xE2, 0xF1, 0x7A, 0x69, 0xAF, 0xD3, 0x02, 0x43, 0xDD, 0x98, 0x65, 0x63, 0x7A, 0x1D,
    0x62, 0xA6, 0x7B, 0xEA, 0x4D, 0xF0, 0x3A, 0xD3, 0x81, 0xD7, 0x69, 0x6B, 0x85, 0x70, 0x39, 0x16,
    0xEA, 0xCD, 0x14, 0xE6, 0x8B, 0x79, 0x87, 0xD0, 0x15, 0xD0, 0x33, 0xB4, 0x71, 0xE9, 0x54, 0x82,
    0x17, 0x3A, 0x29, 0x0D, 0x36, 0x54, 0x93, 0x67, 0x10, 0x03, 0xBB, 0xCA, 0x07, 0x82, 0xF3, 0xAE,
    0xC7, 0x03, 0x87, 0x33, 0xD8, 0x57, 0xF6, 0xA7, 0x39, 0x9C, 0x3E, 0x72, 0x38, 0xC5, 0xDF, 0xEA,
    0x70, 0x92, 0xE3, 0x0E, 0xA7, 0x8F, 0x1D, 0xCE, 0x9E, 0x43, 0xC3, 0x50, 0x97, 0xB8, 0x83, 0x1D,
    0x63, 0x8E, 0xC6, 0x46, 0xF1, 0xE5, 0x68, 0x50, 0x61, 0x4C, 0x1C, 0x92, 0xBB, 0xFE, 0xC6, 0x0A,
    0xDE, 0x99, 0xAC, 0xE0, 0x71, 0xC9, 0x28, 0x5C, 0x31, 0x0A, 0x17, 0x8C, 0xC2, 0xF5, 0xA2, 0xFC,
    0xFB, 0x2B, 0x71, 0x37, 0x56, 0xE2, 0x28, 0xBB, 0x9E, 0x93, 0x6C, 0x98, 0xD2, 0x8F, 0x3A, 0x1D,
    0xB9, 0x1F, 0xA7, 0x98, 0x0E, 0x08, 0x69, 0x7C, 0x82, 0xA7, 0x22, 0x71, 0x23, 0xFF, 0x1E, 0xDC,
    0xF2, 0x16, 0x96, 0x0E, 0x58, 0x5F, 0x6B, 0xE8, 0x7A, 0xC3, 0xEE, 0x63, 0xDC, 0xD9, 0x57, 0xD3,
    0x24, 0xE8, 0x1C, 0xB9, 0x71, 0xCC, 0xC2, 0xF9, 0xA0, 0x03, 0xEE, 0x29, 0x10, 0x9B, 0x85, 0x6C,
    0xE5, 0x60, 0x39, 0xC6, 0xE8, 0xA0, 0x4D, 0xA0, 0x3D, 0x71, 0x23, 0x79, 0xC3, 0x5A, 0x6A, 0x7C,
    0x9E, 0x88, 0x73, 0x57, 0x93, 0x88, 0x29, 0x00, 0x5B, 0xEE, 0x21, 0x59, 0xED, 0x4E, 0xDD, 0x00,
    0xD0, 0x36, 0xA2, 0x18, 0xF2, 0xF1, 0x0C, 0x52, 0x0C, 0x41, 0x1E, 0x18, 0xAB, 0xF2, 0x12, 0x77,
    0x7D, 0x05, 0x1C, 0xD4, 0xC4, 0x22, 0x95, 0xE4, 0x54, 0xC3, 0xB5, 0x1C, 0x89, 0x5B, 0x1F, 0x2C,
    0x7F, 0xAF, 0xE4, 0xB1, 0x99, 0xAA, 0x18, 0x8E, 0x40, 0x1C, 0x15, 0x84, 0xCB, 0x1A, 0x6E, 0xA8,
    0x51, 0xC1, 0xEF, 0x17, 0xF1, 0x4D, 0x1D, 0xEF, 0x54, 0xEC, 0x6C, 0x4A, 0x0A, 0x6A, 0x99, 0x52,
    0xD8, 0xA4, 0x84, 0x4F, 0x3E, 0x89, 0x5F, 0x47, 0x1E, 0x92, 0xF3, 0x33, 0x70, 0x2C, 0x05, 0x6F,
    0xA0, 0x80, 0xE1, 0x06, 0xF6, 0x09, 0x37, 0x4C, 0xF3, 0xA4, 0xE4, 0x0D, 0x33, 0x2C, 0x86, 0xB4,
    0xD4, 0xFF, 0x23, 0x86, 0xBA, 0x8E, 0x6F, 0xD0, 0xDE, 0xC2, 0x8C, 0x7B, 0x59, 0xE3, 0x89, 0x59,
    0x42, 0x2F, 0x07, 0x3C, 0xCA, 0x20, 0xA8, 0xE1, 0x4D, 0x0B, 0xF3, 0xC7, 0xD9, 0x69, 0xE0, 0x69,
    0xF9, 0x12, 0x9A, 0x4B, 0x76, 0xC2, 0x2C, 0x41, 0xB8, 0x39, 0x94, 0x87, 0x1E, 0xA8, 0x42, 0x74,
    0xB8, 0x8E, 0xBC, 0x50, 0x64, 0xCC, 0xE8, 0xC1, 0xD9, 0xDA, 0x84, 0x52, 0x8C, 0x42, 0xB9, 0x78,
    0xEA, 0x62, 0xEF, 0xE5, 0x6D, 0x5B, 0x63, 0xC3, 0x7E, 0x1A, 0x9D, 0x1D, 0xC7, 0xC9, 0x69, 0x61,
    0xF8, 0xC1, 0x11, 0x75, 0x40, 0x84, 0x17, 0x73, 0xA6, 0xFA, 0x55, 0x6F, 0x0D, 0x0A, 0xF8, 0x9A,
    0xCC, 0x67, 0xB2, 0x38, 0x29, 0x99, 0x6A, 0xEF, 0x69, 0xF7, 0x38, 0x2D, 0xA3, 0x2B, 0x66, 0xAB,
    0x30, 0x44, 0x4E, 0x32, 0xD0, 0x54, 0x93, 0xFB, 0x4D, 0x5A, 0x71, 0x38, 0x88, 0xD0, 0x94, 0xFE,
    0xA7, 0x09, 0x95, 0x91, 0x2F, 0xE1, 0xBE, 0x75, 0xC1, 0x69, 0xEF, 0x4B, 0x12, 0x03, 0x78, 0xFB,
    0x46, 0xD6, 0xE9, 0x6D, 0xA8, 0x33, 0x43, 0xBE, 0x43, 0xCC, 0x27, 0x36, 0x94, 0x8D, 0x32, 0xA8,
    0x62, 0x50, 0xD0, 0x24, 0xA8, 0xAC, 0x70, 0x32, 0x41, 0xFE, 0x9D, 0x22, 0xB9, 0x90, 0x38, 0xA9,
    0x06, 0x16, 0xD6, 0x3A, 0x52, 0x22, 0xF1, 0x69, 0x3A, 0xAA, 0xC2, 0x9E, 0x9B, 0xC4, 0x82, 0x26,
    0x6A, 0x58, 0xED, 0x47, 0x69, 0xD3, 0x3B, 0x8A, 0x43, 0x59, 0x44, 0x1B, 0xD0, 0x15, 0xDE, 0xFF,
    0xE4, 0xAB, 0xD3, 0x36, 0xF3, 0x51, 0xDE, 0x5C, 0x1B, 0x91, 0xD2, 0x0D, 0x68, 0x0C, 0x3B, 0xF5,
    0xD1, 0x43, 0xA9, 0x7D, 0x0E, 0x5E, 0xBD, 0xD2, 0xBE, 0x9A, 0xA4, 0x43, 0x43, 0x7B, 0xCB, 0x8D,
    0xAF, 0x36, 0x1A, 0xA5, 0xD2, 0xDF, 0x9B, 0x0B, 0xAE, 0xE0, 0x7D, 0x51, 0x81, 0xD1, 0x56, 0x3A,
    0x3B, 0x42, 0xD1, 0xDC, 0x91, 0x41, 0x2E, 0xC3, 0xDC, 0xA0, 0xEC, 0xBB, 0x23, 0xC7, 0x59, 0xB9,
    0x0D, 0xDC, 0x1F, 0x69, 0x0E, 0x6A, 0x86, 0x96, 0x72, 0x13, 0x81, 0x1C, 0x73, 0xC6, 0xE5, 0x10,
    0x1D, 0xA2, 0xCD, 0x6C, 0xC2, 0xAB, 0xC0, 0xAF, 0xC7, 0x53, 0xFD, 0x5B, 0x81, 0xDC, 0x55, 0x0E,
    0xA4, 0x15, 0x49, 0xBA, 0xED, 0x71, 0xA0, 0x4A, 0x15, 0x61, 0x8B, 0x2D, 0x37, 0x15, 0x30, 0x8A,
    0x85, 0x07, 0xBF, 0x10, 0x9D, 0x4E, 0x16, 0x19, 0x4D, 0x39, 0xAC, 0xC3, 0xE4, 0x33, 0x80, 0xEB,
    0xE0, 0xB1, 0xF4, 0x13, 0x3A, 0x55, 0xFA, 0x99, 0x2D, 0xD7, 0xB1, 0xD2, 0x57, 0xCD, 0x85, 0xB7,
    0xD4, 0xFE, 0x7F, 0xBD, 0x37, 0xA3, 0x9D, 0x9F, 0xCC, 0x25, 0xD4, 0x09, 0x99, 0xE5, 0xC0, 0x58,
    0x47, 0x59, 0x00, 0x99, 0x54, 0x71, 0x1F, 0xC7, 0xB6, 0xBB, 0xA9, 0x5C, 0x42, 0x32, 0x2A, 0x5D,
    0xD9, 0xEF, 0x30, 0x60, 0x07, 0xFA, 0x18, 0x79, 0x24, 0x73, 0xB0, 0x8A, 0x84, 0x6F, 0x46, 0xFA,
    0x2A, 0x31, 0x9A, 0x6A, 0x91, 0x1A, 0x0A, 0xF8, 0x76, 0xB9, 0xF2, 0x7C, 0x97, 0x16, 0x6C, 0x12,
    0x2E, 0xF7, 0x9D, 0xDB, 0xCB, 0x47, 0x7C, 0x9F, 0x96, 0x9D, 0xED, 0x28, 0x4C, 0x41, 0xA9, 0x5F,
    0xB0, 0x5F, 0xFD, 0x01, 0xCF, 0xEB, 0xD4, 0xCD, 0x48, 0xC6, 0xCA, 0x05, 0x11, 0x45, 0xC6, 0x74,
    0xB3, 0x39, 0x23, 0xEE, 0x1F, 0xBD, 0x67, 0xA4, 0x19, 0xB1, 0x29, 0x27, 0x07, 0x6F, 0xAF, 0xC2,
    0xB2, 0x66, 0x1B, 0x43, 0xD3, 0x17, 0xCB, 0xBD, 0xCE, 0xB3, 0x76, 0x30, 0x54, 0xAC, 0x38, 0x49,
    0xCC, 0x21, 0xD9, 0x37, 0x40, 0xBD, 0x87, 0xAB, 0x74, 0x63, 0xEA, 0xE1, 0x36, 0xED, 0xEE, 0x9B,
    0x67, 0x36, 0x2A, 0xCC, 0x45, 0xBC, 0x23, 0xAB, 0x5A, 0x10, 0x6F, 0xDD, 0x50, 0x2C, 0x58, 0x91,
    0x7A, 0xF3, 0xB0, 0x60, 0x56, 0x9C, 0xF2, 0x94, 0xC1, 0x4E, 0x07, 0x84, 0x0B, 0xAE, 0x3D, 0x6E,
    0x42, 0x72, 0xF2, 0x09, 0x04, 0x7E, 0x3E, 0xA2, 0x11, 0xA6, 0x00, 0xA4, 0xBB, 0x08, 0xCE, 0xA0,
    0xDB, 0x0C, 0x56, 0x00, 0x1D, 0x99, 0xBD, 0x84, 0x39, 0x2B, 0x93, 0x55, 0x42, 0x1A, 0x80, 0xB6,
    0x1F, 0x90, 0xEB, 0xC8, 0x34, 0xDE, 0xA0, 0x8F, 0xA0, 0x64, 0xD6, 0x1E, 0xA7, 0xE7, 0x06, 0x53,
    0x00, 0x67, 0x40, 0xD9, 0xB5, 0xDE, 0x5F, 0xE4, 0x43, 0xE2, 0x79, 0xF7, 0x29, 0xF7, 0xDD, 0x59,
    0xEA, 0xCD, 0xF7, 0xB4, 0x42, 0xA9, 0xD9, 0x98, 0xBF, 0xDF, 0x21, 0x4C, 0x6B, 0xBD, 0x0B, 0x7A,
    0x94, 0x54, 0x6D, 0xCC, 0x67, 0xB2, 0x3F, 0x89, 0x82, 0xE9, 0xA7, 0x5E, 0x92, 0x40, 0xE0, 0xD9,
    0xC2, 0x7D, 0xAE, 0x73, 0xA2, 0x4B, 0xA1, 0x8D, 0xB8, 0xA5, 0x42, 0x0F, 0x6B, 0x5C, 0x1D, 0xFE,
    0xDA, 0xE1, 0xC9, 0x6E, 0xE1, 0xCC, 0x30, 0x36, 0xBB, 0xAB, 0x74, 0x7A, 0x7D, 0x86, 0x31, 0x70,
    0xBD, 0x37, 0xBA, 0x90, 0x8C, 0xD3, 0xC6, 0xDA, 0x09, 0xE3, 0x8E, 0x8E, 0x93, 0x12, 0xD8, 0xF9,
    0xC6, 0xF7, 0x89, 0x9C, 0xFD, 0xC7, 0xF1, 0xE4, 0x6A, 0xC7, 0xEB, 0x9F, 0x2F, 0xF7, 0xFC, 0xFF,
    0x5D, 0x55, 0x9A, 0x6C, 0xF6, 0x29, 0x0B, 0x51, 0xC7, 0x14, 0x4C, 0x93, 0x8E, 0xB5, 0x67, 0x94,
    0xDA, 0x72, 0x2F, 0xF2, 0x52, 0xB9, 0xE2, 0xD9, 0x12, 0xCB, 0xFF, 0xCC, 0x7A, 0x52, 0x92, 0x5E,
    0xEE, 0x2B, 0x92, 0x4D, 0xF2, 0x1B, 0x91, 0x72, 0xEF, 0x9D, 0x97, 0xDB, 0xEC, 0xBC, 0xDE, 0xD3,
    0x70, 0x06, 0xEC, 0x2A, 0xCC, 0xEC, 0xE0, 0x3C, 0x65, 0xD6, 0x14, 0x93, 0x8F, 0x26, 0xD2, 0xFE,
    0x0C, 0xD7, 0x8F, 0x39, 0xE6, 0xBB, 0x4A, 0x36, 0xCA, 0xDE, 0x97, 0x67, 0x17, 0xF1, 0x61, 0x8E,
    0x38, 0x2D, 0xB5, 0x29, 0xF4, 0x33, 0xDA, 0x7B, 0x3F, 0x36, 0x4A, 0xD7, 0xBB, 0x49, 0x1E, 0x2C,
    0xA5, 0xEF, 0xF6, 0x65, 0x02, 0x39, 0xAC, 0x09, 0xE7, 0x7F, 0x4F, 0x4D, 0x18, 0x8B, 0xA4, 0x7F,
    0x47, 0xD9, 0x99, 0x09, 0x35, 0x89, 0xD9, 0x02, 0xCE, 0x90, 0xFA, 0x35, 0xBB, 0x7D, 0xD0, 0xAF,
    0xDB, 0xC8, 0x65, 0xCD, 0x59, 0x5E, 0x8D, 0x0B, 0xE1, 0xA7, 0x35, 0x59, 0x72, 0x49, 0x8D, 0x21,
    0x4F, 0xB5, 0x2D, 0x16, 0xD1, 0xFE, 0xB2, 0xEF, 0xC8, 0x0F, 0xFF, 0xEB, 0xD5, 0xFC, 0x20, 0xA3,
    0xA5, 0x10, 0xE9, 0x2C, 0x35, 0xE6, 0x7A, 0x49, 0xA2, 0xF8, 0xD8, 0xE3, 0x27, 0x38, 0x0B, 0x23,
    0x67, 0x6C, 0xAC, 0x3D, 0x4A, 0xDD, 0xE6, 0xB3, 0xC7, 0x2B, 0x24, 0xE9, 0xCF, 0x71, 0x75, 0x9F,
    0x32, 0xC8, 0xAD, 0xFC, 0x17, 0x27, 0xF9, 0x35, 0xFE, 0x59, 0x51, 0xBA, 0x61, 0xA6, 0x4B, 0xC6,
    0xCD, 0x66, 0xA0, 0xAE, 0x46, 0x8C, 0xA0, 0x23, 0xE6, 0xD3, 0x0D, 0xB5, 0x7F, 0x5F, 0x21, 0xC5,
    0x60, 0xFE, 0xF4, 0x6C, 0x14, 0xF9, 0xA5, 0xDA, 0x24, 0x0E, 0x68, 0x43, 0x20, 0x5B, 0x31, 0x8F,
    0x77, 0xB3, 0x69, 0x87, 0xF6, 0x05, 0xF0, 0x22, 0xF7, 0xF2, 0xB9, 0xD5, 0x8E, 0x67, 0x47, 0x01,
    0xF3, 0xCE, 0x06, 0x9B, 0xDB, 0xC3, 0x15, 0x03, 0xE6, 0xB9, 0xC4, 0x44, 0xF7, 0xB9, 0x87, 0x3B,
    0x34, 0x0C, 0x98, 0xCF, 0xD2, 0xD9, 0x0F, 0x0A, 0xB2, 0xF2, 0xDE, 0x63, 0xCD, 0x34, 0x50, 0xFB,
    0x92, 0xD6, 0xD4, 0xD1, 0xC2, 0xD2, 0x1A, 0xAF, 0x96, 0x2F, 0x95, 0x5B, 0x6A, 0x69, 0xD6, 0x5E,
    0x3A, 0xF2, 0x45, 0x0F, 0x3C, 0xAA, 0x2C, 0x18, 0x24, 0xAB, 0xBC, 0xC4, 0x99, 0x18, 0x0E, 0x5B,
    0x6C, 0x44, 0xB5, 0x23, 0x8D, 0x44, 0xE9, 0xE0, 0xFD, 0xD9, 0xC6, 0x38, 0x61, 0x5B, 0xD1, 0xB6,
    0x22, 0x36, 0x30, 0x47, 0x3B, 0x2E, 0xAE, 0x0E, 0xC4, 0x46, 0x52, 0xB2, 0x2F, 0xC0, 0x11, 0x36,
    0xB7, 0xB6, 0x25, 0x18, 0xC0, 0xFC, 0x15, 0x28, 0x7B, 0x02, 0x73, 0x9D, 0x81, 0x20, 0x1E, 0x4B,
    0x10, 0x49, 0xB0, 0xC2, 0x3B, 0x9E, 0x2D, 0x4E, 0x42, 0xB7, 0x88, 0xA8, 0xF8, 0x38, 0x74, 0xAB,
    0x8F, 0x18, 0x8C, 0x16, 0x59, 0xC7, 0xE8, 0x93, 0x8E, 0x0A, 0xF1, 0x5E, 0x87, 0x9E, 0xE2, 0xB8,
    0xE6, 0x5A, 0x62, 0x09, 0x33, 0x94, 0x8A, 0x50, 0xD5, 0xFD, 0xB9, 0x38, 0xF1, 0x72, 0x2B, 0xA1,
    0xD4, 0xF8, 0xFF, 0xEB, 0xCD, 0x0E, 0xF7, 0x63, 0x06, 0x58, 0xC4, 0xC7, 0x68, 0xED, 0xCA, 0x32,
    0xCF, 0xF0, 0x6A, 0x50, 0xA6, 0x74, 0x82, 0xB1, 0xFB, 0xE3, 0x35, 0xA3, 0xCE, 0x0E, 0x0C, 0x2B,
    0xE3, 0x2B, 0xDD, 0x8C, 0x54, 0xC1, 0xDF, 0xF2, 0x0A, 0xD9, 0x05, 0x8F, 0x8F, 0x17, 0xE3, 0xEB,
    0x61, 0xCB, 0xB7, 0x78, 0xEF, 0xE3, 0xEC, 0x3D, 0x8B, 0x00, 0xE5, 0xD5, 0xF2, 0xFC, 0x73, 0xBD,
    0xF6, 0x09, 0x2E, 0x21, 0x97, 0x0E, 0x87, 0xCD, 0x85, 0xDD, 0xE9, 0x75, 0x94, 0x74, 0x93, 0x7A,
    0x92, 0xE4, 0xCD, 0x72, 0xBF, 0xD8, 0xA6, 0xFE, 0x6F, 0xAD, 0x3A, 0xE5, 0xCA, 0x13, 0x4B, 0x90,
    0x4E, 0xB4, 0x04, 0x7B, 0x5A, 0x82, 0x55, 0x98, 0x3F, 0x5B, 0xBA, 0xC1, 0x37, 0x6E, 0xBB, 0x13,
    0x4B, 0xD0, 0x98, 0x25, 0xB8, 0xF3, 0x39, 0x3E, 0x15, 0x46, 0x49, 0x1B, 0xF8, 0x8F, 0xA2, 0xDF,
    0xF9, 0xBF, 0xD6, 0x53, 0xB1, 0x47, 0x28, 0x08, 0x63, 0xCA, 0x19, 0xAC, 0x8C, 0x95, 0xCB, 0xF4,
    0x13, 0xDA, 0xE3, 0x18, 0x04, 0x16, 0xEE, 0x91, 0x52, 0x9B, 0x8A, 0x5C, 0x7E, 0x36, 0x0E, 0x87,
    0x25, 0xB4, 0x15, 0xA5, 0xAE, 0xC7, 0x6D, 0xC5, 0x63, 0x0F, 0x6D, 0xC5, 0xEB, 0xCF, 0xB5, 0x76,
    0x24, 0x4D, 0x44, 0x20, 0xE4, 0xCA, 0xED, 0xA8, 0xAC, 0x84, 0x80, 0x97, 0x1D, 0x1C, 0xCE, 0x86,
    0xD8, 0x61, 0xD2, 0xB7, 0x30, 0x65, 0x3F, 0x63, 0x67, 0x06, 0x73, 0x0C, 0x18, 0xC6, 0x79, 0xA0,
    0x0F, 0xD8, 0x63, 0x3E, 0x58, 0x6C, 0x62, 0x50, 0x42, 0x2C, 0xF4, 0xCF, 0x5C, 0xF2, 0x41, 0xAA,
    0xD1, 0x32, 0xC2, 0xAC, 0x01, 0x46, 0xA7, 0x03, 0x30, 0x51, 0xD7, 0x07, 0x76, 0x84, 0xAF, 0xA5,
    0x15, 0x64, 0xF8, 0xD6, 0x91, 0xFD, 0xCD, 0x4E, 0x4E, 0x8F, 0x61, 0x4E, 0x2F, 0xB0, 0x2A, 0xFE,
    0xE1, 0xF0, 0xDF, 0x98, 0xF0, 0x38, 0xA2, 0xF0, 0x86, 0x4F, 0x82, 0x6C, 0x0C, 0xEC, 0x6A, 0x63,
    0xC1, 0xEB, 0x46, 0x16, 0x16, 0x1B, 0x97, 0xDF, 0xAB, 0xB8, 0xAC, 0x49, 0xC7, 0x42, 0xD9, 0xA1,
    0xE4, 0x7B, 0xC3, 0x7A, 0x33, 0x74, 0x6A, 0xD8, 0x11, 0x6B, 0x62, 0xB1, 0xF1, 0xF9, 0x50, 0x14,
    0x9D, 0xE9, 0x78, 0x07, 0x62, 0x48, 0xF1, 0x88, 0x77, 0x24, 0x41, 0xC3, 0xF3, 0x7D, 0x23, 0xF3,
    0xD9, 0x0E, 0x6D, 0x5D, 0x33, 0x5F, 0xFD, 0x9A, 0xE5, 0x51, 0x50, 0xEA, 0x0B, 0xE1, 0x50, 0x32,
    0x3A, 0x4B, 0x15, 0x2C, 0x55, 0xD7, 0xF0, 0x06, 0xB9, 0xE8, 0x07, 0x79, 0x33, 0x1C, 0xA4, 0xF1,
    0x6C, 0x97, 0xE4, 0xBE, 0x02, 0x44, 0x9A, 0x06, 0x15, 0x42, 0x4E, 0x70, 0x66, 0x6F, 0x78, 0x9B,
    0xF5, 0x0A, 0x92, 0xA1, 0xC3, 0x25, 0x3D, 0x47, 0x73, 0x90, 0xB7, 0x67, 0x0A, 0xC5, 0xDC, 0xF0,
    0x0C, 0x9E, 0xD4, 0x11, 0xD7, 0x26, 0x54, 0x05, 0xC3, 0x79, 0x38, 0x42, 0x09, 0xD8, 0x57, 0x80,
    0xB9, 0x06, 0x4C, 0x04, 0x2E, 0x3F, 0xBE, 0xC0, 0xCF, 0x1D, 0x21, 0xE2, 0x0C, 0x74, 0x33, 0x58,
    0x0D, 0xF0, 0xE9, 0x04, 0x40, 0x3F, 0x49, 0x8E, 0x80, 0xFE, 0xF2, 0x90, 0x88, 0x33, 0x28, 0x8E,
    0xF1, 0x71, 0x25, 0xE0, 0x68, 0x57, 0x0E, 0xA4, 0x9C, 0x01, 0x8E, 0x7D, 0x60, 0x8F, 0x22, 0xBE,
    0x10, 0x56, 0x30, 0x02, 0xC7, 0x93, 0x35, 0x3D, 0x80, 0xD9, 0xD9, 0x08, 0x38, 0x95, 0x45, 0x80,
    0xBA, 0x4F, 0xB8, 0x64, 0xE1, 0x5F, 0xAA, 0x8F, 0xB8, 0x14, 0x58, 0xB6, 0x7F, 0x25, 0xFF, 0x63,
    0xDD, 0xA1, 0x46, 0xE6, 0x11, 0x47, 0x31, 0xB0, 0xB5, 0xA3, 0xF3, 0x12, 0xC9, 0xA1, 0x6D, 0xB3,
    0xBF, 0xF4, 0xA1, 0x14, 0xFF, 0x17, 0x4D, 0x92, 0x21, 0x8C, 0xD7, 0x4C, 0x10, 0xC5, 0x7F, 0xFD,
    0xF7, 0xCB, 0x35, 0x5F, 0x1A, 0x52, 0x3C, 0x62, 0x7D, 0x02, 0xA9, 0x17, 0x64, 0x8A, 0x46, 0x80,
    0x57, 0x78, 0x04, 0x5E, 0x6D, 0xBD, 0xF7, 0x0A, 0x8F, 0x45, 0xB1, 0x1B, 0x10, 0x67, 0xEB, 0xD5,
    0xCA, 0x93, 0xCD, 0xA5, 0xA2, 0x62, 0xDB, 0xC7, 0xF4, 0x2E, 0x04, 0x9A, 0x9D, 0x49, 0x26, 0xF3,
    0xE6, 0xBD, 0x97, 0xE9, 0xDC, 0x66, 0xBA, 0x42, 0xD8, 0x89, 0x22, 0x29, 0x07, 0xAD, 0x37, 0xAD,
    0x58, 0xA6, 0x9B, 0xE0, 0x13, 0xED, 0x46, 0xA8, 0xA8, 0x76, 0x3A, 0x46, 0x15, 0x3B, 0x19, 0x17,
    0x5E, 0x00, 0x37, 0xCD, 0x30, 0x68, 0x81, 0xA8, 0x8D, 0x46, 0xAA, 0xF4, 0x92, 0xB0, 0xB3, 0x57,
    0x1E, 0x4B, 0x23, 0x7A, 0x78, 0x0D, 0x27, 0x3F, 0xE8, 0x94, 0x45, 0xD0, 0xA3, 0x30, 0xE9, 0x20,
    0xDE, 0xAB, 0xA2, 0x77, 0x5A, 0xF9, 0x46, 0x9C, 0x19, 0x25, 0x99, 0x74, 0x5E, 0x3D, 0x8F, 0xFA,
    0x39, 0xB7, 0x0F, 0x29, 0x0F, 0x35, 0x6D, 0x71, 0x8F, 0xD2, 0x6A, 0x52, 0x1E, 0x74, 0x72, 0x53,
    0xA1, 0x73, 0x7D, 0x4D, 0xA6, 0x39, 0x5D, 0x8F, 0xE8, 0xE5, 0x46, 0x7B, 0x60, 0x4B, 0x10, 0x17,
    0xB4, 0xD5, 0x16, 0x3D, 0xAD, 0x4F, 0xC9, 0x6A, 0xAB, 0x25, 0x5C, 0x5E, 0x5E, 0x69, 0x92, 0x16,
    0x69, 0xF5, 0xF7, 0xD5, 0x0A, 0x29, 0xB7, 0x9A, 0x86, 0xCA, 0x50, 0x18, 0x66, 0x48, 0x73, 0xA7,
    0x35, 0x68, 0xB3, 0xFB, 0x3D, 0xB6, 0x35, 0xB5, 0x7B, 0xFA, 0xE0, 0x0C, 0x8B, 0x69, 0xEA, 0x77,
    0x68, 0xE0, 0x23, 0x5D, 0xBE, 0xAD, 0x84, 0xD2, 0x57, 0xE2, 0x6E, 0x67, 0xA3, 0x4D, 0x47, 0xA7,
    0x5F, 0x2A, 0xE1, 0x1C, 0x34, 0xC5, 0x6D, 0xDC, 0xB1, 0xDC, 0x67, 0xFE, 0xA7, 0xE1, 0xF9, 0xF3,
    0xE2, 0x2D, 0xB6, 0xB9, 0x8E, 0x9D, 0xA3, 0x18, 0x24, 0x77, 0x2A, 0x65, 0xD0, 0x09, 0xDE, 0x01,
    0x66, 0x5E, 0xD2, 0x16, 0xBE, 0x13, 0xB6, 0xD6, 0x89, 0x6B, 0x10, 0xC9, 0xC1, 0x53, 0xD0, 0x7B,
    0xE5, 0x56, 0x3F, 0x55, 0xD0, 0x12, 0x57, 0x8C, 0xB0, 0xF0, 0x1F, 0x77, 0x10, 0x4E, 0x1A, 0xA9,
    0x74, 0xD2, 0x16, 0xA4, 0x6A, 0xFB, 0x58, 0xD3, 0x32, 0xD4, 0x2F, 0x73, 0xF7, 0x40, 0x0F, 0xD1,
    0xA7, 0x7C, 0x75, 0xD8, 0x8A, 0x8F, 0xE9, 0x40, 0x42, 0xA7, 0x33, 0x33, 0x16, 0xE8, 0x0F, 0x86,
    0x83, 0xE0, 0xED, 0xAD, 0xD1, 0x3A, 0x2A, 0x9B, 0xB0, 0x1D, 0x9B, 0xE9, 0x0E, 0x4C, 0x53, 0xD2,
    0xAC, 0xEB, 0x91, 0x4E, 0xC6, 0x95, 0xAE, 0x72, 0xED, 0xD5, 0xA1, 0xF6, 0xBC, 0x52, 0x5F, 0x52,
    0x3A, 0x3D, 0xC5, 0xDA, 0xEA, 0xFA, 0xC7, 0x97, 0x17, 0x3A, 0x17, 0xD4, 0x32, 0xA8, 0x78, 0x6E,
    0x94, 0xD1, 0xDC, 0xB9, 0xE0, 0xEE, 0xA3, 0xBC, 0x81, 0x8B, 0x5C, 0xB4, 0x95, 0x41, 0xB3, 0x63,
    0x48, 0x97, 0xB1, 0x3B, 0x95, 0xA4, 0xEC, 0x22, 0x5A, 0xE0, 0xB6, 0x10, 0xD7, 0xD6, 0x19, 0x0E,
    0x6C, 0xC5, 0x1C, 0xF2, 0x38, 0xA7, 0x4B, 0xCD, 0x55, 0xB3, 0x3B, 0x7E, 0x3A, 0x87, 0xE5, 0xF9,
    0x1C, 0xEC, 0x9F, 0x73, 0x68, 0x54, 0xB8, 0xEA, 0x3F, 0x11, 0x75, 0xB1, 0x6A, 0x19, 0xA5, 0x6A,
    0x7F, 0x63, 0x8F, 0x1E, 0xBF, 0x01, 0x3D, 0xCE, 0xB1, 0x15, 0xC2, 0x30, 0x10, 0x03, 0x50, 0xE1,
    0x2B, 0x28, 0x5C, 0x84, 0x0D, 0x18, 0x21, 0x23, 0x24, 0x1D, 0x53, 0xF1, 0xC8, 0x3A, 0x4C, 0x41,
    0xDE, 0xA3, 0xA4, 0xF1, 0x08, 0x6C, 0x80, 0x8B, 0x14, 0x2E, 0x8C, 0x45, 0xCE, 0x77, 0x0F, 0x37,
    0xBF, 0xB0, 0x64, 0x0B, 0xF0, 0x73, 0xE3, 0xAC, 0x08, 0x99, 0xD4, 0xC8, 0x31, 0xAB, 0x43, 0x8B,
    0x45, 0x8D, 0x55, 0xAA, 0x2A, 0x9B, 0x89, 0x93, 0xB4, 0x2E, 0x82, 0x7B, 0xA0, 0x89, 0xBF, 0xB3,
    0xBB, 0xF8, 0xFD, 0xDA, 0x15, 0x37, 0xBA, 0x03, 0x53, 0x77, 0xE2, 0xDB, 0x87, 0xE4, 0x2E, 0xCD,
    0xC0, 0xCF, 0x66, 0xB5, 0x57, 0xB1, 0xF8, 0xA5, 0xAA, 0x67, 0x4A, 0x77, 0xAA, 0xE6, 0xA3, 0xC8,
    0x57, 0x65, 0x0E, 0x0D, 0x57, 0x08, 0x13, 0x08, 0xE2, 0xC8, 0x15, 0x0C, 0x5C, 0x06, 0xEE, 0x91,
    0x27, 0x97, 0xB1, 0xE9, 0x4F, 0xDC, 0x6B, 0xFA, 0x54, 0xB1, 0x65, 0x77, 0xE0, 0x07, 0xB5, 0x98,
    0x2F, 0xAC, 0xE4, 0xD6, 0x15, 0xC6, 0xED, 0x71, 0xF7, 0x59, 0x8A, 0xC1, 0x94, 0x24, 0x91, 0x36,
    0xC0, 0xC5, 0x21, 0xE6, 0xC8, 0x53, 0x1C, 0xB2, 0x60, 0x57, 0x01, 0x05, 0xC5, 0xD9, 0x80, 0xE5,
    0x52, 0x25, 0xBB, 0x29, 0x97, 0x1E, 0x88, 0x82, 0x17, 0x6C, 0xA5, 0x64, 0x0A, 0x42, 0x0B, 0xA2,
    0x7A, 0x92, 0x94, 0x6B, 0x40, 0xB9, 0xAC, 0x6A, 0x4B, 0x42, 0x62, 0xB5, 0x5E, 0xD5, 0x9B, 0xD8,
    0x3E, 0xBD, 0xDF, 0xEF, 0xF8, 0xEE, 0x33, 0xC8, 0xD3, 0xA2, 0x8E, 0xE6, 0xDD, 0xEF, 0x1B, 0xCB,
    0xF7, 0xDE, 0xF3, 0x9D, 0x3F, 0xF7, 0xCF, 0x4B, 0xC2, 0xE7, 0xE6, 0x9C, 0xF0, 0x39, 0x9A, 0x63,
    0xB5, 0x61, 0x6D, 0x27, 0xB0, 0xB3, 0x16, 0x34, 0xC7, 0xCC, 0xEC, 0x22, 0xCC, 0x37, 0x3C, 0x6E,
    0x58, 0xFD, 0x6C, 0x57, 0xBA, 0xFD, 0xDB, 0x7A, 0xBA, 0xFD, 0xD3, 0xD1, 0xBE, 0xB5, 0x81, 0x6E,
    0x27, 0x30, 0xB7, 0x04, 0x3C, 0x2E, 0x89, 0x8D, 0xEA, 0x36, 0x27, 0xDD, 0xC4, 0x6C, 0x66, 0x33,
    0xB3, 0x39, 0xDA, 0x0F, 0xE7, 0x2E, 0x60, 0x16, 0x26, 0xAD, 0x67, 0xBA, 0x25, 0xF5, 0x42, 0xB7,
    0xA4, 0x5A, 0xE9, 0x86, 0xA1, 0x75, 0x18, 0xA3, 0x0C, 0xD8, 0x0D, 0x2E, 0xC0, 0xAE, 0xC2, 0x53,
    0x2E, 0x2C, 0xED, 0xB6, 0xB1, 0x35, 0x39, 0x98, 0xCD, 0x11, 0x93, 0x07, 0x4F, 0xC2, 0xE7, 0x71,
    0x52, 0x1A, 0xD3, 0x1C, 0x01, 0x46, 0xCE, 0x04, 0x73, 0x92, 0x05, 0x5B, 0x9A, 0x00, 0x63, 0x22,
    0xB3, 0xB2, 0x01, 0x38, 0x3C, 0x4F, 0xDC, 0xE8, 0x08, 0x29, 0xA0, 0x11, 0xD7, 0x16, 0xB0, 0x49,
    0xA6, 0xFE, 0xAB, 0x33, 0xC1, 0xA5, 0xB0, 0x8B, 0xE0, 0x60, 0x7D, 0x22, 0x6A, 0x43, 0x80, 0x56,
    0x10, 0x2C, 0x73, 0x48, 0x1C, 0x34, 0x90, 0xCC, 0x0F, 0x6F, 0x4A, 0x55, 0x66, 0x57, 0x99, 0x92,
    0xDB, 0x45, 0xA6, 0x84, 0x97, 0x05, 0xCD, 0x9A, 0x3C, 0xB0, 0xE5, 0x53, 0x9B, 0x70, 0x91, 0xB5,
    0xC0, 0xCB, 0x30, 0xFB, 0xBB, 0x41, 0xC9, 0xE6, 0xB8, 0xD5, 0x41, 0xA2, 0x6D, 0xFC, 0x40, 0xC6,
    0xD9, 0x90, 0xDA, 0xC4, 0x2C, 0x36, 0x33, 0x7C, 0xE7, 0x60, 0x33, 0xB3, 0xD8, 0x24, 0x03, 0x35,
    0x7B, 0x00, 0x3D, 0x08, 0x73, 0x6A, 0xBE, 0xC2, 0xFE, 0x68, 0x33, 0x31, 0xB5, 0x8B, 0x03, 0xBF,
    0xBE, 0x50, 0x0E, 0x94, 0x16, 0xD8, 0xD5, 0xED, 0x1C, 0x64, 0xE7, 0x41, 0x30, 0x27, 0x29, 0xC0,
    0xAF, 0x06, 0xC0, 0x73, 0xD6, 0x2B, 0xBE, 0x8A, 0x03, 0x12, 0xF1, 0x42, 0x67, 0xC9, 0x8D, 0xBD,
    0xFA, 0x3A, 0x8C, 0x69, 0x58, 0x0B, 0xB8, 0x14, 0xA2, 0x82, 0x86, 0x39, 0x82, 0x7A, 0xE4, 0x1B,
    0x4C, 0xCC, 0x92, 0x8F, 0x68, 0xC8, 0x65, 0xF5, 0x06, 0x97, 0xE4, 0xE6, 0x39, 0xA0, 0xD4, 0x02,
    0xF0, 0x75, 0x04, 0x92, 0x61, 0x97, 0xDC, 0x25, 0x20, 0x0D, 0x77, 0x20, 0x29, 0xC0, 0xBC, 0x87,
    0xC6, 0xA1, 0x9B, 0x00, 0x1B, 0x1D, 0x86, 0x1D, 0xBC, 0x6F, 0xAF, 0x05, 0xEE, 0x2A, 0x07, 0x3E,
    0xA4, 0xD8, 0x93, 0x93, 0x97, 0xC6, 0xF6, 0xB8, 0x70, 0xC6, 0xF8, 0x17, 0xB9, 0x08, 0x86, 0xE7,
    0x99, 0xA5, 0xDD, 0x24, 0x24, 0x76, 0x7A, 0xC3, 0xA2, 0x9E, 0xD4, 0xA2, 0x96, 0xC3, 0x1A, 0xE5,
    0x64, 0x4B, 0x54, 0x94, 0xCF, 0x91, 0x15, 0x53, 0x94, 0x77, 0x1C, 0xA3, 0xB4, 0x72, 0x78, 0xA3,
    0xAE, 0x7F, 0x23, 0xF0, 0x1A, 0x59, 0x77, 0x89, 0x32, 0xAD, 0xDD, 0x94, 0x1E, 0x54, 0x4B, 0x88,
    0xCD, 0xD6, 0x28, 0xB4, 0x98, 0x23, 0x2B, 0x89, 0x03, 0x83, 0x0C, 0x0A, 0x85, 0x98, 0x5D, 0x02,
    0xBB, 0x7A, 0x85, 0x6F, 0x91, 0x28, 0xD7, 0x27, 0x4F, 0x3E, 0x86, 0x99, 0xEB, 0xC6, 0x01, 0x1E,
    0x6C, 0xE5, 0x90, 0x34, 0xAD, 0x7A, 0x8D, 0x20, 0xA8, 0xA2, 0x47, 0xCC, 0x9E, 0x31, 0x13, 0x51,
    0xF2, 0x0E, 0x56, 0x88, 0x21, 0x99, 0xCA, 0x14, 0xA1, 0x38, 0xFF, 0x06, 0x53, 0x7D, 0x7E, 0x02,
    0x53, 0x89, 0x26, 0x0F, 0xCF, 0xE7, 0xDB, 0x77, 0xCE, 0xE7, 0x17, 0x49, 0x65, 0x36, 0x1C, 0xCD,
    0x26, 0x91, 0x1E, 0x42, 0x35, 0x74, 0x2B, 0xC1, 0x23, 0xB8, 0x10, 0x44, 0x1F, 0x4C, 0x5A, 0x20,
    0xAA, 0xD7, 0x31, 0xA1, 0x42, 0xAA, 0xF0, 0x14, 0x39, 0xB6, 0x91, 0xCC, 0xA4, 0xB7, 0x50, 0x9D,
    0x38, 0x69, 0xEB, 0xFF, 0x6C, 0xAB, 0x8D, 0x7D, 0xEF, 0xD5, 0x92, 0x59, 0xE6, 0xE4, 0x38, 0xE7,
    0x8A, 0x58, 0x69, 0xF5, 0x40, 0xE8, 0xAA, 0x95, 0xF2, 0xA2, 0x4A, 0x15, 0x2E, 0x91, 0x29, 0x92,
    0xDE, 0xC3, 0xD6, 0x58, 0x4B, 0xD4, 0xB0, 0x92, 0xA0, 0xC9, 0xA6, 0xDA, 0x2D, 0x75, 0x12, 0x6D,
    0x27, 0xF5, 0x6E, 0x6C, 0x39, 0xC9, 0xBF, 0x6D, 0x4D, 0x25, 0x45, 0x12, 0x3E, 0xE4, 0xDF, 0xE3,
    0xE8, 0x7D, 0x86, 0x14, 0x59, 0xF6, 0x19, 0x74, 0x20, 0x81, 0xDC, 0xC1, 0x65, 0x24, 0xD5, 0xEA,
    0x84, 0xE9, 0x49, 0xA8, 0x7A, 0xF6, 0x7C, 0x8A, 0x84, 0x12, 0x77, 0xE2, 0xF9, 0x52, 0x51, 0xE6,
    0x64, 0x15, 0xD6, 0x11, 0x37, 0x27, 0x0D, 0xEB, 0x0B, 0xD9, 0x1D, 0x53, 0x05, 0xCF, 0x2A, 0xFA,
    0x78, 0x16, 0x73, 0x9C, 0x64, 0x33, 0xD9, 0xCE, 0x9C, 0x78, 0xAC, 0x0D, 0x33, 0x1C, 0x03, 0x29,
    0x86, 0x4A, 0x44, 0x69, 0x52, 0x5F, 0x20, 0xB5, 0x05, 0x01, 0x25, 0x64, 0x4D, 0x6E, 0x3A, 0x7B,
    0x1E, 0xC8, 0x98, 0x28, 0xC8, 0x74, 0x80, 0x1C, 0x5E, 0x24, 0x7C, 0x58, 0x59, 0x1E, 0x3D, 0xF0,
    0xB5, 0x85, 0x94, 0x98, 0x45, 0x7A, 0x08, 0x86, 0x57, 0xE6, 0x6E, 0x45, 0x72, 0x1A, 0x1D, 0x7D,
    0xB8, 0x23, 0x3D, 0x1E, 0xC7, 0x70, 0x24, 0x63, 0x6F, 0x24, 0x0C, 0x91, 0x43, 0x06, 0x52, 0xC2,
    0x89, 0xD7, 0x7D, 0xBF, 0x27, 0xA6, 0x8A, 0x60, 0x4F, 0xF2, 0x9E, 0xF2, 0x35, 0x3D, 0x99, 0xB8,
    0x80, 0xCC, 0x0C, 0xE1, 0x84, 0x28, 0x35, 0x10, 0x5F, 0x85, 0x20, 0xCC, 0x57, 0xBA, 0xC9, 0x0C,
    0x11, 0x6D, 0x57, 0x4A, 0xBC, 0x4A, 0x1E, 0x74, 0xEB, 0x23, 0x16, 0xA2, 0xCA, 0x6C, 0xBA, 0x23,
    0xF2, 0xF8, 0x63, 0xAF, 0x12, 0x8C, 0xC1, 0x87, 0x2B, 0x3F, 0xC7, 0xD2, 0x13, 0xB6, 0x75, 0xC5,
    0xE1, 0x21, 0x8E, 0x99, 0xE0, 0x3C, 0xAB, 0x14, 0x2B, 0x0C, 0x3F, 0x1D, 0xB7, 0x77, 0xB1, 0xED,
    0xA8, 0xC1, 0x13, 0x50, 0xDD, 0x84, 0xCD, 0xE2, 0xD8, 0xCD, 0x8E, 0xE6, 0xD8, 0x0A, 0xD5, 0x5F,
    0xA8, 0xF1, 0x30, 0xA9, 0x06, 0x99, 0x87, 0xE7, 0xDD, 0x0C, 0xEA, 0x61, 0xE7, 0x11, 0x40, 0x96,
    0x16, 0xFA, 0xDA, 0x18, 0x4E, 0x3E, 0x51, 0x77, 0x36, 0x15, 0x7F, 0x67, 0xCA, 0xC9, 0xB0, 0xC6,
    0x8C, 0xA4, 0xCE, 0x6D, 0x5B, 0xA7, 0x1F, 0xFE, 0x39, 0x06, 0x7F, 0xB7, 0xB1, 0x28, 0xE6, 0x95,
    0x93, 0xA8, 0xF1, 0x9E, 0xE0, 0xF7, 0x4E, 0xB2, 0x5D, 0xF0, 0xDF, 0x12, 0x73, 0x08, 0x43, 0x60,
    0xE5, 0xC1, 0x63, 0xCE, 0x10, 0xFB, 0x98, 0xDF, 0x13, 0xFC, 0xF6, 0xAD, 0xC1, 0x27, 0xE6, 0xE4,
    0xEB, 0x3D, 0xC1, 0x7F, 0x1D, 0x82, 0x6F, 0x6F, 0x82, 0x3F, 0xDE, 0x11, 0x39, 0xE1, 0xB1, 0x87,
    0xDC, 0x25, 0xBB, 0xAF, 0x6C, 0xA8, 0xEC, 0x2A, 0xC8, 0x6C, 0xC0, 0x6E, 0x9B, 0x64, 0x35, 0x5B,
    0xB7, 0x60, 0xC6, 0xD0, 0x08, 0x13, 0xD6, 0xDA, 0xB8, 0x9D, 0x63, 0x04, 0x7A, 0x2B, 0xD8, 0x59,
    0x10, 0x17, 0x3C, 0x59, 0xDA, 0x8D, 0x71, 0x2A, 0x33, 0xBB, 0x02, 0xAF, 0x09, 0xEF, 0xE3, 0x7B,
    0x36, 0xD5, 0xB7, 0xEC, 0xAD, 0xAF, 0x7E, 0x71, 0x6F, 0x4D, 0x9E, 0x90, 0xCD, 0x9D, 0xAD, 0x27,
    0x4D, 0x88, 0x24, 0x5B, 0xD3, 0x6E, 0x26, 0x29, 0x8E, 0x13, 0xFE, 0x29, 0x46, 0xD2, 0xA3, 0x18,
    0xA4, 0x2B, 0x80, 0xC2, 0x17, 0x00, 0xF7, 0x16, 0x3D, 0x3E, 0xDD, 0x1C, 0x89, 0xF7, 0xF6, 0x86,
    0x39, 0x58, 0x34, 0xEC, 0xAD, 0xC0, 0x9B, 0x0B, 0xFD, 0xD2, 0x19, 0x95, 0x2C, 0xA3, 0x80, 0xA2,
    0x98, 0xBF, 0x31, 0x2C, 0xB5, 0x45, 0xDB, 0x1C, 0xB9, 0x3A, 0x28, 0xFA, 0x48, 0x48, 0x1E, 0x7E,
    0xC5, 0x89, 0x81, 0x34, 0x3D, 0x7A, 0x6E, 0x96, 0x0E, 0x55, 0xAF, 0x93, 0xE4, 0x54, 0x5F, 0xF2,
    0x00, 0x63, 0x7D, 0x09, 0xE6, 0x17, 0x43, 0xAD, 0xE2, 0x3B, 0x0E, 0x8D, 0x7C, 0x7E, 0x1C, 0xFE,
    0x2F, 0xC7, 0x9A, 0xD4, 0x81, 0x14, 0x26, 0xF5, 0x1D, 0x2E, 0x3B, 0xC8, 0x1D, 0x7E, 0x6F, 0xFF,
    0xE0, 0x99, 0xD9, 0x1D, 0xD4, 0xC6, 0xE9, 0x6E, 0x89, 0xF8, 0x9E, 0xD9, 0xE3, 0xE4, 0x63, 0xFB,
    0x5C, 0xC7, 0x58, 0x8E, 0x14, 0x14, 0xB3, 0xD2, 0x44, 0xAB, 0xF8, 0x20, 0xD3, 0x5B, 0x36, 0x7D,
    0x15, 0xB8, 0x1F, 0x14, 0xAE, 0xA9, 0x31, 0x47, 0x9F, 0x2D, 0x8C, 0x3B, 0x14, 0x33, 0xF6, 0x0C,
    0xE5, 0x80, 0x79, 0x53, 0x8D, 0x49, 0x36, 0x77, 0x58, 0xD1, 0x2D, 0xE6, 0xCA, 0x6C, 0xD3, 0x6B,
    0x13, 0x58, 0x6D, 0xAA, 0x4A, 0x14, 0xB0, 0x10, 0x81, 0x85, 0x01, 0x49, 0xBE, 0x38, 0x16, 0x13,
    0x72, 0xAF, 0x1A, 0x5D, 0xA6, 0x35, 0x8C, 0xCA, 0x2E, 0xB3, 0x1F, 0xD5, 0x46, 0xB0, 0x74, 0xE9,
    0x71, 0x87, 0x21, 0x76, 0x8F, 0x42, 0x89, 0x91, 0xF0, 0x83, 0x7A, 0xDD, 0x11, 0x3F, 0x73, 0x5F,
    0x08, 0x05, 0xD3, 0x92, 0x75, 0xE5, 0xEC, 0xD6, 0x24, 0xCD, 0xE0, 0xE6, 0xB4, 0xD1, 0xB7, 0xDF,
    0xDB, 0xC9, 0xC9, 0x8F, 0x3E, 0x67, 0x4A, 0x7A, 0xA3, 0x95, 0x60, 0x60, 0xCE, 0x05, 0xC4, 0x8D,
    0xBB, 0x3C, 0xDE, 0x3F, 0x31, 0x17, 0xCA, 0x45, 0xCD, 0x95, 0xD3, 0x9D, 0x1C, 0xD8, 0x7C, 0xD2,
    0x0D, 0x8C, 0x2C, 0xEB, 0x48, 0x08, 0x59, 0xE7, 0xE9, 0x52, 0x2E, 0xDB, 0x88, 0xCD, 0xA8, 0x04,
    0x96, 0x11, 0x57, 0xDF, 0x9E, 0xDE, 0x0F, 0xE4, 0x03, 0x7B, 0x49, 0x35, 0x1E, 0xCC, 0x6C, 0x47,
    0x3E, 0x3C, 0x9F, 0x7F, 0x7B, 0x3E, 0x7F, 0xD9, 0x58, 0x90, 0x60, 0x73, 0x80, 0xCF, 0x02, 0x84,
    0x80, 0xB1, 0x79, 0xEC, 0xAF, 0x36, 0x01, 0xB8, 0xDA, 0xE4, 0x00, 0xAB, 0x49, 0xE3, 0xD0, 0x4D,
    0x4C, 0x67, 0x63, 0xBC, 0x1C, 0x39, 0x70, 0x39, 0x02, 0xDA, 0x86, 0x05, 0x87, 0xC5, 0x05, 0xB8,
    0x48, 0xE0, 0xCF, 0xEC, 0xC6, 0x3F, 0x69, 0xBC, 0x7B, 0x8E, 0xFC, 0xBF, 0x5C, 0x22, 0x2E, 0x36,
    0xED, 0x78, 0xB3, 0xA4, 0x22, 0x01, 0xB4, 0xDC, 0x26, 0xC9, 0xD3, 0xF3, 0x59, 0xE7, 0x0A, 0x3D,
    0xE8, 0x0C, 0x21, 0xD6, 0x43, 0x7B, 0x8A, 0x26, 0x56, 0x09, 0x0D, 0x95, 0x92, 0xDE, 0x51, 0x1A,
    0x09, 0x56, 0xE3, 0xF4, 0xB2, 0x35, 0x08, 0x77, 0x8A, 0x53, 0xF9, 0x8D, 0xDD, 0x6A, 0x6C, 0xC5,
    0x76, 0x28, 0x62, 0xB1, 0xFE, 0x6C, 0x73, 0xA4, 0xA4, 0x8F, 0x53, 0xA5, 0x33, 0x5A, 0x2A, 0xD3,
    0x48, 0xD2, 0x23, 0x6D, 0x79, 0xA0, 0x33, 0xFA, 0x22, 0xC5, 0xCF, 0x84, 0x39, 0x52, 0x6A, 0xBF,
    0x99, 0x35, 0x02, 0x52, 0xBA, 0x89, 0xCD, 0x19, 0x3D, 0xA3, 0xD2, 0x28, 0x4A, 0x6B, 0x96, 0xA8,
    0xF2, 0x60, 0x13, 0xAA, 0x72, 0xDD, 0xDE, 0xFA, 0xF7, 0xD5, 0x8D, 0xA3, 0xA5, 0xC2, 0x7F, 0x81,
    0xDE, 0x42, 0xA3, 0xFB, 0x36, 0xD7, 0xB9, 0xDB, 0x18, 0xF7, 0xFE, 0x05, 0x46, 0x70, 0xCF, 0x02,
    0x83, 0x4B, 0x00, 0xEB, 0xA3, 0x2B, 0xDC, 0x0D, 0xD1, 0x05, 0x9B, 0x7C, 0x49, 0x17, 0xB8, 0x6C,
    0xD7, 0x19, 0x01, 0xA9, 0x6C, 0x62, 0x74, 0xB0, 0x91, 0xEE, 0xC8, 0xDB, 0xA4, 0x49, 0x56, 0x67,
    0x57, 0x97, 0x94, 0x00, 0xE4, 0x91, 0x9F, 0x21, 0x4E, 0x51, 0x47, 0xC1, 0x63, 0x94, 0x99, 0x49,
    0xD1, 0x43, 0x5B, 0x6F, 0x0B, 0xBB, 0x36, 0x2B, 0x0A, 0x65, 0x03, 0x6B, 0x4C, 0xBC, 0x00, 0x5F,
    0xA5, 0x54, 0xC9, 0xEB, 0x7F, 0x3D, 0xA2, 0x6C, 0x94, 0x62, 0x7F, 0x8F, 0x97, 0x88, 0x27, 0xB7,
    0x72, 0x3F, 0x47, 0x75, 0x54, 0x47, 0xB3, 0x40, 0x09, 0xD7, 0x1C, 0x69, 0x6B, 0x4E, 0xC9, 0xFF,
    0x89, 0x6E, 0xD0, 0xF1, 0x8E, 0x12, 0x2E, 0xC5, 0xF3, 0x00, 0xC5, 0x2A, 0xA8, 0x9F, 0xA7, 0xA0,
    0x99, 0xE8, 0xBC, 0xD1, 0x3E, 0x50, 0x02, 0xE2, 0x9E, 0x22, 0x52, 0x47, 0xAF, 0x47, 0xDF, 0xCC,
    0x19, 0x44, 0xD9, 0x53, 0xE3, 0x2E, 0x3F, 0x23, 0x4E, 0xA2, 0xCA, 0x55, 0xEE, 0xE1, 0xDC, 0xF3,
    0xFB, 0x52, 0xCE, 0x35, 0x1A, 0xF5, 0x84, 0x96, 0x1C, 0x05, 0xFC, 0xF3, 0xF4, 0x73, 0x47, 0x76,
    0xBB, 0xED, 0xB4, 0xE6, 0xE9, 0xD1, 0x88, 0xF8, 0xA5, 0x90, 0x34, 0xD4, 0x68, 0xD8, 0xE4, 0x07,
    0xD3, 0xDE, 0xAB, 0xD7, 0x49, 0xCD, 0x52, 0x12, 0x89, 0xAF, 0xAD, 0x77, 0x84, 0x5B, 0x17, 0xC9,
    0x20, 0x22, 0x03, 0xC3, 0x97, 0xB4, 0x7A, 0xB9, 0x2D, 0x03, 0xCF, 0xCC, 0x9C, 0x54, 0x10, 0x39,
    0x66, 0x25, 0x80, 0xCA, 0x11, 0x49, 0x44, 0xB3, 0x0A, 0x87, 0x01, 0x45, 0xD0, 0xDB, 0x88, 0xA4,
    0x1E, 0x5A, 0xFC, 0x86, 0xA7, 0xC8, 0xB6, 0xCD, 0xD2, 0x93, 0x08, 0x76, 0x61, 0xBB, 0xCE, 0x42,
    0xBF, 0xD3, 0x11, 0x88, 0x7C, 0xF1, 0x32, 0x39, 0x39, 0x79, 0xA8, 0x0A, 0xD9, 0x3E, 0x8F, 0xD4,
    0x74, 0x16, 0x8A, 0x26, 0xC7, 0x09, 0xF5, 0xFA, 0x11, 0x27, 0xAD, 0x5C, 0xCA, 0x2F, 0xA1, 0x0D,
    0xDF, 0x42, 0x32, 0x94, 0xF0, 0xA5, 0x32, 0x4C, 0x36, 0x1D, 0xD7, 0xD0, 0xEA, 0x67, 0x33, 0xE9,
    0xFE, 0xDC, 0x85, 0x76, 0xD6, 0xB5, 0xBD, 0xDE, 0xB7, 0x93, 0xDA, 0x06, 0x42, 0xC4, 0x33, 0xD6,
    0xD1, 0xCE, 0x5E, 0x7F, 0xC3, 0x65, 0x7C, 0x0E, 0xEE, 0xAE, 0xEC, 0x36, 0x79, 0xD8, 0xC6, 0xBD,
    0xAC, 0xDC, 0x1C, 0x24, 0x6A, 0xE4, 0xDA, 0x9B, 0xB3, 0x8A, 0xDF, 0x66, 0x7F, 0x3A, 0x49, 0xA0,
    0xEF, 0x49, 0xF1, 0x3F, 0x12, 0x28, 0xC8, 0xA6, 0x46, 0x41, 0xC9, 0xFF, 0x4B, 0x5E, 0x1E, 0x6D,
    0x2A, 0x4D, 0x70, 0xCD, 0xA9, 0xD0, 0x96, 0x55, 0x5F, 0x11, 0xA4, 0x42, 0x53, 0xC9, 0x9C, 0x03,
    0xF4, 0xC1, 0x7C, 0x81, 0xEC, 0x3C, 0x18, 0xF7, 0x47, 0x07, 0x02, 0x7A, 0x07, 0x41, 0xFF, 0x7E,
    0x47, 0x58, 0xB4, 0x7F, 0x61, 0x86, 0x2B, 0x0B, 0x4F, 0xF4, 0x22, 0x47, 0xAA, 0xDD, 0x66, 0x79,
    0xF3, 0x22, 0x56, 0xB0, 0x07, 0x75, 0x51, 0xAC, 0x15, 0x83, 0xA3, 0x61, 0xCF, 0x74, 0x60, 0xF4,
    0xD0, 0x86, 0x9F, 0xA1, 0xE5, 0x4C, 0x8B, 0xA3, 0xD7, 0x90, 0x41, 0xA9, 0x3C, 0xB8, 0xD4, 0x6C,
    0x50, 0x8D, 0xE9, 0x40, 0xF9, 0x6E, 0xB7, 0x26, 0x7E, 0x69, 0x67, 0xC5, 0x38, 0x79, 0xDB, 0xE9,
    0xBE, 0xAA, 0xEC, 0x20, 0x30, 0x1E, 0x9B, 0x94, 0x82, 0x30, 0xB6, 0x26, 0x5B, 0x64, 0x8A, 0x0E,
    0x79, 0x01, 0x7C, 0xB3, 0xB9, 0xC6, 0xC3, 0x09, 0x39, 0x12, 0x37, 0x23, 0xE4, 0xC5, 0x2D, 0x0C,
    0x3D, 0x71, 0x85, 0xE4, 0xD5, 0x07, 0xDD, 0x88, 0xFD, 0x73, 0x8C, 0x4D, 0x33, 0x55, 0xB8, 0xB2,
    0x54, 0x1D, 0xB4, 0x9E, 0x1F, 0xFB, 0x14, 0x29, 0xB6, 0xF6, 0xD4, 0x60, 0x73, 0x47, 0x6B, 0xE3,
    0xBE, 0xD5, 0xCB, 0xE6, 0xE9, 0x32, 0xC9, 0x97, 0x4D, 0x20, 0x4A, 0x14, 0x05, 0xA8, 0x34, 0xC5,
    0x2E, 0x37, 0xEC, 0xC7, 0xA3, 0xD1, 0xA1, 0xA9, 0x02, 0xDE, 0x71, 0x81, 0xD1, 0xC2, 0x3B, 0x86,
    0x2E, 0xDD, 0xA5, 0x1E, 0x0F, 0xD6, 0xD6, 0x53, 0x66, 0x21, 0x96, 0xC1, 0x7F, 0x36, 0x94, 0x0B,
    0xFB, 0x4F, 0x13, 0xAC, 0x30, 0x95, 0x8F, 0x1C, 0xDF, 0xE9, 0xC4, 0x2B, 0x1D, 0x34, 0xBF, 0x0E,
    0x4D, 0xDA, 0xEB, 0x6A, 0xD1, 0x87, 0x89, 0xAB, 0x3E, 0x78, 0x41, 0x57, 0x96, 0xAF, 0x2D, 0x29,
    0xD4, 0x23, 0x25, 0xE7, 0x6E, 0x6E, 0xE3, 0xED, 0x35, 0x55, 0x75, 0x54, 0x92, 0xDE, 0xBD, 0x0C,
    0x35, 0x86, 0x4C, 0xBC, 0x2E, 0x61, 0xA9, 0xA7, 0x85, 0x44, 0xE0, 0xB5, 0xD4, 0x56, 0x91, 0x30,
    0xC2, 0xE1, 0x0B, 0xBF, 0x21, 0x4E, 0x6C, 0x7F, 0x95, 0x9A, 0x7A, 0x6B, 0xBA, 0xA9, 0x91, 0x73,
    0xBB, 0xAB, 0x16, 0x59, 0x33, 0x6D, 0x2B, 0x3A, 0xDE, 0x3C, 0x7D, 0xE1, 0xC7, 0xBB, 0x77, 0x4E,
    0x37, 0x8A, 0xFB, 0x50, 0xEB, 0x8E, 0x34, 0x85, 0x80, 0x15, 0xE1, 0xA7, 0x0D, 0xC7, 0x1F, 0x87,
    0xC4, 0xFA, 0xFA, 0xBB, 0x4B, 0xF0, 0x52, 0x7D, 0x52, 0x4E, 0x77, 0x8A, 0xD7, 0xB7, 0x0B, 0x27,
    0xB8, 0x59, 0x6D, 0x78, 0xC3, 0x9D, 0x23, 0x25, 0x1C, 0xD2, 0xFD, 0xFE, 0x5E, 0xCD, 0xA1, 0x5D,
    0x8F, 0xFC, 0xE7, 0x2B, 0x84, 0xE7, 0x5A, 0xCD, 0x99, 0x7D, 0x37, 0xC8, 0xDF, 0x3F, 0xF6, 0x21,
    0x08, 0x66, 0xAD, 0x82, 0x60, 0xAA, 0xD9, 0x6A, 0x22, 0x61, 0xDA, 0x78, 0xD0, 0x54, 0x3A, 0x7E,
    0xF8, 0x65, 0x52, 0x53, 0xC8, 0x0E, 0x72, 0xD1, 0xA0, 0x77, 0x13, 0x55, 0xD0, 0x40, 0x21, 0x79,
    0x05, 0x39, 0x5C, 0xF4, 0x3C, 0x33, 0xD9, 0x19, 0xE0, 0x87, 0xBF, 0xF8, 0x81, 0xC9, 0x02, 0xE4,
    0x0E, 0x85, 0x29, 0x73, 0x82, 0x5D, 0xCA, 0x63, 0x41, 0x61, 0xB2, 0x4F, 0x4C, 0xDE, 0x14, 0x54,
    0xA4, 0x33, 0x59, 0x6D, 0xCF, 0x1C, 0x4C, 0x33, 0x67, 0xDB, 0x86, 0xFE, 0x49, 0x4C, 0x08, 0xC2,
    0x25, 0x8D, 0x36, 0x2A, 0x0A, 0x6C, 0xAD, 0xFD, 0xD1, 0x34, 0x3F, 0x97, 0x44, 0xE5, 0x35, 0x13,
    0x5D, 0x2A, 0x96, 0xEB, 0x7A, 0xA6, 0xF5, 0xBD, 0x6E, 0x52, 0x4B, 0x21, 0xB5, 0x7E, 0x0C, 0xEC,
    0xC6, 0x2D, 0x65, 0xAB, 0x55, 0xAD, 0xD7, 0x15, 0x05, 0x29, 0x4D, 0xC7, 0x5F, 0x48, 0x4D, 0xBF,
    0xEF, 0x7F, 0x3A, 0x3F, 0x9B, 0xA8, 0x0F, 0x93, 0xED, 0xAE, 0x32, 0xED, 0xEC, 0x4F, 0x2A, 0xB9,
    0x60, 0x12, 0xA7, 0xB9, 0x01, 0xB0, 0x81, 0x1C, 0x8C, 0xD0, 0x0B, 0x82, 0xA3, 0x04, 0x78, 0x6E,
    0xBF, 0x04, 0xE1, 0x47, 0x96, 0x63, 0x39, 0x2A, 0x73, 0xCF, 0xE5, 0xDB, 0x11, 0x64, 0x05, 0xEA,
    0x49, 0x70, 0xB2, 0xDE, 0x67, 0x3F, 0x31, 0xFB, 0x44, 0x69, 0x7F, 0xB5, 0xBF, 0x83, 0x4D, 0x40,
    0x33, 0x02, 0xDD, 0x00, 0xD8, 0x1E, 0x6A, 0x93, 0xAD, 0x11, 0xDE, 0xF5, 0x8D, 0x32, 0xFD, 0x7A,
    0x0E, 0xF9, 0xF0, 0x2C, 0xE8, 0xB7, 0x9F, 0xCC, 0x0A, 0x5B, 0xD1, 0xE6, 0x2A, 0x2D, 0xA8, 0xB3,
    0x8F, 0xB4, 0xEB, 0x2E, 0x99, 0x4D, 0xB9, 0xC8, 0x98, 0x59, 0x1F, 0x48, 0x6A, 0x5C, 0x20, 0xED,
    0xC4, 0x0A, 0xD7, 0x7A, 0x30, 0x82, 0x00, 0x27, 0x05, 0xB6, 0xF3, 0x5C, 0xC1, 0xE6, 0xB9, 0xC2,
    0xCD, 0x73, 0xD9, 0xCB, 0x73, 0x08, 0xCF, 0xEB, 0xC9, 0x9F, 0xCB, 0x78, 0x9E, 0xCB, 0x7C, 0x9E,
    0xCB, 0x72, 0x7F, 0x6E, 0xE3, 0x5F, 0xFD, 0xB9, 0xD9, 0xE4, 0xCF, 0xD9, 0x15, 0xE2, 0x62, 0x7C,
    0xF3, 0x3C, 0x90, 0x0F, 0x4C, 0x01, 0x50, 0xD4, 0xAC, 0xEF, 0xB4, 0xCD, 0x5F, 0x83, 0x79, 0x58,
    0xB8, 0xFF, 0xB6, 0xE1, 0x1B, 0x4C, 0xCA, 0x95, 0x3A, 0x98, 0xB4, 0xFF, 0xAE, 0xFA, 0x96, 0x8B,
    0xBE, 0xD5, 0x8C, 0x0D, 0x77, 0x5F, 0xEC, 0x51, 0xC6, 0xE4, 0x36, 0xFE, 0xAA, 0x5E, 0x3B, 0x9B,
    0xFF, 0x40, 0x3A, 0x84, 0xDF, 0x4B, 0x15, 0x26, 0x7D, 0x7A, 0xCA, 0x5F, 0xB2, 0xD8, 0xFA, 0x25,
    0xCF, 0x5B, 0x6C, 0xAC, 0x7A, 0xB5, 0x25, 0xBC, 0x3E, 0xA9, 0xFD, 0x06, 0xCB, 0x7F, 0x13, 0xAD,
    0xB7, 0x89, 0x5B, 0x60, 0x5C, 0xBB, 0xEF, 0x1A, 0x8E, 0xFF, 0x12, 0x7A, 0xB0, 0xBF, 0x73, 0xEB,
    0x5A, 0xD4, 0x48, 0xC6, 0xB7, 0x36, 0xE4, 0xCA, 0x66, 0xED, 0x10, 0x13, 0x69, 0x72, 0x84, 0xAD,
    0xC1, 0x5B, 0xA1, 0xE9, 0x06, 0x2D, 0xC3, 0x7D, 0x61, 0x9F, 0xE9, 0x65, 0x45, 0xB3, 0xD3, 0xF8,
    0x29, 0xC9, 0xFC, 0xE0, 0xC4, 0xB2, 0x97, 0xDC, 0xE8, 0xE8, 0xAA, 0xD1, 0x3B, 0x5E, 0xE2, 0x64,
    0x75, 0x29, 0x57, 0xFF, 0x3F, 0x58, 0xDB, 0x8C, 0x85, 0x6A, 0x41, 0xA9, 0xE7, 0x89, 0x19, 0x5A,
    0x88, 0x6A, 0x24, 0xE3, 0xAA, 0xE4, 0xA7, 0x34, 0x2D, 0x3C, 0x96, 0x88, 0x94, 0x66, 0x22, 0x2C,
    0xA6, 0xAB, 0x93, 0xB5, 0x8B, 0x37, 0xB3, 0x78, 0x80, 0x9E, 0x02, 0xE1, 0x76, 0x36, 0x56, 0xBE,
    0x12, 0x74, 0x43, 0xB5, 0x6A, 0xBF, 0xC0, 0x68, 0xF2, 0xD9, 0x02, 0x51, 0xB0, 0xDF, 0xB3, 0x57,
    0xB9, 0x7D, 0x67, 0x57, 0xAD, 0xF1, 0xA9, 0xC6, 0x16, 0x49, 0xB4, 0x67, 0xF2, 0x49, 0x55, 0x00,
    0xFF, 0x03, 0x6C, 0xD0, 0x81, 0x69, 0x85, 0x40, 0x0C, 0xC6, 0xF1, 0x3C, 0x0F, 0x10, 0x10, 0xB8,
    0x11, 0x1C, 0xC1, 0x11, 0x4E, 0xBA, 0x98, 0x6E, 0xA6, 0x23, 0x08, 0x5D, 0xE0, 0xA0, 0x0B, 0x1C,
    0xF0, 0xA0, 0x07, 0x55, 0xFF, 0x4D, 0xF2, 0x7C, 0x8F, 0xD2, 0x36, 0x08, 0x3F, 0xA3, 0x7E, 0xC1,
    0x9C, 0x68, 0x45, 0x66, 0x43, 0x06, 0x56, 0x37, 0x5D, 0x82, 0x7B, 0x83, 0xCD, 0x0C, 0x90, 0xCD,
    0x0E, 0x8A, 0x19, 0x2F, 0xD3, 0xE5, 0x74, 0x72, 0x37, 0xA9, 0x54, 0xA5, 0xA1, 0xB0, 0x7B, 0x2C,
    0xBB, 0x91, 0xD5, 0xED, 0x19, 0x97, 0xC3, 0x63, 0xB2, 0x9C, 0xEA, 0xB2, 0xCB, 0x84, 0xC7, 0x24,
    0xA9, 0x01, 0x40, 0x6D, 0xDD, 0x51, 0xA2, 0x3B, 0xCB, 0xE0, 0xAE, 0x92, 0x2E, 0xD9, 0x7D, 0x64,
    0x43, 0x35, 0xB7, 0x40, 0x31, 0x73, 0x67, 0xFF, 0xDA, 0x51, 0x7A, 0x56, 0x9B, 0x51, 0x12, 0xA3,
    0x88, 0xBF, 0xFC, 0x53, 0x53, 0x76, 0x1A, 0xEE, 0x6E, 0x4B, 0x75, 0xE3, 0xCB, 0xE2, 0x76, 0x3C,
    0xBF, 0x1B, 0xDD, 0xE1, 0x6C, 0x28, 0xDA, 0xF1, 0xA1, 0xF4, 0xF0, 0xA9, 0x4C, 0x00, 0xF9, 0x86,
    0xD5, 0x16, 0x9C, 0x35, 0x72, 0x34, 0x4A, 0xAF, 0xF1, 0xC4, 0xAC, 0x97, 0x83, 0x0E, 0x60, 0x9C,
    0x4E, 0x43, 0xEC, 0x1C, 0x12, 0xBE, 0x8A, 0x3E, 0x41, 0x3B, 0x14, 0x24, 0xE8, 0xED, 0xC2, 0x36,
    0xB0, 0xFB, 0x64, 0x25, 0x19, 0x55, 0x33, 0x4E, 0x84, 0x2F, 0xEE, 0x12, 0xE0, 0x9D, 0xA2, 0xD9,
    0xE3, 0x9F, 0x05, 0x6F, 0xCC, 0x46, 0x4B, 0xFE, 0xB1, 0xCC, 0xF0, 0x24, 0x1B, 0x3D, 0xAB, 0xD1,
    0x1D, 0xAF, 0xCC, 0x52, 0xDD, 0x0E, 0x7E, 0x3B, 0x9A, 0xED, 0x1B, 0xE2, 0x15, 0xCE, 0x87, 0x43,
    0x7D, 0xB8, 0x7C, 0xB7, 0x77, 0x5E, 0xCF, 0xAE, 0x6B, 0x49, 0x19, 0xFF, 0x24, 0x73, 0x8E, 0xEF,
    0x1C, 0xD7, 0x20, 0x72, 0x06, 0x93, 0x33, 0x98, 0x0C, 0x6F, 0x12, 0x39, 0xC3, 0xA4, 0xF7, 0xE1,
    0x8D, 0xCC, 0xF9, 0x0F, 0x46, 0x22, 0xBF, 0x9E, 0xFF, 0x80, 0x1C, 0x9E, 0xC8, 0x39, 0x49, 0xD4,
    0xFC, 0x03, 0x7E, 0xE3, 0x11, 0x31, 0x45, 0x8E, 0xA2, 0x4A, 0x55, 0xD7, 0xA7, 0x90, 0xD5, 0x94,
    0xFB, 0x5B, 0x9F, 0xBC, 0xE4, 0xBB, 0xBD, 0x03, 0x71, 0xB6, 0xB7, 0x55, 0x65, 0x7F, 0xDA, 0xD7,
    0x96, 0xB5, 0xD4, 0xEB, 0xD7, 0xDD, 0xEA, 0x96, 0x74, 0xEE, 0x96, 0x6A, 0x14, 0xFC, 0x21, 0x6E,
    0x58, 0x9E, 0x0E, 0x68, 0x1F, 0x15, 0x1F, 0x65, 0x6D, 0xDD, 0x5B, 0xE5, 0x1D, 0x9B, 0x2E, 0x32,
    0xDC, 0x82, 0xE6, 0x5D, 0x0D, 0xB4, 0x12, 0x3F, 0x7A, 0x4E, 0xDC, 0xB4, 0x3C, 0x0A, 0xF6, 0xBE,
    0x02, 0x5A, 0xFE, 0x54, 0x2B, 0xA9, 0xCF, 0x39, 0x51, 0xD4, 0x5A, 0x36, 0xEA, 0xD3, 0xBC, 0xD7,
    0x5A, 0xDD, 0x50, 0x3F, 0xFF, 0x55, 0x09, 0xF9, 0xE5, 0x1B, 0xC2, 0x66, 0xD4, 0x97, 0x2C, 0xFC,
    0xC6, 0xC2, 0xC8, 0x88, 0xDB, 0x4E, 0x9B, 0xB6, 0x58, 0xE1, 0xEE, 0x45, 0x18, 0xC6, 0x20, 0x0A,
    0xC5, 0x08, 0x46, 0xE1, 0x18, 0x03, 0x29, 0x24, 0x63, 0x28, 0x85, 0x65, 0x0C, 0xA6, 0xD0, 0x3C,
    0xC2, 0x19, 0xE1, 0x39, 0x01, 0x1A, 0x21, 0x3A, 0x41, 0x1A, 0x61, 0x3A, 0x81, 0x7A, 0x44, 0xF5,
    0x08, 0x2B, 0x26, 0x5C, 0x31, 0x01, 0x8B, 0x09, 0x59, 0x08, 0x5A, 0x40, 0xD8, 0x02, 0x02, 0x17,
    0x10, 0xBA, 0x80, 0xE0, 0x05, 0xCE, 0xC5, 0xC9, 0x44, 0x26, 0xD8, 0xCD, 0xA7, 0x6E, 0x33, 0x50,
    0xCB, 0x8E, 0x6A, 0xCD, 0x2C, 0x30, 0x60, 0x47, 0x6B, 0xE1, 0xC3, 0x22, 0xE3, 0xA6, 0x93, 0x3F,
    0xF3, 0xF0, 0xF3, 0x91, 0x07, 0xBA, 0x69, 0x97, 0xFE, 0xF7, 0xDB, 0x80, 0xEF, 0xC1, 0xD9, 0x45,
    0xF4, 0x0B, 0x7F, 0xF1, 0x1F, 0x1C, 0x00, 0xC1, 0x03, 0x10, 0x5C, 0x00, 0xC1, 0x07, 0x10, 0x9C,
    0x60, 0x7A, 0x05, 0x37, 0x40, 0xF0, 0x03, 0x39, 0x82, 0x3C, 0x41, 0xAE, 0x20, 0x5F, 0x90, 0x33,
    0xC8, 0x1B, 0xE4, 0x0E, 0xF2, 0x07, 0x39, 0x84, 0x3C, 0xE2, 0xD4, 0x25, 0x3E, 0x57, 0x2B, 0x43,
    0xD0, 0xD5, 0x7E, 0xC2, 0x70, 0x72, 0x8C, 0xD8, 0x57, 0x64, 0x4E, 0x3A, 0x43, 0x5E, 0x04, 0x5F,
    0xF8, 0xB8, 0xD8, 0x15, 0xE4, 0x09, 0x72, 0x04, 0xF9, 0x81, 0xDC, 0xE0, 0xFE, 0x2E, 0x20, 0x0F,
    0xD0, 0x1C, 0x89, 0x7F, 0xE1, 0x1F, 0xD3, 0x2F, 0xF8, 0xC5, 0xBE, 0xD0, 0x8F, 0xC9, 0x17, 0xF8,
    0xE2, 0x5E, 0xD8, 0x8B, 0xFA, 0x18, 0x7A, 0x31, 0x2F, 0xE4, 0x45, 0xBC, 0x80, 0x8F, 0x79, 0x17,
    0xEE, 0xA2, 0x3D, 0x82, 0x5D, 0xAC, 0x0B, 0xF5, 0x23, 0xE9, 0x13, 0xE8, 0xE2, 0xFC, 0x66, 0xCC,
    0xD3, 0xC6, 0x65, 0xCD, 0xC3, 0x0D, 0x1F, 0xD6, 0x94, 0x9C, 0xDC, 0x67, 0x03, 0x67, 0x8A, 0x92,
    0x76, 0x84, 0xBB, 0xA0, 0xDD, 0x84, 0x36, 0xC9, 0x26, 0xD8, 0xA3, 0xB8, 0x8E, 0xB1, 0x7E, 0x6C,
    0x01, 0x5D, 0xE7, 0x03, 0x3A, 0x13, 0xD0, 0x9A, 0xB0, 0xB5, 0x82, 0x6B, 0xCF, 0x75, 0x5E, 0x00,
    0x2C, 0x47, 0xAD, 0x6D, 0x7A, 0xAD, 0xE5, 0x0D, 0x82, 0x49, 0x73, 0x6D, 0x39, 0x00, 0x02, 0x08,
    0xA2, 0x4D, 0x21, 0xC4, 0xFE, 0x56, 0x67, 0x5C, 0x3B, 0x6C, 0x02, 0xA6, 0x05, 0x92, 0x6B, 0x40,
    0xFF, 0x6F, 0x05, 0xF4, 0x8F, 0xA2, 0xAC, 0x83, 0x09, 0x72, 0xEB, 0x83, 0x0E, 0x33, 0xFD, 0xD4,
    0x6C, 0x17, 0x8C, 0xC0, 0x2D, 0x13, 0x25, 0xDC, 0x81, 0xD6, 0x5A, 0xF0, 0x0C, 0xEC, 0x6C, 0x40,
    0x1F, 0x7D, 0x16, 0xB6, 0x97, 0x1A, 0xD0, 0xD3, 0x11, 0x75, 0xC1, 0x43, 0xFE, 0x2B, 0x13, 0x2C,
    0x23, 0x59, 0x09, 0x46, 0x80, 0xFD, 0xB4, 0x62, 0x21, 0xCA, 0x06, 0x67, 0x96, 0xBA, 0x8B, 0x5D,
    0x81, 0x93, 0x1E, 0x3B, 0x42, 0xE4, 0x07, 0xE9, 0x6B, 0xB9, 0xC1, 0x2D, 0x5E, 0x70, 0x0D, 0xE8,
    0x90, 0x71, 0xF2, 0xF1, 0xBD, 0x1D, 0xED, 0xD8, 0xF9, 0x8E, 0xB9, 0x8D, 0xEF, 0xF4, 0xF9, 0xEF,
    0x3C, 0xDF, 0xE1, 0xDC, 0xB2, 0x32, 0xE0, 0x8E, 0x80, 0xBE, 0x7D, 0xDC, 0x01, 0xBD, 0xD6, 0x29,
    0xB3, 0x82, 0x95, 0xB9, 0x06, 0xE2, 0x16, 0xF6, 0x1F, 0xD6, 0xF1, 0x1C, 0xAE, 0x6E, 0xE6, 0x27,
    0x12, 0xFF, 0xFD, 0x72, 0xEE, 0xDA, 0x37, 0x40, 0xF2, 0x9E, 0xB7, 0x62, 0x06, 0xDA, 0x60, 0x69,
    0xBE, 0xF1, 0xC6, 0x78, 0x64, 0x3B, 0x3F, 0x35, 0xCC, 0xAB, 0x74, 0x0F, 0xE0, 0x0D, 0xE0, 0x53,
    0x71, 0x66, 0xB9, 0xD8, 0x5E, 0x44, 0xBC, 0xBC, 0x3D, 0x68, 0x5E, 0xCD, 0x28, 0x4E, 0x8E, 0x05,
    0x20, 0xED, 0x1E, 0x36, 0xDD, 0x28, 0x9F, 0x13, 0xC6, 0x67, 0xE9, 0x33, 0xCE, 0x02, 0xD6, 0xBD,
    0xEB, 0xB6, 0xEE, 0x04, 0x7D, 0x38, 0x91, 0x2E, 0x94, 0x00, 0x39, 0xC8, 0x57, 0x00, 0xAE, 0xB0,
    0x07, 0x78, 0x65, 0x94, 0x60, 0x83, 0xF8, 0x9C, 0x98, 0x07, 0x9C, 0x04, 0xF3, 0xF3, 0x8B, 0x44,
    0xF5, 0xD9, 0xCF, 0xE2, 0x97, 0x7C, 0x26, 0x9C, 0xFD, 0xF5, 0xF8, 0xD2, 0x14, 0x4A, 0x27, 0xC3,
    0xA4, 0x46, 0x7B, 0x6E, 0xFE, 0x1A, 0x8F, 0x1A, 0xEE, 0x17, 0x41, 0x4B, 0x08, 0x46, 0xAA, 0x72,
    0x6E, 0x50, 0x41, 0x8B, 0xFC, 0x84, 0xCE, 0x67, 0x27, 0x74, 0x36, 0x57, 0x3A, 0xEF, 0x41, 0xE7,
    0x6F, 0xD0, 0xC8, 0x7D, 0xDC, 0x84, 0xCC, 0x07, 0x85, 0x81, 0x88, 0xD8, 0x94, 0x82, 0x7D, 0x44,
    0xE7, 0x8B, 0x0E, 0x7F, 0xE4, 0xF5, 0x49, 0x6A, 0x70, 0x3A, 0xC7, 0x23, 0x9D, 0xCB, 0xCB, 0xA0,
    0xB3, 0xDC, 0xEB, 0x44, 0xAF, 0x08, 0xDA, 0xC4, 0x9A, 0xBE, 0xA2, 0xCA, 0x3C, 0x2A, 0x6F, 0xB1,
    0xD9, 0x92, 0xCA, 0xCD, 0x37, 0x3E, 0x20, 0x66, 0x5E, 0xA9, 0x7C, 0xC6, 0xC4, 0xAE, 0x84, 0x36,
    0x50, 0xF6, 0x91, 0x7C, 0xD4, 0x6A, 0x50, 0x51, 0x1C, 0x85, 0xCE, 0x11, 0x2E, 0xBB, 0xA7, 0x40,
    0xE5, 0xC3, 0x6B, 0xA7, 0x0A, 0x67, 0x17, 0xC1, 0x9B, 0xF5, 0x88, 0xA3, 0xA6, 0x00, 0x15, 0xA1,
    0x42, 0x54, 0x8C, 0xDE, 0x5D, 0x3B, 0x5D, 0x6B, 0xA7, 0x97, 0x3D, 0x80, 0x07, 0xD6, 0x4E, 0x31,
    0xBC, 0x4A, 0xF8, 0x17, 0x06, 0xEF, 0xC7, 0xF0, 0x7A, 0x4C, 0x62, 0xD5, 0xDA, 0xAD, 0x60, 0xAD,
    0x42, 0x22, 0xC1, 0x28, 0x09, 0x9C, 0xBC, 0x1F, 0xCF, 0x85, 0xDB, 0x7F, 0xBF, 0x76, 0xBA, 0xD6,
    0x4E, 0x5A, 0xB2, 0x1E, 0xCE, 0xD7, 0xB0, 0xA0, 0x17, 0xDC, 0x10, 0x23, 0x93, 0x08, 0xB3, 0x27,
    0x56, 0x34, 0xAD, 0xB8, 0xA7, 0x2C, 0x92, 0x1D, 0xA5, 0xE7, 0x7E, 0x3B, 0x09, 0x9B, 0x90, 0x92,
    0x92, 0xA2, 0x6E, 0x25, 0x7F, 0x8C, 0x3F, 0x02, 0xFE, 0x48, 0xC2, 0x1F, 0x49, 0x7D, 0x6B, 0xC9,
    0x42, 0xD2, 0xF9, 0x30, 0x29, 0x2B, 0x8D, 0x76, 0x4B, 0x69, 0x22, 0x59, 0xF3, 0x37, 0x69, 0x02,
    0x1A, 0xA4, 0xA7, 0x74, 0x92, 0x92, 0x72, 0xA3, 0x25, 0xF4, 0xA3, 0x6B, 0xEE, 0x22, 0x97, 0x34,
    0x34, 0x48, 0x15, 0x2C, 0x21, 0x7E, 0x1C, 0x85, 0xF1, 0xB0, 0x2A, 0x82, 0x3B, 0xF8, 0x2E, 0x17,
    0xBE, 0xFF, 0x95, 0xF5, 0x89, 0x0D, 0x99, 0x15, 0x28, 0x07, 0x1F, 0xD1, 0x90, 0xFB, 0x7B, 0xE9,
    0x9F, 0xD6, 0xFE, 0xCD, 0x7A, 0x38, 0x1A, 0xA4, 0x36, 0xE0, 0x53, 0x51, 0xDB, 0x5F, 0x2F, 0x39,
    0x74, 0xCE, 0xE8, 0x48, 0xFB, 0xBA, 0xE3, 0x0C, 0x4A, 0x3F, 0x2B, 0xDB, 0xDD, 0x74, 0x00, 0x1E,
    0x80, 0x35, 0xFC, 0x3C, 0xBC, 0x37, 0x1A, 0xFB, 0x34, 0xF4, 0xA4, 0xEE, 0x75, 0xA1, 0x87, 0x70,
    0x47, 0xF2, 0xE2, 0xEB, 0x5D, 0xB0, 0xDC, 0xCF, 0xEA, 0xB0, 0x86, 0x02, 0x5F, 0x5E, 0x23, 0x5E,
    0x2E, 0x8F, 0x8B, 0x77, 0x84, 0xD9, 0xD0, 0xD9, 0x6C, 0x1A, 0xBD, 0x27, 0x85, 0x35, 0x8A, 0x1A,
    0xA1, 0x10, 0xC8, 0x49, 0x89, 0xEF, 0xE8, 0xE3, 0x31, 0x2D, 0x1F, 0x44, 0x98, 0xAC, 0x77, 0xDE,
    0x54, 0x34, 0xFB, 0xEE, 0x1D, 0x23, 0x71, 0xC7, 0x40, 0xDC, 0x02, 0xD9, 0x58, 0x1F, 0xD8, 0xC8,
    0x3A, 0xC1, 0x71, 0xD9, 0x73, 0xFB, 0x61, 0xBC, 0x80, 0x94, 0x8C, 0x87, 0xED, 0x7E, 0xCC, 0x43,
    0xEB, 0x3F, 0x71, 0x3C, 0x3B, 0xC0, 0xB2, 0xC3, 0x30, 0x46, 0x2F, 0xAC, 0x7F, 0x48, 0xB7, 0x17,
    0x7C, 0xB0, 0xCD, 0xA7, 0x96, 0x2F, 0xD1, 0x8A, 0xE6, 0x6D, 0x4A, 0x64, 0x2B, 0xAD, 0xAC, 0xF5,
    0x91, 0x3A, 0x02, 0xF2, 0xE3, 0x1F, 0xA8, 0x4A, 0x5D, 0x68, 0x7A, 0x03, 0xB4, 0x61, 0xF8, 0x6A,
    0x3D, 0x95, 0x73, 0x3A, 0x3B, 0x18, 0xBF, 0x96, 0x1B, 0x25, 0x2D, 0x32, 0x68, 0xB9, 0x95, 0x14,
    0x88, 0x15, 0x88, 0x16, 0x88, 0x17, 0x08, 0x15, 0xAD, 0x08, 0x17, 0x71, 0x13, 0x91, 0x23, 0x76,
    0x64, 0xA9, 0x98, 0x1F, 0x11, 0x04, 0x31, 0x04, 0xE1, 0x73, 0x5C, 0x11, 0x49, 0x10, 0x4B, 0xA2,
    0x69, 0xE2, 0x49, 0x44, 0x09, 0xA6, 0xD9, 0x8A, 0xB8, 0x82, 0xC8, 0x82, 0xD8, 0x82, 0xB0, 0x8A,
    0x56, 0x44, 0xD8, 0xA9, 0x45, 0x34, 0x13, 0x5B, 0xC4, 0xE1, 0x14, 0x2A, 0x57, 0xAC, 0x99, 0x5D,
    0xD1, 0xD4, 0x85, 0xB1, 0xE5, 0x36, 0x34, 0x1D, 0x0A, 0x1E, 0xA1, 0xAC, 0xDB, 0xC4, 0xE7, 0x65,
    0xF6, 0x9A, 0x34, 0x58, 0xB1, 0xF6, 0xBF, 0x3F, 0x13, 0x89, 0xCA, 0x99, 0xF3, 0xE4, 0x8A, 0x5D,
    0xD1, 0x8B, 0xC0, 0x2F, 0x10, 0x8E, 0x8D, 0x0C, 0x03, 0xA4, 0x18, 0x20, 0xC7, 0xC0, 0x46, 0x57,
    0xB2, 0x82, 0x92, 0x66, 0x80, 0x3C, 0x03, 0x24, 0x5A, 0x33, 0x25, 0xAA, 0x11, 0xB8, 0x46, 0x20,
    0x9B, 0x3A, 0x0A, 0x08, 0x40, 0x7C, 0x8B, 0xF0, 0x39, 0xE3, 0xF8, 0x4C, 0x4A, 0x32, 0xCC, 0x7B,
    0x08, 0xEB, 0x51, 0x87, 0x34, 0x6F, 0x89, 0xC1, 0x2A, 0xE1, 0x4D, 0xBA, 0x3F, 0x57, 0x70, 0x8B,
    0x6D, 0xA1, 0x2D, 0xB2, 0x05, 0xF6, 0x9D, 0x50, 0x8B, 0x69, 0x21, 0x2D, 0xA2, 0xC5, 0xB1, 0x54,
    0x14, 0x4B, 0x05, 0xB3, 0x58, 0x96, 0x81, 0x44, 0xB2, 0x40, 0x16, 0xC7, 0xA2, 0x57, 0x2A, 0x88,
    0xC5, 0xB0, 0x10, 0x16, 0xC1, 0x02, 0x58, 0xD8, 0x4A, 0x45, 0xAF, 0xE0, 0x15, 0xBB, 0x22, 0x56,
    0x7A, 0x13, 0xB8, 0x2B, 0x4A, 0x19, 0x22, 0x41, 0x15, 0x77, 0x1B, 0xC3, 0xEE, 0xCA, 0x6E, 0x6A,
    0x84, 0xAB, 0xD3, 0xB8, 0x19, 0x12, 0xD1, 0x2A, 0x58, 0xC5, 0x2A, 0x51, 0x15, 0xA9, 0x02, 0xF5,
    0x1C, 0xA4, 0x62, 0x54, 0x88, 0x92, 0x50, 0x02, 0x2A, 0x3E, 0x89, 0xA7, 0xE8, 0x24, 0x9C, 0x62,
    0x93, 0x68, 0x8A, 0x4C, 0x82, 0x29, 0xB3, 0x13, 0x4B, 0x51, 0x49, 0x28, 0xC5, 0x24, 0x91, 0x14,
    0x91, 0x02, 0x52, 0x3C, 0xEA, 0xBC, 0x89, 0xA3, 0x9C, 0x00, 0xB4, 0x93, 0x95, 0xE7, 0x3C, 0x7F,
    0xD2, 0x19, 0x54, 0x7C, 0x03, 0x9A, 0xDA, 0x0D, 0xD6, 0xBE, 0x0F, 0x33, 0xD2, 0xF3, 0xB0, 0x71,
    0x2A, 0x1F, 0x58, 0xDA, 0x5F, 0xD0, 0xCE, 0xE9, 0x0E, 0x79, 0x71, 0xFB, 0x75, 0xD9, 0x6B, 0xD0,
    0xD5, 0xF2, 0x0E, 0x1D, 0x48, 0xA1, 0x32, 0x37, 0x68, 0x3B, 0xD3, 0xAA, 0xE4, 0xDE, 0x93, 0xD3,
    0xE0, 0xCB, 0xAA, 0x77, 0xC8, 0x9A, 0x07, 0x04, 0xDD, 0x4F, 0xBD, 0xB4, 0xA0, 0x9B, 0x8E, 0x08,
    0xE5, 0xC0, 0x07, 0x2C, 0xEE, 0x9F, 0xD5, 0xDA, 0xE2, 0x9B, 0x43, 0x0D, 0x8C, 0xFA, 0xE6, 0x03,
    0xB7, 0x56, 0x70, 0x8B, 0xED, 0x18, 0x6D, 0x91, 0xBD, 0xD8, 0xA1, 0x2C, 0xC4, 0xF5, 0x53, 0x0E,
    0xBA, 0x1F, 0x12, 0x58, 0x7C, 0x5D, 0x37, 0x9C, 0x97, 0x86, 0x47, 0x49, 0x17, 0xD8, 0x03, 0xF8,
    0x84, 0xE6, 0x0B, 0x5A, 0x9C, 0x5B, 0xF2, 0x01, 0x77, 0x07, 0xDD, 0x56, 0xA0, 0x3E, 0xC2, 0xA0,
    0x5B, 0xB7, 0x51, 0x13, 0x67, 0x43, 0x16, 0xD9, 0x98, 0x5C, 0xDA, 0x3F, 0x59, 0x3B, 0xDD, 0x4A,
    0x90, 0xB4, 0x58, 0xDD, 0x55, 0xC0, 0x5C, 0x9B, 0x16, 0x78, 0xF6, 0x8E, 0x23, 0x35, 0x0A, 0x05,
    0x8D, 0xA3, 0xD6, 0x02, 0xF5, 0x68, 0x3B, 0xA4, 0xB6, 0x3D, 0x7C, 0x3C, 0x62, 0xD5, 0xF9, 0xAC,
    0x9D, 0x50, 0xF3, 0xE8, 0x9B, 0x1F, 0x9B, 0x11, 0x51, 0x45, 0xBF, 0xD5, 0x7B, 0xB2, 0xAD, 0xDD,
    0x60, 0xE1, 0x97, 0xDC, 0xA0, 0xBD, 0x7F, 0xDF, 0xFF, 0xF3, 0x17, 0x17, 0x88, 0x16, 0x62, 0x3B,
    0x60, 0x1D, 0x26, 0x4E, 0xF3, 0xD6, 0xD3, 0x0E, 0x72, 0x9E, 0x4D, 0x70, 0xC7, 0xCA, 0xDF, 0x0B,
    0x91, 0x15, 0xC0, 0xAA, 0xFD, 0x3D, 0x10, 0xED, 0x83, 0x73, 0x0F, 0x48, 0xFC, 0x3D, 0x0D, 0x3D,
    0xD6, 0x9D, 0xBF, 0xF7, 0xCA, 0xA7, 0x8E, 0x13, 0x5B, 0xEC, 0xEC, 0xB8, 0xCF, 0x76, 0x5B, 0xFA,
    0x7B, 0x3D, 0x4D, 0x45, 0x0B, 0x0B, 0xE7, 0xBA, 0xCF, 0xB8, 0xE5, 0xC6, 0xC7, 0xBC, 0xF7, 0xD7,
    0x1B, 0xCB, 0x01, 0x58, 0xEF, 0xDC, 0xC3, 0x12, 0x0B, 0x97, 0xE1, 0xD5, 0x50, 0x0E, 0x43, 0x2D,
    0x47, 0x9F, 0x1E, 0x77, 0x67, 0xE3, 0x2B, 0x71, 0x44, 0x7A, 0x1F, 0x8E, 0x5E, 0x4B, 0xB6, 0xFE,
    0x9D, 0x67, 0xBD, 0xD6, 0xDE, 0xDB, 0x2D, 0xFC, 0x67, 0xF4, 0x2A, 0xC7, 0xC7, 0x67, 0xB9, 0x69,
    0x71, 0x63, 0x09, 0xD7, 0xC4, 0x77, 0xBE, 0x08, 0xEF, 0x7B, 0xDF, 0x2D, 0x3F, 0x0D, 0x89, 0x61,
    0xC7, 0xA3, 0x35, 0x43, 0xE2, 0xAF, 0xBD, 0x37, 0xC2, 0x51, 0x6E, 0x71, 0xD3, 0x42, 0x03, 0x36,
    0x91, 0x01, 0x2B, 0xAC, 0xAD, 0xC0, 0x26, 0x32, 0x5E, 0x3E, 0x02, 0xE5, 0x7C, 0x2E, 0x10, 0xE6,
    0x22, 0x8D, 0xE6, 0x62, 0xC1, 0xB9, 0xF0, 0x9F, 0xD3, 0xB2, 0x1C, 0xE9, 0x04, 0xA5, 0x35, 0xA8,
    0xAD, 0x82, 0xE9, 0x4E, 0xC6, 0x5E, 0x67, 0xB3, 0x4A, 0xD1, 0x2D, 0xD3, 0x8E, 0x1F, 0x51, 0x68,
    0xD0, 0x2F, 0x8D, 0xA6, 0x58, 0x9B, 0x42, 0x11, 0xE3, 0x94, 0xD9, 0xEB, 0xA4, 0xB6, 0x61, 0x71,
    0xF8, 0x4E, 0x66, 0xFB, 0x95, 0x0D, 0x6E, 0x90, 0xCC, 0x3A, 0x37, 0x0F, 0x6F, 0x02, 0xB5, 0x31,
    0xB7, 0x26, 0x68, 0xE1, 0xB3, 0x55, 0x1A, 0xE7, 0xCB, 0xE7, 0x30, 0x75, 0xF5, 0xD9, 0x72, 0x5D,
    0x59, 0x5F, 0x7B, 0xF7, 0xDD, 0xBA, 0xDA, 0x1A, 0xA0, 0xB4, 0x6D, 0xC9, 0xC0, 0xDA, 0xE4, 0x36,
    0x16, 0x2F, 0xCD, 0x90, 0x9B, 0xC2, 0x38, 0xE3, 0xE4, 0x2A, 0x0C, 0x2F, 0x75, 0x75, 0x38, 0x3C,
    0xE5, 0xF2, 0x92, 0x12, 0x69, 0x69, 0x6F, 0x4E, 0x0B, 0xC3, 0xFC, 0x5C, 0xC1, 0xA8, 0x89, 0x54,
    0xE7, 0xF8, 0xA6, 0xEF, 0xB5, 0xD4, 0xE7, 0xF6, 0x9A, 0x3F, 0xCB, 0x58, 0x34, 0x25, 0xF8, 0x7D,
    0x30, 0x19, 0x16, 0x2E, 0xC5, 0xCA, 0xC6, 0xC4, 0xAC, 0xCA, 0x9C, 0xEA, 0x66, 0xE3, 0x3E, 0xD1,
    0xE4, 0xE6, 0x61, 0xBF, 0xA4, 0xD4, 0xDE, 0x86, 0xAA, 0xD8, 0xE2, 0x2F, 0xEA, 0xD1, 0x07, 0x53,
    0x1B, 0x52, 0xDB, 0xA3, 0xB4, 0x76, 0xAD, 0xF4, 0x1A, 0x12, 0xD4, 0x56, 0xD9, 0x72, 0x11, 0xB2,
    0x65, 0x4D, 0x46, 0x4F, 0x03, 0xA2, 0xDA, 0x41, 0x51, 0x8E, 0xD9, 0x28, 0x2B, 0x6C, 0x67, 0xC9,
    0x41, 0xCF, 0x04, 0x89, 0x70, 0xC3, 0x99, 0x53, 0xE7, 0xCE, 0xF5, 0xAF, 0xF3, 0x60, 0x83, 0x5A,
    0xF7, 0x51, 0x43, 0xB8, 0x73, 0x7B, 0x9D, 0xE0, 0xDF, 0x98, 0x34, 0x9E, 0x0A, 0x68, 0xAA, 0x44,
    0x5E, 0x5A, 0x25, 0x23, 0x4E, 0x36, 0x94, 0xBC, 0x0A, 0x96, 0x54, 0xBD, 0xA7, 0x6B, 0x4F, 0x2E,
    0xFC, 0xE8, 0xC5, 0x3C, 0xE5, 0x3C, 0x06, 0xF6, 0x9E, 0x6B, 0x25, 0x6B, 0xDE, 0xD2, 0x79, 0x0C,
    0x2B, 0x6A, 0x79, 0xE9, 0x98, 0x27, 0x78, 0x5E, 0xFC, 0xEA, 0xAA, 0x05, 0xE1, 0x4C, 0x0A, 0x4C,
    0x39, 0x5A, 0x17, 0x24, 0x55, 0x83, 0x04, 0x57, 0x5C, 0x73, 0xA3, 0x2F, 0x42, 0x32, 0x77, 0xEE,
    0xB3, 0xD4, 0x09, 0xBB, 0x88, 0x3B, 0x81, 0x37, 0x91, 0x37, 0xA1, 0x37, 0xB1, 0x27, 0xF8, 0x20,
    0xFA, 0x20, 0xFC, 0x20, 0xFE, 0x20, 0x00, 0x21, 0x02, 0x21, 0x04, 0x21, 0x06, 0x21, 0x08, 0x21,
    0x0A, 0x21, 0x0C, 0x21, 0x0E, 0x21, 0x10, 0x21, 0x12, 0x21, 0x14, 0x27, 0x16, 0x27, 0x18, 0x27,
    0x1A, 0x85, 0x63, 0xC4, 0xA3, 0x80, 0x3C, 0x17, 0xFA, 0x16, 0x0D, 0x75, 0xD5, 0xA9, 0x4B, 0x3C,
    0xEF, 0x4D, 0x9E, 0x5C, 0x17, 0x55, 0x1B, 0x23, 0xED, 0xC2, 0xAD, 0x4F, 0x64, 0x5D, 0x5D, 0x21,
    0x5D, 0x25, 0x24, 0x06, 0xE5, 0x18, 0xEE, 0x34, 0xD8, 0xAE, 0xFC, 0xEF, 0x8F, 0x9B, 0x9D, 0x52,
    0x9C, 0xE1, 0x59, 0x40, 0x8B, 0x68, 0x21, 0x2D, 0xA6, 0x05, 0x35, 0x02, 0xD5, 0x08, 0x58, 0x23,
    0x70, 0x8D, 0x00, 0x36, 0xCA, 0xA0, 0x01, 0x6D, 0x04, 0xB6, 0x11, 0xE0, 0x16, 0xDD, 0xC2, 0x5B,
    0x7C, 0x0B, 0x70, 0x11, 0x2E, 0xC4, 0xC5, 0xF8, 0x09, 0xE4, 0x8B, 0xA0, 0x9B, 0x4A, 0x6D, 0x84,
    0x39, 0xD8, 0xB2, 0xB9, 0xD0, 0x5F, 0xF7, 0xC2, 0x9B, 0x74, 0xA7, 0x85, 0xE0, 0x16, 0xDB, 0x42,
    0x5B, 0x64, 0xDF, 0x0D, 0xF6, 0xD3, 0xCB, 0xD9, 0x8B, 0x8A, 0x46, 0x6F, 0x68, 0xF3, 0xAD, 0x4C,
    0x1D, 0x37, 0x23, 0xFB, 0xB8, 0x49, 0xBC, 0x68, 0x1D, 0xD7, 0x44, 0xB4, 0x0A, 0x56, 0xB1, 0x5A,
    0x3B, 0xAA, 0x07, 0x52, 0xFB, 0x39, 0xA8, 0x8F, 0x2C, 0xE8, 0x6E, 0xEC, 0xF4, 0x19, 0x24, 0x22,
    0x15, 0xAF, 0xFC, 0xA2, 0xF2, 0xB6, 0x12, 0xB7, 0x32, 0xF7, 0x94, 0x73, 0xD6, 0xFB, 0x2C, 0x98,
    0x54, 0x6E, 0x6F, 0xA6, 0x70, 0x1C, 0x76, 0x56, 0xBF, 0x0E, 0x55, 0x7D, 0x5E, 0x2D, 0x3B, 0x84,
    0x8B, 0x69, 0xC5, 0xAD, 0x7C, 0x5E, 0x83, 0xEE, 0x47, 0xCD, 0xEF, 0xFA, 0xAA, 0xA7, 0x4C, 0xD6,
    0x93, 0xDC, 0xA0, 0x1F, 0xB6, 0x39, 0x7D, 0x7C, 0xA2, 0xA0, 0xEE, 0x18, 0x74, 0x1D, 0xE6, 0x73,
    0x41, 0xB7, 0xDE, 0x87, 0xA0, 0xFB, 0xEA, 0x52, 0x83, 0x6E, 0xBE, 0xCD, 0xD8, 0x74, 0xDC, 0x3B,
    0xC8, 0xA1, 0x4D, 0x86, 0x8C, 0x24, 0x61, 0xDD, 0xB1, 0x22, 0xDC, 0x84, 0xAC, 0x73, 0xBA, 0x28,
    0xC5, 0x71, 0xDA, 0xC5, 0xB6, 0xD0, 0x16, 0xD9, 0x02, 0x5B, 0x5C, 0x3F, 0xDD, 0xA0, 0x9B, 0x50,
    0xCA, 0xF1, 0x65, 0xA7, 0xA3, 0x3D, 0x69, 0x4D, 0xBE, 0x68, 0x3F, 0xB1, 0xC7, 0xB9, 0x25, 0xDB,
    0xE3, 0x5C, 0xD0, 0x2D, 0x89, 0x6A, 0xFE, 0xEA, 0x51, 0x07, 0xDD, 0x6C, 0x8E, 0xD3, 0xC2, 0xD4,
    0x80, 0xA3, 0x37, 0xD7, 0x23, 0x71, 0x2A, 0xB7, 0xD9, 0x35, 0x97, 0xFF, 0xCF, 0xD7, 0xDF, 0x7A,
    0xC8, 0x29, 0x53, 0x97, 0xB6, 0xA2, 0xF1, 0x3C, 0xDF, 0x2B, 0x94, 0xF9, 0x0C, 0x58, 0xEF, 0x05,
    0x6D, 0x59, 0x2C, 0x06, 0xD2, 0x76, 0xF6, 0x91, 0xBA, 0x0B, 0xAE, 0xE9, 0x91, 0x4E, 0x0F, 0x2E,
    0x37, 0xB3, 0x12, 0x4C, 0x5B, 0xCA, 0x47, 0xD5, 0xD0, 0xD2, 0x45, 0xDF, 0xB5, 0x77, 0xD3, 0x5A,
    0x60, 0xA3, 0xDF, 0xCA, 0x35, 0xA4, 0x7A, 0x2A, 0xE6, 0x5A, 0xCE, 0xF4, 0xAF, 0x5B, 0xA3, 0xAC,
    0x58, 0x90, 0x60, 0x1B, 0x85, 0x70, 0xAF, 0x5C, 0xDF, 0xDC, 0x23, 0xD7, 0x0F, 0x0F, 0xC9, 0xF5,
    0xA3, 0x72, 0xFD, 0xFE, 0x34, 0xD7, 0x6B, 0xE5, 0x61, 0xB9, 0x7E, 0x7F, 0x77, 0xAE, 0xDF, 0x29,
    0xD7, 0x57, 0x38, 0xC3, 0xF6, 0x2A, 0x68, 0x59, 0xCC, 0x8C, 0xCD, 0x83, 0x00, 0x07, 0xC1, 0x11,
    0x52, 0xAB, 0xD4, 0x2A, 0x20, 0xDD, 0x85, 0x9C, 0x5F, 0x4D, 0x85, 0x71, 0x36, 0x52, 0xCB, 0xC1,
    0x01, 0x25, 0xD9, 0xB5, 0x07, 0x09, 0x8E, 0xAE, 0xFA, 0xDF, 0xCD, 0xD9, 0xE3, 0xFD, 0x72, 0xF6,
    0xEE, 0x4C, 0xCE, 0xFE, 0x5C, 0xAD, 0x94, 0xE2, 0xCF, 0x7A, 0x6A, 0x2A, 0xCA, 0x96, 0xDC, 0x8A,
    0x56, 0x91, 0x23, 0x56, 0xEB, 0x81, 0x06, 0xBB, 0x72, 0xF7, 0x10, 0xEE, 0xBE, 0x50, 0x26, 0xC2,
    0xFC, 0xE2, 0xB6, 0x75, 0x41, 0x95, 0xB3, 0x44, 0x57, 0xD0, 0x64, 0x70, 0xFE, 0x80, 0x4F, 0x25,
    0x7F, 0xB8, 0x14, 0xFE, 0xD6, 0x37, 0xD4, 0x45, 0xED, 0x49, 0x5D, 0xF4, 0xD7, 0xB7, 0xD4, 0x45,
    0x3B, 0x10, 0xC4, 0x75, 0x1B, 0x40, 0xCC, 0xAA, 0x2B, 0x88, 0xB7, 0x81, 0xF8, 0x0E, 0xA8, 0xEB,
    0x79, 0x63, 0xEF, 0x58, 0xAA, 0xCE, 0x27, 0x44, 0xA8, 0x70, 0xEB, 0x09, 0x62, 0xD6, 0x12, 0xC4,
    0x17, 0xC5, 0xA3, 0x07, 0x51, 0x39, 0x5B, 0x97, 0x69, 0xFF, 0xDD, 0x54, 0x51, 0x73, 0x45, 0x15,
    0x0F, 0xEC, 0xDF, 0xAC, 0x3F, 0xD0, 0x96, 0x1A, 0xEA, 0xEA, 0x1A, 0xF6, 0xEE, 0x1B, 0xF6, 0x68,
    0x30, 0x7E, 0xA5, 0x61, 0x05, 0x68, 0x6F, 0x3A, 0x2C, 0xB9, 0x6A, 0xC9, 0xF7, 0xF3, 0x27, 0x2C,
    0xB1, 0x0F, 0x58, 0x05, 0xFC, 0x00, 0xBE, 0xF8, 0x72, 0xC2, 0x9C, 0x96, 0xB5, 0x80, 0xB9, 0x9B,
    0x9C, 0x2B, 0x39, 0xE7, 0xEB, 0x90, 0xA9, 0x10, 0x81, 0x29, 0x37, 0x1E, 0x57, 0x46, 0x7D, 0x34,
    0x7D, 0xB9, 0x8D, 0x29, 0xE4, 0x4E, 0x2E, 0x0F, 0xAD, 0xD3, 0xD2, 0x83, 0x3B, 0x55, 0xF1, 0xA1,
    0x1A, 0x82, 0xAA, 0xFF, 0x5E, 0xCC, 0xAC, 0xCA, 0x5B, 0x44, 0x5A, 0x70, 0xCE, 0x9A, 0x44, 0xCF,
    0x77, 0x1D, 0x74, 0x1D, 0x74, 0x63, 0xD5, 0xC2, 0x76, 0xBE, 0xED, 0x82, 0x95, 0x97, 0xFE, 0x7D,
    0x21, 0xAC, 0xC8, 0x20, 0x32, 0xDE, 0x9F, 0x12, 0x74, 0xCF, 0x7B, 0x5E, 0x6C, 0x70, 0x9B, 0xC0,
    0x06, 0xB7, 0x4F, 0xE2, 0xA5, 0x55, 0x85, 0xD4, 0x76, 0xAE, 0x0B, 0xEB, 0xDD, 0x26, 0x0B, 0xAF,
    0x9A, 0xE1, 0x7A, 0x80, 0x6D, 0x49, 0xF5, 0xDF, 0xA8, 0xAD, 0xF0, 0x6D, 0xEB, 0x70, 0x69, 0x3C,
    0xB7, 0x7E, 0x25, 0xCE, 0x7C, 0x68, 0xA4, 0x8C, 0xF6, 0x6A, 0x68, 0xAF, 0x91, 0xB0, 0x58, 0xA7,
    0xCA, 0xF1, 0xC6, 0x45, 0x97, 0x48, 0xF5, 0x08, 0x67, 0xD0, 0xF5, 0x89, 0xCA, 0x9E, 0xCB, 0x51,
    0x5F, 0xA7, 0x19, 0x5A, 0x1E, 0x3D, 0xC5, 0x27, 0x9E, 0xF3, 0x3E, 0xBA, 0xD4, 0x7B, 0x9F, 0x75,
    0x3F, 0xF0, 0x20, 0x7A, 0xD2, 0x2E, 0xA1, 0xA4, 0xD6, 0xA3, 0x1C, 0x79, 0xCC, 0x41, 0xF6, 0x58,
    0xF8, 0x44, 0x70, 0x3E, 0x46, 0x6C, 0x6C, 0x0B, 0xB3, 0x1F, 0x35, 0x6B, 0x10, 0xDC, 0xBE, 0x26,
    0x94, 0x39, 0x65, 0x6D, 0xF6, 0x5E, 0x2B, 0x90, 0xDA, 0x5F, 0x6F, 0xEC, 0xAD, 0x5E, 0xB3, 0x0F,
    0xD3, 0xAE, 0x5E, 0x8F, 0x9A, 0xC7, 0x2E, 0xF1, 0x1D, 0x53, 0x6A, 0x6D, 0x22, 0x99, 0x0E, 0x79,
    0x08, 0x3A, 0x06, 0x35, 0xD7, 0x0F, 0xFD, 0xFA, 0x51, 0x1E, 0x39, 0xBF, 0x82, 0x12, 0xDC, 0x2B,
    0x91, 0x13, 0x9E, 0x12, 0xFA, 0xC4, 0x40, 0x4B, 0x42, 0x9F, 0x79, 0x24, 0x30, 0x6A, 0xB3, 0x35,
    0x47, 0x49, 0x0B, 0x75, 0x8A, 0xE3, 0x04, 0x91, 0xB7, 0x14, 0x5A, 0xF3, 0xF3, 0x10, 0x2F, 0x8F,
    0x80, 0x3D, 0x15, 0x94, 0xE9, 0x69, 0xBA, 0x9B, 0xBA, 0x16, 0xF9, 0x71, 0xE5, 0xAF, 0xF1, 0xEC,
    0x3D, 0x4C, 0x84, 0x3C, 0xFA, 0x2F, 0xE6, 0x1F, 0x27, 0x37, 0x64, 0x1F, 0x6F, 0x51, 0x6E, 0x02,
    0x3F, 0x56, 0x04, 0x80, 0xF6, 0x08, 0x04, 0xB5, 0x10, 0x42, 0x10, 0x43, 0x10, 0x44, 0x10, 0x45,
    0x13, 0x46, 0x13, 0x47, 0x13, 0x48, 0x13, 0x49, 0x13, 0x4A, 0x13, 0x4B, 0x13, 0x4C, 0x13, 0x4D,
    0x13, 0x4E, 0x13, 0x4F, 0x13, 0x50, 0x13, 0x51, 0x13, 0x52, 0x13, 0x53, 0x13, 0x54, 0x13, 0x55,
    0xC2, 0xEA, 0xC8, 0x95, 0xC0, 0x8A, 0xC8, 0x12, 0x5A, 0x62, 0xEB, 0xC6, 0x82, 0x32, 0x99, 0x1E,
    0x77, 0x54, 0x92, 0xD4, 0xC5, 0x79, 0x85, 0x35, 0xEA, 0xC8, 0x7B, 0x9F, 0x56, 0x2D, 0x4F, 0xEC,
    0xD3, 0xE8, 0xE1, 0x16, 0x2B, 0x42, 0x61, 0x10, 0x08, 0x1B, 0x40, 0xC4, 0xBA, 0xC0, 0x58, 0x21,
    0xC8, 0x44, 0x99, 0x30, 0x13, 0x67, 0x02, 0x4D, 0xA4, 0x09, 0x35, 0xB1, 0x26, 0xD8, 0x44, 0x9B,
    0x70, 0x13, 0x6F, 0x02, 0x4E, 0xC4, 0x09, 0xB9, 0xC0, 0x9C, 0x5B, 0xEB, 0xDF, 0x0E, 0x1A, 0xA8,
    0x13, 0x76, 0xB3, 0xEE, 0xD9, 0x42, 0xF4, 0x64, 0x56, 0x40, 0x29, 0x50, 0xB8, 0x4D, 0x46, 0x1A,
    0xC8, 0x1D, 0x5E, 0xAA, 0x7C, 0x4C, 0xBA, 0x2B, 0x77, 0x0F, 0xE1, 0xEE, 0x37, 0x62, 0x27, 0xD7,
    0xA9, 0x14, 0x87, 0x4E, 0xED, 0x41, 0xFE, 0x94, 0x23, 0xF4, 0xC5, 0xCE, 0xF9, 0x03, 0x2A, 0x15,
    0x96, 0x97, 0xC1, 0x5F, 0x22, 0x56, 0x94, 0x35, 0x95, 0x36, 0x95, 0x37, 0x95, 0x38, 0x95, 0x39,
    0x95, 0x3A, 0x03, 0x88, 0x6A, 0xE4, 0x26, 0xA3, 0x02, 0xE0, 0xEE, 0x0A, 0xE2, 0x79, 0x10, 0x95,
    0x5D, 0x39, 0x72, 0xE5, 0x57, 0x6A, 0x13, 0xAB, 0x52, 0x2C, 0x16, 0x22, 0x54, 0x40, 0xB6, 0x04,
    0x31, 0x0F, 0x20, 0x7E, 0xDE, 0x85, 0x80, 0xB8, 0xE9, 0xC3, 0xC5, 0x55, 0xB3, 0xAC, 0x07, 0xF4,
    0x1C, 0xB1, 0x9E, 0x18, 0x38, 0xD0, 0x96, 0x8D, 0x66, 0xC5, 0xC1, 0x0E, 0x9B, 0x6E, 0xB5, 0xBB,
    0x86, 0xBD, 0xFB, 0xD0, 0xF6, 0x61, 0x3A, 0x9B, 0x4E, 0xF7, 0x4C, 0x29, 0x5F, 0x1F, 0xAE, 0x81,
    0xFF, 0xA5, 0xEB, 0xF4, 0x74, 0x95, 0x1F, 0x15, 0x16, 0xC3, 0xD2, 0xAA, 0x03, 0x5D, 0xDF, 0x87,
    0x3F, 0xBC, 0x98, 0x30, 0xA7, 0x85, 0x01, 0x2B, 0x76, 0xA5, 0x07, 0x20, 0x74, 0xCD, 0x9C, 0x5A,
    0xE2, 0x5E, 0xB6, 0x52, 0x87, 0x56, 0xD6, 0x27, 0x2B, 0x44, 0x40, 0xF5, 0x67, 0xB4, 0x30, 0x95,
    0xE2, 0xF2, 0x18, 0x3B, 0x2D, 0x60, 0x89, 0x80, 0x4A, 0x58, 0xD5, 0xB0, 0x54, 0xA8, 0x8A, 0x9D,
    0x97, 0xB1, 0x78, 0xFB, 0xE9, 0xBF, 0x39, 0xBD, 0x83, 0xB6, 0x9C, 0x5D, 0x4D, 0x2D, 0x83, 0xCA,
    0x7A, 0x58, 0x15, 0x38, 0xBB, 0x94, 0xEC, 0xBA, 0xB5, 0x39, 0x1F, 0x4D, 0x68, 0x7C, 0xCE, 0xCC,
    0x90, 0xD9, 0x0E, 0x0B, 0xB7, 0xF3, 0xE0, 0xA4, 0x2E, 0x8E, 0x06, 0xE0, 0xA5, 0xEF, 0xDA, 0x7E,
    0xD4, 0xE1, 0xC8, 0xED, 0xFD, 0x01, 0x9F, 0x7F, 0xB3, 0x2E, 0xD0, 0xA3, 0xDB, 0x7B, 0xC2, 0xB0,
    0xF6, 0x1C, 0x8D, 0xF5, 0x6A, 0xD0, 0xCF, 0x0E, 0xBC, 0xD4, 0x01, 0x4B, 0x47, 0xAA, 0xED, 0x67,
    0xAD, 0xAF, 0x24, 0x68, 0x4A, 0x75, 0xCF, 0xA2, 0xF6, 0xD4, 0xD3, 0x67, 0xE6, 0xA8, 0x74, 0xAA,
    0x78, 0xF9, 0x1A, 0x8A, 0xD2, 0x6C, 0x25, 0x52, 0x79, 0x1E, 0x1D, 0xCF, 0xC1, 0x86, 0x23, 0x48,
    0xB9, 0xA3, 0xB3, 0x57, 0xF1, 0xD7, 0xB6, 0x3D, 0x98, 0xE9, 0xB0, 0xA3, 0xA5, 0xF5, 0x99, 0x75,
    0x87, 0x7D, 0xAE, 0x9C, 0xD3, 0x26, 0x94, 0xE8, 0xBC, 0x09, 0xCC, 0x8D, 0x69, 0xC3, 0xE1, 0x10,
    0x7C, 0xF4, 0x36, 0xF8, 0x60, 0x6D, 0xCC, 0x9C, 0xA4, 0xF1, 0xC0, 0x2A, 0x4A, 0xCB, 0xE9, 0x96,
    0xF5, 0xDE, 0xC5, 0x76, 0xF4, 0xCD, 0x0E, 0x0E, 0xD7, 0x96, 0x26, 0xAE, 0x28, 0x1C, 0xF4, 0x7E,
    0xBA, 0xB2, 0x2B, 0x33, 0x90, 0xDD, 0xE8, 0x49, 0x2F, 0x82, 0x33, 0x46, 0x06, 0x4D, 0xAC, 0x8F,
    0xBE, 0xBF, 0xD2, 0x17, 0x2B, 0xB1, 0xF9, 0xF4, 0xD8, 0x78, 0xB8, 0x8F, 0x9A, 0xBE, 0xD7, 0x3E,
    0x36, 0x10, 0xBC, 0xAD, 0x6A, 0x43, 0xE6, 0x69, 0xA5, 0xDF, 0xF8, 0xC0, 0xBB, 0x9C, 0xCF, 0xEF,
    0xE4, 0x7C, 0x8C, 0x2A, 0xE7, 0x53, 0x54, 0x19, 0x4D, 0xF9, 0x89, 0x67, 0x2E, 0xAF, 0xD5, 0x41,
    0x7F, 0x31, 0xA7, 0xAA, 0x41, 0xAD, 0xDE, 0xB4, 0x4C, 0x99, 0xE9, 0x61, 0xEC, 0x57, 0x4F, 0x3C,
    0x08, 0xBD, 0x43, 0xFB, 0xD3, 0xDD, 0xD8, 0xFA, 0x17, 0xD1, 0x24, 0xA8, 0xEA, 0x26, 0x7E, 0xCA,
    0x72, 0x54, 0x1A, 0x70, 0x69, 0x5C, 0xDE, 0xF6, 0x64, 0x82, 0x10, 0x0D, 0x51, 0x72, 0x32, 0xFB,
    0xE9, 0xFF, 0x21, 0x40, 0x1B, 0x86, 0x47, 0xF1, 0xFE, 0x49, 0xCF, 0xC6, 0xD7, 0xDB, 0x6B, 0xA2,
    0x9B, 0x4E, 0xEE, 0x17, 0x23, 0xF8, 0xDC, 0xE3, 0x9F, 0x73, 0xF4, 0x6F, 0xEE, 0x8F, 0xF7, 0xFB,
    0xDB, 0xB7, 0xFB, 0x46, 0xC6, 0x53, 0x84, 0xEF, 0xC7, 0xFB, 0x9E, 0x5A, 0x6A, 0xFB, 0x4F, 0x74,
    0x53, 0x01, 0xE6, 0xEF, 0x38, 0x18, 0x9C, 0xFE, 0xCA, 0x16, 0x45, 0x2E, 0xB0, 0x14, 0xE0, 0xC1,
    0xD3, 0x13, 0xAC, 0xF4, 0x08, 0x0B, 0x7B, 0x9E, 0x94, 0xBD, 0xC0, 0xDE, 0x28, 0x39, 0x42, 0x8F,
    0xD0, 0x23, 0x04, 0x45, 0x90, 0x66, 0x36, 0xDF, 0x68, 0xFD, 0xED, 0x7B, 0xFB, 0x46, 0x33, 0xBE,
    0xF1, 0x8B, 0xC9, 0xFC, 0xF2, 0x7D, 0x71, 0x24, 0x77, 0xA3, 0x6D, 0xED, 0x04, 0x91, 0x7F, 0xA8,
    0xC1, 0xB1, 0x23, 0x2F, 0xE2, 0xF5, 0x8B, 0x4F, 0xFF, 0xC5, 0xC7, 0x4F, 0x75, 0x0A, 0xE2, 0x28,
    0xA6, 0x61, 0xF7, 0x7C, 0xF0, 0x16, 0xED, 0x2D, 0xEE, 0xF0, 0x14, 0x35, 0xBE, 0x05, 0xDF, 0xC2,
    0xBD, 0xD5, 0xBE, 0xBC, 0x95, 0x52, 0x0A, 0xF8, 0xAA, 0xFC, 0x4F, 0x55, 0x03, 0x3E, 0x07, 0xD6,
    0x0C, 0xE6, 0x91, 0x70, 0x15, 0x3E, 0xDB, 0x17, 0x0B, 0xD8, 0x40, 0x22, 0x12, 0xFE, 0xC6, 0x72,
    0x01, 0x71, 0x1F, 0x6D, 0x4F, 0x9E, 0x78, 0x8D, 0xBC, 0xC0, 0x8C, 0xD0, 0xBF, 0x34, 0x70, 0x9F,
    0x1B, 0x42, 0x41, 0x38, 0xF0, 0x07, 0x80, 0xB0, 0x0F, 0xB6, 0xED, 0x1A, 0xF5, 0x0D, 0xBC, 0x6C,
    0x9B, 0x3F, 0x11, 0xD3, 0x87, 0x9B, 0xED, 0xBC, 0xE0, 0x13, 0xBE, 0x03, 0x18, 0x12, 0xBE, 0x61,
    0xC9, 0x9F, 0x1B, 0x31, 0xBB, 0x36, 0x72, 0x0B, 0xD9, 0xD5, 0x6E, 0xB7, 0xE6, 0xB1, 0xC1, 0xE7,
    0xF9, 0x46, 0xBC, 0x1C, 0xC1, 0xDB, 0x31, 0x91, 0x8E, 0x87, 0x28, 0x98, 0x5C, 0xBB, 0x37, 0x84,
    0x1E, 0xCB, 0x75, 0x91, 0xFD, 0xDD, 0x29, 0xB2, 0x87, 0x23, 0x55, 0xF5, 0x14, 0x6B, 0x43, 0xB7,
    0xEC, 0x36, 0xE9, 0xF1, 0x9D, 0x1B, 0x78, 0xC4, 0x32, 0x13, 0xF1, 0x70, 0xA5, 0xC7, 0x1D, 0x77,
    0x0B, 0x3C, 0xF7, 0x98, 0x32, 0xB8, 0x02, 0x3B, 0x45, 0x8A, 0x7A, 0x74, 0x4F, 0x33, 0x68, 0x3D,
    0xBE, 0xAB, 0xE6, 0x52, 0x3E, 0xDC, 0x7C, 0x77, 0x19, 0x98, 0x82, 0x45, 0xF3, 0x69, 0x2E, 0xF8,
    0x2E, 0x97, 0x91, 0x27, 0x30, 0xF1, 0x00, 0x66, 0x26, 0xC0, 0xF1, 0x8B, 0x76, 0xAC, 0x6F, 0x67,
    0x45, 0x9B, 0x11, 0x82, 0x51, 0x34, 0x42, 0xAC, 0x78, 0x88, 0xA2, 0x02, 0xD8, 0xBD, 0xE1, 0xC3,
    0xFC, 0xD0, 0x28, 0x7A, 0x8F, 0x78, 0xF1, 0xD7, 0x9F, 0xFF, 0xBB, 0x67, 0x22, 0x79, 0xCC, 0x9D,
    0x92, 0xC8, 0xBD, 0xB4, 0x63, 0xE1, 0x06, 0xAC, 0xC4, 0xD7, 0xDC, 0x8A, 0x2C, 0xCB, 0x6D, 0x59,
    0x2A, 0xC0, 0x5F, 0xC4, 0x90, 0xFB, 0x60, 0x27, 0x22, 0x9C, 0x5D, 0x55, 0x38, 0x59, 0x68, 0x21,
    0xF2, 0x5D, 0x15, 0x81, 0x05, 0x2B, 0x0F, 0x4C, 0x0D, 0x98, 0x0A, 0x42, 0x9A, 0xEA, 0xD2, 0x06,
    0x9E, 0x4B, 0xF3, 0xB4, 0x46, 0xD1, 0xBA, 0x94, 0x03, 0xD9, 0x66, 0x9E, 0x76, 0xE8, 0xCC, 0x23,
    0xDE, 0xB1, 0x4C, 0xDC, 0x43, 0x59, 0x8F, 0x4F, 0xC3, 0x7A, 0xE2, 0x37, 0xEA, 0x4E, 0xFF, 0x81,
    0xC1, 0xB3, 0xE8, 0x32, 0x25, 0x2C, 0x2A, 0x3C, 0x55, 0x8F, 0xD4, 0xF5, 0xDD, 0x12, 0x8E, 0x8E,
    0xF8, 0xF0, 0x92, 0x58, 0xEA, 0x44, 0x4C, 0x3C, 0x25, 0xD6, 0xEE, 0xAD, 0x3E, 0xC8, 0xEC, 0x9A,
    0x09, 0xDF, 0x00, 0x09, 0xEB, 0x2E, 0x2B, 0x5E, 0x51, 0xF5, 0x37, 0x25, 0x4A, 0x28, 0xEA, 0xA4,
    0x84, 0x9E, 0x33, 0x20, 0x2C, 0x64, 0x0A, 0xF5, 0x11, 0x33, 0xDB, 0xC0, 0xEE, 0xB8, 0xA1, 0xC7,
    0x47, 0x3C, 0x47, 0x1E, 0x91, 0x27, 0x82, 0x6C, 0x1C, 0xFF, 0x26, 0xAF, 0x81, 0x3A, 0xC0, 0x37,
    0xD7, 0x8B, 0x49, 0x02, 0x2C, 0xCB, 0xBD, 0x56, 0xD7, 0x96, 0xA6, 0xEB, 0xF5, 0x97, 0x93, 0xD4,
    0xF0, 0xD8, 0x2B, 0xE8, 0x21, 0xBB, 0x58, 0xD8, 0x1D, 0x5D, 0xD5, 0x08, 0x22, 0x54, 0xF0, 0x58,
    0x6A, 0xB4, 0x81, 0x06, 0x73, 0x17, 0x6B, 0x89, 0x79, 0xA9, 0xE8, 0x47, 0x76, 0xE1, 0x73, 0xCC,
    0xBE, 0xC0, 0x71, 0x03, 0x33, 0xCF, 0x78, 0xC5, 0xAC, 0x7F, 0x19, 0xC9, 0xE4, 0xC9, 0x03, 0xB1,
    0x40, 0xAD, 0x5A, 0xC9, 0xED, 0xC3, 0xD3, 0xDC, 0x6D, 0x7B, 0xC5, 0xC4, 0x64, 0x21, 0x76, 0x0C,
    0x3C, 0xEC, 0xFE, 0xD4, 0xA5, 0x50, 0x47, 0x26, 0x96, 0x99, 0x3B, 0xB3, 0xE3, 0xC0, 0xD3, 0xB5,
    0x0F, 0xD3, 0x52, 0x47, 0xEE, 0x6B, 0x19, 0x09, 0x9F, 0x27, 0x7B, 0x16, 0x73, 0xD5, 0xB3, 0x00,
    0xF0, 0x0D, 0x40, 0x34, 0x9F, 0x84, 0x59, 0x93, 0xA6, 0xC4, 0x03, 0xB3, 0x26, 0x76, 0xE1, 0xAE,
    0x34, 0xA1, 0x2F, 0x4F, 0x68, 0x10, 0x1D, 0x93, 0xB2, 0x6B, 0xBC, 0x6C, 0xC5, 0xBE, 0xFC, 0x0E,
    0xFC, 0x0E, 0x60, 0x82, 0xD5, 0xB2, 0x53, 0x58, 0xFD, 0x5E, 0x01, 0x7F, 0xFF, 0xC7, 0xC0, 0x96,
    0x34, 0xAB, 0x7C, 0x26, 0x26, 0x1D, 0xED, 0x2B, 0x10, 0x32, 0xB0, 0x24, 0x60, 0xDC, 0xF0, 0xC0,
    0x11, 0x82, 0x7E, 0x16, 0x9E, 0x69, 0x51, 0x0E, 0x83, 0xB2, 0x0B, 0x6B, 0x83, 0x80, 0xB7, 0xD5,
    0x03, 0xF3, 0xBB, 0x37, 0xFD, 0x68, 0x77, 0xFF, 0x60, 0xA7, 0xC8, 0x1D, 0xFF, 0x0E, 0xC9, 0xB8,
    0xFF, 0x44, 0x18, 0xE7, 0x80, 0x6E, 0xDC, 0x0F, 0x74, 0xE3, 0x60, 0x6A, 0xE5, 0xD1, 0x8D, 0x63,
    0x20, 0xC2, 0x38, 0x00, 0x4D, 0x92, 0x21, 0x8C, 0xE4, 0x36, 0x18, 0x85, 0x5F, 0x26, 0xD5, 0x44,
    0xDA, 0x01, 0x2E, 0xB8, 0xA2, 0x82, 0xF0, 0x25, 0xE1, 0xC8, 0x29, 0x27, 0x47, 0x56, 0x05, 0xE5,
    0x9C, 0xA3, 0x84, 0xA3, 0x82, 0x72, 0x2D, 0x28, 0xB8, 0x9B, 0x72, 0x6C, 0x9F, 0xCA, 0xA5, 0x70,
    0xE4, 0x82, 0x4A, 0x65, 0x35, 0x48, 0x5B, 0x77, 0x9B, 0xC9, 0x57, 0xDB, 0x99, 0xD1, 0x9D, 0x67,
    0x3E, 0x79, 0xF4, 0x8F, 0x7E, 0xFB, 0xF9, 0xBD, 0x5F, 0xE7, 0x7F, 0x25, 0x8B, 0x6F, 0x20, 0x76,
    0x90, 0xCC, 0x3E, 0x6D, 0xC3, 0x6A, 0x36, 0x1B, 0xCD, 0x36, 0x05, 0xB3, 0x39, 0x5F, 0xE8, 0x57,
    0xBC, 0x8D, 0x2E, 0xB8, 0x30, 0x81, 0xB7, 0xA0, 0x9E, 0x4D, 0x1D, 0x41, 0x7A, 0x27, 0x49, 0x4F,
    0x3F, 0x4B, 0x36, 0x49, 0xAC, 0x6A, 0x89, 0x32, 0x19, 0x9B, 0x81, 0xD0, 0x62, 0x17, 0x93, 0xA6,
    0xD2, 0x73, 0xCB, 0x6C, 0x0F, 0xBE, 0xF9, 0x9E, 0x9F, 0xD4, 0x22, 0x75, 0x99, 0xE6, 0x45, 0x72,
    0xAC, 0x82, 0xD8, 0x64, 0x4E, 0x99, 0x76, 0x7F, 0x19, 0x3B, 0x92, 0x0C, 0x8C, 0x19, 0xDF, 0xFE,
    0x8E, 0x97, 0x9C, 0x3F, 0x0B, 0xDF, 0xC3, 0x6C, 0x41, 0x8E, 0xA4, 0x9E, 0x45, 0xFA, 0x5A, 0xD2,
    0x79, 0x1F, 0x65, 0x8F, 0xFE, 0x16, 0xBC, 0xD9, 0x7F, 0xD0, 0xB0, 0x4A, 0xF6, 0x9F, 0xA4, 0x09,
    0xE4, 0x60, 0xE6, 0x2F, 0x3C, 0xDE, 0x65, 0x98, 0xDD, 0x27, 0x34, 0xB1, 0xCB, 0x92, 0x74, 0x61,
    0x56, 0x59, 0x8F, 0xBB, 0xFA, 0xCC, 0x90, 0xA9, 0xDA, 0xCC, 0x4D, 0x1A, 0x36, 0xC9, 0x46, 0x89,
    0x45, 0x27, 0xBC, 0xDA, 0x7B, 0xB9, 0xFF, 0x5C, 0x3E, 0xD6, 0x53, 0x92, 0x1C, 0x73, 0x0B, 0xE1,
    0xB2, 0x4F, 0xD1, 0xC4, 0x21, 0x63, 0x43, 0xD5, 0xCF, 0x2E, 0x03, 0xB2, 0x7F, 0x33, 0xBB, 0xA2,
    0x61, 0xCE, 0x7C, 0x62, 0xA4, 0xD4, 0xD8, 0x74, 0x61, 0x39, 0xBC, 0x3C, 0xBF, 0x49, 0xD3, 0x91,
    0x47, 0x5B, 0xCE, 0x48, 0x66, 0xCD, 0x9F, 0x64, 0x92, 0x5D, 0x0D, 0xAC, 0x97, 0xBB, 0x3F, 0x7A,
    0x37, 0x2D, 0x4D, 0x83, 0xAF, 0x67, 0x72, 0xD3, 0xC4, 0xAA, 0x9E, 0x59, 0x7A, 0xAF, 0x63, 0x5D,
    0x76, 0xC9, 0xB1, 0xB4, 0x10, 0x2F, 0x90, 0xFA, 0x6D, 0xA8, 0x99, 0xDA, 0x7B, 0xA6, 0x78, 0x93,
    0xF0, 0x43, 0x2C, 0xB9, 0xF2, 0x1B, 0xCB, 0x54, 0x3D, 0x2D, 0x1A, 0x93, 0x4E, 0xCC, 0xD2, 0x10,
    0x4F, 0xC4, 0x81, 0x60, 0x59, 0x6C, 0xB1, 0xC4, 0x7F, 0x55, 0x44, 0xCD, 0x27, 0xC6, 0x16, 0x1D,
    0xDF, 0x6E, 0xD7, 0xE5, 0x26, 0xB3, 0xE9, 0xFC, 0x41, 0x6A, 0x3E, 0x4A, 0x03, 0x5E, 0x10, 0x8F,
    0x3B, 0x5D, 0x6C, 0x56, 0x1B, 0xF5, 0xDE, 0x06, 0xA9, 0x7A, 0x79, 0xF8, 0x48, 0x38, 0x7E, 0xEE,
    0xD7, 0x92, 0xA1, 0xCF, 0x94, 0x7D, 0x7C, 0xBE, 0x5E, 0x55, 0x17, 0x2C, 0x0D, 0xF8, 0xD3, 0x1D,
    0xE5, 0x0B, 0xAB, 0xD1, 0xAE, 0x78, 0x7F, 0xCB, 0x50, 0x98, 0xF5, 0x1D, 0xF3, 0x53, 0xFE, 0x6F,
    0x00, 0x4D, 0xDC, 0xEA, 0xF8, 0x7C, 0x5B, 0x73, 0x7C, 0x7A, 0x95, 0xEC, 0x2A, 0x11, 0xBF, 0x98,
    0xC5, 0x20, 0x58, 0xB2, 0x9F, 0xDE, 0x24, 0xE7, 0xED, 0x1B, 0x7F, 0x38, 0xD8, 0xA6, 0x83, 0xF4,
    0xFC, 0x0B, 0xAF, 0xEA, 0xA8, 0x9E, 0xD5, 0xB7, 0x3C, 0x5F, 0x3F, 0xD4, 0x50, 0x5C, 0x06, 0x92,
    0xB8, 0xBE, 0x9E, 0xF8, 0xA8, 0x16, 0x7C, 0x26, 0x34, 0x6F, 0x2E, 0x96, 0xE4, 0x9B, 0x4C, 0xF7,
    0x1F, 0x4B, 0xC9, 0xF7, 0xF0, 0x6E, 0x95, 0x5E, 0x1E, 0xFE, 0x33, 0xCA, 0xD5, 0xAC, 0xC2, 0x05,
    0x66, 0x73, 0xEB, 0x64, 0x4B, 0xD7, 0x9F, 0x49, 0x0E, 0x04, 0xCC, 0x04, 0xEA, 0x2C, 0x32, 0x33,
    0xF2, 0x2B, 0x9A, 0xD8, 0x64, 0x89, 0xB5, 0xF5, 0x74, 0xBD, 0xCE, 0x1D, 0x2C, 0x25, 0x6F, 0x03,
    0xE1, 0x7C, 0xAD, 0x83, 0x37, 0x56, 0x8D, 0x66, 0x3B, 0x9E, 0x58, 0x64, 0x3C, 0xCA, 0x7C, 0x2E,
    0x3F, 0xFF, 0xF8, 0x85, 0x86, 0x89, 0xD8, 0x40, 0x6A, 0x77, 0xB3, 0xB5, 0xDB, 0x25, 0x75, 0xB7,
    0xBE, 0xE4, 0xB3, 0x08, 0xC6, 0x0E, 0x7C, 0x9F, 0x6C, 0xB0, 0x61, 0x08, 0x76, 0xC9, 0x7B, 0x74,
    0xBE, 0x64, 0x61, 0xAA, 0xCF, 0xCB, 0xE3, 0x0C, 0xC9, 0xE1, 0x6B, 0xA6, 0xB7, 0x21, 0x96, 0x69,
    0xEC, 0xE3, 0xB0, 0xF6, 0x69, 0x5A, 0x4D, 0xA9, 0x65, 0x1A, 0x5C, 0xCD, 0xF8, 0xA9, 0x63, 0xEE,
    0xEF, 0xF3, 0x3C, 0xDD, 0xDF, 0xF1, 0x3F, 0x9D, 0x96, 0xBD, 0xEE, 0xE4, 0x34, 0x14, 0xC5, 0x9D,
    0x44, 0x10, 0x44, 0x0A, 0xF7, 0xBB, 0x42, 0xA1, 0xA4, 0x4B, 0x4B, 0x83, 0x3C, 0xE2, 0x85, 0xFE,
    0x2F, 0x80, 0x70, 0xA8, 0x28, 0xD9, 0xC7, 0xA0, 0xA3, 0xA5, 0x40, 0xC4, 0x54, 0x94, 0x44, 0xF0,
    0x02, 0x11, 0xDA, 0x9E, 0x14, 0x41, 0xCA, 0x22, 0x27, 0x17, 0xDF, 0x73, 0xEE, 0x44, 0xFF, 0x11,
    0x8B, 0x16, 0x31, 0xD2, 0xCC, 0xEF, 0xCE, 0x8C, 0x3F, 0x8E, 0xEF, 0x57, 0xEC, 0xF0, 0xFA, 0x98,
    0x70, 0x07, 0x51, 0x65, 0xB2, 0xD9, 0xF4, 0xF3, 0x43, 0x91, 0x45, 0x7F, 0x14, 0x91, 0xBD, 0xB0,
    0x2F, 0x94, 0x42, 0x85, 0x24, 0xD7, 0x90, 0xFC, 0xF9, 0x74, 0x2E, 0x08, 0xC7, 0x89, 0x1C, 0xED,
    0xCF, 0xB3, 0xFE, 0x9D, 0xFC, 0x57, 0x37, 0xD7, 0xCA, 0xE9, 0x86, 0x32, 0xCB, 0xCB, 0xEE, 0xBE,
    0xC0, 0x2A, 0xAB, 0xD3, 0xD5, 0x82, 0xCC, 0xF5, 0x0A, 0xA6, 0x26, 0x15, 0x46, 0x19, 0xFD, 0x58,
    0x38, 0x89, 0xEB, 0x1D, 0xF9, 0x99, 0xF1, 0x7B, 0xE3, 0x4A, 0x36, 0xB3, 0x32, 0xCA, 0xD7, 0xA3,
    0xFB, 0x54, 0xE7, 0xFF, 0x32, 0xBE, 0xCC, 0x4A, 0xCA, 0xF0, 0x42, 0x99, 0x1D, 0x38, 0xBA, 0x1A,
    0xBC, 0xE9, 0x44, 0xC8, 0xC3, 0xC0, 0xB1, 0x30, 0x7E, 0x27, 0xCB, 0xB3, 0xA3, 0xD7, 0xF7, 0xA3,
    0xAF, 0xA4, 0x7B, 0x65, 0xE4, 0x02, 0x3C, 0xEE, 0x49, 0x1C, 0x44, 0x76, 0x2D, 0xD1, 0x11, 0x5E,
    0x54, 0x59, 0x41, 0x52, 0xF4, 0xC4, 0x70, 0xC7, 0xA8, 0x08, 0x06, 0x6A, 0x8D, 0x58, 0x0B, 0xCA,
    0x32, 0xFD, 0xFA, 0x88, 0xDD, 0x55, 0x92, 0xA1, 0x81, 0x08, 0x3C, 0x41, 0x54, 0x60, 0xDA, 0xC6,
    0x70, 0xAC, 0x00, 0xE0, 0x79, 0xA8, 0xB7, 0x49, 0xE1, 0x42, 0x27, 0xD5, 0xC8, 0x72, 0x05, 0xB6,
    0xE5, 0x86, 0x7D, 0xC1, 0x46, 0x69, 0x49, 0x17, 0x1F, 0xD5, 0x31, 0x92, 0x35, 0x45, 0x2A, 0x59,
    0x39, 0xD9, 0xB0, 0x5C, 0x78, 0x94, 0x4B, 0x6C, 0xD7, 0x04, 0x07, 0xC0, 0x57, 0x2B, 0xB1, 0x10,
    0xB3, 0x0E, 0xE1, 0x2A, 0x94, 0xD6, 0xD0, 0x2F, 0x51, 0x16, 0x57, 0x21, 0x84, 0xB7, 0xA8, 0x4A,
    0xD4, 0x20, 0xD2, 0x40, 0xF4, 0xAF, 0x5B, 0x75, 0xDD, 0x07, 0xCE, 0xBD, 0x94, 0x57, 0x3A, 0x7D,
    0xD3, 0xC9, 0x2B, 0x3C, 0x04, 0xA3, 0xD1, 0x13, 0xB6, 0x30, 0x90, 0x05, 0x8B, 0x9E, 0x6F, 0x84,
    0x43, 0x3A, 0xDD, 0xD8, 0x4B, 0x52, 0x63, 0x85, 0xE1, 0x55, 0x6D, 0x4F, 0x23, 0x23, 0x46, 0xBD,
    0xAE, 0x1E, 0xE4, 0xE6, 0x74, 0xBF, 0x62, 0x58, 0xBE, 0xD0, 0x08, 0x92, 0xA2, 0xB8, 0x28, 0x7C,
    0x1D, 0x13, 0x29, 0x79, 0x92, 0xA3, 0xD5, 0xCF, 0xEC, 0xE4, 0x68, 0x24, 0xC3, 0x1F, 0xB9, 0x92,
    0x93, 0x86, 0xBB, 0x22, 0x19, 0x75, 0xBB, 0xBA, 0x7C, 0x09, 0x74, 0xC8, 0xE6, 0x3C, 0x8D, 0x95,
    0x92, 0xA8, 0x5F, 0x25, 0xE3, 0x44, 0x90, 0xBC, 0xA8, 0x53, 0x13, 0x03, 0x3A, 0xC1, 0x48, 0x2A,
    0xC5, 0x8C, 0x5E, 0xFD, 0xD6, 0x62, 0x03, 0x4B, 0xF9, 0xD1, 0x4A, 0x60, 0x35, 0xEE, 0x46, 0x8B,
    0xB0, 0x1C, 0xC8, 0xC5, 0x56, 0x19, 0xE4, 0x56, 0xE1, 0xB4, 0x82, 0x81, 0xC6, 0xCD, 0xB8, 0xBA,
    0xE9, 0x74, 0x2D, 0x82, 0x7A, 0xB8, 0x41, 0xD6, 0x42, 0x46, 0x90, 0x4C, 0xAE, 0x02, 0x35, 0x06,
    0xDC, 0x86, 0x91, 0x25, 0xDF, 0x38, 0x25, 0x93, 0xA0, 0xBB, 0xB8, 0x80, 0x38, 0x0A, 0x98, 0x1E,
    0x38, 0x5C, 0x1C, 0x15, 0x88, 0x02, 0x69, 0x95, 0x89, 0x43, 0xF2, 0x8F, 0xCB, 0x9E, 0xE4, 0x5E,
    0x1C, 0xD0, 0x09, 0x5B, 0x56, 0x90, 0xEF, 0x0D, 0x7E, 0xAE, 0x24, 0xEB, 0x7C, 0xD5, 0xA2, 0x76,
    0xE1, 0x4E, 0x1D, 0x28, 0xDB, 0xCC, 0xBD, 0x0B, 0x03, 0xDE, 0x37, 0xAC, 0x15, 0x25, 0xEB, 0xF2,
    0xB0, 0x45, 0xDF, 0x28, 0x88, 0xB3, 0x16, 0x7D, 0x5B, 0xC7, 0xB9, 0xBB, 0x2A, 0x82, 0xB4, 0xA7,
    0x47, 0x7B, 0x38, 0x07, 0x61, 0xBD, 0x45, 0x09, 0xB9, 0x2F, 0xF6, 0x0D, 0x67, 0x98, 0x76, 0x2F,
    0x51, 0xAC, 0xAC, 0x57, 0xAF, 0x3B, 0xD0, 0x9E, 0x91, 0x8C, 0xB4, 0x13, 0xF2, 0x82, 0xB6, 0x6B,
    0xCD, 0x1E, 0xD8, 0x87, 0x12, 0xED, 0xAC, 0xF6, 0x48, 0x7B, 0x63, 0xD6, 0xB3, 0xCD, 0xB2, 0xD8,
    0xE9, 0x60, 0x1C, 0x1A, 0xB6, 0x0E, 0x95, 0xDD, 0x6C, 0x2B, 0x51, 0xBE, 0x86, 0x13, 0x08, 0x07,
    0x91, 0xEF, 0xD2, 0x88, 0x85, 0x98, 0x0B, 0x22, 0xF7, 0xE6, 0xD4, 0xA7, 0x3F, 0x15, 0xCD, 0x95,
    0x71, 0xB2, 0x60, 0x1C, 0xD2, 0xF5, 0x40, 0xE3, 0x91, 0xB5, 0x2B, 0xA8, 0x65, 0x6D, 0x65, 0x2C,
    0x03, 0x97, 0x4E, 0x6E, 0x0A, 0x2F, 0xAE, 0x60, 0x8B, 0x96, 0x41, 0xD0, 0x22, 0x50, 0x3C, 0xD1,
    0x17, 0xBD, 0xC4, 0x5C, 0x50, 0xB1, 0x11, 0x3F, 0xBC, 0x06, 0x8C, 0x04, 0x2C, 0x10, 0x17, 0x98,
    0x6A, 0x58, 0x07, 0xEB, 0x2E, 0x1C, 0xCE, 0xAE, 0x84, 0xEF, 0x57, 0x9D, 0x0C, 0x4A, 0xEC, 0xF7,
    0xA6, 0xFA, 0x01, 0x7F, 0x23, 0xE1, 0x9A, 0xCB, 0x55, 0x2B, 0xD7, 0xE2, 0x2C, 0xAF, 0x9C, 0x8D,
    0xE9, 0x59, 0x5E, 0x46, 0x72, 0xB0, 0x55, 0x83, 0xF2, 0x66, 0xB4, 0x14, 0xE5, 0xB8, 0x2B, 0x9F,
    0x13, 0x89, 0xF5, 0x19, 0xCE, 0x2F, 0xB1, 0x1F, 0x27, 0xB4, 0x5C, 0x80, 0x72, 0x13, 0x26, 0x92,
    0x9D, 0x98, 0xC2, 0x27, 0x59, 0xEE, 0x75, 0xA5, 0x5B, 0xB2, 0xC9, 0x1D, 0xA8, 0x2C, 0x04, 0x1E,
    0x11, 0x9F, 0xD8, 0x1F, 0x52, 0x23, 0x27, 0x8B, 0xCB, 0xCB, 0x06, 0x63, 0x8C, 0x32, 0x63, 0xFB,
    0xCF, 0x45, 0xA8, 0xC3, 0xCB, 0x4E, 0x81, 0x81, 0x25, 0x3A, 0x61, 0x23, 0x1A, 0x99, 0xFF, 0xC8,
    0xF5, 0xA8, 0xBA, 0xFA, 0x3D, 0x8D, 0x9A, 0x6A, 0x61, 0x60, 0x4B, 0xD7, 0xC8, 0x31, 0xC8, 0x0C,
    0x63, 0xA5, 0x0F, 0x5B, 0x4D, 0x81, 0x9D, 0x92, 0xE9, 0x5D, 0x2F, 0x4B, 0x2D, 0x62, 0xCD, 0x00,
    0xF3, 0x55, 0x72, 0x34, 0xC9, 0x4E, 0x75, 0xA8, 0x64, 0x9E, 0x26, 0xA0, 0x7F, 0xEF, 0xEC, 0x08,
    0x98, 0x1F, 0x98, 0x34, 0xEE, 0x7F, 0xF6, 0xBE, 0xB3, 0x80, 0x3D, 0x0F, 0x64, 0xCF, 0xD3, 0x33,
    0xAD, 0xF7, 0xDE, 0x17, 0x8D, 0x5A, 0xF4, 0xFD, 0xBB, 0x7A, 0x5F, 0xFE, 0xF7, 0xDE, 0xD7, 0xFE,
    0xC7, 0xDE, 0xD7, 0xBF, 0xA3, 0xF7, 0xE9, 0xEB, 0xC5, 0x48, 0x0E, 0xC6, 0x70, 0x27, 0x87, 0xBE,
    0x94, 0x13, 0x61, 0xE0, 0xB9, 0xAF, 0xE4, 0x16, 0x2A, 0x6B, 0xED, 0x3C, 0xBD, 0x7D, 0x8F, 0x22,
    0x39, 0xE2, 0xCC, 0xBF, 0xED, 0x0D, 0x5A, 0x48, 0xB3, 0x39, 0x7D, 0x0C, 0xE5, 0x66, 0x65, 0xEE,
    0xB7, 0xCA, 0x5E, 0x96, 0x8E, 0x95, 0x9F, 0xBC, 0xC0, 0x3F, 0x23, 0x18, 0xE5, 0x06, 0xEA, 0x6D,
    0x8D, 0xC4, 0x86, 0x4B, 0x21, 0x2E, 0x10, 0x4A, 0xE7, 0x95, 0x63, 0x70, 0xBD, 0xA6, 0x5C, 0x8A,
    0x7A, 0x98, 0x20, 0xEB, 0x8F, 0x95, 0x1C, 0x85, 0xF9, 0x1C, 0x64, 0x37, 0x39, 0x2B, 0xC3, 0x87,
    0x2E, 0x71, 0xF5, 0x00, 0xDE, 0x6E, 0xFC, 0x95, 0x8A, 0xE6, 0x41, 0x95, 0x05, 0x8F, 0x1A, 0xFD,
    0x62, 0x9C, 0x8D, 0x89, 0x7C, 0x0F, 0xB3, 0x90, 0xBC, 0x2B, 0x39, 0x19, 0xB9, 0x90, 0x6E, 0x3D,
    0xFE, 0xD3, 0x5F, 0x95, 0x09, 0x69, 0x8D, 0x3D, 0xE8, 0xE0, 0xAF, 0x09, 0x17, 0x9C, 0xDF, 0x73,
    0xB7, 0xC0, 0x5F, 0xB9, 0x1E, 0xE1, 0xAF, 0x9D, 0xFE, 0x6A, 0x36, 0x2C, 0x3A, 0xB7, 0x76, 0xAB,
    0xED, 0xC8, 0xD1, 0x2F, 0xAC, 0x7D, 0x70, 0x12, 0x15, 0x0A, 0xF6, 0x89, 0x1C, 0x8C, 0x61, 0x04,
    0x6F, 0x60, 0x94, 0x14, 0x6E, 0x9F, 0xA0, 0x47, 0xC4, 0x2A, 0x2B, 0x8F, 0xE9, 0xE9, 0x74, 0x97,
    0x9C, 0x4E, 0x81, 0x6A, 0x20, 0xED, 0x0E, 0xC9, 0x01, 0xBA, 0x41, 0x35, 0xC9, 0x6B, 0xFA, 0xE3,
    0x00, 0x5C, 0x9F, 0xC9, 0xC1, 0xF8, 0xE2, 0xDB, 0xAB, 0x69, 0x09, 0xEF, 0xCE, 0xF8, 0x3C, 0x22,
    0x6F, 0x34, 0xD7, 0xE7, 0x82, 0x45, 0xAD, 0x8A, 0xB1, 0x7E, 0xC1, 0x80, 0xCF, 0x70, 0x2F, 0x35,
    0x9E, 0x28, 0xE1, 0x07, 0x34, 0xBE, 0xE3, 0xFE, 0xE4, 0x18, 0xAC, 0x28, 0x59, 0xA2, 0xBB, 0x75,
    0xD7, 0xEB, 0x1E, 0xCA, 0x06, 0xC4, 0x08, 0x47, 0x6B, 0xAA, 0xF3, 0xB5, 0x21, 0x1A, 0x96, 0xBA,
    0x98, 0x4D, 0xC5, 0xEA, 0x01, 0x38, 0x81, 0x78, 0x00, 0x53, 0x06, 0x24, 0xD7, 0x09, 0x18, 0x66,
    0xC5, 0x5F, 0xBC, 0x65, 0x62, 0x1E, 0xEE, 0x52, 0x5C, 0x84, 0x07, 0xA9, 0x78, 0xD9, 0x1C, 0xD0,
    0x40, 0x7E, 0x45, 0x7F, 0x91, 0x3F, 0x8E, 0xB2, 0xD9, 0x37, 0x1C, 0xE9, 0x39, 0xD2, 0xCA, 0x32,
    0xDC, 0x1B, 0x9C, 0xAB, 0x77, 0x37, 0x14, 0x74, 0x92, 0x02, 0xBA, 0x48, 0xFA, 0xA8, 0x68, 0x10,
    0x51, 0x0D, 0x4F, 0xF7, 0xB6, 0xB8, 0x11, 0x33, 0x71, 0x5D, 0xB3, 0x6B, 0x61, 0xC2, 0x21, 0x30,
    0x78, 0xBD, 0xFF, 0xEA, 0xED, 0xA9, 0xDB, 0x1B, 0x07, 0xB2, 0x93, 0x13, 0xB4, 0x60, 0x74, 0x16,
    0xE9, 0xF0, 0xBC, 0xC0, 0x47, 0x64, 0x02, 0x2F, 0x8A, 0xE7, 0x29, 0x7C, 0x0E, 0x64, 0x6D, 0xA3,
    0x41, 0x7E, 0xCA, 0x1E, 0x37, 0x94, 0xBA, 0x70, 0x71, 0xD3, 0x59, 0xEF, 0x4A, 0x39, 0x9A, 0x4D,
    0x23, 0xA7, 0x05, 0xEF, 0x25, 0x15, 0xB6, 0x6B, 0x2F, 0xA9, 0x92, 0xBD, 0x5B, 0x07, 0x49, 0xB5,
    0xEC, 0x7E, 0x09, 0x32, 0x36, 0xB2, 0xF9, 0x19, 0x17, 0xAE, 0xD5, 0xA7, 0x20, 0xAE, 0xB0, 0xD7,
    0x4B, 0x70, 0x2B, 0xCB, 0x90, 0x26, 0xD1, 0xC6, 0x16, 0x46, 0x39, 0x35, 0x09, 0xC2, 0x4D, 0x0E,
    0x36, 0x34, 0xC9, 0x60, 0x65, 0x77, 0xEA, 0x9A, 0xC4, 0x05, 0x2C, 0xF0, 0xA9, 0x4F, 0x42, 0xD6,
    0xBD, 0x49, 0x4E, 0xE6, 0x1F, 0xBA, 0x90, 0x3C, 0x41, 0x76, 0x5A, 0x70, 0x34, 0x26, 0x2C, 0x32,
    0x81, 0xAB, 0xC6, 0x01, 0x8B, 0xF4, 0x92, 0x54, 0x10, 0xBE, 0xFB, 0xC2, 0x00, 0xCE, 0x5A, 0x55,
    0x85, 0xA9, 0x16, 0x79, 0xFE, 0x20, 0x40, 0x58, 0xBC, 0x35, 0xF6, 0x1E, 0x1C, 0xF9, 0x33, 0x0A,
    0xEE, 0x0A, 0x17, 0x83, 0x01, 0x2D, 0xEC, 0x03, 0xCA, 0xC9, 0x28, 0xC6, 0xDA, 0xEE, 0x54, 0xCD,
    0xC5, 0xCD, 0xF8, 0xF8, 0x20, 0xF8, 0x1B, 0x2D, 0xCE, 0xB1, 0x0D, 0xC2, 0x30, 0x14, 0x04, 0xD0,
    0x03, 0x4B, 0xA4, 0x70, 0xE1, 0x86, 0x3E, 0x1B, 0x90, 0x11, 0x60, 0xB3, 0x44, 0x62, 0x20, 0x46,
    0x20, 0xD4, 0x34, 0x61, 0x03, 0x6F, 0x80, 0x8B, 0x14, 0x2E, 0x3E, 0x1C, 0xFF, 0x1C, 0xAA, 0x27,
    0x7D, 0xDD, 0x9D, 0x0D, 0x00, 0x07, 0x2E, 0x62, 0xE4, 0x0A, 0x20, 0x90, 0xE6, 0x24, 0xF2, 0xE3,
    0x9C, 0x79, 0x15, 0xFC, 0x06, 0x27, 0xD0, 0x82, 0x01, 0x1D, 0x4B, 0x67, 0x4A, 0xE4, 0xE8, 0x85,
    0x81, 0x73, 0x2A, 0x0A, 0x4E, 0xC3, 0x02, 0xDC, 0x89, 0x71, 0x56, 0x1E, 0x04, 0xF6, 0xB4, 0xAD,
    0x56, 0x63, 0x15, 0xA5, 0x2F, 0x40, 0x64, 0x56, 0x22, 0xF1, 0x41, 0x88, 0xA7, 0x39, 0x3D, 0x6F,
    0x05, 0xDA, 0xE2, 0xA4, 0x47, 0xBD, 0xDE, 0x58, 0x1B, 0xBA, 0x69, 0xF9, 0x72, 0x54, 0x9B, 0xAF,
    0xAA, 0x1B, 0x69, 0xCE, 0xBB, 0x71, 0xFA, 0x7F, 0x36, 0x6C, 0xEC, 0xC8, 0x0C, 0xAD, 0x69, 0xE5,
    0x07, 0x95, 0x95, 0x21, 0x8C, 0xE5, 0x36, 0x10, 0x86, 0x27, 0x09, 0x88, 0x74, 0x01, 0x29, 0x5F,
    0x90, 0x72, 0x12, 0x52, 0x50, 0xE6, 0x14, 0x95, 0x4B, 0x2D, 0xE7, 0x68, 0x39, 0xCA, 0x3B, 0x0E,
    0x7A, 0x1C, 0x15, 0x1F, 0x2E, 0xAC, 0xE4, 0xF0, 0x92, 0xC7, 0x51, 0xA4, 0x1E, 0x6F, 0xC0, 0xAB,
    0xE4, 0x4A, 0x4E, 0xBE, 0xCA, 0x33, 0xA3, 0xB7, 0x2F, 0xB7, 0xDA, 0xAD, 0x6A, 0xBD, 0xCB, 0x37,
    0x97, 0x8C, 0xC7, 0x7F, 0x3C, 0x7F, 0xBC, 0x22, 0xF2, 0xAD, 0xE8, 0x88, 0x06, 0xD6, 0x72, 0x6D,
    0xC8, 0x05, 0x2D, 0x14, 0xF4, 0xB0, 0x88, 0x48, 0x8D, 0x3D, 0x1C, 0xD9, 0xEC, 0x61, 0x2A, 0x10,
    0x4D, 0x7D, 0x82, 0x43, 0xA4, 0x02, 0x10, 0xE9, 0x0C, 0xC1, 0x80, 0xA2, 0x61, 0x2F, 0xD5, 0x3A,
    0xAE, 0x12, 0x91, 0x9E, 0x49, 0x02, 0x12, 0x0E, 0x51, 0x64, 0x29, 0xE1, 0x5C, 0xB0, 0x4B, 0x2C,
    0xC8, 0x8A, 0xA8, 0xA8, 0xB8, 0x95, 0x39, 0x2D, 0x9B, 0xCC, 0x5C, 0x67, 0x16, 0xAB, 0x3C, 0xC9,
    0x08, 0x1C, 0x2A, 0x8F, 0x54, 0x34, 0xC3, 0xB5, 0xBC, 0x48, 0xB9, 0x27, 0xBA, 0x92, 0x8E, 0x67,
    0x3E, 0x7D, 0xA7, 0x9A, 0x8E, 0x52, 0xB1, 0x4C, 0xD1, 0x54, 0xB2, 0x4E, 0x64, 0xB3, 0x6A, 0x49,
    0x22, 0xEB, 0x40, 0x16, 0x90, 0x48, 0xAE, 0xC9, 0x0D, 0xE5, 0xDF, 0x36, 0xEC, 0xE4, 0x96, 0x2D,
    0x6E, 0xE4, 0x8E, 0x3F, 0xF9, 0x48, 0xEA, 0xF8, 0x6B, 0x6F, 0xB8, 0x75, 0xB0, 0x75, 0xE5, 0xC7,
    0x32, 0x72, 0x6D, 0x39, 0x2A, 0x58, 0xB4, 0x32, 0xA2, 0xD8, 0x4F, 0x0B, 0x2C, 0x32, 0xFC, 0x51,
    0xEE, 0xC9, 0x07, 0x89, 0x5C, 0xC4, 0xC6, 0x37, 0xCE, 0xEF, 0x9D, 0xBF, 0x1B, 0xAA, 0x6C, 0x6C,
    0x76, 0x63, 0x87, 0x71, 0x70, 0x06, 0x26, 0x25, 0x56, 0xA8, 0x2C, 0xAC, 0xE9, 0xCE, 0xFE, 0xDE,
    0x28, 0xEB, 0x54, 0xD8, 0x8D, 0x24, 0x6E, 0xDA, 0xC7, 0x2D, 0x26, 0x6D, 0xE0, 0x32, 0x67, 0x4D,
    0x9F, 0x42, 0xE1, 0x68, 0x0D, 0x91, 0x39, 0x97, 0x50, 0x84, 0x9B, 0xF4, 0x94, 0xF4, 0xB5, 0xA4,
    0x94, 0x74, 0xE9, 0x58, 0xEE, 0x71, 0xC9, 0x6D, 0xB8, 0xCA, 0x9C, 0x0B, 0x57, 0x41, 0xC7, 0xD6,
    0x38, 0x3B, 0x63, 0xEA, 0x8D, 0x39, 0x38, 0xC5, 0xC8, 0xC5, 0x03, 0xE4, 0x1E, 0x54, 0x78, 0x50,
    0x1B, 0xBD, 0x51, 0xBA, 0x6B, 0x6D, 0x59, 0xE9, 0x10, 0x51, 0x09, 0x71, 0x57, 0xD9, 0x8B, 0x90,
    0xCF, 0xC1, 0xC5, 0x82, 0x81, 0xA9, 0x22, 0xD9, 0x2B, 0xD5, 0xFA, 0xCE, 0x01, 0x69, 0xD8, 0x4E,
    0xC1, 0xE1, 0xC1, 0xBC, 0x4B, 0xAB, 0xFB, 0x15, 0xB3, 0x9B, 0x86, 0x5C, 0x6A, 0x9E, 0x82, 0x64,
    0x41, 0xB1, 0xE2, 0xC0, 0x45, 0xF7, 0x50, 0x46, 0x26, 0xD1, 0x1A, 0x01, 0x39, 0x05, 0xAB, 0x05,
    0xA5, 0xEA, 0x6B, 0xC9, 0xF1, 0x2D, 0xC9, 0x97, 0xD7, 0x92, 0xEB, 0xB7, 0x24, 0x1F, 0xA5, 0xB8,
    0xB5, 0xAA, 0xB5, 0x9E, 0xB7, 0xF6, 0x49, 0xF4, 0xA7, 0x4F, 0x6F, 0x36, 0x98, 0xE9, 0x25, 0xD8,
    0x4E, 0x0E, 0x6E, 0x12, 0x2D, 0xE0, 0x05, 0xA5, 0x7E, 0xFC, 0x98, 0xCB, 0x44, 0x45, 0x79, 0x43,
    0x53, 0x6B, 0xB8, 0xDA, 0xCD, 0x4B, 0x41, 0x3C, 0x1E, 0xE6, 0x75, 0xAC, 0x6F, 0x3F, 0xB2, 0x59,
    0xA6, 0x21, 0x1A, 0xBC, 0xA9, 0x11, 0xCA, 0x82, 0xB3, 0x21, 0x18, 0xC6, 0x17, 0xBB, 0x24, 0xBD,
    0xDE, 0xF4, 0xBA, 0xCD, 0x7A, 0x8D, 0x7A, 0x15, 0x53, 0x99, 0x8D, 0xFE, 0xFF, 0xDA, 0x56, 0x92,
    0xD6, 0x54, 0xA8, 0x79, 0xCD, 0xFE, 0xC6, 0x98, 0x4E, 0xE9, 0x0D, 0x8B, 0xB2, 0xFB, 0x3A, 0x3D,
    0x1B, 0xE3, 0x4D, 0x51, 0xBD, 0x4A, 0x9F, 0x94, 0xC3, 0x71, 0x4E, 0x67, 0xF3, 0xF4, 0xF5, 0x31,
    0xFD, 0x5E, 0x75, 0x3C, 0xA7, 0xFF, 0x97, 0xE6, 0x71, 0x37, 0xCE, 0xE9, 0x9C, 0xEE, 0x55, 0xDB,
    0xB7, 0x34, 0x27, 0xF1, 0xE0, 0xD2, 0xB0, 0xF5, 0xA4, 0x91, 0x1C, 0xCA, 0x2F, 0x05, 0xB6, 0xC0,
    0x3A, 0x70, 0x69, 0xBD, 0x72, 0x0B, 0x9B, 0xD7, 0xF0, 0x60, 0xC0, 0xB5, 0x07, 0x5C, 0x55, 0xC4,
    0xD7, 0xC3, 0x83, 0xDA, 0x02, 0xB7, 0xCD, 0x83, 0x29, 0xDC, 0x56, 0x36, 0xDB, 0x68, 0xDE, 0x37,
    0x53, 0x19, 0xCD, 0xE0, 0xF7, 0xD9, 0x3F, 0xFF, 0xE4, 0xE6, 0x60, 0x77, 0x8B, 0xC5, 0xDD, 0x2C,
    0x57, 0xA6, 0x5A, 0x99, 0x70, 0xF8, 0xEC, 0x80, 0xCF, 0x0E, 0xF8, 0xDA, 0x23, 0xAD, 0xE9, 0x1D,
    0xB8, 0x1B, 0xF4, 0x19, 0x37, 0x6C, 0x44, 0x2C, 0x60, 0xF7, 0xAE, 0x91, 0xCE, 0xAF, 0xDD, 0x70,
    0xEF, 0x14, 0x8B, 0x07, 0xDE, 0xDA, 0x1A, 0x5C, 0x30, 0xFB, 0x57, 0xAF, 0x20, 0x9F, 0x7F, 0x55,
    0xD8, 0x51, 0xA0, 0x6A, 0x07, 0x3B, 0xB0, 0x56, 0xDD, 0xAD, 0x1E, 0x52, 0xE5, 0x6E, 0xCD, 0x0D,
    0xF0, 0x37, 0xB0, 0xF7, 0xD8, 0x38, 0x7A, 0x3E, 0x02, 0xEB, 0xCC, 0x78, 0xC8, 0x08, 0x32, 0x10,
    0xB2, 0xF4, 0x24, 0xE9, 0x8F, 0x90, 0xA4, 0x63, 0x93, 0xE1, 0x98, 0x93, 0x0C, 0xDC, 0x64, 0xCC,
    0x73, 0x96, 0x48, 0x96, 0x90, 0xE7, 0xA3, 0x05, 0x7E, 0x20, 0xCD, 0xD8, 0xD8, 0x02, 0xF0, 0x4B,
    0xA9, 0x14, 0x60, 0x6F, 0x81, 0x65, 0x80, 0x5B, 0x05, 0x48, 0x0B, 0x8B, 0xCC, 0x24, 0x33, 0x43,
    0x31, 0xF7, 0xC9, 0x80, 0x26, 0xD5, 0xF7, 0x26, 0x79, 0xC3, 0x3C, 0x88, 0xF8, 0xDE, 0xE0, 0x06,
    0x68, 0x5E, 0xDA, 0x9D, 0x9E, 0x7C, 0x1F, 0x6D, 0xB2, 0x37, 0xCC, 0x0E, 0xAE, 0x87, 0xBE, 0x9F,
    0x82, 0xF8, 0xDA, 0x00, 0x16, 0xD8, 0x09, 0x77, 0xF2, 0x51, 0x7B, 0x2A, 0x7C, 0x0A, 0xC6, 0x77,
    0x56, 0xD8, 0xDF, 0xB7, 0xD8, 0xD9, 0xA9, 0xB6, 0xC2, 0x6F, 0x81, 0xC5, 0x52, 0xB1, 0xC2, 0x2D,
    0x70, 0x76, 0x4B, 0xC0, 0xF5, 0xCD, 0xB8, 0xBD, 0x07, 0x98, 0x7C, 0x81, 0x2F, 0x62, 0xA3, 0x3B,
    0x2C, 0x63, 0xAD, 0x11, 0x38, 0x7E, 0x3C, 0x1A, 0xF0, 0x6E, 0x90, 0xFB, 0x7D, 0x80, 0xAD, 0x4F,
    0x12, 0xB5, 0x40, 0x7B, 0x88, 0x8F, 0xB8, 0xDA, 0xBE, 0xCA, 0xB8, 0xF5, 0x70, 0x0B, 0x5B, 0xC0,
    0xFB, 0x08, 0x4B, 0xBC, 0x46, 0x98, 0x58, 0x3A, 0xAC, 0xB6, 0x09, 0x0E, 0xF9, 0xF1, 0x3C, 0xC2,
    0x8F, 0xED, 0x45, 0x1A, 0x74, 0x92, 0xE1, 0x62, 0x98, 0x3A, 0x85, 0x38, 0xEE, 0xC7, 0xD5, 0x70,
    0xDC, 0x8F, 0x13, 0x3F, 0x60, 0x25, 0x3C, 0x20, 0xC9, 0x5C, 0x70, 0x13, 0x3F, 0x5E, 0x85, 0xCD,
    0x8F, 0x9B, 0x87, 0xD3, 0xE6, 0xC3, 0x67, 0xB9, 0x8F, 0x6A, 0xB2, 0x7A, 0x97, 0x97, 0x06, 0x75,
    0x14, 0xD4, 0x14, 0x54, 0x51, 0x8F, 0xF9, 0x67, 0xDB, 0x62, 0xE0, 0x93, 0x14, 0x7C, 0x31, 0xFF,
    0x25, 0x83, 0xFD, 0x05, 0xE3, 0x3E, 0x2D, 0x3F, 0x7C, 0xA7, 0xCF, 0x6C, 0x8F, 0x87, 0x6F, 0xB7,
    0xCA, 0x79, 0x0C, 0xA6, 0x7A, 0x34, 0xD5, 0xC1, 0x54, 0x9F, 0x21, 0xB5, 0x69, 0x6C, 0xD2, 0xA3,
    0x73, 0x7B, 0x98, 0x6C, 0xFE, 0x3F, 0x06, 0x57, 0xA1, 0xB7, 0x2B, 0xF7, 0x7B, 0x6B, 0x18, 0x55,
    0xDA, 0x93, 0x3E, 0x6B, 0x51, 0x65, 0xA0, 0xAD, 0xC1, 0xAA, 0xB8, 0x3B, 0xDC, 0x12, 0xA5, 0xA0,
    0xFC, 0x7F, 0x9D, 0xFF, 0x02, 0xBC, 0xCE, 0x01, 0x66, 0xFC, 0x40, 0x14, 0x06, 0xF0, 0x2F, 0xD9,
    0xBF, 0x7F, 0xB0, 0x48, 0x51, 0xD0, 0x62, 0x01, 0x8A, 0x32, 0x17, 0x98, 0xCD, 0xE4, 0x08, 0xBD,
    0x49, 0x2F, 0x50, 0xDB, 0x1C, 0x61, 0xEF, 0x51, 0x80, 0xA2, 0x48, 0x65, 0xB6, 0xBD, 0xC0, 0xDC,
    0xA0, 0xC1, 0x02, 0xD0, 0x20, 0x18, 0xA4, 0xF3, 0xF5, 0x3D, 0xDB, 0x25, 0x28, 0xDA, 0xAA, 0xC6,
    0xFB, 0x7E, 0x90, 0xE7, 0x7D, 0x83, 0x45, 0x83, 0xC2, 0xFF, 0x6C, 0x96, 0xF4, 0x8E, 0xBE, 0x63,
    0x43, 0x82, 0x09, 0x5D, 0x84, 0xD9, 0x42, 0x0F, 0xEA, 0xEF, 0x43, 0x82, 0x64, 0x94, 0x4C, 0x12,
    0x6A, 0xBC, 0x24, 0xA0, 0x78, 0x19, 0x50, 0x3C, 0x4B, 0x76, 0x51, 0xF6, 0x34, 0x0F, 0xB3, 0xDC,
    0x4B, 0x86, 0x43, 0x76, 0x61, 0xC9, 0x27, 0x6D, 0x81, 0xD4, 0x80, 0x84, 0x16, 0x69, 0x93, 0x56,
    0x1D, 0xBE, 0x53, 0xE5, 0x3C, 0x2A, 0x8C, 0x8A, 0xB8, 0x20, 0x93, 0x5C, 0x62, 0xAA, 0xD5, 0x1A,
    0x62, 0x80, 0xEA, 0x7F, 0xD9, 0x2E, 0x66, 0x77, 0x7E, 0xC1, 0x58, 0xD2, 0x97, 0x1C, 0x9D, 0x3A,
    0x74, 0x6C, 0x4A, 0x06, 0x12, 0x25, 0x1B, 0xBE, 0x21, 0x8F, 0xB8, 0x1D, 0x01, 0xE0, 0xAC, 0x06,
    0xBE, 0xFB, 0xE6, 0x2C, 0x42, 0x5B, 0xD4, 0x6B, 0x8A, 0xAF, 0x54, 0xC9, 0x5E, 0x77, 0xF6, 0x10,
    0xF7, 0x7F, 0xF0, 0xE6, 0x0B, 0xC0, 0x7E, 0x65, 0xFE, 0x6F, 0xAD, 0x8B, 0x96, 0x93, 0x0B, 0xC9,
    0x61, 0xB3, 0xC6, 0xC6, 0xE2, 0xD1, 0x62, 0xB2, 0x79, 0xB4, 0xC5, 0x60, 0x8D, 0x77, 0x09, 0xAE,
    0x07, 0x80, 0x4A, 0x27, 0xAB, 0xB0, 0xAA, 0x72, 0x56, 0x86, 0x8E, 0xD4, 0x49, 0xC6, 0x05, 0x53,
    0xE1, 0xB3, 0xC9, 0x58, 0xAD, 0x66, 0x6B, 0xBD, 0x59, 0xC3, 0x9C, 0xC0, 0xE0, 0x63, 0x70, 0x23,
    0x41, 0x3B, 0xE7, 0x0A, 0xED, 0x3F, 0x44, 0xB4, 0xAD, 0xD0, 0x4D, 0x02, 0x85, 0x92, 0x11, 0x91,
    0x6C, 0x40, 0x4E, 0xC8, 0xC9, 0x16, 0x86, 0x43, 0x0B, 0x26, 0x08, 0x51, 0x48, 0x4A, 0x50, 0x70,
    0xE4, 0xF2, 0x78, 0x40, 0x59, 0x52, 0xE8, 0x18, 0xA0, 0x07, 0xA0, 0xAC, 0x38, 0xB6, 0x20, 0xEB,
    0xF9, 0x81, 0xFE, 0x7D, 0x50, 0xBD, 0x19, 0x20, 0x82, 0x01, 0x99, 0x58, 0x02, 0xC4, 0x00, 0x4D,
    0x8F, 0x81, 0x09, 0x83, 0x30, 0x14, 0x44, 0x4F, 0x85, 0x16, 0x10, 0xE8, 0x08, 0x8E, 0xE0, 0x08,
    0xBA, 0x99, 0x76, 0x32, 0x1D, 0xC1, 0x11, 0x1C, 0x41, 0xA0, 0x80, 0x40, 0xF4, 0x9A, 0x47, 0x40,
    0x7E, 0x20, 0x3C, 0xFC, 0x5E, 0x92, 0x7B, 0x62, 0xD5, 0x1E, 0x81, 0x3E, 0x5E, 0x81, 0x7A, 0x6F,
    0xD2, 0xCB, 0xF3, 0xC0, 0xF7, 0xE0, 0x13, 0x56, 0x76, 0xEA, 0x2D, 0x35, 0xF6, 0xD1, 0x9E, 0x64,
    0xBD, 0x93, 0xED, 0x4C, 0x88, 0xD8, 0x77, 0x2C, 0x14, 0x4B, 0xD3, 0xAD, 0xF2, 0x69, 0xCB, 0x29,
    0xF2, 0xAE, 0x7C, 0x6A, 0xB2, 0xAF, 0xDA, 0x3F, 0x2D, 0x76, 0x6A, 0x7C, 0x3C, 0x64, 0x06, 0xD9,
    0x6F, 0xEF, 0x50, 0xAD, 0xB7, 0xCC, 0x9D, 0x7A, 0xCC, 0x20, 0x33, 0xC8, 0x56, 0xE7, 0x19, 0xAA,
    0xF7, 0x98, 0x39, 0x53, 0x81, 0x19, 0x64, 0x06, 0xD9, 0x54, 0x82, 0x5A, 0xAE, 0xCC, 0x5B, 0xD4,
    0x61, 0x06, 0xB5, 0xA4, 0xC2, 0x67, 0xE1, 0xCF, 0x61, 0xFC, 0x39, 0x84, 0x3F, 0xC4, 0x1F, 0xE2,
    0xCF, 0x61, 0xFC, 0xB9, 0x10, 0x7F, 0x27, 0x18, 0x2F, 0x16, 0xDE, 0xF8, 0x42, 0xDC, 0xF0, 0xC7,
    0x09, 0x7F, 0x18, 0xFD, 0x71, 0x23, 0x83, 0x5B, 0xF1, 0x5E, 0x21, 0x6E, 0xD1, 0x1F, 0x37, 0x32,
    0xB8, 0xA9, 0x78, 0x0B, 0xF2, 0x74, 0xF4, 0xA7, 0x02, 0x19, 0x7C, 0x8B, 0x77, 0xA8, 0x17, 0xFC,
    0xA9, 0xC7, 0x3F, 0x9E, 0xD6, 0x1F,
};

static const EpdGlyph lexenddeca_20_bolditalicGlyphs[] = {
    { 0, 0, 0, 0, 0, 0, 0 }, // U+0000
    { 0, 0, 0, 0, 0, 0, 0 }, // U+0001
    { 0, 0, 0, 0, 0, 0, 0 }, // U+0002
    { 0, 0, 0, 0, 0, 0, 0 }, // U+0003
    { 0, 0, 0, 0, 0, 0, 0 }, // U+0004
    { 0, 0, 0, 0, 0, 0, 0 }, // U+0005
    { 0, 0, 0, 0, 0, 0, 0 }, // U+0006
    { 0, 0, 0, 0, 0, 0, 0 }, // U+0007
    { 0, 0, 0, 0, 0, 0, 0 }, // U+0008
    { 0, 0, 0, 0, 0, 0, 0 }, // U+0009
    { 0, 0, 0, 0, 0, 0, 0 }, // U+000A
    { 0, 0, 0, 0, 0, 0, 0 }, // U+000B
    { 0, 0, 0, 0, 0, 0, 0 }, // U+000C
    { 0, 0, 0, 0, 0, 0, 0 }, // U+000D
    { 0, 0, 0, 0, 0, 0, 0 }, // U+000E
    { 0, 0, 0, 0, 0, 0, 0 }, // U+000F
    { 0, 0, 0, 0, 0, 0, 0 }, // U+0010
    { 0, 0, 0, 0, 0, 0, 0 }, // U+0011
    { 0, 0, 0, 0, 0, 0, 0 }, // U+0012
    { 0, 0, 0, 0, 0, 0, 0 }, // U+0013
    { 0, 0, 0, 0, 0, 0, 0 }, // U+0014
    { 0, 0, 0, 0, 0, 0, 0 }, // U+0015
    { 0, 0, 0, 0, 0, 0, 0 }, // U+0016
    { 0, 0, 0, 0, 0, 0, 0 }, // U+0017
    { 0, 0, 0, 0, 0, 0, 0 }, // U+0018
    { 0, 0, 0, 0, 0, 0, 0 }, // U+0019
    { 0, 0, 0, 0, 0, 0, 0 }, // U+001A
    { 0, 0, 0, 0, 0, 0, 0 }, // U+001B
    { 0, 0, 0, 0, 0, 0, 0 }, // U+001C
    { 0, 0, 0, 0, 0, 0, 0 }, // U+001D
    { 0, 0, 0, 0, 0, 0, 0 }, // U+001E
    { 0, 0, 0, 0, 0, 0, 0 }, // U+001F
    { 0, 0, 213, 0, 0, 0, 0 }, // U+0020
    { 13, 29, 206, 3, 29, 95, 0 }, // !
    { 20, 11, 318, 5, 29, 55, 95 }, // "
    { 31, 29, 489, 3, 29, 225, 150 }, // #
    { 28, 36, 423, 2, 32, 252, 375 }, // $
    { 36, 30, 645, 5, 30, 270, 627 }, // %
    { 30, 29, 517, 3, 29, 218, 897 }, // &
    { 11, 11, 168, 5, 29, 31, 1115 }, // '
    { 19, 38, 260, 3, 29, 181, 1146 }, // (
    { 19, 38, 260, -1, 29, 181, 1327 }, // )
    { 19, 17, 293, 4, 31, 81, 1508 }, // *
    { 23, 22, 398, 3, 23, 127, 1589 }, // +
    { 11, 14, 191, 0, 6, 39, 1716 }, // ,
    { 17, 6, 299, 3, 15, 26, 1755 }, // -
    { 8, 8, 171, 2, 8, 16, 1781 }, // .
    { 32, 36, 397, -1, 29, 288, 1797 }, // /
    { 27, 29, 450, 4, 29, 196, 2085 }, // 0
    { 20, 29, 374, 3, 29, 145, 2281 }, // 1
    { 25, 29, 365, 1, 29, 182, 2426 }, // 2
    { 26, 29, 394, 2, 29, 189, 2608 }, // 3
    { 26, 29, 441, 3, 29, 189, 2797 }, // 4
    { 26, 29, 397, 2, 29, 189, 2986 }, // 5
    { 23, 29, 386, 3, 29, 167, 3175 }, // 6
    { 24, 29, 369, 3, 29, 174, 3342 }, // 7
    { 24, 29, 399, 3, 29, 174, 3516 }, // 8
    { 24, 29, 385, 4, 29, 174, 3690 }, // 9
    { 11, 24, 171, 2, 24, 66, 3864 }, // :
    { 14, 32, 194, 0, 24, 112, 3930 }, // ;
    { 22, 23, 350, 3, 22, 127, 4042 }, // <
    { 25, 14, 415, 3, 19, 88, 4169 }, // =
    { 22, 23, 351, 2, 22, 127, 4257 }, // >
    { 21, 29, 357, 5, 29, 153, 4384 }, // ?
    { 40, 36, 643, 3, 29, 360, 4537 }, // @
    { 31, 29, 463, -1, 29, 225, 4897 }, // A
    { 28, 29, 467, 3, 29, 203, 5122 }, // B
    { 30, 29, 463, 4, 29, 218, 5325 }, // C
    { 31, 29, 515, 3, 29, 225, 5543 }, // D
    { 28, 29, 430, 3, 29, 203, 5768 }, // E
    { 27, 29, 412, 3, 29, 196, 5971 }, // F
    { 31, 29, 521, 4, 29, 225, 6167 }, // G
    { 32, 29, 519, 3, 29, 232, 6392 }, // H
    { 24, 29, 370, 3, 29, 174, 6624 }, // I
    { 29, 29, 443, 2, 29, 211, 6798 }, // J
    { 33, 29, 493, 3, 29, 240, 7009 }, // K
    { 23, 29, 406, 3, 29, 167, 7249 }, // L
    { 37, 29, 585, 3, 29, 269, 7416 }, // M
    { 34, 29, 538, 3, 29, 247, 7685 }, // N
    { 32, 29, 541, 4, 29, 232, 7932 }, // O
    { 28, 29, 441, 3, 29, 203, 8164 }, // P
    { 32, 34, 541, 4, 29, 272, 8367 }, // Q
    { 29, 29, 468, 3, 29, 211, 8639 }, // R
    { 29, 29, 423, 1, 29, 211, 8850 }, // S
    { 28, 29, 437, 5, 29, 203, 9061 }, // T
    { 30, 29, 510, 5, 29, 218, 9264 }, // U
    { 30, 29, 475, 6, 29, 218, 9482 }, // V
    { 42, 29, 662, 6, 29, 305, 9700 }, // W
    { 37, 29, 470, -1, 29, 269, 10005 }, // X
    { 31, 29, 459, 5, 29, 225, 10274 }, // Y
    { 30, 29, 455, 2, 29, 218, 10499 }, // Z
    { 21, 37, 280, 1, 29, 195, 10717 }, // [
    { 18, 34, 389, 6, 29, 153, 10912 }, // <backslash>
    { 21, 37, 280, 0, 29, 195, 11065 }, // ]
    { 25, 16, 395, 3, 31, 100, 11260 }, // ^
    { 27, 6, 458, 0, -2, 41, 11360 }, // _
    { 11, 9, 333, 11, 34, 25, 11401 }, // `
    { 27, 22, 439, 3, 22, 149, 11426 }, // a
    { 27, 31, 439, 2, 31, 210, 11575 }, // b
    { 23, 22, 363, 3, 22, 127, 11785 }, // c
    { 28, 31, 436, 3, 31, 217, 11912 }, // d
    { 23, 22, 391, 3, 22, 127, 12129 }, // e
    { 20, 31, 262, 4, 31, 155, 12256 }, // f
    { 28, 31, 446, 2, 22, 217, 12411 }, // g
    { 26, 31, 423, 2, 31, 202, 12628 }, // h
    { 14, 34, 213, 3, 34, 119, 12830 }, // i
    { 21, 43, 211, -3, 34, 226, 12949 }, // j
    { 29, 31, 417, 2, 31, 225, 13175 }, // k
    { 13, 32, 203, 3, 32, 104, 13400 }, // l
    { 39, 22, 641, 2, 22, 215, 13504 }, // m
    { 26, 22, 423, 2, 22, 143, 13719 }, // n
    { 25, 22, 427, 3, 22, 138, 13862 }, // o
    { 28, 31, 439, 1, 22, 217, 14000 }, // p
    { 27, 31, 439, 3, 22, 210, 14217 }, // q
    { 22, 22, 303, 2, 22, 121, 14427 }, // r
    { 23, 22, 330, 1, 22, 127, 14548 }, // s
    { 17, 28, 265, 4, 28, 119, 14675 }, // t
    { 25, 22, 428, 4, 22, 138, 14794 }, // u
    { 26, 22, 403, 4, 22, 143, 14932 }, // v
    { 35, 22, 556, 4, 22, 193, 15075 }, // w
    { 29, 22, 404, 0, 22, 160, 15268 }, // x
    { 28, 31, 413, 3, 22, 217, 15428 }, // y
    { 24, 22, 367, 2, 22, 132, 15645 }, // z
    { 19, 38, 285, 3, 29, 181, 15777 }, // {
    { 16, 39, 212, 1, 31, 156, 15958 }, // |
    { 19, 38, 285, 0, 29, 181, 16114 }, // }
    { 24, 9, 372, 2, 17, 54, 16295 }, // ~
    { 0, 0, 0, 0, 0, 0, 16349 }, // U+007F
    { 0, 0, 0, 0, 0, 0, 0 }, // U+0080
    { 0, 0, 0, 0, 0, 0, 0 }, // U+0081
    { 0, 0, 0, 0, 0, 0, 0 }, // U+0082
    { 0, 0, 0, 0, 0, 0, 0 }, // U+0083
    { 0, 0, 0, 0, 0, 0, 0 }, // U+0084
    { 0, 0, 0, 0, 0, 0, 0 }, // U+0085
    { 0, 0, 0, 0, 0, 0, 0 }, // U+0086
    { 0, 0, 0, 0, 0, 0, 0 }, // U+0087
    { 0, 0, 0, 0, 0, 0, 0 }, // U+0088
    { 0, 0, 0, 0, 0, 0, 0 }, // U+0089
    { 0, 0, 0, 0, 0, 0, 0 }, // U+008A
    { 0, 0, 0, 0, 0, 0, 0 }, // U+008B
    { 0, 0, 0, 0, 0, 0, 0 }, // U+008C
    { 0, 0, 0, 0, 0, 0, 0 }, // U+008D
    { 0, 0, 0, 0, 0, 0, 0 }, // U+008E
    { 0, 0, 0, 0, 0, 0, 0 }, // U+008F
    { 0, 0, 0, 0, 0, 0, 0 }, // U+0090
    { 0, 0, 0, 0, 0, 0, 0 }, // U+0091
    { 0, 0, 0, 0, 0, 0, 0 }, // U+0092
    { 0, 0, 0, 0, 0, 0, 0 }, // U+0093
    { 0, 0, 0, 0, 0, 0, 0 }, // U+0094
    { 0, 0, 0, 0, 0, 0, 0 }, // U+0095
    { 0, 0, 0, 0, 0, 0, 0 }, // U+0096
    { 0, 0, 0, 0, 0, 0, 0 }, // U+0097
    { 0, 0, 0, 0, 0, 0, 0 }, // U+0098
    { 0, 0, 0, 0, 0, 0, 0 }, // U+0099
    { 0, 0, 0, 0, 0, 0, 0 }, // U+009A
    { 0, 0, 0, 0, 0, 0, 0 }, // U+009B
    { 0, 0, 0, 0, 0, 0, 0 }, // U+009C
    { 0, 0, 0, 0, 0, 0, 0 }, // U+009D
    { 0, 0, 0, 0, 0, 0, 0 }, // U+009E
    { 0, 0, 0, 0, 0, 0, 0 }, // U+009F
    { 0, 0, 213, 0, 0, 0, 0 }, // U+00A0
    { 13, 30, 206, 1, 22, 98, 0 }, // U+00A1
    { 24, 29, 375, 4, 29, 174, 98 }, // U+00A2
    { 28, 30, 425, 1, 29, 210, 272 }, // U+00A3
    { 25, 22, 373, 2, 24, 138, 482 }, // U+00A4
    { 31, 29, 459, 5, 29, 225, 620 }, // U+00A5
    { 16, 40, 216, 1, 31, 160, 845 }, // U+00A6
    { 27, 35, 383, 1, 29, 237, 1005 }, // U+00A7
    { 19, 7, 333, 7, 33, 34, 1242 }, // U+00A8
    { 33, 30, 527, 3, 29, 248, 1276 }, // U+00A9
    { 16, 13, 261, 5, 29, 52, 1524 }, // U+00AA
    { 24, 20, 375, 2, 21, 120, 1576 }, // U+00AB
    { 26, 14, 447, 4, 18, 91, 1696 }, // U+00AC
    { 0, 0, 0, 0, 0, 0, 1787 }, // U+00AD
    { 22, 21, 338, 4, 31, 116, 1787 }, // U+00AE
    { 16, 4, 283, 8, 31, 16, 1903 }, // U+00AF
    { 15, 12, 355, 8, 29, 45, 1919 }, // U+00B0
    { 26, 24, 427, 2, 24, 156, 1964 }, // U+00B1
    { 14, 17, 243, 6, 34, 60, 2120 }, // U+00B2
    { 14, 17, 237, 5, 34, 60, 2180 }, // U+00B3
    { 12, 9, 333, 10, 33, 27, 2240 }, // U+00B4
    { 28, 29, 426, 1, 22, 203, 2267 }, // U+00B5
    { 30, 29, 509, 5, 29, 218, 2470 }, // U+00B6
    { 8, 9, 171, 4, 20, 18, 2688 }, // U+00B7
    { 10, 11, 333, 4, 1, 28, 2706 }, // U+00B8
    { 10, 16, 194, 7, 34, 40, 2734 }, // U+00B9
    { 16, 13, 267, 5, 29, 52, 2774 }, // U+00BA
    { 24, 20, 377, 2, 21, 120, 2826 }, // U+00BB
    { 33, 31, 547, 3, 31, 256, 2946 }, // U+00BC
    { 33, 31, 551, 3, 31, 256, 3202 }, // U+00BD
    { 33, 31, 567, 4, 31, 256, 3458 }, // U+00BE
    { 20, 31, 357, 1, 23, 155, 3714 }, // U+00BF
    { 31, 40, 463, -1, 40, 310, 3869 }, // U+00C0
    { 31, 40, 463, -1, 40, 310, 4179 }, // U+00C1
    { 31, 39, 463, -1, 39, 303, 4489 }, // U+00C2
    { 32, 38, 463, -1, 38, 304, 4792 }, // U+00C3
    { 32, 39, 463, -1, 39, 312, 5096 }, // U+00C4
    { 31, 39, 463, -1, 39, 303, 5408 }, // U+00C5
    { 50, 29, 717, -1, 29, 363, 5711 }, // U+00C6
    { 30, 39, 463, 4, 29, 293, 6074 }, // U+00C7
    { 28, 40, 430, 3, 40, 280, 6367 }, // U+00C8
    { 28, 40, 430, 3, 40, 280, 6647 }, // U+00C9
    { 28, 39, 430, 3, 39, 273, 6927 }, // U+00CA
    { 28, 39, 430, 3, 39, 273, 7200 }, // U+00CB
    { 24, 40, 370, 3, 40, 240, 7473 }, // U+00CC
    { 24, 40, 370, 3, 40, 240, 7713 }, // U+00CD
    { 24, 39, 370, 3, 39, 234, 7953 }, // U+00CE
    { 25, 39, 370, 3, 39, 244, 8187 }, // U+00CF
    { 31, 29, 515, 3, 29, 225, 8431 }, // U+00D0
    { 34, 38, 538, 3, 38, 323, 8656 }, // U+00D1
    { 32, 40, 541, 4, 40, 320, 8979 }, // U+00D2
    { 32, 40, 541, 4, 40, 320, 9299 }, // U+00D3
    { 32, 39, 541, 4, 39, 312, 9619 }, // U+00D4
    { 32, 38, 541, 4, 38, 304, 9931 }, // U+00D5
    { 32, 39, 541, 4, 39, 312, 10235 }, // U+00D6
    { 23, 19, 355, 2, 21, 110, 10547 }, // U+00D7
    { 34, 32, 538, 3, 31, 272, 10657 }, // U+00D8
    { 30, 40, 510, 5, 40, 300, 10929 }, // U+00D9
    { 30, 40, 510, 5, 40, 300, 11229 }, // U+00DA
    { 30, 39, 510, 5, 39, 293, 11529 }, // U+00DB
    { 30, 39, 510, 5, 39, 293, 11822 }, // U+00DC
    { 31, 40, 459, 5, 40, 310, 12115 }, // U+00DD
    { 27, 29, 441, 3, 29, 196, 12425 }, // U+00DE
    { 25, 31, 445, 4, 31, 194, 12621 }, // U+00DF
    { 27, 35, 439, 3, 35, 237, 12815 }, // U+00E0
    { 27, 34, 439, 3, 34, 230, 13052 }, // U+00E1
    { 27, 34, 439, 3, 34, 230, 13282 }, // U+00E2
    { 27, 33, 439, 3, 33, 223, 13512 }, // U+00E3
    { 27, 34, 439, 3, 34, 230, 13735 }, // U+00E4
    { 27, 36, 439, 3, 36, 243, 13965 }, // U+00E5
    { 38, 22, 600, 2, 22, 209, 14208 }, // U+00E6
    { 23, 32, 363, 3, 22, 184, 14417 }, // U+00E7
    { 23, 35, 391, 3, 35, 202, 14601 }, // U+00E8
    { 23, 34, 391, 3, 34, 196, 14803 }, // U+00E9
    { 24, 34, 391, 3, 34, 204, 14999 }, // U+00EA
    { 25, 34, 391, 3, 34, 213, 15203 }, // U+00EB
    { 14, 35, 193, 2, 35, 123, 15416 }, // U+00EC
    { 16, 34, 193, 2, 34, 136, 15539 }, // U+00ED
    { 18, 34, 193, 2, 34, 153, 15675 }, // U+00EE
    { 19, 34, 193, 2, 34, 162, 15828 }, // U+00EF
    { 24, 32, 398, 3, 32, 192, 15990 }, // U+00F0
    { 27, 33, 423, 2, 33, 223, 16182 }, // U+00F1
    { 25, 35, 427, 3, 35, 219, 16405 }, // U+00F2
    { 25, 34, 427, 3, 34, 213, 16624 }, // U+00F3
    { 25, 34, 427, 3, 34, 213, 16837 }, // U+00F4
    { 25, 33, 427, 3, 33, 207, 17050 }, // U+00F5
    { 26, 34, 427, 3, 34, 221, 17257 }, // U+00F6
    { 24, 24, 398, 3, 23, 144, 17478 }, // U+00F7
    { 27, 25, 427, 2, 23, 169, 17622 }, // U+00F8
    { 25, 35, 428, 4, 35, 219, 17791 }, // U+00F9
    { 25, 34, 428, 4, 34, 213, 18010 }, // U+00FA
    { 25, 34, 428, 4, 34, 213, 18223 }, // U+00FB
    { 25, 34, 428, 4, 34, 213, 18436 }, // U+00FC
    { 28, 43, 413, 3, 34, 301, 18649 }, // U+00FD
    { 28, 40, 439, 1, 31, 280, 18950 }, // U+00FE
    { 28, 43, 413, 3, 34, 301, 19230 }, // U+00FF
    { 31, 37, 463, -1, 37, 287, 0 }, // U+0100
    { 27, 32, 439, 3, 32, 216, 287 }, // U+0101
    { 31, 39, 463, -1, 39, 303, 503 }, // U+0102
    { 27, 33, 439, 3, 33, 223, 806 }, // U+0103
    { 31, 38, 463, -1, 29, 295, 1029 }, // U+0104
    { 27, 31, 439, 3, 22, 210, 1324 }, // U+0105
    { 30, 40, 463, 4, 40, 300, 1534 }, // U+0106
    { 23, 34, 363, 3, 34, 196, 1834 }, // U+0107
    { 30, 39, 463, 4, 39, 293, 2030 }, // U+0108
    { 24, 34, 363, 3, 34, 204, 2323 }, // U+0109
    { 30, 39, 463, 4, 39, 293, 2527 }, // U+010A
    { 23, 34, 363, 3, 34, 196, 2820 }, // U+010B
    { 30, 39, 463, 4, 39, 293, 3016 }, // U+010C
    { 24, 33, 363, 3, 33, 198, 3309 }, // U+010D
    { 31, 39, 515, 3, 39, 303, 3507 }, // U+010E
    { 38, 32, 503, 3, 32, 304, 3810 }, // U+010F
    { 31, 29, 515, 3, 29, 225, 4114 }, // U+0110
    { 30, 31, 436, 3, 31, 233, 4339 }, // U+0111
    { 28, 37, 430, 3, 37, 259, 4572 }, // U+0112
    { 23, 32, 391, 3, 32, 184, 4831 }, // U+0113
    { 28, 39, 430, 3, 39, 273, 5015 }, // U+0114
    { 24, 33, 391, 3, 33, 198, 5288 }, // U+0115
    { 28, 39, 430, 3, 39, 273, 5486 }, // U+0116
    { 23, 34, 391, 3, 34, 196, 5759 }, // U+0117
    { 28, 38, 430, 3, 29, 266, 5955 }, // U+0118
    { 23, 30, 391, 3, 22, 173, 6221 }, // U+0119
    { 28, 39, 430, 3, 39, 273, 6394 }, // U+011A
    { 24, 33, 391, 3, 33, 198, 6667 }, // U+011B
    { 31, 39, 521, 4, 39, 303, 6865 }, // U+011C
    { 29, 43, 446, 1, 34, 312, 7168 }, // U+011D
    { 31, 39, 521, 4, 39, 303, 7480 }, // U+011E
    { 29, 42, 446, 1, 33, 305, 7783 }, // U+011F
    { 31, 39, 521, 4, 39, 303, 8088 }, // U+0120
    { 29, 43, 446, 1, 34, 312, 8391 }, // U+0121
    { 31, 42, 521, 4, 29, 326, 8703 }, // U+0122
    { 29, 46, 446, 1, 37, 334, 9029 }, // U+0123
    { 32, 39, 519, 3, 39, 312, 9363 }, // U+0124
    { 27, 41, 423, 2, 41, 277, 9675 }, // U+0125
    { 35, 29, 547, 4, 29, 254, 9952 }, // U+0126
    { 26, 31, 423, 2, 31, 202, 10206 }, // U+0127
    { 25, 38, 370, 3, 38, 238, 10408 }, // U+0128
    { 18, 33, 193, 2, 33, 149, 10646 }, // U+0129
    { 24, 37, 370, 3, 37, 222, 10795 }, // U+012A
    { 18, 32, 193, 2, 32, 144, 11017 }, // U+012B
    { 24, 39, 370, 3, 39, 234, 11161 }, // U+012C
    { 18, 33, 193, 2, 33, 149, 11395 }, // U+012D
    { 24, 38, 370, 3, 29, 228, 11544 }, // U+012E
    { 18, 43, 193, -1, 34, 194, 11772 }, // U+012F
    { 24, 39, 370, 3, 39, 234, 11966 }, // U+0130
    { 12, 22, 193, 2, 22, 66, 12200 }, // U+0131
    { 52, 29, 813, 3, 29, 377, 12266 }, // U+0132
    { 28, 43, 423, 3, 34, 301, 12643 }, // U+0133
    { 30, 39, 443, 2, 39, 293, 12944 }, // U+0134
    { 24, 43, 210, -3, 34, 258, 13237 }, // U+0135
    { 33, 42, 493, 3, 29, 347, 13495 }, // U+0136
    { 29, 43, 417, 2, 31, 312, 13842 }, // U+0137
    { 29, 22, 419, 2, 22, 160, 14154 }, // U+0138
    { 23, 40, 406, 3, 40, 230, 14314 }, // U+0139
    { 18, 42, 203, 2, 42, 189, 14544 }, // U+013A
    { 23, 42, 406, 3, 29, 242, 14733 }, // U+013B
    { 16, 44, 203, 0, 32, 176, 14975 }, // U+013C
    { 26, 30, 406, 3, 30, 195, 15151 }, // U+013D
    { 24, 32, 269, 2, 32, 192, 15346 }, // U+013E
    { 25, 29, 406, 3, 29, 182, 15538 }, // U+013F
    { 21, 32, 299, 2, 32, 168, 15720 }, // U+0140
    { 24, 29, 417, 2, 29, 174, 15888 }, // U+0141
    { 17, 32, 251, 3, 32, 136, 16062 }, // U+0142
    { 34, 40, 538, 3, 40, 340, 16198 }, // U+0143
    { 26, 34, 423, 2, 34, 221, 16538 }, // U+0144
    { 34, 42, 538, 3, 29, 357, 16759 }, // U+0145
    { 26, 34, 423, 2, 22, 221, 17116 }, // U+0146
    { 34, 39, 538, 3, 39, 332, 17337 }, // U+0147
    { 27, 33, 423, 2, 33, 223, 17669 }, // U+0148
    { 30, 29, 447, -1, 29, 218, 17892 }, // U+0149
    { 34, 37, 538, 3, 29, 315, 18110 }, // U+014A
    { 26, 30, 423, 2, 22, 195, 18425 }, // U+014B
    { 32, 37, 541, 4, 37, 296, 18620 }, // U+014C
    { 25, 32, 427, 3, 32, 200, 18916 }, // U+014D
    { 32, 39, 541, 4, 39, 312, 19116 }, // U+014E
    { 25, 33, 427, 3, 33, 207, 19428 }, // U+014F
    { 33, 41, 541, 4, 41, 339, 19635 }, // U+0150
    { 26, 34, 427, 3, 34, 221, 19974 }, // U+0151
    { 45, 29, 719, 4, 29, 327, 20195 }, // U+0152
    { 41, 22, 669, 3, 22, 226, 20522 }, // U+0153
    { 29, 40, 468, 3, 40, 290, 20748 }, // U+0154
    { 22, 34, 303, 2, 34, 187, 21038 }, // U+0155
    { 29, 42, 468, 3, 29, 305, 21225 }, // U+0156
    { 24, 34, 303, 0, 22, 204, 21530 }, // U+0157
    { 29, 39, 468, 3, 39, 283, 21734 }, // U+0158
    { 24, 33, 303, 2, 33, 198, 22017 }, // U+0159
    { 29, 40, 423, 1, 40, 290, 22215 }, // U+015A
    { 23, 34, 330, 1, 34, 196, 22505 }, // U+015B
    { 29, 39, 423, 1, 39, 283, 22701 }, // U+015C
    { 23, 34, 330, 1, 34, 196, 22984 }, // U+015D
    { 29, 39, 423, 1, 29, 283, 23180 }, // U+015E
    { 23, 32, 330, 1, 22, 184, 23463 }, // U+015F
    { 29, 39, 423, 1, 39, 283, 23647 }, // U+0160
    { 24, 33, 330, 1, 33, 198, 23930 }, // U+0161
    { 27, 39, 437, 5, 29, 264, 24128 }, // U+0162
    { 19, 38, 265, 2, 28, 181, 24392 }, // U+0163
    { 27, 39, 437, 5, 39, 264, 24573 }, // U+0164
    { 24, 35, 265, 4, 35, 210, 24837 }, // U+0165
    { 28, 29, 437, 5, 29, 203, 25047 }, // U+0166
    { 18, 28, 265, 3, 28, 126, 25250 }, // U+0167
    { 30, 38, 510, 5, 38, 285, 25376 }, // U+0168
    { 25, 33, 428, 4, 33, 207, 25661 }, // U+0169
    { 30, 37, 510, 5, 37, 278, 25868 }, // U+016A
    { 25, 32, 428, 4, 32, 200, 26146 }, // U+016B
    { 30, 39, 510, 5, 39, 293, 26346 }, // U+016C
    { 25, 33, 428, 4, 33, 207, 26639 }, // U+016D
    { 30, 39, 510, 5, 39, 293, 26846 }, // U+016E
    { 25, 36, 428, 4, 36, 225, 27139 }, // U+016F
    { 31, 41, 510, 5, 41, 318, 27364 }, // U+0170
    { 25, 34, 428, 4, 34, 213, 27682 }, // U+0171
    { 30, 38, 510, 5, 29, 285, 27895 }, // U+0172
    { 25, 31, 428, 4, 22, 194, 28180 }, // U+0173
    { 42, 39, 662, 6, 39, 410, 28374 }, // U+0174
    { 35, 34, 556, 4, 34, 298, 28784 }, // U+0175
    { 31, 39, 459, 5, 39, 303, 29082 }, // U+0176
    { 28, 43, 413, 3, 34, 301, 29385 }, // U+0177
    { 31, 39, 459, 5, 39, 303, 29686 }, // U+0178
    { 30, 40, 455, 2, 40, 300, 29989 }, // U+0179
    { 23, 34, 367, 2, 34, 196, 30289 }, // U+017A
    { 30, 39, 455, 2, 39, 293, 30485 }, // U+017B
    { 23, 34, 367, 2, 34, 196, 30778 }, // U+017C
    { 30, 39, 455, 2, 39, 293, 30974 }, // U+017D
    { 24, 33, 367, 2, 33, 198, 31267 }, // U+017E
    { 36, 34, 541, 4, 34, 306, 0 }, // U+01A0
    { 29, 27, 427, 3, 27, 196, 306 }, // U+01A1
    { 36, 35, 510, 5, 35, 315, 502 }, // U+01AF
    { 30, 27, 428, 4, 27, 203, 817 }, // U+01B0
    { 60, 39, 940, 3, 39, 585, 1020 }, // U+01C4
    { 55, 33, 881, 3, 33, 454, 1605 }, // U+01C5
    { 51, 33, 803, 3, 33, 421, 2059 }, // U+01C6
    { 54, 29, 849, 3, 29, 392, 2480 }, // U+01C7
    { 40, 43, 616, 3, 34, 430, 2872 }, // U+01C8
    { 28, 43, 403, 2, 34, 301, 3302 }, // U+01C9
    { 62, 29, 981, 3, 29, 450, 3603 }, // U+01CA
    { 48, 43, 748, 3, 34, 516, 4053 }, // U+01CB
    { 42, 43, 634, 2, 34, 452, 4569 }, // U+01CC
    { 31, 39, 463, -1, 39, 303, 5021 }, // U+01CD
    { 27, 33, 439, 3, 33, 223, 5324 }, // U+01CE
    { 24, 39, 370, 3, 39, 234, 5547 }, // U+01CF
    { 19, 33, 193, 2, 33, 157, 5781 }, // U+01D0
    { 32, 39, 541, 4, 39, 312, 5938 }, // U+01D1
    { 25, 33, 427, 3, 33, 207, 6250 }, // U+01D2
    { 30, 39, 510, 5, 39, 293, 6457 }, // U+01D3
    { 25, 33, 428, 4, 33, 207, 6750 }, // U+01D4
    { 31, 39, 521, 4, 39, 303, 6957 }, // U+01E6
    { 29, 42, 446, 1, 33, 305, 7260 }, // U+01E7
    { 32, 38, 541, 4, 29, 304, 7565 }, // U+01EA
    { 25, 30, 427, 3, 22, 188, 7869 }, // U+01EB
    { 60, 29, 940, 3, 29, 435, 8057 }, // U+01F1
    { 55, 29, 881, 3, 29, 399, 8492 }, // U+01F2
    { 31, 49, 463, -1, 49, 380, 8891 }, // U+01FA
    { 27, 45, 439, 3, 45, 304, 9271 }, // U+01FB
    { 50, 40, 717, -1, 40, 500, 9575 }, // U+01FC
    { 38, 34, 600, 2, 34, 323, 10075 }, // U+01FD
    { 34, 41, 538, 3, 40, 349, 10398 }, // U+01FE
    { 27, 36, 427, 2, 34, 243, 10747 }, // U+01FF
    { 31, 41, 463, -1, 41, 318, 10990 }, // U+0200
    { 27, 34, 439, 3, 34, 230, 11308 }, // U+0201
    { 31, 38, 463, -1, 38, 295, 11538 }, // U+0202
    { 27, 33, 439, 3, 33, 223, 11833 }, // U+0203
    { 28, 41, 430, 3, 41, 287, 12056 }, // U+0204
    { 23, 34, 391, 3, 34, 196, 12343 }, // U+0205
    { 28, 38, 430, 3, 38, 266, 12539 }, // U+0206
    { 23, 33, 391, 3, 33, 190, 12805 }, // U+0207
    { 24, 41, 370, 3, 41, 246, 12995 }, // U+0208
    { 19, 34, 193, 0, 34, 162, 13241 }, // U+0209
    { 24, 38, 370, 3, 38, 228, 13403 }, // U+020A
    { 17, 33, 193, 2, 33, 141, 13631 }, // U+020B
    { 32, 41, 541, 4, 41, 328, 13772 }, // U+020C
    { 25, 34, 427, 3, 34, 213, 14100 }, // U+020D
    { 32, 38, 541, 4, 38, 304, 14313 }, // U+020E
    { 25, 33, 427, 3, 33, 207, 14617 }, // U+020F
    { 29, 41, 468, 3, 41, 298, 14824 }, // U+0210
    { 22, 34, 303, 2, 34, 187, 15122 }, // U+0211
    { 29, 38, 468, 3, 38, 276, 15309 }, // U+0212
    { 22, 33, 303, 2, 33, 182, 15585 }, // U+0213
    { 30, 41, 510, 5, 41, 308, 15767 }, // U+0214
    { 25, 34, 428, 4, 34, 213, 16075 }, // U+0215
    { 30, 38, 510, 5, 38, 285, 16288 }, // U+0216
    { 25, 33, 428, 4, 33, 207, 16573 }, // U+0217
    { 29, 42, 423, 1, 29, 305, 16780 }, // U+0218
    { 23, 34, 330, 1, 22, 196, 17085 }, // U+0219
    { 27, 42, 437, 5, 29, 284, 17281 }, // U+021A
    { 19, 40, 265, 2, 28, 190, 17565 }, // U+021B
    { 11, 9, 0, 11, 34, 25, 0 }, // U+0300
    { 12, 9, 0, 10, 33, 27, 25 }, // U+0301
    { 17, 8, 0, 7, 33, 34, 52 }, // U+0302
    { 17, 7, 0, 8, 32, 30, 86 }, // U+0303
    { 16, 4, 0, 8, 31, 16, 116 }, // U+0304
    { 16, 7, 0, 9, 32, 28, 132 }, // U+0306
    { 9, 7, 0, 12, 33, 16, 160 }, // U+0307
    { 19, 7, 0, 7, 33, 34, 176 }, // U+0308
    { 10, 10, 0, 12, 34, 25, 210 }, // U+0309
    { 11, 10, 0, 11, 35, 28, 235 }, // U+030A
    { 20, 10, 0, 6, 33, 50, 263 }, // U+030B
    { 17, 8, 0, 8, 33, 34, 313 }, // U+030C
    { 19, 10, 0, 7, 33, 48, 347 }, // U+030F
    { 16, 7, 0, 8, 32, 28, 395 }, // U+0311
    { 10, 11, 0, 12, 36, 28, 423 }, // U+0312
    { 12, 9, 0, 9, 28, 27, 451 }, // U+031B
    { 9, 7, 0, 5, -2, 16, 478 }, // U+0323
    { 19, 7, 0, 0, -2, 34, 494 }, // U+0324
    { 10, 11, 0, 4, -1, 28, 528 }, // U+0326
    { 10, 11, 0, 4, 1, 28, 556 }, // U+0327
    { 11, 11, 0, 4, 2, 31, 584 }, // U+0328
    { 16, 7, 0, 2, -3, 28, 615 }, // U+032E
    { 15, 5, 0, 2, -3, 19, 643 }, // U+0331
    { 16, 5, 0, 5, 15, 20, 662 }, // U+0335
    { 0, 0, 0, 0, 0, 0, 682 }, // U+034F
    { 29, 33, 417, -2, 32, 240, 0 }, // U+03BB
    { 32, 30, 477, -3, 30, 240, 0 }, // U+0410
    { 28, 29, 423, -2, 29, 203, 240 }, // U+0411
    { 27, 29, 433, -1, 29, 196, 443 }, // U+0412
    { 28, 29, 378, -1, 29, 203, 639 }, // U+0413
    { 38, 38, 494, -4, 29, 361, 842 }, // U+0414
    { 35, 29, 500, -1, 29, 254, 1203 }, // U+0418
    { 36, 30, 487, -3, 29, 270, 1457 }, // U+041B
    { 35, 29, 511, -1, 29, 254, 1727 }, // U+041D
    { 29, 31, 501, 2, 30, 225, 1981 }, // U+041E
    { 35, 29, 510, -1, 29, 254, 2206 }, // U+041F
    { 27, 29, 405, -1, 29, 196, 2460 }, // U+0420
    { 27, 31, 448, 2, 30, 210, 2656 }, // U+0421
    { 28, 29, 419, 2, 29, 203, 2866 }, // U+0422
    { 32, 30, 485, 2, 29, 240, 3069 }, // U+0423
    { 33, 29, 450, -2, 29, 240, 3309 }, // U+0425
    { 28, 29, 449, 3, 29, 203, 3549 }, // U+0427
    { 42, 29, 609, -1, 29, 305, 3752 }, // U+042B
    { 26, 29, 405, -1, 29, 189, 4057 }, // U+042C
    { 44, 31, 680, -1, 30, 341, 4246 }, // U+042E
    { 34, 30, 469, -2, 29, 255, 4587 }, // U+042F
    { 23, 23, 379, 1, 22, 133, 4842 }, // U+0430
    { 25, 31, 375, 1, 30, 194, 4975 }, // U+0431
    { 22, 23, 367, 1, 22, 127, 5169 }, // U+0432
    { 21, 33, 357, 1, 32, 174, 5296 }, // U+0434
    { 19, 23, 320, 1, 22, 110, 5470 }, // U+0435
    { 20, 23, 320, -1, 22, 115, 5580 }, // U+0437
    { 23, 23, 359, 0, 22, 133, 5695 }, // U+043A
    { 25, 23, 384, 0, 22, 144, 5828 }, // U+043D
    { 21, 23, 369, 1, 22, 121, 5972 }, // U+043E
    { 27, 31, 361, -5, 21, 210, 6093 }, // U+0440
    { 35, 22, 551, 0, 21, 193, 6303 }, // U+0442
    { 24, 31, 383, 1, 22, 186, 6496 }, // U+0446
    { 19, 23, 316, 0, 22, 110, 6682 }, // U+044C
    { 34, 23, 521, -2, 22, 196, 6792 }, // U+044E
    { 31, 38, 463, -1, 29, 295, 0 }, // U+1EA0
    { 27, 31, 439, 3, 22, 210, 295 }, // U+1EA1
    { 31, 41, 463, -1, 41, 318, 505 }, // U+1EA2
    { 27, 35, 439, 3, 35, 237, 823 }, // U+1EA3
    { 38, 46, 463, -1, 46, 437, 1060 }, // U+1EA4
    { 32, 41, 439, 3, 41, 328, 1497 }, // U+1EA5
    { 33, 46, 463, -1, 46, 380, 1825 }, // U+1EA6
    { 28, 41, 439, 3, 41, 287, 2205 }, // U+1EA7
    { 37, 46, 463, -1, 46, 426, 2492 }, // U+1EA8
    { 31, 41, 439, 3, 41, 318, 2918 }, // U+1EA9
    { 33, 46, 463, -1, 46, 380, 3236 }, // U+1EAA
    { 27, 41, 439, 3, 41, 277, 3616 }, // U+1EAB
    { 31, 48, 463, -1, 39, 372, 3893 }, // U+1EAC
    { 27, 43, 439, 3, 34, 291, 4265 }, // U+1EAD
    { 31, 47, 463, -1, 47, 365, 4556 }, // U+1EAE
    { 27, 42, 439, 3, 42, 284, 4921 }, // U+1EAF
    { 31, 47, 463, -1, 47, 365, 5205 }, // U+1EB0
    { 27, 42, 439, 3, 42, 284, 5570 }, // U+1EB1
    { 31, 46, 463, -1, 46, 357, 5854 }, // U+1EB2
    { 27, 42, 439, 3, 42, 284, 6211 }, // U+1EB3
    { 33, 46, 463, -1, 46, 380, 6495 }, // U+1EB4
    { 27, 41, 439, 3, 41, 277, 6875 }, // U+1EB5
    { 31, 48, 463, -1, 39, 372, 7152 }, // U+1EB6
    { 27, 42, 439, 3, 33, 284, 7524 }, // U+1EB7
    { 28, 38, 430, 3, 29, 266, 7808 }, // U+1EB8
    { 23, 31, 391, 3, 22, 179, 8074 }, // U+1EB9
    { 28, 41, 430, 3, 41, 287, 8253 }, // U+1EBA
    { 23, 35, 391, 3, 35, 202, 8540 }, // U+1EBB
    { 28, 38, 430, 3, 38, 266, 8742 }, // U+1EBC
    { 24, 33, 391, 3, 33, 198, 9008 }, // U+1EBD
    { 33, 46, 430, 3, 46, 380, 9206 }, // U+1EBE
    { 31, 41, 391, 3, 41, 318, 9586 }, // U+1EBF
    { 29, 46, 430, 3, 46, 334, 9904 }, // U+1EC0
    { 27, 41, 391, 3, 41, 277, 10238 }, // U+1EC1
    { 33, 46, 430, 3, 46, 380, 10515 }, // U+1EC2
    { 30, 41, 391, 3, 41, 308, 10895 }, // U+1EC3
    { 29, 46, 430, 3, 46, 334, 11203 }, // U+1EC4
    { 26, 41, 391, 3, 41, 267, 11537 }, // U+1EC5
    { 28, 48, 430, 3, 39, 336, 11804 }, // U+1EC6
    { 24, 43, 391, 3, 34, 258, 12140 }, // U+1EC7
    { 24, 41, 370, 3, 41, 246, 12398 }, // U+1EC8
    { 16, 35, 193, 2, 35, 140, 12644 }, // U+1EC9
    { 24, 38, 370, 3, 29, 228, 12784 }, // U+1ECA
    { 16, 43, 213, 1, 34, 172, 13012 }, // U+1ECB
    { 32, 38, 541, 4, 29, 304, 13184 }, // U+1ECC
    { 25, 31, 427, 3, 22, 194, 13488 }, // U+1ECD
    { 32, 41, 541, 4, 41, 328, 13682 }, // U+1ECE
    { 25, 35, 427, 3, 35, 219, 14010 }, // U+1ECF
    { 35, 46, 541, 4, 46, 403, 14229 }, // U+1ED0
    { 32, 41, 427, 3, 41, 328, 14632 }, // U+1ED1
    { 32, 46, 541, 4, 46, 368, 14960 }, // U+1ED2
    { 27, 41, 427, 3, 41, 277, 15328 }, // U+1ED3
    { 34, 46, 541, 4, 46, 391, 15605 }, // U+1ED4
    { 31, 41, 427, 3, 41, 318, 15996 }, // U+1ED5
    { 32, 46, 541, 4, 46, 368, 16314 }, // U+1ED6
    { 26, 41, 427, 3, 41, 267, 16682 }, // U+1ED7
    { 32, 48, 541, 4, 39, 384, 16949 }, // U+1ED8
    { 25, 43, 427, 3, 34, 269, 17333 }, // U+1ED9
    { 36, 40, 541, 4, 40, 360, 17602 }, // U+1EDA
    { 29, 34, 427, 3, 34, 247, 17962 }, // U+1EDB
    { 36, 40, 541, 4, 40, 360, 18209 }, // U+1EDC
    { 29, 35, 427, 3, 35, 254, 18569 }, // U+1EDD
    { 36, 41, 541, 4, 41, 369, 18823 }, // U+1EDE
    { 29, 35, 427, 3, 35, 254, 19192 }, // U+1EDF
    { 36, 38, 541, 4, 38, 342, 19446 }, // U+1EE0
    { 29, 33, 427, 3, 33, 240, 19788 }, // U+1EE1
    { 36, 43, 541, 4, 34, 387, 20028 }, // U+1EE2
    { 29, 36, 427, 3, 27, 261, 20415 }, // U+1EE3
    { 30, 38, 510, 5, 29, 285, 20676 }, // U+1EE4
    { 25, 31, 428, 4, 22, 194, 20961 }, // U+1EE5
    { 30, 41, 510, 5, 41, 308, 21155 }, // U+1EE6
    { 25, 35, 428, 4, 35, 219, 21463 }, // U+1EE7
    { 36, 40, 510, 5, 40, 360, 21682 }, // U+1EE8
    { 30, 34, 428, 4, 34, 255, 22042 }, // U+1EE9
    { 36, 40, 510, 5, 40, 360, 22297 }, // U+1EEA
    { 30, 35, 428, 4, 35, 263, 22657 }, // U+1EEB
    { 36, 41, 510, 5, 41, 369, 22920 }, // U+1EEC
    { 30, 35, 428, 4, 35, 263, 23289 }, // U+1EED
    { 36, 38, 510, 5, 38, 342, 23552 }, // U+1EEE
    { 30, 33, 428, 4, 33, 248, 23894 }, // U+1EEF
    { 36, 44, 510, 5, 35, 396, 24142 }, // U+1EF0
    { 30, 36, 428, 4, 27, 270, 24538 }, // U+1EF1
    { 31, 40, 459, 5, 40, 310, 24808 }, // U+1EF2
    { 28, 44, 413, 3, 35, 308, 25118 }, // U+1EF3
    { 31, 38, 459, 5, 29, 295, 25426 }, // U+1EF4
    { 28, 31, 413, 3, 22, 217, 25721 }, // U+1EF5
    { 31, 41, 459, 5, 41, 318, 25938 }, // U+1EF6
    { 28, 44, 413, 3, 35, 308, 26256 }, // U+1EF7
    { 31, 38, 459, 5, 38, 295, 26564 }, // U+1EF8
    { 28, 42, 413, 3, 33, 294, 26859 }, // U+1EF9
    { 0, 0, 367, 0, 0, 0, 0 }, // U+2007
    { 0, 0, 173, 0, 0, 0, 0 }, // U+2008
    { 0, 0, 137, 0, 0, 0, 0 }, // U+2009
    { 0, 0, 68, 0, 0, 0, 0 }, // U+200A
    { 0, 0, 0, 0, 0, 0, 0 }, // U+200B
    { 0, 0, 0, 0, 0, 0, 0 }, // U+200C
    { 0, 0, 0, 0, 0, 0, 0 }, // U+200D
    { 0, 0, 0, 0, 0, 0, 0 }, // U+200E
    { 0, 0, 0, 0, 0, 0, 0 }, // U+200F
    { 17, 6, 299, 3, 15, 26, 0 }, // U+2010
    { 23, 6, 389, 3, 15, 35, 26 }, // U+2012
    { 22, 6, 397, 4, 15, 33, 61 }, // U+2013
    { 36, 6, 622, 4, 15, 54, 94 }, // U+2014
    { 37, 6, 615, 3, 15, 56, 148 }, // U+2015
    { 11, 13, 184, 6, 31, 36, 204 }, // U+2018
    { 11, 13, 184, 5, 31, 36, 240 }, // U+2019
    { 11, 14, 191, 0, 6, 39, 276 }, // U+201A
    { 20, 14, 337, 6, 31, 70, 315 }, // U+201C
    { 20, 13, 337, 5, 31, 65, 385 }, // U+201D
    { 20, 14, 341, 0, 6, 70, 450 }, // U+201E
    { 17, 23, 293, 5, 31, 98, 520 }, // U+2020
    { 18, 24, 283, 4, 31, 108, 618 }, // U+2021
    { 13, 11, 231, 4, 20, 36, 726 }, // U+2022
    { 28, 8, 491, 2, 8, 56, 762 }, // U+2026
    { 0, 0, 0, 0, 0, 0, 818 }, // U+202A
    { 0, 0, 0, 0, 0, 0, 818 }, // U+202B
    { 0, 0, 0, 0, 0, 0, 818 }, // U+202C
    { 0, 0, 0, 0, 0, 0, 818 }, // U+202D
    { 0, 0, 0, 0, 0, 0, 818 }, // U+202E
    { 52, 29, 900, 5, 29, 377, 818 }, // U+2030
    { 20, 11, 330, 5, 29, 55, 1195 }, // U+2033
    { 14, 20, 210, 2, 21, 70, 1250 }, // U+2039
    { 14, 20, 211, 2, 21, 70, 1320 }, // U+203A
    { 33, 29, 404, -1, 29, 240, 1390 }, // U+2044
    { 0, 0, 0, 0, 0, 0, 1630 }, // U+2060
    { 0, 0, 0, 0, 0, 0, 1630 }, // U+2061
    { 0, 0, 0, 0, 0, 0, 1630 }, // U+2062
    { 0, 0, 0, 0, 0, 0, 1630 }, // U+2063
    { 0, 0, 0, 0, 0, 0, 1630 }, // U+2064
    { 0, 0, 0, 0, 0, 0, 1630 }, // U+2066
    { 0, 0, 0, 0, 0, 0, 1630 }, // U+2067
    { 0, 0, 0, 0, 0, 0, 1630 }, // U+2068
    { 0, 0, 0, 0, 0, 0, 1630 }, // U+2069
    { 0, 0, 0, 0, 0, 0, 1630 }, // U+206A
    { 0, 0, 0, 0, 0, 0, 1630 }, // U+206B
    { 0, 0, 0, 0, 0, 0, 1630 }, // U+206C
    { 0, 0, 0, 0, 0, 0, 1630 }, // U+206D
    { 0, 0, 0, 0, 0, 0, 1630 }, // U+206E
    { 0, 0, 0, 0, 0, 0, 1630 }, // U+206F
    { 15, 17, 273, 6, 34, 64, 0 }, // U+2070
    { 16, 17, 272, 5, 34, 68, 64 }, // U+2074
    { 15, 16, 245, 5, 33, 60, 132 }, // U+2075
    { 15, 17, 251, 6, 34, 64, 192 }, // U+2076
    { 14, 16, 220, 6, 33, 56, 256 }, // U+2077
    { 14, 17, 256, 6, 34, 60, 312 }, // U+2078
    { 15, 17, 245, 5, 34, 64, 372 }, // U+2079
    { 15, 17, 273, 1, 9, 64, 436 }, // U+2080
    { 10, 16, 194, 1, 7, 40, 500 }, // U+2081
    { 15, 17, 243, 0, 8, 64, 540 }, // U+2082
    { 14, 17, 237, 0, 9, 60, 604 }, // U+2083
    { 16, 17, 272, 0, 8, 68, 664 }, // U+2084
    { 16, 16, 245, -1, 7, 64, 732 }, // U+2085
    { 15, 17, 251, 1, 9, 64, 796 }, // U+2086
    { 14, 16, 220, 0, 7, 56, 860 }, // U+2087
    { 15, 17, 256, 0, 9, 64, 916 }, // U+2088
    { 15, 17, 245, 0, 9, 64, 980 }, // U+2089
    { 30, 37, 463, 4, 33, 278, 0 }, // U+20A1
    { 28, 29, 412, 2, 29, 203, 278 }, // U+20A3
    { 28, 30, 424, 1, 29, 210, 481 }, // U+20A4
    { 36, 29, 569, 3, 29, 261, 691 }, // U+20A6
    { 31, 29, 523, 5, 29, 225, 952 }, // U+20A7
    { 45, 29, 673, 3, 29, 327, 1177 }, // U+20A9
    { 26, 29, 364, 1, 29, 189, 1504 }, // U+20AB
    { 31, 29, 453, 2, 29, 225, 1693 }, // U+20AC
    { 34, 29, 511, 4, 29, 247, 1918 }, // U+20AD
    { 31, 29, 519, 5, 29, 225, 2165 }, // U+20B1
    { 31, 39, 521, 4, 33, 303, 2390 }, // U+20B2
    { 30, 36, 463, 4, 32, 270, 2693 }, // U+20B5
    { 24, 29, 401, 6, 29, 174, 2963 }, // U+20B9
    { 26, 29, 417, 2, 29, 189, 3137 }, // U+20BA
    { 30, 34, 516, 3, 34, 255, 3326 }, // U+20BC
    { 30, 29, 473, 3, 29, 218, 3581 }, // U+20BD
    { 28, 32, 379, 1, 32, 224, 0 }, // U+2113
    { 25, 32, 407, 3, 32, 200, 0 }, // U+2202
    { 28, 22, 427, 1, 22, 154, 200 }, // U+2205
    { 32, 31, 474, -1, 31, 248, 354 }, // U+2206
    { 33, 38, 493, 3, 29, 314, 602 }, // U+220F
    { 25, 29, 349, 2, 29, 182, 916 }, // U+2211
    { 23, 6, 387, 3, 15, 35, 1098 }, // U+2212
    { 31, 36, 378, -1, 32, 279, 1133 }, // U+2215
    { 11, 10, 229, 4, 18, 28, 1412 }, // U+2219
    { 35, 36, 493, 3, 29, 315, 1440 }, // U+221A
    { 36, 19, 605, 3, 20, 171, 1755 }, // U+221E
    { 35, 38, 412, -2, 32, 333, 1926 }, // U+222B
    { 24, 17, 405, 3, 20, 102, 2259 }, // U+2248
    { 25, 21, 423, 3, 22, 132, 2361 }, // U+2260
    { 25, 24, 418, 2, 24, 150, 2493 }, // U+2264
    { 26, 24, 418, 2, 24, 156, 2643 }, // U+2265
    { 9, 27, 207, 2, 27, 61, 0 }, // U+2669
    { 15, 27, 301, 2, 27, 102, 61 }, // U+266A
    { 23, 30, 427, 2, 28, 173, 163 }, // U+266B
    { 23, 30, 427, 2, 28, 173, 336 }, // U+266C
    { 12, 26, 231, 1, 25, 78, 509 }, // U+266D
    { 12, 27, 238, 1, 18, 81, 587 }, // U+266E
    { 19, 35, 369, 2, 25, 167, 668 }, // U+266F
    { 30, 34, 475, 4, 34, 255, 0 }, // U+FB01
    { 29, 32, 465, 4, 32, 232, 255 }, // U+FB02
};

static const EpdUnicodeInterval lexenddeca_20_bolditalicIntervals[] = {
    { 0x0, 0x17E, 0x0 },
    { 0x1A0, 0x1A1, 0x17F },
    { 0x1AF, 0x1B0, 0x181 },
    { 0x1C4, 0x1D4, 0x183 },
    { 0x1E6, 0x1E7, 0x194 },
    { 0x1EA, 0x1EB, 0x196 },
    { 0x1F1, 0x1F2, 0x198 },
    { 0x1FA, 0x21B, 0x19A },
    { 0x300, 0x304, 0x1BC },
    { 0x306, 0x30C, 0x1C1 },
    { 0x30F, 0x30F, 0x1C8 },
    { 0x311, 0x312, 0x1C9 },
    { 0x31B, 0x31B, 0x1CB },
    { 0x323, 0x324, 0x1CC },
    { 0x326, 0x328, 0x1CE },
    { 0x32E, 0x32E, 0x1D1 },
    { 0x331, 0x331, 0x1D2 },
    { 0x335, 0x335, 0x1D3 },
    { 0x34F, 0x34F, 0x1D4 },
    { 0x3BB, 0x3BB, 0x1D5 },
    { 0x410, 0x414, 0x1D6 },
    { 0x418, 0x418, 0x1DB },
    { 0x41B, 0x41B, 0x1DC },
    { 0x41D, 0x423, 0x1DD },
    { 0x425, 0x425, 0x1E4 },
    { 0x427, 0x427, 0x1E5 },
    { 0x42B, 0x42C, 0x1E6 },
    { 0x42E, 0x432, 0x1E8 },
    { 0x434, 0x435, 0x1ED },
    { 0x437, 0x437, 0x1EF },
    { 0x43A, 0x43A, 0x1F0 },
    { 0x43D, 0x43E, 0x1F1 },
    { 0x440, 0x440, 0x1F3 },
    { 0x442, 0x442, 0x1F4 },
    { 0x446, 0x446, 0x1F5 },
    { 0x44C, 0x44C, 0x1F6 },
    { 0x44E, 0x44E, 0x1F7 },
    { 0x1EA0, 0x1EF9, 0x1F8 },
    { 0x2007, 0x2010, 0x252 },
    { 0x2012, 0x2015, 0x25C },
    { 0x2018, 0x201A, 0x260 },
    { 0x201C, 0x201E, 0x263 },
    { 0x2020, 0x2022, 0x266 },
    { 0x2026, 0x2026, 0x269 },
    { 0x202A, 0x202E, 0x26A },
    { 0x2030, 0x2030, 0x26F },
    { 0x2033, 0x2033, 0x270 },
    { 0x2039, 0x203A, 0x271 },
    { 0x2044, 0x2044, 0x273 },
    { 0x2060, 0x2064, 0x274 },
    { 0x2066, 0x2070, 0x279 },
    { 0x2074, 0x2079, 0x284 },
    { 0x2080, 0x2089, 0x28A },
    { 0x20A1, 0x20A1, 0x294 },
    { 0x20A3, 0x20A4, 0x295 },
    { 0x20A6, 0x20A7, 0x297 },
    { 0x20A9, 0x20A9, 0x299 },
    { 0x20AB, 0x20AD, 0x29A },
    { 0x20B1, 0x20B2, 0x29D },
    { 0x20B5, 0x20B5, 0x29F },
    { 0x20B9, 0x20BA, 0x2A0 },
    { 0x20BC, 0x20BD, 0x2A2 },
    { 0x2113, 0x2113, 0x2A4 },
    { 0x2202, 0x2202, 0x2A5 },
    { 0x2205, 0x2206, 0x2A6 },
    { 0x220F, 0x220F, 0x2A8 },
    { 0x2211, 0x2212, 0x2A9 },
    { 0x2215, 0x2215, 0x2AB },
    { 0x2219, 0x221A, 0x2AC },
    { 0x221E, 0x221E, 0x2AE },
    { 0x222B, 0x222B, 0x2AF },
    { 0x2248, 0x2248, 0x2B0 },
    { 0x2260, 0x2260, 0x2B1 },
    { 0x2264, 0x2265, 0x2B2 },
    { 0x2669, 0x266F, 0x2B4 },
    { 0xFB01, 0xFB02, 0x2BB },
};

static const EpdFontGroup lexenddeca_20_bolditalicGroups[] = {
    { 0, 5680, 17192, 128, 0 },
    { 5680, 5088, 20398, 128, 128 },
    { 10768, 6314, 33136, 127, 256 },
    { 17082, 4492, 18473, 61, 383 },
    { 21574, 448, 740, 25, 444 },
    { 22022, 136, 264, 1, 469 },
    { 22158, 2772, 7271, 34, 470 },
    { 24930, 4045, 28188, 90, 504 },
    { 28975, 709, 1729, 49, 594 },
    { 29684, 611, 1120, 17, 643 },
    { 30295, 1392, 3959, 16, 660 },
    { 31687, 138, 224, 1, 676 },
    { 31825, 980, 2947, 15, 677 },
    { 32805, 314, 883, 7, 692 },
    { 33119, 199, 528, 2, 699 },
};

static const uint16_t lexenddeca_20_bolditalicKernLeftCodepoints[] = {
    0x0026, 0x0028, 0x002A, 0x002C, 0x002E, 0x002F, 0x0030, 0x0031, 0x0032, 0x0033, 0x0034, 0x0035,
    0x0036, 0x0037, 0x0038, 0x0039, 0x003C, 0x003E, 0x003F, 0x0040, 0x0041, 0x0042, 0x0043, 0x0044,
    0x0045, 0x0046, 0x0047, 0x0049, 0x004A, 0x004B, 0x004C, 0x004F, 0x0050, 0x0051, 0x0052, 0x0053,
    0x0054, 0x0055, 0x0056, 0x0057, 0x0058, 0x0059, 0x005A, 0x005B, 0x005C, 0x005F, 0x0061, 0x0062,
    0x0063, 0x0064, 0x0065, 0x0066, 0x0067, 0x0068, 0x0069, 0x006A, 0x006B, 0x006C, 0x006D, 0x006E,
    0x006F, 0x0070, 0x0071, 0x0072, 0x0073, 0x0074, 0x0075, 0x0076, 0x0077, 0x0078, 0x0079, 0x007A,
    0x007B, 0x007D, 0x00A1, 0x00A3, 0x00B7, 0x00BF, 0x00C0, 0x00C1, 0x00C2, 0x00C3, 0x00C4, 0x00C5,
    0x00C6, 0x00C8, 0x00C9, 0x00CA, 0x00CB, 0x00D0, 0x00D2, 0x00D3, 0x00D4, 0x00D5, 0x00D6, 0x00D8,
    0x00D9, 0x00DA, 0x00DB, 0x00DC, 0x00DD, 0x00DE, 0x00DF, 0x00E0, 0x00E1, 0x00E2, 0x00E3, 0x00E4,
    0x00E5, 0x00E7, 0x00E8, 0x00E9, 0x00EA, 0x00EB, 0x00EC, 0x00ED, 0x00EE, 0x00EF, 0x00F0, 0x00F1,
    0x00F2, 0x00F3, 0x00F4, 0x00F5, 0x00F6, 0x00F8, 0x00F9, 0x00FA, 0x00FB, 0x00FC, 0x00FD, 0x00FE,
    0x00FF, 0x0100, 0x0101, 0x0102, 0x0103, 0x0104, 0x0105, 0x0107, 0x0109, 0x010B, 0x010D, 0x010E,
    0x010F, 0x0110, 0x0111, 0x0112, 0x0113, 0x0114, 0x0115, 0x0116, 0x0117, 0x0118, 0x0119, 0x011A,
    0x011B, 0x011C, 0x011D, 0x011E, 0x011F, 0x0120, 0x0121, 0x0122, 0x0123, 0x0125, 0x0127, 0x0129,
    0x012B, 0x012D, 0x012F, 0x0131, 0x0132, 0x0133, 0x0134, 0x0135, 0x0136, 0x0137, 0x0138, 0x0139,
    0x013A, 0x013B, 0x013C, 0x013D, 0x013E, 0x013F, 0x0140, 0x0141, 0x0142, 0x0144, 0x0146, 0x0148,
    0x0149, 0x014B, 0x014C, 0x014D, 0x014E, 0x014F, 0x0150, 0x0151, 0x0152, 0x0153, 0x0154, 0x0155,
    0x0156, 0x0157, 0x0158, 0x0159, 0x015A, 0x015B, 0x015C, 0x015D, 0x015E, 0x015F, 0x0160, 0x0161,
    0x0162, 0x0163, 0x0164, 0x0165, 0x0166, 0x0167, 0x0168, 0x0169, 0x016A, 0x016B, 0x016C, 0x016D,
    0x016E, 0x016F, 0x0170, 0x0171, 0x0172, 0x0173, 0x0174, 0x0175, 0x0176, 0x0177, 0x0178, 0x0179,
    0x017A, 0x017B, 0x017C, 0x017D, 0x017E, 0x01A0, 0x01A1, 0x01AF, 0x01B0, 0x01C4, 0x01C5, 0x01C6,
    0x01C7, 0x01C8, 0x01C9, 0x01CA, 0x01CB, 0x01CC, 0x01CD, 0x01CE, 0x01D0, 0x01D1, 0x01D2, 0x01D3,
    0x01D4, 0x01E6, 0x01E7, 0x01EA, 0x01EB, 0x01F1, 0x01F2, 0x01FA, 0x01FB, 0x01FC, 0x01FE, 0x01FF,
    0x0200, 0x0201, 0x0202, 0x0203, 0x0204, 0x0205, 0x0206, 0x0207, 0x0209, 0x020B, 0x020C, 0x020D,
    0x020E, 0x020F, 0x0210, 0x0211, 0x0212, 0x0213, 0x0214, 0x0215, 0x0216, 0x0217, 0x0218, 0x0219,
    0x021A, 0x021B, 0x0410, 0x0413, 0x041E, 0x0420, 0x0422, 0x0423, 0x0425, 0x042C, 0x042E, 0x043E,
    0x0440, 0x044C, 0x044E, 0x1EA0, 0x1EA1, 0x1EA2, 0x1EA3, 0x1EA4, 0x1EA5, 0x1EA6, 0x1EA7, 0x1EA8,
    0x1EA9, 0x1EAA, 0x1EAB, 0x1EAC, 0x1EAD, 0x1EAE, 0x1EAF, 0x1EB0, 0x1EB1, 0x1EB2, 0x1EB3, 0x1EB4,
    0x1EB5, 0x1EB6, 0x1EB7, 0x1EB8, 0x1EB9, 0x1EBA, 0x1EBB, 0x1EBC, 0x1EBD, 0x1EBE, 0x1EBF, 0x1EC0,
    0x1EC1, 0x1EC2, 0x1EC3, 0x1EC4, 0x1EC5, 0x1EC6, 0x1EC7, 0x1EC9, 0x1ECB, 0x1ECC, 0x1ECD, 0x1ECE,
    0x1ECF, 0x1ED0, 0x1ED1, 0x1ED2, 0x1ED3, 0x1ED4, 0x1ED5, 0x1ED6, 0x1ED7, 0x1ED8, 0x1ED9, 0x1EDA,
    0x1EDB, 0x1EDC, 0x1EDD, 0x1EDE, 0x1EDF, 0x1EE0, 0x1EE1, 0x1EE2, 0x1EE3, 0x1EE4, 0x1EE5, 0x1EE6,
    0x1EE7, 0x1EE8, 0x1EE9, 0x1EEA, 0x1EEB, 0x1EEC, 0x1EED, 0x1EEE, 0x1EEF, 0x1EF0, 0x1EF1, 0x1EF2,
    0x1EF3, 0x1EF4, 0x1EF5, 0x1EF6, 0x1EF7, 0x1EF8, 0x1EF9, 0x2018, 0x2019, 0x201C, 0x201D, 0x2022,
    0x2206, 0x221E, 0x222B, 0xFB01, 0xFB02,
};

static const uint8_t lexenddeca_20_bolditalicKernLeftClassIds[] = {
      1,   2,   3,   4,   5,   6,   7,   8,   9,  10,  11,  12,  13,  14,  15,  16,
     17,  18,  19,  20,  21,  22,  23,  24,  25,  26,  27,  28,  29,  30,  31,  24,
     32,  33,  34,  35,  36,  37,  38,  39,  40,  41,  42,  43,  44,  45,  46,  47,
     48,  49,  50,  51,  52,  53,  54,  55,  56,  57,  53,  53,  47,  47,  58,  59,
     60,  61,  62,  63,  64,  65,  66,  67,  68,  69,  70,  71,  72,  73,  21,  21,
     21,  21,  21,  21,  25,  25,  25,  25,  25,  24,  24,  24,  24,  24,  24,  24,
     37,  37,  37,  37,  41,  74,  75,  46,  46,  46,  46,  46,  46,  48,  50,  50,
     50,  50,  54,  54,  54,  54,  76,  53,  47,  47,  47,  47,  47,  47,  62,  62,
     62,  62,  66,  47,  66,  21,  46,  21,  46,  21,  46,  48,  48,  48,  48,  24,
     77,  24,  49,  25,  50,  25,  50,  25,  50,  25,  50,  25,  50,  27,  78,  27,
     78,  27,  78,  27,  78,  53,  53,  54,  54,  54,  54,  54,  29,  55,  29,  55,
     30,  56,  56,  31,  57,  31,  57,  31,  77,  31,  57,  31,  57,  53,  53,  53,
     53,  53,  24,  47,  24,  47,  24,  47,  25,  50,  79,  59,  79,  59,  79,  59,
     35,  60,  35,  60,  35,  60,  35,  60,  36,  61,  36,  61,  36,  61,  37,  62,
     37,  62,  37,  62,  37,  62,  37,  62,  37,  62,  39,  64,  41,  66,  41,  42,
     67,  42,  67,  42,  67,  24,  47,  37,  62,  42,  67,  67,  29,  55,  57,  29,
     55,  55,  21,  46,  54,  24,  47,  37,  62,  27,  78,  24,  47,  42,  67,  21,
     46,  25,  24,  47,  21,  46,  21,  46,  25,  50,  25,  50,  54,  54,  24,  47,
     24,  47,  79,  59,  79,  59,  37,  62,  37,  62,  35,  60,  36,  61,  80,  81,
     82,  83,  81,  84,  85,  86,  82,  87,  87,  88,  87,  21,  46,  21,  46,  21,
     46,  21,  46,  21,  46,  21,  46,  21,  46,  21,  46,  21,  46,  21,  46,  21,
     46,  21,  46,  25,  50,  25,  50,  25,  50,  25,  50,  25,  50,  25,  50,  25,
     50,  25,  50,  54,  54,  24,  47,  24,  47,  24,  47,  24,  47,  24,  47,  24,
     47,  24,  47,  24,  47,  24,  47,  24,  47,  24,  47,  24,  47,  37,  62,  37,
     62,  37,  62,  37,  62,  37,  62,  37,  62,  37,  62,  41,  66,  41,  66,  41,
     66,  41,  66,  89,  90,  91,  92,  93,  94,  95,  96,  54,  57,
};

static const uint16_t lexenddeca_20_bolditalicKernRightCodepoints[] = {
    0x0021, 0x0026, 0x0029, 0x002A, 0x002C, 0x002D, 0x002E, 0x002F, 0x0030, 0x0031, 0x0032, 0x0034,
    0x0036, 0x0037, 0x0038, 0x0039, 0x003C, 0x003F, 0x0040, 0x0041, 0x0042, 0x0043, 0x0044, 0x0045,
    0x0046, 0x0047, 0x0048, 0x0049, 0x004A, 0x004B, 0x004C, 0x004D, 0x004E, 0x004F, 0x0050, 0x0051,
    0x0052, 0x0053, 0x0054, 0x0055, 0x0056, 0x0057, 0x0058, 0x0059, 0x005A, 0x005B, 0x005C, 0x005D,
    0x005F, 0x0061, 0x0062, 0x0063, 0x0064, 0x0065, 0x0066, 0x0067, 0x0068, 0x006A, 0x006B, 0x006C,
    0x006D, 0x006E, 0x006F, 0x0070, 0x0071, 0x0072, 0x0073, 0x0074, 0x0075, 0x0076, 0x0077, 0x0078,
    0x0079, 0x007A, 0x007B, 0x007D, 0x00A1, 0x00B7, 0x00BF, 0x00C0, 0x00C1, 0x00C2, 0x00C3, 0x00C4,
    0x00C5, 0x00C6, 0x00C7, 0x00C8, 0x00C9, 0x00CA, 0x00CB, 0x00D0, 0x00D1, 0x00D2, 0x00D3, 0x00D4,
    0x00D5, 0x00D6, 0x00D8, 0x00D9, 0x00DA, 0x00DB, 0x00DC, 0x00DD, 0x00DE, 0x00DF, 0x00E0, 0x00E1,
    0x00E2, 0x00E3, 0x00E4, 0x00E5, 0x00E7, 0x00E8, 0x00E9, 0x00EA, 0x00EB, 0x00F0, 0x00F1, 0x00F2,
    0x00F3, 0x00F4, 0x00F5, 0x00F6, 0x00F8, 0x00F9, 0x00FA, 0x00FB, 0x00FC, 0x00FD, 0x00FE, 0x00FF,
    0x0100, 0x0101, 0x0102, 0x0103, 0x0104, 0x0105, 0x0106, 0x0107, 0x0108, 0x0109, 0x010A, 0x010B,
    0x010C, 0x010D, 0x010E, 0x010F, 0x0110, 0x0111, 0x0112, 0x0113, 0x0114, 0x0115, 0x0116, 0x0117,
    0x0118, 0x0119, 0x011A, 0x011B, 0x011C, 0x011D, 0x011E, 0x011F, 0x0120, 0x0121, 0x0122, 0x0123,
    0x0124, 0x0125, 0x0127, 0x0134, 0x0135, 0x0136, 0x0137, 0x0138, 0x0139, 0x013A, 0x013B, 0x013C,
    0x013D, 0x013E, 0x013F, 0x0140, 0x0141, 0x0142, 0x0143, 0x0144, 0x0145, 0x0146, 0x0147, 0x0148,
    0x014A, 0x014B, 0x014C, 0x014D, 0x014E, 0x014F, 0x0150, 0x0151, 0x0152, 0x0153, 0x0154, 0x0155,
    0x0156, 0x0157, 0x0158, 0x0159, 0x015A, 0x015B, 0x015C, 0x015D, 0x015E, 0x015F, 0x0160, 0x0161,
    0x0162, 0x0163, 0x0164, 0x0165, 0x0166, 0x0167, 0x0168, 0x0169, 0x016A, 0x016B, 0x016C, 0x016D,
    0x016E, 0x016F, 0x0170, 0x0171, 0x0172, 0x0173, 0x0174, 0x0175, 0x0176, 0x0177, 0x0178, 0x0179,
    0x017A, 0x017B, 0x017C, 0x017D, 0x017E, 0x01A0, 0x01A1, 0x01AF, 0x01B0, 0x01C4, 0x01C5, 0x01C6,
    0x01C7, 0x01C8, 0x01C9, 0x01CA, 0x01CB, 0x01CC, 0x01CD, 0x01CE, 0x01D1, 0x01D2, 0x01D3, 0x01D4,
    0x01E6, 0x01E7, 0x01EA, 0x01EB, 0x01F1, 0x01F2, 0x01FA, 0x01FB, 0x01FC, 0x01FE, 0x01FF, 0x0200,
    0x0201, 0x0202, 0x0203, 0x0204, 0x0205, 0x0206, 0x0207, 0x020C, 0x020D, 0x020E, 0x020F, 0x0210,
    0x0211, 0x0212, 0x0213, 0x0214, 0x0215, 0x0216, 0x0217, 0x0218, 0x0219, 0x021A, 0x021B, 0x0410,
    0x0414, 0x041B, 0x041E, 0x0421, 0x0422, 0x0425, 0x0430, 0x0432, 0x0434, 0x0435, 0x0437, 0x043A,
    0x043D, 0x043E, 0x0442, 0x0446, 0x044C, 0x044E, 0x1EA0, 0x1EA1, 0x1EA2, 0x1EA3, 0x1EA4, 0x1EA5,
    0x1EA6, 0x1EA7, 0x1EA8, 0x1EA9, 0x1EAA, 0x1EAB, 0x1EAC, 0x1EAD, 0x1EAE, 0x1EAF, 0x1EB0, 0x1EB1,
    0x1EB2, 0x1EB3, 0x1EB4, 0x1EB5, 0x1EB6, 0x1EB7, 0x1EB8, 0x1EB9, 0x1EBA, 0x1EBB, 0x1EBC, 0x1EBD,
    0x1EBE, 0x1EBF, 0x1EC0, 0x1EC1, 0x1EC2, 0x1EC3, 0x1EC4, 0x1EC5, 0x1EC6, 0x1EC7, 0x1ECC, 0x1ECD,
    0x1ECE, 0x1ECF, 0x1ED0, 0x1ED1, 0x1ED2, 0x1ED3, 0x1ED4, 0x1ED5, 0x1ED6, 0x1ED7, 0x1ED8, 0x1ED9,
    0x1EDA, 0x1EDB, 0x1EDC, 0x1EDD, 0x1EDE, 0x1EDF, 0x1EE0, 0x1EE1, 0x1EE2, 0x1EE3, 0x1EE4, 0x1EE5,
    0x1EE6, 0x1EE7, 0x1EE8, 0x1EE9, 0x1EEA, 0x1EEB, 0x1EEC, 0x1EED, 0x1EEE, 0x1EEF, 0x1EF0, 0x1EF1,
    0x1EF2, 0x1EF3, 0x1EF4, 0x1EF5, 0x1EF6, 0x1EF7, 0x1EF8, 0x1EF9, 0x2013, 0x2014, 0x2018, 0x2019,
    0x201C, 0x201D, 0x2022, 0x2206, 0x222B, 0xFB01, 0xFB02,
};

static const uint8_t lexenddeca_20_bolditalicKernRightClassIds[] = {
      1,   2,   3,   4,   5,   6,   7,   8,   9,  10,  11,  12,  13,  14,  15,  16,
     17,  18,  19,  20,  21,  22,  21,  21,  21,  22,  21,  23,  24,  21,  21,  21,
     21,  22,  21,  22,  21,  25,  26,  27,  28,  29,  30,  31,  32,  33,  34,  35,
     36,  37,  38,  37,  37,  37,  39,  40,  38,  41,  38,  38,  42,  42,  37,  43,
     37,  42,  44,  45,  46,  47,  48,  49,  50,  51,  33,  52,  53,  54,  55,  56,
     56,  56,  56,  56,  56,  57,  22,  21,  21,  21,  21,  21,  21,  22,  22,  22,
     22,  22,  22,  27,  27,  27,  27,  58,  21,  59,  37,  37,  37,  37,  37,  37,
     37,  37,  37,  37,  37,  60,  42,  37,  37,  37,  37,  37,  37,  46,  46,  46,
     46,  50,  61,  50,  56,  37,  56,  37,  56,  37,  22,  37,  22,  37,  22,  37,
     22,  37,  21,  37,  21,  37,  21,  37,  21,  37,  21,  37,  21,  37,  21,  37,
     22,  40,  22,  40,  22,  40,  22,  40,  21,  38,  38,  24,  41,  21,  38,  38,
     21,  38,  21,  38,  21,  38,  21,  38,  21,  38,  21,  42,  21,  42,  21,  42,
     21,  42,  22,  37,  22,  37,  22,  37,  22,  37,  21,  42,  21,  42,  21,  42,
     25,  44,  25,  44,  25,  44,  25,  44,  62,  45,  62,  45,  62,  45,  27,  46,
     27,  46,  27,  46,  27,  46,  27,  46,  27,  46,  63,  48,  58,  50,  58,  32,
     51,  32,  51,  32,  51,  22,  37,  27,  46,  21,  21,  37,  21,  21,  38,  21,
     21,  42,  56,  37,  22,  37,  27,  46,  22,  40,  22,  37,  21,  21,  56,  37,
     57,  22,  37,  56,  37,  56,  37,  21,  37,  21,  37,  22,  37,  22,  37,  21,
     42,  21,  42,  27,  46,  27,  46,  25,  44,  62,  45,  64,  64,  64,  65,  65,
     66,  67,  68,  69,  70,  71,  69,  69,  69,  71,  69,  69,  69,  69,  56,  37,
     56,  37,  56,  37,  56,  37,  56,  37,  56,  37,  56,  37,  56,  37,  56,  37,
     56,  37,  56,  37,  56,  37,  21,  37,  21,  37,  21,  37,  21,  37,  21,  37,
     21,  37,  21,  37,  21,  37,  22,  37,  22,  37,  22,  37,  22,  37,  22,  37,
     22,  37,  22,  37,  22,  37,  22,  37,  22,  37,  22,  37,  22,  37,  27,  46,
     27,  46,  27,  46,  27,  46,  27,  46,  27,  46,  27,  46,  58,  50,  58,  50,
     58,  50,  58,  50,  72,  73,  74,  75,  76,  77,  78,  79,  80,  39,  39,
};

static const uint16_t lexenddeca_20_bolditalicKernRowOffsets[] = {
        0,    12,    20,    24,    36,    48,    65,    67,    68,    70,    72,    75,    77,    78,    88,    89,
       91,    92,    95,    99,   101,   129,   145,   148,   168,   175,   196,   208,   209,   236,   258,   283,
      308,   329,   346,   349,   380,   388,   418,   438,   451,   478,   483,   496,   510,   514,   530,   550,
      562,   563,   577,   602,   613,   620,   622,   626,   638,   655,   664,   684,   692,   699,   707,   732,
      752,   768,   785,   792,   808,   821,   822,   825,   828,   831,   864,   887,   911,   915,   926,   942,
      944,   948,   950,   954,   960,   961,   962,   963,   964,   969,   976,   981,   987,   988,   991,   992,
      993,
};

static const uint8_t lexenddeca_20_bolditalicKernSparseCols[] = {
      2,  25,  27,  28,  30,  46,  47,  49,  57,  59,  61,  62,  21,  23,  36,  39,
     40,  42,  59,  60,  19,  46,  55,  59,  11,  21,  25,  27,  28,  30,  46,  47,
     49,  57,  61,  62,  11,  21,  25,  27,  28,  30,  46,  47,  49,  57,  61,  62,
      7,   8,   9,  10,  11,  12,  19,  21,  23,  36,  39,  43,  46,  48,  55,  58,
     59,   7,  78,  16,  11,  51,   7,  78,  10,  13,  79,   7,  78,  78,   4,   6,
      7,   9,  10,  11,  12,  14,  16,  78,  78,   7,  78,   9,   9,  10,  13,  19,
     23,  55,  59,  27,  48,   3,   5,  21,  25,  26,  27,  28,  30,  33,  36,  38,
     39,  44,  45,  46,  47,  49,  57,  58,  59,  61,  62,  71,  72,  73,  74,  75,
     76,   2,   7,  25,  27,  28,  29,  30,  36,  37,  39,  48,  57,  59,  60,  61,
     62,   2,  74,  76,   2,   6,   7,  19,  22,  23,  25,  27,  28,  29,  30,  31,
     33,  48,  50,  51,  55,  57,  61,  62,  23,  36,  39,  45,  46,  49,  59,   4,
      6,  19,  21,  23,  24,  25,  29,  36,  39,  41,  42,  43,  45,  46,  48,  50,
     55,  56,  59,  61,   7,  19,  22,  25,  27,  28,  30,  33,  55,  57,  61,  62,
     21,   2,   4,   6,   7,  19,  21,  23,  34,  36,  38,  39,  41,  42,  43,  45,
     46,  47,  49,  50,  51,  55,  58,  59,  73,  74,  75,  76,   5,  21,  23,  24,
     26,  27,  28,  30,  36,  41,  42,  43,  44,  45,  46,  47,  49,  57,  59,  62,
     71,  72,   3,   5,  21,  25,  26,  27,  28,  30,  33,  36,  44,  46,  47,  49,
     50,  57,  59,  61,  62,  71,  72,  73,  74,  75,  76,   4,   6,   7,  19,  23,
     28,  29,  31,  33,  36,  38,  39,  44,  45,  46,  47,  49,  55,  58,  59,  62,
     73,  74,  75,  76,   2,   6,   7,  19,  22,  23,  25,  27,  28,  29,  30,  31,
     33,  35,  48,  50,  51,  55,  57,  61,  62,   5,  21,  23,  25,  26,  27,  28,
     30,  33,  36,  45,  57,  59,  61,  62,  71,  72,  29,  30,  57,   1,   4,   5,
      6,   7,  19,  21,  23,  25,  27,  28,  30,  36,  39,  41,  42,  43,  45,  46,
     47,  48,  49,  50,  55,  56,  57,  59,  61,  62,  71,  72,  19,  23,  24,  29,
     30,  48,  55,  57,   1,   4,   6,   7,  17,  18,  19,  21,  23,  24,  25,  32,
     35,  36,  39,  41,  42,  43,  45,  50,  51,  52,  53,  54,  55,  56,  59,  61,
     72,  77,   1,   4,   6,   7,  19,  21,  23,  24,  25,  32,  36,  39,  41,  42,
     45,  51,  55,  59,  61,  72,  21,  24,  26,  32,  36,  39,  45,  46,  47,  49,
     51,  59,  72,   1,   4,   6,   7,  19,  21,  23,  24,  25,  26,  32,  36,  39,
     41,  42,  43,  45,  46,  47,  48,  49,  50,  51,  55,  59,  61,  72,  21,  36,
     45,  46,  59,   9,  10,  19,  23,  25,  27,  28,  29,  30,  46,  47,  48,  49,
     21,  25,  27,  28,  30,  33,  40,  46,  48,  57,  58,  59,  61,  62,  27,  46,
     59,  60,  19,  21,  25,  26,  27,  28,  30,  33,  45,  46,  47,  49,  55,  57,
     61,  62,   2,   7,  25,  27,  28,  29,  30,  31,  33,  38,  46,  47,  48,  49,
     50,  51,  57,  58,  61,  62,  25,  27,  28,  29,  30,  42,  49,  57,  61,  62,
     74,  76,  45,  25,  27,  28,  29,  30,  33,  39,  46,  47,  48,  49,  57,  61,
     62,   2,   3,   7,  19,  25,  27,  28,  29,  30,  31,  34,  36,  44,  46,  47,
     50,  55,  57,  59,  61,  62,  73,  74,  75,  76,   4,  19,  21,  24,  30,  33,
     40,  43,  45,  55,  57,  25,  27,  30,  33,  49,  57,  61,  25,  61,  25,  26,
     40,  61,  21,  30,  33,  36,  37,  39,  40,  43,  45,  57,  59,  60,  21,  25,
     27,  28,  30,  36,  39,  40,  44,  45,  46,  47,  49,  57,  59,  61,  62,   2,
     25,  27,  30,  33,  35,  40,  57,  61,   3,   4,   6,   7,  19,  25,  29,  32,
     36,  39,  40,  44,  46,  47,  51,  55,  59,  61,  74,  76,  21,  25,  27,  29,
     30,  48,  57,  61,   4,  36,  38,  39,  43,  58,  59,  25,  27,  28,  30,  39,
     57,  61,  62,   1,   3,   4,   6,   7,  17,  19,  25,  29,  30,  31,  32,  33,
     35,  36,  39,  43,  44,  46,  51,  54,  55,  57,  59,  61,   1,   4,   6,   7,
     19,  25,  29,  30,  31,  32,  36,  39,  43,  44,  46,  51,  55,  57,  59,  61,
      1,   7,  21,  25,  26,  30,  32,  33,  36,  43,  45,  51,  53,  57,  59,  61,
      1,   6,   7,  19,  25,  29,  30,  31,  32,  36,  39,  43,  51,  55,  57,  59,
     61,  25,  30,  33,  36,  57,  59,  61,   9,  10,  19,  21,  23,  25,  27,  28,
     29,  30,  36,  46,  47,  48,  49,  59,   9,  10,  19,  23,  25,  27,  28,  29,
     30,  46,  47,  48,  49,  27,   8,   9,  11,  27,  48,  59,  27,  46,  59,   0,
      3,   4,   6,   7,  19,  23,  28,  29,  31,  33,  35,  36,  38,  39,  44,  45,
     46,  47,  48,  49,  52,  53,  54,  55,  58,  59,  62,  73,  74,  75,  76,  77,
      2,   3,   7,  25,  27,  28,  29,  30,  31,  33,  35,  38,  46,  47,  48,  49,
     50,  51,  53,  57,  58,  61,  62,   2,   3,   6,   7,  19,  22,  23,  25,  27,
     28,  29,  30,  31,  33,  35,  48,  50,  51,  53,  54,  55,  57,  61,  62,  20,
     37,  44,  60,   4,  19,  21,  24,  30,  33,  40,  43,  45,  55,  57,   5,  21,
     23,  25,  26,  27,  28,  30,  33,  36,  45,  57,  59,  61,  62,  72,  64,  65,
     63,  67,  69,  70,  65,  66,  63,  67,  69,  70,  63,  64,  67,  68,  69,  70,
     64,  65,  69,  70,  19,  23,  39,  43,  55,  19,  23,  36,  39,  41,  55,  59,
     19,  23,  39,  43,  55,  19,  23,  36,  39,  55,  59,  27,   8,  14,  15,   9,
     11,
};

static const int8_t lexenddeca_20_bolditalicKernSparseValues[] = {
     -10,  -37,  -40,  -27,  -33,  -20,  -20,  -20,  -33,   -7,  -37,  -27,  -20,  -27,  -17,  -16,
      20,   20,  -17,   10,  -50,    4,  -50,  -17,  -17,  -13,  -67,  -80,  -53,  -80,  -53,  -27,
     -27,  -80,  -67,  -53,  -17,  -13,  -67,  -67,  -53,  -80,  -53,  -27,  -27,  -80,  -67,  -53,
     -61,  -33,  -20,  -20,  -40,  -33,  -67,  -27,  -33,  -33,  -33,  -20,   -1,   -4,  -67,   -8,
     -21,  -33,  -33,  -27,  -13,    7,  -17,  -20,  -13,  -13,  -40,  -27,  -13,  -13,  -67,  -53,
     -80,  -10,  -13,  -17,  -13,  -13,  -33,  -60,  -20,  -33,  -27,  -13,  -40,  -20,  -33,  -27,
     -50,  -27,  -10,   -4,   -2,  -50,  -33,  -13,  -33,  -13,  -50,  -27,  -53,  -67,  -13,  -13,
      -7,   -3,   -7,  -33,  -30,  -17,  -53,  -13,  -13,  -33,  -27,  -33,  -33,  -87,  -90,  -47,
     -50,  -13,  -27,  -10,   -5,   -4,   -8,  -15,   -1,   -2,   -3,   -2,  -15,   -1,   -2,  -10,
      -4,   13,   27,   27,  -20,  -13,  -27,  -13,  -10,  -10,  -20,  -20,   -3,  -23,  -23,  -30,
     -33,   -7,   -1,  -17,  -13,  -23,  -20,   -3,   -7,   -3,   -7,   -7,  -10,   -7,   -3,  -53,
     -53,  -40,   -6,  -80,   -3,   10,   -3,  -10,   -7,   -6,   -6,   -7,  -10,   -3,  -10,   -3,
     -40,  -73,  -10,   10,  -27,   -7,   -7,  -17,  -10,   -7,  -16,  -33,   -7,  -16,  -17,   -7,
     -10,   27,  -47,  -33,  -33,  -50,  -20,  -33,   20,  -33,  -33,  -33,  -27,  -27,  -27,  -33,
     -27,  -13,  -27,  -13,   27,  -50,  -33,  -33,   40,   53,   40,   53,  -60,  -30,  -20,   -7,
     -10,   -3,   -3,   13,  -30,   -5,   -5,   -3,   -2,   -8,  -27,  -27,  -27,   13,  -30,   -3,
     -60,  -60,  -50,  -40,  -13,  -56,  -13,  -50,  -50,  -80,  -67,  -13,   -3,  -16,   -3,  -27,
      13,  -80,  -13,  -56,  -50,  -40,  -40,  -80,  -67,  -80,  -67,  -86,  -67,  -53,  -43,  -50,
       5,  -10,  -10,  -33,   -7,    5,   -7,   10,   -3,    7,   10,    7,  -43,    5,   -7,    5,
      20,   33,   20,   33,  -20,  -13,  -27,  -13,  -10,  -10,  -20,  -20,   -3,  -23,  -23,  -30,
     -33,   -7,   -7,   -1,  -17,  -13,  -23,  -20,   -3,  -40,   -7,  -20,  -13,   -3,  -20,   -1,
     -33,  -27,  -13,   -7,  -33,  -13,  -13,   -1,  -40,  -40,  -10,  -10,  -10,  -37,  -67,  -67,
     -67,  -40,  -33,  -20,  -53,   20,    7,    7,    7,  -67,  -30,  -40,  -13,  -67,  -67,   -7,
     -47,  -10,  -33,  -47,  -33,  -77,    7,  -67,   20,    7,  -67,  -67,  -13,   -7,   -7,   -7,
      -7,   -3,  -13,   -7,  -33,  -80,  -67,  -53,    5,   -4,  -50,  -20,  -67,   -7,    7,  -67,
     -19,  -40,  -13,  -13,   -9,  -10,  -17,   -3,  -67,   -4,   -8,  -13,  -50,  -87,  -40,    7,
     -67,   -5,  -20,  -53,  -53,  -53,  -27,   -3,  -53,   -7,    7,  -47,  -17,  -13,   -2,   -2,
      -7,  -47,  -27,  -17,    7,  -47,  -23,  -10,   -7,  -53,  -17,   -1,   -7,  -17,  -11,  -16,
     -53,  -17,  -53,  -33,  -80,  -80,  -80,  -53,  -23,  -80,  -17,    7,   -7,  -67,  -53,  -53,
     -15,  -14,  -24,  -13,   -7,   -7,  -13,   -7,   -7,  -67,  -53,  -53,    7,  -80,   -3,   -3,
      -3,   -3,   -3,  -27,  -33,  -33,  -73,  -67,  -67,  -47,  -53,  -80,  -13,  -13,  -27,  -13,
     -33,  -40,  -27,  -27,  -53,  -61,   40,   -5,   -1,  -53,   -4,  -15,  -40,  -27,  -19,  -14,
     -23,    5,   13,  -13,  -43,   -7,  -19,   -7,  -35,  -20,   -7,   -8,   -4,   -8,   13,  -35,
     -43,   -7,  -17,  -33,  -32,  -15,  -10,  -11,  -26,   -7,  -33,  -13,  -10,  -13,  -13,  -13,
      -7,  -17,  -26,  -13,  -32,  -10,  -20,  -10,   -7,   -3,  -23,    3,  -10,  -23,  -20,   -7,
      20,   20,   11,  -30,  -13,   -7,   -7,  -23,  -27,   -3,   -7,   -7,   -2,   -7,  -23,  -30,
      -7,   20,   20,  -13,  -13,   40,   37,   33,   33,   33,   33,   27,  -13,    2,    7,    1,
       3,  -13,   33,  -13,   40,   33,   20,   27,   20,   27,   -3,  -10,   -7,   -3,  -10,  -20,
       7,   -7,   -5,  -10,  -10,  -20,  -20,  -17,  -27,   -3,  -17,  -20,  -20,  -20,  -20,   -7,
       3,  -20,   -7,  -13,  -27,  -15,   -3,  -13,   -3,   -3,   -3,  -13,  -15,   -3,  -13,  -17,
     -20,  -13,  -20,   -7,   -7,   -9,   -2,   -3,  -17,  -10,  -10,  -20,   -7,  -17,  -13,   20,
     -13,  -11,  -10,   -4,    1,   13,  -10,  -13,   13,  -47,  -76,  -13,  -20,   -7,  -10,  -20,
     -15,  -10,   -7,   13,   33,   33,  -20,  -20,  -15,   -7,   33,   33,   -3,  -30,   -3,   -3,
     -13,   -3,  -13,  -30,  -13,   -3,  -17,   -3,   13,  -17,   -3,  -20,   -7,   -7,  -10,   -7,
     -10,  -20,   -7,  -20,    4,  -27,  -27,  -13,    3,  -17,   -7,  -17,   -7,  -13,  -13,   -1,
     -14,  -10,   -7,   -3,   33,   33,  -13,   -8,  -17,   -7,  -13,   -7,  -20,  -27,  -27,  -13,
      -3,   -7,  -11,   -7,   -3,  -13,  -10,  -10,   -3,   33,   27,  -13,   -3,   -7,  -10,   -7,
      -2,   -1,   -7,  -10,   -3,  -13,  -27,   -4,  -20,   -3,   -3,  -27,   -4,  -13,  -22,  -10,
     -20,  -27,  -13,  -17,   -7,  -13,   -7,   -7,  -13,   -7,  -10,   -7,  -13,  -17,   -7,   -7,
      -7,   -7,   -7,  -27,   -7,   -7,   -7,   -7,  -27,  -33,  -33,  -17,  -67,  -67,  -67,  -47,
     -53,  -80,  -17,  -13,  -13,  -27,  -13,  -17,  -27,  -33,  -33,  -33,  -67,  -67,  -47,  -53,
     -80,  -13,  -13,  -27,  -13,   -4,  -27,  -20,  -20,   -8,   -4,    7,  -11,   -6,  -20,    7,
      -3,  -86,  -67,  -27,  -43,  -50,    5,  -10,  -10,  -13,  -36,   -7,    5,   -7,   10,   -3,
       9,   10,   -2,    7,   13,   17,  -13,  -43,    5,   -7,    5,   20,   33,   20,   33,    3,
     -17,  -13,   -8,  -32,  -15,  -10,  -11,  -26,   -7,   -3,  -23,  -13,  -12,  -13,  -15,  -13,
      -7,  -17,    7,  -26,  -13,  -32,  -10,  -20,  -10,  -13,  -19,  -13,  -10,  -10,  -20,  -20,
      -3,  -23,  -23,  -30,  -33,  -36,   -9,   -1,  -17,    7,  -13,  -13,  -23,  -20,   -3,   44,
      53,   23,   53,   -1,  -10,   -7,   -3,  -10,  -20,    7,   -7,   -5,  -10,  -10,  -40,   -7,
     -20,  -13,   -3,  -20,   -1,  -33,  -27,  -13,   -7,  -33,  -13,  -13,   -1,  -40,  -26,  -62,
     -36,  -23,  -39,  -33,   -7,  -13,  -16,   -3,  -26,   -7,  -33,    7,  -29,   -7,  -52,  -29,
     -26,  -26,   -7,   -7,  -90, -128,  -27,  -27,  -90,  -40,  -80,  -27,  -33,  -20,  -40,  -27,
     -50,  -80,  -27,  -27,  -50,  -50,  -67,  -27,  -33,  -50,  -27,   -5,  -33,  -20,  -27,  -27,
     -53,
};

static const EpdLigaturePair lexenddeca_20_bolditalicLigaturePairs[] = {
    { 0x00660069, 0xFB01 }, // f i -> U+FB01
    { 0x0066006C, 0xFB02 }, // f l -> U+FB02
};

static constexpr EpdFontData lexenddeca_20_bolditalic = {
    lexenddeca_20_bolditalicBitmaps,
    lexenddeca_20_bolditalicGlyphs,
    lexenddeca_20_bolditalicIntervals,
    76,
    52,
    42,
    -11,
    true,
    lexenddeca_20_bolditalicGroups,
    15,
    nullptr,
    nullptr,  // kernLeftClasses: built-in fonts use split arrays
    nullptr,  // kernRightClasses
    lexenddeca_20_bolditalicKernLeftCodepoints,
    lexenddeca_20_bolditalicKernLeftClassIds,
    lexenddeca_20_bolditalicKernRightCodepoints,
    lexenddeca_20_bolditalicKernRightClassIds,
    nullptr,  // kernMatrix: built-in fonts use sparse rows
    lexenddeca_20_bolditalicKernRowOffsets,
    lexenddeca_20_bolditalicKernSparseCols,
    lexenddeca_20_bolditalicKernSparseValues,
    413,
    415,
    96,
    80,
    lexenddeca_20_bolditalicLigaturePairs,
    2,
};
