/**
 * generated by fontconvert.py
 * name: lexenddeca_8_regular
 * size: 8
 * mode: 2-bit  compressed: true
 * Command used: fontconvert.py lexenddeca_8_regular 8 ../builtinFonts/source/LexendDeca/LexendDeca-Regular.ttf ../builtinFonts/source/ChareInk7/ChareInk7-Regular.ttf ../builtinFonts/source/NotoSymbols/NotoSansSymbols-Regular.ttf ../builtinFonts/source/NotoSansCJKsc/NotoSansCJKsc-Regular.otf --additional-intervals 0x03BB,0x03BB --additional-intervals 0x0410,0x0414 --additional-intervals 0x0418,0x0418 --additional-intervals 0x041B,0x041B --additional-intervals 0x041D,0x0423 --additional-intervals 0x0425,0x0425 --additional-intervals 0x0427,0x0427 --additional-intervals 0x042B,0x042C --additional-intervals 0x042E,0x0432 --additional-intervals 0x0434,0x0435 --additional-intervals 0x0437,0x0437 --additional-intervals 0x043A,0x043A --additional-intervals 0x043D,0x043E --additional-intervals 0x0440,0x0440 --additional-intervals 0x0442,0x0442 --additional-intervals 0x0446,0x0446 --additional-intervals 0x044C,0x044C --additional-intervals 0x044E,0x044E --additional-intervals 0x2113,0x2113 --additional-intervals 0x2669,0x266F --additional-intervals 0x4F1A,0x4F1A --additional-intervals 0x53BB,0x53BB --additional-intervals 0x5458,0x5458 --additional-intervals 0x59DA,0x59DA --additional-intervals 0x5B98,0x5B98 --additional-intervals 0x5BA4,0x5BA4 --additional-intervals 0x5E26,0x5E26 --additional-intervals 0x6211,0x6211 --additional-intervals 0x62C9,0x62C9 --additional-intervals 0x653E,0x653E --additional-intervals 0x6746,0x677F --additional-intervals 0x7532,0x7532 --additional-intervals 0x7684,0x7684 --additional-intervals 0x8BAE,0x8BAE --additional-intervals 0x8BF7,0x8BF7 --additional-intervals 0x91CA,0x91CA --font-include-intervals 1:0x03BB,0x03BB --font-include-intervals 1:0x0410,0x0414 --font-include-intervals 1:0x0418,0x0418 --font-include-intervals 1:0x041B,0x041B --font-include-intervals 1:0x041D,0x0423 --font-include-intervals 1:0x0425,0x0425 --font-include-intervals 1:0x0427,0x0427 --font-include-intervals 1:0x042B,0x042C --font-include-intervals 1:0x042E,0x0432 --font-include-intervals 1:0x0434,0x0435 --font-include-intervals 1:0x0437,0x0437 --font-include-intervals 1:0x043A,0x043A --font-include-intervals 1:0x043D,0x043E --font-include-intervals 1:0x0440,0x0440 --font-include-intervals 1:0x0442,0x0442 --font-include-intervals 1:0x0446,0x0446 --font-include-intervals 1:0x044C,0x044C --font-include-intervals 1:0x044E,0x044E --font-include-intervals 1:0x2113,0x2113 --font-include-intervals 2:0x2669,0x266F --font-include-intervals 3:0x4F1A,0x4F1A --font-include-intervals 3:0x53BB,0x53BB --font-include-intervals 3:0x5458,0x5458 --font-include-intervals 3:0x59DA,0x59DA --font-include-intervals 3:0x5B98,0x5B98 --font-include-intervals 3:0x5BA4,0x5BA4 --font-include-intervals 3:0x5E26,0x5E26 --font-include-intervals 3:0x6211,0x6211 --font-include-intervals 3:0x62C9,0x62C9 --font-include-intervals 3:0x653E,0x653E --font-include-intervals 3:0x6746,0x677F --font-include-intervals 3:0x7532,0x7532 --font-include-intervals 3:0x7684,0x7684 --font-include-intervals 3:0x8BAE,0x8BAE --font-include-intervals 3:0x8BF7,0x8BF7 --font-include-intervals 3:0x91CA,0x91CA --2bit --compress --pnum --darken-aa --zopfli
 */
#pragma once
#include "EpdFontData.h"

static const uint8_t lexenddeca_8_regularBitmaps[12221] = {
    0x7D, 0x96, 0x01, 0x84, 0x24, 0xD9, 0xFD, 0xC7, 0x3F, 0x55, 0x6F, 0x5D, 0x9D, 0x7D, 0xFF, 0x9B,
    0x37, 0x00, 0xB8, 0x9D, 0x5A, 0xFC, 0xC9, 0xB9, 0x6C, 0x77, 0xC3, 0xA0, 0xD9, 0x57, 0x5D, 0xC5,
    0x02, 0x10, 0x03, 0x1C, 0x90, 0x5B, 0x00, 0x60, 0x07, 0x2D, 0x79, 0xC9, 0xF5, 0x6C, 0x3D, 0x21,
    0x02, 0xC4, 0x01, 0x00, 0x37, 0x08, 0x22, 0x1B, 0x66, 0xD8, 0xC1, 0x88, 0xDE, 0xE9, 0x77, 0x09,
    0x82, 0x23, 0x57, 0x40, 0x10, 0x5C, 0xAD, 0x3B, 0x20, 0x62, 0x5F, 0x76, 0x8B, 0xD4, 0xDE, 0x76,
    0xF7, 0x4B, 0x55, 0xF7, 0x4C, 0xEC, 0xEC, 0x6E, 0xF2, 0x7E, 0x9F, 0x57, 0xF3, 0x7B, 0xBF, 0x51,
    0xBF, 0xAA, 0xFA, 0xFE, 0xBC, 0xDF, 0xEB, 0xB1, 0xEE, 0xC7, 0xF8, 0x23, 0x76, 0xB5, 0x66, 0x3C,
    0x1D, 0xFB, 0xA9, 0x3F, 0xAC, 0xEF, 0xDB, 0xC8, 0xD5, 0xB1, 0xAB, 0xC5, 0x97, 0x55, 0x1E, 0x96,
    0x3F, 0xFC, 0xFB, 0x77, 0xC9, 0x3D, 0x97, 0x08, 0x9B, 0x7E, 0xF2, 0xF9, 0x22, 0x78, 0x25, 0xD9,
    0x91, 0xDC, 0x52, 0x00, 0x8C, 0x89, 0xD7, 0xA8, 0xE0, 0x86, 0x77, 0xDD, 0x60, 0xCC, 0xC8, 0xA0,
    0x96, 0xC4, 0xC1, 0xF2, 0xAA, 0xE2, 0x79, 0xAD, 0x9F, 0x77, 0xB7, 0x3B, 0x19, 0xC0, 0xC3, 0x31,
    0xCA, 0xDE, 0x62, 0x52, 0x69, 0x0E, 0xFD, 0x29, 0x87, 0xFF, 0xAC, 0xD9, 0xFF, 0xD6, 0x91, 0x7F,
    0x05, 0x37, 0xF7, 0xF2, 0x02, 0xFD, 0xC2, 0x71, 0xFA, 0xD4, 0x45, 0xF5, 0x53, 0x27, 0xDC, 0x0B,
    0x27, 0xE9, 0x62, 0x00, 0x17, 0x88, 0xE0, 0xBA, 0xF7, 0x10, 0x0E, 0x51, 0xA1, 0x3C, 0x93, 0xF9,
    0xFF, 0xEB, 0xD1, 0x58, 0xCB, 0x46, 0x0B, 0x3F, 0x7A, 0xD4, 0x26, 0xEB, 0x09, 0x30, 0x1E, 0x4F,
    0x0F, 0xEF, 0x63, 0x45, 0x2D, 0xED, 0x1E, 0x9A, 0x31, 0x86, 0x69, 0x67, 0x63, 0x34, 0x03, 0x14,
    0xC2, 0x51, 0xC1, 0x6D, 0x66, 0xA4, 0xC8, 0x42, 0xB8, 0xD8, 0x45, 0x55, 0x54, 0x47, 0x75, 0xDC,
    0xA5, 0x4D, 0xAC, 0x22, 0x63, 0x0A, 0xBC, 0xC7, 0x0F, 0xEE, 0xE7, 0xF5, 0xA8, 0xBA, 0x7B, 0x9C,
    0x40, 0x0D, 0xBE, 0xE7, 0xE3, 0xEF, 0x6D, 0x19, 0x1C, 0x9E, 0x4B, 0x0E, 0x18, 0x8C, 0x76, 0x6E,
    0xED, 0xE7, 0x75, 0xEE, 0xD9, 0x68, 0x86, 0xB0, 0xC8, 0x02, 0x05, 0x03, 0xD0, 0x70, 0x06, 0x9E,
    0xB8, 0x42, 0xB8, 0xCB, 0xF0, 0x2D, 0xD0, 0x30, 0x85, 0x5D, 0x88, 0x5B, 0x54, 0x60, 0x28, 0xAD,
    0x16, 0x4E, 0xC7, 0x95, 0xD9, 0x30, 0x8E, 0xAB, 0x6E, 0x99, 0x09, 0xA7, 0x4E, 0x8A, 0x64, 0x05,
    0x90, 0x14, 0xB9, 0x2D, 0xAD, 0xBC, 0x66, 0x79, 0x53, 0x36, 0x71, 0x4B, 0x1A, 0xC8, 0x14, 0x63,
    0xB5, 0x49, 0x3D, 0x82, 0x19, 0x51, 0xB3, 0x51, 0xA6, 0x20, 0x0F, 0xB6, 0x67, 0x4D, 0x47, 0x1F,
    0xF7, 0x24, 0x15, 0x6A, 0xC9, 0xCD, 0x07, 0xA0, 0x40, 0x16, 0x53, 0xC5, 0xE4, 0x82, 0xB4, 0x05,
    0x60, 0x07, 0x26, 0x70, 0x41, 0xB4, 0x26, 0xF9, 0x0B, 0x6A, 0x87, 0x6C, 0x87, 0x32, 0xD4, 0x79,
    0xA8, 0xD9, 0x61, 0x8B, 0x0A, 0xA4, 0x81, 0x3B, 0xF4, 0x4C, 0x9A, 0x3E, 0xED, 0x0D, 0x05, 0xD2,
    0x92, 0xD8, 0x7D, 0x55, 0xE4, 0x0B, 0xD4, 0x36, 0x95, 0x47, 0x54, 0x24, 0x0E, 0x55, 0x90, 0xAE,
    0xE8, 0xE2, 0x5A, 0x5A, 0x23, 0x5C, 0x87, 0x96, 0xC5, 0x28, 0x90, 0xB4, 0x84, 0x55, 0x58, 0xA1,
    0x31, 0x78, 0x7C, 0xAF, 0xBA, 0x2C, 0x14, 0x43, 0x34, 0xF1, 0x77, 0xA8, 0x35, 0x13, 0x55, 0xE8,
    0xC4, 0x0E, 0x55, 0xD1, 0xF9, 0x69, 0x40, 0x6F, 0xF5, 0x49, 0xDC, 0x28, 0x20, 0xB7, 0x82, 0xB4,
    0x8C, 0xD6, 0x68, 0x55, 0x9C, 0x4B, 0xDB, 0x31, 0x53, 0x36, 0x0F, 0xC8, 0x00, 0x19, 0x68, 0x68,
    0xC0, 0x6F, 0x8B, 0xC1, 0xE6, 0xCF, 0x8D, 0x2C, 0x03, 0x40, 0x4F, 0x76, 0xEE, 0xEC, 0x03, 0x83,
    0xB8, 0x4D, 0x5D, 0x46, 0x8E, 0xAC, 0x79, 0xC2, 0xFF, 0x41, 0xAF, 0xD5, 0xC7, 0xBF, 0x2B, 0xB6,
    0x4E, 0x07, 0xB4, 0x94, 0x45, 0xE2, 0x99, 0x47, 0x4B, 0x55, 0x5D, 0x70, 0x8C, 0xAC, 0xF3, 0xE5,
    0xF9, 0x68, 0x57, 0x91, 0x32, 0x17, 0x5E, 0xB8, 0xB8, 0x88, 0x48, 0x5C, 0xE2, 0x00, 0xB9, 0x2E,
    0x58, 0x3C, 0xF2, 0xA2, 0xC6, 0xA8, 0xF8, 0x97, 0x77, 0x3E, 0x4C, 0xC3, 0x07, 0xBA, 0x7B, 0xD2,
    0xFE, 0xD9, 0xE0, 0x83, 0x43, 0x7F, 0xE7, 0xC3, 0x43, 0xAF, 0xF5, 0xE1, 0x1F, 0x56, 0xA7, 0xE3,
    0xFC, 0x53, 0xA7, 0x01, 0xC5, 0xFB, 0x24, 0x61, 0x09, 0x0F, 0x3E, 0x87, 0x31, 0x3C, 0x81, 0x35,
    0xD1, 0x33, 0xC4, 0x57, 0x85, 0xF8, 0x93, 0x93, 0xF7, 0x9C, 0x0A, 0x75, 0x1A, 0xFC, 0x80, 0x46,
    0x33, 0x3B, 0x47, 0x97, 0x2F, 0x29, 0x83, 0x35, 0xD2, 0xF5, 0x12, 0x26, 0xAE, 0x0C, 0xDD, 0xB2,
    0xF3, 0x2B, 0x13, 0xD5, 0x26, 0xAE, 0xCB, 0xD0, 0x47, 0x58, 0x58, 0x11, 0xBC, 0xFA, 0xB2, 0x1D,
    0xB2, 0xAB, 0xA1, 0x63, 0x06, 0x1A, 0x32, 0x48, 0x8B, 0xDB, 0x32, 0x34, 0x71, 0xA8, 0x80, 0x4D,
    0xAA, 0x2E, 0x49, 0x6D, 0xF0, 0x86, 0x73, 0xC3, 0xCC, 0xA0, 0x0D, 0xC6, 0xD0, 0x98, 0xD8, 0xF7,
    0xA9, 0xD6, 0x94, 0xA1, 0x0C, 0x86, 0xDE, 0xCA, 0x65, 0xB9, 0xBC, 0xF4, 0x42, 0x6F, 0x94, 0xA1,
    0x30, 0xB0, 0xA5, 0x5C, 0x51, 0xAE, 0x31, 0x5C, 0x83, 0x07, 0x16, 0x11, 0x5A, 0x54, 0x35, 0x67,
    0x08, 0xE8, 0xAB, 0x99, 0x04, 0xB4, 0x08, 0x64, 0x28, 0xD2, 0x62, 0x42, 0xF2, 0x6A, 0x49, 0x14,
    0x6A, 0x00, 0xA6, 0x9C, 0x1A, 0xFC, 0x7F, 0x28, 0x43, 0x8F, 0xE1, 0x1A, 0x8B, 0x3A, 0x78, 0xC5,
    0x75, 0xEB, 0x63, 0xDD, 0x85, 0xE0, 0x51, 0xBC, 0xCD, 0x58, 0x91, 0x5F, 0xA0, 0x5A, 0x80, 0x29,
    0xBE, 0xD7, 0x4B, 0x15, 0x26, 0xC3, 0x34, 0x7C, 0xE6, 0x29, 0x5B, 0x8E, 0x3A, 0x3F, 0x65, 0x23,
    0x6B, 0x6D, 0x68, 0xA6, 0x98, 0xB7, 0x6C, 0x2B, 0xC5, 0xCE, 0x8C, 0xBC, 0xA4, 0x2C, 0x8B, 0xF0,
    0xD9, 0x1F, 0x9F, 0xFD, 0xFC, 0xDB, 0xAF, 0x4D, 0x50, 0x66, 0xA2, 0xCC, 0x47, 0xCA, 0x70, 0xC9,
    0x94, 0xF1, 0x0C, 0x53, 0x76, 0x38, 0xF3, 0xD3, 0xCA, 0x4C, 0xBD, 0x31, 0xB3, 0xB1, 0x19, 0x8E,
    0x8D, 0x3A, 0x37, 0xA2, 0x35, 0x51, 0x6B, 0x38, 0x67, 0x61, 0x49, 0x42, 0x83, 0xB2, 0x73, 0x26,
    0x8C, 0xD0, 0xA8, 0x7E, 0x16, 0x33, 0x64, 0xD1, 0xFB, 0x19, 0x29, 0x69, 0x91, 0x21, 0x5F, 0xB5,
    0x44, 0xA1, 0x02, 0xA0, 0x6C, 0x29, 0x03, 0x46, 0x5D, 0x6E, 0x9E, 0x9F, 0x7D, 0x6A, 0xBB, 0xE5,
    0xC3, 0xDF, 0x5C, 0x93, 0xFC, 0x7F, 0xE6, 0xBD, 0xA9, 0xC8, 0xD4, 0x17, 0xA4, 0xF7, 0x56, 0x97,
    0x79, 0x97, 0xC0, 0x04, 0x78, 0x7F, 0x9B, 0xBB, 0xD8, 0x7C, 0x7E, 0xD5, 0x93, 0xB8, 0x6E, 0xF9,
    0xF0, 0x09, 0x66, 0x44, 0x2F, 0x54, 0xD2, 0xCB, 0x02, 0x57, 0xDD, 0x5C, 0xB8, 0x01, 0x8C, 0x40,
    0xB5, 0x9B, 0x6E, 0x2E, 0x2B, 0xE2, 0x5A, 0xC7, 0x55, 0x7E, 0xE2, 0x64, 0x00, 0x28, 0x83, 0x5B,
    0x04, 0x17, 0x79, 0xF8, 0xEF, 0x1C, 0x72, 0x7C, 0x86, 0x7F, 0x9B, 0x73, 0x7C, 0x26, 0xEA, 0x51,
    0x70, 0xC9, 0x1A, 0xC0, 0x30, 0xD0, 0xE8, 0x8C, 0x79, 0x4A, 0xA3, 0xF0, 0xF2, 0x17, 0x75, 0xB7,
    0x2B, 0xC4, 0x5F, 0x5D, 0xF4, 0xAA, 0x20, 0xC0, 0x05, 0x68, 0xA6, 0x20, 0x99, 0x81, 0x42, 0xC7,
    0x6E, 0xC8, 0x40, 0xD4, 0x19, 0x7B, 0x89, 0xD7, 0x28, 0x75, 0x66, 0x50, 0x3F, 0xD2, 0x67, 0x24,
    0xBF, 0xD7, 0x1E, 0xB1, 0x4C, 0x6B, 0x44, 0xA3, 0x2A, 0x22, 0x2F, 0x1D, 0xD4, 0xC2, 0x31, 0xC3,
    0x4C, 0xF0, 0xEA, 0x5E, 0x95, 0xFC, 0xD9, 0xC5, 0x01, 0x56, 0xB0, 0xA4, 0x73, 0xC4, 0xD7, 0xB6,
    0x0B, 0x0E, 0x23, 0x3F, 0x63, 0x7E, 0x8E, 0xD1, 0xF8, 0x34, 0xAE, 0xE5, 0xAF, 0x9C, 0xF8, 0x86,
    0x68, 0x0D, 0x73, 0x30, 0xD7, 0x58, 0x04, 0xBB, 0x08, 0x0E, 0x55, 0x30, 0x81, 0xF9, 0x65, 0xD3,
    0x93, 0x96, 0x14, 0x34, 0x84, 0xE0, 0x3A, 0x16, 0x36, 0x58, 0xCF, 0xBB, 0x2D, 0x38, 0x18, 0x83,
    0x86, 0x1D, 0x50, 0x20, 0x2C, 0xC2, 0x41, 0x0D, 0xFE, 0xEA, 0x1F, 0x7B, 0xA0, 0x20, 0xB1, 0xC4,
    0x6E, 0x51, 0x2C, 0xAC, 0x78, 0xA7, 0x25, 0x36, 0x58, 0x00, 0xA2, 0xFE, 0x7B, 0x91, 0x47, 0x28,
    0x45, 0xB6, 0x69, 0xB8, 0x79, 0x68, 0x3B, 0xD8, 0x3F, 0xBA, 0x99, 0xBC, 0xAC, 0xD2, 0x50, 0x65,
    0x62, 0x73, 0xC2, 0x44, 0xFD, 0x55, 0x8B, 0x6A, 0x74, 0x52, 0xC9, 0xEF, 0x2B, 0xE0, 0x00, 0xFC,
    0x15, 0x2F, 0x5A, 0x42, 0xA0, 0x95, 0xD6, 0x0B, 0xB7, 0xA5, 0xF3, 0xC3, 0x09, 0xFF, 0x5A, 0x02,
    0x88, 0x15, 0x69, 0x28, 0xB4, 0xC0, 0xC0, 0x14, 0x0C, 0xE8, 0x98, 0xD1, 0x49, 0xB1, 0xED, 0xCA,
    0x50, 0x10, 0xD5, 0x5B, 0x92, 0x97, 0x75, 0xFA, 0xAC, 0xD6, 0xA2, 0xEF, 0x51, 0x26, 0xEA, 0xE8,
    0xFD, 0xD1, 0x17, 0xB5, 0x5C, 0xD7, 0x80, 0x58, 0x6E, 0xF3, 0xB8, 0xA3, 0x4F, 0x5C, 0xDF, 0x91,
    0x40, 0xC3, 0xE8, 0x91, 0x4D, 0x02, 0x00, 0x07, 0x49, 0xA3, 0x8E, 0x15, 0xA3, 0xE3, 0xF2, 0x8D,
    0x6D, 0x2F, 0xDA, 0xBE, 0x35, 0x66, 0xC2, 0xCF, 0x22, 0x6F, 0xE8, 0xE9, 0x4F, 0xFD, 0x13, 0x2F,
    0x57, 0xFD, 0x33, 0x6F, 0x88, 0x4A, 0x05, 0xFB, 0xDE, 0x8A, 0x03, 0xFC, 0xC6, 0x5E, 0xB4, 0x61,
    0xD5, 0x2A, 0xFF, 0x9A, 0x9D, 0xB5, 0xBB, 0x9C, 0x9E, 0x5D, 0x0E, 0x59, 0x28, 0x1B, 0x01, 0xF2,
    0x2D, 0x53, 0xA4, 0x1C, 0xB1, 0x7B, 0x4D, 0x19, 0x3F, 0xC4, 0xCF, 0x79, 0xEE, 0x79, 0xE5, 0xD8,
    0xFE, 0xA2, 0xF1, 0x0D, 0x7E, 0x86, 0x4F, 0x39, 0xF0, 0xAF, 0x8D, 0xC7, 0x4D, 0x49, 0x58, 0x07,
    0xD7, 0x8E, 0x84, 0xF3, 0x7B, 0x71, 0xF5, 0xAE, 0xF9, 0xF8, 0xAD, 0x17, 0xDB, 0x28, 0x6B, 0x33,
    0xE1, 0x7A, 0xB1, 0xD8, 0xEA, 0x55, 0xA5, 0x27, 0x76, 0xBB, 0x29, 0x1E, 0x6F, 0xAA, 0xB2, 0x7C,
    0xA3, 0x2A, 0x8B, 0xBE, 0x2A, 0x9E, 0x4B, 0x4E, 0x61, 0x5B, 0x66, 0xBD, 0x29, 0xF3, 0xF4, 0xF5,
    0x32, 0xAF, 0x2B, 0xE2, 0x2B, 0xA2, 0xEA, 0x71, 0x1D, 0xAA, 0x25, 0xFE, 0x35, 0x93, 0xCD, 0x64,
    0xAE, 0x6F, 0x4C, 0x48, 0x9B, 0x68, 0xCE, 0x20, 0x9B, 0x8D, 0x1A, 0xB6, 0x4D, 0xD6, 0x2F, 0xDE,
    0xA8, 0xC0, 0xA9, 0xF4, 0xEA, 0xCA, 0x1A, 0x75, 0xB1, 0x18, 0x7D, 0x03, 0xD3, 0xD8, 0xE9, 0xCD,
    0xD9, 0xBE, 0xA7, 0x50, 0x03, 0xE4, 0x0C, 0xD1, 0x12, 0x7B, 0xA8, 0x39, 0x45, 0x38, 0x73, 0x43,
    0x58, 0xBD, 0x27, 0x8B, 0x3B, 0xB9, 0x62, 0xEF, 0xEE, 0xAF, 0x51, 0x8F, 0xFF, 0x81, 0x7C, 0xBA,
    0x44, 0xB8, 0xB6, 0x9B, 0xA7, 0x98, 0xC4, 0x4E, 0x14, 0x2A, 0x23, 0xD9, 0xDC, 0x25, 0x5A, 0xD4,
    0x11, 0x43, 0xC5, 0x2C, 0x71, 0xA7, 0x71, 0x65, 0x36, 0x27, 0xFF, 0x50, 0x16, 0x4A, 0x21, 0x7F,
    0x8C, 0x58, 0x22, 0x5A, 0xA2, 0x06, 0x3C, 0x51, 0x8D, 0x70, 0x08, 0x4B, 0xBE, 0xCC, 0x97, 0x18,
    0xBC, 0x70, 0xAA, 0x18, 0x32, 0xF9, 0x6D, 0xBE, 0xE2, 0x76, 0xD4, 0x08, 0x77, 0xB5, 0x43, 0x1E,
    0x32, 0x62, 0xEB, 0x77, 0xB1, 0x8A, 0x06, 0x0E, 0xFC, 0xF5, 0x51, 0xDC, 0x67, 0x86, 0xBA, 0x34,
    0x89, 0xF0, 0xA2, 0xBE, 0x5A, 0xED, 0x31, 0x07, 0x20, 0xFF, 0xDB, 0x4F, 0xD6, 0xBB, 0xFC, 0x1B,
    0x9D, 0x96, 0x41, 0x8C, 0x5B, 0x47, 0x19, 0xC7, 0x7F, 0xF3, 0xC6, 0xDD, 0x57, 0xF2, 0xBA, 0x1E,
    0x1F, 0x5A, 0x09, 0x41, 0xE2, 0xD7, 0x43, 0x0E, 0x15, 0xEC, 0xEE, 0x2B, 0x52, 0x50, 0x7D, 0x78,
    0xCF, 0x6F, 0xA2, 0xDC, 0x38, 0xD0, 0x5C, 0x10, 0xB7, 0xB6, 0x77, 0x04, 0x44, 0xB0, 0x52, 0x1F,
    0x95, 0x83, 0x07, 0x71, 0xE0, 0x82, 0x54, 0xB8, 0x1F, 0xBA, 0x52, 0x39, 0xA0, 0x72, 0xC8, 0x4A,
    0x71, 0xC4, 0x22, 0x6D, 0xE3, 0x89, 0x38, 0xF4, 0xD0, 0x43, 0x5F, 0x4F, 0x48, 0x20, 0xD1, 0x49,
    0x41, 0x20, 0x00, 0x25, 0x83, 0x6A, 0xC0, 0x4D, 0xBC, 0x1E, 0x9E, 0x93, 0x55, 0x9C, 0x96, 0xDD,
    0xAE, 0x93, 0xF9, 0xFE, 0x6F, 0x34, 0x9E, 0xEF, 0xF7, 0xCD, 0x37, 0xFE, 0x66, 0x64, 0x3F, 0xF2,
    0xC1, 0x59, 0xCE, 0xF6, 0x7A, 0x79, 0xD3, 0x7A, 0x38, 0xF0, 0x24, 0x81, 0xEC, 0x1F, 0x3A, 0xBF,
    0x49, 0xE5, 0xD8, 0x76, 0xF4, 0x1C, 0xFD, 0xBF, 0xA2, 0x02, 0xD1, 0x14, 0x1C, 0x62, 0x4E, 0x1C,
    0x8C, 0x12, 0xB4, 0x41, 0xC1, 0x70, 0x4E, 0xF6, 0x37, 0x62, 0x83, 0x34, 0xC4, 0x9A, 0xEC, 0xCF,
    0xA6, 0x1F, 0x1C, 0x4F, 0xF0, 0xF4, 0x1A, 0x65, 0x20, 0xBD, 0x4E, 0xB7, 0xDD, 0x68, 0x31, 0x28,
    0x03, 0x2D, 0xD8, 0xA3, 0xCA, 0xF1, 0x69, 0xE4, 0x92, 0x9F, 0x58, 0xF9, 0xC1, 0x62, 0x35, 0x71,
    0xA0, 0x93, 0x50, 0xF3, 0xF6, 0xA2, 0x5F, 0x9B, 0x1B, 0x2A, 0x2E, 0xFA, 0x7B, 0xED, 0xE2, 0x83,
    0x41, 0x34, 0x45, 0x05, 0xCE, 0xB4, 0xD8, 0x02, 0xE5, 0xC8, 0xE6, 0xE4, 0x99, 0xC9, 0xA5, 0x29,
    0xDF, 0xD0, 0xC9, 0x1C, 0x32, 0x3A, 0x8A, 0xFE, 0x77, 0x49, 0x67, 0xA0, 0xD9, 0xF6, 0xBF, 0xF1,
    0x1D, 0xCD, 0xD8, 0x10, 0xFF, 0x7D, 0x42, 0xFB, 0x89, 0x4D, 0xF2, 0xF1, 0xBB, 0x7C, 0xE5, 0xE6,
    0x05, 0xFD, 0x7D, 0x2B, 0xCD, 0xD5, 0xE6, 0xF9, 0x5E, 0x2D, 0x75, 0x2F, 0xBC, 0xC3, 0xE6, 0x17,
    0x5E, 0x22, 0xF9, 0xF9, 0x1E, 0x22, 0xD4, 0x00, 0x40, 0xE9, 0xAE, 0x39, 0xDF, 0xD8, 0xD0, 0x7D,
    0x5E, 0x7F, 0xEE, 0xC9, 0x6E, 0x9E, 0x8F, 0x76, 0x7D, 0xE5, 0x37, 0xF3, 0xF6, 0x3A, 0x94, 0x61,
    0xD2, 0x08, 0x46, 0x1C, 0x8A, 0xD8, 0xB1, 0xF5, 0x6D, 0x5E, 0xBD, 0xCB, 0x9B, 0x57, 0x79, 0xF3,
    0x4F, 0xBC, 0xF0, 0x2D, 0xB6, 0xF6, 0x59, 0x73, 0x0C, 0xDD, 0x33, 0x5A, 0x99, 0xC2, 0x3F, 0x7F,
    0xE9, 0xDC, 0x6E, 0x56, 0x0B, 0xF0, 0x0B, 0x3D, 0xF3, 0x6F, 0x5D, 0x06, 0xDB, 0xF4, 0x78, 0xD8,
    0xE1, 0x4B, 0x6F, 0x99, 0xE6, 0x23, 0x00, 0x99, 0x7E, 0xC1, 0x4A, 0xA3, 0xC8, 0x29, 0x6D, 0x66,
    0xBE, 0xA8, 0x53, 0x12, 0x1B, 0xD9, 0xD2, 0x00, 0xEB, 0xFD, 0x4B, 0xBB, 0x6D, 0xBF, 0xB4, 0xEE,
    0xC1, 0xF5, 0xF0, 0x47, 0x8F, 0x67, 0x87, 0x28, 0xF8, 0xB4, 0xD9, 0x92, 0x1F, 0x3D, 0x50, 0xEA,
    0x47, 0xC2, 0x8F, 0x78, 0x48, 0x9D, 0x3C, 0xA7, 0xD5, 0xEB, 0xAB, 0x01, 0x67, 0x8A, 0xF5, 0xA6,
    0x91, 0xE9, 0xD7, 0x6A, 0xEF, 0x76, 0x5D, 0x69, 0x4F, 0xF1, 0xFC, 0x2B, 0xF9, 0x76, 0x77, 0x23,
    0x79, 0x51, 0x6D, 0xE6, 0xBD, 0x73, 0xBB, 0xB0, 0xCE, 0x06, 0x7D, 0x7A, 0xB4, 0xF1, 0xB4, 0x23,
    0x4B, 0x5B, 0x1A, 0xDA, 0x0A, 0xD8, 0x68, 0x43, 0xAF, 0x0F, 0xFE, 0x3A, 0xD1, 0x8D, 0xDB, 0x5A,
    0x9A, 0xA0, 0x15, 0x6D, 0x00, 0xD6, 0x39, 0xCD, 0x32, 0xA6, 0x5E, 0xC6, 0x6C, 0x96, 0xD0, 0xFB,
    0xB5, 0xC1, 0xC7, 0x3A, 0xAA, 0xBB, 0x48, 0xD3, 0x43, 0x31, 0x34, 0xC3, 0x86, 0xEF, 0x92, 0x53,
    0xE0, 0xF9, 0xF2, 0xF9, 0x1A, 0x79, 0xC1, 0x32, 0x56, 0xC0, 0x99, 0x36, 0xE4, 0xF7, 0x73, 0x88,
    0xF7, 0x9B, 0x1C, 0x76, 0x99, 0x03, 0x22, 0x27, 0x1D, 0x06, 0x13, 0xD9, 0xA4, 0x2E, 0xF5, 0x80,
    0x11, 0x7B, 0xDD, 0xF2, 0x20, 0x71, 0x00, 0x1E, 0xDE, 0x06, 0xA0, 0xC7, 0x62, 0x30, 0x47, 0xDC,
    0x46, 0xBE, 0xAB, 0xE5, 0x6F, 0x6D, 0x72, 0xC1, 0xAA, 0xE0, 0xD2, 0xE0, 0x37, 0x99, 0xE4, 0x0C,
    0xF6, 0xC8, 0x01, 0xD2, 0x47, 0xE1, 0x07, 0x44, 0xB7, 0x41, 0xAC, 0x04, 0x8B, 0xBF, 0x18, 0x19,
    0xB4, 0x60, 0x25, 0x38, 0x7A, 0x47, 0xCB, 0x3F, 0x58, 0xCE, 0xAF, 0xBA, 0x0D, 0x7E, 0x0F, 0xB7,
    0x60, 0xB0, 0x02, 0x4C, 0x98, 0x12, 0x85, 0x19, 0xB1, 0x03, 0xE5, 0xA0, 0x70, 0x70, 0x2D, 0x78,
    0xFE, 0x15, 0xBC, 0xBC, 0xE1, 0x48, 0x82, 0x23, 0x7D, 0xCB, 0x91, 0x8B, 0x3B, 0xBF, 0x1C, 0x89,
    0x86, 0x1B, 0x1B, 0x19, 0xBC, 0xBA, 0x31, 0xDD, 0xA2, 0x93, 0x43, 0xA3, 0x01, 0xE4, 0x50, 0x40,
    0xAA, 0x9F, 0x4D, 0xC2, 0x24, 0x0A, 0x35, 0x3D, 0xE8, 0x83, 0x82, 0xCB, 0x00, 0x10, 0x9B, 0xC8,
    0xD3, 0x19, 0x86, 0x61, 0xA8, 0x58, 0xD8, 0x70, 0x36, 0x9C, 0x1D, 0x8E, 0x9A, 0x39, 0x60, 0x24,
    0x9D, 0xE0, 0x38, 0x7F, 0xE4, 0xD4, 0x7E, 0xAB, 0x75, 0x9C, 0xB7, 0xBD, 0x91, 0x16, 0xC7, 0x7B,
    0xA1, 0x20, 0x33, 0x30, 0x76, 0xC1, 0x2B, 0x3E, 0x69, 0x8B, 0x39, 0x90, 0x36, 0xFD, 0x0C, 0x7F,
    0xCA, 0xB0, 0x3E, 0xDE, 0xBB, 0xEB, 0xFE, 0xE3, 0x3B, 0xFA, 0xD8, 0xD8, 0xB9, 0x4E, 0x83, 0xEF,
    0x8A, 0x69, 0x97, 0xBC, 0xCB, 0x56, 0x69, 0xD2, 0xB2, 0x56, 0x5D, 0xBA, 0x5D, 0x8A, 0x2E, 0xFB,
    0x69, 0x03, 0x04, 0x23, 0x3E, 0xD4, 0x32, 0x20, 0x60, 0x9B, 0xDE, 0x80, 0x6A, 0xD8, 0xC8, 0x56,
    0xAF, 0xD6, 0xD5, 0xB6, 0xAF, 0xAA, 0x41, 0xAF, 0xDA, 0xEA, 0x55, 0x6A, 0xAF, 0x92, 0xD3, 0x4A,
    0x4C, 0x2B, 0xF6, 0x00, 0xA8, 0x80, 0x0C, 0x10, 0xC0, 0xD8, 0x10, 0x87, 0x09, 0xCA, 0xEC, 0xD3,
    0x27, 0x23, 0x47, 0x2D, 0x1E, 0x3D, 0x20, 0xD1, 0x8B, 0x71, 0x41, 0x4A, 0xAA, 0x0B, 0x92, 0xBB,
    0x53, 0x96, 0x3F, 0x5A, 0x40, 0x62, 0xA0, 0xD4, 0xD0, 0x79, 0xCC, 0x35, 0xB6, 0x80, 0xBB, 0x16,
    0xB4, 0x7E, 0xBC, 0xF8, 0xBD, 0x1A, 0x71, 0xDB, 0x02, 0x8F, 0x99, 0xFF, 0x43, 0x8B, 0xF8, 0xA8,
    0x7E, 0xFC, 0xFC, 0x9C, 0x3B, 0x5D, 0x0C, 0x94, 0x8F, 0x5D, 0x3A, 0xC9, 0x8B, 0x67, 0x9F, 0x04,
    0x60, 0xFC, 0x3A, 0x71, 0x98, 0xA1, 0xCC, 0x8C, 0xBE, 0x08, 0xE4, 0xF1, 0x7B, 0xE4, 0x4A, 0x31,
    0xC8, 0x95, 0xCE, 0x47, 0x8A, 0x7E, 0x9D, 0x92, 0x9A, 0x02, 0xD5, 0xAC, 0x53, 0x2C, 0x6B, 0x19,
    0xD5, 0x88, 0x19, 0xB4, 0xB8, 0xC4, 0xCE, 0x08, 0xFF, 0xFF, 0xDA, 0xC3, 0x17, 0xD2, 0x65, 0xC1,
    0xC6, 0x73, 0x0E, 0x5B, 0x8E, 0x98, 0x82, 0x5E, 0x39, 0x64, 0x82, 0xBC, 0x85, 0x60, 0x55, 0x3E,
    0x7E, 0x11, 0xF5, 0x06, 0xE2, 0x91, 0xB6, 0xB4, 0x05, 0x1F, 0x83, 0x3E, 0xE2, 0xEF, 0x96, 0x7D,
    0xA8, 0x3E, 0xA1, 0x6D, 0xA8, 0xE0, 0x87, 0xBF, 0x60, 0x18, 0xF8, 0xC1, 0xCB, 0xA6, 0x92, 0x76,
    0x21, 0x65, 0x86, 0x81, 0xE1, 0xF4, 0x90, 0xE2, 0x69, 0xA2, 0xA0, 0xE3, 0xDF, 0x59, 0x15, 0xD5,
    0xA9, 0xB4, 0x43, 0x45, 0xAA, 0xAC, 0x12, 0x5E, 0x31, 0x52, 0x6C, 0x2F, 0xF4, 0x55, 0xAF, 0x4A,
    0x0B, 0x00, 0x58, 0x22, 0x0F, 0x67, 0x01, 0xE2, 0x8F, 0xEB, 0x34, 0xD4, 0x85, 0xAC, 0xAB, 0xA8,
    0xAE, 0xC4, 0xA2, 0xCF, 0x65, 0x9D, 0x5D, 0xA9, 0x93, 0x3B, 0x0F, 0x8E, 0x0E, 0xA6, 0x60, 0x57,
    0x80, 0x77, 0x88, 0x66, 0xC8, 0xAF, 0xAD, 0x40, 0xFE, 0x08, 0x19, 0x58, 0xDB, 0x38, 0x99, 0x8C,
    0x5F, 0x27, 0x79, 0x0F, 0xD1, 0x5A, 0x29, 0xBB, 0xF8, 0x27, 0xD1, 0x4F, 0x61, 0x7A, 0x32, 0x9C,
    0x4C, 0xC7, 0xBA, 0x0C, 0xA1, 0x3E, 0xAB, 0x8C, 0x17, 0x2F, 0x7F, 0x63, 0x92, 0x85, 0x30, 0xC9,
    0x15, 0x6C, 0x2B, 0x43, 0x31, 0xBE, 0xE3, 0x33, 0x1F, 0x6A, 0x00, 0x79, 0x40, 0x1A, 0x74, 0x2E,
    0xA9, 0x38, 0x3C, 0x86, 0x3C, 0x22, 0xBB, 0xA2, 0x93, 0x03, 0xA8, 0x11, 0x13, 0xE8, 0x11, 0x79,
    0x00, 0x40, 0xDC, 0x2F, 0xEB, 0x39, 0x00, 0x39, 0xBB, 0x1F, 0x68, 0x2F, 0x7F, 0xD3, 0x0E, 0x83,
    0x5D, 0x04, 0x42, 0xF6, 0x2B, 0x13, 0x07, 0x1E, 0x2E, 0xAB, 0x30, 0x2B, 0xC0, 0x3B, 0x0B, 0x20,
    0x3E, 0x75, 0x32, 0x19, 0x7F, 0x9D, 0x64, 0x71, 0x11, 0x4F, 0x26, 0xE1, 0x39, 0x32, 0x24, 0x90,
    0xA0, 0x3E, 0x65, 0x3C, 0x75, 0x79, 0x87, 0x8D, 0xFC, 0xB0, 0x9D, 0xA2, 0xB4, 0xAF, 0xFC, 0xEC,
    0x28, 0xEE, 0x9A, 0xBB, 0xE3, 0x3B, 0xFA, 0x28, 0x0F, 0x20, 0x6F, 0x12, 0x05, 0x9D, 0xDC, 0x62,
    0x2D, 0xA0, 0x82, 0x29, 0x12, 0xDB, 0x93, 0x76, 0xFB, 0xDE, 0xCD, 0xCD, 0x63, 0x93, 0x5E, 0x21,
    0x9E, 0x01, 0x44, 0x2D, 0x35, 0x7B, 0x6A, 0x04, 0x57, 0xA7, 0xE1, 0x60, 0xAA, 0xFC, 0x43, 0xF6,
    0xE9, 0x7A, 0x2E, 0x0E, 0xC2, 0x14, 0xCD, 0x02, 0xC2, 0x55, 0xB8, 0xA6, 0xCF, 0x65, 0x9D, 0x5E,
    0x31, 0xF1, 0xFC, 0x88, 0x7A, 0x9E, 0x00, 0x2F, 0xEB, 0x79, 0x02, 0x29, 0xCE, 0x13, 0x2F, 0xAE,
    0xE9, 0x49, 0xE4, 0xB2, 0xF2, 0x27, 0x93, 0x68, 0xF0, 0xE0, 0x00, 0xCA, 0x60, 0x9B, 0xB7, 0x4C,
    0x2E, 0x2E, 0x67, 0xE4, 0xDC, 0xA6, 0xC1, 0x16, 0xCA, 0x56, 0x7D, 0x57, 0x4D, 0xDC, 0x6B, 0xEF,
    0xBB, 0xF2, 0xC7, 0xCD, 0xAD, 0x35, 0xE5, 0x9C, 0x0E, 0x40, 0x4C, 0x62, 0xB1, 0xB0, 0x9B, 0x2C,
    0x2B, 0x35, 0x51, 0xD7, 0xC7, 0xD9, 0x07, 0x00, 0x58, 0xE9, 0xD6, 0x38, 0xDA, 0x1B, 0x19, 0xE5,
    0x4F, 0x3F, 0x77, 0xB4, 0x6F, 0xB3, 0xD7, 0x1F, 0xB4, 0x3A, 0xC7, 0xAE, 0xCA, 0x25, 0xC4, 0x84,
    0xC8, 0x00, 0xEC, 0x46, 0xF5, 0xBD, 0x23, 0xB4, 0x5B, 0x89, 0x56, 0x8A, 0xE4, 0x25, 0xE4, 0x0C,
    0x39, 0x5D, 0x00, 0x78, 0x84, 0x43, 0x5A, 0xE4, 0xE1, 0x57, 0x3A, 0xD4, 0x47, 0x53, 0x42, 0x60,
    0x96, 0x18, 0x2F, 0xED, 0x7D, 0x4D, 0x13, 0x13, 0xC6, 0xFC, 0x77, 0xB6, 0x64, 0x76, 0x21, 0x39,
    0x83, 0xFA, 0x0E, 0xA2, 0xC5, 0xEA, 0x59, 0xFE, 0x07, 0x9D, 0x98, 0x01, 0x84, 0x24, 0xD9, 0xFD,
    0xC7, 0x3F, 0xAF, 0x5E, 0xEF, 0xD6, 0xFF, 0xA6, 0xDC, 0xBC, 0xC6, 0xFC, 0xB9, 0x90, 0xED, 0x3A,
    0x1C, 0x36, 0xCC, 0x74, 0x07, 0x8B, 0x21, 0xD5, 0xD3, 0x4F, 0x02, 0x24, 0xC4, 0x84, 0x44, 0x80,
    0x24, 0x08, 0x08, 0xDC, 0x62, 0xC8, 0x23, 0x7D, 0xD7, 0x45, 0x70, 0x38, 0xE2, 0x00, 0x10, 0xB9,
    0x89, 0xC0, 0xE5, 0x12, 0xA6, 0xB9, 0x0E, 0x4D, 0xFA, 0xB6, 0x5F, 0x1C, 0x20, 0xB8, 0x02, 0x02,
    0xB8, 0xDA, 0x5C, 0x40, 0x92, 0x64, 0x5F, 0x6E, 0xEA, 0xA4, 0x36, 0xD3, 0xDD, 0x2F, 0x35, 0x3D,
    0xB9, 0xE9, 0x9D, 0x9D, 0xEE, 0x9B, 0xDA, 0x7D, 0xBF, 0xEF, 0xAF, 0xBC, 0x57, 0x6F, 0xBE, 0x9F,
    0xDF, 0xAB, 0x61, 0x7E, 0x9E, 0x11, 0xEF, 0x6A, 0xE9, 0x53, 0x80, 0x7D, 0x78, 0x1F, 0x16, 0x88,
    0x47, 0xC8, 0x3F, 0x6A, 0xF9, 0x81, 0x8D, 0xBE, 0x66, 0x95, 0xCF, 0x63, 0xEF, 0xF6, 0x28, 0x12,
    0xFA, 0x63, 0x12, 0xB9, 0x40, 0x7C, 0x07, 0x20, 0x7C, 0x9C, 0xC5, 0x3E, 0xEB, 0xCA, 0xCC, 0x04,
    0x99, 0x11, 0xE7, 0xCF, 0x44, 0x66, 0x9D, 0x93, 0x2C, 0xFA, 0x4F, 0x06, 0x04, 0x1F, 0x68, 0xE1,
    0xE1, 0x6E, 0x2D, 0x66, 0x70, 0x1B, 0xF9, 0x36, 0xC1, 0xEC, 0x66, 0x6C, 0x1D, 0x1A, 0x14, 0x90,
    0xC3, 0x1C, 0x9A, 0x9F, 0x47, 0x8B, 0x34, 0x0A, 0x54, 0x8E, 0xD0, 0x00, 0x51, 0xCA, 0x81, 0xA6,
    0x09, 0xD3, 0x54, 0x7A, 0xA7, 0xFE, 0x50, 0xB6, 0x69, 0x26, 0x90, 0x40, 0x1F, 0x12, 0xE8, 0x42,
    0xAC, 0x5F, 0x8E, 0x7C, 0x11, 0xF8, 0x0C, 0x00, 0xF8, 0x32, 0xA2, 0x20, 0x48, 0x01, 0xE4, 0x9C,
    0xD8, 0xEB, 0x44, 0x62, 0xE0, 0x08, 0x0C, 0x24, 0x01, 0x9D, 0x13, 0x1D, 0xCD, 0x01, 0x68, 0xC3,
    0x99, 0x45, 0xEB, 0xBA, 0xF0, 0x63, 0xE4, 0x8C, 0xAD, 0x17, 0x6B, 0x90, 0xEF, 0x2C, 0xE1, 0x0D,
    0xEA, 0x92, 0xDD, 0x52, 0xBA, 0x06, 0xF9, 0xCF, 0x96, 0x81, 0xE6, 0xFF, 0xEA, 0x92, 0x45, 0x03,
    0x39, 0x43, 0xB8, 0x9B, 0xC9, 0xE1, 0xD7, 0x09, 0x66, 0xF0, 0x03, 0x06, 0x8F, 0x19, 0x78, 0x6B,
    0xC2, 0xDC, 0xE0, 0x0C, 0x63, 0x43, 0xDF, 0x90, 0x18, 0x8C, 0xA1, 0x30, 0x81, 0xAB, 0xB6, 0x06,
    0x0B, 0xE0, 0xAB, 0x20, 0xFE, 0x66, 0x11, 0x1F, 0xA7, 0x88, 0xBF, 0x12, 0x3E, 0xCE, 0x89, 0x1F,
    0xE5, 0x24, 0x32, 0xC7, 0x04, 0x55, 0x8A, 0x65, 0x2E, 0xD7, 0x9D, 0xB7, 0x73, 0xA2, 0x45, 0x0E,
    0x40, 0xBC, 0xD0, 0xB1, 0x77, 0x2D, 0x51, 0xB6, 0x48, 0x5A, 0xB4, 0x7B, 0x69, 0xDC, 0xCB, 0x54,
    0x8B, 0x56, 0x8B, 0x6E, 0x8B, 0x49, 0xB5, 0x15, 0xFB, 0x14, 0x34, 0xB7, 0x73, 0x54, 0x49, 0x90,
    0x57, 0xDC, 0x0A, 0x5B, 0x51, 0x2A, 0xA8, 0x11, 0xE7, 0xAA, 0xE6, 0x15, 0xF0, 0x82, 0xB7, 0xF5,
    0x4E, 0x3C, 0x83, 0x81, 0x1F, 0x78, 0xC3, 0x79, 0x0C, 0x66, 0x83, 0xD9, 0x72, 0xB6, 0x7C, 0x17,
    0x2E, 0x10, 0xDF, 0x06, 0x90, 0xB3, 0x8B, 0xEF, 0xB6, 0xAF, 0x7D, 0xD7, 0x9E, 0x7F, 0x19, 0x24,
    0xD0, 0xF9, 0x4D, 0x1A, 0x7A, 0x80, 0x17, 0x77, 0xA3, 0x52, 0xBC, 0xB5, 0x09, 0x72, 0xFB, 0x16,
    0xE1, 0x2F, 0x08, 0x66, 0x37, 0x73, 0x44, 0x26, 0x73, 0xF4, 0x26, 0x0E, 0x43, 0x28, 0xA0, 0x79,
    0x33, 0x67, 0x23, 0x61, 0x8C, 0xE3, 0x01, 0x3B, 0x9F, 0xE7, 0xDE, 0x87, 0x23, 0xE8, 0x41, 0x83,
    0xED, 0xDD, 0xB0, 0x20, 0xDD, 0x04, 0x13, 0x0D, 0xE4, 0x1C, 0x8A, 0x9B, 0x8F, 0x43, 0x0C, 0xFC,
    0xDE, 0x82, 0xD6, 0xF0, 0x6A, 0x8A, 0xF4, 0x25, 0x2A, 0x9B, 0xD0, 0x06, 0x92, 0xCF, 0x32, 0xF4,
    0x24, 0xD2, 0xD3, 0x45, 0x11, 0xEB, 0x03, 0xC2, 0xB3, 0x19, 0xC2, 0xE7, 0x00, 0xF0, 0x43, 0x82,
    0x39, 0xF2, 0x1B, 0x00, 0xB2, 0x3C, 0x6F, 0x09, 0x5D, 0xE9, 0xFA, 0xC2, 0x19, 0xCE, 0x95, 0x48,
    0xD7, 0x39, 0x71, 0xD1, 0x3C, 0x47, 0xE4, 0x0D, 0x99, 0x29, 0x9F, 0xDE, 0x9E, 0xC3, 0xC3, 0x0C,
    0x06, 0x16, 0x5E, 0xE0, 0xB9, 0x4A, 0x06, 0x01, 0xF2, 0x23, 0xC4, 0xFC, 0x59, 0x4A, 0x6E, 0x03,
    0x1D, 0xA0, 0xF1, 0x7C, 0x25, 0x19, 0x41, 0x09, 0xCD, 0xFA, 0x25, 0x9F, 0xBD, 0x4C, 0x03, 0x38,
    0x00, 0xB6, 0x81, 0xBB, 0x5C, 0x8E, 0x23, 0x28, 0x60, 0xF4, 0x2C, 0x95, 0x4B, 0xE4, 0x3F, 0x11,
    0x82, 0x23, 0x86, 0x06, 0x77, 0xA9, 0x81, 0x3F, 0x97, 0xE1, 0x8A, 0x42, 0x1B, 0x17, 0x70, 0x88,
    0x5B, 0xC6, 0x69, 0xE9, 0xE7, 0xA5, 0x72, 0x4F, 0x44, 0xC4, 0x36, 0x91, 0x56, 0x74, 0xDE, 0x3D,
    0x49, 0x7B, 0xDE, 0x67, 0xB1, 0x56, 0x3A, 0xF2, 0x9E, 0x65, 0x6A, 0x75, 0x2D, 0x77, 0xE0, 0x75,
    0x8D, 0xB7, 0x24, 0x90, 0x2C, 0xE8, 0x79, 0x7D, 0x20, 0x6D, 0x72, 0x4D, 0x5F, 0x3A, 0xF6, 0xB9,
    0x66, 0x9A, 0x7B, 0xA7, 0xB8, 0x12, 0xCB, 0x77, 0x3B, 0x87, 0xD3, 0xFC, 0x57, 0x29, 0x44, 0x3C,
    0xBD, 0xFB, 0xA3, 0xB7, 0xBC, 0x63, 0xA3, 0x6F, 0x90, 0xFD, 0xBF, 0x5E, 0xE7, 0x1A, 0xE6, 0x3D,
    0xBB, 0xB5, 0xD1, 0x75, 0x78, 0xF8, 0xBB, 0x6A, 0x7F, 0x9D, 0x6F, 0x93, 0xA3, 0xC5, 0x2E, 0xB1,
    0x15, 0xCB, 0x75, 0x83, 0x75, 0xCE, 0x84, 0x21, 0x3D, 0x1A, 0xCB, 0xF9, 0xAD, 0x8D, 0x9C, 0xA1,
    0xFB, 0xDF, 0x98, 0xE6, 0x81, 0x4F, 0xBD, 0x93, 0xDE, 0x2A, 0x48, 0xB8, 0xE9, 0x91, 0x27, 0x95,
    0x7D, 0x51, 0xE2, 0x5D, 0x2F, 0x07, 0x80, 0x51, 0x52, 0x26, 0xCD, 0x26, 0x0C, 0xF7, 0x47, 0xC9,
    0xD5, 0x20, 0x61, 0x1C, 0x38, 0x34, 0x4A, 0x33, 0xC8, 0x68, 0x52, 0x59, 0xF1, 0x0E, 0xC5, 0x75,
    0xED, 0x2B, 0x7A, 0x0F, 0x50, 0x25, 0xC0, 0x16, 0x1D, 0x7B, 0xEF, 0x18, 0xA2, 0x6B, 0xA1, 0x88,
    0x79, 0x8D, 0x26, 0x47, 0x38, 0x23, 0x33, 0xA3, 0xB4, 0xE9, 0x62, 0x0A, 0x7E, 0xE2, 0x18, 0x94,
    0xBC, 0x56, 0xCD, 0x63, 0x4C, 0x64, 0x8D, 0xCC, 0x0D, 0x05, 0x40, 0x01, 0x23, 0xC8, 0x01, 0x0E,
    0xC1, 0x5D, 0xAA, 0x8D, 0x9B, 0xF0, 0x89, 0xE3, 0xCC, 0xE2, 0x53, 0xCE, 0x32, 0x5C, 0x81, 0xEB,
    0xE3, 0x62, 0x04, 0x84, 0x16, 0x69, 0x09, 0x01, 0x38, 0xDE, 0x73, 0xE3, 0x7F, 0xE5, 0xFF, 0x4E,
    0x7D, 0x7A, 0x96, 0x39, 0xE7, 0xFA, 0x95, 0x13, 0x20, 0x4A, 0xE9, 0x69, 0x9A, 0x70, 0x07, 0x5A,
    0x9B, 0x15, 0x7B, 0x5B, 0x09, 0x14, 0xAF, 0xD3, 0x64, 0x87, 0x64, 0x43, 0x1C, 0x61, 0xAE, 0xC5,
    0xB2, 0x31, 0x23, 0x6D, 0x60, 0xA5, 0x86, 0x9D, 0xE4, 0x89, 0x41, 0x77, 0x6F, 0x9F, 0xA3, 0x97,
    0xCD, 0xD8, 0xEC, 0x9B, 0xE3, 0xA7, 0x3D, 0xDF, 0xD2, 0xA7, 0xD9, 0x27, 0xF6, 0x54, 0x3B, 0x9E,
    0x8A, 0x55, 0x95, 0x86, 0x69, 0x57, 0x71, 0xE9, 0x38, 0x5C, 0xFD, 0x8C, 0x3E, 0xB5, 0xA7, 0x76,
    0xE5, 0x88, 0x40, 0x5D, 0xEA, 0x10, 0xE5, 0xE8, 0x69, 0x3A, 0x97, 0x6F, 0x7C, 0x5E, 0xE9, 0x16,
    0xEA, 0xB3, 0x48, 0x3B, 0xB6, 0xB7, 0x5A, 0x01, 0xD0, 0x86, 0x39, 0x68, 0x8E, 0xD8, 0xEF, 0x63,
    0x06, 0x95, 0xAC, 0xF9, 0x71, 0x66, 0x8E, 0x9C, 0x31, 0xFD, 0x7D, 0xD3, 0xDE, 0x37, 0x6A, 0x6C,
    0x64, 0x69, 0x44, 0x69, 0x18, 0x03, 0xC7, 0x81, 0x93, 0x1A, 0xDE, 0xBB, 0xD6, 0x0B, 0x6A, 0xF9,
    0x9B, 0x30, 0x81, 0x04, 0xEE, 0xC3, 0x3A, 0xC8, 0xEA, 0xD7, 0x29, 0xDF, 0x40, 0x2C, 0xE0, 0x15,
    0xEA, 0x70, 0x1B, 0x8D, 0xA8, 0x0C, 0xF2, 0x75, 0xC0, 0x11, 0xB8, 0xA5, 0x3E, 0x7E, 0x3B, 0xFB,
    0xA9, 0x77, 0xD2, 0x8E, 0xA4, 0x35, 0x32, 0xBD, 0xA2, 0x7A, 0x5F, 0x6E, 0xA0, 0x44, 0xBA, 0xF5,
    0xC7, 0x56, 0xB4, 0x99, 0xD0, 0xE4, 0xDD, 0x14, 0xE1, 0x33, 0x00, 0x98, 0xA6, 0x84, 0xBE, 0x40,
    0xA5, 0x13, 0x0E, 0xE8, 0x90, 0xA0, 0xCE, 0x53, 0xF7, 0x89, 0x74, 0x82, 0xA2, 0x4B, 0x4C, 0xAC,
    0xBB, 0x44, 0x67, 0xE5, 0xA5, 0x67, 0x75, 0x6B, 0x99, 0x13, 0xFB, 0xB4, 0x2B, 0xAD, 0x11, 0xB9,
    0xE1, 0xE2, 0xEA, 0x93, 0xC5, 0x27, 0x69, 0xB8, 0x00, 0xE0, 0xA1, 0x5D, 0xE2, 0xF9, 0xC2, 0xF3,
    0x95, 0x59, 0xDD, 0x6B, 0x6E, 0xAC, 0xD4, 0x68, 0x42, 0x32, 0x86, 0x4F, 0x73, 0xD0, 0xFA, 0xB9,
    0xAA, 0x01, 0xC1, 0x1B, 0x44, 0x8F, 0xF4, 0x8B, 0x77, 0x6B, 0x14, 0x7C, 0xD5, 0x2F, 0x42, 0xEF,
    0xBD, 0x7A, 0x6B, 0xC4, 0x01, 0x23, 0x92, 0x65, 0x4E, 0x67, 0xFD, 0x2A, 0x93, 0x8B, 0x35, 0x71,
    0x95, 0x91, 0xF7, 0x5E, 0x54, 0x29, 0xE7, 0x51, 0x41, 0xEC, 0xA7, 0x73, 0xBA, 0xB2, 0x50, 0x18,
    0xF1, 0xE9, 0xF7, 0xB5, 0xC1, 0x7B, 0x6D, 0x84, 0x83, 0x44, 0x16, 0x10, 0x9F, 0x2C, 0x4E, 0x08,
    0x17, 0xF1, 0x8C, 0xCB, 0x31, 0x42, 0xE6, 0x08, 0x18, 0x94, 0x0C, 0xBC, 0x5E, 0xF6, 0xA3, 0xEC,
    0x5C, 0xA1, 0xAD, 0x96, 0xAF, 0xBF, 0x8F, 0xE9, 0x60, 0x94, 0xAE, 0x96, 0x46, 0xE6, 0x00, 0x48,
    0x62, 0x7D, 0x17, 0x78, 0x2F, 0xF7, 0xD9, 0x0C, 0xB7, 0x8A, 0x7A, 0x08, 0x8D, 0x70, 0xE0, 0x10,
    0x19, 0xC0, 0x6E, 0xD9, 0x2B, 0x7A, 0x24, 0xAB, 0x00, 0x12, 0x76, 0xB9, 0xB7, 0xBC, 0x90, 0x12,
    0x39, 0x44, 0x5A, 0x8F, 0x0B, 0x4D, 0xDD, 0xB3, 0x6A, 0xDD, 0xC1, 0xAE, 0xFC, 0x6D, 0x07, 0x0B,
    0x94, 0xB7, 0x6D, 0x69, 0xF7, 0xA0, 0x03, 0xAA, 0x24, 0xF0, 0x29, 0x51, 0x46, 0x90, 0x27, 0x41,
    0xD6, 0x3B, 0xB1, 0x91, 0x07, 0x00, 0x6C, 0x98, 0x6D, 0x01, 0x51, 0x71, 0x30, 0x49, 0x1A, 0x07,
    0xC4, 0x85, 0x98, 0xB0, 0xD7, 0xED, 0x77, 0x0A, 0x60, 0x8C, 0x7C, 0x84, 0x10, 0x75, 0x69, 0x41,
    0xAA, 0xDC, 0x4B, 0xAF, 0xAC, 0x67, 0xD5, 0x42, 0x0C, 0x61, 0x02, 0xBB, 0x50, 0xC2, 0x3A, 0x8C,
    0x4C, 0x65, 0x8E, 0x0B, 0x2D, 0xC8, 0x37, 0x11, 0x73, 0x78, 0xB9, 0x1E, 0x17, 0x1A, 0x4D, 0xE5,
    0xA4, 0x5D, 0xC7, 0x84, 0x81, 0xB7, 0x53, 0x6F, 0x85, 0x83, 0xCD, 0xC2, 0x12, 0x38, 0x30, 0xC8,
    0x1C, 0x40, 0xA1, 0x98, 0xBA, 0xA9, 0x53, 0x3C, 0x19, 0xDB, 0xA8, 0x54, 0xDA, 0x18, 0xD8, 0xBA,
    0x83, 0x2C, 0xE1, 0xB0, 0x1E, 0x7B, 0x87, 0x2E, 0xBB, 0xEA, 0xDE, 0x3A, 0xE4, 0x53, 0xFE, 0x70,
    0x46, 0x34, 0x7B, 0xCA, 0x7F, 0xE5, 0x30, 0xBD, 0x3C, 0xD6, 0x17, 0xCE, 0xE0, 0x4F, 0x44, 0x1E,
    0xE0, 0x3E, 0xC7, 0x23, 0xDC, 0x75, 0x8D, 0x71, 0x5D, 0x99, 0x77, 0xBC, 0x0D, 0x17, 0x00, 0xB7,
    0x1A, 0x71, 0x79, 0x37, 0x87, 0x61, 0xB4, 0xEA, 0x72, 0x85, 0x7A, 0x30, 0xED, 0x7C, 0x04, 0xB7,
    0x7F, 0xFD, 0x6C, 0xAC, 0xB8, 0xBC, 0x75, 0xB8, 0x9E, 0x14, 0x6E, 0x23, 0xE7, 0x70, 0x5C, 0x97,
    0xF4, 0xD2, 0xCE, 0x1D, 0xA3, 0xDC, 0x7A, 0x16, 0x05, 0xC1, 0xCF, 0x09, 0xFE, 0xCE, 0xFD, 0xE3,
    0x5A, 0xAC, 0x20, 0x8D, 0x86, 0xDB, 0xF7, 0x65, 0xB6, 0x81, 0xA6, 0xB5, 0x38, 0xB5, 0xF2, 0x43,
    0x2D, 0x1A, 0x75, 0x0F, 0x07, 0x5B, 0x5F, 0xEC, 0x4D, 0xEE, 0xAD, 0x07, 0xD6, 0x83, 0x1C, 0xC1,
    0x10, 0x06, 0xD0, 0xA8, 0x18, 0x38, 0x75, 0x45, 0x85, 0xE2, 0xC1, 0x94, 0x73, 0x56, 0x02, 0x43,
    0xE8, 0x41, 0x03, 0x64, 0x0E, 0xA8, 0x31, 0xD0, 0x68, 0x2C, 0x01, 0x11, 0x7D, 0x50, 0x24, 0x81,
    0x6D, 0xB3, 0x27, 0xF3, 0x2E, 0xAD, 0xD0, 0x25, 0x28, 0x35, 0x32, 0xA8, 0x6F, 0x26, 0x23, 0xC2,
    0xDF, 0x26, 0x0E, 0x39, 0x8B, 0x73, 0x64, 0xA1, 0x32, 0x84, 0x8B, 0x2C, 0xE4, 0xD2, 0xC2, 0x0B,
    0xC0, 0x20, 0x85, 0x5F, 0x5A, 0x00, 0x86, 0x48, 0x6B, 0x1A, 0x32, 0x4D, 0x5A, 0x91, 0xDE, 0xED,
    0x29, 0x5A, 0x5F, 0xF9, 0x19, 0xEA, 0xBD, 0x7F, 0x10, 0x3D, 0x9C, 0x21, 0x6D, 0x59, 0xE5, 0x70,
    0xD5, 0x13, 0xC6, 0x98, 0x04, 0x17, 0x07, 0x79, 0xF4, 0x86, 0x95, 0x1F, 0x21, 0x16, 0x30, 0x01,
    0x73, 0x55, 0xAB, 0x7F, 0xA1, 0x30, 0x0C, 0x32, 0x23, 0x6D, 0x12, 0xDA, 0x76, 0xA4, 0x95, 0x22,
    0xFA, 0x1E, 0xB2, 0xA2, 0x96, 0x88, 0x02, 0x1C, 0x22, 0x47, 0x5A, 0x64, 0x8A, 0x7C, 0x93, 0xF0,
    0x43, 0x5D, 0x97, 0x0F, 0x8C, 0x91, 0x7F, 0x41, 0xC0, 0xD4, 0xA7, 0x53, 0x6F, 0x51, 0x9A, 0x03,
    0x98, 0x80, 0x43, 0x66, 0x44, 0x29, 0x31, 0x24, 0xE0, 0xBD, 0xAD, 0xB4, 0x6A, 0x77, 0xBD, 0x59,
    0x6F, 0x86, 0xC1, 0x49, 0xAB, 0x74, 0x9B, 0x83, 0x77, 0x7A, 0x73, 0x91, 0x11, 0xE4, 0xA0, 0x6B,
    0x81, 0x64, 0x15, 0xE8, 0x75, 0x98, 0xED, 0x5D, 0xC2, 0x02, 0xD2, 0x5A, 0x98, 0x8B, 0xAE, 0xB4,
    0x0E, 0xF3, 0x5F, 0xAD, 0x95, 0x01, 0x64, 0x25, 0x47, 0x18, 0xC7, 0x7F, 0xB3, 0xFB, 0xAE, 0x9B,
    0xDE, 0xF6, 0x32, 0x0F, 0x05, 0xF4, 0xDE, 0x16, 0xC5, 0xE1, 0x92, 0x85, 0x22, 0xD8, 0x7D, 0x6F,
    0xAA, 0x40, 0x41, 0xA0, 0x0A, 0x28, 0x00, 0xA0, 0x87, 0xD0, 0x55, 0xEF, 0x6E, 0x97, 0xA2, 0x50,
    0xAE, 0x00, 0x40, 0x73, 0x14, 0xD5, 0xD2, 0x84, 0x4B, 0x79, 0xEA, 0xE5, 0xDE, 0x54, 0x01, 0x45,
    0xB7, 0x00, 0x85, 0xAE, 0x40, 0xD1, 0xEA, 0x4D, 0xD9, 0xEA, 0x5E, 0xEE, 0xE5, 0x4D, 0x67, 0x9A,
    0xC4, 0x5D, 0xE2, 0x92, 0xE4, 0x4E, 0x77, 0xE6, 0xFB, 0xDB, 0x9D, 0xDD, 0xFD, 0xED, 0xCC, 0x7F,
    0x66, 0xBE, 0x85, 0xAB, 0xC0, 0x32, 0xCC, 0xA6, 0x44, 0xB6, 0x43, 0x56, 0x53, 0x86, 0xA4, 0x64,
    0x48, 0x1F, 0x6A, 0x4C, 0xAC, 0xFC, 0x79, 0x4E, 0x42, 0xA2, 0x72, 0xE2, 0xC7, 0x1D, 0xC2, 0xD6,
    0x00, 0xC0, 0x67, 0x50, 0x87, 0x56, 0x27, 0xB6, 0xCA, 0x43, 0x5D, 0x88, 0xA6, 0xA0, 0x71, 0x9A,
    0x85, 0x75, 0xB2, 0x55, 0x45, 0x0B, 0x00, 0xCF, 0x67, 0xF9, 0x16, 0xBB, 0x3B, 0xB4, 0x3B, 0x98,
    0x53, 0x75, 0x82, 0xC9, 0xC3, 0x26, 0xB5, 0xFA, 0xF8, 0x61, 0x4D, 0xA0, 0xB7, 0x65, 0x65, 0x24,
    0x4F, 0xD7, 0x56, 0xF2, 0x60, 0x46, 0xFA, 0x2B, 0x00, 0x70, 0xFD, 0x06, 0x40, 0x6C, 0x00, 0x44,
    0x45, 0xF9, 0x88, 0x99, 0xAD, 0x4A, 0xAB, 0xAD, 0xAD, 0x8A, 0xA8, 0x21, 0xA1, 0xC0, 0x90, 0x3B,
    0x9D, 0xD0, 0x39, 0x1D, 0x07, 0xC6, 0x69, 0x16, 0x6A, 0xA7, 0x85, 0x54, 0x4E, 0xDB, 0x21, 0x14,
    0x81, 0x99, 0xC2, 0xE1, 0x5B, 0xE5, 0x42, 0x58, 0xAB, 0x81, 0x7E, 0xDF, 0xC1, 0xD2, 0xC6, 0xB5,
    0xC6, 0x1E, 0x85, 0x27, 0xCD, 0x3A, 0x07, 0xF2, 0x32, 0xC6, 0x78, 0x4C, 0xED, 0x28, 0xEE, 0x2E,
    0x6D, 0xE2, 0x19, 0x99, 0x47, 0x3C, 0xF8, 0xA2, 0x5C, 0x60, 0xE7, 0xA0, 0x94, 0x42, 0x34, 0xB3,
    0xCA, 0x49, 0x8A, 0x13, 0x88, 0x1E, 0xED, 0xD9, 0x26, 0x79, 0xB8, 0x67, 0x4D, 0x16, 0x36, 0xCE,
    0xA3, 0xA0, 0x71, 0xEF, 0x8A, 0x26, 0xC1, 0x49, 0x86, 0x6B, 0x33, 0xA4, 0x9F, 0xEF, 0xED, 0x6F,
    0xC6, 0x0B, 0xF7, 0x08, 0x00, 0x1B, 0x90, 0x76, 0x05, 0x8C, 0xE6, 0x4E, 0x42, 0x7D, 0x91, 0x2C,
    0x87, 0xBA, 0xB4, 0xF2, 0xA1, 0x1B, 0x7F, 0xB8, 0xE0, 0xE8, 0x88, 0xD5, 0x06, 0xB2, 0x2A, 0x10,
    0x14, 0xE0, 0x22, 0x3E, 0x33, 0x4A, 0x7B, 0x18, 0x20, 0x81, 0x04, 0xB8, 0x0D, 0xF4, 0x59, 0xDF,
    0x31, 0xAD, 0xE9, 0x1B, 0xCC, 0xF6, 0xE9, 0x82, 0x11, 0x26, 0xAA, 0x05, 0x1B, 0xAC, 0x31, 0x33,
    0x63, 0x0A, 0xAC, 0x29, 0x3D, 0x4B, 0x95, 0xDA, 0xEB, 0x87, 0xB5, 0xD7, 0x0D, 0xE3, 0xB5, 0x18,
    0xAF, 0x79, 0x5D, 0xFD, 0x4F, 0xE5, 0xC4, 0x6B, 0xD8, 0xDD, 0x94, 0x14, 0xA2, 0x1B, 0xCD, 0xFC,
    0xFC, 0xC4, 0x1D, 0x1C, 0x1F, 0x03, 0x47, 0x4C, 0x1D, 0xAF, 0xE7, 0x69, 0x8E, 0x75, 0xDD, 0x91,
    0x06, 0x8E, 0x33, 0x70, 0x94, 0x81, 0x63, 0x0C, 0x1C, 0x61, 0xE0, 0xDE, 0x1F, 0x14, 0xC2, 0x05,
    0x93, 0x01, 0xB0, 0x02, 0x64, 0xC0, 0x11, 0x26, 0x06, 0xA4, 0x02, 0x01, 0xC0, 0xFD, 0x2E, 0xC6,
    0x1E, 0x48, 0x3A, 0x29, 0x31, 0x67, 0xC4, 0xE9, 0x71, 0x07, 0x9F, 0x28, 0x16, 0xF0, 0x2A, 0xAC,
    0xC1, 0x2E, 0x2C, 0x10, 0x0F, 0x09, 0x7F, 0x54, 0xE1, 0x0F, 0x3A, 0x7E, 0x5B, 0x4B, 0x37, 0x95,
    0xD6, 0xAC, 0xD0, 0x66, 0x8C, 0x27, 0x64, 0xC1, 0x15, 0xC2, 0x03, 0x68, 0xC1, 0xCF, 0x73, 0x9D,
    0xD8, 0x3A, 0x77, 0xAB, 0x23, 0xA8, 0x0B, 0xE1, 0xD5, 0xAD, 0x94, 0x74, 0xAB, 0x8E, 0xF7, 0x6B,
    0xE0, 0x5E, 0x33, 0xD2, 0x57, 0x98, 0x35, 0xD6, 0x48, 0x4E, 0x16, 0xDF, 0xD6, 0x57, 0x23, 0x2D,
    0x81, 0x98, 0xD3, 0x77, 0xD9, 0xD3, 0x50, 0x2A, 0x58, 0x02, 0x66, 0x15, 0x91, 0x6D, 0x9F, 0x6B,
    0x87, 0x8A, 0xDE, 0x93, 0x1E, 0xBA, 0x93, 0x73, 0xF6, 0x69, 0xF4, 0x0E, 0xC1, 0x1C, 0xD6, 0xB9,
    0xC5, 0xE6, 0x0E, 0xE6, 0xC2, 0xAD, 0xDA, 0xEB, 0x4B, 0x13, 0xD6, 0xB0, 0x1D, 0x1B, 0x79, 0x5C,
    0x5A, 0xF9, 0x60, 0xE6, 0x37, 0x29, 0xF7, 0x34, 0x8C, 0x2A, 0x78, 0x19, 0xF8, 0xA0, 0x22, 0xF4,
    0x79, 0xA5, 0x9E, 0xB2, 0x0A, 0x64, 0xC7, 0x11, 0x59, 0xB2, 0xD0, 0x92, 0x23, 0x49, 0xD4, 0x90,
    0xE8, 0xF1, 0x1C, 0x61, 0x1B, 0x00, 0x84, 0x20, 0x58, 0xC0, 0x04, 0x20, 0xEC, 0xBC, 0xE5, 0x79,
    0x68, 0xC6, 0xC2, 0x14, 0xF8, 0x9A, 0x85, 0x26, 0xDD, 0x32, 0xF1, 0x41, 0x83, 0x68, 0x7A, 0x61,
    0x2D, 0x6D, 0xF5, 0xD2, 0xC1, 0xF3, 0x9B, 0x23, 0x39, 0x8A, 0x06, 0x84, 0x3A, 0xD7, 0x9C, 0x02,
    0xB6, 0xA1, 0x84, 0xDE, 0xFF, 0x96, 0x6A, 0x1C, 0x07, 0xDF, 0x00, 0x2F, 0x92, 0x65, 0x20, 0x81,
    0x5D, 0x00, 0xC6, 0xF0, 0x0B, 0xFC, 0x09, 0xE3, 0x8B, 0x97, 0x2B, 0xC0, 0x9B, 0xD0, 0x81, 0x86,
    0x4D, 0xC4, 0x1F, 0x04, 0x9F, 0x42, 0x77, 0xF1, 0xEA, 0x05, 0x80, 0x48, 0x43, 0xAA, 0x00, 0xC0,
    0x76, 0x04, 0x76, 0x4E, 0xD4, 0x1C, 0x1A, 0x98, 0xBB, 0xF8, 0xD6, 0x1A, 0xFE, 0xB2, 0x26, 0xFC,
    0xBE, 0x21, 0xB6, 0x0D, 0xC9, 0x57, 0x0D, 0x99, 0xD8, 0xFF, 0x72, 0x47, 0x1C, 0xF6, 0x98, 0xA0,
    0x82, 0x58, 0xC3, 0x35, 0x00, 0x88, 0xBB, 0x99, 0x1A, 0x59, 0x5B, 0xBF, 0x21, 0x2B, 0x23, 0xDE,
    0x7F, 0xB7, 0x4D, 0xAD, 0x6D, 0x33, 0x09, 0x1B, 0xB2, 0x22, 0x9F, 0xED, 0x9B, 0xD4, 0xD8, 0x9A,
    0x27, 0xF9, 0x0C, 0x86, 0x40, 0x1F, 0x98, 0xDD, 0x25, 0x72, 0x48, 0x59, 0xCD, 0x19, 0x0A, 0x4B,
    0x16, 0xFD, 0x44, 0x26, 0x25, 0xE3, 0x4C, 0xAA, 0x6C, 0x47, 0x32, 0xAC, 0x13, 0x92, 0x2A, 0x47,
    0xBA, 0x89, 0xCE, 0x8F, 0x11, 0xC7, 0x03, 0x17, 0x15, 0x40, 0xB8, 0xD0, 0x89, 0xD5, 0xB9, 0xD4,
    0xC5, 0xB0, 0x29, 0xDA, 0xE6, 0xA3, 0x9F, 0x9B, 0xD1, 0xC7, 0x6E, 0xB0, 0xD5, 0x68, 0x41, 0x1F,
    0x7A, 0x3D, 0x64, 0x8E, 0xA3, 0xF2, 0xD6, 0xA5, 0x92, 0x00, 0x70, 0xE3, 0x16, 0xC3, 0x29, 0xD1,
    0xB5, 0x4B, 0x38, 0xB9, 0x4B, 0xF0, 0xBB, 0x12, 0x97, 0x24, 0x4F, 0x08, 0x17, 0x44, 0xF1, 0xC5,
    0xD8, 0xBE, 0x9A, 0x98, 0x95, 0x71, 0xAF, 0x57, 0xDA, 0xD2, 0x16, 0xF8, 0x52, 0xCE, 0xCB, 0xF9,
    0xD1, 0x99, 0x6B, 0xF3, 0xE3, 0xDF, 0xC4, 0xF7, 0xF1, 0x15, 0x80, 0x70, 0x4E, 0x62, 0x95, 0x5B,
    0xA5, 0xB7, 0xDF, 0xD3, 0xA5, 0xD5, 0x05, 0x64, 0x90, 0x7E, 0x5D, 0x45, 0x16, 0x20, 0x34, 0x72,
    0xBA, 0xB4, 0x74, 0x16, 0x4A, 0xB4, 0x7E, 0xAF, 0xC4, 0xF2, 0x62, 0x4E, 0xBF, 0xEF, 0xE6, 0x63,
    0x45, 0xF4, 0xE2, 0x85, 0xB4, 0x98, 0x93, 0xC5, 0xB7, 0xF9, 0x3E, 0xDD, 0x99, 0x5F, 0x7D, 0x0D,
    0xD8, 0x3E, 0x7D, 0x3F, 0xAD, 0xBE, 0xAB, 0xD7, 0xD7, 0xCF, 0xCA, 0x97, 0x89, 0x2A, 0xEB, 0xED,
    0xE6, 0x59, 0xF9, 0x52, 0xF4, 0x20, 0xBE, 0x0B, 0xC1, 0x6F, 0x1A, 0x50, 0x2F, 0x94, 0x33, 0x4F,
    0x9B, 0x75, 0x6E, 0xDA, 0x64, 0x04, 0x3C, 0xD6, 0x50, 0x55, 0x2F, 0xF4, 0xB1, 0x63, 0x3B, 0x2F,
    0xFE, 0x52, 0x5F, 0xF1, 0xB7, 0x21, 0x9F, 0xD0, 0x83, 0xB2, 0xA3, 0xB4, 0xAA, 0x88, 0x75, 0x11,
    0xD6, 0xBE, 0x46, 0xDA, 0x5D, 0xDE, 0xD9, 0xA5, 0x48, 0x7D, 0xD6, 0x71, 0x97, 0x45, 0xD8, 0x1C,
    0x0D, 0x64, 0xE8, 0x1D, 0x26, 0x1E, 0xCA, 0x03, 0xA9, 0x9F, 0x76, 0x2A, 0x32, 0xC8, 0x29, 0x4B,
    0xBD, 0xCB, 0xB2, 0x12, 0x35, 0xF2, 0x9E, 0x73, 0xBF, 0xB1, 0xF5, 0xFC, 0xC4, 0x64, 0xF5, 0xFA,
    0xBE, 0x57, 0x72, 0x15, 0xC1, 0x65, 0x7F, 0x1E, 0x47, 0x16, 0xCF, 0xF1, 0x7D, 0x83, 0x9B, 0x81,
    0xCE, 0xC2, 0x13, 0xD5, 0x99, 0x90, 0x6E, 0xE9, 0xF8, 0x1F, 0x0D, 0x88, 0x8E, 0xE8, 0x1B, 0x82,
    0x2B, 0x97, 0x85, 0x47, 0xB5, 0x6C, 0x6F, 0xAE, 0x3D, 0xFB, 0xCF, 0x14, 0x2C, 0x90, 0x56, 0xAF,
    0x86, 0x7A, 0x05, 0x52, 0x90, 0x3E, 0x8D, 0x55, 0xC4, 0x35, 0x41, 0x93, 0x05, 0xF5, 0xC8, 0x7D,
    0xD2, 0xC2, 0xEB, 0x30, 0x81, 0x0C, 0xB6, 0x01, 0xE2, 0x76, 0x38, 0xCD, 0x7A, 0x43, 0x92, 0x56,
    0x4C, 0x59, 0xC9, 0xC7, 0x69, 0x2B, 0x54, 0x58, 0x8B, 0x3A, 0xAC, 0xA0, 0xB4, 0x7A, 0x66, 0xB5,
    0x30, 0x70, 0x4E, 0x55, 0x1C, 0x3E, 0x20, 0x6A, 0xE0, 0x70, 0x0D, 0x9B, 0xD9, 0xA9, 0x75, 0x0D,
    0x52, 0x45, 0x6A, 0x19, 0xF8, 0x17, 0x63, 0x30, 0xA9, 0xE5, 0x62, 0xE0, 0xB5, 0x2B, 0xE0, 0x62,
    0xD0, 0x3F, 0x50, 0xB0, 0x40, 0x42, 0xA0, 0xFE, 0x43, 0xD2, 0x81, 0xFA, 0x07, 0xA2, 0x0E, 0x09,
    0x09, 0x95, 0x0F, 0xF4, 0x0F, 0x30, 0x30, 0x6C, 0xF8, 0x22, 0x50, 0xF2, 0x61, 0xE7, 0x07, 0x01,
    0x07, 0x86, 0x3A, 0x7E, 0x1D, 0x06, 0x8D, 0xDD, 0xCB, 0x6D, 0x19, 0x18, 0xB8, 0x64, 0xF4, 0x6B,
    0x4D, 0x16, 0x08, 0x38, 0xD8, 0x5F, 0xE0, 0x77, 0x60, 0x60, 0xD0, 0x28, 0xB0, 0xDB, 0xC3, 0xCE,
    0xCB, 0x0F, 0xE4, 0x15, 0x6C, 0x60, 0x60, 0x60, 0xD1, 0xB1, 0xB1, 0x61, 0xE1, 0xD3, 0x2D, 0xD9,
    0xF0, 0x25, 0xA0, 0xE4, 0xC1, 0xCE, 0x0F, 0x0A, 0x13, 0x18, 0x6C, 0x65, 0x2D, 0x18, 0x58, 0x2C,
    0xEC, 0xF8, 0x6B, 0x18, 0x38, 0x2B, 0x36, 0xD4, 0xB3, 0x14, 0x2C, 0xB0, 0x7B, 0x20, 0xDF, 0x20,
    0xEA, 0x60, 0xFF, 0xC0, 0xFE, 0x82, 0xFD, 0x05, 0x00, 0xAB, 0x63, 0x60, 0xF8, 0xEE, 0xC0, 0x10,
    0x74, 0x80, 0x81, 0x01, 0x88, 0x1E, 0x30, 0x30, 0x7D, 0x60, 0x60, 0xDE, 0xC2, 0xC0, 0xAD, 0xC3,
    0xC0, 0xC7, 0xC3, 0xA0, 0xC3, 0x25, 0x62, 0xC1, 0x5C, 0xB3, 0x81, 0xE9, 0x0B, 0x00, 0x75, 0x92,
    0x01, 0xA4, 0x24, 0x37, 0x1C, 0xC6, 0xBF, 0x49, 0xB8, 0x68, 0x73, 0x36, 0x05, 0xC0, 0x7B, 0xFF,
    0x01, 0x28, 0xCD, 0x9A, 0x87, 0xA3, 0x83, 0x5C, 0x45, 0x0F, 0x45, 0x51, 0x00, 0x80, 0x02, 0x80,
    0x3A, 0x2C, 0x16, 0xF7, 0x4C, 0x7A, 0x45, 0x51, 0x14, 0x05, 0x40, 0x0B, 0x00, 0x65, 0x11, 0x1C,
    0x4A, 0x72, 0x57, 0x14, 0x85, 0x51, 0x00, 0x54, 0x00, 0xA0, 0x0C, 0x1D, 0x0C, 0xB7, 0x33, 0x69,
    0x66, 0xBB, 0xB7, 0xEF, 0xEA, 0x5D, 0xE5, 0xF7, 0xFD, 0xF7, 0xFB, 0x7F, 0x3E, 0x6B, 0x44, 0xD0,
    0x02, 0xBF, 0x00, 0x33, 0xAA, 0x3F, 0xC1, 0xBE, 0x07, 0xFF, 0xDC, 0x0A, 0x11, 0x55, 0x8E, 0x0F,
    0x59, 0xBA, 0xC2, 0xD0, 0x62, 0x98, 0xD9, 0xDC, 0x65, 0x10, 0x3F, 0x81, 0x95, 0x7A, 0x06, 0x49,
    0x47, 0x3C, 0x12, 0x8B, 0xEB, 0x14, 0x31, 0x2C, 0xE8, 0x96, 0x37, 0x61, 0x41, 0xA2, 0x2E, 0xAB,
    0x28, 0x85, 0x44, 0x55, 0x2A, 0xB3, 0x84, 0xA5, 0x10, 0xB2, 0x23, 0x76, 0x02, 0x78, 0x27, 0xC1,
    0x41, 0xE4, 0x05, 0xD1, 0x5F, 0xA8, 0x4E, 0x30, 0xE7, 0xB9, 0xF5, 0x02, 0x7E, 0x03, 0xDF, 0xE5,
    0x69, 0xC2, 0x27, 0x09, 0x9B, 0x88, 0xF7, 0x1D, 0xAA, 0xEE, 0xD5, 0x42, 0xF0, 0x84, 0x91, 0xF8,
    0x48, 0xD2, 0xD3, 0x95, 0xA7, 0x47, 0x9E, 0x92, 0xAF, 0xA3, 0xAF, 0xD7, 0xDC, 0x97, 0xC2, 0xFA,
    0x9F, 0xFD, 0xEE, 0x4C, 0xBC, 0xA3, 0x8A, 0x3B, 0xE6, 0x76, 0xAF, 0xB1, 0x3B, 0xB2, 0xA5, 0x8B,
    0x19, 0x04, 0xF3, 0x1F, 0xD5, 0xF9, 0x78, 0x2F, 0x5B, 0xB5, 0x76, 0xAB, 0xE0, 0xE4, 0xD7, 0x43,
    0xD9, 0x0C, 0x1E, 0x97, 0xF4, 0x19, 0xEA, 0x42, 0x31, 0x06, 0xDB, 0x12, 0x4A, 0x3B, 0x54, 0xD9,
    0x75, 0x79, 0x21, 0xEC, 0x09, 0xED, 0xFF, 0x51, 0xBE, 0x2D, 0x5C, 0x2E, 0xF3, 0x82, 0xB2, 0xF5,
    0x04, 0xC2, 0x99, 0x2E, 0x02, 0x21, 0x09, 0x77, 0x20, 0xDC, 0x18, 0x7C, 0x60, 0x80, 0x67, 0x27,
    0x8A, 0x29, 0x6B, 0x09, 0xA5, 0x3B, 0x54, 0x39, 0xE5, 0x3C, 0xA4, 0xE1, 0x69, 0x3F, 0xDC, 0x60,
    0xC0, 0x3B, 0xE1, 0x33, 0xF2, 0xCB, 0xA5, 0xC6, 0x23, 0x65, 0x0F, 0x22, 0xF6, 0xFC, 0x8F, 0x58,
    0xFD, 0x6D, 0xF1, 0x1A, 0xB8, 0x05, 0x0C, 0xD0, 0x42, 0x0D, 0x50, 0x11, 0xE1, 0x9B, 0xB1, 0xAE,
    0xA2, 0x7C, 0x62, 0xF9, 0xEF, 0x60, 0x47, 0x60, 0x02, 0x8E, 0xA8, 0xFE, 0x02, 0xFF, 0x02, 0x1B,
    0xE1, 0x34, 0xEF, 0x17, 0x39, 0x75, 0xDF, 0x4D, 0x54, 0xA5, 0x0B, 0x4A, 0x26, 0xB9, 0x24, 0x54,
    0x6F, 0x51, 0x3A, 0xB1, 0x49, 0x04, 0xE1, 0xDE, 0x56, 0x3D, 0x97, 0x5F, 0xF9, 0x99, 0x23, 0xFE,
    0xDB, 0x9D, 0xE4, 0xB7, 0x2E, 0x2C, 0x4D, 0xEA, 0x22, 0x08, 0x85, 0x7B, 0x6F, 0x8C, 0xDF, 0xBD,
    0xB1, 0x10, 0xBB, 0x12, 0xF5, 0x9E, 0xA4, 0x35, 0xA4, 0x40, 0x45, 0xAA, 0xCE, 0x50, 0xA4, 0x2E,
    0x22, 0x12, 0x56, 0x13, 0x8B, 0xFB, 0xD2, 0xED, 0x59, 0x1E, 0xD5, 0xF3, 0x5E, 0xB1, 0x33, 0xE2,
    0x79, 0x5F, 0xE5, 0x9E, 0xBF, 0xEA, 0xE5, 0xA7, 0xEB, 0x4A, 0xAC, 0x3F, 0xAA, 0x51, 0x8E, 0x30,
    0x06, 0x1F, 0x6A, 0xE0, 0x16, 0xF2, 0x67, 0x98, 0x2D, 0x76, 0x5B, 0xEC, 0x1F, 0xA3, 0xF9, 0xD1,
    0xA2, 0x02, 0xCB, 0x50, 0x47, 0xB4, 0xC0, 0xC7, 0x23, 0x6E, 0x09, 0x2F, 0x24, 0xBC, 0xB0, 0x9E,
    0xBB, 0x9D, 0x70, 0xAD, 0x84, 0xDE, 0x40, 0x4C, 0x08, 0xA3, 0xD6, 0xFA, 0x5A, 0x9B, 0x66, 0xD2,
    0x6A, 0x3D, 0x61, 0x92, 0xD9, 0x71, 0x69, 0x2F, 0x3C, 0x90, 0xF6, 0x3D, 0x69, 0x1F, 0x4A, 0xDB,
    0x65, 0x3B, 0xB0, 0x3E, 0xA2, 0x77, 0xB0, 0x62, 0xBC, 0xDA, 0xB6, 0x9B, 0x2E, 0x7B, 0xEC, 0x61,
    0xB0, 0x7D, 0x20, 0xE7, 0x26, 0x3D, 0xDD, 0x7D, 0xD9, 0xC2, 0x8B, 0x54, 0x02, 0x73, 0x30, 0x5D,
    0x0A, 0xD2, 0xEA, 0x8F, 0x9C, 0xBE, 0x81, 0xFE, 0x09, 0x4D, 0x0F, 0x7D, 0x80, 0x36, 0xD0, 0x84,
    0xA0, 0x62, 0x50, 0x49, 0x73, 0xF7, 0x2F, 0x4D, 0x76, 0x17, 0x5F, 0x72, 0x31, 0xE1, 0x7A, 0x03,
    0x23, 0xED, 0x5E, 0xB8, 0x17, 0x3C, 0x96, 0x59, 0xFC, 0x56, 0x41, 0x4E, 0xF8, 0x6A, 0x46, 0x31,
    0xA7, 0x66, 0x3C, 0x23, 0x9C, 0x56, 0x68, 0x26, 0x68, 0x9C, 0x09, 0x16, 0x21, 0xFF, 0xF0, 0xEB,
    0x93, 0x97, 0x3C, 0xBE, 0x39, 0x72, 0x08, 0x4D, 0xD4, 0x12, 0xF7, 0x09, 0x39, 0x82, 0x45, 0xA0,
    0xE0, 0x82, 0xD5, 0x58, 0x4F, 0x33, 0xEA, 0xAD, 0xDE, 0x68, 0x0A, 0x53, 0x10, 0x63, 0xB9, 0x18,
    0x6D, 0x94, 0x6E, 0x55, 0x33, 0xAD, 0x73, 0xF5, 0xFA, 0x3A, 0xC8, 0xF1, 0x1F, 0xA5, 0x95, 0x01,
    0x64, 0x24, 0x57, 0x1C, 0x87, 0xBF, 0xF7, 0xDE, 0x24, 0x73, 0xDD, 0x47, 0x66, 0x4B, 0xE9, 0x41,
    0xCD, 0xA1, 0x08, 0xBD, 0xCB, 0x42, 0x10, 0x4C, 0xAE, 0x2F, 0x5A, 0xD4, 0x81, 0x00, 0x05, 0x4E,
    0x01, 0x00, 0x8B, 0x60, 0xB0, 0xB5, 0xD3, 0x16, 0x05, 0xE5, 0x0A, 0x00, 0x9A, 0x14, 0xA0, 0xE5,
    0x16, 0x41, 0xB0, 0xB9, 0x3C, 0x0E, 0xA5, 0x85, 0x01, 0x0A, 0xB8, 0x77, 0x4E, 0x01, 0x64, 0xB0,
    0x98, 0xF6, 0xE6, 0xF2, 0x6A, 0xD9, 0x61, 0xEF, 0xDA, 0x64, 0xDF, 0x6C, 0xE6, 0xFD, 0x77, 0xCD,
    0xEE, 0x3E, 0xDF, 0xF7, 0xDE, 0xDB, 0xDF, 0xDF, 0xB0, 0x07, 0xE7, 0x70, 0x85, 0xB8, 0x44, 0xFD,
    0x61, 0xD4, 0x73, 0xAB, 0x3F, 0xB3, 0x89, 0x77, 0xA9, 0xAF, 0x1E, 0x30, 0xCB, 0x18, 0x9D, 0x91,
    0x01, 0xEC, 0xC1, 0x08, 0x3E, 0x20, 0xFE, 0xBB, 0x4C, 0x7D, 0xB9, 0xAF, 0xCA, 0x5C, 0x96, 0xB9,
    0x98, 0xBF, 0x67, 0xAA, 0x1C, 0x3C, 0x2D, 0xF5, 0x3F, 0x25, 0xC0, 0x04, 0x6A, 0xF8, 0x0A, 0xA6,
    0xF0, 0x18, 0x32, 0xE8, 0x13, 0xA8, 0x10, 0x0D, 0x64, 0x30, 0x04, 0x56, 0x59, 0x00, 0x4E, 0xC1,
    0x31, 0x2A, 0xA4, 0x07, 0x11, 0xAA, 0x80, 0x0A, 0x59, 0x72, 0x62, 0x64, 0x83, 0x7A, 0x14, 0x26,
    0x52, 0x05, 0xD2, 0x32, 0x32, 0xDD, 0x44, 0x09, 0xC4, 0x86, 0x13, 0x42, 0x45, 0xE2, 0x09, 0xAA,
    0x82, 0xAA, 0xDB, 0x8E, 0x64, 0x81, 0x76, 0x08, 0xD7, 0x61, 0x47, 0x3F, 0x1A, 0xE5, 0x8D, 0xD8,
    0x80, 0x11, 0xE1, 0x22, 0x71, 0x80, 0xF2, 0x88, 0xBB, 0x70, 0x4C, 0xA8, 0x68, 0x84, 0xBC, 0x04,
    0x41, 0xC7, 0x80, 0x85, 0x2B, 0x96, 0xC2, 0x76, 0x07, 0x52, 0xC8, 0x90, 0xDF, 0x19, 0xE1, 0x61,
    0x3B, 0x4C, 0x1A, 0x41, 0x06, 0x47, 0xD0, 0x27, 0xFE, 0x09, 0xD9, 0x04, 0x18, 0x0F, 0xA1, 0x82,
    0xBD, 0x8E, 0x22, 0x83, 0x74, 0x30, 0x41, 0xBC, 0x1F, 0x2A, 0x6A, 0xDB, 0xA7, 0xA3, 0xA8, 0x86,
    0x29, 0x1C, 0x75, 0x10, 0xB5, 0x79, 0xE8, 0x26, 0x12, 0xDF, 0x12, 0x7B, 0x44, 0x84, 0x10, 0xA1,
    0x22, 0xF9, 0xBC, 0xE5, 0x77, 0xCC, 0x83, 0xDC, 0x44, 0xB5, 0x8A, 0xC0, 0x3C, 0x8C, 0xFD, 0xD8,
    0xE7, 0xCC, 0xC7, 0xB8, 0x19, 0x37, 0x8B, 0x3B, 0x3F, 0xF6, 0x20, 0xAD, 0x2A, 0x85, 0x51, 0x0D,
    0xA9, 0x37, 0x99, 0xB2, 0x5F, 0x7F, 0x69, 0xC7, 0xDE, 0xE6, 0x90, 0xC1, 0xE0, 0x97, 0x22, 0xF6,
    0x2C, 0x63, 0x94, 0x93, 0x13, 0x4A, 0xCC, 0xF5, 0x38, 0x44, 0x0D, 0x19, 0x4C, 0x00, 0x6E, 0xA6,
    0xEA, 0x1F, 0xD2, 0x06, 0xAE, 0x43, 0x89, 0x03, 0x62, 0xCF, 0xE6, 0xFD, 0xD5, 0x1C, 0x00, 0x65,
    0xD1, 0x46, 0xBE, 0x24, 0x99, 0x12, 0x45, 0x8C, 0xFD, 0xBC, 0x72, 0x16, 0x35, 0x6E, 0xE6, 0xD5,
    0x7E, 0x5C, 0xFC, 0x0A, 0x06, 0x1C, 0xCA, 0x72, 0x32, 0xE7, 0xC7, 0xBD, 0x00, 0x51, 0xC4, 0x03,
    0x12, 0xF9, 0x32, 0x99, 0x46, 0xD1, 0x0D, 0x27, 0x40, 0x02, 0xDA, 0x74, 0xC0, 0xF6, 0x60, 0x50,
    0x10, 0x1B, 0xF9, 0x57, 0x97, 0xF5, 0x4B, 0x83, 0x76, 0x88, 0x92, 0x9F, 0x4D, 0xA0, 0x68, 0xF3,
    0x8B, 0xA4, 0x89, 0xFA, 0xD2, 0xB5, 0xEB, 0xBF, 0xFE, 0xD8, 0x37, 0xEE, 0xC2, 0x31, 0x81, 0xD8,
    0x16, 0x78, 0x73, 0xC2, 0xC2, 0x79, 0xB4, 0x69, 0x1B, 0x98, 0x0F, 0x0B, 0x0D, 0x5C, 0x38, 0x5F,
    0x25, 0xBC, 0x3D, 0xE6, 0xDF, 0x71, 0xBE, 0xB5, 0xCD, 0xFD, 0x6C, 0x71, 0x5D, 0x3B, 0x8B, 0x1E,
    0x09, 0x1B, 0x9C, 0xD6, 0x7D, 0x26, 0xA7, 0x8B, 0x8B, 0x61, 0x7D, 0x8F, 0x8B, 0x82, 0xD8, 0xCF,
    0x48, 0x8A, 0x29, 0x0F, 0x19, 0x90, 0x91, 0xCC, 0x5F, 0x66, 0x84, 0x36, 0xF3, 0xFB, 0x7D, 0x52,
    0x52, 0xB3, 0x8F, 0x7E, 0x5D, 0x23, 0x7C, 0x09, 0x00, 0x1F, 0x01, 0x3B, 0xC0, 0x1D, 0x50, 0x6F,
    0x48, 0x7D, 0xB1, 0xAF, 0x6C, 0x2E, 0x5C, 0x8E, 0xCB, 0x85, 0xCB, 0x54, 0x99, 0x3E, 0x2D, 0xE2,
    0xAB, 0x76, 0x17, 0x33, 0x38, 0x84, 0x87, 0xC0, 0x27, 0xC0, 0x16, 0x10, 0xC1, 0x5A, 0xDA, 0xE5,
    0xBE, 0x5A, 0x69, 0x06, 0x20, 0x03, 0x8E, 0x60, 0xA7, 0x0F, 0xAF, 0x2D, 0x18, 0xB3, 0xA6, 0xF8,
    0xDD, 0x2E, 0x09, 0xD0, 0x1B, 0x90, 0x25, 0x50, 0xDD, 0x5E, 0xDF, 0x76, 0x53, 0x17, 0xFD, 0x31,
    0x88, 0x66, 0xB1, 0xFB, 0xC3, 0xDB, 0xE9, 0x97, 0x7B, 0x2C, 0x50, 0xFF, 0x71, 0x01, 0xDE, 0xC2,
    0x01, 0xB0, 0xC3, 0xAD, 0xF4, 0xCB, 0xBD, 0x18, 0xA4, 0x0F, 0x50, 0x86, 0xE7, 0x7B, 0xC9, 0x1A,
    0x9E, 0x75, 0x00, 0x5D, 0xC0, 0xA7, 0x8F, 0xA0, 0xBF, 0x05, 0x17, 0x53, 0x62, 0x5F, 0x77, 0xFE,
    0xCF, 0x77, 0xA1, 0x46, 0x14, 0x4F, 0xA0, 0x54, 0xDE, 0xAE, 0xCA, 0x7A, 0x0E, 0x0C, 0x7A, 0x20,
    0xD6, 0x16, 0x0A, 0x8B, 0xAC, 0x60, 0x77, 0xA5, 0x70, 0xA9, 0x9B, 0x7B, 0x10, 0xAD, 0x2D, 0x6C,
    0xBB, 0x39, 0x40, 0x78, 0x56, 0x22, 0x2E, 0x7F, 0x07, 0xD6, 0x93, 0xB5, 0xCF, 0xD1, 0x00, 0x13,
    0xBD, 0x00, 0x4B, 0x40, 0x6E, 0x68, 0x5D, 0x01, 0x89, 0x19, 0x72, 0x7C, 0x4A, 0xF5, 0xDF, 0x3A,
    0xA3, 0xDA, 0x57, 0x6E, 0xE0, 0xED, 0x3B, 0xF3, 0x27, 0xBA, 0x4A, 0xDA, 0x31, 0x4B, 0x9E, 0x5D,
    0x0C, 0x5E, 0x80, 0xB4, 0xCA, 0x0A, 0x23, 0x66, 0x30, 0x82, 0x21, 0x10, 0x4C, 0x45, 0x3B, 0x9C,
    0xB4, 0xFC, 0x2F, 0x16, 0x20, 0x43, 0xD4, 0x3D, 0xCC, 0xD6, 0x90, 0xF3, 0x53, 0x66, 0x01, 0x40,
    0xB0, 0x28, 0xC7, 0x26, 0x16, 0x69, 0x27, 0x49, 0x51, 0x25, 0x2C, 0xD7, 0x2C, 0xE1, 0xD9, 0x05,
    0x2D, 0x1D, 0x59, 0x22, 0x9A, 0x1E, 0x51, 0x07, 0x7E, 0x0C, 0xDA, 0x82, 0x5D, 0xCD, 0x6F, 0x0F,
    0xA4, 0x07, 0x1D, 0xF8, 0xDA, 0x81, 0x43, 0x06, 0xF0, 0xE5, 0x9F, 0x68, 0xDF, 0x01, 0xBE, 0x11,
    0x91, 0xD6, 0x6C, 0xBB, 0xD5, 0x64, 0x08, 0xC6, 0x2E, 0x45, 0x03, 0x02, 0xD6, 0x6C, 0x51, 0x16,
    0x61, 0x00, 0x84, 0x83, 0x29, 0x44, 0x9C, 0x91, 0x67, 0x54, 0xA9, 0x74, 0xFA, 0x7B, 0xAB, 0x5E,
    0x20, 0xAE, 0x60, 0x0A, 0xF9, 0xDB, 0x05, 0xB2, 0x40, 0x39, 0x18, 0x02, 0x4C, 0x64, 0x99, 0x2B,
    0x9B, 0xC5, 0x76, 0x47, 0x9B, 0x24, 0x41, 0x3F, 0x46, 0x35, 0xA8, 0x1A, 0x31, 0x83, 0x0A, 0xE1,
    0xE6, 0x16, 0x55, 0x84, 0x92, 0x39, 0x82, 0x33, 0xB8, 0xB7, 0x0A, 0xFB, 0xAA, 0x50, 0xBF, 0x59,
    0xF5, 0x8D, 0xA1, 0x86, 0x5F, 0x61, 0x17, 0xFA, 0xA1, 0x0A, 0x35, 0x83, 0x5D, 0x70, 0x1D, 0x16,
    0x2F, 0x5F, 0x99, 0xD8, 0x03, 0x41, 0x0A, 0xF1, 0x39, 0xFA, 0x0D, 0xEF, 0xED, 0x75, 0xE0, 0xFF,
    0x0B, 0x5D, 0x89, 0x01, 0x66, 0xFC, 0x40, 0x14, 0xC6, 0x7F, 0xFE, 0xD9, 0xBF, 0x6D, 0x1B, 0x4D,
    0xF6, 0x02, 0x59, 0xB0, 0xA0, 0x12, 0x59, 0x04, 0xC1, 0xCB, 0xCE, 0x00, 0xBD, 0xC6, 0x1E, 0x61,
    0x11, 0x04, 0x21, 0x73, 0x94, 0x02, 0x28, 0x28, 0x72, 0x80, 0x01, 0xA0, 0x68, 0x2E, 0x50, 0xA6,
    0x7A, 0x81, 0x61, 0x8B, 0x00, 0x69, 0x06, 0x45, 0xFB, 0xBD, 0xF7, 0x7E, 0xEF, 0x7B, 0xEF, 0x53,
    0x4E, 0x79, 0x78, 0x78, 0x56, 0xCB, 0x0F, 0xD5, 0xB2, 0x4C, 0xEB, 0x38, 0xF8, 0xED, 0x37, 0x4D,
    0xDB, 0x37, 0x87, 0xBE, 0xC8, 0x47, 0x8A, 0x32, 0xC9, 0xAA, 0xCD, 0x4D, 0xD3, 0xB5, 0xBE, 0x9F,
    0x9B, 0xEE, 0x70, 0xEE, 0xE7, 0x42, 0xF2, 0x7A, 0x74, 0x50, 0x48, 0x79, 0x4A, 0xB2, 0x2C, 0xAF,
    0x8E, 0x10, 0x99, 0xC8, 0xA8, 0x2F, 0x35, 0x87, 0x1D, 0xEA, 0x9F, 0x86, 0x58, 0xC7, 0x7A, 0xF0,
    0xE5, 0x53, 0xE9, 0x06, 0x1F, 0xFC, 0x16, 0x28, 0xCD, 0x60, 0x07, 0xAB, 0xEC, 0x7F, 0x76, 0x3B,
    0x2D, 0xD7, 0x69, 0x6D, 0x20, 0x35, 0xF7, 0x70, 0x9A, 0x04, 0x2E, 0x7E, 0x0C, 0x70, 0x50, 0x7D,
    0x5A, 0x50, 0xAF, 0x1A, 0xEE, 0x12, 0xF5, 0xE8, 0x91, 0xEB, 0x9B, 0x30, 0x7E, 0xBC, 0xE7, 0xB8,
    0x15, 0x91, 0x5D, 0xCF, 0x58, 0x87, 0x20, 0xA8, 0x6E, 0x6B, 0xDF, 0xFA, 0x8B, 0x3B, 0x9B, 0xDB,
    0xBD, 0xBC, 0x74, 0x45, 0xC2, 0x11, 0x61, 0x4F, 0xAC, 0x53, 0x84, 0x8A, 0xA0, 0x89, 0xC8, 0xB2,
    0xD5, 0xA4, 0x20, 0xD0, 0x82, 0xFF, 0xFB, 0xF8, 0x06, 0x54, 0x4C, 0xB5, 0x15, 0xC3, 0x50, 0x10,
    0xD3, 0xB3, 0xBB, 0x30, 0x33, 0xF4, 0xA1, 0xAB, 0xC2, 0x70, 0x37, 0x52, 0xB8, 0xCD, 0x8D, 0xE4,
    0x2E, 0xAD, 0x46, 0xF0, 0x08, 0x7F, 0x93, 0x50, 0x17, 0xA9, 0x12, 0x8A, 0x6F, 0xD2, 0x24, 0x24,
    0xE1, 0x96, 0x8A, 0x03, 0xB1, 0x67, 0x29, 0xD4, 0x54, 0x43, 0x44, 0x40, 0xFC, 0x60, 0xEA, 0x0D,
    0x56, 0xA8, 0x0E, 0x0C, 0x6D, 0x6D, 0x0F, 0x7B, 0xF2, 0x4C, 0x35, 0x40, 0x7D, 0xCC, 0xD8, 0xB2,
    0xC8, 0x63, 0x02, 0xB1, 0x05, 0xF5, 0xC3, 0xD3, 0xAF, 0x27, 0xB8, 0xF3, 0x4E, 0x65, 0x95, 0x0A,
    0xE0, 0xFF, 0xBF, 0xBF, 0xCF, 0x7F, 0xF0, 0xB5, 0x6D, 0xC9, 0xD8, 0x8B, 0xD8, 0x41, 0x29, 0xDE,
    0xB5, 0x21, 0xB2, 0x8C, 0x7E, 0xF3, 0xF7, 0xA8, 0xEF, 0x04, 0x00, 0x5D, 0x8F, 0x01, 0x84, 0x14,
    0x6F, 0x18, 0x87, 0x9F, 0xD9, 0xEF, 0xFF, 0xB7, 0xDC, 0xC7, 0xBD, 0x87, 0x0B, 0x70, 0x33, 0x47,
    0x01, 0xB6, 0x1D, 0x08, 0xE1, 0xDB, 0xDD, 0x4D, 0x00, 0x00, 0xE7, 0x80, 0x04, 0x10, 0x4A, 0x61,
    0x8F, 0xC5, 0xD6, 0x0C, 0x00, 0x11, 0x00, 0x08, 0x00, 0xDC, 0x45, 0x87, 0xE8, 0x70, 0x9A, 0x0F,
    0x00, 0xD2, 0x00, 0x01, 0x0C, 0x82, 0xE0, 0x7C, 0x34, 0x18, 0x99, 0x9D, 0xB7, 0x19, 0x2B, 0x47,
    0x3C, 0xCF, 0x0F, 0x2F, 0x5E, 0x1E, 0x00, 0xF3, 0x95, 0xE2, 0xBD, 0xD1, 0x56, 0x6E, 0x9A, 0xA9,
    0x0B, 0xEE, 0xAC, 0x74, 0xBF, 0xFC, 0xEB, 0xEF, 0xCB, 0xC5, 0x37, 0x16, 0x4F, 0x48, 0x36, 0xC7,
    0x89, 0xD6, 0x73, 0x2D, 0xCF, 0x2A, 0xEE, 0x7A, 0x80, 0x44, 0x7D, 0xA2, 0x65, 0x0C, 0x3B, 0x12,
    0x5D, 0x26, 0x9A, 0xC7, 0x90, 0xF9, 0x81, 0xDD, 0x31, 0xEA, 0x18, 0x6B, 0x2E, 0x11, 0xFB, 0x20,
    0x90, 0x75, 0xA4, 0x3F, 0x77, 0xCB, 0x78, 0x49, 0xFA, 0x23, 0x9F, 0x6B, 0xC5, 0xFF, 0x1C, 0xB1,
    0x4F, 0x42, 0x4C, 0xE2, 0x7B, 0x43, 0xCC, 0x51, 0x1D, 0xA3, 0xAA, 0x7E, 0x30, 0xB6, 0xEF, 0x88,
    0xCD, 0x0D, 0x31, 0x5D, 0xEF, 0x9B, 0xDE, 0x29, 0xD2, 0x21, 0x5A, 0x4A, 0x14, 0x32, 0x6D, 0x7B,
    0xE4, 0x34, 0x88, 0x7A, 0x39, 0x47, 0xB8, 0x65, 0x05, 0x96, 0x0D, 0x08, 0x6E, 0xE4, 0xA7, 0xDC,
    0x37, 0xD5, 0x8C, 0x78, 0x1C, 0x1C, 0x99, 0xAA, 0xB2, 0xF8, 0xF8, 0xA5, 0x63, 0xFC, 0xC1, 0x05,
    0x4C, 0x9B, 0x54, 0x98, 0x5A, 0x4A, 0xA2, 0x60, 0x3D, 0x54, 0xA6, 0x9F, 0x07, 0x6C, 0x46, 0x1A,
    0xAD, 0xD3, 0xC6, 0x5D, 0xAD, 0x1E, 0xAE, 0xD7, 0x8B, 0x66, 0xEF, 0xDE, 0x9D, 0x93, 0xAC, 0x25,
    0xCD, 0x47, 0x5A, 0x8D, 0x4B, 0x04, 0x8A, 0x16, 0x6D, 0x79, 0x71, 0x32, 0xEC, 0xD3, 0x13, 0x6C,
    0x8E, 0xF9, 0x5D, 0x52, 0x54, 0xC0, 0x1E, 0x53, 0x84, 0x6B, 0x64, 0x14, 0x10, 0xEB, 0x91, 0x14,
    0x8A, 0xA2, 0x21, 0xD3, 0x1A, 0x79, 0xEB, 0x11, 0x53, 0x21, 0xD4, 0xBD, 0x9B, 0xDE, 0x14, 0xDB,
    0x2D, 0x45, 0xAB, 0xEC, 0xA2, 0x7D, 0x79, 0x3E, 0xE4, 0xA4, 0x17, 0x4D, 0x5F, 0xF7, 0x4F, 0x0E,
    0x87, 0x80, 0x03, 0xB2, 0x1C, 0xA3, 0x0D, 0xD2, 0x5E, 0x33, 0x75, 0xE0, 0xFE, 0xBA, 0x50, 0x06,
    0x67, 0x4E, 0x48, 0x36, 0x73, 0xC6, 0xDA, 0x12, 0x69, 0x05, 0x8E, 0x9D, 0xFF, 0x01, 0x13, 0x28,
    0x72, 0xA3, 0x41, 0xB6, 0xCD, 0x74, 0x72, 0xE0, 0x26, 0xF4, 0x6C, 0x86, 0x65, 0x36, 0x21, 0x79,
    0x7E, 0x6C, 0xB5, 0x1E, 0x69, 0xC9, 0x0C, 0x0E, 0x29, 0xB6, 0xDA, 0x8D, 0x82, 0xD9, 0x9A, 0x2E,
    0x0A, 0x8B, 0x32, 0x45, 0x72, 0x53, 0x46, 0x81, 0x2B, 0x18, 0x83, 0x5D, 0x62, 0x9F, 0x61, 0x1B,
    0x92, 0x9C, 0xEC, 0x1A, 0x5B, 0x93, 0xE6, 0x2C, 0x1E, 0xE5, 0xF6, 0xB1, 0xB7, 0xC5, 0xD2, 0xB6,
    0x00, 0x1C, 0xC0, 0x25, 0xA3, 0x2D, 0xA2, 0x7E, 0xFE, 0xB9, 0x72, 0x97, 0x61, 0x7D, 0x19, 0x56,
    0x3B, 0x5E, 0x85, 0x15, 0xB7, 0xEC, 0xFA, 0x25, 0x0A, 0xC2, 0xA7, 0x81, 0xD3, 0x90, 0x69, 0x99,
    0x9E, 0x0F, 0x3F, 0x33, 0x8F, 0x30, 0xF0, 0x07, 0x63, 0xD0, 0x64, 0x60, 0xF8, 0xEF, 0xC0, 0x74,
    0xF9, 0x00, 0x73, 0x73, 0x03, 0xBB, 0xB3, 0x03, 0x37, 0x37, 0x03, 0xBF, 0x2C, 0x03, 0x9F, 0x05,
    0x03, 0xDF, 0x07, 0x06, 0xFE, 0x06, 0x86, 0x7A, 0x06, 0x86, 0xEC, 0x39, 0x0C, 0xCC, 0x7F, 0x18,
    0x80, 0x00, 0x00, 0x8D, 0x8C, 0x81, 0x66, 0x23, 0x41, 0x1C, 0x87, 0xBF, 0xDD, 0xB9, 0xDC, 0xDE,
    0x59, 0xC9, 0x1E, 0x1C, 0xE0, 0xB2, 0x87, 0x03, 0x91, 0x13, 0xC7, 0x1D, 0xE1, 0x26, 0xDD, 0x79,
    0x84, 0xA2, 0xEF, 0xD1, 0x22, 0xD8, 0x6A, 0x2B, 0xA3, 0x7D, 0x81, 0x3E, 0xC7, 0x42, 0x8A, 0x00,
    0xC2, 0x0E, 0x7D, 0x81, 0xA5, 0x2F, 0x30, 0x01, 0x50, 0x18, 0x68, 0x55, 0x65, 0x77, 0xBA, 0x43,
    0x8B, 0x02, 0xE5, 0x33, 0xF3, 0xF9, 0x7E, 0xFC, 0x81, 0xD8, 0xC2, 0x16, 0xC6, 0x08, 0x4F, 0xEE,
    0xB5, 0x14, 0xA6, 0x8C, 0xCD, 0x32, 0x0A, 0x6F, 0xEF, 0xF9, 0x9A, 0xA4, 0x05, 0x10, 0xED, 0x75,
    0xEE, 0xED, 0x22, 0x33, 0x65, 0x61, 0xCB, 0x27, 0x7B, 0xB6, 0xB3, 0xC5, 0x55, 0x53, 0xAC, 0xF5,
    0xFF, 0x0E, 0x80, 0x6F, 0x30, 0x87, 0x73, 0xE8, 0x88, 0xEE, 0x11, 0xB7, 0x5A, 0x5C, 0x9A, 0x0C,
    0x3B, 0xC2, 0x4D, 0x99, 0x1F, 0x54, 0xDB, 0xDA, 0x77, 0x2B, 0xDF, 0xD6, 0xBE, 0xCD, 0x70, 0x1F,
    0x61, 0xC0, 0xE1, 0xF7, 0xA3, 0x7A, 0xEF, 0x90, 0x8C, 0x49, 0xB4, 0x30, 0xA9, 0xFA, 0x4D, 0xC9,
    0x43, 0xDF, 0x26, 0x95, 0x2E, 0xBC, 0x21, 0xD6, 0x08, 0x45, 0x0A, 0x43, 0x98, 0xC2, 0x5F, 0xB8,
    0x81, 0x86, 0xD8, 0xBC, 0xCB, 0x73, 0x38, 0x01, 0xA4, 0x04, 0xF6, 0xC4, 0x7B, 0x84, 0x21, 0xD1,
    0xA4, 0x8A, 0x0C, 0xC6, 0x6C, 0x24, 0xB2, 0xA7, 0xE4, 0x87, 0x23, 0x73, 0xA4, 0x4D, 0xD8, 0x81,
    0x88, 0x01, 0xB9, 0x5D, 0x19, 0x79, 0xB1, 0xB3, 0xCB, 0x4C, 0xBB, 0x65, 0xAE, 0xDD, 0xE2, 0xF4,
    0xD1, 0x86, 0x16, 0x01, 0x7C, 0x56, 0xCC, 0x1A, 0x16, 0x9A, 0x0D, 0xB8, 0x37, 0x2C, 0x91, 0x25,
    0x0E, 0x37, 0x5E, 0xA9, 0x15, 0x1D, 0x00, 0x40, 0x71, 0xA7, 0xFF, 0x78, 0xF8, 0x14, 0xE4, 0x5F,
    0x10, 0x18, 0x82, 0xA4, 0xF0, 0x7A, 0xF2, 0xAC, 0x22, 0x13, 0xA4, 0x67, 0x04, 0x5F, 0x80, 0x01,
    0x51, 0xC7, 0xCC, 0xD2, 0xC2, 0xB1, 0x0D, 0xCE, 0x57, 0xAA, 0x0A, 0xEF, 0xD5, 0x4F, 0x28, 0x34,
    0x49, 0x1B, 0xBE, 0xA4, 0x0B, 0xFE, 0x8B, 0x7E, 0x52, 0xDE, 0xEB, 0x17, 0x75, 0x97, 0x67, 0x74,
    0x1B, 0x47, 0x92, 0xC7, 0xFF, 0xD3, 0x4D, 0x6A, 0x56, 0x6C, 0xA0, 0x87, 0x9B, 0x13, 0x2C, 0xC8,
    0xE1, 0x83, 0x9E, 0x34, 0x0C, 0x47, 0xC1, 0x34, 0xBC, 0xA2, 0x3C, 0x43, 0xEB, 0xDE, 0xDB, 0xE0,
    0x6C, 0xD3, 0xE1, 0x3D, 0x67, 0x6F, 0xCE, 0x38, 0x52, 0xFB, 0x9C, 0x8D, 0xA6, 0x78, 0xEF, 0x9C,
    0xC3, 0xA5, 0x2F, 0x17, 0x1D, 0x2F, 0x07, 0x38, 0x7B, 0x23, 0x8B, 0xC4, 0x07, 0x3A, 0x49, 0x1A,
    0xA7, 0xCB, 0xF2, 0x8D, 0xAC, 0xCD, 0x71, 0x64, 0xC3, 0x2B, 0xC8, 0x02, 0xD1, 0x57, 0x4D, 0x10,
    0xA4, 0x15, 0x0E, 0xD0, 0xFF, 0x87, 0xAE, 0x9E, 0xEE, 0x12, 0xA7, 0xAB, 0xA6, 0xBA, 0xC7, 0x8B,
    0xC5, 0x61, 0xDF, 0x62, 0x1C, 0x61, 0x2B, 0xB8, 0xD7, 0x88, 0x44, 0x64, 0xE2, 0x3A, 0x71, 0x99,
    0xB8, 0x44, 0x4C, 0x14, 0xCF, 0x75, 0xBD, 0x00, 0x20, 0x32, 0xCF, 0xD6, 0x44, 0x3A, 0x2C, 0xE2,
    0xC3, 0xFF, 0x6D, 0xCB, 0xA2, 0x33, 0xD2, 0x48, 0xD1, 0x06, 0x1C, 0x3E, 0xEC, 0xD2, 0x4C, 0xB4,
    0x87, 0x85, 0x39, 0xC6, 0xB0, 0xF5, 0xB8, 0x6A, 0xF9, 0xFB, 0x85, 0xF8, 0x06, 0xAA, 0xD0, 0x35,
    0xE6, 0x46, 0xEE, 0x1B, 0xC6, 0x24, 0x55, 0xE9, 0x3A, 0xB6, 0xF9, 0xCB, 0xAD, 0x9B, 0xA9, 0x9F,
    0x60, 0x90, 0x03, 0x0A, 0xE8, 0x2B, 0x9A, 0xBE, 0x59, 0x04, 0x2D, 0x44, 0x05, 0x0C, 0xB2, 0xB9,
    0x2E, 0xEE, 0x8B, 0x62, 0xC5, 0xE6, 0x5F, 0xE0, 0x16, 0x36, 0x81, 0xB5, 0x00, 0x70, 0x1F, 0x4B,
    0x24, 0x0C, 0x95, 0x31, 0x06, 0x06, 0x18, 0x0D, 0x45, 0x50, 0x89, 0x68, 0xE2, 0x34, 0x6B, 0xFF,
    0x15, 0xFD, 0xE8, 0x7E, 0x86, 0xAC, 0x5D, 0x44, 0xEF, 0x95, 0x17, 0x4E, 0x00, 0x63, 0x0A, 0xC0,
    0x13, 0xD2, 0xC0, 0x4B, 0xBD, 0x14, 0xFE, 0x2F, 0x6C, 0x03, 0xCA, 0xFE, 0xFD, 0x4D, 0x00, 0xD0,
    0x03, 0x78, 0xB4, 0xA2, 0xC0, 0xDA, 0x66, 0xEF, 0x45, 0xAF, 0x9D, 0xDB, 0xB5, 0x3F, 0x78, 0xD1,
    0x6B, 0x17, 0x46, 0xD6, 0x5A, 0x68, 0x00, 0x63, 0x7D, 0xC0, 0x76, 0x3F, 0x46, 0x2A, 0x48, 0x92,
    0x97, 0x29, 0x6B, 0x1B, 0xC1, 0x3B, 0x7F, 0x32, 0xE6, 0x9C, 0xF0, 0x3C, 0xA3, 0x21, 0x97, 0xE4,
    0xDA, 0x58, 0xFD, 0x1B, 0x92, 0x10, 0x5E, 0x12, 0xAE, 0x41, 0x12, 0xAA, 0x65, 0x05, 0x48, 0x3E,
    0x32, 0x90, 0x1A, 0xAF, 0x31, 0x1B, 0x57, 0x8D, 0xDF, 0xB8, 0x0E, 0x58, 0xBF, 0x06, 0xBF, 0x63,
    0xA0, 0x30, 0x42, 0xE8, 0x73, 0xD0, 0x7D, 0x23, 0x2F, 0xA0, 0x7A, 0x60, 0x64, 0x27, 0xF2, 0x8F,
    0x3F, 0xD6, 0x44, 0x6E, 0xF2, 0xCD, 0x0C, 0x85, 0xFB, 0xF9, 0xC2, 0x86, 0x74, 0x24, 0x45, 0xF9,
    0xA5, 0x37, 0x9B, 0xD8, 0xFA, 0xC2, 0x63, 0xBB, 0x10, 0xEC, 0x9C, 0x5C, 0x80, 0x4C, 0xDE, 0x24,
    0xF8, 0xD9, 0x1B, 0x73, 0xD0, 0xA7, 0xCC, 0xD7, 0x31, 0x56, 0x1C, 0xAF, 0xA3, 0x92, 0x43, 0x1B,
    0x9D, 0x8F, 0xCF, 0x92, 0x31, 0x2C, 0xDF, 0x59, 0x0A, 0x94, 0x9D, 0x02, 0x6B, 0x63, 0x0D, 0xB9,
    0x24, 0xD7, 0x0E, 0x00, 0x68, 0x16, 0xB7, 0x29, 0x80, 0x20, 0xCD, 0x72, 0xBF, 0xCE, 0xEE, 0x83,
    0x67, 0x20, 0x0C, 0xDC, 0xAA, 0xF3, 0x4A, 0xB4, 0x4B, 0x80, 0x2E, 0xB3, 0xA4, 0xB5, 0x19, 0x8E,
    0xEB, 0x75, 0x2B, 0x62, 0xC4, 0x8F, 0xFF, 0x35, 0x91, 0xF6, 0xEF, 0x6B, 0xF0, 0xA8, 0x1F, 0x82,
    0xE0, 0x56, 0xA6, 0xBB, 0x82, 0x6E, 0xF5, 0x00, 0x40, 0xCC, 0x11, 0x39, 0x39, 0x5B, 0xCC, 0x53,
    0xE2, 0xDA, 0x00, 0xE0, 0x7C, 0x96, 0x05, 0xE9, 0xB2, 0xC7, 0xE2, 0x5F, 0xE7, 0x57, 0x8E, 0x53,
    0x6D, 0x55, 0x0B, 0xE9, 0x6A, 0x84, 0x36, 0xB0, 0x66, 0x6F, 0x4A, 0x11, 0x35, 0xC2, 0xED, 0xE8,
    0xAF, 0x85, 0x21, 0x50, 0x0B, 0xDF, 0xE3, 0x00, 0x38, 0xCF, 0xDC, 0x2A, 0x80, 0x91, 0x63, 0xFB,
    0xA9, 0xBB, 0xB7, 0x63, 0x8D, 0xBD, 0x27, 0x43, 0x35, 0x53, 0xC4, 0x83, 0x83, 0x71, 0xA0, 0x16,
    0xCD, 0x00, 0x8F, 0xFE, 0xB6, 0x8E, 0xDE, 0xB7, 0xE8, 0x10, 0x82, 0x04, 0x37, 0x43, 0x22, 0x07,
    0xC8, 0x38, 0xEF, 0xA0, 0x1D, 0xFA, 0x80, 0xE8, 0x80, 0xB5, 0xDC, 0x02, 0x18, 0x54, 0x5A, 0x46,
    0x2D, 0xA9, 0x60, 0x28, 0x4B, 0x2B, 0x88, 0xE2, 0x5A, 0x8D, 0xFB, 0x2A, 0xA9, 0x43, 0xC2, 0x18,
    0x26, 0x86, 0x60, 0x9C, 0xC3, 0xD3, 0x86, 0xD0, 0xFD, 0x78, 0x66, 0x2D, 0x83, 0xF2, 0x00, 0x92,
    0x02, 0x50, 0xB5, 0x21, 0xA0, 0x10, 0x59, 0xF8, 0x28, 0x87, 0x8C, 0xEF, 0x95, 0xE1, 0xB7, 0x7F,
    0x59, 0x82, 0xAF, 0x77, 0x56, 0xE0, 0xE7, 0x75, 0x06, 0x95, 0xF7, 0x13, 0xE8, 0xBC, 0x24, 0x86,
    0x4A, 0x50, 0xC8, 0xAD, 0xCB, 0x50, 0x2E, 0x3C, 0xB3, 0x15, 0xBF, 0xD7, 0x4E, 0x82, 0xAE, 0x53,
    0x86, 0x20, 0x87, 0xBA, 0x6D, 0x73, 0xCB, 0x07, 0xA2, 0x16, 0xE3, 0xC3, 0xAF, 0x32, 0x24, 0x31,
    0x7C, 0xF2, 0x63, 0x28, 0x77, 0x0B, 0xFA, 0x97, 0x6C, 0x0E, 0xBE, 0xC8, 0x18, 0x25, 0xC6, 0xA4,
    0x83, 0x38, 0x1C, 0x9E, 0x91, 0x5D, 0x7F, 0x73, 0x76, 0x91, 0x5B, 0x17, 0x4E, 0x30, 0xE0, 0x9C,
    0x82, 0x9D, 0xFE, 0xBB, 0x5B, 0x88, 0xB9, 0x6F, 0x5D, 0x08, 0x9F, 0xEF, 0x1E, 0x2A, 0xAB, 0x81,
    0x9D, 0x66, 0xCE, 0x29, 0x0F, 0x1E, 0x25, 0xE4, 0x30, 0xE9, 0x20, 0x08, 0x05, 0x87, 0xD0, 0xA1,
    0xCC, 0x08, 0xB2, 0xE5, 0x52, 0x11, 0x3B, 0x4C, 0x3B, 0xA7, 0x77, 0xDA, 0x36, 0xE4, 0x4C, 0x9C,
    0x47, 0xF4, 0xCE, 0x5D, 0x05, 0xC8, 0xE9, 0xE7, 0x43, 0xF8, 0x54, 0x2F, 0xB3, 0xD3, 0x97, 0x4A,
    0x08, 0x9E, 0xE1, 0x35, 0x5D, 0x77, 0x57, 0x29, 0xC5, 0x27, 0xCC, 0x20, 0x61, 0xD2, 0x04, 0x31,
    0x4E, 0x30, 0x01, 0x20, 0x4C, 0x95, 0x20, 0x76, 0x64, 0x0D, 0x88, 0x7B, 0x4D, 0x04, 0x71, 0x1B,
    0x7A, 0x01, 0xC2, 0x7A, 0x56, 0x06, 0x92, 0x04, 0x2A, 0x22, 0xB2, 0x4D, 0x7C, 0xE8, 0xD5, 0x73,
    0x43, 0x99, 0xE2, 0x3A, 0xD9, 0xF4, 0x52, 0xB5, 0x47, 0x99, 0xFC, 0x73, 0xDF, 0x47, 0x48, 0xF7,
    0xF7, 0x95, 0x08, 0x03, 0x15, 0xC2, 0x33, 0x20, 0x91, 0xF2, 0xD8, 0x18, 0x73, 0x2D, 0x60, 0xCE,
    0x40, 0xC4, 0xE8, 0x91, 0x3B, 0xE6, 0xB4, 0xDC, 0xB1, 0xB0, 0xA4, 0xE8, 0x9D, 0xCE, 0xAF, 0x3F,
    0xBF, 0xA0, 0xD5, 0x1B, 0x0B, 0x3A, 0x78, 0x6C, 0x41, 0x17, 0x1F, 0xBC, 0x55, 0x6F, 0x99, 0xB9,
    0x55, 0x4F, 0xB1, 0x4E, 0x9C, 0xF9, 0xA4, 0x96, 0xB7, 0xFA, 0x5A, 0xDE, 0x23, 0xB4, 0xFC, 0x0B,
    0x68, 0xF1, 0xBB, 0x58, 0xDB, 0xC9, 0x90, 0x6D, 0x36, 0x65, 0xFC, 0xA9, 0x43, 0x9C, 0x72, 0xEA,
    0x30, 0xFC, 0x99, 0x25, 0x3C, 0x91, 0x42, 0xD5, 0x39, 0x5B, 0x83, 0xB7, 0xCE, 0x4A, 0x51, 0x9C,
    0x3A, 0x23, 0xC5, 0x96, 0x6D, 0x48, 0x31, 0xF5, 0x49, 0xC6, 0x67, 0xCF, 0xC0, 0x3E, 0xC8, 0xB3,
    0x1D, 0xBE, 0xE6, 0x70, 0x1D, 0x66, 0x21, 0xCE, 0x3D, 0x3C, 0xC0, 0xBB, 0xAD, 0xE5, 0xA8, 0x3C,
    0xF9, 0x23, 0x8E, 0x45, 0x2D, 0x81, 0xA4, 0x2E, 0x54, 0xC2, 0x08, 0x1A, 0x0C, 0xFD, 0xCB, 0x34,
    0xC1, 0xE0, 0xB3, 0x49, 0xC2, 0xB1, 0xA0, 0x04, 0x93, 0xF3, 0xF4, 0x32, 0x44, 0xDD, 0xBC, 0x12,
    0x8B, 0xDD, 0xD8, 0x17, 0x8B, 0x3D, 0xB0, 0xF0, 0x7E, 0x1F, 0x3D, 0x70, 0x61, 0x90, 0x86, 0xB5,
    0xC3, 0xB6, 0xF8, 0xB7, 0x1C, 0x35, 0x91, 0x4A, 0x23, 0x0D, 0xA7, 0x0A, 0x54, 0xEA, 0x23, 0xF8,
    0xAE, 0xB5, 0xC5, 0x07, 0x2E, 0xBD, 0x70, 0x8B, 0xF1, 0x31, 0xC5, 0x7A, 0x3F, 0x4B, 0xAE, 0x68,
    0x16, 0x5E, 0xDC, 0x0F, 0x78, 0x04, 0x87, 0xEE, 0x93, 0x36, 0xB4, 0x08, 0xE0, 0xFA, 0xDD, 0x80,
    0xD8, 0x5B, 0x4F, 0x50, 0x9C, 0xA6, 0x45, 0x6C, 0xF5, 0x4C, 0x11, 0x9E, 0xB5, 0x04, 0x60, 0x90,
    0xE5, 0xA5, 0xDD, 0xC1, 0xA2, 0x3B, 0xD7, 0x61, 0xD9, 0x8C, 0xCC, 0x51, 0x7D, 0x9D, 0xC1, 0x41,
    0x13, 0xC0, 0xD6, 0x5D, 0x8C, 0xFD, 0x0B, 0x06, 0xFE, 0xDC, 0x5C, 0x03, 0xA7, 0x79, 0x14, 0xA1,
    0xE4, 0x99, 0x5E, 0x48, 0xEB, 0xD6, 0xDB, 0xE0, 0x68, 0xB8, 0x0B, 0xC2, 0xB8, 0x2D, 0x82, 0x78,
    0xE8, 0xBB, 0x14, 0x2D, 0x5A, 0xFB, 0xE1, 0x57, 0x2F, 0x3C, 0x28, 0x33, 0x34, 0x64, 0x53, 0x34,
    0xD4, 0x1E, 0x7F, 0xBB, 0x7E, 0x5E, 0x97, 0x06, 0x68, 0xAC, 0x74, 0x2A, 0x3D, 0x51, 0x7A, 0x74,
    0x3E, 0x2D, 0xBD, 0xB7, 0x6E, 0x96, 0xC7, 0xF7, 0x6E, 0xF7, 0x5C, 0xFA, 0x72, 0x1B, 0x47, 0x20,
    0x6A, 0x5B, 0xCB, 0x89, 0x76, 0xE1, 0xF5, 0x90, 0xCE, 0x94, 0xE9, 0x55, 0x25, 0xA8, 0xC6, 0xF6,
    0x12, 0xF4, 0x9E, 0xB1, 0x12, 0xC2, 0x9D, 0xB9, 0x12, 0xCA, 0xA4, 0x4B, 0xA8, 0xB9, 0xAB, 0xFD,
    0xAB, 0x73, 0xD9, 0x25, 0x43, 0x65, 0x70, 0xB1, 0x15, 0xC4, 0x9A, 0xB7, 0x6D, 0x41, 0x4A, 0x47,
    0x2D, 0xA5, 0x25, 0xBD, 0xAE, 0x65, 0xB2, 0x4B, 0xAB, 0x6C, 0x57, 0x3E, 0x38, 0xB8, 0x33, 0xAF,
    0x5F, 0xBF, 0x2B, 0x3F, 0xB8, 0x10, 0xE6, 0x46, 0x69, 0x2C, 0x37, 0x49, 0xA5, 0x82, 0xA0, 0x2C,
    0x14, 0x73, 0x49, 0x28, 0x16, 0xA6, 0xAF, 0x13, 0xBB, 0x54, 0xD6, 0x29, 0x02, 0xC3, 0x10, 0x54,
    0x63, 0xA5, 0x2C, 0xDB, 0xAE, 0xB6, 0x5F, 0xBB, 0x42, 0xD6, 0x63, 0x2D, 0xFF, 0x1B, 0xDA, 0xCF,
    0xEE, 0xD7, 0x41, 0xEB, 0xBA, 0xBC, 0xFE, 0x9F, 0xE3, 0xF2, 0x83, 0xA4, 0xF2, 0xA3, 0x24, 0xD9,
    0x0F, 0x72, 0xEE, 0x11, 0x65, 0x85, 0x82, 0x7A, 0x6F, 0xEA, 0x3E, 0x9F, 0x22, 0x46, 0xBF, 0x34,
    0x6B, 0x9A, 0x9C, 0x16, 0x46, 0xCE, 0xFC, 0x05, 0xA2, 0x66, 0x0E, 0xD2, 0xE4, 0xE0, 0x53, 0x0E,
    0x2A, 0x2D, 0x5A, 0x4E, 0x8B, 0x87, 0x8B, 0x7F, 0x98, 0xC3, 0x16, 0xEE, 0x9B, 0x62, 0xBD, 0xDF,
    0xE4, 0x04, 0x5F, 0xF7, 0xA5, 0xC9, 0x2B, 0x69, 0x82, 0xB6, 0x17, 0xE3, 0x5C, 0xC1, 0x31, 0x81,
    0x30, 0x6A, 0x19, 0x92, 0x18, 0x51, 0xCB, 0xB5, 0x8C, 0xC3, 0x82, 0xB5, 0x50, 0x99, 0x72, 0x41,
    0x0D, 0x18, 0x7F, 0x11, 0xC4, 0x18, 0x34, 0x01, 0x61, 0xD4, 0x0C, 0x10, 0x46, 0x4C, 0xD9, 0x85,
    0xAC, 0x56, 0x83, 0xD8, 0x91, 0x8C, 0x71, 0x89, 0x30, 0x01, 0xC4, 0xED, 0x10, 0xDC, 0x07, 0x82,
    0xA0, 0x2E, 0x24, 0x79, 0x49, 0x27, 0x37, 0xB8, 0x45, 0xF0, 0x93, 0x69, 0x62, 0xA7, 0xF3, 0xC4,
    0x4E, 0xDF, 0x20, 0xAC, 0x7B, 0xF1, 0x71, 0x83, 0x4F, 0xD0, 0x16, 0x57, 0xE0, 0x86, 0x80, 0x6B,
    0x28, 0x00, 0x04, 0x45, 0xC4, 0xD8, 0xDF, 0x80, 0x78, 0x81, 0x22, 0x88, 0x3F, 0xC0, 0x5A, 0x40,
    0x98, 0x77, 0xA7, 0x99, 0x74, 0x96, 0x8C, 0x57, 0x60, 0x6D, 0x0B, 0x00, 0xFE, 0xBF, 0x74, 0x7C,
    0x1D, 0xF0, 0xF6, 0x2E, 0x50, 0x27, 0xD1, 0xC7, 0x3C, 0x2A, 0x76, 0xC6, 0x05, 0x6E, 0x9A, 0x06,
    0xC2, 0x0E, 0xBA, 0x26, 0x18, 0xA5, 0x2E, 0x3A, 0x07, 0x88, 0x45, 0x20, 0xEF, 0x59, 0x86, 0xBC,
    0xD6, 0xA0, 0xA0, 0x4F, 0x4E, 0x10, 0x8E, 0x95, 0x9E, 0xC1, 0xA9, 0x59, 0x69, 0x08, 0x15, 0x2A,
    0xAD, 0xC1, 0x7A, 0x94, 0x9C, 0xCF, 0x1C, 0x1C, 0x6A, 0x0E, 0xA1, 0x43, 0x1E, 0xD1, 0x62, 0x1E,
    0xF8, 0xF0, 0x6B, 0xDF, 0xB4, 0x90, 0x75, 0xFB, 0x08, 0xFC, 0x44, 0x03, 0xAA, 0xC1, 0xD0, 0xBF,
    0x54, 0xC0, 0xC0, 0x4E, 0xC6, 0xC9, 0xE4, 0x03, 0x8F, 0x92, 0x3C, 0x1D, 0xEF, 0x25, 0x39, 0xC3,
    0xD3, 0x44, 0x9D, 0x81, 0x43, 0x0E, 0x5B, 0xC1, 0x87, 0x33, 0x48, 0x53, 0x61, 0x65, 0x2C, 0x6B,
    0xA3, 0x43, 0x04, 0x79, 0x6B, 0x0C, 0xFF, 0x05, 0x40, 0xA5, 0xB6, 0x19, 0xD4, 0xBC, 0xB4, 0x78,
    0xBF, 0x6F, 0xB6, 0x98, 0x80, 0xE3, 0x3C, 0x86, 0x13, 0xDD, 0xB8, 0x69, 0xF2, 0xE5, 0x0C, 0x29,
    0x39, 0x6D, 0x17, 0x45, 0x0C, 0x08, 0xC3, 0xAA, 0xDB, 0x56, 0x27, 0x87, 0x50, 0x88, 0x5A, 0x28,
    0x48, 0xE2, 0x72, 0xF2, 0x12, 0xC1, 0xDF, 0x4F, 0x08, 0xDA, 0x04, 0xFD, 0x5F, 0xB6, 0x3D, 0x48,
    0xC8, 0x8F, 0xB2, 0x26, 0x57, 0xF2, 0x0D, 0x65, 0x8E, 0x46, 0xE6, 0x72, 0xDF, 0x33, 0x6B, 0x20,
    0x48, 0xAD, 0xC8, 0xE5, 0x89, 0x24, 0xD6, 0x2B, 0xB6, 0xAD, 0xB2, 0x4B, 0x27, 0x82, 0xA6, 0x82,
    0x7E, 0x55, 0x71, 0x30, 0x15, 0x26, 0x59, 0xD7, 0x74, 0xC7, 0xCE, 0x5D, 0x7A, 0xA1, 0xAB, 0x86,
    0xCE, 0x87, 0x30, 0x12, 0x90, 0x4B, 0xD8, 0x51, 0x87, 0x43, 0x0F, 0xEF, 0x28, 0xF5, 0x1F, 0xC0,
    0xDF, 0xF1, 0xC2, 0xAF, 0xD9, 0xB4, 0x1A, 0x6A, 0xF7, 0x2B, 0x1A, 0xC1, 0x2F, 0xEA, 0x8C, 0xA7,
    0x18, 0x5B, 0xFE, 0xA1, 0x9E, 0xC7, 0xD4, 0x8E, 0xFA, 0x4D, 0xF8, 0xEC, 0x8E, 0xBA, 0xC7, 0x43,
    0x48, 0xC2, 0xDD, 0x9D, 0x5B, 0x8A, 0xF6, 0xF2, 0x0E, 0x65, 0x56, 0xB6, 0xA9, 0x19, 0x0E, 0xA0,
    0x24, 0x14, 0x10, 0x35, 0x19, 0xD2, 0x38, 0x10, 0x43, 0x65, 0x2E, 0xBC, 0x07, 0xF8, 0x6A, 0xF0,
    0xB7, 0x54, 0xC0, 0xC6, 0x19, 0x02, 0x46, 0x1C, 0x4E, 0x98, 0x21, 0xC1, 0xD3, 0xC8, 0xE7, 0x24,
    0x26, 0x05, 0xC1, 0xEB, 0x05, 0x2F, 0xEE, 0x3D, 0xF7, 0xF0, 0x82, 0xD9, 0x5E, 0xAD, 0x81, 0x9D,
    0xF3, 0x91, 0x12, 0x54, 0x42, 0x9F, 0xD7, 0x85, 0xEB, 0x03, 0x14, 0x0B, 0xC5, 0x16, 0xE3, 0xDB,
    0xBB, 0x63, 0xC8, 0x97, 0xEA, 0x29, 0x86, 0xC6, 0xE9, 0x07, 0x28, 0x77, 0xF3, 0x6D, 0xB5, 0x84,
    0xF0, 0xEE, 0xCF, 0xCB, 0x32, 0x51, 0xED, 0x2E, 0x61, 0xAA, 0xE0, 0x37, 0x14, 0x14, 0xA7, 0x84,
    0x7E, 0x51, 0x81, 0x1F, 0x7D, 0x8C, 0xB2, 0x4E, 0xE8, 0x2E, 0x21, 0x2F, 0x9F, 0x98, 0xBB, 0xF0,
    0x42, 0x37, 0x1F, 0x79, 0x16, 0x42, 0x87, 0x59, 0x4B, 0x10, 0x0D, 0x3F, 0x46, 0xF1, 0xEB, 0x83,
    0xC0, 0x47, 0x3A, 0xFF, 0xFF, 0x41, 0xA0, 0xAF, 0x59, 0xFC, 0x19, 0xAA, 0xD3, 0x34, 0xBB, 0xFA,
    0x17, 0x2F, 0xDF, 0xC0, 0xA3, 0x0B, 0x80, 0xF7, 0x52, 0x9D, 0xE0, 0x4F, 0x53, 0x06, 0xED, 0xEE,
    0xA2, 0x27, 0x30, 0xAB, 0xDB, 0xC3, 0x61, 0x7B, 0x44, 0x71, 0xE9, 0xD1, 0xD9, 0xB3, 0x5A, 0xC9,
    0x33, 0x44, 0x1E, 0x9D, 0x86, 0x12, 0xE2, 0xA5, 0x4A, 0x9E, 0xAD, 0xAE, 0xCA, 0x91, 0xCB, 0xD5,
    0x7B, 0xA1, 0x8B, 0x46, 0xEC, 0xA2, 0xB4, 0xAA, 0xA8, 0xE9, 0xC3, 0xE7, 0x9D, 0xD8, 0x49, 0xD5,
    0x3F, 0xA9, 0x83, 0x7D, 0x9F, 0xD4, 0xC5, 0xA7, 0x3F, 0xA9, 0x37, 0xFD, 0xED, 0x27, 0xF5, 0x66,
    0xEE, 0xFB, 0x2C, 0x4B, 0xCE, 0xDC, 0xC9, 0xB2, 0x6D, 0x3E, 0x6B, 0x68, 0x31, 0x0E, 0x88, 0xEE,
    0x8A, 0x71, 0x29, 0x12, 0x54, 0xE6, 0xA4, 0x2B, 0xF3, 0x61, 0xA9, 0x04, 0x49, 0xD1, 0xA2, 0x4A,
    0x4A, 0xF9, 0x20, 0x1B, 0xCE, 0xEB, 0x56, 0x25, 0xBF, 0xF1, 0xD9, 0x5A, 0x7E, 0x84, 0xD2, 0xDC,
    0x63, 0x94, 0xE4, 0xC4, 0x3C, 0x15, 0x44, 0xDD, 0x14, 0xC4, 0x6E, 0x8C, 0x89, 0x9D, 0xB2, 0x01,
    0x1C, 0xB5, 0x55, 0x15, 0xDD, 0x93, 0xEE, 0x8D, 0xD3, 0xB9, 0xEE, 0x68, 0x9B, 0x02, 0x7B, 0xE7,
    0x09, 0x78, 0xA0, 0x1E, 0x77, 0xEE, 0xFC, 0x83, 0x97, 0xBE, 0x3D, 0x01, 0xAC, 0xFB, 0x25, 0x80,
    0x53, 0x77, 0xBB, 0xCA, 0x51, 0x27, 0xA8, 0x39, 0xCA, 0x70, 0xDA, 0xD2, 0xED, 0x7B, 0xD4, 0xD7,
    0x71, 0x25, 0xCC, 0x47, 0x18, 0x34, 0xE6, 0x50, 0x76, 0xB8, 0xCE, 0x55, 0xCF, 0xD9, 0x06, 0x7C,
    0x4A, 0x2B, 0x90, 0xF3, 0x54, 0x83, 0xAA, 0x53, 0xCA, 0x89, 0x07, 0x42, 0xF0, 0x4B, 0x41, 0xBC,
    0xDB, 0xCB, 0xD4, 0x45, 0xB6, 0x86, 0x49, 0x3A, 0x6E, 0xD8, 0xCD, 0x2D, 0x33, 0xB2, 0x10, 0xA2,
    0x4E, 0x01, 0xE7, 0x21, 0x5C, 0xF5, 0x7C, 0x0F, 0x5C, 0xD0, 0x1D, 0xA4, 0x61, 0x78, 0xE8, 0x56,
    0xCF, 0x27, 0x2F, 0x64, 0x2C, 0x9D, 0xE4, 0x18, 0x41, 0x83, 0xA1, 0xFF, 0x83, 0xB1, 0x91, 0x18,
    0xA3, 0x0E, 0x93, 0x0E, 0xE2, 0x5D, 0xA8, 0xDA, 0xCE, 0xD3, 0x21, 0x9D, 0x02, 0x9B, 0x49, 0xF8,
    0xA9, 0x8C, 0x55, 0x5C, 0xCD, 0xB6, 0xC2, 0x1F, 0xCF, 0xA0, 0x5E, 0xB0, 0x36, 0xD8, 0xFB, 0xAD,
    0xFF, 0x0D, 0x2A, 0x8F, 0x3E, 0xBF, 0xA9, 0xBF, 0x7E, 0xCF, 0x29, 0x92, 0x0F, 0x4C, 0x5A, 0xE7,
    0xDF, 0xDF, 0x13, 0xE6, 0x25, 0x2A, 0x05, 0x29, 0x92, 0x50, 0xAA, 0x6D, 0x0D, 0xAF, 0x53, 0x68,
    0xDD, 0x79, 0xA9, 0xC1, 0xBF, 0x15, 0xD6, 0x70, 0xF4, 0x5B, 0xAA, 0xC8, 0xD3, 0xA9, 0xA2, 0xE6,
    0x4D, 0x2D, 0x78, 0x85, 0xF5, 0xB8, 0xB5, 0xC5, 0xAB, 0xA0, 0x4F, 0x89, 0xA1, 0x37, 0xB3, 0x4E,
    0x3C, 0xC7, 0xEE, 0xE4, 0x71, 0x39, 0x56, 0x81, 0x35, 0x26, 0xE3, 0x4E, 0x28, 0xC4, 0x52, 0x1D,
    0xF1, 0x97, 0xF5, 0xC9, 0xE1, 0x6A, 0xEB, 0xDF, 0xCB, 0x92, 0x16, 0x0A, 0x72, 0x2F, 0x1F, 0xDE,
    0xDE, 0x5C, 0x50, 0xC1, 0x6F, 0x3E, 0x09, 0xFD, 0xAC, 0x5F, 0xD8, 0x48, 0xFE, 0xD8, 0x08, 0x79,
    0x95, 0x6B, 0xC8, 0x4B, 0x79, 0xAC, 0x11, 0x74, 0x0B, 0xC4, 0x0B, 0x99, 0xDB, 0x0E, 0x20, 0x8C,
    0x88, 0xBB, 0xEB, 0xD3, 0x45, 0xB4, 0x58, 0x37, 0x90, 0x73, 0x1D, 0xFC, 0x09, 0xD4, 0xFE, 0xBA,
    0x45, 0x70, 0x90, 0x4D, 0xBD, 0x87, 0x31, 0xE8, 0x2E, 0x8C, 0x3A, 0x8C, 0x38, 0x88, 0x25, 0xCC,
    0x3B, 0xFC, 0xC6, 0xDA, 0xE5, 0x73, 0x5B, 0xCC, 0x90, 0x06, 0x9D, 0x93, 0x56, 0xA7, 0x15, 0x35,
    0xBA, 0x7D, 0x3E, 0x31, 0xD4, 0x7F, 0xF3, 0xE0, 0xA0, 0x36, 0x4C, 0x8C, 0x0A, 0x61, 0x93, 0x61,
    0x6C, 0x36, 0x35, 0xC2, 0x94, 0x49, 0x89, 0xC7, 0xA5, 0xF3, 0x3C, 0x97, 0xEA, 0x90, 0x77, 0xC6,
    0xFF, 0x0E, 0x79, 0x37, 0xDA, 0xDD, 0x83, 0xF4, 0x47, 0x9C, 0x97, 0x82, 0x83, 0x76, 0x58, 0x0B,
    0x44, 0x87, 0xD8, 0x95, 0xBF, 0xEA, 0x39, 0xB1, 0x29, 0x82, 0x2C, 0x61, 0x3C, 0xC3, 0xD8, 0xF4,
    0x27, 0x8C, 0xCD, 0x86, 0x52, 0x7C, 0x76, 0x9A, 0xC1, 0x4E, 0xF7, 0xB9, 0xF3, 0x37, 0xE3, 0x5E,
    0xBC, 0x05, 0xF9, 0x4F, 0xB8, 0x05, 0x00, 0x00, 0x89, 0x3E, 0x96, 0xEA, 0xE8, 0x1F, 0xAD, 0xAD,
    0xBE, 0x7D, 0xE9, 0x85, 0xAE, 0xED, 0x1B, 0x05, 0xC5, 0x55, 0x26, 0xD8, 0xA7, 0x74, 0xF1, 0x5A,
    0xA5, 0x37, 0x49, 0xA5, 0x37, 0xB3, 0x4E, 0x64, 0x49, 0xA9, 0x6E, 0x96, 0xDE, 0xF2, 0x1C, 0xF4,
    0x75, 0x77, 0x56, 0x07, 0x4E, 0x87, 0xCE, 0x62, 0x76, 0xDE, 0x4A, 0x92, 0x00, 0x90, 0xC9, 0x50,
    0x0A, 0x95, 0xCD, 0x5E, 0x87, 0xE0, 0xE7, 0xBF, 0x58, 0x07, 0xBD, 0xFB, 0x4E, 0x85, 0x8D, 0xCF,
    0x29, 0x0F, 0x23, 0xA4, 0x80, 0x6B, 0x1C, 0xC4, 0xE1, 0x70, 0x01, 0x3E, 0xEC, 0xC5, 0xDC, 0x95,
    0x84, 0xDE, 0x2B, 0x0F, 0x4E, 0xF0, 0x23, 0xD5, 0x79, 0xA2, 0xF6, 0xD7, 0x8D, 0xE4, 0x72, 0x32,
    0xE4, 0xD1, 0xCD, 0xBC, 0x19, 0x6B, 0xC0, 0x40, 0x00, 0xEB, 0x55, 0xA1, 0x5C, 0xD2, 0xF9, 0x42,
    0x18, 0x6A, 0xAD, 0x4F, 0xEA, 0xE9, 0xE9, 0x3D, 0xBC, 0x20, 0x1D, 0x55, 0x83, 0x5D, 0xE5, 0x75,
    0xE8, 0x9A, 0xDD, 0x56, 0x67, 0xCF, 0x3F, 0xCD, 0x3D, 0xB9, 0xFB, 0xEB, 0x84, 0xE2, 0x1C, 0x35,
    0xB1, 0xD5, 0xA3, 0x21, 0xF4, 0xBB, 0xB9, 0xBE, 0x2B, 0x5C, 0x3E, 0x50, 0x73, 0xA8, 0xAC, 0x98,
    0x95, 0x55, 0xF3, 0xD8, 0x67, 0x88, 0xEB, 0x77, 0x75, 0x2A, 0x81, 0x3B, 0x43, 0x1C, 0x5C, 0x3D,
    0x43, 0x1C, 0xFB, 0x10, 0x5C, 0x6C, 0x1D, 0x76, 0xBC, 0x1E, 0xA7, 0xEF, 0xF3, 0x0C, 0xB3, 0xAE,
    0x53, 0x35, 0x65, 0x0C, 0x07, 0xD4, 0x56, 0xCC, 0xDA, 0xE1, 0xE6, 0xFD, 0x10, 0xE6, 0x2A, 0x30,
    0x32, 0x87, 0xD4, 0xE1, 0x47, 0x13, 0x9D, 0x03, 0xAC, 0xAC, 0x93, 0x86, 0xBC, 0xF5, 0xEC, 0x3C,
    0xD4, 0x6E, 0x1D, 0x22, 0xC8, 0xF2, 0x3D, 0x08, 0xBE, 0xA7, 0x81, 0xC1, 0xDB, 0x86, 0x80, 0x51,
    0x13, 0xC5, 0x98, 0x34, 0xA3, 0xE4, 0xE6, 0xA6, 0x6E, 0x4B, 0x7B, 0x02, 0xE2, 0xDE, 0x78, 0x10,
    0xE2, 0x6E, 0xB8, 0x38, 0xDF, 0x0F, 0x97, 0xA3, 0x0E, 0x04, 0x97, 0xE4, 0x6D, 0xCE, 0xC2, 0x3F,
    0x9F, 0x80, 0xE4, 0x90, 0x42, 0x3E, 0xCF, 0xE8, 0x1C, 0xF6, 0x9E, 0x71, 0xF8, 0x6B, 0x6B, 0x39,
    0xBF, 0xB9, 0xB5, 0xD9, 0xE1, 0x44, 0x07, 0x79, 0x38, 0x38, 0xCE, 0x8C, 0xB8, 0x8F, 0xCD, 0x58,
    0x39, 0x04, 0x8C, 0x3F, 0xE7, 0x69, 0x51, 0xE6, 0xCC, 0x71, 0xD5, 0x03, 0xBF, 0x7E, 0x46, 0x0E,
    0xEA, 0x15, 0x46, 0xF0, 0x16, 0xA3, 0x38, 0xC5, 0xD8, 0xB2, 0xED, 0x9C, 0x02, 0xA6, 0xB6, 0xD9,
    0x16, 0x3E, 0x1B, 0xAB, 0x9C, 0x9B, 0xDB, 0xE3, 0x20, 0x1D, 0xCE, 0x60, 0xF8, 0x6D, 0x74, 0xDF,
    0xCD, 0xDA, 0x8C, 0x3B, 0x35, 0x24, 0x6F, 0x0C, 0xA8, 0x1E, 0x62, 0xB8, 0x16, 0xDC, 0xDE, 0xC1,
    0xFE, 0x1C, 0x9E, 0xE6, 0xAB, 0xC5, 0xAF, 0xDA, 0x36, 0x3B, 0x8D, 0x35, 0x3B, 0x8D, 0x81, 0xCF,
    0x32, 0x78, 0x5A, 0xEC, 0x33, 0x8C, 0x82, 0x3C, 0xDD, 0xBD, 0x18, 0xA3, 0x5B, 0xBF, 0x62, 0x9B,
    0xC8, 0x38, 0x49, 0xA4, 0xA1, 0x24, 0x7A, 0x9B, 0x12, 0xB9, 0x8D, 0x12, 0xB5, 0x1B, 0x36, 0xF8,
    0x29, 0x10, 0xCC, 0xDA, 0xD6, 0xA6, 0x0B, 0xE2, 0xED, 0xA7, 0x9C, 0x4E, 0xB5, 0xA9, 0x78, 0x2F,
    0x8F, 0xBB, 0xD1, 0xC8, 0x38, 0xE2, 0x1B, 0x39, 0x94, 0xCA, 0x6F, 0x52, 0x5B, 0x7C, 0xC9, 0xBD,
    0x34, 0x9E, 0xE0, 0x9C, 0x3C, 0x1E, 0x33, 0xF6, 0x31, 0xC6, 0xDD, 0x96, 0x71, 0x80, 0xE1, 0xDF,
    0xE9, 0xF0, 0xD7, 0x75, 0x0B, 0xF5, 0x9F, 0x75, 0x83, 0x60, 0x2F, 0x9B, 0xC5, 0x47, 0x19, 0x9B,
    0xAE, 0x66, 0x6C, 0x76, 0xE3, 0x3E, 0xEB, 0xC0, 0x33, 0xB6, 0xAD, 0xE0, 0x56, 0xC6, 0x7C, 0xB7,
    0x44, 0x98, 0x7E, 0x87, 0x31, 0x87, 0x80, 0xC7, 0x91, 0x48, 0x10, 0x35, 0x3F, 0xC2, 0x2D, 0x13,
    0x02, 0x72, 0xFE, 0x6B, 0x25, 0xA8, 0xB7, 0xBE, 0x56, 0xE6, 0x5B, 0xFE, 0x5A, 0x01, 0xFA, 0x8F,
    0xC3, 0x3C, 0x36, 0xDE, 0x1A, 0x06, 0x18, 0xB9, 0x33, 0x54, 0x38, 0xE1, 0x9E, 0xF0, 0x64, 0x9E,
    0x16, 0x0E, 0x33, 0x06, 0x6A, 0x8C, 0x62, 0xCA, 0x58, 0x39, 0x1B, 0x7F, 0xD2, 0xB6, 0xB8, 0x15,
    0xBA, 0xF3, 0xD0, 0x86, 0x02, 0x07, 0xA7, 0xCC, 0xAD, 0xB8, 0x54, 0x80, 0x6F, 0x4A, 0x21, 0x14,
    0x31, 0xF8, 0x64, 0xD4, 0x44, 0xB1, 0x32, 0xBC, 0x01, 0x9B, 0xE2, 0xCA, 0x06, 0x6C, 0x8E, 0x2B,
    0x65, 0x0E, 0x4E, 0xAD, 0xC4, 0xE3, 0xEE, 0x77, 0x48, 0x19, 0xDF, 0xB4, 0xB6, 0xE3, 0x4F, 0x2C,
    0x57, 0xC8, 0x45, 0x48, 0x83, 0x9B, 0x18, 0xEB, 0x33, 0x54, 0x5B, 0x91, 0xE1, 0x96, 0x32, 0xF0,
    0x49, 0xA4, 0x08, 0xF6, 0xB9, 0x32, 0xF9, 0x84, 0x52, 0x28, 0xFE, 0x9D, 0xCA, 0x63, 0x8B, 0x51,
    0x21, 0xA6, 0x8C, 0x3A, 0x09, 0x9F, 0x3D, 0x3A, 0x8D, 0x18, 0x3F, 0x40, 0xB7, 0x4C, 0xB2, 0x15,
    0x7F, 0xAC, 0xC5, 0x91, 0xBF, 0x4F, 0x4E, 0x2B, 0x54, 0x9B, 0x0A, 0x72, 0xFA, 0xCA, 0x09, 0x7F,
    0xC1, 0x2E, 0xAA, 0x54, 0x21, 0xA8, 0xB1, 0x3E, 0x7F, 0xE5, 0xC4, 0xA6, 0x73, 0xAC, 0xDD, 0x1C,
    0x2B, 0x9C, 0xC8, 0x92, 0x5D, 0x8D, 0xB7, 0xE1, 0x21, 0x86, 0x30, 0x88, 0xA5, 0x29, 0x71, 0x84,
    0x6B, 0x19, 0xE7, 0x7A, 0xA5, 0xDA, 0x4C, 0xCA, 0x5C, 0x3D, 0x43, 0xBF, 0x7E, 0x8F, 0x56, 0xBF,
    0xC8, 0xF7, 0x05, 0x8D, 0x10, 0xC1, 0x3F, 0x8D, 0x71, 0x6A, 0x97, 0xCE, 0xE5, 0xCA, 0x5D, 0xE3,
    0xC2, 0x5D, 0x92, 0xD3, 0x34, 0x26, 0xF9, 0xE8, 0x28, 0x67, 0xDE, 0x39, 0x9B, 0xE7, 0x43, 0xC4,
    0xE0, 0x94, 0x34, 0x1F, 0x5B, 0x04, 0xF7, 0xDE, 0xC7, 0x88, 0x5D, 0xB9, 0x8E, 0xC1, 0x2D, 0x03,
    0xF8, 0x7C, 0x8E, 0x86, 0xDA, 0x57, 0x29, 0x20, 0x78, 0xFC, 0xBA, 0x32, 0x8A, 0x0F, 0x71, 0x68,
    0xB6, 0xCC, 0xE4, 0x6B, 0x98, 0xBA, 0x55, 0x25, 0x38, 0xF1, 0x4E, 0x49, 0x90, 0xF7, 0x70, 0x4B,
    0xDE, 0xBD, 0xB5, 0x01, 0xF9, 0xCF, 0x8D, 0x08, 0xE2, 0x73, 0x66, 0x0D, 0xAC, 0xB5, 0xE6, 0x47,
    0x5F, 0xBF, 0xD8, 0x24, 0x05, 0xB9, 0xA4, 0x34, 0x94, 0x86, 0xFB, 0x56, 0xED, 0x81, 0x55, 0x1B,
    0x05, 0xE0, 0x48, 0x49, 0x0C, 0xC3, 0x47, 0x0D, 0x0A, 0x29, 0x66, 0x1B, 0xB6, 0x59, 0x1B, 0xA5,
    0xF2, 0xFD, 0xA7, 0x98, 0xF2, 0xFD, 0x11, 0x4A, 0xF7, 0xF3, 0x77, 0x96, 0xDF, 0x65, 0x6B, 0xA5,
    0x90, 0x5B, 0x9A, 0xD5, 0x37, 0xCC, 0x81, 0x1B, 0xE6, 0x08, 0x56, 0x66, 0x1B, 0xA8, 0xDD, 0x8F,
    0xFE, 0xF4, 0x5C, 0x44, 0x84, 0xEE, 0x47, 0xF7, 0x94, 0xDF, 0x03, 0xFF, 0xEC, 0x42, 0x81, 0x4B,
    0xBE, 0x0E, 0x01, 0xBF, 0xAF, 0x0C, 0x97, 0x14, 0xA8, 0x6E, 0x33, 0x15, 0x7C, 0x98, 0x9F, 0x00,
    0xB6, 0x92, 0x94, 0xF1, 0x26, 0x31, 0xAE, 0x35, 0x8C, 0x08, 0x90, 0x13, 0x43, 0x8C, 0xE6, 0x77,
    0xB9, 0xEF, 0xE5, 0xBD, 0x0D, 0xA8, 0xA2, 0xEB, 0xFC, 0x08, 0xD6, 0x00, 0x58, 0x8B, 0x3C, 0x34,
    0xD4, 0x19, 0xEE, 0xDD, 0x58, 0x03, 0x3E, 0xAF, 0x11, 0xDB, 0xD5, 0x7B, 0xF9, 0xE5, 0xDD, 0x00,
    0x9D, 0xD5, 0x8D, 0xC3, 0x8E, 0xB8, 0xFD, 0xC7, 0xFC, 0x7B, 0x80, 0x7F, 0x5F, 0x89, 0x43, 0xC5,
    0xB9, 0xC9, 0x8F, 0x69, 0x03, 0x00, 0xBC, 0x2F, 0x31, 0xA2, 0x83, 0xEE, 0x64, 0x4F, 0xB5, 0x10,
    0x23, 0x2F, 0x96, 0xCB, 0x18, 0xFC, 0x9F, 0xE3, 0x32, 0xE8, 0x1F, 0x2A, 0xE2, 0xBE, 0xA1, 0x14,
    0x91, 0x6D, 0x54, 0x21, 0xE7, 0xB7, 0xAD, 0x81, 0x9F, 0xC9, 0x18, 0x41, 0xCB, 0xB6, 0xF8, 0x25,
    0x52, 0x02, 0xA3, 0xC4, 0xE6, 0x64, 0xBD, 0xB3, 0x83, 0xA1, 0x03, 0xCF, 0x30, 0xFE, 0x0F, 0x63,
    0x08, 0xF8, 0xC0, 0xFE, 0xF5, 0x03, 0xFF, 0x02, 0x07, 0x7E, 0x06, 0x06, 0xFD, 0x05, 0x0F, 0xEA,
    0x3F, 0x7C, 0xE0, 0x67, 0xC0, 0x82, 0x18, 0x02, 0x1C, 0xD8, 0xBF, 0x3E, 0xE0, 0x5F, 0xF8, 0x80,
    0x9F, 0xF1, 0x81, 0xFE, 0xC2, 0x07, 0xF5, 0x1F, 0x41, 0x0C, 0x4C, 0x04, 0x00,
};

static const EpdGlyph lexenddeca_8_regularGlyphs[] = {
    { 0, 0, 0, 0, 0, 0, 0 }, // U+0000
    { 0, 0, 0, 0, 0, 0, 0 }, // U+0001
    { 0, 0, 0, 0, 0, 0, 0 }, // U+0002
    { 0, 0, 0, 0, 0, 0, 0 }, // U+0003
    { 0, 0, 0, 0, 0, 0, 0 }, // U+0004
    { 0, 0, 0, 0, 0, 0, 0 }, // U+0005
    { 0, 0, 0, 0, 0, 0, 0 }, // U+0006
    { 0, 0, 0, 0, 0, 0, 0 }, // U+0007
    { 0, 0, 0, 0, 0, 0, 0 }, // U+0008
    { 0, 0, 0, 0, 0, 0, 0 }, // U+0009
    { 0, 0, 0, 0, 0, 0, 0 }, // U+000A
    { 0, 0, 0, 0, 0, 0, 0 }, // U+000B
    { 0, 0, 0, 0, 0, 0, 0 }, // U+000C
    { 0, 0, 0, 0, 0, 0, 0 }, // U+000D
    { 0, 0, 0, 0, 0, 0, 0 }, // U+000E
    { 0, 0, 0, 0, 0, 0, 0 }, // U+000F
    { 0, 0, 0, 0, 0, 0, 0 }, // U+0010
    { 0, 0, 0, 0, 0, 0, 0 }, // U+0011
    { 0, 0, 0, 0, 0, 0, 0 }, // U+0012
    { 0, 0, 0, 0, 0, 0, 0 }, // U+0013
    { 0, 0, 0, 0, 0, 0, 0 }, // U+0014
    { 0, 0, 0, 0, 0, 0, 0 }, // U+0015
    { 0, 0, 0, 0, 0, 0, 0 }, // U+0016
    { 0, 0, 0, 0, 0, 0, 0 }, // U+0017
    { 0, 0, 0, 0, 0, 0, 0 }, // U+0018
    { 0, 0, 0, 0, 0, 0, 0 }, // U+0019
    { 0, 0, 0, 0, 0, 0, 0 }, // U+001A
    { 0, 0, 0, 0, 0, 0, 0 }, // U+001B
    { 0, 0, 0, 0, 0, 0, 0 }, // U+001C
    { 0, 0, 0, 0, 0, 0, 0 }, // U+001D
    { 0, 0, 0, 0, 0, 0, 0 }, // U+001E
    { 0, 0, 0, 0, 0, 0, 0 }, // U+001F
    { 0, 0, 75, 0, 0, 0, 0 }, // U+0020
    { 4, 13, 63, 0, 12, 13, 0 }, // !
    { 7, 5, 110, 0, 12, 9, 13 }, // "
    { 11, 12, 181, 0, 12, 33, 22 }, // #
    { 10, 16, 166, 0, 14, 40, 55 }, // $
    { 14, 13, 224, 0, 12, 46, 95 }, // %
    { 12, 13, 197, 0, 12, 39, 141 }, // &
    { 3, 5, 55, 0, 12, 4, 180 }, // '
    { 6, 16, 98, 0, 12, 24, 184 }, // (
    { 6, 16, 98, 0, 12, 24, 208 }, // )
    { 6, 6, 103, 0, 12, 9, 232 }, // *
    { 10, 9, 158, 0, 9, 23, 241 }, // +
    { 4, 5, 71, 0, 2, 5, 264 }, // ,
    { 6, 3, 105, 0, 6, 5, 269 }, // -
    { 4, 4, 61, 0, 3, 4, 274 }, // .
    { 9, 15, 149, 0, 12, 34, 278 }, // /
    { 10, 13, 162, 0, 12, 33, 312 }, // 0
    { 7, 12, 133, 1, 12, 21, 345 }, // 1
    { 9, 12, 146, 0, 12, 27, 366 }, // 2
    { 9, 13, 141, 0, 12, 30, 393 }, // 3
    { 10, 12, 165, 0, 12, 30, 423 }, // 4
    { 9, 13, 152, 0, 12, 30, 453 }, // 5
    { 9, 12, 149, 0, 12, 27, 483 }, // 6
    { 8, 12, 145, 1, 12, 24, 510 }, // 7
    { 9, 13, 154, 0, 12, 30, 534 }, // 8
    { 9, 12, 147, 0, 12, 27, 564 }, // 9
    { 4, 11, 61, 0, 10, 11, 591 }, // :
    { 4, 13, 70, 0, 10, 13, 602 }, // ;
    { 8, 9, 140, 0, 9, 18, 615 }, // <
    { 9, 6, 151, 0, 8, 14, 633 }, // =
    { 7, 9, 140, 1, 9, 16, 647 }, // >
    { 8, 13, 136, 0, 12, 26, 663 }, // ?
    { 16, 15, 257, 0, 12, 60, 689 }, // @
    { 12, 12, 187, 0, 12, 36, 749 }, // A
    { 10, 12, 182, 1, 12, 30, 785 }, // B
    { 11, 13, 181, 0, 12, 36, 815 }, // C
    { 11, 12, 200, 1, 12, 33, 851 }, // D
    { 8, 12, 164, 1, 12, 24, 884 }, // E
    { 9, 12, 161, 1, 12, 27, 908 }, // F
    { 13, 13, 204, 0, 12, 43, 935 }, // G
    { 11, 12, 203, 1, 12, 33, 978 }, // H
    { 6, 12, 128, 1, 12, 18, 1011 }, // I
    { 10, 13, 171, 0, 12, 33, 1029 }, // J
    { 11, 12, 195, 1, 12, 33, 1062 }, // K
    { 8, 12, 160, 1, 12, 24, 1095 }, // L
    { 12, 12, 230, 1, 12, 36, 1119 }, // M
    { 11, 12, 212, 1, 12, 33, 1155 }, // N
    { 13, 13, 209, 0, 12, 43, 1188 }, // O
    { 9, 12, 169, 1, 12, 27, 1231 }, // P
    { 13, 14, 209, 0, 12, 46, 1258 }, // Q
    { 10, 13, 185, 1, 12, 33, 1304 }, // R
    { 10, 13, 166, 0, 12, 33, 1337 }, // S
    { 10, 12, 154, 0, 12, 30, 1370 }, // T
    { 10, 13, 197, 1, 12, 33, 1400 }, // U
    { 12, 12, 191, 0, 12, 36, 1433 }, // V
    { 17, 12, 266, 0, 12, 51, 1469 }, // W
    { 12, 12, 183, 0, 12, 36, 1520 }, // X
    { 11, 12, 176, 0, 12, 33, 1556 }, // Y
    { 10, 12, 176, 1, 12, 30, 1589 }, // Z
    { 5, 16, 108, 1, 12, 20, 1619 }, // [
    { 10, 14, 149, 0, 12, 35, 1639 }, // <backslash>
    { 5, 16, 108, 1, 12, 20, 1674 }, // ]
    { 10, 7, 154, 0, 13, 18, 1694 }, // ^
    { 11, 2, 184, 0, -1, 6, 1712 }, // _
    { 4, 4, 133, 2, 14, 4, 1718 }, // `
    { 10, 10, 169, 0, 9, 25, 1722 }, // a
    { 9, 14, 168, 1, 13, 32, 1747 }, // b
    { 9, 10, 143, 0, 9, 23, 1779 }, // c
    { 10, 14, 169, 0, 13, 35, 1802 }, // d
    { 10, 10, 156, 0, 9, 25, 1837 }, // e
    { 7, 13, 105, 0, 13, 23, 1862 }, // f
    { 10, 13, 173, 0, 9, 33, 1885 }, // g
    { 8, 13, 159, 1, 13, 26, 1918 }, // h
    { 3, 13, 74, 1, 13, 10, 1944 }, // i
    { 5, 17, 71, -1, 13, 22, 1954 }, // j
    { 9, 13, 152, 1, 13, 30, 1976 }, // k
    { 2, 13, 67, 1, 13, 7, 2006 }, // l
    { 14, 9, 246, 1, 9, 32, 2013 }, // m
    { 8, 9, 159, 1, 9, 18, 2045 }, // n
    { 10, 10, 164, 0, 9, 25, 2063 }, // o
    { 9, 13, 168, 1, 9, 30, 2088 }, // p
    { 10, 13, 168, 0, 9, 33, 2118 }, // q
    { 6, 9, 108, 1, 9, 14, 2151 }, // r
    { 8, 10, 128, 0, 9, 20, 2165 }, // s
    { 7, 11, 102, 0, 11, 20, 2185 }, // t
    { 8, 10, 161, 1, 9, 20, 2205 }, // u
    { 10, 9, 153, 0, 9, 23, 2225 }, // v
    { 13, 9, 213, 0, 9, 30, 2248 }, // w
    { 10, 9, 150, 0, 9, 23, 2278 }, // x
    { 10, 13, 155, 0, 9, 33, 2301 }, // y
    { 8, 9, 129, 0, 9, 18, 2334 }, // z
    { 7, 16, 110, 0, 12, 28, 2352 }, // {
    { 2, 17, 62, 1, 13, 9, 2380 }, // |
    { 7, 16, 110, 0, 12, 28, 2389 }, // }
    { 8, 4, 136, 0, 7, 8, 2417 }, // ~
    { 0, 0, 0, 0, 0, 0, 2425 }, // U+007F
    { 0, 0, 0, 0, 0, 0, 0 }, // U+0080
    { 0, 0, 0, 0, 0, 0, 0 }, // U+0081
    { 0, 0, 0, 0, 0, 0, 0 }, // U+0082
    { 0, 0, 0, 0, 0, 0, 0 }, // U+0083
    { 0, 0, 0, 0, 0, 0, 0 }, // U+0084
    { 0, 0, 0, 0, 0, 0, 0 }, // U+0085
    { 0, 0, 0, 0, 0, 0, 0 }, // U+0086
    { 0, 0, 0, 0, 0, 0, 0 }, // U+0087
    { 0, 0, 0, 0, 0, 0, 0 }, // U+0088
    { 0, 0, 0, 0, 0, 0, 0 }, // U+0089
    { 0, 0, 0, 0, 0, 0, 0 }, // U+008A
    { 0, 0, 0, 0, 0, 0, 0 }, // U+008B
    { 0, 0, 0, 0, 0, 0, 0 }, // U+008C
    { 0, 0, 0, 0, 0, 0, 0 }, // U+008D
    { 0, 0, 0, 0, 0, 0, 0 }, // U+008E
    { 0, 0, 0, 0, 0, 0, 0 }, // U+008F
    { 0, 0, 0, 0, 0, 0, 0 }, // U+0090
    { 0, 0, 0, 0, 0, 0, 0 }, // U+0091
    { 0, 0, 0, 0, 0, 0, 0 }, // U+0092
    { 0, 0, 0, 0, 0, 0, 0 }, // U+0093
    { 0, 0, 0, 0, 0, 0, 0 }, // U+0094
    { 0, 0, 0, 0, 0, 0, 0 }, // U+0095
    { 0, 0, 0, 0, 0, 0, 0 }, // U+0096
    { 0, 0, 0, 0, 0, 0, 0 }, // U+0097
    { 0, 0, 0, 0, 0, 0, 0 }, // U+0098
    { 0, 0, 0, 0, 0, 0, 0 }, // U+0099
    { 0, 0, 0, 0, 0, 0, 0 }, // U+009A
    { 0, 0, 0, 0, 0, 0, 0 }, // U+009B
    { 0, 0, 0, 0, 0, 0, 0 }, // U+009C
    { 0, 0, 0, 0, 0, 0, 0 }, // U+009D
    { 0, 0, 0, 0, 0, 0, 0 }, // U+009E
    { 0, 0, 0, 0, 0, 0, 0 }, // U+009F
    { 0, 0, 75, 0, 0, 0, 0 }, // U+00A0
    { 4, 13, 63, 0, 10, 13, 0 }, // U+00A1
    { 9, 12, 143, 0, 12, 27, 13 }, // U+00A2
    { 10, 13, 163, 0, 12, 33, 40 }, // U+00A3
    { 9, 8, 147, 0, 9, 18, 73 }, // U+00A4
    { 11, 12, 176, 0, 12, 33, 91 }, // U+00A5
    { 2, 17, 64, 1, 13, 9, 124 }, // U+00A6
    { 9, 15, 146, 0, 12, 34, 133 }, // U+00A7
    { 6, 3, 133, 1, 13, 5, 167 }, // U+00A8
    { 13, 13, 210, 0, 12, 43, 172 }, // U+00A9
    { 6, 7, 97, 0, 13, 11, 215 }, // U+00AA
    { 8, 8, 130, 0, 8, 16, 226 }, // U+00AB
    { 11, 6, 179, 0, 7, 17, 242 }, // U+00AC
    { 0, 0, 0, 0, 0, 0, 259 }, // U+00AD
    { 9, 8, 135, 0, 12, 18, 259 }, // U+00AE
    { 6, 2, 113, 1, 12, 3, 277 }, // U+00AF
    { 7, 6, 142, 1, 12, 11, 280 }, // U+00B0
    { 9, 10, 155, 0, 9, 23, 291 }, // U+00B1
    { 5, 7, 92, 0, 14, 9, 314 }, // U+00B2
    { 5, 7, 91, 0, 13, 9, 323 }, // U+00B3
    { 4, 4, 133, 2, 14, 4, 332 }, // U+00B4
    { 8, 12, 156, 1, 9, 24, 336 }, // U+00B5
    { 11, 12, 190, 0, 12, 33, 360 }, // U+00B6
    { 4, 4, 61, 0, 7, 4, 393 }, // U+00B7
    { 4, 6, 133, 2, 1, 6, 397 }, // U+00B8
    { 4, 7, 75, 0, 13, 7, 403 }, // U+00B9
    { 6, 6, 94, 0, 12, 9, 410 }, // U+00BA
    { 8, 8, 131, 0, 8, 16, 419 }, // U+00BB
    { 13, 13, 212, 0, 12, 43, 435 }, // U+00BC
    { 13, 12, 209, 0, 12, 39, 478 }, // U+00BD
    { 13, 13, 211, 0, 12, 43, 517 }, // U+00BE
    { 8, 13, 136, 0, 10, 26, 560 }, // U+00BF
    { 12, 16, 187, 0, 16, 48, 586 }, // U+00C0
    { 12, 16, 187, 0, 16, 48, 634 }, // U+00C1
    { 12, 15, 187, 0, 15, 45, 682 }, // U+00C2
    { 12, 15, 187, 0, 15, 45, 727 }, // U+00C3
    { 12, 15, 187, 0, 15, 45, 772 }, // U+00C4
    { 12, 15, 187, 0, 15, 45, 817 }, // U+00C5
    { 15, 12, 258, 0, 12, 45, 862 }, // U+00C6
    { 11, 17, 181, 0, 12, 47, 907 }, // U+00C7
    { 8, 16, 164, 1, 16, 32, 954 }, // U+00C8
    { 8, 16, 164, 1, 16, 32, 986 }, // U+00C9
    { 8, 15, 164, 1, 15, 30, 1018 }, // U+00CA
    { 8, 15, 164, 1, 15, 30, 1048 }, // U+00CB
    { 6, 16, 128, 1, 16, 24, 1078 }, // U+00CC
    { 6, 16, 128, 1, 16, 24, 1102 }, // U+00CD
    { 6, 15, 128, 1, 15, 23, 1126 }, // U+00CE
    { 6, 15, 128, 1, 15, 23, 1149 }, // U+00CF
    { 12, 12, 200, 0, 12, 36, 1172 }, // U+00D0
    { 11, 15, 212, 1, 15, 42, 1208 }, // U+00D1
    { 13, 17, 209, 0, 16, 56, 1250 }, // U+00D2
    { 13, 17, 209, 0, 16, 56, 1306 }, // U+00D3
    { 13, 16, 209, 0, 15, 52, 1362 }, // U+00D4
    { 13, 16, 209, 0, 15, 52, 1414 }, // U+00D5
    { 13, 16, 209, 0, 15, 52, 1466 }, // U+00D6
    { 8, 8, 129, 0, 9, 16, 1518 }, // U+00D7
    { 13, 14, 205, 0, 13, 46, 1534 }, // U+00D8
    { 10, 17, 197, 1, 16, 43, 1580 }, // U+00D9
    { 10, 17, 197, 1, 16, 43, 1623 }, // U+00DA
    { 10, 16, 197, 1, 15, 40, 1666 }, // U+00DB
    { 10, 16, 197, 1, 15, 40, 1706 }, // U+00DC
    { 11, 16, 176, 0, 16, 44, 1746 }, // U+00DD
    { 9, 12, 169, 1, 12, 27, 1790 }, // U+00DE
    { 11, 14, 177, 0, 13, 39, 1817 }, // U+00DF
    { 10, 15, 169, 0, 14, 38, 1856 }, // U+00E0
    { 10, 15, 169, 0, 14, 38, 1894 }, // U+00E1
    { 10, 14, 169, 0, 13, 35, 1932 }, // U+00E2
    { 10, 14, 169, 0, 13, 35, 1967 }, // U+00E3
    { 10, 14, 169, 0, 13, 35, 2002 }, // U+00E4
    { 10, 15, 169, 0, 14, 38, 2037 }, // U+00E5
    { 15, 10, 240, 0, 9, 38, 2075 }, // U+00E6
    { 9, 14, 143, 0, 9, 32, 2113 }, // U+00E7
    { 10, 15, 156, 0, 14, 38, 2145 }, // U+00E8
    { 10, 15, 156, 0, 14, 38, 2183 }, // U+00E9
    { 10, 14, 156, 0, 13, 35, 2221 }, // U+00EA
    { 10, 14, 156, 0, 13, 35, 2256 }, // U+00EB
    { 5, 14, 65, -1, 14, 18, 2291 }, // U+00EC
    { 4, 14, 65, 0, 14, 14, 2309 }, // U+00ED
    { 6, 13, 65, -1, 13, 20, 2323 }, // U+00EE
    { 6, 13, 65, -1, 13, 20, 2343 }, // U+00EF
    { 9, 14, 153, 0, 13, 32, 2363 }, // U+00F0
    { 8, 13, 159, 1, 13, 26, 2395 }, // U+00F1
    { 10, 15, 164, 0, 14, 38, 2421 }, // U+00F2
    { 10, 15, 164, 0, 14, 38, 2459 }, // U+00F3
    { 10, 14, 164, 0, 13, 35, 2497 }, // U+00F4
    { 10, 14, 164, 0, 13, 35, 2532 }, // U+00F5
    { 10, 14, 164, 0, 13, 35, 2567 }, // U+00F6
    { 10, 9, 159, 0, 9, 23, 2602 }, // U+00F7
    { 10, 11, 164, 0, 10, 28, 2625 }, // U+00F8
    { 8, 15, 161, 1, 14, 30, 2653 }, // U+00F9
    { 8, 15, 161, 1, 14, 30, 2683 }, // U+00FA
    { 8, 14, 161, 1, 13, 28, 2713 }, // U+00FB
    { 8, 14, 161, 1, 13, 28, 2741 }, // U+00FC
    { 10, 18, 155, 0, 14, 45, 2769 }, // U+00FD
    { 9, 17, 168, 1, 13, 39, 2814 }, // U+00FE
    { 10, 17, 155, 0, 13, 43, 2853 }, // U+00FF
    { 12, 15, 187, 0, 15, 45, 0 }, // U+0100
    { 10, 13, 169, 0, 12, 33, 45 }, // U+0101
    { 12, 15, 187, 0, 15, 45, 78 }, // U+0102
    { 10, 14, 169, 0, 13, 35, 123 }, // U+0103
    { 12, 16, 187, 0, 12, 48, 158 }, // U+0104
    { 10, 13, 169, 0, 9, 33, 206 }, // U+0105
    { 11, 17, 181, 0, 16, 47, 239 }, // U+0106
    { 9, 15, 143, 0, 14, 34, 286 }, // U+0107
    { 11, 16, 181, 0, 15, 44, 320 }, // U+0108
    { 9, 14, 143, 0, 13, 32, 364 }, // U+0109
    { 11, 16, 181, 0, 15, 44, 396 }, // U+010A
    { 9, 14, 143, 0, 13, 32, 440 }, // U+010B
    { 11, 16, 181, 0, 15, 44, 472 }, // U+010C
    { 9, 14, 143, 0, 13, 32, 516 }, // U+010D
    { 11, 15, 200, 1, 15, 42, 548 }, // U+010E
    { 13, 14, 174, 0, 13, 46, 590 }, // U+010F
    { 12, 12, 200, 0, 12, 36, 636 }, // U+0110
    { 11, 14, 169, 0, 13, 39, 672 }, // U+0111
    { 8, 15, 164, 1, 15, 30, 711 }, // U+0112
    { 10, 13, 156, 0, 12, 33, 741 }, // U+0113
    { 8, 15, 164, 1, 15, 30, 774 }, // U+0114
    { 10, 14, 156, 0, 13, 35, 804 }, // U+0115
    { 8, 15, 164, 1, 15, 30, 839 }, // U+0116
    { 10, 14, 156, 0, 13, 35, 869 }, // U+0117
    { 8, 16, 164, 1, 12, 32, 904 }, // U+0118
    { 10, 13, 156, 0, 9, 33, 936 }, // U+0119
    { 8, 15, 164, 1, 15, 30, 969 }, // U+011A
    { 10, 14, 156, 0, 13, 35, 999 }, // U+011B
    { 13, 16, 204, 0, 15, 52, 1034 }, // U+011C
    { 10, 17, 173, 0, 13, 43, 1086 }, // U+011D
    { 13, 16, 204, 0, 15, 52, 1129 }, // U+011E
    { 10, 17, 173, 0, 13, 43, 1181 }, // U+011F
    { 13, 16, 204, 0, 15, 52, 1224 }, // U+0120
    { 10, 17, 173, 0, 13, 43, 1276 }, // U+0121
    { 13, 17, 204, 0, 12, 56, 1319 }, // U+0122
    { 10, 18, 173, 0, 14, 45, 1375 }, // U+0123
    { 11, 15, 203, 1, 15, 42, 1420 }, // U+0124
    { 8, 16, 159, 1, 16, 32, 1462 }, // U+0125
    { 14, 12, 229, 0, 12, 42, 1494 }, // U+0126
    { 9, 13, 159, 0, 13, 30, 1536 }, // U+0127
    { 6, 15, 128, 1, 15, 23, 1566 }, // U+0128
    { 6, 13, 65, -1, 13, 20, 1589 }, // U+0129
    { 6, 15, 128, 1, 15, 23, 1609 }, // U+012A
    { 6, 12, 65, -1, 12, 18, 1632 }, // U+012B
    { 6, 15, 128, 1, 15, 23, 1650 }, // U+012C
    { 6, 13, 65, -1, 13, 20, 1673 }, // U+012D
    { 6, 16, 128, 1, 12, 24, 1693 }, // U+012E
    { 5, 17, 65, -1, 13, 22, 1717 }, // U+012F
    { 6, 15, 128, 1, 15, 23, 1739 }, // U+0130
    { 2, 9, 65, 1, 9, 5, 1762 }, // U+0131
    { 17, 13, 299, 1, 12, 56, 1767 }, // U+0132
    { 8, 17, 145, 1, 13, 34, 1823 }, // U+0133
    { 10, 16, 171, 0, 15, 40, 1857 }, // U+0134
    { 6, 17, 70, -1, 13, 26, 1897 }, // U+0135
    { 11, 17, 195, 1, 12, 47, 1923 }, // U+0136
    { 9, 18, 152, 1, 13, 41, 1970 }, // U+0137
    { 8, 10, 148, 1, 9, 20, 2011 }, // U+0138
    { 9, 16, 160, 0, 16, 36, 2031 }, // U+0139
    { 5, 17, 67, 0, 17, 22, 2067 }, // U+013A
    { 8, 17, 160, 1, 12, 34, 2089 }, // U+013B
    { 4, 18, 67, 0, 13, 18, 2123 }, // U+013C
    { 8, 12, 160, 1, 12, 24, 2141 }, // U+013D
    { 6, 13, 72, 1, 13, 20, 2165 }, // U+013E
    { 8, 12, 160, 1, 12, 24, 2185 }, // U+013F
    { 6, 13, 94, 1, 13, 20, 2209 }, // U+0140
    { 10, 12, 170, 0, 12, 30, 2229 }, // U+0141
    { 6, 13, 67, -1, 13, 20, 2259 }, // U+0142
    { 11, 16, 212, 1, 16, 44, 2279 }, // U+0143
    { 8, 14, 159, 1, 14, 28, 2323 }, // U+0144
    { 11, 17, 212, 1, 12, 47, 2351 }, // U+0145
    { 8, 14, 159, 1, 9, 28, 2398 }, // U+0146
    { 11, 15, 212, 1, 15, 42, 2426 }, // U+0147
    { 8, 13, 159, 1, 13, 26, 2468 }, // U+0148
    { 11, 12, 170, -1, 12, 33, 2494 }, // U+0149
    { 11, 16, 212, 1, 12, 44, 2527 }, // U+014A
    { 8, 13, 159, 1, 9, 26, 2571 }, // U+014B
    { 13, 16, 209, 0, 15, 52, 2597 }, // U+014C
    { 10, 13, 164, 0, 12, 33, 2649 }, // U+014D
    { 13, 16, 209, 0, 15, 52, 2682 }, // U+014E
    { 10, 14, 164, 0, 13, 35, 2734 }, // U+014F
    { 13, 17, 209, 0, 16, 56, 2769 }, // U+0150
    { 10, 15, 164, 0, 14, 38, 2825 }, // U+0151
    { 16, 12, 274, 0, 12, 48, 2863 }, // U+0152
    { 17, 10, 271, 0, 9, 43, 2911 }, // U+0153
    { 10, 17, 185, 1, 16, 43, 2954 }, // U+0154
    { 6, 14, 108, 1, 14, 21, 2997 }, // U+0155
    { 10, 17, 185, 1, 12, 43, 3018 }, // U+0156
    { 7, 14, 108, 0, 9, 25, 3061 }, // U+0157
    { 10, 16, 185, 1, 15, 40, 3086 }, // U+0158
    { 6, 13, 108, 1, 13, 20, 3126 }, // U+0159
    { 10, 17, 166, 0, 16, 43, 3146 }, // U+015A
    { 8, 15, 128, 0, 14, 30, 3189 }, // U+015B
    { 10, 16, 166, 0, 15, 40, 3219 }, // U+015C
    { 8, 14, 128, 0, 13, 28, 3259 }, // U+015D
    { 10, 17, 166, 0, 12, 43, 3287 }, // U+015E
    { 8, 14, 128, 0, 9, 28, 3330 }, // U+015F
    { 10, 16, 166, 0, 15, 40, 3358 }, // U+0160
    { 8, 14, 128, 0, 13, 28, 3398 }, // U+0161
    { 10, 17, 154, 0, 12, 43, 3426 }, // U+0162
    { 7, 16, 102, 0, 11, 28, 3469 }, // U+0163
    { 10, 15, 154, 0, 15, 38, 3497 }, // U+0164
    { 8, 14, 102, 0, 14, 28, 3535 }, // U+0165
    { 10, 12, 154, 0, 12, 30, 3563 }, // U+0166
    { 7, 11, 102, 0, 11, 20, 3593 }, // U+0167
    { 10, 16, 197, 1, 15, 40, 3613 }, // U+0168
    { 8, 14, 161, 1, 13, 28, 3653 }, // U+0169
    { 10, 16, 197, 1, 15, 40, 3681 }, // U+016A
    { 8, 13, 161, 1, 12, 26, 3721 }, // U+016B
    { 10, 16, 197, 1, 15, 40, 3747 }, // U+016C
    { 8, 14, 161, 1, 13, 28, 3787 }, // U+016D
    { 10, 16, 197, 1, 15, 40, 3815 }, // U+016E
    { 8, 15, 161, 1, 14, 30, 3855 }, // U+016F
    { 10, 17, 197, 1, 16, 43, 3885 }, // U+0170
    { 8, 15, 161, 1, 14, 30, 3928 }, // U+0171
    { 10, 16, 197, 1, 12, 40, 3958 }, // U+0172
    { 9, 13, 161, 1, 9, 30, 3998 }, // U+0173
    { 17, 15, 266, 0, 15, 64, 4028 }, // U+0174
    { 13, 13, 213, 0, 13, 43, 4092 }, // U+0175
    { 11, 15, 176, 0, 15, 42, 4135 }, // U+0176
    { 10, 17, 155, 0, 13, 43, 4177 }, // U+0177
    { 11, 15, 176, 0, 15, 42, 4220 }, // U+0178
    { 10, 16, 176, 1, 16, 40, 4262 }, // U+0179
    { 8, 14, 129, 0, 14, 28, 4302 }, // U+017A
    { 10, 15, 176, 1, 15, 38, 4330 }, // U+017B
    { 8, 13, 129, 0, 13, 26, 4368 }, // U+017C
    { 10, 15, 176, 1, 15, 38, 4394 }, // U+017D
    { 8, 13, 129, 0, 13, 26, 4432 }, // U+017E
    { 13, 15, 209, 0, 14, 49, 0 }, // U+01A0
    { 10, 12, 164, 0, 11, 30, 49 }, // U+01A1
    { 12, 15, 197, 1, 14, 45, 79 }, // U+01AF
    { 10, 12, 161, 1, 11, 30, 124 }, // U+01B0
    { 21, 15, 363, 1, 15, 79, 154 }, // U+01C4
    { 19, 13, 328, 1, 13, 62, 233 }, // U+01C5
    { 18, 14, 298, 0, 13, 63, 295 }, // U+01C6
    { 19, 13, 331, 1, 12, 62, 358 }, // U+01C7
    { 13, 17, 230, 1, 13, 56, 420 }, // U+01C8
    { 7, 17, 134, 1, 13, 30, 476 }, // U+01C9
    { 23, 13, 383, 1, 12, 75, 506 }, // U+01CA
    { 16, 17, 282, 1, 13, 68, 581 }, // U+01CB
    { 13, 17, 229, 1, 13, 56, 649 }, // U+01CC
    { 12, 15, 187, 0, 15, 45, 705 }, // U+01CD
    { 10, 14, 169, 0, 13, 35, 750 }, // U+01CE
    { 6, 15, 128, 1, 15, 23, 785 }, // U+01CF
    { 6, 13, 65, -1, 13, 20, 808 }, // U+01D0
    { 13, 16, 209, 0, 15, 52, 828 }, // U+01D1
    { 10, 14, 164, 0, 13, 35, 880 }, // U+01D2
    { 10, 16, 197, 1, 15, 40, 915 }, // U+01D3
    { 8, 14, 161, 1, 13, 28, 955 }, // U+01D4
    { 13, 16, 204, 0, 15, 52, 983 }, // U+01E6
    { 10, 17, 173, 0, 13, 43, 1035 }, // U+01E7
    { 13, 16, 209, 0, 12, 52, 1078 }, // U+01EA
    { 10, 13, 164, 0, 9, 33, 1130 }, // U+01EB
    { 21, 12, 363, 1, 12, 63, 1163 }, // U+01F1
    { 19, 12, 328, 1, 12, 57, 1226 }, // U+01F2
    { 12, 19, 187, 0, 19, 57, 1283 }, // U+01FA
    { 10, 19, 169, 0, 18, 48, 1340 }, // U+01FB
    { 15, 16, 258, 0, 16, 60, 1388 }, // U+01FC
    { 15, 15, 240, 0, 14, 57, 1448 }, // U+01FD
    { 13, 17, 205, 0, 16, 56, 1505 }, // U+01FE
    { 10, 15, 164, 0, 14, 38, 1561 }, // U+01FF
    { 12, 16, 187, 0, 16, 48, 1599 }, // U+0200
    { 10, 15, 169, 0, 14, 38, 1647 }, // U+0201
    { 12, 15, 187, 0, 15, 45, 1685 }, // U+0202
    { 10, 14, 169, 0, 13, 35, 1730 }, // U+0203
    { 8, 16, 164, 1, 16, 32, 1765 }, // U+0204
    { 10, 15, 156, 0, 14, 38, 1797 }, // U+0205
    { 8, 15, 164, 1, 15, 30, 1835 }, // U+0206
    { 10, 14, 156, 0, 13, 35, 1865 }, // U+0207
    { 8, 16, 128, -1, 16, 32, 1900 }, // U+0208
    { 8, 14, 65, -3, 14, 28, 1932 }, // U+0209
    { 6, 15, 128, 1, 15, 23, 1960 }, // U+020A
    { 6, 13, 65, -1, 13, 20, 1983 }, // U+020B
    { 13, 17, 209, 0, 16, 56, 2003 }, // U+020C
    { 10, 15, 164, 0, 14, 38, 2059 }, // U+020D
    { 13, 16, 209, 0, 15, 52, 2097 }, // U+020E
    { 10, 14, 164, 0, 13, 35, 2149 }, // U+020F
    { 10, 17, 185, 1, 16, 43, 2184 }, // U+0210
    { 8, 14, 108, -1, 14, 28, 2227 }, // U+0211
    { 10, 16, 185, 1, 15, 40, 2255 }, // U+0212
    { 6, 13, 108, 1, 13, 20, 2295 }, // U+0213
    { 10, 17, 197, 1, 16, 43, 2315 }, // U+0214
    { 9, 15, 161, 0, 14, 34, 2358 }, // U+0215
    { 10, 16, 197, 1, 15, 40, 2392 }, // U+0216
    { 8, 14, 161, 1, 13, 28, 2432 }, // U+0217
    { 10, 17, 166, 0, 12, 43, 2460 }, // U+0218
    { 8, 14, 128, 0, 9, 28, 2503 }, // U+0219
    { 10, 17, 154, 0, 12, 43, 2531 }, // U+021A
    { 7, 16, 102, 0, 11, 28, 2574 }, // U+021B
    { 4, 4, 0, 2, 14, 4, 0 }, // U+0300
    { 4, 4, 0, 2, 14, 4, 4 }, // U+0301
    { 6, 3, 0, 1, 13, 5, 8 }, // U+0302
    { 6, 3, 0, 1, 13, 5, 13 }, // U+0303
    { 6, 2, 0, 1, 12, 3, 18 }, // U+0304
    { 6, 4, 0, 1, 13, 6, 21 }, // U+0306
    { 3, 3, 0, 3, 13, 3, 27 }, // U+0307
    { 6, 3, 0, 1, 13, 5, 30 }, // U+0308
    { 4, 5, 0, 2, 14, 5, 35 }, // U+0309
    { 4, 4, 0, 2, 14, 4, 40 }, // U+030A
    { 8, 4, 0, 0, 14, 8, 44 }, // U+030B
    { 6, 3, 0, 1, 13, 5, 52 }, // U+030C
    { 8, 4, 0, 0, 14, 8, 57 }, // U+030F
    { 6, 4, 0, 1, 13, 6, 65 }, // U+0311
    { 4, 4, 0, 2, 14, 4, 71 }, // U+0312
    { 4, 4, 0, 2, 11, 4, 75 }, // U+031B
    { 3, 3, 0, 3, -1, 3, 79 }, // U+0323
    { 6, 3, 0, 1, -1, 5, 82 }, // U+0324
    { 4, 5, 0, 2, 0, 5, 87 }, // U+0326
    { 4, 6, 0, 2, 1, 6, 92 }, // U+0327
    { 4, 5, 0, 2, 1, 5, 98 }, // U+0328
    { 6, 3, 0, 1, -1, 5, 103 }, // U+032E
    { 6, 2, 0, 1, -1, 3, 108 }, // U+0331
    { 6, 2, 0, 1, 6, 3, 111 }, // U+0335
    { 0, 0, 0, 0, 0, 0, 114 }, // U+034F
    { 11, 12, 172, 0, 12, 33, 0 }, // U+03BB
    { 12, 12, 180, 0, 12, 36, 0 }, // U+0410
    { 10, 12, 155, 0, 12, 30, 36 }, // U+0411
    { 10, 12, 161, 0, 12, 30, 66 }, // U+0412
    { 9, 12, 141, 0, 12, 27, 96 }, // U+0413
    { 12, 16, 189, 0, 12, 48, 123 }, // U+0414
    { 12, 12, 190, 0, 12, 36, 171 }, // U+0418
    { 12, 12, 193, 0, 12, 36, 207 }, // U+041B
    { 13, 12, 198, 0, 12, 39, 243 }, // U+041D
    { 12, 12, 195, 0, 12, 36, 282 }, // U+041E
    { 12, 12, 194, 0, 12, 36, 318 }, // U+041F
    { 10, 12, 153, 0, 12, 30, 354 }, // U+0420
    { 10, 12, 167, 0, 12, 30, 384 }, // U+0421
    { 10, 12, 160, 0, 12, 30, 414 }, // U+0422
    { 12, 12, 186, 0, 12, 36, 444 }, // U+0423
    { 11, 12, 169, 0, 12, 33, 480 }, // U+0425
    { 11, 12, 175, 0, 12, 33, 513 }, // U+0427
    { 14, 12, 223, 0, 12, 42, 546 }, // U+042B
    { 10, 12, 155, 0, 12, 30, 588 }, // U+042C
    { 16, 12, 261, 0, 12, 48, 618 }, // U+042E
    { 11, 12, 172, 0, 12, 33, 666 }, // U+042F
    { 9, 9, 137, 0, 9, 21, 699 }, // U+0430
    { 9, 13, 142, 0, 13, 30, 720 }, // U+0431
    { 8, 9, 134, 0, 9, 18, 750 }, // U+0432
    { 10, 12, 153, 0, 9, 30, 768 }, // U+0434
    { 8, 9, 131, 0, 9, 18, 798 }, // U+0435
    { 7, 9, 118, 0, 9, 16, 816 }, // U+0437
    { 9, 9, 141, 0, 9, 21, 832 }, // U+043A
    { 10, 9, 159, 0, 9, 23, 853 }, // U+043D
    { 9, 9, 145, 0, 9, 21, 876 }, // U+043E
    { 9, 13, 149, 0, 9, 30, 897 }, // U+0440
    { 8, 9, 131, 0, 9, 18, 927 }, // U+0442
    { 10, 12, 151, 0, 9, 30, 945 }, // U+0446
    { 8, 9, 128, 0, 9, 18, 975 }, // U+044C
    { 12, 9, 197, 0, 9, 27, 993 }, // U+044E
    { 12, 16, 187, 0, 12, 48, 0 }, // U+1EA0
    { 10, 13, 169, 0, 9, 33, 48 }, // U+1EA1
    { 12, 16, 187, 0, 16, 48, 81 }, // U+1EA2
    { 10, 15, 169, 0, 14, 38, 129 }, // U+1EA3
    { 12, 18, 187, 0, 18, 54, 167 }, // U+1EA4
    { 11, 17, 169, 0, 16, 47, 221 }, // U+1EA5
    { 12, 18, 187, 0, 18, 54, 268 }, // U+1EA6
    { 10, 17, 169, 0, 16, 43, 322 }, // U+1EA7
    { 12, 18, 187, 0, 18, 54, 365 }, // U+1EA8
    { 10, 17, 169, 0, 16, 43, 419 }, // U+1EA9
    { 12, 18, 187, 0, 18, 54, 462 }, // U+1EAA
    { 10, 17, 169, 0, 16, 43, 516 }, // U+1EAB
    { 12, 19, 187, 0, 15, 57, 559 }, // U+1EAC
    { 10, 17, 169, 0, 13, 43, 616 }, // U+1EAD
    { 12, 18, 187, 0, 18, 54, 659 }, // U+1EAE
    { 10, 17, 169, 0, 16, 43, 713 }, // U+1EAF
    { 12, 18, 187, 0, 18, 54, 756 }, // U+1EB0
    { 10, 17, 169, 0, 16, 43, 810 }, // U+1EB1
    { 12, 18, 187, 0, 18, 54, 853 }, // U+1EB2
    { 10, 17, 169, 0, 16, 43, 907 }, // U+1EB3
    { 12, 18, 187, 0, 18, 54, 950 }, // U+1EB4
    { 10, 17, 169, 0, 16, 43, 1004 }, // U+1EB5
    { 12, 19, 187, 0, 15, 57, 1047 }, // U+1EB6
    { 10, 17, 169, 0, 13, 43, 1104 }, // U+1EB7
    { 8, 16, 164, 1, 12, 32, 1147 }, // U+1EB8
    { 10, 13, 156, 0, 9, 33, 1179 }, // U+1EB9
    { 8, 16, 164, 1, 16, 32, 1212 }, // U+1EBA
    { 10, 15, 156, 0, 14, 38, 1244 }, // U+1EBB
    { 8, 15, 164, 1, 15, 30, 1282 }, // U+1EBC
    { 10, 14, 156, 0, 13, 35, 1312 }, // U+1EBD
    { 10, 18, 164, 1, 18, 45, 1347 }, // U+1EBE
    { 10, 17, 156, 0, 16, 43, 1392 }, // U+1EBF
    { 8, 18, 164, 1, 18, 36, 1435 }, // U+1EC0
    { 10, 17, 156, 0, 16, 43, 1471 }, // U+1EC1
    { 9, 18, 164, 1, 18, 41, 1514 }, // U+1EC2
    { 10, 17, 156, 0, 16, 43, 1555 }, // U+1EC3
    { 8, 18, 164, 1, 18, 36, 1598 }, // U+1EC4
    { 10, 17, 156, 0, 16, 43, 1634 }, // U+1EC5
    { 8, 19, 164, 1, 15, 38, 1677 }, // U+1EC6
    { 10, 17, 156, 0, 13, 43, 1715 }, // U+1EC7
    { 6, 16, 128, 1, 16, 24, 1758 }, // U+1EC8
    { 4, 14, 65, 0, 14, 14, 1782 }, // U+1EC9
    { 6, 16, 128, 1, 12, 24, 1796 }, // U+1ECA
    { 3, 17, 74, 1, 13, 13, 1820 }, // U+1ECB
    { 13, 16, 209, 0, 12, 52, 1833 }, // U+1ECC
    { 10, 13, 164, 0, 9, 33, 1885 }, // U+1ECD
    { 13, 17, 209, 0, 16, 56, 1918 }, // U+1ECE
    { 10, 15, 164, 0, 14, 38, 1974 }, // U+1ECF
    { 13, 19, 209, 0, 18, 62, 2012 }, // U+1ED0
    { 10, 17, 164, 0, 16, 43, 2074 }, // U+1ED1
    { 13, 19, 209, 0, 18, 62, 2117 }, // U+1ED2
    { 10, 17, 164, 0, 16, 43, 2179 }, // U+1ED3
    { 13, 19, 209, 0, 18, 62, 2222 }, // U+1ED4
    { 10, 17, 164, 0, 16, 43, 2284 }, // U+1ED5
    { 13, 19, 209, 0, 18, 62, 2327 }, // U+1ED6
    { 10, 17, 164, 0, 16, 43, 2389 }, // U+1ED7
    { 13, 19, 209, 0, 15, 62, 2432 }, // U+1ED8
    { 10, 17, 164, 0, 13, 43, 2494 }, // U+1ED9
    { 13, 17, 209, 0, 16, 56, 2537 }, // U+1EDA
    { 10, 15, 164, 0, 14, 38, 2593 }, // U+1EDB
    { 13, 17, 209, 0, 16, 56, 2631 }, // U+1EDC
    { 10, 15, 164, 0, 14, 38, 2687 }, // U+1EDD
    { 13, 17, 209, 0, 16, 56, 2725 }, // U+1EDE
    { 10, 15, 164, 0, 14, 38, 2781 }, // U+1EDF
    { 13, 16, 209, 0, 15, 52, 2819 }, // U+1EE0
    { 10, 14, 164, 0, 13, 35, 2871 }, // U+1EE1
    { 13, 18, 209, 0, 14, 59, 2906 }, // U+1EE2
    { 10, 15, 164, 0, 11, 38, 2965 }, // U+1EE3
    { 10, 16, 197, 1, 12, 40, 3003 }, // U+1EE4
    { 8, 13, 161, 1, 9, 26, 3043 }, // U+1EE5
    { 10, 17, 197, 1, 16, 43, 3069 }, // U+1EE6
    { 8, 15, 161, 1, 14, 30, 3112 }, // U+1EE7
    { 12, 17, 197, 1, 16, 51, 3142 }, // U+1EE8
    { 10, 15, 161, 1, 14, 38, 3193 }, // U+1EE9
    { 12, 17, 197, 1, 16, 51, 3231 }, // U+1EEA
    { 10, 15, 161, 1, 14, 38, 3282 }, // U+1EEB
    { 12, 17, 197, 1, 16, 51, 3320 }, // U+1EEC
    { 10, 15, 161, 1, 14, 38, 3371 }, // U+1EED
    { 12, 16, 197, 1, 15, 48, 3409 }, // U+1EEE
    { 10, 14, 161, 1, 13, 35, 3457 }, // U+1EEF
    { 12, 18, 197, 1, 14, 54, 3492 }, // U+1EF0
    { 10, 15, 161, 1, 11, 38, 3546 }, // U+1EF1
    { 11, 16, 176, 0, 16, 44, 3584 }, // U+1EF2
    { 10, 18, 155, 0, 14, 45, 3628 }, // U+1EF3
    { 11, 16, 176, 0, 12, 44, 3673 }, // U+1EF4
    { 10, 13, 155, 0, 9, 33, 3717 }, // U+1EF5
    { 11, 16, 176, 0, 16, 44, 3750 }, // U+1EF6
    { 10, 18, 155, 0, 14, 45, 3794 }, // U+1EF7
    { 11, 15, 176, 0, 15, 42, 3839 }, // U+1EF8
    { 10, 17, 155, 0, 13, 43, 3881 }, // U+1EF9
    { 0, 0, 147, 0, 0, 0, 0 }, // U+2007
    { 0, 0, 69, 0, 0, 0, 0 }, // U+2008
    { 0, 0, 55, 0, 0, 0, 0 }, // U+2009
    { 0, 0, 27, 0, 0, 0, 0 }, // U+200A
    { 0, 0, 0, 0, 0, 0, 0 }, // U+200B
    { 0, 0, 0, 0, 0, 0, 0 }, // U+200C
    { 0, 0, 0, 0, 0, 0, 0 }, // U+200D
    { 0, 0, 0, 0, 0, 0, 0 }, // U+200E
    { 0, 0, 0, 0, 0, 0, 0 }, // U+200F
    { 6, 3, 105, 0, 6, 5, 0 }, // U+2010
    { 8, 3, 137, 0, 6, 6, 5 }, // U+2012
    { 8, 3, 137, 0, 6, 6, 11 }, // U+2013
    { 14, 3, 232, 0, 6, 11, 17 }, // U+2014
    { 14, 3, 232, 0, 6, 11, 28 }, // U+2015
    { 4, 5, 64, 0, 13, 5, 39 }, // U+2018
    { 4, 6, 64, 0, 13, 6, 44 }, // U+2019
    { 4, 5, 71, 0, 2, 5, 50 }, // U+201A
    { 8, 5, 120, 0, 13, 10, 55 }, // U+201C
    { 7, 6, 119, 0, 13, 11, 65 }, // U+201D
    { 8, 5, 131, 0, 2, 10, 76 }, // U+201E
    { 7, 10, 117, 0, 13, 18, 86 }, // U+2020
    { 6, 10, 108, 0, 13, 15, 104 }, // U+2021
    { 6, 6, 92, 0, 9, 9, 119 }, // U+2022
    { 10, 4, 161, 0, 3, 10, 128 }, // U+2026
    { 0, 0, 0, 0, 0, 0, 138 }, // U+202A
    { 0, 0, 0, 0, 0, 0, 138 }, // U+202B
    { 0, 0, 0, 0, 0, 0, 138 }, // U+202C
    { 0, 0, 0, 0, 0, 0, 138 }, // U+202D
    { 0, 0, 0, 0, 0, 0, 138 }, // U+202E
    { 19, 13, 317, 0, 12, 62, 138 }, // U+2030
    { 7, 5, 110, 0, 12, 9, 200 }, // U+2033
    { 4, 8, 73, 0, 8, 8, 209 }, // U+2039
    { 5, 8, 73, 0, 8, 10, 217 }, // U+203A
    { 10, 12, 162, 0, 12, 30, 227 }, // U+2044
    { 0, 0, 0, 0, 0, 0, 257 }, // U+2060
    { 0, 0, 0, 0, 0, 0, 257 }, // U+2061
    { 0, 0, 0, 0, 0, 0, 257 }, // U+2062
    { 0, 0, 0, 0, 0, 0, 257 }, // U+2063
    { 0, 0, 0, 0, 0, 0, 257 }, // U+2064
    { 0, 0, 0, 0, 0, 0, 257 }, // U+2066
    { 0, 0, 0, 0, 0, 0, 257 }, // U+2067
    { 0, 0, 0, 0, 0, 0, 257 }, // U+2068
    { 0, 0, 0, 0, 0, 0, 257 }, // U+2069
    { 0, 0, 0, 0, 0, 0, 257 }, // U+206A
    { 0, 0, 0, 0, 0, 0, 257 }, // U+206B
    { 0, 0, 0, 0, 0, 0, 257 }, // U+206C
    { 0, 0, 0, 0, 0, 0, 257 }, // U+206D
    { 0, 0, 0, 0, 0, 0, 257 }, // U+206E
    { 0, 0, 0, 0, 0, 0, 257 }, // U+206F
    { 6, 7, 97, 0, 13, 11, 0 }, // U+2070
    { 6, 7, 104, 0, 13, 11, 11 }, // U+2074
    { 6, 7, 95, 0, 13, 11, 22 }, // U+2075
    { 5, 7, 91, 0, 13, 9, 33 }, // U+2076
    { 5, 6, 87, 0, 13, 8, 42 }, // U+2077
    { 6, 7, 94, 0, 13, 11, 50 }, // U+2078
    { 5, 7, 89, 0, 13, 9, 61 }, // U+2079
    { 6, 7, 97, 0, 3, 11, 70 }, // U+2080
    { 4, 7, 75, 0, 3, 7, 81 }, // U+2081
    { 5, 7, 92, 0, 4, 9, 88 }, // U+2082
    { 5, 7, 91, 0, 3, 9, 97 }, // U+2083
    { 6, 7, 104, 0, 3, 11, 106 }, // U+2084
    { 6, 7, 95, 0, 3, 11, 117 }, // U+2085
    { 5, 7, 91, 0, 3, 9, 128 }, // U+2086
    { 5, 6, 87, 0, 3, 8, 137 }, // U+2087
    { 6, 7, 94, 0, 3, 11, 145 }, // U+2088
    { 5, 7, 89, 0, 3, 9, 156 }, // U+2089
    { 12, 17, 181, 0, 14, 51, 0 }, // U+20A1
    { 10, 12, 161, 0, 12, 30, 51 }, // U+20A3
    { 10, 13, 163, 0, 12, 33, 81 }, // U+20A4
    { 14, 12, 212, 0, 12, 42, 114 }, // U+20A6
    { 12, 12, 211, 1, 12, 36, 156 }, // U+20A7
    { 17, 12, 266, 0, 12, 51, 192 }, // U+20A9
    { 8, 12, 131, 0, 12, 24, 243 }, // U+20AB
    { 10, 13, 172, 0, 12, 33, 267 }, // U+20AC
    { 13, 12, 202, 0, 12, 39, 300 }, // U+20AD
    { 12, 12, 212, 1, 12, 36, 339 }, // U+20B1
    { 13, 17, 204, 0, 14, 56, 375 }, // U+20B2
    { 11, 15, 181, 0, 13, 42, 431 }, // U+20B5
    { 8, 13, 144, 1, 12, 26, 473 }, // U+20B9
    { 10, 13, 162, 0, 12, 33, 499 }, // U+20BA
    { 11, 14, 203, 1, 14, 39, 532 }, // U+20BC
    { 11, 12, 194, 1, 12, 33, 571 }, // U+20BD
    { 9, 14, 144, 0, 13, 32, 0 }, // U+2113
    { 10, 14, 157, 0, 13, 35, 0 }, // U+2202
    { 10, 10, 164, 0, 9, 25, 35 }, // U+2205
    { 12, 12, 190, 0, 12, 36, 60 }, // U+2206
    { 12, 16, 189, 0, 12, 48, 96 }, // U+220F
    { 7, 12, 140, 1, 12, 21, 144 }, // U+2211
    { 9, 2, 155, 0, 6, 5, 165 }, // U+2212
    { 9, 15, 147, 0, 13, 34, 170 }, // U+2215
    { 4, 4, 65, 0, 7, 4, 204 }, // U+2219
    { 12, 15, 182, 0, 12, 45, 208 }, // U+221A
    { 14, 8, 231, 0, 8, 28, 253 }, // U+221E
    { 10, 16, 148, 0, 13, 40, 281 }, // U+222B
    { 9, 7, 149, 0, 8, 16, 321 }, // U+2248
    { 9, 9, 151, 0, 9, 21, 337 }, // U+2260
    { 9, 9, 167, 1, 9, 21, 358 }, // U+2264
    { 9, 9, 167, 1, 9, 21, 379 }, // U+2265
    { 5, 11, 83, 0, 11, 14, 0 }, // U+2669
    { 7, 11, 120, 0, 11, 20, 14 }, // U+266A
    { 10, 13, 171, 0, 12, 33, 34 }, // U+266B
    { 10, 13, 171, 0, 12, 33, 67 }, // U+266C
    { 5, 11, 93, 0, 10, 14, 100 }, // U+266D
    { 6, 11, 95, 0, 7, 17, 114 }, // U+266E
    { 9, 14, 148, 0, 10, 32, 131 }, // U+266F
    { 17, 17, 267, 0, 15, 73, 163 }, // U+4F1A
    { 16, 17, 267, 0, 15, 68, 236 }, // U+53BB
    { 15, 16, 267, 1, 14, 60, 304 }, // U+5458
    { 17, 18, 267, 0, 15, 77, 364 }, // U+59DA
    { 15, 17, 267, 1, 15, 64, 441 }, // U+5B98
    { 16, 17, 267, 0, 15, 68, 505 }, // U+5BA4
    { 16, 17, 267, 0, 15, 68, 573 }, // U+5E26
    { 17, 17, 267, 0, 15, 73, 641 }, // U+6211
    { 17, 18, 267, 0, 15, 77, 714 }, // U+62C9
    { 17, 17, 267, 0, 15, 73, 791 }, // U+653E
    { 17, 17, 267, 0, 15, 73, 864 }, // U+6746
    { 17, 18, 267, 0, 15, 77, 937 }, // U+6747
    { 17, 17, 267, 0, 15, 73, 1014 }, // U+6748
    { 16, 17, 267, 0, 15, 68, 1087 }, // U+6749
    { 16, 17, 267, 0, 15, 68, 1155 }, // U+674A
    { 17, 17, 267, 0, 15, 73, 1223 }, // U+674B
    { 17, 17, 267, 0, 15, 73, 1296 }, // U+674C
    { 16, 17, 267, 0, 15, 68, 1369 }, // U+674D
    { 17, 17, 267, 0, 15, 73, 1437 }, // U+674E
    { 17, 17, 267, 0, 15, 73, 1510 }, // U+674F
    { 16, 17, 267, 0, 15, 68, 1583 }, // U+6750
    { 17, 17, 267, 0, 15, 73, 1651 }, // U+6751
    { 16, 18, 267, 0, 15, 72, 1724 }, // U+6752
    { 16, 18, 267, 0, 15, 72, 1796 }, // U+6753
    { 16, 17, 267, 0, 15, 68, 1868 }, // U+6754
    { 17, 17, 267, 0, 15, 73, 1936 }, // U+6755
    { 17, 17, 267, 0, 15, 73, 2009 }, // U+6756
    { 17, 17, 267, 0, 15, 73, 2082 }, // U+6757
    { 17, 16, 267, 0, 14, 68, 2155 }, // U+6758
    { 17, 17, 267, 0, 15, 73, 2223 }, // U+6759
    { 16, 17, 267, 0, 15, 68, 2296 }, // U+675A
    { 16, 17, 267, 0, 15, 68, 2364 }, // U+675B
    { 16, 17, 267, 0, 15, 68, 2432 }, // U+675C
    { 17, 17, 267, 0, 15, 73, 2500 }, // U+675D
    { 17, 17, 267, 0, 15, 73, 2573 }, // U+675E
    { 17, 17, 267, 0, 15, 73, 2646 }, // U+675F
    { 16, 17, 267, 0, 15, 68, 2719 }, // U+6760
    { 17, 17, 267, 0, 15, 73, 2787 }, // U+6761
    { 17, 17, 267, 0, 15, 73, 2860 }, // U+6762
    { 16, 17, 267, 0, 15, 68, 2933 }, // U+6763
    { 16, 18, 267, 0, 15, 72, 3001 }, // U+6764
    { 17, 17, 267, 0, 15, 73, 3073 }, // U+6765
    { 17, 17, 267, 0, 15, 73, 3146 }, // U+6766
    { 17, 17, 267, 0, 15, 73, 3219 }, // U+6767
    { 16, 17, 267, 0, 15, 68, 3292 }, // U+6768
    { 16, 18, 267, 0, 15, 72, 3360 }, // U+6769
    { 16, 17, 267, 0, 15, 68, 3432 }, // U+676A
    { 17, 17, 267, 0, 15, 73, 3500 }, // U+676B
    { 17, 18, 267, 0, 15, 77, 3573 }, // U+676C
    { 17, 18, 267, 0, 15, 77, 3650 }, // U+676D
    { 16, 17, 267, 0, 15, 68, 3727 }, // U+676E
    { 17, 17, 267, 0, 15, 73, 3795 }, // U+676F
    { 16, 17, 267, 0, 15, 68, 3868 }, // U+6770
    { 17, 17, 267, 0, 15, 73, 3936 }, // U+6771
    { 17, 16, 267, 0, 14, 68, 4009 }, // U+6772
    { 17, 17, 267, 0, 15, 73, 4077 }, // U+6773
    { 17, 17, 267, 0, 15, 73, 4150 }, // U+6774
    { 17, 17, 267, 0, 15, 73, 4223 }, // U+6775
    { 17, 17, 267, 0, 15, 73, 4296 }, // U+6776
    { 17, 17, 267, 0, 15, 73, 4369 }, // U+6777
    { 16, 17, 267, 0, 15, 68, 4442 }, // U+6778
    { 17, 18, 267, 0, 15, 77, 4510 }, // U+6779
    { 17, 17, 267, 0, 15, 73, 4587 }, // U+677A
    { 17, 17, 267, 0, 15, 73, 4660 }, // U+677B
    { 17, 18, 267, 0, 15, 77, 4733 }, // U+677C
    { 16, 17, 267, 0, 15, 68, 4810 }, // U+677D
    { 16, 17, 267, 0, 15, 68, 4878 }, // U+677E
    { 17, 17, 267, 0, 15, 73, 4946 }, // U+677F
    { 13, 16, 267, 2, 14, 52, 5019 }, // U+7532
    { 15, 18, 267, 1, 15, 68, 5071 }, // U+7684
    { 17, 17, 267, 0, 15, 73, 5139 }, // U+8BAE
    { 16, 18, 267, 0, 15, 72, 5212 }, // U+8BF7
    { 17, 17, 267, 0, 15, 73, 5284 }, // U+91CA
    { 11, 13, 179, 0, 13, 36, 0 }, // U+FB01
    { 10, 13, 172, 0, 13, 33, 36 }, // U+FB02
};

static const EpdUnicodeInterval lexenddeca_8_regularIntervals[] = {
    { 0x0, 0x17E, 0x0 },
    { 0x1A0, 0x1A1, 0x17F },
    { 0x1AF, 0x1B0, 0x181 },
    { 0x1C4, 0x1D4, 0x183 },
    { 0x1E6, 0x1E7, 0x194 },
    { 0x1EA, 0x1EB, 0x196 },
    { 0x1F1, 0x1F2, 0x198 },
    { 0x1FA, 0x21B, 0x19A },
    { 0x300, 0x304, 0x1BC },
    { 0x306, 0x30C, 0x1C1 },
    { 0x30F, 0x30F, 0x1C8 },
    { 0x311, 0x312, 0x1C9 },
    { 0x31B, 0x31B, 0x1CB },
    { 0x323, 0x324, 0x1CC },
    { 0x326, 0x328, 0x1CE },
    { 0x32E, 0x32E, 0x1D1 },
    { 0x331, 0x331, 0x1D2 },
    { 0x335, 0x335, 0x1D3 },
    { 0x34F, 0x34F, 0x1D4 },
    { 0x3BB, 0x3BB, 0x1D5 },
    { 0x410, 0x414, 0x1D6 },
    { 0x418, 0x418, 0x1DB },
    { 0x41B, 0x41B, 0x1DC },
    { 0x41D, 0x423, 0x1DD },
    { 0x425, 0x425, 0x1E4 },
    { 0x427, 0x427, 0x1E5 },
    { 0x42B, 0x42C, 0x1E6 },
    { 0x42E, 0x432, 0x1E8 },
    { 0x434, 0x435, 0x1ED },
    { 0x437, 0x437, 0x1EF },
    { 0x43A, 0x43A, 0x1F0 },
    { 0x43D, 0x43E, 0x1F1 },
    { 0x440, 0x440, 0x1F3 },
    { 0x442, 0x442, 0x1F4 },
    { 0x446, 0x446, 0x1F5 },
    { 0x44C, 0x44C, 0x1F6 },
    { 0x44E, 0x44E, 0x1F7 },
    { 0x1EA0, 0x1EF9, 0x1F8 },
    { 0x2007, 0x2010, 0x252 },
    { 0x2012, 0x2015, 0x25C },
    { 0x2018, 0x201A, 0x260 },
    { 0x201C, 0x201E, 0x263 },
    { 0x2020, 0x2022, 0x266 },
    { 0x2026, 0x2026, 0x269 },
    { 0x202A, 0x202E, 0x26A },
    { 0x2030, 0x2030, 0x26F },
    { 0x2033, 0x2033, 0x270 },
    { 0x2039, 0x203A, 0x271 },
    { 0x2044, 0x2044, 0x273 },
    { 0x2060, 0x2064, 0x274 },
    { 0x2066, 0x2070, 0x279 },
    { 0x2074, 0x2079, 0x284 },
    { 0x2080, 0x2089, 0x28A },
    { 0x20A1, 0x20A1, 0x294 },
    { 0x20A3, 0x20A4, 0x295 },
    { 0x20A6, 0x20A7, 0x297 },
    { 0x20A9, 0x20A9, 0x299 },
    { 0x20AB, 0x20AD, 0x29A },
    { 0x20B1, 0x20B2, 0x29D },
    { 0x20B5, 0x20B5, 0x29F },
    { 0x20B9, 0x20BA, 0x2A0 },
    { 0x20BC, 0x20BD, 0x2A2 },
    { 0x2113, 0x2113, 0x2A4 },
    { 0x2202, 0x2202, 0x2A5 },
    { 0x2205, 0x2206, 0x2A6 },
    { 0x220F, 0x220F, 0x2A8 },
    { 0x2211, 0x2212, 0x2A9 },
    { 0x2215, 0x2215, 0x2AB },
    { 0x2219, 0x221A, 0x2AC },
    { 0x221E, 0x221E, 0x2AE },
    { 0x222B, 0x222B, 0x2AF },
    { 0x2248, 0x2248, 0x2B0 },
    { 0x2260, 0x2260, 0x2B1 },
    { 0x2264, 0x2265, 0x2B2 },
    { 0x2669, 0x266F, 0x2B4 },
    { 0x4F1A, 0x4F1A, 0x2BB },
    { 0x53BB, 0x53BB, 0x2BC },
    { 0x5458, 0x5458, 0x2BD },
    { 0x59DA, 0x59DA, 0x2BE },
    { 0x5B98, 0x5B98, 0x2BF },
    { 0x5BA4, 0x5BA4, 0x2C0 },
    { 0x5E26, 0x5E26, 0x2C1 },
    { 0x6211, 0x6211, 0x2C2 },
    { 0x62C9, 0x62C9, 0x2C3 },
    { 0x653E, 0x653E, 0x2C4 },
    { 0x6746, 0x677F, 0x2C5 },
    { 0x7532, 0x7532, 0x2FF },
    { 0x7684, 0x7684, 0x300 },
    { 0x8BAE, 0x8BAE, 0x301 },
    { 0x8BF7, 0x8BF7, 0x302 },
    { 0x91CA, 0x91CA, 0x303 },
    { 0xFB01, 0xFB02, 0x304 },
};

static const EpdFontGroup lexenddeca_8_regularGroups[] = {
    { 0, 1552, 2848, 128, 0 },
    { 1552, 1369, 3356, 128, 128 },
    { 2921, 1722, 5135, 127, 256 },
    { 4643, 1171, 2960, 61, 383 },
    { 5814, 131, 127, 25, 444 },
    { 5945, 37, 36, 1, 469 },
    { 5982, 639, 1143, 34, 470 },
    { 6621, 916, 4456, 90, 504 },
    { 7537, 216, 289, 49, 594 },
    { 7753, 114, 227, 17, 643 },
    { 7867, 445, 673, 16, 660 },
    { 8312, 43, 42, 1, 676 },
    { 8355, 297, 462, 15, 677 },
    { 8652, 3523, 5961, 80, 692 },
    { 12175, 46, 78, 2, 772 },
};

static const uint16_t lexenddeca_8_regularKernLeftCodepoints[] = {
    0x0026, 0x0028, 0x002A, 0x002C, 0x002E, 0x002F, 0x0030, 0x0031, 0x0032, 0x0033, 0x0034, 0x0035,
    0x0036, 0x0037, 0x0038, 0x0039, 0x003C, 0x003E, 0x003F, 0x0040, 0x0041, 0x0042, 0x0043, 0x0044,
    0x0045, 0x0046, 0x0047, 0x0049, 0x004A, 0x004B, 0x004C, 0x004F, 0x0050, 0x0051, 0x0052, 0x0053,
    0x0054, 0x0055, 0x0056, 0x0057, 0x0058, 0x0059, 0x005A, 0x005B, 0x005C, 0x005F, 0x0061, 0x0062,
    0x0063, 0x0064, 0x0065, 0x0066, 0x0067, 0x0068, 0x0069, 0x006A, 0x006B, 0x006C, 0x006D, 0x006E,
    0x006F, 0x0070, 0x0071, 0x0072, 0x0073, 0x0074, 0x0075, 0x0076, 0x0077, 0x0078, 0x0079, 0x007A,
    0x007B, 0x007D, 0x00A1, 0x00A3, 0x00B7, 0x00BF, 0x00C0, 0x00C1, 0x00C2, 0x00C3, 0x00C4, 0x00C5,
    0x00C6, 0x00C8, 0x00C9, 0x00CA, 0x00CB, 0x00D0, 0x00D2, 0x00D3, 0x00D4, 0x00D5, 0x00D6, 0x00D8,
    0x00D9, 0x00DA, 0x00DB, 0x00DC, 0x00DD, 0x00DE, 0x00DF, 0x00E0, 0x00E1, 0x00E2, 0x00E3, 0x00E4,
    0x00E5, 0x00E7, 0x00E8, 0x00E9, 0x00EA, 0x00EB, 0x00EC, 0x00ED, 0x00EE, 0x00EF, 0x00F0, 0x00F1,
    0x00F2, 0x00F3, 0x00F4, 0x00F5, 0x00F6, 0x00F8, 0x00F9, 0x00FA, 0x00FB, 0x00FC, 0x00FD, 0x00FE,
    0x00FF, 0x0100, 0x0101, 0x0102, 0x0103, 0x0104, 0x0105, 0x0107, 0x0109, 0x010B, 0x010D, 0x010E,
    0x010F, 0x0110, 0x0111, 0x0112, 0x0113, 0x0114, 0x0115, 0x0116, 0x0117, 0x0118, 0x0119, 0x011A,
    0x011B, 0x011C, 0x011D, 0x011E, 0x011F, 0x0120, 0x0121, 0x0122, 0x0123, 0x0125, 0x0127, 0x0129,
    0x012B, 0x012D, 0x012F, 0x0131, 0x0132, 0x0133, 0x0134, 0x0135, 0x0136, 0x0137, 0x0138, 0x0139,
    0x013A, 0x013B, 0x013C, 0x013D, 0x013E, 0x013F, 0x0140, 0x0141, 0x0142, 0x0144, 0x0146, 0x0148,
    0x0149, 0x014B, 0x014C, 0x014D, 0x014E, 0x014F, 0x0150, 0x0151, 0x0152, 0x0153, 0x0154, 0x0155,
    0x0156, 0x0157, 0x0158, 0x0159, 0x015A, 0x015B, 0x015C, 0x015D, 0x015E, 0x015F, 0x0160, 0x0161,
    0x0162, 0x0163, 0x0164, 0x0165, 0x0166, 0x0167, 0x0168, 0x0169, 0x016A, 0x016B, 0x016C, 0x016D,
    0x016E, 0x016F, 0x0170, 0x0171, 0x0172, 0x0173, 0x0174, 0x0175, 0x0176, 0x0177, 0x0178, 0x0179,
    0x017A, 0x017B, 0x017C, 0x017D, 0x017E, 0x01A0, 0x01A1, 0x01AF, 0x01B0, 0x01C4, 0x01C5, 0x01C6,
    0x01C7, 0x01C8, 0x01C9, 0x01CA, 0x01CB, 0x01CC, 0x01CD, 0x01CE, 0x01D0, 0x01D1, 0x01D2, 0x01D3,
    0x01D4, 0x01E6, 0x01E7, 0x01EA, 0x01EB, 0x01F1, 0x01F2, 0x01FA, 0x01FB, 0x01FC, 0x01FE, 0x01FF,
    0x0200, 0x0201, 0x0202, 0x0203, 0x0204, 0x0205, 0x0206, 0x0207, 0x0209, 0x020B, 0x020C, 0x020D,
    0x020E, 0x020F, 0x0210, 0x0211, 0x0212, 0x0213, 0x0214, 0x0215, 0x0216, 0x0217, 0x0218, 0x0219,
    0x021A, 0x021B, 0x0410, 0x0413, 0x041E, 0x0420, 0x0422, 0x0423, 0x0425, 0x042C, 0x042E, 0x0434,
    0x043A, 0x043D, 0x043E, 0x0440, 0x0442, 0x0446, 0x044C, 0x044E, 0x1EA0, 0x1EA1, 0x1EA2, 0x1EA3,
    0x1EA4, 0x1EA5, 0x1EA6, 0x1EA7, 0x1EA8, 0x1EA9, 0x1EAA, 0x1EAB, 0x1EAC, 0x1EAD, 0x1EAE, 0x1EAF,
    0x1EB0, 0x1EB1, 0x1EB2, 0x1EB3, 0x1EB4, 0x1EB5, 0x1EB6, 0x1EB7, 0x1EB8, 0x1EB9, 0x1EBA, 0x1EBB,
    0x1EBC, 0x1EBD, 0x1EBE, 0x1EBF, 0x1EC0, 0x1EC1, 0x1EC2, 0x1EC3, 0x1EC4, 0x1EC5, 0x1EC6, 0x1EC7,
    0x1EC9, 0x1ECB, 0x1ECC, 0x1ECD, 0x1ECE, 0x1ECF, 0x1ED0, 0x1ED1, 0x1ED2, 0x1ED3, 0x1ED4, 0x1ED5,
    0x1ED6, 0x1ED7, 0x1ED8, 0x1ED9, 0x1EDA, 0x1EDB, 0x1EDC, 0x1EDD, 0x1EDE, 0x1EDF, 0x1EE0, 0x1EE1,
    0x1EE2, 0x1EE3, 0x1EE4, 0x1EE5, 0x1EE6, 0x1EE7, 0x1EE8, 0x1EE9, 0x1EEA, 0x1EEB, 0x1EEC, 0x1EED,
    0x1EEE, 0x1EEF, 0x1EF0, 0x1EF1, 0x1EF2, 0x1EF3, 0x1EF4, 0x1EF5, 0x1EF6, 0x1EF7, 0x1EF8, 0x1EF9,
    0x2018, 0x2019, 0x201C, 0x201D, 0x2022, 0x2206, 0x221E, 0x222B, 0xFB01, 0xFB02,
};

static const uint8_t lexenddeca_8_regularKernLeftClassIds[] = {
      1,   2,   3,   4,   5,   6,   7,   8,   9,  10,  11,  12,  13,  14,  15,  16,
     17,  18,  19,  20,  21,  22,  23,  24,  25,  26,  27,  28,  29,  30,  31,  24,
     32,  33,  34,  35,  36,  37,  38,  39,  40,  41,  42,  43,  44,  45,  46,  47,
     48,  49,  50,  51,  52,  53,  54,  55,  56,  57,  53,  53,  47,  47,  58,  59,
     60,  61,  62,  63,  64,  65,  66,  67,  68,  69,  70,  71,  72,  73,  21,  21,
     21,  21,  21,  21,  25,  25,  25,  25,  25,  24,  24,  24,  24,  24,  24,  24,
     37,  37,  37,  37,  41,  74,  75,  46,  46,  46,  46,  46,  46,  48,  50,  50,
     50,  50,  54,  54,  54,  54,  76,  53,  47,  47,  47,  47,  47,  47,  62,  62,
     62,  62,  66,  47,  66,  21,  46,  21,  46,  21,  46,  48,  48,  48,  48,  24,
     77,  24,  49,  25,  50,  25,  50,  25,  50,  25,  50,  25,  50,  27,  52,  27,
     52,  27,  52,  27,  52,  53,  53,  54,  54,  54,  54,  54,  29,  55,  29,  55,
     30,  56,  56,  31,  57,  31,  57,  31,  77,  31,  57,  31,  57,  53,  53,  53,
     53,  53,  24,  47,  24,  47,  24,  47,  25,  50,  78,  59,  78,  59,  78,  59,
     35,  60,  35,  60,  35,  60,  35,  60,  36,  61,  36,  61,  36,  61,  37,  62,
     37,  62,  37,  62,  37,  62,  37,  62,  37,  62,  39,  64,  41,  66,  41,  42,
     67,  42,  67,  42,  67,  24,  47,  37,  62,  42,  67,  67,  29,  55,  57,  29,
     55,  55,  21,  46,  54,  24,  47,  37,  62,  27,  52,  24,  47,  42,  67,  21,
     46,  25,  24,  47,  21,  46,  21,  46,  25,  50,  25,  50,  54,  54,  24,  47,
     24,  47,  78,  59,  78,  59,  37,  62,  37,  62,  35,  60,  36,  61,  79,  80,
     81,  82,  80,  83,  84,  85,  81,  86,  86,  86,  87,  87,  86,  86,  88,  87,
     21,  46,  21,  46,  21,  46,  21,  46,  21,  46,  21,  46,  21,  46,  21,  46,
     21,  46,  21,  46,  21,  46,  21,  46,  25,  50,  25,  50,  25,  50,  25,  50,
     25,  50,  25,  50,  25,  50,  25,  50,  54,  54,  24,  47,  24,  47,  24,  47,
     24,  47,  24,  47,  24,  47,  24,  47,  24,  47,  24,  47,  24,  47,  24,  47,
     24,  47,  37,  62,  37,  62,  37,  62,  37,  62,  37,  62,  37,  62,  37,  62,
     41,  66,  41,  66,  41,  66,  41,  66,  89,  90,  91,  92,  70,  93,  94,  95,
     54,  57,
};

static const uint16_t lexenddeca_8_regularKernRightCodepoints[] = {
    0x0021, 0x0026, 0x0029, 0x002A, 0x002C, 0x002D, 0x002E, 0x002F, 0x0030, 0x0031, 0x0032, 0x0034,
    0x0036, 0x0037, 0x0038, 0x0039, 0x003C, 0x003F, 0x0040, 0x0041, 0x0042, 0x0043, 0x0044, 0x0045,
    0x0046, 0x0047, 0x0048, 0x0049, 0x004A, 0x004B, 0x004C, 0x004D, 0x004E, 0x004F, 0x0050, 0x0051,
    0x0052, 0x0053, 0x0054, 0x0055, 0x0056, 0x0057, 0x0058, 0x0059, 0x005A, 0x005B, 0x005C, 0x005D,
    0x005F, 0x0061, 0x0062, 0x0063, 0x0064, 0x0065, 0x0066, 0x0067, 0x0068, 0x006A, 0x006B, 0x006C,
    0x006D, 0x006E, 0x006F, 0x0070, 0x0071, 0x0072, 0x0073, 0x0074, 0x0075, 0x0076, 0x0077, 0x0078,
    0x0079, 0x007A, 0x007B, 0x007D, 0x00A1, 0x00B7, 0x00BF, 0x00C0, 0x00C1, 0x00C2, 0x00C3, 0x00C4,
    0x00C5, 0x00C6, 0x00C7, 0x00C8, 0x00C9, 0x00CA, 0x00CB, 0x00D0, 0x00D1, 0x00D2, 0x00D3, 0x00D4,
    0x00D5, 0x00D6, 0x00D8, 0x00D9, 0x00DA, 0x00DB, 0x00DC, 0x00DD, 0x00DE, 0x00DF, 0x00E0, 0x00E1,
    0x00E2, 0x00E3, 0x00E4, 0x00E5, 0x00E7, 0x00E8, 0x00E9, 0x00EA, 0x00EB, 0x00F0, 0x00F1, 0x00F2,
    0x00F3, 0x00F4, 0x00F5, 0x00F6, 0x00F8, 0x00F9, 0x00FA, 0x00FB, 0x00FC, 0x00FD, 0x00FE, 0x00FF,
    0x0100, 0x0101, 0x0102, 0x0103, 0x0104, 0x0105, 0x0106, 0x0107, 0x0108, 0x0109, 0x010A, 0x010B,
    0x010C, 0x010D, 0x010E, 0x010F, 0x0110, 0x0111, 0x0112, 0x0113, 0x0114, 0x0115, 0x0116, 0x0117,
    0x0118, 0x0119, 0x011A, 0x011B, 0x011C, 0x011D, 0x011E, 0x011F, 0x0120, 0x0121, 0x0122, 0x0123,
    0x0124, 0x0125, 0x0127, 0x0134, 0x0135, 0x0136, 0x0137, 0x0138, 0x0139, 0x013A, 0x013B, 0x013C,
    0x013D, 0x013E, 0x013F, 0x0140, 0x0141, 0x0142, 0x0143, 0x0144, 0x0145, 0x0146, 0x0147, 0x0148,
    0x014A, 0x014B, 0x014C, 0x014D, 0x014E, 0x014F, 0x0150, 0x0151, 0x0152, 0x0153, 0x0154, 0x0155,
    0x0156, 0x0157, 0x0158, 0x0159, 0x015A, 0x015B, 0x015C, 0x015D, 0x015E, 0x015F, 0x0160, 0x0161,
    0x0162, 0x0163, 0x0164, 0x0165, 0x0166, 0x0167, 0x0168, 0x0169, 0x016A, 0x016B, 0x016C, 0x016D,
    0x016E, 0x016F, 0x0170, 0x0171, 0x0172, 0x0173, 0x0174, 0x0175, 0x0176, 0x0177, 0x0178, 0x0179,
    0x017A, 0x017B, 0x017C, 0x017D, 0x017E, 0x01A0, 0x01A1, 0x01AF, 0x01B0, 0x01C4, 0x01C5, 0x01C6,
    0x01C7, 0x01C8, 0x01C9, 0x01CA, 0x01CB, 0x01CC, 0x01CD, 0x01CE, 0x01D1, 0x01D2, 0x01D3, 0x01D4,
    0x01E6, 0x01E7, 0x01EA, 0x01EB, 0x01F1, 0x01F2, 0x01FA, 0x01FB, 0x01FC, 0x01FE, 0x01FF, 0x0200,
    0x0201, 0x0202, 0x0203, 0x0204, 0x0205, 0x0206, 0x0207, 0x020C, 0x020D, 0x020E, 0x020F, 0x0210,
    0x0211, 0x0212, 0x0213, 0x0214, 0x0215, 0x0216, 0x0217, 0x0218, 0x0219, 0x021A, 0x021B, 0x0410,
    0x0414, 0x041B, 0x041E, 0x0421, 0x0422, 0x0425, 0x0430, 0x0431, 0x0432, 0x0434, 0x0435, 0x0437,
    0x043A, 0x043D, 0x043E, 0x0440, 0x0442, 0x0446, 0x044C, 0x044E, 0x1EA0, 0x1EA1, 0x1EA2, 0x1EA3,
    0x1EA4, 0x1EA5, 0x1EA6, 0x1EA7, 0x1EA8, 0x1EA9, 0x1EAA, 0x1EAB, 0x1EAC, 0x1EAD, 0x1EAE, 0x1EAF,
    0x1EB0, 0x1EB1, 0x1EB2, 0x1EB3, 0x1EB4, 0x1EB5, 0x1EB6, 0x1EB7, 0x1EB8, 0x1EB9, 0x1EBA, 0x1EBB,
    0x1EBC, 0x1EBD, 0x1EBE, 0x1EBF, 0x1EC0, 0x1EC1, 0x1EC2, 0x1EC3, 0x1EC4, 0x1EC5, 0x1EC6, 0x1EC7,
    0x1ECC, 0x1ECD, 0x1ECE, 0x1ECF, 0x1ED0, 0x1ED1, 0x1ED2, 0x1ED3, 0x1ED4, 0x1ED5, 0x1ED6, 0x1ED7,
    0x1ED8, 0x1ED9, 0x1EDA, 0x1EDB, 0x1EDC, 0x1EDD, 0x1EDE, 0x1EDF, 0x1EE0, 0x1EE1, 0x1EE2, 0x1EE3,
    0x1EE4, 0x1EE5, 0x1EE6, 0x1EE7, 0x1EE8, 0x1EE9, 0x1EEA, 0x1EEB, 0x1EEC, 0x1EED, 0x1EEE, 0x1EEF,
    0x1EF0, 0x1EF1, 0x1EF2, 0x1EF3, 0x1EF4, 0x1EF5, 0x1EF6, 0x1EF7, 0x1EF8, 0x1EF9, 0x2013, 0x2014,
    0x2018, 0x2019, 0x201C, 0x201D, 0x2022, 0x2206, 0x222B, 0xFB01, 0xFB02,
};

static const uint8_t lexenddeca_8_regularKernRightClassIds[] = {
      1,   2,   3,   4,   5,   6,   7,   8,   9,  10,  11,  12,  13,  14,  15,  16,
     17,  18,  19,  20,  21,  22,  21,  21,  21,  22,  21,  23,  24,  21,  21,  21,
     21,  22,  21,  22,  21,  25,  26,  27,  28,  29,  30,  31,  32,  33,  34,  35,
     36,  37,  38,  37,  37,  37,  39,  40,  38,  41,  38,  38,  42,  42,  37,  43,
     37,  42,  44,  45,  46,  47,  48,  49,  50,  51,  33,  52,  53,  54,  55,  56,
     56,  56,  56,  56,  56,  57,  22,  21,  21,  21,  21,  21,  21,  22,  22,  22,
     22,  22,  22,  27,  27,  27,  27,  58,  21,  59,  37,  37,  37,  37,  37,  37,
     37,  37,  37,  37,  37,  60,  42,  37,  37,  37,  37,  37,  37,  46,  46,  46,
     46,  50,  61,  50,  56,  37,  56,  37,  56,  37,  22,  37,  22,  37,  22,  37,
     22,  37,  21,  37,  21,  37,  21,  37,  21,  37,  21,  37,  21,  37,  21,  37,
     22,  40,  22,  40,  22,  40,  22,  40,  21,  38,  38,  24,  41,  21,  38,  38,
     21,  38,  21,  38,  21,  38,  21,  38,  21,  38,  21,  42,  21,  42,  21,  42,
     21,  42,  22,  37,  22,  37,  22,  37,  22,  37,  21,  42,  21,  42,  21,  42,
     25,  44,  25,  44,  25,  44,  25,  44,  62,  45,  62,  45,  62,  45,  27,  46,
     27,  46,  27,  46,  27,  46,  27,  46,  27,  46,  63,  48,  58,  50,  58,  32,
     51,  32,  51,  32,  51,  22,  37,  27,  46,  21,  21,  37,  21,  21,  38,  21,
     21,  42,  56,  37,  22,  37,  27,  46,  22,  40,  22,  37,  21,  21,  56,  37,
     57,  22,  37,  56,  37,  56,  37,  21,  37,  21,  37,  22,  37,  22,  37,  21,
     42,  21,  42,  27,  46,  27,  46,  25,  44,  62,  45,  64,  64,  64,  65,  65,
     66,  67,  68,  69,  70,  71,  72,  70,  70,  70,  72,  73,  70,  70,  70,  70,
     56,  37,  56,  37,  56,  37,  56,  37,  56,  37,  56,  37,  56,  37,  56,  37,
     56,  37,  56,  37,  56,  37,  56,  37,  21,  37,  21,  37,  21,  37,  21,  37,
     21,  37,  21,  37,  21,  37,  21,  37,  22,  37,  22,  37,  22,  37,  22,  37,
     22,  37,  22,  37,  22,  37,  22,  37,  22,  37,  22,  37,  22,  37,  22,  37,
     27,  46,  27,  46,  27,  46,  27,  46,  27,  46,  27,  46,  27,  46,  58,  50,
     58,  50,  58,  50,  58,  50,  74,  75,  76,  77,  78,  79,  80,  81,  82,  39,
     39,
};

static const uint16_t lexenddeca_8_regularKernRowOffsets[] = {
        0,    12,    20,    24,    36,    48,    64,    66,    67,    69,    71,    74,    76,    77,    87,    88,
       90,    91,    94,    98,   100,   128,   142,   145,   164,   171,   192,   204,   205,   232,   254,   279,
      304,   324,   339,   342,   373,   381,   411,   431,   444,   471,   476,   489,   502,   506,   522,   542,
      554,   555,   569,   594,   605,   612,   614,   618,   630,   647,   655,   675,   683,   690,   698,   722,
      742,   757,   774,   781,   797,   810,   811,   814,   817,   820,   853,   876,   899,   902,   916,   918,
      924,   926,   930,   937,   938,   939,   940,   941,   942,   947,   954,   959,   965,   968,   969,   970,
};

static const uint8_t lexenddeca_8_regularKernSparseCols[] = {
      2,  25,  27,  28,  30,  46,  47,  49,  57,  59,  61,  62,  21,  23,  36,  39,
     40,  42,  59,  60,  19,  46,  55,  59,  11,  21,  25,  27,  28,  30,  46,  47,
     49,  57,  61,  62,  11,  21,  25,  27,  28,  30,  46,  47,  49,  57,  61,  62,
      7,   8,   9,  10,  11,  12,  19,  21,  23,  36,  39,  43,  48,  55,  58,  59,
      7,  80,  16,  11,  51,   7,  80,  10,  13,  81,   7,  80,  80,   4,   6,   7,
      9,  10,  11,  12,  14,  16,  80,  80,   7,  80,   9,   9,  10,  13,  19,  23,
     55,  59,  27,  48,   3,   5,  21,  25,  26,  27,  28,  30,  33,  36,  38,  39,
     44,  45,  46,  47,  49,  57,  58,  59,  61,  62,  73,  74,  75,  76,  77,  78,
      2,   7,  25,  27,  28,  29,  30,  37,  39,  48,  57,  60,  61,  62,   2,  76,
     78,   2,   6,   7,  19,  22,  23,  25,  27,  28,  29,  30,  31,  33,  48,  51,
     55,  57,  61,  62,  23,  36,  39,  45,  46,  49,  59,   4,   6,  19,  21,  23,
     24,  25,  29,  36,  39,  41,  42,  43,  45,  46,  48,  50,  55,  56,  59,  61,
      7,  19,  22,  25,  27,  28,  30,  33,  55,  57,  61,  62,  21,   2,   4,   6,
      7,  19,  21,  23,  34,  36,  38,  39,  41,  42,  43,  45,  46,  47,  49,  50,
     51,  55,  58,  59,  75,  76,  77,  78,   5,  21,  23,  24,  26,  27,  28,  30,
     36,  41,  42,  43,  44,  45,  46,  47,  49,  57,  59,  62,  73,  74,   3,   5,
     21,  25,  26,  27,  28,  30,  33,  36,  44,  46,  47,  49,  50,  57,  59,  61,
     62,  73,  74,  75,  76,  77,  78,   4,   6,   7,  19,  23,  28,  29,  31,  33,
     36,  38,  39,  44,  45,  46,  47,  49,  55,  58,  59,  62,  75,  76,  77,  78,
      2,   6,   7,  19,  22,  23,  25,  27,  28,  29,  30,  31,  33,  35,  48,  51,
     55,  57,  61,  62,   5,  21,  23,  25,  26,  27,  30,  33,  36,  45,  57,  59,
     61,  73,  74,  29,  30,  57,   1,   4,   5,   6,   7,  19,  21,  23,  25,  27,
     28,  30,  36,  39,  41,  42,  43,  45,  46,  47,  48,  49,  50,  55,  56,  57,
     59,  61,  62,  73,  74,  19,  23,  24,  29,  30,  48,  55,  57,   1,   4,   6,
      7,  17,  18,  19,  21,  23,  24,  25,  32,  35,  36,  39,  41,  42,  43,  45,
     50,  51,  52,  53,  54,  55,  56,  59,  61,  74,  79,   1,   4,   6,   7,  19,
     21,  23,  24,  25,  32,  36,  39,  41,  42,  45,  51,  55,  59,  61,  74,  21,
     24,  26,  32,  36,  39,  45,  46,  47,  49,  51,  59,  74,   1,   4,   6,   7,
     19,  21,  23,  24,  25,  26,  32,  36,  39,  41,  42,  43,  45,  46,  47,  48,
     49,  50,  51,  55,  59,  61,  74,  21,  36,  45,  46,  59,   9,  10,  19,  23,
     25,  27,  28,  29,  30,  46,  47,  48,  49,  21,  25,  27,  28,  30,  33,  40,
     46,  57,  58,  59,  61,  62,  27,  46,  59,  60,  19,  21,  25,  26,  27,  28,
     30,  33,  45,  46,  47,  49,  55,  57,  61,  62,   2,   7,  25,  27,  28,  29,
     30,  31,  33,  38,  46,  47,  48,  49,  50,  51,  57,  58,  61,  62,  25,  27,
     28,  29,  30,  42,  49,  57,  61,  62,  76,  78,  45,  25,  27,  28,  29,  30,
     33,  39,  46,  47,  48,  49,  57,  61,  62,   2,   3,   7,  19,  25,  27,  28,
     29,  30,  31,  34,  36,  44,  46,  47,  50,  55,  57,  59,  61,  62,  75,  76,
     77,  78,   4,  19,  21,  24,  30,  33,  40,  43,  45,  55,  57,  25,  27,  30,
     33,  49,  57,  61,  25,  61,  25,  26,  40,  61,  21,  30,  33,  36,  37,  39,
     40,  43,  45,  57,  59,  60,  21,  25,  27,  28,  30,  36,  39,  40,  44,  45,
     46,  47,  49,  57,  59,  61,  62,   2,  25,  27,  30,  33,  40,  57,  61,   3,
      4,   6,   7,  19,  25,  29,  32,  36,  39,  40,  44,  46,  47,  51,  55,  59,
     61,  76,  78,  21,  25,  27,  29,  30,  48,  57,  61,   4,  36,  38,  39,  43,
     58,  59,  25,  27,  28,  30,  39,  57,  61,  62,   1,   3,   4,   6,   7,  17,
     19,  25,  29,  30,  31,  32,  35,  36,  39,  43,  44,  46,  51,  54,  55,  57,
     59,  61,   1,   4,   6,   7,  19,  25,  29,  30,  31,  32,  36,  39,  43,  44,
     46,  51,  55,  57,  59,  61,   1,  21,  25,  26,  30,  32,  33,  36,  43,  45,
     51,  53,  57,  59,  61,   1,   6,   7,  19,  25,  29,  30,  31,  32,  36,  39,
     43,  51,  55,  57,  59,  61,  25,  30,  33,  36,  57,  59,  61,   9,  10,  19,
     21,  23,  25,  27,  28,  29,  30,  36,  46,  47,  48,  49,  59,   9,  10,  19,
     23,  25,  27,  28,  29,  30,  46,  47,  48,  49,  27,   8,   9,  11,  27,  48,
     59,  27,  46,  59,   0,   3,   4,   6,   7,  19,  23,  28,  29,  31,  33,  35,
     36,  38,  39,  44,  45,  46,  47,  48,  49,  52,  53,  54,  55,  58,  59,  62,
     75,  76,  77,  78,  79,   2,   3,   7,  25,  27,  28,  29,  30,  31,  33,  35,
     38,  46,  47,  48,  49,  50,  51,  53,  57,  58,  61,  62,   2,   3,   6,   7,
     19,  22,  23,  25,  27,  28,  29,  30,  31,  33,  35,  48,  51,  53,  54,  55,
     57,  61,  62,  20,  37,  60,   5,  21,  23,  25,  26,  27,  30,  33,  36,  45,
     57,  59,  61,  74,  64,  65,  63,  67,  69,  70,  71,  72,  63,  66,  63,  67,
     70,  71,  63,  64,  67,  69,  70,  71,  72,  64,  65,  68,  70,  71,  19,  23,
     39,  43,  55,  19,  23,  36,  39,  41,  55,  59,  19,  23,  39,  43,  55,  19,
     23,  36,  39,  55,  59,   8,  14,  15,   9,  11,
};

static const int8_t lexenddeca_8_regularKernSparseValues[] = {
      -4,  -15,  -16,  -11,  -13,   -8,   -8,   -8,  -13,   -3,  -15,  -11,   -8,  -11,   -7,   -6,
       8,    8,   -7,    4,  -20,    2,  -20,   -7,   -7,   -5,  -27,  -32,  -21,  -32,  -21,  -11,
     -11,  -32,  -27,  -21,   -7,   -5,  -27,  -27,  -21,  -32,  -21,  -11,  -11,  -32,  -27,  -21,
     -25,  -13,   -8,   -8,  -16,  -13,  -27,  -11,  -13,  -13,  -13,   -8,   -2,  -27,   -3,   -9,
     -13,  -13,  -11,   -5,    3,   -7,   -8,   -5,   -5,  -16,  -11,   -5,   -5,  -27,  -21,  -32,
      -4,   -5,   -7,   -5,   -5,  -13,  -24,   -8,  -13,  -11,   -5,  -16,   -8,  -13,  -11,  -20,
     -11,   -4,   -2,   -1,  -20,  -13,   -5,  -13,   -5,  -20,  -11,  -21,  -27,   -5,   -5,   -3,
      -1,   -3,  -13,  -12,   -7,  -21,   -5,   -5,  -13,  -11,  -13,  -13,  -35,  -36,  -19,  -20,
      -5,  -11,   -4,   -2,   -2,   -3,   -6,   -1,   -1,   -1,   -6,   -1,   -4,   -2,    5,   11,
      11,   -8,   -5,  -11,   -5,   -4,   -4,   -8,   -8,   -1,   -9,   -9,  -12,  -13,   -3,   -7,
      -5,   -9,   -8,   -1,   -3,   -1,   -3,   -3,   -4,   -3,   -1,  -21,  -21,  -16,   -2,  -32,
      -1,    4,   -1,   -4,   -3,   -2,   -2,   -3,   -4,   -1,   -4,   -1,  -16,  -32,   -4,    4,
     -11,   -3,   -3,   -7,   -4,   -3,   -6,  -13,   -3,   -6,   -7,   -3,   -4,   11,  -19,  -13,
     -13,  -20,   -8,  -13,    8,  -13,  -13,  -13,  -11,  -11,  -11,  -13,  -11,   -5,  -11,   -5,
      11,  -20,  -13,  -13,   16,   21,   16,   21,  -24,  -12,   -8,   -3,   -4,   -1,   -1,    5,
     -12,   -2,   -2,   -1,   -1,   -3,  -11,  -11,  -11,    5,  -12,   -1,  -24,  -24,  -20,  -16,
      -5,  -22,   -5,  -20,  -20,  -32,  -27,   -5,   -1,   -6,   -1,  -11,    5,  -32,   -5,  -22,
     -20,  -16,  -16,  -32,  -27,  -32,  -27,  -34,  -27,  -21,  -17,  -20,    2,   -4,   -4,  -13,
      -3,    2,   -3,    4,   -1,    3,    4,    3,  -17,    2,   -3,    2,    8,   13,    8,   13,
      -8,   -5,  -11,   -5,   -4,   -4,   -8,   -8,   -1,   -9,   -9,  -12,  -13,   -3,   -3,   -7,
      -5,   -9,   -8,   -1,  -16,   -3,   -8,   -5,   -1,   -8,  -13,  -11,   -5,   -3,  -13,   -5,
      -5,  -16,  -16,   -4,   -4,   -4,  -15,  -27,  -27,  -27,  -16,  -13,   -8,  -21,    8,    3,
       3,    3,  -27,  -12,  -16,   -5,  -27,  -27,   -3,  -19,   -4,  -13,  -19,  -13,  -29,    3,
     -27,    8,    3,  -27,  -27,   -5,   -3,   -3,   -3,   -3,   -1,   -5,   -3,  -13,  -32,  -27,
     -21,    2,   -2,  -20,   -8,  -27,   -3,    3,  -27,   -8,  -16,   -5,   -5,   -3,   -4,   -7,
      -1,  -27,   -2,   -3,   -5,  -20,  -32,  -16,    3,  -27,   -2,   -8,  -21,  -21,  -21,  -11,
      -1,  -21,   -3,    3,  -19,   -7,   -5,   -1,   -1,   -3,  -19,  -11,   -7,    3,  -19,   -9,
      -4,   -3,  -21,   -7,   -1,   -3,   -7,   -5,   -6,  -21,   -7,  -21,  -13,  -32,  -32,  -32,
     -21,   -9,  -32,   -7,    3,   -3,  -27,  -21,  -21,   -6,   -6,  -10,   -5,   -3,   -3,   -5,
      -3,   -3,  -27,  -21,  -21,    3,  -32,   -1,   -1,   -1,   -1,   -1,  -11,  -13,  -13,  -29,
     -27,  -27,  -19,  -21,  -32,   -5,   -5,  -11,   -5,  -13,  -16,  -11,  -11,  -21,  -25,   16,
      -2,  -21,   -2,   -6,  -16,  -11,   -8,   -6,   -9,    2,    5,   -5,  -17,   -3,   -7,   -3,
     -14,   -8,   -3,   -3,   -2,   -3,    5,  -14,  -17,   -3,   -7,  -13,  -13,   -6,   -4,   -4,
     -10,   -3,  -13,   -5,   -4,   -5,   -5,   -5,   -3,   -7,  -10,   -5,  -13,   -4,   -8,   -4,
      -3,   -1,   -9,    1,   -4,   -9,   -8,   -3,    8,    8,    4,  -12,   -5,   -3,   -3,   -9,
     -11,   -1,   -3,   -3,   -1,   -3,   -9,  -12,   -3,    8,    8,   -5,   -5,   16,   15,   13,
      13,   13,   13,   11,   -5,    1,    3,    1,    1,   -5,   13,   -5,   16,   13,    8,   11,
       8,   11,   -1,   -4,   -3,   -1,   -4,   -8,    3,   -3,   -2,   -4,   -4,   -8,   -8,   -7,
     -11,   -1,   -7,   -8,   -8,   -8,   -8,   -3,    1,   -8,   -3,   -5,  -11,   -6,   -1,   -5,
      -1,   -1,   -1,   -5,   -6,   -1,   -5,   -7,   -8,   -5,   -8,   -3,   -3,   -4,   -1,   -1,
      -7,   -4,   -4,   -8,   -3,   -7,   -5,    8,   -5,   -5,   -4,   -2,    5,   -4,   -5,    5,
     -19,  -30,   -5,   -8,   -3,   -4,   -8,   -6,   -4,   -3,    5,   13,   13,   -8,   -8,   -6,
      -3,   13,   13,   -1,  -12,   -1,   -1,   -5,   -1,   -5,  -12,   -5,   -1,   -7,   -1,    5,
      -7,   -1,   -8,   -3,   -3,   -4,   -3,   -4,   -8,   -3,   -8,    2,  -11,  -11,   -5,    1,
      -7,   -3,   -7,   -3,   -5,   -5,   -6,   -4,   -3,   -1,   13,   13,   -5,   -3,   -7,   -3,
      -5,   -3,   -8,  -11,  -11,   -5,   -1,   -3,   -5,   -3,   -1,   -5,   -4,   -4,   -1,   13,
      11,   -5,   -1,   -3,   -4,   -3,   -1,   -3,   -4,   -1,   -5,  -11,   -2,   -8,   -1,   -1,
     -11,   -2,   -5,   -9,   -4,   -8,  -11,   -5,   -7,   -3,   -5,   -3,   -3,   -5,   -3,   -4,
      -3,   -5,   -7,   -3,   -3,   -3,   -3,   -3,  -11,   -3,   -3,   -3,   -3,  -11,  -13,  -13,
      -7,  -27,  -27,  -27,  -19,  -21,  -32,   -7,   -5,   -5,  -11,   -5,   -7,  -11,  -13,  -13,
     -13,  -27,  -27,  -19,  -21,  -32,   -5,   -5,  -11,   -5,   -2,  -11,   -8,   -8,   -3,   -2,
       3,   -5,   -2,   -8,    3,   -1,  -34,  -27,  -11,  -17,  -20,    2,   -4,   -4,   -5,  -14,
      -3,    2,   -3,    4,   -1,    3,    4,   -1,    3,    5,    7,   -5,  -17,    2,   -3,    2,
       8,   13,    8,   13,    1,   -7,   -5,   -3,  -13,   -6,   -4,   -4,  -10,   -3,   -1,   -9,
      -5,   -5,   -5,   -6,   -5,   -3,   -7,    3,  -10,   -5,  -13,   -4,   -8,   -4,   -5,   -8,
      -5,   -4,   -4,   -8,   -8,   -1,   -9,   -9,  -12,  -13,  -14,   -3,   -7,    3,   -5,   -5,
      -9,   -8,   -1,   16,   24,   24,  -16,   -3,   -8,   -5,   -1,   -8,  -13,  -11,   -5,   -3,
     -13,   -5,   -5,  -16,   -7,  -21,  -18,   -7,   -1,  -20,   -9,   -3,   -4,   -5,  -14,   -3,
     -21,   -3,  -25,   -5,  -16,   -7,  -31,  -16,   -8,   -7,   -8,   -1,   -7,   -7,  -36,  -64,
     -11,  -11,  -36,  -16,  -32,  -11,  -13,   -8,  -16,  -11,  -20,  -32,  -11,  -11,  -20,  -20,
     -27,  -11,  -13,  -20,  -11,  -13,   -8,  -11,  -11,  -21,
};

static const EpdLigaturePair lexenddeca_8_regularLigaturePairs[] = {
    { 0x00660069, 0xFB01 }, // f i -> U+FB01
    { 0x0066006C, 0xFB02 }, // f l -> U+FB02
};

static constexpr EpdFontData lexenddeca_8_regular = {
    lexenddeca_8_regularBitmaps,
    lexenddeca_8_regularGlyphs,
    lexenddeca_8_regularIntervals,
    92,
    21,
    17,
    -5,
    true,
    lexenddeca_8_regularGroups,
    15,
    nullptr,
    nullptr,  // kernLeftClasses: built-in fonts use split arrays
    nullptr,  // kernRightClasses
    lexenddeca_8_regularKernLeftCodepoints,
    lexenddeca_8_regularKernLeftClassIds,
    lexenddeca_8_regularKernRightCodepoints,
    lexenddeca_8_regularKernRightClassIds,
    nullptr,  // kernMatrix: built-in fonts use sparse rows
    lexenddeca_8_regularKernRowOffsets,
    lexenddeca_8_regularKernSparseCols,
    lexenddeca_8_regularKernSparseValues,
    418,
    417,
    95,
    82,
    lexenddeca_8_regularLigaturePairs,
    2,
};
