/**
 * generated by fontconvert.py
 * name: lexenddeca_10_bold
 * size: 10
 * mode: 2-bit  compressed: true
 * Command used: fontconvert.py lexenddeca_10_bold 10 ../builtinFonts/source/LexendDeca/LexendDeca-Bold.ttf ../builtinFonts/source/ChareInk7/ChareInk7-Bold.ttf ../builtinFonts/source/NotoSymbols/NotoSansSymbols-Regular.ttf --additional-intervals 0x03BB,0x03BB --additional-intervals 0x0410,0x0414 --additional-intervals 0x0418,0x0418 --additional-intervals 0x041B,0x041B --additional-intervals 0x041D,0x0423 --additional-intervals 0x0425,0x0425 --additional-intervals 0x0427,0x0427 --additional-intervals 0x042B,0x042C --additional-intervals 0x042E,0x0432 --additional-intervals 0x0434,0x0435 --additional-intervals 0x0437,0x0437 --additional-intervals 0x043A,0x043A --additional-intervals 0x043D,0x043E --additional-intervals 0x0440,0x0440 --additional-intervals 0x0442,0x0442 --additional-intervals 0x0446,0x0446 --additional-intervals 0x044C,0x044C --additional-intervals 0x044E,0x044E --additional-intervals 0x2113,0x2113 --additional-intervals 0x2669,0x266F --font-include-intervals 1:0x03BB,0x03BB --font-include-intervals 1:0x0410,0x0414 --font-include-intervals 1:0x0418,0x0418 --font-include-intervals 1:0x041B,0x041B --font-include-intervals 1:0x041D,0x0423 --font-include-intervals 1:0x0425,0x0425 --font-include-intervals 1:0x0427,0x0427 --font-include-intervals 1:0x042B,0x042C --font-include-intervals 1:0x042E,0x0432 --font-include-intervals 1:0x0434,0x0435 --font-include-intervals 1:0x0437,0x0437 --font-include-intervals 1:0x043A,0x043A --font-include-intervals 1:0x043D,0x043E --font-include-intervals 1:0x0440,0x0440 --font-include-intervals 1:0x0442,0x0442 --font-include-intervals 1:0x0446,0x0446 --font-include-intervals 1:0x044C,0x044C --font-include-intervals 1:0x044E,0x044E --font-include-intervals 1:0x2113,0x2113 --font-include-intervals 2:0x2669,0x266F --2bit --compress --pnum --darken-aa --zopfli
 */
#pragma once
#include "EpdFontData.h"

static const uint8_t lexenddeca_10_boldBitmaps[12555] = {
    0x8D, 0x96, 0x3F, 0xB0, 0xDD, 0x46, 0x15, 0xC6, 0xBF, 0x2B, 0xBD, 0x44, 0xC4, 0x22, 0x28, 0xC3,
    0x38, 0x4C, 0x86, 0xCC, 0x44, 0x94, 0xE1, 0x66, 0x62, 0x35, 0x14, 0x14, 0x8F, 0x77, 0xD6, 0xA6,
    0x48, 0x91, 0x22, 0x2E, 0x12, 0x28, 0x28, 0x42, 0x09, 0x2E, 0x70, 0x4B, 0x01, 0xD1, 0x86, 0x14,
    0xCC, 0x40, 0x81, 0x1B, 0x68, 0x28, 0x70, 0xE1, 0xE2, 0xF1, 0x28, 0xD2, 0x52, 0x60, 0xEF, 0x3A,
    0x29, 0x29, 0xA2, 0x90, 0xC9, 0xA4, 0xA0, 0x40, 0x90, 0xA1, 0xB1, 0x8B, 0x2C, 0x58, 0x8C, 0x95,
    0xBC, 0x95, 0x3E, 0xCE, 0xEA, 0x5E, 0x5F, 0x3B, 0xF6, 0x4B, 0x9C, 0xDD, 0xEF, 0xA7, 0xAB, 0xDD,
    0x3D, 0xBB, 0xE7, 0x68, 0xFF, 0xE8, 0xCA, 0xA5, 0xD4, 0xB6, 0x07, 0x07, 0xCF, 0xE3, 0x29, 0xE7,
    0x5E, 0xDB, 0x5B, 0xFF, 0xEA, 0x92, 0xFC, 0xC6, 0x4B, 0xA5, 0xB2, 0x07, 0x35, 0xF6, 0x6B, 0xAC,
    0xAE, 0xAC, 0x91, 0x8D, 0x82, 0x7C, 0x10, 0x08, 0xD9, 0xB5, 0x5B, 0xCA, 0x3E, 0x22, 0x51, 0xBD,
    0x1B, 0x41, 0xD2, 0xDE, 0xA1, 0x7E, 0x23, 0xA0, 0x51, 0xE4, 0x85, 0x00, 0x9C, 0x02, 0x50, 0x29,
    0xAE, 0x47, 0xC9, 0x19, 0x35, 0x09, 0xF9, 0xC7, 0x6B, 0x90, 0x77, 0xBE, 0x04, 0x21, 0xD0, 0xB0,
    0xD3, 0xFA, 0x88, 0x15, 0x97, 0x82, 0xF9, 0xF2, 0x99, 0xD6, 0xC8, 0x4F, 0x9C, 0x69, 0x49, 0x2D,
    0x4E, 0x28, 0x18, 0x80, 0x33, 0x58, 0x28, 0x47, 0xAC, 0xD1, 0xCC, 0xB8, 0x06, 0x69, 0x57, 0x11,
    0x07, 0x4D, 0x3E, 0xE8, 0xA5, 0xEC, 0x21, 0x1A, 0xAD, 0x36, 0x88, 0x51, 0x93, 0x6B, 0x75, 0x0F,
    0xC4, 0x76, 0xD4, 0x68, 0xA7, 0x14, 0xDE, 0x78, 0x15, 0x95, 0x1F, 0x7F, 0x0E, 0x31, 0x31, 0x6A,
    0x4F, 0x37, 0x22, 0xA2, 0xE9, 0x01, 0xAC, 0x80, 0xB6, 0x43, 0xC6, 0x88, 0x82, 0x33, 0xCA, 0xF0,
    0x67, 0x05, 0x28, 0x06, 0xA0, 0x8A, 0x80, 0x70, 0x65, 0x9C, 0x7B, 0xA7, 0x9B, 0x6B, 0xFA, 0xA9,
    0xA0, 0x67, 0x46, 0xE3, 0x6E, 0xD2, 0x0B, 0x19, 0x0A, 0xFE, 0x3D, 0xE2, 0x09, 0x60, 0x6D, 0xC5,
    0x0A, 0x04, 0x07, 0xD8, 0x07, 0x4E, 0xE3, 0x6A, 0x36, 0x17, 0x63, 0x15, 0x1A, 0x2F, 0x5E, 0x8C,
    0x66, 0x08, 0xF4, 0x6A, 0x1B, 0x5F, 0xF5, 0xE5, 0x90, 0x4F, 0x98, 0xF1, 0xEC, 0x1E, 0x5E, 0x43,
    0xEB, 0xEB, 0xBE, 0x0C, 0xF9, 0x98, 0xC5, 0x55, 0xC4, 0x94, 0xF2, 0x2A, 0x66, 0x31, 0x1F, 0x8B,
    0x50, 0xF5, 0xE2, 0x1D, 0x9E, 0x02, 0xCE, 0x23, 0x0B, 0x38, 0x38, 0x36, 0x2D, 0x6D, 0x19, 0xD1,
    0xD2, 0x1C, 0xD0, 0x7C, 0xF5, 0x3F, 0x58, 0xF5, 0x58, 0xC5, 0xAD, 0xBE, 0x37, 0x9D, 0x27, 0x47,
    0xD5, 0xD1, 0x7C, 0x65, 0x57, 0xA9, 0x1D, 0xBF, 0x02, 0xF1, 0x8D, 0x2F, 0x35, 0x37, 0xF8, 0x0E,
    0x80, 0xA3, 0x43, 0x4E, 0x9C, 0x8E, 0x0E, 0x1F, 0x5B, 0x62, 0x11, 0xEC, 0x01, 0x58, 0x2B, 0x33,
    0x96, 0x0E, 0xB9, 0x52, 0x04, 0xA0, 0x4A, 0x78, 0x40, 0x12, 0x00, 0xA8, 0x4C, 0xA9, 0x59, 0x19,
    0xB6, 0xCD, 0x1D, 0xD0, 0xA4, 0x66, 0x03, 0x38, 0x00, 0xB8, 0x78, 0x09, 0x39, 0x23, 0x2A, 0x12,
    0x75, 0x70, 0x56, 0xBC, 0x66, 0x7D, 0x5A, 0x31, 0xB5, 0x52, 0x75, 0x1B, 0xF4, 0x5E, 0x73, 0xD3,
    0xB5, 0x36, 0xD9, 0x15, 0x9C, 0xB0, 0xE2, 0x00, 0x60, 0x71, 0x5F, 0x47, 0xB8, 0x88, 0x36, 0x42,
    0x22, 0xB2, 0x07, 0x94, 0x6B, 0x13, 0xFB, 0x8D, 0x56, 0x34, 0x15, 0xFB, 0x86, 0x41, 0x6E, 0x8E,
    0x92, 0x8F, 0x7B, 0xF9, 0x98, 0x56, 0xAB, 0xEE, 0x21, 0x1E, 0x4C, 0x96, 0xD5, 0x00, 0xE1, 0xD4,
    0x72, 0xD2, 0x6B, 0xCD, 0xB1, 0x61, 0x6C, 0x38, 0x3C, 0x72, 0xB1, 0x83, 0xD8, 0x64, 0xC0, 0x5E,
    0x43, 0x5D, 0xFD, 0x6E, 0x02, 0xE6, 0xC7, 0x30, 0xCB, 0x59, 0x35, 0x8B, 0x35, 0x87, 0x82, 0x7E,
    0x09, 0x65, 0x04, 0x8A, 0xB8, 0x5D, 0x78, 0x85, 0x71, 0xB3, 0x2F, 0x8E, 0x23, 0xEA, 0x5B, 0x11,
    0xF2, 0x76, 0x84, 0x23, 0xBD, 0x28, 0x8D, 0x92, 0xFC, 0xDD, 0xA1, 0xE4, 0x58, 0x31, 0x26, 0xBD,
    0x7F, 0xBE, 0xB6, 0x68, 0x68, 0x35, 0x48, 0x2D, 0x3E, 0x9A, 0x45, 0x60, 0xDA, 0xC3, 0x54, 0x67,
    0x51, 0x18, 0xB5, 0xB2, 0xA0, 0x05, 0x00, 0x31, 0x60, 0x7A, 0xF6, 0xCD, 0x13, 0x54, 0xEC, 0x1A,
    0x8E, 0x72, 0x33, 0x8A, 0x99, 0x5B, 0x5C, 0x6B, 0x31, 0xCB, 0xF5, 0xA9, 0x49, 0x03, 0x86, 0x15,
    0xAD, 0x70, 0x10, 0x46, 0xE1, 0xB8, 0xFE, 0x93, 0x9A, 0xAA, 0x3A, 0x34, 0x1E, 0x62, 0xE1, 0x80,
    0x19, 0xAB, 0x29, 0x05, 0x90, 0x0F, 0xCB, 0x38, 0x3D, 0xE0, 0x4C, 0xC9, 0x50, 0xAB, 0xAF, 0xEB,
    0x51, 0x6C, 0xAC, 0x3F, 0x88, 0x5A, 0x54, 0x35, 0xD4, 0xE2, 0xAC, 0xE3, 0xA7, 0x2B, 0xA7, 0x8A,
    0x63, 0xC6, 0x0E, 0x80, 0x8E, 0x5F, 0x6D, 0x5A, 0xDF, 0x88, 0xEA, 0x37, 0xE9, 0xDC, 0x66, 0x5A,
    0x62, 0xC1, 0x61, 0x71, 0xD7, 0xEF, 0xDC, 0xDD, 0xBB, 0x7D, 0x00, 0xDC, 0x53, 0x3E, 0x85, 0xC6,
    0x8A, 0x6F, 0x2C, 0x76, 0x49, 0x6B, 0xB6, 0x5B, 0xB0, 0x36, 0x69, 0x0B, 0x62, 0xD5, 0xA5, 0x10,
    0x5D, 0x9A, 0x01, 0x89, 0x90, 0x0E, 0xA2, 0x31, 0xD3, 0x80, 0x01, 0x75, 0x40, 0xD6, 0x01, 0xB8,
    0x70, 0x74, 0xC5, 0x71, 0x54, 0x3D, 0xF9, 0xCA, 0x79, 0x00, 0x7A, 0xB3, 0xD1, 0xE3, 0x58, 0x42,
    0x18, 0xD5, 0xDE, 0xC2, 0x85, 0xB4, 0xCC, 0x6D, 0x5A, 0x35, 0x99, 0xD2, 0x38, 0xCF, 0x20, 0xA5,
    0x6C, 0x46, 0xA5, 0x35, 0x0C, 0xF2, 0xFB, 0xE1, 0xF1, 0x7C, 0x40, 0x11, 0xD0, 0x84, 0x8C, 0x7E,
    0x35, 0x03, 0x01, 0x29, 0x5D, 0xDE, 0x6E, 0xA7, 0xB4, 0xCE, 0xCB, 0xCE, 0x1D, 0x81, 0x92, 0xB4,
    0x68, 0x4D, 0x11, 0xB2, 0x00, 0x8C, 0x85, 0xBF, 0xFA, 0x97, 0xFD, 0xAA, 0x60, 0xDC, 0x7F, 0xA6,
    0x3A, 0x8E, 0xCF, 0xEF, 0x37, 0x6F, 0xE9, 0x45, 0xCE, 0x8D, 0xFB, 0xFB, 0x92, 0x0F, 0xFB, 0xDF,
    0x96, 0x22, 0xFC, 0x74, 0x5F, 0xF8, 0xBF, 0xB0, 0xDF, 0x90, 0xDD, 0x7E, 0x19, 0x88, 0x1A, 0x00,
    0x2A, 0x0B, 0x83, 0xFC, 0x93, 0x1F, 0x04, 0xC0, 0xD1, 0x02, 0xAB, 0x14, 0xFC, 0xA3, 0x97, 0xB7,
    0x07, 0x66, 0x04, 0x9A, 0x08, 0xC8, 0x04, 0xB4, 0x0E, 0x98, 0x5B, 0x60, 0x12, 0x9B, 0xC5, 0xC6,
    0xE7, 0xF3, 0x9B, 0x5D, 0x41, 0x86, 0x2A, 0xF1, 0xEF, 0xEF, 0x8F, 0x5A, 0x13, 0xC5, 0xAF, 0xA6,
    0xF5, 0xD1, 0x25, 0x08, 0xA3, 0x32, 0x43, 0x8E, 0x08, 0x81, 0x53, 0xE6, 0x54, 0xB7, 0x25, 0xD5,
    0xB5, 0x56, 0x20, 0x7E, 0xF9, 0x25, 0xCD, 0x62, 0xCB, 0x01, 0x78, 0x7A, 0x02, 0x48, 0x9F, 0xA7,
    0x31, 0xE7, 0x37, 0xBD, 0xCE, 0x81, 0x11, 0x0F, 0x2C, 0xD8, 0x2D, 0x1E, 0x68, 0x7A, 0xA0, 0x9A,
    0x74, 0x79, 0xC8, 0x3E, 0x53, 0xD0, 0xD2, 0x00, 0x06, 0xEB, 0x23, 0x7B, 0xC7, 0x87, 0x91, 0x1B,
    0xF4, 0x62, 0xA5, 0x17, 0x5B, 0x05, 0xB1, 0xE5, 0x8E, 0x4D, 0xB9, 0x0E, 0xF2, 0xBA, 0xEB, 0x84,
    0xB4, 0x1B, 0xDF, 0xBD, 0xF6, 0x3D, 0x14, 0xC6, 0x24, 0xBD, 0x31, 0x48, 0x62, 0xD8, 0xCA, 0x60,
    0x2B, 0x4E, 0x1B, 0x3D, 0xB7, 0x33, 0xBE, 0x71, 0x28, 0x16, 0x49, 0x37, 0x2E, 0x6F, 0x8D, 0xF5,
    0xC6, 0xE2, 0x5E, 0xE1, 0xE9, 0x19, 0x20, 0xBB, 0x9C, 0x1C, 0xAA, 0xF9, 0xD5, 0xBE, 0x09, 0xB0,
    0x9B, 0xA7, 0x7A, 0xF2, 0x65, 0xB1, 0x6E, 0x12, 0xEF, 0x66, 0xF1, 0x17, 0xA6, 0xA6, 0x5F, 0xC5,
    0x2A, 0x16, 0xB1, 0x54, 0xBB, 0x4C, 0xED, 0xD1, 0x12, 0xCB, 0x53, 0x99, 0x53, 0x97, 0x34, 0xEA,
    0xFE, 0x01, 0xC8, 0xBB, 0xFC, 0xF6, 0x62, 0x7F, 0x92, 0xCD, 0x85, 0x23, 0xEB, 0xE8, 0x55, 0xCF,
    0xCD, 0x36, 0x1F, 0x71, 0xA2, 0x36, 0x06, 0x2A, 0x1C, 0x1D, 0x19, 0x90, 0x76, 0xE1, 0xCD, 0x4F,
    0x0C, 0x8A, 0x01, 0x27, 0xB1, 0xA7, 0xD4, 0x55, 0x80, 0x30, 0x6C, 0xFF, 0xFC, 0x0C, 0x96, 0x3F,
    0x13, 0xF3, 0x75, 0x0D, 0xB4, 0xF5, 0xF2, 0x3A, 0x21, 0xBF, 0x8C, 0x90, 0x3F, 0x24, 0x1B, 0xAF,
    0x40, 0xB1, 0x4A, 0x07, 0x79, 0x27, 0x6C, 0xDA, 0x7E, 0x31, 0x43, 0x2C, 0xD3, 0x09, 0xF4, 0x69,
    0x39, 0xD6, 0x46, 0x8B, 0x0F, 0x13, 0xE3, 0x46, 0x6B, 0xE0, 0x8F, 0xA2, 0x87, 0x43, 0xBA, 0x7C,
    0x96, 0x50, 0xCE, 0x32, 0x56, 0xB3, 0x44, 0x99, 0x85, 0x6E, 0x96, 0x76, 0x9A, 0xE5, 0x62, 0x9C,
    0xE5, 0xA5, 0x30, 0xCB, 0x0B, 0xBD, 0xBE, 0x28, 0xD3, 0x9B, 0x03, 0x3B, 0xD6, 0xBA, 0xB9, 0xC5,
    0x97, 0x41, 0x7A, 0x65, 0x50, 0xA2, 0x42, 0xC5, 0xFD, 0x3A, 0x48, 0xFB, 0x41, 0x90, 0x97, 0x6E,
    0x07, 0x79, 0x81, 0x41, 0xCE, 0x29, 0x26, 0x21, 0x4A, 0xAD, 0xA4, 0xB7, 0xF5, 0x84, 0x15, 0xE9,
    0x8B, 0xCD, 0xFE, 0x8C, 0x4D, 0x50, 0xFF, 0x1E, 0x5C, 0xB0, 0x5B, 0xF4, 0xBE, 0xE9, 0xB3, 0xB9,
    0x9A, 0xEA, 0x3B, 0x2B, 0xD9, 0x43, 0x66, 0x6C, 0xF7, 0xE7, 0xF6, 0x7D, 0x78, 0x53, 0x63, 0x61,
    0xD2, 0x59, 0x0A, 0xA7, 0x54, 0xC3, 0xFE, 0xBE, 0xA7, 0x7D, 0xB8, 0xB3, 0x6F, 0x51, 0xDE, 0x8A,
    0x6C, 0xFE, 0x49, 0x75, 0xE6, 0xEE, 0x38, 0x0B, 0x10, 0x46, 0xE0, 0x9C, 0x82, 0xA0, 0x6C, 0x0F,
    0xC5, 0x78, 0xF7, 0x40, 0x9A, 0xD6, 0xC8, 0x92, 0x1D, 0x84, 0x54, 0xA2, 0x12, 0x20, 0x2F, 0x0E,
    0x90, 0xEF, 0xEA, 0xFD, 0x39, 0xB5, 0x33, 0x8B, 0x9D, 0xDF, 0x7C, 0xF2, 0x4C, 0xA8, 0x93, 0x5D,
    0x77, 0x15, 0xE2, 0x4F, 0x43, 0x86, 0xFB, 0x3E, 0x79, 0x1E, 0xD5, 0x4F, 0x1E, 0xA4, 0x31, 0xEF,
    0x7E, 0xF2, 0xE4, 0x0C, 0xC0, 0x5E, 0x7A, 0x27, 0x1E, 0x59, 0xAD, 0xF3, 0x89, 0xB5, 0xBB, 0xB1,
    0x3C, 0xD7, 0x17, 0x65, 0x8D, 0x53, 0xB6, 0x35, 0x75, 0xF7, 0x30, 0xC4, 0x37, 0x5E, 0x7A, 0xE7,
    0x6B, 0xD2, 0x94, 0x9C, 0x77, 0x7F, 0xCE, 0x47, 0xC8, 0xAE, 0x38, 0x14, 0xC3, 0x72, 0xE0, 0x7D,
    0xD5, 0xD7, 0x5D, 0xED, 0xD3, 0x9D, 0x2E, 0xB5, 0xC9, 0x47, 0x87, 0x3C, 0xAA, 0xED, 0x14, 0x01,
    0x2A, 0x6E, 0x00, 0x24, 0x28, 0x3D, 0x50, 0x7B, 0x1C, 0x01, 0x58, 0x1B, 0x07, 0xA0, 0x4D, 0xB3,
    0x05, 0x07, 0xB1, 0xCE, 0x10, 0xE2, 0x69, 0x27, 0x34, 0xD7, 0xF9, 0x56, 0x44, 0xF5, 0x2F, 0xBE,
    0xA7, 0xD7, 0x5B, 0xBC, 0x35, 0xA2, 0xBC, 0x7D, 0xEB, 0x76, 0x40, 0xC1, 0xF7, 0x18, 0x90, 0xF3,
    0x3A, 0x7B, 0x64, 0xB4, 0xEC, 0xB0, 0xA2, 0x71, 0x1E, 0x48, 0x1D, 0x81, 0x34, 0xAD, 0x58, 0x5F,
    0xCA, 0x0E, 0xAB, 0xA0, 0x87, 0x3C, 0x56, 0x69, 0x3D, 0x7B, 0x50, 0x0D, 0x5A, 0x02, 0xCD, 0x04,
    0x54, 0x11, 0x68, 0x94, 0x54, 0x26, 0x6D, 0x36, 0x4B, 0x57, 0xC4, 0x3A, 0x54, 0xA1, 0x1A, 0xA5,
    0xCF, 0xA7, 0xB5, 0x5D, 0x1D, 0xEA, 0x2E, 0x88, 0xD5, 0x50, 0xE9, 0xB5, 0xEE, 0x57, 0x14, 0x0F,
    0x47, 0x40, 0xE6, 0x4D, 0xDF, 0x72, 0x50, 0xC2, 0x89, 0xAC, 0x8F, 0x8E, 0xD0, 0x92, 0x0B, 0xC2,
    0x69, 0xFB, 0x6A, 0x0F, 0x58, 0x22, 0xA3, 0x41, 0x3E, 0x03, 0x65, 0x04, 0xAA, 0xED, 0x24, 0x38,
    0x12, 0xDC, 0x72, 0xE1, 0xB0, 0x8D, 0x9A, 0x5F, 0x6E, 0xF1, 0x19, 0x39, 0xA6, 0x7C, 0x01, 0x80,
    0x18, 0xA0, 0xF1, 0x40, 0xD5, 0x6D, 0x1C, 0xE7, 0x03, 0x90, 0x45, 0x00, 0x93, 0xE2, 0xEE, 0x33,
    0xA8, 0x16, 0x03, 0xE5, 0x8E, 0x01, 0x95, 0x27, 0xB1, 0x3E, 0x94, 0x28, 0xF1, 0x6B, 0x11, 0x9F,
    0x91, 0x65, 0xC9, 0x38, 0xBD, 0xE9, 0xB0, 0xA2, 0x45, 0x4E, 0x8F, 0xF2, 0x38, 0xA0, 0x7A, 0x6F,
    0x40, 0xA3, 0x2B, 0x23, 0x98, 0xF1, 0x63, 0x5C, 0x80, 0x90, 0x9D, 0xD2, 0x27, 0xF6, 0x70, 0x00,
    0x5D, 0xFB, 0x1E, 0x3E, 0xF5, 0xCC, 0xD9, 0x9A, 0x8A, 0x34, 0x72, 0xAC, 0xE8, 0xCA, 0xB6, 0x90,
    0x1D, 0xE2, 0x69, 0x1A, 0x72, 0x69, 0x4F, 0x76, 0x00, 0x74, 0x34, 0xB8, 0x9D, 0x1E, 0x81, 0x73,
    0xBD, 0x63, 0x74, 0xC7, 0x93, 0x33, 0x74, 0x5A, 0x42, 0x9B, 0xAE, 0x96, 0xA9, 0x86, 0xF1, 0x9A,
    0xEB, 0xB1, 0x82, 0xBA, 0xC9, 0xD8, 0x57, 0xCB, 0x47, 0x9C, 0xF8, 0x1F, 0xB6, 0xC0, 0x46, 0x7A,
    0xAF, 0x35, 0x5A, 0xAF, 0xAD, 0xBB, 0x4F, 0x59, 0x31, 0x3B, 0x4E, 0x8B, 0x7A, 0x75, 0x9F, 0x13,
    0x9D, 0x33, 0xCD, 0xF1, 0x3D, 0xD1, 0x3D, 0x81, 0x8D, 0xAB, 0xAE, 0xE2, 0xD0, 0x1C, 0x47, 0x31,
    0x53, 0xCB, 0x39, 0xE9, 0x95, 0x97, 0xC5, 0x7F, 0xE3, 0x53, 0xAE, 0x7E, 0xA4, 0x66, 0xA6, 0x20,
    0xAA, 0x4F, 0x50, 0xF5, 0x68, 0x67, 0x38, 0xAA, 0xF4, 0xFE, 0x64, 0x6D, 0x26, 0xCA, 0xD9, 0x8A,
    0xB4, 0xEA, 0xD2, 0x8A, 0x6D, 0x6D, 0x0B, 0xD9, 0xA1, 0xA1, 0xD8, 0x86, 0x5C, 0xDA, 0x57, 0xDC,
    0x9C, 0xDA, 0x53, 0x67, 0x89, 0x8A, 0xB3, 0x12, 0xB1, 0x72, 0x97, 0x4E, 0x9C, 0xB8, 0xC1, 0x7D,
    0x14, 0x5D, 0x76, 0xB2, 0xCE, 0xC0, 0x19, 0x67, 0xCE, 0x20, 0xA5, 0xF6, 0xC4, 0x9C, 0xF5, 0xE5,
    0x50, 0x0E, 0x59, 0x0F, 0x00, 0x45, 0x38, 0x29, 0x97, 0xA1, 0x09, 0xAE, 0x17, 0x7B, 0x3A, 0x79,
    0x87, 0xBB, 0x9F, 0x7C, 0x86, 0xAB, 0x06, 0x38, 0xE9, 0xE0, 0x68, 0xE0, 0x26, 0xC0, 0xCD, 0xD8,
    0xDC, 0x8B, 0xD7, 0xB6, 0x00, 0x57, 0x44, 0xB8, 0x4C, 0x37, 0x91, 0xFB, 0x74, 0xC2, 0x23, 0x38,
    0x0D, 0xE7, 0xFE, 0x46, 0xE3, 0x48, 0x7A, 0xF7, 0x11, 0xF5, 0x79, 0xF2, 0x58, 0x05, 0x8D, 0xBC,
    0x7C, 0xC8, 0x05, 0x5F, 0xE0, 0xE9, 0xD5, 0x06, 0x19, 0xC3, 0x32, 0x7B, 0x3A, 0xE3, 0x48, 0x8B,
    0xDD, 0x9A, 0x65, 0xB6, 0x7D, 0xFA, 0x5D, 0x16, 0x9F, 0xDC, 0xCC, 0x2E, 0x7B, 0x60, 0x0F, 0xC0,
    0xE7, 0x6C, 0x47, 0x4E, 0x5A, 0x9F, 0x5A, 0x81, 0x9D, 0x2E, 0x00, 0x0F, 0x3D, 0x01, 0xF6, 0xFE,
    0x13, 0x20, 0xF7, 0xB1, 0x5E, 0xDC, 0xB6, 0x70, 0x5C, 0xF4, 0x3E, 0x1C, 0x4E, 0x10, 0xCE, 0xA3,
    0xA4, 0x15, 0xF6, 0xF2, 0xA2, 0x86, 0x0F, 0xF9, 0x18, 0x35, 0x7D, 0xA6, 0x67, 0xB1, 0x0C, 0xF2,
    0x6A, 0x68, 0xD9, 0xD5, 0x4C, 0xFB, 0xB7, 0xEC, 0xCB, 0x50, 0x05, 0xC7, 0x94, 0xCB, 0xF0, 0xE9,
    0x0C, 0x80, 0x59, 0x7C, 0x50, 0x3A, 0xEB, 0x3A, 0x8F, 0xC2, 0x58, 0x7F, 0x1C, 0x61, 0x90, 0x92,
    0xD3, 0x2C, 0x96, 0x10, 0x3F, 0xA1, 0x4E, 0xEF, 0xE7, 0x0F, 0x07, 0x94, 0xB7, 0x02, 0xF2, 0xE5,
    0x6D, 0xEC, 0x01, 0x5A, 0x05, 0x40, 0x0B, 0x6C, 0x3B, 0xA0, 0xF1, 0xED, 0xD9, 0xCB, 0x62, 0xE5,
    0x8D, 0x20, 0xA6, 0x79, 0x7B, 0x74, 0xA8, 0xFF, 0x1A, 0x67, 0x54, 0x1F, 0xCD, 0x13, 0x4A, 0xB6,
    0x11, 0x05, 0x9B, 0x11, 0xF9, 0x5C, 0x0D, 0xC8, 0x74, 0x95, 0xB1, 0x1A, 0x8B, 0x1E, 0x29, 0xC9,
    0x75, 0xA2, 0xFE, 0x30, 0xA2, 0x3A, 0x1E, 0x96, 0xF1, 0x57, 0xDB, 0xF1, 0x93, 0x9F, 0x3C, 0x2D,
    0xE0, 0xED, 0x11, 0xCD, 0xDB, 0x13, 0x5A, 0x4B, 0xA4, 0x44, 0xA8, 0x13, 0xEB, 0x20, 0x9E, 0xA8,
    0xDF, 0x9D, 0x50, 0xFD, 0x37, 0xA2, 0x50, 0x9B, 0x64, 0x9B, 0xB1, 0x07, 0x52, 0x7F, 0xA7, 0x88,
    0xD9, 0xC4, 0x37, 0x2B, 0x11, 0xC8, 0x94, 0x7C, 0x40, 0x4A, 0x64, 0xA7, 0x72, 0xF4, 0x70, 0xC8,
    0x26, 0x14, 0x23, 0xAA, 0x00, 0xD1, 0x52, 0xAA, 0xEF, 0x55, 0x38, 0xB5, 0x74, 0x65, 0xEA, 0x94,
    0x8D, 0x5B, 0x69, 0xE7, 0x26, 0xA0, 0xB5, 0x68, 0x3B, 0x14, 0x01, 0xB9, 0x56, 0xEE, 0x34, 0x03,
    0x04, 0x1A, 0x00, 0xF8, 0x66, 0xFB, 0x60, 0xC2, 0xB3, 0x4B, 0x38, 0xAD, 0x47, 0xDD, 0xA3, 0xDC,
    0x29, 0x20, 0x5F, 0x3A, 0x66, 0x44, 0x31, 0xDC, 0xAD, 0xAF, 0x7A, 0x34, 0x5D, 0x32, 0x3E, 0xC0,
    0x26, 0x9D, 0xAE, 0xC7, 0xB4, 0x3E, 0x2D, 0x87, 0x9F, 0x95, 0xDD, 0xFF, 0x01, 0xAD, 0x98, 0x01,
    0x84, 0x27, 0xD7, 0x1D, 0xC7, 0x3F, 0x33, 0xF3, 0xDF, 0xFB, 0x5F, 0x6E, 0xAA, 0x6F, 0x71, 0x47,
    0x9A, 0x53, 0xB3, 0x28, 0xF4, 0x2A, 0x37, 0x45, 0x90, 0xB2, 0xD9, 0x37, 0x5A, 0x55, 0x94, 0x76,
    0x91, 0x53, 0x14, 0x09, 0x02, 0x09, 0xA4, 0x88, 0x82, 0xBB, 0x9B, 0xC7, 0xA1, 0x08, 0x6D, 0xA0,
    0xA0, 0xC8, 0xA2, 0x38, 0x17, 0x6C, 0x68, 0x54, 0xE8, 0xF6, 0xE6, 0x35, 0x41, 0x11, 0xDA, 0x89,
    0xD2, 0x00, 0xB9, 0x49, 0xB6, 0x81, 0x86, 0xEE, 0x4B, 0x32, 0x91, 0xD9, 0xEC, 0x9B, 0xF9, 0xF5,
    0xCD, 0x4C, 0x9A, 0x6D, 0x65, 0x2B, 0xBB, 0xBB, 0xF7, 0xE6, 0xFB, 0xFD, 0xBD, 0xF7, 0xFB, 0xBD,
    0xF9, 0x7D, 0xDF, 0xFC, 0x67, 0x7E, 0xEF, 0xFF, 0xDF, 0xD9, 0x45, 0x59, 0x55, 0x0F, 0xB2, 0xFE,
    0xD8, 0xC6, 0xCD, 0x6A, 0x6A, 0x64, 0x90, 0x13, 0x49, 0xB3, 0x14, 0x9F, 0x89, 0xD7, 0x6F, 0xFF,
    0x4C, 0xFF, 0x12, 0xFD, 0xA3, 0x09, 0x7F, 0x59, 0xCB, 0xA4, 0x4B, 0xC5, 0xC7, 0xD2, 0x92, 0x33,
    0xE2, 0xD9, 0x86, 0x58, 0x7A, 0x12, 0xF1, 0xA4, 0xED, 0x16, 0xAA, 0x01, 0x55, 0x43, 0xF6, 0xDE,
    0x26, 0x5A, 0x5C, 0x60, 0x98, 0x6F, 0x21, 0xEE, 0x98, 0x7A, 0x2D, 0xDB, 0x94, 0x22, 0x66, 0x63,
    0x5B, 0x0C, 0x3C, 0xC5, 0x82, 0xD5, 0xEC, 0xE9, 0x56, 0x8B, 0xCF, 0xA5, 0xCD, 0x5E, 0x77, 0xF9,
    0xAD, 0x11, 0x99, 0xB8, 0x31, 0x72, 0xB7, 0x3D, 0xCF, 0xE6, 0x15, 0x13, 0xDD, 0xCE, 0x5D, 0xE2,
    0x55, 0xAB, 0x82, 0xCD, 0x9A, 0x48, 0xB4, 0xA5, 0x12, 0xD0, 0x03, 0x28, 0x0F, 0xDB, 0x83, 0x41,
    0xC4, 0x92, 0xB6, 0x4C, 0xFD, 0xF6, 0xA7, 0x86, 0xD4, 0x31, 0xF2, 0x4A, 0x39, 0x37, 0x0D, 0x94,
    0x9F, 0xB5, 0x4B, 0x91, 0xBC, 0x90, 0x4A, 0xA7, 0x0E, 0xBA, 0xCC, 0x3E, 0x99, 0x35, 0xA8, 0xA1,
    0x50, 0xD3, 0x72, 0x65, 0xDC, 0x97, 0xA6, 0xD7, 0x07, 0x3E, 0xB8, 0x91, 0xB8, 0xA0, 0xF7, 0x95,
    0xA4, 0xD3, 0x7B, 0xAD, 0x16, 0xB7, 0x14, 0xF3, 0x50, 0x6C, 0xF4, 0xAF, 0x9A, 0x80, 0x3C, 0xB5,
    0xE4, 0xFB, 0x44, 0x52, 0xD9, 0xB4, 0x8E, 0x5D, 0x16, 0x6F, 0x5D, 0x5F, 0xCF, 0xFB, 0x87, 0x1F,
    0x2D, 0xFD, 0x57, 0x9F, 0x1B, 0x16, 0xEA, 0x65, 0x8F, 0x7A, 0xB9, 0x47, 0x3D, 0x57, 0xED, 0xA8,
    0x75, 0xED, 0xBF, 0x7E, 0x35, 0xED, 0xD6, 0x95, 0xA1, 0x4D, 0xF6, 0x2F, 0xD7, 0x54, 0x02, 0xD1,
    0x26, 0x90, 0xF7, 0xE5, 0xB0, 0xB3, 0x11, 0x8E, 0x9B, 0x7A, 0xC8, 0x6E, 0x00, 0x89, 0x7D, 0x25,
    0x7D, 0xA7, 0x0B, 0x37, 0x40, 0xFF, 0xB8, 0x96, 0xDC, 0x96, 0xAA, 0xCE, 0xFF, 0xEC, 0xD4, 0xBB,
    0x5D, 0x52, 0x77, 0x80, 0x16, 0xB1, 0xFF, 0xE1, 0xA5, 0x6B, 0x4F, 0x58, 0x50, 0x87, 0x5C, 0x25,
    0x95, 0xE2, 0xEA, 0xB2, 0xFE, 0x79, 0xE7, 0x3E, 0x1A, 0x1E, 0xD9, 0xFD, 0xD7, 0xA3, 0xBB, 0xFE,
    0xD1, 0xDF, 0xBD, 0xFD, 0xC8, 0x77, 0xBE, 0xEF, 0xF2, 0x9F, 0xDA, 0xA5, 0x00, 0x5C, 0xBA, 0x56,
    0x4A, 0x39, 0x64, 0x75, 0xD9, 0x7A, 0xDF, 0x5E, 0xEF, 0x7D, 0xD9, 0x66, 0x35, 0x3D, 0x01, 0x97,
    0x86, 0xC7, 0x2B, 0xF1, 0x01, 0xCF, 0x0C, 0xB7, 0xE7, 0x08, 0xF0, 0xCC, 0x9D, 0xDB, 0x73, 0x10,
    0x48, 0x1B, 0xDD, 0x3D, 0xE6, 0xE9, 0x12, 0x97, 0x19, 0xED, 0xB5, 0xCF, 0x1B, 0xED, 0x96, 0x8D,
    0xAA, 0x55, 0x4B, 0xA7, 0x3B, 0xDD, 0x44, 0x50, 0x2C, 0x6D, 0xDE, 0x94, 0xC5, 0x37, 0x00, 0xAA,
    0xD8, 0x1F, 0x81, 0xC4, 0x57, 0x7B, 0x7E, 0x94, 0xEC, 0x7D, 0x55, 0x50, 0x31, 0xE2, 0x9B, 0xC0,
    0x9D, 0x3B, 0x5B, 0xA9, 0x88, 0xCB, 0x65, 0xCF, 0x69, 0x79, 0xFE, 0x7F, 0x98, 0x07, 0xA6, 0x81,
    0x94, 0x81, 0xFA, 0x8B, 0x7C, 0x00, 0x5D, 0x68, 0xA3, 0x59, 0x70, 0x0E, 0x85, 0xB6, 0xCB, 0x26,
    0xAF, 0xB5, 0x81, 0x73, 0x46, 0x5B, 0x6D, 0x33, 0x9B, 0x7E, 0x76, 0x40, 0xEA, 0xB4, 0xBF, 0xB1,
    0x71, 0x5D, 0xDF, 0xD8, 0xD0, 0x3E, 0x6D, 0x80, 0x87, 0x97, 0x46, 0xAB, 0x3A, 0xDC, 0xEB, 0xF4,
    0x43, 0x9F, 0xB4, 0x43, 0xFA, 0x81, 0x0F, 0xE3, 0x10, 0x79, 0x38, 0x35, 0x8C, 0x02, 0x40, 0x6E,
    0xA3, 0xDF, 0x06, 0xD1, 0xC4, 0x71, 0xD9, 0xAA, 0x9A, 0xD4, 0xE6, 0x26, 0x18, 0x4D, 0x30, 0x7D,
    0x30, 0xAF, 0x75, 0x40, 0xE2, 0xAE, 0x83, 0xAA, 0x3D, 0xE4, 0xB7, 0x82, 0xD1, 0x6A, 0x07, 0xFA,
    0xFC, 0x26, 0x71, 0xA7, 0xC5, 0x24, 0xEE, 0x21, 0x29, 0x42, 0xE6, 0x75, 0xE0, 0x64, 0xA2, 0x3D,
    0xA8, 0xB7, 0x04, 0xF2, 0x5F, 0xDC, 0x2B, 0xD0, 0x64, 0xD0, 0x73, 0x23, 0x88, 0xC6, 0x2D, 0xC9,
    0x58, 0x88, 0xAA, 0x0E, 0x26, 0x6F, 0xB8, 0x8D, 0x76, 0x71, 0xC7, 0xE5, 0x3A, 0xE8, 0x65, 0x21,
    0x4A, 0xEE, 0x82, 0x1E, 0xAD, 0x06, 0x3D, 0x8A, 0x94, 0xEF, 0x76, 0x57, 0x89, 0x12, 0x57, 0x81,
    0x7A, 0x53, 0xC6, 0x8B, 0x14, 0xD0, 0x6A, 0xAF, 0xA0, 0x57, 0x62, 0xE3, 0xEE, 0x42, 0x65, 0x42,
    0xA6, 0x66, 0x6E, 0xAB, 0xD0, 0xC3, 0x30, 0xD9, 0x8B, 0x00, 0x5C, 0x67, 0xE9, 0xC9, 0x7A, 0x74,
    0x4D, 0x09, 0x55, 0x6C, 0xCB, 0x17, 0x9D, 0x16, 0x97, 0x85, 0xDC, 0x7D, 0x58, 0x61, 0xAE, 0xBF,
    0xAC, 0x83, 0xD8, 0x33, 0x7F, 0xC8, 0x2D, 0x50, 0x2E, 0xB0, 0x83, 0xDC, 0x83, 0xEE, 0xA1, 0xAC,
    0x60, 0x28, 0xA1, 0xD7, 0x26, 0xF6, 0xB9, 0x4D, 0x86, 0xED, 0x70, 0xF9, 0xE2, 0xD4, 0xC8, 0xF7,
    0x7E, 0xD2, 0x85, 0x88, 0xD7, 0x36, 0xEA, 0x61, 0x0D, 0xA2, 0x0E, 0x94, 0x0F, 0xAC, 0x61, 0x71,
    0x56, 0x3D, 0x20, 0x75, 0x73, 0xCE, 0x8D, 0xFC, 0xEC, 0xD7, 0x97, 0xBF, 0x08, 0x95, 0xC0, 0x7E,
    0x7F, 0x76, 0xAD, 0xD5, 0x05, 0xF4, 0xBA, 0x60, 0xD0, 0x66, 0xEC, 0x83, 0x7F, 0x36, 0x3D, 0x8A,
    0xF9, 0xB3, 0x66, 0x1E, 0xAE, 0xAE, 0x4F, 0x7D, 0xF0, 0xCF, 0xA0, 0x17, 0x87, 0x7D, 0x09, 0x63,
    0x1C, 0xF2, 0xC9, 0x96, 0xC3, 0xB5, 0x4D, 0x90, 0x1E, 0x88, 0xFB, 0xD1, 0x2E, 0x3B, 0x11, 0x8B,
    0x72, 0x22, 0x35, 0xDA, 0x8E, 0xB6, 0x9C, 0x66, 0x65, 0xB4, 0xC9, 0x64, 0xD3, 0x96, 0x51, 0xD9,
    0x8D, 0x56, 0xDB, 0xD1, 0x72, 0xB9, 0x87, 0x90, 0x97, 0x8C, 0xF1, 0x61, 0xDB, 0xE6, 0x2E, 0x2E,
    0xB4, 0x85, 0x89, 0x86, 0x99, 0x16, 0xF2, 0x06, 0x54, 0x9F, 0xDA, 0x54, 0xA4, 0x89, 0x03, 0x29,
    0xA5, 0x20, 0x99, 0xB6, 0xF2, 0x5C, 0x25, 0x69, 0xA0, 0x6A, 0x98, 0x5A, 0x01, 0x1D, 0x91, 0x18,
    0x72, 0x03, 0x5C, 0xB9, 0x73, 0x5B, 0x8B, 0x1F, 0x11, 0x06, 0x05, 0x23, 0xC4, 0xCD, 0x98, 0xDD,
    0x11, 0xD2, 0xCF, 0x20, 0x86, 0xCC, 0x20, 0x96, 0x1E, 0x8A, 0x13, 0xE6, 0x02, 0x15, 0x89, 0xD4,
    0xCB, 0xBF, 0x35, 0x27, 0x5D, 0x37, 0xA2, 0x50, 0xAF, 0xB7, 0x6A, 0xB7, 0x0B, 0x36, 0x8C, 0x4F,
    0x94, 0x1B, 0xC3, 0xB2, 0x41, 0xF5, 0x44, 0x3D, 0x2C, 0xC2, 0x57, 0xB5, 0xA9, 0xC4, 0x06, 0x7C,
    0x6B, 0x30, 0x49, 0xC7, 0x91, 0x08, 0xB3, 0x33, 0x58, 0xC0, 0x0E, 0xE9, 0x40, 0xFA, 0x0F, 0x22,
    0x4E, 0x98, 0xCB, 0xE8, 0x66, 0xC2, 0x46, 0x56, 0x70, 0xC2, 0xDC, 0x45, 0x44, 0x99, 0xD9, 0x2A,
    0xB7, 0xC1, 0x86, 0xF1, 0x89, 0x72, 0x2F, 0x84, 0x52, 0x54, 0x22, 0x23, 0x6B, 0xF5, 0x69, 0xE5,
    0x54, 0xA3, 0x3A, 0xD5, 0x24, 0x3E, 0xDF, 0x8F, 0x7D, 0x39, 0xCC, 0x0C, 0x7E, 0xE0, 0x32, 0xF0,
    0xD9, 0x56, 0x89, 0x34, 0x81, 0x46, 0x49, 0x07, 0x77, 0x6F, 0x10, 0x89, 0x27, 0xFE, 0xA4, 0x05,
    0xE0, 0x4A, 0xD8, 0x66, 0xDA, 0xA6, 0x4E, 0x37, 0x81, 0x6D, 0xA0, 0x0F, 0x94, 0xC0, 0xEA, 0x79,
    0xA7, 0xCB, 0xB7, 0xC2, 0x6F, 0xEF, 0x27, 0x4E, 0xFF, 0x40, 0x9C, 0xFE, 0x6E, 0x60, 0x31, 0x52,
    0x07, 0x66, 0x81, 0xA9, 0x23, 0x02, 0xD2, 0x1A, 0x94, 0x87, 0x38, 0x90, 0x05, 0x64, 0x7D, 0xD0,
    0x17, 0xBB, 0x9C, 0xEB, 0xD9, 0xE7, 0x2E, 0x19, 0xB4, 0x45, 0x26, 0x9A, 0x91, 0xF3, 0x38, 0x6F,
    0xE2, 0x41, 0xF5, 0x99, 0x4F, 0x45, 0xDA, 0xA9, 0x9E, 0xF5, 0x00, 0x14, 0xC0, 0x45, 0xC0, 0x43,
    0xEA, 0x0F, 0xEB, 0xF9, 0xCC, 0x9A, 0xC0, 0xB2, 0x85, 0x7C, 0x80, 0x8D, 0xFC, 0xFE, 0x68, 0x66,
    0xF7, 0x0A, 0x4A, 0x81, 0x3F, 0xDE, 0xBD, 0x3F, 0x7A, 0xAB, 0xC0, 0xDD, 0x7C, 0x3E, 0x6B, 0x08,
    0xFD, 0xC5, 0x95, 0x33, 0x6B, 0x2E, 0x28, 0xB2, 0xA4, 0xD6, 0x7F, 0x75, 0x4A, 0xEA, 0x44, 0x8A,
    0x44, 0x50, 0x62, 0xF5, 0x9E, 0xCB, 0xBF, 0xE7, 0x1E, 0xC0, 0x30, 0x5F, 0xF5, 0x7A, 0x24, 0xD2,
    0x1D, 0xAE, 0x90, 0x85, 0x15, 0x36, 0x82, 0x6A, 0x27, 0xFA, 0x56, 0x23, 0xFA, 0x79, 0x2B, 0xFA,
    0x1E, 0x92, 0xFB, 0xC3, 0x15, 0x02, 0x9B, 0xAC, 0x1C, 0x46, 0x75, 0x58, 0x03, 0x36, 0x80, 0xAA,
    0x86, 0xCB, 0x0D, 0x50, 0x70, 0x85, 0x0B, 0xA6, 0x2C, 0xB2, 0xFA, 0xCB, 0xA8, 0x6D, 0x6E, 0x75,
    0x53, 0xD9, 0x4C, 0xA4, 0x48, 0x65, 0x20, 0x92, 0x96, 0xB9, 0x99, 0xB9, 0xAA, 0x4A, 0x07, 0x37,
    0xE7, 0x3B, 0x73, 0x76, 0x4D, 0x40, 0x1B, 0x10, 0x47, 0xFC, 0x71, 0x07, 0x9C, 0x5D, 0x93, 0x62,
    0x95, 0xC4, 0x79, 0x96, 0x1F, 0xF7, 0x53, 0x1F, 0xFC, 0x33, 0x6B, 0x1E, 0xF5, 0x9B, 0xFF, 0xA5,
    0x7F, 0xEC, 0xA7, 0x6D, 0xA0, 0x3B, 0x92, 0x57, 0x0A, 0xB4, 0x41, 0xFF, 0x7A, 0xFE, 0xF6, 0xF4,
    0x5A, 0x06, 0x6D, 0x64, 0x46, 0x18, 0x4F, 0x11, 0xA7, 0xFF, 0x59, 0x68, 0x43, 0x00, 0x2B, 0x80,
    0x74, 0x24, 0x32, 0x90, 0x8A, 0xA0, 0x5C, 0xC5, 0xB3, 0xCD, 0x4D, 0xAA, 0x77, 0x3C, 0xD5, 0xAE,
    0x27, 0xDF, 0x15, 0x54, 0x53, 0x5A, 0xD5, 0x64, 0xB5, 0x6A, 0xA6, 0xA3, 0x56, 0xBB, 0x62, 0xD5,
    0xFB, 0x62, 0xD4, 0xFB, 0x03, 0xC0, 0x5C, 0xC6, 0x3B, 0x80, 0x00, 0xB9, 0x85, 0xB8, 0x80, 0x8B,
    0x90, 0x48, 0x59, 0x28, 0x91, 0x42, 0x1F, 0x04, 0x9A, 0xAA, 0x28, 0xD1, 0x9F, 0x53, 0x5B, 0x29,
    0x72, 0x91, 0x69, 0x7E, 0x3C, 0x0F, 0x80, 0x08, 0x48, 0x2D, 0xE8, 0x1A, 0x2A, 0xE0, 0xDB, 0x9C,
    0x4E, 0xE7, 0xF0, 0xC1, 0x93, 0x8C, 0x0F, 0xBE, 0x58, 0x3B, 0x9D, 0xCE, 0xAB, 0xCF, 0x11, 0x4B,
    0x47, 0xF2, 0xBE, 0x03, 0x4E, 0xF7, 0x99, 0xA2, 0x17, 0x9E, 0x62, 0xF9, 0x81, 0x27, 0x0D, 0x4C,
    0x9A, 0x0E, 0xE0, 0x54, 0x3A, 0xAC, 0x00, 0xDA, 0xC2, 0x1F, 0x6A, 0xF8, 0x7D, 0x3D, 0x8F, 0x2F,
    0x9C, 0x52, 0xEB, 0x22, 0x9B, 0x2C, 0xE5, 0xDE, 0x40, 0x98, 0x11, 0x9B, 0xED, 0xC9, 0x76, 0xB3,
    0x92, 0xF8, 0xA5, 0x8B, 0x5E, 0x1A, 0x5E, 0x72, 0x59, 0x88, 0x39, 0xFD, 0xF7, 0xFE, 0xDA, 0x66,
    0x19, 0x0F, 0x14, 0xE5, 0x6F, 0x44, 0xAC, 0x96, 0x4A, 0x1A, 0xD5, 0xA7, 0x62, 0x28, 0x58, 0x1D,
    0x05, 0xE2, 0xE0, 0x4F, 0xEF, 0xAA, 0xDA, 0x3E, 0x59, 0xC2, 0x8C, 0x30, 0x0E, 0x91, 0x10, 0x0F,
    0xB3, 0xAC, 0x43, 0x05, 0x99, 0xA1, 0x32, 0x0C, 0x00, 0x14, 0xD0, 0x12, 0x34, 0x29, 0x0B, 0xCE,
    0xCD, 0x22, 0xB5, 0x92, 0x36, 0x3F, 0xF0, 0xBA, 0xE8, 0x4B, 0x19, 0x46, 0x5C, 0x7B, 0x5C, 0xDB,
    0xB5, 0x43, 0x91, 0x05, 0x44, 0xA0, 0x0A, 0x4A, 0x4B, 0x0F, 0x5B, 0xC7, 0xCE, 0x02, 0xAA, 0xF1,
    0xCC, 0x74, 0xD7, 0xC5, 0x6C, 0x1E, 0x33, 0x2B, 0x36, 0x5B, 0x6A, 0xB7, 0x0B, 0x48, 0x5F, 0x73,
    0xC0, 0x31, 0xB3, 0x16, 0x64, 0xE8, 0x3A, 0x75, 0x6C, 0x81, 0x72, 0x47, 0x1D, 0xD3, 0x9B, 0x61,
    0x5D, 0xF1, 0x08, 0xA0, 0xED, 0x51, 0xC7, 0x98, 0xA9, 0x7D, 0x5F, 0xAE, 0x9D, 0xFF, 0x7F, 0x1A,
    0x5F, 0x3B, 0x57, 0x68, 0x65, 0xCB, 0x27, 0xEA, 0x60, 0x99, 0x5A, 0xE2, 0xBF, 0x04, 0x6C, 0x42,
    0x4F, 0x24, 0x5D, 0x54, 0xB5, 0xC9, 0x41, 0x1B, 0x55, 0x7E, 0x29, 0x7D, 0x26, 0x83, 0xFE, 0x93,
    0x68, 0xAA, 0x72, 0xC4, 0x5D, 0x6D, 0xFA, 0x5C, 0xBC, 0x12, 0x17, 0x8B, 0x05, 0xA2, 0xB6, 0x49,
    0xC4, 0xA5, 0x7B, 0x35, 0x11, 0xAC, 0x50, 0x55, 0x4D, 0x25, 0xED, 0xF8, 0xCE, 0x1A, 0x1F, 0x0D,
    0x56, 0x81, 0x57, 0xFF, 0x7B, 0xEB, 0x33, 0xE6, 0x11, 0x8B, 0x43, 0x89, 0x27, 0x3F, 0x10, 0xB4,
    0x0D, 0x25, 0x59, 0x68, 0x53, 0x86, 0xD1, 0xD8, 0x8F, 0x7E, 0x2E, 0x32, 0xCD, 0x47, 0xD2, 0xC0,
    0x02, 0xE6, 0xAD, 0x6F, 0xE6, 0xB2, 0x1E, 0x80, 0x27, 0x4F, 0xA9, 0x03, 0xA0, 0xCD, 0xE4, 0x27,
    0x1F, 0x76, 0x44, 0xC5, 0xDA, 0xE9, 0x74, 0xBA, 0x57, 0x48, 0xA4, 0x25, 0xB9, 0xE7, 0x08, 0x22,
    0xA7, 0xD2, 0x08, 0xD5, 0x44, 0x78, 0xB3, 0x9E, 0xB8, 0x9C, 0xB7, 0xFE, 0xA9, 0x74, 0x78, 0x10,
    0x2A, 0x10, 0xB8, 0x09, 0xA0, 0x65, 0x98, 0x01, 0x53, 0x44, 0xA0, 0x9A, 0xCE, 0x59, 0x59, 0x10,
    0x4F, 0xA9, 0xFD, 0x2C, 0xFD, 0xBA, 0x14, 0xE5, 0x0F, 0xC5, 0x94, 0x79, 0x90, 0xDE, 0x09, 0xD2,
    0xEE, 0x50, 0x3A, 0x97, 0x86, 0xF3, 0xA3, 0x74, 0x41, 0xDC, 0x90, 0xF8, 0x49, 0xE2, 0x3C, 0x80,
    0xC4, 0xFE, 0x8B, 0x98, 0xFF, 0x6F, 0xA1, 0xC5, 0x67, 0xFB, 0x9E, 0x02, 0x16, 0x70, 0x15, 0x84,
    0xA4, 0x23, 0x32, 0xC7, 0xCE, 0x02, 0x06, 0x96, 0x62, 0xD4, 0x1B, 0xCD, 0x0A, 0xE6, 0x98, 0x59,
    0x17, 0x62, 0x93, 0xBF, 0xE1, 0x02, 0xD4, 0xAD, 0x06, 0x8E, 0xBD, 0x56, 0x04, 0xA8, 0x02, 0xCA,
    0xB9, 0x9C, 0xD8, 0x62, 0xCE, 0x45, 0x1B, 0x6D, 0x2A, 0xB4, 0x15, 0xB2, 0x37, 0x7B, 0xD4, 0xF8,
    0x68, 0x3E, 0xE9, 0x48, 0xC4, 0x11, 0x4B, 0x03, 0x62, 0xA1, 0x0A, 0xD4, 0x63, 0x2E, 0x73, 0xAE,
    0x87, 0x38, 0x30, 0x69, 0xE1, 0x69, 0xA8, 0x3E, 0xC7, 0x67, 0xDB, 0xC3, 0x57, 0x07, 0x7D, 0x55,
    0x48, 0x15, 0x3C, 0xCA, 0xD1, 0x1A, 0xA9, 0xA4, 0x0F, 0xF1, 0x71, 0x16, 0x3E, 0xC7, 0x33, 0x73,
    0x45, 0xA8, 0x8F, 0xFC, 0xC4, 0xE5, 0x9B, 0x2D, 0x70, 0x7F, 0x2E, 0xEB, 0xDF, 0xAD, 0x98, 0x31,
    0xB0, 0xDC, 0xC6, 0x79, 0xC7, 0x7F, 0x00, 0xDE, 0x23, 0x32, 0x0F, 0x49, 0xF6, 0x15, 0x2F, 0x8D,
    0xEC, 0xE4, 0xD4, 0xEA, 0x65, 0x42, 0xF4, 0x05, 0xB9, 0x2B, 0xAB, 0x70, 0xE1, 0xC9, 0x98, 0x85,
    0x35, 0x2E, 0x95, 0x22, 0x45, 0xC4, 0x86, 0x6D, 0x0A, 0x99, 0x58, 0x51, 0x85, 0x66, 0xE2, 0x86,
    0x4D, 0x6A, 0xBF, 0xC2, 0x05, 0xE7, 0x52, 0xA8, 0x51, 0xA1, 0xC2, 0xCE, 0xAE, 0xE4, 0xD2, 0x45,
    0x90, 0x68, 0x3C, 0x29, 0x54, 0x18, 0x51, 0x26, 0x33, 0x1E, 0x37, 0xDC, 0x44, 0x50, 0x04, 0x92,
    0x0B, 0x7C, 0xD9, 0x03, 0xEE, 0x99, 0xA4, 0xF8, 0x48, 0xDE, 0xCB, 0x71, 0xF1, 0xFD, 0xBE, 0xC5,
    0xED, 0xE2, 0xBE, 0xEF, 0x7F, 0x7B, 0xB7, 0x8B, 0x3D, 0x70, 0x73, 0x0D, 0x4E, 0x98, 0x6B, 0x80,
    0x2B, 0x67, 0xA0, 0x42, 0x62, 0x80, 0x3A, 0x82, 0x1E, 0xA1, 0x71, 0x30, 0x35, 0x30, 0x6A, 0x9B,
    0xC7, 0xDA, 0x17, 0xD3, 0x47, 0x6D, 0x29, 0x12, 0xD4, 0x86, 0xFF, 0xFA, 0xF1, 0x90, 0x5A, 0xA2,
    0xF6, 0xD9, 0x98, 0xBD, 0x7D, 0x83, 0x42, 0x06, 0x72, 0xE9, 0x01, 0xE0, 0x04, 0x0A, 0x69, 0x8C,
    0x12, 0x31, 0xFA, 0x51, 0xC2, 0x3A, 0xD3, 0xA0, 0xFF, 0x80, 0xF6, 0x62, 0x6A, 0x91, 0xB9, 0x7F,
    0x73, 0x1D, 0xE7, 0xE5, 0x3D, 0x0D, 0x7A, 0x5C, 0x34, 0x60, 0xF6, 0xD2, 0x94, 0x77, 0x5B, 0x3D,
    0xD2, 0xC1, 0x6B, 0xE6, 0xD2, 0x9A, 0xF6, 0x1D, 0x13, 0x28, 0x3A, 0xA8, 0x3C, 0xA8, 0x08, 0x65,
    0x82, 0x1B, 0x97, 0xD6, 0x90, 0x0D, 0x4B, 0x98, 0x42, 0x20, 0x4B, 0x70, 0xB2, 0x25, 0x42, 0x35,
    0x82, 0xEA, 0x00, 0xE0, 0x3B, 0x23, 0x88, 0xF8, 0x62, 0xA3, 0x61, 0xFA, 0xC8, 0xD7, 0x21, 0x4F,
    0xB1, 0x60, 0xC6, 0x6E, 0xF1, 0x50, 0x77, 0xA0, 0xC6, 0xCA, 0x57, 0x22, 0x5D, 0x9E, 0xA0, 0x11,
    0x03, 0xC9, 0x32, 0x50, 0x86, 0xC6, 0x33, 0xC2, 0x19, 0x9C, 0x90, 0x4B, 0xA7, 0x24, 0xD6, 0xD2,
    0x6B, 0xFF, 0x37, 0x0D, 0x2C, 0x96, 0xCE, 0x53, 0x4B, 0x6A, 0x4F, 0xBD, 0x1C, 0x00, 0x40, 0xD9,
    0x43, 0x3D, 0xC1, 0xF5, 0xFA, 0xD5, 0x28, 0x01, 0x1C, 0xB9, 0xB4, 0xD5, 0x7F, 0x86, 0x9C, 0x1B,
    0x3B, 0x2B, 0x31, 0x50, 0xF4, 0x50, 0x0D, 0x4B, 0x8D, 0xD9, 0x5F, 0xC9, 0x1B, 0xE0, 0x92, 0x19,
    0xAE, 0x03, 0x97, 0x1A, 0x93, 0x6B, 0x2B, 0xD0, 0xB2, 0xA8, 0xE1, 0xC6, 0xFE, 0x4A, 0xA0, 0xFC,
    0x34, 0x14, 0xD2, 0x21, 0x96, 0x37, 0x2E, 0xA3, 0x24, 0xEB, 0x3E, 0x26, 0x93, 0x7E, 0x09, 0x7F,
    0x08, 0xA7, 0x6B, 0x8B, 0x96, 0x98, 0x10, 0xA3, 0x7F, 0x2F, 0x5E, 0x5B, 0xDD, 0x69, 0xAB, 0x82,
    0xB6, 0xD5, 0x13, 0xA8, 0xC4, 0x2A, 0xE8, 0xF7, 0x5D, 0xAB, 0x45, 0xAC, 0x96, 0x09, 0x2D, 0x1D,
    0x70, 0x7A, 0x05, 0xD0, 0xEF, 0xF8, 0x8D, 0xEB, 0x40, 0xBF, 0xD5, 0x72, 0xA2, 0x7F, 0xE8, 0x0B,
    0x71, 0x7F, 0x8D, 0x12, 0x31, 0xE8, 0x47, 0x1B, 0x67, 0x9D, 0xA1, 0x41, 0x3F, 0xE9, 0xB4, 0x77,
    0x86, 0x3A, 0xF5, 0x2E, 0xD7, 0x2D, 0xD3, 0xEB, 0x18, 0x38, 0x5A, 0x9F, 0x6D, 0x9A, 0x36, 0xB4,
    0xEA, 0xA1, 0x0B, 0xAA, 0x53, 0x83, 0xEA, 0x8A, 0x58, 0x3F, 0xC8, 0x63, 0x33, 0x2D, 0xA4, 0xD7,
    0x89, 0x32, 0x71, 0xAB, 0x57, 0x22, 0x5D, 0xC2, 0x2A, 0x19, 0x80, 0x53, 0xC8, 0x9D, 0xA5, 0x92,
    0x6E, 0xE6, 0x44, 0x9B, 0xA4, 0xE5, 0x05, 0x93, 0xCB, 0x99, 0xA4, 0xE1, 0xF1, 0xE4, 0x3A, 0x86,
    0x2B, 0xEB, 0xB3, 0x4A, 0x42, 0xF2, 0x6C, 0x06, 0xE7, 0x9E, 0x96, 0xB8, 0xB1, 0x74, 0x62, 0xD8,
    0x98, 0x84, 0xAD, 0x19, 0xB6, 0x26, 0xE3, 0x62, 0x69, 0xC5, 0x2B, 0x24, 0x24, 0x3B, 0xFF, 0x69,
    0xB4, 0x4A, 0xFA, 0xFA, 0x51, 0xD4, 0x66, 0x6C, 0x64, 0xDA, 0xD8, 0xDB, 0x3F, 0xD2, 0xFE, 0xF5,
    0x6F, 0x7D, 0x21, 0xD5, 0xAF, 0x42, 0x21, 0x6D, 0x26, 0x96, 0x83, 0xCB, 0xA5, 0xDB, 0x7C, 0xFF,
    0x8F, 0x42, 0x26, 0x9E, 0xD3, 0x4B, 0xA4, 0xC3, 0x81, 0x80, 0xE3, 0xB2, 0xE9, 0x2E, 0xF8, 0xED,
    0xEF, 0x90, 0xF1, 0x72, 0x29, 0xCA, 0x16, 0x65, 0x51, 0x91, 0x32, 0xC2, 0x8D, 0x1D, 0x52, 0x04,
    0x94, 0x65, 0x05, 0xAB, 0x1E, 0x15, 0xC8, 0x0C, 0x50, 0xDE, 0xE9, 0x4A, 0xE9, 0x10, 0xC3, 0xC9,
    0x25, 0xB3, 0x5F, 0x30, 0xA5, 0x2E, 0xCE, 0xFE, 0xF2, 0x05, 0x6F, 0x02, 0x91, 0xB6, 0x90, 0x74,
    0xE1, 0xF4, 0x4E, 0x57, 0x07, 0xEC, 0x32, 0xB9, 0xFF, 0xEC, 0x47, 0xDA, 0xBA, 0x51, 0x7B, 0x37,
    0x69, 0x7F, 0x73, 0xAC, 0xBB, 0x2C, 0xAA, 0x58, 0xC6, 0x4A, 0xA4, 0xCF, 0x45, 0x5A, 0x1A, 0x01,
    0x0C, 0x00, 0x68, 0x0F, 0x12, 0x28, 0xBE, 0x8E, 0x60, 0x5F, 0xDF, 0xDE, 0xAA, 0x9C, 0x55, 0x22,
    0xB6, 0x7E, 0x24, 0x56, 0xDB, 0xC6, 0x36, 0xE8, 0x3F, 0x90, 0x62, 0xDA, 0x5A, 0x64, 0xEE, 0xCF,
    0x64, 0x59, 0x42, 0x8E, 0xDE, 0x14, 0x94, 0x4C, 0x89, 0x48, 0xE6, 0xEE, 0x02, 0xC0, 0xF5, 0x15,
    0xD4, 0x02, 0x55, 0x04, 0xCC, 0xDE, 0x5A, 0xF3, 0x6E, 0x20, 0x7B, 0xE6, 0x96, 0xBA, 0xAF, 0xCE,
    0xED, 0xD2, 0x5D, 0x0E, 0x4B, 0xBD, 0xBF, 0x4E, 0x38, 0x02, 0xB4, 0x5F, 0x58, 0x19, 0x80, 0x57,
    0xA3, 0x75, 0x1F, 0x5D, 0x99, 0x81, 0xAA, 0x4B, 0x04, 0xC8, 0x13, 0xC5, 0xE6, 0xDC, 0x02, 0x2C,
    0x7D, 0xCA, 0xC2, 0x75, 0x40, 0x9B, 0x45, 0xB7, 0x7A, 0x55, 0xE3, 0x0B, 0xD4, 0x1E, 0xA4, 0x27,
    0xEB, 0x07, 0x00, 0x4E, 0xCD, 0xD1, 0x5D, 0x6D, 0x55, 0xF7, 0x0C, 0x22, 0x8F, 0xF9, 0xC7, 0x5B,
    0xDD, 0x45, 0xD7, 0x00, 0xD9, 0x48, 0x95, 0x92, 0xFE, 0xD4, 0x03, 0xEF, 0x82, 0xE3, 0xDC, 0x0E,
    0x71, 0xAE, 0x73, 0xD2, 0xBB, 0xFB, 0xD1, 0xE5, 0x17, 0xDB, 0xD1, 0x59, 0x7E, 0x0F, 0x15, 0x8A,
    0x48, 0x23, 0x22, 0xF6, 0xB1, 0x9B, 0xDB, 0x94, 0xC8, 0x53, 0xEE, 0xEB, 0x1F, 0x47, 0x52, 0xC7,
    0xC5, 0xEE, 0x35, 0x83, 0xFB, 0x1D, 0x12, 0x37, 0x56, 0x7F, 0x6A, 0xEA, 0xFB, 0x43, 0x2D, 0x63,
    0x1A, 0xA6, 0xDA, 0xBB, 0x0B, 0x4D, 0x7D, 0xE1, 0xB5, 0xD8, 0x6B, 0x0E, 0xE0, 0xE6, 0xDA, 0x3A,
    0xF1, 0xC9, 0xFE, 0x72, 0xB2, 0xC5, 0xC0, 0x85, 0x96, 0x7A, 0x17, 0xAB, 0xFF, 0xD4, 0x4D, 0x0F,
    0x23, 0xC7, 0xA0, 0xC2, 0x45, 0xC7, 0xE9, 0xDA, 0xA4, 0xC0, 0xC9, 0x5F, 0x32, 0x70, 0xFA, 0xD5,
    0xB8, 0xC9, 0x4D, 0xF0, 0xBC, 0xC0, 0x80, 0x56, 0x66, 0x25, 0x54, 0x11, 0xCC, 0xE5, 0x62, 0x7F,
    0x72, 0xB5, 0x19, 0xEB, 0xE1, 0xCA, 0xDD, 0xE7, 0xC5, 0xBE, 0x54, 0xB0, 0xAC, 0xA7, 0xE8, 0x28,
    0x26, 0xF2, 0x09, 0xFE, 0x96, 0x23, 0xB4, 0xD7, 0x7E, 0x65, 0x00, 0xB4, 0xBF, 0xE8, 0xF8, 0x09,
    0x03, 0x62, 0x9D, 0x3D, 0x00, 0xE6, 0x60, 0x31, 0xF9, 0x4B, 0x7F, 0x06, 0xE4, 0x71, 0x49, 0x6F,
    0xBC, 0xB2, 0xBE, 0x97, 0x1A, 0x4B, 0x89, 0x8B, 0x4F, 0x11, 0x72, 0xF7, 0xBB, 0x4D, 0x58, 0xED,
    0x5F, 0xEA, 0x8F, 0x67, 0xFF, 0x71, 0x93, 0xC2, 0x7E, 0x26, 0xB2, 0xD1, 0x20, 0x42, 0xF2, 0x7A,
    0x00, 0x00, 0xAE, 0xF2, 0xB1, 0x7B, 0x2B, 0x26, 0xBB, 0x9A, 0xF5, 0x00, 0xD0, 0x14, 0xF1, 0xC5,
    0x46, 0xB2, 0xEF, 0x0C, 0xE8, 0xC0, 0xAA, 0xE5, 0xF0, 0xE2, 0xBB, 0xC3, 0x7A, 0x6D, 0x10, 0xB1,
    0x33, 0x1F, 0x3D, 0x34, 0x73, 0xFF, 0x05, 0x1C, 0x24, 0x56, 0x2A, 0xA0, 0x25, 0x50, 0x4B, 0x4B,
    0x25, 0x06, 0x8E, 0xCF, 0x23, 0xD6, 0x23, 0xB7, 0x35, 0xAF, 0xCF, 0x29, 0xCA, 0xF0, 0x12, 0xAB,
    0x02, 0x75, 0xC0, 0x75, 0x68, 0xCB, 0x09, 0x9C, 0x9A, 0xD7, 0xD2, 0x5C, 0x6F, 0xBC, 0x7E, 0x5F,
    0xD0, 0x1F, 0x46, 0xF4, 0xCF, 0x36, 0x59, 0x7C, 0x82, 0x84, 0x4D, 0xB4, 0xE8, 0x7F, 0x09, 0x4B,
    0xDF, 0x9D, 0x09, 0x6D, 0xC5, 0x68, 0xAB, 0xFD, 0x66, 0x0B, 0x08, 0x4F, 0xAE, 0x47, 0x16, 0x6A,
    0xE0, 0x1A, 0x00, 0xBC, 0x0B, 0xB8, 0x6F, 0x53, 0x4C, 0x38, 0xD5, 0xE3, 0x74, 0x8B, 0x13, 0x83,
    0x1B, 0xC1, 0x4D, 0x2C, 0xE7, 0xDA, 0xE3, 0x54, 0xC0, 0x95, 0x11, 0x97, 0x4F, 0x00, 0x10, 0x21,
    0x9B, 0x80, 0xDB, 0xC0, 0x2F, 0x80, 0x8E, 0xF3, 0xE2, 0x8A, 0x31, 0x45, 0x4A, 0x81, 0x9C, 0x33,
    0x6E, 0xC4, 0x4D, 0x9B, 0x20, 0xEE, 0x96, 0x4F, 0x21, 0x5C, 0x39, 0xB8, 0x7C, 0xC4, 0x50, 0x79,
    0x5C, 0xCB, 0xB4, 0x5D, 0xD2, 0xD0, 0xF6, 0x65, 0x26, 0x71, 0x31, 0x6C, 0xD9, 0xE9, 0xA0, 0xCD,
    0x31, 0xAF, 0x99, 0xDA, 0xBF, 0xE8, 0xB8, 0x5C, 0x58, 0xC8, 0x22, 0xD9, 0x08, 0xBF, 0x84, 0x74,
    0xD2, 0x2D, 0xE3, 0xE4, 0x5E, 0x78, 0x30, 0xFB, 0x9A, 0xEB, 0x7C, 0x02, 0x9C, 0xBE, 0x69, 0xF5,
    0x87, 0x41, 0x7F, 0xD8, 0xEB, 0xF7, 0xFB, 0xCD, 0xC9, 0x07, 0xE6, 0x05, 0xF9, 0xDE, 0x3D, 0x64,
    0xBB, 0xB4, 0x55, 0xDE, 0xAD, 0xAC, 0xFB, 0x73, 0x1C, 0xCF, 0xB7, 0x0B, 0xC6, 0xE8, 0x4C, 0xDF,
    0x19, 0xF4, 0x07, 0x31, 0xF9, 0x0B, 0x82, 0x3F, 0x1B, 0xE1, 0x08, 0xA7, 0xAD, 0xD3, 0x29, 0xA3,
    0x71, 0x07, 0xDF, 0xEE, 0xCD, 0xEF, 0x41, 0x11, 0x9F, 0x60, 0x32, 0x14, 0xE2, 0x29, 0x13, 0x7A,
    0x02, 0x1D, 0xA1, 0x7E, 0xB2, 0x5F, 0xA4, 0x3D, 0x27, 0xFB, 0xF9, 0xD3, 0x4B, 0x80, 0x24, 0xB3,
    0x95, 0x78, 0x3D, 0x52, 0x0F, 0x54, 0xCF, 0x2C, 0x10, 0x60, 0xA0, 0x0C, 0xA0, 0x37, 0x58, 0x38,
    0x86, 0x53, 0xAE, 0x9C, 0x69, 0x5F, 0x05, 0xDD, 0x25, 0xFA, 0x44, 0x4C, 0x48, 0xC2, 0xFD, 0x34,
    0xE8, 0xE6, 0xDF, 0x83, 0xFE, 0xE1, 0x37, 0x41, 0x7F, 0x5F, 0x82, 0xFE, 0x5E, 0xC2, 0x6C, 0xD0,
    0x89, 0x55, 0xA2, 0x0A, 0x64, 0xA0, 0xA0, 0xB1, 0xDB, 0xBF, 0xBF, 0x3B, 0xDC, 0xC7, 0xF6, 0x4A,
    0x07, 0xA0, 0x3C, 0xAC, 0x5A, 0x28, 0xDB, 0xE5, 0xFC, 0x2F, 0x00, 0xD8, 0x29, 0x37, 0x40, 0x84,
    0x09, 0x6E, 0xC3, 0x2F, 0x20, 0x70, 0x5E, 0xFA, 0xF7, 0x40, 0x06, 0xA8, 0x3B, 0x38, 0x84, 0x3D,
    0x45, 0x96, 0x9F, 0x2D, 0x3B, 0x64, 0xC3, 0x1B, 0x3B, 0xE9, 0xBA, 0x09, 0xFC, 0x33, 0x30, 0x02,
    0x91, 0x43, 0x86, 0xC9, 0xB5, 0xBD, 0x48, 0x40, 0xEE, 0x0F, 0x48, 0x31, 0x30, 0x15, 0xF1, 0x79,
    0x3C, 0x57, 0xAA, 0x6C, 0xA4, 0x7E, 0x91, 0xA4, 0x3E, 0x7A, 0x8E, 0x54, 0x15, 0xA0, 0x4A, 0xB8,
    0x84, 0xB4, 0xA0, 0xED, 0xCE, 0xE3, 0x58, 0x44, 0xEA, 0x64, 0x3D, 0xAA, 0x05, 0x38, 0x5D, 0x43,
    0x23, 0x66, 0xAE, 0x01, 0x56, 0x23, 0x99, 0x88, 0x2F, 0x97, 0xBF, 0xED, 0xB1, 0x0E, 0xC5, 0xA4,
    0x3D, 0x32, 0x63, 0xB7, 0x78, 0xA4, 0xEE, 0xF2, 0x49, 0x8D, 0xAB, 0xF3, 0xDD, 0x5E, 0x87, 0x9E,
    0x00, 0xC3, 0xF2, 0x50, 0xAC, 0x4F, 0x04, 0xB6, 0x92, 0xC8, 0x25, 0xA0, 0x24, 0x52, 0x3F, 0x12,
    0xB4, 0x77, 0xA6, 0x31, 0xF3, 0x4E, 0xCE, 0x6F, 0xEA, 0xCD, 0xEB, 0x5A, 0x64, 0xEE, 0xCF, 0xA4,
    0x83, 0x03, 0x00, 0xE0, 0x5A, 0xCD, 0x1C, 0x53, 0x45, 0xC0, 0xEC, 0xAD, 0xAB, 0x68, 0x7B, 0xF2,
    0x47, 0xDB, 0xD1, 0x3A, 0xDD, 0x43, 0x57, 0x61, 0x5B, 0xD4, 0xE7, 0x01, 0xFD, 0xDB, 0x8E, 0x6B,
    0xCA, 0x00, 0x7B, 0x6B, 0xE3, 0xC6, 0xEB, 0xD0, 0x47, 0x8A, 0xFF, 0x8D, 0xA8, 0x5F, 0x77, 0x94,
    0x85, 0xF9, 0xFF, 0xE9, 0x3B, 0x5A, 0xAF, 0xD7, 0x16, 0x49, 0xA5, 0x2D, 0x67, 0xAF, 0xE4, 0x9F,
    0x1E, 0xAE, 0x6D, 0xD2, 0xD3, 0x83, 0xF6, 0xB3, 0xB7, 0x85, 0xC8, 0xD3, 0x7E, 0x69, 0x6F, 0x37,
    0x7E, 0xF5, 0xA0, 0x4C, 0xBE, 0x9A, 0xDF, 0x5B, 0xCC, 0x9E, 0x66, 0xF6, 0x87, 0x8B, 0x9E, 0x6E,
    0x56, 0x24, 0x8B, 0xA6, 0x87, 0xB3, 0x2A, 0xAF, 0x49, 0x7A, 0x44, 0x4C, 0xC3, 0xEC, 0x8D, 0xFE,
    0xCD, 0xDB, 0x9B, 0xF6, 0xEE, 0x80, 0x5A, 0xB6, 0x9B, 0x5A, 0x99, 0x36, 0x1A, 0xDD, 0x00, 0x07,
    0x64, 0x40, 0x0E, 0xD4, 0x86, 0x4C, 0x2C, 0xD9, 0x03, 0xC0, 0x9C, 0x3F, 0xA4, 0x19, 0x12, 0x13,
    0x7A, 0x2D, 0xE8, 0x4D, 0xA4, 0xF9, 0x70, 0x68, 0x91, 0x44, 0x4C, 0x04, 0xF4, 0x0F, 0x7A, 0xF4,
    0x5B, 0x11, 0xFD, 0xBD, 0x09, 0x6D, 0xE6, 0xEB, 0x3C, 0xC7, 0xD0, 0x53, 0x46, 0x54, 0xC7, 0xD1,
    0x32, 0x0B, 0x1A, 0x9C, 0xCC, 0xF6, 0x1B, 0x1C, 0x17, 0xD8, 0x5E, 0xE9, 0x00, 0x1A, 0xC0, 0x19,
    0xA8, 0x13, 0x1A, 0xF8, 0x7B, 0x80, 0xDD, 0x72, 0x2F, 0x0B, 0x86, 0x80, 0x86, 0xDB, 0xF0, 0x31,
    0xE7, 0xA5, 0xBC, 0xD3, 0x52, 0x4A, 0x0B, 0x02, 0x9C, 0xEC, 0x2D, 0xF2, 0xDA, 0x0A, 0x3D, 0x51,
    0x0D, 0xE4, 0x77, 0x77, 0xD4, 0x65, 0xA1, 0xF2, 0xD0, 0x74, 0x70, 0xDB, 0xC0, 0x31, 0xE0, 0x3A,
    0x2A, 0x19, 0x59, 0x89, 0xA0, 0xDB, 0x5F, 0xA2, 0xFD, 0x09, 0xBA, 0x67, 0xBB, 0x5D, 0x8B, 0x64,
    0x22, 0x70, 0x45, 0xCC, 0x1F, 0xB3, 0x91, 0xE6, 0x4C, 0x23, 0x42, 0x2D, 0xE3, 0x32, 0xFD, 0x0F,
    0x98, 0x79, 0x8F, 0x7C, 0xA2, 0xEC, 0xC9, 0x0D, 0xDC, 0xA0, 0x12, 0xAB, 0xA5, 0xD3, 0x3F, 0xF0,
    0x8D, 0x41, 0x3F, 0x60, 0x25, 0x3E, 0x97, 0xEE, 0xA0, 0x0A, 0xFA, 0x9D, 0xD0, 0x48, 0xBB, 0x12,
    0x33, 0xA7, 0x05, 0xB4, 0x25, 0x93, 0x40, 0xFE, 0xDF, 0x3D, 0xC0, 0xFE, 0x4A, 0x20, 0x8F, 0x28,
    0xA1, 0xFE, 0x99, 0xFF, 0xA3, 0xCC, 0xEC, 0xA6, 0x64, 0xBF, 0xAC, 0x57, 0x01, 0x6D, 0xA1, 0x6A,
    0xA1, 0xF6, 0xA0, 0x0D, 0x00, 0x3B, 0xA5, 0x0E, 0x14, 0x11, 0x6E, 0x93, 0xA7, 0x58, 0x03, 0xDB,
    0x92, 0x9F, 0x3F, 0xD9, 0x6C, 0x3C, 0x1C, 0xBE, 0x92, 0x31, 0xA9, 0x2B, 0xAF, 0xC4, 0x14, 0x23,
    0xFC, 0x9C, 0x1D, 0xC7, 0xE4, 0x66, 0x5A, 0x64, 0x52, 0x24, 0xBF, 0xE1, 0xD4, 0xFD, 0xDE, 0xA2,
    0x2D, 0x3B, 0xF3, 0x57, 0xE7, 0x63, 0xE2, 0xE1, 0x56, 0xA2, 0x01, 0x80, 0xAA, 0xAB, 0x82, 0x0A,
    0x4E, 0x36, 0x47, 0x15, 0x9E, 0x3E, 0x0A, 0xAB, 0x42, 0xD6, 0x57, 0xBD, 0x6A, 0x1F, 0x8F, 0x42,
    0x2E, 0xE1, 0x7C, 0x14, 0xF6, 0xD3, 0x93, 0x59, 0xCA, 0x40, 0x31, 0x40, 0x9F, 0x1E, 0xBE, 0x57,
    0x5F, 0x19, 0x15, 0x70, 0xB2, 0xB5, 0x2A, 0x5C, 0x68, 0xCF, 0xCD, 0x98, 0xB9, 0x8E, 0x5C, 0xFA,
    0x99, 0xE7, 0x65, 0x7C, 0xFA, 0x93, 0xD6, 0x0F, 0x9A, 0xA9, 0x99, 0xCE, 0x3F, 0x29, 0xD3, 0x7B,
    0x14, 0x12, 0x29, 0xBE, 0x08, 0x00, 0x9C, 0x72, 0x64, 0x1B, 0xB3, 0x6A, 0x5F, 0x86, 0xF6, 0xB5,
    0xD7, 0x9D, 0xF3, 0x2B, 0x11, 0x53, 0xCD, 0x8B, 0x6D, 0x0F, 0x40, 0xF1, 0x1F, 0xAD, 0x92, 0x56,
    0x35, 0x9E, 0x43, 0x00, 0xC9, 0xE3, 0xB3, 0xE6, 0x8A, 0xE8, 0xEE, 0x47, 0x2D, 0x71, 0xF5, 0x20,
    0x62, 0xC8, 0xD7, 0xF7, 0x66, 0x09, 0xA9, 0x7E, 0x25, 0x12, 0x0E, 0xDF, 0x36, 0x1B, 0x09, 0xE2,
    0x61, 0x57, 0x09, 0x00, 0x79, 0x18, 0x40, 0x02, 0x34, 0x2D, 0x1C, 0xEE, 0x2F, 0x43, 0xBD, 0xD5,
    0x56, 0xF7, 0x7D, 0x21, 0x86, 0x7B, 0x3B, 0xCB, 0x38, 0x00, 0xB4, 0x07, 0xD7, 0xC1, 0xD7, 0x61,
    0xAE, 0x4F, 0x6F, 0xFD, 0xC3, 0x5E, 0x32, 0x38, 0x26, 0x9B, 0x28, 0xEE, 0x53, 0xFC, 0x96, 0x4C,
    0xE0, 0xEF, 0x2E, 0x33, 0x26, 0x7C, 0xB7, 0x84, 0xA6, 0xB6, 0xD9, 0xE8, 0x4C, 0xD6, 0x7D, 0xF2,
    0x4A, 0xBE, 0x9E, 0xCC, 0xD8, 0xE2, 0xCB, 0xA0, 0xBE, 0x48, 0x13, 0xDC, 0x7E, 0xF7, 0x4F, 0x76,
    0x54, 0xB3, 0x5F, 0xD6, 0xCA, 0x83, 0xB2, 0x89, 0x08, 0xD5, 0x00, 0xDC, 0xDD, 0x21, 0xED, 0xC3,
    0xC8, 0xF7, 0x5B, 0x94, 0x41, 0x0D, 0x54, 0x03, 0x99, 0x61, 0x5B, 0x1C, 0x40, 0x2E, 0x2D, 0x50,
    0xFC, 0x5B, 0x60, 0x5B, 0xD6, 0xC0, 0xA9, 0x71, 0x40, 0x63, 0x1A, 0xA3, 0x71, 0x68, 0xEB, 0x8C,
    0xA0, 0xBD, 0xD8, 0x91, 0xFA, 0x53, 0xF9, 0x2C, 0xA2, 0xBE, 0x94, 0xCF, 0x93, 0xFF, 0x4A, 0xBE,
    0x4A, 0x21, 0xBF, 0xF9, 0xEA, 0x9B, 0x40, 0x29, 0x9F, 0x4B, 0xA0, 0x90, 0x4F, 0xA5, 0x23, 0x17,
    0x2B, 0x2D, 0x99, 0x18, 0xE7, 0x41, 0xD0, 0x1E, 0x26, 0xF4, 0x79, 0xDA, 0x62, 0x00, 0x56, 0x13,
    0xA0, 0x6B, 0x0B, 0x27, 0xF9, 0x63, 0x35, 0xB5, 0x6F, 0xDE, 0x3C, 0xD3, 0x56, 0x7F, 0x10, 0xB4,
    0xA9, 0x7F, 0x35, 0x38, 0x56, 0xBF, 0x8E, 0x13, 0xEA, 0xFE, 0x34, 0x52, 0x49, 0x13, 0x29, 0xA5,
    0x1E, 0x28, 0x26, 0xD5, 0x93, 0x47, 0x15, 0xC8, 0x86, 0xB2, 0x03, 0x80, 0x2A, 0x80, 0x1E, 0xE1,
    0x27, 0x57, 0x01, 0x38, 0xB5, 0xD9, 0xBD, 0x3A, 0x14, 0x51, 0xF5, 0x2A, 0xF9, 0x55, 0x97, 0x89,
    0xF6, 0x38, 0x79, 0xBC, 0x29, 0xAE, 0xFA, 0x44, 0xB8, 0x18, 0x80, 0xC6, 0x90, 0x49, 0x4B, 0xF9,
    0x65, 0xCA, 0xC4, 0x31, 0x00, 0x42, 0x12, 0x66, 0x1D, 0xDA, 0x0B, 0xAB, 0x7F, 0x1D, 0x51, 0xFF,
    0x93, 0xF4, 0x7C, 0x93, 0xE4, 0x48, 0x20, 0x97, 0x0E, 0xC4, 0x83, 0x4B, 0x68, 0x03, 0x0D, 0x30,
    0x01, 0x11, 0xF2, 0x44, 0xD1, 0x03, 0xC7, 0x07, 0x10, 0xB5, 0x61, 0xD2, 0x76, 0xAE, 0xD3, 0xEB,
    0xBD, 0x74, 0xE6, 0xC0, 0xCA, 0x2E, 0x79, 0xC7, 0xF3, 0x8D, 0xE0, 0x9A, 0x46, 0x64, 0x46, 0xCB,
    0x08, 0x6A, 0x80, 0x3A, 0x80, 0xF6, 0x20, 0x86, 0x62, 0x82, 0x2A, 0x82, 0x0A, 0xA0, 0x3B, 0x70,
    0x22, 0xC8, 0x16, 0x8E, 0xE1, 0x13, 0x8A, 0x88, 0xEA, 0x28, 0x00, 0x10, 0x69, 0x93, 0x39, 0xF1,
    0x38, 0xF2, 0x91, 0x72, 0x40, 0x05, 0x66, 0x81, 0xA9, 0xBD, 0x4B, 0x06, 0x80, 0x03, 0x64, 0x5B,
    0x1F, 0xEC, 0x27, 0x21, 0x3B, 0xA3, 0x18, 0x28, 0x23, 0x79, 0x80, 0xDD, 0x25, 0x94, 0x77, 0x3A,
    0x4A, 0xE9, 0x40, 0x0C, 0x9C, 0xEC, 0x27, 0x01, 0xB8, 0xA6, 0x4C, 0x2D, 0x49, 0x45, 0x92, 0xB3,
    0x93, 0x84, 0xFF, 0x03, 0xBD, 0x96, 0x01, 0x84, 0x25, 0xD9, 0x15, 0x86, 0xBF, 0xAA, 0xEA, 0xB7,
    0xAF, 0xD3, 0xB5, 0x51, 0x8D, 0x0E, 0x6B, 0x43, 0x6A, 0xB1, 0xA0, 0x43, 0x57, 0x00, 0xB0, 0xDB,
    0xE7, 0x66, 0x16, 0x8B, 0x45, 0x1E, 0x76, 0x05, 0x30, 0x01, 0x24, 0x0B, 0x13, 0x00, 0xEC, 0xA6,
    0xEE, 0x26, 0x08, 0x06, 0x16, 0x80, 0x60, 0x1B, 0x10, 0xBD, 0x18, 0x88, 0x58, 0x32, 0xA3, 0x2E,
    0x83, 0x20, 0x48, 0x09, 0xC9, 0x02, 0xA6, 0x22, 0x22, 0x2C, 0x4C, 0x45, 0x1E, 0xFB, 0x26, 0x53,
    0xAF, 0x4E, 0xEA, 0xDC, 0xDA, 0x9E, 0xEE, 0x35, 0x93, 0x4D, 0x4F, 0x77, 0x92, 0xF3, 0xCE, 0xF9,
    0xFF, 0x57, 0xEE, 0x7B, 0xF7, 0x9C, 0x7B, 0xEE, 0xA9, 0x7B, 0x2E, 0xB0, 0x00, 0x24, 0x5A, 0x39,
    0x8E, 0x89, 0xEA, 0xB0, 0x54, 0xED, 0x8B, 0xF1, 0xCE, 0x50, 0xF5, 0xD9, 0x28, 0x01, 0x8D, 0xE6,
    0xA3, 0xC5, 0xEF, 0x55, 0x97, 0x8E, 0xC5, 0xB6, 0x1C, 0x72, 0xD5, 0x75, 0xAA, 0xDA, 0x21, 0x23,
    0xE0, 0x80, 0x17, 0x3C, 0x14, 0x81, 0x45, 0x19, 0x52, 0x55, 0x0A, 0xDD, 0x52, 0x3D, 0x56, 0x24,
    0x34, 0xAE, 0x76, 0xE2, 0x6B, 0x24, 0x18, 0xDB, 0x73, 0x15, 0xC7, 0x07, 0x12, 0xED, 0x60, 0x07,
    0x93, 0x03, 0xE0, 0x27, 0xC0, 0xBD, 0x43, 0xF2, 0xA1, 0x76, 0x65, 0x3F, 0x59, 0xFB, 0x55, 0x26,
    0xA1, 0x0A, 0xD2, 0x35, 0xA1, 0x54, 0x75, 0xB9, 0x8E, 0x24, 0xBA, 0x06, 0x38, 0x8F, 0x83, 0xCA,
    0x6B, 0xAA, 0x68, 0x3A, 0x3C, 0xD3, 0x9A, 0x6C, 0xB2, 0x87, 0x03, 0xA2, 0x03, 0xE5, 0xA3, 0x01,
    0x1C, 0x17, 0xA5, 0xC8, 0x7D, 0x24, 0x8D, 0x94, 0x6D, 0x89, 0xB2, 0xE2, 0xF0, 0xD4, 0x73, 0x7A,
    0xFA, 0x4B, 0xFB, 0x97, 0xEA, 0x20, 0xAA, 0xCE, 0xE8, 0x33, 0x0D, 0xAA, 0x6B, 0xF1, 0xD2, 0x51,
    0x75, 0xE2, 0x8B, 0x9E, 0x3A, 0x88, 0xCF, 0x7B, 0x14, 0xA3, 0x6C, 0x8C, 0x94, 0x0F, 0xD8, 0x58,
    0xD9, 0x4F, 0x54, 0xF6, 0x12, 0x90, 0x0F, 0x9A, 0x56, 0x3D, 0xA2, 0xFA, 0xD3, 0x38, 0xD9, 0x98,
    0x46, 0xEA, 0x8C, 0x38, 0x97, 0xE3, 0xC2, 0x99, 0xDB, 0x4A, 0x63, 0xB0, 0xCB, 0x01, 0x73, 0x9B,
    0x9C, 0x60, 0x6E, 0x01, 0x73, 0xAB, 0xDA, 0xDA, 0xD4, 0x91, 0xF2, 0xBE, 0xD1, 0xD9, 0x7B, 0x83,
    0x51, 0xB2, 0x8D, 0x6E, 0xB3, 0x4D, 0x74, 0x5B, 0xF4, 0xD1, 0xAD, 0x79, 0x57, 0xF5, 0x8D, 0xB6,
    0xA2, 0x23, 0xAA, 0x9D, 0x68, 0x67, 0xC4, 0x99, 0x1C, 0x26, 0xFD, 0x7B, 0x80, 0x38, 0xDD, 0x44,
    0x92, 0x2E, 0xD2, 0x9E, 0x83, 0x03, 0x71, 0x40, 0xA6, 0xCD, 0x9B, 0x71, 0x1F, 0xD5, 0x48, 0x1E,
    0x4F, 0x64, 0xCB, 0x6C, 0x5C, 0x36, 0x50, 0x23, 0xAE, 0xE8, 0x23, 0x55, 0x21, 0x52, 0xED, 0x62,
    0x25, 0x8C, 0x58, 0x51, 0xBC, 0x71, 0xFE, 0xBF, 0x4C, 0x6B, 0x23, 0xF6, 0x67, 0xA7, 0x8E, 0x29,
    0xBB, 0x88, 0x27, 0x51, 0xBD, 0x40, 0xDC, 0xF9, 0x67, 0xA4, 0xBC, 0xBF, 0x24, 0xED, 0xCC, 0x74,
    0x64, 0xB9, 0xD6, 0xA1, 0xD6, 0xCE, 0x48, 0x34, 0x18, 0xE5, 0xCA, 0x05, 0xC9, 0x1D, 0x20, 0xE1,
    0xD0, 0xE2, 0x13, 0x4F, 0xE9, 0x26, 0x80, 0x33, 0xA8, 0xC2, 0x65, 0x40, 0x87, 0x73, 0x90, 0x00,
    0x18, 0x24, 0x8D, 0x87, 0x4C, 0x81, 0x64, 0x3B, 0xD7, 0x0E, 0x69, 0xF7, 0xA3, 0x7C, 0xDD, 0xE4,
    0x9B, 0x26, 0xED, 0x1A, 0x30, 0x5D, 0xF6, 0x5F, 0xAD, 0xB6, 0x9C, 0xAA, 0xA7, 0xE9, 0x10, 0xCF,
    0x01, 0x87, 0xBC, 0x70, 0x12, 0x13, 0x14, 0xAC, 0xB6, 0xD4, 0x49, 0xF7, 0x05, 0xAF, 0x27, 0xB6,
    0x1C, 0x0D, 0x13, 0x4F, 0x2A, 0xFA, 0x05, 0x37, 0xB7, 0x67, 0xAE, 0x3F, 0x9D, 0xF9, 0x7B, 0x9F,
    0xCF, 0xFC, 0xA6, 0xCE, 0x7C, 0x43, 0xFB, 0x1D, 0x63, 0xA7, 0xFD, 0xB7, 0x0A, 0x63, 0xE9, 0x45,
    0x8D, 0xCB, 0x89, 0xC3, 0xC4, 0x79, 0xFF, 0x24, 0x5D, 0xFB, 0x17, 0x12, 0x86, 0x04, 0x8B, 0x45,
    0x82, 0x45, 0x52, 0xF8, 0x18, 0x07, 0x31, 0x8A, 0x18, 0x83, 0x65, 0xC2, 0xD0, 0xFC, 0x57, 0xC1,
    0xBC, 0x57, 0x61, 0xF2, 0x6D, 0xF8, 0xA6, 0x1A, 0xDE, 0x88, 0xE8, 0x66, 0x94, 0x88, 0x65, 0x44,
    0xFB, 0x17, 0x80, 0x18, 0x26, 0x8D, 0x61, 0xA6, 0xD1, 0xE3, 0xC8, 0x9C, 0x45, 0x20, 0xF7, 0x40,
    0xD9, 0x45, 0x38, 0x7B, 0x04, 0x16, 0x40, 0xD3, 0x74, 0x45, 0xDB, 0xE8, 0x7A, 0x82, 0x87, 0xC3,
    0x04, 0xE9, 0xE5, 0x00, 0x28, 0x0D, 0xEA, 0x00, 0x89, 0x06, 0x40, 0x2F, 0x2C, 0xF9, 0xB5, 0x23,
    0x90, 0x11, 0x8A, 0x35, 0x24, 0x0E, 0xDB, 0x04, 0x8A, 0x7E, 0xB2, 0x0D, 0x54, 0x03, 0xC8, 0x16,
    0xEA, 0x06, 0xC6, 0x1A, 0xB6, 0xE2, 0xD3, 0xA1, 0x0A, 0xD9, 0x78, 0xA7, 0x8D, 0x47, 0xA9, 0xD9,
    0x5F, 0xBF, 0xBF, 0xA9, 0x42, 0x36, 0x48, 0x98, 0x2B, 0x21, 0xEB, 0x3E, 0x21, 0xD1, 0x7E, 0xF6,
    0xF6, 0x32, 0x70, 0x00, 0x99, 0xD6, 0xAE, 0xB0, 0x9D, 0x7C, 0x3C, 0x99, 0x6F, 0x5C, 0x8D, 0x3C,
    0x31, 0x09, 0xEA, 0x2A, 0xD5, 0x38, 0x6E, 0xBF, 0x63, 0x96, 0xA3, 0x82, 0x4A, 0x59, 0x0E, 0xB0,
    0xE2, 0xDD, 0x53, 0xDF, 0x68, 0x98, 0xF4, 0xDB, 0xA3, 0xCF, 0x36, 0x3C, 0x53, 0xA7, 0xD1, 0x59,
    0xE1, 0x93, 0xA3, 0x7A, 0x5B, 0xF4, 0xA9, 0xB7, 0x65, 0x3C, 0xEB, 0x83, 0xC9, 0xEB, 0x25, 0x88,
    0x42, 0xBE, 0x99, 0x57, 0x5D, 0x6E, 0x49, 0x54, 0xC3, 0xD5, 0x1B, 0x04, 0x64, 0xED, 0x9A, 0x54,
    0x7B, 0x68, 0xE6, 0x95, 0xB3, 0x20, 0x3E, 0x17, 0x3A, 0x3C, 0x4F, 0xB3, 0x20, 0xE9, 0x7E, 0x35,
    0x1F, 0xF8, 0x12, 0xE2, 0x1C, 0x87, 0xEC, 0x79, 0x6B, 0x0A, 0x57, 0x6F, 0x1A, 0x14, 0x6F, 0xB4,
    0xB9, 0x86, 0x54, 0xE1, 0x87, 0x00, 0x9A, 0x0E, 0x4F, 0x6B, 0x93, 0x0D, 0x53, 0x55, 0x89, 0x0E,
    0xD6, 0x30, 0x1C, 0x4F, 0xB2, 0x54, 0xCD, 0x59, 0x82, 0x15, 0x7C, 0x73, 0x04, 0xD5, 0x36, 0x53,
    0x5D, 0x17, 0xE3, 0xCD, 0xAE, 0xEA, 0xF1, 0x12, 0x40, 0xC2, 0x37, 0xDE, 0x16, 0xDF, 0x6C, 0x25,
    0x34, 0xA3, 0x84, 0x77, 0xB7, 0x55, 0x97, 0x0C, 0xC5, 0xB0, 0x3C, 0xCB, 0x52, 0x4B, 0xAD, 0x4F,
    0xB2, 0x94, 0xC6, 0xFA, 0x58, 0xCF, 0xF5, 0xB1, 0x77, 0x56, 0x1F, 0x8D, 0x2F, 0x54, 0xFD, 0x94,
    0x25, 0x2F, 0xBE, 0xB6, 0x0C, 0x9D, 0x99, 0x65, 0xC9, 0x57, 0xAA, 0x71, 0x3C, 0x51, 0xF1, 0x20,
    0x7E, 0xEF, 0xBB, 0x4A, 0xA1, 0xE3, 0x9C, 0xB9, 0xE6, 0xC3, 0x6B, 0xEC, 0x9E, 0x3A, 0x18, 0x80,
    0x35, 0xA0, 0x1E, 0x9A, 0xC9, 0x5E, 0x7A, 0xCE, 0x9D, 0xEB, 0xA1, 0x70, 0x50, 0x32, 0xD9, 0x7A,
    0x7E, 0x77, 0x12, 0xFE, 0x7F, 0xBD, 0xD4, 0x1C, 0x01, 0xE6, 0x28, 0x92, 0x3A, 0xF8, 0x1F, 0x75,
    0xCF, 0x57, 0x20, 0xD9, 0x40, 0x31, 0x4C, 0xD6, 0xC2, 0xC2, 0x41, 0xDE, 0x43, 0x39, 0xC0, 0xD1,
    0x6B, 0xC6, 0xF6, 0x7C, 0xF5, 0xD3, 0x23, 0x01, 0xF2, 0x00, 0xD2, 0x42, 0x03, 0x7C, 0xE7, 0xEC,
    0x0A, 0x17, 0xE0, 0x37, 0x2D, 0xFC, 0xBA, 0x9D, 0xBF, 0xEF, 0x5D, 0xF9, 0x54, 0xB1, 0x15, 0x40,
    0xBA, 0x06, 0x8B, 0x36, 0xE2, 0x87, 0x86, 0x3B, 0x06, 0xE9, 0xE9, 0xE9, 0x09, 0x58, 0x54, 0x50,
    0x45, 0xAC, 0xC7, 0x77, 0x56, 0xA0, 0x5B, 0x1B, 0xDC, 0x1A, 0x2E, 0x37, 0xAA, 0x81, 0x98, 0x4C,
    0x24, 0x18, 0xD6, 0x71, 0x54, 0x0D, 0xB3, 0x88, 0xF9, 0x1A, 0x5B, 0x57, 0x6F, 0x28, 0xC1, 0x90,
    0x79, 0xFA, 0x63, 0x03, 0x05, 0xB2, 0x0D, 0x90, 0xF8, 0xB8, 0x88, 0x15, 0x4B, 0x7D, 0x30, 0x9A,
    0x3B, 0x0D, 0xE5, 0x43, 0xBD, 0xD3, 0x2D, 0xB2, 0x61, 0xD9, 0x27, 0x1F, 0x8F, 0x1F, 0xF7, 0xA5,
    0xDA, 0x0C, 0x7F, 0xDA, 0xBE, 0xB3, 0xAA, 0xD3, 0x11, 0x57, 0xFF, 0x42, 0x35, 0x88, 0x36, 0xDA,
    0x15, 0xDB, 0x5C, 0x3D, 0x8E, 0x7D, 0x30, 0x4B, 0x06, 0x28, 0xCC, 0xBA, 0xD9, 0x51, 0xB9, 0x7D,
    0x2D, 0x51, 0xDD, 0x9C, 0xBF, 0x0B, 0xE5, 0x28, 0xE1, 0x58, 0x25, 0x6C, 0x54, 0x7E, 0xD6, 0xA9,
    0xDC, 0x0E, 0x2A, 0x0F, 0xD0, 0x6A, 0x38, 0x7F, 0x17, 0x26, 0xEB, 0xCA, 0x7A, 0x64, 0x07, 0xC7,
    0xBC, 0x0B, 0x7E, 0xCE, 0xF4, 0x08, 0xFC, 0x00, 0x58, 0xEC, 0xF0, 0xA5, 0x6B, 0xEF, 0x7D, 0x75,
    0xF5, 0x5B, 0xEA, 0xEB, 0x4A, 0x42, 0x7D, 0x57, 0xBC, 0xF4, 0xE7, 0xEF, 0x43, 0xA5, 0x1D, 0xBB,
    0x3B, 0xB6, 0xC0, 0x13, 0xB2, 0x3F, 0x6F, 0xC8, 0x1E, 0x6D, 0xE1, 0x6E, 0x05, 0x3B, 0x3B, 0xD7,
    0xEA, 0x2D, 0xBB, 0x29, 0x54, 0xA5, 0xA3, 0x7A, 0xD0, 0xB2, 0xFC, 0x47, 0x0F, 0xE1, 0xE4, 0xCA,
    0x55, 0x10, 0xFD, 0x9B, 0xEF, 0xF7, 0x05, 0xE0, 0xDA, 0x3D, 0x8F, 0x3A, 0xC4, 0x73, 0x20, 0xEB,
    0x37, 0xE0, 0x56, 0x57, 0x8A, 0xEB, 0xA5, 0xAF, 0x71, 0x5C, 0xB9, 0xFA, 0xA3, 0x36, 0xBF, 0xDF,
    0x25, 0xB8, 0xC3, 0x78, 0x74, 0x98, 0x4E, 0x5F, 0x1C, 0xA6, 0xDA, 0xCF, 0x1A, 0x1F, 0xA3, 0xEA,
    0x76, 0xD6, 0xDD, 0x5D, 0x5E, 0xAF, 0xA8, 0x6F, 0xF9, 0xE2, 0x77, 0x5D, 0xFA, 0x41, 0xE0, 0x80,
    0x54, 0xDB, 0x42, 0xD7, 0xD5, 0xE3, 0x41, 0xDC, 0xB6, 0xD6, 0xD1, 0xF4, 0x9D, 0xB7, 0x25, 0xBC,
    0x52, 0xE9, 0xBA, 0xD0, 0x21, 0xD5, 0x6E, 0xAE, 0x49, 0xCC, 0xFF, 0xE4, 0xB1, 0x07, 0x9E, 0xCB,
    0x23, 0x80, 0xFA, 0x4C, 0xBB, 0xE5, 0x1F, 0xFA, 0xC4, 0xAD, 0x2E, 0xE9, 0xF1, 0xD5, 0x17, 0xB9,
    0x27, 0x34, 0xB7, 0x42, 0xF1, 0xF3, 0x36, 0xC1, 0xBD, 0x7C, 0x7A, 0x52, 0x69, 0x3F, 0xE9, 0x9E,
    0x9E, 0x30, 0xF2, 0x4C, 0x9D, 0x46, 0x67, 0xDD, 0xDF, 0xE5, 0xBD, 0x63, 0x1A, 0x71, 0xE5, 0xEF,
    0x43, 0x7A, 0xC3, 0x03, 0xE8, 0x7F, 0x52, 0xC8, 0x07, 0x4A, 0x45, 0x4A, 0x07, 0xCF, 0x7B, 0x8D,
    0x28, 0xD7, 0x32, 0xDC, 0x3D, 0x3E, 0xD8, 0xF9, 0xB7, 0xD7, 0x88, 0xF0, 0xE3, 0xB8, 0xE1, 0xD9,
    0x30, 0xC2, 0xFB, 0x56, 0xE0, 0x5C, 0xFB, 0x1A, 0xB1, 0xBB, 0x00, 0x29, 0x41, 0x3E, 0x0A, 0xE4,
    0x7F, 0xE9, 0x49, 0x42, 0x7B, 0xE5, 0x6B, 0x04, 0xF9, 0x86, 0x38, 0xEF, 0x71, 0x05, 0x5C, 0x3F,
    0xB6, 0x28, 0x4D, 0x88, 0xB1, 0x64, 0x7F, 0x5F, 0x63, 0xDB, 0x7E, 0x95, 0xD8, 0x5E, 0xFD, 0xFA,
    0xFC, 0xDE, 0xD5, 0x37, 0x03, 0xC5, 0xFD, 0x96, 0x04, 0x17, 0x9B, 0xA5, 0xE8, 0x66, 0xB2, 0x11,
    0x39, 0x55, 0xC4, 0x66, 0x89, 0x9F, 0x06, 0x51, 0x9D, 0x6C, 0x98, 0xAC, 0x47, 0xDE, 0x5A, 0x23,
    0x6F, 0x0C, 0xC8, 0x8D, 0x11, 0x71, 0xF1, 0x77, 0x61, 0x77, 0xD7, 0x56, 0x28, 0xB7, 0x42, 0xFE,
    0x69, 0x97, 0xF8, 0x16, 0x56, 0xF9, 0xE7, 0x7D, 0xAE, 0x51, 0xB7, 0xAB, 0xBC, 0xE7, 0x69, 0x35,
    0x49, 0xD4, 0xB1, 0x54, 0x0B, 0xA1, 0x03, 0xB8, 0x56, 0x08, 0xF3, 0x89, 0x22, 0xA3, 0x05, 0x72,
    0xB0, 0x80, 0x05, 0x4D, 0x4D, 0xA3, 0x51, 0xFF, 0x48, 0xC3, 0x33, 0x74, 0x2F, 0x73, 0x94, 0xB7,
    0x5B, 0xCA, 0xBF, 0x9D, 0x1D, 0x1B, 0xFB, 0xD7, 0xBE, 0xE8, 0xED, 0x2E, 0xAC, 0xD2, 0xA7, 0xDA,
    0x99, 0x4A, 0x27, 0x56, 0x8E, 0xED, 0xC7, 0xD3, 0x5A, 0x05, 0x9D, 0xF6, 0xAA, 0x50, 0x5D, 0x8E,
    0x35, 0xFB, 0x44, 0xA9, 0x5B, 0xD0, 0x9E, 0xD4, 0x22, 0xE1, 0xBF, 0x72, 0xE5, 0x4C, 0x95, 0x5C,
    0x43, 0xF1, 0xDB, 0x76, 0x91, 0xB8, 0xCB, 0x5E, 0x39, 0x9B, 0x8E, 0x5C, 0xB7, 0x94, 0xAA, 0x48,
    0x7B, 0x0F, 0x09, 0x07, 0xC8, 0x1A, 0x2A, 0x6D, 0xC9, 0x63, 0x05, 0x29, 0xBC, 0xA0, 0xEE, 0x45,
    0x6C, 0x6B, 0x1A, 0x57, 0xAB, 0x52, 0xE9, 0x96, 0x4C, 0x7B, 0x58, 0x00, 0xD5, 0xDC, 0xB6, 0x28,
    0x26, 0x2B, 0x3D, 0x1C, 0x31, 0xCB, 0x8A, 0x5C, 0xBD, 0x68, 0x27, 0x6F, 0x85, 0xDA, 0x21, 0x8F,
    0x28, 0x35, 0xA4, 0xDA, 0xED, 0xE4, 0xBD, 0xDC, 0xEC, 0x6B, 0x6D, 0x4B, 0x75, 0xAC, 0x48, 0x06,
    0x52, 0xEB, 0x55, 0xB0, 0x21, 0xE9, 0x88, 0x27, 0xC6, 0xA9, 0xAF, 0x55, 0x83, 0xD9, 0x61, 0xF3,
    0x99, 0x47, 0x3C, 0x97, 0x36, 0x13, 0x71, 0x17, 0x02, 0x72, 0xF0, 0x3A, 0x51, 0xF2, 0x2E, 0xEF,
    0x8B, 0xBE, 0x51, 0xFB, 0xE4, 0xFD, 0x97, 0x3F, 0xF3, 0x68, 0xDA, 0x67, 0x5D, 0xEE, 0xE1, 0x5F,
    0x25, 0x8F, 0x01, 0x66, 0x03, 0x41, 0x14, 0x40, 0x5F, 0x92, 0x4E, 0xB6, 0x3A, 0x48, 0xD1, 0x52,
    0x41, 0x5B, 0x14, 0x2D, 0xE2, 0xDF, 0x20, 0x7F, 0x4E, 0x50, 0x85, 0xDC, 0xA1, 0x87, 0xD8, 0xEC,
    0xEC, 0x0D, 0x9A, 0x9B, 0x14, 0xA0, 0xA8, 0xEC, 0xD0, 0x03, 0x74, 0x80, 0x02, 0xCC, 0x11, 0x16,
    0xC5, 0x62, 0x33, 0xD3, 0xA5, 0x3C, 0x80, 0xE7, 0x79, 0x67, 0x6C, 0xD1, 0x60, 0x13, 0x01, 0x57,
    0x05, 0x49, 0xDE, 0x3D, 0x00, 0xD8, 0x1E, 0x19, 0x39, 0x7A, 0xEE, 0x0D, 0xF2, 0xEC, 0xCB, 0xF1,
    0xC4, 0xE5, 0xF5, 0xCE, 0x17, 0x9F, 0x6B, 0xD1, 0x2C, 0xE3, 0xF2, 0xF0, 0x44, 0x47, 0xA1, 0x61,
    0x3D, 0x6F, 0xF5, 0x2D, 0x4D, 0x88, 0x0D, 0xA0, 0x51, 0xFB, 0x45, 0xB2, 0xC1, 0x62, 0x90, 0xD0,
    0xF4, 0xFB, 0x5E, 0xE3, 0x05, 0xF3, 0x99, 0xB3, 0x5F, 0xF1, 0xEE, 0x3B, 0x35, 0xEA, 0x1E, 0x6F,
    0x00, 0x6A, 0x41, 0x33, 0xAB, 0x5F, 0xE6, 0x07, 0xCE, 0x0D, 0x5B, 0x41, 0xDF, 0x83, 0xFD, 0x49,
    0xB3, 0x36, 0xC2, 0x6A, 0xD0, 0xD3, 0x5E, 0xAF, 0x8C, 0x41, 0xF8, 0x24, 0xD3, 0xB1, 0x61, 0x11,
    0xAB, 0x28, 0x61, 0xD2, 0x69, 0x28, 0xAE, 0xB0, 0x41, 0x6C, 0xF8, 0x0F, 0xDF, 0x56, 0x2D, 0x78,
    0x3A, 0x84, 0x2D, 0x1F, 0xC0, 0x92, 0x15, 0x1A, 0xAA, 0x24, 0x51, 0x5B, 0xA8, 0x82, 0xB8, 0x1A,
    0x1F, 0x35, 0x1A, 0x5E, 0xD7, 0x8D, 0xD7, 0xD1, 0xF6, 0xBB, 0x97, 0x32, 0x94, 0x01, 0xA6, 0xA5,
    0xEC, 0x33, 0xFC, 0x01, 0x93, 0x72, 0x60, 0x60, 0xD8, 0xFF, 0x80, 0x81, 0xE1, 0xCF, 0x17, 0x06,
    0x86, 0x8A, 0x1A, 0x06, 0x06, 0x06, 0x1B, 0x20, 0xB6, 0x03, 0xE2, 0xFD, 0x40, 0xFC, 0xBF, 0x81,
    0x81, 0xE9, 0xFF, 0x01, 0x06, 0xE6, 0xCF, 0x17, 0x18, 0xB8, 0x1F, 0x7E, 0x60, 0xE0, 0x3F, 0xF0,
    0xC1, 0x41, 0xBF, 0x61, 0xC7, 0x17, 0x7B, 0x06, 0xFB, 0x2F, 0xFB, 0x18, 0xE4, 0x3F, 0x00, 0x00,
    0x8D, 0x93, 0x01, 0xA7, 0x1D, 0x47, 0x14, 0xC7, 0xFF, 0x77, 0xB7, 0x7A, 0xB1, 0xF4, 0x14, 0x0A,
    0x90, 0x81, 0x02, 0x2A, 0x0B, 0x41, 0x91, 0x64, 0x57, 0xFA, 0x19, 0xAA, 0x80, 0x7C, 0x84, 0x5B,
    0x14, 0x29, 0xCF, 0x9B, 0x01, 0x94, 0x7E, 0x80, 0x02, 0xFA, 0x15, 0x8A, 0x22, 0x88, 0xB7, 0x93,
    0x06, 0x0F, 0x41, 0x26, 0x89, 0x26, 0x78, 0x78, 0x43, 0x5E, 0x02, 0x45, 0x27, 0xB2, 0xAD, 0x8D,
    0xCC, 0xEE, 0xE9, 0x7F, 0xAC, 0xA7, 0x8B, 0xA7, 0xCA, 0xF9, 0xCD, 0x3D, 0xFB, 0x9F, 0xFF, 0xD9,
    0x99, 0xB3, 0x73, 0x07, 0xC6, 0x01, 0xAD, 0x07, 0xBA, 0x00, 0xD8, 0x04, 0xBC, 0x23, 0xAF, 0x26,
    0x54, 0x4F, 0x33, 0x6A, 0x3F, 0xA3, 0xD6, 0x05, 0xCD, 0xD7, 0x16, 0x82, 0xAE, 0xBF, 0x46, 0xE3,
    0x2D, 0x98, 0xA0, 0x7E, 0x18, 0x07, 0xCD, 0x90, 0x70, 0x44, 0x6E, 0x92, 0x8F, 0x08, 0x20, 0x1A,
    0x21, 0x6F, 0x8A, 0x6E, 0x49, 0xB7, 0x81, 0xCF, 0x2F, 0x66, 0x0C, 0x1A, 0xC9, 0x58, 0x72, 0x6A,
    0x03, 0xB1, 0xE4, 0x04, 0xF2, 0x74, 0x82, 0x14, 0xFD, 0x77, 0x2D, 0x7E, 0x27, 0xA1, 0x5D, 0x61,
    0x5E, 0xB4, 0x41, 0x27, 0xB2, 0x48, 0xB8, 0x2E, 0xE1, 0x9A, 0x84, 0x4F, 0x24, 0xE0, 0xEA, 0x88,
    0x18, 0x32, 0x2A, 0xD5, 0x8C, 0x5B, 0xCC, 0x6F, 0x52, 0xBA, 0xE4, 0x88, 0x3C, 0x20, 0xF7, 0xC9,
    0x48, 0x92, 0x84, 0x8A, 0xD4, 0x41, 0x82, 0x78, 0xEE, 0x43, 0x35, 0x2E, 0xA8, 0xF2, 0x08, 0x1C,
    0x25, 0xE0, 0x66, 0xC1, 0xE6, 0x2E, 0x9B, 0x0B, 0x43, 0x77, 0x13, 0xB9, 0x1B, 0x62, 0x89, 0x46,
    0x79, 0x7E, 0x16, 0xE5, 0xFC, 0xC7, 0x28, 0x4A, 0x3D, 0x93, 0x44, 0xE8, 0x21, 0xA9, 0xD4, 0xFC,
    0xBB, 0x7E, 0x73, 0x35, 0x47, 0xE4, 0x1E, 0xF9, 0xB5, 0x89, 0xF7, 0x58, 0xAB, 0x41, 0xA2, 0xED,
    0xBB, 0x3C, 0xE4, 0x76, 0x91, 0xB8, 0xE7, 0x7A, 0x75, 0x92, 0x2D, 0xAA, 0x49, 0x5E, 0x7F, 0xB3,
    0xE6, 0x5B, 0xE8, 0x2D, 0x35, 0xB0, 0x13, 0xEA, 0xF7, 0x07, 0x27, 0xB1, 0x89, 0xAD, 0xAF, 0x53,
    0xE7, 0xAA, 0xDC, 0xF5, 0x04, 0xBB, 0x15, 0xE6, 0x45, 0xE3, 0xDC, 0x58, 0x3C, 0xD5, 0x7B, 0xEB,
    0x70, 0x98, 0xC0, 0x9E, 0xCB, 0x7A, 0xE5, 0x5D, 0xFF, 0x0F, 0x7A, 0xD9, 0xDF, 0x52, 0x4E, 0x51,
    0x5E, 0xE4, 0xCD, 0x09, 0x76, 0x85, 0xF5, 0xF9, 0x19, 0xF5, 0x32, 0x1F, 0xB0, 0xA5, 0x1C, 0x0B,
    0xD0, 0x2E, 0x7D, 0x35, 0xDF, 0x75, 0x4D, 0xDC, 0x3B, 0xE3, 0x6B, 0xD7, 0x39, 0xA0, 0xEB, 0x09,
    0x50, 0x58, 0x73, 0xB7, 0x83, 0xF1, 0x7B, 0x7A, 0x1A, 0x57, 0xBC, 0xA5, 0x46, 0x55, 0xDD, 0x68,
    0x1B, 0x97, 0xBA, 0xBD, 0xFB, 0xA5, 0xAB, 0xFB, 0x62, 0xFE, 0x4F, 0x2C, 0x50, 0x6B, 0x84, 0xE6,
    0x76, 0x36, 0xB1, 0x8E, 0x4D, 0xDA, 0xFB, 0x7A, 0x12, 0x7E, 0x01, 0x03, 0x2C, 0xB7, 0x39, 0x7F,
    0x44, 0xDF, 0x04, 0x98, 0xB4, 0x6E, 0x6E, 0xEF, 0x51, 0x9F, 0xF7, 0x90, 0x85, 0x29, 0xE5, 0x21,
    0x77, 0xC9, 0x44, 0xE9, 0x9B, 0x74, 0x1D, 0xF5, 0x44, 0xEF, 0x9C, 0x28, 0x7A, 0xD6, 0x5C, 0xDE,
    0x94, 0x72, 0x4B, 0x26, 0xD4, 0xBC, 0x21, 0x8D, 0x1B, 0x60, 0x38, 0xA1, 0xBF, 0x69, 0xB2, 0x93,
    0xB2, 0xEE, 0xF2, 0xDF, 0xBB, 0x21, 0x0E, 0xAE, 0x61, 0x0F, 0x95, 0x1E, 0xCA, 0x0B, 0x36, 0x74,
    0x84, 0x75, 0x19, 0x9A, 0x25, 0xC0, 0x04, 0x0E, 0xE2, 0x37, 0x83, 0x46, 0x0E, 0x6F, 0x72, 0x79,
    0x1C, 0xCA, 0xD0, 0x6D, 0x87, 0x55, 0x7B, 0x31, 0x9B, 0x60, 0x35, 0x6A, 0xB6, 0xB9, 0x34, 0xB3,
    0x65, 0x7B, 0x1F, 0x07, 0xD2, 0x6D, 0x18, 0xC0, 0x4A, 0xB0, 0x10, 0x76, 0xDA, 0xAB, 0x43, 0x7B,
    0xD1, 0xFD, 0x34, 0x52, 0x5F, 0x30, 0x43, 0xD8, 0x97, 0x85, 0x3C, 0x9B, 0x40, 0xE7, 0x73, 0x8E,
    0x4E, 0xB4, 0x8C, 0xF2, 0x47, 0x19, 0x65, 0x55, 0xD6, 0xD9, 0x90, 0xB1, 0xDE, 0xE0, 0x19, 0xE6,
    0xA2, 0xE5, 0x1B, 0x6C, 0x2E, 0x6F, 0x2B, 0x97, 0xBC, 0x5E, 0x0E, 0x7E, 0x9F, 0x5A, 0x57, 0xA8,
    0xC9, 0x6E, 0x6E, 0xB9, 0x0C, 0x27, 0x87, 0x83, 0xDB, 0xE5, 0xD6, 0x55, 0xD3, 0xAA, 0xEF, 0x09,
    0x5B, 0x08, 0xDA, 0xEB, 0xF8, 0xB1, 0xBA, 0xF6, 0xE7, 0xD8, 0x7D, 0x95, 0x3E, 0xAB, 0x13, 0xDA,
    0xD4, 0x7C, 0x48, 0xCC, 0x6D, 0x5D, 0xA2, 0xD3, 0xD1, 0xBC, 0x9A, 0x81, 0x2F, 0x30, 0x8C, 0x7B,
    0x0D, 0xC6, 0xE1, 0xB6, 0xF6, 0xDD, 0x59, 0xB4, 0xD5, 0x68, 0x91, 0x8F, 0x2F, 0xA3, 0x43, 0x6E,
    0xEF, 0x8C, 0xF2, 0x32, 0x55, 0xEA, 0x06, 0x75, 0xE6, 0x2C, 0xC9, 0xA3, 0x24, 0x8F, 0xA3, 0x68,
    0x90, 0xD3, 0x51, 0x1E, 0x4E, 0x0C, 0xF3, 0x32, 0x71, 0xAA, 0x51, 0xED, 0x77, 0x29, 0x03, 0x31,
    0x63, 0x57, 0x60, 0x2F, 0x95, 0xCF, 0xA8, 0x0B, 0x2E, 0x43, 0xFA, 0x0C, 0xAB, 0x33, 0x26, 0x98,
    0x3E, 0x61, 0xDF, 0x47, 0xD4, 0x7D, 0xA5, 0xBD, 0x9C, 0xC5, 0x96, 0xBB, 0xE1, 0xAA, 0x3A, 0x59,
    0x80, 0xD1, 0xA1, 0x9C, 0xA5, 0xBC, 0xBE, 0x5F, 0x69, 0x6C, 0x66, 0xDC, 0x6E, 0xDD, 0x97, 0xE2,
    0x6F, 0x88, 0x47, 0xDB, 0x57, 0x0B, 0x70, 0xD7, 0x7F, 0xDA, 0x84, 0x6F, 0x9B, 0xF0, 0xBD, 0xF1,
    0x2D, 0x1F, 0xF1, 0x39, 0x86, 0xB7, 0x0B, 0xE4, 0x91, 0x92, 0x1F, 0x20, 0x4F, 0x00, 0x59, 0x88,
    0x92, 0x73, 0x0F, 0x39, 0x4D, 0xE0, 0x16, 0x31, 0x24, 0xED, 0x87, 0x77, 0xEA, 0x8D, 0x1F, 0x20,
    0xFE, 0x78, 0x45, 0x59, 0xE7, 0x4F, 0xD6, 0x9C, 0x94, 0xB9, 0xE2, 0x61, 0xAB, 0x6C, 0xB8, 0xED,
    0xD9, 0xFC, 0x6C, 0x71, 0xB2, 0x06, 0xF3, 0xD6, 0xE5, 0xF5, 0x43, 0x54, 0x77, 0x9C, 0xFD, 0x73,
    0x3A, 0x7C, 0x98, 0xC5, 0xAB, 0x78, 0x2B, 0xBE, 0x2B, 0x51, 0x92, 0x59, 0x4E, 0xA7, 0xF2, 0x69,
    0x3C, 0xD6, 0x18, 0x46, 0x00, 0x50, 0x1D, 0xDF, 0xE6, 0xEF, 0x62, 0xBE, 0x81, 0x8C, 0x6D, 0xEC,
    0x32, 0x1A, 0x2D, 0x4B, 0x3A, 0xF3, 0x70, 0xA6, 0x3D, 0x5F, 0x89, 0xF1, 0x33, 0x06, 0x55, 0x07,
    0x08, 0xA9, 0x0B, 0xFD, 0x90, 0x28, 0x43, 0xD6, 0x50, 0x27, 0x8F, 0x79, 0x2C, 0x23, 0xC3, 0x9C,
    0x96, 0xA3, 0xB0, 0x69, 0x08, 0xE6, 0xD1, 0xDF, 0x93, 0x3C, 0x0E, 0x59, 0x9E, 0xF8, 0x13, 0x51,
    0x7F, 0xCC, 0x5F, 0x4B, 0x8E, 0xA9, 0x3D, 0x68, 0x9F, 0xFF, 0x35, 0x15, 0xCF, 0x3F, 0xAD, 0xD9,
    0x01, 0x84, 0x24, 0xD9, 0x19, 0x07, 0xF0, 0x5F, 0x55, 0xCD, 0x4C, 0x9F, 0x6D, 0x77, 0xB5, 0x98,
    0x90, 0x5C, 0x92, 0xED, 0x01, 0xB0, 0x91, 0xAD, 0xE0, 0x10, 0x64, 0xA7, 0x1E, 0x22, 0x22, 0x48,
    0x16, 0x89, 0x00, 0x12, 0x04, 0x97, 0x04, 0x09, 0xE0, 0xC8, 0x65, 0xBA, 0x00, 0x00, 0x07, 0x40,
    0x70, 0x0B, 0x38, 0x07, 0x07, 0xC1, 0x61, 0xF7, 0xBA, 0xC0, 0x01, 0xE8, 0x08, 0x82, 0xC3, 0xD6,
    0x89, 0x08, 0xE0, 0xEA, 0x56, 0xE7, 0xD2, 0x9B, 0xAD, 0xE9, 0x97, 0x37, 0xD7, 0x63, 0xAC, 0xC9,
    0x92, 0xDD, 0xEE, 0xD2, 0xDF, 0x7F, 0xA6, 0x67, 0xAA, 0xBD, 0xF7, 0xAB, 0xAF, 0xEB, 0x3D, 0x53,
    0xD3, 0x8E, 0xEE, 0x53, 0xF6, 0x29, 0x6B, 0xAA, 0x81, 0xFA, 0x9C, 0xF9, 0x82, 0xCD, 0x9C, 0xF3,
    0xBA, 0xC9, 0x87, 0xAA, 0x2D, 0x36, 0x1F, 0x2C, 0x27, 0x31, 0xF6, 0xE5, 0x45, 0xFE, 0xF1, 0xF3,
    0x75, 0xFA, 0xCD, 0x50, 0xB7, 0xD9, 0x39, 0x98, 0x74, 0x94, 0xAB, 0xED, 0x18, 0xF9, 0x92, 0x63,
    0x8A, 0x38, 0x0F, 0x65, 0x8C, 0xA1, 0x7E, 0x9A, 0xD2, 0x2C, 0xC2, 0x5C, 0x7D, 0x95, 0xBA, 0x8D,
    0xA1, 0x4A, 0xC7, 0xCA, 0x94, 0x8B, 0xD7, 0x81, 0x2A, 0x50, 0xB7, 0xDB, 0xDC, 0x42, 0xD6, 0x30,
    0x5B, 0xF3, 0xDA, 0x80, 0x35, 0x45, 0x47, 0x16, 0xEC, 0x6D, 0x9D, 0xB7, 0x2C, 0x3A, 0x8A, 0x25,
    0x65, 0xC3, 0x6B, 0x76, 0xF3, 0x12, 0xB0, 0xA2, 0xE8, 0x53, 0x5A, 0x93, 0x4F, 0x43, 0xF2, 0x70,
    0x36, 0xE7, 0xA6, 0x3D, 0x9D, 0x79, 0x60, 0xB2, 0xA4, 0x6C, 0x99, 0x51, 0x05, 0x62, 0x27, 0xFF,
    0xCF, 0x9A, 0xE6, 0x64, 0x47, 0xEF, 0x01, 0x2A, 0xCC, 0x02, 0xD3, 0xE4, 0xFD, 0xDC, 0x78, 0xDE,
    0xEF, 0x60, 0x8D, 0x07, 0xB8, 0x43, 0xF5, 0xFD, 0x4B, 0xEF, 0x6A, 0x0F, 0xEF, 0x6C, 0x49, 0xD5,
    0xF3, 0x95, 0x15, 0x45, 0x67, 0xF2, 0x78, 0xC4, 0xFE, 0x42, 0x0C, 0xC4, 0x96, 0x69, 0x4A, 0x49,
    0xF5, 0x43, 0x62, 0xA7, 0xD8, 0xC7, 0xFC, 0xFA, 0x0D, 0xE6, 0x91, 0x8F, 0xCE, 0x5D, 0xAD, 0x8B,
    0xB1, 0xCC, 0xE7, 0x1F, 0x2A, 0xE2, 0x5A, 0xF1, 0x49, 0x07, 0x54, 0x61, 0x84, 0x1E, 0x63, 0xDA,
    0x6F, 0x1D, 0x7F, 0xAC, 0xC0, 0xE8, 0x7B, 0x01, 0xD4, 0x0D, 0xB1, 0x57, 0xFC, 0x6B, 0x4D, 0x38,
    0x19, 0x67, 0x7F, 0x70, 0x82, 0x81, 0x6C, 0x7B, 0x79, 0x78, 0xF3, 0xC7, 0xD4, 0x1F, 0x6D, 0xCD,
    0xF9, 0x3B, 0xFB, 0x9F, 0x47, 0xD1, 0x5E, 0x9E, 0x4B, 0x93, 0x42, 0xD6, 0xDC, 0x93, 0x7F, 0xB1,
    0x22, 0xF6, 0x54, 0xCD, 0x6E, 0xE7, 0x90, 0x63, 0x16, 0x28, 0x5B, 0x8A, 0xE5, 0xF8, 0xE6, 0xEF,
    0xE2, 0x21, 0x6A, 0x97, 0xE6, 0x5F, 0xED, 0x6F, 0x9E, 0xF5, 0x29, 0x6B, 0xA4, 0xE4, 0x1D, 0xBF,
    0x1E, 0xD1, 0x7C, 0x1B, 0xB1, 0xE5, 0xB7, 0x4B, 0xA6, 0xED, 0x78, 0xE6, 0x5B, 0xD7, 0xD6, 0xE1,
    0x9B, 0x37, 0xA8, 0x17, 0xA3, 0x98, 0xB7, 0xEB, 0x70, 0x25, 0xFF, 0x5B, 0x07, 0xB2, 0x77, 0x46,
    0xF0, 0xC2, 0xDB, 0xB5, 0xE4, 0xD8, 0x9A, 0x84, 0xD1, 0xD7, 0x61, 0xDE, 0xAD, 0xE5, 0xC9, 0x2D,
    0x76, 0xBC, 0x1E, 0x46, 0x59, 0x83, 0xB7, 0xDF, 0x7F, 0xAF, 0x8E, 0xC3, 0x45, 0xA5, 0x27, 0xC1,
    0x45, 0xC5, 0xFE, 0xB2, 0x82, 0xCB, 0x8A, 0xE7, 0xDB, 0x82, 0x87, 0xB2, 0x28, 0x95, 0xB7, 0x38,
    0x96, 0xC7, 0x65, 0x19, 0x57, 0xD5, 0xD3, 0xA1, 0x0E, 0xE7, 0xF3, 0xB8, 0xB9, 0xA8, 0x9F, 0xFD,
    0xB4, 0x6E, 0x4F, 0xAA, 0xB8, 0x2A, 0xE3, 0x90, 0xC7, 0xCE, 0x01, 0x55, 0x30, 0x6F, 0xD5, 0xAD,
    0x5B, 0x7C, 0x55, 0x16, 0x83, 0xCF, 0x5A, 0x65, 0x70, 0x97, 0xE3, 0x97, 0x07, 0xC4, 0x20, 0xB6,
    0xA6, 0xAD, 0x8A, 0x6F, 0xBC, 0xA8, 0x21, 0x7F, 0xD2, 0x4F, 0x53, 0x83, 0xDF, 0x6D, 0x79, 0xB9,
    0x19, 0xB3, 0xD5, 0xFD, 0x22, 0xF6, 0xD3, 0x47, 0x9D, 0x2C, 0xBC, 0xE0, 0x5C, 0xA4, 0x28, 0x03,
    0x35, 0xDE, 0xE6, 0xEC, 0x44, 0x1E, 0x5B, 0x93, 0x7F, 0x76, 0x32, 0x41, 0x9A, 0x5F, 0x9A, 0x7D,
    0x9B, 0x8B, 0xE7, 0xC1, 0x36, 0xB1, 0x77, 0x95, 0xE0, 0x2A, 0x49, 0x71, 0x15, 0x8E, 0x50, 0xB6,
    0x54, 0x81, 0xBB, 0x9C, 0x1E, 0xC8, 0x62, 0xAB, 0x78, 0xDA, 0xCB, 0xDC, 0xE3, 0x98, 0x64, 0x94,
    0x90, 0x92, 0x52, 0x62, 0x4A, 0x48, 0x29, 0x92, 0x54, 0xA2, 0x4A, 0x56, 0x09, 0x2B, 0x69, 0xB7,
    0x54, 0x8D, 0xA2, 0x97, 0xAF, 0x78, 0x90, 0xAC, 0x89, 0x9A, 0xA4, 0x99, 0xF0, 0x52, 0x7D, 0xE2,
    0xBE, 0xBC, 0x67, 0xCD, 0xF7, 0x9C, 0x4A, 0xA6, 0x44, 0xCA, 0xC2, 0xBD, 0x17, 0xED, 0x59, 0x76,
    0x4E, 0x11, 0xC9, 0x7E, 0x81, 0x53, 0xCE, 0xDE, 0x78, 0xA6, 0x67, 0xF6, 0xEC, 0x19, 0xB2, 0x28,
    0xA5, 0xA1, 0x0C, 0x9C, 0xA6, 0x3A, 0xBE, 0xEA, 0x5B, 0xBE, 0x63, 0xDF, 0xB2, 0xFB, 0xDD, 0x24,
    0xF6, 0xE5, 0x67, 0x4B, 0x38, 0xB3, 0x5B, 0xDF, 0xD2, 0x85, 0x59, 0xC4, 0x7E, 0xF2, 0xA7, 0x25,
    0x5C, 0xF5, 0xCD, 0x0B, 0xF7, 0x0D, 0x0B, 0x45, 0x5C, 0x4E, 0xFE, 0xDA, 0xD9, 0x73, 0x35, 0x63,
    0x21, 0x4D, 0x3A, 0xFD, 0x7B, 0x9F, 0x5A, 0xB2, 0xC3, 0xE2, 0xCE, 0xDE, 0x51, 0x0E, 0xA6, 0x0F,
    0x79, 0x40, 0x4F, 0xF0, 0x9B, 0xF7, 0x9B, 0x45, 0x6C, 0x53, 0x7D, 0x6B, 0xD3, 0x14, 0x6B, 0xCF,
    0xAD, 0x74, 0x74, 0x5B, 0xCC, 0xDB, 0x79, 0x57, 0x74, 0x65, 0x73, 0x03, 0x75, 0xFB, 0xBC, 0xC7,
    0x4B, 0x0E, 0x28, 0x5F, 0x99, 0x0C, 0x8A, 0x41, 0xD6, 0xB9, 0x63, 0x11, 0x16, 0xE1, 0x0E, 0x98,
    0x3F, 0xF7, 0xC1, 0xA9, 0x98, 0x5E, 0xF3, 0x6D, 0x66, 0xE7, 0xB2, 0x18, 0xDB, 0x2F, 0xB7, 0xE6,
    0xCD, 0x07, 0x43, 0xD5, 0x17, 0x9B, 0xBA, 0x15, 0xBF, 0x4C, 0x73, 0x99, 0x56, 0xAC, 0xBA, 0x7C,
    0x53, 0x9E, 0xCF, 0x86, 0x69, 0x8C, 0xAB, 0x3C, 0xC6, 0x4E, 0xBD, 0x41, 0xA0, 0xE8, 0x99, 0xAE,
    0x53, 0x56, 0xE4, 0x1D, 0x87, 0xE4, 0xB1, 0x97, 0xFA, 0xA6, 0x7A, 0x1A, 0xD5, 0xED, 0x22, 0xCC,
    0x43, 0xDD, 0xCC, 0xD5, 0xED, 0xC5, 0xF7, 0x8B, 0x9F, 0xAB, 0x18, 0xA5, 0xE3, 0xB2, 0xCB, 0xEB,
    0x4B, 0x85, 0x79, 0x9B, 0xD2, 0x70, 0x8B, 0xD4, 0x5F, 0xCA, 0x81, 0xD7, 0x52, 0xA4, 0xE4, 0x1D,
    0xC2, 0xFE, 0x56, 0x58, 0x34, 0x29, 0x2D, 0x93, 0x94, 0x32, 0xF0, 0xAA, 0xDD, 0xCC, 0xDC, 0xC3,
    0x9A, 0x7C, 0x45, 0xB1, 0x54, 0x7C, 0x1E, 0x92, 0x8F, 0xD3, 0xDF, 0xC1, 0x08, 0xD6, 0x02, 0xD3,
    0x96, 0x72, 0xDB, 0x94, 0xEA, 0x80, 0xB8, 0xDC, 0xEE, 0x7F, 0xE1, 0x64, 0x47, 0x73, 0x86, 0x99,
    0xED, 0x98, 0x93, 0x76, 0x7C, 0xF3, 0xEF, 0xC9, 0x56, 0x18, 0x70, 0x77, 0x24, 0xF3, 0xB4, 0x63,
    0xB6, 0xE6, 0x20, 0x25, 0xEF, 0x15, 0x8F, 0x9B, 0x71, 0xCD, 0xD7, 0x6F, 0xAF, 0x66, 0x54, 0xAF,
    0xEC, 0xEF, 0xBE, 0xF1, 0x23, 0xEA, 0xC8, 0xD9, 0x06, 0x28, 0x7A, 0xA3, 0xBA, 0x9F, 0xFC, 0x59,
    0x11, 0x57, 0xCF, 0xDC, 0x62, 0x79, 0xC6, 0x7C, 0x73, 0x37, 0x33, 0x4C, 0x56, 0x54, 0x1B, 0x4E,
    0x2B, 0x18, 0x7F, 0x7F, 0x80, 0xBA, 0x91, 0xE6, 0x54, 0x3C, 0x5E, 0x4B, 0xFD, 0x1D, 0x67, 0xCF,
    0x70, 0x8C, 0x81, 0xE9, 0x70, 0xA8, 0xEC, 0x6A, 0xD4, 0x66, 0x9B, 0x4D, 0xB2, 0x0F, 0x3B, 0xDB,
    0x33, 0x4C, 0x1B, 0x89, 0xC1, 0xE6, 0xA8, 0xF1, 0xCB, 0xB2, 0x75, 0x38, 0x6B, 0xF3, 0x2F, 0x2D,
    0xE7, 0x2F, 0x6C, 0xDD, 0x8E, 0xB3, 0xA4, 0x4C, 0xB6, 0x7C, 0xA8, 0x39, 0xD8, 0xDF, 0x76, 0x13,
    0x1F, 0x22, 0xA2, 0xFA, 0xB8, 0x91, 0xEF, 0x64, 0xBB, 0xBE, 0xD7, 0x26, 0x5F, 0x57, 0x13, 0xAE,
    0x7C, 0xE3, 0xED, 0xB5, 0x3F, 0x68, 0xBC, 0xBA, 0xA3, 0x71, 0xF6, 0x28, 0x98, 0xC7, 0x43, 0x0F,
    0x3F, 0x1A, 0xE7, 0x7D, 0x5D, 0x5F, 0xAE, 0x9D, 0x47, 0x5F, 0x34, 0xB2, 0x9F, 0xEC, 0x66, 0xE2,
    0x10, 0xD7, 0x3D, 0x23, 0xAD, 0x91, 0xA3, 0x86, 0x1D, 0x7B, 0x75, 0x6D, 0x5D, 0xDC, 0x76, 0xA3,
    0x99, 0x87, 0xD9, 0xF2, 0xFF, 0xA5, 0x6E, 0xAB, 0xB6, 0xEE, 0x16, 0xED, 0x2C, 0xC6, 0x30, 0x8D,
    0x1B, 0x59, 0x5C, 0x01, 0xB3, 0x67, 0x6E, 0xA3, 0x5E, 0x07, 0x31, 0x1F, 0xFE, 0xB7, 0x16, 0xC5,
    0xB0, 0xF8, 0x6C, 0xA8, 0xE3, 0x30, 0x7B, 0x32, 0x08, 0x3C, 0x90, 0x45, 0xD9, 0x86, 0xB7, 0xF8,
    0x1A, 0x16, 0x4B, 0xFE, 0xD0, 0x31, 0x59, 0x52, 0xE2, 0x70, 0x04, 0x1A, 0xF9, 0x46, 0x1E, 0x83,
    0x92, 0xBB, 0xBC, 0xF1, 0xC2, 0x38, 0x0D, 0xD3, 0x25, 0xF3, 0xFE, 0xD8, 0x59, 0x38, 0x73, 0xD3,
    0xC3, 0xDB, 0xA6, 0x43, 0x9A, 0xAC, 0xDF, 0x19, 0x73, 0x80, 0x3B, 0x88, 0x14, 0xEB, 0xA3, 0x26,
    0x6B, 0xCA, 0x96, 0xAA, 0x89, 0x79, 0x94, 0x04, 0xCF, 0x4D, 0x62, 0x49, 0x2E, 0x09, 0x26, 0xC9,
    0x08, 0x38, 0xC1, 0x29, 0x16, 0xCB, 0x63, 0x5F, 0xEF, 0xCE, 0x08, 0xFB, 0xDB, 0x02, 0x79, 0x47,
    0x31, 0x60, 0x71, 0xD4, 0x78, 0x65, 0x37, 0xDB, 0xB5, 0x37, 0xF2, 0x58, 0xE9, 0xCC, 0xA1, 0xFD,
    0x7D, 0xC8, 0x37, 0x29, 0x31, 0x50, 0xE2, 0x6E, 0x32, 0xBE, 0xB1, 0xA3, 0x71, 0xF3, 0xB6, 0x22,
    0x0E, 0xC7, 0xC5, 0x27, 0xFD, 0x19, 0xFB, 0xDB, 0x8A, 0x4F, 0x97, 0xCA, 0x98, 0x32, 0xFF, 0xB8,
    0x71, 0xB8, 0xA3, 0x89, 0x63, 0x5C, 0xF3, 0x8C, 0xB5, 0x1E, 0x8F, 0x1A, 0x76, 0x74, 0x3D, 0x20,
    0x8B, 0x29, 0x1B, 0xBC, 0x85, 0x03, 0xDB, 0xA1, 0x66, 0x6B, 0xF2, 0x01, 0xDC, 0x6E, 0xB2, 0xF7,
    0xAA, 0xBE, 0x18, 0xCA, 0x55, 0x99, 0xBE, 0xCE, 0xBA, 0x2C, 0xD6, 0xAD, 0x45, 0xA4, 0xDE, 0x50,
    0x0E, 0x4C, 0x57, 0x29, 0xFD, 0xF3, 0x73, 0x13, 0xEB, 0xCB, 0xF1, 0xEB, 0x86, 0x09, 0x10, 0xD5,
    0x4D, 0xDD, 0x2C, 0xD4, 0x6D, 0x34, 0xFB, 0xCB, 0xB9, 0xF2, 0xF1, 0x60, 0xF2, 0xEF, 0xB5, 0x22,
    0xF6, 0xF2, 0xD8, 0x11, 0x5B, 0x16, 0x29, 0x75, 0x60, 0x8E, 0x0D, 0x86, 0x2D, 0xA9, 0x58, 0xED,
    0x69, 0xBA, 0xFA, 0x77, 0x53, 0xBF, 0x4D, 0xBE, 0xDC, 0xD1, 0x54, 0x31, 0x2C, 0x9A, 0x7C, 0x98,
    0x37, 0xC5, 0xEA, 0x0E, 0x59, 0xC3, 0x6C, 0xF5, 0xCC, 0x47, 0x40, 0x4B, 0xB2, 0xB0, 0xBF, 0xF5,
    0xDA, 0x9F, 0xA6, 0xBE, 0x39, 0x4E, 0x0F, 0x55, 0xEF, 0x92, 0x1C, 0x9E, 0x9C, 0xC3, 0x5E, 0xCE,
    0x6C, 0x75, 0x5F, 0x9A, 0xD7, 0xE4, 0x51, 0x47, 0x16, 0x46, 0xF1, 0xFD, 0x17, 0x4D, 0x4E, 0x31,
    0x48, 0xC3, 0x40, 0x14, 0x7D, 0x36, 0xD2, 0xA2, 0x07, 0xDE, 0x5E, 0xC1, 0xDB, 0x0B, 0x72, 0x3B,
    0xB4, 0xFD, 0xB7, 0x3B, 0xB8, 0x4F, 0xEE, 0xDD, 0xF7, 0x06, 0xDC, 0x5C, 0xDA, 0x7D, 0xEA, 0x58,
    0xB2, 0x8F, 0x25, 0x39, 0xE9, 0x4E, 0x03, 0xEE, 0x70, 0xE2, 0x0E, 0x37, 0x9C, 0x10, 0x24, 0xF1,
    0xFC, 0x97, 0x28, 0xF5, 0xF5, 0x71, 0xEF, 0xFD, 0xF7, 0x7F, 0xC3, 0x2B, 0xF6, 0xB1, 0x8B, 0x5D,
    0xB1, 0x2F, 0x8A, 0x5D, 0x8C, 0x9E, 0xC9, 0x66, 0x95, 0x7C, 0x60, 0xAE, 0x92, 0x2F, 0x8A, 0x3C,
    0x32, 0xEA, 0xFE, 0xE9, 0xC7, 0xE2, 0x2F, 0xB3, 0xFD, 0xD3, 0x8F, 0x23, 0x23, 0xAD, 0xC6, 0x02,
    0x64, 0xC8, 0x2A, 0x33, 0x05, 0xE5, 0x64, 0xA5, 0x95, 0x39, 0x61, 0x0E, 0xE0, 0x06, 0x64, 0xB5,
    0x15, 0xFC, 0x4B, 0x37, 0xC0, 0xC8, 0x6C, 0xE5, 0xD1, 0x6B, 0x99, 0x2F, 0x14, 0xE8, 0xC9, 0xD2,
    0xC9, 0xA9, 0x87, 0x7A, 0x7A, 0x6D, 0x68, 0x53, 0xD3, 0xC9, 0xF3, 0x4A, 0x3E, 0xD7, 0x24, 0xED,
    0xFC, 0x0E, 0xE9, 0xCF, 0x93, 0x9C, 0x0F, 0xF4, 0xC9, 0x8B, 0x23, 0xD3, 0x69, 0x69, 0x17, 0x12,
    0x03, 0xB2, 0xF0, 0x4B, 0x8A, 0x66, 0x20, 0xFB, 0x33, 0x3D, 0x18, 0x13, 0x9F, 0x48, 0x31, 0x51,
    0x7F, 0xE1, 0xF6, 0x73, 0xF0, 0xC9, 0x0C, 0xAB, 0xD1, 0x0E, 0x80, 0x72, 0x14, 0xD6, 0x0D, 0x05,
    0xED, 0xC7, 0xE6, 0x8A, 0xEB, 0xD1, 0xE3, 0x5B, 0xA0, 0xCD, 0x47, 0x43, 0x5C, 0xE6, 0xF2, 0x02,
    0x66, 0x12, 0x30, 0x4B, 0x67, 0x1D, 0x4A, 0x16, 0x5A, 0xA3, 0x65, 0x59, 0xEA, 0x2C, 0xF4, 0x22,
    0x5C, 0x0A, 0xB9, 0x31, 0x8B, 0xFE, 0x26, 0xC3, 0x22, 0x9B, 0x52, 0xD7, 0xCA, 0xC1, 0xB4, 0x15,
    0x7F, 0x98, 0xEB, 0x74, 0x6D, 0xD7, 0x42, 0xBC, 0x87, 0x43, 0x73, 0x80, 0x7C, 0xED, 0x85, 0x4C,
    0xCB, 0x40, 0x89, 0xAA, 0xA9, 0x1A, 0xB4, 0xD0, 0x4E, 0x3B, 0x0C, 0x98, 0xBD, 0x6C, 0x69, 0x63,
    0x49, 0x32, 0xF3, 0xA5, 0xC2, 0x5C, 0x01, 0xC8, 0xAC, 0x70, 0xCA, 0x92, 0x89, 0x58, 0x43, 0x5B,
    0xE9, 0xB2, 0x1A, 0x8C, 0x7B, 0x10, 0x94, 0x15, 0x3E, 0x0B, 0xC2, 0xF3, 0x96, 0xE7, 0x84, 0xF1,
    0x16, 0x48, 0x75, 0x52, 0x97, 0x0A, 0x48, 0x75, 0x53, 0x57, 0xE1, 0xCF, 0x71, 0xF9, 0x2F, 0x76,
    0xE7, 0xF8, 0x07, 0x64, 0xCD, 0xB1, 0x0D, 0xC2, 0x30, 0x10, 0x85, 0xE1, 0x8B, 0x22, 0x70, 0xE1,
    0xC2, 0xD4, 0x34, 0xEE, 0x83, 0xC4, 0x2D, 0xE0, 0xF8, 0x32, 0x02, 0x03, 0x85, 0x24, 0xA3, 0x50,
    0x30, 0x86, 0x0B, 0x8F, 0x90, 0x11, 0x3C, 0x82, 0x8B, 0x2B, 0xAE, 0xB8, 0x00, 0x0A, 0xA2, 0x43,
    0xAF, 0x7E, 0xDF, 0x6F, 0x0A, 0x2A, 0x4D, 0x23, 0x8E, 0x18, 0x23, 0x6D, 0x8E, 0x01, 0x80, 0x5B,
    0xB1, 0xE2, 0x65, 0xDA, 0xE6, 0x77, 0xF7, 0x02, 0x01, 0x38, 0x3F, 0x89, 0xE3, 0x8D, 0xCA, 0x55,
    0x20, 0x91, 0x50, 0x69, 0xC0, 0xB0, 0x97, 0x78, 0xA2, 0x3A, 0x6B, 0x08, 0xA4, 0xFB, 0xAB, 0x7B,
    0xCC, 0x7C, 0xA9, 0x6D, 0x35, 0xAB, 0xCB, 0x6E, 0x40, 0xB0, 0x85, 0xB4, 0x0F, 0x28, 0x28, 0x21,
    0xC4, 0xE4, 0xB9, 0x19, 0xEC, 0x4A, 0x3C, 0xA6, 0xBB, 0xA2, 0x1E, 0x12, 0xF2, 0x57, 0xF9, 0x6B,
    0x1F, 0x17, 0xCA, 0x94, 0x7D, 0xB6, 0xBF, 0xC1, 0xEE, 0x48, 0xAF, 0x20, 0x6D, 0xF5, 0x0B, 0x29,
    0x29, 0x16, 0xAA, 0xA6, 0xB8, 0xF5, 0x33, 0xA0, 0xEA, 0x1F, 0x60, 0xB7, 0xD0, 0xD1, 0xBD, 0x00,
    0x85, 0x92, 0x21, 0x8C, 0xD4, 0x40, 0x14, 0x86, 0xFF, 0x6D, 0x13, 0x9A, 0x5C, 0xC5, 0x60, 0x50,
    0x27, 0xEA, 0xEF, 0x44, 0xBD, 0x61, 0xC6, 0xA0, 0x0F, 0x01, 0xEA, 0x2C, 0xFE, 0xBC, 0x6A, 0x73,
    0xF8, 0xB0, 0x5E, 0xAD, 0x3C, 0xD6, 0xAC, 0xC3, 0x76, 0x76, 0x0D, 0x02, 0xC1, 0x18, 0x14, 0x82,
    0xE6, 0x58, 0x72, 0xC9, 0x21, 0x98, 0xEC, 0x2D, 0xB9, 0xBD, 0xD2, 0xCE, 0xCF, 0x9B, 0x2E, 0xE4,
    0x12, 0x4E, 0x30, 0x79, 0xDF, 0x9B, 0xE6, 0x75, 0xFA, 0xD2, 0x7C, 0x6F, 0x80, 0x09, 0x80, 0xCC,
    0xE0, 0x90, 0x00, 0x69, 0x53, 0xD2, 0xAB, 0xD0, 0xD8, 0xD2, 0xBF, 0x33, 0xDA, 0x7A, 0xE8, 0x65,
    0x0B, 0xFD, 0xDA, 0x0A, 0x35, 0xF4, 0x07, 0xA0, 0xFC, 0x01, 0xA8, 0x90, 0xDB, 0x9C, 0x6C, 0x13,
    0x01, 0x0D, 0x0D, 0xBC, 0x01, 0x1C, 0xC6, 0x75, 0x70, 0x3D, 0x57, 0x64, 0x8C, 0x6E, 0xAE, 0x5A,
    0xC4, 0xE8, 0x2E, 0x14, 0x7B, 0x09, 0x79, 0x28, 0xD7, 0xA8, 0x42, 0x8C, 0x62, 0x1D, 0x5F, 0xA1,
    0x6A, 0x91, 0xB0, 0x47, 0x26, 0xE4, 0xDB, 0x19, 0x94, 0xC3, 0x48, 0xD9, 0xCD, 0xA0, 0xE9, 0x91,
    0x7A, 0x8C, 0xFB, 0x71, 0x98, 0x21, 0xF1, 0x52, 0x0F, 0xA7, 0xA8, 0xC8, 0xFA, 0xE9, 0x82, 0x35,
    0xF0, 0x0A, 0x8F, 0x66, 0x78, 0x2B, 0x1F, 0x22, 0x20, 0xEF, 0x63, 0xE2, 0x98, 0xEA, 0x98, 0x5C,
    0x80, 0xA2, 0x0F, 0xA0, 0xAC, 0x76, 0xB1, 0x09, 0x9C, 0xE6, 0x9E, 0xF2, 0xC2, 0xEB, 0x98, 0x8A,
    0x98, 0xF2, 0x98, 0xD2, 0x98, 0x10, 0x70, 0x30, 0x9F, 0x41, 0x71, 0x10, 0x68, 0x54, 0x47, 0xBB,
    0xE8, 0x9A, 0x35, 0xC9, 0x9D, 0x6A, 0x2B, 0x2B, 0xB5, 0x5A, 0x80, 0xE2, 0x0E, 0xAA, 0xC5, 0x03,
    0xE6, 0x00, 0x8E, 0x4C, 0x03, 0xA0, 0x32, 0x95, 0xD1, 0x68, 0xA0, 0x6D, 0x63, 0x28, 0x99, 0x36,
    0xA0, 0x70, 0x5C, 0xF6, 0x68, 0xAE, 0x78, 0xC5, 0x9A, 0x71, 0xD9, 0xD3, 0xDB, 0x9B, 0xDB, 0x3B,
    0x93, 0xF2, 0x2B, 0x3D, 0x52, 0x2E, 0x19, 0x25, 0x58, 0x3A, 0x4C, 0x68, 0x1A, 0x0B, 0x10, 0x5A,
    0x72, 0x80, 0xAE, 0x81, 0xDC, 0xA1, 0x10, 0xC7, 0xF2, 0xFD, 0x6E, 0x72, 0xE2, 0x14, 0x9D, 0x96,
    0x50, 0x63, 0x2C, 0x5C, 0x49, 0x97, 0x7F, 0x77, 0x18, 0x1D, 0x49, 0x3C, 0x79, 0xF9, 0x1C, 0x59,
    0x30, 0x90, 0x23, 0x93, 0x71, 0x92, 0xA7, 0xC8, 0x77, 0xC0, 0x59, 0x37, 0x05, 0xE9, 0x63, 0x1F,
    0x34, 0xF4, 0x91, 0xE8, 0x0C, 0xE9, 0x90, 0x20, 0x21, 0x6B, 0x29, 0x58, 0x14, 0xB2, 0xE3, 0xB1,
    0x08, 0x4D, 0x2E, 0x72, 0xAF, 0x76, 0xA2, 0xC9, 0x89, 0x2F, 0x93, 0xDF, 0x0C, 0xC8, 0xB9, 0x8D,
    0xD2, 0x5B, 0xC1, 0xE7, 0x71, 0x50, 0x3F, 0x29, 0xCA, 0x9A, 0x7A, 0x7F, 0x46, 0x79, 0x11, 0xD9,
    0x47, 0x8F, 0xFF, 0x1A, 0x8C, 0xF6, 0xD8, 0x35, 0xBB, 0xC5, 0xB7, 0x66, 0xFD, 0x3F, 0x83, 0x48,
    0x6A, 0xC1, 0x02, 0x87, 0x01, 0x20, 0x5D, 0x4A, 0x6E, 0x15, 0xBF, 0xB4, 0xE5, 0xC6, 0xD6, 0x7A,
    0x65, 0xA1, 0x57, 0x9F, 0x5E, 0xE8, 0x73, 0x0E, 0x7A, 0xC5, 0xA0, 0x57, 0xD7, 0x43, 0x79, 0xB9,
    0xEC, 0x15, 0xDF, 0xF7, 0xB9, 0x9C, 0x4B, 0x48, 0x87, 0x8A, 0x40, 0x6A, 0x81, 0xE4, 0x2F, 0x53,
    0x20, 0x6D, 0xA5, 0xDF, 0x70, 0x7F, 0xAB, 0x65, 0x2F, 0x37, 0x2B, 0xB3, 0xEF, 0x27, 0x9C, 0x47,
    0xF6, 0xCF, 0xE5, 0xA5, 0x85, 0xE2, 0xE7, 0xFB, 0x5B, 0x5D, 0xD1, 0x20, 0xF5, 0x63, 0x8F, 0xA3,
    0xF9, 0x5C, 0x93, 0x12, 0x47, 0x4D, 0x8B, 0xC5, 0x9D, 0xA8, 0x85, 0x92, 0x66, 0x4E, 0xB1, 0x4E,
    0x07, 0x24, 0x01, 0xA0, 0x81, 0x96, 0x1E, 0x2D, 0xD4, 0x16, 0x10, 0x87, 0x40, 0xE6, 0x23, 0x35,
    0xB2, 0x5F, 0x0E, 0x19, 0x31, 0xFA, 0x2E, 0x37, 0xF1, 0x37, 0xA5, 0xD6, 0x43, 0x1A, 0x00, 0x95,
    0x2F, 0xCD, 0xB1, 0x6F, 0x4C, 0x46, 0x22, 0x63, 0x2F, 0xB8, 0x38, 0x02, 0x40, 0xFD, 0xE1, 0x6C,
    0x8A, 0x54, 0xEA, 0x8A, 0x44, 0x49, 0x5A, 0xFD, 0x51, 0x5B, 0xFD, 0xA6, 0x74, 0xFA, 0xA4, 0x78,
    0xC8, 0x33, 0xC1, 0xDC, 0x13, 0x67, 0x51, 0x70, 0x10, 0x88, 0xA2, 0x63, 0x2D, 0x55, 0xBB, 0xA7,
    0xB2, 0x52, 0x33, 0x24, 0x41, 0xEE, 0xC6, 0x3B, 0xC1, 0x61, 0x4F, 0xE1, 0xF6, 0xFC, 0x06, 0x63,
    0x60, 0x7B, 0xC0, 0x60, 0xFF, 0x87, 0xE1, 0xBF, 0x2D, 0xE3, 0x1F, 0x3D, 0xE6, 0x3F, 0xB6, 0xCC,
    0x3F, 0x6C, 0xB8, 0x3F, 0xEC, 0xE0, 0xFF, 0xF8, 0x81, 0xFF, 0xF1, 0x05, 0xFE, 0xF7, 0x0D, 0xFC,
    0xFF, 0x18, 0xF8, 0x7F, 0x30, 0xC8, 0x7F, 0x68, 0xD8, 0xFF, 0xFF, 0x82, 0xF1, 0xFF, 0x0F, 0x0C,
    0xFF, 0x2F, 0x30, 0xB0, 0x30, 0x00, 0x00, 0x9D, 0x8F, 0x21, 0x6C, 0x15, 0x41, 0x14, 0x45, 0x4F,
    0x77, 0xA1, 0x3F, 0x61, 0xC5, 0x56, 0x50, 0x43, 0xC5, 0x37, 0xA8, 0x0A, 0xC6, 0x1B, 0xDE, 0x3A,
    0x04, 0x82, 0x8A, 0xD6, 0xA3, 0xF1, 0x9A, 0x59, 0x87, 0x40, 0x50, 0xAF, 0x90, 0x50, 0x83, 0x41,
    0x60, 0xE8, 0x4C, 0x82, 0x0F, 0xDF, 0x1B, 0x56, 0x20, 0x08, 0x86, 0x11, 0x2B, 0x16, 0x3A, 0xBB,
    0x97, 0xD9, 0xFC, 0x06, 0x1F, 0x32, 0xF7, 0xBC, 0xDC, 0xDC, 0x77, 0x93, 0xC9, 0xE3, 0x08, 0xAE,
    0x41, 0x91, 0x30, 0xD0, 0x4C, 0x84, 0xDC, 0x68, 0xD9, 0x4A, 0xD6, 0xCB, 0xE3, 0x3D, 0x56, 0xA6,
    0xC5, 0xC5, 0x29, 0xB7, 0x1A, 0x2B, 0x45, 0x80, 0xBB, 0x50, 0xE9, 0x86, 0x56, 0xC2, 0xDD, 0x08,
    0xFB, 0xA2, 0xCE, 0x3F, 0x53, 0xEF, 0xCD, 0xA2, 0xCF, 0xD6, 0x5B, 0x0A, 0x9D, 0x93, 0x30, 0x65,
    0x1E, 0x6B, 0x80, 0x3B, 0x00, 0x00, 0x11, 0xAA, 0x1D, 0xD4, 0x09, 0x9A, 0x11, 0xDA, 0x0C, 0x6E,
    0x06, 0xF3, 0x70, 0x6D, 0x1D, 0x79, 0x1B, 0xAB, 0xA9, 0xDD, 0xD5, 0x69, 0x93, 0x36, 0x43, 0x3D,
    0xB6, 0x52, 0xDE, 0x4A, 0xB3, 0x49, 0x3A, 0xBD, 0xBA, 0x7A, 0xE7, 0xA5, 0xBC, 0xE2, 0xFE, 0x84,
    0xEF, 0x4D, 0x72, 0xF1, 0x3F, 0xD9, 0x9F, 0x70, 0x71, 0x66, 0x1A, 0x57, 0xFD, 0x7C, 0xDB, 0x0E,
    0xD4, 0x13, 0x07, 0x33, 0x84, 0x55, 0x55, 0x66, 0x33, 0x52, 0x42, 0x53, 0xDA, 0x77, 0x4A, 0xF9,
    0x74, 0xFD, 0x7E, 0x2E, 0x3A, 0xBE, 0x38, 0x87, 0x97, 0x90, 0x39, 0x98, 0xA8, 0x13, 0x9B, 0x44,
    0x1B, 0xD9, 0x46, 0xAC, 0xC3, 0xC3, 0x0C, 0x99, 0x7A, 0xA4, 0x2E, 0xF1, 0x6E, 0xDD, 0xB8, 0x0E,
    0x83, 0xCF, 0x70, 0x0E, 0x8F, 0x08, 0x51, 0xE5, 0x95, 0x2A, 0x70, 0xEF, 0x3D, 0xB8, 0x05, 0xEC,
    0x96, 0x00, 0x08, 0x98, 0xA1, 0xCA, 0x84, 0x7A, 0xC2, 0xD7, 0x23, 0xF6, 0x3A, 0xE1, 0xBE, 0x0E,
    0xB4, 0xDF, 0x22, 0xAD, 0x22, 0x1B, 0xF5, 0xD4, 0x82, 0xEA, 0xB6, 0x0A, 0x50, 0x4D, 0x5C, 0xD3,
    0xEA, 0x89, 0xA2, 0xE9, 0x97, 0x06, 0x7B, 0xAA, 0x57, 0xC9, 0xAA, 0xB9, 0x4E, 0x56, 0xAB, 0x0C,
    0x49, 0xC9, 0xE9, 0x8D, 0x76, 0xCD, 0x52, 0xA9, 0xE7, 0x8C, 0xFB, 0x80, 0xBB, 0x04, 0x8D, 0x54,
    0x4A, 0xD4, 0xCB, 0xB0, 0x5E, 0x4C, 0x93, 0xF6, 0xB4, 0xC3, 0x2D, 0x3B, 0xD8, 0x46, 0x70, 0x05,
    0x5B, 0xE9, 0xC1, 0x77, 0x6C, 0x05, 0x26, 0xF0, 0x19, 0x9A, 0x01, 0x4E, 0xBA, 0x23, 0xFF, 0x7B,
    0x92, 0xC6, 0x8F, 0x6E, 0x00, 0x6C, 0xF8, 0x14, 0x34, 0xCE, 0x21, 0x71, 0xD8, 0x73, 0xD0, 0xD1,
    0xEC, 0x5E, 0x7C, 0xF8, 0x21, 0xE5, 0xA2, 0xE3, 0xE5, 0x9C, 0xCC, 0xDE, 0x07, 0xE5, 0x36, 0xF2,
    0x00, 0xE0, 0x39, 0x27, 0xE9, 0x50, 0x29, 0x2C, 0x9D, 0x06, 0x82, 0xBA, 0xE2, 0x4B, 0x52, 0xF2,
    0xA0, 0x69, 0x5F, 0x7E, 0x08, 0x76, 0x89, 0x2D, 0x65, 0x35, 0xE1, 0x72, 0x99, 0xC5, 0x97, 0xA4,
    0xE4, 0xFF, 0x3A, 0x7F, 0x01, 0x63, 0x64, 0x60, 0x6E, 0x40, 0x87, 0xD2, 0x0D, 0xFB, 0x1D, 0xFE,
    0x33, 0xEC, 0x61, 0x00, 0xCB, 0x1D, 0x60, 0xFE, 0xC0, 0xFC, 0x83, 0x79, 0x0F, 0x73, 0x2F, 0x18,
    0xF6, 0x48, 0xCF, 0x80, 0xC8, 0x31, 0x30, 0x48, 0x32, 0x48, 0xFF, 0x65, 0xFA, 0x3F, 0x97, 0xF9,
    0x01, 0x2F, 0x73, 0x03, 0x26, 0x5A, 0xAB, 0xDF, 0xFC, 0xF7, 0xBF, 0xF3, 0x9F, 0xFF, 0x4C, 0x1F,
    0x76, 0x30, 0xA0, 0x2A, 0x6E, 0xFB, 0xCB, 0xFC, 0xFF, 0x2D, 0xF3, 0x13, 0x9C, 0x8A, 0x05, 0x18,
    0x0C, 0x90, 0xA0, 0xD1, 0x03, 0xBB, 0x0F, 0x26, 0x26, 0x06, 0x05, 0x06, 0x0F, 0xAC, 0x1B, 0x34,
    0x18, 0x14, 0x18, 0x4C, 0x44, 0x4C, 0x7F, 0xD8, 0xFF, 0xB0, 0xB3, 0x30, 0x81, 0xC0, 0x0A, 0x6B,
    0x20, 0xCF, 0xC2, 0x82, 0xC1, 0x02, 0xA8, 0x8D, 0x85, 0x81, 0x81, 0x0F, 0x84, 0x78, 0xF9, 0x1F,
    0xF0, 0xEA, 0x5F, 0xE0, 0xFF, 0xCF, 0xA0, 0xFF, 0x8E, 0xE1, 0x1F, 0x1F, 0xC3, 0x5D, 0xA0, 0x08,
    0x9F, 0x00, 0x48, 0xB0, 0xFE, 0x02, 0xFF, 0x3F, 0x86, 0xFD, 0x7D, 0x0C, 0x7F, 0xF9, 0x18, 0x7C,
    0xB9, 0x18, 0x78, 0x19, 0x40, 0x08, 0x00, 0x7D, 0xC3, 0xB1, 0x0D, 0xC0, 0x20, 0x0C, 0x04, 0xC0,
    0x17, 0x0D, 0x52, 0x28, 0x3C, 0x82, 0x47, 0x4B, 0x4B, 0x97, 0x11, 0x60, 0x33, 0x3C, 0x42, 0x46,
    0xF8, 0x39, 0x28, 0xF8, 0x44, 0xA2, 0xE7, 0xA4, 0x03, 0x4A, 0x47, 0x75, 0x26, 0x3D, 0xCC, 0x2A,
    0xDD, 0x26, 0x60, 0x04, 0xDA, 0xB2, 0x77, 0x68, 0x37, 0x9E, 0xA3, 0x5E, 0x3D, 0xE9, 0x8E, 0x2C,
    0x0F, 0x9B, 0x7F, 0x7A, 0xB4, 0xE5, 0x31, 0xB4, 0x1B, 0xCF, 0x3F,
};

static const EpdGlyph lexenddeca_10_boldGlyphs[] = {
    { 0, 0, 0, 0, 0, 0, 0 }, // U+0000
    { 0, 0, 0, 0, 0, 0, 0 }, // U+0001
    { 0, 0, 0, 0, 0, 0, 0 }, // U+0002
    { 0, 0, 0, 0, 0, 0, 0 }, // U+0003
    { 0, 0, 0, 0, 0, 0, 0 }, // U+0004
    { 0, 0, 0, 0, 0, 0, 0 }, // U+0005
    { 0, 0, 0, 0, 0, 0, 0 }, // U+0006
    { 0, 0, 0, 0, 0, 0, 0 }, // U+0007
    { 0, 0, 0, 0, 0, 0, 0 }, // U+0008
    { 0, 0, 0, 0, 0, 0, 0 }, // U+0009
    { 0, 0, 0, 0, 0, 0, 0 }, // U+000A
    { 0, 0, 0, 0, 0, 0, 0 }, // U+000B
    { 0, 0, 0, 0, 0, 0, 0 }, // U+000C
    { 0, 0, 0, 0, 0, 0, 0 }, // U+000D
    { 0, 0, 0, 0, 0, 0, 0 }, // U+000E
    { 0, 0, 0, 0, 0, 0, 0 }, // U+000F
    { 0, 0, 0, 0, 0, 0, 0 }, // U+0010
    { 0, 0, 0, 0, 0, 0, 0 }, // U+0011
    { 0, 0, 0, 0, 0, 0, 0 }, // U+0012
    { 0, 0, 0, 0, 0, 0, 0 }, // U+0013
    { 0, 0, 0, 0, 0, 0, 0 }, // U+0014
    { 0, 0, 0, 0, 0, 0, 0 }, // U+0015
    { 0, 0, 0, 0, 0, 0, 0 }, // U+0016
    { 0, 0, 0, 0, 0, 0, 0 }, // U+0017
    { 0, 0, 0, 0, 0, 0, 0 }, // U+0018
    { 0, 0, 0, 0, 0, 0, 0 }, // U+0019
    { 0, 0, 0, 0, 0, 0, 0 }, // U+001A
    { 0, 0, 0, 0, 0, 0, 0 }, // U+001B
    { 0, 0, 0, 0, 0, 0, 0 }, // U+001C
    { 0, 0, 0, 0, 0, 0, 0 }, // U+001D
    { 0, 0, 0, 0, 0, 0, 0 }, // U+001E
    { 0, 0, 0, 0, 0, 0, 0 }, // U+001F
    { 0, 0, 107, 0, 0, 0, 0 }, // U+0020
    { 4, 16, 103, 1, 15, 16, 0 }, // !
    { 10, 6, 159, 0, 15, 15, 16 }, // "
    { 14, 15, 245, 1, 15, 53, 31 }, // #
    { 13, 19, 211, 0, 17, 62, 84 }, // $
    { 20, 16, 323, 0, 15, 80, 146 }, // %
    { 16, 16, 259, 1, 15, 64, 226 }, // &
    { 5, 6, 84, 0, 15, 8, 290 }, // '
    { 8, 19, 130, 0, 15, 38, 298 }, // (
    { 8, 19, 130, 0, 15, 38, 336 }, // )
    { 9, 9, 147, 0, 16, 21, 374 }, // *
    { 11, 11, 199, 1, 11, 31, 395 }, // +
    { 6, 8, 96, 0, 3, 12, 426 }, // ,
    { 8, 4, 149, 1, 8, 8, 438 }, // -
    { 5, 5, 86, 0, 4, 7, 446 }, // .
    { 13, 18, 198, 0, 15, 59, 453 }, // /
    { 14, 16, 225, 0, 15, 56, 512 }, // 0
    { 10, 15, 187, 1, 15, 38, 568 }, // 1
    { 12, 15, 183, 0, 15, 45, 606 }, // 2
    { 12, 16, 197, 0, 15, 48, 651 }, // 3
    { 14, 15, 221, 0, 15, 53, 699 }, // 4
    { 12, 16, 199, 0, 15, 48, 752 }, // 5
    { 12, 15, 193, 0, 15, 45, 800 }, // 6
    { 11, 15, 184, 0, 15, 42, 845 }, // 7
    { 12, 16, 200, 0, 15, 48, 887 }, // 8
    { 12, 15, 192, 0, 15, 45, 935 }, // 9
    { 5, 13, 86, 0, 12, 17, 980 }, // :
    { 6, 17, 97, 0, 12, 26, 997 }, // ;
    { 11, 12, 175, 0, 11, 33, 1023 }, // <
    { 11, 8, 208, 1, 10, 22, 1056 }, // =
    { 11, 12, 175, 0, 11, 33, 1078 }, // >
    { 11, 16, 179, 0, 15, 44, 1111 }, // ?
    { 20, 19, 322, 0, 15, 95, 1155 }, // @
    { 16, 15, 231, -1, 15, 60, 1250 }, // A
    { 13, 15, 234, 1, 15, 49, 1310 }, // B
    { 14, 16, 231, 0, 15, 56, 1359 }, // C
    { 15, 15, 257, 1, 15, 57, 1415 }, // D
    { 12, 15, 215, 1, 15, 45, 1472 }, // E
    { 11, 15, 206, 1, 15, 42, 1517 }, // F
    { 16, 16, 261, 0, 15, 64, 1559 }, // G
    { 14, 15, 260, 1, 15, 53, 1623 }, // H
    { 10, 15, 185, 1, 15, 38, 1676 }, // I
    { 13, 16, 222, 0, 15, 52, 1714 }, // J
    { 15, 15, 246, 1, 15, 57, 1766 }, // K
    { 11, 15, 203, 1, 15, 42, 1823 }, // L
    { 16, 15, 293, 1, 15, 60, 1865 }, // M
    { 14, 15, 269, 1, 15, 53, 1925 }, // N
    { 16, 16, 271, 0, 15, 64, 1978 }, // O
    { 12, 15, 221, 1, 15, 45, 2042 }, // P
    { 16, 18, 271, 0, 15, 72, 2087 }, // Q
    { 13, 15, 234, 1, 15, 49, 2159 }, // R
    { 13, 16, 211, 0, 15, 52, 2208 }, // S
    { 13, 15, 218, 0, 15, 49, 2260 }, // T
    { 14, 16, 255, 1, 15, 56, 2309 }, // U
    { 15, 15, 237, 0, 15, 57, 2365 }, // V
    { 21, 15, 331, 0, 15, 79, 2422 }, // W
    { 16, 15, 235, -1, 15, 60, 2501 }, // X
    { 16, 15, 230, -1, 15, 60, 2561 }, // Y
    { 13, 15, 228, 1, 15, 49, 2621 }, // Z
    { 7, 19, 140, 1, 15, 34, 2670 }, // [
    { 13, 18, 195, 0, 15, 59, 2704 }, // <backslash>
    { 8, 19, 140, 0, 15, 38, 2763 }, // ]
    { 13, 9, 197, 0, 16, 30, 2801 }, // ^
    { 14, 3, 229, 0, -1, 11, 2831 }, // _
    { 6, 5, 167, 2, 17, 8, 2842 }, // `
    { 13, 13, 220, 0, 12, 43, 2850 }, // a
    { 12, 17, 219, 1, 16, 51, 2893 }, // b
    { 12, 13, 182, 0, 12, 39, 2944 }, // c
    { 13, 17, 218, 0, 16, 56, 2983 }, // d
    { 12, 13, 195, 0, 12, 39, 3039 }, // e
    { 9, 16, 131, 0, 16, 36, 3078 }, // f
    { 13, 17, 223, 0, 12, 56, 3114 }, // g
    { 11, 16, 212, 1, 16, 44, 3170 }, // h
    { 5, 17, 106, 1, 17, 22, 3214 }, // i
    { 7, 22, 105, -1, 17, 39, 3236 }, // j
    { 13, 16, 209, 1, 16, 52, 3275 }, // k
    { 4, 16, 101, 1, 16, 16, 3327 }, // l
    { 18, 12, 321, 1, 12, 54, 3343 }, // m
    { 11, 12, 212, 1, 12, 33, 3397 }, // n
    { 13, 13, 214, 0, 12, 43, 3430 }, // o
    { 12, 17, 220, 1, 12, 51, 3473 }, // p
    { 13, 17, 219, 0, 12, 56, 3524 }, // q
    { 9, 12, 152, 1, 12, 27, 3580 }, // r
    { 10, 13, 165, 0, 12, 33, 3607 }, // s
    { 8, 14, 133, 0, 14, 28, 3640 }, // t
    { 11, 13, 214, 1, 12, 36, 3668 }, // u
    { 13, 12, 202, 0, 12, 39, 3704 }, // v
    { 18, 12, 278, 0, 12, 54, 3743 }, // w
    { 13, 12, 202, 0, 12, 39, 3797 }, // x
    { 13, 17, 207, 0, 12, 56, 3836 }, // y
    { 10, 12, 183, 1, 12, 30, 3892 }, // z
    { 9, 20, 142, 0, 15, 45, 3922 }, // {
    { 4, 21, 106, 1, 16, 21, 3967 }, // |
    { 9, 20, 142, 0, 15, 45, 3988 }, // }
    { 11, 5, 186, 0, 9, 14, 4033 }, // ~
    { 0, 0, 0, 0, 0, 0, 4047 }, // U+007F
    { 0, 0, 0, 0, 0, 0, 0 }, // U+0080
    { 0, 0, 0, 0, 0, 0, 0 }, // U+0081
    { 0, 0, 0, 0, 0, 0, 0 }, // U+0082
    { 0, 0, 0, 0, 0, 0, 0 }, // U+0083
    { 0, 0, 0, 0, 0, 0, 0 }, // U+0084
    { 0, 0, 0, 0, 0, 0, 0 }, // U+0085
    { 0, 0, 0, 0, 0, 0, 0 }, // U+0086
    { 0, 0, 0, 0, 0, 0, 0 }, // U+0087
    { 0, 0, 0, 0, 0, 0, 0 }, // U+0088
    { 0, 0, 0, 0, 0, 0, 0 }, // U+0089
    { 0, 0, 0, 0, 0, 0, 0 }, // U+008A
    { 0, 0, 0, 0, 0, 0, 0 }, // U+008B
    { 0, 0, 0, 0, 0, 0, 0 }, // U+008C
    { 0, 0, 0, 0, 0, 0, 0 }, // U+008D
    { 0, 0, 0, 0, 0, 0, 0 }, // U+008E
    { 0, 0, 0, 0, 0, 0, 0 }, // U+008F
    { 0, 0, 0, 0, 0, 0, 0 }, // U+0090
    { 0, 0, 0, 0, 0, 0, 0 }, // U+0091
    { 0, 0, 0, 0, 0, 0, 0 }, // U+0092
    { 0, 0, 0, 0, 0, 0, 0 }, // U+0093
    { 0, 0, 0, 0, 0, 0, 0 }, // U+0094
    { 0, 0, 0, 0, 0, 0, 0 }, // U+0095
    { 0, 0, 0, 0, 0, 0, 0 }, // U+0096
    { 0, 0, 0, 0, 0, 0, 0 }, // U+0097
    { 0, 0, 0, 0, 0, 0, 0 }, // U+0098
    { 0, 0, 0, 0, 0, 0, 0 }, // U+0099
    { 0, 0, 0, 0, 0, 0, 0 }, // U+009A
    { 0, 0, 0, 0, 0, 0, 0 }, // U+009B
    { 0, 0, 0, 0, 0, 0, 0 }, // U+009C
    { 0, 0, 0, 0, 0, 0, 0 }, // U+009D
    { 0, 0, 0, 0, 0, 0, 0 }, // U+009E
    { 0, 0, 0, 0, 0, 0, 0 }, // U+009F
    { 0, 0, 107, 0, 0, 0, 0 }, // U+00A0
    { 4, 16, 103, 1, 12, 16, 0 }, // U+00A1
    { 12, 15, 188, 0, 15, 45, 16 }, // U+00A2
    { 13, 16, 213, 0, 15, 52, 61 }, // U+00A3
    { 12, 11, 187, 0, 12, 33, 113 }, // U+00A4
    { 16, 15, 230, -1, 15, 60, 146 }, // U+00A5
    { 4, 21, 108, 1, 16, 21, 206 }, // U+00A6
    { 12, 18, 192, 0, 15, 54, 227 }, // U+00A7
    { 10, 4, 167, 0, 17, 10, 281 }, // U+00A8
    { 16, 16, 264, 0, 15, 64, 291 }, // U+00A9
    { 8, 8, 130, 0, 16, 16, 355 }, // U+00AA
    { 11, 11, 187, 0, 11, 31, 371 }, // U+00AB
    { 14, 7, 223, 0, 9, 25, 402 }, // U+00AC
    { 0, 0, 0, 0, 0, 0, 427 }, // U+00AD
    { 11, 12, 169, 0, 16, 33, 427 }, // U+00AE
    { 8, 3, 141, 1, 16, 6, 460 }, // U+00AF
    { 8, 7, 177, 2, 15, 14, 466 }, // U+00B0
    { 11, 13, 214, 1, 12, 36, 480 }, // U+00B1
    { 7, 8, 121, 0, 17, 14, 516 }, // U+00B2
    { 7, 9, 119, 0, 17, 16, 530 }, // U+00B3
    { 6, 5, 167, 2, 17, 8, 546 }, // U+00B4
    { 11, 16, 213, 1, 12, 44, 554 }, // U+00B5
    { 15, 15, 254, 0, 15, 57, 598 }, // U+00B6
    { 5, 5, 86, 0, 10, 7, 655 }, // U+00B7
    { 6, 7, 167, 2, 1, 11, 662 }, // U+00B8
    { 5, 9, 97, 0, 17, 12, 673 }, // U+00B9
    { 8, 7, 133, 0, 15, 14, 685 }, // U+00BA
    { 12, 11, 188, 0, 11, 33, 699 }, // U+00BB
    { 17, 17, 274, 0, 16, 73, 732 }, // U+00BC
    { 17, 16, 276, 0, 16, 68, 805 }, // U+00BD
    { 17, 16, 283, 0, 15, 68, 873 }, // U+00BE
    { 11, 16, 179, 0, 12, 44, 941 }, // U+00BF
    { 16, 20, 231, -1, 20, 80, 985 }, // U+00C0
    { 16, 20, 231, -1, 20, 80, 1065 }, // U+00C1
    { 16, 20, 231, -1, 20, 80, 1145 }, // U+00C2
    { 16, 19, 231, -1, 19, 76, 1225 }, // U+00C3
    { 16, 20, 231, -1, 20, 80, 1301 }, // U+00C4
    { 16, 20, 231, -1, 20, 80, 1381 }, // U+00C5
    { 23, 15, 358, -1, 15, 87, 1461 }, // U+00C6
    { 14, 21, 231, 0, 15, 74, 1548 }, // U+00C7
    { 12, 20, 215, 1, 20, 60, 1622 }, // U+00C8
    { 12, 20, 215, 1, 20, 60, 1682 }, // U+00C9
    { 12, 20, 215, 1, 20, 60, 1742 }, // U+00CA
    { 12, 20, 215, 1, 20, 60, 1802 }, // U+00CB
    { 10, 20, 185, 1, 20, 50, 1862 }, // U+00CC
    { 10, 20, 185, 1, 20, 50, 1912 }, // U+00CD
    { 10, 20, 185, 1, 20, 50, 1962 }, // U+00CE
    { 10, 20, 185, 1, 20, 50, 2012 }, // U+00CF
    { 16, 15, 257, 0, 15, 60, 2062 }, // U+00D0
    { 14, 19, 269, 1, 19, 67, 2122 }, // U+00D1
    { 16, 21, 271, 0, 20, 84, 2189 }, // U+00D2
    { 16, 21, 271, 0, 20, 84, 2273 }, // U+00D3
    { 16, 21, 271, 0, 20, 84, 2357 }, // U+00D4
    { 16, 20, 271, 0, 19, 80, 2441 }, // U+00D5
    { 16, 21, 271, 0, 20, 84, 2521 }, // U+00D6
    { 11, 10, 177, 0, 11, 28, 2605 }, // U+00D7
    { 16, 17, 269, 0, 16, 68, 2633 }, // U+00D8
    { 14, 21, 255, 1, 20, 74, 2701 }, // U+00D9
    { 14, 21, 255, 1, 20, 74, 2775 }, // U+00DA
    { 14, 21, 255, 1, 20, 74, 2849 }, // U+00DB
    { 14, 21, 255, 1, 20, 74, 2923 }, // U+00DC
    { 16, 20, 230, -1, 20, 80, 2997 }, // U+00DD
    { 12, 15, 221, 1, 15, 45, 3077 }, // U+00DE
    { 14, 17, 222, 0, 16, 60, 3122 }, // U+00DF
    { 13, 18, 220, 0, 17, 59, 3182 }, // U+00E0
    { 13, 18, 220, 0, 17, 59, 3241 }, // U+00E1
    { 13, 18, 220, 0, 17, 59, 3300 }, // U+00E2
    { 13, 17, 220, 0, 16, 56, 3359 }, // U+00E3
    { 13, 18, 220, 0, 17, 59, 3415 }, // U+00E4
    { 13, 19, 220, 0, 18, 62, 3474 }, // U+00E5
    { 19, 13, 300, 0, 12, 62, 3536 }, // U+00E6
    { 12, 18, 182, 0, 12, 54, 3598 }, // U+00E7
    { 12, 18, 195, 0, 17, 54, 3652 }, // U+00E8
    { 12, 18, 195, 0, 17, 54, 3706 }, // U+00E9
    { 12, 18, 195, 0, 17, 54, 3760 }, // U+00EA
    { 12, 18, 195, 0, 17, 54, 3814 }, // U+00EB
    { 7, 17, 96, -1, 17, 30, 3868 }, // U+00EC
    { 6, 17, 96, 0, 17, 26, 3898 }, // U+00ED
    { 8, 17, 96, -1, 17, 34, 3924 }, // U+00EE
    { 10, 17, 96, -2, 17, 43, 3958 }, // U+00EF
    { 12, 17, 199, 0, 16, 51, 4001 }, // U+00F0
    { 11, 16, 212, 1, 16, 44, 4052 }, // U+00F1
    { 13, 18, 214, 0, 17, 59, 4096 }, // U+00F2
    { 13, 18, 214, 0, 17, 59, 4155 }, // U+00F3
    { 13, 18, 214, 0, 17, 59, 4214 }, // U+00F4
    { 13, 17, 214, 0, 16, 56, 4273 }, // U+00F5
    { 13, 18, 214, 0, 17, 59, 4329 }, // U+00F6
    { 12, 13, 199, 0, 12, 39, 4388 }, // U+00F7
    { 13, 13, 214, 0, 12, 43, 4427 }, // U+00F8
    { 11, 18, 214, 1, 17, 50, 4470 }, // U+00F9
    { 11, 18, 214, 1, 17, 50, 4520 }, // U+00FA
    { 11, 18, 214, 1, 17, 50, 4570 }, // U+00FB
    { 11, 18, 214, 1, 17, 50, 4620 }, // U+00FC
    { 13, 22, 207, 0, 17, 72, 4670 }, // U+00FD
    { 12, 21, 220, 1, 16, 63, 4742 }, // U+00FE
    { 13, 22, 207, 0, 17, 72, 4805 }, // U+00FF
    { 16, 19, 231, -1, 19, 76, 0 }, // U+0100
    { 13, 17, 220, 0, 16, 56, 76 }, // U+0101
    { 16, 20, 231, -1, 20, 80, 132 }, // U+0102
    { 13, 17, 220, 0, 16, 56, 212 }, // U+0103
    { 16, 20, 231, -1, 15, 80, 268 }, // U+0104
    { 13, 17, 220, 0, 12, 56, 348 }, // U+0105
    { 14, 21, 231, 0, 20, 74, 404 }, // U+0106
    { 12, 18, 182, 0, 17, 54, 478 }, // U+0107
    { 14, 21, 231, 0, 20, 74, 532 }, // U+0108
    { 12, 18, 182, 0, 17, 54, 606 }, // U+0109
    { 14, 21, 231, 0, 20, 74, 660 }, // U+010A
    { 12, 18, 182, 0, 17, 54, 734 }, // U+010B
    { 14, 21, 231, 0, 20, 74, 788 }, // U+010C
    { 12, 18, 182, 0, 17, 54, 862 }, // U+010D
    { 15, 20, 257, 1, 20, 75, 916 }, // U+010E
    { 18, 17, 251, 0, 16, 77, 991 }, // U+010F
    { 16, 15, 257, 0, 15, 60, 1068 }, // U+0110
    { 14, 17, 218, 0, 16, 60, 1128 }, // U+0111
    { 12, 19, 215, 1, 19, 57, 1188 }, // U+0112
    { 12, 17, 195, 0, 16, 51, 1245 }, // U+0113
    { 12, 20, 215, 1, 20, 60, 1296 }, // U+0114
    { 12, 17, 195, 0, 16, 51, 1356 }, // U+0115
    { 12, 20, 215, 1, 20, 60, 1407 }, // U+0116
    { 12, 18, 195, 0, 17, 54, 1467 }, // U+0117
    { 12, 20, 215, 1, 15, 60, 1521 }, // U+0118
    { 12, 17, 195, 0, 12, 51, 1581 }, // U+0119
    { 12, 20, 215, 1, 20, 60, 1632 }, // U+011A
    { 12, 18, 195, 0, 17, 54, 1692 }, // U+011B
    { 16, 21, 261, 0, 20, 84, 1746 }, // U+011C
    { 13, 22, 223, 0, 17, 72, 1830 }, // U+011D
    { 16, 21, 261, 0, 20, 84, 1902 }, // U+011E
    { 13, 21, 223, 0, 16, 69, 1986 }, // U+011F
    { 16, 21, 261, 0, 20, 84, 2055 }, // U+0120
    { 13, 22, 223, 0, 17, 72, 2139 }, // U+0121
    { 16, 22, 261, 0, 15, 88, 2211 }, // U+0122
    { 13, 23, 223, 0, 18, 75, 2299 }, // U+0123
    { 14, 20, 260, 1, 20, 70, 2374 }, // U+0124
    { 11, 21, 212, 1, 21, 58, 2444 }, // U+0125
    { 17, 15, 273, 0, 15, 64, 2502 }, // U+0126
    { 12, 16, 212, 0, 16, 48, 2566 }, // U+0127
    { 10, 19, 185, 1, 19, 48, 2614 }, // U+0128
    { 8, 16, 96, -1, 16, 32, 2662 }, // U+0129
    { 10, 19, 185, 1, 19, 48, 2694 }, // U+012A
    { 8, 16, 96, -1, 16, 32, 2742 }, // U+012B
    { 10, 20, 185, 1, 20, 50, 2774 }, // U+012C
    { 8, 16, 96, -1, 16, 32, 2824 }, // U+012D
    { 10, 20, 185, 1, 15, 50, 2856 }, // U+012E
    { 6, 22, 96, 0, 17, 33, 2906 }, // U+012F
    { 10, 20, 185, 1, 20, 50, 2939 }, // U+0130
    { 4, 12, 96, 1, 12, 12, 2989 }, // U+0131
    { 24, 16, 407, 1, 15, 96, 3001 }, // U+0132
    { 12, 22, 212, 1, 17, 66, 3097 }, // U+0133
    { 13, 21, 222, 0, 20, 69, 3163 }, // U+0134
    { 9, 22, 105, -1, 17, 50, 3232 }, // U+0135
    { 15, 22, 246, 1, 15, 83, 3282 }, // U+0136
    { 13, 23, 209, 1, 16, 75, 3365 }, // U+0137
    { 12, 12, 210, 1, 12, 36, 3440 }, // U+0138
    { 11, 20, 203, 1, 20, 55, 3476 }, // U+0139
    { 7, 21, 101, 0, 21, 37, 3531 }, // U+013A
    { 11, 22, 203, 1, 15, 61, 3568 }, // U+013B
    { 5, 23, 101, 1, 16, 29, 3629 }, // U+013C
    { 11, 15, 203, 1, 15, 42, 3658 }, // U+013D
    { 10, 16, 135, 1, 16, 40, 3700 }, // U+013E
    { 11, 15, 203, 1, 15, 42, 3740 }, // U+013F
    { 9, 16, 149, 1, 16, 36, 3782 }, // U+0140
    { 14, 15, 208, -1, 15, 53, 3818 }, // U+0141
    { 9, 16, 126, -1, 16, 36, 3871 }, // U+0142
    { 14, 20, 269, 1, 20, 70, 3907 }, // U+0143
    { 11, 17, 212, 1, 17, 47, 3977 }, // U+0144
    { 14, 22, 269, 1, 15, 77, 4024 }, // U+0145
    { 11, 19, 212, 1, 12, 53, 4101 }, // U+0146
    { 14, 20, 269, 1, 20, 70, 4154 }, // U+0147
    { 11, 17, 212, 1, 17, 47, 4224 }, // U+0148
    { 15, 15, 223, -2, 15, 57, 4271 }, // U+0149
    { 14, 20, 269, 1, 15, 70, 4328 }, // U+014A
    { 11, 17, 212, 1, 12, 47, 4398 }, // U+014B
    { 16, 20, 271, 0, 19, 80, 4445 }, // U+014C
    { 13, 17, 214, 0, 16, 56, 4525 }, // U+014D
    { 16, 21, 271, 0, 20, 84, 4581 }, // U+014E
    { 13, 17, 214, 0, 16, 56, 4665 }, // U+014F
    { 16, 22, 271, 0, 21, 88, 4721 }, // U+0150
    { 13, 18, 214, 0, 17, 59, 4809 }, // U+0151
    { 22, 15, 360, 0, 15, 83, 4868 }, // U+0152
    { 21, 13, 334, 0, 12, 69, 4951 }, // U+0153
    { 13, 20, 234, 1, 20, 65, 5020 }, // U+0154
    { 9, 17, 152, 1, 17, 39, 5085 }, // U+0155
    { 13, 22, 234, 1, 15, 72, 5124 }, // U+0156
    { 9, 19, 152, 1, 12, 43, 5196 }, // U+0157
    { 13, 20, 234, 1, 20, 65, 5239 }, // U+0158
    { 9, 17, 152, 1, 17, 39, 5304 }, // U+0159
    { 13, 21, 211, 0, 20, 69, 5343 }, // U+015A
    { 10, 18, 165, 0, 17, 45, 5412 }, // U+015B
    { 13, 21, 211, 0, 20, 69, 5457 }, // U+015C
    { 10, 18, 165, 0, 17, 45, 5526 }, // U+015D
    { 13, 21, 211, 0, 15, 69, 5571 }, // U+015E
    { 10, 18, 165, 0, 12, 45, 5640 }, // U+015F
    { 13, 21, 211, 0, 20, 69, 5685 }, // U+0160
    { 10, 18, 165, 0, 17, 45, 5754 }, // U+0161
    { 13, 21, 218, 0, 15, 69, 5799 }, // U+0162
    { 8, 20, 133, 0, 14, 40, 5868 }, // U+0163
    { 13, 20, 218, 0, 20, 65, 5908 }, // U+0164
    { 11, 18, 133, 0, 18, 50, 5973 }, // U+0165
    { 13, 15, 218, 0, 15, 49, 6023 }, // U+0166
    { 8, 14, 133, 0, 14, 28, 6072 }, // U+0167
    { 14, 20, 255, 1, 19, 70, 6100 }, // U+0168
    { 11, 17, 214, 1, 16, 47, 6170 }, // U+0169
    { 14, 20, 255, 1, 19, 70, 6217 }, // U+016A
    { 11, 17, 214, 1, 16, 47, 6287 }, // U+016B
    { 14, 21, 255, 1, 20, 74, 6334 }, // U+016C
    { 11, 17, 214, 1, 16, 47, 6408 }, // U+016D
    { 14, 21, 255, 1, 20, 74, 6455 }, // U+016E
    { 11, 19, 214, 1, 18, 53, 6529 }, // U+016F
    { 14, 22, 255, 1, 21, 77, 6582 }, // U+0170
    { 11, 18, 214, 1, 17, 50, 6659 }, // U+0171
    { 14, 20, 255, 1, 15, 70, 6709 }, // U+0172
    { 11, 17, 214, 1, 12, 47, 6779 }, // U+0173
    { 21, 20, 331, 0, 20, 105, 6826 }, // U+0174
    { 18, 17, 278, 0, 17, 77, 6931 }, // U+0175
    { 16, 20, 230, -1, 20, 80, 7008 }, // U+0176
    { 13, 22, 207, 0, 17, 72, 7088 }, // U+0177
    { 16, 20, 230, -1, 20, 80, 7160 }, // U+0178
    { 13, 20, 228, 1, 20, 65, 7240 }, // U+0179
    { 10, 17, 183, 1, 17, 43, 7305 }, // U+017A
    { 13, 20, 228, 1, 20, 65, 7348 }, // U+017B
    { 10, 17, 183, 1, 17, 43, 7413 }, // U+017C
    { 13, 20, 228, 1, 20, 65, 7456 }, // U+017D
    { 10, 17, 183, 1, 17, 43, 7521 }, // U+017E
    { 16, 19, 271, 0, 18, 76, 0 }, // U+01A0
    { 14, 15, 214, 0, 14, 53, 76 }, // U+01A1
    { 16, 19, 255, 1, 18, 76, 129 }, // U+01AF
    { 13, 15, 214, 1, 14, 49, 205 }, // U+01B0
    { 28, 20, 470, 1, 20, 140, 254 }, // U+01C4
    { 26, 17, 440, 1, 17, 111, 394 }, // U+01C5
    { 25, 18, 401, 0, 17, 113, 505 }, // U+01C6
    { 25, 16, 425, 1, 15, 100, 618 }, // U+01C7
    { 18, 22, 308, 1, 17, 99, 718 }, // U+01C8
    { 11, 22, 202, 1, 17, 61, 817 }, // U+01C9
    { 29, 16, 491, 1, 15, 116, 878 }, // U+01CA
    { 22, 22, 374, 1, 17, 121, 994 }, // U+01CB
    { 18, 22, 317, 1, 17, 99, 1115 }, // U+01CC
    { 16, 20, 231, -1, 20, 80, 1214 }, // U+01CD
    { 13, 18, 220, 0, 17, 59, 1294 }, // U+01CE
    { 10, 20, 185, 1, 20, 50, 1353 }, // U+01CF
    { 8, 17, 96, -1, 17, 34, 1403 }, // U+01D0
    { 16, 21, 271, 0, 20, 84, 1437 }, // U+01D1
    { 13, 18, 214, 0, 17, 59, 1521 }, // U+01D2
    { 14, 21, 255, 1, 20, 74, 1580 }, // U+01D3
    { 11, 18, 214, 1, 17, 50, 1654 }, // U+01D4
    { 16, 21, 261, 0, 20, 84, 1704 }, // U+01E6
    { 13, 22, 223, 0, 17, 72, 1788 }, // U+01E7
    { 16, 20, 271, 0, 15, 80, 1860 }, // U+01EA
    { 13, 17, 214, 0, 12, 56, 1940 }, // U+01EB
    { 28, 15, 470, 1, 15, 105, 1996 }, // U+01F1
    { 26, 15, 440, 1, 15, 98, 2101 }, // U+01F2
    { 16, 24, 231, -1, 24, 96, 2199 }, // U+01FA
    { 13, 24, 220, 0, 23, 78, 2295 }, // U+01FB
    { 23, 20, 358, -1, 20, 115, 2373 }, // U+01FC
    { 19, 18, 300, 0, 17, 86, 2488 }, // U+01FD
    { 16, 21, 269, 0, 20, 84, 2574 }, // U+01FE
    { 13, 18, 214, 0, 17, 59, 2658 }, // U+01FF
    { 16, 20, 231, -1, 20, 80, 2717 }, // U+0200
    { 13, 18, 220, 0, 17, 59, 2797 }, // U+0201
    { 16, 20, 231, -1, 20, 80, 2856 }, // U+0202
    { 13, 18, 220, 0, 17, 59, 2936 }, // U+0203
    { 12, 20, 215, 1, 20, 60, 2995 }, // U+0204
    { 12, 18, 195, 0, 17, 54, 3055 }, // U+0205
    { 12, 20, 215, 1, 20, 60, 3109 }, // U+0206
    { 12, 18, 195, 0, 17, 54, 3169 }, // U+0207
    { 11, 20, 185, 0, 20, 55, 3223 }, // U+0208
    { 10, 17, 96, -3, 17, 43, 3278 }, // U+0209
    { 10, 20, 185, 1, 20, 50, 3321 }, // U+020A
    { 8, 17, 96, -1, 17, 34, 3371 }, // U+020B
    { 16, 21, 271, 0, 20, 84, 3405 }, // U+020C
    { 13, 18, 214, 0, 17, 59, 3489 }, // U+020D
    { 16, 21, 271, 0, 20, 84, 3548 }, // U+020E
    { 13, 18, 214, 0, 17, 59, 3632 }, // U+020F
    { 13, 20, 234, 1, 20, 65, 3691 }, // U+0210
    { 11, 17, 152, -1, 17, 47, 3756 }, // U+0211
    { 13, 20, 234, 1, 20, 65, 3803 }, // U+0212
    { 9, 17, 152, 1, 17, 39, 3868 }, // U+0213
    { 14, 21, 255, 1, 20, 74, 3907 }, // U+0214
    { 12, 18, 214, 0, 17, 54, 3981 }, // U+0215
    { 14, 21, 255, 1, 20, 74, 4035 }, // U+0216
    { 11, 18, 214, 1, 17, 50, 4109 }, // U+0217
    { 13, 22, 211, 0, 15, 72, 4159 }, // U+0218
    { 10, 19, 165, 0, 12, 48, 4231 }, // U+0219
    { 13, 22, 218, 0, 15, 72, 4279 }, // U+021A
    { 8, 21, 133, 0, 14, 42, 4351 }, // U+021B
    { 6, 5, 0, 2, 17, 8, 0 }, // U+0300
    { 6, 5, 0, 2, 17, 8, 8 }, // U+0301
    { 9, 5, 0, 1, 17, 12, 16 }, // U+0302
    { 8, 4, 0, 1, 16, 8, 28 }, // U+0303
    { 8, 3, 0, 1, 16, 6, 36 }, // U+0304
    { 8, 4, 0, 1, 16, 8, 42 }, // U+0306
    { 5, 4, 0, 3, 17, 5, 50 }, // U+0307
    { 10, 4, 0, 0, 17, 10, 55 }, // U+0308
    { 6, 6, 0, 2, 18, 9, 65 }, // U+0309
    { 6, 6, 0, 2, 18, 9, 74 }, // U+030A
    { 10, 5, 0, 0, 17, 13, 83 }, // U+030B
    { 9, 5, 0, 1, 17, 12, 96 }, // U+030C
    { 10, 5, 0, 0, 17, 13, 108 }, // U+030F
    { 8, 5, 0, 1, 17, 10, 121 }, // U+0311
    { 5, 6, 0, 3, 18, 8, 131 }, // U+0312
    { 6, 5, 0, 2, 14, 8, 139 }, // U+031B
    { 5, 4, 0, 3, -1, 5, 147 }, // U+0323
    { 10, 4, 0, 0, -1, 10, 152 }, // U+0324
    { 5, 7, 0, 3, 0, 9, 162 }, // U+0326
    { 6, 7, 0, 2, 1, 11, 171 }, // U+0327
    { 6, 6, 0, 2, 1, 9, 182 }, // U+0328
    { 8, 4, 0, 1, -1, 8, 191 }, // U+032E
    { 7, 4, 0, 2, -1, 7, 199 }, // U+0331
    { 8, 4, 0, 1, 8, 8, 206 }, // U+0335
    { 0, 0, 0, 0, 0, 0, 214 }, // U+034F
    { 15, 15, 232, 0, 15, 57, 0 }, // U+03BB
    { 15, 14, 229, 0, 14, 53, 0 }, // U+0410
    { 13, 14, 206, 0, 14, 46, 53 }, // U+0411
    { 13, 14, 213, 0, 14, 46, 99 }, // U+0412
    { 12, 14, 189, 0, 14, 42, 145 }, // U+0413
    { 15, 18, 247, 0, 14, 68, 187 }, // U+0414
    { 16, 14, 250, 0, 14, 56, 255 }, // U+0418
    { 15, 14, 248, 0, 14, 53, 311 }, // U+041B
    { 16, 14, 256, 0, 14, 56, 364 }, // U+041D
    { 16, 14, 252, 0, 14, 56, 420 }, // U+041E
    { 16, 14, 255, 0, 14, 56, 476 }, // U+041F
    { 13, 14, 204, 0, 14, 46, 532 }, // U+0420
    { 13, 14, 212, 0, 14, 46, 578 }, // U+0421
    { 13, 14, 203, 0, 14, 46, 624 }, // U+0422
    { 16, 14, 243, 0, 14, 56, 670 }, // U+0423
    { 14, 14, 224, 0, 14, 49, 726 }, // U+0425
    { 14, 14, 232, 0, 14, 49, 775 }, // U+0427
    { 19, 14, 305, 0, 14, 67, 824 }, // U+042B
    { 13, 14, 206, 0, 14, 46, 891 }, // U+042C
    { 21, 14, 338, 0, 14, 74, 937 }, // U+042E
    { 15, 14, 235, 0, 14, 53, 1011 }, // U+042F
    { 12, 11, 184, 0, 11, 33, 1064 }, // U+0430
    { 12, 15, 187, 0, 15, 45, 1097 }, // U+0431
    { 11, 10, 180, 0, 10, 28, 1142 }, // U+0432
    { 13, 13, 203, 0, 10, 43, 1170 }, // U+0434
    { 11, 11, 176, 0, 11, 31, 1213 }, // U+0435
    { 10, 11, 160, 0, 11, 28, 1244 }, // U+0437
    { 13, 11, 197, 0, 11, 36, 1272 }, // U+043A
    { 13, 10, 213, 0, 10, 33, 1308 }, // U+043D
    { 12, 11, 195, 0, 11, 33, 1341 }, // U+043E
    { 12, 16, 201, 0, 11, 48, 1374 }, // U+0440
    { 11, 10, 168, 0, 10, 28, 1422 }, // U+0442
    { 13, 13, 204, 0, 10, 43, 1450 }, // U+0446
    { 11, 10, 174, 0, 10, 28, 1493 }, // U+044C
    { 16, 10, 259, 0, 10, 40, 1521 }, // U+044E
    { 16, 20, 231, -1, 15, 80, 0 }, // U+1EA0
    { 13, 17, 220, 0, 12, 56, 80 }, // U+1EA1
    { 16, 21, 231, -1, 21, 84, 136 }, // U+1EA2
    { 13, 19, 220, 0, 18, 62, 220 }, // U+1EA3
    { 16, 23, 231, -1, 23, 92, 282 }, // U+1EA4
    { 14, 21, 220, 0, 20, 74, 374 }, // U+1EA5
    { 16, 23, 231, -1, 23, 92, 448 }, // U+1EA6
    { 13, 21, 220, 0, 20, 69, 540 }, // U+1EA7
    { 16, 23, 231, -1, 23, 92, 609 }, // U+1EA8
    { 14, 22, 220, 0, 21, 77, 701 }, // U+1EA9
    { 16, 23, 231, -1, 23, 92, 778 }, // U+1EAA
    { 13, 21, 220, 0, 20, 69, 870 }, // U+1EAB
    { 16, 25, 231, -1, 20, 100, 939 }, // U+1EAC
    { 13, 22, 220, 0, 17, 72, 1039 }, // U+1EAD
    { 16, 23, 231, -1, 23, 92, 1111 }, // U+1EAE
    { 13, 22, 220, 0, 21, 72, 1203 }, // U+1EAF
    { 16, 23, 231, -1, 23, 92, 1275 }, // U+1EB0
    { 13, 22, 220, 0, 21, 72, 1367 }, // U+1EB1
    { 16, 23, 231, -1, 23, 92, 1439 }, // U+1EB2
    { 13, 22, 220, 0, 21, 72, 1531 }, // U+1EB3
    { 16, 23, 231, -1, 23, 92, 1603 }, // U+1EB4
    { 13, 21, 220, 0, 20, 69, 1695 }, // U+1EB5
    { 16, 25, 231, -1, 20, 100, 1764 }, // U+1EB6
    { 13, 21, 220, 0, 16, 69, 1864 }, // U+1EB7
    { 12, 20, 215, 1, 15, 60, 1933 }, // U+1EB8
    { 12, 17, 195, 0, 12, 51, 1993 }, // U+1EB9
    { 12, 21, 215, 1, 21, 63, 2044 }, // U+1EBA
    { 12, 19, 195, 0, 18, 57, 2107 }, // U+1EBB
    { 12, 19, 215, 1, 19, 57, 2164 }, // U+1EBC
    { 12, 17, 195, 0, 16, 51, 2221 }, // U+1EBD
    { 13, 23, 215, 1, 23, 75, 2272 }, // U+1EBE
    { 14, 21, 195, 0, 20, 74, 2347 }, // U+1EBF
    { 12, 23, 215, 1, 23, 69, 2421 }, // U+1EC0
    { 12, 21, 195, 0, 20, 63, 2490 }, // U+1EC1
    { 13, 23, 215, 1, 23, 75, 2553 }, // U+1EC2
    { 13, 22, 195, 0, 21, 72, 2628 }, // U+1EC3
    { 12, 23, 215, 1, 23, 69, 2700 }, // U+1EC4
    { 12, 21, 195, 0, 20, 63, 2769 }, // U+1EC5
    { 12, 25, 215, 1, 20, 75, 2832 }, // U+1EC6
    { 12, 22, 195, 0, 17, 66, 2907 }, // U+1EC7
    { 10, 21, 185, 1, 21, 53, 2973 }, // U+1EC8
    { 6, 18, 96, 0, 18, 27, 3026 }, // U+1EC9
    { 10, 20, 185, 1, 15, 50, 3053 }, // U+1ECA
    { 5, 22, 106, 1, 17, 28, 3103 }, // U+1ECB
    { 16, 20, 271, 0, 15, 80, 3131 }, // U+1ECC
    { 13, 17, 214, 0, 12, 56, 3211 }, // U+1ECD
    { 16, 22, 271, 0, 21, 88, 3267 }, // U+1ECE
    { 13, 19, 214, 0, 18, 62, 3355 }, // U+1ECF
    { 16, 24, 271, 0, 23, 96, 3417 }, // U+1ED0
    { 14, 21, 214, 0, 20, 74, 3513 }, // U+1ED1
    { 16, 24, 271, 0, 23, 96, 3587 }, // U+1ED2
    { 13, 21, 214, 0, 20, 69, 3683 }, // U+1ED3
    { 16, 24, 271, 0, 23, 96, 3752 }, // U+1ED4
    { 13, 22, 214, 0, 21, 72, 3848 }, // U+1ED5
    { 16, 24, 271, 0, 23, 96, 3920 }, // U+1ED6
    { 13, 21, 214, 0, 20, 69, 4016 }, // U+1ED7
    { 16, 25, 271, 0, 20, 100, 4085 }, // U+1ED8
    { 13, 22, 214, 0, 17, 72, 4185 }, // U+1ED9
    { 16, 21, 271, 0, 20, 84, 4257 }, // U+1EDA
    { 14, 18, 214, 0, 17, 63, 4341 }, // U+1EDB
    { 16, 21, 271, 0, 20, 84, 4404 }, // U+1EDC
    { 14, 18, 214, 0, 17, 63, 4488 }, // U+1EDD
    { 16, 22, 271, 0, 21, 88, 4551 }, // U+1EDE
    { 14, 19, 214, 0, 18, 67, 4639 }, // U+1EDF
    { 16, 20, 271, 0, 19, 80, 4706 }, // U+1EE0
    { 14, 17, 214, 0, 16, 60, 4786 }, // U+1EE1
    { 16, 23, 271, 0, 18, 92, 4846 }, // U+1EE2
    { 14, 19, 214, 0, 14, 67, 4938 }, // U+1EE3
    { 14, 20, 255, 1, 15, 70, 5005 }, // U+1EE4
    { 11, 17, 214, 1, 12, 47, 5075 }, // U+1EE5
    { 14, 22, 255, 1, 21, 77, 5122 }, // U+1EE6
    { 11, 19, 214, 1, 18, 53, 5199 }, // U+1EE7
    { 16, 21, 255, 1, 20, 84, 5252 }, // U+1EE8
    { 13, 18, 214, 1, 17, 59, 5336 }, // U+1EE9
    { 16, 21, 255, 1, 20, 84, 5395 }, // U+1EEA
    { 13, 18, 214, 1, 17, 59, 5479 }, // U+1EEB
    { 16, 22, 255, 1, 21, 88, 5538 }, // U+1EEC
    { 13, 19, 214, 1, 18, 62, 5626 }, // U+1EED
    { 16, 20, 255, 1, 19, 80, 5688 }, // U+1EEE
    { 13, 17, 214, 1, 16, 56, 5768 }, // U+1EEF
    { 16, 23, 255, 1, 18, 92, 5824 }, // U+1EF0
    { 13, 19, 214, 1, 14, 62, 5916 }, // U+1EF1
    { 16, 20, 230, -1, 20, 80, 5978 }, // U+1EF2
    { 13, 22, 207, 0, 17, 72, 6058 }, // U+1EF3
    { 16, 20, 230, -1, 15, 80, 6130 }, // U+1EF4
    { 13, 17, 207, 0, 12, 56, 6210 }, // U+1EF5
    { 16, 21, 230, -1, 21, 84, 6266 }, // U+1EF6
    { 13, 23, 207, 0, 18, 75, 6350 }, // U+1EF7
    { 16, 19, 230, -1, 19, 76, 6425 }, // U+1EF8
    { 13, 21, 207, 0, 16, 69, 6501 }, // U+1EF9
    { 0, 0, 183, 0, 0, 0, 0 }, // U+2007
    { 0, 0, 87, 0, 0, 0, 0 }, // U+2008
    { 0, 0, 68, 0, 0, 0, 0 }, // U+2009
    { 0, 0, 34, 0, 0, 0, 0 }, // U+200A
    { 0, 0, 0, 0, 0, 0, 0 }, // U+200B
    { 0, 0, 0, 0, 0, 0, 0 }, // U+200C
    { 0, 0, 0, 0, 0, 0, 0 }, // U+200D
    { 0, 0, 0, 0, 0, 0, 0 }, // U+200E
    { 0, 0, 0, 0, 0, 0, 0 }, // U+200F
    { 8, 4, 149, 1, 8, 8, 0 }, // U+2010
    { 11, 4, 194, 1, 8, 11, 8 }, // U+2012
    { 11, 4, 198, 1, 8, 11, 19 }, // U+2013
    { 18, 4, 311, 1, 8, 18, 30 }, // U+2014
    { 18, 4, 307, 1, 8, 18, 48 }, // U+2015
    { 6, 7, 92, 0, 16, 11, 66 }, // U+2018
    { 5, 8, 92, 0, 16, 10, 77 }, // U+2019
    { 6, 8, 96, 0, 3, 12, 87 }, // U+201A
    { 10, 7, 169, 0, 16, 18, 99 }, // U+201C
    { 10, 8, 168, 0, 16, 20, 117 }, // U+201D
    { 10, 8, 171, 0, 3, 20, 137 }, // U+201E
    { 9, 12, 147, 0, 16, 27, 157 }, // U+2020
    { 9, 13, 142, 0, 16, 30, 184 }, // U+2021
    { 7, 7, 115, 0, 11, 13, 214 }, // U+2022
    { 15, 5, 245, 0, 4, 19, 227 }, // U+2026
    { 0, 0, 0, 0, 0, 0, 246 }, // U+202A
    { 0, 0, 0, 0, 0, 0, 246 }, // U+202B
    { 0, 0, 0, 0, 0, 0, 246 }, // U+202C
    { 0, 0, 0, 0, 0, 0, 246 }, // U+202D
    { 0, 0, 0, 0, 0, 0, 246 }, // U+202E
    { 28, 16, 450, 0, 15, 112, 246 }, // U+2030
    { 10, 6, 165, 0, 15, 15, 358 }, // U+2033
    { 6, 11, 105, 0, 11, 17, 373 }, // U+2039
    { 7, 11, 105, 0, 11, 20, 390 }, // U+203A
    { 14, 15, 202, -1, 15, 53, 410 }, // U+2044
    { 0, 0, 0, 0, 0, 0, 463 }, // U+2060
    { 0, 0, 0, 0, 0, 0, 463 }, // U+2061
    { 0, 0, 0, 0, 0, 0, 463 }, // U+2062
    { 0, 0, 0, 0, 0, 0, 463 }, // U+2063
    { 0, 0, 0, 0, 0, 0, 463 }, // U+2064
    { 0, 0, 0, 0, 0, 0, 463 }, // U+2066
    { 0, 0, 0, 0, 0, 0, 463 }, // U+2067
    { 0, 0, 0, 0, 0, 0, 463 }, // U+2068
    { 0, 0, 0, 0, 0, 0, 463 }, // U+2069
    { 0, 0, 0, 0, 0, 0, 463 }, // U+206A
    { 0, 0, 0, 0, 0, 0, 463 }, // U+206B
    { 0, 0, 0, 0, 0, 0, 463 }, // U+206C
    { 0, 0, 0, 0, 0, 0, 463 }, // U+206D
    { 0, 0, 0, 0, 0, 0, 463 }, // U+206E
    { 0, 0, 0, 0, 0, 0, 463 }, // U+206F
    { 8, 9, 137, 0, 17, 18, 0 }, // U+2070
    { 8, 9, 136, 0, 17, 18, 18 }, // U+2074
    { 7, 9, 123, 0, 17, 16, 36 }, // U+2075
    { 8, 9, 126, 0, 17, 18, 52 }, // U+2076
    { 7, 8, 110, 0, 17, 14, 70 }, // U+2077
    { 8, 9, 128, 0, 17, 18, 84 }, // U+2078
    { 7, 9, 122, 0, 17, 16, 102 }, // U+2079
    { 8, 9, 137, 0, 4, 18, 118 }, // U+2080
    { 5, 9, 97, 0, 4, 12, 136 }, // U+2081
    { 7, 8, 121, 0, 4, 14, 148 }, // U+2082
    { 7, 9, 119, 0, 4, 16, 162 }, // U+2083
    { 8, 9, 136, 0, 4, 18, 178 }, // U+2084
    { 7, 9, 123, 0, 4, 16, 196 }, // U+2085
    { 8, 9, 126, 0, 4, 18, 212 }, // U+2086
    { 7, 8, 110, 0, 4, 14, 230 }, // U+2087
    { 8, 9, 128, 0, 4, 18, 244 }, // U+2088
    { 7, 9, 122, 0, 4, 16, 262 }, // U+2089
    { 14, 20, 231, 0, 17, 70, 0 }, // U+20A1
    { 12, 15, 206, 0, 15, 45, 70 }, // U+20A3
    { 13, 16, 212, 0, 15, 52, 115 }, // U+20A4
    { 18, 15, 285, 0, 15, 68, 167 }, // U+20A6
    { 15, 15, 261, 1, 15, 57, 235 }, // U+20A7
    { 21, 15, 336, 0, 15, 79, 292 }, // U+20A9
    { 11, 16, 182, 0, 15, 44, 371 }, // U+20AB
    { 14, 16, 226, 0, 15, 56, 415 }, // U+20AC
    { 16, 15, 255, 0, 15, 60, 471 }, // U+20AD
    { 15, 15, 260, 1, 15, 57, 531 }, // U+20B1
    { 16, 20, 261, 0, 17, 80, 588 }, // U+20B2
    { 14, 19, 231, 0, 17, 67, 668 }, // U+20B5
    { 12, 16, 201, 0, 15, 48, 735 }, // U+20B9
    { 13, 16, 208, 0, 15, 52, 783 }, // U+20BA
    { 14, 17, 258, 1, 17, 60, 835 }, // U+20BC
    { 13, 15, 236, 1, 15, 49, 895 }, // U+20BD
    { 12, 17, 190, 0, 16, 51, 0 }, // U+2113
    { 12, 17, 203, 0, 16, 51, 0 }, // U+2202
    { 13, 13, 214, 0, 12, 43, 51 }, // U+2205
    { 16, 16, 237, -1, 16, 64, 94 }, // U+2206
    { 15, 20, 247, 0, 15, 75, 158 }, // U+220F
    { 11, 16, 174, 0, 15, 44, 233 }, // U+2211
    { 12, 4, 193, 0, 8, 12, 277 }, // U+2212
    { 12, 19, 189, 0, 16, 57, 289 }, // U+2215
    { 6, 6, 115, 1, 9, 9, 346 }, // U+2219
    { 16, 19, 246, 0, 15, 76, 355 }, // U+221A
    { 19, 10, 302, 0, 10, 48, 431 }, // U+221E
    { 15, 19, 206, -1, 16, 72, 479 }, // U+222B
    { 11, 9, 203, 1, 10, 25, 551 }, // U+2248
    { 11, 12, 212, 1, 12, 33, 576 }, // U+2260
    { 11, 12, 209, 1, 12, 33, 609 }, // U+2264
    { 11, 12, 209, 1, 12, 33, 642 }, // U+2265
    { 5, 14, 103, 1, 14, 18, 0 }, // U+2669
    { 8, 14, 150, 1, 14, 28, 18 }, // U+266A
    { 12, 15, 214, 1, 14, 45, 46 }, // U+266B
    { 12, 15, 214, 1, 14, 45, 91 }, // U+266C
    { 7, 14, 116, 0, 13, 25, 136 }, // U+266D
    { 7, 14, 119, 0, 9, 25, 161 }, // U+266E
    { 10, 18, 184, 1, 13, 45, 186 }, // U+266F
    { 14, 17, 237, 0, 17, 60, 0 }, // U+FB01
    { 14, 16, 232, 0, 16, 56, 60 }, // U+FB02
};

static const EpdUnicodeInterval lexenddeca_10_boldIntervals[] = {
    { 0x0, 0x17E, 0x0 },
    { 0x1A0, 0x1A1, 0x17F },
    { 0x1AF, 0x1B0, 0x181 },
    { 0x1C4, 0x1D4, 0x183 },
    { 0x1E6, 0x1E7, 0x194 },
    { 0x1EA, 0x1EB, 0x196 },
    { 0x1F1, 0x1F2, 0x198 },
    { 0x1FA, 0x21B, 0x19A },
    { 0x300, 0x304, 0x1BC },
    { 0x306, 0x30C, 0x1C1 },
    { 0x30F, 0x30F, 0x1C8 },
    { 0x311, 0x312, 0x1C9 },
    { 0x31B, 0x31B, 0x1CB },
    { 0x323, 0x324, 0x1CC },
    { 0x326, 0x328, 0x1CE },
    { 0x32E, 0x32E, 0x1D1 },
    { 0x331, 0x331, 0x1D2 },
    { 0x335, 0x335, 0x1D3 },
    { 0x34F, 0x34F, 0x1D4 },
    { 0x3BB, 0x3BB, 0x1D5 },
    { 0x410, 0x414, 0x1D6 },
    { 0x418, 0x418, 0x1DB },
    { 0x41B, 0x41B, 0x1DC },
    { 0x41D, 0x423, 0x1DD },
    { 0x425, 0x425, 0x1E4 },
    { 0x427, 0x427, 0x1E5 },
    { 0x42B, 0x42C, 0x1E6 },
    { 0x42E, 0x432, 0x1E8 },
    { 0x434, 0x435, 0x1ED },
    { 0x437, 0x437, 0x1EF },
    { 0x43A, 0x43A, 0x1F0 },
    { 0x43D, 0x43E, 0x1F1 },
    { 0x440, 0x440, 0x1F3 },
    { 0x442, 0x442, 0x1F4 },
    { 0x446, 0x446, 0x1F5 },
    { 0x44C, 0x44C, 0x1F6 },
    { 0x44E, 0x44E, 0x1F7 },
    { 0x1EA0, 0x1EF9, 0x1F8 },
    { 0x2007, 0x2010, 0x252 },
    { 0x2012, 0x2015, 0x25C },
    { 0x2018, 0x201A, 0x260 },
    { 0x201C, 0x201E, 0x263 },
    { 0x2020, 0x2022, 0x266 },
    { 0x2026, 0x2026, 0x269 },
    { 0x202A, 0x202E, 0x26A },
    { 0x2030, 0x2030, 0x26F },
    { 0x2033, 0x2033, 0x270 },
    { 0x2039, 0x203A, 0x271 },
    { 0x2044, 0x2044, 0x273 },
    { 0x2060, 0x2064, 0x274 },
    { 0x2066, 0x2070, 0x279 },
    { 0x2074, 0x2079, 0x284 },
    { 0x2080, 0x2089, 0x28A },
    { 0x20A1, 0x20A1, 0x294 },
    { 0x20A3, 0x20A4, 0x295 },
    { 0x20A6, 0x20A7, 0x297 },
    { 0x20A9, 0x20A9, 0x299 },
    { 0x20AB, 0x20AD, 0x29A },
    { 0x20B1, 0x20B2, 0x29D },
    { 0x20B5, 0x20B5, 0x29F },
    { 0x20B9, 0x20BA, 0x2A0 },
    { 0x20BC, 0x20BD, 0x2A2 },
    { 0x2113, 0x2113, 0x2A4 },
    { 0x2202, 0x2202, 0x2A5 },
    { 0x2205, 0x2206, 0x2A6 },
    { 0x220F, 0x220F, 0x2A8 },
    { 0x2211, 0x2212, 0x2A9 },
    { 0x2215, 0x2215, 0x2AB },
    { 0x2219, 0x221A, 0x2AC },
    { 0x221E, 0x221E, 0x2AE },
    { 0x222B, 0x222B, 0x2AF },
    { 0x2248, 0x2248, 0x2B0 },
    { 0x2260, 0x2260, 0x2B1 },
    { 0x2264, 0x2265, 0x2B2 },
    { 0x2669, 0x266F, 0x2B4 },
    { 0xFB01, 0xFB02, 0x2BB },
};

static const EpdFontGroup lexenddeca_10_boldGroups[] = {
    { 0, 2157, 4513, 128, 0 },
    { 2157, 1920, 5305, 128, 128 },
    { 4077, 2439, 8471, 127, 256 },
    { 6516, 1676, 4805, 61, 383 },
    { 8192, 212, 262, 25, 444 },
    { 8404, 60, 60, 1, 469 },
    { 8464, 878, 1707, 34, 470 },
    { 9342, 1439, 7143, 90, 504 },
    { 10781, 326, 530, 49, 594 },
    { 11107, 157, 300, 17, 643 },
    { 11264, 591, 1042, 16, 660 },
    { 11855, 56, 51, 1, 676 },
    { 11911, 414, 713, 15, 677 },
    { 12325, 162, 256, 7, 692 },
    { 12487, 68, 132, 2, 699 },
};

static const uint16_t lexenddeca_10_boldKernLeftCodepoints[] = {
    0x0026, 0x0028, 0x002A, 0x002C, 0x002E, 0x002F, 0x0030, 0x0031, 0x0032, 0x0033, 0x0034, 0x0035,
    0x0036, 0x0037, 0x0038, 0x0039, 0x003C, 0x003E, 0x003F, 0x0040, 0x0041, 0x0042, 0x0043, 0x0044,
    0x0045, 0x0046, 0x0047, 0x0049, 0x004A, 0x004B, 0x004C, 0x004F, 0x0050, 0x0051, 0x0052, 0x0053,
    0x0054, 0x0055, 0x0056, 0x0057, 0x0058, 0x0059, 0x005A, 0x005B, 0x005C, 0x005F, 0x0061, 0x0062,
    0x0063, 0x0064, 0x0065, 0x0066, 0x0067, 0x0068, 0x0069, 0x006A, 0x006B, 0x006C, 0x006D, 0x006E,
    0x006F, 0x0070, 0x0071, 0x0072, 0x0073, 0x0074, 0x0075, 0x0076, 0x0077, 0x0078, 0x0079, 0x007A,
    0x007B, 0x007D, 0x00A1, 0x00A3, 0x00B7, 0x00BF, 0x00C0, 0x00C1, 0x00C2, 0x00C3, 0x00C4, 0x00C5,
    0x00C6, 0x00C8, 0x00C9, 0x00CA, 0x00CB, 0x00D0, 0x00D2, 0x00D3, 0x00D4, 0x00D5, 0x00D6, 0x00D8,
    0x00D9, 0x00DA, 0x00DB, 0x00DC, 0x00DD, 0x00DE, 0x00DF, 0x00E0, 0x00E1, 0x00E2, 0x00E3, 0x00E4,
    0x00E5, 0x00E7, 0x00E8, 0x00E9, 0x00EA, 0x00EB, 0x00EC, 0x00ED, 0x00EE, 0x00EF, 0x00F0, 0x00F1,
    0x00F2, 0x00F3, 0x00F4, 0x00F5, 0x00F6, 0x00F8, 0x00F9, 0x00FA, 0x00FB, 0x00FC, 0x00FD, 0x00FE,
    0x00FF, 0x0100, 0x0101, 0x0102, 0x0103, 0x0104, 0x0105, 0x0107, 0x0109, 0x010B, 0x010D, 0x010E,
    0x010F, 0x0110, 0x0111, 0x0112, 0x0113, 0x0114, 0x0115, 0x0116, 0x0117, 0x0118, 0x0119, 0x011A,
    0x011B, 0x011C, 0x011D, 0x011E, 0x011F, 0x0120, 0x0121, 0x0122, 0x0123, 0x0125, 0x0127, 0x0129,
    0x012B, 0x012D, 0x012F, 0x0131, 0x0132, 0x0133, 0x0134, 0x0135, 0x0136, 0x0137, 0x0138, 0x0139,
    0x013A, 0x013B, 0x013C, 0x013D, 0x013E, 0x013F, 0x0140, 0x0141, 0x0142, 0x0144, 0x0146, 0x0148,
    0x0149, 0x014B, 0x014C, 0x014D, 0x014E, 0x014F, 0x0150, 0x0151, 0x0152, 0x0153, 0x0154, 0x0155,
    0x0156, 0x0157, 0x0158, 0x0159, 0x015A, 0x015B, 0x015C, 0x015D, 0x015E, 0x015F, 0x0160, 0x0161,
    0x0162, 0x0163, 0x0164, 0x0165, 0x0166, 0x0167, 0x0168, 0x0169, 0x016A, 0x016B, 0x016C, 0x016D,
    0x016E, 0x016F, 0x0170, 0x0171, 0x0172, 0x0173, 0x0174, 0x0175, 0x0176, 0x0177, 0x0178, 0x0179,
    0x017A, 0x017B, 0x017C, 0x017D, 0x017E, 0x01A0, 0x01A1, 0x01AF, 0x01B0, 0x01C4, 0x01C5, 0x01C6,
    0x01C7, 0x01C8, 0x01C9, 0x01CA, 0x01CB, 0x01CC, 0x01CD, 0x01CE, 0x01D0, 0x01D1, 0x01D2, 0x01D3,
    0x01D4, 0x01E6, 0x01E7, 0x01EA, 0x01EB, 0x01F1, 0x01F2, 0x01FA, 0x01FB, 0x01FC, 0x01FE, 0x01FF,
    0x0200, 0x0201, 0x0202, 0x0203, 0x0204, 0x0205, 0x0206, 0x0207, 0x0209, 0x020B, 0x020C, 0x020D,
    0x020E, 0x020F, 0x0210, 0x0211, 0x0212, 0x0213, 0x0214, 0x0215, 0x0216, 0x0217, 0x0218, 0x0219,
    0x021A, 0x021B, 0x0410, 0x0413, 0x041E, 0x0420, 0x0422, 0x0423, 0x0425, 0x042C, 0x042E, 0x0434,
    0x043A, 0x043D, 0x043E, 0x0440, 0x0442, 0x0446, 0x044C, 0x044E, 0x1EA0, 0x1EA1, 0x1EA2, 0x1EA3,
    0x1EA4, 0x1EA5, 0x1EA6, 0x1EA7, 0x1EA8, 0x1EA9, 0x1EAA, 0x1EAB, 0x1EAC, 0x1EAD, 0x1EAE, 0x1EAF,
    0x1EB0, 0x1EB1, 0x1EB2, 0x1EB3, 0x1EB4, 0x1EB5, 0x1EB6, 0x1EB7, 0x1EB8, 0x1EB9, 0x1EBA, 0x1EBB,
    0x1EBC, 0x1EBD, 0x1EBE, 0x1EBF, 0x1EC0, 0x1EC1, 0x1EC2, 0x1EC3, 0x1EC4, 0x1EC5, 0x1EC6, 0x1EC7,
    0x1EC9, 0x1ECB, 0x1ECC, 0x1ECD, 0x1ECE, 0x1ECF, 0x1ED0, 0x1ED1, 0x1ED2, 0x1ED3, 0x1ED4, 0x1ED5,
    0x1ED6, 0x1ED7, 0x1ED8, 0x1ED9, 0x1EDA, 0x1EDB, 0x1EDC, 0x1EDD, 0x1EDE, 0x1EDF, 0x1EE0, 0x1EE1,
    0x1EE2, 0x1EE3, 0x1EE4, 0x1EE5, 0x1EE6, 0x1EE7, 0x1EE8, 0x1EE9, 0x1EEA, 0x1EEB, 0x1EEC, 0x1EED,
    0x1EEE, 0x1EEF, 0x1EF0, 0x1EF1, 0x1EF2, 0x1EF3, 0x1EF4, 0x1EF5, 0x1EF6, 0x1EF7, 0x1EF8, 0x1EF9,
    0x2018, 0x2019, 0x201C, 0x201D, 0x2022, 0x2206, 0x221E, 0x222B, 0xFB01, 0xFB02,
};

static const uint8_t lexenddeca_10_boldKernLeftClassIds[] = {
      1,   2,   3,   4,   5,   6,   7,   8,   9,  10,  11,  12,  13,  14,  15,  16,
     17,  18,  19,  20,  21,  22,  23,  24,  25,  26,  27,  28,  29,  30,  31,  24,
     32,  33,  34,  35,  36,  37,  38,  39,  40,  41,  42,  43,  44,  45,  46,  47,
     48,  49,  50,  51,  52,  53,  54,  55,  56,  57,  53,  53,  47,  47,  58,  59,
     60,  61,  62,  63,  64,  65,  66,  67,  68,  69,  70,  71,  72,  73,  21,  21,
     21,  21,  21,  21,  25,  25,  25,  25,  25,  24,  24,  24,  24,  24,  24,  24,
     37,  37,  37,  37,  41,  74,  75,  46,  46,  46,  46,  46,  46,  48,  50,  50,
     50,  50,  54,  54,  54,  54,  76,  53,  47,  47,  47,  47,  47,  47,  62,  62,
     62,  62,  66,  47,  66,  21,  46,  21,  46,  21,  46,  48,  48,  48,  48,  24,
     77,  24,  49,  25,  50,  25,  50,  25,  50,  25,  50,  25,  50,  27,  78,  27,
     78,  27,  78,  27,  78,  53,  53,  54,  54,  54,  54,  54,  29,  55,  29,  55,
     30,  56,  56,  31,  57,  31,  57,  31,  77,  31,  57,  31,  57,  53,  53,  53,
     53,  53,  24,  47,  24,  47,  24,  47,  25,  50,  79,  59,  79,  59,  79,  59,
     35,  60,  35,  60,  35,  60,  35,  60,  36,  61,  36,  61,  36,  61,  37,  62,
     37,  62,  37,  62,  37,  62,  37,  62,  37,  62,  39,  64,  41,  66,  41,  42,
     67,  42,  67,  42,  67,  24,  47,  37,  62,  42,  67,  67,  29,  55,  57,  29,
     55,  55,  21,  46,  54,  24,  47,  37,  62,  27,  78,  24,  47,  42,  67,  21,
     46,  25,  24,  47,  21,  46,  21,  46,  25,  50,  25,  50,  54,  54,  24,  47,
     24,  47,  79,  59,  79,  59,  37,  62,  37,  62,  35,  60,  36,  61,  80,  81,
     82,  83,  81,  84,  85,  86,  82,  87,  87,  87,  88,  88,  87,  87,  89,  88,
     21,  46,  21,  46,  21,  46,  21,  46,  21,  46,  21,  46,  21,  46,  21,  46,
     21,  46,  21,  46,  21,  46,  21,  46,  25,  50,  25,  50,  25,  50,  25,  50,
     25,  50,  25,  50,  25,  50,  25,  50,  54,  54,  24,  47,  24,  47,  24,  47,
     24,  47,  24,  47,  24,  47,  24,  47,  24,  47,  24,  47,  24,  47,  24,  47,
     24,  47,  37,  62,  37,  62,  37,  62,  37,  62,  37,  62,  37,  62,  37,  62,
     41,  66,  41,  66,  41,  66,  41,  66,  90,  91,  92,  93,  94,  95,  96,  97,
     54,  57,
};

static const uint16_t lexenddeca_10_boldKernRightCodepoints[] = {
    0x0021, 0x0026, 0x0029, 0x002A, 0x002C, 0x002D, 0x002E, 0x002F, 0x0030, 0x0031, 0x0032, 0x0034,
    0x0036, 0x0037, 0x0038, 0x0039, 0x003C, 0x003F, 0x0040, 0x0041, 0x0042, 0x0043, 0x0044, 0x0045,
    0x0046, 0x0047, 0x0048, 0x0049, 0x004A, 0x004B, 0x004C, 0x004D, 0x004E, 0x004F, 0x0050, 0x0051,
    0x0052, 0x0053, 0x0054, 0x0055, 0x0056, 0x0057, 0x0058, 0x0059, 0x005A, 0x005B, 0x005C, 0x005D,
    0x005F, 0x0061, 0x0062, 0x0063, 0x0064, 0x0065, 0x0066, 0x0067, 0x0068, 0x006A, 0x006B, 0x006C,
    0x006D, 0x006E, 0x006F, 0x0070, 0x0071, 0x0072, 0x0073, 0x0074, 0x0075, 0x0076, 0x0077, 0x0078,
    0x0079, 0x007A, 0x007B, 0x007D, 0x00A1, 0x00B7, 0x00BF, 0x00C0, 0x00C1, 0x00C2, 0x00C3, 0x00C4,
    0x00C5, 0x00C6, 0x00C7, 0x00C8, 0x00C9, 0x00CA, 0x00CB, 0x00D0, 0x00D1, 0x00D2, 0x00D3, 0x00D4,
    0x00D5, 0x00D6, 0x00D8, 0x00D9, 0x00DA, 0x00DB, 0x00DC, 0x00DD, 0x00DE, 0x00DF, 0x00E0, 0x00E1,
    0x00E2, 0x00E3, 0x00E4, 0x00E5, 0x00E7, 0x00E8, 0x00E9, 0x00EA, 0x00EB, 0x00F0, 0x00F1, 0x00F2,
    0x00F3, 0x00F4, 0x00F5, 0x00F6, 0x00F8, 0x00F9, 0x00FA, 0x00FB, 0x00FC, 0x00FD, 0x00FE, 0x00FF,
    0x0100, 0x0101, 0x0102, 0x0103, 0x0104, 0x0105, 0x0106, 0x0107, 0x0108, 0x0109, 0x010A, 0x010B,
    0x010C, 0x010D, 0x010E, 0x010F, 0x0110, 0x0111, 0x0112, 0x0113, 0x0114, 0x0115, 0x0116, 0x0117,
    0x0118, 0x0119, 0x011A, 0x011B, 0x011C, 0x011D, 0x011E, 0x011F, 0x0120, 0x0121, 0x0122, 0x0123,
    0x0124, 0x0125, 0x0127, 0x0134, 0x0135, 0x0136, 0x0137, 0x0138, 0x0139, 0x013A, 0x013B, 0x013C,
    0x013D, 0x013E, 0x013F, 0x0140, 0x0141, 0x0142, 0x0143, 0x0144, 0x0145, 0x0146, 0x0147, 0x0148,
    0x014A, 0x014B, 0x014C, 0x014D, 0x014E, 0x014F, 0x0150, 0x0151, 0x0152, 0x0153, 0x0154, 0x0155,
    0x0156, 0x0157, 0x0158, 0x0159, 0x015A, 0x015B, 0x015C, 0x015D, 0x015E, 0x015F, 0x0160, 0x0161,
    0x0162, 0x0163, 0x0164, 0x0165, 0x0166, 0x0167, 0x0168, 0x0169, 0x016A, 0x016B, 0x016C, 0x016D,
    0x016E, 0x016F, 0x0170, 0x0171, 0x0172, 0x0173, 0x0174, 0x0175, 0x0176, 0x0177, 0x0178, 0x0179,
    0x017A, 0x017B, 0x017C, 0x017D, 0x017E, 0x01A0, 0x01A1, 0x01AF, 0x01B0, 0x01C4, 0x01C5, 0x01C6,
    0x01C7, 0x01C8, 0x01C9, 0x01CA, 0x01CB, 0x01CC, 0x01CD, 0x01CE, 0x01D1, 0x01D2, 0x01D3, 0x01D4,
    0x01E6, 0x01E7, 0x01EA, 0x01EB, 0x01F1, 0x01F2, 0x01FA, 0x01FB, 0x01FC, 0x01FE, 0x01FF, 0x0200,
    0x0201, 0x0202, 0x0203, 0x0204, 0x0205, 0x0206, 0x0207, 0x020C, 0x020D, 0x020E, 0x020F, 0x0210,
    0x0211, 0x0212, 0x0213, 0x0214, 0x0215, 0x0216, 0x0217, 0x0218, 0x0219, 0x021A, 0x021B, 0x0410,
    0x0414, 0x041B, 0x041E, 0x0421, 0x0422, 0x0425, 0x0430, 0x0431, 0x0432, 0x0434, 0x0435, 0x0437,
    0x043A, 0x043D, 0x043E, 0x0440, 0x0442, 0x0446, 0x044C, 0x044E, 0x1EA0, 0x1EA1, 0x1EA2, 0x1EA3,
    0x1EA4, 0x1EA5, 0x1EA6, 0x1EA7, 0x1EA8, 0x1EA9, 0x1EAA, 0x1EAB, 0x1EAC, 0x1EAD, 0x1EAE, 0x1EAF,
    0x1EB0, 0x1EB1, 0x1EB2, 0x1EB3, 0x1EB4, 0x1EB5, 0x1EB6, 0x1EB7, 0x1EB8, 0x1EB9, 0x1EBA, 0x1EBB,
    0x1EBC, 0x1EBD, 0x1EBE, 0x1EBF, 0x1EC0, 0x1EC1, 0x1EC2, 0x1EC3, 0x1EC4, 0x1EC5, 0x1EC6, 0x1EC7,
    0x1ECC, 0x1ECD, 0x1ECE, 0x1ECF, 0x1ED0, 0x1ED1, 0x1ED2, 0x1ED3, 0x1ED4, 0x1ED5, 0x1ED6, 0x1ED7,
    0x1ED8, 0x1ED9, 0x1EDA, 0x1EDB, 0x1EDC, 0x1EDD, 0x1EDE, 0x1EDF, 0x1EE0, 0x1EE1, 0x1EE2, 0x1EE3,
    0x1EE4, 0x1EE5, 0x1EE6, 0x1EE7, 0x1EE8, 0x1EE9, 0x1EEA, 0x1EEB, 0x1EEC, 0x1EED, 0x1EEE, 0x1EEF,
    0x1EF0, 0x1EF1, 0x1EF2, 0x1EF3, 0x1EF4, 0x1EF5, 0x1EF6, 0x1EF7, 0x1EF8, 0x1EF9, 0x2013, 0x2014,
    0x2018, 0x2019, 0x201C, 0x201D, 0x2022, 0x2206, 0x222B, 0xFB01, 0xFB02,
};

static const uint8_t lexenddeca_10_boldKernRightClassIds[] = {
      1,   2,   3,   4,   5,   6,   7,   8,   9,  10,  11,  12,  13,  14,  15,  16,
     17,  18,  19,  20,  21,  22,  21,  21,  21,  22,  21,  23,  24,  21,  21,  21,
     21,  22,  21,  22,  21,  25,  26,  27,  28,  29,  30,  31,  32,  33,  34,  35,
     36,  37,  38,  37,  37,  37,  39,  40,  38,  41,  38,  38,  42,  42,  37,  43,
     37,  42,  44,  45,  46,  47,  48,  49,  50,  51,  33,  52,  53,  54,  55,  56,
     56,  56,  56,  56,  56,  57,  22,  21,  21,  21,  21,  21,  21,  22,  22,  22,
     22,  22,  22,  27,  27,  27,  27,  58,  21,  59,  37,  37,  37,  37,  37,  37,
     37,  37,  37,  37,  37,  60,  42,  37,  37,  37,  37,  37,  37,  46,  46,  46,
     46,  50,  61,  50,  56,  37,  56,  37,  56,  37,  22,  37,  22,  37,  22,  37,
     22,  37,  21,  37,  21,  37,  21,  37,  21,  37,  21,  37,  21,  37,  21,  37,
     22,  40,  22,  40,  22,  40,  22,  40,  21,  38,  38,  24,  41,  21,  38,  38,
     21,  38,  21,  38,  21,  38,  21,  38,  21,  38,  21,  42,  21,  42,  21,  42,
     21,  42,  22,  37,  22,  37,  22,  37,  22,  37,  21,  42,  21,  42,  21,  42,
     25,  44,  25,  44,  25,  44,  25,  44,  62,  45,  62,  45,  62,  45,  27,  46,
     27,  46,  27,  46,  27,  46,  27,  46,  27,  46,  63,  48,  58,  50,  58,  32,
     51,  32,  51,  32,  51,  22,  37,  27,  46,  21,  21,  37,  21,  21,  38,  21,
     21,  42,  56,  37,  22,  37,  27,  46,  22,  40,  22,  37,  21,  21,  56,  37,
     57,  22,  37,  56,  37,  56,  37,  21,  37,  21,  37,  22,  37,  22,  37,  21,
     42,  21,  42,  27,  46,  27,  46,  25,  44,  62,  45,  64,  64,  64,  65,  65,
     66,  67,  68,  69,  70,  71,  72,  70,  70,  70,  72,  73,  70,  70,  70,  70,
     56,  37,  56,  37,  56,  37,  56,  37,  56,  37,  56,  37,  56,  37,  56,  37,
     56,  37,  56,  37,  56,  37,  56,  37,  21,  37,  21,  37,  21,  37,  21,  37,
     21,  37,  21,  37,  21,  37,  21,  37,  22,  37,  22,  37,  22,  37,  22,  37,
     22,  37,  22,  37,  22,  37,  22,  37,  22,  37,  22,  37,  22,  37,  22,  37,
     27,  46,  27,  46,  27,  46,  27,  46,  27,  46,  27,  46,  27,  46,  58,  50,
     58,  50,  58,  50,  58,  50,  74,  75,  76,  77,  78,  79,  80,  81,  82,  39,
     39,
};

static const uint16_t lexenddeca_10_boldKernRowOffsets[] = {
        0,    12,    20,    24,    36,    48,    64,    66,    67,    69,    71,    74,    76,    77,    87,    88,
       90,    91,    94,    98,   100,   128,   142,   145,   164,   171,   192,   204,   205,   232,   254,   279,
      304,   324,   339,   342,   373,   381,   411,   431,   444,   471,   476,   489,   502,   506,   522,   542,
      554,   555,   569,   594,   605,   612,   614,   618,   630,   647,   655,   675,   683,   690,   698,   722,
      742,   757,   774,   781,   797,   810,   811,   814,   817,   820,   853,   876,   899,   903,   914,   928,
      930,   936,   938,   942,   949,   950,   951,   952,   953,   954,   959,   966,   971,   977,   978,   981,
      982,   983,
};

static const uint8_t lexenddeca_10_boldKernSparseCols[] = {
      2,  25,  27,  28,  30,  46,  47,  49,  57,  59,  61,  62,  21,  23,  36,  39,
     40,  42,  59,  60,  19,  46,  55,  59,  11,  21,  25,  27,  28,  30,  46,  47,
     49,  57,  61,  62,  11,  21,  25,  27,  28,  30,  46,  47,  49,  57,  61,  62,
      7,   8,   9,  10,  11,  12,  19,  21,  23,  36,  39,  43,  48,  55,  58,  59,
      7,  80,  16,  11,  51,   7,  80,  10,  13,  81,   7,  80,  80,   4,   6,   7,
      9,  10,  11,  12,  14,  16,  80,  80,   7,  80,   9,   9,  10,  13,  19,  23,
     55,  59,  27,  48,   3,   5,  21,  25,  26,  27,  28,  30,  33,  36,  38,  39,
     44,  45,  46,  47,  49,  57,  58,  59,  61,  62,  73,  74,  75,  76,  77,  78,
      2,   7,  25,  27,  28,  29,  30,  37,  39,  48,  57,  60,  61,  62,   2,  76,
     78,   2,   6,   7,  19,  22,  23,  25,  27,  28,  29,  30,  31,  33,  48,  51,
     55,  57,  61,  62,  23,  36,  39,  45,  46,  49,  59,   4,   6,  19,  21,  23,
     24,  25,  29,  36,  39,  41,  42,  43,  45,  46,  48,  50,  55,  56,  59,  61,
      7,  19,  22,  25,  27,  28,  30,  33,  55,  57,  61,  62,  21,   2,   4,   6,
      7,  19,  21,  23,  34,  36,  38,  39,  41,  42,  43,  45,  46,  47,  49,  50,
     51,  55,  58,  59,  75,  76,  77,  78,   5,  21,  23,  24,  26,  27,  28,  30,
     36,  41,  42,  43,  44,  45,  46,  47,  49,  57,  59,  62,  73,  74,   3,   5,
     21,  25,  26,  27,  28,  30,  33,  36,  44,  46,  47,  49,  50,  57,  59,  61,
     62,  73,  74,  75,  76,  77,  78,   4,   6,   7,  19,  23,  28,  29,  31,  33,
     36,  38,  39,  44,  45,  46,  47,  49,  55,  58,  59,  62,  75,  76,  77,  78,
      2,   6,   7,  19,  22,  23,  25,  27,  28,  29,  30,  31,  33,  35,  48,  51,
     55,  57,  61,  62,   5,  21,  23,  25,  26,  27,  30,  33,  36,  45,  57,  59,
     61,  73,  74,  29,  30,  57,   1,   4,   5,   6,   7,  19,  21,  23,  25,  27,
     28,  30,  36,  39,  41,  42,  43,  45,  46,  47,  48,  49,  50,  55,  56,  57,
     59,  61,  62,  73,  74,  19,  23,  24,  29,  30,  48,  55,  57,   1,   4,   6,
      7,  17,  18,  19,  21,  23,  24,  25,  32,  35,  36,  39,  41,  42,  43,  45,
     50,  51,  52,  53,  54,  55,  56,  59,  61,  74,  79,   1,   4,   6,   7,  19,
     21,  23,  24,  25,  32,  36,  39,  41,  42,  45,  51,  55,  59,  61,  74,  21,
     24,  26,  32,  36,  39,  45,  46,  47,  49,  51,  59,  74,   1,   4,   6,   7,
     19,  21,  23,  24,  25,  26,  32,  36,  39,  41,  42,  43,  45,  46,  47,  48,
     49,  50,  51,  55,  59,  61,  74,  21,  36,  45,  46,  59,   9,  10,  19,  23,
     25,  27,  28,  29,  30,  46,  47,  48,  49,  21,  25,  27,  28,  30,  33,  40,
     46,  57,  58,  59,  61,  62,  27,  46,  59,  60,  19,  21,  25,  26,  27,  28,
     30,  33,  45,  46,  47,  49,  55,  57,  61,  62,   2,   7,  25,  27,  28,  29,
     30,  31,  33,  38,  46,  47,  48,  49,  50,  51,  57,  58,  61,  62,  25,  27,
     28,  29,  30,  42,  49,  57,  61,  62,  76,  78,  45,  25,  27,  28,  29,  30,
     33,  39,  46,  47,  48,  49,  57,  61,  62,   2,   3,   7,  19,  25,  27,  28,
     29,  30,  31,  34,  36,  44,  46,  47,  50,  55,  57,  59,  61,  62,  75,  76,
     77,  78,   4,  19,  21,  24,  30,  33,  40,  43,  45,  55,  57,  25,  27,  30,
     33,  49,  57,  61,  25,  61,  25,  26,  40,  61,  21,  30,  33,  36,  37,  39,
     40,  43,  45,  57,  59,  60,  21,  25,  27,  28,  30,  36,  39,  40,  44,  45,
     46,  47,  49,  57,  59,  61,  62,   2,  25,  27,  30,  33,  40,  57,  61,   3,
      4,   6,   7,  19,  25,  29,  32,  36,  39,  40,  44,  46,  47,  51,  55,  59,
     61,  76,  78,  21,  25,  27,  29,  30,  48,  57,  61,   4,  36,  38,  39,  43,
     58,  59,  25,  27,  28,  30,  39,  57,  61,  62,   1,   3,   4,   6,   7,  17,
     19,  25,  29,  30,  31,  32,  35,  36,  39,  43,  44,  46,  51,  54,  55,  57,
     59,  61,   1,   4,   6,   7,  19,  25,  29,  30,  31,  32,  36,  39,  43,  44,
     46,  51,  55,  57,  59,  61,   1,  21,  25,  26,  30,  32,  33,  36,  43,  45,
     51,  53,  57,  59,  61,   1,   6,   7,  19,  25,  29,  30,  31,  32,  36,  39,
     43,  51,  55,  57,  59,  61,  25,  30,  33,  36,  57,  59,  61,   9,  10,  19,
     21,  23,  25,  27,  28,  29,  30,  36,  46,  47,  48,  49,  59,   9,  10,  19,
     23,  25,  27,  28,  29,  30,  46,  47,  48,  49,  27,   8,   9,  11,  27,  48,
     59,  27,  46,  59,   0,   3,   4,   6,   7,  19,  23,  28,  29,  31,  33,  35,
     36,  38,  39,  44,  45,  46,  47,  48,  49,  52,  53,  54,  55,  58,  59,  62,
     75,  76,  77,  78,  79,   2,   3,   7,  25,  27,  28,  29,  30,  31,  33,  35,
     38,  46,  47,  48,  49,  50,  51,  53,  57,  58,  61,  62,   2,   3,   6,   7,
     19,  22,  23,  25,  27,  28,  29,  30,  31,  33,  35,  48,  51,  53,  54,  55,
     57,  61,  62,  20,  37,  44,  60,   4,  19,  21,  24,  30,  33,  40,  43,  45,
     55,  57,   5,  21,  23,  25,  26,  27,  30,  33,  36,  45,  57,  59,  61,  74,
     64,  65,  63,  67,  69,  70,  71,  72,  63,  66,  63,  67,  70,  71,  63,  64,
     67,  69,  70,  71,  72,  64,  65,  68,  70,  71,  19,  23,  39,  43,  55,  19,
     23,  36,  39,  41,  55,  59,  19,  23,  39,  43,  55,  19,  23,  36,  39,  55,
     59,  27,   8,  14,  15,   9,  11,
};

static const int8_t lexenddeca_10_boldKernSparseValues[] = {
      -5,  -18,  -20,  -13,  -17,  -10,  -10,  -10,  -17,   -3,  -18,  -13,  -10,  -13,   -8,   -8,
      10,   10,   -8,    5,  -25,    2,  -25,   -8,   -8,   -7,  -33,  -40,  -27,  -40,  -27,  -13,
     -13,  -40,  -33,  -27,   -8,   -7,  -33,  -33,  -27,  -40,  -27,  -13,  -13,  -40,  -33,  -27,
     -31,  -17,  -10,  -10,  -20,  -17,  -33,  -13,  -17,  -17,  -17,  -10,   -2,  -33,   -4,  -11,
     -17,  -17,  -13,   -7,    3,   -8,  -10,   -7,   -7,  -20,  -13,   -7,   -7,  -33,  -27,  -40,
      -5,   -7,   -8,   -7,   -7,  -17,  -30,  -10,  -17,  -13,   -7,  -20,  -10,  -17,  -13,  -25,
     -13,   -5,   -2,   -1,  -25,  -17,   -7,  -17,   -7,  -25,  -13,  -27,  -33,   -7,   -7,   -3,
      -2,   -3,  -17,  -15,   -8,  -27,   -7,   -7,  -17,  -13,  -17,  -17,  -43,  -45,  -23,  -25,
      -7,  -13,   -5,   -3,   -2,   -4,   -8,   -1,   -2,   -1,   -8,   -1,   -5,   -2,    7,   13,
      13,  -10,   -7,  -13,   -7,   -5,   -5,  -10,  -10,   -2,  -12,  -12,  -15,  -17,   -3,   -8,
      -7,  -12,  -10,   -2,   -3,   -2,   -3,   -3,   -5,   -3,   -2,  -27,  -27,  -20,   -3,  -40,
      -2,    5,   -2,   -5,   -3,   -3,   -3,   -3,   -5,   -2,   -5,   -2,  -20,  -36,   -5,    5,
     -13,   -3,   -3,   -8,   -5,   -3,   -8,  -17,   -3,   -8,   -8,   -3,   -5,   13,  -23,  -17,
     -17,  -25,  -10,  -17,   10,  -17,  -17,  -17,  -13,  -13,  -13,  -17,  -13,   -7,  -13,   -7,
      13,  -25,  -17,  -17,   20,   27,   20,   27,  -30,  -15,  -10,   -3,   -5,   -2,   -2,    7,
     -15,   -3,   -3,   -1,   -1,   -4,  -13,  -13,  -13,    7,  -15,   -2,  -30,  -30,  -25,  -20,
      -7,  -28,   -7,  -25,  -25,  -40,  -33,   -7,   -2,   -8,   -2,  -13,    7,  -40,   -7,  -28,
     -25,  -20,  -20,  -40,  -33,  -40,  -33,  -43,  -33,  -27,  -22,  -25,    3,   -5,   -5,  -17,
      -3,    3,   -3,    5,   -2,    3,    5,    3,  -22,    3,   -3,    3,   10,   17,   10,   17,
     -10,   -7,  -13,   -7,   -5,   -5,  -10,  -10,   -2,  -12,  -12,  -15,  -17,   -3,   -3,   -8,
      -7,  -12,  -10,   -2,  -20,   -3,  -10,   -7,   -2,  -10,  -17,  -13,   -7,   -3,  -17,   -7,
      -7,  -20,  -20,   -5,   -5,   -5,  -18,  -33,  -33,  -33,  -20,  -17,  -10,  -27,   10,    3,
       3,    3,  -33,  -15,  -20,   -7,  -33,  -33,   -3,  -23,   -5,  -17,  -23,  -17,  -39,    3,
     -33,   10,    3,  -33,  -33,   -7,   -3,   -3,   -3,   -3,   -2,   -7,   -3,  -17,  -40,  -33,
     -27,    2,   -2,  -25,  -10,  -33,   -3,    3,  -33,  -10,  -20,   -7,   -7,   -4,   -5,   -8,
      -2,  -33,   -2,   -4,   -7,  -25,  -44,  -20,    3,  -33,   -3,  -10,  -27,  -27,  -27,  -13,
      -2,  -27,   -3,    3,  -23,   -8,   -7,   -1,   -1,   -3,  -23,  -13,   -8,    3,  -23,  -12,
      -5,   -3,  -27,   -8,   -1,   -3,   -9,   -6,   -8,  -27,   -8,  -27,  -17,  -40,  -40,  -40,
     -27,  -12,  -40,   -8,    3,   -3,  -33,  -27,  -27,   -8,   -7,  -12,   -7,   -3,   -3,   -7,
      -3,   -3,  -33,  -27,  -27,    3,  -40,   -2,   -2,   -2,   -2,   -2,  -13,  -17,  -17,  -37,
     -33,  -33,  -23,  -27,  -40,   -7,   -7,  -13,   -7,  -17,  -20,  -13,  -13,  -27,  -31,   20,
      -2,  -27,   -2,   -7,  -20,  -13,  -10,   -7,  -11,    3,    7,   -7,  -22,   -3,   -9,   -3,
     -18,  -10,   -3,   -4,   -2,   -4,    7,  -18,  -22,   -3,   -8,  -17,  -16,   -8,   -5,   -5,
     -13,   -3,  -17,   -7,   -5,   -7,   -7,   -7,   -3,   -8,  -13,   -7,  -16,   -5,  -10,   -5,
      -3,   -2,  -12,    2,   -5,  -12,  -10,   -3,   10,   10,    5,  -15,   -7,   -3,   -3,  -12,
     -13,   -2,   -3,   -3,   -1,   -3,  -12,  -15,   -3,   10,   10,   -7,   -7,   20,   18,   17,
      17,   17,   17,   13,   -7,    1,    3,    1,    1,   -7,   17,   -7,   20,   17,   10,   13,
      10,   13,   -2,   -5,   -3,   -2,   -5,  -10,    3,   -3,   -3,   -5,   -5,  -10,  -10,   -8,
     -13,   -2,   -8,  -10,  -10,  -10,  -10,   -3,    2,  -10,   -3,   -7,  -13,   -7,   -2,   -7,
      -2,   -2,   -2,   -7,   -7,   -2,   -7,   -8,  -10,   -7,  -10,   -3,   -3,   -5,   -1,   -2,
      -8,   -5,   -5,  -10,   -3,   -8,   -7,   10,   -7,   -6,   -5,   -2,    7,   -5,   -7,    7,
     -23,  -38,   -7,  -10,   -3,   -5,  -10,   -7,   -5,   -3,    7,   17,   17,  -10,  -10,   -7,
      -3,   17,   17,   -2,  -15,   -2,   -2,   -7,   -2,   -7,  -15,   -7,   -2,   -8,   -2,    7,
      -8,   -2,  -10,   -3,   -3,   -5,   -3,   -5,  -10,   -3,  -10,    2,  -13,  -13,   -7,    1,
      -8,   -3,   -9,   -3,   -7,   -7,   -7,   -5,   -3,   -2,   17,   17,   -7,   -4,   -8,   -3,
      -6,   -3,  -10,  -13,  -13,   -7,   -2,   -3,   -6,   -3,   -2,   -7,   -5,   -5,   -2,   17,
      13,   -7,   -2,   -3,   -5,   -3,   -1,   -3,   -5,   -2,   -7,  -13,   -2,  -10,   -2,   -2,
     -13,   -2,   -7,  -11,   -5,  -10,  -13,   -7,   -8,   -3,   -7,   -3,   -3,   -7,   -3,   -5,
      -3,   -7,   -8,   -3,   -3,   -3,   -3,   -3,  -13,   -3,   -3,   -3,   -3,  -13,  -17,  -17,
      -8,  -33,  -33,  -33,  -23,  -27,  -40,   -8,   -7,   -7,  -13,   -7,   -8,  -13,  -17,  -17,
     -17,  -33,  -33,  -23,  -27,  -40,   -7,   -7,  -13,   -7,   -2,  -13,  -10,  -10,   -4,   -2,
       3,   -6,   -3,  -10,    3,   -2,  -43,  -33,  -13,  -22,  -25,    3,   -5,   -5,   -7,  -18,
      -3,    3,   -3,    5,   -2,    4,    5,   -1,    3,    7,    8,   -7,  -22,    3,   -3,    3,
      10,   17,   10,   17,    1,   -8,   -7,   -4,  -16,   -8,   -5,   -5,  -13,   -3,   -2,  -11,
      -7,   -6,   -7,   -8,   -7,   -3,   -8,    3,  -13,   -7,  -16,   -5,  -10,   -5,   -7,  -10,
      -7,   -5,   -5,  -10,  -10,   -2,  -12,  -12,  -15,  -17,  -18,   -4,   -8,    3,   -7,   -7,
     -12,  -10,   -2,   22,   26,   11,   26,   -1,   -5,   -3,   -2,   -5,  -10,    3,   -3,   -3,
      -5,   -5,  -20,   -3,  -10,   -7,   -2,  -10,  -17,  -13,   -7,   -3,  -17,   -7,   -7,  -20,
      -8,  -26,  -21,   -8,   -2,  -24,  -11,   -3,   -5,   -7,  -18,   -3,  -26,   -3,  -31,   -7,
     -20,   -8,  -39,  -20,  -10,   -8,  -15,   -2,   -8,   -7,  -45,  -80,  -13,  -13,  -45,  -20,
     -40,  -13,  -17,  -10,  -20,  -13,  -25,  -40,  -13,  -13,  -25,  -25,  -33,  -13,  -17,  -25,
     -13,   -3,  -17,  -10,  -13,  -13,  -27,
};

static const EpdLigaturePair lexenddeca_10_boldLigaturePairs[] = {
    { 0x00660069, 0xFB01 }, // f i -> U+FB01
    { 0x0066006C, 0xFB02 }, // f l -> U+FB02
};

static constexpr EpdFontData lexenddeca_10_bold = {
    lexenddeca_10_boldBitmaps,
    lexenddeca_10_boldGlyphs,
    lexenddeca_10_boldIntervals,
    76,
    26,
    21,
    -6,
    true,
    lexenddeca_10_boldGroups,
    15,
    nullptr,
    nullptr,  // kernLeftClasses: built-in fonts use split arrays
    nullptr,  // kernRightClasses
    lexenddeca_10_boldKernLeftCodepoints,
    lexenddeca_10_boldKernLeftClassIds,
    lexenddeca_10_boldKernRightCodepoints,
    lexenddeca_10_boldKernRightClassIds,
    nullptr,  // kernMatrix: built-in fonts use sparse rows
    lexenddeca_10_boldKernRowOffsets,
    lexenddeca_10_boldKernSparseCols,
    lexenddeca_10_boldKernSparseValues,
    418,
    417,
    97,
    82,
    lexenddeca_10_boldLigaturePairs,
    2,
};
