/**
 * generated by fontconvert.py
 * name: lexenddeca_16_regular
 * size: 16
 * mode: 2-bit  compressed: true
 * Command used: fontconvert.py lexenddeca_16_regular 16 ../builtinFonts/source/LexendDeca/LexendDeca-Regular.ttf ../builtinFonts/source/ChareInk7/ChareInk7-Regular.ttf ../builtinFonts/source/NotoSymbols/NotoSansSymbols-Regular.ttf ../builtinFonts/source/NotoSansCJKsc/NotoSansCJKsc-Regular.otf --additional-intervals 0x03BB,0x03BB --additional-intervals 0x0410,0x0414 --additional-intervals 0x0418,0x0418 --additional-intervals 0x041B,0x041B --additional-intervals 0x041D,0x0423 --additional-intervals 0x0425,0x0425 --additional-intervals 0x0427,0x0427 --additional-intervals 0x042B,0x042C --additional-intervals 0x042E,0x0432 --additional-intervals 0x0434,0x0435 --additional-intervals 0x0437,0x0437 --additional-intervals 0x043A,0x043A --additional-intervals 0x043D,0x043E --additional-intervals 0x0440,0x0440 --additional-intervals 0x0442,0x0442 --additional-intervals 0x0446,0x0446 --additional-intervals 0x044C,0x044C --additional-intervals 0x044E,0x044E --additional-intervals 0x2113,0x2113 --additional-intervals 0x2669,0x266F --additional-intervals 0x4F1A,0x4F1A --additional-intervals 0x53BB,0x53BB --additional-intervals 0x5458,0x5458 --additional-intervals 0x59DA,0x59DA --additional-intervals 0x5B98,0x5B98 --additional-intervals 0x5BA4,0x5BA4 --additional-intervals 0x5E26,0x5E26 --additional-intervals 0x6211,0x6211 --additional-intervals 0x62C9,0x62C9 --additional-intervals 0x653E,0x653E --additional-intervals 0x6746,0x677F --additional-intervals 0x7532,0x7532 --additional-intervals 0x7684,0x7684 --additional-intervals 0x8BAE,0x8BAE --additional-intervals 0x8BF7,0x8BF7 --additional-intervals 0x91CA,0x91CA --font-include-intervals 1:0x03BB,0x03BB --font-include-intervals 1:0x0410,0x0414 --font-include-intervals 1:0x0418,0x0418 --font-include-intervals 1:0x041B,0x041B --font-include-intervals 1:0x041D,0x0423 --font-include-intervals 1:0x0425,0x0425 --font-include-intervals 1:0x0427,0x0427 --font-include-intervals 1:0x042B,0x042C --font-include-intervals 1:0x042E,0x0432 --font-include-intervals 1:0x0434,0x0435 --font-include-intervals 1:0x0437,0x0437 --font-include-intervals 1:0x043A,0x043A --font-include-intervals 1:0x043D,0x043E --font-include-intervals 1:0x0440,0x0440 --font-include-intervals 1:0x0442,0x0442 --font-include-intervals 1:0x0446,0x0446 --font-include-intervals 1:0x044C,0x044C --font-include-intervals 1:0x044E,0x044E --font-include-intervals 1:0x2113,0x2113 --font-include-intervals 2:0x2669,0x266F --font-include-intervals 3:0x4F1A,0x4F1A --font-include-intervals 3:0x53BB,0x53BB --font-include-intervals 3:0x5458,0x5458 --font-include-intervals 3:0x59DA,0x59DA --font-include-intervals 3:0x5B98,0x5B98 --font-include-intervals 3:0x5BA4,0x5BA4 --font-include-intervals 3:0x5E26,0x5E26 --font-include-intervals 3:0x6211,0x6211 --font-include-intervals 3:0x62C9,0x62C9 --font-include-intervals 3:0x653E,0x653E --font-include-intervals 3:0x6746,0x677F --font-include-intervals 3:0x7532,0x7532 --font-include-intervals 3:0x7684,0x7684 --font-include-intervals 3:0x8BAE,0x8BAE --font-include-intervals 3:0x8BF7,0x8BF7 --font-include-intervals 3:0x91CA,0x91CA --2bit --compress --pnum --darken-aa --zopfli
 */
#pragma once
#include "EpdFontData.h"

static const uint8_t lexenddeca_16_regularBitmaps[27414] = {
    0xB5, 0x99, 0x3D, 0xAC, 0xDD, 0xC8, 0x75, 0xC7, 0xFF, 0x24, 0xA3, 0x47, 0x43, 0x04, 0xCC, 0x14,
    0x7E, 0x88, 0xB3, 0x1B, 0x80, 0x2E, 0x13, 0x25, 0xF0, 0xB8, 0x47, 0x80, 0x61, 0x9C, 0xC2, 0x65,
    0x5E, 0xA1, 0xEB, 0x05, 0xB2, 0x85, 0x1B, 0x37, 0x51, 0x8A, 0xED, 0x9B, 0x1D, 0xC2, 0x29, 0x52,
    0xB8, 0x88, 0x9A, 0xA4, 0xDE, 0x42, 0xC5, 0xE6, 0x6D, 0xB1, 0xAD, 0x13, 0x48, 0x9A, 0x41, 0x02,
    0x24, 0xE5, 0x12, 0xDB, 0x6C, 0x69, 0x02, 0xD9, 0x00, 0x81, 0x5D, 0x68, 0x02, 0x13, 0x58, 0x6A,
    0x4D, 0xCE, 0xC9, 0xFC, 0x67, 0x78, 0xEF, 0x7D, 0x92, 0x22, 0xED, 0x97, 0xCC, 0xCB, 0xF9, 0xF1,
    0xEB, 0xCC, 0x99, 0xE1, 0x99, 0x73, 0x0E, 0x2F, 0x87, 0x97, 0xBD, 0x76, 0x37, 0x7E, 0x03, 0x7F,
    0x6A, 0x50, 0xBD, 0xEA, 0x3B, 0x74, 0x68, 0x91, 0x97, 0x37, 0xA0, 0x9D, 0x8D, 0x3F, 0x3D, 0xDC,
    0xC2, 0x65, 0x7F, 0xD0, 0x2E, 0xE8, 0xBF, 0xD8, 0x4C, 0xB1, 0x9A, 0x72, 0x7D, 0x5C, 0xCE, 0x0F,
    0x4B, 0xFF, 0xB0, 0xF2, 0x4B, 0x35, 0x5D, 0x15, 0x3D, 0x6E, 0xF5, 0xC5, 0x15, 0xD0, 0x8E, 0x95,
    0x8F, 0x74, 0x99, 0x75, 0x64, 0xE7, 0x9A, 0x09, 0x50, 0x43, 0xA4, 0x92, 0xB8, 0x0C, 0xFA, 0x06,
    0xA1, 0xE3, 0x75, 0xC0, 0x40, 0x0D, 0xC0, 0x63, 0xE8, 0xC8, 0x0D, 0xBA, 0x07, 0x56, 0x68, 0xEC,
    0xBC, 0x0E, 0xD7, 0xF2, 0x3E, 0x28, 0xBE, 0xED, 0x7C, 0xEB, 0xE9, 0x61, 0xBB, 0x8B, 0xCA, 0x63,
    0xC5, 0xCE, 0xDA, 0x17, 0x91, 0xCD, 0x54, 0x2E, 0x64, 0x35, 0xE3, 0xB8, 0x98, 0x23, 0x4A, 0x19,
    0x00, 0x2D, 0x2B, 0x0A, 0x11, 0xE9, 0xAB, 0x08, 0xD7, 0x2E, 0xC6, 0x4C, 0xAD, 0x37, 0xAD, 0x6B,
    0x27, 0x53, 0x22, 0x02, 0x68, 0x3D, 0xB1, 0x45, 0xD4, 0x22, 0xAC, 0x25, 0x13, 0x60, 0x64, 0x4B,
    0xC7, 0x03, 0x8F, 0x47, 0x94, 0xAB, 0xF6, 0x11, 0xAD, 0xBF, 0x20, 0xBA, 0x1F, 0x46, 0xE8, 0x8F,
    0xD7, 0x6E, 0x8A, 0xDA, 0xAD, 0x6B, 0x79, 0x5B, 0x95, 0x48, 0x60, 0x35, 0x8F, 0x28, 0x87, 0x9B,
    0xE0, 0x52, 0xBC, 0x1F, 0xCB, 0x15, 0x1A, 0x19, 0xD0, 0xD2, 0x28, 0x23, 0x94, 0x83, 0xFE, 0x91,
    0xE7, 0x8D, 0x47, 0xAB, 0x22, 0x00, 0x8F, 0x8A, 0x85, 0xE2, 0x6B, 0xB1, 0x54, 0x73, 0xDA, 0x44,
    0x41, 0x3C, 0x2A, 0x67, 0x45, 0x63, 0x55, 0x9E, 0x16, 0xD2, 0x4F, 0xA6, 0x00, 0xA0, 0x95, 0x7F,
    0x5B, 0x8B, 0x1E, 0x65, 0xA8, 0x66, 0xB5, 0xF2, 0x78, 0xB2, 0x02, 0x40, 0xB9, 0xCD, 0xF0, 0x86,
    0x7F, 0x38, 0xB7, 0x0E, 0x08, 0x95, 0x8F, 0x9B, 0x72, 0xAD, 0x7C, 0x33, 0xA2, 0x9A, 0xB9, 0x89,
    0x82, 0x3C, 0x19, 0x05, 0x4B, 0x8A, 0xE8, 0x1E, 0xAC, 0x10, 0x00, 0x2B, 0x60, 0xD3, 0x54, 0xC6,
    0xBE, 0xF6, 0x11, 0x7F, 0x7A, 0x3F, 0xA2, 0x92, 0xDC, 0x9C, 0x50, 0xED, 0xE7, 0x76, 0x8C, 0x74,
    0xAD, 0x07, 0xCC, 0x50, 0x39, 0xC0, 0x52, 0x0E, 0xC6, 0x91, 0x3A, 0x51, 0x79, 0x52, 0x16, 0xD0,
    0x74, 0x1B, 0xAB, 0x06, 0xE9, 0x01, 0x35, 0x19, 0xA7, 0x06, 0xED, 0x94, 0xD7, 0xBD, 0x19, 0x9A,
    0x55, 0xC3, 0xF4, 0x95, 0xD8, 0xA8, 0x06, 0xB2, 0xB1, 0xAA, 0x5E, 0xA1, 0x27, 0xB4, 0x0B, 0xBA,
    0x0D, 0x36, 0xA0, 0x11, 0x8E, 0x57, 0x29, 0xB2, 0x99, 0x11, 0x4A, 0xA6, 0x6E, 0x06, 0xEE, 0x02,
    0x48, 0xFE, 0xDB, 0x1B, 0x18, 0x3C, 0xC6, 0xC3, 0xF8, 0x5B, 0x70, 0x05, 0x2E, 0x65, 0xAC, 0x3B,
    0x53, 0x43, 0xAC, 0xB4, 0xA1, 0x5E, 0xD0, 0x7A, 0x74, 0x63, 0x52, 0x3C, 0xC0, 0x00, 0x36, 0xAD,
    0xE1, 0xB8, 0xE6, 0x43, 0x03, 0x5E, 0x55, 0x8E, 0x92, 0x51, 0xBE, 0x5A, 0x51, 0x06, 0x80, 0xEE,
    0xE9, 0xA9, 0xAD, 0x1C, 0x91, 0x96, 0x0E, 0xD0, 0x23, 0xBA, 0x19, 0x35, 0xDD, 0x88, 0xB7, 0x4E,
    0xBD, 0xED, 0x84, 0xC6, 0xA3, 0x9E, 0x51, 0x2D, 0xA9, 0xE6, 0xB3, 0x6B, 0xB5, 0x70, 0xAD, 0x3D,
    0xF5, 0xB6, 0x13, 0xE5, 0x6D, 0x5F, 0x08, 0x35, 0x28, 0xCF, 0xA3, 0x6F, 0x83, 0x0B, 0x6F, 0x69,
    0xC5, 0xF7, 0x1E, 0x7E, 0xEF, 0xD1, 0xBF, 0xCC, 0x56, 0x96, 0x46, 0x5C, 0x23, 0x83, 0x95, 0xF9,
    0xF1, 0xBF, 0x2E, 0x3F, 0x78, 0xF8, 0x03, 0xAC, 0xC0, 0x4F, 0x81, 0xF2, 0x01, 0x40, 0x65, 0x2F,
    0x87, 0xA5, 0x5B, 0x13, 0x63, 0x02, 0xBB, 0xF3, 0x8A, 0x1A, 0xD4, 0xD7, 0x3A, 0xE5, 0x95, 0x6F,
    0x67, 0x3A, 0x05, 0xFD, 0x41, 0xF7, 0x7F, 0x86, 0xCB, 0xC3, 0x95, 0x91, 0x39, 0xAF, 0xCF, 0xE5,
    0x00, 0x20, 0xC6, 0x39, 0x18, 0xE6, 0x00, 0xED, 0x05, 0x68, 0x1E, 0x5A, 0x00, 0xD8, 0x8E, 0x3E,
    0x9E, 0xC2, 0xAF, 0xF1, 0xAF, 0x5F, 0x6C, 0x3A, 0x89, 0x0D, 0x11, 0x77, 0xC0, 0xE5, 0xE2, 0x69,
    0x84, 0x91, 0x91, 0x71, 0xBD, 0xA0, 0x62, 0x7A, 0x68, 0x97, 0x42, 0xD0, 0x4D, 0xB0, 0x03, 0x47,
    0xDD, 0x45, 0x28, 0xA7, 0x7B, 0xB4, 0xA3, 0x89, 0x98, 0x2C, 0x83, 0xFC, 0x39, 0x18, 0x2A, 0x4F,
    0x57, 0xF5, 0x80, 0x6E, 0x4C, 0x35, 0xD4, 0x98, 0x1D, 0x5C, 0xFA, 0x66, 0xAB, 0x84, 0x9A, 0x57,
    0x40, 0x68, 0x11, 0x25, 0x43, 0x1E, 0x31, 0xD4, 0x43, 0xF2, 0xF9, 0x5A, 0x1C, 0xF4, 0x5E, 0x94,
    0x75, 0xF8, 0x2E, 0x23, 0xE0, 0x6B, 0x94, 0x37, 0xEC, 0xAF, 0x7A, 0x25, 0xE2, 0x8E, 0x05, 0xB7,
    0xFF, 0x07, 0x80, 0x15, 0xC7, 0xD6, 0x3D, 0x5A, 0xDE, 0xA1, 0xF2, 0xF5, 0x1A, 0x65, 0x4B, 0xA6,
    0xC9, 0x22, 0xA0, 0x45, 0x04, 0x10, 0x0F, 0x91, 0x47, 0xBB, 0x5D, 0x8E, 0xB1, 0x67, 0x68, 0x55,
    0x76, 0xB5, 0x12, 0x9E, 0xE7, 0x45, 0xCD, 0xF3, 0xE2, 0x80, 0x92, 0xA1, 0xD8, 0xB0, 0x52, 0x17,
    0xAE, 0xAF, 0xA1, 0x19, 0x63, 0x8A, 0x68, 0x89, 0x5B, 0x87, 0xC3, 0x5D, 0x70, 0x8F, 0x08, 0xC4,
    0x4A, 0x49, 0x7F, 0x8C, 0x6D, 0x39, 0x35, 0x36, 0xF3, 0x54, 0x88, 0x10, 0x99, 0x08, 0xFA, 0xE0,
    0x87, 0x1B, 0xF0, 0xFB, 0x0C, 0x8F, 0x3D, 0x2B, 0xE8, 0xE1, 0x8C, 0x96, 0xE7, 0xB4, 0x83, 0x40,
    0xCD, 0xF5, 0x96, 0x35, 0x57, 0xA9, 0xAE, 0x95, 0x3E, 0x65, 0x45, 0xEC, 0xAC, 0xE7, 0x93, 0x7E,
    0x42, 0x22, 0x4A, 0xA2, 0x26, 0xDA, 0xCF, 0x22, 0xF4, 0x7F, 0x46, 0xC8, 0x8F, 0x66, 0x94, 0x21,
    0x0A, 0x37, 0x4B, 0x44, 0xE7, 0x23, 0xB4, 0x8B, 0x90, 0xB8, 0x78, 0x1B, 0x31, 0x6B, 0x42, 0xF1,
    0x30, 0x2B, 0x7D, 0x19, 0x8A, 0x78, 0xD3, 0x8D, 0xC8, 0xD6, 0x1E, 0xCB, 0x94, 0x1D, 0x93, 0xF9,
    0xB3, 0x8B, 0x45, 0xFD, 0xC7, 0x03, 0xA8, 0xFC, 0xE0, 0xF2, 0x1C, 0x89, 0x7A, 0x68, 0x56, 0xA4,
    0x3C, 0x01, 0xD9, 0x8B, 0xE5, 0xF6, 0x8F, 0x80, 0xA0, 0x51, 0x6D, 0x76, 0x52, 0x2B, 0x65, 0x1B,
    0x11, 0x57, 0xC8, 0x06, 0x14, 0x47, 0xAB, 0x35, 0x0B, 0xE8, 0x74, 0x11, 0x6A, 0xBC, 0x69, 0xD2,
    0x22, 0x24, 0x89, 0x2B, 0x30, 0xE9, 0x0D, 0x34, 0x8E, 0x47, 0x47, 0x0B, 0xE9, 0xA5, 0x09, 0xD0,
    0x51, 0x0B, 0x4C, 0x0F, 0x81, 0x45, 0xDC, 0x0A, 0xCD, 0x49, 0xF4, 0x3C, 0x4C, 0xE9, 0x13, 0x7A,
    0x2A, 0x03, 0xBA, 0xF0, 0xCE, 0x4A, 0x05, 0x73, 0x7E, 0x58, 0x41, 0x05, 0xE0, 0x70, 0x38, 0x5C,
    0x89, 0xC8, 0x12, 0xCB, 0xCA, 0xC2, 0x1B, 0xCE, 0x5D, 0xE8, 0xC6, 0xDD, 0xFB, 0x86, 0xDC, 0xFD,
    0xC0, 0xA8, 0xCB, 0xFD, 0x6C, 0x9E, 0x15, 0x61, 0x13, 0x90, 0xDC, 0xCB, 0xEA, 0x39, 0x91, 0x3C,
    0x64, 0x46, 0x7A, 0xB6, 0xE9, 0xD9, 0xFA, 0x8A, 0x76, 0x69, 0x36, 0xA8, 0xA9, 0x10, 0x56, 0xDE,
    0xA1, 0xC6, 0x88, 0x96, 0x23, 0x5F, 0x27, 0x5F, 0x61, 0x07, 0xB3, 0x6B, 0x87, 0x0F, 0xD7, 0xA3,
    0x30, 0x3D, 0x64, 0x80, 0x1E, 0x4C, 0x1F, 0x11, 0x0F, 0xCD, 0xC0, 0x6C, 0x8E, 0x6E, 0x7B, 0x3B,
    0x24, 0xCD, 0xB9, 0x0D, 0x28, 0xE9, 0x91, 0x97, 0x37, 0x63, 0x94, 0x14, 0xB4, 0x58, 0x73, 0xB6,
    0xD8, 0xD8, 0x6C, 0xB0, 0x43, 0x29, 0x10, 0xE0, 0x45, 0x30, 0x03, 0xDB, 0xB1, 0x0E, 0xD0, 0xC1,
    0x9E, 0xBD, 0x90, 0xCE, 0xFB, 0xC4, 0x1F, 0xC7, 0x46, 0x1F, 0xC7, 0x26, 0x7B, 0xB1, 0x3C, 0x13,
    0x65, 0xCD, 0xFC, 0x7C, 0x5E, 0x3C, 0x2F, 0xCF, 0x5E, 0xB9, 0xDD, 0xAB, 0x49, 0x7B, 0x3D, 0xA9,
    0xF1, 0x79, 0x29, 0xA0, 0x1B, 0x74, 0xBC, 0xD6, 0xFA, 0xDA, 0x57, 0xBE, 0x9E, 0x3A, 0x67, 0xF0,
    0xC7, 0x00, 0x30, 0x00, 0xF5, 0x04, 0x18, 0x8F, 0x4A, 0x46, 0x8E, 0x5F, 0x21, 0x13, 0x3A, 0xE9,
    0x61, 0x66, 0xA6, 0x1B, 0x5E, 0xC9, 0xC3, 0x5A, 0x32, 0x70, 0xF4, 0x86, 0x94, 0x80, 0x60, 0x3D,
    0xD0, 0x4C, 0x00, 0x1C, 0xB8, 0x18, 0x46, 0xF2, 0x19, 0x78, 0x76, 0xE1, 0xB9, 0x1B, 0x22, 0x97,
    0xD1, 0x43, 0xF0, 0x1D, 0x00, 0x1A, 0x80, 0x3D, 0x69, 0x1D, 0x01, 0xB3, 0xD0, 0x1D, 0x39, 0xF4,
    0x74, 0x05, 0xCF, 0x66, 0xD8, 0x1C, 0x05, 0xD8, 0xBC, 0x0A, 0xB9, 0x61, 0xDD, 0x23, 0x77, 0xFE,
    0xF6, 0x03, 0xC0, 0xCA, 0xC0, 0x51, 0xA5, 0x5D, 0xF5, 0x54, 0xAF, 0xBA, 0x2F, 0xC3, 0xED, 0x53,
    0x94, 0x94, 0xBB, 0xFF, 0x74, 0xCB, 0x7E, 0x5F, 0x03, 0x77, 0x71, 0x33, 0xDC, 0x8E, 0xCB, 0xC5,
    0x00, 0x28, 0x76, 0xC6, 0xE7, 0x42, 0x4F, 0x2C, 0xF2, 0x95, 0xC7, 0xF7, 0xD3, 0x66, 0xBF, 0x33,
    0x93, 0xC3, 0xBB, 0x92, 0x4F, 0xF1, 0x4E, 0x56, 0x9D, 0x9F, 0xCF, 0xFB, 0xB3, 0x22, 0x00, 0x54,
    0x5C, 0x2D, 0x30, 0x1F, 0x2F, 0xCD, 0xD8, 0xF8, 0x4A, 0x3E, 0x5B, 0xEA, 0xA9, 0x75, 0xAD, 0xC8,
    0x5C, 0x79, 0x35, 0xE8, 0x49, 0xF9, 0xCA, 0x6B, 0xD8, 0xA1, 0x4D, 0x5B, 0x01, 0xB7, 0xEF, 0x16,
    0x1B, 0xFF, 0x25, 0x4D, 0x8F, 0xCA, 0x35, 0x6E, 0x9B, 0x91, 0xDB, 0x6E, 0x6C, 0xDD, 0x1A, 0xB7,
    0xDA, 0xE5, 0xAD, 0x75, 0x1A, 0x8F, 0x8A, 0x50, 0x8A, 0x7B, 0x8C, 0x47, 0x10, 0x91, 0xDF, 0xAE,
    0x78, 0x17, 0x46, 0x7E, 0x22, 0x1E, 0x1A, 0xDD, 0x56, 0x0B, 0xBD, 0x78, 0x1F, 0x6E, 0x47, 0x02,
    0x8D, 0x27, 0x81, 0x2A, 0x00, 0x0D, 0xAF, 0xC9, 0xD3, 0x1F, 0x0B, 0xAF, 0xA9, 0xFD, 0x76, 0x4A,
    0x46, 0x2F, 0x97, 0x5B, 0x0F, 0x90, 0xB7, 0x57, 0xA4, 0xF2, 0xA4, 0x9E, 0x49, 0xB3, 0x90, 0x76,
    0x25, 0x43, 0x60, 0x9D, 0x35, 0x67, 0x65, 0x4B, 0xCE, 0x7A, 0x60, 0x33, 0xDA, 0xD1, 0x97, 0xD5,
    0x08, 0x76, 0x9B, 0x36, 0x74, 0x89, 0x43, 0x4D, 0x4F, 0xFF, 0xC7, 0xB7, 0x56, 0xB0, 0xC3, 0x1B,
    0x8A, 0xC8, 0x80, 0x2A, 0x52, 0x50, 0x6D, 0x87, 0x83, 0x1D, 0x9A, 0x39, 0x0B, 0x93, 0xDD, 0x04,
    0x74, 0x93, 0xA2, 0xAA, 0xA4, 0xB0, 0x99, 0xE9, 0x2B, 0xAC, 0x39, 0x13, 0x81, 0x10, 0x08, 0x2E,
    0x64, 0x48, 0x26, 0x8F, 0xD0, 0x67, 0xF0, 0x9C, 0xA4, 0x66, 0x88, 0x85, 0x90, 0x04, 0x47, 0xE1,
    0x49, 0xA8, 0xF5, 0x88, 0xE6, 0xB4, 0xA7, 0xBC, 0x5C, 0x5F, 0xCB, 0x98, 0xE5, 0xF6, 0x1A, 0x9F,
    0x32, 0xB0, 0x1E, 0x64, 0xEB, 0xD0, 0x2F, 0xA8, 0x2D, 0x77, 0xA0, 0x94, 0x4F, 0xDF, 0x94, 0xBE,
    0x0E, 0x40, 0x40, 0xBB, 0xD0, 0x0F, 0x77, 0x4B, 0xB9, 0x33, 0xCD, 0x90, 0xD8, 0x93, 0x36, 0xD1,
    0x64, 0x0E, 0xCF, 0x4B, 0xE6, 0xBA, 0xD4, 0xF3, 0x1D, 0x34, 0x02, 0x3C, 0x44, 0x25, 0x4F, 0xFF,
    0x36, 0xE4, 0xB6, 0x8E, 0xED, 0xB2, 0x0F, 0xFB, 0xB8, 0xF0, 0x59, 0xB9, 0x9B, 0x83, 0x94, 0x4C,
    0x97, 0x2C, 0xE2, 0x21, 0xF4, 0x46, 0xB2, 0x5E, 0xB3, 0xF3, 0x93, 0x90, 0x1B, 0xB4, 0xFD, 0x99,
    0xE6, 0xB8, 0x4F, 0x3E, 0x2F, 0x59, 0x05, 0xB2, 0x59, 0x49, 0x3D, 0x43, 0xAE, 0x3F, 0x90, 0x29,
    0xB5, 0x35, 0x90, 0x1B, 0xC8, 0xFB, 0x29, 0xD7, 0xDF, 0x65, 0x8E, 0x3F, 0x15, 0x00, 0xFF, 0x6F,
    0x11, 0x71, 0x37, 0xCB, 0xCB, 0xE4, 0xE2, 0x48, 0xBC, 0x7F, 0x53, 0xDF, 0x5F, 0x67, 0xFD, 0xE1,
    0x58, 0x5E, 0x51, 0xEF, 0x3E, 0xC3, 0xF2, 0x54, 0x00, 0x7C, 0x99, 0x02, 0x5C, 0xFC, 0x33, 0x8E,
    0x6F, 0x5E, 0x5D, 0xB2, 0xB9, 0xE5, 0x4D, 0xC6, 0x51, 0xBE, 0x10, 0x57, 0x0B, 0xA0, 0x06, 0x8E,
    0xCE, 0xED, 0x2F, 0x1E, 0x65, 0x2B, 0xAB, 0xC9, 0x1C, 0xC8, 0x28, 0x73, 0xEF, 0x83, 0x55, 0x4F,
    0x0C, 0x93, 0xCE, 0x47, 0x2E, 0xED, 0x0A, 0x46, 0x3A, 0x63, 0xD4, 0x17, 0xF2, 0xF4, 0x2D, 0x71,
    0x39, 0x31, 0xEE, 0x7F, 0x79, 0x0A, 0x2B, 0x23, 0xE2, 0x86, 0xA3, 0x0C, 0xE0, 0xAE, 0x30, 0xCC,
    0xBE, 0x34, 0x0E, 0x87, 0xB7, 0x68, 0x30, 0xB9, 0x09, 0xA0, 0xFC, 0x6A, 0x88, 0xC6, 0xB6, 0x12,
    0xF2, 0x0A, 0xC1, 0x57, 0x5A, 0x0F, 0x72, 0xA3, 0x6E, 0x41, 0x3F, 0xAD, 0x44, 0xD6, 0x33, 0xA8,
    0x1F, 0xDF, 0x18, 0xDF, 0x66, 0x36, 0xD7, 0x43, 0x13, 0x31, 0x9B, 0x19, 0x8A, 0xE3, 0xD6, 0x30,
    0x00, 0x0A, 0xD9, 0xF6, 0xD7, 0x85, 0x03, 0x62, 0xF3, 0xC9, 0x79, 0x37, 0x52, 0xCD, 0xA4, 0x1D,
    0x23, 0x4B, 0x41, 0x64, 0xB3, 0x92, 0xCA, 0x93, 0xD6, 0x45, 0xF2, 0x34, 0xA4, 0x59, 0x49, 0x35,
    0x93, 0x76, 0x25, 0x25, 0x90, 0x9B, 0xF4, 0x91, 0x3E, 0x49, 0x3A, 0x9D, 0x6A, 0xB5, 0x0B, 0x59,
    0x6D, 0x38, 0xEA, 0xE4, 0x25, 0x52, 0x4F, 0x64, 0x3B, 0x9F, 0x43, 0xA7, 0x12, 0xF6, 0x07, 0xF2,
    0x1A, 0xCB, 0xF3, 0x21, 0x72, 0x48, 0x4E, 0xC3, 0x5E, 0xD6, 0x8B, 0x38, 0x26, 0x13, 0xFA, 0xB2,
    0x5A, 0xC4, 0x33, 0x71, 0xD3, 0xF0, 0xB2, 0x30, 0x6F, 0x45, 0x0A, 0xAA, 0x48, 0x33, 0xB4, 0xBF,
    0x59, 0x44, 0x8F, 0xDD, 0x7F, 0x2D, 0xD2, 0x7A, 0xFD, 0xEF, 0x8B, 0x34, 0x8B, 0xFD, 0xCB, 0x45,
    0xAA, 0x2D, 0x54, 0x8B, 0x14, 0xB2, 0x46, 0xC2, 0xCE, 0xA4, 0x9E, 0xC8, 0xCE, 0x91, 0xB7, 0x40,
    0xE2, 0x0B, 0xC9, 0xFE, 0x5C, 0x62, 0x4F, 0x2A, 0x2E, 0x71, 0x4A, 0x9C, 0x13, 0xD7, 0x44, 0x21,
    0x83, 0x0C, 0xA4, 0x1E, 0xC9, 0xCE, 0xC3, 0x72, 0x14, 0xC8, 0x2A, 0x90, 0x90, 0xDE, 0x44, 0x6A,
    0x47, 0x2A, 0x4F, 0xB6, 0x0B, 0x59, 0x6D, 0x3A, 0x12, 0x62, 0x48, 0x23, 0xA4, 0x4A, 0x6C, 0x13,
    0xAB, 0xC4, 0x22, 0x11, 0x96, 0x33, 0x0A, 0x7C, 0xB1, 0xA9, 0x85, 0xE1, 0xA5, 0xF7, 0x17, 0xAB,
    0x64, 0x8A, 0xB1, 0x16, 0xD7, 0x6C, 0x80, 0x99, 0xDA, 0x19, 0xE8, 0xBC, 0x9A, 0x80, 0x66, 0xD1,
    0x8E, 0x21, 0x4B, 0x96, 0x0C, 0x65, 0x94, 0x1B, 0x53, 0x78, 0x11, 0x32, 0x4D, 0x62, 0x3E, 0x7F,
    0x94, 0x24, 0x95, 0xA7, 0xE5, 0xE9, 0x19, 0xCA, 0xD7, 0xC9, 0xE1, 0x4A, 0xF9, 0xEF, 0xB7, 0x79,
    0x83, 0xC9, 0x8F, 0x3A, 0x91, 0xF9, 0xC5, 0x44, 0x2E, 0x22, 0x23, 0x31, 0x13, 0xF4, 0xD6, 0x5A,
    0x22, 0x20, 0x7D, 0x84, 0x19, 0x22, 0xF4, 0x09, 0x96, 0x90, 0x94, 0x87, 0x29, 0xBC, 0x12, 0x9E,
    0x18, 0x58, 0x03, 0x5F, 0x16, 0xBF, 0x2B, 0x6B, 0xFC, 0x80, 0xD6, 0x28, 0x17, 0x4A, 0x56, 0x1B,
    0xAD, 0x51, 0x48, 0xB2, 0x86, 0x7D, 0x42, 0x6B, 0x68, 0xA1, 0x35, 0xDE, 0xC9, 0xD6, 0x10, 0x5A,
    0x83, 0x2C, 0x23, 0x1D, 0xAD, 0xC1, 0x24, 0xC9, 0x16, 0xC9, 0x66, 0x24, 0x4B, 0x1C, 0x1F, 0xFB,
    0x13, 0xB1, 0x9E, 0x1F, 0xFB, 0xA7, 0x87, 0xBD, 0x9A, 0x22, 0xDA, 0x13, 0x3A, 0x22, 0x5E, 0x38,
    0xFC, 0x58, 0x06, 0x0A, 0x1F, 0xAB, 0x51, 0xC1, 0xC1, 0x44, 0xA0, 0xF5, 0x39, 0xF8, 0xE9, 0x3F,
    0x39, 0x70, 0x05, 0xB8, 0xF1, 0x37, 0x62, 0xCA, 0xA1, 0x9B, 0x96, 0xF2, 0x71, 0xFF, 0xCC, 0xFC,
    0xDD, 0xAF, 0x39, 0x7F, 0x47, 0xCB, 0x78, 0x70, 0xFE, 0x0E, 0x25, 0x22, 0x98, 0xCD, 0x89, 0x2D,
    0xD9, 0x73, 0x79, 0x66, 0xFE, 0xEE, 0x42, 0x64, 0xD8, 0xFF, 0xD3, 0x42, 0xFB, 0x24, 0x7A, 0x41,
    0x74, 0x7D, 0x04, 0xA7, 0x75, 0x26, 0xBD, 0xE1, 0xC5, 0xF9, 0x3B, 0xDC, 0x05, 0x0E, 0x71, 0xE9,
    0x85, 0xB6, 0x39, 0x23, 0xBF, 0xC5, 0xD5, 0xF3, 0xEF, 0x12, 0x97, 0xCC, 0x9D, 0x7A, 0x00, 0xE4,
    0x35, 0xC1, 0x11, 0x23, 0x8A, 0xA0, 0x38, 0xC9, 0xD5, 0xAE, 0xE8, 0xD6, 0x5A, 0xFE, 0x49, 0x7C,
    0x99, 0xDC, 0xDE, 0x88, 0x00, 0x8D, 0xB0, 0xF5, 0xDF, 0xCB, 0x8D, 0x17, 0x77, 0xA3, 0x34, 0x9A,
    0x1C, 0x4A, 0x73, 0x1B, 0xD9, 0xF9, 0x14, 0x50, 0x53, 0xBD, 0x02, 0x74, 0x2C, 0x0E, 0x55, 0x19,
    0x18, 0x20, 0x10, 0xA4, 0x75, 0xE0, 0xA1, 0x71, 0x15, 0x05, 0xC8, 0x28, 0x9C, 0x5F, 0x13, 0xDB,
    0xA4, 0xA4, 0x9B, 0x80, 0x7A, 0x55, 0x67, 0x1F, 0x4E, 0x1E, 0x0B, 0xB1, 0x20, 0x03, 0x69, 0x56,
    0x52, 0x27, 0xAA, 0x99, 0x64, 0x55, 0xF6, 0x07, 0x71, 0x03, 0xD6, 0xA2, 0x2C, 0xD4, 0xB8, 0xEF,
    0x50, 0x27, 0xBD, 0x9E, 0x72, 0xC5, 0x55, 0x54, 0xCC, 0x9D, 0x7A, 0x89, 0x3B, 0x64, 0x4B, 0xA6,
    0x93, 0x1B, 0x9A, 0x99, 0x3B, 0x4A, 0x28, 0xC0, 0x29, 0x14, 0x49, 0x5E, 0x23, 0x30, 0x76, 0xA0,
    0x36, 0xA1, 0x8D, 0xA8, 0xDF, 0xF6, 0x41, 0x8D, 0xDC, 0xD1, 0x3F, 0x5B, 0x5B, 0xCF, 0xC8, 0x8A,
    0x49, 0xB9, 0xF1, 0x02, 0x40, 0x7D, 0xE2, 0x73, 0x5E, 0x6D, 0x7F, 0xED, 0xAB, 0x6D, 0xE3, 0x8E,
    0x8C, 0x85, 0xAC, 0xA0, 0xED, 0x1C, 0xD2, 0x4E, 0xCD, 0xB8, 0x5A, 0x00, 0x54, 0xB2, 0x3B, 0x5B,
    0x29, 0x80, 0xE2, 0x4E, 0xB1, 0x21, 0x7B, 0x2A, 0xD6, 0xFC, 0xB2, 0x73, 0x79, 0xC5, 0xA2, 0xF2,
    0xDF, 0xF3, 0x95, 0x06, 0xAC, 0x02, 0xC5, 0x0B, 0x61, 0x57, 0xE9, 0x91, 0x0B, 0x43, 0xA1, 0x4B,
    0xD6, 0xD3, 0x8E, 0xC3, 0x21, 0x3D, 0x35, 0xE7, 0x0C, 0xB2, 0x92, 0x66, 0x26, 0xF5, 0x79, 0xC6,
    0xB5, 0xCC, 0xDD, 0x08, 0x02, 0xD6, 0x92, 0x81, 0x1A, 0x38, 0x94, 0xC6, 0x51, 0x8F, 0xD0, 0x26,
    0x55, 0xE0, 0xDA, 0x30, 0xA0, 0xFA, 0xD6, 0xB3, 0x21, 0x0A, 0x68, 0x7F, 0xD9, 0xD3, 0xD6, 0x69,
    0xDF, 0x29, 0x0A, 0x0F, 0x2D, 0x65, 0x18, 0xA2, 0x55, 0xDA, 0xA1, 0xE3, 0x5B, 0xEA, 0xA1, 0x4E,
    0xC7, 0xC1, 0xB1, 0x43, 0xEA, 0x15, 0xD8, 0xAB, 0xED, 0xD4, 0x07, 0x18, 0x4F, 0xEA, 0x91, 0x54,
    0xEE, 0xEB, 0x92, 0xAF, 0xA6, 0x57, 0x9A, 0xB9, 0xF5, 0x04, 0x9A, 0xCF, 0x9E, 0x26, 0xA2, 0xD8,
    0x22, 0x0D, 0x97, 0xED, 0xAB, 0xDD, 0xCD, 0x59, 0xAF, 0xE6, 0x3C, 0x4B, 0xC5, 0x4A, 0xE2, 0x80,
    0xE2, 0x5C, 0xE9, 0x3C, 0x55, 0xF6, 0xAB, 0xEB, 0xEB, 0xF7, 0x84, 0xEA, 0xCF, 0xB8, 0x3C, 0xF4,
    0x46, 0x46, 0xAE, 0x71, 0x07, 0x78, 0x0D, 0xEB, 0x51, 0x61, 0xD4, 0x7C, 0x99, 0x2C, 0xD3, 0x1F,
    0x6F, 0xB4, 0x1D, 0x8F, 0xAF, 0x85, 0xD5, 0x7C, 0xFA, 0x52, 0xB0, 0x11, 0xF6, 0x9B, 0x08, 0xB6,
    0x59, 0x90, 0x38, 0x0B, 0x4A, 0x16, 0x24, 0x28, 0x78, 0x7B, 0x48, 0xB9, 0xCD, 0xC5, 0xF5, 0xF0,
    0x8E, 0x43, 0xF7, 0xCD, 0x57, 0xEA, 0xC9, 0x0A, 0xA3, 0xE6, 0x3C, 0x4F, 0x5A, 0x66, 0xDF, 0xE8,
    0x73, 0x88, 0xA0, 0xE3, 0x08, 0xEA, 0x8F, 0x3C, 0x60, 0xFE, 0x8E, 0x1E, 0x5F, 0x6E, 0x88, 0x6B,
    0xF2, 0x77, 0x33, 0xB4, 0x3E, 0xBF, 0x74, 0x76, 0x5E, 0x39, 0x34, 0x71, 0x18, 0xE2, 0x02, 0x23,
    0xCC, 0xFA, 0x99, 0xF9, 0x0C, 0xD0, 0xA0, 0x73, 0xDA, 0x37, 0x1B, 0x02, 0xBE, 0x85, 0xEE, 0xE9,
    0xED, 0xFB, 0x10, 0xF9, 0xC8, 0xD7, 0x1C, 0xBB, 0x36, 0xBC, 0x2D, 0x5E, 0x7B, 0x44, 0x38, 0x68,
    0xC6, 0xEF, 0x3E, 0xD1, 0x2B, 0xCF, 0xC2, 0x12, 0x66, 0x80, 0xE2, 0x03, 0xC0, 0xF8, 0x6E, 0x29,
    0xD3, 0x7C, 0x5D, 0x4A, 0x88, 0xBF, 0xF4, 0x30, 0x21, 0x27, 0x14, 0x3C, 0xCE, 0x16, 0x7E, 0x25,
    0xCA, 0xD0, 0xC3, 0x2A, 0xF1, 0xB0, 0x22, 0x1B, 0x6C, 0xEC, 0x01, 0xAC, 0x87, 0x1D, 0xAC, 0x83,
    0x76, 0xEC, 0xC1, 0x68, 0xF1, 0xC2, 0xF4, 0xF3, 0x94, 0x31, 0x40, 0x39, 0x3B, 0xC2, 0x38, 0xBB,
    0x94, 0xD2, 0x5B, 0x91, 0x00, 0x6B, 0x64, 0x81, 0x6D, 0x64, 0x44, 0x36, 0xE1, 0x9B, 0x01, 0x10,
    0xF1, 0x95, 0xC8, 0xCA, 0xBB, 0x53, 0x1E, 0x8F, 0xB4, 0xC3, 0x77, 0xCD, 0xDE, 0xBE, 0x00, 0x08,
    0xDC, 0xDF, 0x8B, 0x1E, 0x52, 0xE4, 0xFD, 0x39, 0xE7, 0xC2, 0x1B, 0x91, 0x50, 0x8A, 0x2C, 0xD0,
    0x32, 0xF0, 0x76, 0x68, 0xBB, 0xFC, 0xAC, 0x7C, 0x39, 0xDE, 0x7C, 0x1A, 0x41, 0x7B, 0x56, 0xD9,
    0x9E, 0xB5, 0x78, 0xE5, 0x61, 0x69, 0x4F, 0xE5, 0xCD, 0x4D, 0x7B, 0x36, 0x19, 0x76, 0x47, 0xEB,
    0x39, 0x85, 0x4E, 0x7B, 0xEA, 0x68, 0xCF, 0xE2, 0x6C, 0xCF, 0x27, 0x1E, 0x46, 0xFE, 0x2A, 0xDB,
    0x13, 0x4D, 0xE8, 0x01, 0x2B, 0x1E, 0xBC, 0x1F, 0xF0, 0x86, 0xA0, 0xA6, 0x3C, 0x35, 0xAC, 0x9D,
    0x01, 0xCD, 0x71, 0x7C, 0xD2, 0x8E, 0x84, 0x3B, 0x1B, 0x5A, 0x0F, 0xC4, 0xC4, 0x31, 0xDF, 0x60,
    0xC0, 0xF1, 0xEE, 0x8B, 0xFD, 0xD5, 0x7C, 0xDA, 0x8D, 0x75, 0xF1, 0x00, 0x3A, 0x40, 0xA4, 0x10,
    0xCE, 0xD9, 0x54, 0x69, 0xFD, 0x83, 0xED, 0xCA, 0xCA, 0x9A, 0x57, 0x9E, 0xF9, 0x52, 0x2B, 0x7B,
    0x5A, 0xBE, 0x07, 0x91, 0x4F, 0x66, 0x1A, 0x62, 0x66, 0x4F, 0x67, 0xE5, 0x61, 0x98, 0x89, 0xBB,
    0xD9, 0x0C, 0x68, 0x67, 0x0B, 0xD4, 0xB3, 0x00, 0x55, 0x86, 0x4D, 0xE8, 0xD1, 0x50, 0xA4, 0x9D,
    0xF5, 0x04, 0x3D, 0x77, 0x6B, 0x21, 0x73, 0x43, 0x05, 0xA5, 0xC8, 0x67, 0x33, 0xB4, 0xFC, 0xFD,
    0x1C, 0x0D, 0x51, 0x7B, 0x9A, 0x22, 0x5B, 0xBC, 0x74, 0xD0, 0x63, 0x15, 0x3E, 0x90, 0x81, 0x77,
    0x94, 0xBF, 0x66, 0xE0, 0xE2, 0xF3, 0x3E, 0xF9, 0x9E, 0x7D, 0x49, 0xA1, 0xD3, 0x59, 0x25, 0x93,
    0xB5, 0xB2, 0xD8, 0xED, 0x27, 0xAB, 0x1D, 0xD3, 0x9F, 0xC1, 0x60, 0xF1, 0xD5, 0xCA, 0xF7, 0x61,
    0x9D, 0x38, 0xEB, 0xBE, 0x8F, 0xBC, 0xDC, 0xE9, 0xF5, 0xF0, 0x45, 0x3F, 0xFC, 0xA2, 0x14, 0xFE,
    0xF0, 0x3E, 0xD2, 0x12, 0xB7, 0xDB, 0x17, 0xFF, 0x8A, 0xAD, 0x5A, 0xBB, 0x55, 0xBC, 0x71, 0x7F,
    0xF2, 0xA5, 0xA2, 0x0A, 0xC5, 0x75, 0x44, 0xBD, 0x45, 0x74, 0x73, 0x84, 0x19, 0x61, 0x0B, 0x01,
    0x6C, 0xBD, 0x46, 0x74, 0x3E, 0xC2, 0xB8, 0x08, 0x19, 0x88, 0x91, 0x98, 0x23, 0x7E, 0xCE, 0xAB,
    0x25, 0xE5, 0x20, 0x2E, 0x42, 0x4F, 0x11, 0xED, 0x12, 0x51, 0x6D, 0x54, 0x2A, 0xFD, 0xBB, 0xF6,
    0x25, 0xCB, 0xBD, 0x32, 0xA0, 0x7E, 0x0A, 0x51, 0xCC, 0xD5, 0x83, 0x58, 0xF9, 0x5F, 0xFA, 0x60,
    0xF8, 0x50, 0x3E, 0xB7, 0x9E, 0xFF, 0xC8, 0x87, 0xD6, 0x4B, 0x5F, 0x09, 0xC7, 0x9C, 0x59, 0xAB,
    0x5A, 0xE2, 0x66, 0x7D, 0x6D, 0x9B, 0x7B, 0xAF, 0x69, 0x44, 0x8F, 0x11, 0x36, 0x33, 0xC2, 0x42,
    0x8A, 0xB0, 0x9E, 0x7E, 0xEB, 0x18, 0xC0, 0x53, 0x0E, 0xE0, 0x3D, 0x76, 0xEB, 0x8C, 0x1B, 0x01,
    0xEC, 0x88, 0x11, 0x7A, 0x64, 0xF6, 0x38, 0xF9, 0xE3, 0x0A, 0xA8, 0x63, 0x3A, 0xBA, 0xF7, 0x7C,
    0xB6, 0xFB, 0x20, 0x65, 0x3B, 0x79, 0x75, 0xB6, 0x23, 0x72, 0xB6, 0x1B, 0x5F, 0x9A, 0xED, 0x2C,
    0xD5, 0xBF, 0xDA, 0x29, 0x0E, 0x04, 0xDE, 0xDC, 0x33, 0xFE, 0xC4, 0xC0, 0x9C, 0x78, 0x83, 0x93,
    0x9A, 0x20, 0x13, 0x53, 0xC8, 0x64, 0x80, 0x2E, 0xE7, 0x56, 0x39, 0xC1, 0x9E, 0xA0, 0x07, 0xA8,
    0x89, 0x19, 0x7F, 0x62, 0xC6, 0x9F, 0x1A, 0x2A, 0x60, 0xC6, 0x9F, 0x60, 0xA4, 0x9D, 0x62, 0x60,
    0x46, 0x00, 0xAF, 0xC6, 0xAD, 0xAB, 0x7B, 0xE5, 0x6A, 0xBB, 0xD5, 0x9A, 0xC5, 0xCA, 0x6C, 0x67,
    0x58, 0x97, 0xA6, 0x9C, 0xF0, 0x05, 0x2B, 0xEC, 0xC4, 0x9C, 0x85, 0x4E, 0xC4, 0xE9, 0xD1, 0x38,
    0xDD, 0xD7, 0x30, 0xFD, 0xFE, 0x11, 0x26, 0x00, 0xAD, 0x2C, 0x28, 0x45, 0x68, 0x6B, 0x07, 0x98,
    0x91, 0xCD, 0x7D, 0x8B, 0x7D, 0xEE, 0xA3, 0x49, 0x3F, 0x17, 0xA7, 0x84, 0xDE, 0xB7, 0x70, 0x62,
    0xE5, 0x85, 0x7C, 0x70, 0x47, 0xD2, 0xA7, 0xBC, 0x53, 0x81, 0xC5, 0xD7, 0x2A, 0xF7, 0xE2, 0x6A,
    0x01, 0xF9, 0x2A, 0xC5, 0x0C, 0xA5, 0xE8, 0xA9, 0x11, 0x25, 0x22, 0xAD, 0x6C, 0x52, 0x8A, 0x17,
    0x5C, 0x32, 0x95, 0xA0, 0x7C, 0x4F, 0xF3, 0x49, 0xAE, 0x46, 0xB4, 0x7C, 0x5D, 0x53, 0xAE, 0xF1,
    0xD0, 0x03, 0x67, 0xE3, 0x99, 0x61, 0x05, 0x05, 0x33, 0x03, 0xA4, 0x64, 0xCC, 0x56, 0x33, 0xA0,
    0x7F, 0xEE, 0x01, 0xF5, 0xD1, 0x04, 0x74, 0x4F, 0x1C, 0xD0, 0xE6, 0xF7, 0x36, 0x00, 0xD5, 0xE9,
    0x23, 0x0C, 0xD6, 0xA8, 0x99, 0xDB, 0x8B, 0xF7, 0xF4, 0x00, 0xDA, 0x48, 0x39, 0x00, 0xDD, 0xD8,
    0x8D, 0xF8, 0x05, 0x94, 0x6B, 0xA7, 0x22, 0x4D, 0x4A, 0xF9, 0x2A, 0x20, 0x5A, 0xD8, 0x57, 0xC2,
    0xD0, 0x5F, 0x1A, 0xE9, 0x03, 0xCA, 0xB5, 0x7D, 0xE2, 0x36, 0x14, 0xAB, 0xFA, 0x87, 0x8F, 0x57,
    0x20, 0xE8, 0xE6, 0x37, 0x0B, 0x60, 0x6D, 0x9D, 0x3E, 0x2A, 0x6E, 0x95, 0x78, 0x40, 0xAF, 0x45,
    0x9E, 0xB2, 0x81, 0x70, 0x04, 0x3C, 0x47, 0x97, 0x1B, 0x36, 0xD6, 0x8C, 0x50, 0x3D, 0xEE, 0x0C,
    0x78, 0xE3, 0x3E, 0x93, 0xBB, 0x6B, 0x67, 0x48, 0x5F, 0xAF, 0x65, 0xD4, 0x2C, 0xD5, 0x0A, 0xC8,
    0x47, 0x54, 0x20, 0xE3, 0x0B, 0x3D, 0xE7, 0x61, 0x0E, 0x21, 0xF3, 0x4B, 0x9F, 0xE7, 0xB7, 0xAA,
    0x8D, 0xFF, 0xC1, 0x17, 0x48, 0xDF, 0xF9, 0xFC, 0xA9, 0xBA, 0xF3, 0xF7, 0x80, 0xF2, 0x7D, 0x3B,
    0xA0, 0x5E, 0x69, 0xB6, 0x45, 0x4D, 0xF9, 0xDD, 0xA9, 0xE3, 0x6B, 0x14, 0xDF, 0xA8, 0x32, 0x6C,
    0x5F, 0xEC, 0x13, 0x82, 0x01, 0xB0, 0x3F, 0x5B, 0xF9, 0x86, 0x12, 0xA1, 0x3E, 0x99, 0x81, 0xF6,
    0xB7, 0x3E, 0x42, 0x26, 0x36, 0xEE, 0xD8, 0xF8, 0x00, 0xA6, 0x3C, 0x50, 0x1A, 0x40, 0x38, 0x7D,
    0x5A, 0x27, 0xF2, 0x87, 0x56, 0x4F, 0x4C, 0xFB, 0x47, 0x8A, 0x3B, 0x71, 0xEA, 0xD6, 0x88, 0x4C,
    0x2C, 0x77, 0xAE, 0x2D, 0xB3, 0xEA, 0x00, 0xC8, 0xF9, 0x9B, 0x5F, 0x37, 0x65, 0x87, 0x95, 0x3C,
    0x1C, 0xF5, 0x42, 0x0D, 0xF9, 0xD4, 0x5E, 0xCF, 0xB3, 0x80, 0xCB, 0x63, 0x54, 0xC2, 0xD4, 0xAB,
    0x1C, 0xAD, 0xA7, 0x7B, 0x68, 0x90, 0xFB, 0x0A, 0x18, 0x76, 0xE8, 0x9D, 0x95, 0x71, 0x61, 0x17,
    0xFA, 0x02, 0x2C, 0x9E, 0x97, 0x21, 0x7B, 0x6A, 0x68, 0x67, 0x34, 0x82, 0x22, 0x00, 0x7F, 0xF8,
    0x28, 0xBC, 0x72, 0xF9, 0x1B, 0x80, 0xF5, 0xF6, 0x0F, 0x47, 0xC7, 0xB9, 0xCE, 0x90, 0x3A, 0xF4,
    0x62, 0xB1, 0x48, 0x1D, 0x61, 0x0F, 0xD1, 0x85, 0xFC, 0x5F, 0xB5, 0x8D, 0x25, 0xBD, 0x06, 0xF1,
    0xFA, 0x4B, 0xEA, 0x51, 0x1F, 0x0D, 0x40, 0xF3, 0xEF, 0x06, 0xE0, 0x57, 0xB0, 0xA2, 0x4F, 0x6A,
    0x16, 0x2D, 0x9F, 0x2F, 0xD6, 0xCA, 0xFC, 0xF0, 0x42, 0xA6, 0x9F, 0xE2, 0x8D, 0xFE, 0xFF, 0x00,
    0xCD, 0x99, 0x01, 0xA4, 0x25, 0x59, 0x7A, 0xC7, 0x7F, 0x55, 0xB5, 0xDD, 0xD5, 0xE9, 0xB2, 0xA9,
    0x90, 0x6E, 0x76, 0x7B, 0x93, 0xAD, 0xC6, 0xA2, 0x67, 0x66, 0xB3, 0x15, 0x00, 0xF4, 0xF4, 0xA9,
    0xDD, 0x26, 0x01, 0xA4, 0x43, 0x3F, 0x8B, 0xC1, 0x0E, 0x82, 0x31, 0x83, 0x1E, 0x40, 0xA0, 0xA7,
    0xCA, 0x0C, 0x60, 0x60, 0x60, 0x03, 0x21, 0x5A, 0x34, 0x7A, 0xDF, 0x90, 0x09, 0x16, 0x2B, 0xBA,
    0xFB, 0x54, 0xA6, 0x11, 0x2C, 0x52, 0x36, 0x18, 0x04, 0x5B, 0x62, 0x97, 0x64, 0x17, 0x73, 0xB2,
    0xB9, 0x89, 0xEA, 0xEE, 0x53, 0xF5, 0x4F, 0x7D, 0xEE, 0x7D, 0xEF, 0xCD, 0x1B, 0xBD, 0x33, 0x99,
    0x31, 0xF3, 0xF2, 0xCE, 0xAD, 0xF3, 0xFB, 0xCE, 0x3B, 0x75, 0xCE, 0x77, 0xFE, 0xDF, 0x39, 0xF7,
    0x9E, 0x7B, 0xEB, 0x3C, 0xA8, 0x9B, 0xB6, 0xF7, 0x7D, 0xDB, 0xD7, 0x0D, 0x58, 0xFA, 0x26, 0x35,
    0x35, 0x6E, 0xFB, 0x6A, 0x9C, 0xBD, 0xBA, 0x8F, 0xBC, 0x1A, 0x92, 0x1B, 0x90, 0x6D, 0xB6, 0xB9,
    0x58, 0xC0, 0x6B, 0xCC, 0xA4, 0x58, 0xEA, 0xA9, 0xEA, 0xFF, 0x0A, 0x0F, 0xDC, 0xA3, 0x70, 0xA5,
    0xBD, 0x1E, 0xF0, 0x59, 0x40, 0x6B, 0x5E, 0xD6, 0xEC, 0x77, 0xD9, 0xBD, 0xB5, 0xE6, 0x7F, 0x09,
    0x57, 0xAB, 0xA7, 0xFF, 0xB9, 0x14, 0xD2, 0x92, 0x4A, 0x13, 0xAD, 0x7A, 0xB2, 0xE9, 0xC8, 0x67,
    0xF2, 0x77, 0x1D, 0x54, 0x8A, 0xD0, 0x4A, 0xA0, 0x5F, 0xA9, 0x49, 0x17, 0xBE, 0x4D, 0x16, 0xD9,
    0x36, 0x20, 0x0F, 0x56, 0x32, 0xD8, 0x9F, 0xBC, 0xB6, 0xEC, 0xDF, 0xC1, 0x4B, 0x61, 0x8B, 0x8B,
    0xDA, 0xBB, 0x01, 0x1E, 0xA0, 0x7D, 0x06, 0x1E, 0x02, 0x67, 0xD5, 0x81, 0xD7, 0xF2, 0x52, 0xD0,
    0x9A, 0xA6, 0x6B, 0xDF, 0xF5, 0x1A, 0x21, 0x7D, 0x02, 0xF0, 0x7B, 0x25, 0x4C, 0xEE, 0xC3, 0xA7,
    0x8B, 0xB3, 0xA0, 0xA4, 0x90, 0x4D, 0x65, 0x28, 0x42, 0x1E, 0x8A, 0x31, 0xDB, 0x58, 0xB6, 0x72,
    0x16, 0xAB, 0x50, 0x4A, 0x1B, 0x27, 0xCD, 0xF5, 0xCF, 0x9F, 0xC4, 0x02, 0x5E, 0x07, 0xB8, 0xD8,
    0x58, 0x76, 0x03, 0xB8, 0xBE, 0x0E, 0xA0, 0xAE, 0x8C, 0x24, 0x22, 0x9B, 0xC9, 0xAC, 0x40, 0x31,
    0x81, 0xEF, 0xAB, 0x00, 0x6E, 0x74, 0x3D, 0x94, 0xC1, 0x77, 0x50, 0x44, 0x01, 0x99, 0x66, 0x00,
    0x4D, 0xC6, 0x36, 0x00, 0xCF, 0xFB, 0x27, 0x77, 0xC1, 0x49, 0xD3, 0x01, 0x2F, 0xB6, 0xBF, 0xBA,
    0x0B, 0xD4, 0x3D, 0x47, 0xF5, 0x47, 0xB4, 0xFA, 0x63, 0x7C, 0xB8, 0x7C, 0x24, 0x59, 0xE4, 0xFC,
    0xE8, 0x78, 0xCD, 0xF9, 0xC7, 0x80, 0xD7, 0x40, 0x26, 0x6D, 0xC8, 0x97, 0xF7, 0x26, 0xCA, 0x40,
    0xA0, 0x1C, 0x61, 0x87, 0x80, 0xAD, 0x73, 0x63, 0xFA, 0x16, 0x28, 0xA4, 0x91, 0x5A, 0x8A, 0xB8,
    0xDE, 0x8B, 0xB6, 0x49, 0x84, 0x6F, 0x68, 0x69, 0xFB, 0x15, 0x6E, 0x41, 0x54, 0x7A, 0x1A, 0xC9,
    0xCD, 0x1F, 0xB7, 0x14, 0x20, 0xF1, 0x13, 0x90, 0x47, 0x20, 0x8D, 0x7C, 0xD5, 0x50, 0xF7, 0x59,
    0xC4, 0x2D, 0x7E, 0x43, 0x69, 0xFE, 0x12, 0xA9, 0x81, 0xB3, 0x77, 0xA1, 0x6A, 0x7E, 0xE2, 0xDE,
    0x57, 0xFB, 0x33, 0xAD, 0xBC, 0xC4, 0x2B, 0x70, 0xE9, 0x2E, 0x98, 0xB3, 0x81, 0xED, 0xA8, 0xE8,
    0x9D, 0xB3, 0x22, 0x8B, 0x16, 0x5F, 0x39, 0x9E, 0xBD, 0x5B, 0x84, 0xAA, 0x6F, 0xF5, 0xE6, 0xE4,
    0x52, 0xA9, 0x8F, 0xD7, 0xF2, 0xB9, 0x6A, 0xDE, 0xB8, 0x5F, 0x8E, 0x09, 0x2E, 0x96, 0x3D, 0x2B,
    0xEB, 0x0E, 0xEA, 0x1D, 0x2B, 0xE3, 0x7D, 0xAB, 0x77, 0x0F, 0xCA, 0x90, 0x72, 0xCD, 0x65, 0xCB,
    0x7B, 0xDD, 0x03, 0xF7, 0x5D, 0xEB, 0x5B, 0xF6, 0xB5, 0xAE, 0xAF, 0xAB, 0xCB, 0x8D, 0x72, 0x4C,
    0x17, 0x2C, 0x20, 0xFF, 0x1F, 0x2F, 0x09, 0x2A, 0x0B, 0xC5, 0x34, 0x76, 0x40, 0xD2, 0x60, 0x29,
    0x8B, 0xB1, 0x52, 0x74, 0x1F, 0xC4, 0x36, 0x89, 0x9E, 0xF8, 0x10, 0xE3, 0x5A, 0x76, 0xFF, 0x1A,
    0xAB, 0x25, 0xE6, 0xD3, 0x7D, 0x2E, 0xD3, 0x70, 0x3B, 0x99, 0x98, 0xB3, 0xCD, 0xF6, 0x1D, 0x54,
    0xF7, 0x55, 0x6F, 0x1F, 0xA6, 0x05, 0x9F, 0xCE, 0xB8, 0x5E, 0x94, 0xA3, 0xEB, 0xF2, 0x50, 0x0D,
    0x69, 0x2C, 0xEC, 0x73, 0x32, 0x71, 0x95, 0x80, 0x2D, 0xFB, 0xFE, 0xFE, 0xFE, 0x8F, 0x5A, 0xAD,
    0xE9, 0x08, 0x00, 0x9F, 0x0C, 0x38, 0x7B, 0x0F, 0xF0, 0xEA, 0x58, 0xA3, 0x0A, 0x14, 0xBF, 0xFC,
    0xF3, 0x48, 0xF5, 0x83, 0xF9, 0x1A, 0xD7, 0x2A, 0x5F, 0xF3, 0x62, 0x55, 0x96, 0x5C, 0xAD, 0x96,
    0xB2, 0xB9, 0x5A, 0xC5, 0xB2, 0x79, 0xB1, 0xBA, 0x5A, 0x52, 0x57, 0x2F, 0xD6, 0x94, 0x7F, 0xF3,
    0xCD, 0xDB, 0x14, 0x21, 0x8D, 0xA4, 0x52, 0x80, 0x56, 0x0D, 0x24, 0x37, 0xAC, 0x10, 0xBC, 0xC2,
    0xAB, 0xFB, 0x77, 0xD8, 0xA7, 0xD0, 0x50, 0x29, 0xB8, 0x24, 0xDE, 0x66, 0xBD, 0xEE, 0xAF, 0xD7,
    0x5A, 0xAE, 0x3F, 0x0C, 0x6B, 0x3D, 0x0F, 0x21, 0x9B, 0x78, 0x26, 0x9E, 0x7F, 0x77, 0xD9, 0x6F,
    0x4C, 0x7F, 0x6F, 0xE8, 0xED, 0xCF, 0xE6, 0x99, 0x8D, 0x6D, 0x3C, 0x4B, 0x1C, 0x36, 0xDE, 0x82,
    0x5D, 0xCA, 0x67, 0x6A, 0x35, 0xED, 0x7B, 0xFD, 0xD5, 0xB2, 0xA7, 0xEA, 0x70, 0x30, 0x93, 0x6D,
    0x28, 0x07, 0xDC, 0x0F, 0x1B, 0xA7, 0x7E, 0xBD, 0xAA, 0x85, 0x4A, 0x5C, 0x12, 0x44, 0xF2, 0x40,
    0xB9, 0x50, 0xAA, 0xA3, 0xEC, 0xD7, 0xEB, 0x2B, 0x65, 0xEF, 0xD4, 0xD4, 0xF3, 0x6E, 0x9C, 0x3F,
    0x4E, 0x62, 0xBE, 0xD4, 0x1B, 0xD7, 0x7D, 0x8D, 0xE7, 0xE1, 0x5E, 0x0B, 0xF3, 0xFF, 0x3D, 0xA7,
    0x73, 0xDB, 0x65, 0x73, 0x3B, 0x94, 0x73, 0x2B, 0xAD, 0x79, 0x9E, 0x5B, 0x1F, 0xE6, 0xF6, 0x0C,
    0xB4, 0x1C, 0xCF, 0x17, 0x01, 0xCE, 0xEC, 0xED, 0xDD, 0xC4, 0x4B, 0x4B, 0xAE, 0x15, 0xA5, 0xC1,
    0x29, 0x26, 0x06, 0x96, 0xD6, 0xE0, 0x0D, 0xED, 0x21, 0x9C, 0xA1, 0x36, 0x94, 0x86, 0xCC, 0xC0,
    0x2D, 0x43, 0xF6, 0x19, 0x70, 0x09, 0xD7, 0xFB, 0xF5, 0xE5, 0xBA, 0x33, 0x14, 0x5D, 0x89, 0xA3,
    0x1D, 0x5F, 0xD8, 0x24, 0x53, 0x3E, 0xF9, 0x20, 0x5B, 0xE0, 0x3B, 0x65, 0x68, 0x83, 0x0B, 0xBF,
    0x1F, 0xB2, 0x63, 0x2F, 0xE0, 0x1F, 0x0E, 0x56, 0xFB, 0x7B, 0xB1, 0x25, 0xBE, 0x81, 0xD1, 0x56,
    0xFB, 0xD7, 0x9B, 0x52, 0x63, 0xAA, 0xE6, 0x1C, 0x97, 0xB9, 0xCD, 0x44, 0xCB, 0x4C, 0xDD, 0xB7,
    0x94, 0xA1, 0xEE, 0xED, 0x2D, 0x9E, 0xCE, 0xF9, 0xC4, 0x92, 0xC5, 0x34, 0xDA, 0x16, 0x59, 0x0E,
    0xE5, 0x60, 0xDF, 0x18, 0x1E, 0x9F, 0x44, 0xAE, 0xF2, 0x63, 0xC0, 0x86, 0x85, 0x33, 0x0D, 0x45,
    0x80, 0xAA, 0xC7, 0x05, 0x70, 0x0D, 0x75, 0x00, 0xC1, 0xD9, 0x40, 0x12, 0x21, 0x0D, 0xB6, 0xB0,
    0x66, 0xCA, 0x60, 0xC6, 0x1A, 0x9A, 0x71, 0x8D, 0x19, 0x84, 0x99, 0x24, 0x62, 0xC6, 0x1A, 0x02,
    0xEB, 0xD8, 0x01, 0xF3, 0x98, 0x07, 0xCC, 0xA3, 0x75, 0x44, 0xE6, 0xDE, 0x3C, 0x2A, 0xB0, 0x7A,
    0x4C, 0xFF, 0x27, 0x58, 0xC3, 0xE2, 0xDF, 0x82, 0x35, 0x2C, 0x25, 0x6B, 0x58, 0x98, 0x11, 0xC9,
    0xF7, 0xFF, 0xFB, 0x63, 0x43, 0xC3, 0x6F, 0x93, 0xDB, 0x99, 0x5C, 0xFC, 0x31, 0xB9, 0x93, 0x19,
    0x8A, 0xE3, 0x72, 0x3B, 0x33, 0xF8, 0x63, 0x72, 0x27, 0x2C, 0x15, 0xA1, 0x9C, 0x30, 0x8F, 0xED,
    0x82, 0x79, 0x5C, 0x3C, 0xE0, 0xF9, 0x7B, 0x87, 0x79, 0xC4, 0x61, 0x1E, 0x99, 0xAD, 0xA1, 0x95,
    0xCC, 0x63, 0x39, 0x5A, 0x43, 0xBB, 0xF0, 0xA0, 0x3D, 0x6B, 0x88, 0x64, 0x72, 0xCD, 0xD4, 0x0B,
    0x70, 0x93, 0x5A, 0x58, 0xCD, 0x25, 0x41, 0x69, 0xEA, 0xAC, 0x2B, 0xF9, 0x76, 0x92, 0xCB, 0x19,
    0xAC, 0x5E, 0x8D, 0xD5, 0x53, 0x75, 0xD6, 0x95, 0xB2, 0x2F, 0x03, 0x5C, 0xA8, 0x3A, 0x53, 0xED,
    0x64, 0x0D, 0x71, 0x11, 0x01, 0x89, 0x35, 0xBC, 0x0F, 0x36, 0x77, 0x11, 0xF3, 0x98, 0x47, 0xB0,
    0xB9, 0x33, 0xE3, 0x1A, 0x67, 0x46, 0xCC, 0xF7, 0x4D, 0x75, 0xBA, 0xB9, 0x6F, 0x0D, 0x33, 0xA9,
    0xB7, 0xD5, 0x30, 0x53, 0xF5, 0xEC, 0xCD, 0x8D, 0x79, 0x34, 0x2F, 0xC2, 0xCC, 0x51, 0xDA, 0xC6,
    0x68, 0x1E, 0x8B, 0xB8, 0xB5, 0xE9, 0x86, 0xC3, 0x94, 0x06, 0xF3, 0xC6, 0x36, 0xFA, 0x09, 0x7C,
    0x24, 0xD3, 0x80, 0x8D, 0x5C, 0x5B, 0x38, 0x3D, 0xB4, 0x9D, 0x65, 0x2E, 0xBB, 0x9E, 0xE8, 0xC6,
    0x6C, 0xA9, 0x96, 0xF7, 0x62, 0x21, 0xD9, 0xD8, 0x1D, 0xF5, 0x04, 0x5C, 0xC6, 0xD2, 0x03, 0x03,
    0xDB, 0xBD, 0x5B, 0x1B, 0xD8, 0x0E, 0x08, 0xFC, 0x05, 0x87, 0xE9, 0xCC, 0x0D, 0xD8, 0x7A, 0x06,
    0xB7, 0x31, 0xB6, 0x93, 0xD1, 0x47, 0xE3, 0xB2, 0x00, 0x69, 0x14, 0x90, 0x45, 0x6F, 0xDC, 0xB8,
    0xCE, 0x16, 0x67, 0xFB, 0x05, 0x5E, 0x0F, 0x50, 0x0D, 0x65, 0x30, 0x59, 0x46, 0xD7, 0xE5, 0xA6,
    0xF8, 0x87, 0xDF, 0x8F, 0x20, 0x69, 0x26, 0x59, 0xB9, 0x90, 0xAD, 0x14, 0xD9, 0xBC, 0xB7, 0xE7,
    0xBB, 0x62, 0xB3, 0x6D, 0x6C, 0xAC, 0x46, 0xA8, 0xC6, 0xDA, 0x5C, 0x99, 0x43, 0xEC, 0x1E, 0xE7,
    0xE0, 0x60, 0xBE, 0x32, 0x19, 0xEB, 0xC5, 0xD8, 0x0E, 0xC6, 0x2B, 0x9C, 0x5E, 0xE5, 0xC5, 0x70,
    0xA8, 0x24, 0xD1, 0x02, 0x14, 0x53, 0xDB, 0x43, 0xD6, 0xE5, 0xCD, 0xA9, 0xD5, 0x7C, 0x21, 0x69,
    0x20, 0xD3, 0x5F, 0x0F, 0x50, 0x4A, 0x76, 0xEB, 0xA7, 0x6A, 0xE0, 0x3C, 0x17, 0x38, 0xAD, 0x9A,
    0xD3, 0x77, 0xCE, 0x37, 0x50, 0x6E, 0x9C, 0x55, 0x4E, 0x6E, 0x38, 0x28, 0xA7, 0x43, 0x75, 0x7A,
    0xE7, 0xB9, 0xE8, 0x8E, 0x94, 0xD8, 0xAE, 0x01, 0xE1, 0x45, 0xE3, 0xC6, 0xC8, 0xC3, 0x68, 0x74,
    0xE1, 0x74, 0x69, 0x86, 0xBD, 0x3D, 0x7B, 0x9C, 0xC0, 0x1C, 0x04, 0x20, 0xDB, 0xD9, 0x42, 0xD2,
    0x08, 0x54, 0x11, 0x4B, 0xB8, 0x9D, 0xD5, 0xD6, 0x26, 0x3B, 0x9B, 0x3D, 0xD9, 0xDA, 0xF2, 0x37,
    0x5B, 0x5B, 0xBF, 0xBF, 0xEC, 0xEF, 0x03, 0xEE, 0x7B, 0x92, 0x1A, 0x50, 0x6A, 0x96, 0x34, 0x6E,
    0x6D, 0x6E, 0x5B, 0x2D, 0x26, 0x60, 0x6B, 0x6B, 0xC9, 0x2C, 0xED, 0xCE, 0xCA, 0xAC, 0x05, 0x8F,
    0xDD, 0x37, 0x85, 0x66, 0x29, 0x47, 0xAC, 0x7F, 0x70, 0xFD, 0xD6, 0x7A, 0xB6, 0x76, 0xFB, 0xF3,
    0xD9, 0xCA, 0x1D, 0xE6, 0x6B, 0xC2, 0x3C, 0x2C, 0xA4, 0xFA, 0xC5, 0x37, 0xD4, 0xE4, 0x0B, 0x2C,
    0x94, 0x13, 0x5C, 0x39, 0x98, 0xF1, 0xFE, 0x88, 0x6D, 0x87, 0xB1, 0x31, 0x7A, 0x23, 0xED, 0x96,
    0xDD, 0xC7, 0x5B, 0x6E, 0xFB, 0x9A, 0x9F, 0x0B, 0x14, 0x82, 0xFB, 0x64, 0x7A, 0xFC, 0xDA, 0xB2,
    0x1B, 0x6B, 0x37, 0xEE, 0x56, 0x03, 0xE5, 0xF6, 0x3D, 0xC9, 0xD1, 0x5A, 0xBF, 0x30, 0x19, 0x89,
    0x86, 0x6C, 0xBB, 0xD6, 0xE1, 0x68, 0x4C, 0xD8, 0x6D, 0xE4, 0xB7, 0x01, 0xF5, 0x60, 0xBE, 0x8A,
    0x19, 0xD3, 0xBC, 0x5B, 0x9D, 0x9B, 0x92, 0xE2, 0x61, 0x06, 0x9E, 0x99, 0xA5, 0xFE, 0x58, 0xFE,
    0x6D, 0xED, 0xF6, 0xF7, 0xEF, 0x7D, 0xD4, 0x1F, 0x9C, 0x03, 0xDE, 0x80, 0x54, 0x50, 0x0B, 0xDC,
    0x68, 0x43, 0x9F, 0xCC, 0xD8, 0xC5, 0x00, 0x6E, 0x02, 0x89, 0x7C, 0x6A, 0xFB, 0xB4, 0x4B, 0xBB,
    0x93, 0x18, 0x37, 0xBD, 0x73, 0xBE, 0x2B, 0x26, 0x37, 0x96, 0x71, 0xCD, 0xAB, 0x4D, 0xC7, 0xE2,
    0x64, 0xC6, 0x85, 0xDC, 0xBE, 0xE3, 0x29, 0xD4, 0xD1, 0x0E, 0x58, 0xB4, 0xAC, 0x63, 0x7A, 0x2D,
    0xDB, 0x0B, 0xF1, 0x99, 0xAE, 0x3D, 0x1D, 0xF5, 0x85, 0x8E, 0x7C, 0xA4, 0x0E, 0x89, 0x42, 0xB6,
    0x98, 0xEF, 0x2F, 0xD2, 0xF9, 0x43, 0x32, 0x75, 0xA5, 0x82, 0x7B, 0x2B, 0x5E, 0xE1, 0xCA, 0x17,
    0xE8, 0xF9, 0x79, 0xEE, 0xF9, 0x37, 0x17, 0x3D, 0x92, 0x7F, 0x6B, 0xF9, 0x0E, 0x3F, 0xF9, 0x02,
    0x3D, 0xAF, 0xCF, 0x25, 0x0D, 0x94, 0x92, 0x1A, 0x8C, 0x01, 0x63, 0xA4, 0x0C, 0xDC, 0x92, 0x31,
    0x51, 0xB7, 0x92, 0xB6, 0x37, 0xD6, 0xA3, 0xB1, 0x0C, 0x47, 0x2C, 0x36, 0xAD, 0xC6, 0x1D, 0xF3,
    0x5D, 0xB9, 0xB4, 0xFA, 0xF0, 0xF1, 0x96, 0x6E, 0x34, 0x7A, 0xF3, 0x93, 0xA9, 0x29, 0x9F, 0xEC,
    0xFB, 0x05, 0x1B, 0x6B, 0xC2, 0x38, 0x18, 0x1F, 0x03, 0x49, 0x73, 0x06, 0xA8, 0x96, 0x16, 0x70,
    0x5A, 0x80, 0x07, 0xB7, 0x22, 0xF0, 0x4A, 0xF2, 0x0E, 0xBB, 0xB4, 0x07, 0x5C, 0x44, 0x80, 0x47,
    0x3D, 0xC6, 0x11, 0xE3, 0x06, 0x63, 0xC4, 0x28, 0xE3, 0xA2, 0xCE, 0xE8, 0x06, 0x63, 0x15, 0xAC,
    0xBE, 0x88, 0xC6, 0x6C, 0x31, 0xA2, 0xA6, 0x45, 0xB8, 0xDE, 0x58, 0x07, 0x63, 0x39, 0x19, 0xB3,
    0xD9, 0x21, 0x50, 0x6B, 0x6C, 0x65, 0xAC, 0x8D, 0x94, 0x46, 0x32, 0x23, 0x89, 0x11, 0xFC, 0xE1,
    0x6F, 0xCC, 0x6B, 0x06, 0xD4, 0x1B, 0xFD, 0x64, 0xCC, 0x67, 0x3E, 0xF6, 0x53, 0xED, 0x85, 0x7F,
    0x3F, 0x3C, 0xC8, 0x70, 0x52, 0x84, 0xED, 0xB7, 0x90, 0x86, 0x5C, 0x7D, 0x31, 0x43, 0x3B, 0x96,
    0x1B, 0xA8, 0x42, 0x3D, 0x42, 0x31, 0xB9, 0x1E, 0xB2, 0x68, 0x4C, 0x63, 0xDB, 0xAD, 0x9C, 0x7D,
    0x03, 0xC9, 0xB2, 0x65, 0x6B, 0x5C, 0xB6, 0xF5, 0x07, 0x2D, 0x8D, 0x75, 0x80, 0x72, 0x2A, 0x27,
    0xA8, 0x43, 0x2E, 0xF0, 0x43, 0xAA, 0x5F, 0xBE, 0x64, 0x53, 0x21, 0x2D, 0x07, 0x07, 0x19, 0xB6,
    0x13, 0x1F, 0xFE, 0x3A, 0xE0, 0xDC, 0x51, 0x00, 0xA9, 0x8C, 0x95, 0x1A, 0x6C, 0xCD, 0x00, 0x9E,
    0xE3, 0xB4, 0xEB, 0x2F, 0xC6, 0xA3, 0x2F, 0x5F, 0x09, 0xC8, 0xA6, 0xBA, 0x07, 0xDB, 0x2A, 0x4F,
    0xB9, 0xF2, 0x0B, 0xC9, 0x6A, 0x52, 0x7D, 0x10, 0x30, 0x6D, 0x23, 0x94, 0x1F, 0xA8, 0x87, 0xB3,
    0xCD, 0xD7, 0x39, 0xDD, 0xCA, 0xED, 0xEB, 0x01, 0x8A, 0x68, 0x83, 0x96, 0xD1, 0x85, 0x83, 0x72,
    0x3A, 0x16, 0xA7, 0x7D, 0xCE, 0xB1, 0x63, 0xE4, 0xCE, 0x53, 0x8E, 0x6D, 0xEF, 0x86, 0x2A, 0xA8,
    0xC9, 0x35, 0x93, 0x68, 0x63, 0x82, 0x40, 0x81, 0x4C, 0x91, 0x72, 0x12, 0x76, 0x3A, 0xEB, 0xBB,
    0x32, 0x5C, 0x23, 0xEB, 0xBF, 0xC2, 0x2E, 0x75, 0x16, 0x57, 0x32, 0x59, 0x5C, 0x1F, 0x4C, 0x38,
    0xD9, 0xB2, 0xAD, 0x50, 0x7F, 0x18, 0x57, 0x2A, 0x8B, 0x2B, 0x97, 0xC5, 0x55, 0xFE, 0xDA, 0xE2,
    0x72, 0x8F, 0xA2, 0xEB, 0x50, 0xB6, 0xC6, 0x95, 0x46, 0x8B, 0x2B, 0xDF, 0x58, 0x5C, 0xD5, 0x68,
    0x74, 0x5D, 0x32, 0xB7, 0x9D, 0x2C, 0xAE, 0xF7, 0xA3, 0xC5, 0xF5, 0xD3, 0x60, 0x71, 0x69, 0xB0,
    0xB8, 0xD4, 0xED, 0xE2, 0xD2, 0x90, 0xC9, 0xE2, 0x2A, 0x64, 0x71, 0x55, 0x1F, 0x5A, 0x5C, 0xEE,
    0x4D, 0x8B, 0xEB, 0xFC, 0x61, 0x5C, 0x07, 0x27, 0x93, 0xD9, 0x08, 0x14, 0xB3, 0x41, 0x3D, 0x70,
    0x2B, 0xD8, 0x9D, 0x1E, 0x0E, 0x4E, 0xA7, 0xF7, 0x5C, 0x07, 0xFA, 0x82, 0xD0, 0x1B, 0x06, 0x92,
    0xA5, 0x36, 0xDD, 0x65, 0xA4, 0x8A, 0xB9, 0xFE, 0x4A, 0x21, 0x95, 0xAD, 0x7C, 0x2B, 0x41, 0xA1,
    0x0D, 0xB0, 0x9D, 0x42, 0xD3, 0xBA, 0x3D, 0xA8, 0xB1, 0x3A, 0xBB, 0x91, 0x2D, 0x0D, 0x30, 0x70,
    0x2A, 0xF4, 0xBD, 0x01, 0xA4, 0xEA, 0x77, 0x75, 0xEE, 0x67, 0x33, 0xFC, 0x21, 0xDF, 0x3E, 0x0D,
    0xD2, 0xEC, 0x24, 0x1C, 0xF7, 0x8F, 0x02, 0xFF, 0xBE, 0xA0, 0xB5, 0xD2, 0x7A, 0x52, 0x7E, 0x3A,
    0x56, 0xF5, 0xB2, 0x21, 0x99, 0x8E, 0x4E, 0x56, 0x5A, 0x23, 0xEA, 0x8C, 0x77, 0x0D, 0x7C, 0x09,
    0xFF, 0x1A, 0xC1, 0x3C, 0x41, 0xDD, 0x7F, 0x5E, 0xEE, 0x01, 0xE8, 0x59, 0x90, 0x3A, 0xC3, 0xC6,
    0x10, 0xD1, 0xFE, 0xBB, 0x42, 0x60, 0xA0, 0xED, 0x04, 0xEE, 0x10, 0xAD, 0x41, 0x8D, 0xC8, 0x65,
    0x8D, 0xE7, 0xC3, 0x6E, 0x3D, 0xDA, 0xBB, 0xF9, 0x6C, 0xF7, 0x70, 0xA9, 0x81, 0x5C, 0x11, 0x6A,
    0x99, 0x8F, 0x27, 0xD6, 0x9A, 0x7A, 0x48, 0x66, 0xCA, 0x31, 0x8D, 0x94, 0x43, 0x36, 0x51, 0xF5,
    0xAF, 0x4D, 0xB8, 0xCE, 0x4F, 0xE9, 0x82, 0x9F, 0x8A, 0xC8, 0x6B, 0x53, 0xA1, 0x2E, 0x9B, 0x52,
    0x8D, 0x76, 0x77, 0xB3, 0x22, 0x8B, 0x2B, 0x92, 0x79, 0x05, 0x8B, 0xC1, 0x1F, 0x83, 0xD5, 0x5D,
    0x48, 0xD6, 0x26, 0xED, 0x4B, 0x53, 0x36, 0x79, 0xEB, 0x56, 0xA9, 0x01, 0x0E, 0x36, 0x8C, 0xAC,
    0x01, 0xCA, 0x11, 0xA8, 0x26, 0x4C, 0x10, 0x40, 0x6B, 0x38, 0xCF, 0x47, 0x53, 0xF5, 0xF8, 0xFC,
    0x3B, 0x48, 0xFF, 0x1C, 0x72, 0x49, 0xA1, 0x5C, 0x5E, 0x52, 0x70, 0x81, 0x15, 0x3D, 0x2E, 0xF8,
    0xC6, 0x96, 0x89, 0x15, 0x3A, 0x0E, 0x6F, 0x68, 0x6D, 0x07, 0x73, 0x03, 0x6D, 0xA8, 0xA6, 0x54,
    0xA1, 0x30, 0x07, 0xA9, 0xF4, 0xF3, 0x40, 0xBB, 0x94, 0xE1, 0xE8, 0xCC, 0x1F, 0xBE, 0x6A, 0x70,
    0x06, 0xF5, 0x90, 0x2F, 0x07, 0xD2, 0x52, 0x4E, 0x5C, 0x4B, 0xBA, 0x00, 0xC5, 0xF6, 0x81, 0x79,
    0x04, 0x7F, 0x7D, 0x82, 0x6F, 0xF1, 0xF2, 0x09, 0xCA, 0x28, 0x86, 0xBF, 0x04, 0x37, 0x45, 0xF0,
    0x9A, 0x20, 0xBA, 0x00, 0x37, 0xCF, 0x36, 0x27, 0xA8, 0xE0, 0x3B, 0xC9, 0x06, 0xF4, 0xA7, 0x11,
    0xF4, 0xB6, 0xE1, 0xFA, 0x8A, 0xE7, 0x92, 0x3B, 0xC0, 0xFF, 0xE7, 0x7A, 0x94, 0xD7, 0xFB, 0x15,
    0x99, 0xE1, 0xED, 0x15, 0xB9, 0xD5, 0x25, 0xF3, 0x49, 0x0A, 0xBA, 0xF5, 0x98, 0x5B, 0x1B, 0x32,
    0xE9, 0x91, 0xD4, 0x54, 0xB2, 0x34, 0xB8, 0xC7, 0x5E, 0x8F, 0x7D, 0xA8, 0x9A, 0x5C, 0x4D, 0x1E,
    0xCF, 0x90, 0x2D, 0xA4, 0x11, 0xCB, 0x2C, 0xBC, 0x6A, 0x4D, 0x96, 0x5C, 0x32, 0x53, 0x6F, 0x4D,
    0xFB, 0x0B, 0xBB, 0x87, 0x27, 0x31, 0xB3, 0x90, 0x2C, 0x66, 0x58, 0xBB, 0x73, 0xD9, 0x53, 0x6B,
    0x93, 0x4C, 0xEE, 0xA9, 0xDE, 0x93, 0x62, 0x2D, 0xEB, 0xBA, 0xC9, 0x35, 0xE2, 0xD5, 0x71, 0x11,
    0x53, 0xC1, 0x37, 0x16, 0x90, 0x42, 0x26, 0x45, 0x0B, 0xB0, 0x0E, 0x3C, 0x70, 0x3D, 0x5F, 0x6B,
    0x01, 0x0F, 0x08, 0x58, 0x76, 0x65, 0xCB, 0xAE, 0x03, 0x37, 0x70, 0xB5, 0x9C, 0x12, 0x1D, 0xFE,
    0xCF, 0xDD, 0xA9, 0x23, 0x1B, 0x21, 0x1F, 0xA0, 0x8C, 0x70, 0x56, 0x80, 0xDB, 0xF6, 0xA8, 0x66,
    0xA8, 0x46, 0x8E, 0x52, 0x6E, 0x28, 0x07, 0xA0, 0xDE, 0x00, 0xC5, 0xC2, 0xCE, 0x35, 0xE7, 0x38,
    0x4A, 0x76, 0xA3, 0x01, 0xAF, 0x80, 0x49, 0xC3, 0xB4, 0x51, 0x8F, 0xF8, 0xC6, 0x26, 0xBF, 0x6F,
    0xA1, 0xEE, 0xFD, 0xEE, 0x48, 0x40, 0x83, 0xA1, 0xF7, 0x87, 0x8E, 0x5C, 0x67, 0x18, 0x39, 0x67,
    0xA3, 0xB7, 0xD8, 0x84, 0x35, 0xC9, 0xEE, 0xF4, 0x68, 0x04, 0x6E, 0x72, 0x90, 0xFE, 0xC0, 0xD0,
    0x02, 0xA9, 0x3A, 0x28, 0xE6, 0x83, 0x9D, 0xE2, 0x2C, 0x27, 0xAE, 0x25, 0x9B, 0x81, 0x52, 0x0D,
    0x38, 0x0D, 0xB0, 0xE4, 0x1B, 0xB8, 0xCC, 0xCB, 0x27, 0x28, 0xE3, 0x76, 0x3A, 0x82, 0x8A, 0x48,
    0xA2, 0x3F, 0x8B, 0xDB, 0x12, 0xAF, 0xA4, 0x77, 0x80, 0x93, 0x9D, 0x8D, 0x82, 0xAA, 0x77, 0xA1,
    0x98, 0x59, 0x38, 0x07, 0x90, 0xDC, 0xCB, 0xE2, 0xA7, 0xBD, 0x80, 0xD7, 0xD3, 0xA9, 0x98, 0xDD,
    0xA6, 0x6D, 0xBE, 0x05, 0xB6, 0x84, 0x77, 0xCA, 0xF0, 0x69, 0x2F, 0x00, 0x91, 0xA9, 0xB7, 0xC3,
    0x96, 0x37, 0xE3, 0xD7, 0xD8, 0x76, 0x85, 0x57, 0x41, 0x9F, 0xF9, 0x5A, 0x4F, 0x54, 0xFC, 0xA3,
    0x65, 0xBD, 0xDA, 0x47, 0xF3, 0x25, 0xEE, 0x62, 0xE9, 0xF3, 0x7B, 0xE3, 0x77, 0x00, 0xEA, 0x01,
    0x70, 0xF1, 0xEB, 0xF0, 0x0D, 0xC9, 0xB0, 0xFD, 0xB8, 0x82, 0xDE, 0x9A, 0xE0, 0x4F, 0xFE, 0x36,
    0x82, 0xDF, 0x1D, 0x42, 0x53, 0x1A, 0xAA, 0x90, 0xA9, 0x73, 0x3D, 0xEA, 0xDA, 0x06, 0xD7, 0x7B,
    0x56, 0x2C, 0x50, 0x6F, 0xE1, 0x77, 0x70, 0x9D, 0xEB, 0x68, 0x1B, 0x37, 0x20, 0xCA, 0x75, 0xDA,
    0x6C, 0x25, 0x26, 0x12, 0x69, 0x84, 0x5A, 0x0D, 0x60, 0xB9, 0xEE, 0x02, 0xFE, 0x37, 0xC1, 0x06,
    0x4C, 0x83, 0xEF, 0xB9, 0x71, 0xE9, 0x28, 0xA4, 0x74, 0x69, 0x7C, 0xAD, 0xD1, 0x7B, 0x4D, 0x7E,
    0xFE, 0x41, 0xF4, 0x83, 0x3D, 0x8D, 0xB0, 0x78, 0x3E, 0x5B, 0xFE, 0x5C, 0x7B, 0xC2, 0xC6, 0xE2,
    0x5D, 0xB0, 0x77, 0x5E, 0x53, 0x07, 0xDA, 0xDE, 0xF5, 0xD4, 0x63, 0xBB, 0xDB, 0x90, 0x8B, 0x20,
    0xC8, 0xB7, 0xB0, 0x3F, 0x0D, 0x76, 0x04, 0x6F, 0x18, 0x70, 0x83, 0x6D, 0x5D, 0x5D, 0x2E, 0xC9,
    0xE2, 0x8D, 0x50, 0x6B, 0xF8, 0x1C, 0x7B, 0xC2, 0x09, 0x68, 0xF9, 0x84, 0x3D, 0xE1, 0xC4, 0x64,
    0x54, 0xFD, 0x8F, 0xA1, 0xDD, 0x4C, 0x20, 0x05, 0x98, 0xDA, 0x11, 0x5E, 0x3E, 0xCF, 0x09, 0x2A,
    0xF8, 0x84, 0x5D, 0xE9, 0x24, 0x65, 0x24, 0x23, 0x90, 0x45, 0xA0, 0x30, 0x64, 0x93, 0xD5, 0x1D,
    0x53, 0xD1, 0x4A, 0x1A, 0x8E, 0xC0, 0x51, 0x4A, 0x03, 0x90, 0x1F, 0xEF, 0xCB, 0x3B, 0x47, 0xC2,
    0xAF, 0x77, 0x78, 0x69, 0xCC, 0x24, 0xF5, 0x3B, 0xE1, 0xA9, 0x56, 0xE1, 0xB9, 0x56, 0xE1, 0xD5,
    0x87, 0xC1, 0xE3, 0xDE, 0x0E, 0x42, 0x79, 0x50, 0x16, 0x57, 0xE1, 0x45, 0x58, 0x85, 0xD7, 0xFD,
    0xAA, 0x59, 0xCD, 0x8A, 0xC5, 0x84, 0x47, 0x3B, 0x60, 0x95, 0x84, 0x33, 0xE1, 0xFE, 0x96, 0x06,
    0xFE, 0xC8, 0x84, 0x73, 0xEC, 0x7D, 0xED, 0x00, 0xF5, 0x50, 0x6F, 0x20, 0x9D, 0x80, 0xCB, 0x47,
    0x9F, 0xE8, 0xF5, 0xF2, 0xA0, 0xCF, 0x92, 0xDB, 0x2E, 0x95, 0x1B, 0x0B, 0xD5, 0x92, 0x4A, 0xCD,
    0x4A, 0x15, 0xC4, 0x45, 0x76, 0xE9, 0x75, 0x48, 0x23, 0x14, 0x33, 0xB8, 0x0D, 0xB8, 0x06, 0xAE,
    0xF0, 0xE5, 0x8D, 0x57, 0xDA, 0x18, 0x33, 0x48, 0x4D, 0x36, 0x55, 0x7D, 0xD2, 0xA5, 0xDD, 0x97,
    0x31, 0x56, 0x1A, 0x8A, 0x2E, 0x8F, 0xEB, 0x9D, 0xE8, 0x42, 0x1E, 0xEB, 0x31, 0xB1, 0x03, 0x2C,
    0xBE, 0xC4, 0xB8, 0xE0, 0x77, 0x0D, 0xAE, 0xF9, 0xE8, 0xF3, 0x4C, 0x11, 0x80, 0xB4, 0xF9, 0xD8,
    0xC0, 0xE9, 0x3D, 0xDF, 0xB1, 0x8A, 0xEB, 0x29, 0xA6, 0x7A, 0xDC, 0x1E, 0x98, 0x57, 0x63, 0xB1,
    0xC1, 0xF5, 0x59, 0xDC, 0xC2, 0x37, 0xC9, 0x82, 0x40, 0x2C, 0xE0, 0xDF, 0x8C, 0xD8, 0x99, 0x12,
    0xD4, 0x1F, 0x6C, 0xA0, 0x7C, 0x1A, 0x56, 0x68, 0x84, 0x5C, 0x3D, 0x64, 0xEA, 0x20, 0x51, 0x03,
    0x08, 0x60, 0x61, 0xBB, 0xA0, 0x64, 0x86, 0x7C, 0x03, 0x94, 0xE1, 0xF0, 0xB1, 0xAF, 0x87, 0x87,
    0x00, 0xFE, 0x93, 0x91, 0x2E, 0x0D, 0xBE, 0x56, 0xC0, 0x4B, 0x33, 0x7E, 0x79, 0x57, 0xF8, 0x80,
    0x3A, 0xDF, 0xE3, 0x7A, 0xDF, 0x50, 0x0E, 0xDE, 0x3C, 0x1A, 0xC2, 0x71, 0x8C, 0xBE, 0xA3, 0x1E,
    0xFC, 0x40, 0xDB, 0xFB, 0x29, 0x55, 0xE3, 0xA5, 0x05, 0xDF, 0x6A, 0xC2, 0x17, 0x1A, 0xF0, 0xDC,
    0xFC, 0xB4, 0xC1, 0xF7, 0xE0, 0xF0, 0x71, 0xE4, 0xAD, 0x08, 0xFA, 0xA7, 0x79, 0x57, 0x7A, 0x8E,
    0x3B, 0x00, 0xA7, 0x6B, 0x3A, 0xFF, 0x17, 0xCD, 0x9B, 0x01, 0xA4, 0x2F, 0xD9, 0x7D, 0xC7, 0x3F,
    0x33, 0x93, 0x7D, 0xB3, 0xFB, 0x86, 0x4C, 0xD5, 0x3E, 0x36, 0x59, 0x76, 0x16, 0xC1, 0x76, 0x9B,
    0xBE, 0x81, 0x60, 0xB1, 0xCD, 0x4C, 0x03, 0x2D, 0x45, 0x1F, 0xDE, 0x6D, 0x10, 0x24, 0x28, 0x92,
    0x2D, 0x52, 0x04, 0x41, 0x36, 0x33, 0x02, 0x41, 0x91, 0x5B, 0x34, 0x50, 0xF4, 0x61, 0xB1, 0xBD,
    0x41, 0x20, 0x08, 0xDE, 0xBE, 0x33, 0x6D, 0x10, 0x40, 0xA7, 0xA1, 0x16, 0x45, 0x46, 0x6D, 0xB4,
    0x1A, 0xE4, 0xB4, 0x9D, 0xC8, 0xEC, 0x66, 0x66, 0xBE, 0xDD, 0xDF, 0x99, 0xFF, 0xEC, 0x3F, 0xF7,
    0x75, 0xB3, 0xBB, 0xEF, 0xED, 0xBD, 0x6F, 0xEF, 0xEF, 0xFD, 0xCF, 0xE7, 0xFC, 0xCC, 0x9C, 0x73,
    0xCE, 0xF9, 0x7D, 0xCF, 0xF9, 0xDF, 0xB9, 0xE7, 0xCC, 0x7D, 0xE4, 0x52, 0xC7, 0x39, 0x9E, 0xB3,
    0xC7, 0x6E, 0x19, 0x4B, 0x6F, 0xAC, 0x46, 0x63, 0x33, 0x19, 0xDD, 0x6C, 0x5C, 0x57, 0x20, 0x9E,
    0x05, 0x24, 0xB3, 0x33, 0x8E, 0x55, 0x0B, 0x99, 0xAF, 0xAC, 0x35, 0x5F, 0xF6, 0x50, 0xF4, 0xB9,
    0x87, 0xAA, 0x0B, 0x6C, 0xD3, 0x09, 0xDC, 0xDF, 0x7E, 0x7E, 0x06, 0x49, 0x0B, 0x91, 0xA4, 0x95,
    0x44, 0x92, 0x48, 0x96, 0x93, 0x13, 0xD7, 0x66, 0xE3, 0x56, 0xD8, 0x58, 0x0C, 0x50, 0x0C, 0x65,
    0x68, 0xCA, 0x1A, 0xCC, 0x46, 0x2A, 0x8D, 0x6C, 0x78, 0xFE, 0xEC, 0x0E, 0xF7, 0x5B, 0xF1, 0xE6,
    0xF5, 0x53, 0xA4, 0x7F, 0xF6, 0xA9, 0x24, 0x9F, 0xAF, 0x5F, 0x90, 0xAF, 0x3C, 0xB2, 0xCA, 0x95,
    0x77, 0x35, 0xB9, 0x77, 0xBC, 0x0D, 0x9D, 0x87, 0x33, 0x34, 0x2D, 0xA5, 0xAF, 0x7A, 0x1A, 0x5F,
    0x4C, 0xB1, 0x7C, 0x66, 0x0D, 0xC4, 0xD2, 0x4F, 0x3D, 0xCD, 0x9A, 0x7B, 0x22, 0x93, 0x21, 0xEB,
    0xB2, 0x10, 0x9C, 0x8D, 0x28, 0x91, 0x6A, 0x40, 0xCB, 0x2E, 0xCF, 0x15, 0x15, 0x2C, 0xD8, 0x5D,
    0x66, 0xB8, 0x17, 0x4D, 0x50, 0xFD, 0x9D, 0x87, 0x52, 0x03, 0x64, 0x6A, 0x81, 0xDB, 0x8F, 0x42,
    0xBA, 0xAB, 0x26, 0x4B, 0x3E, 0x02, 0x54, 0xBD, 0x71, 0x35, 0x30, 0x6F, 0x7C, 0xD6, 0xA8, 0xF9,
    0x38, 0xBA, 0xEC, 0xF4, 0xB2, 0x84, 0x29, 0x4C, 0x18, 0xD7, 0x5A, 0xD4, 0x40, 0xE2, 0x0D, 0x63,
    0x0B, 0x89, 0xCC, 0x0D, 0xB8, 0x59, 0x03, 0x8F, 0x03, 0xF0, 0x4D, 0x43, 0x2C, 0x63, 0x11, 0x58,
    0x0D, 0xC6, 0xDF, 0xE3, 0x68, 0x9F, 0x7C, 0x25, 0x14, 0x51, 0x0B, 0xA5, 0x34, 0x41, 0x90, 0x24,
    0xD6, 0x1B, 0x4F, 0xAB, 0x4E, 0x57, 0x58, 0xC9, 0x27, 0x78, 0x6E, 0x9F, 0x82, 0xEE, 0xC8, 0xA6,
    0x0D, 0xAC, 0x8D, 0x2E, 0xB0, 0xD9, 0xD8, 0xDE, 0x5F, 0x32, 0xD4, 0x0D, 0xED, 0x3C, 0x49, 0x26,
    0xB8, 0x4B, 0xA2, 0x37, 0xFF, 0x72, 0xDD, 0xFA, 0xDA, 0xFB, 0x0D, 0x63, 0xD8, 0x27, 0x1C, 0xAC,
    0x4F, 0x58, 0x20, 0x11, 0xE4, 0x33, 0x14, 0x1D, 0x3C, 0xC1, 0xD1, 0x9E, 0x0E, 0xF5, 0x7D, 0x22,
    0xCD, 0xA6, 0x6E, 0xE9, 0x79, 0xAD, 0xEA, 0x78, 0xAA, 0x01, 0x1C, 0x20, 0x60, 0x35, 0xFF, 0x90,
    0xAA, 0x36, 0x4C, 0xDD, 0x8B, 0xF9, 0x14, 0x29, 0x93, 0xD6, 0xD8, 0x3A, 0xAD, 0xD4, 0x1E, 0xBE,
    0xA2, 0x03, 0x40, 0x35, 0x19, 0x25, 0x20, 0x99, 0xAA, 0x0E, 0xE2, 0x36, 0x6E, 0xAF, 0xBE, 0x52,
    0xA9, 0xA9, 0x23, 0x68, 0xD4, 0xB1, 0x64, 0x9E, 0x3B, 0x9C, 0x5E, 0x8E, 0x4A, 0x71, 0x68, 0x37,
    0xF7, 0xC6, 0x62, 0x3C, 0xFA, 0x69, 0xCF, 0xD5, 0x56, 0x29, 0x1A, 0x36, 0x95, 0xB2, 0x79, 0xCB,
    0xA3, 0x3B, 0xC0, 0xA5, 0xAC, 0xA5, 0x7D, 0xCD, 0x24, 0x53, 0xD9, 0x01, 0x52, 0x0D, 0x54, 0xF3,
    0xAE, 0xD5, 0x95, 0x5F, 0x4B, 0x3F, 0x88, 0x7B, 0x54, 0xF4, 0x21, 0x9A, 0x7C, 0xB5, 0x38, 0x2E,
    0x47, 0xA5, 0x4F, 0xF1, 0x25, 0x40, 0x7F, 0x3C, 0xB1, 0x3D, 0x57, 0xF6, 0x07, 0x4B, 0xB4, 0xB0,
    0xDB, 0xC9, 0xC9, 0x6D, 0x40, 0xD2, 0x18, 0xA8, 0x8D, 0x1D, 0xE2, 0x9A, 0x3C, 0x82, 0x62, 0x32,
    0xA6, 0xB3, 0x31, 0x5E, 0x8D, 0xE8, 0x48, 0x5C, 0x7D, 0x64, 0xB3, 0xFB, 0xC6, 0xFB, 0x4B, 0x26,
    0xAB, 0x31, 0x9B, 0x8D, 0xD5, 0x88, 0xCE, 0xBE, 0xA7, 0x21, 0xF4, 0xD5, 0x1A, 0x17, 0x8C, 0xA7,
    0x00, 0x64, 0xC3, 0x6B, 0x00, 0xF9, 0x7F, 0x2B, 0x64, 0x5E, 0x75, 0xC8, 0xAA, 0x2D, 0x6B, 0xB6,
    0x7B, 0xD3, 0x76, 0xEF, 0x14, 0x9E, 0x7E, 0x33, 0xF7, 0x10, 0x9E, 0x02, 0x90, 0x48, 0xF2, 0x90,
    0xAF, 0xA9, 0x65, 0xA5, 0xC7, 0x85, 0x87, 0x8C, 0x79, 0x34, 0x35, 0x56, 0xD2, 0x11, 0x32, 0x41,
    0x76, 0xCC, 0xDC, 0x9E, 0xB1, 0x3D, 0xC2, 0x28, 0x2C, 0xEB, 0xA9, 0xBC, 0x29, 0x10, 0xC9, 0x43,
    0xB6, 0x35, 0x1D, 0x4B, 0xBF, 0xF0, 0x40, 0xA3, 0x3F, 0xF3, 0xB0, 0x3F, 0x40, 0x4F, 0x4E, 0x6A,
    0xC8, 0x25, 0xD5, 0x81, 0x3E, 0x70, 0xB6, 0xC6, 0xBE, 0x2A, 0x63, 0xA4, 0xF6, 0x6D, 0xD2, 0x74,
    0xC6, 0x72, 0x30, 0xE6, 0xFE, 0xC8, 0x6C, 0x6C, 0x34, 0x1C, 0x98, 0x1E, 0xFC, 0x70, 0xDD, 0xDF,
    0x5F, 0xB2, 0x1A, 0x8C, 0xCE, 0xDA, 0x49, 0x54, 0xE7, 0x6F, 0x9D, 0xB9, 0x35, 0xF4, 0x35, 0x05,
    0xF6, 0xC6, 0x37, 0x0F, 0x2A, 0x6E, 0x0A, 0x11, 0x86, 0x0C, 0x24, 0x47, 0x12, 0x7D, 0xFF, 0xAD,
    0xFD, 0x6E, 0x90, 0x2F, 0xA8, 0x77, 0x10, 0x2F, 0x68, 0x77, 0x90, 0x2E, 0x28, 0x77, 0x10, 0xCE,
    0x61, 0x14, 0x64, 0x3B, 0xDD, 0xCE, 0xDC, 0x1F, 0x24, 0x0B, 0x8A, 0x1D, 0x04, 0x0B, 0x7A, 0xED,
    0x72, 0x05, 0xB5, 0x82, 0x58, 0x76, 0xBD, 0xCF, 0xA5, 0xC1, 0xF2, 0xE3, 0x2A, 0x3C, 0xB9, 0x6D,
    0x82, 0xBD, 0x93, 0x80, 0x77, 0x4D, 0x52, 0x77, 0x2E, 0xFD, 0xB6, 0x72, 0x67, 0x67, 0xAF, 0xFE,
    0x66, 0x7B, 0x38, 0x79, 0x36, 0xBC, 0xF4, 0x2E, 0xBF, 0x9A, 0x66, 0x6B, 0xBD, 0xDD, 0x4D, 0xAC,
    0xAC, 0x7D, 0xED, 0x28, 0x07, 0x5C, 0x5D, 0x75, 0x54, 0x5D, 0x03, 0x65, 0xE7, 0x0E, 0x3D, 0xAA,
    0x37, 0x74, 0x0E, 0x20, 0xA0, 0x6A, 0x0D, 0x03, 0x8F, 0x53, 0x2C, 0x34, 0xA4, 0x92, 0xEA, 0xE8,
    0xF0, 0xD5, 0x1F, 0x80, 0xDB, 0x90, 0xF6, 0x59, 0x97, 0xF8, 0xA2, 0x8B, 0xA5, 0x96, 0x70, 0x67,
    0x7C, 0x34, 0x41, 0x07, 0x9B, 0x98, 0x60, 0x49, 0x46, 0x68, 0xFE, 0xDE, 0x43, 0xA5, 0x1E, 0x32,
    0xD5, 0xC0, 0xED, 0x47, 0x13, 0x3E, 0xD7, 0x5A, 0x08, 0xCB, 0xDE, 0x43, 0xE1, 0x21, 0xED, 0x1E,
    0x51, 0xF8, 0x3F, 0x04, 0x92, 0xC5, 0xB0, 0xEE, 0x1E, 0xAF, 0xF0, 0x88, 0x67, 0xFF, 0xF2, 0xC3,
    0x74, 0x2D, 0xD1, 0x0C, 0xF1, 0x04, 0xC9, 0x74, 0x4A, 0xAC, 0x11, 0xE4, 0xE1, 0x99, 0xF6, 0xB2,
    0x42, 0xF3, 0x40, 0xD3, 0x1A, 0x00, 0x5E, 0x33, 0xAC, 0x4F, 0x02, 0x6E, 0xDD, 0x9F, 0xC3, 0xD9,
    0x10, 0x1E, 0xD1, 0xE9, 0x54, 0x76, 0x91, 0xB4, 0x5D, 0xCC, 0x87, 0x47, 0xB8, 0xEC, 0xBF, 0x1E,
    0x0D, 0xD0, 0x7C, 0xC7, 0x43, 0xA1, 0x0E, 0x52, 0x01, 0xF1, 0xFC, 0x08, 0xE7, 0x1D, 0x12, 0x0F,
    0x58, 0x01, 0xC0, 0xA9, 0x86, 0x78, 0x29, 0x07, 0xA0, 0x8F, 0x3A, 0x76, 0xBB, 0xF6, 0x0F, 0x40,
    0x2C, 0x0D, 0x50, 0x84, 0xFA, 0xD6, 0x65, 0x1B, 0xEB, 0x8D, 0x6B, 0xEA, 0x52, 0x41, 0xD9, 0xE6,
    0x13, 0x5C, 0x7F, 0xFF, 0x5F, 0x51, 0x9C, 0xE6, 0x66, 0x63, 0x6B, 0xAC, 0x3A, 0x5E, 0xFA, 0xDE,
    0x5C, 0x0D, 0x90, 0xCC, 0x85, 0x87, 0x64, 0xCA, 0x67, 0xC8, 0x7D, 0xA2, 0x9A, 0xCA, 0x47, 0x7A,
    0xF3, 0xF3, 0xEA, 0x68, 0x24, 0x41, 0x1E, 0x34, 0x8B, 0x9C, 0xFA, 0xFD, 0x71, 0x06, 0xE6, 0x09,
    0x48, 0xD5, 0x41, 0x21, 0x0F, 0xD5, 0xE7, 0x66, 0x78, 0x8E, 0x4F, 0x9D, 0x17, 0x30, 0xBE, 0x83,
    0xF4, 0xFA, 0x98, 0x48, 0x1A, 0x4D, 0xC0, 0xD1, 0x9E, 0x16, 0x63, 0xD5, 0x51, 0x8C, 0x4D, 0x4B,
    0x3E, 0x3A, 0x48, 0x47, 0x41, 0xB2, 0xC1, 0x05, 0xD4, 0x64, 0x56, 0x24, 0x1F, 0xAB, 0x81, 0x6A,
    0x2C, 0xE6, 0x48, 0x63, 0x66, 0x0D, 0xC4, 0xD2, 0xAF, 0x46, 0x2A, 0x7D, 0x7B, 0x24, 0xBA, 0x95,
    0x7A, 0x20, 0x33, 0xE4, 0x3E, 0xEE, 0xA8, 0xFA, 0x64, 0xFD, 0x9E, 0x5A, 0x13, 0x9A, 0x48, 0x9A,
    0xE0, 0xDA, 0x5B, 0xA6, 0xA8, 0x4F, 0x06, 0x88, 0xA7, 0x7C, 0x00, 0xA4, 0x0E, 0x68, 0x04, 0x90,
    0x4D, 0x5C, 0x7D, 0x8D, 0xB9, 0xCB, 0x5D, 0x68, 0x98, 0xA1, 0xFA, 0xB7, 0x09, 0x72, 0xF9, 0x83,
    0xE4, 0xDC, 0xBE, 0x3A, 0x1A, 0x13, 0xDF, 0x39, 0x2A, 0x9A, 0xCF, 0x81, 0xC1, 0x8F, 0x87, 0xAB,
    0xAE, 0xF1, 0xD7, 0xF7, 0x75, 0x1C, 0x6B, 0xF7, 0xF8, 0x32, 0x47, 0xBB, 0x22, 0x1A, 0x5F, 0x59,
    0xFD, 0xAE, 0xD5, 0x46, 0xAB, 0x07, 0x65, 0x60, 0x16, 0x98, 0x04, 0x16, 0x9D, 0xF1, 0x19, 0x8E,
    0x76, 0xDD, 0x50, 0x19, 0x66, 0x20, 0x0E, 0x38, 0x2A, 0xFF, 0xF2, 0x55, 0x13, 0xFD, 0x35, 0x20,
    0x51, 0x0B, 0x85, 0x06, 0x68, 0xBE, 0x3D, 0xC3, 0x0B, 0x7C, 0x8D, 0x60, 0x27, 0xC0, 0x6D, 0x59,
    0x10, 0x1F, 0x18, 0x27, 0x27, 0x9F, 0x9F, 0x25, 0xE9, 0x88, 0x70, 0xE3, 0xC1, 0x40, 0x36, 0x40,
    0x35, 0x81, 0x44, 0x32, 0x35, 0xDD, 0x7E, 0x38, 0x72, 0x0F, 0x70, 0xBF, 0x2D, 0xC5, 0x6B, 0xED,
    0x4A, 0x0D, 0xCE, 0x69, 0x72, 0xCB, 0x17, 0x67, 0xD7, 0xC7, 0x8B, 0xAB, 0x59, 0x1D, 0x0F, 0x96,
    0xB8, 0x0D, 0xD1, 0x6D, 0x73, 0x48, 0xE6, 0xFB, 0xB2, 0x68, 0xCB, 0x2A, 0x99, 0xF9, 0xF3, 0xD9,
    0xF3, 0x76, 0x6F, 0x3D, 0xDD, 0x2B, 0x04, 0x21, 0xC0, 0x6E, 0xDD, 0x9F, 0x85, 0x22, 0x1F, 0x3A,
    0xCB, 0x86, 0x7D, 0x7A, 0xC3, 0x62, 0x3D, 0xA2, 0xF8, 0x65, 0x1D, 0x6E, 0x18, 0xCA, 0x37, 0xC8,
    0xFE, 0x47, 0x2B, 0xD9, 0xAF, 0xA5, 0x36, 0xD3, 0xBF, 0xAA, 0xCB, 0x16, 0xCA, 0x3E, 0x1B, 0xC9,
    0x87, 0xCC, 0x3F, 0x3C, 0xA2, 0xFA, 0x46, 0xB9, 0x34, 0x4E, 0xCB, 0xD2, 0x4C, 0x7F, 0x11, 0x9D,
    0x6E, 0x5B, 0x68, 0xA7, 0x75, 0xFB, 0x20, 0x1E, 0xE8, 0x73, 0xA2, 0x63, 0xDD, 0x6C, 0xF8, 0xC3,
    0x72, 0x7E, 0xB9, 0xD2, 0xFC, 0x8D, 0x72, 0x7C, 0x6A, 0x3F, 0x12, 0xE3, 0x25, 0xD0, 0x03, 0x7F,
    0x9C, 0x96, 0xD0, 0xE6, 0x02, 0x5C, 0xE0, 0x08, 0x25, 0x2F, 0xF9, 0xB3, 0xE3, 0x0E, 0x8A, 0xE8,
    0x55, 0x92, 0xF9, 0x81, 0x3F, 0x2F, 0xF3, 0x8D, 0xEA, 0x8F, 0xE6, 0x52, 0x53, 0xAE, 0x21, 0x52,
    0x7D, 0x81, 0x23, 0x04, 0x5E, 0xE6, 0xE5, 0x8A, 0xB9, 0xFC, 0xF9, 0x94, 0xCB, 0x27, 0xEA, 0x78,
    0xF2, 0xE1, 0x65, 0xBC, 0xB0, 0x51, 0xA9, 0x4E, 0x26, 0x12, 0x4F, 0xE2, 0xDB, 0x44, 0x3E, 0xD2,
    0xC0, 0x4D, 0xA2, 0x31, 0x99, 0xD3, 0x25, 0x99, 0xA3, 0x57, 0x76, 0x29, 0x93, 0xF9, 0xFD, 0xFE,
    0x95, 0x43, 0xC3, 0xC2, 0xF2, 0xAC, 0x9B, 0xAB, 0x39, 0x3B, 0xE5, 0x2B, 0x20, 0x4C, 0x40, 0x59,
    0xD8, 0x17, 0x28, 0xE3, 0x4B, 0xBA, 0xDF, 0xEC, 0x9C, 0xC8, 0x8E, 0x39, 0x6E, 0x05, 0x91, 0x73,
    0xC9, 0xFF, 0x7F, 0x07, 0xED, 0x8F, 0x88, 0x47, 0xEE, 0xE4, 0x9B, 0xF3, 0xC2, 0xEE, 0x2C, 0x94,
    0xDE, 0x22, 0x42, 0x7F, 0xA3, 0x1E, 0x1B, 0xA1, 0x93, 0xDA, 0xE0, 0x94, 0x5A, 0x09, 0x4E, 0xAA,
    0x91, 0xCD, 0x6E, 0x00, 0x37, 0x49, 0x7B, 0x3B, 0x56, 0x51, 0x57, 0x8C, 0x96, 0xDF, 0x0C, 0xFB,
    0xD6, 0xA3, 0x3D, 0x5F, 0x5F, 0x3F, 0xAD, 0xDA, 0x7C, 0xF8, 0xB0, 0x09, 0xF6, 0x54, 0xF6, 0x44,
    0xAE, 0x23, 0x53, 0x4D, 0xB2, 0x40, 0x74, 0x0A, 0x44, 0x13, 0x90, 0x89, 0xC3, 0x46, 0x5D, 0x7F,
    0x3A, 0xC2, 0x5F, 0x71, 0x87, 0x60, 0x91, 0x4D, 0x42, 0x22, 0xCD, 0x47, 0x40, 0x3C, 0xF3, 0xA1,
    0xF1, 0x71, 0x92, 0x99, 0xAA, 0xCD, 0xDE, 0xC6, 0xD8, 0x8C, 0x94, 0xD2, 0x40, 0x26, 0x75, 0x44,
    0x5A, 0x80, 0xC7, 0x6A, 0x82, 0xB9, 0x36, 0xBC, 0x28, 0x99, 0xCB, 0x7E, 0x7D, 0x82, 0xC7, 0x77,
    0x5D, 0xA0, 0xAA, 0x1F, 0xF8, 0xD3, 0xD4, 0xB8, 0x1A, 0x91, 0x8A, 0x6A, 0xA6, 0xF0, 0x5C, 0xAF,
    0x39, 0xB1, 0x08, 0x11, 0x64, 0x8B, 0xB1, 0x1C, 0x8D, 0xAE, 0x47, 0xC4, 0x02, 0x91, 0xCD, 0xC6,
    0xD2, 0x1B, 0x5D, 0x07, 0xB2, 0xCB, 0xC8, 0x2E, 0xA3, 0x72, 0x34, 0xBA, 0xE0, 0x6B, 0x35, 0x2E,
    0xAA, 0x41, 0x3E, 0x94, 0xEC, 0xAA, 0x50, 0x2B, 0x9F, 0x8C, 0x26, 0xF6, 0xDE, 0x26, 0xEA, 0x8C,
    0xD5, 0x60, 0xCC, 0xC7, 0xE3, 0x11, 0x65, 0x22, 0x76, 0x0B, 0xEA, 0x27, 0x73, 0xE0, 0x6A, 0x8C,
    0x02, 0x59, 0x0C, 0xC9, 0x14, 0xD8, 0xB3, 0xDB, 0x3D, 0x83, 0x7B, 0x1F, 0x44, 0x67, 0x38, 0xD2,
    0x05, 0x47, 0x31, 0xE2, 0x68, 0x7A, 0x5C, 0x24, 0x70, 0xE9, 0x0C, 0xAE, 0xF0, 0xE0, 0x9A, 0x0E,
    0x9C, 0x5A, 0x43, 0x6F, 0x18, 0xC1, 0xFD, 0xB5, 0xDD, 0x8D, 0x05, 0x0E, 0x75, 0x38, 0x1B, 0xB5,
    0xB3, 0x98, 0x9C, 0x85, 0xE4, 0x88, 0x54, 0x03, 0x60, 0x5A, 0x5A, 0x48, 0x06, 0x0F, 0x64, 0x01,
    0x03, 0x50, 0xB6, 0xC0, 0x1F, 0x70, 0xB0, 0xAF, 0x10, 0xBD, 0xEA, 0xC8, 0x26, 0x47, 0x31, 0x38,
    0x9A, 0xD6, 0x45, 0x2B, 0x2E, 0x9D, 0x70, 0xF9, 0x80, 0xAB, 0xBA, 0xD0, 0xBD, 0x93, 0xE5, 0x1E,
    0xF7, 0xA3, 0x99, 0x70, 0x1F, 0x57, 0x3B, 0xAA, 0xCE, 0x91, 0xFB, 0x50, 0x37, 0xA8, 0x09, 0x7C,
    0xCC, 0xF0, 0x59, 0x08, 0xBA, 0x52, 0xA8, 0x3E, 0x8C, 0xE0, 0x13, 0xE7, 0xDF, 0xBD, 0xE6, 0xFE,
    0x72, 0xF1, 0xD6, 0xD9, 0x59, 0x9B, 0x4B, 0xEA, 0x8E, 0xE0, 0x77, 0x98, 0xB3, 0xA5, 0x59, 0xD4,
    0x7E, 0x0D, 0x28, 0xDA, 0xB2, 0x7B, 0xB0, 0x7F, 0x27, 0x80, 0x1E, 0x2A, 0x3D, 0xC0, 0x79, 0xC5,
    0x75, 0xA0, 0xEA, 0xA0, 0x09, 0x6F, 0x43, 0x21, 0xEF, 0xA0, 0xAA, 0xE1, 0x05, 0xE0, 0xA1, 0x46,
    0x6D, 0x4D, 0x56, 0x7D, 0x35, 0x14, 0x43, 0xDE, 0x57, 0xED, 0x8B, 0xC0, 0x16, 0xC7, 0x6B, 0x28,
    0x92, 0xA5, 0x5A, 0x54, 0xB5, 0x68, 0x50, 0x34, 0x21, 0x4E, 0x3F, 0x74, 0x1C, 0xDF, 0xCC, 0x06,
    0x97, 0x4F, 0x2E, 0x9F, 0x5D, 0x3C, 0xB9, 0xC4, 0xBB, 0xBC, 0x73, 0x4F, 0xE0, 0x78, 0x98, 0xCF,
    0x07, 0x93, 0x3C, 0x6E, 0x45, 0xEE, 0x45, 0x31, 0x86, 0x14, 0xFC, 0xA8, 0xFE, 0x40, 0x43, 0x7D,
    0xEF, 0x01, 0xC4, 0xA7, 0x2E, 0xF7, 0x21, 0x96, 0xD1, 0x9C, 0xA8, 0x7E, 0x8F, 0xC2, 0xDC, 0x7E,
    0x90, 0x1F, 0xB5, 0xCB, 0x0F, 0x20, 0xD6, 0x6C, 0x98, 0xA0, 0x54, 0x0B, 0x6E, 0x06, 0x2A, 0xC3,
    0xEF, 0xFE, 0xD6, 0x6A, 0xEB, 0xD9, 0xD9, 0x9D, 0x58, 0x92, 0xFF, 0x0D, 0x4C, 0x76, 0xEF, 0xDD,
    0x3F, 0x4B, 0x1D, 0xAB, 0x4B, 0xD4, 0x97, 0xAA, 0xAB, 0x99, 0xC2, 0x2E, 0xBE, 0xD7, 0x07, 0xB8,
    0x75, 0xDC, 0xD5, 0x95, 0x23, 0x10, 0x69, 0x3C, 0xFE, 0xB4, 0xEB, 0xD9, 0xED, 0x04, 0xB8, 0x81,
    0x00, 0x87, 0xBA, 0xC0, 0x21, 0x70, 0x0C, 0x9C, 0x03, 0x65, 0x5C, 0xD5, 0x1A, 0xAB, 0xDE, 0x58,
    0x78, 0x1C, 0xCA, 0x66, 0x63, 0xB2, 0x1A, 0x51, 0xDD, 0x20, 0xAA, 0xCE, 0x58, 0x7A, 0x63, 0x3E,
    0x19, 0x93, 0xA5, 0x42, 0x20, 0xF3, 0x69, 0x64, 0x2C, 0x03, 0xF3, 0xC0, 0x24, 0x30, 0x0A, 0xC4,
    0xB1, 0xD9, 0xA7, 0x81, 0x7B, 0x1C, 0x5F, 0x61, 0xF7, 0xE7, 0x5E, 0x61, 0xBF, 0x74, 0x41, 0x9B,
    0xA3, 0xAB, 0x19, 0x3B, 0x3C, 0x17, 0xA8, 0x3A, 0xB0, 0x33, 0x36, 0x81, 0x55, 0x6D, 0x5C, 0x0D,
    0x8C, 0x17, 0xAE, 0x06, 0x1C, 0x0E, 0xF6, 0x0B, 0x0F, 0xC5, 0x08, 0xE9, 0x08, 0x89, 0xF9, 0x3D,
    0x7C, 0x9C, 0xCD, 0x9E, 0xE2, 0x29, 0xA0, 0xFA, 0xC9, 0x02, 0xE4, 0xDB, 0x8A, 0x52, 0x0F, 0xE0,
    0xAE, 0xF6, 0x8A, 0xB2, 0xD7, 0xB3, 0xEE, 0x8B, 0x03, 0xE5, 0xF1, 0xF5, 0xEC, 0x45, 0xEB, 0x77,
    0xA3, 0x06, 0xA8, 0xF6, 0xB3, 0x1B, 0x23, 0x47, 0x65, 0x5E, 0x0B, 0xBC, 0x7B, 0xBD, 0x6D, 0x06,
    0xE6, 0xE2, 0x75, 0xCD, 0x4C, 0xC5, 0x2F, 0x24, 0x6E, 0x15, 0xFA, 0xAE, 0x6A, 0x8A, 0x89, 0x66,
    0x7B, 0xDD, 0xD6, 0x99, 0xDE, 0xE5, 0x05, 0xF0, 0xEA, 0xCD, 0xC3, 0x4E, 0x1D, 0x99, 0xAD, 0xC6,
    0x6A, 0x3E, 0x1E, 0x47, 0x5D, 0xBF, 0xC8, 0x15, 0xBD, 0xA7, 0x78, 0x81, 0xA7, 0x2D, 0xE2, 0x11,
    0xAA, 0x1E, 0x3E, 0x01, 0xA9, 0x34, 0x40, 0x76, 0xE4, 0x79, 0xFB, 0xFD, 0xFF, 0x24, 0x94, 0xE9,
    0xA1, 0x7A, 0xE7, 0xB4, 0x83, 0x44, 0x7D, 0x1A, 0x4E, 0x1D, 0x68, 0x86, 0x7C, 0x84, 0xC2, 0x97,
    0x56, 0x7D, 0xAA, 0x3A, 0x48, 0x66, 0x63, 0x3C, 0x37, 0x2D, 0x84, 0xF1, 0x12, 0xAD, 0x1B, 0x9B,
    0x8D, 0xE1, 0xFA, 0x5E, 0xD2, 0x68, 0x01, 0xE7, 0x53, 0x3E, 0x59, 0xE8, 0xA9, 0xC0, 0xF5, 0xB1,
    0x7E, 0xF6, 0x05, 0x9B, 0x0C, 0x69, 0x85, 0x42, 0x1A, 0xCF, 0xFD, 0xA1, 0xC1, 0x07, 0x7B, 0xE5,
    0x39, 0x92, 0x58, 0x75, 0x3B, 0x7E, 0xAB, 0x4B, 0x4F, 0xD3, 0x55, 0x1D, 0xE5, 0x10, 0x5E, 0xF8,
    0x3A, 0xC8, 0xBC, 0x20, 0xDD, 0xE0, 0x20, 0x33, 0xE4, 0xBE, 0xEA, 0x0C, 0x3D, 0x55, 0x9F, 0x4F,
    0xD1, 0xF1, 0x58, 0x6D, 0x86, 0x52, 0x3D, 0x70, 0x1B, 0x48, 0xFA, 0xB4, 0x87, 0x64, 0x2C, 0xBA,
    0x7D, 0x50, 0x38, 0x01, 0x14, 0xE3, 0xD5, 0x96, 0xED, 0x41, 0x5F, 0x9A, 0x5E, 0x92, 0x80, 0xBB,
    0xA5, 0xF5, 0xA7, 0x81, 0xBC, 0x73, 0x40, 0xF5, 0xEF, 0xAA, 0x6D, 0x4B, 0x38, 0x5B, 0x5C, 0xF9,
    0x00, 0xF4, 0xE9, 0xD5, 0x17, 0x13, 0x32, 0x3E, 0x03, 0x65, 0x3B, 0x83, 0x7E, 0x24, 0x12, 0x15,
    0x13, 0xE9, 0x58, 0xB6, 0xC4, 0xF5, 0xE3, 0x8F, 0x72, 0x49, 0xDA, 0xE9, 0x85, 0x6D, 0xA0, 0x63,
    0x99, 0xCD, 0x94, 0x87, 0x5C, 0x5B, 0x9E, 0xE8, 0x0D, 0x14, 0x46, 0x41, 0xC8, 0x4D, 0x2D, 0x01,
    0xA6, 0x97, 0x80, 0xAA, 0x3B, 0x9F, 0x9B, 0x3A, 0x92, 0x3A, 0x57, 0x9F, 0xCF, 0x9B, 0x3D, 0x6F,
    0xDF, 0xBD, 0x5E, 0x39, 0x9C, 0x6F, 0x7F, 0xEF, 0x2F, 0xD1, 0x5B, 0x67, 0x3A, 0x3B, 0x7B, 0x05,
    0xDD, 0x37, 0xBE, 0xE8, 0x90, 0x9B, 0x3C, 0xCD, 0x1B, 0x41, 0xA1, 0x54, 0xAA, 0x4D, 0xA4, 0x52,
    0xEA, 0x4D, 0x27, 0xF7, 0x33, 0xE7, 0x4D, 0x2A, 0x91, 0xCE, 0xA6, 0xD6, 0x4C, 0x3C, 0x9B, 0x60,
    0x13, 0x2C, 0x26, 0x92, 0xA4, 0x55, 0x90, 0xFE, 0x66, 0x6E, 0xD7, 0x47, 0xC0, 0x11, 0xCA, 0x61,
    0x12, 0xCE, 0x80, 0xA9, 0x28, 0xB8, 0x65, 0x42, 0xAA, 0x4F, 0xBC, 0x15, 0xAE, 0xA4, 0xC9, 0xE4,
    0xCC, 0x25, 0x6F, 0x8A, 0x46, 0x52, 0x0D, 0xB7, 0x6D, 0x92, 0xF7, 0xAD, 0xDF, 0x5D, 0x20, 0x0D,
    0xF1, 0xAD, 0x40, 0xD3, 0x03, 0x2F, 0x70, 0xFC, 0xEB, 0x0E, 0x90, 0x34, 0xF0, 0x8E, 0xE0, 0x88,
    0x6B, 0xEA, 0x04, 0x95, 0xA1, 0x1C, 0x04, 0xF9, 0x0E, 0x8A, 0x61, 0xBB, 0x71, 0xF2, 0xE7, 0x6A,
    0x43, 0xE1, 0xBD, 0xDA, 0x80, 0x4E, 0x9A, 0x01, 0x91, 0x7B, 0x44, 0x36, 0x23, 0x92, 0x05, 0x11,
    0x0B, 0x81, 0x5A, 0x41, 0x13, 0x1A, 0x0D, 0x4D, 0x8D, 0xEC, 0x96, 0x42, 0xD9, 0xE2, 0xFA, 0x44,
    0x75, 0x32, 0x72, 0x3C, 0x5A, 0x8D, 0x67, 0x57, 0xCC, 0xAE, 0x99, 0x9C, 0x46, 0x37, 0xE2, 0x3A,
    0x5C, 0xFD, 0xFE, 0x9B, 0x93, 0x8F, 0x36, 0x9A, 0xE8, 0x74, 0x7F, 0x17, 0x97, 0xEF, 0xFB, 0x03,
    0x22, 0x43, 0xE6, 0x0D, 0x7B, 0x68, 0x9F, 0x6C, 0x1D, 0xE5, 0x8F, 0x45, 0xF9, 0xD3, 0x95, 0x52,
    0x0B, 0xE5, 0x02, 0xA5, 0x87, 0xB2, 0x87, 0xB2, 0xFB, 0xC0, 0xE9, 0xDC, 0xDE, 0xB4, 0xBA, 0x6F,
    0x6F, 0xFA, 0x22, 0x9B, 0xC5, 0xF5, 0x35, 0x1B, 0x52, 0xD3, 0x11, 0x4B, 0x40, 0x33, 0x01, 0x45,
    0x7F, 0x45, 0x26, 0xFF, 0x19, 0xBE, 0x5E, 0xBE, 0x3E, 0x65, 0x1A, 0x62, 0x75, 0xB8, 0x0F, 0x35,
    0xF3, 0x40, 0x0D, 0x24, 0x03, 0x9B, 0x98, 0x91, 0x46, 0x48, 0xD6, 0x7D, 0x56, 0x82, 0xC5, 0xF7,
    0x6A, 0xA8, 0x0E, 0x5F, 0xDB, 0x3A, 0xD1, 0xCF, 0xD5, 0xE5, 0x13, 0xCD, 0x90, 0x7B, 0xF2, 0x2E,
    0x1F, 0x88, 0x79, 0x1B, 0xFB, 0x69, 0xC5, 0x02, 0xA4, 0x9A, 0xF6, 0x37, 0x7F, 0x8D, 0x16, 0xB8,
    0x26, 0xB5, 0x76, 0xB5, 0x07, 0xAA, 0x50, 0xCA, 0x5F, 0x33, 0x14, 0xF5, 0xF6, 0x23, 0xAE, 0x18,
    0xAA, 0x05, 0x17, 0x8E, 0x36, 0xDA, 0x44, 0x5A, 0xAD, 0x9A, 0x3F, 0x3E, 0x34, 0x88, 0x3A, 0xC8,
    0x06, 0x28, 0x47, 0x50, 0x4F, 0xB4, 0x00, 0xA7, 0x1C, 0xCD, 0x0D, 0xA4, 0x12, 0x85, 0xD4, 0x55,
    0x7D, 0xD3, 0x55, 0x75, 0x4A, 0x53, 0x1F, 0x26, 0x78, 0x85, 0x5C, 0xD3, 0x36, 0x8D, 0xA5, 0x3A,
    0x68, 0x7A, 0xC8, 0x87, 0xC7, 0xC9, 0x87, 0xAA, 0xCE, 0x7B, 0xF7, 0x96, 0xBA, 0x32, 0x44, 0x35,
    0x1D, 0x0E, 0x05, 0xEF, 0x01, 0xA6, 0x2B, 0xB9, 0x3C, 0x54, 0xFF, 0x34, 0xC3, 0x73, 0x3C, 0x77,
    0x55, 0xA4, 0xB0, 0x98, 0xE4, 0x49, 0x34, 0x93, 0x0F, 0x8E, 0x6B, 0x3C, 0x71, 0x39, 0x32, 0x7C,
    0x64, 0x81, 0xDE, 0x05, 0x98, 0x80, 0x44, 0x35, 0x44, 0xAE, 0x03, 0xB2, 0x1E, 0x28, 0x3A, 0xBB,
    0xD6, 0x42, 0x32, 0x5D, 0x74, 0xC0, 0x45, 0xBD, 0x9D, 0xF3, 0xB9, 0xC3, 0x1A, 0x8B, 0x26, 0x48,
    0x47, 0xD0, 0x00, 0xAA, 0x01, 0x0E, 0x6B, 0xA0, 0xFA, 0xD6, 0x72, 0xD8, 0xF6, 0x25, 0xEA, 0x00,
    0x77, 0x55, 0xBE, 0x22, 0x69, 0x7B, 0x93, 0xEC, 0x97, 0x2B, 0xB1, 0xA6, 0x43, 0x18, 0xED, 0xA5,
    0xAC, 0x8B, 0x93, 0xB7, 0xAD, 0x96, 0xA4, 0xEE, 0x08, 0xB2, 0x09, 0xD3, 0xEB, 0x52, 0x91, 0xF4,
    0x40, 0x66, 0xC8, 0x67, 0xE0, 0xDA, 0x0A, 0x50, 0x19, 0x04, 0x94, 0xB3, 0x61, 0x60, 0x0F, 0xF8,
    0x7C, 0x7A, 0x5E, 0x67, 0x54, 0xD2, 0x9E, 0xC0, 0xF1, 0x70, 0xE9, 0x45, 0x60, 0x86, 0x48, 0x2D,
    0x7C, 0x7F, 0x80, 0xD4, 0x43, 0x31, 0x10, 0xAB, 0xDB, 0x8F, 0x8C, 0xE1, 0x34, 0x6A, 0x89, 0x6D,
    0x13, 0x89, 0x53, 0x07, 0xC5, 0xBA, 0x47, 0x00, 0x7C, 0x74, 0xF2, 0x91, 0x0D, 0x90, 0x8F, 0x90,
    0x4F, 0x90, 0x4C, 0xB8, 0xC4, 0xE3, 0xF2, 0x0E, 0xF7, 0xC4, 0x05, 0x2A, 0xF4, 0x50, 0xF1, 0x7D,
    0xE1, 0xCD, 0x1A, 0xA4, 0xEE, 0x88, 0x07, 0x8F, 0xEF, 0x81, 0x66, 0xFC, 0x31, 0x77, 0x9B, 0x5C,
    0xF3, 0x9E, 0xDE, 0x3B, 0xA6, 0xA8, 0x7E, 0xCC, 0xE6, 0xB0, 0x61, 0x6B, 0xE6, 0xDE, 0x57, 0x67,
    0xF8, 0xF2, 0xFE, 0x64, 0xBC, 0x51, 0xC3, 0x49, 0xD5, 0x82, 0x2E, 0x08, 0x9D, 0xA1, 0x27, 0x5A,
    0x4B, 0x4F, 0x32, 0xE7, 0x33, 0xC5, 0x9C, 0xEA, 0xBB, 0xDB, 0xE9, 0x68, 0x4F, 0x23, 0x41, 0xA6,
    0x11, 0xF8, 0x18, 0xF0, 0xCD, 0xA4, 0x8F, 0xF4, 0xE3, 0x3E, 0x91, 0xBA, 0xF4, 0x5F, 0x54, 0x47,
    0xED, 0x73, 0xEC, 0xF6, 0x12, 0xBC, 0xE4, 0x40, 0x0F, 0x92, 0x9A, 0x36, 0x56, 0x35, 0x64, 0x2A,
    0x25, 0xE5, 0x5A, 0x14, 0xCB, 0x8B, 0x1B, 0x40, 0xA5, 0x95, 0xAD, 0xEF, 0xCA, 0x00, 0x5C, 0x81,
    0xE8, 0x63, 0xA9, 0xB3, 0xC8, 0xE3, 0xB3, 0xB3, 0x16, 0xB8, 0x9C, 0xC8, 0x6F, 0xF2, 0x59, 0xA8,
    0xDA, 0x95, 0x6D, 0x9D, 0xA4, 0xF2, 0x80, 0xDA, 0x2B, 0x10, 0x3E, 0x40, 0x32, 0xA4, 0x7D, 0xE2,
    0xF3, 0x2E, 0x5E, 0x5D, 0xC7, 0xFE, 0xF7, 0xA8, 0xD1, 0xAD, 0x8B, 0x97, 0x81, 0x9B, 0x40, 0xA4,
    0x0E, 0x92, 0xFF, 0xF0, 0x90, 0x76, 0x86, 0x7F, 0xF4, 0x90, 0x68, 0xE0, 0x46, 0xAD, 0xF6, 0x6D,
    0x19, 0x9E, 0xFC, 0xC8, 0x64, 0x20, 0x1F, 0xB7, 0xD0, 0xEF, 0xDE, 0x84, 0x1F, 0x16, 0xF0, 0xB2,
    0x4D, 0xDA, 0x0C, 0xD9, 0x70, 0x19, 0xAB, 0x62, 0xB7, 0x17, 0xA2, 0x0E, 0xD6, 0xD4, 0x93, 0x28,
    0x9F, 0xC8, 0x27, 0x7B, 0x44, 0x77, 0x2B, 0x7C, 0x9C, 0xCF, 0x5C, 0x91, 0xF5, 0xC1, 0x73, 0x74,
    0x2C, 0xA9, 0xB7, 0xC3, 0x89, 0x7C, 0x72, 0x43, 0xD9, 0xAD, 0x3C, 0xC1, 0xB3, 0x97, 0x22, 0xCA,
    0x47, 0x13, 0xEC, 0xBE, 0x27, 0xA3, 0xAA, 0x0D, 0x18, 0x1E, 0x37, 0x88, 0xC3, 0x83, 0x37, 0x1E,
    0x42, 0x98, 0x38, 0xD0, 0xC3, 0xC2, 0x62, 0xC6, 0x82, 0xC6, 0xA2, 0xC6, 0xC2, 0x26, 0xC4, 0xCD,
    0x8D, 0x2C, 0x8C, 0xA0, 0x63, 0x1F, 0xC1, 0x9F, 0x00, 0xA5, 0x80, 0xDC, 0x10, 0xBF, 0x71, 0x7C,
    0x03, 0x05, 0x14, 0x0B, 0x9B, 0x35, 0x6A, 0x01, 0x88, 0xD7, 0x62, 0x00, 0xEE, 0xFB, 0xEB, 0x69,
    0x82, 0x9A, 0x21, 0xC3, 0x64, 0x00, 0x44, 0xD9, 0x1F, 0x9C, 0xAD, 0x46, 0xB4, 0xB2, 0xFD, 0x3F,
    0xD7, 0x64, 0x36, 0x27, 0x9D, 0x48, 0x66, 0x63, 0x6E, 0x0C, 0x17, 0x17, 0xB2, 0xD1, 0x9C, 0x52,
    0x56, 0x20, 0x5E, 0xA8, 0x44, 0x3E, 0x84, 0x70, 0x5C, 0x6B, 0xAD, 0xC9, 0x44, 0xB6, 0xF6, 0x5D,
    0xBD, 0x96, 0xBD, 0x39, 0xD5, 0xB7, 0xE6, 0xDC, 0xBB, 0x1A, 0xAA, 0x1F, 0x4D, 0x99, 0x17, 0x50,
    0xBE, 0xEE, 0x93, 0x29, 0x84, 0xF3, 0x73, 0x9F, 0x2C, 0x8B, 0x39, 0xEA, 0x23, 0xCD, 0x40, 0xA6,
    0x8E, 0xE0, 0xA4, 0x6A, 0x71, 0x13, 0x90, 0x08, 0x2A, 0x0F, 0xC4, 0x82, 0xD2, 0x9C, 0x68, 0x21,
    0xF4, 0x09, 0x33, 0xE4, 0x1D, 0x47, 0x4B, 0x56, 0x23, 0xF9, 0x26, 0x44, 0xA5, 0x01, 0x60, 0x4D,
    0x47, 0x80, 0x67, 0xF9, 0x12, 0xF7, 0xD9, 0xF3, 0x86, 0x6B, 0x77, 0xAA, 0x16, 0x6B, 0xB0, 0xEC,
    0xC2, 0xB4, 0x17, 0x3D, 0x3F, 0xA4, 0xEC, 0xF2, 0x21, 0x0A, 0x7F, 0xE6, 0xE1, 0x93, 0x95, 0xAA,
    0xB6, 0xD5, 0x8E, 0x23, 0x99, 0x32, 0xD5, 0x2B, 0xF1, 0x9C, 0xFF, 0xA2, 0x5B, 0x88, 0xE6, 0xF2,
    0x3B, 0x3F, 0x99, 0x61, 0xAD, 0xB2, 0xFF, 0x9D, 0xC0, 0xB9, 0xF4, 0x57, 0x23, 0x54, 0x4B, 0x22,
    0x0F, 0xD5, 0x1C, 0x69, 0x80, 0x72, 0x42, 0x3D, 0xA6, 0x95, 0xEB, 0x42, 0x66, 0x9D, 0x65, 0x3D,
    0x65, 0xCD, 0xFE, 0xBB, 0xB4, 0x7C, 0x88, 0x72, 0x0E, 0x83, 0x70, 0xC0, 0x75, 0xAE, 0x1F, 0x67,
    0xCC, 0x52, 0xD5, 0x43, 0xD5, 0x59, 0xEC, 0x6A, 0xF3, 0x99, 0x48, 0x24, 0x0B, 0x49, 0x70, 0x32,
    0xEB, 0xB8, 0x2B, 0xAC, 0xC3, 0xA1, 0x0A, 0x3D, 0x38, 0xEB, 0x60, 0x56, 0x68, 0x73, 0x01, 0xD0,
    0x64, 0x6C, 0xBC, 0xD1, 0x5A, 0x82, 0xB2, 0x7B, 0x78, 0x02, 0x44, 0x3A, 0xCC, 0x14, 0xA5, 0x3C,
    0x34, 0x9F, 0x9B, 0xE1, 0x53, 0x3C, 0x7B, 0xFE, 0x71, 0x19, 0xBF, 0xEA, 0xDA, 0xED, 0x88, 0x2D,
    0x9B, 0xCA, 0x81, 0xDC, 0xE7, 0x9E, 0x62, 0xC8, 0x46, 0xAA, 0x2E, 0x99, 0x37, 0xB8, 0x3A, 0x5A,
    0x11, 0x88, 0x15, 0xDC, 0xB7, 0x66, 0x5B, 0x22, 0xB3, 0x2D, 0x8F, 0x11, 0xF2, 0x5F, 0x7B, 0xC8,
    0x35, 0x40, 0xAA, 0x7D, 0x83, 0x16, 0xA9, 0x06, 0x04, 0xB0, 0xEE, 0xE7, 0x39, 0x89, 0x21, 0xCC,
    0x70, 0xEE, 0x0D, 0xC3, 0xFE, 0xCD, 0xB9, 0xDE, 0x3E, 0x0F, 0x94, 0x41, 0x8F, 0xCA, 0xAB, 0x33,
    0x5F, 0xA6, 0x4D, 0x7B, 0xF3, 0xEA, 0xAA, 0x1B, 0x1B, 0x8A, 0x16, 0xEB, 0xF6, 0x10, 0x79, 0x3E,
    0x59, 0x30, 0xF5, 0x3E, 0xE4, 0x93, 0x93, 0x93, 0x5B, 0x95, 0x24, 0xFF, 0x0E, 0x86, 0x43, 0x69,
    0x04, 0x36, 0x74, 0xC8, 0xE7, 0x10, 0x39, 0x16, 0x17, 0xA0, 0x16, 0x12, 0x61, 0x03, 0x07, 0xF2,
    0x11, 0x0B, 0x07, 0x50, 0x07, 0xD1, 0xB1, 0xD2, 0xB4, 0x57, 0x6A, 0xFE, 0xEB, 0xEC, 0xEC, 0x8E,
    0xAC, 0xF9, 0x23, 0xDE, 0xED, 0xB8, 0x84, 0x05, 0xB8, 0xC3, 0xF1, 0xEB, 0x74, 0x76, 0x76, 0xDA,
    0x48, 0x83, 0xA5, 0xE7, 0xCF, 0x5C, 0x0F, 0xA6, 0x96, 0x30, 0x31, 0xC9, 0x46, 0x28, 0x86, 0xFD,
    0x68, 0x97, 0x78, 0x81, 0x74, 0x32, 0x45, 0xB7, 0x4B, 0x87, 0x7A, 0xDE, 0x12, 0xBC, 0xC2, 0x3E,
    0xB1, 0xCB, 0xEE, 0x45, 0xE3, 0x47, 0xAD, 0x40, 0x51, 0x1F, 0x86, 0xDA, 0x6F, 0xF9, 0x27, 0x6B,
    0xE0, 0x12, 0xA2, 0xBF, 0x63, 0x9A, 0xAE, 0xD9, 0xFE, 0x2A, 0x25, 0x57, 0x90, 0xE0, 0x0A, 0xCC,
    0x7F, 0xDA, 0x3E, 0xC3, 0xF1, 0x2C, 0xC0, 0x43, 0xD9, 0x5D, 0x78, 0xF4, 0xFF, 0x07, 0xED, 0x9A,
    0x01, 0xC4, 0x2E, 0x57, 0x7A, 0xC7, 0x7F, 0x33, 0xD3, 0xDC, 0x59, 0x77, 0x74, 0x07, 0x84, 0xD5,
    0x96, 0x09, 0x8A, 0x34, 0xDB, 0xCD, 0x14, 0x8B, 0x45, 0xD3, 0x33, 0xDD, 0x45, 0x01, 0xBB, 0xC8,
    0xD7, 0x20, 0x08, 0x80, 0xBD, 0x90, 0xA2, 0x28, 0x9A, 0xCE, 0x74, 0xA1, 0x08, 0x7A, 0xA1, 0x85,
    0x42, 0xB0, 0x48, 0xBF, 0x20, 0x45, 0x50, 0xD4, 0x9D, 0x63, 0x83, 0xA2, 0xE8, 0xD8, 0x5A, 0x01,
    0x74, 0xDA, 0x6E, 0x69, 0xBB, 0xC8, 0xB1, 0x86, 0xCE, 0x4D, 0xCF, 0x3B, 0xFF, 0xBE, 0xE7, 0x9C,
    0x79, 0xE7, 0xFB, 0x6E, 0x36, 0xD1, 0xDE, 0x4D, 0x6E, 0x5C, 0xD5, 0xC7, 0x7B, 0xFE, 0xFF, 0xFF,
    0xF7, 0xCE, 0xBC, 0xE7, 0xBD, 0xE7, 0x99, 0x73, 0x9E, 0xE7, 0x3C, 0xE7, 0xBD, 0x1C, 0x56, 0x2C,
    0x37, 0x58, 0x3A, 0xF8, 0xEA, 0xBF, 0xB7, 0x33, 0xA5, 0x24, 0x8B, 0x91, 0x04, 0x0A, 0x58, 0x68,
    0x2A, 0x65, 0xAB, 0x13, 0xF4, 0x73, 0xBD, 0x40, 0xE3, 0xDA, 0x19, 0xAA, 0xD5, 0x58, 0x28, 0x7C,
    0xC0, 0xDC, 0xF7, 0x03, 0xE4, 0xA7, 0xB1, 0x83, 0x6C, 0x4B, 0xD8, 0x47, 0x4C, 0xEF, 0xEF, 0x77,
    0x46, 0x6C, 0x1D, 0xD4, 0x6B, 0xBD, 0x42, 0xEB, 0x4A, 0xC1, 0x38, 0xE5, 0xFA, 0xD7, 0x57, 0x35,
    0x30, 0x4A, 0x1B, 0x34, 0xD2, 0x02, 0xB9, 0x34, 0x00, 0xCF, 0x7C, 0x87, 0x60, 0x59, 0xA0, 0xC2,
    0x5D, 0xA0, 0x9C, 0xA9, 0xB6, 0x77, 0x2D, 0xA3, 0x34, 0x14, 0xD2, 0x46, 0xBD, 0xBD, 0xAA, 0xAE,
    0x75, 0xF4, 0xD6, 0x58, 0xDA, 0xB9, 0xEF, 0xA8, 0xDD, 0x08, 0x95, 0x13, 0x94, 0x11, 0xE2, 0x9F,
    0x01, 0x6A, 0x67, 0x6C, 0x80, 0x09, 0x33, 0xD5, 0x6B, 0xA6, 0xA1, 0x94, 0x44, 0x26, 0x79, 0x68,
    0x35, 0x01, 0x2F, 0x73, 0xDB, 0x1E, 0x44, 0x3C, 0x45, 0xF4, 0xCF, 0x76, 0xF0, 0xAA, 0x37, 0x03,
    0xC8, 0x45, 0xB4, 0x11, 0xF9, 0xDC, 0xD0, 0x46, 0x9C, 0xC8, 0x36, 0x5A, 0x47, 0xE1, 0xA9, 0x3D,
    0x8D, 0xA7, 0xD4, 0x9F, 0xCB, 0x91, 0x4B, 0x9A, 0xA0, 0x97, 0x80, 0x4A, 0x0B, 0xC0, 0x2F, 0x90,
    0x2C, 0x38, 0x28, 0x5F, 0x0E, 0x07, 0xB9, 0x7B, 0xD0, 0x4F, 0x23, 0x68, 0x08, 0xC0, 0xE3, 0x43,
    0x3F, 0xE4, 0xC2, 0xCC, 0x95, 0x68, 0x25, 0x51, 0xEB, 0x24, 0x72, 0x39, 0xC1, 0xB3, 0x5C, 0x2C,
    0xEF, 0xEE, 0x5C, 0x64, 0xBD, 0xF4, 0xC3, 0x2E, 0x0B, 0x6D, 0x5C, 0x6C, 0x5C, 0x0E, 0xD9, 0x4C,
    0xDC, 0xB6, 0xAB, 0xAB, 0x97, 0x21, 0xBB, 0x3A, 0x1B, 0x92, 0x16, 0x0A, 0x49, 0xEA, 0x02, 0xDC,
    0x92, 0x36, 0x4A, 0xC4, 0x1D, 0xC5, 0x61, 0x9D, 0x10, 0x34, 0x2B, 0x50, 0xAF, 0x41, 0x96, 0x1E,
    0x68, 0x5D, 0x90, 0xF9, 0x06, 0xF4, 0x36, 0xC8, 0xD4, 0xBA, 0x8B, 0x2C, 0xB6, 0x48, 0x8C, 0x1D,
    0x95, 0x3F, 0x64, 0xE3, 0x92, 0xEC, 0x3B, 0xCC, 0x74, 0xBC, 0xAB, 0x61, 0x97, 0xE4, 0x47, 0x47,
    0x94, 0xFE, 0x90, 0xF5, 0x72, 0xF4, 0x69, 0x5C, 0x92, 0x95, 0x67, 0xB4, 0x49, 0x9A, 0x25, 0x13,
    0x41, 0x5E, 0xBF, 0xA3, 0xB9, 0xD0, 0xF5, 0xF5, 0x75, 0x1C, 0xC5, 0x50, 0x45, 0x94, 0x74, 0xE2,
    0x90, 0xF7, 0x77, 0xC9, 0xC7, 0xEC, 0x45, 0xDE, 0x4B, 0xBE, 0xA1, 0xFD, 0x60, 0x4D, 0xAE, 0xA1,
    0xD2, 0x1C, 0x94, 0xA0, 0xD0, 0x10, 0x95, 0x85, 0x07, 0x1C, 0x7E, 0xE1, 0x70, 0x0B, 0xC9, 0x2B,
    0xD9, 0xF9, 0xAB, 0x93, 0x53, 0xF2, 0xE8, 0x4A, 0x40, 0x37, 0xEA, 0x7C, 0x55, 0x97, 0x01, 0xE7,
    0xDB, 0x45, 0x95, 0x3E, 0xAA, 0xB8, 0x76, 0x2E, 0xEF, 0x99, 0x29, 0x29, 0x18, 0x87, 0xA8, 0x44,
    0x26, 0x76, 0x55, 0xF8, 0x8B, 0x2B, 0xEA, 0xE5, 0xE2, 0x89, 0x76, 0xDE, 0x1D, 0x41, 0x6F, 0x77,
    0x3F, 0x20, 0x20, 0x0E, 0x35, 0x3F, 0xBC, 0x70, 0x51, 0xF7, 0x93, 0xE2, 0x96, 0x55, 0x73, 0x36,
    0x97, 0x03, 0x50, 0xBB, 0xEC, 0x64, 0x6C, 0x14, 0xF4, 0x22, 0x89, 0xD6, 0xEF, 0xA2, 0x72, 0xBB,
    0x80, 0x5B, 0xE2, 0x97, 0x1F, 0xD6, 0xEE, 0xEE, 0xF5, 0xF5, 0xF7, 0x91, 0xFE, 0xDE, 0x35, 0xD2,
    0x5A, 0x48, 0x8A, 0xA2, 0xDE, 0x4A, 0x9D, 0x2F, 0xBD, 0xBB, 0xB6, 0x8E, 0xD1, 0x41, 0xE3, 0x8C,
    0xE5, 0xAC, 0x31, 0x36, 0x8D, 0x18, 0x75, 0x23, 0x41, 0x24, 0x8F, 0x54, 0x8E, 0xD2, 0xEF, 0xA2,
    0x76, 0x8C, 0x51, 0x98, 0x89, 0x74, 0xCF, 0x38, 0x60, 0x06, 0x1A, 0x97, 0x89, 0xF0, 0xA6, 0x71,
    0x85, 0x87, 0x66, 0xCD, 0xE4, 0xEA, 0xF8, 0xB8, 0xD2, 0x97, 0xFA, 0x5C, 0xFA, 0x30, 0x0A, 0x7A,
    0x7D, 0x3B, 0x89, 0x18, 0xC9, 0x80, 0xAB, 0x88, 0xCF, 0x5E, 0x5D, 0x75, 0x8A, 0xCA, 0x48, 0xF6,
    0xD3, 0x15, 0xAD, 0xE5, 0x29, 0x51, 0x33, 0x26, 0xA9, 0x62, 0x61, 0xB4, 0xE8, 0xFA, 0xFA, 0xED,
    0x42, 0xBF, 0xA3, 0x0E, 0xA5, 0x01, 0x6F, 0x44, 0xC5, 0xA8, 0x75, 0x57, 0x8D, 0x26, 0x76, 0x3B,
    0x42, 0xEB, 0x5F, 0x07, 0xC8, 0x75, 0x05, 0x14, 0x52, 0xD4, 0x8A, 0xEF, 0x47, 0xE4, 0x67, 0xF0,
    0xED, 0x88, 0xA7, 0xCF, 0x0B, 0xC3, 0xBF, 0xFA, 0x8C, 0x92, 0x7F, 0x14, 0x01, 0xB2, 0x88, 0x79,
    0xC4, 0xC2, 0x07, 0x6C, 0x22, 0xCA, 0x05, 0xEC, 0x6D, 0xC0, 0x5F, 0x8B, 0x0B, 0xF5, 0x8F, 0x18,
    0xED, 0x88, 0xCE, 0x6D, 0x1C, 0x46, 0x5E, 0x64, 0x84, 0x5B, 0xED, 0x05, 0x46, 0xFA, 0xEE, 0xB3,
    0x36, 0x62, 0x1B, 0xF7, 0x85, 0xBD, 0x81, 0xF1, 0xC4, 0xD8, 0x75, 0xB7, 0xE3, 0x0A, 0x78, 0x36,
    0x85, 0x52, 0x01, 0x23, 0x31, 0x8D, 0xC9, 0xDE, 0xC8, 0xF9, 0x46, 0x2E, 0x51, 0xC2, 0x86, 0xFC,
    0x8D, 0xD4, 0x21, 0x37, 0x0D, 0x87, 0x34, 0xD3, 0x21, 0x1B, 0x77, 0x91, 0xAA, 0xFC, 0x21, 0x8B,
    0xED, 0x90, 0xA8, 0xEB, 0x2F, 0xD2, 0xD8, 0x43, 0xB6, 0xEE, 0x90, 0xF5, 0x7A, 0xC8, 0xE2, 0x64,
    0x2E, 0x12, 0xF5, 0x87, 0xEC, 0x45, 0x45, 0x1E, 0x65, 0x2B, 0x1A, 0x5B, 0xF8, 0x20, 0x6B, 0x61,
    0x1E, 0xBE, 0x1E, 0x65, 0x21, 0x6A, 0xC9, 0x05, 0x99, 0x89, 0x42, 0xBA, 0x89, 0x4B, 0x1B, 0xC9,
    0x8E, 0xBD, 0x02, 0x50, 0x4E, 0x97, 0xA4, 0x94, 0x5C, 0xD4, 0x2C, 0xE9, 0xEE, 0xDA, 0x25, 0xE7,
    0xE4, 0xF7, 0x77, 0xCF, 0xA0, 0x65, 0x67, 0xBF, 0xB3, 0x02, 0xDF, 0xB9, 0x9F, 0xBC, 0x51, 0xBB,
    0xE8, 0x8A, 0xC0, 0x8D, 0x8B, 0xAC, 0xCA, 0x27, 0x2E, 0xB6, 0xC8, 0x71, 0xF8, 0x91, 0x8D, 0x4D,
    0xDC, 0xBA, 0xC4, 0xF5, 0x1A, 0x39, 0x0E, 0x39, 0x30, 0xEA, 0x13, 0xF7, 0x4A, 0xDC, 0xEE, 0x5C,
    0xEF, 0x5C, 0xEC, 0x9C, 0xED, 0x1C, 0xFB, 0x27, 0xDA, 0xC7, 0xB9, 0x9D, 0x13, 0x8F, 0x36, 0x52,
    0xA9, 0x21, 0x72, 0xB1, 0x11, 0x2D, 0xBB, 0x7F, 0x49, 0x25, 0xD1, 0xC6, 0x74, 0x55, 0xF6, 0xF6,
    0x5F, 0x2F, 0xF0, 0x89, 0x76, 0x2F, 0xDF, 0xBA, 0x30, 0x73, 0x5B, 0xCD, 0xF4, 0x8C, 0xA3, 0xD6,
    0x40, 0xA7, 0xD7, 0x7C, 0xA0, 0x29, 0x3F, 0x05, 0xEA, 0xD8, 0x02, 0xF1, 0xF9, 0x53, 0xB4, 0x9D,
    0xC6, 0x44, 0x8A, 0x58, 0x6E, 0x91, 0x8C, 0x8F, 0xD4, 0xBA, 0x48, 0x77, 0x81, 0xBC, 0xCB, 0x3B,
    0xA8, 0xD6, 0xDE, 0x1E, 0x21, 0xA4, 0x5F, 0x03, 0x36, 0x33, 0xB7, 0x27, 0xC6, 0xF1, 0x29, 0xB3,
    0xDC, 0xDC, 0x33, 0xFA, 0x80, 0xDB, 0x06, 0xE4, 0x5E, 0x71, 0xB9, 0x8F, 0x01, 0x17, 0x33, 0x40,
    0xE5, 0x8C, 0x85, 0xDA, 0xB5, 0x13, 0x34, 0x53, 0x1D, 0x33, 0x45, 0xC4, 0xA1, 0x5C, 0x61, 0xFC,
    0xB3, 0x57, 0x3C, 0xC4, 0x5C, 0x96, 0x49, 0xDA, 0x28, 0x24, 0x85, 0x87, 0x7D, 0x75, 0x35, 0x0E,
    0xD5, 0x72, 0xDC, 0x6C, 0x9B, 0x19, 0x9A, 0xB9, 0xB5, 0xFB, 0xC6, 0x93, 0x70, 0x2D, 0xD8, 0x6F,
    0x12, 0x2E, 0xBF, 0xE9, 0xA0, 0x96, 0x85, 0x42, 0x1D, 0x70, 0xE2, 0xB6, 0x35, 0x0F, 0xEF, 0xDE,
    0x8F, 0x89, 0xAC, 0x94, 0xE4, 0xC2, 0x16, 0xD7, 0x19, 0xC7, 0x19, 0x2C, 0xC6, 0x8D, 0x69, 0x8B,
    0x7B, 0x06, 0x3D, 0x0A, 0x63, 0x80, 0x7E, 0xA0, 0x75, 0x66, 0xA2, 0x77, 0xCD, 0x9A, 0xCB, 0xC5,
    0x84, 0x94, 0x4B, 0xFF, 0xE8, 0xE8, 0xB7, 0xDA, 0xC5, 0x24, 0xF4, 0x3C, 0xCF, 0x9B, 0xEF, 0xF9,
    0x46, 0xAE, 0x90, 0x65, 0xDB, 0x77, 0x64, 0xA3, 0xB6, 0xF4, 0x42, 0x3C, 0xD6, 0xEB, 0x4A, 0xB7,
    0x3E, 0x0B, 0x7F, 0x90, 0xCF, 0xE3, 0x6B, 0x73, 0xAB, 0xA1, 0xDA, 0xC8, 0x57, 0x92, 0x65, 0x6F,
    0x53, 0xF8, 0xC7, 0x7E, 0x91, 0x0F, 0xF9, 0x00, 0xC5, 0xDA, 0x4E, 0x80, 0xD4, 0x1D, 0xF3, 0xA0,
    0x72, 0x1C, 0xF6, 0xD5, 0x7F, 0x03, 0x4A, 0x69, 0x02, 0x23, 0xF9, 0xA7, 0xA5, 0x6E, 0x09, 0xAE,
    0xC8, 0x66, 0xE8, 0xFF, 0xD4, 0x41, 0x23, 0x0B, 0xA5, 0xE2, 0x6C, 0xE3, 0xB6, 0x55, 0x5B, 0x07,
    0xA3, 0x16, 0x9E, 0x4C, 0x2D, 0xF3, 0x15, 0xBE, 0x02, 0xE6, 0x87, 0x1B, 0xD4, 0x5A, 0x21, 0x8F,
    0x17, 0xC6, 0x8E, 0x68, 0xA1, 0xA2, 0xB9, 0x32, 0x03, 0xE8, 0x73, 0x02, 0x0B, 0x8A, 0x05, 0x4C,
    0xAC, 0x5F, 0x62, 0xF9, 0x12, 0xAB, 0x97, 0x54, 0xBC, 0xF4, 0x52, 0x2A, 0x5D, 0x8E, 0xCA, 0x25,
    0xEC, 0xF6, 0xB2, 0x53, 0x1F, 0xBC, 0x08, 0xAD, 0x7F, 0xE4, 0xB1, 0xDE, 0x3B, 0xBF, 0x46, 0xD0,
    0xE3, 0xB4, 0x50, 0xB7, 0x84, 0xB2, 0xA5, 0x95, 0x54, 0xEB, 0xA4, 0x5C, 0x4E, 0xA9, 0x64, 0xB9,
    0x9F, 0x0D, 0x50, 0x9C, 0x62, 0x64, 0x48, 0x4F, 0xA9, 0x3D, 0x01, 0x94, 0x0B, 0x87, 0xDD, 0xF9,
    0x4B, 0x20, 0x97, 0xE6, 0xF8, 0x3C, 0x37, 0x18, 0xD3, 0xC6, 0xF5, 0xC7, 0x77, 0x64, 0x4B, 0x41,
    0x3B, 0xD4, 0x2B, 0xDC, 0xBD, 0x04, 0x13, 0x7B, 0x83, 0xFD, 0x10, 0xB1, 0x23, 0x39, 0x77, 0x94,
    0xEF, 0x13, 0x0E, 0x01, 0x8D, 0xE5, 0xDE, 0x3B, 0xDE, 0xCC, 0x50, 0xF8, 0xC6, 0x41, 0xB1, 0xD6,
    0x1E, 0x6A, 0x57, 0xA8, 0xC3, 0xB8, 0x4C, 0x0F, 0x5F, 0x91, 0xA5, 0x97, 0x04, 0xB5, 0xE4, 0x21,
    0x1B, 0x35, 0x5D, 0x0A, 0xDF, 0x68, 0x5F, 0xE3, 0x3D, 0x30, 0x7F, 0xBB, 0x40, 0xAD, 0x39, 0x15,
    0x02, 0xB0, 0x7D, 0x6C, 0x1E, 0xE5, 0x6F, 0x21, 0x7D, 0xB0, 0x14, 0x92, 0x96, 0x30, 0x8F, 0x96,
    0x30, 0x8F, 0x16, 0x63, 0x69, 0x42, 0x79, 0x56, 0x2F, 0x63, 0x18, 0xAD, 0xA0, 0x48, 0x30, 0x46,
    0xE8, 0xA8, 0xC2, 0x2D, 0xF5, 0x62, 0x66, 0xCC, 0xD2, 0xF8, 0x4C, 0x4B, 0x15, 0x3A, 0xC8, 0xA5,
    0xFF, 0x5C, 0x30, 0xFA, 0x93, 0x85, 0xEC, 0x3B, 0xA5, 0xBB, 0xAC, 0xB8, 0xDA, 0xE5, 0x16, 0x33,
    0x15, 0xDB, 0x3B, 0x37, 0xF3, 0x6D, 0x85, 0x3B, 0x1F, 0x75, 0x4F, 0xD9, 0x3A, 0xB4, 0xC0, 0x33,
    0x1B, 0xB0, 0x87, 0xA0, 0xC2, 0x45, 0x5C, 0x86, 0x80, 0x8A, 0x7F, 0x24, 0x7C, 0xB1, 0x7B, 0x62,
    0x6B, 0x70, 0xBE, 0xCC, 0x89, 0x07, 0x00, 0x3E, 0xC0, 0xE9, 0x39, 0x40, 0x41, 0x9A, 0x15, 0xA8,
    0xEE, 0xFF, 0x7F, 0x29, 0xBC, 0xCB, 0xE8, 0x87, 0x68, 0x92, 0x96, 0x43, 0xE9, 0x46, 0x59, 0xE0,
    0xFF, 0x54, 0xD9, 0xFB, 0x25, 0x82, 0xFD, 0x4D, 0x80, 0x42, 0x01, 0xDB, 0x2D, 0x60, 0x3F, 0x05,
    0x7C, 0x3E, 0x00, 0xD5, 0x70, 0xB3, 0x6F, 0x39, 0xC5, 0x3B, 0xDD, 0x4B, 0x01, 0x97, 0x88, 0x0F,
    0x7C, 0xBC, 0xEA, 0x9E, 0xBE, 0x1D, 0x0E, 0xBF, 0x18, 0xC0, 0x04, 0x90, 0xDD, 0xB7, 0x70, 0xF5,
    0x0C, 0xE4, 0x5C, 0x2C, 0x4E, 0xD4, 0x4A, 0x03, 0xD4, 0xDF, 0x0A, 0x9F, 0x2F, 0x02, 0xBC, 0x69,
    0xF7, 0x1D, 0x6D, 0xF6, 0x45, 0x6E, 0x87, 0x92, 0x75, 0x89, 0x2A, 0x9B, 0xB8, 0x9F, 0x23, 0x15,
    0x4A, 0x5C, 0x9D, 0x88, 0x56, 0x0C, 0x3C, 0x62, 0xE7, 0x85, 0x1B, 0x7B, 0x90, 0xE4, 0x80, 0x62,
    0xE7, 0x4A, 0xD2, 0x7C, 0x94, 0x8F, 0x60, 0x76, 0x56, 0xE2, 0x6C, 0xE7, 0xE2, 0xA3, 0xC4, 0xF5,
    0x4F, 0x13, 0xB7, 0x3F, 0xD8, 0xAE, 0xAF, 0x01, 0xF3, 0x4D, 0x49, 0xDD, 0x65, 0x06, 0x93, 0xFB,
    0xC4, 0xE5, 0x92, 0xEF, 0x67, 0x20, 0x89, 0x5B, 0x29, 0x72, 0xBF, 0xB3, 0x12, 0x17, 0x9E, 0x78,
    0xBD, 0x5A, 0x12, 0xD7, 0x33, 0xB9, 0x14, 0xBD, 0x15, 0x79, 0x24, 0x31, 0x87, 0x95, 0x89, 0xDA,
    0x21, 0xD2, 0x38, 0xA5, 0x91, 0x77, 0xB7, 0x32, 0x64, 0xDE, 0xF1, 0x33, 0xF6, 0xFA, 0x43, 0x5E,
    0x8F, 0x11, 0xEB, 0x7D, 0xA9, 0x6B, 0x14, 0x6C, 0x32, 0x0F, 0x47, 0x3D, 0x1C, 0x5D, 0xD3, 0x95,
    0xEA, 0x4A, 0xFF, 0x0C, 0xC5, 0x46, 0xEE, 0x89, 0x6D, 0xE3, 0x9E, 0x24, 0x6D, 0xA5, 0x22, 0xB5,
    0x89, 0xFA, 0x1F, 0x87, 0x6B, 0x8C, 0x64, 0x81, 0x36, 0xB2, 0x2D, 0x52, 0xA9, 0x8E, 0xE7, 0x46,
    0x5A, 0x2D, 0xD9, 0x6A, 0xFE, 0x4B, 0xEF, 0x4A, 0xBE, 0x8D, 0x1F, 0x5D, 0x4A, 0xCD, 0x8C, 0x1A,
    0x78, 0x36, 0x66, 0xC8, 0x63, 0x1D, 0xBD, 0x71, 0x6B, 0x1D, 0x45, 0x34, 0xF3, 0xB1, 0x8E, 0x82,
    0x0D, 0x21, 0x41, 0x65, 0x2B, 0xA5, 0xF4, 0xC1, 0x8A, 0x91, 0xF6, 0x73, 0x35, 0x7B, 0x24, 0xA8,
    0x5C, 0x21, 0x41, 0x95, 0x0A, 0x09, 0xAA, 0xFE, 0x49, 0x48, 0x50, 0xE6, 0x7D, 0x6F, 0x06, 0x54,
    0xF8, 0x7E, 0xC8, 0x7D, 0x48, 0x50, 0xE5, 0x12, 0x12, 0x54, 0x33, 0x07, 0x34, 0x71, 0xEB, 0xA2,
    0x90, 0xA0, 0x7E, 0xE0, 0x43, 0x82, 0xFA, 0x3B, 0x77, 0xC6, 0x56, 0x53, 0x48, 0x50, 0x1A, 0xF6,
    0x04, 0xA5, 0xA9, 0x88, 0x09, 0xAA, 0x8A, 0xEB, 0xA8, 0xF9, 0x50, 0x5A, 0x30, 0xDF, 0x93, 0x06,
    0xEE, 0x1E, 0x1B, 0xC5, 0xC3, 0x7E, 0xE5, 0x52, 0x03, 0xE5, 0x1A, 0xF6, 0x29, 0x17, 0x57, 0xCD,
    0x1D, 0x3E, 0x96, 0xEB, 0xBF, 0x15, 0x13, 0xDE, 0x5C, 0x48, 0xB2, 0x7B, 0xBE, 0xCA, 0x65, 0x8D,
    0x2D, 0x35, 0xF7, 0x5D, 0xF3, 0xA1, 0x1B, 0x43, 0x79, 0x21, 0x54, 0x3A, 0x15, 0xBE, 0x74, 0x63,
    0xE5, 0x2A, 0x37, 0xB6, 0xB6, 0x76, 0x46, 0xDD, 0x19, 0xB6, 0x90, 0xAF, 0x7C, 0xA6, 0xA1, 0x96,
    0x94, 0x92, 0xF5, 0xF8, 0xBA, 0x26, 0xBE, 0xC6, 0xCB, 0x3C, 0x62, 0x5F, 0xCF, 0x2C, 0x70, 0x2A,
    0x1D, 0xE4, 0xFA, 0xB6, 0x07, 0xFA, 0x1F, 0x8A, 0x18, 0x3E, 0x06, 0xC8, 0x6C, 0xF5, 0x54, 0x17,
    0x5A, 0x5F, 0xE6, 0x37, 0xA0, 0x1D, 0x4E, 0x60, 0x7E, 0xAA, 0x8E, 0xDA, 0xF7, 0x33, 0xD9, 0xA9,
    0x72, 0xF0, 0x15, 0xEE, 0x7F, 0x91, 0xE1, 0x25, 0xD5, 0xEC, 0x3A, 0x1D, 0x27, 0x5E, 0xA5, 0x6B,
    0x2D, 0x54, 0xB6, 0xB6, 0x4F, 0xAD, 0xFF, 0xDE, 0xBE, 0x84, 0xE7, 0xB8, 0x91, 0x31, 0x7F, 0xB1,
    0xC0, 0x83, 0xCC, 0x87, 0x7C, 0xE5, 0xBF, 0xD8, 0xC8, 0xFC, 0x65, 0x7E, 0x1F, 0x33, 0x78, 0xFA,
    0x7F, 0x16, 0xF5, 0xD2, 0xDB, 0xDC, 0xD7, 0x2E, 0x4D, 0xCC, 0x78, 0x86, 0x7A, 0x65, 0x24, 0x1D,
    0xCD, 0xC2, 0x27, 0x36, 0xC9, 0xDD, 0x6E, 0x9F, 0x7A, 0xDF, 0x7F, 0x5C, 0x5F, 0xDF, 0xEE, 0x6F,
    0xCF, 0x65, 0x7F, 0x05, 0xE6, 0xB7, 0x3D, 0x8C, 0xFF, 0x12, 0x37, 0x1D, 0xE3, 0x44, 0xEE, 0xAB,
    0x19, 0x7E, 0x95, 0xE1, 0x13, 0x6A, 0x39, 0x47, 0x21, 0x79, 0x82, 0x2F, 0x68, 0x67, 0xC6, 0x2E,
    0xF8, 0xC2, 0xF6, 0xD0, 0xDA, 0x51, 0x92, 0x8D, 0x71, 0x52, 0x41, 0x8D, 0x00, 0x11, 0xCC, 0x10,
    0x60, 0xE6, 0x4B, 0x34, 0x27, 0x7A, 0x4A, 0x49, 0x5D, 0x26, 0x6D, 0xBB, 0xFB, 0xE3, 0xBA, 0x6C,
    0x16, 0xD0, 0x46, 0x2E, 0x75, 0xC5, 0xD2, 0xD8, 0x72, 0xAA, 0xEC, 0x9E, 0x81, 0x5E, 0x96, 0xE4,
    0x8F, 0x06, 0x7C, 0x62, 0x93, 0xEC, 0xED, 0xF6, 0x29, 0xF7, 0xC5, 0x53, 0xDD, 0xDB, 0xFD, 0x91,
    0x7D, 0x1F, 0xA8, 0xD5, 0x81, 0xD1, 0x04, 0xE3, 0xAB, 0x0E, 0x7C, 0xBE, 0xC0, 0xCA, 0xFA, 0x05,
    0x0E, 0x3F, 0x4E, 0x85, 0xAF, 0xC7, 0xF5, 0x6C, 0xC2, 0x54, 0x58, 0x7B, 0x9B, 0xF9, 0xCA, 0xF1,
    0x8D, 0x34, 0x15, 0xB2, 0x73, 0x22, 0xCE, 0xA5, 0xF5, 0xD2, 0x28, 0x3C, 0x9F, 0xA5, 0x65, 0xAF,
    0x9C, 0x1E, 0xED, 0x2F, 0xC6, 0xE7, 0x19, 0x93, 0xAF, 0xE8, 0x1F, 0x44, 0xBB, 0xC8, 0xE6, 0xBE,
    0x99, 0x78, 0x2E, 0x1B, 0xE0, 0x38, 0xE6, 0x88, 0x9F, 0xFD, 0xAC, 0x2D, 0x53, 0x57, 0x69, 0x6E,
    0xB5, 0x9E, 0x67, 0xDD, 0x1B, 0xFC, 0xE1, 0xE7, 0x79, 0x3E, 0xF3, 0x5D, 0x4A, 0x4D, 0xB5, 0x9C,
    0xF9, 0xC0, 0x1B, 0xCE, 0x9D, 0xBF, 0x71, 0x53, 0x6E, 0xEB, 0xF1, 0x5F, 0xC9, 0x7E, 0x9D, 0x09,
    0x78, 0x50, 0x2C, 0x80, 0xDE, 0x3C, 0x01, 0xE6, 0x9F, 0xD4, 0x5D, 0xA2, 0x1C, 0x6F, 0x95, 0x4F,
    0xFF, 0x59, 0xCD, 0x63, 0x2F, 0xF2, 0x27, 0x75, 0x60, 0x13, 0x57, 0x39, 0x8C, 0x1B, 0x97, 0x7F,
    0x63, 0x58, 0xEB, 0x50, 0x4C, 0xE5, 0xF4, 0x54, 0x7B, 0xF1, 0x71, 0xC3, 0xC4, 0x13, 0x73, 0xE0,
    0xF1, 0x30, 0xBF, 0xE9, 0x61, 0x7C, 0x5F, 0xC1, 0x11, 0xA3, 0x25, 0xF7, 0xF5, 0x04, 0xBF, 0x97,
    0x5B, 0x8E, 0x5F, 0xDF, 0x30, 0xD2, 0x1A, 0x40, 0x11, 0xAC, 0xB1, 0xD9, 0xB8, 0x7F, 0x87, 0x4D,
    0x7E, 0x2B, 0x0E, 0x28, 0xD7, 0x74, 0xE1, 0x47, 0x57, 0xE3, 0x1C, 0x6F, 0x0E, 0xB0, 0x77, 0xF0,
    0xA3, 0xD7, 0xCE, 0x60, 0x0B, 0x7F, 0x86, 0x5C, 0x67, 0x40, 0xDD, 0x19, 0x46, 0x7B, 0x06, 0x33,
    0x9F, 0xA1, 0x89, 0x9D, 0xC6, 0xAE, 0x4E, 0xB7, 0xF6, 0x7A, 0x6F, 0x61, 0xB2, 0xDB, 0xB1, 0xA4,
    0x4E, 0xB1, 0xE4, 0x08, 0x25, 0x95, 0xCB, 0x7D, 0xEF, 0xF2, 0x93, 0xE6, 0x5C, 0x9A, 0x72, 0x4D,
    0xE4, 0x82, 0xFC, 0x04, 0xB9, 0xFF, 0xDF, 0xB7, 0xB4, 0xF9, 0xD0, 0x69, 0xDF, 0x7A, 0x54, 0x61,
    0x4D, 0x56, 0xB6, 0x1E, 0x8E, 0xF2, 0x05, 0x2E, 0x7B, 0x61, 0xCF, 0x71, 0xCC, 0x60, 0x05, 0x26,
    0x40, 0x3B, 0x0B, 0xEA, 0x03, 0x9A, 0x39, 0x5D, 0xB8, 0xFA, 0x5D, 0x0D, 0x92, 0x74, 0x7C, 0x6C,
    0x46, 0x57, 0xFD, 0x19, 0x52, 0x25, 0x5D, 0x79, 0x14, 0x06, 0x2B, 0x72, 0x21, 0xD0, 0x20, 0xE8,
    0x63, 0xA7, 0xB1, 0xAB, 0x85, 0x68, 0xDF, 0xA5, 0x88, 0xC1, 0xA8, 0x8D, 0xC1, 0xE8, 0xA5, 0x4B,
    0x30, 0xBA, 0x97, 0xFB, 0xB1, 0xF1, 0x63, 0xBF, 0x8E, 0x5A, 0xC6, 0x85, 0xD1, 0xC6, 0x43, 0x35,
    0xFE, 0x87, 0x57, 0xB4, 0xCC, 0x7E, 0x19, 0x4A, 0x67, 0x06, 0x6A, 0x6F, 0x66, 0x72, 0xD5, 0x2B,
    0x98, 0x3F, 0xF6, 0x50, 0xF1, 0x8D, 0xA7, 0xE4, 0xD4, 0x33, 0x3E, 0x7A, 0x4C, 0xE6, 0x89, 0x0F,
    0x9F, 0x76, 0x51, 0x9C, 0x9E, 0x33, 0xE9, 0xF9, 0x1F, 0xF6, 0x4B, 0xC3, 0xF9, 0xD5, 0x5A, 0x8C,
    0xFD, 0x39, 0xA1, 0x99, 0x19, 0x6D, 0xBD, 0xE6, 0xB2, 0xD5, 0x7E, 0x8A, 0xD4, 0x5B, 0xC6, 0xB0,
    0xC0, 0x9F, 0xE9, 0x2E, 0xBF, 0x07, 0x95, 0x72, 0x50, 0xCB, 0x83, 0x89, 0x3B, 0x65, 0x7E, 0xEB,
    0x69, 0x70, 0xD3, 0x9D, 0xFB, 0x60, 0x4E, 0x20, 0x75, 0xF9, 0xA9, 0xB7, 0x85, 0xAB, 0x6D, 0x31,
    0x17, 0xD3, 0x13, 0x39, 0x1C, 0xCE, 0x1F, 0xC4, 0x98, 0xE5, 0xC9, 0x24, 0x75, 0x85, 0x7E, 0x22,
    0x5B, 0xAF, 0x21, 0x86, 0x3A, 0x6A, 0x1B, 0x6A, 0x67, 0xCE, 0x00, 0xB5, 0x0B, 0x70, 0x02, 0x4A,
    0xAD, 0x97, 0x83, 0xE2, 0x5E, 0x27, 0xB8, 0x23, 0x45, 0x47, 0x4E, 0x80, 0x89, 0x77, 0xB9, 0x3B,
    0x01, 0x9A, 0x2E, 0x85, 0xAB, 0x66, 0x36, 0xA7, 0xF0, 0x20, 0x74, 0xF9, 0x2F, 0x4B, 0xF4, 0x72,
    0xC0, 0xCB, 0x47, 0x81, 0xAA, 0x08, 0x03, 0xD0, 0x07, 0x30, 0x00, 0xA7, 0x00, 0x8E, 0xDD, 0xC6,
    0x99, 0x52, 0xA2, 0x91, 0xAC, 0x99, 0x7A, 0x6B, 0xBA, 0x92, 0xBE, 0xDB, 0x37, 0xAD, 0xFB, 0xE9,
    0x7E, 0x2E, 0x41, 0x2B, 0x0B, 0xFD, 0x04, 0xF5, 0xFC, 0xA5, 0x73, 0x33, 0x5D, 0x3D, 0x8D, 0x1F,
    0xC9, 0xB6, 0x71, 0x64, 0x2B, 0xF1, 0xC1, 0xDF, 0x0D, 0x1F, 0x9C, 0xC0, 0xB8, 0x34, 0xAA, 0x2A,
    0xE8, 0x01, 0x5E, 0x3A, 0x62, 0xC2, 0x55, 0x3A, 0x76, 0xBC, 0x01, 0xAA, 0x15, 0x28, 0x97, 0x27,
    0x0A, 0xC7, 0x0F, 0x98, 0xE9, 0xDB, 0x6A, 0x0F, 0xE4, 0x01, 0xB2, 0x00, 0x95, 0x0B, 0x30, 0x1C,
    0x0E, 0x79, 0xB4, 0xBD, 0xA0, 0x6B, 0x8C, 0x74, 0x34, 0x46, 0x7E, 0xBE, 0x76, 0xF9, 0x89, 0x5F,
    0x1D, 0x68, 0x2F, 0x0B, 0xDA, 0x01, 0x1E, 0x00, 0xEF, 0x11, 0xED, 0xBF, 0x01, 0x2D, 0x8E, 0x21,
    0x6C, 0xD5, 0x50, 0x18, 0x46, 0x4F, 0xDB, 0x90, 0x2E, 0xBB, 0x09, 0x57, 0x2D, 0x79, 0x60, 0x8A,
    0xC0, 0xBC, 0x91, 0xAC, 0x93, 0x08, 0xD6, 0xFF, 0x06, 0x2F, 0x9E, 0xC1, 0x23, 0x10, 0x04, 0x85,
    0x0F, 0xD9, 0xBD, 0xDE, 0x30, 0xAF, 0x9E, 0x9E, 0x17, 0x08, 0xB2, 0x6E, 0x78, 0xD1, 0xE0, 0xC5,
    0x55, 0x60, 0xFF, 0x90, 0x92, 0x54, 0xB4, 0xFD, 0x79, 0x8F, 0xEC, 0x7C, 0x27, 0x9F, 0x3E, 0xE0,
    0x68, 0xEE, 0x45, 0xDD, 0xC2, 0xCA, 0x09, 0x70, 0x59, 0xCC, 0xF5, 0xDA, 0x8E, 0x92, 0x36, 0x00,
    0xD5, 0x8A, 0xB7, 0x24, 0x96, 0xD7, 0x7A, 0x7C, 0xC1, 0xFB, 0x4A, 0x2F, 0xFC, 0xD2, 0x89, 0x2D,
    0x5D, 0x33, 0x6D, 0xCA, 0x9B, 0x68, 0xDA, 0x9B, 0x7E, 0xBA, 0xDD, 0x03, 0x42, 0x27, 0xE1, 0xAE,
    0xF9, 0x3D, 0x3B, 0x1B, 0x4B, 0x1B, 0x38, 0xE3, 0x02, 0x4B, 0x87, 0x85, 0x2D, 0x4D, 0xF8, 0x26,
    0x3F, 0x2C, 0xFE, 0xB4, 0xC3, 0x3F, 0xE7, 0xE3, 0x13, 0x7A, 0xB5, 0x69, 0x37, 0x55, 0xA3, 0x1F,
    0x7C, 0x00, 0xF0, 0x93, 0xAC, 0x6F, 0x9A, 0x2F, 0xFE, 0xAA, 0x6D, 0x97, 0x5A, 0x39, 0xF2, 0xB9,
    0x4A, 0xE5, 0xE4, 0x07, 0xB7, 0x88, 0xCA, 0x5F, 0x4B, 0xF1, 0xED, 0xCC, 0x4B, 0x12, 0xC0, 0xEB,
    0x42, 0xE3, 0x57, 0x6D, 0xEC, 0xBE, 0x36, 0x8A, 0x99, 0x23, 0x4F, 0xB9, 0xA4, 0x4D, 0x0B, 0xF2,
    0xC7, 0x82, 0x9F, 0x63, 0x2E, 0x16, 0xA7, 0x6C, 0xB8, 0x61, 0x4B, 0x65, 0xD9, 0xDB, 0xD4, 0xFC,
    0x9A, 0x85, 0xBB, 0x8E, 0x0E, 0x20, 0xB9, 0xDC, 0x26, 0x41, 0xB2, 0x64, 0x97, 0x8A, 0x7D, 0x39,
    0x56, 0xEA, 0xB4, 0x1F, 0x2C, 0xEC, 0x78, 0x46, 0x1F, 0x8E, 0xD5, 0xD7, 0x9C, 0xF2, 0x41, 0x1E,
    0x1E, 0x9B, 0xDB, 0xF0, 0xFD, 0x34, 0xC8, 0x20, 0xEA, 0xD5, 0x0D, 0x6D, 0xBA, 0x02, 0x5C, 0xF2,
    0x08, 0x31, 0xBF, 0x1A, 0x8B, 0xA9, 0x9E, 0x7A, 0xB5, 0x00, 0x50, 0xCC, 0x7E, 0x94, 0x14, 0x89,
    0x27, 0x62, 0xCD, 0x52, 0xE6, 0x73, 0xB6, 0xC2, 0x75, 0xFB, 0x30, 0x1F, 0x12, 0x2A, 0x53, 0xFA,
    0x70, 0x7E, 0xBB, 0x8F, 0xA6, 0x07, 0xCF, 0xDE, 0xED, 0xC4, 0xF4, 0xBF, 0xF9, 0x1F, 0x15, 0xCB,
    0xB1, 0x11, 0xC2, 0x30, 0x10, 0x45, 0xC1, 0x67, 0x5F, 0xE0, 0x80, 0xE0, 0x4A, 0x70, 0x09, 0x6E,
    0x00, 0x46, 0xCE, 0x29, 0xC6, 0x25, 0xA0, 0xC2, 0x60, 0x74, 0x1D, 0x40, 0x09, 0x74, 0x80, 0x02,
    0x85, 0x42, 0x30, 0x3F, 0xD9, 0x6C, 0xD7, 0x06, 0x90, 0x86, 0x2C, 0x87, 0x7C, 0x78, 0x06, 0xCE,
    0x16, 0x00, 0xF6, 0x96, 0x73, 0x95, 0x34, 0x31, 0x75, 0x69, 0x92, 0x65, 0x48, 0xFF, 0xC8, 0xF5,
    0xB9, 0x03, 0xE9, 0xAA, 0x76, 0x33, 0xF9, 0x55, 0x9E, 0xFB, 0x54, 0xC1, 0x9A, 0xF2, 0xA9, 0x72,
    0x5F, 0xB2, 0xBF, 0xB8, 0x78, 0x6C, 0xC1, 0x76, 0x44, 0xDA, 0xF1, 0x5F, 0x14, 0xB0, 0xC1, 0x1F,
    0xBD, 0xD6, 0x3F, 0x8C, 0xDD, 0x48, 0x1D, 0x07, 0xF0, 0xAF, 0x6D, 0x6E, 0x2D, 0xC5, 0xD2, 0x0D,
    0x2D, 0x2B, 0x81, 0x1B, 0x0A, 0xD8, 0xBD, 0x93, 0x5B, 0x8A, 0x24, 0x76, 0x47, 0x79, 0xF4, 0x0D,
    0xA9, 0xEF, 0x8A, 0x50, 0x50, 0xA4, 0xE0, 0xB0, 0xFB, 0x6A, 0x0B, 0x3A, 0x0A, 0x52, 0xA4, 0xC8,
    0xFA, 0x8A, 0x17, 0x89, 0x26, 0xC5, 0xB1, 0x1E, 0x44, 0x2F, 0x59, 0xF4, 0x12, 0x46, 0xA4, 0x88,
    0x72, 0xCD, 0x48, 0x58, 0xC2, 0x79, 0xE7, 0x37, 0x5F, 0xE6, 0x3B, 0xDE, 0x7B, 0xD9, 0x53, 0x02,
    0x7B, 0xA7, 0x43, 0x3C, 0x69, 0x3E, 0xB3, 0xB6, 0x67, 0x7E, 0x33, 0x9E, 0x7F, 0x5E, 0xA0, 0xEA,
    0x00, 0xA0, 0xB6, 0x6F, 0x1C, 0x26, 0x49, 0x17, 0x48, 0xFE, 0x35, 0x07, 0xD3, 0x7F, 0xAC, 0xC1,
    0xEC, 0xAF, 0x32, 0xB7, 0x3E, 0x68, 0x3A, 0x4A, 0xB4, 0xC1, 0x0A, 0x75, 0x07, 0xDC, 0x43, 0x65,
    0x81, 0x9A, 0x1C, 0x81, 0xAB, 0x7E, 0xE7, 0x80, 0x19, 0x85, 0x43, 0xE2, 0x90, 0xCD, 0x48, 0x27,
    0x64, 0x2B, 0x32, 0x8B, 0x74, 0x0D, 0x01, 0x00, 0x0F, 0xD3, 0x01, 0xC4, 0xF0, 0x12, 0x27, 0x9C,
    0xB8, 0xC2, 0xD0, 0x9D, 0xF5, 0x7D, 0xAF, 0xFA, 0x54, 0xD1, 0x4A, 0x25, 0x4B, 0x61, 0x8E, 0xE0,
    0x26, 0xE4, 0x05, 0x52, 0xBF, 0x5B, 0x75, 0x39, 0x88, 0xCA, 0x06, 0xCC, 0x28, 0x5C, 0xA0, 0x38,
    0x62, 0x22, 0x93, 0xE2, 0xD9, 0xC0, 0x60, 0xCF, 0xFD, 0xCE, 0xA3, 0x25, 0x27, 0xF4, 0xFD, 0x25,
    0x40, 0xD2, 0xC1, 0xB8, 0xE2, 0xA0, 0xEE, 0x52, 0x0C, 0xA2, 0x6D, 0x36, 0xAE, 0x2F, 0x7D, 0x20,
    0x5B, 0x50, 0xEC, 0x87, 0x0E, 0x05, 0xB9, 0x28, 0x36, 0xF5, 0xB4, 0xB6, 0x81, 0x72, 0x0A, 0x98,
    0x88, 0x13, 0x93, 0xEE, 0x8D, 0x5F, 0x3D, 0x65, 0xF3, 0x70, 0x1F, 0x7A, 0x4A, 0xF5, 0x59, 0x6F,
    0xD9, 0xE8, 0x2D, 0x63, 0x77, 0x45, 0x21, 0x72, 0x91, 0x89, 0xB4, 0x09, 0x00, 0xDF, 0x99, 0x73,
    0x76, 0x40, 0xCD, 0x11, 0x88, 0x6D, 0x3E, 0x81, 0x1A, 0x5D, 0x00, 0xBD, 0xCF, 0x2D, 0x26, 0xD1,
    0x74, 0x73, 0x92, 0xD9, 0x78, 0x43, 0x2B, 0xF3, 0x68, 0xD1, 0x49, 0xD3, 0x44, 0x21, 0xEF, 0x47,
    0x7F, 0x23, 0x93, 0x45, 0xE6, 0xFB, 0xBE, 0x67, 0x6C, 0x9C, 0x1D, 0x27, 0xA0, 0x5E, 0xD8, 0x00,
    0xC5, 0x72, 0x50, 0x47, 0x97, 0x35, 0x88, 0x65, 0x96, 0xCF, 0x9D, 0x7C, 0xB4, 0x19, 0x06, 0xE9,
    0xAC, 0xBF, 0x20, 0xBB, 0x9A, 0x93, 0x71, 0x48, 0xE3, 0xE4, 0x24, 0xAB, 0xCC, 0xA2, 0x45, 0xB4,
    0x8A, 0xFE, 0x36, 0xFA, 0x5A, 0x66, 0x7F, 0x97, 0xE6, 0xCF, 0xB2, 0x4A, 0xE4, 0xA7, 0xD1, 0x59,
    0xFE, 0x73, 0x92, 0xB4, 0x51, 0xC8, 0x35, 0x3A, 0x47, 0xDD, 0x1B, 0x77, 0xFB, 0xE6, 0x9C, 0xD7,
    0xAD, 0xE3, 0x34, 0x8C, 0xDE, 0xD3, 0xF8, 0x02, 0x2B, 0x30, 0xA3, 0x6D, 0xA2, 0x00, 0xDC, 0xB7,
    0x33, 0xB9, 0x61, 0x3A, 0x1D, 0xD5, 0xA8, 0x4A, 0x2B, 0x0B, 0xF9, 0x63, 0xD3, 0x04, 0x87, 0x01,
    0x41, 0xAE, 0xB8, 0xC3, 0x97, 0x83, 0x83, 0xE1, 0xFA, 0x03, 0xE8, 0x17, 0x46, 0xE6, 0x4E, 0xFF,
    0x84, 0xEC, 0x0C, 0x17, 0xE3, 0xB0, 0xAD, 0x4E, 0xB4, 0xDF, 0xCC, 0x38, 0x17, 0x05, 0x49, 0x6E,
    0x77, 0xBE, 0xAD, 0x1A, 0x99, 0x3B, 0x7C, 0xB1, 0xB5, 0x8E, 0x34, 0x24, 0xA0, 0xDA, 0xB3, 0x03,
    0x78, 0x3D, 0x35, 0x71, 0xD7, 0xE9, 0xB2, 0x1C, 0x81, 0xB6, 0xA9, 0x2D, 0x50, 0xDB, 0xBA, 0x03,
    0x2A, 0xDB, 0x06, 0xCB, 0x69, 0x68, 0x00, 0xE3, 0x06, 0x48, 0xDE, 0x50, 0xF7, 0xA5, 0xCA, 0xA8,
    0x64, 0x35, 0x6E, 0x75, 0x2B, 0xD9, 0x99, 0x29, 0xAE, 0xA5, 0x19, 0xC9, 0x01, 0xDA, 0x29, 0x0B,
    0xD0, 0x5E, 0x3C, 0x1C, 0x81, 0x82, 0x1E, 0x00, 0x3E, 0xFE, 0x05, 0xD0, 0xEB, 0xF7, 0x98, 0xFA,
    0x39, 0x8D, 0x8C, 0x47, 0xF1, 0xFF, 0x53, 0x23, 0x73, 0xCA, 0xD0, 0x7A, 0x57, 0xE9, 0x28, 0xBB,
    0x04, 0x6A, 0x6A, 0x88, 0xD6, 0x13, 0x6A, 0x43, 0xD7, 0x36, 0x50, 0x4E, 0x01, 0xE3, 0x8E, 0xBC,
    0xE3, 0x74, 0xAA, 0xBB, 0x50, 0xC3, 0x23, 0x25, 0x1D, 0x52, 0x7F, 0x79, 0xEB, 0x26, 0xF7, 0x8F,
    0x81, 0x7A, 0x3B, 0xA9, 0x07, 0xDF, 0xA1, 0xF4, 0xC3, 0x02, 0x76, 0xE9, 0x92, 0xAD, 0xC0, 0x52,
    0xB8, 0x40, 0x39, 0x05, 0x34, 0x94, 0x0F, 0x34, 0x0B, 0x68, 0x85, 0x46, 0x19, 0xC4, 0xD7, 0x18,
    0x22, 0x7A, 0x10, 0xCB, 0xA9, 0x46, 0x9C, 0xC3, 0xC5, 0xB8, 0x40, 0xB6, 0x04, 0xE0, 0xB5, 0xA7,
    0xEB, 0x17, 0xC5, 0x82, 0x9C, 0x9C, 0x81, 0xD3, 0xDF, 0xE1, 0x63, 0xED, 0x8E, 0x81, 0xE4, 0xE1,
    0x73, 0x78, 0x7C, 0x2A, 0xEE, 0x45, 0x7E, 0x1D, 0xF8, 0x00, 0x01, 0xFC, 0x8F, 0x08, 0xA3, 0x0B,
    0x54, 0x9C, 0xD1, 0xF7, 0x17, 0x69, 0xFF, 0x94, 0x74, 0x19, 0xD7, 0x7C, 0x05, 0xAA, 0x26, 0x3D,
    0x00, 0x35, 0x40, 0xE0, 0x5E, 0x7C, 0x87, 0xCF, 0x63, 0xFF, 0x67, 0x2D, 0xA2, 0xD4, 0x01, 0xC6,
    0x65, 0x5A, 0x29, 0x73, 0x61, 0x81, 0x6C, 0x35, 0x0D, 0x90, 0xFA, 0x0A, 0x00, 0x78, 0x5F, 0xB6,
    0xAB, 0xAC, 0x17, 0x59, 0x3A, 0x69, 0x26, 0x99, 0x5B, 0x69, 0xBA, 0xC0, 0x83, 0x32, 0x00, 0x5E,
    0x05, 0xB6, 0x45, 0x0F, 0x4E, 0xF2, 0x54, 0x9C, 0xF5, 0xDD, 0x69, 0x8F, 0x96, 0xB6, 0x62, 0xA3,
    0x1D, 0xE0, 0x90, 0x78, 0xA8, 0x45, 0xAA, 0xB2, 0x96, 0x30, 0xD4, 0x93, 0xBB, 0x50, 0x4F, 0x54,
    0x39, 0xDF, 0xBB, 0x18, 0x28, 0xC6, 0x67, 0x23, 0xDB, 0x4E, 0x0E, 0xBA, 0x93, 0x50, 0x4F, 0xB3,
    0x2F, 0xE6, 0x60, 0xF1, 0x97, 0x35, 0x58, 0x86, 0x78, 0x7A, 0x35, 0xCD, 0xCE, 0xA2, 0x37, 0x4B,
    0xF5, 0xC5, 0x51, 0xFF, 0x8C, 0x43, 0xFB, 0x12, 0x3B, 0x36, 0x3C, 0x80, 0xEC, 0xFA, 0x3E, 0xE9,
    0x2F, 0xC9, 0x94, 0xDE, 0x5C, 0x7F, 0x7F, 0xCC, 0xED, 0x54, 0x63, 0xBE, 0xE6, 0x1C, 0x33, 0x92,
    0x63, 0x42, 0x7E, 0x34, 0xA2, 0x9A, 0xCC, 0x08, 0xE0, 0xBF, 0x92, 0x0C, 0xAF, 0x81, 0x94, 0x3C,
    0xEB, 0x1F, 0xE3, 0x4E, 0xFF, 0xB4, 0x66, 0x3C, 0xA2, 0xB2, 0x35, 0x2E, 0xA2, 0x54, 0x59, 0x8B,
    0x6F, 0x92, 0x91, 0x9D, 0x32, 0xBF, 0x5B, 0xB6, 0x9B, 0xDC, 0xB2, 0xBA, 0x8B, 0x59, 0x65, 0x63,
    0x56, 0x4E, 0x31, 0x33, 0x37, 0xB2, 0xE3, 0xCD, 0x6A, 0xDC, 0x2A, 0x6C, 0x25, 0x87, 0x50, 0x4F,
    0xDF, 0xF7, 0x70, 0x68, 0xD6, 0xE4, 0x64, 0xB8, 0xAA, 0x83, 0xDB, 0x16, 0xC9, 0xDE, 0xDE, 0x40,
    0xB7, 0xFF, 0x5B, 0x71, 0xEB, 0xC6, 0x55, 0x0F, 0xDE, 0xFC, 0x5B, 0xA1, 0x46, 0x11, 0xBE, 0x5C,
    0x28, 0xD9, 0xA1, 0xE6, 0x94, 0x70, 0xB7, 0xA8, 0xE1, 0xDC, 0xE1, 0x0A, 0x71, 0x93, 0xC7, 0x2D,
    0x8E, 0xBA, 0x81, 0xB1, 0xAA, 0x86, 0x2D, 0x90, 0x07, 0x8A, 0x90, 0x27, 0x07, 0x20, 0x5F, 0xD2,
    0x35, 0x3D, 0xA8, 0xBB, 0x21, 0x5F, 0x63, 0xEE, 0x3F, 0xDB, 0x72, 0x72, 0xCB, 0x35, 0xCE, 0xC7,
    0xE7, 0x37, 0x73, 0xD5, 0xCF, 0x96, 0x2D, 0x5E, 0x3E, 0x6F, 0xF1, 0x15, 0x17, 0x35, 0xAE, 0xFB,
    0xDA, 0x7D, 0xF5, 0x8F, 0x12, 0xEA, 0x30, 0x50, 0x17, 0xD9, 0x6B, 0x3D, 0xE4, 0x84, 0x36, 0x24,
    0xFD, 0x92, 0xCB, 0x6D, 0x18, 0xD8, 0xA0, 0xF2, 0xBB, 0xBD, 0xD6, 0xE4, 0x76, 0x9E, 0x07, 0x13,
    0x2F, 0xD3, 0x43, 0x74, 0x95, 0xC9, 0x41, 0xC2, 0x47, 0xDB, 0x68, 0xF9, 0x42, 0x26, 0x64, 0x30,
    0xE7, 0x2E, 0x68, 0x26, 0xDD, 0xA9, 0x6D, 0xB4, 0x91, 0xC3, 0x8D, 0x5A, 0x6F, 0x7D, 0xD9, 0xE9,
    0x40, 0x82, 0x36, 0xD8, 0xE0, 0xF4, 0x02, 0x39, 0x3D, 0x2A, 0x3B, 0x34, 0x75, 0x57, 0xD9, 0xBA,
    0x2B, 0xED, 0x7B, 0x30, 0x16, 0x4A, 0x27, 0xB4, 0x09, 0xFF, 0x60, 0x8D, 0x33, 0xB6, 0x6E, 0x8C,
    0xF5, 0x78, 0x93, 0x88, 0xC1, 0xB6, 0x5F, 0xFC, 0x6D, 0x29, 0xBD, 0x39, 0xA4, 0x17, 0xD0, 0xEF,
    0x27, 0x28, 0x38, 0x63, 0xA0, 0xCB, 0xC8, 0xCE, 0xBC, 0x00, 0x2A, 0x00, 0xDA, 0x93, 0x8F, 0xEE,
    0x5C, 0xE0, 0x19, 0x3D, 0xFE, 0x38, 0x57, 0x96, 0x36, 0x77, 0x44, 0xBA, 0x10, 0x58, 0x7D, 0x48,
    0x07, 0xE0, 0x10, 0x92, 0xBF, 0x4E, 0x87, 0x2B, 0x60, 0xAD, 0x95, 0x9A, 0x74, 0x36, 0xA1, 0x6C,
    0x16, 0xEA, 0x80, 0x1E, 0x08, 0x31, 0xC2, 0xB1, 0x04, 0x92, 0x30, 0xB6, 0xB5, 0xC6, 0x96, 0x21,
    0x99, 0x71, 0x4B, 0xFA, 0x7B, 0x80, 0xE1, 0x01, 0x66, 0xCF, 0x70, 0x5D, 0x84, 0x1E, 0x67, 0x73,
    0x48, 0x8B, 0x72, 0x5D, 0xEF, 0x5E, 0xD1, 0x92, 0xAF, 0x35, 0x6C, 0xDA, 0x48, 0xBD, 0x96, 0x05,
    0xEA, 0x6B, 0xDE, 0x3F, 0xF2, 0x23, 0xF1, 0xE1, 0x91, 0xBB, 0x47, 0x1E, 0x09, 0x17, 0x48, 0x45,
    0xFE, 0x2A, 0x04, 0xA8, 0x35, 0x87, 0x6C, 0x50, 0x3A, 0xAD, 0x0D, 0x37, 0x03, 0x70, 0x4E, 0x88,
    0x67, 0xEA, 0x30, 0x78, 0x40, 0xEE, 0xEA, 0x2E, 0x74, 0xD2, 0xD6, 0x28, 0xA6, 0x3A, 0x5C, 0x5D,
    0x85, 0xA4, 0x3E, 0x30, 0x7C, 0x49, 0x3D, 0x00, 0x25, 0x02, 0x18, 0xAE, 0xBF, 0x0B, 0xE5, 0x88,
    0x5F, 0x15, 0x4B, 0xEE, 0x12, 0xB2, 0xC3, 0xC9, 0x36, 0xB2, 0x25, 0x47, 0x0C, 0xBF, 0x5F, 0xF1,
    0x1C, 0x3E, 0x04, 0x1E, 0xF0, 0x20, 0x24, 0x20, 0xAE, 0x64, 0x80, 0x23, 0xF0, 0xC9, 0xB6, 0xD7,
    0x35, 0xFB, 0x8A, 0xE2, 0xB6, 0x84, 0x43, 0xEA, 0x41, 0xCE, 0x78, 0xEF, 0x52, 0x67, 0x28, 0x7E,
    0x8A, 0x9A, 0x60, 0x97, 0xB9, 0x8C, 0x36, 0x73, 0xF9, 0x47, 0xE1, 0xAF, 0x42, 0x3D, 0x7F, 0x5F,
    0x7C, 0x20, 0x9E, 0x07, 0xBE, 0x74, 0x01, 0xC6, 0x57, 0xF2, 0xA2, 0x6E, 0x02, 0xA5, 0x0D, 0x14,
    0x2E, 0x90, 0x2D, 0x38, 0xF7, 0xF0, 0x9D, 0x42, 0x8D, 0x67, 0x7D, 0xA2, 0x93, 0x29, 0xE5, 0x9A,
    0x39, 0x54, 0xF6, 0x9D, 0xEC, 0xFB, 0xC1, 0x66, 0x24, 0xE3, 0xE5, 0x7F, 0xE6, 0xDC, 0x27, 0xC3,
    0xCB, 0x18, 0x0A, 0x27, 0x8F, 0x01, 0x12, 0xF9, 0x5C, 0x8E, 0x5A, 0x02, 0xDA, 0xCE, 0x2D, 0xB0,
    0x0E, 0x80, 0x27, 0x40, 0x1F, 0x9F, 0x6E, 0x49, 0xF7, 0xF4, 0x4C, 0x65, 0x54, 0x36, 0x5F, 0x2A,
    0x1D, 0xB1, 0xD0, 0xE8, 0x27, 0xCF, 0x86, 0x11, 0xF5, 0x97, 0x5C, 0xF1, 0x89, 0xFF, 0x39, 0x91,
    0x39, 0x0C, 0x4D, 0xA0, 0x3E, 0x36, 0x5A, 0x0A, 0x33, 0x7E, 0x8D, 0xF2, 0xF8, 0xB4, 0xEE, 0x54,
    0x03, 0x99, 0x36, 0x77, 0xC6, 0xC1, 0x05, 0xA8, 0xA1, 0x00, 0xDE, 0x49, 0xE5, 0x1B, 0xA0, 0xA5,
    0x05, 0x6A, 0xF2, 0x70, 0x7F, 0xB7, 0xFF, 0xD3, 0xDD, 0xC2, 0x7D, 0xF8, 0xB3, 0xC2, 0xFD, 0xF0,
    0xFB, 0x85, 0xFB, 0x9E, 0xB6, 0xDD, 0xAD, 0xE9, 0xE1, 0x1E, 0x20, 0xD1, 0x3F, 0x3D, 0xED, 0x1B,
    0xAE, 0x15, 0x6D, 0x3C, 0xC0, 0xBE, 0x0B, 0xBF, 0x7C, 0xF5, 0xD9, 0x01, 0xD4, 0xE0, 0x03, 0x68,
    0x85, 0x11, 0x85, 0xC8, 0x22, 0xDD, 0x59, 0xDF, 0xA0, 0x66, 0xA7, 0x97, 0x78, 0x3B, 0xF1, 0x80,
    0x6C, 0x3F, 0x58, 0x4D, 0xBD, 0x66, 0x7E, 0x4B, 0xE9, 0xBA, 0xE5, 0xB9, 0x3B, 0xDF, 0x0F, 0x53,
    0x4D, 0x0F, 0x00, 0x27, 0x4F, 0xD0, 0x12, 0x03, 0x51, 0xED, 0xD3, 0xA5, 0x54, 0x8D, 0x29, 0x0B,
    0x75, 0x42, 0x2F, 0x16, 0xAD, 0x9E, 0x24, 0xD4, 0xA9, 0x2C, 0x82, 0x75, 0x17, 0x24, 0x3B, 0x1C,
    0x42, 0x64, 0xA9, 0x3B, 0xC7, 0xA7, 0xB1, 0xA4, 0x6A, 0xCD, 0x8A, 0x9F, 0xB9, 0x2D, 0xDA, 0x16,
    0x19, 0xD0, 0xCA, 0xF8, 0x37, 0xD5, 0xD8, 0x01, 0xC4, 0x24, 0x69, 0x7A, 0x07, 0xF0, 0x5F, 0x55,
    0xDD, 0x4C, 0xCF, 0x4D, 0x71, 0x15, 0xCC, 0x61, 0xE4, 0xA4, 0x17, 0x87, 0x49, 0x4E, 0xAE, 0xE0,
    0x00, 0x4C, 0x15, 0x07, 0x00, 0x8D, 0x19, 0xC1, 0xE2, 0x06, 0x8B, 0xB3, 0xC8, 0x05, 0x87, 0x13,
    0x67, 0xBB, 0x12, 0x00, 0xB0, 0x90, 0xC0, 0xC1, 0x22, 0x38, 0x17, 0x5C, 0x70, 0x18, 0xCC, 0x7E,
    0xF5, 0x26, 0x87, 0x00, 0xD2, 0x01, 0x03, 0x48, 0x05, 0x21, 0x71, 0xB8, 0x42, 0xA3, 0x2F, 0x5B,
    0x5F, 0x3F, 0x51, 0xDD, 0xBE, 0xE9, 0xCB, 0x64, 0xDD, 0x98, 0xDC, 0x6E, 0x4F, 0x7F, 0xBA, 0xDF,
    0xBF, 0xD6, 0xBA, 0xAA, 0xAA, 0x7E, 0xF5, 0xD4, 0xFB, 0x3E, 0xDF, 0xC7, 0x9D, 0x15, 0xD4, 0x23,
    0x34, 0x5B, 0x58, 0xEF, 0xA0, 0x9F, 0x60, 0xBF, 0x47, 0x3E, 0x05, 0x8A, 0xA9, 0x47, 0xB1, 0x6D,
    0x3A, 0xCA, 0xB1, 0x49, 0x54, 0x63, 0xBD, 0x61, 0xB9, 0xA9, 0x46, 0x9A, 0x74, 0xC8, 0x6E, 0xB1,
    0xA3, 0xFF, 0x9B, 0x3F, 0x9B, 0x88, 0x88, 0x6B, 0x59, 0x44, 0xEC, 0x15, 0x11, 0x11, 0x8A, 0xEB,
    0xA7, 0x4F, 0xFB, 0xAE, 0xDC, 0xBE, 0xFA, 0x71, 0x5A, 0x0E, 0x2C, 0x87, 0xFA, 0xB0, 0xAB, 0x26,
    0x51, 0x6E, 0x01, 0x80, 0xBB, 0x2D, 0x2C, 0x47, 0xA8, 0x4F, 0xA9, 0x4C, 0x58, 0xFE, 0xE6, 0xFE,
    0xC7, 0x22, 0xFE, 0x65, 0x5C, 0x44, 0xC4, 0x58, 0xED, 0xDF, 0x8F, 0xB1, 0x19, 0xC5, 0xBC, 0xA3,
    0x66, 0xEC, 0x5B, 0xD5, 0xD8, 0x53, 0x8D, 0xE1, 0x14, 0x37, 0xDF, 0xAD, 0x3B, 0xF5, 0xD8, 0x6C,
    0xAC, 0xC7, 0xE5, 0x2E, 0x8F, 0xB1, 0x9C, 0x77, 0x90, 0x47, 0xFC, 0xDB, 0x68, 0xBD, 0xAF, 0x46,
    0xD9, 0x0A, 0xC0, 0x07, 0xC8, 0xF6, 0x28, 0x02, 0x79, 0xC0, 0x04, 0xF5, 0x06, 0xFA, 0x1D, 0xFC,
    0xE5, 0x04, 0x26, 0x58, 0x6C, 0xA1, 0x4C, 0xA7, 0xD3, 0x87, 0xCB, 0x63, 0x5E, 0xA1, 0x8C, 0x43,
    0x24, 0xB2, 0x2A, 0xA1, 0xE9, 0xF0, 0x29, 0x3C, 0x07, 0xE0, 0x2C, 0xD2, 0xF7, 0x40, 0x03, 0xD6,
    0x1D, 0x84, 0x83, 0x08, 0xCA, 0x6E, 0xBC, 0x31, 0xCB, 0x62, 0x8F, 0xC5, 0x6E, 0xDD, 0x51, 0x74,
    0x8B, 0xCB, 0xD5, 0xA5, 0x43, 0xB1, 0xC5, 0x62, 0x42, 0x35, 0x62, 0x99, 0x50, 0x91, 0xEF, 0x51,
    0x46, 0x47, 0x1D, 0x03, 0xFD, 0x77, 0x77, 0x7C, 0xD3, 0xB3, 0xB3, 0x8A, 0xE7, 0x2D, 0x54, 0x09,
    0xEA, 0x01, 0xCA, 0x11, 0xF2, 0xDD, 0x41, 0xFC, 0x1F, 0x6E, 0x9F, 0xF8, 0x33, 0xE4, 0x5B, 0x14,
    0x13, 0xEC, 0xA1, 0x81, 0xAF, 0x5D, 0x86, 0x78, 0x39, 0xC1, 0x32, 0xE0, 0x6B, 0x6B, 0x70, 0xCC,
    0x09, 0xE5, 0x5F, 0xDD, 0xC2, 0x1A, 0xEF, 0x13, 0x62, 0xC4, 0xDF, 0x1F, 0xDC, 0xE7, 0xA8, 0x86,
    0x9B, 0x1A, 0xFF, 0xEA, 0x3B, 0x17, 0x87, 0x6C, 0x5F, 0x26, 0x8A, 0x88, 0x44, 0xF9, 0xEB, 0xE8,
    0xB8, 0xDB, 0x5D, 0x01, 0x50, 0x76, 0x6E, 0x9B, 0x7B, 0x95, 0xBE, 0x4F, 0xB3, 0x9F, 0xE8, 0x63,
    0xC7, 0xF3, 0xE5, 0x08, 0x00, 0xAF, 0x57, 0x7A, 0x71, 0x7E, 0xF7, 0x72, 0xF3, 0x9A, 0x69, 0xB9,
    0x5B, 0xA7, 0x83, 0x69, 0x0B, 0xB8, 0xC5, 0x4D, 0x07, 0xDE, 0x7A, 0x3A, 0x39, 0x7F, 0x73, 0xE2,
    0x0F, 0xC0, 0x73, 0x37, 0x3F, 0x50, 0x4C, 0xB0, 0x18, 0x0F, 0x99, 0x50, 0xFE, 0x63, 0xD9, 0x51,
    0x0E, 0xCB, 0x44, 0xB1, 0x8F, 0xF6, 0xE6, 0x66, 0xA9, 0xB7, 0x2E, 0xFB, 0x36, 0x95, 0xB0, 0xDC,
    0xA0, 0x49, 0x58, 0xC3, 0x04, 0xDF, 0xC4, 0x03, 0x2B, 0xAE, 0x4D, 0xAC, 0x7F, 0xB2, 0xA3, 0x8E,
    0x91, 0x32, 0x3A, 0x3C, 0x39, 0xD7, 0xAD, 0xF9, 0x0A, 0xF8, 0x31, 0x08, 0xD0, 0xB7, 0x50, 0x27,
    0x28, 0x6F, 0x35, 0x7E, 0x9E, 0x5E, 0xCD, 0xF1, 0x23, 0x8A, 0x1D, 0x4C, 0xF0, 0x1D, 0xBC, 0xF0,
    0x9C, 0xAB, 0x6C, 0xA2, 0xF9, 0xC9, 0x96, 0x3A, 0x86, 0xB3, 0xE3, 0xFF, 0xE1, 0xC7, 0xA7, 0xB6,
    0xBC, 0x99, 0xC0, 0x04, 0xC5, 0x78, 0xC2, 0xFF, 0xA7, 0xDB, 0x87, 0x9F, 0xFF, 0x06, 0x65, 0xB4,
    0x2C, 0x22, 0xA1, 0x3A, 0x55, 0x3E, 0xFC, 0xF0, 0x32, 0xF0, 0x41, 0xB6, 0x5F, 0xFC, 0x8E, 0x15,
    0x37, 0xEB, 0xEE, 0xB6, 0x94, 0x9B, 0xEA, 0x88, 0xDF, 0xDD, 0x9A, 0xCA, 0xAF, 0x87, 0x17, 0xAC,
    0x63, 0x62, 0xDF, 0x6F, 0xF9, 0xA0, 0xDC, 0x00, 0xB8, 0x08, 0xFC, 0x32, 0x95, 0x07, 0x84, 0xFA,
    0x88, 0xDF, 0x22, 0xAE, 0x4F, 0x8C, 0xB7, 0x7F, 0xD9, 0xE5, 0x85, 0x69, 0x46, 0xDE, 0xCD, 0xC8,
    0xE3, 0xB9, 0x91, 0xDF, 0xBC, 0xEC, 0x3E, 0x7D, 0xFA, 0xF4, 0x49, 0x44, 0x4C, 0xAF, 0x06, 0x3E,
    0x77, 0x44, 0xA4, 0xFF, 0x35, 0xF0, 0xB9, 0xE3, 0x67, 0x3F, 0xFB, 0xE9, 0x6F, 0xEF, 0xEF, 0x24,
    0x85, 0x66, 0x43, 0x33, 0x1C, 0xC7, 0xB2, 0xA3, 0xDC, 0xB7, 0xF4, 0x31, 0xCE, 0xFC, 0x93, 0xF9,
    0xC2, 0xD5, 0x83, 0xBE, 0x6D, 0x92, 0x26, 0xAD, 0xA9, 0x53, 0x7F, 0x3C, 0x5E, 0xC4, 0x66, 0x8E,
    0xD4, 0xC3, 0x21, 0x9A, 0x0E, 0xCD, 0xE0, 0x9E, 0xE5, 0xB5, 0xB5, 0x59, 0xAE, 0xCD, 0x22, 0xF6,
    0x8E, 0xC2, 0x9E, 0xBC, 0xE9, 0xC2, 0xD5, 0x03, 0xEB, 0x89, 0xC7, 0x13, 0x26, 0x8A, 0x2D, 0x8B,
    0x44, 0xD1, 0xE2, 0x1C, 0x30, 0x2B, 0x54, 0x7B, 0x54, 0xD1, 0x72, 0x67, 0x06, 0xD1, 0xC0, 0x04,
    0x23, 0x00, 0xBE, 0x74, 0xA9, 0x07, 0xD9, 0x2A, 0x8F, 0x97, 0x43, 0x19, 0xB1, 0xA9, 0x5E, 0x46,
    0x77, 0xBF, 0x7D, 0x78, 0x1E, 0x83, 0x65, 0xFA, 0x05, 0xEB, 0xED, 0x8E, 0x88, 0x91, 0xDD, 0x7A,
    0xE0, 0xD9, 0xFD, 0x73, 0x5E, 0x39, 0xF7, 0xA0, 0x6E, 0xD1, 0x24, 0xF4, 0x30, 0x51, 0x6E, 0x46,
    0x9A, 0x1D, 0x22, 0x28, 0x76, 0xEB, 0x24, 0xEF, 0xF2, 0xD6, 0x2B, 0x18, 0xF3, 0x15, 0xFC, 0x76,
    0xE0, 0x77, 0x44, 0x44, 0x7A, 0x2D, 0xDE, 0xB0, 0xC5, 0x8C, 0xF5, 0xFA, 0x31, 0x90, 0x75, 0x28,
    0x46, 0x94, 0x3B, 0x54, 0x03, 0x9A, 0x0E, 0x7F, 0x44, 0x71, 0x7D, 0x53, 0x4D, 0x4D, 0x6C, 0xD8,
    0x2F, 0xB6, 0xBC, 0xE7, 0xD9, 0x39, 0x39, 0xF3, 0x8E, 0x2A, 0xB1, 0x1C, 0x59, 0x6C, 0xC9, 0x26,
    0xE5, 0xE6, 0x87, 0x07, 0xC8, 0x88, 0x03, 0xE3, 0xAC, 0x78, 0x96, 0xE2, 0xE2, 0x93, 0x1B, 0xAA,
    0xC5, 0x0E, 0xF9, 0x04, 0x3D, 0xFC, 0xE9, 0x45, 0x58, 0x95, 0xC7, 0x53, 0xC0, 0xFD, 0x9F, 0xB7,
    0x68, 0x2E, 0xBC, 0xF4, 0xFA, 0x8E, 0x2C, 0x46, 0xFC, 0x6A, 0xBC, 0x91, 0xAD, 0x36, 0xA8, 0x67,
    0xCE, 0xAF, 0xBE, 0x6B, 0x4E, 0xEC, 0x8B, 0x54, 0x44, 0xA4, 0xC5, 0x67, 0x91, 0xEE, 0x76, 0x1F,
    0xC1, 0xAC, 0xE9, 0x9D, 0x94, 0xDF, 0xB2, 0xFB, 0x3B, 0xD6, 0xFF, 0x7D, 0x33, 0xB7, 0x6D, 0xEB,
    0x01, 0x80, 0xCF, 0x2F, 0xBF, 0x67, 0x67, 0xF5, 0x3A, 0xB9, 0x58, 0x1C, 0x5D, 0x3A, 0xDE, 0x71,
    0x43, 0x80, 0xB7, 0x7C, 0x32, 0xCF, 0xDF, 0x38, 0x64, 0x7B, 0x8B, 0x48, 0xC5, 0xAF, 0x93, 0x2A,
    0x69, 0x3A, 0x3F, 0xE6, 0x3B, 0x47, 0xB8, 0x27, 0x7D, 0xEC, 0x8F, 0x6F, 0xE1, 0xAD, 0xDE, 0x4F,
    0xE3, 0xB4, 0x6D, 0xD6, 0x36, 0xDB, 0x66, 0x7A, 0xEF, 0xD3, 0x6C, 0x2A, 0x86, 0x22, 0xC1, 0xDD,
    0x4F, 0xAA, 0xF1, 0x4D, 0xAF, 0x2F, 0xEA, 0xE8, 0x80, 0x47, 0x84, 0x6C, 0x96, 0xE1, 0x53, 0xDF,
    0xD6, 0xA7, 0x48, 0x7D, 0xFA, 0x36, 0xE0, 0x4F, 0xDA, 0xA6, 0x7B, 0xD3, 0x0B, 0x1E, 0x5A, 0x77,
    0xF3, 0x76, 0x0D, 0xBE, 0xF5, 0x9F, 0xCC, 0xDA, 0x1B, 0x9A, 0x88, 0x89, 0x63, 0xC7, 0x1D, 0x9B,
    0x45, 0xA4, 0xF2, 0x9A, 0xF5, 0x50, 0x6D, 0x59, 0x8E, 0xF5, 0x40, 0xB9, 0x6B, 0x12, 0xC5, 0x34,
    0x67, 0x3E, 0xAD, 0x3B, 0xF2, 0xEB, 0xBE, 0x9D, 0xE9, 0x8F, 0xB9, 0x3E, 0xE4, 0xF1, 0xFB, 0xE3,
    0x2F, 0x8F, 0x59, 0x8F, 0x54, 0xBB, 0x6A, 0x47, 0x3D, 0x2E, 0x82, 0x7E, 0x93, 0xC7, 0x7F, 0xBC,
    0x1F, 0x9D, 0x3E, 0x62, 0xCF, 0x32, 0x62, 0x4B, 0x1E, 0xD1, 0xE1, 0xCE, 0x0A, 0x80, 0xBC, 0x83,
    0x6A, 0x84, 0xE5, 0xF6, 0xF4, 0xB9, 0x1C, 0x4E, 0xB5, 0xB6, 0x55, 0x44, 0xEC, 0x0F, 0xB5, 0xD6,
    0xD6, 0xA3, 0x75, 0x6A, 0x92, 0x7A, 0x58, 0x1F, 0xBB, 0x73, 0xE5, 0x18, 0x2C, 0x8E, 0xD1, 0x53,
    0x1E, 0xBB, 0xF3, 0x26, 0xCD, 0xB1, 0xD1, 0x6C, 0xAA, 0x5D, 0x16, 0xDD, 0x22, 0x62, 0x46, 0x8D,
    0x89, 0x3A, 0x36, 0x5E, 0xAF, 0xB5, 0xE2, 0x1A, 0xC5, 0xFE, 0x26, 0xB2, 0x1D, 0x2C, 0x07, 0x68,
    0x26, 0x78, 0x7C, 0x0D, 0x5E, 0x40, 0xB1, 0x83, 0x45, 0x3A, 0x9D, 0x3E, 0x2E, 0x96, 0xF9, 0x2D,
    0x5A, 0xDD, 0x33, 0x78, 0xDF, 0x03, 0xCB, 0x0E, 0x9A, 0x04, 0x3D, 0x98, 0xB0, 0x18, 0x7E, 0x81,
    0x7A, 0x07, 0x11, 0x28, 0xAE, 0xD7, 0x89, 0x79, 0x76, 0xBC, 0x70, 0xE3, 0xDF, 0xAF, 0x33, 0x3C,
    0x83, 0x7B, 0xD6, 0x41, 0xB9, 0x61, 0xC6, 0x81, 0xC5, 0x16, 0xB2, 0xA3, 0xFB, 0x8F, 0x6E, 0xAB,
    0xFB, 0xDB, 0x77, 0x99, 0xE7, 0x75, 0x9F, 0x69, 0x8E, 0x27, 0x31, 0x37, 0x9A, 0x1D, 0x34, 0x2D,
    0x5C, 0x1F, 0xDC, 0xC7, 0xDB, 0xEA, 0xFE, 0xF6, 0xED, 0xE8, 0x79, 0xDD, 0x41, 0x7C, 0x77, 0x43,
    0x71, 0xB0, 0x9B, 0xBB, 0x52, 0xF2, 0xF4, 0xE7, 0x80, 0x83, 0xBE, 0xD7, 0xF5, 0x9B, 0x5B, 0xA1,
    0xFF, 0xFB, 0x35, 0xB7, 0x67, 0xD0, 0x2F, 0x4F, 0xEB, 0xA6, 0xA3, 0xEC, 0xAE, 0x3E, 0x83, 0xEC,
    0x79, 0x5A, 0x92, 0xB7, 0x6C, 0x93, 0xDF, 0x51, 0xEB, 0xE2, 0x1E, 0x78, 0x0C, 0x79, 0xC0, 0x32,
    0x5A, 0x34, 0x43, 0xB1, 0xE5, 0x8F, 0xCD, 0xC9, 0x62, 0xE4, 0x5B, 0xFF, 0x55, 0x0F, 0xE6, 0x43,
    0x24, 0x4D, 0x44, 0x5C, 0xD2, 0x8D, 0xF8, 0x06, 0xAC, 0x91, 0x47, 0x47, 0x79, 0x30, 0x1F, 0xB2,
    0x95, 0xBB, 0x8A, 0x91, 0x63, 0x2C, 0x06, 0xE5, 0xFE, 0xE7, 0x49, 0x1F, 0xD1, 0x7D, 0x49, 0xD2,
    0xEF, 0x9D, 0x28, 0x45, 0x82, 0x7E, 0x07, 0x8B, 0xEB, 0x83, 0xE2, 0xA3, 0xDB, 0x60, 0xB9, 0xF0,
    0x6A, 0x82, 0xDE, 0xA2, 0xDC, 0x43, 0x9F, 0xAD, 0xB8, 0x77, 0x56, 0xCB, 0x37, 0xB5, 0xD4, 0xB3,
    0x65, 0xDE, 0xBD, 0x41, 0xF4, 0x82, 0x5B, 0xEA, 0x59, 0x74, 0x3C, 0xAB, 0xE8, 0x83, 0x6C, 0x45,
    0x1E, 0x2F, 0x47, 0xB3, 0xD3, 0x40, 0xF5, 0x32, 0x7E, 0xB9, 0x75, 0xB7, 0x7D, 0x78, 0xD9, 0x8A,
    0xFF, 0xF7, 0xFF, 0xCF, 0xFF, 0xBE, 0xF2, 0xEC, 0xFE, 0x59, 0xED, 0x00, 0x8E, 0x52, 0x6F, 0xF0,
    0xBA, 0x1D, 0x8B, 0x53, 0xB6, 0xC2, 0x1B, 0x10, 0xCF, 0xB7, 0x10, 0x7D, 0xBD, 0xE5, 0x69, 0xD3,
    0x11, 0x5F, 0x50, 0xA4, 0x39, 0x36, 0xB2, 0x7D, 0x3D, 0x2A, 0xA6, 0x6A, 0xB2, 0x9C, 0x16, 0xF1,
    0xB7, 0x31, 0xE6, 0x11, 0xB1, 0xB1, 0x8E, 0xA0, 0x8C, 0x2D, 0xBE, 0x02, 0xE0, 0x21, 0xF4, 0x2D,
    0xA2, 0xBB, 0x89, 0x8F, 0xF8, 0x90, 0x0F, 0x7B, 0xE2, 0x6D, 0xC6, 0xBA, 0xCB, 0xA3, 0x19, 0xCA,
    0xA8, 0x23, 0xA2, 0x8A, 0xEB, 0xC8, 0x63, 0x0C, 0x5F, 0x77, 0xBA, 0x31, 0xD5, 0x48, 0xB5, 0x3D,
    0x8E, 0xC5, 0x40, 0x76, 0x85, 0x22, 0x12, 0xF9, 0xAF, 0x06, 0xC7, 0xEF, 0xD4, 0x09, 0x8F, 0xE1,
    0x11, 0x78, 0xD7, 0x4C, 0x59, 0x4B, 0xB3, 0xA3, 0x99, 0x78, 0xF0, 0x29, 0xD9, 0x44, 0x31, 0x52,
    0x24, 0xC0, 0x17, 0x8E, 0xB5, 0x82, 0xFC, 0x54, 0xC2, 0x62, 0xCE, 0x62, 0xDF, 0xBA, 0x62, 0xC3,
    0x35, 0x98, 0x66, 0x96, 0xF7, 0xA7, 0xA6, 0x23, 0xC6, 0x43, 0xA6, 0x43, 0xFA, 0xC2, 0x32, 0x11,
    0x0E, 0x4E, 0x0E, 0x50, 0x0E, 0x52, 0x0E, 0x54, 0x8E, 0x56, 0x07, 0xAC, 0x1B, 0x2D, 0xA7, 0xAA,
    0xF2, 0x17, 0xC8, 0x27, 0x94, 0xD7, 0x68, 0xB6, 0x68, 0x5A, 0x2B, 0x8F, 0xE4, 0xDB, 0x57, 0x4F,
    0xDF, 0xF8, 0x21, 0xEB, 0x4D, 0x4F, 0x74, 0x73, 0x78, 0xFB, 0x98, 0x15, 0xCD, 0x8C, 0x66, 0x47,
    0x33, 0xA4, 0x83, 0xE4, 0x91, 0x32, 0x6B, 0xA1, 0x18, 0xDC, 0x9C, 0x88, 0x32, 0x12, 0xFC, 0x60,
    0x74, 0x45, 0x96, 0x6E, 0x83, 0xE5, 0x37, 0xA0, 0x81, 0x48, 0xA8, 0xB7, 0xC8, 0x77, 0x56, 0xBC,
    0x77, 0x56, 0xCB, 0x2B, 0x28, 0x22, 0x39, 0x3E, 0xAE, 0xA7, 0xBF, 0x11, 0x13, 0x3C, 0xE6, 0x8A,
    0x47, 0x2E, 0x5C, 0x34, 0x6B, 0xD1, 0xEC, 0xD0, 0x4C, 0x8E, 0x0F, 0xB4, 0x6C, 0x3A, 0x2A, 0xAE,
    0x14, 0xE9, 0xBC, 0xD5, 0x79, 0x07, 0xCB, 0xFD, 0x1A, 0x4D, 0x04, 0xAE, 0x7E, 0x30, 0xB9, 0xF2,
    0xFD, 0xEC, 0xE3, 0x0B, 0x57, 0xFC, 0xA8, 0xD8, 0xC8, 0xE2, 0x9F, 0x37, 0x8A, 0x88, 0x64, 0xF1,
    0xAF, 0xD1, 0xAE, 0xB2, 0xEE, 0xD1, 0x39, 0xED, 0x00, 0xB8, 0xC2, 0xED, 0x98, 0x13, 0x3D, 0x04,
    0x7D, 0x0B, 0xD1, 0x9D, 0xF2, 0x23, 0xC0, 0x0A, 0x67, 0x47, 0xCC, 0x3B, 0x54, 0x23, 0xAA, 0xED,
    0x4D, 0x2C, 0x06, 0xE8, 0x20, 0xDB, 0x41, 0x11, 0x90, 0xC7, 0x70, 0x5A, 0x94, 0x7C, 0xE2, 0xD5,
    0xFA, 0x3C, 0x8F, 0x66, 0x43, 0x93, 0xEA, 0x91, 0xE8, 0xAA, 0x49, 0x16, 0x8A, 0x6B, 0xC5, 0xE1,
    0x43, 0xB9, 0xA3, 0x4F, 0xCB, 0x91, 0x66, 0x68, 0x12, 0xD5, 0xD8, 0x77, 0x94, 0x53, 0xA0, 0x88,
    0x6B, 0x88, 0x1D, 0xAC, 0x47, 0xCC, 0xBC, 0xA8, 0xD3, 0xFF, 0x3F, 0xA1, 0xE8, 0x50, 0x0E, 0xA8,
    0x26, 0x14, 0x01, 0xEB, 0x16, 0x77, 0x01, 0xE0, 0x43, 0xF2, 0x9F, 0xF6, 0x9D, 0xC5, 0xD4, 0x24,
    0xE5, 0xAE, 0x1E, 0x54, 0x63, 0x35, 0x5A, 0x0E, 0xE5, 0x56, 0x93, 0x8A, 0xE9, 0x18, 0x7D, 0x9B,
    0xED, 0x05, 0x61, 0x4F, 0xFF, 0xD7, 0x13, 0xCD, 0x2F, 0x27, 0xEA, 0x97, 0x5B, 0xAA, 0xCF, 0x46,
    0xAA, 0x18, 0x58, 0x44, 0xA2, 0x88, 0x8E, 0x2C, 0x5A, 0x04, 0xEC, 0x91, 0x4F, 0x28, 0x26, 0x2C,
    0xB6, 0xAF, 0xB4, 0x07, 0x2C, 0xD3, 0xA5, 0xF2, 0x01, 0xDC, 0x07, 0x4D, 0x82, 0xF5, 0xE6, 0xF4,
    0xB9, 0xEE, 0xCE, 0x66, 0x97, 0xB7, 0x8A, 0x69, 0x39, 0x5A, 0x6C, 0xEB, 0x51, 0x35, 0xCE, 0x31,
    0x94, 0x9B, 0x83, 0x1D, 0xEB, 0x0E, 0x62, 0x84, 0xCF, 0xB6, 0x50, 0x8C, 0x6E, 0x78, 0x2D, 0xC1,
    0x7D, 0x97, 0x5B, 0xAA, 0x4F, 0xB0, 0x08, 0x8E, 0x00, 0x79, 0x95, 0x1C, 0x6D, 0x5D, 0xC1, 0xF3,
    0xCB, 0x2A, 0x55, 0x56, 0x77, 0x5A, 0xCA, 0xF8, 0x5E, 0x62, 0x19, 0xD1, 0xD1, 0x7C, 0x2F, 0xF0,
    0xD0, 0x07, 0x17, 0x4B, 0x5C, 0x6E, 0x7E, 0x44, 0xB3, 0x9B, 0x58, 0xC7, 0x8E, 0x17, 0xCD, 0xC8,
    0x83, 0xBB, 0xED, 0x45, 0xC1, 0xFE, 0x0F, 0x8C, 0x4F, 0x21, 0x8C, 0x15, 0x31, 0x10, 0x7D, 0xDB,
    0xE6, 0x38, 0x42, 0x45, 0xD5, 0x37, 0x98, 0x8F, 0xCF, 0xE5, 0x6A, 0x11, 0x24, 0xB3, 0x28, 0xEC,
    0x17, 0x7C, 0xEF, 0xF1, 0x96, 0xDB, 0xCD, 0x9D, 0xF7, 0x3E, 0x41, 0x00, 0x5E, 0x1E, 0xD7, 0x92,
    0x13, 0xD8, 0x3A, 0xEC, 0x06, 0x9F, 0x30, 0x62, 0x45, 0x45, 0xBB, 0x65, 0x76, 0x9B, 0x1F, 0xF8,
    0x82, 0xC0, 0xCB, 0x9B, 0xEC, 0xEB, 0xBC, 0xCE, 0xBE, 0xE9, 0xEE, 0x78, 0x18, 0xEA, 0xDC, 0x08,
    0x60, 0x77, 0x5C, 0xCF, 0xEB, 0xA9, 0x15, 0xFE, 0xDE, 0x3B, 0xB6, 0xB6, 0x80, 0xCF, 0x3F, 0x00,
    0xFE, 0xF3, 0x0A, 0xA0, 0xD8, 0x32, 0x8D, 0x37, 0x78, 0x40, 0x1D, 0xFD, 0x44, 0xD3, 0x3E, 0x00,
    0x36, 0x3A, 0x76, 0xC9, 0x64, 0x95, 0xD4, 0x6C, 0x98, 0xC2, 0x35, 0x00, 0x1B, 0xA4, 0xC7, 0x76,
    0xD6, 0xB3, 0x66, 0xCD, 0x36, 0x50, 0x7F, 0x85, 0x36, 0x6F, 0x46, 0x2B, 0x77, 0x68, 0x5C, 0x70,
    0xD3, 0x25, 0x3C, 0xE8, 0x84, 0x7A, 0xB7, 0xC0, 0xFF, 0xA8, 0x3D, 0x4D, 0x75, 0xDC, 0x87, 0x01,
    0x2B, 0x6C, 0x1C, 0xE0, 0xB8, 0x06, 0x97, 0x7C, 0x34, 0x99, 0x26, 0x95, 0xEC, 0xA4, 0x66, 0x1B,
    0x8C, 0xA4, 0xD3, 0xD7, 0x05, 0xD7, 0x98, 0x81, 0x96, 0xD3, 0x3B, 0xA6, 0x28, 0x25, 0x69, 0x8E,
    0xB5, 0x6C, 0xA0, 0xF9, 0x72, 0x92, 0xCC, 0x28, 0xDE, 0x48, 0xBD, 0xC7, 0x15, 0x5E, 0x62, 0xC3,
    0x70, 0x5E, 0x3B, 0x7F, 0x84, 0xAF, 0x75, 0xAB, 0x77, 0xF5, 0x73, 0xEB, 0xFF, 0xAB, 0x04, 0xCB,
    0x6F, 0xFA, 0x9A, 0x1B, 0xFF, 0x3C, 0x0E, 0xDB, 0xF1, 0x8C, 0x9F, 0x80, 0x03, 0x6C, 0x01, 0xD5,
    0xDE, 0xD7, 0x50, 0x6B, 0x14, 0x8A, 0x20, 0x79, 0x60, 0xC5, 0x93, 0x84, 0xE7, 0xF8, 0xF0, 0xAC,
    0xA7, 0xC7, 0xEC, 0xA2, 0xFF, 0x56, 0x88, 0xFD, 0x63, 0xA1, 0x89, 0xEE, 0xB2, 0x0B, 0x17, 0x38,
    0x5C, 0xA0, 0xFB, 0x08, 0x74, 0x07, 0x08, 0x4C, 0x1D, 0x61, 0x18, 0x02, 0x57, 0x23, 0xF6, 0x11,
    0x02, 0x7A, 0xC3, 0xA0, 0x11, 0x82, 0x07, 0x35, 0xC3, 0x63, 0xC5, 0x97, 0x2E, 0xA1, 0x6C, 0x2A,
    0x77, 0x49, 0xA7, 0x93, 0x32, 0xDC, 0x5C, 0x35, 0xDB, 0x6D, 0x14, 0x83, 0xE6, 0x36, 0x0A, 0xFA,
    0x39, 0xB5, 0x51, 0xD8, 0x1A, 0x4A, 0xD7, 0x43, 0xA8, 0x16, 0x9D, 0x5C, 0x06, 0x25, 0x00, 0x86,
    0x7D, 0x45, 0x5D, 0x56, 0x3F, 0x96, 0xE1, 0xB6, 0x0C, 0x3D, 0x40, 0xB7, 0xB3, 0x7D, 0xE4, 0x7D,
    0x00, 0xBC, 0x66, 0x51, 0x56, 0x54, 0xD1, 0x6C, 0xBE, 0x4F, 0xA2, 0x74, 0x3A, 0x29, 0xC3, 0x27,
    0xD7, 0x46, 0xB5, 0x4D, 0x8C, 0x90, 0xD4, 0xED, 0x2F, 0x80, 0x17, 0xB6, 0x3F, 0x17, 0x40, 0xD2,
    0x5C, 0xDB, 0xB6, 0x6D, 0xB0, 0xEB, 0x8F, 0x14, 0x16, 0x7A, 0x5D, 0x86, 0x2E, 0x0F, 0x2A, 0xCB,
    0x03, 0xEF, 0x15, 0xDF, 0x6B, 0x4E, 0x7A, 0x3A, 0x88, 0xFD, 0x02, 0xEF, 0x25, 0x30, 0x19, 0xD9,
    0x81, 0x46, 0x0F, 0x0A, 0x76, 0xBA, 0x64, 0x95, 0xB1, 0xE0, 0x15, 0xF0, 0x54, 0xCC, 0x01, 0x2E,
    0x58, 0xD6, 0x49, 0x15, 0x2C, 0x2A, 0x5F, 0xB2, 0x8D, 0x72, 0x4F, 0xCC, 0x86, 0xB7, 0x6B, 0x4E,
    0x06, 0xA0, 0x67, 0x00, 0x96, 0x01, 0xAC, 0x8F, 0x01, 0xF5, 0x00, 0xEA, 0xAF, 0x91, 0x2D, 0xF9,
    0x0F, 0x55, 0xF2, 0x01, 0x8A, 0x24, 0x00, 0x8C, 0x90, 0x21, 0x4C, 0x33, 0x41, 0x10, 0x85, 0xBF,
    0xFE, 0x27, 0x2E, 0xF9, 0x4F, 0xAC, 0x20, 0x24, 0x04, 0xB3, 0x96, 0x60, 0xD6, 0x27, 0xC0, 0x8C,
    0x57, 0x78, 0x53, 0xAF, 0xEA, 0x45, 0x73, 0xEB, 0x15, 0x06, 0x0D, 0x02, 0x55, 0x53, 0x9F, 0x94,
    0x76, 0xBC, 0xAA, 0x57, 0xF5, 0xA6, 0x2B, 0x2A, 0x2A, 0xEE, 0x6E, 0x60, 0x8B, 0xC2, 0x91, 0x79,
    0x99, 0x64, 0x32, 0x93, 0xEF, 0xBD, 0x4C, 0x3B, 0x12, 0x3D, 0xCB, 0x7A, 0xBF, 0x6D, 0xCB, 0xD0,
    0x5C, 0xF4, 0xAF, 0xF6, 0xB1, 0x29, 0xFD, 0xFC, 0x90, 0xDC, 0x3A, 0x87, 0x67, 0x88, 0x8A, 0x28,
    0xAE, 0x8D, 0x6B, 0x77, 0xD4, 0xF8, 0xA6, 0x12, 0x75, 0xE7, 0x27, 0xF1, 0xD3, 0xF5, 0xE2, 0x85,
    0xA8, 0x55, 0xF0, 0x7F, 0xA5, 0xD1, 0x2D, 0x79, 0x4E, 0x20, 0x23, 0xE2, 0x9A, 0x76, 0x46, 0x30,
    0x3A, 0xBB, 0x89, 0x56, 0xC7, 0x91, 0x99, 0xD2, 0x54, 0x53, 0x95, 0x35, 0x4B, 0xD8, 0x7C, 0xE0,
    0x8E, 0xEF, 0xF2, 0x10, 0xEC, 0x5B, 0xCB, 0x7A, 0x46, 0x18, 0x41, 0xB9, 0x5F, 0xD1, 0x7B, 0xEE,
    0xDD, 0x48, 0x8A, 0xC0, 0x27, 0x0C, 0xCC, 0xCE, 0x34, 0x85, 0xF6, 0x50, 0xA9, 0x21, 0xD3, 0x0E,
    0x24, 0x57, 0x99, 0xDB, 0x63, 0x67, 0x12, 0x2D, 0x7A, 0x25, 0x3F, 0x05, 0xDB, 0xB4, 0xFB, 0x6D,
    0x67, 0xE2, 0x16, 0xA6, 0x9A, 0xBF, 0x3B, 0x23, 0xCE, 0x76, 0xA1, 0x3F, 0x2E, 0xD3, 0xE2, 0xB2,
    0x3A, 0x56, 0xC4, 0x5D, 0x8F, 0x4C, 0xA4, 0x73, 0x0D, 0xF6, 0xC7, 0x6F, 0xCC, 0xDE, 0x43, 0xE9,
    0x8B, 0x94, 0xAB, 0xD2, 0xFC, 0x2A, 0x80, 0xCA, 0x48, 0xAE, 0xFD, 0xDA, 0x1E, 0x82, 0x11, 0x33,
    0x02, 0x23, 0xCD, 0x89, 0xB0, 0x47, 0x5E, 0x55, 0xBC, 0x3A, 0xC7, 0x89, 0xE8, 0xDC, 0x3A, 0x0C,
    0xB4, 0x85, 0x30, 0x11, 0x3C, 0x7F, 0x0D, 0xEC, 0xA3, 0x03, 0x2C, 0xFC, 0xB0, 0x70, 0x1A, 0x31,
    0xA1, 0x0E, 0x00, 0x95, 0xD3, 0x01, 0x84, 0xE5, 0xD6, 0x17, 0xC7, 0xF1, 0x6F, 0x5E, 0xCC, 0xBE,
    0xBF, 0x0D, 0x02, 0xFF, 0xFD, 0xE3, 0x5F, 0x04, 0x8A, 0xA2, 0x04, 0x00, 0x68, 0x52, 0x05, 0x80,
    0xC1, 0x3C, 0x8B, 0x45, 0x01, 0xE8, 0xA0, 0x50, 0x00, 0x12, 0xBB, 0x14, 0xC0, 0xA2, 0x0A, 0xD0,
    0x45, 0xCB, 0xF6, 0x2D, 0x1D, 0x00, 0xA8, 0x26, 0xBB, 0xA5, 0x00, 0x4D, 0x5B, 0xB5, 0xB4, 0x90,
    0x6A, 0x69, 0xBB, 0x8B, 0x06, 0x6F, 0x35, 0x76, 0x93, 0xFB, 0xEB, 0xB9, 0x37, 0x6F, 0xFA, 0x3A,
    0x63, 0x5B, 0xDD, 0x8C, 0x7C, 0xCE, 0x71, 0xDE, 0xC9, 0xB9, 0x77, 0x24, 0x17, 0x58, 0x95, 0x06,
    0xEB, 0xFE, 0xD8, 0x4C, 0xDB, 0x09, 0xAE, 0x9C, 0x3D, 0x18, 0xA1, 0xD1, 0x8F, 0x03, 0x89, 0xA4,
    0x9E, 0xC2, 0x6C, 0x69, 0x9E, 0x3A, 0x75, 0x91, 0x6E, 0xED, 0x8A, 0x3A, 0x76, 0xEB, 0xA1, 0x21,
    0x99, 0xD2, 0x6E, 0x22, 0x1D, 0xB2, 0xFB, 0xDE, 0xE2, 0x8D, 0x81, 0xAC, 0xAF, 0xD6, 0x66, 0x37,
    0xA7, 0x2D, 0xF9, 0x57, 0x53, 0xD6, 0x92, 0x7D, 0xB3, 0x2B, 0x4A, 0xB2, 0x9F, 0x87, 0x0A, 0x52,
    0x75, 0xB3, 0xD7, 0xDA, 0x49, 0x6C, 0x0E, 0xC4, 0x5A, 0x0F, 0x47, 0xAC, 0xF4, 0x65, 0x97, 0x13,
    0x49, 0xDF, 0xA9, 0x8E, 0x25, 0x99, 0xCF, 0x24, 0x47, 0xDA, 0xFB, 0xC5, 0xD3, 0xFB, 0xF3, 0x09,
    0x14, 0xBE, 0x9D, 0xDC, 0xA6, 0x43, 0x94, 0xF4, 0x26, 0xD4, 0xC0, 0xD1, 0x47, 0x9B, 0x4D, 0x99,
    0xFA, 0x5D, 0xFE, 0x05, 0xDF, 0xF4, 0xF7, 0x3C, 0xDD, 0x7E, 0x8C, 0xEF, 0xE3, 0xC0, 0xE1, 0xD7,
    0x37, 0x9F, 0x94, 0x20, 0xB5, 0x7B, 0x1A, 0xE3, 0xB9, 0x53, 0x88, 0x3E, 0xA9, 0x21, 0xD3, 0x04,
    0x95, 0x04, 0x7A, 0xA4, 0x72, 0xE5, 0x78, 0x95, 0x78, 0x02, 0xE2, 0x9D, 0x11, 0xF6, 0x1A, 0x07,
    0x76, 0xC6, 0xA9, 0xDB, 0xDE, 0xA1, 0x91, 0x86, 0x85, 0x6B, 0xDA, 0x1C, 0xF3, 0x96, 0x2E, 0xD6,
    0x1A, 0xAB, 0x51, 0x01, 0x7C, 0x06, 0x5C, 0x51, 0x0D, 0x8D, 0xDC, 0x8D, 0x41, 0x76, 0x8D, 0xAF,
    0xBD, 0xDE, 0xA8, 0x87, 0xD5, 0x53, 0xA2, 0x13, 0xE0, 0x24, 0x2C, 0xB5, 0x9A, 0x88, 0xB5, 0x0F,
    0xF5, 0x12, 0xBA, 0x25, 0x0C, 0x4B, 0x98, 0x42, 0x78, 0xE6, 0x42, 0x18, 0x55, 0x86, 0x50, 0xB5,
    0x16, 0xEE, 0xCD, 0xD5, 0x93, 0xEB, 0xBA, 0xA3, 0x70, 0x0D, 0xFB, 0x70, 0x3A, 0x6F, 0xF4, 0xBE,
    0xBB, 0x63, 0xA3, 0x1B, 0x7B, 0x4D, 0x16, 0x8A, 0x1F, 0x42, 0x48, 0x77, 0x21, 0xC4, 0x73, 0x08,
    0x91, 0x42, 0xA0, 0x59, 0x42, 0xB1, 0x84, 0x74, 0x09, 0xEB, 0x25, 0xAC, 0xAC, 0x6D, 0xE3, 0xFF,
    0x9F, 0x58, 0x72, 0x41, 0xB5, 0xC1, 0x81, 0x78, 0x24, 0x1F, 0x4D, 0xDF, 0x77, 0xE6, 0xB6, 0xF7,
    0x54, 0xCB, 0x5F, 0xDD, 0xE2, 0xA9, 0x55, 0x5C, 0x6D, 0xBF, 0x26, 0x36, 0xC8, 0x6D, 0x9B, 0xDD,
    0xF2, 0xD4, 0x61, 0xC2, 0x8C, 0x7F, 0x96, 0x17, 0xF7, 0x5A, 0x49, 0x08, 0x14, 0x6D, 0x48, 0x44,
    0xDE, 0xED, 0x93, 0xAC, 0xF7, 0x31, 0x72, 0xA4, 0x03, 0xD1, 0x31, 0xF1, 0xE4, 0x93, 0xB5, 0xDF,
    0xA1, 0x37, 0x0D, 0xFA, 0xE2, 0x4C, 0xB2, 0xF3, 0x49, 0x2E, 0xDF, 0xB0, 0x9A, 0x29, 0x2C, 0xE9,
    0xC9, 0xB5, 0x69, 0xF4, 0x6D, 0xE5, 0x2C, 0x59, 0xAE, 0x43, 0x72, 0x54, 0xDD, 0x9C, 0xD2, 0xA1,
    0x79, 0x0F, 0x8A, 0xCF, 0xC7, 0x64, 0x10, 0x90, 0x3F, 0x1C, 0xE2, 0x51, 0x40, 0xFA, 0x78, 0x88,
    0xE7, 0xD9, 0x27, 0xFE, 0x64, 0x4D, 0x40, 0xA2, 0x96, 0x90, 0xAC, 0x55, 0xD3, 0x8C, 0x40, 0x2C,
    0x28, 0x06, 0x60, 0x25, 0xC8, 0x7D, 0x12, 0xCD, 0xF8, 0x35, 0x81, 0xC9, 0x92, 0x76, 0xF9, 0x97,
    0xA0, 0x58, 0xEE, 0xAB, 0xCD, 0x87, 0x64, 0x1A, 0xFD, 0x6D, 0x6B, 0x1F, 0x73, 0xB7, 0x20, 0x51,
    0x43, 0x2E, 0x51, 0x7C, 0x2D, 0x9A, 0xF0, 0x57, 0xE0, 0x28, 0x2C, 0x56, 0x54, 0xA5, 0xD5, 0x9F,
    0x89, 0x54, 0x22, 0x76, 0x05, 0xE7, 0xD7, 0x76, 0xBB, 0xBD, 0xBD, 0x7F, 0x27, 0x1D, 0x44, 0xDB,
    0x12, 0x72, 0x8D, 0x44, 0x92, 0x23, 0x91, 0x26, 0xB2, 0x91, 0x97, 0x29, 0x3A, 0xA0, 0x29, 0x0D,
    0x07, 0xFC, 0xCF, 0xD9, 0xFB, 0x3E, 0x7C, 0xCE, 0x95, 0xF1, 0xDC, 0x6F, 0xFF, 0x54, 0xEA, 0x41,
    0x9C, 0x3F, 0x5B, 0xF4, 0x46, 0x36, 0xF3, 0x0E, 0x6B, 0x3F, 0x19, 0xC9, 0x11, 0xF6, 0x0F, 0x9B,
    0xF0, 0xB1, 0x1F, 0x9D, 0xC4, 0x13, 0xE4, 0x83, 0xB7, 0x69, 0xCD, 0x95, 0x30, 0x93, 0xC9, 0xB4,
    0xB2, 0x69, 0x65, 0xD3, 0xCA, 0xA6, 0x95, 0x4D, 0x2B, 0xA3, 0xA9, 0x91, 0x90, 0x93, 0x57, 0xDE,
    0xEB, 0xFA, 0xDD, 0x6D, 0x88, 0xF5, 0x40, 0x98, 0xC8, 0x3F, 0x65, 0xEB, 0x7B, 0xB3, 0xDD, 0x61,
    0x66, 0x2C, 0x2F, 0xAA, 0xBD, 0x55, 0x77, 0x58, 0x3D, 0x9D, 0xFE, 0xFC, 0xA8, 0xB5, 0xD8, 0x05,
    0x77, 0x5C, 0xB7, 0x09, 0x73, 0x29, 0x7F, 0xF5, 0x8B, 0xBE, 0xDF, 0xD9, 0x31, 0xDB, 0x6C, 0x74,
    0x7B, 0x5F, 0xB7, 0x4F, 0xDB, 0xEA, 0x6E, 0x7B, 0x36, 0x5E, 0xFE, 0xA8, 0x1D, 0x61, 0xC5, 0x17,
    0x17, 0xFE, 0x5F, 0x7B, 0xF3, 0x96, 0x83, 0xBF, 0x1A, 0x2B, 0xA9, 0x87, 0x2C, 0x8C, 0x6E, 0x24,
    0xD5, 0x56, 0xF8, 0x42, 0xED, 0x5A, 0x79, 0x9B, 0xD7, 0xE9, 0x98, 0xB7, 0x57, 0xC9, 0x07, 0xDF,
    0x5F, 0xB4, 0x07, 0xAB, 0x3A, 0x58, 0x7A, 0x9B, 0x32, 0x97, 0xA6, 0x6A, 0xB1, 0xF6, 0x5A, 0xCF,
    0xA3, 0x7B, 0x53, 0xD1, 0xE7, 0xF6, 0x0E, 0xB2, 0xC1, 0x1C, 0xD3, 0x29, 0x6F, 0xD3, 0x21, 0xD6,
    0xDB, 0x6D, 0x31, 0x44, 0xD2, 0x43, 0xB5, 0x54, 0x92, 0x20, 0x95, 0x26, 0x88, 0x1A, 0x75, 0x40,
    0x6E, 0x98, 0xED, 0x65, 0x97, 0x9D, 0x67, 0xDD, 0xC1, 0xFC, 0xA7, 0x65, 0xE7, 0xB5, 0xA5, 0xD2,
    0x08, 0x92, 0x9C, 0x15, 0x7E, 0xFB, 0x5E, 0xE5, 0xDA, 0xA5, 0xAD, 0x23, 0x1D, 0xD3, 0xF6, 0x15,
    0xF2, 0x21, 0x0D, 0x7B, 0x3E, 0x58, 0xD5, 0xC1, 0xD2, 0xDB, 0x04, 0xAB, 0xC5, 0xFA, 0x72, 0x67,
    0x78, 0x36, 0xCC, 0xF9, 0x2F, 0x89, 0xD2, 0xF6, 0x53, 0x62, 0xE9, 0xB1, 0x5B, 0xD6, 0x3A, 0x5F,
    0x77, 0xD9, 0x03, 0x59, 0x7F, 0x71, 0x87, 0x9B, 0xCD, 0xE6, 0x44, 0xD2, 0x74, 0x7E, 0xF3, 0xD2,
    0x0C, 0x08, 0xAE, 0xEA, 0x2E, 0xA9, 0x26, 0x7F, 0x5B, 0xFE, 0x0B, 0x88, 0xA3, 0x1B, 0xDA, 0x97,
    0x86, 0x70, 0x9C, 0x57, 0x02, 0x2C, 0x86, 0x53, 0x93, 0x0D, 0x90, 0x4E, 0x10, 0x3B, 0x88, 0x04,
    0x34, 0x6D, 0x38, 0x08, 0xE7, 0xA7, 0x99, 0xA2, 0xBE, 0xC8, 0x4D, 0xB3, 0xF8, 0xA0, 0x35, 0xD4,
    0x7B, 0x80, 0x66, 0x87, 0x1F, 0x5C, 0x52, 0xE8, 0x56, 0x4F, 0xDE, 0x9C, 0x0D, 0xFC, 0xA7, 0x50,
    0x07, 0xC5, 0x0C, 0x91, 0x6F, 0x4B, 0x55, 0xEF, 0x49, 0xAA, 0x3A, 0xDE, 0xD9, 0xA8, 0x64, 0x34,
    0xF2, 0x81, 0xE2, 0x5D, 0x75, 0x14, 0x52, 0x69, 0x8C, 0x18, 0x35, 0x1C, 0x1D, 0x03, 0xCC, 0x17,
    0x88, 0x9C, 0x51, 0x69, 0xC7, 0x4A, 0x12, 0x89, 0xD1, 0x66, 0xB3, 0x53, 0x5F, 0xF4, 0x73, 0x3E,
    0x54, 0xED, 0x9C, 0x8C, 0x4D, 0x39, 0xC7, 0x93, 0x58, 0x58, 0xFD, 0x13, 0x77, 0x3D, 0xFC, 0x2B,
    0xC2, 0x29, 0x8B, 0x25, 0x95, 0x9E, 0xDE, 0xB3, 0xF3, 0x67, 0x74, 0x32, 0xE2, 0xD9, 0xC0, 0x79,
    0x74, 0x4E, 0xE4, 0xC2, 0x0F, 0xFE, 0x68, 0x4D, 0xB2, 0x6B, 0xF0, 0x74, 0x92, 0x1C, 0xBE, 0x65,
    0x41, 0x6A, 0x3D, 0x5D, 0x60, 0xA9, 0x5D, 0xE6, 0x0F, 0x15, 0xC4, 0x81, 0x05, 0xC3, 0x40, 0x14,
    0x00, 0xD0, 0x47, 0x4A, 0x10, 0x1C, 0x74, 0x80, 0x6E, 0x90, 0x11, 0xAE, 0x1B, 0x75, 0x84, 0xDE,
    0x62, 0x6D, 0x6F, 0x84, 0x8C, 0x10, 0x50, 0x00, 0x41, 0x00, 0x3F, 0xBD, 0xE6, 0x3C, 0x1E, 0x60,
    0x3A, 0x90, 0x5B, 0xA1, 0x3D, 0xAA, 0x21, 0xD2, 0x62, 0xDC, 0xA6, 0x45, 0x5A, 0x7B, 0x35, 0x55,
    0x73, 0x39, 0xCB, 0xF7, 0xB9, 0xC8, 0x32, 0xEF, 0x93, 0x97, 0x20, 0x86, 0x9D, 0x48, 0x2B, 0x31,
    0x57, 0xE2, 0x83, 0x16, 0xBD, 0xAD, 0x57, 0x18, 0x0F, 0xE4, 0x5F, 0xEF, 0xE9, 0xE6, 0x92, 0xBF,
    0x3B, 0xA9, 0x9D, 0x0D, 0xAD, 0xE2, 0xCA, 0x1F, 0xCC, 0xD2, 0x21, 0x94, 0xE5, 0x34, 0x14, 0x06,
    0xE0, 0xBF, 0x0D, 0xBB, 0x15, 0x15, 0xC1, 0x8C, 0x61, 0x44, 0x35, 0xAA, 0x1A, 0x01, 0xA9, 0x57,
    0x23, 0x76, 0x14, 0x02, 0x0D, 0x66, 0x2C, 0x82, 0x33, 0xAD, 0x43, 0xF2, 0xBC, 0x1A, 0x81, 0x5A,
    0x2F, 0xD9, 0x4D, 0xBC, 0xA1, 0x06, 0x1F, 0x85, 0xC1, 0x44, 0xF4, 0x1C, 0xB2, 0x9C, 0x36, 0x97,
    0xFC, 0x77, 0xE7, 0xBD, 0x79, 0x2B, 0x71, 0xE4, 0xBC, 0xF7, 0xF5, 0x24, 0xBD, 0xBD, 0xE9, 0x4D,
    0x2F, 0x1A, 0x00, 0xB0, 0x91, 0xEC, 0x95, 0x5E, 0x2A, 0xF0, 0xA1, 0x32, 0xA4, 0x8A, 0xC9, 0xC0,
    0xED, 0x87, 0x1D, 0x10, 0x29, 0x30, 0x22, 0x02, 0x7B, 0xDC, 0xCA, 0x32, 0x46, 0x48, 0x70, 0x01,
    0x2E, 0xCC, 0xC0, 0x10, 0x3C, 0x60, 0xD7, 0x72, 0x81, 0xD3, 0xA0, 0xB8, 0x05, 0x23, 0xE3, 0xE6,
    0xC9, 0xE6, 0x56, 0xD0, 0x89, 0xEC, 0x68, 0x44, 0x12, 0x30, 0xCA, 0x04, 0xE0, 0x8E, 0x5B, 0x96,
    0x69, 0x81, 0x97, 0xBF, 0x13, 0xD3, 0x67, 0x5B, 0xBE, 0x95, 0x38, 0x26, 0x4D, 0x6F, 0x24, 0xD6,
    0x07, 0x25, 0x79, 0xB8, 0xBF, 0x92, 0x40, 0x7E, 0x4E, 0x62, 0x4A, 0x97, 0xBC, 0xCD, 0x7D, 0xF2,
    0x73, 0xB4, 0xC9, 0xC9, 0x54, 0x39, 0xE0, 0xD6, 0x61, 0x6F, 0x64, 0x99, 0x45, 0x04, 0x9E, 0x7B,
    0x7C, 0x3D, 0xCA, 0x0A, 0xE0, 0x0D, 0x00, 0x34, 0x04, 0x66, 0xA1, 0x5D, 0x38, 0x97, 0xCB, 0xFA,
    0xA8, 0xCB, 0x74, 0xDE, 0x69, 0x29, 0x74, 0xF7, 0x5A, 0xB7, 0x9B, 0xAA, 0x69, 0x0C, 0x40, 0x1F,
    0xED, 0xCA, 0x62, 0x7A, 0xBE, 0x76, 0x30, 0x1B, 0xE0, 0xD0, 0xEE, 0x80, 0x07, 0x0E, 0xFD, 0x79,
    0x9D, 0xBA, 0x89, 0xB7, 0x46, 0x0D, 0xB3, 0x2B, 0x1F, 0xE9, 0xD3, 0x20, 0x75, 0x24, 0x47, 0xF7,
    0x59, 0xBD, 0xB9, 0xAF, 0xE3, 0xCD, 0xC7, 0x95, 0x2B, 0x33, 0x84, 0xA9, 0xFE, 0xA7, 0xBE, 0xA7,
    0x5F, 0xBC, 0x7D, 0xFB, 0xE4, 0x44, 0x92, 0xAF, 0x7F, 0xB9, 0xBF, 0xBF, 0x9B, 0x27, 0x60, 0xE4,
    0xC1, 0x24, 0xC0, 0xEC, 0xD0, 0x58, 0xB8, 0x05, 0x18, 0xB4, 0x74, 0xE8, 0x0D, 0x17, 0xF4, 0x9C,
    0xDA, 0x03, 0xE8, 0x36, 0x3D, 0x79, 0x5D, 0x62, 0x28, 0xF3, 0xB8, 0xE7, 0x3F, 0x4F, 0x05, 0x3C,
    0xA0, 0x70, 0x61, 0x01, 0xD0, 0x4C, 0x95, 0x7E, 0xAD, 0xD8, 0x50, 0x19, 0x39, 0x75, 0x00, 0xF0,
    0x8E, 0x70, 0xCF, 0x76, 0xAB, 0x98, 0xF4, 0x49, 0xD8, 0x70, 0x09, 0x7B, 0x3C, 0x87, 0x35, 0xF9,
    0x1C, 0xD6, 0xC5, 0x4B, 0xD8, 0xF2, 0x1F, 0xC3, 0xBE, 0x24, 0xAF, 0xD9, 0xF3, 0x71, 0x8E, 0x2E,
    0xBC, 0x02, 0xC7, 0xFD, 0x5D, 0xA5, 0x95, 0x54, 0x35, 0x6A, 0xA7, 0xF6, 0x04, 0x56, 0xE5, 0x79,
    0xB0, 0x6C, 0x75, 0xA1, 0xF3, 0x44, 0x85, 0xA0, 0x10, 0xF6, 0xCF, 0x0D, 0xCC, 0xCE, 0x00, 0x93,
    0xAB, 0xCF, 0xCD, 0x66, 0xAB, 0x36, 0x6A, 0x2F, 0x69, 0x2B, 0x9A, 0xC4, 0x04, 0x26, 0x33, 0x41,
    0xAB, 0x8D, 0x8A, 0xBD, 0x50, 0xBF, 0x53, 0xF7, 0xD1, 0x4C, 0xC7, 0xAB, 0x37, 0x78, 0x35, 0xD1,
    0x1F, 0x80, 0xF6, 0x57, 0x74, 0x12, 0xE1, 0x04, 0x56, 0x76, 0x88, 0x04, 0xF7, 0x87, 0x98, 0xE3,
    0xBB, 0xE4, 0x30, 0xFE, 0x1E, 0x4D, 0x7A, 0x8F, 0x5E, 0x96, 0x76, 0x7B, 0x87, 0xB6, 0x80, 0x17,
    0x23, 0xF5, 0xF2, 0x08, 0x2B, 0xA1, 0xDD, 0x1C, 0xDC, 0x2F, 0xA9, 0xEE, 0xFF, 0xA7, 0x98, 0xF2,
    0x10, 0x9F, 0x1F, 0x37, 0x12, 0x31, 0x0A, 0xF0, 0x3D, 0xD0, 0x3C, 0x69, 0x65, 0x2B, 0x60, 0x24,
    0x03, 0xBD, 0xF0, 0x73, 0xFF, 0xA3, 0x55, 0x7C, 0xAE, 0xD5, 0x57, 0x26, 0x46, 0x28, 0x8C, 0xF5,
    0x44, 0x48, 0x21, 0x07, 0x80, 0x46, 0xD1, 0x0F, 0x4B, 0x8C, 0x92, 0xC9, 0x56, 0xE9, 0x48, 0x9F,
    0xCE, 0x58, 0x25, 0x02, 0xDA, 0x86, 0x5F, 0xF9, 0x00, 0xCC, 0x6C, 0x1B, 0x11, 0x2E, 0x65, 0x66,
    0x02, 0x39, 0x01, 0x56, 0xA6, 0xD1, 0x49, 0x76, 0x8F, 0x83, 0x94, 0x1F, 0xF5, 0xB0, 0x5E, 0x9F,
    0x70, 0x07, 0xD8, 0x32, 0x0D, 0x4E, 0x36, 0xF7, 0xCD, 0x83, 0x94, 0x9F, 0xA0, 0xEB, 0x4F, 0xE7,
    0x7E, 0x8A, 0x57, 0x6D, 0xC7, 0x86, 0x9C, 0x5E, 0xD0, 0x08, 0x45, 0x23, 0xB8, 0x76, 0x15, 0x72,
    0x73, 0xD4, 0x66, 0x6E, 0xF2, 0x75, 0x63, 0x7E, 0x3A, 0x7E, 0x63, 0xD2, 0x83, 0xAD, 0x92, 0xD1,
    0x78, 0x99, 0x30, 0x4A, 0x04, 0xE4, 0x03, 0x2A, 0xB9, 0x32, 0x73, 0xDA, 0x70, 0x1F, 0xF4, 0xBA,
    0xF0, 0xA0, 0xCD, 0x49, 0xF0, 0x19, 0x01, 0xA4, 0x8E, 0xF0, 0x02, 0x38, 0xEC, 0x52, 0x19, 0x0A,
    0x91, 0xAD, 0xEA, 0xE5, 0xC4, 0xD6, 0xE4, 0xC2, 0xAD, 0x04, 0x85, 0x53, 0x56, 0xB3, 0xC2, 0x32,
    0xB1, 0x06, 0xDB, 0xD3, 0x4B, 0xDA, 0x7F, 0x87, 0x69, 0x32, 0x00, 0xB5, 0xDC, 0x0F, 0x88, 0x1D,
    0x47, 0x7E, 0x27, 0xF0, 0x6F, 0x77, 0x49, 0x6E, 0xC5, 0xED, 0xA4, 0x04, 0x58, 0xB0, 0xE7, 0xF5,
    0xA6, 0x0D, 0x04, 0x48, 0xF6, 0xD6, 0x2E, 0x01, 0x0B, 0xEC, 0x1D, 0x9A, 0x57, 0x9D, 0xD5, 0xDD,
    0x2D, 0xDC, 0x02, 0x12, 0xE0, 0x59, 0xC1, 0x05, 0xD0, 0xF2, 0xFF, 0xCE, 0x07, 0xC8, 0x70, 0x86,
    0x33, 0x30, 0x33, 0xDD, 0xB6, 0x02, 0x0B, 0x2C, 0x20, 0x03, 0x59, 0xFE, 0x83, 0x0D, 0x38, 0x90,
    0xCC, 0x42, 0x64, 0xC0, 0x70, 0xE2, 0xF2, 0x34, 0x5D, 0xB6, 0xE0, 0x0C, 0x18, 0x98, 0x4E, 0x8C,
    0x09, 0x64, 0xE1, 0xD4, 0xBB, 0xCE, 0x1E, 0xC4, 0x0B, 0x4C, 0xD9, 0x6E, 0x67, 0xDB, 0x56, 0xBD,
    0xF7, 0xBB, 0xFA, 0x55, 0xD5, 0xD3, 0xE8, 0x69, 0x34, 0x96, 0xBC, 0xDC, 0x95, 0x35, 0xFA, 0x7C,
    0x99, 0xEE, 0xF7, 0xA6, 0xBB, 0xD5, 0xAF, 0xEA, 0x57, 0xF5, 0xDE, 0x18, 0x27, 0x21, 0xBF, 0xEA,
    0xBF, 0xFC, 0xA0, 0x5A, 0xEA, 0x45, 0xE3, 0xF4, 0xA8, 0x5A, 0xBF, 0x2F, 0x20, 0x57, 0x5F, 0x35,
    0x20, 0x7B, 0x40, 0x5A, 0x40, 0x3A, 0x40, 0x2E, 0x00, 0xA9, 0x01, 0x29, 0x01, 0x59, 0xD6, 0xF1,
    0xAB, 0x60, 0x11, 0xBF, 0xFE, 0x00, 0xF9, 0xC1, 0xD3, 0xA8, 0x96, 0x80, 0x5E, 0x00, 0x8D, 0xF3,
    0x8E, 0x80, 0x6A, 0x71, 0xB7, 0x65, 0x37, 0x80, 0xAC, 0x73, 0x40, 0x47, 0x0E, 0x92, 0xBE, 0x38,
    0x07, 0xB9, 0x84, 0xFF, 0xAB, 0xE6, 0xBF, 0xF0, 0xF5, 0xFF, 0x2A, 0xE7, 0xD9, 0x65, 0x34, 0x93,
    0x5C, 0x82, 0x26, 0xBD, 0xCC, 0xC8, 0x36, 0x0E, 0xD4, 0x37, 0x13, 0xF6, 0xA0, 0x07, 0xA4, 0xF6,
    0xF0, 0x1F, 0xBE, 0x05, 0x09, 0xE5, 0x20, 0xBF, 0x19, 0x36, 0x2C, 0xB7, 0xFC, 0x86, 0xDA, 0x6F,
    0x68, 0xFF, 0x1F, 0xFC, 0xF0, 0x1F, 0x03, 0x6F, 0x7F, 0xC5, 0x9F, 0x13, 0x78, 0x9B, 0xF0, 0x3F,
    0xC8, 0xEC, 0x95, 0x66, 0x5E, 0x98, 0xB7, 0xFD, 0x1F, 0xD9, 0xBE, 0xAD, 0xF0, 0xF6, 0x4D, 0x74,
    0x16, 0x3B, 0x35, 0x5E, 0x02, 0x6E, 0xF8, 0x3F, 0x79, 0x7F, 0x43, 0xF5, 0x1D, 0x85, 0x3F, 0x1F,
    0xF5, 0x7B, 0xA2, 0xBF, 0x71, 0xDF, 0x9F, 0xB2, 0xBF, 0xD1, 0x85, 0xAD, 0x77, 0xFA, 0xEE, 0x6A,
    0xFF, 0xB6, 0xE8, 0xE1, 0xFF, 0xE4, 0x3D, 0x50, 0xB4, 0x40, 0x19, 0xBF, 0xEA, 0xF2, 0x15, 0xD8,
    0xF2, 0x75, 0xFF, 0x45, 0xB0, 0x6A, 0x89, 0x4F, 0x69, 0x04, 0x51, 0x5B, 0xD0, 0x6F, 0x5A, 0xBD,
    0x2C, 0xDB, 0xC6, 0x96, 0xED, 0x8E, 0xFF, 0xBA, 0xE8, 0xBF, 0x60, 0xCB, 0x57, 0xC3, 0x7E, 0xE1,
    0xAB, 0x5B, 0xE0, 0x0E, 0xF5, 0x99, 0xDF, 0xB7, 0xA2, 0x9F, 0xB6, 0xCD, 0x14, 0xF7, 0x7D, 0x29,
    0xEC, 0x97, 0xD7, 0xB0, 0x40, 0xF8, 0x5A, 0xBF, 0xE0, 0xA2, 0x8F, 0x96, 0x36, 0x5A, 0x0D, 0xD1,
    0x66, 0x0A, 0x64, 0xCB, 0x65, 0xB0, 0x9C, 0xB4, 0x61, 0xD5, 0x20, 0x47, 0x96, 0xEA, 0x9C, 0x37,
    0x94, 0x7C, 0x03, 0xF5, 0x40, 0x13, 0xEF, 0xBD, 0x82, 0x3E, 0xDC, 0xDC, 0xBC, 0x44, 0xBD, 0x5E,
    0x90, 0x6F, 0xDA, 0xE9, 0xBF, 0x63, 0x0B, 0xFB, 0xFB, 0x08, 0xED, 0x22, 0x8E, 0x69, 0x92, 0x42,
    0x1B, 0x56, 0x3E, 0xBE, 0xFB, 0xF3, 0xE5, 0xEE, 0xEE, 0xEE, 0x6B, 0x40, 0x61, 0xD3, 0x1E, 0x3D,
    0x46, 0x56, 0xB7, 0x58, 0xB0, 0x4B, 0x1F, 0x6B, 0x40, 0x38, 0xA0, 0xEA, 0xC3, 0xD1, 0x87, 0x5D,
    0xB5, 0x39, 0xF3, 0x73, 0x72, 0xC8, 0x28, 0x34, 0xE4, 0xFC, 0xF7, 0xC7, 0x4D, 0x0D, 0xFA, 0xF8,
    0x22, 0x20, 0x0D, 0x6A, 0x00, 0x28, 0xD7, 0xEE, 0xB6, 0x3A, 0x2A, 0xCD, 0x23, 0x28, 0x28, 0xB4,
    0x7A, 0x65, 0xB6, 0xBB, 0x7B, 0xFD, 0xE3, 0xDD, 0xDD, 0xD5, 0xF6, 0x47, 0xB6, 0xA1, 0xD0, 0xDC,
    0xCA, 0x6F, 0xC7, 0xF3, 0x7D, 0xF3, 0x9E, 0xF3, 0x35, 0x38, 0xCD, 0xAA, 0x36, 0x8F, 0xE7, 0x0D,
    0x38, 0x96, 0xAF, 0xB7, 0x27, 0x9F, 0x00, 0x65, 0xE2, 0xEE, 0x72, 0x08, 0xBB, 0x43, 0xD8, 0xB0,
    0x5B, 0xF6, 0x67, 0x0E, 0x58, 0xEE, 0x12, 0xD1, 0x72, 0x75, 0xBC, 0xEC, 0xF2, 0x2F, 0x6B, 0x65,
    0xB2, 0x7F, 0xAE, 0xEF, 0x39, 0x94, 0xC7, 0x80, 0xB0, 0xB9, 0x3F, 0xD4, 0x01, 0x28, 0x1F, 0xEE,
    0x91, 0xC7, 0xDD, 0xD7, 0xB2, 0x4D, 0x6E, 0x17, 0xD3, 0xCF, 0x9F, 0x0E, 0xB5, 0x00, 0xB0, 0xA6,
    0x7E, 0x44, 0x77, 0x92, 0x8B, 0x68, 0xEE, 0x7E, 0xEC, 0xCD, 0x6A, 0x69, 0xA9, 0x05, 0x80, 0xCE,
    0x74, 0x0B, 0xCF, 0x37, 0x09, 0x05, 0x0D, 0x78, 0x8C, 0x46, 0x40, 0x51, 0xDD, 0x2D, 0x01, 0x64,
    0x64, 0xF4, 0x6B, 0x5E, 0x94, 0x35, 0x8E, 0x34, 0x0D, 0x48, 0x31, 0x00, 0x98, 0x1D, 0x09, 0x1B,
    0xAB, 0x70, 0x6E, 0x15, 0xB6, 0xF0, 0xC7, 0x3E, 0x6C, 0x70, 0xD8, 0xF2, 0x61, 0x1B, 0x9A, 0x48,
    0xFB, 0xE0, 0x38, 0x54, 0x17, 0xC4, 0xAF, 0x2C, 0xCE, 0x7C, 0xD1, 0xC8, 0x7D, 0xF1, 0xD1, 0x00,
    0xD8, 0xE7, 0x8A, 0xDB, 0xE2, 0xC0, 0x20, 0xB3, 0x33, 0x41, 0x82, 0x80, 0xDC, 0xCE, 0xB2, 0x0B,
    0xE2, 0x97, 0x00, 0x3F, 0x85, 0x7F, 0x14, 0x87, 0x73, 0x29, 0x98, 0x2D, 0x54, 0x62, 0x01, 0x14,
    0x66, 0x8E, 0x4E, 0x50, 0x8B, 0xD2, 0x4C, 0x82, 0xC4, 0xC1, 0x00, 0x39, 0x8C, 0x15, 0x89, 0x8F,
    0x26, 0x88, 0xA5, 0xA5, 0x2B, 0x62, 0x58, 0x00, 0x64, 0x9D, 0x12, 0x83, 0x06, 0xD4, 0xF0, 0x86,
    0x16, 0xC3, 0x13, 0x40, 0x39, 0x62, 0x16, 0x8E, 0x50, 0x2E, 0x30, 0x0F, 0x41, 0x75, 0x70, 0x62,
    0x38, 0x01, 0xEC, 0xA8, 0x57, 0x47, 0x31, 0x48, 0xC0, 0x95, 0x85, 0xF5, 0xA1, 0x16, 0x63, 0xA6,
    0x8C, 0x0F, 0xA8, 0x7A, 0x74, 0xB5, 0x18, 0x15, 0x74, 0x2D, 0x16, 0xC8, 0x69, 0x89, 0x6F, 0x01,
    0x16, 0x20, 0x87, 0x07, 0x35, 0x9D, 0x54, 0x75, 0x54, 0xB6, 0x00, 0x3A, 0x0A, 0xCD, 0xAC, 0xBC,
    0xB9, 0xC9, 0xED, 0xB2, 0x99, 0xC7, 0x5D, 0x8E, 0x18, 0xEF, 0xFC, 0x16, 0x77, 0xDD, 0x06, 0x20,
    0x8F, 0xF7, 0xC8, 0xFE, 0x3B, 0xFC, 0xFC, 0x88, 0xDB, 0x71, 0x68, 0xFC, 0xFE, 0xC5, 0xB4, 0x9F,
    0x5D, 0x19, 0xB7, 0x8B, 0xE3, 0x3D, 0xB2, 0x3F, 0x3F, 0xCF, 0xA5, 0xD5, 0xF6, 0x01, 0x00, 0x32,
    0xC4, 0x56, 0xB5, 0xEB, 0x2F, 0xE4, 0xB2, 0x07, 0xA0, 0x29, 0x34, 0x7B, 0xD7, 0x70, 0xFE, 0x97,
    0xAC, 0x06, 0xB7, 0xFC, 0xD0, 0xF0, 0xFC, 0x4B, 0x8B, 0xA0, 0x03, 0x50, 0x4C, 0xB1, 0x3B, 0x94,
    0x7D, 0x36, 0xB2, 0xBA, 0xC6, 0xC2, 0x93, 0x2D, 0x7C, 0x6C, 0x81, 0xD2, 0x66, 0x2F, 0x74, 0x43,
    0xFA, 0x01, 0x53, 0xF0, 0xCB, 0xBF, 0x58, 0x00, 0xB3, 0xBF, 0x28, 0x0D, 0xCE, 0x1D, 0xDF, 0xC1,
    0x10, 0xB7, 0xE5, 0xA1, 0xFE, 0x1F, 0xE3, 0xC3, 0xCD, 0xE7, 0x1F, 0xDA, 0x21, 0xA5, 0xE3, 0x9F,
    0x56, 0x9E, 0xD9, 0x4C, 0xAF, 0x60, 0xD9, 0x4A, 0x23, 0x7A, 0x1C, 0xE3, 0x91, 0x8E, 0xEC, 0xCC,
    0xE5, 0x0F, 0x2F, 0x7F, 0x78, 0xE9, 0xD7, 0x47, 0x1F, 0xF7, 0x78, 0xFB, 0x58, 0xCD, 0xA6, 0xA6,
    0xD2, 0xF5, 0xBA, 0x6B, 0x0D, 0x69, 0x20, 0xAC, 0xC2, 0x31, 0xEA, 0xB8, 0x1F, 0x82, 0x0E, 0xD0,
    0x7C, 0x5E, 0x2C, 0x6F, 0x7F, 0x54, 0xA7, 0x28, 0x25, 0xBB, 0xE1, 0xF8, 0xEB, 0x72, 0xD8, 0xFE,
    0xB8, 0xAA, 0x99, 0x6F, 0x2E, 0xAA, 0xEF, 0xF7, 0xC0, 0x15, 0x5A, 0x56, 0x3F, 0x18, 0xF9, 0xF8,
    0x5F, 0x93, 0x7F, 0xBA, 0x80, 0x5A, 0x4E, 0x90, 0x75, 0x83, 0xDF, 0x83, 0xB7, 0xAD, 0x0C, 0x82,
    0xE5, 0x10, 0x15, 0x6D, 0x14, 0x08, 0x9A, 0x07, 0x5C, 0xE7, 0x1F, 0x2D, 0x36, 0x2F, 0xFF, 0x9A,
    0xFF, 0x81, 0x26, 0x94, 0x06, 0x60, 0x8B, 0x5E, 0xD6, 0xAC, 0x18, 0xAA, 0xD6, 0x9B, 0x9D, 0x1F,
    0x34, 0x80, 0x2F, 0xE9, 0xAA, 0xBD, 0x09, 0x3C, 0x46, 0x74, 0xF5, 0x13, 0x87, 0x7F, 0x4D, 0xF4,
    0x4F, 0xF9, 0x1D, 0x8B, 0x8E, 0x26, 0x80, 0x0C, 0xF4, 0xC0, 0xD6, 0x38, 0x8D, 0x09, 0xD9, 0xD2,
    0xE3, 0x2D, 0x97, 0xF8, 0x1E, 0xAB, 0x08, 0xE7, 0x58, 0xBA, 0x52, 0x6F, 0x79, 0x4B, 0x27, 0x0D,
    0xDB, 0x0C, 0xA5, 0x9D, 0xE7, 0xBB, 0x93, 0xAE, 0x05, 0x4D, 0x82, 0xEC, 0x29, 0x80, 0xAC, 0xA0,
    0x1E, 0x71, 0x64, 0x01, 0x50, 0xC7, 0xDE, 0xB0, 0xE8, 0xA3, 0x62, 0x48, 0xDA, 0x68, 0x9E, 0xCC,
    0xA6, 0x28, 0x5E, 0x03, 0xCE, 0xEC, 0x3C, 0x4F, 0xBE, 0x8D, 0x9A, 0xDC, 0xCA, 0x78, 0x1F, 0xCD,
    0x10, 0x9A, 0x37, 0xAB, 0xF1, 0x27, 0x6C, 0x61, 0xA0, 0x59, 0xD1, 0x63, 0x16, 0x1C, 0xB0, 0x13,
    0xB4, 0xD8, 0xF6, 0xCE, 0x73, 0x8B, 0x39, 0xD0, 0xB8, 0xCC, 0xC2, 0x41, 0xD1, 0x84, 0x11, 0x13,
    0x9A, 0x25, 0x30, 0x61, 0xC2, 0x6C, 0xC7, 0x9B, 0x8D, 0xBC, 0x3F, 0x5C, 0x6E, 0x83, 0x73, 0xB1,
    0x72, 0x08, 0x6E, 0x89, 0x3E, 0xB8, 0x5D, 0x98, 0xE0, 0xE9, 0x32, 0x0A, 0xD9, 0x7A, 0x8B, 0x70,
    0x23, 0x9D, 0xDC, 0x89, 0x56, 0x8B, 0x30, 0x64, 0x3D, 0x2F, 0x47, 0x1C, 0xD3, 0xF8, 0xC9, 0x5C,
    0x08, 0x36, 0x85, 0xDC, 0xC6, 0x53, 0x07, 0x26, 0xCE, 0xF7, 0x8C, 0x6C, 0x27, 0x37, 0xFF, 0x72,
    0x93, 0x43, 0xB8, 0xCD, 0x7F, 0xE0, 0xBF, 0x42, 0xF8, 0x21, 0x07, 0x28, 0x40, 0x7E, 0x78, 0xE9,
    0xF3, 0x10, 0x2A, 0x23, 0xFA, 0x10, 0xB4, 0x29, 0x4D, 0x08, 0x4D, 0x1F, 0x02, 0x39, 0x1A, 0x64,
    0x08, 0xCB, 0x2F, 0xAD, 0x6C, 0x7D, 0xD8, 0xA4, 0x4F, 0x6C, 0x55, 0x03, 0x1A, 0x8B, 0x61, 0x52,
    0xE0, 0xE0, 0x6A, 0xA7, 0x63, 0xC0, 0x7C, 0x3B, 0x84, 0x09, 0x33, 0x07, 0x60, 0xE6, 0x83, 0x9E,
    0x00, 0x6C, 0xF8, 0x50, 0x59, 0x00, 0xDB, 0x3E, 0x48, 0x0E, 0x73, 0x0E, 0x03, 0x00, 0xE7, 0x83,
    0xB2, 0x88, 0x57, 0xB3, 0x71, 0x40, 0x3E, 0x62, 0xCC, 0x1C, 0x01, 0xC2, 0x66, 0x63, 0x69, 0x75,
    0x8B, 0xB2, 0xCF, 0xAD, 0xEE, 0x2B, 0x8B, 0xEA, 0x9D, 0x4B, 0x9F, 0x50, 0x5D, 0x2C, 0xA0, 0x73,
    0xFA, 0x2D, 0x17, 0x57, 0xF8, 0x56, 0x46, 0xB7, 0x06, 0xE0, 0x59, 0xDC, 0xD3, 0xEA, 0xA4, 0x18,
    0x8E, 0x06, 0xBE, 0xC8, 0x8B, 0xB5, 0x90, 0x6D, 0x36, 0x3F, 0x7B, 0x3E, 0xEE, 0xA3, 0x80, 0xC3,
    0x50, 0x11, 0x8D, 0xEB, 0xE1, 0xF1, 0x9F, 0x7F, 0xF9, 0x46, 0x08, 0x28, 0x57, 0x3B, 0xCB, 0x23,
    0x41, 0x8D, 0x29, 0x68, 0x17, 0xBA, 0x14, 0x1F, 0x28, 0x85, 0xBF, 0x3D, 0xF8, 0xC7, 0xDD, 0x8E,
    0x6B, 0xB4, 0xCF, 0x3E, 0xB2, 0x61, 0x9F, 0xFC, 0xB3, 0x5F, 0x8D, 0x21, 0x88, 0x0F, 0x06, 0x1B,
    0x82, 0xBC, 0xB5, 0xFA, 0xE9, 0xE7, 0x53, 0xD0, 0x22, 0x85, 0xEF, 0xAC, 0xC2, 0xA9, 0x55, 0xC0,
    0xEF, 0x16, 0xD6, 0xDB, 0x71, 0x17, 0x8A, 0x0B, 0xD6, 0x69, 0x2D, 0x20, 0xD4, 0x85, 0x47, 0x77,
    0xAE, 0x88, 0xEC, 0x5A, 0xE0, 0x0B, 0xB5, 0xCB, 0x8D, 0x2F, 0x54, 0x15, 0xCF, 0x5D, 0xDE, 0x0D,
    0x16, 0xB2, 0x0E, 0x7B, 0xC7, 0x53, 0x0F, 0x53, 0xBF, 0x14, 0x08, 0x33, 0xD6, 0x5F, 0x28, 0xB3,
    0xC1, 0xF2, 0x85, 0x9A, 0x23, 0x5D, 0xA8, 0x70, 0x18, 0x7C, 0xA1, 0x42, 0x28, 0xFD, 0x85, 0xF2,
    0x2F, 0x93, 0x29, 0x5E, 0x28, 0x64, 0x23, 0xB4, 0x48, 0xE1, 0xD9, 0x10, 0x72, 0x8B, 0x53, 0xAB,
    0x80, 0x10, 0xC4, 0xDD, 0x30, 0xA4, 0x50, 0xA4, 0xF0, 0x7C, 0x65, 0x62, 0xE8, 0xA8, 0x8D, 0x41,
    0x2F, 0xF1, 0x80, 0x56, 0x1D, 0x91, 0xCF, 0xF2, 0x35, 0x6F, 0x18, 0x12, 0x0E, 0x8D, 0x9D, 0xD4,
    0x99, 0x2B, 0x9B, 0xCA, 0xDB, 0x37, 0x44, 0x97, 0x0B, 0x53, 0x18, 0xEF, 0x05, 0xC1, 0x2F, 0x2B,
    0x0D, 0xF9, 0xAA, 0x95, 0xDE, 0x5A, 0x9A, 0x49, 0xB6, 0x68, 0x4C, 0x69, 0xB6, 0x14, 0xD0, 0x59,
    0xD1, 0xCF, 0x34, 0x40, 0x93, 0x18, 0x9E, 0x9C, 0x21, 0xA3, 0x8D, 0xD0, 0xF5, 0xE4, 0x07, 0x0A,
    0x13, 0x1C, 0xC4, 0x6D, 0x69, 0x5C, 0x3E, 0xA2, 0x7C, 0xBD, 0x30, 0xDB, 0xC2, 0x42, 0x5E, 0x16,
    0xB5, 0x2E, 0x7B, 0xA8, 0x0A, 0xA8, 0x5E, 0x37, 0x98, 0x79, 0x25, 0x01, 0xCE, 0x5B, 0x2C, 0x81,
    0x1B, 0x5E, 0xE1, 0x80, 0xB3, 0xDE, 0x72, 0x09, 0xC0, 0xAB, 0xA8, 0x0D, 0xD2, 0xE5, 0x81, 0x2D,
    0x5C, 0xE1, 0xD8, 0xC6, 0x66, 0x54, 0xA3, 0x2A, 0xA8, 0x85, 0x1E, 0x51, 0x89, 0x09, 0x28, 0x27,
    0x54, 0x59, 0x0B, 0xE0, 0x2D, 0x9C, 0xC4, 0x7A, 0xCB, 0x2C, 0x80, 0xC7, 0x93, 0xCA, 0x44, 0x3B,
    0x04, 0x85, 0x8B, 0x4A, 0x1B, 0xED, 0x4C, 0x50, 0x2C, 0xC3, 0xFD, 0xB1, 0x50, 0x36, 0xB8, 0xA4,
    0x36, 0xDC, 0x26, 0x7F, 0x75, 0x0E, 0x79, 0x1F, 0xBB, 0xAA, 0xC2, 0xA2, 0x74, 0xDE, 0xAA, 0x87,
    0x24, 0x6F, 0x53, 0x7B, 0x0D, 0xF2, 0x05, 0xA0, 0xEE, 0x0C, 0x90, 0x23, 0x30, 0xFB, 0x74, 0x42,
    0x63, 0x80, 0x9B, 0xD6, 0x09, 0x02, 0xF0, 0xB9, 0xFD, 0x9E, 0x1E, 0x81, 0xFC, 0x13, 0x7B, 0xBA,
    0x6B, 0x71, 0x5A, 0xFC, 0xD2, 0xE2, 0x3B, 0x7E, 0xAB, 0x7C, 0xC7, 0x02, 0xC8, 0x9C, 0x7A, 0x85,
    0x15, 0xA3, 0xCE, 0xD8, 0x6A, 0xF8, 0x56, 0xB0, 0x69, 0x4F, 0xB1, 0xF9, 0x12, 0x60, 0xAB, 0x71,
    0xED, 0x38, 0xCB, 0x25, 0xD8, 0x8C, 0x6C, 0xB0, 0xA0, 0x3A, 0x98, 0x0F, 0xC7, 0xDF, 0x0F, 0xB5,
    0x57, 0xB6, 0xC8, 0x6D, 0xF0, 0xC9, 0xE4, 0xFC, 0xA8, 0xFE, 0x7E, 0x08, 0x36, 0x44, 0x6B, 0x42,
    0x63, 0xDD, 0xA6, 0x8D, 0x76, 0x26, 0x4A, 0x56, 0xD6, 0xDE, 0x8C, 0xA6, 0xA0, 0xA0, 0x73, 0xD1,
    0x03, 0x1D, 0x2C, 0x5F, 0x7F, 0x22, 0x28, 0x2F, 0x43, 0xC2, 0xAB, 0x2A, 0x54, 0xEC, 0xAC, 0x82,
    0x62, 0x5D, 0xF2, 0x46, 0x85, 0x19, 0x7B, 0xB6, 0xC2, 0x06, 0xCB, 0x7B, 0x25, 0x5D, 0x34, 0x1B,
    0xF1, 0x32, 0x2B, 0x2C, 0xC0, 0x96, 0x43, 0xD2, 0x44, 0x01, 0x20, 0x3B, 0x7A, 0x29, 0xD4, 0x5D,
    0x9F, 0xF2, 0x2F, 0x07, 0x56, 0x13, 0xD9, 0x35, 0x91, 0x1F, 0xB5, 0xA1, 0xE5, 0x9A, 0x67, 0x9A,
    0xE7, 0x83, 0xD0, 0xD0, 0x27, 0xD8, 0x0E, 0x7A, 0xCE, 0x52, 0xAB, 0x75, 0xD0, 0x68, 0xF5, 0xAA,
    0x45, 0x46, 0x76, 0x26, 0xDF, 0xB5, 0x10, 0x34, 0xCD, 0xC4, 0xA7, 0xDE, 0x83, 0x73, 0xC1, 0xF2,
    0xFA, 0xB3, 0x33, 0x7C, 0x69, 0x21, 0xD5, 0xA9, 0x0D, 0xFC, 0xCA, 0xA2, 0x52, 0xD8, 0x46, 0x6E,
    0x31, 0x53, 0xD8, 0x62, 0xE7, 0x0A, 0x73, 0x76, 0x52, 0x70, 0xDE, 0xEF, 0xBD, 0xA8, 0x30, 0x79,
    0x37, 0xA0, 0xF2, 0x31, 0x2A, 0x6C, 0xB4, 0x18, 0xA2, 0xD2, 0x78, 0xCF, 0x41, 0xA9, 0x16, 0x19,
    0x39, 0x28, 0x0D, 0x80, 0x07, 0x83, 0x27, 0xBC, 0x27, 0xEB, 0x87, 0x76, 0xA4, 0xEB, 0xE1, 0xDB,
    0xBB, 0xBE, 0x71, 0x08, 0x25, 0xEA, 0x5A, 0xC0, 0x0C, 0x2E, 0xF6, 0x9F, 0xEB, 0xE1, 0xE4, 0x9F,
    0x7D, 0x7E, 0x31, 0x04, 0x94, 0x69, 0x1F, 0xC8, 0x23, 0x41, 0x8D, 0xD8, 0x08, 0x41, 0x2F, 0x52,
    0x68, 0xA8, 0x8E, 0xE1, 0xCE, 0x41, 0xBF, 0x0D, 0x17, 0x3A, 0xD2, 0x71, 0xCE, 0x21, 0xFF, 0x6C,
    0xB0, 0x1C, 0xB8, 0x23, 0xFD, 0xB1, 0x83, 0x8B, 0x23, 0xCE, 0xC4, 0xA1, 0xBA, 0x3A, 0x64, 0x23,
    0x07, 0x2D, 0x86, 0xDC, 0xC2, 0x9D, 0xE0, 0x8E, 0x54, 0xF8, 0x50, 0xB6, 0xBE, 0x23, 0x2D, 0x7B,
    0x1F, 0x0C, 0x04, 0x17, 0x03, 0x4E, 0xB6, 0x3E, 0xE8, 0x36, 0x85, 0x0E, 0x3E, 0xD4, 0x10, 0xBF,
    0x0C, 0x0B, 0x65, 0x80, 0xF8, 0xD5, 0x18, 0x3B, 0x50, 0x31, 0xBC, 0x01, 0x3C, 0xF6, 0xE6, 0x23,
    0x75, 0xA4, 0x27, 0x7D, 0x67, 0xCE, 0xCA, 0x30, 0x8B, 0x3F, 0x14, 0x80, 0xAE, 0xFD, 0x0B, 0xC7,
    0xBB, 0x87, 0x86, 0x08, 0xC8, 0x5D, 0xB4, 0x1C, 0x00, 0x0D, 0x40, 0xB5, 0xD1, 0x3D, 0x00, 0x8D,
    0xCF, 0x73, 0x6F, 0x67, 0xA2, 0x64, 0x83, 0x19, 0x8D, 0x2F, 0xEC, 0x2E, 0x77, 0xDF, 0x14, 0x07,
    0x5B, 0x1D, 0xD7, 0x58, 0xE2, 0x60, 0x16, 0x2C, 0x5F, 0xFF, 0x56, 0xD8, 0x2E, 0xAB, 0x13, 0x41,
    0x55, 0x21, 0xB8, 0x9D, 0x74, 0xC9, 0xB7, 0x93, 0xCF, 0x24, 0xF1, 0x08, 0x92, 0x4B, 0x8E, 0xD1,
    0x17, 0x6A, 0xA4, 0x76, 0xFC, 0xDC, 0xE7, 0x4C, 0x98, 0x23, 0x6D, 0x5E, 0xBC, 0xBF, 0x36, 0x07,
    0x0A, 0xA2, 0x38, 0x68, 0xEE, 0xEF, 0x0F, 0x6C, 0x27, 0x6F, 0x39, 0x8F, 0x70, 0xD2, 0x74, 0x6D,
    0x58, 0x0B, 0x33, 0xD5, 0x88, 0x9C, 0x6A, 0x69, 0x04, 0xB5, 0x4D, 0x28, 0xF1, 0x1B, 0xD7, 0xB4,
    0x7C, 0x97, 0x16, 0xE3, 0x37, 0x4A, 0xF2, 0x0D, 0x17, 0x11, 0x6C, 0xC3, 0xAA, 0xC8, 0xA5, 0x05,
    0x42, 0x53, 0x36, 0xE0, 0x1F, 0x1A, 0x94, 0xE3, 0x57, 0xCF, 0xC5, 0xC2, 0xF1, 0x3D, 0x7C, 0x71,
    0xE9, 0xCC, 0xE5, 0xA8, 0xA6, 0x36, 0xA8, 0x96, 0xC0, 0xD1, 0xF3, 0xFF, 0xFA, 0x73, 0xC1, 0x4B,
    0x44, 0xE1, 0xE7, 0x17, 0x74, 0x50, 0x87, 0xDD, 0xF6, 0xF7, 0x7B, 0x56, 0xCB, 0x5B, 0x63, 0x98,
    0xB3, 0x4A, 0xB3, 0xF4, 0x96, 0xA3, 0x34, 0xDA, 0x00, 0xBA, 0x97, 0x46, 0x4E, 0xC8, 0x08, 0xD2,
    0xE4, 0x54, 0x57, 0xF1, 0xBA, 0x8C, 0x5D, 0xCF, 0x96, 0xD3, 0x0C, 0x28, 0x4D, 0x18, 0xE0, 0xD2,
    0x9C, 0x5D, 0xC5, 0xF1, 0xFB, 0x50, 0x00, 0xE2, 0xEB, 0x18, 0xA6, 0xDC, 0xC7, 0x3E, 0xCF, 0x91,
    0x81, 0x34, 0x14, 0xEB, 0xB2, 0xFD, 0xBA, 0x4A, 0x8A, 0x93, 0x9A, 0x95, 0x7E, 0x20, 0x7D, 0x73,
    0x77, 0xB7, 0xFB, 0x18, 0x62, 0x04, 0xD0, 0xB5, 0x71, 0x20, 0xA5, 0x16, 0x92, 0x00, 0x11, 0x34,
    0x28, 0xBC, 0xEA, 0xB7, 0x16, 0x72, 0xBF, 0x0D, 0x03, 0xA9, 0xBA, 0xD0, 0x62, 0xCF, 0x2E, 0xD0,
    0xC8, 0x16, 0xFF, 0x62, 0xCF, 0xF1, 0x8B, 0x39, 0xFF, 0xD4, 0x3E, 0x29, 0x46, 0xD9, 0xF2, 0xF2,
    0x91, 0x1C, 0x64, 0xCB, 0x9D, 0xAC, 0x32, 0xB2, 0xE5, 0x4E, 0x97, 0x20, 0x5B, 0x9D, 0x5B, 0xE1,
    0xBC, 0xCF, 0xE6, 0x56, 0x8E, 0xDE, 0x53, 0xB9, 0x15, 0x26, 0x1E, 0x57, 0x76, 0xEC, 0xF1, 0xEE,
    0x76, 0xD1, 0x8E, 0x10, 0xD4, 0xD3, 0xFD, 0x95, 0x84, 0x6C, 0x7F, 0xC7, 0x50, 0xA5, 0xF3, 0x3F,
    0x0C, 0x5C, 0x52, 0xBC, 0xE0, 0x57, 0x42, 0x01, 0xB1, 0xDA, 0xB9, 0x5C, 0x05, 0x79, 0x37, 0x38,
    0x3C, 0x1B, 0x82, 0x22, 0xE8, 0x10, 0x66, 0x64, 0xAA, 0x96, 0xC3, 0xCD, 0xDF, 0x5A, 0x69, 0x38,
    0x7C, 0xFE, 0xE9, 0x24, 0xAC, 0x0F, 0xBE, 0xB6, 0x70, 0xF9, 0xE8, 0x83, 0x2F, 0x2E, 0xBE, 0x0B,
    0xE7, 0x43, 0xA8, 0x2E, 0x38, 0x84, 0xF2, 0xE2, 0x65, 0x1F, 0xF4, 0xEA, 0x78, 0xBE, 0xB5, 0x0A,
    0x27, 0x1E, 0xF5, 0x2C, 0x76, 0xBB, 0x14, 0x1A, 0x42, 0x0C, 0xDA, 0x21, 0xB5, 0xB4, 0xDB, 0xBA,
    0x27, 0x57, 0x6B, 0x21, 0xE1, 0xC6, 0x3A, 0x14, 0x98, 0x7C, 0x81, 0x71, 0xF9, 0x67, 0x35, 0xAB,
    0x89, 0x0C, 0xC6, 0x43, 0xA1, 0xDA, 0xEC, 0x13, 0x56, 0xB7, 0xF9, 0x2F, 0xAD, 0xF0, 0xF6, 0xE2,
    0xEF, 0xD9, 0xC6, 0x46, 0x3B, 0x27, 0xDE, 0x65, 0x69, 0x4F, 0xDC, 0xB2, 0x62, 0xC8, 0xE8, 0xFA,
    0x0F, 0xAF, 0x0E, 0x62, 0x10, 0x07, 0xD7, 0xF6, 0xCF, 0xF7, 0x62, 0x28, 0xF6, 0x7F, 0xB2, 0x5F,
    0x78, 0xE5, 0xB5, 0xAB, 0xCF, 0x95, 0x46, 0xF4, 0xD5, 0x85, 0xF6, 0x69, 0x69, 0x8A, 0x5E, 0xF3,
    0xE5, 0x68, 0x0B, 0x73, 0xD3, 0xAB, 0x50, 0x1A, 0xE7, 0xD5, 0xDE, 0xB3, 0xDE, 0x9B, 0x90, 0x7C,
    0x6B, 0x64, 0x2E, 0x2A, 0x2C, 0xC2, 0xCE, 0x72, 0x40, 0x55, 0x7B, 0xB5, 0x81, 0x06, 0xE4, 0x2B,
    0x84, 0x5D, 0xF2, 0x5E, 0x75, 0xA0, 0x85, 0xB7, 0x1D, 0xD0, 0x8D, 0x38, 0xD2, 0x64, 0x8B, 0x8D,
    0xE4, 0x3C, 0xE9, 0x92, 0x53, 0x34, 0x1F, 0xA3, 0xC2, 0xCF, 0x3C, 0xDE, 0xF0, 0x6B, 0x3F, 0xE7,
    0xF9, 0xBA, 0x74, 0x44, 0xFB, 0x2B, 0x4D, 0x28, 0x60, 0x5A, 0x0D, 0x56, 0x99, 0xBD, 0xA0, 0x1E,
    0x1C, 0x20, 0xBC, 0xE3, 0x8D, 0x60, 0xE7, 0x4E, 0xBF, 0xC5, 0x52, 0x97, 0x39, 0xAF, 0xBF, 0x0E,
    0x75, 0xE7, 0xF5, 0xD7, 0xC1, 0x28, 0xE3, 0xDD, 0xFF, 0x49, 0x5B, 0xF2, 0xD2, 0xE5, 0xFE, 0xAB,
    0xC8, 0x9D, 0xF7, 0x42, 0x0B, 0x2C, 0xC4, 0xA0, 0xA5, 0x77, 0x43, 0x0C, 0x37, 0xD9, 0x27, 0x8B,
    0x7E, 0xCE, 0xA2, 0xE8, 0xBF, 0x1B, 0x2C, 0x0D, 0xD6, 0x94, 0xF7, 0x59, 0xB5, 0x6C, 0xBE, 0xDB,
    0xD5, 0xAC, 0xA0, 0x25, 0xD8, 0x9C, 0xA6, 0x63, 0xC6, 0xCD, 0x53, 0xD1, 0x8C, 0xA2, 0x1D, 0xD5,
    0xDE, 0xAC, 0xA3, 0x11, 0xDE, 0x86, 0xBE, 0x40, 0xB4, 0x07, 0xFC, 0xB8, 0xF9, 0x47, 0xC2, 0xDB,
    0x10, 0xE1, 0x5E, 0xA1, 0xB1, 0x6E, 0xD3, 0x46, 0x3B, 0xC3, 0x5E, 0x04, 0x59, 0x88, 0xFF, 0xD3,
    0x4D, 0x19, 0x4D, 0xD9, 0x15, 0xA2, 0x29, 0xA7, 0x73, 0x44, 0xF4, 0x65, 0xED, 0xC7, 0x4D, 0xA2,
    0x01, 0xF0, 0x05, 0xE7, 0x5F, 0xF3, 0xFE, 0xF2, 0x32, 0xC0, 0xAA, 0x2A, 0x3A, 0x4B, 0xBA, 0xE4,
    0x8D, 0xE4, 0xD9, 0xE8, 0x45, 0x44, 0xE7, 0x0F, 0x74, 0xC0, 0x14, 0xFC, 0x72, 0x37, 0x4A, 0x64,
    0x59, 0x10, 0x99, 0x23, 0xFD, 0x66, 0x55, 0x03, 0xE3, 0xA3, 0xCA, 0xD7, 0xE1, 0x67, 0xC1, 0x86,
    0xA8, 0xBD, 0x57, 0xA8, 0xB4, 0x9F, 0xAE, 0x43, 0x3D, 0x00, 0x6D, 0xA2, 0x8D, 0xE5, 0xE5, 0xB0,
    0xE7, 0xE1, 0x63, 0xE6, 0x00, 0xD0, 0x5E, 0x30, 0xA7, 0x2B, 0x75, 0xBE, 0x00, 0xC4, 0xC1, 0x05,
    0x93, 0x2F, 0x81, 0xE2, 0xF6, 0x0F, 0x5A, 0x41, 0x80, 0x7C, 0xFD, 0x3C, 0x82, 0x97, 0x6B, 0xFF,
    0xBD, 0x16, 0x9A, 0x6F, 0xF1, 0x7D, 0x83, 0x6D, 0xF6, 0x3D, 0x83, 0xB9, 0x57, 0x9D, 0x1F, 0xF0,
    0x5D, 0x6F, 0x28, 0x64, 0xBD, 0x0B, 0x38, 0x36, 0x77, 0xD8, 0x63, 0x4B, 0x0B, 0x5D, 0x7B, 0x95,
    0x41, 0xD5, 0x7B, 0xA9, 0x46, 0xC9, 0x93, 0x5B, 0x17, 0x0A, 0x9E, 0xAA, 0xB6, 0x00, 0x5E, 0x7A,
    0xF0, 0x5A, 0x10, 0xC6, 0x87, 0x87, 0xEC, 0x30, 0x70, 0x55, 0xF9, 0xEB, 0x7F, 0xBF, 0xF9, 0xA3,
    0x2F, 0x9E, 0x47, 0x45, 0xF4, 0x1B, 0x5E, 0x9C, 0x3D, 0x0C, 0x90, 0xFD, 0xAA, 0x87, 0x8A, 0xA5,
    0x7F, 0x98, 0x20, 0x5D, 0x0C, 0x41, 0xB9, 0xDC, 0x0A, 0x0E, 0x9A, 0xB2, 0x18, 0x9A, 0xDB, 0xED,
    0x14, 0x0A, 0xDC, 0x3B, 0xFF, 0x60, 0xE6, 0xE1, 0xE7, 0x7D, 0xF6, 0x81, 0x0D, 0x8B, 0x5C, 0xF9,
    0x47, 0xBD, 0xD5, 0xA5, 0x0F, 0xE2, 0x56, 0xFF, 0x9A, 0xEF, 0x2E, 0xB8, 0xCE, 0xEC, 0x21, 0x6F,
    0xD7, 0xF0, 0xE7, 0xD4, 0xA3, 0x20, 0x00, 0x5A, 0xF4, 0x61, 0x5A, 0x88, 0x8D, 0xD5, 0x8A, 0xD6,
    0x13, 0x3E, 0xE4, 0x94, 0xCE, 0xAB, 0x20, 0x13, 0x43, 0x75, 0xDB, 0xC6, 0xD0, 0x9C, 0x5F, 0x84,
    0x90, 0x2F, 0x41, 0x86, 0x83, 0x1A, 0xA1, 0x16, 0x1C, 0x1A, 0x03, 0xB1, 0xE4, 0xF0, 0x2C, 0x80,
    0xAD, 0xF5, 0xB9, 0x6A, 0x52, 0x25, 0xAB, 0xF6, 0x68, 0x81, 0x31, 0xAE, 0x3C, 0xD3, 0x6C, 0xAE,
    0x2D, 0x12, 0x3E, 0xD4, 0xF8, 0xC0, 0xFA, 0xAE, 0x71, 0xB5, 0x1A, 0x00, 0xCA, 0xAF, 0x57, 0xE0,
    0xE5, 0x94, 0xDE, 0xDD, 0xA4, 0x83, 0x96, 0x55, 0xA9, 0xD0, 0xA3, 0x58, 0xE8, 0x15, 0x53, 0x2C,
    0xF4, 0xF4, 0x20, 0x8D, 0x4A, 0x85, 0x5E, 0x41, 0xF5, 0x95, 0x50, 0xD0, 0x74, 0x53, 0x93, 0x0A,
    0x9A, 0x67, 0xC1, 0xE2, 0x2D, 0x04, 0x0F, 0x5B, 0x46, 0xA1, 0xB5, 0x77, 0x4D, 0xBD, 0x65, 0x66,
    0xBF, 0xDA, 0x23, 0x8F, 0xB3, 0xC0, 0x93, 0x00, 0xD8, 0xD9, 0x3D, 0xE6, 0xF7, 0xFB, 0x59, 0x3C,
    0xAF, 0xBB, 0x5A, 0xE4, 0xD4, 0x03, 0xC2, 0x42, 0xD0, 0x10, 0x2C, 0x69, 0xF4, 0x0E, 0xA8, 0xF6,
    0x5C, 0x50, 0xCF, 0x74, 0x58, 0xE0, 0x75, 0xB3, 0xCA, 0xA0, 0x34, 0x62, 0x9C, 0x95, 0x16, 0xD2,
    0xC8, 0x61, 0x96, 0x73, 0xC9, 0xD1, 0xB4, 0x33, 0x74, 0xB5, 0xFA, 0xFE, 0x12, 0x33, 0xA8, 0x41,
    0xCB, 0xD1, 0x5B, 0xB8, 0x9D, 0xD2, 0x78, 0x61, 0x5D, 0x06, 0x16, 0x7F, 0x8C, 0x60, 0x68, 0x4F,
    0xDE, 0x5F, 0x69, 0xE5, 0xF6, 0xC9, 0x55, 0xD8, 0x5E, 0x05, 0xDD, 0x86, 0x90, 0x59, 0xD9, 0xC7,
    0x30, 0x8A, 0x31, 0x05, 0xB8, 0x55, 0x78, 0x31, 0xD4, 0x17, 0x3E, 0x20, 0x04, 0x4C, 0x00, 0xB8,
    0xE4, 0xC2, 0x17, 0xD7, 0x09, 0x28, 0xEC, 0x63, 0x5D, 0x5A, 0xD9, 0x92, 0x44, 0xCB, 0x37, 0x39,
    0x94, 0x5F, 0x3A, 0xF0, 0xDE, 0x0E, 0x08, 0x41, 0x2F, 0x53, 0x98, 0x51, 0x1A, 0xC1, 0xFE, 0xE7,
    0x9D, 0x1E, 0x37, 0xBD, 0xF8, 0xF4, 0xB3, 0x11, 0xE1, 0x70, 0x3E, 0xB5, 0x2E, 0x1C, 0xBB, 0x1F,
    0x91, 0x5F, 0x84, 0x06, 0xC0, 0xD5, 0x57, 0x08, 0xEA, 0xFB, 0x3E, 0xA8, 0x1A, 0xA1, 0xEF, 0xE0,
    0xB2, 0x0B, 0x4F, 0x87, 0x60, 0x24, 0x4E, 0x70, 0x28, 0x7D, 0x00, 0x87, 0x62, 0x48, 0x41, 0xD8,
    0x2A, 0x86, 0xCC, 0xA9, 0x18, 0xD0, 0x2D, 0x53, 0xD0, 0x2E, 0x85, 0x72, 0x5C, 0x1B, 0x58, 0x66,
    0xC9, 0x9D, 0xE4, 0x3C, 0xE9, 0xA2, 0xF9, 0x18, 0x15, 0xDC, 0x41, 0xFA, 0x81, 0xA5, 0x60, 0x79,
    0x05, 0x83, 0xEF, 0x67, 0xAF, 0x6A, 0x01, 0x40, 0x43, 0x23, 0xBA, 0x08, 0x36, 0xEF, 0xB8, 0x20,
    0xF5, 0xFF, 0x2D, 0xBC, 0x3E, 0xC8, 0x0A, 0x2F, 0x72, 0x9A, 0x67, 0x9B, 0x97, 0x1C, 0xC4, 0xC1,
    0x06, 0x20, 0x2D, 0xC4, 0xED, 0xE7, 0x00, 0x6D, 0x20, 0x5F, 0x7F, 0x02, 0x20, 0x40, 0xF2, 0xE1,
    0x3B, 0x40, 0x7B, 0x4B, 0x1B, 0x27, 0x64, 0x95, 0x01, 0x9C, 0xB7, 0x01, 0xF0, 0x92, 0x77, 0x81,
    0x30, 0x21, 0x13, 0x23, 0xC2, 0xC0, 0x52, 0x0E, 0xC0, 0xDC, 0x2B, 0x79, 0x37, 0x6F, 0x78, 0xC7,
    0x82, 0x35, 0xC8, 0xC6, 0x34, 0xA1, 0xB4, 0xDE, 0xC2, 0xDB, 0x7B, 0xF9, 0xB5, 0x88, 0xD0, 0x8E,
    0x16, 0x58, 0x6C, 0x15, 0x66, 0x4A, 0x87, 0xF2, 0xC6, 0x23, 0x36, 0x44, 0xE6, 0x5E, 0xCF, 0x5C,
    0xF9, 0xF0, 0x4F, 0xFD, 0x4B, 0xBC, 0x85, 0x6A, 0x45, 0x78, 0x9C, 0x36, 0x45, 0xD4, 0xC6, 0xFE,
    0xA0, 0x9B, 0xA2, 0xB4, 0x48, 0x76, 0xE1, 0x99, 0x72, 0x7A, 0xFD, 0x1A, 0x2B, 0x6E, 0x5F, 0xBB,
    0xC6, 0xC7, 0x59, 0xEE, 0x5F, 0xAD, 0x58, 0x79, 0x8D, 0x8F, 0xE7, 0x92, 0x55, 0x32, 0x6C, 0x1D,
    0x66, 0x49, 0x17, 0x2C, 0xFA, 0x97, 0x83, 0xA5, 0x79, 0xE6, 0x2B, 0x0A, 0x8B, 0xD3, 0xD0, 0x60,
    0x15, 0x2D, 0x83, 0x15, 0x4D, 0xC1, 0x6C, 0xF3, 0x98, 0x05, 0x8C, 0xD9, 0xA3, 0xCB, 0x2B, 0xE2,
    0x2C, 0x2F, 0x58, 0xDC, 0x2B, 0x8A, 0xB4, 0x9F, 0xB4, 0x8F, 0xF9, 0x25, 0xEF, 0x37, 0x21, 0x47,
    0x19, 0x06, 0xD6, 0xCA, 0x45, 0xF5, 0x32, 0x6E, 0xD7, 0x54, 0x07, 0xFF, 0xF6, 0x37, 0xC6, 0xCB,
    0xEB, 0x14, 0xBD, 0x97, 0xD7, 0x7B, 0x5B, 0x2F, 0xAF, 0x52, 0x80, 0x2D, 0x6F, 0x45, 0xAB, 0xAB,
    0x51, 0x2D, 0xA2, 0xCF, 0x26, 0x4F, 0x25, 0x71, 0xBC, 0x1D, 0xF9, 0x76, 0x8F, 0x2F, 0xEC, 0xFA,
    0xE6, 0xC5, 0x83, 0x5B, 0x61, 0x80, 0xEA, 0xB8, 0x20, 0x86, 0xAF, 0x0C, 0x37, 0xF8, 0x3A, 0x7C,
    0x30, 0x54, 0xA5, 0x4B, 0x81, 0x1C, 0x4E, 0xFA, 0x92, 0x74, 0x50, 0xCB, 0x39, 0x20, 0x8D, 0xF8,
    0x15, 0x0D, 0x31, 0x10, 0xC1, 0x07, 0x65, 0x0A, 0x3A, 0xE0, 0xA0, 0x6D, 0x37, 0x55, 0x21, 0x4C,
    0x34, 0x84, 0xD0, 0x2D, 0xFE, 0x7B, 0x0C, 0x77, 0x0E, 0x44, 0x08, 0xF9, 0x6F, 0xF7, 0x6F, 0x85,
    0x20, 0xFE, 0xE1, 0x96, 0x7F, 0x66, 0x38, 0x94, 0xEF, 0xBD, 0x7B, 0xD5, 0x87, 0x09, 0xF2, 0x27,
    0xFC, 0xD3, 0xF5, 0x08, 0x5D, 0x70, 0x50, 0x03, 0x66, 0x21, 0x00, 0x78, 0x9A, 0xC3, 0xE3, 0x38,
    0x05, 0x70, 0x00, 0x64, 0xBD, 0x0A, 0x48, 0x41, 0x85, 0x30, 0x02, 0x9A, 0x03, 0xF7, 0xF7, 0x0B,
    0x0E, 0xE8, 0x88, 0x26, 0x0E, 0xBC, 0x64, 0xB0, 0x56, 0x80, 0xDD, 0xEF, 0x53, 0xFE, 0x72, 0xD6,
    0x5E, 0x1E, 0xD2, 0xCC, 0x3D, 0x02, 0x90, 0x86, 0x0B, 0x30, 0xB6, 0x21, 0xAA, 0xEF, 0x15, 0xCA,
    0xC3, 0xEA, 0x95, 0x26, 0xDA, 0xD9, 0x28, 0x4D, 0x8F, 0xFB, 0x0F, 0xB6, 0x78, 0xE7, 0x15, 0x3F,
    0x9F, 0x2F, 0xC0, 0x82, 0xE2, 0xF6, 0x05, 0x2E, 0xAD, 0x4C, 0x79, 0xFB, 0x3F, 0x7A, 0xCB, 0xD6,
    0x17, 0x5E, 0x5E, 0x40, 0x55, 0xD1, 0x59, 0x72, 0x9E, 0x7C, 0x39, 0x79, 0x36, 0x3A, 0xC7, 0x83,
    0x75, 0x5E, 0x69, 0x90, 0x4F, 0x6C, 0xEC, 0x2F, 0xEA, 0xD4, 0x5F, 0xD4, 0xF8, 0x4F, 0xBB, 0x7F,
    0x79, 0xEC, 0x42, 0xC5, 0xC9, 0x34, 0xAE, 0xDF, 0xFF, 0x66, 0xF2, 0x71, 0xFB, 0xA7, 0x37, 0xC3,
    0x8F, 0xBE, 0x49, 0x3E, 0xF2, 0xF6, 0xD9, 0xC3, 0x3D, 0xFA, 0xE6, 0x7A, 0xC7, 0xF5, 0x2A, 0x90,
    0xA5, 0x3A, 0xA2, 0x20, 0x5A, 0xD5, 0x11, 0x36, 0xD5, 0x11, 0x0B, 0x4F, 0xE1, 0x52, 0x1D, 0xB1,
    0xB6, 0x60, 0x54, 0x37, 0x2E, 0xD6, 0x11, 0xBA, 0x67, 0xE5, 0xF4, 0xAD, 0x63, 0xEA, 0x88, 0x23,
    0xFD, 0xE5, 0x51, 0x75, 0x38, 0xEF, 0x43, 0x9F, 0xDA, 0x5D, 0x86, 0x09, 0x59, 0x8D, 0xB0, 0x3C,
    0x48, 0xFD, 0xA1, 0xE9, 0x71, 0xAC, 0x32, 0x51, 0x6D, 0x93, 0x53, 0xB4, 0x59, 0x44, 0x89, 0x92,
    0xD7, 0x0C, 0x9B, 0xD3, 0x4F, 0x7B, 0x56, 0xDC, 0xBE, 0x6A, 0xD8, 0x72, 0xFF, 0x95, 0x9A, 0xF5,
    0xFD, 0x25, 0x58, 0x25, 0xA3, 0x3B, 0xC9, 0x79, 0xF2, 0x7B, 0xC9, 0xD3, 0x49, 0x1C, 0xBA, 0xEB,
    0x8F, 0xF3, 0xAF, 0x78, 0x42, 0xEA, 0x9B, 0x5B, 0x79, 0xE4, 0xFC, 0x8E, 0x34, 0x61, 0xA3, 0xE5,
    0x10, 0xAD, 0x4C, 0xB4, 0x49, 0x0B, 0x6D, 0x1E, 0x32, 0x40, 0xE9, 0x80, 0x26, 0x15, 0x02, 0x0B,
    0xFE, 0xB6, 0x6A, 0x8B, 0x09, 0x90, 0x4E, 0x5A, 0xD5, 0x7B, 0xFB, 0x7C, 0x49, 0x35, 0x90, 0x03,
    0x9D, 0x03, 0x90, 0xC6, 0xEB, 0xF4, 0xE6, 0xA3, 0xE7, 0x9B, 0x34, 0x28, 0x7A, 0xD3, 0xB3, 0xE4,
    0xA7, 0x9C, 0x3A, 0x7A, 0xAD, 0x34, 0x25, 0x4D, 0xFA, 0x35, 0x48, 0x83, 0xA7, 0xEC, 0x43, 0xEF,
    0xAB, 0xD5, 0x76, 0xFC, 0x58, 0x9A, 0x67, 0x58, 0x27, 0x4D, 0xB8, 0x1F, 0xAC, 0x34, 0xBA, 0xE6,
    0xC3, 0xE6, 0x52, 0x0B, 0xE8, 0x20, 0xB9, 0x17, 0x10, 0xCE, 0x8B, 0x05, 0x4A, 0xCB, 0x6A, 0xE4,
    0xAD, 0x20, 0x83, 0xA7, 0x01, 0xE4, 0xF4, 0xFF, 0x79, 0x21, 0xEF, 0xC2, 0xDA, 0x42, 0x5E, 0x71,
    0xEF, 0x42, 0xDE, 0x78, 0xB8, 0x90, 0xE7, 0xD6, 0x16, 0xF2, 0xDC, 0x0C, 0x78, 0xAC, 0x06, 0x6C,
    0xAC, 0xBF, 0x9F, 0xC7, 0xEA, 0xC3, 0x2D, 0xC9, 0xF5, 0xE3, 0xF9, 0xFA, 0xC7, 0x6D, 0x57, 0x3E,
    0xB5, 0x1B, 0xDA, 0x1B, 0x58, 0xB5, 0xD2, 0x00, 0xFA, 0xEB, 0x5B, 0x11, 0x99, 0x7B, 0xBC, 0xE8,
    0x47, 0x87, 0x0B, 0xAD, 0xC6, 0x1C, 0xD2, 0xC8, 0x60, 0x95, 0x54, 0x49, 0x6D, 0xA3, 0xCD, 0x18,
    0xED, 0x5C, 0xF4, 0xCE, 0x41, 0x30, 0xBF, 0xB3, 0x7F, 0x8D, 0x15, 0xBF, 0x78, 0x7F, 0x9F, 0x2D,
    0xDE, 0xBF, 0x75, 0x8D, 0x95, 0x3F, 0x7D, 0x47, 0xB2, 0xAA, 0x34, 0xC1, 0x59, 0xF2, 0x3B, 0xC9,
    0x13, 0x49, 0x78, 0x3F, 0xEE, 0x76, 0x1D, 0x4B, 0x44, 0x6B, 0xB6, 0x88, 0xDB, 0x93, 0x8F, 0xD7,
    0xC0, 0x93, 0x0F, 0x9E, 0x87, 0xAE, 0xC9, 0x97, 0xEA, 0xAF, 0xBD, 0xE1, 0xD2, 0xDD, 0x63, 0xB8,
    0xB0, 0xC9, 0x50, 0x2F, 0xDC, 0xEB, 0xE3, 0xD7, 0x3F, 0x7E, 0x8D, 0x85, 0xEC, 0x71, 0x57, 0xBE,
    0xA1, 0x2B, 0x2F, 0x1F, 0x8F, 0xB2, 0x51, 0xED, 0x50, 0xB5, 0x70, 0x68, 0x96, 0xA8, 0x6A, 0x4C,
    0xFE, 0x3A, 0xD4, 0x0A, 0xDE, 0xCF, 0x7E, 0x61, 0x58, 0xF1, 0xD1, 0x07, 0x56, 0xB3, 0xB7, 0xFE,
    0xAE, 0x67, 0xFD, 0xE4, 0xB3, 0xDE, 0xF1, 0xF2, 0xDC, 0x73, 0x0E, 0x8C, 0x3C, 0xF5, 0x74, 0xC8,
    0xC6, 0xEF, 0x88, 0x3E, 0x9B, 0xBC, 0xA7, 0x44, 0x1F, 0xA6, 0x03, 0x10, 0xBD, 0x48, 0x4A, 0x03,
    0xC1, 0xAA, 0x64, 0x83, 0xDF, 0xFB, 0xB3, 0xC1, 0xBB, 0x80, 0x24, 0xE3, 0x7D, 0xC9, 0x5B, 0x23,
    0xAB, 0x1F, 0xE9, 0x75, 0x50, 0x52, 0x68, 0x66, 0x65, 0x1A, 0x2F, 0x6A, 0x3C, 0xCE, 0xDB, 0xFF,
    0x09, 0x50, 0xDE, 0x7C, 0xE2, 0xBD, 0xA5, 0x11, 0x16, 0x28, 0x7B, 0x69, 0x8A, 0x30, 0x51, 0xE2,
    0xEF, 0x00, 0xB9, 0x37, 0x8C, 0x60, 0xFC, 0x7A, 0xF0, 0xA0, 0x95, 0xE6, 0xD4, 0xD1, 0xD7, 0x95,
    0x7F, 0x8B, 0x89, 0x96, 0xFC, 0x2E, 0xFD, 0xE1, 0x38, 0x90, 0xE6, 0x93, 0x72, 0xFF, 0xFD, 0x9E,
    0x6D, 0xE4, 0xAD, 0xE9, 0xB8, 0x85, 0xF2, 0xF4, 0xFA, 0x12, 0x4B, 0x54, 0x71, 0x3C, 0xE8, 0xBB,
    0x81, 0xAD, 0x9C, 0x06, 0x9B, 0x4F, 0x4F, 0x06, 0xF1, 0xE3, 0xE3, 0xC7, 0x05, 0x1E, 0x95, 0xD7,
    0xAD, 0xDA, 0xA8, 0x42, 0x54, 0x27, 0x67, 0xC9, 0x8E, 0x16, 0xE0, 0xFA, 0x99, 0x68, 0xC9, 0xBE,
    0xB3, 0xD8, 0x9C, 0xE3, 0x4C, 0xF3, 0xB3, 0xF3, 0x36, 0x14, 0x42, 0xB5, 0xB0, 0x70, 0xAC, 0xEC,
    0x31, 0x01, 0x4D, 0x5D, 0x99, 0x7C, 0x04, 0xC8, 0xF0, 0x16, 0xAF, 0xED, 0x20, 0x06, 0xE4, 0xE4,
    0xB6, 0x50, 0xF6, 0x10, 0xD4, 0xFD, 0x3B, 0x48, 0x03, 0x71, 0xFB, 0xB2, 0x41, 0x35, 0x40, 0xEE,
    0xFF, 0xC0, 0x40, 0x5B, 0xC8, 0x0B, 0xDF, 0x07, 0x1A, 0x0B, 0x25, 0x6B, 0x60, 0x31, 0x62, 0xC7,
    0x9B, 0x4F, 0x0E, 0xCE, 0x5B, 0xD8, 0x39, 0x5E, 0xF6, 0xCA, 0x7E, 0x07, 0xCF, 0x78, 0x75, 0xAB,
    0xE3, 0x71, 0xA1, 0x6A, 0xBD, 0x39, 0x5F, 0x0A, 0x6F, 0x69, 0xFD, 0x9E, 0x5E, 0xDD, 0x43, 0x38,
    0x2F, 0x01, 0x60, 0xCF, 0x79, 0x5F, 0x7C, 0xD0, 0x75, 0xC8, 0xFA, 0xA8, 0xB0, 0x51, 0xB8, 0xE4,
    0x4E, 0x52, 0xD5, 0xD1, 0xDF, 0x0F, 0x0B, 0x54, 0x75, 0x1A, 0x35, 0xC2, 0x02, 0xD4, 0x4A, 0xBF,
    0xCF, 0x53, 0xCB, 0x5D, 0x3F, 0x2E, 0xE9, 0x34, 0x6D, 0xD4, 0x26, 0xDA, 0xD8, 0x28, 0x4D, 0xC9,
    0x79, 0x30, 0x3F, 0xB8, 0x12, 0xF4, 0xF5, 0x51, 0xCD, 0x96, 0xFB, 0x3F, 0x04, 0x2B, 0xAF, 0xD5,
    0x41, 0x25, 0xA3, 0xB3, 0xA4, 0x4B, 0xDE, 0x48, 0x9E, 0x4D, 0xE2, 0x01, 0xDE, 0xF4, 0xFD, 0x35,
    0xCB, 0x15, 0xE1, 0xBD, 0x72, 0x4B, 0x1E, 0x6D, 0xB3, 0xBB, 0xFA, 0x7E, 0xF9, 0xC7, 0xDE, 0x50,
    0x59, 0x26, 0xDD, 0x6A, 0x8E, 0x10, 0x6D, 0x5A, 0xFE, 0xD0, 0x16, 0xF2, 0x25, 0xC2, 0x3D, 0x51,
    0x8E, 0xD1, 0xC6, 0x00, 0xD8, 0x09, 0xDF, 0x06, 0x3A, 0x28, 0xCB, 0x52, 0x1B, 0xD7, 0x4D, 0xA8,
    0x0F, 0x66, 0x64, 0xFF, 0x4B, 0x73, 0xE9, 0x5F, 0x46, 0xB1, 0x9C, 0x78, 0x35, 0xC9, 0xBB, 0x05,
    0x57, 0xBE, 0x33, 0x16, 0x7B, 0x1B, 0xD9, 0x28, 0x5F, 0xB1, 0x72, 0xE7, 0x1B, 0xC2, 0x56, 0xB9,
    0x95, 0x33, 0x94, 0x46, 0xE5, 0x56, 0xCD, 0xA0, 0xDA, 0x8D, 0xDC, 0x6E, 0xCC, 0xB0, 0x07, 0x27,
    0xAC, 0x9B, 0xE5, 0x8E, 0xD7, 0xB4, 0x6E, 0xCC, 0x78, 0x79, 0x57, 0xD8, 0xB3, 0xB3, 0xBC, 0x2D,
    0x4D, 0x78, 0x5F, 0x16, 0xAA, 0x16, 0x3D, 0xBB, 0x87, 0x82, 0xCD, 0xB8, 0x53, 0xF4, 0x96, 0x16,
    0x92, 0xD5, 0xBE, 0xB8, 0x6D, 0x31, 0xCB, 0x96, 0xA8, 0x08, 0x98, 0x61, 0x84, 0x74, 0x47, 0x7B,
    0xC8, 0xD9, 0x11, 0x1B, 0xA2, 0xE5, 0x3D, 0xF2, 0xC8, 0x75, 0x33, 0x6D, 0xDF, 0x86, 0x5F, 0x87,
    0x3A, 0x09, 0x6C, 0xF9, 0x8D, 0xCB, 0xB0, 0xE4, 0xBD, 0x12, 0x3B, 0x88, 0xEE, 0x41, 0x86, 0x82,
    0x87, 0xD8, 0xC9, 0x6B, 0x2A, 0x78, 0x33, 0x1A, 0xBC, 0x23, 0xF2, 0xA5, 0x55, 0xC8, 0x46, 0x88,
    0xE5, 0x9C, 0x4B, 0xD1, 0xB1, 0x58, 0x6E, 0x68, 0x56, 0xEE, 0x7C, 0x07, 0x40, 0xC6, 0xD7, 0x01,
    0x40, 0x6E, 0x55, 0x72, 0x23, 0x39, 0x0F, 0xFF, 0x4E, 0xE7, 0xFD, 0x75, 0xC8, 0x88, 0x67, 0x2E,
    0x67, 0x93, 0x08, 0xDB, 0x45, 0x1F, 0x2D, 0x4C, 0xB4, 0x4C, 0xCA, 0xE8, 0x69, 0x55, 0x07, 0x35,
    0x21, 0xEA, 0x80, 0x13, 0x0F, 0xA8, 0x1B, 0xA7, 0x47, 0xF5, 0x14, 0xFC, 0x1B, 0x1A, 0xDF, 0xB7,
    0xD3, 0x0C, 0x1D, 0xD1, 0x2D, 0x3B, 0xA9, 0xE0, 0x30, 0xC9, 0x30, 0xBF, 0xEE, 0x79, 0x2A, 0xAD,
    0x4D, 0x61, 0x78, 0x09, 0x52, 0x0F, 0xA5, 0xD7, 0xF2, 0xF8, 0x68, 0xA6, 0xCC, 0x82, 0x9C, 0x6C,
    0x27, 0x4C, 0xA0, 0xAE, 0x82, 0xD7, 0xCF, 0xAF, 0xC9, 0x0B, 0x71, 0xF0, 0xD3, 0xFF, 0x8D, 0x29,
    0x43, 0xB1, 0x7F, 0x15, 0xF0, 0x8F, 0x0F, 0xF5, 0xE2, 0x24, 0x4D, 0x25, 0x59, 0x55, 0xEB, 0xA0,
    0xC6, 0x4D, 0x16, 0x0B, 0x38, 0x36, 0x9F, 0x70, 0x96, 0x2D, 0x2D, 0xC0, 0x6A, 0x13, 0xCC, 0x08,
    0xC1, 0x6A, 0x0A, 0xE6, 0xD4, 0xB3, 0xAF, 0x74, 0x4B, 0xB0, 0xAF, 0x52, 0x1F, 0x6C, 0x27, 0x1C,
    0xD3, 0x4F, 0x42, 0x3D, 0xBA, 0xDC, 0x3F, 0xB0, 0x9A, 0xE8, 0x7F, 0xB5, 0xD1, 0xF7, 0x8D, 0x17,
    0xAA, 0x2E, 0x83, 0xBA, 0x4D, 0xF6, 0x5E, 0x5F, 0x9F, 0x34, 0xD6, 0x4B, 0x13, 0xC8, 0x25, 0xF7,
    0xBC, 0x61, 0x01, 0xFB, 0x87, 0xAC, 0x5F, 0xC0, 0x0E, 0x8F, 0x2F, 0xF6, 0x7F, 0xF8, 0x53, 0x56,
    0x5E, 0xFB, 0x7E, 0xC9, 0x56, 0xB2, 0x0E, 0xEA, 0xE4, 0xCD, 0xE4, 0x3C, 0xF9, 0xDD, 0x24, 0x8E,
    0xF5, 0x3F, 0x5C, 0xFF, 0xB8, 0xE3, 0x3A, 0xFA, 0x42, 0xAA, 0x9F, 0xA3, 0xC7, 0xF6, 0x0F, 0xEA,
    0x88, 0x32, 0x14, 0xCC, 0x87, 0xF2, 0x7A, 0x4C, 0x9D, 0xB6, 0xF3, 0xEB, 0x62, 0x55, 0x5D, 0xAF,
    0x09, 0x8D, 0x75, 0xBB, 0x36, 0x14, 0x82, 0xA9, 0x7F, 0x70, 0x20, 0x1B, 0xCC, 0x69, 0xC2, 0x56,
    0x61, 0xF8, 0x13, 0x23, 0xC9, 0x19, 0xE6, 0x5E, 0x79, 0xFD, 0x89, 0xA8, 0x42, 0x50, 0x79, 0x9D,
    0x77, 0x3B, 0xE9, 0xBC, 0x93, 0xF7, 0x6D, 0x7E, 0x55, 0x79, 0xCF, 0x2A, 0xE4, 0xD6, 0x0B, 0x05,
    0xE1, 0xFD, 0x9E, 0xB7, 0xEC, 0x0B, 0x73, 0xCE, 0x2B, 0x4D, 0x54, 0xD7, 0xC1, 0x7C, 0x89, 0xE2,
    0xD7, 0x73, 0xA8, 0x62, 0x82, 0xA0, 0x09, 0x2A, 0xEF, 0x91, 0x93, 0x3D, 0xB2, 0x40, 0x5D, 0x01,
    0xB2, 0x4D, 0x9A, 0x68, 0x31, 0x44, 0x85, 0x8D, 0xE6, 0x63, 0x14, 0x6D, 0x90, 0xC7, 0x87, 0xA9,
    0xA1, 0xE5, 0xCA, 0x70, 0xBE, 0xFE, 0x13, 0x34, 0xEB, 0xD7, 0xA1, 0x69, 0xB3, 0x50, 0x66, 0x77,
    0xBD, 0x20, 0x0A, 0xE3, 0x65, 0x30, 0x23, 0x27, 0x86, 0xCC, 0x22, 0xA7, 0xED, 0xA0, 0x38, 0x50,
    0xC1, 0xF2, 0x75, 0x79, 0x9E, 0x95, 0xD5, 0xE3, 0x82, 0x55, 0x15, 0x44, 0xEF, 0xDD, 0xAE, 0x50,
    0xB0, 0xCE, 0x6B, 0xBC, 0x6F, 0x57, 0x28, 0xD9, 0x67, 0x2A, 0x48, 0xEF, 0x1F, 0x85, 0xF5, 0xB6,
    0xCC, 0x9E, 0xF3, 0x6A, 0x44, 0x77, 0xA2, 0x99, 0x8B, 0x16, 0x23, 0xB2, 0x2F, 0xE6, 0xA8, 0xAA,
    0x01, 0x20, 0x87, 0xAA, 0x6C, 0xC3, 0x20, 0x86, 0x0C, 0x6B, 0x6D, 0x03, 0xC0, 0xF4, 0x48, 0xC6,
    0x0F, 0x79, 0x37, 0x8B, 0x60, 0x47, 0x8B, 0x17, 0x76, 0xBF, 0xDC, 0x7D, 0xD3, 0x0B, 0x8C, 0x61,
    0x7B, 0x74, 0x3B, 0xD9, 0xE1, 0xDB, 0x7E, 0xFB, 0x1B, 0xA0, 0xB6, 0x09, 0xF3, 0x52, 0xEA, 0x83,
    0x39, 0xD9, 0x2D, 0x8C, 0x99, 0x15, 0x8B, 0x29, 0xB9, 0x15, 0x2C, 0x6F, 0x9E, 0x0B, 0xCA, 0x8D,
    0x6F, 0x04, 0xD5, 0x06, 0x82, 0xB3, 0xE4, 0x3C, 0x79, 0x23, 0x79, 0x36, 0x89, 0x20, 0x25, 0xBB,
    0xC1, 0xFB, 0x9F, 0x31, 0x9E, 0x59, 0x1D, 0xCF, 0xF1, 0x1E, 0x53, 0x50, 0xAF, 0x87, 0x30, 0xB9,
    0xC1, 0xAA, 0x96, 0x5E, 0x0B, 0xE9, 0x76, 0xE1, 0xB0, 0xAA, 0xA7, 0xA1, 0xDA, 0x14, 0x34, 0x62,
    0x65, 0x8D, 0xBD, 0xF4, 0x49, 0xD5, 0x6C, 0x19, 0x2A, 0xB8, 0x11, 0x82, 0x1C, 0x10, 0xAA, 0xBD,
    0x65, 0x17, 0x7B, 0x6E, 0xBD, 0xA7, 0x8C, 0x0F, 0xB7, 0x0D, 0xF1, 0xFA, 0x3B, 0xBA, 0x0F, 0x3E,
    0xE0, 0xB1, 0x11, 0xF8, 0xED, 0xDF, 0xBF, 0x6E, 0x67, 0x58, 0x22, 0xFB, 0xAC, 0xEF, 0xCC, 0x8C,
    0xEB, 0xB2, 0x8F, 0xFA, 0x25, 0x66, 0x90, 0x28, 0x6E, 0xF5, 0xDF, 0xF3, 0xE1, 0x04, 0xE4, 0xD5,
    0x1E, 0x3E, 0x00, 0x4A, 0xA4, 0x30, 0x5B, 0x85, 0xEF, 0xAC, 0xC2, 0x89, 0x55, 0xC0, 0xEF, 0x16,
    0x62, 0xFB, 0xFA, 0x13, 0xD0, 0xFB, 0x17, 0x66, 0x9E, 0x8A, 0x85, 0xF2, 0x6B, 0x40, 0x9E, 0xBA,
    0x90, 0xE2, 0x60, 0x7F, 0xAD, 0x50, 0x4E, 0x13, 0x51, 0x2C, 0xA5, 0x71, 0x9E, 0x7C, 0x8A, 0x85,
    0xB7, 0xE4, 0x42, 0xBC, 0x07, 0xB4, 0x91, 0xA6, 0x4C, 0x9F, 0x2C, 0xE1, 0xBF, 0xE2, 0x84, 0x74,
    0xD0, 0x03, 0x2B, 0x27, 0x55, 0xB3, 0xB9, 0x3D, 0x05, 0x76, 0xED, 0xD7, 0xBB, 0x62, 0xDB, 0xCA,
    0xEA, 0x93, 0x98, 0x03, 0xDC, 0x3F, 0x63, 0x0F, 0xD9, 0x54, 0x84, 0x99, 0x98, 0xB0, 0x62, 0x28,
    0x0D, 0xD7, 0xFE, 0xC2, 0x16, 0x43, 0x39, 0x48, 0x93, 0x5B, 0xE1, 0xFF, 0xD3, 0x35, 0xC6, 0xDC,
    0x66, 0xD3, 0x73, 0x40, 0x8B, 0x1A, 0xF6, 0x11, 0xAF, 0xC3, 0xD1, 0x37, 0xB8, 0xD2, 0x42, 0xD5,
    0x43, 0x7F, 0x5B, 0x63, 0x0A, 0xA3, 0xFA, 0xF1, 0xAE, 0xEF, 0xFF, 0xC8, 0xFB, 0xAD, 0xBD, 0xD1,
    0x65, 0x58, 0xB5, 0xFF, 0xBE, 0xF5, 0x64, 0x24, 0xDF, 0x5D, 0x78, 0xCB, 0x49, 0x9A, 0xC6, 0x00,
    0x4D, 0xFC, 0xE4, 0x4E, 0x19, 0x27, 0xFC, 0x6D, 0x33, 0x7A, 0xD1, 0x38, 0xDD, 0xB2, 0xC5, 0x98,
    0xAE, 0xEB, 0x45, 0xAC, 0x5A, 0x97, 0x26, 0xFA, 0xC9, 0x58, 0xB5, 0x1E, 0xEF, 0xFA, 0xFE, 0x8F,
    0xBE, 0x5F, 0x9A, 0xC2, 0xAF, 0xFB, 0x90, 0x37, 0xF6, 0x28, 0xEE, 0xF6, 0x9B, 0xF4, 0xC6, 0xDE,
    0xFB, 0xE1, 0x7C, 0x41, 0xE5, 0xBB, 0xF1, 0x8D, 0xBD, 0x32, 0x7D, 0x82, 0xAB, 0x4C, 0x0B, 0x72,
    0x25, 0x2F, 0xC8, 0x29, 0x87, 0x32, 0xBE, 0xB1, 0xC7, 0xF2, 0x1B, 0x7B, 0x2C, 0xDE, 0x42, 0xF0,
    0xEB, 0xBF, 0x0E, 0x8E, 0x3F, 0x3E, 0x91, 0x8E, 0x4F, 0xDE, 0xDE, 0x37, 0xAC, 0xBE, 0xF6, 0x9E,
    0x65, 0x97, 0xF2, 0x9D, 0x45, 0x7A, 0xE3, 0xB1, 0xE1, 0xE3, 0x4B, 0x13, 0xC4, 0xB4, 0x60, 0xA8,
    0xE2, 0xFD, 0x3E, 0xAD, 0x3E, 0x49, 0xF5, 0x1C, 0x42, 0x7B, 0x23, 0xDE, 0x70, 0x23, 0x92, 0xE9,
    0x5D, 0xC2, 0xA3, 0x3E, 0xFA, 0x7E, 0x5F, 0xB9, 0xFF, 0xD1, 0x02, 0xB3, 0x02, 0xA6, 0x75, 0xB3,
    0x31, 0x9A, 0xDB, 0xA8, 0x58, 0x39, 0x44, 0xCB, 0x34, 0xE1, 0xBA, 0xE6, 0x9D, 0x58, 0xFF, 0x6B,
    0x94, 0xA3, 0x9F, 0x80, 0x5E, 0xA9, 0xF9, 0x21, 0x1A, 0x3A, 0xB7, 0x82, 0xDD, 0xF1, 0xF6, 0x68,
    0x6A, 0x27, 0x6C, 0x69, 0x40, 0xEF, 0xC6, 0xCF, 0x07, 0xD1, 0x27, 0x56, 0x0C, 0x92, 0x07, 0xD4,
    0xF0, 0xC4, 0x82, 0xBA, 0xE8, 0xED, 0xCA, 0x14, 0x23, 0x50, 0xDE, 0x2E, 0xDB, 0x72, 0x02, 0xE4,
    0x65, 0x01, 0xE9, 0x00, 0x55, 0xF9, 0xCC, 0x75, 0xBE, 0x57, 0x69, 0xC0, 0x79, 0x67, 0xAA, 0xC6,
    0xCB, 0xDE, 0x9B, 0xD2, 0xE0, 0x19, 0xAF, 0x2B, 0x87, 0x78, 0x9C, 0x62, 0x62, 0xE5, 0x80, 0x05,
    0xAB, 0x5B, 0x34, 0x2D, 0xAA, 0x8C, 0x00, 0x65, 0x51, 0x15, 0x13, 0x50, 0x3A, 0x54, 0x61, 0x7C,
    0xB0, 0x0F, 0x2A, 0xAC, 0xC6, 0x68, 0x6E, 0xD7, 0x15, 0x43, 0xB2, 0x8F, 0x96, 0xFE, 0x7C, 0xDF,
    0xE0, 0x8F, 0x26, 0xA7, 0x85, 0xAE, 0x2A, 0xA9, 0x31, 0x85, 0xED, 0x3B, 0x41, 0x5D, 0xBB, 0xE8,
    0xBB, 0x63, 0xB0, 0xB3, 0x6F, 0x04, 0x69, 0x42, 0x74, 0x3B, 0x98, 0x93, 0x0A, 0x8A, 0x83, 0x3F,
    0x08, 0x2F, 0x98, 0xF2, 0x20, 0x0B, 0xCA, 0x2B, 0x08, 0x0B, 0xAC, 0x4A, 0x21, 0x6C, 0x9F, 0x25,
    0xE7, 0xC9, 0x97, 0x93, 0x67, 0x93, 0xF8, 0x5D, 0x3D, 0xD2, 0x4A, 0x03, 0x6C, 0x3C, 0x34, 0x9C,
    0xD9, 0xDC, 0xDB, 0xDC, 0xE4, 0x10, 0x47, 0xD4, 0x93, 0x97, 0x3F, 0x8E, 0xA1, 0x22, 0x0A, 0xFB,
    0x1C, 0x06, 0x48, 0x93, 0x02, 0xAF, 0xD1, 0xF9, 0xE9, 0x25, 0xA0, 0xFA, 0x14, 0xB4, 0x5D, 0x05,
    0x97, 0x42, 0xB7, 0x48, 0xE1, 0xCE, 0xED, 0x18, 0x32, 0x5E, 0xA9, 0xE3, 0x20, 0x7E, 0xF1, 0x9E,
    0x0C, 0xA1, 0x78, 0xDF, 0xC4, 0x20, 0x7F, 0x6A, 0x64, 0xB8, 0xB9, 0x55, 0x99, 0x82, 0x2E, 0xFD,
    0x4A, 0xD1, 0xDE, 0x8F, 0x46, 0xF8, 0xF5, 0x3A, 0x80, 0xF7, 0x39, 0x15, 0x02, 0xEC, 0x91, 0xB3,
    0x90, 0xAB, 0x50, 0xDD, 0x17, 0xF4, 0xCF, 0xBA, 0x14, 0x68, 0x19, 0x43, 0x49, 0xD3, 0x91, 0x6E,
    0x63, 0x3D, 0x84, 0xB5, 0xBF, 0xF5, 0xF0, 0x61, 0xB3, 0x19, 0x83, 0x99, 0x61, 0x0E, 0x5E, 0xAF,
    0x0C, 0x41, 0x11, 0xED, 0xAF, 0x85, 0xC3, 0x7D, 0x50, 0xF5, 0x29, 0x28, 0x9B, 0x82, 0x76, 0xAB,
    0xB0, 0x4C, 0xA1, 0x3B, 0x48, 0x81, 0xF6, 0xF7, 0xC3, 0x8F, 0xC8, 0xE8, 0xBD, 0x83, 0xF0, 0x43,
    0xC5, 0xC1, 0xAD, 0xFD, 0x18, 0x6E, 0xBF, 0x23, 0x4D, 0x58, 0x7B, 0xDC, 0x37, 0x31, 0xC8, 0x6B,
    0x21, 0x00, 0x5A, 0xA6, 0x30, 0x5B, 0x85, 0xA7, 0x63, 0xF8, 0x06, 0x10, 0x83, 0x3A, 0x12, 0x34,
    0x87, 0xB2, 0x07, 0xF6, 0x38, 0x14, 0xAB, 0x13, 0xCC, 0x63, 0xB7, 0x52, 0xB6, 0x3C, 0xE1, 0xC0,
    0x61, 0xD3, 0x77, 0x15, 0x44, 0xC3, 0x9A, 0x9F, 0x5F, 0x8A, 0x0E, 0xE2, 0x50, 0x5F, 0x80, 0x8B,
    0xDE, 0xDB, 0xD0, 0xB2, 0x30, 0x51, 0xC9, 0x42, 0x43, 0xB5, 0x6C, 0x83, 0x26, 0x4C, 0x04, 0xBA,
    0x57, 0x17, 0xC8, 0xBC, 0xF4, 0xC1, 0x08, 0xC0, 0x47, 0x6B, 0xD8, 0x9C, 0x26, 0x06, 0x82, 0xB6,
    0xC9, 0xB7, 0xB6, 0xEC, 0x36, 0x82, 0xB2, 0x79, 0xD2, 0xDF, 0xA0, 0x0D, 0x2A, 0x0D, 0x0D, 0xEC,
    0x60, 0xA6, 0x51, 0xD5, 0x70, 0x98, 0xEB, 0xB8, 0x70, 0x38, 0x69, 0x14, 0xB6, 0xB4, 0x78, 0x51,
    0x23, 0x77, 0xCA, 0xE0, 0xB4, 0x06, 0xBA, 0x0E, 0x80, 0x57, 0xBB, 0xA8, 0x9A, 0x82, 0x39, 0x51,
    0xCB, 0xAA, 0x45, 0xF3, 0x85, 0xF7, 0x9B, 0x34, 0x14, 0x7C, 0xAB, 0xA9, 0x25, 0xD0, 0x4D, 0xD0,
    0x61, 0xC6, 0xFB, 0xC0, 0xFE, 0xE4, 0xDF, 0x3C, 0x17, 0xDD, 0x9E, 0x45, 0x5D, 0x72, 0x8A, 0xE6,
    0x36, 0x2A, 0x86, 0x68, 0x69, 0xBC, 0x7C, 0xFE, 0x49, 0xCD, 0xFA, 0xEB, 0xD3, 0xB0, 0xD0, 0xA0,
    0x60, 0x27, 0xC8, 0x68, 0x5F, 0x8F, 0x74, 0xA5, 0x97, 0xAF, 0xC7, 0x85, 0x7D, 0x36, 0xA3, 0x5B,
    0xE1, 0x71, 0x39, 0xD9, 0xA0, 0xA0, 0x31, 0x58, 0x1C, 0x6C, 0x05, 0xE5, 0x95, 0x59, 0x54, 0x3D,
    0x11, 0x9C, 0x29, 0x04, 0xB7, 0x92, 0x2E, 0xF9, 0x56, 0xF4, 0x99, 0xD3, 0xD1, 0x0D, 0xAC, 0x7B,
    0x2E, 0xB9, 0x15, 0xD4, 0x9B, 0x2E, 0xA8, 0x68, 0x0A, 0x96, 0x34, 0xE0, 0xFE, 0x19, 0x8A, 0x3C,
    0x74, 0x96, 0x6C, 0xFA, 0xA8, 0x9C, 0xA2, 0x39, 0x45, 0xA1, 0xFB, 0xF8, 0xC9, 0x33, 0x69, 0xA1,
    0x89, 0x80, 0xDC, 0x04, 0x65, 0x0D, 0x40, 0x21, 0xAA, 0xEB, 0xA4, 0xF9, 0x57, 0xB2, 0x7E, 0x16,
    0x68, 0x06, 0x25, 0x6B, 0x0D, 0x90, 0xF5, 0x2A, 0xEF, 0x5C, 0xCB, 0x9A, 0x57, 0x17, 0x66, 0x33,
    0xAF, 0xF1, 0xE3, 0xCA, 0x86, 0xAC, 0x8B, 0xBE, 0xD8, 0x7F, 0xC2, 0x2B, 0xAC, 0xBC, 0x86, 0x2D,
    0xB6, 0x92, 0x3C, 0x47, 0xCF, 0x46, 0x2D, 0x31, 0xC9, 0x1A, 0xEE, 0x66, 0x72, 0x4B, 0xE6, 0x56,
    0xD6, 0xDF, 0xBD, 0x71, 0x56, 0x0A, 0xEF, 0x06, 0x20, 0x71, 0x31, 0x19, 0xD6, 0x2E, 0x83, 0xED,
    0x56, 0xF4, 0x63, 0x17, 0xA5, 0x29, 0x58, 0xD0, 0xC0, 0x3E, 0x6C, 0x61, 0x8F, 0x67, 0x25, 0xB5,
    0x97, 0x2B, 0x24, 0x73, 0x8F, 0xF0, 0xC7, 0x19, 0x45, 0x69, 0x78, 0x62, 0xCA, 0x36, 0xB4, 0x40,
    0x85, 0xB2, 0x5D, 0xC9, 0xDB, 0x15, 0x64, 0x8B, 0x9D, 0x64, 0x07, 0x3C, 0xC7, 0x86, 0xA7, 0x90,
    0x35, 0xA8, 0x7F, 0x61, 0x6F, 0xF7, 0x7A, 0x9D, 0xC7, 0x09, 0x7C, 0x2D, 0x96, 0x13, 0x8B, 0x62,
    0xB9, 0x85, 0x73, 0x90, 0x90, 0x7B, 0x7E, 0x22, 0xCF, 0xCE, 0x4E, 0x63, 0x8E, 0x0A, 0x6A, 0x86,
    0xE0, 0x86, 0x77, 0x82, 0x82, 0x4B, 0xDE, 0xF0, 0x8E, 0x78, 0x0E, 0x67, 0xBD, 0x16, 0x33, 0xE0,
    0xD0, 0x2C, 0x99, 0x5B, 0x6C, 0x78, 0x65, 0x18, 0xAF, 0x0E, 0x3D, 0x19, 0x26, 0xD6, 0x47, 0x66,
    0x1F, 0x27, 0x1F, 0xB8, 0x70, 0xD1, 0x27, 0x6D, 0x5C, 0xB8, 0x68, 0x4C, 0xDC, 0xDE, 0x81, 0x3D,
    0x9D, 0x3B, 0xF8, 0x71, 0x16, 0x1B, 0xA5, 0xE5, 0x8B, 0x54, 0x77, 0x9D, 0x09, 0xCA, 0x25, 0x00,
    0x0D, 0xE4, 0x6C, 0xC3, 0xB9, 0x07, 0x3A, 0x13, 0xA7, 0x74, 0x34, 0x34, 0x61, 0xC5, 0x94, 0x2C,
    0xEB, 0x72, 0x9A, 0x7F, 0xDB, 0x8F, 0xA3, 0x8E, 0x17, 0x2E, 0xE0, 0xB2, 0xB1, 0x38, 0xA8, 0xBC,
    0xC2, 0xCA, 0x2B, 0x92, 0xED, 0x2B, 0x75, 0xC2, 0x2B, 0xCD, 0x4C, 0x81, 0xAD, 0xB7, 0x83, 0x15,
    0x5C, 0x10, 0x78, 0x3B, 0xF9, 0x4C, 0x12, 0x0F, 0x37, 0xFB, 0x51, 0x92, 0xA6, 0x20, 0x68, 0x78,
    0xC8, 0x42, 0x4E, 0xD6, 0xD5, 0xEC, 0x63, 0x1D, 0x19, 0xEF, 0x15, 0xA2, 0x2F, 0xE0, 0xE5, 0x7F,
    0x72, 0xF6, 0xDF, 0x5E, 0x9C, 0x10, 0xAE, 0x03, 0xBC, 0x1D, 0xD1, 0x9A, 0xD0, 0x48, 0x86, 0xFB,
    0x68, 0x40, 0x63, 0xA2, 0xDD, 0xC0, 0xBF, 0xC1, 0xF1, 0x1A, 0xC8, 0x86, 0xED, 0x19, 0xB9, 0x60,
    0x4E, 0xB3, 0x54, 0x6F, 0x3C, 0x17, 0x2C, 0x0E, 0x9E, 0x08, 0xCA, 0x2B, 0x79, 0xFC, 0x6D, 0x5A,
    0x15, 0x9D, 0xA9, 0x8C, 0xEB, 0x8F, 0x37, 0xB7, 0x56, 0x75, 0xC7, 0xD7, 0xAF, 0x37, 0x1E, 0xFF,
    0xF9, 0x18, 0x94, 0x64, 0x83, 0x05, 0xB5, 0x78, 0x60, 0xFD, 0x09, 0xD4, 0xC1, 0x0D, 0x31, 0x04,
    0xB7, 0x85, 0x0D, 0xCE, 0xF3, 0xA8, 0xCB, 0xA6, 0xE0, 0x04, 0xC7, 0xE6, 0x23, 0xE6, 0x7C, 0xB2,
    0xE7, 0x2D, 0x66, 0xEC, 0x0F, 0x06, 0x68, 0xF8, 0xFA, 0x53, 0x1A, 0x54, 0x2D, 0x34, 0xFF, 0xE5,
    0x63, 0xD3, 0xEA, 0x7C, 0x28, 0x2C, 0xBA, 0xBE, 0x0B, 0x85, 0x21, 0x59, 0x27, 0x2C, 0x46, 0x90,
    0x7B, 0xA9, 0xEC, 0xF1, 0x46, 0x4E, 0xDB, 0xBC, 0x17, 0xC4, 0x41, 0xFC, 0x40, 0x7B, 0xE1, 0xCB,
    0x0D, 0x55, 0x73, 0xDD, 0x29, 0xA1, 0x01, 0x54, 0x15, 0x30, 0xE3, 0xF2, 0xDC, 0x3B, 0xCF, 0x46,
    0xCC, 0xBD, 0x8E, 0xFF, 0x0B, 0x3F, 0x7F, 0x1B, 0x2F, 0x86, 0xBA, 0x58, 0xE3, 0x74, 0x85, 0x62,
    0x80, 0xAA, 0xE3, 0x07, 0xA9, 0x2E, 0x1B, 0xAF, 0xFA, 0x47, 0x22, 0x96, 0xEF, 0xBF, 0xC1, 0xAB,
    0xE9, 0x9F, 0xCF, 0x5B, 0xEF, 0xAC, 0x46, 0xCE, 0x7E, 0xC5, 0xC2, 0x5E, 0x56, 0x07, 0xB3, 0xCE,
    0x78, 0xB3, 0xFF, 0x4A, 0x34, 0x78, 0x75, 0xBA, 0x1F, 0xF4, 0xF2, 0x4D, 0x04, 0x81, 0x70, 0x3F,
    0xB0, 0xBC, 0x71, 0x4D, 0x68, 0x24, 0x6B, 0x1D, 0x5E, 0x5F, 0x8D, 0x61, 0x0D, 0xBA, 0x41, 0xDF,
    0xDC, 0xF4, 0xC7, 0x47, 0xA3, 0xDE, 0x08, 0x53, 0xF0, 0xAD, 0x19, 0x9F, 0xB9, 0x7F, 0x5D, 0xCC,
    0x2A, 0x28, 0x88, 0x83, 0x3F, 0x9C, 0x71, 0x3F, 0x5A, 0x5E, 0x3F, 0x35, 0x93, 0x66, 0x07, 0x52,
    0x61, 0xA3, 0x30, 0x0E, 0x4A, 0x61, 0x4B, 0x7C, 0x32, 0x61, 0x43, 0x61, 0x9E, 0x7F, 0x66, 0xE1,
    0xBC, 0xA0, 0x81, 0x5F, 0x17, 0x0E, 0x5D, 0x58, 0xD8, 0x1B, 0xA1, 0x5B, 0x40, 0xE5, 0x16, 0x64,
    0xBC, 0xC2, 0x0A, 0xB2, 0xEC, 0x20, 0x3F, 0x75, 0x5E, 0x9E, 0xAE, 0x75, 0x2D, 0x94, 0x7C, 0x7F,
    0x09, 0x3D, 0x42, 0xA9, 0x0B, 0x23, 0x0A, 0x07, 0x25, 0x8B, 0x1A, 0x78, 0x0B, 0xA9, 0x51, 0x68,
    0x7D, 0x62, 0xB9, 0xEB, 0x7F, 0x21, 0xF6, 0x7A, 0xEF, 0x90, 0x5B, 0x94, 0x5F, 0xC9, 0xFA, 0xE3,
    0x16, 0x9B, 0x97, 0xBE, 0xD8, 0xBC, 0xFC, 0xF5, 0x1F, 0xB7, 0xFE, 0xF3, 0x9E, 0x67, 0x00, 0xFC,
    0xAE, 0x1C, 0xB6, 0x13, 0x48, 0x4B, 0xDE, 0xAC, 0xAA, 0xA1, 0x90, 0x2A, 0x0C, 0x76, 0x96, 0xEA,
    0xD1, 0x2D, 0x60, 0xEE, 0xD1, 0x14, 0xDE, 0xA3, 0x31, 0xDE, 0x57, 0xD8, 0xD9, 0xE6, 0xE5, 0xAB,
    0x9F, 0xFB, 0x7F, 0xB1, 0x73, 0x90, 0x3F, 0x19, 0x50, 0xB2, 0xD7, 0x4C, 0xF4, 0xF5, 0x36, 0xDA,
    0x21, 0xFA, 0x37, 0x80, 0x64, 0xFF, 0xFC, 0x9C, 0x77, 0x03, 0xB2, 0xDD, 0xF1, 0x5F, 0xFC, 0x7C,
    0xAA, 0x8E, 0x4A, 0x23, 0x5B, 0xBF, 0xAD, 0x2D, 0x6C, 0x34, 0x1F, 0xA3, 0xDC, 0xE3, 0x05, 0xB7,
    0x93, 0x7F, 0x54, 0x21, 0x88, 0x95, 0xEA, 0xAE, 0x3A, 0x95, 0x41, 0xD1, 0x19, 0x66, 0xA1, 0xEC,
    0x5B, 0xF8, 0xED, 0x40, 0x49, 0x2E, 0x58, 0xA4, 0x95, 0xDA, 0x6C, 0x33, 0x10, 0x73, 0x7F, 0xF7,
    0xD7, 0x79, 0xDE, 0x50, 0x75, 0x61, 0x32, 0x97, 0x5B, 0x69, 0x4A, 0x83, 0x26, 0xB3, 0xFC, 0xAE,
    0x2D, 0x54, 0x3B, 0x0A, 0xEB, 0x95, 0xF5, 0xE4, 0xB7, 0xB4, 0x00, 0x1C, 0xA6, 0xF8, 0x69, 0x24,
    0xB4, 0x2A, 0x2D, 0x72, 0x6A, 0xBC, 0xF0, 0xD7, 0xD0, 0x08, 0xAF, 0x78, 0x28, 0x60, 0xCE, 0x56,
    0xF5, 0xFA, 0xFF, 0x1F, 0xA2, 0x34, 0xB9, 0x4D, 0x95, 0x65, 0xD4, 0x16, 0x3D, 0x9B, 0x4D, 0xA9,
    0x90, 0x75, 0xAA, 0x0D, 0x36, 0x1A, 0x41, 0xBD, 0x88, 0xCA, 0x89, 0xCD, 0x50, 0x5A, 0x56, 0xA2,
    0x72, 0x6C, 0x53, 0x37, 0xC4, 0x2E, 0xF2, 0x85, 0xEE, 0xBD, 0x56, 0x8E, 0xBC, 0x63, 0xD7, 0x36,
    0x7D, 0x4E, 0x35, 0x16, 0x05, 0x85, 0x0A, 0xF0, 0x45, 0x35, 0x01, 0xD2, 0xA5, 0xDF, 0x51, 0x19,
    0xEF, 0xFF, 0x75, 0xA5, 0xDC, 0x44, 0x0B, 0x1B, 0xCD, 0x5D, 0x98, 0xE1, 0x59, 0x74, 0x49, 0x65,
    0xD2, 0xC7, 0x4B, 0x93, 0x79, 0xAA, 0x08, 0x80, 0x26, 0xC9, 0xDF, 0xE7, 0xF3, 0x0F, 0x76, 0x54,
    0xA4, 0x25, 0xDC, 0xE8, 0xD1, 0xB7, 0x04, 0xC2, 0x9C, 0xBF, 0x3E, 0x34, 0xD6, 0x16, 0x2B, 0x1F,
    0xBE, 0xFD, 0x0F, 0x93, 0x5D, 0xDC, 0xAE, 0x5D, 0xD2, 0xC6, 0xEF, 0x77, 0x6D, 0x74, 0x01, 0x6F,
    0x55, 0xE3, 0x6D, 0x6F, 0x45, 0x00, 0xBC, 0x72, 0x81, 0xC3, 0xF6, 0xCD, 0x36, 0x0C, 0xFC, 0xD7,
    0xE9, 0x1D, 0xAE, 0x78, 0x3A, 0x5A, 0xFE, 0x30, 0xCC, 0x94, 0xAF, 0xB7, 0x25, 0x1B, 0x7F, 0x17,
    0xA5, 0xEC, 0x9F, 0x96, 0xAF, 0xF6, 0x1B, 0xA8, 0xDA, 0x99, 0xBC, 0x6A, 0x14, 0x1A, 0x48, 0x9E,
    0xD6, 0xBD, 0xEB, 0x50, 0x5E, 0xBB, 0x06, 0x71, 0xC7, 0x42, 0xEC, 0xFF, 0x0D, 0x40, 0x06, 0xB9,
    0xFC, 0x73, 0xE4, 0xDE, 0xF8, 0xD1, 0xCC, 0x89, 0x2F, 0xCE, 0x7B, 0xF4, 0x4A, 0x1C, 0xEE, 0x27,
    0xA8, 0x05, 0x94, 0x51, 0xED, 0x9F, 0xE4, 0x0E, 0xBA, 0x3F, 0x81, 0x0D, 0x9C, 0x46, 0x33, 0xC2,
    0x0B, 0xD0, 0x22, 0xDB, 0xDC, 0xD9, 0xAC, 0x33, 0xEA, 0xF8, 0x82, 0xF5, 0xE2, 0xE0, 0xDA, 0x7B,
    0x6C, 0xB9, 0x7F, 0xD5, 0xF0, 0xF6, 0xEA, 0xC2, 0x2B, 0x60, 0x1B, 0xD9, 0x06, 0x9D, 0x6C, 0x15,
    0x5F, 0xD7, 0x97, 0x92, 0xCF, 0xC8, 0xF6, 0xA4, 0x7F, 0xFC, 0x45, 0xA4, 0xED, 0x0F, 0x35, 0xB5,
    0xFF, 0x0B, 0xAD, 0xCD, 0x31, 0x11, 0x80, 0x30, 0x0C, 0x85, 0xE1, 0xB4, 0xBD, 0xA3, 0x43, 0x04,
    0x20, 0x07, 0x0B, 0x48, 0x64, 0xA8, 0x0D, 0x0E, 0x2B, 0x48, 0x78, 0x23, 0x43, 0x20, 0xBC, 0x2E,
    0xA9, 0x00, 0x58, 0xFE, 0xE5, 0x1F, 0x3E, 0x11, 0xC9, 0xA7, 0x4C, 0xAD, 0x9A, 0x2C, 0x8F, 0x9A,
    0xB8, 0x57, 0x4B, 0xBE, 0xA7, 0x2D, 0x1B, 0x57, 0x89, 0xCC, 0xF7, 0x9A, 0xDB, 0xE1, 0x56, 0xAE,
    0x11, 0x8E, 0x1F, 0xD2, 0x71, 0x74, 0x1C, 0xC4, 0x15, 0xC4, 0x15, 0xC4, 0x15, 0x25, 0x42, 0x5C,
    0x41, 0x72, 0x24, 0xEE, 0xC7, 0xBC,
};

static const EpdGlyph lexenddeca_16_regularGlyphs[] = {
    { 0, 0, 0, 0, 0, 0, 0 }, // U+0000
    { 0, 0, 0, 0, 0, 0, 0 }, // U+0001
    { 0, 0, 0, 0, 0, 0, 0 }, // U+0002
    { 0, 0, 0, 0, 0, 0, 0 }, // U+0003
    { 0, 0, 0, 0, 0, 0, 0 }, // U+0004
    { 0, 0, 0, 0, 0, 0, 0 }, // U+0005
    { 0, 0, 0, 0, 0, 0, 0 }, // U+0006
    { 0, 0, 0, 0, 0, 0, 0 }, // U+0007
    { 0, 0, 0, 0, 0, 0, 0 }, // U+0008
    { 0, 0, 0, 0, 0, 0, 0 }, // U+0009
    { 0, 0, 0, 0, 0, 0, 0 }, // U+000A
    { 0, 0, 0, 0, 0, 0, 0 }, // U+000B
    { 0, 0, 0, 0, 0, 0, 0 }, // U+000C
    { 0, 0, 0, 0, 0, 0, 0 }, // U+000D
    { 0, 0, 0, 0, 0, 0, 0 }, // U+000E
    { 0, 0, 0, 0, 0, 0, 0 }, // U+000F
    { 0, 0, 0, 0, 0, 0, 0 }, // U+0010
    { 0, 0, 0, 0, 0, 0, 0 }, // U+0011
    { 0, 0, 0, 0, 0, 0, 0 }, // U+0012
    { 0, 0, 0, 0, 0, 0, 0 }, // U+0013
    { 0, 0, 0, 0, 0, 0, 0 }, // U+0014
    { 0, 0, 0, 0, 0, 0, 0 }, // U+0015
    { 0, 0, 0, 0, 0, 0, 0 }, // U+0016
    { 0, 0, 0, 0, 0, 0, 0 }, // U+0017
    { 0, 0, 0, 0, 0, 0, 0 }, // U+0018
    { 0, 0, 0, 0, 0, 0, 0 }, // U+0019
    { 0, 0, 0, 0, 0, 0, 0 }, // U+001A
    { 0, 0, 0, 0, 0, 0, 0 }, // U+001B
    { 0, 0, 0, 0, 0, 0, 0 }, // U+001C
    { 0, 0, 0, 0, 0, 0, 0 }, // U+001D
    { 0, 0, 0, 0, 0, 0, 0 }, // U+001E
    { 0, 0, 0, 0, 0, 0, 0 }, // U+001F
    { 0, 0, 149, 0, 0, 0, 0 }, // U+0020
    { 6, 25, 126, 1, 24, 38, 0 }, // !
    { 12, 10, 220, 1, 24, 30, 38 }, // "
    { 21, 24, 362, 1, 24, 126, 68 }, // #
    { 18, 31, 333, 1, 27, 140, 194 }, // $
    { 26, 25, 447, 1, 24, 163, 334 }, // %
    { 23, 25, 394, 1, 24, 144, 497 }, // &
    { 5, 10, 109, 1, 24, 13, 641 }, // '
    { 11, 31, 195, 1, 24, 86, 654 }, // (
    { 11, 31, 195, 0, 24, 86, 740 }, // )
    { 11, 12, 206, 1, 24, 33, 826 }, // *
    { 18, 17, 315, 1, 18, 77, 859 }, // +
    { 7, 10, 142, 1, 4, 18, 936 }, // ,
    { 11, 5, 210, 1, 12, 14, 954 }, // -
    { 6, 6, 122, 1, 5, 9, 968 }, // .
    { 18, 29, 297, 0, 24, 131, 977 }, // /
    { 18, 25, 324, 1, 24, 113, 1108 }, // 0
    { 13, 24, 267, 2, 24, 78, 1221 }, // 1
    { 17, 24, 292, 1, 24, 102, 1299 }, // 2
    { 17, 25, 282, 0, 24, 107, 1401 }, // 3
    { 19, 24, 331, 1, 24, 114, 1508 }, // 4
    { 16, 25, 303, 1, 24, 100, 1622 }, // 5
    { 17, 24, 297, 1, 24, 102, 1722 }, // 6
    { 15, 24, 289, 2, 24, 90, 1824 }, // 7
    { 17, 25, 309, 1, 24, 107, 1914 }, // 8
    { 17, 24, 294, 1, 24, 102, 2021 }, // 9
    { 6, 19, 122, 1, 18, 29, 2123 }, // :
    { 7, 24, 140, 1, 18, 42, 2152 }, // ;
    { 15, 17, 279, 1, 17, 64, 2194 }, // <
    { 17, 11, 302, 1, 15, 47, 2258 }, // =
    { 14, 17, 279, 2, 17, 60, 2305 }, // >
    { 16, 25, 272, 0, 24, 100, 2365 }, // ?
    { 30, 30, 515, 1, 24, 225, 2465 }, // @
    { 23, 24, 373, 0, 24, 138, 2690 }, // A
    { 19, 24, 363, 3, 24, 114, 2828 }, // B
    { 21, 25, 362, 1, 24, 132, 2942 }, // C
    { 21, 24, 399, 3, 24, 126, 3074 }, // D
    { 15, 24, 327, 3, 24, 90, 3200 }, // E
    { 16, 24, 321, 3, 24, 96, 3290 }, // F
    { 24, 25, 408, 1, 24, 150, 3386 }, // G
    { 20, 24, 406, 3, 24, 120, 3536 }, // H
    { 12, 24, 255, 2, 24, 72, 3656 }, // I
    { 19, 25, 342, 1, 24, 119, 3728 }, // J
    { 21, 24, 390, 3, 24, 126, 3847 }, // K
    { 15, 24, 319, 3, 24, 90, 3973 }, // L
    { 23, 24, 461, 3, 24, 138, 4063 }, // M
    { 21, 24, 423, 3, 24, 126, 4201 }, // N
    { 24, 25, 417, 1, 24, 150, 4327 }, // O
    { 17, 24, 338, 3, 24, 102, 4477 }, // P
    { 24, 28, 417, 1, 24, 168, 4579 }, // Q
    { 19, 25, 371, 3, 24, 119, 4747 }, // R
    { 18, 25, 333, 1, 24, 113, 4866 }, // S
    { 18, 24, 307, 1, 24, 108, 4979 }, // T
    { 20, 25, 395, 2, 24, 125, 5087 }, // U
    { 24, 24, 381, 0, 24, 144, 5212 }, // V
    { 33, 24, 531, 0, 24, 198, 5356 }, // W
    { 23, 24, 365, 0, 24, 138, 5554 }, // X
    { 22, 24, 352, 0, 24, 132, 5692 }, // Y
    { 19, 24, 351, 2, 24, 114, 5824 }, // Z
    { 10, 31, 215, 2, 24, 78, 5938 }, // [
    { 18, 28, 297, 1, 24, 126, 6016 }, // <backslash>
    { 9, 31, 215, 2, 24, 70, 6142 }, // ]
    { 19, 13, 309, 0, 25, 62, 6212 }, // ^
    { 21, 4, 368, 1, -2, 21, 6274 }, // _
    { 8, 7, 267, 4, 27, 14, 6295 }, // `
    { 18, 19, 338, 1, 18, 86, 6309 }, // a
    { 18, 26, 336, 2, 25, 117, 6395 }, // b
    { 16, 19, 285, 1, 18, 76, 6512 }, // c
    { 18, 26, 338, 1, 25, 117, 6588 }, // d
    { 18, 19, 312, 1, 18, 86, 6705 }, // e
    { 12, 25, 210, 1, 25, 75, 6791 }, // f
    { 19, 26, 346, 1, 18, 124, 6866 }, // g
    { 16, 25, 317, 2, 25, 100, 6990 }, // h
    { 5, 26, 148, 2, 26, 33, 7090 }, // i
    { 8, 33, 141, -1, 26, 66, 7123 }, // j
    { 17, 25, 303, 2, 25, 107, 7189 }, // k
    { 4, 25, 134, 2, 25, 25, 7296 }, // l
    { 27, 18, 491, 2, 18, 122, 7321 }, // m
    { 16, 18, 317, 2, 18, 72, 7443 }, // n
    { 19, 19, 328, 1, 18, 91, 7515 }, // o
    { 18, 26, 336, 2, 18, 117, 7606 }, // p
    { 18, 26, 336, 1, 18, 117, 7723 }, // q
    { 12, 18, 215, 2, 18, 54, 7840 }, // r
    { 14, 19, 255, 1, 18, 67, 7894 }, // s
    { 13, 22, 205, 0, 22, 72, 7961 }, // t
    { 16, 19, 323, 2, 18, 76, 8033 }, // u
    { 19, 18, 306, 0, 18, 86, 8109 }, // v
    { 26, 18, 427, 0, 18, 117, 8195 }, // w
    { 19, 18, 300, 0, 18, 86, 8312 }, // x
    { 20, 26, 310, 0, 18, 130, 8398 }, // y
    { 14, 18, 258, 1, 18, 63, 8528 }, // z
    { 12, 31, 219, 1, 24, 93, 8591 }, // {
    { 4, 32, 123, 2, 25, 32, 8684 }, // |
    { 13, 31, 219, 0, 24, 101, 8716 }, // }
    { 15, 6, 272, 1, 13, 23, 8817 }, // ~
    { 0, 0, 0, 0, 0, 0, 8840 }, // U+007F
    { 0, 0, 0, 0, 0, 0, 0 }, // U+0080
    { 0, 0, 0, 0, 0, 0, 0 }, // U+0081
    { 0, 0, 0, 0, 0, 0, 0 }, // U+0082
    { 0, 0, 0, 0, 0, 0, 0 }, // U+0083
    { 0, 0, 0, 0, 0, 0, 0 }, // U+0084
    { 0, 0, 0, 0, 0, 0, 0 }, // U+0085
    { 0, 0, 0, 0, 0, 0, 0 }, // U+0086
    { 0, 0, 0, 0, 0, 0, 0 }, // U+0087
    { 0, 0, 0, 0, 0, 0, 0 }, // U+0088
    { 0, 0, 0, 0, 0, 0, 0 }, // U+0089
    { 0, 0, 0, 0, 0, 0, 0 }, // U+008A
    { 0, 0, 0, 0, 0, 0, 0 }, // U+008B
    { 0, 0, 0, 0, 0, 0, 0 }, // U+008C
    { 0, 0, 0, 0, 0, 0, 0 }, // U+008D
    { 0, 0, 0, 0, 0, 0, 0 }, // U+008E
    { 0, 0, 0, 0, 0, 0, 0 }, // U+008F
    { 0, 0, 0, 0, 0, 0, 0 }, // U+0090
    { 0, 0, 0, 0, 0, 0, 0 }, // U+0091
    { 0, 0, 0, 0, 0, 0, 0 }, // U+0092
    { 0, 0, 0, 0, 0, 0, 0 }, // U+0093
    { 0, 0, 0, 0, 0, 0, 0 }, // U+0094
    { 0, 0, 0, 0, 0, 0, 0 }, // U+0095
    { 0, 0, 0, 0, 0, 0, 0 }, // U+0096
    { 0, 0, 0, 0, 0, 0, 0 }, // U+0097
    { 0, 0, 0, 0, 0, 0, 0 }, // U+0098
    { 0, 0, 0, 0, 0, 0, 0 }, // U+0099
    { 0, 0, 0, 0, 0, 0, 0 }, // U+009A
    { 0, 0, 0, 0, 0, 0, 0 }, // U+009B
    { 0, 0, 0, 0, 0, 0, 0 }, // U+009C
    { 0, 0, 0, 0, 0, 0, 0 }, // U+009D
    { 0, 0, 0, 0, 0, 0, 0 }, // U+009E
    { 0, 0, 0, 0, 0, 0, 0 }, // U+009F
    { 0, 0, 149, 0, 0, 0, 0 }, // U+00A0
    { 6, 25, 126, 1, 19, 38, 0 }, // U+00A1
    { 16, 24, 285, 1, 24, 96, 38 }, // U+00A2
    { 19, 25, 325, 1, 24, 119, 134 }, // U+00A3
    { 16, 16, 293, 1, 18, 64, 253 }, // U+00A4
    { 22, 24, 352, 0, 24, 132, 317 }, // U+00A5
    { 4, 32, 127, 2, 25, 32, 449 }, // U+00A6
    { 17, 29, 293, 1, 24, 124, 481 }, // U+00A7
    { 12, 5, 267, 2, 26, 15, 605 }, // U+00A8
    { 24, 25, 419, 1, 24, 150, 620 }, // U+00A9
    { 12, 12, 195, 0, 25, 36, 770 }, // U+00AA
    { 15, 15, 259, 0, 16, 57, 806 }, // U+00AB
    { 20, 11, 357, 1, 14, 55, 863 }, // U+00AC
    { 0, 0, 0, 0, 0, 0, 918 }, // U+00AD
    { 17, 16, 270, 0, 24, 68, 918 }, // U+00AE
    { 11, 3, 226, 3, 24, 9, 986 }, // U+00AF
    { 12, 11, 284, 3, 24, 33, 995 }, // U+00B0
    { 17, 19, 310, 1, 18, 81, 1028 }, // U+00B1
    { 9, 13, 185, 1, 27, 30, 1109 }, // U+00B2
    { 9, 13, 182, 1, 26, 30, 1139 }, // U+00B3
    { 8, 7, 267, 4, 27, 14, 1169 }, // U+00B4
    { 16, 24, 312, 2, 18, 96, 1183 }, // U+00B5
    { 20, 24, 380, 1, 24, 120, 1279 }, // U+00B6
    { 6, 6, 122, 1, 14, 9, 1399 }, // U+00B7
    { 7, 10, 267, 5, 1, 18, 1408 }, // U+00B8
    { 6, 13, 150, 1, 26, 20, 1426 }, // U+00B9
    { 12, 11, 189, 0, 24, 33, 1446 }, // U+00BA
    { 15, 15, 262, 1, 16, 57, 1479 }, // U+00BB
    { 25, 25, 423, 1, 24, 157, 1536 }, // U+00BC
    { 25, 24, 419, 1, 24, 150, 1693 }, // U+00BD
    { 25, 25, 422, 0, 24, 157, 1843 }, // U+00BE
    { 16, 25, 272, 0, 19, 100, 2000 }, // U+00BF
    { 23, 31, 373, 0, 31, 179, 2100 }, // U+00C0
    { 23, 31, 373, 0, 31, 179, 2279 }, // U+00C1
    { 23, 30, 373, 0, 30, 173, 2458 }, // U+00C2
    { 23, 30, 373, 0, 30, 173, 2631 }, // U+00C3
    { 23, 30, 373, 0, 30, 173, 2804 }, // U+00C4
    { 23, 30, 373, 0, 30, 173, 2977 }, // U+00C5
    { 30, 24, 517, 0, 24, 180, 3150 }, // U+00C6
    { 21, 33, 362, 1, 24, 174, 3330 }, // U+00C7
    { 15, 31, 327, 3, 31, 117, 3504 }, // U+00C8
    { 15, 31, 327, 3, 31, 117, 3621 }, // U+00C9
    { 15, 30, 327, 3, 30, 113, 3738 }, // U+00CA
    { 15, 30, 327, 3, 30, 113, 3851 }, // U+00CB
    { 12, 31, 255, 2, 31, 93, 3964 }, // U+00CC
    { 12, 31, 255, 2, 31, 93, 4057 }, // U+00CD
    { 12, 30, 255, 2, 30, 90, 4150 }, // U+00CE
    { 12, 30, 255, 2, 30, 90, 4240 }, // U+00CF
    { 23, 24, 399, 1, 24, 138, 4330 }, // U+00D0
    { 21, 30, 423, 3, 30, 158, 4468 }, // U+00D1
    { 24, 32, 417, 1, 31, 192, 4626 }, // U+00D2
    { 24, 32, 417, 1, 31, 192, 4818 }, // U+00D3
    { 24, 31, 417, 1, 30, 186, 5010 }, // U+00D4
    { 24, 31, 417, 1, 30, 186, 5196 }, // U+00D5
    { 24, 31, 417, 1, 30, 186, 5382 }, // U+00D6
    { 14, 15, 258, 1, 17, 53, 5568 }, // U+00D7
    { 24, 27, 411, 1, 25, 162, 5621 }, // U+00D8
    { 20, 32, 395, 2, 31, 160, 5783 }, // U+00D9
    { 20, 32, 395, 2, 31, 160, 5943 }, // U+00DA
    { 20, 31, 395, 2, 30, 155, 6103 }, // U+00DB
    { 20, 31, 395, 2, 30, 155, 6258 }, // U+00DC
    { 22, 31, 352, 0, 31, 171, 6413 }, // U+00DD
    { 17, 24, 338, 3, 24, 102, 6584 }, // U+00DE
    { 20, 26, 354, 1, 25, 130, 6686 }, // U+00DF
    { 18, 28, 338, 1, 27, 126, 6816 }, // U+00E0
    { 18, 28, 338, 1, 27, 126, 6942 }, // U+00E1
    { 18, 27, 338, 1, 26, 122, 7068 }, // U+00E2
    { 18, 26, 338, 1, 25, 117, 7190 }, // U+00E3
    { 18, 27, 338, 1, 26, 122, 7307 }, // U+00E4
    { 18, 29, 338, 1, 28, 131, 7429 }, // U+00E5
    { 28, 19, 479, 1, 18, 133, 7560 }, // U+00E6
    { 16, 27, 285, 1, 18, 108, 7693 }, // U+00E7
    { 18, 28, 312, 1, 27, 126, 7801 }, // U+00E8
    { 18, 28, 312, 1, 27, 126, 7927 }, // U+00E9
    { 18, 27, 312, 1, 26, 122, 8053 }, // U+00EA
    { 18, 27, 312, 1, 26, 122, 8175 }, // U+00EB
    { 8, 27, 130, -1, 27, 54, 8297 }, // U+00EC
    { 8, 27, 130, 0, 27, 54, 8351 }, // U+00ED
    { 12, 26, 130, -2, 26, 78, 8405 }, // U+00EE
    { 12, 26, 130, -2, 26, 78, 8483 }, // U+00EF
    { 17, 26, 306, 1, 25, 111, 8561 }, // U+00F0
    { 16, 25, 317, 2, 25, 100, 8672 }, // U+00F1
    { 19, 28, 328, 1, 27, 133, 8772 }, // U+00F2
    { 19, 28, 328, 1, 27, 133, 8905 }, // U+00F3
    { 19, 27, 328, 1, 26, 129, 9038 }, // U+00F4
    { 19, 26, 328, 1, 25, 124, 9167 }, // U+00F5
    { 19, 27, 328, 1, 26, 129, 9291 }, // U+00F6
    { 18, 17, 318, 1, 17, 77, 9420 }, // U+00F7
    { 19, 21, 328, 1, 19, 100, 9497 }, // U+00F8
    { 16, 28, 323, 2, 27, 112, 9597 }, // U+00F9
    { 16, 28, 323, 2, 27, 112, 9709 }, // U+00FA
    { 16, 27, 323, 2, 26, 108, 9821 }, // U+00FB
    { 16, 27, 323, 2, 26, 108, 9929 }, // U+00FC
    { 20, 35, 310, 0, 27, 175, 10037 }, // U+00FD
    { 18, 33, 336, 2, 25, 149, 10212 }, // U+00FE
    { 20, 34, 310, 0, 26, 170, 10361 }, // U+00FF
    { 23, 29, 373, 0, 29, 167, 0 }, // U+0100
    { 18, 25, 338, 1, 24, 113, 167 }, // U+0101
    { 23, 30, 373, 0, 30, 173, 280 }, // U+0102
    { 18, 27, 338, 1, 26, 122, 453 }, // U+0103
    { 24, 31, 373, 0, 24, 186, 575 }, // U+0104
    { 19, 25, 338, 1, 18, 119, 761 }, // U+0105
    { 21, 32, 362, 1, 31, 168, 880 }, // U+0106
    { 16, 28, 285, 1, 27, 112, 1048 }, // U+0107
    { 21, 31, 362, 1, 30, 163, 1160 }, // U+0108
    { 16, 27, 285, 1, 26, 108, 1323 }, // U+0109
    { 21, 31, 362, 1, 30, 163, 1431 }, // U+010A
    { 16, 27, 285, 1, 26, 108, 1594 }, // U+010B
    { 21, 31, 362, 1, 30, 163, 1702 }, // U+010C
    { 16, 27, 285, 1, 26, 108, 1865 }, // U+010D
    { 21, 30, 399, 3, 30, 158, 1973 }, // U+010E
    { 25, 26, 348, 1, 25, 163, 2131 }, // U+010F
    { 23, 24, 399, 1, 24, 138, 2294 }, // U+0110
    { 21, 26, 338, 1, 25, 137, 2432 }, // U+0111
    { 15, 29, 327, 3, 29, 109, 2569 }, // U+0112
    { 18, 25, 312, 1, 24, 113, 2678 }, // U+0113
    { 15, 30, 327, 3, 30, 113, 2791 }, // U+0114
    { 18, 27, 312, 1, 26, 122, 2904 }, // U+0115
    { 15, 30, 327, 3, 30, 113, 3026 }, // U+0116
    { 18, 27, 312, 1, 26, 122, 3139 }, // U+0117
    { 15, 31, 327, 3, 24, 117, 3261 }, // U+0118
    { 18, 25, 312, 1, 18, 113, 3378 }, // U+0119
    { 15, 30, 327, 3, 30, 113, 3491 }, // U+011A
    { 18, 27, 312, 1, 26, 122, 3604 }, // U+011B
    { 24, 31, 408, 1, 30, 186, 3726 }, // U+011C
    { 19, 34, 346, 1, 26, 162, 3912 }, // U+011D
    { 24, 31, 408, 1, 30, 186, 4074 }, // U+011E
    { 19, 34, 346, 1, 26, 162, 4260 }, // U+011F
    { 24, 31, 408, 1, 30, 186, 4422 }, // U+0120
    { 19, 34, 346, 1, 26, 162, 4608 }, // U+0121
    { 24, 33, 408, 1, 24, 198, 4770 }, // U+0122
    { 19, 35, 346, 1, 27, 167, 4968 }, // U+0123
    { 20, 30, 406, 3, 30, 150, 5135 }, // U+0124
    { 16, 31, 317, 2, 31, 124, 5285 }, // U+0125
    { 26, 24, 457, 1, 24, 156, 5409 }, // U+0126
    { 18, 25, 317, 0, 25, 113, 5565 }, // U+0127
    { 12, 30, 255, 2, 30, 90, 5678 }, // U+0128
    { 12, 25, 130, -2, 25, 75, 5768 }, // U+0129
    { 12, 29, 255, 2, 29, 87, 5843 }, // U+012A
    { 10, 24, 130, -1, 24, 60, 5930 }, // U+012B
    { 12, 30, 255, 2, 30, 90, 5990 }, // U+012C
    { 12, 26, 130, -2, 26, 78, 6080 }, // U+012D
    { 12, 31, 255, 2, 24, 93, 6158 }, // U+012E
    { 8, 33, 130, -1, 26, 66, 6251 }, // U+012F
    { 12, 30, 255, 2, 30, 90, 6317 }, // U+0130
    { 4, 18, 130, 2, 18, 18, 6407 }, // U+0131
    { 34, 25, 597, 2, 24, 213, 6425 }, // U+0132
    { 15, 33, 290, 2, 26, 124, 6638 }, // U+0133
    { 19, 31, 342, 1, 30, 148, 6762 }, // U+0134
    { 12, 33, 140, -2, 26, 99, 6910 }, // U+0135
    { 21, 33, 390, 3, 24, 174, 7009 }, // U+0136
    { 17, 34, 303, 2, 25, 145, 7183 }, // U+0137
    { 16, 19, 295, 2, 18, 76, 7328 }, // U+0138
    { 17, 31, 319, 1, 31, 132, 7404 }, // U+0139
    { 8, 32, 134, 1, 32, 64, 7536 }, // U+013A
    { 15, 33, 319, 3, 24, 124, 7600 }, // U+013B
    { 6, 34, 134, 1, 25, 51, 7724 }, // U+013C
    { 15, 24, 319, 3, 24, 90, 7775 }, // U+013D
    { 11, 25, 145, 2, 25, 69, 7865 }, // U+013E
    { 15, 24, 319, 3, 24, 90, 7934 }, // U+013F
    { 11, 25, 187, 2, 25, 69, 8024 }, // U+0140
    { 19, 24, 340, 1, 24, 114, 8093 }, // U+0141
    { 10, 25, 135, -1, 25, 63, 8207 }, // U+0142
    { 21, 31, 423, 3, 31, 163, 8270 }, // U+0143
    { 16, 27, 317, 2, 27, 108, 8433 }, // U+0144
    { 21, 33, 423, 3, 24, 174, 8541 }, // U+0145
    { 16, 27, 317, 2, 18, 108, 8715 }, // U+0146
    { 21, 30, 423, 3, 30, 158, 8823 }, // U+0147
    { 16, 26, 317, 2, 26, 104, 8981 }, // U+0148
    { 21, 24, 339, -2, 24, 126, 9085 }, // U+0149
    { 21, 31, 423, 3, 24, 163, 9211 }, // U+014A
    { 16, 25, 317, 2, 18, 100, 9374 }, // U+014B
    { 24, 30, 417, 1, 29, 180, 9474 }, // U+014C
    { 19, 25, 328, 1, 24, 119, 9654 }, // U+014D
    { 24, 31, 417, 1, 30, 186, 9773 }, // U+014E
    { 19, 27, 328, 1, 26, 129, 9959 }, // U+014F
    { 24, 33, 417, 1, 32, 198, 10088 }, // U+0150
    { 19, 28, 328, 1, 27, 133, 10286 }, // U+0151
    { 31, 24, 548, 1, 24, 186, 10419 }, // U+0152
    { 32, 19, 542, 1, 18, 152, 10605 }, // U+0153
    { 19, 32, 371, 3, 31, 152, 10757 }, // U+0154
    { 12, 27, 215, 2, 27, 81, 10909 }, // U+0155
    { 19, 33, 371, 3, 24, 157, 10990 }, // U+0156
    { 13, 27, 215, 1, 18, 88, 11147 }, // U+0157
    { 19, 31, 371, 3, 30, 148, 11235 }, // U+0158
    { 12, 26, 215, 2, 26, 78, 11383 }, // U+0159
    { 18, 32, 333, 1, 31, 144, 11461 }, // U+015A
    { 14, 28, 255, 1, 27, 98, 11605 }, // U+015B
    { 18, 31, 333, 1, 30, 140, 11703 }, // U+015C
    { 14, 27, 255, 1, 26, 95, 11843 }, // U+015D
    { 18, 33, 333, 1, 24, 149, 11938 }, // U+015E
    { 14, 27, 255, 1, 18, 95, 12087 }, // U+015F
    { 18, 31, 333, 1, 30, 140, 12182 }, // U+0160
    { 14, 27, 255, 1, 26, 95, 12322 }, // U+0161
    { 18, 33, 307, 1, 24, 149, 12417 }, // U+0162
    { 13, 31, 205, 0, 22, 101, 12566 }, // U+0163
    { 18, 30, 307, 1, 30, 135, 12667 }, // U+0164
    { 15, 26, 205, 0, 26, 98, 12802 }, // U+0165
    { 18, 24, 307, 1, 24, 108, 12900 }, // U+0166
    { 13, 22, 205, 0, 22, 72, 13008 }, // U+0167
    { 20, 31, 395, 2, 30, 155, 13080 }, // U+0168
    { 16, 26, 323, 2, 25, 104, 13235 }, // U+0169
    { 20, 30, 395, 2, 29, 150, 13339 }, // U+016A
    { 16, 25, 323, 2, 24, 100, 13489 }, // U+016B
    { 20, 31, 395, 2, 30, 155, 13589 }, // U+016C
    { 16, 27, 323, 2, 26, 108, 13744 }, // U+016D
    { 20, 31, 395, 2, 30, 155, 13852 }, // U+016E
    { 16, 29, 323, 2, 28, 116, 14007 }, // U+016F
    { 20, 33, 395, 2, 32, 165, 14123 }, // U+0170
    { 16, 28, 323, 2, 27, 112, 14288 }, // U+0171
    { 20, 31, 395, 2, 24, 155, 14400 }, // U+0172
    { 17, 25, 323, 2, 18, 107, 14555 }, // U+0173
    { 33, 30, 531, 0, 30, 248, 14662 }, // U+0174
    { 26, 26, 427, 0, 26, 169, 14910 }, // U+0175
    { 22, 30, 352, 0, 30, 165, 15079 }, // U+0176
    { 20, 34, 310, 0, 26, 170, 15244 }, // U+0177
    { 22, 30, 352, 0, 30, 165, 15414 }, // U+0178
    { 19, 31, 351, 2, 31, 148, 15579 }, // U+0179
    { 14, 27, 258, 1, 27, 95, 15727 }, // U+017A
    { 19, 30, 351, 2, 30, 143, 15822 }, // U+017B
    { 14, 26, 258, 1, 26, 91, 15965 }, // U+017C
    { 19, 30, 351, 2, 30, 143, 16056 }, // U+017D
    { 14, 26, 258, 1, 26, 91, 16199 }, // U+017E
    { 24, 29, 417, 1, 28, 174, 0 }, // U+01A0
    { 19, 23, 328, 1, 22, 110, 174 }, // U+01A1
    { 24, 29, 395, 2, 28, 174, 284 }, // U+01AF
    { 19, 23, 323, 2, 22, 110, 458 }, // U+01B0
    { 41, 30, 726, 3, 30, 308, 568 }, // U+01C4
    { 37, 26, 656, 3, 26, 241, 876 }, // U+01C5
    { 35, 27, 596, 1, 26, 237, 1117 }, // U+01C6
    { 37, 25, 662, 3, 24, 232, 1354 }, // U+01C7
    { 24, 33, 461, 3, 26, 198, 1586 }, // U+01C8
    { 13, 33, 268, 2, 26, 108, 1784 }, // U+01C9
    { 44, 25, 765, 3, 24, 275, 1892 }, // U+01CA
    { 31, 33, 564, 3, 26, 256, 2167 }, // U+01CB
    { 25, 33, 459, 2, 26, 207, 2423 }, // U+01CC
    { 23, 30, 373, 0, 30, 173, 2630 }, // U+01CD
    { 18, 27, 338, 1, 26, 122, 2803 }, // U+01CE
    { 12, 30, 255, 2, 30, 90, 2925 }, // U+01CF
    { 10, 26, 130, -1, 26, 65, 3015 }, // U+01D0
    { 24, 31, 417, 1, 30, 186, 3080 }, // U+01D1
    { 19, 27, 328, 1, 26, 129, 3266 }, // U+01D2
    { 20, 31, 395, 2, 30, 155, 3395 }, // U+01D3
    { 16, 27, 323, 2, 26, 108, 3550 }, // U+01D4
    { 24, 31, 408, 1, 30, 186, 3658 }, // U+01E6
    { 19, 34, 346, 1, 26, 162, 3844 }, // U+01E7
    { 24, 31, 417, 1, 24, 186, 4006 }, // U+01EA
    { 19, 25, 328, 1, 18, 119, 4192 }, // U+01EB
    { 41, 24, 726, 3, 24, 246, 4311 }, // U+01F1
    { 37, 24, 656, 3, 24, 222, 4557 }, // U+01F2
    { 23, 36, 373, 0, 36, 207, 4779 }, // U+01FA
    { 18, 36, 338, 1, 35, 162, 4986 }, // U+01FB
    { 30, 31, 517, 0, 31, 233, 5148 }, // U+01FC
    { 28, 28, 479, 1, 27, 196, 5381 }, // U+01FD
    { 24, 33, 411, 1, 31, 198, 5577 }, // U+01FE
    { 19, 29, 328, 1, 27, 138, 5775 }, // U+01FF
    { 23, 32, 373, 0, 32, 184, 5913 }, // U+0200
    { 18, 28, 338, 1, 27, 126, 6097 }, // U+0201
    { 23, 30, 373, 0, 30, 173, 6223 }, // U+0202
    { 18, 27, 338, 1, 26, 122, 6396 }, // U+0203
    { 16, 32, 327, 2, 32, 128, 6518 }, // U+0204
    { 18, 28, 312, 1, 27, 126, 6646 }, // U+0205
    { 15, 30, 327, 3, 30, 113, 6772 }, // U+0206
    { 18, 27, 312, 1, 26, 122, 6885 }, // U+0207
    { 15, 32, 255, -1, 32, 120, 7007 }, // U+0208
    { 14, 27, 130, -5, 27, 95, 7127 }, // U+0209
    { 12, 30, 255, 2, 30, 90, 7222 }, // U+020A
    { 12, 26, 130, -2, 26, 78, 7312 }, // U+020B
    { 24, 33, 417, 1, 32, 198, 7390 }, // U+020C
    { 19, 28, 328, 1, 27, 133, 7588 }, // U+020D
    { 24, 31, 417, 1, 30, 186, 7721 }, // U+020E
    { 19, 27, 328, 1, 26, 129, 7907 }, // U+020F
    { 20, 33, 371, 2, 32, 165, 8036 }, // U+0210
    { 15, 27, 215, -1, 27, 102, 8201 }, // U+0211
    { 19, 31, 371, 3, 30, 148, 8303 }, // U+0212
    { 12, 26, 215, 2, 26, 78, 8451 }, // U+0213
    { 20, 33, 395, 2, 32, 165, 8529 }, // U+0214
    { 17, 28, 323, 1, 27, 119, 8694 }, // U+0215
    { 20, 31, 395, 2, 30, 155, 8813 }, // U+0216
    { 16, 27, 323, 2, 26, 108, 8968 }, // U+0217
    { 18, 33, 333, 1, 24, 149, 9076 }, // U+0218
    { 14, 27, 255, 1, 18, 95, 9225 }, // U+0219
    { 18, 33, 307, 1, 24, 149, 9320 }, // U+021A
    { 13, 31, 205, 0, 22, 101, 9469 }, // U+021B
    { 8, 7, 0, 4, 27, 14, 0 }, // U+0300
    { 8, 7, 0, 4, 27, 14, 14 }, // U+0301
    { 11, 6, 0, 3, 26, 17, 28 }, // U+0302
    { 12, 5, 0, 2, 25, 15, 45 }, // U+0303
    { 11, 3, 0, 3, 24, 9, 60 }, // U+0304
    { 12, 7, 0, 2, 26, 21, 69 }, // U+0306
    { 5, 5, 0, 6, 26, 7, 90 }, // U+0307
    { 12, 5, 0, 2, 26, 15, 97 }, // U+0308
    { 7, 8, 0, 5, 27, 14, 112 }, // U+0309
    { 8, 8, 0, 4, 28, 16, 126 }, // U+030A
    { 15, 7, 0, 1, 27, 27, 142 }, // U+030B
    { 11, 6, 0, 3, 26, 17, 169 }, // U+030C
    { 15, 7, 0, 1, 27, 27, 186 }, // U+030F
    { 12, 7, 0, 2, 26, 21, 213 }, // U+0311
    { 6, 7, 0, 5, 27, 11, 234 }, // U+0312
    { 7, 7, 0, 5, 21, 13, 245 }, // U+031B
    { 5, 5, 0, 6, -2, 7, 258 }, // U+0323
    { 12, 5, 0, 2, -2, 15, 265 }, // U+0324
    { 6, 8, 0, 5, -1, 12, 280 }, // U+0326
    { 7, 10, 0, 5, 1, 18, 292 }, // U+0327
    { 8, 9, 0, 4, 2, 18, 310 }, // U+0328
    { 12, 6, 0, 2, -2, 18, 328 }, // U+032E
    { 11, 3, 0, 3, -3, 9, 346 }, // U+0331
    { 10, 4, 0, 3, 12, 10, 355 }, // U+0335
    { 0, 0, 0, 0, 0, 0, 365 }, // U+034F
    { 21, 23, 344, 0, 23, 121, 0 }, // U+03BB
    { 23, 23, 359, 0, 23, 133, 0 }, // U+0410
    { 18, 23, 309, 0, 23, 104, 133 }, // U+0411
    { 18, 23, 323, 1, 23, 104, 237 }, // U+0412
    { 17, 23, 281, 0, 23, 98, 341 }, // U+0413
    { 23, 30, 378, 0, 23, 173, 439 }, // U+0414
    { 22, 23, 380, 1, 23, 127, 612 }, // U+0418
    { 23, 24, 385, 0, 23, 138, 739 }, // U+041B
    { 23, 23, 396, 1, 23, 133, 877 }, // U+041D
    { 22, 24, 390, 1, 23, 132, 1010 }, // U+041E
    { 22, 23, 387, 1, 23, 127, 1142 }, // U+041F
    { 18, 23, 306, 0, 23, 104, 1269 }, // U+0420
    { 19, 24, 334, 1, 23, 114, 1373 }, // U+0421
    { 20, 23, 319, 0, 23, 115, 1487 }, // U+0422
    { 23, 24, 371, 0, 23, 138, 1602 }, // U+0423
    { 21, 23, 338, 0, 23, 121, 1740 }, // U+0425
    { 20, 23, 350, 1, 23, 115, 1861 }, // U+0427
    { 27, 23, 445, 0, 23, 156, 1976 }, // U+042B
    { 18, 23, 310, 0, 23, 104, 2132 }, // U+042C
    { 31, 24, 521, 0, 23, 186, 2236 }, // U+042E
    { 21, 23, 344, 0, 23, 121, 2422 }, // U+042F
    { 16, 18, 273, 1, 17, 72, 2543 }, // U+0430
    { 16, 25, 285, 1, 24, 100, 2615 }, // U+0431
    { 15, 17, 268, 1, 17, 64, 2715 }, // U+0432
    { 19, 21, 306, 0, 16, 100, 2779 }, // U+0434
    { 15, 18, 261, 1, 17, 68, 2879 }, // U+0435
    { 13, 18, 236, 1, 17, 59, 2947 }, // U+0437
    { 18, 17, 283, 0, 17, 77, 3006 }, // U+043A
    { 19, 17, 318, 0, 17, 81, 3083 }, // U+043D
    { 16, 18, 290, 1, 17, 72, 3164 }, // U+043E
    { 18, 24, 298, 0, 17, 108, 3236 }, // U+0440
    { 16, 16, 262, 0, 16, 64, 3344 }, // U+0442
    { 17, 22, 301, 1, 17, 94, 3408 }, // U+0446
    { 15, 17, 255, 0, 17, 64, 3502 }, // U+044C
    { 24, 18, 395, 0, 17, 108, 3566 }, // U+044E
    { 23, 31, 373, 0, 24, 179, 0 }, // U+1EA0
    { 18, 25, 338, 1, 18, 113, 179 }, // U+1EA1
    { 23, 32, 373, 0, 32, 184, 292 }, // U+1EA2
    { 18, 28, 338, 1, 27, 126, 476 }, // U+1EA3
    { 23, 35, 373, 0, 35, 202, 602 }, // U+1EA4
    { 20, 32, 338, 1, 31, 160, 804 }, // U+1EA5
    { 23, 35, 373, 0, 35, 202, 964 }, // U+1EA6
    { 18, 32, 338, 1, 31, 144, 1166 }, // U+1EA7
    { 23, 35, 373, 0, 35, 202, 1310 }, // U+1EA8
    { 19, 32, 338, 1, 31, 152, 1512 }, // U+1EA9
    { 23, 36, 373, 0, 36, 207, 1664 }, // U+1EAA
    { 18, 32, 338, 1, 31, 144, 1871 }, // U+1EAB
    { 23, 37, 373, 0, 30, 213, 2015 }, // U+1EAC
    { 18, 33, 338, 1, 26, 149, 2228 }, // U+1EAD
    { 23, 36, 373, 0, 36, 207, 2377 }, // U+1EAE
    { 18, 33, 338, 1, 32, 149, 2584 }, // U+1EAF
    { 23, 36, 373, 0, 36, 207, 2733 }, // U+1EB0
    { 18, 33, 338, 1, 32, 149, 2940 }, // U+1EB1
    { 23, 36, 373, 0, 36, 207, 3089 }, // U+1EB2
    { 18, 33, 338, 1, 32, 149, 3296 }, // U+1EB3
    { 23, 36, 373, 0, 36, 207, 3445 }, // U+1EB4
    { 18, 33, 338, 1, 32, 149, 3652 }, // U+1EB5
    { 23, 37, 373, 0, 30, 213, 3801 }, // U+1EB6
    { 18, 33, 338, 1, 26, 149, 4014 }, // U+1EB7
    { 15, 31, 327, 3, 24, 117, 4163 }, // U+1EB8
    { 18, 25, 312, 1, 18, 113, 4280 }, // U+1EB9
    { 15, 32, 327, 3, 32, 120, 4393 }, // U+1EBA
    { 18, 28, 312, 1, 27, 126, 4513 }, // U+1EBB
    { 15, 30, 327, 3, 30, 113, 4639 }, // U+1EBC
    { 18, 26, 312, 1, 25, 117, 4752 }, // U+1EBD
    { 18, 35, 327, 3, 35, 158, 4869 }, // U+1EBE
    { 19, 32, 312, 1, 31, 152, 5027 }, // U+1EBF
    { 15, 35, 327, 3, 35, 132, 5179 }, // U+1EC0
    { 18, 32, 312, 1, 31, 144, 5311 }, // U+1EC1
    { 17, 35, 327, 3, 35, 149, 5455 }, // U+1EC2
    { 19, 32, 312, 1, 31, 152, 5604 }, // U+1EC3
    { 15, 36, 327, 3, 36, 135, 5756 }, // U+1EC4
    { 18, 32, 312, 1, 31, 144, 5891 }, // U+1EC5
    { 15, 37, 327, 3, 30, 139, 6035 }, // U+1EC6
    { 18, 33, 312, 1, 26, 149, 6174 }, // U+1EC7
    { 12, 32, 255, 2, 32, 96, 6323 }, // U+1EC8
    { 8, 27, 130, 0, 27, 54, 6419 }, // U+1EC9
    { 12, 31, 255, 2, 24, 93, 6473 }, // U+1ECA
    { 5, 33, 148, 2, 26, 42, 6566 }, // U+1ECB
    { 24, 31, 417, 1, 24, 186, 6608 }, // U+1ECC
    { 19, 25, 328, 1, 18, 119, 6794 }, // U+1ECD
    { 24, 33, 417, 1, 32, 198, 6913 }, // U+1ECE
    { 19, 28, 328, 1, 27, 133, 7111 }, // U+1ECF
    { 24, 36, 417, 1, 35, 216, 7244 }, // U+1ED0
    { 19, 32, 328, 1, 31, 152, 7460 }, // U+1ED1
    { 24, 36, 417, 1, 35, 216, 7612 }, // U+1ED2
    { 19, 32, 328, 1, 31, 152, 7828 }, // U+1ED3
    { 24, 36, 417, 1, 35, 216, 7980 }, // U+1ED4
    { 19, 32, 328, 1, 31, 152, 8196 }, // U+1ED5
    { 24, 37, 417, 1, 36, 222, 8348 }, // U+1ED6
    { 19, 32, 328, 1, 31, 152, 8570 }, // U+1ED7
    { 24, 37, 417, 1, 30, 222, 8722 }, // U+1ED8
    { 19, 33, 328, 1, 26, 157, 8944 }, // U+1ED9
    { 24, 32, 417, 1, 31, 192, 9101 }, // U+1EDA
    { 19, 28, 328, 1, 27, 133, 9293 }, // U+1EDB
    { 24, 32, 417, 1, 31, 192, 9426 }, // U+1EDC
    { 19, 28, 328, 1, 27, 133, 9618 }, // U+1EDD
    { 24, 33, 417, 1, 32, 198, 9751 }, // U+1EDE
    { 19, 28, 328, 1, 27, 133, 9949 }, // U+1EDF
    { 24, 31, 417, 1, 30, 186, 10082 }, // U+1EE0
    { 19, 26, 328, 1, 25, 124, 10268 }, // U+1EE1
    { 24, 35, 417, 1, 28, 210, 10392 }, // U+1EE2
    { 19, 29, 328, 1, 22, 138, 10602 }, // U+1EE3
    { 20, 31, 395, 2, 24, 155, 10740 }, // U+1EE4
    { 16, 25, 323, 2, 18, 100, 10895 }, // U+1EE5
    { 20, 33, 395, 2, 32, 165, 10995 }, // U+1EE6
    { 16, 28, 323, 2, 27, 112, 11160 }, // U+1EE7
    { 24, 32, 395, 2, 31, 192, 11272 }, // U+1EE8
    { 19, 28, 323, 2, 27, 133, 11464 }, // U+1EE9
    { 24, 32, 395, 2, 31, 192, 11597 }, // U+1EEA
    { 19, 28, 323, 2, 27, 133, 11789 }, // U+1EEB
    { 24, 33, 395, 2, 32, 198, 11922 }, // U+1EEC
    { 19, 28, 323, 2, 27, 133, 12120 }, // U+1EED
    { 24, 31, 395, 2, 30, 186, 12253 }, // U+1EEE
    { 19, 26, 323, 2, 25, 124, 12439 }, // U+1EEF
    { 24, 35, 395, 2, 28, 210, 12563 }, // U+1EF0
    { 19, 29, 323, 2, 22, 138, 12773 }, // U+1EF1
    { 22, 31, 352, 0, 31, 171, 12911 }, // U+1EF2
    { 20, 35, 310, 0, 27, 175, 13082 }, // U+1EF3
    { 22, 31, 352, 0, 24, 171, 13257 }, // U+1EF4
    { 20, 26, 310, 0, 18, 130, 13428 }, // U+1EF5
    { 22, 32, 352, 0, 32, 176, 13558 }, // U+1EF6
    { 20, 35, 310, 0, 27, 175, 13734 }, // U+1EF7
    { 22, 30, 352, 0, 30, 165, 13909 }, // U+1EF8
    { 20, 33, 310, 0, 25, 165, 14074 }, // U+1EF9
    { 0, 0, 293, 0, 0, 0, 0 }, // U+2007
    { 0, 0, 139, 0, 0, 0, 0 }, // U+2008
    { 0, 0, 109, 0, 0, 0, 0 }, // U+2009
    { 0, 0, 54, 0, 0, 0, 0 }, // U+200A
    { 0, 0, 0, 0, 0, 0, 0 }, // U+200B
    { 0, 0, 0, 0, 0, 0, 0 }, // U+200C
    { 0, 0, 0, 0, 0, 0, 0 }, // U+200D
    { 0, 0, 0, 0, 0, 0, 0 }, // U+200E
    { 0, 0, 0, 0, 0, 0, 0 }, // U+200F
    { 11, 5, 210, 1, 12, 14, 0 }, // U+2010
    { 15, 5, 274, 1, 12, 19, 14 }, // U+2012
    { 15, 5, 274, 1, 12, 19, 33 }, // U+2013
    { 27, 5, 463, 1, 12, 34, 52 }, // U+2014
    { 27, 5, 463, 1, 12, 34, 86 }, // U+2015
    { 7, 10, 129, 1, 26, 18, 120 }, // U+2018
    { 7, 11, 129, 0, 26, 20, 138 }, // U+2019
    { 7, 10, 142, 1, 4, 18, 158 }, // U+201A
    { 14, 10, 239, 1, 26, 35, 176 }, // U+201C
    { 14, 11, 237, 0, 26, 39, 211 }, // U+201D
    { 14, 10, 262, 1, 4, 35, 250 }, // U+201E
    { 13, 18, 235, 1, 25, 59, 285 }, // U+2020
    { 11, 19, 215, 1, 25, 53, 344 }, // U+2021
    { 10, 10, 185, 1, 17, 25, 397 }, // U+2022
    { 18, 6, 323, 1, 5, 27, 422 }, // U+2026
    { 0, 0, 0, 0, 0, 0, 449 }, // U+202A
    { 0, 0, 0, 0, 0, 0, 449 }, // U+202B
    { 0, 0, 0, 0, 0, 0, 449 }, // U+202C
    { 0, 0, 0, 0, 0, 0, 449 }, // U+202D
    { 0, 0, 0, 0, 0, 0, 449 }, // U+202E
    { 37, 25, 635, 1, 24, 232, 449 }, // U+2030
    { 12, 10, 220, 1, 24, 30, 681 }, // U+2033
    { 8, 15, 146, 0, 16, 30, 711 }, // U+2039
    { 8, 15, 147, 1, 16, 30, 741 }, // U+203A
    { 20, 24, 323, 0, 24, 120, 771 }, // U+2044
    { 0, 0, 0, 0, 0, 0, 891 }, // U+2060
    { 0, 0, 0, 0, 0, 0, 891 }, // U+2061
    { 0, 0, 0, 0, 0, 0, 891 }, // U+2062
    { 0, 0, 0, 0, 0, 0, 891 }, // U+2063
    { 0, 0, 0, 0, 0, 0, 891 }, // U+2064
    { 0, 0, 0, 0, 0, 0, 891 }, // U+2066
    { 0, 0, 0, 0, 0, 0, 891 }, // U+2067
    { 0, 0, 0, 0, 0, 0, 891 }, // U+2068
    { 0, 0, 0, 0, 0, 0, 891 }, // U+2069
    { 0, 0, 0, 0, 0, 0, 891 }, // U+206A
    { 0, 0, 0, 0, 0, 0, 891 }, // U+206B
    { 0, 0, 0, 0, 0, 0, 891 }, // U+206C
    { 0, 0, 0, 0, 0, 0, 891 }, // U+206D
    { 0, 0, 0, 0, 0, 0, 891 }, // U+206E
    { 0, 0, 0, 0, 0, 0, 891 }, // U+206F
    { 11, 13, 194, 1, 26, 36, 0 }, // U+2070
    { 11, 13, 208, 1, 26, 36, 36 }, // U+2074
    { 10, 13, 191, 1, 26, 33, 72 }, // U+2075
    { 9, 13, 183, 1, 26, 30, 105 }, // U+2076
    { 9, 12, 174, 1, 26, 27, 135 }, // U+2077
    { 10, 13, 188, 1, 26, 33, 162 }, // U+2078
    { 9, 13, 178, 1, 26, 30, 195 }, // U+2079
    { 11, 13, 194, 1, 6, 36, 225 }, // U+2080
    { 6, 13, 150, 1, 5, 20, 261 }, // U+2081
    { 9, 13, 185, 1, 6, 30, 281 }, // U+2082
    { 9, 13, 182, 1, 6, 30, 311 }, // U+2083
    { 11, 13, 208, 1, 5, 36, 341 }, // U+2084
    { 10, 13, 191, 1, 5, 33, 377 }, // U+2085
    { 9, 13, 183, 1, 6, 30, 410 }, // U+2086
    { 9, 12, 174, 1, 5, 27, 440 }, // U+2087
    { 10, 13, 188, 1, 6, 33, 467 }, // U+2088
    { 9, 13, 178, 1, 6, 30, 500 }, // U+2089
    { 24, 32, 362, 0, 27, 192, 0 }, // U+20A1
    { 18, 24, 321, 1, 24, 108, 192 }, // U+20A3
    { 19, 25, 325, 1, 24, 119, 300 }, // U+20A4
    { 27, 24, 424, 0, 24, 162, 419 }, // U+20A6
    { 22, 24, 422, 3, 24, 132, 581 }, // U+20A7
    { 33, 24, 531, 0, 24, 198, 713 }, // U+20A9
    { 15, 24, 262, 1, 24, 90, 911 }, // U+20AB
    { 20, 25, 344, 0, 24, 125, 1001 }, // U+20AC
    { 24, 24, 405, 1, 24, 144, 1126 }, // U+20AD
    { 22, 24, 424, 3, 24, 132, 1270 }, // U+20B1
    { 24, 32, 408, 1, 27, 192, 1402 }, // U+20B2
    { 21, 29, 362, 1, 26, 153, 1594 }, // U+20B5
    { 15, 25, 288, 2, 24, 94, 1747 }, // U+20B9
    { 19, 25, 325, 0, 24, 119, 1841 }, // U+20BA
    { 20, 27, 405, 3, 27, 135, 1960 }, // U+20BC
    { 20, 24, 388, 3, 24, 120, 2095 }, // U+20BD
    { 18, 27, 287, 0, 26, 122, 0 }, // U+2113
    { 18, 26, 315, 1, 25, 117, 0 }, // U+2202
    { 19, 19, 328, 1, 18, 91, 117 }, // U+2205
    { 24, 24, 379, 0, 24, 144, 208 }, // U+2206
    { 23, 31, 378, 0, 24, 179, 352 }, // U+220F
    { 14, 23, 279, 2, 23, 81, 531 }, // U+2211
    { 17, 4, 309, 1, 12, 17, 612 }, // U+2212
    { 18, 30, 294, 0, 26, 135, 629 }, // U+2215
    { 6, 6, 130, 1, 13, 9, 764 }, // U+2219
    { 23, 29, 365, 0, 24, 167, 773 }, // U+221A
    { 27, 14, 462, 1, 15, 95, 940 }, // U+221E
    { 19, 30, 295, 0, 25, 143, 1035 }, // U+222B
    { 16, 12, 298, 1, 15, 48, 1178 }, // U+2248
    { 17, 18, 302, 1, 18, 77, 1226 }, // U+2260
    { 17, 18, 334, 2, 18, 77, 1303 }, // U+2264
    { 17, 18, 334, 2, 18, 77, 1380 }, // U+2265
    { 8, 22, 165, 1, 22, 44, 0 }, // U+2669
    { 13, 22, 240, 1, 22, 72, 44 }, // U+266A
    { 19, 25, 342, 1, 23, 119, 116 }, // U+266B
    { 19, 25, 342, 1, 23, 119, 235 }, // U+266C
    { 9, 21, 185, 1, 20, 48, 354 }, // U+266D
    { 10, 21, 190, 1, 14, 53, 402 }, // U+266E
    { 16, 28, 295, 1, 20, 112, 455 }, // U+266F
    { 32, 33, 533, 1, 29, 264, 567 }, // U+4F1A
    { 31, 32, 533, 1, 29, 248, 831 }, // U+53BB
    { 30, 31, 533, 2, 27, 233, 1079 }, // U+5458
    { 33, 33, 533, 0, 29, 273, 1312 }, // U+59DA
    { 29, 32, 533, 2, 29, 232, 1585 }, // U+5B98
    { 31, 32, 533, 1, 29, 248, 1817 }, // U+5BA4
    { 31, 32, 533, 1, 28, 248, 2065 }, // U+5E26
    { 32, 31, 533, 1, 28, 248, 2313 }, // U+6211
    { 32, 33, 533, 1, 29, 264, 2561 }, // U+62C9
    { 33, 33, 533, 0, 29, 273, 2825 }, // U+653E
    { 33, 33, 533, 0, 29, 273, 3098 }, // U+6746
    { 33, 33, 533, 0, 29, 273, 3371 }, // U+6747
    { 32, 33, 533, 1, 29, 264, 3644 }, // U+6748
    { 32, 33, 533, 0, 29, 264, 3908 }, // U+6749
    { 30, 33, 533, 1, 29, 248, 4172 }, // U+674A
    { 32, 33, 533, 1, 29, 264, 4420 }, // U+674B
    { 33, 33, 533, 0, 29, 273, 4684 }, // U+674C
    { 31, 32, 533, 1, 29, 248, 4957 }, // U+674D
    { 32, 32, 533, 1, 29, 256, 5205 }, // U+674E
    { 32, 33, 533, 1, 29, 264, 5461 }, // U+674F
    { 32, 32, 533, 0, 29, 256, 5725 }, // U+6750
    { 33, 32, 533, 0, 29, 264, 5981 }, // U+6751
    { 31, 33, 533, 1, 29, 256, 6245 }, // U+6752
    { 31, 33, 533, 1, 29, 256, 6501 }, // U+6753
    { 31, 33, 533, 1, 29, 256, 6757 }, // U+6754
    { 32, 33, 533, 1, 29, 264, 7013 }, // U+6755
    { 33, 33, 533, 0, 29, 273, 7277 }, // U+6756
    { 32, 33, 533, 1, 29, 264, 7550 }, // U+6757
    { 32, 31, 533, 1, 27, 248, 7814 }, // U+6758
    { 33, 32, 533, 0, 29, 264, 8062 }, // U+6759
    { 31, 32, 533, 1, 29, 248, 8326 }, // U+675A
    { 30, 33, 533, 1, 29, 248, 8574 }, // U+675B
    { 32, 33, 533, 0, 29, 264, 8822 }, // U+675C
    { 33, 32, 533, 0, 29, 264, 9086 }, // U+675D
    { 32, 32, 533, 1, 29, 256, 9350 }, // U+675E
    { 32, 32, 533, 1, 28, 256, 9606 }, // U+675F
    { 31, 33, 533, 1, 29, 256, 9862 }, // U+6760
    { 32, 32, 533, 1, 29, 256, 10118 }, // U+6761
    { 32, 32, 533, 1, 29, 256, 10374 }, // U+6762
    { 31, 33, 533, 0, 29, 256, 10630 }, // U+6763
    { 32, 33, 533, 0, 29, 264, 10886 }, // U+6764
    { 32, 32, 533, 1, 28, 256, 11150 }, // U+6765
    { 32, 33, 533, 1, 29, 264, 11406 }, // U+6766
    { 32, 33, 533, 1, 29, 264, 11670 }, // U+6767
    { 31, 33, 533, 1, 29, 256, 11934 }, // U+6768
    { 31, 33, 533, 1, 29, 256, 12190 }, // U+6769
    { 31, 33, 533, 1, 29, 256, 12446 }, // U+676A
    { 32, 33, 533, 1, 29, 264, 12702 }, // U+676B
    { 32, 33, 533, 1, 29, 264, 12966 }, // U+676C
    { 32, 33, 533, 1, 29, 264, 13230 }, // U+676D
    { 31, 33, 533, 1, 29, 256, 13494 }, // U+676E
    { 33, 33, 533, 0, 29, 273, 13750 }, // U+676F
    { 31, 33, 533, 1, 29, 256, 14023 }, // U+6770
    { 32, 33, 533, 1, 29, 264, 14279 }, // U+6771
    { 32, 31, 533, 1, 27, 248, 14543 }, // U+6772
    { 32, 33, 533, 1, 29, 264, 14791 }, // U+6773
    { 32, 33, 533, 1, 29, 264, 15055 }, // U+6774
    { 32, 33, 533, 1, 29, 264, 15319 }, // U+6775
    { 33, 32, 533, 0, 29, 264, 15583 }, // U+6776
    { 33, 32, 533, 0, 29, 264, 15847 }, // U+6777
    { 31, 33, 533, 1, 29, 256, 16111 }, // U+6778
    { 32, 33, 533, 1, 29, 264, 16367 }, // U+6779
    { 32, 33, 533, 1, 29, 264, 16631 }, // U+677A
    { 32, 33, 533, 1, 29, 264, 16895 }, // U+677B
    { 32, 33, 533, 1, 29, 264, 17159 }, // U+677C
    { 31, 33, 533, 1, 29, 256, 17423 }, // U+677D
    { 31, 33, 533, 1, 29, 256, 17679 }, // U+677E
    { 32, 33, 533, 1, 29, 264, 17935 }, // U+677F
    { 26, 30, 533, 4, 26, 195, 18199 }, // U+7532
    { 29, 32, 533, 2, 29, 232, 18394 }, // U+7684
    { 32, 32, 533, 1, 28, 256, 18626 }, // U+8BAE
    { 31, 32, 533, 1, 28, 248, 18882 }, // U+8BF7
    { 32, 32, 533, 1, 28, 256, 19130 }, // U+91CA
    { 20, 26, 358, 1, 26, 130, 0 }, // U+FB01
    { 18, 25, 343, 1, 25, 113, 130 }, // U+FB02
};

static const EpdUnicodeInterval lexenddeca_16_regularIntervals[] = {
    { 0x0, 0x17E, 0x0 },
    { 0x1A0, 0x1A1, 0x17F },
    { 0x1AF, 0x1B0, 0x181 },
    { 0x1C4, 0x1D4, 0x183 },
    { 0x1E6, 0x1E7, 0x194 },
    { 0x1EA, 0x1EB, 0x196 },
    { 0x1F1, 0x1F2, 0x198 },
    { 0x1FA, 0x21B, 0x19A },
    { 0x300, 0x304, 0x1BC },
    { 0x306, 0x30C, 0x1C1 },
    { 0x30F, 0x30F, 0x1C8 },
    { 0x311, 0x312, 0x1C9 },
    { 0x31B, 0x31B, 0x1CB },
    { 0x323, 0x324, 0x1CC },
    { 0x326, 0x328, 0x1CE },
    { 0x32E, 0x32E, 0x1D1 },
    { 0x331, 0x331, 0x1D2 },
    { 0x335, 0x335, 0x1D3 },
    { 0x34F, 0x34F, 0x1D4 },
    { 0x3BB, 0x3BB, 0x1D5 },
    { 0x410, 0x414, 0x1D6 },
    { 0x418, 0x418, 0x1DB },
    { 0x41B, 0x41B, 0x1DC },
    { 0x41D, 0x423, 0x1DD },
    { 0x425, 0x425, 0x1E4 },
    { 0x427, 0x427, 0x1E5 },
    { 0x42B, 0x42C, 0x1E6 },
    { 0x42E, 0x432, 0x1E8 },
    { 0x434, 0x435, 0x1ED },
    { 0x437, 0x437, 0x1EF },
    { 0x43A, 0x43A, 0x1F0 },
    { 0x43D, 0x43E, 0x1F1 },
    { 0x440, 0x440, 0x1F3 },
    { 0x442, 0x442, 0x1F4 },
    { 0x446, 0x446, 0x1F5 },
    { 0x44C, 0x44C, 0x1F6 },
    { 0x44E, 0x44E, 0x1F7 },
    { 0x1EA0, 0x1EF9, 0x1F8 },
    { 0x2007, 0x2010, 0x252 },
    { 0x2012, 0x2015, 0x25C },
    { 0x2018, 0x201A, 0x260 },
    { 0x201C, 0x201E, 0x263 },
    { 0x2020, 0x2022, 0x266 },
    { 0x2026, 0x2026, 0x269 },
    { 0x202A, 0x202E, 0x26A },
    { 0x2030, 0x2030, 0x26F },
    { 0x2033, 0x2033, 0x270 },
    { 0x2039, 0x203A, 0x271 },
    { 0x2044, 0x2044, 0x273 },
    { 0x2060, 0x2064, 0x274 },
    { 0x2066, 0x2070, 0x279 },
    { 0x2074, 0x2079, 0x284 },
    { 0x2080, 0x2089, 0x28A },
    { 0x20A1, 0x20A1, 0x294 },
    { 0x20A3, 0x20A4, 0x295 },
    { 0x20A6, 0x20A7, 0x297 },
    { 0x20A9, 0x20A9, 0x299 },
    { 0x20AB, 0x20AD, 0x29A },
    { 0x20B1, 0x20B2, 0x29D },
    { 0x20B5, 0x20B5, 0x29F },
    { 0x20B9, 0x20BA, 0x2A0 },
    { 0x20BC, 0x20BD, 0x2A2 },
    { 0x2113, 0x2113, 0x2A4 },
    { 0x2202, 0x2202, 0x2A5 },
    { 0x2205, 0x2206, 0x2A6 },
    { 0x220F, 0x220F, 0x2A8 },
    { 0x2211, 0x2212, 0x2A9 },
    { 0x2215, 0x2215, 0x2AB },
    { 0x2219, 0x221A, 0x2AC },
    { 0x221E, 0x221E, 0x2AE },
    { 0x222B, 0x222B, 0x2AF },
    { 0x2248, 0x2248, 0x2B0 },
    { 0x2260, 0x2260, 0x2B1 },
    { 0x2264, 0x2265, 0x2B2 },
    { 0x2669, 0x266F, 0x2B4 },
    { 0x4F1A, 0x4F1A, 0x2BB },
    { 0x53BB, 0x53BB, 0x2BC },
    { 0x5458, 0x5458, 0x2BD },
    { 0x59DA, 0x59DA, 0x2BE },
    { 0x5B98, 0x5B98, 0x2BF },
    { 0x5BA4, 0x5BA4, 0x2C0 },
    { 0x5E26, 0x5E26, 0x2C1 },
    { 0x6211, 0x6211, 0x2C2 },
    { 0x62C9, 0x62C9, 0x2C3 },
    { 0x653E, 0x653E, 0x2C4 },
    { 0x6746, 0x677F, 0x2C5 },
    { 0x7532, 0x7532, 0x2FF },
    { 0x7684, 0x7684, 0x300 },
    { 0x8BAE, 0x8BAE, 0x301 },
    { 0x8BF7, 0x8BF7, 0x302 },
    { 0x91CA, 0x91CA, 0x303 },
    { 0xFB01, 0xFB02, 0x304 },
};

static const EpdFontGroup lexenddeca_16_regularGroups[] = {
    { 0, 3664, 9589, 128, 0 },
    { 3664, 3127, 11086, 128, 128 },
    { 6791, 3831, 17350, 127, 256 },
    { 10622, 2767, 10051, 61, 383 },
    { 13389, 305, 389, 25, 444 },
    { 13694, 98, 138, 1, 469 },
    { 13792, 1573, 3919, 34, 470 },
    { 15365, 1986, 14903, 90, 504 },
    { 17351, 464, 960, 49, 594 },
    { 17815, 268, 644, 17, 643 },
    { 18083, 1030, 2320, 16, 660 },
    { 19113, 95, 135, 1, 676 },
    { 19208, 659, 1569, 15, 677 },
    { 19867, 7463, 19989, 80, 692 },
    { 27330, 84, 255, 2, 772 },
};

static const uint16_t lexenddeca_16_regularKernLeftCodepoints[] = {
    0x0026, 0x0028, 0x002A, 0x002C, 0x002E, 0x002F, 0x0030, 0x0031, 0x0032, 0x0033, 0x0034, 0x0035,
    0x0036, 0x0037, 0x0038, 0x0039, 0x003C, 0x003E, 0x003F, 0x0040, 0x0041, 0x0042, 0x0043, 0x0044,
    0x0045, 0x0046, 0x0047, 0x0049, 0x004A, 0x004B, 0x004C, 0x004F, 0x0050, 0x0051, 0x0052, 0x0053,
    0x0054, 0x0055, 0x0056, 0x0057, 0x0058, 0x0059, 0x005A, 0x005B, 0x005C, 0x005F, 0x0061, 0x0062,
    0x0063, 0x0064, 0x0065, 0x0066, 0x0067, 0x0068, 0x0069, 0x006A, 0x006B, 0x006C, 0x006D, 0x006E,
    0x006F, 0x0070, 0x0071, 0x0072, 0x0073, 0x0074, 0x0075, 0x0076, 0x0077, 0x0078, 0x0079, 0x007A,
    0x007B, 0x007D, 0x00A1, 0x00A3, 0x00B7, 0x00BF, 0x00C0, 0x00C1, 0x00C2, 0x00C3, 0x00C4, 0x00C5,
    0x00C6, 0x00C8, 0x00C9, 0x00CA, 0x00CB, 0x00D0, 0x00D2, 0x00D3, 0x00D4, 0x00D5, 0x00D6, 0x00D8,
    0x00D9, 0x00DA, 0x00DB, 0x00DC, 0x00DD, 0x00DE, 0x00DF, 0x00E0, 0x00E1, 0x00E2, 0x00E3, 0x00E4,
    0x00E5, 0x00E7, 0x00E8, 0x00E9, 0x00EA, 0x00EB, 0x00EC, 0x00ED, 0x00EE, 0x00EF, 0x00F0, 0x00F1,
    0x00F2, 0x00F3, 0x00F4, 0x00F5, 0x00F6, 0x00F8, 0x00F9, 0x00FA, 0x00FB, 0x00FC, 0x00FD, 0x00FE,
    0x00FF, 0x0100, 0x0101, 0x0102, 0x0103, 0x0104, 0x0105, 0x0107, 0x0109, 0x010B, 0x010D, 0x010E,
    0x010F, 0x0110, 0x0111, 0x0112, 0x0113, 0x0114, 0x0115, 0x0116, 0x0117, 0x0118, 0x0119, 0x011A,
    0x011B, 0x011C, 0x011D, 0x011E, 0x011F, 0x0120, 0x0121, 0x0122, 0x0123, 0x0125, 0x0127, 0x0129,
    0x012B, 0x012D, 0x012F, 0x0131, 0x0132, 0x0133, 0x0134, 0x0135, 0x0136, 0x0137, 0x0138, 0x0139,
    0x013A, 0x013B, 0x013C, 0x013D, 0x013E, 0x013F, 0x0140, 0x0141, 0x0142, 0x0144, 0x0146, 0x0148,
    0x0149, 0x014B, 0x014C, 0x014D, 0x014E, 0x014F, 0x0150, 0x0151, 0x0152, 0x0153, 0x0154, 0x0155,
    0x0156, 0x0157, 0x0158, 0x0159, 0x015A, 0x015B, 0x015C, 0x015D, 0x015E, 0x015F, 0x0160, 0x0161,
    0x0162, 0x0163, 0x0164, 0x0165, 0x0166, 0x0167, 0x0168, 0x0169, 0x016A, 0x016B, 0x016C, 0x016D,
    0x016E, 0x016F, 0x0170, 0x0171, 0x0172, 0x0173, 0x0174, 0x0175, 0x0176, 0x0177, 0x0178, 0x0179,
    0x017A, 0x017B, 0x017C, 0x017D, 0x017E, 0x01A0, 0x01A1, 0x01AF, 0x01B0, 0x01C4, 0x01C5, 0x01C6,
    0x01C7, 0x01C8, 0x01C9, 0x01CA, 0x01CB, 0x01CC, 0x01CD, 0x01CE, 0x01D0, 0x01D1, 0x01D2, 0x01D3,
    0x01D4, 0x01E6, 0x01E7, 0x01EA, 0x01EB, 0x01F1, 0x01F2, 0x01FA, 0x01FB, 0x01FC, 0x01FE, 0x01FF,
    0x0200, 0x0201, 0x0202, 0x0203, 0x0204, 0x0205, 0x0206, 0x0207, 0x0209, 0x020B, 0x020C, 0x020D,
    0x020E, 0x020F, 0x0210, 0x0211, 0x0212, 0x0213, 0x0214, 0x0215, 0x0216, 0x0217, 0x0218, 0x0219,
    0x021A, 0x021B, 0x0410, 0x0413, 0x041E, 0x0420, 0x0422, 0x0423, 0x0425, 0x042C, 0x042E, 0x0434,
    0x043A, 0x043D, 0x043E, 0x0440, 0x0442, 0x0446, 0x044C, 0x044E, 0x1EA0, 0x1EA1, 0x1EA2, 0x1EA3,
    0x1EA4, 0x1EA5, 0x1EA6, 0x1EA7, 0x1EA8, 0x1EA9, 0x1EAA, 0x1EAB, 0x1EAC, 0x1EAD, 0x1EAE, 0x1EAF,
    0x1EB0, 0x1EB1, 0x1EB2, 0x1EB3, 0x1EB4, 0x1EB5, 0x1EB6, 0x1EB7, 0x1EB8, 0x1EB9, 0x1EBA, 0x1EBB,
    0x1EBC, 0x1EBD, 0x1EBE, 0x1EBF, 0x1EC0, 0x1EC1, 0x1EC2, 0x1EC3, 0x1EC4, 0x1EC5, 0x1EC6, 0x1EC7,
    0x1EC9, 0x1ECB, 0x1ECC, 0x1ECD, 0x1ECE, 0x1ECF, 0x1ED0, 0x1ED1, 0x1ED2, 0x1ED3, 0x1ED4, 0x1ED5,
    0x1ED6, 0x1ED7, 0x1ED8, 0x1ED9, 0x1EDA, 0x1EDB, 0x1EDC, 0x1EDD, 0x1EDE, 0x1EDF, 0x1EE0, 0x1EE1,
    0x1EE2, 0x1EE3, 0x1EE4, 0x1EE5, 0x1EE6, 0x1EE7, 0x1EE8, 0x1EE9, 0x1EEA, 0x1EEB, 0x1EEC, 0x1EED,
    0x1EEE, 0x1EEF, 0x1EF0, 0x1EF1, 0x1EF2, 0x1EF3, 0x1EF4, 0x1EF5, 0x1EF6, 0x1EF7, 0x1EF8, 0x1EF9,
    0x2018, 0x2019, 0x201C, 0x201D, 0x2022, 0x2206, 0x221E, 0x222B, 0xFB01, 0xFB02,
};

static const uint8_t lexenddeca_16_regularKernLeftClassIds[] = {
      1,   2,   3,   4,   5,   6,   7,   8,   9,  10,  11,  12,  13,  14,  15,  16,
     17,  18,  19,  20,  21,  22,  23,  24,  25,  26,  27,  28,  29,  30,  31,  24,
     32,  33,  34,  35,  36,  37,  38,  39,  40,  41,  42,  43,  44,  45,  46,  47,
     48,  49,  50,  51,  52,  53,  54,  55,  56,  57,  53,  53,  47,  47,  58,  59,
     60,  61,  62,  63,  64,  65,  66,  67,  68,  69,  70,  71,  72,  73,  21,  21,
     21,  21,  21,  21,  25,  25,  25,  25,  25,  24,  24,  24,  24,  24,  24,  24,
     37,  37,  37,  37,  41,  74,  75,  46,  46,  46,  46,  46,  46,  48,  50,  50,
     50,  50,  54,  54,  54,  54,  76,  53,  47,  47,  47,  47,  47,  47,  62,  62,
     62,  62,  66,  47,  66,  21,  46,  21,  46,  21,  46,  48,  48,  48,  48,  24,
     77,  24,  49,  25,  50,  25,  50,  25,  50,  25,  50,  25,  50,  27,  78,  27,
     78,  27,  78,  27,  78,  53,  53,  54,  54,  54,  54,  54,  29,  55,  29,  55,
     30,  56,  56,  31,  57,  31,  57,  31,  77,  31,  57,  31,  57,  53,  53,  53,
     53,  53,  24,  47,  24,  47,  24,  47,  25,  50,  79,  59,  79,  59,  79,  59,
     35,  60,  35,  60,  35,  60,  35,  60,  36,  61,  36,  61,  36,  61,  37,  62,
     37,  62,  37,  62,  37,  62,  37,  62,  37,  62,  39,  64,  41,  66,  41,  42,
     67,  42,  67,  42,  67,  24,  47,  37,  62,  42,  67,  67,  29,  55,  57,  29,
     55,  55,  21,  46,  54,  24,  47,  37,  62,  27,  78,  24,  47,  42,  67,  21,
     46,  25,  24,  47,  21,  46,  21,  46,  25,  50,  25,  50,  54,  54,  24,  47,
     24,  47,  79,  59,  79,  59,  37,  62,  37,  62,  35,  60,  36,  61,  80,  81,
     82,  83,  81,  84,  85,  86,  82,  87,  87,  87,  88,  88,  87,  87,  89,  88,
     21,  46,  21,  46,  21,  46,  21,  46,  21,  46,  21,  46,  21,  46,  21,  46,
     21,  46,  21,  46,  21,  46,  21,  46,  25,  50,  25,  50,  25,  50,  25,  50,
     25,  50,  25,  50,  25,  50,  25,  50,  54,  54,  24,  47,  24,  47,  24,  47,
     24,  47,  24,  47,  24,  47,  24,  47,  24,  47,  24,  47,  24,  47,  24,  47,
     24,  47,  37,  62,  37,  62,  37,  62,  37,  62,  37,  62,  37,  62,  37,  62,
     41,  66,  41,  66,  41,  66,  41,  66,  90,  91,  92,  93,  94,  95,  96,  97,
     54,  57,
};

static const uint16_t lexenddeca_16_regularKernRightCodepoints[] = {
    0x0021, 0x0026, 0x0029, 0x002A, 0x002C, 0x002D, 0x002E, 0x002F, 0x0030, 0x0031, 0x0032, 0x0034,
    0x0036, 0x0037, 0x0038, 0x0039, 0x003C, 0x003F, 0x0040, 0x0041, 0x0042, 0x0043, 0x0044, 0x0045,
    0x0046, 0x0047, 0x0048, 0x0049, 0x004A, 0x004B, 0x004C, 0x004D, 0x004E, 0x004F, 0x0050, 0x0051,
    0x0052, 0x0053, 0x0054, 0x0055, 0x0056, 0x0057, 0x0058, 0x0059, 0x005A, 0x005B, 0x005C, 0x005D,
    0x005F, 0x0061, 0x0062, 0x0063, 0x0064, 0x0065, 0x0066, 0x0067, 0x0068, 0x006A, 0x006B, 0x006C,
    0x006D, 0x006E, 0x006F, 0x0070, 0x0071, 0x0072, 0x0073, 0x0074, 0x0075, 0x0076, 0x0077, 0x0078,
    0x0079, 0x007A, 0x007B, 0x007D, 0x00A1, 0x00B7, 0x00BF, 0x00C0, 0x00C1, 0x00C2, 0x00C3, 0x00C4,
    0x00C5, 0x00C6, 0x00C7, 0x00C8, 0x00C9, 0x00CA, 0x00CB, 0x00D0, 0x00D1, 0x00D2, 0x00D3, 0x00D4,
    0x00D5, 0x00D6, 0x00D8, 0x00D9, 0x00DA, 0x00DB, 0x00DC, 0x00DD, 0x00DE, 0x00DF, 0x00E0, 0x00E1,
    0x00E2, 0x00E3, 0x00E4, 0x00E5, 0x00E7, 0x00E8, 0x00E9, 0x00EA, 0x00EB, 0x00F0, 0x00F1, 0x00F2,
    0x00F3, 0x00F4, 0x00F5, 0x00F6, 0x00F8, 0x00F9, 0x00FA, 0x00FB, 0x00FC, 0x00FD, 0x00FE, 0x00FF,
    0x0100, 0x0101, 0x0102, 0x0103, 0x0104, 0x0105, 0x0106, 0x0107, 0x0108, 0x0109, 0x010A, 0x010B,
    0x010C, 0x010D, 0x010E, 0x010F, 0x0110, 0x0111, 0x0112, 0x0113, 0x0114, 0x0115, 0x0116, 0x0117,
    0x0118, 0x0119, 0x011A, 0x011B, 0x011C, 0x011D, 0x011E, 0x011F, 0x0120, 0x0121, 0x0122, 0x0123,
    0x0124, 0x0125, 0x0127, 0x0134, 0x0135, 0x0136, 0x0137, 0x0138, 0x0139, 0x013A, 0x013B, 0x013C,
    0x013D, 0x013E, 0x013F, 0x0140, 0x0141, 0x0142, 0x0143, 0x0144, 0x0145, 0x0146, 0x0147, 0x0148,
    0x014A, 0x014B, 0x014C, 0x014D, 0x014E, 0x014F, 0x0150, 0x0151, 0x0152, 0x0153, 0x0154, 0x0155,
    0x0156, 0x0157, 0x0158, 0x0159, 0x015A, 0x015B, 0x015C, 0x015D, 0x015E, 0x015F, 0x0160, 0x0161,
    0x0162, 0x0163, 0x0164, 0x0165, 0x0166, 0x0167, 0x0168, 0x0169, 0x016A, 0x016B, 0x016C, 0x016D,
    0x016E, 0x016F, 0x0170, 0x0171, 0x0172, 0x0173, 0x0174, 0x0175, 0x0176, 0x0177, 0x0178, 0x0179,
    0x017A, 0x017B, 0x017C, 0x017D, 0x017E, 0x01A0, 0x01A1, 0x01AF, 0x01B0, 0x01C4, 0x01C5, 0x01C6,
    0x01C7, 0x01C8, 0x01C9, 0x01CA, 0x01CB, 0x01CC, 0x01CD, 0x01CE, 0x01D1, 0x01D2, 0x01D3, 0x01D4,
    0x01E6, 0x01E7, 0x01EA, 0x01EB, 0x01F1, 0x01F2, 0x01FA, 0x01FB, 0x01FC, 0x01FE, 0x01FF, 0x0200,
    0x0201, 0x0202, 0x0203, 0x0204, 0x0205, 0x0206, 0x0207, 0x020C, 0x020D, 0x020E, 0x020F, 0x0210,
    0x0211, 0x0212, 0x0213, 0x0214, 0x0215, 0x0216, 0x0217, 0x0218, 0x0219, 0x021A, 0x021B, 0x0410,
    0x0414, 0x041B, 0x041E, 0x0421, 0x0422, 0x0425, 0x0430, 0x0431, 0x0432, 0x0434, 0x0435, 0x0437,
    0x043A, 0x043D, 0x043E, 0x0440, 0x0442, 0x0446, 0x044C, 0x044E, 0x1EA0, 0x1EA1, 0x1EA2, 0x1EA3,
    0x1EA4, 0x1EA5, 0x1EA6, 0x1EA7, 0x1EA8, 0x1EA9, 0x1EAA, 0x1EAB, 0x1EAC, 0x1EAD, 0x1EAE, 0x1EAF,
    0x1EB0, 0x1EB1, 0x1EB2, 0x1EB3, 0x1EB4, 0x1EB5, 0x1EB6, 0x1EB7, 0x1EB8, 0x1EB9, 0x1EBA, 0x1EBB,
    0x1EBC, 0x1EBD, 0x1EBE, 0x1EBF, 0x1EC0, 0x1EC1, 0x1EC2, 0x1EC3, 0x1EC4, 0x1EC5, 0x1EC6, 0x1EC7,
    0x1ECC, 0x1ECD, 0x1ECE, 0x1ECF, 0x1ED0, 0x1ED1, 0x1ED2, 0x1ED3, 0x1ED4, 0x1ED5, 0x1ED6, 0x1ED7,
    0x1ED8, 0x1ED9, 0x1EDA, 0x1EDB, 0x1EDC, 0x1EDD, 0x1EDE, 0x1EDF, 0x1EE0, 0x1EE1, 0x1EE2, 0x1EE3,
    0x1EE4, 0x1EE5, 0x1EE6, 0x1EE7, 0x1EE8, 0x1EE9, 0x1EEA, 0x1EEB, 0x1EEC, 0x1EED, 0x1EEE, 0x1EEF,
    0x1EF0, 0x1EF1, 0x1EF2, 0x1EF3, 0x1EF4, 0x1EF5, 0x1EF6, 0x1EF7, 0x1EF8, 0x1EF9, 0x2013, 0x2014,
    0x2018, 0x2019, 0x201C, 0x201D, 0x2022, 0x2206, 0x222B, 0xFB01, 0xFB02,
};

static const uint8_t lexenddeca_16_regularKernRightClassIds[] = {
      1,   2,   3,   4,   5,   6,   7,   8,   9,  10,  11,  12,  13,  14,  15,  16,
     17,  18,  19,  20,  21,  22,  21,  21,  21,  22,  21,  23,  24,  21,  21,  21,
     21,  22,  21,  22,  21,  25,  26,  27,  28,  29,  30,  31,  32,  33,  34,  35,
     36,  37,  38,  37,  37,  37,  39,  40,  38,  41,  38,  38,  42,  42,  37,  43,
     37,  42,  44,  45,  46,  47,  48,  49,  50,  51,  33,  52,  53,  54,  55,  56,
     56,  56,  56,  56,  56,  57,  22,  21,  21,  21,  21,  21,  21,  22,  22,  22,
     22,  22,  22,  27,  27,  27,  27,  58,  21,  59,  37,  37,  37,  37,  37,  37,
     37,  37,  37,  37,  37,  60,  42,  37,  37,  37,  37,  37,  37,  46,  46,  46,
     46,  50,  61,  50,  56,  37,  56,  37,  56,  37,  22,  37,  22,  37,  22,  37,
     22,  37,  21,  37,  21,  37,  21,  37,  21,  37,  21,  37,  21,  37,  21,  37,
     22,  40,  22,  40,  22,  40,  22,  40,  21,  38,  38,  24,  41,  21,  38,  38,
     21,  38,  21,  38,  21,  38,  21,  38,  21,  38,  21,  42,  21,  42,  21,  42,
     21,  42,  22,  37,  22,  37,  22,  37,  22,  37,  21,  42,  21,  42,  21,  42,
     25,  44,  25,  44,  25,  44,  25,  44,  62,  45,  62,  45,  62,  45,  27,  46,
     27,  46,  27,  46,  27,  46,  27,  46,  27,  46,  63,  48,  58,  50,  58,  32,
     51,  32,  51,  32,  51,  22,  37,  27,  46,  21,  21,  37,  21,  21,  38,  21,
     21,  42,  56,  37,  22,  37,  27,  46,  22,  40,  22,  37,  21,  21,  56,  37,
     57,  22,  37,  56,  37,  56,  37,  21,  37,  21,  37,  22,  37,  22,  37,  21,
     42,  21,  42,  27,  46,  27,  46,  25,  44,  62,  45,  64,  64,  64,  65,  65,
     66,  67,  68,  69,  70,  71,  72,  70,  70,  70,  72,  73,  70,  70,  70,  70,
     56,  37,  56,  37,  56,  37,  56,  37,  56,  37,  56,  37,  56,  37,  56,  37,
     56,  37,  56,  37,  56,  37,  56,  37,  21,  37,  21,  37,  21,  37,  21,  37,
     21,  37,  21,  37,  21,  37,  21,  37,  22,  37,  22,  37,  22,  37,  22,  37,
     22,  37,  22,  37,  22,  37,  22,  37,  22,  37,  22,  37,  22,  37,  22,  37,
     27,  46,  27,  46,  27,  46,  27,  46,  27,  46,  27,  46,  27,  46,  58,  50,
     58,  50,  58,  50,  58,  50,  74,  75,  76,  77,  78,  79,  80,  81,  82,  39,
     39,
};

static const uint16_t lexenddeca_16_regularKernRowOffsets[] = {
        0,    12,    20,    24,    36,    48,    65,    67,    68,    70,    72,    75,    77,    78,    88,    89,
       91,    92,    95,    99,   101,   129,   145,   148,   168,   175,   196,   208,   209,   236,   258,   283,
      308,   329,   346,   349,   380,   388,   418,   438,   451,   478,   483,   496,   510,   514,   530,   550,
      562,   563,   577,   602,   613,   620,   622,   626,   638,   655,   664,   684,   692,   699,   707,   732,
      752,   768,   785,   792,   808,   821,   822,   825,   828,   831,   864,   887,   911,   914,   925,   941,
      943,   949,   951,   955,   962,   963,   964,   965,   966,   967,   972,   979,   984,   990,   991,   994,
      995,   996,
};

static const uint8_t lexenddeca_16_regularKernSparseCols[] = {
      2,  25,  27,  28,  30,  46,  47,  49,  57,  59,  61,  62,  21,  23,  36,  39,
     40,  42,  59,  60,  19,  46,  55,  59,  11,  21,  25,  27,  28,  30,  46,  47,
     49,  57,  61,  62,  11,  21,  25,  27,  28,  30,  46,  47,  49,  57,  61,  62,
      7,   8,   9,  10,  11,  12,  19,  21,  23,  36,  39,  43,  46,  48,  55,  58,
     59,   7,  80,  16,  11,  51,   7,  80,  10,  13,  81,   7,  80,  80,   4,   6,
      7,   9,  10,  11,  12,  14,  16,  80,  80,   7,  80,   9,   9,  10,  13,  19,
     23,  55,  59,  27,  48,   3,   5,  21,  25,  26,  27,  28,  30,  33,  36,  38,
     39,  44,  45,  46,  47,  49,  57,  58,  59,  61,  62,  73,  74,  75,  76,  77,
     78,   2,   7,  25,  27,  28,  29,  30,  36,  37,  39,  48,  57,  59,  60,  61,
     62,   2,  76,  78,   2,   6,   7,  19,  22,  23,  25,  27,  28,  29,  30,  31,
     33,  48,  50,  51,  55,  57,  61,  62,  23,  36,  39,  45,  46,  49,  59,   4,
      6,  19,  21,  23,  24,  25,  29,  36,  39,  41,  42,  43,  45,  46,  48,  50,
     55,  56,  59,  61,   7,  19,  22,  25,  27,  28,  30,  33,  55,  57,  61,  62,
     21,   2,   4,   6,   7,  19,  21,  23,  34,  36,  38,  39,  41,  42,  43,  45,
     46,  47,  49,  50,  51,  55,  58,  59,  75,  76,  77,  78,   5,  21,  23,  24,
     26,  27,  28,  30,  36,  41,  42,  43,  44,  45,  46,  47,  49,  57,  59,  62,
     73,  74,   3,   5,  21,  25,  26,  27,  28,  30,  33,  36,  44,  46,  47,  49,
     50,  57,  59,  61,  62,  73,  74,  75,  76,  77,  78,   4,   6,   7,  19,  23,
     28,  29,  31,  33,  36,  38,  39,  44,  45,  46,  47,  49,  55,  58,  59,  62,
     75,  76,  77,  78,   2,   6,   7,  19,  22,  23,  25,  27,  28,  29,  30,  31,
     33,  35,  48,  50,  51,  55,  57,  61,  62,   5,  21,  23,  25,  26,  27,  28,
     30,  33,  36,  45,  57,  59,  61,  62,  73,  74,  29,  30,  57,   1,   4,   5,
      6,   7,  19,  21,  23,  25,  27,  28,  30,  36,  39,  41,  42,  43,  45,  46,
     47,  48,  49,  50,  55,  56,  57,  59,  61,  62,  73,  74,  19,  23,  24,  29,
     30,  48,  55,  57,   1,   4,   6,   7,  17,  18,  19,  21,  23,  24,  25,  32,
     35,  36,  39,  41,  42,  43,  45,  50,  51,  52,  53,  54,  55,  56,  59,  61,
     74,  79,   1,   4,   6,   7,  19,  21,  23,  24,  25,  32,  36,  39,  41,  42,
     45,  51,  55,  59,  61,  74,  21,  24,  26,  32,  36,  39,  45,  46,  47,  49,
     51,  59,  74,   1,   4,   6,   7,  19,  21,  23,  24,  25,  26,  32,  36,  39,
     41,  42,  43,  45,  46,  47,  48,  49,  50,  51,  55,  59,  61,  74,  21,  36,
     45,  46,  59,   9,  10,  19,  23,  25,  27,  28,  29,  30,  46,  47,  48,  49,
     21,  25,  27,  28,  30,  33,  40,  46,  48,  57,  58,  59,  61,  62,  27,  46,
     59,  60,  19,  21,  25,  26,  27,  28,  30,  33,  45,  46,  47,  49,  55,  57,
     61,  62,   2,   7,  25,  27,  28,  29,  30,  31,  33,  38,  46,  47,  48,  49,
     50,  51,  57,  58,  61,  62,  25,  27,  28,  29,  30,  42,  49,  57,  61,  62,
     76,  78,  45,  25,  27,  28,  29,  30,  33,  39,  46,  47,  48,  49,  57,  61,
     62,   2,   3,   7,  19,  25,  27,  28,  29,  30,  31,  34,  36,  44,  46,  47,
     50,  55,  57,  59,  61,  62,  75,  76,  77,  78,   4,  19,  21,  24,  30,  33,
     40,  43,  45,  55,  57,  25,  27,  30,  33,  49,  57,  61,  25,  61,  25,  26,
     40,  61,  21,  30,  33,  36,  37,  39,  40,  43,  45,  57,  59,  60,  21,  25,
     27,  28,  30,  36,  39,  40,  44,  45,  46,  47,  49,  57,  59,  61,  62,   2,
     25,  27,  30,  33,  35,  40,  57,  61,   3,   4,   6,   7,  19,  25,  29,  32,
     36,  39,  40,  44,  46,  47,  51,  55,  59,  61,  76,  78,  21,  25,  27,  29,
     30,  48,  57,  61,   4,  36,  38,  39,  43,  58,  59,  25,  27,  28,  30,  39,
     57,  61,  62,   1,   3,   4,   6,   7,  17,  19,  25,  29,  30,  31,  32,  33,
     35,  36,  39,  43,  44,  46,  51,  54,  55,  57,  59,  61,   1,   4,   6,   7,
     19,  25,  29,  30,  31,  32,  36,  39,  43,  44,  46,  51,  55,  57,  59,  61,
      1,   7,  21,  25,  26,  30,  32,  33,  36,  43,  45,  51,  53,  57,  59,  61,
      1,   6,   7,  19,  25,  29,  30,  31,  32,  36,  39,  43,  51,  55,  57,  59,
     61,  25,  30,  33,  36,  57,  59,  61,   9,  10,  19,  21,  23,  25,  27,  28,
     29,  30,  36,  46,  47,  48,  49,  59,   9,  10,  19,  23,  25,  27,  28,  29,
     30,  46,  47,  48,  49,  27,   8,   9,  11,  27,  48,  59,  27,  46,  59,   0,
      3,   4,   6,   7,  19,  23,  28,  29,  31,  33,  35,  36,  38,  39,  44,  45,
     46,  47,  48,  49,  52,  53,  54,  55,  58,  59,  62,  75,  76,  77,  78,  79,
      2,   3,   7,  25,  27,  28,  29,  30,  31,  33,  35,  38,  46,  47,  48,  49,
     50,  51,  53,  57,  58,  61,  62,   2,   3,   6,   7,  19,  22,  23,  25,  27,
     28,  29,  30,  31,  33,  35,  48,  50,  51,  53,  54,  55,  57,  61,  62,  20,
     37,  60,   4,  19,  21,  24,  30,  33,  40,  43,  45,  55,  57,   5,  21,  23,
     25,  26,  27,  28,  30,  33,  36,  45,  57,  59,  61,  62,  74,  64,  65,  63,
     67,  69,  70,  71,  72,  63,  66,  63,  67,  70,  71,  63,  64,  67,  69,  70,
     71,  72,  64,  65,  68,  70,  71,  19,  23,  39,  43,  55,  19,  23,  36,  39,
     41,  55,  59,  19,  23,  39,  43,  55,  19,  23,  36,  39,  55,  59,  27,   8,
     14,  15,   9,  11,
};

static const int8_t lexenddeca_16_regularKernSparseValues[] = {
      -8,  -29,  -32,  -21,  -27,  -16,  -16,  -16,  -27,   -5,  -29,  -21,  -16,  -21,  -13,  -13,
      16,   16,  -13,    8,  -40,    3,  -40,  -13,  -13,  -11,  -53,  -64,  -43,  -64,  -43,  -21,
     -21,  -64,  -53,  -43,  -13,  -11,  -53,  -53,  -43,  -64,  -43,  -21,  -21,  -64,  -53,  -43,
     -49,  -27,  -16,  -16,  -32,  -27,  -53,  -21,  -27,  -27,  -27,  -16,   -1,   -3,  -53,   -6,
     -17,  -27,  -27,  -21,  -11,    5,  -13,  -16,  -11,  -11,  -32,  -21,  -11,  -11,  -53,  -43,
     -64,   -8,  -11,  -13,  -11,  -11,  -27,  -48,  -16,  -27,  -21,  -11,  -32,  -16,  -27,  -21,
     -40,  -21,   -8,   -3,   -2,  -40,  -27,  -11,  -27,  -11,  -40,  -21,  -43,  -53,  -11,  -11,
      -5,   -3,   -5,  -27,  -24,  -13,  -43,  -11,  -11,  -27,  -21,  -27,  -27,  -69,  -72,  -37,
     -40,  -11,  -21,   -8,   -4,   -3,   -6,  -12,   -1,   -2,   -3,   -2,  -12,   -1,   -2,   -8,
      -3,   11,   21,   21,  -16,  -11,  -21,  -11,   -8,   -8,  -16,  -16,   -3,  -19,  -19,  -24,
     -27,   -5,   -1,  -13,  -11,  -19,  -16,   -3,   -5,   -3,   -5,   -5,   -8,   -5,   -3,  -43,
     -43,  -32,   -5,  -64,   -3,    8,   -3,   -8,   -5,   -5,   -5,   -5,   -8,   -3,   -8,   -3,
     -32,  -64,   -8,    8,  -21,   -5,   -5,  -13,   -8,   -5,  -13,  -27,   -5,  -13,  -13,   -5,
      -8,   21,  -37,  -27,  -27,  -40,  -16,  -27,   16,  -27,  -27,  -27,  -21,  -21,  -21,  -27,
     -21,  -11,  -21,  -11,   21,  -40,  -27,  -27,   32,   43,   32,   43,  -48,  -24,  -16,   -5,
      -8,   -3,   -3,   11,  -24,   -4,   -4,   -2,   -2,   -6,  -21,  -21,  -21,   11,  -24,   -3,
     -48,  -48,  -40,  -32,  -11,  -45,  -11,  -40,  -40,  -64,  -53,  -11,   -3,  -13,   -3,  -21,
      11,  -64,  -11,  -45,  -40,  -32,  -32,  -64,  -53,  -64,  -53,  -69,  -53,  -43,  -35,  -40,
       4,   -8,   -8,  -27,   -5,    4,   -5,    8,   -3,    5,    8,    5,  -35,    4,   -5,    4,
      16,   27,   16,   27,  -16,  -11,  -21,  -11,   -8,   -8,  -16,  -16,   -3,  -19,  -19,  -24,
     -27,   -5,   -5,   -1,  -13,  -11,  -19,  -16,   -3,  -32,   -5,  -16,  -11,   -3,  -16,   -1,
     -27,  -21,  -11,   -5,  -27,  -11,  -11,   -1,  -32,  -32,   -8,   -8,   -8,  -29,  -53,  -53,
     -53,  -32,  -27,  -16,  -43,   16,    5,    5,    5,  -53,  -24,  -32,  -11,  -53,  -53,   -5,
     -37,   -8,  -27,  -37,  -27,  -59,    5,  -53,   16,    5,  -53,  -53,  -11,   -5,   -5,   -5,
      -5,   -3,  -11,   -5,  -27,  -64,  -53,  -43,    4,   -3,  -40,  -16,  -53,   -5,    5,  -53,
     -15,  -32,  -11,  -11,   -7,   -8,  -13,   -3,  -53,   -3,   -6,  -11,  -40,  -64,  -32,    5,
     -53,   -4,  -16,  -43,  -43,  -43,  -21,   -3,  -43,   -5,    5,  -37,  -13,  -11,   -2,   -2,
      -5,  -37,  -21,  -13,    5,  -37,  -19,   -8,   -5,  -43,  -13,   -1,   -5,  -14,   -9,  -13,
     -43,  -13,  -43,  -27,  -64,  -64,  -64,  -43,  -19,  -64,  -13,    5,   -5,  -53,  -43,  -43,
     -12,  -11,  -19,  -11,   -5,   -5,  -11,   -5,   -5,  -53,  -43,  -43,    5,  -64,   -3,   -3,
      -3,   -3,   -3,  -21,  -27,  -27,  -59,  -53,  -53,  -37,  -43,  -64,  -11,  -11,  -21,  -11,
     -27,  -32,  -21,  -21,  -43,  -49,   32,   -4,   -1,  -43,   -3,  -12,  -32,  -21,  -15,  -11,
     -18,    4,   11,  -11,  -35,   -5,  -15,   -5,  -28,  -16,   -5,   -6,   -3,   -6,   11,  -28,
     -35,   -5,  -13,  -27,  -26,  -12,   -8,   -9,  -21,   -5,  -27,  -11,   -8,  -11,  -11,  -11,
      -5,  -13,  -21,  -11,  -26,   -8,  -16,   -8,   -5,   -3,  -19,    3,   -8,  -19,  -16,   -5,
      16,   16,    9,  -24,  -11,   -5,   -5,  -19,  -21,   -3,   -5,   -5,   -2,   -5,  -19,  -24,
      -5,   16,   16,  -11,  -11,   32,   29,   27,   27,   27,   27,   21,  -11,    2,    5,    1,
       2,  -11,   27,  -11,   32,   27,   16,   21,   16,   21,   -3,   -8,   -5,   -3,   -8,  -16,
       5,   -5,   -4,   -8,   -8,  -16,  -16,  -13,  -21,   -3,  -13,  -16,  -16,  -16,  -16,   -5,
       3,  -16,   -5,  -11,  -21,  -12,   -3,  -11,   -3,   -3,   -3,  -11,  -12,   -3,  -11,  -13,
     -16,  -11,  -16,   -5,   -5,   -7,   -2,   -3,  -13,   -8,   -8,  -16,   -5,  -13,  -11,   16,
     -11,   -9,   -8,   -3,    1,   11,   -8,  -11,   11,  -37,  -61,  -11,  -16,   -5,   -8,  -16,
     -12,   -8,   -5,   11,   27,   27,  -16,  -16,  -12,   -5,   27,   27,   -3,  -24,   -3,   -3,
     -11,   -3,  -11,  -24,  -11,   -3,  -13,   -3,   11,  -13,   -3,  -16,   -5,   -5,   -8,   -5,
      -8,  -16,   -5,  -16,    3,  -21,  -21,  -11,    2,  -13,   -5,  -14,   -5,  -11,  -11,   -1,
     -11,   -8,   -5,   -3,   27,   27,  -11,   -6,  -13,   -5,  -10,   -5,  -16,  -21,  -21,  -11,
      -3,   -5,   -9,   -5,   -3,  -11,   -8,   -8,   -3,   27,   21,  -11,   -3,   -5,   -8,   -5,
      -2,   -1,   -5,   -8,   -3,  -11,  -21,   -3,  -16,   -3,   -3,  -21,   -3,  -11,  -18,   -8,
     -16,  -21,  -11,  -13,   -5,  -11,   -5,   -5,  -11,   -5,   -8,   -5,  -11,  -13,   -5,   -5,
      -5,   -5,   -5,  -21,   -5,   -5,   -5,   -5,  -21,  -27,  -27,  -13,  -53,  -53,  -53,  -37,
     -43,  -64,  -13,  -11,  -11,  -21,  -11,  -13,  -21,  -27,  -27,  -27,  -53,  -53,  -37,  -43,
     -64,  -11,  -11,  -21,  -11,   -3,  -21,  -16,  -16,   -6,   -3,    5,   -9,   -5,  -16,    5,
      -3,  -69,  -53,  -21,  -35,  -40,    4,   -8,   -8,  -11,  -29,   -5,    4,   -5,    8,   -3,
       7,    8,   -2,    5,   11,   13,  -11,  -35,    4,   -5,    4,   16,   27,   16,   27,    2,
     -13,  -11,   -6,  -26,  -12,   -8,   -9,  -21,   -5,   -3,  -18,  -11,  -10,  -11,  -12,  -11,
      -5,  -13,    5,  -21,  -11,  -26,   -8,  -16,   -8,  -11,  -15,  -11,   -8,   -8,  -16,  -16,
      -3,  -19,  -19,  -24,  -27,  -29,   -7,   -1,  -13,    5,  -11,  -11,  -19,  -16,   -3,   32,
      48,   48,   -1,   -8,   -5,   -3,   -8,  -16,    5,   -5,   -4,   -8,   -8,  -32,   -5,  -16,
     -11,   -3,  -16,   -1,  -27,  -21,  -11,   -5,  -27,  -11,  -11,   -1,  -32,  -13,  -42,  -36,
     -13,   -3,  -39,  -18,   -5,   -8,  -10,  -29,   -5,  -42,   -5,  -49,  -10,  -31,  -13,  -63,
     -31,  -16,  -13,  -16,   -3,  -13,  -13,  -72, -128,  -21,  -21,  -72,  -32,  -64,  -21,  -27,
     -16,  -32,  -21,  -40,  -64,  -21,  -21,  -40,  -40,  -53,  -21,  -27,  -40,  -21,   -4,  -27,
     -16,  -21,  -21,  -43,
};

static const EpdLigaturePair lexenddeca_16_regularLigaturePairs[] = {
    { 0x00660069, 0xFB01 }, // f i -> U+FB01
    { 0x0066006C, 0xFB02 }, // f l -> U+FB02
};

static constexpr EpdFontData lexenddeca_16_regular = {
    lexenddeca_16_regularBitmaps,
    lexenddeca_16_regularGlyphs,
    lexenddeca_16_regularIntervals,
    92,
    42,
    34,
    -9,
    true,
    lexenddeca_16_regularGroups,
    15,
    nullptr,
    nullptr,  // kernLeftClasses: built-in fonts use split arrays
    nullptr,  // kernRightClasses
    lexenddeca_16_regularKernLeftCodepoints,
    lexenddeca_16_regularKernLeftClassIds,
    lexenddeca_16_regularKernRightCodepoints,
    lexenddeca_16_regularKernRightClassIds,
    nullptr,  // kernMatrix: built-in fonts use sparse rows
    lexenddeca_16_regularKernRowOffsets,
    lexenddeca_16_regularKernSparseCols,
    lexenddeca_16_regularKernSparseValues,
    418,
    417,
    97,
    82,
    lexenddeca_16_regularLigaturePairs,
    2,
};
